  [menu-backtrack] active=1 max_evals=8 warmup_accepts=3 confirm_stop=original armijo=1e-4
MIXED_STORAGE fragments=fp32 arithmetic=fp64 state=fp64 acceptance=fp64
  [compact-fragments] active=2 saved_bytes=36105992 storage=fp32 camera_reads=contiguous
  MFCG score_init=11152062.77276247 precision=fp64
PCG_PREP o=0 rebuild=1 drift=0 previous_depth=0
ATTR_RADIUS o=0 raw_norm=3225.3525896296687 norm=3225.3525896296687 radius=3225.3525896296687 next_radius=6450.7051792593375 lambda=0.10000000000000001 next_lambda=0.025000000000000001 rho=0.99997438839510666 accept=1
CLASSICAL_LM o=0 lambda=0.10000000000000001 tau=0.10000000000000001 prediction=8877594.9877400398 rho=0.99997438839510666 accept=1
  MFCG it   1 cost=2.274695e+06 lam=2.500e-02 tau=0.00e+00 cg_it=0 shift=0 ckpt=1 alpha=0 acc mv=2
PCG_PREP o=1 rebuild=1 drift=0 previous_depth=1
ATTR_RADIUS o=1 raw_norm=2725.14404980785 norm=2725.14404980785 radius=6450.7051792593375 next_radius=6450.7051792593375 lambda=0.025000000000000001 next_lambda=0.0025000000000000005 rho=0.99701845569054715 accept=1
CLASSICAL_LM o=1 lambda=0.025000000000000001 tau=0.025000000000000001 prediction=770789.73816058482 rho=0.99701845569054715 accept=1
  MFCG it   2 cost=1.506204e+06 lam=2.500e-03 tau=0.00e+00 cg_it=4 shift=0 ckpt=5 alpha=0 acc mv=8
PCG_PREP o=2 rebuild=1 drift=0 previous_depth=5
ATTR_RADIUS o=2 raw_norm=9578.8535291653061 norm=6450.7051792593356 radius=6450.7051792593375 next_radius=12901.410358518675 lambda=0.0025000000000000005 next_lambda=0.00062500000000000012 rho=0.99788045990932861 accept=1
CLASSICAL_LM o=2 lambda=0.0025000000000000005 tau=0.0025000000000000005 prediction=379875.54087330314 rho=0.99788045990932861 accept=1
  MFCG it   3 cost=1.127133e+06 lam=6.250e-04 tau=0.00e+00 cg_it=6 shift=0 ckpt=7 alpha=0 acc mv=16
PCG_PREP o=3 rebuild=1 drift=0 previous_depth=7
ATTR_RADIUS o=3 raw_norm=20859.307736755778 norm=12901.410358518677 radius=12901.410358518675 next_radius=25802.82071703735 lambda=0.00062500000000000012 next_lambda=0.00015625000000000003 rho=1.0093969216306178 accept=1
CLASSICAL_LM o=3 lambda=0.00062500000000000012 tau=0.00062500000000000012 prediction=304236.92171974131 rho=1.0093969216306178 accept=1
  MFCG it   4 cost=8.200374e+05 lam=1.563e-04 tau=0.00e+00 cg_it=5 shift=0 ckpt=6 alpha=0 acc mv=23
PCG_PREP o=4 rebuild=1 drift=0 previous_depth=6
ATTR_RADIUS o=4 raw_norm=36747.144697868694 norm=25802.82071703735 radius=25802.82071703735 next_radius=51605.6414340747 lambda=0.00015625000000000003 next_lambda=3.9062500000000008e-05 rho=0.9843715382512318 accept=1
CLASSICAL_LM o=4 lambda=0.00015625000000000003 tau=0.00015625000000000003 prediction=327617.41562951659 rho=0.9843715382512318 accept=1
  MFCG it   5 cost=4.975401e+05 lam=3.906e-05 tau=0.00e+00 cg_it=8 shift=0 ckpt=9 alpha=0 acc mv=33
PCG_PREP o=5 rebuild=1 drift=0 previous_depth=9
POINT_SAFE o=5 frozen=1464 slope=-317535.16439882491 candidate=381890.57181798707 original=373473.48946835328 current=497540.10902831244 won=0 mode=1 camera_scale=1 keep_scale=0
ATTR_RADIUS o=5 raw_norm=37463.33990980134 norm=18731.66995490067 radius=51605.6414340747 next_radius=51605.6414340747 lambda=3.9062500000000008e-05 next_lambda=3.9062500000000009e-06 rho=0.96839028964494089 accept=1
CLASSICAL_LM o=5 lambda=3.9062500000000008e-05 tau=3.9062500000000008e-05 prediction=128116.3399577747 rho=0.96839028964494089 accept=1
  MFCG it   6 cost=3.734735e+05 lam=3.906e-06 tau=0.00e+00 cg_it=6 shift=0 ckpt=7 alpha=0 acc mv=41
PCG_PREP o=6 rebuild=1 drift=0 previous_depth=7
POINT_SAFE o=6 frozen=670 slope=-179589.07829714878 candidate=403764.26406396338 original=368581.36787989654 current=373473.48946835328 won=0 mode=1 camera_scale=1 keep_scale=0
ATTR_RADIUS o=6 raw_norm=50229.773534043197 norm=50229.773534043197 radius=51605.6414340747 next_radius=12901.410358518675 lambda=3.9062500000000009e-06 next_lambda=6.2500000000000015e-05 rho=0.067438145312308753 accept=0
CLASSICAL_LM o=6 lambda=3.9062500000000009e-06 tau=3.9062500000000009e-06 prediction=72542.350709692924 rho=0.067438145312308753 accept=0
  MFCG it   7  retry 1/8  lam=6.250e-05 tau_eff=3.906e-06  (assembly reused)
PCG_PREP o=6 rebuild=1 drift=0 previous_depth=6
ATTR_RADIUS o=6 raw_norm=19848.981187003679 norm=12901.410358518675 radius=12901.410358518675 next_radius=25802.82071703735 lambda=6.2500000000000015e-05 next_lambda=1.5625000000000004e-05 rho=0.88264653337717713 accept=1
CLASSICAL_LM o=6 lambda=6.2500000000000015e-05 tau=6.2500000000000015e-05 prediction=68725.645356544672 rho=0.88264653337717713 accept=1
  MFCG it   7 cost=3.128130e+05 lam=1.563e-05 tau=0.00e+00 cg_it=5 shift=0 ckpt=6 alpha=0 acc mv=55
PCG_PREP o=7 rebuild=1 drift=0 previous_depth=6
POINT_SAFE o=7 frozen=179 slope=-71080.71422936926 candidate=285659.0641010236 original=290316.66093556629 current=312813.03684028983 won=1 mode=1 camera_scale=1 keep_scale=0
ATTR_RADIUS o=7 raw_norm=22599.89999434154 norm=22599.899994341544 radius=25802.82071703735 next_radius=25802.82071703735 lambda=1.5625000000000004e-05 next_lambda=1.5625000000000004e-05 rho=0.69104668797455671 accept=1
CLASSICAL_LM o=7 lambda=1.5625000000000004e-05 tau=1.5625000000000004e-05 prediction=39293.977110076245 rho=0.69104668797455671 accept=1
  MFCG it   8 cost=2.856591e+05 lam=1.563e-05 tau=0.00e+00 cg_it=5 shift=0 ckpt=6 alpha=0 acc mv=62
PCG_PREP o=8 rebuild=1 drift=0 previous_depth=6
POINT_SAFE o=8 frozen=172 slope=-35253.074580239685 candidate=271070.69047101244 original=280479.45703653764 current=285659.0641010236 won=1 mode=1 camera_scale=1 keep_scale=0
ATTR_RADIUS o=8 raw_norm=7069.8994052016596 norm=7069.8994052016596 radius=25802.82071703735 next_radius=25802.82071703735 lambda=1.5625000000000004e-05 next_lambda=1.5625000000000005e-06 rho=0.81451492686438787 accept=1
CLASSICAL_LM o=8 lambda=1.5625000000000004e-05 tau=1.5625000000000004e-05 prediction=17910.504950684648 rho=0.81451492686438787 accept=1
  MFCG it   9 cost=2.710707e+05 lam=1.563e-06 tau=0.00e+00 cg_it=0 shift=0 ckpt=1 alpha=0 acc mv=64
PCG_PREP o=9 rebuild=1 drift=0 previous_depth=1
POINT_SAFE o=9 frozen=444 slope=-15079.050307653193 candidate=301858.58960605302 original=265559.8419140628 current=271070.69047101244 won=0 mode=1 camera_scale=1 keep_scale=0
ATTR_RADIUS o=9 raw_norm=35180.406513702532 norm=3225.3525896296692 radius=25802.82071703735 next_radius=25802.82071703735 lambda=1.5625000000000005e-06 next_lambda=1.5625000000000007e-07 rho=1.5016405772623025 accept=1
CLASSICAL_LM o=9 lambda=1.5625000000000005e-06 tau=1.5625000000000005e-06 prediction=3669.8852178040343 rho=1.5016405772623025 accept=1
  MFCG it  10 cost=2.655598e+05 lam=1.563e-07 tau=0.00e+00 cg_it=1 shift=0 ckpt=2 alpha=0 acc mv=67
PCG_PREP o=10 rebuild=1 drift=0 previous_depth=2
POINT_SAFE o=10 frozen=296 slope=-17400.133541714567 candidate=291982.35805187514 original=262360.05583499843 current=265559.8419140628 won=0 mode=1 camera_scale=1 keep_scale=0
ATTR_RADIUS o=10 raw_norm=43906.119008195019 norm=6450.7051792593365 radius=25802.82071703735 next_radius=25802.82071703735 lambda=1.5625000000000007e-07 next_lambda=1.5625000000000006e-08 rho=0.62243022766116018 accept=1
CLASSICAL_LM o=10 lambda=1.5625000000000007e-07 tau=1.5625000000000007e-07 prediction=5140.7948021545426 rho=0.62243022766116018 accept=1
  MFCG it  11 cost=2.623601e+05 lam=1.563e-08 tau=0.00e+00 cg_it=1 shift=0 ckpt=2 alpha=0 acc mv=70
PCG_PREP o=11 rebuild=1 drift=0 previous_depth=2
POINT_SAFE o=11 frozen=497 slope=-19031.923707249822 candidate=262959.468981535 original=258725.38253038024 current=262360.05583499843 won=0 mode=1 camera_scale=1 keep_scale=0
ATTR_RADIUS o=11 raw_norm=15182.050563774212 norm=7591.0252818871058 radius=25802.82071703735 next_radius=25802.82071703735 lambda=1.5625000000000006e-08 next_lambda=1.5625000000000008e-09 rho=0.50186650723481174 accept=1
CLASSICAL_LM o=11 lambda=1.5625000000000006e-08 tau=1.5625000000000006e-08 prediction=7242.3109576380066 rho=0.50186650723481174 accept=1
  MFCG it  12 cost=2.587254e+05 lam=1.563e-09 tau=0.00e+00 cg_it=0 shift=0 ckpt=1 alpha=0 acc mv=72
PCG_PREP o=12 rebuild=1 drift=0 previous_depth=1
POINT_SAFE o=12 frozen=126 slope=-14016.089894074001 candidate=262001.79556966692 original=257432.35634143429 current=258725.38253038024 won=0 mode=1 camera_scale=1 keep_scale=0
ATTR_RADIUS o=12 raw_norm=15538.046757839205 norm=7769.0233789196027 radius=25802.82071703735 next_radius=6450.7051792593375 lambda=1.5625000000000008e-09 next_lambda=2.5000000000000012e-08 rho=0.23595146532827499 accept=1
CLASSICAL_LM o=12 lambda=1.5625000000000008e-09 tau=1.5625000000000008e-09 prediction=5480.0515315596231 rho=0.23595146532827499 accept=1
  MFCG it  13 cost=2.574324e+05 lam=2.500e-08 tau=0.00e+00 cg_it=0 shift=0 ckpt=1 alpha=0 acc mv=74
PCG_PREP o=13 rebuild=1 drift=0 previous_depth=1
ATTR_RADIUS o=13 raw_norm=15523.980973867559 norm=6450.7051792593384 radius=6450.7051792593375 next_radius=6450.7051792593375 lambda=2.5000000000000012e-08 next_lambda=2.5000000000000012e-08 rho=0.47330297781835085 accept=1
CLASSICAL_LM o=13 lambda=2.5000000000000012e-08 tau=2.5000000000000012e-08 prediction=4870.3929092853477 rho=0.47330297781835085 accept=1
  MFCG it  14 cost=2.551272e+05 lam=2.500e-08 tau=0.00e+00 cg_it=0 shift=0 ckpt=1 alpha=0 acc mv=76
PCG_PREP o=14 rebuild=1 drift=0 previous_depth=1
ATTR_RADIUS o=14 raw_norm=16033.322852422902 norm=6450.7051792593365 radius=6450.7051792593375 next_radius=6450.7051792593375 lambda=2.5000000000000012e-08 next_lambda=2.5000000000000012e-08 rho=0.38318036502591363 accept=1
CLASSICAL_LM o=14 lambda=2.5000000000000012e-08 tau=2.5000000000000012e-08 prediction=3167.3482300787641 rho=0.38318036502591363 accept=1
  MFCG it  15 cost=2.539135e+05 lam=2.500e-08 tau=0.00e+00 cg_it=0 shift=0 ckpt=1 alpha=0 acc mv=78
PCG_PREP o=15 rebuild=1 drift=0 previous_depth=1
ATTR_RADIUS o=15 raw_norm=16480.965675363321 norm=6450.7051792593375 radius=6450.7051792593375 next_radius=6450.7051792593375 lambda=2.5000000000000012e-08 next_lambda=2.5000000000000012e-08 rho=0.28638892613678174 accept=1
CLASSICAL_LM o=15 lambda=2.5000000000000012e-08 tau=2.5000000000000012e-08 prediction=2476.7862326739696 rho=0.28638892613678174 accept=1
  MFCG it  16 cost=2.532042e+05 lam=2.500e-08 tau=0.00e+00 cg_it=0 shift=0 ckpt=1 alpha=0 acc mv=80
PCG_PREP o=16 rebuild=1 drift=0 previous_depth=1
ATTR_RADIUS o=16 raw_norm=16888.982858068441 norm=6450.7051792593356 radius=6450.7051792593375 next_radius=1612.6762948148344 lambda=2.5000000000000012e-08 next_lambda=4.0000000000000019e-07 rho=0.18895728729350966 accept=1
CLASSICAL_LM o=16 lambda=2.5000000000000012e-08 tau=2.5000000000000012e-08 prediction=2159.9814930038792 rho=0.18895728729350966 accept=1
  MFCG it  17 cost=2.527961e+05 lam=4.000e-07 tau=0.00e+00 cg_it=0 shift=0 ckpt=1 alpha=0 acc mv=82
PCG_PREP o=17 rebuild=1 drift=0 previous_depth=1
ATTR_RADIUS o=17 raw_norm=14617.434901784205 norm=1612.6762948148339 radius=1612.6762948148344 next_radius=3225.3525896296687 lambda=4.0000000000000019e-07 next_lambda=1.0000000000000005e-07 rho=0.79757072073886126 accept=1
CLASSICAL_LM o=17 lambda=4.0000000000000019e-07 tau=4.0000000000000019e-07 prediction=764.32660712420284 rho=0.79757072073886126 accept=1
  MFCG it  18 cost=2.521864e+05 lam=1.000e-07 tau=0.00e+00 cg_it=0 shift=0 ckpt=1 alpha=0 acc mv=84
PCG_PREP o=18 rebuild=1 drift=0 previous_depth=1
ATTR_RADIUS o=18 raw_norm=16964.739853498297 norm=3225.3525896296687 radius=3225.3525896296687 next_radius=3225.3525896296687 lambda=1.0000000000000005e-07 next_lambda=1.0000000000000005e-07 rho=0.49400604022867567 accept=1
CLASSICAL_LM o=18 lambda=1.0000000000000005e-07 tau=1.0000000000000005e-07 prediction=941.9525681786721 rho=0.49400604022867567 accept=1
  MFCG it  19 cost=2.517211e+05 lam=1.000e-07 tau=0.00e+00 cg_it=0 shift=0 ckpt=1 alpha=0 acc mv=86
PCG_PREP o=19 rebuild=1 drift=0 previous_depth=1
ATTR_RADIUS o=19 raw_norm=17469.360229620626 norm=3225.3525896296683 radius=3225.3525896296687 next_radius=3225.3525896296687 lambda=1.0000000000000005e-07 next_lambda=1.0000000000000005e-07 rho=0.46605275647319233 accept=1
CLASSICAL_LM o=19 lambda=1.0000000000000005e-07 tau=1.0000000000000005e-07 prediction=812.564964002377 rho=0.46605275647319233 accept=1
  MFCG it  20 cost=2.513424e+05 lam=1.000e-07 tau=0.00e+00 cg_it=0 shift=0 ckpt=1 alpha=0 acc mv=88
PCG_PREP o=20 rebuild=1 drift=0 previous_depth=1
ATTR_RADIUS o=20 raw_norm=17896.314414699347 norm=3225.3525896296696 radius=3225.3525896296687 next_radius=3225.3525896296687 lambda=1.0000000000000005e-07 next_lambda=1.0000000000000005e-07 rho=0.43515718392551261 accept=1
CLASSICAL_LM o=20 lambda=1.0000000000000005e-07 tau=1.0000000000000005e-07 prediction=711.49150721425315 rho=0.43515718392551261 accept=1
  MFCG it  21 cost=2.510328e+05 lam=1.000e-07 tau=0.00e+00 cg_it=0 shift=0 ckpt=1 alpha=0 acc mv=90
PCG_PREP o=21 rebuild=1 drift=0 previous_depth=1
ATTR_RADIUS o=21 raw_norm=18274.898761772853 norm=3225.352589629671 radius=3225.3525896296687 next_radius=3225.3525896296687 lambda=1.0000000000000005e-07 next_lambda=1.0000000000000005e-07 rho=0.40550575723638932 accept=1
CLASSICAL_LM o=21 lambda=1.0000000000000005e-07 tau=1.0000000000000005e-07 prediction=634.7966719507026 rho=0.40550575723638932 accept=1
  MFCG it  22 cost=2.507754e+05 lam=1.000e-07 tau=0.00e+00 cg_it=0 shift=0 ckpt=1 alpha=0 acc mv=92
PCG_PREP o=22 rebuild=1 drift=0 previous_depth=1
ATTR_RADIUS o=22 raw_norm=18608.29902965658 norm=3225.3525896296692 radius=3225.3525896296687 next_radius=3225.3525896296687 lambda=1.0000000000000005e-07 next_lambda=1.0000000000000005e-07 rho=0.37708674365098543 accept=1
CLASSICAL_LM o=22 lambda=1.0000000000000005e-07 tau=1.0000000000000005e-07 prediction=575.78080632591332 rho=0.37708674365098543 accept=1
  MFCG it  23 cost=2.505583e+05 lam=1.000e-07 tau=0.00e+00 cg_it=0 shift=0 ckpt=1 alpha=0 acc mv=94
PCG_PREP o=23 rebuild=1 drift=0 previous_depth=1
ATTR_RADIUS o=23 raw_norm=18900.149908455398 norm=3225.3525896296669 radius=3225.3525896296687 next_radius=3225.3525896296687 lambda=1.0000000000000005e-07 next_lambda=1.0000000000000005e-07 rho=0.34997933645347523 accept=1
CLASSICAL_LM o=23 lambda=1.0000000000000005e-07 tau=1.0000000000000005e-07 prediction=529.84437237369411 rho=0.34997933645347523 accept=1
  MFCG it  24 cost=2.503728e+05 lam=1.000e-07 tau=0.00e+00 cg_it=0 shift=0 ckpt=1 alpha=0 acc mv=96
PCG_PREP o=24 rebuild=1 drift=0 previous_depth=1
ATTR_RADIUS o=24 raw_norm=19155.621948230473 norm=3225.3525896296696 radius=3225.3525896296687 next_radius=3225.3525896296687 lambda=1.0000000000000005e-07 next_lambda=1.0000000000000005e-07 rho=0.32429203104462195 accept=1
CLASSICAL_LM o=24 lambda=1.0000000000000005e-07 tau=1.0000000000000005e-07 prediction=493.79720178839148 rho=0.32429203104462195 accept=1
  MFCG it  25 cost=2.502127e+05 lam=1.000e-07 tau=0.00e+00 cg_it=0 shift=0 ckpt=1 alpha=0 acc mv=98
PCG_PREP o=25 rebuild=1 drift=0 previous_depth=1
ATTR_RADIUS o=25 raw_norm=19378.690719626098 norm=3225.3525896296678 radius=3225.3525896296687 next_radius=3225.3525896296687 lambda=1.0000000000000005e-07 next_lambda=1.0000000000000005e-07 rho=0.30016303334841432 accept=1
CLASSICAL_LM o=25 lambda=1.0000000000000005e-07 tau=1.0000000000000005e-07 prediction=465.37365235563021 rho=0.30016303334841432 accept=1
  MFCG it  26 cost=2.500730e+05 lam=1.000e-07 tau=0.00e+00 cg_it=0 shift=0 ckpt=1 alpha=0 acc mv=100
PCG_PREP o=26 rebuild=1 drift=0 previous_depth=1
ATTR_RADIUS o=26 raw_norm=19565.352783591843 norm=3225.3525896296692 radius=3225.3525896296687 next_radius=3225.3525896296687 lambda=1.0000000000000005e-07 next_lambda=1.0000000000000005e-07 rho=0.27773602519460305 accept=1
CLASSICAL_LM o=26 lambda=1.0000000000000005e-07 tau=1.0000000000000005e-07 prediction=442.93275337032475 rho=0.27773602519460305 accept=1
  MFCG it  27 cost=2.499500e+05 lam=1.000e-07 tau=0.00e+00 cg_it=0 shift=0 ckpt=1 alpha=0 acc mv=102
PCG_PREP o=27 rebuild=1 drift=0 previous_depth=1
ATTR_RADIUS o=27 raw_norm=19693.871541202323 norm=3225.3525896296692 radius=3225.3525896296687 next_radius=3225.3525896296687 lambda=1.0000000000000005e-07 next_lambda=1.0000000000000005e-07 rho=0.25687772411766496 accept=1
CLASSICAL_LM o=27 lambda=1.0000000000000005e-07 tau=1.0000000000000005e-07 prediction=425.08086116765139 rho=0.25687772411766496 accept=1
  MFCG it  28 cost=2.498408e+05 lam=1.000e-07 tau=0.00e+00 cg_it=0 shift=0 ckpt=1 alpha=0 acc mv=104
PCG_PREP o=28 rebuild=1 drift=0 previous_depth=1
ATTR_RADIUS o=28 raw_norm=19802.632311911544 norm=3225.3525896296687 radius=3225.3525896296687 next_radius=806.33814740741718 lambda=1.0000000000000005e-07 next_lambda=1.6000000000000008e-06 rho=0.23753367279324228 accept=1
CLASSICAL_LM o=28 lambda=1.0000000000000005e-07 tau=1.0000000000000005e-07 prediction=410.84545672128326 rho=0.23753367279324228 accept=1
  MFCG it  29 cost=2.497432e+05 lam=1.600e-06 tau=0.00e+00 cg_it=0 shift=0 ckpt=1 alpha=0 acc mv=106
PCG_PREP o=29 rebuild=1 drift=0 previous_depth=1
ATTR_RADIUS o=29 raw_norm=4420.1719246410021 norm=806.3381474074173 radius=806.33814740741718 next_radius=1612.6762948148344 lambda=1.6000000000000008e-06 next_lambda=4.0000000000000019e-07 rho=0.92638602451852781 accept=1
CLASSICAL_LM o=29 lambda=1.6000000000000008e-06 tau=1.6000000000000008e-06 prediction=415.0158913654675 rho=0.92638602451852781 accept=1
  MFCG it  30 cost=2.493588e+05 lam=4.000e-07 tau=0.00e+00 cg_it=0 shift=0 ckpt=1 alpha=0 acc mv=108
PCG_PREP o=30 rebuild=1 drift=0 previous_depth=1
ATTR_RADIUS o=30 raw_norm=12507.980747843905 norm=1612.6762948148339 radius=1612.6762948148344 next_radius=1612.6762948148344 lambda=4.0000000000000019e-07 next_lambda=4.0000000000000019e-07 rho=0.6954852445663422 accept=1
CLASSICAL_LM o=30 lambda=4.0000000000000019e-07 tau=4.0000000000000019e-07 prediction=231.73883344760432 rho=0.6954852445663422 accept=1
  MFCG it  31 cost=2.491976e+05 lam=4.000e-07 tau=0.00e+00 cg_it=0 shift=0 ckpt=1 alpha=0 acc mv=110
PCG_PREP o=31 rebuild=1 drift=0 previous_depth=1
ATTR_RADIUS o=31 raw_norm=12683.280576019411 norm=1612.6762948148346 radius=1612.6762948148344 next_radius=1612.6762948148344 lambda=4.0000000000000019e-07 next_lambda=4.0000000000000019e-07 rho=0.68824427818398526 accept=1
CLASSICAL_LM o=31 lambda=4.0000000000000019e-07 tau=4.0000000000000019e-07 prediction=203.34747794785682 rho=0.68824427818398526 accept=1
  MFCG it  32 cost=2.490576e+05 lam=4.000e-07 tau=0.00e+00 cg_it=0 shift=0 ckpt=1 alpha=0 acc mv=112
PCG_PREP o=32 rebuild=1 drift=0 previous_depth=1
ATTR_RADIUS o=32 raw_norm=12867.41683431108 norm=1612.6762948148348 radius=1612.6762948148344 next_radius=1612.6762948148344 lambda=4.0000000000000019e-07 next_lambda=4.0000000000000019e-07 rho=0.68143163708671972 accept=1
CLASSICAL_LM o=32 lambda=4.0000000000000019e-07 tau=4.0000000000000019e-07 prediction=179.68326887504 rho=0.68143163708671972 accept=1
  MFCG it  33 cost=2.489352e+05 lam=4.000e-07 tau=0.00e+00 cg_it=0 shift=0 ckpt=1 alpha=0 acc mv=114
PCG_PREP o=33 rebuild=1 drift=0 previous_depth=1
ATTR_RADIUS o=33 raw_norm=13049.991411082619 norm=1612.6762948148339 radius=1612.6762948148344 next_radius=1612.6762948148344 lambda=4.0000000000000019e-07 next_lambda=4.0000000000000019e-07 rho=0.67575464540800045 accept=1
CLASSICAL_LM o=33 lambda=4.0000000000000019e-07 tau=4.0000000000000019e-07 prediction=160.29583897375386 rho=0.67575464540800045 accept=1
  MFCG it  34 cost=2.488269e+05 lam=4.000e-07 tau=0.00e+00 cg_it=0 shift=0 ckpt=1 alpha=0 acc mv=116
PCG_PREP o=34 rebuild=1 drift=0 previous_depth=1
ATTR_RADIUS o=34 raw_norm=13225.376903559692 norm=1612.6762948148341 radius=1612.6762948148344 next_radius=1612.6762948148344 lambda=4.0000000000000019e-07 next_lambda=4.0000000000000019e-07 rho=0.67112636726901753 accept=1
CLASSICAL_LM o=34 lambda=4.0000000000000019e-07 tau=4.0000000000000019e-07 prediction=144.29406523450768 rho=0.67112636726901753 accept=1
  MFCG it  35 cost=2.487300e+05 lam=4.000e-07 tau=0.00e+00 cg_it=0 shift=0 ckpt=1 alpha=0 acc mv=118
PCG_PREP o=35 rebuild=1 drift=0 previous_depth=1
ATTR_RADIUS o=35 raw_norm=13387.65709456703 norm=1612.6762948148337 radius=1612.6762948148344 next_radius=1612.6762948148344 lambda=4.0000000000000019e-07 next_lambda=4.0000000000000019e-07 rho=0.66741616159681072 accept=1
CLASSICAL_LM o=35 lambda=4.0000000000000019e-07 tau=4.0000000000000019e-07 prediction=130.99090846425315 rho=0.66741616159681072 accept=1
  MFCG it  36 cost=2.486426e+05 lam=4.000e-07 tau=0.00e+00 cg_it=0 shift=0 ckpt=1 alpha=0 acc mv=120
PCG_PREP o=36 rebuild=1 drift=0 previous_depth=1
ATTR_RADIUS o=36 raw_norm=13532.51085514958 norm=1612.6762948148344 radius=1612.6762948148344 next_radius=1612.6762948148344 lambda=4.0000000000000019e-07 next_lambda=4.0000000000000019e-07 rho=0.66450271497113222 accept=1
CLASSICAL_LM o=36 lambda=4.0000000000000019e-07 tau=4.0000000000000019e-07 prediction=119.84968719083948 rho=0.66450271497113222 accept=1
  MFCG it  37 cost=2.485630e+05 lam=4.000e-07 tau=0.00e+00 cg_it=0 shift=0 ckpt=1 alpha=0 acc mv=122
PCG_PREP o=37 rebuild=1 drift=0 previous_depth=1
ATTR_RADIUS o=37 raw_norm=19534.899232597967 norm=1612.6762948148337 radius=1612.6762948148344 next_radius=3225.3525896296687 lambda=4.0000000000000019e-07 next_lambda=1.0000000000000005e-07 rho=0.79065080545177269 accept=1
CLASSICAL_LM o=37 lambda=4.0000000000000019e-07 tau=4.0000000000000019e-07 prediction=181.05898080806517 rho=0.79065080545177269 accept=1
  MFCG it  38 cost=2.484198e+05 lam=1.000e-07 tau=0.00e+00 cg_it=1 shift=0 ckpt=2 alpha=0 acc mv=125
PCG_PREP o=38 rebuild=1 drift=0 previous_depth=2
POINT_SAFE o=38 frozen=574 slope=-109.07625200308954 candidate=248475.29048997414 original=248405.42376030027 current=248419.80439572025 won=0 mode=1 camera_scale=1 keep_scale=0
ATTR_RADIUS o=38 raw_norm=71743.058388382953 norm=1612.6762948148346 radius=3225.3525896296687 next_radius=3225.3525896296687 lambda=1.0000000000000005e-07 next_lambda=1.0000000000000005e-08 rho=0.26684478103807052 accept=1
CLASSICAL_LM o=38 lambda=1.0000000000000005e-07 tau=1.0000000000000005e-07 prediction=53.891387210324439 rho=0.26684478103807052 accept=1
  MFCG it  39 cost=2.484054e+05 lam=1.000e-08 tau=0.00e+00 cg_it=1 shift=0 ckpt=2 alpha=0 acc mv=128
PCG_PREP o=39 rebuild=1 drift=0 previous_depth=2
POINT_SAFE o=39 frozen=114 slope=-56.704763110015584 candidate=248521.38075097499 original=248402.06336055454 current=248405.42376030027 won=0 mode=1 camera_scale=1 keep_scale=0
ATTR_RADIUS o=39 raw_norm=179901.40198168502 norm=806.33814740741752 radius=3225.3525896296687 next_radius=806.33814740741718 lambda=1.0000000000000005e-08 next_lambda=1.6000000000000008e-07 rho=0.23863091223928609 accept=1
CLASSICAL_LM o=39 lambda=1.0000000000000005e-08 tau=1.0000000000000005e-08 prediction=14.081996813368573 rho=0.23863091223928609 accept=1
  MFCG it  40 cost=2.484021e+05 lam=1.600e-07 tau=0.00e+00 cg_it=1 shift=0 ckpt=2 alpha=0 acc mv=131
PCG_PREP o=40 rebuild=1 drift=0 previous_depth=2
ATTR_RADIUS o=40 raw_norm=22506.360931967945 norm=806.33814740741718 radius=806.33814740741718 next_radius=806.33814740741718 lambda=1.6000000000000008e-07 next_lambda=1.6000000000000008e-07 rho=0.68701882392364788 accept=1
CLASSICAL_LM o=40 lambda=1.6000000000000008e-07 tau=1.6000000000000008e-07 prediction=35.553588808919066 rho=0.68701882392364788 accept=1
  MFCG it  41 cost=2.483776e+05 lam=1.600e-07 tau=0.00e+00 cg_it=0 shift=0 ckpt=1 alpha=0 acc mv=133
PCG_PREP o=41 rebuild=1 drift=0 previous_depth=1
ATTR_RADIUS o=41 raw_norm=22521.830645053164 norm=806.33814740741707 radius=806.33814740741718 next_radius=806.33814740741718 lambda=1.6000000000000008e-07 next_lambda=1.6000000000000008e-07 rho=0.67814632632625171 accept=1
CLASSICAL_LM o=41 lambda=1.6000000000000008e-07 tau=1.6000000000000008e-07 prediction=33.760828931562351 rho=0.67814632632625171 accept=1
  MFCG it  42 cost=2.483547e+05 lam=1.600e-07 tau=0.00e+00 cg_it=0 shift=0 ckpt=1 alpha=0 acc mv=135
PCG_PREP o=42 rebuild=1 drift=0 previous_depth=1
ATTR_RADIUS o=42 raw_norm=22523.418950223022 norm=806.3381474074173 radius=806.33814740741718 next_radius=806.33814740741718 lambda=1.6000000000000008e-07 next_lambda=1.6000000000000008e-07 rho=0.67731431752308191 accept=1
CLASSICAL_LM o=42 lambda=1.6000000000000008e-07 tau=1.6000000000000008e-07 prediction=32.854073148273379 rho=0.67731431752308191 accept=1
  MFCG it  43 cost=2.483325e+05 lam=1.600e-07 tau=0.00e+00 cg_it=0 shift=0 ckpt=1 alpha=0 acc mv=137
PCG_PREP o=43 rebuild=1 drift=0 previous_depth=1
ATTR_RADIUS o=43 raw_norm=22522.27255403918 norm=806.33814740741695 radius=806.33814740741718 next_radius=806.33814740741718 lambda=1.6000000000000008e-07 next_lambda=1.6000000000000008e-07 rho=0.67664636779142351 accept=1
CLASSICAL_LM o=43 lambda=1.6000000000000008e-07 tau=1.6000000000000008e-07 prediction=31.99605923624085 rho=0.67664636779142351 accept=1
  MFCG it  44 cost=2.483108e+05 lam=1.600e-07 tau=0.00e+00 cg_it=0 shift=0 ckpt=1 alpha=0 acc mv=139
PCG_PREP o=44 rebuild=1 drift=0 previous_depth=1
ATTR_RADIUS o=44 raw_norm=22518.415246218523 norm=806.33814740741707 radius=806.33814740741718 next_radius=806.33814740741718 lambda=1.6000000000000008e-07 next_lambda=1.6000000000000008e-07 rho=0.67614492492221423 accept=1
CLASSICAL_LM o=44 lambda=1.6000000000000008e-07 tau=1.6000000000000008e-07 prediction=31.182391712071439 rho=0.67614492492221423 accept=1
  MFCG it  45 cost=2.482898e+05 lam=1.600e-07 tau=0.00e+00 cg_it=0 shift=0 ckpt=1 alpha=0 acc mv=141
PCG_PREP o=45 rebuild=1 drift=0 previous_depth=1
ATTR_RADIUS o=45 raw_norm=22511.863824813066 norm=806.3381474074173 radius=806.33814740741718 next_radius=806.33814740741718 lambda=1.6000000000000008e-07 next_lambda=1.6000000000000008e-07 rho=0.67580522481865402 accept=1
CLASSICAL_LM o=45 lambda=1.6000000000000008e-07 tau=1.6000000000000008e-07 prediction=30.410756210676283 rho=0.67580522481865402 accept=1
  MFCG it  46 cost=2.482692e+05 lam=1.600e-07 tau=0.00e+00 cg_it=0 shift=0 ckpt=1 alpha=0 acc mv=143
PCG_PREP o=46 rebuild=1 drift=0 previous_depth=1
ATTR_RADIUS o=46 raw_norm=22502.684648623825 norm=806.33814740741718 radius=806.33814740741718 next_radius=806.33814740741718 lambda=1.6000000000000008e-07 next_lambda=1.6000000000000008e-07 rho=0.67562692541370128 accept=1
CLASSICAL_LM o=46 lambda=1.6000000000000008e-07 tau=1.6000000000000008e-07 prediction=29.678565535508103 rho=0.67562692541370128 accept=1
  MFCG it  47 cost=2.482492e+05 lam=1.600e-07 tau=0.00e+00 cg_it=0 shift=0 ckpt=1 alpha=0 acc mv=145
PCG_PREP o=47 rebuild=1 drift=0 previous_depth=1
ATTR_RADIUS o=47 raw_norm=22491.03226981682 norm=806.3381474074173 radius=806.33814740741718 next_radius=806.33814740741718 lambda=1.6000000000000008e-07 next_lambda=1.6000000000000008e-07 rho=0.67560969936697246 accept=1
CLASSICAL_LM o=47 lambda=1.6000000000000008e-07 tau=1.6000000000000008e-07 prediction=28.983563343756952 rho=0.67560969936697246 accept=1
  MFCG it  48 cost=2.482296e+05 lam=1.600e-07 tau=0.00e+00 cg_it=0 shift=0 ckpt=1 alpha=0 acc mv=147
PCG_PREP o=48 rebuild=1 drift=0 previous_depth=1
ATTR_RADIUS o=48 raw_norm=22476.843983875773 norm=806.33814740741695 radius=806.33814740741718 next_radius=806.33814740741718 lambda=1.6000000000000008e-07 next_lambda=1.6000000000000008e-07 rho=0.67575240395808378 accept=1
CLASSICAL_LM o=48 lambda=1.6000000000000008e-07 tau=1.6000000000000008e-07 prediction=28.323866349526636 rho=0.67575240395808378 accept=1
  MFCG it  49 cost=2.482104e+05 lam=1.600e-07 tau=0.00e+00 cg_it=0 shift=0 ckpt=1 alpha=0 acc mv=149
PCG_PREP o=49 rebuild=1 drift=0 previous_depth=1
ATTR_RADIUS o=49 raw_norm=36597.477159721129 norm=806.3381474074173 radius=806.33814740741718 next_radius=1612.6762948148344 lambda=1.6000000000000008e-07 next_lambda=4.0000000000000021e-08 rho=0.79797869257626308 accept=1
CLASSICAL_LM o=49 lambda=1.6000000000000008e-07 tau=1.6000000000000008e-07 prediction=44.273369101374776 rho=0.79797869257626308 accept=1
  MFCG it  50 cost=2.481751e+05 lam=4.000e-08 tau=0.00e+00 cg_it=1 shift=0 ckpt=2 alpha=0 acc mv=152
PCG_PREP o=50 rebuild=1 drift=0 previous_depth=2
POINT_SAFE o=50 frozen=547 slope=-30.680236806286398 candidate=248179.69607579612 original=248168.65477658191 current=248175.10213796483 won=0 mode=1 camera_scale=1 keep_scale=0
ATTR_RADIUS o=50 raw_norm=119910.590848229 norm=806.33814740741673 radius=1612.6762948148344 next_radius=1612.6762948148344 lambda=4.0000000000000021e-08 next_lambda=4.0000000000000019e-09 rho=0.42161341904757471 accept=1
CLASSICAL_LM o=50 lambda=4.0000000000000021e-08 tau=4.0000000000000021e-08 prediction=15.292116170026874 rho=0.42161341904757471 accept=1
  MFCG it  51 cost=2.481687e+05 lam=4.000e-09 tau=0.00e+00 cg_it=1 shift=0 ckpt=2 alpha=0 acc mv=155
PCG_PREP o=51 rebuild=1 drift=0 previous_depth=2
NUMERIC_REPAIR o=51 lambda=4.0000000000000019e-09 rayleigh=-8.8846937506990377e-09 next_lambda=5.1538775002796162e-08 cg=2 rebuild=1
PCG_PREP o=51 rebuild=1 drift=0 previous_depth=2
POINT_SAFE o=51 frozen=435 slope=-35.556114653265347 candidate=248169.26898998939 original=248160.02567267659 current=248168.65477658191 won=0 mode=1 camera_scale=1 keep_scale=0
ATTR_RADIUS o=51 raw_norm=100659.94934327072 norm=806.33814740741786 radius=1612.6762948148344 next_radius=1612.6762948148344 lambda=5.1538775002796162e-08 next_lambda=5.1538775002796162e-08 rho=0.48733641383613474 accept=1
CLASSICAL_LM o=51 lambda=5.1538775002796162e-08 tau=5.1538775002796162e-08 prediction=17.706667633129328 rho=0.48733641383613474 accept=1
  MFCG it  52 cost=2.481600e+05 lam=5.154e-08 tau=0.00e+00 cg_it=1 shift=0 ckpt=2 alpha=0 acc mv=161
PCG_PREP o=52 rebuild=1 drift=0 previous_depth=2
POINT_SAFE o=52 frozen=644 slope=-34.624171699569615 candidate=248162.1575767551 original=248152.20763684792 current=248160.02567267659 won=0 mode=1 camera_scale=1 keep_scale=0
ATTR_RADIUS o=52 raw_norm=40256.046919782486 norm=806.33814740741718 radius=1612.6762948148344 next_radius=1612.6762948148344 lambda=5.1538775002796162e-08 next_lambda=5.1538775002796162e-08 rho=0.45631740595788711 accept=1
CLASSICAL_LM o=52 lambda=5.1538775002796162e-08 tau=5.1538775002796162e-08 prediction=17.13288979688571 rho=0.45631740595788711 accept=1
  MFCG it  53 cost=2.481522e+05 lam=5.154e-08 tau=0.00e+00 cg_it=0 shift=0 ckpt=1 alpha=0 acc mv=163
PCG_PREP o=53 rebuild=1 drift=0 previous_depth=1
ATTR_RADIUS o=53 raw_norm=40165.477672909983 norm=0 radius=1612.6762948148344 next_radius=403.16907370370859 lambda=5.1538775002796162e-08 next_lambda=8.2462040004473859e-07 rho=0.011303716075784056 accept=0
CLASSICAL_LM o=53 lambda=5.1538775002796162e-08 tau=5.1538775002796162e-08 prediction=36.503018788046596 rho=0.011303716075784056 accept=0
  MFCG it  54  retry 1/8  lam=8.246e-07 tau_eff=5.154e-08  (assembly reused)
PCG_PREP o=53 rebuild=1 drift=0 previous_depth=1
ATTR_RADIUS o=53 raw_norm=5546.9987175226279 norm=403.16907370370876 radius=403.16907370370859 next_radius=806.33814740741718 lambda=8.2462040004473859e-07 next_lambda=2.0615510001118465e-07 rho=0.94414872842771713 accept=1
CLASSICAL_LM o=53 lambda=8.2462040004473859e-07 tau=8.2462040004473859e-07 prediction=50.71187102419681 rho=0.94414872842771713 accept=1
  MFCG it  54 cost=2.481043e+05 lam=2.062e-07 tau=0.00e+00 cg_it=0 shift=0 ckpt=1 alpha=0 acc mv=167
PCG_PREP o=54 rebuild=1 drift=0 previous_depth=1
ATTR_RADIUS o=54 raw_norm=18437.980919581572 norm=806.33814740741718 radius=806.33814740741718 next_radius=806.33814740741718 lambda=2.0615510001118465e-07 next_lambda=2.0615510001118465e-07 rho=0.7328456004264684 accept=1
CLASSICAL_LM o=54 lambda=2.0615510001118465e-07 tau=2.0615510001118465e-07 prediction=32.266732824172259 rho=0.7328456004264684 accept=1
  MFCG it  55 cost=2.480807e+05 lam=2.062e-07 tau=0.00e+00 cg_it=0 shift=0 ckpt=1 alpha=0 acc mv=169
PCG_PREP o=55 rebuild=1 drift=0 previous_depth=1
ATTR_RADIUS o=55 raw_norm=22334.885013597235 norm=806.33814740741741 radius=806.33814740741718 next_radius=1612.6762948148344 lambda=2.0615510001118465e-07 next_lambda=5.1538775002796162e-08 rho=0.88309503056081573 accept=1
CLASSICAL_LM o=55 lambda=2.0615510001118465e-07 tau=2.0615510001118465e-07 prediction=81.543272410022738 rho=0.88309503056081573 accept=1
  MFCG it  56 cost=2.480087e+05 lam=5.154e-08 tau=0.00e+00 cg_it=1 shift=0 ckpt=2 alpha=0 acc mv=172
PCG_PREP o=56 rebuild=1 drift=0 previous_depth=2
ATTR_RADIUS o=56 raw_norm=94209.699536377608 norm=1612.6762948148346 radius=1612.6762948148344 next_radius=403.16907370370859 lambda=5.1538775002796162e-08 next_lambda=8.2462040004473859e-07 rho=0.18994844022267357 accept=1
CLASSICAL_LM o=56 lambda=5.1538775002796162e-08 tau=5.1538775002796162e-08 prediction=39.938588762003427 rho=0.18994844022267357 accept=1
  MFCG it  57 cost=2.480011e+05 lam=8.246e-07 tau=0.00e+00 cg_it=1 shift=0 ckpt=2 alpha=0 acc mv=175
PCG_PREP o=57 rebuild=1 drift=0 previous_depth=2
ATTR_RADIUS o=57 raw_norm=5412.445831385874 norm=403.16907370370853 radius=403.16907370370859 next_radius=806.33814740741718 lambda=8.2462040004473859e-07 next_lambda=2.0615510001118465e-07 rho=0.94638690109129375 accept=1
CLASSICAL_LM o=57 lambda=8.2462040004473859e-07 tau=8.2462040004473859e-07 prediction=50.575267326630026 rho=0.94638690109129375 accept=1
  MFCG it  58 cost=2.479532e+05 lam=2.062e-07 tau=0.00e+00 cg_it=0 shift=0 ckpt=1 alpha=0 acc mv=177
PCG_PREP o=58 rebuild=1 drift=0 previous_depth=1
ATTR_RADIUS o=58 raw_norm=19541.696242525722 norm=806.3381474074173 radius=806.33814740741718 next_radius=1612.6762948148344 lambda=2.0615510001118465e-07 next_lambda=5.1538775002796162e-08 rho=0.88996237544319412 accept=1
CLASSICAL_LM o=58 lambda=2.0615510001118465e-07 tau=2.0615510001118465e-07 prediction=73.9327947997226 rho=0.88996237544319412 accept=1
  MFCG it  59 cost=2.478874e+05 lam=5.154e-08 tau=0.00e+00 cg_it=1 shift=0 ckpt=2 alpha=0 acc mv=180
PCG_PREP o=59 rebuild=1 drift=0 previous_depth=2
ATTR_RADIUS o=59 raw_norm=91988.529568413331 norm=0 radius=1612.6762948148344 next_radius=403.16907370370859 lambda=5.1538775002796162e-08 next_lambda=8.2462040004473859e-07 rho=0.06555675140113057 accept=0
CLASSICAL_LM o=59 lambda=5.1538775002796162e-08 tau=5.1538775002796162e-08 prediction=34.155611011547052 rho=0.06555675140113057 accept=0
  MFCG it  60  retry 1/8  lam=8.246e-07 tau_eff=5.154e-08  (assembly reused)
PCG_PREP o=59 rebuild=1 drift=0 previous_depth=2
ATTR_RADIUS o=59 raw_norm=5424.6564977243488 norm=403.16907370370865 radius=403.16907370370859 next_radius=806.33814740741718 lambda=8.2462040004473859e-07 next_lambda=2.0615510001118465e-07 rho=0.99473126605221052 accept=1
CLASSICAL_LM o=59 lambda=8.2462040004473859e-07 tau=8.2462040004473859e-07 prediction=118.47057452642139 rho=0.99473126605221052 accept=1
  MFCG it  60 cost=2.477696e+05 lam=2.062e-07 tau=0.00e+00 cg_it=1 shift=0 ckpt=2 alpha=0 acc mv=186
PCG_PREP o=60 rebuild=1 drift=0 previous_depth=2
ATTR_RADIUS o=60 raw_norm=19495.396282754489 norm=806.33814740741695 radius=806.33814740741718 next_radius=806.33814740741718 lambda=2.0615510001118465e-07 next_lambda=2.0615510001118465e-07 rho=0.66665277797251143 accept=1
CLASSICAL_LM o=60 lambda=2.0615510001118465e-07 tau=2.0615510001118465e-07 prediction=22.32662547848194 rho=0.66665277797251143 accept=1
  MFCG it  61 cost=2.477547e+05 lam=2.062e-07 tau=0.00e+00 cg_it=0 shift=0 ckpt=1 alpha=0 acc mv=188
PCG_PREP o=61 rebuild=1 drift=0 previous_depth=1
ATTR_RADIUS o=61 raw_norm=18495.798088493546 norm=806.33814740741741 radius=806.33814740741718 next_radius=1612.6762948148344 lambda=2.0615510001118465e-07 next_lambda=5.1538775002796162e-08 rho=0.89501511196256411 accept=1
CLASSICAL_LM o=61 lambda=2.0615510001118465e-07 tau=2.0615510001118465e-07 prediction=68.34646169733999 rho=0.89501511196256411 accept=1
  MFCG it  62 cost=2.476935e+05 lam=5.154e-08 tau=0.00e+00 cg_it=1 shift=0 ckpt=2 alpha=0 acc mv=191
PCG_PREP o=62 rebuild=1 drift=0 previous_depth=2
POINT_SAFE o=62 frozen=825 slope=-19.747445428822665 candidate=247702.10435328534 original=247690.82977926586 current=247693.52204007781 won=0 mode=1 camera_scale=1 keep_scale=0
ATTR_RADIUS o=62 raw_norm=48963.026426722892 norm=806.33814740741684 radius=1612.6762948148344 next_radius=1612.6762948148344 lambda=5.1538775002796162e-08 next_lambda=5.1538775002796162e-08 rho=0.27497399175612508 accept=1
CLASSICAL_LM o=62 lambda=5.1538775002796162e-08 tau=5.1538775002796162e-08 prediction=9.7909653009552713 rho=0.27497399175612508 accept=1
  MFCG it  63 cost=2.476908e+05 lam=5.154e-08 tau=0.00e+00 cg_it=0 shift=0 ckpt=1 alpha=0 acc mv=193
PCG_PREP o=63 rebuild=1 drift=0 previous_depth=1
POINT_SAFE o=63 frozen=241 slope=-19.942823894797204 candidate=247699.55513232533 original=247688.1399733345 current=247690.82977926586 won=0 mode=1 camera_scale=1 keep_scale=0
ATTR_RADIUS o=63 raw_norm=48345.51121109994 norm=806.33814740741673 radius=1612.6762948148344 next_radius=1612.6762948148344 lambda=5.1538775002796162e-08 next_lambda=5.1538775002796162e-08 rho=0.27205989456613194 accept=1
CLASSICAL_LM o=63 lambda=5.1538775002796162e-08 tau=5.1538775002796162e-08 prediction=9.8868153119115529 rho=0.27205989456613194 accept=1
  MFCG it  64 cost=2.476881e+05 lam=5.154e-08 tau=0.00e+00 cg_it=0 shift=0 ckpt=1 alpha=0 acc mv=195
PCG_PREP o=64 rebuild=1 drift=0 previous_depth=1
POINT_SAFE o=64 frozen=138 slope=-20.160390616169735 candidate=247696.97251816562 original=247685.43562698967 current=247688.1399733345 won=0 mode=1 camera_scale=1 keep_scale=0
ATTR_RADIUS o=64 raw_norm=47729.652011931605 norm=806.33814740741741 radius=1612.6762948148344 next_radius=1612.6762948148344 lambda=5.1538775002796162e-08 next_lambda=5.1538775002796162e-08 rho=0.27071066073883848 accept=1
CLASSICAL_LM o=64 lambda=5.1538775002796162e-08 tau=5.1538775002796162e-08 prediction=9.9898036429540902 rho=0.27071066073883848 accept=1
  MFCG it  65 cost=2.476854e+05 lam=5.154e-08 tau=0.00e+00 cg_it=0 shift=0 ckpt=1 alpha=0 acc mv=197
PCG_PREP o=65 rebuild=1 drift=0 previous_depth=1
POINT_SAFE o=65 frozen=119 slope=-20.374226638472223 candidate=247694.36665897892 original=247682.71211661928 current=247685.43562698967 won=0 mode=1 camera_scale=1 keep_scale=0
ATTR_RADIUS o=65 raw_norm=47126.165568237659 norm=806.33814740741684 radius=1612.6762948148344 next_radius=1612.6762948148344 lambda=5.1538775002796162e-08 next_lambda=5.1538775002796162e-08 rho=0.26986508632812622 accept=1
CLASSICAL_LM o=65 lambda=5.1538775002796162e-08 tau=5.1538775002796162e-08 prediction=10.092118278222094 rho=0.26986508632812622 accept=1
  MFCG it  66 cost=2.476827e+05 lam=5.154e-08 tau=0.00e+00 cg_it=0 shift=0 ckpt=1 alpha=0 acc mv=199
PCG_PREP o=66 rebuild=1 drift=0 previous_depth=1
POINT_SAFE o=66 frozen=120 slope=-20.58437404951335 candidate=247691.72767739679 original=247679.96499870936 current=247682.71211661928 won=0 mode=1 camera_scale=1 keep_scale=0
ATTR_RADIUS o=66 raw_norm=46485.797614301322 norm=806.3381474074173 radius=1612.6762948148344 next_radius=1612.6762948148344 lambda=5.1538775002796162e-08 next_lambda=5.1538775002796162e-08 rho=0.26949071838720806 accept=1
CLASSICAL_LM o=66 lambda=5.1538775002796162e-08 tau=5.1538775002796162e-08 prediction=10.193738494458518 rho=0.26949071838720806 accept=1
  MFCG it  67 cost=2.476800e+05 lam=5.154e-08 tau=0.00e+00 cg_it=0 shift=0 ckpt=1 alpha=0 acc mv=201
PCG_PREP o=67 rebuild=1 drift=0 previous_depth=1
POINT_SAFE o=67 frozen=118 slope=-20.796537430746394 candidate=247689.04897537231 original=247677.18882422821 current=247679.96499870936 won=0 mode=1 camera_scale=1 keep_scale=0
ATTR_RADIUS o=67 raw_norm=45866.488303139595 norm=806.33814740741673 radius=1612.6762948148344 next_radius=1612.6762948148344 lambda=5.1538775002796162e-08 next_lambda=5.1538775002796162e-08 rho=0.26961167005149889 accept=1
CLASSICAL_LM o=67 lambda=5.1538775002796162e-08 tau=5.1538775002796162e-08 prediction=10.296937371490495 rho=0.26961167005149889 accept=1
  MFCG it  68 cost=2.476772e+05 lam=5.154e-08 tau=0.00e+00 cg_it=0 shift=0 ckpt=1 alpha=0 acc mv=203
PCG_PREP o=68 rebuild=1 drift=0 previous_depth=1
POINT_SAFE o=68 frozen=122 slope=-21.012524660744941 candidate=247686.32282552947 original=247674.37751111345 current=247677.18882422821 won=0 mode=1 camera_scale=1 keep_scale=0
ATTR_RADIUS o=68 raw_norm=45259.606794100146 norm=806.33814740741718 radius=1612.6762948148344 next_radius=1612.6762948148344 lambda=5.1538775002796162e-08 next_lambda=5.1538775002796162e-08 rho=0.27025773588934277 accept=1
CLASSICAL_LM o=68 lambda=5.1538775002796162e-08 tau=5.1538775002796162e-08 prediction=10.402340956191482 rho=0.27025773588934277 accept=1
  MFCG it  69 cost=2.476744e+05 lam=5.154e-08 tau=0.00e+00 cg_it=0 shift=0 ckpt=1 alpha=0 acc mv=205
PCG_PREP o=69 rebuild=1 drift=0 previous_depth=1
POINT_SAFE o=69 frozen=126 slope=-21.234344698410002 candidate=247683.54409485759 original=247671.52492496738 current=247674.37751111345 won=0 mode=1 camera_scale=1 keep_scale=0
ATTR_RADIUS o=69 raw_norm=44647.223080777716 norm=806.33814740741695 radius=1612.6762948148344 next_radius=1612.6762948148344 lambda=5.1538775002796162e-08 next_lambda=5.1538775002796162e-08 rho=0.27139659834727814 accept=1
CLASSICAL_LM o=69 lambda=5.1538775002796162e-08 tau=5.1538775002796162e-08 prediction=10.510766028156231 rho=0.27139659834727814 accept=1
  MFCG it  70 cost=2.476715e+05 lam=5.154e-08 tau=0.00e+00 cg_it=0 shift=0 ckpt=1 alpha=0 acc mv=207
PCG_PREP o=70 rebuild=1 drift=0 previous_depth=1
POINT_SAFE o=70 frozen=129 slope=-21.462183871104266 candidate=247680.70744009782 original=247668.62514873297 current=247671.52492496738 won=0 mode=1 camera_scale=1 keep_scale=0
ATTR_RADIUS o=70 raw_norm=44036.274254307922 norm=806.33814740741718 radius=1612.6762948148344 next_radius=1612.6762948148344 lambda=5.1538775002796162e-08 next_lambda=5.1538775002796162e-08 rho=0.2729897188853429 accept=1
CLASSICAL_LM o=70 lambda=5.1538775002796162e-08 tau=5.1538775002796162e-08 prediction=10.622291001463795 rho=0.2729897188853429 accept=1
  MFCG it  71 cost=2.476686e+05 lam=5.154e-08 tau=0.00e+00 cg_it=0 shift=0 ckpt=1 alpha=0 acc mv=209
PCG_PREP o=71 rebuild=1 drift=0 previous_depth=1
POINT_SAFE o=71 frozen=133 slope=-21.695927978376407 candidate=247677.80549599353 original=247665.6720677136 current=247668.62514873297 won=0 mode=1 camera_scale=1 keep_scale=0
ATTR_RADIUS o=71 raw_norm=43433.479444645396 norm=806.33814740741684 radius=1612.6762948148344 next_radius=1612.6762948148344 lambda=5.1538775002796162e-08 next_lambda=5.1538775002796162e-08 rho=0.27504686680941548 accept=1
CLASSICAL_LM o=71 lambda=5.1538775002796162e-08 tau=5.1538775002796162e-08 prediction=10.736646643622718 rho=0.27504686680941548 accept=1
  MFCG it  72 cost=2.476657e+05 lam=5.154e-08 tau=0.00e+00 cg_it=0 shift=0 ckpt=1 alpha=0 acc mv=211
PCG_PREP o=72 rebuild=1 drift=0 previous_depth=1
POINT_SAFE o=72 frozen=136 slope=-21.936327037255797 candidate=247674.83463151875 original=247662.65998733754 current=247665.6720677136 won=0 mode=1 camera_scale=1 keep_scale=0
ATTR_RADIUS o=72 raw_norm=42827.684116404322 norm=806.33814740741684 radius=1612.6762948148344 next_radius=1612.6762948148344 lambda=5.1538775002796162e-08 next_lambda=5.1538775002796162e-08 rho=0.27750224625475006 accept=1
CLASSICAL_LM o=72 lambda=5.1538775002796162e-08 tau=5.1538775002796162e-08 prediction=10.854255836547162 rho=0.27750224625475006 accept=1
  MFCG it  73 cost=2.476627e+05 lam=5.154e-08 tau=0.00e+00 cg_it=0 shift=0 ckpt=1 alpha=0 acc mv=213
PCG_PREP o=73 rebuild=1 drift=0 previous_depth=1
POINT_SAFE o=73 frozen=142 slope=-22.181209569989058 candidate=247671.78545323032 original=247659.58283807599 current=247662.65998733754 won=0 mode=1 camera_scale=1 keep_scale=0
ATTR_RADIUS o=73 raw_norm=42231.469427314645 norm=806.33814740741695 radius=1612.6762948148344 next_radius=1612.6762948148344 lambda=5.1538775002796162e-08 next_lambda=5.1538775002796162e-08 rho=0.28040276428072342 accept=1
CLASSICAL_LM o=73 lambda=5.1538775002796162e-08 tau=5.1538775002796162e-08 prediction=10.974033260475233 rho=0.28040276428072342 accept=1
  MFCG it  74 cost=2.476596e+05 lam=5.154e-08 tau=0.00e+00 cg_it=0 shift=0 ckpt=1 alpha=0 acc mv=215
PCG_PREP o=74 rebuild=1 drift=0 previous_depth=1
POINT_SAFE o=74 frozen=149 slope=-22.432520340304666 candidate=247668.65621257506 original=247656.43515475802 current=247659.58283807599 won=0 mode=1 camera_scale=1 keep_scale=0
ATTR_RADIUS o=74 raw_norm=41632.039978339279 norm=806.33814740741741 radius=1612.6762948148344 next_radius=1612.6762948148344 lambda=5.1538775002796162e-08 next_lambda=5.1538775002796162e-08 rho=0.28365358173751493 accept=1
CLASSICAL_LM o=74 lambda=5.1538775002796162e-08 tau=5.1538775002796162e-08 prediction=11.096927804315719 rho=0.28365358173751493 accept=1
  MFCG it  75 cost=2.476564e+05 lam=5.154e-08 tau=0.00e+00 cg_it=0 shift=0 ckpt=1 alpha=0 acc mv=217
PCG_PREP o=75 rebuild=1 drift=0 previous_depth=1
POINT_SAFE o=75 frozen=156 slope=-22.688479987608705 candidate=247665.43999363828 original=247653.21155469256 current=247656.43515475802 won=0 mode=1 camera_scale=1 keep_scale=0
ATTR_RADIUS o=75 raw_norm=41038.746601323983 norm=806.3381474074173 radius=1612.6762948148344 next_radius=1612.6762948148344 lambda=5.1538775002796162e-08 next_lambda=5.1538775002796162e-08 rho=0.28725580139701617 accept=1
CLASSICAL_LM o=75 lambda=5.1538775002796162e-08 tau=5.1538775002796162e-08 prediction=11.222053827197417 rho=0.28725580139701617 accept=1
  MFCG it  76 cost=2.476532e+05 lam=5.154e-08 tau=0.00e+00 cg_it=0 shift=0 ckpt=1 alpha=0 acc mv=219
PCG_PREP o=76 rebuild=1 drift=0 previous_depth=1
POINT_SAFE o=76 frozen=158 slope=-22.948651921450015 candidate=247662.13098477121 original=247649.90665403084 current=247653.21155469256 won=0 mode=1 camera_scale=1 keep_scale=0
ATTR_RADIUS o=76 raw_norm=40448.777128333808 norm=806.3381474074173 radius=1612.6762948148344 next_radius=1612.6762948148344 lambda=5.1538775002796162e-08 next_lambda=5.1538775002796162e-08 rho=0.29120139826816888 accept=1
CLASSICAL_LM o=76 lambda=5.1538775002796162e-08 tau=5.1538775002796162e-08 prediction=11.34919228196342 rho=0.29120139826816888 accept=1
  MFCG it  77 cost=2.476499e+05 lam=5.154e-08 tau=0.00e+00 cg_it=0 shift=0 ckpt=1 alpha=0 acc mv=221
PCG_PREP o=77 rebuild=1 drift=0 previous_depth=1
POINT_SAFE o=77 frozen=165 slope=-23.212424460958314 candidate=247658.72342167579 original=247646.51512250007 current=247649.90665403084 won=0 mode=1 camera_scale=1 keep_scale=0
ATTR_RADIUS o=77 raw_norm=39862.883225487385 norm=806.3381474074173 radius=1612.6762948148344 next_radius=1612.6762948148344 lambda=5.1538775002796162e-08 next_lambda=5.1538775002796162e-08 rho=0.29548009208109061 accept=1
CLASSICAL_LM o=77 lambda=5.1538775002796162e-08 tau=5.1538775002796162e-08 prediction=11.478037342146617 rho=0.29548009208109061 accept=1
  MFCG it  78 cost=2.476465e+05 lam=5.154e-08 tau=0.00e+00 cg_it=0 shift=0 ckpt=1 alpha=0 acc mv=223
PCG_PREP o=78 rebuild=1 drift=0 previous_depth=1
POINT_SAFE o=78 frozen=176 slope=-23.480394569215804 candidate=247655.21446671351 original=247643.03210668272 current=247646.51512250007 won=0 mode=1 camera_scale=1 keep_scale=0
ATTR_RADIUS o=78 raw_norm=39280.911206586752 norm=806.33814740741718 radius=1612.6762948148344 next_radius=1612.6762948148344 lambda=5.1538775002796162e-08 next_lambda=5.1538775002796162e-08 rho=0.30003031595386143 accept=1
CLASSICAL_LM o=78 lambda=5.1538775002796162e-08 tau=5.1538775002796162e-08 prediction=11.608879610328591 rho=0.30003031595386143 accept=1
  MFCG it  79 cost=2.476430e+05 lam=5.154e-08 tau=0.00e+00 cg_it=0 shift=0 ckpt=1 alpha=0 acc mv=225
PCG_PREP o=79 rebuild=1 drift=0 previous_depth=1
POINT_SAFE o=79 frozen=184 slope=-23.750393700142443 candidate=247651.59654000765 original=247639.45260025884 current=247643.03210668272 won=0 mode=1 camera_scale=1 keep_scale=0
ATTR_RADIUS o=79 raw_norm=38705.851979927742 norm=806.33814740741718 radius=1612.6762948148344 next_radius=1612.6762948148344 lambda=5.1538775002796162e-08 next_lambda=5.1538775002796162e-08 rho=0.30488145877861789 accept=1
CLASSICAL_LM o=79 lambda=5.1538775002796162e-08 tau=5.1538775002796162e-08 prediction=11.740649753570253 rho=0.30488145877861789 accept=1
  MFCG it  80 cost=2.476395e+05 lam=5.154e-08 tau=0.00e+00 cg_it=0 shift=0 ckpt=1 alpha=0 acc mv=227
PCG_PREP o=80 rebuild=1 drift=0 previous_depth=1
POINT_SAFE o=80 frozen=193 slope=-24.023423078945061 candidate=247647.86757936102 original=247635.77208877465 current=247639.45260025884 won=0 mode=1 camera_scale=1 keep_scale=0
ATTR_RADIUS o=80 raw_norm=38132.760326550255 norm=806.33814740741718 radius=1612.6762948148344 next_radius=1612.6762948148344 lambda=5.1538775002796162e-08 next_lambda=5.1538775002796162e-08 rho=0.30996823754492719 accept=1
CLASSICAL_LM o=80 lambda=5.1538775002796162e-08 tau=5.1538775002796162e-08 prediction=11.873834278426921 rho=0.30996823754492719 accept=1
  MFCG it  81 cost=2.476358e+05 lam=5.154e-08 tau=0.00e+00 cg_it=0 shift=0 ckpt=1 alpha=0 acc mv=229
PCG_PREP o=81 rebuild=1 drift=0 previous_depth=1
POINT_SAFE o=81 frozen=205 slope=-24.299274378368185 candidate=247644.02581959273 original=247631.98680440034 current=247635.77208877465 won=0 mode=1 camera_scale=1 keep_scale=0
ATTR_RADIUS o=81 raw_norm=37566.662516425902 norm=806.3381474074173 radius=1612.6762948148344 next_radius=1612.6762948148344 lambda=5.1538775002796162e-08 next_lambda=5.1538775002796162e-08 rho=0.31522177748953106 accept=1
CLASSICAL_LM o=81 lambda=5.1538775002796162e-08 tau=5.1538775002796162e-08 prediction=12.008321266580012 rho=0.31522177748953106 accept=1
  MFCG it  82 cost=2.476320e+05 lam=5.154e-08 tau=0.00e+00 cg_it=0 shift=0 ckpt=1 alpha=0 acc mv=231
PCG_PREP o=82 rebuild=1 drift=0 previous_depth=1
POINT_SAFE o=82 frozen=214 slope=-24.574969226160967 candidate=247640.06342004219 original=247628.09268532126 current=247631.98680440034 won=0 mode=1 camera_scale=1 keep_scale=0
ATTR_RADIUS o=82 raw_norm=36999.497323152093 norm=806.33814740741695 radius=1612.6762948148344 next_radius=1612.6762948148344 lambda=5.1538775002796162e-08 next_lambda=5.1538775002796162e-08 rho=0.32069783222087184 accept=1
CLASSICAL_LM o=82 lambda=5.1538775002796162e-08 tau=5.1538775002796162e-08 prediction=12.142642350002784 rho=0.32069783222087184 accept=1
  MFCG it  83 cost=2.476281e+05 lam=5.154e-08 tau=0.00e+00 cg_it=0 shift=0 ckpt=1 alpha=0 acc mv=233
PCG_PREP o=83 rebuild=1 drift=0 previous_depth=1
POINT_SAFE o=83 frozen=225 slope=-24.85168663277685 candidate=247635.97843565056 original=247624.08590628215 current=247628.09268532126 won=0 mode=1 camera_scale=1 keep_scale=0
ATTR_RADIUS o=83 raw_norm=36439.947145542275 norm=806.3381474074173 radius=1612.6762948148344 next_radius=1612.6762948148344 lambda=5.1538775002796162e-08 next_lambda=5.1538775002796162e-08 rho=0.32635458430840775 accept=1
CLASSICAL_LM o=83 lambda=5.1538775002796162e-08 tau=5.1538775002796162e-08 prediction=12.277379365131162 rho=0.32635458430840775 accept=1
  MFCG it  84 cost=2.476241e+05 lam=5.154e-08 tau=0.00e+00 cg_it=0 shift=0 ckpt=1 alpha=0 acc mv=235
PCG_PREP o=84 rebuild=1 drift=0 previous_depth=1
POINT_SAFE o=84 frozen=242 slope=-25.128155392653792 candidate=247631.7665907419 original=247619.96284343596 current=247624.08590628215 won=0 mode=1 camera_scale=1 keep_scale=0
ATTR_RADIUS o=84 raw_norm=35886.700390468999 norm=806.3381474074173 radius=1612.6762948148344 next_radius=1612.6762948148344 lambda=5.1538775002796162e-08 next_lambda=5.1538775002796162e-08 rho=0.33218635089771748 accept=1
CLASSICAL_LM o=84 lambda=5.1538775002796162e-08 tau=5.1538775002796162e-08 prediction=12.41189722289988 rho=0.33218635089771748 accept=1
  MFCG it  85 cost=2.476200e+05 lam=5.154e-08 tau=0.00e+00 cg_it=0 shift=0 ckpt=1 alpha=0 acc mv=237
PCG_PREP o=85 rebuild=1 drift=0 previous_depth=1
POINT_SAFE o=85 frozen=264 slope=-25.405375660767614 candidate=247627.42864779357 original=247615.72075178841 current=247619.96284343596 won=0 mode=1 camera_scale=1 keep_scale=0
ATTR_RADIUS o=85 raw_norm=35344.642401640012 norm=806.33814740741695 radius=1612.6762948148344 next_radius=1612.6762948148344 lambda=5.1538775002796162e-08 next_lambda=5.1538775002796162e-08 rho=0.33810514879936732 accept=1
CLASSICAL_LM o=85 lambda=5.1538775002796162e-08 tau=5.1538775002796162e-08 prediction=12.546663848855776 rho=0.33810514879936732 accept=1
  MFCG it  86 cost=2.476157e+05 lam=5.154e-08 tau=0.00e+00 cg_it=0 shift=0 ckpt=1 alpha=0 acc mv=239
PCG_PREP o=86 rebuild=1 drift=0 previous_depth=1
POINT_SAFE o=86 frozen=280 slope=-25.680152327721508 candidate=247622.95838146858 original=247611.3567364375 current=247615.72075178841 won=0 mode=1 camera_scale=1 keep_scale=0
ATTR_RADIUS o=86 raw_norm=34796.284783029827 norm=806.33814740741718 radius=1612.6762948148344 next_radius=1612.6762948148344 lambda=5.1538775002796162e-08 next_lambda=5.1538775002796162e-08 rho=0.34416082264320702 accept=1
CLASSICAL_LM o=86 lambda=5.1538775002796162e-08 tau=5.1538775002796162e-08 prediction=12.680163062686178 rho=0.34416082264320702 accept=1
  MFCG it  87 cost=2.476114e+05 lam=5.154e-08 tau=0.00e+00 cg_it=0 shift=0 ckpt=1 alpha=0 acc mv=241
PCG_PREP o=87 rebuild=1 drift=0 previous_depth=1
POINT_SAFE o=87 frozen=297 slope=-25.953421503477994 candidate=247618.35463305676 original=247606.86816482578 current=247611.3567364375 won=0 mode=1 camera_scale=1 keep_scale=0
ATTR_RADIUS o=87 raw_norm=34260.710096564595 norm=806.33814740741718 radius=1612.6762948148344 next_radius=1612.6762948148344 lambda=5.1538775002796162e-08 next_lambda=5.1538775002796162e-08 rho=0.35031946708732564 accept=1
CLASSICAL_LM o=87 lambda=5.1538775002796162e-08 tau=5.1538775002796162e-08 prediction=12.812795272404703 rho=0.35031946708732564 accept=1
  MFCG it  88 cost=2.476069e+05 lam=5.154e-08 tau=0.00e+00 cg_it=0 shift=0 ckpt=1 alpha=0 acc mv=243
PCG_PREP o=88 rebuild=1 drift=0 previous_depth=1
POINT_SAFE o=88 frozen=323 slope=-26.223304884841824 candidate=247613.61377155429 original=247602.25259370133 current=247606.86816482578 won=0 mode=1 camera_scale=1 keep_scale=0
ATTR_RADIUS o=88 raw_norm=33728.700671636434 norm=806.3381474074173 radius=1612.6762948148344 next_radius=1612.6762948148344 lambda=5.1538775002796162e-08 next_lambda=5.1538775002796162e-08 rho=0.35658955234059236 accept=1
CLASSICAL_LM o=88 lambda=5.1538775002796162e-08 tau=5.1538775002796162e-08 prediction=12.943652146155873 rho=0.35658955234059236 accept=1
  MFCG it  89 cost=2.476023e+05 lam=5.154e-08 tau=0.00e+00 cg_it=0 shift=0 ckpt=1 alpha=0 acc mv=245
PCG_PREP o=89 rebuild=1 drift=0 previous_depth=1
POINT_SAFE o=89 frozen=352 slope=-26.489691470469705 candidate=247608.7343888458 original=247597.50786828436 current=247602.25259370133 won=0 mode=1 camera_scale=1 keep_scale=0
ATTR_RADIUS o=89 raw_norm=33207.075117168119 norm=806.33814740741673 radius=1612.6762948148344 next_radius=1612.6762948148344 lambda=5.1538775002796162e-08 next_lambda=5.1538775002796162e-08 rho=0.36294982027071204 accept=1
CLASSICAL_LM o=89 lambda=5.1538775002796162e-08 tau=5.1538775002796162e-08 prediction=13.072676033916979 rho=0.36294982027071204 accept=1
  MFCG it  90 cost=2.475975e+05 lam=5.154e-08 tau=0.00e+00 cg_it=0 shift=0 ckpt=1 alpha=0 acc mv=247
PCG_PREP o=90 rebuild=1 drift=0 previous_depth=1
POINT_SAFE o=90 frozen=387 slope=-26.752886762955047 candidate=247603.71786754462 original=247592.63266345416 current=247597.50786828436 won=0 mode=1 camera_scale=1 keep_scale=0
ATTR_RADIUS o=90 raw_norm=32692.653483460519 norm=806.33814740741695 radius=1612.6762948148344 next_radius=1612.6762948148344 lambda=5.1538775002796162e-08 next_lambda=5.1538775002796162e-08 rho=0.3693336531692803 accept=1
CLASSICAL_LM o=90 lambda=5.1538775002796162e-08 tau=5.1538775002796162e-08 prediction=13.200001647191129 rho=0.3693336531692803 accept=1
  MFCG it  91 cost=2.475926e+05 lam=5.154e-08 tau=0.00e+00 cg_it=0 shift=0 ckpt=1 alpha=0 acc mv=249
PCG_PREP o=91 rebuild=1 drift=0 previous_depth=1
POINT_SAFE o=91 frozen=419 slope=-27.011191211019277 candidate=247598.56232055061 original=247587.62593506431 current=247592.63266345416 won=0 mode=1 camera_scale=1 keep_scale=0
ATTR_RADIUS o=91 raw_norm=32181.203821114384 norm=806.33814740741718 radius=1612.6762948148344 next_radius=1612.6762948148344 lambda=5.1538775002796162e-08 next_lambda=5.1538775002796162e-08 rho=0.37574555929404979 accept=1
CLASSICAL_LM o=91 lambda=5.1538775002796162e-08 tau=5.1538775002796162e-08 prediction=13.324783928943864 rho=0.37574555929404979 accept=1
  MFCG it  92 cost=2.475876e+05 lam=5.154e-08 tau=0.00e+00 cg_it=0 shift=0 ckpt=1 alpha=0 acc mv=251
PCG_PREP o=92 rebuild=1 drift=0 previous_depth=1
POINT_SAFE o=92 frozen=454 slope=-27.263846047197568 candidate=247593.2656565998 original=247582.48665225986 current=247587.62593506431 won=0 mode=1 camera_scale=1 keep_scale=0
ATTR_RADIUS o=92 raw_norm=31678.556356382942 norm=806.33814740741764 radius=1612.6762948148344 next_radius=1612.6762948148344 lambda=5.1538775002796162e-08 next_lambda=5.1538775002796162e-08 rho=0.382199836194687 accept=1
CLASSICAL_LM o=92 lambda=5.1538775002796162e-08 tau=5.1538775002796162e-08 prediction=13.44658557579884 rho=0.382199836194687 accept=1
  MFCG it  93 cost=2.475825e+05 lam=5.154e-08 tau=0.00e+00 cg_it=0 shift=0 ckpt=1 alpha=0 acc mv=253
PCG_PREP o=93 rebuild=1 drift=0 previous_depth=1
POINT_SAFE o=93 frozen=475 slope=-27.511622040019414 candidate=247587.83047089828 original=247577.2145189491 current=247582.48665225986 won=0 mode=1 camera_scale=1 keep_scale=0
ATTR_RADIUS o=93 raw_norm=31186.658586500645 norm=806.33814740741684 radius=1612.6762948148344 next_radius=1612.6762948148344 lambda=5.1538775002796162e-08 next_lambda=5.1538775002796162e-08 rho=0.3886347207562062 accept=1
CLASSICAL_LM o=93 lambda=5.1538775002796162e-08 tau=5.1538775002796162e-08 prediction=13.565780485344886 rho=0.3886347207562062 accept=1
  MFCG it  94 cost=2.475772e+05 lam=5.154e-08 tau=0.00e+00 cg_it=0 shift=0 ckpt=1 alpha=0 acc mv=255
PCG_PREP o=94 rebuild=1 drift=0 previous_depth=1
POINT_SAFE o=94 frozen=501 slope=-27.751607728508141 candidate=247582.25440279749 original=247571.80926688781 current=247577.2145189491 won=0 mode=1 camera_scale=1 keep_scale=0
ATTR_RADIUS o=94 raw_norm=30693.582170864171 norm=806.33814740741707 radius=1612.6762948148344 next_radius=1612.6762948148344 lambda=5.1538775002796162e-08 next_lambda=5.1538775002796162e-08 rho=0.39509012673056115 accept=1
CLASSICAL_LM o=94 lambda=5.1538775002796162e-08 tau=5.1538775002796162e-08 prediction=13.681060840519843 rho=0.39509012673056115 accept=1
  MFCG it  95 cost=2.475718e+05 lam=5.154e-08 tau=0.00e+00 cg_it=0 shift=0 ckpt=1 alpha=0 acc mv=257
PCG_PREP o=95 rebuild=1 drift=0 previous_depth=1
POINT_SAFE o=95 frozen=521 slope=-27.983792644775427 candidate=247576.53740760716 original=247566.27076422918 current=247571.80926688781 won=0 mode=1 camera_scale=1 keep_scale=0
ATTR_RADIUS o=95 raw_norm=30214.012627638564 norm=806.33814740741741 radius=1612.6762948148344 next_radius=1612.6762948148344 lambda=5.1538775002796162e-08 next_lambda=5.1538775002796162e-08 rho=0.40156328664099133 accept=1
CLASSICAL_LM o=95 lambda=5.1538775002796162e-08 tau=5.1538775002796162e-08 prediction=13.792353143034207 rho=0.40156328664099133 accept=1
  MFCG it  96 cost=2.475663e+05 lam=5.154e-08 tau=0.00e+00 cg_it=0 shift=0 ckpt=1 alpha=0 acc mv=259
PCG_PREP o=96 rebuild=1 drift=0 previous_depth=1
POINT_SAFE o=96 frozen=535 slope=-28.207442245190208 candidate=247570.68111559574 original=247560.59946686291 current=247566.27076422918 won=0 mode=1 camera_scale=1 keep_scale=0
ATTR_RADIUS o=96 raw_norm=29742.373559715001 norm=806.33814740741695 radius=1612.6762948148344 next_radius=1612.6762948148344 lambda=5.1538775002796162e-08 next_lambda=5.1538775002796162e-08 rho=0.40802673457454064 accept=1
CLASSICAL_LM o=96 lambda=5.1538775002796162e-08 tau=5.1538775002796162e-08 prediction=13.8993278765883 rho=0.40802673457454064 accept=1
  MFCG it  97 cost=2.475606e+05 lam=5.154e-08 tau=0.00e+00 cg_it=0 shift=0 ckpt=1 alpha=0 acc mv=261
PCG_PREP o=97 rebuild=1 drift=0 previous_depth=1
POINT_SAFE o=97 frozen=547 slope=-28.421479049573765 candidate=247564.68601326642 original=247554.79609679425 current=247560.59946686291 won=0 mode=1 camera_scale=1 keep_scale=0
ATTR_RADIUS o=97 raw_norm=29279.929280423214 norm=806.33814740741741 radius=1612.6762948148344 next_radius=1612.6762948148344 lambda=5.1538775002796162e-08 next_lambda=5.1538775002796162e-08 rho=0.4144832574144855 accept=1
CLASSICAL_LM o=97 lambda=5.1538775002796162e-08 tau=5.1538775002796162e-08 prediction=14.001458357728696 rho=0.4144832574144855 accept=1
  MFCG it  98 cost=2.475548e+05 lam=5.154e-08 tau=0.00e+00 cg_it=0 shift=0 ckpt=1 alpha=0 acc mv=263
PCG_PREP o=98 rebuild=1 drift=0 previous_depth=1
POINT_SAFE o=98 frozen=566 slope=-28.626207033573962 candidate=247558.55483998923 original=247548.8618621823 current=247554.79609679425 won=0 mode=1 camera_scale=1 keep_scale=0
ATTR_RADIUS o=98 raw_norm=28825.379658984337 norm=806.33814740741718 radius=1612.6762948148344 next_radius=1612.6762948148344 lambda=5.1538775002796162e-08 next_lambda=5.1538775002796162e-08 rho=0.42090194830675515 accept=1
CLASSICAL_LM o=98 lambda=5.1538775002796162e-08 tau=5.1538775002796162e-08 prediction=14.098852798911453 rho=0.42090194830675515 accept=1
  MFCG it  99 cost=2.475489e+05 lam=5.154e-08 tau=0.00e+00 cg_it=0 shift=0 ckpt=1 alpha=0 acc mv=265
PCG_PREP o=99 rebuild=1 drift=0 previous_depth=1
POINT_SAFE o=99 frozen=596 slope=-28.82042184956018 candidate=247552.28889921817 original=247542.79834411034 current=247548.8618621823 won=0 mode=1 camera_scale=1 keep_scale=0
ATTR_RADIUS o=99 raw_norm=28379.268495688215 norm=806.33814740741684 radius=1612.6762948148344 next_radius=1612.6762948148344 lambda=5.1538775002796162e-08 next_lambda=5.1538775002796162e-08 rho=0.42728262544745044 accept=1
CLASSICAL_LM o=99 lambda=5.1538775002796162e-08 tau=5.1538775002796162e-08 prediction=14.190883763656169 rho=0.42728262544745044 accept=1
  MFCG it 100 cost=2.475428e+05 lam=5.154e-08 tau=0.00e+00 cg_it=0 shift=0 ckpt=1 alpha=0 acc mv=267
PCG_PREP o=100 rebuild=1 drift=0 previous_depth=1
POINT_SAFE o=100 frozen=628 slope=-29.002992918214755 candidate=247545.88914823983 original=247536.60719205067 current=247542.79834411034 won=0 mode=1 camera_scale=1 keep_scale=0
ATTR_RADIUS o=100 raw_norm=27942.911895980127 norm=806.33814740741741 radius=1612.6762948148344 next_radius=1612.6762948148344 lambda=5.1538775002796162e-08 next_lambda=5.1538775002796162e-08 rho=0.43364397238775715 accept=1
CLASSICAL_LM o=100 lambda=5.1538775002796162e-08 tau=5.1538775002796162e-08 prediction=14.277039354627071 rho=0.43364397238775715 accept=1
  MFCG it 101 cost=2.475366e+05 lam=5.154e-08 tau=0.00e+00 cg_it=0 shift=0 ckpt=1 alpha=0 acc mv=269
PCG_PREP o=101 rebuild=1 drift=0 previous_depth=1
POINT_SAFE o=101 frozen=663 slope=-29.176151771167579 candidate=247539.36267568625 original=247530.29090067692 current=247536.60719205067 won=0 mode=1 camera_scale=1 keep_scale=0
ATTR_RADIUS o=101 raw_norm=27514.91801880319 norm=806.33814740741741 radius=1612.6762948148344 next_radius=1612.6762948148344 lambda=5.1538775002796162e-08 next_lambda=5.1538775002796162e-08 rho=0.43990252921675971 accept=1
CLASSICAL_LM o=101 lambda=5.1538775002796162e-08 tau=5.1538775002796162e-08 prediction=14.358388402524085 rho=0.43990252921675971 accept=1
  MFCG it 102 cost=2.475303e+05 lam=5.154e-08 tau=0.00e+00 cg_it=0 shift=0 ckpt=1 alpha=0 acc mv=271
PCG_PREP o=102 rebuild=1 drift=0 previous_depth=1
POINT_SAFE o=102 frozen=693 slope=-29.337343322720599 candidate=247532.7101975519 original=247523.85214818947 current=247530.29090067692 won=0 mode=1 camera_scale=1 keep_scale=0
ATTR_RADIUS o=102 raw_norm=27090.095009507666 norm=806.33814740741695 radius=1612.6762948148344 next_radius=1612.6762948148344 lambda=5.1538775002796162e-08 next_lambda=5.1538775002796162e-08 rho=0.44609189657143539 accept=1
CLASSICAL_LM o=102 lambda=5.1538775002796162e-08 tau=5.1538775002796162e-08 prediction=14.43369076402012 rho=0.44609189657143539 accept=1
  MFCG it 103 cost=2.475239e+05 lam=5.154e-08 tau=0.00e+00 cg_it=0 shift=0 ckpt=1 alpha=0 acc mv=273
PCG_PREP o=103 rebuild=1 drift=0 previous_depth=1
POINT_SAFE o=103 frozen=705 slope=-29.482533743013473 candidate=247525.92854757109 original=247517.29303483164 current=247523.85214818947 won=0 mode=1 camera_scale=1 keep_scale=0
ATTR_RADIUS o=103 raw_norm=26684.792414124669 norm=806.33814740741741 radius=1612.6762948148344 next_radius=1612.6762948148344 lambda=5.1538775002796162e-08 next_lambda=5.1538775002796162e-08 rho=0.45231970856744252 accept=1
CLASSICAL_LM o=103 lambda=5.1538775002796162e-08 tau=5.1538775002796162e-08 prediction=14.50105585405707 rho=0.45231970856744252 accept=1
  MFCG it 104 cost=2.475173e+05 lam=5.154e-08 tau=0.00e+00 cg_it=0 shift=0 ckpt=1 alpha=0 acc mv=275
PCG_PREP o=104 rebuild=1 drift=0 previous_depth=1
POINT_SAFE o=104 frozen=733 slope=-29.61675446617085 candidate=247519.02890856966 original=247510.61674144861 current=247517.29303483164 won=0 mode=1 camera_scale=1 keep_scale=0
ATTR_RADIUS o=104 raw_norm=26279.825528419362 norm=806.3381474074173 radius=1612.6762948148344 next_radius=1612.6762948148344 lambda=5.1538775002796162e-08 next_lambda=5.1538775002796162e-08 rho=0.45844517985405142 accept=1
CLASSICAL_LM o=104 lambda=5.1538775002796162e-08 tau=5.1538775002796162e-08 prediction=14.562904522538009 rho=0.45844517985405142 accept=1
  MFCG it 105 cost=2.475106e+05 lam=5.154e-08 tau=0.00e+00 cg_it=0 shift=0 ckpt=1 alpha=0 acc mv=277
PCG_PREP o=105 rebuild=1 drift=0 previous_depth=1
POINT_SAFE o=105 frozen=770 slope=-29.738644949628622 candidate=247512.01542553873 original=247503.82704594283 current=247510.61674144861 won=0 mode=1 camera_scale=1 keep_scale=0
ATTR_RADIUS o=105 raw_norm=25883.698224084299 norm=806.33814740741741 radius=1612.6762948148344 next_radius=1612.6762948148344 lambda=5.1538775002796162e-08 next_lambda=5.1538775002796162e-08 rho=0.46445687018797932 accept=1
CLASSICAL_LM o=105 lambda=5.1538775002796162e-08 tau=5.1538775002796162e-08 prediction=14.618570510179797 rho=0.46445687018797932 accept=1
  MFCG it 106 cost=2.475038e+05 lam=5.154e-08 tau=0.00e+00 cg_it=0 shift=0 ckpt=1 alpha=0 acc mv=279
PCG_PREP o=106 rebuild=1 drift=0 previous_depth=1
POINT_SAFE o=106 frozen=784 slope=-29.845804197923893 candidate=247504.88774927554 original=247496.92723880999 current=247503.82704594283 won=0 mode=1 camera_scale=1 keep_scale=0
ATTR_RADIUS o=106 raw_norm=25498.824846682619 norm=806.33814740741718 radius=1612.6762948148344 next_radius=1612.6762948148344 lambda=5.1538775002796162e-08 next_lambda=5.1538775002796162e-08 rho=0.47043351971830827 accept=1
CLASSICAL_LM o=106 lambda=5.1538775002796162e-08 tau=5.1538775002796162e-08 prediction=14.66691220678813 rho=0.47043351971830827 accept=1
  MFCG it 107 cost=2.474969e+05 lam=5.154e-08 tau=0.00e+00 cg_it=0 shift=0 ckpt=1 alpha=0 acc mv=281
PCG_PREP o=107 rebuild=1 drift=0 previous_depth=1
POINT_SAFE o=107 frozen=802 slope=-29.940261372607331 candidate=247497.65374311333 original=247489.92125812214 current=247496.92723880999 won=0 mode=1 camera_scale=1 keep_scale=0
ATTR_RADIUS o=107 raw_norm=25122.225804901769 norm=806.33814740741695 radius=1612.6762948148344 next_radius=1612.6762948148344 lambda=5.1538775002796162e-08 next_lambda=5.1538775002796162e-08 rho=0.47630784802051329 accept=1
CLASSICAL_LM o=107 lambda=5.1538775002796162e-08 tau=5.1538775002796162e-08 prediction=14.708933974051336 rho=0.47630784802051329 accept=1
  MFCG it 108 cost=2.474899e+05 lam=5.154e-08 tau=0.00e+00 cg_it=0 shift=0 ckpt=1 alpha=0 acc mv=283
PCG_PREP o=108 rebuild=1 drift=0 previous_depth=1
POINT_SAFE o=108 frozen=813 slope=-30.019372766240178 candidate=247490.31484715448 original=247482.81301172692 current=247489.92125812214 won=0 mode=1 camera_scale=1 keep_scale=0
ATTR_RADIUS o=108 raw_norm=24754.766860288441 norm=806.33814740741718 radius=1612.6762948148344 next_radius=1612.6762948148344 lambda=5.1538775002796162e-08 next_lambda=5.1538775002796162e-08 rho=0.48213152267779918 accept=1
CLASSICAL_LM o=108 lambda=5.1538775002796162e-08 tau=5.1538775002796162e-08 prediction=14.743376155408972 rho=0.48213152267779918 accept=1
  MFCG it 109 cost=2.474828e+05 lam=5.154e-08 tau=0.00e+00 cg_it=0 shift=0 ckpt=1 alpha=0 acc mv=285
PCG_PREP o=109 rebuild=1 drift=0 previous_depth=1
POINT_SAFE o=109 frozen=825 slope=-30.081662390214227 candidate=247482.8734504634 original=247475.60634352214 current=247482.81301172692 won=0 mode=1 camera_scale=1 keep_scale=0
ATTR_RADIUS o=109 raw_norm=24398.398540631209 norm=806.33814740741718 radius=1612.6762948148344 next_radius=1612.6762948148344 lambda=5.1538775002796162e-08 next_lambda=5.1538775002796162e-08 rho=0.48794040645189268 accept=1
CLASSICAL_LM o=109 lambda=5.1538775002796162e-08 tau=5.1538775002796162e-08 prediction=14.76956634351612 rho=0.48794040645189268 accept=1
  MFCG it 110 cost=2.474756e+05 lam=5.154e-08 tau=0.00e+00 cg_it=0 shift=0 ckpt=1 alpha=0 acc mv=287
PCG_PREP o=110 rebuild=1 drift=0 previous_depth=1
ATTR_RADIUS o=110 raw_norm=24050.086720430409 norm=0 radius=1612.6762948148344 next_radius=403.16907370370859 lambda=5.1538775002796162e-08 next_lambda=8.2462040004473859e-07 rho=0.0078178275174048597 accept=0
CLASSICAL_LM o=110 lambda=5.1538775002796162e-08 tau=5.1538775002796162e-08 prediction=29.050406552676826 rho=0.0078178275174048597 accept=0
  MFCG it 111  retry 1/8  lam=8.246e-07 tau_eff=5.154e-08  (assembly reused)
PCG_PREP o=110 rebuild=1 drift=0 previous_depth=1
ATTR_RADIUS o=110 raw_norm=1886.7381621902762 norm=403.1690737037087 radius=403.16907370370859 next_radius=806.33814740741718 lambda=8.2462040004473859e-07 next_lambda=2.0615510001118465e-07 rho=0.97270025432838159 accept=1
CLASSICAL_LM o=110 lambda=8.2462040004473859e-07 tau=8.2462040004473859e-07 prediction=82.627973790050874 rho=0.97270025432838159 accept=1
  MFCG it 111 cost=2.473952e+05 lam=2.062e-07 tau=0.00e+00 cg_it=0 shift=0 ckpt=1 alpha=0 acc mv=291
PCG_PREP o=111 rebuild=1 drift=0 previous_depth=1
ATTR_RADIUS o=111 raw_norm=5794.5367521387388 norm=806.33814740741718 radius=806.33814740741718 next_radius=1612.6762948148344 lambda=2.0615510001118465e-07 next_lambda=5.1538775002796162e-08 rho=1.0019327977950401 accept=1
CLASSICAL_LM o=111 lambda=2.0615510001118465e-07 tau=2.0615510001118465e-07 prediction=159.25744380530375 rho=1.0019327977950401 accept=1
  MFCG it 112 cost=2.472357e+05 lam=5.154e-08 tau=0.00e+00 cg_it=1 shift=0 ckpt=2 alpha=0 acc mv=294
PCG_PREP o=112 rebuild=1 drift=0 previous_depth=2
ATTR_RADIUS o=112 raw_norm=10517.113062937126 norm=1612.6762948148346 radius=1612.6762948148344 next_radius=3225.3525896296687 lambda=5.1538775002796162e-08 next_lambda=5.1538775002796162e-08 rho=0.9397145124614763 accept=1
CLASSICAL_LM o=112 lambda=5.1538775002796162e-08 tau=5.1538775002796162e-08 prediction=150.2105914706105 rho=0.9397145124614763 accept=1
  MFCG it 113 cost=2.470945e+05 lam=5.154e-08 tau=0.00e+00 cg_it=1 shift=0 ckpt=2 alpha=0 acc mv=297
PCG_PREP o=113 rebuild=1 drift=0 previous_depth=2
ATTR_RADIUS o=113 raw_norm=37429.266550950502 norm=0 radius=3225.3525896296687 next_radius=806.33814740741718 lambda=5.1538775002796162e-08 next_lambda=8.2462040004473859e-07 rho=0.058968725529198976 accept=0
CLASSICAL_LM o=113 lambda=5.1538775002796162e-08 tau=5.1538775002796162e-08 prediction=83.342787975736726 rho=0.058968725529198976 accept=0
  MFCG it 114  retry 1/8  lam=8.246e-07 tau_eff=5.154e-08  (assembly reused)
PCG_PREP o=113 rebuild=1 drift=0 previous_depth=3
ATTR_RADIUS o=113 raw_norm=5578.951187024556 norm=806.3381474074173 radius=806.33814740741718 next_radius=1612.6762948148344 lambda=8.2462040004473859e-07 next_lambda=2.0615510001118465e-07 rho=1.0084136257915015 accept=1
CLASSICAL_LM o=113 lambda=8.2462040004473859e-07 tau=8.2462040004473859e-07 prediction=115.36062344238923 rho=1.0084136257915015 accept=1
  MFCG it 114 cost=2.469782e+05 lam=2.062e-07 tau=0.00e+00 cg_it=1 shift=0 ckpt=2 alpha=0 acc mv=304
PCG_PREP o=114 rebuild=1 drift=0 previous_depth=2
ATTR_RADIUS o=114 raw_norm=13045.360090103793 norm=1612.6762948148346 radius=1612.6762948148344 next_radius=3225.3525896296687 lambda=2.0615510001118465e-07 next_lambda=5.1538775002796162e-08 rho=0.88590894965252853 accept=1
CLASSICAL_LM o=114 lambda=2.0615510001118465e-07 tau=2.0615510001118465e-07 prediction=94.591048946317727 rho=0.88590894965252853 accept=1
  MFCG it 115 cost=2.468944e+05 lam=5.154e-08 tau=0.00e+00 cg_it=2 shift=0 ckpt=3 alpha=0 acc mv=308
PCG_PREP o=115 rebuild=1 drift=0 previous_depth=3
POINT_SAFE o=115 frozen=337 slope=-18.176035616978815 candidate=246952.1103543264 original=246893.84380370955 current=246894.38348205236 won=0 mode=1 camera_scale=1 keep_scale=0
ATTR_RADIUS o=115 raw_norm=30069.426325404143 norm=806.33814740741741 radius=3225.3525896296687 next_radius=806.33814740741718 lambda=5.1538775002796162e-08 next_lambda=8.2462040004473859e-07 rho=0.12072841246728129 accept=1
CLASSICAL_LM o=115 lambda=5.1538775002796162e-08 tau=5.1538775002796162e-08 prediction=4.4701850358653692 rho=0.12072841246728129 accept=1
  MFCG it 116 cost=2.468938e+05 lam=8.246e-07 tau=0.00e+00 cg_it=0 shift=0 ckpt=1 alpha=0 acc mv=310
PCG_PREP o=116 rebuild=1 drift=0 previous_depth=1
ATTR_RADIUS o=116 raw_norm=5324.5341602520994 norm=806.33814740741718 radius=806.33814740741718 next_radius=1612.6762948148344 lambda=8.2462040004473859e-07 next_lambda=2.0615510001118465e-07 rho=1.0098577169613188 accept=1
CLASSICAL_LM o=116 lambda=8.2462040004473859e-07 tau=8.2462040004473859e-07 prediction=86.038943708843092 rho=1.0098577169613188 accept=1
  MFCG it 117 cost=2.468070e+05 lam=2.062e-07 tau=0.00e+00 cg_it=1 shift=0 ckpt=2 alpha=0 acc mv=313
PCG_PREP o=117 rebuild=1 drift=0 previous_depth=2
ATTR_RADIUS o=117 raw_norm=11255.388049989257 norm=1612.6762948148344 radius=1612.6762948148344 next_radius=3225.3525896296687 lambda=2.0615510001118465e-07 next_lambda=5.1538775002796162e-08 rho=0.87776690252853729 accept=1
CLASSICAL_LM o=117 lambda=2.0615510001118465e-07 tau=2.0615510001118465e-07 prediction=78.688545909754637 rho=0.87776690252853729 accept=1
  MFCG it 118 cost=2.467379e+05 lam=5.154e-08 tau=0.00e+00 cg_it=2 shift=0 ckpt=3 alpha=0 acc mv=317
PCG_PREP o=118 rebuild=1 drift=0 previous_depth=3
POINT_SAFE o=118 frozen=261 slope=-15.263680187185388 candidate=246795.26071176017 original=246737.81764034636 current=246737.88651123829 won=0 mode=1 camera_scale=1 keep_scale=0
ATTR_RADIUS o=118 raw_norm=27838.194900218255 norm=3225.3525896296701 radius=3225.3525896296687 next_radius=806.33814740741718 lambda=5.1538775002796162e-08 next_lambda=8.2462040004473859e-07 rho=0.0183584566598116 accept=0
CLASSICAL_LM o=118 lambda=5.1538775002796162e-08 tau=5.1538775002796162e-08 prediction=3.751453251737348 rho=0.0183584566598116 accept=0
  MFCG it 119  retry 1/8  lam=8.246e-07 tau_eff=5.154e-08  (assembly reused)
PCG_PREP o=118 rebuild=1 drift=0 previous_depth=1
ATTR_RADIUS o=118 raw_norm=2218.6613300189183 norm=806.33814740741718 radius=806.33814740741718 next_radius=1612.6762948148344 lambda=8.2462040004473859e-07 next_lambda=2.0615510001118465e-07 rho=0.92219615415605005 accept=1
CLASSICAL_LM o=118 lambda=8.2462040004473859e-07 tau=8.2462040004473859e-07 prediction=31.342460620509346 rho=0.92219615415605005 accept=1
  MFCG it 119 cost=2.467090e+05 lam=2.062e-07 tau=0.00e+00 cg_it=0 shift=0 ckpt=1 alpha=0 acc mv=321
PCG_PREP o=119 rebuild=1 drift=0 previous_depth=1
ATTR_RADIUS o=119 raw_norm=10141.762263435108 norm=1612.6762948148341 radius=1612.6762948148344 next_radius=3225.3525896296687 lambda=2.0615510001118465e-07 next_lambda=5.1538775002796162e-08 rho=0.90118110981819277 accept=1
CLASSICAL_LM o=119 lambda=2.0615510001118465e-07 tau=2.0615510001118465e-07 prediction=66.497215860073652 rho=0.90118110981819277 accept=1
  MFCG it 120 cost=2.466491e+05 lam=5.154e-08 tau=0.00e+00 cg_it=2 shift=0 ckpt=3 alpha=0 acc mv=325
PCG_PREP o=120 rebuild=1 drift=0 previous_depth=3
POINT_SAFE o=120 frozen=180 slope=-11.050921376796383 candidate=246699.19418638558 original=246648.38955194189 current=246649.05657980367 won=0 mode=1 camera_scale=1 keep_scale=0
ATTR_RADIUS o=120 raw_norm=27120.140065928386 norm=403.16907370370842 radius=3225.3525896296687 next_radius=3225.3525896296687 lambda=5.1538775002796162e-08 next_lambda=5.1538775002796162e-08 rho=0.48723861854024131 accept=1
CLASSICAL_LM o=120 lambda=5.1538775002796162e-08 tau=5.1538775002796162e-08 prediction=1.368996291345955 rho=0.48723861854024131 accept=1
  MFCG it 121 cost=2.466484e+05 lam=5.154e-08 tau=0.00e+00 cg_it=0 shift=0 ckpt=1 alpha=0 acc mv=327
PCG_PREP o=121 rebuild=1 drift=0 previous_depth=1
POINT_SAFE o=121 frozen=207 slope=-10.987283797576493 candidate=246698.71752921338 original=246647.73184288861 current=246648.38955194189 won=0 mode=1 camera_scale=1 keep_scale=0
ATTR_RADIUS o=121 raw_norm=26857.30473850765 norm=403.16907370370853 radius=3225.3525896296687 next_radius=3225.3525896296687 lambda=5.1538775002796162e-08 next_lambda=5.1538775002796162e-08 rho=0.48298051566724132 accept=1
CLASSICAL_LM o=121 lambda=5.1538775002796162e-08 tau=5.1538775002796162e-08 prediction=1.361771400596494 rho=0.48298051566724132 accept=1
  MFCG it 122 cost=2.466477e+05 lam=5.154e-08 tau=0.00e+00 cg_it=0 shift=0 ckpt=1 alpha=0 acc mv=329
PCG_PREP o=122 rebuild=1 drift=0 previous_depth=1
POINT_SAFE o=122 frozen=231 slope=-10.946348505863146 candidate=246698.32667287198 original=246647.08149643603 current=246647.73184288861 won=0 mode=1 camera_scale=1 keep_scale=0
ATTR_RADIUS o=122 raw_norm=26590.677479118691 norm=403.16907370370865 radius=3225.3525896296687 next_radius=3225.3525896296687 lambda=5.1538775002796162e-08 next_lambda=5.1538775002796162e-08 rho=0.47908888450268849 accept=1
CLASSICAL_LM o=122 lambda=5.1538775002796162e-08 tau=5.1538775002796162e-08 prediction=1.3574651251804679 rho=0.47908888450268849 accept=1
  MFCG it 123 cost=2.466471e+05 lam=5.154e-08 tau=0.00e+00 cg_it=0 shift=0 ckpt=1 alpha=0 acc mv=331
PCG_PREP o=123 rebuild=1 drift=0 previous_depth=1
POINT_SAFE o=123 frozen=253 slope=-10.928108981947634 candidate=246697.90158625884 original=246646.43603222931 current=246647.08149643603 won=0 mode=1 camera_scale=1 keep_scale=0
ATTR_RADIUS o=123 raw_norm=26328.457950467808 norm=403.16907370370853 radius=3225.3525896296687 next_radius=3225.3525896296687 lambda=5.1538775002796162e-08 next_lambda=5.1538775002796162e-08 rho=0.47617416400553697 accept=1
CLASSICAL_LM o=123 lambda=5.1538775002796162e-08 tau=5.1538775002796162e-08 prediction=1.3555212683023397 rho=0.47617416400553697 accept=1
  MFCG it 124 cost=2.466464e+05 lam=5.154e-08 tau=0.00e+00 cg_it=0 shift=0 ckpt=1 alpha=0 acc mv=333
PCG_PREP o=124 rebuild=1 drift=0 previous_depth=1
POINT_SAFE o=124 frozen=278 slope=-10.925420796094242 candidate=246697.40887906763 original=246645.7931457517 current=246646.43603222931 won=0 mode=1 camera_scale=1 keep_scale=0
ATTR_RADIUS o=124 raw_norm=26076.45375067657 norm=403.16907370370865 radius=3225.3525896296687 next_radius=3225.3525896296687 lambda=5.1538775002796162e-08 next_lambda=5.1538775002796162e-08 rho=0.47430316739556566 accept=1
CLASSICAL_LM o=124 lambda=5.1538775002796162e-08 tau=5.1538775002796162e-08 prediction=1.3554336588979607 rho=0.47430316739556566 accept=1
  MFCG it 125 cost=2.466458e+05 lam=5.154e-08 tau=0.00e+00 cg_it=0 shift=0 ckpt=1 alpha=0 acc mv=335
PCG_PREP o=125 rebuild=1 drift=0 previous_depth=1
POINT_SAFE o=125 frozen=294 slope=-10.935904947364563 candidate=246696.95348976139 original=246645.15170859994 current=246645.7931457517 won=0 mode=1 camera_scale=1 keep_scale=0
ATTR_RADIUS o=125 raw_norm=25827.395026579481 norm=403.16907370370876 radius=3225.3525896296687 next_radius=3225.3525896296687 lambda=5.1538775002796162e-08 next_lambda=5.1538775002796162e-08 rho=0.47271358185169055 accept=1
CLASSICAL_LM o=125 lambda=5.1538775002796162e-08 tau=5.1538775002796162e-08 prediction=1.3569255811261489 rho=0.47271358185169055 accept=1
  MFCG it 126 cost=2.466452e+05 lam=5.154e-08 tau=0.00e+00 cg_it=0 shift=0 ckpt=1 alpha=0 acc mv=337
PCG_PREP o=126 rebuild=1 drift=0 previous_depth=1
POINT_SAFE o=126 frozen=311 slope=-10.956649734881104 candidate=246696.49496908596 original=246644.51053041304 current=246645.15170859994 won=0 mode=1 camera_scale=1 keep_scale=0
ATTR_RADIUS o=126 raw_norm=25564.129729863871 norm=403.16907370370842 radius=3225.3525896296687 next_radius=3225.3525896296687 lambda=5.1538775002796162e-08 next_lambda=5.1538775002796162e-08 rho=0.47156554260429756 accept=1
CLASSICAL_LM o=126 lambda=5.1538775002796162e-08 tau=5.1538775002796162e-08 prediction=1.3596798938161334 rho=0.47156554260429756 accept=1
  MFCG it 127 cost=2.466445e+05 lam=5.154e-08 tau=0.00e+00 cg_it=0 shift=0 ckpt=1 alpha=0 acc mv=339
PCG_PREP o=127 rebuild=1 drift=0 previous_depth=1
POINT_SAFE o=127 frozen=327 slope=-10.985441771285741 candidate=246696.01673408138 original=246643.86845983242 current=246644.51053041304 won=0 mode=1 camera_scale=1 keep_scale=0
ATTR_RADIUS o=127 raw_norm=25383.888198521112 norm=403.16907370370865 radius=3225.3525896296687 next_radius=3225.3525896296687 lambda=5.1538775002796162e-08 next_lambda=5.1538775002796162e-08 rho=0.47089793531749602 accept=1
CLASSICAL_LM o=127 lambda=5.1538775002796162e-08 tau=5.1538775002796162e-08 prediction=1.3635026456215102 rho=0.47089793531749602 accept=1
  MFCG: converged (OCA_FTOL: 8 outers < 1.0e-05 rel)
  [menu-backtrack] confirming stop with original retry policy at outer 128
  MFCG it 128 cost=2.466439e+05 lam=5.154e-08 tau=0.00e+00 cg_it=0 shift=0 ckpt=1 alpha=0 acc mv=341
PCG_PREP o=128 rebuild=1 drift=0 previous_depth=1
ATTR_RADIUS o=128 raw_norm=25086.334139520131 norm=3225.3525896296674 radius=3225.3525896296687 next_radius=806.33814740741718 lambda=5.1538775002796162e-08 next_lambda=8.2462040004473859e-07 rho=-1 accept=0
CLASSICAL_LM o=128 lambda=5.1538775002796162e-08 tau=5.1538775002796162e-08 prediction=10.411316985853516 rho=-1 accept=0
  MFCG it 129  retry 1/8  lam=8.246e-07 tau_eff=5.154e-08  (assembly reused)
PCG_PREP o=128 rebuild=1 drift=0 previous_depth=1
ATTR_RADIUS o=128 raw_norm=2072.4988671659089 norm=806.3381474074173 radius=806.33814740741718 next_radius=1612.6762948148344 lambda=8.2462040004473859e-07 next_lambda=2.0615510001118465e-07 rho=0.9248668625926354 accept=1
CLASSICAL_LM o=128 lambda=8.2462040004473859e-07 tau=8.2462040004473859e-07 prediction=22.093647833519938 rho=0.9248668625926354 accept=1
  MFCG it 129 cost=2.466234e+05 lam=2.062e-07 tau=0.00e+00 cg_it=0 shift=0 ckpt=1 alpha=0 acc mv=345
PCG_PREP o=129 rebuild=1 drift=0 previous_depth=1
ATTR_RADIUS o=129 raw_norm=8627.4601197815009 norm=1612.6762948148339 radius=1612.6762948148344 next_radius=3225.3525896296687 lambda=2.0615510001118465e-07 next_lambda=5.1538775002796162e-08 rho=0.9222514370965893 accept=1
CLASSICAL_LM o=129 lambda=2.0615510001118465e-07 tau=2.0615510001118465e-07 prediction=58.138620981903586 rho=0.9222514370965893 accept=1
  [menu-backtrack] rearmed after meaningful confirmation progress at outer 130
  MFCG it 130 cost=2.465698e+05 lam=5.154e-08 tau=0.00e+00 cg_it=2 shift=0 ckpt=3 alpha=0 acc mv=349
PCG_PREP o=130 rebuild=1 drift=0 previous_depth=3
POINT_SAFE o=130 frozen=124 slope=-8.7200156769908368 candidate=246615.7548283654 original=246569.29959902342 current=246569.81635032603 won=0 mode=1 camera_scale=1 keep_scale=0
ATTR_RADIUS o=130 raw_norm=23668.338953665148 norm=403.16907370370859 radius=3225.3525896296687 next_radius=3225.3525896296687 lambda=5.1538775002796162e-08 next_lambda=5.1538775002796162e-08 rho=0.47886128154563806 accept=1
CLASSICAL_LM o=130 lambda=5.1538775002796162e-08 tau=5.1538775002796162e-08 prediction=1.0791252551093327 rho=0.47886128154563806 accept=1
  MFCG it 131 cost=2.465693e+05 lam=5.154e-08 tau=0.00e+00 cg_it=0 shift=0 ckpt=1 alpha=0 acc mv=351
PCG_PREP o=131 rebuild=1 drift=0 previous_depth=1
POINT_SAFE o=131 frozen=145 slope=-8.66160255834507 candidate=246615.4839883114 original=246568.79306601814 current=246569.29959902342 won=0 mode=1 camera_scale=1 keep_scale=0
ATTR_RADIUS o=131 raw_norm=23452.139304472472 norm=403.1690737037087 radius=3225.3525896296687 next_radius=3225.3525896296687 lambda=5.1538775002796162e-08 next_lambda=5.1538775002796162e-08 rho=0.47225712011095061 accept=1
CLASSICAL_LM o=131 lambda=5.1538775002796162e-08 tau=5.1538775002796162e-08 prediction=1.0725788637253981 rho=0.47225712011095061 accept=1
  MFCG it 132 cost=2.465688e+05 lam=5.154e-08 tau=0.00e+00 cg_it=0 shift=0 ckpt=1 alpha=0 acc mv=353
PCG_PREP o=132 rebuild=1 drift=0 previous_depth=1
POINT_SAFE o=132 frozen=169 slope=-8.6291106426472393 candidate=246615.17908963934 original=246568.29356513848 current=246568.79306601814 won=0 mode=1 camera_scale=1 keep_scale=0
ATTR_RADIUS o=132 raw_norm=23219.721794248067 norm=403.16907370370859 radius=3225.3525896296687 next_radius=3225.3525896296687 lambda=5.1538775002796162e-08 next_lambda=5.1538775002796162e-08 rho=0.46721566399268083 accept=1
CLASSICAL_LM o=132 lambda=5.1538775002796162e-08 tau=5.1538775002796162e-08 prediction=1.0691013126573077 rho=0.46721566399268083 accept=1
  MFCG it 133 cost=2.465683e+05 lam=5.154e-08 tau=0.00e+00 cg_it=0 shift=0 ckpt=1 alpha=0 acc mv=355
PCG_PREP o=133 rebuild=1 drift=0 previous_depth=1
POINT_SAFE o=133 frozen=195 slope=-8.618104577055469 candidate=246614.88520479703 original=246567.79882140592 current=246568.29356513848 won=0 mode=1 camera_scale=1 keep_scale=0
ATTR_RADIUS o=133 raw_norm=22990.963617669535 norm=403.1690737037087 radius=3225.3525896296687 next_radius=3225.3525896296687 lambda=5.1538775002796162e-08 next_lambda=5.1538775002796162e-08 rho=0.46320183323664266 accept=1
CLASSICAL_LM o=133 lambda=5.1538775002796162e-08 tau=5.1538775002796162e-08 prediction=1.068095368068491 rho=0.46320183323664266 accept=1
  MFCG it 134 cost=2.465678e+05 lam=5.154e-08 tau=0.00e+00 cg_it=0 shift=0 ckpt=1 alpha=0 acc mv=357
PCG_PREP o=134 rebuild=1 drift=0 previous_depth=1
POINT_SAFE o=134 frozen=216 slope=-8.6232371679562121 candidate=246614.6241481778 original=246567.30718009721 current=246567.79882140592 won=0 mode=1 camera_scale=1 keep_scale=0
ATTR_RADIUS o=134 raw_norm=22777.446752875752 norm=403.16907370370876 radius=3225.3525896296687 next_radius=3225.3525896296687 lambda=5.1538775002796162e-08 next_lambda=5.1538775002796162e-08 rho=0.45987084328155869 accept=1
CLASSICAL_LM o=134 lambda=5.1538775002796162e-08 tau=5.1538775002796162e-08 prediction=1.0690856267307349 rho=0.45987084328155869 accept=1
  MFCG it 135 cost=2.465673e+05 lam=5.154e-08 tau=0.00e+00 cg_it=0 shift=0 ckpt=1 alpha=0 acc mv=359
PCG_PREP o=135 rebuild=1 drift=0 previous_depth=1
POINT_SAFE o=135 frozen=231 slope=-8.6413164963303259 candidate=246614.28233590649 original=246566.81661883576 current=246567.30718009721 won=0 mode=1 camera_scale=1 keep_scale=0
ATTR_RADIUS o=135 raw_norm=22571.198140412896 norm=403.16907370370865 radius=3225.3525896296687 next_radius=3225.3525896296687 lambda=5.1538775002796162e-08 next_lambda=5.1538775002796162e-08 rho=0.45780423239065965 accept=1
CLASSICAL_LM o=135 lambda=5.1538775002796162e-08 tau=5.1538775002796162e-08 prediction=1.0715524819227862 rho=0.45780423239065965 accept=1
  MFCG it 136 cost=2.465668e+05 lam=5.154e-08 tau=0.00e+00 cg_it=0 shift=0 ckpt=1 alpha=0 acc mv=361
PCG_PREP o=136 rebuild=1 drift=0 previous_depth=1
POINT_SAFE o=136 frozen=246 slope=-8.6711407751307839 candidate=246614.05321169921 original=246566.32662955843 current=246566.81661883576 won=0 mode=1 camera_scale=1 keep_scale=0
ATTR_RADIUS o=136 raw_norm=22315.144152902983 norm=403.1690737037087 radius=3225.3525896296687 next_radius=3225.3525896296687 lambda=5.1538775002796162e-08 next_lambda=5.1538775002796162e-08 rho=0.45561467047677451 accept=1
CLASSICAL_LM o=136 lambda=5.1538775002796162e-08 tau=5.1538775002796162e-08 prediction=1.0754466637606153 rho=0.45561467047677451 accept=1
  MFCG it 137 cost=2.465663e+05 lam=5.154e-08 tau=0.00e+00 cg_it=0 shift=0 ckpt=1 alpha=0 acc mv=363
PCG_PREP o=137 rebuild=1 drift=0 previous_depth=1
POINT_SAFE o=137 frozen=264 slope=-8.7086970517963174 candidate=246613.74609195438 original=246565.83574748476 current=246566.32662955843 won=0 mode=1 camera_scale=1 keep_scale=0
ATTR_RADIUS o=137 raw_norm=22154.534598586855 norm=403.16907370370865 radius=3225.3525896296687 next_radius=3225.3525896296687 lambda=5.1538775002796162e-08 next_lambda=5.1538775002796162e-08 rho=0.45441684562163853 accept=1
CLASSICAL_LM o=137 lambda=5.1538775002796162e-08 tau=5.1538775002796162e-08 prediction=1.0802462065486615 rho=0.45441684562163853 accept=1
  MFCG: converged (OCA_FTOL: 8 outers < 1.0e-05 rel)
  [menu-backtrack] confirming stop with original retry policy at outer 138
  MFCG it 138 cost=2.465658e+05 lam=5.154e-08 tau=0.00e+00 cg_it=0 shift=0 ckpt=1 alpha=0 acc mv=365
PCG_PREP o=138 rebuild=1 drift=0 previous_depth=1
ATTR_RADIUS o=138 raw_norm=21857.014278817955 norm=3225.3525896296687 radius=3225.3525896296687 next_radius=806.33814740741718 lambda=5.1538775002796162e-08 next_lambda=8.2462040004473859e-07 rho=-1 accept=0
CLASSICAL_LM o=138 lambda=5.1538775002796162e-08 tau=5.1538775002796162e-08 prediction=8.2185306154547302 rho=-1 accept=0
  MFCG it 139  retry 1/8  lam=8.246e-07 tau_eff=5.154e-08  (assembly reused)
PCG_PREP o=138 rebuild=1 drift=0 previous_depth=1
ATTR_RADIUS o=138 raw_norm=4698.1485626479325 norm=806.33814740741718 radius=806.33814740741718 next_radius=1612.6762948148344 lambda=8.2462040004473859e-07 next_lambda=2.0615510001118465e-07 rho=0.99450103849196281 accept=1
CLASSICAL_LM o=138 lambda=8.2462040004473859e-07 tau=8.2462040004473859e-07 prediction=41.32996355694209 rho=0.99450103849196281 accept=1
  [menu-backtrack] rearmed after meaningful confirmation progress at outer 139
  MFCG it 139 cost=2.465247e+05 lam=2.062e-07 tau=0.00e+00 cg_it=2 shift=0 ckpt=3 alpha=0 acc mv=371
PCG_PREP o=139 rebuild=1 drift=0 previous_depth=3
ATTR_RADIUS o=139 raw_norm=6530.0167615580467 norm=1612.6762948148341 radius=1612.6762948148344 next_radius=403.16907370370859 lambda=2.0615510001118465e-07 next_lambda=3.2984816001789544e-06 rho=0.12422453559572715 accept=1
CLASSICAL_LM o=139 lambda=2.0615510001118465e-07 tau=2.0615510001118465e-07 prediction=8.6497103899944729 rho=0.12422453559572715 accept=1
  MFCG it 140 cost=2.465237e+05 lam=3.298e-06 tau=0.00e+00 cg_it=0 shift=0 ckpt=1 alpha=0 acc mv=373
PCG_PREP o=140 rebuild=1 drift=0 previous_depth=1
ATTR_RADIUS o=140 raw_norm=456.64899363395318 norm=403.16907370370865 radius=403.16907370370859 next_radius=806.33814740741718 lambda=3.2984816001789544e-06 next_lambda=8.2462040004473859e-07 rho=1.0125636573737335 accept=1
CLASSICAL_LM o=140 lambda=3.2984816001789544e-06 tau=3.2984816001789544e-06 prediction=20.656899228610548 rho=1.0125636573737335 accept=1
  MFCG it 141 cost=2.465027e+05 lam=8.246e-07 tau=0.00e+00 cg_it=0 shift=0 ckpt=1 alpha=0 acc mv=375
PCG_PREP o=141 rebuild=1 drift=0 previous_depth=1
ATTR_RADIUS o=141 raw_norm=2903.4016521362651 norm=806.33814740741718 radius=806.33814740741718 next_radius=1612.6762948148344 lambda=8.2462040004473859e-07 next_lambda=2.0615510001118465e-07 rho=1.0006895787185459 accept=1
CLASSICAL_LM o=141 lambda=8.2462040004473859e-07 tau=8.2462040004473859e-07 prediction=70.939733407493506 rho=1.0006895787185459 accept=1
  MFCG it 142 cost=2.464318e+05 lam=2.062e-07 tau=0.00e+00 cg_it=26 shift=0 ckpt=27 alpha=0 acc mv=403
PCG_PREP o=142 rebuild=1 drift=0 previous_depth=27
ATTR_RADIUS o=142 raw_norm=4486.3513330719798 norm=1612.6762948148344 radius=1612.6762948148344 next_radius=3225.3525896296687 lambda=2.0615510001118465e-07 next_lambda=5.1538775002796162e-08 rho=0.96508676963230733 accept=1
CLASSICAL_LM o=142 lambda=2.0615510001118465e-07 tau=2.0615510001118465e-07 prediction=37.985135751076584 rho=0.96508676963230733 accept=1
  MFCG it 143 cost=2.463951e+05 lam=5.154e-08 tau=0.00e+00 cg_it=5 shift=0 ckpt=6 alpha=0 acc mv=410
PCG_PREP o=143 rebuild=1 drift=0 previous_depth=6
POINT_SAFE o=143 frozen=99 slope=-4.3869065128487463 candidate=246430.74844428818 original=246395.05380854337 current=246395.09452022339 won=0 mode=1 camera_scale=1 keep_scale=0
ATTR_RADIUS o=143 raw_norm=16525.322872809225 norm=3225.3525896296692 radius=3225.3525896296687 next_radius=806.33814740741718 lambda=5.1538775002796162e-08 next_lambda=8.2462040004473859e-07 rho=0.03819373315232185 accept=0
CLASSICAL_LM o=143 lambda=5.1538775002796162e-08 tau=5.1538775002796162e-08 prediction=1.0659256548024842 rho=0.03819373315232185 accept=0
  MFCG it 144  retry 1/8  lam=8.246e-07 tau_eff=5.154e-08  (assembly reused)
PCG_PREP o=143 rebuild=1 drift=0 previous_depth=1
ATTR_RADIUS o=143 raw_norm=2347.3412425668494 norm=806.33814740741718 radius=806.33814740741718 next_radius=1612.6762948148344 lambda=8.2462040004473859e-07 next_lambda=2.0615510001118465e-07 rho=1.0262974909636196 accept=1
CLASSICAL_LM o=143 lambda=8.2462040004473859e-07 tau=8.2462040004473859e-07 prediction=11.556648109381534 rho=1.0262974909636196 accept=1
  MFCG it 144 cost=2.463832e+05 lam=2.062e-07 tau=0.00e+00 cg_it=2 shift=0 ckpt=3 alpha=0 acc mv=416
PCG_PREP o=144 rebuild=1 drift=0 previous_depth=3
POINT_SAFE o=144 frozen=570 slope=-2.7709084776784532 candidate=246384.72156936 original=246382.65466876779 current=246383.23396126478 won=0 mode=1 camera_scale=1 keep_scale=0
ATTR_RADIUS o=144 raw_norm=4903.5965423132175 norm=806.33814740741707 radius=1612.6762948148344 next_radius=1612.6762948148344 lambda=2.0615510001118465e-07 next_lambda=5.1538775002796162e-08 rho=0.43672517600035848 accept=1
CLASSICAL_LM o=144 lambda=2.0615510001118465e-07 tau=2.0615510001118465e-07 prediction=1.3264463072446706 rho=0.43672517600035848 accept=1
  MFCG it 145 cost=2.463827e+05 lam=5.154e-08 tau=0.00e+00 cg_it=0 shift=0 ckpt=1 alpha=0 acc mv=418
PCG_PREP o=145 rebuild=1 drift=0 previous_depth=1
POINT_SAFE o=145 frozen=8 slope=-1.8435773345683664 candidate=246386.07623010274 original=246382.43096448205 current=246382.65466876779 won=0 mode=1 camera_scale=1 keep_scale=0
ATTR_RADIUS o=145 raw_norm=15305.760215056946 norm=403.16907370370848 radius=1612.6762948148344 next_radius=1612.6762948148344 lambda=5.1538775002796162e-08 next_lambda=5.1538775002796162e-08 rho=0.49146530839419372 accept=1
CLASSICAL_LM o=145 lambda=5.1538775002796162e-08 tau=5.1538775002796162e-08 prediction=0.45517818231356205 rho=0.49146530839419372 accept=1
  MFCG it 146 cost=2.463824e+05 lam=5.154e-08 tau=0.00e+00 cg_it=0 shift=0 ckpt=1 alpha=0 acc mv=420
PCG_PREP o=146 rebuild=1 drift=0 previous_depth=1
POINT_SAFE o=146 frozen=9 slope=-1.8321363163689377 candidate=246386.00797391843 original=246382.21997658201 current=246382.43096448205 won=0 mode=1 camera_scale=1 keep_scale=0
ATTR_RADIUS o=146 raw_norm=15169.35103112531 norm=403.16907370370853 radius=1612.6762948148344 next_radius=1612.6762948148344 lambda=5.1538775002796162e-08 next_lambda=5.1538775002796162e-08 rho=0.4656797077721555 accept=1
CLASSICAL_LM o=146 lambda=5.1538775002796162e-08 tau=5.1538775002796162e-08 prediction=0.45307514266383964 rho=0.4656797077721555 accept=1
  MFCG it 147 cost=2.463822e+05 lam=5.154e-08 tau=0.00e+00 cg_it=0 shift=0 ckpt=1 alpha=0 acc mv=422
PCG_PREP o=147 rebuild=1 drift=0 previous_depth=1
POINT_SAFE o=147 frozen=10 slope=-1.8329149058596326 candidate=246385.94044836127 original=246382.01883722708 current=246382.21997658201 won=0 mode=1 camera_scale=1 keep_scale=0
ATTR_RADIUS o=147 raw_norm=15027.511933045349 norm=403.16907370370848 radius=1612.6762948148344 next_radius=1612.6762948148344 lambda=5.1538775002796162e-08 next_lambda=5.1538775002796162e-08 rho=0.44332051595379096 accept=1
CLASSICAL_LM o=147 lambda=5.1538775002796162e-08 tau=5.1538775002796162e-08 prediction=0.45371091049119405 rho=0.44332051595379096 accept=1
  MFCG it 148 cost=2.463820e+05 lam=5.154e-08 tau=0.00e+00 cg_it=0 shift=0 ckpt=1 alpha=0 acc mv=424
PCG_PREP o=148 rebuild=1 drift=0 previous_depth=1
POINT_SAFE o=148 frozen=9 slope=-1.8418778166991698 candidate=246385.87290839356 original=246381.82552807883 current=246382.01883722708 won=0 mode=1 camera_scale=1 keep_scale=0
ATTR_RADIUS o=148 raw_norm=14890.337075480278 norm=403.16907370370853 radius=1612.6762948148344 next_radius=1612.6762948148344 lambda=5.1538775002796162e-08 next_lambda=5.1538775002796162e-08 rho=0.42375203446773818 accept=1
CLASSICAL_LM o=148 lambda=5.1538775002796162e-08 tau=5.1538775002796162e-08 prediction=0.45618459034064979 rho=0.42375203446773818 accept=1
  MFCG it 149 cost=2.463818e+05 lam=5.154e-08 tau=0.00e+00 cg_it=0 shift=0 ckpt=1 alpha=0 acc mv=426
PCG_PREP o=149 rebuild=1 drift=0 previous_depth=1
POINT_SAFE o=149 frozen=7 slope=-1.8564861876344776 candidate=246385.80385379968 original=246381.63850939667 current=246381.82552807883 won=0 mode=1 camera_scale=1 keep_scale=0
ATTR_RADIUS o=149 raw_norm=14748.89809552897 norm=403.16907370370876 radius=1612.6762948148344 next_radius=1612.6762948148344 lambda=5.1538775002796162e-08 next_lambda=5.1538775002796162e-08 rho=0.40660850617188016 accept=1
CLASSICAL_LM o=149 lambda=5.1538775002796162e-08 tau=5.1538775002796162e-08 prediction=0.45994778594848923 rho=0.40660850617188016 accept=1
  MFCG it 150 cost=2.463816e+05 lam=5.154e-08 tau=0.00e+00 cg_it=0 shift=0 ckpt=1 alpha=0 acc mv=428
PCG_PREP o=150 rebuild=1 drift=0 previous_depth=1
POINT_SAFE o=150 frozen=9 slope=-1.8751659052413951 candidate=246385.73324479526 original=246381.4565906034 current=246381.63850939667 won=0 mode=1 camera_scale=1 keep_scale=0
ATTR_RADIUS o=150 raw_norm=14607.265218133916 norm=403.16907370370848 radius=1612.6762948148344 next_radius=1612.6762948148344 lambda=5.1538775002796162e-08 next_lambda=5.1538775002796162e-08 rho=0.39152283544967564 accept=1
CLASSICAL_LM o=150 lambda=5.1538775002796162e-08 tau=5.1538775002796162e-08 prediction=0.4646441453706221 rho=0.39152283544967564 accept=1
  MFCG it 151 cost=2.463815e+05 lam=5.154e-08 tau=0.00e+00 cg_it=0 shift=0 ckpt=1 alpha=0 acc mv=430
PCG_PREP o=151 rebuild=1 drift=0 previous_depth=1
POINT_SAFE o=151 frozen=11 slope=-1.8969209986027193 candidate=246385.6615399521 original=246381.27883488621 current=246381.4565906034 won=0 mode=1 camera_scale=1 keep_scale=0
ATTR_RADIUS o=151 raw_norm=14478.007259379183 norm=403.16907370370853 radius=1612.6762948148344 next_radius=1612.6762948148344 lambda=5.1538775002796162e-08 next_lambda=5.1538775002796162e-08 rho=0.37817334841876188 accept=1
CLASSICAL_LM o=151 lambda=5.1538775002796162e-08 tau=5.1538775002796162e-08 prediction=0.47003766376282557 rho=0.37817334841876188 accept=1
  MFCG: converged (OCA_FTOL: 8 outers < 1.0e-05 rel)
  [menu-backtrack] confirming stop with original retry policy at outer 152
  MFCG it 152 cost=2.463813e+05 lam=5.154e-08 tau=0.00e+00 cg_it=0 shift=0 ckpt=1 alpha=0 acc mv=432
PCG_PREP o=152 rebuild=1 drift=0 previous_depth=1
ATTR_RADIUS o=152 raw_norm=14338.230524598235 norm=1612.6762948148339 radius=1612.6762948148344 next_radius=403.16907370370859 lambda=5.1538775002796162e-08 next_lambda=8.2462040004473859e-07 rho=-1 accept=0
CLASSICAL_LM o=152 lambda=5.1538775002796162e-08 tau=5.1538775002796162e-08 prediction=1.8528196670418893 rho=-1 accept=0
  MFCG it 153  retry 1/8  lam=8.246e-07 tau_eff=5.154e-08  (assembly reused)
PCG_PREP o=152 rebuild=1 drift=0 previous_depth=1
ATTR_RADIUS o=152 raw_norm=1206.8196508677365 norm=403.16907370370853 radius=403.16907370370859 next_radius=806.33814740741718 lambda=8.2462040004473859e-07 next_lambda=2.0615510001118465e-07 rho=0.91990053370509717 accept=1
CLASSICAL_LM o=152 lambda=8.2462040004473859e-07 tau=8.2462040004473859e-07 prediction=2.5029085434816261 rho=0.91990053370509717 accept=1
  MFCG it 153 cost=2.463790e+05 lam=2.062e-07 tau=0.00e+00 cg_it=0 shift=0 ckpt=1 alpha=0 acc mv=436
PCG_PREP o=153 rebuild=1 drift=0 previous_depth=1
ATTR_RADIUS o=153 raw_norm=4455.141592623042 norm=806.33814740741695 radius=806.33814740741718 next_radius=806.33814740741718 lambda=2.0615510001118465e-07 next_lambda=2.0615510001118465e-07 rho=0.4002091650717936 accept=1
CLASSICAL_LM o=153 lambda=2.0615510001118465e-07 tau=2.0615510001118465e-07 prediction=1.2653863650458721 rho=0.4002091650717936 accept=1
  MFCG it 154 cost=2.463785e+05 lam=2.062e-07 tau=0.00e+00 cg_it=0 shift=0 ckpt=1 alpha=0 acc mv=438
PCG_PREP o=154 rebuild=1 drift=0 previous_depth=1
ATTR_RADIUS o=154 raw_norm=4298.9867441806864 norm=806.33814740741718 radius=806.33814740741718 next_radius=806.33814740741718 lambda=2.0615510001118465e-07 next_lambda=2.0615510001118465e-07 rho=0.40098636638053686 accept=1
CLASSICAL_LM o=154 lambda=2.0615510001118465e-07 tau=2.0615510001118465e-07 prediction=1.4167582789535549 rho=0.40098636638053686 accept=1
  MFCG it 155 cost=2.463779e+05 lam=2.062e-07 tau=0.00e+00 cg_it=0 shift=0 ckpt=1 alpha=0 acc mv=440
PCG_PREP o=155 rebuild=1 drift=0 previous_depth=1
ATTR_RADIUS o=155 raw_norm=4160.7496012058127 norm=806.33814740741673 radius=806.33814740741718 next_radius=806.33814740741718 lambda=2.0615510001118465e-07 next_lambda=2.0615510001118465e-07 rho=0.40027547618911941 accept=1
CLASSICAL_LM o=155 lambda=2.0615510001118465e-07 tau=2.0615510001118465e-07 prediction=1.5273099427432169 rho=0.40027547618911941 accept=1
  MFCG it 156 cost=2.463773e+05 lam=2.062e-07 tau=0.00e+00 cg_it=0 shift=0 ckpt=1 alpha=0 acc mv=442
PCG_PREP o=156 rebuild=1 drift=0 previous_depth=1
ATTR_RADIUS o=156 raw_norm=4037.8490094757271 norm=806.33814740741752 radius=806.33814740741718 next_radius=806.33814740741718 lambda=2.0615510001118465e-07 next_lambda=2.0615510001118465e-07 rho=0.40504481453039898 accept=1
CLASSICAL_LM o=156 lambda=2.0615510001118465e-07 tau=2.0615510001118465e-07 prediction=1.6212729438742044 rho=0.40504481453039898 accept=1
  MFCG it 157 cost=2.463766e+05 lam=2.062e-07 tau=0.00e+00 cg_it=0 shift=0 ckpt=1 alpha=0 acc mv=444
PCG_PREP o=157 rebuild=1 drift=0 previous_depth=1
ATTR_RADIUS o=157 raw_norm=3927.0153111250411 norm=806.33814740741673 radius=806.33814740741718 next_radius=806.33814740741718 lambda=2.0615510001118465e-07 next_lambda=2.0615510001118465e-07 rho=0.41201945391657407 accept=1
CLASSICAL_LM o=157 lambda=2.0615510001118465e-07 tau=2.0615510001118465e-07 prediction=1.6966530217582922 rho=0.41201945391657407 accept=1
  MFCG it 158 cost=2.463759e+05 lam=2.062e-07 tau=0.00e+00 cg_it=0 shift=0 ckpt=1 alpha=0 acc mv=446
PCG_PREP o=158 rebuild=1 drift=0 previous_depth=1
ATTR_RADIUS o=158 raw_norm=3825.9221366567967 norm=806.33814740741707 radius=806.33814740741718 next_radius=806.33814740741718 lambda=2.0615510001118465e-07 next_lambda=2.0615510001118465e-07 rho=0.41960646462791945 accept=1
CLASSICAL_LM o=158 lambda=2.0615510001118465e-07 tau=2.0615510001118465e-07 prediction=1.7534738433744264 rho=0.41960646462791945 accept=1
  MFCG it 159 cost=2.463752e+05 lam=2.062e-07 tau=0.00e+00 cg_it=0 shift=0 ckpt=1 alpha=0 acc mv=448
PCG_PREP o=159 rebuild=1 drift=0 previous_depth=1
ATTR_RADIUS o=159 raw_norm=3732.5771973485375 norm=806.33814740741786 radius=806.33814740741718 next_radius=806.33814740741718 lambda=2.0615510001118465e-07 next_lambda=2.0615510001118465e-07 rho=0.42704046686212022 accept=1
CLASSICAL_LM o=159 lambda=2.0615510001118465e-07 tau=2.0615510001118465e-07 prediction=1.792983720909203 rho=0.42704046686212022 accept=1
  MFCG: converged (OCA_FTOL: 8 outers < 1.0e-05 rel)
  MFCG: accepts=160 rejects=10 total_matvecs=450 negcurv=1 cand_evals=170 mean_cg_per_outer=2.8
NUMERIC_REPAIR summary rebuilds=1 floor=5.1538775002796162e-08
  [retry-cache] builds=171 reuses=0
  [menu-backtrack] trials=88 rescues=88 evals=224 total_scored=394
POINT_SAFE summary calls=88 evals=88 wins=2 frozen=29512 seconds=0.211741901
  [scoring] menu_evals=170 alpha_evals=0 backtrack_evals=224 total_scored=394
RESULT algo=mfree_shifted_cg iters=160 final_cost=246374.4333554758 solve_seconds=1.876903
DIAGNOSTICS median_reproj_err_px 3.252455 -> 0.360156 | cheirality_violations(obs) 0 -> 14 | cheirality_violations(pts, of 64053) 0 -> 7
