  [menu-backtrack] active=1 max_evals=8 warmup_accepts=3 confirm_stop=original armijo=1e-4
MIXED_STORAGE fragments=fp32 arithmetic=fp64 state=fp64 acceptance=fp64
  [compact-fragments] active=2 saved_bytes=171996448 storage=fp32 camera_reads=contiguous
  MFCG score_init=90993342.024340227 precision=fp64
PCG_PREP o=0 rebuild=1 drift=0 previous_depth=0
E2_CAP o=0 retry=0 touched=0 ncam=3068 raw=8654.3112787736591 capped=8654.3112787736482 radius=8654.3112787736609 median=60.299932199162846 global_scale=1
ATTR_RADIUS o=0 raw_norm=8654.3112787736609 norm=8654.3112787736609 radius=8654.3112787736609 next_radius=17308.622557547322 lambda=0.10000000000000001 next_lambda=0.025000000000000001 rho=0.99507286850801402 accept=1
CLASSICAL_LM o=0 lambda=0.10000000000000001 tau=0.10000000000000001 prediction=84864420.877437979 rho=0.99507286850801402 accept=1
  MFCG it   1 cost=6.547059e+06 lam=2.500e-02 tau=0.00e+00 cg_it=1 shift=0 ckpt=2 alpha=0 acc mv=3
PCG_PREP o=1 rebuild=1 drift=0 previous_depth=2
E2_CAP o=1 retry=0 touched=0 ncam=3068 raw=4518.7257483996173 capped=4518.7257483996254 radius=17308.622557547322 median=43.781010342846933 global_scale=1
ATTR_RADIUS o=1 raw_norm=4518.7257483996218 norm=4518.7257483996218 radius=17308.622557547322 next_radius=17308.622557547322 lambda=0.025000000000000001 next_lambda=0.0025000000000000005 rho=0.99284374549287513 accept=1
CLASSICAL_LM o=1 lambda=0.025000000000000001 tau=0.025000000000000001 prediction=2875777.3409385164 rho=0.99284374549287513 accept=1
  MFCG it   2 cost=3.691862e+06 lam=2.500e-03 tau=0.00e+00 cg_it=9 shift=0 ckpt=10 alpha=0 acc mv=14
PCG_PREP o=2 rebuild=1 drift=0 previous_depth=10
E2_CAP o=2 retry=0 touched=0 ncam=3068 raw=6616.7679735547727 capped=6616.7679735547736 radius=17308.622557547322 median=59.318288562927123 global_scale=1
ATTR_RADIUS o=2 raw_norm=6616.7679735547736 norm=6616.7679735547736 radius=17308.622557547322 next_radius=17308.622557547322 lambda=0.0025000000000000005 next_lambda=0.00025000000000000006 rho=0.69669048414424184 accept=1
CLASSICAL_LM o=2 lambda=0.0025000000000000005 tau=0.0025000000000000005 prediction=1183255.7725246102 rho=0.69669048414424184 accept=1
  MFCG it   3 cost=2.867499e+06 lam=2.500e-04 tau=0.00e+00 cg_it=3 shift=0 ckpt=4 alpha=0 acc mv=19
PCG_PREP o=3 rebuild=1 drift=0 previous_depth=4
E2_CAP o=3 retry=0 touched=17 ncam=3068 raw=11033.745588775548 capped=9659.8745682675053 radius=17308.622557547322 median=35.37951812118667 global_scale=1
ATTR_RADIUS o=3 raw_norm=11033.745588775553 norm=9659.8745682675071 radius=17308.622557547322 next_radius=17308.622557547322 lambda=0.00025000000000000006 next_lambda=2.5000000000000008e-05 rho=0.79845630352827845 accept=1
CLASSICAL_LM o=3 lambda=0.00025000000000000006 tau=0.00025000000000000006 prediction=792245.73623915261 rho=0.79845630352827845 accept=1
  MFCG it   4 cost=2.234925e+06 lam=2.500e-05 tau=0.00e+00 cg_it=0 shift=0 ckpt=1 alpha=0 acc mv=21
PCG_PREP o=4 rebuild=1 drift=0 previous_depth=1
E2_CAP o=4 retry=0 touched=30 ncam=3068 raw=28659.307297979165 capped=23005.42574105626 radius=17308.622557547322 median=78.541063732177207 global_scale=0.75237132111220917
ATTR_RADIUS o=4 raw_norm=28659.307297979154 norm=17308.622557547336 radius=17308.622557547322 next_radius=17308.622557547322 lambda=2.5000000000000008e-05 next_lambda=2.5000000000000008e-05 rho=0.54374319534566684 accept=1
CLASSICAL_LM o=4 lambda=2.5000000000000008e-05 tau=2.5000000000000008e-05 prediction=322224.31718173745 rho=0.54374319534566684 accept=1
  MFCG it   5 cost=2.059718e+06 lam=2.500e-05 tau=0.00e+00 cg_it=4 shift=0 ckpt=5 alpha=0 acc mv=27
PCG_PREP o=5 rebuild=1 drift=0 previous_depth=5
E2_CAP o=5 retry=0 touched=180 ncam=3068 raw=11071.93903143814 capped=3611.2381438751086 radius=17308.622557547322 median=6.8987922491497553 global_scale=1
POINT_SAFE o=5 frozen=270 slope=-198231.81686455305 candidate=1971942.0135962849 original=2042964.3028809477 current=2059717.8422630252 won=1 mode=1 camera_scale=1 keep_scale=0
ATTR_RADIUS o=5 raw_norm=11071.939031438131 norm=3611.2381438751058 radius=17308.622557547322 next_radius=17308.622557547322 lambda=2.5000000000000008e-05 next_lambda=2.5000000000000011e-06 rho=0.85912936432484033 accept=1
CLASSICAL_LM o=5 lambda=2.5000000000000008e-05 tau=2.5000000000000008e-05 prediction=102168.34892579918 rho=0.85912936432484033 accept=1
  MFCG it   6 cost=1.971942e+06 lam=2.500e-06 tau=0.00e+00 cg_it=0 shift=0 ckpt=1 alpha=0 acc mv=29
PCG_PREP o=6 rebuild=1 drift=0 previous_depth=1
E2_CAP o=6 retry=0 touched=112 ncam=3068 raw=61676.722721205544 capped=20017.822500715381 radius=17308.622557547322 median=46.909191996635137 global_scale=0.86466060716287996
POINT_SAFE o=6 frozen=1275 slope=-99345.71447920597 candidate=1989229.8372043911 original=1953519.1245674191 current=1971942.0135962849 won=0 mode=1 camera_scale=1 keep_scale=0
ATTR_RADIUS o=6 raw_norm=61676.722721205573 norm=2163.5778196934166 radius=17308.622557547322 next_radius=17308.622557547322 lambda=2.5000000000000011e-06 next_lambda=2.5000000000000009e-07 rho=0.71698300394248615 accept=1
CLASSICAL_LM o=6 lambda=2.5000000000000011e-06 tau=2.5000000000000011e-06 prediction=25695.014983010202 rho=0.71698300394248615 accept=1
  MFCG it   7 cost=1.953519e+06 lam=2.500e-07 tau=0.00e+00 cg_it=5 shift=0 ckpt=6 alpha=0 acc mv=36
PCG_PREP o=7 rebuild=1 drift=0 previous_depth=6
E2_CAP o=7 retry=0 touched=148 ncam=3068 raw=91175.542403381507 capped=20193.757698767349 radius=17308.622557547322 median=43.906195524289025 global_scale=0.85712737647653658
POINT_SAFE o=7 frozen=1348 slope=-84188.869795789069 candidate=2122263.2706934614 original=inf current=1953519.1245674191 won=0 mode=1 camera_scale=1 keep_scale=0
ATTR_RADIUS o=7 raw_norm=91175.542403381551 norm=17308.622557547355 radius=17308.622557547322 next_radius=4327.1556393868304 lambda=2.5000000000000009e-07 next_lambda=4.0000000000000015e-06 rho=-1 accept=0
CLASSICAL_LM o=7 lambda=2.5000000000000009e-07 tau=2.5000000000000009e-07 prediction=30726.125552403806 rho=-1 accept=0
  MFCG it   8  retry 1/8  lam=4.000e-06 tau_eff=2.500e-07  (assembly reused)
PCG_PREP o=7 rebuild=1 drift=0 previous_depth=6
E2_CAP o=7 retry=1 touched=163 ncam=3068 raw=42528.659890256051 capped=10796.315776604839 radius=4327.1556393868304 median=22.814563783355226 global_scale=0.40079928458220854
POINT_SAFE o=7 frozen=153 slope=-77454.361744638722 candidate=2474327.9601445757 original=inf current=1953519.1245674191 won=0 mode=1 camera_scale=1 keep_scale=0
ATTR_RADIUS o=7 raw_norm=42528.659890255985 norm=4327.1556393868268 radius=4327.1556393868304 next_radius=1081.7889098467076 lambda=4.0000000000000015e-06 next_lambda=6.4000000000000024e-05 rho=-1 accept=0
CLASSICAL_LM o=7 lambda=4.0000000000000015e-06 tau=4.0000000000000015e-06 prediction=56476.254735758441 rho=-1 accept=0
  MFCG it   8  retry 2/8  lam=6.400e-05 tau_eff=4.000e-06  (assembly reused)
PCG_PREP o=7 rebuild=1 drift=0 previous_depth=4
E2_CAP o=7 retry=2 touched=163 ncam=3068 raw=7631.6298881134526 capped=1830.5199887801059 radius=1081.7889098467076 median=3.777116057937195 global_scale=0.59097355750134839
POINT_SAFE o=7 frozen=125 slope=-79034.103345359486 candidate=2242477.9705782351 original=inf current=1953519.1245674191 won=0 mode=1 camera_scale=1 keep_scale=0
ATTR_RADIUS o=7 raw_norm=7631.6298881134544 norm=1081.7889098467067 radius=1081.7889098467076 next_radius=270.4472274616769 lambda=6.4000000000000024e-05 next_lambda=0.0010240000000000004 rho=-1 accept=0
CLASSICAL_LM o=7 lambda=6.4000000000000024e-05 tau=6.4000000000000024e-05 prediction=54971.295582242048 rho=-1 accept=0
  MFCG it   8  retry 3/8  lam=1.024e-03 tau_eff=6.400e-05  (assembly reused)
PCG_PREP o=7 rebuild=1 drift=0 previous_depth=1
E2_CAP o=7 retry=3 touched=42 ncam=3068 raw=1336.1359920766779 capped=619.92332687598628 radius=270.4472274616769 median=2.0240664669431183 global_scale=0.43625915615170752
POINT_SAFE o=7 frozen=26 slope=-28433.242170833029 candidate=2529002.1298343712 original=inf current=1953519.1245674191 won=0 mode=1 camera_scale=1 keep_scale=0
ATTR_RADIUS o=7 raw_norm=1336.1359920766788 norm=270.44722746167662 radius=270.4472274616769 next_radius=67.611806865419226 lambda=0.0010240000000000004 next_lambda=0.016384000000000006 rho=-1 accept=0
CLASSICAL_LM o=7 lambda=0.0010240000000000004 tau=0.0010240000000000004 prediction=20550.626966593627 rho=-1 accept=0
  MFCG it   8  retry 4/8  lam=1.638e-02 tau_eff=1.024e-03  (assembly reused)
PCG_PREP o=7 rebuild=1 drift=0 previous_depth=1
E2_CAP o=7 retry=4 touched=23 ncam=3068 raw=396.98435714962051 capped=206.51217027694852 radius=67.611806865419226 median=0.91912746754969654 global_scale=0.3273986553661542
POINT_SAFE o=7 frozen=1 slope=-19280.943762106555 candidate=2705346.3159632855 original=1923593.7791258832 current=1953519.1245674191 won=0 mode=1 camera_scale=1 keep_scale=0
ATTR_RADIUS o=7 raw_norm=396.98435714962 norm=16.902951716354732 radius=67.611806865419226 next_radius=67.611806865419226 lambda=0.016384000000000006 next_lambda=0.0016384000000000008 rho=6.7111080940758745 accept=1
CLASSICAL_LM o=7 lambda=0.016384000000000006 tau=0.016384000000000006 prediction=4459.0766564990872 rho=6.7111080940758745 accept=1
  MFCG it   8 cost=1.923594e+06 lam=1.638e-03 tau=0.00e+00 cg_it=0 shift=0 ckpt=1 alpha=0 acc mv=54
PCG_PREP o=8 rebuild=1 drift=0 previous_depth=1
E2_CAP o=8 retry=0 touched=4 ncam=3068 raw=2926.6665101613657 capped=2822.5676273119625 radius=67.611806865419226 median=16.764933825549456 global_scale=0.023954007766258022
ATTR_RADIUS o=8 raw_norm=2926.6665101613657 norm=67.611806865419325 radius=67.611806865419226 next_radius=135.22361373083845 lambda=0.0016384000000000008 next_lambda=0.0004096000000000002 rho=0.94045578048605472 accept=1
CLASSICAL_LM o=8 lambda=0.0016384000000000008 tau=0.0016384000000000008 prediction=32415.133066721191 rho=0.94045578048605472 accept=1
  MFCG it   9 cost=1.893109e+06 lam=4.096e-04 tau=0.00e+00 cg_it=12 shift=0 ckpt=13 alpha=0 acc mv=68
PCG_PREP o=9 rebuild=1 drift=0 previous_depth=13
E2_CAP o=9 retry=0 touched=67 ncam=3068 raw=3125.4602417010087 capped=1202.4832845659862 radius=135.22361373083845 median=3.2633989180386616 global_scale=0.1124536328000974
ATTR_RADIUS o=9 raw_norm=3125.4602417010069 norm=135.22361373083868 radius=135.22361373083845 next_radius=135.22361373083845 lambda=0.0004096000000000002 next_lambda=0.0004096000000000002 rho=0.73864307785952876 accept=1
CLASSICAL_LM o=9 lambda=0.0004096000000000002 tau=0.0004096000000000002 prediction=4597.3163524836218 rho=0.73864307785952876 accept=1
  MFCG it  10 cost=1.889713e+06 lam=4.096e-04 tau=0.00e+00 cg_it=0 shift=0 ckpt=1 alpha=0 acc mv=70
PCG_PREP o=10 rebuild=1 drift=0 previous_depth=1
E2_CAP o=10 retry=0 touched=40 ncam=3068 raw=4130.2971440535184 capped=2142.9162292163446 radius=135.22361373083845 median=7.1624429879639298 global_scale=0.063102613106014491
ATTR_RADIUS o=10 raw_norm=4130.2971440535166 norm=135.22361373083839 radius=135.22361373083845 next_radius=270.4472274616769 lambda=0.0004096000000000002 next_lambda=0.00010240000000000005 rho=0.84064287736999765 accept=1
CLASSICAL_LM o=10 lambda=0.0004096000000000002 tau=0.0004096000000000002 prediction=2485.9551455621777 rho=0.84064287736999765 accept=1
  MFCG it  11 cost=1.887623e+06 lam=1.024e-04 tau=0.00e+00 cg_it=1 shift=0 ckpt=2 alpha=0 acc mv=73
PCG_PREP o=11 rebuild=1 drift=0 previous_depth=2
E2_CAP o=11 retry=0 touched=27 ncam=3068 raw=12511.008205260508 capped=7674.4286990686251 radius=270.4472274616769 median=28.409440030900655 global_scale=0.035240046922906276
ATTR_RADIUS o=11 raw_norm=12511.008205260528 norm=270.44722746167787 radius=270.4472274616769 next_radius=540.89445492335381 lambda=0.00010240000000000005 next_lambda=2.5600000000000012e-05 rho=0.9181917436047845 accept=1
CLASSICAL_LM o=11 lambda=0.00010240000000000005 tau=0.00010240000000000005 prediction=2821.8515493405712 rho=0.9181917436047845 accept=1
  MFCG it  12 cost=1.885032e+06 lam=2.560e-05 tau=0.00e+00 cg_it=4 shift=0 ckpt=5 alpha=0 acc mv=79
PCG_PREP o=12 rebuild=1 drift=0 previous_depth=5
E2_CAP o=12 retry=0 touched=50 ncam=3068 raw=24771.397314990852 capped=12945.063435466733 radius=540.89445492335381 median=39.470872667313543 global_scale=0.041783839655927642
ATTR_RADIUS o=12 raw_norm=24771.397314990838 norm=540.89445492335517 radius=540.89445492335381 next_radius=1081.7889098467076 lambda=2.5600000000000012e-05 next_lambda=6.4000000000000031e-06 rho=0.93781714107980563 accept=1
CLASSICAL_LM o=12 lambda=2.5600000000000012e-05 tau=2.5600000000000012e-05 prediction=3326.7276818167288 rho=0.93781714107980563 accept=1
  MFCG it  13 cost=1.881912e+06 lam=6.400e-06 tau=0.00e+00 cg_it=5 shift=0 ckpt=6 alpha=0 acc mv=86
PCG_PREP o=13 rebuild=1 drift=0 previous_depth=6
E2_CAP o=13 retry=0 touched=73 ncam=3068 raw=44917.150280616646 capped=18422.66282011666 radius=1081.7889098467076 median=48.464555686957382 global_scale=0.058720550900244792
POINT_SAFE o=13 frozen=60 slope=-4791.856941765076 candidate=1877538.1984050076 original=1879667.4011902446 current=1881912.3404329948 won=1 mode=1 camera_scale=1 keep_scale=0
ATTR_RADIUS o=13 raw_norm=44917.150280616625 norm=1081.7889098467072 radius=1081.7889098467076 next_radius=2163.5778196934152 lambda=6.4000000000000031e-06 next_lambda=1.6000000000000008e-06 rho=0.96797963201491433 accept=1
CLASSICAL_LM o=13 lambda=6.4000000000000031e-06 tau=6.4000000000000031e-06 prediction=4518.836846682505 rho=0.96797963201491433 accept=1
  MFCG it  14 cost=1.877538e+06 lam=1.600e-06 tau=0.00e+00 cg_it=6 shift=0 ckpt=7 alpha=0 acc mv=94
PCG_PREP o=14 rebuild=1 drift=0 previous_depth=7
E2_CAP o=14 retry=0 touched=72 ncam=3068 raw=72739.749607020218 capped=29197.685040291733 radius=2163.5778196934152 median=79.587267766924896 global_scale=0.07410100549779057
ATTR_RADIUS o=14 raw_norm=72739.749607020247 norm=2163.5778196934139 radius=2163.5778196934152 next_radius=2163.5778196934152 lambda=1.6000000000000008e-06 next_lambda=1.6000000000000008e-06 rho=0.74188461435831299 accept=1
CLASSICAL_LM o=14 lambda=1.6000000000000008e-06 tau=1.6000000000000008e-06 prediction=7983.0785540344641 rho=0.74188461435831299 accept=1
  MFCG it  15 cost=1.871616e+06 lam=1.600e-06 tau=0.00e+00 cg_it=12 shift=0 ckpt=13 alpha=0 acc mv=108
PCG_PREP o=15 rebuild=1 drift=0 previous_depth=13
E2_CAP o=15 retry=0 touched=115 ncam=3068 raw=66175.647795316589 capped=18438.037514347739 radius=2163.5778196934152 median=43.621883569515973 global_scale=0.11734317266736256
ATTR_RADIUS o=15 raw_norm=66175.647795316559 norm=2163.5778196934161 radius=2163.5778196934152 next_radius=4327.1556393868304 lambda=1.6000000000000008e-06 next_lambda=4.0000000000000019e-07 rho=0.89954135865526685 accept=1
CLASSICAL_LM o=15 lambda=1.6000000000000008e-06 tau=1.6000000000000008e-06 prediction=7875.5753352023648 rho=0.89954135865526685 accept=1
  MFCG it  16 cost=1.864531e+06 lam=4.000e-07 tau=0.00e+00 cg_it=6 shift=0 ckpt=7 alpha=0 acc mv=116
PCG_PREP o=16 rebuild=1 drift=0 previous_depth=7
E2_CAP o=16 retry=0 touched=127 ncam=3068 raw=86624.495745988635 capped=17664.319268638592 radius=4327.1556393868304 median=39.818943754036738 global_scale=0.24496588708455386
ATTR_RADIUS o=16 raw_norm=86624.495745988606 norm=4327.1556393868323 radius=4327.1556393868304 next_radius=8654.3112787736609 lambda=4.0000000000000019e-07 next_lambda=1.0000000000000005e-07 rho=0.85057180926759846 accept=1
CLASSICAL_LM o=16 lambda=4.0000000000000019e-07 tau=4.0000000000000019e-07 prediction=9555.2300143178145 rho=0.85057180926759846 accept=1
  MFCG it  17 cost=1.856404e+06 lam=1.000e-07 tau=0.00e+00 cg_it=6 shift=0 ckpt=7 alpha=0 acc mv=124
PCG_PREP o=17 rebuild=1 drift=0 previous_depth=7
E2_CAP o=17 retry=0 touched=256 ncam=3068 raw=68773.621927002998 capped=3231.9148035667513 radius=8654.3112787736609 median=5.7860307674829308 global_scale=1
ATTR_RADIUS o=17 raw_norm=68773.621927003012 norm=3231.9148035667536 radius=8654.3112787736609 next_radius=8654.3112787736609 lambda=1.0000000000000005e-07 next_lambda=1.0000000000000005e-08 rho=0.46606490086968783 accept=1
CLASSICAL_LM o=17 lambda=1.0000000000000005e-07 tau=1.0000000000000005e-07 prediction=9828.5860996707852 rho=0.46606490086968783 accept=1
  MFCG it  18 cost=1.851823e+06 lam=1.000e-08 tau=0.00e+00 cg_it=1 shift=0 ckpt=2 alpha=0 acc mv=127
PCG_PREP o=18 rebuild=1 drift=0 previous_depth=2
NUMERIC_REPAIR o=18 lambda=1.0000000000000005e-08 rayleigh=-1.217667075868182e-09 next_lambda=4.4870668303472746e-08 cg=2 rebuild=1
PCG_PREP o=18 rebuild=1 drift=0 previous_depth=2
E2_CAP o=18 retry=0 touched=236 ncam=3068 raw=86514.838926139826 capped=1752.7112962250305 radius=8654.3112787736609 median=3.343149296311787 global_scale=1
POINT_SAFE o=18 frozen=406 slope=-16128.400083650611 candidate=1844245.0583483879 original=1848836.9184059824 current=1851823.1012258572 won=1 mode=1 camera_scale=1 keep_scale=0
ATTR_RADIUS o=18 raw_norm=86514.838926139812 norm=1752.7112962250292 radius=8654.3112787736609 next_radius=8654.3112787736609 lambda=4.4870668303472746e-08 next_lambda=4.4870668303472746e-08 rho=0.78012096508278839 accept=1
CLASSICAL_LM o=18 lambda=4.4870668303472746e-08 tau=4.4870668303472746e-08 prediction=9713.9331163405041 rho=0.78012096508278839 accept=1
  MFCG it  19 cost=1.844245e+06 lam=4.487e-08 tau=0.00e+00 cg_it=1 shift=0 ckpt=2 alpha=0 acc mv=133
PCG_PREP o=19 rebuild=1 drift=0 previous_depth=2
E2_CAP o=19 retry=0 touched=221 ncam=3068 raw=86115.199230068349 capped=1405.2898748342193 radius=8654.3112787736609 median=2.7567608857662917 global_scale=1
POINT_SAFE o=19 frozen=384 slope=-7335.9651294295682 candidate=1840065.0422045521 original=1842810.9073583717 current=1844245.0583483879 won=1 mode=1 camera_scale=1 keep_scale=0
ATTR_RADIUS o=19 raw_norm=86115.199230068305 norm=1405.2898748342197 radius=8654.3112787736609 next_radius=8654.3112787736609 lambda=4.4870668303472746e-08 next_lambda=4.4870668303472746e-08 rho=0.84856542861775086 accept=1
CLASSICAL_LM o=19 lambda=4.4870668303472746e-08 tau=4.4870668303472746e-08 prediction=4925.9797805394683 rho=0.84856542861775086 accept=1
  MFCG it  20 cost=1.840065e+06 lam=4.487e-08 tau=0.00e+00 cg_it=1 shift=0 ckpt=2 alpha=0 acc mv=136
PCG_PREP o=20 rebuild=1 drift=0 previous_depth=2
E2_CAP o=20 retry=0 touched=209 ncam=3068 raw=83873.24415516459 capped=1151.9727665194964 radius=8654.3112787736609 median=2.3244550144578531 global_scale=1
POINT_SAFE o=20 frozen=317 slope=-3865.1156308190148 candidate=1837278.3372111146 original=1839511.0523216813 current=1840065.0422045521 won=1 mode=1 camera_scale=1 keep_scale=0
ATTR_RADIUS o=20 raw_norm=83873.244155164575 norm=1151.972766519498 radius=8654.3112787736609 next_radius=8654.3112787736609 lambda=4.4870668303472746e-08 next_lambda=4.4870668303472746e-08 rho=0.92800583731750586 accept=1
CLASSICAL_LM o=20 lambda=4.4870668303472746e-08 tau=4.4870668303472746e-08 prediction=3002.8959747632202 rho=0.92800583731750586 accept=1
  MFCG it  21 cost=1.837278e+06 lam=4.487e-08 tau=0.00e+00 cg_it=1 shift=0 ckpt=2 alpha=0 acc mv=139
PCG_PREP o=21 rebuild=1 drift=0 previous_depth=2
E2_CAP o=21 retry=0 touched=202 ncam=3068 raw=82564.478075649706 capped=1036.9827143847072 radius=8654.3112787736609 median=2.12244510616642 global_scale=1
POINT_SAFE o=21 frozen=381 slope=-2727.268650185767 candidate=1835024.3489002124 original=1836719.0279049457 current=1837278.3372111146 won=1 mode=1 camera_scale=1 keep_scale=0
ATTR_RADIUS o=21 raw_norm=82564.478075649735 norm=1036.9827143847076 radius=8654.3112787736609 next_radius=8654.3112787736609 lambda=4.4870668303472746e-08 next_lambda=4.4870668303472746e-08 rho=0.96391740107017609 accept=1
CLASSICAL_LM o=21 lambda=4.4870668303472746e-08 tau=4.4870668303472746e-08 prediction=2338.3625074095426 rho=0.96391740107017609 accept=1
  MFCG it  22 cost=1.835024e+06 lam=4.487e-08 tau=0.00e+00 cg_it=1 shift=0 ckpt=2 alpha=0 acc mv=142
PCG_PREP o=22 rebuild=1 drift=0 previous_depth=2
E2_CAP o=22 retry=0 touched=203 ncam=3068 raw=82354.979924144733 capped=937.07500600687104 radius=8654.3112787736609 median=1.938230556174225 global_scale=1
POINT_SAFE o=22 frozen=339 slope=-2165.9327005122032 candidate=1833131.1200099268 original=1834506.2211665981 current=1835024.3489002124 won=1 mode=1 camera_scale=1 keep_scale=0
ATTR_RADIUS o=22 raw_norm=82354.979924144805 norm=937.0750060068741 radius=8654.3112787736609 next_radius=8654.3112787736609 lambda=4.4870668303472746e-08 next_lambda=4.4870668303472746e-08 rho=0.97478419856275189 accept=1
CLASSICAL_LM o=22 lambda=4.4870668303472746e-08 tau=4.4870668303472746e-08 prediction=1942.2030979544213 rho=0.97478419856275189 accept=1
  MFCG it  23 cost=1.833131e+06 lam=4.487e-08 tau=0.00e+00 cg_it=1 shift=0 ckpt=2 alpha=0 acc mv=145
PCG_PREP o=23 rebuild=1 drift=0 previous_depth=2
E2_CAP o=23 retry=0 touched=197 ncam=3068 raw=81955.090711488461 capped=854.86504319105757 radius=8654.3112787736609 median=1.7855494853519542 global_scale=1
POINT_SAFE o=23 frozen=358 slope=-1926.6295154812894 candidate=1831405.1596510808 original=1832765.9185321021 current=1833131.1200099268 won=1 mode=1 camera_scale=1 keep_scale=0
ATTR_RADIUS o=23 raw_norm=81955.090711488418 norm=854.86504319105882 radius=8654.3112787736609 next_radius=8654.3112787736609 lambda=4.4870668303472746e-08 next_lambda=4.4870668303472746e-08 rho=0.98456736845211368 accept=1
CLASSICAL_LM o=23 lambda=4.4870668303472746e-08 tau=4.4870668303472746e-08 prediction=1753.0139776615465 rho=0.98456736845211368 accept=1
  MFCG it  24 cost=1.831405e+06 lam=4.487e-08 tau=0.00e+00 cg_it=1 shift=0 ckpt=2 alpha=0 acc mv=148
PCG_PREP o=24 rebuild=1 drift=0 previous_depth=2
E2_CAP o=24 retry=0 touched=192 ncam=3068 raw=82564.406819572891 capped=796.23902991024863 radius=8654.3112787736609 median=1.6872882876990878 global_scale=1
POINT_SAFE o=24 frozen=362 slope=-1918.5792948169033 candidate=1829826.0498117702 original=1830936.7238110718 current=1831405.1596510808 won=1 mode=1 camera_scale=1 keep_scale=0
ATTR_RADIUS o=24 raw_norm=82564.406819572876 norm=796.23902991024602 radius=8654.3112787736609 next_radius=8654.3112787736609 lambda=4.4870668303472746e-08 next_lambda=4.4870668303472746e-08 rho=0.92924860960477118 accept=1
CLASSICAL_LM o=24 lambda=4.4870668303472746e-08 tau=4.4870668303472746e-08 prediction=1699.3405456719113 rho=0.92924860960477118 accept=1
  MFCG it  25 cost=1.829826e+06 lam=4.487e-08 tau=0.00e+00 cg_it=1 shift=0 ckpt=2 alpha=0 acc mv=151
PCG_PREP o=25 rebuild=1 drift=0 previous_depth=2
E2_CAP o=25 retry=0 touched=184 ncam=3068 raw=85211.01808192693 capped=736.12061556480717 radius=8654.3112787736609 median=1.5851924189903603 global_scale=1
POINT_SAFE o=25 frozen=392 slope=-1795.933947084028 candidate=1828282.0699545888 original=1829469.2439939575 current=1829826.0498117702 won=1 mode=1 camera_scale=1 keep_scale=0
ATTR_RADIUS o=25 raw_norm=85211.018081926901 norm=736.12061556480705 radius=8654.3112787736609 next_radius=8654.3112787736609 lambda=4.4870668303472746e-08 next_lambda=4.4870668303472746e-08 rho=0.98026781757045389 accept=1
CLASSICAL_LM o=25 lambda=4.4870668303472746e-08 tau=4.4870668303472746e-08 prediction=1575.059212907867 rho=0.98026781757045389 accept=1
  MFCG it  26 cost=1.828282e+06 lam=4.487e-08 tau=0.00e+00 cg_it=1 shift=0 ckpt=2 alpha=0 acc mv=154
PCG_PREP o=26 rebuild=1 drift=0 previous_depth=2
E2_CAP o=26 retry=0 touched=187 ncam=3068 raw=80236.471736160005 capped=696.59837706521944 radius=8654.3112787736609 median=1.5030482624570745 global_scale=1
POINT_SAFE o=26 frozen=358 slope=-1575.7944337795257 candidate=1826886.185966267 original=1827942.1501834712 current=1828282.0699545888 won=1 mode=1 camera_scale=1 keep_scale=0
ATTR_RADIUS o=26 raw_norm=80236.471736159976 norm=696.59837706521705 radius=8654.3112787736609 next_radius=8654.3112787736609 lambda=4.4870668303472746e-08 next_lambda=4.4870668303472746e-08 rho=0.97873467207521747 accept=1
CLASSICAL_LM o=26 lambda=4.4870668303472746e-08 tau=4.4870668303472746e-08 prediction=1426.2128727513627 rho=0.97873467207521747 accept=1
  MFCG it  27 cost=1.826886e+06 lam=4.487e-08 tau=0.00e+00 cg_it=1 shift=0 ckpt=2 alpha=0 acc mv=157
PCG_PREP o=27 rebuild=1 drift=0 previous_depth=2
E2_CAP o=27 retry=0 touched=184 ncam=3068 raw=79483.188388008319 capped=653.27291555783245 radius=8654.3112787736609 median=1.4164532722147594 global_scale=1
POINT_SAFE o=27 frozen=366 slope=-1403.9979904246784 candidate=1825621.4851349471 original=1826555.6652830895 current=1826886.185966267 won=1 mode=1 camera_scale=1 keep_scale=0
ATTR_RADIUS o=27 raw_norm=79483.18838800829 norm=653.27291555783336 radius=8654.3112787736609 next_radius=8654.3112787736609 lambda=4.4870668303472746e-08 next_lambda=4.4870668303472746e-08 rho=0.9942844570923548 accept=1
CLASSICAL_LM o=27 lambda=4.4870668303472746e-08 tau=4.4870668303472746e-08 prediction=1271.970835205796 rho=0.9942844570923548 accept=1
  MFCG it  28 cost=1.825621e+06 lam=4.487e-08 tau=0.00e+00 cg_it=1 shift=0 ckpt=2 alpha=0 acc mv=160
PCG_PREP o=28 rebuild=1 drift=0 previous_depth=2
E2_CAP o=28 retry=0 touched=181 ncam=3068 raw=79432.056449934054 capped=624.00937820340107 radius=8654.3112787736609 median=1.3535643765924055 global_scale=1
POINT_SAFE o=28 frozen=353 slope=-1605.1313219687636 candidate=1824385.0767970127 original=1825294.8424944913 current=1825621.4851349471 won=1 mode=1 camera_scale=1 keep_scale=0
ATTR_RADIUS o=28 raw_norm=79432.056449934025 norm=624.00937820340016 radius=8654.3112787736609 next_radius=8654.3112787736609 lambda=4.4870668303472746e-08 next_lambda=4.4870668303472746e-08 rho=0.92202395389048508 accept=1
CLASSICAL_LM o=28 lambda=4.4870668303472746e-08 tau=4.4870668303472746e-08 prediction=1340.9720351812734 rho=0.92202395389048508 accept=1
  MFCG it  29 cost=1.824385e+06 lam=4.487e-08 tau=0.00e+00 cg_it=1 shift=0 ckpt=2 alpha=0 acc mv=163
PCG_PREP o=29 rebuild=1 drift=0 previous_depth=2
E2_CAP o=29 retry=0 touched=181 ncam=3068 raw=80657.690386755959 capped=584.7327069513708 radius=8654.3112787736609 median=1.2807590431736116 global_scale=1
POINT_SAFE o=29 frozen=354 slope=-1405.6772915729275 candidate=1823216.1830587944 original=1824320.8599365472 current=1824385.0767970127 won=1 mode=1 camera_scale=1 keep_scale=0
ATTR_RADIUS o=29 raw_norm=80657.690386756018 norm=584.7327069513716 radius=8654.3112787736609 next_radius=8654.3112787736609 lambda=4.4870668303472746e-08 next_lambda=4.4870668303472746e-08 rho=0.9553957046063335 accept=1
CLASSICAL_LM o=29 lambda=4.4870668303472746e-08 tau=4.4870668303472746e-08 prediction=1223.4655573420102 rho=0.9553957046063335 accept=1
  MFCG it  30 cost=1.823216e+06 lam=4.487e-08 tau=0.00e+00 cg_it=1 shift=0 ckpt=2 alpha=0 acc mv=166
PCG_PREP o=30 rebuild=1 drift=0 previous_depth=2
E2_CAP o=30 retry=0 touched=177 ncam=3068 raw=83969.900622449291 capped=553.6753664348978 radius=8654.3112787736609 median=1.2205533559356847 global_scale=1
POINT_SAFE o=30 frozen=339 slope=-1110.0194610200583 candidate=1822176.9348601513 original=1823094.445860158 current=1823216.1830587944 won=1 mode=1 camera_scale=1 keep_scale=0
ATTR_RADIUS o=30 raw_norm=83969.900622449291 norm=553.67536643489666 radius=8654.3112787736609 next_radius=8654.3112787736609 lambda=4.4870668303472746e-08 next_lambda=4.4870668303472746e-08 rho=1.0006419248112071 accept=1
CLASSICAL_LM o=30 lambda=4.4870668303472746e-08 tau=4.4870668303472746e-08 prediction=1038.5815074050297 rho=1.0006419248112071 accept=1
  MFCG it  31 cost=1.822177e+06 lam=4.487e-08 tau=0.00e+00 cg_it=1 shift=0 ckpt=2 alpha=0 acc mv=169
PCG_PREP o=31 rebuild=1 drift=0 previous_depth=2
E2_CAP o=31 retry=0 touched=176 ncam=3068 raw=77505.178478590053 capped=527.44622775377422 radius=8654.3112787736609 median=1.165946030034068 global_scale=1
POINT_SAFE o=31 frozen=336 slope=-1024.3933157597496 candidate=1821213.362017534 original=1821957.8708694826 current=1822176.9348601513 won=1 mode=1 camera_scale=1 keep_scale=0
ATTR_RADIUS o=31 raw_norm=77505.178478590096 norm=527.44622775377411 radius=8654.3112787736609 next_radius=8654.3112787736609 lambda=4.4870668303472746e-08 next_lambda=4.4870668303472746e-08 rho=1.0027677149829495 accept=1
CLASSICAL_LM o=31 lambda=4.4870668303472746e-08 tau=4.4870668303472746e-08 prediction=960.91330845615676 rho=1.0027677149829495 accept=1
  MFCG it  32 cost=1.821213e+06 lam=4.487e-08 tau=0.00e+00 cg_it=1 shift=0 ckpt=2 alpha=0 acc mv=172
PCG_PREP o=32 rebuild=1 drift=0 previous_depth=2
E2_CAP o=32 retry=0 touched=173 ncam=3068 raw=79024.876176365258 capped=503.54215209035476 radius=8654.3112787736609 median=1.1148234470555591 global_scale=1
POINT_SAFE o=32 frozen=330 slope=-965.43641431652009 candidate=1820303.9845703135 original=1820945.2428296839 current=1821213.362017534 won=1 mode=1 camera_scale=1 keep_scale=0
ATTR_RADIUS o=32 raw_norm=79024.876176365287 norm=503.54215209035465 radius=8654.3112787736609 next_radius=8654.3112787736609 lambda=4.4870668303472746e-08 next_lambda=4.4870668303472746e-08 rho=1.000007059593329 accept=1
CLASSICAL_LM o=32 lambda=4.4870668303472746e-08 tau=4.4870668303472746e-08 prediction=909.37102743085791 rho=1.000007059593329 accept=1
  MFCG it  33 cost=1.820304e+06 lam=4.487e-08 tau=0.00e+00 cg_it=1 shift=0 ckpt=2 alpha=0 acc mv=175
PCG_PREP o=33 rebuild=1 drift=0 previous_depth=2
E2_CAP o=33 retry=0 touched=169 ncam=3068 raw=76619.724732851202 capped=475.58057513261406 radius=8654.3112787736609 median=1.0629676604516622 global_scale=1
POINT_SAFE o=33 frozen=347 slope=-1128.4418145785999 candidate=1819396.548084181 original=1819988.2585850931 current=1820303.9845703135 won=1 mode=1 camera_scale=1 keep_scale=0
ATTR_RADIUS o=33 raw_norm=76619.724732851057 norm=475.58057513261468 radius=8654.3112787736609 next_radius=8654.3112787736609 lambda=4.4870668303472746e-08 next_lambda=4.4870668303472746e-08 rho=0.9303810600653093 accept=1
CLASSICAL_LM o=33 lambda=4.4870668303472746e-08 tau=4.4870668303472746e-08 prediction=975.33851997024135 rho=0.9303810600653093 accept=1
  MFCG it  34 cost=1.819397e+06 lam=4.487e-08 tau=0.00e+00 cg_it=1 shift=0 ckpt=2 alpha=0 acc mv=178
PCG_PREP o=34 rebuild=1 drift=0 previous_depth=2
E2_CAP o=34 retry=0 touched=169 ncam=3068 raw=76025.093595714483 capped=458.63887570059956 radius=8654.3112787736609 median=1.0275064210645988 global_scale=1
POINT_SAFE o=34 frozen=329 slope=-869.59095921723235 candidate=1818584.0202154235 original=1819068.7287802445 current=1819396.548084181 won=1 mode=1 camera_scale=1 keep_scale=0
ATTR_RADIUS o=34 raw_norm=76025.093595714439 norm=458.63887570059865 radius=8654.3112787736609 next_radius=8654.3112787736609 lambda=4.4870668303472746e-08 next_lambda=4.4870668303472746e-08 rho=1.0049651231024677 accept=1
CLASSICAL_LM o=34 lambda=4.4870668303472746e-08 tau=4.4870668303472746e-08 prediction=808.51349970146532 rho=1.0049651231024677 accept=1
  MFCG it  35 cost=1.818584e+06 lam=4.487e-08 tau=0.00e+00 cg_it=1 shift=0 ckpt=2 alpha=0 acc mv=181
PCG_PREP o=35 rebuild=1 drift=0 previous_depth=2
E2_CAP o=35 retry=0 touched=166 ncam=3068 raw=80333.036165055542 capped=440.65785670193907 radius=8654.3112787736609 median=0.993402661913523 global_scale=1
POINT_SAFE o=35 frozen=346 slope=-823.48963262542111 candidate=1817801.0434292634 original=1818230.8008889947 current=1818584.0202154235 won=1 mode=1 camera_scale=1 keep_scale=0
ATTR_RADIUS o=35 raw_norm=80333.036165055571 norm=440.65785670193969 radius=8654.3112787736609 next_radius=8654.3112787736609 lambda=4.4870668303472746e-08 next_lambda=4.4870668303472746e-08 rho=1.0068713306181805 accept=1
CLASSICAL_LM o=35 lambda=4.4870668303472746e-08 tau=4.4870668303472746e-08 prediction=777.63340990097049 rho=1.0068713306181805 accept=1
  MFCG it  36 cost=1.817801e+06 lam=4.487e-08 tau=0.00e+00 cg_it=1 shift=0 ckpt=2 alpha=0 acc mv=184
PCG_PREP o=36 rebuild=1 drift=0 previous_depth=2
E2_CAP o=36 retry=0 touched=166 ncam=3068 raw=75367.941650851004 capped=424.42170473373557 radius=8654.3112787736609 median=0.95703862631950321 global_scale=1
POINT_SAFE o=36 frozen=345 slope=-809.36338231039576 candidate=1817027.2211480299 original=1817462.2354247235 current=1817801.0434292634 won=1 mode=1 camera_scale=1 keep_scale=0
ATTR_RADIUS o=36 raw_norm=75367.941650851004 norm=424.42170473373517 radius=8654.3112787736609 next_radius=8654.3112787736609 lambda=4.4870668303472746e-08 next_lambda=4.4870668303472746e-08 rho=1.0073924886216175 accept=1
CLASSICAL_LM o=36 lambda=4.4870668303472746e-08 tau=4.4870668303472746e-08 prediction=768.14378702812917 rho=1.0073924886216175 accept=1
  MFCG it  37 cost=1.817027e+06 lam=4.487e-08 tau=0.00e+00 cg_it=1 shift=0 ckpt=2 alpha=0 acc mv=187
PCG_PREP o=37 rebuild=1 drift=0 previous_depth=2
E2_CAP o=37 retry=0 touched=165 ncam=3068 raw=78512.243709512346 capped=408.65633809623336 radius=8654.3112787736609 median=0.9214443651665557 global_scale=1
POINT_SAFE o=37 frozen=336 slope=-774.71073761920456 candidate=1816286.2939866716 original=1816840.446176766 current=1817027.2211480299 won=1 mode=1 camera_scale=1 keep_scale=0
ATTR_RADIUS o=37 raw_norm=78512.243709512302 norm=408.65633809623472 radius=8654.3112787736609 next_radius=8654.3112787736609 lambda=4.4870668303472746e-08 next_lambda=4.4870668303472746e-08 rho=1.0090634467861992 accept=1
CLASSICAL_LM o=37 lambda=4.4870668303472746e-08 tau=4.4870668303472746e-08 prediction=734.27212502652947 rho=1.0090634467861992 accept=1
  MFCG it  38 cost=1.816286e+06 lam=4.487e-08 tau=0.00e+00 cg_it=1 shift=0 ckpt=2 alpha=0 acc mv=190
PCG_PREP o=38 rebuild=1 drift=0 previous_depth=2
E2_CAP o=38 retry=0 touched=237 ncam=3068 raw=61714.627484861354 capped=242.60416856244368 radius=8654.3112787736609 median=0.46716339978320848 global_scale=1
POINT_SAFE o=38 frozen=337 slope=-757.85178982395962 candidate=1815682.9155112652 original=1816122.7153124369 current=1816286.2939866716 won=1 mode=1 camera_scale=1 keep_scale=0
ATTR_RADIUS o=38 raw_norm=61714.627484861317 norm=242.60416856244288 radius=8654.3112787736609 next_radius=8654.3112787736609 lambda=4.4870668303472746e-08 next_lambda=4.4870668303472746e-08 rho=1.0029037146177566 accept=1
CLASSICAL_LM o=38 lambda=4.4870668303472746e-08 tau=4.4870668303472746e-08 prediction=601.63150919867678 rho=1.0029037146177566 accept=1
  MFCG it  39 cost=1.815683e+06 lam=4.487e-08 tau=0.00e+00 cg_it=0 shift=0 ckpt=1 alpha=0 acc mv=192
PCG_PREP o=39 rebuild=1 drift=0 previous_depth=1
E2_CAP o=39 retry=0 touched=157 ncam=3068 raw=74857.90901919255 capped=480.07966603064176 radius=8654.3112787736609 median=1.0778450440374372 global_scale=1
POINT_SAFE o=39 frozen=340 slope=-711.89071639528584 candidate=1815097.6511271419 original=1815513.5192737889 current=1815682.9155112652 won=1 mode=1 camera_scale=1 keep_scale=0
ATTR_RADIUS o=39 raw_norm=74857.909019192593 norm=480.07966603064261 radius=8654.3112787736609 next_radius=8654.3112787736609 lambda=4.4870668303472746e-08 next_lambda=4.4870668303472746e-08 rho=1.0139231780990583 accept=1
CLASSICAL_LM o=39 lambda=4.4870668303472746e-08 tau=4.4870668303472746e-08 prediction=577.22754224885148 rho=1.0139231780990583 accept=1
  MFCG it  40 cost=1.815098e+06 lam=4.487e-08 tau=0.00e+00 cg_it=1 shift=0 ckpt=2 alpha=0 acc mv=195
PCG_PREP o=40 rebuild=1 drift=0 previous_depth=2
E2_CAP o=40 retry=0 touched=226 ncam=3068 raw=61994.111619379837 capped=227.59785299267807 radius=8654.3112787736609 median=0.44580836539233082 global_scale=1
POINT_SAFE o=40 frozen=328 slope=-747.38635740510733 candidate=1814528.2261524324 original=1814856.614993816 current=1815097.6511271419 won=1 mode=1 camera_scale=1 keep_scale=0
ATTR_RADIUS o=40 raw_norm=61994.111619379815 norm=227.59785299267833 radius=8654.3112787736609 next_radius=8654.3112787736609 lambda=4.4870668303472746e-08 next_lambda=4.4870668303472746e-08 rho=0.97121899792488109 accept=1
CLASSICAL_LM o=40 lambda=4.4870668303472746e-08 tau=4.4870668303472746e-08 prediction=586.2992547779204 rho=0.97121899792488109 accept=1
  MFCG it  41 cost=1.814528e+06 lam=4.487e-08 tau=0.00e+00 cg_it=0 shift=0 ckpt=1 alpha=0 acc mv=197
PCG_PREP o=41 rebuild=1 drift=0 previous_depth=1
E2_CAP o=41 retry=0 touched=157 ncam=3068 raw=81427.036564523034 capped=456.54088267321072 radius=8654.3112787736609 median=1.0396240470904117 global_scale=1
POINT_SAFE o=41 frozen=350 slope=-726.06541247534255 candidate=1813936.4563227401 original=1814213.7896141596 current=1814528.2261524324 won=1 mode=1 camera_scale=1 keep_scale=0
ATTR_RADIUS o=41 raw_norm=81427.036564523005 norm=456.54088267321123 radius=8654.3112787736609 next_radius=8654.3112787736609 lambda=4.4870668303472746e-08 next_lambda=4.4870668303472746e-08 rho=1.0072546892362273 accept=1
CLASSICAL_LM o=41 lambda=4.4870668303472746e-08 tau=4.4870668303472746e-08 prediction=587.50764430894969 rho=1.0072546892362273 accept=1
  MFCG it  42 cost=1.813936e+06 lam=4.487e-08 tau=0.00e+00 cg_it=1 shift=0 ckpt=2 alpha=0 acc mv=200
PCG_PREP o=42 rebuild=1 drift=0 previous_depth=2
E2_CAP o=42 retry=0 touched=156 ncam=3068 raw=73933.056904384299 capped=389.93863615692135 radius=8654.3112787736609 median=0.91046807749581371 global_scale=1
POINT_SAFE o=42 frozen=310 slope=-798.34831383551841 candidate=1813201.8171723839 original=1813580.2822087293 current=1813936.4563227401 won=1 mode=1 camera_scale=1 keep_scale=0
ATTR_RADIUS o=42 raw_norm=73933.056904384357 norm=389.93863615692243 radius=8654.3112787736609 next_radius=8654.3112787736609 lambda=4.4870668303472746e-08 next_lambda=4.4870668303472746e-08 rho=0.99091705544497743 accept=1
CLASSICAL_LM o=42 lambda=4.4870668303472746e-08 tau=4.4870668303472746e-08 prediction=741.37300021168892 rho=0.99091705544497743 accept=1
  MFCG it  43 cost=1.813202e+06 lam=4.487e-08 tau=0.00e+00 cg_it=1 shift=0 ckpt=2 alpha=0 acc mv=203
PCG_PREP o=43 rebuild=1 drift=0 previous_depth=2
E2_CAP o=43 retry=0 touched=232 ncam=3068 raw=62122.941389460488 capped=208.48436308334226 radius=8654.3112787736609 median=0.40863705805256922 global_scale=1
POINT_SAFE o=43 frozen=259 slope=-688.95608510459738 candidate=1812687.917351397 original=1812851.2914197347 current=1813201.8171723839 won=1 mode=1 camera_scale=1 keep_scale=0
ATTR_RADIUS o=43 raw_norm=62122.941389460495 norm=208.48436308334215 radius=8654.3112787736609 next_radius=8654.3112787736609 lambda=4.4870668303472746e-08 next_lambda=4.4870668303472746e-08 rho=0.96515163170043572 accept=1
CLASSICAL_LM o=43 lambda=4.4870668303472746e-08 tau=4.4870668303472746e-08 prediction=532.4550092522735 rho=0.96515163170043572 accept=1
  MFCG it  44 cost=1.812688e+06 lam=4.487e-08 tau=0.00e+00 cg_it=0 shift=0 ckpt=1 alpha=0 acc mv=205
PCG_PREP o=44 rebuild=1 drift=0 previous_depth=1
E2_CAP o=44 retry=0 touched=152 ncam=3068 raw=75479.587291808741 capped=430.56677894121941 radius=8654.3112787736609 median=0.97540264557164758 global_scale=1
POINT_SAFE o=44 frozen=330 slope=-700.04503242615795 candidate=1812122.5936671742 original=1812327.2806038505 current=1812687.917351397 won=1 mode=1 camera_scale=1 keep_scale=0
ATTR_RADIUS o=44 raw_norm=75479.587291808726 norm=430.56677894121941 radius=8654.3112787736609 next_radius=8654.3112787736609 lambda=4.4870668303472746e-08 next_lambda=4.4870668303472746e-08 rho=1.0139530117264284 accept=1
CLASSICAL_LM o=44 lambda=4.4870668303472746e-08 tau=4.4870668303472746e-08 prediction=557.54426258885826 rho=1.0139530117264284 accept=1
  MFCG it  45 cost=1.812123e+06 lam=4.487e-08 tau=0.00e+00 cg_it=1 shift=0 ckpt=2 alpha=0 acc mv=208
PCG_PREP o=45 rebuild=1 drift=0 previous_depth=2
E2_CAP o=45 retry=0 touched=155 ncam=3068 raw=75411.034892344629 capped=368.0343427322552 radius=8654.3112787736609 median=0.85831265858668104 global_scale=1
POINT_SAFE o=45 frozen=293 slope=-764.17446368837318 candidate=1811422.9888342477 original=1811813.5766597453 current=1812122.5936671742 won=1 mode=1 camera_scale=1 keep_scale=0
ATTR_RADIUS o=45 raw_norm=75411.034892344702 norm=368.0343427322544 radius=8654.3112787736609 next_radius=8654.3112787736609 lambda=4.4870668303472746e-08 next_lambda=4.4870668303472746e-08 rho=0.99483657587970231 accept=1
CLASSICAL_LM o=45 lambda=4.4870668303472746e-08 tau=4.4870668303472746e-08 prediction=703.23593833277994 rho=0.99483657587970231 accept=1
  MFCG it  46 cost=1.811423e+06 lam=4.487e-08 tau=0.00e+00 cg_it=1 shift=0 ckpt=2 alpha=0 acc mv=211
PCG_PREP o=46 rebuild=1 drift=0 previous_depth=2
E2_CAP o=46 retry=0 touched=155 ncam=3068 raw=74653.498621510706 capped=329.03231891196549 radius=8654.3112787736609 median=0.76862822252398122 global_scale=1
POINT_SAFE o=46 frozen=296 slope=-653.35963274751612 candidate=1810803.9734869406 original=1811289.3942205615 current=1811422.9888342477 won=1 mode=1 camera_scale=1 keep_scale=0
ATTR_RADIUS o=46 raw_norm=74653.498621510706 norm=329.03231891196577 radius=8654.3112787736609 next_radius=8654.3112787736609 lambda=4.4870668303472746e-08 next_lambda=4.4870668303472746e-08 rho=1.0101184229783797 accept=1
CLASSICAL_LM o=46 lambda=4.4870668303472746e-08 tau=4.4870668303472746e-08 prediction=612.8146296766746 rho=1.0101184229783797 accept=1
  MFCG it  47 cost=1.810804e+06 lam=4.487e-08 tau=0.00e+00 cg_it=1 shift=0 ckpt=2 alpha=0 acc mv=214
PCG_PREP o=47 rebuild=1 drift=0 previous_depth=2
E2_CAP o=47 retry=0 touched=235 ncam=3068 raw=62302.19889474543 capped=203.96025101228963 radius=8654.3112787736609 median=0.39591233487900074 global_scale=1
POINT_SAFE o=47 frozen=276 slope=-590.17820136197327 candidate=1810327.9115670782 original=1810752.0208514649 current=1810803.9734869406 won=1 mode=1 camera_scale=1 keep_scale=0
ATTR_RADIUS o=47 raw_norm=62302.198894745328 norm=203.9602510122902 radius=8654.3112787736609 next_radius=8654.3112787736609 lambda=4.4870668303472746e-08 next_lambda=4.4870668303472746e-08 rho=1.0034167963958882 accept=1
CLASSICAL_LM o=47 lambda=4.4870668303472746e-08 tau=4.4870668303472746e-08 prediction=474.44085206899302 rho=1.0034167963958882 accept=1
  MFCG it  48 cost=1.810328e+06 lam=4.487e-08 tau=0.00e+00 cg_it=0 shift=0 ckpt=1 alpha=0 acc mv=216
PCG_PREP o=48 rebuild=1 drift=0 previous_depth=1
E2_CAP o=48 retry=0 touched=152 ncam=3068 raw=74560.858225587697 capped=390.44377185496307 radius=8654.3112787736609 median=0.8925369866769044 global_scale=1
POINT_SAFE o=48 frozen=360 slope=-572.43848974543732 candidate=1809865.8498245715 original=1810121.1261034748 current=1810327.9115670782 won=1 mode=1 camera_scale=1 keep_scale=0
ATTR_RADIUS o=48 raw_norm=74560.858225587683 norm=390.44377185496285 radius=8654.3112787736609 next_radius=8654.3112787736609 lambda=4.4870668303472746e-08 next_lambda=4.4870668303472746e-08 rho=1.0119772045682893 accept=1
CLASSICAL_LM o=48 lambda=4.4870668303472746e-08 tau=4.4870668303472746e-08 prediction=456.59303433006136 rho=1.0119772045682893 accept=1
  MFCG it  49 cost=1.809866e+06 lam=4.487e-08 tau=0.00e+00 cg_it=1 shift=0 ckpt=2 alpha=0 acc mv=219
PCG_PREP o=49 rebuild=1 drift=0 previous_depth=2
E2_CAP o=49 retry=0 touched=152 ncam=3068 raw=83205.413041621403 capped=334.80069208848806 radius=8654.3112787736609 median=0.79178441607750372 global_scale=1
POINT_SAFE o=49 frozen=309 slope=-629.81636378195151 candidate=1809263.7383987959 original=1809649.4876600101 current=1809865.8498245715 won=1 mode=1 camera_scale=1 keep_scale=0
ATTR_RADIUS o=49 raw_norm=83205.413041621447 norm=334.80069208848869 radius=8654.3112787736609 next_radius=8654.3112787736609 lambda=4.4870668303472746e-08 next_lambda=4.4870668303472746e-08 rho=1.0083622326521178 accept=1
CLASSICAL_LM o=49 lambda=4.4870668303472746e-08 tau=4.4870668303472746e-08 prediction=597.11818459517394 rho=1.0083622326521178 accept=1
  MFCG it  50 cost=1.809264e+06 lam=4.487e-08 tau=0.00e+00 cg_it=1 shift=0 ckpt=2 alpha=0 acc mv=222
PCG_PREP o=50 rebuild=1 drift=0 previous_depth=2
E2_CAP o=50 retry=0 touched=233 ncam=3068 raw=62572.561864300325 capped=183.80394108968699 radius=8654.3112787736609 median=0.35948698418447478 global_scale=1
POINT_SAFE o=50 frozen=248 slope=-519.38165986206025 candidate=1808838.8539163256 original=1809049.9616386744 current=1809263.7383987959 won=1 mode=1 camera_scale=1 keep_scale=0
ATTR_RADIUS o=50 raw_norm=62572.56186430026 norm=183.80394108968693 radius=8654.3112787736609 next_radius=8654.3112787736609 lambda=4.4870668303472746e-08 next_lambda=4.4870668303472746e-08 rho=0.99688844183294423 accept=1
CLASSICAL_LM o=50 lambda=4.4870668303472746e-08 tau=4.4870668303472746e-08 prediction=426.21066173575116 rho=0.99688844183294423 accept=1
  MFCG it  51 cost=1.808839e+06 lam=4.487e-08 tau=0.00e+00 cg_it=0 shift=0 ckpt=1 alpha=0 acc mv=224
PCG_PREP o=51 rebuild=1 drift=0 previous_depth=1
E2_CAP o=51 retry=0 touched=148 ncam=3068 raw=75237.913276960753 capped=368.08112858747768 radius=8654.3112787736609 median=0.84536067888440314 global_scale=1
POINT_SAFE o=51 frozen=333 slope=-488.06810386962542 candidate=1808453.1879340948 original=1808621.4611765509 current=1808838.8539163256 won=1 mode=1 camera_scale=1 keep_scale=0
ATTR_RADIUS o=51 raw_norm=75237.913276960768 norm=368.08112858747734 radius=8654.3112787736609 next_radius=8654.3112787736609 lambda=4.4870668303472746e-08 next_lambda=4.4870668303472746e-08 rho=1.0059328433573171 accept=1
CLASSICAL_LM o=51 lambda=4.4870668303472746e-08 tau=4.4870668303472746e-08 prediction=383.39138122146687 rho=1.0059328433573171 accept=1
  MFCG it  52 cost=1.808453e+06 lam=4.487e-08 tau=0.00e+00 cg_it=1 shift=0 ckpt=2 alpha=0 acc mv=227
PCG_PREP o=52 rebuild=1 drift=0 previous_depth=2
E2_CAP o=52 retry=0 touched=228 ncam=3068 raw=62752.369356180614 capped=192.87047790769952 radius=8654.3112787736609 median=0.38006915404657815 global_scale=1
POINT_SAFE o=52 frozen=278 slope=-529.63896227723376 candidate=1808018.3828283558 original=1808227.3791813392 current=1808453.1879340948 won=1 mode=1 camera_scale=1 keep_scale=0
ATTR_RADIUS o=52 raw_norm=62752.369356180548 norm=192.8704779076993 radius=8654.3112787736609 next_radius=8654.3112787736609 lambda=4.4870668303472746e-08 next_lambda=4.4870668303472746e-08 rho=1.0022501214951069 accept=1
CLASSICAL_LM o=52 lambda=4.4870668303472746e-08 tau=4.4870668303472746e-08 prediction=433.82893792062566 rho=1.0022501214951069 accept=1
  MFCG it  53 cost=1.808018e+06 lam=4.487e-08 tau=0.00e+00 cg_it=0 shift=0 ckpt=1 alpha=0 acc mv=229
PCG_PREP o=53 rebuild=1 drift=0 previous_depth=1
E2_CAP o=53 retry=0 touched=147 ncam=3068 raw=77466.579137529567 capped=357.01837226691032 radius=8654.3112787736609 median=0.83711023709410659 global_scale=1
POINT_SAFE o=53 frozen=335 slope=-452.68433372881833 candidate=1807661.7317046763 original=1807793.2065500785 current=1808018.3828283558 won=1 mode=1 camera_scale=1 keep_scale=0
ATTR_RADIUS o=53 raw_norm=77466.579137529552 norm=357.01837226690992 radius=8654.3112787736609 next_radius=8654.3112787736609 lambda=4.4870668303472746e-08 next_lambda=4.4870668303472746e-08 rho=1.0068011838740503 accept=1
CLASSICAL_LM o=53 lambda=4.4870668303472746e-08 tau=4.4870668303472746e-08 prediction=354.24185965606944 rho=1.0068011838740503 accept=1
  MFCG it  54 cost=1.807662e+06 lam=4.487e-08 tau=0.00e+00 cg_it=1 shift=0 ckpt=2 alpha=0 acc mv=232
PCG_PREP o=54 rebuild=1 drift=0 previous_depth=2
E2_CAP o=54 retry=0 touched=147 ncam=3068 raw=78282.809260929498 capped=303.19620371773044 radius=8654.3112787736609 median=0.73102749932820787 global_scale=1
POINT_SAFE o=54 frozen=276 slope=-505.89874175817869 candidate=1807171.0498716736 original=1807427.876450062 current=1807661.7317046763 won=1 mode=1 camera_scale=1 keep_scale=0
ATTR_RADIUS o=54 raw_norm=78282.809260929396 norm=303.1962037177309 radius=8654.3112787736609 next_radius=8654.3112787736609 lambda=4.4870668303472746e-08 next_lambda=4.4870668303472746e-08 rho=1.0070110979073166 accept=1
CLASSICAL_LM o=54 lambda=4.4870668303472746e-08 tau=4.4870668303472746e-08 prediction=487.26556640975349 rho=1.0070110979073166 accept=1
  MFCG it  55 cost=1.807171e+06 lam=4.487e-08 tau=0.00e+00 cg_it=1 shift=0 ckpt=2 alpha=0 acc mv=235
PCG_PREP o=55 rebuild=1 drift=0 previous_depth=2
E2_CAP o=55 retry=0 touched=229 ncam=3068 raw=62747.700902557728 capped=172.84665552688043 radius=8654.3112787736609 median=0.33962937429905993 global_scale=1
POINT_SAFE o=55 frozen=254 slope=-458.56156062822197 candidate=1806793.5743643537 original=1806935.7510217049 current=1807171.0498716736 won=1 mode=1 camera_scale=1 keep_scale=0
ATTR_RADIUS o=55 raw_norm=62747.700902557815 norm=172.84665552688094 radius=8654.3112787736609 next_radius=8654.3112787736609 lambda=4.4870668303472746e-08 next_lambda=4.4870668303472746e-08 rho=1.0029136600927335 accept=1
CLASSICAL_LM o=55 lambda=4.4870668303472746e-08 tau=4.4870668303472746e-08 prediction=376.37886723469489 rho=1.0029136600927335 accept=1
  MFCG it  56 cost=1.806794e+06 lam=4.487e-08 tau=0.00e+00 cg_it=0 shift=0 ckpt=1 alpha=0 acc mv=237
PCG_PREP o=56 rebuild=1 drift=0 previous_depth=1
E2_CAP o=56 retry=0 touched=146 ncam=3068 raw=77443.795278747697 capped=343.59712391869544 radius=8654.3112787736609 median=0.79140099935043196 global_scale=1
POINT_SAFE o=56 frozen=325 slope=-396.63162578440154 candidate=1806493.6063239817 original=1806689.8782516508 current=1806793.5743643537 won=1 mode=1 camera_scale=1 keep_scale=0
ATTR_RADIUS o=56 raw_norm=77443.795278747595 norm=343.59712391869567 radius=8654.3112787736609 next_radius=8654.3112787736609 lambda=4.4870668303472746e-08 next_lambda=4.4870668303472746e-08 rho=1.0062115190091538 accept=1
CLASSICAL_LM o=56 lambda=4.4870668303472746e-08 tau=4.4870668303472746e-08 prediction=298.11628539832219 rho=1.0062115190091538 accept=1
  MFCG it  57 cost=1.806494e+06 lam=4.487e-08 tau=0.00e+00 cg_it=1 shift=0 ckpt=2 alpha=0 acc mv=240
PCG_PREP o=57 rebuild=1 drift=0 previous_depth=2
E2_CAP o=57 retry=0 touched=231 ncam=3068 raw=62789.992633947419 capped=182.53635563173859 radius=8654.3112787736609 median=0.35765856677611996 global_scale=1
POINT_SAFE o=57 frozen=279 slope=-485.29989559845905 candidate=1806096.7992429289 original=1806346.5865171524 current=1806493.6063239817 won=1 mode=1 camera_scale=1 keep_scale=0
ATTR_RADIUS o=57 raw_norm=62789.992633947528 norm=182.53635563173876 radius=8654.3112787736609 next_radius=8654.3112787736609 lambda=4.4870668303472746e-08 next_lambda=4.4870668303472746e-08 rho=1.0014112721590636 accept=1
CLASSICAL_LM o=57 lambda=4.4870668303472746e-08 tau=4.4870668303472746e-08 prediction=396.24786746935285 rho=1.0014112721590636 accept=1
  MFCG it  58 cost=1.806097e+06 lam=4.487e-08 tau=0.00e+00 cg_it=0 shift=0 ckpt=1 alpha=0 acc mv=242
PCG_PREP o=58 rebuild=1 drift=0 previous_depth=1
E2_CAP o=58 retry=0 touched=145 ncam=3068 raw=75188.698458843835 capped=331.29989344035943 radius=8654.3112787736609 median=0.77368262323660963 global_scale=1
POINT_SAFE o=58 frozen=320 slope=-363.53220170894406 candidate=1805823.6814878569 original=1805907.7993756756 current=1806096.7992429289 won=1 mode=1 camera_scale=1 keep_scale=0
ATTR_RADIUS o=58 raw_norm=75188.698458843792 norm=331.29989344035965 radius=8654.3112787736609 next_radius=8654.3112787736609 lambda=4.4870668303472746e-08 next_lambda=4.4870668303472746e-08 rho=1.0048823440829078 accept=1
CLASSICAL_LM o=58 lambda=4.4870668303472746e-08 tau=4.4870668303472746e-08 prediction=271.79077897046318 rho=1.0048823440829078 accept=1
  MFCG it  59 cost=1.805824e+06 lam=4.487e-08 tau=0.00e+00 cg_it=1 shift=0 ckpt=2 alpha=0 acc mv=245
PCG_PREP o=59 rebuild=1 drift=0 previous_depth=2
E2_CAP o=59 retry=0 touched=231 ncam=3068 raw=62697.217066023797 capped=180.53042547340348 radius=8654.3112787736609 median=0.35344708508741179 global_scale=1
POINT_SAFE o=59 frozen=302 slope=-474.22631006357057 candidate=1805438.7262499817 original=1805608.7287674127 current=1805823.6814878569 won=1 mode=1 camera_scale=1 keep_scale=0
ATTR_RADIUS o=59 raw_norm=62697.217066023819 norm=180.53042547340362 radius=8654.3112787736609 next_radius=8654.3112787736609 lambda=4.4870668303472746e-08 next_lambda=4.4870668303472746e-08 rho=1.0006737565580552 accept=1
CLASSICAL_LM o=59 lambda=4.4870668303472746e-08 tau=4.4870668303472746e-08 prediction=384.69604639111293 rho=1.0006737565580552 accept=1
  MFCG it  60 cost=1.805439e+06 lam=4.487e-08 tau=0.00e+00 cg_it=0 shift=0 ckpt=1 alpha=0 acc mv=247
PCG_PREP o=60 rebuild=1 drift=0 previous_depth=1
E2_CAP o=60 retry=0 touched=142 ncam=3068 raw=75170.858645490065 capped=325.60839676612409 radius=8654.3112787736609 median=0.7548527801789684 global_scale=1
POINT_SAFE o=60 frozen=309 slope=-340.53810486908827 candidate=1805189.1410987098 original=1805208.8130886641 current=1805438.7262499817 won=1 mode=1 camera_scale=1 keep_scale=0
ATTR_RADIUS o=60 raw_norm=75170.858645490094 norm=325.60839676612471 radius=8654.3112787736609 next_radius=8654.3112787736609 lambda=4.4870668303472746e-08 next_lambda=4.4870668303472746e-08 rho=1.0034541081495083 accept=1
CLASSICAL_LM o=60 lambda=4.4870668303472746e-08 tau=4.4870668303472746e-08 prediction=248.72602468304206 rho=1.0034541081495083 accept=1
  MFCG it  61 cost=1.805189e+06 lam=4.487e-08 tau=0.00e+00 cg_it=1 shift=0 ckpt=2 alpha=0 acc mv=250
PCG_PREP o=61 rebuild=1 drift=0 previous_depth=2
E2_CAP o=61 retry=0 touched=229 ncam=3068 raw=62697.156448392889 capped=176.73467250768746 radius=8654.3112787736609 median=0.34649062128928754 global_scale=1
POINT_SAFE o=61 frozen=308 slope=-458.15395432675871 candidate=1804818.6689926272 original=1804951.0200731433 current=1805189.1410987098 won=1 mode=1 camera_scale=1 keep_scale=0
ATTR_RADIUS o=61 raw_norm=62697.156448392925 norm=176.73467250768783 radius=8654.3112787736609 next_radius=8654.3112787736609 lambda=4.4870668303472746e-08 next_lambda=4.4870668303472746e-08 rho=0.99496338109115823 accept=1
CLASSICAL_LM o=61 lambda=4.4870668303472746e-08 tau=4.4870668303472746e-08 prediction=372.34747843313363 rho=0.99496338109115823 accept=1
  MFCG it  62 cost=1.804819e+06 lam=4.487e-08 tau=0.00e+00 cg_it=0 shift=0 ckpt=1 alpha=0 acc mv=252
PCG_PREP o=62 rebuild=1 drift=0 previous_depth=1
E2_CAP o=62 retry=0 touched=143 ncam=3068 raw=76947.101083201182 capped=316.75031651328959 radius=8654.3112787736609 median=0.7347202293521593 global_scale=1
POINT_SAFE o=62 frozen=296 slope=-321.8355620226896 candidate=1804588.5663042255 original=1804580.8972553147 current=1804818.6689926272 won=0 mode=1 camera_scale=1 keep_scale=0
ATTR_RADIUS o=62 raw_norm=76947.101083201182 norm=39.593789564161156 radius=8654.3112787736609 next_radius=8654.3112787736609 lambda=4.4870668303472746e-08 next_lambda=4.4870668303472746e-08 rho=0.62581262817515426 accept=1
CLASSICAL_LM o=62 lambda=4.4870668303472746e-08 tau=4.4870668303472746e-08 prediction=379.94077876914326 rho=0.62581262817515426 accept=1
  MFCG it  63 cost=1.804581e+06 lam=4.487e-08 tau=0.00e+00 cg_it=1 shift=0 ckpt=2 alpha=0 acc mv=255
PCG_PREP o=63 rebuild=1 drift=0 previous_depth=2
E2_CAP o=63 retry=0 touched=143 ncam=3068 raw=76092.307164920625 capped=305.65077305509891 radius=8654.3112787736609 median=0.71549392981209059 global_scale=1
POINT_SAFE o=63 frozen=295 slope=-1127.5407445669848 candidate=1804144.0810245667 original=1803994.8333270645 current=1804580.8972553147 won=0 mode=1 camera_scale=1 keep_scale=0
ATTR_RADIUS o=63 raw_norm=76092.307164920596 norm=76.412693263774557 radius=8654.3112787736609 next_radius=8654.3112787736609 lambda=4.4870668303472746e-08 next_lambda=4.4870668303472746e-08 rho=0.94343469676263814 accept=1
CLASSICAL_LM o=63 lambda=4.4870668303472746e-08 tau=4.4870668303472746e-08 prediction=621.20243219936731 rho=0.94343469676263814 accept=1
  MFCG it  64 cost=1.803995e+06 lam=4.487e-08 tau=0.00e+00 cg_it=1 shift=0 ckpt=2 alpha=0 acc mv=258
PCG_PREP o=64 rebuild=1 drift=0 previous_depth=2
E2_CAP o=64 retry=0 touched=149 ncam=3068 raw=76107.654441316103 capped=286.74486697482553 radius=8654.3112787736609 median=0.67253824969619158 global_scale=1
POINT_SAFE o=64 frozen=219 slope=-1483.2292010372164 candidate=1803386.1300567607 original=1803504.5389702998 current=1803994.8333270645 won=1 mode=1 camera_scale=1 keep_scale=0
ATTR_RADIUS o=64 raw_norm=76107.654441316117 norm=286.74486697482502 radius=8654.3112787736609 next_radius=8654.3112787736609 lambda=4.4870668303472746e-08 next_lambda=4.4870668303472746e-08 rho=0.70898693497787957 accept=1
CLASSICAL_LM o=64 lambda=4.4870668303472746e-08 tau=4.4870668303472746e-08 prediction=858.55357873805599 rho=0.70898693497787957 accept=1
  MFCG it  65 cost=1.803386e+06 lam=4.487e-08 tau=0.00e+00 cg_it=1 shift=0 ckpt=2 alpha=0 acc mv=261
PCG_PREP o=65 rebuild=1 drift=0 previous_depth=2
E2_CAP o=65 retry=0 touched=226 ncam=3068 raw=62613.474852721389 capped=167.87010794708473 radius=8654.3112787736609 median=0.32726975309667494 global_scale=1
POINT_SAFE o=65 frozen=252 slope=-913.37095879683625 candidate=1802861.1274863158 original=1803014.0938011655 current=1803386.1300567607 won=1 mode=1 camera_scale=1 keep_scale=0
ATTR_RADIUS o=65 raw_norm=62613.474852721418 norm=167.87010794708496 radius=8654.3112787736609 next_radius=8654.3112787736609 lambda=4.4870668303472746e-08 next_lambda=4.4870668303472746e-08 rho=0.88219977556973239 accept=1
CLASSICAL_LM o=65 lambda=4.4870668303472746e-08 tau=4.4870668303472746e-08 prediction=595.10621628292699 rho=0.88219977556973239 accept=1
  MFCG it  66 cost=1.802861e+06 lam=4.487e-08 tau=0.00e+00 cg_it=0 shift=0 ckpt=1 alpha=0 acc mv=263
PCG_PREP o=66 rebuild=1 drift=0 previous_depth=1
E2_CAP o=66 retry=0 touched=147 ncam=3068 raw=81294.716307936062 capped=312.13502219686546 radius=8654.3112787736609 median=0.71487989778047045 global_scale=1
POINT_SAFE o=66 frozen=285 slope=-456.0881564996219 candidate=1802598.0132855435 original=1802676.0822802847 current=1802861.1274863158 won=1 mode=1 camera_scale=1 keep_scale=0
ATTR_RADIUS o=66 raw_norm=81294.716307936018 norm=312.13502219686609 radius=8654.3112787736609 next_radius=8654.3112787736609 lambda=4.4870668303472746e-08 next_lambda=4.4870668303472746e-08 rho=0.87747871496948915 accept=1
CLASSICAL_LM o=66 lambda=4.4870668303472746e-08 tau=4.4870668303472746e-08 prediction=299.85251640138154 rho=0.87747871496948915 accept=1
  MFCG it  67 cost=1.802598e+06 lam=4.487e-08 tau=0.00e+00 cg_it=1 shift=0 ckpt=2 alpha=0 acc mv=266
PCG_PREP o=67 rebuild=1 drift=0 previous_depth=2
E2_CAP o=67 retry=0 touched=230 ncam=3068 raw=62651.683285421728 capped=169.51786404854539 radius=8654.3112787736609 median=0.32987309812166554 global_scale=1
POINT_SAFE o=67 frozen=227 slope=-486.9387115071624 candidate=1802232.2141014906 original=1802347.4302808007 current=1802598.0132855435 won=1 mode=1 camera_scale=1 keep_scale=0
ATTR_RADIUS o=67 raw_norm=62651.683285421743 norm=169.51786404854525 radius=8654.3112787736609 next_radius=8654.3112787736609 lambda=4.4870668303472746e-08 next_lambda=4.4870668303472746e-08 rho=0.94517046224010237 accept=1
CLASSICAL_LM o=67 lambda=4.4870668303472746e-08 tau=4.4870668303472746e-08 prediction=387.01927183167504 rho=0.94517046224010237 accept=1
  MFCG it  68 cost=1.802232e+06 lam=4.487e-08 tau=0.00e+00 cg_it=0 shift=0 ckpt=1 alpha=0 acc mv=268
PCG_PREP o=68 rebuild=1 drift=0 previous_depth=1
E2_CAP o=68 retry=0 touched=144 ncam=3068 raw=76355.787000742057 capped=302.2854903326907 radius=8654.3112787736609 median=0.70315202844349045 global_scale=1
POINT_SAFE o=68 frozen=269 slope=-325.39295462527355 candidate=1801997.5289823986 original=1802079.2004532949 current=1802232.2141014906 won=1 mode=1 camera_scale=1 keep_scale=0
ATTR_RADIUS o=68 raw_norm=76355.787000742042 norm=302.28549033269081 radius=8654.3112787736609 next_radius=8654.3112787736609 lambda=4.4870668303472746e-08 next_lambda=4.4870668303472746e-08 rho=0.99505810436751785 accept=1
CLASSICAL_LM o=68 lambda=4.4870668303472746e-08 tau=4.4870668303472746e-08 prediction=235.85066848048046 rho=0.99505810436751785 accept=1
  MFCG it  69 cost=1.801998e+06 lam=4.487e-08 tau=0.00e+00 cg_it=1 shift=0 ckpt=2 alpha=0 acc mv=271
PCG_PREP o=69 rebuild=1 drift=0 previous_depth=2
E2_CAP o=69 retry=0 touched=229 ncam=3068 raw=62768.562731929058 capped=167.49611943655242 radius=8654.3112787736609 median=0.32660961159789814 global_scale=1
POINT_SAFE o=69 frozen=230 slope=-433.64491960929212 candidate=1801645.9465825164 original=1801807.2654083332 current=1801997.5289823986 won=1 mode=1 camera_scale=1 keep_scale=0
ATTR_RADIUS o=69 raw_norm=62768.562731929043 norm=167.49611943655242 radius=8654.3112787736609 next_radius=8654.3112787736609 lambda=4.4870668303472746e-08 next_lambda=4.4870668303472746e-08 rho=1.0000351172475457 accept=1
CLASSICAL_LM o=69 lambda=4.4870668303472746e-08 tau=4.4870668303472746e-08 prediction=351.5700537095376 rho=1.0000351172475457 accept=1
  MFCG it  70 cost=1.801646e+06 lam=4.487e-08 tau=0.00e+00 cg_it=0 shift=0 ckpt=1 alpha=0 acc mv=273
PCG_PREP o=70 rebuild=1 drift=0 previous_depth=1
E2_CAP o=70 retry=0 touched=141 ncam=3068 raw=82429.607678604458 capped=297.61502187967386 radius=8654.3112787736609 median=0.6876371735641007 global_scale=1
POINT_SAFE o=70 frozen=239 slope=-311.06511788749123 candidate=1801425.3991126297 original=1801510.6387476879 current=1801645.9465825164 won=1 mode=1 camera_scale=1 keep_scale=0
ATTR_RADIUS o=70 raw_norm=82429.607678604458 norm=297.615021879675 radius=8654.3112787736609 next_radius=8654.3112787736609 lambda=4.4870668303472746e-08 next_lambda=4.4870668303472746e-08 rho=0.99020680509363757 accept=1
CLASSICAL_LM o=70 lambda=4.4870668303472746e-08 tau=4.4870668303472746e-08 prediction=222.72869541212913 rho=0.99020680509363757 accept=1
  MFCG it  71 cost=1.801425e+06 lam=4.487e-08 tau=0.00e+00 cg_it=1 shift=0 ckpt=2 alpha=0 acc mv=276
PCG_PREP o=71 rebuild=1 drift=0 previous_depth=2
E2_CAP o=71 retry=0 touched=226 ncam=3068 raw=62946.445765302866 capped=164.10117384764999 radius=8654.3112787736609 median=0.32036361937946006 global_scale=1
POINT_SAFE o=71 frozen=218 slope=-429.03256266969015 candidate=1801078.2881166374 original=1801202.2023577008 current=1801425.3991126297 won=1 mode=1 camera_scale=1 keep_scale=0
ATTR_RADIUS o=71 raw_norm=62946.445765302866 norm=164.10117384765002 radius=8654.3112787736609 next_radius=8654.3112787736609 lambda=4.4870668303472746e-08 next_lambda=4.4870668303472746e-08 rho=0.9990846727805448 accept=1
CLASSICAL_LM o=71 lambda=4.4870668303472746e-08 tau=4.4870668303472746e-08 prediction=347.42900721945591 rho=0.9990846727805448 accept=1
  MFCG it  72 cost=1.801078e+06 lam=4.487e-08 tau=0.00e+00 cg_it=0 shift=0 ckpt=1 alpha=0 acc mv=278
PCG_PREP o=72 rebuild=1 drift=0 previous_depth=1
E2_CAP o=72 retry=0 touched=141 ncam=3068 raw=79082.138236582512 capped=289.33717134526609 radius=8654.3112787736609 median=0.66821842740877613 global_scale=1
POINT_SAFE o=72 frozen=224 slope=-313.89126547025404 candidate=1800859.9541960633 original=1800912.1200666749 current=1801078.2881166374 won=1 mode=1 camera_scale=1 keep_scale=0
ATTR_RADIUS o=72 raw_norm=79082.138236582483 norm=289.33717134526552 radius=8654.3112787736609 next_radius=8654.3112787736609 lambda=4.4870668303472746e-08 next_lambda=4.4870668303472746e-08 rho=0.98346572761464934 accept=1
CLASSICAL_LM o=72 lambda=4.4870668303472746e-08 tau=4.4870668303472746e-08 prediction=222.00460518701283 rho=0.98346572761464934 accept=1
  MFCG it  73 cost=1.800860e+06 lam=4.487e-08 tau=0.00e+00 cg_it=1 shift=0 ckpt=2 alpha=0 acc mv=281
PCG_PREP o=73 rebuild=1 drift=0 previous_depth=2
E2_CAP o=73 retry=0 touched=221 ncam=3068 raw=63158.522879122036 capped=161.59209580081566 radius=8654.3112787736609 median=0.31675968649318892 global_scale=1
POINT_SAFE o=73 frozen=195 slope=-425.90893689948598 candidate=1800517.8600101473 original=1800624.0867368663 current=1800859.9541960633 won=1 mode=1 camera_scale=1 keep_scale=0
ATTR_RADIUS o=73 raw_norm=63158.522879122043 norm=161.59209580081526 radius=8654.3112787736609 next_radius=8654.3112787736609 lambda=4.4870668303472746e-08 next_lambda=4.4870668303472746e-08 rho=0.99749992975968726 accept=1
CLASSICAL_LM o=73 lambda=4.4870668303472746e-08 tau=4.4870668303472746e-08 prediction=342.95158897747899 rho=0.99749992975968726 accept=1
  MFCG it  74 cost=1.800518e+06 lam=4.487e-08 tau=0.00e+00 cg_it=0 shift=0 ckpt=1 alpha=0 acc mv=283
PCG_PREP o=74 rebuild=1 drift=0 previous_depth=1
E2_CAP o=74 retry=0 touched=143 ncam=3068 raw=75844.854677761468 capped=285.02275186230753 radius=8654.3112787736609 median=0.65690183555418136 global_scale=1
POINT_SAFE o=74 frozen=232 slope=-281.46843676599417 candidate=1800323.105621062 original=1800363.1160278704 current=1800517.8600101473 won=1 mode=1 camera_scale=1 keep_scale=0
ATTR_RADIUS o=74 raw_norm=75844.854677761483 norm=285.0227518623077 radius=8654.3112787736609 next_radius=8654.3112787736609 lambda=4.4870668303472746e-08 next_lambda=4.4870668303472746e-08 rho=1.0028512412464274 accept=1
CLASSICAL_LM o=74 lambda=4.4870668303472746e-08 tau=4.4870668303472746e-08 prediction=194.20067610753932 rho=1.0028512412464274 accept=1
  MFCG it  75 cost=1.800323e+06 lam=4.487e-08 tau=0.00e+00 cg_it=1 shift=0 ckpt=2 alpha=0 acc mv=286
PCG_PREP o=75 rebuild=1 drift=0 previous_depth=2
E2_CAP o=75 retry=0 touched=226 ncam=3068 raw=63176.374072615385 capped=158.49601734020067 radius=8654.3112787736609 median=0.30939901046015617 global_scale=1
POINT_SAFE o=75 frozen=183 slope=-402.86520368334936 candidate=1799998.7468664027 original=1800087.4791361964 current=1800323.105621062 won=1 mode=1 camera_scale=1 keep_scale=0
ATTR_RADIUS o=75 raw_norm=63176.374072615341 norm=158.49601734020072 radius=8654.3112787736609 next_radius=8654.3112787736609 lambda=4.4870668303472746e-08 next_lambda=4.4870668303472746e-08 rho=0.99612040720210138 accept=1
CLASSICAL_LM o=75 lambda=4.4870668303472746e-08 tau=4.4870668303472746e-08 prediction=325.62203556331292 rho=0.99612040720210138 accept=1
  MFCG it  76 cost=1.799999e+06 lam=4.487e-08 tau=0.00e+00 cg_it=0 shift=0 ckpt=1 alpha=0 acc mv=288
PCG_PREP o=76 rebuild=1 drift=0 previous_depth=1
E2_CAP o=76 retry=0 touched=142 ncam=3068 raw=76189.183395149201 capped=275.7664052281666 radius=8654.3112787736609 median=0.63616080922918949 global_scale=1
POINT_SAFE o=76 frozen=223 slope=-244.45357681855194 candidate=1799838.7272446419 original=1799930.8553964463 current=1799998.7468664027 won=1 mode=1 camera_scale=1 keep_scale=0
ATTR_RADIUS o=76 raw_norm=76189.183395149172 norm=275.76640522816655 radius=8654.3112787736609 next_radius=8654.3112787736609 lambda=4.4870668303472746e-08 next_lambda=4.4870668303472746e-08 rho=0.9990806539313144 accept=1
CLASSICAL_LM o=76 lambda=4.4870668303472746e-08 tau=4.4870668303472746e-08 prediction=160.16687054358516 rho=0.9990806539313144 accept=1
  MFCG it  77 cost=1.799839e+06 lam=4.487e-08 tau=0.00e+00 cg_it=1 shift=0 ckpt=2 alpha=0 acc mv=291
PCG_PREP o=77 rebuild=1 drift=0 previous_depth=2
E2_CAP o=77 retry=0 touched=223 ncam=3068 raw=63578.433306483676 capped=155.47305789723791 radius=8654.3112787736609 median=0.30457741442851438 global_scale=1
POINT_SAFE o=77 frozen=187 slope=-385.24501567590102 candidate=1799526.4540611578 original=1799815.8757904572 current=1799838.7272446419 won=1 mode=1 camera_scale=1 keep_scale=0
ATTR_RADIUS o=77 raw_norm=63578.433306483719 norm=155.47305789723825 radius=8654.3112787736609 next_radius=8654.3112787736609 lambda=4.4870668303472746e-08 next_lambda=4.4870668303472746e-08 rho=0.99925385640986697 accept=1
CLASSICAL_LM o=77 lambda=4.4870668303472746e-08 tau=4.4870668303472746e-08 prediction=312.50635810006827 rho=0.99925385640986697 accept=1
  MFCG it  78 cost=1.799526e+06 lam=4.487e-08 tau=0.00e+00 cg_it=0 shift=0 ckpt=1 alpha=0 acc mv=293
PCG_PREP o=78 rebuild=1 drift=0 previous_depth=1
E2_CAP o=78 retry=0 touched=201 ncam=3068 raw=64934.798389692165 capped=104.39958924318934 radius=8654.3112787736609 median=0.21776553033820079 global_scale=1
POINT_SAFE o=78 frozen=203 slope=-204.38589121889788 candidate=1799334.9249748427 original=1799478.7779530555 current=1799526.4540611578 won=1 mode=1 camera_scale=1 keep_scale=0
ATTR_RADIUS o=78 raw_norm=64934.798389692172 norm=104.39958924318948 radius=8654.3112787736609 next_radius=8654.3112787736609 lambda=4.4870668303472746e-08 next_lambda=4.4870668303472746e-08 rho=1.0009649357554831 accept=1
CLASSICAL_LM o=78 lambda=4.4870668303472746e-08 tau=4.4870668303472746e-08 prediction=191.34445121248487 rho=1.0009649357554831 accept=1
  MFCG it  79 cost=1.799335e+06 lam=4.487e-08 tau=0.00e+00 cg_it=0 shift=0 ckpt=1 alpha=0 acc mv=295
PCG_PREP o=79 rebuild=1 drift=0 previous_depth=1
E2_CAP o=79 retry=0 touched=157 ncam=3068 raw=76637.455860398739 capped=276.88735591960238 radius=8654.3112787736609 median=0.59299515611017983 global_scale=1
POINT_SAFE o=79 frozen=162 slope=-161.62529948275224 candidate=1799261.1299834442 original=1799287.4618104398 current=1799334.9249748427 won=1 mode=1 camera_scale=1 keep_scale=0
ATTR_RADIUS o=79 raw_norm=76637.455860398783 norm=276.88735591960244 radius=8654.3112787736609 next_radius=8654.3112787736609 lambda=4.4870668303472746e-08 next_lambda=4.4870668303472746e-08 rho=1.0018183079799756 accept=1
CLASSICAL_LM o=79 lambda=4.4870668303472746e-08 tau=4.4870668303472746e-08 prediction=73.66105291812859 rho=1.0018183079799756 accept=1
  MFCG it  80 cost=1.799261e+06 lam=4.487e-08 tau=0.00e+00 cg_it=1 shift=0 ckpt=2 alpha=0 acc mv=298
PCG_PREP o=80 rebuild=1 drift=0 previous_depth=2
E2_CAP o=80 retry=0 touched=223 ncam=3068 raw=64563.718144975464 capped=155.1717836743382 radius=8654.3112787736609 median=0.30420363125260824 global_scale=1
POINT_SAFE o=80 frozen=172 slope=-376.81862019667437 candidate=1798956.2675455122 original=1799258.9330112485 current=1799261.1299834442 won=1 mode=1 camera_scale=1 keep_scale=0
ATTR_RADIUS o=80 raw_norm=64563.718144975399 norm=155.17178367433826 radius=8654.3112787736609 next_radius=8654.3112787736609 lambda=4.4870668303472746e-08 next_lambda=4.4870668303472746e-08 rho=1.0007027453592723 accept=1
CLASSICAL_LM o=80 lambda=4.4870668303472746e-08 tau=4.4870668303472746e-08 prediction=304.64834771948375 rho=1.0007027453592723 accept=1
  MFCG it  81 cost=1.798956e+06 lam=4.487e-08 tau=0.00e+00 cg_it=0 shift=0 ckpt=1 alpha=0 acc mv=300
PCG_PREP o=81 rebuild=1 drift=0 previous_depth=1
E2_CAP o=81 retry=0 touched=198 ncam=3068 raw=65876.97630907745 capped=103.72941966290338 radius=8654.3112787736609 median=0.21741869181283158 global_scale=1
POINT_SAFE o=81 frozen=161 slope=-199.84368272593986 candidate=1798769.6268132089 original=1798918.4115812208 current=1798956.2675455122 won=1 mode=1 camera_scale=1 keep_scale=0
ATTR_RADIUS o=81 raw_norm=65876.97630907748 norm=103.7294196629035 radius=8654.3112787736609 next_radius=8654.3112787736609 lambda=4.4870668303472746e-08 next_lambda=4.4870668303472746e-08 rho=1.0014600034242576 accept=1
CLASSICAL_LM o=81 lambda=4.4870668303472746e-08 tau=4.4870668303472746e-08 prediction=186.36863346023563 rho=1.0014600034242576 accept=1
  MFCG it  82 cost=1.798770e+06 lam=4.487e-08 tau=0.00e+00 cg_it=0 shift=0 ckpt=1 alpha=0 acc mv=302
PCG_PREP o=82 rebuild=1 drift=0 previous_depth=1
E2_CAP o=82 retry=0 touched=152 ncam=3068 raw=75365.215737355262 capped=266.32933286790774 radius=8654.3112787736609 median=0.57432132775110345 global_scale=1
POINT_SAFE o=82 frozen=163 slope=-141.73185334564121 candidate=1798706.0939375462 original=1798717.0131294939 current=1798769.6268132089 won=1 mode=1 camera_scale=1 keep_scale=0
ATTR_RADIUS o=82 raw_norm=75365.215737355233 norm=266.32933286790745 radius=8654.3112787736609 next_radius=8654.3112787736609 lambda=4.4870668303472746e-08 next_lambda=4.4870668303472746e-08 rho=1.0147247877070527 accept=1
CLASSICAL_LM o=82 lambda=4.4870668303472746e-08 tau=4.4870668303472746e-08 prediction=62.61094282148477 rho=1.0147247877070527 accept=1
  MFCG it  83 cost=1.798706e+06 lam=4.487e-08 tau=0.00e+00 cg_it=1 shift=0 ckpt=2 alpha=0 acc mv=305
PCG_PREP o=83 rebuild=1 drift=0 previous_depth=2
E2_CAP o=83 retry=0 touched=222 ncam=3068 raw=65963.36281121205 capped=151.96910101122035 radius=8654.3112787736609 median=0.29818066926266784 global_scale=1
POINT_SAFE o=83 frozen=183 slope=-365.02035940177558 candidate=1798411.4549756094 original=1798623.4611866409 current=1798706.0939375462 won=1 mode=1 camera_scale=1 keep_scale=0
ATTR_RADIUS o=83 raw_norm=65963.36281121205 norm=151.96910101122054 radius=8654.3112787736609 next_radius=8654.3112787736609 lambda=4.4870668303472746e-08 next_lambda=4.4870668303472746e-08 rho=1.0004579281425297 accept=1
CLASSICAL_LM o=83 lambda=4.4870668303472746e-08 tau=4.4870668303472746e-08 prediction=294.50410022123117 rho=1.0004579281425297 accept=1
  MFCG it  84 cost=1.798411e+06 lam=4.487e-08 tau=0.00e+00 cg_it=0 shift=0 ckpt=1 alpha=0 acc mv=307
PCG_PREP o=84 rebuild=1 drift=0 previous_depth=1
E2_CAP o=84 retry=0 touched=140 ncam=3068 raw=78159.44547186367 capped=259.94833614227832 radius=8654.3112787736609 median=0.60537100534640587 global_scale=1
POINT_SAFE o=84 frozen=185 slope=-181.90195463641308 candidate=1798302.4041343138 original=1798348.3892632215 current=1798411.4549756094 won=1 mode=1 camera_scale=1 keep_scale=0
ATTR_RADIUS o=84 raw_norm=78159.445471863641 norm=259.94833614227855 radius=8654.3112787736609 next_radius=8654.3112787736609 lambda=4.4870668303472746e-08 next_lambda=4.4870668303472746e-08 rho=1.0055058494062419 accept=1
CLASSICAL_LM o=84 lambda=4.4870668303472746e-08 tau=4.4870668303472746e-08 prediction=108.45371149259977 rho=1.0055058494062419 accept=1
  MFCG it  85 cost=1.798302e+06 lam=4.487e-08 tau=0.00e+00 cg_it=1 shift=0 ckpt=2 alpha=0 acc mv=310
PCG_PREP o=85 rebuild=1 drift=0 previous_depth=2
E2_CAP o=85 retry=0 touched=221 ncam=3068 raw=67166.569136072503 capped=146.95587128542707 radius=8654.3112787736609 median=0.28833681710924414 global_scale=1
POINT_SAFE o=85 frozen=201 slope=-355.29874983503731 candidate=1798014.1401207526 original=1798229.0114835671 current=1798302.4041343138 won=1 mode=1 camera_scale=1 keep_scale=0
ATTR_RADIUS o=85 raw_norm=67166.569136072561 norm=146.95587128542695 radius=8654.3112787736609 next_radius=8654.3112787736609 lambda=4.4870668303472746e-08 next_lambda=4.4870668303472746e-08 rho=0.99979909205576789 accept=1
CLASSICAL_LM o=85 lambda=4.4870668303472746e-08 tau=4.4870668303472746e-08 prediction=288.32193972937534 rho=0.99979909205576789 accept=1
  MFCG it  86 cost=1.798014e+06 lam=4.487e-08 tau=0.00e+00 cg_it=0 shift=0 ckpt=1 alpha=0 acc mv=312
PCG_PREP o=86 rebuild=1 drift=0 previous_depth=1
E2_CAP o=86 retry=0 touched=196 ncam=3068 raw=68910.51615812922 capped=96.016830473609204 radius=8654.3112787736609 median=0.20200044252328164 global_scale=1
POINT_SAFE o=86 frozen=192 slope=-185.57516060297138 candidate=1797840.0179370462 original=1797959.6208157921 current=1798014.1401207526 won=1 mode=1 camera_scale=1 keep_scale=0
ATTR_RADIUS o=86 raw_norm=68910.516158129263 norm=96.016830473609261 radius=8654.3112787736609 next_radius=8654.3112787736609 lambda=4.4870668303472746e-08 next_lambda=4.4870668303472746e-08 rho=1.000852143685836 accept=1
CLASSICAL_LM o=86 lambda=4.4870668303472746e-08 tau=4.4870668303472746e-08 prediction=173.97393291794251 rho=1.000852143685836 accept=1
  MFCG it  87 cost=1.797840e+06 lam=4.487e-08 tau=0.00e+00 cg_it=0 shift=0 ckpt=1 alpha=0 acc mv=314
PCG_PREP o=87 rebuild=1 drift=0 previous_depth=1
E2_CAP o=87 retry=0 touched=163 ncam=3068 raw=144078.95782792693 capped=270.35131643998108 radius=8654.3112787736609 median=0.58106674273181047 global_scale=1
POINT_SAFE o=87 frozen=163 slope=-122.42025421440357 candidate=1797804.9164690336 original=1797785.9408487354 current=1797840.0179370462 won=0 mode=1 camera_scale=1 keep_scale=0
ATTR_RADIUS o=87 raw_norm=144078.95782792699 norm=33.793914554997521 radius=8654.3112787736609 next_radius=8654.3112787736609 lambda=4.4870668303472746e-08 next_lambda=4.4870668303472746e-08 rho=0.83210778632375682 accept=1
CLASSICAL_LM o=87 lambda=4.4870668303472746e-08 tau=4.4870668303472746e-08 prediction=64.988081111175404 rho=0.83210778632375682 accept=1
  MFCG it  88 cost=1.797786e+06 lam=4.487e-08 tau=0.00e+00 cg_it=1 shift=0 ckpt=2 alpha=0 acc mv=317
PCG_PREP o=88 rebuild=1 drift=0 previous_depth=2
E2_CAP o=88 retry=0 touched=149 ncam=3068 raw=76625.40497914757 capped=240.17857068811932 radius=8654.3112787736609 median=0.52470352679564058 global_scale=1
POINT_SAFE o=88 frozen=136 slope=-258.62834234286942 candidate=1797715.0570686567 original=1797780.4566539957 current=1797785.9408487354 won=1 mode=1 camera_scale=1 keep_scale=0
ATTR_RADIUS o=88 raw_norm=76625.404979147585 norm=240.17857068811938 radius=8654.3112787736609 next_radius=8654.3112787736609 lambda=4.4870668303472746e-08 next_lambda=4.4870668303472746e-08 rho=0.53088999663426362 accept=1
CLASSICAL_LM o=88 lambda=4.4870668303472746e-08 tau=4.4870668303472746e-08 prediction=133.51877136152234 rho=0.53088999663426362 accept=1
  MFCG it  89 cost=1.797715e+06 lam=4.487e-08 tau=0.00e+00 cg_it=1 shift=0 ckpt=2 alpha=0 acc mv=320
PCG_PREP o=89 rebuild=1 drift=0 previous_depth=2
E2_CAP o=89 retry=0 touched=227 ncam=3068 raw=70005.545682485797 capped=146.2759943293384 radius=8654.3112787736609 median=0.28574819195203177 global_scale=1
ATTR_RADIUS o=89 raw_norm=70005.545682485783 norm=0 radius=8654.3112787736609 next_radius=2163.5778196934152 lambda=4.4870668303472746e-08 next_lambda=7.1793069285556394e-07 rho=0.078277145775534421 accept=0
CLASSICAL_LM o=89 lambda=4.4870668303472746e-08 tau=4.4870668303472746e-08 prediction=454.35061495206173 rho=0.078277145775534421 accept=0
  MFCG it  90  retry 1/8  lam=7.179e-07 tau_eff=4.487e-08  (assembly reused)
PCG_PREP o=89 rebuild=1 drift=0 previous_depth=1
E2_CAP o=89 retry=1 touched=222 ncam=3068 raw=32078.087662103455 capped=145.38842646491184 radius=2163.5778196934152 median=0.28583547613784205 global_scale=1
ATTR_RADIUS o=89 raw_norm=32078.087662103429 norm=145.38842646491176 radius=2163.5778196934152 next_radius=2163.5778196934152 lambda=7.1793069285556394e-07 next_lambda=7.1793069285556404e-08 rho=0.66915943440114256 accept=1
CLASSICAL_LM o=89 lambda=7.1793069285556394e-07 tau=7.1793069285556394e-07 prediction=450.4103608005608 rho=0.66915943440114256 accept=1
  MFCG it  90 cost=1.797414e+06 lam=7.179e-08 tau=0.00e+00 cg_it=0 shift=0 ckpt=1 alpha=0 acc mv=324
PCG_PREP o=90 rebuild=1 drift=0 previous_depth=1
E2_CAP o=90 retry=0 touched=198 ncam=3068 raw=63774.09666063069 capped=98.143446623289648 radius=2163.5778196934152 median=0.20649048005804724 global_scale=1
ATTR_RADIUS o=90 raw_norm=63774.096660630639 norm=98.143446623289719 radius=2163.5778196934152 next_radius=540.89445492335381 lambda=7.1793069285556404e-08 next_lambda=1.1486891085689025e-06 rho=0.19879273058595609 accept=1
CLASSICAL_LM o=90 lambda=7.1793069285556404e-08 tau=7.1793069285556404e-08 prediction=332.8451117697935 rho=0.19879273058595609 accept=1
  MFCG it  91 cost=1.797347e+06 lam=1.149e-06 tau=0.00e+00 cg_it=0 shift=0 ckpt=1 alpha=0 acc mv=326
PCG_PREP o=91 rebuild=1 drift=0 previous_depth=1
E2_CAP o=91 retry=0 touched=183 ncam=3068 raw=26727.205647941268 capped=76.002149066713315 radius=540.89445492335381 median=0.16495164178669341 global_scale=1
ATTR_RADIUS o=91 raw_norm=26727.205647941253 norm=76.002149066713102 radius=540.89445492335381 next_radius=540.89445492335381 lambda=1.1486891085689025e-06 next_lambda=1.1486891085689025e-07 rho=0.80988011333245913 accept=1
CLASSICAL_LM o=91 lambda=1.1486891085689025e-06 tau=1.1486891085689025e-06 prediction=406.4262288966496 rho=0.80988011333245913 accept=1
  MFCG it  92 cost=1.797018e+06 lam=1.149e-07 tau=0.00e+00 cg_it=0 shift=0 ckpt=1 alpha=0 acc mv=328
PCG_PREP o=92 rebuild=1 drift=0 previous_depth=1
E2_CAP o=92 retry=0 touched=175 ncam=3068 raw=64141.041578376993 capped=262.82965772270671 radius=540.89445492335381 median=0.55836546799468523 global_scale=1
ATTR_RADIUS o=92 raw_norm=64141.041578377008 norm=262.82965772270603 radius=540.89445492335381 next_radius=540.89445492335381 lambda=1.1486891085689025e-07 next_lambda=4.4870668303472746e-08 rho=0.67269201449057703 accept=1
CLASSICAL_LM o=92 lambda=1.1486891085689025e-07 tau=1.1486891085689025e-07 prediction=140.62726201825924 rho=0.67269201449057703 accept=1
  MFCG it  93 cost=1.796924e+06 lam=4.487e-08 tau=0.00e+00 cg_it=1 shift=0 ckpt=2 alpha=0 acc mv=331
PCG_PREP o=93 rebuild=1 drift=0 previous_depth=2
E2_CAP o=93 retry=0 touched=217 ncam=3068 raw=71654.301095953022 capped=145.57451626428755 radius=540.89445492335381 median=0.2861846352592371 global_scale=1
ATTR_RADIUS o=93 raw_norm=71654.301095953109 norm=145.57451626428772 radius=540.89445492335381 next_radius=540.89445492335381 lambda=4.4870668303472746e-08 next_lambda=4.4870668303472746e-08 rho=0.89436515728252586 accept=1
CLASSICAL_LM o=93 lambda=4.4870668303472746e-08 tau=4.4870668303472746e-08 prediction=325.58081555023961 rho=0.89436515728252586 accept=1
  MFCG it  94 cost=1.796633e+06 lam=4.487e-08 tau=0.00e+00 cg_it=0 shift=0 ckpt=1 alpha=0 acc mv=333
PCG_PREP o=94 rebuild=1 drift=0 previous_depth=1
E2_CAP o=94 retry=0 touched=145 ncam=3068 raw=90485.417427653607 capped=252.49082829534319 radius=540.89445492335381 median=0.57095075722722366 global_scale=1
ATTR_RADIUS o=94 raw_norm=90485.417427653738 norm=252.49082829534353 radius=540.89445492335381 next_radius=540.89445492335381 lambda=4.4870668303472746e-08 next_lambda=4.4870668303472746e-08 rho=0.67670169969883831 accept=1
CLASSICAL_LM o=94 lambda=4.4870668303472746e-08 tau=4.4870668303472746e-08 prediction=97.313825213154573 rho=0.67670169969883831 accept=1
  MFCG it  95 cost=1.796567e+06 lam=4.487e-08 tau=0.00e+00 cg_it=1 shift=0 ckpt=2 alpha=0 acc mv=336
PCG_PREP o=95 rebuild=1 drift=0 previous_depth=2
E2_CAP o=95 retry=0 touched=223 ncam=3068 raw=73953.268569768625 capped=143.11372849176774 radius=540.89445492335381 median=0.28044986266874272 global_scale=1
ATTR_RADIUS o=95 raw_norm=73953.26856976861 norm=143.11372849176809 radius=540.89445492335381 next_radius=540.89445492335381 lambda=4.4870668303472746e-08 next_lambda=4.4870668303472746e-08 rho=0.95831769833660174 accept=1
CLASSICAL_LM o=95 lambda=4.4870668303472746e-08 tau=4.4870668303472746e-08 prediction=313.64095013942762 rho=0.95831769833660174 accept=1
  MFCG it  96 cost=1.796266e+06 lam=4.487e-08 tau=0.00e+00 cg_it=0 shift=0 ckpt=1 alpha=0 acc mv=338
PCG_PREP o=96 rebuild=1 drift=0 previous_depth=1
E2_CAP o=96 retry=0 touched=147 ncam=3068 raw=282944.79575237277 capped=294.84659073604422 radius=540.89445492335381 median=0.67076424990067918 global_scale=1
ATTR_RADIUS o=96 raw_norm=282944.795752373 norm=294.8465907360432 radius=540.89445492335381 next_radius=540.89445492335381 lambda=4.4870668303472746e-08 next_lambda=4.4870668303472746e-08 rho=0.64408001460678432 accept=1
CLASSICAL_LM o=96 lambda=4.4870668303472746e-08 tau=4.4870668303472746e-08 prediction=4.3286719845615096 rho=0.64408001460678432 accept=1
  MFCG it  97 cost=1.796263e+06 lam=4.487e-08 tau=0.00e+00 cg_it=1 shift=0 ckpt=2 alpha=0 acc mv=341
PCG_PREP o=97 rebuild=1 drift=0 previous_depth=2
E2_CAP o=97 retry=0 touched=223 ncam=3068 raw=77920.121265864189 capped=158.51847461377264 radius=540.89445492335381 median=0.30918701811938343 global_scale=1
ATTR_RADIUS o=97 raw_norm=77920.121265864233 norm=158.51847461377298 radius=540.89445492335381 next_radius=540.89445492335381 lambda=4.4870668303472746e-08 next_lambda=4.4870668303472746e-08 rho=0.99637103230371704 accept=1
CLASSICAL_LM o=97 lambda=4.4870668303472746e-08 tau=4.4870668303472746e-08 prediction=337.74009056392202 rho=0.99637103230371704 accept=1
  MFCG it  98 cost=1.795927e+06 lam=4.487e-08 tau=0.00e+00 cg_it=0 shift=0 ckpt=1 alpha=0 acc mv=343
PCG_PREP o=98 rebuild=1 drift=0 previous_depth=1
E2_CAP o=98 retry=0 touched=203 ncam=3068 raw=80733.374678043285 capped=97.330243707758896 radius=540.89445492335381 median=0.20303165059156603 global_scale=1
ATTR_RADIUS o=98 raw_norm=80733.374678043168 norm=97.330243707758854 radius=540.89445492335381 next_radius=540.89445492335381 lambda=4.4870668303472746e-08 next_lambda=4.4870668303472746e-08 rho=0.99975738412861959 accept=1
CLASSICAL_LM o=98 lambda=4.4870668303472746e-08 tau=4.4870668303472746e-08 prediction=183.22954746716744 rho=0.99975738412861959 accept=1
  MFCG it  99 cost=1.795744e+06 lam=4.487e-08 tau=0.00e+00 cg_it=0 shift=0 ckpt=1 alpha=0 acc mv=345
PCG_PREP o=99 rebuild=1 drift=0 previous_depth=1
E2_CAP o=99 retry=0 touched=143 ncam=3068 raw=97083.748707133534 capped=229.9889795062079 radius=540.89445492335381 median=0.51319932221655518 global_scale=1
ATTR_RADIUS o=99 raw_norm=97083.748707133433 norm=229.98897950620807 radius=540.89445492335381 next_radius=540.89445492335381 lambda=4.4870668303472746e-08 next_lambda=4.4870668303472746e-08 rho=1.0001220757638587 accept=1
CLASSICAL_LM o=99 lambda=4.4870668303472746e-08 tau=4.4870668303472746e-08 prediction=86.608508222187155 rho=1.0001220757638587 accept=1
  MFCG it 100 cost=1.795657e+06 lam=4.487e-08 tau=0.00e+00 cg_it=1 shift=0 ckpt=2 alpha=0 acc mv=348
PCG_PREP o=100 rebuild=1 drift=0 previous_depth=2
E2_CAP o=100 retry=0 touched=222 ncam=3068 raw=83397.445804739473 capped=141.40047010478932 radius=540.89445492335381 median=0.2772668608652672 global_scale=1
ATTR_RADIUS o=100 raw_norm=83397.445804739342 norm=141.40047010478924 radius=540.89445492335381 next_radius=540.89445492335381 lambda=4.4870668303472746e-08 next_lambda=4.4870668303472746e-08 rho=0.99955648940903918 accept=1
CLASSICAL_LM o=100 lambda=4.4870668303472746e-08 tau=4.4870668303472746e-08 prediction=276.19508021246838 rho=0.99955648940903918 accept=1
  MFCG it 101 cost=1.795381e+06 lam=4.487e-08 tau=0.00e+00 cg_it=0 shift=0 ckpt=1 alpha=0 acc mv=350
PCG_PREP o=101 rebuild=1 drift=0 previous_depth=1
E2_CAP o=101 retry=0 touched=135 ncam=3068 raw=87741.130862673162 capped=233.45036103166578 radius=540.89445492335381 median=0.54050815985202216 global_scale=1
ATTR_RADIUS o=101 raw_norm=87741.130862673162 norm=233.45036103166589 radius=540.89445492335381 next_radius=540.89445492335381 lambda=4.4870668303472746e-08 next_lambda=4.4870668303472746e-08 rho=1.0094308949459883 accept=1
CLASSICAL_LM o=101 lambda=4.4870668303472746e-08 tau=4.4870668303472746e-08 prediction=75.493488409422753 rho=1.0094308949459883 accept=1
  MFCG it 102 cost=1.795305e+06 lam=4.487e-08 tau=0.00e+00 cg_it=1 shift=0 ckpt=2 alpha=0 acc mv=353
PCG_PREP o=102 rebuild=1 drift=0 previous_depth=2
E2_CAP o=102 retry=0 touched=221 ncam=3068 raw=84773.560569678433 capped=136.67210466964383 radius=540.89445492335381 median=0.267425510482099 global_scale=1
ATTR_RADIUS o=102 raw_norm=84773.560569678491 norm=136.67210466964355 radius=540.89445492335381 next_radius=540.89445492335381 lambda=4.4870668303472746e-08 next_lambda=4.4870668303472746e-08 rho=1.0002445425750215 accept=1
CLASSICAL_LM o=102 lambda=4.4870668303472746e-08 tau=4.4870668303472746e-08 prediction=267.41594204664682 rho=1.0002445425750215 accept=1
  MFCG it 103 cost=1.795037e+06 lam=4.487e-08 tau=0.00e+00 cg_it=0 shift=0 ckpt=1 alpha=0 acc mv=355
PCG_PREP o=103 rebuild=1 drift=0 previous_depth=1
E2_CAP o=103 retry=0 touched=164 ncam=3068 raw=337504.47048121621 capped=346.47341172180512 radius=540.89445492335381 median=0.75299574643609768 global_scale=1
POINT_SAFE o=103 frozen=132 slope=-86.171683936182475 candidate=1795126.9049030526 original=1795026.7052345269 current=1795037.2639307091 won=0 mode=1 camera_scale=1 keep_scale=0
ATTR_RADIUS o=103 raw_norm=337504.47048121644 norm=86.618352930451366 radius=540.89445492335381 next_radius=540.89445492335381 lambda=4.4870668303472746e-08 next_lambda=4.4870668303472746e-08 rho=1.0074260921149361 accept=1
CLASSICAL_LM o=103 lambda=4.4870668303472746e-08 tau=4.4870668303472746e-08 prediction=10.480864318339723 rho=1.0074260921149361 accept=1
  MFCG it 104 cost=1.795027e+06 lam=4.487e-08 tau=0.00e+00 cg_it=1 shift=0 ckpt=2 alpha=0 acc mv=358
PCG_PREP o=104 rebuild=1 drift=0 previous_depth=2
E2_CAP o=104 retry=0 touched=216 ncam=3068 raw=85666.775224214289 capped=81.894115393784702 radius=540.89445492335381 median=0.16617645672462952 global_scale=1
ATTR_RADIUS o=104 raw_norm=85666.775224214318 norm=81.894115393784517 radius=540.89445492335381 next_radius=540.89445492335381 lambda=4.4870668303472746e-08 next_lambda=4.4870668303472746e-08 rho=1.0015646061871066 accept=1
CLASSICAL_LM o=104 lambda=4.4870668303472746e-08 tau=4.4870668303472746e-08 prediction=158.39944970701367 rho=1.0015646061871066 accept=1
  MFCG it 105 cost=1.794868e+06 lam=4.487e-08 tau=0.00e+00 cg_it=0 shift=0 ckpt=1 alpha=0 acc mv=360
PCG_PREP o=105 rebuild=1 drift=0 previous_depth=1
E2_CAP o=105 retry=0 touched=138 ncam=3068 raw=92588.430674479125 capped=221.49016969293271 radius=540.89445492335381 median=0.50553258509867716 global_scale=1
ATTR_RADIUS o=105 raw_norm=92588.43067447911 norm=221.4901696929328 radius=540.89445492335381 next_radius=540.89445492335381 lambda=4.4870668303472746e-08 next_lambda=4.4870668303472746e-08 rho=0.99495816154125616 accept=1
CLASSICAL_LM o=105 lambda=4.4870668303472746e-08 tau=4.4870668303472746e-08 prediction=67.447078650629933 rho=0.99495816154125616 accept=1
  MFCG it 106 cost=1.794801e+06 lam=4.487e-08 tau=0.00e+00 cg_it=1 shift=0 ckpt=2 alpha=0 acc mv=363
PCG_PREP o=106 rebuild=1 drift=0 previous_depth=2
E2_CAP o=106 retry=0 touched=227 ncam=3068 raw=85259.559803233627 capped=137.97388020671985 radius=540.89445492335381 median=0.26909907440887759 global_scale=1
ATTR_RADIUS o=106 raw_norm=85259.559803233671 norm=137.97388020671968 radius=540.89445492335381 next_radius=540.89445492335381 lambda=4.4870668303472746e-08 next_lambda=4.4870668303472746e-08 rho=0.99817015254533237 accept=1
CLASSICAL_LM o=106 lambda=4.4870668303472746e-08 tau=4.4870668303472746e-08 prediction=269.33300761037714 rho=0.99817015254533237 accept=1
  MFCG it 107 cost=1.794532e+06 lam=4.487e-08 tau=0.00e+00 cg_it=0 shift=0 ckpt=1 alpha=0 acc mv=365
PCG_PREP o=107 rebuild=1 drift=0 previous_depth=1
E2_CAP o=107 retry=0 touched=137 ncam=3068 raw=122340.07625544987 capped=228.53475796318082 radius=540.89445492335381 median=0.52566930957654812 global_scale=1
ATTR_RADIUS o=107 raw_norm=122340.07625544984 norm=228.53475796318099 radius=540.89445492335381 next_radius=540.89445492335381 lambda=4.4870668303472746e-08 next_lambda=4.4870668303472746e-08 rho=1.0036409426128217 accept=1
CLASSICAL_LM o=107 lambda=4.4870668303472746e-08 tau=4.4870668303472746e-08 prediction=53.892793631636266 rho=1.0036409426128217 accept=1
  MFCG it 108 cost=1.794478e+06 lam=4.487e-08 tau=0.00e+00 cg_it=1 shift=0 ckpt=2 alpha=0 acc mv=368
PCG_PREP o=108 rebuild=1 drift=0 previous_depth=2
E2_CAP o=108 retry=0 touched=225 ncam=3068 raw=85134.055188206796 capped=136.162653880775 radius=540.89445492335381 median=0.26464864199115135 global_scale=1
ATTR_RADIUS o=108 raw_norm=85134.055188206767 norm=136.16265388077488 radius=540.89445492335381 next_radius=540.89445492335381 lambda=4.4870668303472746e-08 next_lambda=4.4870668303472746e-08 rho=0.99926201149111538 accept=1
CLASSICAL_LM o=108 lambda=4.4870668303472746e-08 tau=4.4870668303472746e-08 prediction=267.32290041778526 rho=0.99926201149111538 accept=1
  MFCG it 109 cost=1.794211e+06 lam=4.487e-08 tau=0.00e+00 cg_it=0 shift=0 ckpt=1 alpha=0 acc mv=370
PCG_PREP o=109 rebuild=1 drift=0 previous_depth=1
E2_CAP o=109 retry=0 touched=136 ncam=3068 raw=204969.2798516911 capped=242.11468839520941 radius=540.89445492335381 median=0.55513032916754623 global_scale=1
ATTR_RADIUS o=109 raw_norm=204969.27985169101 norm=242.11468839520919 radius=540.89445492335381 next_radius=540.89445492335381 lambda=4.4870668303472746e-08 next_lambda=4.4870668303472746e-08 rho=1.0199860043362761 accept=1
CLASSICAL_LM o=109 lambda=4.4870668303472746e-08 tau=4.4870668303472746e-08 prediction=27.534582389651845 rho=1.0199860043362761 accept=1
  MFCG it 110 cost=1.794183e+06 lam=4.487e-08 tau=0.00e+00 cg_it=1 shift=0 ckpt=2 alpha=0 acc mv=373
PCG_PREP o=110 rebuild=1 drift=0 previous_depth=2
E2_CAP o=110 retry=0 touched=223 ncam=3068 raw=84795.025791125896 capped=143.28275147304294 radius=540.89445492335381 median=0.27869347618623774 global_scale=1
ATTR_RADIUS o=110 raw_norm=84795.025791125954 norm=143.28275147304288 radius=540.89445492335381 next_radius=540.89445492335381 lambda=4.4870668303472746e-08 next_lambda=4.4870668303472746e-08 rho=0.9996907593262615 accept=1
CLASSICAL_LM o=110 lambda=4.4870668303472746e-08 tau=4.4870668303472746e-08 prediction=289.75711870066533 rho=0.9996907593262615 accept=1
  MFCG it 111 cost=1.793893e+06 lam=4.487e-08 tau=0.00e+00 cg_it=0 shift=0 ckpt=1 alpha=0 acc mv=375
PCG_PREP o=111 rebuild=1 drift=0 previous_depth=1
E2_CAP o=111 retry=0 touched=197 ncam=3068 raw=86440.838205097374 capped=88.253090973806991 radius=540.89445492335381 median=0.18481846783255837 global_scale=1
ATTR_RADIUS o=111 raw_norm=86440.838205097447 norm=88.253090973806948 radius=540.89445492335381 next_radius=540.89445492335381 lambda=4.4870668303472746e-08 next_lambda=4.4870668303472746e-08 rho=1.0007736182213813 accept=1
CLASSICAL_LM o=111 lambda=4.4870668303472746e-08 tau=4.4870668303472746e-08 prediction=161.01119621752116 rho=1.0007736182213813 accept=1
  MFCG it 112 cost=1.793732e+06 lam=4.487e-08 tau=0.00e+00 cg_it=0 shift=0 ckpt=1 alpha=0 acc mv=377
PCG_PREP o=112 rebuild=1 drift=0 previous_depth=1
E2_CAP o=112 retry=0 touched=146 ncam=3068 raw=95351.467244268148 capped=221.64479210758188 radius=540.89445492335381 median=0.48164918192056594 global_scale=1
ATTR_RADIUS o=112 raw_norm=95351.467244268017 norm=221.64479210758248 radius=540.89445492335381 next_radius=540.89445492335381 lambda=4.4870668303472746e-08 next_lambda=4.4870668303472746e-08 rho=1.0391545046994786 accept=1
CLASSICAL_LM o=112 lambda=4.4870668303472746e-08 tau=4.4870668303472746e-08 prediction=33.444035958575725 rho=1.0391545046994786 accept=1
  MFCG it 113 cost=1.793697e+06 lam=4.487e-08 tau=0.00e+00 cg_it=1 shift=0 ckpt=2 alpha=0 acc mv=380
PCG_PREP o=113 rebuild=1 drift=0 previous_depth=2
E2_CAP o=113 retry=0 touched=225 ncam=3068 raw=85381.65091321402 capped=134.9733290259484 radius=540.89445492335381 median=0.26191166459008042 global_scale=1
ATTR_RADIUS o=113 raw_norm=85381.650913214064 norm=134.97332902594886 radius=540.89445492335381 next_radius=540.89445492335381 lambda=4.4870668303472746e-08 next_lambda=4.4870668303472746e-08 rho=1.0014135318553514 accept=1
CLASSICAL_LM o=113 lambda=4.4870668303472746e-08 tau=4.4870668303472746e-08 prediction=261.89843039348972 rho=1.0014135318553514 accept=1
  MFCG it 114 cost=1.793435e+06 lam=4.487e-08 tau=0.00e+00 cg_it=0 shift=0 ckpt=1 alpha=0 acc mv=382
PCG_PREP o=114 rebuild=1 drift=0 previous_depth=1
E2_CAP o=114 retry=0 touched=138 ncam=3068 raw=99257.052811465444 capped=217.13880476288219 radius=540.89445492335381 median=0.50172602234658403 global_scale=1
ATTR_RADIUS o=114 raw_norm=99257.052811465488 norm=217.13880476288162 radius=540.89445492335381 next_radius=540.89445492335381 lambda=4.4870668303472746e-08 next_lambda=4.4870668303472746e-08 rho=1.0165175487579656 accept=1
CLASSICAL_LM o=114 lambda=4.4870668303472746e-08 tau=4.4870668303472746e-08 prediction=61.096763638225298 rho=1.0165175487579656 accept=1
  MFCG it 115 cost=1.793373e+06 lam=4.487e-08 tau=0.00e+00 cg_it=1 shift=0 ckpt=2 alpha=0 acc mv=385
PCG_PREP o=115 rebuild=1 drift=0 previous_depth=2
E2_CAP o=115 retry=0 touched=225 ncam=3068 raw=85541.177899380506 capped=131.28322811748635 radius=540.89445492335381 median=0.25471182179061491 global_scale=1
ATTR_RADIUS o=115 raw_norm=85541.177899380593 norm=131.28322811748643 radius=540.89445492335381 next_radius=540.89445492335381 lambda=4.4870668303472746e-08 next_lambda=4.4870668303472746e-08 rho=1.0013563933472716 accept=1
CLASSICAL_LM o=115 lambda=4.4870668303472746e-08 tau=4.4870668303472746e-08 prediction=255.90877754667227 rho=1.0013563933472716 accept=1
  MFCG it 116 cost=1.793117e+06 lam=4.487e-08 tau=0.00e+00 cg_it=0 shift=0 ckpt=1 alpha=0 acc mv=387
PCG_PREP o=116 rebuild=1 drift=0 previous_depth=1
E2_CAP o=116 retry=0 touched=136 ncam=3068 raw=112410.23783276201 capped=214.93426173305684 radius=540.89445492335381 median=0.49804344133482054 global_scale=1
ATTR_RADIUS o=116 raw_norm=112410.23783276223 norm=214.93426173305704 radius=540.89445492335381 next_radius=540.89445492335381 lambda=4.4870668303472746e-08 next_lambda=4.4870668303472746e-08 rho=1.0221967636284435 accept=1
CLASSICAL_LM o=116 lambda=4.4870668303472746e-08 tau=4.4870668303472746e-08 prediction=54.044844604835788 rho=1.0221967636284435 accept=1
  MFCG it 117 cost=1.793061e+06 lam=4.487e-08 tau=0.00e+00 cg_it=1 shift=0 ckpt=2 alpha=0 acc mv=390
PCG_PREP o=117 rebuild=1 drift=0 previous_depth=2
E2_CAP o=117 retry=0 touched=225 ncam=3068 raw=85485.994394515728 capped=132.55698418397341 radius=540.89445492335381 median=0.25603229857638699 global_scale=1
ATTR_RADIUS o=117 raw_norm=85485.994394515757 norm=132.55698418397347 radius=540.89445492335381 next_radius=540.89445492335381 lambda=4.4870668303472746e-08 next_lambda=4.4870668303472746e-08 rho=1.0023574763773564 accept=1
CLASSICAL_LM o=117 lambda=4.4870668303472746e-08 tau=4.4870668303472746e-08 prediction=260.08706331075626 rho=1.0023574763773564 accept=1
  MFCG it 118 cost=1.792801e+06 lam=4.487e-08 tau=0.00e+00 cg_it=0 shift=0 ckpt=1 alpha=0 acc mv=392
PCG_PREP o=118 rebuild=1 drift=0 previous_depth=1
E2_CAP o=118 retry=0 touched=201 ncam=3068 raw=86781.484866489991 capped=84.006991015461878 radius=540.89445492335381 median=0.17433544981315646 global_scale=1
ATTR_RADIUS o=118 raw_norm=86781.484866489933 norm=84.006991015461878 radius=540.89445492335381 next_radius=540.89445492335381 lambda=4.4870668303472746e-08 next_lambda=4.4870668303472746e-08 rho=1.0025171217136548 accept=1
CLASSICAL_LM o=118 lambda=4.4870668303472746e-08 tau=4.4870668303472746e-08 prediction=151.07920684034667 rho=1.0025171217136548 accept=1
  MFCG it 119 cost=1.792649e+06 lam=4.487e-08 tau=0.00e+00 cg_it=0 shift=0 ckpt=1 alpha=0 acc mv=394
PCG_PREP o=119 rebuild=1 drift=0 previous_depth=1
E2_CAP o=119 retry=0 touched=165 ncam=3068 raw=108958.93969466728 capped=221.18412617172558 radius=540.89445492335381 median=0.46461309461126871 global_scale=1
ATTR_RADIUS o=119 raw_norm=108958.93969466725 norm=221.1841261717253 radius=540.89445492335381 next_radius=540.89445492335381 lambda=4.4870668303472746e-08 next_lambda=4.4870668303472746e-08 rho=2.7213587277271385 accept=1
CLASSICAL_LM o=119 lambda=4.4870668303472746e-08 tau=4.4870668303472746e-08 prediction=1.0751244047957442 rho=2.7213587277271385 accept=1
  MFCG it 120 cost=1.792646e+06 lam=4.487e-08 tau=0.00e+00 cg_it=1 shift=0 ckpt=2 alpha=0 acc mv=397
PCG_PREP o=120 rebuild=1 drift=0 previous_depth=2
E2_CAP o=120 retry=0 touched=232 ncam=3068 raw=85603.403110333529 capped=133.31304105959055 radius=540.89445492335381 median=0.25672074619755814 global_scale=1
ATTR_RADIUS o=120 raw_norm=85603.403110333427 norm=133.31304105959035 radius=540.89445492335381 next_radius=540.89445492335381 lambda=4.4870668303472746e-08 next_lambda=4.4870668303472746e-08 rho=1.0033816389192882 accept=1
CLASSICAL_LM o=120 lambda=4.4870668303472746e-08 tau=4.4870668303472746e-08 prediction=259.39259694525032 rho=1.0033816389192882 accept=1
  MFCG it 121 cost=1.792386e+06 lam=4.487e-08 tau=0.00e+00 cg_it=0 shift=0 ckpt=1 alpha=0 acc mv=399
PCG_PREP o=121 rebuild=1 drift=0 previous_depth=1
E2_CAP o=121 retry=0 touched=139 ncam=3068 raw=142061.70758914808 capped=213.08727516800477 radius=540.89445492335381 median=0.48855103043371018 global_scale=1
ATTR_RADIUS o=121 raw_norm=142061.70758914787 norm=213.08727516800462 radius=540.89445492335381 next_radius=540.89445492335381 lambda=4.4870668303472746e-08 next_lambda=4.4870668303472746e-08 rho=1.0287748661990888 accept=1
CLASSICAL_LM o=121 lambda=4.4870668303472746e-08 tau=4.4870668303472746e-08 prediction=56.670809555776728 rho=1.0287748661990888 accept=1
  MFCG it 122 cost=1.792328e+06 lam=4.487e-08 tau=0.00e+00 cg_it=1 shift=0 ckpt=2 alpha=0 acc mv=402
PCG_PREP o=122 rebuild=1 drift=0 previous_depth=2
E2_CAP o=122 retry=0 touched=228 ncam=3068 raw=85557.939585068612 capped=131.45389367451295 radius=540.89445492335381 median=0.25332945090136805 global_scale=1
ATTR_RADIUS o=122 raw_norm=85557.939585068641 norm=131.45389367451253 radius=540.89445492335381 next_radius=540.89445492335381 lambda=4.4870668303472746e-08 next_lambda=4.4870668303472746e-08 rho=1.0030380244949608 accept=1
CLASSICAL_LM o=122 lambda=4.4870668303472746e-08 tau=4.4870668303472746e-08 prediction=255.52790263566061 rho=1.0030380244949608 accept=1
  MFCG it 123 cost=1.792071e+06 lam=4.487e-08 tau=0.00e+00 cg_it=0 shift=0 ckpt=1 alpha=0 acc mv=404
PCG_PREP o=123 rebuild=1 drift=0 previous_depth=1
E2_CAP o=123 retry=0 touched=136 ncam=3068 raw=102001.42123579777 capped=211.63723622065655 radius=540.89445492335381 median=0.48697295756775916 global_scale=1
ATTR_RADIUS o=123 raw_norm=102001.42123579771 norm=211.6372362206566 radius=540.89445492335381 next_radius=540.89445492335381 lambda=4.4870668303472746e-08 next_lambda=4.4870668303472746e-08 rho=1.0310870123739355 accept=1
CLASSICAL_LM o=123 lambda=4.4870668303472746e-08 tau=4.4870668303472746e-08 prediction=46.872442781964324 rho=1.0310870123739355 accept=1
  MFCG it 124 cost=1.792023e+06 lam=4.487e-08 tau=0.00e+00 cg_it=1 shift=0 ckpt=2 alpha=0 acc mv=407
PCG_PREP o=124 rebuild=1 drift=0 previous_depth=2
E2_CAP o=124 retry=0 touched=228 ncam=3068 raw=85421.211145103996 capped=130.13287428557626 radius=540.89445492335381 median=0.24992889207215002 global_scale=1
ATTR_RADIUS o=124 raw_norm=85421.211145103895 norm=130.13287428557632 radius=540.89445492335381 next_radius=540.89445492335381 lambda=4.4870668303472746e-08 next_lambda=4.4870668303472746e-08 rho=1.0023819831788099 accept=1
CLASSICAL_LM o=124 lambda=4.4870668303472746e-08 tau=4.4870668303472746e-08 prediction=255.70646389052223 rho=1.0023819831788099 accept=1
  MFCG it 125 cost=1.791767e+06 lam=4.487e-08 tau=0.00e+00 cg_it=0 shift=0 ckpt=1 alpha=0 acc mv=409
PCG_PREP o=125 rebuild=1 drift=0 previous_depth=1
E2_CAP o=125 retry=0 touched=138 ncam=3068 raw=149048.24287163687 capped=213.1519809387145 radius=540.89445492335381 median=0.49216199155922047 global_scale=1
ATTR_RADIUS o=125 raw_norm=149048.24287163647 norm=213.15198093871464 radius=540.89445492335381 next_radius=540.89445492335381 lambda=4.4870668303472746e-08 next_lambda=4.4870668303472746e-08 rho=1.0278162047708332 accept=1
CLASSICAL_LM o=125 lambda=4.4870668303472746e-08 tau=4.4870668303472746e-08 prediction=41.108456928067824 rho=1.0278162047708332 accept=1
  MFCG it 126 cost=1.791725e+06 lam=4.487e-08 tau=0.00e+00 cg_it=1 shift=0 ckpt=2 alpha=0 acc mv=412
PCG_PREP o=126 rebuild=1 drift=0 previous_depth=2
E2_CAP o=126 retry=0 touched=229 ncam=3068 raw=85013.9294462705 capped=131.54684821548327 radius=540.89445492335381 median=0.25296038651466063 global_scale=1
ATTR_RADIUS o=126 raw_norm=85013.929446270442 norm=131.54684821548366 radius=540.89445492335381 next_radius=540.89445492335381 lambda=4.4870668303472746e-08 next_lambda=4.4870668303472746e-08 rho=1.0019423204879794 accept=1
CLASSICAL_LM o=126 lambda=4.4870668303472746e-08 tau=4.4870668303472746e-08 prediction=260.30338088859594 rho=1.0019423204879794 accept=1
  MFCG it 127 cost=1.791464e+06 lam=4.487e-08 tau=0.00e+00 cg_it=0 shift=0 ckpt=1 alpha=0 acc mv=414
PCG_PREP o=127 rebuild=1 drift=0 previous_depth=1
E2_CAP o=127 retry=0 touched=137 ncam=3068 raw=136907.49319875985 capped=210.876597028774 radius=540.89445492335381 median=0.48453519565489034 global_scale=1
ATTR_RADIUS o=127 raw_norm=136907.49319875997 norm=210.87659702877386 radius=540.89445492335381 next_radius=540.89445492335381 lambda=4.4870668303472746e-08 next_lambda=4.4870668303472746e-08 rho=1.0334165620015561 accept=1
CLASSICAL_LM o=127 lambda=4.4870668303472746e-08 tau=4.4870668303472746e-08 prediction=36.952275968459304 rho=1.0334165620015561 accept=1
  MFCG it 128 cost=1.791426e+06 lam=4.487e-08 tau=0.00e+00 cg_it=1 shift=0 ckpt=2 alpha=0 acc mv=417
PCG_PREP o=128 rebuild=1 drift=0 previous_depth=2
E2_CAP o=128 retry=0 touched=231 ncam=3068 raw=84945.70257911623 capped=131.39824487481795 radius=540.89445492335381 median=0.25187213859821056 global_scale=1
ATTR_RADIUS o=128 raw_norm=84945.702579116187 norm=131.39824487481781 radius=540.89445492335381 next_radius=540.89445492335381 lambda=4.4870668303472746e-08 next_lambda=4.4870668303472746e-08 rho=0.9992841450838098 accept=1
CLASSICAL_LM o=128 lambda=4.4870668303472746e-08 tau=4.4870668303472746e-08 prediction=260.97328576178586 rho=0.9992841450838098 accept=1
  MFCG it 129 cost=1.791165e+06 lam=4.487e-08 tau=0.00e+00 cg_it=0 shift=0 ckpt=1 alpha=0 acc mv=419
PCG_PREP o=129 rebuild=1 drift=0 previous_depth=1
E2_CAP o=129 retry=0 touched=203 ncam=3068 raw=86510.607103050585 capped=81.451254809240879 radius=540.89445492335381 median=0.16742513597688957 global_scale=1
ATTR_RADIUS o=129 raw_norm=86510.607103050614 norm=81.451254809240666 radius=540.89445492335381 next_radius=540.89445492335381 lambda=4.4870668303472746e-08 next_lambda=4.4870668303472746e-08 rho=0.98979214273231864 accept=1
CLASSICAL_LM o=129 lambda=4.4870668303472746e-08 tau=4.4870668303472746e-08 prediction=148.43094961316382 rho=0.98979214273231864 accept=1
  MFCG it 130 cost=1.791018e+06 lam=4.487e-08 tau=0.00e+00 cg_it=0 shift=0 ckpt=1 alpha=0 acc mv=421
PCG_PREP o=130 rebuild=1 drift=0 previous_depth=1
E2_CAP o=130 retry=0 touched=165 ncam=3068 raw=115215.77577971906 capped=211.37782666825134 radius=540.89445492335381 median=0.44206113070282577 global_scale=1
POINT_SAFE o=130 frozen=101 slope=-61.607756912071601 candidate=1791025.8800549016 original=1791004.4672597342 current=1791017.8231680812 won=0 mode=1 camera_scale=1 keep_scale=0
ATTR_RADIUS o=130 raw_norm=115215.7757797192 norm=105.68891333412573 radius=540.89445492335381 next_radius=540.89445492335381 lambda=4.4870668303472746e-08 next_lambda=4.4870668303472746e-08 rho=1.022151790921018 accept=1
CLASSICAL_LM o=130 lambda=4.4870668303472746e-08 tau=4.4870668303472746e-08 prediction=13.066462795145579 rho=1.022151790921018 accept=1
  MFCG it 131 cost=1.791004e+06 lam=4.487e-08 tau=0.00e+00 cg_it=1 shift=0 ckpt=2 alpha=0 acc mv=424
PCG_PREP o=131 rebuild=1 drift=0 previous_depth=2
E2_CAP o=131 retry=0 touched=213 ncam=3068 raw=86205.299502809678 capped=91.997617611225948 radius=540.89445492335381 median=0.18257830461608066 global_scale=1
ATTR_RADIUS o=131 raw_norm=86205.299502809692 norm=91.997617611225934 radius=540.89445492335381 next_radius=540.89445492335381 lambda=4.4870668303472746e-08 next_lambda=4.4870668303472746e-08 rho=1.0022531169086419 accept=1
CLASSICAL_LM o=131 lambda=4.4870668303472746e-08 tau=4.4870668303472746e-08 prediction=166.20279988626635 rho=1.0022531169086419 accept=1
  MFCG it 132 cost=1.790838e+06 lam=4.487e-08 tau=0.00e+00 cg_it=0 shift=0 ckpt=1 alpha=0 acc mv=426
PCG_PREP o=132 rebuild=1 drift=0 previous_depth=1
E2_CAP o=132 retry=0 touched=150 ncam=3068 raw=138768.08206729183 capped=213.08085258025426 radius=540.89445492335381 median=0.45302592396099139 global_scale=1
ATTR_RADIUS o=132 raw_norm=138768.08206729183 norm=213.08085258025432 radius=540.89445492335381 next_radius=540.89445492335381 lambda=4.4870668303472746e-08 next_lambda=4.4870668303472746e-08 rho=1.1773605288422118 accept=1
CLASSICAL_LM o=132 lambda=4.4870668303472746e-08 tau=4.4870668303472746e-08 prediction=6.67866032689912 rho=1.1773605288422118 accept=1
  MFCG it 133 cost=1.790830e+06 lam=4.487e-08 tau=0.00e+00 cg_it=1 shift=0 ckpt=2 alpha=0 acc mv=429
PCG_PREP o=133 rebuild=1 drift=0 previous_depth=2
E2_CAP o=133 retry=0 touched=233 ncam=3068 raw=85344.626339104594 capped=127.44737896494404 radius=540.89445492335381 median=0.24439538302921343 global_scale=1
ATTR_RADIUS o=133 raw_norm=85344.626339104521 norm=127.44737896494411 radius=540.89445492335381 next_radius=540.89445492335381 lambda=4.4870668303472746e-08 next_lambda=4.4870668303472746e-08 rho=1.0015767362795216 accept=1
CLASSICAL_LM o=133 lambda=4.4870668303472746e-08 tau=4.4870668303472746e-08 prediction=248.6769879726688 rho=1.0015767362795216 accept=1
  MFCG it 134 cost=1.790581e+06 lam=4.487e-08 tau=0.00e+00 cg_it=0 shift=0 ckpt=1 alpha=0 acc mv=431
PCG_PREP o=134 rebuild=1 drift=0 previous_depth=1
E2_CAP o=134 retry=0 touched=133 ncam=3068 raw=113488.93862287415 capped=200.07525192428758 radius=540.89445492335381 median=0.46173676411348569 global_scale=1
ATTR_RADIUS o=134 raw_norm=113488.93862287415 norm=200.07525192428727 radius=540.89445492335381 next_radius=540.89445492335381 lambda=4.4870668303472746e-08 next_lambda=4.4870668303472746e-08 rho=1.0232301639260442 accept=1
CLASSICAL_LM o=134 lambda=4.4870668303472746e-08 tau=4.4870668303472746e-08 prediction=45.901249875337285 rho=1.0232301639260442 accept=1
  MFCG it 135 cost=1.790534e+06 lam=4.487e-08 tau=0.00e+00 cg_it=1 shift=0 ckpt=2 alpha=0 acc mv=434
PCG_PREP o=135 rebuild=1 drift=0 previous_depth=2
E2_CAP o=135 retry=0 touched=231 ncam=3068 raw=85150.856076355776 capped=125.93950667825131 radius=540.89445492335381 median=0.24098024303965898 global_scale=1
ATTR_RADIUS o=135 raw_norm=85150.856076355718 norm=125.93950667825136 radius=540.89445492335381 next_radius=540.89445492335381 lambda=4.4870668303472746e-08 next_lambda=4.4870668303472746e-08 rho=1.0012232201269016 accept=1
CLASSICAL_LM o=135 lambda=4.4870668303472746e-08 tau=4.4870668303472746e-08 prediction=245.29266971533787 rho=1.0012232201269016 accept=1
  MFCG it 136 cost=1.790288e+06 lam=4.487e-08 tau=0.00e+00 cg_it=0 shift=0 ckpt=1 alpha=0 acc mv=436
PCG_PREP o=136 rebuild=1 drift=0 previous_depth=1
E2_CAP o=136 retry=0 touched=130 ncam=3068 raw=109896.55503336646 capped=196.92626110721878 radius=540.89445492335381 median=0.45645137763326371 global_scale=1
ATTR_RADIUS o=136 raw_norm=109896.55503336639 norm=196.92626110721898 radius=540.89445492335381 next_radius=540.89445492335381 lambda=4.4870668303472746e-08 next_lambda=4.4870668303472746e-08 rho=1.0207883345748074 accept=1
CLASSICAL_LM o=136 lambda=4.4870668303472746e-08 tau=4.4870668303472746e-08 prediction=42.22456405676715 rho=1.0207883345748074 accept=1
  MFCG it 137 cost=1.790245e+06 lam=4.487e-08 tau=0.00e+00 cg_it=1 shift=0 ckpt=2 alpha=0 acc mv=439
PCG_PREP o=137 rebuild=1 drift=0 previous_depth=2
E2_CAP o=137 retry=0 touched=229 ncam=3068 raw=85429.460032599483 capped=125.74530345853344 radius=540.89445492335381 median=0.24128470223969939 global_scale=1
ATTR_RADIUS o=137 raw_norm=85429.460032599396 norm=125.74530345853347 radius=540.89445492335381 next_radius=540.89445492335381 lambda=4.4870668303472746e-08 next_lambda=4.4870668303472746e-08 rho=1.0007578320109365 accept=1
CLASSICAL_LM o=137 lambda=4.4870668303472746e-08 tau=4.4870668303472746e-08 prediction=246.03463011742349 rho=1.0007578320109365 accept=1
  MFCG it 138 cost=1.789999e+06 lam=4.487e-08 tau=0.00e+00 cg_it=0 shift=0 ckpt=1 alpha=0 acc mv=441
PCG_PREP o=138 rebuild=1 drift=0 previous_depth=1
E2_CAP o=138 retry=0 touched=128 ncam=3068 raw=106968.39365904873 capped=194.76291989184361 radius=540.89445492335381 median=0.45400453105109445 global_scale=1
ATTR_RADIUS o=138 raw_norm=106968.39365904876 norm=194.76291989184395 radius=540.89445492335381 next_radius=540.89445492335381 lambda=4.4870668303472746e-08 next_lambda=4.4870668303472746e-08 rho=1.0193027543521791 accept=1
CLASSICAL_LM o=138 lambda=4.4870668303472746e-08 tau=4.4870668303472746e-08 prediction=38.070907359579195 rho=1.0193027543521791 accept=1
  MFCG it 139 cost=1.789960e+06 lam=4.487e-08 tau=0.00e+00 cg_it=1 shift=0 ckpt=2 alpha=0 acc mv=444
PCG_PREP o=139 rebuild=1 drift=0 previous_depth=2
E2_CAP o=139 retry=0 touched=229 ncam=3068 raw=85001.556254886644 capped=124.79852374114974 radius=540.89445492335381 median=0.23946375345310031 global_scale=1
ATTR_RADIUS o=139 raw_norm=85001.556254886556 norm=124.79852374115013 radius=540.89445492335381 next_radius=540.89445492335381 lambda=4.4870668303472746e-08 next_lambda=4.4870668303472746e-08 rho=1.0004500856217982 accept=1
CLASSICAL_LM o=139 lambda=4.4870668303472746e-08 tau=4.4870668303472746e-08 prediction=244.25162668254899 rho=1.0004500856217982 accept=1
  MFCG it 140 cost=1.789716e+06 lam=4.487e-08 tau=0.00e+00 cg_it=0 shift=0 ckpt=1 alpha=0 acc mv=446
PCG_PREP o=140 rebuild=1 drift=0 previous_depth=1
E2_CAP o=140 retry=0 touched=127 ncam=3068 raw=99652.540002935624 capped=190.92903133351729 radius=540.89445492335381 median=0.44310302938691837 global_scale=1
ATTR_RADIUS o=140 raw_norm=99652.540002935712 norm=190.92903133351763 radius=540.89445492335381 next_radius=540.89445492335381 lambda=4.4870668303472746e-08 next_lambda=4.4870668303472746e-08 rho=1.0181232432590672 accept=1
CLASSICAL_LM o=140 lambda=4.4870668303472746e-08 tau=4.4870668303472746e-08 prediction=33.422629153882703 rho=1.0181232432590672 accept=1
  MFCG it 141 cost=1.789682e+06 lam=4.487e-08 tau=0.00e+00 cg_it=1 shift=0 ckpt=2 alpha=0 acc mv=449
PCG_PREP o=141 rebuild=1 drift=0 previous_depth=2
E2_CAP o=141 retry=0 touched=231 ncam=3068 raw=84942.310091874824 capped=123.57487975721905 radius=540.89445492335381 median=0.23681404019090307 global_scale=1
ATTR_RADIUS o=141 raw_norm=84942.310091874795 norm=123.57487975721928 radius=540.89445492335381 next_radius=540.89445492335381 lambda=4.4870668303472746e-08 next_lambda=4.4870668303472746e-08 rho=1.0002367918618313 accept=1
CLASSICAL_LM o=141 lambda=4.4870668303472746e-08 tau=4.4870668303472746e-08 prediction=242.10428349163638 rho=1.0002367918618313 accept=1
  MFCG it 142 cost=1.789440e+06 lam=4.487e-08 tau=0.00e+00 cg_it=0 shift=0 ckpt=1 alpha=0 acc mv=451
PCG_PREP o=142 rebuild=1 drift=0 previous_depth=1
E2_CAP o=142 retry=0 touched=127 ncam=3068 raw=102018.95450897187 capped=188.67227904534568 radius=540.89445492335381 median=0.43935571911910742 global_scale=1
ATTR_RADIUS o=142 raw_norm=102018.95450897189 norm=188.67227904534562 radius=540.89445492335381 next_radius=540.89445492335381 lambda=4.4870668303472746e-08 next_lambda=4.4870668303472746e-08 rho=1.0170056643592913 accept=1
CLASSICAL_LM o=142 lambda=4.4870668303472746e-08 tau=4.4870668303472746e-08 prediction=31.32070424439398 rho=1.0170056643592913 accept=1
  MFCG it 143 cost=1.789408e+06 lam=4.487e-08 tau=0.00e+00 cg_it=1 shift=0 ckpt=2 alpha=0 acc mv=454
PCG_PREP o=143 rebuild=1 drift=0 previous_depth=2
E2_CAP o=143 retry=0 touched=230 ncam=3068 raw=84956.955229168976 capped=122.34463813983974 radius=540.89445492335381 median=0.23420605886243875 global_scale=1
ATTR_RADIUS o=143 raw_norm=84956.955229168962 norm=122.34463813983963 radius=540.89445492335381 next_radius=540.89445492335381 lambda=4.4870668303472746e-08 next_lambda=4.4870668303472746e-08 rho=1.0001386327312178 accept=1
CLASSICAL_LM o=143 lambda=4.4870668303472746e-08 tau=4.4870668303472746e-08 prediction=239.82341359471877 rho=1.0001386327312178 accept=1
  MFCG it 144 cost=1.789168e+06 lam=4.487e-08 tau=0.00e+00 cg_it=0 shift=0 ckpt=1 alpha=0 acc mv=456
PCG_PREP o=144 rebuild=1 drift=0 previous_depth=1
E2_CAP o=144 retry=0 touched=128 ncam=3068 raw=118953.66851577023 capped=187.37547195702007 radius=540.89445492335381 median=0.4360370701431856 global_scale=1
ATTR_RADIUS o=144 raw_norm=118953.66851577023 norm=187.37547195702001 radius=540.89445492335381 next_radius=540.89445492335381 lambda=4.4870668303472746e-08 next_lambda=4.4870668303472746e-08 rho=1.0163245863715991 accept=1
CLASSICAL_LM o=144 lambda=4.4870668303472746e-08 tau=4.4870668303472746e-08 prediction=29.412815211112076 rho=1.0163245863715991 accept=1
  MFCG it 145 cost=1.789138e+06 lam=4.487e-08 tau=0.00e+00 cg_it=1 shift=0 ckpt=2 alpha=0 acc mv=459
PCG_PREP o=145 rebuild=1 drift=0 previous_depth=2
E2_CAP o=145 retry=0 touched=229 ncam=3068 raw=84945.474291802966 capped=123.37432129228836 radius=540.89445492335381 median=0.23679339050422038 global_scale=1
ATTR_RADIUS o=145 raw_norm=84945.47429180301 norm=123.37432129228829 radius=540.89445492335381 next_radius=540.89445492335381 lambda=4.4870668303472746e-08 next_lambda=4.4870668303472746e-08 rho=1.0000742738912898 accept=1
CLASSICAL_LM o=145 lambda=4.4870668303472746e-08 tau=4.4870668303472746e-08 prediction=241.41616430269727 rho=1.0000742738912898 accept=1
  MFCG it 146 cost=1.788897e+06 lam=4.487e-08 tau=0.00e+00 cg_it=0 shift=0 ckpt=1 alpha=0 acc mv=461
PCG_PREP o=146 rebuild=1 drift=0 previous_depth=1
E2_CAP o=146 retry=0 touched=127 ncam=3068 raw=169295.02642924577 capped=193.26989033475903 radius=540.89445492335381 median=0.44956926197277086 global_scale=1
ATTR_RADIUS o=146 raw_norm=169295.02642924601 norm=193.26989033475971 radius=540.89445492335381 next_radius=540.89445492335381 lambda=4.4870668303472746e-08 next_lambda=4.4870668303472746e-08 rho=1.0317826109333614 accept=1
CLASSICAL_LM o=146 lambda=4.4870668303472746e-08 tau=4.4870668303472746e-08 prediction=13.996096706842124 rho=1.0317826109333614 accept=1
  MFCG it 147 cost=1.788882e+06 lam=4.487e-08 tau=0.00e+00 cg_it=1 shift=0 ckpt=2 alpha=0 acc mv=464
PCG_PREP o=147 rebuild=1 drift=0 previous_depth=2
E2_CAP o=147 retry=0 touched=229 ncam=3068 raw=84489.442215421645 capped=125.71645088065691 radius=540.89445492335381 median=0.24201194900680531 global_scale=1
ATTR_RADIUS o=147 raw_norm=84489.442215421659 norm=125.71645088065659 radius=540.89445492335381 next_radius=540.89445492335381 lambda=4.4870668303472746e-08 next_lambda=4.4870668303472746e-08 rho=1.000076589940021 accept=1
CLASSICAL_LM o=147 lambda=4.4870668303472746e-08 tau=4.4870668303472746e-08 prediction=248.02999616586595 rho=1.000076589940021 accept=1
  MFCG it 148 cost=1.788634e+06 lam=4.487e-08 tau=0.00e+00 cg_it=0 shift=0 ckpt=1 alpha=0 acc mv=466
PCG_PREP o=148 rebuild=1 drift=0 previous_depth=1
E2_CAP o=148 retry=0 touched=126 ncam=3068 raw=99689.933193985664 capped=183.5088805221346 radius=540.89445492335381 median=0.42859953018153529 global_scale=1
ATTR_RADIUS o=148 raw_norm=99689.933193985707 norm=183.50888052213475 radius=540.89445492335381 next_radius=540.89445492335381 lambda=4.4870668303472746e-08 next_lambda=4.4870668303472746e-08 rho=1.0115991065877332 accept=1
CLASSICAL_LM o=148 lambda=4.4870668303472746e-08 tau=4.4870668303472746e-08 prediction=30.817545991648878 rho=1.0115991065877332 accept=1
  MFCG it 149 cost=1.788603e+06 lam=4.487e-08 tau=0.00e+00 cg_it=1 shift=0 ckpt=2 alpha=0 acc mv=469
PCG_PREP o=149 rebuild=1 drift=0 previous_depth=2
E2_CAP o=149 retry=0 touched=230 ncam=3068 raw=84666.140825667564 capped=120.89839978030948 radius=540.89445492335381 median=0.23143186439255053 global_scale=1
ATTR_RADIUS o=149 raw_norm=84666.140825667608 norm=120.8983997803093 radius=540.89445492335381 next_radius=540.89445492335381 lambda=4.4870668303472746e-08 next_lambda=4.4870668303472746e-08 rho=1.0000077872200939 accept=1
CLASSICAL_LM o=149 lambda=4.4870668303472746e-08 tau=4.4870668303472746e-08 prediction=236.6968031758193 rho=1.0000077872200939 accept=1
  MFCG it 150 cost=1.788366e+06 lam=4.487e-08 tau=0.00e+00 cg_it=0 shift=0 ckpt=1 alpha=0 acc mv=471
PCG_PREP o=150 rebuild=1 drift=0 previous_depth=1
E2_CAP o=150 retry=0 touched=126 ncam=3068 raw=99398.31217018835 capped=182.38826435621596 radius=540.89445492335381 median=0.42661954392322177 global_scale=1
ATTR_RADIUS o=150 raw_norm=99398.312170188248 norm=182.38826435621613 radius=540.89445492335381 next_radius=540.89445492335381 lambda=4.4870668303472746e-08 next_lambda=4.4870668303472746e-08 rho=1.0118629708887938 accept=1
CLASSICAL_LM o=150 lambda=4.4870668303472746e-08 tau=4.4870668303472746e-08 prediction=23.826280173466358 rho=1.0118629708887938 accept=1
  MFCG it 151 cost=1.788342e+06 lam=4.487e-08 tau=0.00e+00 cg_it=1 shift=0 ckpt=2 alpha=0 acc mv=474
PCG_PREP o=151 rebuild=1 drift=0 previous_depth=2
E2_CAP o=151 retry=0 touched=231 ncam=3068 raw=84580.160713842415 capped=119.67951516474903 radius=540.89445492335381 median=0.22895090240003757 global_scale=1
ATTR_RADIUS o=151 raw_norm=84580.160713842415 norm=119.67951516474913 radius=540.89445492335381 next_radius=540.89445492335381 lambda=4.4870668303472746e-08 next_lambda=4.4870668303472746e-08 rho=0.99999887419400046 accept=1
CLASSICAL_LM o=151 lambda=4.4870668303472746e-08 tau=4.4870668303472746e-08 prediction=234.0534302120887 rho=0.99999887419400046 accept=1
  MFCG it 152 cost=1.788108e+06 lam=4.487e-08 tau=0.00e+00 cg_it=0 shift=0 ckpt=1 alpha=0 acc mv=476
PCG_PREP o=152 rebuild=1 drift=0 previous_depth=1
E2_CAP o=152 retry=0 touched=127 ncam=3068 raw=109500.5242479219 capped=180.18626141374403 radius=540.89445492335381 median=0.42114769981634176 global_scale=1
ATTR_RADIUS o=152 raw_norm=109500.52424792186 norm=180.18626141374412 radius=540.89445492335381 next_radius=540.89445492335381 lambda=4.4870668303472746e-08 next_lambda=4.4870668303472746e-08 rho=0.98740414158242495 accept=1
CLASSICAL_LM o=152 lambda=4.4870668303472746e-08 tau=4.4870668303472746e-08 prediction=21.305957583347222 rho=0.98740414158242495 accept=1
  MFCG it 153 cost=1.788087e+06 lam=4.487e-08 tau=0.00e+00 cg_it=1 shift=0 ckpt=2 alpha=0 acc mv=479
PCG_PREP o=153 rebuild=1 drift=0 previous_depth=2
E2_CAP o=153 retry=0 touched=230 ncam=3068 raw=84672.225252119344 capped=120.43857680847029 radius=540.89445492335381 median=0.23081468456227303 global_scale=1
ATTR_RADIUS o=153 raw_norm=84672.2252521193 norm=120.43857680847039 radius=540.89445492335381 next_radius=540.89445492335381 lambda=4.4870668303472746e-08 next_lambda=4.4870668303472746e-08 rho=0.98978063718844667 accept=1
CLASSICAL_LM o=153 lambda=4.4870668303472746e-08 tau=4.4870668303472746e-08 prediction=235.28889639481179 rho=0.98978063718844667 accept=1
  MFCG it 154 cost=1.787854e+06 lam=4.487e-08 tau=0.00e+00 cg_it=0 shift=0 ckpt=1 alpha=0 acc mv=481
PCG_PREP o=154 rebuild=1 drift=0 previous_depth=1
E2_CAP o=154 retry=0 touched=127 ncam=3068 raw=113275.37842826973 capped=180.29980899301452 radius=540.89445492335381 median=0.41846046737449466 global_scale=1
ATTR_RADIUS o=154 raw_norm=113275.37842826967 norm=180.29980899301432 radius=540.89445492335381 next_radius=540.89445492335381 lambda=4.4870668303472746e-08 next_lambda=4.4870668303472746e-08 rho=0.40026566416207632 accept=1
CLASSICAL_LM o=154 lambda=4.4870668303472746e-08 tau=4.4870668303472746e-08 prediction=17.772765868259135 rho=0.40026566416207632 accept=1
  MFCG it 155 cost=1.787847e+06 lam=4.487e-08 tau=0.00e+00 cg_it=1 shift=0 ckpt=2 alpha=0 acc mv=484
PCG_PREP o=155 rebuild=1 drift=0 previous_depth=2
E2_CAP o=155 retry=0 touched=231 ncam=3068 raw=84692.320223137678 capped=120.74085570956797 radius=540.89445492335381 median=0.23116967167506741 global_scale=1
ATTR_RADIUS o=155 raw_norm=84692.320223137707 norm=120.74085570956808 radius=540.89445492335381 next_radius=540.89445492335381 lambda=4.4870668303472746e-08 next_lambda=4.4870668303472746e-08 rho=0.9820075765797176 accept=1
CLASSICAL_LM o=155 lambda=4.4870668303472746e-08 tau=4.4870668303472746e-08 prediction=244.52102771981998 rho=0.9820075765797176 accept=1
  MFCG it 156 cost=1.787607e+06 lam=4.487e-08 tau=0.00e+00 cg_it=0 shift=0 ckpt=1 alpha=0 acc mv=486
PCG_PREP o=156 rebuild=1 drift=0 previous_depth=1
E2_CAP o=156 retry=0 touched=126 ncam=3068 raw=103768.69330596885 capped=176.83326377381161 radius=540.89445492335381 median=0.40993957518957674 global_scale=1
ATTR_RADIUS o=156 raw_norm=103768.69330596887 norm=176.83326377381104 radius=540.89445492335381 next_radius=540.89445492335381 lambda=4.4870668303472746e-08 next_lambda=4.4870668303472746e-08 rho=0.95602672593684535 accept=1
CLASSICAL_LM o=156 lambda=4.4870668303472746e-08 tau=4.4870668303472746e-08 prediction=19.256320503939406 rho=0.95602672593684535 accept=1
  MFCG it 157 cost=1.787589e+06 lam=4.487e-08 tau=0.00e+00 cg_it=1 shift=0 ckpt=2 alpha=0 acc mv=489
PCG_PREP o=157 rebuild=1 drift=0 previous_depth=2
E2_CAP o=157 retry=0 touched=231 ncam=3068 raw=84492.549792687947 capped=118.08299224681424 radius=540.89445492335381 median=0.22551554201997231 global_scale=1
ATTR_RADIUS o=157 raw_norm=84492.549792687903 norm=118.08299224681431 radius=540.89445492335381 next_radius=540.89445492335381 lambda=4.4870668303472746e-08 next_lambda=4.4870668303472746e-08 rho=0.99944742377922091 accept=1
CLASSICAL_LM o=157 lambda=4.4870668303472746e-08 tau=4.4870668303472746e-08 prediction=230.68441154132159 rho=0.99944742377922091 accept=1
  MFCG it 158 cost=1.787358e+06 lam=4.487e-08 tau=0.00e+00 cg_it=0 shift=0 ckpt=1 alpha=0 acc mv=491
PCG_PREP o=158 rebuild=1 drift=0 previous_depth=1
E2_CAP o=158 retry=0 touched=126 ncam=3068 raw=104912.93909082904 capped=176.43958566836901 radius=540.89445492335381 median=0.41105471849123876 global_scale=1
ATTR_RADIUS o=158 raw_norm=104912.93909082885 norm=176.43958566836898 radius=540.89445492335381 next_radius=540.89445492335381 lambda=4.4870668303472746e-08 next_lambda=4.4870668303472746e-08 rho=1.0108287544491479 accept=1
CLASSICAL_LM o=158 lambda=4.4870668303472746e-08 tau=4.4870668303472746e-08 prediction=13.632824877150874 rho=1.0108287544491479 accept=1
  MFCG it 159 cost=1.787344e+06 lam=4.487e-08 tau=0.00e+00 cg_it=1 shift=0 ckpt=2 alpha=0 acc mv=494
PCG_PREP o=159 rebuild=1 drift=0 previous_depth=2
E2_CAP o=159 retry=0 touched=230 ncam=3068 raw=84429.594176546016 capped=117.71488733479974 radius=540.89445492335381 median=0.22480987595155488 global_scale=1
ATTR_RADIUS o=159 raw_norm=84429.59417654603 norm=117.71488733479953 radius=540.89445492335381 next_radius=540.89445492335381 lambda=4.4870668303472746e-08 next_lambda=4.4870668303472746e-08 rho=0.99939550907379004 accept=1
CLASSICAL_LM o=159 lambda=4.4870668303472746e-08 tau=4.4870668303472746e-08 prediction=228.39913473372494 rho=0.99939550907379004 accept=1
  MFCG it 160 cost=1.787116e+06 lam=4.487e-08 tau=0.00e+00 cg_it=0 shift=0 ckpt=1 alpha=0 acc mv=496
PCG_PREP o=160 rebuild=1 drift=0 previous_depth=1
E2_CAP o=160 retry=0 touched=126 ncam=3068 raw=109035.09955613696 capped=174.69337646530539 radius=540.89445492335381 median=0.40475863881335483 global_scale=1
ATTR_RADIUS o=160 raw_norm=109035.09955613693 norm=174.69337646530488 radius=540.89445492335381 next_radius=540.89445492335381 lambda=4.4870668303472746e-08 next_lambda=4.4870668303472746e-08 rho=1.0154525072297704 accept=1
CLASSICAL_LM o=160 lambda=4.4870668303472746e-08 tau=4.4870668303472746e-08 prediction=8.3648992429224407 rho=1.0154525072297704 accept=1
  MFCG it 161 cost=1.787107e+06 lam=4.487e-08 tau=0.00e+00 cg_it=1 shift=0 ckpt=2 alpha=0 acc mv=499
PCG_PREP o=161 rebuild=1 drift=0 previous_depth=2
E2_CAP o=161 retry=0 touched=228 ncam=3068 raw=84418.220824437492 capped=119.11600029181228 radius=540.89445492335381 median=0.22772310481315178 global_scale=1
ATTR_RADIUS o=161 raw_norm=84418.220824437507 norm=119.11600029181166 radius=540.89445492335381 next_radius=540.89445492335381 lambda=4.4870668303472746e-08 next_lambda=4.4870668303472746e-08 rho=0.99977549161294199 accept=1
CLASSICAL_LM o=161 lambda=4.4870668303472746e-08 tau=4.4870668303472746e-08 prediction=230.128246933529 rho=0.99977549161294199 accept=1
  MFCG it 162 cost=1.786877e+06 lam=4.487e-08 tau=0.00e+00 cg_it=0 shift=0 ckpt=1 alpha=0 acc mv=501
PCG_PREP o=162 rebuild=1 drift=0 previous_depth=1
E2_CAP o=162 retry=0 touched=126 ncam=3068 raw=100707.7542695352 capped=173.27210759844647 radius=540.89445492335381 median=0.40089609436207607 global_scale=1
ATTR_RADIUS o=162 raw_norm=100707.75426953514 norm=173.27210759844627 radius=540.89445492335381 next_radius=540.89445492335381 lambda=4.4870668303472746e-08 next_lambda=4.4870668303472746e-08 rho=1.0177315526315158 accept=1
CLASSICAL_LM o=162 lambda=4.4870668303472746e-08 tau=4.4870668303472746e-08 prediction=7.9727639683742382 rho=1.0177315526315158 accept=1
  MFCG it 163 cost=1.786869e+06 lam=4.487e-08 tau=0.00e+00 cg_it=1 shift=0 ckpt=2 alpha=0 acc mv=504
PCG_PREP o=163 rebuild=1 drift=0 previous_depth=2
E2_CAP o=163 retry=0 touched=228 ncam=3068 raw=84516.655067022642 capped=118.14991257349004 radius=540.89445492335381 median=0.22540678548698523 global_scale=1
ATTR_RADIUS o=163 raw_norm=84516.655067022599 norm=118.14991257349014 radius=540.89445492335381 next_radius=540.89445492335381 lambda=4.4870668303472746e-08 next_lambda=4.4870668303472746e-08 rho=0.99974804642719095 accept=1
CLASSICAL_LM o=163 lambda=4.4870668303472746e-08 tau=4.4870668303472746e-08 prediction=227.4294471550547 rho=0.99974804642719095 accept=1
  MFCG it 164 cost=1.786642e+06 lam=4.487e-08 tau=0.00e+00 cg_it=0 shift=0 ckpt=1 alpha=0 acc mv=506
PCG_PREP o=164 rebuild=1 drift=0 previous_depth=1
E2_CAP o=164 retry=0 touched=127 ncam=3068 raw=101301.73744043551 capped=172.90384405905382 radius=540.89445492335381 median=0.39970260495580573 global_scale=1
ATTR_RADIUS o=164 raw_norm=101301.73744043558 norm=172.90384405905388 radius=540.89445492335381 next_radius=540.89445492335381 lambda=4.4870668303472746e-08 next_lambda=4.4870668303472746e-08 rho=1.0253598716611316 accept=1
CLASSICAL_LM o=164 lambda=4.4870668303472746e-08 tau=4.4870668303472746e-08 prediction=4.7579417736787164 rho=1.0253598716611316 accept=1
  MFCG it 165 cost=1.786637e+06 lam=4.487e-08 tau=0.00e+00 cg_it=1 shift=0 ckpt=2 alpha=0 acc mv=509
PCG_PREP o=165 rebuild=1 drift=0 previous_depth=2
E2_CAP o=165 retry=0 touched=228 ncam=3068 raw=84335.215333714063 capped=117.66682680558968 radius=540.89445492335381 median=0.22483634985430045 global_scale=1
ATTR_RADIUS o=165 raw_norm=84335.215333714135 norm=117.66682680558955 radius=540.89445492335381 next_radius=540.89445492335381 lambda=4.4870668303472746e-08 next_lambda=4.4870668303472746e-08 rho=0.99981488448693012 accept=1
CLASSICAL_LM o=165 lambda=4.4870668303472746e-08 tau=4.4870668303472746e-08 prediction=226.16462023734692 rho=0.99981488448693012 accept=1
  MFCG it 166 cost=1.786411e+06 lam=4.487e-08 tau=0.00e+00 cg_it=0 shift=0 ckpt=1 alpha=0 acc mv=511
PCG_PREP o=166 rebuild=1 drift=0 previous_depth=1
E2_CAP o=166 retry=0 touched=127 ncam=3068 raw=110665.91466592938 capped=172.3583319426904 radius=540.89445492335381 median=0.39981929218853407 global_scale=1
ATTR_RADIUS o=166 raw_norm=110665.91466592929 norm=172.35833194269009 radius=540.89445492335381 next_radius=540.89445492335381 lambda=4.4870668303472746e-08 next_lambda=4.4870668303472746e-08 rho=1.0291202068655381 accept=1
CLASSICAL_LM o=166 lambda=4.4870668303472746e-08 tau=4.4870668303472746e-08 prediction=4.8748073030696659 rho=1.0291202068655381 accept=1
  MFCG it 167 cost=1.786406e+06 lam=4.487e-08 tau=0.00e+00 cg_it=1 shift=0 ckpt=2 alpha=0 acc mv=514
PCG_PREP o=167 rebuild=1 drift=0 previous_depth=2
E2_CAP o=167 retry=0 touched=228 ncam=3068 raw=84158.263250494754 capped=117.71107947370363 radius=540.89445492335381 median=0.22546610831084482 global_scale=1
ATTR_RADIUS o=167 raw_norm=84158.263250494783 norm=117.71107947370344 radius=540.89445492335381 next_radius=540.89445492335381 lambda=4.4870668303472746e-08 next_lambda=4.4870668303472746e-08 rho=0.99963091336798637 accept=1
CLASSICAL_LM o=167 lambda=4.4870668303472746e-08 tau=4.4870668303472746e-08 prediction=225.74533362108554 rho=0.99963091336798637 accept=1
  MFCG it 168 cost=1.786180e+06 lam=4.487e-08 tau=0.00e+00 cg_it=0 shift=0 ckpt=1 alpha=0 acc mv=516
PCG_PREP o=168 rebuild=1 drift=0 previous_depth=1
E2_CAP o=168 retry=0 touched=126 ncam=3068 raw=101502.31651754782 capped=170.50712760810472 radius=540.89445492335381 median=0.39126366652819888 global_scale=1
POINT_SAFE o=168 frozen=152 slope=-57.575610564005828 candidate=1786181.8173159887 original=1786166.2426253243 current=1786180.251505015 won=0 mode=1 camera_scale=1 keep_scale=0
ATTR_RADIUS o=168 raw_norm=101502.31651754782 norm=85.253563804052632 radius=540.89445492335381 next_radius=540.89445492335381 lambda=4.4870668303472746e-08 next_lambda=4.4870668303472746e-08 rho=1.0012844810766257 accept=1
CLASSICAL_LM o=168 lambda=4.4870668303472746e-08 tau=4.4870668303472746e-08 prediction=13.990908633279643 rho=1.0012844810766257 accept=1
  MFCG it 169 cost=1.786166e+06 lam=4.487e-08 tau=0.00e+00 cg_it=1 shift=0 ckpt=2 alpha=0 acc mv=519
PCG_PREP o=169 rebuild=1 drift=0 previous_depth=2
E2_CAP o=169 retry=0 touched=221 ncam=3068 raw=85025.778858406702 capped=69.640659630397266 radius=540.89445492335381 median=0.13859879212246662 global_scale=1
ATTR_RADIUS o=169 raw_norm=85025.778858406702 norm=69.640659630397181 radius=540.89445492335381 next_radius=540.89445492335381 lambda=4.4870668303472746e-08 next_lambda=4.4870668303472746e-08 rho=1.0006002245587693 accept=1
CLASSICAL_LM o=169 lambda=4.4870668303472746e-08 tau=4.4870668303472746e-08 prediction=128.9712829155354 rho=1.0006002245587693 accept=1
  MFCG it 170 cost=1.786037e+06 lam=4.487e-08 tau=0.00e+00 cg_it=0 shift=0 ckpt=1 alpha=0 acc mv=521
PCG_PREP o=170 rebuild=1 drift=0 previous_depth=1
E2_CAP o=170 retry=0 touched=128 ncam=3068 raw=105450.32651175541 capped=168.33036793321696 radius=540.89445492335381 median=0.37660996508194278 global_scale=1
POINT_SAFE o=170 frozen=114 slope=-37.640475499441699 candidate=1786054.8434767469 original=1786032.1948453754 current=1786037.1939306774 won=0 mode=1 camera_scale=1 keep_scale=0
ATTR_RADIUS o=170 raw_norm=105450.32651175557 norm=84.16518396660841 radius=540.89445492335381 next_radius=540.89445492335381 lambda=4.4870668303472746e-08 next_lambda=4.4870668303472746e-08 rho=1.0078225771847598 accept=1
CLASSICAL_LM o=170 lambda=4.4870668303472746e-08 tau=4.4870668303472746e-08 prediction=4.9602831045553586 rho=1.0078225771847598 accept=1
  MFCG it 171 cost=1.786032e+06 lam=4.487e-08 tau=0.00e+00 cg_it=1 shift=0 ckpt=2 alpha=0 acc mv=524
PCG_PREP o=171 rebuild=1 drift=0 previous_depth=2
E2_CAP o=171 retry=0 touched=208 ncam=3068 raw=84988.797822793436 capped=73.506996035274327 radius=540.89445492335381 median=0.1469086018193741 global_scale=1
ATTR_RADIUS o=171 raw_norm=84988.797822793407 norm=73.506996035274184 radius=540.89445492335381 next_radius=540.89445492335381 lambda=4.4870668303472746e-08 next_lambda=4.4870668303472746e-08 rho=1.0003450502421807 accept=1
CLASSICAL_LM o=171 lambda=4.4870668303472746e-08 tau=4.4870668303472746e-08 prediction=133.88253796439929 rho=1.0003450502421807 accept=1
  MFCG it 172 cost=1.785898e+06 lam=4.487e-08 tau=0.00e+00 cg_it=0 shift=0 ckpt=1 alpha=0 acc mv=526
PCG_PREP o=172 rebuild=1 drift=0 previous_depth=1
E2_CAP o=172 retry=0 touched=130 ncam=3068 raw=108898.09373906557 capped=170.2128581454792 radius=540.89445492335381 median=0.37159548489070493 global_scale=1
POINT_SAFE o=172 frozen=117 slope=-34.721160660161551 candidate=1785923.3292204603 original=1785895.8503180142 current=1785898.2661112088 won=0 mode=1 camera_scale=1 keep_scale=0
ATTR_RADIUS o=172 raw_norm=108898.09373906552 norm=85.106429072739402 radius=540.89445492335381 next_radius=540.89445492335381 lambda=4.4870668303472746e-08 next_lambda=4.4870668303472746e-08 rho=1.0126402983351444 accept=1
CLASSICAL_LM o=172 lambda=4.4870668303472746e-08 tau=4.4870668303472746e-08 prediction=2.3856380183961772 rho=1.0126402983351444 accept=1
  MFCG it 173 cost=1.785896e+06 lam=4.487e-08 tau=0.00e+00 cg_it=1 shift=0 ckpt=2 alpha=0 acc mv=529
PCG_PREP o=173 rebuild=1 drift=0 previous_depth=2
E2_CAP o=173 retry=0 touched=209 ncam=3068 raw=85247.551312909956 capped=71.54469133433885 radius=540.89445492335381 median=0.14367093612814608 global_scale=1
ATTR_RADIUS o=173 raw_norm=85247.551312910145 norm=71.54469133433868 radius=540.89445492335381 next_radius=540.89445492335381 lambda=4.4870668303472746e-08 next_lambda=4.4870668303472746e-08 rho=1.0003295714614431 accept=1
CLASSICAL_LM o=173 lambda=4.4870668303472746e-08 tau=4.4870668303472746e-08 prediction=130.08789920212726 rho=1.0003295714614431 accept=1
  MFCG it 174 cost=1.785766e+06 lam=4.487e-08 tau=0.00e+00 cg_it=0 shift=0 ckpt=1 alpha=0 acc mv=531
PCG_PREP o=174 rebuild=1 drift=0 previous_depth=1
E2_CAP o=174 retry=0 touched=134 ncam=3068 raw=112814.99798737682 capped=170.58380235373718 radius=540.89445492335381 median=0.37015918562471678 global_scale=1
POINT_SAFE o=174 frozen=117 slope=-30.563600057938295 candidate=1785795.4386444462 original=1785765.5071586922 current=1785765.719545553 won=0 mode=1 camera_scale=1 keep_scale=0
ATTR_RADIUS o=174 raw_norm=112814.99798737683 norm=85.291901176868421 radius=540.89445492335381 next_radius=540.89445492335381 lambda=4.4870668303472746e-08 next_lambda=4.4870668303472746e-08 rho=1.1539067348442271 accept=1
CLASSICAL_LM o=174 lambda=4.4870668303472746e-08 tau=4.4870668303472746e-08 prediction=0.18405894890083907 rho=1.1539067348442271 accept=1
  MFCG it 175 cost=1.785766e+06 lam=4.487e-08 tau=0.00e+00 cg_it=1 shift=0 ckpt=2 alpha=0 acc mv=534
PCG_PREP o=175 rebuild=1 drift=0 previous_depth=2
E2_CAP o=175 retry=0 touched=208 ncam=3068 raw=85392.177578919698 capped=71.609137414538367 radius=540.89445492335381 median=0.14333856800556521 global_scale=1
ATTR_RADIUS o=175 raw_norm=85392.177578919669 norm=71.609137414538196 radius=540.89445492335381 next_radius=540.89445492335381 lambda=4.4870668303472746e-08 next_lambda=4.4870668303472746e-08 rho=1.0002984029759461 accept=1
CLASSICAL_LM o=175 lambda=4.4870668303472746e-08 tau=4.4870668303472746e-08 prediction=129.26817257254874 rho=1.0002984029759461 accept=1
  MFCG it 176 cost=1.785636e+06 lam=4.487e-08 tau=0.00e+00 cg_it=0 shift=0 ckpt=1 alpha=0 acc mv=536
PCG_PREP o=176 rebuild=1 drift=0 previous_depth=1
E2_CAP o=176 retry=0 touched=130 ncam=3068 raw=127702.99320594226 capped=171.55069669572495 radius=540.89445492335381 median=0.37364359909241585 global_scale=1
POINT_SAFE o=176 frozen=122 slope=-30.016315445867079 candidate=1785667.0489366881 original=1785632.4995946286 current=1785636.2004121123 won=0 mode=1 camera_scale=1 keep_scale=0
ATTR_RADIUS o=176 raw_norm=127702.99320594233 norm=42.887674173931295 radius=540.89445492335381 next_radius=540.89445492335381 lambda=4.4870668303472746e-08 next_lambda=4.4870668303472746e-08 rho=1.0017772341130127 accept=1
CLASSICAL_LM o=176 lambda=4.4870668303472746e-08 tau=4.4870668303472746e-08 prediction=3.6942519331524637 rho=1.0017772341130127 accept=1
  MFCG it 177 cost=1.785632e+06 lam=4.487e-08 tau=0.00e+00 cg_it=1 shift=0 ckpt=2 alpha=0 acc mv=539
PCG_PREP o=177 rebuild=1 drift=0 previous_depth=2
E2_CAP o=177 retry=0 touched=131 ncam=3068 raw=103559.30187298708 capped=144.78648672460022 radius=540.89445492335381 median=0.33097180399146819 global_scale=1
POINT_SAFE o=177 frozen=71 slope=-24.5244258105649 candidate=1785639.6190851294 original=1785628.1491420544 current=1785632.4995946286 won=0 mode=1 camera_scale=1 keep_scale=0
ATTR_RADIUS o=177 raw_norm=103559.30187298714 norm=72.393243362299955 radius=540.89445492335381 next_radius=540.89445492335381 lambda=4.4870668303472746e-08 next_lambda=4.4870668303472746e-08 rho=1.0130950647053305 accept=1
CLASSICAL_LM o=177 lambda=4.4870668303472746e-08 tau=4.4870668303472746e-08 prediction=4.2942194920949168 rho=1.0130950647053305 accept=1
  MFCG it 178 cost=1.785628e+06 lam=4.487e-08 tau=0.00e+00 cg_it=1 shift=0 ckpt=2 alpha=0 acc mv=542
PCG_PREP o=178 rebuild=1 drift=0 previous_depth=2
E2_CAP o=178 retry=0 touched=213 ncam=3068 raw=85330.737568753058 capped=79.482203211606404 radius=540.89445492335381 median=0.15717037666612887 global_scale=1
ATTR_RADIUS o=178 raw_norm=85330.73756875316 norm=79.482203211605935 radius=540.89445492335381 next_radius=540.89445492335381 lambda=4.4870668303472746e-08 next_lambda=4.4870668303472746e-08 rho=1.0003322486515525 accept=1
CLASSICAL_LM o=178 lambda=4.4870668303472746e-08 tau=4.4870668303472746e-08 prediction=143.82740702488118 rho=1.0003322486515525 accept=1
  MFCG it 179 cost=1.785484e+06 lam=4.487e-08 tau=0.00e+00 cg_it=0 shift=0 ckpt=1 alpha=0 acc mv=544
PCG_PREP o=179 rebuild=1 drift=0 previous_depth=1
E2_CAP o=179 retry=0 touched=131 ncam=3068 raw=103144.91837064065 capped=170.12378129116749 radius=540.89445492335381 median=0.37324059648430508 global_scale=1
POINT_SAFE o=179 frozen=113 slope=-32.138232727264693 candidate=1785512.9498391978 original=1785483.407078498 current=1785484.2739485675 won=0 mode=1 camera_scale=1 keep_scale=0
ATTR_RADIUS o=179 raw_norm=103144.91837064068 norm=85.061890645583873 radius=540.89445492335381 next_radius=540.89445492335381 lambda=4.4870668303472746e-08 next_lambda=4.4870668303472746e-08 rho=1.0260534502457814 accept=1
CLASSICAL_LM o=179 lambda=4.4870668303472746e-08 tau=4.4870668303472746e-08 prediction=0.84485858821779836 rho=1.0260534502457814 accept=1
  MFCG it 180 cost=1.785483e+06 lam=4.487e-08 tau=0.00e+00 cg_it=1 shift=0 ckpt=2 alpha=0 acc mv=547
PCG_PREP o=180 rebuild=1 drift=0 previous_depth=2
E2_CAP o=180 retry=0 touched=210 ncam=3068 raw=85305.665020438217 capped=69.360806125489049 radius=540.89445492335381 median=0.13861674152545561 global_scale=1
ATTR_RADIUS o=180 raw_norm=85305.665020438246 norm=69.360806125488949 radius=540.89445492335381 next_radius=540.89445492335381 lambda=4.4870668303472746e-08 next_lambda=4.4870668303472746e-08 rho=1.0002669364125905 accept=1
CLASSICAL_LM o=180 lambda=4.4870668303472746e-08 tau=4.4870668303472746e-08 prediction=125.38394543010642 rho=1.0002669364125905 accept=1
  MFCG it 181 cost=1.785358e+06 lam=4.487e-08 tau=0.00e+00 cg_it=0 shift=0 ckpt=1 alpha=0 acc mv=549
PCG_PREP o=181 rebuild=1 drift=0 previous_depth=1
E2_CAP o=181 retry=0 touched=130 ncam=3068 raw=101868.16043221171 capped=167.6512586029379 radius=540.89445492335381 median=0.36592312782422876 global_scale=1
POINT_SAFE o=181 frozen=121 slope=-26.062380056725306 candidate=1785390.4937822407 original=1785355.1335910482 current=1785357.9896635273 won=0 mode=1 camera_scale=1 keep_scale=0
ATTR_RADIUS o=181 raw_norm=101868.16043221157 norm=41.912814650734497 radius=540.89445492335381 next_radius=540.89445492335381 lambda=4.4870668303472746e-08 next_lambda=4.4870668303472746e-08 rho=1.0018008632571271 accept=1
CLASSICAL_LM o=181 lambda=4.4870668303472746e-08 tau=4.4870668303472746e-08 prediction=2.8509383290753352 rho=1.0018008632571271 accept=1
  MFCG it 182 cost=1.785355e+06 lam=4.487e-08 tau=0.00e+00 cg_it=1 shift=0 ckpt=2 alpha=0 acc mv=552
PCG_PREP o=182 rebuild=1 drift=0 previous_depth=2
E2_CAP o=182 retry=0 touched=131 ncam=3068 raw=131008.68661117789 capped=143.48016108336188 radius=540.89445492335381 median=0.33184422222202314 global_scale=1
POINT_SAFE o=182 frozen=72 slope=-23.139040556684559 candidate=1785362.9744919124 original=1785351.3090605466 current=1785355.1335910482 won=0 mode=1 camera_scale=1 keep_scale=0
ATTR_RADIUS o=182 raw_norm=131008.68661117771 norm=71.740080541680996 radius=540.89445492335381 next_radius=540.89445492335381 lambda=4.4870668303472746e-08 next_lambda=4.4870668303472746e-08 rho=1.0129749948617752 accept=1
CLASSICAL_LM o=182 lambda=4.4870668303472746e-08 tau=4.4870668303472746e-08 prediction=3.7755428525054482 rho=1.0129749948617752 accept=1
  MFCG it 183 cost=1.785351e+06 lam=4.487e-08 tau=0.00e+00 cg_it=1 shift=0 ckpt=2 alpha=0 acc mv=555
PCG_PREP o=183 rebuild=1 drift=0 previous_depth=2
E2_CAP o=183 retry=0 touched=216 ncam=3068 raw=84885.114922593144 capped=78.625933974762219 radius=540.89445492335381 median=0.15474386851077238 global_scale=1
ATTR_RADIUS o=183 raw_norm=84885.114922593188 norm=78.62593397476229 radius=540.89445492335381 next_radius=540.89445492335381 lambda=4.4870668303472746e-08 next_lambda=4.4870668303472746e-08 rho=1.0001699013519569 accept=1
CLASSICAL_LM o=183 lambda=4.4870668303472746e-08 tau=4.4870668303472746e-08 prediction=141.98229779050243 rho=1.0001699013519569 accept=1
  MFCG it 184 cost=1.785209e+06 lam=4.487e-08 tau=0.00e+00 cg_it=0 shift=0 ckpt=1 alpha=0 acc mv=557
PCG_PREP o=184 rebuild=1 drift=0 previous_depth=1
E2_CAP o=184 retry=0 touched=129 ncam=3068 raw=133554.84902919061 capped=170.15885813140812 radius=540.89445492335381 median=0.37498072584028652 global_scale=1
POINT_SAFE o=184 frozen=119 slope=-27.665312119272027 candidate=1785242.9255868262 original=1785206.2159731607 current=1785209.3026397717 won=0 mode=1 camera_scale=1 keep_scale=0
ATTR_RADIUS o=184 raw_norm=133554.84902919061 norm=42.539714532851939 radius=540.89445492335381 next_radius=540.89445492335381 lambda=4.4870668303472746e-08 next_lambda=4.4870668303472746e-08 rho=1.0015539714754691 accept=1
CLASSICAL_LM o=184 lambda=4.4870668303472746e-08 tau=4.4870668303472746e-08 prediction=3.0818774613574069 rho=1.0015539714754691 accept=1
  MFCG it 185 cost=1.785206e+06 lam=4.487e-08 tau=0.00e+00 cg_it=1 shift=0 ckpt=2 alpha=0 acc mv=560
PCG_PREP o=185 rebuild=1 drift=0 previous_depth=2
E2_CAP o=185 retry=0 touched=128 ncam=3068 raw=113717.69819472362 capped=141.26973043921228 radius=540.89445492335381 median=0.32975462799638294 global_scale=1
POINT_SAFE o=185 frozen=80 slope=-27.294658780716638 candidate=1785209.9114545682 original=1785200.3166245508 current=1785206.2159731607 won=0 mode=1 camera_scale=1 keep_scale=0
ATTR_RADIUS o=185 raw_norm=113717.69819472359 norm=70.634865219606297 radius=540.89445492335381 next_radius=540.89445492335381 lambda=4.4870668303472746e-08 next_lambda=4.4870668303472746e-08 rho=1.0079080792102633 accept=1
CLASSICAL_LM o=185 lambda=4.4870668303472746e-08 tau=4.4870668303472746e-08 prediction=5.8530621308942443 rho=1.0079080792102633 accept=1
  MFCG it 186 cost=1.785200e+06 lam=4.487e-08 tau=0.00e+00 cg_it=1 shift=0 ckpt=2 alpha=0 acc mv=563
PCG_PREP o=186 rebuild=1 drift=0 previous_depth=2
E2_CAP o=186 retry=0 touched=220 ncam=3068 raw=84920.895720843531 capped=76.744870166803082 radius=540.89445492335381 median=0.15073457874370277 global_scale=1
ATTR_RADIUS o=186 raw_norm=84920.895720843677 norm=76.744870166803182 radius=540.89445492335381 next_radius=540.89445492335381 lambda=4.4870668303472746e-08 next_lambda=4.4870668303472746e-08 rho=1.0001774559405734 accept=1
CLASSICAL_LM o=186 lambda=4.4870668303472746e-08 tau=4.4870668303472746e-08 prediction=138.91421953983667 rho=1.0001774559405734 accept=1
  MFCG it 187 cost=1.785061e+06 lam=4.487e-08 tau=0.00e+00 cg_it=0 shift=0 ckpt=1 alpha=0 acc mv=565
PCG_PREP o=187 rebuild=1 drift=0 previous_depth=1
E2_CAP o=187 retry=0 touched=130 ncam=3068 raw=102279.24026658048 capped=164.65295603682387 radius=540.89445492335381 median=0.36231028203366034 global_scale=1
POINT_SAFE o=187 frozen=116 slope=-28.462969140334025 candidate=1785090.9591588557 original=1785057.8889181598 current=1785061.3777538575 won=0 mode=1 camera_scale=1 keep_scale=0
ATTR_RADIUS o=187 raw_norm=102279.24026658048 norm=41.163239009206016 radius=540.89445492335381 next_radius=540.89445492335381 lambda=4.4870668303472746e-08 next_lambda=4.4870668303472746e-08 rho=1.0011338505022915 accept=1
CLASSICAL_LM o=187 lambda=4.4870668303472746e-08 tau=4.4870668303472746e-08 prediction=3.484884359878929 rho=1.0011338505022915 accept=1
  MFCG it 188 cost=1.785058e+06 lam=4.487e-08 tau=0.00e+00 cg_it=1 shift=0 ckpt=2 alpha=0 acc mv=568
PCG_PREP o=188 rebuild=1 drift=0 previous_depth=2
E2_CAP o=188 retry=0 touched=127 ncam=3068 raw=103332.6882268991 capped=139.95328128934312 radius=540.89445492335381 median=0.32775006579963839 global_scale=1
POINT_SAFE o=188 frozen=85 slope=-26.338239096856942 candidate=1785061.7941173059 original=1785052.2810170483 current=1785057.8889181598 won=0 mode=1 camera_scale=1 keep_scale=0
ATTR_RADIUS o=188 raw_norm=103332.68822689907 norm=69.976640644671519 radius=540.89445492335381 next_radius=540.89445492335381 lambda=4.4870668303472746e-08 next_lambda=4.4870668303472746e-08 rho=1.0078830247688071 accept=1
CLASSICAL_LM o=188 lambda=4.4870668303472746e-08 tau=4.4870668303472746e-08 prediction=5.5640396491094322 rho=1.0078830247688071 accept=1
  MFCG it 189 cost=1.785052e+06 lam=4.487e-08 tau=0.00e+00 cg_it=1 shift=0 ckpt=2 alpha=0 acc mv=571
PCG_PREP o=189 rebuild=1 drift=0 previous_depth=2
E2_CAP o=189 retry=0 touched=220 ncam=3068 raw=84707.287296168768 capped=76.120487322440269 radius=540.89445492335381 median=0.14948070892340504 global_scale=1
ATTR_RADIUS o=189 raw_norm=84707.287296168754 norm=76.120487322440269 radius=540.89445492335381 next_radius=540.89445492335381 lambda=4.4870668303472746e-08 next_lambda=4.4870668303472746e-08 rho=1.0001585219815141 accept=1
CLASSICAL_LM o=189 lambda=4.4870668303472746e-08 tau=4.4870668303472746e-08 prediction=138.01184734319006 rho=1.0001585219815141 accept=1
  MFCG it 190 cost=1.784914e+06 lam=4.487e-08 tau=0.00e+00 cg_it=0 shift=0 ckpt=1 alpha=0 acc mv=573
PCG_PREP o=190 rebuild=1 drift=0 previous_depth=1
E2_CAP o=190 retry=0 touched=128 ncam=3068 raw=103299.21987638285 capped=163.09713983748136 radius=540.89445492335381 median=0.35911858978721989 global_scale=1
POINT_SAFE o=190 frozen=119 slope=-26.614273991185634 candidate=1784945.2154012178 original=1784911.1918232637 current=1784914.2472917936 won=0 mode=1 camera_scale=1 keep_scale=0
ATTR_RADIUS o=190 raw_norm=103299.2198763827 norm=40.774284959370362 radius=540.89445492335381 next_radius=540.89445492335381 lambda=4.4870668303472746e-08 next_lambda=4.4870668303472746e-08 rho=1.0013398104134001 accept=1
CLASSICAL_LM o=190 lambda=4.4870668303472746e-08 tau=4.4870668303472746e-08 prediction=3.0513802588823813 rho=1.0013398104134001 accept=1
  MFCG it 191 cost=1.784911e+06 lam=4.487e-08 tau=0.00e+00 cg_it=1 shift=0 ckpt=2 alpha=0 acc mv=576
PCG_PREP o=191 rebuild=1 drift=0 previous_depth=2
E2_CAP o=191 retry=0 touched=128 ncam=3068 raw=130878.02628524235 capped=139.16761987927759 radius=540.89445492335381 median=0.32543378685703417 global_scale=1
POINT_SAFE o=191 frozen=81 slope=-23.883039142039539 candidate=1784917.6471947625 original=1784906.8352478691 current=1784911.1918232637 won=0 mode=1 camera_scale=1 keep_scale=0
ATTR_RADIUS o=191 raw_norm=130878.02628524239 norm=69.583809939639011 radius=540.89445492335381 next_radius=540.89445492335381 lambda=4.4870668303472746e-08 next_lambda=4.4870668303472746e-08 rho=1.0096366389994065 accept=1
CLASSICAL_LM o=191 lambda=4.4870668303472746e-08 tau=4.4870668303472746e-08 prediction=4.3149933612081499 rho=1.0096366389994065 accept=1
  MFCG it 192 cost=1.784907e+06 lam=4.487e-08 tau=0.00e+00 cg_it=1 shift=0 ckpt=2 alpha=0 acc mv=579
PCG_PREP o=192 rebuild=1 drift=0 previous_depth=2
E2_CAP o=192 retry=0 touched=221 ncam=3068 raw=84908.517700967539 capped=77.28971853588115 radius=540.89445492335381 median=0.15178339322322854 global_scale=1
ATTR_RADIUS o=192 raw_norm=84908.517700967393 norm=77.28971853588115 radius=540.89445492335381 next_radius=540.89445492335381 lambda=4.4870668303472746e-08 next_lambda=4.4870668303472746e-08 rho=1.0001127380536063 accept=1
CLASSICAL_LM o=192 lambda=4.4870668303472746e-08 tau=4.4870668303472746e-08 prediction=139.5150189805745 rho=1.0001127380536063 accept=1
  MFCG it 193 cost=1.784767e+06 lam=4.487e-08 tau=0.00e+00 cg_it=0 shift=0 ckpt=1 alpha=0 acc mv=581
PCG_PREP o=193 rebuild=1 drift=0 previous_depth=1
E2_CAP o=193 retry=0 touched=129 ncam=3068 raw=113211.21318083392 capped=164.09814105064879 radius=540.89445492335381 median=0.36228511166705279 global_scale=1
POINT_SAFE o=193 frozen=123 slope=-24.263777619777319 candidate=1784801.3815904683 original=1784764.8839775538 current=1784767.3045002369 won=0 mode=1 camera_scale=1 keep_scale=0
ATTR_RADIUS o=193 raw_norm=113211.21318083387 norm=41.024535262662241 radius=540.89445492335381 next_radius=540.89445492335381 lambda=4.4870668303472746e-08 next_lambda=4.4870668303472746e-08 rho=1.0020536285203179 accept=1
CLASSICAL_LM o=193 lambda=4.4870668303472746e-08 tau=4.4870668303472746e-08 prediction=2.4155620160185549 rho=1.0020536285203179 accept=1
  MFCG it 194 cost=1.784765e+06 lam=4.487e-08 tau=0.00e+00 cg_it=1 shift=0 ckpt=2 alpha=0 acc mv=584
PCG_PREP o=194 rebuild=1 drift=0 previous_depth=2
E2_CAP o=194 retry=0 touched=127 ncam=3068 raw=104429.18971178803 capped=136.45764744104281 radius=540.89445492335381 median=0.31852211040873429 global_scale=1
POINT_SAFE o=194 frozen=88 slope=-21.39695669311687 candidate=1784773.6447609439 original=1784761.725221091 current=1784764.8839775538 won=0 mode=1 camera_scale=1 keep_scale=0
ATTR_RADIUS o=194 raw_norm=104429.18971178804 norm=68.228823720521376 radius=540.89445492335381 next_radius=540.89445492335381 lambda=4.4870668303472746e-08 next_lambda=4.4870668303472746e-08 rho=1.0140345707964689 accept=1
CLASSICAL_LM o=194 lambda=4.4870668303472746e-08 tau=4.4870668303472746e-08 prediction=3.1150382381698254 rho=1.0140345707964689 accept=1
  MFCG it 195 cost=1.784762e+06 lam=4.487e-08 tau=0.00e+00 cg_it=1 shift=0 ckpt=2 alpha=0 acc mv=587
PCG_PREP o=195 rebuild=1 drift=0 previous_depth=2
E2_CAP o=195 retry=0 touched=220 ncam=3068 raw=84657.785786077482 capped=75.534712717384352 radius=540.89445492335381 median=0.14803145247102284 global_scale=1
ATTR_RADIUS o=195 raw_norm=84657.785786077395 norm=75.53471271738438 radius=540.89445492335381 next_radius=540.89445492335381 lambda=4.4870668303472746e-08 next_lambda=4.4870668303472746e-08 rho=1.0001254263559367 accept=1
CLASSICAL_LM o=195 lambda=4.4870668303472746e-08 tau=4.4870668303472746e-08 prediction=136.64168324059048 rho=1.0001254263559367 accept=1
  MFCG it 196 cost=1.784625e+06 lam=4.487e-08 tau=0.00e+00 cg_it=0 shift=0 ckpt=1 alpha=0 acc mv=589
PCG_PREP o=196 rebuild=1 drift=0 previous_depth=1
E2_CAP o=196 retry=0 touched=130 ncam=3068 raw=101031.68812513979 capped=161.65681844408942 radius=540.89445492335381 median=0.3554662575783285 global_scale=1
POINT_SAFE o=196 frozen=118 slope=-22.279198355159625 candidate=1784660.0382058595 original=1784623.0742501991 current=1784625.066399382 won=0 mode=1 camera_scale=1 keep_scale=0
ATTR_RADIUS o=196 raw_norm=101031.6881251398 norm=40.414204611022313 radius=540.89445492335381 next_radius=540.89445492335381 lambda=4.4870668303472746e-08 next_lambda=4.4870668303472746e-08 rho=1.0022320390902981 accept=1
CLASSICAL_LM o=196 lambda=4.4870668303472746e-08 tau=4.4870668303472746e-08 prediction=1.9877125307592132 rho=1.0022320390902981 accept=1
  MFCG it 197 cost=1.784623e+06 lam=4.487e-08 tau=0.00e+00 cg_it=1 shift=0 ckpt=2 alpha=0 acc mv=592
PCG_PREP o=197 rebuild=1 drift=0 previous_depth=2
E2_CAP o=197 retry=0 touched=127 ncam=3068 raw=110026.92928861939 capped=136.20757751347952 radius=540.89445492335381 median=0.31917639747498872 global_scale=1
POINT_SAFE o=197 frozen=87 slope=-22.346614207514538 candidate=1784630.4860472719 original=1784619.3410106513 current=1784623.0742501991 won=0 mode=1 camera_scale=1 keep_scale=0
ATTR_RADIUS o=197 raw_norm=110026.92928861929 norm=68.103788756739846 radius=540.89445492335381 next_radius=540.89445492335381 lambda=4.4870668303472746e-08 next_lambda=4.4870668303472746e-08 rho=1.011023177610874 accept=1
CLASSICAL_LM o=197 lambda=4.4870668303472746e-08 tau=4.4870668303472746e-08 prediction=3.6925360669150118 rho=1.011023177610874 accept=1
  MFCG it 198 cost=1.784619e+06 lam=4.487e-08 tau=0.00e+00 cg_it=1 shift=0 ckpt=2 alpha=0 acc mv=595
PCG_PREP o=198 rebuild=1 drift=0 previous_depth=2
E2_CAP o=198 retry=0 touched=223 ncam=3068 raw=84438.679216184217 capped=75.056803117909865 radius=540.89445492335381 median=0.14672159229407208 global_scale=1
ATTR_RADIUS o=198 raw_norm=84438.679216184217 norm=75.056803117909666 radius=540.89445492335381 next_radius=540.89445492335381 lambda=4.4870668303472746e-08 next_lambda=4.4870668303472746e-08 rho=1.0000958056527256 accept=1
CLASSICAL_LM o=198 lambda=4.4870668303472746e-08 tau=4.4870668303472746e-08 prediction=135.61017499055714 rho=1.0000958056527256 accept=1
  MFCG it 199 cost=1.784484e+06 lam=4.487e-08 tau=0.00e+00 cg_it=0 shift=0 ckpt=1 alpha=0 acc mv=597
PCG_PREP o=199 rebuild=1 drift=0 previous_depth=1
E2_CAP o=199 retry=0 touched=129 ncam=3068 raw=106759.03202512754 capped=160.65178666781213 radius=540.89445492335381 median=0.35354780245420192 global_scale=1
POINT_SAFE o=199 frozen=120 slope=-22.134618354144909 candidate=1784518.2104060394 original=1784481.7228992041 current=1784483.7178434394 won=0 mode=1 camera_scale=1 keep_scale=0
ATTR_RADIUS o=199 raw_norm=106759.03202512761 norm=40.16294666695299 radius=540.89445492335381 next_radius=540.89445492335381 lambda=4.4870668303472746e-08 next_lambda=4.4870668303472746e-08 rho=1.0013128406026832 accept=1
CLASSICAL_LM o=199 lambda=4.4870668303472746e-08 tau=4.4870668303472746e-08 prediction=1.9923286253966497 rho=1.0013128406026832 accept=1
  MFCG it 200 cost=1.784482e+06 lam=4.487e-08 tau=0.00e+00 cg_it=1 shift=0 ckpt=2 alpha=0 acc mv=600
PCG_PREP o=200 rebuild=1 drift=0 previous_depth=2
E2_CAP o=200 retry=0 touched=125 ncam=3068 raw=116098.83895318717 capped=135.19284871733453 radius=540.89445492335381 median=0.31718582906952852 global_scale=1
POINT_SAFE o=200 frozen=85 slope=-23.146898000578165 candidate=1784487.9965668456 original=1784477.5050944828 current=1784481.7228992041 won=0 mode=1 camera_scale=1 keep_scale=0
ATTR_RADIUS o=200 raw_norm=116098.83895318727 norm=67.596424358667505 radius=540.89445492335381 next_radius=540.89445492335381 lambda=4.4870668303472746e-08 next_lambda=4.4870668303472746e-08 rho=1.0085039831815334 accept=1
CLASSICAL_LM o=200 lambda=4.4870668303472746e-08 tau=4.4870668303472746e-08 prediction=4.1822390309434772 rho=1.0085039831815334 accept=1
  MFCG it 201 cost=1.784478e+06 lam=4.487e-08 tau=0.00e+00 cg_it=1 shift=0 ckpt=2 alpha=0 acc mv=603
PCG_PREP o=201 rebuild=1 drift=0 previous_depth=2
E2_CAP o=201 retry=0 touched=221 ncam=3068 raw=84372.343477122093 capped=74.294309181521172 radius=540.89445492335381 median=0.14533151128568905 global_scale=1
ATTR_RADIUS o=201 raw_norm=84372.343477122049 norm=74.294309181521157 radius=540.89445492335381 next_radius=540.89445492335381 lambda=4.4870668303472746e-08 next_lambda=4.4870668303472746e-08 rho=1.0000866685902698 accept=1
CLASSICAL_LM o=201 lambda=4.4870668303472746e-08 tau=4.4870668303472746e-08 prediction=134.47711988364779 rho=1.0000866685902698 accept=1
  MFCG it 202 cost=1.784343e+06 lam=4.487e-08 tau=0.00e+00 cg_it=0 shift=0 ckpt=1 alpha=0 acc mv=605
PCG_PREP o=202 rebuild=1 drift=0 previous_depth=1
E2_CAP o=202 retry=0 touched=131 ncam=3068 raw=113551.73909443682 capped=161.26615902917939 radius=540.89445492335381 median=0.35638271377475561 global_scale=1
POINT_SAFE o=202 frozen=124 slope=-19.655861664268805 candidate=1784380.6034278329 original=1784341.6796029427 current=1784343.0163196567 won=0 mode=1 camera_scale=1 keep_scale=0
ATTR_RADIUS o=202 raw_norm=113551.73909443679 norm=40.316539757294834 radius=540.89445492335381 next_radius=540.89445492335381 lambda=4.4870668303472746e-08 next_lambda=4.4870668303472746e-08 rho=1.0018180547694953 accept=1
CLASSICAL_LM o=202 lambda=4.4870668303472746e-08 tau=4.4870668303472746e-08 prediction=1.3342909001473786 rho=1.0018180547694953 accept=1
  MFCG it 203 cost=1.784342e+06 lam=4.487e-08 tau=0.00e+00 cg_it=1 shift=0 ckpt=2 alpha=0 acc mv=608
PCG_PREP o=203 rebuild=1 drift=0 previous_depth=2
E2_CAP o=203 retry=0 touched=124 ncam=3068 raw=110075.12881145833 capped=133.03309458718107 radius=540.89445492335381 median=0.31208560672427865 global_scale=1
POINT_SAFE o=203 frozen=84 slope=-21.304700165311594 candidate=1784349.2571459373 original=1784338.2483343161 current=1784341.6796029427 won=0 mode=1 camera_scale=1 keep_scale=0
ATTR_RADIUS o=203 raw_norm=110075.12881145836 norm=66.516547293590563 radius=540.89445492335381 next_radius=540.89445492335381 lambda=4.4870668303472746e-08 next_lambda=4.4870668303472746e-08 rho=1.0096375504749426 accept=1
CLASSICAL_LM o=203 lambda=4.4870668303472746e-08 tau=4.4870668303472746e-08 prediction=3.398515264192671 rho=1.0096375504749426 accept=1
  MFCG it 204 cost=1.784338e+06 lam=4.487e-08 tau=0.00e+00 cg_it=1 shift=0 ckpt=2 alpha=0 acc mv=611
PCG_PREP o=204 rebuild=1 drift=0 previous_depth=2
E2_CAP o=204 retry=0 touched=224 ncam=3068 raw=84342.444400052278 capped=74.347350152505797 radius=540.89445492335381 median=0.14503898307784879 global_scale=1
ATTR_RADIUS o=204 raw_norm=84342.444400052438 norm=74.347350152505911 radius=540.89445492335381 next_radius=540.89445492335381 lambda=4.4870668303472746e-08 next_lambda=4.4870668303472746e-08 rho=1.0000562565039934 accept=1
CLASSICAL_LM o=204 lambda=4.4870668303472746e-08 tau=4.4870668303472746e-08 prediction=134.21208112774937 rho=1.0000562565039934 accept=1
  MFCG it 205 cost=1.784204e+06 lam=4.487e-08 tau=0.00e+00 cg_it=0 shift=0 ckpt=1 alpha=0 acc mv=613
PCG_PREP o=205 rebuild=1 drift=0 previous_depth=1
E2_CAP o=205 retry=0 touched=129 ncam=3068 raw=102477.23876198813 capped=159.00468877098211 radius=540.89445492335381 median=0.35180054854655807 global_scale=1
POINT_SAFE o=205 frozen=122 slope=-23.487774420465943 candidate=1784236.3369617169 original=1784201.6435794281 current=1784204.0287028858 won=0 mode=1 camera_scale=1 keep_scale=0
ATTR_RADIUS o=205 raw_norm=102477.23876198818 norm=39.751172192745635 radius=540.89445492335381 next_radius=540.89445492335381 lambda=4.4870668303472746e-08 next_lambda=4.4870668303472746e-08 rho=1.0007867797411982 accept=1
CLASSICAL_LM o=205 lambda=4.4870668303472746e-08 tau=4.4870668303472746e-08 prediction=2.3832483662268276 rho=1.0007867797411982 accept=1
  MFCG it 206 cost=1.784202e+06 lam=4.487e-08 tau=0.00e+00 cg_it=1 shift=0 ckpt=2 alpha=0 acc mv=616
PCG_PREP o=206 rebuild=1 drift=0 previous_depth=2
E2_CAP o=206 retry=0 touched=126 ncam=3068 raw=106024.07419106529 capped=132.40463716805448 radius=540.89445492335381 median=0.30880289082181123 global_scale=1
POINT_SAFE o=206 frozen=82 slope=-19.421066001489447 candidate=1784211.2504316347 original=1784199.190560973 current=1784201.6435794281 won=0 mode=1 camera_scale=1 keep_scale=0
ATTR_RADIUS o=206 raw_norm=106024.07419106539 norm=66.202318584027338 radius=540.89445492335381 next_radius=540.89445492335381 lambda=4.4870668303472746e-08 next_lambda=4.4870668303472746e-08 rho=1.012122558510679 accept=1
CLASSICAL_LM o=206 lambda=4.4870668303472746e-08 tau=4.4870668303472746e-08 prediction=2.4236377644593006 rho=1.012122558510679 accept=1
  MFCG it 207 cost=1.784199e+06 lam=4.487e-08 tau=0.00e+00 cg_it=1 shift=0 ckpt=2 alpha=0 acc mv=619
PCG_PREP o=207 rebuild=1 drift=0 previous_depth=2
E2_CAP o=207 retry=0 touched=220 ncam=3068 raw=84293.67204447971 capped=74.070917269627799 radius=540.89445492335381 median=0.14484464301829314 global_scale=1
ATTR_RADIUS o=207 raw_norm=84293.67204447971 norm=74.070917269627714 radius=540.89445492335381 next_radius=540.89445492335381 lambda=4.4870668303472746e-08 next_lambda=4.4870668303472746e-08 rho=1.0000374841256723 accept=1
CLASSICAL_LM o=207 lambda=4.4870668303472746e-08 tau=4.4870668303472746e-08 prediction=133.79660158491694 rho=1.0000374841256723 accept=1
  MFCG it 208 cost=1.784065e+06 lam=4.487e-08 tau=0.00e+00 cg_it=0 shift=0 ckpt=1 alpha=0 acc mv=621
PCG_PREP o=208 rebuild=1 drift=0 previous_depth=1
E2_CAP o=208 retry=0 touched=127 ncam=3068 raw=101175.98254014915 capped=157.65223197176996 radius=540.89445492335381 median=0.34829632671006872 global_scale=1
POINT_SAFE o=208 frozen=124 slope=-22.117757847853706 candidate=1784098.9550305363 original=1784063.3393560362 current=1784065.3889441395 won=0 mode=1 camera_scale=1 keep_scale=0
ATTR_RADIUS o=208 raw_norm=101175.98254014899 norm=39.413057992942633 radius=540.89445492335381 next_radius=540.89445492335381 lambda=4.4870668303472746e-08 next_lambda=4.4870668303472746e-08 rho=1.0007510780057416 accept=1
CLASSICAL_LM o=208 lambda=4.4870668303472746e-08 tau=4.4870668303472746e-08 prediction=2.0480498581099105 rho=1.0007510780057416 accept=1
  MFCG it 209 cost=1.784063e+06 lam=4.487e-08 tau=0.00e+00 cg_it=1 shift=0 ckpt=2 alpha=0 acc mv=624
PCG_PREP o=209 rebuild=1 drift=0 previous_depth=2
E2_CAP o=209 retry=0 touched=125 ncam=3068 raw=113099.18935861519 capped=131.08571632395342 radius=540.89445492335381 median=0.30643640417772666 global_scale=1
POINT_SAFE o=209 frozen=78 slope=-18.863527409288352 candidate=1784073.4382083316 original=1784061.1487477536 current=1784063.3393560362 won=0 mode=1 camera_scale=1 keep_scale=0
ATTR_RADIUS o=209 raw_norm=113099.18935861524 norm=65.54285816197671 radius=540.89445492335381 next_radius=540.89445492335381 lambda=4.4870668303472746e-08 next_lambda=4.4870668303472746e-08 rho=1.0129321254959898 accept=1
CLASSICAL_LM o=209 lambda=4.4870668303472746e-08 tau=4.4870668303472746e-08 prediction=2.1626407411067881 rho=1.0129321254959898 accept=1
  MFCG it 210 cost=1.784061e+06 lam=4.487e-08 tau=0.00e+00 cg_it=1 shift=0 ckpt=2 alpha=0 acc mv=627
PCG_PREP o=210 rebuild=1 drift=0 previous_depth=2
E2_CAP o=210 retry=0 touched=223 ncam=3068 raw=84353.575759427564 capped=74.186870170603456 radius=540.89445492335381 median=0.14468957053826892 global_scale=1
ATTR_RADIUS o=210 raw_norm=84353.575759427666 norm=74.186870170603399 radius=540.89445492335381 next_radius=540.89445492335381 lambda=4.4870668303472746e-08 next_lambda=4.4870668303472746e-08 rho=1.0000123242790993 accept=1
CLASSICAL_LM o=210 lambda=4.4870668303472746e-08 tau=4.4870668303472746e-08 prediction=133.46469602630711 rho=1.0000123242790993 accept=1
  MFCG it 211 cost=1.783928e+06 lam=4.487e-08 tau=0.00e+00 cg_it=0 shift=0 ckpt=1 alpha=0 acc mv=629
PCG_PREP o=211 rebuild=1 drift=0 previous_depth=1
E2_CAP o=211 retry=0 touched=127 ncam=3068 raw=113136.65784651689 capped=157.54869646097328 radius=540.89445492335381 median=0.34766427128159894 global_scale=1
POINT_SAFE o=211 frozen=124 slope=-19.870718427798963 candidate=1783963.7304815541 original=1783926.2093403153 current=1783927.6824068711 won=0 mode=1 camera_scale=1 keep_scale=0
ATTR_RADIUS o=211 raw_norm=113136.65784651662 norm=39.387174115243354 radius=540.89445492335381 next_radius=540.89445492335381 lambda=4.4870668303472746e-08 next_lambda=4.4870668303472746e-08 rho=1.0007420315865398 accept=1
CLASSICAL_LM o=211 lambda=4.4870668303472746e-08 tau=4.4870668303472746e-08 prediction=1.4719743043733589 rho=1.0007420315865398 accept=1
  MFCG it 212 cost=1.783926e+06 lam=4.487e-08 tau=0.00e+00 cg_it=1 shift=0 ckpt=2 alpha=0 acc mv=632
PCG_PREP o=212 rebuild=1 drift=0 previous_depth=2
E2_CAP o=212 retry=0 touched=128 ncam=3068 raw=113102.40668829593 capped=131.18333502270403 radius=540.89445492335381 median=0.30437917561620764 global_scale=1
POINT_SAFE o=212 frozen=82 slope=-13.930436294204766 candidate=1783941.6782813389 original=1783924.5643949222 current=1783926.2093403153 won=0 mode=1 camera_scale=1 keep_scale=0
ATTR_RADIUS o=212 raw_norm=113102.40668829584 norm=32.795833755675986 radius=540.89445492335381 next_radius=540.89445492335381 lambda=4.4870668303472746e-08 next_lambda=4.4870668303472746e-08 rho=1.0040559902405715 accept=1
CLASSICAL_LM o=212 lambda=4.4870668303472746e-08 tau=4.4870668303472746e-08 prediction=1.638300462397011 rho=1.0040559902405715 accept=1
  MFCG it 213 cost=1.783925e+06 lam=4.487e-08 tau=0.00e+00 cg_it=1 shift=0 ckpt=2 alpha=0 acc mv=635
PCG_PREP o=213 rebuild=1 drift=0 previous_depth=2
E2_CAP o=213 retry=0 touched=217 ncam=3068 raw=84483.009443943782 capped=58.922277475841597 radius=540.89445492335381 median=0.11707245028662161 global_scale=1
ATTR_RADIUS o=213 raw_norm=84483.009443943811 norm=58.922277475841689 radius=540.89445492335381 next_radius=540.89445492335381 lambda=4.4870668303472746e-08 next_lambda=4.4870668303472746e-08 rho=1.0001774839414856 accept=1
CLASSICAL_LM o=213 lambda=4.4870668303472746e-08 tau=4.4870668303472746e-08 prediction=105.66023936974526 rho=1.0001774839414856 accept=1
  MFCG it 214 cost=1.783819e+06 lam=4.487e-08 tau=0.00e+00 cg_it=0 shift=0 ckpt=1 alpha=0 acc mv=637
PCG_PREP o=214 rebuild=1 drift=0 previous_depth=1
E2_CAP o=214 retry=0 touched=131 ncam=3068 raw=130285.85994169704 capped=160.37108998065094 radius=540.89445492335381 median=0.34832069824008549 global_scale=1
POINT_SAFE o=214 frozen=126 slope=-9.3127974469598822 candidate=1783867.071587903 original=1783818.6196140682 current=1783818.8854025567 won=0 mode=1 camera_scale=1 keep_scale=0
ATTR_RADIUS o=214 raw_norm=130285.85994169702 norm=20.046386247581342 radius=540.89445492335381 next_radius=540.89445492335381 lambda=4.4870668303472746e-08 next_lambda=4.4870668303472746e-08 rho=1.0020605603511652 accept=1
CLASSICAL_LM o=214 lambda=4.4870668303472746e-08 tau=4.4870668303472746e-08 prediction=0.2652419415275219 rho=1.0020605603511652 accept=1
  MFCG it 215 cost=1.783819e+06 lam=4.487e-08 tau=0.00e+00 cg_it=1 shift=0 ckpt=2 alpha=0 acc mv=640
PCG_PREP o=215 rebuild=1 drift=0 previous_depth=2
E2_CAP o=215 retry=0 touched=128 ncam=3068 raw=121739.66221888845 capped=145.62462085636452 radius=540.89445492335381 median=0.32591815866211782 global_scale=1
POINT_SAFE o=215 frozen=103 slope=-5.4591837099457692 candidate=1783855.3167421881 original=1783818.59591008 current=1783818.6196140682 won=0 mode=1 camera_scale=1 keep_scale=0
ATTR_RADIUS o=215 raw_norm=121739.66221888852 norm=18.203077607045575 radius=540.89445492335381 next_radius=540.89445492335381 lambda=4.4870668303472746e-08 next_lambda=4.4870668303472746e-08 rho=1.053706985229899 accept=1
CLASSICAL_LM o=215 lambda=4.4870668303472746e-08 tau=4.4870668303472746e-08 prediction=0.022495806242251892 rho=1.053706985229899 accept=1
  MFCG it 216 cost=1.783819e+06 lam=4.487e-08 tau=0.00e+00 cg_it=1 shift=0 ckpt=2 alpha=0 acc mv=643
PCG_PREP o=216 rebuild=1 drift=0 previous_depth=2
E2_CAP o=216 retry=0 touched=125 ncam=3068 raw=107207.38727059371 capped=131.07404976886747 radius=540.89445492335381 median=0.30193540368495775 global_scale=1
POINT_SAFE o=216 frozen=73 slope=-13.90155158170203 candidate=1783834.5083814547 original=1783816.9840430899 current=1783818.59591008 won=0 mode=1 camera_scale=1 keep_scale=0
ATTR_RADIUS o=216 raw_norm=107207.38727059358 norm=32.768512442216846 radius=540.89445492335381 next_radius=540.89445492335381 lambda=4.4870668303472746e-08 next_lambda=4.4870668303472746e-08 rho=1.0039620244288001 accept=1
CLASSICAL_LM o=216 lambda=4.4870668303472746e-08 tau=4.4870668303472746e-08 prediction=1.6055059363638604 rho=1.0039620244288001 accept=1
  MFCG it 217 cost=1.783817e+06 lam=4.487e-08 tau=0.00e+00 cg_it=1 shift=0 ckpt=2 alpha=0 acc mv=646
PCG_PREP o=217 rebuild=1 drift=0 previous_depth=2
E2_CAP o=217 retry=0 touched=214 ncam=3068 raw=84586.427211214148 capped=59.645142001819416 radius=540.89445492335381 median=0.11872533370788405 global_scale=1
ATTR_RADIUS o=217 raw_norm=84586.427211214119 norm=59.645142001819288 radius=540.89445492335381 next_radius=540.89445492335381 lambda=4.4870668303472746e-08 next_lambda=4.4870668303472746e-08 rho=1.0001026057535536 accept=1
CLASSICAL_LM o=217 lambda=4.4870668303472746e-08 tau=4.4870668303472746e-08 prediction=105.81350127702831 rho=1.0001026057535536 accept=1
  MFCG it 218 cost=1.783711e+06 lam=4.487e-08 tau=0.00e+00 cg_it=0 shift=0 ckpt=1 alpha=0 acc mv=648
PCG_PREP o=218 rebuild=1 drift=0 previous_depth=1
E2_CAP o=218 retry=0 touched=131 ncam=3068 raw=109186.50880712384 capped=159.48364510961954 radius=540.89445492335381 median=0.34165888564769659 global_scale=1
POINT_SAFE o=218 frozen=125 slope=-10.050955310160806 candidate=1783759.5730473825 original=1783710.8167037601 current=1783711.1596847388 won=0 mode=1 camera_scale=1 keep_scale=0
ATTR_RADIUS o=218 raw_norm=109186.5088071238 norm=19.935455638702479 radius=540.89445492335381 next_radius=540.89445492335381 lambda=4.4870668303472746e-08 next_lambda=4.4870668303472746e-08 rho=1.0011054777068056 accept=1
CLASSICAL_LM o=218 lambda=4.4870668303472746e-08 tau=4.4870668303472746e-08 prediction=0.34260223963940906 rho=1.0011054777068056 accept=1
  MFCG it 219 cost=1.783711e+06 lam=4.487e-08 tau=0.00e+00 cg_it=1 shift=0 ckpt=2 alpha=0 acc mv=651
PCG_PREP o=219 rebuild=1 drift=0 previous_depth=2
E2_CAP o=219 retry=0 touched=130 ncam=3068 raw=146725.59202282599 capped=152.24949411747158 radius=540.89445492335381 median=0.33602918747184951 global_scale=1
ATTR_RADIUS o=219 raw_norm=146725.59202282611 norm=152.24949411747201 radius=540.89445492335381 next_radius=135.22361373083845 lambda=4.4870668303472746e-08 next_lambda=7.1793069285556394e-07 rho=-1 accept=0
CLASSICAL_LM o=219 lambda=4.4870668303472746e-08 tau=4.4870668303472746e-08 prediction=-49.639836517283541 rho=-1 accept=0
  MFCG it 220  retry 1/8  lam=7.179e-07 tau_eff=4.487e-08  (assembly reused)
PCG_PREP o=219 rebuild=1 drift=0 previous_depth=2
E2_CAP o=219 retry=1 touched=203 ncam=3068 raw=33986.194658105494 capped=41.998695150186833 radius=135.22361373083845 median=0.087527766734073781 global_scale=1
ATTR_RADIUS o=219 raw_norm=33986.194658105473 norm=41.99869515018689 radius=135.22361373083845 next_radius=135.22361373083845 lambda=7.1793069285556394e-07 next_lambda=7.1793069285556404e-08 rho=1.0002385037175681 accept=1
CLASSICAL_LM o=219 lambda=7.1793069285556394e-07 tau=7.1793069285556394e-07 prediction=76.894987739995173 rho=1.0002385037175681 accept=1
  MFCG it 220 cost=1.783634e+06 lam=7.179e-08 tau=0.00e+00 cg_it=0 shift=0 ckpt=1 alpha=0 acc mv=656
PCG_PREP o=220 rebuild=1 drift=0 previous_depth=1
E2_CAP o=220 retry=0 touched=153 ncam=3068 raw=93285.228283995486 capped=162.43980796798641 radius=135.22361373083845 median=0.33964242439224968 global_scale=0.83245366651435759
POINT_SAFE o=220 frozen=105 slope=-0.62529974952337919 candidate=1783674.1898174689 original=1783633.9009803287 current=1783633.9033762796 won=0 mode=1 camera_scale=1 keep_scale=0
ATTR_RADIUS o=220 raw_norm=93285.228283995646 norm=1.0564344822721756 radius=135.22361373083845 next_radius=135.22361373083845 lambda=7.1793069285556404e-08 next_lambda=4.4870668303472746e-08 rho=1.000927710668011 accept=1
CLASSICAL_LM o=220 lambda=7.1793069285556404e-08 tau=7.1793069285556404e-08 prediction=0.0023937302671649088 rho=1.000927710668011 accept=1
  MFCG it 221 cost=1.783634e+06 lam=4.487e-08 tau=0.00e+00 cg_it=1 shift=0 ckpt=2 alpha=0 acc mv=659
PCG_PREP o=221 rebuild=1 drift=0 previous_depth=2
E2_CAP o=221 retry=0 touched=158 ncam=3068 raw=105080.44439479697 capped=162.9362133749793 radius=135.22361373083845 median=0.33786760549437533 global_scale=0.82991749304764173
ATTR_RADIUS o=221 raw_norm=105080.44439479682 norm=135.22361373083882 radius=135.22361373083845 next_radius=33.805903432709613 lambda=4.4870668303472746e-08 next_lambda=7.1793069285556394e-07 rho=-1 accept=0
CLASSICAL_LM o=221 lambda=4.4870668303472746e-08 tau=4.4870668303472746e-08 prediction=-41.413488500410928 rho=-1 accept=0
  MFCG it 222  retry 1/8  lam=7.179e-07 tau_eff=4.487e-08  (assembly reused)
PCG_PREP o=221 rebuild=1 drift=0 previous_depth=2
E2_CAP o=221 retry=1 touched=202 ncam=3068 raw=34164.651570851056 capped=35.789056732744683 radius=33.805903432709613 median=0.075902621675379159 global_scale=0.94458771811606279
ATTR_RADIUS o=221 raw_norm=34164.651570851034 norm=33.805903432709698 radius=33.805903432709613 next_radius=67.611806865419226 lambda=7.1793069285556394e-07 next_lambda=1.7948267321389098e-07 rho=1.0001903017006522 accept=1
CLASSICAL_LM o=221 lambda=7.1793069285556394e-07 tau=7.1793069285556394e-07 prediction=62.358485882239776 rho=1.0001903017006522 accept=1
  MFCG it 222 cost=1.783572e+06 lam=1.795e-07 tau=0.00e+00 cg_it=0 shift=0 ckpt=1 alpha=0 acc mv=664
PCG_PREP o=222 rebuild=1 drift=0 previous_depth=1
E2_CAP o=222 retry=0 touched=171 ncam=3068 raw=61919.82631344234 capped=164.1880925779254 radius=67.611806865419226 median=0.34247022497681767 global_scale=0.41179482509262932
POINT_SAFE o=222 frozen=93 slope=-4.5192118230589999 candidate=1783577.2815781431 original=1783571.0426032571 current=1783571.5306275205 won=0 mode=1 camera_scale=1 keep_scale=0
ATTR_RADIUS o=222 raw_norm=61919.826313442376 norm=16.902951716354778 radius=67.611806865419226 next_radius=67.611806865419226 lambda=1.7948267321389098e-07 next_lambda=4.4870668303472746e-08 rho=1.0013516866811589 accept=1
CLASSICAL_LM o=222 lambda=1.7948267321389098e-07 tau=1.7948267321389098e-07 prediction=0.48736549795745221 rho=1.0013516866811589 accept=1
  MFCG it 223 cost=1.783571e+06 lam=4.487e-08 tau=0.00e+00 cg_it=1 shift=0 ckpt=2 alpha=0 acc mv=667
PCG_PREP o=223 rebuild=1 drift=0 previous_depth=2
E2_CAP o=223 retry=0 touched=175 ncam=3068 raw=122913.02474053347 capped=161.35683686356259 radius=67.611806865419226 median=0.33747272740327622 global_scale=0.41902040334732937
ATTR_RADIUS o=223 raw_norm=122913.02474053342 norm=67.611806865419254 radius=67.611806865419226 next_radius=16.902951716354806 lambda=4.4870668303472746e-08 next_lambda=7.1793069285556394e-07 rho=-1 accept=0
CLASSICAL_LM o=223 lambda=4.4870668303472746e-08 tau=4.4870668303472746e-08 prediction=-11.304677055071387 rho=-1 accept=0
  MFCG it 224  retry 1/8  lam=7.179e-07 tau_eff=4.487e-08  (assembly reused)
PCG_PREP o=223 rebuild=1 drift=0 previous_depth=2
E2_CAP o=223 retry=1 touched=193 ncam=3068 raw=34234.906362523681 capped=36.969845729223501 radius=16.902951716354806 median=0.079579781233501123 global_scale=0.4572091493201324
ATTR_RADIUS o=223 raw_norm=34234.906362523689 norm=16.902951716354856 radius=16.902951716354806 next_radius=33.805903432709613 lambda=7.1793069285556394e-07 next_lambda=1.7948267321389098e-07 rho=1.0001484858490788 accept=1
CLASSICAL_LM o=223 lambda=7.1793069285556394e-07 tau=7.1793069285556394e-07 prediction=31.36327930743332 rho=1.0001484858490788 accept=1
  MFCG it 224 cost=1.783540e+06 lam=1.795e-07 tau=0.00e+00 cg_it=0 shift=0 ckpt=1 alpha=0 acc mv=672
PCG_PREP o=224 rebuild=1 drift=0 previous_depth=1
E2_CAP o=224 retry=0 touched=170 ncam=3068 raw=62069.352610989321 capped=159.15633896647472 radius=33.805903432709613 median=0.3333924738149307 global_scale=0.21240689282147043
POINT_SAFE o=224 frozen=95 slope=-1.7944886888056963 candidate=1783540.3485982458 original=1783539.3945126177 current=1783539.6746669465 won=0 mode=1 camera_scale=1 keep_scale=0
ATTR_RADIUS o=224 raw_norm=62069.352610989328 norm=16.902951716354849 radius=33.805903432709613 next_radius=33.805903432709613 lambda=1.7948267321389098e-07 next_lambda=4.4870668303472746e-08 rho=1.0024671301177241 accept=1
CLASSICAL_LM o=224 lambda=1.7948267321389098e-07 tau=1.7948267321389098e-07 prediction=0.27946485263849752 rho=1.0024671301177241 accept=1
  MFCG it 225 cost=1.783539e+06 lam=4.487e-08 tau=0.00e+00 cg_it=1 shift=0 ckpt=2 alpha=0 acc mv=675
PCG_PREP o=225 rebuild=1 drift=0 previous_depth=2
E2_CAP o=225 retry=0 touched=177 ncam=3068 raw=118531.96475473483 capped=155.75753659729142 radius=33.805903432709613 median=0.32673022753825198 global_scale=0.21704184703507623
ATTR_RADIUS o=225 raw_norm=118531.96475473481 norm=33.805903432709584 radius=33.805903432709613 next_radius=8.4514758581774032 lambda=4.4870668303472746e-08 next_lambda=7.1793069285556394e-07 rho=-1 accept=0
CLASSICAL_LM o=225 lambda=4.4870668303472746e-08 tau=4.4870668303472746e-08 prediction=-3.4707960426850599 rho=-1 accept=0
  MFCG it 226  retry 1/8  lam=7.179e-07 tau_eff=4.487e-08  (assembly reused)
PCG_PREP o=225 rebuild=1 drift=0 previous_depth=2
E2_CAP o=225 retry=1 touched=188 ncam=3068 raw=34243.141599748633 capped=39.752193024350724 radius=8.4514758581774032 median=0.085232375876113736 global_scale=0.21260401540615234
ATTR_RADIUS o=225 raw_norm=34243.141599748611 norm=8.4514758581774139 radius=8.4514758581774032 next_radius=16.902951716354806 lambda=7.1793069285556394e-07 next_lambda=1.7948267321389098e-07 rho=1.0000619311034762 accept=1
CLASSICAL_LM o=225 lambda=7.1793069285556394e-07 tau=7.1793069285556394e-07 prediction=15.604540474962151 rho=1.0000619311034762 accept=1
  MFCG it 226 cost=1.783524e+06 lam=1.795e-07 tau=0.00e+00 cg_it=0 shift=0 ckpt=1 alpha=0 acc mv=680
PCG_PREP o=226 rebuild=1 drift=0 previous_depth=1
E2_CAP o=226 retry=0 touched=167 ncam=3068 raw=61901.28104672116 capped=152.39826647343858 radius=16.902951716354806 median=0.32226607939596275 global_scale=0.11091301828751979
POINT_SAFE o=226 frozen=97 slope=-0.43867905864358603 candidate=1783523.9374029057 original=1783523.716432086 current=1783523.7890057364 won=0 mode=1 camera_scale=1 keep_scale=0
ATTR_RADIUS o=226 raw_norm=61901.281046721073 norm=8.4514758581773766 radius=16.902951716354806 next_radius=16.902951716354806 lambda=1.7948267321389098e-07 next_lambda=4.4870668303472746e-08 rho=1.0025578276436953 accept=1
CLASSICAL_LM o=226 lambda=1.7948267321389098e-07 tau=1.7948267321389098e-07 prediction=0.072388493106743806 rho=1.0025578276436953 accept=1
  MFCG it 227 cost=1.783524e+06 lam=4.487e-08 tau=0.00e+00 cg_it=1 shift=0 ckpt=2 alpha=0 acc mv=683
PCG_PREP o=227 rebuild=1 drift=0 previous_depth=2
E2_CAP o=227 retry=0 touched=176 ncam=3068 raw=131051.21086910648 capped=153.34263917437494 radius=16.902951716354806 median=0.32216461865571655 global_scale=0.11022995174312518
ATTR_RADIUS o=227 raw_norm=131051.21086910652 norm=16.902951716354806 radius=16.902951716354806 next_radius=4.2257379290887016 lambda=4.4870668303472746e-08 next_lambda=7.1793069285556394e-07 rho=-1 accept=0
CLASSICAL_LM o=227 lambda=4.4870668303472746e-08 tau=4.4870668303472746e-08 prediction=-1.1378581139990795 rho=-1 accept=0
  MFCG it 228  retry 1/8  lam=7.179e-07 tau_eff=4.487e-08  (assembly reused)
PCG_PREP o=227 rebuild=1 drift=0 previous_depth=2
E2_CAP o=227 retry=1 touched=186 ncam=3068 raw=34250.131119731021 capped=40.580101582104476 radius=4.2257379290887016 median=0.087099017505022996 global_scale=0.10413325162675839
ATTR_RADIUS o=227 raw_norm=34250.131119730991 norm=4.2257379290886945 radius=4.2257379290887016 next_radius=8.4514758581774032 lambda=7.1793069285556394e-07 next_lambda=1.7948267321389098e-07 rho=1.0000318256235101 accept=1
CLASSICAL_LM o=227 lambda=7.1793069285556394e-07 tau=7.1793069285556394e-07 prediction=7.8204108010867088 rho=1.0000318256235101 accept=1
  MFCG it 228 cost=1.783516e+06 lam=1.795e-07 tau=0.00e+00 cg_it=0 shift=0 ckpt=1 alpha=0 acc mv=688
PCG_PREP o=228 rebuild=1 drift=0 previous_depth=1
E2_CAP o=228 retry=0 touched=166 ncam=3068 raw=62232.655426898476 capped=150.41091387388929 radius=8.4514758581774032 median=0.31989269221897165 global_scale=0.056189246115900003
POINT_SAFE o=228 frozen=101 slope=-0.10383935431656698 candidate=1783515.9339720651 original=1783515.879361667 current=1783515.8957723954 won=0 mode=1 camera_scale=1 keep_scale=0
ATTR_RADIUS o=228 raw_norm=62232.655426898506 norm=4.2257379290887087 radius=8.4514758581774032 next_radius=8.4514758581774032 lambda=1.7948267321389098e-07 next_lambda=4.4870668303472746e-08 rho=1.0029997572042124 accept=1
CLASSICAL_LM o=228 lambda=1.7948267321389098e-07 tau=1.7948267321389098e-07 prediction=0.016361647480960757 rho=1.0029997572042124 accept=1
  MFCG it 229 cost=1.783516e+06 lam=4.487e-08 tau=0.00e+00 cg_it=1 shift=0 ckpt=2 alpha=0 acc mv=691
PCG_PREP o=229 rebuild=1 drift=0 previous_depth=2
E2_CAP o=229 retry=0 touched=179 ncam=3068 raw=106634.80181620564 capped=152.71439933409471 radius=8.4514758581774032 median=0.32071314389516048 global_scale=0.05534170906626841
ATTR_RADIUS o=229 raw_norm=106634.80181620561 norm=8.4514758581773943 radius=8.4514758581774032 next_radius=2.1128689645443508 lambda=4.4870668303472746e-08 next_lambda=7.1793069285556394e-07 rho=-1 accept=0
CLASSICAL_LM o=229 lambda=4.4870668303472746e-08 tau=4.4870668303472746e-08 prediction=-0.4296681238976291 rho=-1 accept=0
  MFCG it 230  retry 1/8  lam=7.179e-07 tau_eff=4.487e-08  (assembly reused)
PCG_PREP o=229 rebuild=1 drift=0 previous_depth=2
E2_CAP o=229 retry=1 touched=184 ncam=3068 raw=34254.408359356203 capped=40.766926251197354 radius=2.1128689645443508 median=0.087383614968399581 global_scale=0.051828017435636184
ATTR_RADIUS o=229 raw_norm=34254.408359356217 norm=2.112868964544349 radius=2.1128689645443508 next_radius=4.2257379290887016 lambda=7.1793069285556394e-07 next_lambda=1.7948267321389098e-07 rho=1.0000159449073709 accept=1
CLASSICAL_LM o=229 lambda=7.1793069285556394e-07 tau=7.1793069285556394e-07 prediction=3.9137316733781669 rho=1.0000159449073709 accept=1
  MFCG it 230 cost=1.783512e+06 lam=1.795e-07 tau=0.00e+00 cg_it=0 shift=0 ckpt=1 alpha=0 acc mv=696
PCG_PREP o=230 rebuild=1 drift=0 previous_depth=1
E2_CAP o=230 retry=0 touched=165 ncam=3068 raw=62003.73860846692 capped=148.6864169521113 radius=4.2257379290887016 median=0.31694937980818827 global_scale=0.02842047051580859
POINT_SAFE o=230 frozen=101 slope=-0.030914755065536544 candidate=1783511.9698110914 original=1783511.9588995739 current=1783511.9655675895 won=0 mode=1 camera_scale=1 keep_scale=0
ATTR_RADIUS o=230 raw_norm=62003.738608467 norm=2.1128689645443455 radius=4.2257379290887016 next_radius=4.2257379290887016 lambda=1.7948267321389098e-07 next_lambda=4.4870668303472746e-08 rho=1.0018390729948434 accept=1
CLASSICAL_LM o=230 lambda=1.7948267321389098e-07 tau=1.7948267321389098e-07 prediction=0.0066557751596587212 rho=1.0018390729948434 accept=1
  MFCG it 231 cost=1.783512e+06 lam=4.487e-08 tau=0.00e+00 cg_it=1 shift=0 ckpt=2 alpha=0 acc mv=699
PCG_PREP o=231 rebuild=1 drift=0 previous_depth=2
E2_CAP o=231 retry=0 touched=180 ncam=3068 raw=133293.0427084736 capped=155.315940861321 radius=4.2257379290887016 median=0.3245101215151967 global_scale=0.027207367805612382
ATTR_RADIUS o=231 raw_norm=133293.04270847357 norm=4.2257379290887043 radius=4.2257379290887016 next_radius=1.0564344822721754 lambda=4.4870668303472746e-08 next_lambda=7.1793069285556394e-07 rho=-1 accept=0
CLASSICAL_LM o=231 lambda=4.4870668303472746e-08 tau=4.4870668303472746e-08 prediction=-0.20329952710789334 rho=-1 accept=0
  MFCG it 232  retry 1/8  lam=7.179e-07 tau_eff=4.487e-08  (assembly reused)
PCG_PREP o=231 rebuild=1 drift=0 previous_depth=2
E2_CAP o=231 retry=1 touched=184 ncam=3068 raw=34257.684732510279 capped=40.873397354340106 radius=1.0564344822721754 median=0.087567623610813008 global_scale=0.025846505322611721
ATTR_RADIUS o=231 raw_norm=34257.684732510279 norm=1.0564344822721752 radius=1.0564344822721754 next_radius=2.1128689645443508 lambda=7.1793069285556394e-07 next_lambda=1.7948267321389098e-07 rho=1.0000079394564156 accept=1
CLASSICAL_LM o=231 lambda=7.1793069285556394e-07 tau=7.1793069285556394e-07 prediction=1.957752897684101 rho=1.0000079394564156 accept=1
  MFCG: converged (OCA_FTOL: 8 outers < 1.0e-05 rel)
  [menu-backtrack] confirming stop with original retry policy at outer 232
  MFCG it 232 cost=1.783510e+06 lam=1.795e-07 tau=0.00e+00 cg_it=0 shift=0 ckpt=1 alpha=0 acc mv=704
PCG_PREP o=232 rebuild=1 drift=0 previous_depth=1
E2_CAP o=232 retry=0 touched=165 ncam=3068 raw=61978.714294078272 capped=147.94001050472852 radius=2.1128689645443508 median=0.31571444352834332 global_scale=0.014281930610494436
ATTR_RADIUS o=232 raw_norm=61978.71429407828 norm=2.1128689645443415 radius=2.1128689645443508 next_radius=4.2257379290887016 lambda=1.7948267321389098e-07 next_lambda=4.4870668303472746e-08 rho=1.0073254627821198 accept=1
CLASSICAL_LM o=232 lambda=1.7948267321389098e-07 tau=1.7948267321389098e-07 prediction=0.0015962525983716641 rho=1.0073254627821198 accept=1
  MFCG it 233 cost=1.783510e+06 lam=4.487e-08 tau=0.00e+00 cg_it=1 shift=0 ckpt=2 alpha=0 acc mv=707
PCG_PREP o=233 rebuild=1 drift=0 previous_depth=2
E2_CAP o=233 retry=0 touched=179 ncam=3068 raw=111797.94121437598 capped=151.95554773642581 radius=4.2257379290887016 median=0.31886649221742358 global_scale=0.027809040157049394
ATTR_RADIUS o=233 raw_norm=111797.94121437613 norm=4.2257379290886847 radius=4.2257379290887016 next_radius=1.0564344822721754 lambda=4.4870668303472746e-08 next_lambda=7.1793069285556394e-07 rho=-1 accept=0
CLASSICAL_LM o=233 lambda=4.4870668303472746e-08 tau=4.4870668303472746e-08 prediction=-0.19436551199247151 rho=-1 accept=0
  MFCG it 234  retry 1/8  lam=7.179e-07 tau_eff=4.487e-08  (assembly reused)
PCG_PREP o=233 rebuild=1 drift=0 previous_depth=2
E2_CAP o=233 retry=1 touched=184 ncam=3068 raw=34255.701608671669 capped=41.324238769988632 radius=1.0564344822721754 median=0.088372855320063087 global_scale=0.025564523720625721
ATTR_RADIUS o=233 raw_norm=34255.701608671705 norm=1.0564344822721756 radius=1.0564344822721754 next_radius=2.1128689645443508 lambda=7.1793069285556394e-07 next_lambda=1.7948267321389098e-07 rho=1.0000011320559534 accept=1
CLASSICAL_LM o=233 lambda=7.1793069285556394e-07 tau=7.1793069285556394e-07 prediction=1.9563238248399526 rho=1.0000011320559534 accept=1
  MFCG it 234 cost=1.783508e+06 lam=1.795e-07 tau=0.00e+00 cg_it=0 shift=0 ckpt=1 alpha=0 acc mv=712
PCG_PREP o=234 rebuild=1 drift=0 previous_depth=1
E2_CAP o=234 retry=0 touched=165 ncam=3068 raw=61964.146303694331 capped=147.15208105677414 radius=2.1128689645443508 median=0.31401952291629043 global_scale=0.014358403560253863
ATTR_RADIUS o=234 raw_norm=61964.146303694375 norm=2.1128689645443446 radius=2.1128689645443508 next_radius=0.5282172411360877 lambda=1.7948267321389098e-07 next_lambda=2.8717227714222558e-06 rho=-1 accept=0
CLASSICAL_LM o=234 lambda=1.7948267321389098e-07 tau=1.7948267321389098e-07 prediction=-0.0016335277077262249 rho=-1 accept=0
  MFCG it 235  retry 1/8  lam=2.872e-06 tau_eff=1.795e-07  (assembly reused)
PCG_PREP o=234 rebuild=1 drift=0 previous_depth=2
E2_CAP o=234 retry=1 touched=180 ncam=3068 raw=17182.518876453945 capped=40.24933039247594 radius=0.5282172411360877 median=0.086877092419739538 global_scale=0.013123628045122227
ATTR_RADIUS o=234 raw_norm=17182.518876453942 norm=0.5282172411360867 radius=0.5282172411360877 next_radius=1.0564344822721754 lambda=2.8717227714222558e-06 next_lambda=7.1793069285556394e-07 rho=0.99993121876754942 accept=1
CLASSICAL_LM o=234 lambda=2.8717227714222558e-06 tau=2.8717227714222558e-06 prediction=1.0293103050890682 rho=0.99993121876754942 accept=1
  MFCG it 235 cost=1.783507e+06 lam=7.179e-07 tau=0.00e+00 cg_it=0 shift=0 ckpt=1 alpha=0 acc mv=717
PCG_PREP o=235 rebuild=1 drift=0 previous_depth=1
E2_CAP o=235 retry=0 touched=184 ncam=3068 raw=34263.809823671916 capped=40.694888836029172 radius=1.0564344822721754 median=0.087136457411941551 global_scale=0.025959881264913602
ATTR_RADIUS o=235 raw_norm=34263.809823671916 norm=1.0564344822721745 radius=1.0564344822721754 next_radius=2.1128689645443508 lambda=7.1793069285556394e-07 next_lambda=1.7948267321389098e-07 rho=1.0000017196744018 accept=1
CLASSICAL_LM o=235 lambda=7.1793069285556394e-07 tau=7.1793069285556394e-07 prediction=1.9570992328161581 rho=1.0000017196744018 accept=1
  MFCG it 236 cost=1.783505e+06 lam=1.795e-07 tau=0.00e+00 cg_it=0 shift=0 ckpt=1 alpha=0 acc mv=719
PCG_PREP o=236 rebuild=1 drift=0 previous_depth=1
E2_CAP o=236 retry=0 touched=165 ncam=3068 raw=62536.333318893296 capped=148.54005195611452 radius=2.1128689645443508 median=0.3174069297359105 global_scale=0.014224237414220027
ATTR_RADIUS o=236 raw_norm=62536.333318893245 norm=2.1128689645443486 radius=2.1128689645443508 next_radius=4.2257379290887016 lambda=1.7948267321389098e-07 next_lambda=4.4870668303472746e-08 rho=1.0114164140548747 accept=1
CLASSICAL_LM o=236 lambda=1.7948267321389098e-07 tau=1.7948267321389098e-07 prediction=0.0010059144973542117 rho=1.0114164140548747 accept=1
  MFCG it 237 cost=1.783505e+06 lam=4.487e-08 tau=0.00e+00 cg_it=1 shift=0 ckpt=2 alpha=0 acc mv=722
PCG_PREP o=237 rebuild=1 drift=0 previous_depth=2
E2_CAP o=237 retry=0 touched=177 ncam=3068 raw=100544.61015594999 capped=150.63720532758154 radius=4.2257379290887016 median=0.31637186906118542 global_scale=0.028052418523692384
ATTR_RADIUS o=237 raw_norm=100544.61015594986 norm=4.2257379290887007 radius=4.2257379290887016 next_radius=1.0564344822721754 lambda=4.4870668303472746e-08 next_lambda=7.1793069285556394e-07 rho=-1 accept=0
CLASSICAL_LM o=237 lambda=4.4870668303472746e-08 tau=4.4870668303472746e-08 prediction=-0.18046992683610619 rho=-1 accept=0
  MFCG it 238  retry 1/8  lam=7.179e-07 tau_eff=4.487e-08  (assembly reused)
PCG_PREP o=237 rebuild=1 drift=0 previous_depth=2
E2_CAP o=237 retry=1 touched=184 ncam=3068 raw=34260.46942572017 capped=41.166447293837066 radius=1.0564344822721754 median=0.087998028427449165 global_scale=0.02566251284041049
ATTR_RADIUS o=237 raw_norm=34260.469425720177 norm=1.0564344822721716 radius=1.0564344822721754 next_radius=2.1128689645443508 lambda=7.1793069285556394e-07 next_lambda=1.7948267321389098e-07 rho=1.0000010940572213 accept=1
CLASSICAL_LM o=237 lambda=7.1793069285556394e-07 tau=7.1793069285556394e-07 prediction=1.9555229847586841 rho=1.0000010940572213 accept=1
  MFCG it 238 cost=1.783503e+06 lam=1.795e-07 tau=0.00e+00 cg_it=0 shift=0 ckpt=1 alpha=0 acc mv=727
PCG_PREP o=238 rebuild=1 drift=0 previous_depth=1
E2_CAP o=238 retry=0 touched=166 ncam=3068 raw=62110.541840238839 capped=147.27792470977249 radius=2.1128689645443508 median=0.3138295356905228 global_scale=0.014346134824400831
ATTR_RADIUS o=238 raw_norm=62110.541840238839 norm=2.1128689645443477 radius=2.1128689645443508 next_radius=4.2257379290887016 lambda=1.7948267321389098e-07 next_lambda=4.4870668303472746e-08 rho=1.0208269596451254 accept=1
CLASSICAL_LM o=238 lambda=1.7948267321389098e-07 tau=1.7948267321389098e-07 prediction=0.00054354575202933929 rho=1.0208269596451254 accept=1
  MFCG it 239 cost=1.783503e+06 lam=4.487e-08 tau=0.00e+00 cg_it=1 shift=0 ckpt=2 alpha=0 acc mv=730
PCG_PREP o=239 rebuild=1 drift=0 previous_depth=2
E2_CAP o=239 retry=0 touched=178 ncam=3068 raw=105064.84878847316 capped=150.13101951518456 radius=4.2257379290887016 median=0.31548959926953024 global_scale=0.02814700081791759
ATTR_RADIUS o=239 raw_norm=105064.8487884732 norm=4.2257379290887043 radius=4.2257379290887016 next_radius=1.0564344822721754 lambda=4.4870668303472746e-08 next_lambda=7.1793069285556394e-07 rho=-1 accept=0
CLASSICAL_LM o=239 lambda=4.4870668303472746e-08 tau=4.4870668303472746e-08 prediction=-0.19084717834253478 rho=-1 accept=0
  MFCG it 240  retry 1/8  lam=7.179e-07 tau_eff=4.487e-08  (assembly reused)
PCG_PREP o=239 rebuild=1 drift=0 previous_depth=2
E2_CAP o=239 retry=1 touched=184 ncam=3068 raw=34257.082107828654 capped=41.658585428374792 radius=1.0564344822721754 median=0.088924043291057478 global_scale=0.025359346012565499
ATTR_RADIUS o=239 raw_norm=34257.082107828668 norm=1.0564344822721754 radius=1.0564344822721754 next_radius=2.1128689645443508 lambda=7.1793069285556394e-07 next_lambda=1.7948267321389098e-07 rho=1.0000009558898881 accept=1
CLASSICAL_LM o=239 lambda=7.1793069285556394e-07 tau=7.1793069285556394e-07 prediction=1.9542348333303814 rho=1.0000009558898881 accept=1
  MFCG: converged (OCA_FTOL: 8 outers < 1.0e-05 rel)
  MFCG: accepts=240 rejects=16 total_matvecs=735 negcurv=1 cand_evals=256 mean_cg_per_outer=3.1
NUMERIC_REPAIR summary rebuilds=1 floor=4.4870668303472746e-08
  [retry-cache] builds=257 reuses=0
  [menu-backtrack] trials=127 rescues=116 evals=415 total_scored=671
POINT_SAFE summary calls=120 evals=120 wins=70 frozen=27678 seconds=1.428013
  [scoring] menu_evals=256 alpha_evals=0 backtrack_evals=415 total_scored=671
RESULT algo=mfree_shifted_cg iters=240 final_cost=1783501.1455209509 solve_seconds=11.565717
DIAGNOSTICS median_reproj_err_px 2.704502 -> 0.550045 | cheirality_violations(obs) 751 -> 891 | cheirality_violations(pts, of 310854) 725 -> 794
