  [menu-backtrack] active=1 max_evals=8 warmup_accepts=3 confirm_stop=original armijo=1e-4
MIXED_STORAGE fragments=fp32 arithmetic=fp64 state=fp64 acceptance=fp64
  [compact-fragments] active=2 saved_bytes=36105992 storage=fp32 camera_reads=contiguous
  MFCG score_init=11152062.772762472 precision=fp64
PCG_PREP o=0 rebuild=1 drift=0 previous_depth=0
ATTR_RADIUS o=0 raw_norm=3225.352589629671 norm=3225.352589629671 radius=3225.352589629671 next_radius=6450.705179259342 lambda=0.10000000000000001 next_lambda=0.025000000000000001 rho=0.99997438839510699 accept=1
CLASSICAL_LM o=0 lambda=0.10000000000000001 tau=0.10000000000000001 prediction=8877594.9877400436 rho=0.99997438839510699 accept=1
  MFCG it   1 cost=2.274695e+06 lam=2.500e-02 tau=0.00e+00 cg_it=0 shift=0 ckpt=1 alpha=0 acc mv=2
PCG_PREP o=1 rebuild=1 drift=0 previous_depth=1
ATTR_RADIUS o=1 raw_norm=2725.144049807845 norm=2725.144049807845 radius=6450.705179259342 next_radius=6450.705179259342 lambda=0.025000000000000001 next_lambda=0.0025000000000000005 rho=0.99701845569054992 accept=1
CLASSICAL_LM o=1 lambda=0.025000000000000001 tau=0.025000000000000001 prediction=770789.738160579 rho=0.99701845569054992 accept=1
  MFCG it   2 cost=1.506204e+06 lam=2.500e-03 tau=0.00e+00 cg_it=4 shift=0 ckpt=5 alpha=0 acc mv=8
PCG_PREP o=2 rebuild=1 drift=0 previous_depth=5
ATTR_RADIUS o=2 raw_norm=9578.8535291648404 norm=6450.7051792593411 radius=6450.705179259342 next_radius=12901.410358518684 lambda=0.0025000000000000005 next_lambda=0.00062500000000000012 rho=0.99788045990932805 accept=1
CLASSICAL_LM o=2 lambda=0.0025000000000000005 tau=0.0025000000000000005 prediction=379875.54087330663 rho=0.99788045990932805 accept=1
  MFCG it   3 cost=1.127133e+06 lam=6.250e-04 tau=0.00e+00 cg_it=6 shift=0 ckpt=7 alpha=0 acc mv=16
PCG_PREP o=3 rebuild=1 drift=0 previous_depth=7
ATTR_RADIUS o=3 raw_norm=20859.307736757266 norm=12901.410358518684 radius=12901.410358518684 next_radius=25802.820717037368 lambda=0.00062500000000000012 next_lambda=0.00015625000000000003 rho=1.00939692163062 accept=1
CLASSICAL_LM o=3 lambda=0.00062500000000000012 tau=0.00062500000000000012 prediction=304236.92171973892 rho=1.00939692163062 accept=1
  MFCG it   4 cost=8.200374e+05 lam=1.563e-04 tau=0.00e+00 cg_it=5 shift=0 ckpt=6 alpha=0 acc mv=23
PCG_PREP o=4 rebuild=1 drift=0 previous_depth=6
ATTR_RADIUS o=4 raw_norm=36747.144697765427 norm=25802.820717037368 radius=25802.820717037368 next_radius=51605.641434074736 lambda=0.00015625000000000003 next_lambda=3.9062500000000008e-05 rho=0.98437153824894208 accept=1
CLASSICAL_LM o=4 lambda=0.00015625000000000003 tau=0.00015625000000000003 prediction=327617.41562938091 rho=0.98437153824894208 accept=1
  MFCG it   5 cost=4.975401e+05 lam=3.906e-05 tau=0.00e+00 cg_it=8 shift=0 ckpt=9 alpha=0 acc mv=33
PCG_PREP o=5 rebuild=1 drift=0 previous_depth=9
POINT_SAFE o=5 frozen=1464 slope=-317535.16442328208 candidate=381890.57165011403 original=373473.48944252788 current=497540.10902919417 won=0 mode=1 camera_scale=1 keep_scale=0
ATTR_RADIUS o=5 raw_norm=37463.339907378031 norm=18731.669953689016 radius=51605.641434074736 next_radius=51605.641434074736 lambda=3.9062500000000008e-05 next_lambda=3.9062500000000009e-06 rho=0.96839028987722586 accept=1
CLASSICAL_LM o=5 lambda=3.9062500000000008e-05 tau=3.9062500000000008e-05 prediction=128116.3399546227 rho=0.96839028987722586 accept=1
  MFCG it   6 cost=3.734735e+05 lam=3.906e-06 tau=0.00e+00 cg_it=6 shift=0 ckpt=7 alpha=0 acc mv=41
PCG_PREP o=6 rebuild=1 drift=0 previous_depth=7
POINT_SAFE o=6 frozen=670 slope=-179589.07909698025 candidate=403764.26410565514 original=368581.36671885988 current=373473.48944252788 won=0 mode=1 camera_scale=1 keep_scale=0
ATTR_RADIUS o=6 raw_norm=50229.773630595068 norm=50229.773630595068 radius=51605.641434074736 next_radius=12901.410358518684 lambda=3.9062500000000009e-06 next_lambda=6.2500000000000015e-05 rho=0.067438160791953125 accept=0
CLASSICAL_LM o=6 lambda=3.9062500000000009e-06 tau=3.9062500000000009e-06 prediction=72542.350891807509 rho=0.067438160791953125 accept=0
  MFCG it   7  retry 1/8  lam=6.250e-05 tau_eff=3.906e-06  (assembly reused)
PCG_PREP o=6 rebuild=1 drift=0 previous_depth=6
ATTR_RADIUS o=6 raw_norm=19848.981256276285 norm=12901.410358518686 radius=12901.410358518684 next_radius=25802.820717037368 lambda=6.2500000000000015e-05 next_lambda=1.5625000000000004e-05 rho=0.88264653983190988 accept=1
CLASSICAL_LM o=6 lambda=6.2500000000000015e-05 tau=6.2500000000000015e-05 prediction=68725.645269567161 rho=0.88264653983190988 accept=1
  MFCG it   7 cost=3.128130e+05 lam=1.563e-05 tau=0.00e+00 cg_it=5 shift=0 ckpt=6 alpha=0 acc mv=55
PCG_PREP o=7 rebuild=1 drift=0 previous_depth=6
POINT_SAFE o=7 frozen=179 slope=-71080.719113534986 candidate=285659.11520094104 original=290316.65936670935 current=312813.03644762916 won=1 mode=1 camera_scale=1 keep_scale=0
ATTR_RADIUS o=7 raw_norm=22599.901278113026 norm=22599.901278113026 radius=25802.820717037368 next_radius=25802.820717037368 lambda=1.5625000000000004e-05 next_lambda=1.5625000000000004e-05 rho=0.69104533532926515 accept=1
CLASSICAL_LM o=7 lambda=1.5625000000000004e-05 tau=1.5625000000000004e-05 prediction=39293.979509680037 rho=0.69104533532926515 accept=1
  MFCG it   8 cost=2.856591e+05 lam=1.563e-05 tau=0.00e+00 cg_it=5 shift=0 ckpt=6 alpha=0 acc mv=62
PCG_PREP o=8 rebuild=1 drift=0 previous_depth=6
POINT_SAFE o=8 frozen=172 slope=-35253.075320421209 candidate=271070.73035586014 original=280479.49463174056 current=285659.11520094104 won=1 mode=1 camera_scale=1 keep_scale=0
ATTR_RADIUS o=8 raw_norm=7069.9005300769368 norm=7069.9005300769368 radius=25802.820717037368 next_radius=25802.820717037368 lambda=1.5625000000000004e-05 next_lambda=1.5625000000000005e-06 rho=0.81451507229976838 accept=1
CLASSICAL_LM o=8 lambda=1.5625000000000004e-05 tau=1.5625000000000004e-05 prediction=17910.515521696689 rho=0.81451507229976838 accept=1
  MFCG it   9 cost=2.710707e+05 lam=1.563e-06 tau=0.00e+00 cg_it=0 shift=0 ckpt=1 alpha=0 acc mv=64
PCG_PREP o=9 rebuild=1 drift=0 previous_depth=1
POINT_SAFE o=9 frozen=444 slope=-15079.112158187118 candidate=301858.80953473982 original=265559.84218476719 current=271070.73035586014 won=0 mode=1 camera_scale=1 keep_scale=0
ATTR_RADIUS o=9 raw_norm=35180.497267872204 norm=3225.3525896296701 radius=25802.820717037368 next_radius=25802.820717037368 lambda=1.5625000000000005e-06 next_lambda=1.5625000000000007e-07 rho=1.5016462845395553 accept=1
CLASSICAL_LM o=9 lambda=1.5625000000000005e-06 tau=1.5625000000000005e-06 prediction=3669.8976502197661 rho=1.5016462845395553 accept=1
  MFCG it  10 cost=2.655598e+05 lam=1.563e-07 tau=0.00e+00 cg_it=1 shift=0 ckpt=2 alpha=0 acc mv=67
PCG_PREP o=10 rebuild=1 drift=0 previous_depth=2
POINT_SAFE o=10 frozen=296 slope=-17400.123561993911 candidate=291982.3594106501 original=262360.04361082503 current=265559.84218476719 won=0 mode=1 camera_scale=1 keep_scale=0
ATTR_RADIUS o=10 raw_norm=43906.347311487072 norm=6450.705179259342 radius=25802.820717037368 next_radius=25802.820717037368 lambda=1.5625000000000007e-07 next_lambda=1.5625000000000006e-08 rho=0.6224296819354147 accept=1
CLASSICAL_LM o=10 lambda=1.5625000000000007e-07 tau=1.5625000000000007e-07 prediction=5140.819383793747 rho=0.6224296819354147 accept=1
  MFCG it  11 cost=2.623600e+05 lam=1.563e-08 tau=0.00e+00 cg_it=1 shift=0 ckpt=2 alpha=0 acc mv=70
PCG_PREP o=11 rebuild=1 drift=0 previous_depth=2
POINT_SAFE o=11 frozen=497 slope=-19031.786788222216 candidate=262959.37131189817 original=258725.36938208758 current=262360.04361082503 won=0 mode=1 camera_scale=1 keep_scale=0
ATTR_RADIUS o=11 raw_norm=15181.979052544497 norm=7590.9895262722484 radius=25802.820717037368 next_radius=25802.820717037368 lambda=1.5625000000000006e-08 next_lambda=1.5625000000000008e-09 rho=0.50186860708828374 accept=1
CLASSICAL_LM o=11 lambda=1.5625000000000006e-08 tau=1.5625000000000006e-08 prediction=7242.2824966576854 rho=0.50186860708828374 accept=1
  MFCG it  12 cost=2.587254e+05 lam=1.563e-09 tau=0.00e+00 cg_it=0 shift=0 ckpt=1 alpha=0 acc mv=72
PCG_PREP o=12 rebuild=1 drift=0 previous_depth=1
POINT_SAFE o=12 frozen=126 slope=-14015.839138067749 candidate=262001.54092271056 original=257432.7711088495 current=258725.36938208758 won=0 mode=1 camera_scale=1 keep_scale=0
ATTR_RADIUS o=12 raw_norm=15537.864550877901 norm=7768.9322754389505 radius=25802.820717037368 next_radius=6450.705179259342 lambda=1.5625000000000008e-09 next_lambda=2.5000000000000012e-08 rho=0.23587692237547536 accept=1
CLASSICAL_LM o=12 lambda=1.5625000000000008e-09 tau=1.5625000000000008e-09 prediction=5479.9692153880424 rho=0.23587692237547536 accept=1
  MFCG it  13 cost=2.574328e+05 lam=2.500e-08 tau=0.00e+00 cg_it=0 shift=0 ckpt=1 alpha=0 acc mv=74
PCG_PREP o=13 rebuild=1 drift=0 previous_depth=1
ATTR_RADIUS o=13 raw_norm=15524.066074875491 norm=6450.7051792593411 radius=6450.705179259342 next_radius=6450.705179259342 lambda=2.5000000000000012e-08 next_lambda=2.5000000000000012e-08 rho=0.47337118177536486 accept=1
CLASSICAL_LM o=13 lambda=2.5000000000000012e-08 tau=2.5000000000000012e-08 prediction=4870.8605398223235 rho=0.47337118177536486 accept=1
  MFCG it  14 cost=2.551270e+05 lam=2.500e-08 tau=0.00e+00 cg_it=0 shift=0 ckpt=1 alpha=0 acc mv=76
PCG_PREP o=14 rebuild=1 drift=0 previous_depth=1
ATTR_RADIUS o=14 raw_norm=16033.319087379212 norm=6450.7051792593438 radius=6450.705179259342 next_radius=6450.705179259342 lambda=2.5000000000000012e-08 next_lambda=2.5000000000000012e-08 rho=0.38266796341670795 accept=1
CLASSICAL_LM o=14 lambda=2.5000000000000012e-08 tau=2.5000000000000012e-08 prediction=3167.2580288856061 rho=0.38266796341670795 accept=1
  MFCG it  15 cost=2.539150e+05 lam=2.500e-08 tau=0.00e+00 cg_it=0 shift=0 ckpt=1 alpha=0 acc mv=78
PCG_PREP o=15 rebuild=1 drift=0 previous_depth=1
ATTR_RADIUS o=15 raw_norm=16481.00080815531 norm=6450.7051792593447 radius=6450.705179259342 next_radius=6450.705179259342 lambda=2.5000000000000012e-08 next_lambda=2.5000000000000012e-08 rho=0.28673888204550074 accept=1
CLASSICAL_LM o=15 lambda=2.5000000000000012e-08 tau=2.5000000000000012e-08 prediction=2478.3111421105641 rho=0.28673888204550074 accept=1
  MFCG it  16 cost=2.532044e+05 lam=2.500e-08 tau=0.00e+00 cg_it=0 shift=0 ckpt=1 alpha=0 acc mv=80
PCG_PREP o=16 rebuild=1 drift=0 previous_depth=1
ATTR_RADIUS o=16 raw_norm=16889.034673637922 norm=6450.7051792593447 radius=6450.705179259342 next_radius=1612.6762948148355 lambda=2.5000000000000012e-08 next_lambda=4.0000000000000019e-07 rho=0.18906822645204774 accept=1
CLASSICAL_LM o=16 lambda=2.5000000000000012e-08 tau=2.5000000000000012e-08 prediction=2160.1987091206779 rho=0.18906822645204774 accept=1
  MFCG it  17 cost=2.527960e+05 lam=4.000e-07 tau=0.00e+00 cg_it=0 shift=0 ckpt=1 alpha=0 acc mv=82
PCG_PREP o=17 rebuild=1 drift=0 previous_depth=1
ATTR_RADIUS o=17 raw_norm=14617.481212063625 norm=1612.676294814836 radius=1612.6762948148355 next_radius=3225.352589629671 lambda=4.0000000000000019e-07 next_lambda=1.0000000000000005e-07 rho=0.79755505447882769 accept=1
CLASSICAL_LM o=17 lambda=4.0000000000000019e-07 tau=4.0000000000000019e-07 prediction=764.26650772094024 rho=0.79755505447882769 accept=1
  MFCG it  18 cost=2.521864e+05 lam=1.000e-07 tau=0.00e+00 cg_it=0 shift=0 ckpt=1 alpha=0 acc mv=84
PCG_PREP o=18 rebuild=1 drift=0 previous_depth=1
ATTR_RADIUS o=18 raw_norm=16964.764260147404 norm=3225.3525896296715 radius=3225.352589629671 next_radius=3225.352589629671 lambda=1.0000000000000005e-07 next_lambda=1.0000000000000005e-07 rho=0.49400745549829927 accept=1
CLASSICAL_LM o=18 lambda=1.0000000000000005e-07 tau=1.0000000000000005e-07 prediction=941.95343838088581 rho=0.49400745549829927 accept=1
  MFCG it  19 cost=2.517211e+05 lam=1.000e-07 tau=0.00e+00 cg_it=0 shift=0 ckpt=1 alpha=0 acc mv=86
PCG_PREP o=19 rebuild=1 drift=0 previous_depth=1
ATTR_RADIUS o=19 raw_norm=17469.408049325979 norm=3225.3525896296728 radius=3225.352589629671 next_radius=3225.352589629671 lambda=1.0000000000000005e-07 next_lambda=1.0000000000000005e-07 rho=0.4660546023615238 accept=1
CLASSICAL_LM o=19 lambda=1.0000000000000005e-07 tau=1.0000000000000005e-07 prediction=812.56638965082107 rho=0.4660546023615238 accept=1
  MFCG it  20 cost=2.513424e+05 lam=1.000e-07 tau=0.00e+00 cg_it=0 shift=0 ckpt=1 alpha=0 acc mv=88
PCG_PREP o=20 rebuild=1 drift=0 previous_depth=1
ATTR_RADIUS o=20 raw_norm=17896.388943536844 norm=3225.3525896296701 radius=3225.352589629671 next_radius=3225.352589629671 lambda=1.0000000000000005e-07 next_lambda=1.0000000000000005e-07 rho=0.43515943426760062 accept=1
CLASSICAL_LM o=20 lambda=1.0000000000000005e-07 tau=1.0000000000000005e-07 prediction=711.49320662196817 rho=0.43515943426760062 accept=1
  MFCG it  21 cost=2.510328e+05 lam=1.000e-07 tau=0.00e+00 cg_it=0 shift=0 ckpt=1 alpha=0 acc mv=90
PCG_PREP o=21 rebuild=1 drift=0 previous_depth=1
ATTR_RADIUS o=21 raw_norm=18274.974711657844 norm=3225.3525896296715 radius=3225.352589629671 next_radius=3225.352589629671 lambda=1.0000000000000005e-07 next_lambda=1.0000000000000005e-07 rho=0.40550862741203414 accept=1
CLASSICAL_LM o=21 lambda=1.0000000000000005e-07 tau=1.0000000000000005e-07 prediction=634.79886840180927 rho=0.40550862741203414 accept=1
  MFCG it  22 cost=2.507754e+05 lam=1.000e-07 tau=0.00e+00 cg_it=0 shift=0 ckpt=1 alpha=0 acc mv=92
PCG_PREP o=22 rebuild=1 drift=0 previous_depth=1
ATTR_RADIUS o=22 raw_norm=18608.384629004915 norm=3225.3525896296701 radius=3225.352589629671 next_radius=3225.352589629671 lambda=1.0000000000000005e-07 next_lambda=1.0000000000000005e-07 rho=0.37709038290706137 accept=1
CLASSICAL_LM o=22 lambda=1.0000000000000005e-07 tau=1.0000000000000005e-07 prediction=575.78353069645937 rho=0.37709038290706137 accept=1
  MFCG it  23 cost=2.505583e+05 lam=1.000e-07 tau=0.00e+00 cg_it=0 shift=0 ckpt=1 alpha=0 acc mv=94
PCG_PREP o=23 rebuild=1 drift=0 previous_depth=1
ATTR_RADIUS o=23 raw_norm=18900.248226526204 norm=3225.3525896296724 radius=3225.352589629671 next_radius=3225.352589629671 lambda=1.0000000000000005e-07 next_lambda=1.0000000000000005e-07 rho=0.34998358207140273 accept=1
CLASSICAL_LM o=23 lambda=1.0000000000000005e-07 tau=1.0000000000000005e-07 prediction=529.84729310365799 rho=0.34998358207140273 accept=1
  MFCG it  24 cost=2.503728e+05 lam=1.000e-07 tau=0.00e+00 cg_it=0 shift=0 ckpt=1 alpha=0 acc mv=96
PCG_PREP o=24 rebuild=1 drift=0 previous_depth=1
ATTR_RADIUS o=24 raw_norm=19155.730766055982 norm=3225.352589629671 radius=3225.352589629671 next_radius=3225.352589629671 lambda=1.0000000000000005e-07 next_lambda=1.0000000000000005e-07 rho=0.32429696350858944 accept=1
CLASSICAL_LM o=24 lambda=1.0000000000000005e-07 tau=1.0000000000000005e-07 prediction=493.80033978471249 rho=0.32429696350858944 accept=1
  MFCG it  25 cost=2.502127e+05 lam=1.000e-07 tau=0.00e+00 cg_it=0 shift=0 ckpt=1 alpha=0 acc mv=98
PCG_PREP o=25 rebuild=1 drift=0 previous_depth=1
ATTR_RADIUS o=25 raw_norm=19378.801934298313 norm=3225.3525896296701 radius=3225.352589629671 next_radius=3225.352589629671 lambda=1.0000000000000005e-07 next_lambda=1.0000000000000005e-07 rho=0.30016871729980016 accept=1
CLASSICAL_LM o=25 lambda=1.0000000000000005e-07 tau=1.0000000000000005e-07 prediction=465.37702364323673 rho=0.30016871729980016 accept=1
  MFCG it  26 cost=2.500730e+05 lam=1.000e-07 tau=0.00e+00 cg_it=0 shift=0 ckpt=1 alpha=0 acc mv=100
PCG_PREP o=26 rebuild=1 drift=0 previous_depth=1
ATTR_RADIUS o=26 raw_norm=19565.399533719203 norm=3225.3525896296696 radius=3225.352589629671 next_radius=3225.352589629671 lambda=1.0000000000000005e-07 next_lambda=1.0000000000000005e-07 rho=0.2777418603262598 accept=1
CLASSICAL_LM o=26 lambda=1.0000000000000005e-07 tau=1.0000000000000005e-07 prediction=442.93602940721621 rho=0.2777418603262598 accept=1
  MFCG it  27 cost=2.499500e+05 lam=1.000e-07 tau=0.00e+00 cg_it=0 shift=0 ckpt=1 alpha=0 acc mv=102
PCG_PREP o=27 rebuild=1 drift=0 previous_depth=1
ATTR_RADIUS o=27 raw_norm=19693.843175112062 norm=3225.3525896296715 radius=3225.352589629671 next_radius=3225.352589629671 lambda=1.0000000000000005e-07 next_lambda=1.0000000000000005e-07 rho=0.25688307074710942 accept=1
CLASSICAL_LM o=27 lambda=1.0000000000000005e-07 tau=1.0000000000000005e-07 prediction=425.08280187220856 rho=0.25688307074710942 accept=1
  MFCG it  28 cost=2.498408e+05 lam=1.000e-07 tau=0.00e+00 cg_it=0 shift=0 ckpt=1 alpha=0 acc mv=104
PCG_PREP o=28 rebuild=1 drift=0 previous_depth=1
ATTR_RADIUS o=28 raw_norm=19802.659354767082 norm=3225.352589629671 radius=3225.352589629671 next_radius=806.33814740741775 lambda=1.0000000000000005e-07 next_lambda=1.6000000000000008e-06 rho=0.23753639038827981 accept=1
CLASSICAL_LM o=28 lambda=1.0000000000000005e-07 tau=1.0000000000000005e-07 prediction=410.84633489112025 rho=0.23753639038827981 accept=1
  MFCG it  29 cost=2.497432e+05 lam=1.600e-06 tau=0.00e+00 cg_it=0 shift=0 ckpt=1 alpha=0 acc mv=106
PCG_PREP o=29 rebuild=1 drift=0 previous_depth=1
ATTR_RADIUS o=29 raw_norm=4420.2009937047023 norm=806.3381474074173 radius=806.33814740741775 next_radius=1612.6762948148355 lambda=1.6000000000000008e-06 next_lambda=4.0000000000000019e-07 rho=0.9263862176680675 accept=1
CLASSICAL_LM o=29 lambda=1.6000000000000008e-06 tau=1.6000000000000008e-06 prediction=415.01328156134366 rho=0.9263862176680675 accept=1
  MFCG it  30 cost=2.493587e+05 lam=4.000e-07 tau=0.00e+00 cg_it=0 shift=0 ckpt=1 alpha=0 acc mv=108
PCG_PREP o=30 rebuild=1 drift=0 previous_depth=1
ATTR_RADIUS o=30 raw_norm=12507.915917146016 norm=1612.676294814835 radius=1612.6762948148355 next_radius=1612.6762948148355 lambda=4.0000000000000019e-07 next_lambda=4.0000000000000019e-07 rho=0.69548450466248513 accept=1
CLASSICAL_LM o=30 lambda=4.0000000000000019e-07 tau=4.0000000000000019e-07 prediction=231.73764607646308 rho=0.69548450466248513 accept=1
  MFCG it  31 cost=2.491975e+05 lam=4.000e-07 tau=0.00e+00 cg_it=0 shift=0 ckpt=1 alpha=0 acc mv=110
PCG_PREP o=31 rebuild=1 drift=0 previous_depth=1
ATTR_RADIUS o=31 raw_norm=12683.235382382525 norm=1612.676294814835 radius=1612.6762948148355 next_radius=1612.6762948148355 lambda=4.0000000000000019e-07 next_lambda=4.0000000000000019e-07 rho=0.68824295124064283 accept=1
CLASSICAL_LM o=31 lambda=4.0000000000000019e-07 tau=4.0000000000000019e-07 prediction=203.34564129750802 rho=0.68824295124064283 accept=1
  MFCG it  32 cost=2.490576e+05 lam=4.000e-07 tau=0.00e+00 cg_it=0 shift=0 ckpt=1 alpha=0 acc mv=112
PCG_PREP o=32 rebuild=1 drift=0 previous_depth=1
ATTR_RADIUS o=32 raw_norm=12867.306607071869 norm=1612.6762948148355 radius=1612.6762948148355 next_radius=1612.6762948148355 lambda=4.0000000000000019e-07 next_lambda=4.0000000000000019e-07 rho=0.68142849968018648 accept=1
CLASSICAL_LM o=32 lambda=4.0000000000000019e-07 tau=4.0000000000000019e-07 prediction=179.6808886643185 rho=0.68142849968018648 accept=1
  MFCG it  33 cost=2.489352e+05 lam=4.000e-07 tau=0.00e+00 cg_it=0 shift=0 ckpt=1 alpha=0 acc mv=114
PCG_PREP o=33 rebuild=1 drift=0 previous_depth=1
ATTR_RADIUS o=33 raw_norm=13049.952709826777 norm=1612.6762948148366 radius=1612.6762948148355 next_radius=1612.6762948148355 lambda=4.0000000000000019e-07 next_lambda=4.0000000000000019e-07 rho=0.6757515721655768 accept=1
CLASSICAL_LM o=33 lambda=4.0000000000000019e-07 tau=4.0000000000000019e-07 prediction=160.29280477339435 rho=0.6757515721655768 accept=1
  MFCG it  34 cost=2.488268e+05 lam=4.000e-07 tau=0.00e+00 cg_it=0 shift=0 ckpt=1 alpha=0 acc mv=116
PCG_PREP o=34 rebuild=1 drift=0 previous_depth=1
ATTR_RADIUS o=34 raw_norm=13225.050400015902 norm=1612.6762948148355 radius=1612.6762948148355 next_radius=1612.6762948148355 lambda=4.0000000000000019e-07 next_lambda=4.0000000000000019e-07 rho=0.67111693404061845 accept=1
CLASSICAL_LM o=34 lambda=4.0000000000000019e-07 tau=4.0000000000000019e-07 prediction=144.29178825305769 rho=0.67111693404061845 accept=1
  MFCG it  35 cost=2.487300e+05 lam=4.000e-07 tau=0.00e+00 cg_it=0 shift=0 ckpt=1 alpha=0 acc mv=118
PCG_PREP o=35 rebuild=1 drift=0 previous_depth=1
ATTR_RADIUS o=35 raw_norm=13387.396273870681 norm=1612.6762948148348 radius=1612.6762948148355 next_radius=1612.6762948148355 lambda=4.0000000000000019e-07 next_lambda=4.0000000000000019e-07 rho=0.66740669899559268 accept=1
CLASSICAL_LM o=35 lambda=4.0000000000000019e-07 tau=4.0000000000000019e-07 prediction=130.98830861647278 rho=0.66740669899559268 accept=1
  MFCG it  36 cost=2.486426e+05 lam=4.000e-07 tau=0.00e+00 cg_it=0 shift=0 ckpt=1 alpha=0 acc mv=120
PCG_PREP o=36 rebuild=1 drift=0 previous_depth=1
ATTR_RADIUS o=36 raw_norm=13532.385906093114 norm=1612.6762948148353 radius=1612.6762948148355 next_radius=1612.6762948148355 lambda=4.0000000000000019e-07 next_lambda=4.0000000000000019e-07 rho=0.6644958012155181 accept=1
CLASSICAL_LM o=36 lambda=4.0000000000000019e-07 tau=4.0000000000000019e-07 prediction=119.84649968417256 rho=0.6644958012155181 accept=1
  MFCG it  37 cost=2.485629e+05 lam=4.000e-07 tau=0.00e+00 cg_it=0 shift=0 ckpt=1 alpha=0 acc mv=122
PCG_PREP o=37 rebuild=1 drift=0 previous_depth=1
ATTR_RADIUS o=37 raw_norm=19535.617033207654 norm=1612.676294814836 radius=1612.6762948148355 next_radius=3225.352589629671 lambda=4.0000000000000019e-07 next_lambda=1.0000000000000005e-07 rho=0.79064133268038317 accept=1
CLASSICAL_LM o=37 lambda=4.0000000000000019e-07 tau=4.0000000000000019e-07 prediction=181.05012082203154 rho=0.79064133268038317 accept=1
  MFCG it  38 cost=2.484198e+05 lam=1.000e-07 tau=0.00e+00 cg_it=1 shift=0 ckpt=2 alpha=0 acc mv=125
PCG_PREP o=38 rebuild=1 drift=0 previous_depth=2
POINT_SAFE o=38 frozen=574 slope=-109.07286738306844 candidate=248475.29317024385 original=248405.41831322265 current=248419.79533828067 won=0 mode=1 camera_scale=1 keep_scale=0
ATTR_RADIUS o=38 raw_norm=71744.318244771144 norm=1612.6762948148355 radius=3225.352589629671 next_radius=3225.352589629671 lambda=1.0000000000000005e-07 next_lambda=1.0000000000000005e-08 rho=0.26678600556610976 accept=1
CLASSICAL_LM o=38 lambda=1.0000000000000005e-07 tau=1.0000000000000005e-07 prediction=53.889727189849616 rho=0.26678600556610976 accept=1
  MFCG it  39 cost=2.484054e+05 lam=1.000e-08 tau=0.00e+00 cg_it=1 shift=0 ckpt=2 alpha=0 acc mv=128
PCG_PREP o=39 rebuild=1 drift=0 previous_depth=2
POINT_SAFE o=39 frozen=114 slope=-56.726730592724515 candidate=248521.59350786972 original=248402.0665368475 current=248405.41831322265 won=0 mode=1 camera_scale=1 keep_scale=0
ATTR_RADIUS o=39 raw_norm=179632.25518338141 norm=806.33814740741775 radius=3225.352589629671 next_radius=806.33814740741775 lambda=1.0000000000000005e-08 next_lambda=1.6000000000000008e-07 rho=0.23792621170334061 accept=1
CLASSICAL_LM o=39 lambda=1.0000000000000005e-08 tau=1.0000000000000005e-08 prediction=14.087461617400239 rho=0.23792621170334061 accept=1
  MFCG it  40 cost=2.484021e+05 lam=1.600e-07 tau=0.00e+00 cg_it=1 shift=0 ckpt=2 alpha=0 acc mv=131
PCG_PREP o=40 rebuild=1 drift=0 previous_depth=2
ATTR_RADIUS o=40 raw_norm=22509.824085938169 norm=806.33814740741775 radius=806.33814740741775 next_radius=806.33814740741775 lambda=1.6000000000000008e-07 next_lambda=1.6000000000000008e-07 rho=0.68706677255394988 accept=1
CLASSICAL_LM o=40 lambda=1.6000000000000008e-07 tau=1.6000000000000008e-07 prediction=35.550846218677428 rho=0.68706677255394988 accept=1
  MFCG it  41 cost=2.483776e+05 lam=1.600e-07 tau=0.00e+00 cg_it=0 shift=0 ckpt=1 alpha=0 acc mv=133
PCG_PREP o=41 rebuild=1 drift=0 previous_depth=1
ATTR_RADIUS o=41 raw_norm=22525.504066051606 norm=806.3381474074173 radius=806.33814740741775 next_radius=806.33814740741775 lambda=1.6000000000000008e-07 next_lambda=1.6000000000000008e-07 rho=0.67819173069958105 accept=1
CLASSICAL_LM o=41 lambda=1.6000000000000008e-07 tau=1.6000000000000008e-07 prediction=33.757736468211775 rho=0.67819173069958105 accept=1
  MFCG it  42 cost=2.483547e+05 lam=1.600e-07 tau=0.00e+00 cg_it=0 shift=0 ckpt=1 alpha=0 acc mv=135
PCG_PREP o=42 rebuild=1 drift=0 previous_depth=1
ATTR_RADIUS o=42 raw_norm=22527.429211657753 norm=806.33814740741832 radius=806.33814740741775 next_radius=806.33814740741775 lambda=1.6000000000000008e-07 next_lambda=1.6000000000000008e-07 rho=0.67736289938077077 accept=1
CLASSICAL_LM o=42 lambda=1.6000000000000008e-07 tau=1.6000000000000008e-07 prediction=32.850829266406635 rho=0.67736289938077077 accept=1
  MFCG it  43 cost=2.483325e+05 lam=1.600e-07 tau=0.00e+00 cg_it=0 shift=0 ckpt=1 alpha=0 acc mv=137
PCG_PREP o=43 rebuild=1 drift=0 previous_depth=1
ATTR_RADIUS o=43 raw_norm=22526.671258907139 norm=806.33814740741775 radius=806.33814740741775 next_radius=806.33814740741775 lambda=1.6000000000000008e-07 next_lambda=1.6000000000000008e-07 rho=0.67669811593087925 accept=1
CLASSICAL_LM o=43 lambda=1.6000000000000008e-07 tau=1.6000000000000008e-07 prediction=31.992641636248287 rho=0.67669811593087925 accept=1
  MFCG it  44 cost=2.483108e+05 lam=1.600e-07 tau=0.00e+00 cg_it=0 shift=0 ckpt=1 alpha=0 acc mv=139
PCG_PREP o=44 rebuild=1 drift=0 previous_depth=1
ATTR_RADIUS o=44 raw_norm=22523.043805306126 norm=806.33814740741786 radius=806.33814740741775 next_radius=806.33814740741775 lambda=1.6000000000000008e-07 next_lambda=1.6000000000000008e-07 rho=0.67619673351291509 accept=1
CLASSICAL_LM o=44 lambda=1.6000000000000008e-07 tau=1.6000000000000008e-07 prediction=31.178961795475679 rho=0.67619673351291509 accept=1
  MFCG it  45 cost=2.482898e+05 lam=1.600e-07 tau=0.00e+00 cg_it=0 shift=0 ckpt=1 alpha=0 acc mv=141
PCG_PREP o=45 rebuild=1 drift=0 previous_depth=1
ATTR_RADIUS o=45 raw_norm=22516.930456671758 norm=806.33814740741798 radius=806.33814740741775 next_radius=806.33814740741775 lambda=1.6000000000000008e-07 next_lambda=1.6000000000000008e-07 rho=0.67585876601107087 accept=1
CLASSICAL_LM o=45 lambda=1.6000000000000008e-07 tau=1.6000000000000008e-07 prediction=30.407058840177765 rho=0.67585876601107087 accept=1
  MFCG it  46 cost=2.482692e+05 lam=1.600e-07 tau=0.00e+00 cg_it=0 shift=0 ckpt=1 alpha=0 acc mv=143
PCG_PREP o=46 rebuild=1 drift=0 previous_depth=1
ATTR_RADIUS o=46 raw_norm=22507.91579813914 norm=806.33814740741764 radius=806.33814740741775 next_radius=806.33814740741775 lambda=1.6000000000000008e-07 next_lambda=1.6000000000000008e-07 rho=0.67567694829579428 accept=1
CLASSICAL_LM o=46 lambda=1.6000000000000008e-07 tau=1.6000000000000008e-07 prediction=29.674751093912541 rho=0.67567694829579428 accept=1
  MFCG it  47 cost=2.482492e+05 lam=1.600e-07 tau=0.00e+00 cg_it=0 shift=0 ckpt=1 alpha=0 acc mv=145
PCG_PREP o=47 rebuild=1 drift=0 previous_depth=1
ATTR_RADIUS o=47 raw_norm=22496.742455399617 norm=806.33814740741752 radius=806.33814740741775 next_radius=806.33814740741775 lambda=1.6000000000000008e-07 next_lambda=1.6000000000000008e-07 rho=0.67565707553521204 accept=1
CLASSICAL_LM o=47 lambda=1.6000000000000008e-07 tau=1.6000000000000008e-07 prediction=28.979133287114362 rho=0.67565707553521204 accept=1
  MFCG it  48 cost=2.482296e+05 lam=1.600e-07 tau=0.00e+00 cg_it=0 shift=0 ckpt=1 alpha=0 acc mv=147
PCG_PREP o=48 rebuild=1 drift=0 previous_depth=1
ATTR_RADIUS o=48 raw_norm=22482.574570061108 norm=806.33814740741775 radius=806.33814740741775 next_radius=806.33814740741775 lambda=1.6000000000000008e-07 next_lambda=1.6000000000000008e-07 rho=0.67578693957297487 accept=1
CLASSICAL_LM o=48 lambda=1.6000000000000008e-07 tau=1.6000000000000008e-07 prediction=28.318772402534155 rho=0.67578693957297487 accept=1
  MFCG it  49 cost=2.482104e+05 lam=1.600e-07 tau=0.00e+00 cg_it=0 shift=0 ckpt=1 alpha=0 acc mv=149
PCG_PREP o=49 rebuild=1 drift=0 previous_depth=1
ATTR_RADIUS o=49 raw_norm=36685.327049364445 norm=806.33814740741798 radius=806.33814740741775 next_radius=1612.6762948148355 lambda=1.6000000000000008e-07 next_lambda=4.0000000000000021e-08 rho=0.798371029846772 accept=1
CLASSICAL_LM o=49 lambda=1.6000000000000008e-07 tau=1.6000000000000008e-07 prediction=44.209810929392312 rho=0.798371029846772 accept=1
  MFCG it  50 cost=2.481751e+05 lam=4.000e-08 tau=0.00e+00 cg_it=1 shift=0 ckpt=2 alpha=0 acc mv=152
PCG_PREP o=50 rebuild=1 drift=0 previous_depth=2
POINT_SAFE o=50 frozen=550 slope=-30.657911107076679 candidate=248179.77957399414 original=248168.715009659 current=248175.14744076628 won=0 mode=1 camera_scale=1 keep_scale=0
ATTR_RADIUS o=50 raw_norm=120004.96839950173 norm=806.33814740741775 radius=1612.6762948148355 next_radius=1612.6762948148355 lambda=4.0000000000000021e-08 next_lambda=4.0000000000000019e-09 rho=0.42094785662907741 accept=1
CLASSICAL_LM o=50 lambda=4.0000000000000021e-08 tau=4.0000000000000021e-08 prediction=15.280826368332207 rho=0.42094785662907741 accept=1
  MFCG it  51 cost=2.481687e+05 lam=4.000e-09 tau=0.00e+00 cg_it=1 shift=0 ckpt=2 alpha=0 acc mv=155
PCG_PREP o=51 rebuild=1 drift=0 previous_depth=2
NUMERIC_REPAIR o=51 lambda=4.0000000000000019e-09 rayleigh=-1.1845586422131665e-08 next_lambda=6.3382345688526665e-08 cg=1 rebuild=1
PCG_PREP o=51 rebuild=1 drift=0 previous_depth=1
ATTR_RADIUS o=51 raw_norm=37074.970190339875 norm=0 radius=1612.6762948148355 next_radius=403.16907370370888 lambda=6.3382345688526665e-08 next_lambda=1.0141175310164266e-06 rho=0.0051211195382158325 accept=0
CLASSICAL_LM o=51 lambda=6.3382345688526665e-08 tau=6.3382345688526665e-08 prediction=35.561330116054549 rho=0.0051211195382158325 accept=0
  MFCG it  52  retry 1/8  lam=1.014e-06 tau_eff=6.338e-08  (assembly reused)
PCG_PREP o=51 rebuild=1 drift=0 previous_depth=1
ATTR_RADIUS o=51 raw_norm=4884.8528319292082 norm=403.16907370370876 radius=403.16907370370888 next_radius=806.33814740741775 lambda=1.0141175310164266e-06 next_lambda=2.5352938275410666e-07 rho=0.95024554703039588 accept=1
CLASSICAL_LM o=51 lambda=1.0141175310164266e-06 tau=1.0141175310164266e-06 prediction=56.643130104848403 rho=0.95024554703039588 accept=1
  MFCG it  52 cost=2.481149e+05 lam=2.535e-07 tau=0.00e+00 cg_it=0 shift=0 ckpt=1 alpha=0 acc mv=161
PCG_PREP o=52 rebuild=1 drift=0 previous_depth=1
ATTR_RADIUS o=52 raw_norm=19969.802964060284 norm=806.33814740741764 radius=806.33814740741775 next_radius=1612.6762948148355 lambda=2.5352938275410666e-07 next_lambda=6.3382345688526665e-08 rho=0.89020369559931745 accept=1
CLASSICAL_LM o=52 lambda=2.5352938275410666e-07 tau=2.5352938275410666e-07 prediction=73.50222849471956 rho=0.89020369559931745 accept=1
  MFCG it  53 cost=2.480495e+05 lam=6.338e-08 tau=0.00e+00 cg_it=1 shift=0 ckpt=2 alpha=0 acc mv=164
PCG_PREP o=53 rebuild=1 drift=0 previous_depth=2
ATTR_RADIUS o=53 raw_norm=87559.713373753912 norm=1612.6762948148364 radius=1612.6762948148355 next_radius=403.16907370370888 lambda=6.3382345688526665e-08 next_lambda=1.0141175310164266e-06 rho=0.12955598986776048 accept=1
CLASSICAL_LM o=53 lambda=6.3382345688526665e-08 tau=6.3382345688526665e-08 prediction=36.853607096408453 rho=0.12955598986776048 accept=1
  MFCG it  54 cost=2.480447e+05 lam=1.014e-06 tau=0.00e+00 cg_it=1 shift=0 ckpt=2 alpha=0 acc mv=167
PCG_PREP o=54 rebuild=1 drift=0 previous_depth=2
ATTR_RADIUS o=54 raw_norm=4704.09782653824 norm=403.1690737037087 radius=403.16907370370888 next_radius=806.33814740741775 lambda=1.0141175310164266e-06 next_lambda=2.5352938275410666e-07 rho=0.94884569265240859 accept=1
CLASSICAL_LM o=54 lambda=1.0141175310164266e-06 tau=1.0141175310164266e-06 prediction=53.318099384202533 rho=0.94884569265240859 accept=1
  MFCG it  55 cost=2.479941e+05 lam=2.535e-07 tau=0.00e+00 cg_it=0 shift=0 ckpt=1 alpha=0 acc mv=169
PCG_PREP o=55 rebuild=1 drift=0 previous_depth=1
ATTR_RADIUS o=55 raw_norm=16343.49622344234 norm=806.33814740741775 radius=806.33814740741775 next_radius=806.33814740741775 lambda=2.5352938275410666e-07 next_lambda=2.5352938275410666e-07 rho=0.72792855826197 accept=1
CLASSICAL_LM o=55 lambda=2.5352938275410666e-07 tau=2.5352938275410666e-07 prediction=29.632152489280124 rho=0.72792855826197 accept=1
  MFCG it  56 cost=2.479725e+05 lam=2.535e-07 tau=0.00e+00 cg_it=0 shift=0 ckpt=1 alpha=0 acc mv=171
PCG_PREP o=56 rebuild=1 drift=0 previous_depth=1
ATTR_RADIUS o=56 raw_norm=16950.772087699686 norm=806.33814740741752 radius=806.33814740741775 next_radius=1612.6762948148355 lambda=2.5352938275410666e-07 next_lambda=6.3382345688526665e-08 rho=0.90747206452559204 accept=1
CLASSICAL_LM o=56 lambda=2.5352938275410666e-07 tau=2.5352938275410666e-07 prediction=79.641477772368958 rho=0.90747206452559204 accept=1
  MFCG it  57 cost=2.479003e+05 lam=6.338e-08 tau=0.00e+00 cg_it=1 shift=0 ckpt=2 alpha=0 acc mv=174
PCG_PREP o=57 rebuild=1 drift=0 previous_depth=2
ATTR_RADIUS o=57 raw_norm=84062.885867970239 norm=1612.6762948148357 radius=1612.6762948148355 next_radius=403.16907370370888 lambda=6.3382345688526665e-08 next_lambda=1.0141175310164266e-06 rho=0.17454275732472835 accept=1
CLASSICAL_LM o=57 lambda=6.3382345688526665e-08 tau=6.3382345688526665e-08 prediction=36.311375666689692 rho=0.17454275732472835 accept=1
  MFCG it  58 cost=2.478939e+05 lam=1.014e-06 tau=0.00e+00 cg_it=1 shift=0 ckpt=2 alpha=0 acc mv=177
PCG_PREP o=58 rebuild=1 drift=0 previous_depth=2
ATTR_RADIUS o=58 raw_norm=4535.6373712824552 norm=403.16907370370865 radius=403.16907370370888 next_radius=806.33814740741775 lambda=1.0141175310164266e-06 next_lambda=2.5352938275410666e-07 rho=0.9500804637466993 accept=1
CLASSICAL_LM o=58 lambda=1.0141175310164266e-06 tau=1.0141175310164266e-06 prediction=51.383549783075544 rho=0.9500804637466993 accept=1
  MFCG it  59 cost=2.478451e+05 lam=2.535e-07 tau=0.00e+00 cg_it=0 shift=0 ckpt=1 alpha=0 acc mv=179
PCG_PREP o=59 rebuild=1 drift=0 previous_depth=1
ATTR_RADIUS o=59 raw_norm=14132.595369181821 norm=806.33814740741798 radius=806.33814740741775 next_radius=1612.6762948148355 lambda=2.5352938275410666e-07 next_lambda=6.3382345688526665e-08 rho=0.91743533781051467 accept=1
CLASSICAL_LM o=59 lambda=2.5352938275410666e-07 tau=2.5352938275410666e-07 prediction=110.74143654070741 rho=0.91743533781051467 accept=1
  MFCG it  60 cost=2.477435e+05 lam=6.338e-08 tau=0.00e+00 cg_it=1 shift=0 ckpt=2 alpha=0 acc mv=182
PCG_PREP o=60 rebuild=1 drift=0 previous_depth=2
ATTR_RADIUS o=60 raw_norm=76493.128151439028 norm=1612.6762948148355 radius=1612.6762948148355 next_radius=1612.6762948148355 lambda=6.3382345688526665e-08 next_lambda=6.3382345688526665e-08 rho=0.28262862595207405 accept=1
CLASSICAL_LM o=60 lambda=6.3382345688526665e-08 tau=6.3382345688526665e-08 prediction=40.344047735536826 rho=0.28262862595207405 accept=1
  MFCG it  61 cost=2.477321e+05 lam=6.338e-08 tau=0.00e+00 cg_it=1 shift=0 ckpt=2 alpha=0 acc mv=185
PCG_PREP o=61 rebuild=1 drift=0 previous_depth=2
POINT_SAFE o=61 frozen=42 slope=-25.559388722103119 candidate=247738.79542358153 original=247727.63411188318 current=247732.0935268247 won=0 mode=1 camera_scale=1 keep_scale=0
ATTR_RADIUS o=61 raw_norm=41609.021981303435 norm=806.33814740741718 radius=1612.6762948148355 next_radius=1612.6762948148355 lambda=6.3382345688526665e-08 next_lambda=6.3382345688526665e-08 rho=0.35547211312346499 accept=1
CLASSICAL_LM o=61 lambda=6.3382345688526665e-08 tau=6.3382345688526665e-08 prediction=12.545048618122649 rho=0.35547211312346499 accept=1
  MFCG it  62 cost=2.477276e+05 lam=6.338e-08 tau=0.00e+00 cg_it=0 shift=0 ckpt=1 alpha=0 acc mv=187
PCG_PREP o=62 rebuild=1 drift=0 previous_depth=1
POINT_SAFE o=62 frozen=74 slope=-25.202224427484119 candidate=247734.60067134496 original=247723.30698828565 current=247727.63411188318 won=0 mode=1 camera_scale=1 keep_scale=0
ATTR_RADIUS o=62 raw_norm=41108.10683270319 norm=806.33814740741798 radius=1612.6762948148355 next_radius=1612.6762948148355 lambda=6.3382345688526665e-08 next_lambda=6.3382345688526665e-08 rho=0.34810955284555412 accept=1
CLASSICAL_LM o=62 lambda=6.3382345688526665e-08 tau=6.3382345688526665e-08 prediction=12.43035004973288 rho=0.34810955284555412 accept=1
  MFCG it  63 cost=2.477233e+05 lam=6.338e-08 tau=0.00e+00 cg_it=0 shift=0 ckpt=1 alpha=0 acc mv=189
PCG_PREP o=63 rebuild=1 drift=0 previous_depth=1
POINT_SAFE o=63 frozen=101 slope=-25.185133958153646 candidate=247730.35346719177 original=247718.99496157147 current=247723.30698828565 won=0 mode=1 camera_scale=1 keep_scale=0
ATTR_RADIUS o=63 raw_norm=40603.679530261223 norm=806.33814740741832 radius=1612.6762948148355 next_radius=1612.6762948148355 lambda=6.3382345688526665e-08 next_lambda=6.3382345688526665e-08 rho=0.34652391554906575 accept=1
CLASSICAL_LM o=63 lambda=6.3382345688526665e-08 tau=6.3382345688526665e-08 prediction=12.443662675766872 rho=0.34652391554906575 accept=1
  MFCG it  64 cost=2.477190e+05 lam=6.338e-08 tau=0.00e+00 cg_it=0 shift=0 ckpt=1 alpha=0 acc mv=191
PCG_PREP o=64 rebuild=1 drift=0 previous_depth=1
POINT_SAFE o=64 frozen=121 slope=-25.289894258463114 candidate=247726.04804778149 original=247714.6560330613 current=247718.99496157147 won=0 mode=1 camera_scale=1 keep_scale=0
ATTR_RADIUS o=64 raw_norm=40096.325245083761 norm=806.33814740741752 radius=1612.6762948148355 next_radius=1612.6762948148355 lambda=6.3382345688526665e-08 next_lambda=6.3382345688526665e-08 rho=0.34702588634061815 accept=1
CLASSICAL_LM o=64 lambda=6.3382345688526665e-08 tau=6.3382345688526665e-08 prediction=12.503184001421092 rho=0.34702588634061815 accept=1
  MFCG it  65 cost=2.477147e+05 lam=6.338e-08 tau=0.00e+00 cg_it=0 shift=0 ckpt=1 alpha=0 acc mv=193
PCG_PREP o=65 rebuild=1 drift=0 previous_depth=1
POINT_SAFE o=65 frozen=135 slope=-25.443385646746357 candidate=247721.67652698161 original=247710.27149340417 current=247714.6560330613 won=0 mode=1 camera_scale=1 keep_scale=0
ATTR_RADIUS o=65 raw_norm=39589.086374228886 norm=806.3381474074173 radius=1612.6762948148355 next_radius=1612.6762948148355 lambda=6.3382345688526665e-08 next_lambda=6.3382345688526665e-08 rho=0.34849104312631801 accept=1
CLASSICAL_LM o=65 lambda=6.3382345688526665e-08 tau=6.3382345688526665e-08 prediction=12.581498846550296 rho=0.34849104312631801 accept=1
  MFCG it  66 cost=2.477103e+05 lam=6.338e-08 tau=0.00e+00 cg_it=0 shift=0 ckpt=1 alpha=0 acc mv=195
PCG_PREP o=66 rebuild=1 drift=0 previous_depth=1
POINT_SAFE o=66 frozen=148 slope=-25.619295826725178 candidate=247717.2333104249 original=247705.83079428627 current=247710.27149340417 won=0 mode=1 camera_scale=1 keep_scale=0
ATTR_RADIUS o=66 raw_norm=39082.223398445953 norm=806.33814740741786 radius=1612.6762948148355 next_radius=1612.6762948148355 lambda=6.3382345688526665e-08 next_lambda=6.3382345688526665e-08 rho=0.35052597056386697 accept=1
CLASSICAL_LM o=66 lambda=6.3382345688526665e-08 tau=6.3382345688526665e-08 prediction=12.668673624253943 rho=0.35052597056386697 accept=1
  MFCG it  67 cost=2.477058e+05 lam=6.338e-08 tau=0.00e+00 cg_it=0 shift=0 ckpt=1 alpha=0 acc mv=197
PCG_PREP o=67 rebuild=1 drift=0 previous_depth=1
POINT_SAFE o=67 frozen=157 slope=-25.810351791598553 candidate=247712.71912670127 original=247701.3272116209 current=247705.83079428627 won=0 mode=1 camera_scale=1 keep_scale=0
ATTR_RADIUS o=67 raw_norm=38571.173366017341 norm=806.33814740741798 radius=1612.6762948148355 next_radius=1612.6762948148355 lambda=6.3382345688526665e-08 next_lambda=6.3382345688526665e-08 rho=0.35288178371530488 accept=1
CLASSICAL_LM o=67 lambda=6.3382345688526665e-08 tau=6.3382345688526665e-08 prediction=12.762298518106455 rho=0.35288178371530488 accept=1
  MFCG it  68 cost=2.477013e+05 lam=6.338e-08 tau=0.00e+00 cg_it=0 shift=0 ckpt=1 alpha=0 acc mv=199
PCG_PREP o=68 rebuild=1 drift=0 previous_depth=1
POINT_SAFE o=68 frozen=169 slope=-26.006648977980351 candidate=247708.11864576343 original=247696.75388268245 current=247701.3272116209 won=0 mode=1 camera_scale=1 keep_scale=0
ATTR_RADIUS o=68 raw_norm=38064.387843789897 norm=806.33814740741798 radius=1612.6762948148355 next_radius=1612.6762948148355 lambda=6.3382345688526665e-08 next_lambda=6.3382345688526665e-08 rho=0.35567952798859426 accept=1
CLASSICAL_LM o=68 lambda=6.3382345688526665e-08 tau=6.3382345688526665e-08 prediction=12.858004407265888 rho=0.35567952798859426 accept=1
  MFCG it  69 cost=2.476968e+05 lam=6.338e-08 tau=0.00e+00 cg_it=0 shift=0 ckpt=1 alpha=0 acc mv=201
PCG_PREP o=69 rebuild=1 drift=0 previous_depth=1
POINT_SAFE o=69 frozen=187 slope=-26.210723605300899 candidate=247703.43688288049 original=247692.10610717433 current=247696.75388268245 won=0 mode=1 camera_scale=1 keep_scale=0
ATTR_RADIUS o=69 raw_norm=37555.502748113002 norm=806.33814740741798 radius=1612.6762948148355 next_radius=1612.6762948148355 lambda=6.3382345688526665e-08 next_lambda=6.3382345688526665e-08 rho=0.35870056614988211 accept=1
CLASSICAL_LM o=69 lambda=6.3382345688526665e-08 tau=6.3382345688526665e-08 prediction=12.957257241049561 rho=0.35870056614988211 accept=1
  MFCG it  70 cost=2.476921e+05 lam=6.338e-08 tau=0.00e+00 cg_it=0 shift=0 ckpt=1 alpha=0 acc mv=203
PCG_PREP o=70 rebuild=1 drift=0 previous_depth=1
POINT_SAFE o=70 frozen=202 slope=-26.41693838164052 candidate=247698.66086618061 original=247687.37838071649 current=247692.10610717433 won=0 mode=1 camera_scale=1 keep_scale=0
ATTR_RADIUS o=70 raw_norm=37052.137909586418 norm=806.33814740741809 radius=1612.6762948148355 next_radius=1612.6762948148355 lambda=6.3382345688526665e-08 next_lambda=6.3382345688526665e-08 rho=0.36207267840791274 accept=1
CLASSICAL_LM o=70 lambda=6.3382345688526665e-08 tau=6.3382345688526665e-08 prediction=13.057396317868474 rho=0.36207267840791274 accept=1
  MFCG it  71 cost=2.476874e+05 lam=6.338e-08 tau=0.00e+00 cg_it=0 shift=0 ckpt=1 alpha=0 acc mv=205
PCG_PREP o=71 rebuild=1 drift=0 previous_depth=1
POINT_SAFE o=71 frozen=210 slope=-26.627538263287565 candidate=247693.79296309059 original=247682.56657784551 current=247687.37838071649 won=0 mode=1 camera_scale=1 keep_scale=0
ATTR_RADIUS o=71 raw_norm=36546.709519216733 norm=806.33814740741752 radius=1612.6762948148355 next_radius=1612.6762948148355 lambda=6.3382345688526665e-08 next_lambda=6.3382345688526665e-08 rho=0.36565048987431836 accept=1
CLASSICAL_LM o=71 lambda=6.3382345688526665e-08 tau=6.3382345688526665e-08 prediction=13.159569053568699 rho=0.36565048987431836 accept=1
  MFCG it  72 cost=2.476826e+05 lam=6.338e-08 tau=0.00e+00 cg_it=0 shift=0 ckpt=1 alpha=0 acc mv=207
PCG_PREP o=72 rebuild=1 drift=0 previous_depth=1
POINT_SAFE o=72 frozen=225 slope=-26.84125031965441 candidate=247688.82693767981 original=247677.66633141355 current=247682.56657784551 won=0 mode=1 camera_scale=1 keep_scale=0
ATTR_RADIUS o=72 raw_norm=36045.308337462317 norm=806.33814740741764 radius=1612.6762948148355 next_radius=1612.6762948148355 lambda=6.3382345688526665e-08 next_lambda=6.3382345688526665e-08 rho=0.36946272722902024 accept=1
CLASSICAL_LM o=72 lambda=6.3382345688526665e-08 tau=6.3382345688526665e-08 prediction=13.263168571064591 rho=0.36946272722902024 accept=1
  MFCG it  73 cost=2.476777e+05 lam=6.338e-08 tau=0.00e+00 cg_it=0 shift=0 ckpt=1 alpha=0 acc mv=209
PCG_PREP o=73 rebuild=1 drift=0 previous_depth=1
POINT_SAFE o=73 frozen=243 slope=-27.058408386049155 candidate=247683.76364063896 original=247672.67450456167 current=247677.66633141355 won=0 mode=1 camera_scale=1 keep_scale=0
ATTR_RADIUS o=73 raw_norm=35540.970266930606 norm=806.33814740741798 radius=1612.6762948148355 next_radius=1612.6762948148355 lambda=6.3382345688526665e-08 next_lambda=6.3382345688526665e-08 rho=0.3734062132587479 accept=1
CLASSICAL_LM o=73 lambda=6.3382345688526665e-08 tau=6.3382345688526665e-08 prediction=13.368355090605599 rho=0.3734062132587479 accept=1
  MFCG it  74 cost=2.476727e+05 lam=6.338e-08 tau=0.00e+00 cg_it=0 shift=0 ckpt=1 alpha=0 acc mv=211
PCG_PREP o=74 rebuild=1 drift=0 previous_depth=1
POINT_SAFE o=74 frozen=255 slope=-27.273692804798131 candidate=247678.5898387091 original=247667.58669818443 current=247672.67450456167 won=0 mode=1 camera_scale=1 keep_scale=0
ATTR_RADIUS o=74 raw_norm=35043.290147598309 norm=806.33814740741764 radius=1612.6762948148355 next_radius=1612.6762948148355 lambda=6.3382345688526665e-08 next_lambda=6.3382345688526665e-08 rho=0.37764283857291375 accept=1
CLASSICAL_LM o=74 lambda=6.3382345688526665e-08 tau=6.3382345688526665e-08 prediction=13.472535045193039 rho=0.37764283857291375 accept=1
  MFCG it  75 cost=2.476676e+05 lam=6.338e-08 tau=0.00e+00 cg_it=0 shift=0 ckpt=1 alpha=0 acc mv=213
PCG_PREP o=75 rebuild=1 drift=0 previous_depth=1
POINT_SAFE o=75 frozen=281 slope=-27.485789833698888 candidate=247673.30039144304 original=247662.39862968572 current=247667.58669818443 won=0 mode=1 camera_scale=1 keep_scale=0
ATTR_RADIUS o=75 raw_norm=34554.971943258846 norm=806.33814740741798 radius=1612.6762948148355 next_radius=1612.6762948148355 lambda=6.3382345688526665e-08 next_lambda=6.3382345688526665e-08 rho=0.38217620586447698 accept=1
CLASSICAL_LM o=75 lambda=6.3382345688526665e-08 tau=6.3382345688526665e-08 prediction=13.575069350475301 rho=0.38217620586447698 accept=1
  MFCG it  76 cost=2.476624e+05 lam=6.338e-08 tau=0.00e+00 cg_it=0 shift=0 ckpt=1 alpha=0 acc mv=215
PCG_PREP o=76 rebuild=1 drift=0 previous_depth=1
POINT_SAFE o=76 frozen=304 slope=-27.702366529798439 candidate=247667.90860285447 original=247657.10859113827 current=247662.39862968572 won=0 mode=1 camera_scale=1 keep_scale=0
ATTR_RADIUS o=76 raw_norm=34060.549277058708 norm=806.33814740741707 radius=1612.6762948148355 next_radius=1612.6762948148355 lambda=6.3382345688526665e-08 next_lambda=6.3382345688526665e-08 rho=0.38670709488270899 accept=1
CLASSICAL_LM o=76 lambda=6.3382345688526665e-08 tau=6.3382345688526665e-08 prediction=13.679703882997075 rho=0.38670709488270899 accept=1
  MFCG it  77 cost=2.476571e+05 lam=6.338e-08 tau=0.00e+00 cg_it=0 shift=0 ckpt=1 alpha=0 acc mv=217
PCG_PREP o=77 rebuild=1 drift=0 previous_depth=1
POINT_SAFE o=77 frozen=328 slope=-27.916136645983229 candidate=247662.40055848871 original=247651.71358194767 current=247657.10859113827 won=0 mode=1 camera_scale=1 keep_scale=0
ATTR_RADIUS o=77 raw_norm=33574.950337880597 norm=806.33814740741764 radius=1612.6762948148355 next_radius=1612.6762948148355 lambda=6.3382345688526665e-08 next_lambda=6.3382345688526665e-08 rho=0.39142896026535934 accept=1
CLASSICAL_LM o=77 lambda=6.3382345688526665e-08 tau=6.3382345688526665e-08 prediction=13.782856503370168 rho=0.39142896026535934 accept=1
  MFCG it  78 cost=2.476517e+05 lam=6.338e-08 tau=0.00e+00 cg_it=0 shift=0 ckpt=1 alpha=0 acc mv=219
PCG_PREP o=78 rebuild=1 drift=0 previous_depth=1
POINT_SAFE o=78 frozen=350 slope=-28.126328477063613 candidate=247656.77045807644 original=247646.21006311473 current=247651.71358194767 won=0 mode=1 camera_scale=1 keep_scale=0
ATTR_RADIUS o=78 raw_norm=33095.381373275944 norm=806.33814740741752 radius=1612.6762948148355 next_radius=1612.6762948148355 lambda=6.3382345688526665e-08 next_lambda=6.3382345688526665e-08 rho=0.39638816648203501 accept=1
CLASSICAL_LM o=78 lambda=6.3382345688526665e-08 tau=6.3382345688526665e-08 prediction=13.884165316484584 rho=0.39638816648203501 accept=1
  MFCG it  79 cost=2.476462e+05 lam=6.338e-08 tau=0.00e+00 cg_it=0 shift=0 ckpt=1 alpha=0 acc mv=221
PCG_PREP o=79 rebuild=1 drift=0 previous_depth=1
POINT_SAFE o=79 frozen=375 slope=-28.334690059467285 candidate=247651.02599077908 original=247640.59692014186 current=247646.21006311473 won=0 mode=1 camera_scale=1 keep_scale=0
ATTR_RADIUS o=79 raw_norm=32616.905867224854 norm=806.33814740741786 radius=1612.6762948148355 next_radius=1612.6762948148355 lambda=6.3382345688526665e-08 next_lambda=6.3382345688526665e-08 rho=0.401384275529657 accept=1
CLASSICAL_LM o=79 lambda=6.3382345688526665e-08 tau=6.3382345688526665e-08 prediction=13.984461562335238 rho=0.401384275529657 accept=1
  MFCG it  80 cost=2.476406e+05 lam=6.338e-08 tau=0.00e+00 cg_it=0 shift=0 ckpt=1 alpha=0 acc mv=223
PCG_PREP o=80 rebuild=1 drift=0 previous_depth=1
POINT_SAFE o=80 frozen=415 slope=-28.539014126907691 candidate=247645.15886453647 original=247634.87178104825 current=247640.59692014186 won=0 mode=1 camera_scale=1 keep_scale=0
ATTR_RADIUS o=80 raw_norm=32145.650565392534 norm=806.33814740741775 radius=1612.6762948148355 next_radius=1612.6762948148355 lambda=6.3382345688526665e-08 next_lambda=6.3382345688526665e-08 rho=0.40653839854797041 accept=1
CLASSICAL_LM o=80 lambda=6.3382345688526665e-08 tau=6.3382345688526665e-08 prediction=14.082652743413279 rho=0.40653839854797041 accept=1
  MFCG it  81 cost=2.476349e+05 lam=6.338e-08 tau=0.00e+00 cg_it=0 shift=0 ckpt=1 alpha=0 acc mv=225
PCG_PREP o=81 rebuild=1 drift=0 previous_depth=1
POINT_SAFE o=81 frozen=449 slope=-28.739282417764823 candidate=247639.17040747855 original=247629.03326796956 current=247634.87178104825 won=0 mode=1 camera_scale=1 keep_scale=0
ATTR_RADIUS o=81 raw_norm=31679.992421660503 norm=806.33814740741821 radius=1612.6762948148355 next_radius=1612.6762948148355 lambda=6.3382345688526665e-08 next_lambda=6.3382345688526665e-08 rho=0.41178105620104455 accept=1
CLASSICAL_LM o=81 lambda=6.3382345688526665e-08 tau=6.3382345688526665e-08 prediction=14.17868304228487 rho=0.41178105620104455 accept=1
  MFCG it  82 cost=2.476290e+05 lam=6.338e-08 tau=0.00e+00 cg_it=0 shift=0 ckpt=1 alpha=0 acc mv=227
PCG_PREP o=82 rebuild=1 drift=0 previous_depth=1
POINT_SAFE o=82 frozen=474 slope=-28.930721554327995 candidate=247633.05068817805 original=247623.07902253064 current=247629.03326796956 won=0 mode=1 camera_scale=1 keep_scale=0
ATTR_RADIUS o=82 raw_norm=31228.251412958129 norm=806.33814740741775 radius=1612.6762948148355 next_radius=1612.6762948148355 lambda=6.3382345688526665e-08 next_lambda=6.3382345688526665e-08 rho=0.41724962591921244 accept=1
CLASSICAL_LM o=82 lambda=6.3382345688526665e-08 tau=6.3382345688526665e-08 prediction=14.27022355214414 rho=0.41724962591921244 accept=1
  MFCG it  83 cost=2.476231e+05 lam=6.338e-08 tau=0.00e+00 cg_it=0 shift=0 ckpt=1 alpha=0 acc mv=229
PCG_PREP o=83 rebuild=1 drift=0 previous_depth=1
POINT_SAFE o=83 frozen=505 slope=-29.124957765231624 candidate=247626.82369139211 original=247617.01044270906 current=247623.07902253064 won=0 mode=1 camera_scale=1 keep_scale=0
ATTR_RADIUS o=83 raw_norm=30767.907495339801 norm=806.33814740741752 radius=1612.6762948148355 next_radius=1612.6762948148355 lambda=6.3382345688526665e-08 next_lambda=6.3382345688526665e-08 rho=0.42251551463919351 accept=1
CLASSICAL_LM o=83 lambda=6.3382345688526665e-08 tau=6.3382345688526665e-08 prediction=14.362975112920289 rho=0.42251551463919351 accept=1
  MFCG it  84 cost=2.476170e+05 lam=6.338e-08 tau=0.00e+00 cg_it=0 shift=0 ckpt=1 alpha=0 acc mv=231
PCG_PREP o=84 rebuild=1 drift=0 previous_depth=1
POINT_SAFE o=84 frozen=528 slope=-29.298385663740074 candidate=247620.45045762969 original=247610.82439558819 current=247617.01044270906 won=0 mode=1 camera_scale=1 keep_scale=0
ATTR_RADIUS o=84 raw_norm=30329.786248014756 norm=806.33814740741775 radius=1612.6762948148355 next_radius=1612.6762948148355 lambda=6.3382345688526665e-08 next_lambda=6.3382345688526665e-08 rho=0.42823451491805792 accept=1
CLASSICAL_LM o=84 lambda=6.3382345688526665e-08 tau=6.3382345688526665e-08 prediction=14.445465989698416 rho=0.42823451491805792 accept=1
  MFCG it  85 cost=2.476108e+05 lam=6.338e-08 tau=0.00e+00 cg_it=0 shift=0 ckpt=1 alpha=0 acc mv=233
PCG_PREP o=85 rebuild=1 drift=0 previous_depth=1
POINT_SAFE o=85 frozen=548 slope=-29.471924953622096 candidate=247613.96652472889 original=247604.52248773226 current=247610.82439558819 won=0 mode=1 camera_scale=1 keep_scale=0
ATTR_RADIUS o=85 raw_norm=29892.420780854241 norm=806.33814740741798 radius=1612.6762948148355 next_radius=1612.6762948148355 lambda=6.3382345688526665e-08 next_lambda=6.3382345688526665e-08 rho=0.43378029495911791 accept=1
CLASSICAL_LM o=85 lambda=6.3382345688526665e-08 tau=6.3382345688526665e-08 prediction=14.527879502972743 rho=0.43378029495911791 accept=1
  MFCG it  86 cost=2.476045e+05 lam=6.338e-08 tau=0.00e+00 cg_it=0 shift=0 ckpt=1 alpha=0 acc mv=235
PCG_PREP o=86 rebuild=1 drift=0 previous_depth=1
POINT_SAFE o=86 frozen=558 slope=-29.620431340114028 candidate=247607.33240852368 original=247598.10194475608 current=247604.52248773226 won=0 mode=1 camera_scale=1 keep_scale=0
ATTR_RADIUS o=86 raw_norm=29479.60610416983 norm=806.33814740741821 radius=1612.6762948148355 next_radius=1612.6762948148355 lambda=6.3382345688526665e-08 next_lambda=6.3382345688526665e-08 rho=0.439822657523534 accept=1
CLASSICAL_LM o=86 lambda=6.3382345688526665e-08 tau=6.3382345688526665e-08 prediction=14.59802687821999 rho=0.439822657523534 accept=1
  MFCG it  87 cost=2.475981e+05 lam=6.338e-08 tau=0.00e+00 cg_it=0 shift=0 ckpt=1 alpha=0 acc mv=237
PCG_PREP o=87 rebuild=1 drift=0 previous_depth=1
POINT_SAFE o=87 frozen=594 slope=-29.759617525485329 candidate=247600.57447176299 original=247591.56367308626 current=247598.10194475608 won=0 mode=1 camera_scale=1 keep_scale=0
ATTR_RADIUS o=87 raw_norm=29074.317273975026 norm=806.33814740741809 radius=1612.6762948148355 next_radius=1612.6762948148355 lambda=6.3382345688526665e-08 next_lambda=6.3382345688526665e-08 rho=0.44588853973619025 accept=1
CLASSICAL_LM o=87 lambda=6.3382345688526665e-08 tau=6.3382345688526665e-08 prediction=14.663466510466147 rho=0.44588853973619025 accept=1
  MFCG it  88 cost=2.475916e+05 lam=6.338e-08 tau=0.00e+00 cg_it=0 shift=0 ckpt=1 alpha=0 acc mv=239
PCG_PREP o=88 rebuild=1 drift=0 previous_depth=1
POINT_SAFE o=88 frozen=622 slope=-29.898887399421135 candidate=247593.70630421615 original=247584.90959549646 current=247591.56367308626 won=0 mode=1 camera_scale=1 keep_scale=0
ATTR_RADIUS o=88 raw_norm=28666.740361578963 norm=806.33814740741775 radius=1612.6762948148355 next_radius=1612.6762948148355 lambda=6.3382345688526665e-08 next_lambda=6.3382345688526665e-08 rho=0.45177512047964652 accept=1
CLASSICAL_LM o=88 lambda=6.3382345688526665e-08 tau=6.3382345688526665e-08 prediction=14.728738454517641 rho=0.45177512047964652 accept=1
  MFCG it  89 cost=2.475849e+05 lam=6.338e-08 tau=0.00e+00 cg_it=0 shift=0 ckpt=1 alpha=0 acc mv=241
PCG_PREP o=89 rebuild=1 drift=0 previous_depth=1
POINT_SAFE o=89 frozen=648 slope=-30.016724288351121 candidate=247586.69955858964 original=247578.13903331186 current=247584.90959549646 won=0 mode=1 camera_scale=1 keep_scale=0
ATTR_RADIUS o=89 raw_norm=28280.808189134437 norm=806.33814740741786 radius=1612.6762948148355 next_radius=1612.6762948148355 lambda=6.3382345688526665e-08 next_lambda=6.3382345688526665e-08 rho=0.45798209333455303 accept=1
CLASSICAL_LM o=89 lambda=6.3382345688526665e-08 tau=6.3382345688526665e-08 prediction=14.783464862785253 rho=0.45798209333455303 accept=1
  MFCG it  90 cost=2.475781e+05 lam=6.338e-08 tau=0.00e+00 cg_it=0 shift=0 ckpt=1 alpha=0 acc mv=243
PCG_PREP o=90 rebuild=1 drift=0 previous_depth=1
POINT_SAFE o=90 frozen=679 slope=-30.118472387270195 candidate=247579.55898660445 original=247571.2513851132 current=247578.13903331186 won=0 mode=1 camera_scale=1 keep_scale=0
ATTR_RADIUS o=90 raw_norm=27911.751991256111 norm=806.33814740741764 radius=1612.6762948148355 next_radius=1612.6762948148355 lambda=6.3382345688526665e-08 next_lambda=6.3382345688526665e-08 rho=0.46443166651519424 accept=1
CLASSICAL_LM o=90 lambda=6.3382345688526665e-08 tau=6.3382345688526665e-08 prediction=14.830272557310536 rho=0.46443166651519424 accept=1
  MFCG it  91 cost=2.475713e+05 lam=6.338e-08 tau=0.00e+00 cg_it=0 shift=0 ckpt=1 alpha=0 acc mv=245
PCG_PREP o=91 rebuild=1 drift=0 previous_depth=1
POINT_SAFE o=91 frozen=704 slope=-30.199065645959507 candidate=247572.27204818532 original=247564.24419144003 current=247571.2513851132 won=0 mode=1 camera_scale=1 keep_scale=0
ATTR_RADIUS o=91 raw_norm=27569.70692902313 norm=806.33814740741786 radius=1612.6762948148355 next_radius=1612.6762948148355 lambda=6.3382345688526665e-08 next_lambda=6.3382345688526665e-08 rho=0.47133188912018631 accept=1
CLASSICAL_LM o=91 lambda=6.3382345688526665e-08 tau=6.3382345688526665e-08 prediction=14.866793091910774 rho=0.47133188912018631 accept=1
  MFCG it  92 cost=2.475642e+05 lam=6.338e-08 tau=0.00e+00 cg_it=0 shift=0 ckpt=1 alpha=0 acc mv=247
PCG_PREP o=92 rebuild=1 drift=0 previous_depth=1
POINT_SAFE o=92 frozen=738 slope=-30.353199925805598 candidate=247564.94496089296 original=247557.12005497052 current=247564.24419144003 won=0 mode=1 camera_scale=1 keep_scale=0
ATTR_RADIUS o=92 raw_norm=27164.237894461236 norm=806.33814740741741 radius=1612.6762948148355 next_radius=1612.6762948148355 lambda=6.3382345688526665e-08 next_lambda=6.3382345688526665e-08 rho=0.47688808598148064 accept=1
CLASSICAL_LM o=92 lambda=6.3382345688526665e-08 tau=6.3382345688526665e-08 prediction=14.938801532102426 rho=0.47688808598148064 accept=1
  MFCG it  93 cost=2.475571e+05 lam=6.338e-08 tau=0.00e+00 cg_it=0 shift=0 ckpt=1 alpha=0 acc mv=249
PCG_PREP o=93 rebuild=1 drift=0 previous_depth=1
POINT_SAFE o=93 frozen=768 slope=-30.517095333869108 candidate=247557.44531911652 original=247549.86220486704 current=247557.12005497052 won=0 mode=1 camera_scale=1 keep_scale=0
ATTR_RADIUS o=93 raw_norm=26785.341263754926 norm=806.3381474074173 radius=1612.6762948148355 next_radius=1612.6762948148355 lambda=6.3382345688526665e-08 next_lambda=6.3382345688526665e-08 rho=0.48334498857421276 accept=1
CLASSICAL_LM o=93 lambda=6.3382345688526665e-08 tau=6.3382345688526665e-08 prediction=15.015879496127964 rho=0.48334498857421276 accept=1
  MFCG it  94 cost=2.475499e+05 lam=6.338e-08 tau=0.00e+00 cg_it=0 shift=0 ckpt=1 alpha=0 acc mv=251
PCG_PREP o=94 rebuild=1 drift=0 previous_depth=1
POINT_SAFE o=94 frozen=805 slope=-30.873151953673528 candidate=247549.84648331226 original=247542.43301761342 current=247549.86220486704 won=0 mode=1 camera_scale=1 keep_scale=0
ATTR_RADIUS o=94 raw_norm=26319.415364940702 norm=806.33814740741775 radius=1612.6762948148355 next_radius=1612.6762948148355 lambda=6.3382345688526665e-08 next_lambda=6.3382345688526665e-08 rho=0.48917726485826118 accept=1
CLASSICAL_LM o=94 lambda=6.3382345688526665e-08 tau=6.3382345688526665e-08 prediction=15.18710657120365 rho=0.48917726485826118 accept=1
  MFCG it  95 cost=2.475424e+05 lam=6.338e-08 tau=0.00e+00 cg_it=0 shift=0 ckpt=1 alpha=0 acc mv=253
PCG_PREP o=95 rebuild=1 drift=0 previous_depth=1
ATTR_RADIUS o=95 raw_norm=25838.389450296134 norm=0 radius=1612.6762948148355 next_radius=403.16907370370888 lambda=6.3382345688526665e-08 next_lambda=1.0141175310164266e-06 rho=0.0254118576028722 accept=0
CLASSICAL_LM o=95 lambda=6.3382345688526665e-08 tau=6.3382345688526665e-08 prediction=30.737716063064934 rho=0.0254118576028722 accept=0
  MFCG it  96  retry 1/8  lam=1.014e-06 tau_eff=6.338e-08  (assembly reused)
PCG_PREP o=95 rebuild=1 drift=0 previous_depth=1
ATTR_RADIUS o=95 raw_norm=2298.7915178238204 norm=403.16907370370899 radius=403.16907370370888 next_radius=806.33814740741775 lambda=1.0141175310164266e-06 next_lambda=2.5352938275410666e-07 rho=0.97345213805502329 accept=1
CLASSICAL_LM o=95 lambda=1.0141175310164266e-06 tau=1.0141175310164266e-06 prediction=75.362415426288749 rho=0.97345213805502329 accept=1
  MFCG it  96 cost=2.474691e+05 lam=2.535e-07 tau=0.00e+00 cg_it=0 shift=0 ckpt=1 alpha=0 acc mv=257
PCG_PREP o=96 rebuild=1 drift=0 previous_depth=1
ATTR_RADIUS o=96 raw_norm=7453.3767929648384 norm=806.33814740741775 radius=806.33814740741775 next_radius=1612.6762948148355 lambda=2.5352938275410666e-07 next_lambda=6.3382345688526665e-08 rho=0.99979300221168343 accept=1
CLASSICAL_LM o=96 lambda=2.5352938275410666e-07 tau=2.5352938275410666e-07 prediction=134.48206176207142 rho=0.99979300221168343 accept=1
  MFCG it  97 cost=2.473346e+05 lam=6.338e-08 tau=0.00e+00 cg_it=1 shift=0 ckpt=2 alpha=0 acc mv=260
PCG_PREP o=97 rebuild=1 drift=0 previous_depth=2
ATTR_RADIUS o=97 raw_norm=15569.148578542483 norm=1612.676294814836 radius=1612.6762948148355 next_radius=3225.352589629671 lambda=6.3382345688526665e-08 next_lambda=6.3382345688526665e-08 rho=0.8574213667172369 accept=1
CLASSICAL_LM o=97 lambda=6.3382345688526665e-08 tau=6.3382345688526665e-08 prediction=122.87405130444643 rho=0.8574213667172369 accept=1
  MFCG it  98 cost=2.472293e+05 lam=6.338e-08 tau=0.00e+00 cg_it=1 shift=0 ckpt=2 alpha=0 acc mv=263
PCG_PREP o=98 rebuild=1 drift=0 previous_depth=2
POINT_SAFE o=98 frozen=87 slope=-554.45714176949582 candidate=247014.30815486002 original=247002.36532983163 current=247229.26225191145 won=0 mode=1 camera_scale=1 keep_scale=0
ATTR_RADIUS o=98 raw_norm=10929.994790524703 norm=1612.6762948148362 radius=3225.352589629671 next_radius=3225.352589629671 lambda=6.3382345688526665e-08 next_lambda=6.3382345688526665e-08 rho=0.89339882770783685 accept=1
CLASSICAL_LM o=98 lambda=6.3382345688526665e-08 tau=6.3382345688526665e-08 prediction=253.97047213724125 rho=0.89339882770783685 accept=1
  MFCG it  99 cost=2.470024e+05 lam=6.338e-08 tau=0.00e+00 cg_it=1 shift=0 ckpt=2 alpha=0 acc mv=266
PCG_PREP o=99 rebuild=1 drift=0 previous_depth=2
POINT_SAFE o=99 frozen=167 slope=-139.35676466291156 candidate=247017.68491420022 original=246973.16089251364 current=247002.36532983163 won=0 mode=1 camera_scale=1 keep_scale=0
ATTR_RADIUS o=99 raw_norm=31067.420417677149 norm=1612.676294814835 radius=3225.352589629671 next_radius=3225.352589629671 lambda=6.3382345688526665e-08 next_lambda=6.3382345688526665e-08 rho=0.52568893328204946 accept=1
CLASSICAL_LM o=99 lambda=6.3382345688526665e-08 tau=6.3382345688526665e-08 prediction=55.554597917181006 rho=0.52568893328204946 accept=1
  MFCG it 100 cost=2.469732e+05 lam=6.338e-08 tau=0.00e+00 cg_it=0 shift=0 ckpt=1 alpha=0 acc mv=268
PCG_PREP o=100 rebuild=1 drift=0 previous_depth=1
POINT_SAFE o=100 frozen=158 slope=-73.403369095317103 candidate=247023.40162841338 original=246966.88177844606 current=246973.16089251364 won=0 mode=1 camera_scale=1 keep_scale=0
ATTR_RADIUS o=100 raw_norm=28978.108445662881 norm=1612.6762948148357 radius=3225.352589629671 next_radius=806.33814740741775 lambda=6.3382345688526665e-08 next_lambda=1.0141175310164266e-06 rho=0.20041074942028658 accept=1
CLASSICAL_LM o=100 lambda=6.3382345688526665e-08 tau=6.3382345688526665e-08 prediction=31.331223927592251 rho=0.20041074942028658 accept=1
  MFCG it 101 cost=2.469669e+05 lam=1.014e-06 tau=0.00e+00 cg_it=0 shift=0 ckpt=1 alpha=0 acc mv=270
PCG_PREP o=101 rebuild=1 drift=0 previous_depth=1
ATTR_RADIUS o=101 raw_norm=2066.3095389702116 norm=806.33814740741798 radius=806.33814740741775 next_radius=1612.6762948148355 lambda=1.0141175310164266e-06 next_lambda=2.5352938275410666e-07 rho=0.95187804505525353 accept=1
CLASSICAL_LM o=101 lambda=1.0141175310164266e-06 tau=1.0141175310164266e-06 prediction=103.3316594615568 rho=0.95187804505525353 accept=1
  MFCG it 102 cost=2.468685e+05 lam=2.535e-07 tau=0.00e+00 cg_it=0 shift=0 ckpt=1 alpha=0 acc mv=272
PCG_PREP o=102 rebuild=1 drift=0 previous_depth=1
ATTR_RADIUS o=102 raw_norm=15125.264033809794 norm=1612.676294814836 radius=1612.6762948148355 next_radius=3225.352589629671 lambda=2.5352938275410666e-07 next_lambda=6.3382345688526665e-08 rho=0.90779410530210636 accept=1
CLASSICAL_LM o=102 lambda=2.5352938275410666e-07 tau=2.5352938275410666e-07 prediction=136.03278390401479 rho=0.90779410530210636 accept=1
  MFCG it 103 cost=2.467450e+05 lam=6.338e-08 tau=0.00e+00 cg_it=2 shift=0 ckpt=3 alpha=0 acc mv=276
PCG_PREP o=103 rebuild=1 drift=0 previous_depth=3
ATTR_RADIUS o=103 raw_norm=33595.89541035772 norm=3225.3525896296701 radius=3225.352589629671 next_radius=806.33814740741775 lambda=6.3382345688526665e-08 next_lambda=1.0141175310164266e-06 rho=0.18643860499644879 accept=1
CLASSICAL_LM o=103 lambda=6.3382345688526665e-08 tau=6.3382345688526665e-08 prediction=104.1155961787167 rho=0.18643860499644879 accept=1
  MFCG it 104 cost=2.467256e+05 lam=1.014e-06 tau=0.00e+00 cg_it=2 shift=0 ckpt=3 alpha=0 acc mv=280
PCG_PREP o=104 rebuild=1 drift=0 previous_depth=3
ATTR_RADIUS o=104 raw_norm=1721.6355966643866 norm=806.33814740741775 radius=806.33814740741775 next_radius=1612.6762948148355 lambda=1.0141175310164266e-06 next_lambda=2.5352938275410666e-07 rho=0.9521706431088709 accept=1
CLASSICAL_LM o=104 lambda=1.0141175310164266e-06 tau=1.0141175310164266e-06 prediction=120.32073401858791 rho=0.9521706431088709 accept=1
  MFCG it 105 cost=2.466111e+05 lam=2.535e-07 tau=0.00e+00 cg_it=0 shift=0 ckpt=1 alpha=0 acc mv=282
PCG_PREP o=105 rebuild=1 drift=0 previous_depth=1
ATTR_RADIUS o=105 raw_norm=5402.6094035576643 norm=1612.6762948148353 radius=1612.6762948148355 next_radius=3225.352589629671 lambda=2.5352938275410666e-07 next_lambda=6.3382345688526665e-08 rho=0.97546627964121102 accept=1
CLASSICAL_LM o=105 lambda=2.5352938275410666e-07 tau=2.5352938275410666e-07 prediction=175.64937952031102 rho=0.97546627964121102 accept=1
  MFCG it 106 cost=2.464397e+05 lam=6.338e-08 tau=0.00e+00 cg_it=1 shift=0 ckpt=2 alpha=0 acc mv=285
PCG_PREP o=106 rebuild=1 drift=0 previous_depth=2
ATTR_RADIUS o=106 raw_norm=26694.376307753577 norm=3225.3525896296683 radius=3225.352589629671 next_radius=806.33814740741775 lambda=6.3382345688526665e-08 next_lambda=1.0141175310164266e-06 rho=0.13560796466329217 accept=1
CLASSICAL_LM o=106 lambda=6.3382345688526665e-08 tau=6.3382345688526665e-08 prediction=77.113128137209642 rho=0.13560796466329217 accept=1
  MFCG it 107 cost=2.464293e+05 lam=1.014e-06 tau=0.00e+00 cg_it=2 shift=0 ckpt=3 alpha=0 acc mv=289
PCG_PREP o=107 rebuild=1 drift=0 previous_depth=3
ATTR_RADIUS o=107 raw_norm=1773.904591062869 norm=806.33814740741764 radius=806.33814740741775 next_radius=1612.6762948148355 lambda=1.0141175310164266e-06 next_lambda=2.5352938275410666e-07 rho=1.0090711227821199 accept=1
CLASSICAL_LM o=107 lambda=1.0141175310164266e-06 tau=1.0141175310164266e-06 prediction=115.58118082684268 rho=1.0090711227821199 accept=1
  MFCG it 108 cost=2.463126e+05 lam=2.535e-07 tau=0.00e+00 cg_it=0 shift=0 ckpt=1 alpha=0 acc mv=291
PCG_PREP o=108 rebuild=1 drift=0 previous_depth=1
ATTR_RADIUS o=108 raw_norm=5062.7458810962416 norm=1612.6762948148355 radius=1612.6762948148355 next_radius=3225.352589629671 lambda=2.5352938275410666e-07 next_lambda=6.3382345688526665e-08 rho=1.0082049849430348 accept=1
CLASSICAL_LM o=108 lambda=2.5352938275410666e-07 tau=2.5352938275410666e-07 prediction=484.03459746055557 rho=1.0082049849430348 accept=1
  MFCG it 109 cost=2.458246e+05 lam=6.338e-08 tau=0.00e+00 cg_it=1 shift=0 ckpt=2 alpha=0 acc mv=294
PCG_PREP o=109 rebuild=1 drift=0 previous_depth=2
ATTR_RADIUS o=109 raw_norm=9645.6353129468753 norm=3225.3525896296719 radius=3225.352589629671 next_radius=6450.705179259342 lambda=6.3382345688526665e-08 next_lambda=6.3382345688526665e-08 rho=0.76321928595717792 accept=1
CLASSICAL_LM o=109 lambda=6.3382345688526665e-08 tau=6.3382345688526665e-08 prediction=412.66811830806444 rho=0.76321928595717792 accept=1
  MFCG it 110 cost=2.455097e+05 lam=6.338e-08 tau=0.00e+00 cg_it=1 shift=0 ckpt=2 alpha=0 acc mv=297
PCG_PREP o=110 rebuild=1 drift=0 previous_depth=2
POINT_SAFE o=110 frozen=107 slope=-236.18799873830875 candidate=245890.01745897482 original=245483.40370321373 current=245509.66665022593 won=0 mode=1 camera_scale=1 keep_scale=0
ATTR_RADIUS o=110 raw_norm=27415.940281481919 norm=1612.6762948148355 radius=6450.705179259342 next_radius=6450.705179259342 lambda=6.3382345688526665e-08 next_lambda=6.3382345688526665e-08 rho=0.47841283509298776 accept=1
CLASSICAL_LM o=110 lambda=6.3382345688526665e-08 tau=6.3382345688526665e-08 prediction=54.895991674429098 rho=0.47841283509298776 accept=1
  MFCG it 111 cost=2.454834e+05 lam=6.338e-08 tau=0.00e+00 cg_it=0 shift=0 ckpt=1 alpha=0 acc mv=299
PCG_PREP o=111 rebuild=1 drift=0 previous_depth=1
POINT_SAFE o=111 frozen=110 slope=-206.1716206603848 candidate=245887.35395150739 original=245462.75063884835 current=245483.40370321373 won=0 mode=1 camera_scale=1 keep_scale=0
ATTR_RADIUS o=111 raw_norm=25211.963305304711 norm=1612.6762948148357 radius=6450.705179259342 next_radius=6450.705179259342 lambda=6.3382345688526665e-08 next_lambda=6.3382345688526665e-08 rho=0.4255639668490479 accept=1
CLASSICAL_LM o=111 lambda=6.3382345688526665e-08 tau=6.3382345688526665e-08 prediction=48.531045798593588 rho=0.4255639668490479 accept=1
  MFCG it 112 cost=2.454628e+05 lam=6.338e-08 tau=0.00e+00 cg_it=0 shift=0 ckpt=1 alpha=0 acc mv=301
PCG_PREP o=112 rebuild=1 drift=0 previous_depth=1
POINT_SAFE o=112 frozen=107 slope=-194.53901621172707 candidate=245883.81434313484 original=245445.12604251242 current=245462.75063884835 won=0 mode=1 camera_scale=1 keep_scale=0
ATTR_RADIUS o=112 raw_norm=23266.406790880086 norm=1612.6762948148366 radius=6450.705179259342 next_radius=6450.705179259342 lambda=6.3382345688526665e-08 next_lambda=6.3382345688526665e-08 rho=0.38278920306501429 accept=1
CLASSICAL_LM o=112 lambda=6.3382345688526665e-08 tau=6.3382345688526665e-08 prediction=46.042563883213127 rho=0.38278920306501429 accept=1
  MFCG it 113 cost=2.454451e+05 lam=6.338e-08 tau=0.00e+00 cg_it=0 shift=0 ckpt=1 alpha=0 acc mv=303
PCG_PREP o=113 rebuild=1 drift=0 previous_depth=1
POINT_SAFE o=113 frozen=107 slope=-191.4213841791971 candidate=245879.23141199522 original=245429.33848792364 current=245445.12604251242 won=0 mode=1 camera_scale=1 keep_scale=0
ATTR_RADIUS o=113 raw_norm=21571.114789613872 norm=1612.676294814836 radius=6450.705179259342 next_radius=6450.705179259342 lambda=6.3382345688526665e-08 next_lambda=6.3382345688526665e-08 rho=0.34757327571349683 accept=1
CLASSICAL_LM o=113 lambda=6.3382345688526665e-08 tau=6.3382345688526665e-08 prediction=45.422233790476035 rho=0.34757327571349683 accept=1
  MFCG it 114 cost=2.454293e+05 lam=6.338e-08 tau=0.00e+00 cg_it=0 shift=0 ckpt=1 alpha=0 acc mv=305
PCG_PREP o=114 rebuild=1 drift=0 previous_depth=1
POINT_SAFE o=114 frozen=105 slope=-191.91041964195557 candidate=245873.03560124131 original=245414.62380977315 current=245429.33848792364 won=0 mode=1 camera_scale=1 keep_scale=0
ATTR_RADIUS o=114 raw_norm=20063.357624279975 norm=1612.6762948148362 radius=6450.705179259342 next_radius=6450.705179259342 lambda=6.3382345688526665e-08 next_lambda=6.3382345688526665e-08 rho=0.32289532468463494 accept=1
CLASSICAL_LM o=114 lambda=6.3382345688526665e-08 tau=6.3382345688526665e-08 prediction=45.571047412522262 rho=0.32289532468463494 accept=1
  MFCG it 115 cost=2.454146e+05 lam=6.338e-08 tau=0.00e+00 cg_it=0 shift=0 ckpt=1 alpha=0 acc mv=307
PCG_PREP o=115 rebuild=1 drift=0 previous_depth=1
POINT_SAFE o=115 frozen=113 slope=-194.35472867384803 candidate=245864.97791704419 original=245400.45640912864 current=245414.62380977315 won=0 mode=1 camera_scale=1 keep_scale=0
ATTR_RADIUS o=115 raw_norm=18714.165708541976 norm=1612.6762948148355 radius=6450.705179259342 next_radius=6450.705179259342 lambda=6.3382345688526665e-08 next_lambda=6.3382345688526665e-08 rho=0.30717268477263721 accept=1
CLASSICAL_LM o=115 lambda=6.3382345688526665e-08 tau=6.3382345688526665e-08 prediction=46.12194165310131 rho=0.30717268477263721 accept=1
  MFCG it 116 cost=2.454005e+05 lam=6.338e-08 tau=0.00e+00 cg_it=0 shift=0 ckpt=1 alpha=0 acc mv=309
PCG_PREP o=116 rebuild=1 drift=0 previous_depth=1
POINT_SAFE o=116 frozen=127 slope=-197.70815805715952 candidate=245854.97238054682 original=245386.49234076921 current=245400.45640912864 won=0 mode=1 camera_scale=1 keep_scale=0
ATTR_RADIUS o=116 raw_norm=17501.407506875916 norm=1612.6762948148355 radius=6450.705179259342 next_radius=6450.705179259342 lambda=6.3382345688526665e-08 next_lambda=6.3382345688526665e-08 rho=0.29809664915785622 accept=1
CLASSICAL_LM o=116 lambda=6.3382345688526665e-08 tau=6.3382345688526665e-08 prediction=46.844097036591677 rho=0.29809664915785622 accept=1
  MFCG it 117 cost=2.453865e+05 lam=6.338e-08 tau=0.00e+00 cg_it=0 shift=0 ckpt=1 alpha=0 acc mv=311
PCG_PREP o=117 rebuild=1 drift=0 previous_depth=1
POINT_SAFE o=117 frozen=133 slope=-201.26383743353531 candidate=245843.03865249766 original=245372.52140129407 current=245386.49234076921 won=0 mode=1 camera_scale=1 keep_scale=0
ATTR_RADIUS o=117 raw_norm=16405.88582483324 norm=1612.6762948148346 radius=6450.705179259342 next_radius=6450.705179259342 lambda=6.3382345688526665e-08 next_lambda=6.3382345688526665e-08 rho=0.2936190350867478 accept=1
CLASSICAL_LM o=117 lambda=6.3382345688526665e-08 tau=6.3382345688526665e-08 prediction=47.581858822651419 rho=0.2936190350867478 accept=1
  MFCG it 118 cost=2.453725e+05 lam=6.338e-08 tau=0.00e+00 cg_it=0 shift=0 ckpt=1 alpha=0 acc mv=313
PCG_PREP o=118 rebuild=1 drift=0 previous_depth=1
POINT_SAFE o=118 frozen=140 slope=-204.53356118896218 candidate=245829.27844657906 original=245358.43209661532 current=245372.52140129407 won=0 mode=1 camera_scale=1 keep_scale=0
ATTR_RADIUS o=118 raw_norm=15411.768140928047 norm=1612.676294814835 radius=6450.705179259342 next_radius=6450.705179259342 lambda=6.3382345688526665e-08 next_lambda=6.3382345688526665e-08 rho=0.29213910379117036 accept=1
CLASSICAL_LM o=118 lambda=6.3382345688526665e-08 tau=6.3382345688526665e-08 prediction=48.228068395885479 rho=0.29213910379117036 accept=1
  MFCG it 119 cost=2.453584e+05 lam=6.338e-08 tau=0.00e+00 cg_it=0 shift=0 ckpt=1 alpha=0 acc mv=315
PCG_PREP o=119 rebuild=1 drift=0 previous_depth=1
POINT_SAFE o=119 frozen=176 slope=-207.19042385055945 candidate=245813.84471033755 original=245344.18397444696 current=245358.43209661532 won=0 mode=1 camera_scale=1 keep_scale=0
ATTR_RADIUS o=119 raw_norm=14505.660165374997 norm=1612.6762948148357 radius=6450.705179259342 next_radius=6450.705179259342 lambda=6.3382345688526665e-08 next_lambda=6.3382345688526665e-08 rho=0.29250162797951257 accept=1
CLASSICAL_LM o=119 lambda=6.3382345688526665e-08 tau=6.3382345688526665e-08 prediction=48.711257666414049 rho=0.29250162797951257 accept=1
  MFCG it 120 cost=2.453442e+05 lam=6.338e-08 tau=0.00e+00 cg_it=0 shift=0 ckpt=1 alpha=0 acc mv=317
PCG_PREP o=120 rebuild=1 drift=0 previous_depth=1
POINT_SAFE o=120 frozen=220 slope=-209.02059163953263 candidate=245796.9209529467 original=245329.78746580146 current=245344.18397444696 won=0 mode=1 camera_scale=1 keep_scale=0
ATTR_RADIUS o=120 raw_norm=13676.129078347909 norm=1612.676294814836 radius=6450.705179259342 next_radius=6450.705179259342 lambda=6.3382345688526665e-08 next_lambda=6.3382345688526665e-08 rho=0.29389455256197672 accept=1
CLASSICAL_LM o=120 lambda=6.3382345688526665e-08 tau=6.3382345688526665e-08 prediction=48.985285776820163 rho=0.29389455256197672 accept=1
  MFCG it 121 cost=2.453298e+05 lam=6.338e-08 tau=0.00e+00 cg_it=0 shift=0 ckpt=1 alpha=0 acc mv=319
PCG_PREP o=121 rebuild=1 drift=0 previous_depth=1
POINT_SAFE o=121 frozen=241 slope=-209.9264288184477 candidate=245778.60431268683 original=245315.28938627243 current=245329.78746580146 won=0 mode=1 camera_scale=1 keep_scale=0
ATTR_RADIUS o=121 raw_norm=12913.661211591016 norm=1612.6762948148353 radius=6450.705179259342 next_radius=6450.705179259342 lambda=6.3382345688526665e-08 next_lambda=6.3382345688526665e-08 rho=0.29574489756466132 accept=1
CLASSICAL_LM o=121 lambda=6.3382345688526665e-08 tau=6.3382345688526665e-08 prediction=49.022247377445517 rho=0.29574489756466132 accept=1
  MFCG it 122 cost=2.453153e+05 lam=6.338e-08 tau=0.00e+00 cg_it=0 shift=0 ckpt=1 alpha=0 acc mv=321
PCG_PREP o=122 rebuild=1 drift=0 previous_depth=1
POINT_SAFE o=122 frozen=292 slope=-209.81136120511147 candidate=245759.20391386416 original=245300.76113436645 current=245315.28938627243 won=0 mode=1 camera_scale=1 keep_scale=0
ATTR_RADIUS o=122 raw_norm=12209.884908362867 norm=1612.676294814836 radius=6450.705179259342 next_radius=6450.705179259342 lambda=6.3382345688526665e-08 next_lambda=6.3382345688526665e-08 rho=0.29765588220790928 accept=1
CLASSICAL_LM o=122 lambda=6.3382345688526665e-08 tau=6.3382345688526665e-08 prediction=48.808885610518388 rho=0.29765588220790928 accept=1
  MFCG it 123 cost=2.453008e+05 lam=6.338e-08 tau=0.00e+00 cg_it=0 shift=0 ckpt=1 alpha=0 acc mv=323
PCG_PREP o=123 rebuild=1 drift=0 previous_depth=1
POINT_SAFE o=123 frozen=425 slope=-208.662368853121 candidate=245738.90791078511 original=245286.29157715302 current=245300.76113436645 won=0 mode=1 camera_scale=1 keep_scale=0
ATTR_RADIUS o=123 raw_norm=11557.689542245324 norm=1612.6762948148355 radius=6450.705179259342 next_radius=6450.705179259342 lambda=6.3382345688526665e-08 next_lambda=6.3382345688526665e-08 rho=0.29932190302736295 accept=1
CLASSICAL_LM o=123 lambda=6.3382345688526665e-08 tau=6.3382345688526665e-08 prediction=48.341123944075754 rho=0.29932190302736295 accept=1
  MFCG it 124 cost=2.452863e+05 lam=6.338e-08 tau=0.00e+00 cg_it=0 shift=0 ckpt=1 alpha=0 acc mv=325
PCG_PREP o=124 rebuild=1 drift=0 previous_depth=1
POINT_SAFE o=124 frozen=499 slope=-206.48549175651755 candidate=245717.9372323282 original=245271.98103180921 current=245286.29157715302 won=0 mode=1 camera_scale=1 keep_scale=0
ATTR_RADIUS o=124 raw_norm=10950.586063924726 norm=1612.676294814835 radius=6450.705179259342 next_radius=6450.705179259342 lambda=6.3382345688526665e-08 next_lambda=6.3382345688526665e-08 rho=0.30050438592139533 accept=1
CLASSICAL_LM o=124 lambda=6.3382345688526665e-08 tau=6.3382345688526665e-08 prediction=47.621752008510342 rho=0.30050438592139533 accept=1
  MFCG it 125 cost=2.452720e+05 lam=6.338e-08 tau=0.00e+00 cg_it=0 shift=0 ckpt=1 alpha=0 acc mv=327
PCG_PREP o=125 rebuild=1 drift=0 previous_depth=1
POINT_SAFE o=125 frozen=556 slope=-203.28720270734485 candidate=245696.58413141247 original=245257.93491069257 current=245271.98103180921 won=0 mode=1 camera_scale=1 keep_scale=0
ATTR_RADIUS o=125 raw_norm=10383.248531883588 norm=1612.6762948148355 radius=6450.705179259342 next_radius=6450.705179259342 lambda=6.3382345688526665e-08 next_lambda=6.3382345688526665e-08 rho=0.30104219897177736 accept=1
CLASSICAL_LM o=125 lambda=6.3382345688526665e-08 tau=6.3382345688526665e-08 prediction=46.658312903026264 rho=0.30104219897177736 accept=1
  MFCG it 126 cost=2.452579e+05 lam=6.338e-08 tau=0.00e+00 cg_it=0 shift=0 ckpt=1 alpha=0 acc mv=329
PCG_PREP o=126 rebuild=1 drift=0 previous_depth=1
POINT_SAFE o=126 frozen=629 slope=-199.1074872842126 candidate=245675.14035531538 original=245244.25470655499 current=245257.93491069257 won=0 mode=1 camera_scale=1 keep_scale=0
ATTR_RADIUS o=126 raw_norm=9854.8857693182454 norm=1612.6762948148355 radius=6450.705179259342 next_radius=6450.705179259342 lambda=6.3382345688526665e-08 next_lambda=6.3382345688526665e-08 rho=0.30088211195848785 accept=1
CLASSICAL_LM o=126 lambda=6.3382345688526665e-08 tau=6.3382345688526665e-08 prediction=45.466990538357784 rho=0.30088211195848785 accept=1
  MFCG it 127 cost=2.452443e+05 lam=6.338e-08 tau=0.00e+00 cg_it=0 shift=0 ckpt=1 alpha=0 acc mv=331
PCG_PREP o=127 rebuild=1 drift=0 previous_depth=1
POINT_SAFE o=127 frozen=697 slope=-194.10602639340951 candidate=245653.82215838018 original=245231.01942272886 current=245244.25470655499 won=0 mode=1 camera_scale=1 keep_scale=0
ATTR_RADIUS o=127 raw_norm=9367.0448518721641 norm=1612.6762948148355 radius=6450.705179259342 next_radius=6450.705179259342 lambda=6.3382345688526665e-08 next_lambda=6.3382345688526665e-08 rho=0.3001705597309744 accept=1
CLASSICAL_LM o=127 lambda=6.3382345688526665e-08 tau=6.3382345688526665e-08 prediction=44.092544711881814 rho=0.3001705597309744 accept=1
  MFCG it 128 cost=2.452310e+05 lam=6.338e-08 tau=0.00e+00 cg_it=0 shift=0 ckpt=1 alpha=0 acc mv=333
PCG_PREP o=128 rebuild=1 drift=0 previous_depth=1
POINT_SAFE o=128 frozen=739 slope=-188.46060146600331 candidate=245632.81764091938 original=245218.28378944486 current=245231.01942272886 won=0 mode=1 camera_scale=1 keep_scale=0
ATTR_RADIUS o=128 raw_norm=8916.2475342248745 norm=1612.676294814836 radius=6450.705179259342 next_radius=6450.705179259342 lambda=6.3382345688526665e-08 next_lambda=6.3382345688526665e-08 rho=0.29906506543899802 accept=1
CLASSICAL_LM o=128 lambda=6.3382345688526665e-08 tau=6.3382345688526665e-08 prediction=42.584824360225412 rho=0.29906506543899802 accept=1
  MFCG it 129 cost=2.452183e+05 lam=6.338e-08 tau=0.00e+00 cg_it=0 shift=0 ckpt=1 alpha=0 acc mv=335
PCG_PREP o=129 rebuild=1 drift=0 previous_depth=1
POINT_SAFE o=129 frozen=781 slope=-182.28539635750494 candidate=245612.29482551271 original=245206.08985206086 current=245218.28378944486 won=0 mode=1 camera_scale=1 keep_scale=0
ATTR_RADIUS o=129 raw_norm=8496.9430316215439 norm=1612.6762948148362 radius=6450.705179259342 next_radius=6450.705179259342 lambda=6.3382345688526665e-08 next_lambda=6.3382345688526665e-08 rho=0.29760391182852519 accept=1
CLASSICAL_LM o=129 lambda=6.3382345688526665e-08 tau=6.3382345688526665e-08 prediction=40.973713379901881 rho=0.29760391182852519 accept=1
  MFCG it 130 cost=2.452061e+05 lam=6.338e-08 tau=0.00e+00 cg_it=0 shift=0 ckpt=1 alpha=0 acc mv=337
PCG_PREP o=130 rebuild=1 drift=0 previous_depth=1
POINT_SAFE o=130 frozen=815 slope=-175.68683120607272 candidate=245592.38247031439 original=245194.46918651924 current=245206.08985206086 won=0 mode=1 camera_scale=1 keep_scale=0
ATTR_RADIUS o=130 raw_norm=8105.9536594005604 norm=1612.6762948148355 radius=6450.705179259342 next_radius=6450.705179259342 lambda=6.3382345688526665e-08 next_lambda=6.3382345688526665e-08 rho=0.29581170913896193 accept=1
CLASSICAL_LM o=130 lambda=6.3382345688526665e-08 tau=6.3382345688526665e-08 prediction=39.283994455264178 rho=0.29581170913896193 accept=1
  MFCG it 131 cost=2.451945e+05 lam=6.338e-08 tau=0.00e+00 cg_it=0 shift=0 ckpt=1 alpha=0 acc mv=339
PCG_PREP o=131 rebuild=1 drift=0 previous_depth=1
POINT_SAFE o=131 frozen=832 slope=-168.79262796863614 candidate=245573.17839656826 original=245183.43882968242 current=245194.46918651924 won=0 mode=1 camera_scale=1 keep_scale=0
ATTR_RADIUS o=131 raw_norm=7741.8881702263334 norm=1612.6762948148355 radius=6450.705179259342 next_radius=6450.705179259342 lambda=6.3382345688526665e-08 next_lambda=6.3382345688526665e-08 rho=0.29378491423964553 accept=1
CLASSICAL_LM o=131 lambda=6.3382345688526665e-08 tau=6.3382345688526665e-08 prediction=37.545688366516053 rho=0.29378491423964553 accept=1
  MFCG it 132 cost=2.451834e+05 lam=6.338e-08 tau=0.00e+00 cg_it=0 shift=0 ckpt=1 alpha=0 acc mv=341
PCG_PREP o=132 rebuild=1 drift=0 previous_depth=1
POINT_SAFE o=132 frozen=841 slope=-161.7473301751443 candidate=245554.74696748363 original=245172.99879039894 current=245183.43882968242 won=0 mode=1 camera_scale=1 keep_scale=0
ATTR_RADIUS o=132 raw_norm=7403.3530692618506 norm=1612.676294814835 radius=6450.705179259342 next_radius=6450.705179259342 lambda=6.3382345688526665e-08 next_lambda=6.3382345688526665e-08 rho=0.29168218026719034 accept=1
CLASSICAL_LM o=132 lambda=6.3382345688526665e-08 tau=6.3382345688526665e-08 prediction=35.792516614885933 rho=0.29168218026719034 accept=1
  MFCG it 133 cost=2.451730e+05 lam=6.338e-08 tau=0.00e+00 cg_it=0 shift=0 ckpt=1 alpha=0 acc mv=343
PCG_PREP o=133 rebuild=1 drift=0 previous_depth=1
POINT_SAFE o=133 frozen=841 slope=-154.6813379670819 candidate=245537.13139387729 original=245163.13470699859 current=245172.99879039894 won=0 mode=1 camera_scale=1 keep_scale=0
ATTR_RADIUS o=133 raw_norm=7088.3134948317347 norm=1612.6762948148355 radius=6450.705179259342 next_radius=6450.705179259342 lambda=6.3382345688526665e-08 next_lambda=6.3382345688526665e-08 rho=0.28965511900208507 accept=1
CLASSICAL_LM o=133 lambda=6.3382345688526665e-08 tau=6.3382345688526665e-08 prediction=34.054579923631181 rho=0.28965511900208507 accept=1
  MFCG it 134 cost=2.451631e+05 lam=6.338e-08 tau=0.00e+00 cg_it=0 shift=0 ckpt=1 alpha=0 acc mv=345
PCG_PREP o=134 rebuild=1 drift=0 previous_depth=1
POINT_SAFE o=134 frozen=845 slope=-147.69974794722924 candidate=245520.35619918216 original=245153.82244573065 current=245163.13470699859 won=0 mode=1 camera_scale=1 keep_scale=0
ATTR_RADIUS o=134 raw_norm=6794.3507159522005 norm=1612.6762948148355 radius=6450.705179259342 next_radius=6450.705179259342 lambda=6.3382345688526665e-08 next_lambda=6.3382345688526665e-08 rho=0.28781507037978871 accept=1
CLASSICAL_LM o=134 lambda=6.3382345688526665e-08 tau=6.3382345688526665e-08 prediction=32.355016211122894 rho=0.28781507037978871 accept=1
  MFCG it 135 cost=2.451538e+05 lam=6.338e-08 tau=0.00e+00 cg_it=0 shift=0 ckpt=1 alpha=0 acc mv=347
PCG_PREP o=135 rebuild=1 drift=0 previous_depth=1
POINT_SAFE o=135 frozen=841 slope=-140.88419287092964 candidate=245504.42223677441 original=245145.03147885995 current=245153.82244573065 won=0 mode=1 camera_scale=1 keep_scale=0
ATTR_RADIUS o=135 raw_norm=6519.0049167906081 norm=1612.676294814835 radius=6450.705179259342 next_radius=6450.705179259342 lambda=6.3382345688526665e-08 next_lambda=6.3382345688526665e-08 rho=0.2862490320745229 accept=1
CLASSICAL_LM o=135 lambda=6.3382345688526665e-08 tau=6.3382345688526665e-08 prediction=30.710905140846418 rho=0.2862490320745229 accept=1
  MFCG it 136 cost=2.451450e+05 lam=6.338e-08 tau=0.00e+00 cg_it=0 shift=0 ckpt=1 alpha=0 acc mv=349
PCG_PREP o=136 rebuild=1 drift=0 previous_depth=1
POINT_SAFE o=136 frozen=754 slope=-130.55737153714244 candidate=245457.17823870384 original=245136.22132947968 current=245145.03147885995 won=0 mode=1 camera_scale=1 keep_scale=0
ATTR_RADIUS o=136 raw_norm=6260.6351749948753 norm=1565.1587937487188 radius=6450.705179259342 next_radius=6450.705179259342 lambda=6.3382345688526665e-08 next_lambda=6.3382345688526665e-08 rho=0.30920682978143071 accept=1
CLASSICAL_LM o=136 lambda=6.3382345688526665e-08 tau=6.3382345688526665e-08 prediction=28.492738619310149 rho=0.30920682978143071 accept=1
  MFCG it 137 cost=2.451362e+05 lam=6.338e-08 tau=0.00e+00 cg_it=0 shift=0 ckpt=1 alpha=0 acc mv=351
PCG_PREP o=137 rebuild=1 drift=0 previous_depth=1
POINT_SAFE o=137 frozen=659 slope=-118.87904048471654 candidate=245407.21004804384 original=245127.53532289245 current=245136.22132947968 won=0 mode=1 camera_scale=1 keep_scale=0
ATTR_RADIUS o=137 raw_norm=6031.8362873850401 norm=1507.95907184626 radius=6450.705179259342 next_radius=6450.705179259342 lambda=6.3382345688526665e-08 next_lambda=6.3382345688526665e-08 rho=0.33407909917189549 accept=1
CLASSICAL_LM o=137 lambda=6.3382345688526665e-08 tau=6.3382345688526665e-08 prediction=25.999850361073545 rho=0.33407909917189549 accept=1
  MFCG it 138 cost=2.451275e+05 lam=6.338e-08 tau=0.00e+00 cg_it=0 shift=0 ckpt=1 alpha=0 acc mv=353
PCG_PREP o=138 rebuild=1 drift=0 previous_depth=1
POINT_SAFE o=138 frozen=581 slope=-107.45504989284805 candidate=245365.62452079979 original=245119.24500392427 current=245127.53532289245 won=0 mode=1 camera_scale=1 keep_scale=0
ATTR_RADIUS o=138 raw_norm=5833.0111840414374 norm=1458.2527960103594 radius=6450.705179259342 next_radius=6450.705179259342 lambda=6.3382345688526665e-08 next_lambda=6.3382345688526665e-08 rho=0.35233484911122742 accept=1
CLASSICAL_LM o=138 lambda=6.3382345688526665e-08 tau=6.3382345688526665e-08 prediction=23.529659325764907 rho=0.35233484911122742 accept=1
  MFCG it 139 cost=2.451192e+05 lam=6.338e-08 tau=0.00e+00 cg_it=0 shift=0 ckpt=1 alpha=0 acc mv=355
PCG_PREP o=139 rebuild=1 drift=0 previous_depth=1
POINT_SAFE o=139 frozen=521 slope=-96.776548481776331 candidate=245330.83613487004 original=245111.48528424298 current=245119.24500392427 won=0 mode=1 camera_scale=1 keep_scale=0
ATTR_RADIUS o=139 raw_norm=5659.7323721644207 norm=1414.9330930411052 radius=6450.705179259342 next_radius=6450.705179259342 lambda=6.3382345688526665e-08 next_lambda=6.3382345688526665e-08 rho=0.36594257535801483 accept=1
CLASSICAL_LM o=139 lambda=6.3382345688526665e-08 tau=6.3382345688526665e-08 prediction=21.204746875091462 rho=0.36594257535801483 accept=1
  MFCG it 140 cost=2.451115e+05 lam=6.338e-08 tau=0.00e+00 cg_it=0 shift=0 ckpt=1 alpha=0 acc mv=357
PCG_PREP o=140 rebuild=1 drift=0 previous_depth=1
POINT_SAFE o=140 frozen=501 slope=-87.080807663981403 candidate=245301.55396907558 original=245104.30150716033 current=245111.48528424298 won=0 mode=1 camera_scale=1 keep_scale=0
ATTR_RADIUS o=140 raw_norm=5508.2468672955765 norm=1377.0617168238941 radius=6450.705179259342 next_radius=6450.705179259342 lambda=6.3382345688526665e-08 next_lambda=6.3382345688526665e-08 rho=0.37635923333744759 accept=1
CLASSICAL_LM o=140 lambda=6.3382345688526665e-08 tau=6.3382345688526665e-08 prediction=19.087553715500853 rho=0.37635923333744759 accept=1
  MFCG it 141 cost=2.451043e+05 lam=6.338e-08 tau=0.00e+00 cg_it=0 shift=0 ckpt=1 alpha=0 acc mv=359
PCG_PREP o=141 rebuild=1 drift=0 previous_depth=1
POINT_SAFE o=141 frozen=490 slope=-78.453175942432722 candidate=245276.737575743 original=245097.68575511919 current=245104.30150716033 won=0 mode=1 camera_scale=1 keep_scale=0
ATTR_RADIUS o=141 raw_norm=5375.6112489552133 norm=1343.9028122388033 radius=6450.705179259342 next_radius=6450.705179259342 lambda=6.3382345688526665e-08 next_lambda=6.3382345688526665e-08 rho=0.38461553680087479 accept=1
CLASSICAL_LM o=141 lambda=6.3382345688526665e-08 tau=6.3382345688526665e-08 prediction=17.200948500843559 rho=0.38461553680087479 accept=1
  MFCG it 142 cost=2.450977e+05 lam=6.338e-08 tau=0.00e+00 cg_it=0 shift=0 ckpt=1 alpha=0 acc mv=361
PCG_PREP o=142 rebuild=1 drift=0 previous_depth=1
POINT_SAFE o=142 frozen=491 slope=-70.879818053522285 candidate=245255.53928625397 original=245091.6003130351 current=245097.68575511919 won=0 mode=1 camera_scale=1 keep_scale=0
ATTR_RADIUS o=142 raw_norm=5259.2285626262146 norm=1314.8071406565537 radius=6450.705179259342 next_radius=6450.705179259342 lambda=6.3382345688526665e-08 next_lambda=6.3382345688526665e-08 rho=0.39149623423820057 accept=1
CLASSICAL_LM o=142 lambda=6.3382345688526665e-08 tau=6.3382345688526665e-08 prediction=15.544062884622482 rho=0.39149623423820057 accept=1
  MFCG it 143 cost=2.450916e+05 lam=6.338e-08 tau=0.00e+00 cg_it=0 shift=0 ckpt=1 alpha=0 acc mv=363
PCG_PREP o=143 rebuild=1 drift=0 previous_depth=1
POINT_SAFE o=143 frozen=498 slope=-64.293991001654987 candidate=245237.27293313839 original=245085.9933574727 current=245091.6003130351 won=0 mode=1 camera_scale=1 keep_scale=0
ATTR_RADIUS o=143 raw_norm=5156.845178633459 norm=1289.2112946583647 radius=6450.705179259342 next_radius=6450.705179259342 lambda=6.3382345688526665e-08 next_lambda=6.3382345688526665e-08 rho=0.39758330654535606 accept=1
CLASSICAL_LM o=143 lambda=6.3382345688526665e-08 tau=6.3382345688526665e-08 prediction=14.102593016586908 rho=0.39758330654535606 accept=1
  MFCG it 144 cost=2.450860e+05 lam=6.338e-08 tau=0.00e+00 cg_it=0 shift=0 ckpt=1 alpha=0 acc mv=365
PCG_PREP o=144 rebuild=1 drift=0 previous_depth=1
POINT_SAFE o=144 frozen=499 slope=-58.598000103785608 candidate=245221.36639313874 original=245080.8080262148 current=245085.9933574727 won=0 mode=1 camera_scale=1 keep_scale=0
ATTR_RADIUS o=144 raw_norm=5066.2603490543679 norm=1266.565087263592 radius=6450.705179259342 next_radius=6450.705179259342 lambda=6.3382345688526665e-08 next_lambda=6.3382345688526665e-08 rho=0.4033517562378644 accept=1
CLASSICAL_LM o=144 lambda=6.3382345688526665e-08 tau=6.3382345688526665e-08 prediction=12.855606000749109 rho=0.4033517562378644 accept=1
  MFCG it 145 cost=2.450808e+05 lam=6.338e-08 tau=0.00e+00 cg_it=0 shift=0 ckpt=1 alpha=0 acc mv=367
PCG_PREP o=145 rebuild=1 drift=0 previous_depth=1
POINT_SAFE o=145 frozen=502 slope=-53.684182177885575 candidate=245207.33879535351 original=245075.98788539364 current=245080.8080262148 won=0 mode=1 camera_scale=1 keep_scale=0
ATTR_RADIUS o=145 raw_norm=4985.3334802863865 norm=1246.3333700715966 radius=6450.705179259342 next_radius=6450.705179259342 lambda=6.3382345688526665e-08 next_lambda=6.3382345688526665e-08 rho=0.40919350988403663 accept=1
CLASSICAL_LM o=145 lambda=6.3382345688526665e-08 tau=6.3382345688526665e-08 prediction=11.779612102173253 rho=0.40919350988403663 accept=1
  MFCG it 146 cost=2.450760e+05 lam=6.338e-08 tau=0.00e+00 cg_it=0 shift=0 ckpt=1 alpha=0 acc mv=369
PCG_PREP o=146 rebuild=1 drift=0 previous_depth=1
POINT_SAFE o=146 frozen=519 slope=-49.443980364315749 candidate=245194.85354795548 original=245071.48181276972 current=245075.98788539364 won=0 mode=1 camera_scale=1 keep_scale=0
ATTR_RADIUS o=146 raw_norm=4912.629188253215 norm=1228.1572970633038 radius=6450.705179259342 next_radius=6450.705179259342 lambda=6.3382345688526665e-08 next_lambda=6.3382345688526665e-08 rho=0.41527057662763467 accept=1
CLASSICAL_LM o=146 lambda=6.3382345688526665e-08 tau=6.3382345688526665e-08 prediction=10.850931603463073 rho=0.41527057662763467 accept=1
  MFCG it 147 cost=2.450715e+05 lam=6.338e-08 tau=0.00e+00 cg_it=0 shift=0 ckpt=1 alpha=0 acc mv=371
PCG_PREP o=147 rebuild=1 drift=0 previous_depth=1
POINT_SAFE o=147 frozen=531 slope=-45.778011257251144 candidate=245183.60719201449 original=245067.24409201284 current=245071.48181276972 won=0 mode=1 camera_scale=1 keep_scale=0
ATTR_RADIUS o=147 raw_norm=4846.5751567128673 norm=1211.6437891782168 radius=6450.705179259342 next_radius=6450.705179259342 lambda=6.3382345688526665e-08 next_lambda=6.3382345688526665e-08 rho=0.42175135150880155 accept=1
CLASSICAL_LM o=147 lambda=6.3382345688526665e-08 tau=6.3382345688526665e-08 prediction=10.047912690068538 rho=0.42175135150880155 accept=1
  MFCG it 148 cost=2.450672e+05 lam=6.338e-08 tau=0.00e+00 cg_it=0 shift=0 ckpt=1 alpha=0 acc mv=373
PCG_PREP o=148 rebuild=1 drift=0 previous_depth=1
POINT_SAFE o=148 frozen=534 slope=-42.596092275853103 candidate=245173.35676963467 original=245063.23499481095 current=245067.24409201284 won=0 mode=1 camera_scale=1 keep_scale=0
ATTR_RADIUS o=148 raw_norm=4785.809980621967 norm=1196.4524951554918 radius=6450.705179259342 next_radius=6450.705179259342 lambda=6.3382345688526665e-08 next_lambda=6.3382345688526665e-08 rho=0.4287346467692707 accept=1
CLASSICAL_LM o=148 lambda=6.3382345688526665e-08 tau=6.3382345688526665e-08 prediction=9.3509988803231732 rho=0.4287346467692707 accept=1
  MFCG it 149 cost=2.450632e+05 lam=6.338e-08 tau=0.00e+00 cg_it=0 shift=0 ckpt=1 alpha=0 acc mv=375
PCG_PREP o=149 rebuild=1 drift=0 previous_depth=1
POINT_SAFE o=149 frozen=536 slope=-39.820633638666891 candidate=245163.916181882 original=245059.42086263761 current=245063.23499481095 won=0 mode=1 camera_scale=1 keep_scale=0
ATTR_RADIUS o=149 raw_norm=4729.254658512179 norm=1182.313664628045 radius=6450.705179259342 next_radius=6450.705179259342 lambda=6.3382345688526665e-08 next_lambda=6.3382345688526665e-08 rho=0.43624741665613448 accept=1
CLASSICAL_LM o=149 lambda=6.3382345688526665e-08 tau=6.3382345688526665e-08 prediction=8.743048159637274 rho=0.43624741665613448 accept=1
  MFCG it 150 cost=2.450594e+05 lam=6.338e-08 tau=0.00e+00 cg_it=0 shift=0 ckpt=1 alpha=0 acc mv=377
PCG_PREP o=150 rebuild=1 drift=0 previous_depth=1
POINT_SAFE o=150 frozen=539 slope=-37.385023349003283 candidate=245155.15588994493 original=245055.77396706224 current=245059.42086263761 won=0 mode=1 camera_scale=1 keep_scale=0
ATTR_RADIUS o=150 raw_norm=4676.2092344998819 norm=1169.0523086249707 radius=6450.705179259342 next_radius=6450.705179259342 lambda=6.3382345688526665e-08 next_lambda=6.3382345688526665e-08 rho=0.44423255026306868 accept=1
CLASSICAL_LM o=150 lambda=6.3382345688526665e-08 tau=6.3382345688526665e-08 prediction=8.2094289876024895 rho=0.44423255026306868 accept=1
  MFCG it 151 cost=2.450558e+05 lam=6.338e-08 tau=0.00e+00 cg_it=0 shift=0 ckpt=1 alpha=0 acc mv=379
PCG_PREP o=151 rebuild=1 drift=0 previous_depth=1
POINT_SAFE o=151 frozen=209 slope=-133.97684479223147 candidate=245333.31066508096 original=245049.81436993062 current=245055.77396706224 won=0 mode=1 camera_scale=1 keep_scale=0
ATTR_RADIUS o=151 raw_norm=7672.3641283748411 norm=3225.352589629671 radius=6450.705179259342 next_radius=1612.6762948148355 lambda=6.3382345688526665e-08 next_lambda=1.0141175310164266e-06 rho=0.11250521896089766 accept=1
CLASSICAL_LM o=151 lambda=6.3382345688526665e-08 tau=6.3382345688526665e-08 prediction=52.971739326040122 rho=0.11250521896089766 accept=1
  MFCG it 152 cost=2.450498e+05 lam=1.014e-06 tau=0.00e+00 cg_it=2 shift=0 ckpt=3 alpha=0 acc mv=383
PCG_PREP o=152 rebuild=1 drift=0 previous_depth=3
ATTR_RADIUS o=152 raw_norm=221.92569800960104 norm=221.92569800960106 radius=1612.6762948148355 next_radius=1612.6762948148355 lambda=1.0141175310164266e-06 next_lambda=1.0141175310164267e-07 rho=1.0016669730129835 accept=1
CLASSICAL_LM o=152 lambda=1.0141175310164266e-06 tau=1.0141175310164266e-06 prediction=54.894458741746057 rho=1.0016669730129835 accept=1
  MFCG it 153 cost=2.449948e+05 lam=1.014e-07 tau=0.00e+00 cg_it=0 shift=0 ckpt=1 alpha=0 acc mv=385
PCG_PREP o=153 rebuild=1 drift=0 previous_depth=1
ATTR_RADIUS o=153 raw_norm=2137.0351403063905 norm=1612.6762948148355 radius=1612.6762948148355 next_radius=3225.352589629671 lambda=1.0141175310164267e-07 next_lambda=6.3382345688526665e-08 rho=0.9727030961767501 accept=1
CLASSICAL_LM o=153 lambda=1.0141175310164267e-07 tau=1.0141175310164267e-07 prediction=42.209912624677557 rho=0.9727030961767501 accept=1
  MFCG it 154 cost=2.449538e+05 lam=6.338e-08 tau=0.00e+00 cg_it=27 shift=0 ckpt=28 alpha=0 acc mv=414
PCG_PREP o=154 rebuild=1 drift=0 previous_depth=28
POINT_SAFE o=154 frozen=274 slope=-3.9920246078399142 candidate=244981.01714073855 original=244953.62384687827 current=244953.77069090822 won=0 mode=1 camera_scale=1 keep_scale=0
ATTR_RADIUS o=154 raw_norm=3152.132565993013 norm=788.03314149825326 radius=3225.352589629671 next_radius=806.33814740741775 lambda=6.3382345688526665e-08 next_lambda=1.0141175310164266e-06 rho=0.16385449022345827 accept=1
CLASSICAL_LM o=154 lambda=6.3382345688526665e-08 tau=6.3382345688526665e-08 prediction=0.89618557141878497 rho=0.16385449022345827 accept=1
  MFCG it 155 cost=2.449536e+05 lam=1.014e-06 tau=0.00e+00 cg_it=0 shift=0 ckpt=1 alpha=0 acc mv=416
PCG_PREP o=155 rebuild=1 drift=0 previous_depth=1
ATTR_RADIUS o=155 raw_norm=216.67656479130312 norm=216.67656479130312 radius=806.33814740741775 next_radius=806.33814740741775 lambda=1.0141175310164266e-06 next_lambda=1.0141175310164267e-07 rho=1.0153707044777123 accept=1
CLASSICAL_LM o=155 lambda=1.0141175310164266e-06 tau=1.0141175310164266e-06 prediction=1.9065746541977253 rho=1.0153707044777123 accept=1
  MFCG it 156 cost=2.449517e+05 lam=1.014e-07 tau=0.00e+00 cg_it=0 shift=0 ckpt=1 alpha=0 acc mv=418
PCG_PREP o=156 rebuild=1 drift=0 previous_depth=1
ATTR_RADIUS o=156 raw_norm=1579.0245342247028 norm=806.33814740741798 radius=806.33814740741775 next_radius=1612.6762948148355 lambda=1.0141175310164267e-07 next_lambda=6.3382345688526665e-08 rho=0.99128375692885273 accept=1
CLASSICAL_LM o=156 lambda=1.0141175310164267e-07 tau=1.0141175310164267e-07 prediction=2.3802319081906234 rho=0.99128375692885273 accept=1
  MFCG it 157 cost=2.449493e+05 lam=6.338e-08 tau=0.00e+00 cg_it=18 shift=0 ckpt=19 alpha=0 acc mv=438
PCG_PREP o=157 rebuild=1 drift=0 previous_depth=19
POINT_SAFE o=157 frozen=148 slope=-0.624307029256571 candidate=244951.43051180895 original=244949.24085372186 current=244949.32848160018 won=0 mode=1 camera_scale=1 keep_scale=0
ATTR_RADIUS o=157 raw_norm=2812.3460381128002 norm=403.16907370370893 radius=1612.6762948148355 next_radius=1612.6762948148355 lambda=6.3382345688526665e-08 next_lambda=6.3382345688526665e-08 rho=0.57920736757896996 accept=1
CLASSICAL_LM o=157 lambda=6.3382345688526665e-08 tau=6.3382345688526665e-08 prediction=0.1512893019499541 rho=0.57920736757896996 accept=1
  MFCG it 158 cost=2.449492e+05 lam=6.338e-08 tau=0.00e+00 cg_it=0 shift=0 ckpt=1 alpha=0 acc mv=440
PCG_PREP o=158 rebuild=1 drift=0 previous_depth=1
POINT_SAFE o=158 frozen=122 slope=-0.67015171518059846 candidate=244951.3587943163 original=244949.15047860568 current=244949.24085372186 won=0 mode=1 camera_scale=1 keep_scale=0
ATTR_RADIUS o=158 raw_norm=2770.9052815374275 norm=403.16907370370899 radius=1612.6762948148355 next_radius=1612.6762948148355 lambda=6.3382345688526665e-08 next_lambda=6.3382345688526665e-08 rho=0.55803453951142901 accept=1
CLASSICAL_LM o=158 lambda=6.3382345688526665e-08 tau=6.3382345688526665e-08 prediction=0.16195254914038776 rho=0.55803453951142901 accept=1
  MFCG it 159 cost=2.449492e+05 lam=6.338e-08 tau=0.00e+00 cg_it=0 shift=0 ckpt=1 alpha=0 acc mv=442
PCG_PREP o=159 rebuild=1 drift=0 previous_depth=1
POINT_SAFE o=159 frozen=71 slope=-0.71907586177598326 candidate=244951.27333121127 original=244949.05532621744 current=244949.15047860568 won=0 mode=1 camera_scale=1 keep_scale=0
ATTR_RADIUS o=159 raw_norm=2730.5968268979582 norm=403.16907370370905 radius=1612.6762948148355 next_radius=1612.6762948148355 lambda=6.3382345688526665e-08 next_lambda=6.3382345688526665e-08 rho=0.54925354983593122 accept=1
CLASSICAL_LM o=159 lambda=6.3382345688526665e-08 tau=6.3382345688526665e-08 prediction=0.17323945975030186 rho=0.54925354983593122 accept=1
  MFCG it 160 cost=2.449491e+05 lam=6.338e-08 tau=0.00e+00 cg_it=0 shift=0 ckpt=1 alpha=0 acc mv=444
PCG_PREP o=160 rebuild=1 drift=0 previous_depth=1
POINT_SAFE o=160 frozen=44 slope=-0.7666840897455901 candidate=244951.18068633648 original=244948.95468467049 current=244949.05532621744 won=0 mode=1 camera_scale=1 keep_scale=0
ATTR_RADIUS o=160 raw_norm=2691.8821758610579 norm=403.16907370370876 radius=1612.6762948148355 next_radius=1612.6762948148355 lambda=6.3382345688526665e-08 next_lambda=6.3382345688526665e-08 rho=0.54661416643986327 accept=1
CLASSICAL_LM o=160 lambda=6.3382345688526665e-08 tau=6.3382345688526665e-08 prediction=0.18411807290147414 rho=0.54661416643986327 accept=1
  MFCG it 161 cost=2.449490e+05 lam=6.338e-08 tau=0.00e+00 cg_it=0 shift=0 ckpt=1 alpha=0 acc mv=446
PCG_PREP o=161 rebuild=1 drift=0 previous_depth=1
POINT_SAFE o=161 frozen=33 slope=-0.80880921460618205 candidate=244951.08840105464 original=244948.84914939333 current=244948.95468467049 won=0 mode=1 camera_scale=1 keep_scale=0
ATTR_RADIUS o=161 raw_norm=2654.716763945421 norm=403.16907370370865 radius=1612.6762948148355 next_radius=1612.6762948148355 lambda=6.3382345688526665e-08 next_lambda=6.3382345688526665e-08 rho=0.54513446845161695 accept=1
CLASSICAL_LM o=161 lambda=6.3382345688526665e-08 tau=6.3382345688526665e-08 prediction=0.19359494450099926 rho=0.54513446845161695 accept=1
  MFCG: converged (OCA_FTOL: 8 outers < 1.0e-05 rel)
  [menu-backtrack] confirming stop with original retry policy at outer 162
  MFCG it 162 cost=2.449488e+05 lam=6.338e-08 tau=0.00e+00 cg_it=0 shift=0 ckpt=1 alpha=0 acc mv=448
PCG_PREP o=162 rebuild=1 drift=0 previous_depth=1
ATTR_RADIUS o=162 raw_norm=2618.8583250766346 norm=1612.6762948148348 radius=1612.6762948148355 next_radius=403.16907370370888 lambda=6.3382345688526665e-08 next_lambda=1.0141175310164266e-06 rho=-1 accept=0
CLASSICAL_LM o=162 lambda=6.3382345688526665e-08 tau=6.3382345688526665e-08 prediction=0.68762675129435857 rho=-1 accept=0
  MFCG it 163  retry 1/8  lam=1.014e-06 tau_eff=6.338e-08  (assembly reused)
PCG_PREP o=162 rebuild=1 drift=0 previous_depth=1
ATTR_RADIUS o=162 raw_norm=203.1327193036322 norm=203.1327193036322 radius=403.16907370370888 next_radius=403.16907370370888 lambda=1.0141175310164266e-06 next_lambda=1.0141175310164267e-07 rho=1.025360206660066 accept=1
CLASSICAL_LM o=162 lambda=1.0141175310164266e-06 tau=1.0141175310164266e-06 prediction=0.41611459419585117 rho=1.025360206660066 accept=1
  MFCG it 163 cost=2.449484e+05 lam=1.014e-07 tau=0.00e+00 cg_it=0 shift=0 ckpt=1 alpha=0 acc mv=452
PCG_PREP o=163 rebuild=1 drift=0 previous_depth=1
ATTR_RADIUS o=163 raw_norm=1395.4585206039515 norm=403.16907370370888 radius=403.16907370370888 next_radius=806.33814740741775 lambda=1.0141175310164267e-07 next_lambda=6.3382345688526665e-08 rho=1.0945666077318936 accept=1
CLASSICAL_LM o=163 lambda=1.0141175310164267e-07 tau=1.0141175310164267e-07 prediction=0.568325851059858 rho=1.0945666077318936 accept=1
  MFCG it 164 cost=2.449478e+05 lam=6.338e-08 tau=0.00e+00 cg_it=18 shift=0 ckpt=19 alpha=0 acc mv=472
PCG_PREP o=164 rebuild=1 drift=0 previous_depth=19
ATTR_RADIUS o=164 raw_norm=2112.9216026840581 norm=806.33814740741752 radius=806.33814740741775 next_radius=806.33814740741775 lambda=6.3382345688526665e-08 next_lambda=6.3382345688526665e-08 rho=0.69840376350510225 accept=1
CLASSICAL_LM o=164 lambda=6.3382345688526665e-08 tau=6.3382345688526665e-08 prediction=0.47816660300173974 rho=0.69840376350510225 accept=1
  MFCG it 165 cost=2.449475e+05 lam=6.338e-08 tau=0.00e+00 cg_it=5 shift=0 ckpt=6 alpha=0 acc mv=479
PCG_PREP o=165 rebuild=1 drift=0 previous_depth=6
ATTR_RADIUS o=165 raw_norm=2325.6095313506798 norm=806.33814740741775 radius=806.33814740741775 next_radius=201.58453685185444 lambda=6.3382345688526665e-08 next_lambda=1.0141175310164266e-06 rho=-1 accept=0
CLASSICAL_LM o=165 lambda=6.3382345688526665e-08 tau=6.3382345688526665e-08 prediction=0.27017918606710184 rho=-1 accept=0
  MFCG it 166  retry 1/8  lam=1.014e-06 tau_eff=6.338e-08  (assembly reused)
PCG_PREP o=165 rebuild=1 drift=0 previous_depth=1
ATTR_RADIUS o=165 raw_norm=175.99476996284463 norm=175.99476996284463 radius=201.58453685185444 next_radius=403.16907370370888 lambda=1.0141175310164266e-06 next_lambda=2.5352938275410666e-07 rho=1.0137204681812255 accept=1
CLASSICAL_LM o=165 lambda=1.0141175310164266e-06 tau=1.0141175310164266e-06 prediction=0.24839962380981373 rho=1.0137204681812255 accept=1
  MFCG it 166 cost=2.449472e+05 lam=2.535e-07 tau=0.00e+00 cg_it=0 shift=0 ckpt=1 alpha=0 acc mv=483
PCG_PREP o=166 rebuild=1 drift=0 previous_depth=1
ATTR_RADIUS o=166 raw_norm=568.35066825916374 norm=403.16907370370876 radius=403.16907370370888 next_radius=806.33814740741775 lambda=2.5352938275410666e-07 next_lambda=6.3382345688526665e-08 rho=1.0620124720564845 accept=1
CLASSICAL_LM o=166 lambda=2.5352938275410666e-07 tau=2.5352938275410666e-07 prediction=0.27481571018918566 rho=1.0620124720564845 accept=1
  MFCG it 167 cost=2.449469e+05 lam=6.338e-08 tau=0.00e+00 cg_it=30 shift=0 ckpt=31 alpha=0 acc mv=515
PCG_PREP o=167 rebuild=1 drift=0 previous_depth=31
ATTR_RADIUS o=167 raw_norm=2084.7633131605667 norm=806.33814740741775 radius=806.33814740741775 next_radius=201.58453685185444 lambda=6.3382345688526665e-08 next_lambda=1.0141175310164266e-06 rho=-1 accept=0
CLASSICAL_LM o=167 lambda=6.3382345688526665e-08 tau=6.3382345688526665e-08 prediction=0.15462072178583108 rho=-1 accept=0
  MFCG it 168  retry 1/8  lam=1.014e-06 tau_eff=6.338e-08  (assembly reused)
PCG_PREP o=167 rebuild=1 drift=0 previous_depth=1
ATTR_RADIUS o=167 raw_norm=184.34949793956764 norm=184.34949793956764 radius=201.58453685185444 next_radius=403.16907370370888 lambda=1.0141175310164266e-06 next_lambda=2.5352938275410666e-07 rho=1.0278119891902877 accept=1
CLASSICAL_LM o=167 lambda=1.0141175310164266e-06 tau=1.0141175310164266e-06 prediction=0.052253624320655806 rho=1.0278119891902877 accept=1
  MFCG it 168 cost=2.449469e+05 lam=2.535e-07 tau=0.00e+00 cg_it=0 shift=0 ckpt=1 alpha=0 acc mv=519
PCG_PREP o=168 rebuild=1 drift=0 previous_depth=1
ATTR_RADIUS o=168 raw_norm=533.68108890801443 norm=403.1690737037091 radius=403.16907370370888 next_radius=806.33814740741775 lambda=2.5352938275410666e-07 next_lambda=6.3382345688526665e-08 rho=1.009072243952601 accept=1
CLASSICAL_LM o=168 lambda=2.5352938275410666e-07 tau=2.5352938275410666e-07 prediction=0.11313665581762308 rho=1.009072243952601 accept=1
  MFCG it 169 cost=2.449468e+05 lam=6.338e-08 tau=0.00e+00 cg_it=21 shift=0 ckpt=22 alpha=0 acc mv=542
PCG_PREP o=169 rebuild=1 drift=0 previous_depth=22
ATTR_RADIUS o=169 raw_norm=2006.6929241425939 norm=806.33814740741798 radius=806.33814740741775 next_radius=201.58453685185444 lambda=6.3382345688526665e-08 next_lambda=1.0141175310164266e-06 rho=-1 accept=0
CLASSICAL_LM o=169 lambda=6.3382345688526665e-08 tau=6.3382345688526665e-08 prediction=0.1566376913231089 rho=-1 accept=0
  MFCG it 170  retry 1/8  lam=1.014e-06 tau_eff=6.338e-08  (assembly reused)
PCG_PREP o=169 rebuild=1 drift=0 previous_depth=1
ATTR_RADIUS o=169 raw_norm=153.54318690107107 norm=153.54318690107104 radius=201.58453685185444 next_radius=201.58453685185444 lambda=1.0141175310164266e-06 next_lambda=1.0141175310164267e-07 rho=1.0042942948342841 accept=1
CLASSICAL_LM o=169 lambda=1.0141175310164266e-06 tau=1.0141175310164266e-06 prediction=0.038629086993634244 rho=1.0042942948342841 accept=1
  MFCG: converged (OCA_FTOL: 8 outers < 1.0e-05 rel)
  MFCG: accepts=170 rejects=7 total_matvecs=546 negcurv=1 cand_evals=177 mean_cg_per_outer=3.2
NUMERIC_REPAIR summary rebuilds=1 floor=6.3382345688526665e-08
  [retry-cache] builds=178 reuses=0
  [menu-backtrack] trials=96 rescues=96 evals=245 total_scored=422
POINT_SAFE summary calls=96 evals=96 wins=2 frozen=38815 seconds=0.230934229
  [scoring] menu_evals=177 alpha_evals=0 backtrack_evals=245 total_scored=422
RESULT algo=mfree_shifted_cg iters=170 final_cost=244946.7161277659 solve_seconds=2.057035
DIAGNOSTICS median_reproj_err_px 3.252455 -> 0.358622 | cheirality_violations(obs) 0 -> 16 | cheirality_violations(pts, of 64053) 0 -> 8
