  [menu-backtrack] active=1 max_evals=8 warmup_accepts=3 confirm_stop=original armijo=1e-4
MIXED_STORAGE fragments=fp32 arithmetic=fp64 state=fp64 acceptance=fp64
  [compact-fragments] active=2 saved_bytes=171996448 storage=fp32 camera_reads=contiguous
  MFCG score_init=90993342.024340242 precision=fp64
PCG_PREP o=0 rebuild=1 drift=0 previous_depth=0
E2_CAP o=0 retry=0 touched=0 ncam=3068 raw=8654.3112787736591 capped=8654.3112787736482 radius=8654.3112787736627 median=60.299932199162939 global_scale=1
ATTR_RADIUS o=0 raw_norm=8654.3112787736627 norm=8654.3112787736627 radius=8654.3112787736627 next_radius=17308.622557547325 lambda=0.10000000000000001 next_lambda=0.025000000000000001 rho=0.99507286850801435 accept=1
CLASSICAL_LM o=0 lambda=0.10000000000000001 tau=0.10000000000000001 prediction=84864420.877437964 rho=0.99507286850801435 accept=1
  MFCG it   1 cost=6.547059e+06 lam=2.500e-02 tau=0.00e+00 cg_it=1 shift=0 ckpt=2 alpha=0 acc mv=3
PCG_PREP o=1 rebuild=1 drift=0 previous_depth=2
E2_CAP o=1 retry=0 touched=0 ncam=3068 raw=4518.7257483996191 capped=4518.7257483996245 radius=17308.622557547325 median=43.781010342846841 global_scale=1
ATTR_RADIUS o=1 raw_norm=4518.7257483996191 norm=4518.7257483996191 radius=17308.622557547325 next_radius=17308.622557547325 lambda=0.025000000000000001 next_lambda=0.0025000000000000005 rho=0.99284374549287302 accept=1
CLASSICAL_LM o=1 lambda=0.025000000000000001 tau=0.025000000000000001 prediction=2875777.3409385136 rho=0.99284374549287302 accept=1
  MFCG it   2 cost=3.691862e+06 lam=2.500e-03 tau=0.00e+00 cg_it=9 shift=0 ckpt=10 alpha=0 acc mv=14
PCG_PREP o=2 rebuild=1 drift=0 previous_depth=10
E2_CAP o=2 retry=0 touched=0 ncam=3068 raw=6616.7679735547672 capped=6616.7679735547617 radius=17308.622557547325 median=59.318288562928586 global_scale=1
ATTR_RADIUS o=2 raw_norm=6616.7679735547636 norm=6616.7679735547636 radius=17308.622557547325 next_radius=17308.622557547325 lambda=0.0025000000000000005 next_lambda=0.00025000000000000006 rho=0.69669048414451429 accept=1
CLASSICAL_LM o=2 lambda=0.0025000000000000005 tau=0.0025000000000000005 prediction=1183255.7725246106 rho=0.69669048414451429 accept=1
  MFCG it   3 cost=2.867499e+06 lam=2.500e-04 tau=0.00e+00 cg_it=3 shift=0 ckpt=4 alpha=0 acc mv=19
PCG_PREP o=3 rebuild=1 drift=0 previous_depth=4
E2_CAP o=3 retry=0 touched=17 ncam=3068 raw=11033.745588783477 capped=9659.8745682737335 radius=17308.622557547325 median=35.379518121203574 global_scale=1
ATTR_RADIUS o=3 raw_norm=11033.745588783488 norm=9659.8745682737426 radius=17308.622557547325 next_radius=17308.622557547325 lambda=0.00025000000000000006 next_lambda=2.5000000000000008e-05 rho=0.79845630345478147 accept=1
CLASSICAL_LM o=3 lambda=0.00025000000000000006 tau=0.00025000000000000006 prediction=792245.73623887729 rho=0.79845630345478147 accept=1
  MFCG it   4 cost=2.234925e+06 lam=2.500e-05 tau=0.00e+00 cg_it=0 shift=0 ckpt=1 alpha=0 acc mv=21
PCG_PREP o=4 rebuild=1 drift=0 previous_depth=1
E2_CAP o=4 retry=0 touched=30 ncam=3068 raw=28659.307299625925 capped=23005.425742248361 radius=17308.622557547325 median=78.541063728410137 global_scale=0.7523713210732228
ATTR_RADIUS o=4 raw_norm=28659.3072996259 norm=17308.622557547358 radius=17308.622557547325 next_radius=17308.622557547325 lambda=2.5000000000000008e-05 next_lambda=2.5000000000000008e-05 rho=0.54374610029698589 accept=1
CLASSICAL_LM o=4 lambda=2.5000000000000008e-05 tau=2.5000000000000008e-05 prediction=322224.31723556644 rho=0.54374610029698589 accept=1
  MFCG it   5 cost=2.059717e+06 lam=2.500e-05 tau=0.00e+00 cg_it=4 shift=0 ckpt=5 alpha=0 acc mv=27
PCG_PREP o=5 rebuild=1 drift=0 previous_depth=5
E2_CAP o=5 retry=0 touched=180 ncam=3068 raw=11071.938112627322 capped=3611.2354512743509 radius=17308.622557547325 median=6.8987922584061181 global_scale=1
POINT_SAFE o=5 frozen=270 slope=-198231.82992079371 candidate=1971947.080723884 original=2042974.9511970195 current=2059716.9062459278 won=1 mode=1 camera_scale=1 keep_scale=0
ATTR_RADIUS o=5 raw_norm=11071.938112627327 norm=3611.23545127435 radius=17308.622557547325 next_radius=17308.622557547325 lambda=2.5000000000000008e-05 next_lambda=2.5000000000000011e-06 rho=0.85907049238875766 accept=1
CLASSICAL_LM o=5 lambda=2.5000000000000008e-05 tau=2.5000000000000008e-05 prediction=102168.36254960671 rho=0.85907049238875766 accept=1
  MFCG it   6 cost=1.971947e+06 lam=2.500e-06 tau=0.00e+00 cg_it=0 shift=0 ckpt=1 alpha=0 acc mv=29
PCG_PREP o=6 rebuild=1 drift=0 previous_depth=1
E2_CAP o=6 retry=0 touched=112 ncam=3068 raw=61676.662877369774 capped=20017.692861709293 radius=17308.622557547325 median=46.909188307333729 global_scale=0.86466620689620066
POINT_SAFE o=6 frozen=1275 slope=-99346.459050562 candidate=1989236.8193406076 original=1953519.1432443825 current=1971947.080723884 won=0 mode=1 camera_scale=1 keep_scale=0
ATTR_RADIUS o=6 raw_norm=61676.66287736981 norm=2163.5778196934102 radius=17308.622557547325 next_radius=17308.622557547325 lambda=2.5000000000000011e-06 next_lambda=2.5000000000000009e-07 rho=0.7171450892307033 accept=1
CLASSICAL_LM o=6 lambda=2.5000000000000011e-06 tau=2.5000000000000011e-06 prediction=25696.247183773688 rho=0.7171450892307033 accept=1
  MFCG it   7 cost=1.953519e+06 lam=2.500e-07 tau=0.00e+00 cg_it=5 shift=0 ckpt=6 alpha=0 acc mv=36
PCG_PREP o=7 rebuild=1 drift=0 previous_depth=6
E2_CAP o=7 retry=0 touched=148 ncam=3068 raw=91327.852847850896 capped=20181.031826020731 radius=17308.622557547325 median=43.883864868051049 global_scale=0.85766786885644664
POINT_SAFE o=7 frozen=1348 slope=-82447.860239702364 candidate=2620824.8803233565 original=inf current=1953519.1432443825 won=0 mode=1 camera_scale=1 keep_scale=0
ATTR_RADIUS o=7 raw_norm=91327.852847850911 norm=17308.622557547285 radius=17308.622557547325 next_radius=4327.1556393868314 lambda=2.5000000000000009e-07 next_lambda=4.0000000000000015e-06 rho=-1 accept=0
CLASSICAL_LM o=7 lambda=2.5000000000000009e-07 tau=2.5000000000000009e-07 prediction=29053.11383212162 rho=-1 accept=0
  MFCG it   8  retry 1/8  lam=4.000e-06 tau_eff=2.500e-07  (assembly reused)
PCG_PREP o=7 rebuild=1 drift=0 previous_depth=6
E2_CAP o=7 retry=1 touched=102 ncam=3068 raw=50445.285610987958 capped=16834.629190615437 radius=4327.1556393868314 median=40.766251692219413 global_scale=0.25703896357865902
POINT_SAFE o=7 frozen=201 slope=-77743.082072830075 candidate=2481559.2548701894 original=inf current=1953519.1432443825 won=0 mode=1 camera_scale=1 keep_scale=0
ATTR_RADIUS o=7 raw_norm=50445.285610987979 norm=4327.1556393868332 radius=4327.1556393868314 next_radius=1081.7889098467078 lambda=4.0000000000000015e-06 next_lambda=6.4000000000000024e-05 rho=-1 accept=0
CLASSICAL_LM o=7 lambda=4.0000000000000015e-06 tau=4.0000000000000015e-06 prediction=57228.431114612918 rho=-1 accept=0
  MFCG it   8  retry 2/8  lam=6.400e-05 tau_eff=4.000e-06  (assembly reused)
PCG_PREP o=7 rebuild=1 drift=0 previous_depth=6
E2_CAP o=7 retry=2 touched=163 ncam=3068 raw=9146.0440289439557 capped=2194.4966348968101 radius=1081.7889098467078 median=4.5279913958677351 global_scale=0.4929553742047893
POINT_SAFE o=7 frozen=126 slope=-48578.991268172453 candidate=2499433.0578879514 original=inf current=1953519.1432443825 won=0 mode=1 camera_scale=1 keep_scale=0
ATTR_RADIUS o=7 raw_norm=9146.0440289439539 norm=1081.7889098467067 radius=1081.7889098467078 next_radius=270.44722746167696 lambda=6.4000000000000024e-05 next_lambda=0.0010240000000000004 rho=-1 accept=0
CLASSICAL_LM o=7 lambda=6.4000000000000024e-05 tau=6.4000000000000024e-05 prediction=34863.962851218821 rho=-1 accept=0
  MFCG it   8  retry 3/8  lam=1.024e-03 tau_eff=6.400e-05  (assembly reused)
PCG_PREP o=7 rebuild=1 drift=0 previous_depth=1
E2_CAP o=7 retry=3 touched=42 ncam=3068 raw=1372.3688965469371 capped=637.83828077390353 radius=270.44722746167696 median=2.0825582692391551 global_scale=0.42400595200014846
POINT_SAFE o=7 frozen=26 slope=-28430.768812878901 candidate=2557376.4763561762 original=inf current=1953519.1432443825 won=0 mode=1 camera_scale=1 keep_scale=0
ATTR_RADIUS o=7 raw_norm=1372.3688965469364 norm=270.44722746167781 radius=270.44722746167696 next_radius=67.61180686541924 lambda=0.0010240000000000004 next_lambda=0.016384000000000006 rho=-1 accept=0
CLASSICAL_LM o=7 lambda=0.0010240000000000004 tau=0.0010240000000000004 prediction=20548.441222969068 rho=-1 accept=0
  MFCG it   8  retry 4/8  lam=1.638e-02 tau_eff=1.024e-03  (assembly reused)
PCG_PREP o=7 rebuild=1 drift=0 previous_depth=1
E2_CAP o=7 retry=4 touched=23 ncam=3068 raw=397.3977547219672 capped=206.88423604169907 radius=67.61180686541924 median=0.92078305940242311 global_scale=0.32680985346699676
POINT_SAFE o=7 frozen=1 slope=-19279.018914515982 candidate=2829175.5898763682 original=inf current=1953519.1432443825 won=0 mode=1 camera_scale=1 keep_scale=0
ATTR_RADIUS o=7 raw_norm=397.39775472196698 norm=67.611806865418941 radius=67.61180686541924 next_radius=16.90295171635481 lambda=0.016384000000000006 next_lambda=0.2621440000000001 rho=-1 accept=0
CLASSICAL_LM o=7 lambda=0.016384000000000006 tau=0.016384000000000006 prediction=12624.023070347183 rho=-1 accept=0
  MFCG it   8  retry 5/8  lam=2.621e-01 tau_eff=1.638e-02  (assembly reused)
PCG_PREP o=7 rebuild=1 drift=0 previous_depth=1
E2_CAP o=7 retry=5 touched=16 ncam=3068 raw=240.52773197111622 capped=55.549152688506155 radius=16.90295171635481 median=0.26886583339346043 global_scale=0.30428820059846295
POINT_SAFE o=7 frozen=1 slope=-13318.639922917828 candidate=9823738276.8954945 original=1953438.6611656109 current=1953519.1432443825 won=0 mode=1 camera_scale=1 keep_scale=0
ATTR_RADIUS o=7 raw_norm=240.52773197111622 norm=0.26410862056804396 radius=16.90295171635481 next_radius=16.90295171635481 lambda=0.2621440000000001 next_lambda=0.026214400000000013 rho=0.38808820721498882 accept=1
CLASSICAL_LM o=7 lambda=0.2621440000000001 tau=0.2621440000000001 prediction=207.38089247578705 rho=0.38808820721498882 accept=1
  MFCG it   8 cost=1.953439e+06 lam=2.621e-02 tau=0.00e+00 cg_it=0 shift=0 ckpt=1 alpha=0 acc mv=58
PCG_PREP o=8 rebuild=1 drift=0 previous_depth=1
E2_CAP o=8 retry=0 touched=24 ncam=3068 raw=414.34285535176792 capped=279.33209196380727 radius=16.90295171635481 median=1.2769518178042967 global_scale=0.060512029239178526
POINT_SAFE o=8 frozen=1 slope=-14379.288815943382 candidate=1946566.2841784568 original=1900266.4369628779 current=1953438.6611656109 won=0 mode=1 camera_scale=1 keep_scale=0
ATTR_RADIUS o=8 raw_norm=414.34285535176826 norm=8.4514758581774476 radius=16.90295171635481 next_radius=16.90295171635481 lambda=0.026214400000000013 next_lambda=0.0026214400000000014 rho=1.8051552508107676 accept=1
CLASSICAL_LM o=8 lambda=0.026214400000000013 tau=0.026214400000000013 prediction=29455.762422013977 rho=1.8051552508107676 accept=1
  MFCG it   9 cost=1.900266e+06 lam=2.621e-03 tau=0.00e+00 cg_it=0 shift=0 ckpt=1 alpha=0 acc mv=60
PCG_PREP o=9 rebuild=1 drift=0 previous_depth=1
E2_CAP o=9 retry=0 touched=12 ncam=3068 raw=1216.1292503768452 capped=973.67622682045089 radius=16.90295171635481 median=4.5675760107902059 global_scale=0.017359930591662447
ATTR_RADIUS o=9 raw_norm=1216.1292503768454 norm=16.902951716354828 radius=16.90295171635481 next_radius=33.80590343270962 lambda=0.0026214400000000014 next_lambda=0.00065536000000000034 rho=0.85175871515552559 accept=1
CLASSICAL_LM o=9 lambda=0.0026214400000000014 tau=0.0026214400000000014 prediction=7399.0685991066603 rho=0.85175871515552559 accept=1
  MFCG it  10 cost=1.893964e+06 lam=6.554e-04 tau=0.00e+00 cg_it=1 shift=0 ckpt=2 alpha=0 acc mv=63
PCG_PREP o=10 rebuild=1 drift=0 previous_depth=2
E2_CAP o=10 retry=0 touched=51 ncam=3068 raw=2274.4102088907948 capped=974.10666983262763 radius=33.80590343270962 median=2.9008041137514873 global_scale=0.034704519001515714
ATTR_RADIUS o=10 raw_norm=2274.4102088907953 norm=33.805903432709577 radius=33.80590343270962 next_radius=67.61180686541924 lambda=0.00065536000000000034 next_lambda=0.00016384000000000008 rho=0.76137854480420031 accept=1
CLASSICAL_LM o=10 lambda=0.00065536000000000034 tau=0.00065536000000000034 prediction=2758.2382571993826 rho=0.76137854480420031 accept=1
  MFCG it  11 cost=1.891864e+06 lam=1.638e-04 tau=0.00e+00 cg_it=0 shift=0 ckpt=1 alpha=0 acc mv=65
PCG_PREP o=11 rebuild=1 drift=0 previous_depth=1
E2_CAP o=11 retry=0 touched=62 ncam=3068 raw=7149.1264015950455 capped=2961.2453704326804 radius=67.61180686541924 median=8.309122944503148 global_scale=0.022832220369344194
ATTR_RADIUS o=11 raw_norm=7149.1264015950546 norm=67.61180686541924 radius=67.61180686541924 next_radius=67.61180686541924 lambda=0.00016384000000000008 next_lambda=0.00016384000000000008 rho=0.7151302898746893 accept=1
CLASSICAL_LM o=11 lambda=0.00016384000000000008 tau=0.00016384000000000008 prediction=2010.7683500233807 rho=0.7151302898746893 accept=1
  MFCG it  12 cost=1.890426e+06 lam=1.638e-04 tau=0.00e+00 cg_it=1 shift=0 ckpt=2 alpha=0 acc mv=68
PCG_PREP o=12 rebuild=1 drift=0 previous_depth=2
E2_CAP o=12 retry=0 touched=63 ncam=3068 raw=7194.4463644756415 capped=2961.8059380619834 radius=67.61180686541924 median=8.2665073478097639 global_scale=0.022827899018144346
ATTR_RADIUS o=12 raw_norm=7194.4463644756497 norm=67.611806865419382 radius=67.61180686541924 next_radius=135.22361373083848 lambda=0.00016384000000000008 next_lambda=4.0960000000000021e-05 rho=0.97603643197972534 accept=1
CLASSICAL_LM o=12 lambda=0.00016384000000000008 tau=0.00016384000000000008 prediction=958.62507346225664 rho=0.97603643197972534 accept=1
  MFCG it  13 cost=1.889491e+06 lam=4.096e-05 tau=0.00e+00 cg_it=1 shift=0 ckpt=2 alpha=0 acc mv=71
PCG_PREP o=13 rebuild=1 drift=0 previous_depth=2
E2_CAP o=13 retry=0 touched=122 ncam=3068 raw=14701.492227184157 capped=4121.2940898762508 radius=135.22361373083848 median=9.2763990147072555 global_scale=0.032810959563164495
POINT_SAFE o=13 frozen=192 slope=-1194.5465717756497 candidate=1888517.0542469781 original=1888603.873624525 current=1889490.538019734 won=1 mode=1 camera_scale=1 keep_scale=0
ATTR_RADIUS o=13 raw_norm=14701.492227184166 norm=135.22361373083845 radius=135.22361373083848 next_radius=270.44722746167696 lambda=4.0960000000000021e-05 next_lambda=1.0240000000000005e-05 rho=0.87090853434460735 accept=1
CLASSICAL_LM o=13 lambda=4.0960000000000021e-05 tau=4.0960000000000021e-05 prediction=1117.779576575648 rho=0.87090853434460735 accept=1
  MFCG it  14 cost=1.888517e+06 lam=1.024e-05 tau=0.00e+00 cg_it=1 shift=0 ckpt=2 alpha=0 acc mv=74
PCG_PREP o=14 rebuild=1 drift=0 previous_depth=2
E2_CAP o=14 retry=0 touched=71 ncam=3068 raw=37221.999158252343 capped=15867.787845739382 radius=270.44722746167696 median=42.517643642821511 global_scale=0.017043788969884295
POINT_SAFE o=14 frozen=87 slope=-1626.9143220257793 candidate=1887127.1379810057 original=1887314.3037599758 current=1888517.0542469781 won=1 mode=1 camera_scale=1 keep_scale=0
ATTR_RADIUS o=14 raw_norm=37221.999158252394 norm=270.4472274616777 radius=270.44722746167696 next_radius=540.89445492335392 lambda=1.0240000000000005e-05 next_lambda=2.5600000000000013e-06 rho=0.89638794791145582 accept=1
CLASSICAL_LM o=14 lambda=1.0240000000000005e-05 tau=1.0240000000000005e-05 prediction=1550.5744685778825 rho=0.89638794791145582 accept=1
  MFCG it  15 cost=1.887127e+06 lam=2.560e-06 tau=0.00e+00 cg_it=5 shift=0 ckpt=6 alpha=0 acc mv=81
PCG_PREP o=15 rebuild=1 drift=0 previous_depth=6
E2_CAP o=15 retry=0 touched=98 ncam=3068 raw=60421.620753478637 capped=20846.224284779782 radius=540.89445492335392 median=51.699919250912885 global_scale=0.025946878798491634
POINT_SAFE o=15 frozen=81 slope=-2281.9720629566505 candidate=1885024.4263841654 original=1885644.9204914859 current=1887127.1379810057 won=1 mode=1 camera_scale=1 keep_scale=0
ATTR_RADIUS o=15 raw_norm=60421.620753478652 norm=540.89445492335358 radius=540.89445492335392 next_radius=1081.7889098467078 lambda=2.5600000000000013e-06 next_lambda=6.4000000000000033e-07 rho=0.95210521845430029 accept=1
CLASSICAL_LM o=15 lambda=2.5600000000000013e-06 tau=2.5600000000000013e-06 prediction=2208.486579092541 rho=0.95210521845430029 accept=1
  MFCG it  16 cost=1.885024e+06 lam=6.400e-07 tau=0.00e+00 cg_it=6 shift=0 ckpt=7 alpha=0 acc mv=89
PCG_PREP o=16 rebuild=1 drift=0 previous_depth=7
E2_CAP o=16 retry=0 touched=118 ncam=3068 raw=80753.347400581246 capped=21914.139898678877 radius=1081.7889098467078 median=51.34647077163352 global_scale=0.049364881069866896
POINT_SAFE o=16 frozen=88 slope=-3736.6756499747121 candidate=1881481.3100645831 original=1883791.9396114477 current=1885024.4263841654 won=1 mode=1 camera_scale=1 keep_scale=0
ATTR_RADIUS o=16 raw_norm=80753.347400581144 norm=1081.7889098467106 radius=1081.7889098467078 next_radius=2163.5778196934157 lambda=6.4000000000000033e-07 next_lambda=1.6000000000000008e-07 rho=0.98490793652514474 accept=1
CLASSICAL_LM o=16 lambda=6.4000000000000033e-07 tau=6.4000000000000033e-07 prediction=3597.408639108754 rho=0.98490793652514474 accept=1
  MFCG it  17 cost=1.881481e+06 lam=1.600e-07 tau=0.00e+00 cg_it=6 shift=0 ckpt=7 alpha=0 acc mv=97
PCG_PREP o=17 rebuild=1 drift=0 previous_depth=7
E2_CAP o=17 retry=0 touched=129 ncam=3068 raw=100840.34068884116 capped=21699.961675768835 radius=2163.5778196934157 median=49.597457082593422 global_scale=0.099704223077470469
POINT_SAFE o=17 frozen=85 slope=-6755.3968282254154 candidate=1875325.9323901255 original=1879459.584253679 current=1881481.3100645831 won=1 mode=1 camera_scale=1 keep_scale=0
ATTR_RADIUS o=17 raw_norm=100840.34068884108 norm=2163.5778196934239 radius=2163.5778196934157 next_radius=4327.1556393868314 lambda=1.6000000000000008e-07 next_lambda=4.0000000000000021e-08 rho=0.98514981089178033 accept=1
CLASSICAL_LM o=17 lambda=1.6000000000000008e-07 tau=1.6000000000000008e-07 prediction=6248.1640928151091 rho=0.98514981089178033 accept=1
  MFCG it  18 cost=1.875326e+06 lam=4.000e-08 tau=0.00e+00 cg_it=6 shift=0 ckpt=7 alpha=0 acc mv=105
PCG_PREP o=18 rebuild=1 drift=0 previous_depth=7
NUMERIC_REPAIR o=18 lambda=4.0000000000000021e-08 rayleigh=-1.5142559227400785e-08 next_lambda=2.2057023690960322e-07 cg=3 rebuild=1
PCG_PREP o=18 rebuild=1 drift=0 previous_depth=3
E2_CAP o=18 retry=0 touched=125 ncam=3068 raw=96692.471109463513 capped=19728.101935930663 radius=4327.1556393868314 median=45.343247216172657 global_scale=0.21933968373844476
POINT_SAFE o=18 frozen=156 slope=-12340.636396839778 candidate=1865762.5276922553 original=1874780.4181696291 current=1875325.9323901255 won=1 mode=1 camera_scale=1 keep_scale=0
ATTR_RADIUS o=18 raw_norm=96692.471109463528 norm=4327.1556393868277 radius=4327.1556393868314 next_radius=8654.3112787736627 lambda=2.2057023690960322e-07 next_lambda=2.2057023690960322e-07 rho=0.94789467042264774 accept=1
CLASSICAL_LM o=18 lambda=2.2057023690960322e-07 tau=2.2057023690960322e-07 prediction=10089.100610309373 rho=0.94789467042264774 accept=1
  MFCG it  19 cost=1.865763e+06 lam=2.206e-07 tau=0.00e+00 cg_it=6 shift=0 ckpt=7 alpha=0 acc mv=117
PCG_PREP o=19 rebuild=1 drift=0 previous_depth=7
E2_CAP o=19 retry=0 touched=248 ncam=3068 raw=57773.296624265269 capped=3685.9084201321002 radius=8654.3112787736627 median=6.7077333307942872 global_scale=1
POINT_SAFE o=19 frozen=616 slope=-14478.444057499266 candidate=1856607.2036016714 original=1861684.3337234918 current=1865762.5276922553 won=1 mode=1 camera_scale=1 keep_scale=0
ATTR_RADIUS o=19 raw_norm=57773.296624265357 norm=3685.9084201320861 radius=8654.3112787736627 next_radius=8654.3112787736627 lambda=2.2057023690960322e-07 next_lambda=2.2057023690960322e-07 rho=0.98775042511170974 accept=1
CLASSICAL_LM o=19 lambda=2.2057023690960322e-07 tau=2.2057023690960322e-07 prediction=9268.8637309860187 rho=0.98775042511170974 accept=1
  MFCG it  20 cost=1.856607e+06 lam=2.206e-07 tau=0.00e+00 cg_it=1 shift=0 ckpt=2 alpha=0 acc mv=120
PCG_PREP o=20 rebuild=1 drift=0 previous_depth=2
E2_CAP o=20 retry=0 touched=224 ncam=3068 raw=59806.47653675633 capped=2025.4075638491752 radius=8654.3112787736627 median=3.9285929426085815 global_scale=1
POINT_SAFE o=20 frozen=426 slope=-9069.4692012719279 candidate=1850832.5217415849 original=1854606.8613112445 current=1856607.2036016714 won=1 mode=1 camera_scale=1 keep_scale=0
ATTR_RADIUS o=20 raw_norm=59806.476536756272 norm=2025.4075638491795 radius=8654.3112787736627 next_radius=8654.3112787736627 lambda=2.2057023690960322e-07 next_lambda=2.2057023690960322e-07 rho=0.90826479964971618 accept=1
CLASSICAL_LM o=20 lambda=2.2057023690960322e-07 tau=2.2057023690960322e-07 prediction=6357.9276245359142 rho=0.90826479964971618 accept=1
  MFCG it  21 cost=1.850833e+06 lam=2.206e-07 tau=0.00e+00 cg_it=1 shift=0 ckpt=2 alpha=0 acc mv=123
PCG_PREP o=21 rebuild=1 drift=0 previous_depth=2
E2_CAP o=21 retry=0 touched=209 ncam=3068 raw=59281.149924269048 capped=1620.8330674808908 radius=8654.3112787736627 median=3.2562435659301689 global_scale=1
POINT_SAFE o=21 frozen=453 slope=-5366.34321847721 candidate=1846934.3467746114 original=1849080.5142857204 current=1850832.5217415849 won=1 mode=1 camera_scale=1 keep_scale=0
ATTR_RADIUS o=21 raw_norm=59281.149924269012 norm=1620.8330674808899 radius=8654.3112787736627 next_radius=8654.3112787736627 lambda=2.2057023690960322e-07 next_lambda=2.2057023690960322e-07 rho=0.95635867980718015 accept=1
CLASSICAL_LM o=21 lambda=2.2057023690960322e-07 tau=2.2057023690960322e-07 prediction=4076.0595886048013 rho=0.95635867980718015 accept=1
  MFCG it  22 cost=1.846934e+06 lam=2.206e-07 tau=0.00e+00 cg_it=1 shift=0 ckpt=2 alpha=0 acc mv=126
PCG_PREP o=22 rebuild=1 drift=0 previous_depth=2
E2_CAP o=22 retry=0 touched=194 ncam=3068 raw=59165.462753490101 capped=1335.4645146905611 radius=8654.3112787736627 median=2.7590650264105037 global_scale=1
POINT_SAFE o=22 frozen=378 slope=-4152.4962928176101 candidate=1843825.5793961654 original=1845408.2980907266 current=1846934.3467746114 won=1 mode=1 camera_scale=1 keep_scale=0
ATTR_RADIUS o=22 raw_norm=59165.462753490101 norm=1335.464514690563 radius=8654.3112787736627 next_radius=8654.3112787736627 lambda=2.2057023690960322e-07 next_lambda=2.2057023690960322e-07 rho=0.95703937781763981 accept=1
CLASSICAL_LM o=22 lambda=2.2057023690960322e-07 tau=2.2057023690960322e-07 prediction=3248.3171022021534 rho=0.95703937781763981 accept=1
  MFCG it  23 cost=1.843826e+06 lam=2.206e-07 tau=0.00e+00 cg_it=1 shift=0 ckpt=2 alpha=0 acc mv=129
PCG_PREP o=23 rebuild=1 drift=0 previous_depth=2
E2_CAP o=23 retry=0 touched=192 ncam=3068 raw=58917.877896369217 capped=1199.2503245373509 radius=8654.3112787736627 median=2.4987010953874629 global_scale=1
POINT_SAFE o=23 frozen=483 slope=-3925.4040249333857 candidate=1841259.5513363678 original=1842516.9175704082 current=1843825.5793961654 won=1 mode=1 camera_scale=1 keep_scale=0
ATTR_RADIUS o=23 raw_norm=58917.87789636918 norm=1199.25032453735 radius=8654.3112787736627 next_radius=8654.3112787736627 lambda=2.2057023690960322e-07 next_lambda=2.2057023690960322e-07 rho=0.86286739325847461 accept=1
CLASSICAL_LM o=23 lambda=2.2057023690960322e-07 tau=2.2057023690960322e-07 prediction=2973.8382512142657 rho=0.86286739325847461 accept=1
  MFCG it  24 cost=1.841260e+06 lam=2.206e-07 tau=0.00e+00 cg_it=1 shift=0 ckpt=2 alpha=0 acc mv=132
PCG_PREP o=24 rebuild=1 drift=0 previous_depth=2
E2_CAP o=24 retry=0 touched=188 ncam=3068 raw=58500.780432528692 capped=1081.0516082044678 radius=8654.3112787736627 median=2.2860324486357504 global_scale=1
POINT_SAFE o=24 frozen=361 slope=-3535.7589321762212 candidate=1838747.8026936052 original=1840490.4944567413 current=1841259.5513363678 won=1 mode=1 camera_scale=1 keep_scale=0
ATTR_RADIUS o=24 raw_norm=58500.780432528707 norm=1081.0516082044649 radius=8654.3112787736627 next_radius=8654.3112787736627 lambda=2.2057023690960322e-07 next_lambda=2.2057023690960322e-07 rho=0.91706217622563835 accept=1
CLASSICAL_LM o=24 lambda=2.2057023690960322e-07 tau=2.2057023690960322e-07 prediction=2738.9076857365171 rho=0.91706217622563835 accept=1
  MFCG it  25 cost=1.838748e+06 lam=2.206e-07 tau=0.00e+00 cg_it=1 shift=0 ckpt=2 alpha=0 acc mv=135
PCG_PREP o=25 rebuild=1 drift=0 previous_depth=2
E2_CAP o=25 retry=0 touched=190 ncam=3068 raw=58423.649294131974 capped=983.34194197436261 radius=8654.3112787736627 median=2.0867988750542632 global_scale=1
POINT_SAFE o=25 frozen=337 slope=-2774.306759101557 candidate=1836666.5704530906 original=1837707.1464801242 current=1838747.8026936052 won=1 mode=1 camera_scale=1 keep_scale=0
ATTR_RADIUS o=25 raw_norm=58423.649294132025 norm=983.34194197436227 radius=8654.3112787736627 next_radius=8654.3112787736627 lambda=2.2057023690960322e-07 next_lambda=2.2057023690960322e-07 rho=0.94604921714849544 accept=1
CLASSICAL_LM o=25 lambda=2.2057023690960322e-07 tau=2.2057023690960322e-07 prediction=2199.9196265789192 rho=0.94604921714849544 accept=1
  MFCG it  26 cost=1.836667e+06 lam=2.206e-07 tau=0.00e+00 cg_it=1 shift=0 ckpt=2 alpha=0 acc mv=138
PCG_PREP o=26 rebuild=1 drift=0 previous_depth=2
E2_CAP o=26 retry=0 touched=186 ncam=3068 raw=58097.117210594392 capped=908.71678399457278 radius=8654.3112787736627 median=1.9382210595892138 global_scale=1
POINT_SAFE o=26 frozen=366 slope=-2373.484071318263 candidate=1834801.7654859847 original=1835604.2981907951 current=1836666.5704530906 won=1 mode=1 camera_scale=1 keep_scale=0
ATTR_RADIUS o=26 raw_norm=58097.117210594428 norm=908.71678399457107 radius=8654.3112787736627 next_radius=8654.3112787736627 lambda=2.2057023690960322e-07 next_lambda=2.2057023690960322e-07 rho=0.9422277759547294 accept=1
CLASSICAL_LM o=26 lambda=2.2057023690960322e-07 tau=2.2057023690960322e-07 prediction=1979.1445494337149 rho=0.9422277759547294 accept=1
  MFCG it  27 cost=1.834802e+06 lam=2.206e-07 tau=0.00e+00 cg_it=1 shift=0 ckpt=2 alpha=0 acc mv=141
PCG_PREP o=27 rebuild=1 drift=0 previous_depth=2
E2_CAP o=27 retry=0 touched=184 ncam=3068 raw=57924.117450641075 capped=839.80181188336326 radius=8654.3112787736627 median=1.7987994423121085 global_scale=1
POINT_SAFE o=27 frozen=344 slope=-2172.7141533941567 candidate=1833187.4418996889 original=1834740.7160668394 current=1834801.7654859847 won=1 mode=1 camera_scale=1 keep_scale=0
ATTR_RADIUS o=27 raw_norm=57924.117450641097 norm=839.80181188336508 radius=8654.3112787736627 next_radius=8654.3112787736627 lambda=2.2057023690960322e-07 next_lambda=2.2057023690960322e-07 rho=0.93416874344575562 accept=1
CLASSICAL_LM o=27 lambda=2.2057023690960322e-07 tau=2.2057023690960322e-07 prediction=1728.0856350869369 rho=0.93416874344575562 accept=1
  MFCG it  28 cost=1.833187e+06 lam=2.206e-07 tau=0.00e+00 cg_it=1 shift=0 ckpt=2 alpha=0 acc mv=144
PCG_PREP o=28 rebuild=1 drift=0 previous_depth=2
E2_CAP o=28 retry=0 touched=179 ncam=3068 raw=57834.271646885565 capped=787.63715063338998 radius=8654.3112787736627 median=1.6879204787772946 global_scale=1
POINT_SAFE o=28 frozen=318 slope=-2428.7439208994688 candidate=1831362.8809118811 original=1832182.3217101777 current=1833187.4418996889 won=1 mode=1 camera_scale=1 keep_scale=0
ATTR_RADIUS o=28 raw_norm=57834.271646885543 norm=787.637150633391 radius=8654.3112787736627 next_radius=8654.3112787736627 lambda=2.2057023690960322e-07 next_lambda=2.2057023690960322e-07 rho=0.93939591687844504 accept=1
CLASSICAL_LM o=28 lambda=2.2057023690960322e-07 tau=2.2057023690960322e-07 prediction=1942.2705113204179 rho=0.93939591687844504 accept=1
  MFCG it  29 cost=1.831363e+06 lam=2.206e-07 tau=0.00e+00 cg_it=1 shift=0 ckpt=2 alpha=0 acc mv=147
PCG_PREP o=29 rebuild=1 drift=0 previous_depth=2
E2_CAP o=29 retry=0 touched=174 ncam=3068 raw=57229.304042297212 capped=733.82962323269237 radius=8654.3112787736627 median=1.5869571949975749 global_scale=1
POINT_SAFE o=29 frozen=319 slope=-1929.0508789081471 candidate=1830026.5524519354 original=1830403.3880166763 current=1831362.8809118811 won=1 mode=1 camera_scale=1 keep_scale=0
ATTR_RADIUS o=29 raw_norm=57229.30404229719 norm=733.82962323269351 radius=8654.3112787736627 next_radius=8654.3112787736627 lambda=2.2057023690960322e-07 next_lambda=2.2057023690960322e-07 rho=0.87513835471858648 accept=1
CLASSICAL_LM o=29 lambda=2.2057023690960322e-07 tau=2.2057023690960322e-07 prediction=1526.9910783140754 rho=0.87513835471858648 accept=1
  MFCG it  30 cost=1.830027e+06 lam=2.206e-07 tau=0.00e+00 cg_it=1 shift=0 ckpt=2 alpha=0 acc mv=150
PCG_PREP o=30 rebuild=1 drift=0 previous_depth=2
E2_CAP o=30 retry=0 touched=175 ncam=3068 raw=56886.856905900022 capped=691.42649929810182 radius=8654.3112787736627 median=1.5083966313282651 global_scale=1
POINT_SAFE o=30 frozen=321 slope=-2007.0875175964838 candidate=1828550.0637684802 original=1829341.7534207792 current=1830026.5524519354 won=1 mode=1 camera_scale=1 keep_scale=0
ATTR_RADIUS o=30 raw_norm=56886.856905900044 norm=691.42649929810409 radius=8654.3112787736627 next_radius=8654.3112787736627 lambda=2.2057023690960322e-07 next_lambda=2.2057023690960322e-07 rho=0.91407546266640094 accept=1
CLASSICAL_LM o=30 lambda=2.2057023690960322e-07 tau=2.2057023690960322e-07 prediction=1615.2809519119694 rho=0.91407546266640094 accept=1
  MFCG it  31 cost=1.828550e+06 lam=2.206e-07 tau=0.00e+00 cg_it=1 shift=0 ckpt=2 alpha=0 acc mv=153
PCG_PREP o=31 rebuild=1 drift=0 previous_depth=2
E2_CAP o=31 retry=0 touched=171 ncam=3068 raw=56605.282301470608 capped=645.65142296307897 radius=8654.3112787736627 median=1.4146883417323206 global_scale=1
POINT_SAFE o=31 frozen=303 slope=-1992.6432200511319 candidate=1826998.0048229028 original=1828174.9248470403 current=1828550.0637684802 won=1 mode=1 camera_scale=1 keep_scale=0
ATTR_RADIUS o=31 raw_norm=56605.282301470601 norm=645.65142296307863 radius=8654.3112787736627 next_radius=8654.3112787736627 lambda=2.2057023690960322e-07 next_lambda=2.2057023690960322e-07 rho=0.96629801062433507 accept=1
CLASSICAL_LM o=31 lambda=2.2057023690960322e-07 tau=2.2057023690960322e-07 prediction=1606.1907698377208 rho=0.96629801062433507 accept=1
  MFCG it  32 cost=1.826998e+06 lam=2.206e-07 tau=0.00e+00 cg_it=1 shift=0 ckpt=2 alpha=0 acc mv=156
PCG_PREP o=32 rebuild=1 drift=0 previous_depth=2
E2_CAP o=32 retry=0 touched=170 ncam=3068 raw=56139.303628352784 capped=606.20973358522519 radius=8654.3112787736627 median=1.3386779209798485 global_scale=1
POINT_SAFE o=32 frozen=298 slope=-1518.8130557271761 candidate=1825784.054882027 original=1826798.1136636902 current=1826998.0048229028 won=1 mode=1 camera_scale=1 keep_scale=0
ATTR_RADIUS o=32 raw_norm=56139.303628352769 norm=606.20973358522463 radius=8654.3112787736627 next_radius=8654.3112787736627 lambda=2.2057023690960322e-07 next_lambda=2.2057023690960322e-07 rho=0.94530907566920486 accept=1
CLASSICAL_LM o=32 lambda=2.2057023690960322e-07 tau=2.2057023690960322e-07 prediction=1284.1831017188633 rho=0.94530907566920486 accept=1
  MFCG it  33 cost=1.825784e+06 lam=2.206e-07 tau=0.00e+00 cg_it=1 shift=0 ckpt=2 alpha=0 acc mv=159
PCG_PREP o=33 rebuild=1 drift=0 previous_depth=2
E2_CAP o=33 retry=0 touched=167 ncam=3068 raw=55771.299333305513 capped=574.82104641213004 radius=8654.3112787736627 median=1.277228008643309 global_scale=1
POINT_SAFE o=33 frozen=279 slope=-1329.3361792800654 candidate=1824580.8281342771 original=1825517.6748500178 current=1825784.054882027 won=1 mode=1 camera_scale=1 keep_scale=0
ATTR_RADIUS o=33 raw_norm=55771.299333305527 norm=574.82104641213107 radius=8654.3112787736627 next_radius=8654.3112787736627 lambda=2.2057023690960322e-07 next_lambda=2.2057023690960322e-07 rho=0.98804625471418195 accept=1
CLASSICAL_LM o=33 lambda=2.2057023690960322e-07 tau=2.2057023690960322e-07 prediction=1217.7838254120031 rho=0.98804625471418195 accept=1
  MFCG it  34 cost=1.824581e+06 lam=2.206e-07 tau=0.00e+00 cg_it=1 shift=0 ckpt=2 alpha=0 acc mv=162
PCG_PREP o=34 rebuild=1 drift=0 previous_depth=2
E2_CAP o=34 retry=0 touched=164 ncam=3068 raw=55508.820493921361 capped=547.49955056302917 radius=8654.3112787736627 median=1.2271003400628531 global_scale=1
POINT_SAFE o=34 frozen=297 slope=-1143.0309018176533 candidate=1823537.1162098672 original=1824077.9293803759 current=1824580.8281342771 won=1 mode=1 camera_scale=1 keep_scale=0
ATTR_RADIUS o=34 raw_norm=55508.82049392139 norm=547.49955056302974 radius=8654.3112787736627 next_radius=8654.3112787736627 lambda=2.2057023690960322e-07 next_lambda=2.2057023690960322e-07 rho=0.9904331265013786 accept=1
CLASSICAL_LM o=34 lambda=2.2057023690960322e-07 tau=2.2057023690960322e-07 prediction=1053.7934328759618 rho=0.9904331265013786 accept=1
  MFCG it  35 cost=1.823537e+06 lam=2.206e-07 tau=0.00e+00 cg_it=1 shift=0 ckpt=2 alpha=0 acc mv=165
PCG_PREP o=35 rebuild=1 drift=0 previous_depth=2
E2_CAP o=35 retry=0 touched=228 ncam=3068 raw=48343.533477042423 capped=280.30797171534539 radius=8654.3112787736627 median=0.54823360492947115 global_scale=1
POINT_SAFE o=35 frozen=247 slope=-908.45030090710725 candidate=1822802.0449697024 original=1823308.4769451134 current=1823537.1162098672 won=1 mode=1 camera_scale=1 keep_scale=0
ATTR_RADIUS o=35 raw_norm=48343.533477042416 norm=280.30797171534527 radius=8654.3112787736627 next_radius=8654.3112787736627 lambda=2.2057023690960322e-07 next_lambda=2.2057023690960322e-07 rho=1.0032387290623268 accept=1
CLASSICAL_LM o=35 lambda=2.2057023690960322e-07 tau=2.2057023690960322e-07 prediction=732.69822911625101 rho=1.0032387290623268 accept=1
  MFCG it  36 cost=1.822802e+06 lam=2.206e-07 tau=0.00e+00 cg_it=0 shift=0 ckpt=1 alpha=0 acc mv=167
PCG_PREP o=36 rebuild=1 drift=0 previous_depth=1
E2_CAP o=36 retry=0 touched=158 ncam=3068 raw=55215.251819338228 capped=597.31084335745697 radius=8654.3112787736627 median=1.3442955257603049 global_scale=1
POINT_SAFE o=36 frozen=343 slope=-1001.6249921188863 candidate=1821949.7300684752 original=1822760.3893168813 current=1822802.0449697024 won=1 mode=1 camera_scale=1 keep_scale=0
ATTR_RADIUS o=36 raw_norm=55215.251819338228 norm=597.31084335745766 radius=8654.3112787736627 next_radius=8654.3112787736627 lambda=2.2057023690960322e-07 next_lambda=2.2057023690960322e-07 rho=1.0069777413032786 accept=1
CLASSICAL_LM o=36 lambda=2.2057023690960322e-07 tau=2.2057023690960322e-07 prediction=846.40887903244504 rho=1.0069777413032786 accept=1
  MFCG it  37 cost=1.821950e+06 lam=2.206e-07 tau=0.00e+00 cg_it=1 shift=0 ckpt=2 alpha=0 acc mv=170
PCG_PREP o=37 rebuild=1 drift=0 previous_depth=2
E2_CAP o=37 retry=0 touched=213 ncam=3068 raw=48379.611464812093 capped=263.57255544679259 radius=8654.3112787736627 median=0.53412532336268992 global_scale=1
POINT_SAFE o=37 frozen=217 slope=-784.24127714732469 candidate=1821291.3513758872 original=1821256.8266400695 current=1821949.7300684752 won=0 mode=1 camera_scale=1 keep_scale=0
ATTR_RADIUS o=37 raw_norm=48379.611464812027 norm=65.893138861698148 radius=8654.3112787736627 next_radius=8654.3112787736627 lambda=2.2057023690960322e-07 next_lambda=2.2057023690960322e-07 rho=1.1271008598548891 accept=1
CLASSICAL_LM o=37 lambda=2.2057023690960322e-07 tau=2.2057023690960322e-07 prediction=614.76612527379791 rho=1.1271008598548891 accept=1
  MFCG it  38 cost=1.821257e+06 lam=2.206e-07 tau=0.00e+00 cg_it=0 shift=0 ckpt=1 alpha=0 acc mv=172
PCG_PREP o=38 rebuild=1 drift=0 previous_depth=1
E2_CAP o=38 retry=0 touched=154 ncam=3068 raw=54621.110768695347 capped=514.62015919020473 radius=8654.3112787736627 median=1.1830407199760595 global_scale=1
POINT_SAFE o=38 frozen=244 slope=-1625.6987656611395 candidate=1820157.9458241707 original=1820885.6244892962 current=1821256.8266400695 won=1 mode=1 camera_scale=1 keep_scale=0
ATTR_RADIUS o=38 raw_norm=54621.110768695369 norm=514.62015919020507 radius=8654.3112787736627 next_radius=8654.3112787736627 lambda=2.2057023690960322e-07 next_lambda=2.2057023690960322e-07 rho=0.8614784288133176 accept=1
CLASSICAL_LM o=38 lambda=2.2057023690960322e-07 tau=2.2057023690960322e-07 prediction=1275.5755444886413 rho=0.8614784288133176 accept=1
  MFCG it  39 cost=1.820158e+06 lam=2.206e-07 tau=0.00e+00 cg_it=1 shift=0 ckpt=2 alpha=0 acc mv=175
PCG_PREP o=39 rebuild=1 drift=0 previous_depth=2
E2_CAP o=39 retry=0 touched=214 ncam=3068 raw=48409.230222190548 capped=244.48165790693872 radius=8654.3112787736627 median=0.49387873823463052 global_scale=1
POINT_SAFE o=39 frozen=201 slope=-1063.5453817127614 candidate=1819418.4968110379 original=1819851.0038662991 current=1820157.9458241707 won=1 mode=1 camera_scale=1 keep_scale=0
ATTR_RADIUS o=39 raw_norm=48409.230222190541 norm=244.48165790693849 radius=8654.3112787736627 next_radius=8654.3112787736627 lambda=2.2057023690960322e-07 next_lambda=2.2057023690960322e-07 rho=0.94878978822507254 accept=1
CLASSICAL_LM o=39 lambda=2.2057023690960322e-07 tau=2.2057023690960322e-07 prediction=779.36021478070779 rho=0.94878978822507254 accept=1
  MFCG it  40 cost=1.819418e+06 lam=2.206e-07 tau=0.00e+00 cg_it=0 shift=0 ckpt=1 alpha=0 acc mv=177
PCG_PREP o=40 rebuild=1 drift=0 previous_depth=1
E2_CAP o=40 retry=0 touched=153 ncam=3068 raw=54628.570334238379 capped=544.14936280133099 radius=8654.3112787736627 median=1.2359194299757146 global_scale=1
POINT_SAFE o=40 frozen=313 slope=-1024.1579456515224 candidate=1818592.7241458755 original=1819127.8749063534 current=1819418.4968110379 won=1 mode=1 camera_scale=1 keep_scale=0
ATTR_RADIUS o=40 raw_norm=54628.570334238328 norm=544.14936280133224 radius=8654.3112787736627 next_radius=8654.3112787736627 lambda=2.2057023690960322e-07 next_lambda=2.2057023690960322e-07 rho=0.9921000026716188 accept=1
CLASSICAL_LM o=40 lambda=2.2057023690960322e-07 tau=2.2057023690960322e-07 prediction=832.34821382786095 rho=0.9921000026716188 accept=1
  MFCG it  41 cost=1.818593e+06 lam=2.206e-07 tau=0.00e+00 cg_it=1 shift=0 ckpt=2 alpha=0 acc mv=180
PCG_PREP o=41 rebuild=1 drift=0 previous_depth=2
E2_CAP o=41 retry=0 touched=214 ncam=3068 raw=48326.674004486144 capped=248.10068310516704 radius=8654.3112787736627 median=0.5022559544311449 global_scale=1
POINT_SAFE o=41 frozen=202 slope=-779.69520849251649 candidate=1817953.307996304 original=1818412.3122345521 current=1818592.7241458755 won=1 mode=1 camera_scale=1 keep_scale=0
ATTR_RADIUS o=41 raw_norm=48326.674004486129 norm=248.10068310516624 radius=8654.3112787736627 next_radius=8654.3112787736627 lambda=2.2057023690960322e-07 next_lambda=2.2057023690960322e-07 rho=0.99929051440690553 accept=1
CLASSICAL_LM o=41 lambda=2.2057023690960322e-07 tau=2.2057023690960322e-07 prediction=639.8701282089537 rho=0.99929051440690553 accept=1
  MFCG it  42 cost=1.817953e+06 lam=2.206e-07 tau=0.00e+00 cg_it=0 shift=0 ckpt=1 alpha=0 acc mv=182
PCG_PREP o=42 rebuild=1 drift=0 previous_depth=1
E2_CAP o=42 retry=0 touched=155 ncam=3068 raw=54292.326623136207 capped=514.97258854542338 radius=8654.3112787736627 median=1.1821644011496386 global_scale=1
POINT_SAFE o=42 frozen=279 slope=-900.09420682544544 candidate=1817179.7572630919 original=1817669.2438772896 current=1817953.307996304 won=1 mode=1 camera_scale=1 keep_scale=0
ATTR_RADIUS o=42 raw_norm=54292.326623136185 norm=514.97258854542383 radius=8654.3112787736627 next_radius=8654.3112787736627 lambda=2.2057023690960322e-07 next_lambda=2.2057023690960322e-07 rho=1.010470175129639 accept=1
CLASSICAL_LM o=42 lambda=2.2057023690960322e-07 tau=2.2057023690960322e-07 prediction=765.53544305541277 rho=1.010470175129639 accept=1
  MFCG it  43 cost=1.817180e+06 lam=2.206e-07 tau=0.00e+00 cg_it=1 shift=0 ckpt=2 alpha=0 acc mv=185
PCG_PREP o=43 rebuild=1 drift=0 previous_depth=2
E2_CAP o=43 retry=0 touched=215 ncam=3068 raw=48315.544435666372 capped=240.931319568481 radius=8654.3112787736627 median=0.48643116727081026 global_scale=1
POINT_SAFE o=43 frozen=180 slope=-722.25939618822269 candidate=1816571.2263698373 original=1816931.6569327621 current=1817179.7572630919 won=1 mode=1 camera_scale=1 keep_scale=0
ATTR_RADIUS o=43 raw_norm=48315.544435666387 norm=240.93131956848114 radius=8654.3112787736627 next_radius=8654.3112787736627 lambda=2.2057023690960322e-07 next_lambda=2.2057023690960322e-07 rho=1.0123007369399797 accept=1
CLASSICAL_LM o=43 lambda=2.2057023690960322e-07 tau=2.2057023690960322e-07 prediction=601.13647165174382 rho=1.0123007369399797 accept=1
  MFCG it  44 cost=1.816571e+06 lam=2.206e-07 tau=0.00e+00 cg_it=0 shift=0 ckpt=1 alpha=0 acc mv=187
PCG_PREP o=44 rebuild=1 drift=0 previous_depth=1
E2_CAP o=44 retry=0 touched=148 ncam=3068 raw=54005.180292845107 capped=491.70109254499255 radius=8654.3112787736627 median=1.1409607374582609 global_scale=1
POINT_SAFE o=44 frozen=267 slope=-854.46155094690198 candidate=1815833.4459496539 original=1816278.7170830211 current=1816571.2263698373 won=1 mode=1 camera_scale=1 keep_scale=0
ATTR_RADIUS o=44 raw_norm=54005.180292845107 norm=491.70109254499306 radius=8654.3112787736627 next_radius=8654.3112787736627 lambda=2.2057023690960322e-07 next_lambda=2.2057023690960322e-07 rho=1.0132136175496071 accept=1
CLASSICAL_LM o=44 lambda=2.2057023690960322e-07 tau=2.2057023690960322e-07 prediction=728.15880817681079 rho=1.0132136175496071 accept=1
  MFCG it  45 cost=1.815833e+06 lam=2.206e-07 tau=0.00e+00 cg_it=1 shift=0 ckpt=2 alpha=0 acc mv=190
PCG_PREP o=45 rebuild=1 drift=0 previous_depth=2
E2_CAP o=45 retry=0 touched=212 ncam=3068 raw=48339.038136043797 capped=232.32717599247164 radius=8654.3112787736627 median=0.46932743932965459 global_scale=1
POINT_SAFE o=45 frozen=179 slope=-695.92248714072423 candidate=1815247.3416860281 original=1815576.128469015 current=1815833.4459496539 won=1 mode=1 camera_scale=1 keep_scale=0
ATTR_RADIUS o=45 raw_norm=48339.038136043797 norm=232.32717599247144 radius=8654.3112787736627 next_radius=8654.3112787736627 lambda=2.2057023690960322e-07 next_lambda=2.2057023690960322e-07 rho=1.0113472475245369 accept=1
CLASSICAL_LM o=45 lambda=2.2057023690960322e-07 tau=2.2057023690960322e-07 prediction=579.52821353932291 rho=1.0113472475245369 accept=1
  MFCG it  46 cost=1.815247e+06 lam=2.206e-07 tau=0.00e+00 cg_it=0 shift=0 ckpt=1 alpha=0 acc mv=192
PCG_PREP o=46 rebuild=1 drift=0 previous_depth=1
E2_CAP o=46 retry=0 touched=145 ncam=3068 raw=53813.444015110625 capped=469.7035839169198 radius=8654.3112787736627 median=1.0926323945643466 global_scale=1
POINT_SAFE o=46 frozen=263 slope=-894.23430967226909 candidate=1814540.9767327795 original=1814952.7036965275 current=1815247.3416860281 won=1 mode=1 camera_scale=1 keep_scale=0
ATTR_RADIUS o=46 raw_norm=53813.444015110668 norm=469.70358391691849 radius=8654.3112787736627 next_radius=8654.3112787736627 lambda=2.2057023690960322e-07 next_lambda=2.2057023690960322e-07 rho=0.96171170612692003 accept=1
CLASSICAL_LM o=46 lambda=2.2057023690960322e-07 tau=2.2057023690960322e-07 prediction=734.48721560565843 rho=0.96171170612692003 accept=1
  MFCG it  47 cost=1.814541e+06 lam=2.206e-07 tau=0.00e+00 cg_it=1 shift=0 ckpt=2 alpha=0 acc mv=195
PCG_PREP o=47 rebuild=1 drift=0 previous_depth=2
E2_CAP o=47 retry=0 touched=212 ncam=3068 raw=48410.340634262946 capped=226.15186875511074 radius=8654.3112787736627 median=0.45546430066293914 global_scale=1
POINT_SAFE o=47 frozen=203 slope=-748.61760563142604 candidate=1813940.5253454701 original=1814281.0080656516 current=1814540.9767327795 won=1 mode=1 camera_scale=1 keep_scale=0
ATTR_RADIUS o=47 raw_norm=48410.340634262946 norm=226.15186875511066 radius=8654.3112787736627 next_radius=8654.3112787736627 lambda=2.2057023690960322e-07 next_lambda=2.2057023690960322e-07 rho=1.0028173007684797 accept=1
CLASSICAL_LM o=47 lambda=2.2057023690960322e-07 tau=2.2057023690960322e-07 prediction=598.76448765825137 rho=1.0028173007684797 accept=1
  MFCG it  48 cost=1.813941e+06 lam=2.206e-07 tau=0.00e+00 cg_it=0 shift=0 ckpt=1 alpha=0 acc mv=197
PCG_PREP o=48 rebuild=1 drift=0 previous_depth=1
E2_CAP o=48 retry=0 touched=142 ncam=3068 raw=53727.481870786796 capped=453.30137443523233 radius=8654.3112787736627 median=1.0607556166875898 global_scale=1
POINT_SAFE o=48 frozen=284 slope=-776.90886388774879 candidate=1813279.1435998043 original=1813664.2778348231 current=1813940.5253454701 won=1 mode=1 camera_scale=1 keep_scale=0
ATTR_RADIUS o=48 raw_norm=53727.481870786789 norm=453.30137443523307 radius=8654.3112787736627 next_radius=8654.3112787736627 lambda=2.2057023690960322e-07 next_lambda=2.2057023690960322e-07 rho=1.0075672413878769 accept=1
CLASSICAL_LM o=48 lambda=2.2057023690960322e-07 tau=2.2057023690960322e-07 prediction=656.41449870360748 rho=1.0075672413878769 accept=1
  MFCG it  49 cost=1.813279e+06 lam=2.206e-07 tau=0.00e+00 cg_it=1 shift=0 ckpt=2 alpha=0 acc mv=200
PCG_PREP o=49 rebuild=1 drift=0 previous_depth=2
E2_CAP o=49 retry=0 touched=211 ncam=3068 raw=48455.532466563905 capped=218.92925176831008 radius=8654.3112787736627 median=0.44128783074965999 global_scale=1
POINT_SAFE o=49 frozen=204 slope=-651.77571600609087 candidate=1812737.1455670651 original=1813029.3711065289 current=1813279.1435998043 won=1 mode=1 camera_scale=1 keep_scale=0
ATTR_RADIUS o=49 raw_norm=48455.532466563913 norm=218.92925176831054 radius=8654.3112787736627 next_radius=8654.3112787736627 lambda=2.2057023690960322e-07 next_lambda=2.2057023690960322e-07 rho=1.0055526137520234 accept=1
CLASSICAL_LM o=49 lambda=2.2057023690960322e-07 tau=2.2057023690960322e-07 prediction=539.00514535663444 rho=1.0055526137520234 accept=1
  MFCG it  50 cost=1.812737e+06 lam=2.206e-07 tau=0.00e+00 cg_it=0 shift=0 ckpt=1 alpha=0 acc mv=202
PCG_PREP o=50 rebuild=1 drift=0 previous_depth=1
E2_CAP o=50 retry=0 touched=141 ncam=3068 raw=53765.071277374322 capped=437.17262974728771 radius=8654.3112787736627 median=1.0309819060014249 global_scale=1
POINT_SAFE o=50 frozen=296 slope=-726.28297083680263 candidate=1812121.0009874993 original=1812628.0313917631 current=1812737.1455670651 won=1 mode=1 camera_scale=1 keep_scale=0
ATTR_RADIUS o=50 raw_norm=53765.071277374351 norm=437.17262974728595 radius=8654.3112787736627 next_radius=8654.3112787736627 lambda=2.2057023690960322e-07 next_lambda=2.2057023690960322e-07 rho=1.0109024379277431 accept=1
CLASSICAL_LM o=50 lambda=2.2057023690960322e-07 tau=2.2057023690960322e-07 prediction=609.49954857057287 rho=1.0109024379277431 accept=1
  MFCG it  51 cost=1.812121e+06 lam=2.206e-07 tau=0.00e+00 cg_it=1 shift=0 ckpt=2 alpha=0 acc mv=205
PCG_PREP o=51 rebuild=1 drift=0 previous_depth=2
E2_CAP o=51 retry=0 touched=213 ncam=3068 raw=48458.600141928822 capped=214.27731040789612 radius=8654.3112787736627 median=0.42979275097569314 global_scale=1
POINT_SAFE o=51 frozen=213 slope=-633.86465918664464 candidate=1811600.4516229632 original=1811870.0504569656 current=1812121.0009874993 won=1 mode=1 camera_scale=1 keep_scale=0
ATTR_RADIUS o=51 raw_norm=48458.600141928764 norm=214.27731040789621 radius=8654.3112787736627 next_radius=8654.3112787736627 lambda=2.2057023690960322e-07 next_lambda=2.2057023690960322e-07 rho=0.99589872541033753 accept=1
CLASSICAL_LM o=51 lambda=2.2057023690960322e-07 tau=2.2057023690960322e-07 prediction=522.69307235189876 rho=0.99589872541033753 accept=1
  MFCG it  52 cost=1.811600e+06 lam=2.206e-07 tau=0.00e+00 cg_it=0 shift=0 ckpt=1 alpha=0 acc mv=207
PCG_PREP o=52 rebuild=1 drift=0 previous_depth=1
E2_CAP o=52 retry=0 touched=142 ncam=3068 raw=53922.93977716755 capped=424.61101466482296 radius=8654.3112787736627 median=0.99950901332474729 global_scale=1
POINT_SAFE o=52 frozen=278 slope=-685.46403707125864 candidate=1811027.5324002958 original=1811334.0421236448 current=1811600.4516229632 won=1 mode=1 camera_scale=1 keep_scale=0
ATTR_RADIUS o=52 raw_norm=53922.939777167485 norm=424.61101466482296 radius=8654.3112787736627 next_radius=8654.3112787736627 lambda=2.2057023690960322e-07 next_lambda=2.2057023690960322e-07 rho=1.0072304318355376 accept=1
CLASSICAL_LM o=52 lambda=2.2057023690960322e-07 tau=2.2057023690960322e-07 prediction=568.80650599811793 rho=1.0072304318355376 accept=1
  MFCG it  53 cost=1.811028e+06 lam=2.206e-07 tau=0.00e+00 cg_it=1 shift=0 ckpt=2 alpha=0 acc mv=210
PCG_PREP o=53 rebuild=1 drift=0 previous_depth=2
E2_CAP o=53 retry=0 touched=214 ncam=3068 raw=48440.939796334758 capped=209.73130982958511 radius=8654.3112787736627 median=0.42046911829999539 global_scale=1
POINT_SAFE o=53 frozen=206 slope=-598.33545510361034 candidate=1810532.4569260695 original=1810778.5711088025 current=1811027.5324002958 won=1 mode=1 camera_scale=1 keep_scale=0
ATTR_RADIUS o=53 raw_norm=48440.939796334751 norm=209.731309829585 radius=8654.3112787736627 next_radius=8654.3112787736627 lambda=2.2057023690960322e-07 next_lambda=2.2057023690960322e-07 rho=0.99948994846302819 accept=1
CLASSICAL_LM o=53 lambda=2.2057023690960322e-07 tau=2.2057023690960322e-07 prediction=495.3281170938107 rho=0.99948994846302819 accept=1
  MFCG it  54 cost=1.810532e+06 lam=2.206e-07 tau=0.00e+00 cg_it=0 shift=0 ckpt=1 alpha=0 acc mv=212
PCG_PREP o=54 rebuild=1 drift=0 previous_depth=1
E2_CAP o=54 retry=0 touched=144 ncam=3068 raw=54129.444216956515 capped=409.92312602095194 radius=8654.3112787736627 median=0.96070553551426796 global_scale=1
POINT_SAFE o=54 frozen=282 slope=-608.11222523875051 candidate=1810028.7834199255 original=1810279.1232666005 current=1810532.4569260695 won=1 mode=1 camera_scale=1 keep_scale=0
ATTR_RADIUS o=54 raw_norm=54129.444216956494 norm=409.92312602095149 radius=8654.3112787736627 next_radius=8654.3112787736627 lambda=2.2057023690960322e-07 next_lambda=2.2057023690960322e-07 rho=1.0058057961981777 accept=1
CLASSICAL_LM o=54 lambda=2.2057023690960322e-07 tau=2.2057023690960322e-07 prediction=500.76615987677997 rho=1.0058057961981777 accept=1
  MFCG it  55 cost=1.810029e+06 lam=2.206e-07 tau=0.00e+00 cg_it=1 shift=0 ckpt=2 alpha=0 acc mv=215
PCG_PREP o=55 rebuild=1 drift=0 previous_depth=2
E2_CAP o=55 retry=0 touched=214 ncam=3068 raw=48429.916799433282 capped=204.51751328887798 radius=8654.3112787736627 median=0.40958124303635535 global_scale=1
POINT_SAFE o=55 frozen=194 slope=-571.1217022315908 candidate=1809556.9044681813 original=1809781.3873628078 current=1810028.7834199255 won=1 mode=1 camera_scale=1 keep_scale=0
ATTR_RADIUS o=55 raw_norm=48429.916799433253 norm=204.51751328887789 radius=8654.3112787736627 next_radius=8654.3112787736627 lambda=2.2057023690960322e-07 next_lambda=2.2057023690960322e-07 rho=1.0018414562757521 accept=1
CLASSICAL_LM o=55 lambda=2.2057023690960322e-07 tau=2.2057023690960322e-07 prediction=471.01160446917464 rho=1.0018414562757521 accept=1
  MFCG it  56 cost=1.809557e+06 lam=2.206e-07 tau=0.00e+00 cg_it=0 shift=0 ckpt=1 alpha=0 acc mv=217
PCG_PREP o=56 rebuild=1 drift=0 previous_depth=1
E2_CAP o=56 retry=0 touched=143 ncam=3068 raw=54341.685938155257 capped=397.2088445748177 radius=8654.3112787736627 median=0.93063228011916532 global_scale=1
POINT_SAFE o=56 frozen=288 slope=-562.3249136823199 candidate=1809097.452791576 original=1809311.8826123883 current=1809556.9044681813 won=1 mode=1 camera_scale=1 keep_scale=0
ATTR_RADIUS o=56 raw_norm=54341.685938155264 norm=397.20884457481759 radius=8654.3112787736627 next_radius=8654.3112787736627 lambda=2.2057023690960322e-07 next_lambda=2.2057023690960322e-07 rho=1.0039146411211688 accept=1
CLASSICAL_LM o=56 lambda=2.2057023690960322e-07 tau=2.2057023690960322e-07 prediction=457.66010155221477 rho=1.0039146411211688 accept=1
  MFCG it  57 cost=1.809097e+06 lam=2.206e-07 tau=0.00e+00 cg_it=1 shift=0 ckpt=2 alpha=0 acc mv=220
PCG_PREP o=57 rebuild=1 drift=0 previous_depth=2
E2_CAP o=57 retry=0 touched=211 ncam=3068 raw=48412.093497704271 capped=198.68863725759039 radius=8654.3112787736627 median=0.39816744621938749 global_scale=1
POINT_SAFE o=57 frozen=213 slope=-548.16618933969255 candidate=1808646.2789655977 original=1808852.5730671571 current=1809097.452791576 won=1 mode=1 camera_scale=1 keep_scale=0
ATTR_RADIUS o=57 raw_norm=48412.093497704314 norm=198.68863725759076 radius=8654.3112787736627 next_radius=8654.3112787736627 lambda=2.2057023690960322e-07 next_lambda=2.2057023690960322e-07 rho=1.0000228570103058 accept=1
CLASSICAL_LM o=57 lambda=2.2057023690960322e-07 tau=2.2057023690960322e-07 prediction=451.16351372921855 rho=1.0000228570103058 accept=1
  MFCG it  58 cost=1.808646e+06 lam=2.206e-07 tau=0.00e+00 cg_it=0 shift=0 ckpt=1 alpha=0 acc mv=222
PCG_PREP o=58 rebuild=1 drift=0 previous_depth=1
E2_CAP o=58 retry=0 touched=140 ncam=3068 raw=54543.941681363678 capped=385.38612752748872 radius=8654.3112787736627 median=0.90421260127443648 global_scale=1
POINT_SAFE o=58 frozen=314 slope=-524.34113836020424 candidate=1808222.694375129 original=1808408.6658276685 current=1808646.2789655977 won=1 mode=1 camera_scale=1 keep_scale=0
ATTR_RADIUS o=58 raw_norm=54543.941681363671 norm=385.38612752748764 radius=8654.3112787736627 next_radius=8654.3112787736627 lambda=2.2057023690960322e-07 next_lambda=2.2057023690960322e-07 rho=1.0002878050061628 accept=1
CLASSICAL_LM o=58 lambda=2.2057023690960322e-07 tau=2.2057023690960322e-07 prediction=423.46271577926399 rho=1.0002878050061628 accept=1
  MFCG it  59 cost=1.808223e+06 lam=2.206e-07 tau=0.00e+00 cg_it=1 shift=0 ckpt=2 alpha=0 acc mv=225
PCG_PREP o=59 rebuild=1 drift=0 previous_depth=2
E2_CAP o=59 retry=0 touched=213 ncam=3068 raw=48388.067607639648 capped=193.40086635294062 radius=8654.3112787736627 median=0.38702251354603945 global_scale=1
POINT_SAFE o=59 frozen=227 slope=-528.90112618689034 candidate=1807790.5597560145 original=1807980.5482894708 current=1808222.694375129 won=1 mode=1 camera_scale=1 keep_scale=0
ATTR_RADIUS o=59 raw_norm=48388.067607639627 norm=193.40086635294125 radius=8654.3112787736627 next_radius=8654.3112787736627 lambda=2.2057023690960322e-07 next_lambda=2.2057023690960322e-07 rho=0.99815300601579737 accept=1
CLASSICAL_LM o=59 lambda=2.2057023690960322e-07 tau=2.2057023690960322e-07 prediction=432.93424606248755 rho=0.99815300601579737 accept=1
  MFCG it  60 cost=1.807791e+06 lam=2.206e-07 tau=0.00e+00 cg_it=0 shift=0 ckpt=1 alpha=0 acc mv=227
PCG_PREP o=60 rebuild=1 drift=0 previous_depth=1
E2_CAP o=60 retry=0 touched=140 ncam=3068 raw=54715.5540208819 capped=373.21300965339026 radius=8654.3112787736627 median=0.87651629748117055 global_scale=1
POINT_SAFE o=60 frozen=301 slope=-486.55959928966524 candidate=1807404.131575712 original=1807560.1048192321 current=1807790.5597560145 won=1 mode=1 camera_scale=1 keep_scale=0
ATTR_RADIUS o=60 raw_norm=54715.554020881922 norm=373.21300965339026 radius=8654.3112787736627 next_radius=8654.3112787736627 lambda=2.2057023690960322e-07 next_lambda=2.2057023690960322e-07 rho=1.0043187125326853 accept=1
CLASSICAL_LM o=60 lambda=2.2057023690960322e-07 tau=2.2057023690960322e-07 prediction=384.76648446388185 rho=1.0043187125326853 accept=1
  MFCG it  61 cost=1.807404e+06 lam=2.206e-07 tau=0.00e+00 cg_it=1 shift=0 ckpt=2 alpha=0 acc mv=230
PCG_PREP o=61 rebuild=1 drift=0 previous_depth=2
E2_CAP o=61 retry=0 touched=213 ncam=3068 raw=48354.717876277173 capped=187.75616761638042 radius=8654.3112787736627 median=0.37551145301363598 global_scale=1
POINT_SAFE o=61 frozen=266 slope=-509.65496083032798 candidate=1806989.3981968255 original=1807164.8650853708 current=1807404.131575712 won=1 mode=1 camera_scale=1 keep_scale=0
ATTR_RADIUS o=61 raw_norm=48354.717876277195 norm=187.7561676163798 radius=8654.3112787736627 next_radius=8654.3112787736627 lambda=2.2057023690960322e-07 next_lambda=2.2057023690960322e-07 rho=0.99663088775245701 accept=1
CLASSICAL_LM o=61 lambda=2.2057023690960322e-07 tau=2.2057023690960322e-07 prediction=416.13538571111337 rho=0.99663088775245701 accept=1
  MFCG it  62 cost=1.806989e+06 lam=2.206e-07 tau=0.00e+00 cg_it=0 shift=0 ckpt=1 alpha=0 acc mv=232
PCG_PREP o=62 rebuild=1 drift=0 previous_depth=1
E2_CAP o=62 retry=0 touched=139 ncam=3068 raw=54855.370611860955 capped=361.3211444501224 radius=8654.3112787736627 median=0.84981117695679165 global_scale=1
POINT_SAFE o=62 frozen=286 slope=-459.23731001045752 candidate=1806630.6233921596 original=1806765.7989134847 current=1806989.3981968255 won=1 mode=1 camera_scale=1 keep_scale=0
ATTR_RADIUS o=62 raw_norm=54855.370611860999 norm=361.32114445012218 radius=8654.3112787736627 next_radius=8654.3112787736627 lambda=2.2057023690960322e-07 next_lambda=2.2057023690960322e-07 rho=1.0033419866525877 accept=1
CLASSICAL_LM o=62 lambda=2.2057023690960322e-07 tau=2.2057023690960322e-07 prediction=357.57977782122606 rho=1.0033419866525877 accept=1
  MFCG it  63 cost=1.806631e+06 lam=2.206e-07 tau=0.00e+00 cg_it=1 shift=0 ckpt=2 alpha=0 acc mv=235
PCG_PREP o=63 rebuild=1 drift=0 previous_depth=2
E2_CAP o=63 retry=0 touched=211 ncam=3068 raw=48328.27693319141 capped=184.35473547285716 radius=8654.3112787736627 median=0.36932339270776615 global_scale=1
POINT_SAFE o=63 frozen=238 slope=-489.64171051615887 candidate=1806230.8791609241 original=1806393.7529715952 current=1806630.6233921596 won=1 mode=1 camera_scale=1 keep_scale=0
ATTR_RADIUS o=63 raw_norm=48328.27693319141 norm=184.35473547285707 radius=8654.3112787736627 next_radius=8654.3112787736627 lambda=2.2057023690960322e-07 next_lambda=2.2057023690960322e-07 rho=0.99917507255827109 accept=1
CLASSICAL_LM o=63 lambda=2.2057023690960322e-07 tau=2.2057023690960322e-07 prediction=400.07426347413804 rho=0.99917507255827109 accept=1
  MFCG it  64 cost=1.806231e+06 lam=2.206e-07 tau=0.00e+00 cg_it=0 shift=0 ckpt=1 alpha=0 acc mv=237
PCG_PREP o=64 rebuild=1 drift=0 previous_depth=1
E2_CAP o=64 retry=0 touched=139 ncam=3068 raw=54954.552054754924 capped=353.60275112377042 radius=8654.3112787736627 median=0.83195990011624976 global_scale=1
POINT_SAFE o=64 frozen=296 slope=-433.36366020535354 candidate=1805902.7237806018 original=1806013.2171595863 current=1806230.8791609241 won=1 mode=1 camera_scale=1 keep_scale=0
ATTR_RADIUS o=64 raw_norm=54954.552054754888 norm=353.60275112377008 radius=8654.3112787736627 next_radius=8654.3112787736627 lambda=2.2057023690960322e-07 next_lambda=2.2057023690960322e-07 rho=0.97056572773434213 accept=1
CLASSICAL_LM o=64 lambda=2.2057023690960322e-07 tau=2.2057023690960322e-07 prediction=338.10732333234205 rho=0.97056572773434213 accept=1
  MFCG it  65 cost=1.805903e+06 lam=2.206e-07 tau=0.00e+00 cg_it=1 shift=0 ckpt=2 alpha=0 acc mv=240
PCG_PREP o=65 rebuild=1 drift=0 previous_depth=2
E2_CAP o=65 retry=0 touched=215 ncam=3068 raw=48300.406369679971 capped=181.75821548247208 radius=8654.3112787736627 median=0.36234753073131276 global_scale=1
POINT_SAFE o=65 frozen=239 slope=-493.43471310123476 candidate=1805508.922852085 original=1805668.8079399583 current=1805902.7237806018 won=1 mode=1 camera_scale=1 keep_scale=0
ATTR_RADIUS o=65 raw_norm=48300.406369679979 norm=181.75821548247228 radius=8654.3112787736627 next_radius=8654.3112787736627 lambda=2.2057023690960322e-07 next_lambda=2.2057023690960322e-07 rho=0.99502498272379469 accept=1
CLASSICAL_LM o=65 lambda=2.2057023690960322e-07 tau=2.2057023690960322e-07 prediction=395.76989055971558 rho=0.99502498272379469 accept=1
  MFCG it  66 cost=1.805509e+06 lam=2.206e-07 tau=0.00e+00 cg_it=0 shift=0 ckpt=1 alpha=0 acc mv=242
PCG_PREP o=66 rebuild=1 drift=0 previous_depth=1
E2_CAP o=66 retry=0 touched=138 ncam=3068 raw=55016.522159078057 capped=344.77470846813458 radius=8654.3112787736627 median=0.81209124998544058 global_scale=1
POINT_SAFE o=66 frozen=246 slope=-407.95544532331184 candidate=1805193.3327106887 original=1805299.3325176258 current=1805508.922852085 won=1 mode=1 camera_scale=1 keep_scale=0
ATTR_RADIUS o=66 raw_norm=55016.522159078071 norm=344.77470846813401 radius=8654.3112787736627 next_radius=8654.3112787736627 lambda=2.2057023690960322e-07 next_lambda=2.2057023690960322e-07 rho=1.0027361828413179 accept=1
CLASSICAL_LM o=66 lambda=2.2057023690960322e-07 tau=2.2057023690960322e-07 prediction=314.72898534689949 rho=1.0027361828413179 accept=1
  MFCG it  67 cost=1.805193e+06 lam=2.206e-07 tau=0.00e+00 cg_it=1 shift=0 ckpt=2 alpha=0 acc mv=245
PCG_PREP o=67 rebuild=1 drift=0 previous_depth=2
E2_CAP o=67 retry=0 touched=216 ncam=3068 raw=48272.666692937295 capped=177.81304312340751 radius=8654.3112787736627 median=0.35354763989703519 global_scale=1
POINT_SAFE o=67 frozen=226 slope=-455.49620124556628 candidate=1804823.9014459935 original=1804968.821986845 current=1805193.3327106887 won=1 mode=1 camera_scale=1 keep_scale=0
ATTR_RADIUS o=67 raw_norm=48272.666692937244 norm=177.81304312340706 radius=8654.3112787736627 next_radius=8654.3112787736627 lambda=2.2057023690960322e-07 next_lambda=2.2057023690960322e-07 rho=1.0005015066444307 accept=1
CLASSICAL_LM o=67 lambda=2.2057023690960322e-07 tau=2.2057023690960322e-07 prediction=369.24608533002271 rho=1.0005015066444307 accept=1
  MFCG it  68 cost=1.804824e+06 lam=2.206e-07 tau=0.00e+00 cg_it=0 shift=0 ckpt=1 alpha=0 acc mv=247
PCG_PREP o=68 rebuild=1 drift=0 previous_depth=1
E2_CAP o=68 retry=0 touched=137 ncam=3068 raw=55037.549226250885 capped=333.11276752270379 radius=8654.3112787736627 median=0.78403448397138864 global_scale=1
POINT_SAFE o=68 frozen=273 slope=-381.05399745480122 candidate=1804532.3074746139 original=1804622.6400182901 current=1804823.9014459935 won=1 mode=1 camera_scale=1 keep_scale=0
ATTR_RADIUS o=68 raw_norm=55037.549226250878 norm=333.1127675227039 radius=8654.3112787736627 next_radius=8654.3112787736627 lambda=2.2057023690960322e-07 next_lambda=2.2057023690960322e-07 rho=1.0030908782440384 accept=1
CLASSICAL_LM o=68 lambda=2.2057023690960322e-07 tau=2.2057023690960322e-07 prediction=290.69546708471421 rho=1.0030908782440384 accept=1
  MFCG it  69 cost=1.804532e+06 lam=2.206e-07 tau=0.00e+00 cg_it=1 shift=0 ckpt=2 alpha=0 acc mv=250
PCG_PREP o=69 rebuild=1 drift=0 previous_depth=2
E2_CAP o=69 retry=0 touched=216 ncam=3068 raw=48254.008995305237 capped=174.03170080432565 radius=8654.3112787736627 median=0.34509080846825474 global_scale=1
POINT_SAFE o=69 frozen=229 slope=-441.77114383942194 candidate=1804172.2479791888 original=1804314.2110586683 current=1804532.3074746139 won=1 mode=1 camera_scale=1 keep_scale=0
ATTR_RADIUS o=69 raw_norm=48254.008995305208 norm=174.03170080432565 radius=8654.3112787736627 next_radius=8654.3112787736627 lambda=2.2057023690960322e-07 next_lambda=2.2057023690960322e-07 rho=0.99999189151249712 accept=1
CLASSICAL_LM o=69 lambda=2.2057023690960322e-07 tau=2.2057023690960322e-07 prediction=360.0624149866768 rho=0.99999189151249712 accept=1
  MFCG it  70 cost=1.804172e+06 lam=2.206e-07 tau=0.00e+00 cg_it=0 shift=0 ckpt=1 alpha=0 acc mv=252
PCG_PREP o=70 rebuild=1 drift=0 previous_depth=1
E2_CAP o=70 retry=0 touched=136 ncam=3068 raw=55037.607370677739 capped=324.51664613767724 radius=8654.3112787736627 median=0.7670913648746791 global_scale=1
POINT_SAFE o=70 frozen=273 slope=-355.86052087560216 candidate=1803901.0917533087 original=1803979.6272604933 current=1804172.2479791888 won=1 mode=1 camera_scale=1 keep_scale=0
ATTR_RADIUS o=70 raw_norm=55037.607370677746 norm=324.51664613767792 radius=8654.3112787736627 next_radius=8654.3112787736627 lambda=2.2057023690960322e-07 next_lambda=2.2057023690960322e-07 rho=1.0024567972470042 accept=1
CLASSICAL_LM o=70 lambda=2.2057023690960322e-07 tau=2.2057023690960322e-07 prediction=270.4916826588485 rho=1.0024567972470042 accept=1
  MFCG it  71 cost=1.803901e+06 lam=2.206e-07 tau=0.00e+00 cg_it=1 shift=0 ckpt=2 alpha=0 acc mv=255
PCG_PREP o=71 rebuild=1 drift=0 previous_depth=2
E2_CAP o=71 retry=0 touched=216 ncam=3068 raw=48225.16693313163 capped=169.87551063350199 radius=8654.3112787736627 median=0.33780789312346671 global_scale=1
POINT_SAFE o=71 frozen=216 slope=-431.86257836998817 candidate=1803548.7958312274 original=1803689.5447273748 current=1803901.0917533087 won=1 mode=1 camera_scale=1 keep_scale=0
ATTR_RADIUS o=71 raw_norm=48225.166933131615 norm=169.87551063350176 radius=8654.3112787736627 next_radius=8654.3112787736627 lambda=2.2057023690960322e-07 next_lambda=2.2057023690960322e-07 rho=0.99992991762423067 accept=1
CLASSICAL_LM o=71 lambda=2.2057023690960322e-07 tau=2.2057023690960322e-07 prediction=352.3206135468489 rho=0.99992991762423067 accept=1
  MFCG it  72 cost=1.803549e+06 lam=2.206e-07 tau=0.00e+00 cg_it=0 shift=0 ckpt=1 alpha=0 acc mv=257
PCG_PREP o=72 rebuild=1 drift=0 previous_depth=1
E2_CAP o=72 retry=0 touched=135 ncam=3068 raw=55008.346774943493 capped=314.48111044891181 radius=8654.3112787736627 median=0.74630722239332725 global_scale=1
POINT_SAFE o=72 frozen=269 slope=-341.36349077657917 candidate=1803290.2460045533 original=1803364.126897407 current=1803548.7958312274 won=1 mode=1 camera_scale=1 keep_scale=0
ATTR_RADIUS o=72 raw_norm=55008.346774943486 norm=314.48111044891164 radius=8654.3112787736627 next_radius=8654.3112787736627 lambda=2.2057023690960322e-07 next_lambda=2.2057023690960322e-07 rho=1.0016648370160273 accept=1
CLASSICAL_LM o=72 lambda=2.2057023690960322e-07 tau=2.2057023690960322e-07 prediction=258.12009877913522 rho=1.0016648370160273 accept=1
  MFCG it  73 cost=1.803290e+06 lam=2.206e-07 tau=0.00e+00 cg_it=1 shift=0 ckpt=2 alpha=0 acc mv=260
PCG_PREP o=73 rebuild=1 drift=0 previous_depth=2
E2_CAP o=73 retry=0 touched=215 ncam=3068 raw=48189.518653375599 capped=167.18684639087806 radius=8654.3112787736627 median=0.33247017130462531 global_scale=1
POINT_SAFE o=73 frozen=207 slope=-425.5635019513104 candidate=1802942.7510957969 original=1803085.7847160015 current=1803290.2460045533 won=1 mode=1 camera_scale=1 keep_scale=0
ATTR_RADIUS o=73 raw_norm=48189.518653375555 norm=167.18684639087783 radius=8654.3112787736627 next_radius=8654.3112787736627 lambda=2.2057023690960322e-07 next_lambda=2.2057023690960322e-07 rho=1.0001036220747361 accept=1
CLASSICAL_LM o=73 lambda=2.2057023690960322e-07 tau=2.2057023690960322e-07 prediction=347.45890434379004 rho=1.0001036220747361 accept=1
  MFCG it  74 cost=1.802943e+06 lam=2.206e-07 tau=0.00e+00 cg_it=0 shift=0 ckpt=1 alpha=0 acc mv=262
PCG_PREP o=74 rebuild=1 drift=0 previous_depth=1
E2_CAP o=74 retry=0 touched=198 ncam=3068 raw=49179.946056508335 capped=114.08978188975287 radius=8654.3112787736627 median=0.23931029955149699 global_scale=1
POINT_SAFE o=74 frozen=249 slope=-237.1389966334788 candidate=1802719.721262791 original=1802783.0861648356 current=1802942.7510957969 won=1 mode=1 camera_scale=1 keep_scale=0
ATTR_RADIUS o=74 raw_norm=49179.946056508335 norm=114.08978188975304 radius=8654.3112787736627 next_radius=8654.3112787736627 lambda=2.2057023690960322e-07 next_lambda=2.2057023690960322e-07 rho=1.0006026215157884 accept=1
CLASSICAL_LM o=74 lambda=2.2057023690960322e-07 tau=2.2057023690960322e-07 prediction=222.89551137504679 rho=1.0006026215157884 accept=1
  MFCG it  75 cost=1.802720e+06 lam=2.206e-07 tau=0.00e+00 cg_it=0 shift=0 ckpt=1 alpha=0 acc mv=264
PCG_PREP o=75 rebuild=1 drift=0 previous_depth=1
E2_CAP o=75 retry=0 touched=150 ncam=3068 raw=55016.641456500329 capped=310.91057014992089 radius=8654.3112787736627 median=0.68325650160964035 global_scale=1
POINT_SAFE o=75 frozen=207 slope=-277.48575329070053 candidate=1802535.6237099243 original=1802559.4870652237 current=1802719.721262791 won=1 mode=1 camera_scale=1 keep_scale=0
ATTR_RADIUS o=75 raw_norm=55016.641456500314 norm=310.91057014992197 radius=8654.3112787736627 next_radius=8654.3112787736627 lambda=2.2057023690960322e-07 next_lambda=2.2057023690960322e-07 rho=1.0056704140374275 accept=1
CLASSICAL_LM o=75 lambda=2.2057023690960322e-07 tau=2.2057023690960322e-07 prediction=183.05952954068258 rho=1.0056704140374275 accept=1
  MFCG it  76 cost=1.802536e+06 lam=2.206e-07 tau=0.00e+00 cg_it=1 shift=0 ckpt=2 alpha=0 acc mv=267
PCG_PREP o=76 rebuild=1 drift=0 previous_depth=2
E2_CAP o=76 retry=0 touched=212 ncam=3068 raw=48280.38593589636 capped=164.30170678055404 radius=8654.3112787736627 median=0.32731357248216542 global_scale=1
POINT_SAFE o=76 frozen=210 slope=-416.60276448654236 candidate=1802194.5161570667 original=1802341.8691457256 current=1802535.6237099243 won=1 mode=1 camera_scale=1 keep_scale=0
ATTR_RADIUS o=76 raw_norm=48280.385935896411 norm=164.30170678055381 radius=8654.3112787736627 next_radius=8654.3112787736627 lambda=2.2057023690960322e-07 next_lambda=2.2057023690960322e-07 rho=1.0025416324929435 accept=1
CLASSICAL_LM o=76 lambda=2.2057023690960322e-07 tau=2.2057023690960322e-07 prediction=340.24278075055878 rho=1.0025416324929435 accept=1
  MFCG it  77 cost=1.802195e+06 lam=2.206e-07 tau=0.00e+00 cg_it=0 shift=0 ckpt=1 alpha=0 acc mv=269
PCG_PREP o=77 rebuild=1 drift=0 previous_depth=1
E2_CAP o=77 retry=0 touched=141 ncam=3068 raw=54856.373967283791 capped=297.6945524532083 radius=8654.3112787736627 median=0.6979140075086343 global_scale=1
POINT_SAFE o=77 frozen=226 slope=-335.83630780943156 candidate=1801949.5638758 original=1802030.060977676 current=1802194.5161570667 won=1 mode=1 camera_scale=1 keep_scale=0
ATTR_RADIUS o=77 raw_norm=54856.37396728382 norm=297.69455245320904 radius=8654.3112787736627 next_radius=8654.3112787736627 lambda=2.2057023690960322e-07 next_lambda=2.2057023690960322e-07 rho=0.99342375585958742 accept=1
CLASSICAL_LM o=77 lambda=2.2057023690960322e-07 tau=2.2057023690960322e-07 prediction=246.57381084543522 rho=0.99342375585958742 accept=1
  MFCG it  78 cost=1.801950e+06 lam=2.206e-07 tau=0.00e+00 cg_it=1 shift=0 ckpt=2 alpha=0 acc mv=272
PCG_PREP o=78 rebuild=1 drift=0 previous_depth=2
E2_CAP o=78 retry=0 touched=219 ncam=3068 raw=48210.122565210084 capped=160.42424927881578 radius=8654.3112787736627 median=0.31770831685593903 global_scale=1
POINT_SAFE o=78 frozen=191 slope=-416.83428726672435 candidate=1801615.5677176686 original=1801768.2163452215 current=1801949.5638758 won=1 mode=1 camera_scale=1 keep_scale=0
ATTR_RADIUS o=78 raw_norm=48210.122565210098 norm=160.42424927881547 radius=8654.3112787736627 next_radius=8654.3112787736627 lambda=2.2057023690960322e-07 next_lambda=2.2057023690960322e-07 rho=0.98945503284294911 accept=1
CLASSICAL_LM o=78 lambda=2.2057023690960322e-07 tau=2.2057023690960322e-07 prediction=337.55567160211888 rho=0.98945503284294911 accept=1
  MFCG it  79 cost=1.801616e+06 lam=2.206e-07 tau=0.00e+00 cg_it=0 shift=0 ckpt=1 alpha=0 acc mv=274
PCG_PREP o=79 rebuild=1 drift=0 previous_depth=1
E2_CAP o=79 retry=0 touched=196 ncam=3068 raw=49150.837117965464 capped=107.24534530990292 radius=8654.3112787736627 median=0.22563090289255722 global_scale=1
POINT_SAFE o=79 frozen=180 slope=-235.26532207382127 candidate=1801401.004929872 original=1801478.732350209 current=1801615.5677176686 won=1 mode=1 camera_scale=1 keep_scale=0
ATTR_RADIUS o=79 raw_norm=49150.83711796542 norm=107.24534530990292 radius=8654.3112787736627 next_radius=8654.3112787736627 lambda=2.2057023690960322e-07 next_lambda=2.2057023690960322e-07 rho=0.99349156571877839 accept=1
CLASSICAL_LM o=79 lambda=2.2057023690960322e-07 tau=2.2057023690960322e-07 prediction=215.96840396060142 rho=0.99349156571877839 accept=1
  MFCG it  80 cost=1.801401e+06 lam=2.206e-07 tau=0.00e+00 cg_it=0 shift=0 ckpt=1 alpha=0 acc mv=276
PCG_PREP o=80 rebuild=1 drift=0 previous_depth=1
E2_CAP o=80 retry=0 touched=159 ncam=3068 raw=54805.865390620434 capped=297.78129826708414 radius=8654.3112787736627 median=0.64975382173046303 global_scale=1
POINT_SAFE o=80 frozen=167 slope=-255.16274072974792 candidate=1801253.4964029696 original=1801339.9024515545 current=1801401.004929872 won=1 mode=1 camera_scale=1 keep_scale=0
ATTR_RADIUS o=80 raw_norm=54805.865390620398 norm=297.78129826708397 radius=8654.3112787736627 next_radius=8654.3112787736627 lambda=2.2057023690960322e-07 next_lambda=2.2057023690960322e-07 rho=0.97479065378909502 accept=1
CLASSICAL_LM o=80 lambda=2.2057023690960322e-07 tau=2.2057023690960322e-07 prediction=151.32328806091306 rho=0.97479065378909502 accept=1
  MFCG it  81 cost=1.801253e+06 lam=2.206e-07 tau=0.00e+00 cg_it=1 shift=0 ckpt=2 alpha=0 acc mv=279
PCG_PREP o=81 rebuild=1 drift=0 previous_depth=2
E2_CAP o=81 retry=0 touched=217 ncam=3068 raw=48206.850860853883 capped=159.14899814385382 radius=8654.3112787736627 median=0.31568591542804525 global_scale=1
POINT_SAFE o=81 frozen=176 slope=-403.73102165117461 candidate=1800927.6755715485 original=1801195.623019384 current=1801253.4964029696 won=1 mode=1 camera_scale=1 keep_scale=0
ATTR_RADIUS o=81 raw_norm=48206.850860853861 norm=159.14899814385385 radius=8654.3112787736627 next_radius=8654.3112787736627 lambda=2.2057023690960322e-07 next_lambda=2.2057023690960322e-07 rho=0.99895104300337334 accept=1
CLASSICAL_LM o=81 lambda=2.2057023690960322e-07 tau=2.2057023690960322e-07 prediction=326.1629623424538 rho=0.99895104300337334 accept=1
  MFCG it  82 cost=1.800928e+06 lam=2.206e-07 tau=0.00e+00 cg_it=0 shift=0 ckpt=1 alpha=0 acc mv=281
PCG_PREP o=82 rebuild=1 drift=0 previous_depth=1
E2_CAP o=82 retry=0 touched=192 ncam=3068 raw=49147.491744821738 capped=108.50341878328744 radius=8654.3112787736627 median=0.23030524219914139 global_scale=1
POINT_SAFE o=82 frozen=152 slope=-223.16811638448786 candidate=1800721.1746817401 original=1800843.538585989 current=1800927.6755715485 won=1 mode=1 camera_scale=1 keep_scale=0
ATTR_RADIUS o=82 raw_norm=49147.491744821724 norm=108.50341878328733 radius=8654.3112787736627 next_radius=8654.3112787736627 lambda=2.2057023690960322e-07 next_lambda=2.2057023690960322e-07 rho=0.99646496932495454 accept=1
CLASSICAL_LM o=82 lambda=2.2057023690960322e-07 tau=2.2057023690960322e-07 prediction=207.23346646927007 rho=0.99646496932495454 accept=1
  MFCG it  83 cost=1.800721e+06 lam=2.206e-07 tau=0.00e+00 cg_it=0 shift=0 ckpt=1 alpha=0 acc mv=283
PCG_PREP o=83 rebuild=1 drift=0 previous_depth=1
E2_CAP o=83 retry=0 touched=152 ncam=3068 raw=54727.329437004577 capped=286.92100832502825 radius=8654.3112787736627 median=0.62851343430379691 global_scale=1
POINT_SAFE o=83 frozen=163 slope=-212.88413127378891 candidate=1800598.432670519 original=1800621.4079614985 current=1800721.1746817401 won=1 mode=1 camera_scale=1 keep_scale=0
ATTR_RADIUS o=83 raw_norm=54727.329437004635 norm=286.92100832502945 radius=8654.3112787736627 next_radius=8654.3112787736627 lambda=2.2057023690960322e-07 next_lambda=2.2057023690960322e-07 rho=0.99537109484792607 accept=1
CLASSICAL_LM o=83 lambda=2.2057023690960322e-07 tau=2.2057023690960322e-07 prediction=123.31281454368371 rho=0.99537109484792607 accept=1
  MFCG it  84 cost=1.800598e+06 lam=2.206e-07 tau=0.00e+00 cg_it=1 shift=0 ckpt=2 alpha=0 acc mv=286
PCG_PREP o=84 rebuild=1 drift=0 previous_depth=2
E2_CAP o=84 retry=0 touched=211 ncam=3068 raw=48273.256503995144 capped=158.7576129887093 radius=8654.3112787736627 median=0.31644837878874904 global_scale=1
POINT_SAFE o=84 frozen=188 slope=-393.52559082169279 candidate=1800282.7747682449 original=1800450.6167147506 current=1800598.432670519 won=1 mode=1 camera_scale=1 keep_scale=0
ATTR_RADIUS o=84 raw_norm=48273.256503995093 norm=158.7576129887093 radius=8654.3112787736627 next_radius=8654.3112787736627 lambda=2.2057023690960322e-07 next_lambda=2.2057023690960322e-07 rho=0.99600789421905245 accept=1
CLASSICAL_LM o=84 lambda=2.2057023690960322e-07 tau=2.2057023690960322e-07 prediction=316.92309278487022 rho=0.99600789421905245 accept=1
  MFCG it  85 cost=1.800283e+06 lam=2.206e-07 tau=0.00e+00 cg_it=0 shift=0 ckpt=1 alpha=0 acc mv=288
PCG_PREP o=85 rebuild=1 drift=0 previous_depth=1
E2_CAP o=85 retry=0 touched=189 ncam=3068 raw=49237.399063491765 capped=106.6233829570907 radius=8654.3112787736627 median=0.226570736401291 global_scale=1
POINT_SAFE o=85 frozen=150 slope=-213.75930405942614 candidate=1800084.2178908756 original=1800173.7985182388 current=1800282.7747682449 won=1 mode=1 camera_scale=1 keep_scale=0
ATTR_RADIUS o=85 raw_norm=49237.399063491794 norm=106.6233829570907 radius=8654.3112787736627 next_radius=8654.3112787736627 lambda=2.2057023690960322e-07 next_lambda=2.2057023690960322e-07 rho=1.0014748941314862 accept=1
CLASSICAL_LM o=85 lambda=2.2057023690960322e-07 tau=2.2057023690960322e-07 prediction=198.26445828328966 rho=1.0014748941314862 accept=1
  MFCG it  86 cost=1.800084e+06 lam=2.206e-07 tau=0.00e+00 cg_it=0 shift=0 ckpt=1 alpha=0 acc mv=290
PCG_PREP o=86 rebuild=1 drift=0 previous_depth=1
E2_CAP o=86 retry=0 touched=151 ncam=3068 raw=54633.194026815239 capped=281.0645008026388 radius=8654.3112787736627 median=0.6139984717206376 global_scale=1
POINT_SAFE o=86 frozen=151 slope=-196.28962335198077 candidate=1799981.7725548469 original=1799987.6559012709 current=1800084.2178908756 won=1 mode=1 camera_scale=1 keep_scale=0
ATTR_RADIUS o=86 raw_norm=54633.194026815218 norm=281.06450080263954 radius=8654.3112787736627 next_radius=8654.3112787736627 lambda=2.2057023690960322e-07 next_lambda=2.2057023690960322e-07 rho=0.97745395280711722 accept=1
CLASSICAL_LM o=86 lambda=2.2057023690960322e-07 tau=2.2057023690960322e-07 prediction=104.80835003479332 rho=0.97745395280711722 accept=1
  MFCG it  87 cost=1.799982e+06 lam=2.206e-07 tau=0.00e+00 cg_it=1 shift=0 ckpt=2 alpha=0 acc mv=293
PCG_PREP o=87 rebuild=1 drift=0 previous_depth=2
E2_CAP o=87 retry=0 touched=210 ncam=3068 raw=48352.551159450093 capped=155.93690035133343 radius=8654.3112787736627 median=0.31005614857490887 global_scale=1
POINT_SAFE o=87 frozen=170 slope=-386.23577028194296 candidate=1799672.0049803481 original=1799835.8582690111 current=1799981.7725548469 won=1 mode=1 camera_scale=1 keep_scale=0
ATTR_RADIUS o=87 raw_norm=48352.551159450057 norm=155.93690035133298 radius=8654.3112787736627 next_radius=8654.3112787736627 lambda=2.2057023690960322e-07 next_lambda=2.2057023690960322e-07 rho=1.0009169381325367 accept=1
CLASSICAL_LM o=87 lambda=2.2057023690960322e-07 tau=2.2057023690960322e-07 prediction=309.48379700402035 rho=1.0009169381325367 accept=1
  MFCG it  88 cost=1.799672e+06 lam=2.206e-07 tau=0.00e+00 cg_it=0 shift=0 ckpt=1 alpha=0 acc mv=295
PCG_PREP o=88 rebuild=1 drift=0 previous_depth=1
E2_CAP o=88 retry=0 touched=141 ncam=3068 raw=54529.130653121771 capped=273.13181445183176 radius=8654.3112787736627 median=0.63930520419770309 global_scale=1
POINT_SAFE o=88 frozen=182 slope=-229.72602705955819 candidate=1799525.0767432014 original=1799568.9687197928 current=1799672.0049803481 won=1 mode=1 camera_scale=1 keep_scale=0
ATTR_RADIUS o=88 raw_norm=54529.130653121727 norm=273.13181445183147 radius=8654.3112787736627 next_radius=8654.3112787736627 lambda=2.2057023690960322e-07 next_lambda=2.2057023690960322e-07 rho=0.98591745903133388 accept=1
CLASSICAL_LM o=88 lambda=2.2057023690960322e-07 tau=2.2057023690960322e-07 prediction=149.02691477951436 rho=0.98591745903133388 accept=1
  MFCG it  89 cost=1.799525e+06 lam=2.206e-07 tau=0.00e+00 cg_it=1 shift=0 ckpt=2 alpha=0 acc mv=298
PCG_PREP o=89 rebuild=1 drift=0 previous_depth=2
E2_CAP o=89 retry=0 touched=216 ncam=3068 raw=48282.463896931309 capped=151.75210482144476 radius=8654.3112787736627 median=0.30154688097071952 global_scale=1
POINT_SAFE o=89 frozen=179 slope=-377.49656037530036 candidate=1799220.6910002392 original=1799386.7383231586 current=1799525.0767432014 won=1 mode=1 camera_scale=1 keep_scale=0
ATTR_RADIUS o=89 raw_norm=48282.463896931338 norm=151.75210482144465 radius=8654.3112787736627 next_radius=8654.3112787736627 lambda=2.2057023690960322e-07 next_lambda=2.2057023690960322e-07 rho=1.000009444724635 accept=1
CLASSICAL_LM o=89 lambda=2.2057023690960322e-07 tau=2.2057023690960322e-07 prediction=304.38286814975424 rho=1.000009444724635 accept=1
  MFCG it  90 cost=1.799221e+06 lam=2.206e-07 tau=0.00e+00 cg_it=0 shift=0 ckpt=1 alpha=0 acc mv=300
PCG_PREP o=90 rebuild=1 drift=0 previous_depth=1
E2_CAP o=90 retry=0 touched=191 ncam=3068 raw=49231.554937112996 capped=99.968731205947734 radius=8654.3112787736627 median=0.21251225804226942 global_scale=1
POINT_SAFE o=90 frozen=158 slope=-197.77109736539168 candidate=1799035.3713286181 original=1799133.966933168 current=1799220.6910002392 won=1 mode=1 camera_scale=1 keep_scale=0
ATTR_RADIUS o=90 raw_norm=49231.554937112967 norm=99.968731205947464 radius=8654.3112787736627 next_radius=8654.3112787736627 lambda=2.2057023690960322e-07 next_lambda=2.2057023690960322e-07 rho=1.0011297299091848 accept=1
CLASSICAL_LM o=90 lambda=2.2057023690960322e-07 tau=2.2057023690960322e-07 prediction=185.11054669996798 rho=1.0011297299091848 accept=1
  MFCG it  91 cost=1.799035e+06 lam=2.206e-07 tau=0.00e+00 cg_it=0 shift=0 ckpt=1 alpha=0 acc mv=302
PCG_PREP o=91 rebuild=1 drift=0 previous_depth=1
E2_CAP o=91 retry=0 touched=160 ncam=3068 raw=54530.568189319427 capped=271.65336105797439 radius=8654.3112787736627 median=0.59416385447393849 global_scale=1
POINT_SAFE o=91 frozen=163 slope=-163.40790650844681 candidate=1798959.0693578466 original=1799032.2909869377 current=1799035.3713286181 won=1 mode=1 camera_scale=1 keep_scale=0
ATTR_RADIUS o=91 raw_norm=54530.568189319434 norm=271.65336105797468 radius=8654.3112787736627 next_radius=8654.3112787736627 lambda=2.2057023690960322e-07 next_lambda=2.2057023690960322e-07 rho=0.9878315158747244 accept=1
CLASSICAL_LM o=91 lambda=2.2057023690960322e-07 tau=2.2057023690960322e-07 prediction=77.24188745278947 rho=0.9878315158747244 accept=1
  MFCG it  92 cost=1.798959e+06 lam=2.206e-07 tau=0.00e+00 cg_it=1 shift=0 ckpt=2 alpha=0 acc mv=305
PCG_PREP o=92 rebuild=1 drift=0 previous_depth=2
E2_CAP o=92 retry=0 touched=214 ncam=3068 raw=48355.99556266913 capped=151.66071541291063 radius=8654.3112787736627 median=0.30102893099020112 global_scale=1
POINT_SAFE o=92 frozen=169 slope=-373.03512454080425 candidate=1798658.6862014539 original=1798931.2554375983 current=1798959.0693578466 won=1 mode=1 camera_scale=1 keep_scale=0
ATTR_RADIUS o=92 raw_norm=48355.995562669086 norm=151.66071541291103 radius=8654.3112787736627 next_radius=8654.3112787736627 lambda=2.2057023690960322e-07 next_lambda=2.2057023690960322e-07 rho=1.000056718227136 accept=1
CLASSICAL_LM o=92 lambda=2.2057023690960322e-07 tau=2.2057023690960322e-07 prediction=300.36612015889619 rho=1.000056718227136 accept=1
  MFCG it  93 cost=1.798659e+06 lam=2.206e-07 tau=0.00e+00 cg_it=0 shift=0 ckpt=1 alpha=0 acc mv=307
PCG_PREP o=93 rebuild=1 drift=0 previous_depth=1
E2_CAP o=93 retry=0 touched=188 ncam=3068 raw=49323.549595514065 capped=100.23209072896942 radius=8654.3112787736627 median=0.21434891530411315 global_scale=1
POINT_SAFE o=93 frozen=145 slope=-198.0518954652419 candidate=1798474.0763313298 original=1798653.1085290874 current=1798658.6862014539 won=1 mode=1 camera_scale=1 keep_scale=0
ATTR_RADIUS o=93 raw_norm=49323.549595514036 norm=100.23209072896978 radius=8654.3112787736627 next_radius=8654.3112787736627 lambda=2.2057023690960322e-07 next_lambda=2.2057023690960322e-07 rho=1.0009193091819677 accept=1
CLASSICAL_LM o=93 lambda=2.2057023690960322e-07 tau=2.2057023690960322e-07 prediction=184.44031245138109 rho=1.0009193091819677 accept=1
  MFCG it  94 cost=1.798474e+06 lam=2.206e-07 tau=0.00e+00 cg_it=0 shift=0 ckpt=1 alpha=0 acc mv=309
PCG_PREP o=94 rebuild=1 drift=0 previous_depth=1
E2_CAP o=94 retry=0 touched=151 ncam=3068 raw=54443.510382956905 capped=262.55276378618572 radius=8654.3112787736627 median=0.5744542701937535 global_scale=1
POINT_SAFE o=94 frozen=156 slope=-157.28165621919385 candidate=1798402.1660614258 original=1798445.0402494345 current=1798474.0763313298 won=1 mode=1 camera_scale=1 keep_scale=0
ATTR_RADIUS o=94 raw_norm=54443.51038295692 norm=262.55276378618538 radius=8654.3112787736627 next_radius=8654.3112787736627 lambda=2.2057023690960322e-07 next_lambda=2.2057023690960322e-07 rho=0.96864751121862092 accept=1
CLASSICAL_LM o=94 lambda=2.2057023690960322e-07 tau=2.2057023690960322e-07 prediction=74.237810009425047 rho=0.96864751121862092 accept=1
  MFCG it  95 cost=1.798402e+06 lam=2.206e-07 tau=0.00e+00 cg_it=1 shift=0 ckpt=2 alpha=0 acc mv=312
PCG_PREP o=95 rebuild=1 drift=0 previous_depth=2
E2_CAP o=95 retry=0 touched=212 ncam=3068 raw=48495.048113229546 capped=150.03001699550416 radius=8654.3112787736627 median=0.29724066641859587 global_scale=1
POINT_SAFE o=95 frozen=180 slope=-370.37940865417107 candidate=1798106.4449896931 original=1798302.719364394 current=1798402.1660614258 won=1 mode=1 camera_scale=1 keep_scale=0
ATTR_RADIUS o=95 raw_norm=48495.048113229539 norm=150.03001699550407 radius=8654.3112787736627 next_radius=8654.3112787736627 lambda=2.2057023690960322e-07 next_lambda=2.2057023690960322e-07 rho=0.99974749292012477 accept=1
CLASSICAL_LM o=95 lambda=2.2057023690960322e-07 tau=2.2057023690960322e-07 prediction=295.7957622568631 rho=0.99974749292012477 accept=1
  MFCG it  96 cost=1.798106e+06 lam=2.206e-07 tau=0.00e+00 cg_it=0 shift=0 ckpt=1 alpha=0 acc mv=314
PCG_PREP o=96 rebuild=1 drift=0 previous_depth=1
E2_CAP o=96 retry=0 touched=138 ncam=3068 raw=54330.663580429769 capped=259.77977597614955 radius=8654.3112787736627 median=0.60909986352000289 global_scale=1
POINT_SAFE o=96 frozen=171 slope=-198.08931720042165 candidate=1797988.4453849806 original=1798040.8107406064 current=1798106.4449896931 won=1 mode=1 camera_scale=1 keep_scale=0
ATTR_RADIUS o=96 raw_norm=54330.663580429726 norm=259.77977597615001 radius=8654.3112787736627 next_radius=8654.3112787736627 lambda=2.2057023690960322e-07 next_lambda=2.2057023690960322e-07 rho=0.98210624730995599 accept=1
CLASSICAL_LM o=96 lambda=2.2057023690960322e-07 tau=2.2057023690960322e-07 prediction=120.1495307006556 rho=0.98210624730995599 accept=1
  MFCG it  97 cost=1.797988e+06 lam=2.206e-07 tau=0.00e+00 cg_it=1 shift=0 ckpt=2 alpha=0 acc mv=317
PCG_PREP o=97 rebuild=1 drift=0 previous_depth=2
E2_CAP o=97 retry=0 touched=219 ncam=3068 raw=48442.930960829239 capped=146.19902656564355 radius=8654.3112787736627 median=0.28904597819336514 global_scale=1
POINT_SAFE o=97 frozen=183 slope=-362.13808049958033 candidate=1797697.3039052614 original=1797878.1789181444 current=1797988.4453849806 won=1 mode=1 camera_scale=1 keep_scale=0
ATTR_RADIUS o=97 raw_norm=48442.930960829268 norm=146.19902656564361 radius=8654.3112787736627 next_radius=8654.3112787736627 lambda=2.2057023690960322e-07 next_lambda=2.2057023690960322e-07 rho=0.99997965302859215 accept=1
CLASSICAL_LM o=97 lambda=2.2057023690960322e-07 tau=2.2057023690960322e-07 prediction=291.14740368709568 rho=0.99997965302859215 accept=1
  MFCG it  98 cost=1.797697e+06 lam=2.206e-07 tau=0.00e+00 cg_it=0 shift=0 ckpt=1 alpha=0 acc mv=319
PCG_PREP o=98 rebuild=1 drift=0 previous_depth=1
E2_CAP o=98 retry=0 touched=188 ncam=3068 raw=49403.782825307258 capped=94.679312840255392 radius=8654.3112787736627 median=0.20143366153706396 global_scale=1
POINT_SAFE o=98 frozen=145 slope=-185.70320791933082 candidate=1797523.405828275 original=1797625.1002911348 current=1797697.3039052614 won=1 mode=1 camera_scale=1 keep_scale=0
ATTR_RADIUS o=98 raw_norm=49403.782825307288 norm=94.679312840255378 radius=8654.3112787736627 next_radius=8654.3112787736627 lambda=2.2057023690960322e-07 next_lambda=2.2057023690960322e-07 rho=1.0011672584618516 accept=1
CLASSICAL_LM o=98 lambda=2.2057023690960322e-07 tau=2.2057023690960322e-07 prediction=173.69532964311833 rho=1.0011672584618516 accept=1
  MFCG it  99 cost=1.797523e+06 lam=2.206e-07 tau=0.00e+00 cg_it=0 shift=0 ckpt=1 alpha=0 acc mv=321
PCG_PREP o=99 rebuild=1 drift=0 previous_depth=1
E2_CAP o=99 retry=0 touched=157 ncam=3068 raw=54325.04544328319 capped=258.89373615004422 radius=8654.3112787736627 median=0.56725092595458415 global_scale=1
POINT_SAFE o=99 frozen=147 slope=-136.18945700176178 candidate=1797467.7684179174 original=1797467.3939473683 current=1797523.405828275 won=0 mode=1 camera_scale=1 keep_scale=0
ATTR_RADIUS o=99 raw_norm=54325.045443283198 norm=64.723434037511097 radius=8654.3112787736627 next_radius=8654.3112787736627 lambda=2.2057023690960322e-07 next_lambda=2.2057023690960322e-07 rho=0.51667225002854644 accept=1
CLASSICAL_LM o=99 lambda=2.2057023690960322e-07 tau=2.2057023690960322e-07 prediction=108.40892055586443 rho=0.51667225002854644 accept=1
  MFCG it 100 cost=1.797467e+06 lam=2.206e-07 tau=0.00e+00 cg_it=1 shift=0 ckpt=2 alpha=0 acc mv=324
PCG_PREP o=100 rebuild=1 drift=0 previous_depth=2
E2_CAP o=100 retry=0 touched=143 ncam=3068 raw=54316.358528918994 capped=224.33294971518308 radius=8654.3112787736627 median=0.50332330415591542 global_scale=1
POINT_SAFE o=100 frozen=107 slope=-380.79483523218568 candidate=1797353.0818541609 original=1797395.5517124271 current=1797467.3939473683 won=1 mode=1 camera_scale=1 keep_scale=0
ATTR_RADIUS o=100 raw_norm=54316.358528919016 norm=224.33294971518293 radius=8654.3112787736627 next_radius=8654.3112787736627 lambda=2.2057023690960322e-07 next_lambda=2.2057023690960322e-07 rho=0.54306095525560116 accept=1
CLASSICAL_LM o=100 lambda=2.2057023690960322e-07 tau=2.2057023690960322e-07 prediction=210.49587914781466 rho=0.54306095525560116 accept=1
  MFCG it 101 cost=1.797353e+06 lam=2.206e-07 tau=0.00e+00 cg_it=1 shift=0 ckpt=2 alpha=0 acc mv=327
PCG_PREP o=101 rebuild=1 drift=0 previous_depth=2
E2_CAP o=101 retry=0 touched=218 ncam=3068 raw=48516.717427557371 capped=143.52856211495509 radius=8654.3112787736627 median=0.28295022007079196 global_scale=1
POINT_SAFE o=101 frozen=158 slope=-507.86813378373222 candidate=1797020.9594552787 original=1797178.2678199569 current=1797353.0818541609 won=1 mode=1 camera_scale=1 keep_scale=0
ATTR_RADIUS o=101 raw_norm=48516.717427557436 norm=143.52856211495504 radius=8654.3112787736627 next_radius=8654.3112787736627 lambda=2.2057023690960322e-07 next_lambda=2.2057023690960322e-07 rho=0.91101582909827727 accept=1
CLASSICAL_LM o=101 lambda=2.2057023690960322e-07 tau=2.2057023690960322e-07 prediction=364.56270931198583 rho=0.91101582909827727 accept=1
  MFCG it 102 cost=1.797021e+06 lam=2.206e-07 tau=0.00e+00 cg_it=0 shift=0 ckpt=1 alpha=0 acc mv=329
PCG_PREP o=102 rebuild=1 drift=0 previous_depth=1
E2_CAP o=102 retry=0 touched=135 ncam=3068 raw=54189.611064405988 capped=250.16218647342535 radius=8654.3112787736627 median=0.58986839261448676 global_scale=1
POINT_SAFE o=102 frozen=169 slope=-230.11807341653042 candidate=1796891.4090776206 original=1796953.8720759833 current=1797020.9594552787 won=1 mode=1 camera_scale=1 keep_scale=0
ATTR_RADIUS o=102 raw_norm=54189.611064406054 norm=250.16218647342507 radius=8654.3112787736627 next_radius=8654.3112787736627 lambda=2.2057023690960322e-07 next_lambda=2.2057023690960322e-07 rho=0.96613239331386647 accept=1
CLASSICAL_LM o=102 lambda=2.2057023690960322e-07 tau=2.2057023690960322e-07 prediction=134.09174410738939 rho=0.96613239331386647 accept=1
  MFCG it 103 cost=1.796891e+06 lam=2.206e-07 tau=0.00e+00 cg_it=1 shift=0 ckpt=2 alpha=0 acc mv=332
PCG_PREP o=103 rebuild=1 drift=0 previous_depth=2
E2_CAP o=103 retry=0 touched=226 ncam=3068 raw=48473.660795493524 capped=141.67942621986361 radius=8654.3112787736627 median=0.27720057513745533 global_scale=1
POINT_SAFE o=103 frozen=188 slope=-355.54132074407602 candidate=1796607.3393075268 original=1796751.9291379121 current=1796891.4090776206 won=1 mode=1 camera_scale=1 keep_scale=0
ATTR_RADIUS o=103 raw_norm=48473.660795493488 norm=141.6794262198635 radius=8654.3112787736627 next_radius=8654.3112787736627 lambda=2.2057023690960322e-07 next_lambda=2.2057023690960322e-07 rho=0.99842958176803775 accept=1
CLASSICAL_LM o=103 lambda=2.2057023690960322e-07 tau=2.2057023690960322e-07 prediction=284.51658011848804 rho=0.99842958176803775 accept=1
  MFCG it 104 cost=1.796607e+06 lam=2.206e-07 tau=0.00e+00 cg_it=0 shift=0 ckpt=1 alpha=0 acc mv=334
PCG_PREP o=104 rebuild=1 drift=0 previous_depth=1
E2_CAP o=104 retry=0 touched=192 ncam=3068 raw=49418.568199421054 capped=92.564930119179735 radius=8654.3112787736627 median=0.19615534501901433 global_scale=1
POINT_SAFE o=104 frozen=133 slope=-181.33773336026064 candidate=1796437.9556335614 original=1796539.396234588 current=1796607.3393075268 won=1 mode=1 camera_scale=1 keep_scale=0
ATTR_RADIUS o=104 raw_norm=49418.568199421068 norm=92.56493011917982 radius=8654.3112787736627 next_radius=8654.3112787736627 lambda=2.2057023690960322e-07 next_lambda=2.2057023690960322e-07 rho=1.0005214047940105 accept=1
CLASSICAL_LM o=104 lambda=2.2057023690960322e-07 tau=2.2057023690960322e-07 prediction=169.29540253098168 rho=1.0005214047940105 accept=1
  MFCG it 105 cost=1.796438e+06 lam=2.206e-07 tau=0.00e+00 cg_it=0 shift=0 ckpt=1 alpha=0 acc mv=336
PCG_PREP o=105 rebuild=1 drift=0 previous_depth=1
E2_CAP o=105 retry=0 touched=154 ncam=3068 raw=54176.788129286346 capped=251.63901087421399 radius=8654.3112787736627 median=0.54942096013120323 global_scale=1
POINT_SAFE o=105 frozen=133 slope=-121.16796270795913 candidate=1796395.1561414304 original=1796415.8158833077 current=1796437.9556335614 won=1 mode=1 camera_scale=1 keep_scale=0
ATTR_RADIUS o=105 raw_norm=54176.788129286419 norm=251.63901087421425 radius=8654.3112787736627 next_radius=8654.3112787736627 lambda=2.2057023690960322e-07 next_lambda=2.2057023690960322e-07 rho=1.0127324260568316 accept=1
CLASSICAL_LM o=105 lambda=2.2057023690960322e-07 tau=2.2057023690960322e-07 prediction=42.261401955530516 rho=1.0127324260568316 accept=1
  MFCG it 106 cost=1.796395e+06 lam=2.206e-07 tau=0.00e+00 cg_it=1 shift=0 ckpt=2 alpha=0 acc mv=339
PCG_PREP o=106 rebuild=1 drift=0 previous_depth=2
E2_CAP o=106 retry=0 touched=224 ncam=3068 raw=48579.394014108148 capped=141.93099078124507 radius=8654.3112787736627 median=0.27807021819051053 global_scale=1
POINT_SAFE o=106 frozen=154 slope=-345.59708131360844 candidate=1796117.6037343899 original=1796257.7616927738 current=1796395.1561414304 won=1 mode=1 camera_scale=1 keep_scale=0
ATTR_RADIUS o=106 raw_norm=48579.39401410814 norm=141.93099078124533 radius=8654.3112787736627 next_radius=8654.3112787736627 lambda=2.2057023690960322e-07 next_lambda=2.2057023690960322e-07 rho=1.000259576198588 accept=1
CLASSICAL_LM o=106 lambda=2.2057023690960322e-07 tau=2.2057023690960322e-07 prediction=277.48037973833834 rho=1.000259576198588 accept=1
  MFCG it 107 cost=1.796118e+06 lam=2.206e-07 tau=0.00e+00 cg_it=0 shift=0 ckpt=1 alpha=0 acc mv=341
PCG_PREP o=107 rebuild=1 drift=0 previous_depth=1
E2_CAP o=107 retry=0 touched=136 ncam=3068 raw=54045.165461364297 capped=241.14251186211533 radius=8654.3112787736627 median=0.56525958050804481 global_scale=1
POINT_SAFE o=107 frozen=156 slope=-165.7105108651441 candidate=1796020.601521604 original=1796070.0932139759 current=1796117.6037343899 won=1 mode=1 camera_scale=1 keep_scale=0
ATTR_RADIUS o=107 raw_norm=54045.165461364326 norm=241.14251186211567 radius=8654.3112787736627 next_radius=8654.3112787736627 lambda=2.2057023690960322e-07 next_lambda=2.2057023690960322e-07 rho=1.004150621117998 accept=1
CLASSICAL_LM o=107 lambda=2.2057023690960322e-07 tau=2.2057023690960322e-07 prediction=96.601257566203429 rho=1.004150621117998 accept=1
  MFCG it 108 cost=1.796021e+06 lam=2.206e-07 tau=0.00e+00 cg_it=1 shift=0 ckpt=2 alpha=0 acc mv=344
PCG_PREP o=108 rebuild=1 drift=0 previous_depth=2
E2_CAP o=108 retry=0 touched=226 ncam=3068 raw=48564.618605159943 capped=137.96216200796036 radius=8654.3112787736627 median=0.26946727962336803 global_scale=1
POINT_SAFE o=108 frozen=164 slope=-335.79654287449654 candidate=1795750.1546632692 original=1795886.9607934207 current=1796020.601521604 won=1 mode=1 camera_scale=1 keep_scale=0
ATTR_RADIUS o=108 raw_norm=48564.618605159973 norm=137.96216200796022 radius=8654.3112787736627 next_radius=8654.3112787736627 lambda=2.2057023690960322e-07 next_lambda=2.2057023690960322e-07 rho=0.99983096485854572 accept=1
CLASSICAL_LM o=108 lambda=2.2057023690960322e-07 tau=2.2057023690960322e-07 prediction=270.49258108652703 rho=0.99983096485854572 accept=1
  MFCG it 109 cost=1.795750e+06 lam=2.206e-07 tau=0.00e+00 cg_it=0 shift=0 ckpt=1 alpha=0 acc mv=346
PCG_PREP o=109 rebuild=1 drift=0 previous_depth=1
E2_CAP o=109 retry=0 touched=190 ncam=3068 raw=49501.641423373672 capped=89.948230073138106 radius=8654.3112787736627 median=0.19090799262421199 global_scale=1
POINT_SAFE o=109 frozen=139 slope=-174.27218325244934 candidate=1795587.1804417034 original=1795683.6163351247 current=1795750.1546632692 won=1 mode=1 camera_scale=1 keep_scale=0
ATTR_RADIUS o=109 raw_norm=49501.641423373745 norm=89.948230073138092 radius=8654.3112787736627 next_radius=8654.3112787736627 lambda=2.2057023690960322e-07 next_lambda=2.2057023690960322e-07 rho=1.0006798526436718 accept=1
CLASSICAL_LM o=109 lambda=2.2057023690960322e-07 tau=2.2057023690960322e-07 prediction=162.86349838582544 rho=1.0006798526436718 accept=1
  MFCG it 110 cost=1.795587e+06 lam=2.206e-07 tau=0.00e+00 cg_it=0 shift=0 ckpt=1 alpha=0 acc mv=348
PCG_PREP o=110 rebuild=1 drift=0 previous_depth=1
E2_CAP o=110 retry=0 touched=157 ncam=3068 raw=54028.562044436716 capped=244.3781978741724 radius=8654.3112787736627 median=0.53216416147171808 global_scale=1
POINT_SAFE o=110 frozen=122 slope=-108.40313847066901 candidate=1795555.4807881333 original=1795569.7317320062 current=1795587.1804417034 won=1 mode=1 camera_scale=1 keep_scale=0
ATTR_RADIUS o=110 raw_norm=54028.562044436738 norm=244.37819787417217 radius=8654.3112787736627 next_radius=8654.3112787736627 lambda=2.2057023690960322e-07 next_lambda=2.2057023690960322e-07 rho=1.0215496159666153 accept=1
CLASSICAL_LM o=110 lambda=2.2057023690960322e-07 tau=2.2057023690960322e-07 prediction=31.030948545832103 rho=1.0215496159666153 accept=1
  MFCG it 111 cost=1.795555e+06 lam=2.206e-07 tau=0.00e+00 cg_it=1 shift=0 ckpt=2 alpha=0 acc mv=351
PCG_PREP o=111 rebuild=1 drift=0 previous_depth=2
E2_CAP o=111 retry=0 touched=225 ncam=3068 raw=48658.596235855228 capped=139.96090677811614 radius=8654.3112787736627 median=0.2739846546891177 global_scale=1
POINT_SAFE o=111 frozen=159 slope=-339.61315559915289 candidate=1795283.6334797256 original=1795420.0355151796 current=1795555.4807881333 won=1 mode=1 camera_scale=1 keep_scale=0
ATTR_RADIUS o=111 raw_norm=48658.596235855141 norm=139.96090677811546 radius=8654.3112787736627 next_radius=8654.3112787736627 lambda=2.2057023690960322e-07 next_lambda=2.2057023690960322e-07 rho=1.0003612673738749 accept=1
CLASSICAL_LM o=111 lambda=2.2057023690960322e-07 tau=2.2057023690960322e-07 prediction=271.74913431166493 rho=1.0003612673738749 accept=1
  MFCG it 112 cost=1.795284e+06 lam=2.206e-07 tau=0.00e+00 cg_it=0 shift=0 ckpt=1 alpha=0 acc mv=353
PCG_PREP o=112 rebuild=1 drift=0 previous_depth=1
E2_CAP o=112 retry=0 touched=134 ncam=3068 raw=53902.217737277664 capped=233.58112221383431 radius=8654.3112787736627 median=0.54628676484922423 global_scale=1
POINT_SAFE o=112 frozen=161 slope=-152.61907586453253 candidate=1795199.156615085 original=1795242.1495357195 current=1795283.6334797256 won=1 mode=1 camera_scale=1 keep_scale=0
ATTR_RADIUS o=112 raw_norm=53902.217737277693 norm=233.58112221383379 radius=8654.3112787736627 next_radius=8654.3112787736627 lambda=2.2057023690960322e-07 next_lambda=2.2057023690960322e-07 rho=1.0066577683464573 accept=1
CLASSICAL_LM o=112 lambda=2.2057023690960322e-07 tau=2.2057023690960322e-07 prediction=83.918156991291326 rho=1.0066577683464573 accept=1
  MFCG it 113 cost=1.795199e+06 lam=2.206e-07 tau=0.00e+00 cg_it=1 shift=0 ckpt=2 alpha=0 acc mv=356
PCG_PREP o=113 rebuild=1 drift=0 previous_depth=2
E2_CAP o=113 retry=0 touched=226 ncam=3068 raw=48628.812316355077 capped=135.0251974619492 radius=8654.3112787736627 median=0.26272215854041525 global_scale=1
POINT_SAFE o=113 frozen=164 slope=-327.86577258916378 candidate=1794935.8178543386 original=1795069.1426027752 current=1795199.156615085 won=1 mode=1 camera_scale=1 keep_scale=0
ATTR_RADIUS o=113 raw_norm=48628.81231635507 norm=135.02519746194938 radius=8654.3112787736627 next_radius=8654.3112787736627 lambda=2.2057023690960322e-07 next_lambda=2.2057023690960322e-07 rho=0.99987462425394813 accept=1
CLASSICAL_LM o=113 lambda=2.2057023690960322e-07 tau=2.2057023690960322e-07 prediction=263.37178117996456 rho=0.99987462425394813 accept=1
  MFCG it 114 cost=1.794936e+06 lam=2.206e-07 tau=0.00e+00 cg_it=0 shift=0 ckpt=1 alpha=0 acc mv=358
PCG_PREP o=114 rebuild=1 drift=0 previous_depth=1
E2_CAP o=114 retry=0 touched=134 ncam=3068 raw=53848.062483897098 capped=228.7765140953031 radius=8654.3112787736627 median=0.53904887467706253 global_scale=1
POINT_SAFE o=114 frozen=157 slope=-146.84271407110742 candidate=1794856.9673776645 original=1794897.6309349742 current=1794935.8178543386 won=1 mode=1 camera_scale=1 keep_scale=0
ATTR_RADIUS o=114 raw_norm=53848.062483897105 norm=228.77651409530318 radius=8654.3112787736627 next_radius=8654.3112787736627 lambda=2.2057023690960322e-07 next_lambda=2.2057023690960322e-07 rho=1.0061018258580958 accept=1
CLASSICAL_LM o=114 lambda=2.2057023690960322e-07 tau=2.2057023690960322e-07 prediction=78.372262774482238 rho=1.0061018258580958 accept=1
  MFCG it 115 cost=1.794857e+06 lam=2.206e-07 tau=0.00e+00 cg_it=1 shift=0 ckpt=2 alpha=0 acc mv=361
PCG_PREP o=115 rebuild=1 drift=0 previous_depth=2
E2_CAP o=115 retry=0 touched=226 ncam=3068 raw=48576.690357571562 capped=136.45743944513524 radius=8654.3112787736627 median=0.26551596357434826 global_scale=1
POINT_SAFE o=115 frozen=168 slope=-333.1278186283792 candidate=1794590.4432989999 original=1794725.3844218517 current=1794856.9673776645 won=1 mode=1 camera_scale=1 keep_scale=0
ATTR_RADIUS o=115 raw_norm=48576.690357571599 norm=136.45743944513495 radius=8654.3112787736627 next_radius=8654.3112787736627 lambda=2.2057023690960322e-07 next_lambda=2.2057023690960322e-07 rho=0.99947166927511433 accept=1
CLASSICAL_LM o=115 lambda=2.2057023690960322e-07 tau=2.2057023690960322e-07 prediction=266.66496595936962 rho=0.99947166927511433 accept=1
  MFCG it 116 cost=1.794590e+06 lam=2.206e-07 tau=0.00e+00 cg_it=0 shift=0 ckpt=1 alpha=0 acc mv=363
PCG_PREP o=116 rebuild=1 drift=0 previous_depth=1
E2_CAP o=116 retry=0 touched=193 ncam=3068 raw=49521.86095250021 capped=87.47349671258651 radius=8654.3112787736627 median=0.18321792635991274 global_scale=1
POINT_SAFE o=116 frozen=137 slope=-167.96853059656254 candidate=1794434.0422995491 original=1794527.7652950112 current=1794590.4432989999 won=1 mode=1 camera_scale=1 keep_scale=0
ATTR_RADIUS o=116 raw_norm=49521.86095250029 norm=87.473496712586552 radius=8654.3112787736627 next_radius=8654.3112787736627 lambda=2.2057023690960322e-07 next_lambda=2.2057023690960322e-07 rho=1.000411090644886 accept=1
CLASSICAL_LM o=116 lambda=2.2057023690960322e-07 tau=2.2057023690960322e-07 prediction=156.33673088330511 rho=1.000411090644886 accept=1
  MFCG it 117 cost=1.794434e+06 lam=2.206e-07 tau=0.00e+00 cg_it=0 shift=0 ckpt=1 alpha=0 acc mv=365
PCG_PREP o=117 rebuild=1 drift=0 previous_depth=1
E2_CAP o=117 retry=0 touched=151 ncam=3068 raw=53820.604045890577 capped=232.09853100253636 radius=8654.3112787736627 median=0.50368202365535664 global_scale=1
POINT_SAFE o=117 frozen=125 slope=-92.127026761876479 candidate=1794415.6444854774 original=1794425.3663816007 current=1794434.0422995491 won=1 mode=1 camera_scale=1 keep_scale=0
ATTR_RADIUS o=117 raw_norm=53820.604045890555 norm=232.09853100253713 radius=8654.3112787736627 next_radius=8654.3112787736627 lambda=2.2057023690960322e-07 next_lambda=2.2057023690960322e-07 rho=1.052005836467782 accept=1
CLASSICAL_LM o=117 lambda=2.2057023690960322e-07 tau=2.2057023690960322e-07 prediction=17.488319393274267 rho=1.052005836467782 accept=1
  MFCG it 118 cost=1.794416e+06 lam=2.206e-07 tau=0.00e+00 cg_it=1 shift=0 ckpt=2 alpha=0 acc mv=368
PCG_PREP o=118 rebuild=1 drift=0 previous_depth=2
E2_CAP o=118 retry=0 touched=222 ncam=3068 raw=48674.637852388092 capped=135.25378092375828 radius=8654.3112787736627 median=0.26321615795487086 global_scale=1
POINT_SAFE o=118 frozen=173 slope=-329.11785212257217 candidate=1794153.117193257 original=1794286.9232952755 current=1794415.6444854774 won=1 mode=1 camera_scale=1 keep_scale=0
ATTR_RADIUS o=118 raw_norm=48674.637852388063 norm=135.25378092375826 radius=8654.3112787736627 next_radius=8654.3112787736627 lambda=2.2057023690960322e-07 next_lambda=2.2057023690960322e-07 rho=1.0005488325218292 accept=1
CLASSICAL_LM o=118 lambda=2.2057023690960322e-07 tau=2.2057023690960322e-07 prediction=262.38328773889202 rho=1.0005488325218292 accept=1
  MFCG it 119 cost=1.794153e+06 lam=2.206e-07 tau=0.00e+00 cg_it=0 shift=0 ckpt=1 alpha=0 acc mv=370
PCG_PREP o=119 rebuild=1 drift=0 previous_depth=1
E2_CAP o=119 retry=0 touched=132 ncam=3068 raw=53697.051245198214 capped=223.24472064965889 radius=8654.3112787736627 median=0.5229708657497607 global_scale=1
POINT_SAFE o=119 frozen=169 slope=-138.75570969848775 candidate=1794080.6158548952 original=1794120.3802591211 current=1794153.117193257 won=1 mode=1 camera_scale=1 keep_scale=0
ATTR_RADIUS o=119 raw_norm=53697.051245198214 norm=223.24472064965923 radius=8654.3112787736627 next_radius=8654.3112787736627 lambda=2.2057023690960322e-07 next_lambda=2.2057023690960322e-07 rho=1.0099446634652856 accept=1
CLASSICAL_LM o=119 lambda=2.2057023690960322e-07 tau=2.2057023690960322e-07 prediction=71.787436465081655 rho=1.0099446634652856 accept=1
  MFCG it 120 cost=1.794081e+06 lam=2.206e-07 tau=0.00e+00 cg_it=1 shift=0 ckpt=2 alpha=0 acc mv=373
PCG_PREP o=120 rebuild=1 drift=0 previous_depth=2
E2_CAP o=120 retry=0 touched=229 ncam=3068 raw=48623.236031599292 capped=131.44657417062163 radius=8654.3112787736627 median=0.25533617358546684 global_scale=1
POINT_SAFE o=120 frozen=168 slope=-319.93300208337257 candidate=1793824.4036823353 original=1793957.3273945802 current=1794080.6158548952 won=1 mode=1 camera_scale=1 keep_scale=0
ATTR_RADIUS o=120 raw_norm=48623.236031599292 norm=131.44657417062191 radius=8654.3112787736627 next_radius=8654.3112787736627 lambda=2.2057023690960322e-07 next_lambda=2.2057023690960322e-07 rho=1.0001286350958127 accept=1
CLASSICAL_LM o=120 lambda=2.2057023690960322e-07 tau=2.2057023690960322e-07 prediction=256.17921892155692 rho=1.0001286350958127 accept=1
  MFCG it 121 cost=1.793824e+06 lam=2.206e-07 tau=0.00e+00 cg_it=0 shift=0 ckpt=1 alpha=0 acc mv=375
PCG_PREP o=121 rebuild=1 drift=0 previous_depth=1
E2_CAP o=121 retry=0 touched=131 ncam=3068 raw=53654.142418449686 capped=220.83870667395459 radius=8654.3112787736627 median=0.52348268870911596 global_scale=1
POINT_SAFE o=121 frozen=157 slope=-134.92354250591202 candidate=1793756.292297218 original=1793794.9992603888 current=1793824.4036823353 won=1 mode=1 camera_scale=1 keep_scale=0
ATTR_RADIUS o=121 raw_norm=53654.142418449701 norm=220.83870667395425 radius=8654.3112787736627 next_radius=8654.3112787736627 lambda=2.2057023690960322e-07 next_lambda=2.2057023690960322e-07 rho=1.0091868767541465 accept=1
CLASSICAL_LM o=121 lambda=2.2057023690960322e-07 tau=2.2057023690960322e-07 prediction=67.491350399196619 rho=1.0091868767541465 accept=1
  MFCG it 122 cost=1.793756e+06 lam=2.206e-07 tau=0.00e+00 cg_it=1 shift=0 ckpt=2 alpha=0 acc mv=378
PCG_PREP o=122 rebuild=1 drift=0 previous_depth=2
E2_CAP o=122 retry=0 touched=226 ncam=3068 raw=48543.339142398065 capped=133.14623574648985 radius=8654.3112787736627 median=0.25867517524357714 global_scale=1
POINT_SAFE o=122 frozen=167 slope=-325.83864129332852 candidate=1793496.1197220793 original=1793635.6001472792 current=1793756.292297218 won=1 mode=1 camera_scale=1 keep_scale=0
ATTR_RADIUS o=122 raw_norm=48543.339142398057 norm=133.14623574648994 radius=8654.3112787736627 next_radius=8654.3112787736627 lambda=2.2057023690960322e-07 next_lambda=2.2057023690960322e-07 rho=1.0002873812836457 accept=1
CLASSICAL_LM o=122 lambda=2.2057023690960322e-07 tau=2.2057023690960322e-07 prediction=260.09782789108931 rho=1.0002873812836457 accept=1
  MFCG it 123 cost=1.793496e+06 lam=2.206e-07 tau=0.00e+00 cg_it=0 shift=0 ckpt=1 alpha=0 acc mv=380
PCG_PREP o=123 rebuild=1 drift=0 previous_depth=1
E2_CAP o=123 retry=0 touched=195 ncam=3068 raw=49488.482280020333 capped=85.473047650661115 radius=8654.3112787736627 median=0.17899045832071409 global_scale=1
POINT_SAFE o=123 frozen=123 slope=-163.46032005408921 candidate=1793343.9800304375 original=1793444.9989295728 current=1793496.1197220793 won=1 mode=1 camera_scale=1 keep_scale=0
ATTR_RADIUS o=123 raw_norm=49488.482280020347 norm=85.473047650661101 radius=8654.3112787736627 next_radius=8654.3112787736627 lambda=2.2057023690960322e-07 next_lambda=2.2057023690960322e-07 rho=1.0008779066020381 accept=1
CLASSICAL_LM o=123 lambda=2.2057023690960322e-07 tau=2.2057023690960322e-07 prediction=152.00624435631565 rho=1.0008779066020381 accept=1
  MFCG it 124 cost=1.793344e+06 lam=2.206e-07 tau=0.00e+00 cg_it=0 shift=0 ckpt=1 alpha=0 acc mv=382
PCG_PREP o=124 rebuild=1 drift=0 previous_depth=1
E2_CAP o=124 retry=0 touched=152 ncam=3068 raw=53644.101139262442 capped=224.25146115076097 radius=8654.3112787736627 median=0.48427300142817398 global_scale=1
POINT_SAFE o=124 frozen=121 slope=-80.362053146433169 candidate=1793335.4992129873 original=1793308.3880644697 current=1793343.9800304375 won=0 mode=1 camera_scale=1 keep_scale=0
ATTR_RADIUS o=124 raw_norm=53644.101139262464 norm=56.062865287690123 radius=8654.3112787736627 next_radius=8654.3112787736627 lambda=2.2057023690960322e-07 next_lambda=2.2057023690960322e-07 rho=1.2292845948611624 accept=1
CLASSICAL_LM o=124 lambda=2.2057023690960322e-07 tau=2.2057023690960322e-07 prediction=28.953397867813607 rho=1.2292845948611624 accept=1
  MFCG it 125 cost=1.793308e+06 lam=2.206e-07 tau=0.00e+00 cg_it=1 shift=0 ckpt=2 alpha=0 acc mv=385
PCG_PREP o=125 rebuild=1 drift=0 previous_depth=2
E2_CAP o=125 retry=0 touched=142 ncam=3068 raw=53642.059009271768 capped=193.51418927562369 radius=8654.3112787736627 median=0.43362426218330108 global_scale=1
POINT_SAFE o=125 frozen=94 slope=-87.870226727099705 candidate=1793268.6916147205 original=1793280.344989632 current=1793308.3880644697 won=1 mode=1 camera_scale=1 keep_scale=0
ATTR_RADIUS o=125 raw_norm=53642.059009271783 norm=193.51418927562347 radius=8654.3112787736627 next_radius=8654.3112787736627 lambda=2.2057023690960322e-07 next_lambda=2.2057023690960322e-07 rho=0.96661247328405442 accept=1
CLASSICAL_LM o=125 lambda=2.2057023690960322e-07 tau=2.2057023690960322e-07 prediction=41.067595180417563 rho=0.96661247328405442 accept=1
  MFCG it 126 cost=1.793269e+06 lam=2.206e-07 tau=0.00e+00 cg_it=1 shift=0 ckpt=2 alpha=0 acc mv=388
PCG_PREP o=126 rebuild=1 drift=0 previous_depth=2
E2_CAP o=126 retry=0 touched=224 ncam=3068 raw=48583.616564730568 capped=128.74264368772751 radius=8654.3112787736627 median=0.25002933398162253 global_scale=1
POINT_SAFE o=126 frozen=144 slope=-319.01448595687054 candidate=1793016.6396666411 original=1793131.1088099321 current=1793268.6916147205 won=1 mode=1 camera_scale=1 keep_scale=0
ATTR_RADIUS o=126 raw_norm=48583.616564730575 norm=128.74264368772768 radius=8654.3112787736627 next_radius=8654.3112787736627 lambda=2.2057023690960322e-07 next_lambda=2.2057023690960322e-07 rho=0.9999633951103466 accept=1
CLASSICAL_LM o=126 lambda=2.2057023690960322e-07 tau=2.2057023690960322e-07 prediction=252.06117475086134 rho=0.9999633951103466 accept=1
  MFCG it 127 cost=1.793017e+06 lam=2.206e-07 tau=0.00e+00 cg_it=0 shift=0 ckpt=1 alpha=0 acc mv=390
PCG_PREP o=127 rebuild=1 drift=0 previous_depth=1
E2_CAP o=127 retry=0 touched=130 ncam=3068 raw=53540.285964646726 capped=216.69216510590408 radius=8654.3112787736627 median=0.50792000683904548 global_scale=1
POINT_SAFE o=127 frozen=148 slope=-131.76372060201874 candidate=1792951.5711391077 original=1792972.440238673 current=1793016.6396666411 won=1 mode=1 camera_scale=1 keep_scale=0
ATTR_RADIUS o=127 raw_norm=53540.285964646704 norm=216.69216510590419 radius=8654.3112787736627 next_radius=8654.3112787736627 lambda=2.2057023690960322e-07 next_lambda=2.2057023690960322e-07 rho=1.0170125509449779 accept=1
CLASSICAL_LM o=127 lambda=2.2057023690960322e-07 tau=2.2057023690960322e-07 prediction=63.980063444625316 rho=1.0170125509449779 accept=1
  MFCG it 128 cost=1.792952e+06 lam=2.206e-07 tau=0.00e+00 cg_it=1 shift=0 ckpt=2 alpha=0 acc mv=393
PCG_PREP o=128 rebuild=1 drift=0 previous_depth=2
E2_CAP o=128 retry=0 touched=230 ncam=3068 raw=48505.939108173137 capped=128.21145390863984 radius=8654.3112787736627 median=0.24708043684157682 global_scale=1
POINT_SAFE o=128 frozen=153 slope=-313.61102670015197 candidate=1792700.178493354 original=1792814.5677072164 current=1792951.5711391077 won=1 mode=1 camera_scale=1 keep_scale=0
ATTR_RADIUS o=128 raw_norm=48505.939108173094 norm=128.21145390863953 radius=8654.3112787736627 next_radius=8654.3112787736627 lambda=2.2057023690960322e-07 next_lambda=2.2057023690960322e-07 rho=1.0016768387424484 accept=1
CLASSICAL_LM o=128 lambda=2.2057023690960322e-07 tau=2.2057023690960322e-07 prediction=250.97180650527696 rho=1.0016768387424484 accept=1
  MFCG it 129 cost=1.792700e+06 lam=2.206e-07 tau=0.00e+00 cg_it=0 shift=0 ckpt=1 alpha=0 acc mv=395
PCG_PREP o=129 rebuild=1 drift=0 previous_depth=1
E2_CAP o=129 retry=0 touched=196 ncam=3068 raw=49434.289482304142 capped=82.565713774103727 radius=8654.3112787736627 median=0.17328569442242397 global_scale=1
POINT_SAFE o=129 frozen=120 slope=-158.61209318030353 candidate=1792552.037072758 original=1792627.5313486077 current=1792700.178493354 won=1 mode=1 camera_scale=1 keep_scale=0
ATTR_RADIUS o=129 raw_norm=49434.28948230415 norm=82.565713774103529 radius=8654.3112787736627 next_radius=8654.3112787736627 lambda=2.2057023690960322e-07 next_lambda=2.2057023690960322e-07 rho=1.0017037579591446 accept=1
CLASSICAL_LM o=129 lambda=2.2057023690960322e-07 tau=2.2057023690960322e-07 prediction=147.88945276382645 rho=1.0017037579591446 accept=1
  MFCG it 130 cost=1.792552e+06 lam=2.206e-07 tau=0.00e+00 cg_it=0 shift=0 ckpt=1 alpha=0 acc mv=397
PCG_PREP o=130 rebuild=1 drift=0 previous_depth=1
E2_CAP o=130 retry=0 touched=153 ncam=3068 raw=53541.737355348756 capped=219.96482652616302 radius=8654.3112787736627 median=0.47268056119342539 global_scale=1
POINT_SAFE o=130 frozen=108 slope=-75.811951884318816 candidate=1792546.8991664874 original=1792536.038503855 current=1792552.037072758 won=0 mode=1 camera_scale=1 keep_scale=0
ATTR_RADIUS o=130 raw_norm=53541.737355348778 norm=109.98241326308147 radius=8654.3112787736627 next_radius=8654.3112787736627 lambda=2.2057023690960322e-07 next_lambda=2.2057023690960322e-07 rho=0.58826109941747728 accept=1
CLASSICAL_LM o=130 lambda=2.2057023690960322e-07 tau=2.2057023690960322e-07 prediction=27.196374057028123 rho=0.58826109941747728 accept=1
  MFCG it 131 cost=1.792536e+06 lam=2.206e-07 tau=0.00e+00 cg_it=1 shift=0 ckpt=2 alpha=0 acc mv=400
PCG_PREP o=131 rebuild=1 drift=0 previous_depth=2
E2_CAP o=131 retry=0 touched=197 ncam=3068 raw=49225.16767342711 capped=95.612801976816243 radius=8654.3112787736627 median=0.19373814329911382 global_scale=1
ATTR_RADIUS o=131 raw_norm=49225.167673427117 norm=95.612801976816129 radius=8654.3112787736627 next_radius=8654.3112787736627 lambda=2.2057023690960322e-07 next_lambda=2.2057023690960322e-07 rho=0.95902196505944748 accept=1
CLASSICAL_LM o=131 lambda=2.2057023690960322e-07 tau=2.2057023690960322e-07 prediction=182.10917269951676 rho=0.95902196505944748 accept=1
  MFCG it 132 cost=1.792361e+06 lam=2.206e-07 tau=0.00e+00 cg_it=0 shift=0 ckpt=1 alpha=0 acc mv=402
PCG_PREP o=132 rebuild=1 drift=0 previous_depth=1
E2_CAP o=132 retry=0 touched=144 ncam=3068 raw=53492.212570694559 capped=225.60427487177711 radius=8654.3112787736627 median=0.49052616799949034 global_scale=1
ATTR_RADIUS o=132 raw_norm=53492.212570694501 norm=225.60427487177711 radius=8654.3112787736627 next_radius=8654.3112787736627 lambda=2.2057023690960322e-07 next_lambda=2.2057023690960322e-07 rho=0.95816414748790724 accept=1
CLASSICAL_LM o=132 lambda=2.2057023690960322e-07 tau=2.2057023690960322e-07 prediction=16.880305834589549 rho=0.95816414748790724 accept=1
  MFCG it 133 cost=1.792345e+06 lam=2.206e-07 tau=0.00e+00 cg_it=1 shift=0 ckpt=2 alpha=0 acc mv=405
PCG_PREP o=133 rebuild=1 drift=0 previous_depth=2
E2_CAP o=133 retry=0 touched=229 ncam=3068 raw=48579.486478842111 capped=129.89255840795784 radius=8654.3112787736627 median=0.25028125911585952 global_scale=1
ATTR_RADIUS o=133 raw_norm=48579.486478842053 norm=129.89255840795758 radius=8654.3112787736627 next_radius=8654.3112787736627 lambda=2.2057023690960322e-07 next_lambda=2.2057023690960322e-07 rho=1.0006677923147393 accept=1
CLASSICAL_LM o=133 lambda=2.2057023690960322e-07 tau=2.2057023690960322e-07 prediction=253.61184303397727 rho=1.0006677923147393 accept=1
  MFCG it 134 cost=1.792091e+06 lam=2.206e-07 tau=0.00e+00 cg_it=0 shift=0 ckpt=1 alpha=0 acc mv=407
PCG_PREP o=134 rebuild=1 drift=0 previous_depth=1
E2_CAP o=134 retry=0 touched=132 ncam=3068 raw=53432.050649456192 capped=210.93355053259555 radius=8654.3112787736627 median=0.4933389534261321 global_scale=1
ATTR_RADIUS o=134 raw_norm=53432.050649456214 norm=210.9335505325956 radius=8654.3112787736627 next_radius=8654.3112787736627 lambda=2.2057023690960322e-07 next_lambda=2.2057023690960322e-07 rho=1.017065465403147 accept=1
CLASSICAL_LM o=134 lambda=2.2057023690960322e-07 tau=2.2057023690960322e-07 prediction=58.241152150182614 rho=1.017065465403147 accept=1
  MFCG it 135 cost=1.792032e+06 lam=2.206e-07 tau=0.00e+00 cg_it=1 shift=0 ckpt=2 alpha=0 acc mv=410
PCG_PREP o=135 rebuild=1 drift=0 previous_depth=2
E2_CAP o=135 retry=0 touched=230 ncam=3068 raw=48523.323644768854 capped=128.07403027500931 radius=8654.3112787736627 median=0.2456461653653208 global_scale=1
ATTR_RADIUS o=135 raw_norm=48523.323644768861 norm=128.07403027500911 radius=8654.3112787736627 next_radius=8654.3112787736627 lambda=2.2057023690960322e-07 next_lambda=2.2057023690960322e-07 rho=1.0017701848117637 accept=1
CLASSICAL_LM o=135 lambda=2.2057023690960322e-07 tau=2.2057023690960322e-07 prediction=248.86613720093345 rho=1.0017701848117637 accept=1
  MFCG it 136 cost=1.791783e+06 lam=2.206e-07 tau=0.00e+00 cg_it=0 shift=0 ckpt=1 alpha=0 acc mv=412
PCG_PREP o=136 rebuild=1 drift=0 previous_depth=1
E2_CAP o=136 retry=0 touched=131 ncam=3068 raw=53421.998799866684 capped=208.07746675126558 radius=8654.3112787736627 median=0.48669786030794593 global_scale=1
ATTR_RADIUS o=136 raw_norm=53421.998799866691 norm=208.07746675126506 radius=8654.3112787736627 next_radius=8654.3112787736627 lambda=2.2057023690960322e-07 next_lambda=2.2057023690960322e-07 rho=1.0178449352564531 accept=1
CLASSICAL_LM o=136 lambda=2.2057023690960322e-07 tau=2.2057023690960322e-07 prediction=54.989513712230618 rho=1.0178449352564531 accept=1
  MFCG it 137 cost=1.791727e+06 lam=2.206e-07 tau=0.00e+00 cg_it=1 shift=0 ckpt=2 alpha=0 acc mv=415
PCG_PREP o=137 rebuild=1 drift=0 previous_depth=2
E2_CAP o=137 retry=0 touched=231 ncam=3068 raw=48454.901770702003 capped=127.51053085470997 radius=8654.3112787736627 median=0.24397651401242335 global_scale=1
ATTR_RADIUS o=137 raw_norm=48454.901770702039 norm=127.5105308547101 radius=8654.3112787736627 next_radius=8654.3112787736627 lambda=2.2057023690960322e-07 next_lambda=2.2057023690960322e-07 rho=0.99921681979424604 accept=1
CLASSICAL_LM o=137 lambda=2.2057023690960322e-07 tau=2.2057023690960322e-07 prediction=249.45433716251316 rho=0.99921681979424604 accept=1
  MFCG it 138 cost=1.791478e+06 lam=2.206e-07 tau=0.00e+00 cg_it=0 shift=0 ckpt=1 alpha=0 acc mv=417
PCG_PREP o=138 rebuild=1 drift=0 previous_depth=1
E2_CAP o=138 retry=0 touched=130 ncam=3068 raw=53391.564994939945 capped=204.94409996521406 radius=8654.3112787736627 median=0.48195740897418193 global_scale=1
ATTR_RADIUS o=138 raw_norm=53391.564994939923 norm=204.94409996521347 radius=8654.3112787736627 next_radius=8654.3112787736627 lambda=2.2057023690960322e-07 next_lambda=2.2057023690960322e-07 rho=0.7752969840822217 accept=1
CLASSICAL_LM o=138 lambda=2.2057023690960322e-07 tau=2.2057023690960322e-07 prediction=56.573426168651849 rho=0.7752969840822217 accept=1
  MFCG it 139 cost=1.791434e+06 lam=2.206e-07 tau=0.00e+00 cg_it=1 shift=0 ckpt=2 alpha=0 acc mv=420
PCG_PREP o=139 rebuild=1 drift=0 previous_depth=2
E2_CAP o=139 retry=0 touched=233 ncam=3068 raw=48414.83054371873 capped=127.07819845364519 radius=8654.3112787736627 median=0.24328890891303889 global_scale=1
ATTR_RADIUS o=139 raw_norm=48414.830543718694 norm=127.07819845364534 radius=8654.3112787736627 next_radius=8654.3112787736627 lambda=2.2057023690960322e-07 next_lambda=2.2057023690960322e-07 rho=0.9920937465723787 accept=1
CLASSICAL_LM o=139 lambda=2.2057023690960322e-07 tau=2.2057023690960322e-07 prediction=262.72332912042117 rho=0.9920937465723787 accept=1
  MFCG it 140 cost=1.791173e+06 lam=2.206e-07 tau=0.00e+00 cg_it=0 shift=0 ckpt=1 alpha=0 acc mv=422
PCG_PREP o=140 rebuild=1 drift=0 previous_depth=1
E2_CAP o=140 retry=0 touched=198 ncam=3068 raw=49357.922583219319 capped=81.115477779335265 radius=8654.3112787736627 median=0.16866263154866312 global_scale=1
ATTR_RADIUS o=140 raw_norm=49357.92258321937 norm=81.115477779335279 radius=8654.3112787736627 next_radius=8654.3112787736627 lambda=2.2057023690960322e-07 next_lambda=2.2057023690960322e-07 rho=1.000008024557093 accept=1
CLASSICAL_LM o=140 lambda=2.2057023690960322e-07 tau=2.2057023690960322e-07 prediction=147.16455604988849 rho=1.000008024557093 accept=1
  MFCG it 141 cost=1.791026e+06 lam=2.206e-07 tau=0.00e+00 cg_it=0 shift=0 ckpt=1 alpha=0 acc mv=424
PCG_PREP o=141 rebuild=1 drift=0 previous_depth=1
E2_CAP o=141 retry=0 touched=160 ncam=3068 raw=53408.638340776546 capped=212.04090868154648 radius=8654.3112787736627 median=0.45392411140017636 global_scale=1
POINT_SAFE o=141 frozen=101 slope=-67.751985244610296 candidate=1791027.9161543923 original=1791009.5487376871 current=1791025.9918764452 won=0 mode=1 camera_scale=1 keep_scale=0
ATTR_RADIUS o=141 raw_norm=53408.638340776524 norm=106.02045434077353 radius=8654.3112787736627 next_radius=8654.3112787736627 lambda=2.2057023690960322e-07 next_lambda=2.2057023690960322e-07 rho=1.0191075222503994 accept=1
CLASSICAL_LM o=141 lambda=2.2057023690960322e-07 tau=2.2057023690960322e-07 prediction=16.134841907433294 rho=1.0191075222503994 accept=1
  MFCG it 142 cost=1.791010e+06 lam=2.206e-07 tau=0.00e+00 cg_it=1 shift=0 ckpt=2 alpha=0 acc mv=427
PCG_PREP o=142 rebuild=1 drift=0 previous_depth=2
E2_CAP o=142 retry=0 touched=204 ncam=3068 raw=49157.202421186281 capped=92.771820006438631 radius=8654.3112787736627 median=0.18653486611519743 global_scale=1
ATTR_RADIUS o=142 raw_norm=49157.202421186303 norm=92.771820006438546 radius=8654.3112787736627 next_radius=8654.3112787736627 lambda=2.2057023690960322e-07 next_lambda=2.2057023690960322e-07 rho=1.0026362990847753 accept=1
CLASSICAL_LM o=142 lambda=2.2057023690960322e-07 tau=2.2057023690960322e-07 prediction=166.15309136847048 rho=1.0026362990847753 accept=1
  MFCG it 143 cost=1.790843e+06 lam=2.206e-07 tau=0.00e+00 cg_it=0 shift=0 ckpt=1 alpha=0 acc mv=429
PCG_PREP o=143 rebuild=1 drift=0 previous_depth=1
E2_CAP o=143 retry=0 touched=145 ncam=3068 raw=53377.943172085092 capped=216.07173879866039 radius=8654.3112787736627 median=0.46499611958510367 global_scale=1
ATTR_RADIUS o=143 raw_norm=53377.943172085092 norm=216.07173879866042 radius=8654.3112787736627 next_radius=8654.3112787736627 lambda=2.2057023690960322e-07 next_lambda=2.2057023690960322e-07 rho=1.3722101387614478 accept=1
CLASSICAL_LM o=143 lambda=2.2057023690960322e-07 tau=2.2057023690960322e-07 prediction=2.9726916098293117 rho=1.3722101387614478 accept=1
  MFCG it 144 cost=1.790839e+06 lam=2.206e-07 tau=0.00e+00 cg_it=1 shift=0 ckpt=2 alpha=0 acc mv=432
PCG_PREP o=144 rebuild=1 drift=0 previous_depth=2
E2_CAP o=144 retry=0 touched=235 ncam=3068 raw=48524.531626633812 capped=125.89589660740123 radius=8654.3112787736627 median=0.24108481433373435 global_scale=1
ATTR_RADIUS o=144 raw_norm=48524.531626633776 norm=125.89589660740118 radius=8654.3112787736627 next_radius=8654.3112787736627 lambda=2.2057023690960322e-07 next_lambda=2.2057023690960322e-07 rho=1.0014545492126044 accept=1
CLASSICAL_LM o=144 lambda=2.2057023690960322e-07 tau=2.2057023690960322e-07 prediction=244.81744610078439 rho=1.0014545492126044 accept=1
  MFCG it 145 cost=1.790594e+06 lam=2.206e-07 tau=0.00e+00 cg_it=0 shift=0 ckpt=1 alpha=0 acc mv=434
PCG_PREP o=145 rebuild=1 drift=0 previous_depth=1
E2_CAP o=145 retry=0 touched=133 ncam=3068 raw=53345.752086041968 capped=201.72756117545956 radius=8654.3112787736627 median=0.46801382710059325 global_scale=1
ATTR_RADIUS o=145 raw_norm=53345.752086041917 norm=201.72756117545981 radius=8654.3112787736627 next_radius=8654.3112787736627 lambda=2.2057023690960322e-07 next_lambda=2.2057023690960322e-07 rho=0.97062942133290186 accept=1
CLASSICAL_LM o=145 lambda=2.2057023690960322e-07 tau=2.2057023690960322e-07 prediction=49.757228356360031 rho=0.97062942133290186 accept=1
  MFCG it 146 cost=1.790545e+06 lam=2.206e-07 tau=0.00e+00 cg_it=1 shift=0 ckpt=2 alpha=0 acc mv=437
PCG_PREP o=146 rebuild=1 drift=0 previous_depth=2
E2_CAP o=146 retry=0 touched=235 ncam=3068 raw=48485.757647313905 capped=124.97352480796611 radius=8654.3112787736627 median=0.23885777068431752 global_scale=1
ATTR_RADIUS o=146 raw_norm=48485.757647313883 norm=124.97352480796617 radius=8654.3112787736627 next_radius=8654.3112787736627 lambda=2.2057023690960322e-07 next_lambda=2.2057023690960322e-07 rho=0.99651604832629659 accept=1
CLASSICAL_LM o=146 lambda=2.2057023690960322e-07 tau=2.2057023690960322e-07 prediction=244.9598390071194 rho=0.99651604832629659 accept=1
  MFCG it 147 cost=1.790301e+06 lam=2.206e-07 tau=0.00e+00 cg_it=0 shift=0 ckpt=1 alpha=0 acc mv=439
PCG_PREP o=147 rebuild=1 drift=0 previous_depth=1
E2_CAP o=147 retry=0 touched=131 ncam=3068 raw=53326.515195385429 capped=199.07446887628018 radius=8654.3112787736627 median=0.46117872821192418 global_scale=1
ATTR_RADIUS o=147 raw_norm=53326.5151953854 norm=199.07446887628029 radius=8654.3112787736627 next_radius=8654.3112787736627 lambda=2.2057023690960322e-07 next_lambda=2.2057023690960322e-07 rho=1.0116825829200775 accept=1
CLASSICAL_LM o=147 lambda=2.2057023690960322e-07 tau=2.2057023690960322e-07 prediction=45.199232227132043 rho=1.0116825829200775 accept=1
  MFCG it 148 cost=1.790256e+06 lam=2.206e-07 tau=0.00e+00 cg_it=1 shift=0 ckpt=2 alpha=0 acc mv=442
PCG_PREP o=148 rebuild=1 drift=0 previous_depth=2
E2_CAP o=148 retry=0 touched=237 ncam=3068 raw=48431.719474603866 capped=125.24499036059775 radius=8654.3112787736627 median=0.23917358863376498 global_scale=1
ATTR_RADIUS o=148 raw_norm=48431.719474603866 norm=125.24499036059795 radius=8654.3112787736627 next_radius=8654.3112787736627 lambda=2.2057023690960322e-07 next_lambda=2.2057023690960322e-07 rho=1.0012271811131397 accept=1
CLASSICAL_LM o=148 lambda=2.2057023690960322e-07 tau=2.2057023690960322e-07 prediction=244.56775990105515 rho=1.0012271811131397 accept=1
  MFCG it 149 cost=1.790011e+06 lam=2.206e-07 tau=0.00e+00 cg_it=0 shift=0 ckpt=1 alpha=0 acc mv=444
PCG_PREP o=149 rebuild=1 drift=0 previous_depth=1
E2_CAP o=149 retry=0 touched=130 ncam=3068 raw=53311.057974602307 capped=195.84912945020474 radius=8654.3112787736627 median=0.45640659020215824 global_scale=1
ATTR_RADIUS o=149 raw_norm=53311.05797460227 norm=195.84912945020463 radius=8654.3112787736627 next_radius=8654.3112787736627 lambda=2.2057023690960322e-07 next_lambda=2.2057023690960322e-07 rho=1.0162128759888132 accept=1
CLASSICAL_LM o=149 lambda=2.2057023690960322e-07 tau=2.2057023690960322e-07 prediction=43.303476473345185 rho=1.0162128759888132 accept=1
  MFCG it 150 cost=1.789967e+06 lam=2.206e-07 tau=0.00e+00 cg_it=1 shift=0 ckpt=2 alpha=0 acc mv=447
PCG_PREP o=150 rebuild=1 drift=0 previous_depth=2
E2_CAP o=150 retry=0 touched=237 ncam=3068 raw=48389.231886829359 capped=123.88114989102027 radius=8654.3112787736627 median=0.23634622158397206 global_scale=1
ATTR_RADIUS o=150 raw_norm=48389.231886829373 norm=123.8811498910204 radius=8654.3112787736627 next_radius=8654.3112787736627 lambda=2.2057023690960322e-07 next_lambda=2.2057023690960322e-07 rho=1.0009232327539581 accept=1
CLASSICAL_LM o=150 lambda=2.2057023690960322e-07 tau=2.2057023690960322e-07 prediction=242.03269385597861 rho=1.0009232327539581 accept=1
  MFCG it 151 cost=1.789724e+06 lam=2.206e-07 tau=0.00e+00 cg_it=0 shift=0 ckpt=1 alpha=0 acc mv=449
PCG_PREP o=151 rebuild=1 drift=0 previous_depth=1
E2_CAP o=151 retry=0 touched=131 ncam=3068 raw=53297.965124441725 capped=195.12302042193159 radius=8654.3112787736627 median=0.45404779029220965 global_scale=1
ATTR_RADIUS o=151 raw_norm=53297.965124441747 norm=195.12302042193153 radius=8654.3112787736627 next_radius=8654.3112787736627 lambda=2.2057023690960322e-07 next_lambda=2.2057023690960322e-07 rho=1.0142563094555634 accept=1
CLASSICAL_LM o=151 lambda=2.2057023690960322e-07 tau=2.2057023690960322e-07 prediction=41.900867345902832 rho=1.0142563094555634 accept=1
  MFCG it 152 cost=1.789682e+06 lam=2.206e-07 tau=0.00e+00 cg_it=1 shift=0 ckpt=2 alpha=0 acc mv=452
PCG_PREP o=152 rebuild=1 drift=0 previous_depth=2
E2_CAP o=152 retry=0 touched=236 ncam=3068 raw=48353.365374165405 capped=123.11278185588341 radius=8654.3112787736627 median=0.23430456444463893 global_scale=1
ATTR_RADIUS o=152 raw_norm=48353.365374165449 norm=123.11278185588341 radius=8654.3112787736627 next_radius=8654.3112787736627 lambda=2.2057023690960322e-07 next_lambda=2.2057023690960322e-07 rho=1.0005729300142856 accept=1
CLASSICAL_LM o=152 lambda=2.2057023690960322e-07 tau=2.2057023690960322e-07 prediction=240.42124700035964 rho=1.0005729300142856 accept=1
  MFCG it 153 cost=1.789441e+06 lam=2.206e-07 tau=0.00e+00 cg_it=0 shift=0 ckpt=1 alpha=0 acc mv=454
PCG_PREP o=153 rebuild=1 drift=0 previous_depth=1
E2_CAP o=153 retry=0 touched=202 ncam=3068 raw=49288.958803971036 capped=78.099032378742905 radius=8654.3112787736627 median=0.16085016294995863 global_scale=1
ATTR_RADIUS o=153 raw_norm=49288.958803971051 norm=78.09903237874282 radius=8654.3112787736627 next_radius=8654.3112787736627 lambda=2.2057023690960322e-07 next_lambda=2.2057023690960322e-07 rho=1.0010968184785864 accept=1
CLASSICAL_LM o=153 lambda=2.2057023690960322e-07 tau=2.2057023690960322e-07 prediction=137.60951859463771 rho=1.0010968184785864 accept=1
  MFCG it 154 cost=1.789304e+06 lam=2.206e-07 tau=0.00e+00 cg_it=0 shift=0 ckpt=1 alpha=0 acc mv=456
PCG_PREP o=154 rebuild=1 drift=0 previous_depth=1
E2_CAP o=154 retry=0 touched=162 ncam=3068 raw=53320.577756673731 capped=200.90578204476404 radius=8654.3112787736627 median=0.42693346511364783 global_scale=1
POINT_SAFE o=154 frozen=103 slope=-51.376691921680681 candidate=1789319.8933922162 original=1789294.7673546125 current=1789303.6281503928 won=0 mode=1 camera_scale=1 keep_scale=0
ATTR_RADIUS o=154 raw_norm=53320.577756673738 norm=100.45289102238199 radius=8654.3112787736627 next_radius=8654.3112787736627 lambda=2.2057023690960322e-07 next_lambda=2.2057023690960322e-07 rho=1.0265326076993897 accept=1
CLASSICAL_LM o=154 lambda=2.2057023690960322e-07 tau=2.2057023690960322e-07 prediction=8.6317723507840647 rho=1.0265326076993897 accept=1
  MFCG it 155 cost=1.789295e+06 lam=2.206e-07 tau=0.00e+00 cg_it=1 shift=0 ckpt=2 alpha=0 acc mv=459
PCG_PREP o=155 rebuild=1 drift=0 previous_depth=2
E2_CAP o=155 retry=0 touched=212 ncam=3068 raw=49078.767290903153 capped=89.188012111186367 radius=8654.3112787736627 median=0.17788400286980643 global_scale=1
ATTR_RADIUS o=155 raw_norm=49078.767290903146 norm=89.188012111186211 radius=8654.3112787736627 next_radius=8654.3112787736627 lambda=2.2057023690960322e-07 next_lambda=2.2057023690960322e-07 rho=0.98630409985143508 accept=1
CLASSICAL_LM o=155 lambda=2.2057023690960322e-07 tau=2.2057023690960322e-07 prediction=158.11636036358905 rho=0.98630409985143508 accept=1
  MFCG it 156 cost=1.789139e+06 lam=2.206e-07 tau=0.00e+00 cg_it=0 shift=0 ckpt=1 alpha=0 acc mv=461
PCG_PREP o=156 rebuild=1 drift=0 previous_depth=1
E2_CAP o=156 retry=0 touched=145 ncam=3068 raw=53294.981230625679 capped=204.67951158454557 radius=8654.3112787736627 median=0.43814243344387982 global_scale=1
POINT_SAFE o=156 frozen=131 slope=-71.227327034442212 candidate=1789147.8110027839 original=1789123.6479198958 current=1789138.8165401323 won=0 mode=1 camera_scale=1 keep_scale=0
ATTR_RADIUS o=156 raw_norm=53294.981230625686 norm=102.33975579227277 radius=8654.3112787736627 next_radius=8654.3112787736627 lambda=2.2057023690960322e-07 next_lambda=2.2057023690960322e-07 rho=0.96903505875581919 accept=1
CLASSICAL_LM o=156 lambda=2.2057023690960322e-07 tau=2.2057023690960322e-07 prediction=15.653324510184774 rho=0.96903505875581919 accept=1
  MFCG it 157 cost=1.789124e+06 lam=2.206e-07 tau=0.00e+00 cg_it=1 shift=0 ckpt=2 alpha=0 acc mv=464
PCG_PREP o=157 rebuild=1 drift=0 previous_depth=2
E2_CAP o=157 retry=0 touched=207 ncam=3068 raw=49108.597619942142 capped=77.682226322916208 radius=8654.3112787736627 median=0.15552712076004049 global_scale=1
ATTR_RADIUS o=157 raw_norm=49108.597619942113 norm=77.682226322916506 radius=8654.3112787736627 next_radius=8654.3112787736627 lambda=2.2057023690960322e-07 next_lambda=2.2057023690960322e-07 rho=0.99707869048652176 accept=1
CLASSICAL_LM o=157 lambda=2.2057023690960322e-07 tau=2.2057023690960322e-07 prediction=142.54069853778347 rho=0.99707869048652176 accept=1
  MFCG it 158 cost=1.788982e+06 lam=2.206e-07 tau=0.00e+00 cg_it=0 shift=0 ckpt=1 alpha=0 acc mv=466
PCG_PREP o=158 rebuild=1 drift=0 previous_depth=1
E2_CAP o=158 retry=0 touched=146 ncam=3068 raw=53310.366231508975 capped=198.19589270317431 radius=8654.3112787736627 median=0.42975013777159848 global_scale=1
POINT_SAFE o=158 frozen=128 slope=-64.575825963232916 candidate=1788986.0924308072 original=1788966.5847653518 current=1788981.5236268567 won=0 mode=1 camera_scale=1 keep_scale=0
ATTR_RADIUS o=158 raw_norm=53310.366231508975 norm=99.09794635158697 radius=8654.3112787736627 next_radius=8654.3112787736627 lambda=2.2057023690960322e-07 next_lambda=2.2057023690960322e-07 rho=0.99897050238389651 accept=1
CLASSICAL_LM o=158 lambda=2.2057023690960322e-07 tau=2.2057023690960322e-07 prediction=14.954256876700775 rho=0.99897050238389651 accept=1
  MFCG it 159 cost=1.788967e+06 lam=2.206e-07 tau=0.00e+00 cg_it=1 shift=0 ckpt=2 alpha=0 acc mv=469
PCG_PREP o=159 rebuild=1 drift=0 previous_depth=2
E2_CAP o=159 retry=0 touched=207 ncam=3068 raw=49073.798352031277 capped=80.554535810153723 radius=8654.3112787736627 median=0.16148462242136724 global_scale=1
ATTR_RADIUS o=159 raw_norm=49073.798352031248 norm=80.55453581015361 radius=8654.3112787736627 next_radius=8654.3112787736627 lambda=2.2057023690960322e-07 next_lambda=2.2057023690960322e-07 rho=1.0002422950060383 accept=1
CLASSICAL_LM o=159 lambda=2.2057023690960322e-07 tau=2.2057023690960322e-07 prediction=145.98315306897598 rho=1.0002422950060383 accept=1
  MFCG it 160 cost=1.788821e+06 lam=2.206e-07 tau=0.00e+00 cg_it=0 shift=0 ckpt=1 alpha=0 acc mv=471
PCG_PREP o=160 rebuild=1 drift=0 previous_depth=1
E2_CAP o=160 retry=0 touched=145 ncam=3068 raw=53297.022093115076 capped=197.18114362536653 radius=8654.3112787736627 median=0.42840982670340444 global_scale=1
POINT_SAFE o=160 frozen=128 slope=-64.519459408134097 candidate=1788824.7803005595 original=1788805.4837935828 current=1788820.5662412939 won=0 mode=1 camera_scale=1 keep_scale=0
ATTR_RADIUS o=160 raw_norm=53297.022093115062 norm=98.59057181268301 radius=8654.3112787736627 next_radius=8654.3112787736627 lambda=2.2057023690960322e-07 next_lambda=2.2057023690960322e-07 rho=1.0074812208211619 accept=1
CLASSICAL_LM o=160 lambda=2.2057023690960322e-07 tau=2.2057023690960322e-07 prediction=14.970450465421422 rho=1.0074812208211619 accept=1
  MFCG it 161 cost=1.788805e+06 lam=2.206e-07 tau=0.00e+00 cg_it=1 shift=0 ckpt=2 alpha=0 acc mv=474
PCG_PREP o=161 rebuild=1 drift=0 previous_depth=2
E2_CAP o=161 retry=0 touched=207 ncam=3068 raw=49073.415443975755 capped=78.635857101907845 radius=8654.3112787736627 median=0.15770629161836786 global_scale=1
ATTR_RADIUS o=161 raw_norm=49073.415443975748 norm=78.635857101907931 radius=8654.3112787736627 next_radius=8654.3112787736627 lambda=2.2057023690960322e-07 next_lambda=2.2057023690960322e-07 rho=1.0008541839065253 accept=1
CLASSICAL_LM o=161 lambda=2.2057023690960322e-07 tau=2.2057023690960322e-07 prediction=142.78084532104288 rho=1.0008541839065253 accept=1
  MFCG it 162 cost=1.788663e+06 lam=2.206e-07 tau=0.00e+00 cg_it=0 shift=0 ckpt=1 alpha=0 acc mv=476
PCG_PREP o=162 rebuild=1 drift=0 previous_depth=1
E2_CAP o=162 retry=0 touched=141 ncam=3068 raw=53285.911703171703 capped=195.6641479870832 radius=8654.3112787736627 median=0.4270904254691128 global_scale=1
POINT_SAFE o=162 frozen=126 slope=-63.163386966010954 candidate=1788666.9361963952 original=1788647.8714729163 current=1788662.5809871615 won=0 mode=1 camera_scale=1 keep_scale=0
ATTR_RADIUS o=162 raw_norm=53285.911703171718 norm=97.8320739935413 radius=8654.3112787736627 next_radius=8654.3112787736627 lambda=2.2057023690960322e-07 next_lambda=2.2057023690960322e-07 rho=1.0073702675828033 accept=1
CLASSICAL_LM o=162 lambda=2.2057023690960322e-07 tau=2.2057023690960322e-07 prediction=14.601894376388248 rho=1.0073702675828033 accept=1
  MFCG it 163 cost=1.788648e+06 lam=2.206e-07 tau=0.00e+00 cg_it=1 shift=0 ckpt=2 alpha=0 acc mv=479
PCG_PREP o=163 rebuild=1 drift=0 previous_depth=2
E2_CAP o=163 retry=0 touched=208 ncam=3068 raw=49067.902028768534 capped=79.216957997460895 radius=8654.3112787736627 median=0.15873295847032581 global_scale=1
ATTR_RADIUS o=163 raw_norm=49067.90202876852 norm=79.216957997461037 radius=8654.3112787736627 next_radius=8654.3112787736627 lambda=2.2057023690960322e-07 next_lambda=2.2057023690960322e-07 rho=1.0007974821169954 accept=1
CLASSICAL_LM o=163 lambda=2.2057023690960322e-07 tau=2.2057023690960322e-07 prediction=143.16078949413594 rho=1.0007974821169954 accept=1
  MFCG it 164 cost=1.788505e+06 lam=2.206e-07 tau=0.00e+00 cg_it=0 shift=0 ckpt=1 alpha=0 acc mv=481
PCG_PREP o=164 rebuild=1 drift=0 previous_depth=1
E2_CAP o=164 retry=0 touched=141 ncam=3068 raw=53285.189819047308 capped=194.62897789086367 radius=8654.3112787736627 median=0.42437939233022126 global_scale=1
POINT_SAFE o=164 frozen=126 slope=-61.546323971098914 candidate=1788510.3812117861 original=1788490.6466576119 current=1788504.5965152527 won=0 mode=1 camera_scale=1 keep_scale=0
ATTR_RADIUS o=164 raw_norm=53285.189819047329 norm=97.314488945431805 radius=8654.3112787736627 next_radius=8654.3112787736627 lambda=2.2057023690960322e-07 next_lambda=2.2057023690960322e-07 rho=1.0072696150506841 accept=1
CLASSICAL_LM o=164 lambda=2.2057023690960322e-07 tau=2.2057023690960322e-07 prediction=13.849179437500169 rho=1.0072696150506841 accept=1
  MFCG it 165 cost=1.788491e+06 lam=2.206e-07 tau=0.00e+00 cg_it=1 shift=0 ckpt=2 alpha=0 acc mv=484
PCG_PREP o=165 rebuild=1 drift=0 previous_depth=2
E2_CAP o=165 retry=0 touched=205 ncam=3068 raw=49070.504373736869 capped=78.582183354379225 radius=8654.3112787736627 median=0.15760816612540282 global_scale=1
ATTR_RADIUS o=165 raw_norm=49070.504373736869 norm=78.582183354379154 radius=8654.3112787736627 next_radius=8654.3112787736627 lambda=2.2057023690960322e-07 next_lambda=2.2057023690960322e-07 rho=1.000758770056803 accept=1
CLASSICAL_LM o=165 lambda=2.2057023690960322e-07 tau=2.2057023690960322e-07 prediction=141.96401584177895 rho=1.000758770056803 accept=1
  MFCG it 166 cost=1.788349e+06 lam=2.206e-07 tau=0.00e+00 cg_it=0 shift=0 ckpt=1 alpha=0 acc mv=486
PCG_PREP o=166 rebuild=1 drift=0 previous_depth=1
E2_CAP o=166 retry=0 touched=140 ncam=3068 raw=53272.438520712079 capped=193.53885494569701 radius=8654.3112787736627 median=0.42247779563845822 global_scale=1
POINT_SAFE o=166 frozen=128 slope=-59.830616128954169 candidate=1788355.7414709292 original=1788335.397434914 current=1788348.5749237258 won=0 mode=1 camera_scale=1 keep_scale=0
ATTR_RADIUS o=166 raw_norm=53272.438520711985 norm=96.769427472848676 radius=8654.3112787736627 next_radius=8654.3112787736627 lambda=2.2057023690960322e-07 next_lambda=2.2057023690960322e-07 rho=1.0072484997379958 accept=1
CLASSICAL_LM o=166 lambda=2.2057023690960322e-07 tau=2.2057023690960322e-07 prediction=13.082659160284159 rho=1.0072484997379958 accept=1
  MFCG it 167 cost=1.788335e+06 lam=2.206e-07 tau=0.00e+00 cg_it=1 shift=0 ckpt=2 alpha=0 acc mv=489
PCG_PREP o=167 rebuild=1 drift=0 previous_depth=2
E2_CAP o=167 retry=0 touched=141 ncam=3068 raw=53297.639029988306 capped=145.65853712111792 radius=8654.3112787736627 median=0.3423230976419378 global_scale=1
ATTR_RADIUS o=167 raw_norm=53297.639029988299 norm=145.65853712111814 radius=8654.3112787736627 next_radius=8654.3112787736627 lambda=2.2057023690960322e-07 next_lambda=2.2057023690960322e-07 rho=1.0100116603367708 accept=1
CLASSICAL_LM o=167 lambda=2.2057023690960322e-07 tau=2.2057023690960322e-07 prediction=50.784212111284027 rho=1.0100116603367708 accept=1
  MFCG it 168 cost=1.788284e+06 lam=2.206e-07 tau=0.00e+00 cg_it=1 shift=0 ckpt=2 alpha=0 acc mv=492
PCG_PREP o=168 rebuild=1 drift=0 previous_depth=2
E2_CAP o=168 retry=0 touched=234 ncam=3068 raw=48430.673190010217 capped=110.15036277610463 radius=8654.3112787736627 median=0.20979677609927416 global_scale=1
ATTR_RADIUS o=168 raw_norm=48430.673190010202 norm=110.15036277610479 radius=8654.3112787736627 next_radius=8654.3112787736627 lambda=2.2057023690960322e-07 next_lambda=2.2057023690960322e-07 rho=1.0004840288405747 accept=1
CLASSICAL_LM o=168 lambda=2.2057023690960322e-07 tau=2.2057023690960322e-07 prediction=210.73128790217504 rho=1.0004840288405747 accept=1
  MFCG it 169 cost=1.788073e+06 lam=2.206e-07 tau=0.00e+00 cg_it=0 shift=0 ckpt=1 alpha=0 acc mv=494
PCG_PREP o=169 rebuild=1 drift=0 previous_depth=1
E2_CAP o=169 retry=0 touched=135 ncam=3068 raw=53248.55077444778 capped=186.5371853623262 radius=8654.3112787736627 median=0.42635149560290175 global_scale=1
ATTR_RADIUS o=169 raw_norm=53248.550774447824 norm=186.53718536232552 radius=8654.3112787736627 next_radius=8654.3112787736627 lambda=2.2057023690960322e-07 next_lambda=2.2057023690960322e-07 rho=1.0077791470362716 accept=1
CLASSICAL_LM o=169 lambda=2.2057023690960322e-07 tau=2.2057023690960322e-07 prediction=23.411889033606855 rho=1.0077791470362716 accept=1
  MFCG it 170 cost=1.788050e+06 lam=2.206e-07 tau=0.00e+00 cg_it=1 shift=0 ckpt=2 alpha=0 acc mv=497
PCG_PREP o=170 rebuild=1 drift=0 previous_depth=2
E2_CAP o=170 retry=0 touched=238 ncam=3068 raw=48328.900668968919 capped=118.8998688451338 radius=8654.3112787736627 median=0.22646226863225513 global_scale=1
ATTR_RADIUS o=170 raw_norm=48328.900668968963 norm=118.89986884513375 radius=8654.3112787736627 next_radius=8654.3112787736627 lambda=2.2057023690960322e-07 next_lambda=2.2057023690960322e-07 rho=1.0000740969684059 accept=1
CLASSICAL_LM o=170 lambda=2.2057023690960322e-07 tau=2.2057023690960322e-07 prediction=230.29846420061168 rho=1.0000740969684059 accept=1
  MFCG it 171 cost=1.787819e+06 lam=2.206e-07 tau=0.00e+00 cg_it=0 shift=0 ckpt=1 alpha=0 acc mv=499
PCG_PREP o=171 rebuild=1 drift=0 previous_depth=1
E2_CAP o=171 retry=0 touched=133 ncam=3068 raw=53260.88483861852 capped=182.93292471505814 radius=8654.3112787736627 median=0.4265071792878849 global_scale=1
ATTR_RADIUS o=171 raw_norm=53260.884838618527 norm=182.93292471505777 radius=8654.3112787736627 next_radius=8654.3112787736627 lambda=2.2057023690960322e-07 next_lambda=2.2057023690960322e-07 rho=0.83386549854267333 accept=1
CLASSICAL_LM o=171 lambda=2.2057023690960322e-07 tau=2.2057023690960322e-07 prediction=22.086148900787407 rho=0.83386549854267333 accept=1
  MFCG it 172 cost=1.787801e+06 lam=2.206e-07 tau=0.00e+00 cg_it=1 shift=0 ckpt=2 alpha=0 acc mv=502
PCG_PREP o=172 rebuild=1 drift=0 previous_depth=2
E2_CAP o=172 retry=0 touched=238 ncam=3068 raw=48291.622524898288 capped=119.79889419876201 radius=8654.3112787736627 median=0.22791187046673433 global_scale=1
POINT_SAFE o=172 frozen=188 slope=-290.9393251967291 candidate=1787570.5211751459 original=1787666.2204584412 current=1787800.945080854 won=1 mode=1 camera_scale=1 keep_scale=0
ATTR_RADIUS o=172 raw_norm=48291.62252489831 norm=119.79889419876203 radius=8654.3112787736627 next_radius=8654.3112787736627 lambda=2.2057023690960322e-07 next_lambda=2.2057023690960322e-07 rho=0.99993825111792267 accept=1
CLASSICAL_LM o=172 lambda=2.2057023690960322e-07 tau=2.2057023690960322e-07 prediction=230.43813500535316 rho=0.99993825111792267 accept=1
  MFCG it 173 cost=1.787571e+06 lam=2.206e-07 tau=0.00e+00 cg_it=0 shift=0 ckpt=1 alpha=0 acc mv=504
PCG_PREP o=173 rebuild=1 drift=0 previous_depth=1
E2_CAP o=173 retry=0 touched=132 ncam=3068 raw=53253.072831174337 capped=183.75759815421739 radius=8654.3112787736627 median=0.4245108149936706 global_scale=1
POINT_SAFE o=173 frozen=115 slope=-83.081750826816887 candidate=1787549.6618389646 original=1787541.5117454736 current=1787570.5211751459 won=0 mode=1 camera_scale=1 keep_scale=0
ATTR_RADIUS o=173 raw_norm=53253.072831174373 norm=91.878799077108468 radius=8654.3112787736627 next_radius=8654.3112787736627 lambda=2.2057023690960322e-07 next_lambda=2.2057023690960322e-07 rho=1.0510810020838945 accept=1
CLASSICAL_LM o=173 lambda=2.2057023690960322e-07 tau=2.2057023690960322e-07 prediction=27.59961374504211 rho=1.0510810020838945 accept=1
  MFCG it 174 cost=1.787542e+06 lam=2.206e-07 tau=0.00e+00 cg_it=1 shift=0 ckpt=2 alpha=0 acc mv=507
PCG_PREP o=174 rebuild=1 drift=0 previous_depth=2
E2_CAP o=174 retry=0 touched=226 ncam=3068 raw=48769.306466805028 capped=74.084488742606652 radius=8654.3112787736627 median=0.14546553817792965 global_scale=1
ATTR_RADIUS o=174 raw_norm=48769.306466805028 norm=74.084488742606666 radius=8654.3112787736627 next_radius=8654.3112787736627 lambda=2.2057023690960322e-07 next_lambda=2.2057023690960322e-07 rho=1.0005168910686288 accept=1
CLASSICAL_LM o=174 lambda=2.2057023690960322e-07 tau=2.2057023690960322e-07 prediction=136.28087235495246 rho=1.0005168910686288 accept=1
  MFCG it 175 cost=1.787405e+06 lam=2.206e-07 tau=0.00e+00 cg_it=0 shift=0 ckpt=1 alpha=0 acc mv=509
PCG_PREP o=175 rebuild=1 drift=0 previous_depth=1
E2_CAP o=175 retry=0 touched=134 ncam=3068 raw=53276.331655655755 capped=179.45427202310671 radius=8654.3112787736627 median=0.40149962622385238 global_scale=1
POINT_SAFE o=175 frozen=120 slope=-55.581112661127584 candidate=1787407.5004275681 original=1787391.8007566081 current=1787405.1604307529 won=0 mode=1 camera_scale=1 keep_scale=0
ATTR_RADIUS o=175 raw_norm=53276.331655655733 norm=89.727136011553398 radius=8654.3112787736627 next_radius=8654.3112787736627 lambda=2.2057023690960322e-07 next_lambda=2.2057023690960322e-07 rho=1.0073352221886318 accept=1
CLASSICAL_LM o=175 lambda=2.2057023690960322e-07 tau=2.2057023690960322e-07 prediction=13.262391555953535 rho=1.0073352221886318 accept=1
  MFCG it 176 cost=1.787392e+06 lam=2.206e-07 tau=0.00e+00 cg_it=1 shift=0 ckpt=2 alpha=0 acc mv=512
PCG_PREP o=176 rebuild=1 drift=0 previous_depth=2
E2_CAP o=176 retry=0 touched=212 ncam=3068 raw=48789.968628735201 capped=77.919698944094876 radius=8654.3112787736627 median=0.15531947744635982 global_scale=1
ATTR_RADIUS o=176 raw_norm=48789.968628735231 norm=77.919698944094648 radius=8654.3112787736627 next_radius=8654.3112787736627 lambda=2.2057023690960322e-07 next_lambda=2.2057023690960322e-07 rho=0.99822399678217 accept=1
CLASSICAL_LM o=176 lambda=2.2057023690960322e-07 tau=2.2057023690960322e-07 prediction=142.00823825672708 rho=0.99822399678217 accept=1
  MFCG it 177 cost=1.787250e+06 lam=2.206e-07 tau=0.00e+00 cg_it=0 shift=0 ckpt=1 alpha=0 acc mv=514
PCG_PREP o=177 rebuild=1 drift=0 previous_depth=1
E2_CAP o=177 retry=0 touched=134 ncam=3068 raw=53268.495159858445 capped=183.57042322579579 radius=8654.3112787736627 median=0.40449162852173559 global_scale=1
POINT_SAFE o=177 frozen=121 slope=-51.253059385101956 candidate=1787261.9060587536 original=1787239.7835285047 current=1787250.0447254395 won=0 mode=1 camera_scale=1 keep_scale=0
ATTR_RADIUS o=177 raw_norm=53268.495159858401 norm=91.785211612897768 radius=8654.3112787736627 next_radius=8654.3112787736627 lambda=2.2057023690960322e-07 next_lambda=2.2057023690960322e-07 rho=1.0426519382612536 accept=1
CLASSICAL_LM o=177 lambda=2.2057023690960322e-07 tau=2.2057023690960322e-07 prediction=9.841440425423901 rho=1.0426519382612536 accept=1
  MFCG it 178 cost=1.787240e+06 lam=2.206e-07 tau=0.00e+00 cg_it=1 shift=0 ckpt=2 alpha=0 acc mv=517
PCG_PREP o=178 rebuild=1 drift=0 previous_depth=2
E2_CAP o=178 retry=0 touched=209 ncam=3068 raw=48832.451608369891 capped=75.610404188706639 radius=8654.3112787736627 median=0.15122665238659058 global_scale=1
ATTR_RADIUS o=178 raw_norm=48832.451608369898 norm=75.610404188706383 radius=8654.3112787736627 next_radius=8654.3112787736627 lambda=2.2057023690960322e-07 next_lambda=2.2057023690960322e-07 rho=0.94521636132553355 accept=1
CLASSICAL_LM o=178 lambda=2.2057023690960322e-07 tau=2.2057023690960322e-07 prediction=144.79430628157689 rho=0.94521636132553355 accept=1
  MFCG it 179 cost=1.787103e+06 lam=2.206e-07 tau=0.00e+00 cg_it=0 shift=0 ckpt=1 alpha=0 acc mv=519
PCG_PREP o=179 rebuild=1 drift=0 previous_depth=1
E2_CAP o=179 retry=0 touched=134 ncam=3068 raw=53280.633402569496 capped=183.53495763048926 radius=8654.3112787736627 median=0.4029135111732931 global_scale=1
POINT_SAFE o=179 frozen=118 slope=-47.24160299240561 candidate=1787118.8979868549 original=1787095.1041946693 current=1787102.9215811805 won=0 mode=1 camera_scale=1 keep_scale=0
ATTR_RADIUS o=179 raw_norm=53280.633402569438 norm=91.767478815244303 radius=8654.3112787736627 next_radius=8654.3112787736627 lambda=2.2057023690960322e-07 next_lambda=2.2057023690960322e-07 rho=1.0071772347247239 accept=1
CLASSICAL_LM o=179 lambda=2.2057023690960322e-07 tau=2.2057023690960322e-07 prediction=7.7616791183571685 rho=1.0071772347247239 accept=1
  MFCG it 180 cost=1.787095e+06 lam=2.206e-07 tau=0.00e+00 cg_it=1 shift=0 ckpt=2 alpha=0 acc mv=522
PCG_PREP o=180 rebuild=1 drift=0 previous_depth=2
E2_CAP o=180 retry=0 touched=209 ncam=3068 raw=48837.887416854384 capped=75.52886895299801 radius=8654.3112787736627 median=0.15082602183280214 global_scale=1
ATTR_RADIUS o=180 raw_norm=48837.887416854406 norm=75.528868952997684 radius=8654.3112787736627 next_radius=8654.3112787736627 lambda=2.2057023690960322e-07 next_lambda=2.2057023690960322e-07 rho=1.0003979907196898 accept=1
CLASSICAL_LM o=180 lambda=2.2057023690960322e-07 tau=2.2057023690960322e-07 prediction=136.38592099192979 rho=1.0003979907196898 accept=1
  MFCG it 181 cost=1.786959e+06 lam=2.206e-07 tau=0.00e+00 cg_it=0 shift=0 ckpt=1 alpha=0 acc mv=524
PCG_PREP o=181 rebuild=1 drift=0 previous_depth=1
E2_CAP o=181 retry=0 touched=138 ncam=3068 raw=53264.986706115335 capped=183.4311049806403 radius=8654.3112787736627 median=0.40139039086994732 global_scale=1
POINT_SAFE o=181 frozen=116 slope=-45.080995344603664 candidate=1786977.1664603495 original=1786952.0177764988 current=1786958.6639933465 won=0 mode=1 camera_scale=1 keep_scale=0
ATTR_RADIUS o=181 raw_norm=53264.986706115385 norm=91.71555249032015 radius=8654.3112787736627 next_radius=8654.3112787736627 lambda=2.2057023690960322e-07 next_lambda=2.2057023690960322e-07 rho=1.0087572008124124 accept=1
CLASSICAL_LM o=181 lambda=2.2057023690960322e-07 tau=2.2057023690960322e-07 prediction=6.5885198562631349 rho=1.0087572008124124 accept=1
  MFCG it 182 cost=1.786952e+06 lam=2.206e-07 tau=0.00e+00 cg_it=1 shift=0 ckpt=2 alpha=0 acc mv=527
PCG_PREP o=182 rebuild=1 drift=0 previous_depth=2
E2_CAP o=182 retry=0 touched=207 ncam=3068 raw=48844.600025396285 capped=74.720744106307237 radius=8654.3112787736627 median=0.14931713923652676 global_scale=1
ATTR_RADIUS o=182 raw_norm=48844.60002539627 norm=74.72074410630718 radius=8654.3112787736627 next_radius=8654.3112787736627 lambda=2.2057023690960322e-07 next_lambda=2.2057023690960322e-07 rho=1.0004476764695731 accept=1
CLASSICAL_LM o=182 lambda=2.2057023690960322e-07 tau=2.2057023690960322e-07 prediction=134.72683380577305 rho=1.0004476764695731 accept=1
  MFCG it 183 cost=1.786817e+06 lam=2.206e-07 tau=0.00e+00 cg_it=0 shift=0 ckpt=1 alpha=0 acc mv=529
PCG_PREP o=183 rebuild=1 drift=0 previous_depth=1
E2_CAP o=183 retry=0 touched=137 ncam=3068 raw=53259.393466217472 capped=182.54937152191368 radius=8654.3112787736627 median=0.39942447192580566 global_scale=1
POINT_SAFE o=183 frozen=118 slope=-43.342919068678633 candidate=1786837.3045112644 original=1786811.4133263198 current=1786817.2306286597 won=0 mode=1 camera_scale=1 keep_scale=0
ATTR_RADIUS o=183 raw_norm=53259.393466217465 norm=91.274685760956771 radius=8654.3112787736627 next_radius=8654.3112787736627 lambda=2.2057023690960322e-07 next_lambda=2.2057023690960322e-07 rho=1.009354259855795 accept=1
CLASSICAL_LM o=183 lambda=2.2057023690960322e-07 tau=2.2057023690960322e-07 prediction=5.7633900913780618 rho=1.009354259855795 accept=1
  MFCG it 184 cost=1.786811e+06 lam=2.206e-07 tau=0.00e+00 cg_it=1 shift=0 ckpt=2 alpha=0 acc mv=532
PCG_PREP o=184 rebuild=1 drift=0 previous_depth=2
E2_CAP o=184 retry=0 touched=208 ncam=3068 raw=48846.655298855338 capped=74.693642363305457 radius=8654.3112787736627 median=0.14909726880470203 global_scale=1
ATTR_RADIUS o=184 raw_norm=48846.655298855352 norm=74.693642363305599 radius=8654.3112787736627 next_radius=8654.3112787736627 lambda=2.2057023690960322e-07 next_lambda=2.2057023690960322e-07 rho=1.0004407123985537 accept=1
CLASSICAL_LM o=184 lambda=2.2057023690960322e-07 tau=2.2057023690960322e-07 prediction=134.10612602449476 rho=1.0004407123985537 accept=1
  MFCG it 185 cost=1.786677e+06 lam=2.206e-07 tau=0.00e+00 cg_it=0 shift=0 ckpt=1 alpha=0 acc mv=534
PCG_PREP o=185 rebuild=1 drift=0 previous_depth=1
E2_CAP o=185 retry=0 touched=138 ncam=3068 raw=53255.414057748822 capped=182.01584422628804 radius=8654.3112787736627 median=0.39737567774269228 global_scale=1
POINT_SAFE o=185 frozen=116 slope=-41.862001853768433 candidate=1786698.7747493153 original=1786672.1651496287 current=1786677.2480980628 won=0 mode=1 camera_scale=1 keep_scale=0
ATTR_RADIUS o=185 raw_norm=53255.414057748843 norm=91.007922113144247 radius=8654.3112787736627 next_radius=8654.3112787736627 lambda=2.2057023690960322e-07 next_lambda=2.2057023690960322e-07 rho=1.0099572375329273 accept=1
CLASSICAL_LM o=185 lambda=2.2057023690960322e-07 tau=2.2057023690960322e-07 prediction=5.0328352976438691 rho=1.0099572375329273 accept=1
  MFCG it 186 cost=1.786672e+06 lam=2.206e-07 tau=0.00e+00 cg_it=1 shift=0 ckpt=2 alpha=0 acc mv=537
PCG_PREP o=186 rebuild=1 drift=0 previous_depth=2
E2_CAP o=186 retry=0 touched=207 ncam=3068 raw=48848.290237470021 capped=74.158611349098692 radius=8654.3112787736627 median=0.14813820939713868 global_scale=1
ATTR_RADIUS o=186 raw_norm=48848.290237470057 norm=74.158611349098862 radius=8654.3112787736627 next_radius=8654.3112787736627 lambda=2.2057023690960322e-07 next_lambda=2.2057023690960322e-07 rho=1.0004500522992825 accept=1
CLASSICAL_LM o=186 lambda=2.2057023690960322e-07 tau=2.2057023690960322e-07 prediction=133.01362948495273 rho=1.0004500522992825 accept=1
  MFCG it 187 cost=1.786539e+06 lam=2.206e-07 tau=0.00e+00 cg_it=0 shift=0 ckpt=1 alpha=0 acc mv=539
PCG_PREP o=187 rebuild=1 drift=0 previous_depth=1
E2_CAP o=187 retry=0 touched=138 ncam=3068 raw=53253.349796787203 capped=181.07792533904873 radius=8654.3112787736627 median=0.39509023346041694 global_scale=1
POINT_SAFE o=187 frozen=113 slope=-40.497440191196105 candidate=1786561.826492511 original=1786534.6526746796 current=1786539.0916570539 won=0 mode=1 camera_scale=1 keep_scale=0
ATTR_RADIUS o=187 raw_norm=53253.349796787181 norm=90.538962669524096 radius=8654.3112787736627 next_radius=8654.3112787736627 lambda=2.2057023690960322e-07 next_lambda=2.2057023690960322e-07 rho=1.0108829272031696 accept=1
CLASSICAL_LM o=187 lambda=2.2057023690960322e-07 tau=2.2057023690960322e-07 prediction=4.3911933368476959 rho=1.0108829272031696 accept=1
  MFCG it 188 cost=1.786535e+06 lam=2.206e-07 tau=0.00e+00 cg_it=1 shift=0 ckpt=2 alpha=0 acc mv=542
PCG_PREP o=188 rebuild=1 drift=0 previous_depth=2
E2_CAP o=188 retry=0 touched=210 ncam=3068 raw=48847.39878251512 capped=73.864270022438873 radius=8654.3112787736627 median=0.14713392689336002 global_scale=1
ATTR_RADIUS o=188 raw_norm=48847.398782515178 norm=73.864270022438902 radius=8654.3112787736627 next_radius=8654.3112787736627 lambda=2.2057023690960322e-07 next_lambda=2.2057023690960322e-07 rho=1.0004579486360956 accept=1
CLASSICAL_LM o=188 lambda=2.2057023690960322e-07 tau=2.2057023690960322e-07 prediction=131.9560920813924 rho=1.0004579486360956 accept=1
  MFCG it 189 cost=1.786403e+06 lam=2.206e-07 tau=0.00e+00 cg_it=0 shift=0 ckpt=1 alpha=0 acc mv=544
PCG_PREP o=189 rebuild=1 drift=0 previous_depth=1
E2_CAP o=189 retry=0 touched=137 ncam=3068 raw=53248.987779493771 capped=180.52163214418874 radius=8654.3112787736627 median=0.39392965556020365 global_scale=1
POINT_SAFE o=189 frozen=115 slope=-39.516289984203979 candidate=1786426.1900012209 original=1786398.6479309169 current=1786402.6361534859 won=0 mode=1 camera_scale=1 keep_scale=0
ATTR_RADIUS o=189 raw_norm=53248.987779493793 norm=90.260816072094144 radius=8654.3112787736627 next_radius=8654.3112787736627 lambda=2.2057023690960322e-07 next_lambda=2.2057023690960322e-07 rho=1.0117454799926584 accept=1
CLASSICAL_LM o=189 lambda=2.2057023690960322e-07 tau=2.2057023690960322e-07 prediction=3.9419227936885157 rho=1.0117454799926584 accept=1
  MFCG it 190 cost=1.786399e+06 lam=2.206e-07 tau=0.00e+00 cg_it=1 shift=0 ckpt=2 alpha=0 acc mv=547
PCG_PREP o=190 rebuild=1 drift=0 previous_depth=2
E2_CAP o=190 retry=0 touched=208 ncam=3068 raw=48845.908512181246 capped=73.412407670897736 radius=8654.3112787736627 median=0.14642511645391032 global_scale=1
ATTR_RADIUS o=190 raw_norm=48845.90851218126 norm=73.412407670897693 radius=8654.3112787736627 next_radius=8654.3112787736627 lambda=2.2057023690960322e-07 next_lambda=2.2057023690960322e-07 rho=1.0005497647459234 accept=1
CLASSICAL_LM o=190 lambda=2.2057023690960322e-07 tau=2.2057023690960322e-07 prediction=131.08226213481169 rho=1.0005497647459234 accept=1
  MFCG it 191 cost=1.786267e+06 lam=2.206e-07 tau=0.00e+00 cg_it=0 shift=0 ckpt=1 alpha=0 acc mv=549
PCG_PREP o=191 rebuild=1 drift=0 previous_depth=1
E2_CAP o=191 retry=0 touched=136 ncam=3068 raw=53245.921272086249 capped=180.09149768382886 radius=8654.3112787736627 median=0.39401164850211162 global_scale=1
POINT_SAFE o=191 frozen=118 slope=-38.84483808531229 candidate=1786291.3868807417 original=1786263.7889241809 current=1786267.4936043755 won=0 mode=1 camera_scale=1 keep_scale=0
ATTR_RADIUS o=191 raw_norm=53245.921272086242 norm=90.045748841914389 radius=8654.3112787736627 next_radius=8654.3112787736627 lambda=2.2057023690960322e-07 next_lambda=2.2057023690960322e-07 rho=1.0168429005336355 accept=1
CLASSICAL_LM o=191 lambda=2.2057023690960322e-07 tau=2.2057023690960322e-07 prediction=3.6433161825375286 rho=1.0168429005336355 accept=1
  MFCG it 192 cost=1.786264e+06 lam=2.206e-07 tau=0.00e+00 cg_it=1 shift=0 ckpt=2 alpha=0 acc mv=552
PCG_PREP o=192 rebuild=1 drift=0 previous_depth=2
E2_CAP o=192 retry=0 touched=211 ncam=3068 raw=48844.82988453794 capped=73.248997182552486 radius=8654.3112787736627 median=0.14583847654895066 global_scale=1
ATTR_RADIUS o=192 raw_norm=48844.82988453794 norm=73.248997182552543 radius=8654.3112787736627 next_radius=8654.3112787736627 lambda=2.2057023690960322e-07 next_lambda=2.2057023690960322e-07 rho=0.99451104319688954 accept=1
CLASSICAL_LM o=192 lambda=2.2057023690960322e-07 tau=2.2057023690960322e-07 prediction=130.33688170994822 rho=0.99451104319688954 accept=1
  MFCG it 193 cost=1.786134e+06 lam=2.206e-07 tau=0.00e+00 cg_it=0 shift=0 ckpt=1 alpha=0 acc mv=554
PCG_PREP o=193 rebuild=1 drift=0 previous_depth=1
E2_CAP o=193 retry=0 touched=136 ncam=3068 raw=53243.20924961946 capped=179.32829807214947 radius=8654.3112787736627 median=0.39196157201293425 global_scale=1
POINT_SAFE o=193 frozen=112 slope=-39.145671699478449 candidate=1786158.9553659398 original=1786130.7403252251 current=1786134.1674559845 won=0 mode=1 camera_scale=1 keep_scale=0
ATTR_RADIUS o=193 raw_norm=53243.209249619409 norm=89.664149036074647 radius=8654.3112787736627 next_radius=8654.3112787736627 lambda=2.2057023690960322e-07 next_lambda=2.2057023690960322e-07 rho=0.93393906347989297 accept=1
CLASSICAL_LM o=193 lambda=2.2057023690960322e-07 tau=2.2057023690960322e-07 prediction=3.669544291991846 rho=0.93393906347989297 accept=1
  MFCG it 194 cost=1.786131e+06 lam=2.206e-07 tau=0.00e+00 cg_it=1 shift=0 ckpt=2 alpha=0 acc mv=557
PCG_PREP o=194 rebuild=1 drift=0 previous_depth=2
E2_CAP o=194 retry=0 touched=210 ncam=3068 raw=48842.29355046749 capped=72.985628755944148 radius=8654.3112787736627 median=0.14560649790928354 global_scale=1
ATTR_RADIUS o=194 raw_norm=48842.293550467431 norm=72.98562875594429 radius=8654.3112787736627 next_radius=8654.3112787736627 lambda=2.2057023690960322e-07 next_lambda=2.2057023690960322e-07 rho=0.99825873745990068 accept=1
CLASSICAL_LM o=194 lambda=2.2057023690960322e-07 tau=2.2057023690960322e-07 prediction=130.13029908191456 rho=0.99825873745990068 accept=1
  MFCG it 195 cost=1.786001e+06 lam=2.206e-07 tau=0.00e+00 cg_it=0 shift=0 ckpt=1 alpha=0 acc mv=559
PCG_PREP o=195 rebuild=1 drift=0 previous_depth=1
E2_CAP o=195 retry=0 touched=136 ncam=3068 raw=53239.601690183401 capped=178.66759081120688 radius=8654.3112787736627 median=0.39027772685469853 global_scale=1
POINT_SAFE o=195 frozen=110 slope=-36.53191407593269 candidate=1786027.062045923 original=1785998.2702408542 current=1786000.8366171583 won=0 mode=1 camera_scale=1 keep_scale=0
ATTR_RADIUS o=195 raw_norm=53239.601690183423 norm=89.333795405603439 radius=8654.3112787736627 next_radius=8654.3112787736627 lambda=2.2057023690960322e-07 next_lambda=2.2057023690960322e-07 rho=1.0121428478572951 accept=1
CLASSICAL_LM o=195 lambda=2.2057023690960322e-07 tau=2.2057023690960322e-07 prediction=2.5355870561691169 rho=1.0121428478572951 accept=1
  MFCG it 196 cost=1.785998e+06 lam=2.206e-07 tau=0.00e+00 cg_it=1 shift=0 ckpt=2 alpha=0 acc mv=562
PCG_PREP o=196 rebuild=1 drift=0 previous_depth=2
E2_CAP o=196 retry=0 touched=211 ncam=3068 raw=48839.507520711188 capped=72.81306759242571 radius=8654.3112787736627 median=0.14506226548643847 global_scale=1
ATTR_RADIUS o=196 raw_norm=48839.507520711151 norm=72.81306759242571 radius=8654.3112787736627 next_radius=8654.3112787736627 lambda=2.2057023690960322e-07 next_lambda=2.2057023690960322e-07 rho=0.99719814162269793 accept=1
CLASSICAL_LM o=196 lambda=2.2057023690960322e-07 tau=2.2057023690960322e-07 prediction=128.96370681690388 rho=0.99719814162269793 accept=1
  MFCG it 197 cost=1.785870e+06 lam=2.206e-07 tau=0.00e+00 cg_it=0 shift=0 ckpt=1 alpha=0 acc mv=564
PCG_PREP o=197 rebuild=1 drift=0 previous_depth=1
E2_CAP o=197 retry=0 touched=136 ncam=3068 raw=53227.694108787109 capped=177.88649517062348 radius=8654.3112787736627 median=0.3883475663727306 global_scale=1
POINT_SAFE o=197 frozen=111 slope=-38.287045907697561 candidate=1785896.7691755269 original=1785867.4398514712 current=1785869.6678720796 won=0 mode=1 camera_scale=1 keep_scale=0
ATTR_RADIUS o=197 raw_norm=53227.69410878708 norm=88.943247585311809 radius=8654.3112787736627 next_radius=8654.3112787736627 lambda=2.2057023690960322e-07 next_lambda=2.2057023690960322e-07 rho=0.64863727313861119 accept=1
CLASSICAL_LM o=197 lambda=2.2057023690960322e-07 tau=2.2057023690960322e-07 prediction=3.4349253437815026 rho=0.64863727313861119 accept=1
  MFCG it 198 cost=1.785867e+06 lam=2.206e-07 tau=0.00e+00 cg_it=1 shift=0 ckpt=2 alpha=0 acc mv=567
PCG_PREP o=198 rebuild=1 drift=0 previous_depth=2
E2_CAP o=198 retry=0 touched=138 ncam=3068 raw=53265.145939708498 capped=130.43442135040175 radius=8654.3112787736627 median=0.30961115571968012 global_scale=1
ATTR_RADIUS o=198 raw_norm=53265.145939708484 norm=130.43442135040166 radius=8654.3112787736627 next_radius=8654.3112787736627 lambda=2.2057023690960322e-07 next_lambda=2.2057023690960322e-07 rho=1.0070229793164358 accept=1
CLASSICAL_LM o=198 lambda=2.2057023690960322e-07 tau=2.2057023690960322e-07 prediction=34.326826747479046 rho=1.0070229793164358 accept=1
  MFCG it 199 cost=1.785833e+06 lam=2.206e-07 tau=0.00e+00 cg_it=1 shift=0 ckpt=2 alpha=0 acc mv=570
PCG_PREP o=199 rebuild=1 drift=0 previous_depth=2
E2_CAP o=199 retry=0 touched=232 ncam=3068 raw=48256.15271851822 capped=105.18046149990931 radius=8654.3112787736627 median=0.20077957042545286 global_scale=1
ATTR_RADIUS o=199 raw_norm=48256.152718518249 norm=105.1804614999093 radius=8654.3112787736627 next_radius=8654.3112787736627 lambda=2.2057023690960322e-07 next_lambda=2.2057023690960322e-07 rho=1.0001947713492434 accept=1
CLASSICAL_LM o=199 lambda=2.2057023690960322e-07 tau=2.2057023690960322e-07 prediction=197.99622022407866 rho=1.0001947713492434 accept=1
  MFCG it 200 cost=1.785635e+06 lam=2.206e-07 tau=0.00e+00 cg_it=0 shift=0 ckpt=1 alpha=0 acc mv=572
PCG_PREP o=200 rebuild=1 drift=0 previous_depth=1
E2_CAP o=200 retry=0 touched=134 ncam=3068 raw=53212.894945898945 capped=171.786524741497 radius=8654.3112787736627 median=0.39017334784774665 global_scale=1
POINT_SAFE o=200 frozen=127 slope=-58.897468451735627 candidate=1785635.5287182746 original=1785620.2885046836 current=1785634.8371639145 won=0 mode=1 camera_scale=1 keep_scale=0
ATTR_RADIUS o=200 raw_norm=53212.894945898886 norm=85.893262370748701 radius=8654.3112787736627 next_radius=8654.3112787736627 lambda=2.2057023690960322e-07 next_lambda=2.2057023690960322e-07 rho=1.0020037508775823 accept=1
CLASSICAL_LM o=200 lambda=2.2057023690960322e-07 tau=2.2057023690960322e-07 prediction=14.519565638425137 rho=1.0020037508775823 accept=1
  MFCG it 201 cost=1.785620e+06 lam=2.206e-07 tau=0.00e+00 cg_it=1 shift=0 ckpt=2 alpha=0 acc mv=575
PCG_PREP o=201 rebuild=1 drift=0 previous_depth=2
E2_CAP o=201 retry=0 touched=225 ncam=3068 raw=48657.329268302281 capped=71.025619017751808 radius=8654.3112787736627 median=0.13946967548954051 global_scale=1
ATTR_RADIUS o=201 raw_norm=48657.329268302303 norm=71.025619017751694 radius=8654.3112787736627 next_radius=8654.3112787736627 lambda=2.2057023690960322e-07 next_lambda=2.2057023690960322e-07 rho=1.0005273710219067 accept=1
CLASSICAL_LM o=201 lambda=2.2057023690960322e-07 tau=2.2057023690960322e-07 prediction=127.4689288608939 rho=1.0005273710219067 accept=1
  MFCG it 202 cost=1.785493e+06 lam=2.206e-07 tau=0.00e+00 cg_it=0 shift=0 ckpt=1 alpha=0 acc mv=577
PCG_PREP o=202 rebuild=1 drift=0 previous_depth=1
E2_CAP o=202 retry=0 touched=133 ncam=3068 raw=53224.493638449188 capped=168.76721757455871 radius=8654.3112787736627 median=0.37581006145123541 global_scale=1
POINT_SAFE o=202 frozen=114 slope=-36.499222421792169 candidate=1785512.2720660665 original=1785488.5116734975 current=1785492.7523524035 won=0 mode=1 camera_scale=1 keep_scale=0
ATTR_RADIUS o=202 raw_norm=53224.493638449203 norm=84.383608787279542 radius=8654.3112787736627 next_radius=8654.3112787736627 lambda=2.2057023690960322e-07 next_lambda=2.2057023690960322e-07 rho=1.0073939219493686 accept=1
CLASSICAL_LM o=202 lambda=2.2057023690960322e-07 tau=2.2057023690960322e-07 prediction=4.2095537937821792 rho=1.0073939219493686 accept=1
  MFCG it 203 cost=1.785489e+06 lam=2.206e-07 tau=0.00e+00 cg_it=1 shift=0 ckpt=2 alpha=0 acc mv=580
PCG_PREP o=203 rebuild=1 drift=0 previous_depth=2
E2_CAP o=203 retry=0 touched=218 ncam=3068 raw=48672.8180416346 capped=73.761023384149794 radius=8654.3112787736627 median=0.14592237437589023 global_scale=1
ATTR_RADIUS o=203 raw_norm=48672.818041634615 norm=73.761023384149738 radius=8654.3112787736627 next_radius=8654.3112787736627 lambda=2.2057023690960322e-07 next_lambda=2.2057023690960322e-07 rho=1.0003972239170316 accept=1
CLASSICAL_LM o=203 lambda=2.2057023690960322e-07 tau=2.2057023690960322e-07 prediction=130.9329040876824 rho=1.0003972239170316 accept=1
  MFCG it 204 cost=1.785358e+06 lam=2.206e-07 tau=0.00e+00 cg_it=0 shift=0 ckpt=1 alpha=0 acc mv=582
PCG_PREP o=204 rebuild=1 drift=0 previous_depth=1
E2_CAP o=204 retry=0 touched=134 ncam=3068 raw=53223.643567103951 capped=172.06363636491795 radius=8654.3112787736627 median=0.37762128817642626 global_scale=1
POINT_SAFE o=204 frozen=120 slope=-33.311821676298628 candidate=1785385.0797941615 original=1785356.0910519296 current=1785357.5267597288 won=0 mode=1 camera_scale=1 keep_scale=0
ATTR_RADIUS o=204 raw_norm=53223.643567103943 norm=86.031818182459048 radius=8654.3112787736627 next_radius=8654.3112787736627 lambda=2.2057023690960322e-07 next_lambda=2.2057023690960322e-07 rho=1.021177051129414 accept=1
CLASSICAL_LM o=204 lambda=2.2057023690960322e-07 tau=2.2057023690960322e-07 prediction=1.4059342575032492 rho=1.021177051129414 accept=1
  MFCG it 205 cost=1.785356e+06 lam=2.206e-07 tau=0.00e+00 cg_it=1 shift=0 ckpt=2 alpha=0 acc mv=585
PCG_PREP o=205 rebuild=1 drift=0 previous_depth=2
E2_CAP o=205 retry=0 touched=216 ncam=3068 raw=48701.534389486034 capped=70.944806575037887 radius=8654.3112787736627 median=0.14088098908985447 global_scale=1
ATTR_RADIUS o=205 raw_norm=48701.534389486063 norm=70.944806575037887 radius=8654.3112787736627 next_radius=8654.3112787736627 lambda=2.2057023690960322e-07 next_lambda=2.2057023690960322e-07 rho=1.0004165859969576 accept=1
CLASSICAL_LM o=205 lambda=2.2057023690960322e-07 tau=2.2057023690960322e-07 prediction=125.94714975090409 rho=1.0004165859969576 accept=1
  MFCG it 206 cost=1.785230e+06 lam=2.206e-07 tau=0.00e+00 cg_it=0 shift=0 ckpt=1 alpha=0 acc mv=587
PCG_PREP o=206 rebuild=1 drift=0 previous_depth=1
E2_CAP o=206 retry=0 touched=133 ncam=3068 raw=53210.361205256784 capped=171.67607912899138 radius=8654.3112787736627 median=0.37554561060056002 global_scale=1
POINT_SAFE o=206 frozen=122 slope=-29.764448134084006 candidate=1785260.8168802122 original=1785226.4323196171 current=1785230.0914343598 won=0 mode=1 camera_scale=1 keep_scale=0
ATTR_RADIUS o=206 raw_norm=53210.361205256777 norm=42.91901978224783 radius=8654.3112787736627 next_radius=8654.3112787736627 lambda=2.2057023690960322e-07 next_lambda=2.2057023690960322e-07 rho=1.0020066917664137 accept=1
CLASSICAL_LM o=206 lambda=2.2057023690960322e-07 tau=2.2057023690960322e-07 prediction=3.65178673228321 rho=1.0020066917664137 accept=1
  MFCG it 207 cost=1.785226e+06 lam=2.206e-07 tau=0.00e+00 cg_it=1 shift=0 ckpt=2 alpha=0 acc mv=590
PCG_PREP o=207 rebuild=1 drift=0 previous_depth=2
E2_CAP o=207 retry=0 touched=135 ncam=3068 raw=53231.093916168196 capped=145.75068524539179 radius=8654.3112787736627 median=0.3356370074138787 global_scale=1
POINT_SAFE o=207 frozen=73 slope=-27.899940400186448 candidate=1785230.1170275367 original=1785220.3803508116 current=1785226.4323196171 won=0 mode=1 camera_scale=1 keep_scale=0
ATTR_RADIUS o=207 raw_norm=53231.093916168196 norm=72.875342622695868 radius=8654.3112787736627 next_radius=8654.3112787736627 lambda=2.2057023690960322e-07 next_lambda=2.2057023690960322e-07 rho=1.0095113116231271 accept=1
CLASSICAL_LM o=207 lambda=2.2057023690960322e-07 tau=2.2057023690960322e-07 prediction=5.9949489776012124 rho=1.0095113116231271 accept=1
  MFCG it 208 cost=1.785220e+06 lam=2.206e-07 tau=0.00e+00 cg_it=1 shift=0 ckpt=2 alpha=0 acc mv=593
PCG_PREP o=208 rebuild=1 drift=0 previous_depth=2
E2_CAP o=208 retry=0 touched=220 ncam=3068 raw=48565.671007863843 capped=78.797755245089149 radius=8654.3112787736627 median=0.15391473426072191 global_scale=1
ATTR_RADIUS o=208 raw_norm=48565.67100786385 norm=78.797755245089277 radius=8654.3112787736627 next_radius=8654.3112787736627 lambda=2.2057023690960322e-07 next_lambda=2.2057023690960322e-07 rho=1.0003587210791083 accept=1
CLASSICAL_LM o=208 lambda=2.2057023690960322e-07 tau=2.2057023690960322e-07 prediction=140.11376148061345 rho=1.0003587210791083 accept=1
  MFCG it 209 cost=1.785080e+06 lam=2.206e-07 tau=0.00e+00 cg_it=0 shift=0 ckpt=1 alpha=0 acc mv=595
PCG_PREP o=209 rebuild=1 drift=0 previous_depth=1
E2_CAP o=209 retry=0 touched=132 ncam=3068 raw=53202.96674223282 capped=170.30352589255847 radius=8654.3112787736627 median=0.37542637821056546 global_scale=1
POINT_SAFE o=209 frozen=117 slope=-34.14884959963225 candidate=1785106.4884539007 original=1785078.2512274969 current=1785080.2163275713 won=0 mode=1 camera_scale=1 keep_scale=0
ATTR_RADIUS o=209 raw_norm=53202.966742232842 norm=85.151762946279447 radius=8654.3112787736627 next_radius=8654.3112787736627 lambda=2.2057023690960322e-07 next_lambda=2.2057023690960322e-07 rho=1.0142400736190935 accept=1
CLASSICAL_LM o=209 lambda=2.2057023690960322e-07 tau=2.2057023690960322e-07 prediction=1.937509792339128 rho=1.0142400736190935 accept=1
  MFCG it 210 cost=1.785078e+06 lam=2.206e-07 tau=0.00e+00 cg_it=1 shift=0 ckpt=2 alpha=0 acc mv=598
PCG_PREP o=210 rebuild=1 drift=0 previous_depth=2
E2_CAP o=210 retry=0 touched=219 ncam=3068 raw=48656.326675021621 capped=69.206517887449252 radius=8654.3112787736627 median=0.13688515609605001 global_scale=1
ATTR_RADIUS o=210 raw_norm=48656.32667502157 norm=69.20651788744938 radius=8654.3112787736627 next_radius=8654.3112787736627 lambda=2.2057023690960322e-07 next_lambda=2.2057023690960322e-07 rho=1.0004451737395677 accept=1
CLASSICAL_LM o=210 lambda=2.2057023690960322e-07 tau=2.2057023690960322e-07 prediction=122.88380979843977 rho=1.0004451737395677 accept=1
  MFCG it 211 cost=1.784955e+06 lam=2.206e-07 tau=0.00e+00 cg_it=0 shift=0 ckpt=1 alpha=0 acc mv=600
PCG_PREP o=211 rebuild=1 drift=0 previous_depth=1
E2_CAP o=211 retry=0 touched=132 ncam=3068 raw=53201.00715601688 capped=168.40769710681914 radius=8654.3112787736627 median=0.3697193170698011 global_scale=1
POINT_SAFE o=211 frozen=120 slope=-27.420530098987388 candidate=1784986.7047297026 original=1784952.1346405759 current=1784955.3127130533 won=0 mode=1 camera_scale=1 keep_scale=0
ATTR_RADIUS o=211 raw_norm=53201.007156016887 norm=42.101924276704842 radius=8654.3112787736627 next_radius=8654.3112787736627 lambda=2.2057023690960322e-07 next_lambda=2.2057023690960322e-07 rho=1.0022474731841566 accept=1
CLASSICAL_LM o=211 lambda=2.2057023690960322e-07 tau=2.2057023690960322e-07 prediction=3.170945861665539 rho=1.0022474731841566 accept=1
  MFCG it 212 cost=1.784952e+06 lam=2.206e-07 tau=0.00e+00 cg_it=1 shift=0 ckpt=2 alpha=0 acc mv=603
PCG_PREP o=212 rebuild=1 drift=0 previous_depth=2
E2_CAP o=212 retry=0 touched=135 ncam=3068 raw=53234.356548689866 capped=143.32529151696414 radius=8654.3112787736627 median=0.33100943566660535 global_scale=1
POINT_SAFE o=212 frozen=71 slope=-26.050093500748059 candidate=1784956.798039234 original=1784946.7886204578 current=1784952.1346405759 won=0 mode=1 camera_scale=1 keep_scale=0
ATTR_RADIUS o=212 raw_norm=53234.356548689924 norm=71.662645758482128 radius=8654.3112787736627 next_radius=8654.3112787736627 lambda=2.2057023690960322e-07 next_lambda=2.2057023690960322e-07 rho=1.0105207750057978 accept=1
CLASSICAL_LM o=212 lambda=2.2057023690960322e-07 tau=2.2057023690960322e-07 prediction=5.2903614159440666 rho=1.0105207750057978 accept=1
  MFCG it 213 cost=1.784947e+06 lam=2.206e-07 tau=0.00e+00 cg_it=1 shift=0 ckpt=2 alpha=0 acc mv=606
PCG_PREP o=213 rebuild=1 drift=0 previous_depth=2
E2_CAP o=213 retry=0 touched=222 ncam=3068 raw=48516.252351597192 capped=78.384001716076625 radius=8654.3112787736627 median=0.15300635839997387 global_scale=1
ATTR_RADIUS o=213 raw_norm=48516.252351597206 norm=78.384001716076583 radius=8654.3112787736627 next_radius=8654.3112787736627 lambda=2.2057023690960322e-07 next_lambda=2.2057023690960322e-07 rho=1.0003621803759208 accept=1
CLASSICAL_LM o=213 lambda=2.2057023690960322e-07 tau=2.2057023690960322e-07 prediction=139.31291027009127 rho=1.0003621803759208 accept=1
  MFCG it 214 cost=1.784807e+06 lam=2.206e-07 tau=0.00e+00 cg_it=0 shift=0 ckpt=1 alpha=0 acc mv=608
PCG_PREP o=214 rebuild=1 drift=0 previous_depth=1
E2_CAP o=214 retry=0 touched=130 ncam=3068 raw=53192.902007661731 capped=168.02858484528588 radius=8654.3112787736627 median=0.37054749136053672 global_scale=1
POINT_SAFE o=214 frozen=118 slope=-31.126128788235764 candidate=1784836.2684088396 original=1784806.858207396 current=1784807.4252537854 won=0 mode=1 camera_scale=1 keep_scale=0
ATTR_RADIUS o=214 raw_norm=53192.902007661774 norm=84.01429242264318 radius=8654.3112787736627 next_radius=8654.3112787736627 lambda=2.2057023690960322e-07 next_lambda=2.2057023690960322e-07 rho=1.0524306838973132 accept=1
CLASSICAL_LM o=214 lambda=2.2057023690960322e-07 tau=2.2057023690960322e-07 prediction=0.53879689952551324 rho=1.0524306838973132 accept=1
  MFCG it 215 cost=1.784807e+06 lam=2.206e-07 tau=0.00e+00 cg_it=1 shift=0 ckpt=2 alpha=0 acc mv=611
PCG_PREP o=215 rebuild=1 drift=0 previous_depth=2
E2_CAP o=215 retry=0 touched=220 ncam=3068 raw=48606.348309133413 capped=68.89120202554254 radius=8654.3112787736627 median=0.13618626059257455 global_scale=1
ATTR_RADIUS o=215 raw_norm=48606.348309133376 norm=68.891202025542626 radius=8654.3112787736627 next_radius=8654.3112787736627 lambda=2.2057023690960322e-07 next_lambda=2.2057023690960322e-07 rho=1.0004489214686967 accept=1
CLASSICAL_LM o=215 lambda=2.2057023690960322e-07 tau=2.2057023690960322e-07 prediction=122.07389465236596 rho=1.0004489214686967 accept=1
  MFCG it 216 cost=1.784685e+06 lam=2.206e-07 tau=0.00e+00 cg_it=0 shift=0 ckpt=1 alpha=0 acc mv=613
PCG_PREP o=216 rebuild=1 drift=0 previous_depth=1
E2_CAP o=216 retry=0 touched=130 ncam=3068 raw=53218.027937761617 capped=166.77366621025516 radius=8654.3112787736627 median=0.36566979630724322 global_scale=1
POINT_SAFE o=216 frozen=122 slope=-24.03725411801841 candidate=1784719.2366912081 original=1784682.3803439676 current=1784684.7295111516 won=0 mode=1 camera_scale=1 keep_scale=0
ATTR_RADIUS o=216 raw_norm=53218.027937761603 norm=41.693416552563797 radius=8654.3112787736627 next_radius=8654.3112787736627 lambda=2.2057023690960322e-07 next_lambda=2.2057023690960322e-07 rho=1.0032497686846715 accept=1
CLASSICAL_LM o=216 lambda=2.2057023690960322e-07 tau=2.2057023690960322e-07 prediction=2.3415576632056569 rho=1.0032497686846715 accept=1
  MFCG it 217 cost=1.784682e+06 lam=2.206e-07 tau=0.00e+00 cg_it=1 shift=0 ckpt=2 alpha=0 acc mv=616
PCG_PREP o=217 rebuild=1 drift=0 previous_depth=2
E2_CAP o=217 retry=0 touched=136 ncam=3068 raw=53215.84181555784 capped=141.6815914841961 radius=8654.3112787736627 median=0.32746390285191451 global_scale=1
POINT_SAFE o=217 frozen=72 slope=-23.003490026289573 candidate=1784689.9651091928 original=1784678.5262440259 current=1784682.3803439676 won=0 mode=1 camera_scale=1 keep_scale=0
ATTR_RADIUS o=217 raw_norm=53215.841815557891 norm=70.840795742097981 radius=8654.3112787736627 next_radius=8654.3112787736627 lambda=2.2057023690960322e-07 next_lambda=2.2057023690960322e-07 rho=1.0150345659116999 accept=1
CLASSICAL_LM o=217 lambda=2.2057023690960322e-07 tau=2.2057023690960322e-07 prediction=3.7970134920587855 rho=1.0150345659116999 accept=1
  MFCG it 218 cost=1.784679e+06 lam=2.206e-07 tau=0.00e+00 cg_it=1 shift=0 ckpt=2 alpha=0 acc mv=619
PCG_PREP o=218 rebuild=1 drift=0 previous_depth=2
E2_CAP o=218 retry=0 touched=224 ncam=3068 raw=48460.082457001306 capped=77.947462508134763 radius=8654.3112787736627 median=0.15187510306941973 global_scale=1
ATTR_RADIUS o=218 raw_norm=48460.082457001277 norm=77.94746250813499 radius=8654.3112787736627 next_radius=8654.3112787736627 lambda=2.2057023690960322e-07 next_lambda=2.2057023690960322e-07 rho=1.0003655310546147 accept=1
CLASSICAL_LM o=218 lambda=2.2057023690960322e-07 tau=2.2057023690960322e-07 prediction=138.22813015076616 rho=1.0003655310546147 accept=1
  MFCG it 219 cost=1.784540e+06 lam=2.206e-07 tau=0.00e+00 cg_it=0 shift=0 ckpt=1 alpha=0 acc mv=621
PCG_PREP o=219 rebuild=1 drift=0 previous_depth=1
E2_CAP o=219 retry=0 touched=131 ncam=3068 raw=53196.074141309618 capped=166.37320319304342 radius=8654.3112787736627 median=0.36611151186699575 global_scale=1
POINT_SAFE o=219 frozen=119 slope=-27.821270794840782 candidate=1784572.0695447857 original=1784537.0209056244 current=1784540.247587201 won=0 mode=1 camera_scale=1 keep_scale=0
ATTR_RADIUS o=219 raw_norm=53196.074141309597 norm=41.593300798260792 radius=8654.3112787736627 next_radius=8654.3112787736627 lambda=2.2057023690960322e-07 next_lambda=2.2057023690960322e-07 rho=1.002395779355177 accept=1
CLASSICAL_LM o=219 lambda=2.2057023690960322e-07 tau=2.2057023690960322e-07 prediction=3.2189696355782242 rho=1.002395779355177 accept=1
  MFCG it 220 cost=1.784537e+06 lam=2.206e-07 tau=0.00e+00 cg_it=1 shift=0 ckpt=2 alpha=0 acc mv=624
PCG_PREP o=220 rebuild=1 drift=0 previous_depth=2
E2_CAP o=220 retry=0 touched=136 ncam=3068 raw=53255.943733605243 capped=141.93834944954943 radius=8654.3112787736627 median=0.33062249286823181 global_scale=1
POINT_SAFE o=220 frozen=83 slope=-25.898426112980445 candidate=1784542.4566355243 original=1784531.9061548738 current=1784537.0209056244 won=0 mode=1 camera_scale=1 keep_scale=0
ATTR_RADIUS o=220 raw_norm=53255.943733605207 norm=70.969174724774845 radius=8654.3112787736627 next_radius=8654.3112787736627 lambda=2.2057023690960322e-07 next_lambda=2.2057023690960322e-07 rho=1.0114976398431421 accept=1
CLASSICAL_LM o=220 lambda=2.2057023690960322e-07 tau=2.2057023690960322e-07 prediction=5.0566116510058032 rho=1.0114976398431421 accept=1
  MFCG it 221 cost=1.784532e+06 lam=2.206e-07 tau=0.00e+00 cg_it=1 shift=0 ckpt=2 alpha=0 acc mv=627
PCG_PREP o=221 rebuild=1 drift=0 previous_depth=2
E2_CAP o=221 retry=0 touched=223 ncam=3068 raw=48412.691802905974 capped=75.532666935719419 radius=8654.3112787736627 median=0.14756275191619897 global_scale=1
ATTR_RADIUS o=221 raw_norm=48412.691802905982 norm=75.532666935719334 radius=8654.3112787736627 next_radius=8654.3112787736627 lambda=2.2057023690960322e-07 next_lambda=2.2057023690960322e-07 rho=1.0004154597242736 accept=1
CLASSICAL_LM o=221 lambda=2.2057023690960322e-07 tau=2.2057023690960322e-07 prediction=135.27082876130325 rho=1.0004154597242736 accept=1
  MFCG it 222 cost=1.784397e+06 lam=2.206e-07 tau=0.00e+00 cg_it=0 shift=0 ckpt=1 alpha=0 acc mv=629
PCG_PREP o=222 rebuild=1 drift=0 previous_depth=1
E2_CAP o=222 retry=0 touched=133 ncam=3068 raw=53183.951905032241 capped=163.82398491458656 radius=8654.3112787736627 median=0.36186127584455474 global_scale=1
POINT_SAFE o=222 frozen=126 slope=-27.753131529604786 candidate=1784426.4822468061 original=1784393.2452064913 current=1784396.5791265313 won=0 mode=1 camera_scale=1 keep_scale=0
ATTR_RADIUS o=222 raw_norm=53183.951905032249 norm=40.955996228646569 radius=8654.3112787736627 next_radius=8654.3112787736627 lambda=2.2057023690960322e-07 next_lambda=2.2057023690960322e-07 rho=1.0021960162225989 accept=1
CLASSICAL_LM o=222 lambda=2.2057023690960322e-07 tau=2.2057023690960322e-07 prediction=3.3266147399996613 rho=1.0021960162225989 accept=1
  MFCG it 223 cost=1.784393e+06 lam=2.206e-07 tau=0.00e+00 cg_it=1 shift=0 ckpt=2 alpha=0 acc mv=632
PCG_PREP o=223 rebuild=1 drift=0 previous_depth=2
E2_CAP o=223 retry=0 touched=134 ncam=3068 raw=53219.752334457538 capped=139.61675451210868 radius=8654.3112787736627 median=0.32623856269104312 global_scale=1
POINT_SAFE o=223 frozen=83 slope=-26.113537467130936 candidate=1784397.2891985923 original=1784387.7288438673 current=1784393.2452064913 won=0 mode=1 camera_scale=1 keep_scale=0
ATTR_RADIUS o=223 raw_norm=53219.752334457589 norm=69.808377256054158 radius=8654.3112787736627 next_radius=8654.3112787736627 lambda=2.2057023690960322e-07 next_lambda=2.2057023690960322e-07 rho=1.0102026502286032 accept=1
CLASSICAL_LM o=223 lambda=2.2057023690960322e-07 tau=2.2057023690960322e-07 prediction=5.4606495268664643 rho=1.0102026502286032 accept=1
  MFCG it 224 cost=1.784388e+06 lam=2.206e-07 tau=0.00e+00 cg_it=1 shift=0 ckpt=2 alpha=0 acc mv=635
PCG_PREP o=224 rebuild=1 drift=0 previous_depth=2
E2_CAP o=224 retry=0 touched=221 ncam=3068 raw=48366.141719508618 capped=75.570214840723864 radius=8654.3112787736627 median=0.14739533513253297 global_scale=1
ATTR_RADIUS o=224 raw_norm=48366.141719508647 norm=75.570214840723878 radius=8654.3112787736627 next_radius=8654.3112787736627 lambda=2.2057023690960322e-07 next_lambda=2.2057023690960322e-07 rho=1.0003976255343494 accept=1
CLASSICAL_LM o=224 lambda=2.2057023690960322e-07 tau=2.2057023690960322e-07 prediction=135.39945603082805 rho=1.0003976255343494 accept=1
  MFCG it 225 cost=1.784252e+06 lam=2.206e-07 tau=0.00e+00 cg_it=0 shift=0 ckpt=1 alpha=0 acc mv=637
PCG_PREP o=225 rebuild=1 drift=0 previous_depth=1
E2_CAP o=225 retry=0 touched=132 ncam=3068 raw=53184.77053023607 capped=163.44296786276612 radius=8654.3112787736627 median=0.36140491625628168 global_scale=1
POINT_SAFE o=225 frozen=124 slope=-28.514308947382801 candidate=1784280.9682048836 original=1784248.7231022934 current=1784252.2755495554 won=0 mode=1 camera_scale=1 keep_scale=0
ATTR_RADIUS o=225 raw_norm=53184.770530236106 norm=40.860741965691481 radius=8654.3112787736627 next_radius=8654.3112787736627 lambda=2.2057023690960322e-07 next_lambda=2.2057023690960322e-07 rho=1.0018081453046657 accept=1
CLASSICAL_LM o=225 lambda=2.2057023690960322e-07 tau=2.2057023690960322e-07 prediction=3.5460355145214941 rho=1.0018081453046657 accept=1
  MFCG it 226 cost=1.784249e+06 lam=2.206e-07 tau=0.00e+00 cg_it=1 shift=0 ckpt=2 alpha=0 acc mv=640
PCG_PREP o=226 rebuild=1 drift=0 previous_depth=2
E2_CAP o=226 retry=0 touched=134 ncam=3068 raw=53206.023197165385 capped=138.37934307799779 radius=8654.3112787736627 median=0.32263956920252834 global_scale=1
POINT_SAFE o=226 frozen=83 slope=-25.981820987920621 candidate=1784252.6379867848 original=1784243.2074683537 current=1784248.7231022934 won=0 mode=1 camera_scale=1 keep_scale=0
ATTR_RADIUS o=226 raw_norm=53206.023197165356 norm=69.189671538998795 radius=8654.3112787736627 next_radius=8654.3112787736627 lambda=2.2057023690960322e-07 next_lambda=2.2057023690960322e-07 rho=1.0096676721911382 accept=1
CLASSICAL_LM o=226 lambda=2.2057023690960322e-07 tau=2.2057023690960322e-07 prediction=5.4628211754027909 rho=1.0096676721911382 accept=1
  MFCG it 227 cost=1.784243e+06 lam=2.206e-07 tau=0.00e+00 cg_it=1 shift=0 ckpt=2 alpha=0 acc mv=643
PCG_PREP o=227 rebuild=1 drift=0 previous_depth=2
E2_CAP o=227 retry=0 touched=221 ncam=3068 raw=48333.689212366306 capped=75.402123384224552 radius=8654.3112787736627 median=0.14740326115514213 global_scale=1
ATTR_RADIUS o=227 raw_norm=48333.689212366262 norm=75.402123384224723 radius=8654.3112787736627 next_radius=8654.3112787736627 lambda=2.2057023690960322e-07 next_lambda=2.2057023690960322e-07 rho=1.0004023959513024 accept=1
CLASSICAL_LM o=227 lambda=2.2057023690960322e-07 tau=2.2057023690960322e-07 prediction=135.27416808521627 rho=1.0004023959513024 accept=1
  MFCG it 228 cost=1.784108e+06 lam=2.206e-07 tau=0.00e+00 cg_it=0 shift=0 ckpt=1 alpha=0 acc mv=645
PCG_PREP o=228 rebuild=1 drift=0 previous_depth=1
E2_CAP o=228 retry=0 touched=132 ncam=3068 raw=53198.199544413634 capped=162.57040641614898 radius=8654.3112787736627 median=0.36012631778990623 global_scale=1
POINT_SAFE o=228 frozen=126 slope=-28.124606805339841 candidate=1784136.6921420088 original=1784104.4068020894 current=1784107.8788664909 won=0 mode=1 camera_scale=1 keep_scale=0
ATTR_RADIUS o=228 raw_norm=53198.199544413648 norm=40.642601604037225 radius=8654.3112787736627 next_radius=8654.3112787736627 lambda=2.2057023690960322e-07 next_lambda=2.2057023690960322e-07 rho=1.0017413841082956 accept=1
CLASSICAL_LM o=228 lambda=2.2057023690960322e-07 tau=2.2057023690960322e-07 prediction=3.4660287141670048 rho=1.0017413841082956 accept=1
  MFCG it 229 cost=1.784104e+06 lam=2.206e-07 tau=0.00e+00 cg_it=1 shift=0 ckpt=2 alpha=0 acc mv=648
PCG_PREP o=229 rebuild=1 drift=0 previous_depth=2
E2_CAP o=229 retry=0 touched=133 ncam=3068 raw=53204.39074240753 capped=137.55446848904765 radius=8654.3112787736627 median=0.32081714879582723 global_scale=1
POINT_SAFE o=229 frozen=82 slope=-25.380830547722496 candidate=1784108.7384734771 original=1784099.1456706021 current=1784104.4068020894 won=0 mode=1 camera_scale=1 keep_scale=0
ATTR_RADIUS o=229 raw_norm=53204.390742407544 norm=68.77723424452401 radius=8654.3112787736627 next_radius=8654.3112787736627 lambda=2.2057023690960322e-07 next_lambda=2.2057023690960322e-07 rho=1.0098727700427881 accept=1
CLASSICAL_LM o=229 lambda=2.2057023690960322e-07 tau=2.2057023690960322e-07 prediction=5.2096973434566376 rho=1.0098727700427881 accept=1
  MFCG it 230 cost=1.784099e+06 lam=2.206e-07 tau=0.00e+00 cg_it=1 shift=0 ckpt=2 alpha=0 acc mv=651
PCG_PREP o=230 rebuild=1 drift=0 previous_depth=2
E2_CAP o=230 retry=0 touched=223 ncam=3068 raw=48304.622218274671 capped=74.816910872970965 radius=8654.3112787736627 median=0.14599110441459551 global_scale=1
ATTR_RADIUS o=230 raw_norm=48304.622218274693 norm=74.816910872970951 radius=8654.3112787736627 next_radius=8654.3112787736627 lambda=2.2057023690960322e-07 next_lambda=2.2057023690960322e-07 rho=1.000399244388142 accept=1
CLASSICAL_LM o=230 lambda=2.2057023690960322e-07 tau=2.2057023690960322e-07 prediction=134.17135299667848 rho=1.000399244388142 accept=1
  MFCG it 231 cost=1.783965e+06 lam=2.206e-07 tau=0.00e+00 cg_it=0 shift=0 ckpt=1 alpha=0 acc mv=653
PCG_PREP o=231 rebuild=1 drift=0 previous_depth=1
E2_CAP o=231 retry=0 touched=133 ncam=3068 raw=53173.05537401772 capped=161.99434991538433 radius=8654.3112787736627 median=0.35805391768476735 global_scale=1
POINT_SAFE o=231 frozen=126 slope=-27.585718635787213 candidate=1783993.8938790469 original=1783961.5594202685 current=1783964.9207504457 won=0 mode=1 camera_scale=1 keep_scale=0
ATTR_RADIUS o=231 raw_norm=53173.05537401772 norm=40.498587478846176 radius=8654.3112787736627 next_radius=8654.3112787736627 lambda=2.2057023690960322e-07 next_lambda=2.2057023690960322e-07 rho=1.0016614909865607 accept=1
CLASSICAL_LM o=231 lambda=2.2057023690960322e-07 tau=2.2057023690960322e-07 prediction=3.3557546211132045 rho=1.0016614909865607 accept=1
  MFCG it 232 cost=1.783962e+06 lam=2.206e-07 tau=0.00e+00 cg_it=1 shift=0 ckpt=2 alpha=0 acc mv=656
PCG_PREP o=232 rebuild=1 drift=0 previous_depth=2
E2_CAP o=232 retry=0 touched=132 ncam=3068 raw=53200.71603873295 capped=136.27008808577526 radius=8654.3112787736627 median=0.31773198413611947 global_scale=1
POINT_SAFE o=232 frozen=81 slope=-24.65011673845348 candidate=1783966.4015065827 original=1783956.6085974856 current=1783961.5594202685 won=0 mode=1 camera_scale=1 keep_scale=0
ATTR_RADIUS o=232 raw_norm=53200.716038732877 norm=68.135044042887714 radius=8654.3112787736627 next_radius=8654.3112787736627 lambda=2.2057023690960322e-07 next_lambda=2.2057023690960322e-07 rho=1.0101928991271896 accept=1
CLASSICAL_LM o=232 lambda=2.2057023690960322e-07 tau=2.2057023690960322e-07 prediction=4.9008687224124259 rho=1.0101928991271896 accept=1
  MFCG it 233 cost=1.783957e+06 lam=2.206e-07 tau=0.00e+00 cg_it=1 shift=0 ckpt=2 alpha=0 acc mv=659
PCG_PREP o=233 rebuild=1 drift=0 previous_depth=2
E2_CAP o=233 retry=0 touched=224 ncam=3068 raw=48278.702050106287 capped=74.74781495925987 radius=8654.3112787736627 median=0.14560327811972953 global_scale=1
ATTR_RADIUS o=233 raw_norm=48278.702050106287 norm=74.747814959259983 radius=8654.3112787736627 next_radius=8654.3112787736627 lambda=2.2057023690960322e-07 next_lambda=2.2057023690960322e-07 rho=1.0004067020941987 accept=1
CLASSICAL_LM o=233 lambda=2.2057023690960322e-07 tau=2.2057023690960322e-07 prediction=133.75364618841999 rho=1.0004067020941987 accept=1
  MFCG it 234 cost=1.783823e+06 lam=2.206e-07 tau=0.00e+00 cg_it=0 shift=0 ckpt=1 alpha=0 acc mv=661
PCG_PREP o=234 rebuild=1 drift=0 previous_depth=1
E2_CAP o=234 retry=0 touched=132 ncam=3068 raw=53210.167709641057 capped=161.25573745118282 radius=8654.3112787736627 median=0.3564879747515971 global_scale=1
POINT_SAFE o=234 frozen=126 slope=-26.780868473828701 candidate=1783852.3692175818 original=1783819.6271767903 current=1783822.8005534091 won=0 mode=1 camera_scale=1 keep_scale=0
ATTR_RADIUS o=234 raw_norm=53210.16770964102 norm=40.313934362795735 radius=8654.3112787736627 next_radius=8654.3112787736627 lambda=2.2057023690960322e-07 next_lambda=2.2057023690960322e-07 rho=1.0017285040019703 accept=1
CLASSICAL_LM o=234 lambda=2.2057023690960322e-07 tau=2.2057023690960322e-07 prediction=3.167900889519125 rho=1.0017285040019703 accept=1
  MFCG it 235 cost=1.783820e+06 lam=2.206e-07 tau=0.00e+00 cg_it=1 shift=0 ckpt=2 alpha=0 acc mv=664
PCG_PREP o=235 rebuild=1 drift=0 previous_depth=2
E2_CAP o=235 retry=0 touched=222 ncam=3068 raw=48608.345068566661 capped=49.398424540669467 radius=8654.3112787736627 median=0.099206656218086803 global_scale=1
ATTR_RADIUS o=235 raw_norm=48608.345068566712 norm=49.398424540669545 radius=8654.3112787736627 next_radius=8654.3112787736627 lambda=2.2057023690960322e-07 next_lambda=2.2057023690960322e-07 rho=1.0006620900799796 accept=1
CLASSICAL_LM o=235 lambda=2.2057023690960322e-07 tau=2.2057023690960322e-07 prediction=87.430587499792367 rho=1.0006620900799796 accept=1
  MFCG it 236 cost=1.783732e+06 lam=2.206e-07 tau=0.00e+00 cg_it=0 shift=0 ckpt=1 alpha=0 acc mv=666
PCG_PREP o=236 rebuild=1 drift=0 previous_depth=1
E2_CAP o=236 retry=0 touched=142 ncam=3068 raw=53189.053533905106 capped=165.59142350807954 radius=8654.3112787736627 median=0.35504898756094017 global_scale=1
POINT_SAFE o=236 frozen=114 slope=-10.970418490474534 candidate=1783778.1204533237 original=1783731.6574633801 current=1783732.1387023658 won=0 mode=1 camera_scale=1 keep_scale=0
ATTR_RADIUS o=236 raw_norm=53189.053533905128 norm=20.698927938509957 radius=8654.3112787736627 next_radius=8654.3112787736627 lambda=2.2057023690960322e-07 next_lambda=2.2057023690960322e-07 rho=1.0036932369240026 accept=1
CLASSICAL_LM o=236 lambda=2.2057023690960322e-07 tau=2.2057023690960322e-07 prediction=0.47946819602157342 rho=1.0036932369240026 accept=1
  MFCG it 237 cost=1.783732e+06 lam=2.206e-07 tau=0.00e+00 cg_it=1 shift=0 ckpt=2 alpha=0 acc mv=669
PCG_PREP o=237 rebuild=1 drift=0 previous_depth=2
E2_CAP o=237 retry=0 touched=136 ncam=3068 raw=53176.537745251218 capped=150.35701683314565 radius=8654.3112787736627 median=0.3311770027443624 global_scale=1
POINT_SAFE o=237 frozen=87 slope=-8.206021359005053 candidate=1783765.2879709983 original=1783731.2855786821 current=1783731.6574633801 won=0 mode=1 camera_scale=1 keep_scale=0
ATTR_RADIUS o=237 raw_norm=53176.53774525124 norm=18.79462710414322 radius=8654.3112787736627 next_radius=8654.3112787736627 lambda=2.2057023690960322e-07 next_lambda=2.2057023690960322e-07 rho=1.0067622596793957 accept=1
CLASSICAL_LM o=237 lambda=2.2057023690960322e-07 tau=2.2057023690960322e-07 prediction=0.36938680852683237 rho=1.0067622596793957 accept=1
  MFCG it 238 cost=1.783731e+06 lam=2.206e-07 tau=0.00e+00 cg_it=1 shift=0 ckpt=2 alpha=0 acc mv=672
PCG_PREP o=238 rebuild=1 drift=0 previous_depth=2
E2_CAP o=238 retry=0 touched=133 ncam=3068 raw=53191.932677670302 capped=137.51507662702704 radius=8654.3112787736627 median=0.30862054047993936 global_scale=1
POINT_SAFE o=238 frozen=75 slope=-9.0380254899490229 candidate=1783753.2711462765 original=1783730.9653934904 current=1783731.2855786821 won=0 mode=1 camera_scale=1 keep_scale=0
ATTR_RADIUS o=238 raw_norm=53191.932677670331 norm=34.378769156756761 radius=8654.3112787736627 next_radius=8654.3112787736627 lambda=2.2057023690960322e-07 next_lambda=2.2057023690960322e-07 rho=1.0378323411634578 accept=1
CLASSICAL_LM o=238 lambda=2.2057023690960322e-07 tau=2.2057023690960322e-07 prediction=0.30851340722102316 rho=1.0378323411634578 accept=1
  MFCG it 239 cost=1.783731e+06 lam=2.206e-07 tau=0.00e+00 cg_it=1 shift=0 ckpt=2 alpha=0 acc mv=675
PCG_PREP o=239 rebuild=1 drift=0 previous_depth=2
E2_CAP o=239 retry=0 touched=212 ncam=3068 raw=48498.887640766821 capped=63.728938441652538 radius=8654.3112787736627 median=0.12691384971242575 global_scale=1
ATTR_RADIUS o=239 raw_norm=48498.887640766858 norm=63.728938441652325 radius=8654.3112787736627 next_radius=8654.3112787736627 lambda=2.2057023690960322e-07 next_lambda=2.2057023690960322e-07 rho=1.0004262592212425 accept=1
CLASSICAL_LM o=239 lambda=2.2057023690960322e-07 tau=2.2057023690960322e-07 prediction=110.17151289568335 rho=1.0004262592212425 accept=1
  MFCG it 240 cost=1.783621e+06 lam=2.206e-07 tau=0.00e+00 cg_it=0 shift=0 ckpt=1 alpha=0 acc mv=677
PCG_PREP o=240 rebuild=1 drift=0 previous_depth=1
E2_CAP o=240 retry=0 touched=142 ncam=3068 raw=53150.77428747162 capped=167.34245401036065 radius=8654.3112787736627 median=0.35606674331296784 global_scale=1
POINT_SAFE o=240 frozen=124 slope=-13.622794368578932 candidate=1783669.3474237134 original=1783620.0164071231 current=1783620.7469189714 won=0 mode=1 camera_scale=1 keep_scale=0
ATTR_RADIUS o=240 raw_norm=53150.774287471599 norm=20.917806751295082 radius=8654.3112787736627 next_radius=8654.3112787736627 lambda=2.2057023690960322e-07 next_lambda=2.2057023690960322e-07 rho=1.0019970271134551 accept=1
CLASSICAL_LM o=240 lambda=2.2057023690960322e-07 tau=2.2057023690960322e-07 prediction=0.72905590394172803 rho=1.0019970271134551 accept=1
  MFCG it 241 cost=1.783620e+06 lam=2.206e-07 tau=0.00e+00 cg_it=1 shift=0 ckpt=2 alpha=0 acc mv=680
PCG_PREP o=241 rebuild=1 drift=0 previous_depth=2
E2_CAP o=241 retry=0 touched=136 ncam=3068 raw=53172.268735299789 capped=152.00286546770894 radius=8654.3112787736627 median=0.33108962710949563 global_scale=1
POINT_SAFE o=241 frozen=103 slope=-8.9562769737868972 candidate=1783657.0666711533 original=1783619.6158548754 current=1783620.0164071231 won=0 mode=1 camera_scale=1 keep_scale=0
ATTR_RADIUS o=241 raw_norm=53172.268735299789 norm=19.000358183463632 radius=8654.3112787736627 next_radius=8654.3112787736627 lambda=2.2057023690960322e-07 next_lambda=2.2057023690960322e-07 rho=1.0058180089957289 accept=1
CLASSICAL_LM o=241 lambda=2.2057023690960322e-07 tau=2.2057023690960322e-07 prediction=0.39823531102893805 rho=1.0058180089957289 accept=1
  MFCG it 242 cost=1.783620e+06 lam=2.206e-07 tau=0.00e+00 cg_it=1 shift=0 ckpt=2 alpha=0 acc mv=683
PCG_PREP o=242 rebuild=1 drift=0 previous_depth=2
E2_CAP o=242 retry=0 touched=135 ncam=3068 raw=53169.061713190807 capped=141.24748135288905 radius=8654.3112787736627 median=0.31633405683014848 global_scale=1
POINT_SAFE o=242 frozen=84 slope=-10.125309557466576 candidate=1783643.8168279906 original=1783619.2304641185 current=1783619.6158548754 won=0 mode=1 camera_scale=1 keep_scale=0
ATTR_RADIUS o=242 raw_norm=53169.061713190807 norm=35.311870338222221 radius=8654.3112787736627 next_radius=8654.3112787736627 lambda=2.2057023690960322e-07 next_lambda=2.2057023690960322e-07 rho=1.030792771780467 accept=1
CLASSICAL_LM o=242 lambda=2.2057023690960322e-07 tau=2.2057023690960322e-07 prediction=0.37387801645030194 rho=1.030792771780467 accept=1
  MFCG it 243 cost=1.783619e+06 lam=2.206e-07 tau=0.00e+00 cg_it=1 shift=0 ckpt=2 alpha=0 acc mv=686
PCG_PREP o=243 rebuild=1 drift=0 previous_depth=2
E2_CAP o=243 retry=0 touched=210 ncam=3068 raw=48523.669511909015 capped=59.117940578385124 radius=8654.3112787736627 median=0.11836681116117326 global_scale=1
ATTR_RADIUS o=243 raw_norm=48523.669511909051 norm=59.117940578385159 radius=8654.3112787736627 next_radius=8654.3112787736627 lambda=2.2057023690960322e-07 next_lambda=2.2057023690960322e-07 rho=1.0005371183728629 accept=1
CLASSICAL_LM o=243 lambda=2.2057023690960322e-07 tau=2.2057023690960322e-07 prediction=103.19823093009632 rho=1.0005371183728629 accept=1
  MFCG it 244 cost=1.783516e+06 lam=2.206e-07 tau=0.00e+00 cg_it=0 shift=0 ckpt=1 alpha=0 acc mv=688
PCG_PREP o=244 rebuild=1 drift=0 previous_depth=1
E2_CAP o=244 retry=0 touched=141 ncam=3068 raw=53143.593573025806 capped=165.14904755261583 radius=8654.3112787736627 median=0.35150347370586821 global_scale=1
POINT_SAFE o=244 frozen=124 slope=-11.471443584905529 candidate=1783564.765411766 original=1783515.4845626981 current=1783515.9768035226 won=0 mode=1 camera_scale=1 keep_scale=0
ATTR_RADIUS o=244 raw_norm=53143.593573025828 norm=20.643630944077003 radius=8654.3112787736627 next_radius=8654.3112787736627 lambda=2.2057023690960322e-07 next_lambda=2.2057023690960322e-07 rho=1.003026284085397 accept=1
CLASSICAL_LM o=244 lambda=2.2057023690960322e-07 tau=2.2057023690960322e-07 prediction=0.49075565846479363 rho=1.003026284085397 accept=1
  MFCG it 245 cost=1.783515e+06 lam=2.206e-07 tau=0.00e+00 cg_it=1 shift=0 ckpt=2 alpha=0 acc mv=691
PCG_PREP o=245 rebuild=1 drift=0 previous_depth=2
E2_CAP o=245 retry=0 touched=136 ncam=3068 raw=53165.763869472488 capped=150.56570474215204 radius=8654.3112787736627 median=0.32818078542301377 global_scale=1
POINT_SAFE o=245 frozen=101 slope=-7.4509639640218204 candidate=1783552.5353707562 original=1783515.2486813199 current=1783515.4845626981 won=0 mode=1 camera_scale=1 keep_scale=0
ATTR_RADIUS o=245 raw_norm=53165.763869472474 norm=18.820713092768976 radius=8654.3112787736627 next_radius=8654.3112787736627 lambda=2.2057023690960322e-07 next_lambda=2.2057023690960322e-07 rho=1.0099530481867738 accept=1
CLASSICAL_LM o=245 lambda=2.2057023690960322e-07 tau=2.2057023690960322e-07 prediction=0.23355677632656491 rho=1.0099530481867738 accept=1
  MFCG it 246 cost=1.783515e+06 lam=2.206e-07 tau=0.00e+00 cg_it=1 shift=0 ckpt=2 alpha=0 acc mv=694
PCG_PREP o=246 rebuild=1 drift=0 previous_depth=2
E2_CAP o=246 retry=0 touched=135 ncam=3068 raw=53177.393209623922 capped=139.09573909170507 radius=8654.3112787736627 median=0.31088528178228936 global_scale=1
POINT_SAFE o=246 frozen=76 slope=-8.5016071787090919 candidate=1783539.8877892599 original=1783515.1950361477 current=1783515.2486813199 won=0 mode=1 camera_scale=1 keep_scale=0
ATTR_RADIUS o=246 raw_norm=53177.393209623944 norm=34.773934772926239 radius=8654.3112787736627 next_radius=8654.3112787736627 lambda=2.2057023690960322e-07 next_lambda=2.2057023690960322e-07 rho=1.2693380474113911 accept=1
CLASSICAL_LM o=246 lambda=2.2057023690960322e-07 tau=2.2057023690960322e-07 prediction=0.042262321109647782 rho=1.2693380474113911 accept=1
  MFCG it 247 cost=1.783515e+06 lam=2.206e-07 tau=0.00e+00 cg_it=1 shift=0 ckpt=2 alpha=0 acc mv=697
PCG_PREP o=247 rebuild=1 drift=0 previous_depth=2
E2_CAP o=247 retry=0 touched=210 ncam=3068 raw=48512.392107214422 capped=60.560773649178635 radius=8654.3112787736627 median=0.12063592927095913 global_scale=1
ATTR_RADIUS o=247 raw_norm=48512.392107214415 norm=60.560773649178643 radius=8654.3112787736627 next_radius=8654.3112787736627 lambda=2.2057023690960322e-07 next_lambda=2.2057023690960322e-07 rho=1.0005142415227171 accept=1
CLASSICAL_LM o=247 lambda=2.2057023690960322e-07 tau=2.2057023690960322e-07 prediction=104.7064229764983 rho=1.0005142415227171 accept=1
  MFCG it 248 cost=1.783410e+06 lam=2.206e-07 tau=0.00e+00 cg_it=0 shift=0 ckpt=1 alpha=0 acc mv=699
PCG_PREP o=248 rebuild=1 drift=0 previous_depth=1
E2_CAP o=248 retry=0 touched=143 ncam=3068 raw=53136.242760405607 capped=165.19050672219851 radius=8654.3112787736627 median=0.35102861270690977 global_scale=1
POINT_SAFE o=248 frozen=127 slope=-11.363649944660825 candidate=1783459.8523909827 original=1783409.9641696024 current=1783410.4347687808 won=0 mode=1 camera_scale=1 keep_scale=0
ATTR_RADIUS o=248 raw_norm=53136.242760405621 norm=20.648813340274806 radius=8654.3112787736627 next_radius=8654.3112787736627 lambda=2.2057023690960322e-07 next_lambda=2.2057023690960322e-07 rho=1.0031336364490018 accept=1
CLASSICAL_LM o=248 lambda=2.2057023690960322e-07 tau=2.2057023690960322e-07 prediction=0.46912909841555039 rho=1.0031336364490018 accept=1
  MFCG it 249 cost=1.783410e+06 lam=2.206e-07 tau=0.00e+00 cg_it=1 shift=0 ckpt=2 alpha=0 acc mv=702
PCG_PREP o=249 rebuild=1 drift=0 previous_depth=2
E2_CAP o=249 retry=0 touched=135 ncam=3068 raw=53152.355316684065 capped=150.68922558218048 radius=8654.3112787736627 median=0.32853306340430388 global_scale=1
POINT_SAFE o=249 frozen=103 slope=-7.1398083959850283 candidate=1783447.7749661189 original=1783409.7742313673 current=1783409.9641696024 won=0 mode=1 camera_scale=1 keep_scale=0
ATTR_RADIUS o=249 raw_norm=53152.355316684108 norm=18.836153197772532 radius=8654.3112787736627 next_radius=8654.3112787736627 lambda=2.2057023690960322e-07 next_lambda=2.2057023690960322e-07 rho=1.0123428889519965 accept=1
CLASSICAL_LM o=249 lambda=2.2057023690960322e-07 tau=2.2057023690960322e-07 prediction=0.18762243225046249 rho=1.0123428889519965 accept=1
  MFCG it 250 cost=1.783410e+06 lam=2.206e-07 tau=0.00e+00 cg_it=1 shift=0 ckpt=2 alpha=0 acc mv=705
PCG_PREP o=250 rebuild=1 drift=0 previous_depth=2
E2_CAP o=250 retry=0 touched=134 ncam=3068 raw=53178.707168166991 capped=138.96496469547449 radius=8654.3112787736627 median=0.30993714877596534 global_scale=1
POINT_SAFE o=250 frozen=76 slope=-8.0012684692184486 candidate=1783435.2628277182 original=1783409.2975218627 current=1783409.7742313673 won=0 mode=1 camera_scale=1 keep_scale=0
ATTR_RADIUS o=250 raw_norm=53178.707168167006 norm=17.370620586934297 radius=8654.3112787736627 next_radius=8654.3112787736627 lambda=2.2057023690960322e-07 next_lambda=2.2057023690960322e-07 rho=1.0059400999259414 accept=1
CLASSICAL_LM o=250 lambda=2.2057023690960322e-07 tau=2.2057023690960322e-07 prediction=0.47389452378614405 rho=1.0059400999259414 accept=1
  MFCG it 251 cost=1.783409e+06 lam=2.206e-07 tau=0.00e+00 cg_it=1 shift=0 ckpt=2 alpha=0 acc mv=708
PCG_PREP o=251 rebuild=1 drift=0 previous_depth=2
E2_CAP o=251 retry=0 touched=136 ncam=3068 raw=53161.389125966583 capped=130.81697822672635 radius=8654.3112787736627 median=0.29891376625801724 global_scale=1
POINT_SAFE o=251 frozen=64 slope=-11.955751721690486 candidate=1783422.6103015984 original=1783407.8883373716 current=1783409.2975218627 won=0 mode=1 camera_scale=1 keep_scale=0
ATTR_RADIUS o=251 raw_norm=53161.389125966583 norm=32.704244556681552 radius=8654.3112787736627 next_radius=8654.3112787736627 lambda=2.2057023690960322e-07 next_lambda=2.2057023690960322e-07 rho=1.0090161311952495 accept=1
CLASSICAL_LM o=251 lambda=2.2057023690960322e-07 tau=2.2057023690960322e-07 prediction=1.3965926286626682 rho=1.0090161311952495 accept=1
  MFCG it 252 cost=1.783408e+06 lam=2.206e-07 tau=0.00e+00 cg_it=1 shift=0 ckpt=2 alpha=0 acc mv=711
PCG_PREP o=252 rebuild=1 drift=0 previous_depth=2
E2_CAP o=252 retry=0 touched=216 ncam=3068 raw=48439.331270131544 capped=65.088229954335304 radius=8654.3112787736627 median=0.12878402760479862 global_scale=1
ATTR_RADIUS o=252 raw_norm=48439.331270131559 norm=65.088229954335389 radius=8654.3112787736627 next_radius=8654.3112787736627 lambda=2.2057023690960322e-07 next_lambda=2.2057023690960322e-07 rho=1.0004869704228911 accept=1
CLASSICAL_LM o=252 lambda=2.2057023690960322e-07 tau=2.2057023690960322e-07 prediction=112.69521853806818 rho=1.0004869704228911 accept=1
  MFCG it 253 cost=1.783295e+06 lam=2.206e-07 tau=0.00e+00 cg_it=0 shift=0 ckpt=1 alpha=0 acc mv=713
PCG_PREP o=253 rebuild=1 drift=0 previous_depth=1
E2_CAP o=253 retry=0 touched=139 ncam=3068 raw=53131.892822147172 capped=163.76548041986996 radius=8654.3112787736627 median=0.35033266645654831 global_scale=1
POINT_SAFE o=253 frozen=123 slope=-13.350528463732322 candidate=1783342.2645739636 original=1783294.4144735043 current=1783295.1382395953 won=0 mode=1 camera_scale=1 keep_scale=0
ATTR_RADIUS o=253 raw_norm=53131.89282214718 norm=20.470685052483724 radius=8654.3112787736627 next_radius=8654.3112787736627 lambda=2.2057023690960322e-07 next_lambda=2.2057023690960322e-07 rho=1.0019382064862825 accept=1
CLASSICAL_LM o=253 lambda=2.2057023690960322e-07 tau=2.2057023690960322e-07 prediction=0.72236599658680034 rho=1.0019382064862825 accept=1
  MFCG it 254 cost=1.783294e+06 lam=2.206e-07 tau=0.00e+00 cg_it=1 shift=0 ckpt=2 alpha=0 acc mv=716
PCG_PREP o=254 rebuild=1 drift=0 previous_depth=2
E2_CAP o=254 retry=0 touched=132 ncam=3068 raw=53151.667827402904 capped=149.30930898682041 radius=8654.3112787736627 median=0.32737458753157178 global_scale=1
POINT_SAFE o=254 frozen=108 slope=-9.4328344784449545 candidate=1783329.6195836493 original=1783293.9330175552 current=1783294.4144735043 won=0 mode=1 camera_scale=1 keep_scale=0
ATTR_RADIUS o=254 raw_norm=53151.667827402925 norm=18.663663623352502 radius=8654.3112787736627 next_radius=8654.3112787736627 lambda=2.2057023690960322e-07 next_lambda=2.2057023690960322e-07 rho=1.0047616475421706 accept=1
CLASSICAL_LM o=254 lambda=2.2057023690960322e-07 tau=2.2057023690960322e-07 prediction=0.47917429005461476 rho=1.0047616475421706 accept=1
  MFCG it 255 cost=1.783294e+06 lam=2.206e-07 tau=0.00e+00 cg_it=1 shift=0 ckpt=2 alpha=0 acc mv=719
PCG_PREP o=255 rebuild=1 drift=0 previous_depth=2
E2_CAP o=255 retry=0 touched=133 ncam=3068 raw=53156.871659840086 capped=136.99174341836692 radius=8654.3112787736627 median=0.30641103699225875 global_scale=1
POINT_SAFE o=255 frozen=86 slope=-9.4867927300373989 candidate=1783317.7138767324 original=1783293.6410706921 current=1783293.9330175552 won=0 mode=1 camera_scale=1 keep_scale=0
ATTR_RADIUS o=255 raw_norm=53156.871659840115 norm=34.247935854591681 radius=8654.3112787736627 next_radius=8654.3112787736627 lambda=2.2057023690960322e-07 next_lambda=2.2057023690960322e-07 rho=1.0400058546624995 accept=1
CLASSICAL_LM o=255 lambda=2.2057023690960322e-07 tau=2.2057023690960322e-07 prediction=0.28071655726576061 rho=1.0400058546624995 accept=1
  MFCG it 256 cost=1.783294e+06 lam=2.206e-07 tau=0.00e+00 cg_it=1 shift=0 ckpt=2 alpha=0 acc mv=722
PCG_PREP o=256 rebuild=1 drift=0 previous_depth=2
E2_CAP o=256 retry=0 touched=216 ncam=3068 raw=48493.312808499315 capped=59.154719598943053 radius=8654.3112787736627 median=0.11781466745705221 global_scale=1
ATTR_RADIUS o=256 raw_norm=48493.312808499351 norm=59.154719598943288 radius=8654.3112787736627 next_radius=8654.3112787736627 lambda=2.2057023690960322e-07 next_lambda=2.2057023690960322e-07 rho=1.0005721553933384 accept=1
CLASSICAL_LM o=256 lambda=2.2057023690960322e-07 tau=2.2057023690960322e-07 prediction=102.4621340309703 rho=1.0005721553933384 accept=1
  MFCG it 257 cost=1.783191e+06 lam=2.206e-07 tau=0.00e+00 cg_it=0 shift=0 ckpt=1 alpha=0 acc mv=724
PCG_PREP o=257 rebuild=1 drift=0 previous_depth=1
E2_CAP o=257 retry=0 touched=141 ncam=3068 raw=53127.972442095037 capped=162.67168033117323 radius=8654.3112787736627 median=0.34584403876175962 global_scale=1
POINT_SAFE o=257 frozen=127 slope=-10.283052014720422 candidate=1783240.279972598 original=1783190.7638886718 current=1783191.1203123985 won=0 mode=1 camera_scale=1 keep_scale=0
ATTR_RADIUS o=257 raw_norm=53127.972442095037 norm=20.333960041396683 radius=8654.3112787736627 next_radius=8654.3112787736627 lambda=2.2057023690960322e-07 next_lambda=2.2057023690960322e-07 rho=1.0041780223500858 accept=1
CLASSICAL_LM o=257 lambda=2.2057023690960322e-07 tau=2.2057023690960322e-07 prediction=0.35494077627479392 rho=1.0041780223500858 accept=1
  MFCG it 258 cost=1.783191e+06 lam=2.206e-07 tau=0.00e+00 cg_it=1 shift=0 ckpt=2 alpha=0 acc mv=727
PCG_PREP o=258 rebuild=1 drift=0 previous_depth=2
E2_CAP o=258 retry=0 touched=133 ncam=3068 raw=53135.929449791496 capped=149.19331644637327 radius=8654.3112787736627 median=0.3271323878233422 global_scale=1
POINT_SAFE o=258 frozen=103 slope=-7.0679721811193534 candidate=1783227.6116244104 original=1783190.5667917775 current=1783190.7638886718 won=0 mode=1 camera_scale=1 keep_scale=0
ATTR_RADIUS o=258 raw_norm=53135.929449791496 norm=18.649164555796681 radius=8654.3112787736627 next_radius=8654.3112787736627 lambda=2.2057023690960322e-07 next_lambda=2.2057023690960322e-07 rho=1.0120419163687318 accept=1
CLASSICAL_LM o=258 lambda=2.2057023690960322e-07 tau=2.2057023690960322e-07 prediction=0.19475171045242301 rho=1.0120419163687318 accept=1
  MFCG it 259 cost=1.783191e+06 lam=2.206e-07 tau=0.00e+00 cg_it=1 shift=0 ckpt=2 alpha=0 acc mv=730
PCG_PREP o=259 rebuild=1 drift=0 previous_depth=2
E2_CAP o=259 retry=0 touched=135 ncam=3068 raw=53142.493602992159 capped=136.11546660440126 radius=8654.3112787736627 median=0.30309732247997967 global_scale=1
POINT_SAFE o=259 frozen=75 slope=-6.9674272434608282 candidate=1783216.266591256 original=1783190.2064744334 current=1783190.5667917775 won=0 mode=1 camera_scale=1 keep_scale=0
ATTR_RADIUS o=259 raw_norm=53142.493602992159 norm=17.01443332555014 radius=8654.3112787736627 next_radius=8654.3112787736627 lambda=2.2057023690960322e-07 next_lambda=2.2057023690960322e-07 rho=1.0078541930509128 accept=1
CLASSICAL_LM o=259 lambda=2.2057023690960322e-07 tau=2.2057023690960322e-07 prediction=0.35750939626302902 rho=1.0078541930509128 accept=1
  MFCG it 260 cost=1.783190e+06 lam=2.206e-07 tau=0.00e+00 cg_it=1 shift=0 ckpt=2 alpha=0 acc mv=733
PCG_PREP o=260 rebuild=1 drift=0 previous_depth=2
E2_CAP o=260 retry=0 touched=135 ncam=3068 raw=53147.300151871903 capped=128.68103152786492 radius=8654.3112787736627 median=0.29469575453056862 global_scale=1
POINT_SAFE o=260 frozen=62 slope=-11.382756346578482 candidate=1783203.4604242097 original=1783188.9010173883 current=1783190.2064744334 won=0 mode=1 camera_scale=1 keep_scale=0
ATTR_RADIUS o=260 raw_norm=53147.300151871917 norm=32.170257881966151 radius=8654.3112787736627 next_radius=8654.3112787736627 lambda=2.2057023690960322e-07 next_lambda=2.2057023690960322e-07 rho=1.0097300951803165 accept=1
CLASSICAL_LM o=260 lambda=2.2057023690960322e-07 tau=2.2057023690960322e-07 prediction=1.2928772266198414 rho=1.0097300951803165 accept=1
  MFCG it 261 cost=1.783189e+06 lam=2.206e-07 tau=0.00e+00 cg_it=1 shift=0 ckpt=2 alpha=0 acc mv=736
PCG_PREP o=261 rebuild=1 drift=0 previous_depth=2
E2_CAP o=261 retry=0 touched=216 ncam=3068 raw=48418.556153938793 capped=65.473195920144661 radius=8654.3112787736627 median=0.1294301230106838 global_scale=1
ATTR_RADIUS o=261 raw_norm=48418.556153938851 norm=65.473195920144576 radius=8654.3112787736627 next_radius=8654.3112787736627 lambda=2.2057023690960322e-07 next_lambda=2.2057023690960322e-07 rho=1.0004980501655973 accept=1
CLASSICAL_LM o=261 lambda=2.2057023690960322e-07 tau=2.2057023690960322e-07 prediction=112.96561405917898 rho=1.0004980501655973 accept=1
  MFCG it 262 cost=1.783076e+06 lam=2.206e-07 tau=0.00e+00 cg_it=0 shift=0 ckpt=1 alpha=0 acc mv=738
PCG_PREP o=262 rebuild=1 drift=0 previous_depth=1
E2_CAP o=262 retry=0 touched=138 ncam=3068 raw=53110.233887297887 capped=162.2236795462251 radius=8654.3112787736627 median=0.34668338658625586 global_scale=1
POINT_SAFE o=262 frozen=120 slope=-12.320859314006386 candidate=1783123.8271662793 original=1783075.2808841518 current=1783075.8791407864 won=0 mode=1 camera_scale=1 keep_scale=0
ATTR_RADIUS o=262 raw_norm=53110.233887297851 norm=20.277959943278169 radius=8654.3112787736627 next_radius=8654.3112787736627 lambda=2.2057023690960322e-07 next_lambda=2.2057023690960322e-07 rho=1.0023220444199443 accept=1
CLASSICAL_LM o=262 lambda=2.2057023690960322e-07 tau=2.2057023690960322e-07 prediction=0.5968706743295511 rho=1.0023220444199443 accept=1
  MFCG it 263 cost=1.783075e+06 lam=2.206e-07 tau=0.00e+00 cg_it=1 shift=0 ckpt=2 alpha=0 acc mv=741
PCG_PREP o=263 rebuild=1 drift=0 previous_depth=2
E2_CAP o=263 retry=0 touched=131 ncam=3068 raw=53125.792045011032 capped=148.06895262444777 radius=8654.3112787736627 median=0.32534493346102666 global_scale=1
POINT_SAFE o=263 frozen=106 slope=-8.6389595388801705 candidate=1783111.1644280811 original=1783074.8969141142 current=1783075.2808841518 won=0 mode=1 camera_scale=1 keep_scale=0
ATTR_RADIUS o=263 raw_norm=53125.792045011061 norm=18.508619078055972 radius=8654.3112787736627 next_radius=8654.3112787736627 lambda=2.2057023690960322e-07 next_lambda=2.2057023690960322e-07 rho=1.0059624879022531 accept=1
CLASSICAL_LM o=263 lambda=2.2057023690960322e-07 tau=2.2057023690960322e-07 prediction=0.38169419057469867 rho=1.0059624879022531 accept=1
  MFCG it 264 cost=1.783075e+06 lam=2.206e-07 tau=0.00e+00 cg_it=1 shift=0 ckpt=2 alpha=0 acc mv=744
PCG_PREP o=264 rebuild=1 drift=0 previous_depth=2
E2_CAP o=264 retry=0 touched=134 ncam=3068 raw=53152.712506968164 capped=135.25091712746342 radius=8654.3112787736627 median=0.30228272895425679 global_scale=1
POINT_SAFE o=264 frozen=88 slope=-8.2636618733300633 candidate=1783099.8099996937 original=1783074.3825556734 current=1783074.8969141142 won=0 mode=1 camera_scale=1 keep_scale=0
ATTR_RADIUS o=264 raw_norm=53152.712506968157 norm=16.90636464093291 radius=8654.3112787736627 next_radius=8654.3112787736627 lambda=2.2057023690960322e-07 next_lambda=2.2057023690960322e-07 rho=1.0053547077486349 accept=1
CLASSICAL_LM o=264 lambda=2.2057023690960322e-07 tau=2.2057023690960322e-07 prediction=0.51161887134499351 rho=1.0053547077486349 accept=1
  MFCG it 265 cost=1.783074e+06 lam=2.206e-07 tau=0.00e+00 cg_it=1 shift=0 ckpt=2 alpha=0 acc mv=747
PCG_PREP o=265 rebuild=1 drift=0 previous_depth=2
E2_CAP o=265 retry=0 touched=134 ncam=3068 raw=53139.660711290169 capped=128.54103516457729 radius=8654.3112787736627 median=0.29608750579015536 global_scale=1
POINT_SAFE o=265 frozen=63 slope=-12.674278250439787 candidate=1783086.7740583448 original=1783074.3131857817 current=1783074.3825556734 won=0 mode=1 camera_scale=1 keep_scale=0
ATTR_RADIUS o=265 raw_norm=53139.660711290126 norm=64.270517582288647 radius=8654.3112787736627 next_radius=8654.3112787736627 lambda=2.2057023690960322e-07 next_lambda=2.2057023690960322e-07 rho=3.6742997799498536 accept=1
CLASSICAL_LM o=265 lambda=2.2057023690960322e-07 tau=2.2057023690960322e-07 prediction=0.018879758270396785 rho=3.6742997799498536 accept=1
  MFCG it 266 cost=1.783074e+06 lam=2.206e-07 tau=0.00e+00 cg_it=1 shift=0 ckpt=2 alpha=0 acc mv=750
PCG_PREP o=266 rebuild=1 drift=0 previous_depth=2
E2_CAP o=266 retry=0 touched=226 ncam=3068 raw=48234.048352883947 capped=76.097622067154703 radius=8654.3112787736627 median=0.14729888619277381 global_scale=1
ATTR_RADIUS o=266 raw_norm=48234.04835288394 norm=76.097622067155001 radius=8654.3112787736627 next_radius=8654.3112787736627 lambda=2.2057023690960322e-07 next_lambda=2.2057023690960322e-07 rho=1.0004417417464291 accept=1
CLASSICAL_LM o=266 lambda=2.2057023690960322e-07 tau=2.2057023690960322e-07 prediction=133.58777982788195 rho=1.0004417417464291 accept=1
  MFCG it 267 cost=1.782941e+06 lam=2.206e-07 tau=0.00e+00 cg_it=0 shift=0 ckpt=1 alpha=0 acc mv=752
PCG_PREP o=267 rebuild=1 drift=0 previous_depth=1
E2_CAP o=267 retry=0 touched=130 ncam=3068 raw=53115.444606668927 capped=158.5111306932445 radius=8654.3112787736627 median=0.34819805680547539 global_scale=1
POINT_SAFE o=267 frozen=129 slope=-19.955792704309385 candidate=1782978.0985424132 original=1782939.264581813 current=1782940.6663946547 won=0 mode=1 camera_scale=1 keep_scale=0
ATTR_RADIUS o=267 raw_norm=53115.444606668956 norm=39.627782673311231 radius=8654.3112787736627 next_radius=8654.3112787736627 lambda=2.2057023690960322e-07 next_lambda=2.2057023690960322e-07 rho=1.0036996480887885 accept=1
CLASSICAL_LM o=267 lambda=2.2057023690960322e-07 tau=2.2057023690960322e-07 prediction=1.3966457438929902 rho=1.0036996480887885 accept=1
  MFCG it 268 cost=1.782939e+06 lam=2.206e-07 tau=0.00e+00 cg_it=1 shift=0 ckpt=2 alpha=0 acc mv=755
PCG_PREP o=268 rebuild=1 drift=0 previous_depth=2
E2_CAP o=268 retry=0 touched=132 ncam=3068 raw=53126.59247095538 capped=131.61498060355379 radius=8654.3112787736627 median=0.30325309321451754 global_scale=1
POINT_SAFE o=268 frozen=94 slope=-15.95471385548009 candidate=1782953.3164647918 original=1782938.7903581532 current=1782939.264581813 won=0 mode=1 camera_scale=1 keep_scale=0
ATTR_RADIUS o=268 raw_norm=53126.592470955467 norm=65.807490301776895 radius=8654.3112787736627 next_radius=8654.3112787736627 lambda=2.2057023690960322e-07 next_lambda=2.2057023690960322e-07 rho=1.1105797706343141 accept=1
CLASSICAL_LM o=268 lambda=2.2057023690960322e-07 tau=2.2057023690960322e-07 prediction=0.4270054906264189 rho=1.1105797706343141 accept=1
  MFCG it 269 cost=1.782939e+06 lam=2.206e-07 tau=0.00e+00 cg_it=1 shift=0 ckpt=2 alpha=0 acc mv=758
PCG_PREP o=269 rebuild=1 drift=0 previous_depth=2
E2_CAP o=269 retry=0 touched=229 ncam=3068 raw=48230.719114958003 capped=71.69882868603996 radius=8654.3112787736627 median=0.13891138469360687 global_scale=1
ATTR_RADIUS o=269 raw_norm=48230.71911495801 norm=71.69882868603996 radius=8654.3112787736627 next_radius=8654.3112787736627 lambda=2.2057023690960322e-07 next_lambda=2.2057023690960322e-07 rho=1.0004770028492531 accept=1
CLASSICAL_LM o=269 lambda=2.2057023690960322e-07 tau=2.2057023690960322e-07 prediction=126.46902436064352 rho=1.0004770028492531 accept=1
  MFCG it 270 cost=1.782812e+06 lam=2.206e-07 tau=0.00e+00 cg_it=0 shift=0 ckpt=1 alpha=0 acc mv=760
PCG_PREP o=270 rebuild=1 drift=0 previous_depth=1
E2_CAP o=270 retry=0 touched=129 ncam=3068 raw=53110.066943995138 capped=155.91826959993526 radius=8654.3112787736627 median=0.34395656979981204 global_scale=1
POINT_SAFE o=270 frozen=132 slope=-19.486818131789693 candidate=1782847.7898669601 original=1782810.8282912895 current=1782812.2610077076 won=0 mode=1 camera_scale=1 keep_scale=0
ATTR_RADIUS o=270 raw_norm=53110.066943995145 norm=38.979567399983864 radius=8654.3112787736627 next_radius=8654.3112787736627 lambda=2.2057023690960322e-07 next_lambda=2.2057023690960322e-07 rho=1.0033533146023035 accept=1
CLASSICAL_LM o=270 lambda=2.2057023690960322e-07 tau=2.2057023690960322e-07 prediction=1.4279281258223202 rho=1.0033533146023035 accept=1
  MFCG it 271 cost=1.782811e+06 lam=2.206e-07 tau=0.00e+00 cg_it=1 shift=0 ckpt=2 alpha=0 acc mv=763
PCG_PREP o=271 rebuild=1 drift=0 previous_depth=2
E2_CAP o=271 retry=0 touched=132 ncam=3068 raw=53141.53208277237 capped=129.87953154344419 radius=8654.3112787736627 median=0.3010721302707508 global_scale=1
POINT_SAFE o=271 frozen=91 slope=-16.420690385069825 candidate=1782823.1050395083 original=1782809.7939888169 current=1782810.8282912895 won=0 mode=1 camera_scale=1 keep_scale=0
ATTR_RADIUS o=271 raw_norm=53141.532082772348 norm=64.93976577172208 radius=8654.3112787736627 next_radius=8654.3112787736627 lambda=2.2057023690960322e-07 next_lambda=2.2057023690960322e-07 rho=1.0461910256928135 accept=1
CLASSICAL_LM o=271 lambda=2.2057023690960322e-07 tau=2.2057023690960322e-07 prediction=0.9886363457549594 rho=1.0461910256928135 accept=1
  MFCG it 272 cost=1.782810e+06 lam=2.206e-07 tau=0.00e+00 cg_it=1 shift=0 ckpt=2 alpha=0 acc mv=766
PCG_PREP o=272 rebuild=1 drift=0 previous_depth=2
E2_CAP o=272 retry=0 touched=227 ncam=3068 raw=48201.05040657652 capped=72.517911878842042 radius=8654.3112787736627 median=0.14024985185888778 global_scale=1
ATTR_RADIUS o=272 raw_norm=48201.050406576491 norm=72.517911878842185 radius=8654.3112787736627 next_radius=8654.3112787736627 lambda=2.2057023690960322e-07 next_lambda=2.2057023690960322e-07 rho=1.0004508225826776 accept=1
CLASSICAL_LM o=272 lambda=2.2057023690960322e-07 tau=2.2057023690960322e-07 prediction=127.71791648992455 rho=1.0004508225826776 accept=1
  MFCG it 273 cost=1.782682e+06 lam=2.206e-07 tau=0.00e+00 cg_it=0 shift=0 ckpt=1 alpha=0 acc mv=768
PCG_PREP o=273 rebuild=1 drift=0 previous_depth=1
E2_CAP o=273 retry=0 touched=128 ncam=3068 raw=53087.884961729244 capped=155.74435922599662 radius=8654.3112787736627 median=0.34475191096636904 global_scale=1
POINT_SAFE o=273 frozen=133 slope=-19.732714679516725 candidate=1782717.3773703959 original=1782680.529069077 current=1782682.018494206 won=0 mode=1 camera_scale=1 keep_scale=0
ATTR_RADIUS o=273 raw_norm=53087.884961729185 norm=38.936089806499076 radius=8654.3112787736627 next_radius=8654.3112787736627 lambda=2.2057023690960322e-07 next_lambda=2.2057023690960322e-07 rho=1.0032805077348383 accept=1
CLASSICAL_LM o=273 lambda=2.2057023690960322e-07 tau=2.2057023690960322e-07 prediction=1.4845550347500214 rho=1.0032805077348383 accept=1
  MFCG it 274 cost=1.782681e+06 lam=2.206e-07 tau=0.00e+00 cg_it=1 shift=0 ckpt=2 alpha=0 acc mv=771
PCG_PREP o=274 rebuild=1 drift=0 previous_depth=2
E2_CAP o=274 retry=0 touched=131 ncam=3068 raw=53133.25836604691 capped=129.17666779453077 radius=8654.3112787736627 median=0.29917451160564407 global_scale=1
POINT_SAFE o=274 frozen=91 slope=-16.042383441856153 candidate=1782693.1988984742 original=1782679.6877512725 current=1782680.529069077 won=0 mode=1 camera_scale=1 keep_scale=0
ATTR_RADIUS o=274 raw_norm=53133.258366046866 norm=64.588333897265471 radius=8654.3112787736627 next_radius=8654.3112787736627 lambda=2.2057023690960322e-07 next_lambda=2.2057023690960322e-07 rho=1.0572014046103206 accept=1
CLASSICAL_LM o=274 lambda=2.2057023690960322e-07 tau=2.2057023690960322e-07 prediction=0.79579709302445423 rho=1.0572014046103206 accept=1
  MFCG it 275 cost=1.782680e+06 lam=2.206e-07 tau=0.00e+00 cg_it=1 shift=0 ckpt=2 alpha=0 acc mv=774
PCG_PREP o=275 rebuild=1 drift=0 previous_depth=2
E2_CAP o=275 retry=0 touched=226 ncam=3068 raw=48182.820659862045 capped=72.024943790009758 radius=8654.3112787736627 median=0.13955633621851238 global_scale=1
ATTR_RADIUS o=275 raw_norm=48182.820659862133 norm=72.0249437900099 radius=8654.3112787736627 next_radius=8654.3112787736627 lambda=2.2057023690960322e-07 next_lambda=2.2057023690960322e-07 rho=1.0004428318339142 accept=1
CLASSICAL_LM o=275 lambda=2.2057023690960322e-07 tau=2.2057023690960322e-07 prediction=127.1229746524596 rho=1.0004428318339142 accept=1
  MFCG it 276 cost=1.782553e+06 lam=2.206e-07 tau=0.00e+00 cg_it=0 shift=0 ckpt=1 alpha=0 acc mv=776
PCG_PREP o=276 rebuild=1 drift=0 previous_depth=1
E2_CAP o=276 retry=0 touched=128 ncam=3068 raw=53080.312663793185 capped=155.04843909457597 radius=8654.3112787736627 median=0.34305482068567117 global_scale=1
POINT_SAFE o=276 frozen=134 slope=-19.011463830991765 candidate=1782588.3343308929 original=1782551.1834900307 current=1782552.50848252 won=0 mode=1 camera_scale=1 keep_scale=0
ATTR_RADIUS o=276 raw_norm=53080.3126637932 norm=38.762109773643935 radius=8654.3112787736627 next_radius=8654.3112787736627 lambda=2.2057023690960322e-07 next_lambda=2.2057023690960322e-07 rho=1.0036819633626524 accept=1
CLASSICAL_LM o=276 lambda=2.2057023690960322e-07 tau=2.2057023690960322e-07 prediction=1.3201318123356391 rho=1.0036819633626524 accept=1
  MFCG it 277 cost=1.782551e+06 lam=2.206e-07 tau=0.00e+00 cg_it=1 shift=0 ckpt=2 alpha=0 acc mv=779
PCG_PREP o=277 rebuild=1 drift=0 previous_depth=2
E2_CAP o=277 retry=0 touched=131 ncam=3068 raw=53117.495836546885 capped=128.25509714998941 radius=8654.3112787736627 median=0.29713899776806307 global_scale=1
POINT_SAFE o=277 frozen=91 slope=-15.266161656899509 candidate=1782564.4688818927 original=1782550.6902380316 current=1782551.1834900307 won=0 mode=1 camera_scale=1 keep_scale=0
ATTR_RADIUS o=277 raw_norm=53117.49583654687 norm=64.127548574994606 radius=8654.3112787736627 next_radius=8654.3112787736627 lambda=2.2057023690960322e-07 next_lambda=2.2057023690960322e-07 rho=1.101653010912053 accept=1
CLASSICAL_LM o=277 lambda=2.2057023690960322e-07 tau=2.2057023690960322e-07 prediction=0.447738075651686 rho=1.101653010912053 accept=1
  MFCG it 278 cost=1.782551e+06 lam=2.206e-07 tau=0.00e+00 cg_it=1 shift=0 ckpt=2 alpha=0 acc mv=782
PCG_PREP o=278 rebuild=1 drift=0 previous_depth=2
E2_CAP o=278 retry=0 touched=227 ncam=3068 raw=48162.611947462974 capped=72.049892463282589 radius=8654.3112787736627 median=0.13955046613221603 global_scale=1
ATTR_RADIUS o=278 raw_norm=48162.611947462974 norm=72.049892463282319 radius=8654.3112787736627 next_radius=8654.3112787736627 lambda=2.2057023690960322e-07 next_lambda=2.2057023690960322e-07 rho=1.0004419979270194 accept=1
CLASSICAL_LM o=278 lambda=2.2057023690960322e-07 tau=2.2057023690960322e-07 prediction=127.05273632092022 rho=1.0004419979270194 accept=1
  MFCG it 279 cost=1.782424e+06 lam=2.206e-07 tau=0.00e+00 cg_it=0 shift=0 ckpt=1 alpha=0 acc mv=784
PCG_PREP o=279 rebuild=1 drift=0 previous_depth=1
E2_CAP o=279 retry=0 touched=129 ncam=3068 raw=53067.881827235302 capped=154.73564800299565 radius=8654.3112787736627 median=0.34162508000591496 global_scale=1
POINT_SAFE o=279 frozen=134 slope=-18.305702119496221 candidate=1782460.071416239 original=1782422.4302025186 current=1782423.5813446646 won=0 mode=1 camera_scale=1 keep_scale=0
ATTR_RADIUS o=279 raw_norm=53067.881827235353 norm=38.683912000748812 radius=8654.3112787736627 next_radius=8654.3112787736627 lambda=2.2057023690960322e-07 next_lambda=2.2057023690960322e-07 rho=1.0044573627315625 accept=1
CLASSICAL_LM o=279 lambda=2.2057023690960322e-07 tau=2.2057023690960322e-07 prediction=1.1460338573677591 rho=1.0044573627315625 accept=1
  MFCG it 280 cost=1.782422e+06 lam=2.206e-07 tau=0.00e+00 cg_it=1 shift=0 ckpt=2 alpha=0 acc mv=787
PCG_PREP o=280 rebuild=1 drift=0 previous_depth=2
E2_CAP o=280 retry=0 touched=219 ncam=3068 raw=48478.93555901412 capped=47.180356415192776 radius=8654.3112787736627 median=0.094392768909937447 global_scale=1
ATTR_RADIUS o=280 raw_norm=48478.935559014084 norm=47.18035641519262 radius=8654.3112787736627 next_radius=8654.3112787736627 lambda=2.2057023690960322e-07 next_lambda=2.2057023690960322e-07 rho=1.000607789925974 accept=1
CLASSICAL_LM o=280 lambda=2.2057023690960322e-07 tau=2.2057023690960322e-07 prediction=81.997165610058531 rho=1.000607789925974 accept=1
  MFCG it 281 cost=1.782340e+06 lam=2.206e-07 tau=0.00e+00 cg_it=0 shift=0 ckpt=1 alpha=0 acc mv=789
PCG_PREP o=281 rebuild=1 drift=0 previous_depth=1
E2_CAP o=281 retry=0 touched=141 ncam=3068 raw=53067.086370581281 capped=157.59137422423296 radius=8654.3112787736627 median=0.3353238474276522 global_scale=1
POINT_SAFE o=281 frozen=114 slope=-3.3729979102653997 candidate=1782392.7288015373 original=1782340.3322378555 current=1782340.3831998573 won=0 mode=1 camera_scale=1 keep_scale=0
ATTR_RADIUS o=281 raw_norm=53067.086370581295 norm=4.9247304445072819 radius=8654.3112787736627 next_radius=8654.3112787736627 lambda=2.2057023690960322e-07 next_lambda=2.2057023690960322e-07 rho=1.0017944975109092 accept=1
CLASSICAL_LM o=281 lambda=2.2057023690960322e-07 tau=2.2057023690960322e-07 prediction=0.050870714413380314 rho=1.0017944975109092 accept=1
  MFCG it 282 cost=1.782340e+06 lam=2.206e-07 tau=0.00e+00 cg_it=1 shift=0 ckpt=2 alpha=0 acc mv=792
PCG_PREP o=282 rebuild=1 drift=0 previous_depth=2
E2_CAP o=282 retry=0 touched=139 ncam=3068 raw=53096.979747570993 capped=155.19436253307686 radius=8654.3112787736627 median=0.33339342514912002 global_scale=1
POINT_SAFE o=282 frozen=108 slope=-2.4896364000526328 candidate=1782389.7037900102 original=1782340.305124165 current=1782340.3322378555 won=0 mode=1 camera_scale=1 keep_scale=0
ATTR_RADIUS o=282 raw_norm=53096.979747570978 norm=4.8498238291586606 radius=8654.3112787736627 next_radius=8654.3112787736627 lambda=2.2057023690960322e-07 next_lambda=2.2057023690960322e-07 rho=1.0039094833182147 accept=1
CLASSICAL_LM o=282 lambda=2.2057023690960322e-07 tau=2.2057023690960322e-07 prediction=0.027008102779394229 rho=1.0039094833182147 accept=1
  MFCG it 283 cost=1.782340e+06 lam=2.206e-07 tau=0.00e+00 cg_it=1 shift=0 ckpt=2 alpha=0 acc mv=795
PCG_PREP o=283 rebuild=1 drift=0 previous_depth=2
E2_CAP o=283 retry=0 touched=138 ncam=3068 raw=53081.78093725317 capped=151.1691935848701 radius=8654.3112787736627 median=0.32596071251032066 global_scale=1
POINT_SAFE o=283 frozen=111 slope=-1.2670018938164711 candidate=1782387.2686043191 original=1782340.2971236259 current=1782340.305124165 won=0 mode=1 camera_scale=1 keep_scale=0
ATTR_RADIUS o=283 raw_norm=53081.780937253126 norm=2.3620186497635998 radius=8654.3112787736627 next_radius=8654.3112787736627 lambda=2.2057023690960322e-07 next_lambda=2.2057023690960322e-07 rho=1.0036443425646644 accept=1
CLASSICAL_LM o=283 lambda=2.2057023690960322e-07 tau=2.2057023690960322e-07 prediction=0.0079714883159156102 rho=1.0036443425646644 accept=1
  MFCG it 284 cost=1.782340e+06 lam=2.206e-07 tau=0.00e+00 cg_it=1 shift=0 ckpt=2 alpha=0 acc mv=798
PCG_PREP o=284 rebuild=1 drift=0 previous_depth=2
E2_CAP o=284 retry=0 touched=134 ncam=3068 raw=53089.523271200043 capped=149.79138697065289 radius=8654.3112787736627 median=0.32451402230812598 global_scale=1
POINT_SAFE o=284 frozen=106 slope=-1.0870138489126795 candidate=1782385.7648985987 original=1782340.2915283027 current=1782340.2971236259 won=0 mode=1 camera_scale=1 keep_scale=0
ATTR_RADIUS o=284 raw_norm=53089.523271200036 norm=2.3404904214164493 radius=8654.3112787736627 next_radius=8654.3112787736627 lambda=2.2057023690960322e-07 next_lambda=2.2057023690960322e-07 rho=1.0054693317288053 accept=1
CLASSICAL_LM o=284 lambda=2.2057023690960322e-07 tau=2.2057023690960322e-07 prediction=0.0055648869512463419 rho=1.0054693317288053 accept=1
  MFCG it 285 cost=1.782340e+06 lam=2.206e-07 tau=0.00e+00 cg_it=1 shift=0 ckpt=2 alpha=0 acc mv=801
PCG_PREP o=285 rebuild=1 drift=0 previous_depth=2
E2_CAP o=285 retry=0 touched=134 ncam=3068 raw=53076.493205262908 capped=147.60391586648731 radius=8654.3112787736627 median=0.31988924870062008 global_scale=1
POINT_SAFE o=285 frozen=107 slope=-0.48492152359212348 candidate=1782384.7220321442 original=1782340.2904927614 current=1782340.2915283027 won=0 mode=1 camera_scale=1 keep_scale=0
ATTR_RADIUS o=285 raw_norm=53076.49320526293 norm=1.1531555927069328 radius=8654.3112787736627 next_radius=8654.3112787736627 lambda=2.2057023690960322e-07 next_lambda=2.2057023690960322e-07 rho=1.0076401388449232 accept=1
CLASSICAL_LM o=285 lambda=2.2057023690960322e-07 tau=2.2057023690960322e-07 prediction=0.001027689604735585 rho=1.0076401388449232 accept=1
  MFCG it 286 cost=1.782340e+06 lam=2.206e-07 tau=0.00e+00 cg_it=1 shift=0 ckpt=2 alpha=0 acc mv=804
PCG_PREP o=286 rebuild=1 drift=0 previous_depth=2
E2_CAP o=286 retry=0 touched=132 ncam=3068 raw=53088.967727706317 capped=146.36065850903839 radius=8654.3112787736627 median=0.31761424145692185 global_scale=1
POINT_SAFE o=286 frozen=107 slope=-0.20171615494470052 candidate=1782384.2076691217 original=1782340.2903836889 current=1782340.2904927614 won=0 mode=1 camera_scale=1 keep_scale=0
ATTR_RADIUS o=286 raw_norm=53088.967727706309 norm=0.5717213223009312 radius=8654.3112787736627 next_radius=8654.3112787736627 lambda=2.2057023690960322e-07 next_lambda=2.2057023690960322e-07 rho=1.0186394965824987 accept=1
CLASSICAL_LM o=286 lambda=2.2057023690960322e-07 tau=2.2057023690960322e-07 prediction=0.00010707668628985763 rho=1.0186394965824987 accept=1
  MFCG it 287 cost=1.782340e+06 lam=2.206e-07 tau=0.00e+00 cg_it=1 shift=0 ckpt=2 alpha=0 acc mv=807
PCG_PREP o=287 rebuild=1 drift=0 previous_depth=2
E2_CAP o=287 retry=0 touched=133 ncam=3068 raw=53074.954683248492 capped=146.22276709043405 radius=8654.3112787736627 median=0.31735697098401894 global_scale=1
POINT_SAFE o=287 frozen=108 slope=-0.19861411943780563 candidate=1782383.8271204669 original=1782340.29028117 current=1782340.2903836889 won=0 mode=1 camera_scale=1 keep_scale=0
ATTR_RADIUS o=287 raw_norm=53074.954683248463 norm=0.57118268394700689 radius=8654.3112787736627 next_radius=8654.3112787736627 lambda=2.2057023690960322e-07 next_lambda=2.2057023690960322e-07 rho=1.0200087924780161 accept=1
CLASSICAL_LM o=287 lambda=2.2057023690960322e-07 tau=2.2057023690960322e-07 prediction=0.00010050778543917616 rho=1.0200087924780161 accept=1
  MFCG it 288 cost=1.782340e+06 lam=2.206e-07 tau=0.00e+00 cg_it=1 shift=0 ckpt=2 alpha=0 acc mv=810
PCG_PREP o=288 rebuild=1 drift=0 previous_depth=2
E2_CAP o=288 retry=0 touched=133 ncam=3068 raw=53073.706802218752 capped=145.51296615300686 radius=8654.3112787736627 median=0.31558243287979437 global_scale=1
ATTR_RADIUS o=288 raw_norm=53073.706802218723 norm=145.51296615300663 radius=8654.3112787736627 next_radius=2163.5778196934157 lambda=2.2057023690960322e-07 next_lambda=3.5291237905536516e-06 rho=-1 accept=0
CLASSICAL_LM o=288 lambda=2.2057023690960322e-07 tau=2.2057023690960322e-07 prediction=-43.512224260823011 rho=-1 accept=0
  MFCG it 289  retry 1/8  lam=3.529e-06 tau_eff=2.206e-07  (assembly reused)
PCG_PREP o=288 rebuild=1 drift=0 previous_depth=2
E2_CAP o=288 retry=1 touched=203 ncam=3068 raw=15377.629600057406 capped=38.852933838249939 radius=2163.5778196934157 median=0.081792821432239898 global_scale=1
ATTR_RADIUS o=288 raw_norm=15377.629600057395 norm=38.852933838249868 radius=2163.5778196934157 next_radius=2163.5778196934157 lambda=3.5291237905536516e-06 next_lambda=3.529123790553652e-07 rho=1.000386205481496 accept=1
CLASSICAL_LM o=288 lambda=3.5291237905536516e-06 tau=3.5291237905536516e-06 prediction=72.480659123468939 rho=1.000386205481496 accept=1
  MFCG it 289 cost=1.782268e+06 lam=3.529e-07 tau=0.00e+00 cg_it=0 shift=0 ckpt=1 alpha=0 acc mv=815
PCG_PREP o=289 rebuild=1 drift=0 previous_depth=1
E2_CAP o=289 retry=0 touched=165 ncam=3068 raw=46014.575861290679 capped=159.02052167615614 radius=2163.5778196934157 median=0.33294344520174157 global_scale=1
POINT_SAFE o=289 frozen=105 slope=-6.6593850459629325 candidate=1782320.4204457353 original=1782267.5971841426 current=1782267.7816296187 won=0 mode=1 camera_scale=1 keep_scale=0
ATTR_RADIUS o=289 raw_norm=46014.575861290701 norm=9.9387826047597514 radius=2163.5778196934157 next_radius=2163.5778196934157 lambda=3.529123790553652e-07 next_lambda=2.2057023690960322e-07 rho=1.0020958588137656 accept=1
CLASSICAL_LM o=289 lambda=3.529123790553652e-07 tau=3.529123790553652e-07 prediction=0.18405971298772889 rho=1.0020958588137656 accept=1
  MFCG it 290 cost=1.782268e+06 lam=2.206e-07 tau=0.00e+00 cg_it=1 shift=0 ckpt=2 alpha=0 acc mv=818
PCG_PREP o=290 rebuild=1 drift=0 previous_depth=2
E2_CAP o=290 retry=0 touched=156 ncam=3068 raw=53084.216628573835 capped=157.32339996325217 radius=2163.5778196934157 median=0.32899200346914548 global_scale=1
ATTR_RADIUS o=290 raw_norm=53084.216628573857 norm=157.32339996325234 radius=2163.5778196934157 next_radius=540.89445492335392 lambda=2.2057023690960322e-07 next_lambda=3.5291237905536516e-06 rho=-1 accept=0
CLASSICAL_LM o=290 lambda=2.2057023690960322e-07 tau=2.2057023690960322e-07 prediction=-61.090737751355888 rho=-1 accept=0
  MFCG it 291  retry 1/8  lam=3.529e-06 tau_eff=2.206e-07  (assembly reused)
PCG_PREP o=290 rebuild=1 drift=0 previous_depth=2
E2_CAP o=290 retry=1 touched=196 ncam=3068 raw=15440.53063199761 capped=33.95510698266402 radius=540.89445492335392 median=0.071719008207563231 global_scale=1
ATTR_RADIUS o=290 raw_norm=15440.530631997613 norm=33.955106982664034 radius=540.89445492335392 next_radius=540.89445492335392 lambda=3.5291237905536516e-06 next_lambda=3.529123790553652e-07 rho=1.000349721663971 accept=1
CLASSICAL_LM o=290 lambda=3.5291237905536516e-06 tau=3.5291237905536516e-06 prediction=63.192869692228719 rho=1.000349721663971 accept=1
  MFCG it 291 cost=1.782204e+06 lam=3.529e-07 tau=0.00e+00 cg_it=0 shift=0 ckpt=1 alpha=0 acc mv=823
PCG_PREP o=291 rebuild=1 drift=0 previous_depth=1
E2_CAP o=291 retry=0 touched=177 ncam=3068 raw=46006.121351631082 capped=162.91186556446419 radius=540.89445492335392 median=0.33688675841754412 global_scale=1
POINT_SAFE o=291 frozen=114 slope=-6.5707504491839037 candidate=1782258.1825166442 original=1782204.2074969017 current=1782204.3822145348 won=0 mode=1 camera_scale=1 keep_scale=0
ATTR_RADIUS o=291 raw_norm=46006.121351631096 norm=10.181991597779039 radius=540.89445492335392 next_radius=540.89445492335392 lambda=3.529123790553652e-07 next_lambda=2.2057023690960322e-07 rho=1.0022054301316552 accept=1
CLASSICAL_LM o=291 lambda=3.529123790553652e-07 tau=3.529123790553652e-07 prediction=0.17433315346406428 rho=1.0022054301316552 accept=1
  MFCG it 292 cost=1.782204e+06 lam=2.206e-07 tau=0.00e+00 cg_it=1 shift=0 ckpt=2 alpha=0 acc mv=826
PCG_PREP o=292 rebuild=1 drift=0 previous_depth=2
E2_CAP o=292 retry=0 touched=178 ncam=3068 raw=53041.277147098328 capped=159.58097319104104 radius=540.89445492335392 median=0.32927513817605436 global_scale=1
ATTR_RADIUS o=292 raw_norm=53041.277147098328 norm=159.58097319104067 radius=540.89445492335392 next_radius=135.22361373083848 lambda=2.2057023690960322e-07 next_lambda=3.5291237905536516e-06 rho=-1 accept=0
CLASSICAL_LM o=292 lambda=2.2057023690960322e-07 tau=2.2057023690960322e-07 prediction=-60.37475989414235 rho=-1 accept=0
  MFCG it 293  retry 1/8  lam=3.529e-06 tau_eff=2.206e-07  (assembly reused)
PCG_PREP o=292 rebuild=1 drift=0 previous_depth=2
E2_CAP o=292 retry=1 touched=191 ncam=3068 raw=15489.918686139079 capped=32.940930751497824 radius=135.22361373083848 median=0.070997754551970549 global_scale=1
ATTR_RADIUS o=292 raw_norm=15489.918686139077 norm=32.940930751497767 radius=135.22361373083848 next_radius=135.22361373083848 lambda=3.5291237905536516e-06 next_lambda=3.529123790553652e-07 rho=1.0003147612071484 accept=1
CLASSICAL_LM o=292 lambda=3.5291237905536516e-06 tau=3.5291237905536516e-06 prediction=61.35202948275181 rho=1.0003147612071484 accept=1
  MFCG it 293 cost=1.782143e+06 lam=3.529e-07 tau=0.00e+00 cg_it=0 shift=0 ckpt=1 alpha=0 acc mv=831
PCG_PREP o=293 rebuild=1 drift=0 previous_depth=1
E2_CAP o=293 retry=0 touched=184 ncam=3068 raw=45990.336884995537 capped=164.45542448746889 radius=135.22361373083848 median=0.33749479060621829 global_scale=0.82225085704693313
POINT_SAFE o=293 frozen=109 slope=-11.263481784608164 candidate=1782172.5239073767 original=1782142.58043925 current=1782142.8361561801 won=0 mode=1 camera_scale=1 keep_scale=0
ATTR_RADIUS o=293 raw_norm=45990.336884995544 norm=33.805903432709627 radius=135.22361373083848 next_radius=135.22361373083848 lambda=3.529123790553652e-07 next_lambda=2.2057023690960322e-07 rho=1.0196354462063031 accept=1
CLASSICAL_LM o=293 lambda=3.529123790553652e-07 tau=3.529123790553652e-07 prediction=0.2507925073563948 rho=1.0196354462063031 accept=1
  MFCG it 294 cost=1.782143e+06 lam=2.206e-07 tau=0.00e+00 cg_it=1 shift=0 ckpt=2 alpha=0 acc mv=834
PCG_PREP o=294 rebuild=1 drift=0 previous_depth=2
E2_CAP o=294 retry=0 touched=177 ncam=3068 raw=53040.802507364693 capped=147.53630958328645 radius=135.22361373083848 median=0.30944317864743665 global_scale=0.91654463984340562
ATTR_RADIUS o=294 raw_norm=53040.802507364686 norm=135.22361373083871 radius=135.22361373083848 next_radius=33.80590343270962 lambda=2.2057023690960322e-07 next_lambda=3.5291237905536516e-06 rho=-1 accept=0
CLASSICAL_LM o=294 lambda=2.2057023690960322e-07 tau=2.2057023690960322e-07 prediction=-42.639080500762333 rho=-1 accept=0
  MFCG it 295  retry 1/8  lam=3.529e-06 tau_eff=2.206e-07  (assembly reused)
PCG_PREP o=294 rebuild=1 drift=0 previous_depth=2
E2_CAP o=294 retry=1 touched=185 ncam=3068 raw=15492.854207498238 capped=42.116696047625354 radius=33.80590343270962 median=0.089687613833691865 global_scale=0.80267225602127168
ATTR_RADIUS o=294 raw_norm=15492.854207498227 norm=33.805903432709549 radius=33.80590343270962 next_radius=67.61180686541924 lambda=3.5291237905536516e-06 next_lambda=8.8228094763841289e-07 rho=1.0003292346408863 accept=1
CLASSICAL_LM o=294 lambda=3.5291237905536516e-06 tau=3.5291237905536516e-06 prediction=60.24565953265963 rho=1.0003292346408863 accept=1
  MFCG it 295 cost=1.782082e+06 lam=8.823e-07 tau=0.00e+00 cg_it=0 shift=0 ckpt=1 alpha=0 acc mv=839
PCG_PREP o=295 rebuild=1 drift=0 previous_depth=1
E2_CAP o=295 retry=0 touched=178 ncam=3068 raw=34802.554610604144 capped=152.49621977314249 radius=67.61180686541924 median=0.31702090305508424 global_scale=0.4433671009419145
ATTR_RADIUS o=295 raw_norm=34802.554610604158 norm=67.611806865419155 radius=67.61180686541924 next_radius=135.22361373083848 lambda=8.8228094763841289e-07 next_lambda=2.2057023690960322e-07 rho=1.0073568446359946 accept=1
CLASSICAL_LM o=295 lambda=8.8228094763841289e-07 tau=8.8228094763841289e-07 prediction=4.3684887960647778 rho=1.0073568446359946 accept=1
  MFCG it 296 cost=1.782078e+06 lam=2.206e-07 tau=0.00e+00 cg_it=1 shift=0 ckpt=2 alpha=0 acc mv=842
PCG_PREP o=296 rebuild=1 drift=0 previous_depth=2
E2_CAP o=296 retry=0 touched=177 ncam=3068 raw=53054.082779359 capped=126.7897641545383 radius=135.22361373083848 median=0.27223486035987093 global_scale=1
ATTR_RADIUS o=296 raw_norm=53054.082779358992 norm=126.78976415453813 radius=135.22361373083848 next_radius=33.80590343270962 lambda=2.2057023690960322e-07 next_lambda=3.5291237905536516e-06 rho=-1 accept=0
CLASSICAL_LM o=296 lambda=2.2057023690960322e-07 tau=2.2057023690960322e-07 prediction=-35.850158513690786 rho=-1 accept=0
  MFCG it 297  retry 1/8  lam=3.529e-06 tau_eff=2.206e-07  (assembly reused)
PCG_PREP o=296 rebuild=1 drift=0 previous_depth=2
E2_CAP o=296 retry=1 touched=201 ncam=3068 raw=15442.294643983603 capped=59.50180274033422 radius=33.80590343270962 median=0.11981066968444648 global_scale=0.5681492303727087
ATTR_RADIUS o=296 raw_norm=15442.294643983616 norm=33.805903432709634 radius=33.80590343270962 next_radius=67.61180686541924 lambda=3.5291237905536516e-06 next_lambda=8.8228094763841289e-07 rho=1.0001471501474375 accept=1
CLASSICAL_LM o=296 lambda=3.5291237905536516e-06 tau=3.5291237905536516e-06 prediction=60.379470572206976 rho=1.0001471501474375 accept=1
  MFCG it 297 cost=1.782018e+06 lam=8.823e-07 tau=0.00e+00 cg_it=0 shift=0 ckpt=1 alpha=0 acc mv=847
PCG_PREP o=297 rebuild=1 drift=0 previous_depth=1
E2_CAP o=297 retry=0 touched=167 ncam=3068 raw=34796.61506659766 capped=135.71020544180914 radius=67.61180686541924 median=0.29021879208624446 global_scale=0.49820723979679149
POINT_SAFE o=297 frozen=122 slope=-8.5567859789013099 candidate=1782018.2820436626 original=1782015.5761432105 current=1782017.5259622496 won=0 mode=1 camera_scale=1 keep_scale=0
ATTR_RADIUS o=297 raw_norm=34796.615066597653 norm=33.805903432709584 radius=67.61180686541924 next_radius=67.61180686541924 lambda=8.8228094763841289e-07 next_lambda=2.2057023690960322e-07 rho=1.0042099339024022 accept=1
CLASSICAL_LM o=297 lambda=8.8228094763841289e-07 tau=8.8228094763841289e-07 prediction=1.9416448426382953 rho=1.0042099339024022 accept=1
  MFCG it 298 cost=1.782016e+06 lam=2.206e-07 tau=0.00e+00 cg_it=1 shift=0 ckpt=2 alpha=0 acc mv=850
PCG_PREP o=298 rebuild=1 drift=0 previous_depth=2
E2_CAP o=298 retry=0 touched=172 ncam=3068 raw=53018.484913964756 capped=131.90132466936095 radius=67.61180686541924 median=0.28358791605597156 global_scale=0.51259384266915275
ATTR_RADIUS o=298 raw_norm=53018.484913964749 norm=67.611806865419211 radius=67.61180686541924 next_radius=16.90295171635481 lambda=2.2057023690960322e-07 next_lambda=3.5291237905536516e-06 rho=-1 accept=0
CLASSICAL_LM o=298 lambda=2.2057023690960322e-07 tau=2.2057023690960322e-07 prediction=-14.677996793216289 rho=-1 accept=0
  MFCG it 299  retry 1/8  lam=3.529e-06 tau_eff=2.206e-07  (assembly reused)
PCG_PREP o=298 rebuild=1 drift=0 previous_depth=2
E2_CAP o=298 retry=1 touched=201 ncam=3068 raw=15460.803921772262 capped=52.081421806617719 radius=16.90295171635481 median=0.10602499297021604 global_scale=0.32454858431316941
ATTR_RADIUS o=298 raw_norm=15460.80392177226 norm=16.902951716354842 radius=16.90295171635481 next_radius=33.80590343270962 lambda=3.5291237905536516e-06 next_lambda=8.8228094763841289e-07 rho=1.0002719832273159 accept=1
CLASSICAL_LM o=298 lambda=3.5291237905536516e-06 tau=3.5291237905536516e-06 prediction=30.887429304751659 rho=1.0002719832273159 accept=1
  MFCG it 299 cost=1.781985e+06 lam=8.823e-07 tau=0.00e+00 cg_it=0 shift=0 ckpt=1 alpha=0 acc mv=855
PCG_PREP o=299 rebuild=1 drift=0 previous_depth=1
E2_CAP o=299 retry=0 touched=165 ncam=3068 raw=34795.419534889617 capped=128.95691253758591 radius=33.80590343270962 median=0.27828898914790662 global_scale=0.26214882760050973
ATTR_RADIUS o=299 raw_norm=34795.419534889617 norm=33.805903432709563 radius=33.80590343270962 next_radius=67.61180686541924 lambda=8.8228094763841289e-07 next_lambda=2.2057023690960322e-07 rho=1.0083834744971685 accept=1
CLASSICAL_LM o=299 lambda=8.8228094763841289e-07 tau=8.8228094763841289e-07 prediction=1.1793336372315015 rho=1.0083834744971685 accept=1
  MFCG it 300 cost=1.781983e+06 lam=2.206e-07 tau=0.00e+00 cg_it=1 shift=0 ckpt=2 alpha=0 acc mv=858
PCG_PREP o=300 rebuild=1 drift=0 previous_depth=2
E2_CAP o=300 retry=0 touched=163 ncam=3068 raw=53028.549305875757 capped=126.06836921667676 radius=67.61180686541924 median=0.27404184597896908 global_scale=0.53631063275842961
ATTR_RADIUS o=300 raw_norm=53028.54930587572 norm=67.611806865419354 radius=67.61180686541924 next_radius=16.90295171635481 lambda=2.2057023690960322e-07 next_lambda=3.5291237905536516e-06 rho=-1 accept=0
CLASSICAL_LM o=300 lambda=2.2057023690960322e-07 tau=2.2057023690960322e-07 prediction=-12.906520776950384 rho=-1 accept=0
  MFCG it 301  retry 1/8  lam=3.529e-06 tau_eff=2.206e-07  (assembly reused)
PCG_PREP o=300 rebuild=1 drift=0 previous_depth=2
E2_CAP o=300 retry=1 touched=207 ncam=3068 raw=15436.277589754722 capped=56.489237394035349 radius=16.90295171635481 median=0.1134895500616922 global_scale=0.29922428583076566
ATTR_RADIUS o=300 raw_norm=15436.277589754734 norm=16.902951716354803 radius=16.90295171635481 next_radius=33.80590343270962 lambda=3.5291237905536516e-06 next_lambda=8.8228094763841289e-07 rho=1.0001078267796977 accept=1
CLASSICAL_LM o=300 lambda=3.5291237905536516e-06 tau=3.5291237905536516e-06 prediction=31.313118096169223 rho=1.0001078267796977 accept=1
  MFCG it 301 cost=1.781952e+06 lam=8.823e-07 tau=0.00e+00 cg_it=0 shift=0 ckpt=1 alpha=0 acc mv=863
PCG_PREP o=301 rebuild=1 drift=0 previous_depth=1
E2_CAP o=301 retry=0 touched=158 ncam=3068 raw=34792.737794734494 capped=125.24895356751894 radius=33.80590343270962 median=0.2740386283746154 global_scale=0.26990966766429392
ATTR_RADIUS o=301 raw_norm=34792.737794734494 norm=33.80590343270962 radius=33.80590343270962 next_radius=67.61180686541924 lambda=8.8228094763841289e-07 next_lambda=2.2057023690960322e-07 rho=1.0056369121765159 accept=1
CLASSICAL_LM o=301 lambda=8.8228094763841289e-07 tau=8.8228094763841289e-07 prediction=1.7129945046239565 rho=1.0056369121765159 accept=1
  MFCG it 302 cost=1.781950e+06 lam=2.206e-07 tau=0.00e+00 cg_it=1 shift=0 ckpt=2 alpha=0 acc mv=866
PCG_PREP o=302 rebuild=1 drift=0 previous_depth=2
E2_CAP o=302 retry=0 touched=162 ncam=3068 raw=53010.087238336448 capped=121.03695765568146 radius=67.61180686541924 median=0.26672760266624396 global_scale=0.55860464584509117
ATTR_RADIUS o=302 raw_norm=53010.087238336469 norm=67.611806865419425 radius=67.61180686541924 next_radius=16.90295171635481 lambda=2.2057023690960322e-07 next_lambda=3.5291237905536516e-06 rho=-1 accept=0
CLASSICAL_LM o=302 lambda=2.2057023690960322e-07 tau=2.2057023690960322e-07 prediction=-10.278827005630987 rho=-1 accept=0
  MFCG it 303  retry 1/8  lam=3.529e-06 tau_eff=2.206e-07  (assembly reused)
PCG_PREP o=302 rebuild=1 drift=0 previous_depth=2
E2_CAP o=302 retry=1 touched=210 ncam=3068 raw=15414.74186592586 capped=59.358458018856254 radius=16.90295171635481 median=0.11869051458855401 global_scale=0.28476062688463522
ATTR_RADIUS o=302 raw_norm=15414.741865925866 norm=16.902951716354785 radius=16.90295171635481 next_radius=33.80590343270962 lambda=3.5291237905536516e-06 next_lambda=8.8228094763841289e-07 rho=1.0001091234366959 accept=1
CLASSICAL_LM o=302 lambda=3.5291237905536516e-06 tau=3.5291237905536516e-06 prediction=31.864346157182066 rho=1.0001091234366959 accept=1
  MFCG it 303 cost=1.781919e+06 lam=8.823e-07 tau=0.00e+00 cg_it=0 shift=0 ckpt=1 alpha=0 acc mv=871
PCG_PREP o=303 rebuild=1 drift=0 previous_depth=1
E2_CAP o=303 retry=0 touched=147 ncam=3068 raw=34786.892982646765 capped=120.96271042359621 radius=33.80590343270962 median=0.26886098177403861 global_scale=0.27947375942822045
ATTR_RADIUS o=303 raw_norm=34786.892982646721 norm=33.805903432709641 radius=33.80590343270962 next_radius=67.61180686541924 lambda=8.8228094763841289e-07 next_lambda=2.2057023690960322e-07 rho=1.00370218791625 accept=1
CLASSICAL_LM o=303 lambda=8.8228094763841289e-07 tau=8.8228094763841289e-07 prediction=2.6670883439033135 rho=1.00370218791625 accept=1
  MFCG it 304 cost=1.781916e+06 lam=2.206e-07 tau=0.00e+00 cg_it=1 shift=0 ckpt=2 alpha=0 acc mv=874
PCG_PREP o=304 rebuild=1 drift=0 previous_depth=2
E2_CAP o=304 retry=0 touched=157 ncam=3068 raw=53004.011451054364 capped=117.8486298650627 radius=67.61180686541924 median=0.26279361988334726 global_scale=0.57371737747681162
ATTR_RADIUS o=304 raw_norm=53004.011451054321 norm=67.611806865419268 radius=67.61180686541924 next_radius=16.90295171635481 lambda=2.2057023690960322e-07 next_lambda=3.5291237905536516e-06 rho=-1 accept=0
CLASSICAL_LM o=304 lambda=2.2057023690960322e-07 tau=2.2057023690960322e-07 prediction=-7.6777095389682568 rho=-1 accept=0
  MFCG it 305  retry 1/8  lam=3.529e-06 tau_eff=2.206e-07  (assembly reused)
PCG_PREP o=304 rebuild=1 drift=0 previous_depth=2
E2_CAP o=304 retry=1 touched=210 ncam=3068 raw=15396.63177764276 capped=61.775760880399346 radius=16.90295171635481 median=0.1230300667748947 global_scale=0.27361786363230206
ATTR_RADIUS o=304 raw_norm=15396.63177764275 norm=16.902951716354785 radius=16.90295171635481 next_radius=33.80590343270962 lambda=3.5291237905536516e-06 next_lambda=8.8228094763841289e-07 rho=1.0001101344482164 accept=1
CLASSICAL_LM o=304 lambda=3.5291237905536516e-06 tau=3.5291237905536516e-06 prediction=32.302289035118122 rho=1.0001101344482164 accept=1
  MFCG it 305 cost=1.781884e+06 lam=8.823e-07 tau=0.00e+00 cg_it=0 shift=0 ckpt=1 alpha=0 acc mv=879
PCG_PREP o=305 rebuild=1 drift=0 previous_depth=1
E2_CAP o=305 retry=0 touched=147 ncam=3068 raw=34779.212148991377 capped=117.1640483153016 radius=33.80590343270962 median=0.2634781132602142 global_scale=0.2885347845077369
ATTR_RADIUS o=305 raw_norm=34779.212148991384 norm=33.805903432709528 radius=33.80590343270962 next_radius=67.61180686541924 lambda=8.8228094763841289e-07 next_lambda=2.2057023690960322e-07 rho=1.0027485778033129 accept=1
CLASSICAL_LM o=305 lambda=8.8228094763841289e-07 tau=8.8228094763841289e-07 prediction=3.6429063184876185 rho=1.0027485778033129 accept=1
  MFCG it 306 cost=1.781880e+06 lam=2.206e-07 tau=0.00e+00 cg_it=1 shift=0 ckpt=2 alpha=0 acc mv=882
PCG_PREP o=306 rebuild=1 drift=0 previous_depth=2
E2_CAP o=306 retry=0 touched=155 ncam=3068 raw=53015.789699070359 capped=114.52190119482135 radius=67.61180686541924 median=0.25770903296474756 global_scale=0.59038320321280713
ATTR_RADIUS o=306 raw_norm=53015.789699070396 norm=67.611806865419297 radius=67.61180686541924 next_radius=16.90295171635481 lambda=2.2057023690960322e-07 next_lambda=3.5291237905536516e-06 rho=-1 accept=0
CLASSICAL_LM o=306 lambda=2.2057023690960322e-07 tau=2.2057023690960322e-07 prediction=-5.5073734168651018 rho=-1 accept=0
  MFCG it 307  retry 1/8  lam=3.529e-06 tau_eff=2.206e-07  (assembly reused)
PCG_PREP o=306 rebuild=1 drift=0 previous_depth=2
E2_CAP o=306 retry=1 touched=214 ncam=3068 raw=15381.30746370296 capped=63.193673354195653 radius=16.90295171635481 median=0.12528054844551539 global_scale=0.267478543644948
ATTR_RADIUS o=306 raw_norm=15381.307463702969 norm=16.902951716354853 radius=16.90295171635481 next_radius=33.80590343270962 lambda=3.5291237905536516e-06 next_lambda=8.8228094763841289e-07 rho=1.0001123670061765 accept=1
CLASSICAL_LM o=306 lambda=3.5291237905536516e-06 tau=3.5291237905536516e-06 prediction=32.70451205942264 rho=1.0001123670061765 accept=1
  MFCG it 307 cost=1.781847e+06 lam=8.823e-07 tau=0.00e+00 cg_it=0 shift=0 ckpt=1 alpha=0 acc mv=887
PCG_PREP o=307 rebuild=1 drift=0 previous_depth=1
E2_CAP o=307 retry=0 touched=145 ncam=3068 raw=34771.64579126193 capped=114.75901932462099 radius=33.80590343270962 median=0.26144671117619211 global_scale=0.29458166888898052
ATTR_RADIUS o=307 raw_norm=34771.645791261915 norm=33.805903432709762 radius=33.80590343270962 next_radius=67.61180686541924 lambda=8.8228094763841289e-07 next_lambda=2.2057023690960322e-07 rho=1.0022187310342634 accept=1
CLASSICAL_LM o=307 lambda=8.8228094763841289e-07 tau=8.8228094763841289e-07 prediction=4.5902181444061867 rho=1.0022187310342634 accept=1
  MFCG it 308 cost=1.781843e+06 lam=2.206e-07 tau=0.00e+00 cg_it=1 shift=0 ckpt=2 alpha=0 acc mv=890
PCG_PREP o=308 rebuild=1 drift=0 previous_depth=2
E2_CAP o=308 retry=0 touched=154 ncam=3068 raw=52988.11152002676 capped=112.12404484747258 radius=67.61180686541924 median=0.2542620154041032 global_scale=0.60300898845911821
POINT_SAFE o=308 frozen=59 slope=-1.4601297316139148 candidate=1781846.2536704727 original=1781842.5921135857 current=1781842.6398064578 won=0 mode=1 camera_scale=1 keep_scale=0
ATTR_RADIUS o=308 raw_norm=52988.111520026781 norm=16.902951716354821 radius=67.61180686541924 next_radius=67.61180686541924 lambda=2.2057023690960322e-07 next_lambda=2.2057023690960322e-07 rho=1.0836025003628122 accept=1
CLASSICAL_LM o=308 lambda=2.2057023690960322e-07 tau=2.2057023690960322e-07 prediction=0.044013254032023996 rho=1.0836025003628122 accept=1
  MFCG it 309 cost=1.781843e+06 lam=2.206e-07 tau=0.00e+00 cg_it=1 shift=0 ckpt=2 alpha=0 acc mv=893
PCG_PREP o=309 rebuild=1 drift=0 previous_depth=2
E2_CAP o=309 retry=0 touched=153 ncam=3068 raw=52995.25280464872 capped=107.04468671717996 radius=67.61180686541924 median=0.24524688613895379 global_scale=0.63162225925378879
ATTR_RADIUS o=309 raw_norm=52995.252804648706 norm=67.61180686541924 radius=67.61180686541924 next_radius=135.22361373083848 lambda=2.2057023690960322e-07 next_lambda=2.2057023690960322e-07 rho=1.0633729189357419 accept=1
CLASSICAL_LM o=309 lambda=2.2057023690960322e-07 tau=2.2057023690960322e-07 prediction=1.1201977848565026 rho=1.0633729189357419 accept=1
  MFCG it 310 cost=1.781841e+06 lam=2.206e-07 tau=0.00e+00 cg_it=1 shift=0 ckpt=2 alpha=0 acc mv=896
PCG_PREP o=310 rebuild=1 drift=0 previous_depth=2
E2_CAP o=310 retry=0 touched=147 ncam=3068 raw=53013.313744509811 capped=93.454752627816234 radius=135.22361373083848 median=0.22140702191942199 global_scale=1
ATTR_RADIUS o=310 raw_norm=53013.313744509855 norm=93.454752627816418 radius=135.22361373083848 next_radius=135.22361373083848 lambda=2.2057023690960322e-07 next_lambda=2.2057023690960322e-07 rho=1.0037448158457418 accept=1
CLASSICAL_LM o=310 lambda=2.2057023690960322e-07 tau=2.2057023690960322e-07 prediction=39.951275401798362 rho=1.0037448158457418 accept=1
  MFCG it 311 cost=1.781801e+06 lam=2.206e-07 tau=0.00e+00 cg_it=1 shift=0 ckpt=2 alpha=0 acc mv=899
PCG_PREP o=311 rebuild=1 drift=0 previous_depth=2
E2_CAP o=311 retry=0 touched=243 ncam=3068 raw=47935.686340159038 capped=99.484483942651124 radius=135.22361373083848 median=0.18625684898472736 global_scale=1
ATTR_RADIUS o=311 raw_norm=47935.686340159096 norm=99.484483942651067 radius=135.22361373083848 next_radius=135.22361373083848 lambda=2.2057023690960322e-07 next_lambda=2.2057023690960322e-07 rho=1.0003553189776673 accept=1
CLASSICAL_LM o=311 lambda=2.2057023690960322e-07 tau=2.2057023690960322e-07 prediction=182.98967958187714 rho=1.0003553189776673 accept=1
  MFCG it 312 cost=1.781618e+06 lam=2.206e-07 tau=0.00e+00 cg_it=0 shift=0 ckpt=1 alpha=0 acc mv=901
PCG_PREP o=312 rebuild=1 drift=0 previous_depth=1
E2_CAP o=312 retry=0 touched=142 ncam=3068 raw=52977.064370206826 capped=155.04701597546114 radius=135.22361373083848 median=0.34244379005382308 global_scale=0.87214586414381523
POINT_SAFE o=312 frozen=140 slope=-18.985033152584808 candidate=1781642.8383495114 original=1781616.222409046 current=1781618.2453407387 won=0 mode=1 camera_scale=1 keep_scale=0
ATTR_RADIUS o=312 raw_norm=52977.064370206805 norm=33.805903432709528 radius=135.22361373083848 next_radius=135.22361373083848 lambda=2.2057023690960322e-07 next_lambda=2.2057023690960322e-07 rho=1.0029355994641129 accept=1
CLASSICAL_LM o=312 lambda=2.2057023690960322e-07 tau=2.2057023690960322e-07 prediction=2.0170105575442925 rho=1.0029355994641129 accept=1
  MFCG it 313 cost=1.781616e+06 lam=2.206e-07 tau=0.00e+00 cg_it=1 shift=0 ckpt=2 alpha=0 acc mv=904
PCG_PREP o=313 rebuild=1 drift=0 previous_depth=2
E2_CAP o=313 retry=0 touched=136 ncam=3068 raw=52984.216179649098 capped=130.82725686209454 radius=135.22361373083848 median=0.30069001744975932 global_scale=1
POINT_SAFE o=313 frozen=120 slope=-13.881422296171539 candidate=1781635.1495124851 original=1781614.8032177296 current=1781616.222409046 won=0 mode=1 camera_scale=1 keep_scale=0
ATTR_RADIUS o=313 raw_norm=52984.216179649091 norm=32.706814215523536 radius=135.22361373083848 next_radius=135.22361373083848 lambda=2.2057023690960322e-07 next_lambda=2.2057023690960322e-07 rho=1.0086495471123151 accept=1
CLASSICAL_LM o=313 lambda=2.2057023690960322e-07 tau=2.2057023690960322e-07 prediction=1.4070212201370387 rho=1.0086495471123151 accept=1
  MFCG it 314 cost=1.781615e+06 lam=2.206e-07 tau=0.00e+00 cg_it=1 shift=0 ckpt=2 alpha=0 acc mv=907
PCG_PREP o=314 rebuild=1 drift=0 previous_depth=2
E2_CAP o=314 retry=0 touched=138 ncam=3068 raw=53006.282630088717 capped=113.70573878772618 radius=135.22361373083848 median=0.27060575158719558 global_scale=1
POINT_SAFE o=314 frozen=71 slope=-17.22284023523104 candidate=1781615.5262656994 original=1781610.6795446381 current=1781614.8032177296 won=0 mode=1 camera_scale=1 keep_scale=0
ATTR_RADIUS o=314 raw_norm=53006.282630088754 norm=56.852869393863081 radius=135.22361373083848 next_radius=135.22361373083848 lambda=2.2057023690960322e-07 next_lambda=2.2057023690960322e-07 rho=1.0139189219199582 accept=1
CLASSICAL_LM o=314 lambda=2.2057023690960322e-07 tau=2.2057023690960322e-07 prediction=4.0670639459032234 rho=1.0139189219199582 accept=1
  MFCG it 315 cost=1.781611e+06 lam=2.206e-07 tau=0.00e+00 cg_it=1 shift=0 ckpt=2 alpha=0 acc mv=910
PCG_PREP o=315 rebuild=1 drift=0 previous_depth=2
E2_CAP o=315 retry=0 touched=237 ncam=3068 raw=48137.475893365961 capped=73.306671806296123 radius=135.22361373083848 median=0.139046722688005 global_scale=1
ATTR_RADIUS o=315 raw_norm=48137.47589336594 norm=73.306671806296094 radius=135.22361373083848 next_radius=135.22361373083848 lambda=2.2057023690960322e-07 next_lambda=2.2057023690960322e-07 rho=1.0005693575454704 accept=1
CLASSICAL_LM o=315 lambda=2.2057023690960322e-07 tau=2.2057023690960322e-07 prediction=130.9359965972173 rho=1.0005693575454704 accept=1
  MFCG it 316 cost=1.781480e+06 lam=2.206e-07 tau=0.00e+00 cg_it=0 shift=0 ckpt=1 alpha=0 acc mv=912
PCG_PREP o=316 rebuild=1 drift=0 previous_depth=1
E2_CAP o=316 retry=0 touched=138 ncam=3068 raw=52967.263065429899 capped=148.62927086081564 radius=135.22361373083848 median=0.32913999510362435 global_scale=0.90980473057335431
POINT_SAFE o=316 frozen=135 slope=-12.63067265064185 candidate=1781509.6469228175 original=1781479.1745759416 current=1781479.6689986433 won=0 mode=1 camera_scale=1 keep_scale=0
ATTR_RADIUS o=316 raw_norm=52967.263065429855 norm=33.805903432709627 radius=135.22361373083848 next_radius=135.22361373083848 lambda=2.2057023690960322e-07 next_lambda=2.2057023690960322e-07 rho=1.0121686262368015 accept=1
CLASSICAL_LM o=316 lambda=2.2057023690960322e-07 tau=2.2057023690960322e-07 prediction=0.48847858828754154 rho=1.0121686262368015 accept=1
  MFCG it 317 cost=1.781479e+06 lam=2.206e-07 tau=0.00e+00 cg_it=1 shift=0 ckpt=2 alpha=0 acc mv=915
PCG_PREP o=317 rebuild=1 drift=0 previous_depth=2
E2_CAP o=317 retry=0 touched=135 ncam=3068 raw=52985.573270603643 capped=124.86059174731484 radius=135.22361373083848 median=0.28817762283439929 global_scale=1
POINT_SAFE o=317 frozen=94 slope=-9.5163468845464578 candidate=1781498.1750413768 original=1781478.5786082642 current=1781479.1745759416 won=0 mode=1 camera_scale=1 keep_scale=0
ATTR_RADIUS o=317 raw_norm=52985.573270603614 norm=31.215147936828668 radius=135.22361373083848 next_radius=135.22361373083848 lambda=2.2057023690960322e-07 next_lambda=2.2057023690960322e-07 rho=1.020033058918377 accept=1
CLASSICAL_LM o=317 lambda=2.2057023690960322e-07 tau=2.2057023690960322e-07 prediction=0.58426310030953332 rho=1.020033058918377 accept=1
  MFCG it 318 cost=1.781479e+06 lam=2.206e-07 tau=0.00e+00 cg_it=1 shift=0 ckpt=2 alpha=0 acc mv=918
PCG_PREP o=318 rebuild=1 drift=0 previous_depth=2
E2_CAP o=318 retry=0 touched=138 ncam=3068 raw=53014.050945680552 capped=109.3493835217002 radius=135.22361373083848 median=0.26124684536367665 global_scale=1
POINT_SAFE o=318 frozen=58 slope=-15.245064426151771 candidate=1781478.9175985621 original=1781474.8536785345 current=1781478.5786082642 won=0 mode=1 camera_scale=1 keep_scale=0
ATTR_RADIUS o=318 raw_norm=53014.050945680487 norm=54.674691760850081 radius=135.22361373083848 next_radius=135.22361373083848 lambda=2.2057023690960322e-07 next_lambda=2.2057023690960322e-07 rho=1.0147009022960851 accept=1
CLASSICAL_LM o=318 lambda=2.2057023690960322e-07 tau=2.2057023690960322e-07 prediction=3.6709632575279647 rho=1.0147009022960851 accept=1
  MFCG it 319 cost=1.781475e+06 lam=2.206e-07 tau=0.00e+00 cg_it=1 shift=0 ckpt=2 alpha=0 acc mv=921
PCG_PREP o=319 rebuild=1 drift=0 previous_depth=2
E2_CAP o=319 retry=0 touched=232 ncam=3068 raw=48072.208897502707 capped=77.543858469431001 radius=135.22361373083848 median=0.14810168316092823 global_scale=1
ATTR_RADIUS o=319 raw_norm=48072.208897502722 norm=77.543858469430873 radius=135.22361373083848 next_radius=135.22361373083848 lambda=2.2057023690960322e-07 next_lambda=2.2057023690960322e-07 rho=1.0004788483273384 accept=1
CLASSICAL_LM o=319 lambda=2.2057023690960322e-07 tau=2.2057023690960322e-07 prediction=137.62609845774793 rho=1.0004788483273384 accept=1
  MFCG it 320 cost=1.781337e+06 lam=2.206e-07 tau=0.00e+00 cg_it=0 shift=0 ckpt=1 alpha=0 acc mv=923
PCG_PREP o=320 rebuild=1 drift=0 previous_depth=1
E2_CAP o=320 retry=0 touched=138 ncam=3068 raw=52977.830890845187 capped=150.7360048046275 radius=135.22361373083848 median=0.33111448737632954 global_scale=0.89708901271534303
POINT_SAFE o=320 frozen=146 slope=-11.929248399963726 candidate=1781368.6695710595 original=1781336.894371053 current=1781337.1616780497 won=0 mode=1 camera_scale=1 keep_scale=0
ATTR_RADIUS o=320 raw_norm=52977.830890845209 norm=33.805903432709634 radius=135.22361373083848 next_radius=135.22361373083848 lambda=2.2057023690960322e-07 next_lambda=2.2057023690960322e-07 rho=1.0244485908558048 accept=1
CLASSICAL_LM o=320 lambda=2.2057023690960322e-07 tau=2.2057023690960322e-07 prediction=0.26092768258772292 rho=1.0244485908558048 accept=1
  MFCG it 321 cost=1.781337e+06 lam=2.206e-07 tau=0.00e+00 cg_it=1 shift=0 ckpt=2 alpha=0 acc mv=926
PCG_PREP o=321 rebuild=1 drift=0 previous_depth=2
E2_CAP o=321 retry=0 touched=135 ncam=3068 raw=52988.494064801343 capped=125.47077037553292 radius=135.22361373083848 median=0.2868642488620734 global_scale=1
POINT_SAFE o=321 frozen=99 slope=-7.4700269599937785 candidate=1781359.7136892527 original=1781336.4342171724 current=1781336.894371053 won=0 mode=1 camera_scale=1 keep_scale=0
ATTR_RADIUS o=321 raw_norm=52988.494064801314 norm=15.683846296941613 radius=135.22361373083848 next_radius=135.22361373083848 lambda=2.2057023690960322e-07 next_lambda=2.2057023690960322e-07 rho=1.0065541937666054 accept=1
CLASSICAL_LM o=321 lambda=2.2057023690960322e-07 tau=2.2057023690960322e-07 prediction=0.45715758116030836 rho=1.0065541937666054 accept=1
  MFCG it 322 cost=1.781336e+06 lam=2.206e-07 tau=0.00e+00 cg_it=1 shift=0 ckpt=2 alpha=0 acc mv=929
PCG_PREP o=322 rebuild=1 drift=0 previous_depth=2
E2_CAP o=322 retry=0 touched=137 ncam=3068 raw=52995.19539451701 capped=117.0235195957202 radius=135.22361373083848 median=0.27281885411358764 global_scale=1
POINT_SAFE o=322 frozen=73 slope=-9.2181057249401839 candidate=1781350.0651141098 original=1781335.5585801823 current=1781336.4342171724 won=0 mode=1 camera_scale=1 keep_scale=0
ATTR_RADIUS o=322 raw_norm=52995.195394516973 norm=29.25587989892999 radius=135.22361373083848 next_radius=135.22361373083848 lambda=2.2057023690960322e-07 next_lambda=2.2057023690960322e-07 rho=1.0150963553043311 accept=1
CLASSICAL_LM o=322 lambda=2.2057023690960322e-07 tau=2.2057023690960322e-07 prediction=0.86261465289133188 rho=1.0150963553043311 accept=1
  MFCG it 323 cost=1.781336e+06 lam=2.206e-07 tau=0.00e+00 cg_it=1 shift=0 ckpt=2 alpha=0 acc mv=932
PCG_PREP o=323 rebuild=1 drift=0 previous_depth=2
E2_CAP o=323 retry=0 touched=233 ncam=3068 raw=48239.815008214347 capped=59.024320508445726 radius=135.22361373083848 median=0.11453556035314937 global_scale=1
ATTR_RADIUS o=323 raw_norm=48239.815008214384 norm=59.024320508445619 radius=135.22361373083848 next_radius=135.22361373083848 lambda=2.2057023690960322e-07 next_lambda=2.2057023690960322e-07 rho=1.0006124086076171 accept=1
CLASSICAL_LM o=323 lambda=2.2057023690960322e-07 tau=2.2057023690960322e-07 prediction=103.08887212604724 rho=1.0006124086076171 accept=1
  MFCG it 324 cost=1.781232e+06 lam=2.206e-07 tau=0.00e+00 cg_it=0 shift=0 ckpt=1 alpha=0 acc mv=934
PCG_PREP o=324 rebuild=1 drift=0 previous_depth=1
E2_CAP o=324 retry=0 touched=139 ncam=3068 raw=52958.76323034567 capped=148.85388844245296 radius=135.22361373083848 median=0.32210645051312775 global_scale=0.90843185318008035
POINT_SAFE o=324 frozen=136 slope=-5.4022948962205435 candidate=1781270.4124533175 original=1781232.2386529215 current=1781232.4065755436 won=0 mode=1 camera_scale=1 keep_scale=0
ATTR_RADIUS o=324 raw_norm=52958.763230345656 norm=8.4514758581774281 radius=135.22361373083848 next_radius=135.22361373083848 lambda=2.2057023690960322e-07 next_lambda=2.2057023690960322e-07 rho=1.0022735751522698 accept=1
CLASSICAL_LM o=324 lambda=2.2057023690960322e-07 tau=2.2057023690960322e-07 prediction=0.16754170340471067 rho=1.0022735751522698 accept=1
  MFCG it 325 cost=1.781232e+06 lam=2.206e-07 tau=0.00e+00 cg_it=1 shift=0 ckpt=2 alpha=0 acc mv=937
PCG_PREP o=325 rebuild=1 drift=0 previous_depth=2
E2_CAP o=325 retry=0 touched=138 ncam=3068 raw=52953.476788096727 capped=143.26661875418927 radius=135.22361373083848 median=0.314662152349374 global_scale=0.94385988101561447
POINT_SAFE o=325 frozen=121 slope=-3.7937678088316615 candidate=1781269.4333603471 original=1781232.1618775751 current=1781232.2386529215 won=0 mode=1 camera_scale=1 keep_scale=0
ATTR_RADIUS o=325 raw_norm=52953.476788096756 norm=8.4514758581774085 radius=135.22361373083848 next_radius=135.22361373083848 lambda=2.2057023690960322e-07 next_lambda=2.2057023690960322e-07 rho=1.0063748775373398 accept=1
CLASSICAL_LM o=325 lambda=2.2057023690960322e-07 tau=2.2057023690960322e-07 prediction=0.076289013299749631 rho=1.0063748775373398 accept=1
  MFCG it 326 cost=1.781232e+06 lam=2.206e-07 tau=0.00e+00 cg_it=1 shift=0 ckpt=2 alpha=0 acc mv=940
PCG_PREP o=326 rebuild=1 drift=0 previous_depth=2
E2_CAP o=326 retry=0 touched=138 ncam=3068 raw=52961.276288553694 capped=137.40156080526015 radius=135.22361373083848 median=0.30518383899176799 global_scale=0.98414903686932287
POINT_SAFE o=326 frozen=110 slope=-2.5291383540974204 candidate=1781268.4624152773 original=1781232.155585536 current=1781232.1618775751 won=0 mode=1 camera_scale=1 keep_scale=0
ATTR_RADIUS o=326 raw_norm=52961.276288553679 norm=8.451475858177405 radius=135.22361373083848 next_radius=135.22361373083848 lambda=2.2057023690960322e-07 next_lambda=2.2057023690960322e-07 rho=1.102508645518059 accept=1
CLASSICAL_LM o=326 lambda=2.2057023690960322e-07 tau=2.2057023690960322e-07 prediction=0.0057070201566276624 rho=1.102508645518059 accept=1
  MFCG it 327 cost=1.781232e+06 lam=2.206e-07 tau=0.00e+00 cg_it=1 shift=0 ckpt=2 alpha=0 acc mv=943
PCG_PREP o=327 rebuild=1 drift=0 previous_depth=2
E2_CAP o=327 retry=0 touched=135 ncam=3068 raw=52974.018660369024 capped=131.08018522130055 radius=135.22361373083848 median=0.29346599901080606 global_scale=1
POINT_SAFE o=327 frozen=95 slope=-1.6534575452307074 candidate=1781265.2799021711 original=1781232.1379317013 current=1781232.155585536 won=0 mode=1 camera_scale=1 keep_scale=0
ATTR_RADIUS o=327 raw_norm=52974.018660369053 norm=4.0962557881656343 radius=135.22361373083848 next_radius=135.22361373083848 lambda=2.2057023690960322e-07 next_lambda=2.2057023690960322e-07 rho=1.0092599892985947 accept=1
CLASSICAL_LM o=327 lambda=2.2057023690960322e-07 tau=2.2057023690960322e-07 prediction=0.017491860333724768 rho=1.0092599892985947 accept=1
  MFCG it 328 cost=1.781232e+06 lam=2.206e-07 tau=0.00e+00 cg_it=1 shift=0 ckpt=2 alpha=0 acc mv=946
PCG_PREP o=328 rebuild=1 drift=0 previous_depth=2
E2_CAP o=328 retry=0 touched=135 ncam=3068 raw=53029.053532074729 capped=128.30169862088479 radius=135.22361373083848 median=0.28788835569262228 global_scale=1
POINT_SAFE o=328 frozen=92 slope=-1.4843071876515614 candidate=1781263.0704016238 original=1781232.1232626336 current=1781232.1379317013 won=0 mode=1 camera_scale=1 keep_scale=0
ATTR_RADIUS o=328 raw_norm=53029.053532074679 norm=4.0094280819026489 radius=135.22361373083848 next_radius=135.22361373083848 lambda=2.2057023690960322e-07 next_lambda=2.2057023690960322e-07 rho=1.0115099859222851 accept=1
CLASSICAL_LM o=328 lambda=2.2057023690960322e-07 tau=2.2057023690960322e-07 prediction=0.014502148170723671 rho=1.0115099859222851 accept=1
  MFCG it 329 cost=1.781232e+06 lam=2.206e-07 tau=0.00e+00 cg_it=1 shift=0 ckpt=2 alpha=0 acc mv=949
PCG_PREP o=329 rebuild=1 drift=0 previous_depth=2
E2_CAP o=329 retry=0 touched=136 ncam=3068 raw=52965.716374892065 capped=125.62020773854813 radius=135.22361373083848 median=0.28294411035940198 global_scale=1
POINT_SAFE o=329 frozen=85 slope=-1.4893870984974606 candidate=1781260.8817861509 original=1781232.1063187569 current=1781232.1232626336 won=0 mode=1 camera_scale=1 keep_scale=0
ATTR_RADIUS o=329 raw_norm=52965.716374892101 norm=3.9256314918296265 radius=135.22361373083848 next_radius=135.22361373083848 lambda=2.2057023690960322e-07 next_lambda=2.2057023690960322e-07 rho=1.0102142742385383 accept=1
CLASSICAL_LM o=329 lambda=2.2057023690960322e-07 tau=2.2057023690960322e-07 prediction=0.016772557133316695 rho=1.0102142742385383 accept=1
  MFCG it 330 cost=1.781232e+06 lam=2.206e-07 tau=0.00e+00 cg_it=1 shift=0 ckpt=2 alpha=0 acc mv=952
PCG_PREP o=330 rebuild=1 drift=0 previous_depth=2
E2_CAP o=330 retry=0 touched=134 ncam=3068 raw=52969.511921421828 capped=122.99344215250038 radius=135.22361373083848 median=0.27851342779391919 global_scale=1
POINT_SAFE o=330 frozen=81 slope=-1.686206320493661 candidate=1781258.6545510527 original=1781232.0812586753 current=1781232.1063187569 won=0 mode=1 camera_scale=1 keep_scale=0
ATTR_RADIUS o=330 raw_norm=52969.511921421821 norm=3.8435450672656439 radius=135.22361373083848 next_radius=135.22361373083848 lambda=2.2057023690960322e-07 next_lambda=2.2057023690960322e-07 rho=1.0070437600687474 accept=1
CLASSICAL_LM o=330 lambda=2.2057023690960322e-07 tau=2.2057023690960322e-07 prediction=0.024884799067640531 rho=1.0070437600687474 accept=1
  MFCG it 331 cost=1.781232e+06 lam=2.206e-07 tau=0.00e+00 cg_it=1 shift=0 ckpt=2 alpha=0 acc mv=955
PCG_PREP o=331 rebuild=1 drift=0 previous_depth=2
E2_CAP o=331 retry=0 touched=137 ncam=3068 raw=52972.978991490498 capped=121.2180117732624 radius=135.22361373083848 median=0.27583883902577161 global_scale=1
POINT_SAFE o=331 frozen=79 slope=-2.2752777000053124 candidate=1781256.1763757423 original=1781232.0422025402 current=1781232.0812586753 won=0 mode=1 camera_scale=1 keep_scale=0
ATTR_RADIUS o=331 raw_norm=52972.978991490512 norm=7.5761257358288745 radius=135.22361373083848 next_radius=135.22361373083848 lambda=2.2057023690960322e-07 next_lambda=2.2057023690960322e-07 rho=1.0187852077103416 accept=1
CLASSICAL_LM o=331 lambda=2.2057023690960322e-07 tau=2.2057023690960322e-07 prediction=0.038335985655377491 rho=1.0187852077103416 accept=1
  MFCG: converged (OCA_FTOL: 8 outers < 1.0e-05 rel)
  [menu-backtrack] confirming stop with original retry policy at outer 332
  MFCG it 332 cost=1.781232e+06 lam=2.206e-07 tau=0.00e+00 cg_it=1 shift=0 ckpt=2 alpha=0 acc mv=958
PCG_PREP o=332 rebuild=1 drift=0 previous_depth=2
E2_CAP o=332 retry=0 touched=137 ncam=3068 raw=52972.307284585433 capped=117.65412379057994 radius=135.22361373083848 median=0.27080961151979499 global_scale=1
ATTR_RADIUS o=332 raw_norm=52972.307284585491 norm=117.65412379058009 radius=135.22361373083848 next_radius=33.80590343270962 lambda=2.2057023690960322e-07 next_lambda=3.5291237905536516e-06 rho=-1 accept=0
CLASSICAL_LM o=332 lambda=2.2057023690960322e-07 tau=2.2057023690960322e-07 prediction=-19.430598249719143 rho=-1 accept=0
  MFCG it 333  retry 1/8  lam=3.529e-06 tau_eff=2.206e-07  (assembly reused)
PCG_PREP o=332 rebuild=1 drift=0 previous_depth=2
E2_CAP o=332 retry=1 touched=217 ncam=3068 raw=15269.629175482947 capped=47.747903677717765 radius=33.80590343270962 median=0.095854823894082175 global_scale=0.70800811823882481
ATTR_RADIUS o=332 raw_norm=15269.629175482949 norm=33.80590343270962 radius=33.80590343270962 next_radius=67.61180686541924 lambda=3.5291237905536516e-06 next_lambda=8.8228094763841289e-07 rho=1.0005158414309583 accept=1
CLASSICAL_LM o=332 lambda=3.5291237905536516e-06 tau=3.5291237905536516e-06 prediction=63.206047450551694 rho=1.0005158414309583 accept=1
  MFCG it 333 cost=1.781169e+06 lam=8.823e-07 tau=0.00e+00 cg_it=0 shift=0 ckpt=1 alpha=0 acc mv=963
PCG_PREP o=333 rebuild=1 drift=0 previous_depth=1
E2_CAP o=333 retry=0 touched=149 ncam=3068 raw=34676.508092497912 capped=133.66256946221526 radius=67.61180686541924 median=0.29211499154462667 global_scale=0.50583949670765727
ATTR_RADIUS o=333 raw_norm=34676.508092497927 norm=67.611806865419169 radius=67.61180686541924 next_radius=135.22361373083848 lambda=8.8228094763841289e-07 next_lambda=2.2057023690960322e-07 rho=1.0049899331714447 accept=1
CLASSICAL_LM o=333 lambda=8.8228094763841289e-07 tau=8.8228094763841289e-07 prediction=7.6683032718212836 rho=1.0049899331714447 accept=1
  MFCG it 334 cost=1.781161e+06 lam=2.206e-07 tau=0.00e+00 cg_it=1 shift=0 ckpt=2 alpha=0 acc mv=966
PCG_PREP o=334 rebuild=1 drift=0 previous_depth=2
E2_CAP o=334 retry=0 touched=149 ncam=3068 raw=53054.922165989112 capped=104.42274091561256 radius=135.22361373083848 median=0.24163885225399612 global_scale=1
ATTR_RADIUS o=334 raw_norm=53054.922165989185 norm=104.42274091561266 radius=135.22361373083848 next_radius=33.80590343270962 lambda=2.2057023690960322e-07 next_lambda=3.5291237905536516e-06 rho=-1 accept=0
CLASSICAL_LM o=334 lambda=2.2057023690960322e-07 tau=2.2057023690960322e-07 prediction=-3.8575585069513778 rho=-1 accept=0
  MFCG it 335  retry 1/8  lam=3.529e-06 tau_eff=2.206e-07  (assembly reused)
PCG_PREP o=334 rebuild=1 drift=0 previous_depth=2
E2_CAP o=334 retry=1 touched=218 ncam=3068 raw=15237.624933800895 capped=63.702074499239693 radius=33.80590343270962 median=0.12465389111418354 global_scale=0.53068763770186334
ATTR_RADIUS o=334 raw_norm=15237.624933800882 norm=33.805903432709556 radius=33.80590343270962 next_radius=67.61180686541924 lambda=3.5291237905536516e-06 next_lambda=8.8228094763841289e-07 rho=1.0002162590713435 accept=1
CLASSICAL_LM o=334 lambda=3.5291237905536516e-06 tau=3.5291237905536516e-06 prediction=65.121421563674488 rho=1.0002162590713435 accept=1
  MFCG it 335 cost=1.781096e+06 lam=8.823e-07 tau=0.00e+00 cg_it=0 shift=0 ckpt=1 alpha=0 acc mv=971
PCG_PREP o=335 rebuild=1 drift=0 previous_depth=1
E2_CAP o=335 retry=0 touched=214 ncam=3068 raw=29084.794168689728 capped=43.530208020390837 radius=67.61180686541924 median=0.087777891782320316 global_scale=1
ATTR_RADIUS o=335 raw_norm=29084.794168689721 norm=43.53020802039098 radius=67.61180686541924 next_radius=67.61180686541924 lambda=8.8228094763841289e-07 next_lambda=2.2057023690960322e-07 rho=1.0003208148707183 accept=1
CLASSICAL_LM o=335 lambda=8.8228094763841289e-07 tau=8.8228094763841289e-07 prediction=75.522175173517226 rho=1.0003208148707183 accept=1
  MFCG it 336 cost=1.781020e+06 lam=2.206e-07 tau=0.00e+00 cg_it=0 shift=0 ckpt=1 alpha=0 acc mv=973
PCG_PREP o=336 rebuild=1 drift=0 previous_depth=1
E2_CAP o=336 retry=0 touched=160 ncam=3068 raw=52926.917550743492 capped=153.14322570126635 radius=67.61180686541924 median=0.31607071341063303 global_scale=0.44149394500353767
ATTR_RADIUS o=336 raw_norm=52926.917550743558 norm=67.611806865419126 radius=67.61180686541924 next_radius=16.90295171635481 lambda=2.2057023690960322e-07 next_lambda=3.5291237905536516e-06 rho=-1 accept=0
CLASSICAL_LM o=336 lambda=2.2057023690960322e-07 tau=2.2057023690960322e-07 prediction=-15.523260311186508 rho=-1 accept=0
  MFCG it 337  retry 1/8  lam=3.529e-06 tau_eff=2.206e-07  (assembly reused)
PCG_PREP o=336 rebuild=1 drift=0 previous_depth=2
E2_CAP o=336 retry=1 touched=200 ncam=3068 raw=15415.477492674892 capped=34.020666894388675 radius=16.90295171635481 median=0.071929738228614565 global_scale=0.49684363239636437
ATTR_RADIUS o=336 raw_norm=15415.477492674905 norm=16.902951716354796 radius=16.90295171635481 next_radius=33.80590343270962 lambda=3.5291237905536516e-06 next_lambda=8.8228094763841289e-07 rho=1.0003893234087715 accept=1
CLASSICAL_LM o=336 lambda=3.5291237905536516e-06 tau=3.5291237905536516e-06 prediction=31.204925185913524 rho=1.0003893234087715 accept=1
  MFCG it 337 cost=1.780989e+06 lam=8.823e-07 tau=0.00e+00 cg_it=0 shift=0 ckpt=1 alpha=0 acc mv=978
PCG_PREP o=337 rebuild=1 drift=0 previous_depth=1
E2_CAP o=337 retry=0 touched=165 ncam=3068 raw=34658.048076133331 capped=146.71709345489012 radius=33.80590343270962 median=0.30651503616447817 global_scale=0.23041557487712663
ATTR_RADIUS o=337 raw_norm=34658.048076133338 norm=33.805903432709506 radius=33.80590343270962 next_radius=67.61180686541924 lambda=8.8228094763841289e-07 next_lambda=2.2057023690960322e-07 rho=1.0097773687831559 accept=1
CLASSICAL_LM o=337 lambda=8.8228094763841289e-07 tau=8.8228094763841289e-07 prediction=1.0329928053891573 rho=1.0097773687831559 accept=1
  MFCG it 338 cost=1.780988e+06 lam=2.206e-07 tau=0.00e+00 cg_it=1 shift=0 ckpt=2 alpha=0 acc mv=981
PCG_PREP o=338 rebuild=1 drift=0 previous_depth=2
E2_CAP o=338 retry=0 touched=154 ncam=3068 raw=52891.264874232118 capped=134.28462197644316 radius=67.61180686541924 median=0.28551214959605131 global_scale=0.50349627433348265
ATTR_RADIUS o=338 raw_norm=52891.264874232133 norm=67.611806865419283 radius=67.61180686541924 next_radius=16.90295171635481 lambda=2.2057023690960322e-07 next_lambda=3.5291237905536516e-06 rho=-1 accept=0
CLASSICAL_LM o=338 lambda=2.2057023690960322e-07 tau=2.2057023690960322e-07 prediction=-18.931349547951786 rho=-1 accept=0
  MFCG it 339  retry 1/8  lam=3.529e-06 tau_eff=2.206e-07  (assembly reused)
PCG_PREP o=338 rebuild=1 drift=0 previous_depth=2
E2_CAP o=338 retry=1 touched=197 ncam=3068 raw=15385.001093068082 capped=42.956889667454526 radius=16.90295171635481 median=0.089441502046984131 global_scale=0.39348639641293703
ATTR_RADIUS o=338 raw_norm=15385.001093068084 norm=16.902951716354803 radius=16.90295171635481 next_radius=33.80590343270962 lambda=3.5291237905536516e-06 next_lambda=8.8228094763841289e-07 rho=1.0001501343754369 accept=1
CLASSICAL_LM o=338 lambda=3.5291237905536516e-06 tau=3.5291237905536516e-06 prediction=31.083662122859494 rho=1.0001501343754369 accept=1
  MFCG it 339 cost=1.780957e+06 lam=8.823e-07 tau=0.00e+00 cg_it=0 shift=0 ckpt=1 alpha=0 acc mv=986
PCG_PREP o=339 rebuild=1 drift=0 previous_depth=1
E2_CAP o=339 retry=0 touched=151 ncam=3068 raw=34656.509629378415 capped=133.67229141092363 radius=33.80590343270962 median=0.28404947970242783 global_scale=0.25290135357062504
ATTR_RADIUS o=339 raw_norm=34656.509629378394 norm=33.805903432709634 radius=33.80590343270962 next_radius=8.451475858177405 lambda=8.8228094763841289e-07 next_lambda=1.4116495162214606e-05 rho=-1 accept=0
CLASSICAL_LM o=339 lambda=8.8228094763841289e-07 tau=8.8228094763841289e-07 prediction=-0.065201030378118308 rho=-1 accept=0
  MFCG it 340  retry 1/8  lam=1.412e-05 tau_eff=8.823e-07  (assembly reused)
PCG_PREP o=339 rebuild=1 drift=0 previous_depth=2
E2_CAP o=339 retry=1 touched=194 ncam=3068 raw=9762.8307941747717 capped=32.465845726308245 radius=8.451475858177405 median=0.069575897731460168 global_scale=0.26031898042714069
ATTR_RADIUS o=339 raw_norm=9762.830794174768 norm=8.4514758581774316 radius=8.451475858177405 next_radius=16.90295171635481 lambda=1.4116495162214606e-05 next_lambda=3.5291237905536516e-06 rho=1.0001344338856526 accept=1
CLASSICAL_LM o=339 lambda=1.4116495162214606e-05 tau=1.4116495162214606e-05 prediction=18.102695724470863 rho=1.0001344338856526 accept=1
  MFCG it 340 cost=1.780939e+06 lam=3.529e-06 tau=0.00e+00 cg_it=0 shift=0 ckpt=1 alpha=0 acc mv=991
PCG_PREP o=340 rebuild=1 drift=0 previous_depth=1
E2_CAP o=340 retry=0 touched=195 ncam=3068 raw=15447.829474019036 capped=33.149287589653888 radius=16.90295171635481 median=0.070491448139184509 global_scale=0.50990392088034897
ATTR_RADIUS o=340 raw_norm=15447.829474019029 norm=16.902951716354824 radius=16.90295171635481 next_radius=33.80590343270962 lambda=3.5291237905536516e-06 next_lambda=8.8228094763841289e-07 rho=1.0001114345647126 accept=1
CLASSICAL_LM o=340 lambda=3.5291237905536516e-06 tau=3.5291237905536516e-06 prediction=31.215657667585681 rho=1.0001114345647126 accept=1
  MFCG it 341 cost=1.780908e+06 lam=8.823e-07 tau=0.00e+00 cg_it=0 shift=0 ckpt=1 alpha=0 acc mv=993
PCG_PREP o=341 rebuild=1 drift=0 previous_depth=1
E2_CAP o=341 retry=0 touched=177 ncam=3068 raw=34654.309967950088 capped=143.32065677257327 radius=33.80590343270962 median=0.29819062444203015 global_scale=0.23587600136632172
ATTR_RADIUS o=341 raw_norm=34654.309967950066 norm=33.805903432709556 radius=33.80590343270962 next_radius=8.451475858177405 lambda=8.8228094763841289e-07 next_lambda=1.4116495162214606e-05 rho=-1 accept=0
CLASSICAL_LM o=341 lambda=8.8228094763841289e-07 tau=8.8228094763841289e-07 prediction=-0.19201566367158529 rho=-1 accept=0
  MFCG it 342  retry 1/8  lam=1.412e-05 tau_eff=8.823e-07  (assembly reused)
PCG_PREP o=341 rebuild=1 drift=0 previous_depth=2
E2_CAP o=341 retry=1 touched=191 ncam=3068 raw=9796.8601075233692 capped=27.685591434160862 radius=8.451475858177405 median=0.060034178224646309 global_scale=0.30526622045535379
ATTR_RADIUS o=341 raw_norm=9796.860107523371 norm=8.451475858177405 radius=8.451475858177405 next_radius=16.90295171635481 lambda=1.4116495162214606e-05 next_lambda=3.5291237905536516e-06 rho=1.0001346923015479 accept=1
CLASSICAL_LM o=341 lambda=1.4116495162214606e-05 tau=1.4116495162214606e-05 prediction=18.135691667431711 rho=1.0001346923015479 accept=1
  MFCG it 342 cost=1.780890e+06 lam=3.529e-06 tau=0.00e+00 cg_it=0 shift=0 ckpt=1 alpha=0 acc mv=998
PCG_PREP o=342 rebuild=1 drift=0 previous_depth=1
E2_CAP o=342 retry=0 touched=194 ncam=3068 raw=15505.096316829222 capped=29.21053986890248 radius=16.90295171635481 median=0.062728818686371701 global_scale=0.57865933982102402
ATTR_RADIUS o=342 raw_norm=15505.096316829215 norm=16.902951716354789 radius=16.90295171635481 next_radius=33.80590343270962 lambda=3.5291237905536516e-06 next_lambda=8.8228094763841289e-07 rho=1.0001115885505922 accept=1
CLASSICAL_LM o=342 lambda=3.5291237905536516e-06 tau=3.5291237905536516e-06 prediction=31.323097290701806 rho=1.0001115885505922 accept=1
  MFCG it 343 cost=1.780858e+06 lam=8.823e-07 tau=0.00e+00 cg_it=0 shift=0 ckpt=1 alpha=0 acc mv=1000
PCG_PREP o=343 rebuild=1 drift=0 previous_depth=1
E2_CAP o=343 retry=0 touched=183 ncam=3068 raw=34653.631430973022 capped=149.3833563958967 radius=33.80590343270962 median=0.30804939917588892 global_scale=0.22630301158260901
ATTR_RADIUS o=343 raw_norm=34653.631430972971 norm=33.805903432709599 radius=33.80590343270962 next_radius=67.61180686541924 lambda=8.8228094763841289e-07 next_lambda=2.2057023690960322e-07 rho=1.0083497647074753 accept=1
CLASSICAL_LM o=343 lambda=8.8228094763841289e-07 tau=8.8228094763841289e-07 prediction=1.154143333346322 rho=1.0083497647074753 accept=1
  MFCG it 344 cost=1.780857e+06 lam=2.206e-07 tau=0.00e+00 cg_it=1 shift=0 ckpt=2 alpha=0 acc mv=1003
PCG_PREP o=344 rebuild=1 drift=0 previous_depth=2
E2_CAP o=344 retry=0 touched=185 ncam=3068 raw=52861.152337274783 capped=138.19037387685557 radius=67.61180686541924 median=0.2876785550099823 global_scale=0.48926567725816839
ATTR_RADIUS o=344 raw_norm=52861.15233727474 norm=67.611806865419297 radius=67.61180686541924 next_radius=16.90295171635481 lambda=2.2057023690960322e-07 next_lambda=3.5291237905536516e-06 rho=-1 accept=0
CLASSICAL_LM o=344 lambda=2.2057023690960322e-07 tau=2.2057023690960322e-07 prediction=-15.985057798916291 rho=-1 accept=0
  MFCG it 345  retry 1/8  lam=3.529e-06 tau_eff=2.206e-07  (assembly reused)
PCG_PREP o=344 rebuild=1 drift=0 previous_depth=2
E2_CAP o=344 retry=1 touched=190 ncam=3068 raw=15472.201424901596 capped=42.491394730025611 radius=16.90295171635481 median=0.089241259590427321 global_scale=0.39779705570386253
ATTR_RADIUS o=344 raw_norm=15472.201424901596 norm=16.90295171635481 radius=16.90295171635481 next_radius=33.80590343270962 lambda=3.5291237905536516e-06 next_lambda=8.8228094763841289e-07 rho=1.0001488587319418 accept=1
CLASSICAL_LM o=344 lambda=3.5291237905536516e-06 tau=3.5291237905536516e-06 prediction=30.126380347413573 rho=1.0001488587319418 accept=1
  MFCG it 345 cost=1.780827e+06 lam=8.823e-07 tau=0.00e+00 cg_it=0 shift=0 ckpt=1 alpha=0 acc mv=1008
PCG_PREP o=345 rebuild=1 drift=0 previous_depth=1
E2_CAP o=345 retry=0 touched=174 ncam=3068 raw=34651.920203173089 capped=137.59070426676143 radius=33.80590343270962 median=0.28777754522025145 global_scale=0.24569903623115841
ATTR_RADIUS o=345 raw_norm=34651.920203173089 norm=33.805903432709592 radius=33.80590343270962 next_radius=8.451475858177405 lambda=8.8228094763841289e-07 next_lambda=1.4116495162214606e-05 rho=-1 accept=0
CLASSICAL_LM o=345 lambda=8.8228094763841289e-07 tau=8.8228094763841289e-07 prediction=-0.47492559778943488 rho=-1 accept=0
  MFCG it 346  retry 1/8  lam=1.412e-05 tau_eff=8.823e-07  (assembly reused)
PCG_PREP o=345 rebuild=1 drift=0 previous_depth=2
E2_CAP o=345 retry=1 touched=185 ncam=3068 raw=9815.6971459697088 capped=31.077212101330382 radius=8.451475858177405 median=0.06751223117414186 global_scale=0.27195090185762211
ATTR_RADIUS o=345 raw_norm=9815.6971459697106 norm=8.4514758581774032 radius=8.451475858177405 next_radius=16.90295171635481 lambda=1.4116495162214606e-05 next_lambda=3.5291237905536516e-06 rho=1.0001369015804047 accept=1
CLASSICAL_LM o=345 lambda=1.4116495162214606e-05 tau=1.4116495162214606e-05 prediction=17.782999638229761 rho=1.0001369015804047 accept=1
  MFCG it 346 cost=1.780809e+06 lam=3.529e-06 tau=0.00e+00 cg_it=0 shift=0 ckpt=1 alpha=0 acc mv=1013
PCG_PREP o=346 rebuild=1 drift=0 previous_depth=1
E2_CAP o=346 retry=0 touched=168 ncam=3068 raw=25184.37609396112 capped=128.46352017118252 radius=16.90295171635481 median=0.27277657727978499 global_scale=0.13157783387712702
ATTR_RADIUS o=346 raw_norm=25184.376093961124 norm=16.902951716354863 radius=16.90295171635481 next_radius=33.80590343270962 lambda=3.5291237905536516e-06 next_lambda=8.8228094763841289e-07 rho=1.0007767435394379 accept=1
CLASSICAL_LM o=346 lambda=3.5291237905536516e-06 tau=3.5291237905536516e-06 prediction=3.5978953473152178 rho=1.0007767435394379 accept=1
  MFCG it 347 cost=1.780806e+06 lam=8.823e-07 tau=0.00e+00 cg_it=1 shift=0 ckpt=2 alpha=0 acc mv=1016
PCG_PREP o=347 rebuild=1 drift=0 previous_depth=2
E2_CAP o=347 retry=0 touched=174 ncam=3068 raw=34651.624818673037 capped=131.49348535961983 radius=33.80590343270962 median=0.27676770718116189 global_scale=0.25709185014188568
ATTR_RADIUS o=347 raw_norm=34651.624818673037 norm=33.805903432709684 radius=33.80590343270962 next_radius=8.451475858177405 lambda=8.8228094763841289e-07 next_lambda=1.4116495162214606e-05 rho=-1 accept=0
CLASSICAL_LM o=347 lambda=8.8228094763841289e-07 tau=8.8228094763841289e-07 prediction=-1.5000968562574388 rho=-1 accept=0
  MFCG it 348  retry 1/8  lam=1.412e-05 tau_eff=8.823e-07  (assembly reused)
PCG_PREP o=347 rebuild=1 drift=0 previous_depth=2
E2_CAP o=347 retry=1 touched=180 ncam=3068 raw=9810.7175560103642 capped=36.311041032736362 radius=8.451475858177405 median=0.078398066599390567 global_scale=0.23275223231848252
ATTR_RADIUS o=347 raw_norm=9810.7175560103624 norm=8.4514758581773908 radius=8.451475858177405 next_radius=16.90295171635481 lambda=1.4116495162214606e-05 next_lambda=3.5291237905536516e-06 rho=1.0000699292905411 accept=1
CLASSICAL_LM o=347 lambda=1.4116495162214606e-05 tau=1.4116495162214606e-05 prediction=17.607982434528786 rho=1.0000699292905411 accept=1
  MFCG it 348 cost=1.780788e+06 lam=3.529e-06 tau=0.00e+00 cg_it=0 shift=0 ckpt=1 alpha=0 acc mv=1021
PCG_PREP o=348 rebuild=1 drift=0 previous_depth=1
E2_CAP o=348 retry=0 touched=168 ncam=3068 raw=25185.54519278204 capped=123.98854547182427 radius=16.90295171635481 median=0.26546598203849636 global_scale=0.13632671995652951
ATTR_RADIUS o=348 raw_norm=25185.54519278205 norm=16.902951716354771 radius=16.90295171635481 next_radius=33.80590343270962 lambda=3.5291237905536516e-06 next_lambda=8.8228094763841289e-07 rho=1.0009168398827237 accept=1
CLASSICAL_LM o=348 lambda=3.5291237905536516e-06 tau=3.5291237905536516e-06 prediction=3.2125933264928155 rho=1.0009168398827237 accept=1
  MFCG it 349 cost=1.780785e+06 lam=8.823e-07 tau=0.00e+00 cg_it=1 shift=0 ckpt=2 alpha=0 acc mv=1024
PCG_PREP o=349 rebuild=1 drift=0 previous_depth=2
E2_CAP o=349 retry=0 touched=172 ncam=3068 raw=34651.083630801601 capped=126.84789507433975 radius=33.80590343270962 median=0.26791833062982079 global_scale=0.26650740568377213
ATTR_RADIUS o=349 raw_norm=34651.083630801608 norm=33.805903432709584 radius=33.80590343270962 next_radius=8.451475858177405 lambda=8.8228094763841289e-07 next_lambda=1.4116495162214606e-05 rho=-1 accept=0
CLASSICAL_LM o=349 lambda=8.8228094763841289e-07 tau=8.8228094763841289e-07 prediction=-2.2742263472055106 rho=-1 accept=0
  MFCG it 350  retry 1/8  lam=1.412e-05 tau_eff=8.823e-07  (assembly reused)
PCG_PREP o=349 rebuild=1 drift=0 previous_depth=2
E2_CAP o=349 retry=1 touched=184 ncam=3068 raw=9806.3097603002025 capped=39.558701055372794 radius=8.451475858177405 median=0.084003670051011919 global_scale=0.21364391733559057
ATTR_RADIUS o=349 raw_norm=9806.3097603002061 norm=8.4514758581773872 radius=8.451475858177405 next_radius=16.90295171635481 lambda=1.4116495162214606e-05 next_lambda=3.5291237905536516e-06 rho=1.0000665807442963 accept=1
CLASSICAL_LM o=349 lambda=1.4116495162214606e-05 tau=1.4116495162214606e-05 prediction=17.529907102839513 rho=1.0000665807442963 accept=1
  MFCG it 350 cost=1.780767e+06 lam=3.529e-06 tau=0.00e+00 cg_it=0 shift=0 ckpt=1 alpha=0 acc mv=1029
PCG_PREP o=350 rebuild=1 drift=0 previous_depth=1
E2_CAP o=350 retry=0 touched=169 ncam=3068 raw=25186.076445731669 capped=119.66037258581416 radius=16.90295171635481 median=0.25718484777372141 global_scale=0.14125772259511307
ATTR_RADIUS o=350 raw_norm=25186.076445731684 norm=16.902951716354806 radius=16.90295171635481 next_radius=33.80590343270962 lambda=3.5291237905536516e-06 next_lambda=8.8228094763841289e-07 rho=1.0010266337672107 accept=1
CLASSICAL_LM o=350 lambda=3.5291237905536516e-06 tau=3.5291237905536516e-06 prediction=2.9203223476569695 rho=1.0010266337672107 accept=1
  MFCG it 351 cost=1.780764e+06 lam=8.823e-07 tau=0.00e+00 cg_it=1 shift=0 ckpt=2 alpha=0 acc mv=1032
PCG_PREP o=351 rebuild=1 drift=0 previous_depth=2
E2_CAP o=351 retry=0 touched=174 ncam=3068 raw=34646.444611119303 capped=122.59647854224731 radius=33.80590343270962 median=0.25988849597452801 global_scale=0.27574938395200277
ATTR_RADIUS o=351 raw_norm=34646.444611119325 norm=33.805903432709691 radius=33.80590343270962 next_radius=8.451475858177405 lambda=8.8228094763841289e-07 next_lambda=1.4116495162214606e-05 rho=-1 accept=0
CLASSICAL_LM o=351 lambda=8.8228094763841289e-07 tau=8.8228094763841289e-07 prediction=-2.6939612397330186 rho=-1 accept=0
  MFCG it 352  retry 1/8  lam=1.412e-05 tau_eff=8.823e-07  (assembly reused)
PCG_PREP o=351 rebuild=1 drift=0 previous_depth=2
E2_CAP o=351 retry=1 touched=187 ncam=3068 raw=9802.0520780343668 capped=41.866724029130317 radius=8.451475858177405 median=0.087558349086042028 global_scale=0.20186618499926048
ATTR_RADIUS o=351 raw_norm=9802.0520780343559 norm=8.451475858177405 radius=8.451475858177405 next_radius=16.90295171635481 lambda=1.4116495162214606e-05 next_lambda=3.5291237905536516e-06 rho=1.0000645674135278 accept=1
CLASSICAL_LM o=351 lambda=1.4116495162214606e-05 tau=1.4116495162214606e-05 prediction=17.531883070730238 rho=1.0000645674135278 accept=1
  MFCG it 352 cost=1.780747e+06 lam=3.529e-06 tau=0.00e+00 cg_it=0 shift=0 ckpt=1 alpha=0 acc mv=1037
PCG_PREP o=352 rebuild=1 drift=0 previous_depth=1
E2_CAP o=352 retry=0 touched=163 ncam=3068 raw=25186.170286746554 capped=116.89021891548728 radius=16.90295171635481 median=0.25304503253960414 global_scale=0.14460535597572796
ATTR_RADIUS o=352 raw_norm=25186.170286746557 norm=16.902951716354835 radius=16.90295171635481 next_radius=33.80590343270962 lambda=3.5291237905536516e-06 next_lambda=8.8228094763841289e-07 rho=1.0010697371704127 accept=1
CLASSICAL_LM o=352 lambda=3.5291237905536516e-06 tau=3.5291237905536516e-06 prediction=2.8500803281485694 rho=1.0010697371704127 accept=1
  MFCG: converged (OCA_FTOL: 8 outers < 1.0e-05 rel)
  MFCG: accepts=353 rejects=26 total_matvecs=1040 negcurv=1 cand_evals=379 mean_cg_per_outer=2.9
NUMERIC_REPAIR summary rebuilds=1 floor=2.2057023690960322e-07
  [retry-cache] builds=380 reuses=0
  [menu-backtrack] trials=243 rescues=228 evals=736 total_scored=1115
POINT_SAFE summary calls=233 evals=233 wins=116 frozen=39986 seconds=2.77279405
  [scoring] menu_evals=379 alpha_evals=0 backtrack_evals=736 total_scored=1115
RESULT algo=mfree_shifted_cg iters=353 final_cost=1780743.9315259529 solve_seconds=17.652695
DIAGNOSTICS median_reproj_err_px 2.704502 -> 0.549554 | cheirality_violations(obs) 751 -> 845 | cheirality_violations(pts, of 310854) 725 -> 771
