  [menu-backtrack] active=1 max_evals=8 warmup_accepts=3 confirm_stop=original armijo=1e-4
MIXED_STORAGE fragments=fp32 arithmetic=fp64 state=fp64 acceptance=fp64
  [compact-fragments] active=2 saved_bytes=36105992 storage=fp32 camera_reads=contiguous
  MFCG score_init=11152062.77276247 precision=fp64
PCG_PREP o=0 rebuild=1 drift=0 previous_depth=0
E2_CAP o=0 retry=0 touched=0 ncam=52 raw=3225.3525896296692 capped=3225.3525896296678 radius=3225.3525896296692 median=290.86422472540983 global_scale=1
ATTR_RADIUS o=0 raw_norm=3225.3525896296692 norm=3225.3525896296687 radius=3225.3525896296692 next_radius=6450.7051792593384 lambda=0.10000000000000001 next_lambda=0.025000000000000001 rho=0.99997438839510666 accept=1
CLASSICAL_LM o=0 lambda=0.10000000000000001 tau=0.10000000000000001 prediction=8877594.9877400436 rho=0.99997438839510666 accept=1
  MFCG it   1 cost=2.274695e+06 lam=2.500e-02 tau=0.00e+00 cg_it=0 shift=0 ckpt=1 alpha=0 acc mv=2
PCG_PREP o=1 rebuild=1 drift=0 previous_depth=1
E2_CAP o=1 retry=0 touched=0 ncam=52 raw=2647.2316791714625 capped=2647.2316791714625 radius=6450.7051792593384 median=296.51490701518952 global_scale=1
ATTR_RADIUS o=1 raw_norm=2647.2316791714625 norm=2647.2316791714625 radius=6450.7051792593384 next_radius=6450.7051792593384 lambda=0.025000000000000001 next_lambda=0.0025000000000000005 rho=0.99732186802086009 accept=1
CLASSICAL_LM o=1 lambda=0.025000000000000001 tau=0.025000000000000001 prediction=749170.87928918679 rho=0.99732186802086009 accept=1
  MFCG it   2 cost=1.527531e+06 lam=2.500e-03 tau=0.00e+00 cg_it=1 shift=0 ckpt=2 alpha=0 acc mv=5
PCG_PREP o=2 rebuild=1 drift=0 previous_depth=2
E2_CAP o=2 retry=0 touched=0 ncam=52 raw=9679.0863623711484 capped=9679.086362371143 radius=6450.7051792593384 median=1120.4207577280868 global_scale=0.66645806615977654
ATTR_RADIUS o=2 raw_norm=9679.0863623711484 norm=6450.705179259342 radius=6450.7051792593384 next_radius=12901.410358518677 lambda=0.0025000000000000005 next_lambda=0.00062500000000000012 rho=0.99781665547735887 accept=1
CLASSICAL_LM o=2 lambda=0.0025000000000000005 tau=0.0025000000000000005 prediction=391533.83690039651 rho=0.99781665547735887 accept=1
  MFCG it   3 cost=1.136852e+06 lam=6.250e-04 tau=0.00e+00 cg_it=6 shift=0 ckpt=7 alpha=0 acc mv=13
PCG_PREP o=3 rebuild=1 drift=0 previous_depth=7
E2_CAP o=3 retry=0 touched=0 ncam=52 raw=20928.957128715494 capped=20928.957128715487 radius=12901.410358518677 median=2297.2363782081657 global_scale=0.61643828114193766
ATTR_RADIUS o=3 raw_norm=20928.957128715494 norm=12901.41035851868 radius=12901.410358518677 next_radius=25802.820717037353 lambda=0.00062500000000000012 next_lambda=0.00015625000000000003 rho=1.0092999523785875 accept=1
CLASSICAL_LM o=3 lambda=0.00062500000000000012 tau=0.00062500000000000012 prediction=308471.9626646355 rho=1.0092999523785875 accept=1
  MFCG it   4 cost=8.255109e+05 lam=1.563e-04 tau=0.00e+00 cg_it=5 shift=0 ckpt=6 alpha=0 acc mv=20
PCG_PREP o=4 rebuild=1 drift=0 previous_depth=6
E2_CAP o=4 retry=0 touched=0 ncam=52 raw=36947.52708089487 capped=36947.527080894884 radius=25802.820717037353 median=3924.8182473335482 global_scale=0.69836394356091225
ATTR_RADIUS o=4 raw_norm=36947.52708089487 norm=25802.820717037343 radius=25802.820717037353 next_radius=51605.641434074707 lambda=0.00015625000000000003 next_lambda=3.9062500000000008e-05 rho=0.98450353605092078 accept=1
CLASSICAL_LM o=4 lambda=0.00015625000000000003 tau=0.00015625000000000003 prediction=330259.37024952332 rho=0.98450353605092078 accept=1
  MFCG it   5 cost=5.003694e+05 lam=3.906e-05 tau=0.00e+00 cg_it=8 shift=0 ckpt=9 alpha=0 acc mv=30
PCG_PREP o=5 rebuild=1 drift=0 previous_depth=9
E2_CAP o=5 retry=0 touched=0 ncam=52 raw=37750.171282312855 capped=37750.171282312855 radius=51605.641434074707 median=3005.5819695064465 global_scale=1
POINT_SAFE o=5 frozen=1453 slope=-323344.57529904181 candidate=374362.49860436056 original=374479.10703237134 current=500369.41498381138 won=1 mode=1 camera_scale=1 keep_scale=0
ATTR_RADIUS o=5 raw_norm=37750.171282312847 norm=37750.171282312847 radius=51605.641434074707 next_radius=51605.641434074707 lambda=3.9062500000000008e-05 next_lambda=3.9062500000000009e-06 rho=0.69015424740446973 accept=1
CLASSICAL_LM o=5 lambda=3.9062500000000008e-05 tau=3.9062500000000008e-05 prediction=182577.90465441209 rho=0.69015424740446973 accept=1
  MFCG it   6 cost=3.743625e+05 lam=3.906e-06 tau=0.00e+00 cg_it=6 shift=0 ckpt=7 alpha=0 acc mv=38
PCG_PREP o=6 rebuild=1 drift=0 previous_depth=7
E2_CAP o=6 retry=0 touched=1 ncam=52 raw=9318.1024178624812 capped=6601.5565237278515 radius=51605.641434074707 median=168.614066009689 global_scale=1
POINT_SAFE o=6 frozen=38 slope=-174292.5429392753 candidate=296552.81161610963 original=311068.83773953433 current=374362.49860436056 won=1 mode=1 camera_scale=1 keep_scale=0
ATTR_RADIUS o=6 raw_norm=9318.1024178624812 norm=6601.5565237278515 radius=51605.641434074707 next_radius=51605.641434074707 lambda=3.9062500000000009e-06 next_lambda=3.9062500000000012e-07 rho=0.89374799684959694 accept=1
CLASSICAL_LM o=6 lambda=3.9062500000000009e-06 tau=3.9062500000000009e-06 prediction=87059.984763630215 rho=0.89374799684959694 accept=1
  MFCG it   7 cost=2.965528e+05 lam=3.906e-07 tau=0.00e+00 cg_it=0 shift=0 ckpt=1 alpha=0 acc mv=40
PCG_PREP o=7 rebuild=1 drift=0 previous_depth=1
E2_CAP o=7 retry=0 touched=2 ncam=52 raw=56133.533683274843 capped=26898.014626330129 radius=51605.641434074707 median=609.28805888281022 global_scale=1
POINT_SAFE o=7 frozen=115 slope=-45761.168020547826 candidate=304348.73442531162 original=282581.64382793492 current=296552.81161610963 won=0 mode=1 camera_scale=1 keep_scale=0
ATTR_RADIUS o=7 raw_norm=56133.533683274851 norm=13449.007313165062 radius=51605.641434074707 next_radius=51605.641434074707 lambda=3.9062500000000012e-07 next_lambda=3.9062500000000016e-08 rho=0.60511873717505615 accept=1
CLASSICAL_LM o=7 lambda=3.9062500000000012e-07 tau=3.9062500000000012e-07 prediction=23088.308012734618 rho=0.60511873717505615 accept=1
  MFCG it   8 cost=2.825816e+05 lam=3.906e-08 tau=0.00e+00 cg_it=4 shift=0 ckpt=5 alpha=0 acc mv=46
PCG_PREP o=8 rebuild=1 drift=0 previous_depth=5
E2_CAP o=8 retry=0 touched=2 ncam=52 raw=11854.31554394804 capped=2855.906687638686 radius=51605.641434074707 median=62.925440467374131 global_scale=1
ATTR_RADIUS o=8 raw_norm=11854.31554394804 norm=2855.9066876386851 radius=51605.641434074707 next_radius=12901.410358518677 lambda=3.9062500000000016e-08 next_lambda=6.2500000000000026e-07 rho=0.20235933393233113 accept=1
CLASSICAL_LM o=8 lambda=3.9062500000000016e-08 tau=3.9062500000000016e-08 prediction=16619.747178501624 rho=0.20235933393233113 accept=1
  MFCG it   9 cost=2.792185e+05 lam=6.250e-07 tau=0.00e+00 cg_it=0 shift=0 ckpt=1 alpha=0 acc mv=48
PCG_PREP o=9 rebuild=1 drift=0 previous_depth=1
E2_CAP o=9 retry=0 touched=2 ncam=52 raw=41539.996756312372 capped=6987.9384306937964 radius=12901.410358518677 median=156.39085540345084 global_scale=1
ATTR_RADIUS o=9 raw_norm=41539.996756312357 norm=6987.9384306937964 radius=12901.410358518677 next_radius=12901.410358518677 lambda=6.2500000000000026e-07 next_lambda=6.2500000000000024e-08 rho=0.37224992035353416 accept=1
CLASSICAL_LM o=9 lambda=6.2500000000000026e-07 tau=6.2500000000000026e-07 prediction=13758.832167921348 rho=0.37224992035353416 accept=1
  MFCG it  10 cost=2.740968e+05 lam=6.250e-08 tau=0.00e+00 cg_it=1 shift=0 ckpt=2 alpha=0 acc mv=51
PCG_PREP o=10 rebuild=1 drift=0 previous_depth=2
E2_CAP o=10 retry=0 touched=2 ncam=52 raw=13621.092513280255 capped=1230.3262611843184 radius=12901.410358518677 median=23.987828883041921 global_scale=1
ATTR_RADIUS o=10 raw_norm=13621.092513280253 norm=0 radius=12901.410358518677 next_radius=3225.3525896296692 lambda=6.2500000000000024e-08 next_lambda=1.0000000000000004e-06 rho=0.018478363745549439 accept=0
CLASSICAL_LM o=10 lambda=6.2500000000000024e-08 tau=6.2500000000000024e-08 prediction=9648.4125435637106 rho=0.018478363745549439 accept=0
  MFCG it  11  retry 1/8  lam=1.000e-06 tau_eff=6.250e-08  (assembly reused)
PCG_PREP o=10 rebuild=1 drift=0 previous_depth=1
E2_CAP o=10 retry=1 touched=2 ncam=52 raw=12700.87032969181 capped=1194.4863422971391 radius=3225.3525896296692 median=23.397636032998747 global_scale=1
ATTR_RADIUS o=10 raw_norm=12700.87032969181 norm=0 radius=3225.3525896296692 next_radius=806.3381474074173 lambda=1.0000000000000004e-06 next_lambda=1.6000000000000006e-05 rho=0.030581248839308007 accept=0
CLASSICAL_LM o=10 lambda=1.0000000000000004e-06 tau=1.0000000000000004e-06 prediction=9562.2674535746482 rho=0.030581248839308007 accept=0
  MFCG it  11  retry 2/8  lam=1.600e-05 tau_eff=1.000e-06  (assembly reused)
PCG_PREP o=10 rebuild=1 drift=0 previous_depth=1
E2_CAP o=10 retry=2 touched=2 ncam=52 raw=6355.3011529189089 capped=976.51497589636801 radius=806.3381474074173 median=19.695635530829662 global_scale=0.8257304468549076
POINT_SAFE o=10 frozen=12 slope=-5818.8083787554278 candidate=271243.53532699565 original=271270.98222727439 current=274096.75868010323 won=1 mode=1 camera_scale=1 keep_scale=0
ATTR_RADIUS o=10 raw_norm=6355.3011529189098 norm=806.3381474074173 radius=806.3381474074173 next_radius=1612.6762948148346 lambda=1.6000000000000006e-05 next_lambda=4.0000000000000015e-06 rho=0.8636735075814902 accept=1
CLASSICAL_LM o=10 lambda=1.6000000000000006e-05 tau=1.6000000000000006e-05 prediction=3303.5902202179868 rho=0.8636735075814902 accept=1
  MFCG it  11 cost=2.712435e+05 lam=4.000e-06 tau=0.00e+00 cg_it=0 shift=0 ckpt=1 alpha=0 acc mv=57
PCG_PREP o=11 rebuild=1 drift=0 previous_depth=1
E2_CAP o=11 retry=0 touched=2 ncam=52 raw=10664.213640351374 capped=899.09857900370537 radius=1612.6762948148346 median=19.943242214524609 global_scale=1
POINT_SAFE o=11 frozen=10 slope=-1488.013462979786 candidate=270463.94680130488 original=269597.43602480885 current=271243.53532699565 won=0 mode=1 camera_scale=1 keep_scale=0
ATTR_RADIUS o=11 raw_norm=10664.213640351374 norm=56.193661187731593 radius=1612.6762948148346 next_radius=1612.6762948148346 lambda=4.0000000000000015e-06 next_lambda=4.0000000000000019e-07 rho=2.0936106463280346 accept=1
CLASSICAL_LM o=11 lambda=4.0000000000000015e-06 tau=4.0000000000000015e-06 prediction=786.24901199938222 rho=2.0936106463280346 accept=1
  MFCG it  12 cost=2.695974e+05 lam=4.000e-07 tau=0.00e+00 cg_it=0 shift=0 ckpt=1 alpha=0 acc mv=59
PCG_PREP o=12 rebuild=1 drift=0 previous_depth=1
E2_CAP o=12 retry=0 touched=2 ncam=52 raw=48243.684179047639 capped=3297.5914203017301 radius=1612.6762948148346 median=74.612197033344188 global_scale=0.48904672813203598
ATTR_RADIUS o=12 raw_norm=48243.684179047639 norm=0 radius=1612.6762948148346 next_radius=403.16907370370865 lambda=4.0000000000000019e-07 next_lambda=6.4000000000000031e-06 rho=0.021465501889941764 accept=0
CLASSICAL_LM o=12 lambda=4.0000000000000019e-07 tau=4.0000000000000019e-07 prediction=5627.9953146012449 rho=0.021465501889941764 accept=0
  MFCG it  13  retry 1/8  lam=6.400e-06 tau_eff=4.000e-07  (assembly reused)
PCG_PREP o=12 rebuild=1 drift=0 previous_depth=2
E2_CAP o=12 retry=1 touched=2 ncam=52 raw=9203.3501468043651 capped=837.83449459075666 radius=403.16907370370865 median=19.176034788368931 global_scale=0.48120371780662724
POINT_SAFE o=12 frozen=5 slope=-866.94667335179838 candidate=269171.65209930815 original=267676.55245186866 current=269597.43602480885 won=0 mode=1 camera_scale=1 keep_scale=0
ATTR_RADIUS o=12 raw_norm=9203.3501468043669 norm=50.396134212963581 radius=403.16907370370865 next_radius=403.16907370370865 lambda=6.4000000000000031e-06 next_lambda=6.4000000000000033e-07 rho=2.2432898765833391 accept=1
CLASSICAL_LM o=12 lambda=6.4000000000000031e-06 tau=6.4000000000000031e-06 prediction=856.27969572341135 rho=2.2432898765833391 accept=1
  MFCG it  13 cost=2.676766e+05 lam=6.400e-07 tau=0.00e+00 cg_it=0 shift=0 ckpt=1 alpha=0 acc mv=64
PCG_PREP o=13 rebuild=1 drift=0 previous_depth=1
E2_CAP o=13 retry=0 touched=2 ncam=52 raw=47319.068786673568 capped=2736.8692278969838 radius=403.16907370370865 median=62.633162679454337 global_scale=0.14731031705650935
ATTR_RADIUS o=13 raw_norm=47319.06878667359 norm=403.16907370370859 radius=403.16907370370865 next_radius=403.16907370370865 lambda=6.4000000000000033e-07 next_lambda=6.4000000000000033e-07 rho=0.35125988020188786 accept=1
CLASSICAL_LM o=13 lambda=6.4000000000000033e-07 tau=6.4000000000000033e-07 prediction=1878.0154923581445 rho=0.35125988020188786 accept=1
  MFCG it  14 cost=2.670169e+05 lam=6.400e-07 tau=0.00e+00 cg_it=1 shift=0 ckpt=2 alpha=0 acc mv=67
PCG_PREP o=14 rebuild=1 drift=0 previous_depth=2
E2_CAP o=14 retry=0 touched=2 ncam=52 raw=46766.649847529698 capped=2851.0096714526753 radius=403.16907370370865 median=64.68100018130319 global_scale=0.14141273449215691
ATTR_RADIUS o=14 raw_norm=46766.64984752969 norm=403.16907370370876 radius=403.16907370370865 next_radius=403.16907370370865 lambda=6.4000000000000033e-07 next_lambda=6.4000000000000033e-07 rho=0.33768849833284742 accept=1
CLASSICAL_LM o=14 lambda=6.4000000000000033e-07 tau=6.4000000000000033e-07 prediction=1987.4358117985505 rho=0.33768849833284742 accept=1
  MFCG it  15 cost=2.663457e+05 lam=6.400e-07 tau=0.00e+00 cg_it=1 shift=0 ckpt=2 alpha=0 acc mv=70
PCG_PREP o=15 rebuild=1 drift=0 previous_depth=2
E2_CAP o=15 retry=0 touched=2 ncam=52 raw=45600.098646770355 capped=2960.6232467045743 radius=403.16907370370865 median=65.825065772608951 global_scale=0.13617709519523302
ATTR_RADIUS o=15 raw_norm=45600.098646770355 norm=403.16907370370859 radius=403.16907370370865 next_radius=403.16907370370865 lambda=6.4000000000000033e-07 next_lambda=6.4000000000000033e-07 rho=0.29039902536111656 accept=1
CLASSICAL_LM o=15 lambda=6.4000000000000033e-07 tau=6.4000000000000033e-07 prediction=1770.4560884072139 rho=0.29039902536111656 accept=1
  MFCG it  16 cost=2.658316e+05 lam=6.400e-07 tau=0.00e+00 cg_it=1 shift=0 ckpt=2 alpha=0 acc mv=73
PCG_PREP o=16 rebuild=1 drift=0 previous_depth=2
E2_CAP o=16 retry=0 touched=2 ncam=52 raw=46112.910968168631 capped=2823.5975225918696 radius=403.16907370370865 median=62.943581975966396 global_scale=0.14278560257894934
ATTR_RADIUS o=16 raw_norm=46112.910968168646 norm=403.16907370370865 radius=403.16907370370865 next_radius=403.16907370370865 lambda=6.4000000000000033e-07 next_lambda=6.4000000000000033e-07 rho=0.586595890318371 accept=1
CLASSICAL_LM o=16 lambda=6.4000000000000033e-07 tau=6.4000000000000033e-07 prediction=1384.0498577472013 rho=0.586595890318371 accept=1
  MFCG it  17 cost=2.650197e+05 lam=6.400e-07 tau=0.00e+00 cg_it=1 shift=0 ckpt=2 alpha=0 acc mv=76
PCG_PREP o=17 rebuild=1 drift=0 previous_depth=2
E2_CAP o=17 retry=0 touched=2 ncam=52 raw=46615.291156047737 capped=2597.6042264093448 radius=403.16907370370865 median=58.105724668960633 global_scale=0.15520804501500493
ATTR_RADIUS o=17 raw_norm=46615.291156047737 norm=403.16907370370876 radius=403.16907370370865 next_radius=806.3381474074173 lambda=6.4000000000000033e-07 next_lambda=1.6000000000000008e-07 rho=0.77413048106454796 accept=1
CLASSICAL_LM o=17 lambda=6.4000000000000033e-07 tau=6.4000000000000033e-07 prediction=755.50996632080648 rho=0.77413048106454796 accept=1
  MFCG it  18 cost=2.644349e+05 lam=1.600e-07 tau=0.00e+00 cg_it=1 shift=0 ckpt=2 alpha=0 acc mv=79
PCG_PREP o=18 rebuild=1 drift=0 previous_depth=2
E2_CAP o=18 retry=0 touched=2 ncam=52 raw=53436.924084491824 capped=2596.897247254436 radius=806.3381474074173 median=58.256594064476531 global_scale=0.31050059768822835
ATTR_RADIUS o=18 raw_norm=53436.924084491824 norm=806.3381474074173 radius=806.3381474074173 next_radius=806.3381474074173 lambda=1.6000000000000008e-07 next_lambda=1.6000000000000008e-07 rho=0.72297508855814208 accept=1
CLASSICAL_LM o=18 lambda=1.6000000000000008e-07 tau=1.6000000000000008e-07 prediction=501.85289194917891 rho=0.72297508855814208 accept=1
  MFCG it  19 cost=2.640720e+05 lam=1.600e-07 tau=0.00e+00 cg_it=1 shift=0 ckpt=2 alpha=0 acc mv=82
PCG_PREP o=19 rebuild=1 drift=0 previous_depth=2
E2_CAP o=19 retry=0 touched=2 ncam=52 raw=54203.165589953642 capped=2243.8201226772217 radius=806.3381474074173 median=51.003162810021351 global_scale=0.35935953121114367
ATTR_RADIUS o=19 raw_norm=54203.165589953649 norm=806.33814740741752 radius=806.3381474074173 next_radius=1612.6762948148346 lambda=1.6000000000000008e-07 next_lambda=4.0000000000000021e-08 rho=0.86533399974206104 accept=1
CLASSICAL_LM o=19 lambda=1.6000000000000008e-07 tau=1.6000000000000008e-07 prediction=435.12299599400825 rho=0.86533399974206104 accept=1
  MFCG it  20 cost=2.636955e+05 lam=4.000e-08 tau=0.00e+00 cg_it=1 shift=0 ckpt=2 alpha=0 acc mv=85
PCG_PREP o=20 rebuild=1 drift=0 previous_depth=2
E2_CAP o=20 retry=0 touched=2 ncam=52 raw=56557.7343035304 capped=2032.1461094328024 radius=1612.6762948148346 median=46.235385788387646 global_scale=0.79358284688739866
ATTR_RADIUS o=20 raw_norm=56557.7343035304 norm=1612.6762948148348 radius=1612.6762948148346 next_radius=3225.3525896296692 lambda=4.0000000000000021e-08 next_lambda=1.0000000000000005e-08 rho=0.86379584883988825 accept=1
CLASSICAL_LM o=20 lambda=4.0000000000000021e-08 tau=4.0000000000000021e-08 prediction=582.86547419561157 rho=0.86379584883988825 accept=1
  MFCG it  21 cost=2.631920e+05 lam=1.000e-08 tau=0.00e+00 cg_it=1 shift=0 ckpt=2 alpha=0 acc mv=88
PCG_PREP o=21 rebuild=1 drift=0 previous_depth=2
E2_CAP o=21 retry=0 touched=2 ncam=52 raw=57687.198416938831 capped=1321.4099879259452 radius=3225.3525896296692 median=29.943947480916933 global_scale=1
ATTR_RADIUS o=21 raw_norm=57687.198416938823 norm=1321.409987925945 radius=3225.3525896296692 next_radius=3225.3525896296692 lambda=1.0000000000000005e-08 next_lambda=1.0000000000000005e-09 rho=0.90954286060730283 accept=1
CLASSICAL_LM o=21 lambda=1.0000000000000005e-08 tau=1.0000000000000005e-08 prediction=475.08803355423368 rho=0.90954286060730283 accept=1
  MFCG it  22 cost=2.627599e+05 lam=1.000e-09 tau=0.00e+00 cg_it=1 shift=0 ckpt=2 alpha=0 acc mv=91
PCG_PREP o=22 rebuild=1 drift=0 previous_depth=2
E2_CAP o=22 retry=0 touched=2 ncam=52 raw=58168.393522091574 capped=1335.6018004642208 radius=3225.3525896296692 median=30.643390417898846 global_scale=1
ATTR_RADIUS o=22 raw_norm=58168.393522091588 norm=1335.6018004642208 radius=3225.3525896296692 next_radius=3225.3525896296692 lambda=1.0000000000000005e-09 next_lambda=1.0000000000000006e-10 rho=0.87947383946453439 accept=1
CLASSICAL_LM o=22 lambda=1.0000000000000005e-09 tau=1.0000000000000005e-09 prediction=379.30712936284516 rho=0.87947383946453439 accept=1
  MFCG it  23 cost=2.624263e+05 lam=1.000e-10 tau=0.00e+00 cg_it=1 shift=0 ckpt=2 alpha=0 acc mv=94
PCG_PREP o=23 rebuild=1 drift=0 previous_depth=2
E2_CAP o=23 retry=0 touched=2 ncam=52 raw=58644.434345548638 capped=816.49334165709581 radius=3225.3525896296692 median=18.356360889021545 global_scale=1
ATTR_RADIUS o=23 raw_norm=58644.434345548652 norm=816.49334165709593 radius=3225.3525896296692 next_radius=3225.3525896296692 lambda=1.0000000000000006e-10 next_lambda=1.0000000000000006e-11 rho=0.88874584318389027 accept=1
CLASSICAL_LM o=23 lambda=1.0000000000000006e-10 tau=1.0000000000000006e-10 prediction=245.90410707130496 rho=0.88874584318389027 accept=1
  MFCG it  24 cost=2.622078e+05 lam=1.000e-11 tau=0.00e+00 cg_it=1 shift=0 ckpt=2 alpha=0 acc mv=97
PCG_PREP o=24 rebuild=1 drift=0 previous_depth=2
E2_CAP o=24 retry=0 touched=2 ncam=52 raw=58670.193162111857 capped=801.31255753551147 radius=3225.3525896296692 median=17.69569572867055 global_scale=1
ATTR_RADIUS o=24 raw_norm=58670.193162111857 norm=801.31255753551147 radius=3225.3525896296692 next_radius=3225.3525896296692 lambda=1.0000000000000006e-11 next_lambda=1.0000000000000006e-12 rho=0.81610868703802575 accept=1
CLASSICAL_LM o=24 lambda=1.0000000000000006e-11 tau=1.0000000000000006e-11 prediction=202.7535287640244 rho=0.81610868703802575 accept=1
  MFCG it  25 cost=2.620423e+05 lam=1.000e-12 tau=0.00e+00 cg_it=1 shift=0 ckpt=2 alpha=0 acc mv=100
PCG_PREP o=25 rebuild=1 drift=0 previous_depth=2
E2_CAP o=25 retry=0 touched=2 ncam=52 raw=58712.623072649847 capped=676.76694653081415 radius=3225.3525896296692 median=14.063074338493053 global_scale=1
ATTR_RADIUS o=25 raw_norm=58712.623072649854 norm=676.76694653081415 radius=3225.3525896296692 next_radius=3225.3525896296692 lambda=1.0000000000000006e-12 next_lambda=1.0000000000000007e-13 rho=0.66576890180264958 accept=1
CLASSICAL_LM o=25 lambda=1.0000000000000006e-12 tau=1.0000000000000006e-12 prediction=161.63153752672969 rho=0.66576890180264958 accept=1
  MFCG it  26 cost=2.619347e+05 lam=1.000e-13 tau=0.00e+00 cg_it=1 shift=0 ckpt=2 alpha=0 acc mv=103
PCG_PREP o=26 rebuild=1 drift=0 previous_depth=2
E2_CAP o=26 retry=0 touched=2 ncam=52 raw=58229.032476567561 capped=753.03940680476694 radius=3225.3525896296692 median=14.473173436815198 global_scale=1
ATTR_RADIUS o=26 raw_norm=58229.032476567561 norm=753.03940680476717 radius=3225.3525896296692 next_radius=3225.3525896296692 lambda=1.0000000000000007e-13 next_lambda=1.0000000000000008e-14 rho=0.49514809897036888 accept=1
CLASSICAL_LM o=26 lambda=1.0000000000000007e-13 tau=1.0000000000000007e-13 prediction=169.68705815546011 rho=0.49514809897036888 accept=1
  MFCG it  27 cost=2.618507e+05 lam=1.000e-14 tau=0.00e+00 cg_it=1 shift=0 ckpt=2 alpha=0 acc mv=106
PCG_PREP o=27 rebuild=1 drift=0 previous_depth=2
E2_CAP o=27 retry=0 touched=2 ncam=52 raw=57684.297619106423 capped=852.57642291749971 radius=3225.3525896296692 median=15.115463296029418 global_scale=1
ATTR_RADIUS o=27 raw_norm=57684.297619106401 norm=0 radius=3225.3525896296692 next_radius=806.3381474074173 lambda=1.0000000000000008e-14 next_lambda=1.6000000000000013e-13 rho=0.046697385161454913 accept=0
CLASSICAL_LM o=27 lambda=1.0000000000000008e-14 tau=1.0000000000000008e-14 prediction=176.29487869507983 rho=0.046697385161454913 accept=0
  MFCG it  28  retry 1/8  lam=1.600e-13 tau_eff=1.000e-14  (assembly reused)
PCG_PREP o=27 rebuild=1 drift=0 previous_depth=2
E2_CAP o=27 retry=1 touched=2 ncam=52 raw=57668.330425271153 capped=853.37564048855495 radius=806.3381474074173 median=15.120321807178769 global_scale=0.94488067054010494
ATTR_RADIUS o=27 raw_norm=57668.33042527116 norm=806.33814740741741 radius=806.3381474074173 next_radius=201.58453685185432 lambda=1.6000000000000013e-13 next_lambda=2.560000000000002e-12 rho=0.17792017523941028 accept=1
CLASSICAL_LM o=27 lambda=1.6000000000000013e-13 tau=1.6000000000000013e-13 prediction=187.43948889613546 rho=0.17792017523941028 accept=1
  MFCG it  28 cost=2.618173e+05 lam=2.560e-12 tau=0.00e+00 cg_it=1 shift=0 ckpt=2 alpha=0 acc mv=112
PCG_PREP o=28 rebuild=1 drift=0 previous_depth=2
E2_CAP o=28 retry=0 touched=2 ncam=52 raw=56770.352551974036 capped=936.60193391188534 radius=201.58453685185432 median=15.323434412155915 global_scale=0.21522968248624097
ATTR_RADIUS o=28 raw_norm=56770.352551974036 norm=201.58453685185444 radius=201.58453685185432 next_radius=403.16907370370865 lambda=2.560000000000002e-12 next_lambda=6.400000000000005e-13 rho=0.76166342330731951 accept=1
CLASSICAL_LM o=28 lambda=2.560000000000002e-12 tau=2.560000000000002e-12 prediction=222.45909287981496 rho=0.76166342330731951 accept=1
  MFCG it  29 cost=2.616479e+05 lam=6.400e-13 tau=0.00e+00 cg_it=1 shift=0 ckpt=2 alpha=0 acc mv=115
PCG_PREP o=29 rebuild=1 drift=0 previous_depth=2
E2_CAP o=29 retry=0 touched=2 ncam=52 raw=59625.331082285855 capped=545.56573789400784 radius=403.16907370370865 median=11.453488030793435 global_scale=0.73899265606381626
ATTR_RADIUS o=29 raw_norm=59625.331082285855 norm=403.16907370370859 radius=403.16907370370865 next_radius=806.3381474074173 lambda=6.400000000000005e-13 next_lambda=1.6000000000000013e-13 rho=0.8794907076577495 accept=1
CLASSICAL_LM o=29 lambda=6.400000000000005e-13 tau=6.400000000000005e-13 prediction=96.40849137508215 rho=0.8794907076577495 accept=1
  MFCG it  30 cost=2.615631e+05 lam=1.600e-13 tau=0.00e+00 cg_it=1 shift=0 ckpt=2 alpha=0 acc mv=118
PCG_PREP o=30 rebuild=1 drift=0 previous_depth=2
E2_CAP o=30 retry=0 touched=2 ncam=52 raw=60057.537343330245 capped=382.99371351023586 radius=806.3381474074173 median=8.3598396162298805 global_scale=1
ATTR_RADIUS o=30 raw_norm=60057.537343330267 norm=382.99371351023586 radius=806.3381474074173 next_radius=806.3381474074173 lambda=1.6000000000000013e-13 next_lambda=1.6000000000000014e-14 rho=0.69688146993043754 accept=1
CLASSICAL_LM o=30 lambda=1.6000000000000013e-13 tau=1.6000000000000013e-13 prediction=80.077507577456529 rho=0.69688146993043754 accept=1
  MFCG it  31 cost=2.615073e+05 lam=1.600e-14 tau=0.00e+00 cg_it=1 shift=0 ckpt=2 alpha=0 acc mv=121
PCG_PREP o=31 rebuild=1 drift=0 previous_depth=2
E2_CAP o=31 retry=0 touched=2 ncam=52 raw=59980.614328397452 capped=445.88860112793327 radius=806.3381474074173 median=9.2767787965768953 global_scale=1
ATTR_RADIUS o=31 raw_norm=59980.61432839746 norm=445.88860112793327 radius=806.3381474074173 next_radius=806.3381474074173 lambda=1.6000000000000014e-14 next_lambda=1.6000000000000015e-15 rho=0.74910627441900612 accept=1
CLASSICAL_LM o=31 lambda=1.6000000000000014e-14 tau=1.6000000000000014e-14 prediction=87.658234059496507 rho=0.74910627441900612 accept=1
  MFCG it  32 cost=2.614416e+05 lam=1.600e-15 tau=0.00e+00 cg_it=1 shift=0 ckpt=2 alpha=0 acc mv=124
PCG_PREP o=32 rebuild=1 drift=0 previous_depth=2
E2_CAP o=32 retry=0 touched=2 ncam=52 raw=59971.907963456521 capped=451.22021574170424 radius=806.3381474074173 median=8.4448886169764279 global_scale=1
ATTR_RADIUS o=32 raw_norm=59971.907963456521 norm=451.22021574170412 radius=806.3381474074173 next_radius=806.3381474074173 lambda=1.6000000000000015e-15 next_lambda=1.6000000000000016e-16 rho=0.327930128936541 accept=1
CLASSICAL_LM o=32 lambda=1.6000000000000015e-15 tau=1.6000000000000015e-15 prediction=73.301823728583443 rho=0.327930128936541 accept=1
  MFCG it  33 cost=2.614176e+05 lam=1.600e-16 tau=0.00e+00 cg_it=1 shift=0 ckpt=2 alpha=0 acc mv=127
PCG_PREP o=33 rebuild=1 drift=0 previous_depth=2
E2_CAP o=33 retry=0 touched=3 ncam=52 raw=59867.350177354339 capped=567.97610869417576 radius=806.3381474074173 median=8.6049671440231847 global_scale=1
POINT_SAFE o=33 frozen=138 slope=-260.54613167905427 candidate=261410.74395347061 original=261364.34216660447 current=261417.60152170694 won=0 mode=1 camera_scale=1 keep_scale=0
ATTR_RADIUS o=33 raw_norm=59867.350177354339 norm=283.98805434708788 radius=806.3381474074173 next_radius=806.3381474074173 lambda=1.6000000000000016e-16 next_lambda=9.9999999999999998e-17 rho=0.72717002896168359 accept=1
CLASSICAL_LM o=33 lambda=1.6000000000000016e-16 tau=1.6000000000000016e-16 prediction=73.241955775474295 rho=0.72717002896168359 accept=1
  MFCG it  34 cost=2.613643e+05 lam=1.000e-16 tau=0.00e+00 cg_it=1 shift=0 ckpt=2 alpha=0 acc mv=130
PCG_PREP o=34 rebuild=1 drift=0 previous_depth=2
E2_CAP o=34 retry=0 touched=3 ncam=52 raw=62134.666874474322 capped=452.08539800742534 radius=806.3381474074173 median=8.2560285916164453 global_scale=1
POINT_SAFE o=34 frozen=31 slope=-152.35291342841435 candidate=261412.39262084127 original=261359.28518971734 current=261364.34216660447 won=0 mode=1 camera_scale=1 keep_scale=0
ATTR_RADIUS o=34 raw_norm=62134.666874474329 norm=113.02134950185632 radius=806.3381474074173 next_radius=201.58453685185432 lambda=9.9999999999999998e-17 next_lambda=1.6e-15 rho=0.24604962861638252 accept=1
CLASSICAL_LM o=34 lambda=9.9999999999999998e-17 tau=9.9999999999999998e-17 prediction=20.55267027051643 rho=0.24604962861638252 accept=1
  MFCG it  35 cost=2.613593e+05 lam=1.600e-15 tau=0.00e+00 cg_it=1 shift=0 ckpt=2 alpha=0 acc mv=133
PCG_PREP o=35 rebuild=1 drift=0 previous_depth=2
E2_CAP o=35 retry=0 touched=3 ncam=52 raw=60550.343471397951 capped=408.35529499604945 radius=201.58453685185432 median=7.6626112462503313 global_scale=0.49364986648160031
ATTR_RADIUS o=35 raw_norm=60550.343471397951 norm=201.58453685185435 radius=201.58453685185432 next_radius=201.58453685185432 lambda=1.6e-15 next_lambda=1.6e-15 rho=0.63540367649964868 accept=1
CLASSICAL_LM o=35 lambda=1.6e-15 tau=1.6e-15 prediction=70.187690023369555 rho=0.63540367649964868 accept=1
  MFCG it  36 cost=2.613147e+05 lam=1.600e-15 tau=0.00e+00 cg_it=1 shift=0 ckpt=2 alpha=0 acc mv=136
PCG_PREP o=36 rebuild=1 drift=0 previous_depth=2
E2_CAP o=36 retry=0 touched=2 ncam=52 raw=60739.283209434805 capped=231.58999483431811 radius=201.58453685185432 median=5.2223629882262426 global_scale=0.87043715768494234
ATTR_RADIUS o=36 raw_norm=60739.283209434798 norm=201.58453685185438 radius=201.58453685185432 next_radius=201.58453685185432 lambda=1.6e-15 next_lambda=1.6e-15 rho=0.59547837998861786 accept=1
CLASSICAL_LM o=36 lambda=1.6e-15 tau=1.6e-15 prediction=57.796970225085502 rho=0.59547837998861786 accept=1
  MFCG it  37 cost=2.612803e+05 lam=1.600e-15 tau=0.00e+00 cg_it=1 shift=0 ckpt=2 alpha=0 acc mv=139
PCG_PREP o=37 rebuild=1 drift=0 previous_depth=2
E2_CAP o=37 retry=0 touched=2 ncam=52 raw=60808.987598305357 capped=188.65428501998827 radius=201.58453685185432 median=3.7485262649731816 global_scale=1
ATTR_RADIUS o=37 raw_norm=60808.98759830535 norm=188.65428501998821 radius=201.58453685185432 next_radius=201.58453685185432 lambda=1.6e-15 next_lambda=1.6e-15 rho=0.62219332789209669 accept=1
CLASSICAL_LM o=37 lambda=1.6e-15 tau=1.6e-15 prediction=47.358534771440979 rho=0.62219332789209669 accept=1
  MFCG it  38 cost=2.612508e+05 lam=1.600e-15 tau=0.00e+00 cg_it=1 shift=0 ckpt=2 alpha=0 acc mv=142
PCG_PREP o=38 rebuild=1 drift=0 previous_depth=2
NUMERIC_REPAIR o=38 lambda=1.6e-15 rayleigh=-2.2692870317816158e-06 next_lambda=9.0771481335264631e-06 cg=1 rebuild=1
PCG_PREP o=38 rebuild=1 drift=0 previous_depth=1
E2_CAP o=38 retry=0 touched=2 ncam=52 raw=7568.6724619666793 capped=237.29572662565812 radius=201.58453685185432 median=5.2900534125805603 global_scale=0.84950765746346801
ATTR_RADIUS o=38 raw_norm=7568.6724619666811 norm=201.58453685185435 radius=201.58453685185432 next_radius=403.16907370370865 lambda=9.0771481335264631e-06 next_lambda=9.0771481335264631e-06 rho=0.99481772412358949 accept=1
CLASSICAL_LM o=38 lambda=9.0771481335264631e-06 tau=9.0771481335264631e-06 prediction=119.34187683397025 rho=0.99481772412358949 accept=1
  MFCG it  39 cost=2.611321e+05 lam=9.077e-06 tau=0.00e+00 cg_it=0 shift=0 ckpt=1 alpha=0 acc mv=146
PCG_PREP o=39 rebuild=1 drift=0 previous_depth=1
E2_CAP o=39 retry=0 touched=2 ncam=52 raw=7778.3933541240131 capped=121.17820442154691 radius=403.16907370370865 median=2.6838215329035187 global_scale=1
ATTR_RADIUS o=39 raw_norm=7778.3933541240131 norm=121.17820442154691 radius=403.16907370370865 next_radius=403.16907370370865 lambda=9.0771481335264631e-06 next_lambda=9.0771481335264631e-06 rho=0.99681463394746683 accept=1
CLASSICAL_LM o=39 lambda=9.0771481335264631e-06 tau=9.0771481335264631e-06 prediction=46.895742003630851 rho=0.99681463394746683 accept=1
  MFCG it  40 cost=2.610853e+05 lam=9.077e-06 tau=0.00e+00 cg_it=0 shift=0 ckpt=1 alpha=0 acc mv=148
PCG_PREP o=40 rebuild=1 drift=0 previous_depth=1
E2_CAP o=40 retry=0 touched=2 ncam=52 raw=7895.8878634373941 capped=116.34647690821303 radius=403.16907370370865 median=2.6127930463822686 global_scale=1
ATTR_RADIUS o=40 raw_norm=7895.8878634373941 norm=116.34647690821305 radius=403.16907370370865 next_radius=403.16907370370865 lambda=9.0771481335264631e-06 next_lambda=9.0771481335264631e-06 rho=0.9964090171407638 accept=1
CLASSICAL_LM o=40 lambda=9.0771481335264631e-06 tau=9.0771481335264631e-06 prediction=39.620115842155762 rho=0.9964090171407638 accept=1
  MFCG it  41 cost=2.610459e+05 lam=9.077e-06 tau=0.00e+00 cg_it=0 shift=0 ckpt=1 alpha=0 acc mv=150
PCG_PREP o=41 rebuild=1 drift=0 previous_depth=1
E2_CAP o=41 retry=0 touched=2 ncam=52 raw=12135.031586778776 capped=221.04110077809443 radius=403.16907370370865 median=4.998374028253771 global_scale=1
ATTR_RADIUS o=41 raw_norm=12135.031586778776 norm=221.04110077809443 radius=403.16907370370865 next_radius=403.16907370370865 lambda=9.0771481335264631e-06 next_lambda=9.0771481335264631e-06 rho=0.98695876822247075 accept=1
CLASSICAL_LM o=41 lambda=9.0771481335264631e-06 tau=9.0771481335264631e-06 prediction=37.025987424078615 rho=0.98695876822247075 accept=1
  MFCG it  42 cost=2.610093e+05 lam=9.077e-06 tau=0.00e+00 cg_it=1 shift=0 ckpt=2 alpha=0 acc mv=153
PCG_PREP o=42 rebuild=1 drift=0 previous_depth=2
E2_CAP o=42 retry=0 touched=2 ncam=52 raw=12054.423547324503 capped=119.21142657069682 radius=403.16907370370865 median=2.7313599450997299 global_scale=1
ATTR_RADIUS o=42 raw_norm=12054.423547324499 norm=119.21142657069682 radius=403.16907370370865 next_radius=403.16907370370865 lambda=9.0771481335264631e-06 next_lambda=9.0771481335264631e-06 rho=0.99441599506827028 accept=1
CLASSICAL_LM o=42 lambda=9.0771481335264631e-06 tau=9.0771481335264631e-06 prediction=25.282830342229644 rho=0.99441599506827028 accept=1
  MFCG it  43 cost=2.609842e+05 lam=9.077e-06 tau=0.00e+00 cg_it=1 shift=0 ckpt=2 alpha=0 acc mv=156
PCG_PREP o=43 rebuild=1 drift=0 previous_depth=2
E2_CAP o=43 retry=0 touched=2 ncam=52 raw=12011.953076410171 capped=97.615516313762441 radius=403.16907370370865 median=2.2260566124507588 global_scale=1
ATTR_RADIUS o=43 raw_norm=12011.953076410169 norm=97.615516313762456 radius=403.16907370370865 next_radius=403.16907370370865 lambda=9.0771481335264631e-06 next_lambda=9.0771481335264631e-06 rho=0.99544971687170547 accept=1
CLASSICAL_LM o=43 lambda=9.0771481335264631e-06 tau=9.0771481335264631e-06 prediction=19.926875332228885 rho=0.99544971687170547 accept=1
  MFCG it  44 cost=2.609643e+05 lam=9.077e-06 tau=0.00e+00 cg_it=1 shift=0 ckpt=2 alpha=0 acc mv=159
PCG_PREP o=44 rebuild=1 drift=0 previous_depth=2
E2_CAP o=44 retry=0 touched=2 ncam=52 raw=11977.851059552693 capped=91.11897151531717 radius=403.16907370370865 median=2.0827142512552332 global_scale=1
ATTR_RADIUS o=44 raw_norm=11977.851059552693 norm=91.118971515317199 radius=403.16907370370865 next_radius=403.16907370370865 lambda=9.0771481335264631e-06 next_lambda=9.0771481335264631e-06 rho=0.99587080890624069 accept=1
CLASSICAL_LM o=44 lambda=9.0771481335264631e-06 tau=9.0771481335264631e-06 prediction=18.636157666971354 rho=0.99587080890624069 accept=1
  MFCG it  45 cost=2.609458e+05 lam=9.077e-06 tau=0.00e+00 cg_it=1 shift=0 ckpt=2 alpha=0 acc mv=162
PCG_PREP o=45 rebuild=1 drift=0 previous_depth=2
E2_CAP o=45 retry=0 touched=2 ncam=52 raw=11947.516250875797 capped=89.571280230855493 radius=403.16907370370865 median=2.0548015485085558 global_scale=1
ATTR_RADIUS o=45 raw_norm=11947.516250875793 norm=89.571280230855464 radius=403.16907370370865 next_radius=403.16907370370865 lambda=9.0771481335264631e-06 next_lambda=9.0771481335264631e-06 rho=0.99595548341257234 accept=1
CLASSICAL_LM o=45 lambda=9.0771481335264631e-06 tau=9.0771481335264631e-06 prediction=17.996822072569451 rho=0.99595548341257234 accept=1
  MFCG it  46 cost=2.609279e+05 lam=9.077e-06 tau=0.00e+00 cg_it=1 shift=0 ckpt=2 alpha=0 acc mv=165
PCG_PREP o=46 rebuild=1 drift=0 previous_depth=2
E2_CAP o=46 retry=0 touched=2 ncam=52 raw=11919.309694201491 capped=91.292589214524554 radius=403.16907370370865 median=2.1031602606299726 global_scale=1
ATTR_RADIUS o=46 raw_norm=11919.309694201491 norm=91.292589214524583 radius=403.16907370370865 next_radius=403.16907370370865 lambda=9.0771481335264631e-06 next_lambda=9.0771481335264631e-06 rho=0.99587895593482922 accept=1
CLASSICAL_LM o=46 lambda=9.0771481335264631e-06 tau=9.0771481335264631e-06 prediction=18.051474728279391 rho=0.99587895593482922 accept=1
  MFCG it  47 cost=2.609099e+05 lam=9.077e-06 tau=0.00e+00 cg_it=1 shift=0 ckpt=2 alpha=0 acc mv=168
PCG_PREP o=47 rebuild=1 drift=0 previous_depth=2
E2_CAP o=47 retry=0 touched=2 ncam=52 raw=11891.903354886026 capped=91.641099443843544 radius=403.16907370370865 median=2.1168500981200902 global_scale=1
ATTR_RADIUS o=47 raw_norm=11891.903354886028 norm=91.641099443843558 radius=403.16907370370865 next_radius=403.16907370370865 lambda=9.0771481335264631e-06 next_lambda=9.0771481335264631e-06 rho=0.99586101888705358 accept=1
CLASSICAL_LM o=47 lambda=9.0771481335264631e-06 tau=9.0771481335264631e-06 prediction=17.817705440131405 rho=0.99586101888705358 accept=1
  MFCG it  48 cost=2.608921e+05 lam=9.077e-06 tau=0.00e+00 cg_it=1 shift=0 ckpt=2 alpha=0 acc mv=171
PCG_PREP o=48 rebuild=1 drift=0 previous_depth=2
E2_CAP o=48 retry=0 touched=2 ncam=52 raw=11865.481545010987 capped=87.389764477557009 radius=403.16907370370865 median=2.018604315317365 global_scale=1
ATTR_RADIUS o=48 raw_norm=11865.481545010987 norm=87.389764477557009 radius=403.16907370370865 next_radius=403.16907370370865 lambda=9.0771481335264631e-06 next_lambda=9.0771481335264631e-06 rho=0.99608296166069255 accept=1
CLASSICAL_LM o=48 lambda=9.0771481335264631e-06 tau=9.0771481335264631e-06 prediction=16.783675337029717 rho=0.99608296166069255 accept=1
  MFCG it  49 cost=2.608754e+05 lam=9.077e-06 tau=0.00e+00 cg_it=1 shift=0 ckpt=2 alpha=0 acc mv=174
PCG_PREP o=49 rebuild=1 drift=0 previous_depth=2
E2_CAP o=49 retry=0 touched=2 ncam=52 raw=11840.686478927693 capped=83.919442902066407 radius=403.16907370370865 median=1.9385126898978786 global_scale=1
ATTR_RADIUS o=49 raw_norm=11840.686478927693 norm=83.919442902066393 radius=403.16907370370865 next_radius=403.16907370370865 lambda=9.0771481335264631e-06 next_lambda=9.0771481335264631e-06 rho=0.99625752207037499 accept=1
CLASSICAL_LM o=49 lambda=9.0771481335264631e-06 tau=9.0771481335264631e-06 prediction=15.918035372351985 rho=0.99625752207037499 accept=1
  MFCG it  50 cost=2.608596e+05 lam=9.077e-06 tau=0.00e+00 cg_it=1 shift=0 ckpt=2 alpha=0 acc mv=177
PCG_PREP o=50 rebuild=1 drift=0 previous_depth=2
E2_CAP o=50 retry=0 touched=2 ncam=52 raw=11817.274332889911 capped=81.19079480762619 radius=403.16907370370865 median=1.8758141705038502 global_scale=1
ATTR_RADIUS o=50 raw_norm=11817.274332889912 norm=81.190794807626204 radius=403.16907370370865 next_radius=403.16907370370865 lambda=9.0771481335264631e-06 next_lambda=9.0771481335264631e-06 rho=0.99639408955088471 accept=1
CLASSICAL_LM o=50 lambda=9.0771481335264631e-06 tau=9.0771481335264631e-06 prediction=15.220777953096144 rho=0.99639408955088471 accept=1
  MFCG it  51 cost=2.608444e+05 lam=9.077e-06 tau=0.00e+00 cg_it=1 shift=0 ckpt=2 alpha=0 acc mv=180
PCG_PREP o=51 rebuild=1 drift=0 previous_depth=2
E2_CAP o=51 retry=0 touched=2 ncam=52 raw=11795.016678636923 capped=79.09706097140706 radius=403.16907370370865 median=1.8279370396127368 global_scale=1
ATTR_RADIUS o=51 raw_norm=11795.016678636928 norm=79.097060971407075 radius=403.16907370370865 next_radius=403.16907370370865 lambda=9.0771481335264631e-06 next_lambda=9.0771481335264631e-06 rho=0.99649805913008138 accept=1
CLASSICAL_LM o=51 lambda=9.0771481335264631e-06 tau=9.0771481335264631e-06 prediction=14.658140628576893 rho=0.99649805913008138 accept=1
  MFCG it  52 cost=2.608298e+05 lam=9.077e-06 tau=0.00e+00 cg_it=1 shift=0 ckpt=2 alpha=0 acc mv=183
PCG_PREP o=52 rebuild=1 drift=0 previous_depth=2
E2_CAP o=52 retry=0 touched=2 ncam=52 raw=11773.674395950784 capped=78.0744954492462 radius=403.16907370370865 median=1.8055041499335993 global_scale=1
ATTR_RADIUS o=52 raw_norm=11773.674395950782 norm=78.0744954492462 radius=403.16907370370865 next_radius=403.16907370370865 lambda=9.0771481335264631e-06 next_lambda=9.0771481335264631e-06 rho=0.99654962364459942 accept=1
CLASSICAL_LM o=52 lambda=9.0771481335264631e-06 tau=9.0771481335264631e-06 prediction=14.306960682104036 rho=0.99654962364459942 accept=1
  MFCG it  53 cost=2.608155e+05 lam=9.077e-06 tau=0.00e+00 cg_it=1 shift=0 ckpt=2 alpha=0 acc mv=186
PCG_PREP o=53 rebuild=1 drift=0 previous_depth=2
E2_CAP o=53 retry=0 touched=2 ncam=52 raw=11752.97174092523 capped=76.370219537214751 radius=403.16907370370865 median=1.7663801462571067 global_scale=1
ATTR_RADIUS o=53 raw_norm=11752.97174092523 norm=76.370219537214751 radius=403.16907370370865 next_radius=403.16907370370865 lambda=9.0771481335264631e-06 next_lambda=9.0771481335264631e-06 rho=0.99663392316039234 accept=1
CLASSICAL_LM o=53 lambda=9.0771481335264631e-06 tau=9.0771481335264631e-06 prediction=13.846483185641157 rho=0.99663392316039234 accept=1
  MFCG it  54 cost=2.608017e+05 lam=9.077e-06 tau=0.00e+00 cg_it=1 shift=0 ckpt=2 alpha=0 acc mv=189
PCG_PREP o=54 rebuild=1 drift=0 previous_depth=2
E2_CAP o=54 retry=0 touched=2 ncam=52 raw=11732.97847395357 capped=74.949520722095812 radius=403.16907370370865 median=1.7338002197543694 global_scale=1
ATTR_RADIUS o=54 raw_norm=11732.97847395357 norm=74.949520722095826 radius=403.16907370370865 next_radius=403.16907370370865 lambda=9.0771481335264631e-06 next_lambda=9.0771481335264631e-06 rho=0.9967044307188212 accept=1
CLASSICAL_LM o=54 lambda=9.0771481335264631e-06 tau=9.0771481335264631e-06 prediction=13.451972771329997 rho=0.9967044307188212 accept=1
  MFCG it  55 cost=2.607883e+05 lam=9.077e-06 tau=0.00e+00 cg_it=1 shift=0 ckpt=2 alpha=0 acc mv=192
PCG_PREP o=55 rebuild=1 drift=0 previous_depth=2
E2_CAP o=55 retry=0 touched=2 ncam=52 raw=11713.588317177911 capped=76.150045373889427 radius=403.16907370370865 median=1.7640326351135653 global_scale=1
ATTR_RADIUS o=55 raw_norm=11713.588317177908 norm=76.150045373889412 radius=403.16907370370865 next_radius=403.16907370370865 lambda=9.0771481335264631e-06 next_lambda=9.0771481335264631e-06 rho=0.99664858506210297 accept=1
CLASSICAL_LM o=55 lambda=9.0771481335264631e-06 tau=9.0771481335264631e-06 prediction=13.525190128371234 rho=0.99664858506210297 accept=1
  MFCG it  56 cost=2.607748e+05 lam=9.077e-06 tau=0.00e+00 cg_it=1 shift=0 ckpt=2 alpha=0 acc mv=195
PCG_PREP o=56 rebuild=1 drift=0 previous_depth=2
E2_CAP o=56 retry=0 touched=2 ncam=52 raw=11694.255555083064 capped=77.122543635050121 radius=403.16907370370865 median=1.7884117600637657 global_scale=1
ATTR_RADIUS o=56 raw_norm=11694.25555508306 norm=77.122543635050107 radius=403.16907370370865 next_radius=403.16907370370865 lambda=9.0771481335264631e-06 next_lambda=9.0771481335264631e-06 rho=0.99660455451164842 accept=1
CLASSICAL_LM o=56 lambda=9.0771481335264631e-06 tau=9.0771481335264631e-06 prediction=13.556991970045448 rho=0.99660455451164842 accept=1
  MFCG it  57 cost=2.607613e+05 lam=9.077e-06 tau=0.00e+00 cg_it=1 shift=0 ckpt=2 alpha=0 acc mv=198
PCG_PREP o=57 rebuild=1 drift=0 previous_depth=2
E2_CAP o=57 retry=0 touched=2 ncam=52 raw=11674.950293907561 capped=77.393052791953309 radius=403.16907370370865 median=1.7958779561997473 global_scale=1
ATTR_RADIUS o=57 raw_norm=11674.950293907565 norm=77.393052791953309 radius=403.16907370370865 next_radius=403.16907370370865 lambda=9.0771481335264631e-06 next_lambda=9.0771481335264631e-06 rho=0.99659345535076305 accept=1
CLASSICAL_LM o=57 lambda=9.0771481335264631e-06 tau=9.0771481335264631e-06 prediction=13.469876717412424 rho=0.99659345535076305 accept=1
  MFCG it  58 cost=2.607479e+05 lam=9.077e-06 tau=0.00e+00 cg_it=1 shift=0 ckpt=2 alpha=0 acc mv=201
PCG_PREP o=58 rebuild=1 drift=0 previous_depth=2
E2_CAP o=58 retry=0 touched=2 ncam=52 raw=11655.797270735044 capped=76.792299060678857 radius=403.16907370370865 median=1.7822849426675005 global_scale=1
ATTR_RADIUS o=58 raw_norm=11655.797270735045 norm=76.792299060678857 radius=403.16907370370865 next_radius=403.16907370370865 lambda=9.0771481335264631e-06 next_lambda=9.0771481335264631e-06 rho=0.9966236423909417 accept=1
CLASSICAL_LM o=58 lambda=9.0771481335264631e-06 tau=9.0771481335264631e-06 prediction=13.238605929138341 rho=0.9966236423909417 accept=1
  MFCG it  59 cost=2.607347e+05 lam=9.077e-06 tau=0.00e+00 cg_it=1 shift=0 ckpt=2 alpha=0 acc mv=204
PCG_PREP o=59 rebuild=1 drift=0 previous_depth=2
E2_CAP o=59 retry=0 touched=2 ncam=52 raw=11636.938312629807 capped=76.327456332245006 radius=403.16907370370865 median=1.7718741746196169 global_scale=1
ATTR_RADIUS o=59 raw_norm=11636.938312629807 norm=76.327456332245021 radius=403.16907370370865 next_radius=403.16907370370865 lambda=9.0771481335264631e-06 next_lambda=9.0771481335264631e-06 rho=0.99664792355688026 accept=1
CLASSICAL_LM o=59 lambda=9.0771481335264631e-06 tau=9.0771481335264631e-06 prediction=13.03991831025701 rho=0.99664792355688026 accept=1
  MFCG it  60 cost=2.607217e+05 lam=9.077e-06 tau=0.00e+00 cg_it=1 shift=0 ckpt=2 alpha=0 acc mv=207
PCG_PREP o=60 rebuild=1 drift=0 previous_depth=2
E2_CAP o=60 retry=0 touched=2 ncam=52 raw=11618.308590707915 capped=75.864227079539873 radius=403.16907370370865 median=1.7614971952276819 global_scale=1
ATTR_RADIUS o=60 raw_norm=11618.308590707917 norm=75.864227079539859 radius=403.16907370370865 next_radius=403.16907370370865 lambda=9.0771481335264631e-06 next_lambda=9.0771481335264631e-06 rho=0.99667115090983094 accept=1
CLASSICAL_LM o=60 lambda=9.0771481335264631e-06 tau=9.0771481335264631e-06 prediction=12.845029755564335 rho=0.99667115090983094 accept=1
  MFCG it  61 cost=2.607089e+05 lam=9.077e-06 tau=0.00e+00 cg_it=1 shift=0 ckpt=2 alpha=0 acc mv=210
PCG_PREP o=61 rebuild=1 drift=0 previous_depth=2
E2_CAP o=61 retry=0 touched=2 ncam=52 raw=11599.930040226565 capped=75.384194247200043 radius=403.16907370370865 median=1.7506319945935682 global_scale=1
ATTR_RADIUS o=61 raw_norm=11599.930040226564 norm=75.384194247200057 radius=403.16907370370865 next_radius=403.16907370370865 lambda=9.0771481335264631e-06 next_lambda=9.0771481335264631e-06 rho=0.99669688917131249 accept=1
CLASSICAL_LM o=61 lambda=9.0771481335264631e-06 tau=9.0771481335264631e-06 prediction=12.65695014899786 rho=0.99669688917131249 accept=1
  MFCG it  62 cost=2.606963e+05 lam=9.077e-06 tau=0.00e+00 cg_it=1 shift=0 ckpt=2 alpha=0 acc mv=213
PCG_PREP o=62 rebuild=1 drift=0 previous_depth=2
E2_CAP o=62 retry=0 touched=2 ncam=52 raw=11581.774194957086 capped=74.7115027341992 radius=403.16907370370865 median=1.7351365701217158 global_scale=1
ATTR_RADIUS o=62 raw_norm=11581.774194957088 norm=74.711502734199215 radius=403.16907370370865 next_radius=403.16907370370865 lambda=9.0771481335264631e-06 next_lambda=9.0771481335264631e-06 rho=0.99673131189012232 accept=1
CLASSICAL_LM o=62 lambda=9.0771481335264631e-06 tau=9.0771481335264631e-06 prediction=12.44091105472444 rho=0.99673131189012232 accept=1
  MFCG it  63 cost=2.606839e+05 lam=9.077e-06 tau=0.00e+00 cg_it=1 shift=0 ckpt=2 alpha=0 acc mv=216
PCG_PREP o=63 rebuild=1 drift=0 previous_depth=2
E2_CAP o=63 retry=0 touched=2 ncam=52 raw=11563.875806932601 capped=73.881695580530163 radius=403.16907370370865 median=1.7157939831260283 global_scale=1
ATTR_RADIUS o=63 raw_norm=11563.8758069326 norm=73.881695580530163 radius=403.16907370370865 next_radius=403.16907370370865 lambda=9.0771481335264631e-06 next_lambda=9.0771481335264631e-06 rho=0.99677370390216857 accept=1
CLASSICAL_LM o=63 lambda=9.0771481335264631e-06 tau=9.0771481335264631e-06 prediction=12.206730535025903 rho=0.99677370390216857 accept=1
  MFCG it  64 cost=2.606717e+05 lam=9.077e-06 tau=0.00e+00 cg_it=1 shift=0 ckpt=2 alpha=0 acc mv=219
PCG_PREP o=64 rebuild=1 drift=0 previous_depth=2
E2_CAP o=64 retry=0 touched=2 ncam=52 raw=11546.273034925029 capped=73.271956315152963 radius=403.16907370370865 median=1.7017080583263637 global_scale=1
ATTR_RADIUS o=64 raw_norm=11546.273034925027 norm=73.271956315152963 radius=403.16907370370865 next_radius=403.16907370370865 lambda=9.0771481335264631e-06 next_lambda=9.0771481335264631e-06 rho=0.9968059097970966 accept=1
CLASSICAL_LM o=64 lambda=9.0771481335264631e-06 tau=9.0771481335264631e-06 prediction=12.014064467862015 rho=0.9968059097970966 accept=1
  MFCG it  65 cost=2.606598e+05 lam=9.077e-06 tau=0.00e+00 cg_it=1 shift=0 ckpt=2 alpha=0 acc mv=222
PCG_PREP o=65 rebuild=1 drift=0 previous_depth=2
E2_CAP o=65 retry=0 touched=2 ncam=52 raw=11528.878307645165 capped=72.676762284788637 radius=403.16907370370865 median=1.6879756119596581 global_scale=1
ATTR_RADIUS o=65 raw_norm=11528.878307645165 norm=72.676762284788623 radius=403.16907370370865 next_radius=403.16907370370865 lambda=9.0771481335264631e-06 next_lambda=9.0771481335264631e-06 rho=0.99683781019983209 accept=1
CLASSICAL_LM o=65 lambda=9.0771481335264631e-06 tau=9.0771481335264631e-06 prediction=11.829526427768091 rho=0.99683781019983209 accept=1
  MFCG it  66 cost=2.606480e+05 lam=9.077e-06 tau=0.00e+00 cg_it=1 shift=0 ckpt=2 alpha=0 acc mv=225
PCG_PREP o=66 rebuild=1 drift=0 previous_depth=2
E2_CAP o=66 retry=0 touched=2 ncam=52 raw=11511.718367125866 capped=72.032243070089763 radius=403.16907370370865 median=1.6729682697484582 global_scale=1
ATTR_RADIUS o=66 raw_norm=11511.718367125868 norm=72.032243070089777 radius=403.16907370370865 next_radius=403.16907370370865 lambda=9.0771481335264631e-06 next_lambda=9.0771481335264631e-06 rho=0.99687220072502136 accept=1
CLASSICAL_LM o=66 lambda=9.0771481335264631e-06 tau=9.0771481335264631e-06 prediction=11.641308260528449 rho=0.99687220072502136 accept=1
  MFCG it  67 cost=2.606364e+05 lam=9.077e-06 tau=0.00e+00 cg_it=1 shift=0 ckpt=2 alpha=0 acc mv=228
PCG_PREP o=67 rebuild=1 drift=0 previous_depth=2
E2_CAP o=67 retry=0 touched=2 ncam=52 raw=11494.78028198892 capped=71.452052664474976 radius=403.16907370370865 median=1.6595618552370746 global_scale=1
ATTR_RADIUS o=67 raw_norm=11494.78028198892 norm=71.452052664474991 radius=403.16907370370865 next_radius=403.16907370370865 lambda=9.0771481335264631e-06 next_lambda=9.0771481335264631e-06 rho=0.9969036394697377 accept=1
CLASSICAL_LM o=67 lambda=9.0771481335264631e-06 tau=9.0771481335264631e-06 prediction=11.468856818517981 rho=0.9969036394697377 accept=1
  MFCG it  68 cost=2.606249e+05 lam=9.077e-06 tau=0.00e+00 cg_it=1 shift=0 ckpt=2 alpha=0 acc mv=231
PCG_PREP o=68 rebuild=1 drift=0 previous_depth=2
E2_CAP o=68 retry=0 touched=2 ncam=52 raw=11478.057207969179 capped=70.416513742700474 radius=403.16907370370865 median=1.6351493689004977 global_scale=1
ATTR_RADIUS o=68 raw_norm=11478.057207969183 norm=70.416513742700459 radius=403.16907370370865 next_radius=403.16907370370865 lambda=9.0771481335264631e-06 next_lambda=9.0771481335264631e-06 rho=0.99695647145318012 accept=1
CLASSICAL_LM o=68 lambda=9.0771481335264631e-06 tau=9.0771481335264631e-06 prediction=11.227568557455529 rho=0.99695647145318012 accept=1
  MFCG it  69 cost=2.606137e+05 lam=9.077e-06 tau=0.00e+00 cg_it=1 shift=0 ckpt=2 alpha=0 acc mv=234
PCG_PREP o=69 rebuild=1 drift=0 previous_depth=2
E2_CAP o=69 retry=0 touched=2 ncam=52 raw=11461.615751292969 capped=69.478962835647209 radius=403.16907370370865 median=1.613110382094658 global_scale=1
ATTR_RADIUS o=69 raw_norm=11461.615751292971 norm=69.478962835647209 radius=403.16907370370865 next_radius=403.16907370370865 lambda=9.0771481335264631e-06 next_lambda=9.0771481335264631e-06 rho=0.99700473785298083 accept=1
CLASSICAL_LM o=69 lambda=9.0771481335264631e-06 tau=9.0771481335264631e-06 prediction=11.007444640990967 rho=0.99700473785298083 accept=1
  MFCG it  70 cost=2.606028e+05 lam=9.077e-06 tau=0.00e+00 cg_it=1 shift=0 ckpt=2 alpha=0 acc mv=237
PCG_PREP o=70 rebuild=1 drift=0 previous_depth=2
E2_CAP o=70 retry=0 touched=2 ncam=52 raw=11445.431220274535 capped=68.544396600729627 radius=403.16907370370865 median=1.5911482291007049 global_scale=1
ATTR_RADIUS o=70 raw_norm=11445.431220274535 norm=68.544396600729641 radius=403.16907370370865 next_radius=403.16907370370865 lambda=9.0771481335264631e-06 next_lambda=9.0771481335264631e-06 rho=0.99705270060434625 accept=1
CLASSICAL_LM o=70 lambda=9.0771481335264631e-06 tau=9.0771481335264631e-06 prediction=10.791497981818527 rho=0.99705270060434625 accept=1
  MFCG it  71 cost=2.605920e+05 lam=9.077e-06 tau=0.00e+00 cg_it=1 shift=0 ckpt=2 alpha=0 acc mv=240
PCG_PREP o=71 rebuild=1 drift=0 previous_depth=2
E2_CAP o=71 retry=0 touched=2 ncam=52 raw=11429.527858971927 capped=67.82066407904253 radius=403.16907370370865 median=1.5742206555877942 global_scale=1
ATTR_RADIUS o=71 raw_norm=11429.527858971927 norm=67.820664079042544 radius=403.16907370370865 next_radius=403.16907370370865 lambda=9.0771481335264631e-06 next_lambda=9.0771481335264631e-06 rho=0.99709143569440639 accept=1
CLASSICAL_LM o=71 lambda=9.0771481335264631e-06 tau=9.0771481335264631e-06 prediction=10.615006970942899 rho=0.99709143569440639 accept=1
  MFCG it  72 cost=2.605814e+05 lam=9.077e-06 tau=0.00e+00 cg_it=1 shift=0 ckpt=2 alpha=0 acc mv=243
PCG_PREP o=72 rebuild=1 drift=0 previous_depth=2
E2_CAP o=72 retry=0 touched=2 ncam=52 raw=11413.842296704583 capped=67.132863992060905 radius=403.16907370370865 median=1.5581128257624473 global_scale=1
ATTR_RADIUS o=72 raw_norm=11413.842296704581 norm=67.132863992060919 radius=403.16907370370865 next_radius=403.16907370370865 lambda=9.0771481335264631e-06 next_lambda=9.0771481335264631e-06 rho=0.99712836352624157 accept=1
CLASSICAL_LM o=72 lambda=9.0771481335264631e-06 tau=9.0771481335264631e-06 prediction=10.446809960101703 rho=0.99712836352624157 accept=1
  MFCG it  73 cost=2.605710e+05 lam=9.077e-06 tau=0.00e+00 cg_it=1 shift=0 ckpt=2 alpha=0 acc mv=246
PCG_PREP o=73 rebuild=1 drift=0 previous_depth=2
E2_CAP o=73 retry=0 touched=2 ncam=52 raw=11398.395503178241 capped=66.800220932827628 radius=403.16907370370865 median=1.5503671753379527 global_scale=1
ATTR_RADIUS o=73 raw_norm=11398.395503178239 norm=66.800220932827628 radius=403.16907370370865 next_radius=403.16907370370865 lambda=9.0771481335264631e-06 next_lambda=9.0771481335264631e-06 rho=0.99714980151439347 accept=1
CLASSICAL_LM o=73 lambda=9.0771481335264631e-06 tau=9.0771481335264631e-06 prediction=10.338780738327408 rho=0.99714980151439347 accept=1
  MFCG it  74 cost=2.605607e+05 lam=9.077e-06 tau=0.00e+00 cg_it=1 shift=0 ckpt=2 alpha=0 acc mv=249
PCG_PREP o=74 rebuild=1 drift=0 previous_depth=2
E2_CAP o=74 retry=0 touched=2 ncam=52 raw=11383.017604252502 capped=66.401995012397876 radius=403.16907370370865 median=1.5412410322407899 global_scale=1
ATTR_RADIUS o=74 raw_norm=11383.017604252502 norm=66.401995012397876 radius=403.16907370370865 next_radius=403.16907370370865 lambda=9.0771481335264631e-06 next_lambda=9.0771481335264631e-06 rho=0.99717000561605018 accept=1
CLASSICAL_LM o=74 lambda=9.0771481335264631e-06 tau=9.0771481335264631e-06 prediction=10.215593629392453 rho=0.99717000561605018 accept=1
  MFCG it  75 cost=2.605505e+05 lam=9.077e-06 tau=0.00e+00 cg_it=1 shift=0 ckpt=2 alpha=0 acc mv=252
PCG_PREP o=75 rebuild=1 drift=0 previous_depth=2
E2_CAP o=75 retry=0 touched=2 ncam=52 raw=11367.849822172377 capped=65.764313002219936 radius=403.16907370370865 median=1.5261724245278487 global_scale=1
ATTR_RADIUS o=75 raw_norm=11367.849822172377 norm=65.764313002219922 radius=403.16907370370865 next_radius=403.16907370370865 lambda=9.0771481335264631e-06 next_lambda=9.0771481335264631e-06 rho=0.99720464673772691 accept=1
CLASSICAL_LM o=75 lambda=9.0771481335264631e-06 tau=9.0771481335264631e-06 prediction=10.068586156924907 rho=0.99720464673772691 accept=1
  MFCG it  76 cost=2.605405e+05 lam=9.077e-06 tau=0.00e+00 cg_it=1 shift=0 ckpt=2 alpha=0 acc mv=255
PCG_PREP o=76 rebuild=1 drift=0 previous_depth=2
E2_CAP o=76 retry=0 touched=2 ncam=52 raw=11352.801818706479 capped=65.51304647650889 radius=403.16907370370865 median=1.5205878944539042 global_scale=1
ATTR_RADIUS o=76 raw_norm=11352.801818706479 norm=65.513046476508919 radius=403.16907370370865 next_radius=403.16907370370865 lambda=9.0771481335264631e-06 next_lambda=9.0771481335264631e-06 rho=0.99721929810517029 accept=1
CLASSICAL_LM o=76 lambda=9.0771481335264631e-06 tau=9.0771481335264631e-06 prediction=9.9718286581579498 rho=0.99721929810517029 accept=1
  MFCG it  77 cost=2.605305e+05 lam=9.077e-06 tau=0.00e+00 cg_it=1 shift=0 ckpt=2 alpha=0 acc mv=258
PCG_PREP o=77 rebuild=1 drift=0 previous_depth=2
E2_CAP o=77 retry=0 touched=2 ncam=52 raw=11337.919003861298 capped=65.111552777435946 radius=403.16907370370865 median=1.5111485968530767 global_scale=1
ATTR_RADIUS o=77 raw_norm=11337.9190038613 norm=65.111552777435961 radius=403.16907370370865 next_radius=403.16907370370865 lambda=9.0771481335264631e-06 next_lambda=9.0771481335264631e-06 rho=0.99724435218872631 accept=1
CLASSICAL_LM o=77 lambda=9.0771481335264631e-06 tau=9.0771481335264631e-06 prediction=9.8661930020055166 rho=0.99724435218872631 accept=1
  MFCG it  78 cost=2.605207e+05 lam=9.077e-06 tau=0.00e+00 cg_it=1 shift=0 ckpt=2 alpha=0 acc mv=261
PCG_PREP o=78 rebuild=1 drift=0 previous_depth=2
E2_CAP o=78 retry=0 touched=2 ncam=52 raw=11323.114033336293 capped=64.993973177500109 radius=403.16907370370865 median=1.5087197987686771 global_scale=1
ATTR_RADIUS o=78 raw_norm=11323.114033336291 norm=64.993973177500123 radius=403.16907370370865 next_radius=403.16907370370865 lambda=9.0771481335264631e-06 next_lambda=9.0771481335264631e-06 rho=0.99725408742132526 accept=1
CLASSICAL_LM o=78 lambda=9.0771481335264631e-06 tau=9.0771481335264631e-06 prediction=9.7931750773501616 rho=0.99725408742132526 accept=1
  MFCG it  79 cost=2.605109e+05 lam=9.077e-06 tau=0.00e+00 cg_it=1 shift=0 ckpt=2 alpha=0 acc mv=264
PCG_PREP o=79 rebuild=1 drift=0 previous_depth=2
E2_CAP o=79 retry=0 touched=2 ncam=52 raw=11308.430935206661 capped=64.556354608303295 radius=403.16907370370865 median=1.498481199445266 global_scale=1
ATTR_RADIUS o=79 raw_norm=11308.430935206661 norm=64.55635460830328 radius=403.16907370370865 next_radius=403.16907370370865 lambda=9.0771481335264631e-06 next_lambda=9.0771481335264631e-06 rho=0.99728224388936693 accept=1
CLASSICAL_LM o=79 lambda=9.0771481335264631e-06 tau=9.0771481335264631e-06 prediction=9.6849842538705548 rho=0.99728224388936693 accept=1
  MFCG it  80 cost=2.605012e+05 lam=9.077e-06 tau=0.00e+00 cg_it=1 shift=0 ckpt=2 alpha=0 acc mv=267
PCG_PREP o=80 rebuild=1 drift=0 previous_depth=2
E2_CAP o=80 retry=0 touched=2 ncam=52 raw=11293.828747785174 capped=64.426131062957779 radius=403.16907370370865 median=1.4956054105754344 global_scale=1
ATTR_RADIUS o=80 raw_norm=11293.828747785175 norm=64.426131062957793 radius=403.16907370370865 next_radius=403.16907370370865 lambda=9.0771481335264631e-06 next_lambda=9.0771481335264631e-06 rho=0.99729455231251174 accept=1
CLASSICAL_LM o=80 lambda=9.0771481335264631e-06 tau=9.0771481335264631e-06 prediction=9.6144805335069456 rho=0.99729455231251174 accept=1
  MFCG it  81 cost=2.604917e+05 lam=9.077e-06 tau=0.00e+00 cg_it=1 shift=0 ckpt=2 alpha=0 acc mv=270
PCG_PREP o=81 rebuild=1 drift=0 previous_depth=2
E2_CAP o=81 retry=0 touched=2 ncam=52 raw=11279.312697130752 capped=64.12459863051879 radius=403.16907370370865 median=1.4887184683814212 global_scale=1
ATTR_RADIUS o=81 raw_norm=11279.312697130756 norm=64.124598630518804 radius=403.16907370370865 next_radius=403.16907370370865 lambda=9.0771481335264631e-06 next_lambda=9.0771481335264631e-06 rho=0.99731647174041504 accept=1
CLASSICAL_LM o=81 lambda=9.0771481335264631e-06 tau=9.0771481335264631e-06 prediction=9.5260805980854766 rho=0.99731647174041504 accept=1
  MFCG it  82 cost=2.604822e+05 lam=9.077e-06 tau=0.00e+00 cg_it=1 shift=0 ckpt=2 alpha=0 acc mv=273
PCG_PREP o=82 rebuild=1 drift=0 previous_depth=2
E2_CAP o=82 retry=0 touched=2 ncam=52 raw=11264.940759847168 capped=63.808930256622048 radius=403.16907370370865 median=1.481238051115799 global_scale=1
ATTR_RADIUS o=82 raw_norm=11264.94075984717 norm=63.808930256622062 radius=403.16907370370865 next_radius=403.16907370370865 lambda=9.0771481335264631e-06 next_lambda=9.0771481335264631e-06 rho=0.99733688090797146 accept=1
CLASSICAL_LM o=82 lambda=9.0771481335264631e-06 tau=9.0771481335264631e-06 prediction=9.4366304232770961 rho=0.99733688090797146 accept=1
  MFCG it  83 cost=2.604727e+05 lam=9.077e-06 tau=0.00e+00 cg_it=1 shift=0 ckpt=2 alpha=0 acc mv=276
PCG_PREP o=83 rebuild=1 drift=0 previous_depth=2
E2_CAP o=83 retry=0 touched=2 ncam=52 raw=11250.599309623705 capped=63.643287255329362 radius=403.16907370370865 median=1.4776601541908001 global_scale=1
ATTR_RADIUS o=83 raw_norm=11250.599309623707 norm=63.643287255329355 radius=403.16907370370865 next_radius=403.16907370370865 lambda=9.0771481335264631e-06 next_lambda=9.0771481335264631e-06 rho=0.99734720242808694 accept=1
CLASSICAL_LM o=83 lambda=9.0771481335264631e-06 tau=9.0771481335264631e-06 prediction=9.3654820973654793 rho=0.99734720242808694 accept=1
  MFCG it  84 cost=2.604634e+05 lam=9.077e-06 tau=0.00e+00 cg_it=1 shift=0 ckpt=2 alpha=0 acc mv=279
PCG_PREP o=84 rebuild=1 drift=0 previous_depth=2
E2_CAP o=84 retry=0 touched=2 ncam=52 raw=11236.374772023415 capped=63.226978059802519 radius=403.16907370370865 median=1.4678140222892146 global_scale=1
ATTR_RADIUS o=84 raw_norm=11236.374772023417 norm=63.226978059802505 radius=403.16907370370865 next_radius=403.16907370370865 lambda=9.0771481335264631e-06 next_lambda=9.0771481335264631e-06 rho=0.99737101261922301 accept=1
CLASSICAL_LM o=84 lambda=9.0771481335264631e-06 tau=9.0771481335264631e-06 prediction=9.2668152118593543 rho=0.99737101261922301 accept=1
  MFCG it  85 cost=2.604542e+05 lam=9.077e-06 tau=0.00e+00 cg_it=1 shift=0 ckpt=2 alpha=0 acc mv=282
PCG_PREP o=85 rebuild=1 drift=0 previous_depth=2
E2_CAP o=85 retry=0 touched=2 ncam=52 raw=11222.218768214727 capped=63.094696653333344 radius=403.16907370370865 median=1.4649791166425681 global_scale=1
ATTR_RADIUS o=85 raw_norm=11222.218768214727 norm=63.094696653333322 radius=403.16907370370865 next_radius=403.16907370370865 lambda=9.0771481335264631e-06 next_lambda=9.0771481335264631e-06 rho=0.99738096724463354 accept=1
CLASSICAL_LM o=85 lambda=9.0771481335264631e-06 tau=9.0771481335264631e-06 prediction=9.2021998125962874 rho=0.99738096724463354 accept=1
  MFCG it  86 cost=2.604450e+05 lam=9.077e-06 tau=0.00e+00 cg_it=1 shift=0 ckpt=2 alpha=0 acc mv=285
PCG_PREP o=86 rebuild=1 drift=0 previous_depth=2
E2_CAP o=86 retry=0 touched=2 ncam=52 raw=11208.175127557144 capped=62.70305171048728 radius=403.16907370370865 median=1.4556850188323289 global_scale=1
ATTR_RADIUS o=86 raw_norm=11208.175127557144 norm=62.703051710487287 radius=403.16907370370865 next_radius=403.16907370370865 lambda=9.0771481335264631e-06 next_lambda=9.0771481335264631e-06 rho=0.99740409354545534 accept=1
CLASSICAL_LM o=86 lambda=9.0771481335264631e-06 tau=9.0771481335264631e-06 prediction=9.1105973826233591 rho=0.99740409354545534 accept=1
  MFCG it  87 cost=2.604359e+05 lam=9.077e-06 tau=0.00e+00 cg_it=1 shift=0 ckpt=2 alpha=0 acc mv=288
PCG_PREP o=87 rebuild=1 drift=0 previous_depth=2
E2_CAP o=87 retry=0 touched=2 ncam=52 raw=11194.195847753241 capped=62.604024265259838 radius=403.16907370370865 median=1.4536714304262386 global_scale=1
ATTR_RADIUS o=87 raw_norm=11194.195847753241 norm=62.604024265259845 radius=403.16907370370865 next_radius=403.16907370370865 lambda=9.0771481335264631e-06 next_lambda=9.0771481335264631e-06 rho=0.99741280920639885 accept=1
CLASSICAL_LM o=87 lambda=9.0771481335264631e-06 tau=9.0771481335264631e-06 prediction=9.0524474646016362 rho=0.99741280920639885 accept=1
  MFCG it  88 cost=2.604269e+05 lam=9.077e-06 tau=0.00e+00 cg_it=1 shift=0 ckpt=2 alpha=0 acc mv=291
PCG_PREP o=88 rebuild=1 drift=0 previous_depth=2
E2_CAP o=88 retry=0 touched=2 ncam=52 raw=11180.302668904489 capped=62.169450118082217 radius=403.16907370370865 median=1.4433649006382714 global_scale=1
ATTR_RADIUS o=88 raw_norm=11180.302668904489 norm=62.169450118082224 radius=403.16907370370865 next_radius=403.16907370370865 lambda=9.0771481335264631e-06 next_lambda=9.0771481335264631e-06 rho=0.99743846232460065 accept=1
CLASSICAL_LM o=88 lambda=9.0771481335264631e-06 tau=9.0771481335264631e-06 prediction=8.9573279087704378 rho=0.99743846232460065 accept=1
  MFCG it  89 cost=2.604179e+05 lam=9.077e-06 tau=0.00e+00 cg_it=1 shift=0 ckpt=2 alpha=0 acc mv=294
PCG_PREP o=89 rebuild=1 drift=0 previous_depth=2
E2_CAP o=89 retry=0 touched=2 ncam=52 raw=11166.472715881648 capped=62.089795531916586 radius=403.16907370370865 median=1.4417916366225954 global_scale=1
ATTR_RADIUS o=89 raw_norm=11166.472715881648 norm=62.089795531916579 radius=403.16907370370865 next_radius=403.16907370370865 lambda=9.0771481335264631e-06 next_lambda=9.0771481335264631e-06 rho=0.99744661552908764 accept=1
CLASSICAL_LM o=89 lambda=9.0771481335264631e-06 tau=9.0771481335264631e-06 prediction=8.9039857022645066 rho=0.99744661552908764 accept=1
  MFCG it  90 cost=2.604091e+05 lam=9.077e-06 tau=0.00e+00 cg_it=1 shift=0 ckpt=2 alpha=0 acc mv=297
PCG_PREP o=90 rebuild=1 drift=0 previous_depth=2
E2_CAP o=90 retry=0 touched=2 ncam=52 raw=11152.73187426486 capped=61.665168470349641 radius=403.16907370370865 median=1.4318250676208191 global_scale=1
ATTR_RADIUS o=90 raw_norm=11152.731874264859 norm=61.665168470349656 radius=403.16907370370865 next_radius=403.16907370370865 lambda=9.0771481335264631e-06 next_lambda=9.0771481335264631e-06 rho=0.99747336105757234 accept=1
CLASSICAL_LM o=90 lambda=9.0771481335264631e-06 tau=9.0771481335264631e-06 prediction=8.812964458994001 rho=0.99747336105757234 accept=1
  MFCG it  91 cost=2.604003e+05 lam=9.077e-06 tau=0.00e+00 cg_it=1 shift=0 ckpt=2 alpha=0 acc mv=300
PCG_PREP o=91 rebuild=1 drift=0 previous_depth=2
E2_CAP o=91 retry=0 touched=2 ncam=52 raw=11139.079373741835 capped=61.44435756945559 radius=403.16907370370865 median=1.4266951796509777 global_scale=1
ATTR_RADIUS o=91 raw_norm=11139.079373741835 norm=61.44435756945559 radius=403.16907370370865 next_radius=403.16907370370865 lambda=9.0771481335264631e-06 next_lambda=9.0771481335264631e-06 rho=0.99749155236424092 accept=1
CLASSICAL_LM o=91 lambda=9.0771481335264631e-06 tau=9.0771481335264631e-06 prediction=8.7431612717590106 rho=0.99749155236424092 accept=1
  MFCG it  92 cost=2.603915e+05 lam=9.077e-06 tau=0.00e+00 cg_it=1 shift=0 ckpt=2 alpha=0 acc mv=303
PCG_PREP o=92 rebuild=1 drift=0 previous_depth=2
E2_CAP o=92 retry=0 touched=2 ncam=52 raw=11125.472471182196 capped=60.968728179189718 radius=403.16907370370865 median=1.4155935292480173 global_scale=1
ATTR_RADIUS o=92 raw_norm=11125.472471182195 norm=60.968728179189725 radius=403.16907370370865 next_radius=403.16907370370865 lambda=9.0771481335264631e-06 next_lambda=9.0771481335264631e-06 rho=0.99751961909666542 accept=1
CLASSICAL_LM o=92 lambda=9.0771481335264631e-06 tau=9.0771481335264631e-06 prediction=8.6407870895029628 rho=0.99751961909666542 accept=1
  MFCG it  93 cost=2.603829e+05 lam=9.077e-06 tau=0.00e+00 cg_it=1 shift=0 ckpt=2 alpha=0 acc mv=306
PCG_PREP o=93 rebuild=1 drift=0 previous_depth=2
E2_CAP o=93 retry=0 touched=2 ncam=52 raw=11112.007224455423 capped=60.47896993241816 radius=403.16907370370865 median=1.4040525847963985 global_scale=1
ATTR_RADIUS o=93 raw_norm=11112.007224455421 norm=60.478969932418153 radius=403.16907370370865 next_radius=403.16907370370865 lambda=9.0771481335264631e-06 next_lambda=9.0771481335264631e-06 rho=0.99754632328984139 accept=1
CLASSICAL_LM o=93 lambda=9.0771481335264631e-06 tau=9.0771481335264631e-06 prediction=8.5393028644323596 rho=0.99754632328984139 accept=1
  MFCG it  94 cost=2.603744e+05 lam=9.077e-06 tau=0.00e+00 cg_it=1 shift=0 ckpt=2 alpha=0 acc mv=309
PCG_PREP o=94 rebuild=1 drift=0 previous_depth=2
E2_CAP o=94 retry=0 touched=2 ncam=52 raw=11098.647417773458 capped=60.033048393266732 radius=403.16907370370865 median=1.3936091135879758 global_scale=1
ATTR_RADIUS o=94 raw_norm=11098.647417773462 norm=60.033048393266732 radius=403.16907370370865 next_radius=403.16907370370865 lambda=9.0771481335264631e-06 next_lambda=9.0771481335264631e-06 rho=0.99757116042917415 accept=1
CLASSICAL_LM o=94 lambda=9.0771481335264631e-06 tau=9.0771481335264631e-06 prediction=8.4437541424236944 rho=0.99757116042917415 accept=1
  MFCG it  95 cost=2.603660e+05 lam=9.077e-06 tau=0.00e+00 cg_it=1 shift=0 ckpt=2 alpha=0 acc mv=312
PCG_PREP o=95 rebuild=1 drift=0 previous_depth=2
E2_CAP o=95 retry=0 touched=2 ncam=52 raw=11085.417062782131 capped=59.549915693614707 radius=403.16907370370865 median=1.3821753887668291 global_scale=1
ATTR_RADIUS o=95 raw_norm=11085.417062782131 norm=59.549915693614707 radius=403.16907370370865 next_radius=403.16907370370865 lambda=9.0771481335264631e-06 next_lambda=9.0771481335264631e-06 rho=0.99759707829727029 accept=1
CLASSICAL_LM o=95 lambda=9.0771481335264631e-06 tau=9.0771481335264631e-06 prediction=8.3455332208094664 rho=0.99759707829727029 accept=1
  MFCG it  96 cost=2.603577e+05 lam=9.077e-06 tau=0.00e+00 cg_it=1 shift=0 ckpt=2 alpha=0 acc mv=315
PCG_PREP o=96 rebuild=1 drift=0 previous_depth=2
E2_CAP o=96 retry=0 touched=2 ncam=52 raw=11072.290411150307 capped=59.149487711003282 radius=403.16907370370865 median=1.3728565113880191 global_scale=1
ATTR_RADIUS o=96 raw_norm=11072.290411150307 norm=59.149487711003275 radius=403.16907370370865 next_radius=403.16907370370865 lambda=9.0771481335264631e-06 next_lambda=9.0771481335264631e-06 rho=0.99761949842376041 accept=1
CLASSICAL_LM o=96 lambda=9.0771481335264631e-06 tau=9.0771481335264631e-06 prediction=8.2582842008746074 rho=0.99761949842376041 accept=1
  MFCG it  97 cost=2.603494e+05 lam=9.077e-06 tau=0.00e+00 cg_it=1 shift=0 ckpt=2 alpha=0 acc mv=318
PCG_PREP o=97 rebuild=1 drift=0 previous_depth=2
E2_CAP o=97 retry=0 touched=2 ncam=52 raw=11059.26153437398 capped=58.665553486544937 radius=403.16907370370865 median=1.3614022188340278 global_scale=1
ATTR_RADIUS o=97 raw_norm=11059.261534373978 norm=58.665553486544923 radius=403.16907370370865 next_radius=403.16907370370865 lambda=9.0771481335264631e-06 next_lambda=9.0771481335264631e-06 rho=0.99764601119685425 accept=1
CLASSICAL_LM o=97 lambda=9.0771481335264631e-06 tau=9.0771481335264631e-06 prediction=8.1621498966521919 rho=0.99764601119685425 accept=1
  MFCG it  98 cost=2.603413e+05 lam=9.077e-06 tau=0.00e+00 cg_it=1 shift=0 ckpt=2 alpha=0 acc mv=321
PCG_PREP o=98 rebuild=1 drift=0 previous_depth=2
E2_CAP o=98 retry=0 touched=2 ncam=52 raw=11046.349972918289 capped=58.298774520689733 radius=403.16907370370865 median=1.3528646861984521 global_scale=1
ATTR_RADIUS o=98 raw_norm=11046.349972918289 norm=58.29877452068974 radius=403.16907370370865 next_radius=403.16907370370865 lambda=9.0771481335264631e-06 next_lambda=9.0771481335264631e-06 rho=0.99766692754461406 accept=1
CLASSICAL_LM o=98 lambda=9.0771481335264631e-06 tau=9.0771481335264631e-06 prediction=8.0818260407631168 rho=0.99766692754461406 accept=1
  MFCG it  99 cost=2.603332e+05 lam=9.077e-06 tau=0.00e+00 cg_it=1 shift=0 ckpt=2 alpha=0 acc mv=324
PCG_PREP o=99 rebuild=1 drift=0 previous_depth=2
E2_CAP o=99 retry=0 touched=2 ncam=52 raw=11033.534201739822 capped=57.836088643743928 radius=403.16907370370865 median=1.3419829529439142 global_scale=1
ATTR_RADIUS o=99 raw_norm=11033.53420173982 norm=57.836088643743921 radius=403.16907370370865 next_radius=403.16907370370865 lambda=9.0771481335264631e-06 next_lambda=9.0771481335264631e-06 rho=0.99769204139919587 accept=1
CLASSICAL_LM o=99 lambda=9.0771481335264631e-06 tau=9.0771481335264631e-06 prediction=7.9904970942578677 rho=0.99769204139919587 accept=1
  MFCG it 100 cost=2.603252e+05 lam=9.077e-06 tau=0.00e+00 cg_it=1 shift=0 ckpt=2 alpha=0 acc mv=327
PCG_PREP o=100 rebuild=1 drift=0 previous_depth=2
E2_CAP o=100 retry=0 touched=2 ncam=52 raw=11020.844558357698 capped=57.441374358709616 radius=403.16907370370865 median=1.3326390278199045 global_scale=1
ATTR_RADIUS o=100 raw_norm=11020.844558357698 norm=57.441374358709609 radius=403.16907370370865 next_radius=403.16907370370865 lambda=9.0771481335264631e-06 next_lambda=9.0771481335264631e-06 rho=0.99771477134932751 accept=1
CLASSICAL_LM o=100 lambda=9.0771481335264631e-06 tau=9.0771481335264631e-06 prediction=7.9091673330469234 rho=0.99771477134932751 accept=1
  MFCG it 101 cost=2.603173e+05 lam=9.077e-06 tau=0.00e+00 cg_it=1 shift=0 ckpt=2 alpha=0 acc mv=330
PCG_PREP o=101 rebuild=1 drift=0 previous_depth=2
E2_CAP o=101 retry=0 touched=2 ncam=52 raw=11008.20924585875 capped=57.086196986606907 radius=403.16907370370865 median=1.3243998980786622 global_scale=1
ATTR_RADIUS o=101 raw_norm=11008.209245858752 norm=57.086196986606922 radius=403.16907370370865 next_radius=403.16907370370865 lambda=9.0771481335264631e-06 next_lambda=9.0771481335264631e-06 rho=0.99773358453157646 accept=1
CLASSICAL_LM o=101 lambda=9.0771481335264631e-06 tau=9.0771481335264631e-06 prediction=7.8313929072020958 rho=0.99773358453157646 accept=1
  MFCG it 102 cost=2.603095e+05 lam=9.077e-06 tau=0.00e+00 cg_it=1 shift=0 ckpt=2 alpha=0 acc mv=333
PCG_PREP o=102 rebuild=1 drift=0 previous_depth=2
E2_CAP o=102 retry=0 touched=2 ncam=52 raw=10995.705127432693 capped=56.639412700200154 radius=403.16907370370865 median=1.3138287151166788 global_scale=1
ATTR_RADIUS o=102 raw_norm=10995.705127432691 norm=56.63941270020014 radius=403.16907370370865 next_radius=403.16907370370865 lambda=9.0771481335264631e-06 next_lambda=9.0771481335264631e-06 rho=0.99775716035312811 accept=1
CLASSICAL_LM o=102 lambda=9.0771481335264631e-06 tau=9.0771481335264631e-06 prediction=7.74757213326669 rho=0.99775716035312811 accept=1
  MFCG it 103 cost=2.603018e+05 lam=9.077e-06 tau=0.00e+00 cg_it=1 shift=0 ckpt=2 alpha=0 acc mv=336
PCG_PREP o=103 rebuild=1 drift=0 previous_depth=2
E2_CAP o=103 retry=0 touched=2 ncam=52 raw=10983.279938100584 capped=56.320662887099957 radius=403.16907370370865 median=1.3063848191257028 global_scale=1
ATTR_RADIUS o=103 raw_norm=10983.279938100586 norm=56.320662887099964 radius=403.16907370370865 next_radius=403.16907370370865 lambda=9.0771481335264631e-06 next_lambda=9.0771481335264631e-06 rho=0.99777646885332594 accept=1
CLASSICAL_LM o=103 lambda=9.0771481335264631e-06 tau=9.0771481335264631e-06 prediction=7.6765883835263935 rho=0.99777646885332594 accept=1
  MFCG it 104 cost=2.602941e+05 lam=9.077e-06 tau=0.00e+00 cg_it=1 shift=0 ckpt=2 alpha=0 acc mv=339
PCG_PREP o=104 rebuild=1 drift=0 previous_depth=2
E2_CAP o=104 retry=0 touched=2 ncam=52 raw=10970.945066731318 capped=55.935323533891392 radius=403.16907370370865 median=1.2973276843344723 global_scale=1
ATTR_RADIUS o=104 raw_norm=10970.945066731318 norm=55.935323533891385 radius=403.16907370370865 next_radius=403.16907370370865 lambda=9.0771481335264631e-06 next_lambda=9.0771481335264631e-06 rho=0.99779871622484007 accept=1
CLASSICAL_LM o=104 lambda=9.0771481335264631e-06 tau=9.0771481335264631e-06 prediction=7.6000878041080755 rho=0.99779871622484007 accept=1
  MFCG it 105 cost=2.602866e+05 lam=9.077e-06 tau=0.00e+00 cg_it=1 shift=0 ckpt=2 alpha=0 acc mv=342
PCG_PREP o=105 rebuild=1 drift=0 previous_depth=2
E2_CAP o=105 retry=0 touched=2 ncam=52 raw=10958.700092891097 capped=55.595314356484771 radius=403.16907370370865 median=1.2893047541719507 global_scale=1
ATTR_RADIUS o=105 raw_norm=10958.7000928911 norm=55.595314356484778 radius=403.16907370370865 next_radius=403.16907370370865 lambda=9.0771481335264631e-06 next_lambda=9.0771481335264631e-06 rho=0.99781796132571221 accept=1
CLASSICAL_LM o=105 lambda=9.0771481335264631e-06 tau=9.0771481335264631e-06 prediction=7.5293432055136282 rho=0.99781796132571221 accept=1
  MFCG it 106 cost=2.602790e+05 lam=9.077e-06 tau=0.00e+00 cg_it=1 shift=0 ckpt=2 alpha=0 acc mv=345
PCG_PREP o=106 rebuild=1 drift=0 previous_depth=2
E2_CAP o=106 retry=0 touched=2 ncam=52 raw=10946.518678178159 capped=55.25042486858375 radius=403.16907370370865 median=1.2813298669846256 global_scale=1
ATTR_RADIUS o=106 raw_norm=10946.518678178159 norm=55.250424868583742 radius=403.16907370370865 next_radius=403.16907370370865 lambda=9.0771481335264631e-06 next_lambda=9.0771481335264631e-06 rho=0.9978371162065387 accept=1
CLASSICAL_LM o=106 lambda=9.0771481335264631e-06 tau=9.0771481335264631e-06 prediction=7.4575240157743501 rho=0.9978371162065387 accept=1
  MFCG it 107 cost=2.602716e+05 lam=9.077e-06 tau=0.00e+00 cg_it=1 shift=0 ckpt=2 alpha=0 acc mv=348
PCG_PREP o=107 rebuild=1 drift=0 previous_depth=2
E2_CAP o=107 retry=0 touched=2 ncam=52 raw=10934.45374710448 capped=54.820596712091906 radius=403.16907370370865 median=1.2711462461855065 global_scale=1
ATTR_RADIUS o=107 raw_norm=10934.453747104482 norm=54.820596712091913 radius=403.16907370370865 next_radius=403.16907370370865 lambda=9.0771481335264631e-06 next_lambda=9.0771481335264631e-06 rho=0.99785883087186478 accept=1
CLASSICAL_LM o=107 lambda=9.0771481335264631e-06 tau=9.0771481335264631e-06 prediction=7.3792346718636095 rho=0.99785883087186478 accept=1
  MFCG it 108 cost=2.602642e+05 lam=9.077e-06 tau=0.00e+00 cg_it=1 shift=0 ckpt=2 alpha=0 acc mv=351
PCG_PREP o=108 rebuild=1 drift=0 previous_depth=2
E2_CAP o=108 retry=0 touched=2 ncam=52 raw=10922.447345140714 capped=54.555591439111957 radius=403.16907370370865 median=1.2649740426455631 global_scale=1
ATTR_RADIUS o=108 raw_norm=10922.447345140714 norm=54.555591439111964 radius=403.16907370370865 next_radius=403.16907370370865 lambda=9.0771481335264631e-06 next_lambda=9.0771481335264631e-06 rho=0.9978744908383691 accept=1
CLASSICAL_LM o=108 lambda=9.0771481335264631e-06 tau=9.0771481335264631e-06 prediction=7.3184084668603573 rho=0.9978744908383691 accept=1
  MFCG it 109 cost=2.602569e+05 lam=9.077e-06 tau=0.00e+00 cg_it=1 shift=0 ckpt=2 alpha=0 acc mv=354
PCG_PREP o=109 rebuild=1 drift=0 previous_depth=2
E2_CAP o=109 retry=0 touched=2 ncam=52 raw=10910.528847762755 capped=54.160035318533211 radius=403.16907370370865 median=1.2557241234693244 global_scale=1
ATTR_RADIUS o=109 raw_norm=10910.528847762756 norm=54.160035318533211 radius=403.16907370370865 next_radius=403.16907370370865 lambda=9.0771481335264631e-06 next_lambda=9.0771481335264631e-06 rho=0.99789731923232561 accept=1
CLASSICAL_LM o=109 lambda=9.0771481335264631e-06 tau=9.0771481335264631e-06 prediction=7.244191729499307 rho=0.99789731923232561 accept=1
  MFCG it 110 cost=2.602497e+05 lam=9.077e-06 tau=0.00e+00 cg_it=1 shift=0 ckpt=2 alpha=0 acc mv=357
PCG_PREP o=110 rebuild=1 drift=0 previous_depth=2
E2_CAP o=110 retry=0 touched=2 ncam=52 raw=10898.701477357839 capped=53.738584810596272 radius=403.16907370370865 median=1.245783333642418 global_scale=1
ATTR_RADIUS o=110 raw_norm=10898.701477357843 norm=53.738584810596265 radius=403.16907370370865 next_radius=403.16907370370865 lambda=9.0771481335264631e-06 next_lambda=9.0771481335264631e-06 rho=0.99791907995900941 accept=1
CLASSICAL_LM o=110 lambda=9.0771481335264631e-06 tau=9.0771481335264631e-06 prediction=7.1660221103583641 rho=0.99791907995900941 accept=1
  MFCG it 111 cost=2.602426e+05 lam=9.077e-06 tau=0.00e+00 cg_it=1 shift=0 ckpt=2 alpha=0 acc mv=360
PCG_PREP o=111 rebuild=1 drift=0 previous_depth=2
E2_CAP o=111 retry=0 touched=2 ncam=52 raw=10886.988174535729 capped=53.342430602093138 radius=403.16907370370865 median=1.23627307260633 global_scale=1
ATTR_RADIUS o=111 raw_norm=10886.988174535727 norm=53.342430602093145 radius=403.16907370370865 next_radius=403.16907370370865 lambda=9.0771481335264631e-06 next_lambda=9.0771481335264631e-06 rho=0.99793956906823167 accept=1
CLASSICAL_LM o=111 lambda=9.0771481335264631e-06 tau=9.0771481335264631e-06 prediction=7.0929775172028755 rho=0.99793956906823167 accept=1
  MFCG it 112 cost=2.602355e+05 lam=9.077e-06 tau=0.00e+00 cg_it=1 shift=0 ckpt=2 alpha=0 acc mv=363
PCG_PREP o=112 rebuild=1 drift=0 previous_depth=2
E2_CAP o=112 retry=0 touched=2 ncam=52 raw=10875.323678842258 capped=52.927918328808481 radius=403.16907370370865 median=1.2266528506105092 global_scale=1
ATTR_RADIUS o=112 raw_norm=10875.323678842258 norm=52.927918328808488 radius=403.16907370370865 next_radius=403.16907370370865 lambda=9.0771481335264631e-06 next_lambda=9.0771481335264631e-06 rho=0.99795876026327168 accept=1
CLASSICAL_LM o=112 lambda=9.0771481335264631e-06 tau=9.0771481335264631e-06 prediction=7.0142746314309168 rho=0.99795876026327168 accept=1
  MFCG it 113 cost=2.602285e+05 lam=9.077e-06 tau=0.00e+00 cg_it=1 shift=0 ckpt=2 alpha=0 acc mv=366
PCG_PREP o=113 rebuild=1 drift=0 previous_depth=2
E2_CAP o=113 retry=0 touched=2 ncam=52 raw=10863.778145615941 capped=52.518114362445608 radius=403.16907370370865 median=1.2170407395140426 global_scale=1
ATTR_RADIUS o=113 raw_norm=10863.778145615941 norm=52.518114362445608 radius=403.16907370370865 next_radius=403.16907370370865 lambda=9.0771481335264631e-06 next_lambda=9.0771481335264631e-06 rho=0.99798149481937914 accept=1
CLASSICAL_LM o=113 lambda=9.0771481335264631e-06 tau=9.0771481335264631e-06 prediction=6.9420422688387999 rho=0.99798149481937914 accept=1
  MFCG it 114 cost=2.602216e+05 lam=9.077e-06 tau=0.00e+00 cg_it=1 shift=0 ckpt=2 alpha=0 acc mv=369
PCG_PREP o=114 rebuild=1 drift=0 previous_depth=2
E2_CAP o=114 retry=0 touched=2 ncam=52 raw=10852.330973398895 capped=52.136882752416682 radius=403.16907370370865 median=1.2080676745404446 global_scale=1
ATTR_RADIUS o=114 raw_norm=10852.330973398897 norm=52.136882752416689 radius=403.16907370370865 next_radius=403.16907370370865 lambda=9.0771481335264631e-06 next_lambda=9.0771481335264631e-06 rho=0.99800187602352919 accept=1
CLASSICAL_LM o=114 lambda=9.0771481335264631e-06 tau=9.0771481335264631e-06 prediction=6.870977235063938 rho=0.99800187602352919 accept=1
  MFCG it 115 cost=2.602147e+05 lam=9.077e-06 tau=0.00e+00 cg_it=1 shift=0 ckpt=2 alpha=0 acc mv=372
PCG_PREP o=115 rebuild=1 drift=0 previous_depth=2
E2_CAP o=115 retry=0 touched=2 ncam=52 raw=10840.960694284671 capped=51.757825774570456 radius=403.16907370370865 median=1.1991336893171423 global_scale=1
ATTR_RADIUS o=115 raw_norm=10840.960694284669 norm=51.757825774570456 radius=403.16907370370865 next_radius=403.16907370370865 lambda=9.0771481335264631e-06 next_lambda=9.0771481335264631e-06 rho=0.99802156618855364 accept=1
CLASSICAL_LM o=115 lambda=9.0771481335264631e-06 tau=9.0771481335264631e-06 prediction=6.8024797715019085 rho=0.99802156618855364 accept=1
  MFCG it 116 cost=2.602079e+05 lam=9.077e-06 tau=0.00e+00 cg_it=1 shift=0 ckpt=2 alpha=0 acc mv=375
PCG_PREP o=116 rebuild=1 drift=0 previous_depth=2
E2_CAP o=116 retry=0 touched=2 ncam=52 raw=10829.680878176488 capped=51.392370324629894 radius=403.16907370370865 median=1.1905082400558409 global_scale=1
ATTR_RADIUS o=116 raw_norm=10829.68087817649 norm=51.392370324629887 radius=403.16907370370865 next_radius=403.16907370370865 lambda=9.0771481335264631e-06 next_lambda=9.0771481335264631e-06 rho=0.99804094728107606 accept=1
CLASSICAL_LM o=116 lambda=9.0771481335264631e-06 tau=9.0771481335264631e-06 prediction=6.7356981858308247 rho=0.99804094728107606 accept=1
  MFCG it 117 cost=2.602012e+05 lam=9.077e-06 tau=0.00e+00 cg_it=1 shift=0 ckpt=2 alpha=0 acc mv=378
PCG_PREP o=117 rebuild=1 drift=0 previous_depth=2
E2_CAP o=117 retry=0 touched=2 ncam=52 raw=10818.478433185195 capped=51.040073131365915 radius=403.16907370370865 median=1.1822754099052419 global_scale=1
ATTR_RADIUS o=117 raw_norm=10818.478433185195 norm=51.040073131365894 radius=403.16907370370865 next_radius=403.16907370370865 lambda=9.0771481335264631e-06 next_lambda=9.0771481335264631e-06 rho=0.99805897342525018 accept=1
CLASSICAL_LM o=117 lambda=9.0771481335264631e-06 tau=9.0771481335264631e-06 prediction=6.6703459508114751 rho=0.99805897342525018 accept=1
  MFCG it 118 cost=2.601945e+05 lam=9.077e-06 tau=0.00e+00 cg_it=1 shift=0 ckpt=2 alpha=0 acc mv=381
PCG_PREP o=118 rebuild=1 drift=0 previous_depth=2
E2_CAP o=118 retry=0 touched=2 ncam=52 raw=10807.35566899257 capped=50.690611003423854 radius=403.16907370370865 median=1.1739823332216504 global_scale=1
ATTR_RADIUS o=118 raw_norm=10807.355668992568 norm=50.690611003423854 radius=403.16907370370865 next_radius=403.16907370370865 lambda=9.0771481335264631e-06 next_lambda=9.0771481335264631e-06 rho=0.99807762411045831 accept=1
CLASSICAL_LM o=118 lambda=9.0771481335264631e-06 tau=9.0771481335264631e-06 prediction=6.6064966432361185 rho=0.99807762411045831 accept=1
  MFCG it 119 cost=2.601879e+05 lam=9.077e-06 tau=0.00e+00 cg_it=1 shift=0 ckpt=2 alpha=0 acc mv=384
PCG_PREP o=119 rebuild=1 drift=0 previous_depth=2
E2_CAP o=119 retry=0 touched=2 ncam=52 raw=10796.296716435754 capped=50.326880816897379 radius=403.16907370370865 median=1.1654937089934321 global_scale=1
ATTR_RADIUS o=119 raw_norm=10796.296716435754 norm=50.326880816897393 radius=403.16907370370865 next_radius=403.16907370370865 lambda=9.0771481335264631e-06 next_lambda=9.0771481335264631e-06 rho=0.99809608868284017 accept=1
CLASSICAL_LM o=119 lambda=9.0771481335264631e-06 tau=9.0771481335264631e-06 prediction=6.5397473619817088 rho=0.99809608868284017 accept=1
  MFCG it 120 cost=2.601814e+05 lam=9.077e-06 tau=0.00e+00 cg_it=1 shift=0 ckpt=2 alpha=0 acc mv=387
PCG_PREP o=120 rebuild=1 drift=0 previous_depth=2
E2_CAP o=120 retry=0 touched=2 ncam=52 raw=10785.358589380383 capped=50.210546232197103 radius=403.16907370370865 median=1.1627609681225279 global_scale=1
ATTR_RADIUS o=120 raw_norm=10785.358589380383 norm=50.210546232197089 radius=403.16907370370865 next_radius=403.16907370370865 lambda=9.0771481335264631e-06 next_lambda=9.0771481335264631e-06 rho=0.99810345012816504 accept=1
CLASSICAL_LM o=120 lambda=9.0771481335264631e-06 tau=9.0771481335264631e-06 prediction=6.5102301252121499 rho=0.99810345012816504 accept=1
  MFCG it 121 cost=2.601749e+05 lam=9.077e-06 tau=0.00e+00 cg_it=1 shift=0 ckpt=2 alpha=0 acc mv=390
PCG_PREP o=121 rebuild=1 drift=0 previous_depth=2
E2_CAP o=121 retry=0 touched=2 ncam=52 raw=10774.414171185392 capped=49.683507639172191 radius=403.16907370370865 median=1.1503431007836045 global_scale=1
ATTR_RADIUS o=121 raw_norm=10774.414171185392 norm=49.683507639172191 radius=403.16907370370865 next_radius=403.16907370370865 lambda=9.0771481335264631e-06 next_lambda=9.0771481335264631e-06 rho=0.99812816908538349 accept=1
CLASSICAL_LM o=121 lambda=9.0771481335264631e-06 tau=9.0771481335264631e-06 prediction=6.4214627285801233 rho=0.99812816908538349 accept=1
  MFCG it 122 cost=2.601685e+05 lam=9.077e-06 tau=0.00e+00 cg_it=1 shift=0 ckpt=2 alpha=0 acc mv=393
PCG_PREP o=122 rebuild=1 drift=0 previous_depth=2
E2_CAP o=122 retry=0 touched=2 ncam=52 raw=10763.609478495709 capped=50.247914168629244 radius=403.16907370370865 median=1.1638586483656428 global_scale=1
ATTR_RADIUS o=122 raw_norm=10763.609478495709 norm=50.247914168629251 radius=403.16907370370865 next_radius=403.16907370370865 lambda=9.0771481335264631e-06 next_lambda=9.0771481335264631e-06 rho=0.99810834121450354 accept=1
CLASSICAL_LM o=122 lambda=9.0771481335264631e-06 tau=9.0771481335264631e-06 prediction=6.4826581846844151 rho=0.99810834121450354 accept=1
  MFCG it 123 cost=2.601620e+05 lam=9.077e-06 tau=0.00e+00 cg_it=1 shift=0 ckpt=2 alpha=0 acc mv=396
PCG_PREP o=123 rebuild=1 drift=0 previous_depth=2
E2_CAP o=123 retry=0 touched=2 ncam=52 raw=10752.670646271741 capped=49.155500309322484 radius=403.16907370370865 median=1.1379587136715288 global_scale=1
ATTR_RADIUS o=123 raw_norm=10752.670646271743 norm=49.155500309322498 radius=403.16907370370865 next_radius=403.16907370370865 lambda=9.0771481335264631e-06 next_lambda=9.0771481335264631e-06 rho=0.99815476308638118 accept=1
CLASSICAL_LM o=123 lambda=9.0771481335264631e-06 tau=9.0771481335264631e-06 prediction=6.318797309623764 rho=0.99815476308638118 accept=1
  MFCG it 124 cost=2.601557e+05 lam=9.077e-06 tau=0.00e+00 cg_it=1 shift=0 ckpt=2 alpha=0 acc mv=399
PCG_PREP o=124 rebuild=1 drift=0 previous_depth=2
E2_CAP o=124 retry=0 touched=2 ncam=52 raw=10741.983795113929 capped=48.809772553159192 radius=403.16907370370865 median=1.129868176047587 global_scale=1
ATTR_RADIUS o=124 raw_norm=10741.983795113925 norm=48.809772553159192 radius=403.16907370370865 next_radius=403.16907370370865 lambda=9.0771481335264631e-06 next_lambda=9.0771481335264631e-06 rho=0.99817496342326584 accept=1
CLASSICAL_LM o=124 lambda=9.0771481335264631e-06 tau=9.0771481335264631e-06 prediction=6.2611593121032412 rho=0.99817496342326584 accept=1
  MFCG it 125 cost=2.601495e+05 lam=9.077e-06 tau=0.00e+00 cg_it=1 shift=0 ckpt=2 alpha=0 acc mv=402
PCG_PREP o=125 rebuild=1 drift=0 previous_depth=2
E2_CAP o=125 retry=0 touched=2 ncam=52 raw=10731.36501859859 capped=48.513558511019298 radius=403.16907370370865 median=1.1229009179949281 global_scale=1
ATTR_RADIUS o=125 raw_norm=10731.36501859859 norm=48.513558511019291 radius=403.16907370370865 next_radius=403.16907370370865 lambda=9.0771481335264631e-06 next_lambda=9.0771481335264631e-06 rho=0.99819092163163181 accept=1
CLASSICAL_LM o=125 lambda=9.0771481335264631e-06 tau=9.0771481335264631e-06 prediction=6.2063940220799685 rho=0.99819092163163181 accept=1
  MFCG it 126 cost=2.601433e+05 lam=9.077e-06 tau=0.00e+00 cg_it=1 shift=0 ckpt=2 alpha=0 acc mv=405
PCG_PREP o=126 rebuild=1 drift=0 previous_depth=2
E2_CAP o=126 retry=0 touched=2 ncam=52 raw=10720.825131197109 capped=49.095596614066743 radius=403.16907370370865 median=1.1368312526426978 global_scale=1
ATTR_RADIUS o=126 raw_norm=10720.825131197109 norm=49.095596614066757 radius=403.16907370370865 next_radius=403.16907370370865 lambda=9.0771481335264631e-06 next_lambda=9.0771481335264631e-06 rho=0.99817095538403733 accept=1
CLASSICAL_LM o=126 lambda=9.0771481335264631e-06 tau=9.0771481335264631e-06 prediction=6.2690550815443862 rho=0.99817095538403733 accept=1
  MFCG it 127 cost=2.601370e+05 lam=9.077e-06 tau=0.00e+00 cg_it=1 shift=0 ckpt=2 alpha=0 acc mv=408
PCG_PREP o=127 rebuild=1 drift=0 previous_depth=2
E2_CAP o=127 retry=0 touched=2 ncam=52 raw=10710.126982761132 capped=48.048089117674436 radius=403.16907370370865 median=1.1119915239777984 global_scale=1
ATTR_RADIUS o=127 raw_norm=10710.12698276113 norm=48.048089117674429 radius=403.16907370370865 next_radius=403.16907370370865 lambda=9.0771481335264631e-06 next_lambda=9.0771481335264631e-06 rho=0.99821411264462767 accept=1
CLASSICAL_LM o=127 lambda=9.0771481335264631e-06 tau=9.0771481335264631e-06 prediction=6.1139226138777163 rho=0.99821411264462767 accept=1
  MFCG it 128 cost=2.601309e+05 lam=9.077e-06 tau=0.00e+00 cg_it=1 shift=0 ckpt=2 alpha=0 acc mv=411
PCG_PREP o=128 rebuild=1 drift=0 previous_depth=2
E2_CAP o=128 retry=0 touched=2 ncam=52 raw=10699.700367767811 capped=48.428537320201158 radius=403.16907370370865 median=1.1212328912900924 global_scale=1
ATTR_RADIUS o=128 raw_norm=10699.700367767811 norm=48.428537320201151 radius=403.16907370370865 next_radius=403.16907370370865 lambda=9.0771481335264631e-06 next_lambda=9.0771481335264631e-06 rho=0.99820145398570836 accept=1
CLASSICAL_LM o=128 lambda=9.0771481335264631e-06 tau=9.0771481335264631e-06 prediction=6.1527893831557448 rho=0.99820145398570836 accept=1
  MFCG it 129 cost=2.601248e+05 lam=9.077e-06 tau=0.00e+00 cg_it=1 shift=0 ckpt=2 alpha=0 acc mv=414
PCG_PREP o=129 rebuild=1 drift=0 previous_depth=2
E2_CAP o=129 retry=0 touched=2 ncam=52 raw=10689.16407978325 capped=47.560919792089145 radius=403.16907370370865 median=1.1006257520199689 global_scale=1
ATTR_RADIUS o=129 raw_norm=10689.16407978325 norm=47.560919792089145 radius=403.16907370370865 next_radius=403.16907370370865 lambda=9.0771481335264631e-06 next_lambda=9.0771481335264631e-06 rho=0.99823942707231406 accept=1
CLASSICAL_LM o=129 lambda=9.0771481335264631e-06 tau=9.0771481335264631e-06 prediction=6.0219736082269613 rho=0.99823942707231406 accept=1
  MFCG it 130 cost=2.601188e+05 lam=9.077e-06 tau=0.00e+00 cg_it=1 shift=0 ckpt=2 alpha=0 acc mv=417
PCG_PREP o=130 rebuild=1 drift=0 previous_depth=2
E2_CAP o=130 retry=0 touched=2 ncam=52 raw=10678.842648331174 capped=47.870458411314559 radius=403.16907370370865 median=1.1081852346529253 global_scale=1
ATTR_RADIUS o=130 raw_norm=10678.842648331172 norm=47.870458411314566 radius=403.16907370370865 next_radius=403.16907370370865 lambda=9.0771481335264631e-06 next_lambda=9.0771481335264631e-06 rho=0.99822994700756784 accept=1
CLASSICAL_LM o=130 lambda=9.0771481335264631e-06 tau=9.0771481335264631e-06 prediction=6.0517546193035683 rho=0.99822994700756784 accept=1
  MFCG it 131 cost=2.601127e+05 lam=9.077e-06 tau=0.00e+00 cg_it=1 shift=0 ckpt=2 alpha=0 acc mv=420
PCG_PREP o=131 rebuild=1 drift=0 previous_depth=2
E2_CAP o=131 retry=0 touched=2 ncam=52 raw=10668.438272941426 capped=47.088229743789427 radius=403.16907370370865 median=1.0895817746118888 global_scale=1
ATTR_RADIUS o=131 raw_norm=10668.438272941425 norm=47.088229743789434 radius=403.16907370370865 next_radius=403.16907370370865 lambda=9.0771481335264631e-06 next_lambda=9.0771481335264631e-06 rho=0.99826624655171259 accept=1
CLASSICAL_LM o=131 lambda=9.0771481335264631e-06 tau=9.0771481335264631e-06 prediction=5.9341404356359329 rho=0.99826624655171259 accept=1
  MFCG it 132 cost=2.601068e+05 lam=9.077e-06 tau=0.00e+00 cg_it=1 shift=0 ckpt=2 alpha=0 acc mv=423
PCG_PREP o=132 rebuild=1 drift=0 previous_depth=2
E2_CAP o=132 retry=0 touched=2 ncam=52 raw=10658.2049379207 capped=46.819900095757546 radius=403.16907370370865 median=1.0833273669926842 global_scale=1
ATTR_RADIUS o=132 raw_norm=10658.204937920698 norm=46.819900095757546 radius=403.16907370370865 next_radius=403.16907370370865 lambda=9.0771481335264631e-06 next_lambda=9.0771481335264631e-06 rho=0.99828093922701044 accept=1
CLASSICAL_LM o=132 lambda=9.0771481335264631e-06 tau=9.0771481335264631e-06 prediction=5.887376484372032 rho=0.99828093922701044 accept=1
  MFCG it 133 cost=2.601009e+05 lam=9.077e-06 tau=0.00e+00 cg_it=1 shift=0 ckpt=2 alpha=0 acc mv=426
PCG_PREP o=133 rebuild=1 drift=0 previous_depth=2
E2_CAP o=133 retry=0 touched=2 ncam=52 raw=10648.022032643536 capped=46.580498728117178 radius=403.16907370370865 median=1.0776256232140713 global_scale=1
ATTR_RADIUS o=133 raw_norm=10648.022032643534 norm=46.580498728117199 radius=403.16907370370865 next_radius=403.16907370370865 lambda=9.0771481335264631e-06 next_lambda=9.0771481335264631e-06 rho=0.99829399276891428 accept=1
CLASSICAL_LM o=133 lambda=9.0771481335264631e-06 tau=9.0771481335264631e-06 prediction=5.8425118146464712 rho=0.99829399276891428 accept=1
  MFCG it 134 cost=2.600951e+05 lam=9.077e-06 tau=0.00e+00 cg_it=1 shift=0 ckpt=2 alpha=0 acc mv=429
PCG_PREP o=134 rebuild=1 drift=0 previous_depth=2
E2_CAP o=134 retry=0 touched=2 ncam=52 raw=10637.881007583819 capped=46.3256095942724 radius=403.16907370370865 median=1.07173054012438 global_scale=1
ATTR_RADIUS o=134 raw_norm=10637.881007583821 norm=46.325609594272393 radius=403.16907370370865 next_radius=403.16907370370865 lambda=9.0771481335264631e-06 next_lambda=9.0771481335264631e-06 rho=0.99830777905621104 accept=1
CLASSICAL_LM o=134 lambda=9.0771481335264631e-06 tau=9.0771481335264631e-06 prediction=5.7960136411314833 rho=0.99830777905621104 accept=1
  MFCG it 135 cost=2.600893e+05 lam=9.077e-06 tau=0.00e+00 cg_it=1 shift=0 ckpt=2 alpha=0 acc mv=432
PCG_PREP o=135 rebuild=1 drift=0 previous_depth=2
E2_CAP o=135 retry=0 touched=2 ncam=52 raw=10627.831932492831 capped=47.095447642799549 radius=403.16907370370865 median=1.0902284218278648 global_scale=1
ATTR_RADIUS o=135 raw_norm=10627.831932492831 norm=47.095447642799556 radius=403.16907370370865 next_radius=403.16907370370865 lambda=9.0771481335264631e-06 next_lambda=9.0771481335264631e-06 rho=0.99827909149822558 accept=1
CLASSICAL_LM o=135 lambda=9.0771481335264631e-06 tau=9.0771481335264631e-06 prediction=5.8838520770524898 rho=0.99827909149822558 accept=1
  MFCG it 136 cost=2.600834e+05 lam=9.077e-06 tau=0.00e+00 cg_it=1 shift=0 ckpt=2 alpha=0 acc mv=435
PCG_PREP o=136 rebuild=1 drift=0 previous_depth=2
E2_CAP o=136 retry=0 touched=2 ncam=52 raw=10617.602890565811 capped=45.976388079242909 radius=403.16907370370865 median=1.0636036097863273 global_scale=1
ATTR_RADIUS o=136 raw_norm=10617.602890565815 norm=45.976388079242909 radius=403.16907370370865 next_radius=403.16907370370865 lambda=9.0771481335264631e-06 next_lambda=9.0771481335264631e-06 rho=0.9983256765361409 accept=1
CLASSICAL_LM o=136 lambda=9.0771481335264631e-06 tau=9.0771481335264631e-06 prediction=5.7244620224969491 rho=0.9983256765361409 accept=1
  MFCG it 137 cost=2.600777e+05 lam=9.077e-06 tau=0.00e+00 cg_it=1 shift=0 ckpt=2 alpha=0 acc mv=438
PCG_PREP o=137 rebuild=1 drift=0 previous_depth=2
E2_CAP o=137 retry=0 touched=2 ncam=52 raw=10607.625069726622 capped=46.931329334810087 radius=403.16907370370865 median=1.0865808026602224 global_scale=1
ATTR_RADIUS o=137 raw_norm=10607.625069726624 norm=46.931329334810087 radius=403.16907370370865 next_radius=403.16907370370865 lambda=9.0771481335264631e-06 next_lambda=9.0771481335264631e-06 rho=0.99829073433466697 accept=1
CLASSICAL_LM o=137 lambda=9.0771481335264631e-06 tau=9.0771481335264631e-06 prediction=5.8369092454444749 rho=0.99829073433466697 accept=1
  MFCG it 138 cost=2.600719e+05 lam=9.077e-06 tau=0.00e+00 cg_it=1 shift=0 ckpt=2 alpha=0 acc mv=441
PCG_PREP o=138 rebuild=1 drift=0 previous_depth=2
E2_CAP o=138 retry=0 touched=2 ncam=52 raw=10129.957404034332 capped=147.26179846479056 radius=403.16907370370865 median=3.2495166809847209 global_scale=1
ATTR_RADIUS o=138 raw_norm=10129.957404034334 norm=147.26179846479056 radius=403.16907370370865 next_radius=403.16907370370865 lambda=9.0771481335264631e-06 next_lambda=9.0771481335264631e-06 rho=0.98677183133178137 accept=1
CLASSICAL_LM o=138 lambda=9.0771481335264631e-06 tau=9.0771481335264631e-06 prediction=8.9820672267509565 rho=0.98677183133178137 accept=1
  MFCG it 139 cost=2.600630e+05 lam=9.077e-06 tau=0.00e+00 cg_it=2 shift=0 ckpt=3 alpha=0 acc mv=445
PCG_PREP o=139 rebuild=1 drift=0 previous_depth=3
E2_CAP o=139 retry=0 touched=2 ncam=52 raw=10509.450805440603 capped=90.123961520931545 radius=403.16907370370865 median=2.0038888834158515 global_scale=1
ATTR_RADIUS o=139 raw_norm=10509.450805440605 norm=90.123961520931502 radius=403.16907370370865 next_radius=403.16907370370865 lambda=9.0771481335264631e-06 next_lambda=9.0771481335264631e-06 rho=0.99814504169245077 accept=1
CLASSICAL_LM o=139 lambda=9.0771481335264631e-06 tau=9.0771481335264631e-06 prediction=17.173404222421443 rho=0.99814504169245077 accept=1
  MFCG it 140 cost=2.600459e+05 lam=9.077e-06 tau=0.00e+00 cg_it=1 shift=0 ckpt=2 alpha=0 acc mv=448
PCG_PREP o=140 rebuild=1 drift=0 previous_depth=2
E2_CAP o=140 retry=0 touched=2 ncam=52 raw=10520.320075654563 capped=55.830436673838797 radius=403.16907370370865 median=1.2924744988500023 global_scale=1
ATTR_RADIUS o=140 raw_norm=10520.320075654567 norm=55.830436673838783 radius=403.16907370370865 next_radius=403.16907370370865 lambda=9.0771481335264631e-06 next_lambda=9.0771481335264631e-06 rho=0.99829855608088147 accept=1
CLASSICAL_LM o=140 lambda=9.0771481335264631e-06 tau=9.0771481335264631e-06 prediction=7.5893507088799419 rho=0.99829855608088147 accept=1
  MFCG it 141 cost=2.600383e+05 lam=9.077e-06 tau=0.00e+00 cg_it=1 shift=0 ckpt=2 alpha=0 acc mv=451
PCG_PREP o=141 rebuild=1 drift=0 previous_depth=2
E2_CAP o=141 retry=0 touched=2 ncam=52 raw=10512.552572990298 capped=42.939825068187837 radius=403.16907370370865 median=0.98888034831595051 global_scale=1
ATTR_RADIUS o=141 raw_norm=10512.552572990298 norm=42.939825068187844 radius=403.16907370370865 next_radius=403.16907370370865 lambda=9.0771481335264631e-06 next_lambda=9.0771481335264631e-06 rho=0.9986745263947453 accept=1
CLASSICAL_LM o=141 lambda=9.0771481335264631e-06 tau=9.0771481335264631e-06 prediction=5.7631461581821197 rho=0.9986745263947453 accept=1
  MFCG it 142 cost=2.600326e+05 lam=9.077e-06 tau=0.00e+00 cg_it=1 shift=0 ckpt=2 alpha=0 acc mv=454
PCG_PREP o=142 rebuild=1 drift=0 previous_depth=2
E2_CAP o=142 retry=0 touched=2 ncam=52 raw=10061.541105454831 capped=140.56350870636484 radius=403.16907370370865 median=3.1254644278208703 global_scale=1
ATTR_RADIUS o=142 raw_norm=10061.541105454831 norm=140.56350870636481 radius=403.16907370370865 next_radius=403.16907370370865 lambda=9.0771481335264631e-06 next_lambda=9.0771481335264631e-06 rho=0.98691157043172473 accept=1
CLASSICAL_LM o=142 lambda=9.0771481335264631e-06 tau=9.0771481335264631e-06 prediction=7.9056477246907173 rho=0.98691157043172473 accept=1
  MFCG it 143 cost=2.600247e+05 lam=9.077e-06 tau=0.00e+00 cg_it=2 shift=0 ckpt=3 alpha=0 acc mv=458
PCG_PREP o=143 rebuild=1 drift=0 previous_depth=3
E2_CAP o=143 retry=0 touched=2 ncam=52 raw=10429.620122472448 capped=91.895061334111588 radius=403.16907370370865 median=2.057033459147112 global_scale=1
ATTR_RADIUS o=143 raw_norm=10429.62012247245 norm=91.895061334111588 radius=403.16907370370865 next_radius=403.16907370370865 lambda=9.0771481335264631e-06 next_lambda=9.0771481335264631e-06 rho=0.99810962384149404 accept=1
CLASSICAL_LM o=143 lambda=9.0771481335264631e-06 tau=9.0771481335264631e-06 prediction=17.337484912423442 rho=0.99810962384149404 accept=1
  MFCG it 144 cost=2.600074e+05 lam=9.077e-06 tau=0.00e+00 cg_it=1 shift=0 ckpt=2 alpha=0 acc mv=461
PCG_PREP o=144 rebuild=1 drift=0 previous_depth=2
E2_CAP o=144 retry=0 touched=2 ncam=52 raw=10438.83689489784 capped=59.153789247986801 radius=403.16907370370865 median=1.3699040299406904 global_scale=1
ATTR_RADIUS o=144 raw_norm=10438.836894897842 norm=59.153789247986793 radius=403.16907370370865 next_radius=403.16907370370865 lambda=9.0771481335264631e-06 next_lambda=9.0771481335264631e-06 rho=0.9983338893120538 accept=1
CLASSICAL_LM o=144 lambda=9.0771481335264631e-06 tau=9.0771481335264631e-06 prediction=8.230196257736452 rho=0.9983338893120538 accept=1
  MFCG it 145 cost=2.599992e+05 lam=9.077e-06 tau=0.00e+00 cg_it=1 shift=0 ckpt=2 alpha=0 acc mv=464
PCG_PREP o=145 rebuild=1 drift=0 previous_depth=2
E2_CAP o=145 retry=0 touched=2 ncam=52 raw=10003.773651190046 capped=132.02727980528888 radius=403.16907370370865 median=2.94397428368252 global_scale=1
ATTR_RADIUS o=145 raw_norm=10003.773651190051 norm=132.02727980528886 radius=403.16907370370865 next_radius=403.16907370370865 lambda=9.0771481335264631e-06 next_lambda=9.0771481335264631e-06 rho=0.98744449041804938 accept=1
CLASSICAL_LM o=145 lambda=9.0771481335264631e-06 tau=9.0771481335264631e-06 prediction=6.9109381985510572 rho=0.98744449041804938 accept=1
  MFCG it 146 cost=2.599924e+05 lam=9.077e-06 tau=0.00e+00 cg_it=2 shift=0 ckpt=3 alpha=0 acc mv=468
PCG_PREP o=146 rebuild=1 drift=0 previous_depth=3
E2_CAP o=146 retry=0 touched=2 ncam=52 raw=10364.129237695932 capped=89.989508136428682 radius=403.16907370370865 median=2.0159933958408711 global_scale=1
ATTR_RADIUS o=146 raw_norm=10364.129237695928 norm=89.989508136428725 radius=403.16907370370865 next_radius=403.16907370370865 lambda=9.0771481335264631e-06 next_lambda=9.0771481335264631e-06 rho=0.99822266243496138 accept=1
CLASSICAL_LM o=146 lambda=9.0771481335264631e-06 tau=9.0771481335264631e-06 prediction=17.045182882260285 rho=0.99822266243496138 accept=1
  MFCG it 147 cost=2.599754e+05 lam=9.077e-06 tau=0.00e+00 cg_it=1 shift=0 ckpt=2 alpha=0 acc mv=471
PCG_PREP o=147 rebuild=1 drift=0 previous_depth=2
E2_CAP o=147 retry=0 touched=2 ncam=52 raw=10372.391069584746 capped=60.55203486004153 radius=403.16907370370865 median=1.4014085065676571 global_scale=1
ATTR_RADIUS o=147 raw_norm=10372.391069584744 norm=60.552034860041523 radius=403.16907370370865 next_radius=403.16907370370865 lambda=9.0771481335264631e-06 next_lambda=9.0771481335264631e-06 rho=0.99841792304868271 accept=1
CLASSICAL_LM o=147 lambda=9.0771481335264631e-06 tau=9.0771481335264631e-06 prediction=8.5949638466128935 rho=0.99841792304868271 accept=1
  MFCG it 148 cost=2.599668e+05 lam=9.077e-06 tau=0.00e+00 cg_it=1 shift=0 ckpt=2 alpha=0 acc mv=474
PCG_PREP o=148 rebuild=1 drift=0 previous_depth=2
E2_CAP o=148 retry=0 touched=2 ncam=52 raw=9949.4947074777156 capped=131.6598533214912 radius=403.16907370370865 median=2.9513098037821934 global_scale=1
ATTR_RADIUS o=148 raw_norm=9949.4947074777137 norm=131.6598533214912 radius=403.16907370370865 next_radius=403.16907370370865 lambda=9.0771481335264631e-06 next_lambda=9.0771481335264631e-06 rho=0.98781059970603691 accept=1
CLASSICAL_LM o=148 lambda=9.0771481335264631e-06 tau=9.0771481335264631e-06 prediction=6.8257563348015431 rho=0.98781059970603691 accept=1
  MFCG it 149 cost=2.599601e+05 lam=9.077e-06 tau=0.00e+00 cg_it=2 shift=0 ckpt=3 alpha=0 acc mv=478
PCG_PREP o=149 rebuild=1 drift=0 previous_depth=3
E2_CAP o=149 retry=0 touched=2 ncam=52 raw=10301.726842078058 capped=89.350530235561521 radius=403.16907370370865 median=2.0062092311228148 global_scale=1
ATTR_RADIUS o=149 raw_norm=10301.726842078062 norm=89.350530235561521 radius=403.16907370370865 next_radius=403.16907370370865 lambda=9.0771481335264631e-06 next_lambda=9.0771481335264631e-06 rho=0.99826263412618554 accept=1
CLASSICAL_LM o=149 lambda=9.0771481335264631e-06 tau=9.0771481335264631e-06 prediction=16.854248871840056 rho=0.99826263412618554 accept=1
  MFCG it 150 cost=2.599432e+05 lam=9.077e-06 tau=0.00e+00 cg_it=1 shift=0 ckpt=2 alpha=0 acc mv=481
PCG_PREP o=150 rebuild=1 drift=0 previous_depth=2
E2_CAP o=150 retry=0 touched=2 ncam=52 raw=9907.352340296864 capped=123.7274816977621 radius=403.16907370370865 median=2.7818961775733824 global_scale=1
ATTR_RADIUS o=150 raw_norm=9907.352340296864 norm=123.72748169776209 radius=403.16907370370865 next_radius=403.16907370370865 lambda=9.0771481335264631e-06 next_lambda=9.0771481335264631e-06 rho=0.98870784342919349 accept=1
CLASSICAL_LM o=150 lambda=9.0771481335264631e-06 tau=9.0771481335264631e-06 prediction=6.393268390940662 rho=0.98870784342919349 accept=1
  MFCG it 151 cost=2.599369e+05 lam=9.077e-06 tau=0.00e+00 cg_it=2 shift=0 ckpt=3 alpha=0 acc mv=485
PCG_PREP o=151 rebuild=1 drift=0 previous_depth=3
E2_CAP o=151 retry=0 touched=2 ncam=52 raw=10253.009632459281 capped=88.35445113048057 radius=403.16907370370865 median=1.9846562216214569 global_scale=1
ATTR_RADIUS o=151 raw_norm=10253.009632459281 norm=88.354451130480541 radius=403.16907370370865 next_radius=403.16907370370865 lambda=9.0771481335264631e-06 next_lambda=9.0771481335264631e-06 rho=0.99835312835791934 accept=1
CLASSICAL_LM o=151 lambda=9.0771481335264631e-06 tau=9.0771481335264631e-06 prediction=16.850807628432015 rho=0.99835312835791934 accept=1
  MFCG it 152 cost=2.599201e+05 lam=9.077e-06 tau=0.00e+00 cg_it=1 shift=0 ckpt=2 alpha=0 acc mv=488
PCG_PREP o=152 rebuild=1 drift=0 previous_depth=2
E2_CAP o=152 retry=0 touched=2 ncam=52 raw=9868.2110533107534 capped=122.13811355718514 radius=403.16907370370865 median=2.7548819346212134 global_scale=1
ATTR_RADIUS o=152 raw_norm=9868.2110533107534 norm=122.13811355718515 radius=403.16907370370865 next_radius=403.16907370370865 lambda=9.0771481335264631e-06 next_lambda=9.0771481335264631e-06 rho=0.98953078842938424 accept=1
CLASSICAL_LM o=152 lambda=9.0771481335264631e-06 tau=9.0771481335264631e-06 prediction=6.4565853398213822 rho=0.98953078842938424 accept=1
  MFCG it 153 cost=2.599137e+05 lam=9.077e-06 tau=0.00e+00 cg_it=2 shift=0 ckpt=3 alpha=0 acc mv=492
PCG_PREP o=153 rebuild=1 drift=0 previous_depth=3
E2_CAP o=153 retry=0 touched=2 ncam=52 raw=10206.927159412586 capped=87.868193248777757 radius=403.16907370370865 median=1.9758694449760934 global_scale=1
ATTR_RADIUS o=153 raw_norm=10206.927159412589 norm=87.868193248777729 radius=403.16907370370865 next_radius=403.16907370370865 lambda=9.0771481335264631e-06 next_lambda=9.0771481335264631e-06 rho=0.99841940081482328 accept=1
CLASSICAL_LM o=153 lambda=9.0771481335264631e-06 tau=9.0771481335264631e-06 prediction=16.80192411139631 rho=0.99841940081482328 accept=1
  MFCG it 154 cost=2.598969e+05 lam=9.077e-06 tau=0.00e+00 cg_it=1 shift=0 ckpt=2 alpha=0 acc mv=495
PCG_PREP o=154 rebuild=1 drift=0 previous_depth=2
E2_CAP o=154 retry=0 touched=2 ncam=52 raw=9829.9209630521345 capped=122.94784216041785 radius=403.16907370370865 median=2.7832611407975332 global_scale=1
ATTR_RADIUS o=154 raw_norm=9829.9209630521364 norm=122.94784216041784 radius=403.16907370370865 next_radius=403.16907370370865 lambda=9.0771481335264631e-06 next_lambda=9.0771481335264631e-06 rho=0.99012877349868522 accept=1
CLASSICAL_LM o=154 lambda=9.0771481335264631e-06 tau=9.0771481335264631e-06 prediction=6.6855472169229433 rho=0.99012877349868522 accept=1
  MFCG it 155 cost=2.598903e+05 lam=9.077e-06 tau=0.00e+00 cg_it=2 shift=0 ckpt=3 alpha=0 acc mv=499
PCG_PREP o=155 rebuild=1 drift=0 previous_depth=3
E2_CAP o=155 retry=0 touched=2 ncam=52 raw=10161.671826434813 capped=88.796799759201562 radius=403.16907370370865 median=2.0020649888332627 global_scale=1
ATTR_RADIUS o=155 raw_norm=10161.671826434816 norm=88.796799759201591 radius=403.16907370370865 next_radius=403.16907370370865 lambda=9.0771481335264631e-06 next_lambda=9.0771481335264631e-06 rho=0.99844076527791481 accept=1
CLASSICAL_LM o=155 lambda=9.0771481335264631e-06 tau=9.0771481335264631e-06 prediction=16.912571412925345 rho=0.99844076527791481 accept=1
  MFCG it 156 cost=2.598734e+05 lam=9.077e-06 tau=0.00e+00 cg_it=1 shift=0 ckpt=2 alpha=0 acc mv=502
PCG_PREP o=156 rebuild=1 drift=0 previous_depth=2
E2_CAP o=156 retry=0 touched=2 ncam=52 raw=9791.5893647021894 capped=122.79449854428381 radius=403.16907370370865 median=2.7860647597765933 global_scale=1
ATTR_RADIUS o=156 raw_norm=9791.5893647021931 norm=122.7944985442838 radius=403.16907370370865 next_radius=403.16907370370865 lambda=9.0771481335264631e-06 next_lambda=9.0771481335264631e-06 rho=0.99053681098093638 accept=1
CLASSICAL_LM o=156 lambda=9.0771481335264631e-06 tau=9.0771481335264631e-06 prediction=6.7206149090024772 rho=0.99053681098093638 accept=1
  MFCG it 157 cost=2.598668e+05 lam=9.077e-06 tau=0.00e+00 cg_it=2 shift=0 ckpt=3 alpha=0 acc mv=506
PCG_PREP o=157 rebuild=1 drift=0 previous_depth=3
E2_CAP o=157 retry=0 touched=2 ncam=52 raw=10116.671471793858 capped=88.955743056829277 radius=403.16907370370865 median=2.0088894054660598 global_scale=1
ATTR_RADIUS o=157 raw_norm=10116.671471793856 norm=88.955743056829292 radius=403.16907370370865 next_radius=403.16907370370865 lambda=9.0771481335264631e-06 next_lambda=9.0771481335264631e-06 rho=0.99847171109186506 accept=1
CLASSICAL_LM o=157 lambda=9.0771481335264631e-06 tau=9.0771481335264631e-06 prediction=16.903429967408862 rho=0.99847171109186506 accept=1
  MFCG it 158 cost=2.598499e+05 lam=9.077e-06 tau=0.00e+00 cg_it=1 shift=0 ckpt=2 alpha=0 acc mv=509
PCG_PREP o=158 rebuild=1 drift=0 previous_depth=2
E2_CAP o=158 retry=0 touched=2 ncam=52 raw=9753.4806482143995 capped=123.49685828677873 radius=403.16907370370865 median=2.8086045402110233 global_scale=1
ATTR_RADIUS o=158 raw_norm=9753.4806482144013 norm=123.49685828677875 radius=403.16907370370865 next_radius=403.16907370370865 lambda=9.0771481335264631e-06 next_lambda=9.0771481335264631e-06 rho=0.9908009723081036 accept=1
CLASSICAL_LM o=158 lambda=9.0771481335264631e-06 tau=9.0771481335264631e-06 prediction=6.7589539606024314 rho=0.9908009723081036 accept=1
  MFCG it 159 cost=2.598432e+05 lam=9.077e-06 tau=0.00e+00 cg_it=2 shift=0 ckpt=3 alpha=0 acc mv=513
PCG_PREP o=159 rebuild=1 drift=0 previous_depth=3
E2_CAP o=159 retry=0 touched=2 ncam=52 raw=10071.471375014024 capped=88.007542079929593 radius=403.16907370370865 median=1.9885807786092937 global_scale=1
ATTR_RADIUS o=159 raw_norm=10071.471375014022 norm=88.007542079929621 radius=403.16907370370865 next_radius=403.16907370370865 lambda=9.0771481335264631e-06 next_lambda=9.0771481335264631e-06 rho=0.9985341684264476 accept=1
CLASSICAL_LM o=159 lambda=9.0771481335264631e-06 tau=9.0771481335264631e-06 prediction=16.746040678093525 rho=0.9985341684264476 accept=1
  MFCG it 160 cost=2.598265e+05 lam=9.077e-06 tau=0.00e+00 cg_it=1 shift=0 ckpt=2 alpha=0 acc mv=516
PCG_PREP o=160 rebuild=1 drift=0 previous_depth=2
E2_CAP o=160 retry=0 touched=2 ncam=52 raw=9715.5753014924467 capped=122.99678148802842 radius=403.16907370370865 median=2.8012014055618351 global_scale=1
ATTR_RADIUS o=160 raw_norm=9715.5753014924449 norm=122.99678148802843 radius=403.16907370370865 next_radius=403.16907370370865 lambda=9.0771481335264631e-06 next_lambda=9.0771481335264631e-06 rho=0.99097497139786439 accept=1
CLASSICAL_LM o=160 lambda=9.0771481335264631e-06 tau=9.0771481335264631e-06 prediction=6.6114074844198978 rho=0.99097497139786439 accept=1
  MFCG it 161 cost=2.598199e+05 lam=9.077e-06 tau=0.00e+00 cg_it=2 shift=0 ckpt=3 alpha=0 acc mv=520
PCG_PREP o=161 rebuild=1 drift=0 previous_depth=3
E2_CAP o=161 retry=0 touched=2 ncam=52 raw=10026.394874599768 capped=87.310305393816719 radius=403.16907370370865 median=1.974122955400389 global_scale=1
ATTR_RADIUS o=161 raw_norm=10026.39487459977 norm=87.310305393816748 radius=403.16907370370865 next_radius=403.16907370370865 lambda=9.0771481335264631e-06 next_lambda=9.0771481335264631e-06 rho=0.99858475676293612 accept=1
CLASSICAL_LM o=161 lambda=9.0771481335264631e-06 tau=9.0771481335264631e-06 prediction=16.645596912356918 rho=0.99858475676293612 accept=1
  MFCG it 162 cost=2.598033e+05 lam=9.077e-06 tau=0.00e+00 cg_it=1 shift=0 ckpt=2 alpha=0 acc mv=523
PCG_PREP o=162 rebuild=1 drift=0 previous_depth=2
E2_CAP o=162 retry=0 touched=2 ncam=52 raw=9678.0526484579696 capped=122.98199374092313 radius=403.16907370370865 median=2.8050597002570723 global_scale=1
ATTR_RADIUS o=162 raw_norm=9678.0526484579696 norm=122.98199374092312 radius=403.16907370370865 next_radius=403.16907370370865 lambda=9.0771481335264631e-06 next_lambda=9.0771481335264631e-06 rho=0.99098490760454916 accept=1
CLASSICAL_LM o=162 lambda=9.0771481335264631e-06 tau=9.0771481335264631e-06 prediction=6.4174462524533507 rho=0.99098490760454916 accept=1
  MFCG it 163 cost=2.597969e+05 lam=9.077e-06 tau=0.00e+00 cg_it=2 shift=0 ckpt=3 alpha=0 acc mv=527
PCG_PREP o=163 rebuild=1 drift=0 previous_depth=3
E2_CAP o=163 retry=0 touched=2 ncam=52 raw=9981.1343754308273 capped=86.572731927283172 radius=403.16907370370865 median=1.9585540055418789 global_scale=1
ATTR_RADIUS o=163 raw_norm=9981.1343754308255 norm=86.572731927283186 radius=403.16907370370865 next_radius=403.16907370370865 lambda=9.0771481335264631e-06 next_lambda=9.0771481335264631e-06 rho=0.99863134959252076 accept=1
CLASSICAL_LM o=163 lambda=9.0771481335264631e-06 tau=9.0771481335264631e-06 prediction=16.569834283596364 rho=0.99863134959252076 accept=1
  MFCG it 164 cost=2.597804e+05 lam=9.077e-06 tau=0.00e+00 cg_it=1 shift=0 ckpt=2 alpha=0 acc mv=530
PCG_PREP o=164 rebuild=1 drift=0 previous_depth=2
E2_CAP o=164 retry=0 touched=1 ncam=52 raw=9640.7656471886094 capped=109.6292340455678 radius=403.16907370370865 median=2.7938181091345435 global_scale=1
ATTR_RADIUS o=164 raw_norm=9640.7656471886112 norm=109.62923404556778 radius=403.16907370370865 next_radius=403.16907370370865 lambda=9.0771481335264631e-06 next_lambda=9.0771481335264631e-06 rho=0.99259992387989704 accept=1
CLASSICAL_LM o=164 lambda=9.0771481335264631e-06 tau=9.0771481335264631e-06 prediction=7.131853580477669 rho=0.99259992387989704 accept=1
  MFCG it 165 cost=2.597733e+05 lam=9.077e-06 tau=0.00e+00 cg_it=2 shift=0 ckpt=3 alpha=0 acc mv=534
PCG_PREP o=165 rebuild=1 drift=0 previous_depth=3
E2_CAP o=165 retry=0 touched=2 ncam=52 raw=9936.3539080287937 capped=86.412661458770913 radius=403.16907370370865 median=1.9558426160256772 global_scale=1
ATTR_RADIUS o=165 raw_norm=9936.3539080287883 norm=86.412661458770927 radius=403.16907370370865 next_radius=403.16907370370865 lambda=9.0771481335264631e-06 next_lambda=9.0771481335264631e-06 rho=0.99870262641787511 accept=1
CLASSICAL_LM o=165 lambda=9.0771481335264631e-06 tau=9.0771481335264631e-06 prediction=16.449624440419232 rho=0.99870262641787511 accept=1
  MFCG it 166 cost=2.597569e+05 lam=9.077e-06 tau=0.00e+00 cg_it=1 shift=0 ckpt=2 alpha=0 acc mv=537
PCG_PREP o=166 rebuild=1 drift=0 previous_depth=2
E2_CAP o=166 retry=0 touched=1 ncam=52 raw=9604.3148118670179 capped=100.96802594872455 radius=403.16907370370865 median=2.8126698190811288 global_scale=1
ATTR_RADIUS o=166 raw_norm=9604.314811867016 norm=100.96802594872453 radius=403.16907370370865 next_radius=403.16907370370865 lambda=9.0771481335264631e-06 next_lambda=9.0771481335264631e-06 rho=0.99321418682598439 accept=1
CLASSICAL_LM o=166 lambda=9.0771481335264631e-06 tau=9.0771481335264631e-06 prediction=7.3823055316645529 rho=0.99321418682598439 accept=1
  MFCG it 167 cost=2.597496e+05 lam=9.077e-06 tau=0.00e+00 cg_it=2 shift=0 ckpt=3 alpha=0 acc mv=541
PCG_PREP o=167 rebuild=1 drift=0 previous_depth=3
E2_CAP o=167 retry=0 touched=2 ncam=52 raw=9891.09452927866 capped=85.96750983623896 radius=403.16907370370865 median=1.9462980572268775 global_scale=1
ATTR_RADIUS o=167 raw_norm=9891.0945292786619 norm=85.96750983623896 radius=403.16907370370865 next_radius=403.16907370370865 lambda=9.0771481335264631e-06 next_lambda=9.0771481335264631e-06 rho=0.998747994597174 accept=1
CLASSICAL_LM o=167 lambda=9.0771481335264631e-06 tau=9.0771481335264631e-06 prediction=16.259536291310628 rho=0.998747994597174 accept=1
  MFCG it 168 cost=2.597333e+05 lam=9.077e-06 tau=0.00e+00 cg_it=1 shift=0 ckpt=2 alpha=0 acc mv=544
PCG_PREP o=168 rebuild=1 drift=0 previous_depth=2
E2_CAP o=168 retry=0 touched=1 ncam=52 raw=9567.983358719488 capped=96.223606096791016 radius=403.16907370370865 median=2.7994337754359835 global_scale=1
ATTR_RADIUS o=168 raw_norm=9567.9833587194917 norm=96.223606096791002 radius=403.16907370370865 next_radius=403.16907370370865 lambda=9.0771481335264631e-06 next_lambda=9.0771481335264631e-06 rho=0.99347449983544722 accept=1
CLASSICAL_LM o=168 lambda=9.0771481335264631e-06 tau=9.0771481335264631e-06 prediction=7.3077645910632558 rho=0.99347449983544722 accept=1
  MFCG it 169 cost=2.597261e+05 lam=9.077e-06 tau=0.00e+00 cg_it=2 shift=0 ckpt=3 alpha=0 acc mv=548
PCG_PREP o=169 rebuild=1 drift=0 previous_depth=3
E2_CAP o=169 retry=0 touched=2 ncam=52 raw=9845.6557740120425 capped=85.217644811035584 radius=403.16907370370865 median=1.9292676801757938 global_scale=1
ATTR_RADIUS o=169 raw_norm=9845.6557740120461 norm=85.217644811035569 radius=403.16907370370865 next_radius=403.16907370370865 lambda=9.0771481335264631e-06 next_lambda=9.0771481335264631e-06 rho=0.9987876773774762 accept=1
CLASSICAL_LM o=169 lambda=9.0771481335264631e-06 tau=9.0771481335264631e-06 prediction=16.015282081221244 rho=0.9987876773774762 accept=1
  MFCG it 170 cost=2.597101e+05 lam=9.077e-06 tau=0.00e+00 cg_it=1 shift=0 ckpt=2 alpha=0 acc mv=551
PCG_PREP o=170 rebuild=1 drift=0 previous_depth=2
E2_CAP o=170 retry=0 touched=1 ncam=52 raw=9531.981749018405 capped=94.354856699383333 radius=403.16907370370865 median=2.7843343979997051 global_scale=1
ATTR_RADIUS o=170 raw_norm=9531.981749018405 norm=94.354856699383333 radius=403.16907370370865 next_radius=403.16907370370865 lambda=9.0771481335264631e-06 next_lambda=9.0771481335264631e-06 rho=0.99363724088414385 accept=1
CLASSICAL_LM o=170 lambda=9.0771481335264631e-06 tau=9.0771481335264631e-06 prediction=7.2061751377731138 rho=0.99363724088414385 accept=1
  MFCG it 171 cost=2.597029e+05 lam=9.077e-06 tau=0.00e+00 cg_it=2 shift=0 ckpt=3 alpha=0 acc mv=555
PCG_PREP o=171 rebuild=1 drift=0 previous_depth=3
E2_CAP o=171 retry=0 touched=2 ncam=52 raw=9800.1806013105124 capped=84.575960606596766 radius=403.16907370370865 median=1.9148231855786415 global_scale=1
ATTR_RADIUS o=171 raw_norm=9800.1806013105124 norm=84.575960606596766 radius=403.16907370370865 next_radius=403.16907370370865 lambda=9.0771481335264631e-06 next_lambda=9.0771481335264631e-06 rho=0.99882098996369262 accept=1
CLASSICAL_LM o=171 lambda=9.0771481335264631e-06 tau=9.0771481335264631e-06 prediction=15.78061917480532 rho=0.99882098996369262 accept=1
  MFCG it 172 cost=2.596871e+05 lam=9.077e-06 tau=0.00e+00 cg_it=1 shift=0 ckpt=2 alpha=0 acc mv=558
PCG_PREP o=172 rebuild=1 drift=0 previous_depth=2
E2_CAP o=172 retry=0 touched=1 ncam=52 raw=9496.3304959639354 capped=93.922084665042604 radius=403.16907370370865 median=2.7654653297418479 global_scale=1
ATTR_RADIUS o=172 raw_norm=9496.3304959639336 norm=93.922084665042632 radius=403.16907370370865 next_radius=403.16907370370865 lambda=9.0771481335264631e-06 next_lambda=9.0771481335264631e-06 rho=0.99375354843717145 accept=1
CLASSICAL_LM o=172 lambda=9.0771481335264631e-06 tau=9.0771481335264631e-06 prediction=7.0824350041388993 rho=0.99375354843717145 accept=1
  MFCG it 173 cost=2.596801e+05 lam=9.077e-06 tau=0.00e+00 cg_it=2 shift=0 ckpt=3 alpha=0 acc mv=562
PCG_PREP o=173 rebuild=1 drift=0 previous_depth=3
E2_CAP o=173 retry=0 touched=2 ncam=52 raw=9754.741543424183 capped=83.983458789865622 radius=403.16907370370865 median=1.9015218639975289 global_scale=1
ATTR_RADIUS o=173 raw_norm=9754.741543424183 norm=83.983458789865622 radius=403.16907370370865 next_radius=403.16907370370865 lambda=9.0771481335264631e-06 next_lambda=9.0771481335264631e-06 rho=0.9988493626067928 accept=1
CLASSICAL_LM o=173 lambda=9.0771481335264631e-06 tau=9.0771481335264631e-06 prediction=15.549425096033236 rho=0.9988493626067928 accept=1
  MFCG it 174 cost=2.596646e+05 lam=9.077e-06 tau=0.00e+00 cg_it=1 shift=0 ckpt=2 alpha=0 acc mv=565
PCG_PREP o=174 rebuild=1 drift=0 previous_depth=2
E2_CAP o=174 retry=0 touched=1 ncam=52 raw=9461.067457479181 capped=93.762806438059926 radius=403.16907370370865 median=2.7310286403591935 global_scale=1
ATTR_RADIUS o=174 raw_norm=9461.0674574791792 norm=93.76280643805994 radius=403.16907370370865 next_radius=403.16907370370865 lambda=9.0771481335264631e-06 next_lambda=9.0771481335264631e-06 rho=0.99383725556221736 accept=1
CLASSICAL_LM o=174 lambda=9.0771481335264631e-06 tau=9.0771481335264631e-06 prediction=6.8826757008388908 rho=0.99383725556221736 accept=1
  MFCG it 175 cost=2.596577e+05 lam=9.077e-06 tau=0.00e+00 cg_it=2 shift=0 ckpt=3 alpha=0 acc mv=569
PCG_PREP o=175 rebuild=1 drift=0 previous_depth=3
E2_CAP o=175 retry=0 touched=1 ncam=52 raw=9439.1916967647121 capped=67.102817701823511 radius=403.16907370370865 median=2.0093590469637959 global_scale=1
ATTR_RADIUS o=175 raw_norm=9439.1916967647103 norm=67.102817701823525 radius=403.16907370370865 next_radius=403.16907370370865 lambda=9.0771481335264631e-06 next_lambda=9.0771481335264631e-06 rho=0.99730086150878583 accept=1
CLASSICAL_LM o=175 lambda=9.0771481335264631e-06 tau=9.0771481335264631e-06 prediction=8.0608407938329787 rho=0.99730086150878583 accept=1
  MFCG it 176 cost=2.596497e+05 lam=9.077e-06 tau=0.00e+00 cg_it=2 shift=0 ckpt=3 alpha=0 acc mv=573
PCG_PREP o=176 rebuild=1 drift=0 previous_depth=3
E2_CAP o=176 retry=0 touched=2 ncam=52 raw=9689.2202807636222 capped=86.643453421554739 radius=403.16907370370865 median=1.9645759698541498 global_scale=1
ATTR_RADIUS o=176 raw_norm=9689.2202807636222 norm=86.643453421554739 radius=403.16907370370865 next_radius=403.16907370370865 lambda=9.0771481335264631e-06 next_lambda=9.0771481335264631e-06 rho=0.99901829536210618 accept=1
CLASSICAL_LM o=176 lambda=9.0771481335264631e-06 tau=9.0771481335264631e-06 prediction=15.917537817116511 rho=0.99901829536210618 accept=1
  MFCG it 177 cost=2.596338e+05 lam=9.077e-06 tau=0.00e+00 cg_it=1 shift=0 ckpt=2 alpha=0 acc mv=576
PCG_PREP o=177 rebuild=1 drift=0 previous_depth=2
E2_CAP o=177 retry=0 touched=1 ncam=52 raw=9412.0911506260618 capped=92.823592417419775 radius=403.16907370370865 median=2.7313686507580686 global_scale=1
ATTR_RADIUS o=177 raw_norm=9412.0911506260618 norm=92.823592417419817 radius=403.16907370370865 next_radius=403.16907370370865 lambda=9.0771481335264631e-06 next_lambda=9.0771481335264631e-06 rho=0.99490531528052628 accept=1
CLASSICAL_LM o=177 lambda=9.0771481335264631e-06 tau=9.0771481335264631e-06 prediction=7.4264959956561389 rho=0.99490531528052628 accept=1
  MFCG it 178 cost=2.596264e+05 lam=9.077e-06 tau=0.00e+00 cg_it=2 shift=0 ckpt=3 alpha=0 acc mv=580
PCG_PREP o=178 rebuild=1 drift=0 previous_depth=3
E2_CAP o=178 retry=0 touched=2 ncam=52 raw=9643.7058292232978 capped=82.692448223264876 radius=403.16907370370865 median=1.8711242078067771 global_scale=1
ATTR_RADIUS o=178 raw_norm=9643.7058292232996 norm=82.692448223264876 radius=403.16907370370865 next_radius=403.16907370370865 lambda=9.0771481335264631e-06 next_lambda=9.0771481335264631e-06 rho=0.99898074824511851 accept=1
CLASSICAL_LM o=178 lambda=9.0771481335264631e-06 tau=9.0771481335264631e-06 prediction=15.08922588758856 rho=0.99898074824511851 accept=1
  MFCG it 179 cost=2.596113e+05 lam=9.077e-06 tau=0.00e+00 cg_it=1 shift=0 ckpt=2 alpha=0 acc mv=583
PCG_PREP o=179 rebuild=1 drift=0 previous_depth=2
E2_CAP o=179 retry=0 touched=1 ncam=52 raw=9378.0042326702369 capped=94.430976592752259 radius=403.16907370370865 median=2.678439182738602 global_scale=1
ATTR_RADIUS o=179 raw_norm=9378.0042326702333 norm=94.430976592752273 radius=403.16907370370865 next_radius=403.16907370370865 lambda=9.0771481335264631e-06 next_lambda=9.0771481335264631e-06 rho=0.99447613983074279 accept=1
CLASSICAL_LM o=179 lambda=9.0771481335264631e-06 tau=9.0771481335264631e-06 prediction=6.7755665286622655 rho=0.99447613983074279 accept=1
  MFCG it 180 cost=2.596046e+05 lam=9.077e-06 tau=0.00e+00 cg_it=2 shift=0 ckpt=3 alpha=0 acc mv=587
PCG_PREP o=180 rebuild=1 drift=0 previous_depth=3
E2_CAP o=180 retry=0 touched=2 ncam=52 raw=9598.8900480544053 capped=81.713057337115657 radius=403.16907370370865 median=1.8486311430301399 global_scale=1
ATTR_RADIUS o=180 raw_norm=9598.8900480544035 norm=81.713057337115657 radius=403.16907370370865 next_radius=403.16907370370865 lambda=9.0771481335264631e-06 next_lambda=9.0771481335264631e-06 rho=0.99896965706061924 accept=1
CLASSICAL_LM o=180 lambda=9.0771481335264631e-06 tau=9.0771481335264631e-06 prediction=14.7770101941805 rho=0.99896965706061924 accept=1
  MFCG it 181 cost=2.595898e+05 lam=9.077e-06 tau=0.00e+00 cg_it=1 shift=0 ckpt=2 alpha=0 acc mv=590
PCG_PREP o=181 rebuild=1 drift=0 previous_depth=2
E2_CAP o=181 retry=0 touched=1 ncam=52 raw=9344.268318558592 capped=94.547437929738535 radius=403.16907370370865 median=2.63716931537216 global_scale=1
ATTR_RADIUS o=181 raw_norm=9344.2683185585884 norm=94.54743792973855 radius=403.16907370370865 next_radius=403.16907370370865 lambda=9.0771481335264631e-06 next_lambda=9.0771481335264631e-06 rho=0.99437146737752047 accept=1
CLASSICAL_LM o=181 lambda=9.0771481335264631e-06 tau=9.0771481335264631e-06 prediction=6.469435819017189 rho=0.99437146737752047 accept=1
  MFCG it 182 cost=2.595834e+05 lam=9.077e-06 tau=0.00e+00 cg_it=2 shift=0 ckpt=3 alpha=0 acc mv=594
PCG_PREP o=182 rebuild=1 drift=0 previous_depth=3
E2_CAP o=182 retry=0 touched=2 ncam=52 raw=9554.5890946489726 capped=80.200474714915501 radius=403.16907370370865 median=1.8127809084587914 global_scale=1
ATTR_RADIUS o=182 raw_norm=9554.5890946489762 norm=80.200474714915501 radius=403.16907370370865 next_radius=403.16907370370865 lambda=9.0771481335264631e-06 next_lambda=9.0771481335264631e-06 rho=0.99900089432997552 accept=1
CLASSICAL_LM o=182 lambda=9.0771481335264631e-06 tau=9.0771481335264631e-06 prediction=14.403101261266659 rho=0.99900089432997552 accept=1
  MFCG it 183 cost=2.595690e+05 lam=9.077e-06 tau=0.00e+00 cg_it=1 shift=0 ckpt=2 alpha=0 acc mv=597
PCG_PREP o=183 rebuild=1 drift=0 previous_depth=2
E2_CAP o=183 retry=0 touched=1 ncam=52 raw=9311.3167370984174 capped=94.111797685900044 radius=403.16907370370865 median=2.6006443086180022 global_scale=1
ATTR_RADIUS o=183 raw_norm=9311.3167370984138 norm=94.111797685900029 radius=403.16907370370865 next_radius=403.16907370370865 lambda=9.0771481335264631e-06 next_lambda=9.0771481335264631e-06 rho=0.99440682060627494 accept=1
CLASSICAL_LM o=183 lambda=9.0771481335264631e-06 tau=9.0771481335264631e-06 prediction=6.2728443187703027 rho=0.99440682060627494 accept=1
  MFCG it 184 cost=2.595628e+05 lam=9.077e-06 tau=0.00e+00 cg_it=2 shift=0 ckpt=3 alpha=0 acc mv=601
PCG_PREP o=184 rebuild=1 drift=0 previous_depth=3
E2_CAP o=184 retry=0 touched=1 ncam=52 raw=9289.7928700786597 capped=61.56637138110387 radius=403.16907370370865 median=1.9237837055507674 global_scale=1
ATTR_RADIUS o=184 raw_norm=9289.7928700786579 norm=61.566371381103878 radius=403.16907370370865 next_radius=403.16907370370865 lambda=9.0771481335264631e-06 next_lambda=9.0771481335264631e-06 rho=0.99766279104815503 accept=1
CLASSICAL_LM o=184 lambda=9.0771481335264631e-06 tau=9.0771481335264631e-06 prediction=7.3984640929713468 rho=0.99766279104815503 accept=1
  MFCG it 185 cost=2.595554e+05 lam=9.077e-06 tau=0.00e+00 cg_it=2 shift=0 ckpt=3 alpha=0 acc mv=605
PCG_PREP o=185 rebuild=1 drift=0 previous_depth=3
E2_CAP o=185 retry=0 touched=2 ncam=52 raw=9491.2803707246276 capped=82.843292406661035 radius=403.16907370370865 median=1.8750962711409089 global_scale=1
ATTR_RADIUS o=185 raw_norm=9491.2803707246276 norm=82.84329240666105 radius=403.16907370370865 next_radius=403.16907370370865 lambda=9.0771481335264631e-06 next_lambda=9.0771481335264631e-06 rho=0.99916354428660514 accept=1
CLASSICAL_LM o=185 lambda=9.0771481335264631e-06 tau=9.0771481335264631e-06 prediction=14.730576677600563 rho=0.99916354428660514 accept=1
  MFCG it 186 cost=2.595407e+05 lam=9.077e-06 tau=0.00e+00 cg_it=1 shift=0 ckpt=2 alpha=0 acc mv=608
PCG_PREP o=186 rebuild=1 drift=0 previous_depth=2
E2_CAP o=186 retry=0 touched=1 ncam=52 raw=9265.4268523590144 capped=91.783038300777918 radius=403.16907370370865 median=2.6085010519379326 global_scale=1
ATTR_RADIUS o=186 raw_norm=9265.4268523590181 norm=91.783038300777903 radius=403.16907370370865 next_radius=403.16907370370865 lambda=9.0771481335264631e-06 next_lambda=9.0771481335264631e-06 rho=0.99539367711580395 accept=1
CLASSICAL_LM o=186 lambda=9.0771481335264631e-06 tau=9.0771481335264631e-06 prediction=6.8294649756637167 rho=0.99539367711580395 accept=1
  MFCG it 187 cost=2.595339e+05 lam=9.077e-06 tau=0.00e+00 cg_it=2 shift=0 ckpt=3 alpha=0 acc mv=612
PCG_PREP o=187 rebuild=1 drift=0 previous_depth=3
E2_CAP o=187 retry=0 touched=2 ncam=52 raw=9447.3615540644842 capped=78.065019020432587 radius=403.16907370370865 median=1.7611300789577085 global_scale=1
ATTR_RADIUS o=187 raw_norm=9447.3615540644842 norm=78.065019020432572 radius=403.16907370370865 next_radius=403.16907370370865 lambda=9.0771481335264631e-06 next_lambda=9.0771481335264631e-06 rho=0.99912561807373235 accept=1
CLASSICAL_LM o=187 lambda=9.0771481335264631e-06 tau=9.0771481335264631e-06 prediction=13.823172005830267 rho=0.99912561807373235 accept=1
  MFCG it 188 cost=2.595201e+05 lam=9.077e-06 tau=0.00e+00 cg_it=1 shift=0 ckpt=2 alpha=0 acc mv=615
PCG_PREP o=188 rebuild=1 drift=0 previous_depth=2
E2_CAP o=188 retry=0 touched=1 ncam=52 raw=9234.0633947888418 capped=93.845333870425392 radius=403.16907370370865 median=2.588695145581295 global_scale=1
ATTR_RADIUS o=188 raw_norm=9234.0633947888418 norm=93.845333870425392 radius=403.16907370370865 next_radius=403.16907370370865 lambda=9.0771481335264631e-06 next_lambda=9.0771481335264631e-06 rho=0.99501222013479995 accept=1
CLASSICAL_LM o=188 lambda=9.0771481335264631e-06 tau=9.0771481335264631e-06 prediction=6.3899234258106823 rho=0.99501222013479995 accept=1
  MFCG it 189 cost=2.595137e+05 lam=9.077e-06 tau=0.00e+00 cg_it=2 shift=0 ckpt=3 alpha=0 acc mv=619
PCG_PREP o=189 rebuild=1 drift=0 previous_depth=3
E2_CAP o=189 retry=0 touched=2 ncam=52 raw=9404.2055377360575 capped=77.912697176482993 radius=403.16907370370865 median=1.7589519015163066 global_scale=1
ATTR_RADIUS o=189 raw_norm=9404.2055377360575 norm=77.912697176482993 radius=403.16907370370865 next_radius=403.16907370370865 lambda=9.0771481335264631e-06 next_lambda=9.0771481335264631e-06 rho=0.99910649616672165 accept=1
CLASSICAL_LM o=189 lambda=9.0771481335264631e-06 tau=9.0771481335264631e-06 prediction=13.639936993538832 rho=0.99910649616672165 accept=1
  MFCG it 190 cost=2.595001e+05 lam=9.077e-06 tau=0.00e+00 cg_it=1 shift=0 ckpt=2 alpha=0 acc mv=622
PCG_PREP o=190 rebuild=1 drift=0 previous_depth=2
E2_CAP o=190 retry=0 touched=1 ncam=52 raw=9202.7114914575541 capped=94.208149760190707 radius=403.16907370370865 median=2.5711713448912139 global_scale=1
ATTR_RADIUS o=190 raw_norm=9202.7114914575523 norm=94.208149760190722 radius=403.16907370370865 next_radius=403.16907370370865 lambda=9.0771481335264631e-06 next_lambda=9.0771481335264631e-06 rho=0.9949000609293468 accept=1
CLASSICAL_LM o=190 lambda=9.0771481335264631e-06 tau=9.0771481335264631e-06 prediction=6.1861414103794568 rho=0.9949000609293468 accept=1
  MFCG it 191 cost=2.594939e+05 lam=9.077e-06 tau=0.00e+00 cg_it=2 shift=0 ckpt=3 alpha=0 acc mv=626
PCG_PREP o=191 rebuild=1 drift=0 previous_depth=3
E2_CAP o=191 retry=0 touched=2 ncam=52 raw=9361.3015680087356 capped=77.900246170344445 radius=403.16907370370865 median=1.7597896948563787 global_scale=1
ATTR_RADIUS o=191 raw_norm=9361.3015680087356 norm=77.900246170344431 radius=403.16907370370865 next_radius=403.16907370370865 lambda=9.0771481335264631e-06 next_lambda=9.0771481335264631e-06 rho=0.9991040896695107 accept=1
CLASSICAL_LM o=191 lambda=9.0771481335264631e-06 tau=9.0771481335264631e-06 prediction=13.490432688315092 rho=0.9991040896695107 accept=1
  MFCG it 192 cost=2.594804e+05 lam=9.077e-06 tau=0.00e+00 cg_it=1 shift=0 ckpt=2 alpha=0 acc mv=629
PCG_PREP o=192 rebuild=1 drift=0 previous_depth=2
E2_CAP o=192 retry=0 touched=1 ncam=52 raw=9171.7295513172667 capped=94.307403657169289 radius=403.16907370370865 median=2.5595852276911204 global_scale=1
ATTR_RADIUS o=192 raw_norm=9171.7295513172667 norm=94.30740365716926 radius=403.16907370370865 next_radius=403.16907370370865 lambda=9.0771481335264631e-06 next_lambda=9.0771481335264631e-06 rho=0.99487490509192567 accept=1
CLASSICAL_LM o=192 lambda=9.0771481335264631e-06 tau=9.0771481335264631e-06 prediction=6.0632898826245984 rho=0.99487490509192567 accept=1
  MFCG it 193 cost=2.594744e+05 lam=9.077e-06 tau=0.00e+00 cg_it=2 shift=0 ckpt=3 alpha=0 acc mv=633
PCG_PREP o=193 rebuild=1 drift=0 previous_depth=3
E2_CAP o=193 retry=0 touched=1 ncam=52 raw=9150.478331261329 capped=58.966162010683149 radius=403.16907370370865 median=1.8487090107486979 global_scale=1
ATTR_RADIUS o=193 raw_norm=9150.478331261329 norm=58.966162010683142 radius=403.16907370370865 next_radius=403.16907370370865 lambda=9.0771481335264631e-06 next_lambda=9.0771481335264631e-06 rho=0.99787877251924628 accept=1
CLASSICAL_LM o=193 lambda=9.0771481335264631e-06 tau=9.0771481335264631e-06 prediction=6.8015902355133901 rho=0.99787877251924628 accept=1
  MFCG it 194 cost=2.594676e+05 lam=9.077e-06 tau=0.00e+00 cg_it=2 shift=0 ckpt=3 alpha=0 acc mv=637
PCG_PREP o=194 rebuild=1 drift=0 previous_depth=3
E2_CAP o=194 retry=0 touched=2 ncam=52 raw=9299.6509704389027 capped=80.077569217479919 radius=403.16907370370865 median=1.8103841349434693 global_scale=1
ATTR_RADIUS o=194 raw_norm=9299.6509704389009 norm=80.077569217479919 radius=403.16907370370865 next_radius=403.16907370370865 lambda=9.0771481335264631e-06 next_lambda=9.0771481335264631e-06 rho=0.99926399161119284 accept=1
CLASSICAL_LM o=194 lambda=9.0771481335264631e-06 tau=9.0771481335264631e-06 prediction=13.74321977180014 rho=0.99926399161119284 accept=1
  MFCG it 195 cost=2.594539e+05 lam=9.077e-06 tau=0.00e+00 cg_it=1 shift=0 ckpt=2 alpha=0 acc mv=640
PCG_PREP o=195 rebuild=1 drift=0 previous_depth=2
E2_CAP o=195 retry=0 touched=1 ncam=52 raw=9128.4081251414027 capped=90.586338799059163 radius=403.16907370370865 median=2.5442000499768072 global_scale=1
ATTR_RADIUS o=195 raw_norm=9128.4081251414045 norm=90.586338799059163 radius=403.16907370370865 next_radius=403.16907370370865 lambda=9.0771481335264631e-06 next_lambda=9.0771481335264631e-06 rho=0.99578087908499147 accept=1
CLASSICAL_LM o=195 lambda=9.0771481335264631e-06 tau=9.0771481335264631e-06 prediction=6.4855781158537553 rho=0.99578087908499147 accept=1
  MFCG it 196 cost=2.594474e+05 lam=9.077e-06 tau=0.00e+00 cg_it=2 shift=0 ckpt=3 alpha=0 acc mv=644
PCG_PREP o=196 rebuild=1 drift=0 previous_depth=3
E2_CAP o=196 retry=0 touched=2 ncam=52 raw=9257.0196155313715 capped=77.075970115615391 radius=403.16907370370865 median=1.7400549597636576 global_scale=1
ATTR_RADIUS o=196 raw_norm=9257.0196155313697 norm=77.075970115615391 radius=403.16907370370865 next_radius=403.16907370370865 lambda=9.0771481335264631e-06 next_lambda=9.0771481335264631e-06 rho=0.99919694204264198 accept=1
CLASSICAL_LM o=196 lambda=9.0771481335264631e-06 tau=9.0771481335264631e-06 prediction=13.12143983594636 rho=0.99919694204264198 accept=1
  MFCG it 197 cost=2.594343e+05 lam=9.077e-06 tau=0.00e+00 cg_it=1 shift=0 ckpt=2 alpha=0 acc mv=647
PCG_PREP o=197 rebuild=1 drift=0 previous_depth=2
E2_CAP o=197 retry=0 touched=1 ncam=52 raw=9098.9184331161159 capped=94.074902436196808 radius=403.16907370370865 median=2.5715515712372028 global_scale=1
ATTR_RADIUS o=197 raw_norm=9098.9184331161177 norm=94.074902436196808 radius=403.16907370370865 next_radius=403.16907370370865 lambda=9.0771481335264631e-06 next_lambda=9.0771481335264631e-06 rho=0.99537493650311171 accept=1
CLASSICAL_LM o=197 lambda=9.0771481335264631e-06 tau=9.0771481335264631e-06 prediction=6.2281758491857913 rho=0.99537493650311171 accept=1
  MFCG it 198 cost=2.594281e+05 lam=9.077e-06 tau=0.00e+00 cg_it=2 shift=0 ckpt=3 alpha=0 acc mv=651
PCG_PREP o=198 rebuild=1 drift=0 previous_depth=3
E2_CAP o=198 retry=0 touched=2 ncam=52 raw=9214.4862614565154 capped=77.066872844929918 radius=403.16907370370865 median=1.741338657083586 global_scale=1
ATTR_RADIUS o=198 raw_norm=9214.4862614565172 norm=77.066872844929904 radius=403.16907370370865 next_radius=403.16907370370865 lambda=9.0771481335264631e-06 next_lambda=9.0771481335264631e-06 rho=0.99917151989790076 accept=1
CLASSICAL_LM o=198 lambda=9.0771481335264631e-06 tau=9.0771481335264631e-06 prediction=12.969116248690897 rho=0.99917151989790076 accept=1
  MFCG it 199 cost=2.594152e+05 lam=9.077e-06 tau=0.00e+00 cg_it=1 shift=0 ckpt=2 alpha=0 acc mv=654
PCG_PREP o=199 rebuild=1 drift=0 previous_depth=2
E2_CAP o=199 retry=0 touched=1 ncam=52 raw=9068.9794853858475 capped=93.875866223683886 radius=403.16907370370865 median=2.5334214783435938 global_scale=1
ATTR_RADIUS o=199 raw_norm=9068.9794853858493 norm=93.8758662236839 radius=403.16907370370865 next_radius=403.16907370370865 lambda=9.0771481335264631e-06 next_lambda=9.0771481335264631e-06 rho=0.99522521876733083 accept=1
CLASSICAL_LM o=199 lambda=9.0771481335264631e-06 tau=9.0771481335264631e-06 prediction=5.9176302910431522 rho=0.99522521876733083 accept=1
  MFCG it 200 cost=2.594093e+05 lam=9.077e-06 tau=0.00e+00 cg_it=2 shift=0 ckpt=3 alpha=0 acc mv=658
PCG_PREP o=200 rebuild=1 drift=0 previous_depth=3
E2_CAP o=200 retry=0 touched=2 ncam=52 raw=9172.4842466838945 capped=76.103260921872447 radius=403.16907370370865 median=1.7186058773948876 global_scale=1
ATTR_RADIUS o=200 raw_norm=9172.4842466838963 norm=76.103260921872447 radius=403.16907370370865 next_radius=403.16907370370865 lambda=9.0771481335264631e-06 next_lambda=9.0771481335264631e-06 rho=0.99917870654290042 accept=1
CLASSICAL_LM o=200 lambda=9.0771481335264631e-06 tau=9.0771481335264631e-06 prediction=12.706110451923101 rho=0.99917870654290042 accept=1
  MFCG it 201 cost=2.593966e+05 lam=9.077e-06 tau=0.00e+00 cg_it=1 shift=0 ckpt=2 alpha=0 acc mv=661
PCG_PREP o=201 rebuild=1 drift=0 previous_depth=2
E2_CAP o=201 retry=0 touched=1 ncam=52 raw=9039.6243095098362 capped=93.167166309802468 radius=403.16907370370865 median=2.5037612705620242 global_scale=1
ATTR_RADIUS o=201 raw_norm=9039.6243095098398 norm=93.16716630980244 radius=403.16907370370865 next_radius=403.16907370370865 lambda=9.0771481335264631e-06 next_lambda=9.0771481335264631e-06 rho=0.9952071779032059 accept=1
CLASSICAL_LM o=201 lambda=9.0771481335264631e-06 tau=9.0771481335264631e-06 prediction=5.7356994674803952 rho=0.9952071779032059 accept=1
  MFCG it 202 cost=2.593909e+05 lam=9.077e-06 tau=0.00e+00 cg_it=2 shift=0 ckpt=3 alpha=0 acc mv=665
PCG_PREP o=202 rebuild=1 drift=0 previous_depth=3
E2_CAP o=202 retry=0 touched=1 ncam=52 raw=9019.1331445229862 capped=56.258578831015356 radius=403.16907370370865 median=1.760075150008954 global_scale=1
ATTR_RADIUS o=202 raw_norm=9019.133144522988 norm=56.258578831015356 radius=403.16907370370865 next_radius=403.16907370370865 lambda=9.0771481335264631e-06 next_lambda=9.0771481335264631e-06 rho=0.99806261275712693 accept=1
CLASSICAL_LM o=202 lambda=9.0771481335264631e-06 tau=9.0771481335264631e-06 prediction=6.166006023949496 rho=0.99806261275712693 accept=1
  MFCG it 203 cost=2.593847e+05 lam=9.077e-06 tau=0.00e+00 cg_it=2 shift=0 ckpt=3 alpha=0 acc mv=669
PCG_PREP o=203 rebuild=1 drift=0 previous_depth=3
E2_CAP o=203 retry=0 touched=2 ncam=52 raw=9113.1638915223702 capped=76.394173571782048 radius=403.16907370370865 median=1.7225405728914995 global_scale=1
ATTR_RADIUS o=203 raw_norm=9113.1638915223684 norm=76.394173571782076 radius=403.16907370370865 next_radius=403.16907370370865 lambda=9.0771481335264631e-06 next_lambda=9.0771481335264631e-06 rho=0.99936326294934974 accept=1
CLASSICAL_LM o=203 lambda=9.0771481335264631e-06 tau=9.0771481335264631e-06 prediction=12.712125811595062 rho=0.99936326294934974 accept=1
  MFCG it 204 cost=2.593720e+05 lam=9.077e-06 tau=0.00e+00 cg_it=1 shift=0 ckpt=2 alpha=0 acc mv=672
PCG_PREP o=204 rebuild=1 drift=0 previous_depth=2
E2_CAP o=204 retry=0 touched=1 ncam=52 raw=8999.2141687490857 capped=87.560909947961562 radius=403.16907370370865 median=2.4436940737783637 global_scale=1
ATTR_RADIUS o=204 raw_norm=8999.2141687490875 norm=87.560909947961562 radius=403.16907370370865 next_radius=403.16907370370865 lambda=9.0771481335264631e-06 next_lambda=9.0771481335264631e-06 rho=0.99611736118921357 accept=1
CLASSICAL_LM o=204 lambda=9.0771481335264631e-06 tau=9.0771481335264631e-06 prediction=5.98872780958036 rho=0.99611736118921357 accept=1
  MFCG it 205 cost=2.593660e+05 lam=9.077e-06 tau=0.00e+00 cg_it=2 shift=0 ckpt=3 alpha=0 acc mv=676
PCG_PREP o=205 rebuild=1 drift=0 previous_depth=3
E2_CAP o=205 retry=0 touched=2 ncam=52 raw=9072.8143630921841 capped=72.384899822116125 radius=403.16907370370865 median=1.627077227297975 global_scale=1
ATTR_RADIUS o=205 raw_norm=9072.8143630921822 norm=72.384899822116139 radius=403.16907370370865 next_radius=403.16907370370865 lambda=9.0771481335264631e-06 next_lambda=9.0771481335264631e-06 rho=0.99930353687710494 accept=1
CLASSICAL_LM o=205 lambda=9.0771481335264631e-06 tau=9.0771481335264631e-06 prediction=11.998619064311356 rho=0.99930353687710494 accept=1
  MFCG it 206 cost=2.593540e+05 lam=9.077e-06 tau=0.00e+00 cg_it=1 shift=0 ckpt=2 alpha=0 acc mv=679
PCG_PREP o=206 rebuild=1 drift=0 previous_depth=2
E2_CAP o=206 retry=0 touched=1 ncam=52 raw=8972.3179227610344 capped=90.944916502933481 radius=403.16907370370865 median=2.4841110811814047 global_scale=1
ATTR_RADIUS o=206 raw_norm=8972.3179227610362 norm=90.944916502933509 radius=403.16907370370865 next_radius=403.16907370370865 lambda=9.0771481335264631e-06 next_lambda=9.0771481335264631e-06 rho=0.99575869066145939 accept=1
CLASSICAL_LM o=206 lambda=9.0771481335264631e-06 tau=9.0771481335264631e-06 prediction=5.8307397454951397 rho=0.99575869066145939 accept=1
  MFCG it 207 cost=2.593482e+05 lam=9.077e-06 tau=0.00e+00 cg_it=2 shift=0 ckpt=3 alpha=0 acc mv=683
PCG_PREP o=207 rebuild=1 drift=0 previous_depth=3
E2_CAP o=207 retry=0 touched=2 ncam=52 raw=9032.8135293088653 capped=72.356894331040081 radius=403.16907370370865 median=1.6277957257409361 global_scale=1
ATTR_RADIUS o=207 raw_norm=9032.8135293088653 norm=72.356894331040067 radius=403.16907370370865 next_radius=403.16907370370865 lambda=9.0771481335264631e-06 next_lambda=9.0771481335264631e-06 rho=0.9992801957877816 accept=1
CLASSICAL_LM o=207 lambda=9.0771481335264631e-06 tau=9.0771481335264631e-06 prediction=11.866186780892999 rho=0.9992801957877816 accept=1
  MFCG it 208 cost=2.593364e+05 lam=9.077e-06 tau=0.00e+00 cg_it=1 shift=0 ckpt=2 alpha=0 acc mv=686
PCG_PREP o=208 rebuild=1 drift=0 previous_depth=2
E2_CAP o=208 retry=0 touched=1 ncam=52 raw=8944.823569618633 capped=90.597453119453689 radius=403.16907370370865 median=2.4466449109550714 global_scale=1
ATTR_RADIUS o=208 raw_norm=8944.8235696186348 norm=90.597453119453689 radius=403.16907370370865 next_radius=403.16907370370865 lambda=9.0771481335264631e-06 next_lambda=9.0771481335264631e-06 rho=0.99561677214962496 accept=1
CLASSICAL_LM o=208 lambda=9.0771481335264631e-06 tau=9.0771481335264631e-06 prediction=5.5383703695625384 rho=0.99561677214962496 accept=1
  MFCG it 209 cost=2.593309e+05 lam=9.077e-06 tau=0.00e+00 cg_it=2 shift=0 ckpt=3 alpha=0 acc mv=690
PCG_PREP o=209 rebuild=1 drift=0 previous_depth=3
E2_CAP o=209 retry=0 touched=2 ncam=52 raw=8993.4225665911399 capped=71.581241010351889 radius=403.16907370370865 median=1.6095704889453302 global_scale=1
ATTR_RADIUS o=209 raw_norm=8993.4225665911417 norm=71.581241010351889 radius=403.16907370370865 next_radius=403.16907370370865 lambda=9.0771481335264631e-06 next_lambda=9.0771481335264631e-06 rho=0.99928301525851315 accept=1
CLASSICAL_LM o=209 lambda=9.0771481335264631e-06 tau=9.0771481335264631e-06 prediction=11.650824927904342 rho=0.99928301525851315 accept=1
  MFCG it 210 cost=2.593192e+05 lam=9.077e-06 tau=0.00e+00 cg_it=1 shift=0 ckpt=2 alpha=0 acc mv=693
PCG_PREP o=210 rebuild=1 drift=0 previous_depth=2
E2_CAP o=210 retry=0 touched=1 ncam=52 raw=8917.8328089780807 capped=89.846273624799267 radius=403.16907370370865 median=2.4173059848598184 global_scale=1
ATTR_RADIUS o=210 raw_norm=8917.8328089780844 norm=89.846273624799281 radius=403.16907370370865 next_radius=403.16907370370865 lambda=9.0771481335264631e-06 next_lambda=9.0771481335264631e-06 rho=0.99558587496955442 accept=1
CLASSICAL_LM o=210 lambda=9.0771481335264631e-06 tau=9.0771481335264631e-06 prediction=5.3585873658424399 rho=0.99558587496955442 accept=1
  MFCG it 211 cost=2.593139e+05 lam=9.077e-06 tau=0.00e+00 cg_it=2 shift=0 ckpt=3 alpha=0 acc mv=697
PCG_PREP o=211 rebuild=1 drift=0 previous_depth=3
E2_CAP o=211 retry=0 touched=2 ncam=52 raw=8954.7158068993613 capped=70.964169145556326 radius=403.16907370370865 median=1.5950633306248641 global_scale=1
ATTR_RADIUS o=211 raw_norm=8954.7158068993649 norm=70.964169145556326 radius=403.16907370370865 next_radius=403.16907370370865 lambda=9.0771481335264631e-06 next_lambda=9.0771481335264631e-06 rho=0.99929083720845102 accept=1
CLASSICAL_LM o=211 lambda=9.0771481335264631e-06 tau=9.0771481335264631e-06 prediction=11.464893736986959 rho=0.99929083720845102 accept=1
  MFCG it 212 cost=2.593024e+05 lam=9.077e-06 tau=0.00e+00 cg_it=1 shift=0 ckpt=2 alpha=0 acc mv=700
PCG_PREP o=212 rebuild=1 drift=0 previous_depth=2
E2_CAP o=212 retry=0 touched=1 ncam=52 raw=8891.3422994325556 capped=89.121546443575795 radius=403.16907370370865 median=2.3932496543428439 global_scale=1
ATTR_RADIUS o=212 raw_norm=8891.3422994325556 norm=89.121546443575781 radius=403.16907370370865 next_radius=403.16907370370865 lambda=9.0771481335264631e-06 next_lambda=9.0771481335264631e-06 rho=0.99559099144513508 accept=1
CLASSICAL_LM o=212 lambda=9.0771481335264631e-06 tau=9.0771481335264631e-06 prediction=5.220653752249528 rho=0.99559099144513508 accept=1
  MFCG it 213 cost=2.592972e+05 lam=9.077e-06 tau=0.00e+00 cg_it=2 shift=0 ckpt=3 alpha=0 acc mv=704
PCG_PREP o=213 rebuild=1 drift=0 previous_depth=3
E2_CAP o=213 retry=0 touched=2 ncam=52 raw=8916.6092388632296 capped=70.586951411412144 radius=403.16907370370865 median=1.5864038448145796 global_scale=1
ATTR_RADIUS o=213 raw_norm=8916.6092388632296 norm=70.586951411412144 radius=403.16907370370865 next_radius=403.16907370370865 lambda=9.0771481335264631e-06 next_lambda=9.0771481335264631e-06 rho=0.99929829474440168 accept=1
CLASSICAL_LM o=213 lambda=9.0771481335264631e-06 tau=9.0771481335264631e-06 prediction=11.316134253548281 rho=0.99929829474440168 accept=1
  MFCG it 214 cost=2.592859e+05 lam=9.077e-06 tau=0.00e+00 cg_it=1 shift=0 ckpt=2 alpha=0 acc mv=707
PCG_PREP o=214 rebuild=1 drift=0 previous_depth=2
E2_CAP o=214 retry=0 touched=1 ncam=52 raw=8865.2970673733362 capped=88.473535464039898 radius=403.16907370370865 median=2.3715092331901615 global_scale=1
ATTR_RADIUS o=214 raw_norm=8865.297067373338 norm=88.473535464039884 radius=403.16907370370865 next_radius=403.16907370370865 lambda=9.0771481335264631e-06 next_lambda=9.0771481335264631e-06 rho=0.99560441385334564 accept=1
CLASSICAL_LM o=214 lambda=9.0771481335264631e-06 tau=9.0771481335264631e-06 prediction=5.095346188877909 rho=0.99560441385334564 accept=1
  MFCG it 215 cost=2.592809e+05 lam=9.077e-06 tau=0.00e+00 cg_it=2 shift=0 ckpt=3 alpha=0 acc mv=711
PCG_PREP o=215 rebuild=1 drift=0 previous_depth=3
E2_CAP o=215 retry=0 touched=2 ncam=52 raw=8879.0334114269572 capped=70.343946663050616 radius=403.16907370370865 median=1.5809685803605373 global_scale=1
ATTR_RADIUS o=215 raw_norm=8879.0334114269535 norm=70.34394666305063 radius=403.16907370370865 next_radius=403.16907370370865 lambda=9.0771481335264631e-06 next_lambda=9.0771481335264631e-06 rho=0.99930351379685123 accept=1
CLASSICAL_LM o=215 lambda=9.0771481335264631e-06 tau=9.0771481335264631e-06 prediction=11.190103721949654 rho=0.99930351379685123 accept=1
  MFCG it 216 cost=2.592697e+05 lam=9.077e-06 tau=0.00e+00 cg_it=1 shift=0 ckpt=2 alpha=0 acc mv=714
PCG_PREP o=216 rebuild=1 drift=0 previous_depth=2
E2_CAP o=216 retry=0 touched=1 ncam=52 raw=8839.6319359926201 capped=87.942029903655964 radius=403.16907370370865 median=2.3530191958702833 global_scale=1
ATTR_RADIUS o=216 raw_norm=8839.6319359926201 norm=87.94202990365595 radius=403.16907370370865 next_radius=403.16907370370865 lambda=9.0771481335264631e-06 next_lambda=9.0771481335264631e-06 rho=0.99562208463804525 accept=1
CLASSICAL_LM o=216 lambda=9.0771481335264631e-06 tau=9.0771481335264631e-06 prediction=4.9851568975700582 rho=0.99562208463804525 accept=1
  MFCG it 217 cost=2.592647e+05 lam=9.077e-06 tau=0.00e+00 cg_it=2 shift=0 ckpt=3 alpha=0 acc mv=718
PCG_PREP o=217 rebuild=1 drift=0 previous_depth=3
E2_CAP o=217 retry=0 touched=2 ncam=52 raw=8841.8925851155291 capped=69.981029600569315 radius=403.16907370370865 median=1.5726106623154386 global_scale=1
ATTR_RADIUS o=217 raw_norm=8841.8925851155291 norm=69.981029600569315 radius=403.16907370370865 next_radius=403.16907370370865 lambda=9.0771481335264631e-06 next_lambda=9.0771481335264631e-06 rho=0.99931441417629752 accept=1
CLASSICAL_LM o=217 lambda=9.0771481335264631e-06 tau=9.0771481335264631e-06 prediction=11.052177506174546 rho=0.99931441417629752 accept=1
  MFCG it 218 cost=2.592537e+05 lam=9.077e-06 tau=0.00e+00 cg_it=1 shift=0 ckpt=2 alpha=0 acc mv=721
PCG_PREP o=218 rebuild=1 drift=0 previous_depth=2
E2_CAP o=218 retry=0 touched=1 ncam=52 raw=8814.3270973722665 capped=87.301343298308311 radius=403.16907370370865 median=2.3314938904680647 global_scale=1
ATTR_RADIUS o=218 raw_norm=8814.3270973722647 norm=87.301343298308325 radius=403.16907370370865 next_radius=403.16907370370865 lambda=9.0771481335264631e-06 next_lambda=9.0771481335264631e-06 rho=0.99564632126914088 accept=1
CLASSICAL_LM o=218 lambda=9.0771481335264631e-06 tau=9.0771481335264631e-06 prediction=4.8672673424848352 rho=0.99564632126914088 accept=1
  MFCG it 219 cost=2.592488e+05 lam=9.077e-06 tau=0.00e+00 cg_it=2 shift=0 ckpt=3 alpha=0 acc mv=725
PCG_PREP o=219 rebuild=1 drift=0 previous_depth=3
E2_CAP o=219 retry=0 touched=2 ncam=52 raw=8805.2873174463857 capped=69.740996930016607 radius=403.16907370370865 median=1.5672163593026318 global_scale=1
ATTR_RADIUS o=219 raw_norm=8805.2873174463821 norm=69.740996930016607 radius=403.16907370370865 next_radius=403.16907370370865 lambda=9.0771481335264631e-06 next_lambda=9.0771481335264631e-06 rho=0.99932270225179654 accept=1
CLASSICAL_LM o=219 lambda=9.0771481335264631e-06 tau=9.0771481335264631e-06 prediction=10.934203042322462 rho=0.99932270225179654 accept=1
  MFCG it 220 cost=2.592379e+05 lam=9.077e-06 tau=0.00e+00 cg_it=1 shift=0 ckpt=2 alpha=0 acc mv=728
PCG_PREP o=220 rebuild=1 drift=0 previous_depth=2
E2_CAP o=220 retry=0 touched=1 ncam=52 raw=8789.378207795362 capped=86.752393152902201 radius=403.16907370370865 median=2.3125250348549518 global_scale=1
ATTR_RADIUS o=220 raw_norm=8789.378207795362 norm=86.752393152902215 radius=403.16907370370865 next_radius=403.16907370370865 lambda=9.0771481335264631e-06 next_lambda=9.0771481335264631e-06 rho=0.99566923762128434 accept=1
CLASSICAL_LM o=220 lambda=9.0771481335264631e-06 tau=9.0771481335264631e-06 prediction=4.7598708097175768 rho=0.99566923762128434 accept=1
  MFCG it 221 cost=2.592332e+05 lam=9.077e-06 tau=0.00e+00 cg_it=2 shift=0 ckpt=3 alpha=0 acc mv=732
PCG_PREP o=221 rebuild=1 drift=0 previous_depth=3
E2_CAP o=221 retry=0 touched=2 ncam=52 raw=8769.1627854504877 capped=69.547731821783813 radius=403.16907370370865 median=1.5630042499514014 global_scale=1
ATTR_RADIUS o=221 raw_norm=8769.1627854504877 norm=69.547731821783813 radius=403.16907370370865 next_radius=403.16907370370865 lambda=9.0771481335264631e-06 next_lambda=9.0771481335264631e-06 rho=0.99932995334623143 accept=1
CLASSICAL_LM o=221 lambda=9.0771481335264631e-06 tau=9.0771481335264631e-06 prediction=10.825375793554143 rho=0.99932995334623143 accept=1
  MFCG it 222 cost=2.592223e+05 lam=9.077e-06 tau=0.00e+00 cg_it=1 shift=0 ckpt=2 alpha=0 acc mv=735
PCG_PREP o=222 rebuild=1 drift=0 previous_depth=2
E2_CAP o=222 retry=0 touched=1 ncam=52 raw=8764.7475660340042 capped=86.185538324392098 radius=403.16907370370865 median=2.2922417769038721 global_scale=1
ATTR_RADIUS o=222 raw_norm=8764.7475660340024 norm=86.185538324392098 radius=403.16907370370865 next_radius=403.16907370370865 lambda=9.0771481335264631e-06 next_lambda=9.0771481335264631e-06 rho=0.99568663642882604 accept=1
CLASSICAL_LM o=222 lambda=9.0771481335264631e-06 tau=9.0771481335264631e-06 prediction=4.6470811800645828 rho=0.99568663642882604 accept=1
  MFCG it 223 cost=2.592177e+05 lam=9.077e-06 tau=0.00e+00 cg_it=2 shift=0 ckpt=3 alpha=0 acc mv=739
PCG_PREP o=223 rebuild=1 drift=0 previous_depth=3
E2_CAP o=223 retry=0 touched=2 ncam=52 raw=8733.5249424455105 capped=69.360690803191858 radius=403.16907370370865 median=1.5588603664930976 global_scale=1
ATTR_RADIUS o=223 raw_norm=8733.5249424455087 norm=69.360690803191844 radius=403.16907370370865 next_radius=403.16907370370865 lambda=9.0771481335264631e-06 next_lambda=9.0771481335264631e-06 rho=0.99933694029639497 accept=1
CLASSICAL_LM o=223 lambda=9.0771481335264631e-06 tau=9.0771481335264631e-06 prediction=10.720410755636459 rho=0.99933694029639497 accept=1
  MFCG it 224 cost=2.592070e+05 lam=9.077e-06 tau=0.00e+00 cg_it=1 shift=0 ckpt=2 alpha=0 acc mv=742
PCG_PREP o=224 rebuild=1 drift=0 previous_depth=2
E2_CAP o=224 retry=0 touched=1 ncam=52 raw=8740.4237709126992 capped=85.680518010033722 radius=403.16907370370865 median=2.274254765357751 global_scale=1
ATTR_RADIUS o=224 raw_norm=8740.4237709126955 norm=85.680518010033694 radius=403.16907370370865 next_radius=403.16907370370865 lambda=9.0771481335264631e-06 next_lambda=9.0771481335264631e-06 rho=0.99570679473384016 accept=1
CLASSICAL_LM o=224 lambda=9.0771481335264631e-06 tau=9.0771481335264631e-06 prediction=4.5455620086847421 rho=0.99570679473384016 accept=1
  MFCG it 225 cost=2.592025e+05 lam=9.077e-06 tau=0.00e+00 cg_it=2 shift=0 ckpt=3 alpha=0 acc mv=746
PCG_PREP o=225 rebuild=1 drift=0 previous_depth=3
E2_CAP o=225 retry=0 touched=2 ncam=52 raw=8698.3580793389465 capped=69.184987504163516 radius=403.16907370370865 median=1.5550101266048975 global_scale=1
ATTR_RADIUS o=225 raw_norm=8698.3580793389483 norm=69.184987504163516 radius=403.16907370370865 next_radius=403.16907370370865 lambda=9.0771481335264631e-06 next_lambda=9.0771481335264631e-06 rho=0.99934409504160626 accept=1
CLASSICAL_LM o=225 lambda=9.0771481335264631e-06 tau=9.0771481335264631e-06 prediction=10.619455616809075 rho=0.99934409504160626 accept=1
  MFCG it 226 cost=2.591919e+05 lam=9.077e-06 tau=0.00e+00 cg_it=1 shift=0 ckpt=2 alpha=0 acc mv=749
PCG_PREP o=226 rebuild=1 drift=0 previous_depth=2
E2_CAP o=226 retry=0 touched=1 ncam=52 raw=8716.3735159734897 capped=85.181566993940208 radius=403.16907370370865 median=2.2562578852209292 global_scale=1
ATTR_RADIUS o=226 raw_norm=8716.3735159734897 norm=85.181566993940223 radius=403.16907370370865 next_radius=403.16907370370865 lambda=9.0771481335264631e-06 next_lambda=9.0771481335264631e-06 rho=0.99572613577718594 accept=1
CLASSICAL_LM o=226 lambda=9.0771481335264631e-06 tau=9.0771481335264631e-06 prediction=4.4449777336391003 rho=0.99572613577718594 accept=1
  MFCG it 227 cost=2.591874e+05 lam=9.077e-06 tau=0.00e+00 cg_it=2 shift=0 ckpt=3 alpha=0 acc mv=753
PCG_PREP o=227 rebuild=1 drift=0 previous_depth=3
E2_CAP o=227 retry=0 touched=2 ncam=52 raw=8663.6565176824115 capped=69.01443713743916 radius=403.16907370370865 median=1.5512995959416176 global_scale=1
ATTR_RADIUS o=227 raw_norm=8663.6565176824115 norm=69.014437137439145 radius=403.16907370370865 next_radius=403.16907370370865 lambda=9.0771481335264631e-06 next_lambda=9.0771481335264631e-06 rho=0.99935161836011221 accept=1
CLASSICAL_LM o=227 lambda=9.0771481335264631e-06 tau=9.0771481335264631e-06 prediction=10.521405076722429 rho=0.99935161836011221 accept=1
  MFCG it 228 cost=2.591769e+05 lam=9.077e-06 tau=0.00e+00 cg_it=1 shift=0 ckpt=2 alpha=0 acc mv=756
PCG_PREP o=228 rebuild=1 drift=0 previous_depth=2
E2_CAP o=228 retry=0 touched=1 ncam=52 raw=8692.5909862803383 capped=84.660280640971578 radius=403.16907370370865 median=2.2372743102021322 global_scale=1
ATTR_RADIUS o=228 raw_norm=8692.5909862803364 norm=84.660280640971564 radius=403.16907370370865 next_radius=403.16907370370865 lambda=9.0771481335264631e-06 next_lambda=9.0771481335264631e-06 rho=0.99574466786519933 accept=1
CLASSICAL_LM o=228 lambda=9.0771481335264631e-06 tau=9.0771481335264631e-06 prediction=4.3415975409354708 rho=0.99574466786519933 accept=1
  MFCG it 229 cost=2.591726e+05 lam=9.077e-06 tau=0.00e+00 cg_it=2 shift=0 ckpt=3 alpha=0 acc mv=760
PCG_PREP o=229 rebuild=1 drift=0 previous_depth=3
E2_CAP o=229 retry=0 touched=2 ncam=52 raw=8629.4450520310165 capped=68.870089059058671 radius=403.16907370370865 median=1.5482000484810325 global_scale=1
ATTR_RADIUS o=229 raw_norm=8629.4450520310183 norm=68.870089059058685 radius=403.16907370370865 next_radius=403.16907370370865 lambda=9.0771481335264631e-06 next_lambda=9.0771481335264631e-06 rho=0.99935874195307584 accept=1
CLASSICAL_LM o=229 lambda=9.0771481335264631e-06 tau=9.0771481335264631e-06 prediction=10.428867491962354 rho=0.99935874195307584 accept=1
  MFCG it 230 cost=2.591622e+05 lam=9.077e-06 tau=0.00e+00 cg_it=1 shift=0 ckpt=2 alpha=0 acc mv=763
PCG_PREP o=230 rebuild=1 drift=0 previous_depth=2
E2_CAP o=230 retry=0 touched=1 ncam=52 raw=8669.0591039596839 capped=84.177109690042869 radius=403.16907370370865 median=2.2194821600372423 global_scale=1
ATTR_RADIUS o=230 raw_norm=8669.0591039596875 norm=84.177109690042869 radius=403.16907370370865 next_radius=403.16907370370865 lambda=9.0771481335264631e-06 next_lambda=9.0771481335264631e-06 rho=0.99576174690381358 accept=1
CLASSICAL_LM o=230 lambda=9.0771481335264631e-06 tau=9.0771481335264631e-06 prediction=4.2439880414720665 rho=0.99576174690381358 accept=1
  MFCG it 231 cost=2.591579e+05 lam=9.077e-06 tau=0.00e+00 cg_it=2 shift=0 ckpt=3 alpha=0 acc mv=767
PCG_PREP o=231 rebuild=1 drift=0 previous_depth=3
E2_CAP o=231 retry=0 touched=2 ncam=52 raw=8595.6941087925734 capped=68.752786073050785 radius=403.16907370370865 median=1.5457769475029326 global_scale=1
ATTR_RADIUS o=231 raw_norm=8595.6941087925734 norm=68.752786073050785 radius=403.16907370370865 next_radius=403.16907370370865 lambda=9.0771481335264631e-06 next_lambda=9.0771481335264631e-06 rho=0.9993651181100307 accept=1
CLASSICAL_LM o=231 lambda=9.0771481335264631e-06 tau=9.0771481335264631e-06 prediction=10.341507494569163 rho=0.9993651181100307 accept=1
  MFCG it 232 cost=2.591476e+05 lam=9.077e-06 tau=0.00e+00 cg_it=1 shift=0 ckpt=2 alpha=0 acc mv=770
PCG_PREP o=232 rebuild=1 drift=0 previous_depth=2
E2_CAP o=232 retry=0 touched=1 ncam=52 raw=8645.7560872261747 capped=83.697314758983453 radius=403.16907370370865 median=2.2014895289093173 global_scale=1
ATTR_RADIUS o=232 raw_norm=8645.7560872261747 norm=83.697314758983424 radius=403.16907370370865 next_radius=403.16907370370865 lambda=9.0771481335264631e-06 next_lambda=9.0771481335264631e-06 rho=0.99577478541884867 accept=1
CLASSICAL_LM o=232 lambda=9.0771481335264631e-06 tau=9.0771481335264631e-06 prediction=4.1462810977330724 rho=0.99577478541884867 accept=1
  MFCG it 233 cost=2.591435e+05 lam=9.077e-06 tau=0.00e+00 cg_it=2 shift=0 ckpt=3 alpha=0 acc mv=774
PCG_PREP o=233 rebuild=1 drift=0 previous_depth=3
E2_CAP o=233 retry=0 touched=2 ncam=52 raw=8562.4153480428467 capped=68.506699023674457 radius=403.16907370370865 median=1.5401493442594483 global_scale=1
ATTR_RADIUS o=233 raw_norm=8562.4153480428504 norm=68.506699023674457 radius=403.16907370370865 next_radius=403.16907370370865 lambda=9.0771481335264631e-06 next_lambda=9.0771481335264631e-06 rho=0.99937199787457731 accept=1
CLASSICAL_LM o=233 lambda=9.0771481335264631e-06 tau=9.0771481335264631e-06 prediction=10.240544648344812 rho=0.99937199787457731 accept=1
  MFCG it 234 cost=2.591332e+05 lam=9.077e-06 tau=0.00e+00 cg_it=1 shift=0 ckpt=2 alpha=0 acc mv=777
PCG_PREP o=234 rebuild=1 drift=0 previous_depth=2
E2_CAP o=234 retry=0 touched=1 ncam=52 raw=8622.6743100843432 capped=83.208435473731072 radius=403.16907370370865 median=2.1844486186036316 global_scale=1
ATTR_RADIUS o=234 raw_norm=8622.6743100843414 norm=83.208435473731072 radius=403.16907370370865 next_radius=403.16907370370865 lambda=9.0771481335264631e-06 next_lambda=9.0771481335264631e-06 rho=0.99579295532465228 accept=1
CLASSICAL_LM o=234 lambda=9.0771481335264631e-06 tau=9.0771481335264631e-06 prediction=4.0568475414899732 rho=0.99579295532465228 accept=1
  MFCG it 235 cost=2.591292e+05 lam=9.077e-06 tau=0.00e+00 cg_it=2 shift=0 ckpt=3 alpha=0 acc mv=781
PCG_PREP o=235 rebuild=1 drift=0 previous_depth=3
E2_CAP o=235 retry=0 touched=2 ncam=52 raw=8529.6205109946841 capped=68.055119626788013 radius=403.16907370370865 median=1.5294803653852367 global_scale=1
ATTR_RADIUS o=235 raw_norm=8529.6205109946859 norm=68.055119626788013 radius=403.16907370370865 next_radius=403.16907370370865 lambda=9.0771481335264631e-06 next_lambda=9.0771481335264631e-06 rho=0.99938189382953813 accept=1
CLASSICAL_LM o=235 lambda=9.0771481335264631e-06 tau=9.0771481335264631e-06 prediction=10.116558785392069 rho=0.99938189382953813 accept=1
  MFCG it 236 cost=2.591191e+05 lam=9.077e-06 tau=0.00e+00 cg_it=1 shift=0 ckpt=2 alpha=0 acc mv=784
PCG_PREP o=236 rebuild=1 drift=0 previous_depth=2
E2_CAP o=236 retry=0 touched=1 ncam=52 raw=8599.8291379523616 capped=82.622390767175062 radius=403.16907370370865 median=2.1660923691686094 global_scale=1
ATTR_RADIUS o=236 raw_norm=8599.8291379523598 norm=82.622390767175062 radius=403.16907370370865 next_radius=403.16907370370865 lambda=9.0771481335264631e-06 next_lambda=9.0771481335264631e-06 rho=0.99581998718862641 accept=1
CLASSICAL_LM o=236 lambda=9.0771481335264631e-06 tau=9.0771481335264631e-06 prediction=3.9690616680534001 rho=0.99581998718862641 accept=1
  MFCG it 237 cost=2.591151e+05 lam=9.077e-06 tau=0.00e+00 cg_it=2 shift=0 ckpt=3 alpha=0 acc mv=788
PCG_PREP o=237 rebuild=1 drift=0 previous_depth=3
E2_CAP o=237 retry=0 touched=2 ncam=52 raw=8497.3638597674453 capped=67.610539666628299 radius=403.16907370370865 median=1.518947068829577 global_scale=1
ATTR_RADIUS o=237 raw_norm=8497.3638597674453 norm=67.610539666628313 radius=403.16907370370865 next_radius=403.16907370370865 lambda=9.0771481335264631e-06 next_lambda=9.0771481335264631e-06 rho=0.9993918796970116 accept=1
CLASSICAL_LM o=237 lambda=9.0771481335264631e-06 tau=9.0771481335264631e-06 prediction=9.995520013163226 rho=0.9993918796970116 accept=1
  MFCG it 238 cost=2.591052e+05 lam=9.077e-06 tau=0.00e+00 cg_it=1 shift=0 ckpt=2 alpha=0 acc mv=791
PCG_PREP o=238 rebuild=1 drift=0 previous_depth=2
E2_CAP o=238 retry=0 touched=1 ncam=52 raw=8577.2269470230603 capped=82.056644226497312 radius=403.16907370370865 median=2.1489600064167949 global_scale=1
ATTR_RADIUS o=238 raw_norm=8577.2269470230603 norm=82.056644226497326 radius=403.16907370370865 next_radius=403.16907370370865 lambda=9.0771481335264631e-06 next_lambda=9.0771481335264631e-06 rho=0.99584846762055756 accept=1
CLASSICAL_LM o=238 lambda=9.0771481335264631e-06 tau=9.0771481335264631e-06 prediction=3.8881760243733039 rho=0.99584846762055756 accept=1
  MFCG it 239 cost=2.591013e+05 lam=9.077e-06 tau=0.00e+00 cg_it=2 shift=0 ckpt=3 alpha=0 acc mv=795
PCG_PREP o=239 rebuild=1 drift=0 previous_depth=3
E2_CAP o=239 retry=0 touched=2 ncam=52 raw=8465.634931305518 capped=67.184820169823851 radius=403.16907370370865 median=1.5088939027848949 global_scale=1
ATTR_RADIUS o=239 raw_norm=8465.6349313055161 norm=67.184820169823851 radius=403.16907370370865 next_radius=403.16907370370865 lambda=9.0771481335264631e-06 next_lambda=9.0771481335264631e-06 rho=0.9994010759321682 accept=1
CLASSICAL_LM o=239 lambda=9.0771481335264631e-06 tau=9.0771481335264631e-06 prediction=9.8785518302790187 rho=0.9994010759321682 accept=1
  MFCG it 240 cost=2.590914e+05 lam=9.077e-06 tau=0.00e+00 cg_it=1 shift=0 ckpt=2 alpha=0 acc mv=798
PCG_PREP o=240 rebuild=1 drift=0 previous_depth=2
E2_CAP o=240 retry=0 touched=1 ncam=52 raw=8554.8441354975294 capped=81.481319425953231 radius=403.16907370370865 median=2.1315692915147704 global_scale=1
ATTR_RADIUS o=240 raw_norm=8554.8441354975294 norm=81.481319425953188 radius=403.16907370370865 next_radius=403.16907370370865 lambda=9.0771481335264631e-06 next_lambda=9.0771481335264631e-06 rho=0.99587419608685046 accept=1
CLASSICAL_LM o=240 lambda=9.0771481335264631e-06 tau=9.0771481335264631e-06 prediction=3.8073808812643426 rho=0.99587419608685046 accept=1
  MFCG it 241 cost=2.590876e+05 lam=9.077e-06 tau=0.00e+00 cg_it=2 shift=0 ckpt=3 alpha=0 acc mv=802
PCG_PREP o=241 rebuild=1 drift=0 previous_depth=3
E2_CAP o=241 retry=0 touched=2 ncam=52 raw=8434.4293342033125 capped=66.740852450877355 radius=403.16907370370865 median=1.498382351475896 global_scale=1
ATTR_RADIUS o=241 raw_norm=8434.4293342033143 norm=66.740852450877341 radius=403.16907370370865 next_radius=403.16907370370865 lambda=9.0771481335264631e-06 next_lambda=9.0771481335264631e-06 rho=0.99941065961284192 accept=1
CLASSICAL_LM o=241 lambda=9.0771481335264631e-06 tau=9.0771481335264631e-06 prediction=9.7611000827099197 rho=0.99941065961284192 accept=1
  MFCG it 242 cost=2.590779e+05 lam=9.077e-06 tau=0.00e+00 cg_it=1 shift=0 ckpt=2 alpha=0 acc mv=805
PCG_PREP o=242 rebuild=1 drift=0 previous_depth=2
E2_CAP o=242 retry=0 touched=1 ncam=52 raw=8532.6747506408446 capped=80.90656833881161 radius=403.16907370370865 median=2.1145961843392258 global_scale=1
ATTR_RADIUS o=242 raw_norm=8532.6747506408446 norm=80.906568338811596 radius=403.16907370370865 next_radius=403.16907370370865 lambda=9.0771481335264631e-06 next_lambda=9.0771481335264631e-06 rho=0.99590333760211935 accept=1
CLASSICAL_LM o=242 lambda=9.0771481335264631e-06 tau=9.0771481335264631e-06 prediction=3.73014943655033 rho=0.99590333760211935 accept=1
  MFCG it 243 cost=2.590742e+05 lam=9.077e-06 tau=0.00e+00 cg_it=2 shift=0 ckpt=3 alpha=0 acc mv=809
PCG_PREP o=243 rebuild=1 drift=0 previous_depth=3
E2_CAP o=243 retry=0 touched=2 ncam=52 raw=8403.7361449099335 capped=66.292990657746998 radius=403.16907370370865 median=1.4877761015797806 global_scale=1
ATTR_RADIUS o=243 raw_norm=8403.7361449099353 norm=66.292990657746998 radius=403.16907370370865 next_radius=403.16907370370865 lambda=9.0771481335264631e-06 next_lambda=9.0771481335264631e-06 rho=0.9994202898614114 accept=1
CLASSICAL_LM o=243 lambda=9.0771481335264631e-06 tau=9.0771481335264631e-06 prediction=9.6447254603250219 rho=0.9994202898614114 accept=1
  MFCG it 244 cost=2.590645e+05 lam=9.077e-06 tau=0.00e+00 cg_it=1 shift=0 ckpt=2 alpha=0 acc mv=812
PCG_PREP o=244 rebuild=1 drift=0 previous_depth=2
E2_CAP o=244 retry=0 touched=1 ncam=52 raw=8510.7038433035486 capped=80.330139548130632 radius=403.16907370370865 median=2.0976512065808226 global_scale=1
ATTR_RADIUS o=244 raw_norm=8510.7038433035505 norm=80.330139548130603 radius=403.16907370370865 next_radius=403.16907370370865 lambda=9.0771481335264631e-06 next_lambda=9.0771481335264631e-06 rho=0.99593106011123145 accept=1
CLASSICAL_LM o=244 lambda=9.0771481335264631e-06 tau=9.0771481335264631e-06 prediction=3.6545723766337233 rho=0.99593106011123145 accept=1
  MFCG it 245 cost=2.590609e+05 lam=9.077e-06 tau=0.00e+00 cg_it=2 shift=0 ckpt=3 alpha=0 acc mv=816
PCG_PREP o=245 rebuild=1 drift=0 previous_depth=3
E2_CAP o=245 retry=0 touched=2 ncam=52 raw=8373.5638673485137 capped=66.105576246332745 radius=403.16907370370865 median=1.4836219853987322 global_scale=1
ATTR_RADIUS o=245 raw_norm=8373.5638673485118 norm=66.105576246332731 radius=403.16907370370865 next_radius=403.16907370370865 lambda=9.0771481335264631e-06 next_lambda=9.0771481335264631e-06 rho=0.99942689410117891 accept=1
CLASSICAL_LM o=245 lambda=9.0771481335264631e-06 tau=9.0771481335264631e-06 prediction=9.5602242420975863 rho=0.99942689410117891 accept=1
  MFCG it 246 cost=2.590513e+05 lam=9.077e-06 tau=0.00e+00 cg_it=1 shift=0 ckpt=2 alpha=0 acc mv=819
PCG_PREP o=246 rebuild=1 drift=0 previous_depth=2
E2_CAP o=246 retry=0 touched=1 ncam=52 raw=8488.8921356877654 capped=79.819673896192171 radius=403.16907370370865 median=2.0808114053948108 global_scale=1
ATTR_RADIUS o=246 raw_norm=8488.892135687769 norm=79.819673896192185 radius=403.16907370370865 next_radius=403.16907370370865 lambda=9.0771481335264631e-06 next_lambda=9.0771481335264631e-06 rho=0.99594738171847774 accept=1
CLASSICAL_LM o=246 lambda=9.0771481335264631e-06 tau=9.0771481335264631e-06 prediction=3.5750360886895898 rho=0.99594738171847774 accept=1
  MFCG it 247 cost=2.590478e+05 lam=9.077e-06 tau=0.00e+00 cg_it=2 shift=0 ckpt=3 alpha=0 acc mv=823
PCG_PREP o=247 rebuild=1 drift=0 previous_depth=3
E2_CAP o=247 retry=0 touched=2 ncam=52 raw=8343.850053927612 capped=66.071527615985246 radius=403.16907370370865 median=1.4832915410999687 global_scale=1
ATTR_RADIUS o=247 raw_norm=8343.850053927612 norm=66.071527615985232 radius=403.16907370370865 next_radius=403.16907370370865 lambda=9.0771481335264631e-06 next_lambda=9.0771481335264631e-06 rho=0.99943107421527222 accept=1
CLASSICAL_LM o=247 lambda=9.0771481335264631e-06 tau=9.0771481335264631e-06 prediction=9.4943367476088056 rho=0.99943107421527222 accept=1
  MFCG it 248 cost=2.590383e+05 lam=9.077e-06 tau=0.00e+00 cg_it=1 shift=0 ckpt=2 alpha=0 acc mv=826
PCG_PREP o=248 rebuild=1 drift=0 previous_depth=2
E2_CAP o=248 retry=0 touched=1 ncam=52 raw=8467.2109964172669 capped=79.24834327568081 radius=403.16907370370865 median=2.0590594200729635 global_scale=1
ATTR_RADIUS o=248 raw_norm=8467.2109964172651 norm=79.248343275680824 radius=403.16907370370865 next_radius=403.16907370370865 lambda=9.0771481335264631e-06 next_lambda=9.0771481335264631e-06 rho=0.9959445191961015 accept=1
CLASSICAL_LM o=248 lambda=9.0771481335264631e-06 tau=9.0771481335264631e-06 prediction=3.4737602394477061 rho=0.9959445191961015 accept=1
  MFCG it 249 cost=2.590348e+05 lam=9.077e-06 tau=0.00e+00 cg_it=2 shift=0 ckpt=3 alpha=0 acc mv=830
PCG_PREP o=249 rebuild=1 drift=0 previous_depth=3
E2_CAP o=249 retry=0 touched=2 ncam=52 raw=8314.6123967318472 capped=66.025627446836609 radius=403.16907370370865 median=1.4826621692756921 global_scale=1
ATTR_RADIUS o=249 raw_norm=8314.612396731849 norm=66.025627446836609 radius=403.16907370370865 next_radius=403.16907370370865 lambda=9.0771481335264631e-06 next_lambda=9.0771481335264631e-06 rho=0.99943511964261544 accept=1
CLASSICAL_LM o=249 lambda=9.0771481335264631e-06 tau=9.0771481335264631e-06 prediction=9.4278047974034411 rho=0.99943511964261544 accept=1
  MFCG it 250 cost=2.590254e+05 lam=9.077e-06 tau=0.00e+00 cg_it=1 shift=0 ckpt=2 alpha=0 acc mv=833
PCG_PREP o=250 rebuild=1 drift=0 previous_depth=2
E2_CAP o=250 retry=0 touched=1 ncam=52 raw=8445.6677158281036 capped=78.794995241956755 radius=403.16907370370865 median=2.0420009288696868 global_scale=1
ATTR_RADIUS o=250 raw_norm=8445.6677158281018 norm=78.794995241956741 radius=403.16907370370865 next_radius=403.16907370370865 lambda=9.0771481335264631e-06 next_lambda=9.0771481335264631e-06 rho=0.99594937714288334 accept=1
CLASSICAL_LM o=250 lambda=9.0771481335264631e-06 tau=9.0771481335264631e-06 prediction=3.3918085097219146 rho=0.99594937714288334 accept=1
  MFCG it 251 cost=2.590220e+05 lam=9.077e-06 tau=0.00e+00 cg_it=2 shift=0 ckpt=3 alpha=0 acc mv=837
PCG_PREP o=251 rebuild=1 drift=0 previous_depth=3
E2_CAP o=251 retry=0 touched=2 ncam=52 raw=8285.798965629856 capped=65.992028343719568 radius=403.16907370370865 median=1.4823452717107957 global_scale=1
ATTR_RADIUS o=251 raw_norm=8285.798965629856 norm=65.992028343719554 radius=403.16907370370865 next_radius=403.16907370370865 lambda=9.0771481335264631e-06 next_lambda=9.0771481335264631e-06 rho=0.99943885696430534 accept=1
CLASSICAL_LM o=251 lambda=9.0771481335264631e-06 tau=9.0771481335264631e-06 prediction=9.3632739272662402 rho=0.99943885696430534 accept=1
  MFCG it 252 cost=2.590126e+05 lam=9.077e-06 tau=0.00e+00 cg_it=1 shift=0 ckpt=2 alpha=0 acc mv=840
PCG_PREP o=252 rebuild=1 drift=0 previous_depth=2
E2_CAP o=252 retry=0 touched=1 ncam=52 raw=8424.2262466805405 capped=78.367722411133457 radius=403.16907370370865 median=2.025648599879271 global_scale=1
ATTR_RADIUS o=252 raw_norm=8424.2262466805423 norm=78.367722411133485 radius=403.16907370370865 next_radius=403.16907370370865 lambda=9.0771481335264631e-06 next_lambda=9.0771481335264631e-06 rho=0.99595236879874316 accept=1
CLASSICAL_LM o=252 lambda=9.0771481335264631e-06 tau=9.0771481335264631e-06 prediction=3.3134138968613986 rho=0.99595236879874316 accept=1
  MFCG it 253 cost=2.590093e+05 lam=9.077e-06 tau=0.00e+00 cg_it=2 shift=0 ckpt=3 alpha=0 acc mv=844
PCG_PREP o=253 rebuild=1 drift=0 previous_depth=3
E2_CAP o=253 retry=0 touched=2 ncam=52 raw=8257.3955408598576 capped=65.953910651027357 radius=403.16907370370865 median=1.4819400015199755 global_scale=1
ATTR_RADIUS o=253 raw_norm=8257.3955408598613 norm=65.953910651027357 radius=403.16907370370865 next_radius=403.16907370370865 lambda=9.0771481335264631e-06 next_lambda=9.0771481335264631e-06 rho=0.99944281596048234 accept=1
CLASSICAL_LM o=253 lambda=9.0771481335264631e-06 tau=9.0771481335264631e-06 prediction=9.2986458065310522 rho=0.99944281596048234 accept=1
  MFCG it 254 cost=2.590001e+05 lam=9.077e-06 tau=0.00e+00 cg_it=1 shift=0 ckpt=2 alpha=0 acc mv=847
PCG_PREP o=254 rebuild=1 drift=0 previous_depth=2
E2_CAP o=254 retry=0 touched=1 ncam=52 raw=8402.8635823326113 capped=77.859113670471032 radius=403.16907370370865 median=2.0058380249195658 global_scale=1
ATTR_RADIUS o=254 raw_norm=8402.8635823326113 norm=77.859113670471032 radius=403.16907370370865 next_radius=403.16907370370865 lambda=9.0771481335264631e-06 next_lambda=9.0771481335264631e-06 rho=0.99594730407378385 accept=1
CLASSICAL_LM o=254 lambda=9.0771481335264631e-06 tau=9.0771481335264631e-06 prediction=3.2237772233679993 rho=0.99594730407378385 accept=1
  MFCG it 255 cost=2.589968e+05 lam=9.077e-06 tau=0.00e+00 cg_it=2 shift=0 ckpt=3 alpha=0 acc mv=851
PCG_PREP o=255 rebuild=1 drift=0 previous_depth=3
E2_CAP o=255 retry=0 touched=2 ncam=52 raw=8229.432572423877 capped=65.573942382938981 radius=403.16907370370865 median=1.473083373704559 global_scale=1
ATTR_RADIUS o=255 raw_norm=8229.4325724238752 norm=65.573942382938981 radius=403.16907370370865 next_radius=403.16907370370865 lambda=9.0771481335264631e-06 next_lambda=9.0771481335264631e-06 rho=0.9994488539277071 accept=1
CLASSICAL_LM o=255 lambda=9.0771481335264631e-06 tau=9.0771481335264631e-06 prediction=9.1961723721731996 rho=0.9994488539277071 accept=1
  MFCG it 256 cost=2.589877e+05 lam=9.077e-06 tau=0.00e+00 cg_it=1 shift=0 ckpt=2 alpha=0 acc mv=854
PCG_PREP o=256 rebuild=1 drift=0 previous_depth=2
E2_CAP o=256 retry=0 touched=1 ncam=52 raw=8381.6473875709053 capped=77.294905307305015 radius=403.16907370370865 median=1.9875458360010947 global_scale=1
ATTR_RADIUS o=256 raw_norm=8381.6473875709034 norm=77.294905307305001 radius=403.16907370370865 next_radius=403.16907370370865 lambda=9.0771481335264631e-06 next_lambda=9.0771481335264631e-06 rho=0.99595954787354746 accept=1
CLASSICAL_LM o=256 lambda=9.0771481335264631e-06 tau=9.0771481335264631e-06 prediction=3.1491330077111011 rho=0.99595954787354746 accept=1
  MFCG it 257 cost=2.589845e+05 lam=9.077e-06 tau=0.00e+00 cg_it=2 shift=0 ckpt=3 alpha=0 acc mv=858
PCG_PREP o=257 rebuild=1 drift=0 previous_depth=3
E2_CAP o=257 retry=0 touched=2 ncam=52 raw=8201.9464794097094 capped=65.045173738108502 radius=403.16907370370865 median=1.4605457405661681 global_scale=1
ATTR_RADIUS o=257 raw_norm=8201.9464794097112 norm=65.045173738108502 radius=403.16907370370865 next_radius=403.16907370370865 lambda=9.0771481335264631e-06 next_lambda=9.0771481335264631e-06 rho=0.99945701721262314 accept=1
CLASSICAL_LM o=257 lambda=9.0771481335264631e-06 tau=9.0771481335264631e-06 prediction=9.0780994175190806 rho=0.99945701721262314 accept=1
  MFCG it 258 cost=2.589754e+05 lam=9.077e-06 tau=0.00e+00 cg_it=1 shift=0 ckpt=2 alpha=0 acc mv=861
PCG_PREP o=258 rebuild=1 drift=0 previous_depth=2
E2_CAP o=258 retry=0 touched=1 ncam=52 raw=8360.5713486467848 capped=76.690984297301526 radius=403.16907370370865 median=1.9702466289584004 global_scale=1
ATTR_RADIUS o=258 raw_norm=8360.5713486467866 norm=76.69098429730154 radius=403.16907370370865 next_radius=403.16907370370865 lambda=9.0771481335264631e-06 next_lambda=9.0771481335264631e-06 rho=0.99598419917723491 accept=1
CLASSICAL_LM o=258 lambda=9.0771481335264631e-06 tau=9.0771481335264631e-06 prediction=3.0842436700063343 rho=0.99598419917723491 accept=1
  MFCG it 259 cost=2.589724e+05 lam=9.077e-06 tau=0.00e+00 cg_it=2 shift=0 ckpt=3 alpha=0 acc mv=865
PCG_PREP o=259 rebuild=1 drift=0 previous_depth=3
E2_CAP o=259 retry=0 touched=2 ncam=52 raw=8174.9582201160265 capped=64.576508792254785 radius=403.16907370370865 median=1.4494992309944377 global_scale=1
ATTR_RADIUS o=259 raw_norm=8174.9582201160256 norm=64.576508792254771 radius=403.16907370370865 next_radius=403.16907370370865 lambda=9.0771481335264631e-06 next_lambda=9.0771481335264631e-06 rho=0.99946345014338145 accept=1
CLASSICAL_LM o=259 lambda=9.0771481335264631e-06 tau=9.0771481335264631e-06 prediction=8.9678640101447549 rho=0.99946345014338145 accept=1
  MFCG it 260 cost=2.589634e+05 lam=9.077e-06 tau=0.00e+00 cg_it=1 shift=0 ckpt=2 alpha=0 acc mv=868
PCG_PREP o=260 rebuild=1 drift=0 previous_depth=2
E2_CAP o=260 retry=0 touched=2 ncam=52 raw=8184.1229541859002 capped=47.973916138848743 radius=403.16907370370865 median=1.106474944630961 global_scale=1
ATTR_RADIUS o=260 raw_norm=8184.1229541858993 norm=47.973916138848736 radius=403.16907370370865 next_radius=403.16907370370865 lambda=9.0771481335264631e-06 next_lambda=9.0771481335264631e-06 rho=0.99983668358204947 accept=1
CLASSICAL_LM o=260 lambda=9.0771481335264631e-06 tau=9.0771481335264631e-06 prediction=5.6282524755989218 rho=0.99983668358204947 accept=1
  MFCG it 261 cost=2.589578e+05 lam=9.077e-06 tau=0.00e+00 cg_it=1 shift=0 ckpt=2 alpha=0 acc mv=871
PCG_PREP o=261 rebuild=1 drift=0 previous_depth=2
E2_CAP o=261 retry=0 touched=2 ncam=52 raw=8334.0128903918358 capped=90.105938143448242 radius=403.16907370370865 median=2.0371568158396172 global_scale=1
ATTR_RADIUS o=261 raw_norm=8334.0128903918339 norm=90.105938143448228 radius=403.16907370370865 next_radius=403.16907370370865 lambda=9.0771481335264631e-06 next_lambda=9.0771481335264631e-06 rho=0.99470680800114264 accept=1
CLASSICAL_LM o=261 lambda=9.0771481335264631e-06 tau=9.0771481335264631e-06 prediction=2.5915022976916404 rho=0.99470680800114264 accept=1
  MFCG it 262 cost=2.589552e+05 lam=9.077e-06 tau=0.00e+00 cg_it=2 shift=0 ckpt=3 alpha=0 acc mv=875
PCG_PREP o=262 rebuild=1 drift=0 previous_depth=3
E2_CAP o=262 retry=0 touched=2 ncam=52 raw=8141.5589359727373 capped=61.878686644425279 radius=403.16907370370865 median=1.3856709839455559 global_scale=1
ATTR_RADIUS o=262 raw_norm=8141.5589359727364 norm=61.878686644425265 radius=403.16907370370865 next_radius=403.16907370370865 lambda=9.0771481335264631e-06 next_lambda=9.0771481335264631e-06 rho=0.99941431531122438 accept=1
CLASSICAL_LM o=262 lambda=9.0771481335264631e-06 tau=9.0771481335264631e-06 prediction=8.4929176516811129 rho=0.99941431531122438 accept=1
  MFCG it 263 cost=2.589467e+05 lam=9.077e-06 tau=0.00e+00 cg_it=1 shift=0 ckpt=2 alpha=0 acc mv=878
PCG_PREP o=263 rebuild=1 drift=0 previous_depth=2
E2_CAP o=263 retry=0 touched=1 ncam=52 raw=8311.7231809534223 capped=79.856811694303758 radius=403.16907370370865 median=1.8983470344647353 global_scale=1
ATTR_RADIUS o=263 raw_norm=8311.7231809534296 norm=79.856811694303772 radius=403.16907370370865 next_radius=403.16907370370865 lambda=9.0771481335264631e-06 next_lambda=9.0771481335264631e-06 rho=0.99478952575968471 accept=1
CLASSICAL_LM o=263 lambda=9.0771481335264631e-06 tau=9.0771481335264631e-06 prediction=2.4508492431792686 rho=0.99478952575968471 accept=1
  MFCG it 264 cost=2.589443e+05 lam=9.077e-06 tau=0.00e+00 cg_it=2 shift=0 ckpt=3 alpha=0 acc mv=882
PCG_PREP o=264 rebuild=1 drift=0 previous_depth=3
E2_CAP o=264 retry=0 touched=2 ncam=52 raw=8115.5762367118787 capped=62.269821599112973 radius=403.16907370370865 median=1.3950020585524645 global_scale=1
ATTR_RADIUS o=264 raw_norm=8115.5762367118778 norm=62.269821599112966 radius=403.16907370370865 next_radius=403.16907370370865 lambda=9.0771481335264631e-06 next_lambda=9.0771481335264631e-06 rho=0.99943721982529354 accept=1
CLASSICAL_LM o=264 lambda=9.0771481335264631e-06 tau=9.0771481335264631e-06 prediction=8.5409619943972839 rho=0.99943721982529354 accept=1
  MFCG it 265 cost=2.589357e+05 lam=9.077e-06 tau=0.00e+00 cg_it=1 shift=0 ckpt=2 alpha=0 acc mv=885
PCG_PREP o=265 rebuild=1 drift=0 previous_depth=2
E2_CAP o=265 retry=0 touched=1 ncam=52 raw=8290.4193392593625 capped=75.080957744731336 radius=403.16907370370865 median=1.8800282561903781 global_scale=1
ATTR_RADIUS o=265 raw_norm=8290.4193392593588 norm=75.08095774473135 radius=403.16907370370865 next_radius=403.16907370370865 lambda=9.0771481335264631e-06 next_lambda=9.0771481335264631e-06 rho=0.99567639547342257 accept=1
CLASSICAL_LM o=265 lambda=9.0771481335264631e-06 tau=9.0771481335264631e-06 prediction=2.680296978827915 rho=0.99567639547342257 accept=1
  MFCG it 266 cost=2.589331e+05 lam=9.077e-06 tau=0.00e+00 cg_it=2 shift=0 ckpt=3 alpha=0 acc mv=889
PCG_PREP o=266 rebuild=1 drift=0 previous_depth=3
E2_CAP o=266 retry=0 touched=2 ncam=52 raw=8090.3233115897929 capped=62.187501949013892 radius=403.16907370370865 median=1.3930313044897402 global_scale=1
ATTR_RADIUS o=266 raw_norm=8090.3233115897929 norm=62.1875019490139 radius=403.16907370370865 next_radius=403.16907370370865 lambda=9.0771481335264631e-06 next_lambda=9.0771481335264631e-06 rho=0.99947245859843081 accept=1
CLASSICAL_LM o=266 lambda=9.0771481335264631e-06 tau=9.0771481335264631e-06 prediction=8.4860219913998858 rho=0.99947245859843081 accept=1
  MFCG it 267 cost=2.589246e+05 lam=9.077e-06 tau=0.00e+00 cg_it=1 shift=0 ckpt=2 alpha=0 acc mv=892
PCG_PREP o=267 rebuild=1 drift=0 previous_depth=2
E2_CAP o=267 retry=0 touched=1 ncam=52 raw=8270.1882182056179 capped=73.824532629743899 radius=403.16907370370865 median=1.8692825239863553 global_scale=1
ATTR_RADIUS o=267 raw_norm=8270.1882182056179 norm=73.824532629743899 radius=403.16907370370865 next_radius=403.16907370370865 lambda=9.0771481335264631e-06 next_lambda=9.0771481335264631e-06 rho=0.99588190844039159 accept=1
CLASSICAL_LM o=267 lambda=9.0771481335264631e-06 tau=9.0771481335264631e-06 prediction=2.6973783417350425 rho=0.99588190844039159 accept=1
  MFCG it 268 cost=2.589219e+05 lam=9.077e-06 tau=0.00e+00 cg_it=2 shift=0 ckpt=3 alpha=0 acc mv=896
PCG_PREP o=268 rebuild=1 drift=0 previous_depth=3
E2_CAP o=268 retry=0 touched=2 ncam=52 raw=8065.4678764014307 capped=61.673846462935003 radius=403.16907370370865 median=1.3806679761588256 global_scale=1
ATTR_RADIUS o=268 raw_norm=8065.4678764014279 norm=61.673846462935018 radius=403.16907370370865 next_radius=403.16907370370865 lambda=9.0771481335264631e-06 next_lambda=9.0771481335264631e-06 rho=0.99948778875775235 accept=1
CLASSICAL_LM o=268 lambda=9.0771481335264631e-06 tau=9.0771481335264631e-06 prediction=8.3819307425583816 rho=0.99948778875775235 accept=1
  MFCG it 269 cost=2.589135e+05 lam=9.077e-06 tau=0.00e+00 cg_it=1 shift=0 ckpt=2 alpha=0 acc mv=899
PCG_PREP o=269 rebuild=1 drift=0 previous_depth=2
E2_CAP o=269 retry=0 touched=1 ncam=52 raw=8250.2022778861701 capped=73.001617487364115 radius=403.16907370370865 median=1.8562095354403967 global_scale=1
ATTR_RADIUS o=269 raw_norm=8250.2022778861719 norm=73.001617487364115 radius=403.16907370370865 next_radius=403.16907370370865 lambda=9.0771481335264631e-06 next_lambda=9.0771481335264631e-06 rho=0.99598481773293135 accept=1
CLASSICAL_LM o=269 lambda=9.0771481335264631e-06 tau=9.0771481335264631e-06 prediction=2.6754891605381985 rho=0.99598481773293135 accept=1
  MFCG it 270 cost=2.589109e+05 lam=9.077e-06 tau=0.00e+00 cg_it=2 shift=0 ckpt=3 alpha=0 acc mv=903
PCG_PREP o=270 rebuild=1 drift=0 previous_depth=3
E2_CAP o=270 retry=0 touched=2 ncam=52 raw=8041.0540246357614 capped=61.07267020872483 radius=403.16907370370865 median=1.3662217942945087 global_scale=1
ATTR_RADIUS o=270 raw_norm=8041.0540246357623 norm=61.07267020872483 radius=403.16907370370865 next_radius=403.16907370370865 lambda=9.0771481335264631e-06 next_lambda=9.0771481335264631e-06 rho=0.99949922046680129 accept=1
CLASSICAL_LM o=270 lambda=9.0771481335264631e-06 tau=9.0771481335264631e-06 prediction=8.2683995006430724 rho=0.99949922046680129 accept=1
  MFCG it 271 cost=2.589026e+05 lam=9.077e-06 tau=0.00e+00 cg_it=1 shift=0 ckpt=2 alpha=0 acc mv=906
PCG_PREP o=271 rebuild=1 drift=0 previous_depth=2
E2_CAP o=271 retry=0 touched=2 ncam=52 raw=8050.5569744763689 capped=45.551213189059226 radius=403.16907370370865 median=1.0502132325606917 global_scale=1
ATTR_RADIUS o=271 raw_norm=8050.556974476367 norm=45.551213189059233 radius=403.16907370370865 next_radius=403.16907370370865 lambda=9.0771481335264631e-06 next_lambda=9.0771481335264631e-06 rho=0.99986094871466169 accept=1
CLASSICAL_LM o=271 lambda=9.0771481335264631e-06 tau=9.0771481335264631e-06 prediction=5.1976375208092023 rho=0.99986094871466169 accept=1
  MFCG it 272 cost=2.588974e+05 lam=9.077e-06 tau=0.00e+00 cg_it=1 shift=0 ckpt=2 alpha=0 acc mv=909
PCG_PREP o=272 rebuild=1 drift=0 previous_depth=2
E2_CAP o=272 retry=0 touched=2 ncam=52 raw=8224.9602764529773 capped=86.20858882288384 radius=403.16907370370865 median=1.9453094687223857 global_scale=1
ATTR_RADIUS o=272 raw_norm=8224.9602764529754 norm=86.20858882288384 radius=403.16907370370865 next_radius=403.16907370370865 lambda=9.0771481335264631e-06 next_lambda=9.0771481335264631e-06 rho=0.99479266787193954 accept=1
CLASSICAL_LM o=272 lambda=9.0771481335264631e-06 tau=9.0771481335264631e-06 prediction=2.3090077159451283 rho=0.99479266787193954 accept=1
  MFCG it 273 cost=2.588951e+05 lam=9.077e-06 tau=0.00e+00 cg_it=2 shift=0 ckpt=3 alpha=0 acc mv=913
PCG_PREP o=273 rebuild=1 drift=0 previous_depth=3
E2_CAP o=273 retry=0 touched=2 ncam=52 raw=8010.8810709520794 capped=58.313764643125488 radius=403.16907370370865 median=1.3005517490291707 global_scale=1
ATTR_RADIUS o=273 raw_norm=8010.8810709520803 norm=58.313764643125495 radius=403.16907370370865 next_radius=403.16907370370865 lambda=9.0771481335264631e-06 next_lambda=9.0771481335264631e-06 rho=0.99945811449232635 accept=1
CLASSICAL_LM o=273 lambda=9.0771481335264631e-06 tau=9.0771481335264631e-06 prediction=7.8152194638727934 rho=0.99945811449232635 accept=1
  MFCG it 274 cost=2.588873e+05 lam=9.077e-06 tau=0.00e+00 cg_it=1 shift=0 ckpt=2 alpha=0 acc mv=916
PCG_PREP o=274 rebuild=1 drift=0 previous_depth=2
E2_CAP o=274 retry=0 touched=1 ncam=52 raw=8203.6173146402198 capped=75.90783119477932 radius=403.16907370370865 median=1.8058996357718415 global_scale=1
ATTR_RADIUS o=274 raw_norm=8203.6173146402161 norm=75.90783119477932 radius=403.16907370370865 next_radius=403.16907370370865 lambda=9.0771481335264631e-06 next_lambda=9.0771481335264631e-06 rho=0.99494007712840715 accept=1
CLASSICAL_LM o=274 lambda=9.0771481335264631e-06 tau=9.0771481335264631e-06 prediction=2.1977249286066192 rho=0.99494007712840715 accept=1
  MFCG it 275 cost=2.588851e+05 lam=9.077e-06 tau=0.00e+00 cg_it=2 shift=0 ckpt=3 alpha=0 acc mv=920
PCG_PREP o=275 rebuild=1 drift=0 previous_depth=3
E2_CAP o=275 retry=0 touched=2 ncam=52 raw=7987.2715859374157 capped=58.454152431558434 radius=403.16907370370865 median=1.3037012242933508 global_scale=1
ATTR_RADIUS o=275 raw_norm=7987.2715859374157 norm=58.454152431558434 radius=403.16907370370865 next_radius=403.16907370370865 lambda=9.0771481335264631e-06 next_lambda=9.0771481335264631e-06 rho=0.9994808066702493 accept=1
CLASSICAL_LM o=275 lambda=9.0771481335264631e-06 tau=9.0771481335264631e-06 prediction=7.8347360760177009 rho=0.9994808066702493 accept=1
  MFCG it 276 cost=2.588773e+05 lam=9.077e-06 tau=0.00e+00 cg_it=1 shift=0 ckpt=2 alpha=0 acc mv=923
PCG_PREP o=276 rebuild=1 drift=0 previous_depth=2
E2_CAP o=276 retry=0 touched=1 ncam=52 raw=8183.3710059870518 capped=71.096102858023443 radius=403.16907370370865 median=1.7775011588857197 global_scale=1
ATTR_RADIUS o=276 raw_norm=8183.3710059870518 norm=71.096102858023443 radius=403.16907370370865 next_radius=403.16907370370865 lambda=9.0771481335264631e-06 next_lambda=9.0771481335264631e-06 rho=0.99579936282242132 accept=1
CLASSICAL_LM o=276 lambda=9.0771481335264631e-06 tau=9.0771481335264631e-06 prediction=2.3773529626889269 rho=0.99579936282242132 accept=1
  MFCG it 277 cost=2.588749e+05 lam=9.077e-06 tau=0.00e+00 cg_it=2 shift=0 ckpt=3 alpha=0 acc mv=927
PCG_PREP o=277 rebuild=1 drift=0 previous_depth=3
E2_CAP o=277 retry=0 touched=2 ncam=52 raw=7964.4366718723204 capped=58.342710138079823 radius=403.16907370370865 median=1.3009850726422361 global_scale=1
ATTR_RADIUS o=277 raw_norm=7964.4366718723213 norm=58.342710138079823 radius=403.16907370370865 next_radius=403.16907370370865 lambda=9.0771481335264631e-06 next_lambda=9.0771481335264631e-06 rho=0.99951060270233349 accept=1
CLASSICAL_LM o=277 lambda=9.0771481335264631e-06 tau=9.0771481335264631e-06 prediction=7.784121058383044 rho=0.99951060270233349 accept=1
  MFCG it 278 cost=2.588671e+05 lam=9.077e-06 tau=0.00e+00 cg_it=1 shift=0 ckpt=2 alpha=0 acc mv=930
PCG_PREP o=278 rebuild=1 drift=0 previous_depth=2
E2_CAP o=278 retry=0 touched=1 ncam=52 raw=8164.2060950906834 capped=69.893618228814759 radius=403.16907370370865 median=1.769895517263278 global_scale=1
ATTR_RADIUS o=278 raw_norm=8164.2060950906816 norm=69.893618228814773 radius=403.16907370370865 next_radius=403.16907370370865 lambda=9.0771481335264631e-06 next_lambda=9.0771481335264631e-06 rho=0.99601666930767019 accept=1
CLASSICAL_LM o=278 lambda=9.0771481335264631e-06 tau=9.0771481335264631e-06 prediction=2.4087425864009004 rho=0.99601666930767019 accept=1
  MFCG it 279 cost=2.588647e+05 lam=9.077e-06 tau=0.00e+00 cg_it=2 shift=0 ckpt=3 alpha=0 acc mv=934
PCG_PREP o=279 rebuild=1 drift=0 previous_depth=3
E2_CAP o=279 retry=0 touched=2 ncam=52 raw=7941.9505895505345 capped=57.824261963685075 radius=403.16907370370865 median=1.2884661525686789 global_scale=1
ATTR_RADIUS o=279 raw_norm=7941.9505895505326 norm=57.824261963685061 radius=403.16907370370865 next_radius=403.16907370370865 lambda=9.0771481335264631e-06 next_lambda=9.0771481335264631e-06 rho=0.9995275545968868 accept=1
CLASSICAL_LM o=279 lambda=9.0771481335264631e-06 tau=9.0771481335264631e-06 prediction=7.6877178758285147 rho=0.9995275545968868 accept=1
  MFCG it 280 cost=2.588570e+05 lam=9.077e-06 tau=0.00e+00 cg_it=1 shift=0 ckpt=2 alpha=0 acc mv=937
PCG_PREP o=280 rebuild=1 drift=0 previous_depth=2
E2_CAP o=280 retry=0 touched=2 ncam=52 raw=7951.5967756749387 capped=43.760465273004051 radius=403.16907370370865 median=1.0086983891163201 global_scale=1
ATTR_RADIUS o=280 raw_norm=7951.5967756749405 norm=43.760465273004044 radius=403.16907370370865 next_radius=403.16907370370865 lambda=9.0771481335264631e-06 next_lambda=9.0771481335264631e-06 rho=0.99987433574729134 accept=1
CLASSICAL_LM o=280 lambda=9.0771481335264631e-06 tau=9.0771481335264631e-06 prediction=4.8875284236996634 rho=0.99987433574729134 accept=1
  MFCG it 281 cost=2.588522e+05 lam=9.077e-06 tau=0.00e+00 cg_it=1 shift=0 ckpt=2 alpha=0 acc mv=940
PCG_PREP o=281 rebuild=1 drift=0 previous_depth=2
E2_CAP o=281 retry=0 touched=2 ncam=52 raw=8140.0489862792683 capped=82.734503073111327 radius=403.16907370370865 median=1.8631763456421508 global_scale=1
ATTR_RADIUS o=281 raw_norm=8140.0489862792674 norm=82.734503073111341 radius=403.16907370370865 next_radius=403.16907370370865 lambda=9.0771481335264631e-06 next_lambda=9.0771481335264631e-06 rho=0.99485177049954987 accept=1
CLASSICAL_LM o=281 lambda=9.0771481335264631e-06 tau=9.0771481335264631e-06 prediction=2.084902721170443 rho=0.99485177049954987 accept=1
  MFCG it 282 cost=2.588501e+05 lam=9.077e-06 tau=0.00e+00 cg_it=2 shift=0 ckpt=3 alpha=0 acc mv=944
PCG_PREP o=282 rebuild=1 drift=0 previous_depth=3
E2_CAP o=282 retry=0 touched=2 ncam=52 raw=7914.2044223749781 capped=55.610772745875195 radius=403.16907370370865 median=1.23611766416536 global_scale=1
ATTR_RADIUS o=282 raw_norm=7914.204422374979 norm=55.610772745875188 radius=403.16907370370865 next_radius=403.16907370370865 lambda=9.0771481335264631e-06 next_lambda=9.0771481335264631e-06 rho=0.99948866943197279 accept=1
CLASSICAL_LM o=282 lambda=9.0771481335264631e-06 tau=9.0771481335264631e-06 prediction=7.3137405140950484 rho=0.99948866943197279 accept=1
  MFCG it 283 cost=2.588428e+05 lam=9.077e-06 tau=0.00e+00 cg_it=1 shift=0 ckpt=2 alpha=0 acc mv=947
PCG_PREP o=283 rebuild=1 drift=0 previous_depth=2
E2_CAP o=283 retry=0 touched=1 ncam=52 raw=8119.4633532653088 capped=72.515697048460126 radius=403.16907370370865 median=1.726127464919589 global_scale=1
ATTR_RADIUS o=283 raw_norm=8119.4633532653115 norm=72.51569704846014 radius=403.16907370370865 next_radius=403.16907370370865 lambda=9.0771481335264631e-06 next_lambda=9.0771481335264631e-06 rho=0.99504774890948955 accept=1
CLASSICAL_LM o=283 lambda=9.0771481335264631e-06 tau=9.0771481335264631e-06 prediction=1.9994412491110403 rho=0.99504774890948955 accept=1
  MFCG it 284 cost=2.588408e+05 lam=9.077e-06 tau=0.00e+00 cg_it=2 shift=0 ckpt=3 alpha=0 acc mv=951
PCG_PREP o=284 rebuild=1 drift=0 previous_depth=3
E2_CAP o=284 retry=0 touched=2 ncam=52 raw=7892.3274602301981 capped=55.317944135664135 radius=403.16907370370865 median=1.2284523449763665 global_scale=1
ATTR_RADIUS o=284 raw_norm=7892.3274602301981 norm=55.317944135664149 radius=403.16907370370865 next_radius=403.16907370370865 lambda=9.0771481335264631e-06 next_lambda=9.0771481335264631e-06 rho=0.99951210072737928 accept=1
CLASSICAL_LM o=284 lambda=9.0771481335264631e-06 tau=9.0771481335264631e-06 prediction=7.286843487874612 rho=0.99951210072737928 accept=1
  MFCG it 285 cost=2.588335e+05 lam=9.077e-06 tau=0.00e+00 cg_it=1 shift=0 ckpt=2 alpha=0 acc mv=954
PCG_PREP o=285 rebuild=1 drift=0 previous_depth=2
E2_CAP o=285 retry=0 touched=1 ncam=52 raw=8100.1188383989247 capped=67.909656046373129 radius=403.16907370370865 median=1.6998557061279507 global_scale=1
ATTR_RADIUS o=285 raw_norm=8100.1188383989274 norm=67.909656046373129 radius=403.16907370370865 next_radius=403.16907370370865 lambda=9.0771481335264631e-06 next_lambda=9.0771481335264631e-06 rho=0.99592331177349591 accept=1
CLASSICAL_LM o=285 lambda=9.0771481335264631e-06 tau=9.0771481335264631e-06 prediction=2.1758753851767692 rho=0.99592331177349591 accept=1
  MFCG it 286 cost=2.588313e+05 lam=9.077e-06 tau=0.00e+00 cg_it=2 shift=0 ckpt=3 alpha=0 acc mv=958
PCG_PREP o=286 rebuild=1 drift=0 previous_depth=3
E2_CAP o=286 retry=0 touched=2 ncam=52 raw=7871.2330912861089 capped=55.289446596117372 radius=403.16907370370865 median=1.227807937180454 global_scale=1
ATTR_RADIUS o=286 raw_norm=7871.2330912861089 norm=55.289446596117365 radius=403.16907370370865 next_radius=403.16907370370865 lambda=9.0771481335264631e-06 next_lambda=9.0771481335264631e-06 rho=0.99954207477405144 accept=1
CLASSICAL_LM o=286 lambda=9.0771481335264631e-06 tau=9.0771481335264631e-06 prediction=7.2501348830324197 rho=0.99954207477405144 accept=1
  MFCG it 287 cost=2.588241e+05 lam=9.077e-06 tau=0.00e+00 cg_it=1 shift=0 ckpt=2 alpha=0 acc mv=961
PCG_PREP o=287 rebuild=1 drift=0 previous_depth=2
E2_CAP o=287 retry=0 touched=2 ncam=52 raw=7880.9085850194124 capped=42.173692523798742 radius=403.16907370370865 median=0.97191961341097821 global_scale=1
ATTR_RADIUS o=287 raw_norm=7880.9085850194115 norm=42.173692523798742 radius=403.16907370370865 next_radius=403.16907370370865 lambda=9.0771481335264631e-06 next_lambda=9.0771481335264631e-06 rho=0.99988207734116419 accept=1
CLASSICAL_LM o=287 lambda=9.0771481335264631e-06 tau=9.0771481335264631e-06 prediction=4.6337205317224992 rho=0.99988207734116419 accept=1
  MFCG it 288 cost=2.588195e+05 lam=9.077e-06 tau=0.00e+00 cg_it=1 shift=0 ckpt=2 alpha=0 acc mv=964
PCG_PREP o=288 rebuild=1 drift=0 previous_depth=2
E2_CAP o=288 retry=0 touched=2 ncam=52 raw=8076.7851069032085 capped=80.249435922789218 radius=403.16907370370865 median=1.8043723575622814 global_scale=1
ATTR_RADIUS o=288 raw_norm=8076.7851069032085 norm=80.249435922789218 radius=403.16907370370865 next_radius=403.16907370370865 lambda=9.0771481335264631e-06 next_lambda=9.0771481335264631e-06 rho=0.99487113289410056 accept=1
CLASSICAL_LM o=288 lambda=9.0771481335264631e-06 tau=9.0771481335264631e-06 prediction=1.9350810129201113 rho=0.99487113289410056 accept=1
  MFCG it 289 cost=2.588175e+05 lam=9.077e-06 tau=0.00e+00 cg_it=2 shift=0 ckpt=3 alpha=0 acc mv=968
PCG_PREP o=289 rebuild=1 drift=0 previous_depth=3
E2_CAP o=289 retry=0 touched=2 ncam=52 raw=7845.1505740871116 capped=53.922212336062671 radius=403.16907370370865 median=1.1963507627905672 global_scale=1
ATTR_RADIUS o=289 raw_norm=7845.1505740871107 norm=53.922212336062678 radius=403.16907370370865 next_radius=403.16907370370865 lambda=9.0771481335264631e-06 next_lambda=9.0771481335264631e-06 rho=0.99950519321241948 accept=1
CLASSICAL_LM o=289 lambda=9.0771481335264631e-06 tau=9.0771481335264631e-06 prediction=6.9798305107732608 rho=0.99950519321241948 accept=1
  MFCG it 290 cost=2.588106e+05 lam=9.077e-06 tau=0.00e+00 cg_it=1 shift=0 ckpt=2 alpha=0 acc mv=971
PCG_PREP o=290 rebuild=1 drift=0 previous_depth=2
E2_CAP o=290 retry=0 touched=1 ncam=52 raw=8056.7365940111085 capped=70.215906674588737 radius=403.16907370370865 median=1.6691396418318041 global_scale=1
ATTR_RADIUS o=290 raw_norm=8056.7365940111076 norm=70.215906674588737 radius=403.16907370370865 next_radius=403.16907370370865 lambda=9.0771481335264631e-06 next_lambda=9.0771481335264631e-06 rho=0.99508149936319212 accept=1
CLASSICAL_LM o=290 lambda=9.0771481335264631e-06 tau=9.0771481335264631e-06 prediction=1.8593914600937145 rho=0.99508149936319212 accept=1
  MFCG it 291 cost=2.588087e+05 lam=9.077e-06 tau=0.00e+00 cg_it=2 shift=0 ckpt=3 alpha=0 acc mv=975
PCG_PREP o=291 rebuild=1 drift=0 previous_depth=3
E2_CAP o=291 retry=0 touched=2 ncam=52 raw=7824.3789079668441 capped=53.603778961190585 radius=403.16907370370865 median=1.1880238857397436 global_scale=1
ATTR_RADIUS o=291 raw_norm=7824.3789079668441 norm=53.603778961190585 radius=403.16907370370865 next_radius=403.16907370370865 lambda=9.0771481335264631e-06 next_lambda=9.0771481335264631e-06 rho=0.99952561308038745 accept=1
CLASSICAL_LM o=291 lambda=9.0771481335264631e-06 tau=9.0771481335264631e-06 prediction=6.9510406585502373 rho=0.99952561308038745 accept=1
  MFCG it 292 cost=2.588018e+05 lam=9.077e-06 tau=0.00e+00 cg_it=1 shift=0 ckpt=2 alpha=0 acc mv=978
PCG_PREP o=292 rebuild=1 drift=0 previous_depth=2
E2_CAP o=292 retry=0 touched=1 ncam=52 raw=8038.0043361193411 capped=65.732017606259461 radius=403.16907370370865 median=1.6402373650886886 global_scale=1
ATTR_RADIUS o=292 raw_norm=8038.004336119342 norm=65.732017606259461 radius=403.16907370370865 next_radius=403.16907370370865 lambda=9.0771481335264631e-06 next_lambda=9.0771481335264631e-06 rho=0.99594388707897008 accept=1
CLASSICAL_LM o=292 lambda=9.0771481335264631e-06 tau=9.0771481335264631e-06 prediction=2.0141161151064293 rho=0.99594388707897008 accept=1
  MFCG it 293 cost=2.587997e+05 lam=9.077e-06 tau=0.00e+00 cg_it=2 shift=0 ckpt=3 alpha=0 acc mv=982
PCG_PREP o=293 rebuild=1 drift=0 previous_depth=3
E2_CAP o=293 retry=0 touched=2 ncam=52 raw=7804.3677000421912 capped=53.576042960908687 radius=403.16907370370865 median=1.1873982299922474 global_scale=1
ATTR_RADIUS o=293 raw_norm=7804.3677000421931 norm=53.576042960908694 radius=403.16907370370865 next_radius=403.16907370370865 lambda=9.0771481335264631e-06 next_lambda=9.0771481335264631e-06 rho=0.99955560718947889 accept=1
CLASSICAL_LM o=293 lambda=9.0771481335264631e-06 tau=9.0771481335264631e-06 prediction=6.918218235808542 rho=0.99955560718947889 accept=1
  MFCG it 294 cost=2.587928e+05 lam=9.077e-06 tau=0.00e+00 cg_it=1 shift=0 ckpt=2 alpha=0 acc mv=985
PCG_PREP o=294 rebuild=1 drift=0 previous_depth=2
E2_CAP o=294 retry=0 touched=2 ncam=52 raw=7813.9288217374997 capped=41.221980806563742 radius=403.16907370370865 median=0.95010622467636097 global_scale=1
ATTR_RADIUS o=294 raw_norm=7813.9288217374997 norm=41.221980806563742 radius=403.16907370370865 next_radius=403.16907370370865 lambda=9.0771481335264631e-06 next_lambda=9.0771481335264631e-06 rho=0.99988933399154944 accept=1
CLASSICAL_LM o=294 lambda=9.0771481335264631e-06 tau=9.0771481335264631e-06 prediction=4.4542583591653777 rho=0.99988933399154944 accept=1
  MFCG it 295 cost=2.587884e+05 lam=9.077e-06 tau=0.00e+00 cg_it=1 shift=0 ckpt=2 alpha=0 acc mv=988
PCG_PREP o=295 rebuild=1 drift=0 previous_depth=2
E2_CAP o=295 retry=0 touched=2 ncam=52 raw=8015.3964474496843 capped=78.104252059773529 radius=403.16907370370865 median=1.7541440021565804 global_scale=1
ATTR_RADIUS o=295 raw_norm=8015.3964474496843 norm=78.104252059773515 radius=403.16907370370865 next_radius=403.16907370370865 lambda=9.0771481335264631e-06 next_lambda=9.0771481335264631e-06 rho=0.99493261434754809 accept=1
CLASSICAL_LM o=295 lambda=9.0771481335264631e-06 tau=9.0771481335264631e-06 prediction=1.8158391857319311 rho=0.99493261434754809 accept=1
  MFCG it 296 cost=2.587866e+05 lam=9.077e-06 tau=0.00e+00 cg_it=2 shift=0 ckpt=3 alpha=0 acc mv=992
PCG_PREP o=296 rebuild=1 drift=0 previous_depth=3
E2_CAP o=296 retry=0 touched=2 ncam=52 raw=7779.600050418263 capped=52.379496365554182 radius=403.16907370370865 median=1.1601152846813407 global_scale=1
ATTR_RADIUS o=296 raw_norm=7779.6000504182639 norm=52.379496365554168 radius=403.16907370370865 next_radius=403.16907370370865 lambda=9.0771481335264631e-06 next_lambda=9.0771481335264631e-06 rho=0.99952000055085044 accept=1
CLASSICAL_LM o=296 lambda=9.0771481335264631e-06 tau=9.0771481335264631e-06 prediction=6.6756966584111801 rho=0.99952000055085044 accept=1
  MFCG it 297 cost=2.587799e+05 lam=9.077e-06 tau=0.00e+00 cg_it=1 shift=0 ckpt=2 alpha=0 acc mv=995
PCG_PREP o=297 rebuild=1 drift=0 previous_depth=2
E2_CAP o=297 retry=0 touched=1 ncam=52 raw=7995.7789748618998 capped=68.118808119106504 radius=403.16907370370865 median=1.618138127915131 global_scale=1
ATTR_RADIUS o=297 raw_norm=7995.7789748618998 norm=68.118808119106504 radius=403.16907370370865 next_radius=403.16907370370865 lambda=9.0771481335264631e-06 next_lambda=9.0771481335264631e-06 rho=0.99513900036233693 accept=1
CLASSICAL_LM o=297 lambda=9.0771481335264631e-06 tau=9.0771481335264631e-06 prediction=1.7436404059746999 rho=0.99513900036233693 accept=1
  MFCG it 298 cost=2.587782e+05 lam=9.077e-06 tau=0.00e+00 cg_it=2 shift=0 ckpt=3 alpha=0 acc mv=999
PCG_PREP o=298 rebuild=1 drift=0 previous_depth=3
E2_CAP o=298 retry=0 touched=2 ncam=52 raw=7759.8095768811854 capped=51.984833559489211 radius=403.16907370370865 median=1.1498836160992094 global_scale=1
ATTR_RADIUS o=298 raw_norm=7759.8095768811836 norm=51.984833559489225 radius=403.16907370370865 next_radius=403.16907370370865 lambda=9.0771481335264631e-06 next_lambda=9.0771481335264631e-06 rho=0.99953953848513288 accept=1
CLASSICAL_LM o=298 lambda=9.0771481335264631e-06 tau=9.0771481335264631e-06 prediction=6.6399920388041718 rho=0.99953953848513288 accept=1
  MFCG it 299 cost=2.587715e+05 lam=9.077e-06 tau=0.00e+00 cg_it=1 shift=0 ckpt=2 alpha=0 acc mv=1002
PCG_PREP o=299 rebuild=1 drift=0 previous_depth=2
E2_CAP o=299 retry=0 touched=1 ncam=52 raw=7977.5725599961124 capped=63.593560333833288 radius=403.16907370370865 median=1.5820945307079124 global_scale=1
ATTR_RADIUS o=299 raw_norm=7977.5725599961115 norm=63.59356033383331 radius=403.16907370370865 next_radius=403.16907370370865 lambda=9.0771481335264631e-06 next_lambda=9.0771481335264631e-06 rho=0.99597304340095072 accept=1
CLASSICAL_LM o=299 lambda=9.0771481335264631e-06 tau=9.0771481335264631e-06 prediction=1.8661611287815478 rho=0.99597304340095072 accept=1
  MFCG it 300 cost=2.587697e+05 lam=9.077e-06 tau=0.00e+00 cg_it=2 shift=0 ckpt=3 alpha=0 acc mv=1006
PCG_PREP o=300 rebuild=1 drift=0 previous_depth=3
E2_CAP o=300 retry=0 touched=2 ncam=52 raw=7740.8154144935615 capped=52.095685935529325 radius=403.16907370370865 median=1.1527234847859256 global_scale=1
ATTR_RADIUS o=300 raw_norm=7740.8154144935606 norm=52.09568593552931 radius=403.16907370370865 next_radius=403.16907370370865 lambda=9.0771481335264631e-06 next_lambda=9.0771481335264631e-06 rho=0.99956649436109279 accept=1
CLASSICAL_LM o=300 lambda=9.0771481335264631e-06 tau=9.0771481335264631e-06 prediction=6.6240878634361433 rho=0.99956649436109279 accept=1
  MFCG it 301 cost=2.587630e+05 lam=9.077e-06 tau=0.00e+00 cg_it=1 shift=0 ckpt=2 alpha=0 acc mv=1009
PCG_PREP o=301 rebuild=1 drift=0 previous_depth=2
E2_CAP o=301 retry=0 touched=2 ncam=52 raw=7750.2037813668549 capped=40.101313139850951 radius=403.16907370370865 median=0.92409637044572213 global_scale=1
ATTR_RADIUS o=301 raw_norm=7750.2037813668549 norm=40.101313139850959 radius=403.16907370370865 next_radius=403.16907370370865 lambda=9.0771481335264631e-06 next_lambda=9.0771481335264631e-06 rho=0.99989859591066366 accept=1
CLASSICAL_LM o=301 lambda=9.0771481335264631e-06 tau=9.0771481335264631e-06 prediction=4.2667509398113639 rho=0.99989859591066366 accept=1
  MFCG it 302 cost=2.587588e+05 lam=9.077e-06 tau=0.00e+00 cg_it=1 shift=0 ckpt=2 alpha=0 acc mv=1012
PCG_PREP o=302 rebuild=1 drift=0 previous_depth=2
E2_CAP o=302 retry=0 touched=2 ncam=52 raw=7955.675311742546 capped=76.399891570971448 radius=403.16907370370865 median=1.7148437034712387 global_scale=1
ATTR_RADIUS o=302 raw_norm=7955.6753117425451 norm=76.39989157097142 radius=403.16907370370865 next_radius=403.16907370370865 lambda=9.0771481335264631e-06 next_lambda=9.0771481335264631e-06 rho=0.99502028267136988 accept=1
CLASSICAL_LM o=302 lambda=9.0771481335264631e-06 tau=9.0771481335264631e-06 prediction=1.7303140006656803 rho=0.99502028267136988 accept=1
  MFCG it 303 cost=2.587571e+05 lam=9.077e-06 tau=0.00e+00 cg_it=2 shift=0 ckpt=3 alpha=0 acc mv=1016
PCG_PREP o=303 rebuild=1 drift=0 previous_depth=3
E2_CAP o=303 retry=0 touched=2 ncam=52 raw=7717.1908313121921 capped=50.834643049896151 radius=403.16907370370865 median=1.1237790917103196 global_scale=1
ATTR_RADIUS o=303 raw_norm=7717.190831312193 norm=50.834643049896158 radius=403.16907370370865 next_radius=403.16907370370865 lambda=9.0771481335264631e-06 next_lambda=9.0771481335264631e-06 rho=0.99953450520156906 accept=1
CLASSICAL_LM o=303 lambda=9.0771481335264631e-06 tau=9.0771481335264631e-06 prediction=6.3848886379960899 rho=0.99953450520156906 accept=1
  MFCG it 304 cost=2.587507e+05 lam=9.077e-06 tau=0.00e+00 cg_it=1 shift=0 ckpt=2 alpha=0 acc mv=1019
PCG_PREP o=304 rebuild=1 drift=0 previous_depth=2
E2_CAP o=304 retry=0 touched=1 ncam=52 raw=7936.3732440132771 capped=65.943663107096171 radius=403.16907370370865 median=1.5696673732121749 global_scale=1
ATTR_RADIUS o=304 raw_norm=7936.3732440132762 norm=65.943663107096171 radius=403.16907370370865 next_radius=403.16907370370865 lambda=9.0771481335264631e-06 next_lambda=9.0771481335264631e-06 rho=0.99525437500174463 accept=1
CLASSICAL_LM o=304 lambda=9.0771481335264631e-06 tau=9.0771481335264631e-06 prediction=1.6514634689652492 rho=0.99525437500174463 accept=1
  MFCG it 305 cost=2.587490e+05 lam=9.077e-06 tau=0.00e+00 cg_it=2 shift=0 ckpt=3 alpha=0 acc mv=1023
PCG_PREP o=305 rebuild=1 drift=0 previous_depth=3
E2_CAP o=305 retry=0 touched=2 ncam=52 raw=7698.3389287478703 capped=50.818113773470941 radius=403.16907370370865 median=1.1229807515281209 global_scale=1
ATTR_RADIUS o=305 raw_norm=7698.3389287478694 norm=50.818113773470948 radius=403.16907370370865 next_radius=403.16907370370865 lambda=9.0771481335264631e-06 next_lambda=9.0771481335264631e-06 rho=0.99954586498317122 accept=1
CLASSICAL_LM o=305 lambda=9.0771481335264631e-06 tau=9.0771481335264631e-06 prediction=6.3862542043925172 rho=0.99954586498317122 accept=1
  MFCG it 306 cost=2.587427e+05 lam=9.077e-06 tau=0.00e+00 cg_it=1 shift=0 ckpt=2 alpha=0 acc mv=1026
PCG_PREP o=306 rebuild=1 drift=0 previous_depth=2
E2_CAP o=306 retry=0 touched=1 ncam=52 raw=7918.6688767236392 capped=61.833890385931909 radius=403.16907370370865 median=1.5361607171362719 global_scale=1
ATTR_RADIUS o=306 raw_norm=7918.6688767236374 norm=61.833890385931902 radius=403.16907370370865 next_radius=403.16907370370865 lambda=9.0771481335264631e-06 next_lambda=9.0771481335264631e-06 rho=0.9960043984941428 accept=1
CLASSICAL_LM o=306 lambda=9.0771481335264631e-06 tau=9.0771481335264631e-06 prediction=1.7576832369086615 rho=0.9960043984941428 accept=1
  MFCG it 307 cost=2.587409e+05 lam=9.077e-06 tau=0.00e+00 cg_it=2 shift=0 ckpt=3 alpha=0 acc mv=1030
PCG_PREP o=307 rebuild=1 drift=0 previous_depth=3
E2_CAP o=307 retry=0 touched=2 ncam=52 raw=7680.1564492786065 capped=50.787356403953623 radius=403.16907370370865 median=1.1223123261530992 global_scale=1
ATTR_RADIUS o=307 raw_norm=7680.1564492786074 norm=50.78735640395363 radius=403.16907370370865 next_radius=403.16907370370865 lambda=9.0771481335264631e-06 next_lambda=9.0771481335264631e-06 rho=0.99957402010334473 accept=1
CLASSICAL_LM o=307 lambda=9.0771481335264631e-06 tau=9.0771481335264631e-06 prediction=6.3580935027288739 rho=0.99957402010334473 accept=1
  MFCG it 308 cost=2.587345e+05 lam=9.077e-06 tau=0.00e+00 cg_it=1 shift=0 ckpt=2 alpha=0 acc mv=1033
PCG_PREP o=308 rebuild=1 drift=0 previous_depth=2
E2_CAP o=308 retry=0 touched=2 ncam=52 raw=7689.3253253130597 capped=39.056991694440121 radius=403.16907370370865 median=0.89986479937663466 global_scale=1
ATTR_RADIUS o=308 raw_norm=7689.325325313057 norm=39.056991694440114 radius=403.16907370370865 next_radius=403.16907370370865 lambda=9.0771481335264631e-06 next_lambda=9.0771481335264631e-06 rho=0.99990806377894925 accept=1
CLASSICAL_LM o=308 lambda=9.0771481335264631e-06 tau=9.0771481335264631e-06 prediction=4.0933788752578204 rho=0.99990806377894925 accept=1
  MFCG it 309 cost=2.587305e+05 lam=9.077e-06 tau=0.00e+00 cg_it=1 shift=0 ckpt=2 alpha=0 acc mv=1036
PCG_PREP o=309 rebuild=1 drift=0 previous_depth=2
E2_CAP o=309 retry=0 touched=2 ncam=52 raw=7897.3715369223119 capped=74.138657231566569 radius=403.16907370370865 median=1.6617992763974296 global_scale=1
ATTR_RADIUS o=309 raw_norm=7897.37153692231 norm=74.138657231566555 radius=403.16907370370865 next_radius=403.16907370370865 lambda=9.0771481335264631e-06 next_lambda=9.0771481335264631e-06 rho=0.99510273502089641 accept=1
CLASSICAL_LM o=309 lambda=9.0771481335264631e-06 tau=9.0771481335264631e-06 prediction=1.6216966214610298 rho=0.99510273502089641 accept=1
  MFCG it 310 cost=2.587288e+05 lam=9.077e-06 tau=0.00e+00 cg_it=2 shift=0 ckpt=3 alpha=0 acc mv=1040
PCG_PREP o=310 rebuild=1 drift=0 previous_depth=3
E2_CAP o=310 retry=0 touched=2 ncam=52 raw=7657.6806176317177 capped=49.610553696045159 radius=403.16907370370865 median=1.0953814764243255 global_scale=1
ATTR_RADIUS o=310 raw_norm=7657.6806176317177 norm=49.610553696045145 radius=403.16907370370865 next_radius=403.16907370370865 lambda=9.0771481335264631e-06 next_lambda=9.0771481335264631e-06 rho=0.99954580205011023 accept=1
CLASSICAL_LM o=310 lambda=9.0771481335264631e-06 tau=9.0771481335264631e-06 prediction=6.1337474069383422 rho=0.99954580205011023 accept=1
  MFCG it 311 cost=2.587227e+05 lam=9.077e-06 tau=0.00e+00 cg_it=1 shift=0 ckpt=2 alpha=0 acc mv=1043
PCG_PREP o=311 rebuild=1 drift=0 previous_depth=2
E2_CAP o=311 retry=0 touched=1 ncam=52 raw=7878.5027456877806 capped=64.223261648494386 radius=403.16907370370865 median=1.5249855613339549 global_scale=1
ATTR_RADIUS o=311 raw_norm=7878.5027456877806 norm=64.2232616484944 radius=403.16907370370865 next_radius=403.16907370370865 lambda=9.0771481335264631e-06 next_lambda=9.0771481335264631e-06 rho=0.99528682935290214 accept=1
CLASSICAL_LM o=311 lambda=9.0771481335264631e-06 tau=9.0771481335264631e-06 prediction=1.5550102409323154 rho=0.99528682935290214 accept=1
  MFCG it 312 cost=2.587212e+05 lam=9.077e-06 tau=0.00e+00 cg_it=2 shift=0 ckpt=3 alpha=0 acc mv=1047
PCG_PREP o=312 rebuild=1 drift=0 previous_depth=3
E2_CAP o=312 retry=0 touched=2 ncam=52 raw=7639.6056355074888 capped=49.53840884841398 radius=403.16907370370865 median=1.0932486427755248 global_scale=1
ATTR_RADIUS o=312 raw_norm=7639.6056355074879 norm=49.53840884841398 radius=403.16907370370865 next_radius=403.16907370370865 lambda=9.0771481335264631e-06 next_lambda=9.0771481335264631e-06 rho=0.99955611968772351 accept=1
CLASSICAL_LM o=312 lambda=9.0771481335264631e-06 tau=9.0771481335264631e-06 prediction=6.1308069715007569 rho=0.99955611968772351 accept=1
  MFCG it 313 cost=2.587150e+05 lam=9.077e-06 tau=0.00e+00 cg_it=1 shift=0 ckpt=2 alpha=0 acc mv=1050
PCG_PREP o=313 rebuild=1 drift=0 previous_depth=2
E2_CAP o=313 retry=0 touched=2 ncam=52 raw=7648.6396498246249 capped=37.936018331090175 radius=403.16907370370865 median=0.87414025888475066 global_scale=1
ATTR_RADIUS o=313 raw_norm=7648.6396498246258 norm=37.93601833109016 radius=403.16907370370865 next_radius=403.16907370370865 lambda=9.0771481335264631e-06 next_lambda=9.0771481335264631e-06 rho=0.999912406570862 accept=1
CLASSICAL_LM o=313 lambda=9.0771481335264631e-06 tau=9.0771481335264631e-06 prediction=3.926674799129406 rho=0.999912406570862 accept=1
  MFCG it 314 cost=2.587111e+05 lam=9.077e-06 tau=0.00e+00 cg_it=1 shift=0 ckpt=2 alpha=0 acc mv=1053
PCG_PREP o=314 rebuild=1 drift=0 previous_depth=2
E2_CAP o=314 retry=0 touched=2 ncam=52 raw=7856.9020155983608 capped=72.842451948573498 radius=403.16907370370865 median=1.6309463191900837 global_scale=1
ATTR_RADIUS o=314 raw_norm=7856.9020155983608 norm=72.842451948573512 radius=403.16907370370865 next_radius=403.16907370370865 lambda=9.0771481335264631e-06 next_lambda=9.0771481335264631e-06 rho=0.995089094938436 accept=1
CLASSICAL_LM o=314 lambda=9.0771481335264631e-06 tau=9.0771481335264631e-06 prediction=1.5610095133906012 rho=0.995089094938436 accept=1
  MFCG it 315 cost=2.587096e+05 lam=9.077e-06 tau=0.00e+00 cg_it=2 shift=0 ckpt=3 alpha=0 acc mv=1057
PCG_PREP o=315 rebuild=1 drift=0 previous_depth=3
E2_CAP o=315 retry=0 touched=2 ncam=52 raw=7617.8253628089915 capped=48.470731525786732 radius=403.16907370370865 median=1.0685482402183086 global_scale=1
ATTR_RADIUS o=315 raw_norm=7617.8253628089915 norm=48.470731525786725 radius=403.16907370370865 next_radius=403.16907370370865 lambda=9.0771481335264631e-06 next_lambda=9.0771481335264631e-06 rho=0.99955084290183438 accept=1
CLASSICAL_LM o=315 lambda=9.0771481335264631e-06 tau=9.0771481335264631e-06 prediction=5.9232801752318469 rho=0.99955084290183438 accept=1
  MFCG it 316 cost=2.587036e+05 lam=9.077e-06 tau=0.00e+00 cg_it=1 shift=0 ckpt=2 alpha=0 acc mv=1060
PCG_PREP o=316 rebuild=1 drift=0 previous_depth=2
E2_CAP o=316 retry=0 touched=1 ncam=52 raw=7838.3932089356285 capped=63.371528264195618 radius=403.16907370370865 median=1.4831770215156088 global_scale=1
ATTR_RADIUS o=316 raw_norm=7838.3932089356276 norm=63.371528264195625 radius=403.16907370370865 next_radius=403.16907370370865 lambda=9.0771481335264631e-06 next_lambda=9.0771481335264631e-06 rho=0.99505314655850852 accept=1
CLASSICAL_LM o=316 lambda=9.0771481335264631e-06 tau=9.0771481335264631e-06 prediction=1.4278848021943922 rho=0.99505314655850852 accept=1
  MFCG it 317 cost=2.587022e+05 lam=9.077e-06 tau=0.00e+00 cg_it=2 shift=0 ckpt=3 alpha=0 acc mv=1064
PCG_PREP o=317 rebuild=1 drift=0 previous_depth=3
E2_CAP o=317 retry=0 touched=2 ncam=52 raw=7600.2739711897539 capped=48.549292527822963 radius=403.16907370370865 median=1.0702577301635192 global_scale=1
ATTR_RADIUS o=317 raw_norm=7600.273971189752 norm=48.549292527822985 radius=403.16907370370865 next_radius=403.16907370370865 lambda=9.0771481335264631e-06 next_lambda=9.0771481335264631e-06 rho=0.9995542969015947 accept=1
CLASSICAL_LM o=317 lambda=9.0771481335264631e-06 tau=9.0771481335264631e-06 prediction=5.9407527347548488 rho=0.9995542969015947 accept=1
  MFCG it 318 cost=2.586963e+05 lam=9.077e-06 tau=0.00e+00 cg_it=1 shift=0 ckpt=2 alpha=0 acc mv=1067
PCG_PREP o=318 rebuild=1 drift=0 previous_depth=2
E2_CAP o=318 retry=0 touched=1 ncam=52 raw=7821.4642262838606 capped=59.037681315654019 radius=403.16907370370865 median=1.454295810504352 global_scale=1
ATTR_RADIUS o=318 raw_norm=7821.4642262838606 norm=59.037681315654012 radius=403.16907370370865 next_radius=403.16907370370865 lambda=9.0771481335264631e-06 next_lambda=9.0771481335264631e-06 rho=0.99599032210257343 accept=1
CLASSICAL_LM o=318 lambda=9.0771481335264631e-06 tau=9.0771481335264631e-06 prediction=1.5642179308296387 rho=0.99599032210257343 accept=1
  MFCG it 319 cost=2.586947e+05 lam=9.077e-06 tau=0.00e+00 cg_it=2 shift=0 ckpt=3 alpha=0 acc mv=1071
PCG_PREP o=319 rebuild=1 drift=0 previous_depth=3
E2_CAP o=319 retry=0 touched=2 ncam=52 raw=7583.3677090760075 capped=48.634666378659432 radius=403.16907370370865 median=1.0724383682359586 global_scale=1
ATTR_RADIUS o=319 raw_norm=7583.3677090760084 norm=48.634666378659432 radius=403.16907370370865 next_radius=403.16907370370865 lambda=9.0771481335264631e-06 next_lambda=9.0771481335264631e-06 rho=0.99958117132782687 accept=1
CLASSICAL_LM o=319 lambda=9.0771481335264631e-06 tau=9.0771481335264631e-06 prediction=5.9283144527022378 rho=0.99958117132782687 accept=1
  MFCG it 320 cost=2.586888e+05 lam=9.077e-06 tau=0.00e+00 cg_it=1 shift=0 ckpt=2 alpha=0 acc mv=1074
PCG_PREP o=320 rebuild=1 drift=0 previous_depth=2
E2_CAP o=320 retry=0 touched=2 ncam=52 raw=7592.129459542115 capped=37.285603153448243 radius=403.16907370370865 median=0.85882498981897348 global_scale=1
ATTR_RADIUS o=320 raw_norm=7592.1294595421132 norm=37.285603153448243 radius=403.16907370370865 next_radius=403.16907370370865 lambda=9.0771481335264631e-06 next_lambda=9.0771481335264631e-06 rho=0.99991997984663605 accept=1
CLASSICAL_LM o=320 lambda=9.0771481335264631e-06 tau=9.0771481335264631e-06 prediction=3.8083912528917199 rho=0.99991997984663605 accept=1
  MFCG it 321 cost=2.586850e+05 lam=9.077e-06 tau=0.00e+00 cg_it=1 shift=0 ckpt=2 alpha=0 acc mv=1077
PCG_PREP o=321 rebuild=1 drift=0 previous_depth=2
E2_CAP o=321 retry=0 touched=2 ncam=52 raw=7801.2583100718721 capped=70.8549716303921 radius=403.16907370370865 median=1.5850893657864833 global_scale=1
ATTR_RADIUS o=321 raw_norm=7801.2583100718748 norm=70.8549716303921 radius=403.16907370370865 next_radius=403.16907370370865 lambda=9.0771481335264631e-06 next_lambda=9.0771481335264631e-06 rho=0.99524408814372234 accept=1
CLASSICAL_LM o=321 lambda=9.0771481335264631e-06 tau=9.0771481335264631e-06 prediction=1.4808368593117383 rho=0.99524408814372234 accept=1
  MFCG it 322 cost=2.586835e+05 lam=9.077e-06 tau=0.00e+00 cg_it=2 shift=0 ckpt=3 alpha=0 acc mv=1081
PCG_PREP o=322 rebuild=1 drift=0 previous_depth=3
E2_CAP o=322 retry=0 touched=2 ncam=52 raw=7562.520785934883 capped=47.278232005346908 radius=403.16907370370865 median=1.040791756759883 global_scale=1
ATTR_RADIUS o=322 raw_norm=7562.520785934883 norm=47.278232005346908 radius=403.16907370370865 next_radius=403.16907370370865 lambda=9.0771481335264631e-06 next_lambda=9.0771481335264631e-06 rho=0.99956502737898389 accept=1
CLASSICAL_LM o=322 lambda=9.0771481335264631e-06 tau=9.0771481335264631e-06 prediction=5.698744831022065 rho=0.99956502737898389 accept=1
  MFCG it 323 cost=2.586778e+05 lam=9.077e-06 tau=0.00e+00 cg_it=1 shift=0 ckpt=2 alpha=0 acc mv=1084
PCG_PREP o=323 rebuild=1 drift=0 previous_depth=2
E2_CAP o=323 retry=0 touched=1 ncam=52 raw=7783.134362346691 capped=61.056733987591265 radius=403.16907370370865 median=1.4362687249111017 global_scale=1
ATTR_RADIUS o=323 raw_norm=7783.1343623466919 norm=61.056733987591272 radius=403.16907370370865 next_radius=403.16907370370865 lambda=9.0771481335264631e-06 next_lambda=9.0771481335264631e-06 rho=0.99525932673125306 accept=1
CLASSICAL_LM o=323 lambda=9.0771481335264631e-06 tau=9.0771481335264631e-06 prediction=1.3654793518661896 rho=0.99525932673125306 accept=1
  MFCG it 324 cost=2.586765e+05 lam=9.077e-06 tau=0.00e+00 cg_it=2 shift=0 ckpt=3 alpha=0 acc mv=1088
PCG_PREP o=324 rebuild=1 drift=0 previous_depth=3
E2_CAP o=324 retry=0 touched=2 ncam=52 raw=7874.371999488003 capped=39.541105466057154 radius=403.16907370370865 median=0.82200831796944596 global_scale=1
ATTR_RADIUS o=324 raw_norm=7874.3719994880039 norm=39.541105466057154 radius=403.16907370370865 next_radius=403.16907370370865 lambda=9.0771481335264631e-06 next_lambda=9.0771481335264631e-06 rho=0.99946752285935836 accept=1
CLASSICAL_LM o=324 lambda=9.0771481335264631e-06 tau=9.0771481335264631e-06 prediction=5.6626244988029111 rho=0.99946752285935836 accept=1
  MFCG it 325 cost=2.586708e+05 lam=9.077e-06 tau=0.00e+00 cg_it=0 shift=0 ckpt=1 alpha=0 acc mv=1090
PCG_PREP o=325 rebuild=1 drift=0 previous_depth=1
E2_CAP o=325 retry=0 touched=1 ncam=52 raw=7766.8175559810006 capped=61.138808511750142 radius=403.16907370370865 median=1.6098165986496484 global_scale=1
ATTR_RADIUS o=325 raw_norm=7766.8175559810006 norm=61.138808511750156 radius=403.16907370370865 next_radius=403.16907370370865 lambda=9.0771481335264631e-06 next_lambda=9.0771481335264631e-06 rho=0.99395760533871502 accept=1
CLASSICAL_LM o=325 lambda=9.0771481335264631e-06 tau=9.0771481335264631e-06 prediction=1.4110237185662287 rho=0.99395760533871502 accept=1
  MFCG it 326 cost=2.586694e+05 lam=9.077e-06 tau=0.00e+00 cg_it=2 shift=0 ckpt=3 alpha=0 acc mv=1094
PCG_PREP o=326 rebuild=1 drift=0 previous_depth=3
E2_CAP o=326 retry=0 touched=2 ncam=52 raw=7528.3511581673083 capped=47.843428821423736 radius=403.16907370370865 median=1.0540836712830046 global_scale=1
ATTR_RADIUS o=326 raw_norm=7528.3511581673092 norm=47.84342882142375 radius=403.16907370370865 next_radius=403.16907370370865 lambda=9.0771481335264631e-06 next_lambda=9.0771481335264631e-06 rho=0.99957645780255622 accept=1
CLASSICAL_LM o=326 lambda=9.0771481335264631e-06 tau=9.0771481335264631e-06 prediction=5.7249478831757994 rho=0.99957645780255622 accept=1
  MFCG it 327 cost=2.586637e+05 lam=9.077e-06 tau=0.00e+00 cg_it=1 shift=0 ckpt=2 alpha=0 acc mv=1097
PCG_PREP o=327 rebuild=1 drift=0 previous_depth=2
E2_CAP o=327 retry=0 touched=1 ncam=52 raw=7750.8437771099307 capped=56.185597988597173 radius=403.16907370370865 median=1.4429628053919257 global_scale=1
ATTR_RADIUS o=327 raw_norm=7750.8437771099307 norm=56.185597988597181 radius=403.16907370370865 next_radius=403.16907370370865 lambda=9.0771481335264631e-06 next_lambda=9.0771481335264631e-06 rho=0.99645620228261333 accept=1
CLASSICAL_LM o=327 lambda=9.0771481335264631e-06 tau=9.0771481335264631e-06 prediction=1.6621433243635331 rho=0.99645620228261333 accept=1
  MFCG it 328 cost=2.586620e+05 lam=9.077e-06 tau=0.00e+00 cg_it=2 shift=0 ckpt=3 alpha=0 acc mv=1101
PCG_PREP o=328 rebuild=1 drift=0 previous_depth=3
E2_CAP o=328 retry=0 touched=2 ncam=52 raw=7847.6605466517667 capped=39.277071580584774 radius=403.16907370370865 median=0.81863290202629546 global_scale=1
ATTR_RADIUS o=328 raw_norm=7847.6605466517676 norm=39.277071580584774 radius=403.16907370370865 next_radius=403.16907370370865 lambda=9.0771481335264631e-06 next_lambda=9.0771481335264631e-06 rho=0.99945953554348399 accept=1
CLASSICAL_LM o=328 lambda=9.0771481335264631e-06 tau=9.0771481335264631e-06 prediction=5.5483893318068231 rho=0.99945953554348399 accept=1
  MFCG it 329 cost=2.586565e+05 lam=9.077e-06 tau=0.00e+00 cg_it=0 shift=0 ckpt=1 alpha=0 acc mv=1103
PCG_PREP o=329 rebuild=1 drift=0 previous_depth=1
E2_CAP o=329 retry=0 touched=1 ncam=52 raw=7735.3726941964414 capped=59.148575538184858 radius=403.16907370370865 median=1.5839851582759037 global_scale=1
ATTR_RADIUS o=329 raw_norm=7735.3726941964396 norm=59.148575538184843 radius=403.16907370370865 next_radius=403.16907370370865 lambda=9.0771481335264631e-06 next_lambda=9.0771481335264631e-06 rho=0.99443291828410019 accept=1
CLASSICAL_LM o=329 lambda=9.0771481335264631e-06 tau=9.0771481335264631e-06 prediction=1.42795518329436 rho=0.99443291828410019 accept=1
  MFCG it 330 cost=2.586550e+05 lam=9.077e-06 tau=0.00e+00 cg_it=2 shift=0 ckpt=3 alpha=0 acc mv=1107
PCG_PREP o=330 rebuild=1 drift=0 previous_depth=3
E2_CAP o=330 retry=0 touched=2 ncam=52 raw=7837.8459039976815 capped=40.54171359119276 radius=403.16907370370865 median=0.85432105296905547 global_scale=1
ATTR_RADIUS o=330 raw_norm=7837.8459039976824 norm=40.54171359119276 radius=403.16907370370865 next_radius=403.16907370370865 lambda=9.0771481335264631e-06 next_lambda=9.0771481335264631e-06 rho=0.99933774991331725 accept=1
CLASSICAL_LM o=330 lambda=9.0771481335264631e-06 tau=9.0771481335264631e-06 prediction=5.6083457033877169 rho=0.99933774991331725 accept=1
  MFCG it 331 cost=2.586494e+05 lam=9.077e-06 tau=0.00e+00 cg_it=0 shift=0 ckpt=1 alpha=0 acc mv=1109
PCG_PREP o=331 rebuild=1 drift=0 previous_depth=1
E2_CAP o=331 retry=0 touched=1 ncam=52 raw=7719.5631937235448 capped=59.153428296184416 radius=403.16907370370865 median=1.6122406394615054 global_scale=1
ATTR_RADIUS o=331 raw_norm=7719.5631937235466 norm=59.153428296184423 radius=403.16907370370865 next_radius=403.16907370370865 lambda=9.0771481335264631e-06 next_lambda=9.0771481335264631e-06 rho=0.99477537143403549 accept=1
CLASSICAL_LM o=331 lambda=9.0771481335264631e-06 tau=9.0771481335264631e-06 prediction=1.5515015587897376 rho=0.99477537143403549 accept=1
  MFCG it 332 cost=2.586479e+05 lam=9.077e-06 tau=0.00e+00 cg_it=2 shift=0 ckpt=3 alpha=0 acc mv=1113
PCG_PREP o=332 rebuild=1 drift=0 previous_depth=3
E2_CAP o=332 retry=0 touched=2 ncam=52 raw=7825.9394477625465 capped=40.323807982918588 radius=403.16907370370865 median=0.8506544637559158 global_scale=1
ATTR_RADIUS o=332 raw_norm=7825.9394477625456 norm=40.323807982918588 radius=403.16907370370865 next_radius=403.16907370370865 lambda=9.0771481335264631e-06 next_lambda=9.0771481335264631e-06 rho=0.99931733867333816 accept=1
CLASSICAL_LM o=332 lambda=9.0771481335264631e-06 tau=9.0771481335264631e-06 prediction=5.5295355039377174 rho=0.99931733867333816 accept=1
  MFCG it 333 cost=2.586424e+05 lam=9.077e-06 tau=0.00e+00 cg_it=0 shift=0 ckpt=1 alpha=0 acc mv=1115
PCG_PREP o=333 rebuild=1 drift=0 previous_depth=1
E2_CAP o=333 retry=0 touched=1 ncam=52 raw=7703.6640297139975 capped=58.673797002885138 radius=403.16907370370865 median=1.6049428914333861 global_scale=1
ATTR_RADIUS o=333 raw_norm=7703.6640297139966 norm=58.673797002885145 radius=403.16907370370865 next_radius=403.16907370370865 lambda=9.0771481335264631e-06 next_lambda=9.0771481335264631e-06 rho=0.99487466803026203 accept=1
CLASSICAL_LM o=333 lambda=9.0771481335264631e-06 tau=9.0771481335264631e-06 prediction=1.5563814102860363 rho=0.99487466803026203 accept=1
  MFCG it 334 cost=2.586408e+05 lam=9.077e-06 tau=0.00e+00 cg_it=2 shift=0 ckpt=3 alpha=0 acc mv=1119
PCG_PREP o=334 rebuild=1 drift=0 previous_depth=3
E2_CAP o=334 retry=0 touched=2 ncam=52 raw=7813.1669190990042 capped=40.042841911813738 radius=403.16907370370865 median=0.8450563501662991 global_scale=1
ATTR_RADIUS o=334 raw_norm=7813.1669190990033 norm=40.042841911813731 radius=403.16907370370865 next_radius=403.16907370370865 lambda=9.0771481335264631e-06 next_lambda=9.0771481335264631e-06 rho=0.99930689956462915 accept=1
CLASSICAL_LM o=334 lambda=9.0771481335264631e-06 tau=9.0771481335264631e-06 prediction=5.4524809669833605 rho=0.99930689956462915 accept=1
  MFCG it 335 cost=2.586354e+05 lam=9.077e-06 tau=0.00e+00 cg_it=0 shift=0 ckpt=1 alpha=0 acc mv=1121
PCG_PREP o=335 rebuild=1 drift=0 previous_depth=1
E2_CAP o=335 retry=0 touched=1 ncam=52 raw=7687.8801645975882 capped=57.763897895505281 radius=403.16907370370865 median=1.5762436181979962 global_scale=1
ATTR_RADIUS o=335 raw_norm=7687.8801645975882 norm=57.763897895505295 radius=403.16907370370865 next_radius=403.16907370370865 lambda=9.0771481335264631e-06 next_lambda=9.0771481335264631e-06 rho=0.99479874394345369 accept=1
CLASSICAL_LM o=335 lambda=9.0771481335264631e-06 tau=9.0771481335264631e-06 prediction=1.4915613526016043 rho=0.99479874394345369 accept=1
  MFCG it 336 cost=2.586339e+05 lam=9.077e-06 tau=0.00e+00 cg_it=2 shift=0 ckpt=3 alpha=0 acc mv=1125
PCG_PREP o=336 rebuild=1 drift=0 previous_depth=3
E2_CAP o=336 retry=0 touched=2 ncam=52 raw=7800.0045860524924 capped=39.764415923768745 radius=403.16907370370865 median=0.83936766690665421 global_scale=1
ATTR_RADIUS o=336 raw_norm=7800.0045860524924 norm=39.764415923768738 radius=403.16907370370865 next_radius=403.16907370370865 lambda=9.0771481335264631e-06 next_lambda=9.0771481335264631e-06 rho=0.99930077466845768 accept=1
CLASSICAL_LM o=336 lambda=9.0771481335264631e-06 tau=9.0771481335264631e-06 prediction=5.3805379543195002 rho=0.99930077466845768 accept=1
  MFCG it 337 cost=2.586285e+05 lam=9.077e-06 tau=0.00e+00 cg_it=0 shift=0 ckpt=1 alpha=0 acc mv=1127
PCG_PREP o=337 rebuild=1 drift=0 previous_depth=1
E2_CAP o=337 retry=0 touched=1 ncam=52 raw=7672.3089280212498 capped=56.843062056741182 radius=403.16907370370865 median=1.5459450614779935 global_scale=1
ATTR_RADIUS o=337 raw_norm=7672.3089280212489 norm=56.843062056741189 radius=403.16907370370865 next_radius=403.16907370370865 lambda=9.0771481335264631e-06 next_lambda=9.0771481335264631e-06 rho=0.99472571287945133 accept=1
CLASSICAL_LM o=337 lambda=9.0771481335264631e-06 tau=9.0771481335264631e-06 prediction=1.4196245737357955 rho=0.99472571287945133 accept=1
  MFCG it 338 cost=2.586271e+05 lam=9.077e-06 tau=0.00e+00 cg_it=2 shift=0 ckpt=3 alpha=0 acc mv=1131
PCG_PREP o=338 rebuild=1 drift=0 previous_depth=3
E2_CAP o=338 retry=0 touched=2 ncam=52 raw=7786.6109065704522 capped=39.47084620447766 radius=403.16907370370865 median=0.83322088709838504 global_scale=1
ATTR_RADIUS o=338 raw_norm=7786.6109065704522 norm=39.47084620447766 radius=403.16907370370865 next_radius=403.16907370370865 lambda=9.0771481335264631e-06 next_lambda=9.0771481335264631e-06 rho=0.9993139172997294 accept=1
CLASSICAL_LM o=338 lambda=9.0771481335264631e-06 tau=9.0771481335264631e-06 prediction=5.311088931930577 rho=0.9993139172997294 accept=1
  MFCG it 339 cost=2.586218e+05 lam=9.077e-06 tau=0.00e+00 cg_it=0 shift=0 ckpt=1 alpha=0 acc mv=1133
PCG_PREP o=339 rebuild=1 drift=0 previous_depth=1
E2_CAP o=339 retry=0 touched=1 ncam=52 raw=7656.9402349831389 capped=55.865469472459644 radius=403.16907370370865 median=1.5132156207919905 global_scale=1
ATTR_RADIUS o=339 raw_norm=7656.9402349831389 norm=55.865469472459637 radius=403.16907370370865 next_radius=403.16907370370865 lambda=9.0771481335264631e-06 next_lambda=9.0771481335264631e-06 rho=0.9946033254157246 accept=1
CLASSICAL_LM o=339 lambda=9.0771481335264631e-06 tau=9.0771481335264631e-06 prediction=1.339784668388758 rho=0.9946033254157246 accept=1
  MFCG it 340 cost=2.586205e+05 lam=9.077e-06 tau=0.00e+00 cg_it=2 shift=0 ckpt=3 alpha=0 acc mv=1137
PCG_PREP o=340 rebuild=1 drift=0 previous_depth=3
E2_CAP o=340 retry=0 touched=2 ncam=52 raw=7773.1043472558231 capped=39.012492622883322 radius=403.16907370370865 median=0.82257107120059103 global_scale=1
ATTR_RADIUS o=340 raw_norm=7773.1043472558249 norm=39.012492622883329 radius=403.16907370370865 next_radius=403.16907370370865 lambda=9.0771481335264631e-06 next_lambda=9.0771481335264631e-06 rho=0.9993081280749545 accept=1
CLASSICAL_LM o=340 lambda=9.0771481335264631e-06 tau=9.0771481335264631e-06 prediction=5.2304325990971954 rho=0.9993081280749545 accept=1
  MFCG it 341 cost=2.586152e+05 lam=9.077e-06 tau=0.00e+00 cg_it=0 shift=0 ckpt=1 alpha=0 acc mv=1139
PCG_PREP o=341 rebuild=1 drift=0 previous_depth=1
E2_CAP o=341 retry=0 touched=1 ncam=52 raw=7641.8202889361382 capped=55.153289488472801 radius=403.16907370370865 median=1.4926958632062561 global_scale=1
ATTR_RADIUS o=341 raw_norm=7641.8202889361382 norm=55.153289488472787 radius=403.16907370370865 next_radius=403.16907370370865 lambda=9.0771481335264631e-06 next_lambda=9.0771481335264631e-06 rho=0.99458961434248327 accept=1
CLASSICAL_LM o=341 lambda=9.0771481335264631e-06 tau=9.0771481335264631e-06 prediction=1.2985624049397453 rho=0.99458961434248327 accept=1
  MFCG it 342 cost=2.586139e+05 lam=9.077e-06 tau=0.00e+00 cg_it=2 shift=0 ckpt=3 alpha=0 acc mv=1143
PCG_PREP o=342 rebuild=1 drift=0 previous_depth=3
E2_CAP o=342 retry=0 touched=2 ncam=52 raw=7759.5074223865577 capped=38.752641946760036 radius=403.16907370370865 median=0.81715066879101861 global_scale=1
ATTR_RADIUS o=342 raw_norm=7759.5074223865577 norm=38.752641946760036 radius=403.16907370370865 next_radius=403.16907370370865 lambda=9.0771481335264631e-06 next_lambda=9.0771481335264631e-06 rho=0.99932115904486696 accept=1
CLASSICAL_LM o=342 lambda=9.0771481335264631e-06 tau=9.0771481335264631e-06 prediction=5.1696474136449373 rho=0.99932115904486696 accept=1
  MFCG it 343 cost=2.586088e+05 lam=9.077e-06 tau=0.00e+00 cg_it=0 shift=0 ckpt=1 alpha=0 acc mv=1145
PCG_PREP o=343 rebuild=1 drift=0 previous_depth=1
E2_CAP o=343 retry=0 touched=1 ncam=52 raw=7626.8503338498385 capped=54.374762399653157 radius=403.16907370370865 median=1.4678496395169747 global_scale=1
ATTR_RADIUS o=343 raw_norm=7626.8503338498385 norm=54.374762399653129 radius=403.16907370370865 next_radius=403.16907370370865 lambda=9.0771481335264631e-06 next_lambda=9.0771481335264631e-06 rho=0.99446723355418321 accept=1
CLASSICAL_LM o=343 lambda=9.0771481335264631e-06 tau=9.0771481335264631e-06 prediction=1.2411953521674786 rho=0.99446723355418321 accept=1
  MFCG it 344 cost=2.586075e+05 lam=9.077e-06 tau=0.00e+00 cg_it=2 shift=0 ckpt=3 alpha=0 acc mv=1149
PCG_PREP o=344 rebuild=1 drift=0 previous_depth=3
E2_CAP o=344 retry=0 touched=2 ncam=52 raw=7745.8561463932874 capped=38.798846069930306 radius=403.16907370370865 median=0.81959660932006484 global_scale=1
ATTR_RADIUS o=344 raw_norm=7745.8561463932883 norm=38.798846069930306 radius=403.16907370370865 next_radius=403.16907370370865 lambda=9.0771481335264631e-06 next_lambda=9.0771481335264631e-06 rho=0.99929730137553063 accept=1
CLASSICAL_LM o=344 lambda=9.0771481335264631e-06 tau=9.0771481335264631e-06 prediction=5.1377824702628585 rho=0.99929730137553063 accept=1
  MFCG it 345 cost=2.586024e+05 lam=9.077e-06 tau=0.00e+00 cg_it=0 shift=0 ckpt=1 alpha=0 acc mv=1151
PCG_PREP o=345 rebuild=1 drift=0 previous_depth=1
E2_CAP o=345 retry=0 touched=1 ncam=52 raw=7612.0155675050783 capped=53.975226647787004 radius=403.16907370370865 median=1.4560846520125015 global_scale=1
ATTR_RADIUS o=345 raw_norm=7612.0155675050783 norm=53.975226647787039 radius=403.16907370370865 next_radius=403.16907370370865 lambda=9.0771481335264631e-06 next_lambda=9.0771481335264631e-06 rho=0.99445116386670729 accept=1
CLASSICAL_LM o=345 lambda=9.0771481335264631e-06 tau=9.0771481335264631e-06 prediction=1.2168583165899423 rho=0.99445116386670729 accept=1
  MFCG it 346 cost=2.586012e+05 lam=9.077e-06 tau=0.00e+00 cg_it=2 shift=0 ckpt=3 alpha=0 acc mv=1155
PCG_PREP o=346 rebuild=1 drift=0 previous_depth=3
E2_CAP o=346 retry=0 touched=2 ncam=52 raw=7732.0557639071321 capped=38.021943206622716 radius=403.16907370370865 median=0.80048370207703035 global_scale=1
ATTR_RADIUS o=346 raw_norm=7732.0557639071321 norm=38.021943206622709 radius=403.16907370370865 next_radius=403.16907370370865 lambda=9.0771481335264631e-06 next_lambda=9.0771481335264631e-06 rho=0.99932240273033379 accept=1
CLASSICAL_LM o=346 lambda=9.0771481335264631e-06 tau=9.0771481335264631e-06 prediction=5.0358602175965377 rho=0.99932240273033379 accept=1
  MFCG it 347 cost=2.585962e+05 lam=9.077e-06 tau=0.00e+00 cg_it=0 shift=0 ckpt=1 alpha=0 acc mv=1157
PCG_PREP o=347 rebuild=1 drift=0 previous_depth=1
E2_CAP o=347 retry=0 touched=1 ncam=52 raw=7597.3304543650456 capped=52.964161967036262 radius=403.16907370370865 median=1.4254388284502657 global_scale=1
ATTR_RADIUS o=347 raw_norm=7597.3304543650456 norm=52.96416196703624 radius=403.16907370370865 next_radius=403.16907370370865 lambda=9.0771481335264631e-06 next_lambda=9.0771481335264631e-06 rho=0.99437457181746214 accept=1
CLASSICAL_LM o=347 lambda=9.0771481335264631e-06 tau=9.0771481335264631e-06 prediction=1.1503513174297944 rho=0.99437457181746214 accept=1
  MFCG it 348 cost=2.585950e+05 lam=9.077e-06 tau=0.00e+00 cg_it=2 shift=0 ckpt=3 alpha=0 acc mv=1161
PCG_PREP o=348 rebuild=1 drift=0 previous_depth=3
E2_CAP o=348 retry=0 touched=2 ncam=52 raw=7718.4342417207527 capped=37.795710372857059 radius=403.16907370370865 median=0.79578622092813367 global_scale=1
ATTR_RADIUS o=348 raw_norm=7718.4342417207527 norm=37.795710372857066 radius=403.16907370370865 next_radius=403.16907370370865 lambda=9.0771481335264631e-06 next_lambda=9.0771481335264631e-06 rho=0.99933062483179913 accept=1
CLASSICAL_LM o=348 lambda=9.0771481335264631e-06 tau=9.0771481335264631e-06 prediction=4.983876019100749 rho=0.99933062483179913 accept=1
  MFCG it 349 cost=2.585900e+05 lam=9.077e-06 tau=0.00e+00 cg_it=0 shift=0 ckpt=1 alpha=0 acc mv=1163
PCG_PREP o=349 rebuild=1 drift=0 previous_depth=1
E2_CAP o=349 retry=0 touched=1 ncam=52 raw=7582.8682789982249 capped=52.336758230014837 radius=403.16907370370865 median=1.407116144832802 global_scale=1
ATTR_RADIUS o=349 raw_norm=7582.8682789982249 norm=52.336758230014851 radius=403.16907370370865 next_radius=403.16907370370865 lambda=9.0771481335264631e-06 next_lambda=9.0771481335264631e-06 rho=0.99432215429847559 accept=1
CLASSICAL_LM o=349 lambda=9.0771481335264631e-06 tau=9.0771481335264631e-06 prediction=1.1128166984918897 rho=0.99432215429847559 accept=1
  MFCG it 350 cost=2.585889e+05 lam=9.077e-06 tau=0.00e+00 cg_it=2 shift=0 ckpt=3 alpha=0 acc mv=1167
PCG_PREP o=350 rebuild=1 drift=0 previous_depth=3
E2_CAP o=350 retry=0 touched=2 ncam=52 raw=7704.795476558862 capped=37.42530957786488 radius=403.16907370370865 median=0.78719113732714052 global_scale=1
ATTR_RADIUS o=350 raw_norm=7704.7954765588602 norm=37.425309577864873 radius=403.16907370370865 next_radius=403.16907370370865 lambda=9.0771481335264631e-06 next_lambda=9.0771481335264631e-06 rho=0.99932790062738752 accept=1
CLASSICAL_LM o=350 lambda=9.0771481335264631e-06 tau=9.0771481335264631e-06 prediction=4.920822605923818 rho=0.99932790062738752 accept=1
  MFCG it 351 cost=2.585840e+05 lam=9.077e-06 tau=0.00e+00 cg_it=0 shift=0 ckpt=1 alpha=0 acc mv=1169
PCG_PREP o=351 rebuild=1 drift=0 previous_depth=1
E2_CAP o=351 retry=0 touched=1 ncam=52 raw=7568.5672382543071 capped=51.829829223434075 radius=403.16907370370865 median=1.3942762298032445 global_scale=1
ATTR_RADIUS o=351 raw_norm=7568.5672382543071 norm=51.829829223434047 radius=403.16907370370865 next_radius=403.16907370370865 lambda=9.0771481335264631e-06 next_lambda=9.0771481335264631e-06 rho=0.99433917846407183 accept=1
CLASSICAL_LM o=351 lambda=9.0771481335264631e-06 tau=9.0771481335264631e-06 prediction=1.0927251310782187 rho=0.99433917846407183 accept=1
  MFCG it 352 cost=2.585829e+05 lam=9.077e-06 tau=0.00e+00 cg_it=2 shift=0 ckpt=3 alpha=0 acc mv=1173
PCG_PREP o=352 rebuild=1 drift=0 previous_depth=3
E2_CAP o=352 retry=0 touched=2 ncam=52 raw=7691.170513417972 capped=37.262507039519413 radius=403.16907370370865 median=0.78410783294316522 global_scale=1
ATTR_RADIUS o=352 raw_norm=7691.1705134179747 norm=37.262507039519413 radius=403.16907370370865 next_radius=403.16907370370865 lambda=9.0771481335264631e-06 next_lambda=9.0771481335264631e-06 rho=0.99933722326759666 accept=1
CLASSICAL_LM o=352 lambda=9.0771481335264631e-06 tau=9.0771481335264631e-06 prediction=4.8769195559128704 rho=0.99933722326759666 accept=1
  MFCG it 353 cost=2.585781e+05 lam=9.077e-06 tau=0.00e+00 cg_it=0 shift=0 ckpt=1 alpha=0 acc mv=1175
PCG_PREP o=353 rebuild=1 drift=0 previous_depth=1
E2_CAP o=353 retry=0 touched=1 ncam=52 raw=7554.3669786587488 capped=51.250733952644879 radius=403.16907370370865 median=1.3765788041034712 global_scale=1
ATTR_RADIUS o=353 raw_norm=7554.3669786587452 norm=51.250733952644879 radius=403.16907370370865 next_radius=403.16907370370865 lambda=9.0771481335264631e-06 next_lambda=9.0771481335264631e-06 rho=0.99427184189561502 accept=1
CLASSICAL_LM o=353 lambda=9.0771481335264631e-06 tau=9.0771481335264631e-06 prediction=1.0552144826976173 rho=0.99427184189561502 accept=1
  MFCG it 354 cost=2.585770e+05 lam=9.077e-06 tau=0.00e+00 cg_it=2 shift=0 ckpt=3 alpha=0 acc mv=1179
PCG_PREP o=354 rebuild=1 drift=0 previous_depth=3
E2_CAP o=354 retry=0 touched=2 ncam=52 raw=7677.5658174224891 capped=36.996036315886386 radius=403.16907370370865 median=0.77821891470960847 global_scale=1
ATTR_RADIUS o=354 raw_norm=7677.5658174224918 norm=36.996036315886393 radius=403.16907370370865 next_radius=403.16907370370865 lambda=9.0771481335264631e-06 next_lambda=9.0771481335264631e-06 rho=0.99933687196621723 accept=1
CLASSICAL_LM o=354 lambda=9.0771481335264631e-06 tau=9.0771481335264631e-06 prediction=4.8252420287702584 rho=0.99933687196621723 accept=1
  MFCG it 355 cost=2.585722e+05 lam=9.077e-06 tau=0.00e+00 cg_it=0 shift=0 ckpt=1 alpha=0 acc mv=1181
PCG_PREP o=355 rebuild=1 drift=0 previous_depth=1
E2_CAP o=355 retry=0 touched=1 ncam=52 raw=7540.3080833614486 capped=50.761606304486442 radius=403.16907370370865 median=1.3629584445799194 global_scale=1
ATTR_RADIUS o=355 raw_norm=7540.3080833614486 norm=50.761606304486449 radius=403.16907370370865 next_radius=403.16907370370865 lambda=9.0771481335264631e-06 next_lambda=9.0771481335264631e-06 rho=0.99424929111189109 accept=1
CLASSICAL_LM o=355 lambda=9.0771481335264631e-06 tau=9.0771481335264631e-06 prediction=1.0309527623888926 rho=0.99424929111189109 accept=1
  MFCG it 356 cost=2.585712e+05 lam=9.077e-06 tau=0.00e+00 cg_it=2 shift=0 ckpt=3 alpha=0 acc mv=1185
PCG_PREP o=356 rebuild=1 drift=0 previous_depth=3
E2_CAP o=356 retry=0 touched=2 ncam=52 raw=7663.9965164461082 capped=36.770245901962653 radius=403.16907370370865 median=0.77338897080537117 global_scale=1
ATTR_RADIUS o=356 raw_norm=7663.9965164461109 norm=36.770245901962646 radius=403.16907370370865 next_radius=403.16907370370865 lambda=9.0771481335264631e-06 next_lambda=9.0771481335264631e-06 rho=0.99934088171902313 accept=1
CLASSICAL_LM o=356 lambda=9.0771481335264631e-06 tau=9.0771481335264631e-06 prediction=4.7780802863260012 rho=0.99934088171902313 accept=1
  MFCG it 357 cost=2.585664e+05 lam=9.077e-06 tau=0.00e+00 cg_it=0 shift=0 ckpt=1 alpha=0 acc mv=1187
PCG_PREP o=357 rebuild=1 drift=0 previous_depth=1
E2_CAP o=357 retry=0 touched=1 ncam=52 raw=7526.3660753526719 capped=50.415410645685 radius=403.16907370370865 median=1.3548015290394575 global_scale=1
ATTR_RADIUS o=357 raw_norm=7526.366075352671 norm=50.415410645685 radius=403.16907370370865 next_radius=403.16907370370865 lambda=9.0771481335264631e-06 next_lambda=9.0771481335264631e-06 rho=0.9942877325255487 accept=1
CLASSICAL_LM o=357 lambda=9.0771481335264631e-06 tau=9.0771481335264631e-06 prediction=1.0218037689218447 rho=0.9942877325255487 accept=1
  MFCG it 358 cost=2.585654e+05 lam=9.077e-06 tau=0.00e+00 cg_it=2 shift=0 ckpt=3 alpha=0 acc mv=1191
PCG_PREP o=358 rebuild=1 drift=0 previous_depth=3
E2_CAP o=358 retry=0 touched=2 ncam=52 raw=7650.4200801614898 capped=36.423598199489604 radius=403.16907370370865 median=0.76530991978607954 global_scale=1
ATTR_RADIUS o=358 raw_norm=7650.4200801614898 norm=36.423598199489611 radius=403.16907370370865 next_radius=403.16907370370865 lambda=9.0771481335264631e-06 next_lambda=9.0771481335264631e-06 rho=0.99933672039664467 accept=1
CLASSICAL_LM o=358 lambda=9.0771481335264631e-06 tau=9.0771481335264631e-06 prediction=4.7213212013504062 rho=0.99933672039664467 accept=1
  MFCG it 359 cost=2.585607e+05 lam=9.077e-06 tau=0.00e+00 cg_it=0 shift=0 ckpt=1 alpha=0 acc mv=1193
PCG_PREP o=359 rebuild=1 drift=0 previous_depth=1
E2_CAP o=359 retry=0 touched=1 ncam=52 raw=7512.5265102087806 capped=50.063293998006351 radius=403.16907370370865 median=1.3472288622159898 global_scale=1
ATTR_RADIUS o=359 raw_norm=7512.5265102087815 norm=50.063293998006365 radius=403.16907370370865 next_radius=403.16907370370865 lambda=9.0771481335264631e-06 next_lambda=9.0771481335264631e-06 rho=0.9943442489118387 accept=1
CLASSICAL_LM o=359 lambda=9.0771481335264631e-06 tau=9.0771481335264631e-06 prediction=1.0162379217236683 rho=0.9943442489118387 accept=1
  MFCG it 360 cost=2.585596e+05 lam=9.077e-06 tau=0.00e+00 cg_it=2 shift=0 ckpt=3 alpha=0 acc mv=1197
PCG_PREP o=360 rebuild=1 drift=0 previous_depth=3
E2_CAP o=360 retry=0 touched=2 ncam=52 raw=7636.8788745359916 capped=36.300109472525826 radius=403.16907370370865 median=0.76318613349156772 global_scale=1
ATTR_RADIUS o=360 raw_norm=7636.8788745359934 norm=36.300109472525826 radius=403.16907370370865 next_radius=403.16907370370865 lambda=9.0771481335264631e-06 next_lambda=9.0771481335264631e-06 rho=0.99934856278457029 accept=1
CLASSICAL_LM o=360 lambda=9.0771481335264631e-06 tau=9.0771481335264631e-06 prediction=4.6843860871220988 rho=0.99934856278457029 accept=1
  MFCG it 361 cost=2.585550e+05 lam=9.077e-06 tau=0.00e+00 cg_it=0 shift=0 ckpt=1 alpha=0 acc mv=1199
PCG_PREP o=361 rebuild=1 drift=0 previous_depth=1
E2_CAP o=361 retry=0 touched=1 ncam=52 raw=7498.7493879417352 capped=49.865207357313899 radius=403.16907370370865 median=1.3441956617471216 global_scale=1
ATTR_RADIUS o=361 raw_norm=7498.7493879417352 norm=49.865207357313885 radius=403.16907370370865 next_radius=403.16907370370865 lambda=9.0771481335264631e-06 next_lambda=9.0771481335264631e-06 rho=0.99444423457463227 accept=1
CLASSICAL_LM o=361 lambda=9.0771481335264631e-06 tau=9.0771481335264631e-06 prediction=1.020103990584158 rho=0.99444423457463227 accept=1
  MFCG it 362 cost=2.585539e+05 lam=9.077e-06 tau=0.00e+00 cg_it=2 shift=0 ckpt=3 alpha=0 acc mv=1203
PCG_PREP o=362 rebuild=1 drift=0 previous_depth=3
E2_CAP o=362 retry=0 touched=2 ncam=52 raw=7623.2928673816077 capped=36.036986232740006 radius=403.16907370370865 median=0.75731074475575921 global_scale=1
ATTR_RADIUS o=362 raw_norm=7623.2928673816059 norm=36.036986232740013 radius=403.16907370370865 next_radius=403.16907370370865 lambda=9.0771481335264631e-06 next_lambda=9.0771481335264631e-06 rho=0.99934872650709838 accept=1
CLASSICAL_LM o=362 lambda=9.0771481335264631e-06 tau=9.0771481335264631e-06 prediction=4.6361153576853082 rho=0.99934872650709838 accept=1
  MFCG it 363 cost=2.585493e+05 lam=9.077e-06 tau=0.00e+00 cg_it=0 shift=0 ckpt=1 alpha=0 acc mv=1205
PCG_PREP o=363 rebuild=1 drift=0 previous_depth=1
E2_CAP o=363 retry=0 touched=1 ncam=52 raw=7485.036502932302 capped=49.604144259556456 radius=403.16907370370865 median=1.3390932073731576 global_scale=1
ATTR_RADIUS o=363 raw_norm=7485.0365029323029 norm=49.604144259556449 radius=403.16907370370865 next_radius=403.16907370370865 lambda=9.0771481335264631e-06 next_lambda=9.0771481335264631e-06 rho=0.99451617026827321 accept=1
CLASSICAL_LM o=363 lambda=9.0771481335264631e-06 tau=9.0771481335264631e-06 prediction=1.0197278917327575 rho=0.99451617026827321 accept=1
  MFCG it 364 cost=2.585483e+05 lam=9.077e-06 tau=0.00e+00 cg_it=2 shift=0 ckpt=3 alpha=0 acc mv=1209
PCG_PREP o=364 rebuild=1 drift=0 previous_depth=3
E2_CAP o=364 retry=0 touched=2 ncam=52 raw=7609.7315248649911 capped=35.868721677900666 radius=403.16907370370865 median=0.7539583125663698 global_scale=1
ATTR_RADIUS o=364 raw_norm=7609.7315248649929 norm=35.868721677900666 radius=403.16907370370865 next_radius=403.16907370370865 lambda=9.0771481335264631e-06 next_lambda=9.0771481335264631e-06 rho=0.99935375781611835 accept=1
CLASSICAL_LM o=364 lambda=9.0771481335264631e-06 tau=9.0771481335264631e-06 prediction=4.5965520686742138 rho=0.99935375781611835 accept=1
  MFCG it 365 cost=2.585437e+05 lam=9.077e-06 tau=0.00e+00 cg_it=0 shift=0 ckpt=1 alpha=0 acc mv=1211
PCG_PREP o=365 rebuild=1 drift=0 previous_depth=1
E2_CAP o=365 retry=0 touched=1 ncam=52 raw=7471.3825366868114 capped=49.379433351554646 radius=403.16907370370865 median=1.3346995079921831 global_scale=1
ATTR_RADIUS o=365 raw_norm=7471.3825366868123 norm=49.379433351554653 radius=403.16907370370865 next_radius=403.16907370370865 lambda=9.0771481335264631e-06 next_lambda=9.0771481335264631e-06 rho=0.99459617082541707 accept=1
CLASSICAL_LM o=365 lambda=9.0771481335264631e-06 tau=9.0771481335264631e-06 prediction=1.0200047597322786 rho=0.99459617082541707 accept=1
  MFCG it 366 cost=2.585427e+05 lam=9.077e-06 tau=0.00e+00 cg_it=2 shift=0 ckpt=3 alpha=0 acc mv=1215
PCG_PREP o=366 rebuild=1 drift=0 previous_depth=3
E2_CAP o=366 retry=0 touched=2 ncam=52 raw=7596.1656675906279 capped=35.669944787098288 radius=403.16907370370865 median=0.74976714435735636 global_scale=1
ATTR_RADIUS o=366 raw_norm=7596.1656675906279 norm=35.669944787098288 radius=403.16907370370865 next_radius=403.16907370370865 lambda=9.0771481335264631e-06 next_lambda=9.0771481335264631e-06 rho=0.99935809384741725 accept=1
CLASSICAL_LM o=366 lambda=9.0771481335264631e-06 tau=9.0771481335264631e-06 prediction=4.554942304473995 rho=0.99935809384741725 accept=1
  MFCG it 367 cost=2.585381e+05 lam=9.077e-06 tau=0.00e+00 cg_it=0 shift=0 ckpt=1 alpha=0 acc mv=1217
PCG_PREP o=367 rebuild=1 drift=0 previous_depth=1
E2_CAP o=367 retry=0 touched=1 ncam=52 raw=7457.785673377427 capped=49.155398433218608 radius=403.16907370370865 median=1.3303432114171629 global_scale=1
ATTR_RADIUS o=367 raw_norm=7457.7856733774252 norm=49.155398433218608 radius=403.16907370370865 next_radius=403.16907370370865 lambda=9.0771481335264631e-06 next_lambda=9.0771481335264631e-06 rho=0.99465871252336535 accept=1
CLASSICAL_LM o=367 lambda=9.0771481335264631e-06 tau=9.0771481335264631e-06 prediction=1.0206935995395903 rho=0.99465871252336535 accept=1
  MFCG it 368 cost=2.585371e+05 lam=9.077e-06 tau=0.00e+00 cg_it=2 shift=0 ckpt=3 alpha=0 acc mv=1221
PCG_PREP o=368 rebuild=1 drift=0 previous_depth=3
E2_CAP o=368 retry=0 touched=2 ncam=52 raw=7582.6117587383296 capped=35.467486840723922 radius=403.16907370370865 median=0.74544297166926776 global_scale=1
ATTR_RADIUS o=368 raw_norm=7582.6117587383278 norm=35.467486840723922 radius=403.16907370370865 next_radius=403.16907370370865 lambda=9.0771481335264631e-06 next_lambda=9.0771481335264631e-06 rho=0.99935418995539882 accept=1
CLASSICAL_LM o=368 lambda=9.0771481335264631e-06 tau=9.0771481335264631e-06 prediction=4.5134812452817936 rho=0.99935418995539882 accept=1
  MFCG it 369 cost=2.585326e+05 lam=9.077e-06 tau=0.00e+00 cg_it=0 shift=0 ckpt=1 alpha=0 acc mv=1223
PCG_PREP o=369 rebuild=1 drift=0 previous_depth=1
E2_CAP o=369 retry=0 touched=1 ncam=52 raw=7444.2524862716118 capped=48.920907672794314 radius=403.16907370370865 median=1.3254293953693632 global_scale=1
ATTR_RADIUS o=369 raw_norm=7444.2524862716127 norm=48.920907672794307 radius=403.16907370370865 next_radius=403.16907370370865 lambda=9.0771481335264631e-06 next_lambda=9.0771481335264631e-06 rho=0.99472134083534691 accept=1
CLASSICAL_LM o=369 lambda=9.0771481335264631e-06 tau=9.0771481335264631e-06 prediction=1.0197780626847548 rho=0.99472134083534691 accept=1
  MFCG it 370 cost=2.585316e+05 lam=9.077e-06 tau=0.00e+00 cg_it=2 shift=0 ckpt=3 alpha=0 acc mv=1227
PCG_PREP o=370 rebuild=1 drift=0 previous_depth=3
E2_CAP o=370 retry=0 touched=2 ncam=52 raw=7569.0869590748762 capped=35.292564236800381 radius=403.16907370370865 median=0.74188633717301877 global_scale=1
ATTR_RADIUS o=370 raw_norm=7569.0869590748762 norm=35.292564236800395 radius=403.16907370370865 next_radius=403.16907370370865 lambda=9.0771481335264631e-06 next_lambda=9.0771481335264631e-06 rho=0.99936281420020878 accept=1
CLASSICAL_LM o=370 lambda=9.0771481335264631e-06 tau=9.0771481335264631e-06 prediction=4.474900030037575 rho=0.99936281420020878 accept=1
  MFCG it 371 cost=2.585271e+05 lam=9.077e-06 tau=0.00e+00 cg_it=0 shift=0 ckpt=1 alpha=0 acc mv=1229
PCG_PREP o=371 rebuild=1 drift=0 previous_depth=1
E2_CAP o=371 retry=0 touched=1 ncam=52 raw=7430.7833559574483 capped=48.702895641447121 radius=403.16907370370865 median=1.3209089906836287 global_scale=1
ATTR_RADIUS o=371 raw_norm=7430.7833559574501 norm=48.702895641447114 radius=403.16907370370865 next_radius=403.16907370370865 lambda=9.0771481335264631e-06 next_lambda=9.0771481335264631e-06 rho=0.99479794012490386 accept=1
CLASSICAL_LM o=371 lambda=9.0771481335264631e-06 tau=9.0771481335264631e-06 prediction=1.0195826423152163 rho=0.99479794012490386 accept=1
  MFCG it 372 cost=2.585261e+05 lam=9.077e-06 tau=0.00e+00 cg_it=2 shift=0 ckpt=3 alpha=0 acc mv=1233
PCG_PREP o=372 rebuild=1 drift=0 previous_depth=3
E2_CAP o=372 retry=0 touched=2 ncam=52 raw=7555.582775301189 capped=35.114075020656536 radius=403.16907370370865 median=0.73819908638383613 global_scale=1
ATTR_RADIUS o=372 raw_norm=7555.582775301189 norm=35.114075020656543 radius=403.16907370370865 next_radius=403.16907370370865 lambda=9.0771481335264631e-06 next_lambda=9.0771481335264631e-06 rho=0.99936597999988819 accept=1
CLASSICAL_LM o=372 lambda=9.0771481335264631e-06 tau=9.0771481335264631e-06 prediction=4.4364346466873323 rho=0.99936597999988819 accept=1
  MFCG it 373 cost=2.585217e+05 lam=9.077e-06 tau=0.00e+00 cg_it=0 shift=0 ckpt=1 alpha=0 acc mv=1235
PCG_PREP o=373 rebuild=1 drift=0 previous_depth=1
E2_CAP o=373 retry=0 touched=1 ncam=52 raw=7417.3761701404819 capped=48.476096657228375 radius=403.16907370370865 median=1.3157870931253168 global_scale=1
ATTR_RADIUS o=373 raw_norm=7417.3761701404828 norm=48.476096657228368 radius=403.16907370370865 next_radius=403.16907370370865 lambda=9.0771481335264631e-06 next_lambda=9.0771481335264631e-06 rho=0.99485111450445984 accept=1
CLASSICAL_LM o=373 lambda=9.0771481335264631e-06 tau=9.0771481335264631e-06 prediction=1.0176022299487768 rho=0.99485111450445984 accept=1
  MFCG it 374 cost=2.585207e+05 lam=9.077e-06 tau=0.00e+00 cg_it=2 shift=0 ckpt=3 alpha=0 acc mv=1239
PCG_PREP o=374 rebuild=1 drift=0 previous_depth=3
E2_CAP o=374 retry=0 touched=2 ncam=52 raw=7542.1087813233917 capped=34.941108886909582 radius=403.16907370370865 median=0.73464180167514015 global_scale=1
ATTR_RADIUS o=374 raw_norm=7542.1087813233917 norm=34.941108886909589 radius=403.16907370370865 next_radius=403.16907370370865 lambda=9.0771481335264631e-06 next_lambda=9.0771481335264631e-06 rho=0.99936691099433417 accept=1
CLASSICAL_LM o=374 lambda=9.0771481335264631e-06 tau=9.0771481335264631e-06 prediction=4.3988950847549892 rho=0.99936691099433417 accept=1
  MFCG it 375 cost=2.585163e+05 lam=9.077e-06 tau=0.00e+00 cg_it=0 shift=0 ckpt=1 alpha=0 acc mv=1241
PCG_PREP o=375 rebuild=1 drift=0 previous_depth=1
E2_CAP o=375 retry=0 touched=1 ncam=52 raw=7404.0366554019492 capped=48.199639961883953 radius=403.16907370370865 median=1.3085166983795118 global_scale=1
ATTR_RADIUS o=375 raw_norm=7404.0366554019511 norm=48.199639961883953 radius=403.16907370370865 next_radius=403.16907370370865 lambda=9.0771481335264631e-06 next_lambda=9.0771481335264631e-06 rho=0.99488884871024674 accept=1
CLASSICAL_LM o=375 lambda=9.0771481335264631e-06 tau=9.0771481335264631e-06 prediction=1.0094791626021322 rho=0.99488884871024674 accept=1
  MFCG it 376 cost=2.585153e+05 lam=9.077e-06 tau=0.00e+00 cg_it=2 shift=0 ckpt=3 alpha=0 acc mv=1245
PCG_PREP o=376 rebuild=1 drift=0 previous_depth=3
E2_CAP o=376 retry=0 touched=2 ncam=52 raw=7528.6888304405502 capped=34.746399322315739 radius=403.16907370370865 median=0.73051937459320748 global_scale=1
ATTR_RADIUS o=376 raw_norm=7528.6888304405484 norm=34.746399322315739 radius=403.16907370370865 next_radius=403.16907370370865 lambda=9.0771481335264631e-06 next_lambda=9.0771481335264631e-06 rho=0.99937233339639953 accept=1
CLASSICAL_LM o=376 lambda=9.0771481335264631e-06 tau=9.0771481335264631e-06 prediction=4.3599682394667596 rho=0.99937233339639953 accept=1
  MFCG it 377 cost=2.585109e+05 lam=9.077e-06 tau=0.00e+00 cg_it=0 shift=0 ckpt=1 alpha=0 acc mv=1247
PCG_PREP o=377 rebuild=1 drift=0 previous_depth=1
E2_CAP o=377 retry=0 touched=1 ncam=52 raw=7390.780995046277 capped=47.8553936045531 radius=403.16907370370865 median=1.2984691222048372 global_scale=1
ATTR_RADIUS o=377 raw_norm=7390.7809950462779 norm=47.855393604553107 radius=403.16907370370865 next_radius=403.16907370370865 lambda=9.0771481335264631e-06 next_lambda=9.0771481335264631e-06 rho=0.99484528443149389 accept=1
CLASSICAL_LM o=377 lambda=9.0771481335264631e-06 tau=9.0771481335264631e-06 prediction=0.99400836543257032 rho=0.99484528443149389 accept=1
  MFCG it 378 cost=2.585099e+05 lam=9.077e-06 tau=0.00e+00 cg_it=2 shift=0 ckpt=3 alpha=0 acc mv=1251
PCG_PREP o=378 rebuild=1 drift=0 previous_depth=3
E2_CAP o=378 retry=0 touched=2 ncam=52 raw=7515.3428643088182 capped=35.259747087296923 radius=403.16907370370865 median=0.74495045200863697 global_scale=1
ATTR_RADIUS o=378 raw_norm=7515.3428643088173 norm=35.25974708729693 radius=403.16907370370865 next_radius=403.16907370370865 lambda=9.0771481335264631e-06 next_lambda=9.0771481335264631e-06 rho=0.99935058299505874 accept=1
CLASSICAL_LM o=378 lambda=9.0771481335264631e-06 tau=9.0771481335264631e-06 prediction=4.3798428790162163 rho=0.99935058299505874 accept=1
  MFCG it 379 cost=2.585055e+05 lam=9.077e-06 tau=0.00e+00 cg_it=0 shift=0 ckpt=1 alpha=0 acc mv=1253
PCG_PREP o=379 rebuild=1 drift=0 previous_depth=1
E2_CAP o=379 retry=0 touched=1 ncam=52 raw=7377.5370627477641 capped=47.72390258106104 radius=403.16907370370865 median=1.2911245930065607 global_scale=1
ATTR_RADIUS o=379 raw_norm=7377.5370627477669 norm=47.723902581061033 radius=403.16907370370865 next_radius=403.16907370370865 lambda=9.0771481335264631e-06 next_lambda=9.0771481335264631e-06 rho=0.99478189032011932 accept=1
CLASSICAL_LM o=379 lambda=9.0771481335264631e-06 tau=9.0771481335264631e-06 prediction=0.97486700233295021 rho=0.99478189032011932 accept=1
  MFCG it 380 cost=2.585046e+05 lam=9.077e-06 tau=0.00e+00 cg_it=2 shift=0 ckpt=3 alpha=0 acc mv=1257
PCG_PREP o=380 rebuild=1 drift=0 previous_depth=3
E2_CAP o=380 retry=0 touched=2 ncam=52 raw=7501.9283109740882 capped=34.394702930502227 radius=403.16907370370865 median=0.7231875807772139 global_scale=1
ATTR_RADIUS o=380 raw_norm=7501.9283109740891 norm=34.394702930502227 radius=403.16907370370865 next_radius=403.16907370370865 lambda=9.0771481335264631e-06 next_lambda=9.0771481335264631e-06 rho=0.99937176255373927 accept=1
CLASSICAL_LM o=380 lambda=9.0771481335264631e-06 tau=9.0771481335264631e-06 prediction=4.2866467336376743 rho=0.99937176255373927 accept=1
  MFCG it 381 cost=2.585003e+05 lam=9.077e-06 tau=0.00e+00 cg_it=0 shift=0 ckpt=1 alpha=0 acc mv=1259
PCG_PREP o=381 rebuild=1 drift=0 previous_depth=1
E2_CAP o=381 retry=0 touched=1 ncam=52 raw=7364.4418535744871 capped=47.272298600771059 radius=403.16907370370865 median=1.2809495023823083 global_scale=1
ATTR_RADIUS o=381 raw_norm=7364.4418535744881 norm=47.272298600771066 radius=403.16907370370865 next_radius=403.16907370370865 lambda=9.0771481335264631e-06 next_lambda=9.0771481335264631e-06 rho=0.99489518270130473 accept=1
CLASSICAL_LM o=381 lambda=9.0771481335264631e-06 tau=9.0771481335264631e-06 prediction=0.96830419797928813 rho=0.99489518270130473 accept=1
  MFCG it 382 cost=2.584993e+05 lam=9.077e-06 tau=0.00e+00 cg_it=2 shift=0 ckpt=3 alpha=0 acc mv=1263
PCG_PREP o=382 rebuild=1 drift=0 previous_depth=3
E2_CAP o=382 retry=0 touched=2 ncam=52 raw=7488.7327347108985 capped=34.233332839487538 radius=403.16907370370865 median=0.71989584660988082 global_scale=1
ATTR_RADIUS o=382 raw_norm=7488.7327347108976 norm=34.233332839487538 radius=403.16907370370865 next_radius=403.16907370370865 lambda=9.0771481335264631e-06 next_lambda=9.0771481335264631e-06 rho=0.99937637905484278 accept=1
CLASSICAL_LM o=382 lambda=9.0771481335264631e-06 tau=9.0771481335264631e-06 prediction=4.2518625236795176 rho=0.99937637905484278 accept=1
  MFCG it 383 cost=2.584951e+05 lam=9.077e-06 tau=0.00e+00 cg_it=0 shift=0 ckpt=1 alpha=0 acc mv=1265
PCG_PREP o=383 rebuild=1 drift=0 previous_depth=1
E2_CAP o=383 retry=0 touched=2 ncam=52 raw=7477.044532287272 capped=24.507790291528551 radius=403.16907370370865 median=0.53598386353158123 global_scale=1
ATTR_RADIUS o=383 raw_norm=7477.044532287272 norm=24.507790291528547 radius=403.16907370370865 next_radius=403.16907370370865 lambda=9.0771481335264631e-06 next_lambda=9.0771481335264631e-06 rho=0.99997919109244282 accept=1
CLASSICAL_LM o=383 lambda=9.0771481335264631e-06 tau=9.0771481335264631e-06 prediction=2.3581831629307688 rho=0.99997919109244282 accept=1
  MFCG it 384 cost=2.584927e+05 lam=9.077e-06 tau=0.00e+00 cg_it=0 shift=0 ckpt=1 alpha=0 acc mv=1267
PCG_PREP o=384 rebuild=1 drift=0 previous_depth=1
E2_CAP o=384 retry=0 touched=1 ncam=52 raw=7348.1859750357862 capped=59.565828712206383 radius=403.16907370370865 median=1.4041725137546668 global_scale=1
ATTR_RADIUS o=384 raw_norm=7348.1859750357862 norm=59.565828712206383 radius=403.16907370370865 next_radius=403.16907370370865 lambda=9.0771481335264631e-06 next_lambda=9.0771481335264631e-06 rho=0.99347792159717774 accept=1
CLASSICAL_LM o=384 lambda=9.0771481335264631e-06 tau=9.0771481335264631e-06 prediction=0.7319928155719726 rho=0.99347792159717774 accept=1
  MFCG it 385 cost=2.584920e+05 lam=9.077e-06 tau=0.00e+00 cg_it=2 shift=0 ckpt=3 alpha=0 acc mv=1271
PCG_PREP o=385 rebuild=1 drift=0 previous_depth=3
E2_CAP o=385 retry=0 touched=2 ncam=52 raw=7473.276540665267 capped=33.866184931784332 radius=403.16907370370865 median=0.71337442063779077 global_scale=1
ATTR_RADIUS o=385 raw_norm=7473.2765406652652 norm=33.866184931784332 radius=403.16907370370865 next_radius=403.16907370370865 lambda=9.0771481335264631e-06 next_lambda=9.0771481335264631e-06 rho=0.99943082212967582 accept=1
CLASSICAL_LM o=385 lambda=9.0771481335264631e-06 tau=9.0771481335264631e-06 prediction=4.13890511480749 rho=0.99943082212967582 accept=1
  MFCG it 386 cost=2.584879e+05 lam=9.077e-06 tau=0.00e+00 cg_it=0 shift=0 ckpt=1 alpha=0 acc mv=1273
PCG_PREP o=386 rebuild=1 drift=0 previous_depth=1
E2_CAP o=386 retry=0 touched=1 ncam=52 raw=7333.0309582306936 capped=48.209707981318829 radius=403.16907370370865 median=1.27661100925586 global_scale=1
ATTR_RADIUS o=386 raw_norm=7333.0309582306909 norm=48.209707981318815 radius=403.16907370370865 next_radius=403.16907370370865 lambda=9.0771481335264631e-06 next_lambda=9.0771481335264631e-06 rho=0.99433352112753726 accept=1
CLASSICAL_LM o=386 lambda=9.0771481335264631e-06 tau=9.0771481335264631e-06 prediction=0.90102868711838213 rho=0.99433352112753726 accept=1
  MFCG it 387 cost=2.584870e+05 lam=9.077e-06 tau=0.00e+00 cg_it=2 shift=0 ckpt=3 alpha=0 acc mv=1277
PCG_PREP o=387 rebuild=1 drift=0 previous_depth=3
E2_CAP o=387 retry=0 touched=2 ncam=52 raw=7460.3145032750999 capped=34.136368059111184 radius=403.16907370370865 median=0.72112764917649896 global_scale=1
ATTR_RADIUS o=387 raw_norm=7460.3145032750981 norm=34.136368059111184 radius=403.16907370370865 next_radius=403.16907370370865 lambda=9.0771481335264631e-06 next_lambda=9.0771481335264631e-06 rho=0.99933376620306935 accept=1
CLASSICAL_LM o=387 lambda=9.0771481335264631e-06 tau=9.0771481335264631e-06 prediction=4.148747644189541 rho=0.99933376620306935 accept=1
  MFCG it 388 cost=2.584828e+05 lam=9.077e-06 tau=0.00e+00 cg_it=0 shift=0 ckpt=1 alpha=0 acc mv=1279
PCG_PREP o=388 rebuild=1 drift=0 previous_depth=1
E2_CAP o=388 retry=0 touched=1 ncam=52 raw=7320.082684287815 capped=47.119174323581369 radius=403.16907370370865 median=1.2655637898646479 global_scale=1
ATTR_RADIUS o=388 raw_norm=7320.0826842878168 norm=47.119174323581369 radius=403.16907370370865 next_radius=403.16907370370865 lambda=9.0771481335264631e-06 next_lambda=9.0771481335264631e-06 rho=0.99472406525933366 accept=1
CLASSICAL_LM o=388 lambda=9.0771481335264631e-06 tau=9.0771481335264631e-06 prediction=0.93754217524166372 rho=0.99472406525933366 accept=1
  MFCG it 389 cost=2.584819e+05 lam=9.077e-06 tau=0.00e+00 cg_it=2 shift=0 ckpt=3 alpha=0 acc mv=1283
PCG_PREP o=389 rebuild=1 drift=0 previous_depth=3
E2_CAP o=389 retry=0 touched=2 ncam=52 raw=7446.9676138447612 capped=33.478491563071934 radius=403.16907370370865 median=0.70437486005133265 global_scale=1
ATTR_RADIUS o=389 raw_norm=7446.9676138447603 norm=33.478491563071934 radius=403.16907370370865 next_radius=403.16907370370865 lambda=9.0771481335264631e-06 next_lambda=9.0771481335264631e-06 rho=0.99936082535154114 accept=1
CLASSICAL_LM o=389 lambda=9.0771481335264631e-06 tau=9.0771481335264631e-06 prediction=4.0843582081749013 rho=0.99936082535154114 accept=1
  MFCG it 390 cost=2.584778e+05 lam=9.077e-06 tau=0.00e+00 cg_it=0 shift=0 ckpt=1 alpha=0 acc mv=1285
PCG_PREP o=390 rebuild=1 drift=0 previous_depth=1
E2_CAP o=390 retry=0 touched=1 ncam=52 raw=7307.5113945704497 capped=46.479383702241478 radius=403.16907370370865 median=1.2554969754446625 global_scale=1
ATTR_RADIUS o=390 raw_norm=7307.5113945704497 norm=46.479383702241471 radius=403.16907370370865 next_radius=403.16907370370865 lambda=9.0771481335264631e-06 next_lambda=9.0771481335264631e-06 rho=0.99493647254332274 accept=1
CLASSICAL_LM o=390 lambda=9.0771481335264631e-06 tau=9.0771481335264631e-06 prediction=0.94202718542160835 rho=0.99493647254332274 accept=1
  MFCG it 391 cost=2.584769e+05 lam=9.077e-06 tau=0.00e+00 cg_it=2 shift=0 ckpt=3 alpha=0 acc mv=1289
PCG_PREP o=391 rebuild=1 drift=0 previous_depth=3
E2_CAP o=391 retry=0 touched=2 ncam=52 raw=7433.7961134195666 capped=33.364532084224471 radius=403.16907370370865 median=0.70204375924435158 global_scale=1
ATTR_RADIUS o=391 raw_norm=7433.7961134195657 norm=33.364532084224457 radius=403.16907370370865 next_radius=403.16907370370865 lambda=9.0771481335264631e-06 next_lambda=9.0771481335264631e-06 rho=0.99937421096988444 accept=1
CLASSICAL_LM o=391 lambda=9.0771481335264631e-06 tau=9.0771481335264631e-06 prediction=4.0617257260806383 rho=0.99937421096988444 accept=1
  MFCG it 392 cost=2.584728e+05 lam=9.077e-06 tau=0.00e+00 cg_it=0 shift=0 ckpt=1 alpha=0 acc mv=1291
PCG_PREP o=392 rebuild=1 drift=0 previous_depth=1
E2_CAP o=392 retry=0 touched=1 ncam=52 raw=7295.0474750871845 capped=46.071547849554648 radius=403.16907370370865 median=1.2469194197938389 global_scale=1
ATTR_RADIUS o=392 raw_norm=7295.0474750871826 norm=46.071547849554655 radius=403.16907370370865 next_radius=403.16907370370865 lambda=9.0771481335264631e-06 next_lambda=9.0771481335264631e-06 rho=0.99500501696939936 accept=1
CLASSICAL_LM o=392 lambda=9.0771481335264631e-06 tau=9.0771481335264631e-06 prediction=0.93443225469372093 rho=0.99500501696939936 accept=1
  MFCG it 393 cost=2.584719e+05 lam=9.077e-06 tau=0.00e+00 cg_it=2 shift=0 ckpt=3 alpha=0 acc mv=1295
PCG_PREP o=393 rebuild=1 drift=0 previous_depth=3
E2_CAP o=393 retry=0 touched=2 ncam=52 raw=7420.6998759748767 capped=33.233395551677276 radius=403.16907370370865 median=0.69929910104478843 global_scale=1
ATTR_RADIUS o=393 raw_norm=7420.6998759748785 norm=33.233395551677276 radius=403.16907370370865 next_radius=403.16907370370865 lambda=9.0771481335264631e-06 next_lambda=9.0771481335264631e-06 rho=0.99938119491295607 accept=1
CLASSICAL_LM o=393 lambda=9.0771481335264631e-06 tau=9.0771481335264631e-06 prediction=4.0366771927609255 rho=0.99938119491295607 accept=1
  MFCG it 394 cost=2.584678e+05 lam=9.077e-06 tau=0.00e+00 cg_it=0 shift=0 ckpt=1 alpha=0 acc mv=1297
PCG_PREP o=394 rebuild=1 drift=0 previous_depth=1
E2_CAP o=394 retry=0 touched=2 ncam=52 raw=7408.5818846511384 capped=23.495538776869644 radius=403.16907370370865 median=0.51336242145830513 global_scale=1
ATTR_RADIUS o=394 raw_norm=7408.5818846511411 norm=23.49553877686964 radius=403.16907370370865 next_radius=403.16907370370865 lambda=9.0771481335264631e-06 next_lambda=9.0771481335264631e-06 rho=0.99998835509636619 accept=1
CLASSICAL_LM o=394 lambda=9.0771481335264631e-06 tau=9.0771481335264631e-06 prediction=2.214618423805681 rho=0.99998835509636619 accept=1
  MFCG it 395 cost=2.584656e+05 lam=9.077e-06 tau=0.00e+00 cg_it=0 shift=0 ckpt=1 alpha=0 acc mv=1299
PCG_PREP o=395 rebuild=1 drift=0 previous_depth=1
E2_CAP o=395 retry=0 touched=1 ncam=52 raw=7279.5090116468773 capped=56.99353285977125 radius=403.16907370370865 median=1.3253771234337417 global_scale=1
ATTR_RADIUS o=395 raw_norm=7279.5090116468764 norm=56.993532859771257 radius=403.16907370370865 next_radius=403.16907370370865 lambda=9.0771481335264631e-06 next_lambda=9.0771481335264631e-06 rho=0.99285689792586906 accept=1
CLASSICAL_LM o=395 lambda=9.0771481335264631e-06 tau=9.0771481335264631e-06 prediction=0.60357076620766903 rho=0.99285689792586906 accept=1
  MFCG it 396 cost=2.584650e+05 lam=9.077e-06 tau=0.00e+00 cg_it=2 shift=0 ckpt=3 alpha=0 acc mv=1303
PCG_PREP o=396 rebuild=1 drift=0 previous_depth=3
E2_CAP o=396 retry=0 touched=2 ncam=52 raw=7405.5492485092464 capped=32.855258536546309 radius=403.16907370370865 median=0.69207107991047989 global_scale=1
ATTR_RADIUS o=396 raw_norm=7405.5492485092445 norm=32.855258536546295 radius=403.16907370370865 next_radius=403.16907370370865 lambda=9.0771481335264631e-06 next_lambda=9.0771481335264631e-06 rho=0.99943166021753171 accept=1
CLASSICAL_LM o=396 lambda=9.0771481335264631e-06 tau=9.0771481335264631e-06 prediction=3.9362043096707424 rho=0.99943166021753171 accept=1
  MFCG it 397 cost=2.584611e+05 lam=9.077e-06 tau=0.00e+00 cg_it=0 shift=0 ckpt=1 alpha=0 acc mv=1305
PCG_PREP o=397 rebuild=1 drift=0 previous_depth=1
E2_CAP o=397 retry=0 touched=1 ncam=52 raw=7265.2808969952939 capped=46.676291302042628 radius=403.16907370370865 median=1.2343304686491723 global_scale=1
ATTR_RADIUS o=397 raw_norm=7265.2808969952939 norm=46.676291302042628 radius=403.16907370370865 next_radius=403.16907370370865 lambda=9.0771481335264631e-06 next_lambda=9.0771481335264631e-06 rho=0.99440723715932633 accept=1
CLASSICAL_LM o=397 lambda=9.0771481335264631e-06 tau=9.0771481335264631e-06 prediction=0.85125356119360829 rho=0.99440723715932633 accept=1
  MFCG it 398 cost=2.584602e+05 lam=9.077e-06 tau=0.00e+00 cg_it=2 shift=0 ckpt=3 alpha=0 acc mv=1309
PCG_PREP o=398 rebuild=1 drift=0 previous_depth=3
E2_CAP o=398 retry=0 touched=2 ncam=52 raw=7392.8698201885836 capped=32.662400464431826 radius=403.16907370370865 median=0.68755006398076512 global_scale=1
ATTR_RADIUS o=398 raw_norm=7392.8698201885827 norm=32.662400464431826 radius=403.16907370370865 next_radius=403.16907370370865 lambda=9.0771481335264631e-06 next_lambda=9.0771481335264631e-06 rho=0.99935650664233888 accept=1
CLASSICAL_LM o=398 lambda=9.0771481335264631e-06 tau=9.0771481335264631e-06 prediction=3.9123846304353567 rho=0.99935650664233888 accept=1
  MFCG it 399 cost=2.584563e+05 lam=9.077e-06 tau=0.00e+00 cg_it=0 shift=0 ckpt=1 alpha=0 acc mv=1311
PCG_PREP o=399 rebuild=1 drift=0 previous_depth=1
E2_CAP o=399 retry=0 touched=1 ncam=52 raw=7252.9892487673978 capped=45.762133323701299 radius=403.16907370370865 median=1.2343349325522057 global_scale=1
ATTR_RADIUS o=399 raw_norm=7252.9892487673978 norm=45.762133323701306 radius=403.16907370370865 next_radius=403.16907370370865 lambda=9.0771481335264631e-06 next_lambda=9.0771481335264631e-06 rho=0.99499176059382222 accept=1
CLASSICAL_LM o=399 lambda=9.0771481335264631e-06 tau=9.0771481335264631e-06 prediction=0.92140294376026244 rho=0.99499176059382222 accept=1
  MFCG it 400 cost=2.584554e+05 lam=9.077e-06 tau=0.00e+00 cg_it=2 shift=0 ckpt=3 alpha=0 acc mv=1315
PCG_PREP o=400 rebuild=1 drift=0 previous_depth=3
E2_CAP o=400 retry=0 touched=2 ncam=52 raw=7379.8422334110574 capped=32.571287325269779 radius=403.16907370370865 median=0.68555765526120527 global_scale=1
ATTR_RADIUS o=400 raw_norm=7379.8422334110574 norm=32.571287325269779 radius=403.16907370370865 next_radius=403.16907370370865 lambda=9.0771481335264631e-06 next_lambda=9.0771481335264631e-06 rho=0.99936957820109384 accept=1
CLASSICAL_LM o=400 lambda=9.0771481335264631e-06 tau=9.0771481335264631e-06 prediction=3.897722879030959 rho=0.99936957820109384 accept=1
  MFCG it 401 cost=2.584515e+05 lam=9.077e-06 tau=0.00e+00 cg_it=0 shift=0 ckpt=1 alpha=0 acc mv=1317
PCG_PREP o=401 rebuild=1 drift=0 previous_depth=1
E2_CAP o=401 retry=0 touched=1 ncam=52 raw=7240.9156828354862 capped=45.383184183454517 radius=403.16907370370865 median=1.2310858585578999 global_scale=1
ATTR_RADIUS o=401 raw_norm=7240.9156828354844 norm=45.38318418345451 radius=403.16907370370865 next_radius=403.16907370370865 lambda=9.0771481335264631e-06 next_lambda=9.0771481335264631e-06 rho=0.99517448223658145 accept=1
CLASSICAL_LM o=401 lambda=9.0771481335264631e-06 tau=9.0771481335264631e-06 prediction=0.93506437759976468 rho=0.99517448223658145 accept=1
  MFCG it 402 cost=2.584506e+05 lam=9.077e-06 tau=0.00e+00 cg_it=2 shift=0 ckpt=3 alpha=0 acc mv=1321
PCG_PREP o=402 rebuild=1 drift=0 previous_depth=3
E2_CAP o=402 retry=0 touched=2 ncam=52 raw=7366.8499114226279 capped=32.469970197478609 radius=403.16907370370865 median=0.68344686521903553 global_scale=1
ATTR_RADIUS o=402 raw_norm=7366.849911422627 norm=32.469970197478617 radius=403.16907370370865 next_radius=403.16907370370865 lambda=9.0771481335264631e-06 next_lambda=9.0771481335264631e-06 rho=0.99938197416694685 accept=1
CLASSICAL_LM o=402 lambda=9.0771481335264631e-06 tau=9.0771481335264631e-06 prediction=3.8793797940248762 rho=0.99938197416694685 accept=1
  MFCG it 403 cost=2.584467e+05 lam=9.077e-06 tau=0.00e+00 cg_it=0 shift=0 ckpt=1 alpha=0 acc mv=1323
PCG_PREP o=403 rebuild=1 drift=0 previous_depth=1
E2_CAP o=403 retry=0 touched=2 ncam=52 raw=7354.4790275561718 capped=22.676582341180499 radius=403.16907370370865 median=0.49478137386088017 global_scale=1
ATTR_RADIUS o=403 raw_norm=7354.4790275561727 norm=22.676582341180506 radius=403.16907370370865 next_radius=403.16907370370865 lambda=9.0771481335264631e-06 next_lambda=9.0771481335264631e-06 rho=0.99999543447527284 accept=1
CLASSICAL_LM o=403 lambda=9.0771481335264631e-06 tau=9.0771481335264631e-06 prediction=2.1067398615349506 rho=0.99999543447527284 accept=1
  MFCG it 404 cost=2.584446e+05 lam=9.077e-06 tau=0.00e+00 cg_it=0 shift=0 ckpt=1 alpha=0 acc mv=1325
PCG_PREP o=404 rebuild=1 drift=0 previous_depth=1
E2_CAP o=404 retry=0 touched=1 ncam=52 raw=7225.8577792521983 capped=55.493510305148362 radius=403.16907370370865 median=1.2888067807897121 global_scale=1
ATTR_RADIUS o=404 raw_norm=7225.8577792521983 norm=55.493510305148355 radius=403.16907370370865 next_radius=403.16907370370865 lambda=9.0771481335264631e-06 next_lambda=9.0771481335264631e-06 rho=0.99290486230690367 accept=1
CLASSICAL_LM o=404 lambda=9.0771481335264631e-06 tau=9.0771481335264631e-06 prediction=0.57170149923091396 rho=0.99290486230690367 accept=1
  MFCG it 405 cost=2.584440e+05 lam=9.077e-06 tau=0.00e+00 cg_it=2 shift=0 ckpt=3 alpha=0 acc mv=1329
PCG_PREP o=405 rebuild=1 drift=0 previous_depth=3
E2_CAP o=405 retry=0 touched=2 ncam=52 raw=7351.8735586408693 capped=32.101594499987613 radius=403.16907370370865 median=0.6762372126098275 global_scale=1
ATTR_RADIUS o=405 raw_norm=7351.8735586408684 norm=32.101594499987613 radius=403.16907370370865 next_radius=403.16907370370865 lambda=9.0771481335264631e-06 next_lambda=9.0771481335264631e-06 rho=0.9994357165602471 accept=1
CLASSICAL_LM o=405 lambda=9.0771481335264631e-06 tau=9.0771481335264631e-06 prediction=3.7879488832984065 rho=0.9994357165602471 accept=1
  MFCG it 406 cost=2.584403e+05 lam=9.077e-06 tau=0.00e+00 cg_it=0 shift=0 ckpt=1 alpha=0 acc mv=1331
PCG_PREP o=406 rebuild=1 drift=0 previous_depth=1
E2_CAP o=406 retry=0 touched=1 ncam=52 raw=7212.1627215389999 capped=45.227823857104056 radius=403.16907370370865 median=1.1906763446881741 global_scale=1
ATTR_RADIUS o=406 raw_norm=7212.1627215390008 norm=45.227823857104056 radius=403.16907370370865 next_radius=403.16907370370865 lambda=9.0771481335264631e-06 next_lambda=9.0771481335264631e-06 rho=0.99424482616943499 accept=1
CLASSICAL_LM o=406 lambda=9.0771481335264631e-06 tau=9.0771481335264631e-06 prediction=0.78304827821443246 rho=0.99424482616943499 accept=1
  MFCG it 407 cost=2.584395e+05 lam=9.077e-06 tau=0.00e+00 cg_it=2 shift=0 ckpt=3 alpha=0 acc mv=1335
PCG_PREP o=407 rebuild=1 drift=0 previous_depth=3
E2_CAP o=407 retry=0 touched=2 ncam=52 raw=7339.5534584726583 capped=32.471067620233498 radius=403.16907370370865 median=0.68637692587426258 global_scale=1
ATTR_RADIUS o=407 raw_norm=7339.5534584726583 norm=32.471067620233491 radius=403.16907370370865 next_radius=403.16907370370865 lambda=9.0771481335264631e-06 next_lambda=9.0771481335264631e-06 rho=0.99934759761925118 accept=1
CLASSICAL_LM o=407 lambda=9.0771481335264631e-06 tau=9.0771481335264631e-06 prediction=3.8113912802259637 rho=0.99934759761925118 accept=1
  MFCG it 408 cost=2.584357e+05 lam=9.077e-06 tau=0.00e+00 cg_it=0 shift=0 ckpt=1 alpha=0 acc mv=1337
PCG_PREP o=408 rebuild=1 drift=0 previous_depth=1
E2_CAP o=408 retry=0 touched=1 ncam=52 raw=7200.3094857175402 capped=44.921919726446518 radius=403.16907370370865 median=1.210802482843494 global_scale=1
ATTR_RADIUS o=408 raw_norm=7200.309485717542 norm=44.921919726446539 radius=403.16907370370865 next_radius=403.16907370370865 lambda=9.0771481335264631e-06 next_lambda=9.0771481335264631e-06 rho=0.99502479969360746 accept=1
CLASSICAL_LM o=408 lambda=9.0771481335264631e-06 tau=9.0771481335264631e-06 prediction=0.89590931568157517 rho=0.99502479969360746 accept=1
  MFCG it 409 cost=2.584348e+05 lam=9.077e-06 tau=0.00e+00 cg_it=2 shift=0 ckpt=3 alpha=0 acc mv=1341
PCG_PREP o=409 rebuild=1 drift=0 previous_depth=3
E2_CAP o=409 retry=0 touched=2 ncam=52 raw=7326.6351447685929 capped=31.876251536343972 radius=403.16907370370865 median=0.6710742448209015 global_scale=1
ATTR_RADIUS o=409 raw_norm=7326.6351447685956 norm=31.876251536343982 radius=403.16907370370865 next_radius=403.16907370370865 lambda=9.0771481335264631e-06 next_lambda=9.0771481335264631e-06 rho=0.99937286852078011 accept=1
CLASSICAL_LM o=409 lambda=9.0771481335264631e-06 tau=9.0771481335264631e-06 prediction=3.7590117678349593 rho=0.99937286852078011 accept=1
  MFCG it 410 cost=2.584310e+05 lam=9.077e-06 tau=0.00e+00 cg_it=0 shift=0 ckpt=1 alpha=0 acc mv=1343
PCG_PREP o=410 rebuild=1 drift=0 previous_depth=1
E2_CAP o=410 retry=0 touched=1 ncam=52 raw=7188.5786655252705 capped=44.509123343613119 radius=403.16907370370865 median=1.2091458913681126 global_scale=1
ATTR_RADIUS o=410 raw_norm=7188.5786655252696 norm=44.509123343613119 radius=403.16907370370865 next_radius=403.16907370370865 lambda=9.0771481335264631e-06 next_lambda=9.0771481335264631e-06 rho=0.99530327770245208 accept=1
CLASSICAL_LM o=410 lambda=9.0771481335264631e-06 tau=9.0771481335264631e-06 prediction=0.91912127844775526 rho=0.99530327770245208 accept=1
  MFCG it 411 cost=2.584301e+05 lam=9.077e-06 tau=0.00e+00 cg_it=2 shift=0 ckpt=3 alpha=0 acc mv=1347
PCG_PREP o=411 rebuild=1 drift=0 previous_depth=3
E2_CAP o=411 retry=0 touched=2 ncam=52 raw=7313.8671471412526 capped=31.785919619054791 radius=403.16907370370865 median=0.66918397455411149 global_scale=1
ATTR_RADIUS o=411 raw_norm=7313.8671471412536 norm=31.785919619054795 radius=403.16907370370865 next_radius=403.16907370370865 lambda=9.0771481335264631e-06 next_lambda=9.0771481335264631e-06 rho=0.99938882535939066 accept=1
CLASSICAL_LM o=411 lambda=9.0771481335264631e-06 tau=9.0771481335264631e-06 prediction=3.7436222339453664 rho=0.99938882535939066 accept=1
  MFCG it 412 cost=2.584264e+05 lam=9.077e-06 tau=0.00e+00 cg_it=0 shift=0 ckpt=1 alpha=0 acc mv=1349
PCG_PREP o=412 rebuild=1 drift=0 previous_depth=1
E2_CAP o=412 retry=0 touched=2 ncam=52 raw=7301.3155382519217 capped=21.914808689750291 radius=403.16907370370865 median=0.47721161100919879 global_scale=1
ATTR_RADIUS o=412 raw_norm=7301.3155382519226 norm=21.914808689750291 radius=403.16907370370865 next_radius=403.16907370370865 lambda=9.0771481335264631e-06 next_lambda=9.0771481335264631e-06 rho=1.0000054242790961 accept=1
CLASSICAL_LM o=412 lambda=9.0771481335264631e-06 tau=9.0771481335264631e-06 prediction=2.0136248976636524 rho=1.0000054242790961 accept=1
  MFCG it 413 cost=2.584243e+05 lam=9.077e-06 tau=0.00e+00 cg_it=0 shift=0 ckpt=1 alpha=0 acc mv=1351
PCG_PREP o=413 rebuild=1 drift=0 previous_depth=1
E2_CAP o=413 retry=0 touched=1 ncam=52 raw=7173.9606266643286 capped=54.351067749288802 radius=403.16907370370865 median=1.2683357488835725 global_scale=1
ATTR_RADIUS o=413 raw_norm=7173.9606266643268 norm=54.351067749288802 radius=403.16907370370865 next_radius=403.16907370370865 lambda=9.0771481335264631e-06 next_lambda=9.0771481335264631e-06 rho=0.99335499428128882 accept=1
CLASSICAL_LM o=413 lambda=9.0771481335264631e-06 tau=9.0771481335264631e-06 prediction=0.58049998738157504 rho=0.99335499428128882 accept=1
  MFCG it 414 cost=2.584238e+05 lam=9.077e-06 tau=0.00e+00 cg_it=2 shift=0 ckpt=3 alpha=0 acc mv=1355
PCG_PREP o=414 rebuild=1 drift=0 previous_depth=3
E2_CAP o=414 retry=0 touched=2 ncam=52 raw=7299.0514819889149 capped=31.464282262455022 radius=403.16907370370865 median=0.66308200367127812 global_scale=1
ATTR_RADIUS o=414 raw_norm=7299.0514819889149 norm=31.464282262455011 radius=403.16907370370865 next_radius=403.16907370370865 lambda=9.0771481335264631e-06 next_lambda=9.0771481335264631e-06 rho=0.99944265175688296 accept=1
CLASSICAL_LM o=414 lambda=9.0771481335264631e-06 tau=9.0771481335264631e-06 prediction=3.6606460414952333 rho=0.99944265175688296 accept=1
  MFCG it 415 cost=2.584201e+05 lam=9.077e-06 tau=0.00e+00 cg_it=0 shift=0 ckpt=1 alpha=0 acc mv=1357
PCG_PREP o=415 rebuild=1 drift=0 previous_depth=1
E2_CAP o=415 retry=0 touched=1 ncam=52 raw=7160.6331762087993 capped=44.235834467295383 radius=403.16907370370865 median=1.1653750605629964 global_scale=1
ATTR_RADIUS o=415 raw_norm=7160.6331762088003 norm=44.235834467295383 radius=403.16907370370865 next_radius=403.16907370370865 lambda=9.0771481335264631e-06 next_lambda=9.0771481335264631e-06 rho=0.99433980411917655 accept=1
CLASSICAL_LM o=415 lambda=9.0771481335264631e-06 tau=9.0771481335264631e-06 prediction=0.76115520292178196 rho=0.99433980411917655 accept=1
  MFCG it 416 cost=2.584194e+05 lam=9.077e-06 tau=0.00e+00 cg_it=2 shift=0 ckpt=3 alpha=0 acc mv=1361
PCG_PREP o=416 rebuild=1 drift=0 previous_depth=3
E2_CAP o=416 retry=0 touched=2 ncam=52 raw=7286.995665715247 capped=31.812620245705656 radius=403.16907370370865 median=0.67260124037158109 global_scale=1
ATTR_RADIUS o=416 raw_norm=7286.9956657152461 norm=31.812620245705652 radius=403.16907370370865 next_radius=403.16907370370865 lambda=9.0771481335264631e-06 next_lambda=9.0771481335264631e-06 rho=0.99934764118084551 accept=1
CLASSICAL_LM o=416 lambda=9.0771481335264631e-06 tau=9.0771481335264631e-06 prediction=3.6834494374355384 rho=0.99934764118084551 accept=1
  MFCG it 417 cost=2.584157e+05 lam=9.077e-06 tau=0.00e+00 cg_it=0 shift=0 ckpt=1 alpha=0 acc mv=1363
PCG_PREP o=417 rebuild=1 drift=0 previous_depth=1
E2_CAP o=417 retry=0 touched=1 ncam=52 raw=7149.1221561733828 capped=43.942019906753323 radius=403.16907370370865 median=1.1851097645818287 global_scale=1
ATTR_RADIUS o=417 raw_norm=7149.122156173381 norm=43.942019906753316 radius=403.16907370370865 next_radius=403.16907370370865 lambda=9.0771481335264631e-06 next_lambda=9.0771481335264631e-06 rho=0.99509900687339192 accept=1
CLASSICAL_LM o=417 lambda=9.0771481335264631e-06 tau=9.0771481335264631e-06 prediction=0.87026671471787675 rho=0.99509900687339192 accept=1
  MFCG it 418 cost=2.584148e+05 lam=9.077e-06 tau=0.00e+00 cg_it=2 shift=0 ckpt=3 alpha=0 acc mv=1367
PCG_PREP o=418 rebuild=1 drift=0 previous_depth=3
E2_CAP o=418 retry=0 touched=2 ncam=52 raw=7274.3628617924824 capped=31.316351842557594 radius=403.16907370370865 median=0.65983722481116724 global_scale=1
ATTR_RADIUS o=418 raw_norm=7274.3628617924842 norm=31.316351842557594 radius=403.16907370370865 next_radius=403.16907370370865 lambda=9.0771481335264631e-06 next_lambda=9.0771481335264631e-06 rho=0.99937475948590115 accept=1
CLASSICAL_LM o=418 lambda=9.0771481335264631e-06 tau=9.0771481335264631e-06 prediction=3.6404699902224782 rho=0.99937475948590115 accept=1
  MFCG it 419 cost=2.584112e+05 lam=9.077e-06 tau=0.00e+00 cg_it=0 shift=0 ckpt=1 alpha=0 acc mv=1369
PCG_PREP o=419 rebuild=1 drift=0 previous_depth=1
E2_CAP o=419 retry=0 touched=2 ncam=52 raw=7261.6464578512332 capped=21.352466784096599 radius=403.16907370370865 median=0.4645490736182033 global_scale=1
ATTR_RADIUS o=419 raw_norm=7261.6464578512314 norm=21.352466784096595 radius=403.16907370370865 next_radius=403.16907370370865 lambda=9.0771481335264631e-06 next_lambda=9.0771481335264631e-06 rho=1.0000085890891761 accept=1
CLASSICAL_LM o=419 lambda=9.0771481335264631e-06 tau=9.0771481335264631e-06 prediction=1.9401598434850098 rho=1.0000085890891761 accept=1
  MFCG it 420 cost=2.584092e+05 lam=9.077e-06 tau=0.00e+00 cg_it=0 shift=0 ckpt=1 alpha=0 acc mv=1371
PCG_PREP o=420 rebuild=1 drift=0 previous_depth=1
E2_CAP o=420 retry=0 touched=1 ncam=52 raw=7134.8933699701238 capped=53.68565974687602 radius=403.16907370370865 median=1.2550027146490148 global_scale=1
ATTR_RADIUS o=420 raw_norm=7134.8933699701265 norm=53.685659746876013 radius=403.16907370370865 next_radius=403.16907370370865 lambda=9.0771481335264631e-06 next_lambda=9.0771481335264631e-06 rho=0.99361107688277128 accept=1
CLASSICAL_LM o=420 lambda=9.0771481335264631e-06 tau=9.0771481335264631e-06 prediction=0.5869085012423918 rho=0.99361107688277128 accept=1
  MFCG it 421 cost=2.584086e+05 lam=9.077e-06 tau=0.00e+00 cg_it=2 shift=0 ckpt=3 alpha=0 acc mv=1375
PCG_PREP o=421 rebuild=1 drift=0 previous_depth=3
E2_CAP o=421 retry=0 touched=2 ncam=52 raw=7259.6164671917741 capped=30.911584375278572 radius=403.16907370370865 median=0.65138121004812222 global_scale=1
ATTR_RADIUS o=421 raw_norm=7259.6164671917777 norm=30.911584375278579 radius=403.16907370370865 next_radius=403.16907370370865 lambda=9.0771481335264631e-06 next_lambda=9.0771481335264631e-06 rho=0.99944428513247441 accept=1
CLASSICAL_LM o=421 lambda=9.0771481335264631e-06 tau=9.0771481335264631e-06 prediction=3.5566475169063771 rho=0.99944428513247441 accept=1
  MFCG it 422 cost=2.584051e+05 lam=9.077e-06 tau=0.00e+00 cg_it=0 shift=0 ckpt=1 alpha=0 acc mv=1377
PCG_PREP o=422 rebuild=1 drift=0 previous_depth=1
E2_CAP o=422 retry=0 touched=1 ncam=52 raw=7121.8640241387911 capped=43.461355543994351 radius=403.16907370370865 median=1.1426050955684977 global_scale=1
ATTR_RADIUS o=422 raw_norm=7121.8640241387911 norm=43.461355543994344 radius=403.16907370370865 next_radius=403.16907370370865 lambda=9.0771481335264631e-06 next_lambda=9.0771481335264631e-06 rho=0.99439217797706669 accept=1
CLASSICAL_LM o=422 lambda=9.0771481335264631e-06 tau=9.0771481335264631e-06 prediction=0.73445983914144652 rho=0.99439217797706669 accept=1
  MFCG it 423 cost=2.584044e+05 lam=9.077e-06 tau=0.00e+00 cg_it=2 shift=0 ckpt=3 alpha=0 acc mv=1381
PCG_PREP o=423 rebuild=1 drift=0 previous_depth=3
E2_CAP o=423 retry=0 touched=2 ncam=52 raw=7247.7941288994507 capped=30.798344817457348 radius=403.16907370370865 median=0.6487406248337273 global_scale=1
ATTR_RADIUS o=423 raw_norm=7247.7941288994498 norm=30.798344817457338 radius=403.16907370370865 next_radius=403.16907370370865 lambda=9.0771481335264631e-06 next_lambda=9.0771481335264631e-06 rho=0.9993785473298672 accept=1
CLASSICAL_LM o=423 lambda=9.0771481335264631e-06 tau=9.0771481335264631e-06 prediction=3.545140804910357 rho=0.9993785473298672 accept=1
  MFCG it 424 cost=2.584008e+05 lam=9.077e-06 tau=0.00e+00 cg_it=0 shift=0 ckpt=1 alpha=0 acc mv=1383
PCG_PREP o=424 rebuild=1 drift=0 previous_depth=1
E2_CAP o=424 retry=0 touched=1 ncam=52 raw=7110.7244948103535 capped=42.850088020142252 radius=403.16907370370865 median=1.1540032079723397 global_scale=1
ATTR_RADIUS o=424 raw_norm=7110.7244948103544 norm=42.850088020142245 radius=403.16907370370865 next_radius=403.16907370370865 lambda=9.0771481335264631e-06 next_lambda=9.0771481335264631e-06 rho=0.99516077670958802 accept=1
CLASSICAL_LM o=424 lambda=9.0771481335264631e-06 tau=9.0771481335264631e-06 prediction=0.82734598327527598 rho=0.99516077670958802 accept=1
  MFCG it 425 cost=2.584000e+05 lam=9.077e-06 tau=0.00e+00 cg_it=2 shift=0 ckpt=3 alpha=0 acc mv=1387
PCG_PREP o=425 rebuild=1 drift=0 previous_depth=3
E2_CAP o=425 retry=0 touched=2 ncam=52 raw=7235.5377328756413 capped=30.734878808730233 radius=403.16907370370865 median=0.64725733265344576 global_scale=1
ATTR_RADIUS o=425 raw_norm=7235.5377328756422 norm=30.734878808730226 radius=403.16907370370865 next_radius=403.16907370370865 lambda=9.0771481335264631e-06 next_lambda=9.0771481335264631e-06 rho=0.99938944022238041 accept=1
CLASSICAL_LM o=425 lambda=9.0771481335264631e-06 tau=9.0771481335264631e-06 prediction=3.5378785254435123 rho=0.99938944022238041 accept=1
  MFCG it 426 cost=2.583965e+05 lam=9.077e-06 tau=0.00e+00 cg_it=0 shift=0 ckpt=1 alpha=0 acc mv=1389
PCG_PREP o=426 rebuild=1 drift=0 previous_depth=1
E2_CAP o=426 retry=0 touched=2 ncam=52 raw=7222.7528909442944 capped=20.900831442109777 radius=403.16907370370865 median=0.45439532438243047 global_scale=1
ATTR_RADIUS o=426 raw_norm=7222.7528909442963 norm=20.900831442109773 radius=403.16907370370865 next_radius=403.16907370370865 lambda=9.0771481335264631e-06 next_lambda=9.0771481335264631e-06 rho=1.0000128696400803 accept=1
CLASSICAL_LM o=426 lambda=9.0771481335264631e-06 tau=9.0771481335264631e-06 prediction=1.8815598483780289 rho=1.0000128696400803 accept=1
  MFCG it 427 cost=2.583946e+05 lam=9.077e-06 tau=0.00e+00 cg_it=0 shift=0 ckpt=1 alpha=0 acc mv=1391
PCG_PREP o=427 rebuild=1 drift=0 previous_depth=1
E2_CAP o=427 retry=0 touched=1 ncam=52 raw=7096.9387219901355 capped=52.86504813168083 radius=403.16907370370865 median=1.2408067767389723 global_scale=1
ATTR_RADIUS o=427 raw_norm=7096.9387219901364 norm=52.865048131680844 radius=403.16907370370865 next_radius=403.16907370370865 lambda=9.0771481335264631e-06 next_lambda=9.0771481335264631e-06 rho=0.99391616450218723 accept=1
CLASSICAL_LM o=427 lambda=9.0771481335264631e-06 tau=9.0771481335264631e-06 prediction=0.59510284599472252 rho=0.99391616450218723 accept=1
  MFCG it 428 cost=2.583940e+05 lam=9.077e-06 tau=0.00e+00 cg_it=2 shift=0 ckpt=3 alpha=0 acc mv=1395
PCG_PREP o=428 rebuild=1 drift=0 previous_depth=3
E2_CAP o=428 retry=0 touched=2 ncam=52 raw=7220.9036594263416 capped=30.451554701885382 radius=403.16907370370865 median=0.6418716374541209 global_scale=1
ATTR_RADIUS o=428 raw_norm=7220.9036594263443 norm=30.451554701885389 radius=403.16907370370865 next_radius=403.16907370370865 lambda=9.0771481335264631e-06 next_lambda=9.0771481335264631e-06 rho=0.99944632113937437 accept=1
CLASSICAL_LM o=428 lambda=9.0771481335264631e-06 tau=9.0771481335264631e-06 prediction=3.4670241062053564 rho=0.99944632113937437 accept=1
  MFCG it 429 cost=2.583905e+05 lam=9.077e-06 tau=0.00e+00 cg_it=0 shift=0 ckpt=1 alpha=0 acc mv=1397
PCG_PREP o=429 rebuild=1 drift=0 previous_depth=1
E2_CAP o=429 retry=0 touched=1 ncam=52 raw=7084.1887988803364 capped=42.616404642406323 radius=403.16907370370865 median=1.1186170884819617 global_scale=1
ATTR_RADIUS o=429 raw_norm=7084.1887988803355 norm=42.61640464240633 radius=403.16907370370865 next_radius=403.16907370370865 lambda=9.0771481335264631e-06 next_lambda=9.0771481335264631e-06 rho=0.99437001780532008 accept=1
CLASSICAL_LM o=429 lambda=9.0771481335264631e-06 tau=9.0771481335264631e-06 prediction=0.70422424110512993 rho=0.99437001780532008 accept=1
  MFCG it 430 cost=2.583898e+05 lam=9.077e-06 tau=0.00e+00 cg_it=2 shift=0 ckpt=3 alpha=0 acc mv=1401
PCG_PREP o=430 rebuild=1 drift=0 previous_depth=3
E2_CAP o=430 retry=0 touched=2 ncam=52 raw=7209.3225970272861 capped=30.323966649025678 radius=403.16907370370865 median=0.63880669500735165 global_scale=1
ATTR_RADIUS o=430 raw_norm=7209.3225970272842 norm=30.323966649025675 radius=403.16907370370865 next_radius=403.16907370370865 lambda=9.0771481335264631e-06 next_lambda=9.0771481335264631e-06 rho=0.99938240567423475 accept=1
CLASSICAL_LM o=430 lambda=9.0771481335264631e-06 tau=9.0771481335264631e-06 prediction=3.4555243101221991 rho=0.99938240567423475 accept=1
  MFCG it 431 cost=2.583864e+05 lam=9.077e-06 tau=0.00e+00 cg_it=0 shift=0 ckpt=1 alpha=0 acc mv=1403
PCG_PREP o=431 rebuild=1 drift=0 previous_depth=1
E2_CAP o=431 retry=0 touched=2 ncam=52 raw=7196.4029788653224 capped=20.677319948458088 radius=403.16907370370865 median=0.45020823914472596 global_scale=1
ATTR_RADIUS o=431 raw_norm=7196.4029788653233 norm=20.677319948458084 radius=403.16907370370865 next_radius=403.16907370370865 lambda=9.0771481335264631e-06 next_lambda=9.0771481335264631e-06 rho=1.0000084860962877 accept=1
CLASSICAL_LM o=431 lambda=9.0771481335264631e-06 tau=9.0771481335264631e-06 prediction=1.8385544170222261 rho=1.0000084860962877 accept=1
  MFCG it 432 cost=2.583845e+05 lam=9.077e-06 tau=0.00e+00 cg_it=0 shift=0 ckpt=1 alpha=0 acc mv=1405
PCG_PREP o=432 rebuild=1 drift=0 previous_depth=1
E2_CAP o=432 retry=0 touched=1 ncam=52 raw=7070.6350420502013 capped=52.630931432738578 radius=403.16907370370865 median=1.2335833656556234 global_scale=1
ATTR_RADIUS o=432 raw_norm=7070.6350420501985 norm=52.630931432738578 radius=403.16907370370865 next_radius=403.16907370370865 lambda=9.0771481335264631e-06 next_lambda=9.0771481335264631e-06 rho=0.99392675622879045 accept=1
CLASSICAL_LM o=432 lambda=9.0771481335264631e-06 tau=9.0771481335264631e-06 prediction=0.59480215368343692 rho=0.99392675622879045 accept=1
  MFCG it 433 cost=2.583839e+05 lam=9.077e-06 tau=0.00e+00 cg_it=2 shift=0 ckpt=3 alpha=0 acc mv=1409
PCG_PREP o=433 rebuild=1 drift=0 previous_depth=3
E2_CAP o=433 retry=0 touched=2 ncam=52 raw=7194.7011272467234 capped=29.996545570296892 radius=403.16907370370865 median=0.63195250274161507 global_scale=1
ATTR_RADIUS o=433 raw_norm=7194.7011272467216 norm=29.996545570296892 radius=403.16907370370865 next_radius=403.16907370370865 lambda=9.0771481335264631e-06 next_lambda=9.0771481335264631e-06 rho=0.99943904698390562 accept=1
CLASSICAL_LM o=433 lambda=9.0771481335264631e-06 tau=9.0771481335264631e-06 prediction=3.388032481418457 rho=0.99943904698390562 accept=1
  MFCG it 434 cost=2.583806e+05 lam=9.077e-06 tau=0.00e+00 cg_it=0 shift=0 ckpt=1 alpha=0 acc mv=1411
PCG_PREP o=434 rebuild=1 drift=0 previous_depth=1
E2_CAP o=434 retry=0 touched=1 ncam=52 raw=7058.0988112926634 capped=41.983937404266406 radius=403.16907370370865 median=1.0959848856013021 global_scale=1
ATTR_RADIUS o=434 raw_norm=7058.0988112926652 norm=41.983937404266406 radius=403.16907370370865 next_radius=403.16907370370865 lambda=9.0771481335264631e-06 next_lambda=9.0771481335264631e-06 rho=0.99418607605165321 accept=1
CLASSICAL_LM o=434 lambda=9.0771481335264631e-06 tau=9.0771481335264631e-06 prediction=0.66673353397576907 rho=0.99418607605165321 accept=1
  MFCG it 435 cost=2.583799e+05 lam=9.077e-06 tau=0.00e+00 cg_it=2 shift=0 ckpt=3 alpha=0 acc mv=1415
PCG_PREP o=435 rebuild=1 drift=0 previous_depth=3
E2_CAP o=435 retry=0 touched=2 ncam=52 raw=7183.3404559960127 capped=29.954726643336578 radius=403.16907370370865 median=0.63104993441578028 global_scale=1
ATTR_RADIUS o=435 raw_norm=7183.3404559960145 norm=29.954726643336571 radius=403.16907370370865 next_radius=403.16907370370865 lambda=9.0771481335264631e-06 next_lambda=9.0771481335264631e-06 rho=0.99937454849443252 accept=1
CLASSICAL_LM o=435 lambda=9.0771481335264631e-06 tau=9.0771481335264631e-06 prediction=3.3851618070433438 rho=0.99937454849443252 accept=1
  MFCG it 436 cost=2.583765e+05 lam=9.077e-06 tau=0.00e+00 cg_it=0 shift=0 ckpt=1 alpha=0 acc mv=1417
PCG_PREP o=436 rebuild=1 drift=0 previous_depth=1
E2_CAP o=436 retry=0 touched=1 ncam=52 raw=7047.534395082007 capped=41.549239662985677 radius=403.16907370370865 median=1.1158363374469176 global_scale=1
ATTR_RADIUS o=436 raw_norm=7047.5343950820061 norm=41.549239662985691 radius=403.16907370370865 next_radius=403.16907370370865 lambda=9.0771481335264631e-06 next_lambda=9.0771481335264631e-06 rho=0.99514529001722041 accept=1
CLASSICAL_LM o=436 lambda=9.0771481335264631e-06 tau=9.0771481335264631e-06 prediction=0.77885853150372519 rho=0.99514529001722041 accept=1
  MFCG it 437 cost=2.583757e+05 lam=9.077e-06 tau=0.00e+00 cg_it=2 shift=0 ckpt=3 alpha=0 acc mv=1421
PCG_PREP o=437 rebuild=1 drift=0 previous_depth=3
E2_CAP o=437 retry=0 touched=2 ncam=52 raw=7171.4586787568132 capped=29.924522738722214 radius=403.16907370370865 median=0.63033521480159893 global_scale=1
ATTR_RADIUS o=437 raw_norm=7171.4586787568132 norm=29.924522738722217 radius=403.16907370370865 next_radius=403.16907370370865 lambda=9.0771481335264631e-06 next_lambda=9.0771481335264631e-06 rho=0.9993930199991421 accept=1
CLASSICAL_LM o=437 lambda=9.0771481335264631e-06 tau=9.0771481335264631e-06 prediction=3.3831780971248828 rho=0.9993930199991421 accept=1
  MFCG it 438 cost=2.583724e+05 lam=9.077e-06 tau=0.00e+00 cg_it=0 shift=0 ckpt=1 alpha=0 acc mv=1423
PCG_PREP o=438 rebuild=1 drift=0 previous_depth=1
E2_CAP o=438 retry=0 touched=2 ncam=52 raw=7158.5539103377978 capped=20.068494621159118 radius=403.16907370370865 median=0.43541516866968327 global_scale=1
ATTR_RADIUS o=438 raw_norm=7158.5539103377969 norm=20.068494621159118 radius=403.16907370370865 next_radius=403.16907370370865 lambda=9.0771481335264631e-06 next_lambda=9.0771481335264631e-06 rho=1.0000221569397689 accept=1
CLASSICAL_LM o=438 lambda=9.0771481335264631e-06 tau=9.0771481335264631e-06 prediction=1.7795964548532615 rho=1.0000221569397689 accept=1
  MFCG it 439 cost=2.583706e+05 lam=9.077e-06 tau=0.00e+00 cg_it=0 shift=0 ckpt=1 alpha=0 acc mv=1425
PCG_PREP o=439 rebuild=1 drift=0 previous_depth=1
E2_CAP o=439 retry=0 touched=1 ncam=52 raw=7034.385490514228 capped=51.599597607590397 radius=403.16907370370865 median=1.217953558653051 global_scale=1
ATTR_RADIUS o=439 raw_norm=7034.3854905142289 norm=51.599597607590404 radius=403.16907370370865 next_radius=403.16907370370865 lambda=9.0771481335264631e-06 next_lambda=9.0771481335264631e-06 rho=0.99434540648003078 accept=1
CLASSICAL_LM o=439 lambda=9.0771481335264631e-06 tau=9.0771481335264631e-06 prediction=0.60574985963811101 rho=0.99434540648003078 accept=1
  MFCG it 440 cost=2.583700e+05 lam=9.077e-06 tau=0.00e+00 cg_it=2 shift=0 ckpt=3 alpha=0 acc mv=1429
PCG_PREP o=440 rebuild=1 drift=0 previous_depth=3
E2_CAP o=440 retry=0 touched=2 ncam=52 raw=7157.0319942895094 capped=29.683172921291497 radius=403.16907370370865 median=0.62587232253958947 global_scale=1
ATTR_RADIUS o=440 raw_norm=7157.0319942895103 norm=29.683172921291501 radius=403.16907370370865 next_radius=403.16907370370865 lambda=9.0771481335264631e-06 next_lambda=9.0771481335264631e-06 rho=0.99945173388815423 accept=1
CLASSICAL_LM o=440 lambda=9.0771481335264631e-06 tau=9.0771481335264631e-06 prediction=3.3213224131939443 rho=0.99945173388815423 accept=1
  MFCG it 441 cost=2.583667e+05 lam=9.077e-06 tau=0.00e+00 cg_it=0 shift=0 ckpt=1 alpha=0 acc mv=1431
PCG_PREP o=441 rebuild=1 drift=0 previous_depth=1
E2_CAP o=441 retry=0 touched=1 ncam=52 raw=7022.0720973874777 capped=41.227992329213329 radius=403.16907370370865 median=1.0783842081180393 global_scale=1
ATTR_RADIUS o=441 raw_norm=7022.0720973874804 norm=41.227992329213329 radius=403.16907370370865 next_radius=403.16907370370865 lambda=9.0771481335264631e-06 next_lambda=9.0771481335264631e-06 rho=0.99427853221650886 accept=1
CLASSICAL_LM o=441 lambda=9.0771481335264631e-06 tau=9.0771481335264631e-06 prediction=0.65230428964380593 rho=0.99427853221650886 accept=1
  MFCG it 442 cost=2.583660e+05 lam=9.077e-06 tau=0.00e+00 cg_it=2 shift=0 ckpt=3 alpha=0 acc mv=1435
PCG_PREP o=442 rebuild=1 drift=0 previous_depth=3
E2_CAP o=442 retry=0 touched=2 ncam=52 raw=7145.8648652220345 capped=29.542849415691975 radius=403.16907370370865 median=0.62237285808113696 global_scale=1
ATTR_RADIUS o=442 raw_norm=7145.8648652220354 norm=29.542849415691965 radius=403.16907370370865 next_radius=403.16907370370865 lambda=9.0771481335264631e-06 next_lambda=9.0771481335264631e-06 rho=0.99938150218530475 accept=1
CLASSICAL_LM o=442 lambda=9.0771481335264631e-06 tau=9.0771481335264631e-06 prediction=3.3107319434138676 rho=0.99938150218530475 accept=1
  MFCG it 443 cost=2.583627e+05 lam=9.077e-06 tau=0.00e+00 cg_it=0 shift=0 ckpt=1 alpha=0 acc mv=1437
PCG_PREP o=443 rebuild=1 drift=0 previous_depth=1
E2_CAP o=443 retry=0 touched=2 ncam=52 raw=7132.8672584607393 capped=19.924217837439656 radius=403.16907370370865 median=0.43302739847087357 global_scale=1
ATTR_RADIUS o=443 raw_norm=7132.8672584607384 norm=19.924217837439659 radius=403.16907370370865 next_radius=403.16907370370865 lambda=9.0771481335264631e-06 next_lambda=9.0771481335264631e-06 rho=1.0000179405814682 accept=1
CLASSICAL_LM o=443 lambda=9.0771481335264631e-06 tau=9.0771481335264631e-06 prediction=1.7474510269333663 rho=1.0000179405814682 accept=1
  MFCG it 444 cost=2.583609e+05 lam=9.077e-06 tau=0.00e+00 cg_it=0 shift=0 ckpt=1 alpha=0 acc mv=1439
PCG_PREP o=444 rebuild=1 drift=0 previous_depth=1
E2_CAP o=444 retry=0 touched=1 ncam=52 raw=7009.120885092002 capped=51.417469631852178 radius=403.16907370370865 median=1.2130006540989566 global_scale=1
ATTR_RADIUS o=444 raw_norm=7009.1208850920002 norm=51.417469631852185 radius=403.16907370370865 next_radius=403.16907370370865 lambda=9.0771481335264631e-06 next_lambda=9.0771481335264631e-06 rho=0.99438470700975345 accept=1
CLASSICAL_LM o=444 lambda=9.0771481335264631e-06 tau=9.0771481335264631e-06 prediction=0.60911725990914856 rho=0.99438470700975345 accept=1
  MFCG it 445 cost=2.583603e+05 lam=9.077e-06 tau=0.00e+00 cg_it=2 shift=0 ckpt=3 alpha=0 acc mv=1443
PCG_PREP o=445 rebuild=1 drift=0 previous_depth=3
E2_CAP o=445 retry=0 touched=2 ncam=52 raw=7131.4801842369716 capped=29.292901500379536 radius=403.16907370370865 median=0.61745198359805054 global_scale=1
ATTR_RADIUS o=445 raw_norm=7131.4801842369707 norm=29.292901500379532 radius=403.16907370370865 next_radius=403.16907370370865 lambda=9.0771481335264631e-06 next_lambda=9.0771481335264631e-06 rho=0.99944624768532864 accept=1
CLASSICAL_LM o=445 lambda=9.0771481335264631e-06 tau=9.0771481335264631e-06 prediction=3.2533605048876595 rho=0.99944624768532864 accept=1
  MFCG it 446 cost=2.583571e+05 lam=9.077e-06 tau=0.00e+00 cg_it=0 shift=0 ckpt=1 alpha=0 acc mv=1445
PCG_PREP o=446 rebuild=1 drift=0 previous_depth=1
E2_CAP o=446 retry=0 touched=1 ncam=52 raw=6996.9751040686124 capped=40.951628958210513 radius=403.16907370370865 median=1.0707713885260921 global_scale=1
ATTR_RADIUS o=446 raw_norm=6996.9751040686124 norm=40.951628958210506 radius=403.16907370370865 next_radius=403.16907370370865 lambda=9.0771481335264631e-06 next_lambda=9.0771481335264631e-06 rho=0.99436395563268853 accept=1
CLASSICAL_LM o=446 lambda=9.0771481335264631e-06 tau=9.0771481335264631e-06 prediction=0.6518346849974852 rho=0.99436395563268853 accept=1
  MFCG it 447 cost=2.583564e+05 lam=9.077e-06 tau=0.00e+00 cg_it=2 shift=0 ckpt=3 alpha=0 acc mv=1449
PCG_PREP o=447 rebuild=1 drift=0 previous_depth=3
E2_CAP o=447 retry=0 touched=2 ncam=52 raw=7120.4363247996098 capped=29.221951080632238 radius=403.16907370370865 median=0.61574115701023202 global_scale=1
ATTR_RADIUS o=447 raw_norm=7120.4363247996116 norm=29.221951080632227 radius=403.16907370370865 next_radius=403.16907370370865 lambda=9.0771481335264631e-06 next_lambda=9.0771481335264631e-06 rho=0.99938660766362886 accept=1
CLASSICAL_LM o=447 lambda=9.0771481335264631e-06 tau=9.0771481335264631e-06 prediction=3.2493367457030375 rho=0.99938660766362886 accept=1
  MFCG it 448 cost=2.583532e+05 lam=9.077e-06 tau=0.00e+00 cg_it=0 shift=0 ckpt=1 alpha=0 acc mv=1451
PCG_PREP o=448 rebuild=1 drift=0 previous_depth=1
E2_CAP o=448 retry=0 touched=2 ncam=52 raw=7107.399554133287 capped=19.400812008293673 radius=403.16907370370865 median=0.42064059861603248 global_scale=1
ATTR_RADIUS o=448 raw_norm=7107.3995541332861 norm=19.400812008293677 radius=403.16907370370865 next_radius=403.16907370370865 lambda=9.0771481335264631e-06 next_lambda=9.0771481335264631e-06 rho=1.0000223232867507 accept=1
CLASSICAL_LM o=448 lambda=9.0771481335264631e-06 tau=9.0771481335264631e-06 prediction=1.6922934505040295 rho=1.0000223232867507 accept=1
  MFCG it 449 cost=2.583515e+05 lam=9.077e-06 tau=0.00e+00 cg_it=0 shift=0 ckpt=1 alpha=0 acc mv=1453
PCG_PREP o=449 rebuild=1 drift=0 previous_depth=1
E2_CAP o=449 retry=0 touched=1 ncam=52 raw=6984.2633939303296 capped=51.028010795312269 radius=403.16907370370865 median=1.2096059302023592 global_scale=1
ATTR_RADIUS o=449 raw_norm=6984.2633939303296 norm=51.028010795312269 radius=403.16907370370865 next_radius=403.16907370370865 lambda=9.0771481335264631e-06 next_lambda=9.0771481335264631e-06 rho=0.99465346359773399 accept=1
CLASSICAL_LM o=449 lambda=9.0771481335264631e-06 tau=9.0771481335264631e-06 prediction=0.62902496263608032 rho=0.99465346359773399 accept=1
  MFCG it 450 cost=2.583509e+05 lam=9.077e-06 tau=0.00e+00 cg_it=2 shift=0 ckpt=3 alpha=0 acc mv=1457
PCG_PREP o=450 rebuild=1 drift=0 previous_depth=3
E2_CAP o=450 retry=0 touched=2 ncam=52 raw=7106.1391562650388 capped=28.966946265982916 radius=403.16907370370865 median=0.61057565643096312 global_scale=1
ATTR_RADIUS o=450 raw_norm=7106.1391562650379 norm=28.966946265982916 radius=403.16907370370865 next_radius=403.16907370370865 lambda=9.0771481335264631e-06 next_lambda=9.0771481335264631e-06 rho=0.99944678236053675 accept=1
CLASSICAL_LM o=450 lambda=9.0771481335264631e-06 tau=9.0771481335264631e-06 prediction=3.1943071492327006 rho=0.99944678236053675 accept=1
  MFCG it 451 cost=2.583477e+05 lam=9.077e-06 tau=0.00e+00 cg_it=0 shift=0 ckpt=1 alpha=0 acc mv=1459
PCG_PREP o=451 rebuild=1 drift=0 previous_depth=1
E2_CAP o=451 retry=0 touched=1 ncam=52 raw=6972.275444279524 capped=40.660292860102437 radius=403.16907370370865 median=1.0652799659088945 global_scale=1
ATTR_RADIUS o=451 raw_norm=6972.275444279524 norm=40.660292860102437 radius=403.16907370370865 next_radius=403.16907370370865 lambda=9.0771481335264631e-06 next_lambda=9.0771481335264631e-06 rho=0.99450393536025805 accept=1
CLASSICAL_LM o=451 lambda=9.0771481335264631e-06 tau=9.0771481335264631e-06 prediction=0.65831905680525771 rho=0.99450393536025805 accept=1
  MFCG it 452 cost=2.583470e+05 lam=9.077e-06 tau=0.00e+00 cg_it=2 shift=0 ckpt=3 alpha=0 acc mv=1463
PCG_PREP o=452 rebuild=1 drift=0 previous_depth=3
E2_CAP o=452 retry=0 touched=2 ncam=52 raw=7095.1836616193541 capped=28.904317141207013 radius=403.16907370370865 median=0.60903838268772192 global_scale=1
ATTR_RADIUS o=452 raw_norm=7095.1836616193541 norm=28.904317141207009 radius=403.16907370370865 next_radius=403.16907370370865 lambda=9.0771481335264631e-06 next_lambda=9.0771481335264631e-06 rho=0.99938382194957176 accept=1
CLASSICAL_LM o=452 lambda=9.0771481335264631e-06 tau=9.0771481335264631e-06 prediction=3.1916320004153209 rho=0.99938382194957176 accept=1
  MFCG it 453 cost=2.583438e+05 lam=9.077e-06 tau=0.00e+00 cg_it=0 shift=0 ckpt=1 alpha=0 acc mv=1465
PCG_PREP o=453 rebuild=1 drift=0 previous_depth=1
E2_CAP o=453 retry=0 touched=2 ncam=52 raw=7082.1291190504071 capped=19.043912820411414 radius=403.16907370370865 median=0.41237616163787705 global_scale=1
ATTR_RADIUS o=453 raw_norm=7082.1291190504089 norm=19.043912820411418 radius=403.16907370370865 next_radius=403.16907370370865 lambda=9.0771481335264631e-06 next_lambda=9.0771481335264631e-06 rho=1.0000264257307525 accept=1
CLASSICAL_LM o=453 lambda=9.0771481335264631e-06 tau=9.0771481335264631e-06 prediction=1.6518341558010299 rho=1.0000264257307525 accept=1
  MFCG it 454 cost=2.583422e+05 lam=9.077e-06 tau=0.00e+00 cg_it=0 shift=0 ckpt=1 alpha=0 acc mv=1467
PCG_PREP o=454 rebuild=1 drift=0 previous_depth=1
E2_CAP o=454 retry=0 touched=1 ncam=52 raw=6959.762090941771 capped=50.607758666099897 radius=403.16907370370865 median=1.2045167184277488 global_scale=1
ATTR_RADIUS o=454 raw_norm=6959.7620909417719 norm=50.607758666099905 radius=403.16907370370865 next_radius=403.16907370370865 lambda=9.0771481335264631e-06 next_lambda=9.0771481335264631e-06 rho=0.99486195504469654 accept=1
CLASSICAL_LM o=454 lambda=9.0771481335264631e-06 tau=9.0771481335264631e-06 prediction=0.64256022300195226 rho=0.99486195504469654 accept=1
  MFCG it 455 cost=2.583415e+05 lam=9.077e-06 tau=0.00e+00 cg_it=2 shift=0 ckpt=3 alpha=0 acc mv=1471
PCG_PREP o=455 rebuild=1 drift=0 previous_depth=3
E2_CAP o=455 retry=0 touched=2 ncam=52 raw=7080.9719213589269 capped=28.674703710403854 radius=403.16907370370865 median=0.6044880462170632 global_scale=1
ATTR_RADIUS o=455 raw_norm=7080.9719213589296 norm=28.674703710403847 radius=403.16907370370865 next_radius=403.16907370370865 lambda=9.0771481335264631e-06 next_lambda=9.0771481335264631e-06 rho=0.99944925055599243 accept=1
CLASSICAL_LM o=455 lambda=9.0771481335264631e-06 tau=9.0771481335264631e-06 prediction=3.1404473081651214 rho=0.99944925055599243 accept=1
  MFCG it 456 cost=2.583384e+05 lam=9.077e-06 tau=0.00e+00 cg_it=0 shift=0 ckpt=1 alpha=0 acc mv=1473
PCG_PREP o=456 rebuild=1 drift=0 previous_depth=1
E2_CAP o=456 retry=0 touched=1 ncam=52 raw=6947.9238736251709 capped=40.333828337838327 radius=403.16907370370865 median=1.0587092349478624 global_scale=1
ATTR_RADIUS o=456 raw_norm=6947.92387362517 norm=40.33382833783832 radius=403.16907370370865 next_radius=403.16907370370865 lambda=9.0771481335264631e-06 next_lambda=9.0771481335264631e-06 rho=0.99462711097015144 accept=1
CLASSICAL_LM o=456 lambda=9.0771481335264631e-06 tau=9.0771481335264631e-06 prediction=0.66115162355519963 rho=0.99462711097015144 accept=1
  MFCG it 457 cost=2.583378e+05 lam=9.077e-06 tau=0.00e+00 cg_it=2 shift=0 ckpt=3 alpha=0 acc mv=1477
PCG_PREP o=457 rebuild=1 drift=0 previous_depth=3
E2_CAP o=457 retry=0 touched=2 ncam=52 raw=7070.1209247786946 capped=28.621865288665006 radius=403.16907370370865 median=0.60319345950521375 global_scale=1
ATTR_RADIUS o=457 raw_norm=7070.1209247786937 norm=28.621865288665003 radius=403.16907370370865 next_radius=403.16907370370865 lambda=9.0771481335264631e-06 next_lambda=9.0771481335264631e-06 rho=0.99938953075244341 accept=1
CLASSICAL_LM o=457 lambda=9.0771481335264631e-06 tau=9.0771481335264631e-06 prediction=3.1389887747579412 rho=0.99938953075244341 accept=1
  MFCG it 458 cost=2.583346e+05 lam=9.077e-06 tau=0.00e+00 cg_it=0 shift=0 ckpt=1 alpha=0 acc mv=1479
PCG_PREP o=458 rebuild=1 drift=0 previous_depth=1
E2_CAP o=458 retry=0 touched=2 ncam=52 raw=7057.0509230623675 capped=18.745761607172923 radius=403.16907370370865 median=0.40553321719362323 global_scale=1
ATTR_RADIUS o=458 raw_norm=7057.0509230623693 norm=18.74576160717292 radius=403.16907370370865 next_radius=403.16907370370865 lambda=9.0771481335264631e-06 next_lambda=9.0771481335264631e-06 rho=1.0000301562486538 accept=1
CLASSICAL_LM o=458 lambda=9.0771481335264631e-06 tau=9.0771481335264631e-06 prediction=1.6172909821168187 rho=1.0000301562486538 accept=1
  MFCG it 459 cost=2.583330e+05 lam=9.077e-06 tau=0.00e+00 cg_it=0 shift=0 ckpt=1 alpha=0 acc mv=1481
PCG_PREP o=459 rebuild=1 drift=0 previous_depth=1
E2_CAP o=459 retry=0 touched=1 ncam=52 raw=6935.5790190738744 capped=50.140136744741326 radius=403.16907370370865 median=1.1963943160239252 global_scale=1
ATTR_RADIUS o=459 raw_norm=6935.5790190738744 norm=50.140136744741319 radius=403.16907370370865 next_radius=403.16907370370865 lambda=9.0771481335264631e-06 next_lambda=9.0771481335264631e-06 rho=0.99499809813631701 accept=1
CLASSICAL_LM o=459 lambda=9.0771481335264631e-06 tau=9.0771481335264631e-06 prediction=0.64661166036558881 rho=0.99499809813631701 accept=1
  MFCG it 460 cost=2.583324e+05 lam=9.077e-06 tau=0.00e+00 cg_it=2 shift=0 ckpt=3 alpha=0 acc mv=1485
PCG_PREP o=460 rebuild=1 drift=0 previous_depth=3
E2_CAP o=460 retry=0 touched=2 ncam=52 raw=7056.0176693365056 capped=28.407619046080796 radius=403.16907370370865 median=0.59899343713866027 global_scale=1
ATTR_RADIUS o=460 raw_norm=7056.0176693365074 norm=28.407619046080789 radius=403.16907370370865 next_radius=403.16907370370865 lambda=9.0771481335264631e-06 next_lambda=9.0771481335264631e-06 rho=0.99945175833766886 accept=1
CLASSICAL_LM o=460 lambda=9.0771481335264631e-06 tau=9.0771481335264631e-06 prediction=3.0904546504111932 rho=0.99945175833766886 accept=1
  MFCG it 461 cost=2.583293e+05 lam=9.077e-06 tau=0.00e+00 cg_it=0 shift=0 ckpt=1 alpha=0 acc mv=1487
PCG_PREP o=461 rebuild=1 drift=0 previous_depth=1
E2_CAP o=461 retry=0 touched=1 ncam=52 raw=6923.8918019983357 capped=39.994242103326116 radius=403.16907370370865 median=1.0514045733147479 global_scale=1
ATTR_RADIUS o=461 raw_norm=6923.8918019983348 norm=39.994242103326123 radius=403.16907370370865 next_radius=403.16907370370865 lambda=9.0771481335264631e-06 next_lambda=9.0771481335264631e-06 rho=0.99471978868025013 accept=1
CLASSICAL_LM o=461 lambda=9.0771481335264631e-06 tau=9.0771481335264631e-06 prediction=0.661193713514725 rho=0.99471978868025013 accept=1
  MFCG it 462 cost=2.583286e+05 lam=9.077e-06 tau=0.00e+00 cg_it=2 shift=0 ckpt=3 alpha=0 acc mv=1491
PCG_PREP o=462 rebuild=1 drift=0 previous_depth=3
E2_CAP o=462 retry=0 touched=2 ncam=52 raw=7045.2738416057455 capped=28.326530557283043 radius=403.16907370370865 median=0.59692509749089284 global_scale=1
ATTR_RADIUS o=462 raw_norm=7045.2738416057446 norm=28.326530557283046 radius=403.16907370370865 next_radius=403.16907370370865 lambda=9.0771481335264631e-06 next_lambda=9.0771481335264631e-06 rho=0.9993873477759343 accept=1
CLASSICAL_LM o=462 lambda=9.0771481335264631e-06 tau=9.0771481335264631e-06 prediction=3.0872090559492529 rho=0.9993873477759343 accept=1
  MFCG it 463 cost=2.583255e+05 lam=9.077e-06 tau=0.00e+00 cg_it=0 shift=0 ckpt=1 alpha=0 acc mv=1493
PCG_PREP o=463 rebuild=1 drift=0 previous_depth=1
E2_CAP o=463 retry=0 touched=2 ncam=52 raw=7032.2095823221516 capped=18.470976969097002 radius=403.16907370370865 median=0.39922980823274612 global_scale=1
ATTR_RADIUS o=463 raw_norm=7032.2095823221498 norm=18.470976969096995 radius=403.16907370370865 next_radius=403.16907370370865 lambda=9.0771481335264631e-06 next_lambda=9.0771481335264631e-06 rho=1.0000337725044555 accept=1
CLASSICAL_LM o=463 lambda=9.0771481335264631e-06 tau=9.0771481335264631e-06 prediction=1.5856323452714798 rho=1.0000337725044555 accept=1
  MFCG it 464 cost=2.583239e+05 lam=9.077e-06 tau=0.00e+00 cg_it=0 shift=0 ckpt=1 alpha=0 acc mv=1495
PCG_PREP o=464 rebuild=1 drift=0 previous_depth=1
E2_CAP o=464 retry=0 touched=1 ncam=52 raw=6911.7140183579368 capped=49.537655929953168 radius=403.16907370370865 median=1.1817643499658916 global_scale=1
ATTR_RADIUS o=464 raw_norm=6911.7140183579368 norm=49.537655929953161 radius=403.16907370370865 next_radius=403.16907370370865 lambda=9.0771481335264631e-06 next_lambda=9.0771481335264631e-06 rho=0.99503611189177554 accept=1
CLASSICAL_LM o=464 lambda=9.0771481335264631e-06 tau=9.0771481335264631e-06 prediction=0.63376236029349986 rho=0.99503611189177554 accept=1
  MFCG it 465 cost=2.583233e+05 lam=9.077e-06 tau=0.00e+00 cg_it=2 shift=0 ckpt=3 alpha=0 acc mv=1499
PCG_PREP o=465 rebuild=1 drift=0 previous_depth=3
E2_CAP o=465 retry=0 touched=2 ncam=52 raw=7031.3401562591471 capped=28.156683809386298 radius=403.16907370370865 median=0.5938640761379852 global_scale=1
ATTR_RADIUS o=465 raw_norm=7031.3401562591462 norm=28.156683809386305 radius=403.16907370370865 next_radius=403.16907370370865 lambda=9.0771481335264631e-06 next_lambda=9.0771481335264631e-06 rho=0.99945460915158757 accept=1
CLASSICAL_LM o=465 lambda=9.0771481335264631e-06 tau=9.0771481335264631e-06 prediction=3.0432716816049097 rho=0.99945460915158757 accept=1
  MFCG it 466 cost=2.583203e+05 lam=9.077e-06 tau=0.00e+00 cg_it=0 shift=0 ckpt=1 alpha=0 acc mv=1501
PCG_PREP o=466 rebuild=1 drift=0 previous_depth=1
E2_CAP o=466 retry=0 touched=1 ncam=52 raw=6900.2020350452894 capped=39.600684707257066 radius=403.16907370370865 median=1.0417286927496185 global_scale=1
ATTR_RADIUS o=466 raw_norm=6900.2020350452885 norm=39.600684707257081 radius=403.16907370370865 next_radius=403.16907370370865 lambda=9.0771481335264631e-06 next_lambda=9.0771481335264631e-06 rho=0.99478694746805707 accept=1
CLASSICAL_LM o=466 lambda=9.0771481335264631e-06 tau=9.0771481335264631e-06 prediction=0.65481592704109481 rho=0.99478694746805707 accept=1
  MFCG it 467 cost=2.583196e+05 lam=9.077e-06 tau=0.00e+00 cg_it=2 shift=0 ckpt=3 alpha=0 acc mv=1505
PCG_PREP o=467 rebuild=1 drift=0 previous_depth=3
E2_CAP o=467 retry=0 touched=2 ncam=52 raw=7020.7225789860868 capped=28.058164078076487 radius=403.16907370370865 median=0.59133315106006545 global_scale=1
ATTR_RADIUS o=467 raw_norm=7020.7225789860859 norm=28.058164078076484 radius=403.16907370370865 next_radius=403.16907370370865 lambda=9.0771481335264631e-06 next_lambda=9.0771481335264631e-06 rho=0.99939574642804507 accept=1
CLASSICAL_LM o=467 lambda=9.0771481335264631e-06 tau=9.0771481335264631e-06 prediction=3.0389587551293107 rho=0.99939574642804507 accept=1
  MFCG it 468 cost=2.583166e+05 lam=9.077e-06 tau=0.00e+00 cg_it=0 shift=0 ckpt=1 alpha=0 acc mv=1507
PCG_PREP o=468 rebuild=1 drift=0 previous_depth=1
E2_CAP o=468 retry=0 touched=2 ncam=52 raw=7007.6598070638802 capped=18.222166249487163 radius=403.16907370370865 median=0.39354934824438181 global_scale=1
ATTR_RADIUS o=468 raw_norm=7007.6598070638784 norm=18.222166249487163 radius=403.16907370370865 next_radius=403.16907370370865 lambda=9.0771481335264631e-06 next_lambda=9.0771481335264631e-06 rho=1.0000368316981427 accept=1
CLASSICAL_LM o=468 lambda=9.0771481335264631e-06 tau=9.0771481335264631e-06 prediction=1.5567542781247719 rho=1.0000368316981427 accept=1
  MFCG it 469 cost=2.583150e+05 lam=9.077e-06 tau=0.00e+00 cg_it=0 shift=0 ckpt=1 alpha=0 acc mv=1509
PCG_PREP o=469 rebuild=1 drift=0 previous_depth=1
E2_CAP o=469 retry=0 touched=1 ncam=52 raw=6888.1967580024148 capped=49.343515896265366 radius=403.16907370370865 median=1.1852323991978913 global_scale=1
ATTR_RADIUS o=469 raw_norm=6888.1967580024166 norm=49.343515896265359 radius=403.16907370370865 next_radius=403.16907370370865 lambda=9.0771481335264631e-06 next_lambda=9.0771481335264631e-06 rho=0.99531489253831573 accept=1
CLASSICAL_LM o=469 lambda=9.0771481335264631e-06 tau=9.0771481335264631e-06 prediction=0.66504903931047599 rho=0.99531489253831573 accept=1
  MFCG it 470 cost=2.583144e+05 lam=9.077e-06 tau=0.00e+00 cg_it=2 shift=0 ckpt=3 alpha=0 acc mv=1513
PCG_PREP o=470 rebuild=1 drift=0 previous_depth=3
E2_CAP o=470 retry=0 touched=2 ncam=52 raw=7006.8217342679345 capped=27.870603510559999 radius=403.16907370370865 median=0.5877564708816666 global_scale=1
ATTR_RADIUS o=470 raw_norm=7006.8217342679336 norm=27.870603510560002 radius=403.16907370370865 next_radius=403.16907370370865 lambda=9.0771481335264631e-06 next_lambda=9.0771481335264631e-06 rho=0.99945041486917385 accept=1
CLASSICAL_LM o=470 lambda=9.0771481335264631e-06 tau=9.0771481335264631e-06 prediction=2.9945474179849705 rho=0.99945041486917385 accept=1
  MFCG it 471 cost=2.583114e+05 lam=9.077e-06 tau=0.00e+00 cg_it=0 shift=0 ckpt=1 alpha=0 acc mv=1515
PCG_PREP o=471 rebuild=1 drift=0 previous_depth=1
E2_CAP o=471 retry=0 touched=1 ncam=52 raw=6876.753787723881 capped=39.217419801499972 radius=403.16907370370865 median=1.032304684889896 global_scale=1
ATTR_RADIUS o=471 raw_norm=6876.753787723881 norm=39.217419801499965 radius=403.16907370370865 next_radius=403.16907370370865 lambda=9.0771481335264631e-06 next_lambda=9.0771481335264631e-06 rho=0.99482888766243271 accept=1
CLASSICAL_LM o=471 lambda=9.0771481335264631e-06 tau=9.0771481335264631e-06 prediction=0.64888543000858412 rho=0.99482888766243271 accept=1
  MFCG it 472 cost=2.583107e+05 lam=9.077e-06 tau=0.00e+00 cg_it=2 shift=0 ckpt=3 alpha=0 acc mv=1519
PCG_PREP o=472 rebuild=1 drift=0 previous_depth=3
E2_CAP o=472 retry=0 touched=2 ncam=52 raw=6996.3465942632474 capped=27.79569558007001 radius=403.16907370370865 median=0.58585397408468087 global_scale=1
ATTR_RADIUS o=472 raw_norm=6996.3465942632456 norm=27.795695580070014 radius=403.16907370370865 next_radius=403.16907370370865 lambda=9.0771481335264631e-06 next_lambda=9.0771481335264631e-06 rho=0.99939869704998985 accept=1
CLASSICAL_LM o=472 lambda=9.0771481335264631e-06 tau=9.0771481335264631e-06 prediction=2.9922532835691231 rho=0.99939869704998985 accept=1
  MFCG it 473 cost=2.583077e+05 lam=9.077e-06 tau=0.00e+00 cg_it=0 shift=0 ckpt=1 alpha=0 acc mv=1521
PCG_PREP o=473 rebuild=1 drift=0 previous_depth=1
E2_CAP o=473 retry=0 touched=2 ncam=52 raw=6983.2901109192417 capped=17.986065329362894 radius=403.16907370370865 median=0.38816528821780838 global_scale=1
ATTR_RADIUS o=473 raw_norm=6983.2901109192444 norm=17.986065329362891 radius=403.16907370370865 next_radius=403.16907370370865 lambda=9.0771481335264631e-06 next_lambda=9.0771481335264631e-06 rho=1.0000401875406364 accept=1
CLASSICAL_LM o=473 lambda=9.0771481335264631e-06 tau=9.0771481335264631e-06 prediction=1.529430806167875 rho=1.0000401875406364 accept=1
  MFCG it 474 cost=2.583062e+05 lam=9.077e-06 tau=0.00e+00 cg_it=0 shift=0 ckpt=1 alpha=0 acc mv=1523
PCG_PREP o=474 rebuild=1 drift=0 previous_depth=1
E2_CAP o=474 retry=0 touched=1 ncam=52 raw=6864.9113636004777 capped=48.52581105641115 radius=403.16907370370865 median=1.1591805154067552 global_scale=1
ATTR_RADIUS o=474 raw_norm=6864.9113636004786 norm=48.525811056411158 radius=403.16907370370865 next_radius=403.16907370370865 lambda=9.0771481335264631e-06 next_lambda=9.0771481335264631e-06 rho=0.99517800780117838 accept=1
CLASSICAL_LM o=474 lambda=9.0771481335264631e-06 tau=9.0771481335264631e-06 prediction=0.62225408091149292 rho=0.99517800780117838 accept=1
  MFCG it 475 cost=2.583056e+05 lam=9.077e-06 tau=0.00e+00 cg_it=2 shift=0 ckpt=3 alpha=0 acc mv=1527
PCG_PREP o=475 rebuild=1 drift=0 previous_depth=3
E2_CAP o=475 retry=0 touched=2 ncam=52 raw=6982.7003922579006 capped=27.613945738072356 radius=403.16907370370865 median=0.58239818159639634 global_scale=1
ATTR_RADIUS o=475 raw_norm=6982.7003922578997 norm=27.61394573807236 radius=403.16907370370865 next_radius=403.16907370370865 lambda=9.0771481335264631e-06 next_lambda=9.0771481335264631e-06 rho=0.99945721384868957 accept=1
CLASSICAL_LM o=475 lambda=9.0771481335264631e-06 tau=9.0771481335264631e-06 prediction=2.949356370845972 rho=0.99945721384868957 accept=1
  MFCG it 476 cost=2.583026e+05 lam=9.077e-06 tau=0.00e+00 cg_it=0 shift=0 ckpt=1 alpha=0 acc mv=1529
PCG_PREP o=476 rebuild=1 drift=0 previous_depth=1
E2_CAP o=476 retry=0 touched=1 ncam=52 raw=6853.7014244182064 capped=38.83913759861035 radius=403.16907370370865 median=1.0229601893874904 global_scale=1
ATTR_RADIUS o=476 raw_norm=6853.7014244182092 norm=38.839137598610364 radius=403.16907370370865 next_radius=403.16907370370865 lambda=9.0771481335264631e-06 next_lambda=9.0771481335264631e-06 rho=0.99489946010673636 accept=1
CLASSICAL_LM o=476 lambda=9.0771481335264631e-06 tau=9.0771481335264631e-06 prediction=0.6429621931248084 rho=0.99489946010673636 accept=1
  MFCG it 477 cost=2.583020e+05 lam=9.077e-06 tau=0.00e+00 cg_it=2 shift=0 ckpt=3 alpha=0 acc mv=1533
PCG_PREP o=477 rebuild=1 drift=0 previous_depth=3
E2_CAP o=477 retry=0 touched=2 ncam=52 raw=6972.3475144314016 capped=27.529857593239662 radius=403.16907370370865 median=0.58023296364302068 global_scale=1
ATTR_RADIUS o=477 raw_norm=6972.3475144314007 norm=27.529857593239662 radius=403.16907370370865 next_radius=403.16907370370865 lambda=9.0771481335264631e-06 next_lambda=9.0771481335264631e-06 rho=0.99940058254139152 accept=1
CLASSICAL_LM o=477 lambda=9.0771481335264631e-06 tau=9.0771481335264631e-06 prediction=2.9464692047666894 rho=0.99940058254139152 accept=1
  MFCG it 478 cost=2.582990e+05 lam=9.077e-06 tau=0.00e+00 cg_it=0 shift=0 ckpt=1 alpha=0 acc mv=1535
PCG_PREP o=478 rebuild=1 drift=0 previous_depth=1
E2_CAP o=478 retry=0 touched=2 ncam=52 raw=6959.3036905159761 capped=17.756679714661782 radius=403.16907370370865 median=0.38292298956259663 global_scale=1
ATTR_RADIUS o=478 raw_norm=6959.303690515977 norm=17.756679714661775 radius=403.16907370370865 next_radius=403.16907370370865 lambda=9.0771481335264631e-06 next_lambda=9.0771481335264631e-06 rho=1.0000428372054044 accept=1
CLASSICAL_LM o=478 lambda=9.0771481335264631e-06 tau=9.0771481335264631e-06 prediction=1.5032189959975819 rho=1.0000428372054044 accept=1
  MFCG it 479 cost=2.582975e+05 lam=9.077e-06 tau=0.00e+00 cg_it=0 shift=0 ckpt=1 alpha=0 acc mv=1537
PCG_PREP o=479 rebuild=1 drift=0 previous_depth=1
E2_CAP o=479 retry=0 touched=1 ncam=52 raw=6842.0196179152008 capped=48.054314230251848 radius=403.16907370370865 median=1.1487926597724394 global_scale=1
ATTR_RADIUS o=479 raw_norm=6842.019617915199 norm=48.054314230251848 radius=403.16907370370865 next_radius=403.16907370370865 lambda=9.0771481335264631e-06 next_lambda=9.0771481335264631e-06 rho=0.9952579894889364 accept=1
CLASSICAL_LM o=479 lambda=9.0771481335264631e-06 tau=9.0771481335264631e-06 prediction=0.61813612006509988 rho=0.9952579894889364 accept=1
  MFCG it 480 cost=2.582969e+05 lam=9.077e-06 tau=0.00e+00 cg_it=2 shift=0 ckpt=3 alpha=0 acc mv=1541
PCG_PREP o=480 rebuild=1 drift=0 previous_depth=3
E2_CAP o=480 retry=0 touched=2 ncam=52 raw=6958.8378193328435 capped=27.362324762182968 radius=403.16907370370865 median=0.57713494177567437 global_scale=1
ATTR_RADIUS o=480 raw_norm=6958.8378193328454 norm=27.362324762182965 radius=403.16907370370865 next_radius=403.16907370370865 lambda=9.0771481335264631e-06 next_lambda=9.0771481335264631e-06 rho=0.99946003448941256 accept=1
CLASSICAL_LM o=480 lambda=9.0771481335264631e-06 tau=9.0771481335264631e-06 prediction=2.9054464667961919 rho=0.99946003448941256 accept=1
  MFCG it 481 cost=2.582940e+05 lam=9.077e-06 tau=0.00e+00 cg_it=0 shift=0 ckpt=1 alpha=0 acc mv=1543
PCG_PREP o=481 rebuild=1 drift=0 previous_depth=1
E2_CAP o=481 retry=0 touched=2 ncam=52 raw=6945.7123566200653 capped=17.582983145540585 radius=403.16907370370865 median=0.37977604073894788 global_scale=1
ATTR_RADIUS o=481 raw_norm=6945.7123566200671 norm=17.582983145540585 radius=403.16907370370865 next_radius=403.16907370370865 lambda=9.0771481335264631e-06 next_lambda=9.0771481335264631e-06 rho=1.0000430891729322 accept=1
CLASSICAL_LM o=481 lambda=9.0771481335264631e-06 tau=9.0771481335264631e-06 prediction=1.4691179474997966 rho=1.0000430891729322 accept=1
  MFCG it 482 cost=2.582926e+05 lam=9.077e-06 tau=0.00e+00 cg_it=0 shift=0 ckpt=1 alpha=0 acc mv=1545
PCG_PREP o=482 rebuild=1 drift=0 previous_depth=1
E2_CAP o=482 retry=0 touched=1 ncam=52 raw=6828.7395150713437 capped=49.29206983068358 radius=403.16907370370865 median=1.1741382992551566 global_scale=1
ATTR_RADIUS o=482 raw_norm=6828.7395150713437 norm=49.292069830683587 radius=403.16907370370865 next_radius=403.16907370370865 lambda=9.0771481335264631e-06 next_lambda=9.0771481335264631e-06 rho=0.99504358875606702 accept=1
CLASSICAL_LM o=482 lambda=9.0771481335264631e-06 tau=9.0771481335264631e-06 prediction=0.6508114330846374 rho=0.99504358875606702 accept=1
  MFCG it 483 cost=2.582919e+05 lam=9.077e-06 tau=0.00e+00 cg_it=2 shift=0 ckpt=3 alpha=0 acc mv=1549
PCG_PREP o=483 rebuild=1 drift=0 previous_depth=3
E2_CAP o=483 retry=0 touched=2 ncam=52 raw=6945.4946615066638 capped=27.10750111622071 radius=403.16907370370865 median=0.57171159274775496 global_scale=1
ATTR_RADIUS o=483 raw_norm=6945.4946615066629 norm=27.107501116220707 radius=403.16907370370865 next_radius=403.16907370370865 lambda=9.0771481335264631e-06 next_lambda=9.0771481335264631e-06 rho=0.99942601671447384 accept=1
CLASSICAL_LM o=483 lambda=9.0771481335264631e-06 tau=9.0771481335264631e-06 prediction=2.8603700141180735 rho=0.99942601671447384 accept=1
  MFCG it 484 cost=2.582890e+05 lam=9.077e-06 tau=0.00e+00 cg_it=0 shift=0 ckpt=1 alpha=0 acc mv=1551
PCG_PREP o=484 rebuild=1 drift=0 previous_depth=1
E2_CAP o=484 retry=0 touched=1 ncam=52 raw=6817.4964117541822 capped=38.358316243914352 radius=403.16907370370865 median=1.0027880678802981 global_scale=1
ATTR_RADIUS o=484 raw_norm=6817.4964117541804 norm=38.358316243914352 radius=403.16907370370865 next_radius=403.16907370370865 lambda=9.0771481335264631e-06 next_lambda=9.0771481335264631e-06 rho=0.99471583286952625 accept=1
CLASSICAL_LM o=484 lambda=9.0771481335264631e-06 tau=9.0771481335264631e-06 prediction=0.61257923425103511 rho=0.99471583286952625 accept=1
  MFCG it 485 cost=2.582884e+05 lam=9.077e-06 tau=0.00e+00 cg_it=2 shift=0 ckpt=3 alpha=0 acc mv=1555
PCG_PREP o=485 rebuild=1 drift=0 previous_depth=3
E2_CAP o=485 retry=0 touched=2 ncam=52 raw=6935.4487443585522 capped=27.067769486363471 radius=403.16907370370865 median=0.57061397299110295 global_scale=1
ATTR_RADIUS o=485 raw_norm=6935.4487443585522 norm=27.067769486363481 radius=403.16907370370865 next_radius=403.16907370370865 lambda=9.0771481335264631e-06 next_lambda=9.0771481335264631e-06 rho=0.99939237659865487 accept=1
CLASSICAL_LM o=485 lambda=9.0771481335264631e-06 tau=9.0771481335264631e-06 prediction=2.8630659794080682 rho=0.99939237659865487 accept=1
  MFCG it 486 cost=2.582856e+05 lam=9.077e-06 tau=0.00e+00 cg_it=0 shift=0 ckpt=1 alpha=0 acc mv=1557
PCG_PREP o=486 rebuild=1 drift=0 previous_depth=1
E2_CAP o=486 retry=0 touched=2 ncam=52 raw=6922.4025419731433 capped=17.381642974699211 radius=403.16907370370865 median=0.37480531322761323 global_scale=1
ATTR_RADIUS o=486 raw_norm=6922.4025419731443 norm=17.381642974699215 radius=403.16907370370865 next_radius=403.16907370370865 lambda=9.0771481335264631e-06 next_lambda=9.0771481335264631e-06 rho=1.0000433341494783 accept=1
CLASSICAL_LM o=486 lambda=9.0771481335264631e-06 tau=9.0771481335264631e-06 prediction=1.4536682272049706 rho=1.0000433341494783 accept=1
  MFCG it 487 cost=2.582841e+05 lam=9.077e-06 tau=0.00e+00 cg_it=0 shift=0 ckpt=1 alpha=0 acc mv=1559
PCG_PREP o=487 rebuild=1 drift=0 previous_depth=1
E2_CAP o=487 retry=0 touched=1 ncam=52 raw=6806.1528113841441 capped=47.346580178589775 radius=403.16907370370865 median=1.1297173568003884 global_scale=1
ATTR_RADIUS o=487 raw_norm=6806.1528113841423 norm=47.346580178589768 radius=403.16907370370865 next_radius=403.16907370370865 lambda=9.0771481335264631e-06 next_lambda=9.0771481335264631e-06 rho=0.99528080823624432 accept=1
CLASSICAL_LM o=487 lambda=9.0771481335264631e-06 tau=9.0771481335264631e-06 prediction=0.60318845227426099 rho=0.99528080823624432 accept=1
  MFCG it 488 cost=2.582835e+05 lam=9.077e-06 tau=0.00e+00 cg_it=2 shift=0 ckpt=3 alpha=0 acc mv=1563
PCG_PREP o=488 rebuild=1 drift=0 previous_depth=3
E2_CAP o=488 retry=0 touched=2 ncam=52 raw=6922.1516184297388 capped=26.918142546272684 radius=403.16907370370865 median=0.56781700157177717 global_scale=1
ATTR_RADIUS o=488 raw_norm=6922.1516184297398 norm=26.918142546272687 radius=403.16907370370865 next_radius=403.16907370370865 lambda=9.0771481335264631e-06 next_lambda=9.0771481335264631e-06 rho=0.99945793844844932 accept=1
CLASSICAL_LM o=488 lambda=9.0771481335264631e-06 tau=9.0771481335264631e-06 prediction=2.8273008828440855 rho=0.99945793844844932 accept=1
  MFCG it 489 cost=2.582807e+05 lam=9.077e-06 tau=0.00e+00 cg_it=0 shift=0 ckpt=1 alpha=0 acc mv=1565
PCG_PREP o=489 rebuild=1 drift=0 previous_depth=1
E2_CAP o=489 retry=0 touched=1 ncam=52 raw=6795.3800796907544 capped=37.907889928019493 radius=403.16907370370865 median=0.99722394253673463 global_scale=1
ATTR_RADIUS o=489 raw_norm=6795.3800796907544 norm=37.9078899280195 radius=403.16907370370865 next_radius=403.16907370370865 lambda=9.0771481335264631e-06 next_lambda=9.0771481335264631e-06 rho=0.99498215733325657 accept=1
CLASSICAL_LM o=489 lambda=9.0771481335264631e-06 tau=9.0771481335264631e-06 prediction=0.62254926908403962 rho=0.99498215733325657 accept=1
  MFCG it 490 cost=2.582801e+05 lam=9.077e-06 tau=0.00e+00 cg_it=2 shift=0 ckpt=3 alpha=0 acc mv=1569
PCG_PREP o=490 rebuild=1 drift=0 previous_depth=3
E2_CAP o=490 retry=0 touched=2 ncam=52 raw=6912.1336362715474 capped=26.853967244973127 radius=403.16907370370865 median=0.56611361157753215 global_scale=1
ATTR_RADIUS o=490 raw_norm=6912.1336362715501 norm=26.853967244973131 radius=403.16907370370865 next_radius=403.16907370370865 lambda=9.0771481335264631e-06 next_lambda=9.0771481335264631e-06 rho=0.99940427927119935 accept=1
CLASSICAL_LM o=490 lambda=9.0771481335264631e-06 tau=9.0771481335264631e-06 prediction=2.8270584248583503 rho=0.99940427927119935 accept=1
  MFCG it 491 cost=2.582773e+05 lam=9.077e-06 tau=0.00e+00 cg_it=0 shift=0 ckpt=1 alpha=0 acc mv=1571
PCG_PREP o=491 rebuild=1 drift=0 previous_depth=1
E2_CAP o=491 retry=0 touched=2 ncam=52 raw=6899.1249249211933 capped=17.125262647214349 radius=403.16907370370865 median=0.36860552062605584 global_scale=1
ATTR_RADIUS o=491 raw_norm=6899.1249249211933 norm=17.125262647214349 radius=403.16907370370865 next_radius=403.16907370370865 lambda=9.0771481335264631e-06 next_lambda=9.0771481335264631e-06 rho=1.0000499700016121 accept=1
CLASSICAL_LM o=491 lambda=9.0771481335264631e-06 tau=9.0771481335264631e-06 prediction=1.4297039353402303 rho=1.0000499700016121 accept=1
  MFCG it 492 cost=2.582758e+05 lam=9.077e-06 tau=0.00e+00 cg_it=0 shift=0 ckpt=1 alpha=0 acc mv=1573
PCG_PREP o=492 rebuild=1 drift=0 previous_depth=1
E2_CAP o=492 retry=0 touched=1 ncam=52 raw=6784.1608731742162 capped=46.731914517661643 radius=403.16907370370865 median=1.1156348220559231 global_scale=1
ATTR_RADIUS o=492 raw_norm=6784.1608731742162 norm=46.731914517661657 radius=403.16907370370865 next_radius=403.16907370370865 lambda=9.0771481335264631e-06 next_lambda=9.0771481335264631e-06 rho=0.99533712949476461 accept=1
CLASSICAL_LM o=492 lambda=9.0771481335264631e-06 tau=9.0771481335264631e-06 prediction=0.59113967056584094 rho=0.99533712949476461 accept=1
  MFCG it 493 cost=2.582752e+05 lam=9.077e-06 tau=0.00e+00 cg_it=2 shift=0 ckpt=3 alpha=0 acc mv=1577
PCG_PREP o=493 rebuild=1 drift=0 previous_depth=3
E2_CAP o=493 retry=0 touched=2 ncam=52 raw=6899.0054799206564 capped=26.697354113444586 radius=403.16907370370865 median=0.56316609727080591 global_scale=1
ATTR_RADIUS o=493 raw_norm=6899.0054799206573 norm=26.697354113444586 radius=403.16907370370865 next_radius=403.16907370370865 lambda=9.0771481335264631e-06 next_lambda=9.0771481335264631e-06 rho=0.99946316492863407 accept=1
CLASSICAL_LM o=493 lambda=9.0771481335264631e-06 tau=9.0771481335264631e-06 prediction=2.7904016843363766 rho=0.99946316492863407 accept=1
  MFCG it 494 cost=2.582724e+05 lam=9.077e-06 tau=0.00e+00 cg_it=0 shift=0 ckpt=1 alpha=0 acc mv=1579
PCG_PREP o=494 rebuild=1 drift=0 previous_depth=1
E2_CAP o=494 retry=0 touched=2 ncam=52 raw=6885.9292564062316 capped=16.940804687642707 radius=403.16907370370865 median=0.36505567732733601 global_scale=1
ATTR_RADIUS o=494 raw_norm=6885.9292564062316 norm=16.940804687642704 radius=403.16907370370865 next_radius=403.16907370370865 lambda=9.0771481335264631e-06 next_lambda=9.0771481335264631e-06 rho=1.0000509383873053 accept=1
CLASSICAL_LM o=494 lambda=9.0771481335264631e-06 tau=9.0771481335264631e-06 prediction=1.3974721342913272 rho=1.0000509383873053 accept=1
  MFCG it 495 cost=2.582710e+05 lam=9.077e-06 tau=0.00e+00 cg_it=0 shift=0 ckpt=1 alpha=0 acc mv=1581
PCG_PREP o=495 rebuild=1 drift=0 previous_depth=1
E2_CAP o=495 retry=0 touched=1 ncam=52 raw=6771.4236577166394 capped=47.989478810806233 radius=403.16907370370865 median=1.1437214125448174 global_scale=1
ATTR_RADIUS o=495 raw_norm=6771.4236577166403 norm=47.989478810806247 radius=403.16907370370865 next_radius=403.16907370370865 lambda=9.0771481335264631e-06 next_lambda=9.0771481335264631e-06 rho=0.99518203732682564 accept=1
CLASSICAL_LM o=495 lambda=9.0771481335264631e-06 tau=9.0771481335264631e-06 prediction=0.63118670134193489 rho=0.99518203732682564 accept=1
  MFCG it 496 cost=2.582704e+05 lam=9.077e-06 tau=0.00e+00 cg_it=2 shift=0 ckpt=3 alpha=0 acc mv=1585
PCG_PREP o=496 rebuild=1 drift=0 previous_depth=3
E2_CAP o=496 retry=0 touched=2 ncam=52 raw=6886.0348249768149 capped=26.472574658354763 radius=403.16907370370865 median=0.5584442406350596 global_scale=1
ATTR_RADIUS o=496 raw_norm=6886.0348249768149 norm=26.472574658354755 radius=403.16907370370865 next_radius=403.16907370370865 lambda=9.0771481335264631e-06 next_lambda=9.0771481335264631e-06 rho=0.99943408267331357 accept=1
CLASSICAL_LM o=496 lambda=9.0771481335264631e-06 tau=9.0771481335264631e-06 prediction=2.7503696673120199 rho=0.99943408267331357 accept=1
  MFCG it 497 cost=2.582677e+05 lam=9.077e-06 tau=0.00e+00 cg_it=0 shift=0 ckpt=1 alpha=0 acc mv=1587
PCG_PREP o=497 rebuild=1 drift=0 previous_depth=1
E2_CAP o=497 retry=0 touched=1 ncam=52 raw=6760.5887755473068 capped=37.49840194064825 radius=403.16907370370865 median=0.98203207906127266 global_scale=1
ATTR_RADIUS o=497 raw_norm=6760.5887755473086 norm=37.498401940648257 radius=403.16907370370865 next_radius=403.16907370370865 lambda=9.0771481335264631e-06 next_lambda=9.0771481335264631e-06 rho=0.99489359194063942 accept=1
CLASSICAL_LM o=497 lambda=9.0771481335264631e-06 tau=9.0771481335264631e-06 prediction=0.60356350564052863 rho=0.99489359194063942 accept=1
  MFCG it 498 cost=2.582671e+05 lam=9.077e-06 tau=0.00e+00 cg_it=2 shift=0 ckpt=3 alpha=0 acc mv=1591
PCG_PREP o=498 rebuild=1 drift=0 previous_depth=3
E2_CAP o=498 retry=0 touched=2 ncam=52 raw=6876.282875593226 capped=26.430478656155682 radius=403.16907370370865 median=0.55724114844703498 global_scale=1
ATTR_RADIUS o=498 raw_norm=6876.282875593226 norm=26.430478656155685 radius=403.16907370370865 next_radius=403.16907370370865 lambda=9.0771481335264631e-06 next_lambda=9.0771481335264631e-06 rho=0.9993972584114551 accept=1
CLASSICAL_LM o=498 lambda=9.0771481335264631e-06 tau=9.0771481335264631e-06 prediction=2.7533332151380034 rho=0.9993972584114551 accept=1
  MFCG it 499 cost=2.582643e+05 lam=9.077e-06 tau=0.00e+00 cg_it=0 shift=0 ckpt=1 alpha=0 acc mv=1593
PCG_PREP o=499 rebuild=1 drift=0 previous_depth=1
E2_CAP o=499 retry=0 touched=2 ncam=52 raw=6863.2950338860228 capped=16.73902213547731 radius=403.16907370370865 median=0.35995407579176247 global_scale=1
ATTR_RADIUS o=499 raw_norm=6863.2950338860237 norm=16.739022135477306 radius=403.16907370370865 next_radius=403.16907370370865 lambda=9.0771481335264631e-06 next_lambda=9.0771481335264631e-06 rho=1.0000511988272058 accept=1
CLASSICAL_LM o=499 lambda=9.0771481335264631e-06 tau=9.0771481335264631e-06 prediction=1.3838209612930477 rho=1.0000511988272058 accept=1
  MFCG it 500 cost=2.582629e+05 lam=9.077e-06 tau=0.00e+00 cg_it=0 shift=0 ckpt=1 alpha=0 acc mv=1595
PCG_PREP o=500 rebuild=1 drift=0 previous_depth=1
E2_CAP o=500 retry=0 touched=1 ncam=52 raw=6749.6420061125627 capped=46.12114468109197 radius=403.16907370370865 median=1.1018496792565755 global_scale=1
ATTR_RADIUS o=500 raw_norm=6749.64200611256 norm=46.121144681091977 radius=403.16907370370865 next_radius=403.16907370370865 lambda=9.0771481335264631e-06 next_lambda=9.0771481335264631e-06 rho=0.99543581633110401 accept=1
CLASSICAL_LM o=500 lambda=9.0771481335264631e-06 tau=9.0771481335264631e-06 prediction=0.58778783596672968 rho=0.99543581633110401 accept=1
  MFCG it 501 cost=2.582624e+05 lam=9.077e-06 tau=0.00e+00 cg_it=2 shift=0 ckpt=3 alpha=0 acc mv=1599
PCG_PREP o=501 rebuild=1 drift=0 previous_depth=3
E2_CAP o=501 retry=0 touched=2 ncam=52 raw=6863.3575595057491 capped=26.294319970293127 radius=403.16907370370865 median=0.5547167695123042 global_scale=1
ATTR_RADIUS o=501 raw_norm=6863.3575595057482 norm=26.294319970293131 radius=403.16907370370865 next_radius=403.16907370370865 lambda=9.0771481335264631e-06 next_lambda=9.0771481335264631e-06 rho=0.99946226991792986 accept=1
CLASSICAL_LM o=501 lambda=9.0771481335264631e-06 tau=9.0771481335264631e-06 prediction=2.7209090972999999 rho=0.99946226991792986 accept=1
  MFCG it 502 cost=2.582596e+05 lam=9.077e-06 tau=0.00e+00 cg_it=0 shift=0 ckpt=1 alpha=0 acc mv=1601
PCG_PREP o=502 rebuild=1 drift=0 previous_depth=1
E2_CAP o=502 retry=0 touched=2 ncam=52 raw=6850.3169682495827 capped=16.540408758108015 radius=403.16907370370865 median=0.35591287648656356 global_scale=1
ATTR_RADIUS o=502 raw_norm=6850.3169682495827 norm=16.540408758108011 radius=403.16907370370865 next_radius=403.16907370370865 lambda=9.0771481335264631e-06 next_lambda=9.0771481335264631e-06 rho=1.0000547135580995 accept=1
CLASSICAL_LM o=502 lambda=9.0771481335264631e-06 tau=9.0771481335264631e-06 prediction=1.3527363712199614 rho=1.0000547135580995 accept=1
  MFCG it 503 cost=2.582583e+05 lam=9.077e-06 tau=0.00e+00 cg_it=0 shift=0 ckpt=1 alpha=0 acc mv=1603
PCG_PREP o=503 rebuild=1 drift=0 previous_depth=1
E2_CAP o=503 retry=0 touched=1 ncam=52 raw=6737.2001097306111 capped=47.22697418637236 radius=403.16907370370865 median=1.1251531321350157 global_scale=1
ATTR_RADIUS o=503 raw_norm=6737.2001097306074 norm=47.22697418637236 radius=403.16907370370865 next_radius=403.16907370370865 lambda=9.0771481335264631e-06 next_lambda=9.0771481335264631e-06 rho=0.9952446904065404 accept=1
CLASSICAL_LM o=503 lambda=9.0771481335264631e-06 tau=9.0771481335264631e-06 prediction=0.61805314275655276 rho=0.9952446904065404 accept=1
  MFCG it 504 cost=2.582577e+05 lam=9.077e-06 tau=0.00e+00 cg_it=2 shift=0 ckpt=3 alpha=0 acc mv=1607
PCG_PREP o=504 rebuild=1 drift=0 previous_depth=3
E2_CAP o=504 retry=0 touched=2 ncam=52 raw=6850.6230450139665 capped=26.088415314963363 radius=403.16907370370865 median=0.55041346768515953 global_scale=1
ATTR_RADIUS o=504 raw_norm=6850.6230450139683 norm=26.088415314963363 radius=403.16907370370865 next_radius=403.16907370370865 lambda=9.0771481335264631e-06 next_lambda=9.0771481335264631e-06 rho=0.99943611480425909 accept=1
CLASSICAL_LM o=504 lambda=9.0771481335264631e-06 tau=9.0771481335264631e-06 prediction=2.6843745313354161 rho=0.99943611480425909 accept=1
  MFCG it 505 cost=2.582550e+05 lam=9.077e-06 tau=0.00e+00 cg_it=0 shift=0 ckpt=1 alpha=0 acc mv=1609
PCG_PREP o=505 rebuild=1 drift=0 previous_depth=1
E2_CAP o=505 retry=0 touched=1 ncam=52 raw=6726.6233107739463 capped=37.096962452432479 radius=403.16907370370865 median=0.97368904122219502 global_scale=1
ATTR_RADIUS o=505 raw_norm=6726.6233107739454 norm=37.096962452432493 radius=403.16907370370865 next_radius=403.16907370370865 lambda=9.0771481335264631e-06 next_lambda=9.0771481335264631e-06 rho=0.99505154290967479 accept=1
CLASSICAL_LM o=505 lambda=9.0771481335264631e-06 tau=9.0771481335264631e-06 prediction=0.60775612336337503 rho=0.99505154290967479 accept=1
  MFCG it 506 cost=2.582544e+05 lam=9.077e-06 tau=0.00e+00 cg_it=2 shift=0 ckpt=3 alpha=0 acc mv=1613
PCG_PREP o=506 rebuild=1 drift=0 previous_depth=3
E2_CAP o=506 retry=0 touched=2 ncam=52 raw=6841.0134049971666 capped=26.051456932321276 radius=403.16907370370865 median=0.54932043920514495 global_scale=1
ATTR_RADIUS o=506 raw_norm=6841.0134049971657 norm=26.051456932321269 radius=403.16907370370865 next_radius=403.16907370370865 lambda=9.0771481335264631e-06 next_lambda=9.0771481335264631e-06 rho=0.99940018436647926 accept=1
CLASSICAL_LM o=506 lambda=9.0771481335264631e-06 tau=9.0771481335264631e-06 prediction=2.6880531594428034 rho=0.99940018436647926 accept=1
  MFCG it 507 cost=2.582517e+05 lam=9.077e-06 tau=0.00e+00 cg_it=0 shift=0 ckpt=1 alpha=0 acc mv=1615
PCG_PREP o=507 rebuild=1 drift=0 previous_depth=1
E2_CAP o=507 retry=0 touched=2 ncam=52 raw=6828.0693142470709 capped=16.349031116275118 radius=403.16907370370865 median=0.35096748345604645 global_scale=1
ATTR_RADIUS o=507 raw_norm=6828.0693142470682 norm=16.349031116275128 radius=403.16907370370865 next_radius=403.16907370370865 lambda=9.0771481335264631e-06 next_lambda=9.0771481335264631e-06 rho=1.0000559790168633 accept=1
CLASSICAL_LM o=507 lambda=9.0771481335264631e-06 tau=9.0771481335264631e-06 prediction=1.3413920828249959 rho=1.0000559790168633 accept=1
  MFCG it 508 cost=2.582503e+05 lam=9.077e-06 tau=0.00e+00 cg_it=0 shift=0 ckpt=1 alpha=0 acc mv=1617
PCG_PREP o=508 rebuild=1 drift=0 previous_depth=1
E2_CAP o=508 retry=0 touched=1 ncam=52 raw=6715.8998009174802 capped=45.354716032326422 radius=403.16907370370865 median=1.0832104011178725 global_scale=1
ATTR_RADIUS o=508 raw_norm=6715.899800917482 norm=45.354716032326436 radius=403.16907370370865 next_radius=403.16907370370865 lambda=9.0771481335264631e-06 next_lambda=9.0771481335264631e-06 rho=0.99548979997030751 accept=1
CLASSICAL_LM o=508 lambda=9.0771481335264631e-06 tau=9.0771481335264631e-06 prediction=0.57358275879558318 rho=0.99548979997030751 accept=1
  MFCG it 509 cost=2.582498e+05 lam=9.077e-06 tau=0.00e+00 cg_it=2 shift=0 ckpt=3 alpha=0 acc mv=1621
PCG_PREP o=509 rebuild=1 drift=0 previous_depth=3
E2_CAP o=509 retry=0 touched=2 ncam=52 raw=6828.3250804219706 capped=25.924437813679763 radius=403.16907370370865 median=0.54697121533044135 global_scale=1
ATTR_RADIUS o=509 raw_norm=6828.3250804219715 norm=25.92443781367977 radius=403.16907370370865 next_radius=403.16907370370865 lambda=9.0771481335264631e-06 next_lambda=9.0771481335264631e-06 rho=0.99946467717693466 accept=1
CLASSICAL_LM o=509 lambda=9.0771481335264631e-06 tau=9.0771481335264631e-06 prediction=2.657990291074801 rho=0.99946467717693466 accept=1
  MFCG it 510 cost=2.582471e+05 lam=9.077e-06 tau=0.00e+00 cg_it=0 shift=0 ckpt=1 alpha=0 acc mv=1623
PCG_PREP o=510 rebuild=1 drift=0 previous_depth=1
E2_CAP o=510 retry=0 touched=2 ncam=52 raw=6815.3326960804143 capped=16.163041364278705 radius=403.16907370370865 median=0.34718995345772402 global_scale=1
ATTR_RADIUS o=510 raw_norm=6815.3326960804143 norm=16.163041364278701 radius=403.16907370370865 next_radius=403.16907370370865 lambda=9.0771481335264631e-06 next_lambda=9.0771481335264631e-06 rho=1.0000592047732777 accept=1
CLASSICAL_LM o=510 lambda=9.0771481335264631e-06 tau=9.0771481335264631e-06 prediction=1.3124542644685584 rho=1.0000592047732777 accept=1
  MFCG it 511 cost=2.582458e+05 lam=9.077e-06 tau=0.00e+00 cg_it=0 shift=0 ckpt=1 alpha=0 acc mv=1625
PCG_PREP o=511 rebuild=1 drift=0 previous_depth=1
E2_CAP o=511 retry=0 touched=1 ncam=52 raw=6703.7560432314194 capped=46.467428117582855 radius=403.16907370370865 median=1.1075972098409528 global_scale=1
ATTR_RADIUS o=511 raw_norm=6703.7560432314194 norm=46.467428117582855 radius=403.16907370370865 next_radius=403.16907370370865 lambda=9.0771481335264631e-06 next_lambda=9.0771481335264631e-06 rho=0.9953224777629851 accept=1
CLASSICAL_LM o=511 lambda=9.0771481335264631e-06 tau=9.0771481335264631e-06 prediction=0.60657170339499689 rho=0.9953224777629851 accept=1
  MFCG it 512 cost=2.582452e+05 lam=9.077e-06 tau=0.00e+00 cg_it=2 shift=0 ckpt=3 alpha=0 acc mv=1629
PCG_PREP o=512 rebuild=1 drift=0 previous_depth=3
E2_CAP o=512 retry=0 touched=2 ncam=52 raw=6815.8160321434589 capped=25.725313284198773 radius=403.16907370370865 median=0.54279474431701258 global_scale=1
ATTR_RADIUS o=512 raw_norm=6815.8160321434571 norm=25.725313284198773 radius=403.16907370370865 next_radius=403.16907370370865 lambda=9.0771481335264631e-06 next_lambda=9.0771481335264631e-06 rho=0.99943895604604038 accept=1
CLASSICAL_LM o=512 lambda=9.0771481335264631e-06 tau=9.0771481335264631e-06 prediction=2.6233158115782538 rho=0.99943895604604038 accept=1
  MFCG it 513 cost=2.582426e+05 lam=9.077e-06 tau=0.00e+00 cg_it=0 shift=0 ckpt=1 alpha=0 acc mv=1631
PCG_PREP o=513 rebuild=1 drift=0 previous_depth=1
E2_CAP o=513 retry=0 touched=1 ncam=52 raw=6693.4030685398448 capped=36.654301987711953 radius=403.16907370370865 median=0.96416010355496184 global_scale=1
ATTR_RADIUS o=513 raw_norm=6693.4030685398448 norm=36.65430198771196 radius=403.16907370370865 next_radius=403.16907370370865 lambda=9.0771481335264631e-06 next_lambda=9.0771481335264631e-06 rho=0.99518008235549726 accept=1
CLASSICAL_LM o=513 lambda=9.0771481335264631e-06 tau=9.0771481335264631e-06 prediction=0.60801569944037326 rho=0.99518008235549726 accept=1
  MFCG it 514 cost=2.582420e+05 lam=9.077e-06 tau=0.00e+00 cg_it=2 shift=0 ckpt=3 alpha=0 acc mv=1635
PCG_PREP o=514 rebuild=1 drift=0 previous_depth=3
E2_CAP o=514 retry=0 touched=2 ncam=52 raw=6806.3624788184707 capped=25.696141579875018 radius=403.16907370370865 median=0.5418961701483973 global_scale=1
ATTR_RADIUS o=514 raw_norm=6806.3624788184707 norm=25.696141579875015 radius=403.16907370370865 next_radius=403.16907370370865 lambda=9.0771481335264631e-06 next_lambda=9.0771481335264631e-06 rho=0.99940374731106951 accept=1
CLASSICAL_LM o=514 lambda=9.0771481335264631e-06 tau=9.0771481335264631e-06 prediction=2.6276991392450926 rho=0.99940374731106951 accept=1
  MFCG it 515 cost=2.582394e+05 lam=9.077e-06 tau=0.00e+00 cg_it=0 shift=0 ckpt=1 alpha=0 acc mv=1637
PCG_PREP o=515 rebuild=1 drift=0 previous_depth=1
E2_CAP o=515 retry=0 touched=2 ncam=52 raw=6793.4683441528787 capped=15.981634574419422 radius=403.16907370370865 median=0.3424425260437971 global_scale=1
ATTR_RADIUS o=515 raw_norm=6793.4683441528796 norm=15.981634574419415 radius=403.16907370370865 next_radius=403.16907370370865 lambda=9.0771481335264631e-06 next_lambda=9.0771481335264631e-06 rho=1.0000607428005197 accept=1
CLASSICAL_LM o=515 lambda=9.0771481335264631e-06 tau=9.0771481335264631e-06 prediction=1.3025951023443703 rho=1.0000607428005197 accept=1
  MFCG it 516 cost=2.582380e+05 lam=9.077e-06 tau=0.00e+00 cg_it=0 shift=0 ckpt=1 alpha=0 acc mv=1639
PCG_PREP o=516 rebuild=1 drift=0 previous_depth=1
E2_CAP o=516 retry=0 touched=1 ncam=52 raw=6682.8918536860147 capped=44.773130917833953 radius=403.16907370370865 median=1.0729284047828951 global_scale=1
ATTR_RADIUS o=516 raw_norm=6682.8918536860147 norm=44.773130917833953 radius=403.16907370370865 next_radius=403.16907370370865 lambda=9.0771481335264631e-06 next_lambda=9.0771481335264631e-06 rho=0.99565208092172752 accept=1
CLASSICAL_LM o=516 lambda=9.0771481335264631e-06 tau=9.0771481335264631e-06 prediction=0.57812399616304999 rho=0.99565208092172752 accept=1
  MFCG it 517 cost=2.582375e+05 lam=9.077e-06 tau=0.00e+00 cg_it=2 shift=0 ckpt=3 alpha=0 acc mv=1643
PCG_PREP o=517 rebuild=1 drift=0 previous_depth=3
E2_CAP o=517 retry=0 touched=2 ncam=52 raw=6793.8502643565043 capped=25.570196718957511 radius=403.16907370370865 median=0.53953383496383867 global_scale=1
ATTR_RADIUS o=517 raw_norm=6793.8502643565007 norm=25.570196718957519 radius=403.16907370370865 next_radius=403.16907370370865 lambda=9.0771481335264631e-06 next_lambda=9.0771481335264631e-06 rho=0.99946791286452485 accept=1
CLASSICAL_LM o=517 lambda=9.0771481335264631e-06 tau=9.0771481335264631e-06 prediction=2.5988206518552439 rho=0.99946791286452485 accept=1
  MFCG it 518 cost=2.582349e+05 lam=9.077e-06 tau=0.00e+00 cg_it=0 shift=0 ckpt=1 alpha=0 acc mv=1645
PCG_PREP o=518 rebuild=1 drift=0 previous_depth=1
E2_CAP o=518 retry=0 touched=2 ncam=52 raw=6780.9148323059208 capped=15.825071284306492 radius=403.16907370370865 median=0.33939070150109163 global_scale=1
ATTR_RADIUS o=518 raw_norm=6780.9148323059189 norm=15.825071284306494 radius=403.16907370370865 next_radius=403.16907370370865 lambda=9.0771481335264631e-06 next_lambda=9.0771481335264631e-06 rho=1.0000632329211467 accept=1
CLASSICAL_LM o=518 lambda=9.0771481335264631e-06 tau=9.0771481335264631e-06 prediction=1.276547972689795 rho=1.0000632329211467 accept=1
  MFCG it 519 cost=2.582336e+05 lam=9.077e-06 tau=0.00e+00 cg_it=0 shift=0 ckpt=1 alpha=0 acc mv=1647
PCG_PREP o=519 rebuild=1 drift=0 previous_depth=1
E2_CAP o=519 retry=0 touched=1 ncam=52 raw=6670.9721519958557 capped=45.745913343366468 radius=403.16907370370865 median=1.0909769555815902 global_scale=1
ATTR_RADIUS o=519 raw_norm=6670.9721519958557 norm=45.745913343366468 radius=403.16907370370865 next_radius=403.16907370370865 lambda=9.0771481335264631e-06 next_lambda=9.0771481335264631e-06 rho=0.99539763180650309 accept=1
CLASSICAL_LM o=519 lambda=9.0771481335264631e-06 tau=9.0771481335264631e-06 prediction=0.5957575585861089 rho=0.99539763180650309 accept=1
  MFCG it 520 cost=2.582330e+05 lam=9.077e-06 tau=0.00e+00 cg_it=2 shift=0 ckpt=3 alpha=0 acc mv=1651
PCG_PREP o=520 rebuild=1 drift=0 previous_depth=3
E2_CAP o=520 retry=0 touched=2 ncam=52 raw=6781.5645608228351 capped=25.380148931184756 radius=403.16907370370865 median=0.53555831181785485 global_scale=1
ATTR_RADIUS o=520 raw_norm=6781.5645608228378 norm=25.38014893118476 radius=403.16907370370865 next_radius=403.16907370370865 lambda=9.0771481335264631e-06 next_lambda=9.0771481335264631e-06 rho=0.99944110443235779 accept=1
CLASSICAL_LM o=520 lambda=9.0771481335264631e-06 tau=9.0771481335264631e-06 prediction=2.5658548862081423 rho=0.99944110443235779 accept=1
  MFCG it 521 cost=2.582304e+05 lam=9.077e-06 tau=0.00e+00 cg_it=0 shift=0 ckpt=1 alpha=0 acc mv=1653
PCG_PREP o=521 rebuild=1 drift=0 previous_depth=1
E2_CAP o=521 retry=0 touched=1 ncam=52 raw=6660.8234835334097 capped=36.181578085619677 radius=403.16907370370865 median=0.95304552093595896 global_scale=1
ATTR_RADIUS o=521 raw_norm=6660.8234835334097 norm=36.181578085619691 radius=403.16907370370865 next_radius=403.16907370370865 lambda=9.0771481335264631e-06 next_lambda=9.0771481335264631e-06 rho=0.99525524520491104 accept=1
CLASSICAL_LM o=521 lambda=9.0771481335264631e-06 tau=9.0771481335264631e-06 prediction=0.60339173911141353 rho=0.99525524520491104 accept=1
  MFCG it 522 cost=2.582298e+05 lam=9.077e-06 tau=0.00e+00 cg_it=2 shift=0 ckpt=3 alpha=0 acc mv=1657
PCG_PREP o=522 rebuild=1 drift=0 previous_depth=3
E2_CAP o=522 retry=0 touched=2 ncam=52 raw=6772.2772676829691 capped=25.654611739707477 radius=403.16907370370865 median=0.54261263374454483 global_scale=1
ATTR_RADIUS o=522 raw_norm=6772.2772676829682 norm=25.65461173970747 radius=403.16907370370865 next_radius=403.16907370370865 lambda=9.0771481335264631e-06 next_lambda=9.0771481335264631e-06 rho=0.99939615759969047 accept=1
CLASSICAL_LM o=522 lambda=9.0771481335264631e-06 tau=9.0771481335264631e-06 prediction=2.5915530422515984 rho=0.99939615759969047 accept=1
  MFCG it 523 cost=2.582273e+05 lam=9.077e-06 tau=0.00e+00 cg_it=0 shift=0 ckpt=1 alpha=0 acc mv=1659
PCG_PREP o=523 rebuild=1 drift=0 previous_depth=1
E2_CAP o=523 retry=0 touched=2 ncam=52 raw=6759.3491121466996 capped=15.712590816001754 radius=403.16907370370865 median=0.33638290129443565 global_scale=1
ATTR_RADIUS o=523 raw_norm=6759.3491121466996 norm=15.712590816001754 radius=403.16907370370865 next_radius=403.16907370370865 lambda=9.0771481335264631e-06 next_lambda=9.0771481335264631e-06 rho=1.0000659930221998 accept=1
CLASSICAL_LM o=523 lambda=9.0771481335264631e-06 tau=9.0771481335264631e-06 prediction=1.2718172064254281 rho=1.0000659930221998 accept=1
  MFCG it 524 cost=2.582260e+05 lam=9.077e-06 tau=0.00e+00 cg_it=0 shift=0 ckpt=1 alpha=0 acc mv=1661
PCG_PREP o=524 rebuild=1 drift=0 previous_depth=1
E2_CAP o=524 retry=0 touched=1 ncam=52 raw=6650.4771546587426 capped=44.373449796611105 radius=403.16907370370865 median=1.0654560769014383 global_scale=1
ATTR_RADIUS o=524 raw_norm=6650.4771546587408 norm=44.373449796611098 radius=403.16907370370865 next_radius=403.16907370370865 lambda=9.0771481335264631e-06 next_lambda=9.0771481335264631e-06 rho=0.99577370251503916 accept=1
CLASSICAL_LM o=524 lambda=9.0771481335264631e-06 tau=9.0771481335264631e-06 prediction=0.58324026722983613 rho=0.99577370251503916 accept=1
  MFCG it 525 cost=2.582254e+05 lam=9.077e-06 tau=0.00e+00 cg_it=2 shift=0 ckpt=3 alpha=0 acc mv=1665
PCG_PREP o=525 rebuild=1 drift=0 previous_depth=3
E2_CAP o=525 retry=0 touched=2 ncam=52 raw=6759.8599685202198 capped=25.22721541178705 radius=403.16907370370865 median=0.53231109717270475 global_scale=1
ATTR_RADIUS o=525 raw_norm=6759.8599685202189 norm=25.227215411787054 radius=403.16907370370865 next_radius=403.16907370370865 lambda=9.0771481335264631e-06 next_lambda=9.0771481335264631e-06 rho=0.99946754843183605 accept=1
CLASSICAL_LM o=525 lambda=9.0771481335264631e-06 tau=9.0771481335264631e-06 prediction=2.5423865316742025 rho=0.99946754843183605 accept=1
  MFCG it 526 cost=2.582229e+05 lam=9.077e-06 tau=0.00e+00 cg_it=0 shift=0 ckpt=1 alpha=0 acc mv=1667
PCG_PREP o=526 rebuild=1 drift=0 previous_depth=1
E2_CAP o=526 retry=0 touched=2 ncam=52 raw=6746.9857676186684 capped=15.489331535814504 radius=403.16907370370865 median=0.33158957135966394 global_scale=1
ATTR_RADIUS o=526 raw_norm=6746.9857676186684 norm=15.489331535814506 radius=403.16907370370865 next_radius=403.16907370370865 lambda=9.0771481335264631e-06 next_lambda=9.0771481335264631e-06 rho=1.0000682593118744 accept=1
CLASSICAL_LM o=526 lambda=9.0771481335264631e-06 tau=9.0771481335264631e-06 prediction=1.2418913559134266 rho=1.0000682593118744 accept=1
  MFCG it 527 cost=2.582216e+05 lam=9.077e-06 tau=0.00e+00 cg_it=0 shift=0 ckpt=1 alpha=0 acc mv=1669
PCG_PREP o=527 rebuild=1 drift=0 previous_depth=1
E2_CAP o=527 retry=0 touched=1 ncam=52 raw=6638.740204134644 capped=45.088667641405998 radius=403.16907370370865 median=1.0755034945566184 global_scale=1
ATTR_RADIUS o=527 raw_norm=6638.7402041346468 norm=45.088667641405998 radius=403.16907370370865 next_radius=403.16907370370865 lambda=9.0771481335264631e-06 next_lambda=9.0771481335264631e-06 rho=0.99547253411665759 accept=1
CLASSICAL_LM o=527 lambda=9.0771481335264631e-06 tau=9.0771481335264631e-06 prediction=0.58612232432382949 rho=0.99547253411665759 accept=1
  MFCG it 528 cost=2.582210e+05 lam=9.077e-06 tau=0.00e+00 cg_it=2 shift=0 ckpt=3 alpha=0 acc mv=1673
PCG_PREP o=528 rebuild=1 drift=0 previous_depth=3
E2_CAP o=528 retry=0 touched=2 ncam=52 raw=6747.8009839707111 capped=25.043225528175579 radius=403.16907370370865 median=0.52847230428604819 global_scale=1
ATTR_RADIUS o=528 raw_norm=6747.8009839707111 norm=25.043225528175586 radius=403.16907370370865 next_radius=403.16907370370865 lambda=9.0771481335264631e-06 next_lambda=9.0771481335264631e-06 rho=0.99944436450408392 accept=1
CLASSICAL_LM o=528 lambda=9.0771481335264631e-06 tau=9.0771481335264631e-06 prediction=2.5107044793878792 rho=0.99944436450408392 accept=1
  MFCG it 529 cost=2.582185e+05 lam=9.077e-06 tau=0.00e+00 cg_it=0 shift=0 ckpt=1 alpha=0 acc mv=1675
PCG_PREP o=529 rebuild=1 drift=0 previous_depth=1
E2_CAP o=529 retry=0 touched=2 ncam=52 raw=6734.9140151208239 capped=15.467810511267388 radius=403.16907370370865 median=0.33183432143192398 global_scale=1
ATTR_RADIUS o=529 raw_norm=6734.914015120823 norm=15.467810511267388 radius=403.16907370370865 next_radius=403.16907370370865 lambda=9.0771481335264631e-06 next_lambda=9.0771481335264631e-06 rho=1.0000607803662127 accept=1
CLASSICAL_LM o=529 lambda=9.0771481335264631e-06 tau=9.0771481335264631e-06 prediction=1.2301255984580752 rho=1.0000607803662127 accept=1
  MFCG it 530 cost=2.582173e+05 lam=9.077e-06 tau=0.00e+00 cg_it=0 shift=0 ckpt=1 alpha=0 acc mv=1677
PCG_PREP o=530 rebuild=1 drift=0 previous_depth=1
E2_CAP o=530 retry=0 touched=1 ncam=52 raw=6626.92096935878 capped=45.182529778480081 radius=403.16907370370865 median=1.0770865035548871 global_scale=1
ATTR_RADIUS o=530 raw_norm=6626.9209693587809 norm=45.182529778480067 radius=403.16907370370865 next_radius=403.16907370370865 lambda=9.0771481335264631e-06 next_lambda=9.0771481335264631e-06 rho=0.99548549509017292 accept=1
CLASSICAL_LM o=530 lambda=9.0771481335264631e-06 tau=9.0771481335264631e-06 prediction=0.59371583140026141 rho=0.99548549509017292 accept=1
  MFCG: converged (OCA_FTOL: 8 outers < 1.0e-05 rel)
  [menu-backtrack] confirming stop with original retry policy at outer 531
  MFCG it 531 cost=2.582167e+05 lam=9.077e-06 tau=0.00e+00 cg_it=2 shift=0 ckpt=3 alpha=0 acc mv=1681
PCG_PREP o=531 rebuild=1 drift=0 previous_depth=3
E2_CAP o=531 retry=0 touched=2 ncam=52 raw=6735.7917842393808 capped=24.882544100528097 radius=403.16907370370865 median=0.52512739159255994 global_scale=1
ATTR_RADIUS o=531 raw_norm=6735.7917842393817 norm=24.882544100528094 radius=403.16907370370865 next_radius=403.16907370370865 lambda=9.0771481335264631e-06 next_lambda=9.0771481335264631e-06 rho=0.99943961758290423 accept=1
CLASSICAL_LM o=531 lambda=9.0771481335264631e-06 tau=9.0771481335264631e-06 prediction=2.4831347805201265 rho=0.99943961758290423 accept=1
  MFCG it 532 cost=2.582142e+05 lam=9.077e-06 tau=0.00e+00 cg_it=0 shift=0 ckpt=1 alpha=0 acc mv=1683
PCG_PREP o=532 rebuild=1 drift=0 previous_depth=1
E2_CAP o=532 retry=0 touched=1 ncam=52 raw=6617.0267328770797 capped=35.602509295222205 radius=403.16907370370865 median=0.93659812450560254 global_scale=1
ATTR_RADIUS o=532 raw_norm=6617.0267328770778 norm=35.602509295222212 radius=403.16907370370865 next_radius=403.16907370370865 lambda=9.0771481335264631e-06 next_lambda=9.0771481335264631e-06 rho=0.99533612198684596 accept=1
CLASSICAL_LM o=532 lambda=9.0771481335264631e-06 tau=9.0771481335264631e-06 prediction=0.59232002168769693 rho=0.99533612198684596 accept=1
  MFCG it 533 cost=2.582136e+05 lam=9.077e-06 tau=0.00e+00 cg_it=2 shift=0 ckpt=3 alpha=0 acc mv=1687
PCG_PREP o=533 rebuild=1 drift=0 previous_depth=3
E2_CAP o=533 retry=0 touched=2 ncam=52 raw=6726.7596197313242 capped=24.949250179646917 radius=403.16907370370865 median=0.52669710261908198 global_scale=1
ATTR_RADIUS o=533 raw_norm=6726.7596197313251 norm=24.949250179646924 radius=403.16907370370865 next_radius=403.16907370370865 lambda=9.0771481335264631e-06 next_lambda=9.0771481335264631e-06 rho=0.9994075164401286 accept=1
CLASSICAL_LM o=533 lambda=9.0771481335264631e-06 tau=9.0771481335264631e-06 prediction=2.4949023342086472 rho=0.9994075164401286 accept=1
  MFCG it 534 cost=2.582111e+05 lam=9.077e-06 tau=0.00e+00 cg_it=0 shift=0 ckpt=1 alpha=0 acc mv=1689
PCG_PREP o=534 rebuild=1 drift=0 previous_depth=1
E2_CAP o=534 retry=0 touched=2 ncam=52 raw=6713.9766090201756 capped=15.193350770422207 radius=403.16907370370865 median=0.32438308749923883 global_scale=1
ATTR_RADIUS o=534 raw_norm=6713.9766090201747 norm=15.193350770422205 radius=403.16907370370865 next_radius=403.16907370370865 lambda=9.0771481335264631e-06 next_lambda=9.0771481335264631e-06 rho=1.0000701613724823 accept=1
CLASSICAL_LM o=534 lambda=9.0771481335264631e-06 tau=9.0771481335264631e-06 prediction=1.2171830826440875 rho=1.0000701613724823 accept=1
  MFCG it 535 cost=2.582099e+05 lam=9.077e-06 tau=0.00e+00 cg_it=0 shift=0 ckpt=1 alpha=0 acc mv=1691
PCG_PREP o=535 rebuild=1 drift=0 previous_depth=1
E2_CAP o=535 retry=0 touched=1 ncam=52 raw=6607.0165471306618 capped=43.597349941558527 radius=403.16907370370865 median=1.0520844545168675 global_scale=1
ATTR_RADIUS o=535 raw_norm=6607.0165471306591 norm=43.597349941558534 radius=403.16907370370865 next_radius=403.16907370370865 lambda=9.0771481335264631e-06 next_lambda=9.0771481335264631e-06 rho=0.99598963972811771 accept=1
CLASSICAL_LM o=535 lambda=9.0771481335264631e-06 tau=9.0771481335264631e-06 prediction=0.59163285014790867 rho=0.99598963972811771 accept=1
  MFCG it 536 cost=2.582093e+05 lam=9.077e-06 tau=0.00e+00 cg_it=2 shift=0 ckpt=3 alpha=0 acc mv=1695
PCG_PREP o=536 rebuild=1 drift=0 previous_depth=3
E2_CAP o=536 retry=0 touched=2 ncam=52 raw=6714.6283540899149 capped=24.762426129589059 radius=403.16907370370865 median=0.52261151757733171 global_scale=1
ATTR_RADIUS o=536 raw_norm=6714.628354089913 norm=24.762426129589056 radius=403.16907370370865 next_radius=403.16907370370865 lambda=9.0771481335264631e-06 next_lambda=9.0771481335264631e-06 rho=0.99947199212682081 accept=1
CLASSICAL_LM o=536 lambda=9.0771481335264631e-06 tau=9.0771481335264631e-06 prediction=2.4648183494856126 rho=0.99947199212682081 accept=1
  MFCG it 537 cost=2.582069e+05 lam=9.077e-06 tau=0.00e+00 cg_it=0 shift=0 ckpt=1 alpha=0 acc mv=1697
PCG_PREP o=537 rebuild=1 drift=0 previous_depth=1
E2_CAP o=537 retry=0 touched=2 ncam=52 raw=6701.8427759578035 capped=15.093799440532811 radius=403.16907370370865 median=0.32269505467000892 global_scale=1
ATTR_RADIUS o=537 raw_norm=6701.8427759578026 norm=15.093799440532816 radius=403.16907370370865 next_radius=403.16907370370865 lambda=9.0771481335264631e-06 next_lambda=9.0771481335264631e-06 rho=1.0000716074157685 accept=1
CLASSICAL_LM o=537 lambda=9.0771481335264631e-06 tau=9.0771481335264631e-06 prediction=1.1973539902185204 rho=1.0000716074157685 accept=1
  MFCG it 538 cost=2.582057e+05 lam=9.077e-06 tau=0.00e+00 cg_it=0 shift=0 ckpt=1 alpha=0 acc mv=1699
PCG_PREP o=538 rebuild=1 drift=0 previous_depth=1
E2_CAP o=538 retry=0 touched=1 ncam=52 raw=6595.6006714681644 capped=44.407777500900757 radius=403.16907370370865 median=1.0645437305356948 global_scale=1
ATTR_RADIUS o=538 raw_norm=6595.6006714681653 norm=44.407777500900757 radius=403.16907370370865 next_radius=403.16907370370865 lambda=9.0771481335264631e-06 next_lambda=9.0771481335264631e-06 rho=0.99569433528869133 accept=1
CLASSICAL_LM o=538 lambda=9.0771481335264631e-06 tau=9.0771481335264631e-06 prediction=0.59698346028275562 rho=0.99569433528869133 accept=1
  MFCG: converged (OCA_FTOL: 8 outers < 1.0e-05 rel)
  MFCG: accepts=539 rejects=4 total_matvecs=1703 negcurv=1 cand_evals=543 mean_cg_per_outer=3.2
NUMERIC_REPAIR summary rebuilds=1 floor=9.0771481335264631e-06
  [retry-cache] builds=544 reuses=0
  [menu-backtrack] trials=8 rescues=8 evals=24 total_scored=567
POINT_SAFE summary calls=8 evals=8 wins=3 frozen=1802 seconds=0.019264479
  [scoring] menu_evals=543 alpha_evals=0 backtrack_evals=24 total_scored=567
RESULT algo=mfree_shifted_cg iters=539 final_cost=258205.0743524700 solve_seconds=5.515161
DIAGNOSTICS median_reproj_err_px 3.252455 -> 0.374796 | cheirality_violations(obs) 0 -> 12 | cheirality_violations(pts, of 64053) 0 -> 6
