[R10] --zero_k2: all k2 set to 0 at load
Loaded /workspace/bal/venice-52.txt: ncam=52 npt=64053 nobs=347173 n=192471
[R10] --dof9: refining f,k1 per camera (52 cameras)
  [menu-backtrack] active=1 max_evals=8 warmup_accepts=3 confirm_stop=original armijo=1e-4
MIXED_STORAGE fragments=fp32 arithmetic=fp64 state=fp64 acceptance=fp64
  [compact-fragments] active=2 saved_bytes=36105992 storage=fp32 camera_reads=contiguous
  MFCG score_init=11152062.772762468 precision=fp64
PCG_PREP o=0 rebuild=1 drift=0 previous_depth=0
ATTR_RADIUS o=0 raw_norm=3225.3525896296719 norm=3225.3525896296719 radius=3225.3525896296719 next_radius=6450.7051792593438 lambda=0.10000000000000001 next_lambda=0.025000000000000001 rho=0.99997438839510577 accept=1
CLASSICAL_LM o=0 lambda=0.10000000000000001 tau=0.10000000000000001 prediction=8877594.9877400436 rho=0.99997438839510577 accept=1
  MFCG it   1 cost=2.274695e+06 lam=2.500e-02 tau=0.00e+00 cg_it=0 shift=0 ckpt=1 alpha=0 acc mv=2
PCG_PREP o=1 rebuild=1 drift=0 previous_depth=1
ATTR_RADIUS o=1 raw_norm=2725.1440498078518 norm=2725.1440498078518 radius=6450.7051792593438 next_radius=6450.7051792593438 lambda=0.025000000000000001 next_lambda=0.0025000000000000005 rho=0.99701845569055259 accept=1
CLASSICAL_LM o=1 lambda=0.025000000000000001 tau=0.025000000000000001 prediction=770789.73816058389 rho=0.99701845569055259 accept=1
  MFCG it   2 cost=1.506204e+06 lam=2.500e-03 tau=0.00e+00 cg_it=4 shift=0 ckpt=5 alpha=0 acc mv=8
PCG_PREP o=2 rebuild=1 drift=0 previous_depth=5
ATTR_RADIUS o=2 raw_norm=9578.8535291649678 norm=6450.7051792593429 radius=6450.7051792593438 next_radius=12901.410358518688 lambda=0.0025000000000000005 next_lambda=0.00062500000000000012 rho=0.99788045990932517 accept=1
CLASSICAL_LM o=2 lambda=0.0025000000000000005 tau=0.0025000000000000005 prediction=379875.54087330494 rho=0.99788045990932517 accept=1
  MFCG it   3 cost=1.127133e+06 lam=6.250e-04 tau=0.00e+00 cg_it=6 shift=0 ckpt=7 alpha=0 acc mv=16
PCG_PREP o=3 rebuild=1 drift=0 previous_depth=7
ATTR_RADIUS o=3 raw_norm=20490.017829380577 norm=12901.410358518689 radius=12901.410358518688 next_radius=25802.820717037375 lambda=0.00062500000000000012 next_lambda=0.00015625000000000003 rho=1.0088399234479988 accept=1
CLASSICAL_LM o=3 lambda=0.00062500000000000012 tau=0.00062500000000000012 prediction=303117.90441039996 rho=1.0088399234479988 accept=1
  MFCG it   4 cost=8.213357e+05 lam=1.563e-04 tau=0.00e+00 cg_it=4 shift=0 ckpt=5 alpha=0 acc mv=22
PCG_PREP o=4 rebuild=1 drift=0 previous_depth=5
ATTR_RADIUS o=4 raw_norm=36900.192347262091 norm=25802.820717037368 radius=25802.820717037375 next_radius=51605.641434074751 lambda=0.00015625000000000003 next_lambda=3.9062500000000008e-05 rho=0.9885898304590871 accept=1
CLASSICAL_LM o=4 lambda=0.00015625000000000003 tau=0.00015625000000000003 prediction=326600.15083530475 rho=0.9885898304590871 accept=1
  MFCG it   5 cost=4.984621e+05 lam=3.906e-05 tau=0.00e+00 cg_it=7 shift=0 ckpt=8 alpha=0 acc mv=31
PCG_PREP o=5 rebuild=1 drift=0 previous_depth=8
POINT_SAFE o=5 frozen=1272 slope=-313613.97365420434 candidate=359332.31071782013 original=413743.6649095692 current=498462.14941642113 won=1 mode=1 camera_scale=1 keep_scale=0
ATTR_RADIUS o=5 raw_norm=37393.036566439521 norm=37393.036566439521 radius=51605.641434074751 next_radius=51605.641434074751 lambda=3.9062500000000008e-05 next_lambda=3.9062500000000009e-06 rho=0.78384734190356675 accept=1
CLASSICAL_LM o=5 lambda=3.9062500000000008e-05 tau=3.9062500000000008e-05 prediction=177496.09045139496 rho=0.78384734190356675 accept=1
  MFCG it   6 cost=3.593323e+05 lam=3.906e-06 tau=0.00e+00 cg_it=5 shift=0 ckpt=6 alpha=0 acc mv=38
PCG_PREP o=6 rebuild=1 drift=0 previous_depth=6
POINT_SAFE o=6 frozen=165 slope=-144786.97286967112 candidate=294542.83370736631 original=306434.84892508027 current=359332.31071782013 won=1 mode=1 camera_scale=1 keep_scale=0
ATTR_RADIUS o=6 raw_norm=9481.8484338947164 norm=9481.8484338947164 radius=51605.641434074751 next_radius=51605.641434074751 lambda=3.9062500000000009e-06 next_lambda=3.9062500000000012e-07 rho=0.89302126076766442 accept=1
CLASSICAL_LM o=6 lambda=3.9062500000000009e-06 tau=3.9062500000000009e-06 prediction=72550.878525287393 rho=0.89302126076766442 accept=1
  MFCG it   7 cost=2.945428e+05 lam=3.906e-07 tau=0.00e+00 cg_it=0 shift=0 ckpt=1 alpha=0 acc mv=40
PCG_PREP o=7 rebuild=1 drift=0 previous_depth=1
POINT_SAFE o=7 frozen=240 slope=-45129.725401092823 candidate=367858.86035197566 original=292851.29513364506 current=294542.83370736631 won=0 mode=1 camera_scale=1 keep_scale=0
ATTR_RADIUS o=7 raw_norm=39044.313305387055 norm=9761.0783263467638 radius=51605.641434074751 next_radius=12901.410358518688 lambda=3.9062500000000012e-07 next_lambda=6.250000000000002e-06 rho=0.13091865419678678 accept=1
CLASSICAL_LM o=7 lambda=3.9062500000000012e-07 tau=3.9062500000000012e-07 prediction=12920.531333744535 rho=0.13091865419678678 accept=1
  MFCG it   8 cost=2.928513e+05 lam=6.250e-06 tau=0.00e+00 cg_it=1 shift=0 ckpt=2 alpha=0 acc mv=43
PCG_PREP o=8 rebuild=1 drift=0 previous_depth=2
ATTR_RADIUS o=8 raw_norm=7951.4617730474247 norm=7951.4617730474247 radius=12901.410358518688 next_radius=12901.410358518688 lambda=6.250000000000002e-06 next_lambda=6.2500000000000026e-07 rho=0.49456112238311417 accept=1
CLASSICAL_LM o=8 lambda=6.250000000000002e-06 tau=6.250000000000002e-06 prediction=22294.594840544578 rho=0.49456112238311417 accept=1
  MFCG it   9 cost=2.818253e+05 lam=6.250e-07 tau=0.00e+00 cg_it=0 shift=0 ckpt=1 alpha=0 acc mv=45
PCG_PREP o=9 rebuild=1 drift=0 previous_depth=1
POINT_SAFE o=9 frozen=40 slope=-16499.727643209826 candidate=279728.36829748919 original=274080.038915449 current=281825.25528622855 won=0 mode=1 camera_scale=1 keep_scale=0
ATTR_RADIUS o=9 raw_norm=49847.156369896467 norm=6450.705179259342 radius=12901.410358518688 next_radius=12901.410358518688 lambda=6.2500000000000026e-07 next_lambda=6.2500000000000024e-08 rho=0.81491829252479453 accept=1
CLASSICAL_LM o=9 lambda=6.2500000000000026e-07 tau=6.2500000000000026e-07 prediction=9504.2858183771859 rho=0.81491829252479453 accept=1
  MFCG it  10 cost=2.740800e+05 lam=6.250e-08 tau=0.00e+00 cg_it=1 shift=0 ckpt=2 alpha=0 acc mv=48
PCG_PREP o=10 rebuild=1 drift=0 previous_depth=2
ATTR_RADIUS o=10 raw_norm=12243.97810703713 norm=12243.97810703713 radius=12901.410358518688 next_radius=12901.410358518688 lambda=6.2500000000000024e-08 next_lambda=6.2500000000000024e-08 rho=0.31981159076750509 accept=1
CLASSICAL_LM o=10 lambda=6.2500000000000024e-08 tau=6.2500000000000024e-08 prediction=7065.9233269902625 rho=0.31981159076750509 accept=1
  MFCG it  11 cost=2.718203e+05 lam=6.250e-08 tau=0.00e+00 cg_it=0 shift=0 ckpt=1 alpha=0 acc mv=50
PCG_PREP o=11 rebuild=1 drift=0 previous_depth=1
ATTR_RADIUS o=11 raw_norm=11859.577889923299 norm=11859.577889923299 radius=12901.410358518688 next_radius=12901.410358518688 lambda=6.2500000000000024e-08 next_lambda=6.2500000000000024e-08 rho=0.31749140625844391 accept=1
CLASSICAL_LM o=11 lambda=6.2500000000000024e-08 tau=6.2500000000000024e-08 prediction=7514.0174293320888 rho=0.31749140625844391 accept=1
  MFCG it  12 cost=2.694346e+05 lam=6.250e-08 tau=0.00e+00 cg_it=0 shift=0 ckpt=1 alpha=0 acc mv=52
PCG_PREP o=12 rebuild=1 drift=0 previous_depth=1
ATTR_RADIUS o=12 raw_norm=11241.595848526382 norm=11241.595848526382 radius=12901.410358518688 next_radius=12901.410358518688 lambda=6.2500000000000024e-08 next_lambda=6.2500000000000024e-08 rho=0.43353024289997372 accept=1
CLASSICAL_LM o=12 lambda=6.2500000000000024e-08 tau=6.2500000000000024e-08 prediction=7489.1928974143593 rho=0.43353024289997372 accept=1
  MFCG it  13 cost=2.661878e+05 lam=6.250e-08 tau=0.00e+00 cg_it=0 shift=0 ckpt=1 alpha=0 acc mv=54
PCG_PREP o=13 rebuild=1 drift=0 previous_depth=1
ATTR_RADIUS o=13 raw_norm=9689.6190013327359 norm=9689.6190013327359 radius=12901.410358518688 next_radius=12901.410358518688 lambda=6.2500000000000024e-08 next_lambda=6.250000000000003e-09 rho=0.48780873479947384 accept=1
CLASSICAL_LM o=13 lambda=6.2500000000000024e-08 tau=6.2500000000000024e-08 prediction=6556.5850978422677 rho=0.48780873479947384 accept=1
  MFCG it  14 cost=2.629895e+05 lam=6.250e-09 tau=0.00e+00 cg_it=0 shift=0 ckpt=1 alpha=0 acc mv=56
PCG_PREP o=14 rebuild=1 drift=0 previous_depth=1
ATTR_RADIUS o=14 raw_norm=8647.9354918170193 norm=8647.9354918170193 radius=12901.410358518688 next_radius=12901.410358518688 lambda=6.250000000000003e-09 next_lambda=6.2500000000000032e-10 rho=0.45807857131639051 accept=1
CLASSICAL_LM o=14 lambda=6.250000000000003e-09 tau=6.250000000000003e-09 prediction=5199.9961430172161 rho=0.45807857131639051 accept=1
  MFCG it  15 cost=2.606075e+05 lam=6.250e-10 tau=0.00e+00 cg_it=0 shift=0 ckpt=1 alpha=0 acc mv=58
PCG_PREP o=15 rebuild=1 drift=0 previous_depth=1
ATTR_RADIUS o=15 raw_norm=7860.2423788091337 norm=7860.2423788091337 radius=12901.410358518688 next_radius=12901.410358518688 lambda=6.2500000000000032e-10 next_lambda=6.250000000000003e-11 rho=0.45619727507895258 accept=1
CLASSICAL_LM o=15 lambda=6.2500000000000032e-10 tau=6.2500000000000032e-10 prediction=3081.1803388703006 rho=0.45619727507895258 accept=1
  MFCG it  16 cost=2.592019e+05 lam=6.250e-11 tau=0.00e+00 cg_it=0 shift=0 ckpt=1 alpha=0 acc mv=60
PCG_PREP o=16 rebuild=1 drift=0 previous_depth=1
ATTR_RADIUS o=16 raw_norm=8296.8193602940828 norm=8296.8193602940828 radius=12901.410358518688 next_radius=12901.410358518688 lambda=6.250000000000003e-11 next_lambda=6.2500000000000035e-12 rho=0.28915920708169091 accept=1
CLASSICAL_LM o=16 lambda=6.250000000000003e-11 tau=6.250000000000003e-11 prediction=2438.2128499952855 rho=0.28915920708169091 accept=1
  MFCG it  17 cost=2.584968e+05 lam=6.250e-12 tau=0.00e+00 cg_it=0 shift=0 ckpt=1 alpha=0 acc mv=62
PCG_PREP o=17 rebuild=1 drift=0 previous_depth=1
ATTR_RADIUS o=17 raw_norm=8807.0459003608994 norm=8807.0459003608994 radius=12901.410358518688 next_radius=3225.3525896296719 lambda=6.2500000000000035e-12 next_lambda=1.0000000000000006e-10 rho=0.16481840441765977 accept=1
CLASSICAL_LM o=17 lambda=6.2500000000000035e-12 tau=6.2500000000000035e-12 prediction=2399.4865767369115 rho=0.16481840441765977 accept=1
  MFCG it  18 cost=2.581013e+05 lam=1.000e-10 tau=0.00e+00 cg_it=0 shift=0 ckpt=1 alpha=0 acc mv=64
PCG_PREP o=18 rebuild=1 drift=0 previous_depth=1
POINT_SAFE o=18 frozen=8 slope=-2348.9175107854135 candidate=257042.49552266404 original=257491.03326505568 current=258101.34355652565 won=1 mode=1 camera_scale=1 keep_scale=0
ATTR_RADIUS o=18 raw_norm=9818.2682579177617 norm=3225.3525896296715 radius=3225.3525896296719 next_radius=3225.3525896296719 lambda=1.0000000000000006e-10 next_lambda=1.0000000000000006e-10 rho=0.71794490425219071 accept=1
CLASSICAL_LM o=18 lambda=1.0000000000000006e-10 tau=1.0000000000000006e-10 prediction=1474.8318813746569 rho=0.71794490425219071 accept=1
  MFCG it  19 cost=2.570425e+05 lam=1.000e-10 tau=0.00e+00 cg_it=0 shift=0 ckpt=1 alpha=0 acc mv=66
PCG_PREP o=19 rebuild=1 drift=0 previous_depth=1
POINT_SAFE o=19 frozen=762 slope=-1091.5742511507656 candidate=256645.76816980427 original=256530.45941916434 current=257042.49552266404 won=0 mode=1 camera_scale=1 keep_scale=0
ATTR_RADIUS o=19 raw_norm=11214.449836288335 norm=1612.6762948148362 radius=3225.3525896296719 next_radius=3225.3525896296719 lambda=1.0000000000000006e-10 next_lambda=1.0000000000000006e-11 rho=0.70762708956748277 accept=1
CLASSICAL_LM o=19 lambda=1.0000000000000006e-10 tau=1.0000000000000006e-10 prediction=723.59596042694147 rho=0.70762708956748277 accept=1
  MFCG it  20 cost=2.565305e+05 lam=1.000e-11 tau=0.00e+00 cg_it=0 shift=0 ckpt=1 alpha=0 acc mv=68
PCG_PREP o=20 rebuild=1 drift=0 previous_depth=1
ATTR_RADIUS o=20 raw_norm=12189.999494145859 norm=3225.3525896296715 radius=3225.3525896296719 next_radius=806.33814740741798 lambda=1.0000000000000006e-11 next_lambda=1.6000000000000009e-10 rho=0.16547116724119881 accept=1
CLASSICAL_LM o=20 lambda=1.0000000000000006e-11 tau=1.0000000000000006e-11 prediction=728.44839562501625 rho=0.16547116724119881 accept=1
  MFCG it  21 cost=2.564099e+05 lam=1.600e-10 tau=0.00e+00 cg_it=0 shift=0 ckpt=1 alpha=0 acc mv=70
PCG_PREP o=21 rebuild=1 drift=0 previous_depth=1
ATTR_RADIUS o=21 raw_norm=13614.058119593648 norm=806.33814740741809 radius=806.33814740741798 next_radius=1612.676294814836 lambda=1.6000000000000009e-10 next_lambda=4.0000000000000023e-11 rho=0.84539908116980489 accept=1
CLASSICAL_LM o=21 lambda=1.6000000000000009e-10 tau=1.6000000000000009e-10 prediction=504.89927891597216 rho=0.84539908116980489 accept=1
  MFCG it  22 cost=2.559831e+05 lam=4.000e-11 tau=0.00e+00 cg_it=0 shift=0 ckpt=1 alpha=0 acc mv=72
PCG_PREP o=22 rebuild=1 drift=0 previous_depth=1
ATTR_RADIUS o=22 raw_norm=14444.115315137593 norm=1612.6762948148364 radius=1612.676294814836 next_radius=1612.676294814836 lambda=4.0000000000000023e-11 next_lambda=4.0000000000000023e-11 rho=0.65579596741294999 accept=1
CLASSICAL_LM o=22 lambda=4.0000000000000023e-11 tau=4.0000000000000023e-11 prediction=240.35405644694862 rho=0.65579596741294999 accept=1
  MFCG it  23 cost=2.558255e+05 lam=4.000e-11 tau=0.00e+00 cg_it=0 shift=0 ckpt=1 alpha=0 acc mv=74
PCG_PREP o=23 rebuild=1 drift=0 previous_depth=1
ATTR_RADIUS o=23 raw_norm=15800.549022105781 norm=1612.6762948148362 radius=1612.676294814836 next_radius=1612.676294814836 lambda=4.0000000000000023e-11 next_lambda=4.0000000000000023e-11 rho=0.72443988669439519 accept=1
CLASSICAL_LM o=23 lambda=4.0000000000000023e-11 tau=4.0000000000000023e-11 prediction=186.13876946667779 rho=0.72443988669439519 accept=1
  MFCG it  24 cost=2.556906e+05 lam=4.000e-11 tau=0.00e+00 cg_it=0 shift=0 ckpt=1 alpha=0 acc mv=76
PCG_PREP o=24 rebuild=1 drift=0 previous_depth=1
ATTR_RADIUS o=24 raw_norm=17266.845304433071 norm=1612.6762948148362 radius=1612.676294814836 next_radius=1612.676294814836 lambda=4.0000000000000023e-11 next_lambda=4.0000000000000023e-11 rho=0.69307491946489241 accept=1
CLASSICAL_LM o=24 lambda=4.0000000000000023e-11 tau=4.0000000000000023e-11 prediction=141.64908841271341 rho=0.69307491946489241 accept=1
  MFCG it  25 cost=2.555924e+05 lam=4.000e-11 tau=0.00e+00 cg_it=0 shift=0 ckpt=1 alpha=0 acc mv=78
PCG_PREP o=25 rebuild=1 drift=0 previous_depth=1
ATTR_RADIUS o=25 raw_norm=180031.99869774206 norm=1612.676294814836 radius=1612.676294814836 next_radius=1612.676294814836 lambda=4.0000000000000023e-11 next_lambda=4.0000000000000023e-11 rho=0.45398766853798511 accept=1
CLASSICAL_LM o=25 lambda=4.0000000000000023e-11 tau=4.0000000000000023e-11 prediction=74.024811631666523 rho=0.45398766853798511 accept=1
  MFCG it  26 cost=2.555588e+05 lam=4.000e-11 tau=0.00e+00 cg_it=1 shift=0 ckpt=2 alpha=0 acc mv=81
PCG_PREP o=26 rebuild=1 drift=0 previous_depth=2
ATTR_RADIUS o=26 raw_norm=18443.452271217564 norm=1612.676294814835 radius=1612.676294814836 next_radius=1612.676294814836 lambda=4.0000000000000023e-11 next_lambda=4.0000000000000023e-11 rho=0.65405005682443551 accept=1
CLASSICAL_LM o=26 lambda=4.0000000000000023e-11 tau=4.0000000000000023e-11 prediction=125.85724225860969 rho=0.65405005682443551 accept=1
  MFCG it  27 cost=2.554765e+05 lam=4.000e-11 tau=0.00e+00 cg_it=0 shift=0 ckpt=1 alpha=0 acc mv=83
PCG_PREP o=27 rebuild=1 drift=0 previous_depth=1
ATTR_RADIUS o=27 raw_norm=19890.031356893982 norm=1612.676294814836 radius=1612.676294814836 next_radius=1612.676294814836 lambda=4.0000000000000023e-11 next_lambda=4.0000000000000023e-11 rho=0.64071875566821779 accept=1
CLASSICAL_LM o=27 lambda=4.0000000000000023e-11 tau=4.0000000000000023e-11 prediction=114.22482470140787 rho=0.64071875566821779 accept=1
  MFCG it  28 cost=2.554033e+05 lam=4.000e-11 tau=0.00e+00 cg_it=0 shift=0 ckpt=1 alpha=0 acc mv=85
PCG_PREP o=28 rebuild=1 drift=0 previous_depth=1
ATTR_RADIUS o=28 raw_norm=208734.99879328208 norm=1612.6762948148353 radius=1612.676294814836 next_radius=1612.676294814836 lambda=4.0000000000000023e-11 next_lambda=4.0000000000000023e-11 rho=0.36819748612569519 accept=1
CLASSICAL_LM o=28 lambda=4.0000000000000023e-11 tau=4.0000000000000023e-11 prediction=62.463024236189071 rho=0.36819748612569519 accept=1
  MFCG it  29 cost=2.553803e+05 lam=4.000e-11 tau=0.00e+00 cg_it=1 shift=0 ckpt=2 alpha=0 acc mv=88
PCG_PREP o=29 rebuild=1 drift=0 previous_depth=2
ATTR_RADIUS o=29 raw_norm=20909.669233545246 norm=1612.6762948148355 radius=1612.676294814836 next_radius=1612.676294814836 lambda=4.0000000000000023e-11 next_lambda=4.0000000000000023e-11 rho=0.60317348267176263 accept=1
CLASSICAL_LM o=29 lambda=4.0000000000000023e-11 tau=4.0000000000000023e-11 prediction=107.38367580991016 rho=0.60317348267176263 accept=1
  MFCG it  30 cost=2.553156e+05 lam=4.000e-11 tau=0.00e+00 cg_it=0 shift=0 ckpt=1 alpha=0 acc mv=90
PCG_PREP o=30 rebuild=1 drift=0 previous_depth=1
ATTR_RADIUS o=30 raw_norm=22270.851196613934 norm=1612.6762948148366 radius=1612.676294814836 next_radius=1612.676294814836 lambda=4.0000000000000023e-11 next_lambda=4.0000000000000023e-11 rho=0.58641338608653704 accept=1
CLASSICAL_LM o=30 lambda=4.0000000000000023e-11 tau=4.0000000000000023e-11 prediction=99.237823046729375 rho=0.58641338608653704 accept=1
  MFCG it  31 cost=2.552574e+05 lam=4.000e-11 tau=0.00e+00 cg_it=0 shift=0 ckpt=1 alpha=0 acc mv=92
PCG_PREP o=31 rebuild=1 drift=0 previous_depth=1
ATTR_RADIUS o=31 raw_norm=23609.583243256515 norm=1612.6762948148362 radius=1612.676294814836 next_radius=1612.676294814836 lambda=4.0000000000000023e-11 next_lambda=4.0000000000000023e-11 rho=0.56837659578668198 accept=1
CLASSICAL_LM o=31 lambda=4.0000000000000023e-11 tau=4.0000000000000023e-11 prediction=92.370734884046627 rho=0.56837659578668198 accept=1
  MFCG it  32 cost=2.552049e+05 lam=4.000e-11 tau=0.00e+00 cg_it=0 shift=0 ckpt=1 alpha=0 acc mv=94
PCG_PREP o=32 rebuild=1 drift=0 previous_depth=1
ATTR_RADIUS o=32 raw_norm=24908.689200978119 norm=1612.6762948148357 radius=1612.676294814836 next_radius=1612.676294814836 lambda=4.0000000000000023e-11 next_lambda=4.0000000000000023e-11 rho=0.54942199882944043 accept=1
CLASSICAL_LM o=32 lambda=4.0000000000000023e-11 tau=4.0000000000000023e-11 prediction=86.603160846091043 rho=0.54942199882944043 accept=1
  MFCG it  33 cost=2.551573e+05 lam=4.000e-11 tau=0.00e+00 cg_it=0 shift=0 ckpt=1 alpha=0 acc mv=96
PCG_PREP o=33 rebuild=1 drift=0 previous_depth=1
ATTR_RADIUS o=33 raw_norm=260108.74534184011 norm=1612.6762948148362 radius=1612.676294814836 next_radius=403.16907370370899 lambda=4.0000000000000023e-11 next_lambda=6.4000000000000037e-10 rho=0.20558347908890653 accept=1
CLASSICAL_LM o=33 lambda=4.0000000000000023e-11 tau=4.0000000000000023e-11 prediction=48.677921863646858 rho=0.20558347908890653 accept=1
  MFCG it  34 cost=2.551473e+05 lam=6.400e-10 tau=0.00e+00 cg_it=1 shift=0 ckpt=2 alpha=0 acc mv=99
PCG_PREP o=34 rebuild=1 drift=0 previous_depth=2
ATTR_RADIUS o=34 raw_norm=25411.680916439203 norm=403.16907370370922 radius=403.16907370370899 next_radius=806.33814740741798 lambda=6.4000000000000037e-10 next_lambda=1.6000000000000009e-10 rho=0.86922197809399138 accept=1
CLASSICAL_LM o=34 lambda=6.4000000000000037e-10 tau=6.4000000000000037e-10 prediction=22.035743018148576 rho=0.86922197809399138 accept=1
  MFCG it  35 cost=2.551281e+05 lam=1.600e-10 tau=0.00e+00 cg_it=0 shift=0 ckpt=1 alpha=0 acc mv=101
PCG_PREP o=35 rebuild=1 drift=0 previous_depth=1
ATTR_RADIUS o=35 raw_norm=26212.083396680224 norm=806.33814740741775 radius=806.33814740741798 next_radius=806.33814740741798 lambda=1.6000000000000009e-10 next_lambda=1.6000000000000009e-10 rho=0.73777672730025778 accept=1
CLASSICAL_LM o=35 lambda=1.6000000000000009e-10 tau=1.6000000000000009e-10 prediction=41.327557866176839 rho=0.73777672730025778 accept=1
  MFCG it  36 cost=2.550976e+05 lam=1.600e-10 tau=0.00e+00 cg_it=0 shift=0 ckpt=1 alpha=0 acc mv=103
PCG_PREP o=36 rebuild=1 drift=0 previous_depth=1
ATTR_RADIUS o=36 raw_norm=27274.466515968561 norm=806.33814740741809 radius=806.33814740741798 next_radius=806.33814740741798 lambda=1.6000000000000009e-10 next_lambda=1.6000000000000009e-10 rho=0.7327174475134558 accept=1
CLASSICAL_LM o=36 lambda=1.6000000000000009e-10 tau=1.6000000000000009e-10 prediction=39.322220737277739 rho=0.7327174475134558 accept=1
  MFCG it  37 cost=2.550688e+05 lam=1.600e-10 tau=0.00e+00 cg_it=0 shift=0 ckpt=1 alpha=0 acc mv=105
PCG_PREP o=37 rebuild=1 drift=0 previous_depth=1
ATTR_RADIUS o=37 raw_norm=28365.210885207147 norm=806.33814740741832 radius=806.33814740741798 next_radius=806.33814740741798 lambda=1.6000000000000009e-10 next_lambda=1.6000000000000009e-10 rho=0.72742972989620835 accept=1
CLASSICAL_LM o=37 lambda=1.6000000000000009e-10 tau=1.6000000000000009e-10 prediction=37.468668643807653 rho=0.72742972989620835 accept=1
  MFCG it  38 cost=2.550416e+05 lam=1.600e-10 tau=0.00e+00 cg_it=0 shift=0 ckpt=1 alpha=0 acc mv=107
PCG_PREP o=38 rebuild=1 drift=0 previous_depth=1
ATTR_RADIUS o=38 raw_norm=290742.36106483394 norm=806.33814740741832 radius=806.33814740741798 next_radius=806.33814740741798 lambda=1.6000000000000009e-10 next_lambda=1.6000000000000009e-10 rho=0.54742586223645606 accept=1
CLASSICAL_LM o=38 lambda=1.6000000000000009e-10 tau=1.6000000000000009e-10 prediction=21.196423335428797 rho=0.54742586223645606 accept=1
  MFCG it  39 cost=2.550300e+05 lam=1.600e-10 tau=0.00e+00 cg_it=1 shift=0 ckpt=2 alpha=0 acc mv=110
PCG_PREP o=39 rebuild=1 drift=0 previous_depth=2
ATTR_RADIUS o=39 raw_norm=29589.057585587445 norm=806.33814740741798 radius=806.33814740741798 next_radius=806.33814740741798 lambda=1.6000000000000009e-10 next_lambda=1.6000000000000009e-10 rho=0.71476453386885153 accept=1
CLASSICAL_LM o=39 lambda=1.6000000000000009e-10 tau=1.6000000000000009e-10 prediction=35.628047064395759 rho=0.71476453386885153 accept=1
  MFCG it  40 cost=2.550045e+05 lam=1.600e-10 tau=0.00e+00 cg_it=0 shift=0 ckpt=1 alpha=0 acc mv=112
PCG_PREP o=40 rebuild=1 drift=0 previous_depth=1
ATTR_RADIUS o=40 raw_norm=302497.43172330479 norm=806.33814740741798 radius=806.33814740741798 next_radius=806.33814740741798 lambda=1.6000000000000009e-10 next_lambda=1.6000000000000009e-10 rho=0.52624801577535352 accept=1
CLASSICAL_LM o=40 lambda=1.6000000000000009e-10 tau=1.6000000000000009e-10 prediction=20.227554043903506 rho=0.52624801577535352 accept=1
  MFCG it  41 cost=2.549938e+05 lam=1.600e-10 tau=0.00e+00 cg_it=1 shift=0 ckpt=2 alpha=0 acc mv=115
PCG_PREP o=41 rebuild=1 drift=0 previous_depth=2
ATTR_RADIUS o=41 raw_norm=30805.305062086911 norm=806.33814740741809 radius=806.33814740741798 next_radius=806.33814740741798 lambda=1.6000000000000009e-10 next_lambda=1.6000000000000009e-10 rho=0.7016256781808573 accept=1
CLASSICAL_LM o=41 lambda=1.6000000000000009e-10 tau=1.6000000000000009e-10 prediction=33.976078614982427 rho=0.7016256781808573 accept=1
  MFCG it  42 cost=2.549700e+05 lam=1.600e-10 tau=0.00e+00 cg_it=0 shift=0 ckpt=1 alpha=0 acc mv=117
PCG_PREP o=42 rebuild=1 drift=0 previous_depth=1
ATTR_RADIUS o=42 raw_norm=31897.737827388202 norm=806.33814740741809 radius=806.33814740741798 next_radius=806.33814740741798 lambda=1.6000000000000009e-10 next_lambda=1.6000000000000009e-10 rho=0.69578484830289322 accept=1
CLASSICAL_LM o=42 lambda=1.6000000000000009e-10 tau=1.6000000000000009e-10 prediction=32.590957195769057 rho=0.69578484830289322 accept=1
  MFCG it  43 cost=2.549473e+05 lam=1.600e-10 tau=0.00e+00 cg_it=0 shift=0 ckpt=1 alpha=0 acc mv=119
PCG_PREP o=43 rebuild=1 drift=0 previous_depth=1
ATTR_RADIUS o=43 raw_norm=320333.59342093347 norm=806.3381474074173 radius=806.33814740741798 next_radius=806.33814740741798 lambda=1.6000000000000009e-10 next_lambda=1.6000000000000009e-10 rho=0.50137354038848958 accept=1
CLASSICAL_LM o=43 lambda=1.6000000000000009e-10 tau=1.6000000000000009e-10 prediction=18.881034561587747 rho=0.50137354038848958 accept=1
  MFCG it  44 cost=2.549379e+05 lam=1.600e-10 tau=0.00e+00 cg_it=1 shift=0 ckpt=2 alpha=0 acc mv=122
PCG_PREP o=44 rebuild=1 drift=0 previous_depth=2
ATTR_RADIUS o=44 raw_norm=33096.618846283433 norm=806.33814740741809 radius=806.33814740741798 next_radius=806.33814740741798 lambda=1.6000000000000009e-10 next_lambda=1.6000000000000009e-10 rho=0.68175225279844054 accept=1
CLASSICAL_LM o=44 lambda=1.6000000000000009e-10 tau=1.6000000000000009e-10 prediction=31.212825711620095 rho=0.68175225279844054 accept=1
  MFCG it  45 cost=2.549166e+05 lam=1.600e-10 tau=0.00e+00 cg_it=0 shift=0 ckpt=1 alpha=0 acc mv=124
PCG_PREP o=45 rebuild=1 drift=0 previous_depth=1
ATTR_RADIUS o=45 raw_norm=331822.18858270679 norm=806.33814740741775 radius=806.33814740741798 next_radius=806.33814740741798 lambda=1.6000000000000009e-10 next_lambda=1.6000000000000009e-10 rho=0.47682949344102538 accept=1
CLASSICAL_LM o=45 lambda=1.6000000000000009e-10 tau=1.6000000000000009e-10 prediction=18.081101577930632 rho=0.47682949344102538 accept=1
  MFCG it  46 cost=2.549080e+05 lam=1.600e-10 tau=0.00e+00 cg_it=1 shift=0 ckpt=2 alpha=0 acc mv=127
PCG_PREP o=46 rebuild=1 drift=0 previous_depth=2
ATTR_RADIUS o=46 raw_norm=34284.762588430953 norm=806.33814740741809 radius=806.33814740741798 next_radius=806.33814740741798 lambda=1.6000000000000009e-10 next_lambda=1.6000000000000009e-10 rho=0.66727693509454344 accept=1
CLASSICAL_LM o=46 lambda=1.6000000000000009e-10 tau=1.6000000000000009e-10 prediction=29.96745557292849 rho=0.66727693509454344 accept=1
  MFCG it  47 cost=2.548880e+05 lam=1.600e-10 tau=0.00e+00 cg_it=0 shift=0 ckpt=1 alpha=0 acc mv=129
PCG_PREP o=47 rebuild=1 drift=0 previous_depth=1
ATTR_RADIUS o=47 raw_norm=35354.259191699071 norm=806.33814740741798 radius=806.33814740741798 next_radius=806.33814740741798 lambda=1.6000000000000009e-10 next_lambda=1.6000000000000009e-10 rho=0.66077924301617419 accept=1
CLASSICAL_LM o=47 lambda=1.6000000000000009e-10 tau=1.6000000000000009e-10 prediction=28.898915715453079 rho=0.66077924301617419 accept=1
  MFCG it  48 cost=2.548689e+05 lam=1.600e-10 tau=0.00e+00 cg_it=0 shift=0 ckpt=1 alpha=0 acc mv=131
PCG_PREP o=48 rebuild=1 drift=0 previous_depth=1
ATTR_RADIUS o=48 raw_norm=348965.51249582996 norm=806.33814740741798 radius=806.33814740741798 next_radius=806.33814740741798 lambda=1.6000000000000009e-10 next_lambda=1.6000000000000009e-10 rho=0.44701776644971181 accept=1
CLASSICAL_LM o=48 lambda=1.6000000000000009e-10 tau=1.6000000000000009e-10 prediction=16.971729231198374 rho=0.44701776644971181 accept=1
  MFCG it  49 cost=2.548613e+05 lam=1.600e-10 tau=0.00e+00 cg_it=1 shift=0 ckpt=2 alpha=0 acc mv=134
PCG_PREP o=49 rebuild=1 drift=0 previous_depth=2
ATTR_RADIUS o=49 raw_norm=36516.792699542188 norm=806.33814740741809 radius=806.33814740741798 next_radius=806.33814740741798 lambda=1.6000000000000009e-10 next_lambda=1.6000000000000009e-10 rho=0.64544961273920876 accept=1
CLASSICAL_LM o=49 lambda=1.6000000000000009e-10 tau=1.6000000000000009e-10 prediction=27.846719839740409 rho=0.64544961273920876 accept=1
  MFCG it  50 cost=2.548433e+05 lam=1.600e-10 tau=0.00e+00 cg_it=0 shift=0 ckpt=1 alpha=0 acc mv=136
PCG_PREP o=50 rebuild=1 drift=0 previous_depth=1
ATTR_RADIUS o=50 raw_norm=37567.659611971801 norm=806.33814740741809 radius=806.33814740741798 next_radius=806.33814740741798 lambda=1.6000000000000009e-10 next_lambda=1.6000000000000009e-10 rho=0.63858623844383788 accept=1
CLASSICAL_LM o=50 lambda=1.6000000000000009e-10 tau=1.6000000000000009e-10 prediction=26.934174980051505 rho=0.63858623844383788 accept=1
  MFCG it  51 cost=2.548261e+05 lam=1.600e-10 tau=0.00e+00 cg_it=0 shift=0 ckpt=1 alpha=0 acc mv=138
PCG_PREP o=51 rebuild=1 drift=0 previous_depth=1
ATTR_RADIUS o=51 raw_norm=365379.58856205497 norm=806.33814740741775 radius=806.33814740741798 next_radius=806.33814740741798 lambda=1.6000000000000009e-10 next_lambda=1.6000000000000009e-10 rho=0.41448975270910821 accept=1
CLASSICAL_LM o=51 lambda=1.6000000000000009e-10 tau=1.6000000000000009e-10 prediction=15.987620325681284 rho=0.41448975270910821 accept=1
  MFCG it  52 cost=2.548195e+05 lam=1.600e-10 tau=0.00e+00 cg_it=1 shift=0 ckpt=2 alpha=0 acc mv=141
PCG_PREP o=52 rebuild=1 drift=0 previous_depth=2
ATTR_RADIUS o=52 raw_norm=38699.003134656523 norm=806.33814740741798 radius=806.33814740741798 next_radius=806.33814740741798 lambda=1.6000000000000009e-10 next_lambda=1.6000000000000009e-10 rho=0.62251669282681554 accept=1
CLASSICAL_LM o=52 lambda=1.6000000000000009e-10 tau=1.6000000000000009e-10 prediction=26.044840949630569 rho=0.62251669282681554 accept=1
  MFCG it  53 cost=2.548033e+05 lam=1.600e-10 tau=0.00e+00 cg_it=0 shift=0 ckpt=1 alpha=0 acc mv=143
PCG_PREP o=53 rebuild=1 drift=0 previous_depth=1
ATTR_RADIUS o=53 raw_norm=39723.973573184165 norm=806.33814740741786 radius=806.33814740741798 next_radius=806.33814740741798 lambda=1.6000000000000009e-10 next_lambda=1.6000000000000009e-10 rho=0.61530247547616723 accept=1
CLASSICAL_LM o=53 lambda=1.6000000000000009e-10 tau=1.6000000000000009e-10 prediction=25.259729833394257 rho=0.61530247547616723 accept=1
  MFCG it  54 cost=2.547877e+05 lam=1.600e-10 tau=0.00e+00 cg_it=0 shift=0 ckpt=1 alpha=0 acc mv=145
PCG_PREP o=54 rebuild=1 drift=0 previous_depth=1
ATTR_RADIUS o=54 raw_norm=40745.661712860521 norm=806.33814740741798 radius=806.33814740741798 next_radius=806.33814740741798 lambda=1.6000000000000009e-10 next_lambda=1.6000000000000009e-10 rho=0.60793407865018323 accept=1
CLASSICAL_LM o=54 lambda=1.6000000000000009e-10 tau=1.6000000000000009e-10 prediction=24.521594213849564 rho=0.60793407865018323 accept=1
  MFCG it  55 cost=2.547728e+05 lam=1.600e-10 tau=0.00e+00 cg_it=0 shift=0 ckpt=1 alpha=0 acc mv=147
PCG_PREP o=55 rebuild=1 drift=0 previous_depth=1
ATTR_RADIUS o=55 raw_norm=385873.42627763835 norm=806.33814740741809 radius=806.33814740741798 next_radius=806.33814740741798 lambda=1.6000000000000009e-10 next_lambda=1.6000000000000009e-10 rho=0.37358862839169027 accept=1
CLASSICAL_LM o=55 lambda=1.6000000000000009e-10 tau=1.6000000000000009e-10 prediction=14.842718197015222 rho=0.37358862839169027 accept=1
  MFCG it  56 cost=2.547673e+05 lam=1.600e-10 tau=0.00e+00 cg_it=1 shift=0 ckpt=2 alpha=0 acc mv=150
PCG_PREP o=56 rebuild=1 drift=0 previous_depth=2
ATTR_RADIUS o=56 raw_norm=41817.205490740198 norm=806.33814740741752 radius=806.33814740741798 next_radius=806.33814740741798 lambda=1.6000000000000009e-10 next_lambda=1.6000000000000009e-10 rho=0.5909318685317958 accept=1
CLASSICAL_LM o=56 lambda=1.6000000000000009e-10 tau=1.6000000000000009e-10 prediction=23.821331356516222 rho=0.5909318685317958 accept=1
  MFCG it  57 cost=2.547532e+05 lam=1.600e-10 tau=0.00e+00 cg_it=0 shift=0 ckpt=1 alpha=0 acc mv=152
PCG_PREP o=57 rebuild=1 drift=0 previous_depth=1
ATTR_RADIUS o=57 raw_norm=42801.598319597098 norm=806.33814740741775 radius=806.33814740741798 next_radius=806.33814740741798 lambda=1.6000000000000009e-10 next_lambda=1.6000000000000009e-10 rho=0.58332407792189067 accept=1
CLASSICAL_LM o=57 lambda=1.6000000000000009e-10 tau=1.6000000000000009e-10 prediction=23.185059800779545 rho=0.58332407792189067 accept=1
  MFCG it  58 cost=2.547397e+05 lam=1.600e-10 tau=0.00e+00 cg_it=0 shift=0 ckpt=1 alpha=0 acc mv=154
PCG_PREP o=58 rebuild=1 drift=0 previous_depth=1
ATTR_RADIUS o=58 raw_norm=43778.035413680038 norm=806.33814740741775 radius=806.33814740741798 next_radius=806.33814740741798 lambda=1.6000000000000009e-10 next_lambda=1.6000000000000009e-10 rho=0.57556657890676288 accept=1
CLASSICAL_LM o=58 lambda=1.6000000000000009e-10 tau=1.6000000000000009e-10 prediction=22.58421471227593 rho=0.57556657890676288 accept=1
  MFCG it  59 cost=2.547267e+05 lam=1.600e-10 tau=0.00e+00 cg_it=0 shift=0 ckpt=1 alpha=0 acc mv=156
PCG_PREP o=59 rebuild=1 drift=0 previous_depth=1
ATTR_RADIUS o=59 raw_norm=44742.797979073956 norm=806.33814740741809 radius=806.33814740741798 next_radius=806.33814740741798 lambda=1.6000000000000009e-10 next_lambda=1.6000000000000009e-10 rho=0.56773626585253734 accept=1
CLASSICAL_LM o=59 lambda=1.6000000000000009e-10 tau=1.6000000000000009e-10 prediction=22.020220482371798 rho=0.56773626585253734 accept=1
  MFCG it  60 cost=2.547142e+05 lam=1.600e-10 tau=0.00e+00 cg_it=0 shift=0 ckpt=1 alpha=0 acc mv=158
PCG_PREP o=60 rebuild=1 drift=0 previous_depth=1
ATTR_RADIUS o=60 raw_norm=408143.28740465047 norm=806.33814740741786 radius=806.33814740741798 next_radius=806.33814740741798 lambda=1.6000000000000009e-10 next_lambda=1.6000000000000009e-10 rho=0.32231262422979107 accept=1
CLASSICAL_LM o=60 lambda=1.6000000000000009e-10 tau=1.6000000000000009e-10 prediction=13.663899838878981 rho=0.32231262422979107 accept=1
  MFCG it  61 cost=2.547098e+05 lam=1.600e-10 tau=0.00e+00 cg_it=1 shift=0 ckpt=2 alpha=0 acc mv=161
PCG_PREP o=61 rebuild=1 drift=0 previous_depth=2
ATTR_RADIUS o=61 raw_norm=45717.250208534366 norm=806.33814740741775 radius=806.33814740741798 next_radius=806.33814740741798 lambda=1.6000000000000009e-10 next_lambda=1.6000000000000009e-10 rho=0.54978528832718043 accept=1
CLASSICAL_LM o=61 lambda=1.6000000000000009e-10 tau=1.6000000000000009e-10 prediction=21.507998180378703 rho=0.54978528832718043 accept=1
  MFCG it  62 cost=2.546979e+05 lam=1.600e-10 tau=0.00e+00 cg_it=0 shift=0 ckpt=1 alpha=0 acc mv=163
PCG_PREP o=62 rebuild=1 drift=0 previous_depth=1
ATTR_RADIUS o=62 raw_norm=46634.439309256974 norm=806.33814740741786 radius=806.33814740741798 next_radius=806.33814740741798 lambda=1.6000000000000009e-10 next_lambda=1.6000000000000009e-10 rho=0.54181692823008565 accept=1
CLASSICAL_LM o=62 lambda=1.6000000000000009e-10 tau=1.6000000000000009e-10 prediction=21.019183137561669 rho=0.54181692823008565 accept=1
  MFCG it  63 cost=2.546866e+05 lam=1.600e-10 tau=0.00e+00 cg_it=0 shift=0 ckpt=1 alpha=0 acc mv=165
PCG_PREP o=63 rebuild=1 drift=0 previous_depth=1
ATTR_RADIUS o=63 raw_norm=47538.62842839495 norm=806.33814740741775 radius=806.33814740741798 next_radius=806.33814740741798 lambda=1.6000000000000009e-10 next_lambda=1.6000000000000009e-10 rho=0.53371932848905979 accept=1
CLASSICAL_LM o=63 lambda=1.6000000000000009e-10 tau=1.6000000000000009e-10 prediction=20.555629897185309 rho=0.53371932848905979 accept=1
  MFCG it  64 cost=2.546756e+05 lam=1.600e-10 tau=0.00e+00 cg_it=0 shift=0 ckpt=1 alpha=0 acc mv=167
PCG_PREP o=64 rebuild=1 drift=0 previous_depth=1
ATTR_RADIUS o=64 raw_norm=48426.278898256453 norm=806.33814740741786 radius=806.33814740741798 next_radius=806.33814740741798 lambda=1.6000000000000009e-10 next_lambda=1.6000000000000009e-10 rho=0.52558085457956039 accept=1
CLASSICAL_LM o=64 lambda=1.6000000000000009e-10 tau=1.6000000000000009e-10 prediction=20.119404363361994 rho=0.52558085457956039 accept=1
  MFCG it  65 cost=2.546650e+05 lam=1.600e-10 tau=0.00e+00 cg_it=0 shift=0 ckpt=1 alpha=0 acc mv=169
PCG_PREP o=65 rebuild=1 drift=0 previous_depth=1
ATTR_RADIUS o=65 raw_norm=49296.138958938362 norm=806.33814740741798 radius=806.33814740741798 next_radius=806.33814740741798 lambda=1.6000000000000009e-10 next_lambda=1.6000000000000009e-10 rho=0.51740886487121029 accept=1
CLASSICAL_LM o=65 lambda=1.6000000000000009e-10 tau=1.6000000000000009e-10 prediction=19.708750375686936 rho=0.51740886487121029 accept=1
  MFCG it  66 cost=2.546548e+05 lam=1.600e-10 tau=0.00e+00 cg_it=0 shift=0 ckpt=1 alpha=0 acc mv=171
PCG_PREP o=66 rebuild=1 drift=0 previous_depth=1
ATTR_RADIUS o=66 raw_norm=50147.072307737821 norm=806.33814740741775 radius=806.33814740741798 next_radius=806.33814740741798 lambda=1.6000000000000009e-10 next_lambda=1.6000000000000009e-10 rho=0.50921144597030776 accept=1
CLASSICAL_LM o=66 lambda=1.6000000000000009e-10 tau=1.6000000000000009e-10 prediction=19.322070119130238 rho=0.50921144597030776 accept=1
  MFCG it  67 cost=2.546450e+05 lam=1.600e-10 tau=0.00e+00 cg_it=0 shift=0 ckpt=1 alpha=0 acc mv=173
PCG_PREP o=67 rebuild=1 drift=0 previous_depth=1
ATTR_RADIUS o=67 raw_norm=50978.293808883929 norm=806.33814740741821 radius=806.33814740741798 next_radius=806.33814740741798 lambda=1.6000000000000009e-10 next_lambda=1.6000000000000009e-10 rho=0.50099836005740994 accept=1
CLASSICAL_LM o=67 lambda=1.6000000000000009e-10 tau=1.6000000000000009e-10 prediction=18.957947926692597 rho=0.50099836005740994 accept=1
  MFCG it  68 cost=2.546355e+05 lam=1.600e-10 tau=0.00e+00 cg_it=0 shift=0 ckpt=1 alpha=0 acc mv=175
PCG_PREP o=68 rebuild=1 drift=0 previous_depth=1
ATTR_RADIUS o=68 raw_norm=51788.592512443487 norm=806.33814740741798 radius=806.33814740741798 next_radius=806.33814740741798 lambda=1.6000000000000009e-10 next_lambda=1.6000000000000009e-10 rho=0.49277831501310682 accept=1
CLASSICAL_LM o=68 lambda=1.6000000000000009e-10 tau=1.6000000000000009e-10 prediction=18.615023890880913 rho=0.49277831501310682 accept=1
  MFCG it  69 cost=2.546263e+05 lam=1.600e-10 tau=0.00e+00 cg_it=0 shift=0 ckpt=1 alpha=0 acc mv=177
PCG_PREP o=69 rebuild=1 drift=0 previous_depth=1
ATTR_RADIUS o=69 raw_norm=52577.251830229834 norm=806.33814740741798 radius=806.33814740741798 next_radius=806.33814740741798 lambda=1.6000000000000009e-10 next_lambda=1.6000000000000009e-10 rho=0.48456204752749277 accept=1
CLASSICAL_LM o=69 lambda=1.6000000000000009e-10 tau=1.6000000000000009e-10 prediction=18.292111554821293 rho=0.48456204752749277 accept=1
  MFCG it  70 cost=2.546174e+05 lam=1.600e-10 tau=0.00e+00 cg_it=0 shift=0 ckpt=1 alpha=0 acc mv=179
PCG_PREP o=70 rebuild=1 drift=0 previous_depth=1
ATTR_RADIUS o=70 raw_norm=53343.199012763253 norm=806.33814740741809 radius=806.33814740741798 next_radius=806.33814740741798 lambda=1.6000000000000009e-10 next_lambda=1.6000000000000009e-10 rho=0.47636098972600721 accept=1
CLASSICAL_LM o=70 lambda=1.6000000000000009e-10 tau=1.6000000000000009e-10 prediction=17.988128775322025 rho=0.47636098972600721 accept=1
  MFCG it  71 cost=2.546089e+05 lam=1.600e-10 tau=0.00e+00 cg_it=0 shift=0 ckpt=1 alpha=0 acc mv=181
PCG_PREP o=71 rebuild=1 drift=0 previous_depth=1
ATTR_RADIUS o=71 raw_norm=54085.724759567252 norm=806.33814740741798 radius=806.33814740741798 next_radius=806.33814740741798 lambda=1.6000000000000009e-10 next_lambda=1.6000000000000009e-10 rho=0.46818626627703486 accept=1
CLASSICAL_LM o=71 lambda=1.6000000000000009e-10 tau=1.6000000000000009e-10 prediction=17.702052953986321 rho=0.46818626627703486 accept=1
  MFCG it  72 cost=2.546006e+05 lam=1.600e-10 tau=0.00e+00 cg_it=0 shift=0 ckpt=1 alpha=0 acc mv=183
PCG_PREP o=72 rebuild=1 drift=0 previous_depth=1
ATTR_RADIUS o=72 raw_norm=54804.013492823251 norm=806.33814740741798 radius=806.33814740741798 next_radius=806.33814740741798 lambda=1.6000000000000009e-10 next_lambda=1.6000000000000009e-10 rho=0.46005093955144455 accept=1
CLASSICAL_LM o=72 lambda=1.6000000000000009e-10 tau=1.6000000000000009e-10 prediction=17.432998074432714 rho=0.46005093955144455 accept=1
  MFCG it  73 cost=2.545926e+05 lam=1.600e-10 tau=0.00e+00 cg_it=0 shift=0 ckpt=1 alpha=0 acc mv=185
PCG_PREP o=73 rebuild=1 drift=0 previous_depth=1
ATTR_RADIUS o=73 raw_norm=55497.356385676896 norm=806.33814740741809 radius=806.33814740741798 next_radius=806.33814740741798 lambda=1.6000000000000009e-10 next_lambda=1.6000000000000009e-10 rho=0.45196742860564837 accept=1
CLASSICAL_LM o=73 lambda=1.6000000000000009e-10 tau=1.6000000000000009e-10 prediction=17.180112405399335 rho=0.45196742860564837 accept=1
  MFCG it  74 cost=2.545848e+05 lam=1.600e-10 tau=0.00e+00 cg_it=0 shift=0 ckpt=1 alpha=0 acc mv=187
PCG_PREP o=74 rebuild=1 drift=0 previous_depth=1
ATTR_RADIUS o=74 raw_norm=56165.005469728319 norm=806.33814740741775 radius=806.33814740741798 next_radius=806.33814740741798 lambda=1.6000000000000009e-10 next_lambda=1.6000000000000009e-10 rho=0.44394845316624842 accept=1
CLASSICAL_LM o=74 lambda=1.6000000000000009e-10 tau=1.6000000000000009e-10 prediction=16.942610810284009 rho=0.44394845316624842 accept=1
  MFCG it  75 cost=2.545773e+05 lam=1.600e-10 tau=0.00e+00 cg_it=0 shift=0 ckpt=1 alpha=0 acc mv=189
PCG_PREP o=75 rebuild=1 drift=0 previous_depth=1
ATTR_RADIUS o=75 raw_norm=56806.501486848327 norm=806.33814740741809 radius=806.33814740741798 next_radius=806.33814740741798 lambda=1.6000000000000009e-10 next_lambda=1.6000000000000009e-10 rho=0.43600891638847367 accept=1
CLASSICAL_LM o=75 lambda=1.6000000000000009e-10 tau=1.6000000000000009e-10 prediction=16.719830053079956 rho=0.43600891638847367 accept=1
  MFCG it  76 cost=2.545700e+05 lam=1.600e-10 tau=0.00e+00 cg_it=0 shift=0 ckpt=1 alpha=0 acc mv=191
PCG_PREP o=76 rebuild=1 drift=0 previous_depth=1
ATTR_RADIUS o=76 raw_norm=57421.014944552779 norm=806.33814740741798 radius=806.33814740741798 next_radius=806.33814740741798 lambda=1.6000000000000009e-10 next_lambda=1.6000000000000009e-10 rho=0.42816304555274826 accept=1
CLASSICAL_LM o=76 lambda=1.6000000000000009e-10 tau=1.6000000000000009e-10 prediction=16.511127024503296 rho=0.42816304555274826 accept=1
  MFCG it  77 cost=2.545629e+05 lam=1.600e-10 tau=0.00e+00 cg_it=0 shift=0 ckpt=1 alpha=0 acc mv=193
PCG_PREP o=77 rebuild=1 drift=0 previous_depth=1
ATTR_RADIUS o=77 raw_norm=58008.134223808374 norm=806.33814740741798 radius=806.33814740741798 next_radius=806.33814740741798 lambda=1.6000000000000009e-10 next_lambda=1.6000000000000009e-10 rho=0.42042425513556186 accept=1
CLASSICAL_LM o=77 lambda=1.6000000000000009e-10 tau=1.6000000000000009e-10 prediction=16.315877889693638 rho=0.42042425513556186 accept=1
  MFCG it  78 cost=2.545561e+05 lam=1.600e-10 tau=0.00e+00 cg_it=0 shift=0 ckpt=1 alpha=0 acc mv=195
PCG_PREP o=78 rebuild=1 drift=0 previous_depth=1
ATTR_RADIUS o=78 raw_norm=58567.25172946899 norm=806.33814740741798 radius=806.33814740741798 next_radius=806.33814740741798 lambda=1.6000000000000009e-10 next_lambda=1.6000000000000009e-10 rho=0.41280671566298999 accept=1
CLASSICAL_LM o=78 lambda=1.6000000000000009e-10 tau=1.6000000000000009e-10 prediction=16.133526830896074 rho=0.41280671566298999 accept=1
  MFCG it  79 cost=2.545494e+05 lam=1.600e-10 tau=0.00e+00 cg_it=0 shift=0 ckpt=1 alpha=0 acc mv=197
PCG_PREP o=79 rebuild=1 drift=0 previous_depth=1
ATTR_RADIUS o=79 raw_norm=59097.887628421478 norm=806.33814740741752 radius=806.33814740741798 next_radius=806.33814740741798 lambda=1.6000000000000009e-10 next_lambda=1.6000000000000009e-10 rho=0.40532710302132879 accept=1
CLASSICAL_LM o=79 lambda=1.6000000000000009e-10 tau=1.6000000000000009e-10 prediction=15.96362685570481 rho=0.40532710302132879 accept=1
  MFCG it  80 cost=2.545429e+05 lam=1.600e-10 tau=0.00e+00 cg_it=0 shift=0 ckpt=1 alpha=0 acc mv=199
PCG_PREP o=80 rebuild=1 drift=0 previous_depth=1
ATTR_RADIUS o=80 raw_norm=59599.417788362203 norm=806.33814740741798 radius=806.33814740741798 next_radius=806.33814740741798 lambda=1.6000000000000009e-10 next_lambda=1.6000000000000009e-10 rho=0.3979973144802344 accept=1
CLASSICAL_LM o=80 lambda=1.6000000000000009e-10 tau=1.6000000000000009e-10 prediction=15.805630837462703 rho=0.3979973144802344 accept=1
  MFCG it  81 cost=2.545366e+05 lam=1.600e-10 tau=0.00e+00 cg_it=0 shift=0 ckpt=1 alpha=0 acc mv=201
PCG_PREP o=81 rebuild=1 drift=0 previous_depth=1
ATTR_RADIUS o=81 raw_norm=60071.956929592408 norm=806.33814740741775 radius=806.33814740741798 next_radius=806.33814740741798 lambda=1.6000000000000009e-10 next_lambda=1.6000000000000009e-10 rho=0.3908341152307459 accept=1
CLASSICAL_LM o=81 lambda=1.6000000000000009e-10 tau=1.6000000000000009e-10 prediction=15.659167838952856 rho=0.3908341152307459 accept=1
  MFCG it  82 cost=2.545305e+05 lam=1.600e-10 tau=0.00e+00 cg_it=0 shift=0 ckpt=1 alpha=0 acc mv=203
PCG_PREP o=82 rebuild=1 drift=0 previous_depth=1
ATTR_RADIUS o=82 raw_norm=60514.519782521253 norm=806.33814740741798 radius=806.33814740741798 next_radius=806.33814740741798 lambda=1.6000000000000009e-10 next_lambda=1.6000000000000009e-10 rho=0.38385195044764997 accept=1
CLASSICAL_LM o=82 lambda=1.6000000000000009e-10 tau=1.6000000000000009e-10 prediction=15.523833399763816 rho=0.38385195044764997 accept=1
  MFCG it  83 cost=2.545246e+05 lam=1.600e-10 tau=0.00e+00 cg_it=0 shift=0 ckpt=1 alpha=0 acc mv=205
PCG_PREP o=83 rebuild=1 drift=0 previous_depth=1
ATTR_RADIUS o=83 raw_norm=60927.257333703637 norm=806.33814740741809 radius=806.33814740741798 next_radius=806.33814740741798 lambda=1.6000000000000009e-10 next_lambda=1.6000000000000009e-10 rho=0.37706554569051126 accept=1
CLASSICAL_LM o=83 lambda=1.6000000000000009e-10 tau=1.6000000000000009e-10 prediction=15.399265107466213 rho=0.37706554569051126 accept=1
  MFCG it  84 cost=2.545188e+05 lam=1.600e-10 tau=0.00e+00 cg_it=0 shift=0 ckpt=1 alpha=0 acc mv=207
PCG_PREP o=84 rebuild=1 drift=0 previous_depth=1
ATTR_RADIUS o=84 raw_norm=61309.601007213074 norm=806.33814740741843 radius=806.33814740741798 next_radius=806.33814740741798 lambda=1.6000000000000009e-10 next_lambda=1.6000000000000009e-10 rho=0.37048801719560531 accept=1
CLASSICAL_LM o=84 lambda=1.6000000000000009e-10 tau=1.6000000000000009e-10 prediction=15.285091503948584 rho=0.37048801719560531 accept=1
  MFCG it  85 cost=2.545131e+05 lam=1.600e-10 tau=0.00e+00 cg_it=0 shift=0 ckpt=1 alpha=0 acc mv=209
PCG_PREP o=85 rebuild=1 drift=0 previous_depth=1
ATTR_RADIUS o=85 raw_norm=61661.236380733106 norm=806.33814740741798 radius=806.33814740741798 next_radius=806.33814740741798 lambda=1.6000000000000009e-10 next_lambda=1.6000000000000009e-10 rho=0.364133452597868 accept=1
CLASSICAL_LM o=85 lambda=1.6000000000000009e-10 tau=1.6000000000000009e-10 prediction=15.181000878320603 rho=0.364133452597868 accept=1
  MFCG it  86 cost=2.545076e+05 lam=1.600e-10 tau=0.00e+00 cg_it=0 shift=0 ckpt=1 alpha=0 acc mv=211
PCG_PREP o=86 rebuild=1 drift=0 previous_depth=1
ATTR_RADIUS o=86 raw_norm=61982.17226791408 norm=806.33814740741843 radius=806.33814740741798 next_radius=806.33814740741798 lambda=1.6000000000000009e-10 next_lambda=1.6000000000000009e-10 rho=0.35801594075666915 accept=1
CLASSICAL_LM o=86 lambda=1.6000000000000009e-10 tau=1.6000000000000009e-10 prediction=15.086712375386149 rho=0.35801594075666915 accept=1
  MFCG it  87 cost=2.545022e+05 lam=1.600e-10 tau=0.00e+00 cg_it=0 shift=0 ckpt=1 alpha=0 acc mv=213
PCG_PREP o=87 rebuild=1 drift=0 previous_depth=1
ATTR_RADIUS o=87 raw_norm=62272.185019332472 norm=806.33814740741798 radius=806.33814740741798 next_radius=806.33814740741798 lambda=1.6000000000000009e-10 next_lambda=1.6000000000000009e-10 rho=0.35214807038174056 accept=1
CLASSICAL_LM o=87 lambda=1.6000000000000009e-10 tau=1.6000000000000009e-10 prediction=15.001939873973388 rho=0.35214807038174056 accept=1
  MFCG it  88 cost=2.544969e+05 lam=1.600e-10 tau=0.00e+00 cg_it=0 shift=0 ckpt=1 alpha=0 acc mv=215
PCG_PREP o=88 rebuild=1 drift=0 previous_depth=1
ATTR_RADIUS o=88 raw_norm=62531.259233585515 norm=806.33814740741798 radius=806.33814740741798 next_radius=806.33814740741798 lambda=1.6000000000000009e-10 next_lambda=1.6000000000000009e-10 rho=0.34654200202209673 accept=1
CLASSICAL_LM o=88 lambda=1.6000000000000009e-10 tau=1.6000000000000009e-10 prediction=14.926418348447362 rho=0.34654200202209673 accept=1
  MFCG it  89 cost=2.544917e+05 lam=1.600e-10 tau=0.00e+00 cg_it=0 shift=0 ckpt=1 alpha=0 acc mv=217
PCG_PREP o=89 rebuild=1 drift=0 previous_depth=1
ATTR_RADIUS o=89 raw_norm=62759.139077315325 norm=806.33814740741752 radius=806.33814740741798 next_radius=806.33814740741798 lambda=1.6000000000000009e-10 next_lambda=1.6000000000000009e-10 rho=0.34120977457645851 accept=1
CLASSICAL_LM o=89 lambda=1.6000000000000009e-10 tau=1.6000000000000009e-10 prediction=14.859912306397911 rho=0.34120977457645851 accept=1
  MFCG it  90 cost=2.544866e+05 lam=1.600e-10 tau=0.00e+00 cg_it=0 shift=0 ckpt=1 alpha=0 acc mv=219
PCG_PREP o=90 rebuild=1 drift=0 previous_depth=1
ATTR_RADIUS o=90 raw_norm=62956.002707857784 norm=806.33814740741798 radius=806.33814740741798 next_radius=806.33814740741798 lambda=1.6000000000000009e-10 next_lambda=1.6000000000000009e-10 rho=0.33616178768850347 accept=1
CLASSICAL_LM o=90 lambda=1.6000000000000009e-10 tau=1.6000000000000009e-10 prediction=14.802177450543214 rho=0.33616178768850347 accept=1
  MFCG it  91 cost=2.544817e+05 lam=1.600e-10 tau=0.00e+00 cg_it=0 shift=0 ckpt=1 alpha=0 acc mv=221
PCG_PREP o=91 rebuild=1 drift=0 previous_depth=1
ATTR_RADIUS o=91 raw_norm=63121.702294222589 norm=806.33814740741809 radius=806.33814740741798 next_radius=806.33814740741798 lambda=1.6000000000000009e-10 next_lambda=1.6000000000000009e-10 rho=0.33140775814086254 accept=1
CLASSICAL_LM o=91 lambda=1.6000000000000009e-10 tau=1.6000000000000009e-10 prediction=14.752986419827858 rho=0.33140775814086254 accept=1
  MFCG it  92 cost=2.544768e+05 lam=1.600e-10 tau=0.00e+00 cg_it=0 shift=0 ckpt=1 alpha=0 acc mv=223
PCG_PREP o=92 rebuild=1 drift=0 previous_depth=1
ATTR_RADIUS o=92 raw_norm=63256.553989263208 norm=806.33814740741786 radius=806.33814740741798 next_radius=806.33814740741798 lambda=1.6000000000000009e-10 next_lambda=1.6000000000000009e-10 rho=0.32695904875441034 accept=1
CLASSICAL_LM o=92 lambda=1.6000000000000009e-10 tau=1.6000000000000009e-10 prediction=14.712180433274661 rho=0.32695904875441034 accept=1
  MFCG it  93 cost=2.544720e+05 lam=1.600e-10 tau=0.00e+00 cg_it=0 shift=0 ckpt=1 alpha=0 acc mv=225
PCG_PREP o=93 rebuild=1 drift=0 previous_depth=1
ATTR_RADIUS o=93 raw_norm=63360.637613963831 norm=806.33814740741798 radius=806.33814740741798 next_radius=806.33814740741798 lambda=1.6000000000000009e-10 next_lambda=1.6000000000000009e-10 rho=0.32282334388632966 accept=1
CLASSICAL_LM o=93 lambda=1.6000000000000009e-10 tau=1.6000000000000009e-10 prediction=14.679544937262857 rho=0.32282334388632966 accept=1
  MFCG it  94 cost=2.544672e+05 lam=1.600e-10 tau=0.00e+00 cg_it=0 shift=0 ckpt=1 alpha=0 acc mv=227
PCG_PREP o=94 rebuild=1 drift=0 previous_depth=1
ATTR_RADIUS o=94 raw_norm=63434.149439449066 norm=806.33814740741798 radius=806.33814740741798 next_radius=806.33814740741798 lambda=1.6000000000000009e-10 next_lambda=1.6000000000000009e-10 rho=0.31900673145019387 accept=1
CLASSICAL_LM o=94 lambda=1.6000000000000009e-10 tau=1.6000000000000009e-10 prediction=14.65486098648438 rho=0.31900673145019387 accept=1
  MFCG it  95 cost=2.544625e+05 lam=1.600e-10 tau=0.00e+00 cg_it=0 shift=0 ckpt=1 alpha=0 acc mv=229
PCG_PREP o=95 rebuild=1 drift=0 previous_depth=1
ATTR_RADIUS o=95 raw_norm=63477.326717394018 norm=806.33814740741752 radius=806.33814740741798 next_radius=806.33814740741798 lambda=1.6000000000000009e-10 next_lambda=1.6000000000000009e-10 rho=0.31551655713366439 accept=1
CLASSICAL_LM o=95 lambda=1.6000000000000009e-10 tau=1.6000000000000009e-10 prediction=14.637968961894043 rho=0.31551655713366439 accept=1
  MFCG it  96 cost=2.544579e+05 lam=1.600e-10 tau=0.00e+00 cg_it=0 shift=0 ckpt=1 alpha=0 acc mv=231
PCG_PREP o=96 rebuild=1 drift=0 previous_depth=1
ATTR_RADIUS o=96 raw_norm=63490.68584283613 norm=806.33814740741786 radius=806.33814740741798 next_radius=806.33814740741798 lambda=1.6000000000000009e-10 next_lambda=1.6000000000000009e-10 rho=0.31235912872708205 accept=1
CLASSICAL_LM o=96 lambda=1.6000000000000009e-10 tau=1.6000000000000009e-10 prediction=14.628714349330441 rho=0.31235912872708205 accept=1
  MFCG it  97 cost=2.544534e+05 lam=1.600e-10 tau=0.00e+00 cg_it=0 shift=0 ckpt=1 alpha=0 acc mv=233
PCG_PREP o=97 rebuild=1 drift=0 previous_depth=1
ATTR_RADIUS o=97 raw_norm=63474.601727811649 norm=806.33814740741798 radius=806.33814740741798 next_radius=806.33814740741798 lambda=1.6000000000000009e-10 next_lambda=1.6000000000000009e-10 rho=0.30953785388900035 accept=1
CLASSICAL_LM o=97 lambda=1.6000000000000009e-10 tau=1.6000000000000009e-10 prediction=14.626907220188768 rho=0.30953785388900035 accept=1
  MFCG it  98 cost=2.544488e+05 lam=1.600e-10 tau=0.00e+00 cg_it=0 shift=0 ckpt=1 alpha=0 acc mv=235
PCG_PREP o=98 rebuild=1 drift=0 previous_depth=1
ATTR_RADIUS o=98 raw_norm=63429.108180917028 norm=806.33814740741809 radius=806.33814740741798 next_radius=806.33814740741798 lambda=1.6000000000000009e-10 next_lambda=1.6000000000000009e-10 rho=0.3070555383338211 accept=1
CLASSICAL_LM o=98 lambda=1.6000000000000009e-10 tau=1.6000000000000009e-10 prediction=14.632372888169105 rho=0.3070555383338211 accept=1
  MFCG it  99 cost=2.544443e+05 lam=1.600e-10 tau=0.00e+00 cg_it=0 shift=0 ckpt=1 alpha=0 acc mv=237
PCG_PREP o=99 rebuild=1 drift=0 previous_depth=1
ATTR_RADIUS o=99 raw_norm=63354.971302281148 norm=806.33814740741798 radius=806.33814740741798 next_radius=806.33814740741798 lambda=1.6000000000000009e-10 next_lambda=1.6000000000000009e-10 rho=0.30491566808773823 accept=1
CLASSICAL_LM o=99 lambda=1.6000000000000009e-10 tau=1.6000000000000009e-10 prediction=14.644979490713997 rho=0.30491566808773823 accept=1
  MFCG it 100 cost=2.544399e+05 lam=1.600e-10 tau=0.00e+00 cg_it=0 shift=0 ckpt=1 alpha=0 acc mv=239
PCG_PREP o=100 rebuild=1 drift=0 previous_depth=1
ATTR_RADIUS o=100 raw_norm=63252.886514765974 norm=806.33814740741821 radius=806.33814740741798 next_radius=806.33814740741798 lambda=1.6000000000000009e-10 next_lambda=1.6000000000000009e-10 rho=0.30312045409033839 accept=1
CLASSICAL_LM o=100 lambda=1.6000000000000009e-10 tau=1.6000000000000009e-10 prediction=14.664593422376775 rho=0.30312045409033839 accept=1
  MFCG it 101 cost=2.544354e+05 lam=1.600e-10 tau=0.00e+00 cg_it=0 shift=0 ckpt=1 alpha=0 acc mv=241
PCG_PREP o=101 rebuild=1 drift=0 previous_depth=1
ATTR_RADIUS o=101 raw_norm=63123.561827185193 norm=806.33814740741809 radius=806.33814740741798 next_radius=806.33814740741798 lambda=1.6000000000000009e-10 next_lambda=1.6000000000000009e-10 rho=0.30166657596814306 accept=1
CLASSICAL_LM o=101 lambda=1.6000000000000009e-10 tau=1.6000000000000009e-10 prediction=14.690984791923142 rho=0.30166657596814306 accept=1
  MFCG it 102 cost=2.544310e+05 lam=1.600e-10 tau=0.00e+00 cg_it=0 shift=0 ckpt=1 alpha=0 acc mv=243
PCG_PREP o=102 rebuild=1 drift=0 previous_depth=1
ATTR_RADIUS o=102 raw_norm=62966.957080164706 norm=806.33814740741821 radius=806.33814740741798 next_radius=806.33814740741798 lambda=1.6000000000000009e-10 next_lambda=1.6000000000000009e-10 rho=0.30055536811778527 accept=1
CLASSICAL_LM o=102 lambda=1.6000000000000009e-10 tau=1.6000000000000009e-10 prediction=14.724052580031426 rho=0.30055536811778527 accept=1
  MFCG it 103 cost=2.544266e+05 lam=1.600e-10 tau=0.00e+00 cg_it=0 shift=0 ckpt=1 alpha=0 acc mv=245
PCG_PREP o=103 rebuild=1 drift=0 previous_depth=1
ATTR_RADIUS o=103 raw_norm=62784.553143375138 norm=806.33814740741786 radius=806.33814740741798 next_radius=806.33814740741798 lambda=1.6000000000000009e-10 next_lambda=1.6000000000000009e-10 rho=0.29978374481237152 accept=1
CLASSICAL_LM o=103 lambda=1.6000000000000009e-10 tau=1.6000000000000009e-10 prediction=14.7636202844282 rho=0.29978374481237152 accept=1
  MFCG it 104 cost=2.544221e+05 lam=1.600e-10 tau=0.00e+00 cg_it=0 shift=0 ckpt=1 alpha=0 acc mv=247
PCG_PREP o=104 rebuild=1 drift=0 previous_depth=1
ATTR_RADIUS o=104 raw_norm=62576.787646597695 norm=806.33814740741809 radius=806.33814740741798 next_radius=806.33814740741798 lambda=1.6000000000000009e-10 next_lambda=1.6000000000000009e-10 rho=0.29934927971132319 accept=1
CLASSICAL_LM o=104 lambda=1.6000000000000009e-10 tau=1.6000000000000009e-10 prediction=14.809549750461418 rho=0.29934927971132319 accept=1
  MFCG it 105 cost=2.544177e+05 lam=1.600e-10 tau=0.00e+00 cg_it=0 shift=0 ckpt=1 alpha=0 acc mv=249
PCG_PREP o=105 rebuild=1 drift=0 previous_depth=1
ATTR_RADIUS o=105 raw_norm=62344.443784016963 norm=806.33814740741775 radius=806.33814740741798 next_radius=806.33814740741798 lambda=1.6000000000000009e-10 next_lambda=1.6000000000000009e-10 rho=0.29924911136880022 accept=1
CLASSICAL_LM o=105 lambda=1.6000000000000009e-10 tau=1.6000000000000009e-10 prediction=14.86171329725298 rho=0.29924911136880022 accept=1
  MFCG it 106 cost=2.544133e+05 lam=1.600e-10 tau=0.00e+00 cg_it=0 shift=0 ckpt=1 alpha=0 acc mv=251
PCG_PREP o=106 rebuild=1 drift=0 previous_depth=1
ATTR_RADIUS o=106 raw_norm=62088.429438226631 norm=806.33814740741809 radius=806.33814740741798 next_radius=806.33814740741798 lambda=1.6000000000000009e-10 next_lambda=1.6000000000000009e-10 rho=0.2994773199694073 accept=1
CLASSICAL_LM o=106 lambda=1.6000000000000009e-10 tau=1.6000000000000009e-10 prediction=14.919935661419089 rho=0.2994773199694073 accept=1
  MFCG it 107 cost=2.544088e+05 lam=1.600e-10 tau=0.00e+00 cg_it=0 shift=0 ckpt=1 alpha=0 acc mv=253
PCG_PREP o=107 rebuild=1 drift=0 previous_depth=1
ATTR_RADIUS o=107 raw_norm=61809.522075061694 norm=806.33814740741809 radius=806.33814740741798 next_radius=806.33814740741798 lambda=1.6000000000000009e-10 next_lambda=1.6000000000000009e-10 rho=0.30002596343749971 accept=1
CLASSICAL_LM o=107 lambda=1.6000000000000009e-10 tau=1.6000000000000009e-10 prediction=14.984013726305291 rho=0.30002596343749971 accept=1
  MFCG it 108 cost=2.544043e+05 lam=1.600e-10 tau=0.00e+00 cg_it=0 shift=0 ckpt=1 alpha=0 acc mv=255
PCG_PREP o=108 rebuild=1 drift=0 previous_depth=1
ATTR_RADIUS o=108 raw_norm=61508.529573141386 norm=806.33814740741866 radius=806.33814740741798 next_radius=806.33814740741798 lambda=1.6000000000000009e-10 next_lambda=1.6000000000000009e-10 rho=0.30089173834035676 accept=1
CLASSICAL_LM o=108 lambda=1.6000000000000009e-10 tau=1.6000000000000009e-10 prediction=15.053866228684489 rho=0.30089173834035676 accept=1
  MFCG it 109 cost=2.543998e+05 lam=1.600e-10 tau=0.00e+00 cg_it=0 shift=0 ckpt=1 alpha=0 acc mv=257
PCG_PREP o=109 rebuild=1 drift=0 previous_depth=1
ATTR_RADIUS o=109 raw_norm=61186.652523272824 norm=806.33814740741843 radius=806.33814740741798 next_radius=806.33814740741798 lambda=1.6000000000000009e-10 next_lambda=1.6000000000000009e-10 rho=0.30206405955648163 accept=1
CLASSICAL_LM o=109 lambda=1.6000000000000009e-10 tau=1.6000000000000009e-10 prediction=15.129261889102457 rho=0.30206405955648163 accept=1
  MFCG it 110 cost=2.543952e+05 lam=1.600e-10 tau=0.00e+00 cg_it=0 shift=0 ckpt=1 alpha=0 acc mv=259
PCG_PREP o=110 rebuild=1 drift=0 previous_depth=1
ATTR_RADIUS o=110 raw_norm=60844.757930918073 norm=806.33814740741798 radius=806.33814740741798 next_radius=806.33814740741798 lambda=1.6000000000000009e-10 next_lambda=1.6000000000000009e-10 rho=0.30353577187870923 accept=1
CLASSICAL_LM o=110 lambda=1.6000000000000009e-10 tau=1.6000000000000009e-10 prediction=15.210060299701503 rho=0.30353577187870923 accept=1
  MFCG it 111 cost=2.543906e+05 lam=1.600e-10 tau=0.00e+00 cg_it=0 shift=0 ckpt=1 alpha=0 acc mv=261
PCG_PREP o=111 rebuild=1 drift=0 previous_depth=1
ATTR_RADIUS o=111 raw_norm=60483.695509745703 norm=806.33814740741798 radius=806.33814740741798 next_radius=806.33814740741798 lambda=1.6000000000000009e-10 next_lambda=1.6000000000000009e-10 rho=0.30529990183614081 accept=1
CLASSICAL_LM o=111 lambda=1.6000000000000009e-10 tau=1.6000000000000009e-10 prediction=15.296137554656902 rho=0.30529990183614081 accept=1
  MFCG it 112 cost=2.543859e+05 lam=1.600e-10 tau=0.00e+00 cg_it=0 shift=0 ckpt=1 alpha=0 acc mv=263
PCG_PREP o=112 rebuild=1 drift=0 previous_depth=1
ATTR_RADIUS o=112 raw_norm=60104.573250039757 norm=806.33814740741809 radius=806.33814740741798 next_radius=806.33814740741798 lambda=1.6000000000000009e-10 next_lambda=1.6000000000000009e-10 rho=0.30734328966391977 accept=1
CLASSICAL_LM o=112 lambda=1.6000000000000009e-10 tau=1.6000000000000009e-10 prediction=15.387236338517566 rho=0.30734328966391977 accept=1
  MFCG it 113 cost=2.543812e+05 lam=1.600e-10 tau=0.00e+00 cg_it=0 shift=0 ckpt=1 alpha=0 acc mv=265
PCG_PREP o=113 rebuild=1 drift=0 previous_depth=1
ATTR_RADIUS o=113 raw_norm=59708.496123969169 norm=806.33814740741752 radius=806.33814740741798 next_radius=806.33814740741798 lambda=1.6000000000000009e-10 next_lambda=1.6000000000000009e-10 rho=0.30965877227803829 accept=1
CLASSICAL_LM o=113 lambda=1.6000000000000009e-10 tau=1.6000000000000009e-10 prediction=15.483246898278724 rho=0.30965877227803829 accept=1
  MFCG it 114 cost=2.543764e+05 lam=1.600e-10 tau=0.00e+00 cg_it=0 shift=0 ckpt=1 alpha=0 acc mv=267
PCG_PREP o=114 rebuild=1 drift=0 previous_depth=1
ATTR_RADIUS o=114 raw_norm=59296.352550849035 norm=806.33814740741775 radius=806.33814740741798 next_radius=806.33814740741798 lambda=1.6000000000000009e-10 next_lambda=1.6000000000000009e-10 rho=0.3122351295523027 accept=1
CLASSICAL_LM o=114 lambda=1.6000000000000009e-10 tau=1.6000000000000009e-10 prediction=15.583971243263674 rho=0.3122351295523027 accept=1
  MFCG it 115 cost=2.543715e+05 lam=1.600e-10 tau=0.00e+00 cg_it=0 shift=0 ckpt=1 alpha=0 acc mv=269
PCG_PREP o=115 rebuild=1 drift=0 previous_depth=1
ATTR_RADIUS o=115 raw_norm=58868.974207405117 norm=806.33814740741809 radius=806.33814740741798 next_radius=806.33814740741798 lambda=1.6000000000000009e-10 next_lambda=1.6000000000000009e-10 rho=0.31505980136818068 accept=1
CLASSICAL_LM o=115 lambda=1.6000000000000009e-10 tau=1.6000000000000009e-10 prediction=15.68918298750053 rho=0.31505980136818068 accept=1
  MFCG it 116 cost=2.543666e+05 lam=1.600e-10 tau=0.00e+00 cg_it=0 shift=0 ckpt=1 alpha=0 acc mv=271
PCG_PREP o=116 rebuild=1 drift=0 previous_depth=1
ATTR_RADIUS o=116 raw_norm=58427.796554735061 norm=806.33814740741832 radius=806.33814740741798 next_radius=806.33814740741798 lambda=1.6000000000000009e-10 next_lambda=1.6000000000000009e-10 rho=0.31812327604440188 accept=1
CLASSICAL_LM o=116 lambda=1.6000000000000009e-10 tau=1.6000000000000009e-10 prediction=15.79873170388511 rho=0.31812327604440188 accept=1
  MFCG it 117 cost=2.543616e+05 lam=1.600e-10 tau=0.00e+00 cg_it=0 shift=0 ckpt=1 alpha=0 acc mv=273
PCG_PREP o=117 rebuild=1 drift=0 previous_depth=1
ATTR_RADIUS o=117 raw_norm=57973.585808411786 norm=806.33814740741843 radius=806.33814740741798 next_radius=806.33814740741798 lambda=1.6000000000000009e-10 next_lambda=1.6000000000000009e-10 rho=0.32141346885966277 accept=1
CLASSICAL_LM o=117 lambda=1.6000000000000009e-10 tau=1.6000000000000009e-10 prediction=15.912406520545261 rho=0.32141346885966277 accept=1
  MFCG it 118 cost=2.543564e+05 lam=1.600e-10 tau=0.00e+00 cg_it=0 shift=0 ckpt=1 alpha=0 acc mv=275
PCG_PREP o=118 rebuild=1 drift=0 previous_depth=1
ATTR_RADIUS o=118 raw_norm=57507.279485453335 norm=806.33814740741832 radius=806.33814740741798 next_radius=806.33814740741798 lambda=1.6000000000000009e-10 next_lambda=1.6000000000000009e-10 rho=0.32491936871127441 accept=1
CLASSICAL_LM o=118 lambda=1.6000000000000009e-10 tau=1.6000000000000009e-10 prediction=16.030021786368827 rho=0.32491936871127441 accept=1
  MFCG it 119 cost=2.543512e+05 lam=1.600e-10 tau=0.00e+00 cg_it=0 shift=0 ckpt=1 alpha=0 acc mv=277
PCG_PREP o=119 rebuild=1 drift=0 previous_depth=1
ATTR_RADIUS o=119 raw_norm=57030.170717742585 norm=806.33814740741821 radius=806.33814740741798 next_radius=806.33814740741798 lambda=1.6000000000000009e-10 next_lambda=1.6000000000000009e-10 rho=0.32862939805505498 accept=1
CLASSICAL_LM o=119 lambda=1.6000000000000009e-10 tau=1.6000000000000009e-10 prediction=16.151376694925094 rho=0.32862939805505498 accept=1
  MFCG it 120 cost=2.543459e+05 lam=1.600e-10 tau=0.00e+00 cg_it=0 shift=0 ckpt=1 alpha=0 acc mv=279
PCG_PREP o=120 rebuild=1 drift=0 previous_depth=1
ATTR_RADIUS o=120 raw_norm=56542.953228229664 norm=806.33814740741809 radius=806.33814740741798 next_radius=806.33814740741798 lambda=1.6000000000000009e-10 next_lambda=1.6000000000000009e-10 rho=0.33253021319125287 accept=1
CLASSICAL_LM o=120 lambda=1.6000000000000009e-10 tau=1.6000000000000009e-10 prediction=16.27622110619745 rho=0.33253021319125287 accept=1
  MFCG it 121 cost=2.543405e+05 lam=1.600e-10 tau=0.00e+00 cg_it=0 shift=0 ckpt=1 alpha=0 acc mv=281
PCG_PREP o=121 rebuild=1 drift=0 previous_depth=1
ATTR_RADIUS o=121 raw_norm=56046.867445695338 norm=806.33814740741775 radius=806.33814740741798 next_radius=806.33814740741798 lambda=1.6000000000000009e-10 next_lambda=1.6000000000000009e-10 rho=0.33661026466856231 accept=1
CLASSICAL_LM o=121 lambda=1.6000000000000009e-10 tau=1.6000000000000009e-10 prediction=16.404346838185582 rho=0.33661026466856231 accept=1
  MFCG it 122 cost=2.543350e+05 lam=1.600e-10 tau=0.00e+00 cg_it=0 shift=0 ckpt=1 alpha=0 acc mv=283
PCG_PREP o=122 rebuild=1 drift=0 previous_depth=1
ATTR_RADIUS o=122 raw_norm=55542.687813325436 norm=806.33814740741798 radius=806.33814740741798 next_radius=806.33814740741798 lambda=1.6000000000000009e-10 next_lambda=1.6000000000000009e-10 rho=0.34085762350595489 accept=1
CLASSICAL_LM o=122 lambda=1.6000000000000009e-10 tau=1.6000000000000009e-10 prediction=16.535527441964454 rho=0.34085762350595489 accept=1
  MFCG it 123 cost=2.543294e+05 lam=1.600e-10 tau=0.00e+00 cg_it=0 shift=0 ckpt=1 alpha=0 acc mv=285
PCG_PREP o=123 rebuild=1 drift=0 previous_depth=1
ATTR_RADIUS o=123 raw_norm=55031.374551303707 norm=806.33814740741786 radius=806.33814740741798 next_radius=806.33814740741798 lambda=1.6000000000000009e-10 next_lambda=1.6000000000000009e-10 rho=0.34526326688751152 accept=1
CLASSICAL_LM o=123 lambda=1.6000000000000009e-10 tau=1.6000000000000009e-10 prediction=16.669606914648345 rho=0.34526326688751152 accept=1
  MFCG it 124 cost=2.543236e+05 lam=1.600e-10 tau=0.00e+00 cg_it=0 shift=0 ckpt=1 alpha=0 acc mv=287
PCG_PREP o=124 rebuild=1 drift=0 previous_depth=1
ATTR_RADIUS o=124 raw_norm=54514.02394518417 norm=806.33814740741798 radius=806.33814740741798 next_radius=806.33814740741798 lambda=1.6000000000000009e-10 next_lambda=1.6000000000000009e-10 rho=0.34981201201566947 accept=1
CLASSICAL_LM o=124 lambda=1.6000000000000009e-10 tau=1.6000000000000009e-10 prediction=16.806257372075361 rho=0.34981201201566947 accept=1
  MFCG it 125 cost=2.543177e+05 lam=1.600e-10 tau=0.00e+00 cg_it=0 shift=0 ckpt=1 alpha=0 acc mv=289
PCG_PREP o=125 rebuild=1 drift=0 previous_depth=1
ATTR_RADIUS o=125 raw_norm=53991.349309883728 norm=806.33814740741775 radius=806.33814740741798 next_radius=806.33814740741798 lambda=1.6000000000000009e-10 next_lambda=1.6000000000000009e-10 rho=0.35449366503197138 accept=1
CLASSICAL_LM o=125 lambda=1.6000000000000009e-10 tau=1.6000000000000009e-10 prediction=16.945273443106874 rho=0.35449366503197138 accept=1
  MFCG it 126 cost=2.543117e+05 lam=1.600e-10 tau=0.00e+00 cg_it=0 shift=0 ckpt=1 alpha=0 acc mv=291
PCG_PREP o=126 rebuild=1 drift=0 previous_depth=1
ATTR_RADIUS o=126 raw_norm=53464.414812973984 norm=806.33814740741843 radius=806.33814740741798 next_radius=806.33814740741798 lambda=1.6000000000000009e-10 next_lambda=1.6000000000000009e-10 rho=0.35929774595709429 accept=1
CLASSICAL_LM o=126 lambda=1.6000000000000009e-10 tau=1.6000000000000009e-10 prediction=17.086432581124424 rho=0.35929774595709429 accept=1
  MFCG it 127 cost=2.543056e+05 lam=1.600e-10 tau=0.00e+00 cg_it=0 shift=0 ckpt=1 alpha=0 acc mv=293
PCG_PREP o=127 rebuild=1 drift=0 previous_depth=1
ATTR_RADIUS o=127 raw_norm=52933.920575409938 norm=806.33814740741752 radius=806.33814740741798 next_radius=806.33814740741798 lambda=1.6000000000000009e-10 next_lambda=1.6000000000000009e-10 rho=0.36421147715181612 accept=1
CLASSICAL_LM o=127 lambda=1.6000000000000009e-10 tau=1.6000000000000009e-10 prediction=17.229436226898503 rho=0.36421147715181612 accept=1
  MFCG it 128 cost=2.542993e+05 lam=1.600e-10 tau=0.00e+00 cg_it=0 shift=0 ckpt=1 alpha=0 acc mv=295
PCG_PREP o=128 rebuild=1 drift=0 previous_depth=1
ATTR_RADIUS o=128 raw_norm=52400.460773247847 norm=806.33814740741798 radius=806.33814740741798 next_radius=806.33814740741798 lambda=1.6000000000000009e-10 next_lambda=1.6000000000000009e-10 rho=0.36922800886466561 accept=1
CLASSICAL_LM o=128 lambda=1.6000000000000009e-10 tau=1.6000000000000009e-10 prediction=17.374141310125015 rho=0.36922800886466561 accept=1
  MFCG it 129 cost=2.542929e+05 lam=1.600e-10 tau=0.00e+00 cg_it=0 shift=0 ckpt=1 alpha=0 acc mv=297
PCG_PREP o=129 rebuild=1 drift=0 previous_depth=1
ATTR_RADIUS o=129 raw_norm=51865.180944023166 norm=806.33814740741798 radius=806.33814740741798 next_radius=806.33814740741798 lambda=1.6000000000000009e-10 next_lambda=1.6000000000000009e-10 rho=0.37433286676381916 accept=1
CLASSICAL_LM o=129 lambda=1.6000000000000009e-10 tau=1.6000000000000009e-10 prediction=17.520174412899557 rho=0.37433286676381916 accept=1
  MFCG it 130 cost=2.542863e+05 lam=1.600e-10 tau=0.00e+00 cg_it=0 shift=0 ckpt=1 alpha=0 acc mv=299
PCG_PREP o=130 rebuild=1 drift=0 previous_depth=1
ATTR_RADIUS o=130 raw_norm=51328.749107846023 norm=806.33814740741809 radius=806.33814740741798 next_radius=806.33814740741798 lambda=1.6000000000000009e-10 next_lambda=1.6000000000000009e-10 rho=0.37951906288394505 accept=1
CLASSICAL_LM o=130 lambda=1.6000000000000009e-10 tau=1.6000000000000009e-10 prediction=17.667365323967207 rho=0.37951906288394505 accept=1
  MFCG it 131 cost=2.542796e+05 lam=1.600e-10 tau=0.00e+00 cg_it=0 shift=0 ckpt=1 alpha=0 acc mv=301
PCG_PREP o=131 rebuild=1 drift=0 previous_depth=1
ATTR_RADIUS o=131 raw_norm=50791.608007228569 norm=806.33814740741775 radius=806.33814740741798 next_radius=806.33814740741798 lambda=1.6000000000000009e-10 next_lambda=1.6000000000000009e-10 rho=0.38477827732921599 accept=1
CLASSICAL_LM o=131 lambda=1.6000000000000009e-10 tau=1.6000000000000009e-10 prediction=17.815493337675818 rho=0.38477827732921599 accept=1
  MFCG it 132 cost=2.542728e+05 lam=1.600e-10 tau=0.00e+00 cg_it=0 shift=0 ckpt=1 alpha=0 acc mv=303
PCG_PREP o=132 rebuild=1 drift=0 previous_depth=1
ATTR_RADIUS o=132 raw_norm=50254.902659663341 norm=806.33814740741798 radius=806.33814740741798 next_radius=806.33814740741798 lambda=1.6000000000000009e-10 next_lambda=1.6000000000000009e-10 rho=0.39009702581098088 accept=1
CLASSICAL_LM o=132 lambda=1.6000000000000009e-10 tau=1.6000000000000009e-10 prediction=17.964167454900156 rho=0.39009702581098088 accept=1
  MFCG it 133 cost=2.542658e+05 lam=1.600e-10 tau=0.00e+00 cg_it=0 shift=0 ckpt=1 alpha=0 acc mv=305
PCG_PREP o=133 rebuild=1 drift=0 previous_depth=1
ATTR_RADIUS o=133 raw_norm=49719.190033089042 norm=806.33814740741786 radius=806.33814740741798 next_radius=806.33814740741798 lambda=1.6000000000000009e-10 next_lambda=1.6000000000000009e-10 rho=0.39546686464446784 accept=1
CLASSICAL_LM o=133 lambda=1.6000000000000009e-10 tau=1.6000000000000009e-10 prediction=18.113134113340582 rho=0.39546686464446784 accept=1
  MFCG it 134 cost=2.542586e+05 lam=1.600e-10 tau=0.00e+00 cg_it=0 shift=0 ckpt=1 alpha=0 acc mv=307
PCG_PREP o=134 rebuild=1 drift=0 previous_depth=1
ATTR_RADIUS o=134 raw_norm=49184.618638673397 norm=806.33814740741786 radius=806.33814740741798 next_radius=806.33814740741798 lambda=1.6000000000000009e-10 next_lambda=1.6000000000000009e-10 rho=0.40088482536350756 accept=1
CLASSICAL_LM o=134 lambda=1.6000000000000009e-10 tau=1.6000000000000009e-10 prediction=18.262299048507458 rho=0.40088482536350756 accept=1
  MFCG it 135 cost=2.542513e+05 lam=1.600e-10 tau=0.00e+00 cg_it=0 shift=0 ckpt=1 alpha=0 acc mv=309
PCG_PREP o=135 rebuild=1 drift=0 previous_depth=1
ATTR_RADIUS o=135 raw_norm=48652.287746989525 norm=806.33814740741832 radius=806.33814740741798 next_radius=806.33814740741798 lambda=1.6000000000000009e-10 next_lambda=1.6000000000000009e-10 rho=0.40633794504208454 accept=1
CLASSICAL_LM o=135 lambda=1.6000000000000009e-10 tau=1.6000000000000009e-10 prediction=18.411239814727029 rho=0.40633794504208454 accept=1
  MFCG it 136 cost=2.542438e+05 lam=1.600e-10 tau=0.00e+00 cg_it=0 shift=0 ckpt=1 alpha=0 acc mv=311
PCG_PREP o=136 rebuild=1 drift=0 previous_depth=1
ATTR_RADIUS o=136 raw_norm=48122.629553317602 norm=806.33814740741809 radius=806.33814740741798 next_radius=806.33814740741798 lambda=1.6000000000000009e-10 next_lambda=1.6000000000000009e-10 rho=0.41182038663107295 accept=1
CLASSICAL_LM o=136 lambda=1.6000000000000009e-10 tau=1.6000000000000009e-10 prediction=18.559746292495667 rho=0.41182038663107295 accept=1
  MFCG it 137 cost=2.542361e+05 lam=1.600e-10 tau=0.00e+00 cg_it=0 shift=0 ckpt=1 alpha=0 acc mv=313
PCG_PREP o=137 rebuild=1 drift=0 previous_depth=1
ATTR_RADIUS o=137 raw_norm=47596.1949234485 norm=806.33814740741775 radius=806.33814740741798 next_radius=806.33814740741798 lambda=1.6000000000000009e-10 next_lambda=1.6000000000000009e-10 rho=0.41732605340466555 accept=1
CLASSICAL_LM o=137 lambda=1.6000000000000009e-10 tau=1.6000000000000009e-10 prediction=18.707589136274777 rho=0.41732605340466555 accept=1
  MFCG it 138 cost=2.542283e+05 lam=1.600e-10 tau=0.00e+00 cg_it=0 shift=0 ckpt=1 alpha=0 acc mv=315
PCG_PREP o=138 rebuild=1 drift=0 previous_depth=1
ATTR_RADIUS o=138 raw_norm=47073.329967846752 norm=806.33814740741832 radius=806.33814740741798 next_radius=806.33814740741798 lambda=1.6000000000000009e-10 next_lambda=1.6000000000000009e-10 rho=0.42284693726552258 accept=1
CLASSICAL_LM o=138 lambda=1.6000000000000009e-10 tau=1.6000000000000009e-10 prediction=18.854462138082525 rho=0.42284693726552258 accept=1
  MFCG it 139 cost=2.542204e+05 lam=1.600e-10 tau=0.00e+00 cg_it=0 shift=0 ckpt=1 alpha=0 acc mv=317
PCG_PREP o=139 rebuild=1 drift=0 previous_depth=1
ATTR_RADIUS o=139 raw_norm=46554.641643199022 norm=806.33814740741809 radius=806.33814740741798 next_radius=806.33814740741798 lambda=1.6000000000000009e-10 next_lambda=1.6000000000000009e-10 rho=0.42837774771261261 accept=1
CLASSICAL_LM o=139 lambda=1.6000000000000009e-10 tau=1.6000000000000009e-10 prediction=19.000138740662802 rho=0.42837774771261261 accept=1
  MFCG it 140 cost=2.542122e+05 lam=1.600e-10 tau=0.00e+00 cg_it=0 shift=0 ckpt=1 alpha=0 acc mv=319
PCG_PREP o=140 rebuild=1 drift=0 previous_depth=1
ATTR_RADIUS o=140 raw_norm=46040.564527998504 norm=806.33814740741809 radius=806.33814740741798 next_radius=806.33814740741798 lambda=1.6000000000000009e-10 next_lambda=1.6000000000000009e-10 rho=0.43391172323810751 accept=1
CLASSICAL_LM o=140 lambda=1.6000000000000009e-10 tau=1.6000000000000009e-10 prediction=19.144329724263478 rho=0.43391172323810751 accept=1
  MFCG it 141 cost=2.542039e+05 lam=1.600e-10 tau=0.00e+00 cg_it=0 shift=0 ckpt=1 alpha=0 acc mv=321
PCG_PREP o=141 rebuild=1 drift=0 previous_depth=1
ATTR_RADIUS o=141 raw_norm=45531.564089445383 norm=806.33814740741809 radius=806.33814740741798 next_radius=806.33814740741798 lambda=1.6000000000000009e-10 next_lambda=1.6000000000000009e-10 rho=0.43944492780252153 accept=1
CLASSICAL_LM o=141 lambda=1.6000000000000009e-10 tau=1.6000000000000009e-10 prediction=19.286834262049513 rho=0.43944492780252153 accept=1
  MFCG it 142 cost=2.541954e+05 lam=1.600e-10 tau=0.00e+00 cg_it=0 shift=0 ckpt=1 alpha=0 acc mv=323
PCG_PREP o=142 rebuild=1 drift=0 previous_depth=1
ATTR_RADIUS o=142 raw_norm=45027.914019716693 norm=806.33814740741832 radius=806.33814740741798 next_radius=806.33814740741798 lambda=1.6000000000000009e-10 next_lambda=1.6000000000000009e-10 rho=0.44497221378881485 accept=1
CLASSICAL_LM o=142 lambda=1.6000000000000009e-10 tau=1.6000000000000009e-10 prediction=19.427398788251207 rho=0.44497221378881485 accept=1
  MFCG it 143 cost=2.541868e+05 lam=1.600e-10 tau=0.00e+00 cg_it=0 shift=0 ckpt=1 alpha=0 acc mv=325
PCG_PREP o=143 rebuild=1 drift=0 previous_depth=1
ATTR_RADIUS o=143 raw_norm=44530.058769114636 norm=806.33814740741809 radius=806.33814740741798 next_radius=806.33814740741798 lambda=1.6000000000000009e-10 next_lambda=1.6000000000000009e-10 rho=0.45048855518767056 accept=1
CLASSICAL_LM o=143 lambda=1.6000000000000009e-10 tau=1.6000000000000009e-10 prediction=19.565764381837276 rho=0.45048855518767056 accept=1
  MFCG it 144 cost=2.541780e+05 lam=1.600e-10 tau=0.00e+00 cg_it=0 shift=0 ckpt=1 alpha=0 acc mv=327
PCG_PREP o=144 rebuild=1 drift=0 previous_depth=1
ATTR_RADIUS o=144 raw_norm=44038.413551459154 norm=806.33814740741798 radius=806.33814740741798 next_radius=806.33814740741798 lambda=1.6000000000000009e-10 next_lambda=1.6000000000000009e-10 rho=0.45598830797906181 accept=1
CLASSICAL_LM o=144 lambda=1.6000000000000009e-10 tau=1.6000000000000009e-10 prediction=19.701639167319385 rho=0.45598830797906181 accept=1
  MFCG it 145 cost=2.541690e+05 lam=1.600e-10 tau=0.00e+00 cg_it=0 shift=0 ckpt=1 alpha=0 acc mv=329
PCG_PREP o=145 rebuild=1 drift=0 previous_depth=1
ATTR_RADIUS o=145 raw_norm=43553.092159288521 norm=806.33814740741798 radius=806.33814740741798 next_radius=806.33814740741798 lambda=1.6000000000000009e-10 next_lambda=1.6000000000000009e-10 rho=0.46146909107996764 accept=1
CLASSICAL_LM o=145 lambda=1.6000000000000009e-10 tau=1.6000000000000009e-10 prediction=19.834844640168221 rho=0.46146909107996764 accept=1
  MFCG it 146 cost=2.541599e+05 lam=1.600e-10 tau=0.00e+00 cg_it=0 shift=0 ckpt=1 alpha=0 acc mv=331
PCG_PREP o=146 rebuild=1 drift=0 previous_depth=1
ATTR_RADIUS o=146 raw_norm=43074.382162948365 norm=806.33814740741798 radius=806.33814740741798 next_radius=806.33814740741798 lambda=1.6000000000000009e-10 next_lambda=1.6000000000000009e-10 rho=0.4669313225006162 accept=1
CLASSICAL_LM o=146 lambda=1.6000000000000009e-10 tau=1.6000000000000009e-10 prediction=19.965308779577377 rho=0.4669313225006162 accept=1
  MFCG it 147 cost=2.541505e+05 lam=1.600e-10 tau=0.00e+00 cg_it=0 shift=0 ckpt=1 alpha=0 acc mv=333
PCG_PREP o=147 rebuild=1 drift=0 previous_depth=1
ATTR_RADIUS o=147 raw_norm=42602.890715788744 norm=806.33814740741821 radius=806.33814740741798 next_radius=806.33814740741798 lambda=1.6000000000000009e-10 next_lambda=1.6000000000000009e-10 rho=0.47236504546344205 accept=1
CLASSICAL_LM o=147 lambda=1.6000000000000009e-10 tau=1.6000000000000009e-10 prediction=20.092545199636817 rho=0.47236504546344205 accept=1
  MFCG it 148 cost=2.541410e+05 lam=1.600e-10 tau=0.00e+00 cg_it=0 shift=0 ckpt=1 alpha=0 acc mv=335
PCG_PREP o=148 rebuild=1 drift=0 previous_depth=1
ATTR_RADIUS o=148 raw_norm=42138.334987165334 norm=806.33814740741798 radius=806.33814740741798 next_radius=806.33814740741798 lambda=1.6000000000000009e-10 next_lambda=1.6000000000000009e-10 rho=0.47777296626197091 accept=1
CLASSICAL_LM o=148 lambda=1.6000000000000009e-10 tau=1.6000000000000009e-10 prediction=20.216563092835642 rho=0.47777296626197091 accept=1
  MFCG it 149 cost=2.541314e+05 lam=1.600e-10 tau=0.00e+00 cg_it=0 shift=0 ckpt=1 alpha=0 acc mv=337
PCG_PREP o=149 rebuild=1 drift=0 previous_depth=1
ATTR_RADIUS o=149 raw_norm=41681.511050473717 norm=806.33814740741809 radius=806.33814740741798 next_radius=806.33814740741798 lambda=1.6000000000000009e-10 next_lambda=1.6000000000000009e-10 rho=0.48314942873824407 accept=1
CLASSICAL_LM o=149 lambda=1.6000000000000009e-10 tau=1.6000000000000009e-10 prediction=20.337033155588227 rho=0.48314942873824407 accept=1
  MFCG it 150 cost=2.541216e+05 lam=1.600e-10 tau=0.00e+00 cg_it=0 shift=0 ckpt=1 alpha=0 acc mv=339
PCG_PREP o=150 rebuild=1 drift=0 previous_depth=1
ATTR_RADIUS o=150 raw_norm=41232.228929717035 norm=806.33814740741832 radius=806.33814740741798 next_radius=806.33814740741798 lambda=1.6000000000000009e-10 next_lambda=1.6000000000000009e-10 rho=0.4884951865024143 accept=1
CLASSICAL_LM o=150 lambda=1.6000000000000009e-10 tau=1.6000000000000009e-10 prediction=20.453883830530092 rho=0.4884951865024143 accept=1
  MFCG it 151 cost=2.541116e+05 lam=1.600e-10 tau=0.00e+00 cg_it=0 shift=0 ckpt=1 alpha=0 acc mv=341
PCG_PREP o=151 rebuild=1 drift=0 previous_depth=1
ATTR_RADIUS o=151 raw_norm=40790.874537367083 norm=806.33814740741832 radius=806.33814740741798 next_radius=806.33814740741798 lambda=1.6000000000000009e-10 next_lambda=1.6000000000000009e-10 rho=0.49380427323864956 accept=1
CLASSICAL_LM o=151 lambda=1.6000000000000009e-10 tau=1.6000000000000009e-10 prediction=20.566761085328967 rho=0.49380427323864956 accept=1
  MFCG it 152 cost=2.541014e+05 lam=1.600e-10 tau=0.00e+00 cg_it=0 shift=0 ckpt=1 alpha=0 acc mv=343
PCG_PREP o=152 rebuild=1 drift=0 previous_depth=1
ATTR_RADIUS o=152 raw_norm=40357.471240651284 norm=806.33814740741786 radius=806.33814740741798 next_radius=806.33814740741798 lambda=1.6000000000000009e-10 next_lambda=1.6000000000000009e-10 rho=0.49908133665660076 accept=1
CLASSICAL_LM o=152 lambda=1.6000000000000009e-10 tau=1.6000000000000009e-10 prediction=20.675759823649035 rho=0.49908133665660076 accept=1
  MFCG it 153 cost=2.540911e+05 lam=1.600e-10 tau=0.00e+00 cg_it=0 shift=0 ckpt=1 alpha=0 acc mv=345
PCG_PREP o=153 rebuild=1 drift=0 previous_depth=1
ATTR_RADIUS o=153 raw_norm=39932.252922537649 norm=806.33814740741855 radius=806.33814740741798 next_radius=806.33814740741798 lambda=1.6000000000000009e-10 next_lambda=1.6000000000000009e-10 rho=0.50432106467564586 accept=1
CLASSICAL_LM o=153 lambda=1.6000000000000009e-10 tau=1.6000000000000009e-10 prediction=20.780548093971809 rho=0.50432106467564586 accept=1
  MFCG it 154 cost=2.540806e+05 lam=1.600e-10 tau=0.00e+00 cg_it=0 shift=0 ckpt=1 alpha=0 acc mv=347
PCG_PREP o=154 rebuild=1 drift=0 previous_depth=1
ATTR_RADIUS o=154 raw_norm=39515.510338898042 norm=806.33814740741809 radius=806.33814740741798 next_radius=806.33814740741798 lambda=1.6000000000000009e-10 next_lambda=1.6000000000000009e-10 rho=0.50952230659368802 accept=1
CLASSICAL_LM o=154 lambda=1.6000000000000009e-10 tau=1.6000000000000009e-10 prediction=20.880972554542677 rho=0.50952230659368802 accept=1
  MFCG it 155 cost=2.540700e+05 lam=1.600e-10 tau=0.00e+00 cg_it=0 shift=0 ckpt=1 alpha=0 acc mv=349
PCG_PREP o=155 rebuild=1 drift=0 previous_depth=1
ATTR_RADIUS o=155 raw_norm=39107.157474015796 norm=806.33814740741798 radius=806.33814740741798 next_radius=806.33814740741798 lambda=1.6000000000000009e-10 next_lambda=1.6000000000000009e-10 rho=0.51468570613512032 accept=1
CLASSICAL_LM o=155 lambda=1.6000000000000009e-10 tau=1.6000000000000009e-10 prediction=20.976962459546076 rho=0.51468570613512032 accept=1
  MFCG it 156 cost=2.540592e+05 lam=1.600e-10 tau=0.00e+00 cg_it=0 shift=0 ckpt=1 alpha=0 acc mv=351
PCG_PREP o=156 rebuild=1 drift=0 previous_depth=1
ATTR_RADIUS o=156 raw_norm=38707.397230939045 norm=806.33814740741752 radius=806.33814740741798 next_radius=806.33814740741798 lambda=1.6000000000000009e-10 next_lambda=1.6000000000000009e-10 rho=0.51981106742668437 accept=1
CLASSICAL_LM o=156 lambda=1.6000000000000009e-10 tau=1.6000000000000009e-10 prediction=21.068411738269386 rho=0.51981106742668437 accept=1
  MFCG it 157 cost=2.540482e+05 lam=1.600e-10 tau=0.00e+00 cg_it=0 shift=0 ckpt=1 alpha=0 acc mv=353
PCG_PREP o=157 rebuild=1 drift=0 previous_depth=1
ATTR_RADIUS o=157 raw_norm=38316.256840604961 norm=806.33814740741764 radius=806.33814740741798 next_radius=806.33814740741798 lambda=1.6000000000000009e-10 next_lambda=1.6000000000000009e-10 rho=0.52489837692756491 accept=1
CLASSICAL_LM o=157 lambda=1.6000000000000009e-10 tau=1.6000000000000009e-10 prediction=21.155227116202155 rho=0.52489837692756491 accept=1
  MFCG it 158 cost=2.540371e+05 lam=1.600e-10 tau=0.00e+00 cg_it=0 shift=0 ckpt=1 alpha=0 acc mv=355
PCG_PREP o=158 rebuild=1 drift=0 previous_depth=1
ATTR_RADIUS o=158 raw_norm=37934.064693213688 norm=806.33814740741821 radius=806.33814740741798 next_radius=806.33814740741798 lambda=1.6000000000000009e-10 next_lambda=1.6000000000000009e-10 rho=0.52994518546146729 accept=1
CLASSICAL_LM o=158 lambda=1.6000000000000009e-10 tau=1.6000000000000009e-10 prediction=21.237203705375407 rho=0.52994518546146729 accept=1
  MFCG it 159 cost=2.540259e+05 lam=1.600e-10 tau=0.00e+00 cg_it=0 shift=0 ckpt=1 alpha=0 acc mv=357
PCG_PREP o=159 rebuild=1 drift=0 previous_depth=1
ATTR_RADIUS o=159 raw_norm=37560.771780524497 norm=806.33814740741821 radius=806.33814740741798 next_radius=806.33814740741798 lambda=1.6000000000000009e-10 next_lambda=1.6000000000000009e-10 rho=0.53495415152390191 accept=1
CLASSICAL_LM o=159 lambda=1.6000000000000009e-10 tau=1.6000000000000009e-10 prediction=21.314383154455598 rho=0.53495415152390191 accept=1
  MFCG it 160 cost=2.540145e+05 lam=1.600e-10 tau=0.00e+00 cg_it=0 shift=0 ckpt=1 alpha=0 acc mv=359
PCG_PREP o=160 rebuild=1 drift=0 previous_depth=1
ATTR_RADIUS o=160 raw_norm=37196.224121296342 norm=806.33814740741809 radius=806.33814740741798 next_radius=806.33814740741798 lambda=1.6000000000000009e-10 next_lambda=1.6000000000000009e-10 rho=0.53992585299393026 accept=1
CLASSICAL_LM o=160 lambda=1.6000000000000009e-10 tau=1.6000000000000009e-10 prediction=21.386713822516096 rho=0.53992585299393026 accept=1
  MFCG it 161 cost=2.540029e+05 lam=1.600e-10 tau=0.00e+00 cg_it=0 shift=0 ckpt=1 alpha=0 acc mv=361
PCG_PREP o=161 rebuild=1 drift=0 previous_depth=1
ATTR_RADIUS o=161 raw_norm=36840.809187185427 norm=806.33814740741809 radius=806.33814740741798 next_radius=806.33814740741798 lambda=1.6000000000000009e-10 next_lambda=1.6000000000000009e-10 rho=0.54485947424694359 accept=1
CLASSICAL_LM o=161 lambda=1.6000000000000009e-10 tau=1.6000000000000009e-10 prediction=21.45408280404547 rho=0.54485947424694359 accept=1
  MFCG it 162 cost=2.539912e+05 lam=1.600e-10 tau=0.00e+00 cg_it=0 shift=0 ckpt=1 alpha=0 acc mv=363
PCG_PREP o=162 rebuild=1 drift=0 previous_depth=1
ATTR_RADIUS o=162 raw_norm=36494.494618022858 norm=806.33814740741752 radius=806.33814740741798 next_radius=806.33814740741798 lambda=1.6000000000000009e-10 next_lambda=1.6000000000000009e-10 rho=0.54975527737873642 accept=1
CLASSICAL_LM o=162 lambda=1.6000000000000009e-10 tau=1.6000000000000009e-10 prediction=21.516435228351313 rho=0.54975527737873642 accept=1
  MFCG it 163 cost=2.539794e+05 lam=1.600e-10 tau=0.00e+00 cg_it=0 shift=0 ckpt=1 alpha=0 acc mv=365
PCG_PREP o=163 rebuild=1 drift=0 previous_depth=1
ATTR_RADIUS o=163 raw_norm=36157.106600696243 norm=806.33814740741798 radius=806.33814740741798 next_radius=806.33814740741798 lambda=1.6000000000000009e-10 next_lambda=1.6000000000000009e-10 rho=0.55461909251692976 accept=1
CLASSICAL_LM o=163 lambda=1.6000000000000009e-10 tau=1.6000000000000009e-10 prediction=21.574004731791405 rho=0.55461909251692976 accept=1
  MFCG it 164 cost=2.539674e+05 lam=1.600e-10 tau=0.00e+00 cg_it=0 shift=0 ckpt=1 alpha=0 acc mv=367
PCG_PREP o=164 rebuild=1 drift=0 previous_depth=1
ATTR_RADIUS o=164 raw_norm=35829.158038599329 norm=806.33814740741809 radius=806.33814740741798 next_radius=806.33814740741798 lambda=1.6000000000000009e-10 next_lambda=1.6000000000000009e-10 rho=0.55944405727542856 accept=1
CLASSICAL_LM o=164 lambda=1.6000000000000009e-10 tau=1.6000000000000009e-10 prediction=21.626388492378137 rho=0.55944405727542856 accept=1
  MFCG it 165 cost=2.539553e+05 lam=1.600e-10 tau=0.00e+00 cg_it=0 shift=0 ckpt=1 alpha=0 acc mv=369
PCG_PREP o=165 rebuild=1 drift=0 previous_depth=1
ATTR_RADIUS o=165 raw_norm=35510.417875896361 norm=806.33814740741798 radius=806.33814740741798 next_radius=806.33814740741798 lambda=1.6000000000000009e-10 next_lambda=1.6000000000000009e-10 rho=0.56423389082956954 accept=1
CLASSICAL_LM o=165 lambda=1.6000000000000009e-10 tau=1.6000000000000009e-10 prediction=21.673732182127093 rho=0.56423389082956954 accept=1
  MFCG it 166 cost=2.539431e+05 lam=1.600e-10 tau=0.00e+00 cg_it=0 shift=0 ckpt=1 alpha=0 acc mv=371
PCG_PREP o=166 rebuild=1 drift=0 previous_depth=1
ATTR_RADIUS o=166 raw_norm=35200.754951666982 norm=806.33814740741809 radius=806.33814740741798 next_radius=806.33814740741798 lambda=1.6000000000000009e-10 next_lambda=1.6000000000000009e-10 rho=0.56899464046555825 accept=1
CLASSICAL_LM o=166 lambda=1.6000000000000009e-10 tau=1.6000000000000009e-10 prediction=21.716316280079027 rho=0.56899464046555825 accept=1
  MFCG it 167 cost=2.539307e+05 lam=1.600e-10 tau=0.00e+00 cg_it=0 shift=0 ckpt=1 alpha=0 acc mv=373
PCG_PREP o=167 rebuild=1 drift=0 previous_depth=1
ATTR_RADIUS o=167 raw_norm=34900.495832198634 norm=806.33814740741798 radius=806.33814740741798 next_radius=806.33814740741798 lambda=1.6000000000000009e-10 next_lambda=1.6000000000000009e-10 rho=0.57371966586263057 accept=1
CLASSICAL_LM o=167 lambda=1.6000000000000009e-10 tau=1.6000000000000009e-10 prediction=21.753759657974971 rho=0.57371966586263057 accept=1
  MFCG it 168 cost=2.539183e+05 lam=1.600e-10 tau=0.00e+00 cg_it=0 shift=0 ckpt=1 alpha=0 acc mv=375
PCG_PREP o=168 rebuild=1 drift=0 previous_depth=1
ATTR_RADIUS o=168 raw_norm=34609.427456828227 norm=806.33814740741775 radius=806.33814740741798 next_radius=806.33814740741798 lambda=1.6000000000000009e-10 next_lambda=1.6000000000000009e-10 rho=0.57841636684232045 accept=1
CLASSICAL_LM o=168 lambda=1.6000000000000009e-10 tau=1.6000000000000009e-10 prediction=21.786439647491704 rho=0.57841636684232045 accept=1
  MFCG it 169 cost=2.539057e+05 lam=1.600e-10 tau=0.00e+00 cg_it=0 shift=0 ckpt=1 alpha=0 acc mv=377
PCG_PREP o=169 rebuild=1 drift=0 previous_depth=1
ATTR_RADIUS o=169 raw_norm=34327.733097702519 norm=806.33814740741821 radius=806.33814740741798 next_radius=806.33814740741798 lambda=1.6000000000000009e-10 next_lambda=1.6000000000000009e-10 rho=0.5830840211720818 accept=1
CLASSICAL_LM o=169 lambda=1.6000000000000009e-10 tau=1.6000000000000009e-10 prediction=21.814306341820874 rho=0.5830840211720818 accept=1
  MFCG it 170 cost=2.538929e+05 lam=1.600e-10 tau=0.00e+00 cg_it=0 shift=0 ckpt=1 alpha=0 acc mv=379
PCG_PREP o=170 rebuild=1 drift=0 previous_depth=1
ATTR_RADIUS o=170 raw_norm=34055.414146186224 norm=806.33814740741809 radius=806.33814740741798 next_radius=806.33814740741798 lambda=1.6000000000000009e-10 next_lambda=1.6000000000000009e-10 rho=0.58772243209976061 accept=1
CLASSICAL_LM o=170 lambda=1.6000000000000009e-10 tau=1.6000000000000009e-10 prediction=21.837346388622823 rho=0.58772243209976061 accept=1
  MFCG it 171 cost=2.538801e+05 lam=1.600e-10 tau=0.00e+00 cg_it=0 shift=0 ckpt=1 alpha=0 acc mv=381
PCG_PREP o=171 rebuild=1 drift=0 previous_depth=1
ATTR_RADIUS o=171 raw_norm=33792.449349654366 norm=806.33814740741809 radius=806.33814740741798 next_radius=806.33814740741798 lambda=1.6000000000000009e-10 next_lambda=1.6000000000000009e-10 rho=0.59233580126295804 accept=1
CLASSICAL_LM o=171 lambda=1.6000000000000009e-10 tau=1.6000000000000009e-10 prediction=21.855802661078517 rho=0.59233580126295804 accept=1
  MFCG it 172 cost=2.538672e+05 lam=1.600e-10 tau=0.00e+00 cg_it=0 shift=0 ckpt=1 alpha=0 acc mv=383
PCG_PREP o=172 rebuild=1 drift=0 previous_depth=1
ATTR_RADIUS o=172 raw_norm=33538.650377738093 norm=806.33814740741821 radius=806.33814740741798 next_radius=806.33814740741798 lambda=1.6000000000000009e-10 next_lambda=1.6000000000000009e-10 rho=0.59692597005867931 accept=1
CLASSICAL_LM o=172 lambda=1.6000000000000009e-10 tau=1.6000000000000009e-10 prediction=21.869795476312316 rho=0.59692597005867931 accept=1
  MFCG it 173 cost=2.538541e+05 lam=1.600e-10 tau=0.00e+00 cg_it=0 shift=0 ckpt=1 alpha=0 acc mv=385
PCG_PREP o=173 rebuild=1 drift=0 previous_depth=1
ATTR_RADIUS o=173 raw_norm=33294.284744457531 norm=806.33814740741775 radius=806.33814740741798 next_radius=806.33814740741798 lambda=1.6000000000000009e-10 next_lambda=1.6000000000000009e-10 rho=0.60149129075490582 accept=1
CLASSICAL_LM o=173 lambda=1.6000000000000009e-10 tau=1.6000000000000009e-10 prediction=21.879257091176211 rho=0.60149129075490582 accept=1
  MFCG it 174 cost=2.538409e+05 lam=1.600e-10 tau=0.00e+00 cg_it=0 shift=0 ckpt=1 alpha=0 acc mv=387
PCG_PREP o=174 rebuild=1 drift=0 previous_depth=1
ATTR_RADIUS o=174 raw_norm=33059.027535946552 norm=806.33814740741786 radius=806.33814740741798 next_radius=806.33814740741798 lambda=1.6000000000000009e-10 next_lambda=1.6000000000000009e-10 rho=0.60603841841803296 accept=1
CLASSICAL_LM o=174 lambda=1.6000000000000009e-10 tau=1.6000000000000009e-10 prediction=21.884608944646192 rho=0.60603841841803296 accept=1
  MFCG it 175 cost=2.538277e+05 lam=1.600e-10 tau=0.00e+00 cg_it=0 shift=0 ckpt=1 alpha=0 acc mv=389
PCG_PREP o=175 rebuild=1 drift=0 previous_depth=1
ATTR_RADIUS o=175 raw_norm=32833.531732582203 norm=806.33814740741775 radius=806.33814740741798 next_radius=806.33814740741798 lambda=1.6000000000000009e-10 next_lambda=1.6000000000000009e-10 rho=0.61056022003845356 accept=1
CLASSICAL_LM o=175 lambda=1.6000000000000009e-10 tau=1.6000000000000009e-10 prediction=21.885479865422649 rho=0.61056022003845356 accept=1
  MFCG it 176 cost=2.538143e+05 lam=1.600e-10 tau=0.00e+00 cg_it=0 shift=0 ckpt=1 alpha=0 acc mv=391
PCG_PREP o=176 rebuild=1 drift=0 previous_depth=1
ATTR_RADIUS o=176 raw_norm=32617.176708797087 norm=806.33814740741809 radius=806.33814740741798 next_radius=806.33814740741798 lambda=1.6000000000000009e-10 next_lambda=1.6000000000000009e-10 rho=0.61506564861063029 accept=1
CLASSICAL_LM o=176 lambda=1.6000000000000009e-10 tau=1.6000000000000009e-10 prediction=21.882456343378337 rho=0.61506564861063029 accept=1
  MFCG it 177 cost=2.538009e+05 lam=1.600e-10 tau=0.00e+00 cg_it=0 shift=0 ckpt=1 alpha=0 acc mv=393
PCG_PREP o=177 rebuild=1 drift=0 previous_depth=1
ATTR_RADIUS o=177 raw_norm=32409.988072893015 norm=806.33814740741775 radius=806.33814740741798 next_radius=806.33814740741798 lambda=1.6000000000000009e-10 next_lambda=1.6000000000000009e-10 rho=0.61955596264896373 accept=1
CLASSICAL_LM o=177 lambda=1.6000000000000009e-10 tau=1.6000000000000009e-10 prediction=21.875677764573325 rho=0.61955596264896373 accept=1
  MFCG it 178 cost=2.537873e+05 lam=1.600e-10 tau=0.00e+00 cg_it=0 shift=0 ckpt=1 alpha=0 acc mv=395
PCG_PREP o=178 rebuild=1 drift=0 previous_depth=1
ATTR_RADIUS o=178 raw_norm=32212.280338608685 norm=806.33814740741775 radius=806.33814740741798 next_radius=806.33814740741798 lambda=1.6000000000000009e-10 next_lambda=1.6000000000000009e-10 rho=0.62402883412262977 accept=1
CLASSICAL_LM o=178 lambda=1.6000000000000009e-10 tau=1.6000000000000009e-10 prediction=21.865079333662646 rho=0.62402883412262977 accept=1
  MFCG it 179 cost=2.537737e+05 lam=1.600e-10 tau=0.00e+00 cg_it=0 shift=0 ckpt=1 alpha=0 acc mv=397
PCG_PREP o=179 rebuild=1 drift=0 previous_depth=1
ATTR_RADIUS o=179 raw_norm=32023.909483309984 norm=806.33814740741821 radius=806.33814740741798 next_radius=806.33814740741798 lambda=1.6000000000000009e-10 next_lambda=1.6000000000000009e-10 rho=0.62848579470953114 accept=1
CLASSICAL_LM o=179 lambda=1.6000000000000009e-10 tau=1.6000000000000009e-10 prediction=21.850840480625831 rho=0.62848579470953114 accept=1
  MFCG it 180 cost=2.537599e+05 lam=1.600e-10 tau=0.00e+00 cg_it=0 shift=0 ckpt=1 alpha=0 acc mv=399
PCG_PREP o=180 rebuild=1 drift=0 previous_depth=1
ATTR_RADIUS o=180 raw_norm=31844.420542250456 norm=806.33814740741809 radius=806.33814740741798 next_radius=806.33814740741798 lambda=1.6000000000000009e-10 next_lambda=1.6000000000000009e-10 rho=0.63293577288684422 accept=1
CLASSICAL_LM o=180 lambda=1.6000000000000009e-10 tau=1.6000000000000009e-10 prediction=21.833606708673649 rho=0.63293577288684422 accept=1
  MFCG it 181 cost=2.537461e+05 lam=1.600e-10 tau=0.00e+00 cg_it=0 shift=0 ckpt=1 alpha=0 acc mv=401
PCG_PREP o=181 rebuild=1 drift=0 previous_depth=1
ATTR_RADIUS o=181 raw_norm=17914.485732424695 norm=806.33814740741798 radius=806.33814740741798 next_radius=1612.676294814836 lambda=1.6000000000000009e-10 next_lambda=4.0000000000000023e-11 rho=0.96558626161041961 accept=1
CLASSICAL_LM o=181 lambda=1.6000000000000009e-10 tau=1.6000000000000009e-10 prediction=187.69663327724578 rho=0.96558626161041961 accept=1
  MFCG it 182 cost=2.535649e+05 lam=4.000e-11 tau=0.00e+00 cg_it=1 shift=0 ckpt=2 alpha=0 acc mv=404
PCG_PREP o=182 rebuild=1 drift=0 previous_depth=2
ATTR_RADIUS o=182 raw_norm=35804.197721436038 norm=1612.676294814836 radius=1612.676294814836 next_radius=403.16907370370899 lambda=4.0000000000000023e-11 next_lambda=6.4000000000000037e-10 rho=0.15067347353129687 accept=1
CLASSICAL_LM o=182 lambda=4.0000000000000023e-11 tau=4.0000000000000023e-11 prediction=35.299127941987869 rho=0.15067347353129687 accept=1
  MFCG it 183 cost=2.535596e+05 lam=6.400e-10 tau=0.00e+00 cg_it=0 shift=0 ckpt=1 alpha=0 acc mv=406
PCG_PREP o=183 rebuild=1 drift=0 previous_depth=1
ATTR_RADIUS o=183 raw_norm=28690.295073887974 norm=403.16907370370888 radius=403.16907370370899 next_radius=806.33814740741798 lambda=6.4000000000000037e-10 next_lambda=1.6000000000000009e-10 rho=0.81978330120133192 accept=1
CLASSICAL_LM o=183 lambda=6.4000000000000037e-10 tau=6.4000000000000037e-10 prediction=11.666388930486784 rho=0.81978330120133192 accept=1
  MFCG it 184 cost=2.535500e+05 lam=1.600e-10 tau=0.00e+00 cg_it=0 shift=0 ckpt=1 alpha=0 acc mv=408
PCG_PREP o=184 rebuild=1 drift=0 previous_depth=1
ATTR_RADIUS o=184 raw_norm=32295.217587656651 norm=806.33814740741821 radius=806.33814740741798 next_radius=806.33814740741798 lambda=1.6000000000000009e-10 next_lambda=1.6000000000000009e-10 rho=0.59506254578328333 accept=1
CLASSICAL_LM o=184 lambda=1.6000000000000009e-10 tau=1.6000000000000009e-10 prediction=19.707182271425779 rho=0.59506254578328333 accept=1
  MFCG it 185 cost=2.535383e+05 lam=1.600e-10 tau=0.00e+00 cg_it=0 shift=0 ckpt=1 alpha=0 acc mv=410
PCG_PREP o=185 rebuild=1 drift=0 previous_depth=1
ATTR_RADIUS o=185 raw_norm=31982.307260159003 norm=806.33814740741798 radius=806.33814740741798 next_radius=806.33814740741798 lambda=1.6000000000000009e-10 next_lambda=1.6000000000000009e-10 rho=0.60131031649124189 accept=1
CLASSICAL_LM o=185 lambda=1.6000000000000009e-10 tau=1.6000000000000009e-10 prediction=19.805104957772951 rho=0.60131031649124189 accept=1
  MFCG it 186 cost=2.535264e+05 lam=1.600e-10 tau=0.00e+00 cg_it=0 shift=0 ckpt=1 alpha=0 acc mv=412
PCG_PREP o=186 rebuild=1 drift=0 previous_depth=1
ATTR_RADIUS o=186 raw_norm=31683.017863018031 norm=806.33814740741752 radius=806.33814740741798 next_radius=806.33814740741798 lambda=1.6000000000000009e-10 next_lambda=1.6000000000000009e-10 rho=0.60690816869396691 accept=1
CLASSICAL_LM o=186 lambda=1.6000000000000009e-10 tau=1.6000000000000009e-10 prediction=19.868117130570841 rho=0.60690816869396691 accept=1
  MFCG it 187 cost=2.535143e+05 lam=1.600e-10 tau=0.00e+00 cg_it=0 shift=0 ckpt=1 alpha=0 acc mv=414
PCG_PREP o=187 rebuild=1 drift=0 previous_depth=1
ATTR_RADIUS o=187 raw_norm=31398.246107712406 norm=806.33814740741775 radius=806.33814740741798 next_radius=806.33814740741798 lambda=1.6000000000000009e-10 next_lambda=1.6000000000000009e-10 rho=0.61244472241867287 accept=1
CLASSICAL_LM o=187 lambda=1.6000000000000009e-10 tau=1.6000000000000009e-10 prediction=19.924248703871555 rho=0.61244472241867287 accept=1
  MFCG it 188 cost=2.535021e+05 lam=1.600e-10 tau=0.00e+00 cg_it=0 shift=0 ckpt=1 alpha=0 acc mv=416
PCG_PREP o=188 rebuild=1 drift=0 previous_depth=1
ATTR_RADIUS o=188 raw_norm=31127.407710824435 norm=806.33814740741798 radius=806.33814740741798 next_radius=806.33814740741798 lambda=1.6000000000000009e-10 next_lambda=1.6000000000000009e-10 rho=0.61792677961028797 accept=1
CLASSICAL_LM o=188 lambda=1.6000000000000009e-10 tau=1.6000000000000009e-10 prediction=19.973862498467518 rho=0.61792677961028797 accept=1
  MFCG it 189 cost=2.534898e+05 lam=1.600e-10 tau=0.00e+00 cg_it=0 shift=0 ckpt=1 alpha=0 acc mv=418
PCG_PREP o=189 rebuild=1 drift=0 previous_depth=1
ATTR_RADIUS o=189 raw_norm=30870.356807613498 norm=806.33814740741798 radius=806.33814740741798 next_radius=806.33814740741798 lambda=1.6000000000000009e-10 next_lambda=1.6000000000000009e-10 rho=0.62335810937377001 accept=1
CLASSICAL_LM o=189 lambda=1.6000000000000009e-10 tau=1.6000000000000009e-10 prediction=20.017177326587962 rho=0.62335810937377001 accept=1
  MFCG it 190 cost=2.534773e+05 lam=1.600e-10 tau=0.00e+00 cg_it=0 shift=0 ckpt=1 alpha=0 acc mv=420
PCG_PREP o=190 rebuild=1 drift=0 previous_depth=1
ATTR_RADIUS o=190 raw_norm=10053.057426227813 norm=806.33814740741798 radius=806.33814740741798 next_radius=1612.676294814836 lambda=1.6000000000000009e-10 next_lambda=4.0000000000000023e-11 rho=0.9992817161673162 accept=1
CLASSICAL_LM o=190 lambda=1.6000000000000009e-10 tau=1.6000000000000009e-10 prediction=305.69224038303429 rho=0.9992817161673162 accept=1
  MFCG it 191 cost=2.531718e+05 lam=4.000e-11 tau=0.00e+00 cg_it=1 shift=0 ckpt=2 alpha=0 acc mv=423
PCG_PREP o=191 rebuild=1 drift=0 previous_depth=2
ATTR_RADIUS o=191 raw_norm=13181.210510312685 norm=1612.6762948148355 radius=1612.676294814836 next_radius=3225.3525896296719 lambda=4.0000000000000023e-11 next_lambda=1.0000000000000006e-11 rho=0.98791985722909648 accept=1
CLASSICAL_LM o=191 lambda=4.0000000000000023e-11 tau=4.0000000000000023e-11 prediction=418.7047945850681 rho=0.98791985722909648 accept=1
  MFCG it 192 cost=2.527582e+05 lam=1.000e-11 tau=0.00e+00 cg_it=1 shift=0 ckpt=2 alpha=0 acc mv=426
PCG_PREP o=192 rebuild=1 drift=0 previous_depth=2
ATTR_RADIUS o=192 raw_norm=26373.384238977942 norm=3225.3525896296719 radius=3225.3525896296719 next_radius=3225.3525896296719 lambda=1.0000000000000006e-11 next_lambda=1.0000000000000006e-11 rho=0.70210896787944999 accept=1
CLASSICAL_LM o=192 lambda=1.0000000000000006e-11 tau=1.0000000000000006e-11 prediction=360.72792641189483 rho=0.70210896787944999 accept=1
  MFCG it 193 cost=2.525049e+05 lam=1.000e-11 tau=0.00e+00 cg_it=1 shift=0 ckpt=2 alpha=0 acc mv=429
PCG_PREP o=193 rebuild=1 drift=0 previous_depth=2
POINT_SAFE o=193 frozen=27 slope=-58.176455156289919 candidate=252598.80265580773 original=252500.43660454822 current=252504.88488761545 won=0 mode=1 camera_scale=1 keep_scale=0
ATTR_RADIUS o=193 raw_norm=42220.733263600239 norm=806.33814740741798 radius=3225.3525896296719 next_radius=3225.3525896296719 lambda=1.0000000000000006e-11 next_lambda=1.0000000000000006e-12 rho=0.31815239469467466 accept=1
CLASSICAL_LM o=193 lambda=1.0000000000000006e-11 tau=1.0000000000000006e-11 prediction=13.981611144256718 rho=0.31815239469467466 accept=1
  MFCG it 194 cost=2.525004e+05 lam=1.000e-12 tau=0.00e+00 cg_it=0 shift=0 ckpt=1 alpha=0 acc mv=431
PCG_PREP o=194 rebuild=1 drift=0 previous_depth=1
POINT_SAFE o=194 frozen=41 slope=-54.216594368948471 candidate=252596.26103460474 original=252496.742630619 current=252500.43660454822 won=0 mode=1 camera_scale=1 keep_scale=0
ATTR_RADIUS o=194 raw_norm=41322.787440978776 norm=806.33814740741809 radius=3225.3525896296719 next_radius=3225.3525896296719 lambda=1.0000000000000006e-12 next_lambda=1.0000000000000007e-13 rho=0.28103998338119435 accept=1
CLASSICAL_LM o=194 lambda=1.0000000000000006e-12 tau=1.0000000000000006e-12 prediction=13.143944447945074 rho=0.28103998338119435 accept=1
  MFCG it 195 cost=2.524967e+05 lam=1.000e-13 tau=0.00e+00 cg_it=0 shift=0 ckpt=1 alpha=0 acc mv=433
PCG_PREP o=195 rebuild=1 drift=0 previous_depth=1
POINT_SAFE o=195 frozen=71 slope=-52.291781903359791 candidate=252593.34221547859 original=252493.38111853012 current=252496.742630619 won=0 mode=1 camera_scale=1 keep_scale=0
ATTR_RADIUS o=195 raw_norm=40365.65732450728 norm=806.33814740741775 radius=3225.3525896296719 next_radius=3225.3525896296719 lambda=1.0000000000000007e-13 next_lambda=1.0000000000000008e-14 rho=0.26358213192802288 accept=1
CLASSICAL_LM o=195 lambda=1.0000000000000007e-13 tau=1.0000000000000007e-13 prediction=12.753186508879772 rho=0.26358213192802288 accept=1
  MFCG it 196 cost=2.524934e+05 lam=1.000e-14 tau=0.00e+00 cg_it=0 shift=0 ckpt=1 alpha=0 acc mv=435
PCG_PREP o=196 rebuild=1 drift=0 previous_depth=1
POINT_SAFE o=196 frozen=99 slope=-51.516812339196946 candidate=252590.1046358762 original=252490.12079744448 current=252493.38111853012 won=0 mode=1 camera_scale=1 keep_scale=0
ATTR_RADIUS o=196 raw_norm=39435.735522920178 norm=806.33814740741798 radius=3225.3525896296719 next_radius=3225.3525896296719 lambda=1.0000000000000008e-14 next_lambda=1.0000000000000009e-15 rho=0.25848031713469499 accept=1
CLASSICAL_LM o=196 lambda=1.0000000000000008e-14 tau=1.0000000000000008e-14 prediction=12.61342109826238 rho=0.25848031713469499 accept=1
  MFCG it 197 cost=2.524901e+05 lam=1.000e-15 tau=0.00e+00 cg_it=0 shift=0 ckpt=1 alpha=0 acc mv=437
PCG_PREP o=197 rebuild=1 drift=0 previous_depth=1
POINT_SAFE o=197 frozen=138 slope=-51.426936021929976 candidate=252586.55691560535 original=252486.82256870886 current=252490.12079744448 won=0 mode=1 camera_scale=1 keep_scale=0
ATTR_RADIUS o=197 raw_norm=38537.640451480736 norm=806.33814740741786 radius=3225.3525896296719 next_radius=3225.3525896296719 lambda=1.0000000000000009e-15 next_lambda=1.000000000000001e-16 rho=0.26128058676268323 accept=1
CLASSICAL_LM o=197 lambda=1.0000000000000009e-15 tau=1.0000000000000009e-15 prediction=12.623321068334089 rho=0.26128058676268323 accept=1
  MFCG it 198 cost=2.524868e+05 lam=1.000e-16 tau=0.00e+00 cg_it=0 shift=0 ckpt=1 alpha=0 acc mv=439
PCG_PREP o=198 rebuild=1 drift=0 previous_depth=1
POINT_SAFE o=198 frozen=178 slope=-51.747212247167745 candidate=252582.69957867582 original=252483.40497691123 current=252486.82256870886 won=0 mode=1 camera_scale=1 keep_scale=0
ATTR_RADIUS o=198 raw_norm=37674.989709377878 norm=806.33814740741821 radius=3225.3525896296719 next_radius=3225.3525896296719 lambda=1.000000000000001e-16 next_lambda=9.9999999999999998e-17 rho=0.26863392160026767 accept=1
CLASSICAL_LM o=198 lambda=1.000000000000001e-16 tau=1.000000000000001e-16 prediction=12.722115573735779 rho=0.26863392160026767 accept=1
  MFCG it 199 cost=2.524834e+05 lam=1.000e-16 tau=0.00e+00 cg_it=0 shift=0 ckpt=1 alpha=0 acc mv=441
PCG_PREP o=199 rebuild=1 drift=0 previous_depth=1
POINT_SAFE o=199 frozen=234 slope=-52.314393266734257 candidate=252578.53137901501 original=252479.81847680974 current=252483.40497691123 won=0 mode=1 camera_scale=1 keep_scale=0
ATTR_RADIUS o=199 raw_norm=36833.372025047342 norm=806.33814740741821 radius=3225.3525896296719 next_radius=3225.3525896296719 lambda=9.9999999999999998e-17 next_lambda=9.9999999999999998e-17 rho=0.27857734447495164 accept=1
CLASSICAL_LM o=199 lambda=9.9999999999999998e-17 tau=9.9999999999999998e-17 prediction=12.874342341979023 rho=0.27857734447495164 accept=1
  MFCG it 200 cost=2.524798e+05 lam=1.000e-16 tau=0.00e+00 cg_it=0 shift=0 ckpt=1 alpha=0 acc mv=443
PCG_PREP o=200 rebuild=1 drift=0 previous_depth=1
POINT_SAFE o=200 frozen=293 slope=-53.032646940628496 candidate=252574.05203887392 original=252476.03260879044 current=252479.81847680974 won=0 mode=1 camera_scale=1 keep_scale=0
ATTR_RADIUS o=200 raw_norm=36025.722789069485 norm=806.33814740741764 radius=3225.3525896296719 next_radius=3225.3525896296719 lambda=9.9999999999999998e-17 next_lambda=9.9999999999999998e-17 rho=0.28991737024018144 accept=1
CLASSICAL_LM o=200 lambda=9.9999999999999998e-17 tau=9.9999999999999998e-17 prediction=13.058438051385981 rho=0.28991737024018144 accept=1
  MFCG it 201 cost=2.524760e+05 lam=1.000e-16 tau=0.00e+00 cg_it=0 shift=0 ckpt=1 alpha=0 acc mv=445
PCG_PREP o=201 rebuild=1 drift=0 previous_depth=1
POINT_SAFE o=201 frozen=372 slope=-53.842078331020055 candidate=252569.26994423245 original=252472.0301761454 current=252476.03260879044 won=0 mode=1 camera_scale=1 keep_scale=0
ATTR_RADIUS o=201 raw_norm=35237.505763496149 norm=806.33814740741809 radius=3225.3525896296719 next_radius=3225.3525896296719 lambda=9.9999999999999998e-17 next_lambda=9.9999999999999998e-17 rho=0.30182497646810663 accept=1
CLASSICAL_LM o=201 lambda=9.9999999999999998e-17 tau=9.9999999999999998e-17 prediction=13.260773484925748 rho=0.30182497646810663 accept=1
  MFCG it 202 cost=2.524720e+05 lam=1.000e-16 tau=0.00e+00 cg_it=0 shift=0 ckpt=1 alpha=0 acc mv=447
PCG_PREP o=202 rebuild=1 drift=0 previous_depth=1
POINT_SAFE o=202 frozen=441 slope=-54.685409806777223 candidate=252564.18411104256 original=252467.80021083987 current=252472.0301761454 won=0 mode=1 camera_scale=1 keep_scale=0
ATTR_RADIUS o=202 raw_norm=34478.674002190121 norm=806.33814740741798 radius=3225.3525896296719 next_radius=3225.3525896296719 lambda=9.9999999999999998e-17 next_lambda=9.9999999999999998e-17 rho=0.3139854686135834 accept=1
CLASSICAL_LM o=202 lambda=9.9999999999999998e-17 tau=9.9999999999999998e-17 prediction=13.471850542050605 rho=0.3139854686135834 accept=1
  MFCG it 203 cost=2.524678e+05 lam=1.000e-16 tau=0.00e+00 cg_it=0 shift=0 ckpt=1 alpha=0 acc mv=449
PCG_PREP o=203 rebuild=1 drift=0 previous_depth=1
POINT_SAFE o=203 frozen=529 slope=-55.559141611769817 candidate=252558.79637042151 original=252463.33623257658 current=252467.80021083987 won=0 mode=1 camera_scale=1 keep_scale=0
ATTR_RADIUS o=203 raw_norm=33728.650732655449 norm=806.33814740741798 radius=3225.3525896296719 next_radius=3225.3525896296719 lambda=9.9999999999999998e-17 next_lambda=9.9999999999999998e-17 rho=0.32619045971716443 accept=1
CLASSICAL_LM o=203 lambda=9.9999999999999998e-17 tau=9.9999999999999998e-17 prediction=13.685189527487195 rho=0.32619045971716443 accept=1
  MFCG it 204 cost=2.524633e+05 lam=1.000e-16 tau=0.00e+00 cg_it=0 shift=0 ckpt=1 alpha=0 acc mv=451
PCG_PREP o=204 rebuild=1 drift=0 previous_depth=1
POINT_SAFE o=204 frozen=595 slope=-56.462345547462 candidate=252553.10602131402 original=252458.63368044357 current=252463.33623257658 won=0 mode=1 camera_scale=1 keep_scale=0
ATTR_RADIUS o=204 raw_norm=33073.652634307342 norm=806.33814740741855 radius=3225.3525896296719 next_radius=3225.3525896296719 lambda=9.9999999999999998e-17 next_lambda=9.9999999999999998e-17 rho=0.33820697281848261 accept=1
CLASSICAL_LM o=204 lambda=9.9999999999999998e-17 tau=9.9999999999999998e-17 prediction=13.904361858118337 rho=0.33820697281848261 accept=1
  MFCG it 205 cost=2.524586e+05 lam=1.000e-16 tau=0.00e+00 cg_it=0 shift=0 ckpt=1 alpha=0 acc mv=453
PCG_PREP o=205 rebuild=1 drift=0 previous_depth=1
POINT_SAFE o=205 frozen=659 slope=-57.30774284820582 candidate=252547.13231755412 original=252453.69417011755 current=252458.63368044357 won=0 mode=1 camera_scale=1 keep_scale=0
ATTR_RADIUS o=205 raw_norm=32343.24910580186 norm=806.33814740741821 radius=3225.3525896296719 next_radius=3225.3525896296719 lambda=9.9999999999999998e-17 next_lambda=9.9999999999999998e-17 rho=0.34996188155412217 accept=1
CLASSICAL_LM o=205 lambda=9.9999999999999998e-17 tau=9.9999999999999998e-17 prediction=14.114423845483076 rho=0.34996188155412217 accept=1
  MFCG it 206 cost=2.524537e+05 lam=1.000e-16 tau=0.00e+00 cg_it=0 shift=0 ckpt=1 alpha=0 acc mv=455
PCG_PREP o=206 rebuild=1 drift=0 previous_depth=1
POINT_SAFE o=206 frozen=704 slope=-58.170176850312707 candidate=252540.85759540653 original=252448.51682172989 current=252453.69417011755 won=0 mode=1 camera_scale=1 keep_scale=0
ATTR_RADIUS o=206 raw_norm=31680.766924081494 norm=806.33814740741798 radius=3225.3525896296719 next_radius=3225.3525896296719 lambda=9.9999999999999998e-17 next_lambda=9.9999999999999998e-17 rho=0.36147224867385169 accept=1
CLASSICAL_LM o=206 lambda=9.9999999999999998e-17 tau=9.9999999999999998e-17 prediction=14.322948460510627 rho=0.36147224867385169 accept=1
  MFCG it 207 cost=2.524485e+05 lam=1.000e-16 tau=0.00e+00 cg_it=0 shift=0 ckpt=1 alpha=0 acc mv=457
PCG_PREP o=207 rebuild=1 drift=0 previous_depth=1
POINT_SAFE o=207 frozen=729 slope=-59.001565797742195 candidate=252534.30253464237 original=252443.1035627746 current=252448.51682172989 won=0 mode=1 camera_scale=1 keep_scale=0
ATTR_RADIUS o=207 raw_norm=31028.952750141329 norm=806.33814740741764 radius=3225.3525896296719 next_radius=3225.3525896296719 lambda=9.9999999999999998e-17 next_lambda=9.9999999999999998e-17 rho=0.37268459081475019 accept=1
CLASSICAL_LM o=207 lambda=9.9999999999999998e-17 tau=9.9999999999999998e-17 prediction=14.525040982928205 rho=0.37268459081475019 accept=1
  MFCG it 208 cost=2.524431e+05 lam=1.000e-16 tau=0.00e+00 cg_it=0 shift=0 ckpt=1 alpha=0 acc mv=459
PCG_PREP o=208 rebuild=1 drift=0 previous_depth=1
POINT_SAFE o=208 frozen=760 slope=-59.790561618024711 candidate=252527.47583230524 original=252437.45806376639 current=252443.1035627746 won=0 mode=1 camera_scale=1 keep_scale=0
ATTR_RADIUS o=208 raw_norm=30409.903844627999 norm=806.33814740741809 radius=3225.3525896296719 next_radius=3225.3525896296719 lambda=9.9999999999999998e-17 next_lambda=9.9999999999999998e-17 rho=0.38356903823557381 accept=1
CLASSICAL_LM o=208 lambda=9.9999999999999998e-17 tau=9.9999999999999998e-17 prediction=14.718338670353477 rho=0.38356903823557381 accept=1
  MFCG it 209 cost=2.524375e+05 lam=1.000e-16 tau=0.00e+00 cg_it=0 shift=0 ckpt=1 alpha=0 acc mv=461
PCG_PREP o=209 rebuild=1 drift=0 previous_depth=1
POINT_SAFE o=209 frozen=791 slope=-60.56960619499305 candidate=252520.37527318083 original=252431.58231775562 current=252437.45806376639 won=0 mode=1 camera_scale=1 keep_scale=0
ATTR_RADIUS o=209 raw_norm=29804.173444969136 norm=806.33814740741775 radius=3225.3525896296719 next_radius=3225.3525896296719 lambda=9.9999999999999998e-17 next_lambda=9.9999999999999998e-17 rho=0.39420745805663465 accept=1
CLASSICAL_LM o=209 lambda=9.9999999999999998e-17 tau=9.9999999999999998e-17 prediction=14.905212701301634 rho=0.39420745805663465 accept=1
  MFCG it 210 cost=2.524316e+05 lam=1.000e-16 tau=0.00e+00 cg_it=0 shift=0 ckpt=1 alpha=0 acc mv=463
PCG_PREP o=210 rebuild=1 drift=0 previous_depth=1
POINT_SAFE o=210 frozen=814 slope=-61.330681692726188 candidate=252513.00771666833 original=252425.4794137032 current=252431.58231775562 won=0 mode=1 camera_scale=1 keep_scale=0
ATTR_RADIUS o=210 raw_norm=29267.567065644776 norm=806.33814740741741 radius=3225.3525896296719 next_radius=3225.3525896296719 lambda=9.9999999999999998e-17 next_lambda=9.9999999999999998e-17 rho=0.40470426193799064 accept=1
CLASSICAL_LM o=210 lambda=9.9999999999999998e-17 tau=9.9999999999999998e-17 prediction=15.079910508455413 rho=0.40470426193799064 accept=1
  MFCG it 211 cost=2.524255e+05 lam=1.000e-16 tau=0.00e+00 cg_it=0 shift=0 ckpt=1 alpha=0 acc mv=465
PCG_PREP o=211 rebuild=1 drift=0 previous_depth=1
POINT_SAFE o=211 frozen=845 slope=-62.054141454049713 candidate=252505.40997027975 original=252419.15994812865 current=252425.4794137032 won=0 mode=1 camera_scale=1 keep_scale=0
ATTR_RADIUS o=211 raw_norm=28972.042483614048 norm=806.33814740741775 radius=3225.3525896296719 next_radius=3225.3525896296719 lambda=9.9999999999999998e-17 next_lambda=9.9999999999999998e-17 rho=0.41499561028999893 accept=1
CLASSICAL_LM o=211 lambda=9.9999999999999998e-17 tau=9.9999999999999998e-17 prediction=15.227788964154204 rho=0.41499561028999893 accept=1
  MFCG it 212 cost=2.524192e+05 lam=1.000e-16 tau=0.00e+00 cg_it=0 shift=0 ckpt=1 alpha=0 acc mv=467
PCG_PREP o=212 rebuild=1 drift=0 previous_depth=1
POINT_SAFE o=212 frozen=863 slope=-62.678145083473389 candidate=252497.53348363968 original=252412.61899995664 current=252419.15994812865 won=0 mode=1 camera_scale=1 keep_scale=0
ATTR_RADIUS o=212 raw_norm=28129.563965433306 norm=806.33814740741832 radius=3225.3525896296719 next_radius=3225.3525896296719 lambda=9.9999999999999998e-17 next_lambda=9.9999999999999998e-17 rho=0.42457950899872732 accept=1
CLASSICAL_LM o=212 lambda=9.9999999999999998e-17 tau=9.9999999999999998e-17 prediction=15.405708550179193 rho=0.42457950899872732 accept=1
  MFCG it 213 cost=2.524126e+05 lam=1.000e-16 tau=0.00e+00 cg_it=0 shift=0 ckpt=1 alpha=0 acc mv=469
PCG_PREP o=213 rebuild=1 drift=0 previous_depth=1
POINT_SAFE o=213 frozen=872 slope=-63.274927378665566 candidate=252489.42440588147 original=252406.08357898056 current=252412.61899995664 won=0 mode=1 camera_scale=1 keep_scale=0
ATTR_RADIUS o=213 raw_norm=27618.507311511556 norm=806.33814740741832 radius=3225.3525896296719 next_radius=3225.3525896296719 lambda=9.9999999999999998e-17 next_lambda=9.9999999999999998e-17 rho=0.42033835426200022 accept=1
CLASSICAL_LM o=213 lambda=9.9999999999999998e-17 tau=9.9999999999999998e-17 prediction=15.548000580529571 rho=0.42033835426200022 accept=1
  MFCG it 214 cost=2.524061e+05 lam=1.000e-16 tau=0.00e+00 cg_it=0 shift=0 ckpt=1 alpha=0 acc mv=471
PCG_PREP o=214 rebuild=1 drift=0 previous_depth=1
POINT_SAFE o=214 frozen=882 slope=-63.92837123718153 candidate=252481.29931887268 original=252399.13290982269 current=252406.08357898056 won=0 mode=1 camera_scale=1 keep_scale=0
ATTR_RADIUS o=214 raw_norm=27147.104503455728 norm=806.33814740741809 radius=3225.3525896296719 next_radius=3225.3525896296719 lambda=9.9999999999999998e-17 next_lambda=9.9999999999999998e-17 rho=0.44011647499531931 accept=1
CLASSICAL_LM o=214 lambda=9.9999999999999998e-17 tau=9.9999999999999998e-17 prediction=15.792794754946778 rho=0.44011647499531931 accept=1
  MFCG it 215 cost=2.523991e+05 lam=1.000e-16 tau=0.00e+00 cg_it=0 shift=0 ckpt=1 alpha=0 acc mv=473
PCG_PREP o=215 rebuild=1 drift=0 previous_depth=1
POINT_SAFE o=215 frozen=909 slope=-64.347465385520792 candidate=252472.76021530875 original=252392.17587117929 current=252399.13290982269 won=0 mode=1 camera_scale=1 keep_scale=0
ATTR_RADIUS o=215 raw_norm=26628.258462594731 norm=806.33814740741752 radius=3225.3525896296719 next_radius=3225.3525896296719 lambda=9.9999999999999998e-17 next_lambda=9.9999999999999998e-17 rho=0.43730415660466943 accept=1
CLASSICAL_LM o=215 lambda=9.9999999999999998e-17 tau=9.9999999999999998e-17 prediction=15.908924116815232 rho=0.43730415660466943 accept=1
  MFCG it 216 cost=2.523922e+05 lam=1.000e-16 tau=0.00e+00 cg_it=0 shift=0 ckpt=1 alpha=0 acc mv=475
PCG_PREP o=216 rebuild=1 drift=0 previous_depth=1
POINT_SAFE o=216 frozen=930 slope=-65.574468528099331 candidate=252464.17138128812 original=252384.84696552198 current=252392.17587117929 won=0 mode=1 camera_scale=1 keep_scale=0
ATTR_RADIUS o=216 raw_norm=26592.426918017707 norm=806.33814740741809 radius=3225.3525896296719 next_radius=3225.3525896296719 lambda=9.9999999999999998e-17 next_lambda=9.9999999999999998e-17 rho=0.4567300637331359 accept=1
CLASSICAL_LM o=216 lambda=9.9999999999999998e-17 tau=9.9999999999999998e-17 prediction=16.046470857224676 rho=0.4567300637331359 accept=1
  MFCG it 217 cost=2.523848e+05 lam=1.000e-16 tau=0.00e+00 cg_it=0 shift=0 ckpt=1 alpha=0 acc mv=477
PCG_PREP o=217 rebuild=1 drift=0 previous_depth=1
POINT_SAFE o=217 frozen=945 slope=-66.477510815632527 candidate=252455.14435235324 original=252377.29260643435 current=252384.84696552198 won=0 mode=1 camera_scale=1 keep_scale=0
ATTR_RADIUS o=217 raw_norm=26517.812131718474 norm=806.33814740741741 radius=3225.3525896296719 next_radius=3225.3525896296719 lambda=9.9999999999999998e-17 next_lambda=9.9999999999999998e-17 rho=0.46915626512683023 accept=1
CLASSICAL_LM o=217 lambda=9.9999999999999998e-17 tau=9.9999999999999998e-17 prediction=16.102010458265926 rho=0.46915626512683023 accept=1
  MFCG it 218 cost=2.523773e+05 lam=1.000e-16 tau=0.00e+00 cg_it=0 shift=0 ckpt=1 alpha=0 acc mv=479
PCG_PREP o=218 rebuild=1 drift=0 previous_depth=1
POINT_SAFE o=218 frozen=959 slope=-65.661450693306179 candidate=252446.01700406993 original=252369.69300702933 current=252377.29260643435 won=0 mode=1 camera_scale=1 keep_scale=0
ATTR_RADIUS o=218 raw_norm=25353.335698822215 norm=806.33814740741775 radius=3225.3525896296719 next_radius=3225.3525896296719 lambda=9.9999999999999998e-17 next_lambda=9.9999999999999998e-17 rho=0.46763638817236941 accept=1
CLASSICAL_LM o=218 lambda=9.9999999999999998e-17 tau=9.9999999999999998e-17 prediction=16.251086521983883 rho=0.46763638817236941 accept=1
  MFCG it 219 cost=2.523697e+05 lam=1.000e-16 tau=0.00e+00 cg_it=0 shift=0 ckpt=1 alpha=0 acc mv=481
PCG_PREP o=219 rebuild=1 drift=0 previous_depth=1
POINT_SAFE o=219 frozen=971 slope=-66.334507423867876 candidate=252436.61622457436 original=252362.11004045871 current=252369.69300702933 won=0 mode=1 camera_scale=1 keep_scale=0
ATTR_RADIUS o=219 raw_norm=24874.822250537156 norm=806.33814740741752 radius=3225.3525896296719 next_radius=3225.3525896296719 lambda=9.9999999999999998e-17 next_lambda=9.9999999999999998e-17 rho=0.46251726590043352 accept=1
CLASSICAL_LM o=219 lambda=9.9999999999999998e-17 tau=9.9999999999999998e-17 prediction=16.39499134343323 rho=0.46251726590043352 accept=1
  MFCG it 220 cost=2.523621e+05 lam=1.000e-16 tau=0.00e+00 cg_it=0 shift=0 ckpt=1 alpha=0 acc mv=483
PCG_PREP o=220 rebuild=1 drift=0 previous_depth=1
POINT_SAFE o=220 frozen=988 slope=-68.408634581062131 candidate=252427.60967882336 original=252354.23971845032 current=252362.11004045871 won=0 mode=1 camera_scale=1 keep_scale=0
ATTR_RADIUS o=220 raw_norm=25693.976366423161 norm=806.33814740741775 radius=3225.3525896296719 next_radius=3225.3525896296719 lambda=9.9999999999999998e-17 next_lambda=9.9999999999999998e-17 rho=0.56893401244732533 accept=1
CLASSICAL_LM o=220 lambda=9.9999999999999998e-17 tau=9.9999999999999998e-17 prediction=13.83345315308085 rho=0.56893401244732533 accept=1
  MFCG it 221 cost=2.523542e+05 lam=1.000e-16 tau=0.00e+00 cg_it=0 shift=0 ckpt=1 alpha=0 acc mv=485
PCG_PREP o=221 rebuild=1 drift=0 previous_depth=1
POINT_SAFE o=221 frozen=993 slope=-66.873837864512879 candidate=252417.92912427164 original=252345.48479609273 current=252354.23971845032 won=0 mode=1 camera_scale=1 keep_scale=0
ATTR_RADIUS o=221 raw_norm=24355.382440744808 norm=806.33814740741809 radius=3225.3525896296719 next_radius=3225.3525896296719 lambda=9.9999999999999998e-17 next_lambda=9.9999999999999998e-17 rho=0.52428998190355813 accept=1
CLASSICAL_LM o=221 lambda=9.9999999999999998e-17 tau=9.9999999999999998e-17 prediction=16.698626065302186 rho=0.52428998190355813 accept=1
  MFCG it 222 cost=2.523455e+05 lam=1.000e-16 tau=0.00e+00 cg_it=0 shift=0 ckpt=1 alpha=0 acc mv=487
PCG_PREP o=222 rebuild=1 drift=0 previous_depth=1
POINT_SAFE o=222 frozen=1008 slope=-67.173145802207131 candidate=252407.46847633878 original=252344.01542412228 current=252345.48479609273 won=0 mode=1 camera_scale=1 keep_scale=0
ATTR_RADIUS o=222 raw_norm=23675.590189503793 norm=3225.3525896296715 radius=3225.3525896296719 next_radius=806.33814740741798 lambda=9.9999999999999998e-17 next_lambda=1.6e-15 rho=0.045541653467699589 accept=0
CLASSICAL_LM o=222 lambda=9.9999999999999998e-17 tau=9.9999999999999998e-17 prediction=32.264352709416983 rho=0.045541653467699589 accept=0
  MFCG it 223  retry 1/8  lam=1.600e-15 tau_eff=1.000e-16  (assembly reused)
PCG_PREP o=222 rebuild=1 drift=0 previous_depth=1
ATTR_RADIUS o=222 raw_norm=23675.583334163886 norm=806.33814740741821 radius=806.33814740741798 next_radius=806.33814740741798 lambda=1.6e-15 next_lambda=1.6e-15 rho=0.52955182483803709 accept=1
CLASSICAL_LM o=222 lambda=1.6e-15 tau=1.6e-15 prediction=16.874888169776895 rho=0.52955182483803709 accept=1
  MFCG it 223 cost=2.523365e+05 lam=1.600e-15 tau=0.00e+00 cg_it=0 shift=0 ckpt=1 alpha=0 acc mv=491
PCG_PREP o=223 rebuild=1 drift=0 previous_depth=1
ATTR_RADIUS o=223 raw_norm=23716.599303172046 norm=806.33814740741798 radius=806.33814740741798 next_radius=806.33814740741798 lambda=1.6e-15 next_lambda=1.6e-15 rho=0.54469853002785928 accept=1
CLASSICAL_LM o=223 lambda=1.6e-15 tau=1.6e-15 prediction=15.65063963004353 rho=0.54469853002785928 accept=1
  MFCG it 224 cost=2.523280e+05 lam=1.600e-15 tau=0.00e+00 cg_it=0 shift=0 ckpt=1 alpha=0 acc mv=493
PCG_PREP o=224 rebuild=1 drift=0 previous_depth=1
ATTR_RADIUS o=224 raw_norm=23178.949690335656 norm=806.33814740741775 radius=806.33814740741798 next_radius=806.33814740741798 lambda=1.6e-15 next_lambda=1.6e-15 rho=0.51754151773894108 accept=1
CLASSICAL_LM o=224 lambda=1.6e-15 tau=1.6e-15 prediction=15.765743411933116 rho=0.51754151773894108 accept=1
  MFCG it 225 cost=2.523199e+05 lam=1.600e-15 tau=0.00e+00 cg_it=0 shift=0 ckpt=1 alpha=0 acc mv=495
PCG_PREP o=225 rebuild=1 drift=0 previous_depth=1
NUMERIC_REPAIR o=225 lambda=1.6e-15 rayleigh=-4.06471353951263e-07 next_lambda=1.6258854222050519e-06 cg=0 rebuild=1
PCG_PREP o=225 rebuild=1 drift=0 previous_depth=1
ATTR_RADIUS o=225 raw_norm=545.87355238411135 norm=545.87355238411135 radius=806.33814740741798 next_radius=806.33814740741798 lambda=1.6258854222050519e-06 next_lambda=1.6258854222050519e-06 rho=1.0034066855720305 accept=1
CLASSICAL_LM o=225 lambda=1.6258854222050519e-06 tau=1.6258854222050519e-06 prediction=230.92238507907851 rho=1.0034066855720305 accept=1
  MFCG it 226 cost=2.520882e+05 lam=1.626e-06 tau=0.00e+00 cg_it=0 shift=0 ckpt=1 alpha=0 acc mv=498
PCG_PREP o=226 rebuild=1 drift=0 previous_depth=1
ATTR_RADIUS o=226 raw_norm=6196.374665026874 norm=806.33814740741798 radius=806.33814740741798 next_radius=1612.676294814836 lambda=1.6258854222050519e-06 next_lambda=1.6258854222050519e-06 rho=0.99821952503567868 accept=1
CLASSICAL_LM o=226 lambda=1.6258854222050519e-06 tau=1.6258854222050519e-06 prediction=322.36294963173754 rho=0.99821952503567868 accept=1
  MFCG it 227 cost=2.517664e+05 lam=1.626e-06 tau=0.00e+00 cg_it=3 shift=0 ckpt=4 alpha=0 acc mv=503
PCG_PREP o=227 rebuild=1 drift=0 previous_depth=4
NUMERIC_REPAIR o=227 lambda=1.6258854222050519e-06 rayleigh=-7.5114115008953668e-05 next_lambda=0.00030696000172463487 cg=1 rebuild=2
PCG_PREP o=227 rebuild=1 drift=0 previous_depth=1
ATTR_RADIUS o=227 raw_norm=1070.3984403103902 norm=1070.3984403103902 radius=1612.676294814836 next_radius=1612.676294814836 lambda=0.00030696000172463487 next_lambda=0.00030696000172463487 rho=1.0031964084442833 accept=1
CLASSICAL_LM o=227 lambda=0.00030696000172463487 tau=0.00030696000172463487 prediction=558.47340875121404 rho=1.0031964084442833 accept=1
  MFCG it 228 cost=2.512061e+05 lam=3.070e-04 tau=0.00e+00 cg_it=1 shift=0 ckpt=2 alpha=0 acc mv=508
PCG_PREP o=228 rebuild=1 drift=0 previous_depth=2
ATTR_RADIUS o=228 raw_norm=715.43457779871915 norm=715.43457779871915 radius=1612.676294814836 next_radius=1612.676294814836 lambda=0.00030696000172463487 next_lambda=0.00030696000172463487 rho=0.99920551395060664 accept=1
CLASSICAL_LM o=228 lambda=0.00030696000172463487 tau=0.00030696000172463487 prediction=274.10502340692676 rho=0.99920551395060664 accept=1
  MFCG it 229 cost=2.509322e+05 lam=3.070e-04 tau=0.00e+00 cg_it=3 shift=0 ckpt=4 alpha=0 acc mv=513
PCG_PREP o=229 rebuild=1 drift=0 previous_depth=4
ATTR_RADIUS o=229 raw_norm=410.31836012215848 norm=410.31836012215848 radius=1612.676294814836 next_radius=1612.676294814836 lambda=0.00030696000172463487 next_lambda=0.00030696000172463487 rho=1.0004931049908365 accept=1
CLASSICAL_LM o=229 lambda=0.00030696000172463487 tau=0.00030696000172463487 prediction=74.887472957708013 rho=1.0004931049908365 accept=1
  MFCG it 230 cost=2.508573e+05 lam=3.070e-04 tau=0.00e+00 cg_it=6 shift=0 ckpt=7 alpha=0 acc mv=521
PCG_PREP o=230 rebuild=1 drift=0 previous_depth=7
ATTR_RADIUS o=230 raw_norm=288.73800799059114 norm=288.73800799059114 radius=1612.676294814836 next_radius=1612.676294814836 lambda=0.00030696000172463487 next_lambda=0.00030696000172463487 rho=0.99923938481832264 accept=1
CLASSICAL_LM o=230 lambda=0.00030696000172463487 tau=0.00030696000172463487 prediction=32.766114735034748 rho=0.99923938481832264 accept=1
  MFCG it 231 cost=2.508246e+05 lam=3.070e-04 tau=0.00e+00 cg_it=52 shift=0 ckpt=53 alpha=0 acc mv=575
PCG_PREP o=231 rebuild=1 drift=0 previous_depth=53
ATTR_RADIUS o=231 raw_norm=224.96198578491817 norm=224.9619857849182 radius=1612.676294814836 next_radius=1612.676294814836 lambda=0.00030696000172463487 next_lambda=0.00030696000172463487 rho=0.99843814267625963 accept=1
CLASSICAL_LM o=231 lambda=0.00030696000172463487 tau=0.00030696000172463487 prediction=19.087805182589811 rho=0.99843814267625963 accept=1
  MFCG it 232 cost=2.508055e+05 lam=3.070e-04 tau=0.00e+00 cg_it=38 shift=0 ckpt=39 alpha=0 acc mv=615
PCG_PREP o=232 rebuild=1 drift=0 previous_depth=39
ATTR_RADIUS o=232 raw_norm=185.92113200705813 norm=185.92113200705813 radius=1612.676294814836 next_radius=1612.676294814836 lambda=0.00030696000172463487 next_lambda=0.00030696000172463487 rho=0.99821553687800524 accept=1
CLASSICAL_LM o=232 lambda=0.00030696000172463487 tau=0.00030696000172463487 prediction=12.432307681751055 rho=0.99821553687800524 accept=1
  MFCG it 233 cost=2.507931e+05 lam=3.070e-04 tau=0.00e+00 cg_it=7 shift=0 ckpt=8 alpha=0 acc mv=624
PCG_PREP o=233 rebuild=1 drift=0 previous_depth=8
ATTR_RADIUS o=233 raw_norm=162.52039649227805 norm=162.52039649227805 radius=1612.676294814836 next_radius=1612.676294814836 lambda=0.00030696000172463487 next_lambda=0.00030696000172463487 rho=0.99799275564240686 accept=1
CLASSICAL_LM o=233 lambda=0.00030696000172463487 tau=0.00030696000172463487 prediction=9.327490905110313 rho=0.99799275564240686 accept=1
  MFCG it 234 cost=2.507838e+05 lam=3.070e-04 tau=0.00e+00 cg_it=8 shift=0 ckpt=9 alpha=0 acc mv=634
PCG_PREP o=234 rebuild=1 drift=0 previous_depth=9
ATTR_RADIUS o=234 raw_norm=146.02089594047152 norm=146.02089594047152 radius=1612.676294814836 next_radius=1612.676294814836 lambda=0.00030696000172463487 next_lambda=0.00030696000172463487 rho=0.99842740956437781 accept=1
CLASSICAL_LM o=234 lambda=0.00030696000172463487 tau=0.00030696000172463487 prediction=7.4265284562733651 rho=0.99842740956437781 accept=1
  MFCG it 235 cost=2.507764e+05 lam=3.070e-04 tau=0.00e+00 cg_it=7 shift=0 ckpt=8 alpha=0 acc mv=643
PCG_PREP o=235 rebuild=1 drift=0 previous_depth=8
ATTR_RADIUS o=235 raw_norm=134.76939171347857 norm=134.76939171347857 radius=1612.676294814836 next_radius=1612.676294814836 lambda=0.00030696000172463487 next_lambda=0.00030696000172463487 rho=0.9984440058778733 accept=1
CLASSICAL_LM o=235 lambda=0.00030696000172463487 tau=0.00030696000172463487 prediction=6.2540272895877465 rho=0.9984440058778733 accept=1
  MFCG it 236 cost=2.507701e+05 lam=3.070e-04 tau=0.00e+00 cg_it=8 shift=0 ckpt=9 alpha=0 acc mv=653
PCG_PREP o=236 rebuild=1 drift=0 previous_depth=9
ATTR_RADIUS o=236 raw_norm=125.83672179998757 norm=125.83672179998757 radius=1612.676294814836 next_radius=1612.676294814836 lambda=0.00030696000172463487 next_lambda=0.00030696000172463487 rho=0.99890765301133855 accept=1
CLASSICAL_LM o=236 lambda=0.00030696000172463487 tau=0.00030696000172463487 prediction=5.4063536018533389 rho=0.99890765301133855 accept=1
  MFCG it 237 cost=2.507647e+05 lam=3.070e-04 tau=0.00e+00 cg_it=8 shift=0 ckpt=9 alpha=0 acc mv=663
PCG_PREP o=237 rebuild=1 drift=0 previous_depth=9
ATTR_RADIUS o=237 raw_norm=118.82215750620516 norm=118.82215750620516 radius=1612.676294814836 next_radius=1612.676294814836 lambda=0.00030696000172463487 next_lambda=0.00030696000172463487 rho=0.99912237902087808 accept=1
CLASSICAL_LM o=237 lambda=0.00030696000172463487 tau=0.00030696000172463487 prediction=4.7913409967718295 rho=0.99912237902087808 accept=1
  MFCG it 238 cost=2.507599e+05 lam=3.070e-04 tau=0.00e+00 cg_it=9 shift=0 ckpt=10 alpha=0 acc mv=674
PCG_PREP o=238 rebuild=1 drift=0 previous_depth=10
ATTR_RADIUS o=238 raw_norm=112.95944559262144 norm=112.95944559262144 radius=1612.676294814836 next_radius=1612.676294814836 lambda=0.00030696000172463487 next_lambda=0.00030696000172463487 rho=0.99955424249480174 accept=1
CLASSICAL_LM o=238 lambda=0.00030696000172463487 tau=0.00030696000172463487 prediction=4.3031792843733614 rho=0.99955424249480174 accept=1
  MFCG it 239 cost=2.507556e+05 lam=3.070e-04 tau=0.00e+00 cg_it=9 shift=0 ckpt=10 alpha=0 acc mv=685
PCG_PREP o=239 rebuild=1 drift=0 previous_depth=10
ATTR_RADIUS o=239 raw_norm=107.98912550620983 norm=107.98912550620983 radius=1612.676294814836 next_radius=1612.676294814836 lambda=0.00030696000172463487 next_lambda=0.00030696000172463487 rho=0.99998104598553239 accept=1
CLASSICAL_LM o=239 lambda=0.00030696000172463487 tau=0.00030696000172463487 prediction=3.9148096447539742 rho=0.99998104598553239 accept=1
  MFCG it 240 cost=2.507517e+05 lam=3.070e-04 tau=0.00e+00 cg_it=9 shift=0 ckpt=10 alpha=0 acc mv=696
PCG_PREP o=240 rebuild=1 drift=0 previous_depth=10
ATTR_RADIUS o=240 raw_norm=103.7063551007346 norm=103.7063551007346 radius=1612.676294814836 next_radius=1612.676294814836 lambda=0.00030696000172463487 next_lambda=0.00030696000172463487 rho=1.0003711410771845 accept=1
CLASSICAL_LM o=240 lambda=0.00030696000172463487 tau=0.00030696000172463487 prediction=3.5963529639126808 rho=1.0003711410771845 accept=1
  MFCG it 241 cost=2.507481e+05 lam=3.070e-04 tau=0.00e+00 cg_it=9 shift=0 ckpt=10 alpha=0 acc mv=707
PCG_PREP o=241 rebuild=1 drift=0 previous_depth=10
ATTR_RADIUS o=241 raw_norm=99.962834180725594 norm=99.962834180725594 radius=1612.676294814836 next_radius=1612.676294814836 lambda=0.00030696000172463487 next_lambda=0.00030696000172463487 rho=1.000725548159032 accept=1
CLASSICAL_LM o=241 lambda=0.00030696000172463487 tau=0.00030696000172463487 prediction=3.3293384873453631 rho=1.000725548159032 accept=1
  MFCG it 242 cost=2.507448e+05 lam=3.070e-04 tau=0.00e+00 cg_it=9 shift=0 ckpt=10 alpha=0 acc mv=718
PCG_PREP o=242 rebuild=1 drift=0 previous_depth=10
ATTR_RADIUS o=242 raw_norm=96.610024440154618 norm=96.610024440154618 radius=1612.676294814836 next_radius=1612.676294814836 lambda=0.00030696000172463487 next_lambda=0.00030696000172463487 rho=1.0010413335246797 accept=1
CLASSICAL_LM o=242 lambda=0.00030696000172463487 tau=0.00030696000172463487 prediction=3.100212979842349 rho=1.0010413335246797 accept=1
  MFCG it 243 cost=2.507417e+05 lam=3.070e-04 tau=0.00e+00 cg_it=9 shift=0 ckpt=10 alpha=0 acc mv=729
PCG_PREP o=243 rebuild=1 drift=0 previous_depth=10
ATTR_RADIUS o=243 raw_norm=93.593253826961899 norm=93.593253826961899 radius=1612.676294814836 next_radius=1612.676294814836 lambda=0.00030696000172463487 next_lambda=0.00030696000172463487 rho=1.0013250352407284 accept=1
CLASSICAL_LM o=243 lambda=0.00030696000172463487 tau=0.00030696000172463487 prediction=2.9012283252318216 rho=1.0013250352407284 accept=1
  MFCG it 244 cost=2.507388e+05 lam=3.070e-04 tau=0.00e+00 cg_it=9 shift=0 ckpt=10 alpha=0 acc mv=740
PCG_PREP o=244 rebuild=1 drift=0 previous_depth=10
ATTR_RADIUS o=244 raw_norm=90.848977880465441 norm=90.848977880465426 radius=1612.676294814836 next_radius=1612.676294814836 lambda=0.00030696000172463487 next_lambda=0.00030696000172463487 rho=1.0015786369126318 accept=1
CLASSICAL_LM o=244 lambda=0.00030696000172463487 tau=0.00030696000172463487 prediction=2.7261456601070435 rho=1.0015786369126318 accept=1
  MFCG it 245 cost=2.507360e+05 lam=3.070e-04 tau=0.00e+00 cg_it=9 shift=0 ckpt=10 alpha=0 acc mv=751
PCG_PREP o=245 rebuild=1 drift=0 previous_depth=10
ATTR_RADIUS o=245 raw_norm=88.328007954571277 norm=88.328007954571277 radius=1612.676294814836 next_radius=1612.676294814836 lambda=0.00030696000172463487 next_lambda=0.00030696000172463487 rho=1.0018041876458239 accept=1
CLASSICAL_LM o=245 lambda=0.00030696000172463487 tau=0.00030696000172463487 prediction=2.570368466156209 rho=1.0018041876458239 accept=1
  MFCG it 246 cost=2.507335e+05 lam=3.070e-04 tau=0.00e+00 cg_it=9 shift=0 ckpt=10 alpha=0 acc mv=762
PCG_PREP o=246 rebuild=1 drift=0 previous_depth=10
ATTR_RADIUS o=246 raw_norm=86.005513830620586 norm=86.005513830620572 radius=1612.676294814836 next_radius=1612.676294814836 lambda=0.00030696000172463487 next_lambda=0.00030696000172463487 rho=1.0020057796677921 accept=1
CLASSICAL_LM o=246 lambda=0.00030696000172463487 tau=0.00030696000172463487 prediction=2.4307950781295591 rho=1.0020057796677921 accept=1
  MFCG it 247 cost=2.507310e+05 lam=3.070e-04 tau=0.00e+00 cg_it=9 shift=0 ckpt=10 alpha=0 acc mv=773
PCG_PREP o=247 rebuild=1 drift=0 previous_depth=10
ATTR_RADIUS o=247 raw_norm=83.7273400588671 norm=83.7273400588671 radius=1612.676294814836 next_radius=1612.676294814836 lambda=0.00030696000172463487 next_lambda=0.00030696000172463487 rho=1.0023083477083317 accept=1
CLASSICAL_LM o=247 lambda=0.00030696000172463487 tau=0.00030696000172463487 prediction=2.2996342598855155 rho=1.0023083477083317 accept=1
  MFCG it 248 cost=2.507287e+05 lam=3.070e-04 tau=0.00e+00 cg_it=8 shift=0 ckpt=9 alpha=0 acc mv=783
PCG_PREP o=248 rebuild=1 drift=0 previous_depth=9
ATTR_RADIUS o=248 raw_norm=81.768968019533702 norm=81.768968019533702 radius=1612.676294814836 next_radius=1612.676294814836 lambda=0.00030696000172463487 next_lambda=0.00030696000172463487 rho=1.0024346973577423 accept=1
CLASSICAL_LM o=248 lambda=0.00030696000172463487 tau=0.00030696000172463487 prediction=2.1872165839770457 rho=1.0024346973577423 accept=1
  MFCG it 249 cost=2.507265e+05 lam=3.070e-04 tau=0.00e+00 cg_it=8 shift=0 ckpt=9 alpha=0 acc mv=793
PCG_PREP o=249 rebuild=1 drift=0 previous_depth=9
ATTR_RADIUS o=249 raw_norm=79.89102863601687 norm=79.89102863601687 radius=1612.676294814836 next_radius=1612.676294814836 lambda=0.00030696000172463487 next_lambda=0.00030696000172463487 rho=1.0025366269885911 accept=1
CLASSICAL_LM o=249 lambda=0.00030696000172463487 tau=0.00030696000172463487 prediction=2.0830840726960109 rho=1.0025366269885911 accept=1
  MFCG it 250 cost=2.507245e+05 lam=3.070e-04 tau=0.00e+00 cg_it=8 shift=0 ckpt=9 alpha=0 acc mv=803
PCG_PREP o=250 rebuild=1 drift=0 previous_depth=9
ATTR_RADIUS o=250 raw_norm=78.113834059178402 norm=78.113834059178387 radius=1612.676294814836 next_radius=1612.676294814836 lambda=0.00030696000172463487 next_lambda=0.00030696000172463487 rho=1.0026326099913709 accept=1
CLASSICAL_LM o=250 lambda=0.00030696000172463487 tau=0.00030696000172463487 prediction=1.9871428266262086 rho=1.0026326099913709 accept=1
  MFCG it 251 cost=2.507225e+05 lam=3.070e-04 tau=0.00e+00 cg_it=8 shift=0 ckpt=9 alpha=0 acc mv=813
PCG_PREP o=251 rebuild=1 drift=0 previous_depth=9
ATTR_RADIUS o=251 raw_norm=76.433377512527642 norm=76.433377512527642 radius=1612.676294814836 next_radius=1612.676294814836 lambda=0.00030696000172463487 next_lambda=0.00030696000172463487 rho=1.0027273189395134 accept=1
CLASSICAL_LM o=251 lambda=0.00030696000172463487 tau=0.00030696000172463487 prediction=1.8985271665812953 rho=1.0027273189395134 accept=1
  MFCG it 252 cost=2.507206e+05 lam=3.070e-04 tau=0.00e+00 cg_it=8 shift=0 ckpt=9 alpha=0 acc mv=823
PCG_PREP o=252 rebuild=1 drift=0 previous_depth=9
ATTR_RADIUS o=252 raw_norm=74.837857992150703 norm=74.837857992150703 radius=1612.676294814836 next_radius=1612.676294814836 lambda=0.00030696000172463487 next_lambda=0.00030696000172463487 rho=1.0028159458264889 accept=1
CLASSICAL_LM o=252 lambda=0.00030696000172463487 tau=0.00030696000172463487 prediction=1.8163844874339548 rho=1.0028159458264889 accept=1
  MFCG it 253 cost=2.507187e+05 lam=3.070e-04 tau=0.00e+00 cg_it=8 shift=0 ckpt=9 alpha=0 acc mv=833
PCG_PREP o=253 rebuild=1 drift=0 previous_depth=9
ATTR_RADIUS o=253 raw_norm=73.318881533808863 norm=73.318881533808863 radius=1612.676294814836 next_radius=1612.676294814836 lambda=0.00030696000172463487 next_lambda=0.00030696000172463487 rho=1.0028991318671399 accept=1
CLASSICAL_LM o=253 lambda=0.00030696000172463487 tau=0.00030696000172463487 prediction=1.7399893958834733 rho=1.0028991318671399 accept=1
  MFCG: converged (OCA_FTOL: 8 outers < 1.0e-05 rel)
  [menu-backtrack] confirming stop with original retry policy at outer 254
  MFCG it 254 cost=2.507170e+05 lam=3.070e-04 tau=0.00e+00 cg_it=8 shift=0 ckpt=9 alpha=0 acc mv=843
PCG_PREP o=254 rebuild=1 drift=0 previous_depth=9
ATTR_RADIUS o=254 raw_norm=71.872617365362615 norm=71.872617365362615 radius=1612.676294814836 next_radius=1612.676294814836 lambda=0.00030696000172463487 next_lambda=0.00030696000172463487 rho=1.002977403221351 accept=1
CLASSICAL_LM o=254 lambda=0.00030696000172463487 tau=0.00030696000172463487 prediction=1.6688142233889263 rho=1.002977403221351 accept=1
  MFCG it 255 cost=2.507153e+05 lam=3.070e-04 tau=0.00e+00 cg_it=8 shift=0 ckpt=9 alpha=0 acc mv=853
PCG_PREP o=255 rebuild=1 drift=0 previous_depth=9
ATTR_RADIUS o=255 raw_norm=70.426737119021794 norm=70.426737119021809 radius=1612.676294814836 next_radius=1612.676294814836 lambda=0.00030696000172463487 next_lambda=0.00030696000172463487 rho=1.0030885483454319 accept=1
CLASSICAL_LM o=255 lambda=0.00030696000172463487 tau=0.00030696000172463487 prediction=1.5998377024184403 rho=1.0030885483454319 accept=1
  MFCG it 256 cost=2.507137e+05 lam=3.070e-04 tau=0.00e+00 cg_it=7 shift=0 ckpt=8 alpha=0 acc mv=862
PCG_PREP o=256 rebuild=1 drift=0 previous_depth=8
ATTR_RADIUS o=256 raw_norm=69.057417904082314 norm=69.057417904082314 radius=1612.676294814836 next_radius=1612.676294814836 lambda=0.00030696000172463487 next_lambda=0.00030696000172463487 rho=1.003136796580653 accept=1
CLASSICAL_LM o=256 lambda=0.00030696000172463487 tau=0.00030696000172463487 prediction=1.5356195148897727 rho=1.003136796580653 accept=1
  MFCG it 257 cost=2.507122e+05 lam=3.070e-04 tau=0.00e+00 cg_it=6 shift=0 ckpt=7 alpha=0 acc mv=870
PCG_PREP o=257 [R9] wrote /tmp/prism-ba-coarse/research/champion_point_followup/evidence/screen/venice-52-loose-0/curve.csv
rebuild=1 drift=0 previous_depth=7
ATTR_RADIUS o=257 raw_norm=67.844417044543377 norm=67.844417044543377 radius=1612.676294814836 next_radius=1612.676294814836 lambda=0.00030696000172463487 next_lambda=0.00030696000172463487 rho=1.0031742233642265 accept=1
CLASSICAL_LM o=257 lambda=0.00030696000172463487 tau=0.00030696000172463487 prediction=1.4790826764814999 rho=1.0031742233642265 accept=1
  MFCG it 258 cost=2.507107e+05 lam=3.070e-04 tau=0.00e+00 cg_it=6 shift=0 ckpt=7 alpha=0 acc mv=878
PCG_PREP o=258 rebuild=1 drift=0 previous_depth=7
ATTR_RADIUS o=258 raw_norm=66.638041288467718 norm=66.638041288467718 radius=1612.676294814836 next_radius=1612.676294814836 lambda=0.00030696000172463487 next_lambda=0.00030696000172463487 rho=1.0032237669291995 accept=1
CLASSICAL_LM o=258 lambda=0.00030696000172463487 tau=0.00030696000172463487 prediction=1.4247946424801694 rho=1.0032237669291995 accept=1
  MFCG it 259 cost=2.507093e+05 lam=3.070e-04 tau=0.00e+00 cg_it=6 shift=0 ckpt=7 alpha=0 acc mv=886
PCG_PREP o=259 rebuild=1 drift=0 previous_depth=7
ATTR_RADIUS o=259 raw_norm=65.474486023924868 norm=65.474486023924868 radius=1612.676294814836 next_radius=1612.676294814836 lambda=0.00030696000172463487 next_lambda=0.00030696000172463487 rho=1.0032705611001349 accept=1
CLASSICAL_LM o=259 lambda=0.00030696000172463487 tau=0.00030696000172463487 prediction=1.3734450514516161 rho=1.0032705611001349 accept=1
  MFCG it 260 cost=2.507079e+05 lam=3.070e-04 tau=0.00e+00 cg_it=6 shift=0 ckpt=7 alpha=0 acc mv=894
PCG_PREP o=260 rebuild=1 drift=0 previous_depth=7
ATTR_RADIUS o=260 raw_norm=64.351821253941438 norm=64.351821253941438 radius=1612.676294814836 next_radius=1612.676294814836 lambda=0.00030696000172463487 next_lambda=0.00030696000172463487 rho=1.0033158338826624 accept=1
CLASSICAL_LM o=260 lambda=0.00030696000172463487 tau=0.00030696000172463487 prediction=1.3248328736576116 rho=1.0033158338826624 accept=1
  MFCG it 261 cost=2.507065e+05 lam=3.070e-04 tau=0.00e+00 cg_it=6 shift=0 ckpt=7 alpha=0 acc mv=902
PCG_PREP o=261 rebuild=1 drift=0 previous_depth=7
ATTR_RADIUS o=261 raw_norm=63.265085146722711 norm=63.265085146722711 radius=1612.676294814836 next_radius=1612.676294814836 lambda=0.00030696000172463487 next_lambda=0.00030696000172463487 rho=1.0033561442578369 accept=1
CLASSICAL_LM o=261 lambda=0.00030696000172463487 tau=0.00030696000172463487 prediction=1.2787331705496117 rho=1.0033561442578369 accept=1
  MFCG: converged (OCA_FTOL: 8 outers < 1.0e-05 rel)
  MFCG: accepts=262 rejects=1 total_matvecs=910 negcurv=2 cand_evals=263 mean_cg_per_outer=3.5
NUMERIC_REPAIR summary rebuilds=2 floor=0.00030696000172463487
  [retry-cache] builds=265 reuses=0
  [menu-backtrack] trials=36 rescues=36 evals=102 total_scored=365
POINT_SAFE summary calls=36 evals=36 wins=3 frozen=21127 seconds=0.086708177
  [scoring] menu_evals=263 alpha_evals=0 backtrack_evals=102 total_scored=365
RESULT algo=mfree_shifted_cg iters=262 final_cost=250705.2654364809 solve_seconds=2.830274
DIAGNOSTICS median_reproj_err_px 3.252455 -> 0.366028 | cheirality_violations(obs) 0 -> 10 | cheirality_violations(pts, of 64053) 0 -> 5
