  [menu-backtrack] active=1 max_evals=8 warmup_accepts=3 confirm_stop=original armijo=1e-4
MIXED_STORAGE fragments=fp32 arithmetic=fp64 state=fp64 acceptance=fp64
  [compact-fragments] active=2 saved_bytes=36105992 storage=fp32 camera_reads=contiguous
  MFCG score_init=11152062.772762472 precision=fp64
PCG_PREP o=0 rebuild=1 drift=0 previous_depth=0
E2_CAP o=0 retry=0 touched=0 ncam=52 raw=3104.2454053620122 capped=3104.2454053620127 radius=3104.2454053620118 median=305.60028916264412 global_scale=0.99999999999999967
ATTR_RADIUS o=0 raw_norm=3104.2454053620118 norm=3104.2454053620122 radius=3104.2454053620118 next_radius=6208.4908107240235 lambda=0.10000000000000001 next_lambda=0.025000000000000001 rho=0.99944779658081817 accept=1
CLASSICAL_LM o=0 lambda=0.10000000000000001 tau=0.10000000000000001 prediction=9052081.1126991659 rho=0.99944779658081817 accept=1
  MFCG it   1 cost=2.104980e+06 lam=2.500e-02 tau=0.00e+00 cg_it=1 shift=0 ckpt=2 alpha=0 acc mv=3
PCG_PREP o=1 rebuild=1 drift=0 previous_depth=2
E2_CAP o=1 retry=0 touched=0 ncam=52 raw=2686.2777543536636 capped=2686.2777543536631 radius=6208.4908107240235 median=293.75150289345731 global_scale=1
ATTR_RADIUS o=1 raw_norm=2686.2777543536631 norm=2686.2777543536631 radius=6208.4908107240235 next_radius=6208.4908107240235 lambda=0.025000000000000001 next_lambda=0.0025000000000000005 rho=0.99597070930090659 accept=1
CLASSICAL_LM o=1 lambda=0.025000000000000001 tau=0.025000000000000001 prediction=601031.65669434902 rho=0.99597070930090659 accept=1
  MFCG it   2 cost=1.506370e+06 lam=2.500e-03 tau=0.00e+00 cg_it=4 shift=0 ckpt=5 alpha=0 acc mv=9
PCG_PREP o=2 rebuild=1 drift=0 previous_depth=5
E2_CAP o=2 retry=0 touched=0 ncam=52 raw=9513.8794072606779 capped=9513.8794072606797 radius=6208.4908107240235 median=1108.8371222287969 global_scale=0.65257194725275869
ATTR_RADIUS o=2 raw_norm=9513.8794072606779 norm=6208.4908107240217 radius=6208.4908107240235 next_radius=12416.981621448047 lambda=0.0025000000000000005 next_lambda=0.00062500000000000012 rho=0.99777985463318974 accept=1
CLASSICAL_LM o=2 lambda=0.0025000000000000005 tau=0.0025000000000000005 prediction=369838.51979425165 rho=0.99777985463318974 accept=1
  MFCG it   3 cost=1.137353e+06 lam=6.250e-04 tau=0.00e+00 cg_it=4 shift=0 ckpt=5 alpha=0 acc mv=15
PCG_PREP o=3 rebuild=1 drift=0 previous_depth=5
E2_CAP o=3 retry=0 touched=0 ncam=52 raw=20693.845795650996 capped=20693.845795650992 radius=12416.981621448047 median=2214.0335559017085 global_scale=0.60003257703107049
ATTR_RADIUS o=3 raw_norm=20693.845795650996 norm=12416.981621448051 radius=12416.981621448047 next_radius=24833.963242896094 lambda=0.00062500000000000012 next_lambda=0.00015625000000000003 rho=1.0088156012904888 accept=1
CLASSICAL_LM o=3 lambda=0.00062500000000000012 tau=0.00062500000000000012 prediction=297952.58286675788 rho=1.0088156012904888 accept=1
  MFCG it   4 cost=8.367737e+05 lam=1.563e-04 tau=0.00e+00 cg_it=4 shift=0 ckpt=5 alpha=0 acc mv=21
PCG_PREP o=4 rebuild=1 drift=0 previous_depth=5
E2_CAP o=4 retry=0 touched=0 ncam=52 raw=37360.510449920563 capped=37360.51044992057 radius=24833.963242896094 median=4011.7874761816101 global_scale=0.66471156158812306
ATTR_RADIUS o=4 raw_norm=37360.510449920563 norm=24833.963242896083 radius=24833.963242896094 next_radius=49667.926485792188 lambda=0.00015625000000000003 next_lambda=3.9062500000000008e-05 rho=0.99300157956837787 accept=1
CLASSICAL_LM o=4 lambda=0.00015625000000000003 tau=0.00015625000000000003 prediction=325213.55048089928 rho=0.99300157956837787 accept=1
  MFCG it   5 cost=5.138361e+05 lam=3.906e-05 tau=0.00e+00 cg_it=7 shift=0 ckpt=8 alpha=0 acc mv=30
PCG_PREP o=5 rebuild=1 drift=0 previous_depth=8
E2_CAP o=5 retry=0 touched=0 ncam=52 raw=39473.199468863779 capped=39473.199468863779 radius=49667.926485792188 median=3440.2980466045483 global_scale=1
POINT_SAFE o=5 frozen=1976 slope=-351393.47848209983 candidate=362085.23722146871 original=379875.09060984082 current=513836.11689086223 won=1 mode=1 camera_scale=1 keep_scale=0
ATTR_RADIUS o=5 raw_norm=39473.199468863779 norm=39473.199468863779 radius=49667.926485792188 next_radius=49667.926485792188 lambda=3.9062500000000008e-05 next_lambda=3.9062500000000009e-06 rho=0.76599202699957303 accept=1
CLASSICAL_LM o=5 lambda=3.9062500000000008e-05 tau=3.9062500000000008e-05 prediction=198110.26005558949 rho=0.76599202699957303 accept=1
  MFCG it   6 cost=3.620852e+05 lam=3.906e-06 tau=0.00e+00 cg_it=7 shift=0 ckpt=8 alpha=0 acc mv=39
PCG_PREP o=6 rebuild=1 drift=0 previous_depth=8
E2_CAP o=6 retry=0 touched=1 ncam=52 raw=9210.3140674971819 capped=6325.8601691493041 radius=49667.926485792188 median=160.49299067017074 global_scale=1
POINT_SAFE o=6 frozen=32 slope=-155292.50476621487 candidate=290798.31700848823 original=313135.84833399003 current=362085.23722146871 won=1 mode=1 camera_scale=1 keep_scale=0
ATTR_RADIUS o=6 raw_norm=9210.3140674971801 norm=6325.8601691493041 radius=49667.926485792188 next_radius=49667.926485792188 lambda=3.9062500000000009e-06 next_lambda=3.9062500000000012e-07 rho=0.91920885505033323 accept=1
CLASSICAL_LM o=6 lambda=3.9062500000000009e-06 tau=3.9062500000000009e-06 prediction=77552.473326725085 rho=0.91920885505033323 accept=1
  MFCG it   7 cost=2.907983e+05 lam=3.906e-07 tau=0.00e+00 cg_it=0 shift=0 ckpt=1 alpha=0 acc mv=41
PCG_PREP o=7 rebuild=1 drift=0 previous_depth=1
E2_CAP o=7 retry=0 touched=2 ncam=52 raw=54671.590909282473 capped=25100.851051878246 radius=49667.926485792188 median=559.54206822017841 global_scale=1
POINT_SAFE o=7 frozen=143 slope=-39948.398966005945 candidate=295329.60146928247 original=284749.31670360419 current=290798.31700848823 won=0 mode=1 camera_scale=1 keep_scale=0
ATTR_RADIUS o=7 raw_norm=54671.590909282466 norm=12550.425525939127 radius=49667.926485792188 next_radius=49667.926485792188 lambda=3.9062500000000012e-07 next_lambda=3.9062500000000016e-08 rho=0.29376150494932995 accept=1
CLASSICAL_LM o=7 lambda=3.9062500000000012e-07 tau=3.9062500000000012e-07 prediction=20591.534979804172 rho=0.29376150494932995 accept=1
  MFCG it   8 cost=2.847493e+05 lam=3.906e-08 tau=0.00e+00 cg_it=5 shift=0 ckpt=6 alpha=0 acc mv=48
PCG_PREP o=8 rebuild=1 drift=0 previous_depth=6
E2_CAP o=8 retry=0 touched=2 ncam=52 raw=43466.220811120169 capped=9136.2360005069131 radius=49667.926485792188 median=200.19871654060324 global_scale=1
POINT_SAFE o=8 frozen=57 slope=-39173.464670636342 candidate=274934.01695188496 original=275644.74989650905 current=284749.31670360419 won=1 mode=1 camera_scale=1 keep_scale=0
ATTR_RADIUS o=8 raw_norm=43466.220811120169 norm=9136.2360005069131 radius=49667.926485792188 next_radius=49667.926485792188 lambda=3.9062500000000016e-08 next_lambda=3.9062500000000015e-09 rho=0.53700775480074781 accept=1
CLASSICAL_LM o=8 lambda=3.9062500000000016e-08 tau=3.9062500000000016e-08 prediction=18277.761659812735 rho=0.53700775480074781 accept=1
  MFCG it   9 cost=2.749340e+05 lam=3.906e-09 tau=0.00e+00 cg_it=1 shift=0 ckpt=2 alpha=0 acc mv=51
PCG_PREP o=9 rebuild=1 drift=0 previous_depth=2
E2_CAP o=9 retry=0 touched=2 ncam=52 raw=12232.734058801603 capped=1782.9534758998279 radius=49667.926485792188 median=38.277403330914815 global_scale=1
POINT_SAFE o=9 frozen=25 slope=-17150.525539167036 candidate=272800.4544218962 original=273560.00029013713 current=274934.01695188496 won=1 mode=1 camera_scale=1 keep_scale=0
ATTR_RADIUS o=9 raw_norm=12232.7340588016 norm=1782.9534758998277 radius=49667.926485792188 next_radius=49667.926485792188 lambda=3.9062500000000015e-09 next_lambda=3.9062500000000019e-10 rho=0.25077050874027551 accept=1
CLASSICAL_LM o=9 lambda=3.9062500000000015e-09 tau=3.9062500000000015e-09 prediction=8508.0280799625634 rho=0.25077050874027551 accept=1
  MFCG it  10 cost=2.728005e+05 lam=3.906e-10 tau=0.00e+00 cg_it=0 shift=0 ckpt=1 alpha=0 acc mv=53
PCG_PREP o=10 rebuild=1 drift=0 previous_depth=1
E2_CAP o=10 retry=0 touched=2 ncam=52 raw=13287.482465926016 capped=1357.8901850859554 radius=49667.926485792188 median=29.440961387514456 global_scale=1
POINT_SAFE o=10 frozen=50 slope=-8454.8763153674081 candidate=272750.52300303924 original=272405.31680939993 current=272800.4544218962 won=0 mode=1 camera_scale=1 keep_scale=0
ATTR_RADIUS o=10 raw_norm=13287.482465926018 norm=1357.8901850859554 radius=49667.926485792188 next_radius=12416.981621448047 lambda=3.9062500000000019e-10 next_lambda=6.250000000000003e-09 rho=0.059884367319375874 accept=0
CLASSICAL_LM o=10 lambda=3.9062500000000019e-10 tau=3.9062500000000019e-10 prediction=6598.3432769510318 rho=0.059884367319375874 accept=0
  MFCG it  11  retry 1/8  lam=6.250e-09 tau_eff=3.906e-10  (assembly reused)
PCG_PREP o=10 rebuild=1 drift=0 previous_depth=1
E2_CAP o=10 retry=1 touched=2 ncam=52 raw=13266.874041353531 capped=1354.7034172461194 radius=12416.981621448047 median=29.4038816350985 global_scale=1
POINT_SAFE o=10 frozen=49 slope=-8462.7425473837739 candidate=272230.85592567379 original=272139.69044828083 current=272800.4544218962 won=0 mode=1 camera_scale=1 keep_scale=0
ATTR_RADIUS o=10 raw_norm=13266.874041353531 norm=338.67585431152986 radius=12416.981621448047 next_radius=3104.2454053620118 lambda=6.250000000000003e-09 next_lambda=1.0000000000000005e-07 rho=0.10047736057049457 accept=1
CLASSICAL_LM o=10 lambda=6.250000000000003e-09 tau=6.250000000000003e-09 prediction=6576.2473244087196 rho=0.10047736057049457 accept=1
  MFCG it  11 cost=2.721397e+05 lam=1.000e-07 tau=0.00e+00 cg_it=0 shift=0 ckpt=1 alpha=0 acc mv=57
PCG_PREP o=11 rebuild=1 drift=0 previous_depth=1
E2_CAP o=11 retry=0 touched=2 ncam=52 raw=13106.778843385187 capped=1319.0133082738018 radius=3104.2454053620118 median=25.474486292018767 global_scale=1
ATTR_RADIUS o=11 raw_norm=13106.778843385189 norm=1319.0133082738014 radius=3104.2454053620118 next_radius=3104.2454053620118 lambda=1.0000000000000005e-07 next_lambda=1.0000000000000005e-08 rho=0.4006801419823447 accept=1
CLASSICAL_LM o=11 lambda=1.0000000000000005e-07 tau=1.0000000000000005e-07 prediction=10874.76931675846 rho=0.4006801419823447 accept=1
  MFCG it  12 cost=2.677824e+05 lam=1.000e-08 tau=0.00e+00 cg_it=0 shift=0 ckpt=1 alpha=0 acc mv=59
PCG_PREP o=12 rebuild=1 drift=0 previous_depth=1
E2_CAP o=12 retry=0 touched=2 ncam=52 raw=53154.716319203733 capped=2942.0699086639233 radius=3104.2454053620118 median=63.15621605404386 global_scale=1
ATTR_RADIUS o=12 raw_norm=53154.716319203726 norm=2942.0699086639233 radius=3104.2454053620118 next_radius=3104.2454053620118 lambda=1.0000000000000005e-08 next_lambda=1.0000000000000005e-08 rho=0.42106177407096507 accept=1
CLASSICAL_LM o=12 lambda=1.0000000000000005e-08 tau=1.0000000000000005e-08 prediction=5989.5864011081903 rho=0.42106177407096507 accept=1
  MFCG it  13 cost=2.652604e+05 lam=1.000e-08 tau=0.00e+00 cg_it=1 shift=0 ckpt=2 alpha=0 acc mv=62
PCG_PREP o=13 rebuild=1 drift=0 previous_depth=2
E2_CAP o=13 retry=0 touched=2 ncam=52 raw=54131.572986873536 capped=2273.7079683791412 radius=3104.2454053620118 median=50.191189226664363 global_scale=1
ATTR_RADIUS o=13 raw_norm=54131.572986873536 norm=2273.7079683791417 radius=3104.2454053620118 next_radius=3104.2454053620118 lambda=1.0000000000000005e-08 next_lambda=1.0000000000000005e-09 rho=0.66540126840543834 accept=1
CLASSICAL_LM o=13 lambda=1.0000000000000005e-08 tau=1.0000000000000005e-08 prediction=3781.0194908399694 rho=0.66540126840543834 accept=1
  MFCG it  14 cost=2.627445e+05 lam=1.000e-09 tau=0.00e+00 cg_it=1 shift=0 ckpt=2 alpha=0 acc mv=65
PCG_PREP o=14 rebuild=1 drift=0 previous_depth=2
E2_CAP o=14 retry=0 touched=2 ncam=52 raw=55610.200234466873 capped=1578.843722609656 radius=3104.2454053620118 median=34.482908968196156 global_scale=1
ATTR_RADIUS o=14 raw_norm=55610.20023446688 norm=1578.8437226096562 radius=3104.2454053620118 next_radius=776.06135134050294 lambda=1.0000000000000005e-09 next_lambda=1.6000000000000008e-08 rho=0.22169335249935193 accept=1
CLASSICAL_LM o=14 lambda=1.0000000000000005e-09 tau=1.0000000000000005e-09 prediction=1418.4149879018225 rho=0.22169335249935193 accept=1
  MFCG it  15 cost=2.624301e+05 lam=1.600e-08 tau=0.00e+00 cg_it=1 shift=0 ckpt=2 alpha=0 acc mv=68
PCG_PREP o=15 rebuild=1 drift=0 previous_depth=2
E2_CAP o=15 retry=0 touched=2 ncam=52 raw=55563.930552411912 capped=1655.7242168970079 radius=776.06135134050294 median=37.197972037431754 global_scale=0.46871413936006762
ATTR_RADIUS o=15 raw_norm=55563.930552411905 norm=776.06135134050305 radius=776.06135134050294 next_radius=1552.1227026810059 lambda=1.6000000000000008e-08 next_lambda=4.0000000000000019e-09 rho=0.82047469413057439 accept=1
CLASSICAL_LM o=15 lambda=1.6000000000000008e-08 tau=1.6000000000000008e-08 prediction=1312.3732862247191 rho=0.82047469413057439 accept=1
  MFCG it  16 cost=2.613533e+05 lam=4.000e-09 tau=0.00e+00 cg_it=1 shift=0 ckpt=2 alpha=0 acc mv=71
PCG_PREP o=16 rebuild=1 drift=0 previous_depth=2
E2_CAP o=16 retry=0 touched=2 ncam=52 raw=57062.175836877599 capped=1024.5485448765342 radius=1552.1227026810059 median=23.233794826963365 global_scale=1
ATTR_RADIUS o=16 raw_norm=57062.175836877599 norm=1024.5485448765339 radius=1552.1227026810059 next_radius=1552.1227026810059 lambda=4.0000000000000019e-09 next_lambda=4.0000000000000022e-10 rho=0.6796054356386122 accept=1
CLASSICAL_LM o=16 lambda=4.0000000000000019e-09 tau=4.0000000000000019e-09 prediction=454.40332010369752 rho=0.6796054356386122 accept=1
  MFCG it  17 cost=2.610445e+05 lam=4.000e-10 tau=0.00e+00 cg_it=1 shift=0 ckpt=2 alpha=0 acc mv=74
PCG_PREP o=17 rebuild=1 drift=0 previous_depth=2
E2_CAP o=17 retry=0 touched=2 ncam=52 raw=57687.774037614327 capped=940.7983272262511 radius=1552.1227026810059 median=21.338122608985312 global_scale=1
ATTR_RADIUS o=17 raw_norm=57687.774037614348 norm=940.79832722625099 radius=1552.1227026810059 next_radius=1552.1227026810059 lambda=4.0000000000000022e-10 next_lambda=4.0000000000000023e-11 rho=0.90893974841956438 accept=1
CLASSICAL_LM o=17 lambda=4.0000000000000022e-10 tau=4.0000000000000022e-10 prediction=318.95822808751808 rho=0.90893974841956438 accept=1
  MFCG it  18 cost=2.607546e+05 lam=4.000e-11 tau=0.00e+00 cg_it=1 shift=0 ckpt=2 alpha=0 acc mv=77
PCG_PREP o=18 rebuild=1 drift=0 previous_depth=2
E2_CAP o=18 retry=0 touched=2 ncam=52 raw=57892.831596834541 capped=622.31179840541972 radius=1552.1227026810059 median=13.605087823436158 global_scale=1
POINT_SAFE o=18 frozen=8 slope=-205.67545862363571 candidate=260642.61052389504 original=260690.93662860821 current=260754.55427093169 won=1 mode=1 camera_scale=1 keep_scale=0
ATTR_RADIUS o=18 raw_norm=57892.831596834563 norm=622.31179840541972 radius=1552.1227026810059 next_radius=1552.1227026810059 lambda=4.0000000000000023e-11 next_lambda=4.0000000000000023e-12 rho=0.8306250804838724 accept=1
CLASSICAL_LM o=18 lambda=4.0000000000000023e-11 tau=4.0000000000000023e-11 prediction=134.77048751217828 rho=0.8306250804838724 accept=1
  MFCG it  19 cost=2.606426e+05 lam=4.000e-12 tau=0.00e+00 cg_it=1 shift=0 ckpt=2 alpha=0 acc mv=80
PCG_PREP o=19 rebuild=1 drift=0 previous_depth=2
E2_CAP o=19 retry=0 touched=2 ncam=52 raw=58017.30081948483 capped=473.83002364943081 radius=1552.1227026810059 median=10.555587565170086 global_scale=1
POINT_SAFE o=19 frozen=15 slope=-151.12062541381948 candidate=260537.84470420258 original=260632.84775592491 current=260642.61052389504 won=1 mode=1 camera_scale=1 keep_scale=0
ATTR_RADIUS o=19 raw_norm=58017.30081948483 norm=473.83002364943076 radius=1552.1227026810059 next_radius=1552.1227026810059 lambda=4.0000000000000023e-12 next_lambda=4.0000000000000026e-13 rho=0.8753251233578947 accept=1
CLASSICAL_LM o=19 lambda=4.0000000000000023e-12 tau=4.0000000000000023e-12 prediction=119.68789298604959 rho=0.8753251233578947 accept=1
  MFCG it  20 cost=2.605378e+05 lam=4.000e-13 tau=0.00e+00 cg_it=1 shift=0 ckpt=2 alpha=0 acc mv=83
PCG_PREP o=20 rebuild=1 drift=0 previous_depth=2
E2_CAP o=20 retry=0 touched=2 ncam=52 raw=58159.420434007232 capped=389.45806169414232 radius=1552.1227026810059 median=8.6991826620544934 global_scale=1
POINT_SAFE o=20 frozen=37 slope=-111.32214898561129 candidate=260471.84130312817 original=260513.50330778118 current=260537.84470420258 won=1 mode=1 camera_scale=1 keep_scale=0
ATTR_RADIUS o=20 raw_norm=58159.420434007239 norm=389.45806169414237 radius=1552.1227026810059 next_radius=1552.1227026810059 lambda=4.0000000000000026e-13 next_lambda=4.0000000000000032e-14 rho=0.80067282490337532 accept=1
CLASSICAL_LM o=20 lambda=4.0000000000000026e-13 tau=4.0000000000000026e-13 prediction=82.434921008313509 rho=0.80067282490337532 accept=1
  MFCG it  21 cost=2.604718e+05 lam=4.000e-14 tau=0.00e+00 cg_it=1 shift=0 ckpt=2 alpha=0 acc mv=86
PCG_PREP o=21 rebuild=1 drift=0 previous_depth=2
E2_CAP o=21 retry=0 touched=2 ncam=52 raw=58264.021171660417 capped=372.59921802037155 radius=1552.1227026810059 median=8.2544731351664069 global_scale=1
POINT_SAFE o=21 frozen=47 slope=-102.63882634423655 candidate=260414.64710852795 original=260401.78254057633 current=260471.84130312817 won=0 mode=1 camera_scale=1 keep_scale=0
ATTR_RADIUS o=21 raw_norm=58264.021171660417 norm=93.149804505092902 radius=1552.1227026810059 next_radius=1552.1227026810059 lambda=4.0000000000000032e-14 next_lambda=4.0000000000000035e-15 rho=1.1662833868145008 accept=1
CLASSICAL_LM o=21 lambda=4.0000000000000032e-14 tau=4.0000000000000032e-14 prediction=60.070102467284187 rho=1.1662833868145008 accept=1
  MFCG it  22 cost=2.604018e+05 lam=4.000e-15 tau=0.00e+00 cg_it=1 shift=0 ckpt=2 alpha=0 acc mv=89
PCG_PREP o=22 rebuild=1 drift=0 previous_depth=2
E2_CAP o=22 retry=0 touched=2 ncam=52 raw=58336.801079141835 capped=272.80195665030993 radius=1552.1227026810059 median=6.1312291726134927 global_scale=1
POINT_SAFE o=22 frozen=8 slope=-81.185740742690342 candidate=260361.44216745559 original=260361.61547440404 current=260401.78254057633 won=1 mode=1 camera_scale=1 keep_scale=0
ATTR_RADIUS o=22 raw_norm=58336.801079141842 norm=272.80195665030982 radius=1552.1227026810059 next_radius=1552.1227026810059 lambda=4.0000000000000035e-15 next_lambda=4.0000000000000039e-16 rho=0.68318746899955762 accept=1
CLASSICAL_LM o=22 lambda=4.0000000000000035e-15 tau=4.0000000000000035e-15 prediction=59.047296607781391 rho=0.68318746899955762 accept=1
  MFCG it  23 cost=2.603614e+05 lam=4.000e-16 tau=0.00e+00 cg_it=1 shift=0 ckpt=2 alpha=0 acc mv=92
PCG_PREP o=23 rebuild=1 drift=0 previous_depth=2
E2_CAP o=23 retry=0 touched=2 ncam=52 raw=58381.985512265033 capped=260.27695316353447 radius=1552.1227026810059 median=5.8486047119564617 global_scale=1
POINT_SAFE o=23 frozen=37 slope=-73.73930838444484 candidate=260304.37900154642 original=260311.47812684212 current=260361.44216745559 won=1 mode=1 camera_scale=1 keep_scale=0
ATTR_RADIUS o=23 raw_norm=58381.985512265033 norm=260.27695316353447 radius=1552.1227026810059 next_radius=1552.1227026810059 lambda=4.0000000000000039e-16 next_lambda=9.9999999999999998e-17 rho=0.93674590983331252 accept=1
CLASSICAL_LM o=23 lambda=4.0000000000000039e-16 tau=4.0000000000000039e-16 prediction=60.916375839130303 rho=0.93674590983331252 accept=1
  MFCG it  24 cost=2.603044e+05 lam=1.000e-16 tau=0.00e+00 cg_it=1 shift=0 ckpt=2 alpha=0 acc mv=95
PCG_PREP o=24 rebuild=1 drift=0 previous_depth=2
E2_CAP o=24 retry=0 touched=2 ncam=52 raw=58404.833839727929 capped=269.6536600004037 radius=1552.1227026810059 median=5.3231763521508668 global_scale=1
POINT_SAFE o=24 frozen=43 slope=-19.094366374546908 candidate=260393.74544195298 original=260293.62107541936 current=260304.37900154642 won=0 mode=1 camera_scale=1 keep_scale=0
ATTR_RADIUS o=24 raw_norm=58404.833839727922 norm=134.82683000020191 radius=1552.1227026810059 next_radius=1552.1227026810059 lambda=9.9999999999999998e-17 next_lambda=9.9999999999999998e-17 rho=0.43203608810933286 accept=1
CLASSICAL_LM o=24 lambda=9.9999999999999998e-17 tau=9.9999999999999998e-17 prediction=24.900526653079055 rho=0.43203608810933286 accept=1
  MFCG it  25 cost=2.602936e+05 lam=1.000e-16 tau=0.00e+00 cg_it=1 shift=0 ckpt=2 alpha=0 acc mv=98
PCG_PREP o=25 rebuild=1 drift=0 previous_depth=2
E2_CAP o=25 retry=0 touched=3 ncam=52 raw=61161.081451586833 capped=409.446228024726 radius=1552.1227026810059 median=7.7067747111441873 global_scale=1
ATTR_RADIUS o=25 raw_norm=61161.081451586841 norm=0 radius=1552.1227026810059 next_radius=388.03067567025147 lambda=9.9999999999999998e-17 next_lambda=1.6e-15 rho=-1 accept=0
CLASSICAL_LM o=25 lambda=9.9999999999999998e-17 tau=9.9999999999999998e-17 prediction=-268.69692004875873 rho=-1 accept=0
  MFCG it  26  retry 1/8  lam=1.600e-15 tau_eff=1.000e-16  (assembly reused)
PCG_PREP o=25 rebuild=1 drift=0 previous_depth=2
E2_CAP o=25 retry=1 touched=2 ncam=52 raw=58474.334847380072 capped=330.45529566895749 radius=388.03067567025147 median=7.2574490476407068 global_scale=1
ATTR_RADIUS o=25 raw_norm=58474.334847380072 norm=330.45529566895749 radius=388.03067567025147 next_radius=388.03067567025147 lambda=1.6e-15 next_lambda=1.6e-15 rho=0.61871360078509874 accept=1
CLASSICAL_LM o=25 lambda=1.6e-15 tau=1.6e-15 prediction=120.70424378839762 rho=0.61871360078509874 accept=1
  MFCG it  26 cost=2.602189e+05 lam=1.600e-15 tau=0.00e+00 cg_it=1 shift=0 ckpt=2 alpha=0 acc mv=104
PCG_PREP o=26 rebuild=1 drift=0 previous_depth=2
E2_CAP o=26 retry=0 touched=2 ncam=52 raw=58596.749475324934 capped=238.0374153091187 radius=388.03067567025147 median=4.9026956010588876 global_scale=1
ATTR_RADIUS o=26 raw_norm=58596.749475324927 norm=238.03741530911876 radius=388.03067567025147 next_radius=388.03067567025147 lambda=1.6e-15 next_lambda=1.6000000000000001e-16 rho=0.47809311645935682 accept=1
CLASSICAL_LM o=26 lambda=1.6e-15 tau=1.6e-15 prediction=82.789749679488679 rho=0.47809311645935682 accept=1
  MFCG it  27 cost=2.601794e+05 lam=1.600e-16 tau=0.00e+00 cg_it=1 shift=0 ckpt=2 alpha=0 acc mv=107
PCG_PREP o=27 rebuild=1 drift=0 previous_depth=2
E2_CAP o=27 retry=0 touched=3 ncam=52 raw=59085.584314855631 capped=299.15406869885737 radius=388.03067567025147 median=5.4735205476221651 global_scale=1
POINT_SAFE o=27 frozen=26 slope=-66.073315850591698 candidate=260188.26595939975 original=260176.2369964736 current=260179.35850867984 won=0 mode=1 camera_scale=1 keep_scale=0
ATTR_RADIUS o=27 raw_norm=59085.584314855631 norm=149.57703434942863 radius=388.03067567025147 next_radius=97.007668917562867 lambda=1.6000000000000001e-16 next_lambda=2.5600000000000002e-15 rho=0.1518205409087007 accept=1
CLASSICAL_LM o=27 lambda=1.6000000000000001e-16 tau=1.6000000000000001e-16 prediction=20.560539354943742 rho=0.1518205409087007 accept=1
  MFCG it  28 cost=2.601762e+05 lam=2.560e-15 tau=0.00e+00 cg_it=1 shift=0 ckpt=2 alpha=0 acc mv=110
PCG_PREP o=28 rebuild=1 drift=0 previous_depth=2
E2_CAP o=28 retry=0 touched=3 ncam=52 raw=58617.722743146864 capped=243.55871635443194 radius=97.007668917562867 median=4.5555447005109393 global_scale=0.39829274176496809
ATTR_RADIUS o=28 raw_norm=58617.722743146871 norm=97.00766891756291 radius=97.007668917562867 next_radius=97.007668917562867 lambda=2.5600000000000002e-15 next_lambda=2.5600000000000002e-15 rho=0.29098963152589435 accept=1
CLASSICAL_LM o=28 lambda=2.5600000000000002e-15 tau=2.5600000000000002e-15 prediction=75.439731746999811 rho=0.29098963152589435 accept=1
  MFCG it  29 cost=2.601543e+05 lam=2.560e-15 tau=0.00e+00 cg_it=1 shift=0 ckpt=2 alpha=0 acc mv=113
PCG_PREP o=29 rebuild=1 drift=0 previous_depth=2
E2_CAP o=29 retry=0 touched=3 ncam=52 raw=58755.566429606166 capped=203.9091311515289 radius=97.007668917562867 median=3.8482831029256155 global_scale=0.47573970017789224
ATTR_RADIUS o=29 raw_norm=58755.56642960618 norm=97.007668917562867 radius=97.007668917562867 next_radius=24.251917229390717 lambda=2.5600000000000002e-15 next_lambda=4.0960000000000003e-14 rho=0.24782163033468854 accept=1
CLASSICAL_LM o=29 lambda=2.5600000000000002e-15 tau=2.5600000000000002e-15 prediction=70.299256812442707 rho=0.24782163033468854 accept=1
  MFCG it  30 cost=2.601369e+05 lam=4.096e-14 tau=0.00e+00 cg_it=1 shift=0 ckpt=2 alpha=0 acc mv=116
PCG_PREP o=30 rebuild=1 drift=0 previous_depth=2
E2_CAP o=30 retry=0 touched=3 ncam=52 raw=58795.906608801553 capped=233.60546800569463 radius=24.251917229390717 median=4.3689403308351205 global_scale=0.10381570875215783
POINT_SAFE o=30 frozen=9 slope=-42.483862371955418 candidate=260132.81985056322 original=260129.46243417708 current=260136.86314029555 won=0 mode=1 camera_scale=1 keep_scale=0
ATTR_RADIUS o=30 raw_norm=58795.906608801561 norm=3.0314896536738383 radius=24.251917229390717 next_radius=24.251917229390717 lambda=4.0960000000000003e-14 next_lambda=4.0960000000000003e-15 rho=0.53730264338962863 accept=1
CLASSICAL_LM o=30 lambda=4.0960000000000003e-14 tau=4.0960000000000003e-14 prediction=13.773812970245942 rho=0.53730264338962863 accept=1
  MFCG it  31 cost=2.601295e+05 lam=4.096e-15 tau=0.00e+00 cg_it=1 shift=0 ckpt=2 alpha=0 acc mv=119
PCG_PREP o=31 rebuild=1 drift=0 previous_depth=2
NUMERIC_REPAIR o=31 lambda=4.0960000000000003e-15 rayleigh=-1.8053599105275533e-05 next_lambda=7.2214396437486134e-05 cg=1 rebuild=1
PCG_PREP o=31 rebuild=1 drift=0 previous_depth=1
E2_CAP o=31 retry=0 touched=2 ncam=52 raw=1811.6234559649454 capped=180.82719243960869 radius=24.251917229390717 median=4.0276718493905612 global_scale=0.13411653912334115
ATTR_RADIUS o=31 raw_norm=1811.6234559649452 norm=24.251917229390713 radius=24.251917229390717 next_radius=48.503834458781434 lambda=7.2214396437486134e-05 next_lambda=7.2214396437486134e-05 rho=0.99972780914777903 accept=1
CLASSICAL_LM o=31 lambda=7.2214396437486134e-05 tau=7.2214396437486134e-05 prediction=80.16001207219719 rho=0.99972780914777903 accept=1
  MFCG it  32 cost=2.600493e+05 lam=7.221e-05 tau=0.00e+00 cg_it=0 shift=0 ckpt=1 alpha=0 acc mv=123
PCG_PREP o=32 rebuild=1 drift=0 previous_depth=1
E2_CAP o=32 retry=0 touched=2 ncam=52 raw=1813.968738379866 capped=166.24010128511802 radius=48.503834458781434 median=3.6878102847001246 global_scale=0.29176976002674959
ATTR_RADIUS o=32 raw_norm=1813.9687383798664 norm=48.503834458781441 radius=48.503834458781434 next_radius=97.007668917562867 lambda=7.2214396437486134e-05 next_lambda=7.2214396437486134e-05 rho=0.99871699782882351 accept=1
CLASSICAL_LM o=32 lambda=7.2214396437486134e-05 tau=7.2214396437486134e-05 prediction=60.119896228841249 rho=0.99871699782882351 accept=1
  MFCG it  33 cost=2.599893e+05 lam=7.221e-05 tau=0.00e+00 cg_it=0 shift=0 ckpt=1 alpha=0 acc mv=125
PCG_PREP o=33 rebuild=1 drift=0 previous_depth=1
E2_CAP o=33 retry=0 touched=2 ncam=52 raw=1819.0134858488022 capped=140.06615585167592 radius=97.007668917562867 median=3.0848873816125844 global_scale=0.69258464564623201
ATTR_RADIUS o=33 raw_norm=1819.0134858488029 norm=97.007668917562881 radius=97.007668917562867 next_radius=194.01533783512573 lambda=7.2214396437486134e-05 next_lambda=7.2214396437486134e-05 rho=0.99738191945039134 accept=1
CLASSICAL_LM o=33 lambda=7.2214396437486134e-05 tau=7.2214396437486134e-05 prediction=101.76453198324005 rho=0.99738191945039134 accept=1
  MFCG it  34 cost=2.598878e+05 lam=7.221e-05 tau=0.00e+00 cg_it=0 shift=0 ckpt=1 alpha=0 acc mv=127
PCG_PREP o=34 rebuild=1 drift=0 previous_depth=1
E2_CAP o=34 retry=0 touched=2 ncam=52 raw=1830.9434813157495 capped=106.83467022064202 radius=194.01533783512573 median=2.3252037702760324 global_scale=1
ATTR_RADIUS o=34 raw_norm=1830.9434813157493 norm=106.83467022064201 radius=194.01533783512573 next_radius=194.01533783512573 lambda=7.2214396437486134e-05 next_lambda=7.2214396437486134e-05 rho=0.99702836280362794 accept=1
CLASSICAL_LM o=34 lambda=7.2214396437486134e-05 tau=7.2214396437486134e-05 prediction=91.598720738496681 rho=0.99702836280362794 accept=1
  MFCG it  35 cost=2.597965e+05 lam=7.221e-05 tau=0.00e+00 cg_it=0 shift=0 ckpt=1 alpha=0 acc mv=129
PCG_PREP o=35 rebuild=1 drift=0 previous_depth=1
E2_CAP o=35 retry=0 touched=2 ncam=52 raw=1845.6254589677569 capped=114.36491303005421 radius=194.01533783512573 median=2.5602223010588721 global_scale=1
ATTR_RADIUS o=35 raw_norm=1845.6254589677571 norm=114.36491303005423 radius=194.01533783512573 next_radius=194.01533783512573 lambda=7.2214396437486134e-05 next_lambda=7.2214396437486134e-05 rho=0.99639353868143044 accept=1
CLASSICAL_LM o=35 lambda=7.2214396437486134e-05 tau=7.2214396437486134e-05 prediction=83.070941096634456 rho=0.99639353868143044 accept=1
  MFCG it  36 cost=2.597137e+05 lam=7.221e-05 tau=0.00e+00 cg_it=0 shift=0 ckpt=1 alpha=0 acc mv=131
PCG_PREP o=36 rebuild=1 drift=0 previous_depth=1
E2_CAP o=36 retry=0 touched=2 ncam=52 raw=1860.7084199757016 capped=102.93286869838822 radius=194.01533783512573 median=2.2996984502424684 global_scale=1
ATTR_RADIUS o=36 raw_norm=1860.7084199757019 norm=102.93286869838816 radius=194.01533783512573 next_radius=194.01533783512573 lambda=7.2214396437486134e-05 next_lambda=7.2214396437486134e-05 rho=0.9966791640164665 accept=1
CLASSICAL_LM o=36 lambda=7.2214396437486134e-05 tau=7.2214396437486134e-05 prediction=66.040648894992842 rho=0.9966791640164665 accept=1
  MFCG it  37 cost=2.596479e+05 lam=7.221e-05 tau=0.00e+00 cg_it=0 shift=0 ckpt=1 alpha=0 acc mv=133
PCG_PREP o=37 rebuild=1 drift=0 previous_depth=1
E2_CAP o=37 retry=0 touched=2 ncam=52 raw=1874.7587188828486 capped=94.460041950709197 radius=194.01533783512573 median=2.1117165608042581 global_scale=1
ATTR_RADIUS o=37 raw_norm=1874.7587188828486 norm=94.460041950709197 radius=194.01533783512573 next_radius=194.01533783512573 lambda=7.2214396437486134e-05 next_lambda=7.2214396437486134e-05 rho=0.99690893831562588 accept=1
CLASSICAL_LM o=37 lambda=7.2214396437486134e-05 tau=7.2214396437486134e-05 prediction=55.084361468129515 rho=0.99690893831562588 accept=1
  MFCG it  38 cost=2.595930e+05 lam=7.221e-05 tau=0.00e+00 cg_it=0 shift=0 ckpt=1 alpha=0 acc mv=135
PCG_PREP o=38 rebuild=1 drift=0 previous_depth=1
E2_CAP o=38 retry=0 touched=2 ncam=52 raw=1887.9342930904152 capped=88.333302611180514 radius=194.01533783512573 median=1.980028488165599 global_scale=1
ATTR_RADIUS o=38 raw_norm=1887.9342930904152 norm=88.333302611180514 radius=194.01533783512573 next_radius=194.01533783512573 lambda=7.2214396437486134e-05 next_lambda=7.2214396437486134e-05 rho=0.99707806687263312 accept=1
CLASSICAL_LM o=38 lambda=7.2214396437486134e-05 tau=7.2214396437486134e-05 prediction=47.527158262120004 rho=0.99707806687263312 accept=1
  MFCG it  39 cost=2.595456e+05 lam=7.221e-05 tau=0.00e+00 cg_it=0 shift=0 ckpt=1 alpha=0 acc mv=137
PCG_PREP o=39 rebuild=1 drift=0 previous_depth=1
E2_CAP o=39 retry=0 touched=2 ncam=52 raw=1900.4041864807944 capped=84.628759420369988 radius=194.01533783512573 median=1.9059506994144464 global_scale=1
ATTR_RADIUS o=39 raw_norm=1900.4041864807941 norm=84.628759420370002 radius=194.01533783512573 next_radius=194.01533783512573 lambda=7.2214396437486134e-05 next_lambda=7.2214396437486134e-05 rho=0.99717020900658082 accept=1
CLASSICAL_LM o=39 lambda=7.2214396437486134e-05 tau=7.2214396437486134e-05 prediction=42.389674713624018 rho=0.99717020900658082 accept=1
  MFCG it  40 cost=2.595033e+05 lam=7.221e-05 tau=0.00e+00 cg_it=0 shift=0 ckpt=1 alpha=0 acc mv=139
PCG_PREP o=40 rebuild=1 drift=0 previous_depth=1
E2_CAP o=40 retry=0 touched=2 ncam=52 raw=1912.3347075425036 capped=84.683413817949642 radius=194.01533783512573 median=1.9216581371917858 global_scale=1
ATTR_RADIUS o=40 raw_norm=1912.3347075425036 norm=84.683413817949656 radius=194.01533783512573 next_radius=194.01533783512573 lambda=7.2214396437486134e-05 next_lambda=7.2214396437486134e-05 rho=0.99712463658854467 accept=1
CLASSICAL_LM o=40 lambda=7.2214396437486134e-05 tau=7.2214396437486134e-05 prediction=39.652341822644388 rho=0.99712463658854467 accept=1
  MFCG it  41 cost=2.594638e+05 lam=7.221e-05 tau=0.00e+00 cg_it=0 shift=0 ckpt=1 alpha=0 acc mv=141
PCG_PREP o=41 rebuild=1 drift=0 previous_depth=1
E2_CAP o=41 retry=0 touched=2 ncam=52 raw=1924.0096134293005 capped=83.507028252714221 radius=194.01533783512573 median=1.904442478488148 global_scale=1
ATTR_RADIUS o=41 raw_norm=1924.0096134293008 norm=83.507028252714235 radius=194.01533783512573 next_radius=194.01533783512573 lambda=7.2214396437486134e-05 next_lambda=7.2214396437486134e-05 rho=0.99714901638564279 accept=1
CLASSICAL_LM o=41 lambda=7.2214396437486134e-05 tau=7.2214396437486134e-05 prediction=36.733376437589143 rho=0.99714901638564279 accept=1
  MFCG it  42 cost=2.594271e+05 lam=7.221e-05 tau=0.00e+00 cg_it=0 shift=0 ckpt=1 alpha=0 acc mv=143
PCG_PREP o=42 rebuild=1 drift=0 previous_depth=1
E2_CAP o=42 retry=0 touched=2 ncam=52 raw=1935.2698409309771 capped=78.934677958258106 radius=194.01533783512573 median=1.8027996660954906 global_scale=1
ATTR_RADIUS o=42 raw_norm=1935.2698409309778 norm=78.934677958258078 radius=194.01533783512573 next_radius=194.01533783512573 lambda=7.2214396437486134e-05 next_lambda=7.2214396437486134e-05 rho=0.99732272162737523 accept=1
CLASSICAL_LM o=42 lambda=7.2214396437486134e-05 tau=7.2214396437486134e-05 prediction=32.848393825123992 rho=0.99732272162737523 accept=1
  MFCG it  43 cost=2.593944e+05 lam=7.221e-05 tau=0.00e+00 cg_it=0 shift=0 ckpt=1 alpha=0 acc mv=145
PCG_PREP o=43 rebuild=1 drift=0 previous_depth=1
E2_CAP o=43 retry=0 touched=2 ncam=52 raw=1945.7890115659093 capped=76.413140025132591 radius=194.01533783512573 median=1.7498564796204823 global_scale=1
ATTR_RADIUS o=43 raw_norm=1945.78901156591 norm=76.413140025132606 radius=194.01533783512573 next_radius=194.01533783512573 lambda=7.2214396437486134e-05 next_lambda=7.2214396437486134e-05 rho=0.99741680215111372 accept=1
CLASSICAL_LM o=43 lambda=7.2214396437486134e-05 tau=7.2214396437486134e-05 prediction=30.202955730241225 rho=0.99741680215111372 accept=1
  MFCG it  44 cost=2.593642e+05 lam=7.221e-05 tau=0.00e+00 cg_it=0 shift=0 ckpt=1 alpha=0 acc mv=147
PCG_PREP o=44 rebuild=1 drift=0 previous_depth=1
E2_CAP o=44 retry=0 touched=2 ncam=52 raw=1955.7244537956774 capped=74.96327062811919 radius=194.01533783512573 median=1.7216996169608767 global_scale=1
ATTR_RADIUS o=44 raw_norm=1955.7244537956774 norm=74.963270628119176 radius=194.01533783512573 next_radius=194.01533783512573 lambda=7.2214396437486134e-05 next_lambda=7.2214396437486134e-05 rho=0.99747459788757831 accept=1
CLASSICAL_LM o=44 lambda=7.2214396437486134e-05 tau=7.2214396437486134e-05 prediction=28.227866912500367 rho=0.99747459788757831 accept=1
  MFCG it  45 cost=2.593361e+05 lam=7.221e-05 tau=0.00e+00 cg_it=0 shift=0 ckpt=1 alpha=0 acc mv=149
PCG_PREP o=45 rebuild=1 drift=0 previous_depth=1
E2_CAP o=45 retry=0 touched=2 ncam=52 raw=1965.1496273999335 capped=73.683112969019135 radius=194.01533783512573 median=1.6966052408762868 global_scale=1
ATTR_RADIUS o=45 raw_norm=1965.1496273999328 norm=73.683112969019149 radius=194.01533783512573 next_radius=194.01533783512573 lambda=7.2214396437486134e-05 next_lambda=7.2214396437486134e-05 rho=0.99753071835820073 accept=1
CLASSICAL_LM o=45 lambda=7.2214396437486134e-05 tau=7.2214396437486134e-05 prediction=26.508603529939652 rho=0.99753071835820073 accept=1
  MFCG it  46 cost=2.593096e+05 lam=7.221e-05 tau=0.00e+00 cg_it=0 shift=0 ckpt=1 alpha=0 acc mv=151
PCG_PREP o=46 rebuild=1 drift=0 previous_depth=1
E2_CAP o=46 retry=0 touched=2 ncam=52 raw=1974.0636063574561 capped=71.418612911037272 radius=194.01533783512573 median=1.646985158280144 global_scale=1
ATTR_RADIUS o=46 raw_norm=1974.0636063574557 norm=71.418612911037272 radius=194.01533783512573 next_radius=194.01533783512573 lambda=7.2214396437486134e-05 next_lambda=7.2214396437486134e-05 rho=0.99762784765779433 accept=1
CLASSICAL_LM o=46 lambda=7.2214396437486134e-05 tau=7.2214396437486134e-05 prediction=24.632491134555316 rho=0.99762784765779433 accept=1
  MFCG it  47 cost=2.592851e+05 lam=7.221e-05 tau=0.00e+00 cg_it=0 shift=0 ckpt=1 alpha=0 acc mv=153
PCG_PREP o=47 rebuild=1 drift=0 previous_depth=1
E2_CAP o=47 retry=0 touched=2 ncam=52 raw=1982.3852947578396 capped=69.247880710542475 radius=194.01533783512573 median=1.5990639080138138 global_scale=1
ATTR_RADIUS o=47 raw_norm=1982.3852947578393 norm=69.247880710542461 radius=194.01533783512573 next_radius=194.01533783512573 lambda=7.2214396437486134e-05 next_lambda=7.2214396437486134e-05 rho=0.997721399473111 accept=1
CLASSICAL_LM o=47 lambda=7.2214396437486134e-05 tau=7.2214396437486134e-05 prediction=22.962918838899075 rho=0.997721399473111 accept=1
  MFCG it  48 cost=2.592622e+05 lam=7.221e-05 tau=0.00e+00 cg_it=0 shift=0 ckpt=1 alpha=0 acc mv=155
PCG_PREP o=48 rebuild=1 drift=0 previous_depth=1
E2_CAP o=48 retry=0 touched=2 ncam=52 raw=1990.1284255304281 capped=65.68548587994664 radius=194.01533783512573 median=1.5172201737074578 global_scale=1
ATTR_RADIUS o=48 raw_norm=1990.1284255304288 norm=65.685485879946626 radius=194.01533783512573 next_radius=194.01533783512573 lambda=7.2214396437486134e-05 next_lambda=7.2214396437486134e-05 rho=0.99786710062347284 accept=1
CLASSICAL_LM o=48 lambda=7.2214396437486134e-05 tau=7.2214396437486134e-05 prediction=21.01894484958256 rho=0.99786710062347284 accept=1
  MFCG it  49 cost=2.592412e+05 lam=7.221e-05 tau=0.00e+00 cg_it=0 shift=0 ckpt=1 alpha=0 acc mv=157
PCG_PREP o=49 rebuild=1 drift=0 previous_depth=1
E2_CAP o=49 retry=0 touched=2 ncam=52 raw=1997.2115162463083 capped=64.277597529278694 radius=194.01533783512573 median=1.4868263136645203 global_scale=1
ATTR_RADIUS o=49 raw_norm=1997.2115162463076 norm=64.277597529278708 radius=194.01533783512573 next_radius=194.01533783512573 lambda=7.2214396437486134e-05 next_lambda=7.2214396437486134e-05 rho=0.99793020287797563 accept=1
CLASSICAL_LM o=49 lambda=7.2214396437486134e-05 tau=7.2214396437486134e-05 prediction=19.878569928663634 rho=0.99793020287797563 accept=1
  MFCG it  50 cost=2.592213e+05 lam=7.221e-05 tau=0.00e+00 cg_it=0 shift=0 ckpt=1 alpha=0 acc mv=159
PCG_PREP o=50 rebuild=1 drift=0 previous_depth=1
E2_CAP o=50 retry=0 touched=2 ncam=52 raw=2003.8053250188116 capped=63.198317757045466 radius=194.01533783512573 median=1.4639270963020237 global_scale=1
ATTR_RADIUS o=50 raw_norm=2003.8053250188116 norm=63.198317757045459 radius=194.01533783512573 next_radius=194.01533783512573 lambda=7.2214396437486134e-05 next_lambda=7.2214396437486134e-05 rho=0.99798349922719787 accept=1
CLASSICAL_LM o=50 lambda=7.2214396437486134e-05 tau=7.2214396437486134e-05 prediction=18.921915348212174 rho=0.99798349922719787 accept=1
  MFCG it  51 cost=2.592025e+05 lam=7.221e-05 tau=0.00e+00 cg_it=0 shift=0 ckpt=1 alpha=0 acc mv=161
PCG_PREP o=51 rebuild=1 drift=0 previous_depth=1
E2_CAP o=51 retry=0 touched=2 ncam=52 raw=2009.9421678217141 capped=61.079072964472253 radius=194.01533783512573 median=1.4157758501987061 global_scale=1
ATTR_RADIUS o=51 raw_norm=2009.9421678217138 norm=61.079072964472253 radius=194.01533783512573 next_radius=194.01533783512573 lambda=7.2214396437486134e-05 next_lambda=7.2214396437486134e-05 rho=0.99807438682189131 accept=1
CLASSICAL_LM o=51 lambda=7.2214396437486134e-05 tau=7.2214396437486134e-05 prediction=17.747056826100252 rho=0.99807438682189131 accept=1
  MFCG it  52 cost=2.591847e+05 lam=7.221e-05 tau=0.00e+00 cg_it=0 shift=0 ckpt=1 alpha=0 acc mv=163
PCG_PREP o=52 rebuild=1 drift=0 previous_depth=1
E2_CAP o=52 retry=0 touched=2 ncam=52 raw=2015.5708955223565 capped=56.771589012118007 radius=194.01533783512573 median=1.3149512453248362 global_scale=1
ATTR_RADIUS o=52 raw_norm=2015.5708955223565 norm=56.771589012118014 radius=194.01533783512573 next_radius=194.01533783512573 lambda=7.2214396437486134e-05 next_lambda=7.2214396437486134e-05 rho=0.99823969379757049 accept=1
CLASSICAL_LM o=52 lambda=7.2214396437486134e-05 tau=7.2214396437486134e-05 prediction=16.06295425044733 rho=0.99823969379757049 accept=1
  MFCG it  53 cost=2.591687e+05 lam=7.221e-05 tau=0.00e+00 cg_it=0 shift=0 ckpt=1 alpha=0 acc mv=165
PCG_PREP o=53 rebuild=1 drift=0 previous_depth=1
E2_CAP o=53 retry=0 touched=2 ncam=52 raw=2020.5982402314521 capped=53.556931726382246 radius=194.01533783512573 median=1.2401584325489359 global_scale=1
ATTR_RADIUS o=53 raw_norm=2020.5982402314519 norm=53.556931726382253 radius=194.01533783512573 next_radius=194.01533783512573 lambda=7.2214396437486134e-05 next_lambda=7.2214396437486134e-05 rho=0.99836136498193062 accept=1
CLASSICAL_LM o=53 lambda=7.2214396437486134e-05 tau=7.2214396437486134e-05 prediction=14.785540602226103 rho=0.99836136498193062 accept=1
  MFCG it  54 cost=2.591540e+05 lam=7.221e-05 tau=0.00e+00 cg_it=0 shift=0 ckpt=1 alpha=0 acc mv=167
PCG_PREP o=54 rebuild=1 drift=0 previous_depth=1
E2_CAP o=54 retry=0 touched=2 ncam=52 raw=2025.130130442215 capped=50.759972394571804 radius=194.01533783512573 median=1.1752006658453145 global_scale=1
ATTR_RADIUS o=54 raw_norm=2025.1301304422145 norm=50.759972394571797 radius=194.01533783512573 next_radius=194.01533783512573 lambda=7.2214396437486134e-05 next_lambda=7.2214396437486134e-05 rho=0.99846710038750275 accept=1
CLASSICAL_LM o=54 lambda=7.2214396437486134e-05 tau=7.2214396437486134e-05 prediction=13.698183982814939 rho=0.99846710038750275 accept=1
  MFCG it  55 cost=2.591403e+05 lam=7.221e-05 tau=0.00e+00 cg_it=0 shift=0 ckpt=1 alpha=0 acc mv=169
PCG_PREP o=55 rebuild=1 drift=0 previous_depth=1
E2_CAP o=55 retry=0 touched=2 ncam=52 raw=2029.2253125520165 capped=47.66456950377875 radius=194.01533783512573 median=1.1029015680922294 global_scale=1
ATTR_RADIUS o=55 raw_norm=2029.225312552016 norm=47.664569503778729 radius=194.01533783512573 next_radius=194.01533783512573 lambda=7.2214396437486134e-05 next_lambda=7.2214396437486134e-05 rho=0.99858092420907374 accept=1
CLASSICAL_LM o=55 lambda=7.2214396437486134e-05 tau=7.2214396437486134e-05 prediction=12.598486867693106 rho=0.99858092420907374 accept=1
  MFCG it  56 cost=2.591277e+05 lam=7.221e-05 tau=0.00e+00 cg_it=0 shift=0 ckpt=1 alpha=0 acc mv=171
PCG_PREP o=56 rebuild=1 drift=0 previous_depth=1
E2_CAP o=56 retry=0 touched=2 ncam=52 raw=2032.9032935717401 capped=44.873274395993235 radius=194.01533783512573 median=1.0377378121031224 global_scale=1
ATTR_RADIUS o=56 raw_norm=2032.9032935717396 norm=44.873274395993242 radius=194.01533783512573 next_radius=194.01533783512573 lambda=7.2214396437486134e-05 next_lambda=7.2214396437486134e-05 rho=0.99868179464604168 accept=1
CLASSICAL_LM o=56 lambda=7.2214396437486134e-05 tau=7.2214396437486134e-05 prediction=11.635625058467181 rho=0.99868179464604168 accept=1
  MFCG it  57 cost=2.591161e+05 lam=7.221e-05 tau=0.00e+00 cg_it=0 shift=0 ckpt=1 alpha=0 acc mv=173
PCG_PREP o=57 rebuild=1 drift=0 previous_depth=1
E2_CAP o=57 retry=0 touched=2 ncam=52 raw=2036.2115228496098 capped=42.493970403834233 radius=194.01533783512573 median=0.98231319675231221 global_scale=1
ATTR_RADIUS o=57 raw_norm=2036.2115228496098 norm=42.493970403834233 radius=194.01533783512573 next_radius=194.01533783512573 lambda=7.2214396437486134e-05 next_lambda=7.2214396437486134e-05 rho=0.99876726207260835 accept=1
CLASSICAL_LM o=57 lambda=7.2214396437486134e-05 tau=7.2214396437486134e-05 prediction=10.82406420116161 rho=0.99876726207260835 accept=1
  MFCG it  58 cost=2.591053e+05 lam=7.221e-05 tau=0.00e+00 cg_it=0 shift=0 ckpt=1 alpha=0 acc mv=175
PCG_PREP o=58 rebuild=1 drift=0 previous_depth=1
E2_CAP o=58 retry=0 touched=2 ncam=52 raw=2039.1971694381589 capped=41.025256441929777 radius=194.01533783512573 median=0.94862432021403764 global_scale=1
ATTR_RADIUS o=58 raw_norm=2039.1971694381589 norm=41.025256441929791 radius=194.01533783512573 next_radius=194.01533783512573 lambda=7.2214396437486134e-05 next_lambda=7.2214396437486134e-05 rho=0.99882203773175915 accept=1
CLASSICAL_LM o=58 lambda=7.2214396437486134e-05 tau=7.2214396437486134e-05 prediction=10.274320629104635 rho=0.99882203773175915 accept=1
  MFCG it  59 cost=2.590950e+05 lam=7.221e-05 tau=0.00e+00 cg_it=0 shift=0 ckpt=1 alpha=0 acc mv=177
PCG_PREP o=59 rebuild=1 drift=0 previous_depth=1
E2_CAP o=59 retry=0 touched=2 ncam=52 raw=2041.9206081170973 capped=40.058470273474569 radius=194.01533783512573 median=0.92684771915099629 global_scale=1
ATTR_RADIUS o=59 raw_norm=2041.9206081170973 norm=40.058470273474562 radius=194.01533783512573 next_radius=194.01533783512573 lambda=7.2214396437486134e-05 next_lambda=7.2214396437486134e-05 rho=0.99886091480081107 accept=1
CLASSICAL_LM o=59 lambda=7.2214396437486134e-05 tau=7.2214396437486134e-05 prediction=9.8710073736866075 rho=0.99886091480081107 accept=1
  MFCG it  60 cost=2.590851e+05 lam=7.221e-05 tau=0.00e+00 cg_it=0 shift=0 ckpt=1 alpha=0 acc mv=179
PCG_PREP o=60 rebuild=1 drift=0 previous_depth=1
E2_CAP o=60 retry=0 touched=2 ncam=52 raw=2044.4146700488893 capped=38.198097478586448 radius=194.01533783512573 median=0.88348106142404625 global_scale=1
ATTR_RADIUS o=60 raw_norm=2044.4146700488895 norm=38.198097478586448 radius=194.01533783512573 next_radius=194.01533783512573 lambda=7.2214396437486134e-05 next_lambda=7.2214396437486134e-05 rho=0.99892774975376064 accept=1
CLASSICAL_LM o=60 lambda=7.2214396437486134e-05 tau=7.2214396437486134e-05 prediction=9.2725400358082215 rho=0.99892774975376064 accept=1
  MFCG it  61 cost=2.590759e+05 lam=7.221e-05 tau=0.00e+00 cg_it=0 shift=0 ckpt=1 alpha=0 acc mv=181
PCG_PREP o=61 rebuild=1 drift=0 previous_depth=1
E2_CAP o=61 retry=0 touched=2 ncam=52 raw=2046.6642160799383 capped=36.826252559145054 radius=194.01533783512573 median=0.85174544545910691 global_scale=1
ATTR_RADIUS o=61 raw_norm=2046.6642160799381 norm=36.826252559145061 radius=194.01533783512573 next_radius=194.01533783512573 lambda=7.2214396437486134e-05 next_lambda=7.2214396437486134e-05 rho=0.99897734092683321 accept=1
CLASSICAL_LM o=61 lambda=7.2214396437486134e-05 tau=7.2214396437486134e-05 prediction=8.8135977266087622 rho=0.99897734092683321 accept=1
  MFCG it  62 cost=2.590671e+05 lam=7.221e-05 tau=0.00e+00 cg_it=0 shift=0 ckpt=1 alpha=0 acc mv=183
PCG_PREP o=62 rebuild=1 drift=0 previous_depth=1
E2_CAP o=62 retry=0 touched=2 ncam=52 raw=2048.7038313861103 capped=35.900890856586116 radius=194.01533783512573 median=0.83063119041557121 global_scale=1
ATTR_RADIUS o=62 raw_norm=2048.7038313861103 norm=35.900890856586116 radius=194.01533783512573 next_radius=194.01533783512573 lambda=7.2214396437486134e-05 next_lambda=7.2214396437486134e-05 rho=0.9990129738069391 accept=1
CLASSICAL_LM o=62 lambda=7.2214396437486134e-05 tau=7.2214396437486134e-05 prediction=8.4765436480841494 rho=0.9990129738069391 accept=1
  MFCG it  63 cost=2.590586e+05 lam=7.221e-05 tau=0.00e+00 cg_it=0 shift=0 ckpt=1 alpha=0 acc mv=185
PCG_PREP o=63 rebuild=1 drift=0 previous_depth=1
E2_CAP o=63 retry=0 touched=2 ncam=52 raw=2050.5604572250386 capped=34.915149272155411 radius=194.01533783512573 median=0.80796930863801364 global_scale=1
ATTR_RADIUS o=63 raw_norm=2050.560457225039 norm=34.915149272155418 radius=194.01533783512573 next_radius=194.01533783512573 lambda=7.2214396437486134e-05 next_lambda=7.2214396437486134e-05 rho=0.99905036824937199 accept=1
CLASSICAL_LM o=63 lambda=7.2214396437486134e-05 tau=7.2214396437486134e-05 prediction=8.1383849137043587 rho=0.99905036824937199 accept=1
  MFCG it  64 cost=2.590505e+05 lam=7.221e-05 tau=0.00e+00 cg_it=0 shift=0 ckpt=1 alpha=0 acc mv=187
PCG_PREP o=64 rebuild=1 drift=0 previous_depth=1
E2_CAP o=64 retry=0 touched=2 ncam=52 raw=2042.6829276923747 capped=130.51744259926272 radius=194.01533783512573 median=2.9224907817640968 global_scale=1
ATTR_RADIUS o=64 raw_norm=2042.6829276923745 norm=130.51744259926269 radius=194.01533783512573 next_radius=194.01533783512573 lambda=7.2214396437486134e-05 next_lambda=7.2214396437486134e-05 rho=0.99596761852315652 accept=1
CLASSICAL_LM o=64 lambda=7.2214396437486134e-05 tau=7.2214396437486134e-05 prediction=31.373173267373925 rho=0.99596761852315652 accept=1
  MFCG it  65 cost=2.590192e+05 lam=7.221e-05 tau=0.00e+00 cg_it=1 shift=0 ckpt=2 alpha=0 acc mv=190
PCG_PREP o=65 rebuild=1 drift=0 previous_depth=2
E2_CAP o=65 retry=0 touched=2 ncam=52 raw=2029.443861648115 capped=50.268287310137374 radius=194.01533783512573 median=1.1005561903034677 global_scale=1
ATTR_RADIUS o=65 raw_norm=2029.4438616481152 norm=50.268287310137367 radius=194.01533783512573 next_radius=194.01533783512573 lambda=7.2214396437486134e-05 next_lambda=7.2214396437486134e-05 rho=0.99889958906494269 accept=1
CLASSICAL_LM o=65 lambda=7.2214396437486134e-05 tau=7.2214396437486134e-05 prediction=12.107315965827159 rho=0.99889958906494269 accept=1
  MFCG it  66 cost=2.590071e+05 lam=7.221e-05 tau=0.00e+00 cg_it=0 shift=0 ckpt=1 alpha=0 acc mv=192
PCG_PREP o=66 rebuild=1 drift=0 previous_depth=1
E2_CAP o=66 retry=0 touched=2 ncam=52 raw=2014.4887036784205 capped=101.1459303013184 radius=194.01533783512573 median=2.2870981584677637 global_scale=1
ATTR_RADIUS o=66 raw_norm=2014.4887036784201 norm=101.14593030131844 radius=194.01533783512573 next_radius=194.01533783512573 lambda=7.2214396437486134e-05 next_lambda=7.2214396437486134e-05 rho=0.99685453258354639 accept=1
CLASSICAL_LM o=66 lambda=7.2214396437486134e-05 tau=7.2214396437486134e-05 prediction=23.068752994568296 rho=0.99685453258354639 accept=1
  MFCG it  67 cost=2.589841e+05 lam=7.221e-05 tau=0.00e+00 cg_it=1 shift=0 ckpt=2 alpha=0 acc mv=195
PCG_PREP o=67 rebuild=1 drift=0 previous_depth=2
E2_CAP o=67 retry=0 touched=2 ncam=52 raw=2026.498400977395 capped=49.147058061877331 radius=194.01533783512573 median=1.0825610473453287 global_scale=1
ATTR_RADIUS o=67 raw_norm=2026.4984009773955 norm=49.147058061877331 radius=194.01533783512573 next_radius=194.01533783512573 lambda=7.2214396437486134e-05 next_lambda=7.2214396437486134e-05 rho=0.99896162983748937 accept=1
CLASSICAL_LM o=67 lambda=7.2214396437486134e-05 tau=7.2214396437486134e-05 prediction=11.393243327785694 rho=0.99896162983748937 accept=1
  MFCG it  68 cost=2.589728e+05 lam=7.221e-05 tau=0.00e+00 cg_it=0 shift=0 ckpt=1 alpha=0 acc mv=197
PCG_PREP o=68 rebuild=1 drift=0 previous_depth=1
E2_CAP o=68 retry=0 touched=2 ncam=52 raw=1994.9460470498175 capped=92.197793228238268 radius=194.01533783512573 median=2.0912632524552381 global_scale=1
ATTR_RADIUS o=68 raw_norm=1994.9460470498173 norm=92.197793228238254 radius=194.01533783512573 next_radius=194.01533783512573 lambda=7.2214396437486134e-05 next_lambda=7.2214396437486134e-05 rho=0.9972266240719958 accept=1
CLASSICAL_LM o=68 lambda=7.2214396437486134e-05 tau=7.2214396437486134e-05 prediction=20.216488495801336 rho=0.9972266240719958 accept=1
  MFCG it  69 cost=2.589526e+05 lam=7.221e-05 tau=0.00e+00 cg_it=1 shift=0 ckpt=2 alpha=0 acc mv=200
PCG_PREP o=69 rebuild=1 drift=0 previous_depth=2
E2_CAP o=69 retry=0 touched=2 ncam=52 raw=1982.3241024466215 capped=61.636512376282425 radius=194.01533783512573 median=1.3971007661526431 global_scale=1
ATTR_RADIUS o=69 raw_norm=1982.3241024466211 norm=61.636512376282425 radius=194.01533783512573 next_radius=194.01533783512573 lambda=7.2214396437486134e-05 next_lambda=7.2214396437486134e-05 rho=0.99849309335065006 accept=1
CLASSICAL_LM o=69 lambda=7.2214396437486134e-05 tau=7.2214396437486134e-05 prediction=14.126579728334768 rho=0.99849309335065006 accept=1
  MFCG it  70 cost=2.589385e+05 lam=7.221e-05 tau=0.00e+00 cg_it=1 shift=0 ckpt=2 alpha=0 acc mv=203
PCG_PREP o=70 rebuild=1 drift=0 previous_depth=2
E2_CAP o=70 retry=0 touched=2 ncam=52 raw=1974.4181008031983 capped=59.086638002551453 radius=194.01533783512573 median=1.3474151581397082 global_scale=1
ATTR_RADIUS o=70 raw_norm=1974.4181008031983 norm=59.08663800255146 radius=194.01533783512573 next_radius=194.01533783512573 lambda=7.2214396437486134e-05 next_lambda=7.2214396437486134e-05 rho=0.99856102123861779 accept=1
CLASSICAL_LM o=70 lambda=7.2214396437486134e-05 tau=7.2214396437486134e-05 prediction=13.367387782772532 rho=0.99856102123861779 accept=1
  MFCG it  71 cost=2.589251e+05 lam=7.221e-05 tau=0.00e+00 cg_it=1 shift=0 ckpt=2 alpha=0 acc mv=206
PCG_PREP o=71 rebuild=1 drift=0 previous_depth=2
E2_CAP o=71 retry=0 touched=2 ncam=52 raw=1967.1412046565895 capped=59.408317364181421 radius=194.01533783512573 median=1.3623004781340324 global_scale=1
ATTR_RADIUS o=71 raw_norm=1967.1412046565893 norm=59.408317364181414 radius=194.01533783512573 next_radius=194.01533783512573 lambda=7.2214396437486134e-05 next_lambda=7.2214396437486134e-05 rho=0.99859611291223027 accept=1
CLASSICAL_LM o=71 lambda=7.2214396437486134e-05 tau=7.2214396437486134e-05 prediction=13.359189760004838 rho=0.99859611291223027 accept=1
  MFCG it  72 cost=2.589118e+05 lam=7.221e-05 tau=0.00e+00 cg_it=1 shift=0 ckpt=2 alpha=0 acc mv=209
PCG_PREP o=72 rebuild=1 drift=0 previous_depth=2
E2_CAP o=72 retry=0 touched=2 ncam=52 raw=1960.0832330546491 capped=60.120622883653525 radius=194.01533783512573 median=1.3837560031648626 global_scale=1
ATTR_RADIUS o=72 raw_norm=1960.0832330546484 norm=60.120622883653525 radius=194.01533783512573 next_radius=194.01533783512573 lambda=7.2214396437486134e-05 next_lambda=7.2214396437486134e-05 rho=0.9986180378068733 accept=1
CLASSICAL_LM o=72 lambda=7.2214396437486134e-05 tau=7.2214396437486134e-05 prediction=13.384920680707816 rho=0.9986180378068733 accept=1
  MFCG it  73 cost=2.588984e+05 lam=7.221e-05 tau=0.00e+00 cg_it=1 shift=0 ckpt=2 alpha=0 acc mv=212
PCG_PREP o=73 rebuild=1 drift=0 previous_depth=2
E2_CAP o=73 retry=0 touched=2 ncam=52 raw=1953.1518220046685 capped=60.290811012372338 radius=194.01533783512573 median=1.3906291251239593 global_scale=1
ATTR_RADIUS o=73 raw_norm=1953.1518220046692 norm=60.29081101237233 radius=194.01533783512573 next_radius=194.01533783512573 lambda=7.2214396437486134e-05 next_lambda=7.2214396437486134e-05 rho=0.99865265391679736 accept=1
CLASSICAL_LM o=73 lambda=7.2214396437486134e-05 tau=7.2214396437486134e-05 prediction=13.265561521483303 rho=0.99865265391679736 accept=1
  MFCG it  74 cost=2.588852e+05 lam=7.221e-05 tau=0.00e+00 cg_it=1 shift=0 ckpt=2 alpha=0 acc mv=215
PCG_PREP o=74 rebuild=1 drift=0 previous_depth=2
E2_CAP o=74 retry=0 touched=2 ncam=52 raw=1946.3830953556046 capped=60.07579534777539 radius=194.01533783512573 median=1.3874559314589046 global_scale=1
ATTR_RADIUS o=74 raw_norm=1946.3830953556051 norm=60.075795347775397 radius=194.01533783512573 next_radius=194.01533783512573 lambda=7.2214396437486134e-05 next_lambda=7.2214396437486134e-05 rho=0.99869396682416478 accept=1
CLASSICAL_LM o=74 lambda=7.2214396437486134e-05 tau=7.2214396437486134e-05 prediction=13.052167913755152 rho=0.99869396682416478 accept=1
  MFCG it  75 cost=2.588722e+05 lam=7.221e-05 tau=0.00e+00 cg_it=1 shift=0 ckpt=2 alpha=0 acc mv=218
PCG_PREP o=75 rebuild=1 drift=0 previous_depth=2
E2_CAP o=75 retry=0 touched=2 ncam=52 raw=1939.7987736594832 capped=59.979465765178929 radius=194.01533783512573 median=1.3866981833670353 global_scale=1
ATTR_RADIUS o=75 raw_norm=1939.7987736594823 norm=59.979465765178944 radius=194.01533783512573 next_radius=194.01533783512573 lambda=7.2214396437486134e-05 next_lambda=7.2214396437486134e-05 rho=0.99873059658169316 accept=1
CLASSICAL_LM o=75 lambda=7.2214396437486134e-05 tau=7.2214396437486134e-05 prediction=12.86624195205377 rho=0.99873059658169316 accept=1
  MFCG it  76 cost=2.588593e+05 lam=7.221e-05 tau=0.00e+00 cg_it=1 shift=0 ckpt=2 alpha=0 acc mv=221
PCG_PREP o=76 rebuild=1 drift=0 previous_depth=2
E2_CAP o=76 retry=0 touched=2 ncam=52 raw=1933.3673516914746 capped=59.95409219850562 radius=194.01533783512573 median=1.3873476728696335 global_scale=1
ATTR_RADIUS o=76 raw_norm=1933.3673516914744 norm=59.95409219850562 radius=194.01533783512573 next_radius=194.01533783512573 lambda=7.2214396437486134e-05 next_lambda=7.2214396437486134e-05 rho=0.99876438706727777 accept=1
CLASSICAL_LM o=76 lambda=7.2214396437486134e-05 tau=7.2214396437486134e-05 prediction=12.697380966510522 rho=0.99876438706727777 accept=1
  MFCG it  77 cost=2.588466e+05 lam=7.221e-05 tau=0.00e+00 cg_it=1 shift=0 ckpt=2 alpha=0 acc mv=224
PCG_PREP o=77 rebuild=1 drift=0 previous_depth=2
E2_CAP o=77 retry=0 touched=2 ncam=52 raw=2094.0717193571218 capped=140.27571480540027 radius=194.01533783512573 median=3.1283763076723634 global_scale=1
ATTR_RADIUS o=77 raw_norm=2094.0717193571227 norm=140.27571480540027 radius=194.01533783512573 next_radius=194.01533783512573 lambda=7.2214396437486134e-05 next_lambda=7.2214396437486134e-05 rho=0.99571848163619059 accept=1
CLASSICAL_LM o=77 lambda=7.2214396437486134e-05 tau=7.2214396437486134e-05 prediction=22.859199328346872 rho=0.99571848163619059 accept=1
  MFCG it  78 cost=2.588239e+05 lam=7.221e-05 tau=0.00e+00 cg_it=2 shift=0 ckpt=3 alpha=0 acc mv=228
PCG_PREP o=78 rebuild=1 drift=0 previous_depth=3
E2_CAP o=78 retry=0 touched=2 ncam=52 raw=1912.1284173076322 capped=75.44952598030396 radius=194.01533783512573 median=1.7115764145006505 global_scale=1
ATTR_RADIUS o=78 raw_norm=1912.1284173076319 norm=75.449525980303974 radius=194.01533783512573 next_radius=194.01533783512573 lambda=7.2214396437486134e-05 next_lambda=7.2214396437486134e-05 rho=0.99894899005105608 accept=1
CLASSICAL_LM o=78 lambda=7.2214396437486134e-05 tau=7.2214396437486134e-05 prediction=18.295401865642386 rho=0.99894899005105608 accept=1
  MFCG it  79 cost=2.588056e+05 lam=7.221e-05 tau=0.00e+00 cg_it=1 shift=0 ckpt=2 alpha=0 acc mv=231
PCG_PREP o=79 rebuild=1 drift=0 previous_depth=2
E2_CAP o=79 retry=0 touched=2 ncam=52 raw=2062.2092305985429 capped=127.44785711250414 radius=194.01533783512573 median=2.873448360568668 global_scale=1
ATTR_RADIUS o=79 raw_norm=2062.2092305985425 norm=127.44785711250415 radius=194.01533783512573 next_radius=194.01533783512573 lambda=7.2214396437486134e-05 next_lambda=7.2214396437486134e-05 rho=0.99632859567828802 accept=1
CLASSICAL_LM o=79 lambda=7.2214396437486134e-05 tau=7.2214396437486134e-05 prediction=19.856013976532935 rho=0.99632859567828802 accept=1
  MFCG it  80 cost=2.587858e+05 lam=7.221e-05 tau=0.00e+00 cg_it=2 shift=0 ckpt=3 alpha=0 acc mv=235
PCG_PREP o=80 rebuild=1 drift=0 previous_depth=3
E2_CAP o=80 retry=0 touched=2 ncam=52 raw=1896.4254672311715 capped=74.421006238835204 radius=194.01533783512573 median=1.694923688517604 global_scale=1
ATTR_RADIUS o=80 raw_norm=1896.4254672311713 norm=74.421006238835204 radius=194.01533783512573 next_radius=194.01533783512573 lambda=7.2214396437486134e-05 next_lambda=7.2214396437486134e-05 rho=0.99905221482266693 accept=1
CLASSICAL_LM o=80 lambda=7.2214396437486134e-05 tau=7.2214396437486134e-05 prediction=17.372339822173725 rho=0.99905221482266693 accept=1
  MFCG it  81 cost=2.587684e+05 lam=7.221e-05 tau=0.00e+00 cg_it=1 shift=0 ckpt=2 alpha=0 acc mv=238
PCG_PREP o=81 rebuild=1 drift=0 previous_depth=2
E2_CAP o=81 retry=0 touched=2 ncam=52 raw=2035.3033992704936 capped=125.24891007169536 radius=194.01533783512573 median=2.8453731980772607 global_scale=1
ATTR_RADIUS o=81 raw_norm=2035.3033992704936 norm=125.24891007169533 radius=194.01533783512573 next_radius=194.01533783512573 lambda=7.2214396437486134e-05 next_lambda=7.2214396437486134e-05 rho=0.9966965171645874 accept=1
CLASSICAL_LM o=81 lambda=7.2214396437486134e-05 tau=7.2214396437486134e-05 prediction=19.044670416301379 rho=0.9966965171645874 accept=1
  MFCG it  82 cost=2.587495e+05 lam=7.221e-05 tau=0.00e+00 cg_it=2 shift=0 ckpt=3 alpha=0 acc mv=242
PCG_PREP o=82 rebuild=1 drift=0 previous_depth=3
E2_CAP o=82 retry=0 touched=2 ncam=52 raw=1881.4898932145491 capped=68.378922466121381 radius=194.01533783512573 median=1.554256530642206 global_scale=1
ATTR_RADIUS o=82 raw_norm=1881.4898932145486 norm=68.378922466121395 radius=194.01533783512573 next_radius=194.01533783512573 lambda=7.2214396437486134e-05 next_lambda=7.2214396437486134e-05 rho=0.99923584163420587 accept=1
CLASSICAL_LM o=82 lambda=7.2214396437486134e-05 tau=7.2214396437486134e-05 prediction=15.526008714767615 rho=0.99923584163420587 accept=1
  MFCG it  83 cost=2.587339e+05 lam=7.221e-05 tau=0.00e+00 cg_it=1 shift=0 ckpt=2 alpha=0 acc mv=245
PCG_PREP o=83 rebuild=1 drift=0 previous_depth=2
E2_CAP o=83 retry=0 touched=2 ncam=52 raw=2011.2415962387961 capped=125.62922671329574 radius=194.01533783512573 median=2.8710085243155592 global_scale=1
ATTR_RADIUS o=83 raw_norm=2011.2415962387959 norm=125.62922671329579 radius=194.01533783512573 next_radius=194.01533783512573 lambda=7.2214396437486134e-05 next_lambda=7.2214396437486134e-05 rho=0.99699673932786004 accept=1
CLASSICAL_LM o=83 lambda=7.2214396437486134e-05 tau=7.2214396437486134e-05 prediction=18.803604108784111 rho=0.99699673932786004 accept=1
  MFCG it  84 cost=2.587152e+05 lam=7.221e-05 tau=0.00e+00 cg_it=2 shift=0 ckpt=3 alpha=0 acc mv=249
PCG_PREP o=84 rebuild=1 drift=0 previous_depth=3
E2_CAP o=84 retry=0 touched=2 ncam=52 raw=1867.3472931060865 capped=67.210859956180002 radius=194.01533783512573 median=1.5313759078697553 global_scale=1
ATTR_RADIUS o=84 raw_norm=1867.3472931060862 norm=67.210859956179988 radius=194.01533783512573 next_radius=194.01533783512573 lambda=7.2214396437486134e-05 next_lambda=7.2214396437486134e-05 rho=0.99933996107102041 accept=1
CLASSICAL_LM o=84 lambda=7.2214396437486134e-05 tau=7.2214396437486134e-05 prediction=14.779992038204862 rho=0.99933996107102041 accept=1
  MFCG it  85 cost=2.587004e+05 lam=7.221e-05 tau=0.00e+00 cg_it=1 shift=0 ckpt=2 alpha=0 acc mv=252
PCG_PREP o=85 rebuild=1 drift=0 previous_depth=2
E2_CAP o=85 retry=0 touched=2 ncam=52 raw=1988.57035610514 capped=126.31405460730468 radius=194.01533783512573 median=2.8985017521513807 global_scale=1
ATTR_RADIUS o=85 raw_norm=1988.5703561051403 norm=126.31405460730471 radius=194.01533783512573 next_radius=194.01533783512573 lambda=7.2214396437486134e-05 next_lambda=7.2214396437486134e-05 rho=0.9972776794054814 accept=1
CLASSICAL_LM o=85 lambda=7.2214396437486134e-05 tau=7.2214396437486134e-05 prediction=18.626941560493993 rho=0.9972776794054814 accept=1
  MFCG it  86 cost=2.586819e+05 lam=7.221e-05 tau=0.00e+00 cg_it=2 shift=0 ckpt=3 alpha=0 acc mv=256
PCG_PREP o=86 rebuild=1 drift=0 previous_depth=3
E2_CAP o=86 retry=0 touched=2 ncam=52 raw=1853.3527494041382 capped=68.502149520053862 radius=194.01533783512573 median=1.5672066154561 global_scale=1
ATTR_RADIUS o=86 raw_norm=1853.352749404138 norm=68.502149520053848 radius=194.01533783512573 next_radius=194.01533783512573 lambda=7.2214396437486134e-05 next_lambda=7.2214396437486134e-05 rho=0.99941135214041688 accept=1
CLASSICAL_LM o=86 lambda=7.2214396437486134e-05 tau=7.2214396437486134e-05 prediction=14.541946648778092 rho=0.99941135214041688 accept=1
  MFCG it  87 cost=2.586673e+05 lam=7.221e-05 tau=0.00e+00 cg_it=1 shift=0 ckpt=2 alpha=0 acc mv=259
PCG_PREP o=87 rebuild=1 drift=0 previous_depth=2
E2_CAP o=87 retry=0 touched=2 ncam=52 raw=1966.7131084489954 capped=126.25329713591796 radius=194.01533783512573 median=2.9046897395905553 global_scale=1
ATTR_RADIUS o=87 raw_norm=1966.7131084489959 norm=126.25329713591799 radius=194.01533783512573 next_radius=194.01533783512573 lambda=7.2214396437486134e-05 next_lambda=7.2214396437486134e-05 rho=0.99754572837695221 accept=1
CLASSICAL_LM o=87 lambda=7.2214396437486134e-05 tau=7.2214396437486134e-05 prediction=18.295857078913798 rho=0.99754572837695221 accept=1
  MFCG it  88 cost=2.586491e+05 lam=7.221e-05 tau=0.00e+00 cg_it=2 shift=0 ckpt=3 alpha=0 acc mv=263
PCG_PREP o=88 rebuild=1 drift=0 previous_depth=3
E2_CAP o=88 retry=0 touched=2 ncam=52 raw=1839.3300693690951 capped=68.801728464474536 radius=194.01533783512573 median=1.5779329042336268 global_scale=1
ATTR_RADIUS o=88 raw_norm=1839.3300693690953 norm=68.80172846447455 radius=194.01533783512573 next_radius=194.01533783512573 lambda=7.2214396437486134e-05 next_lambda=7.2214396437486134e-05 rho=0.99948972323702223 accept=1
CLASSICAL_LM o=88 lambda=7.2214396437486134e-05 tau=7.2214396437486134e-05 prediction=14.10776774067825 rho=0.99948972323702223 accept=1
  MFCG it  89 cost=2.586350e+05 lam=7.221e-05 tau=0.00e+00 cg_it=1 shift=0 ckpt=2 alpha=0 acc mv=266
PCG_PREP o=89 rebuild=1 drift=0 previous_depth=2
E2_CAP o=89 retry=0 touched=2 ncam=52 raw=1945.7052303320008 capped=121.56188531241246 radius=194.01533783512573 median=2.7972241130874504 global_scale=1
ATTR_RADIUS o=89 raw_norm=1945.7052303320008 norm=121.56188531241246 radius=194.01533783512573 next_radius=194.01533783512573 lambda=7.2214396437486134e-05 next_lambda=7.2214396437486134e-05 rho=0.9978467969549969 accept=1
CLASSICAL_LM o=89 lambda=7.2214396437486134e-05 tau=7.2214396437486134e-05 prediction=17.192674316429358 rho=0.9978467969549969 accept=1
  MFCG it  90 cost=2.586178e+05 lam=7.221e-05 tau=0.00e+00 cg_it=2 shift=0 ckpt=3 alpha=0 acc mv=270
PCG_PREP o=90 rebuild=1 drift=0 previous_depth=3
E2_CAP o=90 retry=0 touched=2 ncam=52 raw=1825.7686767427474 capped=68.882613658785885 radius=194.01533783512573 median=1.5824966112330374 global_scale=1
ATTR_RADIUS o=90 raw_norm=1825.7686767427467 norm=68.882613658785885 radius=194.01533783512573 next_radius=194.01533783512573 lambda=7.2214396437486134e-05 next_lambda=7.2214396437486134e-05 rho=0.99955681357201975 accept=1
CLASSICAL_LM o=90 lambda=7.2214396437486134e-05 tau=7.2214396437486134e-05 prediction=13.650193072903814 rho=0.99955681357201975 accept=1
  MFCG it  91 cost=2.586042e+05 lam=7.221e-05 tau=0.00e+00 cg_it=1 shift=0 ckpt=2 alpha=0 acc mv=273
PCG_PREP o=91 rebuild=1 drift=0 previous_depth=2
E2_CAP o=91 retry=0 touched=2 ncam=52 raw=1925.9678082609437 capped=121.01359109593022 radius=194.01533783512573 median=2.7885836666644757 global_scale=1
ATTR_RADIUS o=91 raw_norm=1925.9678082609437 norm=121.01359109593021 radius=194.01533783512573 next_radius=194.01533783512573 lambda=7.2214396437486134e-05 next_lambda=7.2214396437486134e-05 rho=0.99803844843902845 accept=1
CLASSICAL_LM o=91 lambda=7.2214396437486134e-05 tau=7.2214396437486134e-05 prediction=16.755347846279101 rho=0.99803844843902845 accept=1
  MFCG it  92 cost=2.585874e+05 lam=7.221e-05 tau=0.00e+00 cg_it=2 shift=0 ckpt=3 alpha=0 acc mv=277
PCG_PREP o=92 rebuild=1 drift=0 previous_depth=3
E2_CAP o=92 retry=0 touched=2 ncam=52 raw=1812.501518055115 capped=68.604035134970474 radius=194.01533783512573 median=1.5781445925868187 global_scale=1
ATTR_RADIUS o=92 raw_norm=1812.5015180551152 norm=68.604035134970474 radius=194.01533783512573 next_radius=194.01533783512573 lambda=7.2214396437486134e-05 next_lambda=7.2214396437486134e-05 rho=0.99961795056370406 accept=1
CLASSICAL_LM o=92 lambda=7.2214396437486134e-05 tau=7.2214396437486134e-05 prediction=13.145062298041699 rho=0.99961795056370406 accept=1
  MFCG it  93 cost=2.585743e+05 lam=7.221e-05 tau=0.00e+00 cg_it=1 shift=0 ckpt=2 alpha=0 acc mv=280
PCG_PREP o=93 rebuild=1 drift=0 previous_depth=2
E2_CAP o=93 retry=0 touched=2 ncam=52 raw=1906.979723373217 capped=120.31138769130075 radius=194.01533783512573 median=2.7752797074510953 global_scale=1
ATTR_RADIUS o=93 raw_norm=1906.979723373217 norm=120.31138769130072 radius=194.01533783512573 next_radius=194.01533783512573 lambda=7.2214396437486134e-05 next_lambda=7.2214396437486134e-05 rho=0.99820120507325738 accept=1
CLASSICAL_LM o=93 lambda=7.2214396437486134e-05 tau=7.2214396437486134e-05 prediction=16.290230859425577 rho=0.99820120507325738 accept=1
  MFCG it  94 cost=2.585580e+05 lam=7.221e-05 tau=0.00e+00 cg_it=2 shift=0 ckpt=3 alpha=0 acc mv=284
PCG_PREP o=94 rebuild=1 drift=0 previous_depth=3
E2_CAP o=94 retry=0 touched=2 ncam=52 raw=1799.6407844456562 capped=67.078358350756289 radius=194.01533783512573 median=1.5434225367967991 global_scale=1
ATTR_RADIUS o=94 raw_norm=1799.6407844456555 norm=67.078358350756289 radius=194.01533783512573 next_radius=194.01533783512573 lambda=7.2214396437486134e-05 next_lambda=7.2214396437486134e-05 rho=0.99967965350485566 accept=1
CLASSICAL_LM o=94 lambda=7.2214396437486134e-05 tau=7.2214396437486134e-05 prediction=12.452848362034949 rho=0.99967965350485566 accept=1
  MFCG it  95 cost=2.585456e+05 lam=7.221e-05 tau=0.00e+00 cg_it=1 shift=0 ckpt=2 alpha=0 acc mv=287
PCG_PREP o=95 rebuild=1 drift=0 previous_depth=2
E2_CAP o=95 retry=0 touched=2 ncam=52 raw=1888.8327746787991 capped=119.52089322720161 radius=194.01533783512573 median=2.7592844865039963 global_scale=1
ATTR_RADIUS o=95 raw_norm=1888.8327746787988 norm=119.52089322720161 radius=194.01533783512573 next_radius=194.01533783512573 lambda=7.2214396437486134e-05 next_lambda=7.2214396437486134e-05 rho=0.9983385355806792 accept=1
CLASSICAL_LM o=95 lambda=7.2214396437486134e-05 tau=7.2214396437486134e-05 prediction=15.826242278538471 rho=0.9983385355806792 accept=1
  MFCG it  96 cost=2.585298e+05 lam=7.221e-05 tau=0.00e+00 cg_it=2 shift=0 ckpt=3 alpha=0 acc mv=291
PCG_PREP o=96 rebuild=1 drift=0 previous_depth=3
E2_CAP o=96 retry=0 touched=2 ncam=52 raw=1787.3163006483942 capped=65.202582157606869 radius=194.01533783512573 median=1.5000723027896605 global_scale=1
ATTR_RADIUS o=96 raw_norm=1787.3163006483946 norm=65.202582157606869 radius=194.01533783512573 next_radius=194.01533783512573 lambda=7.2214396437486134e-05 next_lambda=7.2214396437486134e-05 rho=0.99973478405407368 accept=1
CLASSICAL_LM o=96 lambda=7.2214396437486134e-05 tau=7.2214396437486134e-05 prediction=11.746025582357889 rho=0.99973478405407368 accept=1
  MFCG it  97 cost=2.585181e+05 lam=7.221e-05 tau=0.00e+00 cg_it=1 shift=0 ckpt=2 alpha=0 acc mv=294
PCG_PREP o=97 rebuild=1 drift=0 previous_depth=2
E2_CAP o=97 retry=0 touched=2 ncam=52 raw=1871.5262914698701 capped=118.65560550882839 radius=194.01533783512573 median=2.7411135353915532 global_scale=1
ATTR_RADIUS o=97 raw_norm=1871.5262914698706 norm=118.65560550882837 radius=194.01533783512573 next_radius=194.01533783512573 lambda=7.2214396437486134e-05 next_lambda=7.2214396437486134e-05 rho=0.99845569392005817 accept=1
CLASSICAL_LM o=97 lambda=7.2214396437486134e-05 tau=7.2214396437486134e-05 prediction=15.37175372672877 rho=0.99845569392005817 accept=1
  MFCG it  98 cost=2.585027e+05 lam=7.221e-05 tau=0.00e+00 cg_it=2 shift=0 ckpt=3 alpha=0 acc mv=298
PCG_PREP o=98 rebuild=1 drift=0 previous_depth=3
E2_CAP o=98 retry=0 touched=2 ncam=52 raw=1775.5431596362084 capped=63.903727226068362 radius=194.01533783512573 median=1.4705158868354216 global_scale=1
ATTR_RADIUS o=98 raw_norm=1775.5431596362089 norm=63.90372722606832 radius=194.01533783512573 next_radius=194.01533783512573 lambda=7.2214396437486134e-05 next_lambda=7.2214396437486134e-05 rho=0.99977782236601731 accept=1
CLASSICAL_LM o=98 lambda=7.2214396437486134e-05 tau=7.2214396437486134e-05 prediction=11.177151946611414 rho=0.99977782236601731 accept=1
  MFCG it  99 cost=2.584915e+05 lam=7.221e-05 tau=0.00e+00 cg_it=1 shift=0 ckpt=2 alpha=0 acc mv=301
PCG_PREP o=99 rebuild=1 drift=0 previous_depth=2
E2_CAP o=99 retry=0 touched=2 ncam=52 raw=1854.9748407708846 capped=117.52209617082586 radius=194.01533783512573 median=2.7162187740293011 global_scale=1
ATTR_RADIUS o=99 raw_norm=1854.9748407708839 norm=117.52209617082592 radius=194.01533783512573 next_radius=194.01533783512573 lambda=7.2214396437486134e-05 next_lambda=7.2214396437486134e-05 rho=0.99855925666127865 accept=1
CLASSICAL_LM o=99 lambda=7.2214396437486134e-05 tau=7.2214396437486134e-05 prediction=14.8974514681258 rho=0.99855925666127865 accept=1
  MFCG it 100 cost=2.584767e+05 lam=7.221e-05 tau=0.00e+00 cg_it=2 shift=0 ckpt=3 alpha=0 acc mv=305
PCG_PREP o=100 rebuild=1 drift=0 previous_depth=3
E2_CAP o=100 retry=0 touched=2 ncam=52 raw=1844.7593680575701 capped=106.94496690112634 radius=194.01533783512573 median=2.4817858430281898 global_scale=1
ATTR_RADIUS o=100 raw_norm=1844.7593680575701 norm=106.94496690112634 radius=194.01533783512573 next_radius=194.01533783512573 lambda=7.2214396437486134e-05 next_lambda=7.2214396437486134e-05 rho=0.99898020637225748 accept=1
CLASSICAL_LM o=100 lambda=7.2214396437486134e-05 tau=7.2214396437486134e-05 prediction=14.59141852188751 rho=0.99898020637225748 accept=1
  MFCG it 101 cost=2.584621e+05 lam=7.221e-05 tau=0.00e+00 cg_it=2 shift=0 ckpt=3 alpha=0 acc mv=309
PCG_PREP o=101 rebuild=1 drift=0 previous_depth=3
E2_CAP o=101 retry=0 touched=2 ncam=52 raw=1758.4325635007199 capped=65.412233439891097 radius=194.01533783512573 median=1.5075331337342051 global_scale=1
ATTR_RADIUS o=101 raw_norm=1758.4325635007194 norm=65.412233439891097 radius=194.01533783512573 next_radius=194.01533783512573 lambda=7.2214396437486134e-05 next_lambda=7.2214396437486134e-05 rho=0.99986193612809104 accept=1
CLASSICAL_LM o=101 lambda=7.2214396437486134e-05 tau=7.2214396437486134e-05 prediction=10.992859088593248 rho=0.99986193612809104 accept=1
  MFCG it 102 cost=2.584511e+05 lam=7.221e-05 tau=0.00e+00 cg_it=1 shift=0 ckpt=2 alpha=0 acc mv=312
PCG_PREP o=102 rebuild=1 drift=0 previous_depth=2
E2_CAP o=102 retry=0 touched=2 ncam=52 raw=1829.7069901828359 capped=111.55863568343376 radius=194.01533783512573 median=2.5783374327872202 global_scale=1
ATTR_RADIUS o=102 raw_norm=1829.7069901828361 norm=111.55863568343381 radius=194.01533783512573 next_radius=194.01533783512573 lambda=7.2214396437486134e-05 next_lambda=7.2214396437486134e-05 rho=0.99881755122638349 accept=1
CLASSICAL_LM o=102 lambda=7.2214396437486134e-05 tau=7.2214396437486134e-05 prediction=13.791785025989164 rho=0.99881755122638349 accept=1
  MFCG it 103 cost=2.584373e+05 lam=7.221e-05 tau=0.00e+00 cg_it=2 shift=0 ckpt=3 alpha=0 acc mv=316
PCG_PREP o=103 rebuild=1 drift=0 previous_depth=3
E2_CAP o=103 retry=0 touched=2 ncam=52 raw=1747.4466824410579 capped=62.491812858757903 radius=194.01533783512573 median=1.4400874694596313 global_scale=1
ATTR_RADIUS o=103 raw_norm=1747.4466824410576 norm=62.491812858757896 radius=194.01533783512573 next_radius=194.01533783512573 lambda=7.2214396437486134e-05 next_lambda=7.2214396437486134e-05 rho=0.99987359833260392 accept=1
CLASSICAL_LM o=103 lambda=7.2214396437486134e-05 tau=7.2214396437486134e-05 prediction=10.193715025624398 rho=0.99987359833260392 accept=1
  MFCG it 104 cost=2.584271e+05 lam=7.221e-05 tau=0.00e+00 cg_it=1 shift=0 ckpt=2 alpha=0 acc mv=319
PCG_PREP o=104 rebuild=1 drift=0 previous_depth=2
E2_CAP o=104 retry=0 touched=2 ncam=52 raw=1815.3255903305726 capped=109.75482728801445 radius=194.01533783512573 median=2.5360602429009003 global_scale=1
ATTR_RADIUS o=104 raw_norm=1815.3255903305726 norm=109.75482728801447 radius=194.01533783512573 next_radius=194.01533783512573 lambda=7.2214396437486134e-05 next_lambda=7.2214396437486134e-05 rho=0.99886277786495181 accept=1
CLASSICAL_LM o=104 lambda=7.2214396437486134e-05 tau=7.2214396437486134e-05 prediction=13.204407671396323 rho=0.99886277786495181 accept=1
  MFCG it 105 cost=2.584139e+05 lam=7.221e-05 tau=0.00e+00 cg_it=2 shift=0 ckpt=3 alpha=0 acc mv=323
PCG_PREP o=105 rebuild=1 drift=0 previous_depth=3
E2_CAP o=105 retry=0 touched=2 ncam=52 raw=1806.5555169569302 capped=100.59826087132141 radius=194.01533783512573 median=2.3333983604563779 global_scale=1
ATTR_RADIUS o=105 raw_norm=1806.5555169569304 norm=100.5982608713214 radius=194.01533783512573 next_radius=194.01533783512573 lambda=7.2214396437486134e-05 next_lambda=7.2214396437486134e-05 rho=0.9991889263290199 accept=1
CLASSICAL_LM o=105 lambda=7.2214396437486134e-05 tau=7.2214396437486134e-05 prediction=12.975335561619817 rho=0.9991889263290199 accept=1
  MFCG it 106 cost=2.584010e+05 lam=7.221e-05 tau=0.00e+00 cg_it=2 shift=0 ckpt=3 alpha=0 acc mv=327
PCG_PREP o=106 rebuild=1 drift=0 previous_depth=3
E2_CAP o=106 retry=0 touched=2 ncam=52 raw=1836.1455977371643 capped=33.434443508517354 radius=194.01533783512573 median=0.74525181807261931 global_scale=1
ATTR_RADIUS o=106 raw_norm=1836.1455977371645 norm=33.434443508517361 radius=194.01533783512573 next_radius=194.01533783512573 lambda=7.2214396437486134e-05 next_lambda=7.2214396437486134e-05 rho=1.0000142677185671 accept=1
CLASSICAL_LM o=106 lambda=7.2214396437486134e-05 tau=7.2214396437486134e-05 prediction=5.1717972107172185 rho=1.0000142677185671 accept=1
  MFCG it 107 cost=2.583958e+05 lam=7.221e-05 tau=0.00e+00 cg_it=0 shift=0 ckpt=1 alpha=0 acc mv=329
PCG_PREP o=107 rebuild=1 drift=0 previous_depth=1
E2_CAP o=107 retry=0 touched=2 ncam=52 raw=1796.0668264175979 capped=112.7161336275034 radius=194.01533783512573 median=2.6117352255540602 global_scale=1
ATTR_RADIUS o=107 raw_norm=1796.0668264175974 norm=112.7161336275034 radius=194.01533783512573 next_radius=194.01533783512573 lambda=7.2214396437486134e-05 next_lambda=7.2214396437486134e-05 rho=0.99887792504817885 accept=1
CLASSICAL_LM o=107 lambda=7.2214396437486134e-05 tau=7.2214396437486134e-05 prediction=13.469224083879592 rho=0.99887792504817885 accept=1
  MFCG it 108 cost=2.583823e+05 lam=7.221e-05 tau=0.00e+00 cg_it=2 shift=0 ckpt=3 alpha=0 acc mv=333
PCG_PREP o=108 rebuild=1 drift=0 previous_depth=3
E2_CAP o=108 retry=0 touched=2 ncam=52 raw=1787.6572346488733 capped=96.986486485601375 radius=194.01533783512573 median=2.2493103797292315 global_scale=1
ATTR_RADIUS o=108 raw_norm=1787.6572346488731 norm=96.98648648560139 radius=194.01533783512573 next_radius=194.01533783512573 lambda=7.2214396437486134e-05 next_lambda=7.2214396437486134e-05 rho=0.99930538826662074 accept=1
CLASSICAL_LM o=108 lambda=7.2214396437486134e-05 tau=7.2214396437486134e-05 prediction=12.293752458828184 rho=0.99930538826662074 accept=1
  MFCG it 109 cost=2.583701e+05 lam=7.221e-05 tau=0.00e+00 cg_it=2 shift=0 ckpt=3 alpha=0 acc mv=337
PCG_PREP o=109 rebuild=1 drift=0 previous_depth=3
E2_CAP o=109 retry=0 touched=2 ncam=52 raw=1818.6097564687286 capped=32.797336725971711 radius=194.01533783512573 median=0.73380448296779155 global_scale=1
ATTR_RADIUS o=109 raw_norm=1818.6097564687288 norm=32.797336725971725 radius=194.01533783512573 next_radius=194.01533783512573 lambda=7.2214396437486134e-05 next_lambda=7.2214396437486134e-05 rho=1.0000315336256866 accept=1
CLASSICAL_LM o=109 lambda=7.2214396437486134e-05 tau=7.2214396437486134e-05 prediction=4.9180342349051935 rho=1.0000315336256866 accept=1
  MFCG it 110 cost=2.583651e+05 lam=7.221e-05 tau=0.00e+00 cg_it=0 shift=0 ckpt=1 alpha=0 acc mv=339
PCG_PREP o=110 rebuild=1 drift=0 previous_depth=1
E2_CAP o=110 retry=0 touched=2 ncam=52 raw=1778.0360416546757 capped=107.93728786477357 radius=194.01533783512573 median=2.5004242232940808 global_scale=1
ATTR_RADIUS o=110 raw_norm=1778.0360416546762 norm=107.93728786477358 radius=194.01533783512573 next_radius=194.01533783512573 lambda=7.2214396437486134e-05 next_lambda=7.2214396437486134e-05 rho=0.99900137036399561 accept=1
CLASSICAL_LM o=110 lambda=7.2214396437486134e-05 tau=7.2214396437486134e-05 prediction=12.661426353536157 rho=0.99900137036399561 accept=1
  MFCG it 111 cost=2.583525e+05 lam=7.221e-05 tau=0.00e+00 cg_it=2 shift=0 ckpt=3 alpha=0 acc mv=343
PCG_PREP o=111 rebuild=1 drift=0 previous_depth=3
E2_CAP o=111 retry=0 touched=2 ncam=52 raw=1807.8523057975644 capped=30.611113705281717 radius=194.01533783512573 median=0.68374875960932768 global_scale=1
ATTR_RADIUS o=111 raw_norm=1807.8523057975654 norm=30.611113705281713 radius=194.01533783512573 next_radius=194.01533783512573 lambda=7.2214396437486134e-05 next_lambda=7.2214396437486134e-05 rho=1.0000228986050812 accept=1
CLASSICAL_LM o=111 lambda=7.2214396437486134e-05 tau=7.2214396437486134e-05 prediction=4.5173987923610444 rho=1.0000228986050812 accept=1
  MFCG it 112 cost=2.583480e+05 lam=7.221e-05 tau=0.00e+00 cg_it=0 shift=0 ckpt=1 alpha=0 acc mv=345
PCG_PREP o=112 rebuild=1 drift=0 previous_depth=1
E2_CAP o=112 retry=0 touched=2 ncam=52 raw=1768.2549886279082 capped=105.51815834061142 radius=194.01533783512573 median=2.4434281258828356 global_scale=1
ATTR_RADIUS o=112 raw_norm=1768.2549886279078 norm=105.51815834061145 radius=194.01533783512573 next_radius=194.01533783512573 lambda=7.2214396437486134e-05 next_lambda=7.2214396437486134e-05 rho=0.99901001600145556 accept=1
CLASSICAL_LM o=112 lambda=7.2214396437486134e-05 tau=7.2214396437486134e-05 prediction=12.150953027146183 rho=0.99901001600145556 accept=1
  MFCG it 113 cost=2.583358e+05 lam=7.221e-05 tau=0.00e+00 cg_it=2 shift=0 ckpt=3 alpha=0 acc mv=349
PCG_PREP o=113 rebuild=1 drift=0 previous_depth=3
E2_CAP o=113 retry=0 touched=2 ncam=52 raw=1760.839979022521 capped=92.50239609735705 radius=194.01533783512573 median=2.1448260607176453 global_scale=1
ATTR_RADIUS o=113 raw_norm=1760.8399790225208 norm=92.502396097357035 radius=194.01533783512573 next_radius=194.01533783512573 lambda=7.2214396437486134e-05 next_lambda=7.2214396437486134e-05 rho=0.99938570463559329 accept=1
CLASSICAL_LM o=113 lambda=7.2214396437486134e-05 tau=7.2214396437486134e-05 prediction=11.280165436524328 rho=0.99938570463559329 accept=1
  MFCG it 114 cost=2.583246e+05 lam=7.221e-05 tau=0.00e+00 cg_it=2 shift=0 ckpt=3 alpha=0 acc mv=353
PCG_PREP o=114 rebuild=1 drift=0 previous_depth=3
E2_CAP o=114 retry=0 touched=2 ncam=52 raw=1791.2220797025566 capped=31.186931850165223 radius=194.01533783512573 median=0.70013090454307636 global_scale=1
ATTR_RADIUS o=114 raw_norm=1791.2220797025566 norm=31.186931850165212 radius=194.01533783512573 next_radius=194.01533783512573 lambda=7.2214396437486134e-05 next_lambda=7.2214396437486134e-05 rho=1.0000393981806488 accept=1
CLASSICAL_LM o=114 lambda=7.2214396437486134e-05 tau=7.2214396437486134e-05 prediction=4.4670246943055316 rho=1.0000393981806488 accept=1
  MFCG it 115 cost=2.583201e+05 lam=7.221e-05 tau=0.00e+00 cg_it=0 shift=0 ckpt=1 alpha=0 acc mv=355
PCG_PREP o=115 rebuild=1 drift=0 previous_depth=1
E2_CAP o=115 retry=0 touched=2 ncam=52 raw=1752.2236982753127 capped=101.0498460700084 radius=194.01533783512573 median=2.3393360661639679 global_scale=1
ATTR_RADIUS o=115 raw_norm=1752.2236982753127 norm=101.04984607000843 radius=194.01533783512573 next_radius=194.01533783512573 lambda=7.2214396437486134e-05 next_lambda=7.2214396437486134e-05 rho=0.9991188222771773 accept=1
CLASSICAL_LM o=115 lambda=7.2214396437486134e-05 tau=7.2214396437486134e-05 prediction=11.429327021901084 rho=0.9991188222771773 accept=1
  MFCG it 116 cost=2.583087e+05 lam=7.221e-05 tau=0.00e+00 cg_it=2 shift=0 ckpt=3 alpha=0 acc mv=359
PCG_PREP o=116 rebuild=1 drift=0 previous_depth=3
E2_CAP o=116 retry=0 touched=2 ncam=52 raw=1781.1758293381715 capped=28.798525354770394 radius=194.01533783512573 median=0.64445701578856829 global_scale=1
ATTR_RADIUS o=116 raw_norm=1781.175829338172 norm=28.798525354770383 radius=194.01533783512573 next_radius=194.01533783512573 lambda=7.2214396437486134e-05 next_lambda=7.2214396437486134e-05 rho=1.0000285288410253 accept=1
CLASSICAL_LM o=116 lambda=7.2214396437486134e-05 tau=7.2214396437486134e-05 prediction=4.0755063588244154 rho=1.0000285288410253 accept=1
  MFCG it 117 cost=2.583046e+05 lam=7.221e-05 tau=0.00e+00 cg_it=0 shift=0 ckpt=1 alpha=0 acc mv=361
PCG_PREP o=117 rebuild=1 drift=0 previous_depth=1
E2_CAP o=117 retry=0 touched=2 ncam=52 raw=1743.5659218690148 capped=101.83202765815034 radius=194.01533783512573 median=2.3589809873051664 global_scale=1
ATTR_RADIUS o=117 raw_norm=1743.5659218690148 norm=101.83202765815031 radius=194.01533783512573 next_radius=194.01533783512573 lambda=7.2214396437486134e-05 next_lambda=7.2214396437486134e-05 rho=0.99909776321561627 accept=1
CLASSICAL_LM o=117 lambda=7.2214396437486134e-05 tau=7.2214396437486134e-05 prediction=11.344824198293512 rho=0.99909776321561627 accept=1
  MFCG it 118 cost=2.582933e+05 lam=7.221e-05 tau=0.00e+00 cg_it=2 shift=0 ckpt=3 alpha=0 acc mv=365
PCG_PREP o=118 rebuild=1 drift=0 previous_depth=3
E2_CAP o=118 retry=0 touched=2 ncam=52 raw=1771.691818722622 capped=28.47398892508977 radius=194.01533783512573 median=0.63866073303869075 global_scale=1
ATTR_RADIUS o=118 raw_norm=1771.6918187226215 norm=28.47398892508977 radius=194.01533783512573 next_radius=194.01533783512573 lambda=7.2214396437486134e-05 next_lambda=7.2214396437486134e-05 rho=1.0000245541386972 accept=1
CLASSICAL_LM o=118 lambda=7.2214396437486134e-05 tau=7.2214396437486134e-05 prediction=3.9602374096438582 rho=1.0000245541386972 accept=1
  MFCG it 119 cost=2.582893e+05 lam=7.221e-05 tau=0.00e+00 cg_it=0 shift=0 ckpt=1 alpha=0 acc mv=367
PCG_PREP o=119 rebuild=1 drift=0 previous_depth=1
E2_CAP o=119 retry=0 touched=2 ncam=52 raw=1735.0040152054112 capped=102.39979317558765 radius=194.01533783512573 median=2.3736435293820701 global_scale=1
ATTR_RADIUS o=119 raw_norm=1735.004015205411 norm=102.39979317558763 radius=194.01533783512573 next_radius=194.01533783512573 lambda=7.2214396437486134e-05 next_lambda=7.2214396437486134e-05 rho=0.9990898896745245 accept=1
CLASSICAL_LM o=119 lambda=7.2214396437486134e-05 tau=7.2214396437486134e-05 prediction=11.26731871690632 rho=0.9990898896745245 accept=1
  MFCG it 120 cost=2.582780e+05 lam=7.221e-05 tau=0.00e+00 cg_it=2 shift=0 ckpt=3 alpha=0 acc mv=371
PCG_PREP o=120 rebuild=1 drift=0 previous_depth=3
E2_CAP o=120 retry=0 touched=2 ncam=52 raw=1728.3000581228005 capped=87.711680489534274 radius=194.01533783512573 median=2.0331744908756386 global_scale=1
ATTR_RADIUS o=120 raw_norm=1728.3000581228 norm=87.711680489534274 radius=194.01533783512573 next_radius=194.01533783512573 lambda=7.2214396437486134e-05 next_lambda=7.2214396437486134e-05 rho=0.99944815844426371 accept=1
CLASSICAL_LM o=120 lambda=7.2214396437486134e-05 tau=7.2214396437486134e-05 prediction=10.186660213821231 rho=0.99944815844426371 accept=1
  MFCG it 121 cost=2.582679e+05 lam=7.221e-05 tau=0.00e+00 cg_it=2 shift=0 ckpt=3 alpha=0 acc mv=375
PCG_PREP o=121 rebuild=1 drift=0 previous_depth=3
E2_CAP o=121 retry=0 touched=2 ncam=52 raw=1756.4209279916142 capped=28.747349341668571 radius=194.01533783512573 median=0.64675751504923262 global_scale=1
ATTR_RADIUS o=121 raw_norm=1756.4209279916145 norm=28.747349341668567 radius=194.01533783512573 next_radius=194.01533783512573 lambda=7.2214396437486134e-05 next_lambda=7.2214396437486134e-05 rho=1.0000431953583326 accept=1
CLASSICAL_LM o=121 lambda=7.2214396437486134e-05 tau=7.2214396437486134e-05 prediction=3.904365348056583 rho=1.0000431953583326 accept=1
  MFCG it 122 cost=2.582640e+05 lam=7.221e-05 tau=0.00e+00 cg_it=0 shift=0 ckpt=1 alpha=0 acc mv=377
PCG_PREP o=122 rebuild=1 drift=0 previous_depth=1
E2_CAP o=122 retry=0 touched=2 ncam=52 raw=1720.7806865836878 capped=95.141268311215711 radius=194.01533783512573 median=2.2023767951229241 global_scale=1
ATTR_RADIUS o=122 raw_norm=1720.7806865836878 norm=95.141268311215725 radius=194.01533783512573 next_radius=194.01533783512573 lambda=7.2214396437486134e-05 next_lambda=7.2214396437486134e-05 rho=0.99921023921133278 accept=1
CLASSICAL_LM o=122 lambda=7.2214396437486134e-05 tau=7.2214396437486134e-05 prediction=10.296745450951336 rho=0.99921023921133278 accept=1
  MFCG it 123 cost=2.582537e+05 lam=7.221e-05 tau=0.00e+00 cg_it=2 shift=0 ckpt=3 alpha=0 acc mv=381
PCG_PREP o=123 rebuild=1 drift=0 previous_depth=3
E2_CAP o=123 retry=0 touched=2 ncam=52 raw=1747.3626893795351 capped=27.249827508425799 radius=194.01533783512573 median=0.61259652010813448 global_scale=1
ATTR_RADIUS o=123 raw_norm=1747.3626893795351 norm=27.249827508425792 radius=194.01533783512573 next_radius=194.01533783512573 lambda=7.2214396437486134e-05 next_lambda=7.2214396437486134e-05 rho=1.0000280844657035 accept=1
CLASSICAL_LM o=123 lambda=7.2214396437486134e-05 tau=7.2214396437486134e-05 prediction=3.655477620541101 rho=1.0000280844657035 accept=1
  MFCG it 124 cost=2.582500e+05 lam=7.221e-05 tau=0.00e+00 cg_it=0 shift=0 ckpt=1 alpha=0 acc mv=383
PCG_PREP o=124 rebuild=1 drift=0 previous_depth=1
E2_CAP o=124 retry=0 touched=2 ncam=52 raw=1713.1783878266046 capped=98.042428756492967 radius=194.01533783512573 median=2.2727580873019466 global_scale=1
ATTR_RADIUS o=124 raw_norm=1713.1783878266046 norm=98.042428756492995 radius=194.01533783512573 next_radius=194.01533783512573 lambda=7.2214396437486134e-05 next_lambda=7.2214396437486134e-05 rho=0.99917314932926804 accept=1
CLASSICAL_LM o=124 lambda=7.2214396437486134e-05 tau=7.2214396437486134e-05 prediction=10.479641087039203 rho=0.99917314932926804 accept=1
  MFCG it 125 cost=2.582395e+05 lam=7.221e-05 tau=0.00e+00 cg_it=2 shift=0 ckpt=3 alpha=0 acc mv=387
PCG_PREP o=125 rebuild=1 drift=0 previous_depth=3
E2_CAP o=125 retry=0 touched=2 ncam=52 raw=1738.6400773550547 capped=26.505965142481845 radius=194.01533783512573 median=0.59607460444002358 global_scale=1
ATTR_RADIUS o=125 raw_norm=1738.6400773550552 norm=26.505965142481852 radius=194.01533783512573 next_radius=194.01533783512573 lambda=7.2214396437486134e-05 next_lambda=7.2214396437486134e-05 rho=1.0000274370174809 accept=1
CLASSICAL_LM o=125 lambda=7.2214396437486134e-05 tau=7.2214396437486134e-05 prediction=3.5090180501233297 rho=1.0000274370174809 accept=1
  MFCG it 126 cost=2.582360e+05 lam=7.221e-05 tau=0.00e+00 cg_it=0 shift=0 ckpt=1 alpha=0 acc mv=389
PCG_PREP o=126 rebuild=1 drift=0 previous_depth=1
E2_CAP o=126 retry=0 touched=2 ncam=52 raw=1705.5272774673015 capped=98.665020715369678 radius=194.01533783512573 median=2.2885941896013184 global_scale=1
ATTR_RADIUS o=126 raw_norm=1705.5272774673017 norm=98.665020715369678 radius=194.01533783512573 next_radius=194.01533783512573 lambda=7.2214396437486134e-05 next_lambda=7.2214396437486134e-05 rho=0.99916056968351885 accept=1
CLASSICAL_LM o=126 lambda=7.2214396437486134e-05 tau=7.2214396437486134e-05 prediction=10.434540621863411 rho=0.99916056968351885 accept=1
  MFCG it 127 cost=2.582256e+05 lam=7.221e-05 tau=0.00e+00 cg_it=2 shift=0 ckpt=3 alpha=0 acc mv=393
PCG_PREP o=127 rebuild=1 drift=0 previous_depth=3
E2_CAP o=127 retry=0 touched=2 ncam=52 raw=1730.1461809103546 capped=25.787242869997367 radius=194.01533783512573 median=0.57993495155575192 global_scale=1
ATTR_RADIUS o=127 raw_norm=1730.1461809103539 norm=25.787242869997375 radius=194.01533783512573 next_radius=194.01533783512573 lambda=7.2214396437486134e-05 next_lambda=7.2214396437486134e-05 rho=1.0000271014158584 accept=1
CLASSICAL_LM o=127 lambda=7.2214396437486134e-05 tau=7.2214396437486134e-05 prediction=3.3732423929590771 rho=1.0000271014158584 accept=1
  MFCG it 128 cost=2.582222e+05 lam=7.221e-05 tau=0.00e+00 cg_it=0 shift=0 ckpt=1 alpha=0 acc mv=395
PCG_PREP o=128 rebuild=1 drift=0 previous_depth=1
E2_CAP o=128 retry=0 touched=2 ncam=52 raw=1697.9991953426859 capped=98.07335937097406 radius=194.01533783512573 median=2.2754090773341202 global_scale=1
ATTR_RADIUS o=128 raw_norm=1697.9991953426857 norm=98.073359370974032 radius=194.01533783512573 next_radius=194.01533783512573 lambda=7.2214396437486134e-05 next_lambda=7.2214396437486134e-05 rho=0.99916164750684111 accept=1
CLASSICAL_LM o=128 lambda=7.2214396437486134e-05 tau=7.2214396437486134e-05 prediction=10.267555116632549 rho=0.99916164750684111 accept=1
  MFCG it 129 cost=2.582120e+05 lam=7.221e-05 tau=0.00e+00 cg_it=2 shift=0 ckpt=3 alpha=0 acc mv=399
PCG_PREP o=129 rebuild=1 drift=0 previous_depth=3
E2_CAP o=129 retry=0 touched=2 ncam=52 raw=1721.8817026966246 capped=25.37314833629021 radius=194.01533783512573 median=0.57118170534248658 global_scale=1
ATTR_RADIUS o=129 raw_norm=1721.8817026966251 norm=25.373148336290207 radius=194.01533783512573 next_radius=194.01533783512573 lambda=7.2214396437486134e-05 next_lambda=7.2214396437486134e-05 rho=1.0000256484021277 accept=1
CLASSICAL_LM o=129 lambda=7.2214396437486134e-05 tau=7.2214396437486134e-05 prediction=3.2779405122140144 rho=1.0000256484021277 accept=1
  MFCG it 130 cost=2.582087e+05 lam=7.221e-05 tau=0.00e+00 cg_it=0 shift=0 ckpt=1 alpha=0 acc mv=401
PCG_PREP o=130 rebuild=1 drift=0 previous_depth=1
E2_CAP o=130 retry=0 touched=2 ncam=52 raw=1690.6595868969739 capped=96.729588551156567 radius=194.01533783512573 median=2.2442420725424821 global_scale=1
ATTR_RADIUS o=130 raw_norm=1690.6595868969741 norm=96.729588551156581 radius=194.01533783512573 next_radius=194.01533783512573 lambda=7.2214396437486134e-05 next_lambda=7.2214396437486134e-05 rho=0.99917134707988631 accept=1
CLASSICAL_LM o=130 lambda=7.2214396437486134e-05 tau=7.2214396437486134e-05 prediction=10.023918983868651 rho=0.99917134707988631 accept=1
  MFCG it 131 cost=2.581987e+05 lam=7.221e-05 tau=0.00e+00 cg_it=2 shift=0 ckpt=3 alpha=0 acc mv=405
PCG_PREP o=131 rebuild=1 drift=0 previous_depth=3
E2_CAP o=131 retry=0 touched=2 ncam=52 raw=1713.8469878055223 capped=24.998665748260613 radius=194.01533783512573 median=0.56329260254011704 global_scale=1
ATTR_RADIUS o=131 raw_norm=1713.8469878055218 norm=24.99866574826061 radius=194.01533783512573 next_radius=194.01533783512573 lambda=7.2214396437486134e-05 next_lambda=7.2214396437486134e-05 rho=1.0000235986974717 accept=1
CLASSICAL_LM o=131 lambda=7.2214396437486134e-05 tau=7.2214396437486134e-05 prediction=3.1911028616588362 rho=1.0000235986974717 accept=1
  MFCG it 132 cost=2.581955e+05 lam=7.221e-05 tau=0.00e+00 cg_it=0 shift=0 ckpt=1 alpha=0 acc mv=407
PCG_PREP o=132 rebuild=1 drift=0 previous_depth=1
E2_CAP o=132 retry=0 touched=2 ncam=52 raw=1683.5490299471214 capped=95.397190604728024 radius=194.01533783512573 median=2.2133570849649082 global_scale=1
ATTR_RADIUS o=132 raw_norm=1683.5490299471207 norm=95.397190604728053 radius=194.01533783512573 next_radius=194.01533783512573 lambda=7.2214396437486134e-05 next_lambda=7.2214396437486134e-05 rho=0.9991824393702794 accept=1
CLASSICAL_LM o=132 lambda=7.2214396437486134e-05 tau=7.2214396437486134e-05 prediction=9.787866250911728 rho=0.9991824393702794 accept=1
  MFCG it 133 cost=2.581857e+05 lam=7.221e-05 tau=0.00e+00 cg_it=2 shift=0 ckpt=3 alpha=0 acc mv=411
PCG_PREP o=133 rebuild=1 drift=0 previous_depth=3
E2_CAP o=133 retry=0 touched=2 ncam=52 raw=1706.0321163966607 capped=24.615091166638855 radius=194.01533783512573 median=0.55509843046347673 global_scale=1
ATTR_RADIUS o=133 raw_norm=1706.0321163966603 norm=24.615091166638862 radius=194.01533783512573 next_radius=194.01533783512573 lambda=7.2214396437486134e-05 next_lambda=7.2214396437486134e-05 rho=1.0000217560467133 accept=1
CLASSICAL_LM o=133 lambda=7.2214396437486134e-05 tau=7.2214396437486134e-05 prediction=3.1066364885070858 rho=1.0000217560467133 accept=1
  MFCG it 134 cost=2.581826e+05 lam=7.221e-05 tau=0.00e+00 cg_it=0 shift=0 ckpt=1 alpha=0 acc mv=413
PCG_PREP o=134 rebuild=1 drift=0 previous_depth=1
E2_CAP o=134 retry=0 touched=2 ncam=52 raw=1676.6568274251995 capped=94.098205098016493 radius=194.01533783512573 median=2.1832670929470765 global_scale=1
ATTR_RADIUS o=134 raw_norm=1676.6568274251997 norm=94.098205098016479 radius=194.01533783512573 next_radius=194.01533783512573 lambda=7.2214396437486134e-05 next_lambda=7.2214396437486134e-05 rho=0.99919395778714615 accept=1
CLASSICAL_LM o=134 lambda=7.2214396437486134e-05 tau=7.2214396437486134e-05 prediction=9.561973876289672 rho=0.99919395778714615 accept=1
  MFCG it 135 cost=2.581731e+05 lam=7.221e-05 tau=0.00e+00 cg_it=2 shift=0 ckpt=3 alpha=0 acc mv=417
PCG_PREP o=135 rebuild=1 drift=0 previous_depth=3
E2_CAP o=135 retry=0 touched=2 ncam=52 raw=1698.4323227797038 capped=24.166013351579629 radius=194.01533783512573 median=0.5452225130953543 global_scale=1
ATTR_RADIUS o=135 raw_norm=1698.4323227797036 norm=24.166013351579636 radius=194.01533783512573 next_radius=194.01533783512573 lambda=7.2214396437486134e-05 next_lambda=7.2214396437486134e-05 rho=1.0000204268310493 accept=1
CLASSICAL_LM o=135 lambda=7.2214396437486134e-05 tau=7.2214396437486134e-05 prediction=3.0179683328613178 rho=1.0000204268310493 accept=1
  MFCG it 136 cost=2.581700e+05 lam=7.221e-05 tau=0.00e+00 cg_it=0 shift=0 ckpt=1 alpha=0 acc mv=419
PCG_PREP o=136 rebuild=1 drift=0 previous_depth=1
E2_CAP o=136 retry=0 touched=2 ncam=52 raw=1669.9749609134467 capped=92.828707095210191 radius=194.01533783512573 median=2.1538739662452575 global_scale=1
ATTR_RADIUS o=136 raw_norm=1669.9749609134465 norm=92.828707095210149 radius=194.01533783512573 next_radius=194.01533783512573 lambda=7.2214396437486134e-05 next_lambda=7.2214396437486134e-05 rho=0.99920550396529895 accept=1
CLASSICAL_LM o=136 lambda=7.2214396437486134e-05 tau=7.2214396437486134e-05 prediction=9.3458765232669592 rho=0.99920550396529895 accept=1
  MFCG it 137 cost=2.581607e+05 lam=7.221e-05 tau=0.00e+00 cg_it=2 shift=0 ckpt=3 alpha=0 acc mv=423
PCG_PREP o=137 rebuild=1 drift=0 previous_depth=3
E2_CAP o=137 retry=0 touched=2 ncam=52 raw=1691.0454098899484 capped=23.649814001538601 radius=194.01533783512573 median=0.5336342827024354 global_scale=1
ATTR_RADIUS o=137 raw_norm=1691.0454098899484 norm=23.649814001538605 radius=194.01533783512573 next_radius=194.01533783512573 lambda=7.2214396437486134e-05 next_lambda=7.2214396437486134e-05 rho=1.0000196758946718 accept=1
CLASSICAL_LM o=137 lambda=7.2214396437486134e-05 tau=7.2214396437486134e-05 prediction=2.9248632716204637 rho=1.0000196758946718 accept=1
  MFCG it 138 cost=2.581578e+05 lam=7.221e-05 tau=0.00e+00 cg_it=0 shift=0 ckpt=1 alpha=0 acc mv=425
PCG_PREP o=138 rebuild=1 drift=0 previous_depth=1
E2_CAP o=138 retry=0 touched=1 ncam=52 raw=1663.495734234273 capped=91.422178983797593 radius=194.01533783512573 median=2.1250750861810452 global_scale=1
ATTR_RADIUS o=138 raw_norm=1663.4957342342725 norm=91.422178983797608 radius=194.01533783512573 next_radius=194.01533783512573 lambda=7.2214396437486134e-05 next_lambda=7.2214396437486134e-05 rho=0.9992183574851754 accept=1
CLASSICAL_LM o=138 lambda=7.2214396437486134e-05 tau=7.2214396437486134e-05 prediction=9.1389985478090008 rho=0.9992183574851754 accept=1
  MFCG it 139 cost=2.581486e+05 lam=7.221e-05 tau=0.00e+00 cg_it=2 shift=0 ckpt=3 alpha=0 acc mv=429
PCG_PREP o=139 rebuild=1 drift=0 previous_depth=3
E2_CAP o=139 retry=0 touched=2 ncam=52 raw=1683.858191196977 capped=23.192327634415573 radius=194.01533783512573 median=0.52343412984238058 global_scale=1
ATTR_RADIUS o=139 raw_norm=1683.8581911969768 norm=23.192327634415573 radius=194.01533783512573 next_radius=194.01533783512573 lambda=7.2214396437486134e-05 next_lambda=7.2214396437486134e-05 rho=1.0000191208410836 accept=1
CLASSICAL_LM o=139 lambda=7.2214396437486134e-05 tau=7.2214396437486134e-05 prediction=2.841056973127031 rho=1.0000191208410836 accept=1
  MFCG it 140 cost=2.581458e+05 lam=7.221e-05 tau=0.00e+00 cg_it=0 shift=0 ckpt=1 alpha=0 acc mv=431
PCG_PREP o=140 rebuild=1 drift=0 previous_depth=1
E2_CAP o=140 retry=0 touched=1 ncam=52 raw=1657.2072819721734 capped=88.868665912936507 radius=194.01533783512573 median=2.0968401392288234 global_scale=1
ATTR_RADIUS o=140 raw_norm=1657.2072819721743 norm=88.868665912936493 radius=194.01533783512573 next_radius=194.01533783512573 lambda=7.2214396437486134e-05 next_lambda=7.2214396437486134e-05 rho=0.99924115755155796 accept=1
CLASSICAL_LM o=140 lambda=7.2214396437486134e-05 tau=7.2214396437486134e-05 prediction=8.9400789565384322 rho=0.99924115755155796 accept=1
  MFCG it 141 cost=2.581369e+05 lam=7.221e-05 tau=0.00e+00 cg_it=2 shift=0 ckpt=3 alpha=0 acc mv=435
PCG_PREP o=141 rebuild=1 drift=0 previous_depth=3
E2_CAP o=141 retry=0 touched=2 ncam=52 raw=1676.7894086436415 capped=22.775711836990332 radius=194.01533783512573 median=0.51416690391216746 global_scale=1
ATTR_RADIUS o=141 raw_norm=1676.7894086436415 norm=22.775711836990329 radius=194.01533783512573 next_radius=194.01533783512573 lambda=7.2214396437486134e-05 next_lambda=7.2214396437486134e-05 rho=1.0000199788631514 accept=1
CLASSICAL_LM o=141 lambda=7.2214396437486134e-05 tau=7.2214396437486134e-05 prediction=2.7635749797278333 rho=1.0000199788631514 accept=1
  MFCG it 142 cost=2.581341e+05 lam=7.221e-05 tau=0.00e+00 cg_it=0 shift=0 ckpt=1 alpha=0 acc mv=437
PCG_PREP o=142 rebuild=1 drift=0 previous_depth=1
E2_CAP o=142 retry=0 touched=1 ncam=52 raw=1651.1023914791758 capped=86.45914241244887 radius=194.01533783512573 median=2.0692126702792271 global_scale=1
ATTR_RADIUS o=142 raw_norm=1651.1023914791758 norm=86.459142412448884 radius=194.01533783512573 next_radius=194.01533783512573 lambda=7.2214396437486134e-05 next_lambda=7.2214396437486134e-05 rho=0.9992603318567389 accept=1
CLASSICAL_LM o=142 lambda=7.2214396437486134e-05 tau=7.2214396437486134e-05 prediction=8.7415956003182309 rho=0.9992603318567389 accept=1
  MFCG it 143 cost=2.581254e+05 lam=7.221e-05 tau=0.00e+00 cg_it=2 shift=0 ckpt=3 alpha=0 acc mv=441
PCG_PREP o=143 rebuild=1 drift=0 previous_depth=3
E2_CAP o=143 retry=0 touched=2 ncam=52 raw=1669.8833275337463 capped=22.371588055215312 radius=194.01533783512573 median=0.50516689214010668 global_scale=1
ATTR_RADIUS o=143 raw_norm=1669.8833275337461 norm=22.371588055215319 radius=194.01533783512573 next_radius=194.01533783512573 lambda=7.2214396437486134e-05 next_lambda=7.2214396437486134e-05 rho=1.0000195034216284 accept=1
CLASSICAL_LM o=143 lambda=7.2214396437486134e-05 tau=7.2214396437486134e-05 prediction=2.6895227134377899 rho=1.0000195034216284 accept=1
  MFCG it 144 cost=2.581227e+05 lam=7.221e-05 tau=0.00e+00 cg_it=0 shift=0 ckpt=1 alpha=0 acc mv=443
PCG_PREP o=144 rebuild=1 drift=0 previous_depth=1
E2_CAP o=144 retry=0 touched=1 ncam=52 raw=1645.170095157227 capped=84.177900366659287 radius=194.01533783512573 median=2.0423880248236181 global_scale=1
ATTR_RADIUS o=144 raw_norm=1645.1700951572273 norm=84.177900366659273 radius=194.01533783512573 next_radius=194.01533783512573 lambda=7.2214396437486134e-05 next_lambda=7.2214396437486134e-05 rho=0.99927635360697797 accept=1
CLASSICAL_LM o=144 lambda=7.2214396437486134e-05 tau=7.2214396437486134e-05 prediction=8.5504670774342841 rho=0.99927635360697797 accept=1
  MFCG it 145 cost=2.581141e+05 lam=7.221e-05 tau=0.00e+00 cg_it=2 shift=0 ckpt=3 alpha=0 acc mv=447
PCG_PREP o=145 rebuild=1 drift=0 previous_depth=3
E2_CAP o=145 retry=0 touched=2 ncam=52 raw=1663.1495016060178 capped=21.978244993658187 radius=194.01533783512573 median=0.49639267936603665 global_scale=1
ATTR_RADIUS o=145 raw_norm=1663.1495016060182 norm=21.978244993658176 radius=194.01533783512573 next_radius=194.01533783512573 lambda=7.2214396437486134e-05 next_lambda=7.2214396437486134e-05 rho=1.0000185577987455 accept=1
CLASSICAL_LM o=145 lambda=7.2214396437486134e-05 tau=7.2214396437486134e-05 prediction=2.6186686203068623 rho=1.0000185577987455 accept=1
  MFCG it 146 cost=2.581115e+05 lam=7.221e-05 tau=0.00e+00 cg_it=0 shift=0 ckpt=1 alpha=0 acc mv=449
PCG_PREP o=146 rebuild=1 drift=0 previous_depth=1
E2_CAP o=146 retry=0 touched=1 ncam=52 raw=1639.4007961463008 capped=82.008948449191806 radius=194.01533783512573 median=2.0161199313508766 global_scale=1
ATTR_RADIUS o=146 raw_norm=1639.4007961463008 norm=82.008948449191806 radius=194.01533783512573 next_radius=194.01533783512573 lambda=7.2214396437486134e-05 next_lambda=7.2214396437486134e-05 rho=0.99929013224134322 accept=1
CLASSICAL_LM o=146 lambda=7.2214396437486134e-05 tau=7.2214396437486134e-05 prediction=8.3666297157938985 rho=0.99929013224134322 accept=1
  MFCG it 147 cost=2.581032e+05 lam=7.221e-05 tau=0.00e+00 cg_it=2 shift=0 ckpt=3 alpha=0 acc mv=453
PCG_PREP o=147 rebuild=1 drift=0 previous_depth=3
E2_CAP o=147 retry=0 touched=2 ncam=52 raw=1656.5884157745436 capped=21.595791183715111 radius=194.01533783512573 median=0.48784898002869798 global_scale=1
ATTR_RADIUS o=147 raw_norm=1656.5884157745436 norm=21.595791183715114 radius=194.01533783512573 next_radius=194.01533783512573 lambda=7.2214396437486134e-05 next_lambda=7.2214396437486134e-05 rho=1.0000174354336526 accept=1
CLASSICAL_LM o=147 lambda=7.2214396437486134e-05 tau=7.2214396437486134e-05 prediction=2.5508928385658507 rho=1.0000174354336526 accept=1
  MFCG it 148 cost=2.581006e+05 lam=7.221e-05 tau=0.00e+00 cg_it=0 shift=0 ckpt=1 alpha=0 acc mv=455
PCG_PREP o=148 rebuild=1 drift=0 previous_depth=1
E2_CAP o=148 retry=0 touched=1 ncam=52 raw=1633.786075785958 capped=79.943626534932065 radius=194.01533783512573 median=1.9903443657953817 global_scale=1
ATTR_RADIUS o=148 raw_norm=1633.786075785958 norm=79.943626534932051 radius=194.01533783512573 next_radius=194.01533783512573 lambda=7.2214396437486134e-05 next_lambda=7.2214396437486134e-05 rho=0.99930227566893026 accept=1
CLASSICAL_LM o=148 lambda=7.2214396437486134e-05 tau=7.2214396437486134e-05 prediction=8.1898576453628085 rho=0.99930227566893026 accept=1
  MFCG it 149 cost=2.580924e+05 lam=7.221e-05 tau=0.00e+00 cg_it=2 shift=0 ckpt=3 alpha=0 acc mv=459
PCG_PREP o=149 rebuild=1 drift=0 previous_depth=3
E2_CAP o=149 retry=0 touched=2 ncam=52 raw=1650.1968731021034 capped=21.224002209779599 radius=194.01533783512573 median=0.47953269723688896 global_scale=1
ATTR_RADIUS o=149 raw_norm=1650.1968731021027 norm=21.224002209779599 radius=194.01533783512573 next_radius=194.01533783512573 lambda=7.2214396437486134e-05 next_lambda=7.2214396437486134e-05 rho=1.000016251593731 accept=1
CLASSICAL_LM o=149 lambda=7.2214396437486134e-05 tau=7.2214396437486134e-05 prediction=2.4860288556729921 rho=1.000016251593731 accept=1
  MFCG it 150 cost=2.580899e+05 lam=7.221e-05 tau=0.00e+00 cg_it=0 shift=0 ckpt=1 alpha=0 acc mv=461
PCG_PREP o=150 rebuild=1 drift=0 previous_depth=1
E2_CAP o=150 retry=0 touched=1 ncam=52 raw=1628.3183932215136 capped=77.974730985936205 radius=194.01533783512573 median=1.9650332540926461 global_scale=1
ATTR_RADIUS o=150 raw_norm=1628.3183932215134 norm=77.974730985936205 radius=194.01533783512573 next_radius=194.01533783512573 lambda=7.2214396437486134e-05 next_lambda=7.2214396437486134e-05 rho=0.9993131781604595 accept=1
CLASSICAL_LM o=150 lambda=7.2214396437486134e-05 tau=7.2214396437486134e-05 prediction=8.0198057893981147 rho=0.9993131781604595 accept=1
  MFCG it 151 cost=2.580819e+05 lam=7.221e-05 tau=0.00e+00 cg_it=2 shift=0 ckpt=3 alpha=0 acc mv=465
PCG_PREP o=151 rebuild=1 drift=0 previous_depth=3
E2_CAP o=151 retry=0 touched=2 ncam=52 raw=1643.9705708062627 capped=20.869552696054118 radius=194.01533783512573 median=0.47161024032934107 global_scale=1
ATTR_RADIUS o=151 raw_norm=1643.9705708062636 norm=20.869552696054114 radius=194.01533783512573 next_radius=194.01533783512573 lambda=7.2214396437486134e-05 next_lambda=7.2214396437486134e-05 rho=1.0000150226692857 accept=1
CLASSICAL_LM o=151 lambda=7.2214396437486134e-05 tau=7.2214396437486134e-05 prediction=2.4246449598553941 rho=1.0000150226692857 accept=1
  MFCG it 152 cost=2.580795e+05 lam=7.221e-05 tau=0.00e+00 cg_it=0 shift=0 ckpt=1 alpha=0 acc mv=467
PCG_PREP o=152 rebuild=1 drift=0 previous_depth=1
E2_CAP o=152 retry=0 touched=1 ncam=52 raw=1622.9908216034287 capped=76.09633787385728 radius=194.01533783512573 median=1.9401745651779445 global_scale=1
ATTR_RADIUS o=152 raw_norm=1622.9908216034287 norm=76.096337873857252 radius=194.01533783512573 next_radius=194.01533783512573 lambda=7.2214396437486134e-05 next_lambda=7.2214396437486134e-05 rho=0.99932308015476934 accept=1
CLASSICAL_LM o=152 lambda=7.2214396437486134e-05 tau=7.2214396437486134e-05 prediction=7.8560753651412583 rho=0.99932308015476934 accept=1
  MFCG it 153 cost=2.580716e+05 lam=7.221e-05 tau=0.00e+00 cg_it=2 shift=0 ckpt=3 alpha=0 acc mv=471
PCG_PREP o=153 rebuild=1 drift=0 previous_depth=3
E2_CAP o=153 retry=0 touched=2 ncam=52 raw=1637.9036257386638 capped=20.565151214024812 radius=194.01533783512573 median=0.46488765430007994 global_scale=1
ATTR_RADIUS o=153 raw_norm=1637.903625738664 norm=20.565151214024812 radius=194.01533783512573 next_radius=194.01533783512573 lambda=7.2214396437486134e-05 next_lambda=7.2214396437486134e-05 rho=1.0000135994294763 accept=1
CLASSICAL_LM o=153 lambda=7.2214396437486134e-05 tau=7.2214396437486134e-05 prediction=2.370028114477027 rho=1.0000135994294763 accept=1
  MFCG it 154 cost=2.580693e+05 lam=7.221e-05 tau=0.00e+00 cg_it=0 shift=0 ckpt=1 alpha=0 acc mv=473
PCG_PREP o=154 rebuild=1 drift=0 previous_depth=1
E2_CAP o=154 retry=0 touched=1 ncam=52 raw=1617.795241075477 capped=74.303162740161071 radius=194.01533783512573 median=1.9157602858478779 global_scale=1
ATTR_RADIUS o=154 raw_norm=1617.795241075477 norm=74.303162740161028 radius=194.01533783512573 next_radius=194.01533783512573 lambda=7.2214396437486134e-05 next_lambda=7.2214396437486134e-05 rho=0.99933215441733203 accept=1
CLASSICAL_LM o=154 lambda=7.2214396437486134e-05 tau=7.2214396437486134e-05 prediction=7.6980657239691137 rho=0.99933215441733203 accept=1
  MFCG it 155 cost=2.580616e+05 lam=7.221e-05 tau=0.00e+00 cg_it=2 shift=0 ckpt=3 alpha=0 acc mv=477
PCG_PREP o=155 rebuild=1 drift=0 previous_depth=3
E2_CAP o=155 retry=0 touched=2 ncam=52 raw=1631.9887306681769 capped=20.267140602639873 radius=194.01533783512573 median=0.45829367317414399 global_scale=1
ATTR_RADIUS o=155 raw_norm=1631.9887306681771 norm=20.267140602639873 radius=194.01533783512573 next_radius=194.01533783512573 lambda=7.2214396437486134e-05 next_lambda=7.2214396437486134e-05 rho=1.0000121622398197 accept=1
CLASSICAL_LM o=155 lambda=7.2214396437486134e-05 tau=7.2214396437486134e-05 prediction=2.3174250061003954 rho=1.0000121622398197 accept=1
  MFCG it 156 cost=2.580593e+05 lam=7.221e-05 tau=0.00e+00 cg_it=0 shift=0 ckpt=1 alpha=0 acc mv=479
PCG_PREP o=156 rebuild=1 drift=0 previous_depth=1
E2_CAP o=156 retry=0 touched=1 ncam=52 raw=1612.7259791588097 capped=72.589021419652397 radius=194.01533783512573 median=1.8917604909311856 global_scale=1
ATTR_RADIUS o=156 raw_norm=1612.7259791588101 norm=72.589021419652411 radius=194.01533783512573 next_radius=194.01533783512573 lambda=7.2214396437486134e-05 next_lambda=7.2214396437486134e-05 rho=0.99934048714146262 accept=1
CLASSICAL_LM o=156 lambda=7.2214396437486134e-05 tau=7.2214396437486134e-05 prediction=7.5456135046836774 rho=0.99934048714146262 accept=1
  MFCG it 157 cost=2.580517e+05 lam=7.221e-05 tau=0.00e+00 cg_it=2 shift=0 ckpt=3 alpha=0 acc mv=483
PCG_PREP o=157 rebuild=1 drift=0 previous_depth=3
E2_CAP o=157 retry=0 touched=2 ncam=52 raw=1626.2209345991512 capped=20.014336323964031 radius=194.01533783512573 median=0.45278334462180714 global_scale=1
ATTR_RADIUS o=157 raw_norm=1626.2209345991503 norm=20.014336323964034 radius=194.01533783512573 next_radius=194.01533783512573 lambda=7.2214396437486134e-05 next_lambda=7.2214396437486134e-05 rho=1.000010561544042 accept=1
CLASSICAL_LM o=157 lambda=7.2214396437486134e-05 tau=7.2214396437486134e-05 prediction=2.2707646105245991 rho=1.000010561544042 accept=1
  MFCG it 158 cost=2.580494e+05 lam=7.221e-05 tau=0.00e+00 cg_it=0 shift=0 ckpt=1 alpha=0 acc mv=485
PCG_PREP o=158 rebuild=1 drift=0 previous_depth=1
E2_CAP o=158 retry=0 touched=1 ncam=52 raw=1607.7756929000307 capped=70.949414431109872 radius=194.01533783512573 median=1.8681613151298426 global_scale=1
ATTR_RADIUS o=158 raw_norm=1607.7756929000304 norm=70.949414431109886 radius=194.01533783512573 next_radius=194.01533783512573 lambda=7.2214396437486134e-05 next_lambda=7.2214396437486134e-05 rho=0.99934817309113588 accept=1
CLASSICAL_LM o=158 lambda=7.2214396437486134e-05 tau=7.2214396437486134e-05 prediction=7.3981620949442828 rho=0.99934817309113588 accept=1
  MFCG it 159 cost=2.580421e+05 lam=7.221e-05 tau=0.00e+00 cg_it=2 shift=0 ckpt=3 alpha=0 acc mv=489
PCG_PREP o=159 rebuild=1 drift=0 previous_depth=3
E2_CAP o=159 retry=0 touched=2 ncam=52 raw=1620.593057291195 capped=19.808312672638209 radius=194.01533783512573 median=0.44839592564168596 global_scale=1
ATTR_RADIUS o=159 raw_norm=1620.5930572911952 norm=19.808312672638209 radius=194.01533783512573 next_radius=194.01533783512573 lambda=7.2214396437486134e-05 next_lambda=7.2214396437486134e-05 rho=1.0000087470552215 accept=1
CLASSICAL_LM o=159 lambda=7.2214396437486134e-05 tau=7.2214396437486134e-05 prediction=2.2300361668857138 rho=1.0000087470552215 accept=1
  MFCG it 160 cost=2.580398e+05 lam=7.221e-05 tau=0.00e+00 cg_it=0 shift=0 ckpt=1 alpha=0 acc mv=491
PCG_PREP o=160 rebuild=1 drift=0 previous_depth=1
E2_CAP o=160 retry=0 touched=1 ncam=52 raw=1602.9381165054647 capped=69.379714955751979 radius=194.01533783512573 median=1.8449471260984196 global_scale=1
ATTR_RADIUS o=160 raw_norm=1602.9381165054651 norm=69.379714955751965 radius=194.01533783512573 next_radius=194.01533783512573 lambda=7.2214396437486134e-05 next_lambda=7.2214396437486134e-05 rho=0.99935526549836007 accept=1
CLASSICAL_LM o=160 lambda=7.2214396437486134e-05 tau=7.2214396437486134e-05 prediction=7.2553240174958624 rho=0.99935526549836007 accept=1
  MFCG it 161 cost=2.580326e+05 lam=7.221e-05 tau=0.00e+00 cg_it=2 shift=0 ckpt=3 alpha=0 acc mv=495
PCG_PREP o=161 rebuild=1 drift=0 previous_depth=3
E2_CAP o=161 retry=0 touched=2 ncam=52 raw=1615.0985304179578 capped=19.604423403557085 radius=194.01533783512573 median=0.4440363052670161 global_scale=1
ATTR_RADIUS o=161 raw_norm=1615.0985304179578 norm=19.604423403557085 radius=194.01533783512573 next_radius=194.01533783512573 lambda=7.2214396437486134e-05 next_lambda=7.2214396437486134e-05 rho=1.0000069254448536 accept=1
CLASSICAL_LM o=161 lambda=7.2214396437486134e-05 tau=7.2214396437486134e-05 prediction=2.1905212672219108 rho=1.0000069254448536 accept=1
  MFCG it 162 cost=2.580304e+05 lam=7.221e-05 tau=0.00e+00 cg_it=0 shift=0 ckpt=1 alpha=0 acc mv=497
PCG_PREP o=162 rebuild=1 drift=0 previous_depth=1
E2_CAP o=162 retry=0 touched=1 ncam=52 raw=1598.2084069775653 capped=67.874610509440842 radius=194.01533783512573 median=1.8220864054188883 global_scale=1
ATTR_RADIUS o=162 raw_norm=1598.2084069775651 norm=67.874610509440842 radius=194.01533783512573 next_radius=194.01533783512573 lambda=7.2214396437486134e-05 next_lambda=7.2214396437486134e-05 rho=0.99936181980068639 accept=1
CLASSICAL_LM o=162 lambda=7.2214396437486134e-05 tau=7.2214396437486134e-05 prediction=7.1170336034863508 rho=0.99936181980068639 accept=1
  MFCG it 163 cost=2.580233e+05 lam=7.221e-05 tau=0.00e+00 cg_it=2 shift=0 ckpt=3 alpha=0 acc mv=501
PCG_PREP o=163 rebuild=1 drift=0 previous_depth=3
E2_CAP o=163 retry=0 touched=2 ncam=52 raw=1609.7329998223699 capped=19.402757915966077 radius=194.01533783512573 median=0.43970810066530164 global_scale=1
ATTR_RADIUS o=163 raw_norm=1609.7329998223697 norm=19.402757915966077 radius=194.01533783512573 next_radius=194.01533783512573 lambda=7.2214396437486134e-05 next_lambda=7.2214396437486134e-05 rho=1.0000051489400426 accept=1
CLASSICAL_LM o=163 lambda=7.2214396437486134e-05 tau=7.2214396437486134e-05 prediction=2.1521788673016307 rho=1.0000051489400426 accept=1
  MFCG it 164 cost=2.580211e+05 lam=7.221e-05 tau=0.00e+00 cg_it=0 shift=0 ckpt=1 alpha=0 acc mv=503
PCG_PREP o=164 rebuild=1 drift=0 previous_depth=1
E2_CAP o=164 retry=0 touched=1 ncam=52 raw=1593.5825170296298 capped=66.430153149226598 radius=194.01533783512573 median=1.7995610627343597 global_scale=1
ATTR_RADIUS o=164 raw_norm=1593.5825170296298 norm=66.430153149226612 radius=194.01533783512573 next_radius=194.01533783512573 lambda=7.2214396437486134e-05 next_lambda=7.2214396437486134e-05 rho=0.99936789318122543 accept=1
CLASSICAL_LM o=164 lambda=7.2214396437486134e-05 tau=7.2214396437486134e-05 prediction=6.9830726670983436 rho=0.99936789318122543 accept=1
  MFCG it 165 cost=2.580141e+05 lam=7.221e-05 tau=0.00e+00 cg_it=2 shift=0 ckpt=3 alpha=0 acc mv=507
PCG_PREP o=165 rebuild=1 drift=0 previous_depth=3
E2_CAP o=165 retry=0 touched=2 ncam=52 raw=1604.493066787843 capped=19.135393229617325 radius=194.01533783512573 median=0.43374815036151115 global_scale=1
ATTR_RADIUS o=165 raw_norm=1604.493066787843 norm=19.135393229617325 radius=194.01533783512573 next_radius=194.01533783512573 lambda=7.2214396437486134e-05 next_lambda=7.2214396437486134e-05 rho=1.0000037800283341 accept=1
CLASSICAL_LM o=165 lambda=7.2214396437486134e-05 tau=7.2214396437486134e-05 prediction=2.1081051085975053 rho=1.0000037800283341 accept=1
  MFCG it 166 cost=2.580120e+05 lam=7.221e-05 tau=0.00e+00 cg_it=0 shift=0 ckpt=1 alpha=0 acc mv=509
PCG_PREP o=166 rebuild=1 drift=0 previous_depth=1
E2_CAP o=166 retry=0 touched=1 ncam=52 raw=1589.0592807329215 capped=65.041792352660622 radius=194.01533783512573 median=1.7773460727826325 global_scale=1
ATTR_RADIUS o=166 raw_norm=1589.059280732921 norm=65.041792352660636 radius=194.01533783512573 next_radius=194.01533783512573 lambda=7.2214396437486134e-05 next_lambda=7.2214396437486134e-05 rho=0.99937356425034563 accept=1
CLASSICAL_LM o=166 lambda=7.2214396437486134e-05 tau=7.2214396437486134e-05 prediction=6.8536388534197483 rho=0.99937356425034563 accept=1
  MFCG it 167 cost=2.580052e+05 lam=7.221e-05 tau=0.00e+00 cg_it=2 shift=0 ckpt=3 alpha=0 acc mv=513
PCG_PREP o=167 rebuild=1 drift=0 previous_depth=3
E2_CAP o=167 retry=0 touched=2 ncam=52 raw=1599.3782072662555 capped=18.871949117460375 radius=194.01533783512573 median=0.42786454761884929 global_scale=1
ATTR_RADIUS o=167 raw_norm=1599.3782072662557 norm=18.871949117460378 radius=194.01533783512573 next_radius=194.01533783512573 lambda=7.2214396437486134e-05 next_lambda=7.2214396437486134e-05 rho=1.0000025639448644 accept=1
CLASSICAL_LM o=167 lambda=7.2214396437486134e-05 tau=7.2214396437486134e-05 prediction=2.0653695831197751 rho=1.0000025639448644 accept=1
  MFCG it 168 cost=2.580031e+05 lam=7.221e-05 tau=0.00e+00 cg_it=0 shift=0 ckpt=1 alpha=0 acc mv=515
PCG_PREP o=168 rebuild=1 drift=0 previous_depth=1
E2_CAP o=168 retry=0 touched=1 ncam=52 raw=1584.6349476660255 capped=63.707830796187963 radius=194.01533783512573 median=1.7554482921063654 global_scale=1
ATTR_RADIUS o=168 raw_norm=1584.6349476660259 norm=63.707830796187963 radius=194.01533783512573 next_radius=194.01533783512573 lambda=7.2214396437486134e-05 next_lambda=7.2214396437486134e-05 rho=0.9993788988102017 accept=1
CLASSICAL_LM o=168 lambda=7.2214396437486134e-05 tau=7.2214396437486134e-05 prediction=6.7282262078752026 rho=0.9993788988102017 accept=1
  MFCG it 169 cost=2.579964e+05 lam=7.221e-05 tau=0.00e+00 cg_it=2 shift=0 ckpt=3 alpha=0 acc mv=519
PCG_PREP o=169 rebuild=1 drift=0 previous_depth=3
E2_CAP o=169 retry=0 touched=2 ncam=52 raw=1594.383298394667 capped=18.615166714830266 radius=194.01533783512573 median=0.42212558457865434 global_scale=1
ATTR_RADIUS o=169 raw_norm=1594.3832983946663 norm=18.615166714830263 radius=194.01533783512573 next_radius=194.01533783512573 lambda=7.2214396437486134e-05 next_lambda=7.2214396437486134e-05 rho=1.0000014190903228 accept=1
CLASSICAL_LM o=169 lambda=7.2214396437486134e-05 tau=7.2214396437486134e-05 prediction=2.0241815466949977 rho=1.0000014190903228 accept=1
  MFCG it 170 cost=2.579944e+05 lam=7.221e-05 tau=0.00e+00 cg_it=0 shift=0 ckpt=1 alpha=0 acc mv=521
PCG_PREP o=170 rebuild=1 drift=0 previous_depth=1
E2_CAP o=170 retry=0 touched=1 ncam=52 raw=1580.305831426673 capped=62.425882528796805 radius=194.01533783512573 median=1.7338718816394778 global_scale=1
ATTR_RADIUS o=170 raw_norm=1580.3058314266727 norm=62.425882528796805 radius=194.01533783512573 next_radius=194.01533783512573 lambda=7.2214396437486134e-05 next_lambda=7.2214396437486134e-05 rho=0.99938393189134977 accept=1
CLASSICAL_LM o=170 lambda=7.2214396437486134e-05 tau=7.2214396437486134e-05 prediction=6.6065849662340002 rho=0.99938393189134977 accept=1
  MFCG it 171 cost=2.579878e+05 lam=7.221e-05 tau=0.00e+00 cg_it=2 shift=0 ckpt=3 alpha=0 acc mv=525
PCG_PREP o=171 rebuild=1 drift=0 previous_depth=3
E2_CAP o=171 retry=0 touched=2 ncam=52 raw=1589.5040649093785 capped=18.364753122999911 radius=194.01533783512573 median=0.41652506994258542 global_scale=1
ATTR_RADIUS o=171 raw_norm=1589.5040649093787 norm=18.364753122999911 radius=194.01533783512573 next_radius=194.01533783512573 lambda=7.2214396437486134e-05 next_lambda=7.2214396437486134e-05 rho=1.0000003260920558 accept=1
CLASSICAL_LM o=171 lambda=7.2214396437486134e-05 tau=7.2214396437486134e-05 prediction=1.984454160506923 rho=1.0000003260920558 accept=1
  MFCG it 172 cost=2.579858e+05 lam=7.221e-05 tau=0.00e+00 cg_it=0 shift=0 ckpt=1 alpha=0 acc mv=527
PCG_PREP o=172 rebuild=1 drift=0 previous_depth=1
E2_CAP o=172 retry=0 touched=1 ncam=52 raw=1576.0684760907898 capped=61.192984411120563 radius=194.01533783512573 median=1.712609346936256 global_scale=1
ATTR_RADIUS o=172 raw_norm=1576.06847609079 norm=61.192984411120563 radius=194.01533783512573 next_radius=194.01533783512573 lambda=7.2214396437486134e-05 next_lambda=7.2214396437486134e-05 rho=0.99938868549831805 accept=1
CLASSICAL_LM o=172 lambda=7.2214396437486134e-05 tau=7.2214396437486134e-05 prediction=6.4885056575021016 rho=0.99938868549831805 accept=1
  MFCG it 173 cost=2.579793e+05 lam=7.221e-05 tau=0.00e+00 cg_it=2 shift=0 ckpt=3 alpha=0 acc mv=531
PCG_PREP o=173 rebuild=1 drift=0 previous_depth=3
E2_CAP o=173 retry=0 touched=2 ncam=52 raw=1584.7363500198221 capped=18.120235457642142 radius=194.01533783512573 median=0.41105232518157331 global_scale=1
ATTR_RADIUS o=173 raw_norm=1584.7363500198217 norm=18.120235457642149 radius=194.01533783512573 next_radius=194.01533783512573 lambda=7.2214396437486134e-05 next_lambda=7.2214396437486134e-05 rho=0.9999992772086036 accept=1
CLASSICAL_LM o=173 lambda=7.2214396437486134e-05 tau=7.2214396437486134e-05 prediction=1.9460877918737531 rho=0.9999992772086036 accept=1
  MFCG it 174 cost=2.579774e+05 lam=7.221e-05 tau=0.00e+00 cg_it=0 shift=0 ckpt=1 alpha=0 acc mv=533
PCG_PREP o=174 rebuild=1 drift=0 previous_depth=1
E2_CAP o=174 retry=0 touched=1 ncam=52 raw=1571.9196995203579 capped=60.006626494594514 radius=194.01533783512573 median=1.6916534480398941 global_scale=1
ATTR_RADIUS o=174 raw_norm=1571.9196995203577 norm=60.006626494594506 radius=194.01533783512573 next_radius=194.01533783512573 lambda=7.2214396437486134e-05 next_lambda=7.2214396437486134e-05 rho=0.99939318945313138 accept=1
CLASSICAL_LM o=174 lambda=7.2214396437486134e-05 tau=7.2214396437486134e-05 prediction=6.3738034584216869 rho=0.99939318945313138 accept=1
  MFCG it 175 cost=2.579710e+05 lam=7.221e-05 tau=0.00e+00 cg_it=2 shift=0 ckpt=3 alpha=0 acc mv=537
PCG_PREP o=175 rebuild=1 drift=0 previous_depth=3
E2_CAP o=175 retry=0 touched=2 ncam=52 raw=1580.0762677369191 capped=17.881469385249162 radius=194.01533783512573 median=0.40570457903641033 global_scale=1
ATTR_RADIUS o=175 raw_norm=1580.0762677369191 norm=17.881469385249158 radius=194.01533783512573 next_radius=194.01533783512573 lambda=7.2214396437486134e-05 next_lambda=7.2214396437486134e-05 rho=0.9999982714543072 accept=1
CLASSICAL_LM o=175 lambda=7.2214396437486134e-05 tau=7.2214396437486134e-05 prediction=1.9090213397959179 rho=0.9999982714543072 accept=1
  MFCG it 176 cost=2.579691e+05 lam=7.221e-05 tau=0.00e+00 cg_it=0 shift=0 ckpt=1 alpha=0 acc mv=539
PCG_PREP o=176 rebuild=1 drift=0 previous_depth=1
E2_CAP o=176 retry=0 touched=1 ncam=52 raw=1567.8562846592447 capped=58.864164108226852 radius=194.01533783512573 median=1.6709945091906582 global_scale=1
ATTR_RADIUS o=176 raw_norm=1567.8562846592449 norm=58.864164108226845 radius=194.01533783512573 next_radius=194.01533783512573 lambda=7.2214396437486134e-05 next_lambda=7.2214396437486134e-05 rho=0.99939746780683358 accept=1
CLASSICAL_LM o=176 lambda=7.2214396437486134e-05 tau=7.2214396437486134e-05 prediction=6.2623031036786729 rho=0.99939746780683358 accept=1
  MFCG it 177 cost=2.579628e+05 lam=7.221e-05 tau=0.00e+00 cg_it=2 shift=0 ckpt=3 alpha=0 acc mv=543
PCG_PREP o=177 rebuild=1 drift=0 previous_depth=3
E2_CAP o=177 retry=0 touched=2 ncam=52 raw=1575.5200100922564 capped=17.648112283889766 radius=194.01533783512573 median=0.40047420102039022 global_scale=1
ATTR_RADIUS o=177 raw_norm=1575.5200100922561 norm=17.64811228388977 radius=194.01533783512573 next_radius=194.01533783512573 lambda=7.2214396437486134e-05 next_lambda=7.2214396437486134e-05 rho=0.99999730593193004 accept=1
CLASSICAL_LM o=177 lambda=7.2214396437486134e-05 tau=7.2214396437486134e-05 prediction=1.8731770410454802 rho=0.99999730593193004 accept=1
  MFCG it 178 cost=2.579609e+05 lam=7.221e-05 tau=0.00e+00 cg_it=0 shift=0 ckpt=1 alpha=0 acc mv=545
PCG_PREP o=178 rebuild=1 drift=0 previous_depth=1
E2_CAP o=178 retry=0 touched=2 ncam=52 raw=1572.794274335688 capped=16.599698346860993 radius=194.01533783512573 median=0.38235879032331432 global_scale=1
ATTR_RADIUS o=178 raw_norm=1572.794274335688 norm=16.599698346860997 radius=194.01533783512573 next_radius=194.01533783512573 lambda=7.2214396437486134e-05 next_lambda=7.2214396437486134e-05 rho=0.99999068949217917 accept=1
CLASSICAL_LM o=178 lambda=7.2214396437486134e-05 tau=7.2214396437486134e-05 prediction=1.6300921661099246 rho=0.99999068949217917 accept=1
  MFCG it 179 cost=2.579593e+05 lam=7.221e-05 tau=0.00e+00 cg_it=0 shift=0 ckpt=1 alpha=0 acc mv=547
PCG_PREP o=179 rebuild=1 drift=0 previous_depth=1
E2_CAP o=179 retry=0 touched=1 ncam=52 raw=1563.223406975585 capped=60.25817142520183 radius=194.01533783512573 median=1.7378809502214756 global_scale=1
ATTR_RADIUS o=179 raw_norm=1563.2234069755852 norm=60.258171425201816 radius=194.01533783512573 next_radius=194.01533783512573 lambda=7.2214396437486134e-05 next_lambda=7.2214396437486134e-05 rho=0.99934875336926987 accept=1
CLASSICAL_LM o=179 lambda=7.2214396437486134e-05 tau=7.2214396437486134e-05 prediction=6.3461988075988698 rho=0.99934875336926987 accept=1
  MFCG it 180 cost=2.579530e+05 lam=7.221e-05 tau=0.00e+00 cg_it=2 shift=0 ckpt=3 alpha=0 acc mv=551
PCG_PREP o=180 rebuild=1 drift=0 previous_depth=3
E2_CAP o=180 retry=0 touched=2 ncam=52 raw=1569.8628890497416 capped=16.745834520384047 radius=194.01533783512573 median=0.37948399103180486 global_scale=1
ATTR_RADIUS o=180 raw_norm=1569.8628890497409 norm=16.745834520384047 radius=194.01533783512573 next_radius=194.01533783512573 lambda=7.2214396437486134e-05 next_lambda=7.2214396437486134e-05 rho=0.99997746871171189 accept=1
CLASSICAL_LM o=180 lambda=7.2214396437486134e-05 tau=7.2214396437486134e-05 prediction=1.7668132240164667 rho=0.99997746871171189 accept=1
  MFCG it 181 cost=2.579512e+05 lam=7.221e-05 tau=0.00e+00 cg_it=0 shift=0 ckpt=1 alpha=0 acc mv=553
PCG_PREP o=181 rebuild=1 drift=0 previous_depth=1
E2_CAP o=181 retry=0 touched=1 ncam=52 raw=1559.1406771568352 capped=57.071779257873146 radius=194.01533783512573 median=1.6467902106429979 global_scale=1
ATTR_RADIUS o=181 raw_norm=1559.1406771568352 norm=57.07177925787316 radius=194.01533783512573 next_radius=194.01533783512573 lambda=7.2214396437486134e-05 next_lambda=7.2214396437486134e-05 rho=0.99936642726534075 accept=1
CLASSICAL_LM o=181 lambda=7.2214396437486134e-05 tau=7.2214396437486134e-05 prediction=6.0752214253065047 rho=0.99936642726534075 accept=1
  MFCG it 182 cost=2.579451e+05 lam=7.221e-05 tau=0.00e+00 cg_it=2 shift=0 ckpt=3 alpha=0 acc mv=557
PCG_PREP o=182 rebuild=1 drift=0 previous_depth=3
E2_CAP o=182 retry=0 touched=2 ncam=52 raw=1565.7395772996254 capped=17.080457677198929 radius=194.01533783512573 median=0.38780696606000886 global_scale=1
ATTR_RADIUS o=182 raw_norm=1565.7395772996254 norm=17.080457677198929 radius=194.01533783512573 next_radius=194.01533783512573 lambda=7.2214396437486134e-05 next_lambda=7.2214396437486134e-05 rho=0.99998594545759312 accept=1
CLASSICAL_LM o=182 lambda=7.2214396437486134e-05 tau=7.2214396437486134e-05 prediction=1.7893748962595963 rho=0.99998594545759312 accept=1
  MFCG it 183 cost=2.579433e+05 lam=7.221e-05 tau=0.00e+00 cg_it=0 shift=0 ckpt=1 alpha=0 acc mv=559
PCG_PREP o=183 rebuild=1 drift=0 previous_depth=1
E2_CAP o=183 retry=0 touched=1 ncam=52 raw=1555.2872288436142 capped=55.452824564139981 radius=194.01533783512573 median=1.6068163725603442 global_scale=1
ATTR_RADIUS o=183 raw_norm=1555.2872288436145 norm=55.452824564139966 radius=194.01533783512573 next_radius=194.01533783512573 lambda=7.2214396437486134e-05 next_lambda=7.2214396437486134e-05 rho=0.99938809478462187 accept=1
CLASSICAL_LM o=183 lambda=7.2214396437486134e-05 tau=7.2214396437486134e-05 prediction=5.9134955455043938 rho=0.99938809478462187 accept=1
  MFCG it 184 cost=2.579374e+05 lam=7.221e-05 tau=0.00e+00 cg_it=2 shift=0 ckpt=3 alpha=0 acc mv=563
PCG_PREP o=184 rebuild=1 drift=0 previous_depth=3
E2_CAP o=184 retry=0 touched=2 ncam=52 raw=1561.5802349727699 capped=16.885033090959137 radius=194.01533783512573 median=0.38337060879689044 global_scale=1
ATTR_RADIUS o=184 raw_norm=1561.5802349727694 norm=16.885033090959134 radius=194.01533783512573 next_radius=194.01533783512573 lambda=7.2214396437486134e-05 next_lambda=7.2214396437486134e-05 rho=0.99998960262209147 accept=1
CLASSICAL_LM o=184 lambda=7.2214396437486134e-05 tau=7.2214396437486134e-05 prediction=1.7603710493609195 rho=0.99998960262209147 accept=1
  MFCG it 185 cost=2.579357e+05 lam=7.221e-05 tau=0.00e+00 cg_it=0 shift=0 ckpt=1 alpha=0 acc mv=565
PCG_PREP o=185 rebuild=1 drift=0 previous_depth=1
E2_CAP o=185 retry=0 touched=1 ncam=52 raw=1551.5583792085533 capped=54.466427696996945 radius=194.01533783512573 median=1.5878011176316951 global_scale=1
ATTR_RADIUS o=185 raw_norm=1551.5583792085533 norm=54.466427696996938 radius=194.01533783512573 next_radius=194.01533783512573 lambda=7.2214396437486134e-05 next_lambda=7.2214396437486134e-05 rho=0.99939932622300609 accept=1
CLASSICAL_LM o=185 lambda=7.2214396437486134e-05 tau=7.2214396437486134e-05 prediction=5.822513313914957 rho=0.99939932622300609 accept=1
  MFCG it 186 cost=2.579299e+05 lam=7.221e-05 tau=0.00e+00 cg_it=2 shift=0 ckpt=3 alpha=0 acc mv=569
PCG_PREP o=186 rebuild=1 drift=0 previous_depth=3
E2_CAP o=186 retry=0 touched=2 ncam=52 raw=1557.45594036688 capped=16.689165789487383 radius=194.01533783512573 median=0.37895988161430355 global_scale=1
ATTR_RADIUS o=186 raw_norm=1557.4559403668798 norm=16.689165789487383 radius=194.01533783512573 next_radius=194.01533783512573 lambda=7.2214396437486134e-05 next_lambda=7.2214396437486134e-05 rho=0.99999121712530159 accept=1
CLASSICAL_LM o=186 lambda=7.2214396437486134e-05 tau=7.2214396437486134e-05 prediction=1.7311599484160212 rho=0.99999121712530159 accept=1
  MFCG it 187 cost=2.579281e+05 lam=7.221e-05 tau=0.00e+00 cg_it=0 shift=0 ckpt=1 alpha=0 acc mv=571
PCG_PREP o=187 rebuild=1 drift=0 previous_depth=1
E2_CAP o=187 retry=0 touched=2 ncam=52 raw=1554.9129690579068 capped=15.648392751319127 radius=194.01533783512573 median=0.3605118363033204 global_scale=1
ATTR_RADIUS o=187 raw_norm=1554.9129690579073 norm=15.648392751319131 radius=194.01533783512573 next_radius=194.01533783512573 lambda=7.2214396437486134e-05 next_lambda=7.2214396437486134e-05 rho=0.99999309524856184 accept=1
CLASSICAL_LM o=187 lambda=7.2214396437486134e-05 tau=7.2214396437486134e-05 prediction=1.5059570849253412 rho=0.99999309524856184 accept=1
  MFCG it 188 cost=2.579266e+05 lam=7.221e-05 tau=0.00e+00 cg_it=0 shift=0 ckpt=1 alpha=0 acc mv=573
PCG_PREP o=188 rebuild=1 drift=0 previous_depth=1
E2_CAP o=188 retry=0 touched=1 ncam=52 raw=1547.3107437001333 capped=56.034916398118114 radius=194.01533783512573 median=1.6519764805578738 global_scale=1
ATTR_RADIUS o=188 raw_norm=1547.3107437001329 norm=56.034916398118106 radius=194.01533783512573 next_radius=194.01533783512573 lambda=7.2214396437486134e-05 next_lambda=7.2214396437486134e-05 rho=0.99935377472861464 accept=1
CLASSICAL_LM o=188 lambda=7.2214396437486134e-05 tau=7.2214396437486134e-05 prediction=5.9129842571138154 rho=0.99935377472861464 accept=1
  MFCG it 189 cost=2.579207e+05 lam=7.221e-05 tau=0.00e+00 cg_it=2 shift=0 ckpt=3 alpha=0 acc mv=577
PCG_PREP o=189 rebuild=1 drift=0 previous_depth=3
E2_CAP o=189 retry=0 touched=2 ncam=52 raw=1552.2858697234333 capped=15.927221817212555 radius=194.01533783512573 median=0.36127984994798623 global_scale=1
ATTR_RADIUS o=189 raw_norm=1552.2858697234335 norm=15.927221817212555 radius=194.01533783512573 next_radius=194.01533783512573 lambda=7.2214396437486134e-05 next_lambda=7.2214396437486134e-05 rho=0.99997203465780637 accept=1
CLASSICAL_LM o=189 lambda=7.2214396437486134e-05 tau=7.2214396437486134e-05 prediction=1.6429416136456017 rho=0.99997203465780637 accept=1
  MFCG it 190 cost=2.579191e+05 lam=7.221e-05 tau=0.00e+00 cg_it=0 shift=0 ckpt=1 alpha=0 acc mv=579
PCG_PREP o=190 rebuild=1 drift=0 previous_depth=1
E2_CAP o=190 retry=0 touched=1 ncam=52 raw=1543.5456684889973 capped=52.886837161794446 radius=194.01533783512573 median=1.5606837630087365 global_scale=1
ATTR_RADIUS o=190 raw_norm=1543.5456684889978 norm=52.886837161794446 radius=194.01533783512573 next_radius=194.01533783512573 lambda=7.2214396437486134e-05 next_lambda=7.2214396437486134e-05 rho=0.999377489915103 accept=1
CLASSICAL_LM o=190 lambda=7.2214396437486134e-05 tau=7.2214396437486134e-05 prediction=5.6438793471966378 rho=0.999377489915103 accept=1
  MFCG it 191 cost=2.579134e+05 lam=7.221e-05 tau=0.00e+00 cg_it=2 shift=0 ckpt=3 alpha=0 acc mv=583
PCG_PREP o=191 rebuild=1 drift=0 previous_depth=3
E2_CAP o=191 retry=0 touched=2 ncam=52 raw=1548.5316405921453 capped=16.192401789614166 radius=194.01533783512573 median=0.36784794494970896 global_scale=1
ATTR_RADIUS o=191 raw_norm=1548.5316405921444 norm=16.192401789614166 radius=194.01533783512573 next_radius=194.01533783512573 lambda=7.2214396437486134e-05 next_lambda=7.2214396437486134e-05 rho=0.99998157328875592 accept=1
CLASSICAL_LM o=191 lambda=7.2214396437486134e-05 tau=7.2214396437486134e-05 prediction=1.6601575884606412 rho=0.99998157328875592 accept=1
  MFCG it 192 cost=2.579118e+05 lam=7.221e-05 tau=0.00e+00 cg_it=0 shift=0 ckpt=1 alpha=0 acc mv=585
PCG_PREP o=192 rebuild=1 drift=0 previous_depth=1
E2_CAP o=192 retry=0 touched=1 ncam=52 raw=1540.0017742119151 capped=51.580280283067324 radius=194.01533783512573 median=1.5290621046137294 global_scale=1
ATTR_RADIUS o=192 raw_norm=1540.0017742119157 norm=51.580280283067317 radius=194.01533783512573 next_radius=194.01533783512573 lambda=7.2214396437486134e-05 next_lambda=7.2214396437486134e-05 rho=0.99939898978784802 accept=1
CLASSICAL_LM o=192 lambda=7.2214396437486134e-05 tau=7.2214396437486134e-05 prediction=5.5205123363165978 rho=0.99939898978784802 accept=1
  MFCG it 193 cost=2.579062e+05 lam=7.221e-05 tau=0.00e+00 cg_it=2 shift=0 ckpt=3 alpha=0 acc mv=589
PCG_PREP o=193 rebuild=1 drift=0 previous_depth=3
E2_CAP o=193 retry=0 touched=2 ncam=52 raw=1544.7191536385096 capped=16.01923788144536 radius=194.01533783512573 median=0.36390276010414058 global_scale=1
ATTR_RADIUS o=193 raw_norm=1544.7191536385094 norm=16.01923788144536 radius=194.01533783512573 next_radius=194.01533783512573 lambda=7.2214396437486134e-05 next_lambda=7.2214396437486134e-05 rho=0.99998624334113362 accept=1
CLASSICAL_LM o=193 lambda=7.2214396437486134e-05 tau=7.2214396437486134e-05 prediction=1.6352936607947719 rho=0.99998624334113362 accept=1
  MFCG it 194 cost=2.579046e+05 lam=7.221e-05 tau=0.00e+00 cg_it=0 shift=0 ckpt=1 alpha=0 acc mv=591
PCG_PREP o=194 rebuild=1 drift=0 previous_depth=1
E2_CAP o=194 retry=0 touched=2 ncam=52 raw=1542.3012532738333 capped=15.006677635604012 radius=194.01533783512573 median=0.34579732537468916 global_scale=1
ATTR_RADIUS o=194 raw_norm=1542.3012532738328 norm=15.006677635604017 radius=194.01533783512573 next_radius=194.01533783512573 lambda=7.2214396437486134e-05 next_lambda=7.2214396437486134e-05 rho=0.99999488060007813 accept=1
CLASSICAL_LM o=194 lambda=7.2214396437486134e-05 tau=7.2214396437486134e-05 prediction=1.4239124120201931 rho=0.99999488060007813 accept=1
  MFCG it 195 cost=2.579032e+05 lam=7.221e-05 tau=0.00e+00 cg_it=0 shift=0 ckpt=1 alpha=0 acc mv=593
PCG_PREP o=195 rebuild=1 drift=0 previous_depth=1
E2_CAP o=195 retry=0 touched=1 ncam=52 raw=1536.0059967168193 capped=53.202539068691529 radius=194.01533783512573 median=1.5899540930649279 global_scale=1
ATTR_RADIUS o=195 raw_norm=1536.005996716819 norm=53.202539068691522 radius=194.01533783512573 next_radius=194.01533783512573 lambda=7.2214396437486134e-05 next_lambda=7.2214396437486134e-05 rho=0.99935718590935796 accept=1
CLASSICAL_LM o=195 lambda=7.2214396437486134e-05 tau=7.2214396437486134e-05 prediction=5.6116721594692107 rho=0.99935718590935796 accept=1
  MFCG it 196 cost=2.578976e+05 lam=7.221e-05 tau=0.00e+00 cg_it=2 shift=0 ckpt=3 alpha=0 acc mv=597
PCG_PREP o=196 rebuild=1 drift=0 previous_depth=3
E2_CAP o=196 retry=0 touched=2 ncam=52 raw=1539.8847270872645 capped=15.403011785181953 radius=194.01533783512573 median=0.34969898103982622 global_scale=1
ATTR_RADIUS o=196 raw_norm=1539.8847270872648 norm=15.403011785181951 radius=194.01533783512573 next_radius=194.01533783512573 lambda=7.2214396437486134e-05 next_lambda=7.2214396437486134e-05 rho=0.99996784894598523 accept=1
CLASSICAL_LM o=196 lambda=7.2214396437486134e-05 tau=7.2214396437486134e-05 prediction=1.5637730807340602 rho=0.99996784894598523 accept=1
  MFCG it 197 cost=2.578960e+05 lam=7.221e-05 tau=0.00e+00 cg_it=0 shift=0 ckpt=1 alpha=0 acc mv=599
PCG_PREP o=197 rebuild=1 drift=0 previous_depth=1
E2_CAP o=197 retry=0 touched=1 ncam=52 raw=1532.4524256397945 capped=50.069004219315111 radius=194.01533783512573 median=1.4986287833850915 global_scale=1
ATTR_RADIUS o=197 raw_norm=1532.4524256397947 norm=50.069004219315104 radius=194.01533783512573 next_radius=194.01533783512573 lambda=7.2214396437486134e-05 next_lambda=7.2214396437486134e-05 rho=0.99938508942989179 accept=1
CLASSICAL_LM o=197 lambda=7.2214396437486134e-05 tau=7.2214396437486134e-05 prediction=5.3444398223769873 rho=0.99938508942989179 accept=1
  MFCG it 198 cost=2.578907e+05 lam=7.221e-05 tau=0.00e+00 cg_it=2 shift=0 ckpt=3 alpha=0 acc mv=603
PCG_PREP o=198 rebuild=1 drift=0 previous_depth=3
E2_CAP o=198 retry=0 touched=2 ncam=52 raw=1536.3789313847851 capped=15.567073306413578 radius=194.01533783512573 median=0.35375785315349534 global_scale=1
ATTR_RADIUS o=198 raw_norm=1536.3789313847853 norm=15.567073306413576 radius=194.01533783512573 next_radius=194.01533783512573 lambda=7.2214396437486134e-05 next_lambda=7.2214396437486134e-05 rho=0.99997857221804343 accept=1
CLASSICAL_LM o=198 lambda=7.2214396437486134e-05 tau=7.2214396437486134e-05 prediction=1.5722960937036934 rho=0.99997857221804343 accept=1
  MFCG it 199 cost=2.578891e+05 lam=7.221e-05 tau=0.00e+00 cg_it=0 shift=0 ckpt=1 alpha=0 acc mv=605
PCG_PREP o=199 rebuild=1 drift=0 previous_depth=1
E2_CAP o=199 retry=0 touched=1 ncam=52 raw=1529.1172746399207 capped=49.001695540188038 radius=194.01533783512573 median=1.4739229604208828 global_scale=1
ATTR_RADIUS o=199 raw_norm=1529.1172746399211 norm=49.001695540188052 radius=194.01533783512573 next_radius=194.01533783512573 lambda=7.2214396437486134e-05 next_lambda=7.2214396437486134e-05 rho=0.99940634823436381 accept=1
CLASSICAL_LM o=199 lambda=7.2214396437486134e-05 tau=7.2214396437486134e-05 prediction=5.2512190907510536 rho=0.99940634823436381 accept=1
  MFCG it 200 cost=2.578839e+05 lam=7.221e-05 tau=0.00e+00 cg_it=2 shift=0 ckpt=3 alpha=0 acc mv=609
PCG_PREP o=200 rebuild=1 drift=0 previous_depth=3
E2_CAP o=200 retry=0 touched=2 ncam=52 raw=1532.7994770870177 capped=15.417451543247765 radius=194.01533783512573 median=0.35035331194383779 global_scale=1
ATTR_RADIUS o=200 raw_norm=1532.799477087018 norm=15.417451543247768 radius=194.01533783512573 next_radius=194.01533783512573 lambda=7.2214396437486134e-05 next_lambda=7.2214396437486134e-05 rho=0.99998412968230066 accept=1
CLASSICAL_LM o=200 lambda=7.2214396437486134e-05 tau=7.2214396437486134e-05 prediction=1.5508932552776595 rho=0.99998412968230066 accept=1
  MFCG it 201 cost=2.578823e+05 lam=7.221e-05 tau=0.00e+00 cg_it=0 shift=0 ckpt=1 alpha=0 acc mv=611
PCG_PREP o=201 rebuild=1 drift=0 previous_depth=1
E2_CAP o=201 retry=0 touched=2 ncam=52 raw=1530.4957320035112 capped=14.447831990334231 radius=194.01533783512573 median=0.33298068833902805 global_scale=1
ATTR_RADIUS o=201 raw_norm=1530.4957320035114 norm=14.447831990334231 radius=194.01533783512573 next_radius=194.01533783512573 lambda=7.2214396437486134e-05 next_lambda=7.2214396437486134e-05 rho=0.99999697939305343 accept=1
CLASSICAL_LM o=201 lambda=7.2214396437486134e-05 tau=7.2214396437486134e-05 prediction=1.353350356673219 rho=0.99999697939305343 accept=1
  MFCG it 202 cost=2.578809e+05 lam=7.221e-05 tau=0.00e+00 cg_it=0 shift=0 ckpt=1 alpha=0 acc mv=613
PCG_PREP o=202 rebuild=1 drift=0 previous_depth=1
E2_CAP o=202 retry=0 touched=1 ncam=52 raw=1525.346036722912 capped=50.533136802824529 radius=194.01533783512573 median=1.5267539795411151 global_scale=1
ATTR_RADIUS o=202 raw_norm=1525.3460367229125 norm=50.533136802824522 radius=194.01533783512573 next_radius=194.01533783512573 lambda=7.2214396437486134e-05 next_lambda=7.2214396437486134e-05 rho=0.99936658154637947 accept=1
CLASSICAL_LM o=202 lambda=7.2214396437486134e-05 tau=7.2214396437486134e-05 prediction=5.3199967568124507 rho=0.99936658154637947 accept=1
  MFCG it 203 cost=2.578756e+05 lam=7.221e-05 tau=0.00e+00 cg_it=2 shift=0 ckpt=3 alpha=0 acc mv=617
PCG_PREP o=203 rebuild=1 drift=0 previous_depth=3
E2_CAP o=203 retry=0 touched=2 ncam=52 raw=1528.2591424422997 capped=14.915203230644057 radius=194.01533783512573 median=0.338873228863947 global_scale=1
ATTR_RADIUS o=203 raw_norm=1528.2591424422997 norm=14.915203230644055 radius=194.01533783512573 next_radius=194.01533783512573 lambda=7.2214396437486134e-05 next_lambda=7.2214396437486134e-05 rho=0.99996480774452223 accept=1
CLASSICAL_LM o=203 lambda=7.2214396437486134e-05 tau=7.2214396437486134e-05 prediction=1.4921990355690888 rho=0.99996480774452223 accept=1
  MFCG it 204 cost=2.578741e+05 lam=7.221e-05 tau=0.00e+00 cg_it=0 shift=0 ckpt=1 alpha=0 acc mv=619
PCG_PREP o=204 rebuild=1 drift=0 previous_depth=1
E2_CAP o=204 retry=0 touched=1 ncam=52 raw=1521.9898636246737 capped=47.54620203178694 radius=194.01533783512573 median=1.440294900817918 global_scale=1
ATTR_RADIUS o=204 raw_norm=1521.9898636246744 norm=47.546202031786933 radius=194.01533783512573 next_radius=194.01533783512573 lambda=7.2214396437486134e-05 next_lambda=7.2214396437486134e-05 rho=0.99939526920750943 accept=1
CLASSICAL_LM o=204 lambda=7.2214396437486134e-05 tau=7.2214396437486134e-05 prediction=5.0715755406037246 rho=0.99939526920750943 accept=1
  MFCG it 205 cost=2.578691e+05 lam=7.221e-05 tau=0.00e+00 cg_it=2 shift=0 ckpt=3 alpha=0 acc mv=623
PCG_PREP o=205 rebuild=1 drift=0 previous_depth=3
E2_CAP o=205 retry=0 touched=2 ncam=52 raw=1524.9675710601209 capped=15.047337216332069 radius=194.01533783512573 median=0.34212933049499361 global_scale=1
ATTR_RADIUS o=205 raw_norm=1524.9675710601202 norm=15.047337216332069 radius=194.01533783512573 next_radius=194.01533783512573 lambda=7.2214396437486134e-05 next_lambda=7.2214396437486134e-05 rho=0.99997624370199889 accept=1
CLASSICAL_LM o=205 lambda=7.2214396437486134e-05 tau=7.2214396437486134e-05 prediction=1.4984350505072479 rho=0.99997624370199889 accept=1
  MFCG it 206 cost=2.578676e+05 lam=7.221e-05 tau=0.00e+00 cg_it=0 shift=0 ckpt=1 alpha=0 acc mv=625
PCG_PREP o=206 rebuild=1 drift=0 previous_depth=1
E2_CAP o=206 retry=0 touched=2 ncam=52 raw=1522.7332047743475 capped=14.005343515664736 radius=194.01533783512573 median=0.32280627714869348 global_scale=1
ATTR_RADIUS o=206 raw_norm=1522.7332047743478 norm=14.005343515664737 radius=194.01533783512573 next_radius=194.01533783512573 lambda=7.2214396437486134e-05 next_lambda=7.2214396437486134e-05 rho=0.99999843359567586 accept=1
CLASSICAL_LM o=206 lambda=7.2214396437486134e-05 tau=7.2214396437486134e-05 prediction=1.300270730460372 rho=0.99999843359567586 accept=1
  MFCG it 207 cost=2.578663e+05 lam=7.221e-05 tau=0.00e+00 cg_it=0 shift=0 ckpt=1 alpha=0 acc mv=627
PCG_PREP o=207 rebuild=1 drift=0 previous_depth=1
E2_CAP o=207 retry=0 touched=1 ncam=52 raw=1518.3465551092372 capped=48.927277746715802 radius=194.01533783512573 median=1.4871290369545789 global_scale=1
ATTR_RADIUS o=207 raw_norm=1518.346555109237 norm=48.927277746715802 radius=194.01533783512573 next_radius=194.01533783512573 lambda=7.2214396437486134e-05 next_lambda=7.2214396437486134e-05 rho=0.99936492301368451 accept=1
CLASSICAL_LM o=207 lambda=7.2214396437486134e-05 tau=7.2214396437486134e-05 prediction=5.1345637841570388 rho=0.99936492301368451 accept=1
  MFCG it 208 cost=2.578611e+05 lam=7.221e-05 tau=0.00e+00 cg_it=2 shift=0 ckpt=3 alpha=0 acc mv=631
PCG_PREP o=208 rebuild=1 drift=0 previous_depth=3
E2_CAP o=208 retry=0 touched=2 ncam=52 raw=1520.6555574492197 capped=14.576297468858765 radius=194.01533783512573 median=0.33132420250582612 global_scale=1
ATTR_RADIUS o=208 raw_norm=1520.6555574492199 norm=14.576297468858765 radius=194.01533783512573 next_radius=194.01533783512573 lambda=7.2214396437486134e-05 next_lambda=7.2214396437486134e-05 rho=0.99996079528435522 accept=1
CLASSICAL_LM o=208 lambda=7.2214396437486134e-05 tau=7.2214396437486134e-05 prediction=1.444458428293566 rho=0.99996079528435522 accept=1
  MFCG it 209 cost=2.578597e+05 lam=7.221e-05 tau=0.00e+00 cg_it=0 shift=0 ckpt=1 alpha=0 acc mv=633
PCG_PREP o=209 rebuild=1 drift=0 previous_depth=1
E2_CAP o=209 retry=0 touched=1 ncam=52 raw=1515.1111408070587 capped=45.927282953338512 radius=194.01533783512573 median=1.4010659081584107 global_scale=1
ATTR_RADIUS o=209 raw_norm=1515.1111408070594 norm=45.927282953338498 radius=194.01533783512573 next_radius=194.01533783512573 lambda=7.2214396437486134e-05 next_lambda=7.2214396437486134e-05 rho=0.9993977136403418 accept=1
CLASSICAL_LM o=209 lambda=7.2214396437486134e-05 tau=7.2214396437486134e-05 prediction=4.8909965308592902 rho=0.9993977136403418 accept=1
  MFCG it 210 cost=2.578548e+05 lam=7.221e-05 tau=0.00e+00 cg_it=2 shift=0 ckpt=3 alpha=0 acc mv=637
PCG_PREP o=210 rebuild=1 drift=0 previous_depth=3
E2_CAP o=210 retry=0 touched=2 ncam=52 raw=1517.5186273203612 capped=14.744954921225641 radius=194.01533783512573 median=0.33544664564547455 global_scale=1
ATTR_RADIUS o=210 raw_norm=1517.5186273203615 norm=14.74495492122564 radius=194.01533783512573 next_radius=194.01533783512573 lambda=7.2214396437486134e-05 next_lambda=7.2214396437486134e-05 rho=0.99997360298620541 accept=1
CLASSICAL_LM o=210 lambda=7.2214396437486134e-05 tau=7.2214396437486134e-05 prediction=1.4546536010980395 rho=0.99997360298620541 accept=1
  MFCG it 211 cost=2.578534e+05 lam=7.221e-05 tau=0.00e+00 cg_it=0 shift=0 ckpt=1 alpha=0 acc mv=639
PCG_PREP o=211 rebuild=1 drift=0 previous_depth=1
E2_CAP o=211 retry=0 touched=2 ncam=52 raw=1515.3447199762099 capped=13.59134227225651 radius=194.01533783512573 median=0.31323902631589362 global_scale=1
ATTR_RADIUS o=211 raw_norm=1515.3447199762095 norm=13.591342272256506 radius=194.01533783512573 next_radius=194.01533783512573 lambda=7.2214396437486134e-05 next_lambda=7.2214396437486134e-05 rho=1.0000006884898498 accept=1
CLASSICAL_LM o=211 lambda=7.2214396437486134e-05 tau=7.2214396437486134e-05 prediction=1.2518063850250813 rho=1.0000006884898498 accept=1
  MFCG it 212 cost=2.578521e+05 lam=7.221e-05 tau=0.00e+00 cg_it=0 shift=0 ckpt=1 alpha=0 acc mv=641
PCG_PREP o=212 rebuild=1 drift=0 previous_depth=1
E2_CAP o=212 retry=0 touched=1 ncam=52 raw=1511.6083658789214 capped=47.313579893263061 radius=194.01533783512573 median=1.4459497896184605 global_scale=1
ATTR_RADIUS o=212 raw_norm=1511.6083658789209 norm=47.313579893263061 radius=194.01533783512573 next_radius=194.01533783512573 lambda=7.2214396437486134e-05 next_lambda=7.2214396437486134e-05 rho=0.99936958196586845 accept=1
CLASSICAL_LM o=212 lambda=7.2214396437486134e-05 tau=7.2214396437486134e-05 prediction=4.9521855301982489 rho=0.99936958196586845 accept=1
  MFCG it 213 cost=2.578472e+05 lam=7.221e-05 tau=0.00e+00 cg_it=2 shift=0 ckpt=3 alpha=0 acc mv=645
PCG_PREP o=213 rebuild=1 drift=0 previous_depth=3
E2_CAP o=213 retry=0 touched=2 ncam=52 raw=1513.386355005114 capped=14.27044814112492 radius=194.01533783512573 median=0.32451507596336571 global_scale=1
ATTR_RADIUS o=213 raw_norm=1513.386355005114 norm=14.270448141124922 radius=194.01533783512573 next_radius=194.01533783512573 lambda=7.2214396437486134e-05 next_lambda=7.2214396437486134e-05 rho=0.99995865845961285 accept=1
CLASSICAL_LM o=213 lambda=7.2214396437486134e-05 tau=7.2214396437486134e-05 prediction=1.4015104966224481 rho=0.99995865845961285 accept=1
  MFCG it 214 cost=2.578458e+05 lam=7.221e-05 tau=0.00e+00 cg_it=0 shift=0 ckpt=1 alpha=0 acc mv=647
PCG_PREP o=214 rebuild=1 drift=0 previous_depth=1
E2_CAP o=214 retry=0 touched=1 ncam=52 raw=1508.4927517659426 capped=44.492422278140907 radius=194.01533783512573 median=1.3663134817994962 global_scale=1
ATTR_RADIUS o=214 raw_norm=1508.4927517659423 norm=44.492422278140907 radius=194.01533783512573 next_radius=194.01533783512573 lambda=7.2214396437486134e-05 next_lambda=7.2214396437486134e-05 rho=0.99940260598359787 accept=1
CLASSICAL_LM o=214 lambda=7.2214396437486134e-05 tau=7.2214396437486134e-05 prediction=4.7325884387839681 rho=0.99940260598359787 accept=1
  MFCG it 215 cost=2.578410e+05 lam=7.221e-05 tau=0.00e+00 cg_it=2 shift=0 ckpt=3 alpha=0 acc mv=651
PCG_PREP o=215 rebuild=1 drift=0 previous_depth=3
E2_CAP o=215 retry=0 touched=2 ncam=52 raw=1510.3715267325972 capped=14.464409070919812 radius=194.01533783512573 median=0.32924141224016146 global_scale=1
ATTR_RADIUS o=215 raw_norm=1510.3715267325972 norm=14.464409070919812 radius=194.01533783512573 next_radius=194.01533783512573 lambda=7.2214396437486134e-05 next_lambda=7.2214396437486134e-05 rho=0.99997213782820549 accept=1
CLASSICAL_LM o=215 lambda=7.2214396437486134e-05 tau=7.2214396437486134e-05 prediction=1.4143524798816531 rho=0.99997213782820549 accept=1
  MFCG it 216 cost=2.578396e+05 lam=7.221e-05 tau=0.00e+00 cg_it=0 shift=0 ckpt=1 alpha=0 acc mv=653
PCG_PREP o=216 rebuild=1 drift=0 previous_depth=1
E2_CAP o=216 retry=0 touched=2 ncam=52 raw=1508.2549584157207 capped=13.201094645445751 radius=194.01533783512573 median=0.30420813444179906 global_scale=1
ATTR_RADIUS o=216 raw_norm=1508.2549584157207 norm=13.201094645445751 radius=194.01533783512573 next_radius=194.01533783512573 lambda=7.2214396437486134e-05 next_lambda=7.2214396437486134e-05 rho=1.0000030611972208 accept=1
CLASSICAL_LM o=216 lambda=7.2214396437486134e-05 tau=7.2214396437486134e-05 prediction=1.2067564245669482 rho=1.0000030611972208 accept=1
  MFCG it 217 cost=2.578384e+05 lam=7.221e-05 tau=0.00e+00 cg_it=0 shift=0 ckpt=1 alpha=0 acc mv=655
PCG_PREP o=217 rebuild=1 drift=0 previous_depth=1
E2_CAP o=217 retry=0 touched=1 ncam=52 raw=1505.115595608868 capped=45.8094787355775 radius=194.01533783512573 median=1.4066560014027114 global_scale=1
ATTR_RADIUS o=217 raw_norm=1505.115595608868 norm=45.809478735577514 radius=194.01533783512573 next_radius=194.01533783512573 lambda=7.2214396437486134e-05 next_lambda=7.2214396437486134e-05 rho=0.99937611838022522 accept=1
CLASSICAL_LM o=217 lambda=7.2214396437486134e-05 tau=7.2214396437486134e-05 prediction=4.7811837924635574 rho=0.99937611838022522 accept=1
  MFCG it 218 cost=2.578336e+05 lam=7.221e-05 tau=0.00e+00 cg_it=2 shift=0 ckpt=3 alpha=0 acc mv=659
PCG_PREP o=218 rebuild=1 drift=0 previous_depth=3
E2_CAP o=218 retry=0 touched=2 ncam=52 raw=1506.4007176485143 capped=13.926842461996804 radius=194.01533783512573 median=0.31673706935289436 global_scale=1
ATTR_RADIUS o=218 raw_norm=1506.4007176485138 norm=13.926842461996802 radius=194.01533783512573 next_radius=194.01533783512573 lambda=7.2214396437486134e-05 next_lambda=7.2214396437486134e-05 rho=0.99995731501793306 accept=1
CLASSICAL_LM o=218 lambda=7.2214396437486134e-05 tau=7.2214396437486134e-05 prediction=1.3564467700088716 rho=0.99995731501793306 accept=1
  MFCG it 219 cost=2.578323e+05 lam=7.221e-05 tau=0.00e+00 cg_it=0 shift=0 ckpt=1 alpha=0 acc mv=661
PCG_PREP o=219 rebuild=1 drift=0 previous_depth=1
E2_CAP o=219 retry=0 touched=1 ncam=52 raw=1502.1128557233108 capped=43.153683545433289 radius=194.01533783512573 median=1.3329415202743615 global_scale=1
ATTR_RADIUS o=219 raw_norm=1502.1128557233103 norm=43.153683545433289 radius=194.01533783512573 next_radius=194.01533783512573 lambda=7.2214396437486134e-05 next_lambda=7.2214396437486134e-05 rho=0.99940866709690124 accept=1
CLASSICAL_LM o=219 lambda=7.2214396437486134e-05 tau=7.2214396437486134e-05 prediction=4.5833210134086553 rho=0.99940866709690124 accept=1
  MFCG it 220 cost=2.578277e+05 lam=7.221e-05 tau=0.00e+00 cg_it=2 shift=0 ckpt=3 alpha=0 acc mv=665
PCG_PREP o=220 rebuild=1 drift=0 previous_depth=3
E2_CAP o=220 retry=0 touched=2 ncam=52 raw=1503.5004359953884 capped=14.171496651412662 radius=194.01533783512573 median=0.32269111567298842 global_scale=1
ATTR_RADIUS o=220 raw_norm=1503.5004359953887 norm=14.171496651412665 radius=194.01533783512573 next_radius=194.01533783512573 lambda=7.2214396437486134e-05 next_lambda=7.2214396437486134e-05 rho=0.99997125200004244 accept=1
CLASSICAL_LM o=220 lambda=7.2214396437486134e-05 tau=7.2214396437486134e-05 prediction=1.3741785838950542 rho=0.99997125200004244 accept=1
  MFCG it 221 cost=2.578263e+05 lam=7.221e-05 tau=0.00e+00 cg_it=0 shift=0 ckpt=1 alpha=0 acc mv=667
PCG_PREP o=221 rebuild=1 drift=0 previous_depth=1
E2_CAP o=221 retry=0 touched=2 ncam=52 raw=1501.4405581352246 capped=12.828225938881864 radius=194.01533783512573 median=0.29557028008975317 global_scale=1
ATTR_RADIUS o=221 raw_norm=1501.4405581352239 norm=12.828225938881868 radius=194.01533783512573 next_radius=194.01533783512573 lambda=7.2214396437486134e-05 next_lambda=7.2214396437486134e-05 rho=1.0000053654691632 accept=1
CLASSICAL_LM o=221 lambda=7.2214396437486134e-05 tau=7.2214396437486134e-05 prediction=1.1643499141783504 rho=1.0000053654691632 accept=1
  MFCG it 222 cost=2.578251e+05 lam=7.221e-05 tau=0.00e+00 cg_it=0 shift=0 ckpt=1 alpha=0 acc mv=669
PCG_PREP o=222 rebuild=1 drift=0 previous_depth=1
E2_CAP o=222 retry=0 touched=1 ncam=52 raw=1498.8536589199553 capped=44.402835297156173 radius=194.01533783512573 median=1.369073811310916 global_scale=1
ATTR_RADIUS o=222 raw_norm=1498.8536589199553 norm=44.402835297156166 radius=194.01533783512573 next_radius=194.01533783512573 lambda=7.2214396437486134e-05 next_lambda=7.2214396437486134e-05 rho=0.99938341234559602 accept=1
CLASSICAL_LM o=222 lambda=7.2214396437486134e-05 tau=7.2214396437486134e-05 prediction=4.6202198498573717 rho=0.99938341234559602 accept=1
  MFCG it 223 cost=2.578205e+05 lam=7.221e-05 tau=0.00e+00 cg_it=2 shift=0 ckpt=3 alpha=0 acc mv=673
PCG_PREP o=223 rebuild=1 drift=0 previous_depth=3
E2_CAP o=223 retry=0 touched=2 ncam=52 raw=1499.6797942026928 capped=13.589511976513432 radius=194.01533783512573 median=0.30907441196572916 global_scale=1
ATTR_RADIUS o=223 raw_norm=1499.6797942026924 norm=13.589511976513432 radius=194.01533783512573 next_radius=194.01533783512573 lambda=7.2214396437486134e-05 next_lambda=7.2214396437486134e-05 rho=0.99995635998057864 accept=1
CLASSICAL_LM o=223 lambda=7.2214396437486134e-05 tau=7.2214396437486134e-05 prediction=1.3131746671985154 rho=0.99995635998057864 accept=1
  MFCG it 224 cost=2.578192e+05 lam=7.221e-05 tau=0.00e+00 cg_it=0 shift=0 ckpt=1 alpha=0 acc mv=675
PCG_PREP o=224 rebuild=1 drift=0 previous_depth=1
E2_CAP o=224 retry=0 touched=1 ncam=52 raw=1495.9563875142219 capped=41.895491427206771 radius=194.01533783512573 median=1.3006114560018776 global_scale=1
ATTR_RADIUS o=224 raw_norm=1495.9563875142228 norm=41.895491427206771 radius=194.01533783512573 next_radius=194.01533783512573 lambda=7.2214396437486134e-05 next_lambda=7.2214396437486134e-05 rho=0.99941524198124942 accept=1
CLASSICAL_LM o=224 lambda=7.2214396437486134e-05 tau=7.2214396437486134e-05 prediction=4.4411680395380566 rho=0.99941524198124942 accept=1
  MFCG it 225 cost=2.578148e+05 lam=7.221e-05 tau=0.00e+00 cg_it=2 shift=0 ckpt=3 alpha=0 acc mv=679
PCG_PREP o=225 rebuild=1 drift=0 previous_depth=3
E2_CAP o=225 retry=0 touched=2 ncam=52 raw=1496.8869193508685 capped=13.830479373325471 radius=194.01533783512573 median=0.31493133195864231 global_scale=1
ATTR_RADIUS o=225 raw_norm=1496.8869193508681 norm=13.830479373325471 radius=194.01533783512573 next_radius=194.01533783512573 lambda=7.2214396437486134e-05 next_lambda=7.2214396437486134e-05 rho=0.99997088312747417 accept=1
CLASSICAL_LM o=225 lambda=7.2214396437486134e-05 tau=7.2214396437486134e-05 prediction=1.330785232642284 rho=0.99997088312747417 accept=1
  MFCG it 226 cost=2.578134e+05 lam=7.221e-05 tau=0.00e+00 cg_it=0 shift=0 ckpt=1 alpha=0 acc mv=681
PCG_PREP o=226 rebuild=1 drift=0 previous_depth=1
E2_CAP o=226 retry=0 touched=2 ncam=52 raw=1494.8864923560727 capped=12.471108804226253 radius=194.01533783512573 median=0.28729173103410066 global_scale=1
ATTR_RADIUS o=226 raw_norm=1494.8864923560727 norm=12.471108804226253 radius=194.01533783512573 next_radius=194.01533783512573 lambda=7.2214396437486134e-05 next_lambda=7.2214396437486134e-05 rho=1.0000074083883497 accept=1
CLASSICAL_LM o=226 lambda=7.2214396437486134e-05 tau=7.2214396437486134e-05 prediction=1.1243208902537729 rho=1.0000074083883497 accept=1
  MFCG it 227 cost=2.578123e+05 lam=7.221e-05 tau=0.00e+00 cg_it=0 shift=0 ckpt=1 alpha=0 acc mv=683
PCG_PREP o=227 rebuild=1 drift=0 previous_depth=1
E2_CAP o=227 retry=0 touched=1 ncam=52 raw=1492.8097480684332 capped=43.080115873120505 radius=194.01533783512573 median=1.333002530228232 global_scale=1
ATTR_RADIUS o=227 raw_norm=1492.8097480684328 norm=43.080115873120491 radius=194.01533783512573 next_radius=194.01533783512573 lambda=7.2214396437486134e-05 next_lambda=7.2214396437486134e-05 rho=0.99939109502795354 accept=1
CLASSICAL_LM o=227 lambda=7.2214396437486134e-05 tau=7.2214396437486134e-05 prediction=4.4681919710469975 rho=0.99939109502795354 accept=1
  MFCG it 228 cost=2.578079e+05 lam=7.221e-05 tau=0.00e+00 cg_it=2 shift=0 ckpt=3 alpha=0 acc mv=687
PCG_PREP o=228 rebuild=1 drift=0 previous_depth=3
E2_CAP o=228 retry=0 touched=2 ncam=52 raw=1493.2094581513227 capped=13.266259795654802 radius=194.01533783512573 median=0.3017226763045936 global_scale=1
ATTR_RADIUS o=228 raw_norm=1493.2094581513227 norm=13.266259795654804 radius=194.01533783512573 next_radius=194.01533783512573 lambda=7.2214396437486134e-05 next_lambda=7.2214396437486134e-05 rho=0.99995571600163535 accept=1
CLASSICAL_LM o=228 lambda=7.2214396437486134e-05 tau=7.2214396437486134e-05 prediction=1.272275544191263 rho=0.99995571600163535 accept=1
  MFCG it 229 cost=2.578066e+05 lam=7.221e-05 tau=0.00e+00 cg_it=0 shift=0 ckpt=1 alpha=0 acc mv=689
PCG_PREP o=229 rebuild=1 drift=0 previous_depth=1
E2_CAP o=229 retry=0 touched=2 ncam=52 raw=1491.2727254954498 capped=12.216389575116132 radius=194.01533783512573 median=0.28150948058282632 global_scale=1
ATTR_RADIUS o=229 raw_norm=1491.2727254954493 norm=12.216389575116132 radius=194.01533783512573 next_radius=194.01533783512573 lambda=7.2214396437486134e-05 next_lambda=7.2214396437486134e-05 rho=1.0000058084401715 accept=1
CLASSICAL_LM o=229 lambda=7.2214396437486134e-05 tau=7.2214396437486134e-05 prediction=1.0957606440044092 rho=1.0000058084401715 accept=1
  MFCG it 230 cost=2.578055e+05 lam=7.221e-05 tau=0.00e+00 cg_it=0 shift=0 ckpt=1 alpha=0 acc mv=691
PCG_PREP o=230 rebuild=1 drift=0 previous_depth=1
E2_CAP o=230 retry=0 touched=1 ncam=52 raw=1489.6122564706779 capped=42.846545237222841 radius=194.01533783512573 median=1.3250001033360777 global_scale=1
ATTR_RADIUS o=230 raw_norm=1489.6122564706779 norm=42.846545237222863 radius=194.01533783512573 next_radius=194.01533783512573 lambda=7.2214396437486134e-05 next_lambda=7.2214396437486134e-05 rho=0.99937703476175377 accept=1
CLASSICAL_LM o=230 lambda=7.2214396437486134e-05 tau=7.2214396437486134e-05 prediction=4.4155931561176303 rho=0.99937703476175377 accept=1
  MFCG it 231 cost=2.578011e+05 lam=7.221e-05 tau=0.00e+00 cg_it=2 shift=0 ckpt=3 alpha=0 acc mv=695
PCG_PREP o=231 rebuild=1 drift=0 previous_depth=3
E2_CAP o=231 retry=0 touched=2 ncam=52 raw=1489.728957134151 capped=13.069656263684371 radius=194.01533783512573 median=0.29728117540004284 global_scale=1
ATTR_RADIUS o=231 raw_norm=1489.7289571341505 norm=13.069656263684371 radius=194.01533783512573 next_radius=194.01533783512573 lambda=7.2214396437486134e-05 next_lambda=7.2214396437486134e-05 rho=0.99994959495693092 accept=1
CLASSICAL_LM o=231 lambda=7.2214396437486134e-05 tau=7.2214396437486134e-05 prediction=1.2480147783906992 rho=0.99994959495693092 accept=1
  MFCG it 232 cost=2.577998e+05 lam=7.221e-05 tau=0.00e+00 cg_it=0 shift=0 ckpt=1 alpha=0 acc mv=697
PCG_PREP o=232 rebuild=1 drift=0 previous_depth=1
E2_CAP o=232 retry=0 touched=1 ncam=52 raw=1486.8368510256835 capped=40.075905002774363 radius=194.01533783512573 median=1.2510665185710779 global_scale=1
ATTR_RADIUS o=232 raw_norm=1486.8368510256846 norm=40.075905002774348 radius=194.01533783512573 next_radius=194.01533783512573 lambda=7.2214396437486134e-05 next_lambda=7.2214396437486134e-05 rho=0.99941710997465916 accept=1
CLASSICAL_LM o=232 lambda=7.2214396437486134e-05 tau=7.2214396437486134e-05 prediction=4.224021801935864 rho=0.99941710997465916 accept=1
  MFCG it 233 cost=2.577956e+05 lam=7.221e-05 tau=0.00e+00 cg_it=2 shift=0 ckpt=3 alpha=0 acc mv=701
PCG_PREP o=233 rebuild=1 drift=0 previous_depth=3
E2_CAP o=233 retry=0 touched=2 ncam=52 raw=1487.1334403218261 capped=13.358079331103964 radius=194.01533783512573 median=0.30425584858087018 global_scale=1
ATTR_RADIUS o=233 raw_norm=1487.1334403218259 norm=13.358079331103966 radius=194.01533783512573 next_radius=194.01533783512573 lambda=7.2214396437486134e-05 next_lambda=7.2214396437486134e-05 rho=0.99996778595441571 accept=1
CLASSICAL_LM o=233 lambda=7.2214396437486134e-05 tau=7.2214396437486134e-05 prediction=1.2705589389287844 rho=0.99996778595441571 accept=1
  MFCG it 234 cost=2.577943e+05 lam=7.221e-05 tau=0.00e+00 cg_it=0 shift=0 ckpt=1 alpha=0 acc mv=703
PCG_PREP o=234 rebuild=1 drift=0 previous_depth=1
E2_CAP o=234 retry=0 touched=2 ncam=52 raw=1485.2140994144361 capped=11.935911312321402 radius=194.01533783512573 median=0.27491131430077198 global_scale=1
ATTR_RADIUS o=234 raw_norm=1485.2140994144356 norm=11.935911312321403 radius=194.01533783512573 next_radius=194.01533783512573 lambda=7.2214396437486134e-05 next_lambda=7.2214396437486134e-05 rho=1.0000105102828418 accept=1
CLASSICAL_LM o=234 lambda=7.2214396437486134e-05 tau=7.2214396437486134e-05 prediction=1.0651293653420475 rho=1.0000105102828418 accept=1
  MFCG it 235 cost=2.577933e+05 lam=7.221e-05 tau=0.00e+00 cg_it=0 shift=0 ckpt=1 alpha=0 acc mv=705
PCG_PREP o=235 rebuild=1 drift=0 previous_depth=1
E2_CAP o=235 retry=0 touched=1 ncam=52 raw=1483.8536492168025 capped=41.152925013556576 radius=194.01533783512573 median=1.2784039579848896 global_scale=1
ATTR_RADIUS o=235 raw_norm=1483.8536492168025 norm=41.152925013556569 radius=194.01533783512573 next_radius=194.01533783512573 lambda=7.2214396437486134e-05 next_lambda=7.2214396437486134e-05 rho=0.99939810525432626 accept=1
CLASSICAL_LM o=235 lambda=7.2214396437486134e-05 tau=7.2214396437486134e-05 prediction=4.2407159749424768 rho=0.99939810525432626 accept=1
  MFCG it 236 cost=2.577890e+05 lam=7.221e-05 tau=0.00e+00 cg_it=2 shift=0 ckpt=3 alpha=0 acc mv=709
PCG_PREP o=236 rebuild=1 drift=0 previous_depth=3
E2_CAP o=236 retry=0 touched=2 ncam=52 raw=1483.6791132570083 capped=12.780268211921786 radius=194.01533783512573 median=0.29066229168380497 global_scale=1
ATTR_RADIUS o=236 raw_norm=1483.6791132570081 norm=12.780268211921786 radius=194.01533783512573 next_radius=194.01533783512573 lambda=7.2214396437486134e-05 next_lambda=7.2214396437486134e-05 rho=0.9999537152551935 accept=1
CLASSICAL_LM o=236 lambda=7.2214396437486134e-05 tau=7.2214396437486134e-05 prediction=1.2122453413094949 rho=0.9999537152551935 accept=1
  MFCG it 237 cost=2.577878e+05 lam=7.221e-05 tau=0.00e+00 cg_it=0 shift=0 ckpt=1 alpha=0 acc mv=711
PCG_PREP o=237 rebuild=1 drift=0 previous_depth=1
E2_CAP o=237 retry=0 touched=2 ncam=52 raw=1481.8228436073632 capped=11.705181807943188 radius=194.01533783512573 median=0.26967144478838423 global_scale=1
ATTR_RADIUS o=237 raw_norm=1481.822843607363 norm=11.705181807943191 radius=194.01533783512573 next_radius=194.01533783512573 lambda=7.2214396437486134e-05 next_lambda=7.2214396437486134e-05 rho=1.0000088722741309 accept=1
CLASSICAL_LM o=237 lambda=7.2214396437486134e-05 tau=7.2214396437486134e-05 prediction=1.0397106677766441 rho=1.0000088722741309 accept=1
  MFCG it 238 cost=2.577868e+05 lam=7.221e-05 tau=0.00e+00 cg_it=0 shift=0 ckpt=1 alpha=0 acc mv=713
PCG_PREP o=238 rebuild=1 drift=0 previous_depth=1
E2_CAP o=238 retry=0 touched=1 ncam=52 raw=1480.8274783783284 capped=40.95796131128845 radius=194.01533783512573 median=1.2709729532119152 global_scale=1
ATTR_RADIUS o=238 raw_norm=1480.827478378329 norm=40.95796131128845 radius=194.01533783512573 next_radius=194.01533783512573 lambda=7.2214396437486134e-05 next_lambda=7.2214396437486134e-05 rho=0.99938665777187363 accept=1
CLASSICAL_LM o=238 lambda=7.2214396437486134e-05 tau=7.2214396437486134e-05 prediction=4.1938582728961533 rho=0.99938665777187363 accept=1
  MFCG it 239 cost=2.577826e+05 lam=7.221e-05 tau=0.00e+00 cg_it=2 shift=0 ckpt=3 alpha=0 acc mv=717
PCG_PREP o=239 rebuild=1 drift=0 previous_depth=3
E2_CAP o=239 retry=0 touched=2 ncam=52 raw=1480.4006279875478 capped=12.599893775575293 radius=194.01533783512573 median=0.28658208477953673 global_scale=1
ATTR_RADIUS o=239 raw_norm=1480.400627987548 norm=12.599893775575294 radius=194.01533783512573 next_radius=194.01533783512573 lambda=7.2214396437486134e-05 next_lambda=7.2214396437486134e-05 rho=0.99994833564933638 accept=1
CLASSICAL_LM o=239 lambda=7.2214396437486134e-05 tau=7.2214396437486134e-05 prediction=1.1903381838604528 rho=0.99994833564933638 accept=1
  MFCG it 240 cost=2.577814e+05 lam=7.221e-05 tau=0.00e+00 cg_it=0 shift=0 ckpt=1 alpha=0 acc mv=719
PCG_PREP o=240 rebuild=1 drift=0 previous_depth=1
E2_CAP o=240 retry=0 touched=1 ncam=52 raw=1478.195345817144 capped=38.408842871592412 radius=194.01533783512573 median=1.2049686694222188 global_scale=1
ATTR_RADIUS o=240 raw_norm=1478.1953458171436 norm=38.408842871592412 radius=194.01533783512573 next_radius=194.01533783512573 lambda=7.2214396437486134e-05 next_lambda=7.2214396437486134e-05 rho=0.9994262085443113 accept=1
CLASSICAL_LM o=240 lambda=7.2214396437486134e-05 tau=7.2214396437486134e-05 prediction=4.0296613907301309 rho=0.9994262085443113 accept=1
  MFCG it 241 cost=2.577774e+05 lam=7.221e-05 tau=0.00e+00 cg_it=2 shift=0 ckpt=3 alpha=0 acc mv=723
PCG_PREP o=241 rebuild=1 drift=0 previous_depth=3
E2_CAP o=241 retry=0 touched=2 ncam=52 raw=1477.9461828168382 capped=12.897008041484685 radius=194.01533783512573 median=0.29375876602595341 global_scale=1
ATTR_RADIUS o=241 raw_norm=1477.946182816838 norm=12.897008041484689 radius=194.01533783512573 next_radius=194.01533783512573 lambda=7.2214396437486134e-05 next_lambda=7.2214396437486134e-05 rho=0.99996738317712064 accept=1
CLASSICAL_LM o=241 lambda=7.2214396437486134e-05 tau=7.2214396437486134e-05 prediction=1.2138209325725851 rho=0.99996738317712064 accept=1
  MFCG it 242 cost=2.577762e+05 lam=7.221e-05 tau=0.00e+00 cg_it=0 shift=0 ckpt=1 alpha=0 acc mv=725
PCG_PREP o=242 rebuild=1 drift=0 previous_depth=1
E2_CAP o=242 retry=0 touched=2 ncam=52 raw=1476.1042564170259 capped=11.448957433605624 radius=194.01533783512573 median=0.263624541372453 global_scale=1
ATTR_RADIUS o=242 raw_norm=1476.1042564170261 norm=11.448957433605621 radius=194.01533783512573 next_radius=194.01533783512573 lambda=7.2214396437486134e-05 next_lambda=7.2214396437486134e-05 rho=1.0000135634654543 accept=1
CLASSICAL_LM o=242 lambda=7.2214396437486134e-05 tau=7.2214396437486134e-05 prediction=1.0122083415433079 rho=1.0000135634654543 accept=1
  MFCG it 243 cost=2.577751e+05 lam=7.221e-05 tau=0.00e+00 cg_it=0 shift=0 ckpt=1 alpha=0 acc mv=727
PCG_PREP o=243 rebuild=1 drift=0 previous_depth=1
E2_CAP o=243 retry=0 touched=1 ncam=52 raw=1475.3623134989655 capped=39.384008443036763 radius=194.01533783512573 median=1.2271793069124084 global_scale=1
ATTR_RADIUS o=243 raw_norm=1475.3623134989655 norm=39.384008443036755 radius=194.01533783512573 next_radius=194.01533783512573 lambda=7.2214396437486134e-05 next_lambda=7.2214396437486134e-05 rho=0.99940926101655592 accept=1
CLASSICAL_LM o=243 lambda=7.2214396437486134e-05 tau=7.2214396437486134e-05 prediction=4.0327435055353664 rho=0.99940926101655592 accept=1
  MFCG it 244 cost=2.577711e+05 lam=7.221e-05 tau=0.00e+00 cg_it=2 shift=0 ckpt=3 alpha=0 acc mv=731
PCG_PREP o=244 rebuild=1 drift=0 previous_depth=3
E2_CAP o=244 retry=0 touched=2 ncam=52 raw=1474.6797165549349 capped=12.332627762141003 radius=194.01533783512573 median=0.28045722472123141 global_scale=1
ATTR_RADIUS o=244 raw_norm=1474.6797165549353 norm=12.332627762141007 radius=194.01533783512573 next_radius=194.01533783512573 lambda=7.2214396437486134e-05 next_lambda=7.2214396437486134e-05 rho=0.99995292085286569 accept=1
CLASSICAL_LM o=244 lambda=7.2214396437486134e-05 tau=7.2214396437486134e-05 prediction=1.1578038890740689 rho=0.99995292085286569 accept=1
  MFCG it 245 cost=2.577700e+05 lam=7.221e-05 tau=0.00e+00 cg_it=0 shift=0 ckpt=1 alpha=0 acc mv=733
PCG_PREP o=245 rebuild=1 drift=0 previous_depth=1
E2_CAP o=245 retry=0 touched=2 ncam=52 raw=1472.8980269174031 capped=11.231214526152177 radius=194.01533783512573 median=0.25867704263531399 global_scale=1
ATTR_RADIUS o=245 raw_norm=1472.8980269174031 norm=11.231214526152176 radius=194.01533783512573 next_radius=194.01533783512573 lambda=7.2214396437486134e-05 next_lambda=7.2214396437486134e-05 rho=1.0000119149822511 accept=1
CLASSICAL_LM o=245 lambda=7.2214396437486134e-05 tau=7.2214396437486134e-05 prediction=0.98863846921270981 rho=1.0000119149822511 accept=1
  MFCG it 246 cost=2.577690e+05 lam=7.221e-05 tau=0.00e+00 cg_it=0 shift=0 ckpt=1 alpha=0 acc mv=735
PCG_PREP o=246 rebuild=1 drift=0 previous_depth=1
E2_CAP o=246 retry=0 touched=1 ncam=52 raw=1472.4911080265369 capped=39.238791500359994 radius=194.01533783512573 median=1.2206198768030356 global_scale=1
ATTR_RADIUS o=246 raw_norm=1472.4911080265376 norm=39.238791500360001 radius=194.01533783512573 next_radius=194.01533783512573 lambda=7.2214396437486134e-05 next_lambda=7.2214396437486134e-05 rho=0.99939860284253013 accept=1
CLASSICAL_LM o=246 lambda=7.2214396437486134e-05 tau=7.2214396437486134e-05 prediction=3.9912289779711583 rho=0.99939860284253013 accept=1
  MFCG it 247 cost=2.577650e+05 lam=7.221e-05 tau=0.00e+00 cg_it=2 shift=0 ckpt=3 alpha=0 acc mv=739
PCG_PREP o=247 rebuild=1 drift=0 previous_depth=3
E2_CAP o=247 retry=0 touched=2 ncam=52 raw=1471.5767724443247 capped=12.163260657363709 radius=194.01533783512573 median=0.27662114521591552 global_scale=1
ATTR_RADIUS o=247 raw_norm=1471.5767724443244 norm=12.163260657363702 radius=194.01533783512573 next_radius=194.01533783512573 lambda=7.2214396437486134e-05 next_lambda=7.2214396437486134e-05 rho=0.9999477493852672 accept=1
CLASSICAL_LM o=247 lambda=7.2214396437486134e-05 tau=7.2214396437486134e-05 prediction=1.1375773963388174 rho=0.9999477493852672 accept=1
  MFCG it 248 cost=2.577638e+05 lam=7.221e-05 tau=0.00e+00 cg_it=0 shift=0 ckpt=1 alpha=0 acc mv=741
PCG_PREP o=248 rebuild=1 drift=0 previous_depth=1
E2_CAP o=248 retry=0 touched=2 ncam=52 raw=1469.820592245137 capped=11.046747259423638 radius=194.01533783512573 median=0.25442891322317274 global_scale=1
ATTR_RADIUS o=248 raw_norm=1469.8205922451373 norm=11.046747259423638 radius=194.01533783512573 next_radius=194.01533783512573 lambda=7.2214396437486134e-05 next_lambda=7.2214396437486134e-05 rho=1.0000126670065381 accept=1
CLASSICAL_LM o=248 lambda=7.2214396437486134e-05 tau=7.2214396437486134e-05 prediction=0.96892709817576739 rho=1.0000126670065381 accept=1
  MFCG it 249 cost=2.577629e+05 lam=7.221e-05 tau=0.00e+00 cg_it=0 shift=0 ckpt=1 alpha=0 acc mv=743
PCG_PREP o=249 rebuild=1 drift=0 previous_depth=1
E2_CAP o=249 retry=0 touched=1 ncam=52 raw=1469.644965207091 capped=38.738050396147692 radius=194.01533783512573 median=1.2045625479560214 global_scale=1
ATTR_RADIUS o=249 raw_norm=1469.6449652070912 norm=38.738050396147692 radius=194.01533783512573 next_radius=194.01533783512573 lambda=7.2214396437486134e-05 next_lambda=7.2214396437486134e-05 rho=0.99939615770920609 accept=1
CLASSICAL_LM o=249 lambda=7.2214396437486134e-05 tau=7.2214396437486134e-05 prediction=3.9235152312902599 rho=0.99939615770920609 accept=1
  MFCG it 250 cost=2.577590e+05 lam=7.221e-05 tau=0.00e+00 cg_it=2 shift=0 ckpt=3 alpha=0 acc mv=747
PCG_PREP o=250 rebuild=1 drift=0 previous_depth=3
E2_CAP o=250 retry=0 touched=2 ncam=52 raw=1468.5650699147138 capped=12.003265516246342 radius=194.01533783512573 median=0.27297642094125729 global_scale=1
ATTR_RADIUS o=250 raw_norm=1468.5650699147134 norm=12.003265516246342 radius=194.01533783512573 next_radius=194.01533783512573 lambda=7.2214396437486134e-05 next_lambda=7.2214396437486134e-05 rho=0.99994567424095659 accept=1
CLASSICAL_LM o=250 lambda=7.2214396437486134e-05 tau=7.2214396437486134e-05 prediction=1.1187590672571384 rho=0.99994567424095659 accept=1
  MFCG it 251 cost=2.577578e+05 lam=7.221e-05 tau=0.00e+00 cg_it=0 shift=0 ckpt=1 alpha=0 acc mv=749
PCG_PREP o=251 rebuild=1 drift=0 previous_depth=1
E2_CAP o=251 retry=0 touched=1 ncam=52 raw=1467.1821805854795 capped=36.354776337598004 radius=194.01533783512573 median=1.1455242144825863 global_scale=1
ATTR_RADIUS o=251 raw_norm=1467.182180585479 norm=36.354776337598011 radius=194.01533783512573 next_radius=194.01533783512573 lambda=7.2214396437486134e-05 next_lambda=7.2214396437486134e-05 rho=0.99943694330134025 accept=1
CLASSICAL_LM o=251 lambda=7.2214396437486134e-05 tau=7.2214396437486134e-05 prediction=3.7839970396095874 rho=0.99943694330134025 accept=1
  MFCG it 252 cost=2.577541e+05 lam=7.221e-05 tau=0.00e+00 cg_it=2 shift=0 ckpt=3 alpha=0 acc mv=753
PCG_PREP o=252 rebuild=1 drift=0 previous_depth=3
E2_CAP o=252 retry=0 touched=2 ncam=52 raw=1466.2933474477593 capped=12.320267913754387 radius=194.01533783512573 median=0.2806222807993658 global_scale=1
ATTR_RADIUS o=252 raw_norm=1466.2933474477595 norm=12.320267913754385 radius=194.01533783512573 next_radius=194.01533783512573 lambda=7.2214396437486134e-05 next_lambda=7.2214396437486134e-05 rho=0.99996646263764888 accept=1
CLASSICAL_LM o=252 lambda=7.2214396437486134e-05 tau=7.2214396437486134e-05 prediction=1.1442212987529827 rho=0.99996646263764888 accept=1
  MFCG it 253 cost=2.577529e+05 lam=7.221e-05 tau=0.00e+00 cg_it=0 shift=0 ckpt=1 alpha=0 acc mv=755
PCG_PREP o=253 rebuild=1 drift=0 previous_depth=1
E2_CAP o=253 retry=0 touched=2 ncam=52 raw=1464.5460711030348 capped=10.852226878856332 radius=194.01533783512573 median=0.24980825243650095 global_scale=1
ATTR_RADIUS o=253 raw_norm=1464.5460711030353 norm=10.852226878856333 radius=194.01533783512573 next_radius=194.01533783512573 lambda=7.2214396437486134e-05 next_lambda=7.2214396437486134e-05 rho=1.0000174198951159 accept=1
CLASSICAL_LM o=253 lambda=7.2214396437486134e-05 tau=7.2214396437486134e-05 prediction=0.94818753277513279 rho=1.0000174198951159 accept=1
  MFCG it 254 cost=2.577520e+05 lam=7.221e-05 tau=0.00e+00 cg_it=0 shift=0 ckpt=1 alpha=0 acc mv=757
PCG_PREP o=254 rebuild=1 drift=0 previous_depth=1
E2_CAP o=254 retry=0 touched=1 ncam=52 raw=1464.5333565521078 capped=37.203102027768132 radius=194.01533783512573 median=1.1618362409395167 global_scale=1
ATTR_RADIUS o=254 raw_norm=1464.5333565521078 norm=37.203102027768146 radius=194.01533783512573 next_radius=194.01533783512573 lambda=7.2214396437486134e-05 next_lambda=7.2214396437486134e-05 rho=0.99942333195214395 accept=1
CLASSICAL_LM o=254 lambda=7.2214396437486134e-05 tau=7.2214396437486134e-05 prediction=3.7724724336484976 rho=0.99942333195214395 accept=1
  MFCG it 255 cost=2.577482e+05 lam=7.221e-05 tau=0.00e+00 cg_it=2 shift=0 ckpt=3 alpha=0 acc mv=761
PCG_PREP o=255 rebuild=1 drift=0 previous_depth=3
E2_CAP o=255 retry=0 touched=2 ncam=52 raw=1463.259533866873 capped=11.765254169644789 radius=194.01533783512573 median=0.2675025770193713 global_scale=1
ATTR_RADIUS o=255 raw_norm=1463.2595338668737 norm=11.765254169644788 radius=194.01533783512573 next_radius=194.01533783512573 lambda=7.2214396437486134e-05 next_lambda=7.2214396437486134e-05 rho=0.99995180929286598 accept=1
CLASSICAL_LM o=255 lambda=7.2214396437486134e-05 tau=7.2214396437486134e-05 prediction=1.0903509138136589 rho=0.99995180929286598 accept=1
  MFCG it 256 cost=2.577471e+05 lam=7.221e-05 tau=0.00e+00 cg_it=0 shift=0 ckpt=1 alpha=0 acc mv=763
PCG_PREP o=256 rebuild=1 drift=0 previous_depth=1
E2_CAP o=256 retry=0 touched=2 ncam=52 raw=1461.5698991977022 capped=10.687497895562824 radius=194.01533783512573 median=0.24611112529612694 global_scale=1
ATTR_RADIUS o=256 raw_norm=1461.5698991977022 norm=10.687497895562824 radius=194.01533783512573 next_radius=194.01533783512573 lambda=7.2214396437486134e-05 next_lambda=7.2214396437486134e-05 rho=1.0000154581164327 accept=1
CLASSICAL_LM o=256 lambda=7.2214396437486134e-05 tau=7.2214396437486134e-05 prediction=0.9300296614234097 rho=1.0000154581164327 accept=1
  MFCG it 257 cost=2.577462e+05 lam=7.221e-05 tau=0.00e+00 cg_it=0 shift=0 ckpt=1 alpha=0 acc mv=765
PCG_PREP o=257 rebuild=1 drift=0 previous_depth=1
E2_CAP o=257 retry=0 touched=1 ncam=52 raw=1461.8521387137839 capped=37.113887629894563 radius=194.01533783512573 median=1.1563492544119773 global_scale=1
ATTR_RADIUS o=257 raw_norm=1461.8521387137839 norm=37.113887629894556 radius=194.01533783512573 next_radius=194.01533783512573 lambda=7.2214396437486134e-05 next_lambda=7.2214396437486134e-05 rho=0.99941395430116742 accept=1
CLASSICAL_LM o=257 lambda=7.2214396437486134e-05 tau=7.2214396437486134e-05 prediction=3.7373445038239232 rho=0.99941395430116742 accept=1
  MFCG it 258 cost=2.577424e+05 lam=7.221e-05 tau=0.00e+00 cg_it=2 shift=0 ckpt=3 alpha=0 acc mv=769
PCG_PREP o=258 rebuild=1 drift=0 previous_depth=3
E2_CAP o=258 retry=0 touched=2 ncam=52 raw=1460.3715135872098 capped=11.610581531417839 radius=194.01533783512573 median=0.2639939212491883 global_scale=1
ATTR_RADIUS o=258 raw_norm=1460.3715135872094 norm=11.610581531417839 radius=194.01533783512573 next_radius=194.01533783512573 lambda=7.2214396437486134e-05 next_lambda=7.2214396437486134e-05 rho=0.99994690604646885 accept=1
CLASSICAL_LM o=258 lambda=7.2214396437486134e-05 tau=7.2214396437486134e-05 prediction=1.072232774406283 rho=0.99994690604646885 accept=1
  MFCG it 259 cost=2.577414e+05 lam=7.221e-05 tau=0.00e+00 cg_it=0 shift=0 ckpt=1 alpha=0 acc mv=771
PCG_PREP o=259 rebuild=1 drift=0 previous_depth=1
E2_CAP o=259 retry=0 touched=2 ncam=52 raw=1458.7048577250107 capped=10.571956189781357 radius=194.01533783512573 median=0.24350459898079818 global_scale=1
ATTR_RADIUS o=259 raw_norm=1458.7048577250102 norm=10.571956189781359 radius=194.01533783512573 next_radius=194.01533783512573 lambda=7.2214396437486134e-05 next_lambda=7.2214396437486134e-05 rho=1.0000158171380242 accept=1
CLASSICAL_LM o=259 lambda=7.2214396437486134e-05 tau=7.2214396437486134e-05 prediction=0.9168696246158603 rho=1.0000158171380242 accept=1
  MFCG it 260 cost=2.577404e+05 lam=7.221e-05 tau=0.00e+00 cg_it=0 shift=0 ckpt=1 alpha=0 acc mv=773
PCG_PREP o=260 rebuild=1 drift=0 previous_depth=1
E2_CAP o=260 retry=0 touched=1 ncam=52 raw=1459.1888480517785 capped=36.681737511580906 radius=194.01533783512573 median=1.1417579296532385 global_scale=1
ATTR_RADIUS o=260 raw_norm=1459.1888480517785 norm=36.681737511580906 radius=194.01533783512573 next_radius=194.01533783512573 lambda=7.2214396437486134e-05 next_lambda=7.2214396437486134e-05 rho=0.99941219151990224 accept=1
CLASSICAL_LM o=260 lambda=7.2214396437486134e-05 tau=7.2214396437486134e-05 prediction=3.6767665617570344 rho=0.99941219151990224 accept=1
  MFCG it 261 cost=2.577368e+05 lam=7.221e-05 tau=0.00e+00 cg_it=2 shift=0 ckpt=3 alpha=0 acc mv=777
PCG_PREP o=261 rebuild=1 drift=0 previous_depth=3
E2_CAP o=261 retry=0 touched=2 ncam=52 raw=1457.5615473872494 capped=11.463633641269443 radius=194.01533783512573 median=0.26064081087257934 global_scale=1
ATTR_RADIUS o=261 raw_norm=1457.5615473872494 norm=11.463633641269437 radius=194.01533783512573 next_radius=194.01533783512573 lambda=7.2214396437486134e-05 next_lambda=7.2214396437486134e-05 rho=0.99994489224372884 accept=1
CLASSICAL_LM o=261 lambda=7.2214396437486134e-05 tau=7.2214396437486134e-05 prediction=1.0552790699686156 rho=0.99994489224372884 accept=1
  MFCG it 262 cost=2.577357e+05 lam=7.221e-05 tau=0.00e+00 cg_it=0 shift=0 ckpt=1 alpha=0 acc mv=779
PCG_PREP o=262 rebuild=1 drift=0 previous_depth=1
E2_CAP o=262 retry=0 touched=2 ncam=52 raw=1455.9166274178563 capped=10.461162094540565 radius=194.01533783512573 median=0.24098584578532173 global_scale=1
ATTR_RADIUS o=262 raw_norm=1455.9166274178567 norm=10.461162094540562 radius=194.01533783512573 next_radius=194.01533783512573 lambda=7.2214396437486134e-05 next_lambda=7.2214396437486134e-05 rho=1.0000164667320721 accept=1
CLASSICAL_LM o=262 lambda=7.2214396437486134e-05 tau=7.2214396437486134e-05 prediction=0.90452565512016292 rho=1.0000164667320721 accept=1
  MFCG it 263 cost=2.577348e+05 lam=7.221e-05 tau=0.00e+00 cg_it=0 shift=0 ckpt=1 alpha=0 acc mv=781
PCG_PREP o=263 rebuild=1 drift=0 previous_depth=1
E2_CAP o=263 retry=0 touched=1 ncam=52 raw=1456.5658274309574 capped=36.181937889476373 radius=194.01533783512573 median=1.1256161859461384 global_scale=1
ATTR_RADIUS o=263 raw_norm=1456.5658274309574 norm=36.181937889476373 radius=194.01533783512573 next_radius=194.01533783512573 lambda=7.2214396437486134e-05 next_lambda=7.2214396437486134e-05 rho=0.99941332676052785 accept=1
CLASSICAL_LM o=263 lambda=7.2214396437486134e-05 tau=7.2214396437486134e-05 prediction=3.6131682768981972 rho=0.99941332676052785 accept=1
  MFCG it 264 cost=2.577312e+05 lam=7.221e-05 tau=0.00e+00 cg_it=2 shift=0 ckpt=3 alpha=0 acc mv=785
PCG_PREP o=264 rebuild=1 drift=0 previous_depth=3
E2_CAP o=264 retry=0 touched=2 ncam=52 raw=1454.8133835021295 capped=11.323074551813962 radius=194.01533783512573 median=0.25742803588751428 global_scale=1
ATTR_RADIUS o=264 raw_norm=1454.813383502129 norm=11.323074551813965 radius=194.01533783512573 next_radius=194.01533783512573 lambda=7.2214396437486134e-05 next_lambda=7.2214396437486134e-05 rho=0.99994393024271133 accept=1
CLASSICAL_LM o=264 lambda=7.2214396437486134e-05 tau=7.2214396437486134e-05 prediction=1.0391582616207284 rho=0.99994393024271133 accept=1
  MFCG it 265 cost=2.577302e+05 lam=7.221e-05 tau=0.00e+00 cg_it=0 shift=0 ckpt=1 alpha=0 acc mv=787
PCG_PREP o=265 rebuild=1 drift=0 previous_depth=1
E2_CAP o=265 retry=0 touched=2 ncam=52 raw=1453.1895320894207 capped=10.339654116096153 radius=194.01533783512573 median=0.23819537469113419 global_scale=1
ATTR_RADIUS o=265 raw_norm=1453.1895320894205 norm=10.339654116096151 radius=194.01533783512573 next_radius=194.01533783512573 lambda=7.2214396437486134e-05 next_lambda=7.2214396437486134e-05 rho=1.0000172960430249 accept=1
CLASSICAL_LM o=265 lambda=7.2214396437486134e-05 tau=7.2214396437486134e-05 prediction=0.89149671105076023 rho=1.0000172960430249 accept=1
  MFCG it 266 cost=2.577293e+05 lam=7.221e-05 tau=0.00e+00 cg_it=0 shift=0 ckpt=1 alpha=0 acc mv=789
PCG_PREP o=266 rebuild=1 drift=0 previous_depth=1
E2_CAP o=266 retry=0 touched=1 ncam=52 raw=1453.9873258915559 capped=35.67922734652376 radius=194.01533783512573 median=1.1095753398497372 global_scale=1
ATTR_RADIUS o=266 raw_norm=1453.987325891557 norm=35.67922734652376 radius=194.01533783512573 next_radius=194.01533783512573 lambda=7.2214396437486134e-05 next_lambda=7.2214396437486134e-05 rho=0.99941588382172564 accept=1
CLASSICAL_LM o=266 lambda=7.2214396437486134e-05 tau=7.2214396437486134e-05 prediction=3.5510877359663433 rho=0.99941588382172564 accept=1
  MFCG it 267 cost=2.577257e+05 lam=7.221e-05 tau=0.00e+00 cg_it=2 shift=0 ckpt=3 alpha=0 acc mv=793
PCG_PREP o=267 rebuild=1 drift=0 previous_depth=3
E2_CAP o=267 retry=0 touched=2 ncam=52 raw=1452.1198102363428 capped=11.188152854668642 radius=194.01533783512573 median=0.25434188466351348 global_scale=1
ATTR_RADIUS o=267 raw_norm=1452.1198102363426 norm=11.188152854668642 radius=194.01533783512573 next_radius=194.01533783512573 lambda=7.2214396437486134e-05 next_lambda=7.2214396437486134e-05 rho=0.99994341957562771 accept=1
CLASSICAL_LM o=267 lambda=7.2214396437486134e-05 tau=7.2214396437486134e-05 prediction=1.0237311795381034 rho=0.99994341957562771 accept=1
  MFCG it 268 cost=2.577247e+05 lam=7.221e-05 tau=0.00e+00 cg_it=0 shift=0 ckpt=1 alpha=0 acc mv=795
PCG_PREP o=268 rebuild=1 drift=0 previous_depth=1
E2_CAP o=268 retry=0 touched=2 ncam=52 raw=1450.5163659783866 capped=10.220352028892846 radius=194.01533783512573 median=0.23544930573868322 global_scale=1
ATTR_RADIUS o=268 raw_norm=1450.5163659783871 norm=10.220352028892844 radius=194.01533783512573 next_radius=194.01533783512573 lambda=7.2214396437486134e-05 next_lambda=7.2214396437486134e-05 rho=1.0000181550771838 accept=1
CLASSICAL_LM o=268 lambda=7.2214396437486134e-05 tau=7.2214396437486134e-05 prediction=0.87882012951739996 rho=1.0000181550771838 accept=1
  MFCG it 269 cost=2.577238e+05 lam=7.221e-05 tau=0.00e+00 cg_it=0 shift=0 ckpt=1 alpha=0 acc mv=797
PCG_PREP o=269 rebuild=1 drift=0 previous_depth=1
E2_CAP o=269 retry=0 touched=1 ncam=52 raw=1451.4530156982075 capped=35.189307668993152 radius=194.01533783512573 median=1.0939615056815077 global_scale=1
ATTR_RADIUS o=269 raw_norm=1451.453015698208 norm=35.189307668993138 radius=194.01533783512573 next_radius=194.01533783512573 lambda=7.2214396437486134e-05 next_lambda=7.2214396437486134e-05 rho=0.99941918333512125 accept=1
CLASSICAL_LM o=269 lambda=7.2214396437486134e-05 tau=7.2214396437486134e-05 prediction=3.4911705908397974 rho=0.99941918333512125 accept=1
  MFCG it 270 cost=2.577203e+05 lam=7.221e-05 tau=0.00e+00 cg_it=2 shift=0 ckpt=3 alpha=0 acc mv=801
PCG_PREP o=270 rebuild=1 drift=0 previous_depth=3
E2_CAP o=270 retry=0 touched=2 ncam=52 raw=1449.4761189095091 capped=11.057818346408018 radius=194.01533783512573 median=0.25135900419504698 global_scale=1
ATTR_RADIUS o=270 raw_norm=1449.4761189095084 norm=11.057818346408022 radius=194.01533783512573 next_radius=194.01533783512573 lambda=7.2214396437486134e-05 next_lambda=7.2214396437486134e-05 rho=0.99994310657218899 accept=1
CLASSICAL_LM o=270 lambda=7.2214396437486134e-05 tau=7.2214396437486134e-05 prediction=1.008870641089967 rho=0.99994310657218899 accept=1
  MFCG it 271 cost=2.577193e+05 lam=7.221e-05 tau=0.00e+00 cg_it=0 shift=0 ckpt=1 alpha=0 acc mv=803
PCG_PREP o=271 rebuild=1 drift=0 previous_depth=1
E2_CAP o=271 retry=0 touched=2 ncam=52 raw=1447.8923617391151 capped=10.102614290280815 radius=194.01533783512573 median=0.23273444938474358 global_scale=1
ATTR_RADIUS o=271 raw_norm=1447.8923617391151 norm=10.102614290280815 radius=194.01533783512573 next_radius=194.01533783512573 lambda=7.2214396437486134e-05 next_lambda=7.2214396437486134e-05 rho=1.0000190211198776 accept=1
CLASSICAL_LM o=271 lambda=7.2214396437486134e-05 tau=7.2214396437486134e-05 prediction=0.86640968332878376 rho=1.0000190211198776 accept=1
  MFCG it 272 cost=2.577185e+05 lam=7.221e-05 tau=0.00e+00 cg_it=0 shift=0 ckpt=1 alpha=0 acc mv=805
PCG_PREP o=272 rebuild=1 drift=0 previous_depth=1
E2_CAP o=272 retry=0 touched=1 ncam=52 raw=1448.9612069239679 capped=34.714577210618607 radius=194.01533783512573 median=1.0787926855882164 global_scale=1
ATTR_RADIUS o=272 raw_norm=1448.9612069239672 norm=34.7145772106186 radius=194.01533783512573 next_radius=194.01533783512573 lambda=7.2214396437486134e-05 next_lambda=7.2214396437486134e-05 rho=0.99942289905445969 accept=1
CLASSICAL_LM o=272 lambda=7.2214396437486134e-05 tau=7.2214396437486134e-05 prediction=3.4332957676823814 rho=0.99942289905445969 accept=1
  MFCG it 273 cost=2.577150e+05 lam=7.221e-05 tau=0.00e+00 cg_it=2 shift=0 ckpt=3 alpha=0 acc mv=809
PCG_PREP o=273 rebuild=1 drift=0 previous_depth=3
E2_CAP o=273 retry=0 touched=2 ncam=52 raw=1446.8791622074236 capped=10.93119942121748 radius=194.01533783512573 median=0.24845948738322665 global_scale=1
ATTR_RADIUS o=273 raw_norm=1446.8791622074234 norm=10.93119942121748 radius=194.01533783512573 next_radius=194.01533783512573 lambda=7.2214396437486134e-05 next_lambda=7.2214396437486134e-05 rho=0.99994289319784369 accept=1
CLASSICAL_LM o=273 lambda=7.2214396437486134e-05 tau=7.2214396437486134e-05 prediction=0.99448158282559929 rho=0.99994289319784369 accept=1
  MFCG it 274 cost=2.577140e+05 lam=7.221e-05 tau=0.00e+00 cg_it=0 shift=0 ckpt=1 alpha=0 acc mv=811
PCG_PREP o=274 rebuild=1 drift=0 previous_depth=1
E2_CAP o=274 retry=0 touched=2 ncam=52 raw=1445.3146948772801 capped=9.9714176940502348 radius=194.01533783512573 median=0.22968978617982908 global_scale=1
ATTR_RADIUS o=274 raw_norm=1445.3146948772803 norm=9.9714176940502348 radius=194.01533783512573 next_radius=194.01533783512573 lambda=7.2214396437486134e-05 next_lambda=7.2214396437486134e-05 rho=1.0000199794630489 accept=1
CLASSICAL_LM o=274 lambda=7.2214396437486134e-05 tau=7.2214396437486134e-05 prediction=0.85298072389591362 rho=1.0000199794630489 accept=1
  MFCG it 275 cost=2.577132e+05 lam=7.221e-05 tau=0.00e+00 cg_it=0 shift=0 ckpt=1 alpha=0 acc mv=813
PCG_PREP o=275 rebuild=1 drift=0 previous_depth=1
E2_CAP o=275 retry=0 touched=1 ncam=52 raw=1446.5109614549742 capped=34.253276448272374 radius=194.01533783512573 median=1.0640294947905531 global_scale=1
ATTR_RADIUS o=275 raw_norm=1446.5109614549742 norm=34.253276448272395 radius=194.01533783512573 next_radius=194.01533783512573 lambda=7.2214396437486134e-05 next_lambda=7.2214396437486134e-05 rho=0.99942687485302062 accept=1
CLASSICAL_LM o=275 lambda=7.2214396437486134e-05 tau=7.2214396437486134e-05 prediction=3.3773076709547416 rho=0.99942687485302062 accept=1
  MFCG it 276 cost=2.577098e+05 lam=7.221e-05 tau=0.00e+00 cg_it=2 shift=0 ckpt=3 alpha=0 acc mv=817
PCG_PREP o=276 rebuild=1 drift=0 previous_depth=3
E2_CAP o=276 retry=0 touched=2 ncam=52 raw=1444.3275339220666 capped=10.80772878252885 radius=194.01533783512573 median=0.24563035579780865 global_scale=1
ATTR_RADIUS o=276 raw_norm=1444.3275339220668 norm=10.80772878252885 radius=194.01533783512573 next_radius=194.01533783512573 lambda=7.2214396437486134e-05 next_lambda=7.2214396437486134e-05 rho=0.99994277902073037 accept=1
CLASSICAL_LM o=276 lambda=7.2214396437486134e-05 tau=7.2214396437486134e-05 prediction=0.98050474740163551 rho=0.99994277902073037 accept=1
  MFCG it 277 cost=2.577088e+05 lam=7.221e-05 tau=0.00e+00 cg_it=0 shift=0 ckpt=1 alpha=0 acc mv=819
PCG_PREP o=277 rebuild=1 drift=0 previous_depth=1
E2_CAP o=277 retry=0 touched=2 ncam=52 raw=1442.7821391499535 capped=9.8422850291493216 radius=194.01533783512573 median=0.22669039037384078 global_scale=1
ATTR_RADIUS o=277 raw_norm=1442.7821391499533 norm=9.8422850291493216 radius=194.01533783512573 next_radius=194.01533783512573 lambda=7.2214396437486134e-05 next_lambda=7.2214396437486134e-05 rho=1.0000209204636448 accept=1
CLASSICAL_LM o=277 lambda=7.2214396437486134e-05 tau=7.2214396437486134e-05 prediction=0.83984051445293806 rho=1.0000209204636448 accept=1
  MFCG it 278 cost=2.577080e+05 lam=7.221e-05 tau=0.00e+00 cg_it=0 shift=0 ckpt=1 alpha=0 acc mv=821
PCG_PREP o=278 rebuild=1 drift=0 previous_depth=1
E2_CAP o=278 retry=0 touched=1 ncam=52 raw=1444.1009140135884 capped=33.805091916802695 radius=194.01533783512573 median=1.0496356988584372 global_scale=1
ATTR_RADIUS o=278 raw_norm=1444.1009140135886 norm=33.805091916802702 radius=194.01533783512573 next_radius=194.01533783512573 lambda=7.2214396437486134e-05 next_lambda=7.2214396437486134e-05 rho=0.99943098324116653 accept=1
CLASSICAL_LM o=278 lambda=7.2214396437486134e-05 tau=7.2214396437486134e-05 prediction=3.3229860032866809 rho=0.99943098324116653 accept=1
  MFCG it 279 cost=2.577047e+05 lam=7.221e-05 tau=0.00e+00 cg_it=2 shift=0 ckpt=3 alpha=0 acc mv=825
PCG_PREP o=279 rebuild=1 drift=0 previous_depth=3
E2_CAP o=279 retry=0 touched=2 ncam=52 raw=1441.8194196202523 capped=10.68705903429114 radius=194.01533783512573 median=0.24286381594888123 global_scale=1
ATTR_RADIUS o=279 raw_norm=1441.8194196202526 norm=10.68705903429114 radius=194.01533783512573 next_radius=194.01533783512573 lambda=7.2214396437486134e-05 next_lambda=7.2214396437486134e-05 rho=0.99994271052007322 accept=1
CLASSICAL_LM o=279 lambda=7.2214396437486134e-05 tau=7.2214396437486134e-05 prediction=0.9668985444857503 rho=0.99994271052007322 accept=1
  MFCG it 280 cost=2.577037e+05 lam=7.221e-05 tau=0.00e+00 cg_it=0 shift=0 ckpt=1 alpha=0 acc mv=827
PCG_PREP o=280 rebuild=1 drift=0 previous_depth=1
E2_CAP o=280 retry=0 touched=2 ncam=52 raw=1440.2925889239384 capped=9.7158910563502641 radius=194.01533783512573 median=0.22375312480323889 global_scale=1
ATTR_RADIUS o=280 raw_norm=1440.2925889239382 norm=9.7158910563502623 radius=194.01533783512573 next_radius=194.01533783512573 lambda=7.2214396437486134e-05 next_lambda=7.2214396437486134e-05 rho=1.0000218352880437 accept=1
CLASSICAL_LM o=280 lambda=7.2214396437486134e-05 tau=7.2214396437486134e-05 prediction=0.82703549425535572 rho=1.0000218352880437 accept=1
  MFCG it 281 cost=2.577029e+05 lam=7.221e-05 tau=0.00e+00 cg_it=0 shift=0 ckpt=1 alpha=0 acc mv=829
PCG_PREP o=281 rebuild=1 drift=0 previous_depth=1
E2_CAP o=281 retry=0 touched=1 ncam=52 raw=1441.7296516199708 capped=33.369306951748428 radius=194.01533783512573 median=1.0355818453540004 global_scale=1
ATTR_RADIUS o=281 raw_norm=1441.7296516199706 norm=33.36930695174842 radius=194.01533783512573 next_radius=194.01533783512573 lambda=7.2214396437486134e-05 next_lambda=7.2214396437486134e-05 rho=0.99943515877591493 accept=1
CLASSICAL_LM o=281 lambda=7.2214396437486134e-05 tau=7.2214396437486134e-05 prediction=3.2701820201691834 rho=0.99943515877591493 accept=1
  MFCG it 282 cost=2.576996e+05 lam=7.221e-05 tau=0.00e+00 cg_it=2 shift=0 ckpt=3 alpha=0 acc mv=833
PCG_PREP o=282 rebuild=1 drift=0 previous_depth=3
E2_CAP o=282 retry=0 touched=2 ncam=52 raw=1439.3535479390748 capped=10.568935177980473 radius=194.01533783512573 median=0.24015416188271202 global_scale=1
ATTR_RADIUS o=282 raw_norm=1439.3535479390748 norm=10.568935177980473 radius=194.01533783512573 next_radius=194.01533783512573 lambda=7.2214396437486134e-05 next_lambda=7.2214396437486134e-05 rho=0.99994266861486458 accept=1
CLASSICAL_LM o=282 lambda=7.2214396437486134e-05 tau=7.2214396437486134e-05 prediction=0.95363269868090628 rho=0.99994266861486458 accept=1
  MFCG it 283 cost=2.576986e+05 lam=7.221e-05 tau=0.00e+00 cg_it=0 shift=0 ckpt=1 alpha=0 acc mv=835
PCG_PREP o=283 rebuild=1 drift=0 previous_depth=1
E2_CAP o=283 retry=0 touched=2 ncam=52 raw=1437.844725700123 capped=9.5921602251819014 radius=194.01533783512573 median=0.22087659373459301 global_scale=1
ATTR_RADIUS o=283 raw_norm=1437.8447257001233 norm=9.5921602251819031 radius=194.01533783512573 next_radius=194.01533783512573 lambda=7.2214396437486134e-05 next_lambda=7.2214396437486134e-05 rho=1.0000227190384279 accept=1
CLASSICAL_LM o=283 lambda=7.2214396437486134e-05 tau=7.2214396437486134e-05 prediction=0.81455156860693489 rho=1.0000227190384279 accept=1
  MFCG it 284 cost=2.576978e+05 lam=7.221e-05 tau=0.00e+00 cg_it=0 shift=0 ckpt=1 alpha=0 acc mv=837
PCG_PREP o=284 rebuild=1 drift=0 previous_depth=1
E2_CAP o=284 retry=0 touched=1 ncam=52 raw=1439.396044369219 capped=32.945162692088843 radius=194.01533783512573 median=1.0218467634473791 global_scale=1
ATTR_RADIUS o=284 raw_norm=1439.396044369219 norm=32.945162692088843 radius=194.01533783512573 next_radius=194.01533783512573 lambda=7.2214396437486134e-05 next_lambda=7.2214396437486134e-05 rho=0.99943936082628371 accept=1
CLASSICAL_LM o=284 lambda=7.2214396437486134e-05 tau=7.2214396437486134e-05 prediction=3.2187940076640831 rho=0.99943936082628371 accept=1
  MFCG it 285 cost=2.576946e+05 lam=7.221e-05 tau=0.00e+00 cg_it=2 shift=0 ckpt=3 alpha=0 acc mv=841
PCG_PREP o=285 rebuild=1 drift=0 previous_depth=3
E2_CAP o=285 retry=0 touched=2 ncam=52 raw=1436.9282139014865 capped=10.453200298201399 radius=194.01533783512573 median=0.2374979684292236 global_scale=1
ATTR_RADIUS o=285 raw_norm=1436.9282139014867 norm=10.453200298201397 radius=194.01533783512573 next_radius=194.01533783512573 lambda=7.2214396437486134e-05 next_lambda=7.2214396437486134e-05 rho=0.99994264159374702 accept=1
CLASSICAL_LM o=285 lambda=7.2214396437486134e-05 tau=7.2214396437486134e-05 prediction=0.94068702905941259 rho=0.99994264159374702 accept=1
  MFCG it 286 cost=2.576937e+05 lam=7.221e-05 tau=0.00e+00 cg_it=0 shift=0 ckpt=1 alpha=0 acc mv=843
PCG_PREP o=286 rebuild=1 drift=0 previous_depth=1
E2_CAP o=286 retry=0 touched=2 ncam=52 raw=1435.4371822185215 capped=9.4710531610975011 radius=194.01533783512573 median=0.21806016435744896 global_scale=1
ATTR_RADIUS o=286 raw_norm=1435.4371822185212 norm=9.4710531610974993 radius=194.01533783512573 next_radius=194.01533783512573 lambda=7.2214396437486134e-05 next_lambda=7.2214396437486134e-05 rho=1.0000235708800174 accept=1
CLASSICAL_LM o=286 lambda=7.2214396437486134e-05 tau=7.2214396437486134e-05 prediction=0.80237910601925 rho=1.0000235708800174 accept=1
  MFCG it 287 cost=2.576929e+05 lam=7.221e-05 tau=0.00e+00 cg_it=0 shift=0 ckpt=1 alpha=0 acc mv=845
PCG_PREP o=287 rebuild=1 drift=0 previous_depth=1
E2_CAP o=287 retry=0 touched=1 ncam=52 raw=1437.0989236439295 capped=32.531847814953139 radius=194.01533783512573 median=1.008410284972344 global_scale=1
ATTR_RADIUS o=287 raw_norm=1437.0989236439293 norm=32.531847814953139 radius=194.01533783512573 next_radius=194.01533783512573 lambda=7.2214396437486134e-05 next_lambda=7.2214396437486134e-05 rho=0.9994435589770766 accept=1
CLASSICAL_LM o=287 lambda=7.2214396437486134e-05 tau=7.2214396437486134e-05 prediction=3.1687337637723401 rho=0.9994435589770766 accept=1
  MFCG it 288 cost=2.576897e+05 lam=7.221e-05 tau=0.00e+00 cg_it=2 shift=0 ckpt=3 alpha=0 acc mv=849
PCG_PREP o=288 rebuild=1 drift=0 previous_depth=3
E2_CAP o=288 retry=0 touched=2 ncam=52 raw=1434.542294559056 capped=10.33971360405047 radius=194.01533783512573 median=0.23489215349669995 global_scale=1
ATTR_RADIUS o=288 raw_norm=1434.5422945590558 norm=10.339713604050466 radius=194.01533783512573 next_radius=194.01533783512573 lambda=7.2214396437486134e-05 next_lambda=7.2214396437486134e-05 rho=0.99994262531235967 accept=1
CLASSICAL_LM o=288 lambda=7.2214396437486134e-05 tau=7.2214396437486134e-05 prediction=0.92804290035630954 rho=0.99994262531235967 accept=1
  MFCG it 289 cost=2.576888e+05 lam=7.221e-05 tau=0.00e+00 cg_it=0 shift=0 ckpt=1 alpha=0 acc mv=851
PCG_PREP o=289 rebuild=1 drift=0 previous_depth=1
E2_CAP o=289 retry=0 touched=2 ncam=52 raw=1433.0687690908494 capped=9.3525304299756993 radius=194.01533783512573 median=0.21530315591320548 global_scale=1
ATTR_RADIUS o=289 raw_norm=1433.0687690908501 norm=9.3525304299757011 radius=194.01533783512573 next_radius=194.01533783512573 lambda=7.2214396437486134e-05 next_lambda=7.2214396437486134e-05 rho=1.0000243885634603 accept=1
CLASSICAL_LM o=289 lambda=7.2214396437486134e-05 tau=7.2214396437486134e-05 prediction=0.790509031112265 rho=1.0000243885634603 accept=1
  MFCG it 290 cost=2.576880e+05 lam=7.221e-05 tau=0.00e+00 cg_it=0 shift=0 ckpt=1 alpha=0 acc mv=853
PCG_PREP o=290 rebuild=1 drift=0 previous_depth=1
E2_CAP o=290 retry=0 touched=1 ncam=52 raw=1434.8375083709875 capped=32.128755164894201 radius=194.01533783512573 median=0.99525681212265038 global_scale=1
ATTR_RADIUS o=290 raw_norm=1434.8375083709875 norm=32.128755164894208 radius=194.01533783512573 next_radius=194.01533783512573 lambda=7.2214396437486134e-05 next_lambda=7.2214396437486134e-05 rho=0.99944774212274223 accept=1
CLASSICAL_LM o=290 lambda=7.2214396437486134e-05 tau=7.2214396437486134e-05 prediction=3.1199255438412528 rho=0.99944774212274223 accept=1
  MFCG it 291 cost=2.576849e+05 lam=7.221e-05 tau=0.00e+00 cg_it=2 shift=0 ckpt=3 alpha=0 acc mv=857
PCG_PREP o=291 rebuild=1 drift=0 previous_depth=3
E2_CAP o=291 retry=0 touched=2 ncam=52 raw=1432.1947093002316 capped=10.22842678291669 radius=194.01533783512573 median=0.23233580716838759 global_scale=1
ATTR_RADIUS o=291 raw_norm=1432.1947093002314 norm=10.228426782916689 radius=194.01533783512573 next_radius=194.01533783512573 lambda=7.2214396437486134e-05 next_lambda=7.2214396437486134e-05 rho=0.99994261418306918 accept=1
CLASSICAL_LM o=291 lambda=7.2214396437486134e-05 tau=7.2214396437486134e-05 prediction=0.91569140140764127 rho=0.99994261418306918 accept=1
  MFCG it 292 cost=2.576839e+05 lam=7.221e-05 tau=0.00e+00 cg_it=0 shift=0 ckpt=1 alpha=0 acc mv=859
PCG_PREP o=292 rebuild=1 drift=0 previous_depth=1
E2_CAP o=292 retry=0 touched=2 ncam=52 raw=1430.738270580445 capped=9.2365330083756323 radius=194.01533783512573 median=0.21260435178416115 global_scale=1
ATTR_RADIUS o=292 raw_norm=1430.7382705804446 norm=9.2365330083756341 radius=194.01533783512573 next_radius=194.01533783512573 lambda=7.2214396437486134e-05 next_lambda=7.2214396437486134e-05 rho=1.0000251700989797 accept=1
CLASSICAL_LM o=292 lambda=7.2214396437486134e-05 tau=7.2214396437486134e-05 prediction=0.77893171474691181 rho=1.0000251700989797 accept=1
  MFCG it 293 cost=2.576832e+05 lam=7.221e-05 tau=0.00e+00 cg_it=0 shift=0 ckpt=1 alpha=0 acc mv=861
PCG_PREP o=293 rebuild=1 drift=0 previous_depth=1
E2_CAP o=293 retry=0 touched=1 ncam=52 raw=1432.6105622758093 capped=31.735315789121238 radius=194.01533783512573 median=0.98237465486613051 global_scale=1
ATTR_RADIUS o=293 raw_norm=1432.6105622758093 norm=31.735315789121238 radius=194.01533783512573 next_radius=194.01533783512573 lambda=7.2214396437486134e-05 next_lambda=7.2214396437486134e-05 rho=0.99945189866984918 accept=1
CLASSICAL_LM o=293 lambda=7.2214396437486134e-05 tau=7.2214396437486134e-05 prediction=3.0723144592344167 rho=0.99945189866984918 accept=1
  MFCG it 294 cost=2.576801e+05 lam=7.221e-05 tau=0.00e+00 cg_it=2 shift=0 ckpt=3 alpha=0 acc mv=865
PCG_PREP o=294 rebuild=1 drift=0 previous_depth=3
E2_CAP o=294 retry=0 touched=2 ncam=52 raw=1429.8843276268653 capped=10.119203266161138 radius=194.01533783512573 median=0.22982581277565184 global_scale=1
ATTR_RADIUS o=294 raw_norm=1429.8843276268658 norm=10.119203266161136 radius=194.01533783512573 next_radius=194.01533783512573 lambda=7.2214396437486134e-05 next_lambda=7.2214396437486134e-05 rho=0.99994260668853507 accept=1
CLASSICAL_LM o=294 lambda=7.2214396437486134e-05 tau=7.2214396437486134e-05 prediction=0.90361561053731376 rho=0.99994260668853507 accept=1
  MFCG it 295 cost=2.576792e+05 lam=7.221e-05 tau=0.00e+00 cg_it=0 shift=0 ckpt=1 alpha=0 acc mv=867
PCG_PREP o=295 rebuild=1 drift=0 previous_depth=1
E2_CAP o=295 retry=0 touched=2 ncam=52 raw=1428.4448161384407 capped=9.1230599474922087 radius=194.01533783512573 median=0.20996389662804926 global_scale=1
ATTR_RADIUS o=295 raw_norm=1428.4448161384405 norm=9.1230599474922087 radius=194.01533783512573 next_radius=194.01533783512573 lambda=7.2214396437486134e-05 next_lambda=7.2214396437486134e-05 rho=1.0000259188537033 accept=1
CLASSICAL_LM o=295 lambda=7.2214396437486134e-05 tau=7.2214396437486134e-05 prediction=0.76764255899993716 rho=1.0000259188537033 accept=1
  MFCG it 296 cost=2.576784e+05 lam=7.221e-05 tau=0.00e+00 cg_it=0 shift=0 ckpt=1 alpha=0 acc mv=869
PCG_PREP o=296 rebuild=1 drift=0 previous_depth=1
E2_CAP o=296 retry=0 touched=1 ncam=52 raw=1430.4171805688725 capped=31.351006020127759 radius=194.01533783512573 median=0.96975177108983135 global_scale=1
ATTR_RADIUS o=296 raw_norm=1430.4171805688725 norm=31.351006020127755 radius=194.01533783512573 next_radius=194.01533783512573 lambda=7.2214396437486134e-05 next_lambda=7.2214396437486134e-05 rho=0.9994560247641513 accept=1
CLASSICAL_LM o=296 lambda=7.2214396437486134e-05 tau=7.2214396437486134e-05 prediction=3.0258444061672534 rho=0.9994560247641513 accept=1
  MFCG it 297 cost=2.576754e+05 lam=7.221e-05 tau=0.00e+00 cg_it=2 shift=0 ckpt=3 alpha=0 acc mv=873
PCG_PREP o=297 rebuild=1 drift=0 previous_depth=3
E2_CAP o=297 retry=0 touched=2 ncam=52 raw=1427.6102454763136 capped=10.00014076191313 radius=194.01533783512573 median=0.2270712105531279 global_scale=1
ATTR_RADIUS o=297 raw_norm=1427.6102454763134 norm=10.000140761913128 radius=194.01533783512573 next_radius=194.01533783512573 lambda=7.2214396437486134e-05 next_lambda=7.2214396437486134e-05 rho=0.99994263246693404 accept=1
CLASSICAL_LM o=297 lambda=7.2214396437486134e-05 tau=7.2214396437486134e-05 prediction=0.89079867536335089 rho=0.99994263246693404 accept=1
  MFCG it 298 cost=2.576745e+05 lam=7.221e-05 tau=0.00e+00 cg_it=0 shift=0 ckpt=1 alpha=0 acc mv=875
PCG_PREP o=298 rebuild=1 drift=0 previous_depth=1
E2_CAP o=298 retry=0 touched=2 ncam=52 raw=1426.188364413712 capped=9.0119948764317339 radius=194.01533783512573 median=0.20737941003782756 global_scale=1
ATTR_RADIUS o=298 raw_norm=1426.1883644137117 norm=9.0119948764317339 radius=194.01533783512573 next_radius=194.01533783512573 lambda=7.2214396437486134e-05 next_lambda=7.2214396437486134e-05 rho=1.0000265720310806 accept=1
CLASSICAL_LM o=298 lambda=7.2214396437486134e-05 tau=7.2214396437486134e-05 prediction=0.7566381739530178 rho=1.0000265720310806 accept=1
  MFCG it 299 cost=2.576738e+05 lam=7.221e-05 tau=0.00e+00 cg_it=0 shift=0 ckpt=1 alpha=0 acc mv=877
PCG_PREP o=299 rebuild=1 drift=0 previous_depth=1
E2_CAP o=299 retry=0 touched=1 ncam=52 raw=1428.2569504186224 capped=30.974420490534694 radius=194.01533783512573 median=0.95737916433875969 global_scale=1
ATTR_RADIUS o=299 raw_norm=1428.2569504186224 norm=30.974420490534694 radius=194.01533783512573 next_radius=194.01533783512573 lambda=7.2214396437486134e-05 next_lambda=7.2214396437486134e-05 rho=0.99946013105650588 accept=1
CLASSICAL_LM o=299 lambda=7.2214396437486134e-05 tau=7.2214396437486134e-05 prediction=2.9805208540800168 rho=0.99946013105650588 accept=1
  MFCG it 300 cost=2.576708e+05 lam=7.221e-05 tau=0.00e+00 cg_it=2 shift=0 ckpt=3 alpha=0 acc mv=881
PCG_PREP o=300 rebuild=1 drift=0 previous_depth=3
E2_CAP o=300 retry=0 touched=2 ncam=52 raw=1425.3721629598135 capped=9.8808416403482973 radius=194.01533783512573 median=0.22430694128446932 global_scale=1
ATTR_RADIUS o=300 raw_norm=1425.3721629598135 norm=9.8808416403482937 radius=194.01533783512573 next_radius=194.01533783512573 lambda=7.2214396437486134e-05 next_lambda=7.2214396437486134e-05 rho=0.99994269838864092 accept=1
CLASSICAL_LM o=300 lambda=7.2214396437486134e-05 tau=7.2214396437486134e-05 prediction=0.87805901367749473 rho=0.99994269838864092 accept=1
  MFCG it 301 cost=2.576699e+05 lam=7.221e-05 tau=0.00e+00 cg_it=0 shift=0 ckpt=1 alpha=0 acc mv=883
PCG_PREP o=301 rebuild=1 drift=0 previous_depth=1
E2_CAP o=301 retry=0 touched=2 ncam=52 raw=1423.9676591548598 capped=8.9033494570879181 radius=194.01533783512573 median=0.20485104743505417 global_scale=1
ATTR_RADIUS o=301 raw_norm=1423.9676591548593 norm=8.9033494570879199 radius=194.01533783512573 next_radius=194.01533783512573 lambda=7.2214396437486134e-05 next_lambda=7.2214396437486134e-05 rho=1.0000271773266107 accept=1
CLASSICAL_LM o=301 lambda=7.2214396437486134e-05 tau=7.2214396437486134e-05 prediction=0.74590899160345969 rho=1.0000271773266107 accept=1
  MFCG it 302 cost=2.576692e+05 lam=7.221e-05 tau=0.00e+00 cg_it=0 shift=0 ckpt=1 alpha=0 acc mv=885
PCG_PREP o=302 rebuild=1 drift=0 previous_depth=1
E2_CAP o=302 retry=0 touched=1 ncam=52 raw=1426.1290075875661 capped=30.605594497995899 radius=194.01533783512573 median=0.94524757385997493 global_scale=1
ATTR_RADIUS o=302 raw_norm=1426.1290075875661 norm=30.605594497995899 radius=194.01533783512573 next_radius=194.01533783512573 lambda=7.2214396437486134e-05 next_lambda=7.2214396437486134e-05 rho=0.99946421288676157 accept=1
CLASSICAL_LM o=302 lambda=7.2214396437486134e-05 tau=7.2214396437486134e-05 prediction=2.9362712998196021 rho=0.99946421288676157 accept=1
  MFCG it 303 cost=2.576662e+05 lam=7.221e-05 tau=0.00e+00 cg_it=2 shift=0 ckpt=3 alpha=0 acc mv=889
PCG_PREP o=303 rebuild=1 drift=0 previous_depth=3
E2_CAP o=303 retry=0 touched=2 ncam=52 raw=1423.1689832326495 capped=9.7639891928765028 radius=194.01533783512573 median=0.22159882849538487 global_scale=1
ATTR_RADIUS o=303 raw_norm=1423.1689832326497 norm=9.7639891928765046 radius=194.01533783512573 next_radius=194.01533783512573 lambda=7.2214396437486134e-05 next_lambda=7.2214396437486134e-05 rho=0.99994277639974505 accept=1
CLASSICAL_LM o=303 lambda=7.2214396437486134e-05 tau=7.2214396437486134e-05 prediction=0.86562000109118276 rho=0.99994277639974505 accept=1
  MFCG it 304 cost=2.576654e+05 lam=7.221e-05 tau=0.00e+00 cg_it=0 shift=0 ckpt=1 alpha=0 acc mv=891
PCG_PREP o=304 rebuild=1 drift=0 previous_depth=1
E2_CAP o=304 retry=0 touched=2 ncam=52 raw=1421.7816229502798 capped=8.7970846781447278 radius=194.01533783512573 median=0.202377933211846 global_scale=1
ATTR_RADIUS o=304 raw_norm=1421.7816229502798 norm=8.7970846781447278 radius=194.01533783512573 next_radius=194.01533783512573 lambda=7.2214396437486134e-05 next_lambda=7.2214396437486134e-05 rho=1.0000277479049389 accept=1
CLASSICAL_LM o=304 lambda=7.2214396437486134e-05 tau=7.2214396437486134e-05 prediction=0.73544499257216045 rho=1.0000277479049389 accept=1
  MFCG it 305 cost=2.576646e+05 lam=7.221e-05 tau=0.00e+00 cg_it=0 shift=0 ckpt=1 alpha=0 acc mv=893
PCG_PREP o=305 rebuild=1 drift=0 previous_depth=1
E2_CAP o=305 retry=0 touched=1 ncam=52 raw=1424.032683627803 capped=30.244561499166569 radius=194.01533783512573 median=0.9333511160401311 global_scale=1
ATTR_RADIUS o=305 raw_norm=1424.0326836278027 norm=30.244561499166569 radius=194.01533783512573 next_radius=194.01533783512573 lambda=7.2214396437486134e-05 next_lambda=7.2214396437486134e-05 rho=0.99946826027000768 accept=1
CLASSICAL_LM o=305 lambda=7.2214396437486134e-05 tau=7.2214396437486134e-05 prediction=2.8930456428805011 rho=0.99946826027000768 accept=1
  MFCG it 306 cost=2.576617e+05 lam=7.221e-05 tau=0.00e+00 cg_it=2 shift=0 ckpt=3 alpha=0 acc mv=897
PCG_PREP o=306 rebuild=1 drift=0 previous_depth=3
E2_CAP o=306 retry=0 touched=2 ncam=52 raw=1420.9999110668298 capped=9.6494946406176112 radius=194.01533783512573 median=0.2189448419908312 global_scale=1
ATTR_RADIUS o=306 raw_norm=1420.99991106683 norm=9.6494946406176112 radius=194.01533783512573 next_radius=194.01533783512573 lambda=7.2214396437486134e-05 next_lambda=7.2214396437486134e-05 rho=0.99994285127150151 accept=1
CLASSICAL_LM o=306 lambda=7.2214396437486134e-05 tau=7.2214396437486134e-05 prediction=0.85346944448857875 rho=0.99994285127150151 accept=1
  MFCG it 307 cost=2.576609e+05 lam=7.221e-05 tau=0.00e+00 cg_it=0 shift=0 ckpt=1 alpha=0 acc mv=899
PCG_PREP o=307 rebuild=1 drift=0 previous_depth=1
E2_CAP o=307 retry=0 touched=2 ncam=52 raw=1419.6295030914403 capped=8.6923642000505748 radius=194.01533783512573 median=0.19993998740623026 global_scale=1
ATTR_RADIUS o=307 raw_norm=1419.6295030914398 norm=8.692364200050573 radius=194.01533783512573 next_radius=194.01533783512573 lambda=7.2214396437486134e-05 next_lambda=7.2214396437486134e-05 rho=1.0000282901228319 accept=1
CLASSICAL_LM o=307 lambda=7.2214396437486134e-05 tau=7.2214396437486134e-05 prediction=0.72517320967015575 rho=1.0000282901228319 accept=1
  MFCG it 308 cost=2.576601e+05 lam=7.221e-05 tau=0.00e+00 cg_it=0 shift=0 ckpt=1 alpha=0 acc mv=901
PCG_PREP o=308 rebuild=1 drift=0 previous_depth=1
E2_CAP o=308 retry=0 touched=1 ncam=52 raw=1421.9672347346864 capped=29.891013847415291 radius=194.01533783512573 median=0.92168293516804622 global_scale=1
ATTR_RADIUS o=308 raw_norm=1421.9672347346866 norm=29.891013847415284 radius=194.01533783512573 next_radius=194.01533783512573 lambda=7.2214396437486134e-05 next_lambda=7.2214396437486134e-05 rho=0.9994722696218219 accept=1
CLASSICAL_LM o=308 lambda=7.2214396437486134e-05 tau=7.2214396437486134e-05 prediction=2.8508077257936293 rho=0.9994722696218219 accept=1
  MFCG it 309 cost=2.576573e+05 lam=7.221e-05 tau=0.00e+00 cg_it=2 shift=0 ckpt=3 alpha=0 acc mv=905
PCG_PREP o=309 rebuild=1 drift=0 previous_depth=3
E2_CAP o=309 retry=0 touched=2 ncam=52 raw=1418.863953195053 capped=9.5372576859262939 radius=194.01533783512573 median=0.21634266835796612 global_scale=1
ATTR_RADIUS o=309 raw_norm=1418.863953195053 norm=9.5372576859262956 radius=194.01533783512573 next_radius=194.01533783512573 lambda=7.2214396437486134e-05 next_lambda=7.2214396437486134e-05 rho=0.999942923802418 accept=1
CLASSICAL_LM o=309 lambda=7.2214396437486134e-05 tau=7.2214396437486134e-05 prediction=0.84159500220258643 rho=0.999942923802418 accept=1
  MFCG it 310 cost=2.576565e+05 lam=7.221e-05 tau=0.00e+00 cg_it=0 shift=0 ckpt=1 alpha=0 acc mv=907
PCG_PREP o=310 rebuild=1 drift=0 previous_depth=1
E2_CAP o=310 retry=0 touched=2 ncam=52 raw=1417.5100444728782 capped=8.5829934425550896 radius=194.01533783512573 median=0.19738765419552973 global_scale=1
ATTR_RADIUS o=310 raw_norm=1417.510044472878 norm=8.5829934425550878 radius=194.01533783512573 next_radius=194.01533783512573 lambda=7.2214396437486134e-05 next_lambda=7.2214396437486134e-05 rho=1.0000288358277782 accept=1
CLASSICAL_LM o=310 lambda=7.2214396437486134e-05 tau=7.2214396437486134e-05 prediction=0.71458002419057676 rho=1.0000288358277782 accept=1
  MFCG it 311 cost=2.576557e+05 lam=7.221e-05 tau=0.00e+00 cg_it=0 shift=0 ckpt=1 alpha=0 acc mv=909
PCG_PREP o=311 rebuild=1 drift=0 previous_depth=1
E2_CAP o=311 retry=0 touched=1 ncam=52 raw=1419.9320459454846 capped=29.544091531187643 radius=194.01533783512573 median=0.91023471972175063 global_scale=1
ATTR_RADIUS o=311 raw_norm=1419.9320459454846 norm=29.544091531187636 radius=194.01533783512573 next_radius=194.01533783512573 lambda=7.2214396437486134e-05 next_lambda=7.2214396437486134e-05 rho=0.99947625544796082 accept=1
CLASSICAL_LM o=311 lambda=7.2214396437486134e-05 tau=7.2214396437486134e-05 prediction=2.8095427117428908 rho=0.99947625544796082 accept=1
  MFCG it 312 cost=2.576529e+05 lam=7.221e-05 tau=0.00e+00 cg_it=2 shift=0 ckpt=3 alpha=0 acc mv=913
PCG_PREP o=312 rebuild=1 drift=0 previous_depth=3
E2_CAP o=312 retry=0 touched=2 ncam=52 raw=1416.7607612162697 capped=9.4272546674881941 radius=194.01533783512573 median=0.21379183840629876 global_scale=1
ATTR_RADIUS o=312 raw_norm=1416.7607612162697 norm=9.4272546674881941 radius=194.01533783512573 next_radius=194.01533783512573 lambda=7.2214396437486134e-05 next_lambda=7.2214396437486134e-05 rho=0.99994301081165748 accept=1
CLASSICAL_LM o=312 lambda=7.2214396437486134e-05 tau=7.2214396437486134e-05 prediction=0.82999191430444386 rho=0.99994301081165748 accept=1
  MFCG it 313 cost=2.576521e+05 lam=7.221e-05 tau=0.00e+00 cg_it=0 shift=0 ckpt=1 alpha=0 acc mv=915
PCG_PREP o=313 rebuild=1 drift=0 previous_depth=1
E2_CAP o=313 retry=0 touched=2 ncam=52 raw=1415.4229878659721 capped=8.4759325418239797 radius=194.01533783512573 median=0.19488907837277086 global_scale=1
ATTR_RADIUS o=313 raw_norm=1415.4229878659721 norm=8.4759325418239815 radius=194.01533783512573 next_radius=194.01533783512573 lambda=7.2214396437486134e-05 next_lambda=7.2214396437486134e-05 rho=1.00002934679207 accept=1
CLASSICAL_LM o=313 lambda=7.2214396437486134e-05 tau=7.2214396437486134e-05 prediction=0.70423926208400855 rho=1.00002934679207 accept=1
  MFCG it 314 cost=2.576514e+05 lam=7.221e-05 tau=0.00e+00 cg_it=0 shift=0 ckpt=1 alpha=0 acc mv=917
PCG_PREP o=314 rebuild=1 drift=0 previous_depth=1
E2_CAP o=314 retry=0 touched=1 ncam=52 raw=1417.926325739629 capped=29.203850908121815 radius=194.01533783512573 median=0.8989979169266249 global_scale=1
ATTR_RADIUS o=314 raw_norm=1417.926325739629 norm=29.203850908121822 radius=194.01533783512573 next_radius=194.01533783512573 lambda=7.2214396437486134e-05 next_lambda=7.2214396437486134e-05 rho=0.99948020988217001 accept=1
CLASSICAL_LM o=314 lambda=7.2214396437486134e-05 tau=7.2214396437486134e-05 prediction=2.7691893926522599 rho=0.99948020988217001 accept=1
  MFCG it 315 cost=2.576486e+05 lam=7.221e-05 tau=0.00e+00 cg_it=2 shift=0 ckpt=3 alpha=0 acc mv=921
PCG_PREP o=315 rebuild=1 drift=0 previous_depth=3
E2_CAP o=315 retry=0 touched=2 ncam=52 raw=1414.6893836010718 capped=9.3193945656753332 radius=194.01533783512573 median=0.21129026166009929 global_scale=1
ATTR_RADIUS o=315 raw_norm=1414.6893836010718 norm=9.319394565675335 radius=194.01533783512573 next_radius=194.01533783512573 lambda=7.2214396437486134e-05 next_lambda=7.2214396437486134e-05 rho=0.99994309778642332 accept=1
CLASSICAL_LM o=315 lambda=7.2214396437486134e-05 tau=7.2214396437486134e-05 prediction=0.81864828625821018 rho=0.99994309778642332 accept=1
  MFCG it 316 cost=2.576478e+05 lam=7.221e-05 tau=0.00e+00 cg_it=0 shift=0 ckpt=1 alpha=0 acc mv=923
PCG_PREP o=316 rebuild=1 drift=0 previous_depth=1
E2_CAP o=316 retry=0 touched=2 ncam=52 raw=1413.367476324195 capped=8.3711225369608648 radius=194.01533783512573 median=0.19244292966292478 global_scale=1
ATTR_RADIUS o=316 raw_norm=1413.367476324195 norm=8.3711225369608666 radius=194.01533783512573 next_radius=194.01533783512573 lambda=7.2214396437486134e-05 next_lambda=7.2214396437486134e-05 rho=1.0000298226574393 accept=1
CLASSICAL_LM o=316 lambda=7.2214396437486134e-05 tau=7.2214396437486134e-05 prediction=0.69414259405985224 rho=1.0000298226574393 accept=1
  MFCG it 317 cost=2.576471e+05 lam=7.221e-05 tau=0.00e+00 cg_it=0 shift=0 ckpt=1 alpha=0 acc mv=925
PCG_PREP o=317 rebuild=1 drift=0 previous_depth=1
E2_CAP o=317 retry=0 touched=1 ncam=52 raw=1415.9496081520326 capped=28.870169888245485 radius=194.01533783512573 median=0.88796799860554754 global_scale=1
ATTR_RADIUS o=317 raw_norm=1415.9496081520324 norm=28.870169888245471 radius=194.01533783512573 next_radius=194.01533783512573 lambda=7.2214396437486134e-05 next_lambda=7.2214396437486134e-05 rho=0.99948412474515436 accept=1
CLASSICAL_LM o=317 lambda=7.2214396437486134e-05 tau=7.2214396437486134e-05 prediction=2.7297178969170157 rho=0.99948412474515436 accept=1
  MFCG it 318 cost=2.576444e+05 lam=7.221e-05 tau=0.00e+00 cg_it=2 shift=0 ckpt=3 alpha=0 acc mv=929
PCG_PREP o=318 rebuild=1 drift=0 previous_depth=3
E2_CAP o=318 retry=0 touched=2 ncam=52 raw=1412.6488929125594 capped=9.2136055211101358 radius=194.01533783512573 median=0.20883628386251418 global_scale=1
ATTR_RADIUS o=318 raw_norm=1412.6488929125596 norm=9.2136055211101375 radius=194.01533783512573 next_radius=194.01533783512573 lambda=7.2214396437486134e-05 next_lambda=7.2214396437486134e-05 rho=0.99994317739634309 accept=1
CLASSICAL_LM o=318 lambda=7.2214396437486134e-05 tau=7.2214396437486134e-05 prediction=0.80755462510744369 rho=0.99994317739634309 accept=1
  MFCG it 319 cost=2.576436e+05 lam=7.221e-05 tau=0.00e+00 cg_it=0 shift=0 ckpt=1 alpha=0 acc mv=931
PCG_PREP o=319 rebuild=1 drift=0 previous_depth=1
E2_CAP o=319 retry=0 touched=2 ncam=52 raw=1411.3426261467694 capped=8.2684947826621187 radius=194.01533783512573 median=0.1900476236876727 global_scale=1
ATTR_RADIUS o=319 raw_norm=1411.3426261467696 norm=8.2684947826621169 radius=194.01533783512573 next_radius=194.01533783512573 lambda=7.2214396437486134e-05 next_lambda=7.2214396437486134e-05 rho=1.0000302623374591 accept=1
CLASSICAL_LM o=319 lambda=7.2214396437486134e-05 tau=7.2214396437486134e-05 prediction=0.6842814741836386 rho=1.0000302623374591 accept=1
  MFCG it 320 cost=2.576429e+05 lam=7.221e-05 tau=0.00e+00 cg_it=0 shift=0 ckpt=1 alpha=0 acc mv=933
PCG_PREP o=320 rebuild=1 drift=0 previous_depth=1
E2_CAP o=320 retry=0 touched=1 ncam=52 raw=1414.0010915979174 capped=28.54287140286144 radius=194.01533783512573 median=0.87714007759010726 global_scale=1
ATTR_RADIUS o=320 raw_norm=1414.0010915979171 norm=28.542871402861429 radius=194.01533783512573 next_radius=194.01533783512573 lambda=7.2214396437486134e-05 next_lambda=7.2214396437486134e-05 rho=0.99948800025976281 accept=1
CLASSICAL_LM o=320 lambda=7.2214396437486134e-05 tau=7.2214396437486134e-05 prediction=2.6911001984651803 rho=0.99948800025976281 accept=1
  MFCG it 321 cost=2.576402e+05 lam=7.221e-05 tau=0.00e+00 cg_it=2 shift=0 ckpt=3 alpha=0 acc mv=937
PCG_PREP o=321 rebuild=1 drift=0 previous_depth=3
E2_CAP o=321 retry=0 touched=2 ncam=52 raw=1410.6388317129436 capped=9.1098220760114064 radius=194.01533783512573 median=0.20642838633981703 global_scale=1
ATTR_RADIUS o=321 raw_norm=1410.6388317129438 norm=9.1098220760114046 radius=194.01533783512573 next_radius=194.01533783512573 lambda=7.2214396437486134e-05 next_lambda=7.2214396437486134e-05 rho=0.99994324905691578 accept=1
CLASSICAL_LM o=321 lambda=7.2214396437486134e-05 tau=7.2214396437486134e-05 prediction=0.79670236110752179 rho=0.99994324905691578 accept=1
  MFCG it 322 cost=2.576394e+05 lam=7.221e-05 tau=0.00e+00 cg_it=0 shift=0 ckpt=1 alpha=0 acc mv=939
PCG_PREP o=322 rebuild=1 drift=0 previous_depth=1
E2_CAP o=322 retry=0 touched=2 ncam=52 raw=1409.3479262563565 capped=8.1680176966627744 radius=194.01533783512573 median=0.18770245766827062 global_scale=1
ATTR_RADIUS o=322 raw_norm=1409.3479262563565 norm=8.1680176966627744 radius=194.01533783512573 next_radius=194.01533783512573 lambda=7.2214396437486134e-05 next_lambda=7.2214396437486134e-05 rho=1.0000306696348666 accept=1
CLASSICAL_LM o=322 lambda=7.2214396437486134e-05 tau=7.2214396437486134e-05 prediction=0.67465081786338699 rho=1.0000306696348666 accept=1
  MFCG it 323 cost=2.576387e+05 lam=7.221e-05 tau=0.00e+00 cg_it=0 shift=0 ckpt=1 alpha=0 acc mv=941
PCG_PREP o=323 rebuild=1 drift=0 previous_depth=1
E2_CAP o=323 retry=0 touched=1 ncam=52 raw=1412.0802983605765 capped=28.221762402496999 radius=194.01533783512573 median=0.86650979652181359 global_scale=1
ATTR_RADIUS o=323 raw_norm=1412.0802983605763 norm=28.221762402496996 radius=194.01533783512573 next_radius=194.01533783512573 lambda=7.2214396437486134e-05 next_lambda=7.2214396437486134e-05 rho=0.99949182997230079 accept=1
CLASSICAL_LM o=323 lambda=7.2214396437486134e-05 tau=7.2214396437486134e-05 prediction=2.653311486498005 rho=0.99949182997230079 accept=1
  MFCG it 324 cost=2.576361e+05 lam=7.221e-05 tau=0.00e+00 cg_it=2 shift=0 ckpt=3 alpha=0 acc mv=945
PCG_PREP o=324 rebuild=1 drift=0 previous_depth=3
E2_CAP o=324 retry=0 touched=2 ncam=52 raw=1408.6582059906582 capped=9.0079872511294585 radius=194.01533783512573 median=0.20406526587733315 global_scale=1
ATTR_RADIUS o=324 raw_norm=1408.6582059906586 norm=9.0079872511294585 radius=194.01533783512573 next_radius=194.01533783512573 lambda=7.2214396437486134e-05 next_lambda=7.2214396437486134e-05 rho=0.99994331215479071 accept=1
CLASSICAL_LM o=324 lambda=7.2214396437486134e-05 tau=7.2214396437486134e-05 prediction=0.78608402433372937 rho=0.99994331215479071 accept=1
  MFCG it 325 cost=2.576353e+05 lam=7.221e-05 tau=0.00e+00 cg_it=0 shift=0 ckpt=1 alpha=0 acc mv=947
PCG_PREP o=325 rebuild=1 drift=0 previous_depth=1
E2_CAP o=325 retry=0 touched=2 ncam=52 raw=1407.382347868381 capped=8.0696196033996053 radius=194.01533783512573 median=0.18540576188715374 global_scale=1
ATTR_RADIUS o=325 raw_norm=1407.3823478683814 norm=8.069619603399607 radius=194.01533783512573 next_radius=194.01533783512573 lambda=7.2214396437486134e-05 next_lambda=7.2214396437486134e-05 rho=1.000031042991639 accept=1
CLASSICAL_LM o=325 lambda=7.2214396437486134e-05 tau=7.2214396437486134e-05 prediction=0.6652424199592698 rho=1.000031042991639 accept=1
  MFCG it 326 cost=2.576346e+05 lam=7.221e-05 tau=0.00e+00 cg_it=0 shift=0 ckpt=1 alpha=0 acc mv=949
PCG_PREP o=326 rebuild=1 drift=0 previous_depth=1
E2_CAP o=326 retry=0 touched=1 ncam=52 raw=1410.1863822122612 capped=27.906459113407234 radius=194.01533783512573 median=0.85606767380345949 global_scale=1
ATTR_RADIUS o=326 raw_norm=1410.1863822122612 norm=27.906459113407234 radius=194.01533783512573 next_radius=194.01533783512573 lambda=7.2214396437486134e-05 next_lambda=7.2214396437486134e-05 rho=0.99949562254074242 accept=1
CLASSICAL_LM o=326 lambda=7.2214396437486134e-05 tau=7.2214396437486134e-05 prediction=2.6163141775418048 rho=0.99949562254074242 accept=1
  MFCG it 327 cost=2.576320e+05 lam=7.221e-05 tau=0.00e+00 cg_it=2 shift=0 ckpt=3 alpha=0 acc mv=953
PCG_PREP o=327 rebuild=1 drift=0 previous_depth=3
E2_CAP o=327 retry=0 touched=2 ncam=52 raw=1406.7065071578706 capped=8.9080628277070701 radius=194.01533783512573 median=0.20174609532036869 global_scale=1
ATTR_RADIUS o=327 raw_norm=1406.7065071578704 norm=8.9080628277070719 radius=194.01533783512573 next_radius=194.01533783512573 lambda=7.2214396437486134e-05 next_lambda=7.2214396437486134e-05 rho=0.99994336839385445 accept=1
CLASSICAL_LM o=327 lambda=7.2214396437486134e-05 tau=7.2214396437486134e-05 prediction=0.77569329460973702 rho=0.99994336839385445 accept=1
  MFCG it 328 cost=2.576312e+05 lam=7.221e-05 tau=0.00e+00 cg_it=0 shift=0 ckpt=1 alpha=0 acc mv=955
PCG_PREP o=328 rebuild=1 drift=0 previous_depth=1
E2_CAP o=328 retry=0 touched=2 ncam=52 raw=1405.4452960945782 capped=7.9784810254570973 radius=194.01533783512573 median=0.18328288618571248 global_scale=1
ATTR_RADIUS o=328 raw_norm=1405.4452960945782 norm=7.9784810254570946 radius=194.01533783512573 next_radius=194.01533783512573 lambda=7.2214396437486134e-05 next_lambda=7.2214396437486134e-05 rho=1.0000313539989081 accept=1
CLASSICAL_LM o=328 lambda=7.2214396437486134e-05 tau=7.2214396437486134e-05 prediction=0.65647694632666387 rho=1.0000313539989081 accept=1
  MFCG it 329 cost=2.576306e+05 lam=7.221e-05 tau=0.00e+00 cg_it=0 shift=0 ckpt=1 alpha=0 acc mv=957
PCG_PREP o=329 rebuild=1 drift=0 previous_depth=1
E2_CAP o=329 retry=0 touched=1 ncam=52 raw=1408.3187707799436 capped=27.609923554114321 radius=194.01533783512573 median=0.84626673026305521 global_scale=1
ATTR_RADIUS o=329 raw_norm=1408.3187707799434 norm=27.609923554114317 radius=194.01533783512573 next_radius=194.01533783512573 lambda=7.2214396437486134e-05 next_lambda=7.2214396437486134e-05 rho=0.99949918155319861 accept=1
CLASSICAL_LM o=329 lambda=7.2214396437486134e-05 tau=7.2214396437486134e-05 prediction=2.5815570717195775 rho=0.99949918155319861 accept=1
  MFCG it 330 cost=2.576280e+05 lam=7.221e-05 tau=0.00e+00 cg_it=2 shift=0 ckpt=3 alpha=0 acc mv=961
PCG_PREP o=330 rebuild=1 drift=0 previous_depth=3
E2_CAP o=330 retry=0 touched=2 ncam=52 raw=1404.7818982602073 capped=8.8099454864984779 radius=194.01533783512573 median=0.1994685727005214 global_scale=1
ATTR_RADIUS o=330 raw_norm=1404.7818982602073 norm=8.8099454864984779 radius=194.01533783512573 next_radius=194.01533783512573 lambda=7.2214396437486134e-05 next_lambda=7.2214396437486134e-05 rho=0.99994343498010452 accept=1
CLASSICAL_LM o=330 lambda=7.2214396437486134e-05 tau=7.2214396437486134e-05 prediction=0.76551612585823059 rho=0.99994343498010452 accept=1
  MFCG it 331 cost=2.576272e+05 lam=7.221e-05 tau=0.00e+00 cg_it=0 shift=0 ckpt=1 alpha=0 acc mv=963
PCG_PREP o=331 rebuild=1 drift=0 previous_depth=1
E2_CAP o=331 retry=0 touched=2 ncam=52 raw=1403.5352495642121 capped=7.8892411929858772 radius=194.01533783512573 median=0.1812043755726308 global_scale=1
ATTR_RADIUS o=331 raw_norm=1403.5352495642123 norm=7.8892411929858746 radius=194.01533783512573 next_radius=194.01533783512573 lambda=7.2214396437486134e-05 next_lambda=7.2214396437486134e-05 rho=1.0000316317905258 accept=1
CLASSICAL_LM o=331 lambda=7.2214396437486134e-05 tau=7.2214396437486134e-05 prediction=0.64791110950467834 rho=1.0000316317905258 accept=1
  MFCG it 332 cost=2.576266e+05 lam=7.221e-05 tau=0.00e+00 cg_it=0 shift=0 ckpt=1 alpha=0 acc mv=965
PCG_PREP o=332 rebuild=1 drift=0 previous_depth=1
E2_CAP o=332 retry=0 touched=1 ncam=52 raw=1406.4761392608723 capped=27.321549759416264 radius=194.01533783512573 median=0.83673671558348728 global_scale=1
ATTR_RADIUS o=332 raw_norm=1406.4761392608721 norm=27.321549759416254 radius=194.01533783512573 next_radius=194.01533783512573 lambda=7.2214396437486134e-05 next_lambda=7.2214396437486134e-05 rho=0.9995026497423054 accept=1
CLASSICAL_LM o=332 lambda=7.2214396437486134e-05 tau=7.2214396437486134e-05 prediction=2.5478288002141372 rho=0.9995026497423054 accept=1
  MFCG it 333 cost=2.576240e+05 lam=7.221e-05 tau=0.00e+00 cg_it=2 shift=0 ckpt=3 alpha=0 acc mv=969
PCG_PREP o=333 rebuild=1 drift=0 previous_depth=3
E2_CAP o=333 retry=0 touched=2 ncam=52 raw=1402.8835819602571 capped=8.7136145944666374 radius=194.01533783512573 median=0.19723222158837156 global_scale=1
ATTR_RADIUS o=333 raw_norm=1402.8835819602573 norm=8.7136145944666392 radius=194.01533783512573 next_radius=194.01533783512573 lambda=7.2214396437486134e-05 next_lambda=7.2214396437486134e-05 rho=0.99994348967055668 accept=1
CLASSICAL_LM o=333 lambda=7.2214396437486134e-05 tau=7.2214396437486134e-05 prediction=0.75554929848480101 rho=0.99994348967055668 accept=1
  MFCG it 334 cost=2.576233e+05 lam=7.221e-05 tau=0.00e+00 cg_it=0 shift=0 ckpt=1 alpha=0 acc mv=971
PCG_PREP o=334 rebuild=1 drift=0 previous_depth=1
E2_CAP o=334 retry=0 touched=2 ncam=52 raw=1401.6513842640961 capped=7.8014985361921605 radius=194.01533783512573 median=0.17916052999812038 global_scale=1
ATTR_RADIUS o=334 raw_norm=1401.6513842640957 norm=7.8014985361921623 radius=194.01533783512573 next_radius=194.01533783512573 lambda=7.2214396437486134e-05 next_lambda=7.2214396437486134e-05 rho=1.0000318821648864 accept=1
CLASSICAL_LM o=334 lambda=7.2214396437486134e-05 tau=7.2214396437486134e-05 prediction=0.63951090567758173 rho=1.0000318821648864 accept=1
  MFCG it 335 cost=2.576227e+05 lam=7.221e-05 tau=0.00e+00 cg_it=0 shift=0 ckpt=1 alpha=0 acc mv=973
PCG_PREP o=335 rebuild=1 drift=0 previous_depth=1
E2_CAP o=335 retry=0 touched=1 ncam=52 raw=1404.6577713113288 capped=27.037930088925076 radius=194.01533783512573 median=0.82736136923899695 global_scale=1
ATTR_RADIUS o=335 raw_norm=1404.657771311329 norm=27.037930088925073 radius=194.01533783512573 next_radius=194.01533783512573 lambda=7.2214396437486134e-05 next_lambda=7.2214396437486134e-05 rho=0.99950607100276123 accept=1
CLASSICAL_LM o=335 lambda=7.2214396437486134e-05 tau=7.2214396437486134e-05 prediction=2.5147473191477254 rho=0.99950607100276123 accept=1
  MFCG it 336 cost=2.576201e+05 lam=7.221e-05 tau=0.00e+00 cg_it=2 shift=0 ckpt=3 alpha=0 acc mv=977
PCG_PREP o=336 rebuild=1 drift=0 previous_depth=3
E2_CAP o=336 retry=0 touched=2 ncam=52 raw=1401.0112250686748 capped=8.6190367397764671 radius=194.01533783512573 median=0.1950362518540853 global_scale=1
ATTR_RADIUS o=336 raw_norm=1401.0112250686748 norm=8.6190367397764653 radius=194.01533783512573 next_radius=194.01533783512573 lambda=7.2214396437486134e-05 next_lambda=7.2214396437486134e-05 rho=0.99994353369133449 accept=1
CLASSICAL_LM o=336 lambda=7.2214396437486134e-05 tau=7.2214396437486134e-05 prediction=0.74578860136898939 rho=0.99994353369133449 accept=1
  MFCG it 337 cost=2.576194e+05 lam=7.221e-05 tau=0.00e+00 cg_it=0 shift=0 ckpt=1 alpha=0 acc mv=979
PCG_PREP o=337 rebuild=1 drift=0 previous_depth=1
E2_CAP o=337 retry=0 touched=2 ncam=52 raw=1399.7929244713439 capped=7.7152188060496378 radius=194.01533783512573 median=0.17715053679730924 global_scale=1
ATTR_RADIUS o=337 raw_norm=1399.7929244713441 norm=7.7152188060496369 radius=194.01533783512573 next_radius=194.01533783512573 lambda=7.2214396437486134e-05 next_lambda=7.2214396437486134e-05 rho=1.0000321047228089 accept=1
CLASSICAL_LM o=337 lambda=7.2214396437486134e-05 tau=7.2214396437486134e-05 prediction=0.63127243266048105 rho=1.0000321047228089 accept=1
  MFCG: converged (OCA_FTOL: 8 outers < 1.0e-05 rel)
  [menu-backtrack] confirming stop with original retry policy at outer 338
  MFCG it 338 cost=2.576188e+05 lam=7.221e-05 tau=0.00e+00 cg_it=0 shift=0 ckpt=1 alpha=0 acc mv=981
PCG_PREP o=338 rebuild=1 drift=0 previous_depth=1
E2_CAP o=338 retry=0 touched=2 ncam=52 raw=1398.9653825528676 capped=7.4917699016640329 radius=194.01533783512573 median=0.17303461221501754 global_scale=1
ATTR_RADIUS o=338 raw_norm=1398.9653825528678 norm=7.491769901664032 radius=194.01533783512573 next_radius=194.01533783512573 lambda=7.2214396437486134e-05 next_lambda=7.2214396437486134e-05 rho=1.0000153790021353 accept=1
CLASSICAL_LM o=338 lambda=7.2214396437486134e-05 tau=7.2214396437486134e-05 prediction=0.60164072422535231 rho=1.0000153790021353 accept=1
  MFCG it 339 cost=2.576182e+05 lam=7.221e-05 tau=0.00e+00 cg_it=0 shift=0 ckpt=1 alpha=0 acc mv=983
PCG_PREP o=339 rebuild=1 drift=0 previous_depth=1
E2_CAP o=339 retry=0 touched=1 ncam=52 raw=1402.6718832539182 capped=28.461359224149703 radius=194.01533783512573 median=0.85112440835284064 global_scale=1
ATTR_RADIUS o=339 raw_norm=1402.6718832539184 norm=28.461359224149714 radius=194.01533783512573 next_radius=194.01533783512573 lambda=7.2214396437486134e-05 next_lambda=7.2214396437486134e-05 rho=0.99948889847763722 accept=1
CLASSICAL_LM o=339 lambda=7.2214396437486134e-05 tau=7.2214396437486134e-05 prediction=2.5569161224528565 rho=0.99948889847763722 accept=1
  MFCG it 340 cost=2.576156e+05 lam=7.221e-05 tau=0.00e+00 cg_it=2 shift=0 ckpt=3 alpha=0 acc mv=987
PCG_PREP o=340 rebuild=1 drift=0 previous_depth=3
E2_CAP o=340 retry=0 touched=2 ncam=52 raw=1398.7161343731873 capped=8.5832797351596799 radius=194.01533783512573 median=0.19448927284106038 global_scale=1
ATTR_RADIUS o=340 raw_norm=1398.7161343731871 norm=8.5832797351596781 radius=194.01533783512573 next_radius=194.01533783512573 lambda=7.2214396437486134e-05 next_lambda=7.2214396437486134e-05 rho=0.99992235411663766 accept=1
CLASSICAL_LM o=340 lambda=7.2214396437486134e-05 tau=7.2214396437486134e-05 prediction=0.73988506761462969 rho=0.99992235411663766 accept=1
  MFCG it 341 cost=2.576149e+05 lam=7.221e-05 tau=0.00e+00 cg_it=0 shift=0 ckpt=1 alpha=0 acc mv=989
PCG_PREP o=341 rebuild=1 drift=0 previous_depth=1
E2_CAP o=341 retry=0 touched=2 ncam=52 raw=1397.5035019048244 capped=7.5608520625579265 radius=194.01533783512573 median=0.1736633918678358 global_scale=1
ATTR_RADIUS o=341 raw_norm=1397.5035019048248 norm=7.5608520625579239 radius=194.01533783512573 next_radius=194.01533783512573 lambda=7.2214396437486134e-05 next_lambda=7.2214396437486134e-05 rho=1.0000325131197505 accept=1
CLASSICAL_LM o=341 lambda=7.2214396437486134e-05 tau=7.2214396437486134e-05 prediction=0.616083485338764 rho=1.0000325131197505 accept=1
  MFCG it 342 cost=2.576142e+05 lam=7.221e-05 tau=0.00e+00 cg_it=0 shift=0 ckpt=1 alpha=0 acc mv=991
PCG_PREP o=342 rebuild=1 drift=0 previous_depth=1
E2_CAP o=342 retry=0 touched=1 ncam=52 raw=1400.7990016545714 capped=26.811837906592114 radius=194.01533783512573 median=0.81151934398524539 global_scale=1
ATTR_RADIUS o=342 raw_norm=1400.7990016545718 norm=26.81183790659211 radius=194.01533783512573 next_radius=194.01533783512573 lambda=7.2214396437486134e-05 next_lambda=7.2214396437486134e-05 rho=0.99949482968804715 accept=1
CLASSICAL_LM o=342 lambda=7.2214396437486134e-05 tau=7.2214396437486134e-05 prediction=2.4489792690737593 rho=0.99949482968804715 accept=1
  MFCG it 343 cost=2.576118e+05 lam=7.221e-05 tau=0.00e+00 cg_it=2 shift=0 ckpt=3 alpha=0 acc mv=995
PCG_PREP o=343 rebuild=1 drift=0 previous_depth=3
E2_CAP o=343 retry=0 touched=2 ncam=52 raw=1396.979441145658 capped=8.4416583909054754 radius=194.01533783512573 median=0.19102644523334439 global_scale=1
ATTR_RADIUS o=343 raw_norm=1396.9794411456578 norm=8.4416583909054754 radius=194.01533783512573 next_radius=194.01533783512573 lambda=7.2214396437486134e-05 next_lambda=7.2214396437486134e-05 rho=0.99993539652280095 accept=1
CLASSICAL_LM o=343 lambda=7.2214396437486134e-05 tau=7.2214396437486134e-05 prediction=0.72683862789639819 rho=0.99993539652280095 accept=1
  MFCG it 344 cost=2.576111e+05 lam=7.221e-05 tau=0.00e+00 cg_it=0 shift=0 ckpt=1 alpha=0 acc mv=997
PCG_PREP o=344 rebuild=1 drift=0 previous_depth=1
E2_CAP o=344 retry=0 touched=2 ncam=52 raw=1395.7851647087871 capped=7.4985759668598888 radius=194.01533783512573 median=0.17215387077669361 global_scale=1
ATTR_RADIUS o=344 raw_norm=1395.7851647087871 norm=7.4985759668598897 radius=194.01533783512573 next_radius=194.01533783512573 lambda=7.2214396437486134e-05 next_lambda=7.2214396437486134e-05 rho=1.0000331456889802 accept=1
CLASSICAL_LM o=344 lambda=7.2214396437486134e-05 tau=7.2214396437486134e-05 prediction=0.61065141373625087 rho=1.0000331456889802 accept=1
  MFCG it 345 cost=2.576105e+05 lam=7.221e-05 tau=0.00e+00 cg_it=0 shift=0 ckpt=1 alpha=0 acc mv=999
PCG_PREP o=345 rebuild=1 drift=0 previous_depth=1
E2_CAP o=345 retry=0 touched=1 ncam=52 raw=1399.0360613418252 capped=26.238928490332199 radius=194.01533783512573 median=0.79737739946608266 global_scale=1
ATTR_RADIUS o=345 raw_norm=1399.0360613418254 norm=26.238928490332206 radius=194.01533783512573 next_radius=194.01533783512573 lambda=7.2214396437486134e-05 next_lambda=7.2214396437486134e-05 rho=0.99950759019287361 accept=1
CLASSICAL_LM o=345 lambda=7.2214396437486134e-05 tau=7.2214396437486134e-05 prediction=2.406465910181383 rho=0.99950759019287361 accept=1
  MFCG: converged (OCA_FTOL: 8 outers < 1.0e-05 rel)
  MFCG: accepts=346 rejects=2 total_matvecs=1003 negcurv=1 cand_evals=348 mean_cg_per_outer=2.9
NUMERIC_REPAIR summary rebuilds=1 floor=7.2214396437486134e-05
  [retry-cache] builds=349 reuses=0
  [menu-backtrack] trials=16 rescues=16 evals=38 total_scored=386
POINT_SAFE summary calls=16 evals=16 wins=9 frozen=2562 seconds=0.038516817
  [scoring] menu_evals=348 alpha_evals=0 backtrack_evals=38 total_scored=386
RESULT algo=mfree_shifted_cg iters=346 final_cost=257608.0585088509 solve_seconds=3.488290
DIAGNOSTICS median_reproj_err_px 3.252455 -> 0.372866 | cheirality_violations(obs) 0 -> 15 | cheirality_violations(pts, of 64053) 0 -> 8
