[R10] --zero_k2: all k2 set to 0 at load
Loaded /workspace/bal/venice-52.txt: ncam=52 npt=64053 nobs=347173 n=192471
[R10] --dof9: refining f,k1 per camera (52 cameras)
  [menu-backtrack] active=1 max_evals=8 warmup_accepts=3 confirm_stop=original armijo=1e-4
MIXED_STORAGE fragments=fp32 arithmetic=fp64 state=fp64 acceptance=fp64
  [compact-fragments] active=2 saved_bytes=36105992 storage=fp32 camera_reads=contiguous
  MFCG score_init=11152062.772762468 precision=fp64
PCG_PREP o=0 rebuild=1 drift=0 previous_depth=0
ATTR_RADIUS o=0 raw_norm=3225.3525896296715 norm=3225.3525896296719 radius=3225.3525896296715 next_radius=6450.7051792593429 lambda=0.10000000000000001 next_lambda=0.025000000000000001 rho=0.99997438839510577 accept=1
CLASSICAL_LM o=0 lambda=0.10000000000000001 tau=0.10000000000000001 prediction=8877594.9877400473 rho=0.99997438839510577 accept=1
  MFCG it   1 cost=2.274695e+06 lam=2.500e-02 tau=0.00e+00 cg_it=0 shift=0 ckpt=1 alpha=0 acc mv=2
PCG_PREP o=1 rebuild=1 drift=0 previous_depth=1
ATTR_RADIUS o=1 raw_norm=2725.1440498078528 norm=2725.1440498078528 radius=6450.7051792593429 next_radius=6450.7051792593429 lambda=0.025000000000000001 next_lambda=0.0025000000000000005 rho=0.99701845569054981 accept=1
CLASSICAL_LM o=1 lambda=0.025000000000000001 tau=0.025000000000000001 prediction=770789.73816058331 rho=0.99701845569054981 accept=1
  MFCG it   2 cost=1.506204e+06 lam=2.500e-03 tau=0.00e+00 cg_it=4 shift=0 ckpt=5 alpha=0 acc mv=8
PCG_PREP o=2 rebuild=1 drift=0 previous_depth=5
ATTR_RADIUS o=2 raw_norm=9578.8535291641292 norm=6450.7051792593438 radius=6450.7051792593429 next_radius=12901.410358518686 lambda=0.0025000000000000005 next_lambda=0.00062500000000000012 rho=0.9978804599093275 accept=1
CLASSICAL_LM o=2 lambda=0.0025000000000000005 tau=0.0025000000000000005 prediction=379875.54087330896 rho=0.9978804599093275 accept=1
  MFCG it   3 cost=1.127133e+06 lam=6.250e-04 tau=0.00e+00 cg_it=6 shift=0 ckpt=7 alpha=0 acc mv=16
PCG_PREP o=3 rebuild=1 drift=0 previous_depth=7
ATTR_RADIUS o=3 raw_norm=20859.307736754974 norm=12901.410358518686 radius=12901.410358518686 next_radius=25802.820717037372 lambda=0.00062500000000000012 next_lambda=0.00015625000000000003 rho=1.0093969216306118 accept=1
CLASSICAL_LM o=3 lambda=0.00062500000000000012 tau=0.00062500000000000012 prediction=304236.92171974172 rho=1.0093969216306118 accept=1
  MFCG it   4 cost=8.200374e+05 lam=1.563e-04 tau=0.00e+00 cg_it=5 shift=0 ckpt=6 alpha=0 acc mv=23
PCG_PREP o=4 rebuild=1 drift=0 previous_depth=6
ATTR_RADIUS o=4 raw_norm=36747.144697781063 norm=25802.820717037368 radius=25802.820717037372 next_radius=51605.641434074743 lambda=0.00015625000000000003 next_lambda=3.9062500000000008e-05 rho=0.98437153824884993 accept=1
CLASSICAL_LM o=4 lambda=0.00015625000000000003 tau=0.00015625000000000003 prediction=327617.41562934924 rho=0.98437153824884993 accept=1
  MFCG it   5 cost=4.975401e+05 lam=3.906e-05 tau=0.00e+00 cg_it=8 shift=0 ckpt=9 alpha=0 acc mv=33
PCG_PREP o=5 rebuild=1 drift=0 previous_depth=9
POINT_SAFE o=5 frozen=1464 slope=-317535.16442569601 candidate=381890.57164943579 original=373473.48944209353 current=497540.10902925167 won=0 mode=1 camera_scale=1 keep_scale=0
ATTR_RADIUS o=5 raw_norm=37463.339907533358 norm=18731.669953766675 radius=51605.641434074743 next_radius=51605.641434074743 lambda=3.9062500000000008e-05 next_lambda=3.9062500000000009e-06 rho=0.96839028987607811 accept=1
CLASSICAL_LM o=5 lambda=3.9062500000000008e-05 tau=3.9062500000000008e-05 prediction=128116.33995528246 rho=0.96839028987607811 accept=1
  MFCG it   6 cost=3.734735e+05 lam=3.906e-06 tau=0.00e+00 cg_it=6 shift=0 ckpt=7 alpha=0 acc mv=41
PCG_PREP o=6 rebuild=1 drift=0 previous_depth=7
POINT_SAFE o=6 frozen=670 slope=-179589.07908200263 candidate=403764.26382468088 original=368581.36667341372 current=373473.48944209353 won=0 mode=1 camera_scale=1 keep_scale=0
FOLLOW_POINT o=6 mode=1 changed=64052 candidate=334010.05952117039 rho=-1 selected=0
ATTR_RADIUS o=6 raw_norm=50229.773597554951 norm=25114.886798777476 radius=51605.641434074743 next_radius=12901.410358518686 lambda=3.9062500000000009e-06 next_lambda=6.2500000000000015e-05 rho=0.067438161417937278 accept=0
CLASSICAL_LM o=6 lambda=3.9062500000000009e-06 tau=3.9062500000000009e-06 prediction=72542.350885897613 rho=0.067438161417937278 accept=0
  MFCG it   7  retry 1/8  lam=6.250e-05 tau_eff=3.906e-06  (assembly reused)
PCG_PREP o=6 rebuild=1 drift=0 previous_depth=6
ATTR_RADIUS o=6 raw_norm=19848.981257718358 norm=12901.410358518686 radius=12901.410358518686 next_radius=25802.820717037372 lambda=6.2500000000000015e-05 next_lambda=1.5625000000000004e-05 rho=0.88264653979095609 accept=1
CLASSICAL_LM o=6 lambda=6.2500000000000015e-05 tau=6.2500000000000015e-05 prediction=68725.645267170723 rho=0.88264653979095609 accept=1
  MFCG it   7 cost=3.128130e+05 lam=1.563e-05 tau=0.00e+00 cg_it=5 shift=0 ckpt=6 alpha=0 acc mv=55
PCG_PREP o=7 rebuild=1 drift=0 previous_depth=6
POINT_SAFE o=7 frozen=179 slope=-71080.718616040191 candidate=285659.11569002335 original=290316.65844345634 current=312813.03645212459 won=1 mode=1 camera_scale=1 keep_scale=0
ATTR_RADIUS o=7 raw_norm=22599.900259494316 norm=22599.900259494316 radius=25802.820717037372 next_radius=25802.820717037372 lambda=1.5625000000000004e-05 next_lambda=1.5625000000000004e-05 rho=0.69104530214817528 accept=1
CLASSICAL_LM o=7 lambda=1.5625000000000004e-05 tau=1.5625000000000004e-05 prediction=39293.980695174236 rho=0.69104530214817528 accept=1
  MFCG it   8 cost=2.856591e+05 lam=1.563e-05 tau=0.00e+00 cg_it=5 shift=0 ckpt=6 alpha=0 acc mv=62
PCG_PREP o=8 rebuild=1 drift=0 previous_depth=6
POINT_SAFE o=8 frozen=172 slope=-35253.066666624043 candidate=271070.73297904356 original=280479.49072991707 current=285659.11569002335 won=1 mode=1 camera_scale=1 keep_scale=0
ATTR_RADIUS o=8 raw_norm=7069.9004061588994 norm=7069.9004061588994 radius=25802.820717037372 next_radius=25802.820717037372 lambda=1.5625000000000004e-05 next_lambda=1.5625000000000005e-06 rho=0.81451507162067738 accept=1
CLASSICAL_LM o=8 lambda=1.5625000000000004e-05 tau=1.5625000000000004e-05 prediction=17910.5129165414 rho=0.81451507162067738 accept=1
  MFCG it   9 cost=2.710707e+05 lam=1.563e-06 tau=0.00e+00 cg_it=0 shift=0 ckpt=1 alpha=0 acc mv=64
PCG_PREP o=9 rebuild=1 drift=0 previous_depth=1
POINT_SAFE o=9 frozen=444 slope=-15079.094077642472 candidate=301858.84328766278 original=265559.85388485721 current=271070.73297904356 won=0 mode=1 camera_scale=1 keep_scale=0
ATTR_RADIUS o=9 raw_norm=35180.526789612144 norm=3225.3525896296728 radius=25802.820717037372 next_radius=25802.820717037372 lambda=1.5625000000000005e-06 next_lambda=1.5625000000000007e-07 rho=1.5016451366886026 accept=1
CLASSICAL_LM o=9 lambda=1.5625000000000005e-06 tau=1.5625000000000005e-06 prediction=3669.8944108318656 rho=1.5016451366886026 accept=1
  MFCG it  10 cost=2.655599e+05 lam=1.563e-07 tau=0.00e+00 cg_it=1 shift=0 ckpt=2 alpha=0 acc mv=67
PCG_PREP o=10 rebuild=1 drift=0 previous_depth=2
POINT_SAFE o=10 frozen=296 slope=-17400.071859844669 candidate=291982.37474774173 original=262360.07577025483 current=265559.85388485721 won=0 mode=1 camera_scale=1 keep_scale=0
ATTR_RADIUS o=10 raw_norm=43906.213242078826 norm=6450.7051792593438 radius=25802.820717037372 next_radius=25802.820717037372 lambda=1.5625000000000007e-07 next_lambda=1.5625000000000006e-08 rho=0.62242806197367495 accept=1
CLASSICAL_LM o=10 lambda=1.5625000000000007e-07 tau=1.5625000000000007e-07 prediction=5140.7998933340332 rho=0.62242806197367495 accept=1
  MFCG it  11 cost=2.623601e+05 lam=1.563e-08 tau=0.00e+00 cg_it=1 shift=0 ckpt=2 alpha=0 acc mv=70
PCG_PREP o=11 rebuild=1 drift=0 previous_depth=2
POINT_SAFE o=11 frozen=497 slope=-19031.90157159953 candidate=262959.43269026605 original=258725.3764615267 current=262360.07577025483 won=0 mode=1 camera_scale=1 keep_scale=0
ATTR_RADIUS o=11 raw_norm=15182.001721841074 norm=7591.000860920537 radius=25802.820717037372 next_radius=25802.820717037372 lambda=1.5625000000000006e-08 next_lambda=1.5625000000000008e-09 rho=0.50186965080118473 accept=1
CLASSICAL_LM o=11 lambda=1.5625000000000006e-08 tau=1.5625000000000006e-08 prediction=7242.317408366288 rho=0.50186965080118473 accept=1
  MFCG it  12 cost=2.587254e+05 lam=1.563e-09 tau=0.00e+00 cg_it=0 shift=0 ckpt=1 alpha=0 acc mv=72
PCG_PREP o=12 rebuild=1 drift=0 previous_depth=1
POINT_SAFE o=12 frozen=126 slope=-14015.730220556075 candidate=262001.31100272556 original=257432.83138505177 current=258725.3764615267 won=0 mode=1 camera_scale=1 keep_scale=0
FOLLOW_POINT o=12 mode=1 changed=64053 candidate=255359.12741127802 rho=-1 selected=0
ATTR_RADIUS o=12 raw_norm=15537.695825491493 norm=7768.8479127457467 radius=25802.820717037372 next_radius=6450.7051792593429 lambda=1.5625000000000008e-09 next_lambda=2.5000000000000012e-08 rho=0.2358690211813862 accept=1
CLASSICAL_LM o=12 lambda=1.5625000000000008e-09 tau=1.5625000000000008e-09 prediction=5479.9272494582601 rho=0.2358690211813862 accept=1
  MFCG it  13 cost=2.574328e+05 lam=2.500e-08 tau=0.00e+00 cg_it=0 shift=0 ckpt=1 alpha=0 acc mv=74
PCG_PREP o=13 rebuild=1 drift=0 previous_depth=1
ATTR_RADIUS o=13 raw_norm=15524.114984096959 norm=6450.705179259342 radius=6450.7051792593429 next_radius=6450.7051792593429 lambda=2.5000000000000012e-08 next_lambda=2.5000000000000012e-08 rho=0.47318325368687958 accept=1
CLASSICAL_LM o=13 lambda=2.5000000000000012e-08 tau=2.5000000000000012e-08 prediction=4870.8833229080738 rho=0.47318325368687958 accept=1
  MFCG it  14 cost=2.551280e+05 lam=2.500e-08 tau=0.00e+00 cg_it=0 shift=0 ckpt=1 alpha=0 acc mv=76
PCG_PREP o=14 rebuild=1 drift=0 previous_depth=1
ATTR_RADIUS o=14 raw_norm=16033.395475361671 norm=6450.7051792593438 radius=6450.7051792593429 next_radius=6450.7051792593429 lambda=2.5000000000000012e-08 next_lambda=2.5000000000000012e-08 rho=0.38298603892468552 accept=1
CLASSICAL_LM o=14 lambda=2.5000000000000012e-08 tau=2.5000000000000012e-08 prediction=3168.2390696785737 rho=0.38298603892468552 accept=1
  MFCG it  15 cost=2.539146e+05 lam=2.500e-08 tau=0.00e+00 cg_it=0 shift=0 ckpt=1 alpha=0 acc mv=78
PCG_PREP o=15 rebuild=1 drift=0 previous_depth=1
ATTR_RADIUS o=15 raw_norm=16481.018493635889 norm=6450.7051792593466 radius=6450.7051792593429 next_radius=6450.7051792593429 lambda=2.5000000000000012e-08 next_lambda=2.5000000000000012e-08 rho=0.28647998607416358 accept=1
CLASSICAL_LM o=15 lambda=2.5000000000000012e-08 tau=2.5000000000000012e-08 prediction=2477.8955416526346 rho=0.28647998607416358 accept=1
  MFCG it  16 cost=2.532048e+05 lam=2.500e-08 tau=0.00e+00 cg_it=0 shift=0 ckpt=1 alpha=0 acc mv=80
PCG_PREP o=16 rebuild=1 drift=0 previous_depth=1
FOLLOW_POINT o=16 mode=1 changed=64053 candidate=252670.2392679592 rho=0.26398254029868129 selected=1
ATTR_RADIUS o=16 raw_norm=16889.047388927193 norm=6450.7051792593438 radius=6450.7051792593429 next_radius=6450.7051792593429 lambda=2.5000000000000012e-08 next_lambda=2.5000000000000012e-08 rho=0.26398254029868129 accept=1
CLASSICAL_LM o=16 lambda=2.5000000000000012e-08 tau=2.5000000000000012e-08 prediction=2024.803933989318 rho=0.26398254029868129 accept=1
  MFCG it  17 cost=2.526702e+05 lam=2.500e-08 tau=0.00e+00 cg_it=0 shift=0 ckpt=1 alpha=0 acc mv=82
PCG_PREP o=17 rebuild=1 drift=0 previous_depth=1
FOLLOW_POINT o=17 mode=1 changed=64052 candidate=252398.12425514014 rho=0.14939892073564651 selected=1
ATTR_RADIUS o=17 raw_norm=17041.134519269388 norm=6450.705179259342 radius=6450.7051792593429 next_radius=1612.6762948148357 lambda=2.5000000000000012e-08 next_lambda=4.0000000000000019e-07 rho=0.14939892073564651 accept=1
CLASSICAL_LM o=17 lambda=2.5000000000000012e-08 tau=2.5000000000000012e-08 prediction=1821.3987857419465 rho=0.14939892073564651 accept=1
  MFCG it  18 cost=2.523981e+05 lam=4.000e-07 tau=0.00e+00 cg_it=0 shift=0 ckpt=1 alpha=0 acc mv=84
PCG_PREP o=18 rebuild=1 drift=0 previous_depth=1
ATTR_RADIUS o=18 raw_norm=14180.698466473787 norm=1612.6762948148355 radius=1612.6762948148357 next_radius=3225.3525896296715 lambda=4.0000000000000019e-07 next_lambda=1.0000000000000005e-07 rho=0.75537569478933464 accept=1
CLASSICAL_LM o=18 lambda=4.0000000000000019e-07 tau=4.0000000000000019e-07 prediction=653.57063863152916 rho=0.75537569478933464 accept=1
  MFCG it  19 cost=2.519044e+05 lam=1.000e-07 tau=0.00e+00 cg_it=0 shift=0 ckpt=1 alpha=0 acc mv=86
PCG_PREP o=19 rebuild=1 drift=0 previous_depth=1
ATTR_RADIUS o=19 raw_norm=17181.202703228577 norm=3225.352589629671 radius=3225.3525896296715 next_radius=3225.3525896296715 lambda=1.0000000000000005e-07 next_lambda=1.0000000000000005e-07 rho=0.47061260574047237 accept=1
CLASSICAL_LM o=19 lambda=1.0000000000000005e-07 tau=1.0000000000000005e-07 prediction=915.5316128829262 rho=0.47061260574047237 accept=1
  MFCG it  20 cost=2.514736e+05 lam=1.000e-07 tau=0.00e+00 cg_it=0 shift=0 ckpt=1 alpha=0 acc mv=88
PCG_PREP o=20 rebuild=1 drift=0 previous_depth=1
ATTR_RADIUS o=20 raw_norm=17619.574738226191 norm=3225.3525896296719 radius=3225.3525896296715 next_radius=3225.3525896296715 lambda=1.0000000000000005e-07 next_lambda=1.0000000000000005e-07 rho=0.44219000665556879 accept=1
CLASSICAL_LM o=20 lambda=1.0000000000000005e-07 tau=1.0000000000000005e-07 prediction=795.40403887573279 rho=0.44219000665556879 accept=1
  MFCG it  21 cost=2.511219e+05 lam=1.000e-07 tau=0.00e+00 cg_it=0 shift=0 ckpt=1 alpha=0 acc mv=90
PCG_PREP o=21 rebuild=1 drift=0 previous_depth=1
ATTR_RADIUS o=21 raw_norm=18003.049043306102 norm=3225.352589629671 radius=3225.3525896296715 next_radius=3225.3525896296715 lambda=1.0000000000000005e-07 next_lambda=1.0000000000000005e-07 rho=0.41068034623400695 accept=1
CLASSICAL_LM o=21 lambda=1.0000000000000005e-07 tau=1.0000000000000005e-07 prediction=699.80631184480762 rho=0.41068034623400695 accept=1
  MFCG it  22 cost=2.508345e+05 lam=1.000e-07 tau=0.00e+00 cg_it=0 shift=0 ckpt=1 alpha=0 acc mv=92
PCG_PREP o=22 rebuild=1 drift=0 previous_depth=1
ATTR_RADIUS o=22 raw_norm=18355.802094630581 norm=3225.352589629671 radius=3225.3525896296715 next_radius=3225.3525896296715 lambda=1.0000000000000005e-07 next_lambda=1.0000000000000005e-07 rho=0.38063785570181469 accept=1
CLASSICAL_LM o=22 lambda=1.0000000000000005e-07 tau=1.0000000000000005e-07 prediction=626.87206973468267 rho=0.38063785570181469 accept=1
  MFCG it  23 cost=2.505958e+05 lam=1.000e-07 tau=0.00e+00 cg_it=0 shift=0 ckpt=1 alpha=0 acc mv=94
PCG_PREP o=23 rebuild=1 drift=0 previous_depth=1
ATTR_RADIUS o=23 raw_norm=18677.160290713531 norm=3225.3525896296715 radius=3225.3525896296715 next_radius=3225.3525896296715 lambda=1.0000000000000005e-07 next_lambda=1.0000000000000005e-07 rho=0.35216368256233233 accept=1
CLASSICAL_LM o=23 lambda=1.0000000000000005e-07 tau=1.0000000000000005e-07 prediction=570.59434490226749 rho=0.35216368256233233 accept=1
  MFCG it  24 cost=2.503949e+05 lam=1.000e-07 tau=0.00e+00 cg_it=0 shift=0 ckpt=1 alpha=0 acc mv=96
PCG_PREP o=24 rebuild=1 drift=0 previous_depth=1
ATTR_RADIUS o=24 raw_norm=18966.542074172594 norm=3225.3525896296715 radius=3225.3525896296715 next_radius=3225.3525896296715 lambda=1.0000000000000005e-07 next_lambda=1.0000000000000005e-07 rho=0.32540035131380529 accept=1
CLASSICAL_LM o=24 lambda=1.0000000000000005e-07 tau=1.0000000000000005e-07 prediction=526.80582894227177 rho=0.32540035131380529 accept=1
  MFCG it  25 cost=2.502235e+05 lam=1.000e-07 tau=0.00e+00 cg_it=0 shift=0 ckpt=1 alpha=0 acc mv=98
PCG_PREP o=25 rebuild=1 drift=0 previous_depth=1
ATTR_RADIUS o=25 raw_norm=19218.922379538613 norm=3225.3525896296719 radius=3225.3525896296715 next_radius=3225.3525896296715 lambda=1.0000000000000005e-07 next_lambda=1.0000000000000005e-07 rho=0.30049530468291452 accept=1
CLASSICAL_LM o=25 lambda=1.0000000000000005e-07 tau=1.0000000000000005e-07 prediction=492.55149691616862 rho=0.30049530468291452 accept=1
  MFCG it  26 cost=2.500755e+05 lam=1.000e-07 tau=0.00e+00 cg_it=0 shift=0 ckpt=1 alpha=0 acc mv=100
PCG_PREP o=26 rebuild=1 drift=0 previous_depth=1
ATTR_RADIUS o=26 raw_norm=19410.793364673704 norm=3225.3525896296737 radius=3225.3525896296715 next_radius=3225.3525896296715 lambda=1.0000000000000005e-07 next_lambda=1.0000000000000005e-07 rho=0.2773703624033238 accept=1
CLASSICAL_LM o=26 lambda=1.0000000000000005e-07 tau=1.0000000000000005e-07 prediction=465.54385382665635 rho=0.2773703624033238 accept=1
  MFCG it  27 cost=2.499463e+05 lam=1.000e-07 tau=0.00e+00 cg_it=0 shift=0 ckpt=1 alpha=0 acc mv=102
PCG_PREP o=27 rebuild=1 drift=0 previous_depth=1
ATTR_RADIUS o=27 raw_norm=19574.861286269999 norm=3225.3525896296701 radius=3225.3525896296715 next_radius=3225.3525896296715 lambda=1.0000000000000005e-07 next_lambda=1.0000000000000005e-07 rho=0.25596846439505938 accept=1
CLASSICAL_LM o=27 lambda=1.0000000000000005e-07 tau=1.0000000000000005e-07 prediction=444.11259866795046 rho=0.25596846439505938 accept=1
  MFCG it  28 cost=2.498327e+05 lam=1.000e-07 tau=0.00e+00 cg_it=0 shift=0 ckpt=1 alpha=0 acc mv=104
PCG_PREP o=28 rebuild=1 drift=0 previous_depth=1
FOLLOW_POINT o=28 mode=1 changed=64034 candidate=249724.12256050363 rho=0.25869988870352728 selected=1
ATTR_RADIUS o=28 raw_norm=19666.09450397862 norm=3225.352589629671 radius=3225.3525896296715 next_radius=3225.3525896296715 lambda=1.0000000000000005e-07 next_lambda=1.0000000000000005e-07 rho=0.25869988870352728 accept=1
CLASSICAL_LM o=28 lambda=1.0000000000000005e-07 tau=1.0000000000000005e-07 prediction=419.56043657790553 rho=0.25869988870352728 accept=1
  MFCG it  29 cost=2.497241e+05 lam=1.000e-07 tau=0.00e+00 cg_it=0 shift=0 ckpt=1 alpha=0 acc mv=106
PCG_PREP o=29 rebuild=1 drift=0 previous_depth=1
FOLLOW_POINT o=29 mode=1 changed=64028 candidate=249633.69566041697 rho=0.22683849074284437 selected=1
ATTR_RADIUS o=29 raw_norm=19726.946759379607 norm=3225.352589629671 radius=3225.3525896296715 next_radius=806.33814740741786 lambda=1.0000000000000005e-07 next_lambda=1.6000000000000008e-06 rho=0.22683849074284437 accept=1
CLASSICAL_LM o=29 lambda=1.0000000000000005e-07 tau=1.0000000000000005e-07 prediction=398.64001823735913 rho=0.22683849074284437 accept=1
  MFCG it  30 cost=2.496337e+05 lam=1.600e-06 tau=0.00e+00 cg_it=0 shift=0 ckpt=1 alpha=0 acc mv=108
PCG_PREP o=30 rebuild=1 drift=0 previous_depth=1
ATTR_RADIUS o=30 raw_norm=3653.5402925428707 norm=806.33814740741786 radius=806.33814740741786 next_radius=1612.6762948148357 lambda=1.6000000000000008e-06 next_lambda=4.0000000000000019e-07 rho=0.93285813644688731 accept=1
CLASSICAL_LM o=30 lambda=1.6000000000000008e-06 tau=1.6000000000000008e-06 prediction=491.68189617797947 rho=0.93285813644688731 accept=1
  MFCG it  31 cost=2.491750e+05 lam=4.000e-07 tau=0.00e+00 cg_it=0 shift=0 ckpt=1 alpha=0 acc mv=110
PCG_PREP o=31 rebuild=1 drift=0 previous_depth=1
ATTR_RADIUS o=31 raw_norm=11366.527720488351 norm=1612.676294814836 radius=1612.6762948148357 next_radius=1612.6762948148357 lambda=4.0000000000000019e-07 next_lambda=4.0000000000000019e-07 rho=0.70701822438825956 accept=1
CLASSICAL_LM o=31 lambda=4.0000000000000019e-07 tau=4.0000000000000019e-07 prediction=236.24926160325285 rho=0.70701822438825956 accept=1
  MFCG it  32 cost=2.490080e+05 lam=4.000e-07 tau=0.00e+00 cg_it=0 shift=0 ckpt=1 alpha=0 acc mv=112
PCG_PREP o=32 rebuild=1 drift=0 previous_depth=1
ATTR_RADIUS o=32 raw_norm=11551.52640051042 norm=1612.6762948148355 radius=1612.6762948148357 next_radius=1612.6762948148357 lambda=4.0000000000000019e-07 next_lambda=4.0000000000000019e-07 rho=0.69845757295678734 accept=1
CLASSICAL_LM o=32 lambda=4.0000000000000019e-07 tau=4.0000000000000019e-07 prediction=203.0272311597804 rho=0.69845757295678734 accept=1
  MFCG it  33 cost=2.488662e+05 lam=4.000e-07 tau=0.00e+00 cg_it=0 shift=0 ckpt=1 alpha=0 acc mv=114
PCG_PREP o=33 rebuild=1 drift=0 previous_depth=1
ATTR_RADIUS o=33 raw_norm=11754.186703128762 norm=1612.676294814835 radius=1612.6762948148357 next_radius=1612.6762948148357 lambda=4.0000000000000019e-07 next_lambda=4.0000000000000019e-07 rho=0.69057004173584291 accept=1
CLASSICAL_LM o=33 lambda=4.0000000000000019e-07 tau=4.0000000000000019e-07 prediction=176.09268050935992 rho=0.69057004173584291 accept=1
  MFCG it  34 cost=2.487446e+05 lam=4.000e-07 tau=0.00e+00 cg_it=0 shift=0 ckpt=1 alpha=0 acc mv=116
PCG_PREP o=34 rebuild=1 drift=0 previous_depth=1
ATTR_RADIUS o=34 raw_norm=11964.211417603507 norm=1612.676294814835 radius=1612.6762948148357 next_radius=1612.6762948148357 lambda=4.0000000000000019e-07 next_lambda=4.0000000000000019e-07 rho=0.68405263600161093 accept=1
CLASSICAL_LM o=34 lambda=4.0000000000000019e-07 tau=4.0000000000000019e-07 prediction=154.56697357592071 rho=0.68405263600161093 accept=1
  MFCG it  35 cost=2.486389e+05 lam=4.000e-07 tau=0.00e+00 cg_it=0 shift=0 ckpt=1 alpha=0 acc mv=118
PCG_PREP o=35 rebuild=1 drift=0 previous_depth=1
ATTR_RADIUS o=35 raw_norm=12174.612172210429 norm=1612.6762948148366 radius=1612.6762948148357 next_radius=1612.6762948148357 lambda=4.0000000000000019e-07 next_lambda=4.0000000000000019e-07 rho=0.67884185247801287 accept=1
CLASSICAL_LM o=35 lambda=4.0000000000000019e-07 tau=4.0000000000000019e-07 prediction=137.23499435887513 rho=0.67884185247801287 accept=1
  MFCG it  36 cost=2.485457e+05 lam=4.000e-07 tau=0.00e+00 cg_it=0 shift=0 ckpt=1 alpha=0 acc mv=120
PCG_PREP o=36 rebuild=1 drift=0 previous_depth=1
ATTR_RADIUS o=36 raw_norm=12378.378628451424 norm=1612.6762948148366 radius=1612.6762948148357 next_radius=1612.6762948148357 lambda=4.0000000000000019e-07 next_lambda=4.0000000000000019e-07 rho=0.6748257644934762 accept=1
CLASSICAL_LM o=36 lambda=4.0000000000000019e-07 tau=4.0000000000000019e-07 prediction=123.17528330283986 rho=0.6748257644934762 accept=1
  MFCG it  37 cost=2.484626e+05 lam=4.000e-07 tau=0.00e+00 cg_it=0 shift=0 ckpt=1 alpha=0 acc mv=122
PCG_PREP o=37 rebuild=1 drift=0 previous_depth=1
ATTR_RADIUS o=37 raw_norm=16314.227750492568 norm=1612.6762948148357 radius=1612.6762948148357 next_radius=3225.3525896296715 lambda=4.0000000000000019e-07 next_lambda=1.0000000000000005e-07 rho=0.82152992417012005 accept=1
CLASSICAL_LM o=37 lambda=4.0000000000000019e-07 tau=4.0000000000000019e-07 prediction=205.84803203268979 rho=0.82152992417012005 accept=1
  MFCG it  38 cost=2.482935e+05 lam=1.000e-07 tau=0.00e+00 cg_it=1 shift=0 ckpt=2 alpha=0 acc mv=125
PCG_PREP o=38 rebuild=1 drift=0 previous_depth=2
POINT_SAFE o=38 frozen=1119 slope=-97.485946160593585 candidate=248350.46636783477 original=248283.94475104733 current=248293.4584563465 won=0 mode=1 camera_scale=1 keep_scale=0
FOLLOW_POINT o=38 mode=1 changed=64052 candidate=248282.81496340389 rho=0.22620948348986231 selected=1
ATTR_RADIUS o=38 raw_norm=30365.808622926408 norm=1612.6762948148355 radius=3225.3525896296715 next_radius=806.33814740741786 lambda=1.0000000000000005e-07 next_lambda=1.6000000000000008e-06 rho=0.22620948348986231 accept=1
CLASSICAL_LM o=38 lambda=1.0000000000000005e-07 tau=1.0000000000000005e-07 prediction=47.051488639709191 rho=0.22620948348986231 accept=1
  MFCG it  39 cost=2.482828e+05 lam=1.600e-06 tau=0.00e+00 cg_it=0 shift=0 ckpt=1 alpha=0 acc mv=127
PCG_PREP o=39 rebuild=1 drift=0 previous_depth=1
ATTR_RADIUS o=39 raw_norm=3665.6808494168176 norm=806.33814740741798 radius=806.33814740741786 next_radius=1612.6762948148357 lambda=1.6000000000000008e-06 next_lambda=4.0000000000000019e-07 rho=0.9303497102717263 accept=1
CLASSICAL_LM o=39 lambda=1.6000000000000008e-06 tau=1.6000000000000008e-06 prediction=155.71613216716497 rho=0.9303497102717263 accept=1
  MFCG it  40 cost=2.481379e+05 lam=4.000e-07 tau=0.00e+00 cg_it=0 shift=0 ckpt=1 alpha=0 acc mv=129
PCG_PREP o=40 rebuild=1 drift=0 previous_depth=1
ATTR_RADIUS o=40 raw_norm=14278.084943968321 norm=1612.676294814836 radius=1612.6762948148357 next_radius=3225.3525896296715 lambda=4.0000000000000019e-07 next_lambda=1.0000000000000005e-07 rho=0.86039289860892498 accept=1
CLASSICAL_LM o=40 lambda=4.0000000000000019e-07 tau=4.0000000000000019e-07 prediction=193.57274510110125 rho=0.86039289860892498 accept=1
  MFCG it  41 cost=2.479714e+05 lam=1.000e-07 tau=0.00e+00 cg_it=1 shift=0 ckpt=2 alpha=0 acc mv=132
PCG_PREP o=41 rebuild=1 drift=0 previous_depth=2
POINT_SAFE o=41 frozen=538 slope=-88.825479514487498 candidate=248014.12592409004 original=247957.89071706776 current=247971.39588970831 won=0 mode=1 camera_scale=1 keep_scale=0
ATTR_RADIUS o=41 raw_norm=68778.171900742847 norm=1612.676294814836 radius=3225.3525896296715 next_radius=3225.3525896296715 lambda=1.0000000000000005e-07 next_lambda=1.0000000000000005e-08 rho=0.30805565406479096 accept=1
CLASSICAL_LM o=41 lambda=1.0000000000000005e-07 tau=1.0000000000000005e-07 prediction=43.840041441701452 rho=0.30805565406479096 accept=1
  MFCG it  42 cost=2.479579e+05 lam=1.000e-08 tau=0.00e+00 cg_it=1 shift=0 ckpt=2 alpha=0 acc mv=135
PCG_PREP o=42 rebuild=1 drift=0 previous_depth=2
POINT_SAFE o=42 frozen=109 slope=-36.496503507060055 candidate=248061.76430812053 original=247957.21029178446 current=247957.89071706776 won=0 mode=1 camera_scale=1 keep_scale=0
FOLLOW_POINT o=42 mode=1 changed=64049 candidate=247956.30378679975 rho=0.16464298433213803 selected=1
ATTR_RADIUS o=42 raw_norm=224548.28204491918 norm=806.33814740741798 radius=3225.3525896296715 next_radius=806.33814740741786 lambda=1.0000000000000005e-08 next_lambda=1.6000000000000008e-07 rho=0.16464298433213803 accept=1
CLASSICAL_LM o=42 lambda=1.0000000000000005e-08 tau=1.0000000000000005e-08 prediction=9.6386145722809111 rho=0.16464298433213803 accept=1
  MFCG it  43 cost=2.479563e+05 lam=1.600e-07 tau=0.00e+00 cg_it=1 shift=0 ckpt=2 alpha=0 acc mv=138
PCG_PREP o=43 rebuild=1 drift=0 previous_depth=2
ATTR_RADIUS o=43 raw_norm=24494.253050290354 norm=806.33814740741786 radius=806.33814740741786 next_radius=806.33814740741786 lambda=1.6000000000000008e-07 next_lambda=1.6000000000000008e-07 rho=0.59108673329756201 accept=1
CLASSICAL_LM o=43 lambda=1.6000000000000008e-07 tau=1.6000000000000008e-07 prediction=20.857718118145041 rho=0.59108673329756201 accept=1
  MFCG it  44 cost=2.479440e+05 lam=1.600e-07 tau=0.00e+00 cg_it=0 shift=0 ckpt=1 alpha=0 acc mv=140
PCG_PREP o=44 rebuild=1 drift=0 previous_depth=1
ATTR_RADIUS o=44 raw_norm=24305.74061480174 norm=806.33814740741798 radius=806.33814740741786 next_radius=806.33814740741786 lambda=1.6000000000000008e-07 next_lambda=1.6000000000000008e-07 rho=0.59292276502152841 accept=1
CLASSICAL_LM o=44 lambda=1.6000000000000008e-07 tau=1.6000000000000008e-07 prediction=20.666969793513008 rho=0.59292276502152841 accept=1
  MFCG it  45 cost=2.479317e+05 lam=1.600e-07 tau=0.00e+00 cg_it=0 shift=0 ckpt=1 alpha=0 acc mv=142
PCG_PREP o=45 rebuild=1 drift=0 previous_depth=1
ATTR_RADIUS o=45 raw_norm=24118.86093054973 norm=806.33814740741741 radius=806.33814740741786 next_radius=806.33814740741786 lambda=1.6000000000000008e-07 next_lambda=1.6000000000000008e-07 rho=0.59428229429318313 accept=1
CLASSICAL_LM o=45 lambda=1.6000000000000008e-07 tau=1.6000000000000008e-07 prediction=20.452980805821273 rho=0.59428229429318313 accept=1
  MFCG it  46 cost=2.479196e+05 lam=1.600e-07 tau=0.00e+00 cg_it=0 shift=0 ckpt=1 alpha=0 acc mv=144
PCG_PREP o=46 rebuild=1 drift=0 previous_depth=1
ATTR_RADIUS o=46 raw_norm=23930.740988614034 norm=806.33814740741775 radius=806.33814740741786 next_radius=806.33814740741786 lambda=1.6000000000000008e-07 next_lambda=1.6000000000000008e-07 rho=0.59577340024201353 accept=1
CLASSICAL_LM o=46 lambda=1.6000000000000008e-07 tau=1.6000000000000008e-07 prediction=20.245895351343734 rho=0.59577340024201353 accept=1
  MFCG it  47 cost=2.479075e+05 lam=1.600e-07 tau=0.00e+00 cg_it=0 shift=0 ckpt=1 alpha=0 acc mv=146
PCG_PREP o=47 rebuild=1 drift=0 previous_depth=1
ATTR_RADIUS o=47 raw_norm=23742.717682280305 norm=806.33814740741798 radius=806.33814740741786 next_radius=806.33814740741786 lambda=1.6000000000000008e-07 next_lambda=1.6000000000000008e-07 rho=0.59740639919387839 accept=1
CLASSICAL_LM o=47 lambda=1.6000000000000008e-07 tau=1.6000000000000008e-07 prediction=20.044724524072485 rho=0.59740639919387839 accept=1
  MFCG it  48 cost=2.478955e+05 lam=1.600e-07 tau=0.00e+00 cg_it=0 shift=0 ckpt=1 alpha=0 acc mv=148
PCG_PREP o=48 rebuild=1 drift=0 previous_depth=1
ATTR_RADIUS o=48 raw_norm=23554.650745533312 norm=806.33814740741752 radius=806.33814740741786 next_radius=806.33814740741786 lambda=1.6000000000000008e-07 next_lambda=1.6000000000000008e-07 rho=0.59916428433170943 accept=1
CLASSICAL_LM o=48 lambda=1.6000000000000008e-07 tau=1.6000000000000008e-07 prediction=19.84932194979535 rho=0.59916428433170943 accept=1
  MFCG it  49 cost=2.478836e+05 lam=1.600e-07 tau=0.00e+00 cg_it=0 shift=0 ckpt=1 alpha=0 acc mv=150
PCG_PREP o=49 rebuild=1 drift=0 previous_depth=1
ATTR_RADIUS o=49 raw_norm=23366.77496277303 norm=806.33814740741798 radius=806.33814740741786 next_radius=806.33814740741786 lambda=1.6000000000000008e-07 next_lambda=1.6000000000000008e-07 rho=0.60104489688889706 accept=1
CLASSICAL_LM o=49 lambda=1.6000000000000008e-07 tau=1.6000000000000008e-07 prediction=19.659148063923993 rho=0.60104489688889706 accept=1
  MFCG it  50 cost=2.478718e+05 lam=1.600e-07 tau=0.00e+00 cg_it=0 shift=0 ckpt=1 alpha=0 acc mv=152
PCG_PREP o=50 rebuild=1 drift=0 previous_depth=1
ATTR_RADIUS o=50 raw_norm=23179.654811936707 norm=806.33814740741775 radius=806.33814740741786 next_radius=806.33814740741786 lambda=1.6000000000000008e-07 next_lambda=1.6000000000000008e-07 rho=0.60304533175058539 accept=1
CLASSICAL_LM o=50 lambda=1.6000000000000008e-07 tau=1.6000000000000008e-07 prediction=19.473746015776289 rho=0.60304533175058539 accept=1
  MFCG it  51 cost=2.478601e+05 lam=1.600e-07 tau=0.00e+00 cg_it=0 shift=0 ckpt=1 alpha=0 acc mv=154
PCG_PREP o=51 rebuild=1 drift=0 previous_depth=1
ATTR_RADIUS o=51 raw_norm=22993.533619806898 norm=806.33814740741786 radius=806.33814740741786 next_radius=806.33814740741786 lambda=1.6000000000000008e-07 next_lambda=1.6000000000000008e-07 rho=0.6051593672489054 accept=1
CLASSICAL_LM o=51 lambda=1.6000000000000008e-07 tau=1.6000000000000008e-07 prediction=19.292794000784578 rho=0.6051593672489054 accept=1
  MFCG it  52 cost=2.478484e+05 lam=1.600e-07 tau=0.00e+00 cg_it=0 shift=0 ckpt=1 alpha=0 acc mv=156
PCG_PREP o=52 rebuild=1 drift=0 previous_depth=1
ATTR_RADIUS o=52 raw_norm=22808.699767486658 norm=806.33814740741752 radius=806.33814740741786 next_radius=806.33814740741786 lambda=1.6000000000000008e-07 next_lambda=1.6000000000000008e-07 rho=0.60738178397799625 accept=1
CLASSICAL_LM o=52 lambda=1.6000000000000008e-07 tau=1.6000000000000008e-07 prediction=19.115938964017008 rho=0.60738178397799625 accept=1
  MFCG it  53 cost=2.478368e+05 lam=1.600e-07 tau=0.00e+00 cg_it=0 shift=0 ckpt=1 alpha=0 acc mv=158
PCG_PREP o=53 rebuild=1 drift=0 previous_depth=1
ATTR_RADIUS o=53 raw_norm=22625.198699308719 norm=806.33814740741809 radius=806.33814740741786 next_radius=806.33814740741786 lambda=1.6000000000000008e-07 next_lambda=1.6000000000000008e-07 rho=0.60970983513264443 accept=1
CLASSICAL_LM o=53 lambda=1.6000000000000008e-07 tau=1.6000000000000008e-07 prediction=18.942805921879636 rho=0.60970983513264443 accept=1
  MFCG it  54 cost=2.478252e+05 lam=1.600e-07 tau=0.00e+00 cg_it=0 shift=0 ckpt=1 alpha=0 acc mv=160
PCG_PREP o=54 rebuild=1 drift=0 previous_depth=1
ATTR_RADIUS o=54 raw_norm=22443.772408222241 norm=806.33814740741752 radius=806.33814740741786 next_radius=806.33814740741786 lambda=1.6000000000000008e-07 next_lambda=1.6000000000000008e-07 rho=0.61214213599036804 accept=1
CLASSICAL_LM o=54 lambda=1.6000000000000008e-07 tau=1.6000000000000008e-07 prediction=18.773021349122473 rho=0.61214213599036804 accept=1
  MFCG it  55 cost=2.478137e+05 lam=1.600e-07 tau=0.00e+00 cg_it=0 shift=0 ckpt=1 alpha=0 acc mv=162
PCG_PREP o=55 rebuild=1 drift=0 previous_depth=1
ATTR_RADIUS o=55 raw_norm=23935.487019827317 norm=806.33814740741809 radius=806.33814740741786 next_radius=1612.6762948148357 lambda=1.6000000000000008e-07 next_lambda=4.0000000000000021e-08 rho=0.86670443714099676 accept=1
CLASSICAL_LM o=55 lambda=1.6000000000000008e-07 tau=1.6000000000000008e-07 prediction=53.068006392034512 rho=0.86670443714099676 accept=1
  MFCG it  56 cost=2.477678e+05 lam=4.000e-08 tau=0.00e+00 cg_it=1 shift=0 ckpt=2 alpha=0 acc mv=165
PCG_PREP o=56 rebuild=1 drift=0 previous_depth=2
POINT_SAFE o=56 frozen=506 slope=-24.802788105630547 candidate=247771.72030022665 original=247762.52979064954 current=247767.75536826326 won=0 mode=1 camera_scale=1 keep_scale=0
ATTR_RADIUS o=56 raw_norm=113315.23437293884 norm=806.33814740741775 radius=1612.6762948148357 next_radius=1612.6762948148357 lambda=4.0000000000000021e-08 next_lambda=4.0000000000000019e-09 rho=0.42282551509275962 accept=1
CLASSICAL_LM o=56 lambda=4.0000000000000021e-08 tau=4.0000000000000021e-08 prediction=12.358709271768495 rho=0.42282551509275962 accept=1
  MFCG it  57 cost=2.477625e+05 lam=4.000e-09 tau=0.00e+00 cg_it=1 shift=0 ckpt=2 alpha=0 acc mv=168
PCG_PREP o=57 rebuild=1 drift=0 previous_depth=2
NUMERIC_REPAIR o=57 lambda=4.0000000000000019e-09 rayleigh=-6.7394819419681629e-09 next_lambda=4.2957927767872656e-08 cg=1 rebuild=1
PCG_PREP o=57 rebuild=1 drift=0 previous_depth=1
POINT_SAFE o=57 frozen=215 slope=-18.80405911355518 candidate=247772.87829318517 original=247760.52857471528 current=247762.52979064954 won=0 mode=1 camera_scale=1 keep_scale=0
FOLLOW_POINT o=57 mode=1 changed=63902 candidate=247760.43545822054 rho=0.22485806712279466 selected=1
ATTR_RADIUS o=57 raw_norm=50928.714029410388 norm=806.33814740741809 radius=1612.6762948148357 next_radius=403.16907370370893 lambda=4.2957927767872656e-08 next_lambda=6.8732684428596249e-07 rho=0.22485806712279466 accept=1
CLASSICAL_LM o=57 lambda=4.2957927767872656e-08 tau=4.2957927767872656e-08 prediction=9.3140195315056324 rho=0.22485806712279466 accept=1
  MFCG it  58 cost=2.477604e+05 lam=6.873e-07 tau=0.00e+00 cg_it=0 shift=0 ckpt=1 alpha=0 acc mv=172
PCG_PREP o=58 rebuild=1 drift=0 previous_depth=1
ATTR_RADIUS o=58 raw_norm=6002.9598943770525 norm=403.16907370370893 radius=403.16907370370893 next_radius=806.33814740741786 lambda=6.8732684428596249e-07 next_lambda=1.7183171107149062e-07 rho=0.93118709190765625 accept=1
CLASSICAL_LM o=58 lambda=6.8732684428596249e-07 tau=6.8732684428596249e-07 prediction=30.972565006693721 rho=0.93118709190765625 accept=1
  MFCG it  59 cost=2.477316e+05 lam=1.718e-07 tau=0.00e+00 cg_it=0 shift=0 ckpt=1 alpha=0 acc mv=174
PCG_PREP o=59 rebuild=1 drift=0 previous_depth=1
ATTR_RADIUS o=59 raw_norm=20652.396723415644 norm=806.33814740741786 radius=806.33814740741786 next_radius=806.33814740741786 lambda=1.7183171107149062e-07 next_lambda=1.7183171107149062e-07 rho=0.62267858367217332 accept=1
CLASSICAL_LM o=59 lambda=1.7183171107149062e-07 tau=1.7183171107149062e-07 prediction=18.096517010320696 rho=0.62267858367217332 accept=1
  MFCG it  60 cost=2.477203e+05 lam=1.718e-07 tau=0.00e+00 cg_it=0 shift=0 ckpt=1 alpha=0 acc mv=176
PCG_PREP o=60 rebuild=1 drift=0 previous_depth=1
ATTR_RADIUS o=60 raw_norm=17655.551208969315 norm=806.33814740741798 radius=806.33814740741786 next_radius=1612.6762948148357 lambda=1.7183171107149062e-07 next_lambda=4.2957927767872656e-08 rho=0.90345883150411188 accept=1
CLASSICAL_LM o=60 lambda=1.7183171107149062e-07 tau=1.7183171107149062e-07 prediction=66.310387027821093 rho=0.90345883150411188 accept=1
  MFCG it  61 cost=2.476604e+05 lam=4.296e-08 tau=0.00e+00 cg_it=1 shift=0 ckpt=2 alpha=0 acc mv=179
PCG_PREP o=61 rebuild=1 drift=0 previous_depth=2
POINT_SAFE o=61 frozen=634 slope=-15.854306806736066 candidate=247670.85727055778 original=247659.11066692555 current=247660.41718712091 won=0 mode=1 camera_scale=1 keep_scale=0
FOLLOW_POINT o=61 mode=1 changed=64001 candidate=247659.03610248398 rho=0.17586858229729149 selected=1
ATTR_RADIUS o=61 raw_norm=53014.626292556044 norm=806.33814740741798 radius=1612.6762948148357 next_radius=403.16907370370893 lambda=4.2957927767872656e-08 next_lambda=6.8732684428596249e-07 rho=0.17586858229729149 accept=1
CLASSICAL_LM o=61 lambda=4.2957927767872656e-08 tau=4.2957927767872656e-08 prediction=7.8529355208879679 rho=0.17586858229729149 accept=1
  MFCG it  62 cost=2.476590e+05 lam=6.873e-07 tau=0.00e+00 cg_it=0 shift=0 ckpt=1 alpha=0 acc mv=181
PCG_PREP o=62 rebuild=1 drift=0 previous_depth=1
ATTR_RADIUS o=62 raw_norm=5559.2806193503193 norm=403.16907370370888 radius=403.16907370370893 next_radius=806.33814740741786 lambda=6.8732684428596249e-07 next_lambda=1.7183171107149062e-07 rho=0.99978635105760738 accept=1
CLASSICAL_LM o=62 lambda=6.8732684428596249e-07 tau=6.8732684428596249e-07 prediction=93.846916328605928 rho=0.99978635105760738 accept=1
  MFCG it  63 cost=2.475652e+05 lam=1.718e-07 tau=0.00e+00 cg_it=1 shift=0 ckpt=2 alpha=0 acc mv=184
PCG_PREP o=63 rebuild=1 drift=0 previous_depth=2
ATTR_RADIUS o=63 raw_norm=20966.460623659652 norm=806.33814740741775 radius=806.33814740741786 next_radius=806.33814740741786 lambda=1.7183171107149062e-07 next_lambda=1.7183171107149062e-07 rho=0.58065172512647412 accept=1
CLASSICAL_LM o=63 lambda=1.7183171107149062e-07 tau=1.7183171107149062e-07 prediction=14.63254328837014 rho=0.58065172512647412 accept=1
  MFCG it  64 cost=2.475567e+05 lam=1.718e-07 tau=0.00e+00 cg_it=0 shift=0 ckpt=1 alpha=0 acc mv=186
PCG_PREP o=64 rebuild=1 drift=0 previous_depth=1
ATTR_RADIUS o=64 raw_norm=20728.753781174029 norm=806.33814740741798 radius=806.33814740741786 next_radius=806.33814740741786 lambda=1.7183171107149062e-07 next_lambda=1.7183171107149062e-07 rho=0.58384495518758528 accept=1
CLASSICAL_LM o=64 lambda=1.7183171107149062e-07 tau=1.7183171107149062e-07 prediction=14.588800083706879 rho=0.58384495518758528 accept=1
  MFCG it  65 cost=2.475482e+05 lam=1.718e-07 tau=0.00e+00 cg_it=0 shift=0 ckpt=1 alpha=0 acc mv=188
PCG_PREP o=65 rebuild=1 drift=0 previous_depth=1
ATTR_RADIUS o=65 raw_norm=20490.387313005358 norm=806.33814740741832 radius=806.33814740741786 next_radius=806.33814740741786 lambda=1.7183171107149062e-07 next_lambda=1.7183171107149062e-07 rho=0.58758605256324792 accept=1
CLASSICAL_LM o=65 lambda=1.7183171107149062e-07 tau=1.7183171107149062e-07 prediction=14.54563192723429 rho=0.58758605256324792 accept=1
  MFCG it  66 cost=2.475396e+05 lam=1.718e-07 tau=0.00e+00 cg_it=0 shift=0 ckpt=1 alpha=0 acc mv=190
PCG_PREP o=66 rebuild=1 drift=0 previous_depth=1
ATTR_RADIUS o=66 raw_norm=20258.032479798152 norm=806.33814740741798 radius=806.33814740741786 next_radius=806.33814740741786 lambda=1.7183171107149062e-07 next_lambda=1.7183171107149062e-07 rho=0.59139421419771243 accept=1
CLASSICAL_LM o=66 lambda=1.7183171107149062e-07 tau=1.7183171107149062e-07 prediction=14.499771852592803 rho=0.59139421419771243 accept=1
  MFCG it  67 cost=2.475311e+05 lam=1.718e-07 tau=0.00e+00 cg_it=0 shift=0 ckpt=1 alpha=0 acc mv=192
PCG_PREP o=67 rebuild=1 drift=0 previous_depth=1
ATTR_RADIUS o=67 raw_norm=13096.764890002718 norm=806.33814740741798 radius=806.33814740741786 next_radius=1612.6762948148357 lambda=1.7183171107149062e-07 next_lambda=4.2957927767872656e-08 rho=0.93266616150918824 accept=1
CLASSICAL_LM o=67 lambda=1.7183171107149062e-07 tau=1.7183171107149062e-07 prediction=75.599544731575776 rho=0.93266616150918824 accept=1
  MFCG it  68 cost=2.474606e+05 lam=4.296e-08 tau=0.00e+00 cg_it=1 shift=0 ckpt=2 alpha=0 acc mv=195
PCG_PREP o=68 rebuild=1 drift=0 previous_depth=2
POINT_SAFE o=68 frozen=441 slope=-12.18457603009845 candidate=247471.16687307903 original=247460.14621740661 current=247460.56419879169 won=0 mode=1 camera_scale=1 keep_scale=0
FOLLOW_POINT o=68 mode=1 changed=64032 candidate=247460.07053807893 rho=0.081810035471541101 selected=0
ATTR_RADIUS o=68 raw_norm=54690.764151776253 norm=806.33814740741718 radius=1612.6762948148357 next_radius=403.16907370370893 lambda=4.2957927767872656e-08 next_lambda=6.8732684428596249e-07 rho=0.069120237586684341 accept=0
CLASSICAL_LM o=68 lambda=4.2957927767872656e-08 tau=4.2957927767872656e-08 prediction=6.0471636046469381 rho=0.069120237586684341 accept=0
  MFCG it  69  retry 1/8  lam=6.873e-07 tau_eff=4.296e-08  (assembly reused)
PCG_PREP o=68 rebuild=1 drift=0 previous_depth=1
ATTR_RADIUS o=68 raw_norm=5536.9228531497611 norm=403.16907370370888 radius=403.16907370370893 next_radius=806.33814740741786 lambda=6.8732684428596249e-07 next_lambda=1.7183171107149062e-07 rho=1.0031570133188144 accept=1
CLASSICAL_LM o=68 lambda=6.8732684428596249e-07 tau=6.8732684428596249e-07 prediction=79.022123271797852 rho=1.0031570133188144 accept=1
  MFCG it  69 cost=2.473813e+05 lam=1.718e-07 tau=0.00e+00 cg_it=1 shift=0 ckpt=2 alpha=0 acc mv=200
PCG_PREP o=69 rebuild=1 drift=0 previous_depth=2
ATTR_RADIUS o=69 raw_norm=20965.172713468066 norm=806.33814740741775 radius=806.33814740741786 next_radius=806.33814740741786 lambda=1.7183171107149062e-07 next_lambda=1.7183171107149062e-07 rho=0.54338762250535744 accept=1
CLASSICAL_LM o=69 lambda=1.7183171107149062e-07 tau=1.7183171107149062e-07 prediction=11.177568936152115 rho=0.54338762250535744 accept=1
  MFCG it  70 cost=2.473752e+05 lam=1.718e-07 tau=0.00e+00 cg_it=0 shift=0 ckpt=1 alpha=0 acc mv=202
PCG_PREP o=70 rebuild=1 drift=0 previous_depth=1
ATTR_RADIUS o=70 raw_norm=20651.035980478882 norm=806.33814740741764 radius=806.33814740741786 next_radius=806.33814740741786 lambda=1.7183171107149062e-07 next_lambda=1.7183171107149062e-07 rho=0.54710150101379296 accept=1
CLASSICAL_LM o=70 lambda=1.7183171107149062e-07 tau=1.7183171107149062e-07 prediction=11.24070352096564 rho=0.54710150101379296 accept=1
  MFCG it  71 cost=2.473691e+05 lam=1.718e-07 tau=0.00e+00 cg_it=0 shift=0 ckpt=1 alpha=0 acc mv=204
PCG_PREP o=71 rebuild=1 drift=0 previous_depth=1
ATTR_RADIUS o=71 raw_norm=20337.128974226842 norm=806.33814740741786 radius=806.33814740741786 next_radius=806.33814740741786 lambda=1.7183171107149062e-07 next_lambda=1.7183171107149062e-07 rho=0.55125981049767847 accept=1
CLASSICAL_LM o=71 lambda=1.7183171107149062e-07 tau=1.7183171107149062e-07 prediction=11.29853827511471 rho=0.55125981049767847 accept=1
  MFCG it  72 cost=2.473628e+05 lam=1.718e-07 tau=0.00e+00 cg_it=0 shift=0 ckpt=1 alpha=0 acc mv=206
PCG_PREP o=72 rebuild=1 drift=0 previous_depth=1
ATTR_RADIUS o=72 raw_norm=20032.225876286971 norm=806.33814740741832 radius=806.33814740741786 next_radius=806.33814740741786 lambda=1.7183171107149062e-07 next_lambda=1.7183171107149062e-07 rho=0.55553592346901881 accept=1
CLASSICAL_LM o=72 lambda=1.7183171107149062e-07 tau=1.7183171107149062e-07 prediction=11.351271659843864 rho=0.55553592346901881 accept=1
  MFCG it  73 cost=2.473565e+05 lam=1.718e-07 tau=0.00e+00 cg_it=0 shift=0 ckpt=1 alpha=0 acc mv=208
PCG_PREP o=73 rebuild=1 drift=0 previous_depth=1
ATTR_RADIUS o=73 raw_norm=19736.711525613944 norm=806.33814740741775 radius=806.33814740741786 next_radius=806.33814740741786 lambda=1.7183171107149062e-07 next_lambda=1.7183171107149062e-07 rho=0.55991647478786921 accept=1
CLASSICAL_LM o=73 lambda=1.7183171107149062e-07 tau=1.7183171107149062e-07 prediction=11.398446215148045 rho=0.55991647478786921 accept=1
  MFCG it  74 cost=2.473502e+05 lam=1.718e-07 tau=0.00e+00 cg_it=0 shift=0 ckpt=1 alpha=0 acc mv=210
PCG_PREP o=74 rebuild=1 drift=0 previous_depth=1
ATTR_RADIUS o=74 raw_norm=9356.1789310074309 norm=806.33814740741775 radius=806.33814740741786 next_radius=1612.6762948148357 lambda=1.7183171107149062e-07 next_lambda=4.2957927767872656e-08 rho=0.96100177527407171 accept=1
CLASSICAL_LM o=74 lambda=1.7183171107149062e-07 tau=1.7183171107149062e-07 prediction=86.623966811637402 rho=0.96100177527407171 accept=1
  MFCG it  75 cost=2.472669e+05 lam=4.296e-08 tau=0.00e+00 cg_it=1 shift=0 ckpt=2 alpha=0 acc mv=213
PCG_PREP o=75 rebuild=1 drift=0 previous_depth=2
POINT_SAFE o=75 frozen=415 slope=-9.343034685056324 candidate=247276.55906237889 original=247266.88975767346 current=247266.90661028321 won=0 mode=1 camera_scale=1 keep_scale=0
FOLLOW_POINT o=75 mode=1 changed=64045 candidate=247266.81244281531 rho=0.020362264383756167 selected=0
ATTR_RADIUS o=75 raw_norm=55054.922783303751 norm=806.33814740741764 radius=1612.6762948148357 next_radius=403.16907370370893 lambda=4.2957927767872656e-08 next_lambda=6.8732684428596249e-07 rho=0.0036376418880469624 accept=0
CLASSICAL_LM o=75 lambda=4.2957927767872656e-08 tau=4.2957927767872656e-08 prediction=4.6328391506547657 rho=0.0036376418880469624 accept=0
  MFCG it  76  retry 1/8  lam=6.873e-07 tau_eff=4.296e-08  (assembly reused)
PCG_PREP o=75 rebuild=1 drift=0 previous_depth=1
ATTR_RADIUS o=75 raw_norm=5616.6423703919563 norm=403.16907370370888 radius=403.16907370370893 next_radius=806.33814740741786 lambda=6.8732684428596249e-07 next_lambda=1.7183171107149062e-07 rho=1.0043949006055459 accept=1
CLASSICAL_LM o=75 lambda=6.8732684428596249e-07 tau=6.8732684428596249e-07 prediction=62.936682306395582 rho=1.0043949006055459 accept=1
  MFCG it  76 cost=2.472037e+05 lam=1.718e-07 tau=0.00e+00 cg_it=1 shift=0 ckpt=2 alpha=0 acc mv=218
PCG_PREP o=76 rebuild=1 drift=0 previous_depth=2
ATTR_RADIUS o=76 raw_norm=20331.61403757138 norm=806.33814740741786 radius=806.33814740741786 next_radius=806.33814740741786 lambda=1.7183171107149062e-07 next_lambda=1.7183171107149062e-07 rho=0.51492393645227885 accept=1
CLASSICAL_LM o=76 lambda=1.7183171107149062e-07 tau=1.7183171107149062e-07 prediction=8.5123542783147688 rho=0.51492393645227885 accept=1
  MFCG it  77 cost=2.471993e+05 lam=1.718e-07 tau=0.00e+00 cg_it=0 shift=0 ckpt=1 alpha=0 acc mv=220
PCG_PREP o=77 rebuild=1 drift=0 previous_depth=1
ATTR_RADIUS o=77 raw_norm=19961.098850354301 norm=806.33814740741764 radius=806.33814740741786 next_radius=806.33814740741786 lambda=1.7183171107149062e-07 next_lambda=1.7183171107149062e-07 rho=0.51823846662485218 accept=1
CLASSICAL_LM o=77 lambda=1.7183171107149062e-07 tau=1.7183171107149062e-07 prediction=8.6319247620738633 rho=0.51823846662485218 accept=1
  MFCG it  78 cost=2.471948e+05 lam=1.718e-07 tau=0.00e+00 cg_it=0 shift=0 ckpt=1 alpha=0 acc mv=222
PCG_PREP o=78 rebuild=1 drift=0 previous_depth=1
ATTR_RADIUS o=78 raw_norm=19593.47424122399 norm=806.33814740741821 radius=806.33814740741786 next_radius=806.33814740741786 lambda=1.7183171107149062e-07 next_lambda=1.7183171107149062e-07 rho=0.5218729974623354 accept=1
CLASSICAL_LM o=78 lambda=1.7183171107149062e-07 tau=1.7183171107149062e-07 prediction=8.7410441152048701 rho=0.5218729974623354 accept=1
  MFCG it  79 cost=2.471903e+05 lam=1.718e-07 tau=0.00e+00 cg_it=0 shift=0 ckpt=1 alpha=0 acc mv=224
PCG_PREP o=79 rebuild=1 drift=0 previous_depth=1
ATTR_RADIUS o=79 raw_norm=19237.37300075133 norm=806.33814740741764 radius=806.33814740741786 next_radius=806.33814740741786 lambda=1.7183171107149062e-07 next_lambda=1.7183171107149062e-07 rho=0.52580262526231047 accept=1
CLASSICAL_LM o=79 lambda=1.7183171107149062e-07 tau=1.7183171107149062e-07 prediction=8.8454394940289465 rho=0.52580262526231047 accept=1
  MFCG it  80 cost=2.471856e+05 lam=1.718e-07 tau=0.00e+00 cg_it=0 shift=0 ckpt=1 alpha=0 acc mv=226
PCG_PREP o=80 rebuild=1 drift=0 previous_depth=1
ATTR_RADIUS o=80 raw_norm=18892.508603093349 norm=806.33814740741752 radius=806.33814740741786 next_radius=806.33814740741786 lambda=1.7183171107149062e-07 next_lambda=1.7183171107149062e-07 rho=0.52996885604210053 accept=1
CLASSICAL_LM o=80 lambda=1.7183171107149062e-07 tau=1.7183171107149062e-07 prediction=8.9446298445669594 rho=0.52996885604210053 accept=1
  MFCG it  81 cost=2.471809e+05 lam=1.718e-07 tau=0.00e+00 cg_it=0 shift=0 ckpt=1 alpha=0 acc mv=228
PCG_PREP o=81 rebuild=1 drift=0 previous_depth=1
ATTR_RADIUS o=81 raw_norm=18558.952343008135 norm=806.33814740741786 radius=806.33814740741786 next_radius=806.33814740741786 lambda=1.7183171107149062e-07 next_lambda=1.7183171107149062e-07 rho=0.53436229683195891 accept=1
CLASSICAL_LM o=81 lambda=1.7183171107149062e-07 tau=1.7183171107149062e-07 prediction=9.0380228696369898 rho=0.53436229683195891 accept=1
  MFCG it  82 cost=2.471761e+05 lam=1.718e-07 tau=0.00e+00 cg_it=0 shift=0 ckpt=1 alpha=0 acc mv=230
PCG_PREP o=82 rebuild=1 drift=0 previous_depth=1
ATTR_RADIUS o=82 raw_norm=21973.510459185065 norm=806.33814740741775 radius=806.33814740741786 next_radius=1612.6762948148357 lambda=1.7183171107149062e-07 next_lambda=4.2957927767872656e-08 rho=0.88211937505700022 accept=1
CLASSICAL_LM o=82 lambda=1.7183171107149062e-07 tau=1.7183171107149062e-07 prediction=34.554620619432889 rho=0.88211937505700022 accept=1
  MFCG it  83 cost=2.471456e+05 lam=4.296e-08 tau=0.00e+00 cg_it=2 shift=0 ckpt=3 alpha=0 acc mv=234
PCG_PREP o=83 rebuild=1 drift=0 previous_depth=3
POINT_SAFE o=83 frozen=252 slope=-8.2406523328176995 candidate=247155.37916117933 original=247144.62609251292 current=247145.57279263451 won=0 mode=1 camera_scale=1 keep_scale=0
ATTR_RADIUS o=83 raw_norm=51151.532002082611 norm=403.16907370370916 radius=1612.6762948148357 next_radius=1612.6762948148357 lambda=4.2957927767872656e-08 next_lambda=4.2957927767872656e-08 rho=0.46103452383288462 accept=1
CLASSICAL_LM o=83 lambda=4.2957927767872656e-08 tau=4.2957927767872656e-08 prediction=2.0534256604596095 rho=0.46103452383288462 accept=1
  MFCG it  84 cost=2.471446e+05 lam=4.296e-08 tau=0.00e+00 cg_it=0 shift=0 ckpt=1 alpha=0 acc mv=236
PCG_PREP o=84 rebuild=1 drift=0 previous_depth=1
POINT_SAFE o=84 frozen=244 slope=-8.2552824230528934 candidate=247154.48943524074 original=247143.68096518802 current=247144.62609251292 won=0 mode=1 camera_scale=1 keep_scale=0
ATTR_RADIUS o=84 raw_norm=50762.245485442822 norm=403.16907370370905 radius=1612.6762948148357 next_radius=1612.6762948148357 lambda=4.2957927767872656e-08 next_lambda=4.2957927767872656e-08 rho=0.45942333547960862 accept=1
CLASSICAL_LM o=84 lambda=4.2957927767872656e-08 tau=4.2957927767872656e-08 prediction=2.0572035678444718 rho=0.45942333547960862 accept=1
  MFCG it  85 cost=2.471437e+05 lam=4.296e-08 tau=0.00e+00 cg_it=0 shift=0 ckpt=1 alpha=0 acc mv=238
PCG_PREP o=85 rebuild=1 drift=0 previous_depth=1
POINT_SAFE o=85 frozen=244 slope=-8.2741663135626737 candidate=247153.59678108987 original=247142.73630662996 current=247143.68096518802 won=0 mode=1 camera_scale=1 keep_scale=0
ATTR_RADIUS o=85 raw_norm=50376.091211504718 norm=403.1690737037091 radius=1612.6762948148357 next_radius=1612.6762948148357 lambda=4.2957927767872656e-08 next_lambda=4.2957927767872656e-08 rho=0.45813671922952154 accept=1
CLASSICAL_LM o=85 lambda=4.2957927767872656e-08 tau=4.2957927767872656e-08 prediction=2.0619577484374361 rho=0.45813671922952154 accept=1
  MFCG it  86 cost=2.471427e+05 lam=4.296e-08 tau=0.00e+00 cg_it=0 shift=0 ckpt=1 alpha=0 acc mv=240
PCG_PREP o=86 rebuild=1 drift=0 previous_depth=1
POINT_SAFE o=86 frozen=238 slope=-8.2959118809526071 candidate=247152.70177092851 original=247141.79138007699 current=247142.73630662996 won=0 mode=1 camera_scale=1 keep_scale=0
ATTR_RADIUS o=86 raw_norm=49982.216288084688 norm=403.16907370370916 radius=1612.6762948148357 next_radius=1612.6762948148357 lambda=4.2957927767872656e-08 next_lambda=4.2957927767872656e-08 rho=0.4570653881014855 accept=1
CLASSICAL_LM o=86 lambda=4.2957927767872656e-08 tau=4.2957927767872656e-08 prediction=2.067377179650836 rho=0.4570653881014855 accept=1
  MFCG it  87 cost=2.471418e+05 lam=4.296e-08 tau=0.00e+00 cg_it=0 shift=0 ckpt=1 alpha=0 acc mv=242
PCG_PREP o=87 rebuild=1 drift=0 previous_depth=1
POINT_SAFE o=87 frozen=247 slope=-8.3199491162592007 candidate=247151.80434257584 original=247140.84559838544 current=247141.79138007699 won=0 mode=1 camera_scale=1 keep_scale=0
ATTR_RADIUS o=87 raw_norm=49613.597926893541 norm=403.16907370370899 radius=1612.6762948148357 next_radius=1612.6762948148357 lambda=4.2957927767872656e-08 next_lambda=4.2957927767872656e-08 rho=0.45616286867237515 accept=1
CLASSICAL_LM o=87 lambda=4.2957927767872656e-08 tau=4.2957927767872656e-08 prediction=2.0733421251612585 rho=0.45616286867237515 accept=1
  MFCG it  88 cost=2.471408e+05 lam=4.296e-08 tau=0.00e+00 cg_it=0 shift=0 ckpt=1 alpha=0 acc mv=244
PCG_PREP o=88 rebuild=1 drift=0 previous_depth=1
POINT_SAFE o=88 frozen=244 slope=-8.345431167098976 candidate=247150.89462714735 original=247139.89800244739 current=247140.84559838544 won=0 mode=1 camera_scale=1 keep_scale=0
ATTR_RADIUS o=88 raw_norm=49227.808490692827 norm=403.16907370370876 radius=1612.6762948148357 next_radius=1612.6762948148357 lambda=4.2957927767872656e-08 next_lambda=4.2957927767872656e-08 rho=0.4556521692283822 accept=1
CLASSICAL_LM o=88 lambda=4.2957927767872656e-08 tau=4.2957927767872656e-08 prediction=2.0796475953474487 rho=0.4556521692283822 accept=1
  MFCG it  89 cost=2.471399e+05 lam=4.296e-08 tau=0.00e+00 cg_it=0 shift=0 ckpt=1 alpha=0 acc mv=246
PCG_PREP o=89 rebuild=1 drift=0 previous_depth=1
POINT_SAFE o=89 frozen=237 slope=-8.3725135168371114 candidate=247149.98811298909 original=247138.94855878997 current=247139.89800244739 won=0 mode=1 camera_scale=1 keep_scale=0
ATTR_RADIUS o=89 raw_norm=48822.986577025411 norm=403.16907370370893 radius=1612.6762948148357 next_radius=1612.6762948148357 lambda=4.2957927767872656e-08 next_lambda=4.2957927767872656e-08 rho=0.45507629589711845 accept=1
CLASSICAL_LM o=89 lambda=4.2957927767872656e-08 tau=4.2957927767872656e-08 prediction=2.086339512685794 rho=0.45507629589711845 accept=1
  MFCG it  90 cost=2.471389e+05 lam=4.296e-08 tau=0.00e+00 cg_it=0 shift=0 ckpt=1 alpha=0 acc mv=248
PCG_PREP o=90 rebuild=1 drift=0 previous_depth=1
POINT_SAFE o=90 frozen=242 slope=-8.4006356025680446 candidate=247149.07248805603 original=247137.99662789758 current=247138.94855878997 won=0 mode=1 camera_scale=1 keep_scale=0
ATTR_RADIUS o=90 raw_norm=48450.091691438283 norm=403.16907370370888 radius=1612.6762948148357 next_radius=1612.6762948148357 lambda=4.2957927767872656e-08 next_lambda=4.2957927767872656e-08 rho=0.45475483269862821 accept=1
CLASSICAL_LM o=90 lambda=4.2957927767872656e-08 tau=4.2957927767872656e-08 prediction=2.0932837299228559 rho=0.45475483269862821 accept=1
  MFCG: converged (OCA_FTOL: 8 outers < 1.0e-05 rel)
  [menu-backtrack] confirming stop with original retry policy at outer 91
  MFCG it  91 cost=2.471380e+05 lam=4.296e-08 tau=0.00e+00 cg_it=0 shift=0 ckpt=1 alpha=0 acc mv=250
PCG_PREP o=91 rebuild=1 drift=0 previous_depth=1
FOLLOW_POINT o=91 mode=1 changed=62027 candidate=247147.72673105451 rho=-1 selected=0
ATTR_RADIUS o=91 raw_norm=48051.246119087366 norm=1612.676294814836 radius=1612.6762948148357 next_radius=403.16907370370893 lambda=4.2957927767872656e-08 next_lambda=6.8732684428596249e-07 rho=-1 accept=0
CLASSICAL_LM o=91 lambda=4.2957927767872656e-08 tau=4.2957927767872656e-08 prediction=8.3190083769434864 rho=-1 accept=0
  MFCG it  92  retry 1/8  lam=6.873e-07 tau_eff=4.296e-08  (assembly reused)
PCG_PREP o=91 rebuild=1 drift=0 previous_depth=1
ATTR_RADIUS o=91 raw_norm=5714.3860017038996 norm=403.16907370370899 radius=403.16907370370893 next_radius=806.33814740741786 lambda=6.8732684428596249e-07 next_lambda=1.7183171107149062e-07 rho=1.0030741808383499 accept=1
CLASSICAL_LM o=91 lambda=6.8732684428596249e-07 tau=6.8732684428596249e-07 prediction=53.100062576421145 rho=1.0030741808383499 accept=1
  [menu-backtrack] rearmed after meaningful confirmation progress at outer 92
  MFCG it  92 cost=2.470847e+05 lam=1.718e-07 tau=0.00e+00 cg_it=1 shift=0 ckpt=2 alpha=0 acc mv=255
PCG_PREP o=92 rebuild=1 drift=0 previous_depth=2
ATTR_RADIUS o=92 raw_norm=16564.512448845177 norm=806.33814740741718 radius=806.33814740741786 next_radius=806.33814740741786 lambda=1.7183171107149062e-07 next_lambda=1.7183171107149062e-07 rho=0.53187015029061435 accept=1
CLASSICAL_LM o=92 lambda=1.7183171107149062e-07 tau=1.7183171107149062e-07 prediction=8.6743369154026677 rho=0.53187015029061435 accept=1
  MFCG it  93 cost=2.470801e+05 lam=1.718e-07 tau=0.00e+00 cg_it=0 shift=0 ckpt=1 alpha=0 acc mv=257
PCG_PREP o=93 rebuild=1 drift=0 previous_depth=1
ATTR_RADIUS o=93 raw_norm=16295.830458496135 norm=806.33814740741786 radius=806.33814740741786 next_radius=806.33814740741786 lambda=1.7183171107149062e-07 next_lambda=1.7183171107149062e-07 rho=0.53714676011515017 accept=1
CLASSICAL_LM o=93 lambda=1.7183171107149062e-07 tau=1.7183171107149062e-07 prediction=8.7475603405216642 rho=0.53714676011515017 accept=1
  MFCG it  94 cost=2.470754e+05 lam=1.718e-07 tau=0.00e+00 cg_it=0 shift=0 ckpt=1 alpha=0 acc mv=259
PCG_PREP o=94 rebuild=1 drift=0 previous_depth=1
ATTR_RADIUS o=94 raw_norm=16029.809140476465 norm=806.33814740741798 radius=806.33814740741786 next_radius=806.33814740741786 lambda=1.7183171107149062e-07 next_lambda=1.7183171107149062e-07 rho=0.54216039486212841 accept=1
CLASSICAL_LM o=94 lambda=1.7183171107149062e-07 tau=1.7183171107149062e-07 prediction=8.8008910628938359 rho=0.54216039486212841 accept=1
  MFCG it  95 cost=2.470706e+05 lam=1.718e-07 tau=0.00e+00 cg_it=0 shift=0 ckpt=1 alpha=0 acc mv=261
PCG_PREP o=95 rebuild=1 drift=0 previous_depth=1
ATTR_RADIUS o=95 raw_norm=15773.335799460727 norm=806.33814740741798 radius=806.33814740741786 next_radius=806.33814740741786 lambda=1.7183171107149062e-07 next_lambda=1.7183171107149062e-07 rho=0.54727952204412356 accept=1
CLASSICAL_LM o=95 lambda=1.7183171107149062e-07 tau=1.7183171107149062e-07 prediction=8.8473513916701609 rho=0.54727952204412356 accept=1
  MFCG it  96 cost=2.470658e+05 lam=1.718e-07 tau=0.00e+00 cg_it=0 shift=0 ckpt=1 alpha=0 acc mv=263
PCG_PREP o=96 rebuild=1 drift=0 previous_depth=1
ATTR_RADIUS o=96 raw_norm=15525.981896112375 norm=806.33814740741798 radius=806.33814740741786 next_radius=806.33814740741786 lambda=1.7183171107149062e-07 next_lambda=1.7183171107149062e-07 rho=0.55246674510874305 accept=1
CLASSICAL_LM o=96 lambda=1.7183171107149062e-07 tau=1.7183171107149062e-07 prediction=8.8869647534785212 rho=0.55246674510874305 accept=1
  MFCG it  97 cost=2.470609e+05 lam=1.718e-07 tau=0.00e+00 cg_it=0 shift=0 ckpt=1 alpha=0 acc mv=265
PCG_PREP o=97 rebuild=1 drift=0 previous_depth=1
ATTR_RADIUS o=97 raw_norm=15288.465344066803 norm=806.33814740741752 radius=806.33814740741786 next_radius=806.33814740741786 lambda=1.7183171107149062e-07 next_lambda=1.7183171107149062e-07 rho=0.55774433734831674 accept=1
CLASSICAL_LM o=97 lambda=1.7183171107149062e-07 tau=1.7183171107149062e-07 prediction=8.9193145899237329 rho=0.55774433734831674 accept=1
  MFCG it  98 cost=2.470559e+05 lam=1.718e-07 tau=0.00e+00 cg_it=0 shift=0 ckpt=1 alpha=0 acc mv=267
PCG_PREP o=98 rebuild=1 drift=0 previous_depth=1
ATTR_RADIUS o=98 raw_norm=15059.453448993947 norm=806.33814740741775 radius=806.33814740741786 next_radius=806.33814740741786 lambda=1.7183171107149062e-07 next_lambda=1.7183171107149062e-07 rho=0.56304007410992662 accept=1
CLASSICAL_LM o=98 lambda=1.7183171107149062e-07 tau=1.7183171107149062e-07 prediction=8.9449879588496657 rho=0.56304007410992662 accept=1
  MFCG it  99 cost=2.470509e+05 lam=1.718e-07 tau=0.00e+00 cg_it=0 shift=0 ckpt=1 alpha=0 acc mv=269
PCG_PREP o=99 rebuild=1 drift=0 previous_depth=1
ATTR_RADIUS o=99 raw_norm=17292.670893023293 norm=806.33814740741775 radius=806.33814740741786 next_radius=1612.6762948148357 lambda=1.7183171107149062e-07 next_lambda=4.2957927767872656e-08 rho=0.90120661593633966 accept=1
CLASSICAL_LM o=99 lambda=1.7183171107149062e-07 tau=1.7183171107149062e-07 prediction=36.610350781196431 rho=0.90120661593633966 accept=1
  MFCG it 100 cost=2.470179e+05 lam=4.296e-08 tau=0.00e+00 cg_it=2 shift=0 ckpt=3 alpha=0 acc mv=273
PCG_PREP o=100 rebuild=1 drift=0 previous_depth=3
POINT_SAFE o=100 frozen=269 slope=-7.2714953504053668 candidate=247027.31037990711 original=247017.09872815243 current=247017.89318602096 won=0 mode=1 camera_scale=1 keep_scale=0
ATTR_RADIUS o=100 raw_norm=43656.018862837125 norm=403.16907370370893 radius=1612.6762948148357 next_radius=1612.6762948148357 lambda=4.2957927767872656e-08 next_lambda=4.2957927767872656e-08 rho=0.43874423583756972 accept=1
CLASSICAL_LM o=100 lambda=4.2957927767872656e-08 tau=4.2957927767872656e-08 prediction=1.8107539738060729 rho=0.43874423583756972 accept=1
  MFCG it 101 cost=2.470171e+05 lam=4.296e-08 tau=0.00e+00 cg_it=0 shift=0 ckpt=1 alpha=0 acc mv=275
PCG_PREP o=101 rebuild=1 drift=0 previous_depth=1
POINT_SAFE o=101 frozen=257 slope=-7.2989302885498857 candidate=247026.54988315975 original=247016.30207439474 current=247017.09872815243 won=0 mode=1 camera_scale=1 keep_scale=0
ATTR_RADIUS o=101 raw_norm=43277.487652978598 norm=403.16907370370899 radius=1612.6762948148357 next_radius=1612.6762948148357 lambda=4.2957927767872656e-08 next_lambda=4.2957927767872656e-08 rho=0.43825772921282052 accept=1
CLASSICAL_LM o=101 lambda=4.2957927767872656e-08 tau=4.2957927767872656e-08 prediction=1.8177745755166523 rho=0.43825772921282052 accept=1
  MFCG it 102 cost=2.470163e+05 lam=4.296e-08 tau=0.00e+00 cg_it=0 shift=0 ckpt=1 alpha=0 acc mv=277
PCG_PREP o=102 rebuild=1 drift=0 previous_depth=1
POINT_SAFE o=102 frozen=271 slope=-7.3310152663287278 candidate=247025.7767792595 original=247015.50169186178 current=247016.30207439474 won=0 mode=1 camera_scale=1 keep_scale=0
ATTR_RADIUS o=102 raw_norm=42940.195712496272 norm=403.16907370370888 radius=1612.6762948148357 next_radius=1612.6762948148357 lambda=4.2957927767872656e-08 next_lambda=4.2957927767872656e-08 rho=0.43836469639086534 accept=1
CLASSICAL_LM o=102 lambda=4.2957927767872656e-08 tau=4.2957927767872656e-08 prediction=1.8258371158874132 rho=0.43836469639086534 accept=1
  MFCG it 103 cost=2.470155e+05 lam=4.296e-08 tau=0.00e+00 cg_it=0 shift=0 ckpt=1 alpha=0 acc mv=279
PCG_PREP o=103 rebuild=1 drift=0 previous_depth=1
POINT_SAFE o=103 frozen=266 slope=-7.3665173918958686 candidate=247025.00494414088 original=247014.69717381752 current=247015.50169186178 won=0 mode=1 camera_scale=1 keep_scale=0
ATTR_RADIUS o=103 raw_norm=42544.290449905806 norm=403.16907370370876 radius=1612.6762948148357 next_radius=1612.6762948148357 lambda=4.2957927767872656e-08 next_lambda=4.2957927767872656e-08 rho=0.43850566012367082 accept=1
CLASSICAL_LM o=103 lambda=4.2957927767872656e-08 tau=4.2957927767872656e-08 prediction=1.8346810940363725 rho=0.43850566012367082 accept=1
  MFCG it 104 cost=2.470147e+05 lam=4.296e-08 tau=0.00e+00 cg_it=0 shift=0 ckpt=1 alpha=0 acc mv=281
PCG_PREP o=104 rebuild=1 drift=0 previous_depth=1
POINT_SAFE o=104 frozen=263 slope=-7.4040998551529285 candidate=247024.22446689289 original=247013.88783200824 current=247014.69717381752 won=0 mode=1 camera_scale=1 keep_scale=0
ATTR_RADIUS o=104 raw_norm=42172.685591590533 norm=403.16907370370905 radius=1612.6762948148357 next_radius=1612.6762948148357 lambda=4.2957927767872656e-08 next_lambda=4.2957927767872656e-08 rho=0.4389046674729507 accept=1
CLASSICAL_LM o=104 lambda=4.2957927767872656e-08 tau=4.2957927767872656e-08 prediction=1.8440036510335629 rho=0.4389046674729507 accept=1
  MFCG it 105 cost=2.470139e+05 lam=4.296e-08 tau=0.00e+00 cg_it=0 shift=0 ckpt=1 alpha=0 acc mv=283
PCG_PREP o=105 rebuild=1 drift=0 previous_depth=1
POINT_SAFE o=105 frozen=266 slope=-7.4430752378627298 candidate=247023.433807166 original=247013.07306221934 current=247013.88783200824 won=0 mode=1 camera_scale=1 keep_scale=0
ATTR_RADIUS o=105 raw_norm=41791.335749752143 norm=403.16907370370888 radius=1612.6762948148357 next_radius=1612.6762948148357 lambda=4.2957927767872656e-08 next_lambda=4.2957927767872656e-08 rho=0.43954851839112957 accept=1
CLASSICAL_LM o=105 lambda=4.2957927767872656e-08 tau=4.2957927767872656e-08 prediction=1.8536515420173125 rho=0.43954851839112957 accept=1
  MFCG it 106 cost=2.470131e+05 lam=4.296e-08 tau=0.00e+00 cg_it=0 shift=0 ckpt=1 alpha=0 acc mv=285
PCG_PREP o=106 rebuild=1 drift=0 previous_depth=1
POINT_SAFE o=106 frozen=264 slope=-7.4831727442978906 candidate=247022.63451293751 original=247012.25244494769 current=247013.07306221934 won=0 mode=1 camera_scale=1 keep_scale=0
ATTR_RADIUS o=106 raw_norm=41446.028782662295 norm=403.16907370370876 radius=1612.6762948148357 next_radius=1612.6762948148357 lambda=4.2957927767872656e-08 next_lambda=4.2957927767872656e-08 rho=0.44034983951633871 accept=1
CLASSICAL_LM o=106 lambda=4.2957927767872656e-08 tau=4.2957927767872656e-08 prediction=1.8635575581151362 rho=0.44034983951633871 accept=1
  MFCG it 107 cost=2.470123e+05 lam=4.296e-08 tau=0.00e+00 cg_it=0 shift=0 ckpt=1 alpha=0 acc mv=287
PCG_PREP o=107 rebuild=1 drift=0 previous_depth=1
POINT_SAFE o=107 frozen=265 slope=-7.5238895903105441 candidate=247021.82207486997 original=247011.42541775407 current=247012.25244494769 won=0 mode=1 camera_scale=1 keep_scale=0
ATTR_RADIUS o=107 raw_norm=41103.152027680539 norm=403.1690737037091 radius=1612.6762948148357 next_radius=1612.6762948148357 lambda=4.2957927767872656e-08 next_lambda=4.2957927767872656e-08 rho=0.44140896097729104 accept=1
CLASSICAL_LM o=107 lambda=4.2957927767872656e-08 tau=4.2957927767872656e-08 prediction=1.8736076218045272 rho=0.44140896097729104 accept=1
  MFCG: converged (OCA_FTOL: 8 outers < 1.0e-05 rel)
  [menu-backtrack] confirming stop with original retry policy at outer 108
  MFCG it 108 cost=2.470114e+05 lam=4.296e-08 tau=0.00e+00 cg_it=0 shift=0 ckpt=1 alpha=0 acc mv=289
PCG_PREP o=108 rebuild=1 drift=0 previous_depth=1
FOLLOW_POINT o=108 mode=1 changed=61981 candidate=247020.57037581326 rho=-1 selected=0
ATTR_RADIUS o=108 raw_norm=40724.357724865084 norm=1612.6762948148355 radius=1612.6762948148357 next_radius=403.16907370370893 lambda=4.2957927767872656e-08 next_lambda=6.8732684428596249e-07 rho=-1 accept=0
CLASSICAL_LM o=108 lambda=4.2957927767872656e-08 tau=4.2957927767872656e-08 prediction=7.4459386428525001 rho=-1 accept=0
  MFCG it 109  retry 1/8  lam=6.873e-07 tau_eff=4.296e-08  (assembly reused)
PCG_PREP o=108 rebuild=1 drift=0 previous_depth=1
ATTR_RADIUS o=108 raw_norm=5663.281778863251 norm=403.16907370370888 radius=403.16907370370893 next_radius=806.33814740741786 lambda=6.8732684428596249e-07 next_lambda=1.7183171107149062e-07 rho=1.0028490216522898 accept=1
CLASSICAL_LM o=108 lambda=6.8732684428596249e-07 tau=6.8732684428596249e-07 prediction=44.557273682720691 rho=1.0028490216522898 accept=1
  [menu-backtrack] rearmed after meaningful confirmation progress at outer 109
  MFCG it 109 cost=2.469667e+05 lam=1.718e-07 tau=0.00e+00 cg_it=1 shift=0 ckpt=2 alpha=0 acc mv=294
PCG_PREP o=109 rebuild=1 drift=0 previous_depth=2
ATTR_RADIUS o=109 raw_norm=13351.877432107503 norm=806.33814740741798 radius=806.33814740741786 next_radius=806.33814740741786 lambda=1.7183171107149062e-07 next_lambda=1.7183171107149062e-07 rho=0.56416397039459099 accept=1
CLASSICAL_LM o=109 lambda=1.7183171107149062e-07 tau=1.7183171107149062e-07 prediction=8.4891658805872723 rho=0.56416397039459099 accept=1
  MFCG it 110 cost=2.469620e+05 lam=1.718e-07 tau=0.00e+00 cg_it=0 shift=0 ckpt=1 alpha=0 acc mv=296
PCG_PREP o=110 rebuild=1 drift=0 previous_depth=1
ATTR_RADIUS o=110 raw_norm=13180.998433137276 norm=806.33814740741786 radius=806.33814740741786 next_radius=806.33814740741786 lambda=1.7183171107149062e-07 next_lambda=1.7183171107149062e-07 rho=0.56985552175984411 accept=1
CLASSICAL_LM o=110 lambda=1.7183171107149062e-07 tau=1.7183171107149062e-07 prediction=8.4839061874795672 rho=0.56985552175984411 accept=1
  MFCG it 111 cost=2.469571e+05 lam=1.718e-07 tau=0.00e+00 cg_it=0 shift=0 ckpt=1 alpha=0 acc mv=298
PCG_PREP o=111 rebuild=1 drift=0 previous_depth=1
ATTR_RADIUS o=111 raw_norm=13011.360134308989 norm=806.33814740741741 radius=806.33814740741786 next_radius=806.33814740741786 lambda=1.7183171107149062e-07 next_lambda=1.7183171107149062e-07 rho=0.57507386214381406 accept=1
CLASSICAL_LM o=111 lambda=1.7183171107149062e-07 tau=1.7183171107149062e-07 prediction=8.4559953117747693 rho=0.57507386214381406 accept=1
  MFCG it 112 cost=2.469523e+05 lam=1.718e-07 tau=0.00e+00 cg_it=0 shift=0 ckpt=1 alpha=0 acc mv=300
PCG_PREP o=112 rebuild=1 drift=0 previous_depth=1
ATTR_RADIUS o=112 raw_norm=14623.469129357823 norm=806.33814740741752 radius=806.33814740741786 next_radius=1612.6762948148357 lambda=1.7183171107149062e-07 next_lambda=4.2957927767872656e-08 rho=0.91298301987967223 accept=1
CLASSICAL_LM o=112 lambda=1.7183171107149062e-07 tau=1.7183171107149062e-07 prediction=36.448539844425561 rho=0.91298301987967223 accept=1
  MFCG it 113 cost=2.469190e+05 lam=4.296e-08 tau=0.00e+00 cg_it=2 shift=0 ckpt=3 alpha=0 acc mv=304
PCG_PREP o=113 rebuild=1 drift=0 previous_depth=3
POINT_SAFE o=113 frozen=278 slope=-6.539358436288877 candidate=246927.84494435671 original=246918.28029079019 current=246918.97759725872 won=0 mode=1 camera_scale=1 keep_scale=0
ATTR_RADIUS o=113 raw_norm=38659.273100826009 norm=403.16907370370888 radius=1612.6762948148357 next_radius=1612.6762948148357 lambda=4.2957927767872656e-08 next_lambda=4.2957927767872656e-08 rho=0.42846193989531256 accept=1
CLASSICAL_LM o=113 lambda=4.2957927767872656e-08 tau=4.2957927767872656e-08 prediction=1.6274642006714404 rho=0.42846193989531256 accept=1
  MFCG it 114 cost=2.469183e+05 lam=4.296e-08 tau=0.00e+00 cg_it=0 shift=0 ckpt=1 alpha=0 acc mv=306
PCG_PREP o=114 rebuild=1 drift=0 previous_depth=1
POINT_SAFE o=114 frozen=285 slope=-6.5682556665078833 candidate=246927.17037596626 original=246917.5799204908 current=246918.28029079019 won=0 mode=1 camera_scale=1 keep_scale=0
ATTR_RADIUS o=114 raw_norm=38295.775197911578 norm=403.16907370370916 radius=1612.6762948148357 next_radius=1612.6762948148357 lambda=4.2957927767872656e-08 next_lambda=4.2957927767872656e-08 rho=0.42838521527478474 accept=1
CLASSICAL_LM o=114 lambda=4.2957927767872656e-08 tau=4.2957927767872656e-08 prediction=1.6349077288948657 rho=0.42838521527478474 accept=1
  MFCG it 115 cost=2.469176e+05 lam=4.296e-08 tau=0.00e+00 cg_it=0 shift=0 ckpt=1 alpha=0 acc mv=308
PCG_PREP o=115 rebuild=1 drift=0 previous_depth=1
POINT_SAFE o=115 frozen=290 slope=-6.6032396507770654 candidate=246926.49377433426 original=246916.8753164176 current=246917.5799204908 won=0 mode=1 camera_scale=1 keep_scale=0
ATTR_RADIUS o=115 raw_norm=37965.277638121428 norm=403.16907370370916 radius=1612.6762948148357 next_radius=1612.6762948148357 lambda=4.2957927767872656e-08 next_lambda=4.2957927767872656e-08 rho=0.42866609973438324 accept=1
CLASSICAL_LM o=115 lambda=4.2957927767872656e-08 tau=4.2957927767872656e-08 prediction=1.6437130755881668 rho=0.42866609973438324 accept=1
  MFCG it 116 cost=2.469169e+05 lam=4.296e-08 tau=0.00e+00 cg_it=0 shift=0 ckpt=1 alpha=0 acc mv=310
PCG_PREP o=116 rebuild=1 drift=0 previous_depth=1
POINT_SAFE o=116 frozen=286 slope=-6.641263495907582 candidate=246925.80096080116 original=246916.1651637184 current=246916.8753164176 won=0 mode=1 camera_scale=1 keep_scale=0
ATTR_RADIUS o=116 raw_norm=37621.026312151618 norm=403.16907370370922 radius=1612.6762948148357 next_radius=1612.6762948148357 lambda=4.2957927767872656e-08 next_lambda=4.2957927767872656e-08 rho=0.42956377350587654 accept=1
CLASSICAL_LM o=116 lambda=4.2957927767872656e-08 tau=4.2957927767872656e-08 prediction=1.6531950387918648 rho=0.42956377350587654 accept=1
  MFCG it 117 cost=2.469162e+05 lam=4.296e-08 tau=0.00e+00 cg_it=0 shift=0 ckpt=1 alpha=0 acc mv=312
PCG_PREP o=117 rebuild=1 drift=0 previous_depth=1
POINT_SAFE o=117 frozen=281 slope=-6.6816831869060245 candidate=246925.10605798796 original=246915.44915416569 current=246916.1651637184 won=0 mode=1 camera_scale=1 keep_scale=0
ATTR_RADIUS o=117 raw_norm=37337.523183621197 norm=403.16907370370905 radius=1612.6762948148357 next_radius=1612.6762948148357 lambda=4.2957927767872656e-08 next_lambda=4.2957927767872656e-08 rho=0.43049583691758297 accept=1
CLASSICAL_LM o=117 lambda=4.2957927767872656e-08 tau=4.2957927767872656e-08 prediction=1.6632206198176127 rho=0.43049583691758297 accept=1
  MFCG it 118 cost=2.469154e+05 lam=4.296e-08 tau=0.00e+00 cg_it=0 shift=0 ckpt=1 alpha=0 acc mv=314
PCG_PREP o=118 rebuild=1 drift=0 previous_depth=1
POINT_SAFE o=118 frozen=284 slope=-6.7236690091756461 candidate=246924.40440292199 original=246914.72689857098 current=246915.44915416569 won=0 mode=1 camera_scale=1 keep_scale=0
ATTR_RADIUS o=118 raw_norm=36926.091759470022 norm=403.16907370370876 radius=1612.6762948148357 next_radius=1612.6762948148357 lambda=4.2957927767872656e-08 next_lambda=4.2957927767872656e-08 rho=0.43155644674296567 accept=1
CLASSICAL_LM o=118 lambda=4.2957927767872656e-08 tau=4.2957927767872656e-08 prediction=1.6736063153713761 rho=0.43155644674296567 accept=1
  MFCG it 119 cost=2.469147e+05 lam=4.296e-08 tau=0.00e+00 cg_it=0 shift=0 ckpt=1 alpha=0 acc mv=316
PCG_PREP o=119 rebuild=1 drift=0 previous_depth=1
POINT_SAFE o=119 frozen=281 slope=-6.7661786134719639 candidate=246923.68707215026 original=246913.99772713939 current=246914.72689857098 won=0 mode=1 camera_scale=1 keep_scale=0
ATTR_RADIUS o=119 raw_norm=36635.944967542811 norm=403.16907370370882 radius=1612.6762948148357 next_radius=1612.6762948148357 lambda=4.2957927767872656e-08 next_lambda=4.2957927767872656e-08 rho=0.43297211538888425 accept=1
CLASSICAL_LM o=119 lambda=4.2957927767872656e-08 tau=4.2957927767872656e-08 prediction=1.684107141494257 rho=0.43297211538888425 accept=1
  MFCG it 120 cost=2.469140e+05 lam=4.296e-08 tau=0.00e+00 cg_it=0 shift=0 ckpt=1 alpha=0 acc mv=318
PCG_PREP o=120 rebuild=1 drift=0 previous_depth=1
POINT_SAFE o=120 frozen=283 slope=-6.8101827210642556 candidate=246922.96941904401 original=246913.26171684457 current=246913.99772713939 won=0 mode=1 camera_scale=1 keep_scale=0
ATTR_RADIUS o=120 raw_norm=36294.486754380276 norm=403.16907370370899 radius=1612.6762948148357 next_radius=1612.6762948148357 lambda=4.2957927767872656e-08 next_lambda=4.2957927767872656e-08 rho=0.43423881920401247 accept=1
CLASSICAL_LM o=120 lambda=4.2957927767872656e-08 tau=4.2957927767872656e-08 prediction=1.6949435708309397 rho=0.43423881920401247 accept=1
  MFCG: converged (OCA_FTOL: 8 outers < 1.0e-05 rel)
  [menu-backtrack] confirming stop with original retry policy at outer 121
  MFCG it 121 cost=2.469133e+05 lam=4.296e-08 tau=0.00e+00 cg_it=0 shift=0 ckpt=1 alpha=0 acc mv=320
PCG_PREP o=121 rebuild=1 drift=0 previous_depth=1
FOLLOW_POINT o=121 mode=1 changed=61874 candidate=246921.79557008619 rho=-1 selected=0
ATTR_RADIUS o=121 raw_norm=35921.225417521549 norm=1612.6762948148362 radius=1612.6762948148357 next_radius=403.16907370370893 lambda=4.2957927767872656e-08 next_lambda=6.8732684428596249e-07 rho=-1 accept=0
CLASSICAL_LM o=121 lambda=4.2957927767872656e-08 tau=4.2957927767872656e-08 prediction=6.7302965882519059 rho=-1 accept=0
  MFCG it 122  retry 1/8  lam=6.873e-07 tau_eff=4.296e-08  (assembly reused)
PCG_PREP o=121 rebuild=1 drift=0 previous_depth=1
ATTR_RADIUS o=121 raw_norm=5494.790936359128 norm=403.16907370370905 radius=403.16907370370893 next_radius=806.33814740741786 lambda=6.8732684428596249e-07 next_lambda=1.7183171107149062e-07 rho=1.0029702986649482 accept=1
CLASSICAL_LM o=121 lambda=6.8732684428596249e-07 tau=6.8732684428596249e-07 prediction=38.243712740719523 rho=1.0029702986649482 accept=1
  [menu-backtrack] rearmed after meaningful confirmation progress at outer 122
  MFCG it 122 cost=2.468749e+05 lam=1.718e-07 tau=0.00e+00 cg_it=1 shift=0 ckpt=2 alpha=0 acc mv=325
PCG_PREP o=122 rebuild=1 drift=0 previous_depth=2
ATTR_RADIUS o=122 raw_norm=11482.32448225697 norm=806.33814740741809 radius=806.33814740741786 next_radius=806.33814740741786 lambda=1.7183171107149062e-07 next_lambda=1.7183171107149062e-07 rho=0.57733609384440798 accept=1
CLASSICAL_LM o=122 lambda=1.7183171107149062e-07 tau=1.7183171107149062e-07 prediction=7.9382665106603971 rho=0.57733609384440798 accept=1
  MFCG it 123 cost=2.468703e+05 lam=1.718e-07 tau=0.00e+00 cg_it=0 shift=0 ckpt=1 alpha=0 acc mv=327
PCG_PREP o=123 rebuild=1 drift=0 previous_depth=1
ATTR_RADIUS o=123 raw_norm=11363.631543178639 norm=806.33814740741775 radius=806.33814740741786 next_radius=806.33814740741786 lambda=1.7183171107149062e-07 next_lambda=1.7183171107149062e-07 rho=0.5828179703108195 accept=1
CLASSICAL_LM o=123 lambda=1.7183171107149062e-07 tau=1.7183171107149062e-07 prediction=7.8798532159382164 rho=0.5828179703108195 accept=1
  MFCG it 124 cost=2.468657e+05 lam=1.718e-07 tau=0.00e+00 cg_it=0 shift=0 ckpt=1 alpha=0 acc mv=329
PCG_PREP o=124 rebuild=1 drift=0 previous_depth=1
ATTR_RADIUS o=124 raw_norm=11244.927052282248 norm=806.33814740741798 radius=806.33814740741786 next_radius=806.33814740741786 lambda=1.7183171107149062e-07 next_lambda=1.7183171107149062e-07 rho=0.58778750534020996 accept=1
CLASSICAL_LM o=124 lambda=1.7183171107149062e-07 tau=1.7183171107149062e-07 prediction=7.8009305347031539 rho=0.58778750534020996 accept=1
  MFCG it 125 cost=2.468611e+05 lam=1.718e-07 tau=0.00e+00 cg_it=0 shift=0 ckpt=1 alpha=0 acc mv=331
PCG_PREP o=125 rebuild=1 drift=0 previous_depth=1
ATTR_RADIUS o=125 raw_norm=12455.936342109155 norm=806.33814740741752 radius=806.33814740741786 next_radius=1612.6762948148357 lambda=1.7183171107149062e-07 next_lambda=4.2957927767872656e-08 rho=0.92432338906002021 accept=1
CLASSICAL_LM o=125 lambda=1.7183171107149062e-07 tau=1.7183171107149062e-07 prediction=35.32753118634492 rho=0.92432338906002021 accept=1
  MFCG it 126 cost=2.468285e+05 lam=4.296e-08 tau=0.00e+00 cg_it=2 shift=0 ckpt=3 alpha=0 acc mv=335
PCG_PREP o=126 rebuild=1 drift=0 previous_depth=3
POINT_SAFE o=126 frozen=298 slope=-5.8021560810676824 candidate=246836.60939121916 original=246827.8768944719 current=246828.48948816652 won=0 mode=1 camera_scale=1 keep_scale=0
ATTR_RADIUS o=126 raw_norm=33914.912922654687 norm=403.16907370370899 radius=1612.6762948148357 next_radius=1612.6762948148357 lambda=4.2957927767872656e-08 next_lambda=4.2957927767872656e-08 rho=0.42452440523308288 accept=1
CLASSICAL_LM o=126 lambda=4.2957927767872656e-08 tau=4.2957927767872656e-08 prediction=1.4430117257517729 rho=0.42452440523308288 accept=1
  MFCG it 127 cost=2.468279e+05 lam=4.296e-08 tau=0.00e+00 cg_it=0 shift=0 ckpt=1 alpha=0 acc mv=337
PCG_PREP o=127 rebuild=1 drift=0 previous_depth=1
POINT_SAFE o=127 frozen=286 slope=-5.8311126990598172 candidate=246836.01856453303 original=246827.26124758238 current=246827.8768944719 won=0 mode=1 camera_scale=1 keep_scale=0
ATTR_RADIUS o=127 raw_norm=33591.726377419007 norm=403.16907370370893 radius=1612.6762948148357 next_radius=1612.6762948148357 lambda=4.2957927767872656e-08 next_lambda=4.2957927767872656e-08 rho=0.42443569315959429 accept=1
CLASSICAL_LM o=127 lambda=4.2957927767872656e-08 tau=4.2957927767872656e-08 prediction=1.4505068716948921 rho=0.42443569315959429 accept=1
  MFCG it 128 cost=2.468273e+05 lam=4.296e-08 tau=0.00e+00 cg_it=0 shift=0 ckpt=1 alpha=0 acc mv=339
PCG_PREP o=128 rebuild=1 drift=0 previous_depth=1
POINT_SAFE o=128 frozen=289 slope=-5.866712931026326 candidate=246835.42321993838 original=246826.64110399186 current=246827.26124758238 won=0 mode=1 camera_scale=1 keep_scale=0
ATTR_RADIUS o=128 raw_norm=33281.439731646809 norm=403.16907370370888 radius=1612.6762948148357 next_radius=1612.6762948148357 lambda=4.2957927767872656e-08 next_lambda=4.2957927767872656e-08 rho=0.42490731133207205 accept=1
CLASSICAL_LM o=128 lambda=4.2957927767872656e-08 tau=4.2957927767872656e-08 prediction=1.4594796888289874 rho=0.42490731133207205 accept=1
  MFCG it 129 cost=2.468266e+05 lam=4.296e-08 tau=0.00e+00 cg_it=0 shift=0 ckpt=1 alpha=0 acc mv=341
PCG_PREP o=129 rebuild=1 drift=0 previous_depth=1
POINT_SAFE o=129 frozen=286 slope=-5.9057111243851512 candidate=246834.81405394236 original=246826.01522526791 current=246826.64110399186 won=0 mode=1 camera_scale=1 keep_scale=0
ATTR_RADIUS o=129 raw_norm=32967.485708559667 norm=403.16907370370859 radius=1612.6762948148357 next_radius=1612.6762948148357 lambda=4.2957927767872656e-08 next_lambda=4.2957927767872656e-08 rho=0.42599959788542202 accept=1
CLASSICAL_LM o=129 lambda=4.2957927767872656e-08 tau=4.2957927767872656e-08 prediction=1.4692002693339743 rho=0.42599959788542202 accept=1
  MFCG it 130 cost=2.468260e+05 lam=4.296e-08 tau=0.00e+00 cg_it=0 shift=0 ckpt=1 alpha=0 acc mv=343
PCG_PREP o=130 rebuild=1 drift=0 previous_depth=1
POINT_SAFE o=130 frozen=286 slope=-5.9472082923203713 candidate=246834.20122171257 original=246825.38319967434 current=246826.01522526791 won=0 mode=1 camera_scale=1 keep_scale=0
ATTR_RADIUS o=130 raw_norm=32670.178059310187 norm=403.16907370370876 radius=1612.6762948148357 next_radius=1612.6762948148357 lambda=4.2957927767872656e-08 next_lambda=4.2957927767872656e-08 rho=0.42719764753080197 accept=1
CLASSICAL_LM o=130 lambda=4.2957927767872656e-08 tau=4.2957927767872656e-08 prediction=1.4794688061245167 rho=0.42719764753080197 accept=1
  MFCG it 131 cost=2.468254e+05 lam=4.296e-08 tau=0.00e+00 cg_it=0 shift=0 ckpt=1 alpha=0 acc mv=345
PCG_PREP o=131 rebuild=1 drift=0 previous_depth=1
POINT_SAFE o=131 frozen=279 slope=-5.9893719844188054 candidate=246833.57157409817 original=246824.74423878017 current=246825.38319967434 won=0 mode=1 camera_scale=1 keep_scale=0
ATTR_RADIUS o=131 raw_norm=32388.526026971951 norm=403.16907370370888 radius=1612.6762948148357 next_radius=1612.6762948148357 lambda=4.2957927767872656e-08 next_lambda=4.2957927767872656e-08 rho=0.42886407659487086 accept=1
CLASSICAL_LM o=131 lambda=4.2957927767872656e-08 tau=4.2957927767872656e-08 prediction=1.4898913875962621 rho=0.42886407659487086 accept=1
  MFCG it 132 cost=2.468247e+05 lam=4.296e-08 tau=0.00e+00 cg_it=0 shift=0 ckpt=1 alpha=0 acc mv=347
PCG_PREP o=132 rebuild=1 drift=0 previous_depth=1
POINT_SAFE o=132 frozen=280 slope=-6.0326594091430348 candidate=246832.93812468293 original=246824.09824852177 current=246824.74423878017 won=0 mode=1 camera_scale=1 keep_scale=0
ATTR_RADIUS o=132 raw_norm=32036.344127176828 norm=403.16907370370882 radius=1612.6762948148357 next_radius=1612.6762948148357 lambda=4.2957927767872656e-08 next_lambda=4.2957927767872656e-08 rho=0.43049465063219183 accept=1
CLASSICAL_LM o=132 lambda=4.2957927767872656e-08 tau=4.2957927767872656e-08 prediction=1.5005767376069301 rho=0.43049465063219183 accept=1
  MFCG it 133 cost=2.468241e+05 lam=4.296e-08 tau=0.00e+00 cg_it=0 shift=0 ckpt=1 alpha=0 acc mv=349
PCG_PREP o=133 rebuild=1 drift=0 previous_depth=1
POINT_SAFE o=133 frozen=285 slope=-6.0765832981980443 candidate=246832.29572200624 original=246823.44498203354 current=246824.09824852177 won=0 mode=1 camera_scale=1 keep_scale=0
ATTR_RADIUS o=133 raw_norm=31754.658785691576 norm=403.16907370370888 radius=1612.6762948148357 next_radius=1612.6762948148357 lambda=4.2957927767872656e-08 next_lambda=4.2957927767872656e-08 rho=0.43223059289437005 accept=1
CLASSICAL_LM o=133 lambda=4.2957927767872656e-08 tau=4.2957927767872656e-08 prediction=1.5113841985378549 rho=0.43223059289437005 accept=1
  MFCG: converged (OCA_FTOL: 8 outers < 1.0e-05 rel)
  [menu-backtrack] confirming stop with original retry policy at outer 134
  MFCG it 134 cost=2.468234e+05 lam=4.296e-08 tau=0.00e+00 cg_it=0 shift=0 ckpt=1 alpha=0 acc mv=351
PCG_PREP o=134 rebuild=1 drift=0 previous_depth=1
FOLLOW_POINT o=134 mode=1 changed=61728 candidate=246831.20112582907 rho=-1 selected=0
ATTR_RADIUS o=134 raw_norm=31440.917094782937 norm=1612.6762948148369 radius=1612.6762948148357 next_radius=403.16907370370893 lambda=4.2957927767872656e-08 next_lambda=6.8732684428596249e-07 rho=-1 accept=0
CLASSICAL_LM o=134 lambda=4.2957927767872656e-08 tau=4.2957927767872656e-08 prediction=5.9939518625863064 rho=-1 accept=0
  MFCG it 135  retry 1/8  lam=6.873e-07 tau_eff=4.296e-08  (assembly reused)
PCG_PREP o=134 rebuild=1 drift=0 previous_depth=1
ATTR_RADIUS o=134 raw_norm=5231.5346652091685 norm=403.16907370370893 radius=403.16907370370893 next_radius=806.33814740741786 lambda=6.8732684428596249e-07 next_lambda=1.7183171107149062e-07 rho=1.0032396097740535 accept=1
CLASSICAL_LM o=134 lambda=6.8732684428596249e-07 tau=6.8732684428596249e-07 prediction=32.648111286745717 rho=1.0032396097740535 accept=1
  [menu-backtrack] rearmed after meaningful confirmation progress at outer 135
  MFCG it 135 cost=2.467907e+05 lam=1.718e-07 tau=0.00e+00 cg_it=1 shift=0 ckpt=2 alpha=0 acc mv=356
PCG_PREP o=135 rebuild=1 drift=0 previous_depth=2
ATTR_RADIUS o=135 raw_norm=9870.9610035917431 norm=806.33814740741809 radius=806.33814740741786 next_radius=806.33814740741786 lambda=1.7183171107149062e-07 next_lambda=1.7183171107149062e-07 rho=0.59003973373746299 accept=1
CLASSICAL_LM o=135 lambda=1.7183171107149062e-07 tau=1.7183171107149062e-07 prediction=7.2156297284540827 rho=0.59003973373746299 accept=1
  MFCG it 136 cost=2.467864e+05 lam=1.718e-07 tau=0.00e+00 cg_it=0 shift=0 ckpt=1 alpha=0 acc mv=358
PCG_PREP o=136 rebuild=1 drift=0 previous_depth=1
ATTR_RADIUS o=136 raw_norm=9797.6778961299551 norm=806.3381474074173 radius=806.33814740741786 next_radius=806.33814740741786 lambda=1.7183171107149062e-07 next_lambda=1.7183171107149062e-07 rho=0.59530072746568108 accept=1
CLASSICAL_LM o=136 lambda=1.7183171107149062e-07 tau=1.7183171107149062e-07 prediction=7.1109729056863697 rho=0.59530072746568108 accept=1
  MFCG it 137 cost=2.467822e+05 lam=1.718e-07 tau=0.00e+00 cg_it=0 shift=0 ckpt=1 alpha=0 acc mv=360
PCG_PREP o=137 rebuild=1 drift=0 previous_depth=1
ATTR_RADIUS o=137 raw_norm=10810.732100450892 norm=806.33814740741809 radius=806.33814740741786 next_radius=1612.6762948148357 lambda=1.7183171107149062e-07 next_lambda=4.2957927767872656e-08 rho=0.9322812288381771 accept=1
CLASSICAL_LM o=137 lambda=1.7183171107149062e-07 tau=1.7183171107149062e-07 prediction=33.215623382497057 rho=0.9322812288381771 accept=1
  MFCG it 138 cost=2.467512e+05 lam=4.296e-08 tau=0.00e+00 cg_it=2 shift=0 ckpt=3 alpha=0 acc mv=364
PCG_PREP o=138 rebuild=1 drift=0 previous_depth=3
POINT_SAFE o=138 frozen=321 slope=-5.1576602150730722 candidate=246758.69538177174 original=246750.69518607028 current=246751.23412583524 won=0 mode=1 camera_scale=1 keep_scale=0
ATTR_RADIUS o=138 raw_norm=29892.340512356826 norm=403.16907370370893 radius=1612.6762948148357 next_radius=1612.6762948148357 lambda=4.2957927767872656e-08 next_lambda=4.2957927767872656e-08 rho=0.42046226937238196 accept=1
CLASSICAL_LM o=138 lambda=4.2957927767872656e-08 tau=4.2957927767872656e-08 prediction=1.2817791374252916 rho=0.42046226937238196 accept=1
  MFCG it 139 cost=2.467507e+05 lam=4.296e-08 tau=0.00e+00 cg_it=0 shift=0 ckpt=1 alpha=0 acc mv=366
PCG_PREP o=139 rebuild=1 drift=0 previous_depth=1
POINT_SAFE o=139 frozen=295 slope=-5.1849183135058929 candidate=246758.17777480959 original=246750.15356782562 current=246750.69518607028 won=0 mode=1 camera_scale=1 keep_scale=0
ATTR_RADIUS o=139 raw_norm=29590.081697613849 norm=403.16907370370899 radius=1612.6762948148357 next_radius=1612.6762948148357 lambda=4.2957927767872656e-08 next_lambda=4.2957927767872656e-08 rho=0.42022296809486176 accept=1
CLASSICAL_LM o=139 lambda=4.2957927767872656e-08 tau=4.2957927767872656e-08 prediction=1.2888830116063816 rho=0.42022296809486176 accept=1
  MFCG it 140 cost=2.467502e+05 lam=4.296e-08 tau=0.00e+00 cg_it=0 shift=0 ckpt=1 alpha=0 acc mv=368
PCG_PREP o=140 rebuild=1 drift=0 previous_depth=1
POINT_SAFE o=140 frozen=295 slope=-5.2191953813045098 candidate=246757.65432203328 original=246749.60764277741 current=246750.15356782562 won=0 mode=1 camera_scale=1 keep_scale=0
ATTR_RADIUS o=140 raw_norm=29318.818095310144 norm=403.16907370370882 radius=1612.6762948148357 next_radius=1612.6762948148357 lambda=4.2957927767872656e-08 next_lambda=4.2957927767872656e-08 rho=0.420740121663015 accept=1
CLASSICAL_LM o=140 lambda=4.2957927767872656e-08 tau=4.2957927767872656e-08 prediction=1.2975350343371297 rho=0.420740121663015 accept=1
  MFCG it 141 cost=2.467496e+05 lam=4.296e-08 tau=0.00e+00 cg_it=0 shift=0 ckpt=1 alpha=0 acc mv=370
PCG_PREP o=141 rebuild=1 drift=0 previous_depth=1
POINT_SAFE o=141 frozen=292 slope=-5.2575948685272289 candidate=246757.1262149539 original=246749.05651352808 current=246749.60764277741 won=0 mode=1 camera_scale=1 keep_scale=0
ATTR_RADIUS o=141 raw_norm=29033.235374668337 norm=403.16907370370876 radius=1612.6762948148357 next_radius=1612.6762948148357 lambda=4.2957927767872656e-08 next_lambda=4.2957927767872656e-08 rho=0.42164363625684126 accept=1
CLASSICAL_LM o=141 lambda=4.2957927767872656e-08 tau=4.2957927767872656e-08 prediction=1.3070972782245207 rho=0.42164363625684126 accept=1
  MFCG it 142 cost=2.467491e+05 lam=4.296e-08 tau=0.00e+00 cg_it=0 shift=0 ckpt=1 alpha=0 acc mv=372
PCG_PREP o=142 rebuild=1 drift=0 previous_depth=1
POINT_SAFE o=142 frozen=285 slope=-5.2985652109164212 candidate=246756.59267238571 original=246748.49962600481 current=246749.05651352808 won=0 mode=1 camera_scale=1 keep_scale=0
ATTR_RADIUS o=142 raw_norm=28764.008394162745 norm=403.16907370370865 radius=1612.6762948148357 next_radius=1612.6762948148357 lambda=4.2957927767872656e-08 next_lambda=4.2957927767872656e-08 rho=0.42277840931681598 accept=1
CLASSICAL_LM o=142 lambda=4.2957927767872656e-08 tau=4.2957927767872656e-08 prediction=1.3172089941183127 rho=0.42277840931681598 accept=1
  MFCG it 143 cost=2.467485e+05 lam=4.296e-08 tau=0.00e+00 cg_it=0 shift=0 ckpt=1 alpha=0 acc mv=374
PCG_PREP o=143 rebuild=1 drift=0 previous_depth=1
POINT_SAFE o=143 frozen=284 slope=-5.3391427474509054 candidate=246756.03169169329 original=246747.93577354887 current=246748.49962600481 won=0 mode=1 camera_scale=1 keep_scale=0
ATTR_RADIUS o=143 raw_norm=28455.719063555734 norm=403.16907370370888 radius=1612.6762948148357 next_radius=1612.6762948148357 lambda=4.2957927767872656e-08 next_lambda=4.2957927767872656e-08 rho=0.424830228270133 accept=1
CLASSICAL_LM o=143 lambda=4.2957927767872656e-08 tau=4.2957927767872656e-08 prediction=1.3272418448861298 rho=0.424830228270133 accept=1
  MFCG it 144 cost=2.467479e+05 lam=4.296e-08 tau=0.00e+00 cg_it=0 shift=0 ckpt=1 alpha=0 acc mv=376
PCG_PREP o=144 rebuild=1 drift=0 previous_depth=1
POINT_SAFE o=144 frozen=285 slope=-5.3812560215935283 candidate=246755.47367676935 original=246747.36515544864 current=246747.93577354887 won=0 mode=1 camera_scale=1 keep_scale=0
ATTR_RADIUS o=144 raw_norm=28170.864062758807 norm=403.16907370370899 radius=1612.6762948148357 next_radius=1612.6762948148357 lambda=4.2957927767872656e-08 next_lambda=4.2957927767872656e-08 rho=0.42659412815182129 accept=1
CLASSICAL_LM o=144 lambda=4.2957927767872656e-08 tau=4.2957927767872656e-08 prediction=1.3376135829709197 rho=0.42659412815182129 accept=1
  MFCG it 145 cost=2.467474e+05 lam=4.296e-08 tau=0.00e+00 cg_it=0 shift=0 ckpt=1 alpha=0 acc mv=378
PCG_PREP o=145 rebuild=1 drift=0 previous_depth=1
POINT_SAFE o=145 frozen=281 slope=-5.4232556219664261 candidate=246754.90080825723 original=246746.78730624213 current=246747.36515544864 won=0 mode=1 camera_scale=1 keep_scale=0
ATTR_RADIUS o=145 raw_norm=27911.669846572186 norm=403.16907370370893 radius=1612.6762948148357 next_radius=1612.6762948148357 lambda=4.2957927767872656e-08 next_lambda=4.2957927767872656e-08 rho=0.42868948553630976 accept=1
CLASSICAL_LM o=145 lambda=4.2957927767872656e-08 tau=4.2957927767872656e-08 prediction=1.3479435022572137 rho=0.42868948553630976 accept=1
  MFCG: converged (OCA_FTOL: 8 outers < 1.0e-05 rel)
  [menu-backtrack] confirming stop with original retry policy at outer 146
  MFCG it 146 cost=2.467468e+05 lam=4.296e-08 tau=0.00e+00 cg_it=0 shift=0 ckpt=1 alpha=0 acc mv=380
PCG_PREP o=146 rebuild=1 drift=0 previous_depth=1
FOLLOW_POINT o=146 mode=1 changed=61757 candidate=246753.88743998387 rho=-1 selected=0
ATTR_RADIUS o=146 raw_norm=27659.834342205104 norm=1612.6762948148353 radius=1612.6762948148357 next_radius=403.16907370370893 lambda=4.2957927767872656e-08 next_lambda=6.8732684428596249e-07 rho=-1 accept=0
CLASSICAL_LM o=146 lambda=4.2957927767872656e-08 tau=4.2957927767872656e-08 prediction=5.3373694221823573 rho=-1 accept=0
  MFCG it 147  retry 1/8  lam=6.873e-07 tau_eff=4.296e-08  (assembly reused)
PCG_PREP o=146 rebuild=1 drift=0 previous_depth=1
ATTR_RADIUS o=146 raw_norm=2270.3737869622137 norm=403.16907370370899 radius=403.16907370370893 next_radius=806.33814740741786 lambda=6.8732684428596249e-07 next_lambda=1.7183171107149062e-07 rho=0.94449980132526046 accept=1
CLASSICAL_LM o=146 lambda=6.8732684428596249e-07 tau=6.8732684428596249e-07 prediction=12.94906491360506 rho=0.94449980132526046 accept=1
  MFCG it 147 cost=2.467346e+05 lam=1.718e-07 tau=0.00e+00 cg_it=0 shift=0 ckpt=1 alpha=0 acc mv=384
PCG_PREP o=147 rebuild=1 drift=0 previous_depth=1
ATTR_RADIUS o=147 raw_norm=9767.2432204863435 norm=806.33814740741775 radius=806.33814740741786 next_radius=1612.6762948148357 lambda=1.7183171107149062e-07 next_lambda=4.2957927767872656e-08 rho=0.94607830302716733 accept=1
CLASSICAL_LM o=147 lambda=1.7183171107149062e-07 tau=1.7183171107149062e-07 prediction=31.579906024448192 rho=0.94607830302716733 accept=1
  [menu-backtrack] rearmed after meaningful confirmation progress at outer 148
  MFCG it 148 cost=2.467047e+05 lam=4.296e-08 tau=0.00e+00 cg_it=2 shift=0 ckpt=3 alpha=0 acc mv=388
PCG_PREP o=148 rebuild=1 drift=0 previous_depth=3
POINT_SAFE o=148 frozen=294 slope=-4.331042459896449 candidate=246710.97943013173 original=246704.21072333434 current=246704.67985310251 won=0 mode=1 camera_scale=1 keep_scale=0
ATTR_RADIUS o=148 raw_norm=27693.145550840327 norm=403.16907370370905 radius=1612.6762948148357 next_radius=1612.6762948148357 lambda=4.2957927767872656e-08 next_lambda=4.2957927767872656e-08 rho=0.43601348709842186 accept=1
CLASSICAL_LM o=148 lambda=4.2957927767872656e-08 tau=4.2957927767872656e-08 prediction=1.075952423612111 rho=0.43601348709842186 accept=1
  MFCG it 149 cost=2.467042e+05 lam=4.296e-08 tau=0.00e+00 cg_it=0 shift=0 ckpt=1 alpha=0 acc mv=390
PCG_PREP o=149 rebuild=1 drift=0 previous_depth=1
POINT_SAFE o=149 frozen=268 slope=-4.3574289651581033 candidate=246710.54641222436 original=246703.74022401852 current=246704.21072333434 won=0 mode=1 camera_scale=1 keep_scale=0
ATTR_RADIUS o=149 raw_norm=27426.737298120162 norm=403.16907370370876 radius=1612.6762948148357 next_radius=1612.6762948148357 lambda=4.2957927767872656e-08 next_lambda=4.2957927767872656e-08 rho=0.4344975682655477 accept=1
CLASSICAL_LM o=149 lambda=4.2957927767872656e-08 tau=4.2957927767872656e-08 prediction=1.0828583407293366 rho=0.4344975682655477 accept=1
  MFCG it 150 cost=2.467037e+05 lam=4.296e-08 tau=0.00e+00 cg_it=0 shift=0 ckpt=1 alpha=0 acc mv=392
PCG_PREP o=150 rebuild=1 drift=0 previous_depth=1
POINT_SAFE o=150 frozen=256 slope=-4.3914591180812437 candidate=246710.10994612609 original=246703.26662257634 current=246703.74022401852 won=0 mode=1 camera_scale=1 keep_scale=0
ATTR_RADIUS o=150 raw_norm=27176.563358051852 norm=403.16907370370888 radius=1612.6762948148357 next_radius=1612.6762948148357 lambda=4.2957927767872656e-08 next_lambda=4.2957927767872656e-08 rho=0.43391720987681348 accept=1
CLASSICAL_LM o=150 lambda=4.2957927767872656e-08 tau=4.2957927767872656e-08 prediction=1.0914557694406619 rho=0.43391720987681348 accept=1
  MFCG it 151 cost=2.467033e+05 lam=4.296e-08 tau=0.00e+00 cg_it=0 shift=0 ckpt=1 alpha=0 acc mv=394
PCG_PREP o=151 rebuild=1 drift=0 previous_depth=1
POINT_SAFE o=151 frozen=260 slope=-4.4295735395571825 candidate=246709.66433859745 original=246702.78870480577 current=246703.26662257634 won=0 mode=1 camera_scale=1 keep_scale=0
ATTR_RADIUS o=151 raw_norm=26898.703396862515 norm=403.16907370370876 radius=1612.6762948148357 next_radius=1612.6762948148357 lambda=4.2957927767872656e-08 next_lambda=4.2957927767872656e-08 rho=0.43409549997661712 accept=1
CLASSICAL_LM o=151 lambda=4.2957927767872656e-08 tau=4.2957927767872656e-08 prediction=1.1009507598900101 rho=0.43409549997661712 accept=1
  MFCG it 152 cost=2.467028e+05 lam=4.296e-08 tau=0.00e+00 cg_it=0 shift=0 ckpt=1 alpha=0 acc mv=396
PCG_PREP o=152 rebuild=1 drift=0 previous_depth=1
POINT_SAFE o=152 frozen=253 slope=-4.469956810352496 candidate=246709.21029276986 original=246702.30572019867 current=246702.78870480577 won=0 mode=1 camera_scale=1 keep_scale=0
ATTR_RADIUS o=152 raw_norm=26614.12598154748 norm=403.16907370370888 radius=1612.6762948148357 next_radius=1612.6762948148357 lambda=4.2957927767872656e-08 next_lambda=4.2957927767872656e-08 rho=0.43475127998116514 accept=1
CLASSICAL_LM o=152 lambda=4.2957927767872656e-08 tau=4.2957927767872656e-08 prediction=1.1109446466238393 rho=0.43475127998116514 accept=1
  MFCG it 153 cost=2.467023e+05 lam=4.296e-08 tau=0.00e+00 cg_it=0 shift=0 ckpt=1 alpha=0 acc mv=398
PCG_PREP o=153 rebuild=1 drift=0 previous_depth=1
POINT_SAFE o=153 frozen=248 slope=-4.5112923232012454 candidate=246708.74344786463 original=246701.81700273231 current=246702.30572019867 won=0 mode=1 camera_scale=1 keep_scale=0
ATTR_RADIUS o=153 raw_norm=26346.312306468713 norm=403.16907370370916 radius=1612.6762948148357 next_radius=1612.6762948148357 lambda=4.2957927767872656e-08 next_lambda=4.2957927767872656e-08 rho=0.43591169422036363 accept=1
CLASSICAL_LM o=153 lambda=4.2957927767872656e-08 tau=4.2957927767872656e-08 prediction=1.1211386912526826 rho=0.43591169422036363 accept=1
  MFCG it 154 cost=2.467018e+05 lam=4.296e-08 tau=0.00e+00 cg_it=0 shift=0 ckpt=1 alpha=0 acc mv=400
PCG_PREP o=154 rebuild=1 drift=0 previous_depth=1
POINT_SAFE o=154 frozen=251 slope=-4.5532884380836007 candidate=246708.268698261 original=246701.3222318328 current=246701.81700273231 won=0 mode=1 camera_scale=1 keep_scale=0
ATTR_RADIUS o=154 raw_norm=26086.103732884949 norm=403.16907370370888 radius=1612.6762948148357 next_radius=1612.6762948148357 lambda=4.2957927767872656e-08 next_lambda=4.2957927767872656e-08 rho=0.43727796763092269 accept=1
CLASSICAL_LM o=154 lambda=4.2957927767872656e-08 tau=4.2957927767872656e-08 prediction=1.131479141706794 rho=0.43727796763092269 accept=1
  MFCG it 155 cost=2.467013e+05 lam=4.296e-08 tau=0.00e+00 cg_it=0 shift=0 ckpt=1 alpha=0 acc mv=402
PCG_PREP o=155 rebuild=1 drift=0 previous_depth=1
POINT_SAFE o=155 frozen=252 slope=-4.595531457578927 candidate=246707.78478215757 original=246700.82112891893 current=246701.3222318328 won=0 mode=1 camera_scale=1 keep_scale=0
ATTR_RADIUS o=155 raw_norm=25839.883349607917 norm=403.16907370370888 radius=1612.6762948148357 next_radius=1612.6762948148357 lambda=4.2957927767872656e-08 next_lambda=4.2957927767872656e-08 rho=0.43884452576573496 accept=1
CLASSICAL_LM o=155 lambda=4.2957927767872656e-08 tau=4.2957927767872656e-08 prediction=1.1418688953569056 rho=0.43884452576573496 accept=1
  MFCG: converged (OCA_FTOL: 8 outers < 1.0e-05 rel)
  [menu-backtrack] confirming stop with original retry policy at outer 156
  MFCG it 156 cost=2.467008e+05 lam=4.296e-08 tau=0.00e+00 cg_it=0 shift=0 ckpt=1 alpha=0 acc mv=404
PCG_PREP o=156 rebuild=1 drift=0 previous_depth=1
FOLLOW_POINT o=156 mode=1 changed=61675 candidate=246706.86124066243 rho=-1 selected=0
ATTR_RADIUS o=156 raw_norm=25603.019772299376 norm=1612.6762948148362 radius=1612.6762948148357 next_radius=403.16907370370893 lambda=4.2957927767872656e-08 next_lambda=6.8732684428596249e-07 rho=-1 accept=0
CLASSICAL_LM o=156 lambda=4.2957927767872656e-08 tau=4.2957927767872656e-08 prediction=4.5234094628566615 rho=-1 accept=0
  MFCG it 157  retry 1/8  lam=6.873e-07 tau_eff=4.296e-08  (assembly reused)
PCG_PREP o=156 rebuild=1 drift=0 previous_depth=1
ATTR_RADIUS o=156 raw_norm=4699.2054747576949 norm=403.16907370370893 radius=403.16907370370893 next_radius=806.33814740741786 lambda=6.8732684428596249e-07 next_lambda=1.7183171107149062e-07 rho=1.0039089535527943 accept=1
CLASSICAL_LM o=156 lambda=6.8732684428596249e-07 tau=6.8732684428596249e-07 prediction=24.813285566094248 rho=1.0039089535527943 accept=1
  [menu-backtrack] rearmed after meaningful confirmation progress at outer 157
  MFCG it 157 cost=2.466759e+05 lam=1.718e-07 tau=0.00e+00 cg_it=1 shift=0 ckpt=2 alpha=0 acc mv=409
PCG_PREP o=157 rebuild=1 drift=0 previous_depth=2
ATTR_RADIUS o=157 raw_norm=8695.1256468708307 norm=806.33814740741775 radius=806.33814740741786 next_radius=1612.6762948148357 lambda=1.7183171107149062e-07 next_lambda=4.2957927767872656e-08 rho=0.94679809861257958 accept=1
CLASSICAL_LM o=157 lambda=1.7183171107149062e-07 tau=1.7183171107149062e-07 prediction=28.621814423682963 rho=0.94679809861257958 accept=1
  MFCG it 158 cost=2.466488e+05 lam=4.296e-08 tau=0.00e+00 cg_it=2 shift=0 ckpt=3 alpha=0 acc mv=413
PCG_PREP o=158 rebuild=1 drift=0 previous_depth=3
POINT_SAFE o=158 frozen=335 slope=-4.0239628767063236 candidate=246655.01044860238 original=246648.39324232397 current=246648.81176989689 won=0 mode=1 camera_scale=1 keep_scale=0
ATTR_RADIUS o=158 raw_norm=24515.900186416795 norm=403.16907370370876 radius=1612.6762948148357 next_radius=1612.6762948148357 lambda=4.2957927767872656e-08 next_lambda=4.2957927767872656e-08 rho=0.419035423891915 accept=1
CLASSICAL_LM o=158 lambda=4.2957927767872656e-08 tau=4.2957927767872656e-08 prediction=0.99878804761501072 rho=0.419035423891915 accept=1
  MFCG it 159 cost=2.466484e+05 lam=4.296e-08 tau=0.00e+00 cg_it=0 shift=0 ckpt=1 alpha=0 acc mv=415
PCG_PREP o=159 rebuild=1 drift=0 previous_depth=1
POINT_SAFE o=159 frozen=301 slope=-4.047442267626673 candidate=246654.61329735417 original=246647.97309181895 current=246648.39324232397 won=0 mode=1 camera_scale=1 keep_scale=0
ATTR_RADIUS o=159 raw_norm=24230.747263979589 norm=403.1690737037091 radius=1612.6762948148357 next_radius=1612.6762948148357 lambda=4.2957927767872656e-08 next_lambda=4.2957927767872656e-08 rho=0.41806533498715348 accept=1
CLASSICAL_LM o=159 lambda=4.2957927767872656e-08 tau=4.2957927767872656e-08 prediction=1.0049876654865608 rho=0.41806533498715348 accept=1
  MFCG it 160 cost=2.466480e+05 lam=4.296e-08 tau=0.00e+00 cg_it=0 shift=0 ckpt=1 alpha=0 acc mv=417
PCG_PREP o=160 rebuild=1 drift=0 previous_depth=1
POINT_SAFE o=160 frozen=273 slope=-4.0786031456869916 candidate=246654.21431691665 original=246647.54966840512 current=246647.97309181895 won=0 mode=1 camera_scale=1 keep_scale=0
ATTR_RADIUS o=160 raw_norm=23993.262235308597 norm=403.16907370370916 radius=1612.6762948148357 next_radius=1612.6762948148357 lambda=4.2957927767872656e-08 next_lambda=4.2957927767872656e-08 rho=0.41804507793618867 accept=1
CLASSICAL_LM o=160 lambda=4.2957927767872656e-08 tau=4.2957927767872656e-08 prediction=1.0128654448412904 rho=0.41804507793618867 accept=1
  MFCG it 161 cost=2.466475e+05 lam=4.296e-08 tau=0.00e+00 cg_it=0 shift=0 ckpt=1 alpha=0 acc mv=419
PCG_PREP o=161 rebuild=1 drift=0 previous_depth=1
POINT_SAFE o=161 frozen=277 slope=-4.1142287086889739 candidate=246653.81589610386 original=246647.12217284506 current=246647.54966840512 won=0 mode=1 camera_scale=1 keep_scale=0
ATTR_RADIUS o=161 raw_norm=23744.2390379524 norm=403.16907370370916 radius=1612.6762948148357 next_radius=1612.6762948148357 lambda=4.2957927767872656e-08 next_lambda=4.2957927767872656e-08 rho=0.41840446678767884 accept=1
CLASSICAL_LM o=161 lambda=4.2957927767872656e-08 tau=4.2957927767872656e-08 prediction=1.0217280024229902 rho=0.41840446678767884 accept=1
  MFCG it 162 cost=2.466471e+05 lam=4.296e-08 tau=0.00e+00 cg_it=0 shift=0 ckpt=1 alpha=0 acc mv=421
PCG_PREP o=162 rebuild=1 drift=0 previous_depth=1
POINT_SAFE o=162 frozen=275 slope=-4.1518938865508765 candidate=246653.40649265022 original=246646.68976930791 current=246647.12217284506 won=0 mode=1 camera_scale=1 keep_scale=0
ATTR_RADIUS o=162 raw_norm=23527.785522282531 norm=403.1690737037091 radius=1612.6762948148357 next_radius=1612.6762948148357 lambda=4.2957927767872656e-08 next_lambda=4.2957927767872656e-08 rho=0.41939581612510241 accept=1
CLASSICAL_LM o=162 lambda=4.2957927767872656e-08 tau=4.2957927767872656e-08 prediction=1.0310153810040621 rho=0.41939581612510241 accept=1
  MFCG it 163 cost=2.466467e+05 lam=4.296e-08 tau=0.00e+00 cg_it=0 shift=0 ckpt=1 alpha=0 acc mv=423
PCG_PREP o=163 rebuild=1 drift=0 previous_depth=1
POINT_SAFE o=163 frozen=264 slope=-4.1899463142294682 candidate=246652.98142319493 original=246646.25171683126 current=246646.68976930791 won=0 mode=1 camera_scale=1 keep_scale=0
ATTR_RADIUS o=163 raw_norm=23322.463788237099 norm=403.16907370370905 radius=1612.6762948148357 next_radius=1612.6762948148357 lambda=4.2957927767872656e-08 next_lambda=4.2957927767872656e-08 rho=0.42104592770558796 accept=1
CLASSICAL_LM o=163 lambda=4.2957927767872656e-08 tau=4.2957927767872656e-08 prediction=1.0403911968292063 rho=0.42104592770558796 accept=1
  MFCG it 164 cost=2.466463e+05 lam=4.296e-08 tau=0.00e+00 cg_it=0 shift=0 ckpt=1 alpha=0 acc mv=425
PCG_PREP o=164 rebuild=1 drift=0 previous_depth=1
POINT_SAFE o=164 frozen=260 slope=-4.2298924000005176 candidate=246652.56734675838 original=246645.80843400222 current=246646.25171683126 won=0 mode=1 camera_scale=1 keep_scale=0
ATTR_RADIUS o=164 raw_norm=23041.990073106208 norm=403.16907370370905 radius=1612.6762948148357 next_radius=1612.6762948148357 lambda=4.2957927767872656e-08 next_lambda=4.2957927767872656e-08 rho=0.42209816146833745 accept=1
CLASSICAL_LM o=164 lambda=4.2957927767872656e-08 tau=4.2957927767872656e-08 prediction=1.0501889596073761 rho=0.42209816146833745 accept=1
  MFCG it 165 cost=2.466458e+05 lam=4.296e-08 tau=0.00e+00 cg_it=0 shift=0 ckpt=1 alpha=0 acc mv=427
PCG_PREP o=165 rebuild=1 drift=0 previous_depth=1
POINT_SAFE o=165 frozen=261 slope=-4.2684817346531521 candidate=246652.12456401219 original=246645.35889421878 current=246645.80843400222 won=0 mode=1 camera_scale=1 keep_scale=0
ATTR_RADIUS o=165 raw_norm=22800.665236699111 norm=403.16907370370899 radius=1612.6762948148357 next_radius=1612.6762948148357 lambda=4.2957927767872656e-08 next_lambda=4.2957927767872656e-08 rho=0.42422737765544322 accept=1
CLASSICAL_LM o=165 lambda=4.2957927767872656e-08 tau=4.2957927767872656e-08 prediction=1.0596670727011572 rho=0.42422737765544322 accept=1
  MFCG: converged (OCA_FTOL: 8 outers < 1.0e-05 rel)
  [menu-backtrack] confirming stop with original retry policy at outer 166
  MFCG it 166 cost=2.466454e+05 lam=4.296e-08 tau=0.00e+00 cg_it=0 shift=0 ckpt=1 alpha=0 acc mv=429
PCG_PREP o=166 rebuild=1 drift=0 previous_depth=1
FOLLOW_POINT o=166 mode=1 changed=61648 candidate=246651.24516138667 rho=-1 selected=0
ATTR_RADIUS o=166 raw_norm=22571.377679561156 norm=1612.6762948148357 radius=1612.6762948148357 next_radius=403.16907370370893 lambda=4.2957927767872656e-08 next_lambda=6.8732684428596249e-07 rho=-1 accept=0
CLASSICAL_LM o=166 lambda=4.2957927767872656e-08 tau=4.2957927767872656e-08 prediction=4.1854914228035511 rho=-1 accept=0
  MFCG it 167  retry 1/8  lam=6.873e-07 tau_eff=4.296e-08  (assembly reused)
PCG_PREP o=166 rebuild=1 drift=0 previous_depth=1
ATTR_RADIUS o=166 raw_norm=4820.0557630333651 norm=403.16907370370888 radius=403.16907370370893 next_radius=806.33814740741786 lambda=6.8732684428596249e-07 next_lambda=1.7183171107149062e-07 rho=0.99691918021111703 accept=1
CLASSICAL_LM o=166 lambda=6.8732684428596249e-07 tau=6.8732684428596249e-07 prediction=22.242469090684022 rho=0.99691918021111703 accept=1
  MFCG it 167 cost=2.466232e+05 lam=1.718e-07 tau=0.00e+00 cg_it=2 shift=0 ckpt=3 alpha=0 acc mv=435
PCG_PREP o=167 rebuild=1 drift=0 previous_depth=3
ATTR_RADIUS o=167 raw_norm=6800.9914401883834 norm=806.33814740741832 radius=806.33814740741786 next_radius=806.33814740741786 lambda=1.7183171107149062e-07 next_lambda=1.7183171107149062e-07 rho=0.59938755307679614 accept=1
CLASSICAL_LM o=167 lambda=1.7183171107149062e-07 tau=1.7183171107149062e-07 prediction=5.2217563086823704 rho=0.59938755307679614 accept=1
  MFCG it 168 cost=2.466201e+05 lam=1.718e-07 tau=0.00e+00 cg_it=0 shift=0 ckpt=1 alpha=0 acc mv=437
PCG_PREP o=168 rebuild=1 drift=0 previous_depth=1
ATTR_RADIUS o=168 raw_norm=6786.3093116795926 norm=806.33814740741821 radius=806.33814740741786 next_radius=806.33814740741786 lambda=1.7183171107149062e-07 next_lambda=1.7183171107149062e-07 rho=0.60415087257759892 accept=1
CLASSICAL_LM o=168 lambda=1.7183171107149062e-07 tau=1.7183171107149062e-07 prediction=5.052915560696488 rho=0.60415087257759892 accept=1
  MFCG it 169 cost=2.466170e+05 lam=1.718e-07 tau=0.00e+00 cg_it=0 shift=0 ckpt=1 alpha=0 acc mv=439
PCG_PREP o=169 rebuild=1 drift=0 previous_depth=1
ATTR_RADIUS o=169 raw_norm=7552.9484513555726 norm=806.33814740741786 radius=806.33814740741786 next_radius=1612.6762948148357 lambda=1.7183171107149062e-07 next_lambda=4.2957927767872656e-08 rho=0.94683865021878588 accept=1
CLASSICAL_LM o=169 lambda=1.7183171107149062e-07 tau=1.7183171107149062e-07 prediction=24.979444876601978 rho=0.94683865021878588 accept=1
  MFCG it 170 cost=2.465934e+05 lam=4.296e-08 tau=0.00e+00 cg_it=2 shift=0 ckpt=3 alpha=0 acc mv=443
PCG_PREP o=170 rebuild=1 drift=0 previous_depth=3
FOLLOW_POINT o=170 mode=1 changed=61575 candidate=246598.70201137167 rho=-1 selected=0
ATTR_RADIUS o=170 raw_norm=20782.099475201143 norm=1612.6762948148355 radius=1612.6762948148357 next_radius=403.16907370370893 lambda=4.2957927767872656e-08 next_lambda=6.8732684428596249e-07 rho=-1 accept=0
CLASSICAL_LM o=170 lambda=4.2957927767872656e-08 tau=4.2957927767872656e-08 prediction=3.4463938395899532 rho=-1 accept=0
  MFCG it 171  retry 1/8  lam=6.873e-07 tau_eff=4.296e-08  (assembly reused)
PCG_PREP o=170 rebuild=1 drift=0 previous_depth=1
ATTR_RADIUS o=170 raw_norm=4289.4921910851153 norm=403.16907370370888 radius=403.16907370370893 next_radius=806.33814740741786 lambda=6.8732684428596249e-07 next_lambda=1.7183171107149062e-07 rho=0.99893500946126923 accept=1
CLASSICAL_LM o=170 lambda=6.8732684428596249e-07 tau=6.8732684428596249e-07 prediction=18.724020917401731 rho=0.99893500946126923 accept=1
  MFCG it 171 cost=2.465746e+05 lam=1.718e-07 tau=0.00e+00 cg_it=2 shift=0 ckpt=3 alpha=0 acc mv=449
PCG_PREP o=171 rebuild=1 drift=0 previous_depth=3
ATTR_RADIUS o=171 raw_norm=6296.8658869185419 norm=806.33814740741809 radius=806.33814740741786 next_radius=806.33814740741786 lambda=1.7183171107149062e-07 next_lambda=1.7183171107149062e-07 rho=0.56779897687757108 accept=1
CLASSICAL_LM o=171 lambda=1.7183171107149062e-07 tau=1.7183171107149062e-07 prediction=4.0795546357654358 rho=0.56779897687757108 accept=1
  MFCG it 172 cost=2.465723e+05 lam=1.718e-07 tau=0.00e+00 cg_it=0 shift=0 ckpt=1 alpha=0 acc mv=451
PCG_PREP o=172 rebuild=1 drift=0 previous_depth=1
ATTR_RADIUS o=172 raw_norm=6246.0942632492579 norm=806.33814740741786 radius=806.33814740741786 next_radius=806.33814740741786 lambda=1.7183171107149062e-07 next_lambda=1.7183171107149062e-07 rho=0.5736192038323904 accept=1
CLASSICAL_LM o=172 lambda=1.7183171107149062e-07 tau=1.7183171107149062e-07 prediction=3.9965983154966849 rho=0.5736192038323904 accept=1
  MFCG it 173 cost=2.465700e+05 lam=1.718e-07 tau=0.00e+00 cg_it=0 shift=0 ckpt=1 alpha=0 acc mv=453
PCG_PREP o=173 rebuild=1 drift=0 previous_depth=1
ATTR_RADIUS o=173 raw_norm=6192.1474526207267 norm=806.33814740741764 radius=806.33814740741786 next_radius=806.33814740741786 lambda=1.7183171107149062e-07 next_lambda=1.7183171107149062e-07 rho=0.57797283130849286 accept=1
CLASSI[R9] wrote /tmp/prism-ba-coarse/research/champion_point_followup/evidence/conditional/venice-52-polish_gate-8/curve.csv
CAL_LM o=173 lambda=1.7183171107149062e-07 tau=1.7183171107149062e-07 prediction=3.8991498534893947 rho=0.57797283130849286 accept=1
TARGET reached outer=174 seconds=2.209272583 cost=246567.78429203029 threshold=246568.27476846694
  MFCG: accepts=174 rejects=11 total_matvecs=455 negcurv=1 cand_evals=185 mean_cg_per_outer=2.6
NUMERIC_REPAIR summary rebuilds=1 floor=4.2957927767872656e-08
  [retry-cache] builds=186 reuses=0
  [menu-backtrack] trials=72 rescues=72 evals=206 total_scored=391
FOLLOW_POINT summary calls=20 wins=8 changed=1262618 seconds=0.224205833
POINT_SAFE summary calls=72 evals=72 wins=2 frozen=23117 seconds=0.173248794
  [scoring] menu_evals=185 alpha_evals=0 backtrack_evals=206 total_scored=391
RESULT algo=mfree_shifted_cg iters=174 final_cost=246567.7842920303 solve_seconds=2.212357
DIAGNOSTICS median_reproj_err_px 3.252455 -> 0.360542 | cheirality_violations(obs) 0 -> 11 | cheirality_violations(pts, of 64053) 0 -> 7
