  [menu-backtrack] active=1 max_evals=8 warmup_accepts=3 confirm_stop=original armijo=1e-4
MIXED_STORAGE fragments=fp32 arithmetic=fp64 state=fp64 acceptance=fp64
  [compact-fragments] active=2 saved_bytes=36105992 storage=fp32 camera_reads=contiguous
  MFCG score_init=11152062.772762468 precision=fp64
PCG_PREP o=0 rebuild=1 drift=0 previous_depth=0
E2_CAP o=0 retry=0 touched=0 ncam=52 raw=3225.352589629671 capped=3225.3525896296705 radius=3225.352589629671 median=290.86422472540966 global_scale=1
ATTR_RADIUS o=0 raw_norm=3225.352589629671 norm=3225.3525896296705 radius=3225.352589629671 next_radius=6450.705179259342 lambda=0.10000000000000001 next_lambda=0.025000000000000001 rho=0.99997438839510577 accept=1
CLASSICAL_LM o=0 lambda=0.10000000000000001 tau=0.10000000000000001 prediction=8877594.9877400473 rho=0.99997438839510577 accept=1
  MFCG it   1 cost=2.274695e+06 lam=2.500e-02 tau=0.00e+00 cg_it=0 shift=0 ckpt=1 alpha=0 acc mv=2
PCG_PREP o=1 rebuild=1 drift=0 previous_depth=1
E2_CAP o=1 retry=0 touched=0 ncam=52 raw=2647.2316791714502 capped=2647.2316791714511 radius=6450.705179259342 median=296.51490701519788 global_scale=1
ATTR_RADIUS o=1 raw_norm=2647.2316791714502 norm=2647.2316791714502 radius=6450.705179259342 next_radius=6450.705179259342 lambda=0.025000000000000001 next_lambda=0.0025000000000000005 rho=0.99732186802085598 accept=1
CLASSICAL_LM o=1 lambda=0.025000000000000001 tau=0.025000000000000001 prediction=749170.87928918703 rho=0.99732186802085598 accept=1
  MFCG it   2 cost=1.527531e+06 lam=2.500e-03 tau=0.00e+00 cg_it=1 shift=0 ckpt=2 alpha=0 acc mv=5
PCG_PREP o=2 rebuild=1 drift=0 previous_depth=2
E2_CAP o=2 retry=0 touched=0 ncam=52 raw=9544.3871513633694 capped=9544.387151363364 radius=6450.705179259342 median=1106.6586225970134 global_scale=0.67586373823256884
ATTR_RADIUS o=2 raw_norm=9544.3871513633694 norm=9544.3871513633694 radius=6450.705179259342 next_radius=1612.6762948148355 lambda=0.0025000000000000005 next_lambda=0.040000000000000008 rho=0.99656782743592653 accept=0
CLASSICAL_LM o=2 lambda=0.0025000000000000005 tau=0.0025000000000000005 prediction=484517.73704334628 rho=0.99656782743592653 accept=0
  MFCG it   3  retry 1/8  lam=4.000e-02 tau_eff=2.500e-03  (assembly reused)
PCG_PREP o=2 rebuild=1 drift=0 previous_depth=5
E2_CAP o=2 retry=1 touched=0 ncam=52 raw=1194.0085416439765 capped=1194.0085416439758 radius=1612.6762948148355 median=136.00574918125005 global_scale=1
ATTR_RADIUS o=2 raw_norm=1194.0085416439767 norm=1194.0085416439767 radius=1612.6762948148355 next_radius=1612.6762948148355 lambda=0.040000000000000008 next_lambda=0.004000000000000001 rho=0.99854931881624831 accept=1
CLASSICAL_LM o=2 lambda=0.040000000000000008 tau=0.040000000000000008 prediction=123091.05961755186 rho=0.99854931881624831 accept=1
  MFCG it   3 cost=1.404618e+06 lam=4.000e-03 tau=0.00e+00 cg_it=2 shift=0 ckpt=3 alpha=0 acc mv=15
PCG_PREP o=3 rebuild=1 drift=0 previous_depth=3
E2_CAP o=3 retry=0 touched=0 ncam=52 raw=6382.1772095036977 capped=6382.1772095036986 radius=1612.6762948148355 median=734.36703079109611 global_scale=0.25268434922386668
ATTR_RADIUS o=3 raw_norm=6382.1772095036977 norm=1612.676294814835 radius=1612.6762948148355 next_radius=3225.352589629671 lambda=0.004000000000000001 next_lambda=0.0010000000000000002 rho=0.99932703496775543 accept=1
CLASSICAL_LM o=3 lambda=0.004000000000000001 tau=0.004000000000000001 prediction=135476.88334442643 rho=0.99932703496775543 accept=1
  MFCG it   4 cost=1.269232e+06 lam=1.000e-03 tau=0.00e+00 cg_it=2 shift=0 ckpt=3 alpha=0 acc mv=19
PCG_PREP o=4 rebuild=1 drift=0 previous_depth=3
E2_CAP o=4 retry=0 touched=0 ncam=52 raw=16311.280734064847 capped=16311.280734064852 radius=3225.352589629671 median=1764.1365684869206 global_scale=0.19773754386396961
ATTR_RADIUS o=4 raw_norm=16311.280734064849 norm=3225.352589629671 radius=3225.352589629671 next_radius=6450.705179259342 lambda=0.0010000000000000002 next_lambda=0.00025000000000000006 rho=1.001932107808049 accept=1
CLASSICAL_LM o=4 lambda=0.0010000000000000002 tau=0.0010000000000000002 prediction=123366.67899976674 rho=1.001932107808049 accept=1
  MFCG it   5 cost=1.145627e+06 lam=2.500e-04 tau=0.00e+00 cg_it=4 shift=0 ckpt=5 alpha=0 acc mv=25
PCG_PREP o=5 rebuild=1 drift=0 previous_depth=5
E2_CAP o=5 retry=0 touched=0 ncam=52 raw=36081.080028153308 capped=36081.080028153308 radius=6450.705179259342 median=3653.4933530423141 global_scale=0.17878359445521011
ATTR_RADIUS o=5 raw_norm=36081.080028153308 norm=6450.705179259342 radius=6450.705179259342 next_radius=12901.410358518684 lambda=0.00025000000000000006 next_lambda=6.2500000000000015e-05 rho=1.0073469230729835 accept=1
CLASSICAL_LM o=5 lambda=0.00025000000000000006 tau=0.00025000000000000006 prediction=150934.33176203552 rho=1.0073469230729835 accept=1
  MFCG it   6 cost=9.935842e+05 lam=6.250e-05 tau=0.00e+00 cg_it=6 shift=0 ckpt=7 alpha=0 acc mv=33
PCG_PREP o=6 rebuild=1 drift=0 previous_depth=7
E2_CAP o=6 retry=0 touched=0 ncam=52 raw=58571.14470097929 capped=58571.144700979297 radius=12901.410358518684 median=5948.2678262603167 global_scale=0.22026904927987476
ATTR_RADIUS o=6 raw_norm=58571.144700979305 norm=12901.410358518686 radius=12901.410358518684 next_radius=12901.410358518684 lambda=6.2500000000000015e-05 next_lambda=6.2500000000000015e-05 rho=0.35471800042170126 accept=1
CLASSICAL_LM o=6 lambda=6.2500000000000015e-05 tau=6.2500000000000015e-05 prediction=210458.98865732749 rho=0.35471800042170126 accept=1
  MFCG it   7 cost=9.189306e+05 lam=6.250e-05 tau=0.00e+00 cg_it=7 shift=0 ckpt=8 alpha=0 acc mv=42
PCG_PREP o=7 rebuild=1 drift=0 previous_depth=8
E2_CAP o=7 retry=0 touched=0 ncam=52 raw=46648.010708539565 capped=46648.010708539558 radius=12901.410358518684 median=4102.1547638733464 global_scale=0.27656935767588703
ATTR_RADIUS o=7 raw_norm=46648.01070853955 norm=12901.410358518684 radius=12901.410358518684 next_radius=25802.820717037368 lambda=6.2500000000000015e-05 next_lambda=1.5625000000000004e-05 rho=0.75241568053396091 accept=1
CLASSICAL_LM o=7 lambda=6.2500000000000015e-05 tau=6.2500000000000015e-05 prediction=307076.7405554172 rho=0.75241568053396091 accept=1
  MFCG it   8 cost=6.878812e+05 lam=1.563e-05 tau=0.00e+00 cg_it=7 shift=0 ckpt=8 alpha=0 acc mv=51
PCG_PREP o=8 rebuild=1 drift=0 previous_depth=8
E2_CAP o=8 retry=0 touched=0 ncam=52 raw=59974.632749466873 capped=59974.632749466866 radius=25802.820717037368 median=3390.3534014342131 global_scale=0.43022890735861552
ATTR_RADIUS o=8 raw_norm=59974.632749466873 norm=25802.820717037372 radius=25802.820717037368 next_radius=51605.641434074736 lambda=1.5625000000000004e-05 next_lambda=3.9062500000000009e-06 rho=0.75334463560808995 accept=1
CLASSICAL_LM o=8 lambda=1.5625000000000004e-05 tau=1.5625000000000004e-05 prediction=274140.11043237185 rho=0.75334463560808995 accept=1
  MFCG it   9 cost=4.813592e+05 lam=3.906e-06 tau=0.00e+00 cg_it=8 shift=0 ckpt=9 alpha=0 acc mv=61
PCG_PREP o=9 rebuild=1 drift=0 previous_depth=9
E2_CAP o=9 retry=0 touched=0 ncam=52 raw=51186.429865284263 capped=51186.429865284263 radius=51605.641434074736 median=2619.7790606617741 global_scale=1
POINT_SAFE o=9 frozen=727 slope=-381928.20571125962 candidate=417155.21272192075 original=413451.18630130484 current=481359.24844763242 won=0 mode=1 camera_scale=1 keep_scale=0
ATTR_RADIUS o=9 raw_norm=51186.429865284263 norm=12796.607466321066 radius=51605.641434074736 next_radius=51605.641434074736 lambda=3.9062500000000009e-06 next_lambda=3.9062500000000012e-07 rho=0.77551260785678833 accept=1
CLASSICAL_LM o=9 lambda=3.9062500000000009e-06 tau=3.9062500000000009e-06 prediction=87565.38766532595 rho=0.77551260785678833 accept=1
  MFCG it  10 cost=4.134512e+05 lam=3.906e-07 tau=0.00e+00 cg_it=6 shift=0 ckpt=7 alpha=0 acc mv=69
PCG_PREP o=10 rebuild=1 drift=0 previous_depth=7
E2_CAP o=10 retry=0 touched=0 ncam=52 raw=61075.679240214908 capped=61075.6792402149 radius=51605.641434074736 median=1865.6490735363957 global_scale=0.84494584548304663
POINT_SAFE o=10 frozen=342 slope=-253870.60515317385 candidate=442887.9080144217 original=376712.65174613235 current=413451.18630130484 won=0 mode=1 camera_scale=1 keep_scale=0
ATTR_RADIUS o=10 raw_norm=61075.679240214915 norm=12901.410358518684 radius=51605.641434074736 next_radius=51605.641434074736 lambda=3.9062500000000012e-07 next_lambda=3.9062500000000016e-08 rho=0.63982624242963959 accept=1
CLASSICAL_LM o=10 lambda=3.9062500000000012e-07 tau=3.9062500000000012e-07 prediction=57419.54943214533 rho=0.63982624242963959 accept=1
  MFCG it  11 cost=3.767127e+05 lam=3.906e-08 tau=0.00e+00 cg_it=5 shift=0 ckpt=6 alpha=0 acc mv=76
PCG_PREP o=11 rebuild=1 drift=0 previous_depth=6
E2_CAP o=11 retry=0 touched=1 ncam=52 raw=43204.664952608407 capped=24036.678549922388 radius=51605.641434074736 median=573.36554484140561 global_scale=1
POINT_SAFE o=11 frozen=154 slope=-175335.56450414023 candidate=331944.93494636682 original=331160.67914208159 current=376712.65174613235 won=0 mode=1 camera_scale=1 keep_scale=0
ATTR_RADIUS o=11 raw_norm=43204.664952608407 norm=12018.339274961194 radius=51605.641434074736 next_radius=51605.641434074736 lambda=3.9062500000000016e-08 next_lambda=3.9062500000000015e-09 rho=0.68186066931304745 accept=1
CLASSICAL_LM o=11 lambda=3.9062500000000016e-08 tau=3.9062500000000016e-08 prediction=66805.396841473354 rho=0.68186066931304745 accept=1
  MFCG it  12 cost=3.311607e+05 lam=3.906e-09 tau=0.00e+00 cg_it=1 shift=0 ckpt=2 alpha=0 acc mv=79
PCG_PREP o=12 rebuild=1 drift=0 previous_depth=2
E2_CAP o=12 retry=0 touched=1 ncam=52 raw=14554.959435860164 capped=4855.860605205472 radius=51605.641434074736 median=139.23230700480329 global_scale=1
ATTR_RADIUS o=12 raw_norm=14554.959435860164 norm=4855.8606052054729 radius=51605.641434074736 next_radius=51605.641434074736 lambda=3.9062500000000015e-09 next_lambda=3.9062500000000019e-10 rho=0.59605299289952529 accept=1
CLASSICAL_LM o=12 lambda=3.9062500000000015e-09 tau=3.9062500000000015e-09 prediction=42485.165475900241 rho=0.59605299289952529 accept=1
  MFCG it  13 cost=3.058373e+05 lam=3.906e-10 tau=0.00e+00 cg_it=0 shift=0 ckpt=1 alpha=0 acc mv=81
PCG_PREP o=13 rebuild=1 drift=0 previous_depth=1
E2_CAP o=13 retry=0 touched=1 ncam=52 raw=16910.472897150757 capped=4442.0706417866177 radius=51605.641434074736 median=123.46141588837739 global_scale=1
ATTR_RADIUS o=13 raw_norm=16910.472897150754 norm=4442.0706417866177 radius=51605.641434074736 next_radius=12901.410358518684 lambda=3.9062500000000019e-10 next_lambda=6.250000000000003e-09 rho=0.16931988074999205 accept=1
CLASSICAL_LM o=13 lambda=3.9062500000000019e-10 tau=3.9062500000000019e-10 prediction=22279.760124273693 rho=0.16931988074999205 accept=1
  MFCG it  14 cost=3.020649e+05 lam=6.250e-09 tau=0.00e+00 cg_it=0 shift=0 ckpt=1 alpha=0 acc mv=83
PCG_PREP o=14 rebuild=1 drift=0 previous_depth=1
E2_CAP o=14 retry=0 touched=1 ncam=52 raw=74746.468362877175 capped=17023.939392276177 radius=12901.410358518684 median=445.61103029242173 global_scale=0.75783930271580391
ATTR_RADIUS o=14 raw_norm=74746.46836287716 norm=12901.410358518689 radius=12901.410358518684 next_radius=12901.410358518684 lambda=6.250000000000003e-09 next_lambda=6.250000000000003e-09 rho=0.5320981143861343 accept=1
CLASSICAL_LM o=14 lambda=6.250000000000003e-09 tau=6.250000000000003e-09 prediction=26722.377063516815 rho=0.5320981143861343 accept=1
  MFCG it  15 cost=2.878459e+05 lam=6.250e-09 tau=0.00e+00 cg_it=1 shift=0 ckpt=2 alpha=0 acc mv=86
PCG_PREP o=15 rebuild=1 drift=0 previous_depth=2
E2_CAP o=15 retry=0 touched=1 ncam=52 raw=16657.912485722441 capped=1460.6322169236314 radius=12901.410358518684 median=41.872496488420481 global_scale=1
ATTR_RADIUS o=15 raw_norm=16657.912485722434 norm=1460.6322169236314 radius=12901.410358518684 next_radius=3225.352589629671 lambda=6.250000000000003e-09 next_lambda=1.0000000000000005e-07 rho=0.19388051816657964 accept=1
CLASSICAL_LM o=15 lambda=6.250000000000003e-09 tau=6.250000000000003e-09 prediction=10709.678399347349 rho=0.19388051816657964 accept=1
  MFCG it  16 cost=2.857695e+05 lam=1.000e-07 tau=0.00e+00 cg_it=0 shift=0 ckpt=1 alpha=0 acc mv=88
PCG_PREP o=16 rebuild=1 drift=0 previous_depth=1
E2_CAP o=16 retry=0 touched=1 ncam=52 raw=16351.309296695903 capped=1133.9370593805022 radius=3225.352589629671 median=31.945519454053628 global_scale=1
ATTR_RADIUS o=16 raw_norm=16351.309296695903 norm=1133.937059380502 radius=3225.352589629671 next_radius=3225.352589629671 lambda=1.0000000000000005e-07 next_lambda=1.0000000000000005e-08 rho=0.76372421856133499 accept=1
CLASSICAL_LM o=16 lambda=1.0000000000000005e-07 tau=1.0000000000000005e-07 prediction=10024.735597499679 rho=0.76372421856133499 accept=1
  MFCG it  17 cost=2.781134e+05 lam=1.000e-08 tau=0.00e+00 cg_it=0 shift=0 ckpt=1 alpha=0 acc mv=90
PCG_PREP o=17 rebuild=1 drift=0 previous_depth=1
E2_CAP o=17 retry=0 touched=1 ncam=52 raw=16880.115327337611 capped=1087.32729036567 radius=3225.352589629671 median=29.917383266443579 global_scale=1
ATTR_RADIUS o=17 raw_norm=16880.115327337604 norm=1087.32729036567 radius=3225.352589629671 next_radius=3225.352589629671 lambda=1.0000000000000005e-08 next_lambda=1.0000000000000005e-09 rho=0.57611668938258154 accept=1
CLASSICAL_LM o=17 lambda=1.0000000000000005e-08 tau=1.0000000000000005e-08 prediction=3592.7726204632627 rho=0.57611668938258154 accept=1
  MFCG it  18 cost=2.760435e+05 lam=1.000e-09 tau=0.00e+00 cg_it=0 shift=0 ckpt=1 alpha=0 acc mv=92
PCG_PREP o=18 rebuild=1 drift=0 previous_depth=1
E2_CAP o=18 retry=0 touched=1 ncam=52 raw=17220.485588748219 capped=1079.4938051595345 radius=3225.352589629671 median=29.301252878326373 global_scale=1
ATTR_RADIUS o=18 raw_norm=17220.485588748215 norm=1079.4938051595348 radius=3225.352589629671 next_radius=3225.352589629671 lambda=1.0000000000000005e-09 next_lambda=1.0000000000000006e-10 rho=0.57834898412092306 accept=1
CLASSICAL_LM o=18 lambda=1.0000000000000005e-09 tau=1.0000000000000005e-09 prediction=2516.7685002913045 rho=0.57834898412092306 accept=1
  MFCG it  19 cost=2.745880e+05 lam=1.000e-10 tau=0.00e+00 cg_it=0 shift=0 ckpt=1 alpha=0 acc mv=94
PCG_PREP o=19 rebuild=1 drift=0 previous_depth=1
E2_CAP o=19 retry=0 touched=1 ncam=52 raw=17682.455394598699 capped=1073.3710704345824 radius=3225.352589629671 median=28.868454657482651 global_scale=1
ATTR_RADIUS o=19 raw_norm=17682.455394598703 norm=1073.3710704345822 radius=3225.352589629671 next_radius=3225.352589629671 lambda=1.0000000000000006e-10 next_lambda=1.0000000000000006e-11 rho=0.41335874834307257 accept=1
CLASSICAL_LM o=19 lambda=1.0000000000000006e-10 tau=1.0000000000000006e-10 prediction=2101.8895563074338 rho=0.41335874834307257 accept=1
  MFCG it  20 cost=2.737191e+05 lam=1.000e-11 tau=0.00e+00 cg_it=0 shift=0 ckpt=1 alpha=0 acc mv=96
PCG_PREP o=20 rebuild=1 drift=0 previous_depth=1
E2_CAP o=20 retry=0 touched=1 ncam=52 raw=18251.374572506829 capped=1116.5330899013265 radius=3225.352589629671 median=30.365484113457676 global_scale=1
ATTR_RADIUS o=20 raw_norm=18251.374572506829 norm=1116.5330899013265 radius=3225.352589629671 next_radius=3225.352589629671 lambda=1.0000000000000006e-11 next_lambda=1.0000000000000006e-12 rho=0.34568701761301923 accept=1
CLASSICAL_LM o=20 lambda=1.0000000000000006e-11 tau=1.0000000000000006e-11 prediction=2167.4470504261853 rho=0.34568701761301923 accept=1
  MFCG it  21 cost=2.729699e+05 lam=1.000e-12 tau=0.00e+00 cg_it=0 shift=0 ckpt=1 alpha=0 acc mv=98
PCG_PREP o=21 rebuild=1 drift=0 previous_depth=1
E2_CAP o=21 retry=0 touched=1 ncam=52 raw=18976.128229596918 capped=1092.3122829004001 radius=3225.352589629671 median=29.647977610906921 global_scale=1
ATTR_RADIUS o=21 raw_norm=18976.128229596918 norm=1092.3122829004001 radius=3225.352589629671 next_radius=3225.352589629671 lambda=1.0000000000000006e-12 next_lambda=1.0000000000000007e-13 rho=0.55581828575463088 accept=1
CLASSICAL_LM o=21 lambda=1.0000000000000006e-12 tau=1.0000000000000006e-12 prediction=2259.7900958061095 rho=0.55581828575463088 accept=1
  MFCG it  22 cost=2.717139e+05 lam=1.000e-13 tau=0.00e+00 cg_it=0 shift=0 ckpt=1 alpha=0 acc mv=100
PCG_PREP o=22 rebuild=1 drift=0 previous_depth=1
E2_CAP o=22 retry=0 touched=1 ncam=52 raw=19811.284777298781 capped=1048.9465255374562 radius=3225.352589629671 median=28.012782304483057 global_scale=1
ATTR_RADIUS o=22 raw_norm=19811.284777298777 norm=1048.9465255374564 radius=3225.352589629671 next_radius=3225.352589629671 lambda=1.0000000000000007e-13 next_lambda=1.0000000000000008e-14 rho=0.4973727323950673 accept=1
CLASSICAL_LM o=22 lambda=1.0000000000000007e-13 tau=1.0000000000000007e-13 prediction=1759.1096409714573 rho=0.4973727323950673 accept=1
  MFCG it  23 cost=2.708389e+05 lam=1.000e-14 tau=0.00e+00 cg_it=0 shift=0 ckpt=1 alpha=0 acc mv=102
PCG_PREP o=23 rebuild=1 drift=0 previous_depth=1
E2_CAP o=23 retry=0 touched=1 ncam=52 raw=20745.92957614753 capped=1039.8787361629591 radius=3225.352589629671 median=27.856589441018457 global_scale=1
ATTR_RADIUS o=23 raw_norm=20745.929576147526 norm=1039.8787361629588 radius=3225.352589629671 next_radius=3225.352589629671 lambda=1.0000000000000008e-14 next_lambda=1.0000000000000009e-15 rho=0.41860125949203569 accept=1
CLASSICAL_LM o=23 lambda=1.0000000000000008e-14 tau=1.0000000000000008e-14 prediction=1579.8875192447811 rho=0.41860125949203569 accept=1
  MFCG it  24 cost=2.701776e+05 lam=1.000e-15 tau=0.00e+00 cg_it=0 shift=0 ckpt=1 alpha=0 acc mv=104
PCG_PREP o=24 rebuild=1 drift=0 previous_depth=1
E2_CAP o=24 retry=0 touched=1 ncam=52 raw=99179.85820696177 capped=6075.110244559387 radius=3225.352589629671 median=155.4224295848035 global_scale=0.53091260237098759
ATTR_RADIUS o=24 raw_norm=99179.858206961784 norm=3225.3525896296719 radius=3225.352589629671 next_radius=3225.352589629671 lambda=1.0000000000000009e-15 next_lambda=1.0000000000000009e-15 rho=0.29438385841428522 accept=1
CLASSICAL_LM o=24 lambda=1.0000000000000009e-15 tau=1.0000000000000009e-15 prediction=2203.4334097365695 rho=0.29438385841428522 accept=1
  MFCG it  25 cost=2.695289e+05 lam=1.000e-15 tau=0.00e+00 cg_it=1 shift=0 ckpt=2 alpha=0 acc mv=107
PCG_PREP o=25 rebuild=1 drift=0 previous_depth=2
E2_CAP o=25 retry=0 touched=1 ncam=52 raw=21235.07893747147 capped=1007.7970153560168 radius=3225.352589629671 median=27.680636933322351 global_scale=1
ATTR_RADIUS o=25 raw_norm=21235.078937471473 norm=1007.7970153560169 radius=3225.352589629671 next_radius=3225.352589629671 lambda=1.0000000000000009e-15 next_lambda=1.000000000000001e-16 rho=0.29233605223873249 accept=1
CLASSICAL_LM o=25 lambda=1.0000000000000009e-15 tau=1.0000000000000009e-15 prediction=2041.3482205250223 rho=0.29233605223873249 accept=1
  MFCG it  26 cost=2.689322e+05 lam=1.000e-16 tau=0.00e+00 cg_it=0 shift=0 ckpt=1 alpha=0 acc mv=109
PCG_PREP o=26 rebuild=1 drift=0 previous_depth=1
NUMERIC_REPAIR o=26 lambda=1.000000000000001e-16 rayleigh=-4.3212690167805314e-06 next_lambda=1.7285076067522125e-05 cg=1 rebuild=1
PCG_PREP o=26 rebuild=1 drift=0 previous_depth=1
E2_CAP o=26 retry=0 touched=1 ncam=52 raw=3042.1607449989888 capped=625.11137752401828 radius=3225.352589629671 median=18.588042026959929 global_scale=1
ATTR_RADIUS o=26 raw_norm=3042.1607449989865 norm=625.11137752401794 radius=3225.352589629671 next_radius=3225.352589629671 lambda=1.7285076067522125e-05 next_lambda=1.7285076067522125e-05 rho=0.99150244595552761 accept=1
CLASSICAL_LM o=26 lambda=1.7285076067522125e-05 tau=1.7285076067522125e-05 prediction=2187.3204250165472 rho=0.99150244595552761 accept=1
  MFCG it  27 cost=2.667634e+05 lam=1.729e-05 tau=0.00e+00 cg_it=0 shift=0 ckpt=1 alpha=0 acc mv=113
PCG_PREP o=27 rebuild=1 drift=0 previous_depth=1
E2_CAP o=27 retry=0 touched=1 ncam=52 raw=3299.3316060090697 capped=624.54207621049932 radius=3225.352589629671 median=18.632844788331244 global_scale=1
ATTR_RADIUS o=27 raw_norm=3299.3316060090706 norm=624.5420762104992 radius=3225.352589629671 next_radius=3225.352589629671 lambda=1.7285076067522125e-05 next_lambda=1.7285076067522125e-05 rho=0.97836265810248502 accept=1
CLASSICAL_LM o=27 lambda=1.7285076067522125e-05 tau=1.7285076067522125e-05 prediction=564.31987204398388 rho=0.97836265810248502 accept=1
  MFCG it  28 cost=2.662113e+05 lam=1.729e-05 tau=0.00e+00 cg_it=0 shift=0 ckpt=1 alpha=0 acc mv=115
PCG_PREP o=28 rebuild=1 drift=0 previous_depth=1
E2_CAP o=28 retry=0 touched=1 ncam=52 raw=3646.7049466124886 capped=656.53082637254306 radius=3225.352589629671 median=19.66447559595467 global_scale=1
ATTR_RADIUS o=28 raw_norm=3646.7049466124904 norm=656.53082637254306 radius=3225.352589629671 next_radius=3225.352589629671 lambda=1.7285076067522125e-05 next_lambda=1.7285076067522125e-05 rho=0.98142945535667347 accept=1
CLASSICAL_LM o=28 lambda=1.7285076067522125e-05 tau=1.7285076067522125e-05 prediction=483.06570284129276 rho=0.98142945535667347 accept=1
  MFCG it  29 cost=2.657372e+05 lam=1.729e-05 tau=0.00e+00 cg_it=0 shift=0 ckpt=1 alpha=0 acc mv=117
PCG_PREP o=29 rebuild=1 drift=0 previous_depth=1
E2_CAP o=29 retry=0 touched=0 ncam=52 raw=5933.7672838428061 capped=5933.7672838428061 radius=3225.352589629671 median=347.82184801089591 global_scale=0.54355899639206595
ATTR_RADIUS o=29 raw_norm=5933.7672838428061 norm=3225.3525896296701 radius=3225.352589629671 next_radius=6450.705179259342 lambda=1.7285076067522125e-05 next_lambda=1.7285076067522125e-05 rho=0.98638367609011834 accept=1
CLASSICAL_LM o=29 lambda=1.7285076067522125e-05 tau=1.7285076067522125e-05 prediction=2629.8890085688154 rho=0.98638367609011834 accept=1
  MFCG it  30 cost=2.631431e+05 lam=1.729e-05 tau=0.00e+00 cg_it=3 shift=0 ckpt=4 alpha=0 acc mv=122
PCG_PREP o=30 rebuild=1 drift=0 previous_depth=4
E2_CAP o=30 retry=0 touched=0 ncam=52 raw=4747.628373754841 capped=4747.6283737548401 radius=6450.705179259342 median=303.34536104260303 global_scale=1
ATTR_RADIUS o=30 raw_norm=4747.6283737548401 norm=4747.6283737548401 radius=6450.705179259342 next_radius=6450.705179259342 lambda=1.7285076067522125e-05 next_lambda=1.7285076067522125e-05 rho=0.9881660312763253 accept=1
CLASSICAL_LM o=30 lambda=1.7285076067522125e-05 tau=1.7285076067522125e-05 prediction=1746.9208623476677 rho=0.9881660312763253 accept=1
  MFCG it  31 cost=2.614169e+05 lam=1.729e-05 tau=0.00e+00 cg_it=3 shift=0 ckpt=4 alpha=0 acc mv=127
PCG_PREP o=31 rebuild=1 drift=0 previous_depth=4
E2_CAP o=31 retry=0 touched=2 ncam=52 raw=3258.3793463631346 capped=376.61401539469625 radius=6450.705179259342 median=8.6599387573945652 global_scale=1
ATTR_RADIUS o=31 raw_norm=3258.3793463631355 norm=376.61401539469625 radius=6450.705179259342 next_radius=6450.705179259342 lambda=1.7285076067522125e-05 next_lambda=1.7285076067522125e-05 rho=0.86314760576884375 accept=1
CLASSICAL_LM o=31 lambda=1.7285076067522125e-05 tau=1.7285076067522125e-05 prediction=120.70238843085644 rho=0.86314760576884375 accept=1
  MFCG it  32 cost=2.613127e+05 lam=1.729e-05 tau=0.00e+00 cg_it=0 shift=0 ckpt=1 alpha=0 acc mv=129
PCG_PREP o=32 rebuild=1 drift=0 previous_depth=1
E2_CAP o=32 retry=0 touched=2 ncam=52 raw=3126.0283638404426 capped=293.36073072206199 radius=6450.705179259342 median=6.7822172209173601 global_scale=1
ATTR_RADIUS o=32 raw_norm=3126.0283638404426 norm=293.36073072206199 radius=6450.705179259342 next_radius=6450.705179259342 lambda=1.7285076067522125e-05 next_lambda=1.7285076067522125e-05 rho=0.94231858594985562 accept=1
CLASSICAL_LM o=32 lambda=1.7285076067522125e-05 tau=1.7285076067522125e-05 prediction=48.973244594059871 rho=0.94231858594985562 accept=1
  MFCG it  33 cost=2.612666e+05 lam=1.729e-05 tau=0.00e+00 cg_it=0 shift=0 ckpt=1 alpha=0 acc mv=131
PCG_PREP o=33 rebuild=1 drift=0 previous_depth=1
E2_CAP o=33 retry=0 touched=2 ncam=52 raw=3080.1095714504609 capped=262.53708418562456 radius=6450.705179259342 median=6.0610488878217179 global_scale=1
ATTR_RADIUS o=33 raw_norm=3080.1095714504627 norm=262.53708418562456 radius=6450.705179259342 next_radius=6450.705179259342 lambda=1.7285076067522125e-05 next_lambda=1.7285076067522125e-05 rho=0.99988577064153872 accept=1
CLASSICAL_LM o=33 lambda=1.7285076067522125e-05 tau=1.7285076067522125e-05 prediction=47.706696887066414 rho=0.99988577064153872 accept=1
  MFCG it  34 cost=2.612189e+05 lam=1.729e-05 tau=0.00e+00 cg_it=0 shift=0 ckpt=1 alpha=0 acc mv=133
PCG_PREP o=34 rebuild=1 drift=0 previous_depth=1
E2_CAP o=34 retry=0 touched=2 ncam=52 raw=3169.3330988402718 capped=258.05013156179251 radius=6450.705179259342 median=5.8193649112170522 global_scale=1
ATTR_RADIUS o=34 raw_norm=3169.3330988402708 norm=258.05013156179251 radius=6450.705179259342 next_radius=6450.705179259342 lambda=1.7285076067522125e-05 next_lambda=1.7285076067522125e-05 rho=0.97685653762953084 accept=1
CLASSICAL_LM o=34 lambda=1.7285076067522125e-05 tau=1.7285076067522125e-05 prediction=105.48823417611598 rho=0.97685653762953084 accept=1
  MFCG it  35 cost=2.611158e+05 lam=1.729e-05 tau=0.00e+00 cg_it=0 shift=0 ckpt=1 alpha=0 acc mv=135
PCG_PREP o=35 rebuild=1 drift=0 previous_depth=1
E2_CAP o=35 retry=0 touched=3 ncam=52 raw=3952.7793884672415 capped=320.65526893130652 radius=6450.705179259342 median=6.0546619372409811 global_scale=1
ATTR_RADIUS o=35 raw_norm=3952.7793884672419 norm=320.65526893130647 radius=6450.705179259342 next_radius=6450.705179259342 lambda=1.7285076067522125e-05 next_lambda=1.7285076067522125e-05 rho=0.92806912480384507 accept=1
CLASSICAL_LM o=35 lambda=1.7285076067522125e-05 tau=1.7285076067522125e-05 prediction=290.21494947114866 rho=0.92806912480384507 accept=1
  MFCG it  36 cost=2.608465e+05 lam=1.729e-05 tau=0.00e+00 cg_it=0 shift=0 ckpt=1 alpha=0 acc mv=137
PCG_PREP o=36 rebuild=1 drift=0 previous_depth=1
E2_CAP o=36 retry=0 touched=2 ncam=52 raw=2615.3420449921332 capped=794.44322770662211 radius=6450.705179259342 median=15.751948454085429 global_scale=1
ATTR_RADIUS o=36 raw_norm=2615.3420449921337 norm=794.44322770662211 radius=6450.705179259342 next_radius=6450.705179259342 lambda=1.7285076067522125e-05 next_lambda=1.7285076067522125e-05 rho=0.94449885124593513 accept=1
CLASSICAL_LM o=36 lambda=1.7285076067522125e-05 tau=1.7285076067522125e-05 prediction=540.69712945553465 rho=0.94449885124593513 accept=1
  MFCG it  37 cost=2.603358e+05 lam=1.729e-05 tau=0.00e+00 cg_it=1 shift=0 ckpt=2 alpha=0 acc mv=140
PCG_PREP o=37 rebuild=1 drift=0 previous_depth=2
E2_CAP o=37 retry=0 touched=2 ncam=52 raw=3592.4893639897618 capped=239.44950840955303 radius=6450.705179259342 median=5.007864176727792 global_scale=1
ATTR_RADIUS o=37 raw_norm=3592.4893639897609 norm=239.449508409553 radius=6450.705179259342 next_radius=6450.705179259342 lambda=1.7285076067522125e-05 next_lambda=1.7285076067522125e-05 rho=0.84478239339276018 accept=1
CLASSICAL_LM o=37 lambda=1.7285076067522125e-05 tau=1.7285076067522125e-05 prediction=177.61660432683829 rho=0.84478239339276018 accept=1
  MFCG it  38 cost=2.601857e+05 lam=1.729e-05 tau=0.00e+00 cg_it=0 shift=0 ckpt=1 alpha=0 acc mv=142
PCG_PREP o=38 rebuild=1 drift=0 previous_depth=1
E2_CAP o=38 retry=0 touched=2 ncam=52 raw=3339.3704651717399 capped=187.91383159608185 radius=6450.705179259342 median=3.9135647548241161 global_scale=1
ATTR_RADIUS o=38 raw_norm=3339.3704651717412 norm=187.91383159608179 radius=6450.705179259342 next_radius=6450.705179259342 lambda=1.7285076067522125e-05 next_lambda=1.7285076067522125e-05 rho=0.89251654300894379 accept=1
CLASSICAL_LM o=38 lambda=1.7285076067522125e-05 tau=1.7285076067522125e-05 prediction=84.194793197773691 rho=0.89251654300894379 accept=1
  MFCG it  39 cost=2.601106e+05 lam=1.729e-05 tau=0.00e+00 cg_it=0 shift=0 ckpt=1 alpha=0 acc mv=144
PCG_PREP o=39 rebuild=1 drift=0 previous_depth=1
E2_CAP o=39 retry=0 touched=2 ncam=52 raw=3162.8909903503059 capped=181.28602894446348 radius=6450.705179259342 median=3.8395215496444122 global_scale=1
ATTR_RADIUS o=39 raw_norm=3162.8909903503063 norm=181.28602894446348 radius=6450.705179259342 next_radius=6450.705179259342 lambda=1.7285076067522125e-05 next_lambda=1.7285076067522125e-05 rho=0.9294418131868375 accept=1
CLASSICAL_LM o=39 lambda=1.7285076067522125e-05 tau=1.7285076067522125e-05 prediction=53.859007536192792 rho=0.9294418131868375 accept=1
  MFCG it  40 cost=2.600605e+05 lam=1.729e-05 tau=0.00e+00 cg_it=0 shift=0 ckpt=1 alpha=0 acc mv=146
PCG_PREP o=40 rebuild=1 drift=0 previous_depth=1
E2_CAP o=40 retry=0 touched=1 ncam=52 raw=3017.7119005940654 capped=163.87669150874757 radius=6450.705179259342 median=3.7117825452663307 global_scale=1
ATTR_RADIUS o=40 raw_norm=3017.7119005940644 norm=163.87669150874757 radius=6450.705179259342 next_radius=6450.705179259342 lambda=1.7285076067522125e-05 next_lambda=1.7285076067522125e-05 rho=0.94927911132620624 accept=1
CLASSICAL_LM o=40 lambda=1.7285076067522125e-05 tau=1.7285076067522125e-05 prediction=36.05466733463404 rho=0.94927911132620624 accept=1
  MFCG it  41 cost=2.600263e+05 lam=1.729e-05 tau=0.00e+00 cg_it=0 shift=0 ckpt=1 alpha=0 acc mv=148
PCG_PREP o=41 rebuild=1 drift=0 previous_depth=1
E2_CAP o=41 retry=0 touched=1 ncam=52 raw=2918.6266001357017 capped=144.39097227230397 radius=6450.705179259342 median=3.6727884398614385 global_scale=1
ATTR_RADIUS o=41 raw_norm=2918.6266001357026 norm=144.39097227230397 radius=6450.705179259342 next_radius=6450.705179259342 lambda=1.7285076067522125e-05 next_lambda=1.7285076067522125e-05 rho=0.96380209292788543 accept=1
CLASSICAL_LM o=41 lambda=1.7285076067522125e-05 tau=1.7285076067522125e-05 prediction=24.456713922129914 rho=0.96380209292788543 accept=1
  MFCG it  42 cost=2.600027e+05 lam=1.729e-05 tau=0.00e+00 cg_it=0 shift=0 ckpt=1 alpha=0 acc mv=150
PCG_PREP o=42 rebuild=1 drift=0 previous_depth=1
E2_CAP o=42 retry=0 touched=1 ncam=52 raw=2859.5856252679741 capped=128.90890097643711 radius=6450.705179259342 median=3.396840837162856 global_scale=1
ATTR_RADIUS o=42 raw_norm=2859.5856252679746 norm=128.90890097643708 radius=6450.705179259342 next_radius=6450.705179259342 lambda=1.7285076067522125e-05 next_lambda=1.7285076067522125e-05 rho=0.97462770700134604 accept=1
CLASSICAL_LM o=42 lambda=1.7285076067522125e-05 tau=1.7285076067522125e-05 prediction=18.170727578688826 rho=0.97462770700134604 accept=1
  MFCG it  43 cost=2.599850e+05 lam=1.729e-05 tau=0.00e+00 cg_it=0 shift=0 ckpt=1 alpha=0 acc mv=152
PCG_PREP o=43 rebuild=1 drift=0 previous_depth=1
E2_CAP o=43 retry=0 touched=1 ncam=52 raw=2819.7714550106916 capped=117.34120971386406 radius=6450.705179259342 median=3.1605508368760979 global_scale=1
ATTR_RADIUS o=43 raw_norm=2819.7714550106921 norm=117.34120971386406 radius=6450.705179259342 next_radius=6450.705179259342 lambda=1.7285076067522125e-05 next_lambda=1.7285076067522125e-05 rho=0.98140631645817067 accept=1
CLASSICAL_LM o=43 lambda=1.7285076067522125e-05 tau=1.7285076067522125e-05 prediction=14.470718623900538 rho=0.98140631645817067 accept=1
  MFCG it  44 cost=2.599708e+05 lam=1.729e-05 tau=0.00e+00 cg_it=0 shift=0 ckpt=1 alpha=0 acc mv=154
PCG_PREP o=44 rebuild=1 drift=0 previous_depth=1
E2_CAP o=44 retry=0 touched=1 ncam=52 raw=2791.0967990439972 capped=108.17078330901337 radius=6450.705179259342 median=2.9603579614397786 global_scale=1
ATTR_RADIUS o=44 raw_norm=2791.0967990439972 norm=108.17078330901336 radius=6450.705179259342 next_radius=6450.705179259342 lambda=1.7285076067522125e-05 next_lambda=1.7285076067522125e-05 rho=0.98570752779312587 accept=1
CLASSICAL_LM o=44 lambda=1.7285076067522125e-05 tau=1.7285076067522125e-05 prediction=12.095071836500733 rho=0.98570752779312587 accept=1
  MFCG it  45 cost=2.599589e+05 lam=1.729e-05 tau=0.00e+00 cg_it=0 shift=0 ckpt=1 alpha=0 acc mv=156
PCG_PREP o=45 rebuild=1 drift=0 previous_depth=1
E2_CAP o=45 retry=0 touched=1 ncam=52 raw=2769.4674620810679 capped=101.6074261604012 radius=6450.705179259342 median=2.8274426452185883 global_scale=1
ATTR_RADIUS o=45 raw_norm=2769.4674620810674 norm=101.6074261604012 radius=6450.705179259342 next_radius=6450.705179259342 lambda=1.7285076067522125e-05 next_lambda=1.7285076067522125e-05 rho=0.98856322025644561 accept=1
CLASSICAL_LM o=45 lambda=1.7285076067522125e-05 tau=1.7285076067522125e-05 prediction=10.527610005333646 rho=0.98856322025644561 accept=1
  MFCG it  46 cost=2.599485e+05 lam=1.729e-05 tau=0.00e+00 cg_it=0 shift=0 ckpt=1 alpha=0 acc mv=158
PCG_PREP o=46 rebuild=1 drift=0 previous_depth=1
E2_CAP o=46 retry=0 touched=1 ncam=52 raw=2752.4501679399195 capped=96.871705779216441 radius=6450.705179259342 median=2.7407853159010926 global_scale=1
ATTR_RADIUS o=46 raw_norm=2752.4501679399195 norm=96.871705779216441 radius=6450.705179259342 next_radius=6450.705179259342 lambda=1.7285076067522125e-05 next_lambda=1.7285076067522125e-05 rho=0.99052578475052044 accept=1
CLASSICAL_LM o=46 lambda=1.7285076067522125e-05 tau=1.7285076067522125e-05 prediction=9.4544141128338826 rho=0.99052578475052044 accept=1
  MFCG it  47 cost=2.599391e+05 lam=1.729e-05 tau=0.00e+00 cg_it=0 shift=0 ckpt=1 alpha=0 acc mv=160
PCG_PREP o=47 rebuild=1 drift=0 previous_depth=1
E2_CAP o=47 retry=0 touched=1 ncam=52 raw=2738.548428885967 capped=93.13272579641071 radius=6450.705179259342 median=2.6739174814952174 global_scale=1
ATTR_RADIUS o=47 raw_norm=2738.5484288859666 norm=93.132725796410696 radius=6450.705179259342 next_radius=6450.705179259342 lambda=1.7285076067522125e-05 next_lambda=1.7285076067522125e-05 rho=0.99192022679584768 accept=1
CLASSICAL_LM o=47 lambda=1.7285076067522125e-05 tau=1.7285076067522125e-05 prediction=8.6809710607115882 rho=0.99192022679584768 accept=1
  MFCG it  48 cost=2.599305e+05 lam=1.729e-05 tau=0.00e+00 cg_it=0 shift=0 ckpt=1 alpha=0 acc mv=162
PCG_PREP o=48 rebuild=1 drift=0 previous_depth=1
E2_CAP o=48 retry=0 touched=1 ncam=52 raw=2726.8291723219659 capped=88.456045095306081 radius=6450.705179259342 median=2.5570998285578659 global_scale=1
ATTR_RADIUS o=48 raw_norm=2726.8291723219668 norm=88.456045095306038 radius=6450.705179259342 next_radius=6450.705179259342 lambda=1.7285076067522125e-05 next_lambda=1.7285076067522125e-05 rho=0.99299590006516114 accept=1
CLASSICAL_LM o=48 lambda=1.7285076067522125e-05 tau=1.7285076067522125e-05 prediction=8.0098053768658684 rho=0.99299590006516114 accept=1
  MFCG it  49 cost=2.599226e+05 lam=1.729e-05 tau=0.00e+00 cg_it=0 shift=0 ckpt=1 alpha=0 acc mv=164
PCG_PREP o=49 rebuild=1 drift=0 previous_depth=1
E2_CAP o=49 retry=0 touched=1 ncam=52 raw=2716.837913592994 capped=82.294554836338051 radius=6450.705179259342 median=2.3736197889085551 global_scale=1
ATTR_RADIUS o=49 raw_norm=2716.837913592994 norm=82.294554836338051 radius=6450.705179259342 next_radius=6450.705179259342 lambda=1.7285076067522125e-05 next_lambda=1.7285076067522125e-05 rho=0.99390526583045902 accept=1
CLASSICAL_LM o=49 lambda=1.7285076067522125e-05 tau=1.7285076067522125e-05 prediction=7.3601574883602874 rho=0.99390526583045902 accept=1
  MFCG it  50 cost=2.599153e+05 lam=1.729e-05 tau=0.00e+00 cg_it=0 shift=0 ckpt=1 alpha=0 acc mv=166
PCG_PREP o=50 rebuild=1 drift=0 previous_depth=1
E2_CAP o=50 retry=0 touched=1 ncam=52 raw=2708.3465439378647 capped=80.731241983215781 radius=6450.705179259342 median=2.3590259132542526 global_scale=1
ATTR_RADIUS o=50 raw_norm=2708.3465439378651 norm=80.731241983215767 radius=6450.705179259342 next_radius=6450.705179259342 lambda=1.7285076067522125e-05 next_lambda=1.7285076067522125e-05 rho=0.99449134194134592 accept=1
CLASSICAL_LM o=50 lambda=1.7285076067522125e-05 tau=1.7285076067522125e-05 prediction=7.0568364371686068 rho=0.99449134194134592 accept=1
  MFCG it  51 cost=2.599082e+05 lam=1.729e-05 tau=0.00e+00 cg_it=0 shift=0 ckpt=1 alpha=0 acc mv=168
PCG_PREP o=51 rebuild=1 drift=0 previous_depth=1
E2_CAP o=51 retry=0 touched=1 ncam=52 raw=2700.6246685262499 capped=78.364957841728554 radius=6450.705179259342 median=2.3068917851970658 global_scale=1
ATTR_RADIUS o=51 raw_norm=2700.6246685262504 norm=78.364957841728568 radius=6450.705179259342 next_radius=6450.705179259342 lambda=1.7285076067522125e-05 next_lambda=1.7285076067522125e-05 rho=0.99499234754678811 accept=1
CLASSICAL_LM o=51 lambda=1.7285076067522125e-05 tau=1.7285076067522125e-05 prediction=6.7579136817905958 rho=0.99499234754678811 accept=1
  MFCG it  52 cost=2.599015e+05 lam=1.729e-05 tau=0.00e+00 cg_it=0 shift=0 ckpt=1 alpha=0 acc mv=170
PCG_PREP o=52 rebuild=1 drift=0 previous_depth=1
E2_CAP o=52 retry=0 touched=1 ncam=52 raw=2693.5741718737763 capped=75.610502762246924 radius=6450.705179259342 median=2.2351935789727477 global_scale=1
ATTR_RADIUS o=52 raw_norm=2693.5741718737754 norm=75.610502762246938 radius=6450.705179259342 next_radius=6450.705179259342 lambda=1.7285076067522125e-05 next_lambda=1.7285076067522125e-05 rho=0.9954291860509209 accept=1
CLASSICAL_LM o=52 lambda=1.7285076067522125e-05 tau=1.7285076067522125e-05 prediction=6.4744775522994384 rho=0.9954291860509209 accept=1
  MFCG it  53 cost=2.598951e+05 lam=1.729e-05 tau=0.00e+00 cg_it=0 shift=0 ckpt=1 alpha=0 acc mv=172
PCG_PREP o=53 rebuild=1 drift=0 previous_depth=1
E2_CAP o=53 retry=0 touched=1 ncam=52 raw=2687.1033618606175 capped=71.531793334735028 radius=6450.705179259342 median=2.1099895963050992 global_scale=1
ATTR_RADIUS o=53 raw_norm=2687.103361860618 norm=71.531793334735028 radius=6450.705179259342 next_radius=6450.705179259342 lambda=1.7285076067522125e-05 next_lambda=1.7285076067522125e-05 rho=0.99586948452676083 accept=1
CLASSICAL_LM o=53 lambda=1.7285076067522125e-05 tau=1.7285076067522125e-05 prediction=6.1434021956382985 rho=0.99586948452676083 accept=1
  MFCG it  54 cost=2.598889e+05 lam=1.729e-05 tau=0.00e+00 cg_it=0 shift=0 ckpt=1 alpha=0 acc mv=174
PCG_PREP o=54 rebuild=1 drift=0 previous_depth=1
E2_CAP o=54 retry=0 touched=1 ncam=52 raw=2681.2503692322221 capped=69.070329138446795 radius=6450.705179259342 median=2.0426903298983183 global_scale=1
ATTR_RADIUS o=54 raw_norm=2681.2503692322211 norm=69.070329138446795 radius=6450.705179259342 next_radius=6450.705179259342 lambda=1.7285076067522125e-05 next_lambda=1.7285076067522125e-05 rho=0.99618998514830392 accept=1
CLASSICAL_LM o=54 lambda=1.7285076067522125e-05 tau=1.7285076067522125e-05 prediction=5.925829992443866 rho=0.99618998514830392 accept=1
  MFCG it  55 cost=2.598830e+05 lam=1.729e-05 tau=0.00e+00 cg_it=0 shift=0 ckpt=1 alpha=0 acc mv=176
PCG_PREP o=55 rebuild=1 drift=0 previous_depth=1
E2_CAP o=55 retry=0 touched=1 ncam=52 raw=2675.7837198488364 capped=67.594636337064486 radius=6450.705179259342 median=2.0097328620807819 global_scale=1
ATTR_RADIUS o=55 raw_norm=2675.7837198488364 norm=67.5946363370645 radius=6450.705179259342 next_radius=6450.705179259342 lambda=1.7285076067522125e-05 next_lambda=1.7285076067522125e-05 rho=0.99642765525819577 accept=1
CLASSICAL_LM o=55 lambda=1.7285076067522125e-05 tau=1.7285076067522125e-05 prediction=5.7793775987182947 rho=0.99642765525819577 accept=1
  MFCG it  56 cost=2.598773e+05 lam=1.729e-05 tau=0.00e+00 cg_it=0 shift=0 ckpt=1 alpha=0 acc mv=178
PCG_PREP o=56 rebuild=1 drift=0 previous_depth=1
E2_CAP o=56 retry=0 touched=1 ncam=52 raw=2670.5574074065426 capped=66.351215645233523 radius=6450.705179259342 median=1.983080385493714 global_scale=1
ATTR_RADIUS o=56 raw_norm=2670.5574074065416 norm=66.351215645233523 radius=6450.705179259342 next_radius=6450.705179259342 lambda=1.7285076067522125e-05 next_lambda=1.7285076067522125e-05 rho=0.99662558566198722 accept=1
CLASSICAL_LM o=56 lambda=1.7285076067522125e-05 tau=1.7285076067522125e-05 prediction=5.6568951282146527 rho=0.99662558566198722 accept=1
  MFCG it  57 cost=2.598716e+05 lam=1.729e-05 tau=0.00e+00 cg_it=0 shift=0 ckpt=1 alpha=0 acc mv=180
PCG_PREP o=57 rebuild=1 drift=0 previous_depth=1
E2_CAP o=57 retry=0 touched=1 ncam=52 raw=2665.5149416774871 capped=65.18848373650583 radius=6450.705179259342 median=1.9574401225122391 global_scale=1
ATTR_RADIUS o=57 raw_norm=2665.5149416774866 norm=65.188483736505816 radius=6450.705179259342 next_radius=6450.705179259342 lambda=1.7285076067522125e-05 next_lambda=1.7285076067522125e-05 rho=0.99679708696843483 accept=1
CLASSICAL_LM o=57 lambda=1.7285076067522125e-05 tau=1.7285076067522125e-05 prediction=5.5470772942074777 rho=0.99679708696843483 accept=1
  MFCG it  58 cost=2.598661e+05 lam=1.729e-05 tau=0.00e+00 cg_it=0 shift=0 ckpt=1 alpha=0 acc mv=182
PCG_PREP o=58 rebuild=1 drift=0 previous_depth=1
E2_CAP o=58 retry=0 touched=1 ncam=52 raw=2660.6237094330177 capped=64.09478474341411 radius=6450.705179259342 median=1.9326884220473828 global_scale=1
ATTR_RADIUS o=58 raw_norm=2660.6237094330168 norm=64.09478474341411 radius=6450.705179259342 next_radius=6450.705179259342 lambda=1.7285076067522125e-05 next_lambda=1.7285076067522125e-05 rho=0.99694725891153901 accept=1
CLASSICAL_LM o=58 lambda=1.7285076067522125e-05 tau=1.7285076067522125e-05 prediction=5.4473088321829293 rho=0.99694725891153901 accept=1
  MFCG it  59 cost=2.598607e+05 lam=1.729e-05 tau=0.00e+00 cg_it=0 shift=0 ckpt=1 alpha=0 acc mv=184
PCG_PREP o=59 rebuild=1 drift=0 previous_depth=1
E2_CAP o=59 retry=0 touched=1 ncam=52 raw=2655.8603431445376 capped=63.061032419786287 radius=6450.705179259342 median=1.9087285651620314 global_scale=1
ATTR_RADIUS o=59 raw_norm=2655.8603431445376 norm=63.061032419786294 radius=6450.705179259342 next_radius=6450.705179259342 lambda=1.7285076067522125e-05 next_lambda=1.7285076067522125e-05 rho=0.99708002731092815 accept=1
CLASSICAL_LM o=59 lambda=1.7285076067522125e-05 tau=1.7285076067522125e-05 prediction=5.3556256030947216 rho=0.99708002731092815 accept=1
  MFCG it  60 cost=2.598553e+05 lam=1.729e-05 tau=0.00e+00 cg_it=0 shift=0 ckpt=1 alpha=0 acc mv=186
PCG_PREP o=60 rebuild=1 drift=0 previous_depth=1
E2_CAP o=60 retry=0 touched=1 ncam=52 raw=2651.2066895838866 capped=62.14810065294472 radius=6450.705179259342 median=1.8879744077881551 global_scale=1
ATTR_RADIUS o=60 raw_norm=2651.2066895838871 norm=62.148100652944713 radius=6450.705179259342 next_radius=6450.705179259342 lambda=1.7285076067522125e-05 next_lambda=1.7285076067522125e-05 rho=0.99719486547922298 accept=1
CLASSICAL_LM o=60 lambda=1.7285076067522125e-05 tau=1.7285076067522125e-05 prediction=5.2742768727094562 rho=0.99719486547922298 accept=1
  MFCG it  61 cost=2.598501e+05 lam=1.729e-05 tau=0.00e+00 cg_it=0 shift=0 ckpt=1 alpha=0 acc mv=188
PCG_PREP o=61 rebuild=1 drift=0 previous_depth=1
E2_CAP o=61 retry=0 touched=1 ncam=52 raw=2646.6413221099892 capped=63.358677056112235 radius=6450.705179259342 median=1.9433144239268842 global_scale=1
ATTR_RADIUS o=61 raw_norm=2646.6413221099892 norm=63.358677056112228 radius=6450.705179259342 next_radius=6450.705179259342 lambda=1.7285076067522125e-05 next_lambda=1.7285076067522125e-05 rho=0.99718753194391774 accept=1
CLASSICAL_LM o=61 lambda=1.7285076067522125e-05 tau=1.7285076067522125e-05 prediction=5.3114538544237853 rho=0.99718753194391774 accept=1
  MFCG it  62 cost=2.598448e+05 lam=1.729e-05 tau=0.00e+00 cg_it=0 shift=0 ckpt=1 alpha=0 acc mv=190
PCG_PREP o=62 rebuild=1 drift=0 previous_depth=1
E2_CAP o=62 retry=0 touched=1 ncam=52 raw=2641.9545607861664 capped=64.620359080140958 radius=6450.705179259342 median=1.9986313614572326 global_scale=1
ATTR_RADIUS o=62 raw_norm=2641.9545607861669 norm=64.620359080140986 radius=6450.705179259342 next_radius=6450.705179259342 lambda=1.7285076067522125e-05 next_lambda=1.7285076067522125e-05 rho=0.99716935194043366 accept=1
CLASSICAL_LM o=62 lambda=1.7285076067522125e-05 tau=1.7285076067522125e-05 prediction=5.3516759930260234 rho=0.99716935194043366 accept=1
  MFCG it  63 cost=2.598395e+05 lam=1.729e-05 tau=0.00e+00 cg_it=0 shift=0 ckpt=1 alpha=0 acc mv=192
PCG_PREP o=63 rebuild=1 drift=0 previous_depth=1
E2_CAP o=63 retry=0 touched=1 ncam=52 raw=2637.1431063885348 capped=64.191307610242987 radius=6450.705179259342 median=1.9919463868443388 global_scale=1
ATTR_RADIUS o=63 raw_norm=2637.1431063885339 norm=64.191307610242987 radius=6450.705179259342 next_radius=6450.705179259342 lambda=1.7285076067522125e-05 next_lambda=1.7285076067522125e-05 rho=0.99723642845636939 accept=1
CLASSICAL_LM o=63 lambda=1.7285076067522125e-05 tau=1.7285076067522125e-05 prediction=5.3017292753774337 rho=0.99723642845636939 accept=1
  MFCG it  64 cost=2.598342e+05 lam=1.729e-05 tau=0.00e+00 cg_it=0 shift=0 ckpt=1 alpha=0 acc mv=194
PCG_PREP o=64 rebuild=1 drift=0 previous_depth=1
E2_CAP o=64 retry=0 touched=1 ncam=52 raw=2632.3675305331258 capped=63.85429988346511 radius=6450.705179259342 median=1.9878016046921507 global_scale=1
ATTR_RADIUS o=64 raw_norm=2632.3675305331253 norm=63.854299883465124 radius=6450.705179259342 next_radius=6450.705179259342 lambda=1.7285076067522125e-05 next_lambda=1.7285076067522125e-05 rho=0.99729300272156407 accept=1
CLASSICAL_LM o=64 lambda=1.7285076067522125e-05 tau=1.7285076067522125e-05 prediction=5.2580040191062203 rho=0.99729300272156407 accept=1
  MFCG it  65 cost=2.598289e+05 lam=1.729e-05 tau=0.00e+00 cg_it=0 shift=0 ckpt=1 alpha=0 acc mv=196
PCG_PREP o=65 rebuild=1 drift=0 previous_depth=1
E2_CAP o=65 retry=0 touched=1 ncam=52 raw=2627.6170424864404 capped=64.187731053535998 radius=6450.705179259342 median=2.0068093415112571 global_scale=1
ATTR_RADIUS o=65 raw_norm=2627.6170424864404 norm=64.187731053535998 radius=6450.705179259342 next_radius=6450.705179259342 lambda=1.7285076067522125e-05 next_lambda=1.7285076067522125e-05 rho=0.99730887620648268 accept=1
CLASSICAL_LM o=65 lambda=1.7285076067522125e-05 tau=1.7285076067522125e-05 prediction=5.250745272095994 rho=0.99730887620648268 accept=1
  MFCG it  66 cost=2.598237e+05 lam=1.729e-05 tau=0.00e+00 cg_it=0 shift=0 ckpt=1 alpha=0 acc mv=198
PCG_PREP o=66 rebuild=1 drift=0 previous_depth=1
E2_CAP o=66 retry=0 touched=1 ncam=52 raw=2622.828534633396 capped=64.560849247736343 radius=6450.705179259342 median=2.0264393660012083 global_scale=1
ATTR_RADIUS o=66 raw_norm=2622.8285346333951 norm=64.560849247736343 radius=6450.705179259342 next_radius=6450.705179259342 lambda=1.7285076067522125e-05 next_lambda=1.7285076067522125e-05 rho=0.99731936135089982 accept=1
CLASSICAL_LM o=66 lambda=1.7285076067522125e-05 tau=1.7285076067522125e-05 prediction=5.2459444642743689 rho=0.99731936135089982 accept=1
  MFCG it  67 cost=2.598185e+05 lam=1.729e-05 tau=0.00e+00 cg_it=0 shift=0 ckpt=1 alpha=0 acc mv=200
PCG_PREP o=67 rebuild=1 drift=0 previous_depth=1
E2_CAP o=67 retry=0 touched=1 ncam=52 raw=2617.99918914098 capped=64.631563165635001 radius=6450.705179259342 median=2.0347017482346321 global_scale=1
ATTR_RADIUS o=67 raw_norm=2617.9991891409804 norm=64.631563165635015 radius=6450.705179259342 next_radius=6450.705179259342 lambda=1.7285076067522125e-05 next_lambda=1.7285076067522125e-05 rho=0.99734362424248357 accept=1
CLASSICAL_LM o=67 lambda=1.7285076067522125e-05 tau=1.7285076067522125e-05 prediction=5.2255936341588658 rho=0.99734362424248357 accept=1
  MFCG it  68 cost=2.598132e+05 lam=1.729e-05 tau=0.00e+00 cg_it=0 shift=0 ckpt=1 alpha=0 acc mv=202
PCG_PREP o=68 rebuild=1 drift=0 previous_depth=1
E2_CAP o=68 retry=0 touched=1 ncam=52 raw=2613.1589518163833 capped=64.113322155703855 radius=6450.705179259342 median=2.0216730366682087 global_scale=1
ATTR_RADIUS o=68 raw_norm=2613.1589518163828 norm=64.113322155703827 radius=6450.705179259342 next_radius=6450.705179259342 lambda=1.7285076067522125e-05 next_lambda=1.7285076067522125e-05 rho=0.9973974857243938 accept=1
CLASSICAL_LM o=68 lambda=1.7285076067522125e-05 tau=1.7285076067522125e-05 prediction=5.174979372347754 rho=0.9973974857243938 accept=1
  MFCG it  69 cost=2.598081e+05 lam=1.729e-05 tau=0.00e+00 cg_it=0 shift=0 ckpt=1 alpha=0 acc mv=204
PCG_PREP o=69 rebuild=1 drift=0 previous_depth=1
E2_CAP o=69 retry=0 touched=1 ncam=52 raw=2608.3623029849018 capped=63.493960017420633 radius=6450.705179259342 median=2.0046842732708381 global_scale=1
ATTR_RADIUS o=69 raw_norm=2608.3623029849014 norm=63.493960017420633 radius=6450.705179259342 next_radius=6450.705179259342 lambda=1.7285076067522125e-05 next_lambda=1.7285076067522125e-05 rho=0.99745432213495677 accept=1
CLASSICAL_LM o=69 lambda=1.7285076067522125e-05 tau=1.7285076067522125e-05 prediction=5.1197563473863408 rho=0.99745432213495677 accept=1
  MFCG it  70 cost=2.598030e+05 lam=1.729e-05 tau=0.00e+00 cg_it=0 shift=0 ckpt=1 alpha=0 acc mv=206
PCG_PREP o=70 rebuild=1 drift=0 previous_depth=1
E2_CAP o=70 retry=0 touched=1 ncam=52 raw=2603.6195392818613 capped=62.899418023932384 radius=6450.705179259342 median=1.9882116403810017 global_scale=1
ATTR_RADIUS o=70 raw_norm=2603.6195392818613 norm=62.899418023932398 radius=6450.705179259342 next_radius=6450.705179259342 lambda=1.7285076067522125e-05 next_lambda=1.7285076067522125e-05 rho=0.99750763366971151 accept=1
CLASSICAL_LM o=70 lambda=1.7285076067522125e-05 tau=1.7285076067522125e-05 prediction=5.066429473506509 rho=0.99750763366971151 accept=1
  MFCG it  71 cost=2.597979e+05 lam=1.729e-05 tau=0.00e+00 cg_it=0 shift=0 ckpt=1 alpha=0 acc mv=208
PCG_PREP o=71 rebuild=1 drift=0 previous_depth=1
E2_CAP o=71 retry=0 touched=1 ncam=52 raw=2598.9270691169286 capped=62.327535608278289 radius=6450.705179259342 median=1.9722084429246891 global_scale=1
ATTR_RADIUS o=71 raw_norm=2598.927069116929 norm=62.327535608278268 radius=6450.705179259342 next_radius=6450.705179259342 lambda=1.7285076067522125e-05 next_lambda=1.7285076067522125e-05 rho=0.99755784906362632 accept=1
CLASSICAL_LM o=71 lambda=1.7285076067522125e-05 tau=1.7285076067522125e-05 prediction=5.014815129758297 rho=0.99755784906362632 accept=1
  MFCG it  72 cost=2.597929e+05 lam=1.729e-05 tau=0.00e+00 cg_it=0 shift=0 ckpt=1 alpha=0 acc mv=210
PCG_PREP o=72 rebuild=1 drift=0 previous_depth=1
E2_CAP o=72 retry=0 touched=1 ncam=52 raw=2594.2840084940899 capped=61.776727249736304 radius=6450.705179259342 median=1.956646408805262 global_scale=1
ATTR_RADIUS o=72 raw_norm=2594.2840084940899 norm=61.776727249736325 radius=6450.705179259342 next_radius=6450.705179259342 lambda=1.7285076067522125e-05 next_lambda=1.7285076067522125e-05 rho=0.99760529712969404 accept=1
CLASSICAL_LM o=72 lambda=1.7285076067522125e-05 tau=1.7285076067522125e-05 prediction=4.9647763672083869 rho=0.99760529712969404 accept=1
  MFCG it  73 cost=2.597880e+05 lam=1.729e-05 tau=0.00e+00 cg_it=0 shift=0 ckpt=1 alpha=0 acc mv=212
PCG_PREP o=73 rebuild=1 drift=0 previous_depth=1
E2_CAP o=73 retry=0 touched=1 ncam=52 raw=2589.6883385954461 capped=61.245705733564243 radius=6450.705179259342 median=1.9415054880659373 global_scale=1
ATTR_RADIUS o=73 raw_norm=2589.6883385954475 norm=61.245705733564243 radius=6450.705179259342 next_radius=6450.705179259342 lambda=1.7285076067522125e-05 next_lambda=1.7285076067522125e-05 rho=0.99765024830376436 accept=1
CLASSICAL_LM o=73 lambda=1.7285076067522125e-05 tau=1.7285076067522125e-05 prediction=4.9162019561385453 rho=0.99765024830376436 accept=1
  MFCG it  74 cost=2.597831e+05 lam=1.729e-05 tau=0.00e+00 cg_it=0 shift=0 ckpt=1 alpha=0 acc mv=214
PCG_PREP o=74 rebuild=1 drift=0 previous_depth=1
E2_CAP o=74 retry=0 touched=1 ncam=52 raw=2585.1376382766966 capped=60.733298576545209 radius=6450.705179259342 median=1.9267674073203902 global_scale=1
ATTR_RADIUS o=74 raw_norm=2585.1376382766966 norm=60.733298576545231 radius=6450.705179259342 next_radius=6450.705179259342 lambda=1.7285076067522125e-05 next_lambda=1.7285076067522125e-05 rho=0.99769293686718263 accept=1
CLASSICAL_LM o=74 lambda=1.7285076067522125e-05 tau=1.7285076067522125e-05 prediction=4.868994197576324 rho=0.99769293686718263 accept=1
  MFCG it  75 cost=2.597782e+05 lam=1.729e-05 tau=0.00e+00 cg_it=0 shift=0 ckpt=1 alpha=0 acc mv=216
PCG_PREP o=75 rebuild=1 drift=0 previous_depth=1
E2_CAP o=75 retry=0 touched=1 ncam=52 raw=2580.6319151728362 capped=60.238576970883777 radius=6450.705179259342 median=1.9124201986707141 global_scale=1
ATTR_RADIUS o=75 raw_norm=2580.6319151728367 norm=60.238576970883777 radius=6450.705179259342 next_radius=6450.705179259342 lambda=1.7285076067522125e-05 next_lambda=1.7285076067522125e-05 rho=0.99773356015491421 accept=1
CLASSICAL_LM o=75 lambda=1.7285076067522125e-05 tau=1.7285076067522125e-05 prediction=4.8230758028522231 rho=0.99773356015491421 accept=1
  MFCG it  76 cost=2.597734e+05 lam=1.729e-05 tau=0.00e+00 cg_it=0 shift=0 ckpt=1 alpha=0 acc mv=218
PCG_PREP o=76 rebuild=1 drift=0 previous_depth=1
E2_CAP o=76 retry=0 touched=1 ncam=52 raw=2576.1687414663261 capped=59.760554702973366 radius=6450.705179259342 median=1.8984482548545292 global_scale=1
ATTR_RADIUS o=76 raw_norm=2576.168741466327 norm=59.760554702973387 radius=6450.705179259342 next_radius=6450.705179259342 lambda=1.7285076067522125e-05 next_lambda=1.7285076067522125e-05 rho=0.99777229344855345 accept=1
CLASSICAL_LM o=76 lambda=1.7285076067522125e-05 tau=1.7285076067522125e-05 prediction=4.7783699668624076 rho=0.99777229344855345 accept=1
  MFCG it  77 cost=2.597686e+05 lam=1.729e-05 tau=0.00e+00 cg_it=0 shift=0 ckpt=1 alpha=0 acc mv=220
PCG_PREP o=77 rebuild=1 drift=0 previous_depth=1
E2_CAP o=77 retry=0 touched=1 ncam=52 raw=2571.7473279035639 capped=59.298373611384449 radius=6450.705179259342 median=1.8848386968052062 global_scale=1
ATTR_RADIUS o=77 raw_norm=2571.747327903563 norm=59.298373611384449 radius=6450.705179259342 next_radius=6450.705179259342 lambda=1.7285076067522125e-05 next_lambda=1.7285076067522125e-05 rho=0.99780929133035279 accept=1
CLASSICAL_LM o=77 lambda=1.7285076067522125e-05 tau=1.7285076067522125e-05 prediction=4.734811392873107 rho=0.99780929133035279 accept=1
  MFCG it  78 cost=2.597639e+05 lam=1.729e-05 tau=0.00e+00 cg_it=0 shift=0 ckpt=1 alpha=0 acc mv=222
PCG_PREP o=78 rebuild=1 drift=0 previous_depth=1
E2_CAP o=78 retry=0 touched=1 ncam=52 raw=2567.366411331247 capped=58.851243773369731 radius=6450.705179259342 median=1.8715795745626456 global_scale=1
ATTR_RADIUS o=78 raw_norm=2567.3664113312461 norm=58.851243773369731 radius=6450.705179259342 next_radius=6450.705179259342 lambda=1.7285076067522125e-05 next_lambda=1.7285076067522125e-05 rho=0.99784468751790134 accept=1
CLASSICAL_LM o=78 lambda=1.7285076067522125e-05 tau=1.7285076067522125e-05 prediction=4.6923412411472647 rho=0.99784468751790134 accept=1
  MFCG it  79 cost=2.597592e+05 lam=1.729e-05 tau=0.00e+00 cg_it=0 shift=0 ckpt=1 alpha=0 acc mv=224
PCG_PREP o=79 rebuild=1 drift=0 previous_depth=1
E2_CAP o=79 retry=0 touched=1 ncam=52 raw=2563.0250630432238 capped=58.418367136616872 radius=6450.705179259342 median=1.8586574255560708 global_scale=1
ATTR_RADIUS o=79 raw_norm=2563.0250630432238 norm=58.418367136616865 radius=6450.705179259342 next_radius=6450.705179259342 lambda=1.7285076067522125e-05 next_lambda=1.7285076067522125e-05 rho=0.99787860454959443 accept=1
CLASSICAL_LM o=79 lambda=1.7285076067522125e-05 tau=1.7285076067522125e-05 prediction=4.6509031711176849 rho=0.99787860454959443 accept=1
  MFCG it  80 cost=2.597546e+05 lam=1.729e-05 tau=0.00e+00 cg_it=0 shift=0 ckpt=1 alpha=0 acc mv=226
PCG_PREP o=80 rebuild=1 drift=0 previous_depth=1
E2_CAP o=80 retry=0 touched=1 ncam=52 raw=2558.7220988359568 capped=57.999023113503107 radius=6450.705179259342 median=1.8460602825685128 global_scale=1
ATTR_RADIUS o=80 raw_norm=2558.7220988359568 norm=57.999023113503114 radius=6450.705179259342 next_radius=6450.705179259342 lambda=1.7285076067522125e-05 next_lambda=1.7285076067522125e-05 rho=0.99791114998910169 accept=1
CLASSICAL_LM o=80 lambda=1.7285076067522125e-05 tau=1.7285076067522125e-05 prediction=4.6104466109562345 rho=0.99791114998910169 accept=1
  MFCG it  81 cost=2.597500e+05 lam=1.729e-05 tau=0.00e+00 cg_it=0 shift=0 ckpt=1 alpha=0 acc mv=228
PCG_PREP o=81 rebuild=1 drift=0 previous_depth=1
E2_CAP o=81 retry=0 touched=1 ncam=52 raw=2554.455899057386 capped=57.592505808611996 radius=6450.705179259342 median=1.8337756843078439 global_scale=1
ATTR_RADIUS o=81 raw_norm=2554.4558990573864 norm=57.592505808612003 radius=6450.705179259342 next_radius=6450.705179259342 lambda=1.7285076067522125e-05 next_lambda=1.7285076067522125e-05 rho=0.99794242195571503 accept=1
CLASSICAL_LM o=81 lambda=1.7285076067522125e-05 tau=1.7285076067522125e-05 prediction=4.5709232929097707 rho=0.99794242195571503 accept=1
  MFCG it  82 cost=2.597454e+05 lam=1.729e-05 tau=0.00e+00 cg_it=0 shift=0 ckpt=1 alpha=0 acc mv=230
PCG_PREP o=82 rebuild=1 drift=0 previous_depth=1
E2_CAP o=82 retry=0 touched=1 ncam=52 raw=2550.226398233674 capped=57.198146329845521 radius=6450.705179259342 median=1.8217913978436249 global_scale=1
ATTR_RADIUS o=82 raw_norm=2550.2263982336731 norm=57.198146329845521 radius=6450.705179259342 next_radius=6450.705179259342 lambda=1.7285076067522125e-05 next_lambda=1.7285076067522125e-05 rho=0.99797250887728561 accept=1
CLASSICAL_LM o=82 lambda=1.7285076067522125e-05 tau=1.7285076067522125e-05 prediction=4.532289274340453 rho=0.99797250887728561 accept=1
  MFCG it  83 cost=2.597409e+05 lam=1.729e-05 tau=0.00e+00 cg_it=0 shift=0 ckpt=1 alpha=0 acc mv=232
PCG_PREP o=83 rebuild=1 drift=0 previous_depth=1
E2_CAP o=83 retry=0 touched=1 ncam=52 raw=2546.0318991326076 capped=56.815331141275159 radius=6450.705179259342 median=1.8100963101455227 global_scale=1
ATTR_RADIUS o=83 raw_norm=2546.031899132608 norm=56.815331141275159 radius=6450.705179259342 next_radius=6450.705179259342 lambda=1.7285076067522125e-05 next_lambda=1.7285076067522125e-05 rho=0.99800148857644055 accept=1
CLASSICAL_LM o=83 lambda=1.7285076067522125e-05 tau=1.7285076067522125e-05 prediction=4.4945035252789189 rho=0.99800148857644055 accept=1
  MFCG it  84 cost=2.597364e+05 lam=1.729e-05 tau=0.00e+00 cg_it=0 shift=0 ckpt=1 alpha=0 acc mv=234
PCG_PREP o=84 rebuild=1 drift=0 previous_depth=1
E2_CAP o=84 retry=0 touched=1 ncam=52 raw=2541.8723776936658 capped=56.443450994845485 radius=6450.705179259342 median=1.7986785399045089 global_scale=1
ATTR_RADIUS o=84 raw_norm=2541.8723776936645 norm=56.443450994845499 radius=6450.705179259342 next_radius=6450.705179259342 lambda=1.7285076067522125e-05 next_lambda=1.7285076067522125e-05 rho=0.99802943578673597 accept=1
CLASSICAL_LM o=84 lambda=1.7285076067522125e-05 tau=1.7285076067522125e-05 prediction=4.4575272031211224 rho=0.99802943578673597 accept=1
  MFCG it  85 cost=2.597320e+05 lam=1.729e-05 tau=0.00e+00 cg_it=0 shift=0 ckpt=1 alpha=0 acc mv=236
PCG_PREP o=85 rebuild=1 drift=0 previous_depth=1
E2_CAP o=85 retry=0 touched=1 ncam=52 raw=2537.7468003126105 capped=56.081971539406489 radius=6450.705179259342 median=1.7875280985736721 global_scale=1
ATTR_RADIUS o=85 raw_norm=2537.74680031261 norm=56.081971539406481 radius=6450.705179259342 next_radius=6450.705179259342 lambda=1.7285076067522125e-05 next_lambda=1.7285076067522125e-05 rho=0.99805641324300709 accept=1
CLASSICAL_LM o=85 lambda=1.7285076067522125e-05 tau=1.7285076067522125e-05 prediction=4.4213256592491144 rho=0.99805641324300709 accept=1
  MFCG it  86 cost=2.597275e+05 lam=1.729e-05 tau=0.00e+00 cg_it=0 shift=0 ckpt=1 alpha=0 acc mv=238
PCG_PREP o=86 rebuild=1 drift=0 previous_depth=1
E2_CAP o=86 retry=0 touched=1 ncam=52 raw=2533.654321023901 capped=55.730338411940011 radius=6450.705179259342 median=1.7766336574045467 global_scale=1
ATTR_RADIUS o=86 raw_norm=2533.654321023901 norm=55.730338411940011 radius=6450.705179259342 next_radius=6450.705179259342 lambda=1.7285076067522125e-05 next_lambda=1.7285076067522125e-05 rho=0.99808248283527945 accept=1
CLASSICAL_LM o=86 lambda=1.7285076067522125e-05 tau=1.7285076067522125e-05 prediction=4.385863740453372 rho=0.99808248283527945 accept=1
  MFCG it  87 cost=2.597232e+05 lam=1.729e-05 tau=0.00e+00 cg_it=0 shift=0 ckpt=1 alpha=0 acc mv=240
PCG_PREP o=87 rebuild=1 drift=0 previous_depth=1
E2_CAP o=87 retry=0 touched=1 ncam=52 raw=2529.5934754607169 capped=55.38802957294466 radius=6450.705179259342 median=1.7659843656329854 global_scale=1
ATTR_RADIUS o=87 raw_norm=2529.5934754607169 norm=55.388029572944653 radius=6450.705179259342 next_radius=6450.705179259342 lambda=1.7285076067522125e-05 next_lambda=1.7285076067522125e-05 rho=0.99810769906856334 accept=1
CLASSICAL_LM o=87 lambda=1.7285076067522125e-05 tau=1.7285076067522125e-05 prediction=4.3511083807143942 rho=0.99810769906856334 accept=1
  MFCG it  88 cost=2.597188e+05 lam=1.729e-05 tau=0.00e+00 cg_it=0 shift=0 ckpt=1 alpha=0 acc mv=242
PCG_PREP o=88 rebuild=1 drift=0 previous_depth=1
E2_CAP o=88 retry=0 touched=1 ncam=52 raw=2525.5646974976553 capped=55.054597728031197 radius=6450.705179259342 median=1.7555712724791359 global_scale=1
ATTR_RADIUS o=88 raw_norm=2525.5646974976553 norm=55.054597728031204 radius=6450.705179259342 next_radius=6450.705179259342 lambda=1.7285076067522125e-05 next_lambda=1.7285076067522125e-05 rho=0.99813211250107325 accept=1
CLASSICAL_LM o=88 lambda=1.7285076067522125e-05 tau=1.7285076067522125e-05 prediction=4.3170318141859481 rho=0.99813211250107325 accept=1
  MFCG it  89 cost=2.597145e+05 lam=1.729e-05 tau=0.00e+00 cg_it=0 shift=0 ckpt=1 alpha=0 acc mv=244
PCG_PREP o=89 rebuild=1 drift=0 previous_depth=1
E2_CAP o=89 retry=0 touched=1 ncam=52 raw=2521.5665817867298 capped=54.729582537689552 radius=6450.705179259342 median=1.7453845710496121 global_scale=1
ATTR_RADIUS o=89 raw_norm=2521.5665817867298 norm=54.729582537689566 radius=6450.705179259342 next_radius=6450.705179259342 lambda=1.7285076067522125e-05 next_lambda=1.7285076067522125e-05 rho=0.99815576874870093 accept=1
CLASSICAL_LM o=89 lambda=1.7285076067522125e-05 tau=1.7285076067522125e-05 prediction=4.2836048126137118 rho=0.99815576874870093 accept=1
  MFCG it  90 cost=2.597102e+05 lam=1.729e-05 tau=0.00e+00 cg_it=0 shift=0 ckpt=1 alpha=0 acc mv=246
PCG_PREP o=90 rebuild=1 drift=0 previous_depth=1
E2_CAP o=90 retry=0 touched=1 ncam=52 raw=2517.5985428826148 capped=54.412549032498362 radius=6450.705179259342 median=1.7354147141401282 global_scale=1
ATTR_RADIUS o=90 raw_norm=2517.5985428826152 norm=54.412549032498362 radius=6450.705179259342 next_radius=6450.705179259342 lambda=1.7285076067522125e-05 next_lambda=1.7285076067522125e-05 rho=0.99817871132853664 accept=1
CLASSICAL_LM o=90 lambda=1.7285076067522125e-05 tau=1.7285076067522125e-05 prediction=4.2508003060907944 rho=0.99817871132853664 accept=1
  MFCG it  91 cost=2.597060e+05 lam=1.729e-05 tau=0.00e+00 cg_it=0 shift=0 ckpt=1 alpha=0 acc mv=248
PCG_PREP o=91 rebuild=1 drift=0 previous_depth=1
E2_CAP o=91 retry=0 touched=1 ncam=52 raw=2513.659589241684 capped=54.103104084932419 radius=6450.705179259342 median=1.7256532683459578 global_scale=1
ATTR_RADIUS o=91 raw_norm=2513.6595892416835 norm=54.103104084932433 radius=6450.705179259342 next_radius=6450.705179259342 lambda=1.7285076067522125e-05 next_lambda=1.7285076067522125e-05 rho=0.99820097886329273 accept=1
CLASSICAL_LM o=91 lambda=1.7285076067522125e-05 tau=1.7285076067522125e-05 prediction=4.2185935529518979 rho=0.99820097886329273 accept=1
  MFCG it  92 cost=2.597018e+05 lam=1.729e-05 tau=0.00e+00 cg_it=0 shift=0 ckpt=1 alpha=0 acc mv=250
PCG_PREP o=92 rebuild=1 drift=0 previous_depth=1
E2_CAP o=92 retry=0 touched=1 ncam=52 raw=2509.7501641231088 capped=53.800886135172625 radius=6450.705179259342 median=1.7160922985217737 global_scale=1
ATTR_RADIUS o=92 raw_norm=2509.7501641231083 norm=53.800886135172618 radius=6450.705179259342 next_radius=6450.705179259342 lambda=1.7285076067522125e-05 next_lambda=1.7285076067522125e-05 rho=0.99822260806004437 accept=1
CLASSICAL_LM o=92 lambda=1.7285076067522125e-05 tau=1.7285076067522125e-05 prediction=4.1869623269139238 rho=0.99822260806004437 accept=1
  MFCG it  93 cost=2.596976e+05 lam=1.729e-05 tau=0.00e+00 cg_it=0 shift=0 ckpt=1 alpha=0 acc mv=252
PCG_PREP o=93 rebuild=1 drift=0 previous_depth=1
E2_CAP o=93 retry=0 touched=1 ncam=52 raw=2505.8689380671121 capped=53.505523397866639 radius=6450.705179259342 median=1.7067232440649944 global_scale=1
ATTR_RADIUS o=93 raw_norm=2505.8689380671121 norm=53.505523397866654 radius=6450.705179259342 next_radius=6450.705179259342 lambda=1.7285076067522125e-05 next_lambda=1.7285076067522125e-05 rho=0.998243631820382 accept=1
CLASSICAL_LM o=93 lambda=1.7285076067522125e-05 tau=1.7285076067522125e-05 prediction=4.1558830004815945 rho=0.998243631820382 accept=1
  MFCG it  94 cost=2.596935e+05 lam=1.729e-05 tau=0.00e+00 cg_it=0 shift=0 ckpt=1 alpha=0 acc mv=254
PCG_PREP o=94 rebuild=1 drift=0 previous_depth=1
E2_CAP o=94 retry=0 touched=1 ncam=52 raw=2502.0152950214033 capped=53.216681296803557 radius=6450.705179259342 median=1.6975384738830099 global_scale=1
ATTR_RADIUS o=94 raw_norm=2502.0152950214024 norm=53.216681296803571 radius=6450.705179259342 next_radius=6450.705179259342 lambda=1.7285076067522125e-05 next_lambda=1.7285076067522125e-05 rho=0.99826408265496702 accept=1
CLASSICAL_LM o=94 lambda=1.7285076067522125e-05 tau=1.7285076067522125e-05 prediction=4.125334671673933 rho=0.99826408265496702 accept=1
  MFCG it  95 cost=2.596893e+05 lam=1.729e-05 tau=0.00e+00 cg_it=0 shift=0 ckpt=1 alpha=0 acc mv=256
PCG_PREP o=95 rebuild=1 drift=0 previous_depth=1
E2_CAP o=95 retry=0 touched=1 ncam=52 raw=2498.1889887333878 capped=52.934043064319368 radius=6450.705179259342 median=1.6885305695834005 global_scale=1
ATTR_RADIUS o=95 raw_norm=2498.1889887333878 norm=52.934043064319376 radius=6450.705179259342 next_radius=6450.705179259342 lambda=1.7285076067522125e-05 next_lambda=1.7285076067522125e-05 rho=0.99828398891572034 accept=1
CLASSICAL_LM o=95 lambda=1.7285076067522125e-05 tau=1.7285076067522125e-05 prediction=4.095297444470015 rho=0.99828398891572034 accept=1
  MFCG it  96 cost=2.596853e+05 lam=1.729e-05 tau=0.00e+00 cg_it=0 shift=0 ckpt=1 alpha=0 acc mv=258
PCG_PREP o=96 rebuild=1 drift=0 previous_depth=1
E2_CAP o=96 retry=0 touched=1 ncam=52 raw=2494.3893015971144 capped=52.657318290862982 radius=6450.705179259342 median=1.6796927312543795 global_scale=1
ATTR_RADIUS o=96 raw_norm=2494.3893015971139 norm=52.657318290862989 radius=6450.705179259342 next_radius=6450.705179259342 lambda=1.7285076067522125e-05 next_lambda=1.7285076067522125e-05 rho=0.99830337690716853 accept=1
CLASSICAL_LM o=96 lambda=1.7285076067522125e-05 tau=1.7285076067522125e-05 prediction=4.0657529094235612 rho=0.99830337690716853 accept=1
  MFCG it  97 cost=2.596812e+05 lam=1.729e-05 tau=0.00e+00 cg_it=0 shift=0 ckpt=1 alpha=0 acc mv=260
PCG_PREP o=97 rebuild=1 drift=0 previous_depth=1
E2_CAP o=97 retry=0 touched=1 ncam=52 raw=2490.6157494499844 capped=52.386224395357097 radius=6450.705179259342 median=1.6710182157680968 global_scale=1
ATTR_RADIUS o=97 raw_norm=2490.6157494499844 norm=52.386224395357097 radius=6450.705179259342 next_radius=6450.705179259342 lambda=1.7285076067522125e-05 next_lambda=1.7285076067522125e-05 rho=0.9983222728970208 accept=1
CLASSICAL_LM o=97 lambda=1.7285076067522125e-05 tau=1.7285076067522125e-05 prediction=4.0366829269608822 rho=0.9983222728970208 accept=1
  MFCG it  98 cost=2.596772e+05 lam=1.729e-05 tau=0.00e+00 cg_it=0 shift=0 ckpt=1 alpha=0 acc mv=262
PCG_PREP o=98 rebuild=1 drift=0 previous_depth=1
E2_CAP o=98 retry=0 touched=1 ncam=52 raw=2486.8683490977687 capped=52.120510123392307 radius=6450.705179259342 median=1.6625010440462613 global_scale=1
ATTR_RADIUS o=98 raw_norm=2486.8683490977692 norm=52.120510123392307 radius=6450.705179259342 next_radius=6450.705179259342 lambda=1.7285076067522125e-05 next_lambda=1.7285076067522125e-05 rho=0.99834069949928417 accept=1
CLASSICAL_LM o=98 lambda=1.7285076067522125e-05 tau=1.7285076067522125e-05 prediction=4.0080717157427461 rho=0.99834069949928417 accept=1
  MFCG it  99 cost=2.596732e+05 lam=1.729e-05 tau=0.00e+00 cg_it=0 shift=0 ckpt=1 alpha=0 acc mv=264
PCG_PREP o=99 rebuild=1 drift=0 previous_depth=1
E2_CAP o=99 retry=0 touched=1 ncam=52 raw=2483.1457943641958 capped=51.859911464688821 radius=6450.705179259342 median=1.6541345808928838 global_scale=1
ATTR_RADIUS o=99 raw_norm=2483.1457943641958 norm=51.859911464688821 radius=6450.705179259342 next_radius=6450.705179259342 lambda=1.7285076067522125e-05 next_lambda=1.7285076067522125e-05 rho=0.99835867856183547 accept=1
CLASSICAL_LM o=99 lambda=1.7285076067522125e-05 tau=1.7285076067522125e-05 prediction=3.9799020602344188 rho=0.99835867856183547 accept=1
  MFCG it 100 cost=2.596692e+05 lam=1.729e-05 tau=0.00e+00 cg_it=0 shift=0 ckpt=1 alpha=0 acc mv=266
PCG_PREP o=100 rebuild=1 drift=0 previous_depth=1
E2_CAP o=100 retry=0 touched=1 ncam=52 raw=2479.4480294869577 capped=51.60420501681827 radius=6450.705179259342 median=1.6459133607773997 global_scale=1
ATTR_RADIUS o=100 raw_norm=2479.4480294869568 norm=51.60420501681827 radius=6450.705179259342 next_radius=6450.705179259342 lambda=1.7285076067522125e-05 next_lambda=1.7285076067522125e-05 rho=0.99837623090284855 accept=1
CLASSICAL_LM o=100 lambda=1.7285076067522125e-05 tau=1.7285076067522125e-05 prediction=3.9521594537998088 rho=0.99837623090284855 accept=1
  MFCG it 101 cost=2.596652e+05 lam=1.729e-05 tau=0.00e+00 cg_it=0 shift=0 ckpt=1 alpha=0 acc mv=268
PCG_PREP o=101 rebuild=1 drift=0 previous_depth=1
E2_CAP o=101 retry=0 touched=1 ncam=52 raw=2475.7746861193168 capped=51.353178284247981 radius=6450.705179259342 median=1.637832102573936 global_scale=1
ATTR_RADIUS o=101 raw_norm=2475.7746861193173 norm=51.353178284247974 radius=6450.705179259342 next_radius=6450.705179259342 lambda=1.7285076067522125e-05 next_lambda=1.7285076067522125e-05 rho=0.99839337519326765 accept=1
CLASSICAL_LM o=101 lambda=1.7285076067522125e-05 tau=1.7285076067522125e-05 prediction=3.9248300544544774 rho=0.99839337519326765 accept=1
  MFCG it 102 cost=2.596613e+05 lam=1.729e-05 tau=0.00e+00 cg_it=0 shift=0 ckpt=1 alpha=0 acc mv=270
PCG_PREP o=102 rebuild=1 drift=0 previous_depth=1
E2_CAP o=102 retry=0 touched=1 ncam=52 raw=2472.1254180445317 capped=51.106608993674705 radius=6450.705179259342 median=1.629884977072342 global_scale=1
ATTR_RADIUS o=102 raw_norm=2472.1254180445317 norm=51.106608993674726 radius=6450.705179259342 next_radius=6450.705179259342 lambda=1.7285076067522125e-05 next_lambda=1.7285076067522125e-05 rho=0.99841013037036241 accept=1
CLASSICAL_LM o=102 lambda=1.7285076067522125e-05 tau=1.7285076067522125e-05 prediction=3.8978996190135113 rho=0.99841013037036241 accept=1
  MFCG it 103 cost=2.596574e+05 lam=1.729e-05 tau=0.00e+00 cg_it=0 shift=0 ckpt=1 alpha=0 acc mv=272
PCG_PREP o=103 rebuild=1 drift=0 previous_depth=1
E2_CAP o=103 retry=0 touched=1 ncam=52 raw=2468.499833845066 capped=50.864321390041923 radius=6450.705179259342 median=1.622067652175994 global_scale=1
ATTR_RADIUS o=103 raw_norm=2468.499833845066 norm=50.864321390041937 radius=6450.705179259342 next_radius=6450.705179259342 lambda=1.7285076067522125e-05 next_lambda=1.7285076067522125e-05 rho=0.99842651170022245 accept=1
CLASSICAL_LM o=103 lambda=1.7285076067522125e-05 tau=1.7285076067522125e-05 prediction=3.8713561063811066 rho=0.99842651170022245 accept=1
  MFCG it 104 cost=2.596536e+05 lam=1.729e-05 tau=0.00e+00 cg_it=0 shift=0 ckpt=1 alpha=0 acc mv=274
PCG_PREP o=104 rebuild=1 drift=0 previous_depth=1
E2_CAP o=104 retry=0 touched=1 ncam=52 raw=2464.8971473520978 capped=50.626113056376937 radius=6450.705179259342 median=1.6143747148003249 global_scale=1
ATTR_RADIUS o=104 raw_norm=2464.8971473520974 norm=50.626113056376937 radius=6450.705179259342 next_radius=6450.705179259342 lambda=1.7285076067522125e-05 next_lambda=1.7285076067522125e-05 rho=0.99844253662661975 accept=1
CLASSICAL_LM o=104 lambda=1.7285076067522125e-05 tau=1.7285076067522125e-05 prediction=3.8451861984814175 rho=0.99844253662661975 accept=1
  MFCG it 105 cost=2.596497e+05 lam=1.729e-05 tau=0.00e+00 cg_it=0 shift=0 ckpt=1 alpha=0 acc mv=276
PCG_PREP o=105 rebuild=1 drift=0 previous_depth=1
E2_CAP o=105 retry=0 touched=1 ncam=52 raw=2461.3173056557853 capped=50.017968293142324 radius=6450.705179259342 median=1.5937700543506299 global_scale=1
ATTR_RADIUS o=105 raw_norm=2461.3173056557853 norm=50.017968293142324 radius=6450.705179259342 next_radius=6450.705179259342 lambda=1.7285076067522125e-05 next_lambda=1.7285076067522125e-05 rho=0.99847563585629773 accept=1
CLASSICAL_LM o=105 lambda=1.7285076067522125e-05 tau=1.7285076067522125e-05 prediction=3.801414686332762 rho=0.99847563585629773 accept=1
  MFCG it 106 cost=2.596459e+05 lam=1.729e-05 tau=0.00e+00 cg_it=0 shift=0 ckpt=1 alpha=0 acc mv=278
PCG_PREP o=106 rebuild=1 drift=0 previous_depth=1
E2_CAP o=106 retry=0 touched=1 ncam=52 raw=2457.7928926060922 capped=49.813463576694609 radius=6450.705179259342 median=1.5872217804802173 global_scale=1
ATTR_RADIUS o=106 raw_norm=2457.7928926060922 norm=49.813463576694609 radius=6450.705179259342 next_radius=6450.705179259342 lambda=1.7285076067522125e-05 next_lambda=1.7285076067522125e-05 rho=0.99848953479204272 accept=1
CLASSICAL_LM o=106 lambda=1.7285076067522125e-05 tau=1.7285076067522125e-05 prediction=3.7772650397253824 rho=0.99848953479204272 accept=1
  MFCG it 107 cost=2.596422e+05 lam=1.729e-05 tau=0.00e+00 cg_it=0 shift=0 ckpt=1 alpha=0 acc mv=280
PCG_PREP o=107 rebuild=1 drift=0 previous_depth=1
E2_CAP o=107 retry=0 touched=1 ncam=52 raw=2454.2879922052007 capped=49.611060022000657 radius=6450.705179259342 median=1.5807328965119862 global_scale=1
ATTR_RADIUS o=107 raw_norm=2454.2879922052011 norm=49.611060022000643 radius=6450.705179259342 next_radius=6450.705179259342 lambda=1.7285076067522125e-05 next_lambda=1.7285076067522125e-05 rho=0.99850329554543693 accept=1
CLASSICAL_LM o=107 lambda=1.7285076067522125e-05 tau=1.7285076067522125e-05 prediction=3.7533787544121164 rho=0.99850329554543693 accept=1
  MFCG it 108 cost=2.596384e+05 lam=1.729e-05 tau=0.00e+00 cg_it=0 shift=0 ckpt=1 alpha=0 acc mv=282
PCG_PREP o=108 rebuild=1 drift=0 previous_depth=1
E2_CAP o=108 retry=0 touched=1 ncam=52 raw=2450.8022448539805 capped=49.411142308073039 radius=6450.705179259342 median=1.5743180695634131 global_scale=1
ATTR_RADIUS o=108 raw_norm=2450.80224485398 norm=49.41114230807306 radius=6450.705179259342 next_radius=6450.705179259342 lambda=1.7285076067522125e-05 next_lambda=1.7285076067522125e-05 rho=0.99851682428528921 accept=1
CLASSICAL_LM o=108 lambda=1.7285076067522125e-05 tau=1.7285076067522125e-05 prediction=3.7297715828343287 rho=0.99851682428528921 accept=1
  MFCG it 109 cost=2.596347e+05 lam=1.729e-05 tau=0.00e+00 cg_it=0 shift=0 ckpt=1 alpha=0 acc mv=284
PCG_PREP o=109 rebuild=1 drift=0 previous_depth=1
E2_CAP o=109 retry=0 touched=1 ncam=52 raw=2447.3353732379333 capped=49.213811779115446 radius=6450.705179259342 median=1.567981811414707 global_scale=1
ATTR_RADIUS o=109 raw_norm=2447.3353732379328 norm=49.213811779115453 radius=6450.705179259342 next_radius=6450.705179259342 lambda=1.7285076067522125e-05 next_lambda=1.7285076067522125e-05 rho=0.99853011860967633 accept=1
CLASSICAL_LM o=109 lambda=1.7285076067522125e-05 tau=1.7285076067522125e-05 prediction=3.7064455130595673 rho=0.99853011860967633 accept=1
  MFCG it 110 cost=2.596310e+05 lam=1.729e-05 tau=0.00e+00 cg_it=0 shift=0 ckpt=1 alpha=0 acc mv=286
PCG_PREP o=110 rebuild=1 drift=0 previous_depth=1
E2_CAP o=110 retry=0 touched=1 ncam=52 raw=2443.8868730436166 capped=49.019048403342062 radius=6450.705179259342 median=1.5617243087332526 global_scale=1
ATTR_RADIUS o=110 raw_norm=2443.8868730436161 norm=49.019048403342055 radius=6450.705179259342 next_radius=6450.705179259342 lambda=1.7285076067522125e-05 next_lambda=1.7285076067522125e-05 rho=0.99854318149719934 accept=1
CLASSICAL_LM o=110 lambda=1.7285076067522125e-05 tau=1.7285076067522125e-05 prediction=3.6833966276857044 rho=0.99854318149719934 accept=1
  MFCG it 111 cost=2.596273e+05 lam=1.729e-05 tau=0.00e+00 cg_it=0 shift=0 ckpt=1 alpha=0 acc mv=288
PCG_PREP o=111 rebuild=1 drift=0 previous_depth=1
E2_CAP o=111 retry=0 touched=1 ncam=52 raw=2440.4575049230289 capped=48.826819451349948 radius=6450.705179259342 median=1.5555451017036221 global_scale=1
ATTR_RADIUS o=111 raw_norm=2440.4575049230284 norm=48.826819451349934 radius=6450.705179259342 next_radius=6450.705179259342 lambda=1.7285076067522125e-05 next_lambda=1.7285076067522125e-05 rho=0.99855601858055731 accept=1
CLASSICAL_LM o=111 lambda=1.7285076067522125e-05 tau=1.7285076067522125e-05 prediction=3.6606212256312176 rho=0.99855601858055731 accept=1
  MFCG it 112 cost=2.596237e+05 lam=1.729e-05 tau=0.00e+00 cg_it=0 shift=0 ckpt=1 alpha=0 acc mv=290
PCG_PREP o=112 rebuild=1 drift=0 previous_depth=1
E2_CAP o=112 retry=0 touched=1 ncam=52 raw=2437.0465980660688 capped=48.637049531056341 radius=6450.705179259342 median=1.5494423633679228 global_scale=1
ATTR_RADIUS o=112 raw_norm=2437.0465980660679 norm=48.637049531056341 radius=6450.705179259342 next_radius=6450.705179259342 lambda=1.7285076067522125e-05 next_lambda=1.7285076067522125e-05 rho=0.99856863560768161 accept=1
CLASSICAL_LM o=112 lambda=1.7285076067522125e-05 tau=1.7285076067522125e-05 prediction=3.6381128443803381 rho=0.99856863560768161 accept=1
  MFCG it 113 cost=2.596200e+05 lam=1.729e-05 tau=0.00e+00 cg_it=0 shift=0 ckpt=1 alpha=0 acc mv=292
PCG_PREP o=113 rebuild=1 drift=0 previous_depth=1
E2_CAP o=113 retry=0 touched=1 ncam=52 raw=2433.6540077286613 capped=48.449666014829091 radius=6450.705179259342 median=1.5434141863694715 global_scale=1
ATTR_RADIUS o=113 raw_norm=2433.6540077286609 norm=48.449666014829084 radius=6450.705179259342 next_radius=6450.705179259342 lambda=1.7285076067522125e-05 next_lambda=1.7285076067522125e-05 rho=0.99858103841518786 accept=1
CLASSICAL_LM o=113 lambda=1.7285076067522125e-05 tau=1.7285076067522125e-05 prediction=3.615865512696987 rho=0.99858103841518786 accept=1
  MFCG it 114 cost=2.596164e+05 lam=1.729e-05 tau=0.00e+00 cg_it=0 shift=0 ckpt=1 alpha=0 acc mv=294
PCG_PREP o=114 rebuild=1 drift=0 previous_depth=1
E2_CAP o=114 retry=0 touched=1 ncam=52 raw=2430.2792512245137 capped=48.264589124039396 radius=6450.705179259342 median=1.5374584740602981 global_scale=1
ATTR_RADIUS o=114 raw_norm=2430.2792512245142 norm=48.264589124039382 radius=6450.705179259342 next_radius=6450.705179259342 lambda=1.7285076067522125e-05 next_lambda=1.7285076067522125e-05 rho=0.99859323461261906 accept=1
CLASSICAL_LM o=114 lambda=1.7285076067522125e-05 tau=1.7285076067522125e-05 prediction=3.5938727903995118 rho=0.99859323461261906 accept=1
  MFCG it 115 cost=2.596128e+05 lam=1.729e-05 tau=0.00e+00 cg_it=0 shift=0 ckpt=1 alpha=0 acc mv=296
PCG_PREP o=115 rebuild=1 drift=0 previous_depth=1
E2_CAP o=115 retry=0 touched=1 ncam=52 raw=2426.9219174532832 capped=48.081736079935496 radius=6450.705179259342 median=1.5315728785060507 global_scale=1
ATTR_RADIUS o=115 raw_norm=2426.9219174532827 norm=48.081736079935489 radius=6450.705179259342 next_radius=6450.705179259342 lambda=1.7285076067522125e-05 next_lambda=1.7285076067522125e-05 rho=0.99860522985546962 accept=1
CLASSICAL_LM o=115 lambda=1.7285076067522125e-05 tau=1.7285076067522125e-05 prediction=3.5721282744859884 rho=0.99860522985546962 accept=1
  MFCG it 116 cost=2.596093e+05 lam=1.729e-05 tau=0.00e+00 cg_it=0 shift=0 ckpt=1 alpha=0 acc mv=298
PCG_PREP o=116 rebuild=1 drift=0 previous_depth=1
E2_CAP o=116 retry=0 touched=1 ncam=52 raw=2423.5829819207029 capped=47.901058900074851 radius=6450.705179259342 median=1.5257562050510991 global_scale=1
ATTR_RADIUS o=116 raw_norm=2423.5829819207038 norm=47.901058900074858 radius=6450.705179259342 next_radius=6450.705179259342 lambda=1.7285076067522125e-05 next_lambda=1.7285076067522125e-05 rho=0.99861703045208383 accept=1
CLASSICAL_LM o=116 lambda=1.7285076067522125e-05 tau=1.7285076067522125e-05 prediction=3.5506278994972535 rho=0.99861703045208383 accept=1
  MFCG it 117 cost=2.596057e+05 lam=1.729e-05 tau=0.00e+00 cg_it=0 shift=0 ckpt=1 alpha=0 acc mv=300
PCG_PREP o=117 rebuild=1 drift=0 previous_depth=1
E2_CAP o=117 retry=0 touched=1 ncam=52 raw=2420.260886906839 capped=47.722455248685115 radius=6450.705179259342 median=1.5200054652121284 global_scale=1
ATTR_RADIUS o=117 raw_norm=2420.2608869068381 norm=47.722455248685129 radius=6450.705179259342 next_radius=6450.705179259342 lambda=1.7285076067522125e-05 next_lambda=1.7285076067522125e-05 rho=0.99862864272468321 accept=1
CLASSICAL_LM o=117 lambda=1.7285076067522125e-05 tau=1.7285076067522125e-05 prediction=3.5293638429747229 rho=0.99862864272468321 accept=1
  MFCG it 118 cost=2.596022e+05 lam=1.729e-05 tau=0.00e+00 cg_it=0 shift=0 ckpt=1 alpha=0 acc mv=302
PCG_PREP o=118 rebuild=1 drift=0 previous_depth=1
E2_CAP o=118 retry=0 touched=1 ncam=52 raw=2416.956423186612 capped=47.545879430648228 radius=6450.705179259342 median=1.5143193833706943 global_scale=1
ATTR_RADIUS o=118 raw_norm=2416.956423186612 norm=47.545879430648235 radius=6450.705179259342 next_radius=6450.705179259342 lambda=1.7285076067522125e-05 next_lambda=1.7285076067522125e-05 rho=0.99864007211096417 accept=1
CLASSICAL_LM o=118 lambda=1.7285076067522125e-05 tau=1.7285076067522125e-05 prediction=3.5083322065388276 rho=0.99864007211096417 accept=1
  MFCG it 119 cost=2.595987e+05 lam=1.729e-05 tau=0.00e+00 cg_it=0 shift=0 ckpt=1 alpha=0 acc mv=304
PCG_PREP o=119 rebuild=1 drift=0 previous_depth=1
E2_CAP o=119 retry=0 touched=1 ncam=52 raw=2413.6690390580784 capped=47.371257546789039 radius=6450.705179259342 median=1.5086958212846542 global_scale=1
ATTR_RADIUS o=119 raw_norm=2413.6690390580789 norm=47.37125754678901 radius=6450.705179259342 next_radius=6450.705179259342 lambda=1.7285076067522125e-05 next_lambda=1.7285076067522125e-05 rho=0.99865132413736302 accept=1
CLASSICAL_LM o=119 lambda=1.7285076067522125e-05 tau=1.7285076067522125e-05 prediction=3.487527138844245 rho=0.99865132413736302 accept=1
  MFCG it 120 cost=2.595952e+05 lam=1.729e-05 tau=0.00e+00 cg_it=0 shift=0 ckpt=1 alpha=0 acc mv=306
PCG_PREP o=120 rebuild=1 drift=0 previous_depth=1
E2_CAP o=120 retry=0 touched=1 ncam=52 raw=2410.398401414976 capped=47.198525140382074 radius=6450.705179259342 median=1.5031329347657874 global_scale=1
ATTR_RADIUS o=120 raw_norm=2410.398401414976 norm=47.198525140382081 radius=6450.705179259342 next_radius=6450.705179259342 lambda=1.7285076067522125e-05 next_lambda=1.7285076067522125e-05 rho=0.99866240469223588 accept=1
CLASSICAL_LM o=120 lambda=1.7285076067522125e-05 tau=1.7285076067522125e-05 prediction=3.466943330752974 rho=0.99866240469223588 accept=1
  MFCG it 121 cost=2.595917e+05 lam=1.729e-05 tau=0.00e+00 cg_it=0 shift=0 ckpt=1 alpha=0 acc mv=308
PCG_PREP o=121 rebuild=1 drift=0 previous_depth=1
E2_CAP o=121 retry=0 touched=1 ncam=52 raw=2407.1440137084205 capped=47.027613710761749 radius=6450.705179259342 median=1.4976286393614344 global_scale=1
ATTR_RADIUS o=121 raw_norm=2407.1440137084205 norm=47.027613710761749 radius=6450.705179259342 next_radius=6450.705179259342 lambda=1.7285076067522125e-05 next_lambda=1.7285076067522125e-05 rho=0.99867331829370065 accept=1
CLASSICAL_LM o=121 lambda=1.7285076067522125e-05 tau=1.7285076067522125e-05 prediction=3.4465753741296057 rho=0.99867331829370065 accept=1
  MFCG it 122 cost=2.595883e+05 lam=1.729e-05 tau=0.00e+00 cg_it=0 shift=0 ckpt=1 alpha=0 acc mv=310
PCG_PREP o=122 rebuild=1 drift=0 previous_depth=1
E2_CAP o=122 retry=0 touched=1 ncam=52 raw=2403.9062283606277 capped=46.858477067960088 radius=6450.705179259342 median=1.4921816222281197 global_scale=1
ATTR_RADIUS o=122 raw_norm=2403.9062283606277 norm=46.858477067960067 radius=6450.705179259342 next_radius=6450.705179259342 lambda=1.7285076067522125e-05 next_lambda=1.7285076067522125e-05 rho=0.99868407052335195 accept=1
CLASSICAL_LM o=122 lambda=1.7285076067522125e-05 tau=1.7285076067522125e-05 prediction=3.4264192945499126 rho=0.99868407052335195 accept=1
  MFCG it 123 cost=2.595849e+05 lam=1.729e-05 tau=0.00e+00 cg_it=0 shift=0 ckpt=1 alpha=0 acc mv=312
PCG_PREP o=123 rebuild=1 drift=0 previous_depth=1
E2_CAP o=123 retry=0 touched=1 ncam=52 raw=2400.6849188168699 capped=46.681335264042701 radius=6450.705179259342 median=1.4864508516292592 global_scale=1
ATTR_RADIUS o=123 raw_norm=2400.6849188168699 norm=46.681335264042701 radius=6450.705179259342 next_radius=6450.705179259342 lambda=1.7285076067522125e-05 next_lambda=1.7285076067522125e-05 rho=0.99869508765362702 accept=1
CLASSICAL_LM o=123 lambda=1.7285076067522125e-05 tau=1.7285076067522125e-05 prediction=3.4060158577297877 rho=0.99869508765362702 accept=1
  MFCG it 124 cost=2.595815e+05 lam=1.729e-05 tau=0.00e+00 cg_it=0 shift=0 ckpt=1 alpha=0 acc mv=314
PCG_PREP o=124 rebuild=1 drift=0 previous_depth=1
E2_CAP o=124 retry=0 touched=1 ncam=52 raw=2397.480443506653 capped=46.499486133594331 radius=6450.705179259342 median=1.4805516920610131 global_scale=1
ATTR_RADIUS o=124 raw_norm=2397.4804435066521 norm=46.499486133594353 radius=6450.705179259342 next_radius=6450.705179259342 lambda=1.7285076067522125e-05 next_lambda=1.7285076067522125e-05 rho=0.99870622041969614 accept=1
CLASSICAL_LM o=124 lambda=1.7285076067522125e-05 tau=1.7285076067522125e-05 prediction=3.3855195489270149 rho=0.99870622041969614 accept=1
  MFCG it 125 cost=2.595781e+05 lam=1.729e-05 tau=0.00e+00 cg_it=0 shift=0 ckpt=1 alpha=0 acc mv=316
PCG_PREP o=125 rebuild=1 drift=0 previous_depth=1
E2_CAP o=125 retry=0 touched=1 ncam=52 raw=2394.2940614007744 capped=46.319593184662558 radius=6450.705179259342 median=1.4747168388322542 global_scale=1
ATTR_RADIUS o=125 raw_norm=2394.2940614007744 norm=46.31959318466258 radius=6450.705179259342 next_radius=6450.705179259342 lambda=1.7285076067522125e-05 next_lambda=1.7285076067522125e-05 rho=0.99871718066691428 accept=1
CLASSICAL_LM o=125 lambda=1.7285076067522125e-05 tau=1.7285076067522125e-05 prediction=3.3652413482440977 rho=0.99871718066691428 accept=1
  MFCG it 126 cost=2.595747e+05 lam=1.729e-05 tau=0.00e+00 cg_it=0 shift=0 ckpt=1 alpha=0 acc mv=318
PCG_PREP o=126 rebuild=1 drift=0 previous_depth=1
E2_CAP o=126 retry=0 touched=1 ncam=52 raw=2391.1241518739926 capped=46.141542774082133 radius=6450.705179259342 median=1.4689426023790757 global_scale=1
ATTR_RADIUS o=126 raw_norm=2391.1241518739926 norm=46.141542774082104 radius=6450.705179259342 next_radius=6450.705179259342 lambda=1.7285076067522125e-05 next_lambda=1.7285076067522125e-05 rho=0.99872797653653411 accept=1
CLASSICAL_LM o=126 lambda=1.7285076067522125e-05 tau=1.7285076067522125e-05 prediction=3.3451732665646263 rho=0.99872797653653411 accept=1
  MFCG it 127 cost=2.595714e+05 lam=1.729e-05 tau=0.00e+00 cg_it=0 shift=0 ckpt=1 alpha=0 acc mv=320
PCG_PREP o=127 rebuild=1 drift=0 previous_depth=1
E2_CAP o=127 retry=0 touched=1 ncam=52 raw=2387.9712484456181 capped=45.965288364900005 radius=6450.705179259342 median=1.4632275329939843 global_scale=1
ATTR_RADIUS o=127 raw_norm=2387.9712484456177 norm=45.965288364899976 radius=6450.705179259342 next_radius=6450.705179259342 lambda=1.7285076067522125e-05 next_lambda=1.7285076067522125e-05 rho=0.99873861380898898 accept=1
CLASSICAL_LM o=127 lambda=1.7285076067522125e-05 tau=1.7285076067522125e-05 prediction=3.3253115693674169 rho=0.99873861380898898 accept=1
  MFCG it 128 cost=2.595681e+05 lam=1.729e-05 tau=0.00e+00 cg_it=0 shift=0 ckpt=1 alpha=0 acc mv=322
PCG_PREP o=128 rebuild=1 drift=0 previous_depth=1
E2_CAP o=128 retry=0 touched=1 ncam=52 raw=2384.8352819585712 capped=45.790753184885823 radius=6450.705179259342 median=1.4575691197729943 global_scale=1
ATTR_RADIUS o=128 raw_norm=2384.8352819585712 norm=45.790753184885823 radius=6450.705179259342 next_radius=6450.705179259342 lambda=1.7285076067522125e-05 next_lambda=1.7285076067522125e-05 rho=0.99874909751124319 accept=1
CLASSICAL_LM o=128 lambda=1.7285076067522125e-05 tau=1.7285076067522125e-05 prediction=3.3056508284890915 rho=0.99874909751124319 accept=1
  MFCG it 129 cost=2.595648e+05 lam=1.729e-05 tau=0.00e+00 cg_it=0 shift=0 ckpt=1 alpha=0 acc mv=324
PCG_PREP o=129 rebuild=1 drift=0 previous_depth=1
E2_CAP o=129 retry=0 touched=1 ncam=52 raw=2381.7157969800205 capped=45.617913576780289 radius=6450.705179259342 median=1.4519666409184513 global_scale=1
ATTR_RADIUS o=129 raw_norm=2381.7157969800191 norm=45.617913576780275 radius=6450.705179259342 next_radius=6450.705179259342 lambda=1.7285076067522125e-05 next_lambda=1.7285076067522125e-05 rho=0.99875943181101656 accept=1
CLASSICAL_LM o=129 lambda=1.7285076067522125e-05 tau=1.7285076067522125e-05 prediction=3.2861880500303582 rho=0.99875943181101656 accept=1
  MFCG it 130 cost=2.595615e+05 lam=1.729e-05 tau=0.00e+00 cg_it=0 shift=0 ckpt=1 alpha=0 acc mv=326
PCG_PREP o=130 rebuild=1 drift=0 previous_depth=1
E2_CAP o=130 retry=0 touched=1 ncam=52 raw=2378.6124104601654 capped=45.446694338276259 radius=6450.705179259342 median=1.4464176987207731 global_scale=1
ATTR_RADIUS o=130 raw_norm=2378.6124104601654 norm=45.446694338276266 radius=6450.705179259342 next_radius=6450.705179259342 lambda=1.7285076067522125e-05 next_lambda=1.7285076067522125e-05 rho=0.99876962205884612 accept=1
CLASSICAL_LM o=130 lambda=1.7285076067522125e-05 tau=1.7285076067522125e-05 prediction=3.2669178309340654 rho=0.99876962205884612 accept=1
  MFCG it 131 cost=2.595582e+05 lam=1.729e-05 tau=0.00e+00 cg_it=0 shift=0 ckpt=1 alpha=0 acc mv=328
PCG_PREP o=131 rebuild=1 drift=0 previous_depth=1
E2_CAP o=131 retry=0 touched=1 ncam=52 raw=2375.5252892275544 capped=45.277059352314673 radius=6450.705179259342 median=1.440921087605429 global_scale=1
ATTR_RADIUS o=131 raw_norm=2375.5252892275535 norm=45.277059352314673 radius=6450.705179259342 next_radius=6450.705179259342 lambda=1.7285076067522125e-05 next_lambda=1.7285076067522125e-05 rho=0.99877967127986012 accept=1
CLASSICAL_LM o=131 lambda=1.7285076067522125e-05 tau=1.7285076067522125e-05 prediction=3.247836925655156 rho=0.99877967127986012 accept=1
  MFCG it 132 cost=2.595550e+05 lam=1.729e-05 tau=0.00e+00 cg_it=0 shift=0 ckpt=1 alpha=0 acc mv=330
PCG_PREP o=132 rebuild=1 drift=0 previous_depth=1
E2_CAP o=132 retry=0 touched=1 ncam=52 raw=2372.4545936987338 capped=45.108988287220747 radius=6450.705179259342 median=1.4354762215253185 global_scale=1
ATTR_RADIUS o=132 raw_norm=2372.4545936987329 norm=45.108988287220754 radius=6450.705179259342 next_radius=6450.705179259342 lambda=1.7285076067522125e-05 next_lambda=1.7285076067522125e-05 rho=0.99878958340915835 accept=1
CLASSICAL_LM o=132 lambda=1.7285076067522125e-05 tau=1.7285076067522125e-05 prediction=3.228942812668806 rho=0.99878958340915835 accept=1
  MFCG it 133 cost=2.595518e+05 lam=1.729e-05 tau=0.00e+00 cg_it=0 shift=0 ckpt=1 alpha=0 acc mv=332
PCG_PREP o=133 rebuild=1 drift=0 previous_depth=1
E2_CAP o=133 retry=0 touched=1 ncam=52 raw=2369.399873221199 capped=44.942425517093909 radius=6450.705179259342 median=1.4300812653518755 global_scale=1
ATTR_RADIUS o=133 raw_norm=2369.399873221199 norm=44.942425517093902 radius=6450.705179259342 next_radius=6450.705179259342 lambda=1.7285076067522125e-05 next_lambda=1.7285076067522125e-05 rho=0.99879936236055344 accept=1
CLASSICAL_LM o=133 lambda=1.7285076067522125e-05 tau=1.7285076067522125e-05 prediction=3.2102311402224157 rho=0.99879936236055344 accept=1
  MFCG it 134 cost=2.595485e+05 lam=1.729e-05 tau=0.00e+00 cg_it=0 shift=0 ckpt=1 alpha=0 acc mv=334
PCG_PREP o=134 rebuild=1 drift=0 previous_depth=1
E2_CAP o=134 retry=0 touched=1 ncam=52 raw=2366.3600617424781 capped=44.777318632562014 radius=6450.705179259342 median=1.4247345263826117 global_scale=1
ATTR_RADIUS o=134 raw_norm=2366.3600617424777 norm=44.777318632562007 radius=6450.705179259342 next_radius=6450.705179259342 lambda=1.7285076067522125e-05 next_lambda=1.7285076067522125e-05 rho=0.99880901170674696 accept=1
CLASSICAL_LM o=134 lambda=1.7285076067522125e-05 tau=1.7285076067522125e-05 prediction=3.191697404472515 rho=0.99880901170674696 accept=1
  MFCG it 135 cost=2.595454e+05 lam=1.729e-05 tau=0.00e+00 cg_it=0 shift=0 ckpt=1 alpha=0 acc mv=336
PCG_PREP o=135 rebuild=1 drift=0 previous_depth=1
E2_CAP o=135 retry=0 touched=1 ncam=52 raw=2363.3363661461417 capped=44.61365677688184 radius=6450.705179259342 median=1.4194356581239362 global_scale=1
ATTR_RADIUS o=135 raw_norm=2363.3363661461422 norm=44.613656776881847 radius=6450.705179259342 next_radius=6450.705179259342 lambda=1.7285076067522125e-05 next_lambda=1.7285076067522125e-05 rho=0.99881853485770999 accept=1
CLASSICAL_LM o=135 lambda=1.7285076067522125e-05 tau=1.7285076067522125e-05 prediction=3.173340170435905 rho=0.99881853485770999 accept=1
  MFCG it 136 cost=2.595422e+05 lam=1.729e-05 tau=0.00e+00 cg_it=0 shift=0 ckpt=1 alpha=0 acc mv=338
PCG_PREP o=136 rebuild=1 drift=0 previous_depth=1
E2_CAP o=136 retry=0 touched=1 ncam=52 raw=2360.3276448196357 capped=44.451388917888153 radius=6450.705179259342 median=1.4141829881996189 global_scale=1
ATTR_RADIUS o=136 raw_norm=2360.3276448196357 norm=44.45138891788816 radius=6450.705179259342 next_radius=6450.705179259342 lambda=1.7285076067522125e-05 next_lambda=1.7285076067522125e-05 rho=0.99882793506823997 accept=1
CLASSICAL_LM o=136 lambda=1.7285076067522125e-05 tau=1.7285076067522125e-05 prediction=3.1551550851921299 rho=0.99882793506823997 accept=1
  MFCG it 137 cost=2.595390e+05 lam=1.729e-05 tau=0.00e+00 cg_it=0 shift=0 ckpt=1 alpha=0 acc mv=340
PCG_PREP o=137 rebuild=1 drift=0 previous_depth=1
E2_CAP o=137 retry=0 touched=1 ncam=52 raw=2357.334222626278 capped=44.290485681229669 radius=6450.705179259342 median=1.4089755573102807 global_scale=1
ATTR_RADIUS o=137 raw_norm=2357.334222626278 norm=44.290485681229669 radius=6450.705179259342 next_radius=6450.705179259342 lambda=1.7285076067522125e-05 next_lambda=1.7285076067522125e-05 rho=0.99883721570380135 accept=1
CLASSICAL_LM o=137 lambda=1.7285076067522125e-05 tau=1.7285076067522125e-05 prediction=3.1371394068817722 rho=0.99883721570380135 accept=1
  MFCG it 138 cost=2.595359e+05 lam=1.729e-05 tau=0.00e+00 cg_it=0 shift=0 ckpt=1 alpha=0 acc mv=342
PCG_PREP o=138 rebuild=1 drift=0 previous_depth=1
E2_CAP o=138 retry=0 touched=1 ncam=52 raw=2354.355647318288 capped=44.130915754278888 radius=6450.705179259342 median=1.4038123338736672 global_scale=1
ATTR_RADIUS o=138 raw_norm=2354.3556473182889 norm=44.130915754278902 radius=6450.705179259342 next_radius=6450.705179259342 lambda=1.7285076067522125e-05 next_lambda=1.7285076067522125e-05 rho=0.99884637940875498 accept=1
CLASSICAL_LM o=138 lambda=1.7285076067522125e-05 tau=1.7285076067522125e-05 prediction=3.1192901430154727 rho=0.99884637940875498 accept=1
  MFCG it 139 cost=2.595328e+05 lam=1.729e-05 tau=0.00e+00 cg_it=0 shift=0 ckpt=1 alpha=0 acc mv=344
PCG_PREP o=139 rebuild=1 drift=0 previous_depth=1
E2_CAP o=139 retry=0 touched=1 ncam=52 raw=2351.3920156041181 capped=43.972649116118227 radius=6450.705179259342 median=1.3986923433355449 global_scale=1
ATTR_RADIUS o=139 raw_norm=2351.3920156041181 norm=43.972649116118227 radius=6450.705179259342 next_radius=6450.705179259342 lambda=1.7285076067522125e-05 next_lambda=1.7285076067522125e-05 rho=0.99885542899294966 accept=1
CLASSICAL_LM o=139 lambda=1.7285076067522125e-05 tau=1.7285076067522125e-05 prediction=3.101604529617636 rho=0.99885542899294966 accept=1
  MFCG it 140 cost=2.595297e+05 lam=1.729e-05 tau=0.00e+00 cg_it=0 shift=0 ckpt=1 alpha=0 acc mv=346
PCG_PREP o=140 rebuild=1 drift=0 previous_depth=1
E2_CAP o=140 retry=0 touched=1 ncam=52 raw=2348.4435335254993 capped=43.815672433573901 radius=6450.705179259342 median=1.3936151090624027 global_scale=1
ATTR_RADIUS o=140 raw_norm=2348.4435335254998 norm=43.815672433573909 radius=6450.705179259342 next_radius=6450.705179259342 lambda=1.7285076067522125e-05 next_lambda=1.7285076067522125e-05 rho=0.99886436717139526 accept=1
CLASSICAL_LM o=140 lambda=1.7285076067522125e-05 tau=1.7285076067522125e-05 prediction=3.0840807297684831 rho=0.99886436717139526 accept=1
  MFCG it 141 cost=2.595266e+05 lam=1.729e-05 tau=0.00e+00 cg_it=0 shift=0 ckpt=1 alpha=0 acc mv=348
PCG_PREP o=141 rebuild=1 drift=0 previous_depth=1
E2_CAP o=141 retry=0 touched=1 ncam=52 raw=2345.5092500853757 capped=43.65992753396386 radius=6450.705179259342 median=1.388578742206382 global_scale=1
ATTR_RADIUS o=141 raw_norm=2345.5092500853757 norm=43.659927533963867 radius=6450.705179259342 next_radius=6450.705179259342 lambda=1.7285076067522125e-05 next_lambda=1.7285076067522125e-05 rho=0.99887319692561749 accept=1
CLASSICAL_LM o=141 lambda=1.7285076067522125e-05 tau=1.7285076067522125e-05 prediction=3.0667142414024413 rho=0.99887319692561749 accept=1
  MFCG it 142 cost=2.595235e+05 lam=1.729e-05 tau=0.00e+00 cg_it=0 shift=0 ckpt=1 alpha=0 acc mv=350
PCG_PREP o=142 rebuild=1 drift=0 previous_depth=1
E2_CAP o=142 retry=0 touched=1 ncam=52 raw=2342.589811540955 capped=43.505412050928854 radius=6450.705179259342 median=1.3835831420658313 global_scale=1
ATTR_RADIUS o=142 raw_norm=2342.5898115409555 norm=43.505412050928854 radius=6450.705179259342 next_radius=6450.705179259342 lambda=1.7285076067522125e-05 next_lambda=1.7285076067522125e-05 rho=0.99888192048348934 accept=1
CLASSICAL_LM o=142 lambda=1.7285076067522125e-05 tau=1.7285076067522125e-05 prediction=3.0495039551301439 rho=0.99888192048348934 accept=1
  MFCG it 143 cost=2.595205e+05 lam=1.729e-05 tau=0.00e+00 cg_it=0 shift=0 ckpt=1 alpha=0 acc mv=352
PCG_PREP o=143 rebuild=1 drift=0 previous_depth=1
E2_CAP o=143 retry=0 touched=1 ncam=52 raw=2339.6839419228581 capped=43.352084582714056 radius=6450.705179259342 median=1.3786269935355704 global_scale=1
ATTR_RADIUS o=143 raw_norm=2339.6839419228586 norm=43.352084582714063 radius=6450.705179259342 next_radius=6450.705179259342 lambda=1.7285076067522125e-05 next_lambda=1.7285076067522125e-05 rho=0.99889054041787351 accept=1
CLASSICAL_LM o=143 lambda=1.7285076067522125e-05 tau=1.7285076067522125e-05 prediction=3.0324461683017598 rho=0.99889054041787351 accept=1
  MFCG it 144 cost=2.595175e+05 lam=1.729e-05 tau=0.00e+00 cg_it=0 shift=0 ckpt=1 alpha=0 acc mv=354
PCG_PREP o=144 rebuild=1 drift=0 previous_depth=1
E2_CAP o=144 retry=0 touched=1 ncam=52 raw=2336.7928674705327 capped=43.199926219379108 radius=6450.705179259342 median=1.3737095704854778 global_scale=1
ATTR_RADIUS o=144 raw_norm=2336.7928674705317 norm=43.199926219379094 radius=6450.705179259342 next_radius=6450.705179259342 lambda=1.7285076067522125e-05 next_lambda=1.7285076067522125e-05 rho=0.99889905944695734 accept=1
CLASSICAL_LM o=144 lambda=1.7285076067522125e-05 tau=1.7285076067522125e-05 prediction=3.0155392630486357 rho=0.99889905944695734 accept=1
  MFCG it 145 cost=2.595145e+05 lam=1.729e-05 tau=0.00e+00 cg_it=0 shift=0 ckpt=1 alpha=0 acc mv=356
PCG_PREP o=145 rebuild=1 drift=0 previous_depth=1
E2_CAP o=145 retry=0 touched=1 ncam=52 raw=2333.9156366154375 capped=43.048928181696233 radius=6450.705179259342 median=1.3688306497985372 global_scale=1
ATTR_RADIUS o=145 raw_norm=2333.9156366154389 norm=43.048928181696233 radius=6450.705179259342 next_radius=6450.705179259342 lambda=1.7285076067522125e-05 next_lambda=1.7285076067522125e-05 rho=0.99890747920825473 accept=1
CLASSICAL_LM o=145 lambda=1.7285076067522125e-05 tau=1.7285076067522125e-05 prediction=2.9987811684058259 rho=0.99890747920825473 accept=1
  MFCG it 146 cost=2.595115e+05 lam=1.729e-05 tau=0.00e+00 cg_it=0 shift=0 ckpt=1 alpha=0 acc mv=358
PCG_PREP o=146 rebuild=1 drift=0 previous_depth=1
E2_CAP o=146 retry=0 touched=1 ncam=52 raw=2331.0522987203312 capped=42.899032532264762 radius=6450.705179259342 median=1.3639882566600328 global_scale=1
ATTR_RADIUS o=146 raw_norm=2331.0522987203317 norm=42.899032532264762 radius=6450.705179259342 next_radius=6450.705179259342 lambda=1.7285076067522125e-05 next_lambda=1.7285076067522125e-05 rho=0.99891580252817835 accept=1
CLASSICAL_LM o=146 lambda=1.7285076067522125e-05 tau=1.7285076067522125e-05 prediction=2.9821681438737695 rho=0.99891580252817835 accept=1
  MFCG it 147 cost=2.595085e+05 lam=1.729e-05 tau=0.00e+00 cg_it=0 shift=0 ckpt=1 alpha=0 acc mv=360
PCG_PREP o=147 rebuild=1 drift=0 previous_depth=1
E2_CAP o=147 retry=0 touched=1 ncam=52 raw=2328.202671505403 capped=42.750240805164445 radius=6450.705179259342 median=1.3591824590154646 global_scale=1
ATTR_RADIUS o=147 raw_norm=2328.2026715054021 norm=42.750240805164438 radius=6450.705179259342 next_radius=6450.705179259342 lambda=1.7285076067522125e-05 next_lambda=1.7285076067522125e-05 rho=0.99892403155655385 accept=1
CLASSICAL_LM o=147 lambda=1.7285076067522125e-05 tau=1.7285076067522125e-05 prediction=2.9656989045128452 rho=0.99892403155655385 accept=1
  MFCG it 148 cost=2.595055e+05 lam=1.729e-05 tau=0.00e+00 cg_it=0 shift=0 ckpt=1 alpha=0 acc mv=362
PCG_PREP o=148 rebuild=1 drift=0 previous_depth=1
E2_CAP o=148 retry=0 touched=1 ncam=52 raw=2325.3671606004627 capped=42.602530334312668 radius=6450.705179259342 median=1.3544124896191025 global_scale=1
ATTR_RADIUS o=148 raw_norm=2325.3671606004627 norm=42.602530334312661 radius=6450.705179259342 next_radius=6450.705179259342 lambda=1.7285076067522125e-05 next_lambda=1.7285076067522125e-05 rho=0.99893216782450145 accept=1
CLASSICAL_LM o=148 lambda=1.7285076067522125e-05 tau=1.7285076067522125e-05 prediction=2.9493714936436604 rho=0.99893216782450145 accept=1
  MFCG it 149 cost=2.595026e+05 lam=1.729e-05 tau=0.00e+00 cg_it=0 shift=0 ckpt=1 alpha=0 acc mv=364
PCG_PREP o=149 rebuild=1 drift=0 previous_depth=1
E2_CAP o=149 retry=0 touched=1 ncam=52 raw=2322.5447102611151 capped=42.455874151371816 radius=6450.705179259342 median=1.3496774753215943 global_scale=1
ATTR_RADIUS o=149 raw_norm=2322.5447102611156 norm=42.455874151371809 radius=6450.705179259342 next_radius=6450.705179259342 lambda=1.7285076067522125e-05 next_lambda=1.7285076067522125e-05 rho=0.99894021311668368 accept=1
CLASSICAL_LM o=149 lambda=1.7285076067522125e-05 tau=1.7285076067522125e-05 prediction=2.9331830984579446 rho=0.99894021311668368 accept=1
  MFCG it 150 cost=2.594996e+05 lam=1.729e-05 tau=0.00e+00 cg_it=0 shift=0 ckpt=1 alpha=0 acc mv=366
PCG_PREP o=150 rebuild=1 drift=0 previous_depth=1
E2_CAP o=150 retry=0 touched=1 ncam=52 raw=2319.7359874498716 capped=42.310262492079815 radius=6450.705179259342 median=1.3449770550882876 global_scale=1
ATTR_RADIUS o=150 raw_norm=2319.7359874498716 norm=42.310262492079815 radius=6450.705179259342 next_radius=6450.705179259342 lambda=1.7285076067522125e-05 next_lambda=1.7285076067522125e-05 rho=0.99894817038850847 accept=1
CLASSICAL_LM o=150 lambda=1.7285076067522125e-05 tau=1.7285076067522125e-05 prediction=2.9171324076327214 rho=0.99894817038850847 accept=1
  MFCG it 151 cost=2.594967e+05 lam=1.729e-05 tau=0.00e+00 cg_it=0 shift=0 ckpt=1 alpha=0 acc mv=368
PCG_PREP o=151 rebuild=1 drift=0 previous_depth=1
E2_CAP o=151 retry=0 touched=1 ncam=52 raw=2316.9398082493899 capped=42.165649168236108 radius=6450.705179259342 median=1.3403096955714868 global_scale=1
ATTR_RADIUS o=151 raw_norm=2316.9398082493894 norm=42.165649168236115 radius=6450.705179259342 next_radius=6450.705179259342 lambda=1.7285076067522125e-05 next_lambda=1.7285076067522125e-05 rho=0.99895604051128506 accept=1
CLASSICAL_LM o=151 lambda=1.7285076067522125e-05 tau=1.7285076067522125e-05 prediction=2.901215770139089 rho=0.99895604051128506 accept=1
  MFCG it 152 cost=2.594938e+05 lam=1.729e-05 tau=0.00e+00 cg_it=0 shift=0 ckpt=1 alpha=0 acc mv=370
PCG_PREP o=152 rebuild=1 drift=0 previous_depth=1
E2_CAP o=152 retry=0 touched=1 ncam=52 raw=2314.1576083638001 capped=42.022053905663228 radius=6450.705179259342 median=1.3356760250739828 global_scale=1
ATTR_RADIUS o=152 raw_norm=2314.1576083638006 norm=42.022053905663221 radius=6450.705179259342 next_radius=6450.705179259342 lambda=1.7285076067522125e-05 next_lambda=1.7285076067522125e-05 rho=0.99896382612826318 accept=1
CLASSICAL_LM o=152 lambda=1.7285076067522125e-05 tau=1.7285076067522125e-05 prediction=2.8854335612875195 rho=0.99896382612826318 accept=1
  MFCG it 153 cost=2.594909e+05 lam=1.729e-05 tau=0.00e+00 cg_it=0 shift=0 ckpt=1 alpha=0 acc mv=372
PCG_PREP o=153 rebuild=1 drift=0 previous_depth=1
E2_CAP o=153 retry=0 touched=1 ncam=52 raw=2311.3885041150625 capped=41.879429128814486 radius=6450.705179259342 median=1.3310744567762673 global_scale=1
ATTR_RADIUS o=153 raw_norm=2311.3885041150629 norm=41.879429128814486 radius=6450.705179259342 next_radius=6450.705179259342 lambda=1.7285076067522125e-05 next_lambda=1.7285076067522125e-05 rho=0.99897152796297772 accept=1
CLASSICAL_LM o=153 lambda=1.7285076067522125e-05 tau=1.7285076067522125e-05 prediction=2.8697822913534341 rho=0.99897152796297772 accept=1
  MFCG it 154 cost=2.594881e+05 lam=1.729e-05 tau=0.00e+00 cg_it=0 shift=0 ckpt=1 alpha=0 acc mv=374
PCG_PREP o=154 rebuild=1 drift=0 previous_depth=1
E2_CAP o=154 retry=0 touched=1 ncam=52 raw=2308.6318374926868 capped=41.737770079089444 radius=6450.705179259342 median=1.3265048696381279 global_scale=1
ATTR_RADIUS o=154 raw_norm=2308.6318374926868 norm=41.737770079089444 radius=6450.705179259342 next_radius=6450.705179259342 lambda=1.7285076067522125e-05 next_lambda=1.7285076067522125e-05 rho=0.99897914837998947 accept=1
CLASSICAL_LM o=154 lambda=1.7285076067522125e-05 tau=1.7285076067522125e-05 prediction=2.8542603862786198 rho=0.99897914837998947 accept=1
  MFCG it 155 cost=2.594852e+05 lam=1.729e-05 tau=0.00e+00 cg_it=0 shift=0 ckpt=1 alpha=0 acc mv=376
PCG_PREP o=155 rebuild=1 drift=0 previous_depth=1
E2_CAP o=155 retry=0 touched=1 ncam=52 raw=2305.8881570093968 capped=41.597056010088401 radius=6450.705179259342 median=1.3219665189379481 global_scale=1
ATTR_RADIUS o=155 raw_norm=2305.8881570093959 norm=41.597056010088394 radius=6450.705179259342 next_radius=6450.705179259342 lambda=1.7285076067522125e-05 next_lambda=1.7285076067522125e-05 rho=0.99898668878016783 accept=1
CLASSICAL_LM o=155 lambda=1.7285076067522125e-05 tau=1.7285076067522125e-05 prediction=2.838866113225051 rho=0.99898668878016783 accept=1
  MFCG it 156 cost=2.594824e+05 lam=1.729e-05 tau=0.00e+00 cg_it=0 shift=0 ckpt=1 alpha=0 acc mv=378
PCG_PREP o=156 rebuild=1 drift=0 previous_depth=1
E2_CAP o=156 retry=0 touched=1 ncam=52 raw=2303.1569835545511 capped=41.424101321601469 radius=6450.705179259342 median=1.3162991368082069 global_scale=1
ATTR_RADIUS o=156 raw_norm=2303.1569835545511 norm=41.424101321601462 radius=6450.705179259342 next_radius=6450.705179259342 lambda=1.7285076067522125e-05 next_lambda=1.7285076067522125e-05 rho=0.99899541827992488 accept=1
CLASSICAL_LM o=156 lambda=1.7285076067522125e-05 tau=1.7285076067522125e-05 prediction=2.8221140319624274 rho=0.99899541827992488 accept=1
  MFCG it 157 cost=2.594796e+05 lam=1.729e-05 tau=0.00e+00 cg_it=0 shift=0 ckpt=1 alpha=0 acc mv=380
PCG_PREP o=157 rebuild=1 drift=0 previous_depth=1
E2_CAP o=157 retry=0 touched=1 ncam=52 raw=2300.4416929553131 capped=41.246657018982397 radius=6450.705179259342 median=1.3104728796742937 global_scale=1
ATTR_RADIUS o=157 raw_norm=2300.4416929553136 norm=41.246657018982404 radius=6450.705179259342 next_radius=6450.705179259342 lambda=1.7285076067522125e-05 next_lambda=1.7285076067522125e-05 rho=0.99900425458831321 accept=1
CLASSICAL_LM o=157 lambda=1.7285076067522125e-05 tau=1.7285076067522125e-05 prediction=2.805250530492394 rho=0.99900425458831321 accept=1
  MFCG it 158 cost=2.594768e+05 lam=1.729e-05 tau=0.00e+00 cg_it=0 shift=0 ckpt=1 alpha=0 acc mv=382
PCG_PREP o=158 rebuild=1 drift=0 previous_depth=1
E2_CAP o=158 retry=0 touched=1 ncam=52 raw=2297.7421579918596 capped=41.070305074186329 radius=6450.705179259342 median=1.3046830453070368 global_scale=1
ATTR_RADIUS o=158 raw_norm=2297.7421579918591 norm=41.070305074186336 radius=6450.705179259342 next_radius=6450.705179259342 lambda=1.7285076067522125e-05 next_lambda=1.7285076067522125e-05 rho=0.99901299041430502 accept=1
CLASSICAL_LM o=158 lambda=1.7285076067522125e-05 tau=1.7285076067522125e-05 prediction=2.7885246079155239 rho=0.99901299041430502 accept=1
  MFCG it 159 cost=2.594740e+05 lam=1.729e-05 tau=0.00e+00 cg_it=0 shift=0 ckpt=1 alpha=0 acc mv=384
PCG_PREP o=159 rebuild=1 drift=0 previous_depth=1
E2_CAP o=159 retry=0 touched=1 ncam=52 raw=2295.0581420329991 capped=40.894956288633097 radius=6450.705179259342 median=1.2989265138957382 global_scale=1
ATTR_RADIUS o=159 raw_norm=2295.0581420329986 norm=40.894956288633097 radius=6450.705179259342 next_radius=6450.705179259342 lambda=1.7285076067522125e-05 next_lambda=1.7285076067522125e-05 rho=0.99902163219671958 accept=1
CLASSICAL_LM o=159 lambda=1.7285076067522125e-05 tau=1.7285076067522125e-05 prediction=2.7719311844158825 rho=0.99902163219671958 accept=1
  MFCG it 160 cost=2.594712e+05 lam=1.729e-05 tau=0.00e+00 cg_it=0 shift=0 ckpt=1 alpha=0 acc mv=386
PCG_PREP o=160 rebuild=1 drift=0 previous_depth=1
E2_CAP o=160 retry=0 touched=1 ncam=52 raw=2292.3895573769214 capped=40.720556299087626 radius=6450.705179259342 median=1.2932014162174612 global_scale=1
ATTR_RADIUS o=160 raw_norm=2292.3895573769209 norm=40.720556299087626 radius=6450.705179259342 next_radius=6450.705179259342 lambda=1.7285076067522125e-05 next_lambda=1.7285076067522125e-05 rho=0.99903018404946808 accept=1
CLASSICAL_LM o=160 lambda=1.7285076067522125e-05 tau=1.7285076067522125e-05 prediction=2.7554667589178305 rho=0.99903018404946808 accept=1
  MFCG it 161 cost=2.594685e+05 lam=1.729e-05 tau=0.00e+00 cg_it=0 shift=0 ckpt=1 alpha=0 acc mv=388
PCG_PREP o=161 rebuild=1 drift=0 previous_depth=1
E2_CAP o=161 retry=0 touched=1 ncam=52 raw=2289.7359000934734 capped=40.547062752676368 radius=6450.705179259342 median=1.2875063026875804 global_scale=1
ATTR_RADIUS o=161 raw_norm=2289.7359000934734 norm=40.547062752676368 radius=6450.705179259342 next_radius=6450.705179259342 lambda=1.7285076067522125e-05 next_lambda=1.7285076067522125e-05 rho=0.99903864821578481 accept=1
CLASSICAL_LM o=161 lambda=1.7285076067522125e-05 tau=1.7285076067522125e-05 prediction=2.7391282935400318 rho=0.99903864821578481 accept=1
  MFCG it 162 cost=2.594657e+05 lam=1.729e-05 tau=0.00e+00 cg_it=0 shift=0 ckpt=1 alpha=0 acc mv=390
PCG_PREP o=162 rebuild=1 drift=0 previous_depth=1
E2_CAP o=162 retry=0 touched=1 ncam=52 raw=2287.0980718037654 capped=40.374469068041897 radius=6450.705179259342 median=1.2818409121333008 global_scale=1
ATTR_RADIUS o=162 raw_norm=2287.0980718037649 norm=40.37446906804189 radius=6450.705179259342 next_radius=6450.705179259342 lambda=1.7285076067522125e-05 next_lambda=1.7285076067522125e-05 rho=0.99904702743169105 accept=1
CLASSICAL_LM o=162 lambda=1.7285076067522125e-05 tau=1.7285076067522125e-05 prediction=2.7229148679119652 rho=0.99904702743169105 accept=1
  MFCG it 163 cost=2.594630e+05 lam=1.729e-05 tau=0.00e+00 cg_it=0 shift=0 ckpt=1 alpha=0 acc mv=392
PCG_PREP o=163 rebuild=1 drift=0 previous_depth=1
E2_CAP o=163 retry=0 touched=1 ncam=52 raw=2284.4742707770233 capped=40.202728711120464 radius=6450.705179259342 median=1.2762037125451113 global_scale=1
ATTR_RADIUS o=163 raw_norm=2284.4742707770233 norm=40.202728711120457 radius=6450.705179259342 next_radius=6450.705179259342 lambda=1.7285076067522125e-05 next_lambda=1.7285076067522125e-05 rho=0.99905532329509672 accept=1
CLASSICAL_LM o=163 lambda=1.7285076067522125e-05 tau=1.7285076067522125e-05 prediction=2.7068227590590381 rho=0.99905532329509672 accept=1
  MFCG it 164 cost=2.594603e+05 lam=1.729e-05 tau=0.00e+00 cg_it=0 shift=0 ckpt=1 alpha=0 acc mv=394
PCG_PREP o=164 rebuild=1 drift=0 previous_depth=1
E2_CAP o=164 retry=0 touched=1 ncam=52 raw=2281.8661082127014 capped=40.031860626913399 radius=6450.705179259342 median=1.2705952898653199 global_scale=1
ATTR_RADIUS o=164 raw_norm=2281.8661082127019 norm=40.031860626913407 radius=6450.705179259342 next_radius=6450.705179259342 lambda=1.7285076067522125e-05 next_lambda=1.7285076067522125e-05 rho=0.99906353787435553 accept=1
CLASSICAL_LM o=164 lambda=1.7285076067522125e-05 tau=1.7285076067522125e-05 prediction=2.6908525291465066 rho=0.99906353787435553 accept=1
  MFCG it 165 cost=2.594576e+05 lam=1.729e-05 tau=0.00e+00 cg_it=0 shift=0 ckpt=1 alpha=0 acc mv=396
PCG_PREP o=165 rebuild=1 drift=0 previous_depth=1
E2_CAP o=165 retry=0 touched=1 ncam=52 raw=2279.2724874662208 capped=39.861839971623169 radius=6450.705179259342 median=1.2650148264782972 global_scale=1
ATTR_RADIUS o=165 raw_norm=2279.2724874662213 norm=39.861839971623169 radius=6450.705179259342 next_radius=6450.705179259342 lambda=1.7285076067522125e-05 next_lambda=1.7285076067522125e-05 rho=0.99907167235465144 accept=1
CLASSICAL_LM o=165 lambda=1.7285076067522125e-05 tau=1.7285076067522125e-05 prediction=2.6750017230259795 rho=0.99907167235465144 accept=1
  MFCG it 166 cost=2.594549e+05 lam=1.729e-05 tau=0.00e+00 cg_it=0 shift=0 ckpt=1 alpha=0 acc mv=398
PCG_PREP o=166 rebuild=1 drift=0 previous_depth=1
E2_CAP o=166 retry=0 touched=1 ncam=52 raw=2276.6936694476681 capped=39.692666685951295 radius=6450.705179259342 median=1.259462368872555 global_scale=1
ATTR_RADIUS o=166 raw_norm=2276.6936694476676 norm=39.692666685951288 radius=6450.705179259342 next_radius=6450.705179259342 lambda=1.7285076067522125e-05 next_lambda=1.7285076067522125e-05 rho=0.99907972836832382 accept=1
CLASSICAL_LM o=166 lambda=1.7285076067522125e-05 tau=1.7285076067522125e-05 prediction=2.6592695158005335 rho=0.99907972836832382 accept=1
  MFCG it 167 cost=2.594523e+05 lam=1.729e-05 tau=0.00e+00 cg_it=0 shift=0 ckpt=1 alpha=0 acc mv=400
PCG_PREP o=167 rebuild=1 drift=0 previous_depth=1
E2_CAP o=167 retry=0 touched=1 ncam=52 raw=2274.1290898294096 capped=39.524330824102321 radius=6450.705179259342 median=1.25393754061852 global_scale=1
ATTR_RADIUS o=167 raw_norm=2274.1290898294092 norm=39.524330824102307 radius=6450.705179259342 next_radius=6450.705179259342 lambda=1.7285076067522125e-05 next_lambda=1.7285076067522125e-05 rho=0.99908770625950583 accept=1
CLASSICAL_LM o=167 lambda=1.7285076067522125e-05 tau=1.7285076067522125e-05 prediction=2.643654410604511 rho=0.99908770625950583 accept=1
  MFCG it 168 cost=2.594496e+05 lam=1.729e-05 tau=0.00e+00 cg_it=0 shift=0 ckpt=1 alpha=0 acc mv=402
PCG_PREP o=168 rebuild=1 drift=0 previous_depth=1
E2_CAP o=168 retry=0 touched=1 ncam=52 raw=2271.5790629540097 capped=39.356836911034591 radius=6450.705179259342 median=1.2484405327257972 global_scale=1
ATTR_RADIUS o=168 raw_norm=2271.5790629540097 norm=39.356836911034584 radius=6450.705179259342 next_radius=6450.705179259342 lambda=1.7285076067522125e-05 next_lambda=1.7285076067522125e-05 rho=0.99909560810146547 accept=1
CLASSICAL_LM o=168 lambda=1.7285076067522125e-05 tau=1.7285076067522125e-05 prediction=2.6281558057172392 rho=0.99909560810146547 accept=1
  MFCG it 169 cost=2.594470e+05 lam=1.729e-05 tau=0.00e+00 cg_it=0 shift=0 ckpt=1 alpha=0 acc mv=404
PCG_PREP o=169 rebuild=1 drift=0 previous_depth=1
E2_CAP o=169 retry=0 touched=1 ncam=52 raw=2269.0430806144127 capped=39.190177113064678 radius=6450.705179259342 median=1.2429710717431977 global_scale=1
ATTR_RADIUS o=169 raw_norm=2269.0430806144136 norm=39.190177113064671 radius=6450.705179259342 next_radius=6450.705179259342 lambda=1.7285076067522125e-05 next_lambda=1.7285076067522125e-05 rho=0.99910343479324182 accept=1
CLASSICAL_LM o=169 lambda=1.7285076067522125e-05 tau=1.7285076067522125e-05 prediction=2.6127723104722089 rho=0.99910343479324182 accept=1
  MFCG it 170 cost=2.594444e+05 lam=1.729e-05 tau=0.00e+00 cg_it=0 shift=0 ckpt=1 alpha=0 acc mv=406
PCG_PREP o=170 rebuild=1 drift=0 previous_depth=1
E2_CAP o=170 retry=0 touched=1 ncam=52 raw=2266.5212351956152 capped=39.024353539439268 radius=6450.705179259342 median=1.2375292605021824 global_scale=1
ATTR_RADIUS o=170 raw_norm=2266.5212351956161 norm=39.024353539439261 radius=6450.705179259342 next_radius=6450.705179259342 lambda=1.7285076067522125e-05 next_lambda=1.7285076067522125e-05 rho=0.99911118696205459 accept=1
CLASSICAL_LM o=170 lambda=1.7285076067522125e-05 tau=1.7285076067522125e-05 prediction=2.5975032190850218 rho=0.99911118696205459 accept=1
  MFCG it 171 cost=2.594418e+05 lam=1.729e-05 tau=0.00e+00 cg_it=0 shift=0 ckpt=1 alpha=0 acc mv=408
PCG_PREP o=171 rebuild=1 drift=0 previous_depth=1
E2_CAP o=171 retry=0 touched=1 ncam=52 raw=2264.0133932509993 capped=38.859365580821347 radius=6450.705179259342 median=1.2321150777392234 global_scale=1
ATTR_RADIUS o=171 raw_norm=2264.0133932509993 norm=38.859365580821326 radius=6450.705179259342 next_radius=6450.705179259342 lambda=1.7285076067522125e-05 next_lambda=1.7285076067522125e-05 rho=0.99911886546727746 accept=1
CLASSICAL_LM o=171 lambda=1.7285076067522125e-05 tau=1.7285076067522125e-05 prediction=2.582347589537922 rho=0.99911886546727746 accept=1
  MFCG it 172 cost=2.594392e+05 lam=1.729e-05 tau=0.00e+00 cg_it=0 shift=0 ckpt=1 alpha=0 acc mv=410
PCG_PREP o=172 rebuild=1 drift=0 previous_depth=1
E2_CAP o=172 retry=0 touched=1 ncam=52 raw=2261.5198745401262 capped=38.695220002587078 radius=6450.705179259342 median=1.2267287538817446 global_scale=1
ATTR_RADIUS o=172 raw_norm=2261.5198745401262 norm=38.695220002587064 radius=6450.705179259342 next_radius=6450.705179259342 lambda=1.7285076067522125e-05 next_lambda=1.7285076067522125e-05 rho=0.9991264717612518 accept=1
CLASSICAL_LM o=172 lambda=1.7285076067522125e-05 tau=1.7285076067522125e-05 prediction=2.5673050208373658 rho=0.9991264717612518 accept=1
  MFCG it 173 cost=2.594367e+05 lam=1.729e-05 tau=0.00e+00 cg_it=0 shift=0 ckpt=1 alpha=0 acc mv=412
PCG_PREP o=173 rebuild=1 drift=0 previous_depth=1
E2_CAP o=173 retry=0 touched=1 ncam=52 raw=2259.0403210122581 capped=38.531911897815974 radius=6450.705179259342 median=1.2213701367958349 global_scale=1
ATTR_RADIUS o=173 raw_norm=2259.0403210122586 norm=38.531911897815981 radius=6450.705179259342 next_radius=6450.705179259342 lambda=1.7285076067522125e-05 next_lambda=1.7285076067522125e-05 rho=0.99913400650274731 accept=1
CLASSICAL_LM o=173 lambda=1.7285076067522125e-05 tau=1.7285076067522125e-05 prediction=2.5523743397410641 rho=0.99913400650274731 accept=1
  MFCG it 174 cost=2.594341e+05 lam=1.729e-05 tau=0.00e+00 cg_it=0 shift=0 ckpt=1 alpha=0 acc mv=414
PCG_PREP o=174 rebuild=1 drift=0 previous_depth=1
E2_CAP o=174 retry=0 touched=1 ncam=52 raw=2256.5740483438703 capped=38.369431299207342 radius=6450.705179259342 median=1.2160389178553124 global_scale=1
ATTR_RADIUS o=174 raw_norm=2256.5740483438713 norm=38.369431299207335 radius=6450.705179259342 next_radius=6450.705179259342 lambda=1.7285076067522125e-05 next_lambda=1.7285076067522125e-05 rho=0.99914147015203103 accept=1
CLASSICAL_LM o=174 lambda=1.7285076067522125e-05 tau=1.7285076067522125e-05 prediction=2.5375540260396043 rho=0.99914147015203103 accept=1
  MFCG it 175 cost=2.594316e+05 lam=1.729e-05 tau=0.00e+00 cg_it=0 shift=0 ckpt=1 alpha=0 acc mv=416
PCG_PREP o=175 rebuild=1 drift=0 previous_depth=1
E2_CAP o=175 retry=0 touched=1 ncam=52 raw=2254.1210664175405 capped=38.207779220624069 radius=6450.705179259342 median=1.210735139678524 global_scale=1
ATTR_RADIUS o=175 raw_norm=2254.121066417541 norm=38.207779220624062 radius=6450.705179259342 next_radius=6450.705179259342 lambda=1.7285076067522125e-05 next_lambda=1.7285076067522125e-05 rho=0.99914886408894976 accept=1
CLASSICAL_LM o=175 lambda=1.7285076067522125e-05 tau=1.7285076067522125e-05 prediction=2.5228433666897274 rho=0.99914886408894976 accept=1
  MFCG it 176 cost=2.594291e+05 lam=1.729e-05 tau=0.00e+00 cg_it=0 shift=0 ckpt=1 alpha=0 acc mv=418
PCG_PREP o=176 rebuild=1 drift=0 previous_depth=1
E2_CAP o=176 retry=0 touched=1 ncam=52 raw=2251.6819162596221 capped=38.046965977245236 radius=6450.705179259342 median=1.2054591321751973 global_scale=1
ATTR_RADIUS o=176 raw_norm=2251.6819162596216 norm=38.046965977245236 radius=6450.705179259342 next_radius=6450.705179259342 lambda=1.7285076067522125e-05 next_lambda=1.7285076067522125e-05 rho=0.99915618878116264 accept=1
CLASSICAL_LM o=176 lambda=1.7285076067522125e-05 tau=1.7285076067522125e-05 prediction=2.5082421840201485 rho=0.99915618878116264 accept=1
  MFCG it 177 cost=2.594266e+05 lam=1.729e-05 tau=0.00e+00 cg_it=0 shift=0 ckpt=1 alpha=0 acc mv=420
PCG_PREP o=177 rebuild=1 drift=0 previous_depth=1
E2_CAP o=177 retry=0 touched=1 ncam=52 raw=2249.2560789197096 capped=37.886982800042183 radius=6450.705179259342 median=1.2002106499702194 global_scale=1
ATTR_RADIUS o=177 raw_norm=2249.2560789197087 norm=37.886982800042176 radius=6450.705179259342 next_radius=6450.705179259342 lambda=1.7285076067522125e-05 next_lambda=1.7285076067522125e-05 rho=0.99916344535409951 accept=1
CLASSICAL_LM o=177 lambda=1.7285076067522125e-05 tau=1.7285076067522125e-05 prediction=2.4937491704279635 rho=0.99916344535409951 accept=1
  MFCG it 178 cost=2.594241e+05 lam=1.729e-05 tau=0.00e+00 cg_it=0 shift=0 ckpt=1 alpha=0 acc mv=422
PCG_PREP o=178 rebuild=1 drift=0 previous_depth=1
E2_CAP o=178 retry=0 touched=1 ncam=52 raw=2246.8437064833488 capped=37.727833329448693 radius=6450.705179259342 median=1.1949897876643116 global_scale=1
ATTR_RADIUS o=178 raw_norm=2246.8437064833479 norm=37.727833329448686 radius=6450.705179259342 next_radius=6450.705179259342 lambda=1.7285076067522125e-05 next_lambda=1.7285076067522125e-05 rho=0.99917063464219491 accept=1
CLASSICAL_LM o=178 lambda=1.7285076067522125e-05 tau=1.7285076067522125e-05 prediction=2.4793637427486606 rho=0.99917063464219491 accept=1
  MFCG: converged (OCA_FTOL: 8 outers < 1.0e-05 rel)
  [menu-backtrack] confirming stop with original retry policy at outer 179
  MFCG it 179 cost=2.594216e+05 lam=1.729e-05 tau=0.00e+00 cg_it=0 shift=0 ckpt=1 alpha=0 acc mv=424
PCG_PREP o=179 rebuild=1 drift=0 previous_depth=1
E2_CAP o=179 retry=0 touched=1 ncam=52 raw=2244.4444208870855 capped=37.569511077941428 radius=6450.705179259342 median=1.1897963557222404 global_scale=1
ATTR_RADIUS o=179 raw_norm=2244.4444208870864 norm=37.569511077941428 radius=6450.705179259342 next_radius=6450.705179259342 lambda=1.7285076067522125e-05 next_lambda=1.7285076067522125e-05 rho=0.99917775623364469 accept=1
CLASSICAL_LM o=179 lambda=1.7285076067522125e-05 tau=1.7285076067522125e-05 prediction=2.4650846949575196 rho=0.99917775623364469 accept=1
  MFCG it 180 cost=2.594191e+05 lam=1.729e-05 tau=0.00e+00 cg_it=0 shift=0 ckpt=1 alpha=0 acc mv=426
PCG_PREP o=180 rebuild=1 drift=0 previous_depth=1
E2_CAP o=180 retry=0 touched=1 ncam=52 raw=2242.0583103330869 capped=37.412016988630079 radius=6450.705179259342 median=1.1846303888325531 global_scale=1
ATTR_RADIUS o=180 raw_norm=2242.058310333086 norm=37.412016988630079 radius=6450.705179259342 next_radius=6450.705179259342 lambda=1.7285076067522125e-05 next_lambda=1.7285076067522125e-05 rho=0.99918481311756335 accept=1
CLASSICAL_LM o=180 lambda=1.7285076067522125e-05 tau=1.7285076067522125e-05 prediction=2.450911413614576 rho=0.99918481311756335 accept=1
  MFCG it 181 cost=2.594167e+05 lam=1.729e-05 tau=0.00e+00 cg_it=0 shift=0 ckpt=1 alpha=0 acc mv=428
PCG_PREP o=181 rebuild=1 drift=0 previous_depth=1
E2_CAP o=181 retry=0 touched=1 ncam=52 raw=2239.6848759562263 capped=37.255342685439089 radius=6450.705179259342 median=1.1794916289392574 global_scale=1
ATTR_RADIUS o=181 raw_norm=2239.6848759562263 norm=37.255342685439089 radius=6450.705179259342 next_radius=6450.705179259342 lambda=1.7285076067522125e-05 next_lambda=1.7285076067522125e-05 rho=0.99919180369110983 accept=1
CLASSICAL_LM o=181 lambda=1.7285076067522125e-05 tau=1.7285076067522125e-05 prediction=2.436842568261111 rho=0.99919180369110983 accept=1
  MFCG it 182 cost=2.594142e+05 lam=1.729e-05 tau=0.00e+00 cg_it=0 shift=0 ckpt=1 alpha=0 acc mv=430
PCG_PREP o=182 rebuild=1 drift=0 previous_depth=1
E2_CAP o=182 retry=0 touched=1 ncam=52 raw=2237.3248245394338 capped=37.099499492435612 radius=6450.705179259342 median=1.1743804262723585 global_scale=1
ATTR_RADIUS o=182 raw_norm=2237.3248245394338 norm=37.099499492435619 radius=6450.705179259342 next_radius=6450.705179259342 lambda=1.7285076067522125e-05 next_lambda=1.7285076067522125e-05 rho=0.99919873077299326 accept=1
CLASSICAL_LM o=182 lambda=1.7285076067522125e-05 tau=1.7285076067522125e-05 prediction=2.4228781960320962 rho=0.99919873077299326 accept=1
  MFCG it 183 cost=2.594118e+05 lam=1.729e-05 tau=0.00e+00 cg_it=0 shift=0 ckpt=1 alpha=0 acc mv=432
PCG_PREP o=183 rebuild=1 drift=0 previous_depth=1
E2_CAP o=183 retry=0 touched=1 ncam=52 raw=2234.9767677108816 capped=36.944463056940769 radius=6450.705179259342 median=1.1692960265949233 global_scale=1
ATTR_RADIUS o=183 raw_norm=2234.9767677108821 norm=36.944463056940762 radius=6450.705179259342 next_radius=6450.705179259342 lambda=1.7285076067522125e-05 next_lambda=1.7285076067522125e-05 rho=0.99920559370747231 accept=1
CLASSICAL_LM o=183 lambda=1.7285076067522125e-05 tau=1.7285076067522125e-05 prediction=2.4090160057211443 rho=0.99920559370747231 accept=1
  MFCG it 184 cost=2.594094e+05 lam=1.729e-05 tau=0.00e+00 cg_it=0 shift=0 ckpt=1 alpha=0 acc mv=434
PCG_PREP o=184 rebuild=1 drift=0 previous_depth=1
E2_CAP o=184 retry=0 touched=1 ncam=52 raw=2232.6418430321255 capped=36.790251831299727 radius=6450.705179259342 median=1.1642389912806832 global_scale=1
ATTR_RADIUS o=184 raw_norm=2232.6418430321246 norm=36.790251831299713 radius=6450.705179259342 next_radius=6450.705179259342 lambda=1.7285076067522125e-05 next_lambda=1.7285076067522125e-05 rho=0.99921239355954938 accept=1
CLASSICAL_LM o=184 lambda=1.7285076067522125e-05 tau=1.7285076067522125e-05 prediction=2.3952564961650804 rho=0.99921239355954938 accept=1
  MFCG it 185 cost=2.594070e+05 lam=1.729e-05 tau=0.00e+00 cg_it=0 shift=0 ckpt=1 alpha=0 acc mv=436
PCG_PREP o=185 rebuild=1 drift=0 previous_depth=1
E2_CAP o=185 retry=0 touched=1 ncam=52 raw=2230.3199030925966 capped=36.636861175446889 radius=6450.705179259342 median=1.1592091969026295 global_scale=1
ATTR_RADIUS o=185 raw_norm=2230.3199030925957 norm=36.636861175446874 radius=6450.705179259342 next_radius=6450.705179259342 lambda=1.7285076067522125e-05 next_lambda=1.7285076067522125e-05 rho=0.999219131344525 accept=1
CLASSICAL_LM o=185 lambda=1.7285076067522125e-05 tau=1.7285076067522125e-05 prediction=2.3815987272301529 rho=0.999219131344525 accept=1
  MFCG it 186 cost=2.594046e+05 lam=1.729e-05 tau=0.00e+00 cg_it=0 shift=0 ckpt=1 alpha=0 acc mv=438
PCG_PREP o=186 rebuild=1 drift=0 previous_depth=1
E2_CAP o=186 retry=0 touched=1 ncam=52 raw=2228.0096188586344 capped=36.484268006344415 radius=6450.705179259342 median=1.1542059024395379 global_scale=1
ATTR_RADIUS o=186 raw_norm=2228.009618858634 norm=36.484268006344422 radius=6450.705179259342 next_radius=6450.705179259342 lambda=1.7285076067522125e-05 next_lambda=1.7285076067522125e-05 rho=0.99922580765886038 accept=1
CLASSICAL_LM o=186 lambda=1.7285076067522125e-05 tau=1.7285076067522125e-05 prediction=2.3680405264212561 rho=0.99922580765886038 accept=1
  MFCG: converged (OCA_FTOL: 8 outers < 1.0e-05 rel)
  MFCG: accepts=187 rejects=1 total_matvecs=440 negcurv=1 cand_evals=188 mean_cg_per_outer=2.4
NUMERIC_REPAIR summary rebuilds=1 floor=1.7285076067522125e-05
  [retry-cache] builds=189 reuses=0
  [menu-backtrack] trials=3 rescues=3 evals=8 total_scored=196
POINT_SAFE summary calls=3 evals=3 wins=0 frozen=1223 seconds=0.007231
  [scoring] menu_evals=188 alpha_evals=0 backtrack_evals=8 total_scored=196
RESULT algo=mfree_shifted_cg iters=187 final_cost=259402.2739428409 solve_seconds=1.788197
DIAGNOSTICS median_reproj_err_px 3.252455 -> 0.377843 | cheirality_violations(obs) 0 -> 30 | cheirality_violations(pts, of 64053) 0 -> 15
