panel,arm,rep,seconds,cost,target
"12 cams / 180 points, bridges=4",fine,0,0.0,136994.08078688456,30.857576624118938
"12 cams / 180 points, bridges=4",fine,0,0.004511512815952301,26429.360796350193,30.857576624118938
"12 cams / 180 points, bridges=4",fine,0,0.008090395014733076,5222.179397315202,30.857576624118938
"12 cams / 180 points, bridges=4",fine,0,0.011034315917640924,1210.1233009765588,30.857576624118938
"12 cams / 180 points, bridges=4",fine,0,0.013963617850095034,539.5997761136701,30.857576624118938
"12 cams / 180 points, bridges=4",fine,0,0.017038639169186354,331.28771912712324,30.857576624118938
"12 cams / 180 points, bridges=4",fine,0,0.0199830811470747,209.60202994400925,30.857576624118938
"12 cams / 180 points, bridges=4",fine,0,0.022850201930850744,115.23295394296319,30.857576624118938
"12 cams / 180 points, bridges=4",fine,0,0.02573681389912963,58.30211020377116,30.857576624118938
"12 cams / 180 points, bridges=4",fine,0,0.02863533515483141,33.970960107354735,30.857576624118938
"12 cams / 180 points, bridges=4",fine,0,0.03149746684357524,21.606447734557953,30.857576624118938
"12 cams / 180 points, bridges=4",fine,1,0.0,136994.08078688456,30.857576624118938
"12 cams / 180 points, bridges=4",fine,1,0.003439281601458788,26429.360796350193,30.857576624118938
"12 cams / 180 points, bridges=4",fine,1,0.006798953749239445,5222.179397315202,30.857576624118938
"12 cams / 180 points, bridges=4",fine,1,0.009732954669743776,1210.1233009765588,30.857576624118938
"12 cams / 180 points, bridges=4",fine,1,0.0125561966560781,539.5997761136701,30.857576624118938
"12 cams / 180 points, bridges=4",fine,1,0.015437247697263956,331.28771912712324,30.857576624118938
"12 cams / 180 points, bridges=4",fine,1,0.018318588845431805,209.60202994400925,30.857576624118938
"12 cams / 180 points, bridges=4",fine,1,0.021455250680446625,115.23295394296319,30.857576624118938
"12 cams / 180 points, bridges=4",fine,1,0.02437178185209632,58.30211020377116,30.857576624118938
"12 cams / 180 points, bridges=4",fine,1,0.027640713844448328,33.970960107354735,30.857576624118938
"12 cams / 180 points, bridges=4",fine,1,0.03053765557706356,21.606447734557953,30.857576624118938
"12 cams / 180 points, bridges=4",fine,2,0.0,136994.08078688456,30.857576624118938
"12 cams / 180 points, bridges=4",fine,2,0.0034812516532838345,26429.360796350193,30.857576624118938
"12 cams / 180 points, bridges=4",fine,2,0.0068040937185287476,5222.179397315202,30.857576624118938
"12 cams / 180 points, bridges=4",fine,2,0.009780004620552063,1210.1233009765588,30.857576624118938
"12 cams / 180 points, bridges=4",fine,2,0.013002966530621052,539.5997761136701,30.857576624118938
"12 cams / 180 points, bridges=4",fine,2,0.01587345777079463,331.28771912712324,30.857576624118938
"12 cams / 180 points, bridges=4",fine,2,0.018751459661871195,209.60202994400925,30.857576624118938
"12 cams / 180 points, bridges=4",fine,2,0.021581750828772783,115.23295394296319,30.857576624118938
"12 cams / 180 points, bridges=4",fine,2,0.024461842607706785,58.30211020377116,30.857576624118938
"12 cams / 180 points, bridges=4",fine,2,0.027344053611159325,33.970960107354735,30.857576624118938
"12 cams / 180 points, bridges=4",fine,2,0.030162885785102844,21.606447734557953,30.857576624118938
"12 cams / 180 points, bridges=4",auto-linear,0,0.0028826710768043995,136994.08078688456,30.857576624118938
"12 cams / 180 points, bridges=4",auto-linear,0,0.0046302322298288345,7271.356472996692,30.857576624118938
"12 cams / 180 points, bridges=4",auto-linear,0,0.005958893336355686,6764.4118879058005,30.857576624118938
"12 cams / 180 points, bridges=4",auto-linear,0,0.007168164476752281,6764.330509697109,30.857576624118938
"12 cams / 180 points, bridges=4",auto-linear,0,0.008456424344331026,6764.311459248666,30.857576624118938
"12 cams / 180 points, bridges=4",auto-linear,0,0.00965438550338149,6764.30094936437,30.857576624118938
"12 cams / 180 points, bridges=4",auto-linear,0,0.010841645300388336,6764.295113716845,30.857576624118938
"12 cams / 180 points, bridges=4",auto-linear,0,0.012043016497045755,6764.291860289891,30.857576624118938
"12 cams / 180 points, bridges=4",auto-linear,0,0.01326335733756423,6764.290041944975,30.857576624118938
"12 cams / 180 points, bridges=4",auto-linear,0,0.017076919320970774,69.44578480359652,30.857576624118938
"12 cams / 180 points, bridges=4",auto-linear,0,0.020476820413023233,50.349315685319944,30.857576624118938
"12 cams / 180 points, bridges=4",auto-linear,0,0.023294782266020775,42.445153694779044,30.857576624118938
"12 cams / 180 points, bridges=4",auto-linear,0,0.026229253504425287,35.17331828547107,30.857576624118938
"12 cams / 180 points, bridges=4",auto-linear,0,0.02907098550349474,28.110440905562808,30.857576624118938
"12 cams / 180 points, bridges=4",auto-linear,1,0.002844071015715599,136994.08078688456,30.857576624118938
"12 cams / 180 points, bridges=4",auto-linear,1,0.004592911805957556,7271.356472996692,30.857576624118938
"12 cams / 180 points, bridges=4",auto-linear,1,0.005930203013122082,6764.4118879058005,30.857576624118938
"12 cams / 180 points, bridges=4",auto-linear,1,0.007154603023082018,6764.330509697109,30.857576624118938
"12 cams / 180 points, bridges=4",auto-linear,1,0.008438643999397755,6764.311459248666,30.857576624118938
"12 cams / 180 points, bridges=4",auto-linear,1,0.009722115006297827,6764.30094936437,30.857576624118938
"12 cams / 180 points, bridges=4",auto-linear,1,0.01091939490288496,6764.295113716845,30.857576624118938
"12 cams / 180 points, bridges=4",auto-linear,1,0.012120516039431095,6764.291860289891,30.857576624118938
"12 cams / 180 points, bridges=4",auto-linear,1,0.013411697000265121,6764.290041944975,30.857576624118938
"12 cams / 180 points, bridges=4",auto-linear,1,0.016940577886998653,69.44578480359652,30.857576624118938
"12 cams / 180 points, bridges=4",auto-linear,1,0.020276779774576426,50.349315685319944,30.857576624118938
"12 cams / 180 points, bridges=4",auto-linear,1,0.02323144068941474,42.445153694779044,30.857576624118938
"12 cams / 180 points, bridges=4",auto-linear,1,0.026082432828843594,35.17331828547107,30.857576624118938
"12 cams / 180 points, bridges=4",auto-linear,1,0.028897743672132492,28.110440905562808,30.857576624118938
"12 cams / 180 points, bridges=4",auto-linear,2,0.002818301785737276,136994.08078688456,30.857576624118938
"12 cams / 180 points, bridges=4",auto-linear,2,0.004552751779556274,7271.356472996692,30.857576624118938
"12 cams / 180 points, bridges=4",auto-linear,2,0.0059132627211511135,6764.4118879058005,30.857576624118938
"12 cams / 180 points, bridges=4",auto-linear,2,0.007109994068741798,6764.330509697109,30.857576624118938
"12 cams / 180 points, bridges=4",auto-linear,2,0.00838917400687933,6764.311459248666,30.857576624118938
"12 cams / 180 points, bridges=4",auto-linear,2,0.009586635045707226,6764.30094936437,30.857576624118938
"12 cams / 180 points, bridges=4",auto-linear,2,0.010782905854284763,6764.295113716845,30.857576624118938
"12 cams / 180 points, bridges=4",auto-linear,2,0.01197479572147131,6764.291860289891,30.857576624118938
"12 cams / 180 points, bridges=4",auto-linear,2,0.013188656885176897,6764.290041944975,30.857576624118938
"12 cams / 180 points, bridges=4",auto-linear,2,0.017015498597174883,69.44578480359652,30.857576624118938
"12 cams / 180 points, bridges=4",auto-linear,2,0.020335459616035223,50.349315685319944,30.857576624118938
"12 cams / 180 points, bridges=4",auto-linear,2,0.023172901943325996,42.445153694779044,30.857576624118938
"12 cams / 180 points, bridges=4",auto-linear,2,0.026082762982696295,35.17331828547107,30.857576624118938
"12 cams / 180 points, bridges=4",auto-linear,2,0.02891447488218546,28.110440905562808,30.857576624118938
"12 cams / 180 points, bridges=4",auto-nonlinear,0,0.002389131113886833,136994.08078688456,30.857576624118938
"12 cams / 180 points, bridges=4",auto-nonlinear,0,0.004342971835285425,959.2921187364915,30.857576624118938
"12 cams / 180 points, bridges=4",auto-nonlinear,0,0.005886543076485395,441.2432037260713,30.857576624118938
"12 cams / 180 points, bridges=4",auto-nonlinear,0,0.007380223833024502,440.9331238671239,30.857576624118938
"12 cams / 180 points, bridges=4",auto-nonlinear,0,0.008781343698501587,440.9326211140565,30.857576624118938
"12 cams / 180 points, bridges=4",auto-nonlinear,0,0.010176645126193762,440.93262005165246,30.857576624118938
"12 cams / 180 points, bridges=4",auto-nonlinear,0,0.011569966096431017,440.9326200509958,30.857576624118938
"12 cams / 180 points, bridges=4",auto-nonlinear,0,0.017980859149247408,14.150852267939525,30.857576624118938
"12 cams / 180 points, bridges=4",auto-nonlinear,1,0.002624570857733488,136994.08078688456,30.857576624118938
"12 cams / 180 points, bridges=4",auto-nonlinear,1,0.004601072054356337,959.2921187364915,30.857576624118938
"12 cams / 180 points, bridges=4",auto-nonlinear,1,0.006153433118015528,441.2432037260713,30.857576624118938
"12 cams / 180 points, bridges=4",auto-nonlinear,1,0.0075646028853952885,440.9331238671239,30.857576624118938
"12 cams / 180 points, bridges=4",auto-nonlinear,1,0.009060123935341835,440.9326211140565,30.857576624118938
"12 cams / 180 points, bridges=4",auto-nonlinear,1,0.010598824825137854,440.93262005165246,30.857576624118938
"12 cams / 180 points, bridges=4",auto-nonlinear,1,0.01199033623561263,440.9326200509958,30.857576624118938
"12 cams / 180 points, bridges=4",auto-nonlinear,1,0.01868319883942604,14.150852267939525,30.857576624118938
"12 cams / 180 points, bridges=4",auto-nonlinear,2,0.0023888307623565197,136994.08078688456,30.857576624118938
"12 cams / 180 points, bridges=4",auto-nonlinear,2,0.004352491814643145,959.2921187364915,30.857576624118938
"12 cams / 180 points, bridges=4",auto-nonlinear,2,0.00588628277182579,441.2432037260713,30.857576624118938
"12 cams / 180 points, bridges=4",auto-nonlinear,2,0.007378733716905117,440.9331238671239,30.857576624118938
"12 cams / 180 points, bridges=4",auto-nonlinear,2,0.008779024705290794,440.9326211140565,30.857576624118938
"12 cams / 180 points, bridges=4",auto-nonlinear,2,0.01017008488997817,440.93262005165246,30.857576624118938
"12 cams / 180 points, bridges=4",auto-nonlinear,2,0.011568765621632338,440.9326200509958,30.857576624118938
"12 cams / 180 points, bridges=4",auto-nonlinear,2,0.01808158913627267,14.150852267939525,30.857576624118938
"30 cams / 900 points, bridges=4",fine,0,0.0,109504.60016060581,211.8628390667872
"30 cams / 900 points, bridges=4",fine,0,0.04664005385711789,62509.61432724892,211.8628390667872
"30 cams / 900 points, bridges=4",fine,0,0.08672592369839549,44679.53843856243,211.8628390667872
"30 cams / 900 points, bridges=4",fine,0,0.120529571082443,28015.083903246894,211.8628390667872
"30 cams / 900 points, bridges=4",fine,0,0.15242213802412152,15109.270350740868,211.8628390667872
"30 cams / 900 points, bridges=4",fine,0,0.18526823399588466,7049.711294449373,211.8628390667872
"30 cams / 900 points, bridges=4",fine,0,0.21856220113113523,2928.4890293799585,211.8628390667872
"30 cams / 900 points, bridges=4",fine,0,0.2525315987877548,1266.6251792062872,211.8628390667872
"30 cams / 900 points, bridges=4",fine,0,0.28676408575847745,741.912208294044,211.8628390667872
"30 cams / 900 points, bridges=4",fine,0,0.31942571280524135,450.45445209953203,211.8628390667872
"30 cams / 900 points, bridges=4",fine,0,0.3521140590310097,263.88209498554875,211.8628390667872
"30 cams / 900 points, bridges=4",fine,0,0.3864801567979157,204.5471612156484,211.8628390667872
"30 cams / 900 points, bridges=4",fine,1,0.0,109504.60016060581,211.8628390667872
"30 cams / 900 points, bridges=4",fine,1,0.04179756110534072,62509.61432724892,211.8628390667872
"30 cams / 900 points, bridges=4",fine,1,0.07966386014595628,44679.53843856243,211.8628390667872
"30 cams / 900 points, bridges=4",fine,1,0.11197486706078053,28015.083903246894,211.8628390667872
"30 cams / 900 points, bridges=4",fine,1,0.14400395285338163,15109.270350740868,211.8628390667872
"30 cams / 900 points, bridges=4",fine,1,0.17765610991045833,7049.711294449373,211.8628390667872
"30 cams / 900 points, bridges=4",fine,1,0.20926453592255712,2928.4890293799585,211.8628390667872
"30 cams / 900 points, bridges=4",fine,1,0.24109954200685024,1266.6251792062872,211.8628390667872
"30 cams / 900 points, bridges=4",fine,1,0.27326039876788855,741.912208294044,211.8628390667872
"30 cams / 900 points, bridges=4",fine,1,0.3061313950456679,450.45445209953203,211.8628390667872
"30 cams / 900 points, bridges=4",fine,1,0.33849500212818384,263.88209498554875,211.8628390667872
"30 cams / 900 points, bridges=4",fine,1,0.3707326678559184,204.5471612156484,211.8628390667872
"30 cams / 900 points, bridges=4",fine,2,0.0,109504.60016060581,211.8628390667872
"30 cams / 900 points, bridges=4",fine,2,0.040904451161623,62509.61432724892,211.8628390667872
"30 cams / 900 points, bridges=4",fine,2,0.07932728016749024,44679.53843856243,211.8628390667872
"30 cams / 900 points, bridges=4",fine,2,0.11181720718741417,28015.083903246894,211.8628390667872
"30 cams / 900 points, bridges=4",fine,2,0.14390120329335332,15109.270350740868,211.8628390667872
"30 cams / 900 points, bridges=4",fine,2,0.1758370790630579,7049.711294449373,211.8628390667872
"30 cams / 900 points, bridges=4",fine,2,0.20773378619924188,2928.4890293799585,211.8628390667872
"30 cams / 900 points, bridges=4",fine,2,0.23976225219666958,1266.6251792062872,211.8628390667872
"30 cams / 900 points, bridges=4",fine,2,0.27219681814312935,741.912208294044,211.8628390667872
"30 cams / 900 points, bridges=4",fine,2,0.30414196429774165,450.45445209953203,211.8628390667872
"30 cams / 900 points, bridges=4",fine,2,0.33625073125585914,263.88209498554875,211.8628390667872
"30 cams / 900 points, bridges=4",fine,2,0.36838544718921185,204.5471612156484,211.8628390667872
"30 cams / 900 points, bridges=4",auto-linear,0,0.030973915942013264,109504.60016060581,211.8628390667872
"30 cams / 900 points, bridges=4",auto-linear,0,0.04359493311494589,30561.590402387556,211.8628390667872
"30 cams / 900 points, bridges=4",auto-linear,0,0.0728817181661725,30515.33422326529,211.8628390667872
"30 cams / 900 points, bridges=4",auto-linear,0,0.08224616199731827,30509.485339487765,211.8628390667872
"30 cams / 900 points, bridges=4",auto-linear,0,0.10134644201025367,30499.726553714307,211.8628390667872
"30 cams / 900 points, bridges=4",auto-linear,0,0.15280834818258882,279.27306531644336,211.8628390667872
"30 cams / 900 points, bridges=4",auto-linear,0,0.19058042718097568,199.51961573875212,211.8628390667872
"30 cams / 900 points, bridges=4",auto-linear,1,0.030833315569907427,109504.60016060581,211.8628390667872
"30 cams / 900 points, bridges=4",auto-linear,1,0.043355532456189394,30561.590402387556,211.8628390667872
"30 cams / 900 points, bridges=4",auto-linear,1,0.07233497640118003,30515.33422326529,211.8628390667872
"30 cams / 900 points, bridges=4",auto-linear,1,0.08190004155039787,30509.485339487765,211.8628390667872
"30 cams / 900 points, bridges=4",auto-linear,1,0.10094898147508502,30499.726553714307,211.8628390667872
"30 cams / 900 points, bridges=4",auto-linear,1,0.15186102641746402,279.27306531644336,211.8628390667872
"30 cams / 900 points, bridges=4",auto-linear,1,0.1899068863131106,199.51961573875212,211.8628390667872
"30 cams / 900 points, bridges=4",auto-linear,2,0.03031002590432763,109504.60016060581,211.8628390667872
"30 cams / 900 points, bridges=4",auto-linear,2,0.04313070327043533,30561.590402387556,211.8628390667872
"30 cams / 900 points, bridges=4",auto-linear,2,0.07255659811198711,30515.33422326529,211.8628390667872
"30 cams / 900 points, bridges=4",auto-linear,2,0.0820058030076325,30509.485339487765,211.8628390667872
"30 cams / 900 points, bridges=4",auto-linear,2,0.10093827219679952,30499.726553714307,211.8628390667872
"30 cams / 900 points, bridges=4",auto-linear,2,0.1529350276105106,279.27306531644336,211.8628390667872
"30 cams / 900 points, bridges=4",auto-linear,2,0.19088021758943796,199.51961573875212,211.8628390667872
"30 cams / 900 points, bridges=4",auto-nonlinear,0,0.02583271311596036,109504.60016060581,211.8628390667872
"30 cams / 900 points, bridges=4",auto-nonlinear,0,0.03865319909527898,3948.9384816988427,211.8628390667872
"30 cams / 900 points, bridges=4",auto-nonlinear,0,0.049237375147640705,3837.665591927344,211.8628390667872
"30 cams / 900 points, bridges=4",auto-nonlinear,0,0.05883624032139778,3836.13766628934,211.8628390667872
"30 cams / 900 points, bridges=4",auto-nonlinear,0,0.06850344408303499,3836.0151547563855,211.8628390667872
"30 cams / 900 points, bridges=4",auto-nonlinear,0,0.07809712924063206,3836.008703146281,211.8628390667872
"30 cams / 900 points, bridges=4",auto-nonlinear,0,0.08904944499954581,3836.008592344443,211.8628390667872
"30 cams / 900 points, bridges=4",auto-nonlinear,0,0.10039728134870529,3836.0085918084633,211.8628390667872
"30 cams / 900 points, bridges=4",auto-nonlinear,0,0.10985944513231516,3836.008591807832,211.8628390667872
"30 cams / 900 points, bridges=4",auto-nonlinear,0,0.1517635970376432,205.40595619725124,211.8628390667872
"30 cams / 900 points, bridges=4",auto-nonlinear,1,0.03127268608659506,109504.60016060581,211.8628390667872
"30 cams / 900 points, bridges=4",auto-nonlinear,1,0.04410932306200266,3948.9384816988427,211.8628390667872
"30 cams / 900 points, bridges=4",auto-nonlinear,1,0.056472179014235735,3837.665591927344,211.8628390667872
"30 cams / 900 points, bridges=4",auto-nonlinear,1,0.0677958051674068,3836.13766628934,211.8628390667872
"30 cams / 900 points, bridges=4",auto-nonlinear,1,0.07827077992260456,3836.0151547563855,211.8628390667872
"30 cams / 900 points, bridges=4",auto-nonlinear,1,0.08790493523702025,3836.008703146281,211.8628390667872
"30 cams / 900 points, bridges=4",auto-nonlinear,1,0.09855535021051764,3836.008592344443,211.8628390667872
"30 cams / 900 points, bridges=4",auto-nonlinear,1,0.10804331535473466,3836.0085918084633,211.8628390667872
"30 cams / 900 points, bridges=4",auto-nonlinear,1,0.11754541005939245,3836.008591807832,211.8628390667872
"30 cams / 900 points, bridges=4",auto-nonlinear,1,0.15980397118255496,205.40595619725124,211.8628390667872
"30 cams / 900 points, bridges=4",auto-nonlinear,2,0.025539213325828314,109504.60016060581,211.8628390667872
"30 cams / 900 points, bridges=4",auto-nonlinear,2,0.038156088907271624,3948.9384816988427,211.8628390667872
"30 cams / 900 points, bridges=4",auto-nonlinear,2,0.0488420152105391,3837.665591927344,211.8628390667872
"30 cams / 900 points, bridges=4",auto-nonlinear,2,0.05845144996419549,3836.13766628934,211.8628390667872
"30 cams / 900 points, bridges=4",auto-nonlinear,2,0.0681254849769175,3836.0151547563855,211.8628390667872
"30 cams / 900 points, bridges=4",auto-nonlinear,2,0.07821295922622085,3836.008703146281,211.8628390667872
"30 cams / 900 points, bridges=4",auto-nonlinear,2,0.087834055069834,3836.008592344443,211.8628390667872
"30 cams / 900 points, bridges=4",auto-nonlinear,2,0.09742867900058627,3836.0085918084633,211.8628390667872
"30 cams / 900 points, bridges=4",auto-nonlinear,2,0.10703497426584363,3836.008591807832,211.8628390667872
"30 cams / 900 points, bridges=4",auto-nonlinear,2,0.14906365517526865,205.40595619725124,211.8628390667872
"30 cams / 900 points, bridges=16",fine,0,0.0,1132348.0829360986,316.2988575539455
"30 cams / 900 points, bridges=16",fine,0,0.04332570172846317,252465.58418221134,316.2988575539455
"30 cams / 900 points, bridges=16",fine,0,0.08189623057842255,84692.27331003397,316.2988575539455
"30 cams / 900 points, bridges=16",fine,0,0.11393822776153684,32836.28385953392,316.2988575539455
"30 cams / 900 points, bridges=16",fine,0,0.14870558492839336,13692.008826313133,316.2988575539455
"30 cams / 900 points, bridges=16",fine,0,0.18089276179671288,7276.283197305017,316.2988575539455
"30 cams / 900 points, bridges=16",fine,0,0.21312178764492273,4126.826790797428,316.2988575539455
"30 cams / 900 points, bridges=16",fine,0,0.24542328482493758,2090.9434089239003,316.2988575539455
"30 cams / 900 points, bridges=16",fine,0,0.27800174057483673,1025.8830544186158,316.2988575539455
"30 cams / 900 points, bridges=16",fine,0,0.3102533668279648,610.5068721702077,316.2988575539455
"30 cams / 900 points, bridges=16",fine,0,0.34240327356383204,461.6106912859027,316.2988575539455
"30 cams / 900 points, bridges=16",fine,0,0.37468887958675623,415.9970532303891,316.2988575539455
"30 cams / 900 points, bridges=16",fine,0,0.40677268570289016,316.56649927236805,316.2988575539455
"30 cams / 900 points, bridges=16",fine,0,0.4567260816693306,275.64217935857357,316.2988575539455
"30 cams / 900 points, bridges=16",fine,1,0.0,1132348.0829360986,316.2988575539455
"30 cams / 900 points, bridges=16",fine,1,0.04209696128964424,252465.58418221134,316.2988575539455
"30 cams / 900 points, bridges=16",fine,1,0.08082105126231909,84692.27331003397,316.2988575539455
"30 cams / 900 points, bridges=16",fine,1,0.1126381172798574,32836.28385953392,316.2988575539455
"30 cams / 900 points, bridges=16",fine,1,0.14627279434353113,13692.008826313133,316.2988575539455
"30 cams / 900 points, bridges=16",fine,1,0.17855033138766885,7276.283197305017,316.2988575539455
"30 cams / 900 points, bridges=16",fine,1,0.21683358028531075,4126.826790797428,316.2988575539455
"30 cams / 900 points, bridges=16",fine,1,0.252371528185904,2090.9434089239003,316.2988575539455
"30 cams / 900 points, bridges=16",fine,1,0.2845448851585388,1025.8830544186158,316.2988575539455
"30 cams / 900 points, bridges=16",fine,1,0.316630931571126,610.5068721702077,316.2988575539455
"30 cams / 900 points, bridges=16",fine,1,0.3485359074547887,461.6106912859027,316.2988575539455
"30 cams / 900 points, bridges=16",fine,1,0.3805111735127866,415.9970532303891,316.2988575539455
"30 cams / 900 points, bridges=16",fine,1,0.41235126927495,316.56649927236805,316.2988575539455
"30 cams / 900 points, bridges=16",fine,1,0.462111855391413,275.64217935857357,316.2988575539455
"30 cams / 900 points, bridges=16",fine,2,0.0,1132348.0829360986,316.2988575539455
"30 cams / 900 points, bridges=16",fine,2,0.041847361251711845,252465.58418221134,316.2988575539455
"30 cams / 900 points, bridges=16",fine,2,0.08079566108062863,84692.27331003397,316.2988575539455
"30 cams / 900 points, bridges=16",fine,2,0.11270756786689162,32836.28385953392,316.2988575539455
"30 cams / 900 points, bridges=16",fine,2,0.14669205527752638,13692.008826313133,316.2988575539455
"30 cams / 900 points, bridges=16",fine,2,0.17887993110343814,7276.283197305017,316.2988575539455
"30 cams / 900 points, bridges=16",fine,2,0.2108722571283579,4126.826790797428,316.2988575539455
"30 cams / 900 points, bridges=16",fine,2,0.24425168428570032,2090.9434089239003,316.2988575539455
"30 cams / 900 points, bridges=16",fine,2,0.2834921241737902,1025.8830544186158,316.2988575539455
"30 cams / 900 points, bridges=16",fine,2,0.31545909121632576,610.5068721702077,316.2988575539455
"30 cams / 900 points, bridges=16",fine,2,0.347959547303617,461.6106912859027,316.2988575539455
"30 cams / 900 points, bridges=16",fine,2,0.380255572963506,415.9970532303891,316.2988575539455
"30 cams / 900 points, bridges=16",fine,2,0.4120757202617824,316.56649927236805,316.2988575539455
"30 cams / 900 points, bridges=16",fine,2,0.4624057551845908,275.64217935857357,316.2988575539455
"30 cams / 900 points, bridges=16",auto-linear,0,0.030694045592099428,1132348.0829360986,316.2988575539455
"30 cams / 900 points, bridges=16",auto-linear,0,0.043737242463976145,315027.4507958267,316.2988575539455
"30 cams / 900 points, bridges=16",auto-linear,0,0.054423457477241755,76566.3665128143,316.2988575539455
"30 cams / 900 points, bridges=16",auto-linear,0,0.06410808255895972,75981.3104023286,316.2988575539455
"30 cams / 900 points, bridges=16",auto-linear,0,0.07372000766918063,75981.26017053468,316.2988575539455
"30 cams / 900 points, bridges=16",auto-linear,0,0.08364677242934704,75981.24789831798,316.2988575539455
"30 cams / 900 points, bridges=16",auto-linear,0,0.09325500763952732,75981.24485664177,316.2988575539455
"30 cams / 900 points, bridges=16",auto-linear,0,0.10276064230129123,75981.24409622744,316.2988575539455
"30 cams / 900 points, bridges=16",auto-linear,0,0.11234951764345169,75981.24390523236,316.2988575539455
"30 cams / 900 points, bridges=16",auto-linear,0,0.15580434864386916,404.302027048192,316.2988575539455
"30 cams / 900 points, bridges=16",auto-linear,0,0.19494370883330703,240.40883805194542,316.2988575539455
"30 cams / 900 points, bridges=16",auto-linear,1,0.030740736052393913,1132348.0829360986,316.2988575539455
"30 cams / 900 points, bridges=16",auto-linear,1,0.04361595306545496,315027.4507958267,316.2988575539455
"30 cams / 900 points, bridges=16",auto-linear,1,0.05417112819850445,76566.3665128143,316.2988575539455
"30 cams / 900 points, bridges=16",auto-linear,1,0.06368037313222885,75981.3104023286,316.2988575539455
"30 cams / 900 points, bridges=16",auto-linear,1,0.07316157780587673,75981.26017053468,316.2988575539455
"30 cams / 900 points, bridges=16",auto-linear,1,0.08317909296602011,75981.24789831798,316.2988575539455
"30 cams / 900 points, bridges=16",auto-linear,1,0.09275551792234182,75981.24485664177,316.2988575539455
"30 cams / 900 points, bridges=16",auto-linear,1,0.10235146200284362,75981.24409622744,316.2988575539455
"30 cams / 900 points, bridges=16",auto-linear,1,0.11188431782647967,75981.24390523236,316.2988575539455
"30 cams / 900 points, bridges=16",auto-linear,1,0.15525226900354028,404.302027048192,316.2988575539455
"30 cams / 900 points, bridges=16",auto-linear,1,0.1939538987353444,240.40883805194542,316.2988575539455
"30 cams / 900 points, bridges=16",auto-linear,2,0.03125058580189943,1132348.0829360986,316.2988575539455
"30 cams / 900 points, bridges=16",auto-linear,2,0.04518686234951019,315027.4507958267,316.2988575539455
"30 cams / 900 points, bridges=16",auto-linear,2,0.05562309781089425,76566.3665128143,316.2988575539455
"30 cams / 900 points, bridges=16",auto-linear,2,0.0650436426512897,75981.3104023286,316.2988575539455
"30 cams / 900 points, bridges=16",auto-linear,2,0.07441563764587045,75981.26017053468,316.2988575539455
"30 cams / 900 points, bridges=16",auto-linear,2,0.0841411123983562,75981.24789831798,316.2988575539455
"30 cams / 900 points, bridges=16",auto-linear,2,0.09357193764299154,75981.24485664177,316.2988575539455
"30 cams / 900 points, bridges=16",auto-linear,2,0.10327629139646888,75981.24409622744,316.2988575539455
"30 cams / 900 points, bridges=16",auto-linear,2,0.11285579670220613,75981.24390523236,316.2988575539455
"30 cams / 900 points, bridges=16",auto-linear,2,0.15626386972144246,404.302027048192,316.2988575539455
"30 cams / 900 points, bridges=16",auto-linear,2,0.1949851387180388,240.40883805194542,316.2988575539455
"30 cams / 900 points, bridges=16",auto-nonlinear,0,0.03263533627614379,1132348.0829360986,316.2988575539455
"30 cams / 900 points, bridges=16",auto-nonlinear,0,0.04570539342239499,17914.93727416637,316.2988575539455
"30 cams / 900 points, bridges=16",auto-nonlinear,0,0.0563581483438611,4828.0257156111675,316.2988575539455
"30 cams / 900 points, bridges=16",auto-nonlinear,0,0.06597173307090998,4789.354817130565,316.2988575539455
"30 cams / 900 points, bridges=16",auto-nonlinear,0,0.07555237831547856,4789.3478590062505,316.2988575539455
"30 cams / 900 points, bridges=16",auto-nonlinear,0,0.08522216230630875,4789.347855523767,316.2988575539455
"30 cams / 900 points, bridges=16",auto-nonlinear,0,0.09490516735240817,4789.3478555227275,316.2988575539455
"30 cams / 900 points, bridges=16",auto-nonlinear,0,0.1048622434027493,4789.347855522684,316.2988575539455
"30 cams / 900 points, bridges=16",auto-nonlinear,0,0.11451780702918768,4789.3478555225765,316.2988575539455
"30 cams / 900 points, bridges=16",auto-nonlinear,0,0.15724152885377407,218.93170277439384,316.2988575539455
"30 cams / 900 points, bridges=16",auto-nonlinear,1,0.032595507334917784,1132348.0829360986,316.2988575539455
"30 cams / 900 points, bridges=16",auto-nonlinear,1,0.045630634762346745,17914.93727416637,316.2988575539455
"30 cams / 900 points, bridges=16",auto-nonlinear,1,0.05632976954802871,4828.0257156111675,316.2988575539455
"30 cams / 900 points, bridges=16",auto-nonlinear,1,0.06597206462174654,4789.354817130565,316.2988575539455
"30 cams / 900 points, bridges=16",auto-nonlinear,1,0.07558306958526373,4789.3478590062505,316.2988575539455
"30 cams / 900 points, bridges=16",auto-nonlinear,1,0.0852281847037375,4789.347855523767,316.2988575539455
"30 cams / 900 points, bridges=16",auto-nonlinear,1,0.0949259796179831,4789.3478555227275,316.2988575539455
"30 cams / 900 points, bridges=16",auto-nonlinear,1,0.10502556478604674,4789.347855522684,316.2988575539455
"30 cams / 900 points, bridges=16",auto-nonlinear,1,0.11474219942465425,4789.3478555225765,316.2988575539455
"30 cams / 900 points, bridges=16",auto-nonlinear,1,0.157823970541358,218.93170277439384,316.2988575539455
"30 cams / 900 points, bridges=16",auto-nonlinear,2,0.03259799676015973,1132348.0829360986,316.2988575539455
"30 cams / 900 points, bridges=16",auto-nonlinear,2,0.04555142391473055,17914.93727416637,316.2988575539455
"30 cams / 900 points, bridges=16",auto-nonlinear,2,0.05617148894816637,4828.0257156111675,316.2988575539455
"30 cams / 900 points, bridges=16",auto-nonlinear,2,0.06577677372843027,4789.354817130565,316.2988575539455
"30 cams / 900 points, bridges=16",auto-nonlinear,2,0.0753761688247323,4789.3478590062505,316.2988575539455
"30 cams / 900 points, bridges=16",auto-nonlinear,2,0.08493366371840239,4789.347855523767,316.2988575539455
"30 cams / 900 points, bridges=16",auto-nonlinear,2,0.09452606784179807,4789.3478555227275,316.2988575539455
"30 cams / 900 points, bridges=16",auto-nonlinear,2,0.10443847393617034,4789.347855522684,316.2988575539455
"30 cams / 900 points, bridges=16",auto-nonlinear,2,0.11411620769649744,4789.3478555225765,316.2988575539455
"30 cams / 900 points, bridges=16",auto-nonlinear,2,0.15654808888211846,218.93170277439384,316.2988575539455
ladybug-49 — fixed sample,fine,0,8.395873010158539e-07,38826.792689092304,706.7432577571587
ladybug-49 — fixed sample,fine,0,0.007843464612960815,1223.4087685617556,706.7432577571587
ladybug-49 — fixed sample,fine,0,0.015348407439887524,939.0017631460121,706.7432577571587
ladybug-49 — fixed sample,fine,0,0.022542671766132116,866.8677945591749,706.7432577571587
ladybug-49 — fixed sample,fine,0,0.029787595383822918,829.7440383588638,706.7432577571587
ladybug-49 — fixed sample,fine,0,0.03727716859430075,805.6635102717878,706.7432577571587
ladybug-49 — fixed sample,fine,0,0.0445462423376739,785.0868416537525,706.7432577571587
ladybug-49 — fixed sample,fine,0,0.05167084652930498,766.9305626235034,706.7432577571587
ladybug-49 — fixed sample,fine,0,0.05897690961137414,753.5247298036977,706.7432577571587
ladybug-49 — fixed sample,fine,0,0.06618621340021491,743.7423013263092,706.7432577571587
ladybug-49 — fixed sample,fine,0,0.07351695746183395,733.5104408141214,706.7432577571587
ladybug-49 — fixed sample,fine,0,0.08075323048979044,720.8541251258847,706.7432577571587
ladybug-49 — fixed sample,fine,0,0.08786017447710037,706.8815743011604,706.7432577571587
ladybug-49 — fixed sample,fine,0,0.09508264856413007,693.9686548769137,706.7432577571587
ladybug-49 — fixed sample,fine,1,1.4603137969970703e-06,38826.792689092304,706.7432577571587
ladybug-49 — fixed sample,fine,1,0.007745594717562199,1223.4087685617556,706.7432577571587
ladybug-49 — fixed sample,fine,1,0.01512948889285326,939.0017631460121,706.7432577571587
ladybug-49 — fixed sample,fine,1,0.02231720183044672,866.8677945591749,706.7432577571587
ladybug-49 — fixed sample,fine,1,0.029421445913612843,829.7440383588638,706.7432577571587
ladybug-49 — fixed sample,fine,1,0.03683786978945136,805.6635102717878,706.7432577571587
ladybug-49 — fixed sample,fine,1,0.04416495282202959,785.0868416537525,706.7432577571587
ladybug-49 — fixed sample,fine,1,0.051273096818476915,766.9305626235034,706.7432577571587
ladybug-49 — fixed sample,fine,1,0.05860928073525429,753.5247298036977,706.7432577571587
ladybug-49 — fixed sample,fine,1,0.06594374356791377,743.7423013263092,706.7432577571587
ladybug-49 — fixed sample,fine,1,0.07310518762096763,733.5104408141214,706.7432577571587
ladybug-49 — fixed sample,fine,1,0.0804022615775466,720.8541251258847,706.7432577571587
ladybug-49 — fixed sample,fine,1,0.08766979584470391,706.8815743011604,706.7432577571587
ladybug-49 — fixed sample,fine,1,0.0948365987278521,693.9686548769137,706.7432577571587
ladybug-49 — fixed sample,fine,2,1.3299286365509033e-06,38826.792689092304,706.7432577571587
ladybug-49 — fixed sample,fine,2,0.007691553793847561,1223.4087685617556,706.7432577571587
ladybug-49 — fixed sample,fine,2,0.014877937734127045,939.0017631460121,706.7432577571587
ladybug-49 — fixed sample,fine,2,0.022114750929176807,866.8677945591749,706.7432577571587
ladybug-49 — fixed sample,fine,2,0.029278334695845842,829.7440383588638,706.7432577571587
ladybug-49 — fixed sample,fine,2,0.036459559109061956,805.6635102717878,706.7432577571587
ladybug-49 — fixed sample,fine,2,0.043789043091237545,785.0868416537525,706.7432577571587
ladybug-49 — fixed sample,fine,2,0.0512583558447659,766.9305626235034,706.7432577571587
ladybug-49 — fixed sample,fine,2,0.05867424001917243,753.5247298036977,706.7432577571587
ladybug-49 — fixed sample,fine,2,0.0658482238650322,743.7423013263092,706.7432577571587
ladybug-49 — fixed sample,fine,2,0.07348605804145336,733.5104408141214,706.7432577571587
ladybug-49 — fixed sample,fine,2,0.08070916077122092,720.8541251258847,706.7432577571587
ladybug-49 — fixed sample,fine,2,0.08803012501448393,706.8815743011604,706.7432577571587
ladybug-49 — fixed sample,fine,2,0.09521192871034145,693.9686548769137,706.7432577571587
ladybug-49 — fixed sample,linear,0,0.005502232816070318,38826.792689092304,706.7432577571587
ladybug-49 — fixed sample,linear,0,0.008289463818073273,31508.32006032685,706.7432577571587
ladybug-49 — fixed sample,linear,0,0.010433864779770374,31484.266244189657,706.7432577571587
ladybug-49 — fixed sample,linear,0,0.012590435799211264,31483.968619315816,706.7432577571587
ladybug-49 — fixed sample,linear,0,0.014714137651026249,31483.965983226663,706.7432577571587
ladybug-49 — fixed sample,linear,0,0.016853118781000376,31483.96597042832,706.7432577571587
ladybug-49 — fixed sample,linear,0,0.018974309787154198,31483.965970385227,706.7432577571587
ladybug-49 — fixed sample,linear,0,0.021102530416101217,31483.965970385078,706.7432577571587
ladybug-49 — fixed sample,linear,0,0.03096161549910903,1246.9530179017504,706.7432577571587
ladybug-49 — fixed sample,linear,0,0.0381482383236289,983.9440482134409,706.7432577571587
ladybug-49 — fixed sample,linear,0,0.045327162370085716,901.2765006778417,706.7432577571587
ladybug-49 — fixed sample,linear,0,0.05265227518975735,853.2423351505372,706.7432577571587
ladybug-49 — fixed sample,linear,0,0.05994969932362437,820.6711069060892,706.7432577571587
ladybug-49 — fixed sample,linear,0,0.06713868351653218,792.7831770245617,706.7432577571587
ladybug-49 — fixed sample,linear,0,0.07444731751456857,768.9185774633592,706.7432577571587
ladybug-49 — fixed sample,linear,0,0.08166102040559053,753.1624645961105,706.7432577571587
ladybug-49 — fixed sample,linear,0,0.08881989447399974,743.3898778718246,706.7432577571587
ladybug-49 — fixed sample,linear,0,0.09606573823839426,733.3938129797901,706.7432577571587
ladybug-49 — fixed sample,linear,0,0.10327663132920861,720.7792829798527,706.7432577571587
ladybug-49 — fixed sample,linear,0,0.11075944546610117,706.8249693117872,706.7432577571587
ladybug-49 — fixed sample,linear,0,0.11829752940684557,693.9358143981995,706.7432577571587
ladybug-49 — fixed sample,linear,1,0.005386312957853079,38826.792689092304,706.7432577571587
ladybug-49 — fixed sample,linear,1,0.007961994037032127,31508.32006032685,706.7432577571587
ladybug-49 — fixed sample,linear,1,0.010144905187189579,31484.266244189657,706.7432577571587
ladybug-49 — fixed sample,linear,1,0.012283706106245518,31483.968619315816,706.7432577571587
ladybug-49 — fixed sample,linear,1,0.014437327161431313,31483.965983226663,706.7432577571587
ladybug-49 — fixed sample,linear,1,0.01655453909188509,31483.96597042832,706.7432577571587
ladybug-49 — fixed sample,linear,1,0.018670029938220978,31483.965970385227,706.7432577571587
ladybug-49 — fixed sample,linear,1,0.020784740801900625,31483.965970385078,706.7432577571587
ladybug-49 — fixed sample,linear,1,0.030903425998985767,1246.9530179017504,706.7432577571587
ladybug-49 — fixed sample,linear,1,0.03841269016265869,983.9440482134409,706.7432577571587
ladybug-49 — fixed sample,linear,1,0.0456786029972136,901.2765006778417,706.7432577571587
ladybug-49 — fixed sample,linear,1,0.052856027148664,853.2423351505372,706.7432577571587
ladybug-49 — fixed sample,linear,1,0.060222451109439135,820.6711069060892,706.7432577571587
ladybug-49 — fixed sample,linear,1,0.06743584387004375,792.7831770245617,706.7432577571587
ladybug-49 — fixed sample,linear,1,0.07460463792085648,768.9185774633592,706.7432577571587
ladybug-49 — fixed sample,linear,1,0.08175344206392765,753.1624645961105,706.7432577571587
ladybug-49 — fixed sample,linear,1,0.08884014515206218,743.3898778718246,706.7432577571587
ladybug-49 — fixed sample,linear,1,0.09602164896205068,733.3938129797901,706.7432577571587
ladybug-49 — fixed sample,linear,1,0.10326521191745996,720.7792829798527,706.7432577571587
ladybug-49 — fixed sample,linear,1,0.11072379583492875,706.8249693117872,706.7432577571587
ladybug-49 — fixed sample,linear,1,0.11807610979303718,693.9358143981995,706.7432577571587
ladybug-49 — fixed sample,linear,2,0.005342361982911825,38826.792689092304,706.7432577571587
ladybug-49 — fixed sample,linear,2,0.007906224112957716,31508.32006032685,706.7432577571587
ladybug-49 — fixed sample,linear,2,0.010074565187096596,31484.266244189657,706.7432577571587
ladybug-49 — fixed sample,linear,2,0.012191146146506071,31483.968619315816,706.7432577571587
ladybug-49 — fixed sample,linear,2,0.014299226924777031,31483.965983226663,706.7432577571587
ladybug-49 — fixed sample,linear,2,0.01643715798854828,31483.96597042832,706.7432577571587
ladybug-49 — fixed sample,linear,2,0.01854607928544283,31483.965970385227,706.7432577571587
ladybug-49 — fixed sample,linear,2,0.020667539909482002,31483.965970385078,706.7432577571587
ladybug-49 — fixed sample,linear,2,0.030508354771882296,1246.9530179017504,706.7432577571587
ladybug-49 — fixed sample,linear,2,0.03776446869596839,983.9440482134409,706.7432577571587
ladybug-49 — fixed sample,linear,2,0.0449811820872128,901.2765006778417,706.7432577571587
ladybug-49 — fixed sample,linear,2,0.05235543614253402,853.2423351505372,706.7432577571587
ladybug-49 — fixed sample,linear,2,0.05957815982401371,820.6711069060892,706.7432577571587
ladybug-49 — fixed sample,linear,2,0.06688875379040837,792.7831770245617,706.7432577571587
ladybug-49 — fixed sample,linear,2,0.0741339367814362,768.9185774633592,706.7432577571587
ladybug-49 — fixed sample,linear,2,0.0813970910385251,753.1624645961105,706.7432577571587
ladybug-49 — fixed sample,linear,2,0.08871229505166411,743.3898778718246,706.7432577571587
ladybug-49 — fixed sample,linear,2,0.09590468788519502,733.3938129797901,706.7432577571587
ladybug-49 — fixed sample,linear,2,0.10321720177307725,720.7792829798527,706.7432577571587
ladybug-49 — fixed sample,linear,2,0.11044273572042584,706.8249693117872,706.7432577571587
ladybug-49 — fixed sample,linear,2,0.11770001007243991,693.9358143981995,706.7432577571587
ladybug-49 — fixed sample,nonlinear,0,0.005389392841607332,38826.792689092304,706.7432577571587
ladybug-49 — fixed sample,nonlinear,0,0.008164263796061277,31504.059624039648,706.7432577571587
ladybug-49 — fixed sample,nonlinear,0,0.010527454782277346,31476.218810958817,706.7432577571587
ladybug-49 — fixed sample,nonlinear,0,0.012886606622487307,31475.88340237523,706.7432577571587
ladybug-49 — fixed sample,nonlinear,0,0.01521031791344285,31475.880504039418,706.7432577571587
ladybug-49 — fixed sample,nonlinear,0,0.017532188910990953,31475.880489818504,706.7432577571587
ladybug-49 — fixed sample,nonlinear,0,0.019856109749525785,31475.8804897702,706.7432577571587
ladybug-49 — fixed sample,nonlinear,0,0.02218444086611271,31475.880489770003,706.7432577571587
ladybug-49 — fixed sample,nonlinear,0,0.02451695268973708,31475.880489769632,706.7432577571587
ladybug-49 — fixed sample,nonlinear,0,0.03220607619732618,1247.2789791773728,706.7432577571587
ladybug-49 — fixed sample,nonlinear,0,0.03945257980376482,984.1790345458742,706.7432577571587
ladybug-49 — fixed sample,nonlinear,0,0.04668316384777427,901.4274992531216,706.7432577571587
ladybug-49 — fixed sample,nonlinear,0,0.05393644701689482,853.3403717967099,706.7432577571587
ladybug-49 — fixed sample,nonlinear,0,0.06134501099586487,820.7323688468069,706.7432577571587
ladybug-49 — fixed sample,nonlinear,0,0.06873548496514559,792.8151655957308,706.7432577571587
ladybug-49 — fixed sample,nonlinear,0,0.07605314906686544,768.9294653849216,706.7432577571587
ladybug-49 — fixed sample,nonlinear,0,0.08352137310430408,753.1641353182307,706.7432577571587
ladybug-49 — fixed sample,nonlinear,0,0.09084390616044402,743.3903247961252,706.7432577571587
ladybug-49 — fixed sample,nonlinear,0,0.09810158982872963,733.3943842295616,706.7432577571587
ladybug-49 — fixed sample,nonlinear,0,0.10519986413419247,720.7796852525936,706.7432577571587
ladybug-49 — fixed sample,nonlinear,0,0.11244605714455247,706.8251824390164,706.7432577571587
ladybug-49 — fixed sample,nonlinear,0,0.11976154102012515,693.9359094501948,706.7432577571587
ladybug-49 — fixed sample,nonlinear,1,0.0053634727373719215,38826.792689092304,706.7432577571587
ladybug-49 — fixed sample,nonlinear,1,0.008158483542501926,31504.059624039648,706.7432577571587
ladybug-49 — fixed sample,nonlinear,1,0.010513695888221264,31476.218810958817,706.7432577571587
ladybug-49 — fixed sample,nonlinear,1,0.01282655680552125,31475.88340237523,706.7432577571587
ladybug-49 — fixed sample,nonlinear,1,0.015167247969657183,31475.880504039418,706.7432577571587
ladybug-49 — fixed sample,nonlinear,1,0.017484128940850496,31475.880489818504,706.7432577571587
ladybug-49 — fixed sample,nonlinear,1,0.01982678985223174,31475.8804897702,706.7432577571587
ladybug-49 — fixed sample,nonlinear,1,0.02212871052324772,31475.880489770003,706.7432577571587
ladybug-49 — fixed sample,nonlinear,1,0.024450412951409817,31475.880489769632,706.7432577571587
ladybug-49 — fixed sample,nonlinear,1,0.032322976272553205,1247.2789791773728,706.7432577571587
ladybug-49 — fixed sample,nonlinear,1,0.03963743941858411,984.1790345458742,706.7432577571587
ladybug-49 — fixed sample,nonlinear,1,0.04712842358276248,901.4274992531216,706.7432577571587
ladybug-49 — fixed sample,nonlinear,1,0.054433077573776245,853.3403717967099,706.7432577571587
ladybug-49 — fixed sample,nonlinear,1,0.061620240565389395,820.7323688468069,706.7432577571587
ladybug-49 — fixed sample,nonlinear,1,0.06893761456012726,792.8151655957308,706.7432577571587
ladybug-49 — fixed sample,nonlinear,1,0.0761855086311698,768.9294653849216,706.7432577571587
ladybug-49 — fixed sample,nonlinear,1,0.08341112267225981,753.1641353182307,706.7432577571587
ladybug-49 — fixed sample,nonlinear,1,0.09066037554293871,743.3903247961252,706.7432577571587
ladybug-49 — fixed sample,nonlinear,1,0.09782956959679723,733.3943842295616,706.7432577571587
ladybug-49 — fixed sample,nonlinear,1,0.10520193353295326,720.7796852525936,706.7432577571587
ladybug-49 — fixed sample,nonlinear,1,0.1124447463080287,706.8251824390164,706.7432577571587
ladybug-49 — fixed sample,nonlinear,1,0.11961897043511271,693.9359094501948,706.7432577571587
ladybug-49 — fixed sample,nonlinear,2,0.005386313423514366,38826.792689092304,706.7432577571587
ladybug-49 — fixed sample,nonlinear,2,0.008147715125232935,31504.059624039648,706.7432577571587
ladybug-49 — fixed sample,nonlinear,2,0.010516856331378222,31476.218810958817,706.7432577571587
ladybug-49 — fixed sample,nonlinear,2,0.012864087242633104,31475.88340237523,706.7432577571587
ladybug-49 — fixed sample,nonlinear,2,0.015176728367805481,31475.880504039418,706.7432577571587
ladybug-49 — fixed sample,nonlinear,2,0.017489589285105467,31475.880489818504,706.7432577571587
ladybug-49 — fixed sample,nonlinear,2,0.019797481130808592,31475.8804897702,706.7432577571587
ladybug-49 — fixed sample,nonlinear,2,0.02211948251351714,31475.880489770003,706.7432577571587
ladybug-49 — fixed sample,nonlinear,2,0.024436163250356913,31475.880489769632,706.7432577571587
ladybug-49 — fixed sample,nonlinear,2,0.032227227464318275,1247.2789791773728,706.7432577571587
ladybug-49 — fixed sample,nonlinear,2,0.03996603051200509,984.1790345458742,706.7432577571587
ladybug-49 — fixed sample,nonlinear,2,0.047201904468238354,901.4274992531216,706.7432577571587
ladybug-49 — fixed sample,nonlinear,2,0.05442162835970521,853.3403717967099,706.7432577571587
ladybug-49 — fixed sample,nonlinear,2,0.0616593724116683,820.7323688468069,706.7432577571587
ladybug-49 — fixed sample,nonlinear,2,0.0689011556096375,792.8151655957308,706.7432577571587
ladybug-49 — fixed sample,nonlinear,2,0.07614101935178041,768.9294653849216,706.7432577571587
ladybug-49 — fixed sample,nonlinear,2,0.08344589360058308,753.1641353182307,706.7432577571587
ladybug-49 — fixed sample,nonlinear,2,0.09067895635962486,743.3903247961252,706.7432577571587
ladybug-49 — fixed sample,nonlinear,2,0.09796345047652721,733.3943842295616,706.7432577571587
ladybug-49 — fixed sample,nonlinear,2,0.10506043443456292,720.7796852525936,706.7432577571587
ladybug-49 — fixed sample,nonlinear,2,0.11230007745325565,706.8251824390164,706.7432577571587
ladybug-49 — fixed sample,nonlinear,2,0.11960158124566078,693.9359094501948,706.7432577571587
dubrovnik-88 — fixed sample,fine,0,1.2400560081005096e-06,169413.9800386285,6846.433286570793
dubrovnik-88 — fixed sample,fine,0,0.007505713030695915,16560.105380235324,6846.433286570793
dubrovnik-88 — fixed sample,fine,0,0.014521786943078041,10292.905248641455,6846.433286570793
dubrovnik-88 — fixed sample,fine,0,0.021480851341038942,8541.077601256244,6846.433286570793
dubrovnik-88 — fixed sample,fine,0,0.028383153956383467,7823.698633682021,6846.433286570793
dubrovnik-88 — fixed sample,fine,0,0.0355107681825757,7487.026420553699,6846.433286570793
dubrovnik-88 — fixed sample,fine,0,0.04252617107704282,7257.39719662191,6846.433286570793
dubrovnik-88 — fixed sample,fine,0,0.04951497493311763,7069.6832357000685,6846.433286570793
dubrovnik-88 — fixed sample,fine,0,0.05653685797005892,6929.475480612839,6846.433286570793
dubrovnik-88 — fixed sample,fine,0,0.06346680223941803,6843.567340953019,6846.433286570793
dubrovnik-88 — fixed sample,fine,1,1.2898817658424377e-06,169413.9800386285,6846.433286570793
dubrovnik-88 — fixed sample,fine,1,0.007355513982474804,16560.105380235324,6846.433286570793
dubrovnik-88 — fixed sample,fine,1,0.014276066794991493,10292.905248641455,6846.433286570793
dubrovnik-88 — fixed sample,fine,1,0.021195420995354652,8541.077601256244,6846.433286570793
dubrovnik-88 — fixed sample,fine,1,0.028376373928040266,7823.698633682021,6846.433286570793
dubrovnik-88 — fixed sample,fine,1,0.03526713792234659,7487.026420553699,6846.433286570793
dubrovnik-88 — fixed sample,fine,1,0.04224006086587906,7257.39719662191,6846.433286570793
dubrovnik-88 — fixed sample,fine,1,0.049522425048053265,7069.6832357000685,6846.433286570793
dubrovnik-88 — fixed sample,fine,1,0.05647887894883752,6929.475480612839,6846.433286570793
dubrovnik-88 — fixed sample,fine,1,0.06331471167504787,6843.567340953019,6846.433286570793
dubrovnik-88 — fixed sample,fine,2,1.3401731848716736e-06,169413.9800386285,6846.433286570793
dubrovnik-88 — fixed sample,fine,2,0.007346243131905794,16560.105380235324,6846.433286570793
dubrovnik-88 — fixed sample,fine,2,0.014364596921950579,10292.905248641455,6846.433286570793
dubrovnik-88 — fixed sample,fine,2,0.021362060215324163,8541.077601256244,6846.433286570793
dubrovnik-88 — fixed sample,fine,2,0.028394814115017653,7823.698633682021,6846.433286570793
dubrovnik-88 — fixed sample,fine,2,0.035411437042057514,7487.026420553699,6846.433286570793
dubrovnik-88 — fixed sample,fine,2,0.042303461115807295,7257.39719662191,6846.433286570793
dubrovnik-88 — fixed sample,fine,2,0.049297265242785215,7069.6832357000685,6846.433286570793
dubrovnik-88 — fixed sample,fine,2,0.05626146821305156,6929.475480612839,6846.433286570793
dubrovnik-88 — fixed sample,fine,2,0.06336930207908154,6843.567340953019,6846.433286570793
dubrovnik-88 — fixed sample,linear,0,0.005178452003747225,169413.9800386285,6846.433286570793
dubrovnik-88 — fixed sample,linear,0,0.007625532802194357,118898.74703430639,6846.433286570793
dubrovnik-88 — fixed sample,linear,0,0.009604183956980705,118884.40297813683,6846.433286570793
dubrovnik-88 — fixed sample,linear,0,0.011576104909181595,118884.39690230024,6846.433286570793
dubrovnik-88 — fixed sample,linear,0,0.013543466106057167,118884.39689327053,6846.433286570793
dubrovnik-88 — fixed sample,linear,0,0.01550770690664649,118884.39689325285,6846.433286570793
dubrovnik-88 — fixed sample,linear,0,0.01749611785635352,118884.39689325272,6846.433286570793
dubrovnik-88 — fixed sample,linear,0,0.019494528882205486,118884.39689325262,6846.433286570793
dubrovnik-88 — fixed sample,linear,0,0.021482740063220263,118884.39689325244,6846.433286570793
dubrovnik-88 — fixed sample,linear,0,0.028927314095199108,13534.147383778189,6846.433286570793
dubrovnik-88 — fixed sample,linear,0,0.036031866911798716,9606.164471486372,6846.433286570793
dubrovnik-88 — fixed sample,linear,0,0.042949480935931206,8372.835311022134,6846.433286570793
dubrovnik-88 — fixed sample,linear,0,0.04993091383948922,7840.959552584361,6846.433286570793
dubrovnik-88 — fixed sample,linear,0,0.05693729827180505,7554.170508738528,6846.433286570793
dubrovnik-88 — fixed sample,linear,0,0.0639391909353435,7328.973556814678,6846.433286570793
dubrovnik-88 — fixed sample,linear,0,0.07087071519345045,7129.862708360336,6846.433286570793
dubrovnik-88 — fixed sample,linear,0,0.07776310807093978,6969.011358132638,6846.433286570793
dubrovnik-88 — fixed sample,linear,0,0.08461068198084831,6862.312392744154,6846.433286570793
dubrovnik-88 — fixed sample,linear,0,0.09144900506362319,6802.07077357919,6846.433286570793
dubrovnik-88 — fixed sample,linear,1,0.005185672082006931,169413.9800386285,6846.433286570793
dubrovnik-88 — fixed sample,linear,1,0.007609263993799686,118898.74703430639,6846.433286570793
dubrovnik-88 — fixed sample,linear,1,0.009598845150321722,118884.40297813683,6846.433286570793
dubrovnik-88 — fixed sample,linear,1,0.011588235851377249,118884.39690230024,6846.433286570793
dubrovnik-88 — fixed sample,linear,1,0.013587287161499262,118884.39689327053,6846.433286570793
dubrovnik-88 — fixed sample,linear,1,0.015575347933918238,118884.39689325285,6846.433286570793
dubrovnik-88 — fixed sample,linear,1,0.017539668828248978,118884.39689325272,6846.433286570793
dubrovnik-88 — fixed sample,linear,1,0.019499970134347677,118884.39689325262,6846.433286570793
dubrovnik-88 — fixed sample,linear,1,0.021472150925546885,118884.39689325244,6846.433286570793
dubrovnik-88 — fixed sample,linear,1,0.028890755493193865,13534.147383778189,6846.433286570793
dubrovnik-88 — fixed sample,linear,1,0.035834208596497774,9606.164471486372,6846.433286570793
dubrovnik-88 — fixed sample,linear,1,0.042772892862558365,8372.835311022134,6846.433286570793
dubrovnik-88 — fixed sample,linear,1,0.04968155547976494,7840.959552584361,6846.433286570793
dubrovnik-88 — fixed sample,linear,1,0.05664982972666621,7554.170508738528,6846.433286570793
dubrovnik-88 — fixed sample,linear,1,0.06366032268851995,7328.973556814678,6846.433286570793
dubrovnik-88 — fixed sample,linear,1,0.07061931677162647,7129.862708360336,6846.433286570793
dubrovnik-88 — fixed sample,linear,1,0.07752563990652561,6969.011358132638,6846.433286570793
dubrovnik-88 — fixed sample,linear,1,0.08447274379432201,6862.312392744154,6846.433286570793
dubrovnik-88 — fixed sample,linear,1,0.09152206685394049,6802.07077357919,6846.433286570793
dubrovnik-88 — fixed sample,linear,2,0.0051600816659629345,169413.9800386285,6846.433286570793
dubrovnik-88 — fixed sample,linear,2,0.00763300247490406,118898.74703430639,6846.433286570793
dubrovnik-88 — fixed sample,linear,2,0.009649803396314383,118884.40297813683,6846.433286570793
dubrovnik-88 — fixed sample,linear,2,0.011612964328378439,118884.39690230024,6846.433286570793
dubrovnik-88 — fixed sample,linear,2,0.013603645376861095,118884.39689327053,6846.433286570793
dubrovnik-88 — fixed sample,linear,2,0.015576986595988274,118884.39689325285,6846.433286570793
dubrovnik-88 — fixed sample,linear,2,0.017539747525006533,118884.39689325272,6846.433286570793
dubrovnik-88 — fixed sample,linear,2,0.01949709840118885,118884.39689325262,6846.433286570793
dubrovnik-88 — fixed sample,linear,2,0.02146719954907894,118884.39689325244,6846.433286570793
dubrovnik-88 — fixed sample,linear,2,0.028781053610146046,13534.147383778189,6846.433286570793
dubrovnik-88 — fixed sample,linear,2,0.035679586697369814,9606.164471486372,6846.433286570793
dubrovnik-88 — fixed sample,linear,2,0.042585940565913916,8372.835311022134,6846.433286570793
dubrovnik-88 — fixed sample,linear,2,0.04941475344821811,7840.959552584361,6846.433286570793
dubrovnik-88 — fixed sample,linear,2,0.05624911654740572,7554.170508738528,6846.433286570793
dubrovnik-88 — fixed sample,linear,2,0.06314666057005525,7328.973556814678,6846.433286570793
dubrovnik-88 — fixed sample,linear,2,0.07011392340064049,7129.862708360336,6846.433286570793
dubrovnik-88 — fixed sample,linear,2,0.07722667744383216,6969.011358132638,6846.433286570793
dubrovnik-88 — fixed sample,linear,2,0.08409505151212215,6862.312392744154,6846.433286570793
dubrovnik-88 — fixed sample,linear,2,0.09112421469762921,6802.07077357919,6846.433286570793
dubrovnik-88 — fixed sample,nonlinear,0,0.005178442690521479,169413.9800386285,6846.433286570793
dubrovnik-88 — fixed sample,nonlinear,0,0.007782685104757547,119232.32604827447,6846.433286570793
dubrovnik-88 — fixed sample,nonlinear,0,0.00997492577880621,119218.87106136522,6846.433286570793
dubrovnik-88 — fixed sample,nonlinear,0,0.01216359669342637,119218.86059536583,6846.433286570793
dubrovnik-88 — fixed sample,nonlinear,0,0.014340037945657969,119218.86057237256,6846.433286570793
dubrovnik-88 — fixed sample,nonlinear,0,0.01652462873607874,119218.86057231428,6846.433286570793
dubrovnik-88 — fixed sample,nonlinear,0,0.020842581056058407,119218.86057231424,6846.433286570793
dubrovnik-88 — fixed sample,nonlinear,0,0.030383535660803318,13538.916176580433,6846.433286570793
dubrovnik-88 — fixed sample,nonlinear,0,0.03736673993989825,9607.676494935638,6846.433286570793
dubrovnik-88 — fixed sample,nonlinear,0,0.0442218529060483,8372.75125989151,6846.433286570793
dubrovnik-88 — fixed sample,nonlinear,0,0.05110752582550049,7840.752887411585,6846.433286570793
dubrovnik-88 — fixed sample,nonlinear,0,0.058141099754720926,7554.232662880411,6846.433286570793
dubrovnik-88 — fixed sample,nonlinear,0,0.06505425367504358,7329.2148039407075,6846.433286570793
dubrovnik-88 — fixed sample,nonlinear,0,0.07194761699065566,7130.139417227947,6846.433286570793
dubrovnik-88 — fixed sample,nonlinear,0,0.07902141101658344,6969.197777369193,6846.433286570793
dubrovnik-88 — fixed sample,nonlinear,0,0.08601264376193285,6862.375021308723,6846.433286570793
dubrovnik-88 — fixed sample,nonlinear,0,0.09295799769461155,6802.076614764981,6846.433286570793
dubrovnik-88 — fixed sample,nonlinear,1,0.0052164532244205475,169413.9800386285,6846.433286570793
dubrovnik-88 — fixed sample,nonlinear,1,0.007887725252658129,119232.32604827447,6846.433286570793
dubrovnik-88 — fixed sample,nonlinear,1,0.010067536029964685,119218.87106136522,6846.433286570793
dubrovnik-88 — fixed sample,nonlinear,1,0.012230337131768465,119218.86059536583,6846.433286570793
dubrovnik-88 — fixed sample,nonlinear,1,0.014400817919522524,119218.86057237256,6846.433286570793
dubrovnik-88 — fixed sample,nonlinear,1,0.01657866919413209,119218.86057231428,6846.433286570793
dubrovnik-88 — fixed sample,nonlinear,1,0.020939031150192022,119218.86057231424,6846.433286570793
dubrovnik-88 — fixed sample,nonlinear,1,0.030683055985718966,13538.916176580433,6846.433286570793
dubrovnik-88 — fixed sample,nonlinear,1,0.037647190038114786,9607.676494935638,6846.433286570793
dubrovnik-88 — fixed sample,nonlinear,1,0.044588723219931126,8372.75125989151,6846.433286570793
dubrovnik-88 — fixed sample,nonlinear,1,0.051491497084498405,7840.752887411585,6846.433286570793
dubrovnik-88 — fixed sample,nonlinear,1,0.05838228017091751,7554.232662880411,6846.433286570793
dubrovnik-88 — fixed sample,nonlinear,1,0.06536144390702248,7329.2148039407075,6846.433286570793
dubrovnik-88 — fixed sample,nonlinear,1,0.07242963695898652,7130.139417227947,6846.433286570793
dubrovnik-88 — fixed sample,nonlinear,1,0.0795342312194407,6969.197777369193,6846.433286570793
dubrovnik-88 — fixed sample,nonlinear,1,0.08652765396982431,6862.375021308723,6846.433286570793
dubrovnik-88 — fixed sample,nonlinear,1,0.09352822788059711,6802.076614764981,6846.433286570793
dubrovnik-88 — fixed sample,nonlinear,2,0.005218002945184708,169413.9800386285,6846.433286570793
dubrovnik-88 — fixed sample,nonlinear,2,0.007843234110623598,119232.32604827447,6846.433286570793
dubrovnik-88 — fixed sample,nonlinear,2,0.01004828605800867,119218.87106136522,6846.433286570793
dubrovnik-88 — fixed sample,nonlinear,2,0.012213957030326128,119218.86059536583,6846.433286570793
dubrovnik-88 — fixed sample,nonlinear,2,0.014393398072570562,119218.86057237256,6846.433286570793
dubrovnik-88 — fixed sample,nonlinear,2,0.016586518846452236,119218.86057231428,6846.433286570793
dubrovnik-88 — fixed sample,nonlinear,2,0.020922780968248844,119218.86057231424,6846.433286570793
dubrovnik-88 — fixed sample,nonlinear,2,0.030475725885480642,13538.916176580433,6846.433286570793
dubrovnik-88 — fixed sample,nonlinear,2,0.037319749128073454,9607.676494935638,6846.433286570793
dubrovnik-88 — fixed sample,nonlinear,2,0.04428092297166586,8372.75125989151,6846.433286570793
dubrovnik-88 — fixed sample,nonlinear,2,0.05134862568229437,7840.752887411585,6846.433286570793
dubrovnik-88 — fixed sample,nonlinear,2,0.058377529960125685,7554.232662880411,6846.433286570793
dubrovnik-88 — fixed sample,nonlinear,2,0.0652172239497304,7329.2148039407075,6846.433286570793
dubrovnik-88 — fixed sample,nonlinear,2,0.07209384674206376,7130.139417227947,6846.433286570793
dubrovnik-88 — fixed sample,nonlinear,2,0.07902171975001693,6969.197777369193,6846.433286570793
dubrovnik-88 — fixed sample,nonlinear,2,0.08595644403249025,6862.375021308723,6846.433286570793
dubrovnik-88 — fixed sample,nonlinear,2,0.09278980689123273,6802.076614764981,6846.433286570793
venice-52 — fixed sample,fine,0,1.119915395975113e-06,46501.188000693444,3624.9109132046638
venice-52 — fixed sample,fine,0,0.008321034722030163,14209.980753763488,3624.9109132046638
venice-52 — fixed sample,fine,0,0.01600443758070469,12302.193418786508,3624.9109132046638
venice-52 — fixed sample,fine,0,0.02378715295344591,11167.325522513729,3624.9109132046638
venice-52 — fixed sample,fine,0,0.03161419555544853,10118.88904939255,3624.9109132046638
venice-52 — fixed sample,fine,0,0.039336899761110544,8942.95671853622,3624.9109132046638
venice-52 — fixed sample,fine,0,0.04733735369518399,7547.421429044434,3624.9109132046638
venice-52 — fixed sample,fine,0,0.05518030794337392,6048.136376412529,3624.9109132046638
venice-52 — fixed sample,fine,0,0.06304265186190605,4791.9344825932385,3624.9109132046638
venice-52 — fixed sample,fine,0,0.07101449556648731,4061.4046486066336,3624.9109132046638
venice-52 — fixed sample,fine,0,0.07887838967144489,3752.9535996849286,3624.9109132046638
venice-52 — fixed sample,fine,0,0.08663142379373312,3634.286753381907,3624.9109132046638
venice-52 — fixed sample,fine,0,0.09436425752937794,3592.4793761636506,3624.9109132046638
venice-52 — fixed sample,fine,1,1.2796372175216675e-06,46501.188000693444,3624.9109132046638
venice-52 — fixed sample,fine,1,0.008284274023026228,14209.980753763488,3624.9109132046638
venice-52 — fixed sample,fine,1,0.015957598108798265,12302.193418786508,3624.9109132046638
venice-52 — fixed sample,fine,1,0.023884952068328857,11167.325522513729,3624.9109132046638
venice-52 — fixed sample,fine,1,0.03172369580715895,10118.88904939255,3624.9109132046638
venice-52 — fixed sample,fine,1,0.03985677985474467,8942.95671853622,3624.9109132046638
venice-52 — fixed sample,fine,1,0.04775930382311344,7547.421429044434,3624.9109132046638
venice-52 — fixed sample,fine,1,0.05563458800315857,6048.136376412529,3624.9109132046638
venice-52 — fixed sample,fine,1,0.06349619198590517,4791.9344825932385,3624.9109132046638
venice-52 — fixed sample,fine,1,0.07142787566408515,4061.4046486066336,3624.9109132046638
venice-52 — fixed sample,fine,1,0.07922575995326042,3752.9535996849286,3624.9109132046638
venice-52 — fixed sample,fine,1,0.08704772405326366,3634.286753381907,3624.9109132046638
venice-52 — fixed sample,fine,1,0.09490551799535751,3592.4793761636506,3624.9109132046638
venice-52 — fixed sample,fine,2,1.3094395399093628e-06,46501.188000693444,3624.9109132046638
venice-52 — fixed sample,fine,2,0.008393064141273499,14209.980753763488,3624.9109132046638
venice-52 — fixed sample,fine,2,0.016148668248206377,12302.193418786508,3624.9109132046638
venice-52 — fixed sample,fine,2,0.02394929202273488,11167.325522513729,3624.9109132046638
venice-52 — fixed sample,fine,2,0.03173675620928407,10118.88904939255,3624.9109132046638
venice-52 — fixed sample,fine,2,0.03965338924899697,8942.95671853622,3624.9109132046638
venice-52 — fixed sample,fine,2,0.04741415334865451,7547.421429044434,3624.9109132046638
venice-52 — fixed sample,fine,2,0.055178117007017136,6048.136376412529,3624.9109132046638
venice-52 — fixed sample,fine,2,0.06284371111541986,4791.9344825932385,3624.9109132046638
venice-52 — fixed sample,fine,2,0.07051304494962096,4061.4046486066336,3624.9109132046638
venice-52 — fixed sample,fine,2,0.07832502899691463,3752.9535996849286,3624.9109132046638
venice-52 — fixed sample,fine,2,0.08605877310037613,3634.286753381907,3624.9109132046638
venice-52 — fixed sample,fine,2,0.09384467732161283,3592.4793761636506,3624.9109132046638
venice-52 — fixed sample,linear,0,0.005851473193615675,46501.188000693444,3624.9109132046638
venice-52 — fixed sample,linear,0,0.009087075013667345,39750.448387935714,3624.9109132046638
venice-52 — fixed sample,linear,0,0.011563767213374376,39531.05092028235,3624.9109132046638
venice-52 — fixed sample,linear,0,0.014025228098034859,39501.98024613696,3624.9109132046638
venice-52 — fixed sample,linear,0,0.016475449316203594,39498.82594560649,3624.9109132046638
venice-52 — fixed sample,linear,0,0.018921819981187582,39498.64346402293,3624.9109132046638
venice-52 — fixed sample,linear,0,0.021369981113821268,39498.639494475094,3624.9109132046638
venice-52 — fixed sample,linear,0,0.023844902869313955,39498.63946347856,3624.9109132046638
venice-52 — fixed sample,linear,0,0.026312503963708878,39498.63946337937,3624.9109132046638
venice-52 — fixed sample,linear,0,0.034588178154081106,12975.65993706782,3624.9109132046638
venice-52 — fixed sample,linear,0,0.042307302355766296,11448.930551238487,3624.9109132046638
venice-52 — fixed sample,linear,0,0.050069076474756,10462.551734713932,3624.9109132046638
venice-52 — fixed sample,linear,0,0.05787772033363581,9444.895590795835,3624.9109132046638
venice-52 — fixed sample,linear,0,0.06567191425710917,8272.78856347183,3624.9109132046638
venice-52 — fixed sample,linear,0,0.07345936819911003,6967.195405554057,3624.9109132046638
venice-52 — fixed sample,linear,0,0.08155279234051704,5670.068842267017,3624.9109132046638
venice-52 — fixed sample,linear,0,0.08936323644593358,4633.323976254879,3624.9109132046638
venice-52 — fixed sample,linear,0,0.09713948052376509,4022.9091333308934,3624.9109132046638
venice-52 — fixed sample,linear,0,0.10484889429062605,3744.7097714422794,3624.9109132046638
venice-52 — fixed sample,linear,0,0.11259447829797864,3631.078756176659,3624.9109132046638
venice-52 — fixed sample,linear,0,0.12039859220385551,3591.679995327017,3624.9109132046638
venice-52 — fixed sample,linear,1,0.005874672904610634,46501.188000693444,3624.9109132046638
venice-52 — fixed sample,linear,1,0.008796713780611753,39750.448387935714,3624.9109132046638
venice-52 — fixed sample,linear,1,0.011277216020971537,39531.05092028235,3624.9109132046638
venice-52 — fixed sample,linear,1,0.013714867178350687,39501.98024613696,3624.9109132046638
venice-52 — fixed sample,linear,1,0.016164727974683046,39498.82594560649,3624.9109132046638
venice-52 — fixed sample,linear,1,0.018607258796691895,39498.64346402293,3624.9109132046638
venice-52 — fixed sample,linear,1,0.021055601071566343,39498.639494475094,3624.9109132046638
venice-52 — fixed sample,linear,1,0.023497421760112047,39498.63946347856,3624.9109132046638
venice-52 — fixed sample,linear,1,0.025942623149603605,39498.63946337937,3624.9109132046638
venice-52 — fixed sample,linear,1,0.034281617030501366,12975.65993706782,3624.9109132046638
venice-52 — fixed sample,linear,1,0.042001090943813324,11448.930551238487,3624.9109132046638
venice-52 — fixed sample,linear,1,0.04984950507059693,10462.551734713932,3624.9109132046638
venice-52 — fixed sample,linear,1,0.05771423876285553,9444.895590795835,3624.9109132046638
venice-52 — fixed sample,linear,1,0.06553150294348598,8272.78856347183,3624.9109132046638
venice-52 — fixed sample,linear,1,0.07338384678587317,6967.195405554057,3624.9109132046638
venice-52 — fixed sample,linear,1,0.08129242062568665,5670.068842267017,3624.9109132046638
venice-52 — fixed sample,linear,1,0.08899368485435843,4633.323976254879,3624.9109132046638
venice-52 — fixed sample,linear,1,0.09710156871005893,4022.9091333308934,3624.9109132046638
venice-52 — fixed sample,linear,1,0.10488850297406316,3744.7097714422794,3624.9109132046638
venice-52 — fixed sample,linear,1,0.11266792705282569,3631.078756176659,3624.9109132046638
venice-52 — fixed sample,linear,1,0.1203132807277143,3591.679995327017,3624.9109132046638
venice-52 — fixed sample,linear,2,0.005853482987731695,46501.188000693444,3624.9109132046638
venice-52 — fixed sample,linear,2,0.008760435041040182,39750.448387935714,3624.9109132046638
venice-52 — fixed sample,linear,2,0.011237356346100569,39531.05092028235,3624.9109132046638
venice-52 — fixed sample,linear,2,0.013694697059690952,39501.98024613696,3624.9109132046638
venice-52 — fixed sample,linear,2,0.016144548077136278,39498.82594560649,3624.9109132046638
venice-52 — fixed sample,linear,2,0.018591610249131918,39498.64346402293,3624.9109132046638
venice-52 — fixed sample,linear,2,0.021043021231889725,39498.639494475094,3624.9109132046638
venice-52 — fixed sample,linear,2,0.02347273239865899,39498.63946347856,3624.9109132046638
venice-52 — fixed sample,linear,2,0.025926133152097464,39498.63946337937,3624.9109132046638
venice-52 — fixed sample,linear,2,0.034262108616530895,12975.65993706782,3624.9109132046638
venice-52 — fixed sample,linear,2,0.04200356127694249,11448.930551238487,3624.9109132046638
venice-52 — fixed sample,linear,2,0.05003001634031534,10462.551734713932,3624.9109132046638
venice-52 — fixed sample,linear,2,0.05773140024393797,9444.895590795835,3624.9109132046638
venice-52 — fixed sample,linear,2,0.06547494418919086,8272.78856347183,3624.9109132046638
venice-52 — fixed sample,linear,2,0.07322241738438606,6967.195405554057,3624.9109132046638
venice-52 — fixed sample,linear,2,0.08107010135427117,5670.068842267017,3624.9109132046638
venice-52 — fixed sample,linear,2,0.08892503520473838,4633.323976254879,3624.9109132046638
venice-52 — fixed sample,linear,2,0.09668632922694087,4022.9091333308934,3624.9109132046638
venice-52 — fixed sample,linear,2,0.10440184362232685,3744.7097714422794,3624.9109132046638
venice-52 — fixed sample,linear,2,0.11220883717760444,3631.078756176659,3624.9109132046638
venice-52 — fixed sample,linear,2,0.11998739140108228,3591.679995327017,3624.9109132046638
venice-52 — fixed sample,nonlinear,0,0.00585213303565979,46501.188000693444,3624.9109132046638
venice-52 — fixed sample,nonlinear,0,0.008984435349702835,39717.91247337447,3624.9109132046638
venice-52 — fixed sample,nonlinear,0,0.011653826106339693,39489.378765205125,3624.9109132046638
venice-52 — fixed sample,nonlinear,0,0.01431895699352026,39457.668191326346,3624.9109132046638
venice-52 — fixed sample,nonlinear,0,0.016950618010014296,39453.956153889674,3624.9109132046638
venice-52 — fixed sample,nonlinear,0,0.019594700075685978,39453.72912157631,3624.9109132046638
venice-52 — fixed sample,nonlinear,0,0.02224288135766983,39453.724025639756,3624.9109132046638
venice-52 — fixed sample,nonlinear,0,0.02489424217492342,39453.72398539222,3624.9109132046638
venice-52 — fixed sample,nonlinear,0,0.02756216423586011,39453.723985263714,3624.9109132046638
venice-52 — fixed sample,nonlinear,0,0.03588783787563443,12972.090667086122,3624.9109132046638
venice-52 — fixed sample,nonlinear,0,0.04358837194740772,11446.705081105405,3624.9109132046638
venice-52 — fixed sample,nonlinear,0,0.05140087567269802,10461.066764516792,3624.9109132046638
venice-52 — fixed sample,nonlinear,0,0.059210119768977165,9443.732859286793,3624.9109132046638
venice-52 — fixed sample,nonlinear,0,0.0669139139354229,8271.766130059874,3624.9109132046638
venice-52 — fixed sample,nonlinear,0,0.07479967782273889,6966.345828754546,3624.9109132046638
venice-52 — fixed sample,nonlinear,0,0.08276012167334557,5669.4831977281365,3624.9109132046638
venice-52 — fixed sample,nonlinear,0,0.0905033559538424,4632.987053362222,3624.9109132046638
venice-52 — fixed sample,nonlinear,0,0.09857317991554737,4022.718889424249,3624.9109132046638
venice-52 — fixed sample,nonlinear,0,0.10640764376148582,3744.6040288072604,3624.9109132046638
venice-52 — fixed sample,nonlinear,0,0.11427267780527472,3631.0343939573936,3624.9109132046638
venice-52 — fixed sample,nonlinear,0,0.12196649191901088,3591.6685356818657,3624.9109132046638
venice-52 — fixed sample,nonlinear,1,0.005840233061462641,46501.188000693444,3624.9109132046638
venice-52 — fixed sample,nonlinear,1,0.008975824806839228,39717.91247337447,3624.9109132046638
venice-52 — fixed sample,nonlinear,1,0.011637755669653416,39489.378765205125,3624.9109132046638
venice-52 — fixed sample,nonlinear,1,0.01426391676068306,39457.668191326346,3624.9109132046638
venice-52 — fixed sample,nonlinear,1,0.016899408772587776,39453.956153889674,3624.9109132046638
venice-52 — fixed sample,nonlinear,1,0.019533739890903234,39453.72912157631,3624.9109132046638
venice-52 — fixed sample,nonlinear,1,0.02217428106814623,39453.724025639756,3624.9109132046638
venice-52 — fixed sample,nonlinear,1,0.024817863013595343,39453.72398539222,3624.9109132046638
venice-52 — fixed sample,nonlinear,1,0.02745131403207779,39453.723985263714,3624.9109132046638
venice-52 — fixed sample,nonlinear,1,0.035806178115308285,12972.090667086122,3624.9109132046638
venice-52 — fixed sample,nonlinear,1,0.04362539201974869,11446.705081105405,3624.9109132046638
venice-52 — fixed sample,nonlinear,1,0.051298665814101696,10461.066764516792,3624.9109132046638
venice-52 — fixed sample,nonlinear,1,0.0591124901548028,9443.732859286793,3624.9109132046638
venice-52 — fixed sample,nonlinear,1,0.06720079388469458,8271.766130059874,3624.9109132046638
venice-52 — fixed sample,nonlinear,1,0.0750548280775547,6966.345828754546,3624.9109132046638
venice-52 — fixed sample,nonlinear,1,0.08321441197767854,5669.4831977281365,3624.9109132046638
venice-52 — fixed sample,nonlinear,1,0.09097787598147988,4632.987053362222,3624.9109132046638
venice-52 — fixed sample,nonlinear,1,0.09878562996163964,4022.718889424249,3624.9109132046638
venice-52 — fixed sample,nonlinear,1,0.10646857414394617,3744.6040288072604,3624.9109132046638
venice-52 — fixed sample,nonlinear,1,0.1143347779288888,3631.0343939573936,3624.9109132046638
venice-52 — fixed sample,nonlinear,1,0.12213232181966305,3591.6685356818657,3624.9109132046638
venice-52 — fixed sample,nonlinear,2,0.005830763373523951,46501.188000693444,3624.9109132046638
venice-52 — fixed sample,nonlinear,2,0.00897921435534954,39717.91247337447,3624.9109132046638
venice-52 — fixed sample,nonlinear,2,0.011644646525382996,39489.378765205125,3624.9109132046638
venice-52 — fixed sample,nonlinear,2,0.014300537295639515,39457.668191326346,3624.9109132046638
venice-52 — fixed sample,nonlinear,2,0.01696689845994115,39453.956153889674,3624.9109132046638
venice-52 — fixed sample,nonlinear,2,0.019582760520279408,39453.72912157631,3624.9109132046638
venice-52 — fixed sample,nonlinear,2,0.022207021713256836,39453.724025639756,3624.9109132046638
venice-52 — fixed sample,nonlinear,2,0.02485589263960719,39453.72398539222,3624.9109132046638
venice-52 — fixed sample,nonlinear,2,0.027518804650753736,39453.723985263714,3624.9109132046638
venice-52 — fixed sample,nonlinear,2,0.035791088826954365,12972.090667086122,3624.9109132046638
venice-52 — fixed sample,nonlinear,2,0.0434694429859519,11446.705081105405,3624.9109132046638
venice-52 — fixed sample,nonlinear,2,0.05127258691936731,10461.066764516792,3624.9109132046638
venice-52 — fixed sample,nonlinear,2,0.05898021999746561,9443.732859286793,3624.9109132046638
venice-52 — fixed sample,nonlinear,2,0.06687163515016437,8271.766130059874,3624.9109132046638
venice-52 — fixed sample,nonlinear,2,0.07467907899990678,6966.345828754546,3624.9109132046638
venice-52 — fixed sample,nonlinear,2,0.0825015320442617,5669.4831977281365,3624.9109132046638
venice-52 — fixed sample,nonlinear,2,0.09028460597619414,4632.987053362222,3624.9109132046638
venice-52 — fixed sample,nonlinear,2,0.0981302997097373,4022.718889424249,3624.9109132046638
venice-52 — fixed sample,nonlinear,2,0.10602694377303123,3744.6040288072604,3624.9109132046638
venice-52 — fixed sample,nonlinear,2,0.11378019768744707,3631.0343939573936,3624.9109132046638
venice-52 — fixed sample,nonlinear,2,0.12149057211354375,3591.6685356818657,3624.9109132046638
"depth initialization, seed100",lm,0,0.0,1349274.5975423618,154.472906076652
"depth initialization, seed100",lm,0,0.0023007122799754143,311406.11292469443,154.472906076652
"depth initialization, seed100",lm,0,0.0037424033507704735,79264.57520366379,154.472906076652
"depth initialization, seed100",lm,0,0.0050394232384860516,21080.113543469623,154.472906076652
"depth initialization, seed100",lm,0,0.006307914387434721,4024.0902369436303,154.472906076652
"depth initialization, seed100",lm,0,0.007632955443114042,646.0968661889601,154.472906076652
"depth initialization, seed100",lm,0,0.008929376024752855,122.31215161503069,154.472906076652
"depth initialization, seed100",lm,1,0.0,1349274.5975423618,154.472906076652
"depth initialization, seed100",lm,1,0.0019466308876872063,311406.11292469443,154.472906076652
"depth initialization, seed100",lm,1,0.0032037911005318165,79264.57520366379,154.472906076652
"depth initialization, seed100",lm,1,0.004486051853746176,21080.113543469623,154.472906076652
"depth initialization, seed100",lm,1,0.005761213134974241,4024.0902369436303,154.472906076652
"depth initialization, seed100",lm,1,0.007019573822617531,646.0968661889601,154.472906076652
"depth initialization, seed100",lm,1,0.008261363953351974,122.31215161503069,154.472906076652
"depth initialization, seed100",lm,2,0.0,1349274.5975423618,154.472906076652
"depth initialization, seed100",lm,2,0.0019812709651887417,311406.11292469443,154.472906076652
"depth initialization, seed100",lm,2,0.0032409820705652237,79264.57520366379,154.472906076652
"depth initialization, seed100",lm,2,0.004508123267441988,21080.113543469623,154.472906076652
"depth initialization, seed100",lm,2,0.005806363187730312,4024.0902369436303,154.472906076652
"depth initialization, seed100",lm,2,0.0070746843703091145,646.0968661889601,154.472906076652
"depth initialization, seed100",lm,2,0.008341055363416672,122.31215161503069,154.472906076652
"depth initialization, seed100",oca,0,0.0,1349274.5975423618,154.472906076652
"depth initialization, seed100",oca,0,0.0025598513893783092,311406.11292469443,154.472906076652
"depth initialization, seed100",oca,0,0.004238652065396309,60529.32148404666,154.472906076652
"depth initialization, seed100",oca,0,0.005819743033498526,9452.287831507107,154.472906076652
"depth initialization, seed100",oca,0,0.007378134410828352,1016.2454982404413,154.472906076652
"depth initialization, seed100",oca,0,0.00891005527228117,120.9976037558538,154.472906076652
"depth initialization, seed100",oca,1,0.0,1349274.5975423618,154.472906076652
"depth initialization, seed100",oca,1,0.0025922912172973156,311406.11292469443,154.472906076652
"depth initialization, seed100",oca,1,0.00422661192715168,60529.32148404666,154.472906076652
"depth initialization, seed100",oca,1,0.005821942817419767,9452.287831507107,154.472906076652
"depth initialization, seed100",oca,1,0.00735971424728632,1016.2454982404413,154.472906076652
"depth initialization, seed100",oca,1,0.00888783484697342,120.9976037558538,154.472906076652
"depth initialization, seed100",oca,2,0.0,1349274.5975423618,154.472906076652
"depth initialization, seed100",oca,2,0.002613712102174759,311406.11292469443,154.472906076652
"depth initialization, seed100",oca,2,0.004252532962709665,60529.32148404666,154.472906076652
"depth initialization, seed100",oca,2,0.005835104268044233,9452.287831507107,154.472906076652
"depth initialization, seed100",oca,2,0.007376065012067556,1016.2454982404413,154.472906076652
"depth initialization, seed100",oca,2,0.008939384948462248,120.9976037558538,154.472906076652
"depth initialization, seed100",geo,0,0.0,1349274.5975423618,154.472906076652
"depth initialization, seed100",geo,0,0.0020845108665525913,450726.2126143748,154.472906076652
"depth initialization, seed100",geo,0,0.004252551589161158,30466.819721592172,154.472906076652
"depth initialization, seed100",geo,0,0.00628158263862133,2174.7412714629595,154.472906076652
"depth initialization, seed100",geo,0,0.008351853583008051,219.77443337865958,154.472906076652
"depth initialization, seed100",geo,0,0.01039491593837738,46.846813197033065,154.472906076652
"depth initialization, seed100",geo,1,0.0,1349274.5975423618,154.472906076652
"depth initialization, seed100",geo,1,0.002032531425356865,450726.2126143748,154.472906076652
"depth initialization, seed100",geo,1,0.00420262198895216,30466.819721592172,154.472906076652
"depth initialization, seed100",geo,1,0.006391352973878384,2174.7412714629595,154.472906076652
"depth initialization, seed100",geo,1,0.008414573967456818,219.77443337865958,154.472906076652
"depth initialization, seed100",geo,1,0.010445506311953068,46.846813197033065,154.472906076652
"depth initialization, seed100",geo,2,0.0,1349274.5975423618,154.472906076652
"depth initialization, seed100",geo,2,0.001969380769878626,450726.2126143748,154.472906076652
"depth initialization, seed100",geo,2,0.00397576205432415,30466.819721592172,154.472906076652
"depth initialization, seed100",geo,2,0.006002963054925203,2174.7412714629595,154.472906076652
"depth initialization, seed100",geo,2,0.008032224141061306,219.77443337865958,154.472906076652
"depth initialization, seed100",geo,2,0.010039174929261208,46.846813197033065,154.472906076652
"depth initialization, seed100",lambda,0,0.0,1349274.5975423618,154.472906076652
"depth initialization, seed100",lambda,0,0.0031689321622252464,311406.11292469443,154.472906076652
"depth initialization, seed100",lambda,0,0.005118003115057945,61046.63530784218,154.472906076652
"depth initialization, seed100",lambda,0,0.0069523341953754425,9162.334380222732,154.472906076652
"depth initialization, seed100",lambda,0,0.00875214533880353,754.772080093273,154.472906076652
"depth initialization, seed100",lambda,0,0.010642456356436014,27.542883776935405,154.472906076652
"depth initialization, seed100",lambda,1,0.0,1349274.5975423618,154.472906076652
"depth initialization, seed100",lambda,1,0.003172381781041622,311406.11292469443,154.472906076652
"depth initialization, seed100",lambda,1,0.005142472684383392,61046.63530784218,154.472906076652
"depth initialization, seed100",lambda,1,0.006958723999559879,9162.334380222732,154.472906076652
"depth initialization, seed100",lambda,1,0.008793894667178392,754.772080093273,154.472906076652
"depth initialization, seed100",lambda,1,0.010629445780068636,27.542883776935405,154.472906076652
"depth initialization, seed100",lambda,2,0.0,1349274.5975423618,154.472906076652
"depth initialization, seed100",lambda,2,0.0031775212846696377,311406.11292469443,154.472906076652
"depth initialization, seed100",lambda,2,0.005700963083654642,61046.63530784218,154.472906076652
"depth initialization, seed100",lambda,2,0.007677603978663683,9162.334380222732,154.472906076652
"depth initialization, seed100",lambda,2,0.009523685090243816,754.772080093273,154.472906076652
"depth initialization, seed100",lambda,2,0.011351916007697582,27.542883776935405,154.472906076652
"depth initialization, seed100",hybrid,0,0.0,1349274.5975423618,154.472906076652
"depth initialization, seed100",hybrid,0,0.0021352809853851795,450726.2126143748,154.472906076652
"depth initialization, seed100",hybrid,0,0.004415541887283325,30466.819721592172,154.472906076652
"depth initialization, seed100",hybrid,0,0.006515784189105034,2174.7412714629595,154.472906076652
"depth initialization, seed100",hybrid,0,0.008166685234755278,225.91146705656183,154.472906076652
"depth initialization, seed100",hybrid,0,0.009819164872169495,33.37889964702238,154.472906076652
"depth initialization, seed100",hybrid,1,0.0,1349274.5975423618,154.472906076652
"depth initialization, seed100",hybrid,1,0.002120960969477892,450726.2126143748,154.472906076652
"depth initialization, seed100",hybrid,1,0.004387951921671629,30466.819721592172,154.472906076652
"depth initialization, seed100",hybrid,1,0.006525894161313772,2174.7412714629595,154.472906076652
"depth initialization, seed100",hybrid,1,0.00817466527223587,225.91146705656183,154.472906076652
"depth initialization, seed100",hybrid,1,0.009796314872801304,33.37889964702238,154.472906076652
"depth initialization, seed100",hybrid,2,0.0,1349274.5975423618,154.472906076652
"depth initialization, seed100",hybrid,2,0.002162371762096882,450726.2126143748,154.472906076652
"depth initialization, seed100",hybrid,2,0.004432702902704477,30466.819721592172,154.472906076652
"depth initialization, seed100",hybrid,2,0.006575293838977814,2174.7412714629595,154.472906076652
"depth initialization, seed100",hybrid,2,0.008194464724510908,225.91146705656183,154.472906076652
"depth initialization, seed100",hybrid,2,0.010118765756487846,33.37889964702238,154.472906076652
"rotation initialization, seed100",lm,0,0.0,10335330.138370056,1053.0784601594214
"rotation initialization, seed100",lm,0,0.0013849111273884773,911518.3662260723,1053.0784601594214
"rotation initialization, seed100",lm,0,0.0026577417738735676,42320.88945772506,1053.0784601594214
"rotation initialization, seed100",lm,0,0.00392178213223815,15149.873757400283,1053.0784601594214
"rotation initialization, seed100",lm,0,0.005171362776309252,3366.2231541054352,1053.0784601594214
"rotation initialization, seed100",lm,0,0.006430063862353563,195.87294724677892,1053.0784601594214
"rotation initialization, seed100",lm,1,0.0,10335330.138370056,1053.0784601594214
"rotation initialization, seed100",lm,1,0.00146101089194417,911518.3662260723,1053.0784601594214
"rotation initialization, seed100",lm,1,0.0027721617370843887,42320.88945772506,1053.0784601594214
"rotation initialization, seed100",lm,1,0.00402486277744174,15149.873757400283,1053.0784601594214
"rotation initialization, seed100",lm,1,0.005279062781482935,3366.2231541054352,1053.0784601594214
"rotation initialization, seed100",lm,1,0.0065352837555110455,195.87294724677892,1053.0784601594214
"rotation initialization, seed100",lm,2,0.0,10335330.138370056,1053.0784601594214
"rotation initialization, seed100",lm,2,0.0013819513842463493,911518.3662260723,1053.0784601594214
"rotation initialization, seed100",lm,2,0.0026938421651721,42320.88945772506,1053.0784601594214
"rotation initialization, seed100",lm,2,0.003949332982301712,15149.873757400283,1053.0784601594214
"rotation initialization, seed100",lm,2,0.005202332977205515,3366.2231541054352,1053.0784601594214
"rotation initialization, seed100",lm,2,0.006469554267823696,195.87294724677892,1053.0784601594214
"rotation initialization, seed100",oca,0,0.0,10335330.138370056,1053.0784601594214
"rotation initialization, seed100",oca,0,0.0016501611098647118,701398.5457873993,1053.0784601594214
"rotation initialization, seed100",oca,0,0.0032683108001947403,14335.846599432321,1053.0784601594214
"rotation initialization, seed100",oca,0,0.004807401914149523,1238.9746888387392,1053.0784601594214
"rotation initialization, seed100",oca,0,0.006344562862068415,105.95899431990996,1053.0784601594214
"rotation initialization, seed100",oca,1,0.0,10335330.138370056,1053.0784601594214
"rotation initialization, seed100",oca,1,0.0016514998860657215,701398.5457873993,1053.0784601594214
"rotation initialization, seed100",oca,1,0.003253720700740814,14335.846599432321,1053.0784601594214
"rotation initialization, seed100",oca,1,0.004808881785720587,1238.9746888387392,1053.0784601594214
"rotation initialization, seed100",oca,1,0.006337192840874195,105.95899431990996,1053.0784601594214
"rotation initialization, seed100",oca,2,0.0,10335330.138370056,1053.0784601594214
"rotation initialization, seed100",oca,2,0.0016816910356283188,701398.5457873993,1053.0784601594214
"rotation initialization, seed100",oca,2,0.003276902250945568,14335.846599432321,1053.0784601594214
"rotation initialization, seed100",oca,2,0.00481199286878109,1238.9746888387392,1053.0784601594214
"rotation initialization, seed100",oca,2,0.006389563903212547,105.95899431990996,1053.0784601594214
"rotation initialization, seed100",geo,0,0.0,10335330.138370056,1053.0784601594214
"rotation initialization, seed100",geo,0,0.00182670122012496,911518.3662260723,1053.0784601594214
"rotation initialization, seed100",geo,0,0.0038538924418389797,23628.0376491079,1053.0784601594214
"rotation initialization, seed100",geo,0,0.005869243294000626,8507.914883881484,1053.0784601594214
"rotation initialization, seed100",geo,0,0.007890914101153612,1285.9536049886153,1053.0784601594214
"rotation initialization, seed100",geo,0,0.009932075161486864,114.32134606321094,1053.0784601594214
"rotation initialization, seed100",geo,1,0.0,10335330.138370056,1053.0784601594214
"rotation initialization, seed100",geo,1,0.001866741105914116,911518.3662260723,1053.0784601594214
"rotation initialization, seed100",geo,1,0.004122511949390173,23628.0376491079,1053.0784601594214
"rotation initialization, seed100",geo,1,0.006153402850031853,8507.914883881484,1053.0784601594214
"rotation initialization, seed100",geo,1,0.0081857037730515,1285.9536049886153,1053.0784601594214
"rotation initialization, seed100",geo,1,0.010192894842475653,114.32134606321094,1053.0784601594214
"rotation initialization, seed100",geo,2,0.0,10335330.138370056,1053.0784601594214
"rotation initialization, seed100",geo,2,0.001854781061410904,911518.3662260723,1053.0784601594214
"rotation initialization, seed100",geo,2,0.00388382188975811,23628.0376491079,1053.0784601594214
"rotation initialization, seed100",geo,2,0.0059023029170930386,8507.914883881484,1053.0784601594214
"rotation initialization, seed100",geo,2,0.00790962390601635,1285.9536049886153,1053.0784601594214
"rotation initialization, seed100",geo,2,0.00992727605625987,114.32134606321094,1053.0784601594214
"rotation initialization, seed100",lambda,0,0.0,10335330.138370056,1053.0784601594214
"rotation initialization, seed100",lambda,0,0.002014550846070051,689360.4748501338,1053.0784601594214
"rotation initialization, seed100",lambda,0,0.003909742925316095,7656.018489787246,1053.0784601594214
"rotation initialization, seed100",lambda,0,0.0057291327975690365,127.24321833381052,1053.0784601594214
"rotation initialization, seed100",lambda,1,0.0,10335330.138370056,1053.0784601594214
"rotation initialization, seed100",lambda,1,0.0019376510754227638,689360.4748501338,1053.0784601594214
"rotation initialization, seed100",lambda,1,0.0037705320864915848,7656.018489787246,1053.0784601594214
"rotation initialization, seed100",lambda,1,0.005590543150901794,127.24321833381052,1053.0784601594214
"rotation initialization, seed100",lambda,2,0.0,10335330.138370056,1053.0784601594214
"rotation initialization, seed100",lambda,2,0.002072590868920088,689360.4748501338,1053.0784601594214
"rotation initialization, seed100",lambda,2,0.003900331910699606,7656.018489787246,1053.0784601594214
"rotation initialization, seed100",lambda,2,0.00574165303260088,127.24321833381052,1053.0784601594214
"rotation initialization, seed100",hybrid,0,0.0,10335330.138370056,1053.0784601594214
"rotation initialization, seed100",hybrid,0,0.0020020310766994953,911518.3662260723,1053.0784601594214
"rotation initialization, seed100",hybrid,0,0.0037362119182944298,22490.007097164475,1053.0784601594214
"rotation initialization, seed100",hybrid,0,0.005375293083488941,4235.908694438523,1053.0784601594214
"rotation initialization, seed100",hybrid,0,0.007086674217134714,260.02940426621956,1053.0784601594214
"rotation initialization, seed100",hybrid,1,0.0,10335330.138370056,1053.0784601594214
"rotation initialization, seed100",hybrid,1,0.001888591330498457,911518.3662260723,1053.0784601594214
"rotation initialization, seed100",hybrid,1,0.003518381156027317,22490.007097164475,1053.0784601594214
"rotation initialization, seed100",hybrid,1,0.005123502109199762,4235.908694438523,1053.0784601594214
"rotation initialization, seed100",hybrid,1,0.0067375130020082,260.02940426621956,1053.0784601594214
"rotation initialization, seed100",hybrid,2,0.0,10335330.138370056,1053.0784601594214
"rotation initialization, seed100",hybrid,2,0.001901610754430294,911518.3662260723,1053.0784601594214
"rotation initialization, seed100",hybrid,2,0.0035372721031308174,22490.007097164475,1053.0784601594214
"rotation initialization, seed100",hybrid,2,0.005147892981767654,4235.908694438523,1053.0784601594214
"rotation initialization, seed100",hybrid,2,0.0067766038700938225,260.02940426621956,1053.0784601594214
"depth initialization, seed100",raw,0,0.0,1349274.5975423618,154.472906076652
"depth initialization, seed100",raw,0,0.002477130852639675,311406.11292469443,154.472906076652
"depth initialization, seed100",raw,0,0.004897842649370432,61493.53849254561,154.472906076652
"depth initialization, seed100",raw,0,0.007183664012700319,9155.848051587356,154.472906076652
"depth initialization, seed100",raw,0,0.009496334940195084,690.0929750122835,154.472906076652
"depth initialization, seed100",raw,0,0.011820005718618631,24.271797622528617,154.472906076652
"depth initialization, seed100",raw,1,0.0,1349274.5975423618,154.472906076652
"depth initialization, seed100",raw,1,0.002473970875144005,311406.11292469443,154.472906076652
"depth initialization, seed100",raw,1,0.004863211885094643,61493.53849254561,154.472906076652
"depth initialization, seed100",raw,1,0.007166213821619749,9155.848051587356,154.472906076652
"depth initialization, seed100",raw,1,0.009462794754654169,690.0929750122835,154.472906076652
"depth initialization, seed100",raw,1,0.011709745973348618,24.271797622528617,154.472906076652
"depth initialization, seed100",raw,2,0.0,1349274.5975423618,154.472906076652
"depth initialization, seed100",raw,2,0.0024208007380366325,311406.11292469443,154.472906076652
"depth initialization, seed100",raw,2,0.004810782615095377,61493.53849254561,154.472906076652
"depth initialization, seed100",raw,2,0.007117283996194601,9155.848051587356,154.472906076652
"depth initialization, seed100",raw,2,0.009373844601213932,690.0929750122835,154.472906076652
"depth initialization, seed100",raw,2,0.011646247003227472,24.271797622528617,154.472906076652
"depth initialization, seed100",post1,0,0.0,1349274.5975423618,154.472906076652
"depth initialization, seed100",post1,0,0.0032468619756400585,50817.27483666038,154.472906076652
"depth initialization, seed100",post1,0,0.006411673966795206,852.6646278811579,154.472906076652
"depth initialization, seed100",post1,0,0.009459755383431911,65.95915455782973,154.472906076652
"depth initialization, seed100",post1,1,0.0,1349274.5975423618,154.472906076652
"depth initialization, seed100",post1,1,0.0032006320543587208,50817.27483666038,154.472906076652
"depth initialization, seed100",post1,1,0.006369063165038824,852.6646278811579,154.472906076652
"depth initialization, seed100",post1,1,0.00941637484356761,65.95915455782973,154.472906076652
"depth initialization, seed100",post1,2,0.0,1349274.5975423618,154.472906076652
"depth initialization, seed100",post1,2,0.0032173721119761467,50817.27483666038,154.472906076652
"depth initialization, seed100",post1,2,0.006345073692500591,852.6646278811579,154.472906076652
"depth initialization, seed100",post1,2,0.009393354877829552,65.95915455782973,154.472906076652
"depth initialization, seed100",post3,0,0.0,1349274.5975423618,154.472906076652
"depth initialization, seed100",post3,0,0.004520272370427847,3086.9523510846307,154.472906076652
"depth initialization, seed100",post3,0,0.00898870499804616,209.9804037316883,154.472906076652
"depth initialization, seed100",post3,0,0.013325626961886883,44.66426364599837,154.472906076652
"depth initialization, seed100",post3,1,0.0,1349274.5975423618,154.472906076652
"depth initialization, seed100",post3,1,0.00452010240405798,3086.9523510846307,154.472906076652
"depth initialization, seed100",post3,1,0.009011405054479837,209.9804037316883,154.472906076652
"depth initialization, seed100",post3,1,0.01338019734248519,44.66426364599837,154.472906076652
"depth initialization, seed100",post3,2,0.0,1349274.5975423618,154.472906076652
"depth initialization, seed100",post3,2,0.004470722284168005,3086.9523510846307,154.472906076652
"depth initialization, seed100",post3,2,0.008903264999389648,209.9804037316883,154.472906076652
"depth initialization, seed100",post3,2,0.013258086983114481,44.66426364599837,154.472906076652
"depth initialization, seed100",pre1,0,0.0,1349274.5975423618,154.472906076652
"depth initialization, seed100",pre1,0,0.0032385620288550854,50817.27483666038,154.472906076652
"depth initialization, seed100",pre1,0,0.00790441408753395,852.6646278811579,154.472906076652
"depth initialization, seed100",pre1,0,0.012479007244110107,65.95915455782973,154.472906076652
"depth initialization, seed100",pre1,1,0.0,1349274.5975423618,154.472906076652
"depth initialization, seed100",pre1,1,0.003221601713448763,50817.27483666038,154.472906076652
"depth initialization, seed100",pre1,1,0.007904133759438992,852.6646278811579,154.472906076652
"depth initialization, seed100",pre1,1,0.012433426920324564,65.95915455782973,154.472906076652
"depth initialization, seed100",pre1,2,0.0,1349274.5975423618,154.472906076652
"depth initialization, seed100",pre1,2,0.0031502218917012215,50817.27483666038,154.472906076652
"depth initialization, seed100",pre1,2,0.0077850837260484695,852.6646278811579,154.472906076652
"depth initialization, seed100",pre1,2,0.012337756808847189,65.95915455782973,154.472906076652
"depth initialization, seed100",pre3,0,0.0,1349274.5975423618,154.472906076652
"depth initialization, seed100",pre3,0,0.00461637182161212,3086.9523510846307,154.472906076652
"depth initialization, seed100",pre3,0,0.013162767048925161,209.9804037316883,154.472906076652
"depth initialization, seed100",pre3,0,0.02161958208307624,44.66426364599837,154.472906076652
"depth initialization, seed100",pre3,1,0.0,1349274.5975423618,154.472906076652
"depth initialization, seed100",pre3,1,0.0045257932506501675,3086.9523510846307,154.472906076652
"depth initialization, seed100",pre3,1,0.013032208196818829,209.9804037316883,154.472906076652
"depth initialization, seed100",pre3,1,0.021422911901026964,44.66426364599837,154.472906076652
"depth initialization, seed100",pre3,2,0.0,1349274.5975423618,154.472906076652
"depth initialization, seed100",pre3,2,0.004478442016988993,3086.9523510846307,154.472906076652
"depth initialization, seed100",pre3,2,0.012972227297723293,209.9804037316883,154.472906076652
"depth initialization, seed100",pre3,2,0.021461111959069967,44.66426364599837,154.472906076652
"depth initialization, seed100",selective,0,0.0,1349274.5975423618,154.472906076652
"depth initialization, seed100",selective,0,0.003494373057037592,116191.2635744708,154.472906076652
"depth initialization, seed100",selective,0,0.008626474998891354,11070.339946829641,154.472906076652
"depth initialization, seed100",selective,0,0.013719588052481413,395.2656959927121,154.472906076652
"depth initialization, seed100",selective,0,0.01875788113102317,18.31816899030517,154.472906076652
"depth initialization, seed100",selective,1,0.0,1349274.5975423618,154.472906076652
"depth initialization, seed100",selective,1,0.0034020328894257545,116191.2635744708,154.472906076652
"depth initialization, seed100",selective,1,0.008514364715665579,11070.339946829641,154.472906076652
"depth initialization, seed100",selective,1,0.013582577928900719,395.2656959927121,154.472906076652
"depth initialization, seed100",selective,1,0.01866302080452442,18.31816899030517,154.472906076652
"depth initialization, seed100",selective,2,0.0,1349274.5975423618,154.472906076652
"depth initialization, seed100",selective,2,0.003358112182468176,116191.2635744708,154.472906076652
"depth initialization, seed100",selective,2,0.008536384906619787,11070.339946829641,154.472906076652
"depth initialization, seed100",selective,2,0.0135798379778862,395.2656959927121,154.472906076652
"depth initialization, seed100",selective,2,0.018614521250128746,18.31816899030517,154.472906076652
"rotation initialization, seed100",raw,0,0.0,10335330.138370056,1053.0784601594214
"rotation initialization, seed100",raw,0,0.0023719812743365765,637937.0098476383,1053.0784601594214
"rotation initialization, seed100",raw,0,0.004677352029830217,5607.705888838168,1053.0784601594214
"rotation initialization, seed100",raw,0,0.0069571733474731445,79.21333194004458,1053.0784601594214
"rotation initialization, seed100",raw,1,0.0,10335330.138370056,1053.0784601594214
"rotation initialization, seed100",raw,1,0.002367121633142233,637937.0098476383,1053.0784601594214
"rotation initialization, seed100",raw,1,0.004650732968002558,5607.705888838168,1053.0784601594214
"rotation initialization, seed100",raw,1,0.006949913688004017,79.21333194004458,1053.0784601594214
"rotation initialization, seed100",raw,2,0.0,10335330.138370056,1053.0784601594214
"rotation initialization, seed100",raw,2,0.0024312110617756844,637937.0098476383,1053.0784601594214
"rotation initialization, seed100",raw,2,0.0047181518748402596,5607.705888838168,1053.0784601594214
"rotation initialization, seed100",raw,2,0.006982043851166964,79.21333194004458,1053.0784601594214
"rotation initialization, seed100",post1,0,0.0,10335330.138370056,1053.0784601594214
"rotation initialization, seed100",post1,0,0.003118551801890135,436802.5286769793,1053.0784601594214
"rotation initialization, seed100",post1,0,0.006153103895485401,11877.569674848808,1053.0784601594214
"rotation initialization, seed100",post1,0,0.009173775091767311,167.6973953391453,1053.0784601594214
"rotation initialization, seed100",post1,1,0.0,10335330.138370056,1053.0784601594214
"rotation initialization, seed100",post1,1,0.0031127510592341423,436802.5286769793,1053.0784601594214
"rotation initialization, seed100",post1,1,0.00617340300232172,11877.569674848808,1053.0784601594214
"rotation initialization, seed100",post1,1,0.009201725013554096,167.6973953391453,1053.0784601594214
"rotation initialization, seed100",post1,2,0.0,10335330.138370056,1053.0784601594214
"rotation initialization, seed100",post1,2,0.0031071421690285206,436802.5286769793,1053.0784601594214
"rotation initialization, seed100",post1,2,0.006138854194432497,11877.569674848808,1053.0784601594214
"rotation initialization, seed100",post1,2,0.009194235317409039,167.6973953391453,1053.0784601594214
"rotation initialization, seed100",post3,0,0.0,10335330.138370056,1053.0784601594214
"rotation initialization, seed100",post3,0,0.004399422090500593,413663.0703683141,1053.0784601594214
"rotation initialization, seed100",post3,0,0.008735734969377518,28211.410751189214,1053.0784601594214
"rotation initialization, seed100",post3,0,0.013051396701484919,1994.661962666304,1053.0784601594214
"rotation initialization, seed100",post3,0,0.017371528781950474,31.655890925957763,1053.0784601594214
"rotation initialization, seed100",post3,1,0.0,10335330.138370056,1053.0784601594214
"rotation initialization, seed100",post3,1,0.004395183175802231,413663.0703683141,1053.0784601594214
"rotation initialization, seed100",post3,1,0.008704225067049265,28211.410751189214,1053.0784601594214
"rotation initialization, seed100",post3,1,0.013017048127949238,1994.661962666304,1053.0784601594214
"rotation initialization, seed100",post3,1,0.01733725005760789,31.655890925957763,1053.0784601594214
"rotation initialization, seed100",post3,2,0.0,10335330.138370056,1053.0784601594214
"rotation initialization, seed100",post3,2,0.004438142292201519,413663.0703683141,1053.0784601594214
"rotation initialization, seed100",post3,2,0.008756045252084732,28211.410751189214,1053.0784601594214
"rotation initialization, seed100",post3,2,0.013082587160170078,1994.661962666304,1053.0784601594214
"rotation initialization, seed100",post3,2,0.01738743018358946,31.655890925957763,1053.0784601594214
"rotation initialization, seed100",pre1,0,0.0,10335330.138370056,1053.0784601594214
"rotation initialization, seed100",pre1,0,0.004643223248422146,436802.5286769793,1053.0784601594214
"rotation initialization, seed100",pre1,0,0.009216154925525188,11877.569674848808,1053.0784601594214
"rotation initialization, seed100",pre1,0,0.01372053800150752,167.6973953391453,1053.0784601594214
"rotation initialization, seed100",pre1,1,0.0,10335330.138370056,1053.0784601594214
"rotation initialization, seed100",pre1,1,0.004628561902791262,436802.5286769793,1053.0784601594214
"rotation initialization, seed100",pre1,1,0.009152344893664122,11877.569674848808,1053.0784601594214
"rotation initialization, seed100",pre1,1,0.013694257009774446,167.6973953391453,1053.0784601594214
"rotation initialization, seed100",pre1,2,0.0,10335330.138370056,1053.0784601594214
"rotation initialization, seed100",pre1,2,0.0046387529000639915,436802.5286769793,1053.0784601594214
"rotation initialization, seed100",pre1,2,0.009128674864768982,11877.569674848808,1053.0784601594214
"rotation initialization, seed100",pre1,2,0.013633848167955875,167.6973953391453,1053.0784601594214
"rotation initialization, seed100",pre3,0,0.0,10335330.138370056,1053.0784601594214
"rotation initialization, seed100",pre3,0,0.008717984892427921,413663.0703683141,1053.0784601594214
"rotation initialization, seed100",pre3,0,0.015103748068213463,13533.394735783908,1053.0784601594214
"rotation initialization, seed100",pre3,0,0.023528903257101774,192.90035651576963,1053.0784601594214
"rotation initialization, seed100",pre3,1,0.0,10335330.138370056,1053.0784601594214
"rotation initialization, seed100",pre3,1,0.008502545300871134,413663.0703683141,1053.0784601594214
"rotation initialization, seed100",pre3,1,0.014848317950963974,13533.394735783908,1053.0784601594214
"rotation initialization, seed100",pre3,1,0.02323023322969675,192.90035651576963,1053.0784601594214
"rotation initialization, seed100",pre3,2,0.0,10335330.138370056,1053.0784601594214
"rotation initialization, seed100",pre3,2,0.00849377503618598,413663.0703683141,1053.0784601594214
"rotation initialization, seed100",pre3,2,0.014832418877631426,13533.394735783908,1053.0784601594214
"rotation initialization, seed100",pre3,2,0.02322943275794387,192.90035651576963,1053.0784601594214
"rotation initialization, seed100",selective,0,0.0,10335330.138370056,1053.0784601594214
"rotation initialization, seed100",selective,0,0.005141742993146181,562044.7026408901,1053.0784601594214
"rotation initialization, seed100",selective,0,0.010185816325247288,7211.366219767136,1053.0784601594214
"rotation initialization, seed100",selective,0,0.015203789342194796,90.7260699177936,1053.0784601594214
"rotation initialization, seed100",selective,1,0.0,10335330.138370056,1053.0784601594214
"rotation initialization, seed100",selective,1,0.005127942655235529,562044.7026408901,1053.0784601594214
"rotation initialization, seed100",selective,1,0.010174795985221863,7211.366219767136,1053.0784601594214
"rotation initialization, seed100",selective,1,0.015194568783044815,90.7260699177936,1053.0784601594214
"rotation initialization, seed100",selective,2,0.0,10335330.138370056,1053.0784601594214
"rotation initialization, seed100",selective,2,0.005172713194042444,562044.7026408901,1053.0784601594214
"rotation initialization, seed100",selective,2,0.010210276115685701,7211.366219767136,1053.0784601594214
"rotation initialization, seed100",selective,2,0.015215359162539244,90.7260699177936,1053.0784601594214
"depth initialization, seed100",full,0,0.0,1349274.5975423618,154.472906076652
"depth initialization, seed100",full,0,0.010705586057156324,311406.11292469443,154.472906076652
"depth initialization, seed100",full,0,0.02089868113398552,58844.84790242748,154.472906076652
"depth initialization, seed100",full,0,0.031130286864936352,8509.069165152943,154.472906076652
"depth initialization, seed100",full,0,0.04108738200739026,816.8573462975172,154.472906076652
"depth initialization, seed100",full,0,0.05114631820470095,40.490420646967486,154.472906076652
"depth initialization, seed100",full,1,0.0,1349274.5975423618,154.472906076652
"depth initialization, seed100",full,1,0.00988993514329195,311406.11292469443,154.472906076652
"depth initialization, seed100",full,1,0.019812501035630703,58844.84790242748,154.472906076652
"depth initialization, seed100",full,1,0.029806556180119514,8509.069165152943,154.472906076652
"depth initialization, seed100",full,1,0.039925201795995235,816.8573462975172,154.472906076652
"depth initialization, seed100",full,1,0.050167536828666925,40.490420646967486,154.472906076652
"depth initialization, seed100",full,2,0.0,1349274.5975423618,154.472906076652
"depth initialization, seed100",full,2,0.010017205029726028,311406.11292469443,154.472906076652
"depth initialization, seed100",full,2,0.020024531055241823,58844.84790242748,154.472906076652
"depth initialization, seed100",full,2,0.029996425844728947,8509.069165152943,154.472906076652
"depth initialization, seed100",full,2,0.03991069085896015,816.8573462975172,154.472906076652
"depth initialization, seed100",full,2,0.04979216679930687,40.490420646967486,154.472906076652
"depth initialization, seed100",manual5,0,0.0,1349274.5975423618,154.472906076652
"depth initialization, seed100",manual5,0,0.003744201734662056,311406.11292469443,154.472906076652
"depth initialization, seed100",manual5,0,0.007307114079594612,61493.53849254561,154.472906076652
"depth initialization, seed100",manual5,0,0.010971225798130035,9155.848051587356,154.472906076652
"depth initialization, seed100",manual5,0,0.0145089877769351,620.2664380461005,154.472906076652
"depth initialization, seed100",manual5,0,0.018020509742200375,27.66767908575667,154.472906076652
"depth initialization, seed100",manual5,1,0.0,1349274.5975423618,154.472906076652
"depth initialization, seed100",manual5,1,0.003814652096480131,311406.11292469443,154.472906076652
"depth initialization, seed100",manual5,1,0.007406434044241905,61493.53849254561,154.472906076652
"depth initialization, seed100",manual5,1,0.010898695793002844,9155.848051587356,154.472906076652
"depth initialization, seed100",manual5,1,0.014401867985725403,620.2664380461005,154.472906076652
"depth initialization, seed100",manual5,1,0.017898549791425467,27.66767908575667,154.472906076652
"depth initialization, seed100",manual5,2,0.0,1349274.5975423618,154.472906076652
"depth initialization, seed100",manual5,2,0.0036571919918060303,311406.11292469443,154.472906076652
"depth initialization, seed100",manual5,2,0.007397413719445467,61493.53849254561,154.472906076652
"depth initialization, seed100",manual5,2,0.01103859581053257,9155.848051587356,154.472906076652
"depth initialization, seed100",manual5,2,0.014751097653061152,620.2664380461005,154.472906076652
"depth initialization, seed100",manual5,2,0.018363849725574255,27.66767908575667,154.472906076652
"depth initialization, seed100",manual4,0,0.0,1349274.5975423618,154.472906076652
"depth initialization, seed100",manual4,0,0.0051973732188344,311406.11292469443,154.472906076652
"depth initialization, seed100",manual4,0,0.007775343954563141,60529.32148404666,154.472906076652
"depth initialization, seed100",manual4,0,0.010323185939341784,9452.287831507107,154.472906076652
"depth initialization, seed100",manual4,0,0.012926737312227488,919.1305353428653,154.472906076652
"depth initialization, seed100",manual4,0,0.015564549248665571,43.94483005510028,154.472906076652
"depth initialization, seed100",manual4,1,0.0,1349274.5975423618,154.472906076652
"depth initialization, seed100",manual4,1,0.005254232790321112,311406.11292469443,154.472906076652
"depth initialization, seed100",manual4,1,0.00797972409054637,60529.32148404666,154.472906076652
"depth initialization, seed100",manual4,1,0.010877575725317001,9452.287831507107,154.472906076652
"depth initialization, seed100",manual4,1,0.013461786787956953,919.1305353428653,154.472906076652
"depth initialization, seed100",manual4,1,0.01600423874333501,43.94483005510028,154.472906076652
"depth initialization, seed100",manual4,2,0.0,1349274.5975423618,154.472906076652
"depth initialization, seed100",manual4,2,0.005227993242442608,311406.11292469443,154.472906076652
"depth initialization, seed100",manual4,2,0.00779803516343236,60529.32148404666,154.472906076652
"depth initialization, seed100",manual4,2,0.01048117596656084,9452.287831507107,154.472906076652
"depth initialization, seed100",manual4,2,0.01320978719741106,919.1305353428653,154.472906076652
"depth initialization, seed100",manual4,2,0.01583645911887288,43.94483005510028,154.472906076652
"depth initialization, seed100",pruned,0,0.0,1349274.5975423618,154.472906076652
"depth initialization, seed100",pruned,0,0.012216855771839619,311406.11292469443,154.472906076652
"depth initialization, seed100",pruned,0,0.024013802874833345,58844.84790242748,154.472906076652
"depth initialization, seed100",pruned,0,0.03572617890313268,8509.069165152943,154.472906076652
"depth initialization, seed100",pruned,0,0.04761894606053829,816.8573462975172,154.472906076652
"depth initialization, seed100",pruned,0,0.05928936181589961,40.490420646967486,154.472906076652
"depth initialization, seed100",pruned,1,0.0,1349274.5975423618,154.472906076652
"depth initialization, seed100",pruned,1,0.011560756247490644,311406.11292469443,154.472906076652
"depth initialization, seed100",pruned,1,0.02340081287547946,58844.84790242748,154.472906076652
"depth initialization, seed100",pruned,1,0.03514326922595501,8509.069165152943,154.472906076652
"depth initialization, seed100",pruned,1,0.04683043481782079,816.8573462975172,154.472906076652
"depth initialization, seed100",pruned,1,0.05845276219770312,40.490420646967486,154.472906076652
"depth initialization, seed100",pruned,2,0.0,1349274.5975423618,154.472906076652
"depth initialization, seed100",pruned,2,0.012162026949226856,311406.11292469443,154.472906076652
"depth initialization, seed100",pruned,2,0.024167262949049473,58844.84790242748,154.472906076652
"depth initialization, seed100",pruned,2,0.036017709877341986,8509.069165152943,154.472906076652
"depth initialization, seed100",pruned,2,0.04797642584890127,816.8573462975172,154.472906076652
"depth initialization, seed100",pruned,2,0.05965968267992139,40.490420646967486,154.472906076652
"rotation initialization, seed100",full,0,0.0,10335330.138370056,1053.0784601594214
"rotation initialization, seed100",full,0,0.010109825059771538,289959.5010684508,1053.0784601594214
"rotation initialization, seed100",full,0,0.020115180872380733,4308.539356492169,1053.0784601594214
"rotation initialization, seed100",full,0,0.030044726096093655,47.46197664403832,1053.0784601594214
"rotation initialization, seed100",full,1,0.0,10335330.138370056,1053.0784601594214
"rotation initialization, seed100",full,1,0.010465526022017002,289959.5010684508,1053.0784601594214
"rotation initialization, seed100",full,1,0.020919200964272022,4308.539356492169,1053.0784601594214
"rotation initialization, seed100",full,1,0.031412487383931875,47.46197664403832,1053.0784601594214
"rotation initialization, seed100",full,2,0.0,10335330.138370056,1053.0784601594214
"rotation initialization, seed100",full,2,0.010142894927412271,289959.5010684508,1053.0784601594214
"rotation initialization, seed100",full,2,0.020298460964113474,4308.539356492169,1053.0784601594214
"rotation initialization, seed100",full,2,0.03060797695070505,47.46197664403832,1053.0784601594214
"rotation initialization, seed100",manual5,0,0.0,10335330.138370056,1053.0784601594214
"rotation initialization, seed100",manual5,0,0.0036392817273736,637937.0098476383,1053.0784601594214
"rotation initialization, seed100",manual5,0,0.007165444083511829,5607.705888838168,1053.0784601594214
"rotation initialization, seed100",manual5,0,0.010707125999033451,79.21333194004458,1053.0784601594214
"rotation initialization, seed100",manual5,1,0.0,10335330.138370056,1053.0784601594214
"rotation initialization, seed100",manual5,1,0.0036620330065488815,637937.0098476383,1053.0784601594214
"rotation initialization, seed100",manual5,1,0.007234804332256317,5607.705888838168,1053.0784601594214
"rotation initialization, seed100",manual5,1,0.010782625991851091,79.21333194004458,1053.0784601594214
"rotation initialization, seed100",manual5,2,0.0,10335330.138370056,1053.0784601594214
"rotation initialization, seed100",manual5,2,0.0036140717566013336,637937.0098476383,1053.0784601594214
"rotation initialization, seed100",manual5,2,0.007154603023082018,5607.705888838168,1053.0784601594214
"rotation initialization, seed100",manual5,2,0.010717245750129223,79.21333194004458,1053.0784601594214
"rotation initialization, seed100",manual4,0,0.0,10335330.138370056,1053.0784601594214
"rotation initialization, seed100",manual4,0,0.002667561639100313,451130.6427276292,1053.0784601594214
"rotation initialization, seed100",manual4,0,0.005247002933174372,4051.534236182834,1053.0784601594214
"rotation initialization, seed100",manual4,0,0.007834454998373985,69.8210833611951,1053.0784601594214
"rotation initialization, seed100",manual4,1,0.0,10335330.138370056,1053.0784601594214
"rotation initialization, seed100",manual4,1,0.0026576509699225426,451130.6427276292,1053.0784601594214
"rotation initialization, seed100",manual4,1,0.005324061959981918,4051.534236182834,1053.0784601594214
"rotation initialization, seed100",manual4,1,0.0078975441865623,69.8210833611951,1053.0784601594214
"rotation initialization, seed100",manual4,2,0.0,10335330.138370056,1053.0784601594214
"rotation initialization, seed100",manual4,2,0.0028073317371308804,451130.6427276292,1053.0784601594214
"rotation initialization, seed100",manual4,2,0.005490582901984453,4051.534236182834,1053.0784601594214
"rotation initialization, seed100",manual4,2,0.008187574800103903,69.8210833611951,1053.0784601594214
"rotation initialization, seed100",pruned,0,0.0,10335330.138370056,1053.0784601594214
"rotation initialization, seed100",pruned,0,0.01213116617873311,289959.5010684508,1053.0784601594214
"rotation initialization, seed100",pruned,0,0.024333103094249964,4308.539356492169,1053.0784601594214
"rotation initialization, seed100",pruned,0,0.036312948912382126,47.46197664403832,1053.0784601594214
"rotation initialization, seed100",pruned,1,0.0,10335330.138370056,1053.0784601594214
"rotation initialization, seed100",pruned,1,0.012035965919494629,289959.5010684508,1053.0784601594214
"rotation initialization, seed100",pruned,1,0.02421701280400157,4308.539356492169,1053.0784601594214
"rotation initialization, seed100",pruned,1,0.03636697959154844,47.46197664403832,1053.0784601594214
"rotation initialization, seed100",pruned,2,0.0,10335330.138370056,1053.0784601594214
"rotation initialization, seed100",pruned,2,0.012502376921474934,289959.5010684508,1053.0784601594214
"rotation initialization, seed100",pruned,2,0.02485027303919196,4308.539356492169,1053.0784601594214
"rotation initialization, seed100",pruned,2,0.0364979999139905,47.46197664403832,1053.0784601594214
"correct bridges, seed100",fixed,0,0.00445654196664691,119.81703819700559,15.984125179372395
"correct bridges, seed100",fixed,0,0.00865623401477933,116.731479713466,15.984125179372395
"correct bridges, seed100",fixed,0,0.012033736333251,115.9472437196022,15.984125179372395
"correct bridges, seed100",fixed,0,0.015335347969084978,115.09250215201408,15.984125179372395
"correct bridges, seed100",fixed,0,0.018710689153522253,113.77594598360724,15.984125179372395
"correct bridges, seed100",fixed,0,0.02193071087822318,111.58547145427575,15.984125179372395
"correct bridges, seed100",fixed,0,0.025157503318041563,108.41329297207002,15.984125179372395
"correct bridges, seed100",fixed,0,0.028460264205932617,103.49807532864357,15.984125179372395
"correct bridges, seed100",fixed,0,0.03189980611205101,96.36405169940929,15.984125179372395
"correct bridges, seed100",fixed,0,0.03521029790863395,88.75252836424384,15.984125179372395
"correct bridges, seed100",fixed,0,0.03842971008270979,77.20377264424548,15.984125179372395
"correct bridges, seed100",fixed,0,0.04173908103257418,63.06573325700376,15.984125179372395
"correct bridges, seed100",fixed,0,0.04513788316398859,42.303998511622076,15.984125179372395
"correct bridges, seed100",fixed,0,0.04835665412247181,24.831995439764285,15.984125179372395
"correct bridges, seed100",fixed,0,0.051595906261354685,9.493208608816003,15.984125179372395
"correct bridges, seed100",fixed,0,0.05482969805598259,9.298873863892098,15.984125179372395
"correct bridges, seed100",fixed,0,0.058078219182789326,9.29760421456729,15.984125179372395
"correct bridges, seed100",fixed,0,0.06137188104912639,9.297587356369338,15.984125179372395
"correct bridges, seed100",fixed,0,0.0648126732558012,9.297587232045963,15.984125179372395
"correct bridges, seed100",fixed,0,0.0680158850736916,9.29758723122557,15.984125179372395
"correct bridges, seed100",fixed,0,0.07122315606102347,9.297587231216436,15.984125179372395
"correct bridges, seed100",fixed,0,0.07442413829267025,9.297587231216138,15.984125179372395
"correct bridges, seed100",fixed,0,0.07762507908046246,9.297587231216138,15.984125179372395
"correct bridges, seed100",fixed,0,0.08082205103710294,9.297587231216138,15.984125179372395
"correct bridges, seed100",fixed,0,0.08406375302001834,9.297587231216138,15.984125179372395
"correct bridges, seed100",fixed,0,0.08726585423573852,9.297587231216138,15.984125179372395
"correct bridges, seed100",fixed,0,0.09049728605896235,9.297587231216138,15.984125179372395
"correct bridges, seed100",fixed,0,0.09370931796729565,9.297587231216138,15.984125179372395
"correct bridges, seed100",fixed,0,0.09694076888263226,9.297587231216138,15.984125179372395
"correct bridges, seed100",fixed,0,0.10018437122926116,9.297587231216138,15.984125179372395
"correct bridges, seed100",fixed,0,0.10339252231642604,9.297587231216138,15.984125179372395
"correct bridges, seed100",fixed,0,0.10662922402843833,9.297587231216138,15.984125179372395
"correct bridges, seed100",fixed,0,0.11000361619517207,9.297587231216138,15.984125179372395
"correct bridges, seed100",fixed,0,0.11328054731711745,9.297587231216138,15.984125179372395
"correct bridges, seed100",fixed,0,0.11664286907762289,9.297587231216138,15.984125179372395
"correct bridges, seed100",fixed,0,0.11990436119958758,9.297587231216138,15.984125179372395
"correct bridges, seed100",fixed,0,0.12335864221677184,9.297587231216138,15.984125179372395
"correct bridges, seed100",fixed,0,0.1265533142723143,9.297587231216138,15.984125179372395
"correct bridges, seed100",fixed,0,0.12975689629092813,9.297587231216138,15.984125179372395
"correct bridges, seed100",fixed,0,0.1329906969331205,9.297587231216138,15.984125179372395
"correct bridges, seed100",fixed,0,0.13617967907339334,9.297587231216138,15.984125179372395
"correct bridges, seed100",fixed,0,0.13937735091894865,9.297587231216138,15.984125179372395
"correct bridges, seed100",fixed,0,0.14265867229551077,9.29758723121613,15.984125179372395
"correct bridges, seed100",fixed,0,0.1459344238974154,9.29758723121613,15.984125179372395
"correct bridges, seed100",fixed,0,0.14925006590783596,9.29758723121613,15.984125179372395
"correct bridges, seed100",fixed,0,0.15245906729251146,9.29758723121613,15.984125179372395
"correct bridges, seed100",fixed,0,0.15567847900092602,9.29758723121613,15.984125179372395
"correct bridges, seed100",fixed,0,0.15897923987358809,9.297587231216127,15.984125179372395
"correct bridges, seed100",fixed,0,0.1622948320582509,9.297587231216127,15.984125179372395
"correct bridges, seed100",fixed,0,0.16558520402759314,9.297587231216127,15.984125179372395
"correct bridges, seed100",fixed,0,0.16899559600278735,9.297587231216127,15.984125179372395
"correct bridges, seed100",fixed,0,0.17224862705916166,9.297587231216127,15.984125179372395
"correct bridges, seed100",fixed,0,0.17570175928995013,9.297587231216127,15.984125179372395
"correct bridges, seed100",fixed,0,0.17894887132570148,9.297587231216127,15.984125179372395
"correct bridges, seed100",fixed,0,0.18229129211977124,9.297587231216127,15.984125179372395
"correct bridges, seed100",fixed,0,0.18551061395555735,9.297587231216127,15.984125179372395
"correct bridges, seed100",fixed,0,0.1888400660827756,9.297587231216127,15.984125179372395
"correct bridges, seed100",fixed,0,0.1920688971877098,9.297587231216127,15.984125179372395
"correct bridges, seed100",fixed,0,0.1954036089591682,9.297587231216127,15.984125179372395
"correct bridges, seed100",fixed,0,0.1985685508698225,9.297587231216127,15.984125179372395
"correct bridges, seed100",fixed,1,0.0033221705816686153,119.81703819700559,15.984125179372395
"correct bridges, seed100",fixed,1,0.007016942836344242,116.731479713466,15.984125179372395
"correct bridges, seed100",fixed,1,0.010313864797353745,115.9472437196022,15.984125179372395
"correct bridges, seed100",fixed,1,0.013511635828763247,115.09250215201408,15.984125179372395
"correct bridges, seed100",fixed,1,0.016723977867513895,113.77594598360724,15.984125179372395
"correct bridges, seed100",fixed,1,0.01993183884769678,111.58547145427575,15.984125179372395
"correct bridges, seed100",fixed,1,0.023125050589442253,108.41329297207002,15.984125179372395
"correct bridges, seed100",fixed,1,0.026335392612963915,103.49807532864357,15.984125179372395
"correct bridges, seed100",fixed,1,0.029546763747930527,96.36405169940929,15.984125179372395
"correct bridges, seed100",fixed,1,0.032770545687526464,88.75252836424384,15.984125179372395
"correct bridges, seed100",fixed,1,0.035936557687819004,77.20377264424548,15.984125179372395
"correct bridges, seed100",fixed,1,0.03913677856326103,63.06573325700376,15.984125179372395
"correct bridges, seed100",fixed,1,0.042339400853961706,42.303998511622076,15.984125179372395
"correct bridges, seed100",fixed,1,0.045622522942721844,24.831995439764285,15.984125179372395
"correct bridges, seed100",fixed,1,0.04884716356173158,9.493208608816003,15.984125179372395
"correct bridges, seed100",fixed,1,0.05204268591478467,9.298873863892098,15.984125179372395
"correct bridges, seed100",fixed,1,0.05529985670000315,9.29760421456729,15.984125179372395
"correct bridges, seed100",fixed,1,0.05851903883740306,9.297587356369338,15.984125179372395
"correct bridges, seed100",fixed,1,0.06171426083892584,9.297587232045963,15.984125179372395
"correct bridges, seed100",fixed,1,0.06491433177143335,9.29758723122557,15.984125179372395
"correct bridges, seed100",fixed,1,0.06816016370430589,9.297587231216436,15.984125179372395
"correct bridges, seed100",fixed,1,0.07136018574237823,9.297587231216138,15.984125179372395
"correct bridges, seed100",fixed,1,0.07455187663435936,9.297587231216138,15.984125179372395
"correct bridges, seed100",fixed,1,0.07789584901183844,9.297587231216138,15.984125179372395
"correct bridges, seed100",fixed,1,0.08138771075755358,9.297587231216138,15.984125179372395
"correct bridges, seed100",fixed,1,0.08456962183117867,9.297587231216138,15.984125179372395
"correct bridges, seed100",fixed,1,0.08781175361946225,9.297587231216138,15.984125179372395
"correct bridges, seed100",fixed,1,0.09100348595529795,9.297587231216138,15.984125179372395
"correct bridges, seed100",fixed,1,0.0942132668569684,9.297587231216138,15.984125179372395
"correct bridges, seed100",fixed,1,0.09743957873433828,9.297587231216138,15.984125179372395
"correct bridges, seed100",fixed,1,0.10061541991308331,9.297587231216138,15.984125179372395
"correct bridges, seed100",fixed,1,0.10381765197962523,9.297587231216138,15.984125179372395
"correct bridges, seed100",fixed,1,0.10699915373697877,9.297587231216138,15.984125179372395
"correct bridges, seed100",fixed,1,0.11028440482914448,9.297587231216138,15.984125179372395
"correct bridges, seed100",fixed,1,0.11343960696831346,9.297587231216138,15.984125179372395
"correct bridges, seed100",fixed,1,0.11662360886111856,9.297587231216138,15.984125179372395
"correct bridges, seed100",fixed,1,0.11977544985711575,9.297587231216138,15.984125179372395
"correct bridges, seed100",fixed,1,0.12296295166015625,9.297587231216138,15.984125179372395
"correct bridges, seed100",fixed,1,0.12615127256140113,9.297587231216138,15.984125179372395
"correct bridges, seed100",fixed,1,0.12934621470049024,9.297587231216138,15.984125179372395
"correct bridges, seed100",fixed,1,0.1325467568822205,9.297587231216138,15.984125179372395
"correct bridges, seed100",fixed,1,0.13572645792737603,9.297587231216138,15.984125179372395
"correct bridges, seed100",fixed,1,0.1389546599239111,9.29758723121613,15.984125179372395
"correct bridges, seed100",fixed,1,0.14212873158976436,9.29758723121613,15.984125179372395
"correct bridges, seed100",fixed,1,0.1453334428369999,9.29758723121613,15.984125179372395
"correct bridges, seed100",fixed,1,0.1485385848209262,9.29758723121613,15.984125179372395
"correct bridges, seed100",fixed,1,0.1518647656776011,9.29758723121613,15.984125179372395
"correct bridges, seed100",fixed,1,0.15506175765767694,9.297587231216127,15.984125179372395
"correct bridges, seed100",fixed,1,0.1583703299984336,9.297587231216127,15.984125179372395
"correct bridges, seed100",fixed,1,0.1617452218197286,9.297587231216127,15.984125179372395
"correct bridges, seed100",fixed,1,0.16500565269961953,9.297587231216127,15.984125179372395
"correct bridges, seed100",fixed,1,0.16818980500102043,9.297587231216127,15.984125179372395
"correct bridges, seed100",fixed,1,0.17134782671928406,9.297587231216127,15.984125179372395
"correct bridges, seed100",fixed,1,0.17451720777899027,9.297587231216127,15.984125179372395
"correct bridges, seed100",fixed,1,0.17768655996769667,9.297587231216127,15.984125179372395
"correct bridges, seed100",fixed,1,0.18087619077414274,9.297587231216127,15.984125179372395
"correct bridges, seed100",fixed,1,0.1841501030139625,9.297587231216127,15.984125179372395
"correct bridges, seed100",fixed,1,0.1873610345646739,9.297587231216127,15.984125179372395
"correct bridges, seed100",fixed,1,0.19058380601927638,9.297587231216127,15.984125179372395
"correct bridges, seed100",fixed,1,0.19377934793010354,9.297587231216127,15.984125179372395
"correct bridges, seed100",fixed,2,0.003522871993482113,119.81703819700559,15.984125179372395
"correct bridges, seed100",fixed,2,0.007280463818460703,116.731479713466,15.984125179372395
"correct bridges, seed100",fixed,2,0.010653896257281303,115.9472437196022,15.984125179372395
"correct bridges, seed100",fixed,2,0.013870117254555225,115.09250215201408,15.984125179372395
"correct bridges, seed100",fixed,2,0.01725531881675124,113.77594598360724,15.984125179372395
"correct bridges, seed100",fixed,2,0.020552841015160084,111.58547145427575,15.984125179372395
"correct bridges, seed100",fixed,2,0.02378675201907754,108.41329297207002,15.984125179372395
"correct bridges, seed100",fixed,2,0.027060553897172213,103.49807532864357,15.984125179372395
"correct bridges, seed100",fixed,2,0.030393085908144712,96.36405169940929,15.984125179372395
"correct bridges, seed100",fixed,2,0.03394296811893582,88.75252836424384,15.984125179372395
"correct bridges, seed100",fixed,2,0.0371949290856719,77.20377264424548,15.984125179372395
"correct bridges, seed100",fixed,2,0.04050681088119745,63.06573325700376,15.984125179372395
"correct bridges, seed100",fixed,2,0.043723632115870714,42.303998511622076,15.984125179372395
"correct bridges, seed100",fixed,2,0.046957403887063265,24.831995439764285,15.984125179372395
"correct bridges, seed100",fixed,2,0.050229455810040236,9.493208608816003,15.984125179372395
"correct bridges, seed100",fixed,2,0.053436458110809326,9.298873863892098,15.984125179372395
"correct bridges, seed100",fixed,2,0.05666051898151636,9.29760421456729,15.984125179372395
"correct bridges, seed100",fixed,2,0.05986746121197939,9.297587356369338,15.984125179372395
"correct bridges, seed100",fixed,2,0.063091732095927,9.297587232045963,15.984125179372395
"correct bridges, seed100",fixed,2,0.06630483409389853,9.29758723122557,15.984125179372395
"correct bridges, seed100",fixed,2,0.06949393497779965,9.297587231216436,15.984125179372395
"correct bridges, seed100",fixed,2,0.07270511705428362,9.297587231216138,15.984125179372395
"correct bridges, seed100",fixed,2,0.07589970901608467,9.297587231216138,15.984125179372395
"correct bridges, seed100",fixed,2,0.07909091096371412,9.297587231216138,15.984125179372395
"correct bridges, seed100",fixed,2,0.08226437214761972,9.297587231216138,15.984125179372395
"correct bridges, seed100",fixed,2,0.08543920423835516,9.297587231216138,15.984125179372395
"correct bridges, seed100",fixed,2,0.0886272550560534,9.297587231216138,15.984125179372395
"correct bridges, seed100",fixed,2,0.0918208472430706,9.297587231216138,15.984125179372395
"correct bridges, seed100",fixed,2,0.09503618907183409,9.297587231216138,15.984125179372395
"correct bridges, seed100",fixed,2,0.09825053997337818,9.297587231216138,15.984125179372395
"correct bridges, seed100",fixed,2,0.10146606201305985,9.297587231216138,15.984125179372395
"correct bridges, seed100",fixed,2,0.10464903293177485,9.297587231216138,15.984125179372395
"correct bridges, seed100",fixed,2,0.10784644493833184,9.297587231216138,15.984125179372395
"correct bridges, seed100",fixed,2,0.1110498271882534,9.297587231216138,15.984125179372395
"correct bridges, seed100",fixed,2,0.11426404817029834,9.297587231216138,15.984125179372395
"correct bridges, seed100",fixed,2,0.1174324001185596,9.297587231216138,15.984125179372395
"correct bridges, seed100",fixed,2,0.12061123223975301,9.297587231216138,15.984125179372395
"correct bridges, seed100",fixed,2,0.12380853295326233,9.297587231216138,15.984125179372395
"correct bridges, seed100",fixed,2,0.1270250049419701,9.297587231216138,15.984125179372395
"correct bridges, seed100",fixed,2,0.1302204062230885,9.297587231216138,15.984125179372395
"correct bridges, seed100",fixed,2,0.13340078806504607,9.297587231216138,15.984125179372395
"correct bridges, seed100",fixed,2,0.136600730009377,9.297587231216138,15.984125179372395
"correct bridges, seed100",fixed,2,0.1398108908906579,9.29758723121613,15.984125179372395
"correct bridges, seed100",fixed,2,0.14303897321224213,9.29758723121613,15.984125179372395
"correct bridges, seed100",fixed,2,0.14629018492996693,9.29758723121613,15.984125179372395
"correct bridges, seed100",fixed,2,0.14951592590659857,9.29758723121613,15.984125179372395
"correct bridges, seed100",fixed,2,0.15273775812238455,9.29758723121613,15.984125179372395
"correct bridges, seed100",fixed,2,0.15595753910019994,9.297587231216127,15.984125179372395
"correct bridges, seed100",fixed,2,0.1591725111939013,9.297587231216127,15.984125179372395
"correct bridges, seed100",fixed,2,0.16237901290878654,9.297587231216127,15.984125179372395
"correct bridges, seed100",fixed,2,0.16557332407683134,9.297587231216127,15.984125179372395
"correct bridges, seed100",fixed,2,0.16877256613224745,9.297587231216127,15.984125179372395
"correct bridges, seed100",fixed,2,0.17195534706115723,9.297587231216127,15.984125179372395
"correct bridges, seed100",fixed,2,0.17516162898391485,9.297587231216127,15.984125179372395
"correct bridges, seed100",fixed,2,0.17836939124390483,9.297587231216127,15.984125179372395
"correct bridges, seed100",fixed,2,0.18161730282008648,9.297587231216127,15.984125179372395
"correct bridges, seed100",fixed,2,0.18483340414240956,9.297587231216127,15.984125179372395
"correct bridges, seed100",fixed,2,0.1879968261346221,9.297587231216127,15.984125179372395
"correct bridges, seed100",fixed,2,0.1911852671764791,9.297587231216127,15.984125179372395
"correct bridges, seed100",fixed,2,0.19436041917651892,9.297587231216127,15.984125179372395
"correct bridges, seed100",ordinary,0,0.0035155420191586018,269.06001584280216,15.984125179372395
"correct bridges, seed100",ordinary,0,0.007201244123280048,292.9094873333386,15.984125179372395
"correct bridges, seed100",ordinary,0,0.010542876087129116,258.0737976918157,15.984125179372395
"correct bridges, seed100",ordinary,0,0.01380126690492034,194.08626067946796,15.984125179372395
"correct bridges, seed100",ordinary,0,0.01716690883040428,123.03909525835422,15.984125179372395
"correct bridges, seed100",ordinary,0,0.02035860111936927,69.53261041080913,15.984125179372395
"correct bridges, seed100",ordinary,0,0.023584742099046707,32.16463730314719,15.984125179372395
"correct bridges, seed100",ordinary,0,0.02682686410844326,18.67451481785614,15.984125179372395
"correct bridges, seed100",ordinary,0,0.029999104794114828,13.96620876831602,15.984125179372395
"correct bridges, seed100",ordinary,0,0.033290376886725426,11.09602977682129,15.984125179372395
"correct bridges, seed100",ordinary,0,0.036548188887536526,9.691383656674528,15.984125179372395
"correct bridges, seed100",ordinary,0,0.039972111117094755,9.338715236233767,15.984125179372395
"correct bridges, seed100",ordinary,0,0.04322794219478965,9.301557388682081,15.984125179372395
"correct bridges, seed100",ordinary,0,0.0466264639981091,9.298277630776571,15.984125179372395
"correct bridges, seed100",ordinary,0,0.04988392489030957,9.297666835996948,15.984125179372395
"correct bridges, seed100",ordinary,0,0.0532192368991673,9.29759096540866,15.984125179372395
"correct bridges, seed100",ordinary,0,0.05649243900552392,9.29758729584445,15.984125179372395
"correct bridges, seed100",ordinary,0,0.05990091012790799,9.297587231732223,15.984125179372395
"correct bridges, seed100",ordinary,0,0.06314233224838972,9.297587231221296,15.984125179372395
"correct bridges, seed100",ordinary,0,0.06645086407661438,9.297587231216475,15.984125179372395
"correct bridges, seed100",ordinary,0,0.07014374621212482,9.29758723121634,15.984125179372395
"correct bridges, seed100",ordinary,0,0.07339568715542555,9.29758723121634,15.984125179372395
"correct bridges, seed100",ordinary,0,0.07706384919583797,9.297587231216294,15.984125179372395
"correct bridges, seed100",ordinary,0,0.08029392082244158,9.297587231216294,15.984125179372395
"correct bridges, seed100",ordinary,0,0.08347671292722225,9.297587231216294,15.984125179372395
"correct bridges, seed100",ordinary,0,0.08667465392500162,9.297587231216294,15.984125179372395
"correct bridges, seed100",ordinary,0,0.08987610600888729,9.297587231216294,15.984125179372395
"correct bridges, seed100",ordinary,0,0.0930667370557785,9.29758723121627,15.984125179372395
"correct bridges, seed100",ordinary,0,0.0963321989402175,9.29758723121627,15.984125179372395
"correct bridges, seed100",ordinary,0,0.09971534088253975,9.29758723121627,15.984125179372395
"correct bridges, seed100",ordinary,0,0.10297066206112504,9.29758723121627,15.984125179372395
"correct bridges, seed100",ordinary,0,0.10644894419237971,9.29758723121627,15.984125179372395
"correct bridges, seed100",ordinary,0,0.10968491621315479,9.29758723121627,15.984125179372395
"correct bridges, seed100",ordinary,0,0.11284760804846883,9.29758723121627,15.984125179372395
"correct bridges, seed100",ordinary,0,0.11601798888295889,9.29758723121627,15.984125179372395
"correct bridges, seed100",ordinary,0,0.1192731112241745,9.29758723121627,15.984125179372395
"correct bridges, seed100",ordinary,0,0.12265082215890288,9.29758723121627,15.984125179372395
"correct bridges, seed100",ordinary,0,0.12593785393983126,9.29758723121627,15.984125179372395
"correct bridges, seed100",ordinary,0,0.12916447594761848,9.29758723121627,15.984125179372395
"correct bridges, seed100",ordinary,0,0.13255789782851934,9.29758723121627,15.984125179372395
"correct bridges, seed100",ordinary,0,0.1357929091900587,9.29758723121627,15.984125179372395
"correct bridges, seed100",ordinary,0,0.1391501110047102,9.29758723121627,15.984125179372395
"correct bridges, seed100",ordinary,0,0.14240679191425443,9.297587231216259,15.984125179372395
"correct bridges, seed100",ordinary,0,0.14567128382623196,9.297587231216259,15.984125179372395
"correct bridges, seed100",ordinary,0,0.14903165586292744,9.297587231216255,15.984125179372395
"correct bridges, seed100",ordinary,0,0.15225925715640187,9.297587231216255,15.984125179372395
"correct bridges, seed100",ordinary,0,0.1554565690457821,9.297587231216255,15.984125179372395
"correct bridges, seed100",ordinary,0,0.15863641118630767,9.297587231216252,15.984125179372395
"correct bridges, seed100",ordinary,0,0.1618261719122529,9.297587231216252,15.984125179372395
"correct bridges, seed100",ordinary,0,0.16503247385844588,9.29758723121625,15.984125179372395
"correct bridges, seed100",ordinary,0,0.1682229759171605,9.29758723121625,15.984125179372395
"correct bridges, seed100",ordinary,0,0.1713833068497479,9.29758723121625,15.984125179372395
"correct bridges, seed100",ordinary,0,0.17463154904544353,9.29758723121625,15.984125179372395
"correct bridges, seed100",ordinary,0,0.17803379008546472,9.29758723121625,15.984125179372395
"correct bridges, seed100",ordinary,0,0.18121358193457127,9.29758723121625,15.984125179372395
"correct bridges, seed100",ordinary,0,0.1844582138583064,9.29758723121625,15.984125179372395
"correct bridges, seed100",ordinary,0,0.18770480481907725,9.29758723121625,15.984125179372395
"correct bridges, seed100",ordinary,0,0.19109613681212068,9.29758723121625,15.984125179372395
"correct bridges, seed100",ordinary,0,0.19434031890705228,9.29758723121625,15.984125179372395
"correct bridges, seed100",ordinary,0,0.19775853119790554,9.29758723121625,15.984125179372395
"correct bridges, seed100",ordinary,1,0.00350496219471097,269.06001584280216,15.984125179372395
"correct bridges, seed100",ordinary,1,0.007249053101986647,292.9094873333386,15.984125179372395
"correct bridges, seed100",ordinary,1,0.010594245046377182,258.0737976918157,15.984125179372395
"correct bridges, seed100",ordinary,1,0.0138181671500206,194.08626067946796,15.984125179372395
"correct bridges, seed100",ordinary,1,0.017040559090673923,123.03909525835422,15.984125179372395
"correct bridges, seed100",ordinary,1,0.020264429971575737,69.53261041080913,15.984125179372395
"correct bridges, seed100",ordinary,1,0.023488872218877077,32.16463730314719,15.984125179372395
"correct bridges, seed100",ordinary,1,0.026799703016877174,18.67451481785614,15.984125179372395
"correct bridges, seed100",ordinary,1,0.03008940489962697,13.96620876831602,15.984125179372395
"correct bridges, seed100",ordinary,1,0.03331423690542579,11.09602977682129,15.984125179372395
"correct bridges, seed100",ordinary,1,0.03653720812872052,9.691383656674528,15.984125179372395
"correct bridges, seed100",ordinary,1,0.039821640122681856,9.338715236233767,15.984125179372395
"correct bridges, seed100",ordinary,1,0.04303175210952759,9.301557388682081,15.984125179372395
"correct bridges, seed100",ordinary,1,0.04624852305278182,9.298277630776571,15.984125179372395
"correct bridges, seed100",ordinary,1,0.04946495499461889,9.297666835996948,15.984125179372395
"correct bridges, seed100",ordinary,1,0.052679665852338076,9.29759096540866,15.984125179372395
"correct bridges, seed100",ordinary,1,0.05592531803995371,9.29758729584445,15.984125179372395
"correct bridges, seed100",ordinary,1,0.05913492012768984,9.297587231732223,15.984125179372395
"correct bridges, seed100",ordinary,1,0.062363470904529095,9.297587231221296,15.984125179372395
"correct bridges, seed100",ordinary,1,0.06558942282572389,9.297587231216475,15.984125179372395
"correct bridges, seed100",ordinary,1,0.06884726509451866,9.29758723121634,15.984125179372395
"correct bridges, seed100",ordinary,1,0.07209319621324539,9.29758723121634,15.984125179372395
"correct bridges, seed100",ordinary,1,0.07530405791476369,9.297587231216294,15.984125179372395
"correct bridges, seed100",ordinary,1,0.0785130700096488,9.297587231216294,15.984125179372395
"correct bridges, seed100",ordinary,1,0.08171550091356039,9.297587231216294,15.984125179372395
"correct bridges, seed100",ordinary,1,0.08494850294664502,9.297587231216294,15.984125179372395
"correct bridges, seed100",ordinary,1,0.0881495550274849,9.297587231216294,15.984125179372395
"correct bridges, seed100",ordinary,1,0.09136221604421735,9.29758723121627,15.984125179372395
"correct bridges, seed100",ordinary,1,0.09458124823868275,9.29758723121627,15.984125179372395
"correct bridges, seed100",ordinary,1,0.09778258018195629,9.29758723121627,15.984125179372395
"correct bridges, seed100",ordinary,1,0.10097344079986215,9.29758723121627,15.984125179372395
"correct bridges, seed100",ordinary,1,0.10421187290921807,9.29758723121627,15.984125179372395
"correct bridges, seed100",ordinary,1,0.10753790382295847,9.29758723121627,15.984125179372395
"correct bridges, seed100",ordinary,1,0.11103957612067461,9.29758723121627,15.984125179372395
"correct bridges, seed100",ordinary,1,0.11425645789131522,9.29758723121627,15.984125179372395
"correct bridges, seed100",ordinary,1,0.11745662987232208,9.29758723121627,15.984125179372395
"correct bridges, seed100",ordinary,1,0.12064772099256516,9.29758723121627,15.984125179372395
"correct bridges, seed100",ordinary,1,0.12384800286963582,9.29758723121627,15.984125179372395
"correct bridges, seed100",ordinary,1,0.12712221406400204,9.29758723121627,15.984125179372395
"correct bridges, seed100",ordinary,1,0.13031128607690334,9.29758723121627,15.984125179372395
"correct bridges, seed100",ordinary,1,0.13350815791636705,9.29758723121627,15.984125179372395
"correct bridges, seed100",ordinary,1,0.1367322290316224,9.29758723121627,15.984125179372395
"correct bridges, seed100",ordinary,1,0.1399897108785808,9.297587231216259,15.984125179372395
"correct bridges, seed100",ordinary,1,0.14319664286449552,9.297587231216259,15.984125179372395
"correct bridges, seed100",ordinary,1,0.14641990419477224,9.297587231216255,15.984125179372395
"correct bridges, seed100",ordinary,1,0.1495999861508608,9.297587231216255,15.984125179372395
"correct bridges, seed100",ordinary,1,0.15279858699068427,9.297587231216255,15.984125179372395
"correct bridges, seed100",ordinary,1,0.15597911924123764,9.297587231216252,15.984125179372395
"correct bridges, seed100",ordinary,1,0.15918128099292517,9.297587231216252,15.984125179372395
"correct bridges, seed100",ordinary,1,0.1623738119378686,9.29758723121625,15.984125179372395
"correct bridges, seed100",ordinary,1,0.16557551408186555,9.29758723121625,15.984125179372395
"correct bridges, seed100",ordinary,1,0.16876443615183234,9.29758723121625,15.984125179372395
"correct bridges, seed100",ordinary,1,0.17196180718019605,9.29758723121625,15.984125179372395
"correct bridges, seed100",ordinary,1,0.17517867917194963,9.29758723121625,15.984125179372395
"correct bridges, seed100",ordinary,1,0.1783684198744595,9.29758723121625,15.984125179372395
"correct bridges, seed100",ordinary,1,0.18156130192801356,9.29758723121625,15.984125179372395
"correct bridges, seed100",ordinary,1,0.18474085396155715,9.29758723121625,15.984125179372395
"correct bridges, seed100",ordinary,1,0.18791839480400085,9.29758723121625,15.984125179372395
"correct bridges, seed100",ordinary,1,0.1910876571200788,9.29758723121625,15.984125179372395
"correct bridges, seed100",ordinary,1,0.19428580813109875,9.29758723121625,15.984125179372395
"correct bridges, seed100",ordinary,2,0.0035196421667933464,269.06001584280216,15.984125179372395
"correct bridges, seed100",ordinary,2,0.007268033921718597,292.9094873333386,15.984125179372395
"correct bridges, seed100",ordinary,2,0.010600706096738577,258.0737976918157,15.984125179372395
"correct bridges, seed100",ordinary,2,0.014384077861905098,194.08626067946796,15.984125179372395
"correct bridges, seed100",ordinary,2,0.0176786701194942,123.03909525835422,15.984125179372395
"correct bridges, seed100",ordinary,2,0.02127224113792181,69.53261041080913,15.984125179372395
"correct bridges, seed100",ordinary,2,0.0245618331246078,32.16463730314719,15.984125179372395
"correct bridges, seed100",ordinary,2,0.028219914995133877,18.67451481785614,15.984125179372395
"correct bridges, seed100",ordinary,2,0.03151281690225005,13.96620876831602,15.984125179372395
"correct bridges, seed100",ordinary,2,0.0351260881870985,11.09602977682129,15.984125179372395
"correct bridges, seed100",ordinary,2,0.03842232981696725,9.691383656674528,15.984125179372395
"correct bridges, seed100",ordinary,2,0.041625890880823135,9.338715236233767,15.984125179372395
"correct bridges, seed100",ordinary,2,0.04484293283894658,9.301557388682081,15.984125179372395
"correct bridges, seed100",ordinary,2,0.048095365054905415,9.298277630776571,15.984125179372395
"correct bridges, seed100",ordinary,2,0.05130336619913578,9.297666835996948,15.984125179372395
"correct bridges, seed100",ordinary,2,0.054525438230484724,9.29759096540866,15.984125179372395
"correct bridges, seed100",ordinary,2,0.05772791989147663,9.29758729584445,15.984125179372395
"correct bridges, seed100",ordinary,2,0.06094913091510534,9.297587231732223,15.984125179372395
"correct bridges, seed100",ordinary,2,0.0641775131225586,9.297587231221296,15.984125179372395
"correct bridges, seed100",ordinary,2,0.06738813500851393,9.297587231216475,15.984125179372395
"correct bridges, seed100",ordinary,2,0.07057819608598948,9.29758723121634,15.984125179372395
"correct bridges, seed100",ordinary,2,0.07378962822258472,9.29758723121634,15.984125179372395
"correct bridges, seed100",ordinary,2,0.07725880015641451,9.297587231216294,15.984125179372395
"correct bridges, seed100",ordinary,2,0.08046842087060213,9.297587231216294,15.984125179372395
"correct bridges, seed100",ordinary,2,0.0836648428812623,9.297587231216294,15.984125179372395
"correct bridges, seed100",ordinary,2,0.08686715411022305,9.297587231216294,15.984125179372395
"correct bridges, seed100",ordinary,2,0.09004595596343279,9.297587231216294,15.984125179372395
"correct bridges, seed100",ordinary,2,0.0932567878626287,9.29758723121627,15.984125179372395
"correct bridges, seed100",ordinary,2,0.09657473908737302,9.29758723121627,15.984125179372395
"correct bridges, seed100",ordinary,2,0.10003937082365155,9.29758723121627,15.984125179372395
"correct bridges, seed100",ordinary,2,0.10322717297822237,9.29758723121627,15.984125179372395
"correct bridges, seed100",ordinary,2,0.10641094390302896,9.29758723121627,15.984125179372395
"correct bridges, seed100",ordinary,2,0.10964266583323479,9.29758723121627,15.984125179372395
"correct bridges, seed100",ordinary,2,0.11281918780878186,9.29758723121627,15.984125179372395
"correct bridges, seed100",ordinary,2,0.11599185923114419,9.29758723121627,15.984125179372395
"correct bridges, seed100",ordinary,2,0.11921160109341145,9.29758723121627,15.984125179372395
"correct bridges, seed100",ordinary,2,0.12241327203810215,9.29758723121627,15.984125179372395
"correct bridges, seed100",ordinary,2,0.12562858406454325,9.29758723121627,15.984125179372395
"correct bridges, seed100",ordinary,2,0.12887727608904243,9.29758723121627,15.984125179372395
"correct bridges, seed100",ordinary,2,0.13236737810075283,9.29758723121627,15.984125179372395
"correct bridges, seed100",ordinary,2,0.13555107917636633,9.29758723121627,15.984125179372395
"correct bridges, seed100",ordinary,2,0.13881678087636828,9.29758723121627,15.984125179372395
"correct bridges, seed100",ordinary,2,0.14210534282028675,9.297587231216259,15.984125179372395
"correct bridges, seed100",ordinary,2,0.14571596402674913,9.297587231216259,15.984125179372395
"correct bridges, seed100",ordinary,2,0.14901282591745257,9.297587231216255,15.984125179372395
"correct bridges, seed100",ordinary,2,0.15257177781313658,9.297587231216255,15.984125179372395
"correct bridges, seed100",ordinary,2,0.15584379993379116,9.297587231216255,15.984125179372395
"correct bridges, seed100",ordinary,2,0.15912292106077075,9.297587231216252,15.984125179372395
"correct bridges, seed100",ordinary,2,0.1623845831491053,9.297587231216252,15.984125179372395
"correct bridges, seed100",ordinary,2,0.165939514990896,9.29758723121625,15.984125179372395
"correct bridges, seed100",ordinary,2,0.1691490658558905,9.29758723121625,15.984125179372395
"correct bridges, seed100",ordinary,2,0.17239504819735885,9.29758723121625,15.984125179372395
"correct bridges, seed100",ordinary,2,0.17571672005578876,9.29758723121625,15.984125179372395
"correct bridges, seed100",ordinary,2,0.1788984010927379,9.29758723121625,15.984125179372395
"correct bridges, seed100",ordinary,2,0.18211809312924743,9.29758723121625,15.984125179372395
"correct bridges, seed100",ordinary,2,0.1852779551409185,9.29758723121625,15.984125179372395
"correct bridges, seed100",ordinary,2,0.18845858611166477,9.29758723121625,15.984125179372395
"correct bridges, seed100",ordinary,2,0.19163329806178808,9.29758723121625,15.984125179372395
"correct bridges, seed100",ordinary,2,0.19484848901629448,9.29758723121625,15.984125179372395
"correct bridges, seed100",ordinary,2,0.19804448122158647,9.29758723121625,15.984125179372395
"correct bridges, seed100",residual,0,0.0035279318690299988,269.06001584280216,15.984125179372395
"correct bridges, seed100",residual,0,0.007234584074467421,292.9094873333386,15.984125179372395
"correct bridges, seed100",residual,0,0.010594334919005632,258.0737976918157,15.984125179372395
"correct bridges, seed100",residual,0,0.013870187103748322,194.08626067946796,15.984125179372395
"correct bridges, seed100",residual,0,0.01757831871509552,123.03909525835422,15.984125179372395
"correct bridges, seed100",residual,0,0.02088624006137252,69.53261041080913,15.984125179372395
"correct bridges, seed100",residual,0,0.024313081987202168,32.16463730314719,15.984125179372395
"correct bridges, seed100",residual,0,0.027670694049447775,18.67451481785614,15.984125179372395
"correct bridges, seed100",residual,0,0.031237965915352106,13.96620876831602,15.984125179372395
"correct bridges, seed100",residual,0,0.034481736831367016,11.09602977682129,15.984125179372395
"correct bridges, seed100",residual,0,0.03771754866465926,9.691383656674528,15.984125179372395
"correct bridges, seed100",residual,0,0.04096008092164993,9.338715236233767,15.984125179372395
"correct bridges, seed100",residual,0,0.04440968297421932,9.301557388682081,15.984125179372395
"correct bridges, seed100",residual,0,0.04765455378219485,9.298277630776571,15.984125179372395
"correct bridges, seed100",residual,0,0.05089908605441451,9.297666835996948,15.984125179372395
"correct bridges, seed100",residual,0,0.05422296794131398,9.29759096540866,15.984125179372395
"correct bridges, seed100",residual,0,0.05749822873622179,9.29758729584445,15.984125179372395
"correct bridges, seed100",residual,0,0.060705010779201984,9.297587231732223,15.984125179372395
"correct bridges, seed100",residual,0,0.06396870175376534,9.297587231221296,15.984125179372395
"correct bridges, seed100",residual,0,0.06734290393069386,9.297587231216475,15.984125179372395
"correct bridges, seed100",residual,0,0.07055636588484049,9.29758723121634,15.984125179372395
"correct bridges, seed100",residual,0,0.07375238696113229,9.29758723121634,15.984125179372395
"correct bridges, seed100",residual,0,0.0769677790813148,9.297587231216294,15.984125179372395
"correct bridges, seed100",residual,0,0.08017014106735587,9.297587231216294,15.984125179372395
"correct bridges, seed100",residual,0,0.0833866517059505,9.297587231216294,15.984125179372395
"correct bridges, seed100",residual,0,0.08665446378290653,9.297587231216294,15.984125179372395
"correct bridges, seed100",residual,0,0.08986850595101714,9.297587231216294,15.984125179372395
"correct bridges, seed100",residual,0,0.0930799269117415,9.29758723121627,15.984125179372395
"correct bridges, seed100",residual,0,0.09641350898891687,9.29758723121627,15.984125179372395
"correct bridges, seed100",residual,0,0.09988364111632109,9.29758723121627,15.984125179372395
"correct bridges, seed100",residual,0,0.103115641977638,9.29758723121627,15.984125179372395
"correct bridges, seed100",residual,0,0.10644007381051779,9.29758723121627,15.984125179372395
"correct bridges, seed100",residual,0,0.10969112580642104,9.29758723121627,15.984125179372395
"correct bridges, seed100",residual,0,0.1130328169092536,9.29758723121627,15.984125179372395
"correct bridges, seed100",residual,0,0.11632168898358941,9.29758723121627,15.984125179372395
"correct bridges, seed100",residual,0,0.11966034071519971,9.29758723121627,15.984125179372395
"correct bridges, seed100",residual,0,0.12301889201626182,9.29758723121627,15.984125179372395
"correct bridges, seed100",residual,0,0.12627343367785215,9.29758723121627,15.984125179372395
"correct bridges, seed100",residual,0,0.12963660573586822,9.29758723121627,15.984125179372395
"correct bridges, seed100",residual,0,0.13288272684440017,9.29758723121627,15.984125179372395
"correct bridges, seed100",residual,0,0.13626780873164535,9.29758723121627,15.984125179372395
"correct bridges, seed100",residual,0,0.13952795090153813,9.29758723121627,15.984125179372395
"correct bridges, seed100",residual,0,0.14280039304867387,9.297587231216259,15.984125179372395
"correct bridges, seed100",residual,0,0.1461965637281537,9.297587231216259,15.984125179372395
"correct bridges, seed100",residual,0,0.1494021057151258,9.297587231216255,15.984125179372395
"correct bridges, seed100",residual,0,0.1525884671136737,9.297587231216255,15.984125179372395
"correct bridges, seed100",residual,0,0.15582383889704943,9.297587231216255,15.984125179372395
"correct bridges, seed100",residual,0,0.15925822081044316,9.297587231216252,15.984125179372395
"correct bridges, seed100",residual,0,0.16250097192823887,9.297587231216252,15.984125179372395
"correct bridges, seed100",residual,0,0.16573828412219882,9.29758723121625,15.984125179372395
"correct bridges, seed100",residual,0,0.16892039589583874,9.29758723121625,15.984125179372395
"correct bridges, seed100",residual,0,0.17212972790002823,9.29758723121625,15.984125179372395
"correct bridges, seed100",residual,0,0.1753144389949739,9.29758723121625,15.984125179372395
"correct bridges, seed100",residual,0,0.1786039606668055,9.29758723121625,15.984125179372395
"correct bridges, seed100",residual,0,0.18193332199007273,9.29758723121625,15.984125179372395
"correct bridges, seed100",residual,0,0.185164253693074,9.29758723121625,15.984125179372395
"correct bridges, seed100",residual,0,0.18847921583801508,9.29758723121625,15.984125179372395
"correct bridges, seed100",residual,0,0.19167202711105347,9.29758723121625,15.984125179372395
"correct bridges, seed100",residual,0,0.1949537587352097,9.29758723121625,15.984125179372395
"correct bridges, seed100",residual,0,0.19816778087988496,9.29758723121625,15.984125179372395
"correct bridges, seed100",residual,1,0.0035590818151831627,269.06001584280216,15.984125179372395
"correct bridges, seed100",residual,1,0.007323593832552433,292.9094873333386,15.984125179372395
"correct bridges, seed100",residual,1,0.010643424931913614,258.0737976918157,15.984125179372395
"correct bridges, seed100",residual,1,0.014481416903436184,194.08626067946796,15.984125179372395
"correct bridges, seed100",residual,1,0.01803776901215315,123.03909525835422,15.984125179372395
"correct bridges, seed100",residual,1,0.021641001105308533,69.53261041080913,15.984125179372395
"correct bridges, seed100",residual,1,0.024988642893731594,32.16463730314719,15.984125179372395
"correct bridges, seed100",residual,1,0.028755053877830505,18.67451481785614,15.984125179372395
"correct bridges, seed100",residual,1,0.03231995599344373,13.96620876831602,15.984125179372395
"correct bridges, seed100",residual,1,0.03606414794921875,11.09602977682129,15.984125179372395
"correct bridges, seed100",residual,1,0.03932787990197539,9.691383656674528,15.984125179372395
"correct bridges, seed100",residual,1,0.042555191088467836,9.338715236233767,15.984125179372395
"correct bridges, seed100",residual,1,0.045967433135956526,9.301557388682081,15.984125179372395
"correct bridges, seed100",residual,1,0.049173724837601185,9.298277630776571,15.984125179372395
"correct bridges, seed100",residual,1,0.05236809607595205,9.297666835996948,15.984125179372395
"correct bridges, seed100",residual,1,0.05558982817456126,9.29759096540866,15.984125179372395
"correct bridges, seed100",residual,1,0.05877520004287362,9.29758729584445,15.984125179372395
"correct bridges, seed100",residual,1,0.061968070920556784,9.297587231732223,15.984125179372395
"correct bridges, seed100",residual,1,0.0651779230684042,9.297587231221296,15.984125179372395
"correct bridges, seed100",residual,1,0.0683747548609972,9.297587231216475,15.984125179372395
"correct bridges, seed100",residual,1,0.07161046611145139,9.29758723121634,15.984125179372395
"correct bridges, seed100",residual,1,0.074814448133111,9.29758723121634,15.984125179372395
"correct bridges, seed100",residual,1,0.07801789976656437,9.297587231216294,15.984125179372395
"correct bridges, seed100",residual,1,0.08121863100677729,9.297587231216294,15.984125179372395
"correct bridges, seed100",residual,1,0.08442219300195575,9.297587231216294,15.984125179372395
"correct bridges, seed100",residual,1,0.08759761415421963,9.297587231216294,15.984125179372395
"correct bridges, seed100",residual,1,0.09080051584169269,9.297587231216294,15.984125179372395
"correct bridges, seed100",residual,1,0.09402046771720052,9.29758723121627,15.984125179372395
"correct bridges, seed100",residual,1,0.09719999879598618,9.29758723121627,15.984125179372395
"correct bridges, seed100",residual,1,0.10038118110969663,9.29758723121627,15.984125179372395
"correct bridges, seed100",residual,1,0.10355542181059718,9.29758723121627,15.984125179372395
"correct bridges, seed100",residual,1,0.10671882377937436,9.29758723121627,15.984125179372395
"correct bridges, seed100",residual,1,0.10988056613132358,9.29758723121627,15.984125179372395
"correct bridges, seed100",residual,1,0.11307132709771395,9.29758723121627,15.984125179372395
"correct bridges, seed100",residual,1,0.11638050898909569,9.29758723121627,15.984125179372395
"correct bridges, seed100",residual,1,0.11989369103685021,9.29758723121627,15.984125179372395
"correct bridges, seed100",residual,1,0.12314116302877665,9.29758723121627,15.984125179372395
"correct bridges, seed100",residual,1,0.12640457414090633,9.29758723121627,15.984125179372395
"correct bridges, seed100",residual,1,0.1295855357311666,9.29758723121627,15.984125179372395
"correct bridges, seed100",residual,1,0.1327750370837748,9.29758723121627,15.984125179372395
"correct bridges, seed100",residual,1,0.13595711905509233,9.29758723121627,15.984125179372395
"correct bridges, seed100",residual,1,0.13913809088990092,9.29758723121627,15.984125179372395
"correct bridges, seed100",residual,1,0.14232959179207683,9.297587231216259,15.984125179372395
"correct bridges, seed100",residual,1,0.14552664384245872,9.297587231216259,15.984125179372395
"correct bridges, seed100",residual,1,0.14870252506807446,9.297587231216255,15.984125179372395
"correct bridges, seed100",residual,1,0.15192560711875558,9.297587231216255,15.984125179372395
"correct bridges, seed100",residual,1,0.1551016690209508,9.297587231216255,15.984125179372395
"correct bridges, seed100",residual,1,0.158275640103966,9.297587231216252,15.984125179372395
"correct bridges, seed100",residual,1,0.16146990191191435,9.297587231216252,15.984125179372395
"correct bridges, seed100",residual,1,0.16466426383703947,9.29758723121625,15.984125179372395
"correct bridges, seed100",residual,1,0.16785226482897997,9.29758723121625,15.984125179372395
"correct bridges, seed100",residual,1,0.1710622669197619,9.29758723121625,15.984125179372395
"correct bridges, seed100",residual,1,0.17424744786694646,9.29758723121625,15.984125179372395
"correct bridges, seed100",residual,1,0.177436709869653,9.29758723121625,15.984125179372395
"correct bridges, seed100",residual,1,0.1806138320825994,9.29758723121625,15.984125179372395
"correct bridges, seed100",residual,1,0.18381323292851448,9.29758723121625,15.984125179372395
"correct bridges, seed100",residual,1,0.18698686501011252,9.29758723121625,15.984125179372395
"correct bridges, seed100",residual,1,0.19018362602218986,9.29758723121625,15.984125179372395
"correct bridges, seed100",residual,1,0.19345619808882475,9.29758723121625,15.984125179372395
"correct bridges, seed100",residual,1,0.19664040999487042,9.29758723121625,15.984125179372395
"correct bridges, seed100",residual,2,0.0032784920185804367,269.06001584280216,15.984125179372395
"correct bridges, seed100",residual,2,0.006991674192249775,292.9094873333386,15.984125179372395
"correct bridges, seed100",residual,2,0.010361905209720135,258.0737976918157,15.984125179372395
"correct bridges, seed100",residual,2,0.014176187105476856,194.08626067946796,15.984125179372395
"correct bridges, seed100",residual,2,0.0177126987837255,123.03909525835422,15.984125179372395
"correct bridges, seed100",residual,2,0.02154393121600151,69.53261041080913,15.984125179372395
"correct bridges, seed100",residual,2,0.024849792942404747,32.16463730314719,15.984125179372395
"correct bridges, seed100",residual,2,0.028594934847205877,18.67451481785614,15.984125179372395
"correct bridges, seed100",residual,2,0.03206671681255102,13.96620876831602,15.984125179372395
"correct bridges, seed100",residual,2,0.03536054817959666,11.09602977682129,15.984125179372395
"correct bridges, seed100",residual,2,0.038567319978028536,9.691383656674528,15.984125179372395
"correct bridges, seed100",residual,2,0.041788700968027115,9.338715236233767,15.984125179372395
"correct bridges, seed100",residual,2,0.04521041316911578,9.301557388682081,15.984125179372395
"correct bridges, seed100",residual,2,0.04841612512245774,9.298277630776571,15.984125179372395
"correct bridges, seed100",residual,2,0.05169054679572582,9.297666835996948,15.984125179372395
"correct bridges, seed100",residual,2,0.05539164785295725,9.29759096540866,15.984125179372395
"correct bridges, seed100",residual,2,0.05864656995981932,9.29758729584445,15.984125179372395
"correct bridges, seed100",residual,2,0.06185118202120066,9.297587231732223,15.984125179372395
"correct bridges, seed100",residual,2,0.06509214313700795,9.297587231221296,15.984125179372395
"correct bridges, seed100",residual,2,0.06834955513477325,9.297587231216475,15.984125179372395
"correct bridges, seed100",residual,2,0.07157512614503503,9.29758723121634,15.984125179372395
"correct bridges, seed100",residual,2,0.07492298819124699,9.29758723121634,15.984125179372395
"correct bridges, seed100",residual,2,0.07834031991660595,9.297587231216294,15.984125179372395
"correct bridges, seed100",residual,2,0.08157151099294424,9.297587231216294,15.984125179372395
"correct bridges, seed100",residual,2,0.0848165531642735,9.297587231216294,15.984125179372395
"correct bridges, seed100",residual,2,0.08801278518512845,9.297587231216294,15.984125179372395
"correct bridges, seed100",residual,2,0.09119868697598577,9.297587231216294,15.984125179372395
"correct bridges, seed100",residual,2,0.09440467786043882,9.29758723121627,15.984125179372395
"correct bridges, seed100",residual,2,0.0976006300188601,9.29758723121627,15.984125179372395
"correct bridges, seed100",residual,2,0.10079011088237166,9.29758723121627,15.984125179372395
"correct bridges, seed100",residual,2,0.1039589331485331,9.29758723121627,15.984125179372395
"correct bridges, seed100",residual,2,0.10713512497022748,9.29758723121627,15.984125179372395
"correct bridges, seed100",residual,2,0.11032778583467007,9.29758723121627,15.984125179372395
"correct bridges, seed100",residual,2,0.11350535787642002,9.29758723121627,15.984125179372395
"correct bridges, seed100",residual,2,0.1166759398765862,9.29758723121627,15.984125179372395
"correct bridges, seed100",residual,2,0.11987793119624257,9.29758723121627,15.984125179372395
"correct bridges, seed100",residual,2,0.12307075317949057,9.29758723121627,15.984125179372395
"correct bridges, seed100",residual,2,0.1262829340994358,9.29758723121627,15.984125179372395
"correct bridges, seed100",residual,2,0.12947278609499335,9.29758723121627,15.984125179372395
"correct bridges, seed100",residual,2,0.13268259819597006,9.29758723121627,15.984125179372395
"correct bridges, seed100",residual,2,0.1358843189664185,9.29758723121627,15.984125179372395
"correct bridges, seed100",residual,2,0.1390994810499251,9.29758723121627,15.984125179372395
"correct bridges, seed100",residual,2,0.1422826419584453,9.297587231216259,15.984125179372395
"correct bridges, seed100",residual,2,0.14546655397862196,9.297587231216259,15.984125179372395
"correct bridges, seed100",residual,2,0.14868189580738544,9.297587231216255,15.984125179372395
"correct bridges, seed100",residual,2,0.15188853722065687,9.297587231216255,15.984125179372395
"correct bridges, seed100",residual,2,0.1550827189348638,9.297587231216255,15.984125179372395
"correct bridges, seed100",residual,2,0.15827734116464853,9.297587231216252,15.984125179372395
"correct bridges, seed100",residual,2,0.16146831214427948,9.297587231216252,15.984125179372395
"correct bridges, seed100",residual,2,0.1646903338842094,9.29758723121625,15.984125179372395
"correct bridges, seed100",residual,2,0.1679828348569572,9.29758723121625,15.984125179372395
"correct bridges, seed100",residual,2,0.17117534717544913,9.29758723121625,15.984125179372395
"correct bridges, seed100",residual,2,0.1743484688922763,9.29758723121625,15.984125179372395
"correct bridges, seed100",residual,2,0.17756695998832583,9.29758723121625,15.984125179372395
"correct bridges, seed100",residual,2,0.1807801821269095,9.29758723121625,15.984125179372395
"correct bridges, seed100",residual,2,0.18400277383625507,9.29758723121625,15.984125179372395
"correct bridges, seed100",residual,2,0.18720090482383966,9.29758723121625,15.984125179372395
"correct bridges, seed100",residual,2,0.19040943682193756,9.29758723121625,15.984125179372395
"correct bridges, seed100",residual,2,0.1936188992112875,9.29758723121625,15.984125179372395
"correct bridges, seed100",residual,2,0.1968374801799655,9.29758723121625,15.984125179372395
"correct bridges, seed100",information,0,0.003773381933569908,269.06001584280216,15.984125179372395
"correct bridges, seed100",information,0,0.007454443722963333,292.9094873333386,15.984125179372395
"correct bridges, seed100",information,0,0.010794056113809347,258.0737976918157,15.984125179372395
"correct bridges, seed100",information,0,0.014101206790655851,194.08626067946796,15.984125179372395
"correct bridges, seed100",information,0,0.018760620150715113,123.03909525835422,15.984125179372395
"correct bridges, seed100",information,0,0.021981870755553246,69.53261041080913,15.984125179372395
"correct bridges, seed100",information,0,0.025262773036956787,32.16463730314719,15.984125179372395
"correct bridges, seed100",information,0,0.028507604729384184,18.67451481785614,15.984125179372395
"correct bridges, seed100",information,0,0.032568376045674086,13.96620876831602,15.984125179372395
"correct bridges, seed100",information,0,0.03575569810345769,11.09602977682129,15.984125179372395
"correct bridges, seed100",information,0,0.038971830159425735,9.691383656674528,15.984125179372395
"correct bridges, seed100",information,0,0.042180480901151896,9.338715236233767,15.984125179372395
"correct bridges, seed100",information,0,0.04618299379944801,9.301557388682081,15.984125179372395
"correct bridges, seed100",information,0,0.04939558496698737,9.298277630776571,15.984125179372395
"correct bridges, seed100",information,0,0.052632156759500504,9.297666835996948,15.984125179372395
"correct bridges, seed100",information,0,0.0558226378634572,9.29759096540866,15.984125179372395
"correct bridges, seed100",information,0,0.059054050128906965,9.29758729584445,15.984125179372395
"correct bridges, seed100",information,0,0.06226984178647399,9.297587231732223,15.984125179372395
"correct bridges, seed100",information,0,0.06548084272071719,9.297587231221296,15.984125179372395
"correct bridges, seed100",information,0,0.06869438476860523,9.297587231216475,15.984125179372395
"correct bridges, seed100",information,0,0.07192869577556849,9.29758723121634,15.984125179372395
"correct bridges, seed100",information,0,0.0751534178853035,9.29758723121634,15.984125179372395
"correct bridges, seed100",information,0,0.07838067971169949,9.297587231216294,15.984125179372395
"correct bridges, seed100",information,0,0.08161583077162504,9.297587231216294,15.984125179372395
"correct bridges, seed100",information,0,0.08479711273685098,9.297587231216294,15.984125179372395
"correct bridges, seed100",information,0,0.0879663648083806,9.297587231216294,15.984125179372395
"correct bridges, seed100",information,0,0.09114405605942011,9.297587231216294,15.984125179372395
"correct bridges, seed100",information,0,0.09443239774554968,9.29758723121627,15.984125179372395
"correct bridges, seed100",information,0,0.0976181491278112,9.29758723121627,15.984125179372395
"correct bridges, seed100",information,0,0.10083060106262565,9.29758723121627,15.984125179372395
"correct bridges, seed100",information,0,0.10402433294802904,9.29758723121627,15.984125179372395
"correct bridges, seed100",information,0,0.10723770409822464,9.29758723121627,15.984125179372395
"correct bridges, seed100",information,0,0.11076824599877,9.29758723121627,15.984125179372395
"correct bridges, seed100",information,0,0.11542942887172103,9.29758723121627,15.984125179372395
"correct bridges, seed100",information,0,0.11931297974660993,9.29758723121627,15.984125179372395
"correct bridges, seed100",information,0,0.12255697185173631,9.29758723121627,15.984125179372395
"correct bridges, seed100",information,0,0.12576210405677557,9.29758723121627,15.984125179372395
"correct bridges, seed100",information,0,0.1289660451002419,9.29758723121627,15.984125179372395
"correct bridges, seed100",information,0,0.13218387681990862,9.29758723121627,15.984125179372395
"correct bridges, seed100",information,0,0.13539671897888184,9.29758723121627,15.984125179372395
"correct bridges, seed100",information,0,0.13863551011309028,9.29758723121627,15.984125179372395
"correct bridges, seed100",information,0,0.14185824198648334,9.29758723121627,15.984125179372395
"correct bridges, seed100",information,0,0.14507837407290936,9.297587231216259,15.984125179372395
"correct bridges, seed100",information,0,0.14830769505351782,9.297587231216259,15.984125179372395
"correct bridges, seed100",information,0,0.15154929691925645,9.297587231216255,15.984125179372395
"correct bridges, seed100",information,0,0.1547466777265072,9.297587231216255,15.984125179372395
"correct bridges, seed100",information,0,0.15793420979753137,9.297587231216255,15.984125179372395
"correct bridges, seed100",information,0,0.16114216204732656,9.297587231216252,15.984125179372395
"correct bridges, seed100",information,0,0.16436916310340166,9.297587231216252,15.984125179372395
"correct bridges, seed100",information,0,0.16758483508601785,9.29758723121625,15.984125179372395
"correct bridges, seed100",information,0,0.17078521708026528,9.29758723121625,15.984125179372395
"correct bridges, seed100",information,0,0.17396386805921793,9.29758723121625,15.984125179372395
"correct bridges, seed100",information,0,0.1772100101225078,9.29758723121625,15.984125179372395
"correct bridges, seed100",information,0,0.1804451420903206,9.29758723121625,15.984125179372395
"correct bridges, seed100",information,0,0.18369251303374767,9.29758723121625,15.984125179372395
"correct bridges, seed100",information,0,0.1868842849507928,9.29758723121625,15.984125179372395
"correct bridges, seed100",information,0,0.1900810869410634,9.29758723121625,15.984125179372395
"correct bridges, seed100",information,0,0.19327373802661896,9.29758723121625,15.984125179372395
"correct bridges, seed100",information,0,0.1964822099544108,9.29758723121625,15.984125179372395
"correct bridges, seed100",information,0,0.19968174071982503,9.29758723121625,15.984125179372395
"correct bridges, seed100",information,1,0.00367188174277544,269.06001584280216,15.984125179372395
"correct bridges, seed100",information,1,0.007342793978750706,292.9094873333386,15.984125179372395
"correct bridges, seed100",information,1,0.010647364892065525,258.0737976918157,15.984125179372395
"correct bridges, seed100",information,1,0.013875636737793684,194.08626067946796,15.984125179372395
"correct bridges, seed100",information,1,0.01797696901485324,123.03909525835422,15.984125179372395
"correct bridges, seed100",information,1,0.02118473080918193,69.53261041080913,15.984125179372395
"correct bridges, seed100",information,1,0.024384022690355778,32.16463730314719,15.984125179372395
"correct bridges, seed100",information,1,0.027675143908709288,18.67451481785614,15.984125179372395
"correct bridges, seed100",information,1,0.031696445774286985,13.96620876831602,15.984125179372395
"correct bridges, seed100",information,1,0.03490904765203595,11.09602977682129,15.984125179372395
"correct bridges, seed100",information,1,0.03810798982158303,9.691383656674528,15.984125179372395
"correct bridges, seed100",information,1,0.044082893058657646,9.338715236233767,15.984125179372395
"correct bridges, seed100",information,1,0.048713044729083776,9.301557388682081,15.984125179372395
"correct bridges, seed100",information,1,0.05195971671491861,9.298277630776571,15.984125179372395
"correct bridges, seed100",information,1,0.0551883177831769,9.297666835996948,15.984125179372395
"correct bridges, seed100",information,1,0.05840112967416644,9.29759096540866,15.984125179372395
"correct bridges, seed100",information,1,0.06160163087770343,9.29758729584445,15.984125179372395
"correct bridges, seed100",information,1,0.0648117228411138,9.297587231732223,15.984125179372395
"correct bridges, seed100",information,1,0.06802183482795954,9.297587231221296,15.984125179372395
"correct bridges, seed100",information,1,0.0712005659006536,9.297587231216475,15.984125179372395
"correct bridges, seed100",information,1,0.07440131762996316,9.29758723121634,15.984125179372395
"correct bridges, seed100",information,1,0.07761661894619465,9.29758723121634,15.984125179372395
"correct bridges, seed100",information,1,0.08080497104674578,9.297587231216294,15.984125179372395
"correct bridges, seed100",information,1,0.08402876276522875,9.297587231216294,15.984125179372395
"correct bridges, seed100",information,1,0.08721098396927118,9.297587231216294,15.984125179372395
"correct bridges, seed100",information,1,0.09043269604444504,9.297587231216294,15.984125179372395
"correct bridges, seed100",information,1,0.09365863772109151,9.297587231216294,15.984125179372395
"correct bridges, seed100",information,1,0.09686742862686515,9.29758723121627,15.984125179372395
"correct bridges, seed100",information,1,0.10006761085242033,9.29758723121627,15.984125179372395
"correct bridges, seed100",information,1,0.10327939176931977,9.29758723121627,15.984125179372395
"correct bridges, seed100",information,1,0.10647801402956247,9.29758723121627,15.984125179372395
"correct bridges, seed100",information,1,0.10969682596623898,9.29758723121627,15.984125179372395
"correct bridges, seed100",information,1,0.11287210788577795,9.29758723121627,15.984125179372395
"correct bridges, seed100",information,1,0.11625522887334228,9.29758723121627,15.984125179372395
"correct bridges, seed100",information,1,0.11977189080789685,9.29758723121627,15.984125179372395
"correct bridges, seed100",information,1,0.12295685289427638,9.29758723121627,15.984125179372395
"correct bridges, seed100",information,1,0.126195783726871,9.29758723121627,15.984125179372395
"correct bridges, seed100",information,1,0.1294114259071648,9.29758723121627,15.984125179372395
"correct bridges, seed100",information,1,0.1326057966798544,9.29758723121627,15.984125179372395
"correct bridges, seed100",information,1,0.13588536903262138,9.29758723121627,15.984125179372395
"correct bridges, seed100",information,1,0.13910550065338612,9.29758723121627,15.984125179372395
"correct bridges, seed100",information,1,0.14233204303309321,9.29758723121627,15.984125179372395
"correct bridges, seed100",information,1,0.1455708839930594,9.297587231216259,15.984125179372395
"correct bridges, seed100",information,1,0.1487656058743596,9.297587231216259,15.984125179372395
"correct bridges, seed100",information,1,0.1520351069048047,9.297587231216255,15.984125179372395
"correct bridges, seed100",information,1,0.15522243874147534,9.297587231216255,15.984125179372395
"correct bridges, seed100",information,1,0.15853813104331493,9.297587231216255,15.984125179372395
"correct bridges, seed100",information,1,0.16213105199858546,9.297587231216252,15.984125179372395
"correct bridges, seed100",information,1,0.16537147387862206,9.297587231216252,15.984125179372395
"correct bridges, seed100",information,1,0.16860158601775765,9.29758723121625,15.984125179372395
"correct bridges, seed100",information,1,0.17180762672796845,9.29758723121625,15.984125179372395
"correct bridges, seed100",information,1,0.1749923788011074,9.29758723121625,15.984125179372395
"correct bridges, seed100",information,1,0.17821226082742214,9.29758723121625,15.984125179372395
"correct bridges, seed100",information,1,0.18138747196644545,9.29758723121625,15.984125179372395
"correct bridges, seed100",information,1,0.1846231739036739,9.29758723121625,15.984125179372395
"correct bridges, seed100",information,1,0.1878102757036686,9.29758723121625,15.984125179372395
"correct bridges, seed100",information,1,0.1910213869996369,9.29758723121625,15.984125179372395
"correct bridges, seed100",information,1,0.19424678897485137,9.29758723121625,15.984125179372395
"correct bridges, seed100",information,1,0.19746009074151516,9.29758723121625,15.984125179372395
"correct bridges, seed100",information,1,0.20065927179530263,9.29758723121625,15.984125179372395
"correct bridges, seed100",information,2,0.0036778608337044716,269.06001584280216,15.984125179372395
"correct bridges, seed100",information,2,0.0074055129662156105,292.9094873333386,15.984125179372395
"correct bridges, seed100",information,2,0.010726294945925474,258.0737976918157,15.984125179372395
"correct bridges, seed100",information,2,0.014052567072212696,194.08626067946796,15.984125179372395
"correct bridges, seed100",information,2,0.018312628846615553,123.03909525835422,15.984125179372395
"correct bridges, seed100",information,2,0.02151542017236352,69.53261041080913,15.984125179372395
"correct bridges, seed100",information,2,0.024699582252651453,32.16463730314719,15.984125179372395
"correct bridges, seed100",information,2,0.027896474115550518,18.67451481785614,15.984125179372395
"correct bridges, seed100",information,2,0.031898326240479946,13.96620876831602,15.984125179372395
"correct bridges, seed100",information,2,0.03512968681752682,11.09602977682129,15.984125179372395
"correct bridges, seed100",information,2,0.038384619168937206,9.691383656674528,15.984125179372395
"correct bridges, seed100",information,2,0.04159236093983054,9.338715236233767,15.984125179372395
"correct bridges, seed100",information,2,0.045620973221957684,9.301557388682081,15.984125179372395
"correct bridges, seed100",information,2,0.04882918391376734,9.298277630776571,15.984125179372395
"correct bridges, seed100",information,2,0.05246994597837329,9.297666835996948,15.984125179372395
"correct bridges, seed100",information,2,0.055713728070259094,9.29759096540866,15.984125179372395
"correct bridges, seed100",information,2,0.058936579152941704,9.29758729584445,15.984125179372395
"correct bridges, seed100",information,2,0.06213971087709069,9.297587231732223,15.984125179372395
"correct bridges, seed100",information,2,0.06534149311482906,9.297587231221296,15.984125179372395
"correct bridges, seed100",information,2,0.068531583994627,9.297587231216475,15.984125179372395
"correct bridges, seed100",information,2,0.07173028588294983,9.29758723121634,15.984125179372395
"correct bridges, seed100",information,2,0.07494088727980852,9.29758723121634,15.984125179372395
"correct bridges, seed100",information,2,0.08081756113097072,9.297587231216294,15.984125179372395
"correct bridges, seed100",information,2,0.08490616315975785,9.297587231216294,15.984125179372395
"correct bridges, seed100",information,2,0.08838295424357057,9.297587231216294,15.984125179372395
"correct bridges, seed100",information,2,0.0916279861703515,9.297587231216294,15.984125179372395
"correct bridges, seed100",information,2,0.09483006782829762,9.297587231216294,15.984125179372395
"correct bridges, seed100",information,2,0.09803972998633981,9.29758723121627,15.984125179372395
"correct bridges, seed100",information,2,0.10127044096589088,9.29758723121627,15.984125179372395
"correct bridges, seed100",information,2,0.10446331324055791,9.29758723121627,15.984125179372395
"correct bridges, seed100",information,2,0.1076852441765368,9.29758723121627,15.984125179372395
"correct bridges, seed100",information,2,0.11091294605284929,9.29758723121627,15.984125179372395
"correct bridges, seed100",information,2,0.11414070706814528,9.29758723121627,15.984125179372395
"correct bridges, seed100",information,2,0.11734055913984776,9.29758723121627,15.984125179372395
"correct bridges, seed100",information,2,0.12059107096865773,9.29758723121627,15.984125179372395
"correct bridges, seed100",information,2,0.12379563227295876,9.29758723121627,15.984125179372395
"correct bridges, seed100",information,2,0.1270124139264226,9.29758723121627,15.984125179372395
"correct bridges, seed100",information,2,0.13026226591318846,9.29758723121627,15.984125179372395
"correct bridges, seed100",information,2,0.13349250704050064,9.29758723121627,15.984125179372395
"correct bridges, seed100",information,2,0.13667495921254158,9.29758723121627,15.984125179372395
"correct bridges, seed100",information,2,0.13987343106418848,9.29758723121627,15.984125179372395
"correct bridges, seed100",information,2,0.14308577217161655,9.29758723121627,15.984125179372395
"correct bridges, seed100",information,2,0.14643163420259953,9.297587231216259,15.984125179372395
"correct bridges, seed100",information,2,0.14996067620813847,9.297587231216259,15.984125179372395
"correct bridges, seed100",information,2,0.15326017793267965,9.297587231216255,15.984125179372395
"correct bridges, seed100",information,2,0.15646366914734244,9.297587231216255,15.984125179372395
"correct bridges, seed100",information,2,0.15966229094192386,9.297587231216255,15.984125179372395
"correct bridges, seed100",information,2,0.16287895198911428,9.297587231216252,15.984125179372395
"correct bridges, seed100",information,2,0.16610381426289678,9.297587231216252,15.984125179372395
"correct bridges, seed100",information,2,0.16930452594533563,9.29758723121625,15.984125179372395
"correct bridges, seed100",information,2,0.17253972683101892,9.29758723121625,15.984125179372395
"correct bridges, seed100",information,2,0.1757514588534832,9.29758723121625,15.984125179372395
"correct bridges, seed100",information,2,0.17898391094058752,9.29758723121625,15.984125179372395
"correct bridges, seed100",information,2,0.18223457224667072,9.29758723121625,15.984125179372395
"correct bridges, seed100",information,2,0.18548638420179486,9.29758723121625,15.984125179372395
"correct bridges, seed100",information,2,0.18867203500121832,9.29758723121625,15.984125179372395
"correct bridges, seed100",information,2,0.19185671722516418,9.29758723121625,15.984125179372395
"correct bridges, seed100",information,2,0.19504558900371194,9.29758723121625,15.984125179372395
"correct bridges, seed100",information,2,0.19826572993770242,9.29758723121625,15.984125179372395
"correct bridges, seed100",information,2,0.20147344190627337,9.29758723121625,15.984125179372395
"mixed bridges, seed100",fixed,0,0.003521001897752285,154.10899459009087,81.38121601834044
"mixed bridges, seed100",fixed,0,0.007173044141381979,151.55361423385781,81.38121601834044
"mixed bridges, seed100",fixed,0,0.010450155939906836,150.98767141261675,81.38121601834044
"mixed bridges, seed100",fixed,0,0.013697137124836445,150.67550425183103,81.38121601834044
"mixed bridges, seed100",fixed,0,0.01693217922002077,150.47150178702353,81.38121601834044
"mixed bridges, seed100",fixed,0,0.020225300919264555,150.2195258767924,81.38121601834044
"mixed bridges, seed100",fixed,0,0.023435691837221384,149.76741970908753,81.38121601834044
"mixed bridges, seed100",fixed,0,0.0266538942232728,148.89048454791381,81.38121601834044
"mixed bridges, seed100",fixed,0,0.029922075103968382,147.2230956455102,81.38121601834044
"mixed bridges, seed100",fixed,0,0.03312566690146923,144.3280626046799,81.38121601834044
"mixed bridges, seed100",fixed,0,0.036311759147793055,139.75940688716838,81.38121601834044
"mixed bridges, seed100",fixed,0,0.039517569821327925,131.2730818795666,81.38121601834044
"mixed bridges, seed100",fixed,0,0.042707852087914944,131.2730818795666,81.38121601834044
"mixed bridges, seed100",fixed,0,0.04590464290231466,122.06275753490328,81.38121601834044
"mixed bridges, seed100",fixed,0,0.049101535230875015,122.06275753490328,81.38121601834044
"mixed bridges, seed100",fixed,0,0.05231931712478399,118.97552697334538,81.38121601834044
"mixed bridges, seed100",fixed,0,0.05553534813225269,117.2986509762472,81.38121601834044
"mixed bridges, seed100",fixed,0,0.05872632982209325,113.57257794952652,81.38121601834044
"mixed bridges, seed100",fixed,0,0.061960332095623016,113.57257794952652,81.38121601834044
"mixed bridges, seed100",fixed,0,0.06530547281727195,108.46156580118928,81.38121601834044
"mixed bridges, seed100",fixed,0,0.06874063517898321,106.2221721331003,81.38121601834044
"mixed bridges, seed100",fixed,0,0.07191545702517033,106.2221721331003,81.38121601834044
"mixed bridges, seed100",fixed,0,0.07516147801652551,104.42181128847837,81.38121601834044
"mixed bridges, seed100",fixed,0,0.07837738981470466,103.53036317892389,81.38121601834044
"mixed bridges, seed100",fixed,0,0.08159427205100656,102.94237782873256,81.38121601834044
"mixed bridges, seed100",fixed,0,0.08479558303952217,100.99335009436913,81.38121601834044
"mixed bridges, seed100",fixed,0,0.0880035450682044,100.35198556835604,81.38121601834044
"mixed bridges, seed100",fixed,0,0.09122003708034754,98.26388553673073,81.38121601834044
"mixed bridges, seed100",fixed,0,0.094456247985363,96.67198964345101,81.38121601834044
"mixed bridges, seed100",fixed,0,0.09764051018282771,95.11279205824987,81.38121601834044
"mixed bridges, seed100",fixed,0,0.10082739125937223,95.11279205824987,81.38121601834044
"mixed bridges, seed100",fixed,0,0.10401275288313627,93.1413305209382,81.38121601834044
"mixed bridges, seed100",fixed,0,0.1072281152009964,93.1413305209382,81.38121601834044
"mixed bridges, seed100",fixed,0,0.11041131615638733,92.65809112311486,81.38121601834044
"mixed bridges, seed100",fixed,0,0.11359881795942783,92.39070512538896,81.38121601834044
"mixed bridges, seed100",fixed,0,0.11681021889671683,92.39070512538896,81.38121601834044
"mixed bridges, seed100",fixed,0,0.12000521086156368,92.16494153161072,81.38121601834044
"mixed bridges, seed100",fixed,0,0.12324490305036306,92.0967670103462,81.38121601834044
"mixed bridges, seed100",fixed,0,0.12644115509465337,91.90450895662725,81.38121601834044
"mixed bridges, seed100",fixed,0,0.12964616622775793,91.6493015138348,81.38121601834044
"mixed bridges, seed100",fixed,0,0.13283658819273114,91.28250617762505,81.38121601834044
"mixed bridges, seed100",fixed,0,0.1360698388889432,90.67415023351197,81.38121601834044
"mixed bridges, seed100",fixed,0,0.1392797608859837,89.7378014258997,81.38121601834044
"mixed bridges, seed100",fixed,0,0.1424599918536842,89.7378014258997,81.38121601834044
"mixed bridges, seed100",fixed,0,0.14565204409882426,89.01333590234715,81.38121601834044
"mixed bridges, seed100",fixed,0,0.14882839610800147,88.94097466239961,81.38121601834044
"mixed bridges, seed100",fixed,0,0.1521349372342229,88.80257723288574,81.38121601834044
"mixed bridges, seed100",fixed,0,0.1556723788380623,88.7162139106498,81.38121601834044
"mixed bridges, seed100",fixed,0,0.15895194094628096,88.7162139106498,81.38121601834044
"mixed bridges, seed100",fixed,0,0.1626087729819119,88.66723151793472,81.38121601834044
"mixed bridges, seed100",fixed,0,0.1659539039246738,88.64700421492788,81.38121601834044
"mixed bridges, seed100",fixed,0,0.16973338602110744,88.62416584595408,81.38121601834044
"mixed bridges, seed100",fixed,0,0.17303257808089256,88.61662331794481,81.38121601834044
"mixed bridges, seed100",fixed,0,0.17694086022675037,88.59445770919764,81.38121601834044
"mixed bridges, seed100",fixed,0,0.1802361118607223,88.58891268059806,81.38121601834044
"mixed bridges, seed100",fixed,0,0.18375243293121457,88.57452652177473,81.38121601834044
"mixed bridges, seed100",fixed,0,0.18710151500999928,88.56932571636132,81.38121601834044
"mixed bridges, seed100",fixed,0,0.19088739715516567,88.56275776221807,81.38121601834044
"mixed bridges, seed100",fixed,0,0.19416485913097858,88.55946031995788,81.38121601834044
"mixed bridges, seed100",fixed,0,0.1977300811558962,88.55650786215168,81.38121601834044
"mixed bridges, seed100",fixed,1,0.003585551865398884,154.10899459009087,81.38121601834044
"mixed bridges, seed100",fixed,1,0.007411823607981205,151.55361423385781,81.38121601834044
"mixed bridges, seed100",fixed,1,0.010658375918865204,150.98767141261675,81.38121601834044
"mixed bridges, seed100",fixed,1,0.01386838685721159,150.67550425183103,81.38121601834044
"mixed bridges, seed100",fixed,1,0.017046968918293715,150.47150178702353,81.38121601834044
"mixed bridges, seed100",fixed,1,0.020262100733816624,150.2195258767924,81.38121601834044
"mixed bridges, seed100",fixed,1,0.023460512049496174,149.76741970908753,81.38121601834044
"mixed bridges, seed100",fixed,1,0.026720894034951925,148.89048454791381,81.38121601834044
"mixed bridges, seed100",fixed,1,0.02990862587466836,147.2230956455102,81.38121601834044
"mixed bridges, seed100",fixed,1,0.03313968703150749,144.3280626046799,81.38121601834044
"mixed bridges, seed100",fixed,1,0.0364243988879025,139.75940688716838,81.38121601834044
"mixed bridges, seed100",fixed,1,0.03966313088312745,131.2730818795666,81.38121601834044
"mixed bridges, seed100",fixed,1,0.04287951160222292,131.2730818795666,81.38121601834044
"mixed bridges, seed100",fixed,1,0.046077423729002476,122.06275753490328,81.38121601834044
"mixed bridges, seed100",fixed,1,0.049254894722253084,122.06275753490328,81.38121601834044
"mixed bridges, seed100",fixed,1,0.052478416822850704,118.97552697334538,81.38121601834044
"mixed bridges, seed100",fixed,1,0.055788928642868996,117.2986509762472,81.38121601834044
"mixed bridges, seed100",fixed,1,0.05929199978709221,113.57257794952652,81.38121601834044
"mixed bridges, seed100",fixed,1,0.06257812166586518,113.57257794952652,81.38121601834044
"mixed bridges, seed100",fixed,1,0.06581020401790738,108.46156580118928,81.38121601834044
"mixed bridges, seed100",fixed,1,0.06910749478265643,106.2221721331003,81.38121601834044
"mixed bridges, seed100",fixed,1,0.07269873702898622,106.2221721331003,81.38121601834044
"mixed bridges, seed100",fixed,1,0.07597404904663563,104.42181128847837,81.38121601834044
"mixed bridges, seed100",fixed,1,0.07955589098855853,103.53036317892389,81.38121601834044
"mixed bridges, seed100",fixed,1,0.08285260200500488,102.94237782873256,81.38121601834044
"mixed bridges, seed100",fixed,1,0.08667330397292972,100.99335009436913,81.38121601834044
"mixed bridges, seed100",fixed,1,0.08993372600525618,100.35198556835604,81.38121601834044
"mixed bridges, seed100",fixed,1,0.0932074380107224,98.26388553673073,81.38121601834044
"mixed bridges, seed100",fixed,1,0.09644803870469332,96.67198964345101,81.38121601834044
"mixed bridges, seed100",fixed,1,0.09964774083346128,95.11279205824987,81.38121601834044
"mixed bridges, seed100",fixed,1,0.10291645163670182,95.11279205824987,81.38121601834044
"mixed bridges, seed100",fixed,1,0.10632116394117475,93.1413305209382,81.38121601834044
"mixed bridges, seed100",fixed,1,0.10952746588736773,93.1413305209382,81.38121601834044
"mixed bridges, seed100",fixed,1,0.11273008771240711,92.65809112311486,81.38121601834044
"mixed bridges, seed100",fixed,1,0.11591560859233141,92.39070512538896,81.38121601834044
"mixed bridges, seed100",fixed,1,0.11914579104632139,92.39070512538896,81.38121601834044
"mixed bridges, seed100",fixed,1,0.12236505281180143,92.16494153161072,81.38121601834044
"mixed bridges, seed100",fixed,1,0.12557446397840977,92.0967670103462,81.38121601834044
"mixed bridges, seed100",fixed,1,0.1288420855998993,91.90450895662725,81.38121601834044
"mixed bridges, seed100",fixed,1,0.13205483695492148,91.6493015138348,81.38121601834044
"mixed bridges, seed100",fixed,1,0.13529688864946365,91.28250617762505,81.38121601834044
"mixed bridges, seed100",fixed,1,0.13850199105218053,90.67415023351197,81.38121601834044
"mixed bridges, seed100",fixed,1,0.1416899017058313,89.7378014258997,81.38121601834044
"mixed bridges, seed100",fixed,1,0.14491726364940405,89.7378014258997,81.38121601834044
"mixed bridges, seed100",fixed,1,0.14809871464967728,89.01333590234715,81.38121601834044
"mixed bridges, seed100",fixed,1,0.15132368681952357,88.94097466239961,81.38121601834044
"mixed bridges, seed100",fixed,1,0.15454541891813278,88.80257723288574,81.38121601834044
"mixed bridges, seed100",fixed,1,0.15775979962199926,88.7162139106498,81.38121601834044
"mixed bridges, seed100",fixed,1,0.16094031184911728,88.7162139106498,81.38121601834044
"mixed bridges, seed100",fixed,1,0.16412802366539836,88.66723151793472,81.38121601834044
"mixed bridges, seed100",fixed,1,0.1673108246177435,88.64700421492788,81.38121601834044
"mixed bridges, seed100",fixed,1,0.1705323769710958,88.62416584595408,81.38121601834044
"mixed bridges, seed100",fixed,1,0.1737420386634767,88.61662331794481,81.38121601834044
"mixed bridges, seed100",fixed,1,0.17699707997962832,88.59445770919764,81.38121601834044
"mixed bridges, seed100",fixed,1,0.18024270189926028,88.58891268059806,81.38121601834044
"mixed bridges, seed100",fixed,1,0.18345483299344778,88.57452652177473,81.38121601834044
"mixed bridges, seed100",fixed,1,0.18667580466717482,88.56932571636132,81.38121601834044
"mixed bridges, seed100",fixed,1,0.1899005169980228,88.56275776221807,81.38121601834044
"mixed bridges, seed100",fixed,1,0.1931726080365479,88.55946031995788,81.38121601834044
"mixed bridges, seed100",fixed,1,0.1963986400514841,88.55650786215168,81.38121601834044
"mixed bridges, seed100",fixed,2,0.0035537919029593468,154.10899459009087,81.38121601834044
"mixed bridges, seed100",fixed,2,0.00723302410915494,151.55361423385781,81.38121601834044
"mixed bridges, seed100",fixed,2,0.010541685856878757,150.98767141261675,81.38121601834044
"mixed bridges, seed100",fixed,2,0.013764317147433758,150.67550425183103,81.38121601834044
"mixed bridges, seed100",fixed,2,0.01696929894387722,150.47150178702353,81.38121601834044
"mixed bridges, seed100",fixed,2,0.020199730060994625,150.2195258767924,81.38121601834044
"mixed bridges, seed100",fixed,2,0.023406532127410173,149.76741970908753,81.38121601834044
"mixed bridges, seed100",fixed,2,0.02673680428415537,148.89048454791381,81.38121601834044
"mixed bridges, seed100",fixed,2,0.030205185990780592,147.2230956455102,81.38121601834044
"mixed bridges, seed100",fixed,2,0.033507997170090675,144.3280626046799,81.38121601834044
"mixed bridges, seed100",fixed,2,0.037071418948471546,139.75940688716838,81.38121601834044
"mixed bridges, seed100",fixed,2,0.040361050982028246,131.2730818795666,81.38121601834044
"mixed bridges, seed100",fixed,2,0.04394460190087557,131.2730818795666,81.38121601834044
"mixed bridges, seed100",fixed,2,0.047240904066711664,122.06275753490328,81.38121601834044
"mixed bridges, seed100",fixed,2,0.050781575962901115,122.06275753490328,81.38121601834044
"mixed bridges, seed100",fixed,2,0.05407356796786189,118.97552697334538,81.38121601834044
"mixed bridges, seed100",fixed,2,0.05773563031107187,117.2986509762472,81.38121601834044
"mixed bridges, seed100",fixed,2,0.061087450943887234,113.57257794952652,81.38121601834044
"mixed bridges, seed100",fixed,2,0.06487191328778863,113.57257794952652,81.38121601834044
"mixed bridges, seed100",fixed,2,0.06821029493585229,108.46156580118928,81.38121601834044
"mixed bridges, seed100",fixed,2,0.07178296707570553,106.2221721331003,81.38121601834044
"mixed bridges, seed100",fixed,2,0.07506447797641158,106.2221721331003,81.38121601834044
"mixed bridges, seed100",fixed,2,0.07872461015358567,104.42181128847837,81.38121601834044
"mixed bridges, seed100",fixed,2,0.08200300205498934,103.53036317892389,81.38121601834044
"mixed bridges, seed100",fixed,2,0.08522568410262465,102.94237782873256,81.38121601834044
"mixed bridges, seed100",fixed,2,0.08841314492747188,100.99335009436913,81.38121601834044
"mixed bridges, seed100",fixed,2,0.0916391871869564,100.35198556835604,81.38121601834044
"mixed bridges, seed100",fixed,2,0.09483021823689342,98.26388553673073,81.38121601834044
"mixed bridges, seed100",fixed,2,0.09801277006044984,96.67198964345101,81.38121601834044
"mixed bridges, seed100",fixed,2,0.10122511209920049,95.11279205824987,81.38121601834044
"mixed bridges, seed100",fixed,2,0.10439819330349565,95.11279205824987,81.38121601834044
"mixed bridges, seed100",fixed,2,0.10758294491097331,93.1413305209382,81.38121601834044
"mixed bridges, seed100",fixed,2,0.11074296711012721,93.1413305209382,81.38121601834044
"mixed bridges, seed100",fixed,2,0.1139183179475367,92.65809112311486,81.38121601834044
"mixed bridges, seed100",fixed,2,0.11716947006061673,92.39070512538896,81.38121601834044
"mixed bridges, seed100",fixed,2,0.12036349112167954,92.39070512538896,81.38121601834044
"mixed bridges, seed100",fixed,2,0.12358249304816127,92.16494153161072,81.38121601834044
"mixed bridges, seed100",fixed,2,0.1267904848791659,92.0967670103462,81.38121601834044
"mixed bridges, seed100",fixed,2,0.12999436585232615,91.90450895662725,81.38121601834044
"mixed bridges, seed100",fixed,2,0.13320322800427675,91.6493015138348,81.38121601834044
"mixed bridges, seed100",fixed,2,0.1364850690588355,91.28250617762505,81.38121601834044
"mixed bridges, seed100",fixed,2,0.13970110099762678,90.67415023351197,81.38121601834044
"mixed bridges, seed100",fixed,2,0.14293761318549514,89.7378014258997,81.38121601834044
"mixed bridges, seed100",fixed,2,0.14617759408429265,89.7378014258997,81.38121601834044
"mixed bridges, seed100",fixed,2,0.14939891593530774,89.01333590234715,81.38121601834044
"mixed bridges, seed100",fixed,2,0.1526193581521511,88.94097466239961,81.38121601834044
"mixed bridges, seed100",fixed,2,0.15581532986834645,88.80257723288574,81.38121601834044
"mixed bridges, seed100",fixed,2,0.159248320851475,88.7162139106498,81.38121601834044
"mixed bridges, seed100",fixed,2,0.16246660286560655,88.7162139106498,81.38121601834044
"mixed bridges, seed100",fixed,2,0.16567451413720846,88.66723151793472,81.38121601834044
"mixed bridges, seed100",fixed,2,0.16888008592650294,88.64700421492788,81.38121601834044
"mixed bridges, seed100",fixed,2,0.1721242181956768,88.62416584595408,81.38121601834044
"mixed bridges, seed100",fixed,2,0.17532353894785047,88.61662331794481,81.38121601834044
"mixed bridges, seed100",fixed,2,0.17862013122066855,88.59445770919764,81.38121601834044
"mixed bridges, seed100",fixed,2,0.18182848300784826,88.58891268059806,81.38121601834044
"mixed bridges, seed100",fixed,2,0.18514018412679434,88.57452652177473,81.38121601834044
"mixed bridges, seed100",fixed,2,0.18857397604733706,88.56932571636132,81.38121601834044
"mixed bridges, seed100",fixed,2,0.19177620811387897,88.56275776221807,81.38121601834044
"mixed bridges, seed100",fixed,2,0.19500869931653142,88.55946031995788,81.38121601834044
"mixed bridges, seed100",fixed,2,0.19821133092045784,88.55650786215168,81.38121601834044
"mixed bridges, seed100",ordinary,0,0.003538021817803383,313.45200700964597,81.38121601834044
"mixed bridges, seed100",ordinary,0,0.0072221942245960236,366.4805605843634,81.38121601834044
"mixed bridges, seed100",ordinary,0,0.010595324914902449,368.51500575430197,81.38121601834044
"mixed bridges, seed100",ordinary,0,0.014469076879322529,359.9030219127442,81.38121601834044
"mixed bridges, seed100",ordinary,0,0.017815619241446257,197.85164742668218,81.38121601834044
"mixed bridges, seed100",ordinary,0,0.02147217094898224,161.86804493160957,81.38121601834044
"mixed bridges, seed100",ordinary,0,0.02476991293951869,150.64017474679443,81.38121601834044
"mixed bridges, seed100",ordinary,0,0.028444624971598387,143.56548751992892,81.38121601834044
"mixed bridges, seed100",ordinary,0,0.03175527602434158,100.5211076617926,81.38121601834044
"mixed bridges, seed100",ordinary,0,0.03537701815366745,90.73357222345177,81.38121601834044
"mixed bridges, seed100",ordinary,0,0.03865850996226072,82.78318926197578,81.38121601834044
"mixed bridges, seed100",ordinary,0,0.04229641193524003,79.38071589636954,81.38121601834044
"mixed bridges, seed100",ordinary,0,0.045553342904895544,77.55931750505425,81.38121601834044
"mixed bridges, seed100",ordinary,0,0.04880602518096566,76.53593412987101,81.38121601834044
"mixed bridges, seed100",ordinary,0,0.05201978608965874,75.36515129696365,81.38121601834044
"mixed bridges, seed100",ordinary,0,0.055219998117536306,74.96922199312478,81.38121601834044
"mixed bridges, seed100",ordinary,0,0.05842632008716464,74.78536028096732,81.38121601834044
"mixed bridges, seed100",ordinary,0,0.06168915098533034,74.73562643259149,81.38121601834044
"mixed bridges, seed100",ordinary,0,0.06488274317234755,74.73152061754138,81.38121601834044
"mixed bridges, seed100",ordinary,0,0.06807049503549933,74.73142807115563,81.38121601834044
"mixed bridges, seed100",ordinary,0,0.0712634758092463,74.73142702075171,81.38121601834044
"mixed bridges, seed100",ordinary,0,0.07445290824398398,74.73142701088997,81.38121601834044
"mixed bridges, seed100",ordinary,0,0.07767054997384548,74.73142701079296,81.38121601834044
"mixed bridges, seed100",ordinary,0,0.08085977099835873,74.73142701079182,81.38121601834044
"mixed bridges, seed100",ordinary,0,0.0840337029658258,74.73142701079182,81.38121601834044
"mixed bridges, seed100",ordinary,0,0.08720209402963519,74.73142701079182,81.38121601834044
"mixed bridges, seed100",ordinary,0,0.09038089588284492,74.73142701079182,81.38121601834044
"mixed bridges, seed100",ordinary,0,0.09356535784900188,74.73142701079182,81.38121601834044
"mixed bridges, seed100",ordinary,0,0.09675801917910576,74.73142701079179,81.38121601834044
"mixed bridges, seed100",ordinary,0,0.09996512113139033,74.73142701079179,81.38121601834044
"mixed bridges, seed100",ordinary,0,0.10317718191072345,74.73142701079179,81.38121601834044
"mixed bridges, seed100",ordinary,0,0.10637238388881087,74.73142701079179,81.38121601834044
"mixed bridges, seed100",ordinary,0,0.10957089625298977,74.73142701079179,81.38121601834044
"mixed bridges, seed100",ordinary,0,0.11275159707292914,74.73142701079179,81.38121601834044
"mixed bridges, seed100",ordinary,0,0.11595669900998473,74.73142701079179,81.38121601834044
"mixed bridges, seed100",ordinary,0,0.1191470711492002,74.73142701079179,81.38121601834044
"mixed bridges, seed100",ordinary,0,0.12237161211669445,74.73142701079179,81.38121601834044
"mixed bridges, seed100",ordinary,0,0.12557270424440503,74.73142701079179,81.38121601834044
"mixed bridges, seed100",ordinary,0,0.12876996491104364,74.73142701079179,81.38121601834044
"mixed bridges, seed100",ordinary,0,0.13199786702170968,74.73142701079179,81.38121601834044
"mixed bridges, seed100",ordinary,0,0.13518692879006267,74.73142701079179,81.38121601834044
"mixed bridges, seed100",ordinary,0,0.13838726980611682,74.73142701079179,81.38121601834044
"mixed bridges, seed100",ordinary,0,0.1415710118599236,74.73142701079179,81.38121601834044
"mixed bridges, seed100",ordinary,0,0.1447808132506907,74.73142701079179,81.38121601834044
"mixed bridges, seed100",ordinary,0,0.14799316506832838,74.73142701079175,81.38121601834044
"mixed bridges, seed100",ordinary,0,0.15119052724912763,74.73142701079175,81.38121601834044
"mixed bridges, seed100",ordinary,0,0.15439636912196875,74.73142701079175,81.38121601834044
"mixed bridges, seed100",ordinary,0,0.15760360984131694,74.73142701079175,81.38121601834044
"mixed bridges, seed100",ordinary,0,0.16082052187994123,74.73142701079175,81.38121601834044
"mixed bridges, seed100",ordinary,0,0.16400226298719645,74.73142701079175,81.38121601834044
"mixed bridges, seed100",ordinary,0,0.16720603499561548,74.73142701079172,81.38121601834044
"mixed bridges, seed100",ordinary,0,0.17039362713694572,74.73142701079172,81.38121601834044
"mixed bridges, seed100",ordinary,0,0.17360635800287127,74.73142701079172,81.38121601834044
"mixed bridges, seed100",ordinary,0,0.17678397987037897,74.73142701079172,81.38121601834044
"mixed bridges, seed100",ordinary,0,0.17999392189085484,74.73142701079172,81.38121601834044
"mixed bridges, seed100",ordinary,0,0.18317733285948634,74.73142701079172,81.38121601834044
"mixed bridges, seed100",ordinary,0,0.1863721450790763,74.73142701079172,81.38121601834044
"mixed bridges, seed100",ordinary,0,0.1895779762417078,74.73142701079172,81.38121601834044
"mixed bridges, seed100",ordinary,0,0.19279298791661859,74.73142701079172,81.38121601834044
"mixed bridges, seed100",ordinary,0,0.19599852990359068,74.73142701079172,81.38121601834044
"mixed bridges, seed100",ordinary,1,0.003489502239972353,313.45200700964597,81.38121601834044
"mixed bridges, seed100",ordinary,1,0.0071883839555084705,366.4805605843634,81.38121601834044
"mixed bridges, seed100",ordinary,1,0.01044381596148014,368.51500575430197,81.38121601834044
"mixed bridges, seed100",ordinary,1,0.013695126865059137,359.9030219127442,81.38121601834044
"mixed bridges, seed100",ordinary,1,0.016899139154702425,197.85164742668218,81.38121601834044
"mixed bridges, seed100",ordinary,1,0.02009726082906127,161.86804493160957,81.38121601834044
"mixed bridges, seed100",ordinary,1,0.02327685197815299,150.64017474679443,81.38121601834044
"mixed bridges, seed100",ordinary,1,0.026462723966687918,143.56548751992892,81.38121601834044
"mixed bridges, seed100",ordinary,1,0.029662334825843573,100.5211076617926,81.38121601834044
"mixed bridges, seed100",ordinary,1,0.03288139682263136,90.73357222345177,81.38121601834044
"mixed bridges, seed100",ordinary,1,0.036090198904275894,82.78318926197578,81.38121601834044
"mixed bridges, seed100",ordinary,1,0.03931083995848894,79.38071589636954,81.38121601834044
"mixed bridges, seed100",ordinary,1,0.042508191894739866,77.55931750505425,81.38121601834044
"mixed bridges, seed100",ordinary,1,0.04570645419880748,76.53593412987101,81.38121601834044
"mixed bridges, seed100",ordinary,1,0.04892834508791566,75.36515129696365,81.38121601834044
"mixed bridges, seed100",ordinary,1,0.05211445689201355,74.96922199312478,81.38121601834044
"mixed bridges, seed100",ordinary,1,0.05533569911494851,74.78536028096732,81.38121601834044
"mixed bridges, seed100",ordinary,1,0.058569650165736675,74.73562643259149,81.38121601834044
"mixed bridges, seed100",ordinary,1,0.06177574209868908,74.73152061754138,81.38121601834044
"mixed bridges, seed100",ordinary,1,0.06503199320286512,74.73142807115563,81.38121601834044
"mixed bridges, seed100",ordinary,1,0.06823831517249346,74.73142702075171,81.38121601834044
"mixed bridges, seed100",ordinary,1,0.07145201694220304,74.73142701088997,81.38121601834044
"mixed bridges, seed100",ordinary,1,0.07469371799379587,74.73142701079296,81.38121601834044
"mixed bridges, seed100",ordinary,1,0.07789104012772441,74.73142701079182,81.38121601834044
"mixed bridges, seed100",ordinary,1,0.08107582200318575,74.73142701079182,81.38121601834044
"mixed bridges, seed100",ordinary,1,0.0842582331970334,74.73142701079182,81.38121601834044
"mixed bridges, seed100",ordinary,1,0.0874560852535069,74.73142701079182,81.38121601834044
"mixed bridges, seed100",ordinary,1,0.09064771607518196,74.73142701079182,81.38121601834044
"mixed bridges, seed100",ordinary,1,0.09385441802442074,74.73142701079179,81.38121601834044
"mixed bridges, seed100",ordinary,1,0.0970661798492074,74.73142701079179,81.38121601834044
"mixed bridges, seed100",ordinary,1,0.10022374102845788,74.73142701079179,81.38121601834044
"mixed bridges, seed100",ordinary,1,0.10340196313336492,74.73142701079179,81.38121601834044
"mixed bridges, seed100",ordinary,1,0.10658089397475123,74.73142701079179,81.38121601834044
"mixed bridges, seed100",ordinary,1,0.10978202614933252,74.73142701079179,81.38121601834044
"mixed bridges, seed100",ordinary,1,0.11295511806383729,74.73142701079179,81.38121601834044
"mixed bridges, seed100",ordinary,1,0.11613996885716915,74.73142701079179,81.38121601834044
"mixed bridges, seed100",ordinary,1,0.1193259209394455,74.73142701079179,81.38121601834044
"mixed bridges, seed100",ordinary,1,0.12251205323264003,74.73142701079179,81.38121601834044
"mixed bridges, seed100",ordinary,1,0.12568504409864545,74.73142701079179,81.38121601834044
"mixed bridges, seed100",ordinary,1,0.12890665605664253,74.73142701079179,81.38121601834044
"mixed bridges, seed100",ordinary,1,0.13212919794023037,74.73142701079179,81.38121601834044
"mixed bridges, seed100",ordinary,1,0.13535273913294077,74.73142701079179,81.38121601834044
"mixed bridges, seed100",ordinary,1,0.13854602118954062,74.73142701079179,81.38121601834044
"mixed bridges, seed100",ordinary,1,0.14173898193985224,74.73142701079179,81.38121601834044
"mixed bridges, seed100",ordinary,1,0.14495675405487418,74.73142701079175,81.38121601834044
"mixed bridges, seed100",ordinary,1,0.1481350059621036,74.73142701079175,81.38121601834044
"mixed bridges, seed100",ordinary,1,0.15134482691064477,74.73142701079175,81.38121601834044
"mixed bridges, seed100",ordinary,1,0.1545626688748598,74.73142701079175,81.38121601834044
"mixed bridges, seed100",ordinary,1,0.15777484001591802,74.73142701079175,81.38121601834044
"mixed bridges, seed100",ordinary,1,0.16097890213131905,74.73142701079175,81.38121601834044
"mixed bridges, seed100",ordinary,1,0.1642914041876793,74.73142701079172,81.38121601834044
"mixed bridges, seed100",ordinary,1,0.16749884514138103,74.73142701079172,81.38121601834044
"mixed bridges, seed100",ordinary,1,0.17071671690791845,74.73142701079172,81.38121601834044
"mixed bridges, seed100",ordinary,1,0.17407145909965038,74.73142701079172,81.38121601834044
"mixed bridges, seed100",ordinary,1,0.17755458084866405,74.73142701079172,81.38121601834044
"mixed bridges, seed100",ordinary,1,0.1808877121657133,74.73142701079172,81.38121601834044
"mixed bridges, seed100",ordinary,1,0.18455846421420574,74.73142701079172,81.38121601834044
"mixed bridges, seed100",ordinary,1,0.18783615622669458,74.73142701079172,81.38121601834044
"mixed bridges, seed100",ordinary,1,0.19140960788354278,74.73142701079172,81.38121601834044
"mixed bridges, seed100",ordinary,1,0.19464610889554024,74.73142701079172,81.38121601834044
"mixed bridges, seed100",ordinary,2,0.003544202074408531,313.45200700964597,81.38121601834044
"mixed bridges, seed100",ordinary,2,0.0072510442696511745,366.4805605843634,81.38121601834044
"mixed bridges, seed100",ordinary,2,0.0106484261341393,368.51500575430197,81.38121601834044
"mixed bridges, seed100",ordinary,2,0.013862057123333216,359.9030219127442,81.38121601834044
"mixed bridges, seed100",ordinary,2,0.017083778977394104,197.85164742668218,81.38121601834044
"mixed bridges, seed100",ordinary,2,0.020337210036814213,161.86804493160957,81.38121601834044
"mixed bridges, seed100",ordinary,2,0.023543332237750292,150.64017474679443,81.38121601834044
"mixed bridges, seed100",ordinary,2,0.02676619403064251,143.56548751992892,81.38121601834044
"mixed bridges, seed100",ordinary,2,0.029972526244819164,100.5211076617926,81.38121601834044
"mixed bridges, seed100",ordinary,2,0.03319629700854421,90.73357222345177,81.38121601834044
"mixed bridges, seed100",ordinary,2,0.036408649291843176,82.78318926197578,81.38121601834044
"mixed bridges, seed100",ordinary,2,0.03960426012054086,79.38071589636954,81.38121601834044
"mixed bridges, seed100",ordinary,2,0.0428254920989275,77.55931750505425,81.38121601834044
"mixed bridges, seed100",ordinary,2,0.04601134406402707,76.53593412987101,81.38121601834044
"mixed bridges, seed100",ordinary,2,0.049243324901908636,75.36515129696365,81.38121601834044
"mixed bridges, seed100",ordinary,2,0.05244924733415246,74.96922199312478,81.38121601834044
"mixed bridges, seed100",ordinary,2,0.055680469144135714,74.78536028096732,81.38121601834044
"mixed bridges, seed100",ordinary,2,0.05886575998738408,74.73562643259149,81.38121601834044
"mixed bridges, seed100",ordinary,2,0.06206821231171489,74.73152061754138,81.38121601834044
"mixed bridges, seed100",ordinary,2,0.06530255312100053,74.73142807115563,81.38121601834044
"mixed bridges, seed100",ordinary,2,0.06852873507887125,74.73142702075171,81.38121601834044
"mixed bridges, seed100",ordinary,2,0.07174667716026306,74.73142701088997,81.38121601834044
"mixed bridges, seed100",ordinary,2,0.07495670905336738,74.73142701079296,81.38121601834044
"mixed bridges, seed100",ordinary,2,0.07816911023110151,74.73142701079182,81.38121601834044
"mixed bridges, seed100",ordinary,2,0.0813605422154069,74.73142701079182,81.38121601834044
"mixed bridges, seed100",ordinary,2,0.08459324296563864,74.73142701079182,81.38121601834044
"mixed bridges, seed100",ordinary,2,0.08781468495726585,74.73142701079182,81.38121601834044
"mixed bridges, seed100",ordinary,2,0.09098781598731875,74.73142701079182,81.38121601834044
"mixed bridges, seed100",ordinary,2,0.09420388797298074,74.73142701079179,81.38121601834044
"mixed bridges, seed100",ordinary,2,0.09764581033959985,74.73142701079179,81.38121601834044
"mixed bridges, seed100",ordinary,2,0.10108878230676055,74.73142701079179,81.38121601834044
"mixed bridges, seed100",ordinary,2,0.1042924732901156,74.73142701079179,81.38121601834044
"mixed bridges, seed100",ordinary,2,0.10749080497771502,74.73142701079179,81.38121601834044
"mixed bridges, seed100",ordinary,2,0.11072251619771123,74.73142701079179,81.38121601834044
"mixed bridges, seed100",ordinary,2,0.11389857809990644,74.73142701079179,81.38121601834044
"mixed bridges, seed100",ordinary,2,0.11707735015079379,74.73142701079179,81.38121601834044
"mixed bridges, seed100",ordinary,2,0.12030845088884234,74.73142701079179,81.38121601834044
"mixed bridges, seed100",ordinary,2,0.12351009296253324,74.73142701079179,81.38121601834044
"mixed bridges, seed100",ordinary,2,0.12673010490834713,74.73142701079179,81.38121601834044
"mixed bridges, seed100",ordinary,2,0.12995314598083496,74.73142701079179,81.38121601834044
"mixed bridges, seed100",ordinary,2,0.13315945817157626,74.73142701079179,81.38121601834044
"mixed bridges, seed100",ordinary,2,0.13635744899511337,74.73142701079179,81.38121601834044
"mixed bridges, seed100",ordinary,2,0.1395429912954569,74.73142701079179,81.38121601834044
"mixed bridges, seed100",ordinary,2,0.14277714304625988,74.73142701079179,81.38121601834044
"mixed bridges, seed100",ordinary,2,0.14600611431524158,74.73142701079175,81.38121601834044
"mixed bridges, seed100",ordinary,2,0.1491987961344421,74.73142701079175,81.38121601834044
"mixed bridges, seed100",ordinary,2,0.15238613821566105,74.73142701079175,81.38121601834044
"mixed bridges, seed100",ordinary,2,0.15555650927126408,74.73142701079175,81.38121601834044
"mixed bridges, seed100",ordinary,2,0.15872738091275096,74.73142701079175,81.38121601834044
"mixed bridges, seed100",ordinary,2,0.16191779309883714,74.73142701079175,81.38121601834044
"mixed bridges, seed100",ordinary,2,0.1651436942629516,74.73142701079172,81.38121601834044
"mixed bridges, seed100",ordinary,2,0.16832362627610564,74.73142701079172,81.38121601834044
"mixed bridges, seed100",ordinary,2,0.17151133809238672,74.73142701079172,81.38121601834044
"mixed bridges, seed100",ordinary,2,0.17468881933018565,74.73142701079172,81.38121601834044
"mixed bridges, seed100",ordinary,2,0.17786501022055745,74.73142701079172,81.38121601834044
"mixed bridges, seed100",ordinary,2,0.18113594222813845,74.73142701079172,81.38121601834044
"mixed bridges, seed100",ordinary,2,0.18431731406599283,74.73142701079172,81.38121601834044
"mixed bridges, seed100",ordinary,2,0.18748416611924767,74.73142701079172,81.38121601834044
"mixed bridges, seed100",ordinary,2,0.19069091696292162,74.73142701079172,81.38121601834044
"mixed bridges, seed100",ordinary,2,0.19386629899963737,74.73142701079172,81.38121601834044
"mixed bridges, seed100",residual,0,0.003346972167491913,313.45200700964597,81.38121601834044
"mixed bridges, seed100",residual,0,0.007061263080686331,366.4805605843634,81.38121601834044
"mixed bridges, seed100",residual,0,0.010347854811698198,368.51500575430197,81.38121601834044
"mixed bridges, seed100",residual,0,0.013635237235575914,359.9030219127442,81.38121601834044
"mixed bridges, seed100",residual,0,0.017079389188438654,197.85164742668218,81.38121601834044
"mixed bridges, seed100",residual,0,0.020279210060834885,161.86804493160957,81.38121601834044
"mixed bridges, seed100",residual,0,0.02348283212631941,150.64017474679443,81.38121601834044
"mixed bridges, seed100",residual,0,0.026663032826036215,143.56548751992892,81.38121601834044
"mixed bridges, seed100",residual,0,0.03008491499349475,100.5211076617926,81.38121601834044
"mixed bridges, seed100",residual,0,0.033304987009614706,90.73357222345177,81.38121601834044
"mixed bridges, seed100",residual,0,0.0365094980224967,82.78318926197578,81.38121601834044
"mixed bridges, seed100",residual,0,0.03971339017152786,79.38071589636954,81.38121601834044
"mixed bridges, seed100",residual,0,0.04312351206317544,77.55931750505425,81.38121601834044
"mixed bridges, seed100",residual,0,0.04633900290355086,76.53593412987101,81.38121601834044
"mixed bridges, seed100",residual,0,0.04953655507415533,75.36515129696365,81.38121601834044
"mixed bridges, seed100",residual,0,0.052727996837347746,74.96922199312478,81.38121601834044
"mixed bridges, seed100",residual,0,0.05594811821356416,74.78536028096732,81.38121601834044
"mixed bridges, seed100",residual,0,0.05929508991539478,74.73562643259149,81.38121601834044
"mixed bridges, seed100",residual,0,0.06286183185875416,74.73152061754138,81.38121601834044
"mixed bridges, seed100",residual,0,0.06612011324614286,74.73142807115563,81.38121601834044
"mixed bridges, seed100",residual,0,0.06933845486491919,74.73142702075171,81.38121601834044
"mixed bridges, seed100",residual,0,0.07264804700389504,74.73142701088997,81.38121601834044
"mixed bridges, seed100",residual,0,0.07635219907388091,74.73142701079296,81.38121601834044
"mixed bridges, seed100",residual,0,0.07964956993237138,74.73142701079182,81.38121601834044
"mixed bridges, seed100",residual,0,0.0828356621786952,74.73142701079182,81.38121601834044
"mixed bridges, seed100",residual,0,0.08609006414189935,74.73142701079182,81.38121601834044
"mixed bridges, seed100",residual,0,0.08946539601311088,74.73142701079182,81.38121601834044
"mixed bridges, seed100",residual,0,0.09276462718844414,74.73142701079182,81.38121601834044
"mixed bridges, seed100",residual,0,0.09603482903912663,74.73142701079179,81.38121601834044
"mixed bridges, seed100",residual,0,0.09924957016482949,74.73142701079179,81.38121601834044
"mixed bridges, seed100",residual,0,0.1024528918787837,74.73142701079179,81.38121601834044
"mixed bridges, seed100",residual,0,0.10563653381541371,74.73142701079179,81.38121601834044
"mixed bridges, seed100",residual,0,0.10888922493904829,74.73142701079179,81.38121601834044
"mixed bridges, seed100",residual,0,0.11207303684204817,74.73142701079179,81.38121601834044
"mixed bridges, seed100",residual,0,0.11528017790988088,74.73142701079179,81.38121601834044
"mixed bridges, seed100",residual,0,0.11848931014537811,74.73142701079179,81.38121601834044
"mixed bridges, seed100",residual,0,0.12166064186021686,74.73142701079179,81.38121601834044
"mixed bridges, seed100",residual,0,0.12482812302187085,74.73142701079179,81.38121601834044
"mixed bridges, seed100",residual,0,0.12800759496167302,74.73142701079179,81.38121601834044
"mixed bridges, seed100",residual,0,0.1311937370337546,74.73142701079179,81.38121601834044
"mixed bridges, seed100",residual,0,0.13438537809997797,74.73142701079179,81.38121601834044
"mixed bridges, seed100",residual,0,0.13756129005923867,74.73142701079179,81.38121601834044
"mixed bridges, seed100",residual,0,0.14074033126235008,74.73142701079179,81.38121601834044
"mixed bridges, seed100",residual,0,0.14392931293696165,74.73142701079179,81.38121601834044
"mixed bridges, seed100",residual,0,0.14712745510041714,74.73142701079175,81.38121601834044
"mixed bridges, seed100",residual,0,0.150326126255095,74.73142701079175,81.38121601834044
"mixed bridges, seed100",residual,0,0.15351254818961024,74.73142701079175,81.38121601834044
"mixed bridges, seed100",residual,0,0.1566838901489973,74.73142701079175,81.38121601834044
"mixed bridges, seed100",residual,0,0.15994248120114207,74.73142701079175,81.38121601834044
"mixed bridges, seed100",residual,0,0.1631149728782475,74.73142701079175,81.38121601834044
"mixed bridges, seed100",residual,0,0.16630507400259376,74.73142701079172,81.38121601834044
"mixed bridges, seed100",residual,0,0.16951751615852118,74.73142701079172,81.38121601834044
"mixed bridges, seed100",residual,0,0.17268760781735182,74.73142701079172,81.38121601834044
"mixed bridges, seed100",residual,0,0.175885119009763,74.73142701079172,81.38121601834044
"mixed bridges, seed100",residual,0,0.17922061122953892,74.73142701079172,81.38121601834044
"mixed bridges, seed100",residual,0,0.18269862281158566,74.73142701079172,81.38121601834044
"mixed bridges, seed100",residual,0,0.18598091416060925,74.73142701079172,81.38121601834044
"mixed bridges, seed100",residual,0,0.18942017620429397,74.73142701079172,81.38121601834044
"mixed bridges, seed100",residual,0,0.1926331678405404,74.73142701079172,81.38121601834044
"mixed bridges, seed100",residual,0,0.19592245016247034,74.73142701079172,81.38121601834044
"mixed bridges, seed100",residual,1,0.0035063112154603004,313.45200700964597,81.38121601834044
"mixed bridges, seed100",residual,1,0.0071572232991456985,366.4805605843634,81.38121601834044
"mixed bridges, seed100",residual,1,0.010499385185539722,368.51500575430197,81.38121601834044
"mixed bridges, seed100",residual,1,0.01417213724926114,359.9030219127442,81.38121601834044
"mixed bridges, seed100",residual,1,0.01766734942793846,197.85164742668218,81.38121601834044
"mixed bridges, seed100",residual,1,0.02091189008206129,161.86804493160957,81.38121601834044
"mixed bridges, seed100",residual,1,0.024097122251987457,150.64017474679443,81.38121601834044
"mixed bridges, seed100",residual,1,0.02729391399770975,143.56548751992892,81.38121601834044
"mixed bridges, seed100",residual,1,0.030723045114427805,100.5211076617926,81.38121601834044
"mixed bridges, seed100",residual,1,0.03393599716946483,90.73357222345177,81.38121601834044
"mixed bridges, seed100",residual,1,0.0371352881193161,82.78318926197578,81.38121601834044
"mixed bridges, seed100",residual,1,0.04034525016322732,79.38071589636954,81.38121601834044
"mixed bridges, seed100",residual,1,0.04379101237282157,77.55931750505425,81.38121601834044
"mixed bridges, seed100",residual,1,0.04700198443606496,76.53593412987101,81.38121601834044
"mixed bridges, seed100",residual,1,0.05020085535943508,75.36515129696365,81.38121601834044
"mixed bridges, seed100",residual,1,0.05338264722377062,74.96922199312478,81.38121601834044
"mixed bridges, seed100",residual,1,0.05668631801381707,74.78536028096732,81.38121601834044
"mixed bridges, seed100",residual,1,0.059923230204731226,74.73562643259149,81.38121601834044
"mixed bridges, seed100",residual,1,0.06313771242275834,74.73152061754138,81.38121601834044
"mixed bridges, seed100",residual,1,0.06638949317857623,74.73142807115563,81.38121601834044
"mixed bridges, seed100",residual,1,0.06960057513788342,74.73142702075171,81.38121601834044
"mixed bridges, seed100",residual,1,0.07278619706630707,74.73142701088997,81.38121601834044
"mixed bridges, seed100",residual,1,0.07599665829911828,74.73142701079296,81.38121601834044
"mixed bridges, seed100",residual,1,0.0792046501301229,74.73142701079182,81.38121601834044
"mixed bridges, seed100",residual,1,0.08244112227112055,74.73142701079182,81.38121601834044
"mixed bridges, seed100",residual,1,0.08562288340181112,74.73142701079182,81.38121601834044
"mixed bridges, seed100",residual,1,0.08890794543549418,74.73142701079182,81.38121601834044
"mixed bridges, seed100",residual,1,0.09234705613926053,74.73142701079182,81.38121601834044
"mixed bridges, seed100",residual,1,0.09559752838686109,74.73142701079179,81.38121601834044
"mixed bridges, seed100",residual,1,0.0987800401635468,74.73142701079179,81.38121601834044
"mixed bridges, seed100",residual,1,0.10205388115718961,74.73142701079179,81.38121601834044
"mixed bridges, seed100",residual,1,0.10522559331730008,74.73142701079179,81.38121601834044
"mixed bridges, seed100",residual,1,0.10842104535549879,74.73142701079179,81.38121601834044
"mixed bridges, seed100",residual,1,0.11162310605868697,74.73142701079179,81.38121601834044
"mixed bridges, seed100",residual,1,0.11482503823935986,74.73142701079179,81.38121601834044
"mixed bridges, seed100",residual,1,0.11799424001947045,74.73142701079179,81.38121601834044
"mixed bridges, seed100",residual,1,0.1212167413905263,74.73142701079179,81.38121601834044
"mixed bridges, seed100",residual,1,0.12439986318349838,74.73142701079179,81.38121601834044
"mixed bridges, seed100",residual,1,0.12758796429261565,74.73142701079179,81.38121601834044
"mixed bridges, seed100",residual,1,0.1307599563151598,74.73142701079179,81.38121601834044
"mixed bridges, seed100",residual,1,0.1339691481553018,74.73142701079179,81.38121601834044
"mixed bridges, seed100",residual,1,0.13714163936674595,74.73142701079179,81.38121601834044
"mixed bridges, seed100",residual,1,0.14033547136932611,74.73142701079179,81.38121601834044
"mixed bridges, seed100",residual,1,0.1435635620728135,74.73142701079179,81.38121601834044
"mixed bridges, seed100",residual,1,0.14678822411224246,74.73142701079175,81.38121601834044
"mixed bridges, seed100",residual,1,0.15004333620890975,74.73142701079175,81.38121601834044
"mixed bridges, seed100",residual,1,0.15322156716138124,74.73142701079175,81.38121601834044
"mixed bridges, seed100",residual,1,0.1563957091420889,74.73142701079175,81.38121601834044
"mixed bridges, seed100",residual,1,0.15958243142813444,74.73142701079175,81.38121601834044
"mixed bridges, seed100",residual,1,0.16276842216029763,74.73142701079175,81.38121601834044
"mixed bridges, seed100",residual,1,0.1659547141753137,74.73142701079172,81.38121601834044
"mixed bridges, seed100",residual,1,0.16912177531048656,74.73142701079172,81.38121601834044
"mixed bridges, seed100",residual,1,0.17229599738493562,74.73142701079172,81.38121601834044
"mixed bridges, seed100",residual,1,0.17549436911940575,74.73142701079172,81.38121601834044
"mixed bridges, seed100",residual,1,0.17870578030124307,74.73142701079172,81.38121601834044
"mixed bridges, seed100",residual,1,0.18188402242958546,74.73142701079172,81.38121601834044
"mixed bridges, seed100",residual,1,0.18506342405453324,74.73142701079172,81.38121601834044
"mixed bridges, seed100",residual,1,0.18826305540278554,74.73142701079172,81.38121601834044
"mixed bridges, seed100",residual,1,0.19155233725905418,74.73142701079172,81.38121601834044
"mixed bridges, seed100",residual,1,0.19474800815805793,74.73142701079172,81.38121601834044
"mixed bridges, seed100",residual,2,0.003585261758416891,313.45200700964597,81.38121601834044
"mixed bridges, seed100",residual,2,0.007341234013438225,366.4805605843634,81.38121601834044
"mixed bridges, seed100",residual,2,0.010643356014043093,368.51500575430197,81.38121601834044
"mixed bridges, seed100",residual,2,0.013835446909070015,359.9030219127442,81.38121601834044
"mixed bridges, seed100",residual,2,0.017275428865104914,197.85164742668218,81.38121601834044
"mixed bridges, seed100",residual,2,0.020512650720775127,161.86804493160957,81.38121601834044
"mixed bridges, seed100",residual,2,0.02373604290187359,150.64017474679443,81.38121601834044
"mixed bridges, seed100",residual,2,0.026949394028633833,143.56548751992892,81.38121601834044
"mixed bridges, seed100",residual,2,0.03037192579358816,100.5211076617926,81.38121601834044
"mixed bridges, seed100",residual,2,0.03366247704252601,90.73357222345177,81.38121601834044
"mixed bridges, seed100",residual,2,0.03685808880254626,82.78318926197578,81.38121601834044
"mixed bridges, seed100",residual,2,0.04007062083110213,79.38071589636954,81.38121601834044
"mixed bridges, seed100",residual,2,0.043488373048603535,77.55931750505425,81.38121601834044
"mixed bridges, seed100",residual,2,0.046702384017407894,76.53593412987101,81.38121601834044
"mixed bridges, seed100",residual,2,0.04993225587531924,75.36515129696365,81.38121601834044
"mixed bridges, seed100",residual,2,0.05312825692817569,74.96922199312478,81.38121601834044
"mixed bridges, seed100",residual,2,0.056346768978983164,74.78536028096732,81.38121601834044
"mixed bridges, seed100",residual,2,0.05956056108698249,74.73562643259149,81.38121601834044
"mixed bridges, seed100",residual,2,0.06279335170984268,74.73152061754138,81.38121601834044
"mixed bridges, seed100",residual,2,0.06599246384575963,74.73142807115563,81.38121601834044
"mixed bridges, seed100",residual,2,0.06919112568721175,74.73142702075171,81.38121601834044
"mixed bridges, seed100",residual,2,0.07243365701287985,74.73142701088997,81.38121601834044
"mixed bridges, seed100",residual,2,0.0756350988522172,74.73142701079296,81.38121601834044
"mixed bridges, seed100",residual,2,0.07887003989890218,74.73142701079182,81.38121601834044
"mixed bridges, seed100",residual,2,0.08206263184547424,74.73142701079182,81.38121601834044
"mixed bridges, seed100",residual,2,0.08531024400144815,74.73142701079182,81.38121601834044
"mixed bridges, seed100",residual,2,0.08855171594768763,74.73142701079182,81.38121601834044
"mixed bridges, seed100",residual,2,0.09174441685900092,74.73142701079182,81.38121601834044
"mixed bridges, seed100",residual,2,0.09493168909102678,74.73142701079179,81.38121601834044
"mixed bridges, seed100",residual,2,0.09812510991469026,74.73142701079179,81.38121601834044
"mixed bridges, seed100",residual,2,0.10133378207683563,74.73142701079179,81.38121601834044
"mixed bridges, seed100",residual,2,0.1045124838128686,74.73142701079179,81.38121601834044
"mixed bridges, seed100",residual,2,0.10769386496394873,74.73142701079179,81.38121601834044
"mixed bridges, seed100",residual,2,0.11089628702029586,74.73142701079179,81.38121601834044
"mixed bridges, seed100",residual,2,0.11409648787230253,74.73142701079179,81.38121601834044
"mixed bridges, seed100",residual,2,0.11727900989353657,74.73142701079179,81.38121601834044
"mixed bridges, seed100",residual,2,0.12050334177911282,74.73142701079179,81.38121601834044
"mixed bridges, seed100",residual,2,0.12369707273319364,74.73142701079179,81.38121601834044
"mixed bridges, seed100",residual,2,0.12688395474106073,74.73142701079179,81.38121601834044
"mixed bridges, seed100",residual,2,0.13005668576806784,74.73142701079179,81.38121601834044
"mixed bridges, seed100",residual,2,0.1334134079515934,74.73142701079179,81.38121601834044
"mixed bridges, seed100",residual,2,0.13693619007244706,74.73142701079179,81.38121601834044
"mixed bridges, seed100",residual,2,0.1402096818201244,74.73142701079179,81.38121601834044
"mixed bridges, seed100",residual,2,0.14342282293364406,74.73142701079179,81.38121601834044
"mixed bridges, seed100",residual,2,0.14663794497027993,74.73142701079175,81.38121601834044
"mixed bridges, seed100",residual,2,0.14989571599289775,74.73142701079175,81.38121601834044
"mixed bridges, seed100",residual,2,0.15308460779488087,74.73142701079175,81.38121601834044
"mixed bridges, seed100",residual,2,0.1562919500283897,74.73142701079175,81.38121601834044
"mixed bridges, seed100",residual,2,0.1595141808502376,74.73142701079175,81.38121601834044
"mixed bridges, seed100",residual,2,0.16271576285362244,74.73142701079175,81.38121601834044
"mixed bridges, seed100",residual,2,0.1659345948137343,74.73142701079172,81.38121601834044
"mixed bridges, seed100",residual,2,0.16912134597077966,74.73142701079172,81.38121601834044
"mixed bridges, seed100",residual,2,0.17232455778867006,74.73142701079172,81.38121601834044
"mixed bridges, seed100",residual,2,0.175520789809525,74.73142701079172,81.38121601834044
"mixed bridges, seed100",residual,2,0.1787488106638193,74.73142701079172,81.38121601834044
"mixed bridges, seed100",residual,2,0.18194962292909622,74.73142701079172,81.38121601834044
"mixed bridges, seed100",residual,2,0.18516894476488233,74.73142701079172,81.38121601834044
"mixed bridges, seed100",residual,2,0.1883824858814478,74.73142701079172,81.38121601834044
"mixed bridges, seed100",residual,2,0.19162216782569885,74.73142701079172,81.38121601834044
"mixed bridges, seed100",residual,2,0.19480582885444164,74.73142701079172,81.38121601834044
"mixed bridges, seed100",information,0,0.003673091996461153,313.45200700964597,81.38121601834044
"mixed bridges, seed100",information,0,0.0073623135685920715,366.4805605843634,81.38121601834044
"mixed bridges, seed100",information,0,0.010589754674583673,368.51500575430197,81.38121601834044
"mixed bridges, seed100",information,0,0.013966676779091358,359.9030219127442,81.38121601834044
"mixed bridges, seed100",information,0,0.01807892881333828,197.85164742668218,81.38121601834044
"mixed bridges, seed100",information,0,0.021268650889396667,161.86804493160957,81.38121601834044
"mixed bridges, seed100",information,0,0.02446890203282237,150.64017474679443,81.38121601834044
"mixed bridges, seed100",information,0,0.027694033924490213,143.56548751992892,81.38121601834044
"mixed bridges, seed100",information,0,0.03169679595157504,100.5211076617926,81.38121601834044
"mixed bridges, seed100",information,0,0.03488925797864795,90.73357222345177,81.38121601834044
"mixed bridges, seed100",information,0,0.038091728929430246,82.78318926197578,81.38121601834044
"mixed bridges, seed100",information,0,0.041270320769399405,79.38071589636954,81.38121601834044
"mixed bridges, seed100",information,0,0.04524712264537811,77.55931750505425,81.38121601834044
"mixed bridges, seed100",information,0,0.04844226501882076,76.53593412987101,81.38121601834044
"mixed bridges, seed100",information,0,0.05166414566338062,75.36515129696365,81.38121601834044
"mixed bridges, seed100",information,0,0.05486119771376252,74.96922199312478,81.38121601834044
"mixed bridges, seed100",information,0,0.05804402893409133,74.78536028096732,81.38121601834044
"mixed bridges, seed100",information,0,0.06123134074732661,74.73562643259149,81.38121601834044
"mixed bridges, seed100",information,0,0.06446138257160783,74.73152061754138,81.38121601834044
"mixed bridges, seed100",information,0,0.06766178365796804,74.73142807115563,81.38121601834044
"mixed bridges, seed100",information,0,0.07085315557196736,74.73142702075171,81.38121601834044
"mixed bridges, seed100",information,0,0.07403377676382661,74.73142701088997,81.38121601834044
"mixed bridges, seed100",information,0,0.07722730888053775,74.73142701079296,81.38121601834044
"mixed bridges, seed100",information,0,0.0804230310022831,74.73142701079182,81.38121601834044
"mixed bridges, seed100",information,0,0.08361482201144099,74.73142701079182,81.38121601834044
"mixed bridges, seed100",information,0,0.08679738361388445,74.73142701079182,81.38121601834044
"mixed bridges, seed100",information,0,0.08998806588351727,74.73142701079182,81.38121601834044
"mixed bridges, seed100",information,0,0.09316378692165017,74.73142701079182,81.38121601834044
"mixed bridges, seed100",information,0,0.09634598903357983,74.73142701079179,81.38121601834044
"mixed bridges, seed100",information,0,0.09953584987670183,74.73142701079179,81.38121601834044
"mixed bridges, seed100",information,0,0.1029366017319262,74.73142701079179,81.38121601834044
"mixed bridges, seed100",information,0,0.10641153389587998,74.73142701079179,81.38121601834044
"mixed bridges, seed100",information,0,0.10961120575666428,74.73142701079179,81.38121601834044
"mixed bridges, seed100",information,0,0.11280258698388934,74.73142701079179,81.38121601834044
"mixed bridges, seed100",information,0,0.11600040877237916,74.73142701079179,81.38121601834044
"mixed bridges, seed100",information,0,0.11923628998920321,74.73142701079179,81.38121601834044
"mixed bridges, seed100",information,0,0.12242500158026814,74.73142701079179,81.38121601834044
"mixed bridges, seed100",information,0,0.12560093263164163,74.73142701079179,81.38121601834044
"mixed bridges, seed100",information,0,0.12878290470689535,74.73142701079179,81.38121601834044
"mixed bridges, seed100",information,0,0.13196614664047956,74.73142701079179,81.38121601834044
"mixed bridges, seed100",information,0,0.13520394871011376,74.73142701079179,81.38121601834044
"mixed bridges, seed100",information,0,0.13841129979118705,74.73142701079179,81.38121601834044
"mixed bridges, seed100",information,0,0.14160683192312717,74.73142701079179,81.38121601834044
"mixed bridges, seed100",information,0,0.1447796425782144,74.73142701079179,81.38121601834044
"mixed bridges, seed100",information,0,0.1479772748425603,74.73142701079175,81.38121601834044
"mixed bridges, seed100",information,0,0.15115089667961001,74.73142701079175,81.38121601834044
"mixed bridges, seed100",information,0,0.15438134782016277,74.73142701079175,81.38121601834044
"mixed bridges, seed100",information,0,0.15772730996832252,74.73142701079175,81.38121601834044
"mixed bridges, seed100",information,0,0.16156444186344743,74.73142701079175,81.38121601834044
"mixed bridges, seed100",information,0,0.1648601139895618,74.73142701079175,81.38121601834044
"mixed bridges, seed100",information,0,0.16843459475785494,74.73142701079172,81.38121601834044
"mixed bridges, seed100",information,0,0.1717517669312656,74.73142701079172,81.38121601834044
"mixed bridges, seed100",information,0,0.17534487880766392,74.73142701079172,81.38121601834044
"mixed bridges, seed100",information,0,0.17862261086702347,74.73142701079172,81.38121601834044
"mixed bridges, seed100",information,0,0.18235537270084023,74.73142701079172,81.38121601834044
"mixed bridges, seed100",information,0,0.18569012358784676,74.73142701079172,81.38121601834044
"mixed bridges, seed100",information,0,0.18944390583783388,74.73142701079172,81.38121601834044
"mixed bridges, seed100",information,0,0.1926745679229498,74.73142701079172,81.38121601834044
"mixed bridges, seed100",information,0,0.19595095980912447,74.73142701079172,81.38121601834044
"mixed bridges, seed100",information,0,0.19914895063266158,74.73142701079172,81.38121601834044
"mixed bridges, seed100",information,1,0.003413610626012087,313.45200700964597,81.38121601834044
"mixed bridges, seed100",information,1,0.006627172697335482,366.4805605843634,81.38121601834044
"mixed bridges, seed100",information,1,0.009854974690824747,368.51500575430197,81.38121601834044
"mixed bridges, seed100",information,1,0.01306359563022852,359.9030219127442,81.38121601834044
"mixed bridges, seed100",information,1,0.017094668932259083,197.85164742668218,81.38121601834044
"mixed bridges, seed100",information,1,0.020303019788116217,161.86804493160957,81.38121601834044
"mixed bridges, seed100",information,1,0.023580051958560944,150.64017474679443,81.38121601834044
"mixed bridges, seed100",information,1,0.026852732989937067,143.56548751992892,81.38121601834044
"mixed bridges, seed100",information,1,0.030891024973243475,100.5211076617926,81.38121601834044
"mixed bridges, seed100",information,1,0.03412022674456239,90.73357222345177,81.38121601834044
"mixed bridges, seed100",information,1,0.0373433087952435,82.78318926197578,81.38121601834044
"mixed bridges, seed100",information,1,0.040540709625929594,79.38071589636954,81.38121601834044
"mixed bridges, seed100",information,1,0.04455652181059122,77.55931750505425,81.38121601834044
"mixed bridges, seed100",information,1,0.04780582385137677,76.53593412987101,81.38121601834044
"mixed bridges, seed100",information,1,0.05100202560424805,75.36515129696365,81.38121601834044
"mixed bridges, seed100",information,1,0.054226796608418226,74.96922199312478,81.38121601834044
"mixed bridges, seed100",information,1,0.0574387488886714,74.78536028096732,81.38121601834044
"mixed bridges, seed100",information,1,0.060644120909273624,74.73562643259149,81.38121601834044
"mixed bridges, seed100",information,1,0.06384434178471565,74.73152061754138,81.38121601834044
"mixed bridges, seed100",information,1,0.06707802368327975,74.73142807115563,81.38121601834044
"mixed bridges, seed100",information,1,0.07028369605541229,74.73142702075171,81.38121601834044
"mixed bridges, seed100",information,1,0.07347203698009253,74.73142701088997,81.38121601834044
"mixed bridges, seed100",information,1,0.07666373904794455,74.73142701079296,81.38121601834044
"mixed bridges, seed100",information,1,0.0798904299736023,74.73142701079182,81.38121601834044
"mixed bridges, seed100",information,1,0.08312844205647707,74.73142701079182,81.38121601834044
"mixed bridges, seed100",information,1,0.08637116383761168,74.73142701079182,81.38121601834044
"mixed bridges, seed100",information,1,0.08955316478386521,74.73142701079182,81.38121601834044
"mixed bridges, seed100",information,1,0.0927608166821301,74.73142701079182,81.38121601834044
"mixed bridges, seed100",information,1,0.09596776869148016,74.73142701079179,81.38121601834044
"mixed bridges, seed100",information,1,0.09918433986604214,74.73142701079179,81.38121601834044
"mixed bridges, seed100",information,1,0.10236550169065595,74.73142701079179,81.38121601834044
"mixed bridges, seed100",information,1,0.10560846282169223,74.73142701079179,81.38121601834044
"mixed bridges, seed100",information,1,0.10880049504339695,74.73142701079179,81.38121601834044
"mixed bridges, seed100",information,1,0.11198391672223806,74.73142701079179,81.38121601834044
"mixed bridges, seed100",information,1,0.11517916806042194,74.73142701079179,81.38121601834044
"mixed bridges, seed100",information,1,0.11843033973127604,74.73142701079179,81.38121601834044
"mixed bridges, seed100",information,1,0.12159226182848215,74.73142701079179,81.38121601834044
"mixed bridges, seed100",information,1,0.1247628927230835,74.73142701079179,81.38121601834044
"mixed bridges, seed100",information,1,0.12796099483966827,74.73142701079179,81.38121601834044
"mixed bridges, seed100",information,1,0.13114118576049805,74.73142701079179,81.38121601834044
"mixed bridges, seed100",information,1,0.1343294377438724,74.73142701079179,81.38121601834044
"mixed bridges, seed100",information,1,0.13752519991248846,74.73142701079179,81.38121601834044
"mixed bridges, seed100",information,1,0.14072334067896008,74.73142701079179,81.38121601834044
"mixed bridges, seed100",information,1,0.14391002291813493,74.73142701079179,81.38121601834044
"mixed bridges, seed100",information,1,0.14713768381625414,74.73142701079175,81.38121601834044
"mixed bridges, seed100",information,1,0.15032624593004584,74.73142701079175,81.38121601834044
"mixed bridges, seed100",information,1,0.15353392763063312,74.73142701079175,81.38121601834044
"mixed bridges, seed100",information,1,0.1567166787572205,74.73142701079175,81.38121601834044
"mixed bridges, seed100",information,1,0.1599245509132743,74.73142701079175,81.38121601834044
"mixed bridges, seed100",information,1,0.16310485266149044,74.73142701079175,81.38121601834044
"mixed bridges, seed100",information,1,0.16629219381138682,74.73142701079172,81.38121601834044
"mixed bridges, seed100",information,1,0.16948323603719473,74.73142701079172,81.38121601834044
"mixed bridges, seed100",information,1,0.17266516806557775,74.73142701079172,81.38121601834044
"mixed bridges, seed100",information,1,0.17584787867963314,74.73142701079172,81.38121601834044
"mixed bridges, seed100",information,1,0.17905725073069334,74.73142701079172,81.38121601834044
"mixed bridges, seed100",information,1,0.18226327281445265,74.73142701079172,81.38121601834044
"mixed bridges, seed100",information,1,0.18546471372246742,74.73142701079172,81.38121601834044
"mixed bridges, seed100",information,1,0.18865857599303126,74.73142701079172,81.38121601834044
"mixed bridges, seed100",information,1,0.19184573693200946,74.73142701079172,81.38121601834044
"mixed bridges, seed100",information,1,0.1950741489417851,74.73142701079172,81.38121601834044
"mixed bridges, seed100",information,2,0.0035980823449790478,313.45200700964597,81.38121601834044
"mixed bridges, seed100",information,2,0.007319873198866844,366.4805605843634,81.38121601834044
"mixed bridges, seed100",information,2,0.010656445287168026,368.51500575430197,81.38121601834044
"mixed bridges, seed100",information,2,0.013894957024604082,359.9030219127442,81.38121601834044
"mixed bridges, seed100",information,2,0.017926099244505167,197.85164742668218,81.38121601834044
"mixed bridges, seed100",information,2,0.021161591168493032,161.86804493160957,81.38121601834044
"mixed bridges, seed100",information,2,0.024358412250876427,150.64017474679443,81.38121601834044
"mixed bridges, seed100",information,2,0.02760913409292698,143.56548751992892,81.38121601834044
"mixed bridges, seed100",information,2,0.031619125977158546,100.5211076617926,81.38121601834044
"mixed bridges, seed100",information,2,0.03482684725895524,90.73357222345177,81.38121601834044
"mixed bridges, seed100",information,2,0.03811350930482149,82.78318926197578,81.38121601834044
"mixed bridges, seed100",information,2,0.04131952114403248,79.38071589636954,81.38121601834044
"mixed bridges, seed100",information,2,0.04531922331079841,77.55931750505425,81.38121601834044
"mixed bridges, seed100",information,2,0.04855049401521683,76.53593412987101,81.38121601834044
"mixed bridges, seed100",information,2,0.051770896185189486,75.36515129696365,81.38121601834044
"mixed bridges, seed100",information,2,0.054956548381596804,74.96922199312478,81.38121601834044
"mixed bridges, seed100",information,2,0.058276689145714045,74.78536028096732,81.38121601834044
"mixed bridges, seed100",information,2,0.061835311353206635,74.73562643259149,81.38121601834044
"mixed bridges, seed100",information,2,0.06511006318032742,74.73152061754138,81.38121601834044
"mixed bridges, seed100",information,2,0.06835534423589706,74.73142807115563,81.38121601834044
"mixed bridges, seed100",information,2,0.07164689619094133,74.73142702075171,81.38121601834044
"mixed bridges, seed100",information,2,0.0749434381723404,74.73142701088997,81.38121601834044
"mixed bridges, seed100",information,2,0.07813940942287445,74.73142701079296,81.38121601834044
"mixed bridges, seed100",information,2,0.08143544103950262,74.73142701079182,81.38121601834044
"mixed bridges, seed100",information,2,0.08491880306974053,74.73142701079182,81.38121601834044
"mixed bridges, seed100",information,2,0.08809737442061305,74.73142701079182,81.38121601834044
"mixed bridges, seed100",information,2,0.09128369623795152,74.73142701079182,81.38121601834044
"mixed bridges, seed100",information,2,0.09447659831494093,74.73142701079182,81.38121601834044
"mixed bridges, seed100",information,2,0.0977839701808989,74.73142701079179,81.38121601834044
"mixed bridges, seed100",information,2,0.10104608116671443,74.73142701079179,81.38121601834044
"mixed bridges, seed100",information,2,0.10421601310372353,74.73142701079179,81.38121601834044
"mixed bridges, seed100",information,2,0.10740840435028076,74.73142701079179,81.38121601834044
"mixed bridges, seed100",information,2,0.110640206374228,74.73142701079179,81.38121601834044
"mixed bridges, seed100",information,2,0.11386701837182045,74.73142701079179,81.38121601834044
"mixed bridges, seed100",information,2,0.1170594091527164,74.73142701079179,81.38121601834044
"mixed bridges, seed100",information,2,0.12024766113609076,74.73142701079179,81.38121601834044
"mixed bridges, seed100",information,2,0.12341265240684152,74.73142701079179,81.38121601834044
"mixed bridges, seed100",information,2,0.1265772944316268,74.73142701079179,81.38121601834044
"mixed bridges, seed100",information,2,0.129795556422323,74.73142701079179,81.38121601834044
"mixed bridges, seed100",information,2,0.1329740770161152,74.73142701079179,81.38121601834044
"mixed bridges, seed100",information,2,0.1361504690721631,74.73142701079179,81.38121601834044
"mixed bridges, seed100",information,2,0.1393084512092173,74.73142701079179,81.38121601834044
"mixed bridges, seed100",information,2,0.14249132201075554,74.73142701079179,81.38121601834044
"mixed bridges, seed100",information,2,0.1456530843861401,74.73142701079179,81.38121601834044
"mixed bridges, seed100",information,2,0.14893600530922413,74.73142701079175,81.38121601834044
"mixed bridges, seed100",information,2,0.1521218870766461,74.73142701079175,81.38121601834044
"mixed bridges, seed100",information,2,0.15529821906238794,74.73142701079175,81.38121601834044
"mixed bridges, seed100",information,2,0.15848516020923853,74.73142701079175,81.38121601834044
"mixed bridges, seed100",information,2,0.16172548197209835,74.73142701079175,81.38121601834044
"mixed bridges, seed100",information,2,0.16503180423751473,74.73142701079175,81.38121601834044
"mixed bridges, seed100",information,2,0.1684860261157155,74.73142701079172,81.38121601834044
"mixed bridges, seed100",information,2,0.17171021737158298,74.73142701079172,81.38121601834044
"mixed bridges, seed100",information,2,0.17490156926214695,74.73142701079172,81.38121601834044
"mixed bridges, seed100",information,2,0.17805859027430415,74.73142701079172,81.38121601834044
"mixed bridges, seed100",information,2,0.18127215234562755,74.73142701079172,81.38121601834044
"mixed bridges, seed100",information,2,0.18443340342491865,74.73142701079172,81.38121601834044
"mixed bridges, seed100",information,2,0.18757059518247843,74.73142701079172,81.38121601834044
"mixed bridges, seed100",information,2,0.1907386570237577,74.73142701079172,81.38121601834044
"mixed bridges, seed100",information,2,0.1938935681246221,74.73142701079172,81.38121601834044
"mixed bridges, seed100",information,2,0.19705722015351057,74.73142701079172,81.38121601834044
"corrupt bridges, seed100",fixed,0,0.0032800622284412384,156.1081774971345,148.98693417989048
"corrupt bridges, seed100",fixed,0,0.006947272922843695,153.04718023512015,148.98693417989048
"corrupt bridges, seed100",fixed,0,0.010276335291564465,152.21916676324093,148.98693417989048
"corrupt bridges, seed100",fixed,0,0.013489956967532635,151.89325919483625,148.98693417989048
"corrupt bridges, seed100",fixed,0,0.01672172825783491,151.78162416936772,148.98693417989048
"corrupt bridges, seed100",fixed,0,0.019959030207246542,151.6922491472091,148.98693417989048
"corrupt bridges, seed100",fixed,0,0.02317517204210162,151.54049987480138,148.98693417989048
"corrupt bridges, seed100",fixed,0,0.026413322892040014,151.25573852585526,148.98693417989048
"corrupt bridges, seed100",fixed,0,0.029625865165144205,150.74129850960875,148.98693417989048
"corrupt bridges, seed100",fixed,0,0.03281277697533369,149.94368521534855,148.98693417989048
"corrupt bridges, seed100",fixed,0,0.035987208131700754,149.31236382655806,148.98693417989048
"corrupt bridges, seed100",fixed,0,0.039197690319269896,147.37527009904207,148.98693417989048
"corrupt bridges, seed100",fixed,0,0.04239380219951272,146.5529807951381,148.98693417989048
"corrupt bridges, seed100",fixed,0,0.04561236314475536,141.36305808831543,148.98693417989048
"corrupt bridges, seed100",fixed,0,0.04879531404003501,139.7601826201566,148.98693417989048
"corrupt bridges, seed100",fixed,0,0.051996605936437845,139.7601826201566,148.98693417989048
"corrupt bridges, seed100",fixed,0,0.055195228196680546,138.18469533257021,148.98693417989048
"corrupt bridges, seed100",fixed,0,0.05839060992002487,138.18469533257021,148.98693417989048
"corrupt bridges, seed100",fixed,0,0.06160755129531026,137.97958172269009,148.98693417989048
"corrupt bridges, seed100",fixed,0,0.06485743308439851,137.80766605738694,148.98693417989048
"corrupt bridges, seed100",fixed,0,0.06806429522112012,137.80766605738694,148.98693417989048
"corrupt bridges, seed100",fixed,0,0.07126602623611689,137.6459068771126,148.98693417989048
"corrupt bridges, seed100",fixed,0,0.07446615817025304,137.49249902710167,148.98693417989048
"corrupt bridges, seed100",fixed,0,0.07769960910081863,137.49249902710167,148.98693417989048
"corrupt bridges, seed100",fixed,0,0.08089413121342659,137.33231775938046,148.98693417989048
"corrupt bridges, seed100",fixed,0,0.08410048298537731,137.17791453108669,148.98693417989048
"corrupt bridges, seed100",fixed,0,0.08729396387934685,137.17791453108669,148.98693417989048
"corrupt bridges, seed100",fixed,0,0.09047157596796751,136.98467204338021,148.98693417989048
"corrupt bridges, seed100",fixed,0,0.09368940722197294,136.79601527496064,148.98693417989048
"corrupt bridges, seed100",fixed,0,0.0968981790356338,136.79601527496064,148.98693417989048
"corrupt bridges, seed100",fixed,0,0.10012969095259905,136.48758261198412,148.98693417989048
"corrupt bridges, seed100",fixed,0,0.10333884228020906,136.1313357745533,148.98693417989048
"corrupt bridges, seed100",fixed,0,0.10653740400448442,135.5433599115644,148.98693417989048
"corrupt bridges, seed100",fixed,0,0.10974499629810452,133.81094628018977,148.98693417989048
"corrupt bridges, seed100",fixed,0,0.11293490696698427,133.81094628018977,148.98693417989048
"corrupt bridges, seed100",fixed,0,0.11627701902762055,133.1697727831223,148.98693417989048
"corrupt bridges, seed100",fixed,0,0.11949557019397616,133.08027463385477,148.98693417989048
"corrupt bridges, seed100",fixed,0,0.1227130121551454,132.90153396345667,148.98693417989048
"corrupt bridges, seed100",fixed,0,0.12592072412371635,132.72835781395494,148.98693417989048
"corrupt bridges, seed100",fixed,0,0.1291108150035143,132.5382322401426,148.98693417989048
"corrupt bridges, seed100",fixed,0,0.13232780713588,132.3049991651354,148.98693417989048
"corrupt bridges, seed100",fixed,0,0.13556599896401167,131.9830433569113,148.98693417989048
"corrupt bridges, seed100",fixed,0,0.13876511994749308,131.9830433569113,148.98693417989048
"corrupt bridges, seed100",fixed,0,0.1419577319175005,131.51291759234374,148.98693417989048
"corrupt bridges, seed100",fixed,0,0.14518954418599606,130.89611037522585,148.98693417989048
"corrupt bridges, seed100",fixed,0,0.1484996252693236,130.89611037522585,148.98693417989048
"corrupt bridges, seed100",fixed,0,0.15190424723550677,130.2072554391593,148.98693417989048
"corrupt bridges, seed100",fixed,0,0.15516422921791673,130.11709120551112,148.98693417989048
"corrupt bridges, seed100",fixed,0,0.15837251022458076,129.99943511568264,148.98693417989048
"corrupt bridges, seed100",fixed,0,0.16161256190389395,129.90128003578425,148.98693417989048
"corrupt bridges, seed100",fixed,0,0.1648249439895153,129.8110877406279,148.98693417989048
"corrupt bridges, seed100",fixed,0,0.16805400513112545,129.71990116713897,148.98693417989048
"corrupt bridges, seed100",fixed,0,0.17126045702025294,129.62184904381417,148.98693417989048
"corrupt bridges, seed100",fixed,0,0.17447261791676283,129.510964301458,148.98693417989048
"corrupt bridges, seed100",fixed,0,0.17768588988110423,129.37878568942656,148.98693417989048
"corrupt bridges, seed100",fixed,0,0.18089414201676846,129.21099722118362,148.98693417989048
"corrupt bridges, seed100",fixed,0,0.18411593325436115,128.9807455149292,148.98693417989048
"corrupt bridges, seed100",fixed,0,0.18732209503650665,128.63534954817996,148.98693417989048
"corrupt bridges, seed100",fixed,0,0.19055835716426373,128.081584297338,148.98693417989048
"corrupt bridges, seed100",fixed,0,0.19378565810620785,128.081584297338,148.98693417989048
"corrupt bridges, seed100",fixed,1,0.003437291830778122,156.1081774971345,148.98693417989048
"corrupt bridges, seed100",fixed,1,0.007230823859572411,153.04718023512015,148.98693417989048
"corrupt bridges, seed100",fixed,1,0.010609906166791916,152.21916676324093,148.98693417989048
"corrupt bridges, seed100",fixed,1,0.01381866680458188,151.89325919483625,148.98693417989048
"corrupt bridges, seed100",fixed,1,0.017085828818380833,151.78162416936772,148.98693417989048
"corrupt bridges, seed100",fixed,1,0.020300791133195162,151.6922491472091,148.98693417989048
"corrupt bridges, seed100",fixed,1,0.02352327201515436,151.54049987480138,148.98693417989048
"corrupt bridges, seed100",fixed,1,0.026739243883639574,151.25573852585526,148.98693417989048
"corrupt bridges, seed100",fixed,1,0.029962575994431973,150.74129850960875,148.98693417989048
"corrupt bridges, seed100",fixed,1,0.0331718772649765,149.94368521534855,148.98693417989048
"corrupt bridges, seed100",fixed,1,0.03646213887259364,149.31236382655806,148.98693417989048
"corrupt bridges, seed100",fixed,1,0.039654461201280355,147.37527009904207,148.98693417989048
"corrupt bridges, seed100",fixed,1,0.04292294196784496,146.5529807951381,148.98693417989048
"corrupt bridges, seed100",fixed,1,0.04613256407901645,141.36305808831543,148.98693417989048
"corrupt bridges, seed100",fixed,1,0.04935161489993334,139.7601826201566,148.98693417989048
"corrupt bridges, seed100",fixed,1,0.05255252681672573,139.7601826201566,148.98693417989048
"corrupt bridges, seed100",fixed,1,0.055764258839190006,138.18469533257021,148.98693417989048
"corrupt bridges, seed100",fixed,1,0.05895273992791772,138.18469533257021,148.98693417989048
"corrupt bridges, seed100",fixed,1,0.062166502233594656,137.97958172269009,148.98693417989048
"corrupt bridges, seed100",fixed,1,0.06537812296301126,137.80766605738694,148.98693417989048
"corrupt bridges, seed100",fixed,1,0.06860006507486105,137.80766605738694,148.98693417989048
"corrupt bridges, seed100",fixed,1,0.07181642716750503,137.6459068771126,148.98693417989048
"corrupt bridges, seed100",fixed,1,0.07499964814633131,137.49249902710167,148.98693417989048
"corrupt bridges, seed100",fixed,1,0.07819656003266573,137.49249902710167,148.98693417989048
"corrupt bridges, seed100",fixed,1,0.08139602188020945,137.33231775938046,148.98693417989048
"corrupt bridges, seed100",fixed,1,0.08465759316459298,137.17791453108669,148.98693417989048
"corrupt bridges, seed100",fixed,1,0.08785451482981443,137.17791453108669,148.98693417989048
"corrupt bridges, seed100",fixed,1,0.0911246370524168,136.98467204338021,148.98693417989048
"corrupt bridges, seed100",fixed,1,0.09438432799652219,136.79601527496064,148.98693417989048
"corrupt bridges, seed100",fixed,1,0.09760907990857959,136.79601527496064,148.98693417989048
"corrupt bridges, seed100",fixed,1,0.10081075225025415,136.48758261198412,148.98693417989048
"corrupt bridges, seed100",fixed,1,0.10405104281380773,136.1313357745533,148.98693417989048
"corrupt bridges, seed100",fixed,1,0.10725432494655252,135.5433599115644,148.98693417989048
"corrupt bridges, seed100",fixed,1,0.11044576624408364,133.81094628018977,148.98693417989048
"corrupt bridges, seed100",fixed,1,0.11365506798028946,133.81094628018977,148.98693417989048
"corrupt bridges, seed100",fixed,1,0.11683714995160699,133.1697727831223,148.98693417989048
"corrupt bridges, seed100",fixed,1,0.12005565082654357,133.08027463385477,148.98693417989048
"corrupt bridges, seed100",fixed,1,0.12327983323484659,132.90153396345667,148.98693417989048
"corrupt bridges, seed100",fixed,1,0.12650632485747337,132.72835781395494,148.98693417989048
"corrupt bridges, seed100",fixed,1,0.12975059589371085,132.5382322401426,148.98693417989048
"corrupt bridges, seed100",fixed,1,0.1329660378396511,132.3049991651354,148.98693417989048
"corrupt bridges, seed100",fixed,1,0.13618481997400522,131.9830433569113,148.98693417989048
"corrupt bridges, seed100",fixed,1,0.1393951210193336,131.9830433569113,148.98693417989048
"corrupt bridges, seed100",fixed,1,0.14258520305156708,131.51291759234374,148.98693417989048
"corrupt bridges, seed100",fixed,1,0.14581212401390076,130.89611037522585,148.98693417989048
"corrupt bridges, seed100",fixed,1,0.14899826608598232,130.89611037522585,148.98693417989048
"corrupt bridges, seed100",fixed,1,0.15219790814444423,130.2072554391593,148.98693417989048
"corrupt bridges, seed100",fixed,1,0.15542679885402322,130.11709120551112,148.98693417989048
"corrupt bridges, seed100",fixed,1,0.15864789113402367,129.99943511568264,148.98693417989048
"corrupt bridges, seed100",fixed,1,0.16185950301587582,129.90128003578425,148.98693417989048
"corrupt bridges, seed100",fixed,1,0.16508046397939324,129.8110877406279,148.98693417989048
"corrupt bridges, seed100",fixed,1,0.1683016661554575,129.71990116713897,148.98693417989048
"corrupt bridges, seed100",fixed,1,0.17156691709533334,129.62184904381417,148.98693417989048
"corrupt bridges, seed100",fixed,1,0.17479666881263256,129.510964301458,148.98693417989048
"corrupt bridges, seed100",fixed,1,0.17801271099597216,129.37878568942656,148.98693417989048
"corrupt bridges, seed100",fixed,1,0.18123063212260604,129.21099722118362,148.98693417989048
"corrupt bridges, seed100",fixed,1,0.18441971391439438,128.9807455149292,148.98693417989048
"corrupt bridges, seed100",fixed,1,0.1876403158530593,128.63534954817996,148.98693417989048
"corrupt bridges, seed100",fixed,1,0.1908598868176341,128.081584297338,148.98693417989048
"corrupt bridges, seed100",fixed,1,0.19407299906015396,128.081584297338,148.98693417989048
"corrupt bridges, seed100",fixed,2,0.0032804119400680065,156.1081774971345,148.98693417989048
"corrupt bridges, seed100",fixed,2,0.006947793066501617,153.04718023512015,148.98693417989048
"corrupt bridges, seed100",fixed,2,0.010361794847995043,152.21916676324093,148.98693417989048
"corrupt bridges, seed100",fixed,2,0.013559456914663315,151.89325919483625,148.98693417989048
"corrupt bridges, seed100",fixed,2,0.016792007721960545,151.78162416936772,148.98693417989048
"corrupt bridges, seed100",fixed,2,0.0200183498673141,151.6922491472091,148.98693417989048
"corrupt bridges, seed100",fixed,2,0.02324777189642191,151.54049987480138,148.98693417989048
"corrupt bridges, seed100",fixed,2,0.026444423012435436,151.25573852585526,148.98693417989048
"corrupt bridges, seed100",fixed,2,0.029838385060429573,150.74129850960875,148.98693417989048
"corrupt bridges, seed100",fixed,2,0.03303982689976692,149.94368521534855,148.98693417989048
"corrupt bridges, seed100",fixed,2,0.0362548278644681,149.31236382655806,148.98693417989048
"corrupt bridges, seed100",fixed,2,0.039458689745515585,147.37527009904207,148.98693417989048
"corrupt bridges, seed100",fixed,2,0.04266052087768912,146.5529807951381,148.98693417989048
"corrupt bridges, seed100",fixed,2,0.04600861296057701,141.36305808831543,148.98693417989048
"corrupt bridges, seed100",fixed,2,0.049487315118312836,139.7601826201566,148.98693417989048
"corrupt bridges, seed100",fixed,2,0.05268589686602354,139.7601826201566,148.98693417989048
"corrupt bridges, seed100",fixed,2,0.055893107783049345,138.18469533257021,148.98693417989048
"corrupt bridges, seed100",fixed,2,0.05911966972053051,138.18469533257021,148.98693417989048
"corrupt bridges, seed100",fixed,2,0.06233783112838864,137.97958172269009,148.98693417989048
"corrupt bridges, seed100",fixed,2,0.0655584828928113,137.80766605738694,148.98693417989048
"corrupt bridges, seed100",fixed,2,0.06875370489433408,137.80766605738694,148.98693417989048
"corrupt bridges, seed100",fixed,2,0.07195544568821788,137.6459068771126,148.98693417989048
"corrupt bridges, seed100",fixed,2,0.0751872081309557,137.49249902710167,148.98693417989048
"corrupt bridges, seed100",fixed,2,0.07838258007541299,137.49249902710167,148.98693417989048
"corrupt bridges, seed100",fixed,2,0.08158087078481913,137.33231775938046,148.98693417989048
"corrupt bridges, seed100",fixed,2,0.08478304278105497,137.17791453108669,148.98693417989048
"corrupt bridges, seed100",fixed,2,0.08797479467466474,137.17791453108669,148.98693417989048
"corrupt bridges, seed100",fixed,2,0.0911931861191988,136.98467204338021,148.98693417989048
"corrupt bridges, seed100",fixed,2,0.0943920579738915,136.79601527496064,148.98693417989048
"corrupt bridges, seed100",fixed,2,0.09758433885872364,136.79601527496064,148.98693417989048
"corrupt bridges, seed100",fixed,2,0.10081178089603782,136.48758261198412,148.98693417989048
"corrupt bridges, seed100",fixed,2,0.10402935277670622,136.1313357745533,148.98693417989048
"corrupt bridges, seed100",fixed,2,0.10726556368172169,135.5433599115644,148.98693417989048
"corrupt bridges, seed100",fixed,2,0.1104817558079958,133.81094628018977,148.98693417989048
"corrupt bridges, seed100",fixed,2,0.11367257684469223,133.81094628018977,148.98693417989048
"corrupt bridges, seed100",fixed,2,0.1168766189366579,133.1697727831223,148.98693417989048
"corrupt bridges, seed100",fixed,2,0.12008631089702249,133.08027463385477,148.98693417989048
"corrupt bridges, seed100",fixed,2,0.1232975129969418,132.90153396345667,148.98693417989048
"corrupt bridges, seed100",fixed,2,0.1267087240703404,132.72835781395494,148.98693417989048
"corrupt bridges, seed100",fixed,2,0.1306265858002007,132.5382322401426,148.98693417989048
"corrupt bridges, seed100",fixed,2,0.1339184078387916,132.3049991651354,148.98693417989048
"corrupt bridges, seed100",fixed,2,0.13754823012277484,131.9830433569113,148.98693417989048
"corrupt bridges, seed100",fixed,2,0.14085560105741024,131.9830433569113,148.98693417989048
"corrupt bridges, seed100",fixed,2,0.1444502528756857,131.51291759234374,148.98693417989048
"corrupt bridges, seed100",fixed,2,0.14771944470703602,130.89611037522585,148.98693417989048
"corrupt bridges, seed100",fixed,2,0.15100609604269266,130.89611037522585,148.98693417989048
"corrupt bridges, seed100",fixed,2,0.15421721804887056,130.2072554391593,148.98693417989048
"corrupt bridges, seed100",fixed,2,0.15743137011304498,130.11709120551112,148.98693417989048
"corrupt bridges, seed100",fixed,2,0.1606411007232964,129.99943511568264,148.98693417989048
"corrupt bridges, seed100",fixed,2,0.16382651310414076,129.90128003578425,148.98693417989048
"corrupt bridges, seed100",fixed,2,0.16702796472236514,129.8110877406279,148.98693417989048
"corrupt bridges, seed100",fixed,2,0.17024488607421517,129.71990116713897,148.98693417989048
"corrupt bridges, seed100",fixed,2,0.1734334579668939,129.62184904381417,148.98693417989048
"corrupt bridges, seed100",fixed,2,0.17671452974900603,129.510964301458,148.98693417989048
"corrupt bridges, seed100",fixed,2,0.18014389090240002,129.37878568942656,148.98693417989048
"corrupt bridges, seed100",fixed,2,0.18337362306192517,129.21099722118362,148.98693417989048
"corrupt bridges, seed100",fixed,2,0.1866138051263988,128.9807455149292,148.98693417989048
"corrupt bridges, seed100",fixed,2,0.18991057574748993,128.63534954817996,148.98693417989048
"corrupt bridges, seed100",fixed,2,0.19366634776815772,128.081584297338,148.98693417989048
"corrupt bridges, seed100",fixed,2,0.19702911982312799,128.081584297338,148.98693417989048
"corrupt bridges, seed100",ordinary,0,0.0035186121240258217,323.121735487046,148.98693417989048
"corrupt bridges, seed100",ordinary,0,0.007227092981338501,411.2568873529185,148.98693417989048
"corrupt bridges, seed100",ordinary,0,0.010512145236134529,457.6941641573437,148.98693417989048
"corrupt bridges, seed100",ordinary,0,0.013727526180446148,476.4403730124399,148.98693417989048
"corrupt bridges, seed100",ordinary,0,0.016918187960982323,249.66119015307464,148.98693417989048
"corrupt bridges, seed100",ordinary,0,0.02017023041844368,201.16318850564684,148.98693417989048
"corrupt bridges, seed100",ordinary,0,0.023366602137684822,188.718968147387,148.98693417989048
"corrupt bridges, seed100",ordinary,0,0.02660520328208804,184.66136972255163,148.98693417989048
"corrupt bridges, seed100",ordinary,0,0.02978773508220911,152.45763216978062,148.98693417989048
"corrupt bridges, seed100",ordinary,0,0.033002316020429134,145.83828525892733,148.98693417989048
"corrupt bridges, seed100",ordinary,0,0.0362345683388412,140.02759706213746,148.98693417989048
"corrupt bridges, seed100",ordinary,0,0.03943776013329625,137.00199060913775,148.98693417989048
"corrupt bridges, seed100",ordinary,0,0.04266348108649254,133.99258669561735,148.98693417989048
"corrupt bridges, seed100",ordinary,0,0.04589167330414057,133.99258669561735,148.98693417989048
"corrupt bridges, seed100",ordinary,0,0.04916807496920228,132.2041438415841,148.98693417989048
"corrupt bridges, seed100",ordinary,0,0.05239641619846225,132.09831930506374,148.98693417989048
"corrupt bridges, seed100",ordinary,0,0.055645658168941736,131.47337886597873,148.98693417989048
"corrupt bridges, seed100",ordinary,0,0.05887752026319504,131.35009350297912,148.98693417989048
"corrupt bridges, seed100",ordinary,0,0.06208870140835643,130.9700173425526,148.98693417989048
"corrupt bridges, seed100",ordinary,0,0.0653260531835258,130.65625118428005,148.98693417989048
"corrupt bridges, seed100",ordinary,0,0.06852031406015158,130.65625118428005,148.98693417989048
"corrupt bridges, seed100",ordinary,0,0.07169841602444649,130.4064516593899,148.98693417989048
"corrupt bridges, seed100",ordinary,0,0.07491235807538033,130.25175471211668,148.98693417989048
"corrupt bridges, seed100",ordinary,0,0.07820863928645849,130.25175471211668,148.98693417989048
"corrupt bridges, seed100",ordinary,0,0.0813920609652996,130.05547279997646,148.98693417989048
"corrupt bridges, seed100",ordinary,0,0.08460921328514814,129.80745501774612,148.98693417989048
"corrupt bridges, seed100",ordinary,0,0.08782093413174152,129.40550371019648,148.98693417989048
"corrupt bridges, seed100",ordinary,0,0.09099718602374196,129.40550371019648,148.98693417989048
"corrupt bridges, seed100",ordinary,0,0.09418603824451566,128.3520611824885,148.98693417989048
"corrupt bridges, seed100",ordinary,0,0.09736274927854538,127.69280643072925,148.98693417989048
"corrupt bridges, seed100",ordinary,0,0.10055591119453311,127.69280643072925,148.98693417989048
"corrupt bridges, seed100",ordinary,0,0.10379352234303951,127.13122542441783,148.98693417989048
"corrupt bridges, seed100",ordinary,0,0.10702440422028303,127.13122542441783,148.98693417989048
"corrupt bridges, seed100",ordinary,0,0.11023135622963309,126.97832139407457,148.98693417989048
"corrupt bridges, seed100",ordinary,0,0.11354210739955306,126.86499353988152,148.98693417989048
"corrupt bridges, seed100",ordinary,0,0.11678066896274686,126.68450376933309,148.98693417989048
"corrupt bridges, seed100",ordinary,0,0.12001406121999025,126.68450376933309,148.98693417989048
"corrupt bridges, seed100",ordinary,0,0.12335513206198812,126.5057405083656,148.98693417989048
"corrupt bridges, seed100",ordinary,0,0.12677222397178411,126.37063378933793,148.98693417989048
"corrupt bridges, seed100",ordinary,0,0.1300842361524701,126.14565344794603,148.98693417989048
"corrupt bridges, seed100",ordinary,0,0.13338374719023705,125.88867861709222,148.98693417989048
"corrupt bridges, seed100",ordinary,0,0.13660156913101673,125.5895890854082,148.98693417989048
"corrupt bridges, seed100",ordinary,0,0.13984103128314018,125.22556570555824,148.98693417989048
"corrupt bridges, seed100",ordinary,0,0.14305587206035852,124.75742842619232,148.98693417989048
"corrupt bridges, seed100",ordinary,0,0.14625719422474504,124.75742842619232,148.98693417989048
"corrupt bridges, seed100",ordinary,0,0.1494794562458992,124.16452324584941,148.98693417989048
"corrupt bridges, seed100",ordinary,0,0.1527125369757414,123.77108448027896,148.98693417989048
"corrupt bridges, seed100",ordinary,0,0.15590224927291274,123.68616164823555,148.98693417989048
"corrupt bridges, seed100",ordinary,0,0.15911554032936692,122.58764952596144,148.98693417989048
"corrupt bridges, seed100",ordinary,0,0.16244003223255277,122.58764952596144,148.98693417989048
"corrupt bridges, seed100",ordinary,0,0.16562471399083734,122.25486382484627,148.98693417989048
"corrupt bridges, seed100",ordinary,0,0.16883150534704328,122.04911075869668,148.98693417989048
"corrupt bridges, seed100",ordinary,0,0.17218956723809242,122.04911075869668,148.98693417989048
"corrupt bridges, seed100",ordinary,0,0.17575522931292653,121.79597698683152,148.98693417989048
"corrupt bridges, seed100",ordinary,0,0.17894058115780354,121.67466670537927,148.98693417989048
"corrupt bridges, seed100",ordinary,0,0.18216975219547749,121.48791943343188,148.98693417989048
"corrupt bridges, seed100",ordinary,0,0.18543636426329613,121.31841449975585,148.98693417989048
"corrupt bridges, seed100",ordinary,0,0.18867655517533422,121.16449526988276,148.98693417989048
"corrupt bridges, seed100",ordinary,0,0.19187427731230855,121.16449526988276,148.98693417989048
"corrupt bridges, seed100",ordinary,0,0.19508576905354857,121.03630623553964,148.98693417989048
"corrupt bridges, seed100",ordinary,1,0.003514382056891918,323.121735487046,148.98693417989048
"corrupt bridges, seed100",ordinary,1,0.007269423920661211,411.2568873529185,148.98693417989048
"corrupt bridges, seed100",ordinary,1,0.010571666061878204,457.6941641573437,148.98693417989048
"corrupt bridges, seed100",ordinary,1,0.013797456864267588,476.4403730124399,148.98693417989048
"corrupt bridges, seed100",ordinary,1,0.01702422881498933,249.66119015307464,148.98693417989048
"corrupt bridges, seed100",ordinary,1,0.020265241153538227,201.16318850564684,148.98693417989048
"corrupt bridges, seed100",ordinary,1,0.023469742853194475,188.718968147387,148.98693417989048
"corrupt bridges, seed100",ordinary,1,0.026706563774496317,184.66136972255163,148.98693417989048
"corrupt bridges, seed100",ordinary,1,0.029955335892736912,152.45763216978062,148.98693417989048
"corrupt bridges, seed100",ordinary,1,0.033147897105664015,145.83828525892733,148.98693417989048
"corrupt bridges, seed100",ordinary,1,0.03637826908379793,140.02759706213746,148.98693417989048
"corrupt bridges, seed100",ordinary,1,0.03957686014473438,137.00199060913775,148.98693417989048
"corrupt bridges, seed100",ordinary,1,0.04281109198927879,133.99258669561735,148.98693417989048
"corrupt bridges, seed100",ordinary,1,0.04612149391323328,133.99258669561735,148.98693417989048
"corrupt bridges, seed100",ordinary,1,0.049419115763157606,132.2041438415841,148.98693417989048
"corrupt bridges, seed100",ordinary,1,0.05277004698291421,132.09831930506374,148.98693417989048
"corrupt bridges, seed100",ordinary,1,0.05598234897479415,131.47337886597873,148.98693417989048
"corrupt bridges, seed100",ordinary,1,0.059204949997365475,131.35009350297912,148.98693417989048
"corrupt bridges, seed100",ordinary,1,0.062495131976902485,130.9700173425526,148.98693417989048
"corrupt bridges, seed100",ordinary,1,0.06576649378985167,130.65625118428005,148.98693417989048
"corrupt bridges, seed100",ordinary,1,0.06899676518514752,130.65625118428005,148.98693417989048
"corrupt bridges, seed100",ordinary,1,0.07230624696239829,130.4064516593899,148.98693417989048
"corrupt bridges, seed100",ordinary,1,0.07552525913342834,130.25175471211668,148.98693417989048
"corrupt bridges, seed100",ordinary,1,0.07877663103863597,130.25175471211668,148.98693417989048
"corrupt bridges, seed100",ordinary,1,0.08202071208506823,130.05547279997646,148.98693417989048
"corrupt bridges, seed100",ordinary,1,0.0852664140984416,129.80745501774612,148.98693417989048
"corrupt bridges, seed100",ordinary,1,0.0885192952118814,129.40550371019648,148.98693417989048
"corrupt bridges, seed100",ordinary,1,0.0917480168864131,129.40550371019648,148.98693417989048
"corrupt bridges, seed100",ordinary,1,0.09496998880058527,128.3520611824885,148.98693417989048
"corrupt bridges, seed100",ordinary,1,0.09837571997195482,127.69280643072925,148.98693417989048
"corrupt bridges, seed100",ordinary,1,0.10212932201102376,127.69280643072925,148.98693417989048
"corrupt bridges, seed100",ordinary,1,0.10546490410342813,127.13122542441783,148.98693417989048
"corrupt bridges, seed100",ordinary,1,0.10914467601105571,127.13122542441783,148.98693417989048
"corrupt bridges, seed100",ordinary,1,0.11244707694277167,126.97832139407457,148.98693417989048
"corrupt bridges, seed100",ordinary,1,0.11566770914942026,126.86499353988152,148.98693417989048
"corrupt bridges, seed100",ordinary,1,0.11889567086473107,126.68450376933309,148.98693417989048
"corrupt bridges, seed100",ordinary,1,0.12210999289527535,126.68450376933309,148.98693417989048
"corrupt bridges, seed100",ordinary,1,0.12535021407529712,126.5057405083656,148.98693417989048
"corrupt bridges, seed100",ordinary,1,0.12858853582292795,126.37063378933793,148.98693417989048
"corrupt bridges, seed100",ordinary,1,0.13183824717998505,126.14565344794603,148.98693417989048
"corrupt bridges, seed100",ordinary,1,0.13507559895515442,125.88867861709222,148.98693417989048
"corrupt bridges, seed100",ordinary,1,0.13839600095525384,125.5895890854082,148.98693417989048
"corrupt bridges, seed100",ordinary,1,0.1419620830565691,125.22556570555824,148.98693417989048
"corrupt bridges, seed100",ordinary,1,0.14516657404601574,124.75742842619232,148.98693417989048
"corrupt bridges, seed100",ordinary,1,0.14841209584847093,124.75742842619232,148.98693417989048
"corrupt bridges, seed100",ordinary,1,0.15176071785390377,124.16452324584941,148.98693417989048
"corrupt bridges, seed100",ordinary,1,0.155502718873322,123.77108448027896,148.98693417989048
"corrupt bridges, seed100",ordinary,1,0.15885304100811481,123.68616164823555,148.98693417989048
"corrupt bridges, seed100",ordinary,1,0.1626210231333971,122.58764952596144,148.98693417989048
"corrupt bridges, seed100",ordinary,1,0.16594099486246705,122.58764952596144,148.98693417989048
"corrupt bridges, seed100",ordinary,1,0.16965379705652595,122.25486382484627,148.98693417989048
"corrupt bridges, seed100",ordinary,1,0.17296591820195317,122.04911075869668,148.98693417989048
"corrupt bridges, seed100",ordinary,1,0.17667633015662432,122.04911075869668,148.98693417989048
"corrupt bridges, seed100",ordinary,1,0.1799694919027388,121.79597698683152,148.98693417989048
"corrupt bridges, seed100",ordinary,1,0.18367211380973458,121.67466670537927,148.98693417989048
"corrupt bridges, seed100",ordinary,1,0.18698773486539721,121.48791943343188,148.98693417989048
"corrupt bridges, seed100",ordinary,1,0.1906786970794201,121.31841449975585,148.98693417989048
"corrupt bridges, seed100",ordinary,1,0.19403379876166582,121.16449526988276,148.98693417989048
"corrupt bridges, seed100",ordinary,1,0.19768159091472626,121.16449526988276,148.98693417989048
"corrupt bridges, seed100",ordinary,1,0.2010244419798255,121.03630623553964,148.98693417989048
"corrupt bridges, seed100",ordinary,2,0.0032433615997433662,323.121735487046,148.98693417989048
"corrupt bridges, seed100",ordinary,2,0.006876353640109301,411.2568873529185,148.98693417989048
"corrupt bridges, seed100",ordinary,2,0.010282224975526333,457.6941641573437,148.98693417989048
"corrupt bridges, seed100",ordinary,2,0.014128116890788078,476.4403730124399,148.98693417989048
"corrupt bridges, seed100",ordinary,2,0.017429828643798828,249.66119015307464,148.98693417989048
"corrupt bridges, seed100",ordinary,2,0.02100453060120344,201.16318850564684,148.98693417989048
"corrupt bridges, seed100",ordinary,2,0.024360712617635727,188.718968147387,148.98693417989048
"corrupt bridges, seed100",ordinary,2,0.028183134738355875,184.66136972255163,148.98693417989048
"corrupt bridges, seed100",ordinary,2,0.03149038599804044,152.45763216978062,148.98693417989048
"corrupt bridges, seed100",ordinary,2,0.035299798008054495,145.83828525892733,148.98693417989048
"corrupt bridges, seed100",ordinary,2,0.03849330963566899,140.02759706213746,148.98693417989048
"corrupt bridges, seed100",ordinary,2,0.041784041561186314,137.00199060913775,148.98693417989048
"corrupt bridges, seed100",ordinary,2,0.044989462941884995,133.99258669561735,148.98693417989048
"corrupt bridges, seed100",ordinary,2,0.048204644583165646,133.99258669561735,148.98693417989048
"corrupt bridges, seed100",ordinary,2,0.05145411565899849,132.2041438415841,148.98693417989048
"corrupt bridges, seed100",ordinary,2,0.05467542773112655,132.09831930506374,148.98693417989048
"corrupt bridges, seed100",ordinary,2,0.05788738979026675,131.47337886597873,148.98693417989048
"corrupt bridges, seed100",ordinary,2,0.061090790666639805,131.35009350297912,148.98693417989048
"corrupt bridges, seed100",ordinary,2,0.06430664286017418,130.9700173425526,148.98693417989048
"corrupt bridges, seed100",ordinary,2,0.06752583477646112,130.65625118428005,148.98693417989048
"corrupt bridges, seed100",ordinary,2,0.07074820576235652,130.65625118428005,148.98693417989048
"corrupt bridges, seed100",ordinary,2,0.07395776780322194,130.4064516593899,148.98693417989048
"corrupt bridges, seed100",ordinary,2,0.07716526882722974,130.25175471211668,148.98693417989048
"corrupt bridges, seed100",ordinary,2,0.08037004061043262,130.25175471211668,148.98693417989048
"corrupt bridges, seed100",ordinary,2,0.08358255261555314,130.05547279997646,148.98693417989048
"corrupt bridges, seed100",ordinary,2,0.08677115384489298,129.80745501774612,148.98693417989048
"corrupt bridges, seed100",ordinary,2,0.08996371598914266,129.40550371019648,148.98693417989048
"corrupt bridges, seed100",ordinary,2,0.09316371660679579,129.40550371019648,148.98693417989048
"corrupt bridges, seed100",ordinary,2,0.09634993877261877,128.3520611824885,148.98693417989048
"corrupt bridges, seed100",ordinary,2,0.0996097307652235,127.69280643072925,148.98693417989048
"corrupt bridges, seed100",ordinary,2,0.10293544176965952,127.69280643072925,148.98693417989048
"corrupt bridges, seed100",ordinary,2,0.10649632383137941,127.13122542441783,148.98693417989048
"corrupt bridges, seed100",ordinary,2,0.10972416587173939,127.13122542441783,148.98693417989048
"corrupt bridges, seed100",ordinary,2,0.11299864761531353,126.97832139407457,148.98693417989048
"corrupt bridges, seed100",ordinary,2,0.11634042859077454,126.86499353988152,148.98693417989048
"corrupt bridges, seed100",ordinary,2,0.11991229094564915,126.68450376933309,148.98693417989048
"corrupt bridges, seed100",ordinary,2,0.1231533526442945,126.68450376933309,148.98693417989048
"corrupt bridges, seed100",ordinary,2,0.1263532335869968,126.5057405083656,148.98693417989048
"corrupt bridges, seed100",ordinary,2,0.1295707756653428,126.37063378933793,148.98693417989048
"corrupt bridges, seed100",ordinary,2,0.1328200176358223,126.14565344794603,148.98693417989048
"corrupt bridges, seed100",ordinary,2,0.13605923857539892,125.88867861709222,148.98693417989048
"corrupt bridges, seed100",ordinary,2,0.13926840061321855,125.5895890854082,148.98693417989048
"corrupt bridges, seed100",ordinary,2,0.1424569129012525,125.22556570555824,148.98693417989048
"corrupt bridges, seed100",ordinary,2,0.14568105386570096,124.75742842619232,148.98693417989048
"corrupt bridges, seed100",ordinary,2,0.14887981582432985,124.75742842619232,148.98693417989048
"corrupt bridges, seed100",ordinary,2,0.15210631769150496,124.16452324584941,148.98693417989048
"corrupt bridges, seed100",ordinary,2,0.15534169878810644,123.77108448027896,148.98693417989048
"corrupt bridges, seed100",ordinary,2,0.15856419084593654,123.68616164823555,148.98693417989048
"corrupt bridges, seed100",ordinary,2,0.16175901191309094,122.58764952596144,148.98693417989048
"corrupt bridges, seed100",ordinary,2,0.1649761339649558,122.58764952596144,148.98693417989048
"corrupt bridges, seed100",ordinary,2,0.1682201656512916,122.25486382484627,148.98693417989048
"corrupt bridges, seed100",ordinary,2,0.17144551686942577,122.04911075869668,148.98693417989048
"corrupt bridges, seed100",ordinary,2,0.1746563888154924,122.04911075869668,148.98693417989048
"corrupt bridges, seed100",ordinary,2,0.17787647061049938,121.79597698683152,148.98693417989048
"corrupt bridges, seed100",ordinary,2,0.18114526197314262,121.67466670537927,148.98693417989048
"corrupt bridges, seed100",ordinary,2,0.1843887036666274,121.48791943343188,148.98693417989048
"corrupt bridges, seed100",ordinary,2,0.18762952461838722,121.31841449975585,148.98693417989048
"corrupt bridges, seed100",ordinary,2,0.19087222684174776,121.16449526988276,148.98693417989048
"corrupt bridges, seed100",ordinary,2,0.1941129988990724,121.16449526988276,148.98693417989048
"corrupt bridges, seed100",ordinary,2,0.19735024077817798,121.03630623553964,148.98693417989048
"corrupt bridges, seed100",residual,0,0.0034398920834064484,323.121735487046,148.98693417989048
"corrupt bridges, seed100",residual,0,0.007247523870319128,411.2568873529185,148.98693417989048
"corrupt bridges, seed100",residual,0,0.010649214964359999,457.6941641573437,148.98693417989048
"corrupt bridges, seed100",residual,0,0.014454068150371313,476.4403730124399,148.98693417989048
"corrupt bridges, seed100",residual,0,0.01804308919236064,249.66119015307464,148.98693417989048
"corrupt bridges, seed100",residual,0,0.021842680871486664,201.16318850564684,148.98693417989048
"corrupt bridges, seed100",residual,0,0.0251240530051291,188.718968147387,148.98693417989048
"corrupt bridges, seed100",residual,0,0.028732275124639273,184.66136972255163,148.98693417989048
"corrupt bridges, seed100",residual,0,0.0321859261021018,186.55345591633593,148.98693417989048
"corrupt bridges, seed100",residual,0,0.03563390811905265,149.62050270125172,148.98693417989048
"corrupt bridges, seed100",residual,0,0.038845359813421965,142.5840034813736,148.98693417989048
"corrupt bridges, seed100",residual,0,0.04213615087792277,137.43600326312398,148.98693417989048
"corrupt bridges, seed100",residual,0,0.04539840295910835,139.94126166642835,148.98693417989048
"corrupt bridges, seed100",residual,0,0.048856854904443026,132.99368407812878,148.98693417989048
"corrupt bridges, seed100",residual,0,0.05208787601441145,132.99368407812878,148.98693417989048
"corrupt bridges, seed100",residual,0,0.055357527919113636,131.11248001592142,148.98693417989048
"corrupt bridges, seed100",residual,0,0.058574310038238764,131.11248001592142,148.98693417989048
"corrupt bridges, seed100",residual,0,0.061794881243258715,130.87598719888217,148.98693417989048
"corrupt bridges, seed100",residual,0,0.06511408323422074,130.65866157251355,148.98693417989048
"corrupt bridges, seed100",residual,0,0.06864435505121946,130.61262770793215,148.98693417989048
"corrupt bridges, seed100",residual,0,0.07201361702755094,129.99405113450982,148.98693417989048
"corrupt bridges, seed100",residual,0,0.07528732810169458,129.8850892690422,148.98693417989048
"corrupt bridges, seed100",residual,0,0.07853802014142275,129.50149422574003,148.98693417989048
"corrupt bridges, seed100",residual,0,0.08176496205851436,129.1547663214752,148.98693417989048
"corrupt bridges, seed100",residual,0,0.08501620311290026,128.83236849831587,148.98693417989048
"corrupt bridges, seed100",residual,0,0.08824043488129973,128.52073783021416,148.98693417989048
"corrupt bridges, seed100",residual,0,0.09146830718964338,128.2075498730095,148.98693417989048
"corrupt bridges, seed100",residual,0,0.09470056788995862,127.88131656582719,148.98693417989048
"corrupt bridges, seed100",residual,0,0.09790784027427435,127.52944724259545,148.98693417989048
"corrupt bridges, seed100",residual,0,0.10112450085580349,127.13548258092385,148.98693417989048
"corrupt bridges, seed100",residual,0,0.10437830304726958,127.13548258092385,148.98693417989048
"corrupt bridges, seed100",residual,0,0.10760618513450027,126.72593039041001,148.98693417989048
"corrupt bridges, seed100",residual,0,0.11085070623084903,126.35622731490669,148.98693417989048
"corrupt bridges, seed100",residual,0,0.11406364804133773,126.35622731490669,148.98693417989048
"corrupt bridges, seed100",residual,0,0.11731956014409661,125.82467064032112,148.98693417989048
"corrupt bridges, seed100",residual,0,0.1205329610966146,125.22066994004058,148.98693417989048
"corrupt bridges, seed100",residual,0,0.12373004294931889,124.69338263971608,148.98693417989048
"corrupt bridges, seed100",residual,0,0.12695832503959537,122.82257143006629,148.98693417989048
"corrupt bridges, seed100",residual,0,0.1301839160732925,122.82257143006629,148.98693417989048
"corrupt bridges, seed100",residual,0,0.1334443879313767,121.91644418914153,148.98693417989048
"corrupt bridges, seed100",residual,0,0.13663751911371946,121.91644418914153,148.98693417989048
"corrupt bridges, seed100",residual,0,0.13986195111647248,121.76122247424148,148.98693417989048
"corrupt bridges, seed100",residual,0,0.14311023289337754,121.62255416440802,148.98693417989048
"corrupt bridges, seed100",residual,0,0.14631554391235113,121.62255416440802,148.98693417989048
"corrupt bridges, seed100",residual,0,0.14954358618706465,121.49392922289726,148.98693417989048
"corrupt bridges, seed100",residual,0,0.15276741795241833,121.38260664778082,148.98693417989048
"corrupt bridges, seed100",residual,0,0.15597685892134905,121.38260664778082,148.98693417989048
"corrupt bridges, seed100",residual,0,0.15919369086623192,121.26411296695433,148.98693417989048
"corrupt bridges, seed100",residual,0,0.1624481831677258,121.16866958707557,148.98693417989048
"corrupt bridges, seed100",residual,0,0.16573482425883412,121.04238020575428,148.98693417989048
"corrupt bridges, seed100",residual,0,0.1689296462573111,121.04238020575428,148.98693417989048
"corrupt bridges, seed100",residual,0,0.17215780820697546,120.93943809678942,148.98693417989048
"corrupt bridges, seed100",residual,0,0.17536398908123374,120.86266214665876,148.98693417989048
"corrupt bridges, seed100",residual,0,0.17861527111381292,120.76265402213755,148.98693417989048
"corrupt bridges, seed100",residual,0,0.18186173308640718,120.76265402213755,148.98693417989048
"corrupt bridges, seed100",residual,0,0.1850573541596532,120.6897646666156,148.98693417989048
"corrupt bridges, seed100",residual,0,0.18825093610212207,120.63188283203209,148.98693417989048
"corrupt bridges, seed100",residual,0,0.19149639690294862,120.59487808413137,148.98693417989048
"corrupt bridges, seed100",residual,0,0.19470245903357863,120.47611962191694,148.98693417989048
"corrupt bridges, seed100",residual,0,0.1979275611229241,120.44598591336668,148.98693417989048
"corrupt bridges, seed100",residual,1,0.003238782286643982,323.121735487046,148.98693417989048
"corrupt bridges, seed100",residual,1,0.006922692991793156,411.2568873529185,148.98693417989048
"corrupt bridges, seed100",residual,1,0.010219835210591555,457.6941641573437,148.98693417989048
"corrupt bridges, seed100",residual,1,0.013462827075272799,476.4403730124399,148.98693417989048
"corrupt bridges, seed100",residual,1,0.01697751833125949,249.66119015307464,148.98693417989048
"corrupt bridges, seed100",residual,1,0.020252880174666643,201.16318850564684,148.98693417989048
"corrupt bridges, seed100",residual,1,0.02348000230267644,188.718968147387,148.98693417989048
"corrupt bridges, seed100",residual,1,0.026767103001475334,184.66136972255163,148.98693417989048
"corrupt bridges, seed100",residual,1,0.03020927496254444,186.55345591633593,148.98693417989048
"corrupt bridges, seed100",residual,1,0.033620397094637156,149.62050270125172,148.98693417989048
"corrupt bridges, seed100",residual,1,0.036850688979029655,142.5840034813736,148.98693417989048
"corrupt bridges, seed100",residual,1,0.0401341300457716,137.43600326312398,148.98693417989048
"corrupt bridges, seed100",residual,1,0.04334523202851415,139.94126166642835,148.98693417989048
"corrupt bridges, seed100",residual,1,0.04676537401974201,132.99368407812878,148.98693417989048
"corrupt bridges, seed100",residual,1,0.04997072508558631,132.99368407812878,148.98693417989048
"corrupt bridges, seed100",residual,1,0.05317694693803787,131.11248001592142,148.98693417989048
"corrupt bridges, seed100",residual,1,0.05638441815972328,131.11248001592142,148.98693417989048
"corrupt bridges, seed100",residual,1,0.05962477996945381,130.87598719888217,148.98693417989048
"corrupt bridges, seed100",residual,1,0.06285810191184282,130.65866157251355,148.98693417989048
"corrupt bridges, seed100",residual,1,0.06610772293061018,130.61262770793215,148.98693417989048
"corrupt bridges, seed100",residual,1,0.06934822490438819,129.99405113450982,148.98693417989048
"corrupt bridges, seed100",residual,1,0.07257720688357949,129.8850892690422,148.98693417989048
"corrupt bridges, seed100",residual,1,0.07581927813589573,129.50149422574003,148.98693417989048
"corrupt bridges, seed100",residual,1,0.07908674003556371,129.1547663214752,148.98693417989048
"corrupt bridges, seed100",residual,1,0.08228923194110394,128.83236849831587,148.98693417989048
"corrupt bridges, seed100",residual,1,0.08549039298668504,128.52073783021416,148.98693417989048
"corrupt bridges, seed100",residual,1,0.08868581522256136,128.2075498730095,148.98693417989048
"corrupt bridges, seed100",residual,1,0.09188616694882512,127.88131656582719,148.98693417989048
"corrupt bridges, seed100",residual,1,0.09512982796877623,127.52944724259545,148.98693417989048
"corrupt bridges, seed100",residual,1,0.09834964014589787,127.13548258092385,148.98693417989048
"corrupt bridges, seed100",residual,1,0.1016014008782804,127.13548258092385,148.98693417989048
"corrupt bridges, seed100",residual,1,0.10484804306179285,126.72593039041001,148.98693417989048
"corrupt bridges, seed100",residual,1,0.10807384504005313,126.35622731490669,148.98693417989048
"corrupt bridges, seed100",residual,1,0.11144492588937283,126.35622731490669,148.98693417989048
"corrupt bridges, seed100",residual,1,0.11465809820219874,125.82467064032112,148.98693417989048
"corrupt bridges, seed100",residual,1,0.1178807900287211,125.22066994004058,148.98693417989048
"corrupt bridges, seed100",residual,1,0.12126151099801064,124.69338263971608,148.98693417989048
"corrupt bridges, seed100",residual,1,0.12489332305267453,122.82257143006629,148.98693417989048
"corrupt bridges, seed100",residual,1,0.128172114957124,122.82257143006629,148.98693417989048
"corrupt bridges, seed100",residual,1,0.13139063632115722,121.91644418914153,148.98693417989048
"corrupt bridges, seed100",residual,1,0.13464434817433357,121.91644418914153,148.98693417989048
"corrupt bridges, seed100",residual,1,0.13788723992183805,121.76122247424148,148.98693417989048
"corrupt bridges, seed100",residual,1,0.14112789230421185,121.62255416440802,148.98693417989048
"corrupt bridges, seed100",residual,1,0.14435947313904762,121.62255416440802,148.98693417989048
"corrupt bridges, seed100",residual,1,0.14756550500169396,121.49392922289726,148.98693417989048
"corrupt bridges, seed100",residual,1,0.15079774614423513,121.38260664778082,148.98693417989048
"corrupt bridges, seed100",residual,1,0.15399725828319788,121.38260664778082,148.98693417989048
"corrupt bridges, seed100",residual,1,0.1572453798726201,121.26411296695433,148.98693417989048
"corrupt bridges, seed100",residual,1,0.16047755116596818,121.16866958707557,148.98693417989048
"corrupt bridges, seed100",residual,1,0.1637792130932212,121.04238020575428,148.98693417989048
"corrupt bridges, seed100",residual,1,0.16696175513789058,121.04238020575428,148.98693417989048
"corrupt bridges, seed100",residual,1,0.1701710862107575,120.93943809678942,148.98693417989048
"corrupt bridges, seed100",residual,1,0.17337840795516968,120.86266214665876,148.98693417989048
"corrupt bridges, seed100",residual,1,0.17660199897363782,120.76265402213755,148.98693417989048
"corrupt bridges, seed100",residual,1,0.17980730114504695,120.76265402213755,148.98693417989048
"corrupt bridges, seed100",residual,1,0.18300901306793094,120.6897646666156,148.98693417989048
"corrupt bridges, seed100",residual,1,0.186217884067446,120.63188283203209,148.98693417989048
"corrupt bridges, seed100",residual,1,0.1894120960496366,120.59487808413137,148.98693417989048
"corrupt bridges, seed100",residual,1,0.19283440802246332,120.47611962191694,148.98693417989048
"corrupt bridges, seed100",residual,1,0.19672867003828287,120.44598591336668,148.98693417989048
"corrupt bridges, seed100",residual,2,0.003425891976803541,323.121735487046,148.98693417989048
"corrupt bridges, seed100",residual,2,0.007207193877547979,411.2568873529185,148.98693417989048
"corrupt bridges, seed100",residual,2,0.010531265754252672,457.6941641573437,148.98693417989048
"corrupt bridges, seed100",residual,2,0.013730776961892843,476.4403730124399,148.98693417989048
"corrupt bridges, seed100",residual,2,0.017219028901308775,249.66119015307464,148.98693417989048
"corrupt bridges, seed100",residual,2,0.02043080097064376,201.16318850564684,148.98693417989048
"corrupt bridges, seed100",residual,2,0.023663051892071962,188.718968147387,148.98693417989048
"corrupt bridges, seed100",residual,2,0.026886863633990288,184.66136972255163,148.98693417989048
"corrupt bridges, seed100",residual,2,0.030302945990115404,186.55345591633593,148.98693417989048
"corrupt bridges, seed100",residual,2,0.0337252477183938,149.62050270125172,148.98693417989048
"corrupt bridges, seed100",residual,2,0.036933048628270626,142.5840034813736,148.98693417989048
"corrupt bridges, seed100",residual,2,0.04017752083018422,137.43600326312398,148.98693417989048
"corrupt bridges, seed100",residual,2,0.04338635178282857,139.94126166642835,148.98693417989048
"corrupt bridges, seed100",residual,2,0.04681430384516716,132.99368407812878,148.98693417989048
"corrupt bridges, seed100",residual,2,0.050004555843770504,132.99368407812878,148.98693417989048
"corrupt bridges, seed100",residual,2,0.05322207696735859,131.11248001592142,148.98693417989048
"corrupt bridges, seed100",residual,2,0.05642362870275974,131.11248001592142,148.98693417989048
"corrupt bridges, seed100",residual,2,0.05961700063198805,130.87598719888217,148.98693417989048
"corrupt bridges, seed100",residual,2,0.06281061191111803,130.65866157251355,148.98693417989048
"corrupt bridges, seed100",residual,2,0.06601873366162181,130.61262770793215,148.98693417989048
"corrupt bridges, seed100",residual,2,0.06924467580392957,129.99405113450982,148.98693417989048
"corrupt bridges, seed100",residual,2,0.07244775677099824,129.8850892690422,148.98693417989048
"corrupt bridges, seed100",residual,2,0.07565628876909614,129.50149422574003,148.98693417989048
"corrupt bridges, seed100",residual,2,0.0788561999797821,129.1547663214752,148.98693417989048
"corrupt bridges, seed100",residual,2,0.0821094517596066,128.83236849831587,148.98693417989048
"corrupt bridges, seed100",residual,2,0.085328733548522,128.52073783021416,148.98693417989048
"corrupt bridges, seed100",residual,2,0.08855436462908983,128.2075498730095,148.98693417989048
"corrupt bridges, seed100",residual,2,0.09179143700748682,127.88131656582719,148.98693417989048
"corrupt bridges, seed100",residual,2,0.09497960889711976,127.52944724259545,148.98693417989048
"corrupt bridges, seed100",residual,2,0.09821921959519386,127.13548258092385,148.98693417989048
"corrupt bridges, seed100",residual,2,0.10143453162163496,127.13548258092385,148.98693417989048
"corrupt bridges, seed100",residual,2,0.10463583283126354,126.72593039041001,148.98693417989048
"corrupt bridges, seed100",residual,2,0.10802468471229076,126.35622731490669,148.98693417989048
"corrupt bridges, seed100",residual,2,0.11184969684109092,126.35622731490669,148.98693417989048
"corrupt bridges, seed100",residual,2,0.11511012865230441,125.82467064032112,148.98693417989048
"corrupt bridges, seed100",residual,2,0.11873215064406395,125.22066994004058,148.98693417989048
"corrupt bridges, seed100",residual,2,0.122062211856246,124.69338263971608,148.98693417989048
"corrupt bridges, seed100",residual,2,0.1256622038781643,122.82257143006629,148.98693417989048
"corrupt bridges, seed100",residual,2,0.12895917566493154,122.82257143006629,148.98693417989048
"corrupt bridges, seed100",residual,2,0.13263174798339605,121.91644418914153,148.98693417989048
"corrupt bridges, seed100",residual,2,0.1358350389637053,121.91644418914153,148.98693417989048
"corrupt bridges, seed100",residual,2,0.13903767056763172,121.76122247424148,148.98693417989048
"corrupt bridges, seed100",residual,2,0.14221990294754505,121.62255416440802,148.98693417989048
"corrupt bridges, seed100",residual,2,0.14558423357084394,121.62255416440802,148.98693417989048
"corrupt bridges, seed100",residual,2,0.14880818594247103,121.49392922289726,148.98693417989048
"corrupt bridges, seed100",residual,2,0.15200488781556487,121.38260664778082,148.98693417989048
"corrupt bridges, seed100",residual,2,0.1551842987537384,121.38260664778082,148.98693417989048
"corrupt bridges, seed100",residual,2,0.15838200086727738,121.26411296695433,148.98693417989048
"corrupt bridges, seed100",residual,2,0.16158580174669623,121.16866958707557,148.98693417989048
"corrupt bridges, seed100",residual,2,0.16479646367952228,121.04238020575428,148.98693417989048
"corrupt bridges, seed100",residual,2,0.16800353582948446,121.04238020575428,148.98693417989048
"corrupt bridges, seed100",residual,2,0.17129246657714248,120.93943809678942,148.98693417989048
"corrupt bridges, seed100",residual,2,0.17472555860877037,120.86266214665876,148.98693417989048
"corrupt bridges, seed100",residual,2,0.17792615061625838,120.76265402213755,148.98693417989048
"corrupt bridges, seed100",residual,2,0.18116430193185806,120.76265402213755,148.98693417989048
"corrupt bridges, seed100",residual,2,0.18449650378897786,120.6897646666156,148.98693417989048
"corrupt bridges, seed100",residual,2,0.18770106555894017,120.63188283203209,148.98693417989048
"corrupt bridges, seed100",residual,2,0.19094654684886336,120.59487808413137,148.98693417989048
"corrupt bridges, seed100",residual,2,0.19416931876912713,120.47611962191694,148.98693417989048
"corrupt bridges, seed100",residual,2,0.19735733093693852,120.44598591336668,148.98693417989048
"corrupt bridges, seed100",information,0,0.0035941321402788162,323.121735487046,148.98693417989048
"corrupt bridges, seed100",information,0,0.007331774104386568,411.2568873529185,148.98693417989048
"corrupt bridges, seed100",information,0,0.010657115373760462,457.6941641573437,148.98693417989048
"corrupt bridges, seed100",information,0,0.013896977063268423,476.4403730124399,148.98693417989048
"corrupt bridges, seed100",information,0,0.01796556916087866,480.43258490138976,148.98693417989048
"corrupt bridges, seed100",information,0,0.022176281083375216,485.6749558861927,148.98693417989048
"corrupt bridges, seed100",information,0,0.026187103241682053,495.55415971624495,148.98693417989048
"corrupt bridges, seed100",information,0,0.030186905059963465,574.4906325311647,148.98693417989048
"corrupt bridges, seed100",information,0,0.03424659697338939,565.155487219057,148.98693417989048
"corrupt bridges, seed100",information,0,0.038245968986302614,538.6970518422022,148.98693417989048
"corrupt bridges, seed100",information,0,0.04233581107109785,472.3652866163146,148.98693417989048
"corrupt bridges, seed100",information,0,0.046448234003037214,419.90448341523705,148.98693417989048
"corrupt bridges, seed100",information,0,0.05055235605686903,308.95236098246517,148.98693417989048
"corrupt bridges, seed100",information,0,0.05376258725300431,308.95236098246517,148.98693417989048
"corrupt bridges, seed100",information,0,0.05700954934582114,226.43233659383256,148.98693417989048
"corrupt bridges, seed100",information,0,0.060357251204550266,228.97602309115615,148.98693417989048
"corrupt bridges, seed100",information,0,0.06435729330405593,228.97602309115615,148.98693417989048
"corrupt bridges, seed100",information,0,0.0683629852719605,214.33281655514855,148.98693417989048
"corrupt bridges, seed100",information,0,0.0723940571770072,215.18481425104176,148.98693417989048
"corrupt bridges, seed100",information,0,0.07636955939233303,215.18481425104176,148.98693417989048
"corrupt bridges, seed100",information,0,0.08036484103649855,211.2211919745601,148.98693417989048
"corrupt bridges, seed100",information,0,0.08435159316286445,210.44299641380684,148.98693417989048
"corrupt bridges, seed100",information,0,0.08835172513499856,213.5295082180401,148.98693417989048
"corrupt bridges, seed100",information,0,0.09234955720603466,231.74516591264256,148.98693417989048
"corrupt bridges, seed100",information,0,0.09556412929669023,170.75274026128096,148.98693417989048
"corrupt bridges, seed100",information,0,0.09878465021029115,164.98493544695225,148.98693417989048
"corrupt bridges, seed100",information,0,0.10201316233724356,158.08996137907582,148.98693417989048
"corrupt bridges, seed100",information,0,0.10521491430699825,158.08996137907582,148.98693417989048
"corrupt bridges, seed100",information,0,0.10843911534175277,152.929447355302,148.98693417989048
"corrupt bridges, seed100",information,0,0.11168970726430416,150.78300037358412,148.98693417989048
"corrupt bridges, seed100",information,0,0.11501141916960478,150.78300037358412,148.98693417989048
"corrupt bridges, seed100",information,0,0.11841482017189264,149.16187283852852,148.98693417989048
"corrupt bridges, seed100",information,0,0.12171538220718503,148.65157985031007,148.98693417989048
"corrupt bridges, seed100",information,0,0.12502871314063668,148.06962654171963,148.98693417989048
"corrupt bridges, seed100",information,0,0.12822054512798786,147.54430904269026,148.98693417989048
"corrupt bridges, seed100",information,0,0.13147172704339027,147.00314229034544,148.98693417989048
"corrupt bridges, seed100",information,0,0.13470038818195462,146.39292785604977,148.98693417989048
"corrupt bridges, seed100",information,0,0.13791237026453018,145.66565266453196,148.98693417989048
"corrupt bridges, seed100",information,0,0.14110244205221534,145.66565266453196,148.98693417989048
"corrupt bridges, seed100",information,0,0.1443083230406046,144.81022184370858,148.98693417989048
"corrupt bridges, seed100",information,0,0.14751976495608687,144.30114475731125,148.98693417989048
"corrupt bridges, seed100",information,0,0.15074408613145351,144.30114475731125,148.98693417989048
"corrupt bridges, seed100",information,0,0.1539908181875944,143.720735624237,148.98693417989048
"corrupt bridges, seed100",information,0,0.15720799006521702,143.26070834330963,148.98693417989048
"corrupt bridges, seed100",information,0,0.1604085322469473,143.08314189115046,148.98693417989048
"corrupt bridges, seed100",information,0,0.163615383207798,141.68502331959587,148.98693417989048
"corrupt bridges, seed100",information,0,0.16686712531372905,141.01003385041514,148.98693417989048
"corrupt bridges, seed100",information,0,0.1700608362443745,141.01003385041514,148.98693417989048
"corrupt bridges, seed100",information,0,0.17325969832018018,139.86897380096298,148.98693417989048
"corrupt bridges, seed100",information,0,0.1765362503938377,139.37015322866745,148.98693417989048
"corrupt bridges, seed100",information,0,0.17973563121631742,139.37015322866745,148.98693417989048
"corrupt bridges, seed100",information,0,0.18292963318526745,138.9327359587012,148.98693417989048
"corrupt bridges, seed100",information,0,0.18611958529800177,138.69312205032412,148.98693417989048
"corrupt bridges, seed100",information,0,0.1893183160573244,138.6223913359193,148.98693417989048
"corrupt bridges, seed100",information,0,0.19251185795292258,138.1395009437395,148.98693417989048
"corrupt bridges, seed100",information,0,0.19572219997644424,138.03628409142797,148.98693417989048
"corrupt bridges, seed100",information,0,0.19894341100007296,137.81232813531486,148.98693417989048
"corrupt bridges, seed100",information,0,0.20213973335921764,137.6107286898801,148.98693417989048
"corrupt bridges, seed100",information,0,0.20534205436706543,137.42758965777304,148.98693417989048
"corrupt bridges, seed100",information,0,0.2086931262165308,137.2569843862389,148.98693417989048
"corrupt bridges, seed100",information,1,0.0033858618699014187,323.121735487046,148.98693417989048
"corrupt bridges, seed100",information,1,0.007032154127955437,411.2568873529185,148.98693417989048
"corrupt bridges, seed100",information,1,0.010384885128587484,457.6941641573437,148.98693417989048
"corrupt bridges, seed100",information,1,0.013603286817669868,476.4403730124399,148.98693417989048
"corrupt bridges, seed100",information,1,0.017664008773863316,480.43258490138976,148.98693417989048
"corrupt bridges, seed100",information,1,0.02168394112959504,485.6749558861927,148.98693417989048
"corrupt bridges, seed100",information,1,0.025721292942762375,495.55415971624495,148.98693417989048
"corrupt bridges, seed100",information,1,0.029720135033130646,574.4906325311647,148.98693417989048
"corrupt bridges, seed100",information,1,0.03376511670649052,565.155487219057,148.98693417989048
"corrupt bridges, seed100",information,1,0.03775951871648431,538.6970518422022,148.98693417989048
"corrupt bridges, seed100",information,1,0.041752250865101814,472.3652866163146,148.98693417989048
"corrupt bridges, seed100",information,1,0.04580982308834791,419.90448341523705,148.98693417989048
"corrupt bridges, seed100",information,1,0.049849364906549454,308.95236098246517,148.98693417989048
"corrupt bridges, seed100",information,1,0.05306641710922122,308.95236098246517,148.98693417989048
"corrupt bridges, seed100",information,1,0.05627325875684619,226.43233659383256,148.98693417989048
"corrupt bridges, seed100",information,1,0.05950901983305812,228.97602309115615,148.98693417989048
"corrupt bridges, seed100",information,1,0.0635003219358623,228.97602309115615,148.98693417989048
"corrupt bridges, seed100",information,1,0.06747561413794756,214.33281655514855,148.98693417989048
"corrupt bridges, seed100",information,1,0.07144975708797574,215.18481425104176,148.98693417989048
"corrupt bridges, seed100",information,1,0.07546638790518045,215.18481425104176,148.98693417989048
"corrupt bridges, seed100",information,1,0.0794860809110105,211.2211919745601,148.98693417989048
"corrupt bridges, seed100",information,1,0.08361562294885516,210.44299641380684,148.98693417989048
"corrupt bridges, seed100",information,1,0.08760312478989363,213.5295082180401,148.98693417989048
"corrupt bridges, seed100",information,1,0.09162065712735057,231.74516591264256,148.98693417989048
"corrupt bridges, seed100",information,1,0.09491704776883125,170.75274026128096,148.98693417989048
"corrupt bridges, seed100",information,1,0.09812936978414655,164.98493544695225,148.98693417989048
"corrupt bridges, seed100",information,1,0.10136699210852385,158.08996137907582,148.98693417989048
"corrupt bridges, seed100",information,1,0.10462866304442286,158.08996137907582,148.98693417989048
"corrupt bridges, seed100",information,1,0.10785700473934412,152.929447355302,148.98693417989048
"corrupt bridges, seed100",information,1,0.11121388711035252,150.78300037358412,148.98693417989048
"corrupt bridges, seed100",information,1,0.11462028790265322,150.78300037358412,148.98693417989048
"corrupt bridges, seed100",information,1,0.11784039996564388,149.16187283852852,148.98693417989048
"corrupt bridges, seed100",information,1,0.12107421085238457,148.65157985031007,148.98693417989048
"corrupt bridges, seed100",information,1,0.1243474530056119,148.06962654171963,148.98693417989048
"corrupt bridges, seed100",information,1,0.12766804499551654,147.54430904269026,148.98693417989048
"corrupt bridges, seed100",information,1,0.1309122359380126,147.00314229034544,148.98693417989048
"corrupt bridges, seed100",information,1,0.13419779809191823,146.39292785604977,148.98693417989048
"corrupt bridges, seed100",information,1,0.13742284011095762,145.66565266453196,148.98693417989048
"corrupt bridges, seed100",information,1,0.14063530089333653,145.66565266453196,148.98693417989048
"corrupt bridges, seed100",information,1,0.14386595273390412,144.81022184370858,148.98693417989048
"corrupt bridges, seed100",information,1,0.1471022949554026,144.30114475731125,148.98693417989048
"corrupt bridges, seed100",information,1,0.15033583668991923,144.30114475731125,148.98693417989048
"corrupt bridges, seed100",information,1,0.15358037780970335,143.720735624237,148.98693417989048
"corrupt bridges, seed100",information,1,0.15681206993758678,143.26070834330963,148.98693417989048
"corrupt bridges, seed100",information,1,0.16005266085267067,143.08314189115046,148.98693417989048
"corrupt bridges, seed100",information,1,0.16329618310555816,141.68502331959587,148.98693417989048
"corrupt bridges, seed100",information,1,0.16653251508250833,141.01003385041514,148.98693417989048
"corrupt bridges, seed100",information,1,0.1697492259554565,141.01003385041514,148.98693417989048
"corrupt bridges, seed100",information,1,0.17297070799395442,139.86897380096298,148.98693417989048
"corrupt bridges, seed100",information,1,0.176174390129745,139.37015322866745,148.98693417989048
"corrupt bridges, seed100",information,1,0.17948287073522806,139.37015322866745,148.98693417989048
"corrupt bridges, seed100",information,1,0.1826781528070569,138.9327359587012,148.98693417989048
"corrupt bridges, seed100",information,1,0.18589599477127194,138.69312205032412,148.98693417989048
"corrupt bridges, seed100",information,1,0.1891018059104681,138.6223913359193,148.98693417989048
"corrupt bridges, seed100",information,1,0.19236735813319683,138.1395009437395,148.98693417989048
"corrupt bridges, seed100",information,1,0.19561464013531804,138.03628409142797,148.98693417989048
"corrupt bridges, seed100",information,1,0.19884891109541059,137.81232813531486,148.98693417989048
"corrupt bridges, seed100",information,1,0.20206465292721987,137.6107286898801,148.98693417989048
"corrupt bridges, seed100",information,1,0.20526450406759977,137.42758965777304,148.98693417989048
"corrupt bridges, seed100",information,1,0.20847029611468315,137.2569843862389,148.98693417989048
"corrupt bridges, seed100",information,2,0.0035676322877407074,323.121735487046,148.98693417989048
"corrupt bridges, seed100",information,2,0.007376933936029673,411.2568873529185,148.98693417989048
"corrupt bridges, seed100",information,2,0.01083429530262947,457.6941641573437,148.98693417989048
"corrupt bridges, seed100",information,2,0.014019797090440989,476.4403730124399,148.98693417989048
"corrupt bridges, seed100",information,2,0.018152798991650343,480.43258490138976,148.98693417989048
"corrupt bridges, seed100",information,2,0.02216723095625639,485.6749558861927,148.98693417989048
"corrupt bridges, seed100",information,2,0.02613937295973301,495.55415971624495,148.98693417989048
"corrupt bridges, seed100",information,2,0.03012901498004794,574.4906325311647,148.98693417989048
"corrupt bridges, seed100",information,2,0.0341080273501575,565.155487219057,148.98693417989048
"corrupt bridges, seed100",information,2,0.03809325909242034,538.6970518422022,148.98693417989048
"corrupt bridges, seed100",information,2,0.04208349110558629,472.3652866163146,148.98693417989048
"corrupt bridges, seed100",information,2,0.0460721030831337,419.90448341523705,148.98693417989048
"corrupt bridges, seed100",information,2,0.050080275163054466,308.95236098246517,148.98693417989048
"corrupt bridges, seed100",information,2,0.0533023071475327,308.95236098246517,148.98693417989048
"corrupt bridges, seed100",information,2,0.05652495892718434,226.43233659383256,148.98693417989048
"corrupt bridges, seed100",information,2,0.05973590025678277,228.97602309115615,148.98693417989048
"corrupt bridges, seed100",information,2,0.06372573226690292,228.97602309115615,148.98693417989048
"corrupt bridges, seed100",information,2,0.06770724430680275,214.33281655514855,148.98693417989048
"corrupt bridges, seed100",information,2,0.07174204615876079,215.18481425104176,148.98693417989048
"corrupt bridges, seed100",information,2,0.07574293809011579,215.18481425104176,148.98693417989048
"corrupt bridges, seed100",information,2,0.07975179003551602,211.2211919745601,148.98693417989048
"corrupt bridges, seed100",information,2,0.08375442307442427,210.44299641380684,148.98693417989048
"corrupt bridges, seed100",information,2,0.08775585517287254,213.5295082180401,148.98693417989048
"corrupt bridges, seed100",information,2,0.09175790706649423,231.74516591264256,148.98693417989048
"corrupt bridges, seed100",information,2,0.09498960804194212,170.75274026128096,148.98693417989048
"corrupt bridges, seed100",information,2,0.09820300992578268,164.98493544695225,148.98693417989048
"corrupt bridges, seed100",information,2,0.10142438113689423,158.08996137907582,148.98693417989048
"corrupt bridges, seed100",information,2,0.10460092313587666,158.08996137907582,148.98693417989048
"corrupt bridges, seed100",information,2,0.10779637517407537,152.929447355302,148.98693417989048
"corrupt bridges, seed100",information,2,0.11100296629592776,150.78300037358412,148.98693417989048
"corrupt bridges, seed100",information,2,0.11419406812638044,150.78300037358412,148.98693417989048
"corrupt bridges, seed100",information,2,0.11744381999596953,149.16187283852852,148.98693417989048
"corrupt bridges, seed100",information,2,0.12066123122349381,148.65157985031007,148.98693417989048
"corrupt bridges, seed100",information,2,0.12387576326727867,148.06962654171963,148.98693417989048
"corrupt bridges, seed100",information,2,0.12715334491804242,147.54430904269026,148.98693417989048
"corrupt bridges, seed100",information,2,0.13036103593185544,147.00314229034544,148.98693417989048
"corrupt bridges, seed100",information,2,0.13363086804747581,146.39292785604977,148.98693417989048
"corrupt bridges, seed100",information,2,0.13681707018986344,145.66565266453196,148.98693417989048
"corrupt bridges, seed100",information,2,0.13999759126454592,145.66565266453196,148.98693417989048
"corrupt bridges, seed100",information,2,0.1432730332016945,144.81022184370858,148.98693417989048
"corrupt bridges, seed100",information,2,0.14649129519239068,144.30114475731125,148.98693417989048
"corrupt bridges, seed100",information,2,0.1496778060682118,144.30114475731125,148.98693417989048
"corrupt bridges, seed100",information,2,0.15289874793961644,143.720735624237,148.98693417989048
"corrupt bridges, seed100",information,2,0.15609638905152678,143.26070834330963,148.98693417989048
"corrupt bridges, seed100",information,2,0.1593041312880814,143.08314189115046,148.98693417989048
"corrupt bridges, seed100",information,2,0.16261719213798642,141.68502331959587,148.98693417989048
"corrupt bridges, seed100",information,2,0.16582654416561127,141.01003385041514,148.98693417989048
"corrupt bridges, seed100",information,2,0.16905037593096495,141.01003385041514,148.98693417989048
"corrupt bridges, seed100",information,2,0.1722675170749426,139.86897380096298,148.98693417989048
"corrupt bridges, seed100",information,2,0.17550871893763542,139.37015322866745,148.98693417989048
"corrupt bridges, seed100",information,2,0.17871126113459468,139.37015322866745,148.98693417989048
"corrupt bridges, seed100",information,2,0.18189780227839947,138.9327359587012,148.98693417989048
"corrupt bridges, seed100",information,2,0.1850937339477241,138.69312205032412,148.98693417989048
"corrupt bridges, seed100",information,2,0.18829890619963408,138.6223913359193,148.98693417989048
"corrupt bridges, seed100",information,2,0.1915427171625197,138.1395009437395,148.98693417989048
"corrupt bridges, seed100",information,2,0.19475346896797419,138.03628409142797,148.98693417989048
"corrupt bridges, seed100",information,2,0.19795725028961897,137.81232813531486,148.98693417989048
"corrupt bridges, seed100",information,2,0.20117977214977145,137.6107286898801,148.98693417989048
"corrupt bridges, seed100",information,2,0.20441011432558298,137.42758965777304,148.98693417989048
"corrupt bridges, seed100",information,2,0.20759244496002793,137.2569843862389,148.98693417989048
"disconnected bridges, seed100",fixed,0,0.0034084622748196125,13.018062405996465,15.170246702731902
"disconnected bridges, seed100",fixed,0,0.007093064021319151,9.793675507912655,15.170246702731902
"disconnected bridges, seed100",fixed,0,0.010352564975619316,9.336907902857053,15.170246702731902
"disconnected bridges, seed100",fixed,0,0.013545576948672533,9.160051446175853,15.170246702731902
"disconnected bridges, seed100",fixed,0,0.016670949291437864,9.103363060536296,15.170246702731902
"disconnected bridges, seed100",fixed,0,0.01988060027360916,9.085645490028535,15.170246702731902
"disconnected bridges, seed100",fixed,0,0.023018982261419296,9.080194281411941,15.170246702731902
"disconnected bridges, seed100",fixed,0,0.02614856418222189,9.078065600241448,15.170246702731902
"disconnected bridges, seed100",fixed,0,0.02927915519103408,9.075481825123637,15.170246702731902
"disconnected bridges, seed100",fixed,0,0.032444417010992765,9.071434467968277,15.170246702731902
"disconnected bridges, seed100",fixed,0,0.03560694819316268,9.066010781003339,15.170246702731902
"disconnected bridges, seed100",fixed,0,0.038769880309700966,9.06037921191868,15.170246702731902
"disconnected bridges, seed100",fixed,0,0.04194121202453971,9.056263515454521,15.170246702731902
"disconnected bridges, seed100",fixed,0,0.04507831297814846,9.054411814762087,15.170246702731902
"disconnected bridges, seed100",fixed,0,0.04823174513876438,9.053985857554004,15.170246702731902
"disconnected bridges, seed100",fixed,0,0.051376636140048504,9.053945763988828,15.170246702731902
"disconnected bridges, seed100",fixed,0,0.0545401182025671,9.053944390372758,15.170246702731902
"disconnected bridges, seed100",fixed,0,0.05768899014219642,9.053944371480814,15.170246702731902
"disconnected bridges, seed100",fixed,0,0.060845991130918264,9.053944371341078,15.170246702731902
"disconnected bridges, seed100",fixed,0,0.06397829297930002,9.053944371340172,15.170246702731902
"disconnected bridges, seed100",fixed,0,0.06712624430656433,9.053944371340172,15.170246702731902
"disconnected bridges, seed100",fixed,0,0.07025114633142948,9.053944371340172,15.170246702731902
"disconnected bridges, seed100",fixed,0,0.07339171832427382,9.053944371340144,15.170246702731902
"disconnected bridges, seed100",fixed,0,0.07654692931100726,9.05394437134014,15.170246702731902
"disconnected bridges, seed100",fixed,0,0.07968879118561745,9.05394437134014,15.170246702731902
"disconnected bridges, seed100",fixed,0,0.08283731201663613,9.053944371340117,15.170246702731902
"disconnected bridges, seed100",fixed,0,0.08595980424433947,9.053944371340117,15.170246702731902
"disconnected bridges, seed100",fixed,0,0.08910148637369275,9.053944371340117,15.170246702731902
"disconnected bridges, seed100",fixed,0,0.09230492729693651,9.053944371340117,15.170246702731902
"disconnected bridges, seed100",fixed,0,0.09545682929456234,9.053944371340117,15.170246702731902
"disconnected bridges, seed100",fixed,0,0.09858467010781169,9.053944371340117,15.170246702731902
"disconnected bridges, seed100",fixed,0,0.101826012134552,9.053944371340117,15.170246702731902
"disconnected bridges, seed100",fixed,0,0.10496793407946825,9.053944371340117,15.170246702731902
"disconnected bridges, seed100",fixed,0,0.1082116449251771,9.053944371340117,15.170246702731902
"disconnected bridges, seed100",fixed,0,0.1115793869830668,9.053944371339995,15.170246702731902
"disconnected bridges, seed100",fixed,0,0.11480922903865576,9.053944371339995,15.170246702731902
"disconnected bridges, seed100",fixed,0,0.11845330009236932,9.053944371339995,15.170246702731902
"disconnected bridges, seed100",fixed,0,0.12167709227651358,9.053944371339995,15.170246702731902
"disconnected bridges, seed100",fixed,0,0.12535198405385017,9.053944371339995,15.170246702731902
"disconnected bridges, seed100",fixed,0,0.12859097635373473,9.053944371339938,15.170246702731902
"disconnected bridges, seed100",fixed,0,0.13179300725460052,9.053944371339938,15.170246702731902
"disconnected bridges, seed100",fixed,0,0.13494243938475847,9.053944371339938,15.170246702731902
"disconnected bridges, seed100",fixed,0,0.13806090038269758,9.053944371339938,15.170246702731902
"disconnected bridges, seed100",fixed,0,0.14118766225874424,9.053944371339938,15.170246702731902
"disconnected bridges, seed100",fixed,0,0.1443783543072641,9.053944371339938,15.170246702731902
"disconnected bridges, seed100",fixed,0,0.1475412449799478,9.053944371339938,15.170246702731902
"disconnected bridges, seed100",fixed,0,0.15070193726569414,9.053944371339938,15.170246702731902
"disconnected bridges, seed100",fixed,0,0.15384266898036003,9.053944371339938,15.170246702731902
"disconnected bridges, seed100",fixed,0,0.1569581599906087,9.053944371339938,15.170246702731902
"disconnected bridges, seed100",fixed,0,0.16007810225710273,9.053944371339938,15.170246702731902
"disconnected bridges, seed100",fixed,0,0.1632199133746326,9.053944371339938,15.170246702731902
"disconnected bridges, seed100",fixed,0,0.1663620052859187,9.053944371339938,15.170246702731902
"disconnected bridges, seed100",fixed,0,0.16950200637802482,9.053944371339938,15.170246702731902
"disconnected bridges, seed100",fixed,0,0.17265256820246577,9.053944371339938,15.170246702731902
"disconnected bridges, seed100",fixed,0,0.17577331000939012,9.053944371339938,15.170246702731902
"disconnected bridges, seed100",fixed,0,0.17891202121973038,9.053944371339938,15.170246702731902
"disconnected bridges, seed100",fixed,0,0.1820346531458199,9.053944371339938,15.170246702731902
"disconnected bridges, seed100",fixed,0,0.18516338430345058,9.053944371339938,15.170246702731902
"disconnected bridges, seed100",fixed,0,0.1882978160865605,9.053944371339938,15.170246702731902
"disconnected bridges, seed100",fixed,0,0.19144603796303272,9.053944371339938,15.170246702731902
"disconnected bridges, seed100",fixed,1,0.0034743319265544415,13.018062405996465,15.170246702731902
"disconnected bridges, seed100",fixed,1,0.007098992820829153,9.793675507912655,15.170246702731902
"disconnected bridges, seed100",fixed,1,0.01025208504870534,9.336907902857053,15.170246702731902
"disconnected bridges, seed100",fixed,1,0.013404977042227983,9.160051446175853,15.170246702731902
"disconnected bridges, seed100",fixed,1,0.01657913811504841,9.103363060536296,15.170246702731902
"disconnected bridges, seed100",fixed,1,0.019704789854586124,9.085645490028535,15.170246702731902
"disconnected bridges, seed100",fixed,1,0.022842250764369965,9.080194281411941,15.170246702731902
"disconnected bridges, seed100",fixed,1,0.025981532875448465,9.078065600241448,15.170246702731902
"disconnected bridges, seed100",fixed,1,0.029148185160011053,9.075481825123637,15.170246702731902
"disconnected bridges, seed100",fixed,1,0.03226984618231654,9.071434467968277,15.170246702731902
"disconnected bridges, seed100",fixed,1,0.03546013776212931,9.066010781003339,15.170246702731902
"disconnected bridges, seed100",fixed,1,0.03857741877436638,9.06037921191868,15.170246702731902
"disconnected bridges, seed100",fixed,1,0.04178429115563631,9.056263515454521,15.170246702731902
"disconnected bridges, seed100",fixed,1,0.044911632779985666,9.054411814762087,15.170246702731902
"disconnected bridges, seed100",fixed,1,0.048071703873574734,9.053985857554004,15.170246702731902
"disconnected bridges, seed100",fixed,1,0.05119902594015002,9.053945763988828,15.170246702731902
"disconnected bridges, seed100",fixed,1,0.05436105700209737,9.053944390372758,15.170246702731902
"disconnected bridges, seed100",fixed,1,0.05750064877793193,9.053944371480814,15.170246702731902
"disconnected bridges, seed100",fixed,1,0.06077848095446825,9.053944371341078,15.170246702731902
"disconnected bridges, seed100",fixed,1,0.06391928205266595,9.053944371340172,15.170246702731902
"disconnected bridges, seed100",fixed,1,0.06715286383405328,9.053944371340172,15.170246702731902
"disconnected bridges, seed100",fixed,1,0.0705917258746922,9.053944371340172,15.170246702731902
"disconnected bridges, seed100",fixed,1,0.07382331695407629,9.053944371340144,15.170246702731902
"disconnected bridges, seed100",fixed,1,0.07736989902332425,9.05394437134014,15.170246702731902
"disconnected bridges, seed100",fixed,1,0.08051837095990777,9.05394437134014,15.170246702731902
"disconnected bridges, seed100",fixed,1,0.08367192186415195,9.053944371340117,15.170246702731902
"disconnected bridges, seed100",fixed,1,0.08685774402692914,9.053944371340117,15.170246702731902
"disconnected bridges, seed100",fixed,1,0.09000169578939676,9.053944371340117,15.170246702731902
"disconnected bridges, seed100",fixed,1,0.09321082709357142,9.053944371340117,15.170246702731902
"disconnected bridges, seed100",fixed,1,0.09633914893493056,9.053944371340117,15.170246702731902
"disconnected bridges, seed100",fixed,1,0.09946135990321636,9.053944371340117,15.170246702731902
"disconnected bridges, seed100",fixed,1,0.10260151186957955,9.053944371340117,15.170246702731902
"disconnected bridges, seed100",fixed,1,0.10575156379491091,9.053944371340117,15.170246702731902
"disconnected bridges, seed100",fixed,1,0.1088660447858274,9.053944371340117,15.170246702731902
"disconnected bridges, seed100",fixed,1,0.11202903697267175,9.053944371339995,15.170246702731902
"disconnected bridges, seed100",fixed,1,0.11515531782060862,9.053944371339995,15.170246702731902
"disconnected bridges, seed100",fixed,1,0.11830786988139153,9.053944371339995,15.170246702731902
"disconnected bridges, seed100",fixed,1,0.12144855177029967,9.053944371339995,15.170246702731902
"disconnected bridges, seed100",fixed,1,0.12465434288606048,9.053944371339995,15.170246702731902
"disconnected bridges, seed100",fixed,1,0.1277851751074195,9.053944371339938,15.170246702731902
"disconnected bridges, seed100",fixed,1,0.13091408601030707,9.053944371339938,15.170246702731902
"disconnected bridges, seed100",fixed,1,0.13405199814587831,9.053944371339938,15.170246702731902
"disconnected bridges, seed100",fixed,1,0.1372376400977373,9.053944371339938,15.170246702731902
"disconnected bridges, seed100",fixed,1,0.140351430978626,9.053944371339938,15.170246702731902
"disconnected bridges, seed100",fixed,1,0.1434919130988419,9.053944371339938,15.170246702731902
"disconnected bridges, seed100",fixed,1,0.14660864416509867,9.053944371339938,15.170246702731902
"disconnected bridges, seed100",fixed,1,0.14974296605214477,9.053944371339938,15.170246702731902
"disconnected bridges, seed100",fixed,1,0.15289686806499958,9.053944371339938,15.170246702731902
"disconnected bridges, seed100",fixed,1,0.15601155906915665,9.053944371339938,15.170246702731902
"disconnected bridges, seed100",fixed,1,0.1591589110903442,9.053944371339938,15.170246702731902
"disconnected bridges, seed100",fixed,1,0.16229317197576165,9.053944371339938,15.170246702731902
"disconnected bridges, seed100",fixed,1,0.16540933400392532,9.053944371339938,15.170246702731902
"disconnected bridges, seed100",fixed,1,0.1685289847664535,9.053944371339938,15.170246702731902
"disconnected bridges, seed100",fixed,1,0.1716684871353209,9.053944371339938,15.170246702731902
"disconnected bridges, seed100",fixed,1,0.17480519879609346,9.053944371339938,15.170246702731902
"disconnected bridges, seed100",fixed,1,0.1779688000679016,9.053944371339938,15.170246702731902
"disconnected bridges, seed100",fixed,1,0.18113969173282385,9.053944371339938,15.170246702731902
"disconnected bridges, seed100",fixed,1,0.18425991293042898,9.053944371339938,15.170246702731902
"disconnected bridges, seed100",fixed,1,0.1873925649560988,9.053944371339938,15.170246702731902
"disconnected bridges, seed100",fixed,1,0.190595637075603,9.053944371339938,15.170246702731902
"disconnected bridges, seed100",fixed,2,0.003192431293427944,13.018062405996465,15.170246702731902
"disconnected bridges, seed100",fixed,2,0.006784792989492416,9.793675507912655,15.170246702731902
"disconnected bridges, seed100",fixed,2,0.00997578538954258,9.336907902857053,15.170246702731902
"disconnected bridges, seed100",fixed,2,0.013097065966576338,9.160051446175853,15.170246702731902
"disconnected bridges, seed100",fixed,2,0.0162503682076931,9.103363060536296,15.170246702731902
"disconnected bridges, seed100",fixed,2,0.01941433921456337,9.085645490028535,15.170246702731902
"disconnected bridges, seed100",fixed,2,0.02264037122949958,9.080194281411941,15.170246702731902
"disconnected bridges, seed100",fixed,2,0.025771502405405045,9.078065600241448,15.170246702731902
"disconnected bridges, seed100",fixed,2,0.02890067407861352,9.075481825123637,15.170246702731902
"disconnected bridges, seed100",fixed,2,0.03204265609383583,9.071434467968277,15.170246702731902
"disconnected bridges, seed100",fixed,2,0.03523047734051943,9.066010781003339,15.170246702731902
"disconnected bridges, seed100",fixed,2,0.0383989792317152,9.06037921191868,15.170246702731902
"disconnected bridges, seed100",fixed,2,0.041555171366780996,9.056263515454521,15.170246702731902
"disconnected bridges, seed100",fixed,2,0.04470914229750633,9.054411814762087,15.170246702731902
"disconnected bridges, seed100",fixed,2,0.0478855543769896,9.053985857554004,15.170246702731902
"disconnected bridges, seed100",fixed,2,0.051085245329886675,9.053945763988828,15.170246702731902
"disconnected bridges, seed100",fixed,2,0.05424034735187888,9.053944390372758,15.170246702731902
"disconnected bridges, seed100",fixed,2,0.057397579308599234,9.053944371480814,15.170246702731902
"disconnected bridges, seed100",fixed,2,0.06058557005599141,9.053944371341078,15.170246702731902
"disconnected bridges, seed100",fixed,2,0.06375792203471065,9.053944371340172,15.170246702731902
"disconnected bridges, seed100",fixed,2,0.06690177414566278,9.053944371340172,15.170246702731902
"disconnected bridges, seed100",fixed,2,0.07008532527834177,9.053944371340172,15.170246702731902
"disconnected bridges, seed100",fixed,2,0.07328163739293814,9.053944371340144,15.170246702731902
"disconnected bridges, seed100",fixed,2,0.0764270881190896,9.05394437134014,15.170246702731902
"disconnected bridges, seed100",fixed,2,0.07956699002534151,9.05394437134014,15.170246702731902
"disconnected bridges, seed100",fixed,2,0.08271975116804242,9.053944371340117,15.170246702731902
"disconnected bridges, seed100",fixed,2,0.08585504302754998,9.053944371340117,15.170246702731902
"disconnected bridges, seed100",fixed,2,0.08898156508803368,9.053944371340117,15.170246702731902
"disconnected bridges, seed100",fixed,2,0.09210795629769564,9.053944371340117,15.170246702731902
"disconnected bridges, seed100",fixed,2,0.0952358883805573,9.053944371340117,15.170246702731902
"disconnected bridges, seed100",fixed,2,0.09837519936263561,9.053944371340117,15.170246702731902
"disconnected bridges, seed100",fixed,2,0.101527851074934,9.053944371340117,15.170246702731902
"disconnected bridges, seed100",fixed,2,0.10466453339904547,9.053944371340117,15.170246702731902
"disconnected bridges, seed100",fixed,2,0.10781898396089673,9.053944371340117,15.170246702731902
"disconnected bridges, seed100",fixed,2,0.11096349637955427,9.053944371339995,15.170246702731902
"disconnected bridges, seed100",fixed,2,0.1141036981716752,9.053944371339995,15.170246702731902
"disconnected bridges, seed100",fixed,2,0.11725046904757619,9.053944371339995,15.170246702731902
"disconnected bridges, seed100",fixed,2,0.12039117002859712,9.053944371339995,15.170246702731902
"disconnected bridges, seed100",fixed,2,0.12353294203057885,9.053944371339995,15.170246702731902
"disconnected bridges, seed100",fixed,2,0.12668417440727353,9.053944371339938,15.170246702731902
"disconnected bridges, seed100",fixed,2,0.12983592599630356,9.053944371339938,15.170246702731902
"disconnected bridges, seed100",fixed,2,0.13297351729124784,9.053944371339938,15.170246702731902
"disconnected bridges, seed100",fixed,2,0.13611628906801343,9.053944371339938,15.170246702731902
"disconnected bridges, seed100",fixed,2,0.13928691018372774,9.053944371339938,15.170246702731902
"disconnected bridges, seed100",fixed,2,0.142443782184273,9.053944371339938,15.170246702731902
"disconnected bridges, seed100",fixed,2,0.1455619833432138,9.053944371339938,15.170246702731902
"disconnected bridges, seed100",fixed,2,0.14869955508038402,9.053944371339938,15.170246702731902
"disconnected bridges, seed100",fixed,2,0.15181690640747547,9.053944371339938,15.170246702731902
"disconnected bridges, seed100",fixed,2,0.15494275838136673,9.053944371339938,15.170246702731902
"disconnected bridges, seed100",fixed,2,0.15807619038969278,9.053944371339938,15.170246702731902
"disconnected bridges, seed100",fixed,2,0.16120666218921542,9.053944371339938,15.170246702731902
"disconnected bridges, seed100",fixed,2,0.1643461831845343,9.053944371339938,15.170246702731902
"disconnected bridges, seed100",fixed,2,0.16749090515077114,9.053944371339938,15.170246702731902
"disconnected bridges, seed100",fixed,2,0.17064814595505595,9.053944371339938,15.170246702731902
"disconnected bridges, seed100",fixed,2,0.17381646810099483,9.053944371339938,15.170246702731902
"disconnected bridges, seed100",fixed,2,0.17694879928603768,9.053944371339938,15.170246702731902
"disconnected bridges, seed100",fixed,2,0.1801071809604764,9.053944371339938,15.170246702731902
"disconnected bridges, seed100",fixed,2,0.183266072999686,9.053944371339938,15.170246702731902
"disconnected bridges, seed100",fixed,2,0.18649864429607987,9.053944371339938,15.170246702731902
"disconnected bridges, seed100",fixed,2,0.18962920596823096,9.053944371339938,15.170246702731902
"disconnected bridges, seed100",ordinary,0,0.0034974520094692707,11.864614937627746,15.170246702731902
"disconnected bridges, seed100",ordinary,0,0.007161102723330259,9.75128231622509,15.170246702731902
"disconnected bridges, seed100",ordinary,0,0.010476044844835997,9.328403189050047,15.170246702731902
"disconnected bridges, seed100",ordinary,0,0.01362454704940319,9.159460378485772,15.170246702731902
"disconnected bridges, seed100",ordinary,0,0.01680741785094142,9.106054101775118,15.170246702731902
"disconnected bridges, seed100",ordinary,0,0.019964680075645447,9.089217302433429,15.170246702731902
"disconnected bridges, seed100",ordinary,0,0.02312507200986147,9.084052368927978,15.170246702731902
"disconnected bridges, seed100",ordinary,0,0.026277572847902775,9.081986250509095,15.170246702731902
"disconnected bridges, seed100",ordinary,0,0.02941430499777198,9.077753573295949,15.170246702731902
"disconnected bridges, seed100",ordinary,0,0.032551055774092674,9.07357107196528,15.170246702731902
"disconnected bridges, seed100",ordinary,0,0.0356915476731956,9.068055773793319,15.170246702731902
"disconnected bridges, seed100",ordinary,0,0.03884898964315653,9.062400551415545,15.170246702731902
"disconnected bridges, seed100",ordinary,0,0.04200725071132183,9.056204860647556,15.170246702731902
"disconnected bridges, seed100",ordinary,0,0.04516068287193775,9.054395995999357,15.170246702731902
"disconnected bridges, seed100",ordinary,0,0.048318763729184866,9.053984419849535,15.170246702731902
"disconnected bridges, seed100",ordinary,0,0.05150000564754009,9.053945716546165,15.170246702731902
"disconnected bridges, seed100",ordinary,0,0.054649828001856804,9.053944389731937,15.170246702731902
"disconnected bridges, seed100",ordinary,0,0.057820118963718414,9.053944371476051,15.170246702731902
"disconnected bridges, seed100",ordinary,0,0.0609567710198462,9.05394437134115,15.170246702731902
"disconnected bridges, seed100",ordinary,0,0.06409491179510951,9.053944371340137,15.170246702731902
"disconnected bridges, seed100",ordinary,0,0.0672108237631619,9.053944371340137,15.170246702731902
"disconnected bridges, seed100",ordinary,0,0.0703424559906125,9.053944371340137,15.170246702731902
"disconnected bridges, seed100",ordinary,0,0.07349025690928102,9.053944371340137,15.170246702731902
"disconnected bridges, seed100",ordinary,0,0.07666369900107384,9.053944371340137,15.170246702731902
"disconnected bridges, seed100",ordinary,0,0.07981819100677967,9.053944371340137,15.170246702731902
"disconnected bridges, seed100",ordinary,0,0.08296493208035827,9.053944371340137,15.170246702731902
"disconnected bridges, seed100",ordinary,0,0.0861232839524746,9.053944371340126,15.170246702731902
"disconnected bridges, seed100",ordinary,0,0.08925319463014603,9.053944371340126,15.170246702731902
"disconnected bridges, seed100",ordinary,0,0.09244862664490938,9.053944371340126,15.170246702731902
"disconnected bridges, seed100",ordinary,0,0.09560171887278557,9.053944371340126,15.170246702731902
"disconnected bridges, seed100",ordinary,0,0.09875559993088245,9.053944371340126,15.170246702731902
"disconnected bridges, seed100",ordinary,0,0.10191320162266493,9.053944371340034,15.170246702731902
"disconnected bridges, seed100",ordinary,0,0.10504818288609385,9.053944371340034,15.170246702731902
"disconnected bridges, seed100",ordinary,0,0.10822761477902532,9.053944371340034,15.170246702731902
"disconnected bridges, seed100",ordinary,0,0.11138918669894338,9.053944371340034,15.170246702731902
"disconnected bridges, seed100",ordinary,0,0.11452332790941,9.053944371340034,15.170246702731902
"disconnected bridges, seed100",ordinary,0,0.11766972998157144,9.053944371340034,15.170246702731902
"disconnected bridges, seed100",ordinary,0,0.12081549083814025,9.053944371340034,15.170246702731902
"disconnected bridges, seed100",ordinary,0,0.12394739268347621,9.053944371340034,15.170246702731902
"disconnected bridges, seed100",ordinary,0,0.12708992371335626,9.053944371340028,15.170246702731902
"disconnected bridges, seed100",ordinary,0,0.13025114592164755,9.053944371340028,15.170246702731902
"disconnected bridges, seed100",ordinary,0,0.13339471770450473,9.053944371340028,15.170246702731902
"disconnected bridges, seed100",ordinary,0,0.13651438895612955,9.053944371340028,15.170246702731902
"disconnected bridges, seed100",ordinary,0,0.13962951069697738,9.053944371340028,15.170246702731902
"disconnected bridges, seed100",ordinary,0,0.14283260283991694,9.053944371340028,15.170246702731902
"disconnected bridges, seed100",ordinary,0,0.14595025405287743,9.053944371340028,15.170246702731902
"disconnected bridges, seed100",ordinary,0,0.14910511579364538,9.053944371340028,15.170246702731902
"disconnected bridges, seed100",ordinary,0,0.15223183669149876,9.053944371340028,15.170246702731902
"disconnected bridges, seed100",ordinary,0,0.1553618786856532,9.053944371340028,15.170246702731902
"disconnected bridges, seed100",ordinary,0,0.1585104106925428,9.053944371340028,15.170246702731902
"disconnected bridges, seed100",ordinary,0,0.16168324183672667,9.053944371340028,15.170246702731902
"disconnected bridges, seed100",ordinary,0,0.1648542839102447,9.053944371340028,15.170246702731902
"disconnected bridges, seed100",ordinary,0,0.16800314467400312,9.053944371340028,15.170246702731902
"disconnected bridges, seed100",ordinary,0,0.17115795705467463,9.053944371340028,15.170246702731902
"disconnected bridges, seed100",ordinary,0,0.17434565862640738,9.053944371340028,15.170246702731902
"disconnected bridges, seed100",ordinary,0,0.17748508974909782,9.053944371340028,15.170246702731902
"disconnected bridges, seed100",ordinary,0,0.18064130190759897,9.053944371340028,15.170246702731902
"disconnected bridges, seed100",ordinary,0,0.1837977827526629,9.053944371340028,15.170246702731902
"disconnected bridges, seed100",ordinary,0,0.1869562049396336,9.053944371340028,15.170246702731902
"disconnected bridges, seed100",ordinary,0,0.19009169563651085,9.053944371340028,15.170246702731902
"disconnected bridges, seed100",ordinary,1,0.003509792033582926,11.864614937627746,15.170246702731902
"disconnected bridges, seed100",ordinary,1,0.007118584122508764,9.75128231622509,15.170246702731902
"disconnected bridges, seed100",ordinary,1,0.010415636003017426,9.328403189050047,15.170246702731902
"disconnected bridges, seed100",ordinary,1,0.014141878113150597,9.159460378485772,15.170246702731902
"disconnected bridges, seed100",ordinary,1,0.017348128836601973,9.106054101775118,15.170246702731902
"disconnected bridges, seed100",ordinary,1,0.020570890977978706,9.089217302433429,15.170246702731902
"disconnected bridges, seed100",ordinary,1,0.023756612092256546,9.084052368927978,15.170246702731902
"disconnected bridges, seed100",ordinary,1,0.026942173950374126,9.081986250509095,15.170246702731902
"disconnected bridges, seed100",ordinary,1,0.03007990587502718,9.077753573295949,15.170246702731902
"disconnected bridges, seed100",ordinary,1,0.03323159692808986,9.07357107196528,15.170246702731902
"disconnected bridges, seed100",ordinary,1,0.03637271886691451,9.068055773793319,15.170246702731902
"disconnected bridges, seed100",ordinary,1,0.03953474014997482,9.062400551415545,15.170246702731902
"disconnected bridges, seed100",ordinary,1,0.042684781830757856,9.056204860647556,15.170246702731902
"disconnected bridges, seed100",ordinary,1,0.04583809385076165,9.054395995999357,15.170246702731902
"disconnected bridges, seed100",ordinary,1,0.0489692147821188,9.053984419849535,15.170246702731902
"disconnected bridges, seed100",ordinary,1,0.05211405688896775,9.053945716546165,15.170246702731902
"disconnected bridges, seed100",ordinary,1,0.0552658480592072,9.053944389731937,15.170246702731902
"disconnected bridges, seed100",ordinary,1,0.058402900118380785,9.053944371476051,15.170246702731902
"disconnected bridges, seed100",ordinary,1,0.061541581992059946,9.05394437134115,15.170246702731902
"disconnected bridges, seed100",ordinary,1,0.06467616278678179,9.053944371340137,15.170246702731902
"disconnected bridges, seed100",ordinary,1,0.06779705500230193,9.053944371340137,15.170246702731902
"disconnected bridges, seed100",ordinary,1,0.07091296603903174,9.053944371340137,15.170246702731902
"disconnected bridges, seed100",ordinary,1,0.07402654783800244,9.053944371340137,15.170246702731902
"disconnected bridges, seed100",ordinary,1,0.07715897914022207,9.053944371340137,15.170246702731902
"disconnected bridges, seed100",ordinary,1,0.08028025086969137,9.053944371340137,15.170246702731902
"disconnected bridges, seed100",ordinary,1,0.083433723077178,9.053944371340137,15.170246702731902
"disconnected bridges, seed100",ordinary,1,0.08659556414932013,9.053944371340126,15.170246702731902
"disconnected bridges, seed100",ordinary,1,0.08975398587062955,9.053944371340126,15.170246702731902
"disconnected bridges, seed100",ordinary,1,0.09289180720224977,9.053944371340126,15.170246702731902
"disconnected bridges, seed100",ordinary,1,0.09605294885113835,9.053944371340126,15.170246702731902
"disconnected bridges, seed100",ordinary,1,0.09923071088269353,9.053944371340126,15.170246702731902
"disconnected bridges, seed100",ordinary,1,0.10239693196490407,9.053944371340034,15.170246702731902
"disconnected bridges, seed100",ordinary,1,0.10556257423013449,9.053944371340034,15.170246702731902
"disconnected bridges, seed100",ordinary,1,0.10866812616586685,9.053944371340034,15.170246702731902
"disconnected bridges, seed100",ordinary,1,0.11178602697327733,9.053944371340034,15.170246702731902
"disconnected bridges, seed100",ordinary,1,0.11492418916895986,9.053944371340034,15.170246702731902
"disconnected bridges, seed100",ordinary,1,0.11806396022439003,9.053944371340034,15.170246702731902
"disconnected bridges, seed100",ordinary,1,0.12119580199941993,9.053944371340034,15.170246702731902
"disconnected bridges, seed100",ordinary,1,0.12433578306809068,9.053944371340034,15.170246702731902
"disconnected bridges, seed100",ordinary,1,0.1274995948188007,9.053944371340028,15.170246702731902
"disconnected bridges, seed100",ordinary,1,0.13062266679480672,9.053944371340028,15.170246702731902
"disconnected bridges, seed100",ordinary,1,0.13376762811094522,9.053944371340028,15.170246702731902
"disconnected bridges, seed100",ordinary,1,0.13689295994117856,9.053944371340028,15.170246702731902
"disconnected bridges, seed100",ordinary,1,0.14004084095358849,9.053944371340028,15.170246702731902
"disconnected bridges, seed100",ordinary,1,0.14317099284380674,9.053944371340028,15.170246702731902
"disconnected bridges, seed100",ordinary,1,0.14629652490839362,9.053944371340028,15.170246702731902
"disconnected bridges, seed100",ordinary,1,0.14942214591428638,9.053944371340028,15.170246702731902
"disconnected bridges, seed100",ordinary,1,0.1525324177928269,9.053944371340028,15.170246702731902
"disconnected bridges, seed100",ordinary,1,0.15564782917499542,9.053944371340028,15.170246702731902
"disconnected bridges, seed100",ordinary,1,0.15878151124343276,9.053944371340028,15.170246702731902
"disconnected bridges, seed100",ordinary,1,0.16189064178615808,9.053944371340028,15.170246702731902
"disconnected bridges, seed100",ordinary,1,0.16502524400129914,9.053944371340028,15.170246702731902
"disconnected bridges, seed100",ordinary,1,0.1681575058028102,9.053944371340028,15.170246702731902
"disconnected bridges, seed100",ordinary,1,0.17128796689212322,9.053944371340028,15.170246702731902
"disconnected bridges, seed100",ordinary,1,0.17440080922096968,9.053944371340028,15.170246702731902
"disconnected bridges, seed100",ordinary,1,0.17750824987888336,9.053944371340028,15.170246702731902
"disconnected bridges, seed100",ordinary,1,0.1806354420259595,9.053944371340028,15.170246702731902
"disconnected bridges, seed100",ordinary,1,0.18375138379633427,9.053944371340028,15.170246702731902
"disconnected bridges, seed100",ordinary,1,0.18688506493344903,9.053944371340028,15.170246702731902
"disconnected bridges, seed100",ordinary,1,0.18999843718484044,9.053944371340028,15.170246702731902
"disconnected bridges, seed100",ordinary,2,0.0032298420555889606,11.864614937627746,15.170246702731902
"disconnected bridges, seed100",ordinary,2,0.007014854345470667,9.75128231622509,15.170246702731902
"disconnected bridges, seed100",ordinary,2,0.010210695210844278,9.328403189050047,15.170246702731902
"disconnected bridges, seed100",ordinary,2,0.01335240714251995,9.159460378485772,15.170246702731902
"disconnected bridges, seed100",ordinary,2,0.01649228809401393,9.106054101775118,15.170246702731902
"disconnected bridges, seed100",ordinary,2,0.0196265303529799,9.089217302433429,15.170246702731902
"disconnected bridges, seed100",ordinary,2,0.02277180226519704,9.084052368927978,15.170246702731902
"disconnected bridges, seed100",ordinary,2,0.025926923379302025,9.081986250509095,15.170246702731902
"disconnected bridges, seed100",ordinary,2,0.02906689513474703,9.077753573295949,15.170246702731902
"disconnected bridges, seed100",ordinary,2,0.03224570723250508,9.07357107196528,15.170246702731902
"disconnected bridges, seed100",ordinary,2,0.03537819813936949,9.068055773793319,15.170246702731902
"disconnected bridges, seed100",ordinary,2,0.038564939983189106,9.062400551415545,15.170246702731902
"disconnected bridges, seed100",ordinary,2,0.04171616118401289,9.056204860647556,15.170246702731902
"disconnected bridges, seed100",ordinary,2,0.04492252320051193,9.054395995999357,15.170246702731902
"disconnected bridges, seed100",ordinary,2,0.04813499515876174,9.053984419849535,15.170246702731902
"disconnected bridges, seed100",ordinary,2,0.05137085635215044,9.053945716546165,15.170246702731902
"disconnected bridges, seed100",ordinary,2,0.05454839812591672,9.053944389731937,15.170246702731902
"disconnected bridges, seed100",ordinary,2,0.0576891889795661,9.053944371476051,15.170246702731902
"disconnected bridges, seed100",ordinary,2,0.06082929112017155,9.05394437134115,15.170246702731902
"disconnected bridges, seed100",ordinary,2,0.0639578034169972,9.053944371340137,15.170246702731902
"disconnected bridges, seed100",ordinary,2,0.06720582442358136,9.053944371340137,15.170246702731902
"disconnected bridges, seed100",ordinary,2,0.07061074627563357,9.053944371340137,15.170246702731902
"disconnected bridges, seed100",ordinary,2,0.07378681702539325,9.053944371340137,15.170246702731902
"disconnected bridges, seed100",ordinary,2,0.07690523937344551,9.053944371340137,15.170246702731902
"disconnected bridges, seed100",ordinary,2,0.08003583131358027,9.053944371340137,15.170246702731902
"disconnected bridges, seed100",ordinary,2,0.08317815326154232,9.053944371340137,15.170246702731902
"disconnected bridges, seed100",ordinary,2,0.08630574401468039,9.053944371340126,15.170246702731902
"disconnected bridges, seed100",ordinary,2,0.08946166513487697,9.053944371340126,15.170246702731902
"disconnected bridges, seed100",ordinary,2,0.09265144728124142,9.053944371340126,15.170246702731902
"disconnected bridges, seed100",ordinary,2,0.09580054925754666,9.053944371340126,15.170246702731902
"disconnected bridges, seed100",ordinary,2,0.0989593300037086,9.053944371340126,15.170246702731902
"disconnected bridges, seed100",ordinary,2,0.10212819231674075,9.053944371340034,15.170246702731902
"disconnected bridges, seed100",ordinary,2,0.10531551437452435,9.053944371340034,15.170246702731902
"disconnected bridges, seed100",ordinary,2,0.10846063541248441,9.053944371340034,15.170246702731902
"disconnected bridges, seed100",ordinary,2,0.11161332717165351,9.053944371340034,15.170246702731902
"disconnected bridges, seed100",ordinary,2,0.11474660923704505,9.053944371340034,15.170246702731902
"disconnected bridges, seed100",ordinary,2,0.11788514023646712,9.053944371340034,15.170246702731902
"disconnected bridges, seed100",ordinary,2,0.12105112243443727,9.053944371340034,15.170246702731902
"disconnected bridges, seed100",ordinary,2,0.12418235326185822,9.053944371340034,15.170246702731902
"disconnected bridges, seed100",ordinary,2,0.1273733749985695,9.053944371340028,15.170246702731902
"disconnected bridges, seed100",ordinary,2,0.13052797643467784,9.053944371340028,15.170246702731902
"disconnected bridges, seed100",ordinary,2,0.13364264834672213,9.053944371340028,15.170246702731902
"disconnected bridges, seed100",ordinary,2,0.13676292030140758,9.053944371340028,15.170246702731902
"disconnected bridges, seed100",ordinary,2,0.1399038010276854,9.053944371340028,15.170246702731902
"disconnected bridges, seed100",ordinary,2,0.14306306326761842,9.053944371340028,15.170246702731902
"disconnected bridges, seed100",ordinary,2,0.14617551444098353,9.053944371340028,15.170246702731902
"disconnected bridges, seed100",ordinary,2,0.1492955661378801,9.053944371340028,15.170246702731902
"disconnected bridges, seed100",ordinary,2,0.15240494813770056,9.053944371340028,15.170246702731902
"disconnected bridges, seed100",ordinary,2,0.15554854925721884,9.053944371340028,15.170246702731902
"disconnected bridges, seed100",ordinary,2,0.15866676112636924,9.053944371340028,15.170246702731902
"disconnected bridges, seed100",ordinary,2,0.16178215201944113,9.053944371340028,15.170246702731902
"disconnected bridges, seed100",ordinary,2,0.16490227403119206,9.053944371340028,15.170246702731902
"disconnected bridges, seed100",ordinary,2,0.16804281622171402,9.053944371340028,15.170246702731902
"disconnected bridges, seed100",ordinary,2,0.1711810571141541,9.053944371340028,15.170246702731902
"disconnected bridges, seed100",ordinary,2,0.17431709915399551,9.053944371340028,15.170246702731902
"disconnected bridges, seed100",ordinary,2,0.17746450006961823,9.053944371340028,15.170246702731902
"disconnected bridges, seed100",ordinary,2,0.18060197215527296,9.053944371340028,15.170246702731902
"disconnected bridges, seed100",ordinary,2,0.1837236131541431,9.053944371340028,15.170246702731902
"disconnected bridges, seed100",ordinary,2,0.18690165504813194,9.053944371340028,15.170246702731902
"disconnected bridges, seed100",ordinary,2,0.19001935701817274,9.053944371340028,15.170246702731902
"disconnected bridges, seed100",residual,0,0.0034817722626030445,11.864614937627746,15.170246702731902
"disconnected bridges, seed100",residual,0,0.007154553197324276,9.75128231622509,15.170246702731902
"disconnected bridges, seed100",residual,0,0.01031998498365283,9.328403189050047,15.170246702731902
"disconnected bridges, seed100",residual,0,0.013489707373082638,9.159460378485772,15.170246702731902
"disconnected bridges, seed100",residual,0,0.016878478229045868,9.106054101775118,15.170246702731902
"disconnected bridges, seed100",residual,0,0.02002825029194355,9.089217302433429,15.170246702731902
"disconnected bridges, seed100",residual,0,0.02319608209654689,9.084052368927978,15.170246702731902
"disconnected bridges, seed100",residual,0,0.026354033034294844,9.081986250509095,15.170246702731902
"disconnected bridges, seed100",residual,0,0.029764764942228794,9.077753573295949,15.170246702731902
"disconnected bridges, seed100",residual,0,0.03294373722746968,9.07357107196528,15.170246702731902
"disconnected bridges, seed100",residual,0,0.03611835837364197,9.068055773793319,15.170246702731902
"disconnected bridges, seed100",residual,0,0.039281470235437155,9.062400551415545,15.170246702731902
"disconnected bridges, seed100",residual,0,0.04266772232949734,9.056204860647556,15.170246702731902
"disconnected bridges, seed100",residual,0,0.04580822307616472,9.054395995999357,15.170246702731902
"disconnected bridges, seed100",residual,0,0.049003375228494406,9.053984419849535,15.170246702731902
"disconnected bridges, seed100",residual,0,0.05217527598142624,9.053945716546165,15.170246702731902
"disconnected bridges, seed100",residual,0,0.05533671798184514,9.053944389731937,15.170246702731902
"disconnected bridges, seed100",residual,0,0.05852609034627676,9.053944371476051,15.170246702731902
"disconnected bridges, seed100",residual,0,0.06170791108161211,9.05394437134115,15.170246702731902
"disconnected bridges, seed100",residual,0,0.06484900321811438,9.053944371340137,15.170246702731902
"disconnected bridges, seed100",residual,0,0.06798379495739937,9.053944371340137,15.170246702731902
"disconnected bridges, seed100",residual,0,0.07113231625407934,9.053944371340137,15.170246702731902
"disconnected bridges, seed100",residual,0,0.07430286798626184,9.053944371340137,15.170246702731902
"disconnected bridges, seed100",residual,0,0.07755563920363784,9.053944371340137,15.170246702731902
"disconnected bridges, seed100",residual,0,0.08070484129711986,9.053944371340137,15.170246702731902
"disconnected bridges, seed100",residual,0,0.08384023234248161,9.053944371340137,15.170246702731902
"disconnected bridges, seed100",residual,0,0.0869981343857944,9.053944371340126,15.170246702731902
"disconnected bridges, seed100",residual,0,0.09011706616729498,9.053944371340126,15.170246702731902
"disconnected bridges, seed100",residual,0,0.09323450736701488,9.053944371340126,15.170246702731902
"disconnected bridges, seed100",residual,0,0.09638759912922978,9.053944371340126,15.170246702731902
"disconnected bridges, seed100",residual,0,0.09957359032705426,9.053944371340126,15.170246702731902
"disconnected bridges, seed100",residual,0,0.10272037237882614,9.053944371340034,15.170246702731902
"disconnected bridges, seed100",residual,0,0.10590119427070022,9.053944371340034,15.170246702731902
"disconnected bridges, seed100",residual,0,0.10904594510793686,9.053944371340034,15.170246702731902
"disconnected bridges, seed100",residual,0,0.11221810709685087,9.053944371340034,15.170246702731902
"disconnected bridges, seed100",residual,0,0.11536020832136273,9.053944371340034,15.170246702731902
"disconnected bridges, seed100",residual,0,0.11850557010620832,9.053944371340034,15.170246702731902
"disconnected bridges, seed100",residual,0,0.12163453223183751,9.053944371340034,15.170246702731902
"disconnected bridges, seed100",residual,0,0.12488204427063465,9.053944371340034,15.170246702731902
"disconnected bridges, seed100",residual,0,0.128029425162822,9.053944371340028,15.170246702731902
"disconnected bridges, seed100",residual,0,0.13116251630708575,9.053944371340028,15.170246702731902
"disconnected bridges, seed100",residual,0,0.13428732799366117,9.053944371340028,15.170246702731902
"disconnected bridges, seed100",residual,0,0.1374378902837634,9.053944371340028,15.170246702731902
"disconnected bridges, seed100",residual,0,0.14058212097734213,9.053944371340028,15.170246702731902
"disconnected bridges, seed100",residual,0,0.14370402321219444,9.053944371340028,15.170246702731902
"disconnected bridges, seed100",residual,0,0.14683029521256685,9.053944371340028,15.170246702731902
"disconnected bridges, seed100",residual,0,0.14994983607903123,9.053944371340028,15.170246702731902
"disconnected bridges, seed100",residual,0,0.1530549582093954,9.053944371340028,15.170246702731902
"disconnected bridges, seed100",residual,0,0.15620013931766152,9.053944371340028,15.170246702731902
"disconnected bridges, seed100",residual,0,0.15931511111557484,9.053944371340028,15.170246702731902
"disconnected bridges, seed100",residual,0,0.16246102331206203,9.053944371340028,15.170246702731902
"disconnected bridges, seed100",residual,0,0.16560073429718614,9.053944371340028,15.170246702731902
"disconnected bridges, seed100",residual,0,0.16873637633398175,9.053944371340028,15.170246702731902
"disconnected bridges, seed100",residual,0,0.17189166694879532,9.053944371340028,15.170246702731902
"disconnected bridges, seed100",residual,0,0.1750300293788314,9.053944371340028,15.170246702731902
"disconnected bridges, seed100",residual,0,0.178220400121063,9.053944371340028,15.170246702731902
"disconnected bridges, seed100",residual,0,0.1813541823066771,9.053944371340028,15.170246702731902
"disconnected bridges, seed100",residual,0,0.1844819630496204,9.053944371340028,15.170246702731902
"disconnected bridges, seed100",residual,0,0.18763804528862238,9.053944371340028,15.170246702731902
"disconnected bridges, seed100",residual,0,0.19075778732076287,9.053944371340028,15.170246702731902
"disconnected bridges, seed100",residual,1,0.0035165022127330303,11.864614937627746,15.170246702731902
"disconnected bridges, seed100",residual,1,0.007176704239100218,9.75128231622509,15.170246702731902
"disconnected bridges, seed100",residual,1,0.010500096250325441,9.328403189050047,15.170246702731902
"disconnected bridges, seed100",residual,1,0.01418989710509777,9.159460378485772,15.170246702731902
"disconnected bridges, seed100",residual,1,0.017573269084095955,9.106054101775118,15.170246702731902
"disconnected bridges, seed100",residual,1,0.020742171443998814,9.089217302433429,15.170246702731902
"disconnected bridges, seed100",residual,1,0.023887872230261564,9.084052368927978,15.170246702731902
"disconnected bridges, seed100",residual,1,0.027077844366431236,9.081986250509095,15.170246702731902
"disconnected bridges, seed100",residual,1,0.0305214561522007,9.077753573295949,15.170246702731902
"disconnected bridges, seed100",residual,1,0.03367878729477525,9.07357107196528,15.170246702731902
"disconnected bridges, seed100",residual,1,0.03682430926710367,9.068055773793319,15.170246702731902
"disconnected bridges, seed100",residual,1,0.03998201107606292,9.062400551415545,15.170246702731902
"disconnected bridges, seed100",residual,1,0.04336421238258481,9.056204860647556,15.170246702731902
"disconnected bridges, seed100",residual,1,0.046531883999705315,9.054395995999357,15.170246702731902
"disconnected bridges, seed100",residual,1,0.04971595527604222,9.053984419849535,15.170246702731902
"disconnected bridges, seed100",residual,1,0.05286190705373883,9.053945716546165,15.170246702731902
"disconnected bridges, seed100",residual,1,0.05600424902513623,9.053944389731937,15.170246702731902
"disconnected bridges, seed100",residual,1,0.059154320042580366,9.053944371476051,15.170246702731902
"disconnected bridges, seed100",residual,1,0.06228995230048895,9.05394437134115,15.170246702731902
"disconnected bridges, seed100",residual,1,0.06545277312397957,9.053944371340137,15.170246702731902
"disconnected bridges, seed100",residual,1,0.06858043512329459,9.053944371340137,15.170246702731902
"disconnected bridges, seed100",residual,1,0.07176900701597333,9.053944371340137,15.170246702731902
"disconnected bridges, seed100",residual,1,0.0748763782903552,9.053944371340137,15.170246702731902
"disconnected bridges, seed100",residual,1,0.07801632024347782,9.053944371340137,15.170246702731902
"disconnected bridges, seed100",residual,1,0.08115642098709941,9.053944371340137,15.170246702731902
"disconnected bridges, seed100",residual,1,0.08429932314902544,9.053944371340137,15.170246702731902
"disconnected bridges, seed100",residual,1,0.08742711506783962,9.053944371340126,15.170246702731902
"disconnected bridges, seed100",residual,1,0.09056140622124076,9.053944371340126,15.170246702731902
"disconnected bridges, seed100",residual,1,0.09372721798717976,9.053944371340126,15.170246702731902
"disconnected bridges, seed100",residual,1,0.09688612911850214,9.053944371340126,15.170246702731902
"disconnected bridges, seed100",residual,1,0.10000872099772096,9.053944371340126,15.170246702731902
"disconnected bridges, seed100",residual,1,0.10314288316294551,9.053944371340034,15.170246702731902
"disconnected bridges, seed100",residual,1,0.1062678243033588,9.053944371340034,15.170246702731902
"disconnected bridges, seed100",residual,1,0.10945190628990531,9.053944371340034,15.170246702731902
"disconnected bridges, seed100",residual,1,0.11258473712950945,9.053944371340034,15.170246702731902
"disconnected bridges, seed100",residual,1,0.11573071917518973,9.053944371340034,15.170246702731902
"disconnected bridges, seed100",residual,1,0.11885345121845603,9.053944371340034,15.170246702731902
"disconnected bridges, seed100",residual,1,0.12199801206588745,9.053944371340034,15.170246702731902
"disconnected bridges, seed100",residual,1,0.125117814168334,9.053944371340034,15.170246702731902
"disconnected bridges, seed100",residual,1,0.12825960526242852,9.053944371340028,15.170246702731902
"disconnected bridges, seed100",residual,1,0.13137333700433373,9.053944371340028,15.170246702731902
"disconnected bridges, seed100",residual,1,0.13450185908004642,9.053944371340028,15.170246702731902
"disconnected bridges, seed100",residual,1,0.13766695000231266,9.053944371340028,15.170246702731902
"disconnected bridges, seed100",residual,1,0.14081761240959167,9.053944371340028,15.170246702731902
"disconnected bridges, seed100",residual,1,0.14392801327630877,9.053944371340028,15.170246702731902
"disconnected bridges, seed100",residual,1,0.14708619518205523,9.053944371340028,15.170246702731902
"disconnected bridges, seed100",residual,1,0.1502301162108779,9.053944371340028,15.170246702731902
"disconnected bridges, seed100",residual,1,0.15335873840376735,9.053944371340028,15.170246702731902
"disconnected bridges, seed100",residual,1,0.1565292300656438,9.053944371340028,15.170246702731902
"disconnected bridges, seed100",residual,1,0.15965962130576372,9.053944371340028,15.170246702731902
"disconnected bridges, seed100",residual,1,0.16280586319044232,9.053944371340028,15.170246702731902
"disconnected bridges, seed100",residual,1,0.16594505542889237,9.053944371340028,15.170246702731902
"disconnected bridges, seed100",residual,1,0.16904240613803267,9.053944371340028,15.170246702731902
"disconnected bridges, seed100",residual,1,0.17218948807567358,9.053944371340028,15.170246702731902
"disconnected bridges, seed100",residual,1,0.17530427919700742,9.053944371340028,15.170246702731902
"disconnected bridges, seed100",residual,1,0.1784563814289868,9.053944371340028,15.170246702731902
"disconnected bridges, seed100",residual,1,0.18157653231173754,9.053944371340028,15.170246702731902
"disconnected bridges, seed100",residual,1,0.1847117142751813,9.053944371340028,15.170246702731902
"disconnected bridges, seed100",residual,1,0.18787411507219076,9.053944371340028,15.170246702731902
"disconnected bridges, seed100",residual,1,0.19102932699024677,9.053944371340028,15.170246702731902
"disconnected bridges, seed100",residual,2,0.0035467720590531826,11.864614937627746,15.170246702731902
"disconnected bridges, seed100",residual,2,0.0072313942946493626,9.75128231622509,15.170246702731902
"disconnected bridges, seed100",residual,2,0.010535145178437233,9.328403189050047,15.170246702731902
"disconnected bridges, seed100",residual,2,0.014226487372070551,9.159460378485772,15.170246702731902
"disconnected bridges, seed100",residual,2,0.017632569186389446,9.106054101775118,15.170246702731902
"disconnected bridges, seed100",residual,2,0.02080789115279913,9.089217302433429,15.170246702731902
"disconnected bridges, seed100",residual,2,0.023937742225825787,9.084052368927978,15.170246702731902
"disconnected bridges, seed100",residual,2,0.027126573957502842,9.081986250509095,15.170246702731902
"disconnected bridges, seed100",residual,2,0.030536745209246874,9.077753573295949,15.170246702731902
"disconnected bridges, seed100",residual,2,0.033724457025527954,9.07357107196528,15.170246702731902
"disconnected bridges, seed100",residual,2,0.03688249923288822,9.068055773793319,15.170246702731902
"disconnected bridges, seed100",residual,2,0.04001326020807028,9.062400551415545,15.170246702731902
"disconnected bridges, seed100",residual,2,0.043453972321003675,9.056204860647556,15.170246702731902
"disconnected bridges, seed100",residual,2,0.04661230416968465,9.054395995999357,15.170246702731902
"disconnected bridges, seed100",residual,2,0.04974707495421171,9.053984419849535,15.170246702731902
"disconnected bridges, seed100",residual,2,0.05288707697764039,9.053945716546165,15.170246702731902
"disconnected bridges, seed100",residual,2,0.05603712936863303,9.053944389731937,15.170246702731902
"disconnected bridges, seed100",residual,2,0.05916944006457925,9.053944371476051,15.170246702731902
"disconnected bridges, seed100",residual,2,0.06231966195628047,9.05394437134115,15.170246702731902
"disconnected bridges, seed100",residual,2,0.06547520309686661,9.053944371340137,15.170246702731902
"disconnected bridges, seed100",residual,2,0.068639375269413,9.053944371340137,15.170246702731902
"disconnected bridges, seed100",residual,2,0.07181725697591901,9.053944371340137,15.170246702731902
"disconnected bridges, seed100",residual,2,0.07498991815373302,9.053944371340137,15.170246702731902
"disconnected bridges, seed100",residual,2,0.07811507023870945,9.053944371340137,15.170246702731902
"disconnected bridges, seed100",residual,2,0.08133264118805528,9.053944371340137,15.170246702731902
"disconnected bridges, seed100",residual,2,0.08447102317586541,9.053944371340137,15.170246702731902
"disconnected bridges, seed100",residual,2,0.08758534397929907,9.053944371340126,15.170246702731902
"disconnected bridges, seed100",residual,2,0.09074074635282159,9.053944371340126,15.170246702731902
"disconnected bridges, seed100",residual,2,0.09387331828474998,9.053944371340126,15.170246702731902
"disconnected bridges, seed100",residual,2,0.09699562937021255,9.053944371340126,15.170246702731902
"disconnected bridges, seed100",residual,2,0.10017492109909654,9.053944371340126,15.170246702731902
"disconnected bridges, seed100",residual,2,0.10333760222420096,9.053944371340034,15.170246702731902
"disconnected bridges, seed100",residual,2,0.10649328399449587,9.053944371340034,15.170246702731902
"disconnected bridges, seed100",residual,2,0.1096316259354353,9.053944371340034,15.170246702731902
"disconnected bridges, seed100",residual,2,0.11279877694323659,9.053944371340034,15.170246702731902
"disconnected bridges, seed100",residual,2,0.115959239192307,9.053944371340034,15.170246702731902
"disconnected bridges, seed100",residual,2,0.11912016104906797,9.053944371340034,15.170246702731902
"disconnected bridges, seed100",residual,2,0.1222665123641491,9.053944371340034,15.170246702731902
"disconnected bridges, seed100",residual,2,0.12540760403499007,9.053944371340034,15.170246702731902
"disconnected bridges, seed100",residual,2,0.12855313532054424,9.053944371340028,15.170246702731902
"disconnected bridges, seed100",residual,2,0.13169748708605766,9.053944371340028,15.170246702731902
"disconnected bridges, seed100",residual,2,0.13483718922361732,9.053944371340028,15.170246702731902
"disconnected bridges, seed100",residual,2,0.13798235030844808,9.053944371340028,15.170246702731902
"disconnected bridges, seed100",residual,2,0.1411296622827649,9.053944371340028,15.170246702731902
"disconnected bridges, seed100",residual,2,0.1442697332240641,9.053944371340028,15.170246702731902
"disconnected bridges, seed100",residual,2,0.14739102497696877,9.053944371340028,15.170246702731902
"disconnected bridges, seed100",residual,2,0.15051494631916285,9.053944371340028,15.170246702731902
"disconnected bridges, seed100",residual,2,0.15364266838878393,9.053944371340028,15.170246702731902
"disconnected bridges, seed100",residual,2,0.15679182019084692,9.053944371340028,15.170246702731902
"disconnected bridges, seed100",residual,2,0.15993799129500985,9.053944371340028,15.170246702731902
"disconnected bridges, seed100",residual,2,0.1630611731670797,9.053944371340028,15.170246702731902
"disconnected bridges, seed100",residual,2,0.16620823414996266,9.053944371340028,15.170246702731902
"disconnected bridges, seed100",residual,2,0.1693373960442841,9.053944371340028,15.170246702731902
"disconnected bridges, seed100",residual,2,0.1724864481948316,9.053944371340028,15.170246702731902
"disconnected bridges, seed100",residual,2,0.17565850913524628,9.053944371340028,15.170246702731902
"disconnected bridges, seed100",residual,2,0.17881403118371964,9.053944371340028,15.170246702731902
"disconnected bridges, seed100",residual,2,0.1819494729861617,9.053944371340028,15.170246702731902
"disconnected bridges, seed100",residual,2,0.18508993415161967,9.053944371340028,15.170246702731902
"disconnected bridges, seed100",residual,2,0.18825407605618238,9.053944371340028,15.170246702731902
"disconnected bridges, seed100",residual,2,0.1913868673145771,9.053944371340028,15.170246702731902
"disconnected bridges, seed100",information,0,0.0036671319976449013,11.864614937627746,15.170246702731902
"disconnected bridges, seed100",information,0,0.007367603946477175,9.75128231622509,15.170246702731902
"disconnected bridges, seed100",information,0,0.01061932509765029,9.328403189050047,15.170246702731902
"disconnected bridges, seed100",information,0,0.014190686866641045,9.159460378485772,15.170246702731902
"disconnected bridges, seed100",information,0,0.018197768833488226,9.106054101775118,15.170246702731902
"disconnected bridges, seed100",information,0,0.02176080085337162,9.089217302433429,15.170246702731902
"disconnected bridges, seed100",information,0,0.025007382966578007,9.084052368927978,15.170246702731902
"disconnected bridges, seed100",information,0,0.02857201499864459,9.081986250509095,15.170246702731902
"disconnected bridges, seed100",information,0,0.0325512969866395,9.077753573295949,15.170246702731902
"disconnected bridges, seed100",information,0,0.03617864893749356,9.07357107196528,15.170246702731902
"disconnected bridges, seed100",information,0,0.03948346013203263,9.068055773793319,15.170246702731902
"disconnected bridges, seed100",information,0,0.04309165198355913,9.062400551415545,15.170246702731902
"disconnected bridges, seed100",information,0,0.047061423771083355,9.056204860647556,15.170246702731902
"disconnected bridges, seed100",information,0,0.05067593604326248,9.054395995999357,15.170246702731902
"disconnected bridges, seed100",information,0,0.053898218087852,9.053984419849535,15.170246702731902
"disconnected bridges, seed100",information,0,0.05754042882472277,9.053945716546165,15.170246702731902
"disconnected bridges, seed100",information,0,0.06076361099258065,9.053944389731937,15.170246702731902
"disconnected bridges, seed100",information,0,0.06436499301344156,9.053944371476051,15.170246702731902
"disconnected bridges, seed100",information,0,0.06758539378643036,9.05394437134115,15.170246702731902
"disconnected bridges, seed100",information,0,0.07114630611613393,9.053944371340137,15.170246702731902
"disconnected bridges, seed100",information,0,0.0743695180863142,9.053944371340137,15.170246702731902
"disconnected bridges, seed100",information,0,0.07791810994967818,9.053944371340137,15.170246702731902
"disconnected bridges, seed100",information,0,0.08115489082410932,9.053944371340137,15.170246702731902
"disconnected bridges, seed100",information,0,0.08474388299509883,9.053944371340137,15.170246702731902
"disconnected bridges, seed100",information,0,0.08798037515953183,9.053944371340137,15.170246702731902
"disconnected bridges, seed100",information,0,0.0915603470057249,9.053944371340137,15.170246702731902
"disconnected bridges, seed100",information,0,0.09483201801776886,9.053944371340126,15.170246702731902
"disconnected bridges, seed100",information,0,0.09842769987881184,9.053944371340126,15.170246702731902
"disconnected bridges, seed100",information,0,0.10163992177695036,9.053944371340126,15.170246702731902
"disconnected bridges, seed100",information,0,0.10520160384476185,9.053944371340126,15.170246702731902
"disconnected bridges, seed100",information,0,0.10843118513002992,9.053944371340126,15.170246702731902
"disconnected bridges, seed100",information,0,0.11199506698176265,9.053944371340034,15.170246702731902
"disconnected bridges, seed100",information,0,0.11523066880181432,9.053944371340034,15.170246702731902
"disconnected bridges, seed100",information,0,0.11884182086214423,9.053944371340034,15.170246702731902
"disconnected bridges, seed100",information,0,0.12205955199897289,9.053944371340034,15.170246702731902
"disconnected bridges, seed100",information,0,0.1256206938996911,9.053944371340034,15.170246702731902
"disconnected bridges, seed100",information,0,0.12883740616962314,9.053944371340034,15.170246702731902
"disconnected bridges, seed100",information,0,0.1325610880739987,9.053944371340034,15.170246702731902
"disconnected bridges, seed100",information,0,0.13578742882236838,9.053944371340034,15.170246702731902
"disconnected bridges, seed100",information,0,0.13936834083870053,9.053944371340028,15.170246702731902
"disconnected bridges, seed100",information,0,0.14255597302690148,9.053944371340028,15.170246702731902
"disconnected bridges, seed100",information,0,0.1461801049299538,9.053944371340028,15.170246702731902
"disconnected bridges, seed100",information,0,0.1493731657974422,9.053944371340028,15.170246702731902
"disconnected bridges, seed100",information,0,0.15295487781986594,9.053944371340028,15.170246702731902
"disconnected bridges, seed100",information,0,0.15615262975916266,9.053944371340028,15.170246702731902
"disconnected bridges, seed100",information,0,0.15968327084556222,9.053944371340028,15.170246702731902
"disconnected bridges, seed100",information,0,0.1629590429365635,9.053944371340028,15.170246702731902
"disconnected bridges, seed100",information,0,0.16651858482509851,9.053944371340028,15.170246702731902
"disconnected bridges, seed100",information,0,0.16972901578992605,9.053944371340028,15.170246702731902
"disconnected bridges, seed100",information,0,0.17283391812816262,9.053944371340028,15.170246702731902
"disconnected bridges, seed100",information,0,0.17595960991457105,9.053944371340028,15.170246702731902
"disconnected bridges, seed100",information,0,0.179077940993011,9.053944371340028,15.170246702731902
"disconnected bridges, seed100",information,0,0.18219742318615317,9.053944371340028,15.170246702731902
"disconnected bridges, seed100",information,0,0.18531824415549636,9.053944371340028,15.170246702731902
"disconnected bridges, seed100",information,0,0.18842827575281262,9.053944371340028,15.170246702731902
"disconnected bridges, seed100",information,0,0.19153920793905854,9.053944371340028,15.170246702731902
"disconnected bridges, seed100",information,0,0.1946895788423717,9.053944371340028,15.170246702731902
"disconnected bridges, seed100",information,0,0.1978148310445249,9.053944371340028,15.170246702731902
"disconnected bridges, seed100",information,0,0.20096156187355518,9.053944371340028,15.170246702731902
"disconnected bridges, seed100",information,0,0.2041147341951728,9.053944371340028,15.170246702731902
"disconnected bridges, seed100",information,1,0.0033804820850491524,11.864614937627746,15.170246702731902
"disconnected bridges, seed100",information,1,0.00695150438696146,9.75128231622509,15.170246702731902
"disconnected bridges, seed100",information,1,0.010162176098674536,9.328403189050047,15.170246702731902
"disconnected bridges, seed100",information,1,0.013302566949278116,9.159460378485772,15.170246702731902
"disconnected bridges, seed100",information,1,0.017219499219208956,9.106054101775118,15.170246702731902
"disconnected bridges, seed100",information,1,0.020369980949908495,9.089217302433429,15.170246702731902
"disconnected bridges, seed100",information,1,0.02351674297824502,9.084052368927978,15.170246702731902
"disconnected bridges, seed100",information,1,0.02667883411049843,9.081986250509095,15.170246702731902
"disconnected bridges, seed100",information,1,0.03055075602605939,9.077753573295949,15.170246702731902
"disconnected bridges, seed100",information,1,0.033798258285969496,9.07357107196528,15.170246702731902
"disconnected bridges, seed100",information,1,0.03702023020014167,9.068055773793319,15.170246702731902
"disconnected bridges, seed100",information,1,0.04016027133911848,9.062400551415545,15.170246702731902
"disconnected bridges, seed100",information,1,0.044069793075323105,9.056204860647556,15.170246702731902
"disconnected bridges, seed100",information,1,0.04724378511309624,9.054395995999357,15.170246702731902
"disconnected bridges, seed100",information,1,0.05043143639340997,9.053984419849535,15.170246702731902
"disconnected bridges, seed100",information,1,0.053560218308120966,9.053945716546165,15.170246702731902
"disconnected bridges, seed100",information,1,0.05669616907835007,9.053944389731937,15.170246702731902
"disconnected bridges, seed100",information,1,0.05986882094293833,9.053944371476051,15.170246702731902
"disconnected bridges, seed100",information,1,0.06300636334344745,9.05394437134115,15.170246702731902
"disconnected bridges, seed100",information,1,0.06613930407911539,9.053944371340137,15.170246702731902
"disconnected bridges, seed100",information,1,0.0692912363447249,9.053944371340137,15.170246702731902
"disconnected bridges, seed100",information,1,0.07240187702700496,9.053944371340137,15.170246702731902
"disconnected bridges, seed100",information,1,0.07552344910800457,9.053944371340137,15.170246702731902
"disconnected bridges, seed100",information,1,0.07865756005048752,9.053944371340137,15.170246702731902
"disconnected bridges, seed100",information,1,0.08181667234748602,9.053944371340137,15.170246702731902
"disconnected bridges, seed100",information,1,0.08492615399882197,9.053944371340137,15.170246702731902
"disconnected bridges, seed100",information,1,0.08807573514059186,9.053944371340126,15.170246702731902
"disconnected bridges, seed100",information,1,0.0912250173278153,9.053944371340126,15.170246702731902
"disconnected bridges, seed100",information,1,0.09434552816674113,9.053944371340126,15.170246702731902
"disconnected bridges, seed100",information,1,0.09749307995662093,9.053944371340126,15.170246702731902
"disconnected bridges, seed100",information,1,0.100679662078619,9.053944371340126,15.170246702731902
"disconnected bridges, seed100",information,1,0.10385887324810028,9.053944371340034,15.170246702731902
"disconnected bridges, seed100",information,1,0.10698204534128308,9.053944371340034,15.170246702731902
"disconnected bridges, seed100",information,1,0.11011120723560452,9.053944371340034,15.170246702731902
"disconnected bridges, seed100",information,1,0.11323828808963299,9.053944371340034,15.170246702731902
"disconnected bridges, seed100",information,1,0.11637884005904198,9.053944371340034,15.170246702731902
"disconnected bridges, seed100",information,1,0.11955044139176607,9.053944371340034,15.170246702731902
"disconnected bridges, seed100",information,1,0.12269894313067198,9.053944371340034,15.170246702731902
"disconnected bridges, seed100",information,1,0.12585034407675266,9.053944371340034,15.170246702731902
"disconnected bridges, seed100",information,1,0.1290013361722231,9.053944371340028,15.170246702731902
"disconnected bridges, seed100",information,1,0.13212739815935493,9.053944371340028,15.170246702731902
"disconnected bridges, seed100",information,1,0.13523316895589232,9.053944371340028,15.170246702731902
"disconnected bridges, seed100",information,1,0.13835446117445827,9.053944371340028,15.170246702731902
"disconnected bridges, seed100",information,1,0.14148322213441133,9.053944371340028,15.170246702731902
"disconnected bridges, seed100",information,1,0.14476235397160053,9.053944371340028,15.170246702731902
"disconnected bridges, seed100",information,1,0.14830049639567733,9.053944371340028,15.170246702731902
"disconnected bridges, seed100",information,1,0.15145056834444404,9.053944371340028,15.170246702731902
"disconnected bridges, seed100",information,1,0.154569739010185,9.053944371340028,15.170246702731902
"disconnected bridges, seed100",information,1,0.15770936105400324,9.053944371340028,15.170246702731902
"disconnected bridges, seed100",information,1,0.16090193204581738,9.053944371340028,15.170246702731902
"disconnected bridges, seed100",information,1,0.1640819041058421,9.053944371340028,15.170246702731902
"disconnected bridges, seed100",information,1,0.16719589615240693,9.053944371340028,15.170246702731902
"disconnected bridges, seed100",information,1,0.17040409706532955,9.053944371340028,15.170246702731902
"disconnected bridges, seed100",information,1,0.17383123934268951,9.053944371340028,15.170246702731902
"disconnected bridges, seed100",information,1,0.17695722123607993,9.053944371340028,15.170246702731902
"disconnected bridges, seed100",information,1,0.1800847020931542,9.053944371340028,15.170246702731902
"disconnected bridges, seed100",information,1,0.1832294133491814,9.053944371340028,15.170246702731902
"disconnected bridges, seed100",information,1,0.1863634353503585,9.053944371340028,15.170246702731902
"disconnected bridges, seed100",information,1,0.18949614698067307,9.053944371340028,15.170246702731902
"disconnected bridges, seed100",information,1,0.19266099808737636,9.053944371340028,15.170246702731902
"disconnected bridges, seed100",information,2,0.0036131413653492928,11.864614937627746,15.170246702731902
"disconnected bridges, seed100",information,2,0.007289043162018061,9.75128231622509,15.170246702731902
"disconnected bridges, seed100",information,2,0.010430435184389353,9.328403189050047,15.170246702731902
"disconnected bridges, seed100",information,2,0.013576936908066273,9.159460378485772,15.170246702731902
"disconnected bridges, seed100",information,2,0.01754549890756607,9.106054101775118,15.170246702731902
"disconnected bridges, seed100",information,2,0.020682530011981726,9.089217302433429,15.170246702731902
"disconnected bridges, seed100",information,2,0.023828431963920593,9.084052368927978,15.170246702731902
"disconnected bridges, seed100",information,2,0.027011343277990818,9.081986250509095,15.170246702731902
"disconnected bridges, seed100",information,2,0.030889645218849182,9.077753573295949,15.170246702731902
"disconnected bridges, seed100",information,2,0.03405170701444149,9.07357107196528,15.170246702731902
"disconnected bridges, seed100",information,2,0.03717959811910987,9.068055773793319,15.170246702731902
"disconnected bridges, seed100",information,2,0.04032476991415024,9.062400551415545,15.170246702731902
"disconnected bridges, seed100",information,2,0.04425336234271526,9.056204860647556,15.170246702731902
"disconnected bridges, seed100",information,2,0.047390944324433804,9.054395995999357,15.170246702731902
"disconnected bridges, seed100",information,2,0.050524065271019936,9.053984419849535,15.170246702731902
"disconnected bridges, seed100",information,2,0.05375593714416027,9.053945716546165,15.170246702731902
"disconnected bridges, seed100",information,2,0.05688649928197265,9.053944389731937,15.170246702731902
"disconnected bridges, seed100",information,2,0.060043000150471926,9.053944371476051,15.170246702731902
"disconnected bridges, seed100",information,2,0.06319701205939054,9.05394437134115,15.170246702731902
"disconnected bridges, seed100",information,2,0.06635752320289612,9.053944371340137,15.170246702731902
"disconnected bridges, seed100",information,2,0.06947590503841639,9.053944371340137,15.170246702731902
"disconnected bridges, seed100",information,2,0.07262316718697548,9.053944371340137,15.170246702731902
"disconnected bridges, seed100",information,2,0.07574779819697142,9.053944371340137,15.170246702731902
"disconnected bridges, seed100",information,2,0.07886497024446726,9.053944371340137,15.170246702731902
"disconnected bridges, seed100",information,2,0.08203043136745691,9.053944371340137,15.170246702731902
"disconnected bridges, seed100",information,2,0.08514775335788727,9.053944371340137,15.170246702731902
"disconnected bridges, seed100",information,2,0.08829387510195374,9.053944371340126,15.170246702731902
"disconnected bridges, seed100",information,2,0.09144432609900832,9.053944371340126,15.170246702731902
"disconnected bridges, seed100",information,2,0.09457213804125786,9.053944371340126,15.170246702731902
"disconnected bridges, seed100",information,2,0.09773792931810021,9.053944371340126,15.170246702731902
"disconnected bridges, seed100",information,2,0.10087017109617591,9.053944371340126,15.170246702731902
"disconnected bridges, seed100",information,2,0.10403498308733106,9.053944371340034,15.170246702731902
"disconnected bridges, seed100",information,2,0.10716547397896647,9.053944371340034,15.170246702731902
"disconnected bridges, seed100",information,2,0.11029476625844836,9.053944371340034,15.170246702731902
"disconnected bridges, seed100",information,2,0.11345405736938119,9.053944371340034,15.170246702731902
"disconnected bridges, seed100",information,2,0.11659543914720416,9.053944371340034,15.170246702731902
"disconnected bridges, seed100",information,2,0.11972879990935326,9.053944371340034,15.170246702731902
"disconnected bridges, seed100",information,2,0.12284862203523517,9.053944371340034,15.170246702731902
"disconnected bridges, seed100",information,2,0.12599213421344757,9.053944371340034,15.170246702731902
"disconnected bridges, seed100",information,2,0.1291760951280594,9.053944371340028,15.170246702731902
"disconnected bridges, seed100",information,2,0.13234284706413746,9.053944371340028,15.170246702731902
"disconnected bridges, seed100",information,2,0.13548580836504698,9.053944371340028,15.170246702731902
"disconnected bridges, seed100",information,2,0.13862763019278646,9.053944371340028,15.170246702731902
"disconnected bridges, seed100",information,2,0.14176054205745459,9.053944371340028,15.170246702731902
"disconnected bridges, seed100",information,2,0.1448842929676175,9.053944371340028,15.170246702731902
"disconnected bridges, seed100",information,2,0.14806521497666836,9.053944371340028,15.170246702731902
"disconnected bridges, seed100",information,2,0.1511914269067347,9.053944371340028,15.170246702731902
"disconnected bridges, seed100",information,2,0.15430599823594093,9.053944371340028,15.170246702731902
"disconnected bridges, seed100",information,2,0.1574437990784645,9.053944371340028,15.170246702731902
"disconnected bridges, seed100",information,2,0.1605792911723256,9.053944371340028,15.170246702731902
"disconnected bridges, seed100",information,2,0.16373523324728012,9.053944371340028,15.170246702731902
"disconnected bridges, seed100",information,2,0.1669053640216589,9.053944371340028,15.170246702731902
"disconnected bridges, seed100",information,2,0.17001339606940746,9.053944371340028,15.170246702731902
"disconnected bridges, seed100",information,2,0.17314327834174037,9.053944371340028,15.170246702731902
"disconnected bridges, seed100",information,2,0.1763210790231824,9.053944371340028,15.170246702731902
"disconnected bridges, seed100",information,2,0.17944383108988404,9.053944371340028,15.170246702731902
"disconnected bridges, seed100",information,2,0.18257549218833447,9.053944371340028,15.170246702731902
"disconnected bridges, seed100",information,2,0.18569698417559266,9.053944371340028,15.170246702731902
"disconnected bridges, seed100",information,2,0.18885518610477448,9.053944371340028,15.170246702731902
"disconnected bridges, seed100",information,2,0.19199374690651894,9.053944371340028,15.170246702731902
"Baseline multiplier 0.1, seed100",ordinary,0,0.0014198198914527893,2934.6588905989947,24.71226270192264
"Baseline multiplier 0.1, seed100",ordinary,0,0.002803441137075424,830.251042024686,24.71226270192264
"Baseline multiplier 0.1, seed100",ordinary,0,0.004197381902486086,484.73324308747993,24.71226270192264
"Baseline multiplier 0.1, seed100",ordinary,0,0.005574902053922415,388.0805900646895,24.71226270192264
"Baseline multiplier 0.1, seed100",ordinary,0,0.006998863071203232,354.58387112651155,24.71226270192264
"Baseline multiplier 0.1, seed100",ordinary,0,0.00839165411889553,318.8574923346804,24.71226270192264
"Baseline multiplier 0.1, seed100",ordinary,0,0.009830125141888857,269.6059188740098,24.71226270192264
"Baseline multiplier 0.1, seed100",ordinary,0,0.011216115206480026,211.29291803922672,24.71226270192264
"Baseline multiplier 0.1, seed100",ordinary,0,0.01258950587362051,151.31731098782888,24.71226270192264
"Baseline multiplier 0.1, seed100",ordinary,0,0.013984387274831533,74.53648261090282,24.71226270192264
"Baseline multiplier 0.1, seed100",ordinary,0,0.015359826851636171,29.937685106481652,24.71226270192264
"Baseline multiplier 0.1, seed100",ordinary,0,0.01672243792563677,29.937685106481652,24.71226270192264
"Baseline multiplier 0.1, seed100",ordinary,0,0.018105889204889536,26.77154596575616,24.71226270192264
"Baseline multiplier 0.1, seed100",ordinary,0,0.019479428883641958,26.473335327858116,24.71226270192264
"Baseline multiplier 0.1, seed100",ordinary,0,0.020861470140516758,26.2358340712029,24.71226270192264
"Baseline multiplier 0.1, seed100",ordinary,0,0.022280041128396988,25.906569456652786,24.71226270192264
"Baseline multiplier 0.1, seed100",ordinary,0,0.023654121905565262,25.344545463538264,24.71226270192264
"Baseline multiplier 0.1, seed100",ordinary,0,0.02504157181829214,24.37924935292476,24.71226270192264
"Baseline multiplier 0.1, seed100",ordinary,0,0.026416652835905552,22.802177303299988,24.71226270192264
"Baseline multiplier 0.1, seed100",ordinary,0,0.027789284009486437,20.437571414913045,24.71226270192264
"Baseline multiplier 0.1, seed100",ordinary,0,0.02919950382784009,17.499211708187463,24.71226270192264
"Baseline multiplier 0.1, seed100",ordinary,0,0.030588944908231497,14.900073671975084,24.71226270192264
"Baseline multiplier 0.1, seed100",ordinary,0,0.031990375835448503,13.268741788133271,24.71226270192264
"Baseline multiplier 0.1, seed100",ordinary,0,0.03336243610829115,12.58639487930229,24.71226270192264
"Baseline multiplier 0.1, seed100",ordinary,0,0.03482101717963815,12.293633772350889,24.71226270192264
"Baseline multiplier 0.1, seed100",ordinary,0,0.03620054805651307,12.072549630750956,24.71226270192264
"Baseline multiplier 0.1, seed100",ordinary,0,0.037579788826406,11.949241616847685,24.71226270192264
"Baseline multiplier 0.1, seed100",ordinary,0,0.03908239025622606,11.913536931852144,24.71226270192264
"Baseline multiplier 0.1, seed100",ordinary,0,0.04047884000465274,11.913536931852144,24.71226270192264
"Baseline multiplier 0.1, seed100",ordinary,0,0.04186844127252698,11.893809428253238,24.71226270192264
"Baseline multiplier 0.1, seed100",ordinary,0,0.043247342109680176,11.891423725957038,24.71226270192264
"Baseline multiplier 0.1, seed100",ordinary,0,0.044635212048888206,11.86671460911409,24.71226270192264
"Baseline multiplier 0.1, seed100",ordinary,0,0.04603865323588252,11.86671460911409,24.71226270192264
"Baseline multiplier 0.1, seed100",ordinary,0,0.047412593849003315,11.859019939754907,24.71226270192264
"Baseline multiplier 0.1, seed100",ordinary,0,0.04878491396084428,11.84950862131396,24.71226270192264
"Baseline multiplier 0.1, seed100",ordinary,0,0.05016898503527045,11.84950862131396,24.71226270192264
"Baseline multiplier 0.1, seed100",ordinary,0,0.05154726607725024,11.83909562376514,24.71226270192264
"Baseline multiplier 0.1, seed100",ordinary,0,0.053022037260234356,11.82982572564402,24.71226270192264
"Baseline multiplier 0.1, seed100",ordinary,0,0.05438566720113158,11.815723638084258,24.71226270192264
"Baseline multiplier 0.1, seed100",ordinary,0,0.055765008088201284,11.801427165778293,24.71226270192264
"Baseline multiplier 0.1, seed100",ordinary,0,0.05716664902865887,11.787622424754591,24.71226270192264
"Baseline multiplier 0.1, seed100",ordinary,0,0.05856047896668315,11.775089995508502,24.71226270192264
"Baseline multiplier 0.1, seed100",ordinary,0,0.0599408601410687,11.763271510845724,24.71226270192264
"Baseline multiplier 0.1, seed100",ordinary,0,0.06133098108693957,11.70428062594602,24.71226270192264
"Baseline multiplier 0.1, seed100",ordinary,0,0.0627048509195447,11.70428062594602,24.71226270192264
"Baseline multiplier 0.1, seed100",ordinary,0,0.06409441214054823,11.692709628128036,24.71226270192264
"Baseline multiplier 0.1, seed100",ordinary,0,0.06547597283497453,11.684763365566344,24.71226270192264
"Baseline multiplier 0.1, seed100",ordinary,0,0.06689770426601171,11.672891377112588,24.71226270192264
"Baseline multiplier 0.1, seed100",ordinary,1,0.0014313808642327785,2934.6588905989947,24.71226270192264
"Baseline multiplier 0.1, seed100",ordinary,1,0.0028101918287575245,830.251042024686,24.71226270192264
"Baseline multiplier 0.1, seed100",ordinary,1,0.004192862194031477,484.73324308747993,24.71226270192264
"Baseline multiplier 0.1, seed100",ordinary,1,0.005568172782659531,388.0805900646895,24.71226270192264
"Baseline multiplier 0.1, seed100",ordinary,1,0.006948453839868307,354.58387112651155,24.71226270192264
"Baseline multiplier 0.1, seed100",ordinary,1,0.008340483997017145,318.8574923346804,24.71226270192264
"Baseline multiplier 0.1, seed100",ordinary,1,0.009717075154185295,269.6059188740098,24.71226270192264
"Baseline multiplier 0.1, seed100",ordinary,1,0.011101976037025452,211.29291803922672,24.71226270192264
"Baseline multiplier 0.1, seed100",ordinary,1,0.012470486108213663,151.31731098782888,24.71226270192264
"Baseline multiplier 0.1, seed100",ordinary,1,0.013836917001754045,74.53648261090282,24.71226270192264
"Baseline multiplier 0.1, seed100",ordinary,1,0.015240857843309641,29.937685106481652,24.71226270192264
"Baseline multiplier 0.1, seed100",ordinary,1,0.016706249210983515,29.937685106481652,24.71226270192264
"Baseline multiplier 0.1, seed100",ordinary,1,0.018146029207855463,26.77154596575616,24.71226270192264
"Baseline multiplier 0.1, seed100",ordinary,1,0.019528630189597607,26.473335327858116,24.71226270192264
"Baseline multiplier 0.1, seed100",ordinary,1,0.020983321126550436,26.2358340712029,24.71226270192264
"Baseline multiplier 0.1, seed100",ordinary,1,0.02248160121962428,25.906569456652786,24.71226270192264
"Baseline multiplier 0.1, seed100",ordinary,1,0.023855121806263924,25.344545463538264,24.71226270192264
"Baseline multiplier 0.1, seed100",ordinary,1,0.025255432818084955,24.37924935292476,24.71226270192264
"Baseline multiplier 0.1, seed100",ordinary,1,0.02663896419107914,22.802177303299988,24.71226270192264
"Baseline multiplier 0.1, seed100",ordinary,1,0.02806555386632681,20.437571414913045,24.71226270192264
"Baseline multiplier 0.1, seed100",ordinary,1,0.029454355128109455,17.499211708187463,24.71226270192264
"Baseline multiplier 0.1, seed100",ordinary,1,0.030836656223982573,14.900073671975084,24.71226270192264
"Baseline multiplier 0.1, seed100",ordinary,1,0.0322284959256649,13.268741788133271,24.71226270192264
"Baseline multiplier 0.1, seed100",ordinary,1,0.03361885715276003,12.58639487930229,24.71226270192264
"Baseline multiplier 0.1, seed100",ordinary,1,0.035025278106331825,12.293633772350889,24.71226270192264
"Baseline multiplier 0.1, seed100",ordinary,1,0.036400378216058016,12.072549630750956,24.71226270192264
"Baseline multiplier 0.1, seed100",ordinary,1,0.03777316911146045,11.949241616847685,24.71226270192264
"Baseline multiplier 0.1, seed100",ordinary,1,0.03916002996265888,11.913536931852144,24.71226270192264
"Baseline multiplier 0.1, seed100",ordinary,1,0.04053290095180273,11.913536931852144,24.71226270192264
"Baseline multiplier 0.1, seed100",ordinary,1,0.04193102102726698,11.893809428253238,24.71226270192264
"Baseline multiplier 0.1, seed100",ordinary,1,0.04333004215732217,11.891423725957038,24.71226270192264
"Baseline multiplier 0.1, seed100",ordinary,1,0.044704272877424955,11.86671460911409,24.71226270192264
"Baseline multiplier 0.1, seed100",ordinary,1,0.046102303080260754,11.86671460911409,24.71226270192264
"Baseline multiplier 0.1, seed100",ordinary,1,0.047624263912439346,11.859019939754907,24.71226270192264
"Baseline multiplier 0.1, seed100",ordinary,1,0.04900605510920286,11.84950862131396,24.71226270192264
"Baseline multiplier 0.1, seed100",ordinary,1,0.05036226520314813,11.84950862131396,24.71226270192264
"Baseline multiplier 0.1, seed100",ordinary,1,0.05173240602016449,11.83909562376514,24.71226270192264
"Baseline multiplier 0.1, seed100",ordinary,1,0.05310941720381379,11.82982572564402,24.71226270192264
"Baseline multiplier 0.1, seed100",ordinary,1,0.054499668069183826,11.815723638084258,24.71226270192264
"Baseline multiplier 0.1, seed100",ordinary,1,0.055877048056572676,11.801427165778293,24.71226270192264
"Baseline multiplier 0.1, seed100",ordinary,1,0.057287558913230896,11.787622424754591,24.71226270192264
"Baseline multiplier 0.1, seed100",ordinary,1,0.058769910130649805,11.775089995508502,24.71226270192264
"Baseline multiplier 0.1, seed100",ordinary,1,0.06016170093789697,11.763271510845724,24.71226270192264
"Baseline multiplier 0.1, seed100",ordinary,1,0.06155273085460067,11.70428062594602,24.71226270192264
"Baseline multiplier 0.1, seed100",ordinary,1,0.06295484211295843,11.70428062594602,24.71226270192264
"Baseline multiplier 0.1, seed100",ordinary,1,0.06435099290683866,11.692709628128036,24.71226270192264
"Baseline multiplier 0.1, seed100",ordinary,1,0.06573135312646627,11.684763365566344,24.71226270192264
"Baseline multiplier 0.1, seed100",ordinary,1,0.0671456241980195,11.672891377112588,24.71226270192264
"Baseline multiplier 0.1, seed100",ordinary,2,0.0014157509431242943,2934.6588905989947,24.71226270192264
"Baseline multiplier 0.1, seed100",ordinary,2,0.0028082220815122128,830.251042024686,24.71226270192264
"Baseline multiplier 0.1, seed100",ordinary,2,0.004210723098367453,484.73324308747993,24.71226270192264
"Baseline multiplier 0.1, seed100",ordinary,2,0.005690842866897583,388.0805900646895,24.71226270192264
"Baseline multiplier 0.1, seed100",ordinary,2,0.007097053807228804,354.58387112651155,24.71226270192264
"Baseline multiplier 0.1, seed100",ordinary,2,0.008488144725561142,318.8574923346804,24.71226270192264
"Baseline multiplier 0.1, seed100",ordinary,2,0.00987610500305891,269.6059188740098,24.71226270192264
"Baseline multiplier 0.1, seed100",ordinary,2,0.011386335827410221,211.29291803922672,24.71226270192264
"Baseline multiplier 0.1, seed100",ordinary,2,0.012846226803958416,151.31731098782888,24.71226270192264
"Baseline multiplier 0.1, seed100",ordinary,2,0.014248327817767859,74.53648261090282,24.71226270192264
"Baseline multiplier 0.1, seed100",ordinary,2,0.015622567851096392,29.937685106481652,24.71226270192264
"Baseline multiplier 0.1, seed100",ordinary,2,0.01701988885179162,29.937685106481652,24.71226270192264
"Baseline multiplier 0.1, seed100",ordinary,2,0.018465399742126465,26.77154596575616,24.71226270192264
"Baseline multiplier 0.1, seed100",ordinary,2,0.019959300756454468,26.473335327858116,24.71226270192264
"Baseline multiplier 0.1, seed100",ordinary,2,0.021338490769267082,26.2358340712029,24.71226270192264
"Baseline multiplier 0.1, seed100",ordinary,2,0.022747771814465523,25.906569456652786,24.71226270192264
"Baseline multiplier 0.1, seed100",ordinary,2,0.02417975291609764,25.344545463538264,24.71226270192264
"Baseline multiplier 0.1, seed100",ordinary,2,0.02555376384407282,24.37924935292476,24.71226270192264
"Baseline multiplier 0.1, seed100",ordinary,2,0.026930623687803745,22.802177303299988,24.71226270192264
"Baseline multiplier 0.1, seed100",ordinary,2,0.028336565010249615,20.437571414913045,24.71226270192264
"Baseline multiplier 0.1, seed100",ordinary,2,0.029719235841184855,17.499211708187463,24.71226270192264
"Baseline multiplier 0.1, seed100",ordinary,2,0.03119576582685113,14.900073671975084,24.71226270192264
"Baseline multiplier 0.1, seed100",ordinary,2,0.03258188674226403,13.268741788133271,24.71226270192264
"Baseline multiplier 0.1, seed100",ordinary,2,0.03397622797638178,12.58639487930229,24.71226270192264
"Baseline multiplier 0.1, seed100",ordinary,2,0.0353831690736115,12.293633772350889,24.71226270192264
"Baseline multiplier 0.1, seed100",ordinary,2,0.036764889024198055,12.072549630750956,24.71226270192264
"Baseline multiplier 0.1, seed100",ordinary,2,0.038152769673615694,11.949241616847685,24.71226270192264
"Baseline multiplier 0.1, seed100",ordinary,2,0.03953697998076677,11.913536931852144,24.71226270192264
"Baseline multiplier 0.1, seed100",ordinary,2,0.04095946066081524,11.913536931852144,24.71226270192264
"Baseline multiplier 0.1, seed100",ordinary,2,0.04233721178025007,11.893809428253238,24.71226270192264
"Baseline multiplier 0.1, seed100",ordinary,2,0.04376000305637717,11.891423725957038,24.71226270192264
"Baseline multiplier 0.1, seed100",ordinary,2,0.04515150282531977,11.86671460911409,24.71226270192264
"Baseline multiplier 0.1, seed100",ordinary,2,0.04651781404390931,11.86671460911409,24.71226270192264
"Baseline multiplier 0.1, seed100",ordinary,2,0.0480324849486351,11.859019939754907,24.71226270192264
"Baseline multiplier 0.1, seed100",ordinary,2,0.04942962573841214,11.84950862131396,24.71226270192264
"Baseline multiplier 0.1, seed100",ordinary,2,0.05083462595939636,11.84950862131396,24.71226270192264
"Baseline multiplier 0.1, seed100",ordinary,2,0.052237647119909525,11.83909562376514,24.71226270192264
"Baseline multiplier 0.1, seed100",ordinary,2,0.05361053766682744,11.82982572564402,24.71226270192264
"Baseline multiplier 0.1, seed100",ordinary,2,0.05499102780595422,11.815723638084258,24.71226270192264
"Baseline multiplier 0.1, seed100",ordinary,2,0.05635937908664346,11.801427165778293,24.71226270192264
"Baseline multiplier 0.1, seed100",ordinary,2,0.05773135973140597,11.787622424754591,24.71226270192264
"Baseline multiplier 0.1, seed100",ordinary,2,0.05911468109115958,11.775089995508502,24.71226270192264
"Baseline multiplier 0.1, seed100",ordinary,2,0.06049818079918623,11.763271510845724,24.71226270192264
"Baseline multiplier 0.1, seed100",ordinary,2,0.06188829196617007,11.70428062594602,24.71226270192264
"Baseline multiplier 0.1, seed100",ordinary,2,0.06326602306216955,11.70428062594602,24.71226270192264
"Baseline multiplier 0.1, seed100",ordinary,2,0.06464476371183991,11.692709628128036,24.71226270192264
"Baseline multiplier 0.1, seed100",ordinary,2,0.06602896377444267,11.684763365566344,24.71226270192264
"Baseline multiplier 0.1, seed100",ordinary,2,0.0673957047984004,11.672891377112588,24.71226270192264
"Baseline multiplier 0.1, seed100",depth:0.02,0,0.0041563319973647594,2935.217182363654,24.71226270192264
"Baseline multiplier 0.1, seed100",depth:0.02,0,0.007230702787637711,830.4583386094313,24.71226270192264
"Baseline multiplier 0.1, seed100",depth:0.02,0,0.010181564837694168,485.13572163516284,24.71226270192264
"Baseline multiplier 0.1, seed100",depth:0.02,0,0.013160765636712313,388.3451837983886,24.71226270192264
"Baseline multiplier 0.1, seed100",depth:0.02,0,0.016102207824587822,354.52016426104075,24.71226270192264
"Baseline multiplier 0.1, seed100",depth:0.02,0,0.018994698766618967,318.5905884240453,24.71226270192264
"Baseline multiplier 0.1, seed100",depth:0.02,0,0.021913060918450356,269.29488000677617,24.71226270192264
"Baseline multiplier 0.1, seed100",depth:0.02,0,0.024771342054009438,211.0184222837278,24.71226270192264
"Baseline multiplier 0.1, seed100",depth:0.02,0,0.027650533709675074,151.03178472071792,24.71226270192264
"Baseline multiplier 0.1, seed100",depth:0.02,0,0.030515234917402267,74.2227006206001,24.71226270192264
"Baseline multiplier 0.1, seed100",depth:0.02,0,0.03337674681097269,29.800446965212167,24.71226270192264
"Baseline multiplier 0.1, seed100",depth:0.02,0,0.036155827809125185,29.800446965212167,24.71226270192264
"Baseline multiplier 0.1, seed100",depth:0.02,0,0.03756137890741229,26.421357961509077,24.71226270192264
"Baseline multiplier 0.1, seed100",depth:0.02,0,0.03896949999034405,26.128152589617894,24.71226270192264
"Baseline multiplier 0.1, seed100",depth:0.02,0,0.040368059650063515,25.89800652645936,24.71226270192264
"Baseline multiplier 0.1, seed100",depth:0.02,0,0.041760590858757496,25.57575797856258,24.71226270192264
"Baseline multiplier 0.1, seed100",depth:0.02,0,0.04316164180636406,25.024517272693867,24.71226270192264
"Baseline multiplier 0.1, seed100",depth:0.02,0,0.04455388197675347,24.077097202329366,24.71226270192264
"Baseline multiplier 0.1, seed100",depth:0.02,0,0.04595201276242733,22.527721947424254,24.71226270192264
"Baseline multiplier 0.1, seed100",depth:0.02,0,0.04733378393575549,20.20518105449258,24.71226270192264
"Baseline multiplier 0.1, seed100",depth:0.02,0,0.04872495401650667,17.33693705748666,24.71226270192264
"Baseline multiplier 0.1, seed100",depth:0.02,0,0.050112034659832716,14.799833728235207,24.71226270192264
"Baseline multiplier 0.1, seed100",depth:0.02,0,0.05149221606552601,13.205528702592686,24.71226270192264
"Baseline multiplier 0.1, seed100",depth:0.02,0,0.05288368696346879,12.548312359931135,24.71226270192264
"Baseline multiplier 0.1, seed100",depth:0.02,0,0.05427018692716956,12.2684149993193,24.71226270192264
"Baseline multiplier 0.1, seed100",depth:0.02,0,0.05566584784537554,12.059785228868117,24.71226270192264
"Baseline multiplier 0.1, seed100",depth:0.02,0,0.057051579002290964,11.945229074261206,24.71226270192264
"Baseline multiplier 0.1, seed100",depth:0.02,0,0.05842946982011199,11.91233054663182,24.71226270192264
"Baseline multiplier 0.1, seed100",depth:0.02,0,0.05980290984734893,11.91233054663182,24.71226270192264
"Baseline multiplier 0.1, seed100",depth:0.02,0,0.061182551085948944,11.89279617357527,24.71226270192264
"Baseline multiplier 0.1, seed100",depth:0.02,0,0.06255277199670672,11.890859635246265,24.71226270192264
"Baseline multiplier 0.1, seed100",depth:0.02,0,0.06394234206527472,11.865376668943773,24.71226270192264
"Baseline multiplier 0.1, seed100",depth:0.02,0,0.0653169727884233,11.865376668943773,24.71226270192264
"Baseline multiplier 0.1, seed100",depth:0.02,0,0.06670901365578175,11.857496186138052,24.71226270192264
"Baseline multiplier 0.1, seed100",depth:0.02,0,0.06808635406196117,11.847954886332849,24.71226270192264
"Baseline multiplier 0.1, seed100",depth:0.02,0,0.06945606507360935,11.847954886332849,24.71226270192264
"Baseline multiplier 0.1, seed100",depth:0.02,0,0.0708454460836947,11.83724922092454,24.71226270192264
"Baseline multiplier 0.1, seed100",depth:0.02,0,0.0722211659885943,11.828080594204966,24.71226270192264
"Baseline multiplier 0.1, seed100",depth:0.02,0,0.0736083067022264,11.813908559301224,24.71226270192264
"Baseline multiplier 0.1, seed100",depth:0.02,0,0.07501625781878829,11.799634101084441,24.71226270192264
"Baseline multiplier 0.1, seed100",depth:0.02,0,0.07639868883416057,11.785958447184905,24.71226270192264
"Baseline multiplier 0.1, seed100",depth:0.02,0,0.07779448898509145,11.773594362881292,24.71226270192264
"Baseline multiplier 0.1, seed100",depth:0.02,0,0.07919152965769172,11.761683618975162,24.71226270192264
"Baseline multiplier 0.1, seed100",depth:0.02,0,0.08057279093191028,11.701207804088837,24.71226270192264
"Baseline multiplier 0.1, seed100",depth:0.02,0,0.08195587107911706,11.701207804088837,24.71226270192264
"Baseline multiplier 0.1, seed100",depth:0.02,0,0.08333021169528365,11.689597490359734,24.71226270192264
"Baseline multiplier 0.1, seed100",depth:0.02,0,0.08476157300174236,11.68183732138338,24.71226270192264
"Baseline multiplier 0.1, seed100",depth:0.02,0,0.0861436240375042,11.670169663945572,24.71226270192264
"Baseline multiplier 0.1, seed100",depth:0.02,1,0.0041908021084964275,2935.217182363654,24.71226270192264
"Baseline multiplier 0.1, seed100",depth:0.02,1,0.007319384254515171,830.4583386094313,24.71226270192264
"Baseline multiplier 0.1, seed100",depth:0.02,1,0.010489135980606079,485.13572163516284,24.71226270192264
"Baseline multiplier 0.1, seed100",depth:0.02,1,0.013520377222448587,388.3451837983886,24.71226270192264
"Baseline multiplier 0.1, seed100",depth:0.02,1,0.016587569378316402,354.52016426104075,24.71226270192264
"Baseline multiplier 0.1, seed100",depth:0.02,1,0.0195807502605021,318.5905884240453,24.71226270192264
"Baseline multiplier 0.1, seed100",depth:0.02,1,0.022510912269353867,269.29488000677617,24.71226270192264
"Baseline multiplier 0.1, seed100",depth:0.02,1,0.025384583044797182,211.0184222837278,24.71226270192264
"Baseline multiplier 0.1, seed100",depth:0.02,1,0.028327095322310925,151.03178472071792,24.71226270192264
"Baseline multiplier 0.1, seed100",depth:0.02,1,0.03127533616498113,74.2227006206001,24.71226270192264
"Baseline multiplier 0.1, seed100",depth:0.02,1,0.03420100826770067,29.800446965212167,24.71226270192264
"Baseline multiplier 0.1, seed100",depth:0.02,1,0.036939139012247324,29.800446965212167,24.71226270192264
"Baseline multiplier 0.1, seed100",depth:0.02,1,0.038370630238205194,26.421357961509077,24.71226270192264
"Baseline multiplier 0.1, seed100",depth:0.02,1,0.03976469999179244,26.128152589617894,24.71226270192264
"Baseline multiplier 0.1, seed100",depth:0.02,1,0.04119096137583256,25.89800652645936,24.71226270192264
"Baseline multiplier 0.1, seed100",depth:0.02,1,0.04269277211278677,25.57575797856258,24.71226270192264
"Baseline multiplier 0.1, seed100",depth:0.02,1,0.044156183023005724,25.024517272693867,24.71226270192264
"Baseline multiplier 0.1, seed100",depth:0.02,1,0.04556880332529545,24.077097202329366,24.71226270192264
"Baseline multiplier 0.1, seed100",depth:0.02,1,0.04698088392615318,22.527721947424254,24.71226270192264
"Baseline multiplier 0.1, seed100",depth:0.02,1,0.048389035277068615,20.20518105449258,24.71226270192264
"Baseline multiplier 0.1, seed100",depth:0.02,1,0.049800366163253784,17.33693705748666,24.71226270192264
"Baseline multiplier 0.1, seed100",depth:0.02,1,0.05118904635310173,14.799833728235207,24.71226270192264
"Baseline multiplier 0.1, seed100",depth:0.02,1,0.05259024724364281,13.205528702592686,24.71226270192264
"Baseline multiplier 0.1, seed100",depth:0.02,1,0.05405342811718583,12.548312359931135,24.71226270192264
"Baseline multiplier 0.1, seed100",depth:0.02,1,0.05552071938291192,12.2684149993193,24.71226270192264
"Baseline multiplier 0.1, seed100",depth:0.02,1,0.056944399140775204,12.059785228868117,24.71226270192264
"Baseline multiplier 0.1, seed100",depth:0.02,1,0.05835189018398523,11.945229074261206,24.71226270192264
"Baseline multiplier 0.1, seed100",depth:0.02,1,0.05982585111632943,11.91233054663182,24.71226270192264
"Baseline multiplier 0.1, seed100",depth:0.02,1,0.06119531113654375,11.91233054663182,24.71226270192264
"Baseline multiplier 0.1, seed100",depth:0.02,1,0.06257583200931549,11.89279617357527,24.71226270192264
"Baseline multiplier 0.1, seed100",depth:0.02,1,0.0639657131396234,11.890859635246265,24.71226270192264
"Baseline multiplier 0.1, seed100",depth:0.02,1,0.06538508413359523,11.865376668943773,24.71226270192264
"Baseline multiplier 0.1, seed100",depth:0.02,1,0.06680422415956855,11.865376668943773,24.71226270192264
"Baseline multiplier 0.1, seed100",depth:0.02,1,0.06818630499765277,11.857496186138052,24.71226270192264
"Baseline multiplier 0.1, seed100",depth:0.02,1,0.0695872362703085,11.847954886332849,24.71226270192264
"Baseline multiplier 0.1, seed100",depth:0.02,1,0.07098827604204416,11.847954886332849,24.71226270192264
"Baseline multiplier 0.1, seed100",depth:0.02,1,0.07241981709375978,11.83724922092454,24.71226270192264
"Baseline multiplier 0.1, seed100",depth:0.02,1,0.07381214806810021,11.828080594204966,24.71226270192264
"Baseline multiplier 0.1, seed100",depth:0.02,1,0.0751952980645001,11.813908559301224,24.71226270192264
"Baseline multiplier 0.1, seed100",depth:0.02,1,0.07659857906401157,11.799634101084441,24.71226270192264
"Baseline multiplier 0.1, seed100",depth:0.02,1,0.07797789992764592,11.785958447184905,24.71226270192264
"Baseline multiplier 0.1, seed100",depth:0.02,1,0.07936337124556303,11.773594362881292,24.71226270192264
"Baseline multiplier 0.1, seed100",depth:0.02,1,0.08075913228094578,11.761683618975162,24.71226270192264
"Baseline multiplier 0.1, seed100",depth:0.02,1,0.08214659197255969,11.701207804088837,24.71226270192264
"Baseline multiplier 0.1, seed100",depth:0.02,1,0.08353416295722127,11.701207804088837,24.71226270192264
"Baseline multiplier 0.1, seed100",depth:0.02,1,0.08492867322638631,11.689597490359734,24.71226270192264
"Baseline multiplier 0.1, seed100",depth:0.02,1,0.08630481408908963,11.68183732138338,24.71226270192264
"Baseline multiplier 0.1, seed100",depth:0.02,1,0.08770498493686318,11.670169663945572,24.71226270192264
"Baseline multiplier 0.1, seed100",depth:0.02,2,0.004084351938217878,2935.217182363654,24.71226270192264
"Baseline multiplier 0.1, seed100",depth:0.02,2,0.007336643990129232,830.4583386094313,24.71226270192264
"Baseline multiplier 0.1, seed100",depth:0.02,2,0.010265835095196962,485.13572163516284,24.71226270192264
"Baseline multiplier 0.1, seed100",depth:0.02,2,0.01324522728100419,388.3451837983886,24.71226270192264
"Baseline multiplier 0.1, seed100",depth:0.02,2,0.016125088091939688,354.52016426104075,24.71226270192264
"Baseline multiplier 0.1, seed100",depth:0.02,2,0.019076120108366013,318.5905884240453,24.71226270192264
"Baseline multiplier 0.1, seed100",depth:0.02,2,0.021973131224513054,269.29488000677617,24.71226270192264
"Baseline multiplier 0.1, seed100",depth:0.02,2,0.024875933304429054,211.0184222837278,24.71226270192264
"Baseline multiplier 0.1, seed100",depth:0.02,2,0.027747503947466612,151.03178472071792,24.71226270192264
"Baseline multiplier 0.1, seed100",depth:0.02,2,0.03062430489808321,74.2227006206001,24.71226270192264
"Baseline multiplier 0.1, seed100",depth:0.02,2,0.033576627261936665,29.800446965212167,24.71226270192264
"Baseline multiplier 0.1, seed100",depth:0.02,2,0.03634452819824219,29.800446965212167,24.71226270192264
"Baseline multiplier 0.1, seed100",depth:0.02,2,0.037728939205408096,26.421357961509077,24.71226270192264
"Baseline multiplier 0.1, seed100",depth:0.02,2,0.039234669879078865,26.128152589617894,24.71226270192264
"Baseline multiplier 0.1, seed100",depth:0.02,2,0.040685480926185846,25.89800652645936,24.71226270192264
"Baseline multiplier 0.1, seed100",depth:0.02,2,0.04216982098296285,25.57575797856258,24.71226270192264
"Baseline multiplier 0.1, seed100",depth:0.02,2,0.04365305230021477,25.024517272693867,24.71226270192264
"Baseline multiplier 0.1, seed100",depth:0.02,2,0.04504200303927064,24.077097202329366,24.71226270192264
"Baseline multiplier 0.1, seed100",depth:0.02,2,0.046433683950454,22.527721947424254,24.71226270192264
"Baseline multiplier 0.1, seed100",depth:0.02,2,0.04782083397731185,20.20518105449258,24.71226270192264
"Baseline multiplier 0.1, seed100",depth:0.02,2,0.04922613501548767,17.33693705748666,24.71226270192264
"Baseline multiplier 0.1, seed100",depth:0.02,2,0.05061990628018975,14.799833728235207,24.71226270192264
"Baseline multiplier 0.1, seed100",depth:0.02,2,0.05200167605653405,13.205528702592686,24.71226270192264
"Baseline multiplier 0.1, seed100",depth:0.02,2,0.05342911696061492,12.548312359931135,24.71226270192264
"Baseline multiplier 0.1, seed100",depth:0.02,2,0.05495223822072148,12.2684149993193,24.71226270192264
"Baseline multiplier 0.1, seed100",depth:0.02,2,0.056347898207604885,12.059785228868117,24.71226270192264
"Baseline multiplier 0.1, seed100",depth:0.02,2,0.05776131898164749,11.945229074261206,24.71226270192264
"Baseline multiplier 0.1, seed100",depth:0.02,2,0.059173410292714834,11.91233054663182,24.71226270192264
"Baseline multiplier 0.1, seed100",depth:0.02,2,0.06065991101786494,11.91233054663182,24.71226270192264
"Baseline multiplier 0.1, seed100",depth:0.02,2,0.06205914122983813,11.89279617357527,24.71226270192264
"Baseline multiplier 0.1, seed100",depth:0.02,2,0.06344858231022954,11.890859635246265,24.71226270192264
"Baseline multiplier 0.1, seed100",depth:0.02,2,0.06486471323296428,11.865376668943773,24.71226270192264
"Baseline multiplier 0.1, seed100",depth:0.02,2,0.06623514415696263,11.865376668943773,24.71226270192264
"Baseline multiplier 0.1, seed100",depth:0.02,2,0.06762523390352726,11.857496186138052,24.71226270192264
"Baseline multiplier 0.1, seed100",depth:0.02,2,0.06905066501349211,11.847954886332849,24.71226270192264
"Baseline multiplier 0.1, seed100",depth:0.02,2,0.07045073620975018,11.847954886332849,24.71226270192264
"Baseline multiplier 0.1, seed100",depth:0.02,2,0.07182585634291172,11.83724922092454,24.71226270192264
"Baseline multiplier 0.1, seed100",depth:0.02,2,0.073207997251302,11.828080594204966,24.71226270192264
"Baseline multiplier 0.1, seed100",depth:0.02,2,0.07457805797457695,11.813908559301224,24.71226270192264
"Baseline multiplier 0.1, seed100",depth:0.02,2,0.07594741927459836,11.799634101084441,24.71226270192264
"Baseline multiplier 0.1, seed100",depth:0.02,2,0.07740148901939392,11.785958447184905,24.71226270192264
"Baseline multiplier 0.1, seed100",depth:0.02,2,0.07878709025681019,11.773594362881292,24.71226270192264
"Baseline multiplier 0.1, seed100",depth:0.02,2,0.08023504121229053,11.761683618975162,24.71226270192264
"Baseline multiplier 0.1, seed100",depth:0.02,2,0.08162222197279334,11.701207804088837,24.71226270192264
"Baseline multiplier 0.1, seed100",depth:0.02,2,0.0829939623363316,11.701207804088837,24.71226270192264
"Baseline multiplier 0.1, seed100",depth:0.02,2,0.0843817531131208,11.689597490359734,24.71226270192264
"Baseline multiplier 0.1, seed100",depth:0.02,2,0.0857782531529665,11.68183732138338,24.71226270192264
"Baseline multiplier 0.1, seed100",depth:0.02,2,0.08716480433940887,11.670169663945572,24.71226270192264
"Baseline multiplier 0.1, seed100",depth:0.10,0,0.0044891019351780415,2949.65959150446,24.71226270192264
"Baseline multiplier 0.1, seed100",depth:0.10,0,0.007713012862950563,836.4879527037333,24.71226270192264
"Baseline multiplier 0.1, seed100",depth:0.10,0,0.010654314886778593,496.1794788705541,24.71226270192264
"Baseline multiplier 0.1, seed100",depth:0.10,0,0.013549786992371082,397.58688764248984,24.71226270192264
"Baseline multiplier 0.1, seed100",depth:0.10,0,0.01642845803871751,357.7399654574016,24.71226270192264
"Baseline multiplier 0.1, seed100",depth:0.10,0,0.019378370139747858,317.91423778092707,24.71226270192264
"Baseline multiplier 0.1, seed100",depth:0.10,0,0.022412030957639217,263.61361503407755,24.71226270192264
"Baseline multiplier 0.1, seed100",depth:0.10,0,0.02540898183360696,205.8486892051412,24.71226270192264
"Baseline multiplier 0.1, seed100",depth:0.10,0,0.028496783692389727,145.87972525785867,24.71226270192264
"Baseline multiplier 0.1, seed100",depth:0.10,0,0.03144601592794061,69.00545032715725,24.71226270192264
"Baseline multiplier 0.1, seed100",depth:0.10,0,0.034501567017287016,45.37690860095779,24.71226270192264
"Baseline multiplier 0.1, seed100",depth:0.10,0,0.037400738801807165,15.813280767150795,24.71226270192264
"Baseline multiplier 0.1, seed100",depth:0.10,0,0.038837318774312735,14.642564853953457,24.71226270192264
"Baseline multiplier 0.1, seed100",depth:0.10,0,0.04024269990622997,14.5323608109004,24.71226270192264
"Baseline multiplier 0.1, seed100",depth:0.10,0,0.041625121142715216,14.454922461391694,24.71226270192264
"Baseline multiplier 0.1, seed100",depth:0.10,0,0.0430158507078886,14.340463540044707,24.71226270192264
"Baseline multiplier 0.1, seed100",depth:0.10,0,0.04447974171489477,14.167155182301384,24.71226270192264
"Baseline multiplier 0.1, seed100",depth:0.10,0,0.04591937270015478,13.92553088969751,24.71226270192264
"Baseline multiplier 0.1, seed100",depth:0.10,0,0.047305923886597157,13.607179702367104,24.71226270192264
"Baseline multiplier 0.1, seed100",depth:0.10,0,0.048692644108086824,13.199050023663622,24.71226270192264
"Baseline multiplier 0.1, seed100",depth:0.10,0,0.05010381480678916,12.72359235733103,24.71226270192264
"Baseline multiplier 0.1, seed100",depth:0.10,0,0.051489175762981176,12.294077368545437,24.71226270192264
"Baseline multiplier 0.1, seed100",depth:0.10,0,0.05290691601112485,12.049350070985232,24.71226270192264
"Baseline multiplier 0.1, seed100",depth:0.10,0,0.054303756915032864,11.954949113154399,24.71226270192264
"Baseline multiplier 0.1, seed100",depth:0.10,0,0.05568612786009908,11.919320413628785,24.71226270192264
"Baseline multiplier 0.1, seed100",depth:0.10,0,0.05705713899806142,11.906481402488017,24.71226270192264
"Baseline multiplier 0.1, seed100",depth:0.10,0,0.058559078723192215,11.898366462632664,24.71226270192264
"Baseline multiplier 0.1, seed100",depth:0.10,0,0.059945149812847376,11.893978093668434,24.71226270192264
"Baseline multiplier 0.1, seed100",depth:0.10,0,0.06132986070588231,11.885630592374804,24.71226270192264
"Baseline multiplier 0.1, seed100",depth:0.10,0,0.06270028185099363,11.885630592374804,24.71226270192264
"Baseline multiplier 0.1, seed100",depth:0.10,0,0.06408280180767179,11.854898484752589,24.71226270192264
"Baseline multiplier 0.1, seed100",depth:0.10,0,0.06545415287837386,11.84532122388934,24.71226270192264
"Baseline multiplier 0.1, seed100",depth:0.10,0,0.0668145939707756,11.84532122388934,24.71226270192264
"Baseline multiplier 0.1, seed100",depth:0.10,0,0.06820203410461545,11.834070104054874,24.71226270192264
"Baseline multiplier 0.1, seed100",depth:0.10,0,0.06958178477361798,11.825113410760794,24.71226270192264
"Baseline multiplier 0.1, seed100",depth:0.10,0,0.07095465576276183,11.810843209274603,24.71226270192264
"Baseline multiplier 0.1, seed100",depth:0.10,0,0.07234572572633624,11.79663711711222,24.71226270192264
"Baseline multiplier 0.1, seed100",depth:0.10,0,0.07372292689979076,11.783205670028694,24.71226270192264
"Baseline multiplier 0.1, seed100",depth:0.10,0,0.07510701799765229,11.771099008203619,24.71226270192264
"Baseline multiplier 0.1, seed100",depth:0.10,0,0.07647712901234627,11.720488404912105,24.71226270192264
"Baseline multiplier 0.1, seed100",depth:0.10,0,0.07785123912617564,11.720488404912105,24.71226270192264
"Baseline multiplier 0.1, seed100",depth:0.10,0,0.0792476600036025,11.709457935689406,24.71226270192264
"Baseline multiplier 0.1, seed100",depth:0.10,0,0.08062351075932384,11.700590430061403,24.71226270192264
"Baseline multiplier 0.1, seed100",depth:0.10,0,0.08199682086706161,11.68796264655884,24.71226270192264
"Baseline multiplier 0.1, seed100",depth:0.10,0,0.08338394202291965,11.67585240997266,24.71226270192264
"Baseline multiplier 0.1, seed100",depth:0.10,0,0.08476774301379919,11.66463418316955,24.71226270192264
"Baseline multiplier 0.1, seed100",depth:0.10,0,0.08615976385772228,11.654705017050818,24.71226270192264
"Baseline multiplier 0.1, seed100",depth:0.10,0,0.08754680398851633,11.654705017050818,24.71226270192264
"Baseline multiplier 0.1, seed100",depth:0.10,1,0.004101091995835304,2949.65959150446,24.71226270192264
"Baseline multiplier 0.1, seed100",depth:0.10,1,0.007240083999931812,836.4879527037333,24.71226270192264
"Baseline multiplier 0.1, seed100",depth:0.10,1,0.010159355122596025,496.1794788705541,24.71226270192264
"Baseline multiplier 0.1, seed100",depth:0.10,1,0.013064217288047075,397.58688764248984,24.71226270192264
"Baseline multiplier 0.1, seed100",depth:0.10,1,0.01603238796815276,357.7399654574016,24.71226270192264
"Baseline multiplier 0.1, seed100",depth:0.10,1,0.018929520156234503,317.91423778092707,24.71226270192264
"Baseline multiplier 0.1, seed100",depth:0.10,1,0.02180704101920128,263.61361503407755,24.71226270192264
"Baseline multiplier 0.1, seed100",depth:0.10,1,0.024674952030181885,205.8486892051412,24.71226270192264
"Baseline multiplier 0.1, seed100",depth:0.10,1,0.027526304125785828,145.87972525785867,24.71226270192264
"Baseline multiplier 0.1, seed100",depth:0.10,1,0.030379086267203093,69.00545032715725,24.71226270192264
"Baseline multiplier 0.1, seed100",depth:0.10,1,0.03325678734108806,45.37690860095779,24.71226270192264
"Baseline multiplier 0.1, seed100",depth:0.10,1,0.03612510906532407,15.813280767150795,24.71226270192264
"Baseline multiplier 0.1, seed100",depth:0.10,1,0.037551469169557095,14.642564853953457,24.71226270192264
"Baseline multiplier 0.1, seed100",depth:0.10,1,0.038968770299106836,14.5323608109004,24.71226270192264
"Baseline multiplier 0.1, seed100",depth:0.10,1,0.04036039113998413,14.454922461391694,24.71226270192264
"Baseline multiplier 0.1, seed100",depth:0.10,1,0.04177267104387283,14.340463540044707,24.71226270192264
"Baseline multiplier 0.1, seed100",depth:0.10,1,0.0431651221588254,14.167155182301384,24.71226270192264
"Baseline multiplier 0.1, seed100",depth:0.10,1,0.04455506335943937,13.92553088969751,24.71226270192264
"Baseline multiplier 0.1, seed100",depth:0.10,1,0.04593530297279358,13.607179702367104,24.71226270192264
"Baseline multiplier 0.1, seed100",depth:0.10,1,0.047321304213255644,13.199050023663622,24.71226270192264
"Baseline multiplier 0.1, seed100",depth:0.10,1,0.048720465041697025,12.72359235733103,24.71226270192264
"Baseline multiplier 0.1, seed100",depth:0.10,1,0.050093645229935646,12.294077368545437,24.71226270192264
"Baseline multiplier 0.1, seed100",depth:0.10,1,0.051478595938533545,12.049350070985232,24.71226270192264
"Baseline multiplier 0.1, seed100",depth:0.10,1,0.052851437125355005,11.954949113154399,24.71226270192264
"Baseline multiplier 0.1, seed100",depth:0.10,1,0.05422831838950515,11.919320413628785,24.71226270192264
"Baseline multiplier 0.1, seed100",depth:0.10,1,0.05561500834301114,11.906481402488017,24.71226270192264
"Baseline multiplier 0.1, seed100",depth:0.10,1,0.057099109049886465,11.898366462632664,24.71226270192264
"Baseline multiplier 0.1, seed100",depth:0.10,1,0.05856793001294136,11.893978093668434,24.71226270192264
"Baseline multiplier 0.1, seed100",depth:0.10,1,0.05999652994796634,11.885630592374804,24.71226270192264
"Baseline multiplier 0.1, seed100",depth:0.10,1,0.06139286095276475,11.885630592374804,24.71226270192264
"Baseline multiplier 0.1, seed100",depth:0.10,1,0.06278984202072024,11.854898484752589,24.71226270192264
"Baseline multiplier 0.1, seed100",depth:0.10,1,0.06417284300550818,11.84532122388934,24.71226270192264
"Baseline multiplier 0.1, seed100",depth:0.10,1,0.0655575031414628,11.84532122388934,24.71226270192264
"Baseline multiplier 0.1, seed100",depth:0.10,1,0.06716368393972516,11.834070104054874,24.71226270192264
"Baseline multiplier 0.1, seed100",depth:0.10,1,0.0685584251768887,11.825113410760794,24.71226270192264
"Baseline multiplier 0.1, seed100",depth:0.10,1,0.06993410596624017,11.810843209274603,24.71226270192264
"Baseline multiplier 0.1, seed100",depth:0.10,1,0.07131358608603477,11.79663711711222,24.71226270192264
"Baseline multiplier 0.1, seed100",depth:0.10,1,0.07272035721689463,11.783205670028694,24.71226270192264
"Baseline multiplier 0.1, seed100",depth:0.10,1,0.07411744818091393,11.771099008203619,24.71226270192264
"Baseline multiplier 0.1, seed100",depth:0.10,1,0.07550107827410102,11.720488404912105,24.71226270192264
"Baseline multiplier 0.1, seed100",depth:0.10,1,0.07690944895148277,11.720488404912105,24.71226270192264
"Baseline multiplier 0.1, seed100",depth:0.10,1,0.07829144038259983,11.709457935689406,24.71226270192264
"Baseline multiplier 0.1, seed100",depth:0.10,1,0.07968282094225287,11.700590430061403,24.71226270192264
"Baseline multiplier 0.1, seed100",depth:0.10,1,0.08106648130342364,11.68796264655884,24.71226270192264
"Baseline multiplier 0.1, seed100",depth:0.10,1,0.0826242221519351,11.67585240997266,24.71226270192264
"Baseline multiplier 0.1, seed100",depth:0.10,1,0.08406738331541419,11.66463418316955,24.71226270192264
"Baseline multiplier 0.1, seed100",depth:0.10,1,0.08551820321008563,11.654705017050818,24.71226270192264
"Baseline multiplier 0.1, seed100",depth:0.10,1,0.08701790403574705,11.654705017050818,24.71226270192264
"Baseline multiplier 0.1, seed100",depth:0.10,2,0.004067291971296072,2949.65959150446,24.71226270192264
"Baseline multiplier 0.1, seed100",depth:0.10,2,0.0071544041857123375,836.4879527037333,24.71226270192264
"Baseline multiplier 0.1, seed100",depth:0.10,2,0.010131755843758583,496.1794788705541,24.71226270192264
"Baseline multiplier 0.1, seed100",depth:0.10,2,0.013019256759434938,397.58688764248984,24.71226270192264
"Baseline multiplier 0.1, seed100",depth:0.10,2,0.01590890809893608,357.7399654574016,24.71226270192264
"Baseline multiplier 0.1, seed100",depth:0.10,2,0.018780860118567944,317.91423778092707,24.71226270192264
"Baseline multiplier 0.1, seed100",depth:0.10,2,0.021658070851117373,263.61361503407755,24.71226270192264
"Baseline multiplier 0.1, seed100",depth:0.10,2,0.024594722781330347,205.8486892051412,24.71226270192264
"Baseline multiplier 0.1, seed100",depth:0.10,2,0.02750356402248144,145.87972525785867,24.71226270192264
"Baseline multiplier 0.1, seed100",depth:0.10,2,0.03039142582565546,69.00545032715725,24.71226270192264
"Baseline multiplier 0.1, seed100",depth:0.10,2,0.033372366800904274,45.37690860095779,24.71226270192264
"Baseline multiplier 0.1, seed100",depth:0.10,2,0.03645756887272,15.813280767150795,24.71226270192264
"Baseline multiplier 0.1, seed100",depth:0.10,2,0.03787386976182461,14.642564853953457,24.71226270192264
"Baseline multiplier 0.1, seed100",depth:0.10,2,0.039252889808267355,14.5323608109004,24.71226270192264
"Baseline multiplier 0.1, seed100",depth:0.10,2,0.0407265811227262,14.454922461391694,24.71226270192264
"Baseline multiplier 0.1, seed100",depth:0.10,2,0.042125292122364044,14.340463540044707,24.71226270192264
"Baseline multiplier 0.1, seed100",depth:0.10,2,0.04349847184494138,14.167155182301384,24.71226270192264
"Baseline multiplier 0.1, seed100",depth:0.10,2,0.044971422757953405,13.92553088969751,24.71226270192264
"Baseline multiplier 0.1, seed100",depth:0.10,2,0.046357314102351665,13.607179702367104,24.71226270192264
"Baseline multiplier 0.1, seed100",depth:0.10,2,0.04774104477837682,13.199050023663622,24.71226270192264
"Baseline multiplier 0.1, seed100",depth:0.10,2,0.04912393493577838,12.72359235733103,24.71226270192264
"Baseline multiplier 0.1, seed100",depth:0.10,2,0.05051540583372116,12.294077368545437,24.71226270192264
"Baseline multiplier 0.1, seed100",depth:0.10,2,0.051904927007853985,12.049350070985232,24.71226270192264
"Baseline multiplier 0.1, seed100",depth:0.10,2,0.053292357828468084,11.954949113154399,24.71226270192264
"Baseline multiplier 0.1, seed100",depth:0.10,2,0.05469617806375027,11.919320413628785,24.71226270192264
"Baseline multiplier 0.1, seed100",depth:0.10,2,0.05610532918944955,11.906481402488017,24.71226270192264
"Baseline multiplier 0.1, seed100",depth:0.10,2,0.05748394876718521,11.898366462632664,24.71226270192264
"Baseline multiplier 0.1, seed100",depth:0.10,2,0.05887885997071862,11.893978093668434,24.71226270192264
"Baseline multiplier 0.1, seed100",depth:0.10,2,0.06025786092504859,11.885630592374804,24.71226270192264
"Baseline multiplier 0.1, seed100",depth:0.10,2,0.06161420186981559,11.885630592374804,24.71226270192264
"Baseline multiplier 0.1, seed100",depth:0.10,2,0.06300120195373893,11.854898484752589,24.71226270192264
"Baseline multiplier 0.1, seed100",depth:0.10,2,0.06437679287046194,11.84532122388934,24.71226270192264
"Baseline multiplier 0.1, seed100",depth:0.10,2,0.06593860406428576,11.84532122388934,24.71226270192264
"Baseline multiplier 0.1, seed100",depth:0.10,2,0.06733970483765006,11.834070104054874,24.71226270192264
"Baseline multiplier 0.1, seed100",depth:0.10,2,0.06874775514006615,11.825113410760794,24.71226270192264
"Baseline multiplier 0.1, seed100",depth:0.10,2,0.07013938575983047,11.810843209274603,24.71226270192264
"Baseline multiplier 0.1, seed100",depth:0.10,2,0.07152310712262988,11.79663711711222,24.71226270192264
"Baseline multiplier 0.1, seed100",depth:0.10,2,0.0731566371396184,11.783205670028694,24.71226270192264
"Baseline multiplier 0.1, seed100",depth:0.10,2,0.07455460773780942,11.771099008203619,24.71226270192264
"Baseline multiplier 0.1, seed100",depth:0.10,2,0.07595909899100661,11.720488404912105,24.71226270192264
"Baseline multiplier 0.1, seed100",depth:0.10,2,0.07732207980006933,11.720488404912105,24.71226270192264
"Baseline multiplier 0.1, seed100",depth:0.10,2,0.07869584998115897,11.709457935689406,24.71226270192264
"Baseline multiplier 0.1, seed100",depth:0.10,2,0.08010700112208724,11.700590430061403,24.71226270192264
"Baseline multiplier 0.1, seed100",depth:0.10,2,0.08150690188631415,11.68796264655884,24.71226270192264
"Baseline multiplier 0.1, seed100",depth:0.10,2,0.08289923286065459,11.67585240997266,24.71226270192264
"Baseline multiplier 0.1, seed100",depth:0.10,2,0.08426951291039586,11.66463418316955,24.71226270192264
"Baseline multiplier 0.1, seed100",depth:0.10,2,0.08563372399657965,11.654705017050818,24.71226270192264
"Baseline multiplier 0.1, seed100",depth:0.10,2,0.0870037148706615,11.654705017050818,24.71226270192264
"Baseline multiplier 0.1, seed100",isotropic:0.02,0,0.007132372818887234,3064.0121833984267,24.71226270192264
"Baseline multiplier 0.1, seed100",isotropic:0.02,0,0.013288735877722502,841.8309247752646,24.71226270192264
"Baseline multiplier 0.1, seed100",isotropic:0.02,0,0.019011958967894316,498.9551426383703,24.71226270192264
"Baseline multiplier 0.1, seed100",isotropic:0.02,0,0.025033392012119293,413.45559644940573,24.71226270192264
"Baseline multiplier 0.1, seed100",isotropic:0.02,0,0.03087103506550193,376.312390665001,24.71226270192264
"Baseline multiplier 0.1, seed100",isotropic:0.02,0,0.036512207705527544,353.2406897458905,24.71226270192264
"Baseline multiplier 0.1, seed100",isotropic:0.02,0,0.04222871083766222,313.2908326939144,24.71226270192264
"Baseline multiplier 0.1, seed100",isotropic:0.02,0,0.04791978374123573,274.2936778862799,24.71226270192264
"Baseline multiplier 0.1, seed100",isotropic:0.02,0,0.05367657681927085,234.84705591760974,24.71226270192264
"Baseline multiplier 0.1, seed100",isotropic:0.02,0,0.059470819775015116,190.48740205501423,24.71226270192264
"Baseline multiplier 0.1, seed100",isotropic:0.02,0,0.06516679283231497,146.11371982882991,24.71226270192264
"Baseline multiplier 0.1, seed100",isotropic:0.02,0,0.07091271597892046,120.95497063967599,24.71226270192264
"Baseline multiplier 0.1, seed100",isotropic:0.02,0,0.07242731610313058,119.44095466039158,24.71226270192264
"Baseline multiplier 0.1, seed100",isotropic:0.02,0,0.07416255678981543,118.70362828848808,24.71226270192264
"Baseline multiplier 0.1, seed100",isotropic:0.02,0,0.07591560808941722,117.6401277489768,24.71226270192264
"Baseline multiplier 0.1, seed100",isotropic:0.02,0,0.07737374864518642,115.8401685227726,24.71226270192264
"Baseline multiplier 0.1, seed100",isotropic:0.02,0,0.07884210906922817,112.73571492617036,24.71226270192264
"Baseline multiplier 0.1, seed100",isotropic:0.02,0,0.08025023993104696,107.52433467450696,24.71226270192264
"Baseline multiplier 0.1, seed100",isotropic:0.02,0,0.08162218099460006,99.80226184466379,24.71226270192264
"Baseline multiplier 0.1, seed100",isotropic:0.02,0,0.08301002206280828,89.77573684150457,24.71226270192264
"Baseline multiplier 0.1, seed100",isotropic:0.02,0,0.08440334210172296,77.02184542879624,24.71226270192264
"Baseline multiplier 0.1, seed100",isotropic:0.02,0,0.08580337278544903,60.80936285789963,24.71226270192264
"Baseline multiplier 0.1, seed100",isotropic:0.02,0,0.08719103364273906,42.91076605482855,24.71226270192264
"Baseline multiplier 0.1, seed100",isotropic:0.02,0,0.08857798483222723,28.309034033103963,24.71226270192264
"Baseline multiplier 0.1, seed100",isotropic:0.02,0,0.08995748497545719,21.590518871787353,24.71226270192264
"Baseline multiplier 0.1, seed100",isotropic:0.02,0,0.09137255605310202,16.00083510802461,24.71226270192264
"Baseline multiplier 0.1, seed100",isotropic:0.02,0,0.09274426707997918,16.00083510802461,24.71226270192264
"Baseline multiplier 0.1, seed100",isotropic:0.02,0,0.09415925666689873,14.84206034003324,24.71226270192264
"Baseline multiplier 0.1, seed100",isotropic:0.02,0,0.09556269785389304,13.901877559345289,24.71226270192264
"Baseline multiplier 0.1, seed100",isotropic:0.02,0,0.09694875869899988,13.901877559345289,24.71226270192264
"Baseline multiplier 0.1, seed100",isotropic:0.02,0,0.09835756896063685,13.549219786462611,24.71226270192264
"Baseline multiplier 0.1, seed100",isotropic:0.02,0,0.0997361596673727,13.549219786462611,24.71226270192264
"Baseline multiplier 0.1, seed100",isotropic:0.02,0,0.10111882071942091,13.409893272677849,24.71226270192264
"Baseline multiplier 0.1, seed100",isotropic:0.02,0,0.1024982719682157,13.409893272677849,24.71226270192264
"Baseline multiplier 0.1, seed100",isotropic:0.02,0,0.10387148195877671,13.34231929452487,24.71226270192264
"Baseline multiplier 0.1, seed100",isotropic:0.02,0,0.1052628830075264,13.186299832915134,24.71226270192264
"Baseline multiplier 0.1, seed100",isotropic:0.02,0,0.10664053400978446,13.186299832915134,24.71226270192264
"Baseline multiplier 0.1, seed100",isotropic:0.02,0,0.10801949398592114,13.097549813712392,24.71226270192264
"Baseline multiplier 0.1, seed100",isotropic:0.02,0,0.10939826490357518,12.979649879961649,24.71226270192264
"Baseline multiplier 0.1, seed100",isotropic:0.02,0,0.11077528586611152,12.783391209277426,24.71226270192264
"Baseline multiplier 0.1, seed100",isotropic:0.02,0,0.11221683584153652,12.507885050433082,24.71226270192264
"Baseline multiplier 0.1, seed100",isotropic:0.02,0,0.11360350670292974,12.266475109718806,24.71226270192264
"Baseline multiplier 0.1, seed100",isotropic:0.02,0,0.11497402796521783,12.165428876704336,24.71226270192264
"Baseline multiplier 0.1, seed100",isotropic:0.02,0,0.11636000778526068,12.165428876704336,24.71226270192264
"Baseline multiplier 0.1, seed100",isotropic:0.02,0,0.11773298867046833,12.146405152674742,24.71226270192264
"Baseline multiplier 0.1, seed100",isotropic:0.02,0,0.1191143998876214,12.146405152674742,24.71226270192264
"Baseline multiplier 0.1, seed100",isotropic:0.02,0,0.12050410080701113,12.129725534534815,24.71226270192264
"Baseline multiplier 0.1, seed100",isotropic:0.02,0,0.12187774106860161,12.129725534534815,24.71226270192264
"Baseline multiplier 0.1, seed100",isotropic:0.02,1,0.007072773762047291,3064.0121833984267,24.71226270192264
"Baseline multiplier 0.1, seed100",isotropic:0.02,1,0.013149676844477654,841.8309247752646,24.71226270192264
"Baseline multiplier 0.1, seed100",isotropic:0.02,1,0.01899163005873561,498.9551426383703,24.71226270192264
"Baseline multiplier 0.1, seed100",isotropic:0.02,1,0.0247767330147326,413.45559644940573,24.71226270192264
"Baseline multiplier 0.1, seed100",isotropic:0.02,1,0.030445626005530357,376.312390665001,24.71226270192264
"Baseline multiplier 0.1, seed100",isotropic:0.02,1,0.03613114869222045,353.2406897458905,24.71226270192264
"Baseline multiplier 0.1, seed100",isotropic:0.02,1,0.04199120169505477,313.2908326939144,24.71226270192264
"Baseline multiplier 0.1, seed100",isotropic:0.02,1,0.04771403502672911,274.2936778862799,24.71226270192264
"Baseline multiplier 0.1, seed100",isotropic:0.02,1,0.05340639781206846,234.84705591760974,24.71226270192264
"Baseline multiplier 0.1, seed100",isotropic:0.02,1,0.05915262969210744,190.48740205501423,24.71226270192264
"Baseline multiplier 0.1, seed100",isotropic:0.02,1,0.06481637293472886,146.11371982882991,24.71226270192264
"Baseline multiplier 0.1, seed100",isotropic:0.02,1,0.07058351580053568,120.95497063967599,24.71226270192264
"Baseline multiplier 0.1, seed100",isotropic:0.02,1,0.07213299674913287,119.44095466039158,24.71226270192264
"Baseline multiplier 0.1, seed100",isotropic:0.02,1,0.07352923788130283,118.70362828848808,24.71226270192264
"Baseline multiplier 0.1, seed100",isotropic:0.02,1,0.07502090884372592,117.6401277489768,24.71226270192264
"Baseline multiplier 0.1, seed100",isotropic:0.02,1,0.07651200890541077,115.8401685227726,24.71226270192264
"Baseline multiplier 0.1, seed100",isotropic:0.02,1,0.07793445978313684,112.73571492617036,24.71226270192264
"Baseline multiplier 0.1, seed100",isotropic:0.02,1,0.07938193064182997,107.52433467450696,24.71226270192264
"Baseline multiplier 0.1, seed100",isotropic:0.02,1,0.08079600101336837,99.80226184466379,24.71226270192264
"Baseline multiplier 0.1, seed100",isotropic:0.02,1,0.08224451169371605,89.77573684150457,24.71226270192264
"Baseline multiplier 0.1, seed100",isotropic:0.02,1,0.08364303270354867,77.02184542879624,24.71226270192264
"Baseline multiplier 0.1, seed100",isotropic:0.02,1,0.08505398407578468,60.80936285789963,24.71226270192264
"Baseline multiplier 0.1, seed100",isotropic:0.02,1,0.0864470237866044,42.91076605482855,24.71226270192264
"Baseline multiplier 0.1, seed100",isotropic:0.02,1,0.08783581480383873,28.309034033103963,24.71226270192264
"Baseline multiplier 0.1, seed100",isotropic:0.02,1,0.08924021571874619,21.590518871787353,24.71226270192264
"Baseline multiplier 0.1, seed100",isotropic:0.02,1,0.09066554578021169,16.00083510802461,24.71226270192264
"Baseline multiplier 0.1, seed100",isotropic:0.02,1,0.09206890687346458,16.00083510802461,24.71226270192264
"Baseline multiplier 0.1, seed100",isotropic:0.02,1,0.09343859786167741,14.84206034003324,24.71226270192264
"Baseline multiplier 0.1, seed100",isotropic:0.02,1,0.0948199788108468,13.901877559345289,24.71226270192264
"Baseline multiplier 0.1, seed100",isotropic:0.02,1,0.09621058870106936,13.901877559345289,24.71226270192264
"Baseline multiplier 0.1, seed100",isotropic:0.02,1,0.09763334970921278,13.549219786462611,24.71226270192264
"Baseline multiplier 0.1, seed100",isotropic:0.02,1,0.09902744088321924,13.549219786462611,24.71226270192264
"Baseline multiplier 0.1, seed100",isotropic:0.02,1,0.10048928204923868,13.409893272677849,24.71226270192264
"Baseline multiplier 0.1, seed100",isotropic:0.02,1,0.10186635190621018,13.409893272677849,24.71226270192264
"Baseline multiplier 0.1, seed100",isotropic:0.02,1,0.1032422729767859,13.34231929452487,24.71226270192264
"Baseline multiplier 0.1, seed100",isotropic:0.02,1,0.10462771402671933,13.186299832915134,24.71226270192264
"Baseline multiplier 0.1, seed100",isotropic:0.02,1,0.10599660407751799,13.186299832915134,24.71226270192264
"Baseline multiplier 0.1, seed100",isotropic:0.02,1,0.1073887050151825,13.097549813712392,24.71226270192264
"Baseline multiplier 0.1, seed100",isotropic:0.02,1,0.10877347597852349,12.979649879961649,24.71226270192264
"Baseline multiplier 0.1, seed100",isotropic:0.02,1,0.11016098596155643,12.783391209277426,24.71226270192264
"Baseline multiplier 0.1, seed100",isotropic:0.02,1,0.11154946684837341,12.507885050433082,24.71226270192264
"Baseline multiplier 0.1, seed100",isotropic:0.02,1,0.11292714765295386,12.266475109718806,24.71226270192264
"Baseline multiplier 0.1, seed100",isotropic:0.02,1,0.11430721776559949,12.165428876704336,24.71226270192264
"Baseline multiplier 0.1, seed100",isotropic:0.02,1,0.11566912895068526,12.165428876704336,24.71226270192264
"Baseline multiplier 0.1, seed100",isotropic:0.02,1,0.11705472972244024,12.146405152674742,24.71226270192264
"Baseline multiplier 0.1, seed100",isotropic:0.02,1,0.11843162076547742,12.146405152674742,24.71226270192264
"Baseline multiplier 0.1, seed100",isotropic:0.02,1,0.11980182072147727,12.129725534534815,24.71226270192264
"Baseline multiplier 0.1, seed100",isotropic:0.02,1,0.12117171194404364,12.129725534534815,24.71226270192264
"Baseline multiplier 0.1, seed100",isotropic:0.02,2,0.006683052983134985,3064.0121833984267,24.71226270192264
"Baseline multiplier 0.1, seed100",isotropic:0.02,2,0.012709386181086302,841.8309247752646,24.71226270192264
"Baseline multiplier 0.1, seed100",isotropic:0.02,2,0.018620679154992104,498.9551426383703,24.71226270192264
"Baseline multiplier 0.1, seed100",isotropic:0.02,2,0.02448438201099634,413.45559644940573,24.71226270192264
"Baseline multiplier 0.1, seed100",isotropic:0.02,2,0.030426905024796724,376.312390665001,24.71226270192264
"Baseline multiplier 0.1, seed100",isotropic:0.02,2,0.036304397974163294,353.2406897458905,24.71226270192264
"Baseline multiplier 0.1, seed100",isotropic:0.02,2,0.04195945104584098,313.2908326939144,24.71226270192264
"Baseline multiplier 0.1, seed100",isotropic:0.02,2,0.04763916414231062,274.2936778862799,24.71226270192264
"Baseline multiplier 0.1, seed100",isotropic:0.02,2,0.053339367266744375,234.84705591760974,24.71226270192264
"Baseline multiplier 0.1, seed100",isotropic:0.02,2,0.0590812498703599,190.48740205501423,24.71226270192264
"Baseline multiplier 0.1, seed100",isotropic:0.02,2,0.0650664628483355,146.11371982882991,24.71226270192264
"Baseline multiplier 0.1, seed100",isotropic:0.02,2,0.0711228959262371,120.95497063967599,24.71226270192264
"Baseline multiplier 0.1, seed100",isotropic:0.02,2,0.07264148723334074,119.44095466039158,24.71226270192264
"Baseline multiplier 0.1, seed100",isotropic:0.02,2,0.07403678726404905,118.70362828848808,24.71226270192264
"Baseline multiplier 0.1, seed100",isotropic:0.02,2,0.0754288281314075,117.6401277489768,24.71226270192264
"Baseline multiplier 0.1, seed100",isotropic:0.02,2,0.07680371915921569,115.8401685227726,24.71226270192264
"Baseline multiplier 0.1, seed100",isotropic:0.02,2,0.07823305996134877,112.73571492617036,24.71226270192264
"Baseline multiplier 0.1, seed100",isotropic:0.02,2,0.07962852017953992,107.52433467450696,24.71226270192264
"Baseline multiplier 0.1, seed100",isotropic:0.02,2,0.08100904105231166,99.80226184466379,24.71226270192264
"Baseline multiplier 0.1, seed100",isotropic:0.02,2,0.08243748219683766,89.77573684150457,24.71226270192264
"Baseline multiplier 0.1, seed100",isotropic:0.02,2,0.08381684217602015,77.02184542879624,24.71226270192264
"Baseline multiplier 0.1, seed100",isotropic:0.02,2,0.08520927326753736,60.80936285789963,24.71226270192264
"Baseline multiplier 0.1, seed100",isotropic:0.02,2,0.08663295395672321,42.91076605482855,24.71226270192264
"Baseline multiplier 0.1, seed100",isotropic:0.02,2,0.08801368391141295,28.309034033103963,24.71226270192264
"Baseline multiplier 0.1, seed100",isotropic:0.02,2,0.08940380485728383,21.590518871787353,24.71226270192264
"Baseline multiplier 0.1, seed100",isotropic:0.02,2,0.09077931614592671,16.00083510802461,24.71226270192264
"Baseline multiplier 0.1, seed100",isotropic:0.02,2,0.09221624722704291,16.00083510802461,24.71226270192264
"Baseline multiplier 0.1, seed100",isotropic:0.02,2,0.09360709693282843,14.84206034003324,24.71226270192264
"Baseline multiplier 0.1, seed100",isotropic:0.02,2,0.09498378820717335,13.901877559345289,24.71226270192264
"Baseline multiplier 0.1, seed100",isotropic:0.02,2,0.09635240910574794,13.901877559345289,24.71226270192264
"Baseline multiplier 0.1, seed100",isotropic:0.02,2,0.09773698914796114,13.549219786462611,24.71226270192264
"Baseline multiplier 0.1, seed100",isotropic:0.02,2,0.099140880163759,13.549219786462611,24.71226270192264
"Baseline multiplier 0.1, seed100",isotropic:0.02,2,0.10053114080801606,13.409893272677849,24.71226270192264
"Baseline multiplier 0.1, seed100",isotropic:0.02,2,0.10189335187897086,13.409893272677849,24.71226270192264
"Baseline multiplier 0.1, seed100",isotropic:0.02,2,0.10328008187934756,13.34231929452487,24.71226270192264
"Baseline multiplier 0.1, seed100",isotropic:0.02,2,0.10466967290267348,13.186299832915134,24.71226270192264
"Baseline multiplier 0.1, seed100",isotropic:0.02,2,0.10604216391220689,13.186299832915134,24.71226270192264
"Baseline multiplier 0.1, seed100",isotropic:0.02,2,0.10742411389946938,13.097549813712392,24.71226270192264
"Baseline multiplier 0.1, seed100",isotropic:0.02,2,0.10880305524915457,12.979649879961649,24.71226270192264
"Baseline multiplier 0.1, seed100",isotropic:0.02,2,0.11021349625661969,12.783391209277426,24.71226270192264
"Baseline multiplier 0.1, seed100",isotropic:0.02,2,0.11162896594032645,12.507885050433082,24.71226270192264
"Baseline multiplier 0.1, seed100",isotropic:0.02,2,0.11300022713840008,12.266475109718806,24.71226270192264
"Baseline multiplier 0.1, seed100",isotropic:0.02,2,0.11438137805089355,12.165428876704336,24.71226270192264
"Baseline multiplier 0.1, seed100",isotropic:0.02,2,0.11575691914185882,12.165428876704336,24.71226270192264
"Baseline multiplier 0.1, seed100",isotropic:0.02,2,0.11714567895978689,12.146405152674742,24.71226270192264
"Baseline multiplier 0.1, seed100",isotropic:0.02,2,0.11873163981363177,12.146405152674742,24.71226270192264
"Baseline multiplier 0.1, seed100",isotropic:0.02,2,0.12012012116611004,12.129725534534815,24.71226270192264
"Baseline multiplier 0.1, seed100",isotropic:0.02,2,0.12150531122460961,12.129725534534815,24.71226270192264
"Baseline multiplier 0.1, seed100",isotropic:0.10,0,0.008026703726500273,5893.941403515782,24.71226270192264
"Baseline multiplier 0.1, seed100",isotropic:0.10,0,0.014237206894904375,2405.944858692631,24.71226270192264
"Baseline multiplier 0.1, seed100",isotropic:0.10,0,0.020259849727153778,1298.694681534828,24.71226270192264
"Baseline multiplier 0.1, seed100",isotropic:0.10,0,0.02597373304888606,766.2257462897738,24.71226270192264
"Baseline multiplier 0.1, seed100",isotropic:0.10,0,0.031863376032561064,555.577013811055,24.71226270192264
"Baseline multiplier 0.1, seed100",isotropic:0.10,0,0.03784946911036968,501.5298504989714,24.71226270192264
"Baseline multiplier 0.1, seed100",isotropic:0.10,0,0.043617092072963715,383.37609744751484,24.71226270192264
"Baseline multiplier 0.1, seed100",isotropic:0.10,0,0.04933943413197994,361.83649567868565,24.71226270192264
"Baseline multiplier 0.1, seed100",isotropic:0.10,0,0.0550316171720624,347.71078533394245,24.71226270192264
"Baseline multiplier 0.1, seed100",isotropic:0.10,0,0.060925439931452274,340.76209593068535,24.71226270192264
"Baseline multiplier 0.1, seed100",isotropic:0.10,0,0.06674342276528478,338.98713188790714,24.71226270192264
"Baseline multiplier 0.1, seed100",isotropic:0.10,0,0.07246600603684783,339.60405425214265,24.71226270192264
"Baseline multiplier 0.1, seed100",isotropic:0.10,0,0.07401471678167582,331.9207233568356,24.71226270192264
"Baseline multiplier 0.1, seed100",isotropic:0.10,0,0.07541474793106318,324.16100170424164,24.71226270192264
"Baseline multiplier 0.1, seed100",isotropic:0.10,0,0.07682074792683125,315.3664269373831,24.71226270192264
"Baseline multiplier 0.1, seed100",isotropic:0.10,0,0.07820614892989397,307.46235613779766,24.71226270192264
"Baseline multiplier 0.1, seed100",isotropic:0.10,0,0.0795862297527492,302.15142960814245,24.71226270192264
"Baseline multiplier 0.1, seed100",isotropic:0.10,0,0.08097607083618641,298.07852419438507,24.71226270192264
"Baseline multiplier 0.1, seed100",isotropic:0.10,0,0.08234757091850042,292.41607750568585,24.71226270192264
"Baseline multiplier 0.1, seed100",isotropic:0.10,0,0.08372188173234463,282.48894905340467,24.71226270192264
"Baseline multiplier 0.1, seed100",isotropic:0.10,0,0.08510181307792664,262.8898133344289,24.71226270192264
"Baseline multiplier 0.1, seed100",isotropic:0.10,0,0.08648302312940359,236.69395880008045,24.71226270192264
"Baseline multiplier 0.1, seed100",isotropic:0.10,0,0.08792839385569096,215.40588580656456,24.71226270192264
"Baseline multiplier 0.1, seed100",isotropic:0.10,0,0.08930088486522436,215.40588580656456,24.71226270192264
"Baseline multiplier 0.1, seed100",isotropic:0.10,0,0.09068498574197292,181.72292499038275,24.71226270192264
"Baseline multiplier 0.1, seed100",isotropic:0.10,0,0.09207749599590898,146.49792569772598,24.71226270192264
"Baseline multiplier 0.1, seed100",isotropic:0.10,0,0.09345694677904248,118.69803763236952,24.71226270192264
"Baseline multiplier 0.1, seed100",isotropic:0.10,0,0.09484436782076955,118.69803763236952,24.71226270192264
"Baseline multiplier 0.1, seed100",isotropic:0.10,0,0.09622508799657226,104.01228361922712,24.71226270192264
"Baseline multiplier 0.1, seed100",isotropic:0.10,0,0.0976031287573278,89.47531053044635,24.71226270192264
"Baseline multiplier 0.1, seed100",isotropic:0.10,0,0.098981489893049,63.86391459484618,24.71226270192264
"Baseline multiplier 0.1, seed100",isotropic:0.10,0,0.10033453116193414,63.86391459484618,24.71226270192264
"Baseline multiplier 0.1, seed100",isotropic:0.10,0,0.1016981010325253,41.187412212026025,24.71226270192264
"Baseline multiplier 0.1, seed100",isotropic:0.10,0,0.10307169193401933,41.187412212026025,24.71226270192264
"Baseline multiplier 0.1, seed100",isotropic:0.10,0,0.1044298131018877,33.78976738715525,24.71226270192264
"Baseline multiplier 0.1, seed100",isotropic:0.10,0,0.10582023300230503,29.797849943167428,24.71226270192264
"Baseline multiplier 0.1, seed100",isotropic:0.10,0,0.10719215404242277,27.01564138159013,24.71226270192264
"Baseline multiplier 0.1, seed100",isotropic:0.10,0,0.10857548471540213,25.286664479291787,24.71226270192264
"Baseline multiplier 0.1, seed100",isotropic:0.10,0,0.1099421950057149,25.286664479291787,24.71226270192264
"Baseline multiplier 0.1, seed100",isotropic:0.10,0,0.11130056576803327,25.286664479291787,24.71226270192264
"Baseline multiplier 0.1, seed100",isotropic:0.10,0,0.11267793690785766,25.01562436591759,24.71226270192264
"Baseline multiplier 0.1, seed100",isotropic:0.10,0,0.11406302684918046,24.65202869489764,24.71226270192264
"Baseline multiplier 0.1, seed100",isotropic:0.10,0,0.1154314479790628,24.251176368127883,24.71226270192264
"Baseline multiplier 0.1, seed100",isotropic:0.10,0,0.11688270885497332,23.170257204293396,24.71226270192264
"Baseline multiplier 0.1, seed100",isotropic:0.10,0,0.11824713973328471,23.170257204293396,24.71226270192264
"Baseline multiplier 0.1, seed100",isotropic:0.10,0,0.11961892014369369,22.395555799784162,24.71226270192264
"Baseline multiplier 0.1, seed100",isotropic:0.10,0,0.12101166089996696,22.395555799784162,24.71226270192264
"Baseline multiplier 0.1, seed100",isotropic:0.10,0,0.1223793220706284,21.56468309076996,24.71226270192264
"Baseline multiplier 0.1, seed100",isotropic:0.10,1,0.006933104246854782,5893.941403515782,24.71226270192264
"Baseline multiplier 0.1, seed100",isotropic:0.10,1,0.012998507358133793,2405.944858692631,24.71226270192264
"Baseline multiplier 0.1, seed100",isotropic:0.10,1,0.01871698023751378,1298.694681534828,24.71226270192264
"Baseline multiplier 0.1, seed100",isotropic:0.10,1,0.024546733126044273,766.2257462897738,24.71226270192264
"Baseline multiplier 0.1, seed100",isotropic:0.10,1,0.03030284633859992,555.577013811055,24.71226270192264
"Baseline multiplier 0.1, seed100",isotropic:0.10,1,0.035969849210232496,501.5298504989714,24.71226270192264
"Baseline multiplier 0.1, seed100",isotropic:0.10,1,0.042308442294597626,383.37609744751484,24.71226270192264
"Baseline multiplier 0.1, seed100",isotropic:0.10,1,0.048358675092458725,361.83649567868565,24.71226270192264
"Baseline multiplier 0.1, seed100",isotropic:0.10,1,0.054083887953311205,347.71078533394245,24.71226270192264
"Baseline multiplier 0.1, seed100",isotropic:0.10,1,0.05975876096636057,340.76209593068535,24.71226270192264
"Baseline multiplier 0.1, seed100",isotropic:0.10,1,0.06542921299114823,338.98713188790714,24.71226270192264
"Baseline multiplier 0.1, seed100",isotropic:0.10,1,0.07123678689822555,339.60405425214265,24.71226270192264
"Baseline multiplier 0.1, seed100",isotropic:0.10,1,0.07265279721468687,331.9207233568356,24.71226270192264
"Baseline multiplier 0.1, seed100",isotropic:0.10,1,0.0741678080521524,324.16100170424164,24.71226270192264
"Baseline multiplier 0.1, seed100",isotropic:0.10,1,0.07558739790692925,315.3664269373831,24.71226270192264
"Baseline multiplier 0.1, seed100",isotropic:0.10,1,0.07700271904468536,307.46235613779766,24.71226270192264
"Baseline multiplier 0.1, seed100",isotropic:0.10,1,0.07840077998116612,302.15142960814245,24.71226270192264
"Baseline multiplier 0.1, seed100",isotropic:0.10,1,0.0798083608970046,298.07852419438507,24.71226270192264
"Baseline multiplier 0.1, seed100",isotropic:0.10,1,0.0811890009790659,292.41607750568585,24.71226270192264
"Baseline multiplier 0.1, seed100",isotropic:0.10,1,0.08257224224507809,282.48894905340467,24.71226270192264
"Baseline multiplier 0.1, seed100",isotropic:0.10,1,0.0839828229509294,262.8898133344289,24.71226270192264
"Baseline multiplier 0.1, seed100",isotropic:0.10,1,0.08538358425721526,236.69395880008045,24.71226270192264
"Baseline multiplier 0.1, seed100",isotropic:0.10,1,0.08677922422066331,215.40588580656456,24.71226270192264
"Baseline multiplier 0.1, seed100",isotropic:0.10,1,0.08815532503649592,215.40588580656456,24.71226270192264
"Baseline multiplier 0.1, seed100",isotropic:0.10,1,0.08954528626054525,181.72292499038275,24.71226270192264
"Baseline multiplier 0.1, seed100",isotropic:0.10,1,0.09104265598580241,146.49792569772598,24.71226270192264
"Baseline multiplier 0.1, seed100",isotropic:0.10,1,0.09244059724733233,118.69803763236952,24.71226270192264
"Baseline multiplier 0.1, seed100",isotropic:0.10,1,0.09386169817298651,118.69803763236952,24.71226270192264
"Baseline multiplier 0.1, seed100",isotropic:0.10,1,0.0952442791312933,104.01228361922712,24.71226270192264
"Baseline multiplier 0.1, seed100",isotropic:0.10,1,0.09663203917443752,89.47531053044635,24.71226270192264
"Baseline multiplier 0.1, seed100",isotropic:0.10,1,0.09802694013342261,63.86391459484618,24.71226270192264
"Baseline multiplier 0.1, seed100",isotropic:0.10,1,0.09939245134592056,63.86391459484618,24.71226270192264
"Baseline multiplier 0.1, seed100",isotropic:0.10,1,0.10077463090419769,41.187412212026025,24.71226270192264
"Baseline multiplier 0.1, seed100",isotropic:0.10,1,0.10214626230299473,41.187412212026025,24.71226270192264
"Baseline multiplier 0.1, seed100",isotropic:0.10,1,0.10352122317999601,33.78976738715525,24.71226270192264
"Baseline multiplier 0.1, seed100",isotropic:0.10,1,0.1049078730866313,29.797849943167428,24.71226270192264
"Baseline multiplier 0.1, seed100",isotropic:0.10,1,0.10637937393039465,27.01564138159013,24.71226270192264
"Baseline multiplier 0.1, seed100",isotropic:0.10,1,0.10777788516134024,25.286664479291787,24.71226270192264
"Baseline multiplier 0.1, seed100",isotropic:0.10,1,0.10914596635848284,25.286664479291787,24.71226270192264
"Baseline multiplier 0.1, seed100",isotropic:0.10,1,0.11063335603103042,25.286664479291787,24.71226270192264
"Baseline multiplier 0.1, seed100",isotropic:0.10,1,0.11209585703909397,25.01562436591759,24.71226270192264
"Baseline multiplier 0.1, seed100",isotropic:0.10,1,0.11349511798471212,24.65202869489764,24.71226270192264
"Baseline multiplier 0.1, seed100",isotropic:0.10,1,0.11501485900953412,24.251176368127883,24.71226270192264
"Baseline multiplier 0.1, seed100",isotropic:0.10,1,0.11652554897591472,23.170257204293396,24.71226270192264
"Baseline multiplier 0.1, seed100",isotropic:0.10,1,0.11803802009671926,23.170257204293396,24.71226270192264
"Baseline multiplier 0.1, seed100",isotropic:0.10,1,0.1194735812023282,22.395555799784162,24.71226270192264
"Baseline multiplier 0.1, seed100",isotropic:0.10,1,0.12092911219224334,22.395555799784162,24.71226270192264
"Baseline multiplier 0.1, seed100",isotropic:0.10,1,0.12236473197117448,21.56468309076996,24.71226270192264
"Baseline multiplier 0.1, seed100",isotropic:0.10,2,0.006703522987663746,5893.941403515782,24.71226270192264
"Baseline multiplier 0.1, seed100",isotropic:0.10,2,0.012755355797708035,2405.944858692631,24.71226270192264
"Baseline multiplier 0.1, seed100",isotropic:0.10,2,0.01846687914803624,1298.694681534828,24.71226270192264
"Baseline multiplier 0.1, seed100",isotropic:0.10,2,0.02422551205381751,766.2257462897738,24.71226270192264
"Baseline multiplier 0.1, seed100",isotropic:0.10,2,0.030015154741704464,555.577013811055,24.71226270192264
"Baseline multiplier 0.1, seed100",isotropic:0.10,2,0.03572213789448142,501.5298504989714,24.71226270192264
"Baseline multiplier 0.1, seed100",isotropic:0.10,2,0.04142717085778713,383.37609744751484,24.71226270192264
"Baseline multiplier 0.1, seed100",isotropic:0.10,2,0.04720238270238042,361.83649567868565,24.71226270192264
"Baseline multiplier 0.1, seed100",isotropic:0.10,2,0.052932017017155886,347.71078533394245,24.71226270192264
"Baseline multiplier 0.1, seed100",isotropic:0.10,2,0.05861198902130127,340.76209593068535,24.71226270192264
"Baseline multiplier 0.1, seed100",isotropic:0.10,2,0.06431817170232534,338.98713188790714,24.71226270192264
"Baseline multiplier 0.1, seed100",isotropic:0.10,2,0.06999684497714043,339.60405425214265,24.71226270192264
"Baseline multiplier 0.1, seed100",isotropic:0.10,2,0.07160494569689035,331.9207233568356,24.71226270192264
"Baseline multiplier 0.1, seed100",isotropic:0.10,2,0.073003516998142,324.16100170424164,24.71226270192264
"Baseline multiplier 0.1, seed100",isotropic:0.10,2,0.07439996814355254,315.3664269373831,24.71226270192264
"Baseline multiplier 0.1, seed100",isotropic:0.10,2,0.07579712802544236,307.46235613779766,24.71226270192264
"Baseline multiplier 0.1, seed100",isotropic:0.10,2,0.07718801870942116,302.15142960814245,24.71226270192264
"Baseline multiplier 0.1, seed100",isotropic:0.10,2,0.07859712978824973,298.07852419438507,24.71226270192264
"Baseline multiplier 0.1, seed100",isotropic:0.10,2,0.07997818989679217,292.41607750568585,24.71226270192264
"Baseline multiplier 0.1, seed100",isotropic:0.10,2,0.08136645099148154,282.48894905340467,24.71226270192264
"Baseline multiplier 0.1, seed100",isotropic:0.10,2,0.08277098182588816,262.8898133344289,24.71226270192264
"Baseline multiplier 0.1, seed100",isotropic:0.10,2,0.08415880193933845,236.69395880008045,24.71226270192264
"Baseline multiplier 0.1, seed100",isotropic:0.10,2,0.08553577307611704,215.40588580656456,24.71226270192264
"Baseline multiplier 0.1, seed100",isotropic:0.10,2,0.0869105039164424,215.40588580656456,24.71226270192264
"Baseline multiplier 0.1, seed100",isotropic:0.10,2,0.08828556397929788,181.72292499038275,24.71226270192264
"Baseline multiplier 0.1, seed100",isotropic:0.10,2,0.08969084499403834,146.49792569772598,24.71226270192264
"Baseline multiplier 0.1, seed100",isotropic:0.10,2,0.091084785759449,118.69803763236952,24.71226270192264
"Baseline multiplier 0.1, seed100",isotropic:0.10,2,0.09246288612484932,118.69803763236952,24.71226270192264
"Baseline multiplier 0.1, seed100",isotropic:0.10,2,0.0938553367741406,104.01228361922712,24.71226270192264
"Baseline multiplier 0.1, seed100",isotropic:0.10,2,0.09522921778261662,89.47531053044635,24.71226270192264
"Baseline multiplier 0.1, seed100",isotropic:0.10,2,0.09662044886499643,63.86391459484618,24.71226270192264
"Baseline multiplier 0.1, seed100",isotropic:0.10,2,0.09798705903813243,63.86391459484618,24.71226270192264
"Baseline multiplier 0.1, seed100",isotropic:0.10,2,0.09937151987105608,41.187412212026025,24.71226270192264
"Baseline multiplier 0.1, seed100",isotropic:0.10,2,0.10077115101739764,41.187412212026025,24.71226270192264
"Baseline multiplier 0.1, seed100",isotropic:0.10,2,0.10216451110318303,33.78976738715525,24.71226270192264
"Baseline multiplier 0.1, seed100",isotropic:0.10,2,0.10367300175130367,29.797849943167428,24.71226270192264
"Baseline multiplier 0.1, seed100",isotropic:0.10,2,0.10505699273198843,27.01564138159013,24.71226270192264
"Baseline multiplier 0.1, seed100",isotropic:0.10,2,0.10645685391500592,25.286664479291787,24.71226270192264
"Baseline multiplier 0.1, seed100",isotropic:0.10,2,0.1078322441317141,25.286664479291787,24.71226270192264
"Baseline multiplier 0.1, seed100",isotropic:0.10,2,0.10920054512098432,25.286664479291787,24.71226270192264
"Baseline multiplier 0.1, seed100",isotropic:0.10,2,0.11061073606833816,25.01562436591759,24.71226270192264
"Baseline multiplier 0.1, seed100",isotropic:0.10,2,0.11200789595022798,24.65202869489764,24.71226270192264
"Baseline multiplier 0.1, seed100",isotropic:0.10,2,0.11338154692202806,24.251176368127883,24.71226270192264
"Baseline multiplier 0.1, seed100",isotropic:0.10,2,0.11477399803698063,23.170257204293396,24.71226270192264
"Baseline multiplier 0.1, seed100",isotropic:0.10,2,0.11614675913006067,23.170257204293396,24.71226270192264
"Baseline multiplier 0.1, seed100",isotropic:0.10,2,0.11752447905018926,22.395555799784162,24.71226270192264
"Baseline multiplier 0.1, seed100",isotropic:0.10,2,0.11891462001949549,22.395555799784162,24.71226270192264
"Baseline multiplier 0.1, seed100",isotropic:0.10,2,0.12029930111020803,21.56468309076996,24.71226270192264
"Baseline multiplier 0.1, seed100",multistart,0,0.001604591030627489,2934.6588905989947,24.71226270192264
"Baseline multiplier 0.1, seed100",multistart,0,0.0031691021285951138,830.251042024686,24.71226270192264
"Baseline multiplier 0.1, seed100",multistart,0,0.0045889620669186115,484.73324308747993,24.71226270192264
"Baseline multiplier 0.1, seed100",multistart,0,0.005975702777504921,388.0805900646895,24.71226270192264
"Baseline multiplier 0.1, seed100",multistart,0,0.007361744064837694,354.58387112651155,24.71226270192264
"Baseline multiplier 0.1, seed100",multistart,0,0.008740154094994068,318.8574923346804,24.71226270192264
"Baseline multiplier 0.1, seed100",multistart,0,0.010149674955755472,269.6059188740098,24.71226270192264
"Baseline multiplier 0.1, seed100",multistart,0,0.011528235860168934,211.29291803922672,24.71226270192264
"Baseline multiplier 0.1, seed100",multistart,0,0.012938287109136581,151.31731098782888,24.71226270192264
"Baseline multiplier 0.1, seed100",multistart,0,0.014314317144453526,74.53648261090282,24.71226270192264
"Baseline multiplier 0.1, seed100",multistart,0,0.01568688778206706,29.937685106481652,24.71226270192264
"Baseline multiplier 0.1, seed100",multistart,0,0.01707432884722948,29.937685106481652,24.71226270192264
"Baseline multiplier 0.1, seed100",multistart,0,0.018445448949933052,26.77154596575616,24.71226270192264
"Baseline multiplier 0.1, seed100",multistart,0,0.019820440094918013,26.473335327858116,24.71226270192264
"Baseline multiplier 0.1, seed100",multistart,0,0.02123428089544177,26.2358340712029,24.71226270192264
"Baseline multiplier 0.1, seed100",multistart,0,0.022607121150940657,25.906569456652786,24.71226270192264
"Baseline multiplier 0.1, seed100",multistart,0,0.024003511760383844,25.344545463538264,24.71226270192264
"Baseline multiplier 0.1, seed100",multistart,0,0.025407683104276657,24.37924935292476,24.71226270192264
"Baseline multiplier 0.1, seed100",multistart,0,0.02678575413301587,22.802177303299988,24.71226270192264
"Baseline multiplier 0.1, seed100",multistart,0,0.028164714109152555,20.437571414913045,24.71226270192264
"Baseline multiplier 0.1, seed100",multistart,0,0.0295996549539268,17.499211708187463,24.71226270192264
"Baseline multiplier 0.1, seed100",multistart,0,0.03099377593025565,14.900073671975084,24.71226270192264
"Baseline multiplier 0.1, seed100",multistart,0,0.03240139689296484,13.268741788133271,24.71226270192264
"Baseline multiplier 0.1, seed100",multistart,0,0.03381019691005349,12.58639487930229,24.71226270192264
"Baseline multiplier 0.1, seed100",multistart,0,0.035207128152251244,12.293633772350889,24.71226270192264
"Baseline multiplier 0.1, seed100",multistart,0,0.036586207803338766,12.072549630750956,24.71226270192264
"Baseline multiplier 0.1, seed100",multistart,0,0.037994388956576586,11.949241616847685,24.71226270192264
"Baseline multiplier 0.1, seed100",multistart,0,0.039384250063449144,11.913536931852144,24.71226270192264
"Baseline multiplier 0.1, seed100",multistart,0,0.040755340829491615,11.913536931852144,24.71226270192264
"Baseline multiplier 0.1, seed100",multistart,0,0.042139741126447916,11.893809428253238,24.71226270192264
"Baseline multiplier 0.1, seed100",multistart,0,0.04353310214355588,11.891423725957038,24.71226270192264
"Baseline multiplier 0.1, seed100",multistart,0,0.04492226289585233,11.86671460911409,24.71226270192264
"Baseline multiplier 0.1, seed100",multistart,0,0.04628285299986601,11.86671460911409,24.71226270192264
"Baseline multiplier 0.1, seed100",multistart,0,0.047663673758506775,11.859019939754907,24.71226270192264
"Baseline multiplier 0.1, seed100",multistart,0,0.049093654844909906,11.84950862131396,24.71226270192264
"Baseline multiplier 0.1, seed100",multistart,0,0.05046409508213401,11.84950862131396,24.71226270192264
"Baseline multiplier 0.1, seed100",multistart,0,0.05195147590711713,11.83909562376514,24.71226270192264
"Baseline multiplier 0.1, seed100",multistart,0,0.053475657012313604,11.82982572564402,24.71226270192264
"Baseline multiplier 0.1, seed100",multistart,0,0.055007968097925186,11.815723638084258,24.71226270192264
"Baseline multiplier 0.1, seed100",multistart,0,0.05645308876410127,11.801427165778293,24.71226270192264
"Baseline multiplier 0.1, seed100",multistart,0,0.0578969088383019,11.787622424754591,24.71226270192264
"Baseline multiplier 0.1, seed100",multistart,0,0.05933177983388305,11.775089995508502,24.71226270192264
"Baseline multiplier 0.1, seed100",multistart,0,0.06071222107857466,11.763271510845724,24.71226270192264
"Baseline multiplier 0.1, seed100",multistart,0,0.06221921183168888,11.70428062594602,24.71226270192264
"Baseline multiplier 0.1, seed100",multistart,0,0.06361205177381635,11.70428062594602,24.71226270192264
"Baseline multiplier 0.1, seed100",multistart,0,0.06500006280839443,11.692709628128036,24.71226270192264
"Baseline multiplier 0.1, seed100",multistart,0,0.06638044398277998,11.684763365566344,24.71226270192264
"Baseline multiplier 0.1, seed100",multistart,0,0.06776111386716366,11.672891377112588,24.71226270192264
"Baseline multiplier 0.1, seed100",multistart,0,0.06932364497333765,11.672891377112588,24.71226270192264
"Baseline multiplier 0.1, seed100",multistart,0,0.07071228558197618,11.672891377112588,24.71226270192264
"Baseline multiplier 0.1, seed100",multistart,0,0.0721026067622006,11.672891377112588,24.71226270192264
"Baseline multiplier 0.1, seed100",multistart,0,0.07348414696753025,11.672891377112588,24.71226270192264
"Baseline multiplier 0.1, seed100",multistart,0,0.07489030761644244,11.672891377112588,24.71226270192264
"Baseline multiplier 0.1, seed100",multistart,0,0.07626910880208015,11.672891377112588,24.71226270192264
"Baseline multiplier 0.1, seed100",multistart,0,0.07764680963009596,11.672891377112588,24.71226270192264
"Baseline multiplier 0.1, seed100",multistart,0,0.0790468999184668,11.672891377112588,24.71226270192264
"Baseline multiplier 0.1, seed100",multistart,0,0.0804394306614995,11.672891377112588,24.71226270192264
"Baseline multiplier 0.1, seed100",multistart,0,0.08183136070147157,11.672891377112588,24.71226270192264
"Baseline multiplier 0.1, seed100",multistart,0,0.08321710163727403,11.672891377112588,24.71226270192264
"Baseline multiplier 0.1, seed100",multistart,0,0.08459507301449776,11.672891377112588,24.71226270192264
"Baseline multiplier 0.1, seed100",multistart,0,0.08599222358316183,11.672891377112588,24.71226270192264
"Baseline multiplier 0.1, seed100",multistart,0,0.08737472398206592,11.672891377112588,24.71226270192264
"Baseline multiplier 0.1, seed100",multistart,0,0.08877605479210615,11.672891377112588,24.71226270192264
"Baseline multiplier 0.1, seed100",multistart,0,0.0902117658406496,11.672891377112588,24.71226270192264
"Baseline multiplier 0.1, seed100",multistart,0,0.09158700658008456,11.672891377112588,24.71226270192264
"Baseline multiplier 0.1, seed100",multistart,0,0.09301262674853206,11.672891377112588,24.71226270192264
"Baseline multiplier 0.1, seed100",multistart,0,0.09441890800371766,11.672891377112588,24.71226270192264
"Baseline multiplier 0.1, seed100",multistart,0,0.09580346895381808,11.672891377112588,24.71226270192264
"Baseline multiplier 0.1, seed100",multistart,0,0.09723814902827144,11.672891377112588,24.71226270192264
"Baseline multiplier 0.1, seed100",multistart,0,0.09862156957387924,11.672891377112588,24.71226270192264
"Baseline multiplier 0.1, seed100",multistart,0,0.10001168074086308,11.672891377112588,24.71226270192264
"Baseline multiplier 0.1, seed100",multistart,0,0.10138468164950609,11.672891377112588,24.71226270192264
"Baseline multiplier 0.1, seed100",multistart,0,0.10278339171782136,11.672891377112588,24.71226270192264
"Baseline multiplier 0.1, seed100",multistart,0,0.10422888258472085,11.672891377112588,24.71226270192264
"Baseline multiplier 0.1, seed100",multistart,0,0.10563239362090826,11.672891377112588,24.71226270192264
"Baseline multiplier 0.1, seed100",multistart,0,0.10701482370495796,11.672891377112588,24.71226270192264
"Baseline multiplier 0.1, seed100",multistart,0,0.10838380502536893,11.672891377112588,24.71226270192264
"Baseline multiplier 0.1, seed100",multistart,0,0.10976911569014192,11.672891377112588,24.71226270192264
"Baseline multiplier 0.1, seed100",multistart,0,0.1111649558879435,11.672891377112588,24.71226270192264
"Baseline multiplier 0.1, seed100",multistart,0,0.11253582686185837,11.672891377112588,24.71226270192264
"Baseline multiplier 0.1, seed100",multistart,0,0.1139246178790927,11.672891377112588,24.71226270192264
"Baseline multiplier 0.1, seed100",multistart,0,0.11531274858862162,11.672891377112588,24.71226270192264
"Baseline multiplier 0.1, seed100",multistart,0,0.1166932387277484,11.672891377112588,24.71226270192264
"Baseline multiplier 0.1, seed100",multistart,0,0.11806173995137215,11.672891377112588,24.71226270192264
"Baseline multiplier 0.1, seed100",multistart,0,0.11942062061280012,11.672891377112588,24.71226270192264
"Baseline multiplier 0.1, seed100",multistart,0,0.12080559181049466,11.672891377112588,24.71226270192264
"Baseline multiplier 0.1, seed100",multistart,0,0.12218296201899648,11.672891377112588,24.71226270192264
"Baseline multiplier 0.1, seed100",multistart,0,0.12355443276464939,11.672891377112588,24.71226270192264
"Baseline multiplier 0.1, seed100",multistart,0,0.12494538258761168,11.672891377112588,24.71226270192264
"Baseline multiplier 0.1, seed100",multistart,0,0.12633233377709985,11.672891377112588,24.71226270192264
"Baseline multiplier 0.1, seed100",multistart,0,0.12770794471725821,11.672891377112588,24.71226270192264
"Baseline multiplier 0.1, seed100",multistart,0,0.12910064589232206,11.672891377112588,24.71226270192264
"Baseline multiplier 0.1, seed100",multistart,0,0.1304659959860146,11.672891377112588,24.71226270192264
"Baseline multiplier 0.1, seed100",multistart,0,0.13184124696999788,11.672891377112588,24.71226270192264
"Baseline multiplier 0.1, seed100",multistart,0,0.1332157775759697,11.672891377112588,24.71226270192264
"Baseline multiplier 0.1, seed100",multistart,0,0.134584107901901,11.671793914460915,24.71226270192264
"Baseline multiplier 0.1, seed100",multistart,1,0.0014183809980750084,2934.6588905989947,24.71226270192264
"Baseline multiplier 0.1, seed100",multistart,1,0.0028105820529162884,830.251042024686,24.71226270192264
"Baseline multiplier 0.1, seed100",multistart,1,0.004223183263093233,484.73324308747993,24.71226270192264
"Baseline multiplier 0.1, seed100",multistart,1,0.005742293316870928,388.0805900646895,24.71226270192264
"Baseline multiplier 0.1, seed100",multistart,1,0.007139634341001511,354.58387112651155,24.71226270192264
"Baseline multiplier 0.1, seed100",multistart,1,0.008530705235898495,318.8574923346804,24.71226270192264
"Baseline multiplier 0.1, seed100",multistart,1,0.0099316262640059,269.6059188740098,24.71226270192264
"Baseline multiplier 0.1, seed100",multistart,1,0.011313296388834715,211.29291803922672,24.71226270192264
"Baseline multiplier 0.1, seed100",multistart,1,0.01272977702319622,151.31731098782888,24.71226270192264
"Baseline multiplier 0.1, seed100",multistart,1,0.014134788420051336,74.53648261090282,24.71226270192264
"Baseline multiplier 0.1, seed100",multistart,1,0.015506488271057606,29.937685106481652,24.71226270192264
"Baseline multiplier 0.1, seed100",multistart,1,0.016875069122761488,29.937685106481652,24.71226270192264
"Baseline multiplier 0.1, seed100",multistart,1,0.01826655026525259,26.77154596575616,24.71226270192264
"Baseline multiplier 0.1, seed100",multistart,1,0.019643460400402546,26.473335327858116,24.71226270192264
"Baseline multiplier 0.1, seed100",multistart,1,0.021033531054854393,26.2358340712029,24.71226270192264
"Baseline multiplier 0.1, seed100",multistart,1,0.02241968223825097,25.906569456652786,24.71226270192264
"Baseline multiplier 0.1, seed100",multistart,1,0.023786473087966442,25.344545463538264,24.71226270192264
"Baseline multiplier 0.1, seed100",multistart,1,0.025170823093503714,24.37924935292476,24.71226270192264
"Baseline multiplier 0.1, seed100",multistart,1,0.02655939431861043,22.802177303299988,24.71226270192264
"Baseline multiplier 0.1, seed100",multistart,1,0.027972035109996796,20.437571414913045,24.71226270192264
"Baseline multiplier 0.1, seed100",multistart,1,0.029356885235756636,17.499211708187463,24.71226270192264
"Baseline multiplier 0.1, seed100",multistart,1,0.030740216374397278,14.900073671975084,24.71226270192264
"Baseline multiplier 0.1, seed100",multistart,1,0.03212650725618005,13.268741788133271,24.71226270192264
"Baseline multiplier 0.1, seed100",multistart,1,0.033542427234351635,12.58639487930229,24.71226270192264
"Baseline multiplier 0.1, seed100",multistart,1,0.0349370283074677,12.293633772350889,24.71226270192264
"Baseline multiplier 0.1, seed100",multistart,1,0.03631698898971081,12.072549630750956,24.71226270192264
"Baseline multiplier 0.1, seed100",multistart,1,0.037696230225265026,11.949241616847685,24.71226270192264
"Baseline multiplier 0.1, seed100",multistart,1,0.03908699005842209,11.913536931852144,24.71226270192264
"Baseline multiplier 0.1, seed100",multistart,1,0.040459911338984966,11.913536931852144,24.71226270192264
"Baseline multiplier 0.1, seed100",multistart,1,0.0418339422903955,11.893809428253238,24.71226270192264
"Baseline multiplier 0.1, seed100",multistart,1,0.043245002161711454,11.891423725957038,24.71226270192264
"Baseline multiplier 0.1, seed100",multistart,1,0.044624113012105227,11.86671460911409,24.71226270192264
"Baseline multiplier 0.1, seed100",multistart,1,0.046024414245039225,11.86671460911409,24.71226270192264
"Baseline multiplier 0.1, seed100",multistart,1,0.04743220517411828,11.859019939754907,24.71226270192264
"Baseline multiplier 0.1, seed100",multistart,1,0.04883010499179363,11.84950862131396,24.71226270192264
"Baseline multiplier 0.1, seed100",multistart,1,0.05022257613018155,11.84950862131396,24.71226270192264
"Baseline multiplier 0.1, seed100",multistart,1,0.051593967247754335,11.83909562376514,24.71226270192264
"Baseline multiplier 0.1, seed100",multistart,1,0.05310615710914135,11.82982572564402,24.71226270192264
"Baseline multiplier 0.1, seed100",multistart,1,0.05450403830036521,11.815723638084258,24.71226270192264
"Baseline multiplier 0.1, seed100",multistart,1,0.055882749147713184,11.801427165778293,24.71226270192264
"Baseline multiplier 0.1, seed100",multistart,1,0.057272210251539946,11.787622424754591,24.71226270192264
"Baseline multiplier 0.1, seed100",multistart,1,0.05866806022822857,11.775089995508502,24.71226270192264
"Baseline multiplier 0.1, seed100",multistart,1,0.06006457097828388,11.763271510845724,24.71226270192264
"Baseline multiplier 0.1, seed100",multistart,1,0.061457382049411535,11.70428062594602,24.71226270192264
"Baseline multiplier 0.1, seed100",multistart,1,0.06283221207559109,11.70428062594602,24.71226270192264
"Baseline multiplier 0.1, seed100",multistart,1,0.06422823341563344,11.692709628128036,24.71226270192264
"Baseline multiplier 0.1, seed100",multistart,1,0.06564703397452831,11.684763365566344,24.71226270192264
"Baseline multiplier 0.1, seed100",multistart,1,0.06703288527205586,11.672891377112588,24.71226270192264
"Baseline multiplier 0.1, seed100",multistart,1,0.06859000539407134,11.672891377112588,24.71226270192264
"Baseline multiplier 0.1, seed100",multistart,1,0.06998610636219382,11.672891377112588,24.71226270192264
"Baseline multiplier 0.1, seed100",multistart,1,0.0713761174120009,11.672891377112588,24.71226270192264
"Baseline multiplier 0.1, seed100",multistart,1,0.07275558821856976,11.672891377112588,24.71226270192264
"Baseline multiplier 0.1, seed100",multistart,1,0.07424758840352297,11.672891377112588,24.71226270192264
"Baseline multiplier 0.1, seed100",multistart,1,0.07563121942803264,11.672891377112588,24.71226270192264
"Baseline multiplier 0.1, seed100",multistart,1,0.077081180177629,11.672891377112588,24.71226270192264
"Baseline multiplier 0.1, seed100",multistart,1,0.07846133038401604,11.672891377112588,24.71226270192264
"Baseline multiplier 0.1, seed100",multistart,1,0.07987848110496998,11.672891377112588,24.71226270192264
"Baseline multiplier 0.1, seed100",multistart,1,0.08135875221341848,11.672891377112588,24.71226270192264
"Baseline multiplier 0.1, seed100",multistart,1,0.08274336345493793,11.672891377112588,24.71226270192264
"Baseline multiplier 0.1, seed100",multistart,1,0.08412440307438374,11.672891377112588,24.71226270192264
"Baseline multiplier 0.1, seed100",multistart,1,0.08551585441455245,11.672891377112588,24.71226270192264
"Baseline multiplier 0.1, seed100",multistart,1,0.08690464543178678,11.672891377112588,24.71226270192264
"Baseline multiplier 0.1, seed100",multistart,1,0.08830720512196422,11.672891377112588,24.71226270192264
"Baseline multiplier 0.1, seed100",multistart,1,0.08968398626893759,11.672891377112588,24.71226270192264
"Baseline multiplier 0.1, seed100",multistart,1,0.09110567718744278,11.672891377112588,24.71226270192264
"Baseline multiplier 0.1, seed100",multistart,1,0.09249516716226935,11.672891377112588,24.71226270192264
"Baseline multiplier 0.1, seed100",multistart,1,0.09401504835113883,11.672891377112588,24.71226270192264
"Baseline multiplier 0.1, seed100",multistart,1,0.09543754905462265,11.672891377112588,24.71226270192264
"Baseline multiplier 0.1, seed100",multistart,1,0.09704264020547271,11.672891377112588,24.71226270192264
"Baseline multiplier 0.1, seed100",multistart,1,0.0984385502524674,11.672891377112588,24.71226270192264
"Baseline multiplier 0.1, seed100",multistart,1,0.09983930131420493,11.672891377112588,24.71226270192264
"Baseline multiplier 0.1, seed100",multistart,1,0.1012224922887981,11.672891377112588,24.71226270192264
"Baseline multiplier 0.1, seed100",multistart,1,0.10259923338890076,11.672891377112588,24.71226270192264
"Baseline multiplier 0.1, seed100",multistart,1,0.10397684341296554,11.672891377112588,24.71226270192264
"Baseline multiplier 0.1, seed100",multistart,1,0.10535181406885386,11.672891377112588,24.71226270192264
"Baseline multiplier 0.1, seed100",multistart,1,0.10681808507069945,11.672891377112588,24.71226270192264
"Baseline multiplier 0.1, seed100",multistart,1,0.10821305541321635,11.672891377112588,24.71226270192264
"Baseline multiplier 0.1, seed100",multistart,1,0.10960198612883687,11.672891377112588,24.71226270192264
"Baseline multiplier 0.1, seed100",multistart,1,0.11100764712318778,11.672891377112588,24.71226270192264
"Baseline multiplier 0.1, seed100",multistart,1,0.11237996816635132,11.672891377112588,24.71226270192264
"Baseline multiplier 0.1, seed100",multistart,1,0.11375475814566016,11.672891377112588,24.71226270192264
"Baseline multiplier 0.1, seed100",multistart,1,0.1151445391587913,11.672891377112588,24.71226270192264
"Baseline multiplier 0.1, seed100",multistart,1,0.11656470037996769,11.672891377112588,24.71226270192264
"Baseline multiplier 0.1, seed100",multistart,1,0.11795134004205465,11.672891377112588,24.71226270192264
"Baseline multiplier 0.1, seed100",multistart,1,0.11932680103927851,11.672891377112588,24.71226270192264
"Baseline multiplier 0.1, seed100",multistart,1,0.12070158217102289,11.672891377112588,24.71226270192264
"Baseline multiplier 0.1, seed100",multistart,1,0.12208163319155574,11.672891377112588,24.71226270192264
"Baseline multiplier 0.1, seed100",multistart,1,0.12345659313723445,11.672891377112588,24.71226270192264
"Baseline multiplier 0.1, seed100",multistart,1,0.12486239429563284,11.672891377112588,24.71226270192264
"Baseline multiplier 0.1, seed100",multistart,1,0.12624370539560914,11.672891377112588,24.71226270192264
"Baseline multiplier 0.1, seed100",multistart,1,0.12763838516548276,11.672891377112588,24.71226270192264
"Baseline multiplier 0.1, seed100",multistart,1,0.1290301661938429,11.672891377112588,24.71226270192264
"Baseline multiplier 0.1, seed100",multistart,1,0.13041411712765694,11.672891377112588,24.71226270192264
"Baseline multiplier 0.1, seed100",multistart,1,0.13182010734453797,11.672891377112588,24.71226270192264
"Baseline multiplier 0.1, seed100",multistart,1,0.13322280813008547,11.672891377112588,24.71226270192264
"Baseline multiplier 0.1, seed100",multistart,1,0.13458624947816133,11.671793914460915,24.71226270192264
"Baseline multiplier 0.1, seed100",multistart,2,0.0014256909489631653,2934.6588905989947,24.71226270192264
"Baseline multiplier 0.1, seed100",multistart,2,0.00282841082662344,830.251042024686,24.71226270192264
"Baseline multiplier 0.1, seed100",multistart,2,0.004323661793023348,484.73324308747993,24.71226270192264
"Baseline multiplier 0.1, seed100",multistart,2,0.005719583015888929,388.0805900646895,24.71226270192264
"Baseline multiplier 0.1, seed100",multistart,2,0.007205113768577576,354.58387112651155,24.71226270192264
"Baseline multiplier 0.1, seed100",multistart,2,0.008652593940496445,318.8574923346804,24.71226270192264
"Baseline multiplier 0.1, seed100",multistart,2,0.010137964971363544,269.6059188740098,24.71226270192264
"Baseline multiplier 0.1, seed100",multistart,2,0.011529426090419292,211.29291803922672,24.71226270192264
"Baseline multiplier 0.1, seed100",multistart,2,0.012932235840708017,151.31731098782888,24.71226270192264
"Baseline multiplier 0.1, seed100",multistart,2,0.014328957069665194,74.53648261090282,24.71226270192264
"Baseline multiplier 0.1, seed100",multistart,2,0.01571581792086363,29.937685106481652,24.71226270192264
"Baseline multiplier 0.1, seed100",multistart,2,0.017124188132584095,29.937685106481652,24.71226270192264
"Baseline multiplier 0.1, seed100",multistart,2,0.018586028832942247,26.77154596575616,24.71226270192264
"Baseline multiplier 0.1, seed100",multistart,2,0.02005357015877962,26.473335327858116,24.71226270192264
"Baseline multiplier 0.1, seed100",multistart,2,0.021622650790959597,26.2358340712029,24.71226270192264
"Baseline multiplier 0.1, seed100",multistart,2,0.02308748196810484,25.906569456652786,24.71226270192264
"Baseline multiplier 0.1, seed100",multistart,2,0.02448438201099634,25.344545463538264,24.71226270192264
"Baseline multiplier 0.1, seed100",multistart,2,0.025939693208783865,24.37924935292476,24.71226270192264
"Baseline multiplier 0.1, seed100",multistart,2,0.02752278419211507,22.802177303299988,24.71226270192264
"Baseline multiplier 0.1, seed100",multistart,2,0.02900231396779418,20.437571414913045,24.71226270192264
"Baseline multiplier 0.1, seed100",multistart,2,0.030402175150811672,17.499211708187463,24.71226270192264
"Baseline multiplier 0.1, seed100",multistart,2,0.03184627601876855,14.900073671975084,24.71226270192264
"Baseline multiplier 0.1, seed100",multistart,2,0.033254857175052166,13.268741788133271,24.71226270192264
"Baseline multiplier 0.1, seed100",multistart,2,0.03466873709112406,12.58639487930229,24.71226270192264
"Baseline multiplier 0.1, seed100",multistart,2,0.036055338103324175,12.293633772350889,24.71226270192264
"Baseline multiplier 0.1, seed100",multistart,2,0.03743716888129711,12.072549630750956,24.71226270192264
"Baseline multiplier 0.1, seed100",multistart,2,0.03880881005898118,11.949241616847685,24.71226270192264
"Baseline multiplier 0.1, seed100",multistart,2,0.04019550979137421,11.913536931852144,24.71226270192264
"Baseline multiplier 0.1, seed100",multistart,2,0.04155833087861538,11.913536931852144,24.71226270192264
"Baseline multiplier 0.1, seed100",multistart,2,0.04292497178539634,11.893809428253238,24.71226270192264
"Baseline multiplier 0.1, seed100",multistart,2,0.044308632146567106,11.891423725957038,24.71226270192264
"Baseline multiplier 0.1, seed100",multistart,2,0.045682922936975956,11.86671460911409,24.71226270192264
"Baseline multiplier 0.1, seed100",multistart,2,0.04705131379887462,11.86671460911409,24.71226270192264
"Baseline multiplier 0.1, seed100",multistart,2,0.048474124167114496,11.859019939754907,24.71226270192264
"Baseline multiplier 0.1, seed100",multistart,2,0.04984632506966591,11.84950862131396,24.71226270192264
"Baseline multiplier 0.1, seed100",multistart,2,0.05127196619287133,11.84950862131396,24.71226270192264
"Baseline multiplier 0.1, seed100",multistart,2,0.05264704721048474,11.83909562376514,24.71226270192264
"Baseline multiplier 0.1, seed100",multistart,2,0.054038676898926497,11.82982572564402,24.71226270192264
"Baseline multiplier 0.1, seed100",multistart,2,0.05542209791019559,11.815723638084258,24.71226270192264
"Baseline multiplier 0.1, seed100",multistart,2,0.05680912919342518,11.801427165778293,24.71226270192264
"Baseline multiplier 0.1, seed100",multistart,2,0.05824584886431694,11.787622424754591,24.71226270192264
"Baseline multiplier 0.1, seed100",multistart,2,0.059662289917469025,11.775089995508502,24.71226270192264
"Baseline multiplier 0.1, seed100",multistart,2,0.06106737116351724,11.763271510845724,24.71226270192264
"Baseline multiplier 0.1, seed100",multistart,2,0.06256033200770617,11.70428062594602,24.71226270192264
"Baseline multiplier 0.1, seed100",multistart,2,0.06394967203959823,11.70428062594602,24.71226270192264
"Baseline multiplier 0.1, seed100",multistart,2,0.06535265315324068,11.692709628128036,24.71226270192264
"Baseline multiplier 0.1, seed100",multistart,2,0.06678547384217381,11.684763365566344,24.71226270192264
"Baseline multiplier 0.1, seed100",multistart,2,0.06817029509693384,11.672891377112588,24.71226270192264
"Baseline multiplier 0.1, seed100",multistart,2,0.06972782593220472,11.672891377112588,24.71226270192264
"Baseline multiplier 0.1, seed100",multistart,2,0.0711214761249721,11.672891377112588,24.71226270192264
"Baseline multiplier 0.1, seed100",multistart,2,0.07249159691855311,11.672891377112588,24.71226270192264
"Baseline multiplier 0.1, seed100",multistart,2,0.07396899722516537,11.672891377112588,24.71226270192264
"Baseline multiplier 0.1, seed100",multistart,2,0.0753708379343152,11.672891377112588,24.71226270192264
"Baseline multiplier 0.1, seed100",multistart,2,0.07676110928878188,11.672891377112588,24.71226270192264
"Baseline multiplier 0.1, seed100",multistart,2,0.07815980026498437,11.672891377112588,24.71226270192264
"Baseline multiplier 0.1, seed100",multistart,2,0.07954123988747597,11.672891377112588,24.71226270192264
"Baseline multiplier 0.1, seed100",multistart,2,0.08091536117717624,11.672891377112588,24.71226270192264
"Baseline multiplier 0.1, seed100",multistart,2,0.0822902019135654,11.672891377112588,24.71226270192264
"Baseline multiplier 0.1, seed100",multistart,2,0.08365646190941334,11.672891377112588,24.71226270192264
"Baseline multiplier 0.1, seed100",multistart,2,0.08503804309293628,11.672891377112588,24.71226270192264
"Baseline multiplier 0.1, seed100",multistart,2,0.08645716402679682,11.672891377112588,24.71226270192264
"Baseline multiplier 0.1, seed100",multistart,2,0.08783641504123807,11.672891377112588,24.71226270192264
"Baseline multiplier 0.1, seed100",multistart,2,0.08922976488247514,11.672891377112588,24.71226270192264
"Baseline multiplier 0.1, seed100",multistart,2,0.09061139589175582,11.672891377112588,24.71226270192264
"Baseline multiplier 0.1, seed100",multistart,2,0.09200681699439883,11.672891377112588,24.71226270192264
"Baseline multiplier 0.1, seed100",multistart,2,0.09342691721394658,11.672891377112588,24.71226270192264
"Baseline multiplier 0.1, seed100",multistart,2,0.0948030580766499,11.672891377112588,24.71226270192264
"Baseline multiplier 0.1, seed100",multistart,2,0.09620800893753767,11.672891377112588,24.71226270192264
"Baseline multiplier 0.1, seed100",multistart,2,0.09759435011073947,11.672891377112588,24.71226270192264
"Baseline multiplier 0.1, seed100",multistart,2,0.09898322029039264,11.672891377112588,24.71226270192264
"Baseline multiplier 0.1, seed100",multistart,2,0.10038233129307628,11.672891377112588,24.71226270192264
"Baseline multiplier 0.1, seed100",multistart,2,0.10176599118858576,11.672891377112588,24.71226270192264
"Baseline multiplier 0.1, seed100",multistart,2,0.10314725199714303,11.672891377112588,24.71226270192264
"Baseline multiplier 0.1, seed100",multistart,2,0.10455506294965744,11.672891377112588,24.71226270192264
"Baseline multiplier 0.1, seed100",multistart,2,0.10594710428267717,11.672891377112588,24.71226270192264
"Baseline multiplier 0.1, seed100",multistart,2,0.1077916850335896,11.672891377112588,24.71226270192264
"Baseline multiplier 0.1, seed100",multistart,2,0.10924496594816446,11.672891377112588,24.71226270192264
"Baseline multiplier 0.1, seed100",multistart,2,0.11065862607210875,11.672891377112588,24.71226270192264
"Baseline multiplier 0.1, seed100",multistart,2,0.11205744696781039,11.672891377112588,24.71226270192264
"Baseline multiplier 0.1, seed100",multistart,2,0.1134627079591155,11.672891377112588,24.71226270192264
"Baseline multiplier 0.1, seed100",multistart,2,0.11483316821977496,11.672891377112588,24.71226270192264
"Baseline multiplier 0.1, seed100",multistart,2,0.11623093904927373,11.672891377112588,24.71226270192264
"Baseline multiplier 0.1, seed100",multistart,2,0.11761743994429708,11.672891377112588,24.71226270192264
"Baseline multiplier 0.1, seed100",multistart,2,0.11899392027407885,11.672891377112588,24.71226270192264
"Baseline multiplier 0.1, seed100",multistart,2,0.12045462103560567,11.672891377112588,24.71226270192264
"Baseline multiplier 0.1, seed100",multistart,2,0.12186926230788231,11.672891377112588,24.71226270192264
"Baseline multiplier 0.1, seed100",multistart,2,0.12324912287294865,11.672891377112588,24.71226270192264
"Baseline multiplier 0.1, seed100",multistart,2,0.12471888307482004,11.672891377112588,24.71226270192264
"Baseline multiplier 0.1, seed100",multistart,2,0.12621686421334743,11.672891377112588,24.71226270192264
"Baseline multiplier 0.1, seed100",multistart,2,0.12761348485946655,11.672891377112588,24.71226270192264
"Baseline multiplier 0.1, seed100",multistart,2,0.12913323612883687,11.672891377112588,24.71226270192264
"Baseline multiplier 0.1, seed100",multistart,2,0.13060261588543653,11.672891377112588,24.71226270192264
"Baseline multiplier 0.1, seed100",multistart,2,0.1320984372869134,11.672891377112588,24.71226270192264
"Baseline multiplier 0.1, seed100",multistart,2,0.13357285829260945,11.672891377112588,24.71226270192264
"Baseline multiplier 0.1, seed100",multistart,2,0.13498096819967031,11.672891377112588,24.71226270192264
"Baseline multiplier 0.1, seed100",multistart,2,0.1364247789606452,11.671793914460915,24.71226270192264
"Baseline multiplier 1, seed100",ordinary,0,0.0014261407777667046,1349274.5975423618,154.472906076652
"Baseline multiplier 1, seed100",ordinary,0,0.0028191721066832542,311406.11292469443,154.472906076652
"Baseline multiplier 1, seed100",ordinary,0,0.004209142178297043,79264.57520366379,154.472906076652
"Baseline multiplier 1, seed100",ordinary,0,0.005607972852885723,21080.113543469623,154.472906076652
"Baseline multiplier 1, seed100",ordinary,0,0.006995994132012129,4024.0902369436303,154.472906076652
"Baseline multiplier 1, seed100",ordinary,0,0.008418465033173561,646.0968661889601,154.472906076652
"Baseline multiplier 1, seed100",ordinary,0,0.009833615738898516,122.31215161503069,154.472906076652
"Baseline multiplier 1, seed100",ordinary,0,0.011217785999178886,31.503782789446742,154.472906076652
"Baseline multiplier 1, seed100",ordinary,0,0.01261928677558899,18.994736221510134,154.472906076652
"Baseline multiplier 1, seed100",ordinary,0,0.014005657751113176,17.044074857319497,154.472906076652
"Baseline multiplier 1, seed100",ordinary,0,0.01540009817108512,16.104405504921004,154.472906076652
"Baseline multiplier 1, seed100",ordinary,0,0.016787198837846518,15.383213314169597,154.472906076652
"Baseline multiplier 1, seed100",ordinary,0,0.01817347016185522,15.376412409753094,154.472906076652
"Baseline multiplier 1, seed100",ordinary,0,0.019559429958462715,15.371351619186495,154.472906076652
"Baseline multiplier 1, seed100",ordinary,0,0.020937650930136442,15.361621236098832,154.472906076652
"Baseline multiplier 1, seed100",ordinary,0,0.02231789194047451,15.342487963118648,154.472906076652
"Baseline multiplier 1, seed100",ordinary,0,0.02372922282665968,15.305212789991801,154.472906076652
"Baseline multiplier 1, seed100",ordinary,0,0.025135512929409742,15.233619939075167,154.472906076652
"Baseline multiplier 1, seed100",ordinary,0,0.026534583885222673,15.098189131972493,154.472906076652
"Baseline multiplier 1, seed100",ordinary,0,0.027920654974877834,14.847521328859067,154.472906076652
"Baseline multiplier 1, seed100",ordinary,0,0.029303434770554304,14.40953841554642,154.472906076652
"Baseline multiplier 1, seed100",ordinary,0,0.03069516597315669,13.75353550788805,154.472906076652
"Baseline multiplier 1, seed100",ordinary,0,0.03209248697385192,13.061313744116555,154.472906076652
"Baseline multiplier 1, seed100",ordinary,0,0.03347916714847088,12.525890336064922,154.472906076652
"Baseline multiplier 1, seed100",ordinary,0,0.03486517816781998,11.83400820768028,154.472906076652
"Baseline multiplier 1, seed100",ordinary,0,0.0362515589222312,11.686334359322496,154.472906076652
"Baseline multiplier 1, seed100",ordinary,0,0.037647319957613945,11.63796990970688,154.472906076652
"Baseline multiplier 1, seed100",ordinary,0,0.03902769973501563,11.634448607631082,154.472906076652
"Baseline multiplier 1, seed100",ordinary,0,0.04042087076231837,11.634394695388062,154.472906076652
"Baseline multiplier 1, seed100",ordinary,0,0.041825261898338795,11.634394425446231,154.472906076652
"Baseline multiplier 1, seed100",ordinary,0,0.043211122043430805,11.63439442498909,154.472906076652
"Baseline multiplier 1, seed100",ordinary,0,0.04459469299763441,11.634394424988757,154.472906076652
"Baseline multiplier 1, seed100",ordinary,0,0.045969604048877954,11.634394424988757,154.472906076652
"Baseline multiplier 1, seed100",ordinary,0,0.0473461439833045,11.634394424988757,154.472906076652
"Baseline multiplier 1, seed100",ordinary,0,0.048732314724475145,11.634394424988757,154.472906076652
"Baseline multiplier 1, seed100",ordinary,0,0.05009904596954584,11.634394424988757,154.472906076652
"Baseline multiplier 1, seed100",ordinary,0,0.05149008706212044,11.634394424988757,154.472906076652
"Baseline multiplier 1, seed100",ordinary,0,0.05287031689658761,11.634394424988757,154.472906076652
"Baseline multiplier 1, seed100",ordinary,0,0.05425428785383701,11.634394424988757,154.472906076652
"Baseline multiplier 1, seed100",ordinary,0,0.055639308877289295,11.634394424988757,154.472906076652
"Baseline multiplier 1, seed100",ordinary,0,0.05702952016144991,11.634394424988757,154.472906076652
"Baseline multiplier 1, seed100",ordinary,0,0.05842249980196357,11.634394424988757,154.472906076652
"Baseline multiplier 1, seed100",ordinary,0,0.059796060901135206,11.634394424988757,154.472906076652
"Baseline multiplier 1, seed100",ordinary,0,0.061164301820099354,11.634394424988757,154.472906076652
"Baseline multiplier 1, seed100",ordinary,0,0.06254477193579078,11.634394424988757,154.472906076652
"Baseline multiplier 1, seed100",ordinary,0,0.06391838286072016,11.634394424988757,154.472906076652
"Baseline multiplier 1, seed100",ordinary,0,0.06530166417360306,11.634394424988757,154.472906076652
"Baseline multiplier 1, seed100",ordinary,0,0.06668591406196356,11.634394424988757,154.472906076652
"Baseline multiplier 1, seed100",ordinary,1,0.001428461167961359,1349274.5975423618,154.472906076652
"Baseline multiplier 1, seed100",ordinary,1,0.002826021984219551,311406.11292469443,154.472906076652
"Baseline multiplier 1, seed100",ordinary,1,0.0042390720918774605,79264.57520366379,154.472906076652
"Baseline multiplier 1, seed100",ordinary,1,0.005621083080768585,21080.113543469623,154.472906076652
"Baseline multiplier 1, seed100",ordinary,1,0.007002093829214573,4024.0902369436303,154.472906076652
"Baseline multiplier 1, seed100",ordinary,1,0.008398693986237049,646.0968661889601,154.472906076652
"Baseline multiplier 1, seed100",ordinary,1,0.009792325086891651,122.31215161503069,154.472906076652
"Baseline multiplier 1, seed100",ordinary,1,0.011190925724804401,31.503782789446742,154.472906076652
"Baseline multiplier 1, seed100",ordinary,1,0.012598376721143723,18.994736221510134,154.472906076652
"Baseline multiplier 1, seed100",ordinary,1,0.01398129714652896,17.044074857319497,154.472906076652
"Baseline multiplier 1, seed100",ordinary,1,0.015397587791085243,16.104405504921004,154.472906076652
"Baseline multiplier 1, seed100",ordinary,1,0.016795339062809944,15.383213314169597,154.472906076652
"Baseline multiplier 1, seed100",ordinary,1,0.01820020889863372,15.376412409753094,154.472906076652
"Baseline multiplier 1, seed100",ordinary,1,0.01959432987496257,15.371351619186495,154.472906076652
"Baseline multiplier 1, seed100",ordinary,1,0.021002900786697865,15.361621236098832,154.472906076652
"Baseline multiplier 1, seed100",ordinary,1,0.022401921916753054,15.342487963118648,154.472906076652
"Baseline multiplier 1, seed100",ordinary,1,0.02378666214644909,15.305212789991801,154.472906076652
"Baseline multiplier 1, seed100",ordinary,1,0.02517914306372404,15.233619939075167,154.472906076652
"Baseline multiplier 1, seed100",ordinary,1,0.02656663302332163,15.098189131972493,154.472906076652
"Baseline multiplier 1, seed100",ordinary,1,0.027949053794145584,14.847521328859067,154.472906076652
"Baseline multiplier 1, seed100",ordinary,1,0.029349585063755512,14.40953841554642,154.472906076652
"Baseline multiplier 1, seed100",ordinary,1,0.030743576120585203,13.75353550788805,154.472906076652
"Baseline multiplier 1, seed100",ordinary,1,0.0321449670009315,13.061313744116555,154.472906076652
"Baseline multiplier 1, seed100",ordinary,1,0.0335372369736433,12.525890336064922,154.472906076652
"Baseline multiplier 1, seed100",ordinary,1,0.03492369782179594,11.83400820768028,154.472906076652
"Baseline multiplier 1, seed100",ordinary,1,0.03632607916370034,11.686334359322496,154.472906076652
"Baseline multiplier 1, seed100",ordinary,1,0.03770237881690264,11.63796990970688,154.472906076652
"Baseline multiplier 1, seed100",ordinary,1,0.03908716980367899,11.634448607631082,154.472906076652
"Baseline multiplier 1, seed100",ordinary,1,0.040459441021084785,11.634394695388062,154.472906076652
"Baseline multiplier 1, seed100",ordinary,1,0.04183579096570611,11.634394425446231,154.472906076652
"Baseline multiplier 1, seed100",ordinary,1,0.04323597205802798,11.63439442498909,154.472906076652
"Baseline multiplier 1, seed100",ordinary,1,0.04461446311324835,11.634394424988757,154.472906076652
"Baseline multiplier 1, seed100",ordinary,1,0.045993734151124954,11.634394424988757,154.472906076652
"Baseline multiplier 1, seed100",ordinary,1,0.04737911373376846,11.634394424988757,154.472906076652
"Baseline multiplier 1, seed100",ordinary,1,0.04874561494216323,11.634394424988757,154.472906076652
"Baseline multiplier 1, seed100",ordinary,1,0.05013178614899516,11.634394424988757,154.472906076652
"Baseline multiplier 1, seed100",ordinary,1,0.05150297610089183,11.634394424988757,154.472906076652
"Baseline multiplier 1, seed100",ordinary,1,0.052873277105391026,11.634394424988757,154.472906076652
"Baseline multiplier 1, seed100",ordinary,1,0.05425432790070772,11.634394424988757,154.472906076652
"Baseline multiplier 1, seed100",ordinary,1,0.05562600772827864,11.634394424988757,154.472906076652
"Baseline multiplier 1, seed100",ordinary,1,0.056992978788912296,11.634394424988757,154.472906076652
"Baseline multiplier 1, seed100",ordinary,1,0.058371949940919876,11.634394424988757,154.472906076652
"Baseline multiplier 1, seed100",ordinary,1,0.05974998977035284,11.634394424988757,154.472906076652
"Baseline multiplier 1, seed100",ordinary,1,0.061129720881581306,11.634394424988757,154.472906076652
"Baseline multiplier 1, seed100",ordinary,1,0.0625027921050787,11.634394424988757,154.472906076652
"Baseline multiplier 1, seed100",ordinary,1,0.06387235317379236,11.634394424988757,154.472906076652
"Baseline multiplier 1, seed100",ordinary,1,0.06525919307023287,11.634394424988757,154.472906076652
"Baseline multiplier 1, seed100",ordinary,1,0.0666345339268446,11.634394424988757,154.472906076652
"Baseline multiplier 1, seed100",ordinary,2,0.0014746510423719883,1349274.5975423618,154.472906076652
"Baseline multiplier 1, seed100",ordinary,2,0.003042201977223158,311406.11292469443,154.472906076652
"Baseline multiplier 1, seed100",ordinary,2,0.004485991783440113,79264.57520366379,154.472906076652
"Baseline multiplier 1, seed100",ordinary,2,0.0059001329354941845,21080.113543469623,154.472906076652
"Baseline multiplier 1, seed100",ordinary,2,0.007404773961752653,4024.0902369436303,154.472906076652
"Baseline multiplier 1, seed100",ordinary,2,0.008801234886050224,646.0968661889601,154.472906076652
"Baseline multiplier 1, seed100",ordinary,2,0.010173846036195755,122.31215161503069,154.472906076652
"Baseline multiplier 1, seed100",ordinary,2,0.011573975905776024,31.503782789446742,154.472906076652
"Baseline multiplier 1, seed100",ordinary,2,0.012973017059266567,18.994736221510134,154.472906076652
"Baseline multiplier 1, seed100",ordinary,2,0.014360017143189907,17.044074857319497,154.472906076652
"Baseline multiplier 1, seed100",ordinary,2,0.015755778178572655,16.104405504921004,154.472906076652
"Baseline multiplier 1, seed100",ordinary,2,0.01714598899707198,15.383213314169597,154.472906076652
"Baseline multiplier 1, seed100",ordinary,2,0.01852393988519907,15.376412409753094,154.472906076652
"Baseline multiplier 1, seed100",ordinary,2,0.019912709947675467,15.371351619186495,154.472906076652
"Baseline multiplier 1, seed100",ordinary,2,0.02130382088944316,15.361621236098832,154.472906076652
"Baseline multiplier 1, seed100",ordinary,2,0.022694261744618416,15.342487963118648,154.472906076652
"Baseline multiplier 1, seed100",ordinary,2,0.024092341773211956,15.305212789991801,154.472906076652
"Baseline multiplier 1, seed100",ordinary,2,0.02546803280711174,15.233619939075167,154.472906076652
"Baseline multiplier 1, seed100",ordinary,2,0.026852563954889774,15.098189131972493,154.472906076652
"Baseline multiplier 1, seed100",ordinary,2,0.028221874963492155,14.847521328859067,154.472906076652
"Baseline multiplier 1, seed100",ordinary,2,0.029590595047920942,14.40953841554642,154.472906076652
"Baseline multiplier 1, seed100",ordinary,2,0.031000835821032524,13.75353550788805,154.472906076652
"Baseline multiplier 1, seed100",ordinary,2,0.03239873703569174,13.061313744116555,154.472906076652
"Baseline multiplier 1, seed100",ordinary,2,0.0337953669950366,12.525890336064922,154.472906076652
"Baseline multiplier 1, seed100",ordinary,2,0.03520846785977483,11.83400820768028,154.472906076652
"Baseline multiplier 1, seed100",ordinary,2,0.0365814589895308,11.686334359322496,154.472906076652
"Baseline multiplier 1, seed100",ordinary,2,0.037977200001478195,11.63796990970688,154.472906076652
"Baseline multiplier 1, seed100",ordinary,2,0.03935826011002064,11.634448607631082,154.472906076652
"Baseline multiplier 1, seed100",ordinary,2,0.040742930956184864,11.634394695388062,154.472906076652
"Baseline multiplier 1, seed100",ordinary,2,0.042126662097871304,11.634394425446231,154.472906076652
"Baseline multiplier 1, seed100",ordinary,2,0.043507291935384274,11.63439442498909,154.472906076652
"Baseline multiplier 1, seed100",ordinary,2,0.04488957300782204,11.634394424988757,154.472906076652
"Baseline multiplier 1, seed100",ordinary,2,0.046243864111602306,11.634394424988757,154.472906076652
"Baseline multiplier 1, seed100",ordinary,2,0.04762896476313472,11.634394424988757,154.472906076652
"Baseline multiplier 1, seed100",ordinary,2,0.0489976448006928,11.634394424988757,154.472906076652
"Baseline multiplier 1, seed100",ordinary,2,0.0503588761202991,11.634394424988757,154.472906076652
"Baseline multiplier 1, seed100",ordinary,2,0.0517668267711997,11.634394424988757,154.472906076652
"Baseline multiplier 1, seed100",ordinary,2,0.053132366854697466,11.634394424988757,154.472906076652
"Baseline multiplier 1, seed100",ordinary,2,0.05450390791520476,11.634394424988757,154.472906076652
"Baseline multiplier 1, seed100",ordinary,2,0.05589285911992192,11.634394424988757,154.472906076652
"Baseline multiplier 1, seed100",ordinary,2,0.057258529122918844,11.634394424988757,154.472906076652
"Baseline multiplier 1, seed100",ordinary,2,0.058640049770474434,11.634394424988757,154.472906076652
"Baseline multiplier 1, seed100",ordinary,2,0.06001924118027091,11.634394424988757,154.472906076652
"Baseline multiplier 1, seed100",ordinary,2,0.06137926084920764,11.634394424988757,154.472906076652
"Baseline multiplier 1, seed100",ordinary,2,0.0627601221203804,11.634394424988757,154.472906076652
"Baseline multiplier 1, seed100",ordinary,2,0.06413183314725757,11.634394424988757,154.472906076652
"Baseline multiplier 1, seed100",ordinary,2,0.06549759395420551,11.634394424988757,154.472906076652
"Baseline multiplier 1, seed100",ordinary,2,0.06687927385792136,11.634394424988757,154.472906076652
"Baseline multiplier 1, seed100",depth:0.02,0,0.003975952044129372,1349274.5975423618,154.472906076652
"Baseline multiplier 1, seed100",depth:0.02,0,0.007080563344061375,311484.1620949207,154.472906076652
"Baseline multiplier 1, seed100",depth:0.02,0,0.01003669435158372,79305.2527646414,154.472906076652
"Baseline multiplier 1, seed100",depth:0.02,0,0.012958826031535864,21116.715567345935,154.472906076652
"Baseline multiplier 1, seed100",depth:0.02,0,0.01583990827202797,4065.4963882991833,154.472906076652
"Baseline multiplier 1, seed100",depth:0.02,0,0.018700129352509975,667.9662293089546,154.472906076652
"Baseline multiplier 1, seed100",depth:0.02,0,0.02156139025464654,126.26228521792979,154.472906076652
"Baseline multiplier 1, seed100",depth:0.02,0,0.024436692241579294,32.24991651640299,154.472906076652
"Baseline multiplier 1, seed100",depth:0.02,0,0.02732341317459941,18.74406314894719,154.472906076652
"Baseline multiplier 1, seed100",depth:0.02,0,0.03019337495788932,17.05615573754656,154.472906076652
"Baseline multiplier 1, seed100",depth:0.02,0,0.033091006334871054,17.130372983888854,154.472906076652
"Baseline multiplier 1, seed100",depth:0.02,0,0.03596503799781203,17.601836957988628,154.472906076652
"Baseline multiplier 1, seed100",depth:0.02,0,0.03736558835953474,17.45360043271591,154.472906076652
"Baseline multiplier 1, seed100",depth:0.02,0,0.03876432916149497,17.395714578089525,154.472906076652
"Baseline multiplier 1, seed100",depth:0.02,0,0.04014516016468406,17.331052637752602,154.472906076652
"Baseline multiplier 1, seed100",depth:0.02,0,0.041552371345460415,17.234473400835085,154.472906076652
"Baseline multiplier 1, seed100",depth:0.02,0,0.042938411235809326,17.084985509908794,154.472906076652
"Baseline multiplier 1, seed100",depth:0.02,0,0.04433884238824248,16.865041962854345,154.472906076652
"Baseline multiplier 1, seed100",depth:0.02,0,0.045732452999800444,16.570942993866254,154.472906076652
"Baseline multiplier 1, seed100",depth:0.02,0,0.04711154429242015,16.173045318766242,154.472906076652
"Baseline multiplier 1, seed100",depth:0.02,0,0.04850152414292097,15.56565246871962,154.472906076652
"Baseline multiplier 1, seed100",depth:0.02,0,0.04988455539569259,14.691448938853316,154.472906076652
"Baseline multiplier 1, seed100",depth:0.02,0,0.05126654636114836,13.86220351674923,154.472906076652
"Baseline multiplier 1, seed100",depth:0.02,0,0.052664526272565126,12.751023543274073,154.472906076652
"Baseline multiplier 1, seed100",depth:0.02,0,0.054035976994782686,12.29223459504035,154.472906076652
"Baseline multiplier 1, seed100",depth:0.02,0,0.055430598091334105,11.790242972885828,154.472906076652
"Baseline multiplier 1, seed100",depth:0.02,0,0.056814858224242926,11.67274899976689,154.472906076652
"Baseline multiplier 1, seed100",depth:0.02,0,0.05821211915463209,11.637038108758315,154.472906076652
"Baseline multiplier 1, seed100",depth:0.02,0,0.05960836028680205,11.634436423709111,154.472906076652
"Baseline multiplier 1, seed100",depth:0.02,0,0.06099221995100379,11.63439464334312,154.472906076652
"Baseline multiplier 1, seed100",depth:0.02,0,0.06238689133897424,11.63439442536046,154.472906076652
"Baseline multiplier 1, seed100",depth:0.02,0,0.0637740520760417,11.634394424989017,154.472906076652
"Baseline multiplier 1, seed100",depth:0.02,0,0.06515888217836618,11.634394424988898,154.472906076652
"Baseline multiplier 1, seed100",depth:0.02,0,0.06655715312808752,11.634394424988836,154.472906076652
"Baseline multiplier 1, seed100",depth:0.02,0,0.06795332441106439,11.634394424988823,154.472906076652
"Baseline multiplier 1, seed100",depth:0.02,0,0.06932305498048663,11.634394424988823,154.472906076652
"Baseline multiplier 1, seed100",depth:0.02,0,0.07072926498949528,11.634394424988802,154.472906076652
"Baseline multiplier 1, seed100",depth:0.02,0,0.07210221607238054,11.634394424988802,154.472906076652
"Baseline multiplier 1, seed100",depth:0.02,0,0.07349052699282765,11.634394424988802,154.472906076652
"Baseline multiplier 1, seed100",depth:0.02,0,0.07486544828861952,11.634394424988802,154.472906076652
"Baseline multiplier 1, seed100",depth:0.02,0,0.07625018805265427,11.634394424988802,154.472906076652
"Baseline multiplier 1, seed100",depth:0.02,0,0.07762876898050308,11.634394424988802,154.472906076652
"Baseline multiplier 1, seed100",depth:0.02,0,0.07900650938972831,11.634394424988754,154.472906076652
"Baseline multiplier 1, seed100",depth:0.02,0,0.08041709009557962,11.634394424988754,154.472906076652
"Baseline multiplier 1, seed100",depth:0.02,0,0.08179390104487538,11.634394424988754,154.472906076652
"Baseline multiplier 1, seed100",depth:0.02,0,0.0831536022014916,11.634394424988754,154.472906076652
"Baseline multiplier 1, seed100",depth:0.02,0,0.08452634327113628,11.634394424988754,154.472906076652
"Baseline multiplier 1, seed100",depth:0.02,0,0.08588201319798827,11.634394424988754,154.472906076652
"Baseline multiplier 1, seed100",depth:0.02,1,0.003943982068449259,1349274.5975423618,154.472906076652
"Baseline multiplier 1, seed100",depth:0.02,1,0.006908143870532513,311484.1620949207,154.472906076652
"Baseline multiplier 1, seed100",depth:0.02,1,0.009828755166381598,79305.2527646414,154.472906076652
"Baseline multiplier 1, seed100",depth:0.02,1,0.01274698693305254,21116.715567345935,154.472906076652
"Baseline multiplier 1, seed100",depth:0.02,1,0.015664787963032722,4065.4963882991833,154.472906076652
"Baseline multiplier 1, seed100",depth:0.02,1,0.01857572002336383,667.9662293089546,154.472906076652
"Baseline multiplier 1, seed100",depth:0.02,1,0.02148096077144146,126.26228521792979,154.472906076652
"Baseline multiplier 1, seed100",depth:0.02,1,0.024365482851862907,32.24991651640299,154.472906076652
"Baseline multiplier 1, seed100",depth:0.02,1,0.02726542390882969,18.74406314894719,154.472906076652
"Baseline multiplier 1, seed100",depth:0.02,1,0.03014580486342311,17.05615573754656,154.472906076652
"Baseline multiplier 1, seed100",depth:0.02,1,0.033026887103915215,17.130372983888854,154.472906076652
"Baseline multiplier 1, seed100",depth:0.02,1,0.035901408176869154,17.601836957988628,154.472906076652
"Baseline multiplier 1, seed100",depth:0.02,1,0.03731249878183007,17.45360043271591,154.472906076652
"Baseline multiplier 1, seed100",depth:0.02,1,0.03869965998455882,17.395714578089525,154.472906076652
"Baseline multiplier 1, seed100",depth:0.02,1,0.04010223085060716,17.331052637752602,154.472906076652
"Baseline multiplier 1, seed100",depth:0.02,1,0.04149336088448763,17.234473400835085,154.472906076652
"Baseline multiplier 1, seed100",depth:0.02,1,0.04288484202697873,17.084985509908794,154.472906076652
"Baseline multiplier 1, seed100",depth:0.02,1,0.044273673091083765,16.865041962854345,154.472906076652
"Baseline multiplier 1, seed100",depth:0.02,1,0.04567085299640894,16.570942993866254,154.472906076652
"Baseline multiplier 1, seed100",depth:0.02,1,0.04704306414350867,16.173045318766242,154.472906076652
"Baseline multiplier 1, seed100",depth:0.02,1,0.04843305516988039,15.56565246871962,154.472906076652
"Baseline multiplier 1, seed100",depth:0.02,1,0.049831315875053406,14.691448938853316,154.472906076652
"Baseline multiplier 1, seed100",depth:0.02,1,0.05124205583706498,13.86220351674923,154.472906076652
"Baseline multiplier 1, seed100",depth:0.02,1,0.052620597183704376,12.751023543274073,154.472906076652
"Baseline multiplier 1, seed100",depth:0.02,1,0.054002847988158464,12.29223459504035,154.472906076652
"Baseline multiplier 1, seed100",depth:0.02,1,0.05541760800406337,11.790242972885828,154.472906076652
"Baseline multiplier 1, seed100",depth:0.02,1,0.05679316911846399,11.67274899976689,154.472906076652
"Baseline multiplier 1, seed100",depth:0.02,1,0.05819157976657152,11.637038108758315,154.472906076652
"Baseline multiplier 1, seed100",depth:0.02,1,0.0595685001462698,11.634436423709111,154.472906076652
"Baseline multiplier 1, seed100",depth:0.02,1,0.06094312109053135,11.63439464334312,154.472906076652
"Baseline multiplier 1, seed100",depth:0.02,1,0.06234492175281048,11.63439442536046,154.472906076652
"Baseline multiplier 1, seed100",depth:0.02,1,0.06372763216495514,11.634394424989017,154.472906076652
"Baseline multiplier 1, seed100",depth:0.02,1,0.06511386297643185,11.634394424988898,154.472906076652
"Baseline multiplier 1, seed100",depth:0.02,1,0.06650270381942391,11.634394424988836,154.472906076652
"Baseline multiplier 1, seed100",depth:0.02,1,0.0678965151309967,11.634394424988823,154.472906076652
"Baseline multiplier 1, seed100",depth:0.02,1,0.06928204605355859,11.634394424988823,154.472906076652
"Baseline multiplier 1, seed100",depth:0.02,1,0.07070180587470531,11.634394424988802,154.472906076652
"Baseline multiplier 1, seed100",depth:0.02,1,0.07208375679329038,11.634394424988802,154.472906076652
"Baseline multiplier 1, seed100",depth:0.02,1,0.07345567690208554,11.634394424988802,154.472906076652
"Baseline multiplier 1, seed100",depth:0.02,1,0.07482498791068792,11.634394424988802,154.472906076652
"Baseline multiplier 1, seed100",depth:0.02,1,0.07620960893109441,11.634394424988802,154.472906076652
"Baseline multiplier 1, seed100",depth:0.02,1,0.07760168984532356,11.634394424988802,154.472906076652
"Baseline multiplier 1, seed100",depth:0.02,1,0.0789875597693026,11.634394424988754,154.472906076652
"Baseline multiplier 1, seed100",depth:0.02,1,0.0803771810606122,11.634394424988754,154.472906076652
"Baseline multiplier 1, seed100",depth:0.02,1,0.08175297174602747,11.634394424988754,154.472906076652
"Baseline multiplier 1, seed100",depth:0.02,1,0.08313915319740772,11.634394424988754,154.472906076652
"Baseline multiplier 1, seed100",depth:0.02,1,0.08451553294435143,11.634394424988754,154.472906076652
"Baseline multiplier 1, seed100",depth:0.02,1,0.08589980378746986,11.634394424988754,154.472906076652
"Baseline multiplier 1, seed100",depth:0.02,2,0.0039926315657794476,1349274.5975423618,154.472906076652
"Baseline multiplier 1, seed100",depth:0.02,2,0.007093553896993399,311484.1620949207,154.472906076652
"Baseline multiplier 1, seed100",depth:0.02,2,0.010019075591117144,79305.2527646414,154.472906076652
"Baseline multiplier 1, seed100",depth:0.02,2,0.012950056698173285,21116.715567345935,154.472906076652
"Baseline multiplier 1, seed100",depth:0.02,2,0.015833579003810883,4065.4963882991833,154.472906076652
"Baseline multiplier 1, seed100",depth:0.02,2,0.018720599822700024,667.9662293089546,154.472906076652
"Baseline multiplier 1, seed100",depth:0.02,2,0.021584501024335623,126.26228521792979,154.472906076652
"Baseline multiplier 1, seed100",depth:0.02,2,0.024479152634739876,32.24991651640299,154.472906076652
"Baseline multiplier 1, seed100",depth:0.02,2,0.02740978356450796,18.74406314894719,154.472906076652
"Baseline multiplier 1, seed100",depth:0.02,2,0.030334075912833214,17.05615573754656,154.472906076652
"Baseline multiplier 1, seed100",depth:0.02,2,0.03321512695401907,17.130372983888854,154.472906076652
"Baseline multiplier 1, seed100",depth:0.02,2,0.036104568745940924,17.601836957988628,154.472906076652
"Baseline multiplier 1, seed100",depth:0.02,2,0.03754617879167199,17.45360043271591,154.472906076652
"Baseline multiplier 1, seed100",depth:0.02,2,0.038938979618251324,17.395714578089525,154.472906076652
"Baseline multiplier 1, seed100",depth:0.02,2,0.04032559087499976,17.331052637752602,154.472906076652
"Baseline multiplier 1, seed100",depth:0.02,2,0.04172191163524985,17.234473400835085,154.472906076652
"Baseline multiplier 1, seed100",depth:0.02,2,0.04310665186494589,17.084985509908794,154.472906076652
"Baseline multiplier 1, seed100",depth:0.02,2,0.04450507275760174,16.865041962854345,154.472906076652
"Baseline multiplier 1, seed100",depth:0.02,2,0.04598097363486886,16.570942993866254,154.472906076652
"Baseline multiplier 1, seed100",depth:0.02,2,0.04737029364332557,16.173045318766242,154.472906076652
"Baseline multiplier 1, seed100",depth:0.02,2,0.048768984619528055,15.56565246871962,154.472906076652
"Baseline multiplier 1, seed100",depth:0.02,2,0.05015058582648635,14.691448938853316,154.472906076652
"Baseline multiplier 1, seed100",depth:0.02,2,0.05157319689169526,13.86220351674923,154.472906076652
"Baseline multiplier 1, seed100",depth:0.02,2,0.052956126630306244,12.751023543274073,154.472906076652
"Baseline multiplier 1, seed100",depth:0.02,2,0.054332767613232136,12.29223459504035,154.472906076652
"Baseline multiplier 1, seed100",depth:0.02,2,0.05573049886152148,11.790242972885828,154.472906076652
"Baseline multiplier 1, seed100",depth:0.02,2,0.057119359727948904,11.67274899976689,154.472906076652
"Baseline multiplier 1, seed100",depth:0.02,2,0.058514019940048456,11.637038108758315,154.472906076652
"Baseline multiplier 1, seed100",depth:0.02,2,0.059914630837738514,11.634436423709111,154.472906076652
"Baseline multiplier 1, seed100",depth:0.02,2,0.06129404157400131,11.63439464334312,154.472906076652
"Baseline multiplier 1, seed100",depth:0.02,2,0.06268877163529396,11.63439442536046,154.472906076652
"Baseline multiplier 1, seed100",depth:0.02,2,0.0640774229541421,11.634394424989017,154.472906076652
"Baseline multiplier 1, seed100",depth:0.02,2,0.06547672394663095,11.634394424988898,154.472906076652
"Baseline multiplier 1, seed100",depth:0.02,2,0.06686497386544943,11.634394424988836,154.472906076652
"Baseline multiplier 1, seed100",depth:0.02,2,0.06826634472236037,11.634394424988823,154.472906076652
"Baseline multiplier 1, seed100",depth:0.02,2,0.06966320564970374,11.634394424988823,154.472906076652
"Baseline multiplier 1, seed100",depth:0.02,2,0.07104174699634314,11.634394424988802,154.472906076652
"Baseline multiplier 1, seed100",depth:0.02,2,0.07243246678262949,11.634394424988802,154.472906076652
"Baseline multiplier 1, seed100",depth:0.02,2,0.07380525767803192,11.634394424988802,154.472906076652
"Baseline multiplier 1, seed100",depth:0.02,2,0.07517427857965231,11.634394424988802,154.472906076652
"Baseline multiplier 1, seed100",depth:0.02,2,0.0765623189508915,11.634394424988802,154.472906076652
"Baseline multiplier 1, seed100",depth:0.02,2,0.0779341896995902,11.634394424988802,154.472906076652
"Baseline multiplier 1, seed100",depth:0.02,2,0.07931285072118044,11.634394424988754,154.472906076652
"Baseline multiplier 1, seed100",depth:0.02,2,0.08069504098966718,11.634394424988754,154.472906076652
"Baseline multiplier 1, seed100",depth:0.02,2,0.08206302160397172,11.634394424988754,154.472906076652
"Baseline multiplier 1, seed100",depth:0.02,2,0.08345244266092777,11.634394424988754,154.472906076652
"Baseline multiplier 1, seed100",depth:0.02,2,0.08482497371733189,11.634394424988754,154.472906076652
"Baseline multiplier 1, seed100",depth:0.02,2,0.0862101437523961,11.634394424988754,154.472906076652
"Baseline multiplier 1, seed100",depth:0.10,0,0.004193692933768034,1349274.5975423618,154.472906076652
"Baseline multiplier 1, seed100",depth:0.10,0,0.007294874172657728,313458.82538591616,154.472906076652
"Baseline multiplier 1, seed100",depth:0.10,0,0.010221555829048157,80401.6414142773,154.472906076652
"Baseline multiplier 1, seed100",depth:0.10,0,0.01313358685001731,22192.343296986834,154.472906076652
"Baseline multiplier 1, seed100",depth:0.10,0,0.015996268950402737,5433.678315512303,154.472906076652
"Baseline multiplier 1, seed100",depth:0.10,0,0.018856090027838945,1847.0120787307865,154.472906076652
"Baseline multiplier 1, seed100",depth:0.10,0,0.021748241037130356,295.82236099661753,154.472906076652
"Baseline multiplier 1, seed100",depth:0.10,0,0.02463508304208517,158.72702436735136,154.472906076652
"Baseline multiplier 1, seed100",depth:0.10,0,0.027534664142876863,146.55944392099215,154.472906076652
"Baseline multiplier 1, seed100",depth:0.10,0,0.030431735794991255,173.59915881684236,154.472906076652
"Baseline multiplier 1, seed100",depth:0.10,0,0.03330591693520546,202.19375281463107,154.472906076652
"Baseline multiplier 1, seed100",depth:0.10,0,0.03617789875715971,215.43481192979743,154.472906076652
"Baseline multiplier 1, seed100",depth:0.10,0,0.037581710144877434,175.0977848354589,154.472906076652
"Baseline multiplier 1, seed100",depth:0.10,0,0.039002949837595224,161.80140989380527,154.472906076652
"Baseline multiplier 1, seed100",depth:0.10,0,0.04040114115923643,149.54589013381604,154.472906076652
"Baseline multiplier 1, seed100",depth:0.10,0,0.041792071890085936,132.9184049617852,154.472906076652
"Baseline multiplier 1, seed100",depth:0.10,0,0.04319086205214262,109.08200542112506,154.472906076652
"Baseline multiplier 1, seed100",depth:0.10,0,0.04457823280245066,78.6918650015407,154.472906076652
"Baseline multiplier 1, seed100",depth:0.10,0,0.04597470397129655,49.74852753631187,154.472906076652
"Baseline multiplier 1, seed100",depth:0.10,0,0.04736006399616599,32.36859088658872,154.472906076652
"Baseline multiplier 1, seed100",depth:0.10,0,0.048737994860857725,26.284914382673506,154.472906076652
"Baseline multiplier 1, seed100",depth:0.10,0,0.05013397615402937,24.181924958943352,154.472906076652
"Baseline multiplier 1, seed100",depth:0.10,0,0.05151697713881731,19.854066781271072,154.472906076652
"Baseline multiplier 1, seed100",depth:0.10,0,0.05288881715387106,19.854066781271072,154.472906076652
"Baseline multiplier 1, seed100",depth:0.10,0,0.05428123800083995,18.174527761993286,154.472906076652
"Baseline multiplier 1, seed100",depth:0.10,0,0.055674958974123,16.927950620007376,154.472906076652
"Baseline multiplier 1, seed100",depth:0.10,0,0.05708026001229882,16.234904714707938,154.472906076652
"Baseline multiplier 1, seed100",depth:0.10,0,0.05846690014004707,13.775694639456932,154.472906076652
"Baseline multiplier 1, seed100",depth:0.10,0,0.05984918074682355,13.274056108029844,154.472906076652
"Baseline multiplier 1, seed100",depth:0.10,0,0.06124382186681032,11.95708643669612,154.472906076652
"Baseline multiplier 1, seed100",depth:0.10,0,0.06263028178364038,11.72887448368395,154.472906076652
"Baseline multiplier 1, seed100",depth:0.10,0,0.0640247231349349,11.640861067227915,154.472906076652
"Baseline multiplier 1, seed100",depth:0.10,0,0.06541178375482559,11.6344835880748,154.472906076652
"Baseline multiplier 1, seed100",depth:0.10,0,0.06679755402728915,11.634394830310947,154.472906076652
"Baseline multiplier 1, seed100",depth:0.10,0,0.06818974483758211,11.634394425663668,154.472906076652
"Baseline multiplier 1, seed100",depth:0.10,0,0.06957610603421926,11.634394424989123,154.472906076652
"Baseline multiplier 1, seed100",depth:0.10,0,0.07099081575870514,11.634394424988791,154.472906076652
"Baseline multiplier 1, seed100",depth:0.10,0,0.07237555691972375,11.634394424988791,154.472906076652
"Baseline multiplier 1, seed100",depth:0.10,0,0.07375969784334302,11.63439442498877,154.472906076652
"Baseline multiplier 1, seed100",depth:0.10,0,0.07514790911227465,11.63439442498877,154.472906076652
"Baseline multiplier 1, seed100",depth:0.10,0,0.07652056915685534,11.63439442498877,154.472906076652
"Baseline multiplier 1, seed100",depth:0.10,0,0.07790787005797029,11.63439442498877,154.472906076652
"Baseline multiplier 1, seed100",depth:0.10,0,0.0792890707962215,11.63439442498877,154.472906076652
"Baseline multiplier 1, seed100",depth:0.10,0,0.08066487079486251,11.634394424988768,154.472906076652
"Baseline multiplier 1, seed100",depth:0.10,0,0.08205189183354378,11.634394424988768,154.472906076652
"Baseline multiplier 1, seed100",depth:0.10,0,0.08342891279608011,11.634394424988768,154.472906076652
"Baseline multiplier 1, seed100",depth:0.10,0,0.08481899416074157,11.634394424988768,154.472906076652
"Baseline multiplier 1, seed100",depth:0.10,0,0.0862484541721642,11.634394424988768,154.472906076652
"Baseline multiplier 1, seed100",depth:0.10,1,0.0042167119681835175,1349274.5975423618,154.472906076652
"Baseline multiplier 1, seed100",depth:0.10,1,0.007338864263147116,313458.82538591616,154.472906076652
"Baseline multiplier 1, seed100",depth:0.10,1,0.010431066155433655,80401.6414142773,154.472906076652
"Baseline multiplier 1, seed100",depth:0.10,1,0.013397237285971642,22192.343296986834,154.472906076652
"Baseline multiplier 1, seed100",depth:0.10,1,0.0164991682395339,5433.678315512303,154.472906076652
"Baseline multiplier 1, seed100",depth:0.10,1,0.01940415007993579,1847.0120787307865,154.472906076652
"Baseline multiplier 1, seed100",depth:0.10,1,0.022296711336821318,295.82236099661753,154.472906076652
"Baseline multiplier 1, seed100",depth:0.10,1,0.025193053297698498,158.72702436735136,154.472906076652
"Baseline multiplier 1, seed100",depth:0.10,1,0.028133444022387266,146.55944392099215,154.472906076652
"Baseline multiplier 1, seed100",depth:0.10,1,0.031058036256581545,173.59915881684236,154.472906076652
"Baseline multiplier 1, seed100",depth:0.10,1,0.03393624722957611,202.19375281463107,154.472906076652
"Baseline multiplier 1, seed100",depth:0.10,1,0.036828539334237576,215.43481192979743,154.472906076652
"Baseline multiplier 1, seed100",depth:0.10,1,0.0382239893078804,175.0977848354589,154.472906076652
"Baseline multiplier 1, seed100",depth:0.10,1,0.039613590110093355,161.80140989380527,154.472906076652
"Baseline multiplier 1, seed100",depth:0.10,1,0.04101543128490448,149.54589013381604,154.472906076652
"Baseline multiplier 1, seed100",depth:0.10,1,0.042398431338369846,132.9184049617852,154.472906076652
"Baseline multiplier 1, seed100",depth:0.10,1,0.043802252039313316,109.08200542112506,154.472906076652
"Baseline multiplier 1, seed100",depth:0.10,1,0.04519922332838178,78.6918650015407,154.472906076652
"Baseline multiplier 1, seed100",depth:0.10,1,0.04660666408017278,49.74852753631187,154.472906076652
"Baseline multiplier 1, seed100",depth:0.10,1,0.04801714513450861,32.36859088658872,154.472906076652
"Baseline multiplier 1, seed100",depth:0.10,1,0.04940733499825001,26.284914382673506,154.472906076652
"Baseline multiplier 1, seed100",depth:0.10,1,0.050815686117857695,24.181924958943352,154.472906076652
"Baseline multiplier 1, seed100",depth:0.10,1,0.05221293726935983,19.854066781271072,154.472906076652
"Baseline multiplier 1, seed100",depth:0.10,1,0.05360538698732853,19.854066781271072,154.472906076652
"Baseline multiplier 1, seed100",depth:0.10,1,0.05499426834285259,18.174527761993286,154.472906076652
"Baseline multiplier 1, seed100",depth:0.10,1,0.056365739088505507,16.927950620007376,154.472906076652
"Baseline multiplier 1, seed100",depth:0.10,1,0.057760569266974926,16.234904714707938,154.472906076652
"Baseline multiplier 1, seed100",depth:0.10,1,0.0591487199999392,13.775694639456932,154.472906076652
"Baseline multiplier 1, seed100",depth:0.10,1,0.060544541105628014,13.274056108029844,154.472906076652
"Baseline multiplier 1, seed100",depth:0.10,1,0.06195190129801631,11.95708643669612,154.472906076652
"Baseline multiplier 1, seed100",depth:0.10,1,0.06334752216935158,11.72887448368395,154.472906076652
"Baseline multiplier 1, seed100",depth:0.10,1,0.06481271330267191,11.640861067227915,154.472906076652
"Baseline multiplier 1, seed100",depth:0.10,1,0.06620625406503677,11.6344835880748,154.472906076652
"Baseline multiplier 1, seed100",depth:0.10,1,0.06760998396202922,11.634394830310947,154.472906076652
"Baseline multiplier 1, seed100",depth:0.10,1,0.06901890505105257,11.634394425663668,154.472906076652
"Baseline multiplier 1, seed100",depth:0.10,1,0.07040927605703473,11.634394424989123,154.472906076652
"Baseline multiplier 1, seed100",depth:0.10,1,0.07180644618347287,11.634394424988791,154.472906076652
"Baseline multiplier 1, seed100",depth:0.10,1,0.07318015722557902,11.634394424988791,154.472906076652
"Baseline multiplier 1, seed100",depth:0.10,1,0.07457187818363309,11.63439442498877,154.472906076652
"Baseline multiplier 1, seed100",depth:0.10,1,0.07596775935962796,11.63439442498877,154.472906076652
"Baseline multiplier 1, seed100",depth:0.10,1,0.07734143920242786,11.63439442498877,154.472906076652
"Baseline multiplier 1, seed100",depth:0.10,1,0.07874691998586059,11.63439442498877,154.472906076652
"Baseline multiplier 1, seed100",depth:0.10,1,0.08013830101117492,11.63439442498877,154.472906076652
"Baseline multiplier 1, seed100",depth:0.10,1,0.08154766215011477,11.634394424988768,154.472906076652
"Baseline multiplier 1, seed100",depth:0.10,1,0.08294999226927757,11.634394424988768,154.472906076652
"Baseline multiplier 1, seed100",depth:0.10,1,0.08431931305676699,11.634394424988768,154.472906076652
"Baseline multiplier 1, seed100",depth:0.10,1,0.08573667425662279,11.634394424988768,154.472906076652
"Baseline multiplier 1, seed100",depth:0.10,1,0.08711426425725222,11.634394424988768,154.472906076652
"Baseline multiplier 1, seed100",depth:0.10,2,0.004192352760583162,1349274.5975423618,154.472906076652
"Baseline multiplier 1, seed100",depth:0.10,2,0.007302593905478716,313458.82538591616,154.472906076652
"Baseline multiplier 1, seed100",depth:0.10,2,0.010214545764029026,80401.6414142773,154.472906076652
"Baseline multiplier 1, seed100",depth:0.10,2,0.013115107081830502,22192.343296986834,154.472906076652
"Baseline multiplier 1, seed100",depth:0.10,2,0.016023648902773857,5433.678315512303,154.472906076652
"Baseline multiplier 1, seed100",depth:0.10,2,0.018911209888756275,1847.0120787307865,154.472906076652
"Baseline multiplier 1, seed100",depth:0.10,2,0.021826470736414194,295.82236099661753,154.472906076652
"Baseline multiplier 1, seed100",depth:0.10,2,0.024725692812353373,158.72702436735136,154.472906076652
"Baseline multiplier 1, seed100",depth:0.10,2,0.027585333678871393,146.55944392099215,154.472906076652
"Baseline multiplier 1, seed100",depth:0.10,2,0.030448535922914743,173.59915881684236,154.472906076652
"Baseline multiplier 1, seed100",depth:0.10,2,0.033328416757285595,202.19375281463107,154.472906076652
"Baseline multiplier 1, seed100",depth:0.10,2,0.03621746879070997,215.43481192979743,154.472906076652
"Baseline multiplier 1, seed100",depth:0.10,2,0.03761136997491121,175.0977848354589,154.472906076652
"Baseline multiplier 1, seed100",depth:0.10,2,0.03901360975578427,161.80140989380527,154.472906076652
"Baseline multiplier 1, seed100",depth:0.10,2,0.04039958072826266,149.54589013381604,154.472906076652
"Baseline multiplier 1, seed100",depth:0.10,2,0.04179102182388306,132.9184049617852,154.472906076652
"Baseline multiplier 1, seed100",depth:0.10,2,0.04316887306049466,109.08200542112506,154.472906076652
"Baseline multiplier 1, seed100",depth:0.10,2,0.04455017298460007,78.6918650015407,154.472906076652
"Baseline multiplier 1, seed100",depth:0.10,2,0.04594701388850808,49.74852753631187,154.472906076652
"Baseline multiplier 1, seed100",depth:0.10,2,0.0473313950933516,32.36859088658872,154.472906076652
"Baseline multiplier 1, seed100",depth:0.10,2,0.04874259466305375,26.284914382673506,154.472906076652
"Baseline multiplier 1, seed100",depth:0.10,2,0.05013753566890955,24.181924958943352,154.472906076652
"Baseline multiplier 1, seed100",depth:0.10,2,0.05151696689426899,19.854066781271072,154.472906076652
"Baseline multiplier 1, seed100",depth:0.10,2,0.05290620680898428,19.854066781271072,154.472906076652
"Baseline multiplier 1, seed100",depth:0.10,2,0.054282227996736765,18.174527761993286,154.472906076652
"Baseline multiplier 1, seed100",depth:0.10,2,0.05566624877974391,16.927950620007376,154.472906076652
"Baseline multiplier 1, seed100",depth:0.10,2,0.057040299754589796,16.234904714707938,154.472906076652
"Baseline multiplier 1, seed100",depth:0.10,2,0.0584142399020493,13.775694639456932,154.472906076652
"Baseline multiplier 1, seed100",depth:0.10,2,0.059794140979647636,13.274056108029844,154.472906076652
"Baseline multiplier 1, seed100",depth:0.10,2,0.06117238197475672,11.95708643669612,154.472906076652
"Baseline multiplier 1, seed100",depth:0.10,2,0.06254830164834857,11.72887448368395,154.472906076652
"Baseline multiplier 1, seed100",depth:0.10,2,0.06393916299566627,11.640861067227915,154.472906076652
"Baseline multiplier 1, seed100",depth:0.10,2,0.06533257383853197,11.6344835880748,154.472906076652
"Baseline multiplier 1, seed100",depth:0.10,2,0.06673348369076848,11.634394830310947,154.472906076652
"Baseline multiplier 1, seed100",depth:0.10,2,0.06811623508110642,11.634394425663668,154.472906076652
"Baseline multiplier 1, seed100",depth:0.10,2,0.06949648587033153,11.634394424989123,154.472906076652
"Baseline multiplier 1, seed100",depth:0.10,2,0.07087936671450734,11.634394424988791,154.472906076652
"Baseline multiplier 1, seed100",depth:0.10,2,0.07225351687520742,11.634394424988791,154.472906076652
"Baseline multiplier 1, seed100",depth:0.10,2,0.07366620795801282,11.63439442498877,154.472906076652
"Baseline multiplier 1, seed100",depth:0.10,2,0.07503333874046803,11.63439442498877,154.472906076652
"Baseline multiplier 1, seed100",depth:0.10,2,0.0763993188738823,11.63439442498877,154.472906076652
"Baseline multiplier 1, seed100",depth:0.10,2,0.0777831100858748,11.63439442498877,154.472906076652
"Baseline multiplier 1, seed100",depth:0.10,2,0.0791536308825016,11.63439442498877,154.472906076652
"Baseline multiplier 1, seed100",depth:0.10,2,0.08054753066971898,11.634394424988768,154.472906076652
"Baseline multiplier 1, seed100",depth:0.10,2,0.08193376194685698,11.634394424988768,154.472906076652
"Baseline multiplier 1, seed100",depth:0.10,2,0.08330630278214812,11.634394424988768,154.472906076652
"Baseline multiplier 1, seed100",depth:0.10,2,0.08468375401571393,11.634394424988768,154.472906076652
"Baseline multiplier 1, seed100",depth:0.10,2,0.08605095371603966,11.634394424988768,154.472906076652
"Baseline multiplier 1, seed100",isotropic:0.02,0,0.0072256531566381454,281693.5677840825,154.472906076652
"Baseline multiplier 1, seed100",isotropic:0.02,0,0.013310856185853481,49677.330282895244,154.472906076652
"Baseline multiplier 1, seed100",isotropic:0.02,0,0.019053629133850336,9088.14881167172,154.472906076652
"Baseline multiplier 1, seed100",isotropic:0.02,0,0.024916602298617363,2460.1645935153906,154.472906076652
"Baseline multiplier 1, seed100",isotropic:0.02,0,0.030949444975703955,1717.7792866025368,154.472906076652
"Baseline multiplier 1, seed100",isotropic:0.02,0,0.03668138803914189,1107.544955602983,154.472906076652
"Baseline multiplier 1, seed100",isotropic:0.02,0,0.042387431021779776,496.98197108548806,154.472906076652
"Baseline multiplier 1, seed100",isotropic:0.02,0,0.04804221400991082,436.47214224123906,154.472906076652
"Baseline multiplier 1, seed100",isotropic:0.02,0,0.05379146710038185,394.6590301372908,154.472906076652
"Baseline multiplier 1, seed100",isotropic:0.02,0,0.05948498006910086,409.4766994439719,154.472906076652
"Baseline multiplier 1, seed100",isotropic:0.02,0,0.06516452226787806,395.35027763003023,154.472906076652
"Baseline multiplier 1, seed100",isotropic:0.02,0,0.07085947599261999,414.3733386092209,154.472906076652
"Baseline multiplier 1, seed100",isotropic:0.02,0,0.07243913598358631,387.7248818342372,154.472906076652
"Baseline multiplier 1, seed100",isotropic:0.02,0,0.07383355731144547,373.1937858924845,154.472906076652
"Baseline multiplier 1, seed100",isotropic:0.02,0,0.07522486802190542,354.5146848329837,154.472906076652
"Baseline multiplier 1, seed100",isotropic:0.02,0,0.07661812799051404,327.8315349269028,154.472906076652
"Baseline multiplier 1, seed100",isotropic:0.02,0,0.07799256918951869,287.7909936064951,154.472906076652
"Baseline multiplier 1, seed100",isotropic:0.02,0,0.07938073994591832,231.88696477730892,154.472906076652
"Baseline multiplier 1, seed100",isotropic:0.02,0,0.08075087005272508,168.1773118920316,154.472906076652
"Baseline multiplier 1, seed100",isotropic:0.02,0,0.08213115110993385,114.3122133978609,154.472906076652
"Baseline multiplier 1, seed100",isotropic:0.02,0,0.08352140197530389,82.86925174997683,154.472906076652
"Baseline multiplier 1, seed100",isotropic:0.02,0,0.0849002031609416,71.15201821540239,154.472906076652
"Baseline multiplier 1, seed100",isotropic:0.02,0,0.08628534292802215,68.1442792018539,154.472906076652
"Baseline multiplier 1, seed100",isotropic:0.02,0,0.08766013430431485,67.17897581663512,154.472906076652
"Baseline multiplier 1, seed100",isotropic:0.02,0,0.08903976529836655,66.36636165095912,154.472906076652
"Baseline multiplier 1, seed100",isotropic:0.02,0,0.0904304152354598,66.36636165095912,154.472906076652
"Baseline multiplier 1, seed100",isotropic:0.02,0,0.09185398602858186,62.47971018721777,154.472906076652
"Baseline multiplier 1, seed100",isotropic:0.02,0,0.09323606686666608,62.47971018721777,154.472906076652
"Baseline multiplier 1, seed100",isotropic:0.02,0,0.09460565727204084,61.719711606875926,154.472906076652
"Baseline multiplier 1, seed100",isotropic:0.02,0,0.09596999827772379,60.440182866734844,154.472906076652
"Baseline multiplier 1, seed100",isotropic:0.02,0,0.09736272925511003,60.440182866734844,154.472906076652
"Baseline multiplier 1, seed100",isotropic:0.02,0,0.09875645022839308,59.38518632453962,154.472906076652
"Baseline multiplier 1, seed100",isotropic:0.02,0,0.10014407010748982,57.900128690924134,154.472906076652
"Baseline multiplier 1, seed100",isotropic:0.02,0,0.10153034096583724,57.900128690924134,154.472906076652
"Baseline multiplier 1, seed100",isotropic:0.02,0,0.10291957203298807,56.21865108645479,154.472906076652
"Baseline multiplier 1, seed100",isotropic:0.02,0,0.10432117292657495,54.891631194148445,154.472906076652
"Baseline multiplier 1, seed100",isotropic:0.02,0,0.10570273315533996,52.619165680547574,154.472906076652
"Baseline multiplier 1, seed100",isotropic:0.02,0,0.1070796842686832,50.22321032461287,154.472906076652
"Baseline multiplier 1, seed100",isotropic:0.02,0,0.10846667503938079,47.34375735544075,154.472906076652
"Baseline multiplier 1, seed100",isotropic:0.02,0,0.10986343491822481,43.62163349043498,154.472906076652
"Baseline multiplier 1, seed100",isotropic:0.02,0,0.11125088622793555,38.98462667219114,154.472906076652
"Baseline multiplier 1, seed100",isotropic:0.02,0,0.11262488691136241,33.946859934825305,154.472906076652
"Baseline multiplier 1, seed100",isotropic:0.02,0,0.11399985710158944,29.19740285273927,154.472906076652
"Baseline multiplier 1, seed100",isotropic:0.02,0,0.11537364823743701,25.154475122687604,154.472906076652
"Baseline multiplier 1, seed100",isotropic:0.02,0,0.11674655927345157,21.91242991545188,154.472906076652
"Baseline multiplier 1, seed100",isotropic:0.02,0,0.11811762908473611,21.91242991545188,154.472906076652
"Baseline multiplier 1, seed100",isotropic:0.02,0,0.11953516025096178,19.773614537364868,154.472906076652
"Baseline multiplier 1, seed100",isotropic:0.02,0,0.12092890124768019,18.384169315350956,154.472906076652
"Baseline multiplier 1, seed100",isotropic:0.02,1,0.007138554006814957,281693.5677840825,154.472906076652
"Baseline multiplier 1, seed100",isotropic:0.02,1,0.013249657116830349,49677.330282895244,154.472906076652
"Baseline multiplier 1, seed100",isotropic:0.02,1,0.01898923981934786,9088.14881167172,154.472906076652
"Baseline multiplier 1, seed100",isotropic:0.02,1,0.02467674296349287,2460.1645935153906,154.472906076652
"Baseline multiplier 1, seed100",isotropic:0.02,1,0.030391746200621128,1717.7792866025368,154.472906076652
"Baseline multiplier 1, seed100",isotropic:0.02,1,0.036135589238256216,1107.544955602983,154.472906076652
"Baseline multiplier 1, seed100",isotropic:0.02,1,0.042117001954466105,496.98197108548806,154.472906076652
"Baseline multiplier 1, seed100",isotropic:0.02,1,0.04818383511155844,436.47214224123906,154.472906076652
"Baseline multiplier 1, seed100",isotropic:0.02,1,0.05389490816742182,394.6590301372908,154.472906076652
"Baseline multiplier 1, seed100",isotropic:0.02,1,0.05959827080368996,409.4766994439719,154.472906076652
"Baseline multiplier 1, seed100",isotropic:0.02,1,0.06528564402833581,395.35027763003023,154.472906076652
"Baseline multiplier 1, seed100",isotropic:0.02,1,0.07099108723923564,414.3733386092209,154.472906076652
"Baseline multiplier 1, seed100",isotropic:0.02,1,0.0725513668730855,387.7248818342372,154.472906076652
"Baseline multiplier 1, seed100",isotropic:0.02,1,0.07394785806536674,373.1937858924845,154.472906076652
"Baseline multiplier 1, seed100",isotropic:0.02,1,0.07535922899842262,354.5146848329837,154.472906076652
"Baseline multiplier 1, seed100",isotropic:0.02,1,0.07674574991688132,327.8315349269028,154.472906076652
"Baseline multiplier 1, seed100",isotropic:0.02,1,0.07813858985900879,287.7909936064951,154.472906076652
"Baseline multiplier 1, seed100",isotropic:0.02,1,0.07952247094362974,231.88696477730892,154.472906076652
"Baseline multiplier 1, seed100",isotropic:0.02,1,0.08090980211272836,168.1773118920316,154.472906076652
"Baseline multiplier 1, seed100",isotropic:0.02,1,0.08231318183243275,114.3122133978609,154.472906076652
"Baseline multiplier 1, seed100",isotropic:0.02,1,0.08370801294222474,82.86925174997683,154.472906076652
"Baseline multiplier 1, seed100",isotropic:0.02,1,0.0850902940146625,71.15201821540239,154.472906076652
"Baseline multiplier 1, seed100",isotropic:0.02,1,0.08647327497601509,68.1442792018539,154.472906076652
"Baseline multiplier 1, seed100",isotropic:0.02,1,0.08785771485418081,67.17897581663512,154.472906076652
"Baseline multiplier 1, seed100",isotropic:0.02,1,0.08925869595259428,66.36636165095912,154.472906076652
"Baseline multiplier 1, seed100",isotropic:0.02,1,0.09063363680616021,66.36636165095912,154.472906076652
"Baseline multiplier 1, seed100",isotropic:0.02,1,0.09201498702168465,62.47971018721777,154.472906076652
"Baseline multiplier 1, seed100",isotropic:0.02,1,0.0934019680134952,62.47971018721777,154.472906076652
"Baseline multiplier 1, seed100",isotropic:0.02,1,0.09479490900412202,61.719711606875926,154.472906076652
"Baseline multiplier 1, seed100",isotropic:0.02,1,0.09619108913466334,60.440182866734844,154.472906076652
"Baseline multiplier 1, seed100",isotropic:0.02,1,0.09757341025397182,60.440182866734844,154.472906076652
"Baseline multiplier 1, seed100",isotropic:0.02,1,0.09895680099725723,59.38518632453962,154.472906076652
"Baseline multiplier 1, seed100",isotropic:0.02,1,0.10034629097208381,57.900128690924134,154.472906076652
"Baseline multiplier 1, seed100",isotropic:0.02,1,0.1017353618517518,57.900128690924134,154.472906076652
"Baseline multiplier 1, seed100",isotropic:0.02,1,0.10312504321336746,56.21865108645479,154.472906076652
"Baseline multiplier 1, seed100",isotropic:0.02,1,0.10450806422159076,54.891631194148445,154.472906076652
"Baseline multiplier 1, seed100",isotropic:0.02,1,0.10589742381125689,52.619165680547574,154.472906076652
"Baseline multiplier 1, seed100",isotropic:0.02,1,0.10729468520730734,50.22321032461287,154.472906076652
"Baseline multiplier 1, seed100",isotropic:0.02,1,0.10867912601679564,47.34375735544075,154.472906076652
"Baseline multiplier 1, seed100",isotropic:0.02,1,0.11007689591497183,43.62163349043498,154.472906076652
"Baseline multiplier 1, seed100",isotropic:0.02,1,0.11147079709917307,38.98462667219114,154.472906076652
"Baseline multiplier 1, seed100",isotropic:0.02,1,0.11285350797697902,33.946859934825305,154.472906076652
"Baseline multiplier 1, seed100",isotropic:0.02,1,0.11425098916515708,29.19740285273927,154.472906076652
"Baseline multiplier 1, seed100",isotropic:0.02,1,0.11564095923677087,25.154475122687604,154.472906076652
"Baseline multiplier 1, seed100",isotropic:0.02,1,0.11703140987083316,21.91242991545188,154.472906076652
"Baseline multiplier 1, seed100",isotropic:0.02,1,0.11840918101370335,21.91242991545188,154.472906076652
"Baseline multiplier 1, seed100",isotropic:0.02,1,0.11978591186925769,19.773614537364868,154.472906076652
"Baseline multiplier 1, seed100",isotropic:0.02,1,0.12120182206854224,18.384169315350956,154.472906076652
"Baseline multiplier 1, seed100",isotropic:0.02,2,0.0071904840879142284,281693.5677840825,154.472906076652
"Baseline multiplier 1, seed100",isotropic:0.02,2,0.013276107143610716,49677.330282895244,154.472906076652
"Baseline multiplier 1, seed100",isotropic:0.02,2,0.019037120044231415,9088.14881167172,154.472906076652
"Baseline multiplier 1, seed100",isotropic:0.02,2,0.024777923244982958,2460.1645935153906,154.472906076652
"Baseline multiplier 1, seed100",isotropic:0.02,2,0.030457536224275827,1717.7792866025368,154.472906076652
"Baseline multiplier 1, seed100",isotropic:0.02,2,0.03616115916520357,1107.544955602983,154.472906076652
"Baseline multiplier 1, seed100",isotropic:0.02,2,0.041831502225250006,496.98197108548806,154.472906076652
"Baseline multiplier 1, seed100",isotropic:0.02,2,0.04777714516967535,436.47214224123906,154.472906076652
"Baseline multiplier 1, seed100",isotropic:0.02,2,0.053486358374357224,394.6590301372908,154.472906076652
"Baseline multiplier 1, seed100",isotropic:0.02,2,0.05921488115563989,409.4766994439719,154.472906076652
"Baseline multiplier 1, seed100",isotropic:0.02,2,0.06497609335929155,395.35027763003023,154.472906076652
"Baseline multiplier 1, seed100",isotropic:0.02,2,0.07067446643486619,414.3733386092209,154.472906076652
"Baseline multiplier 1, seed100",isotropic:0.02,2,0.07209145743399858,387.7248818342372,154.472906076652
"Baseline multiplier 1, seed100",isotropic:0.02,2,0.07362331822514534,373.1937858924845,154.472906076652
"Baseline multiplier 1, seed100",isotropic:0.02,2,0.07501192903146148,354.5146848329837,154.472906076652
"Baseline multiplier 1, seed100",isotropic:0.02,2,0.07640801928937435,327.8315349269028,154.472906076652
"Baseline multiplier 1, seed100",isotropic:0.02,2,0.0778014101088047,287.7909936064951,154.472906076652
"Baseline multiplier 1, seed100",isotropic:0.02,2,0.07919330103322864,231.88696477730892,154.472906076652
"Baseline multiplier 1, seed100",isotropic:0.02,2,0.08070498099550605,168.1773118920316,154.472906076652
"Baseline multiplier 1, seed100",isotropic:0.02,2,0.08217014232650399,114.3122133978609,154.472906076652
"Baseline multiplier 1, seed100",isotropic:0.02,2,0.08357297303155065,82.86925174997683,154.472906076652
"Baseline multiplier 1, seed100",isotropic:0.02,2,0.08494891412556171,71.15201821540239,154.472906076652
"Baseline multiplier 1, seed100",isotropic:0.02,2,0.08635887410491705,68.1442792018539,154.472906076652
"Baseline multiplier 1, seed100",isotropic:0.02,2,0.08774990541860461,67.17897581663512,154.472906076652
"Baseline multiplier 1, seed100",isotropic:0.02,2,0.08914557611569762,66.36636165095912,154.472906076652
"Baseline multiplier 1, seed100",isotropic:0.02,2,0.09052684623748064,66.36636165095912,154.472906076652
"Baseline multiplier 1, seed100",isotropic:0.02,2,0.09190600737929344,62.47971018721777,154.472906076652
"Baseline multiplier 1, seed100",isotropic:0.02,2,0.09330317843705416,62.47971018721777,154.472906076652
"Baseline multiplier 1, seed100",isotropic:0.02,2,0.09467797912657261,61.719711606875926,154.472906076652
"Baseline multiplier 1, seed100",isotropic:0.02,2,0.09607538906857371,60.440182866734844,154.472906076652
"Baseline multiplier 1, seed100",isotropic:0.02,2,0.09746739035472274,60.440182866734844,154.472906076652
"Baseline multiplier 1, seed100",isotropic:0.02,2,0.09884650120511651,59.38518632453962,154.472906076652
"Baseline multiplier 1, seed100",isotropic:0.02,2,0.10024089133366942,57.900128690924134,154.472906076652
"Baseline multiplier 1, seed100",isotropic:0.02,2,0.10162450233474374,57.900128690924134,154.472906076652
"Baseline multiplier 1, seed100",isotropic:0.02,2,0.10300089325755835,56.21865108645479,154.472906076652
"Baseline multiplier 1, seed100",isotropic:0.02,2,0.10439771320670843,54.891631194148445,154.472906076652
"Baseline multiplier 1, seed100",isotropic:0.02,2,0.10577063402161002,52.619165680547574,154.472906076652
"Baseline multiplier 1, seed100",isotropic:0.02,2,0.10715694539248943,50.22321032461287,154.472906076652
"Baseline multiplier 1, seed100",isotropic:0.02,2,0.10858655627816916,47.34375735544075,154.472906076652
"Baseline multiplier 1, seed100",isotropic:0.02,2,0.10998330637812614,43.62163349043498,154.472906076652
"Baseline multiplier 1, seed100",isotropic:0.02,2,0.11136433715000749,38.98462667219114,154.472906076652
"Baseline multiplier 1, seed100",isotropic:0.02,2,0.1127549484372139,33.946859934825305,154.472906076652
"Baseline multiplier 1, seed100",isotropic:0.02,2,0.11413883836939931,29.19740285273927,154.472906076652
"Baseline multiplier 1, seed100",isotropic:0.02,2,0.11551533918827772,25.154475122687604,154.472906076652
"Baseline multiplier 1, seed100",isotropic:0.02,2,0.11688815010711551,21.91242991545188,154.472906076652
"Baseline multiplier 1, seed100",isotropic:0.02,2,0.11829961137846112,21.91242991545188,154.472906076652
"Baseline multiplier 1, seed100",isotropic:0.02,2,0.11967884143814445,19.773614537364868,154.472906076652
"Baseline multiplier 1, seed100",isotropic:0.02,2,0.12108299229294062,18.384169315350956,154.472906076652
"Baseline multiplier 1, seed100",isotropic:0.10,0,0.0069396039471030235,296761.63611279556,154.472906076652
"Baseline multiplier 1, seed100",isotropic:0.10,0,0.013013217132538557,88582.31112130836,154.472906076652
"Baseline multiplier 1, seed100",isotropic:0.10,0,0.018749049864709377,45611.88979978824,154.472906076652
"Baseline multiplier 1, seed100",isotropic:0.10,0,0.024462942965328693,21768.620173722084,154.472906076652
"Baseline multiplier 1, seed100",isotropic:0.10,0,0.030169055797159672,15218.951240293576,154.472906076652
"Baseline multiplier 1, seed100",isotropic:0.10,0,0.03602579887956381,11632.46670407914,154.472906076652
"Baseline multiplier 1, seed100",isotropic:0.10,0,0.04206257173791528,5870.883068984749,154.472906076652
"Baseline multiplier 1, seed100",isotropic:0.10,0,0.04777185479179025,4829.6379641251015,154.472906076652
"Baseline multiplier 1, seed100",isotropic:0.10,0,0.053463098127394915,4637.651121494857,154.472906076652
"Baseline multiplier 1, seed100",isotropic:0.10,0,0.059134259819984436,4603.081302667266,154.472906076652
"Baseline multiplier 1, seed100",isotropic:0.10,0,0.06496514286845922,4606.747222663541,154.472906076652
"Baseline multiplier 1, seed100",isotropic:0.10,0,0.07098028576001525,4620.975236262129,154.472906076652
"Baseline multiplier 1, seed100",isotropic:0.10,0,0.07248280709609389,4232.004145736993,154.472906076652
"Baseline multiplier 1, seed100",isotropic:0.10,0,0.07387776812538505,3944.790539355517,154.472906076652
"Baseline multiplier 1, seed100",isotropic:0.10,0,0.0752757890149951,3577.9311690635272,154.472906076652
"Baseline multiplier 1, seed100",isotropic:0.10,0,0.076686249114573,3047.232625476265,154.472906076652
"Baseline multiplier 1, seed100",isotropic:0.10,0,0.07807519985362887,2344.388002826413,154.472906076652
"Baseline multiplier 1, seed100",isotropic:0.10,0,0.07945917081087828,1573.2367272931726,154.472906076652
"Baseline multiplier 1, seed100",isotropic:0.10,0,0.08083297172561288,922.5497902650844,154.472906076652
"Baseline multiplier 1, seed100",isotropic:0.10,0,0.08221674198284745,922.5497902650844,154.472906076652
"Baseline multiplier 1, seed100",isotropic:0.10,0,0.08360197301954031,734.1839307628844,154.472906076652
"Baseline multiplier 1, seed100",isotropic:0.10,0,0.08496650401502848,734.1839307628844,154.472906076652
"Baseline multiplier 1, seed100",isotropic:0.10,0,0.08636527368798852,666.8907923733569,154.472906076652
"Baseline multiplier 1, seed100",isotropic:0.10,0,0.08775347471237183,567.2631600598443,154.472906076652
"Baseline multiplier 1, seed100",isotropic:0.10,0,0.0891324058175087,441.9157048304043,154.472906076652
"Baseline multiplier 1, seed100",isotropic:0.10,0,0.09052745578810573,320.87118604749986,154.472906076652
"Baseline multiplier 1, seed100",isotropic:0.10,0,0.09190669702365994,226.47538956238722,154.472906076652
"Baseline multiplier 1, seed100",isotropic:0.10,0,0.09330764785408974,226.47538956238722,154.472906076652
"Baseline multiplier 1, seed100",isotropic:0.10,0,0.09469073871150613,197.14778723700127,154.472906076652
"Baseline multiplier 1, seed100",isotropic:0.10,0,0.09609606908634305,161.29422493799697,154.472906076652
"Baseline multiplier 1, seed100",isotropic:0.10,0,0.09750712988898158,124.38465924351588,154.472906076652
"Baseline multiplier 1, seed100",isotropic:0.10,0,0.09887871099635959,124.38465924351588,154.472906076652
"Baseline multiplier 1, seed100",isotropic:0.10,0,0.10029045073315501,111.52955590402205,154.472906076652
"Baseline multiplier 1, seed100",isotropic:0.10,0,0.10167221212759614,96.19244206031446,154.472906076652
"Baseline multiplier 1, seed100",isotropic:0.10,0,0.10305508272722363,84.77576820297244,154.472906076652
"Baseline multiplier 1, seed100",isotropic:0.10,0,0.10445141373202205,80.26284987771778,154.472906076652
"Baseline multiplier 1, seed100",isotropic:0.10,0,0.10582066373899579,80.26284987771778,154.472906076652
"Baseline multiplier 1, seed100",isotropic:0.10,0,0.10721133509650826,77.55801765862898,154.472906076652
"Baseline multiplier 1, seed100",isotropic:0.10,0,0.10859481571242213,76.98536717257475,154.472906076652
"Baseline multiplier 1, seed100",isotropic:0.10,0,0.1099654259160161,76.98536717257475,154.472906076652
"Baseline multiplier 1, seed100",isotropic:0.10,0,0.1115219066850841,76.6768255498213,154.472906076652
"Baseline multiplier 1, seed100",isotropic:0.10,0,0.11307998793199658,76.41899074633785,154.472906076652
"Baseline multiplier 1, seed100",isotropic:0.10,0,0.1144701479934156,76.41899074633785,154.472906076652
"Baseline multiplier 1, seed100",isotropic:0.10,0,0.11586411902680993,75.63037707330956,154.472906076652
"Baseline multiplier 1, seed100",isotropic:0.10,0,0.11727868998423219,75.63037707330956,154.472906076652
"Baseline multiplier 1, seed100",isotropic:0.10,0,0.11865298077464104,75.63037707330956,154.472906076652
"Baseline multiplier 1, seed100",isotropic:0.10,0,0.12003864208236337,74.64672303842985,154.472906076652
"Baseline multiplier 1, seed100",isotropic:0.10,0,0.12144412193447351,73.7985660227253,154.472906076652
"Baseline multiplier 1, seed100",isotropic:0.10,1,0.007233013864606619,296761.63611279556,154.472906076652
"Baseline multiplier 1, seed100",isotropic:0.10,1,0.013282866682857275,88582.31112130836,154.472906076652
"Baseline multiplier 1, seed100",isotropic:0.10,1,0.018995409831404686,45611.88979978824,154.472906076652
"Baseline multiplier 1, seed100",isotropic:0.10,1,0.024715553037822247,21768.620173722084,154.472906076652
"Baseline multiplier 1, seed100",isotropic:0.10,1,0.03074808605015278,15218.951240293576,154.472906076652
"Baseline multiplier 1, seed100",isotropic:0.10,1,0.036480838898569345,11632.46670407914,154.472906076652
"Baseline multiplier 1, seed100",isotropic:0.10,1,0.04218019172549248,5870.883068984749,154.472906076652
"Baseline multiplier 1, seed100",isotropic:0.10,1,0.04788848478347063,4829.6379641251015,154.472906076652
"Baseline multiplier 1, seed100",isotropic:0.10,1,0.05357394786551595,4637.651121494857,154.472906076652
"Baseline multiplier 1, seed100",isotropic:0.10,1,0.059450021013617516,4603.081302667266,154.472906076652
"Baseline multiplier 1, seed100",isotropic:0.10,1,0.0651755640283227,4606.747222663541,154.472906076652
"Baseline multiplier 1, seed100",isotropic:0.10,1,0.0709142666310072,4620.975236262129,154.472906076652
"Baseline multiplier 1, seed100",isotropic:0.10,1,0.07234243676066399,4232.004145736993,154.472906076652
"Baseline multiplier 1, seed100",isotropic:0.10,1,0.07393658766523004,3944.790539355517,154.472906076652
"Baseline multiplier 1, seed100",isotropic:0.10,1,0.0753465685993433,3577.9311690635272,154.472906076652
"Baseline multiplier 1, seed100",isotropic:0.10,1,0.07674924982711673,3047.232625476265,154.472906076652
"Baseline multiplier 1, seed100",isotropic:0.10,1,0.07814180990681052,2344.388002826413,154.472906076652
"Baseline multiplier 1, seed100",isotropic:0.10,1,0.07956319069489837,1573.2367272931726,154.472906076652
"Baseline multiplier 1, seed100",isotropic:0.10,1,0.08095265179872513,922.5497902650844,154.472906076652
"Baseline multiplier 1, seed100",isotropic:0.10,1,0.0823242119513452,922.5497902650844,154.472906076652
"Baseline multiplier 1, seed100",isotropic:0.10,1,0.08371802279725671,734.1839307628844,154.472906076652
"Baseline multiplier 1, seed100",isotropic:0.10,1,0.08508751401677728,734.1839307628844,154.472906076652
"Baseline multiplier 1, seed100",isotropic:0.10,1,0.08648757403716445,666.8907923733569,154.472906076652
"Baseline multiplier 1, seed100",isotropic:0.10,1,0.08787315478548408,567.2631600598443,154.472906076652
"Baseline multiplier 1, seed100",isotropic:0.10,1,0.08927181595936418,441.9157048304043,154.472906076652
"Baseline multiplier 1, seed100",isotropic:0.10,1,0.09067421685904264,320.87118604749986,154.472906076652
"Baseline multiplier 1, seed100",isotropic:0.10,1,0.0920571368187666,226.47538956238722,154.472906076652
"Baseline multiplier 1, seed100",isotropic:0.10,1,0.093436807859689,226.47538956238722,154.472906076652
"Baseline multiplier 1, seed100",isotropic:0.10,1,0.09482093900442123,197.14778723700127,154.472906076652
"Baseline multiplier 1, seed100",isotropic:0.10,1,0.0962097686715424,161.29422493799697,154.472906076652
"Baseline multiplier 1, seed100",isotropic:0.10,1,0.09762892965227365,124.38465924351588,154.472906076652
"Baseline multiplier 1, seed100",isotropic:0.10,1,0.09899160079658031,124.38465924351588,154.472906076652
"Baseline multiplier 1, seed100",isotropic:0.10,1,0.10037888074293733,111.52955590402205,154.472906076652
"Baseline multiplier 1, seed100",isotropic:0.10,1,0.10175656201317906,96.19244206031446,154.472906076652
"Baseline multiplier 1, seed100",isotropic:0.10,1,0.10313373291864991,84.77576820297244,154.472906076652
"Baseline multiplier 1, seed100",isotropic:0.10,1,0.10453057382255793,80.26284987771778,154.472906076652
"Baseline multiplier 1, seed100",isotropic:0.10,1,0.10590649396181107,80.26284987771778,154.472906076652
"Baseline multiplier 1, seed100",isotropic:0.10,1,0.10729755461215973,77.55801765862898,154.472906076652
"Baseline multiplier 1, seed100",isotropic:0.10,1,0.10878507560119033,76.98536717257475,154.472906076652
"Baseline multiplier 1, seed100",isotropic:0.10,1,0.11016830569133162,76.98536717257475,154.472906076652
"Baseline multiplier 1, seed100",isotropic:0.10,1,0.11156635684892535,76.6768255498213,154.472906076652
"Baseline multiplier 1, seed100",isotropic:0.10,1,0.11295757768675685,76.41899074633785,154.472906076652
"Baseline multiplier 1, seed100",isotropic:0.10,1,0.11432221764698625,76.41899074633785,154.472906076652
"Baseline multiplier 1, seed100",isotropic:0.10,1,0.11572072887793183,75.63037707330956,154.472906076652
"Baseline multiplier 1, seed100",isotropic:0.10,1,0.11708467965945601,75.63037707330956,154.472906076652
"Baseline multiplier 1, seed100",isotropic:0.10,1,0.11847091093659401,75.63037707330956,154.472906076652
"Baseline multiplier 1, seed100",isotropic:0.10,1,0.1198577107861638,74.64672303842985,154.472906076652
"Baseline multiplier 1, seed100",isotropic:0.10,1,0.1212384719401598,73.7985660227253,154.472906076652
"Baseline multiplier 1, seed100",isotropic:0.10,2,0.006956573575735092,296761.63611279556,154.472906076652
"Baseline multiplier 1, seed100",isotropic:0.10,2,0.013018066994845867,88582.31112130836,154.472906076652
"Baseline multiplier 1, seed100",isotropic:0.10,2,0.018737589940428734,45611.88979978824,154.472906076652
"Baseline multiplier 1, seed100",isotropic:0.10,2,0.024446922820061445,21768.620173722084,154.472906076652
"Baseline multiplier 1, seed100",isotropic:0.10,2,0.030139004811644554,15218.951240293576,154.472906076652
"Baseline multiplier 1, seed100",isotropic:0.10,2,0.035807497799396515,11632.46670407914,154.472906076652
"Baseline multiplier 1, seed100",isotropic:0.10,2,0.04146355064585805,5870.883068984749,154.472906076652
"Baseline multiplier 1, seed100",isotropic:0.10,2,0.04715275391936302,4829.6379641251015,154.472906076652
"Baseline multiplier 1, seed100",isotropic:0.10,2,0.05285035679116845,4637.651121494857,154.472906076652
"Baseline multiplier 1, seed100",isotropic:0.10,2,0.058535979595035315,4603.081302667266,154.472906076652
"Baseline multiplier 1, seed100",isotropic:0.10,2,0.06423385301604867,4606.747222663541,154.472906076652
"Baseline multiplier 1, seed100",isotropic:0.10,2,0.06988550582900643,4620.975236262129,154.472906076652
"Baseline multiplier 1, seed100",isotropic:0.10,2,0.07144860597327352,4232.004145736993,154.472906076652
"Baseline multiplier 1, seed100",isotropic:0.10,2,0.07286488683894277,3944.790539355517,154.472906076652
"Baseline multiplier 1, seed100",isotropic:0.10,2,0.07427176786586642,3577.9311690635272,154.472906076652
"Baseline multiplier 1, seed100",isotropic:0.10,2,0.07568108895793557,3047.232625476265,154.472906076652
"Baseline multiplier 1, seed100",isotropic:0.10,2,0.07705881865695119,2344.388002826413,154.472906076652
"Baseline multiplier 1, seed100",isotropic:0.10,2,0.0784551496617496,1573.2367272931726,154.472906076652
"Baseline multiplier 1, seed100",isotropic:0.10,2,0.07984482077881694,922.5497902650844,154.472906076652
"Baseline multiplier 1, seed100",isotropic:0.10,2,0.08121368195861578,922.5497902650844,154.472906076652
"Baseline multiplier 1, seed100",isotropic:0.10,2,0.08260262198746204,734.1839307628844,154.472906076652
"Baseline multiplier 1, seed100",isotropic:0.10,2,0.0839965627528727,734.1839307628844,154.472906076652
"Baseline multiplier 1, seed100",isotropic:0.10,2,0.08537500398233533,666.8907923733569,154.472906076652
"Baseline multiplier 1, seed100",isotropic:0.10,2,0.08693674392998219,567.2631600598443,154.472906076652
"Baseline multiplier 1, seed100",isotropic:0.10,2,0.08839277504011989,441.9157048304043,154.472906076652
"Baseline multiplier 1, seed100",isotropic:0.10,2,0.08983602561056614,320.87118604749986,154.472906076652
"Baseline multiplier 1, seed100",isotropic:0.10,2,0.09123686701059341,226.47538956238722,154.472906076652
"Baseline multiplier 1, seed100",isotropic:0.10,2,0.09264128701761365,226.47538956238722,154.472906076652
"Baseline multiplier 1, seed100",isotropic:0.10,2,0.0940367178991437,197.14778723700127,154.472906076652
"Baseline multiplier 1, seed100",isotropic:0.10,2,0.0954276486299932,161.29422493799697,154.472906076652
"Baseline multiplier 1, seed100",isotropic:0.10,2,0.09685880970209837,124.38465924351588,154.472906076652
"Baseline multiplier 1, seed100",isotropic:0.10,2,0.09823051979765296,124.38465924351588,154.472906076652
"Baseline multiplier 1, seed100",isotropic:0.10,2,0.09962541097775102,111.52955590402205,154.472906076652
"Baseline multiplier 1, seed100",isotropic:0.10,2,0.10102692060172558,96.19244206031446,154.472906076652
"Baseline multiplier 1, seed100",isotropic:0.10,2,0.1024075117893517,84.77576820297244,154.472906076652
"Baseline multiplier 1, seed100",isotropic:0.10,2,0.10380017291754484,80.26284987771778,154.472906076652
"Baseline multiplier 1, seed100",isotropic:0.10,2,0.10516763385385275,80.26284987771778,154.472906076652
"Baseline multiplier 1, seed100",isotropic:0.10,2,0.10654862364754081,77.55801765862898,154.472906076652
"Baseline multiplier 1, seed100",isotropic:0.10,2,0.10795007459819317,76.98536717257475,154.472906076652
"Baseline multiplier 1, seed100",isotropic:0.10,2,0.10934161581099033,76.98536717257475,154.472906076652
"Baseline multiplier 1, seed100",isotropic:0.10,2,0.11073950584977865,76.6768255498213,154.472906076652
"Baseline multiplier 1, seed100",isotropic:0.10,2,0.11212147679179907,76.41899074633785,154.472906076652
"Baseline multiplier 1, seed100",isotropic:0.10,2,0.11350025795400143,76.41899074633785,154.472906076652
"Baseline multiplier 1, seed100",isotropic:0.10,2,0.11488089896738529,75.63037707330956,154.472906076652
"Baseline multiplier 1, seed100",isotropic:0.10,2,0.11624581879004836,75.63037707330956,154.472906076652
"Baseline multiplier 1, seed100",isotropic:0.10,2,0.11761058960109949,75.63037707330956,154.472906076652
"Baseline multiplier 1, seed100",isotropic:0.10,2,0.11899215076118708,74.64672303842985,154.472906076652
"Baseline multiplier 1, seed100",isotropic:0.10,2,0.12036335095763206,73.7985660227253,154.472906076652
"Baseline multiplier 1, seed100",multistart,0,0.0014010407030582428,1349274.5975423618,154.472906076652
"Baseline multiplier 1, seed100",multistart,0,0.002800161950290203,311406.11292469443,154.472906076652
"Baseline multiplier 1, seed100",multistart,0,0.004210022743791342,79264.57520366379,154.472906076652
"Baseline multiplier 1, seed100",multistart,0,0.005614482797682285,21080.113543469623,154.472906076652
"Baseline multiplier 1, seed100",multistart,0,0.007000203710049391,4024.0902369436303,154.472906076652
"Baseline multiplier 1, seed100",multistart,0,0.008397284895181656,646.0968661889601,154.472906076652
"Baseline multiplier 1, seed100",multistart,0,0.009805995039641857,122.31215161503069,154.472906076652
"Baseline multiplier 1, seed100",multistart,0,0.01119348593056202,31.503782789446742,154.472906076652
"Baseline multiplier 1, seed100",multistart,0,0.012599267065525055,18.994736221510134,154.472906076652
"Baseline multiplier 1, seed100",multistart,0,0.013977597001940012,17.044074857319497,154.472906076652
"Baseline multiplier 1, seed100",multistart,0,0.015356528107076883,16.104405504921004,154.472906076652
"Baseline multiplier 1, seed100",multistart,0,0.01675716880708933,15.383213314169597,154.472906076652
"Baseline multiplier 1, seed100",multistart,0,0.018158509861677885,15.376412409753094,154.472906076652
"Baseline multiplier 1, seed100",multistart,0,0.019547139760106802,15.371351619186495,154.472906076652
"Baseline multiplier 1, seed100",multistart,0,0.020946350879967213,15.361621236098832,154.472906076652
"Baseline multiplier 1, seed100",multistart,0,0.022333291824907064,15.342487963118648,154.472906076652
"Baseline multiplier 1, seed100",multistart,0,0.023746212013065815,15.305212789991801,154.472906076652
"Baseline multiplier 1, seed100",multistart,0,0.025138042867183685,15.233619939075167,154.472906076652
"Baseline multiplier 1, seed100",multistart,0,0.026537213940173388,15.098189131972493,154.472906076652
"Baseline multiplier 1, seed100",multistart,0,0.027918015141040087,14.847521328859067,154.472906076652
"Baseline multiplier 1, seed100",multistart,0,0.029316415078938007,14.40953841554642,154.472906076652
"Baseline multiplier 1, seed100",multistart,0,0.030719575937837362,13.75353550788805,154.472906076652
"Baseline multiplier 1, seed100",multistart,0,0.03210701700299978,13.061313744116555,154.472906076652
"Baseline multiplier 1, seed100",multistart,0,0.03349467786028981,12.525890336064922,154.472906076652
"Baseline multiplier 1, seed100",multistart,0,0.03486687783151865,11.83400820768028,154.472906076652
"Baseline multiplier 1, seed100",multistart,0,0.03625262901186943,11.686334359322496,154.472906076652
"Baseline multiplier 1, seed100",multistart,0,0.0376421888358891,11.63796990970688,154.472906076652
"Baseline multiplier 1, seed100",multistart,0,0.03903744975104928,11.634448607631082,154.472906076652
"Baseline multiplier 1, seed100",multistart,0,0.040469370782375336,11.634394695388062,154.472906076652
"Baseline multiplier 1, seed100",multistart,0,0.041868762113153934,11.634394425446231,154.472906076652
"Baseline multiplier 1, seed100",multistart,0,0.0432476419955492,11.63439442498909,154.472906076652
"Baseline multiplier 1, seed100",multistart,0,0.0446531530469656,11.634394424988757,154.472906076652
"Baseline multiplier 1, seed100",multistart,0,0.04603472398594022,11.634394424988757,154.472906076652
"Baseline multiplier 1, seed100",multistart,0,0.047424033749848604,11.634394424988757,154.472906076652
"Baseline multiplier 1, seed100",multistart,0,0.04880225472152233,11.634394424988757,154.472906076652
"Baseline multiplier 1, seed100",multistart,0,0.05017691571265459,11.634394424988757,154.472906076652
"Baseline multiplier 1, seed100",multistart,0,0.0515554160811007,11.634394424988757,154.472906076652
"Baseline multiplier 1, seed100",multistart,0,0.05292562674731016,11.634394424988757,154.472906076652
"Baseline multiplier 1, seed100",multistart,0,0.05429269792512059,11.634394424988757,154.472906076652
"Baseline multiplier 1, seed100",multistart,0,0.05567243881523609,11.634394424988757,154.472906076652
"Baseline multiplier 1, seed100",multistart,0,0.057067329064011574,11.634394424988757,154.472906076652
"Baseline multiplier 1, seed100",multistart,0,0.05849710991606116,11.634394424988757,154.472906076652
"Baseline multiplier 1, seed100",multistart,0,0.059880991000682116,11.634394424988757,154.472906076652
"Baseline multiplier 1, seed100",multistart,0,0.061262440867722034,11.634394424988757,154.472906076652
"Baseline multiplier 1, seed100",multistart,0,0.06264714198186994,11.634394424988757,154.472906076652
"Baseline multiplier 1, seed100",multistart,0,0.06402192311361432,11.634394424988757,154.472906076652
"Baseline multiplier 1, seed100",multistart,0,0.06539498269557953,11.634394424988757,154.472906076652
"Baseline multiplier 1, seed100",multistart,0,0.06678001396358013,11.634394424988757,154.472906076652
"Baseline multiplier 1, seed100",multistart,0,0.06836959486827254,11.634394424988757,154.472906076652
"Baseline multiplier 1, seed100",multistart,0,0.06975798588246107,11.634394424988757,154.472906076652
"Baseline multiplier 1, seed100",multistart,0,0.07113976590335369,11.634394424988757,154.472906076652
"Baseline multiplier 1, seed100",multistart,0,0.072554687038064,11.634394424988757,154.472906076652
"Baseline multiplier 1, seed100",multistart,0,0.07394974818453193,11.634394424988757,154.472906076652
"Baseline multiplier 1, seed100",multistart,0,0.07535098912194371,11.634394424988757,154.472906076652
"Baseline multiplier 1, seed100",multistart,0,0.07673596916720271,11.634394424988757,154.472906076652
"Baseline multiplier 1, seed100",multistart,0,0.07812978979200125,11.634394424988757,154.472906076652
"Baseline multiplier 1, seed100",multistart,0,0.07954196119681001,11.634394424988757,154.472906076652
"Baseline multiplier 1, seed100",multistart,0,0.08091822220012546,11.634394424988757,154.472906076652
"Baseline multiplier 1, seed100",multistart,0,0.08229543222114444,11.634394424988757,154.472906076652
"Baseline multiplier 1, seed100",multistart,0,0.08367890305817127,11.634394424988757,154.472906076652
"Baseline multiplier 1, seed100",multistart,0,0.0850677341222763,11.634394424988757,154.472906076652
"Baseline multiplier 1, seed100",multistart,0,0.08645503409206867,11.634394424988757,154.472906076652
"Baseline multiplier 1, seed100",multistart,0,0.08783774496987462,11.634394424988757,154.472906076652
"Baseline multiplier 1, seed100",multistart,0,0.08921045623719692,11.634394424988757,154.472906076652
"Baseline multiplier 1, seed100",multistart,0,0.09059874713420868,11.634394424988757,154.472906076652
"Baseline multiplier 1, seed100",multistart,0,0.09197870688512921,11.634394424988757,154.472906076652
"Baseline multiplier 1, seed100",multistart,0,0.09337373822927475,11.634394424988757,154.472906076652
"Baseline multiplier 1, seed100",multistart,0,0.09475387819111347,11.634394424988757,154.472906076652
"Baseline multiplier 1, seed100",multistart,0,0.09613457880914211,11.634394424988757,154.472906076652
"Baseline multiplier 1, seed100",multistart,0,0.09752555983141065,11.634394424988757,154.472906076652
"Baseline multiplier 1, seed100",multistart,0,0.09900289122015238,11.634394424988757,154.472906076652
"Baseline multiplier 1, seed100",multistart,0,0.1003923611715436,11.634394424988757,154.472906076652
"Baseline multiplier 1, seed100",multistart,0,0.10178841184824705,11.634394424988757,154.472906076652
"Baseline multiplier 1, seed100",multistart,0,0.10317960288375616,11.634394424988757,154.472906076652
"Baseline multiplier 1, seed100",multistart,0,0.10457772389054298,11.634394424988757,154.472906076652
"Baseline multiplier 1, seed100",multistart,0,0.10595945408567786,11.634394424988757,154.472906076652
"Baseline multiplier 1, seed100",multistart,0,0.10735232522711158,11.634394424988757,154.472906076652
"Baseline multiplier 1, seed100",multistart,0,0.10874009598046541,11.634394424988757,154.472906076652
"Baseline multiplier 1, seed100",multistart,0,0.11011441610753536,11.634394424988757,154.472906076652
"Baseline multiplier 1, seed100",multistart,0,0.11150981718674302,11.634394424988757,154.472906076652
"Baseline multiplier 1, seed100",multistart,0,0.11288673803210258,11.634394424988757,154.472906076652
"Baseline multiplier 1, seed100",multistart,0,0.11427026800811291,11.634394424988757,154.472906076652
"Baseline multiplier 1, seed100",multistart,0,0.11566113913431764,11.634394424988752,154.472906076652
"Baseline multiplier 1, seed100",multistart,0,0.11702639982104301,11.634394424988752,154.472906076652
"Baseline multiplier 1, seed100",multistart,0,0.11841388093307614,11.634394424988736,154.472906076652
"Baseline multiplier 1, seed100",multistart,0,0.11978140100836754,11.634394424988736,154.472906076652
"Baseline multiplier 1, seed100",multistart,0,0.12114789197221398,11.634394424988736,154.472906076652
"Baseline multiplier 1, seed100",multistart,0,0.1225196928717196,11.634394424988736,154.472906076652
"Baseline multiplier 1, seed100",multistart,0,0.12390326289460063,11.634394424988729,154.472906076652
"Baseline multiplier 1, seed100",multistart,0,0.12528408411890268,11.634394424988729,154.472906076652
"Baseline multiplier 1, seed100",multistart,0,0.1266555548645556,11.634394424988729,154.472906076652
"Baseline multiplier 1, seed100",multistart,0,0.12803166592493653,11.634394424988729,154.472906076652
"Baseline multiplier 1, seed100",multistart,0,0.12942234613001347,11.634394424988729,154.472906076652
"Baseline multiplier 1, seed100",multistart,0,0.1307934271171689,11.634394424988729,154.472906076652
"Baseline multiplier 1, seed100",multistart,0,0.1321676280349493,11.634394424988729,154.472906076652
"Baseline multiplier 1, seed100",multistart,0,0.13354975823312998,11.634394424988729,154.472906076652
"Baseline multiplier 1, seed100",multistart,1,0.0014207209460437298,1349274.5975423618,154.472906076652
"Baseline multiplier 1, seed100",multistart,1,0.0028149918653070927,311406.11292469443,154.472906076652
"Baseline multiplier 1, seed100",multistart,1,0.004221791867166758,79264.57520366379,154.472906076652
"Baseline multiplier 1, seed100",multistart,1,0.005600662901997566,21080.113543469623,154.472906076652
"Baseline multiplier 1, seed100",multistart,1,0.007008584216237068,4024.0902369436303,154.472906076652
"Baseline multiplier 1, seed100",multistart,1,0.008394863922148943,646.0968661889601,154.472906076652
"Baseline multiplier 1, seed100",multistart,1,0.00977771496400237,122.31215161503069,154.472906076652
"Baseline multiplier 1, seed100",multistart,1,0.011169466190040112,31.503782789446742,154.472906076652
"Baseline multiplier 1, seed100",multistart,1,0.012550856918096542,18.994736221510134,154.472906076652
"Baseline multiplier 1, seed100",multistart,1,0.013943267054855824,17.044074857319497,154.472906076652
"Baseline multiplier 1, seed100",multistart,1,0.015326947905123234,16.104405504921004,154.472906076652
"Baseline multiplier 1, seed100",multistart,1,0.016722488217055798,15.383213314169597,154.472906076652
"Baseline multiplier 1, seed100",multistart,1,0.018111369106918573,15.376412409753094,154.472906076652
"Baseline multiplier 1, seed100",multistart,1,0.019489340018481016,15.371351619186495,154.472906076652
"Baseline multiplier 1, seed100",multistart,1,0.020866890903562307,15.361621236098832,154.472906076652
"Baseline multiplier 1, seed100",multistart,1,0.022258801851421595,15.342487963118648,154.472906076652
"Baseline multiplier 1, seed100",multistart,1,0.023632312193512917,15.305212789991801,154.472906076652
"Baseline multiplier 1, seed100",multistart,1,0.025042183231562376,15.233619939075167,154.472906076652
"Baseline multiplier 1, seed100",multistart,1,0.02642066404223442,15.098189131972493,154.472906076652
"Baseline multiplier 1, seed100",multistart,1,0.02779634390026331,14.847521328859067,154.472906076652
"Baseline multiplier 1, seed100",multistart,1,0.029189485125243664,14.40953841554642,154.472906076652
"Baseline multiplier 1, seed100",multistart,1,0.03058501612395048,13.75353550788805,154.472906076652
"Baseline multiplier 1, seed100",multistart,1,0.0319932559505105,13.061313744116555,154.472906076652
"Baseline multiplier 1, seed100",multistart,1,0.03338456712663174,12.525890336064922,154.472906076652
"Baseline multiplier 1, seed100",multistart,1,0.03475950798019767,11.83400820768028,154.472906076652
"Baseline multiplier 1, seed100",multistart,1,0.03614310920238495,11.686334359322496,154.472906076652
"Baseline multiplier 1, seed100",multistart,1,0.03753227926790714,11.63796990970688,154.472906076652
"Baseline multiplier 1, seed100",multistart,1,0.03892162023112178,11.634448607631082,154.472906076652
"Baseline multiplier 1, seed100",multistart,1,0.040305920876562595,11.634394695388062,154.472906076652
"Baseline multiplier 1, seed100",multistart,1,0.04168462101370096,11.634394425446231,154.472906076652
"Baseline multiplier 1, seed100",multistart,1,0.04306752188131213,11.63439442498909,154.472906076652
"Baseline multiplier 1, seed100",multistart,1,0.04444890329614282,11.634394424988757,154.472906076652
"Baseline multiplier 1, seed100",multistart,1,0.04582163318991661,11.634394424988757,154.472906076652
"Baseline multiplier 1, seed100",multistart,1,0.04720604419708252,11.634394424988757,154.472906076652
"Baseline multiplier 1, seed100",multistart,1,0.048579955007880926,11.634394424988757,154.472906076652
"Baseline multiplier 1, seed100",multistart,1,0.049965836107730865,11.634394424988757,154.472906076652
"Baseline multiplier 1, seed100",multistart,1,0.05136919626966119,11.634394424988757,154.472906076652
"Baseline multiplier 1, seed100",multistart,1,0.052766596898436546,11.634394424988757,154.472906076652
"Baseline multiplier 1, seed100",multistart,1,0.054150738287717104,11.634394424988757,154.472906076652
"Baseline multiplier 1, seed100",multistart,1,0.05551929818466306,11.634394424988757,154.472906076652
"Baseline multiplier 1, seed100",multistart,1,0.0569219789467752,11.634394424988757,154.472906076652
"Baseline multiplier 1, seed100",multistart,1,0.05829366995021701,11.634394424988757,154.472906076652
"Baseline multiplier 1, seed100",multistart,1,0.05966441985219717,11.634394424988757,154.472906076652
"Baseline multiplier 1, seed100",multistart,1,0.06105490121990442,11.634394424988757,154.472906076652
"Baseline multiplier 1, seed100",multistart,1,0.062431222293525934,11.634394424988757,154.472906076652
"Baseline multiplier 1, seed100",multistart,1,0.06382279191166162,11.634394424988757,154.472906076652
"Baseline multiplier 1, seed100",multistart,1,0.0652152830734849,11.634394424988757,154.472906076652
"Baseline multiplier 1, seed100",multistart,1,0.06659838417544961,11.634394424988757,154.472906076652
"Baseline multiplier 1, seed100",multistart,1,0.06819731509312987,11.634394424988757,154.472906076652
"Baseline multiplier 1, seed100",multistart,1,0.0695976261049509,11.634394424988757,154.472906076652
"Baseline multiplier 1, seed100",multistart,1,0.07100809598341584,11.634394424988757,154.472906076652
"Baseline multiplier 1, seed100",multistart,1,0.07242312701418996,11.634394424988757,154.472906076652
"Baseline multiplier 1, seed100",multistart,1,0.0738024078309536,11.634394424988757,154.472906076652
"Baseline multiplier 1, seed100",multistart,1,0.07520895823836327,11.634394424988757,154.472906076652
"Baseline multiplier 1, seed100",multistart,1,0.07660759892314672,11.634394424988757,154.472906076652
"Baseline multiplier 1, seed100",multistart,1,0.07799788005650043,11.634394424988757,154.472906076652
"Baseline multiplier 1, seed100",multistart,1,0.0793782901018858,11.634394424988757,154.472906076652
"Baseline multiplier 1, seed100",multistart,1,0.08075482118874788,11.634394424988757,154.472906076652
"Baseline multiplier 1, seed100",multistart,1,0.08215025207027793,11.634394424988757,154.472906076652
"Baseline multiplier 1, seed100",multistart,1,0.08353646285831928,11.634394424988757,154.472906076652
"Baseline multiplier 1, seed100",multistart,1,0.08492056280374527,11.634394424988757,154.472906076652
"Baseline multiplier 1, seed100",multistart,1,0.08630442386493087,11.634394424988757,154.472906076652
"Baseline multiplier 1, seed100",multistart,1,0.08769837487488985,11.634394424988757,154.472906076652
"Baseline multiplier 1, seed100",multistart,1,0.0890872748568654,11.634394424988757,154.472906076652
"Baseline multiplier 1, seed100",multistart,1,0.09048860613256693,11.634394424988757,154.472906076652
"Baseline multiplier 1, seed100",multistart,1,0.09187871683388948,11.634394424988757,154.472906076652
"Baseline multiplier 1, seed100",multistart,1,0.09325860813260078,11.634394424988757,154.472906076652
"Baseline multiplier 1, seed100",multistart,1,0.09462885791435838,11.634394424988757,154.472906076652
"Baseline multiplier 1, seed100",multistart,1,0.09602155908942223,11.634394424988757,154.472906076652
"Baseline multiplier 1, seed100",multistart,1,0.09740062011405826,11.634394424988757,154.472906076652
"Baseline multiplier 1, seed100",multistart,1,0.09877775982022285,11.634394424988757,154.472906076652
"Baseline multiplier 1, seed100",multistart,1,0.10017573088407516,11.634394424988757,154.472906076652
"Baseline multiplier 1, seed100",multistart,1,0.10156268207356334,11.634394424988757,154.472906076652
"Baseline multiplier 1, seed100",multistart,1,0.10295015200972557,11.634394424988757,154.472906076652
"Baseline multiplier 1, seed100",multistart,1,0.10432711290195584,11.634394424988757,154.472906076652
"Baseline multiplier 1, seed100",multistart,1,0.10571231413632631,11.634394424988757,154.472906076652
"Baseline multiplier 1, seed100",multistart,1,0.10710592521354556,11.634394424988757,154.472906076652
"Baseline multiplier 1, seed100",multistart,1,0.10848732525482774,11.634394424988757,154.472906076652
"Baseline multiplier 1, seed100",multistart,1,0.10987650603055954,11.634394424988757,154.472906076652
"Baseline multiplier 1, seed100",multistart,1,0.11126740695908666,11.634394424988757,154.472906076652
"Baseline multiplier 1, seed100",multistart,1,0.1126560578122735,11.634394424988757,154.472906076652
"Baseline multiplier 1, seed100",multistart,1,0.1140486178919673,11.634394424988757,154.472906076652
"Baseline multiplier 1, seed100",multistart,1,0.1154333590529859,11.634394424988752,154.472906076652
"Baseline multiplier 1, seed100",multistart,1,0.11683642026036978,11.634394424988752,154.472906076652
"Baseline multiplier 1, seed100",multistart,1,0.11823171004652977,11.634394424988736,154.472906076652
"Baseline multiplier 1, seed100",multistart,1,0.11960533121600747,11.634394424988736,154.472906076652
"Baseline multiplier 1, seed100",multistart,1,0.12099527195096016,11.634394424988736,154.472906076652
"Baseline multiplier 1, seed100",multistart,1,0.1223637918010354,11.634394424988736,154.472906076652
"Baseline multiplier 1, seed100",multistart,1,0.12372857285663486,11.634394424988729,154.472906076652
"Baseline multiplier 1, seed100",multistart,1,0.12511663418263197,11.634394424988729,154.472906076652
"Baseline multiplier 1, seed100",multistart,1,0.1264867251738906,11.634394424988729,154.472906076652
"Baseline multiplier 1, seed100",multistart,1,0.12787020485848188,11.634394424988729,154.472906076652
"Baseline multiplier 1, seed100",multistart,1,0.1292564761824906,11.634394424988729,154.472906076652
"Baseline multiplier 1, seed100",multistart,1,0.13063606712967157,11.634394424988729,154.472906076652
"Baseline multiplier 1, seed100",multistart,1,0.13201796682551503,11.634394424988729,154.472906076652
"Baseline multiplier 1, seed100",multistart,1,0.13339115818962455,11.634394424988729,154.472906076652
"Baseline multiplier 1, seed100",multistart,2,0.001406489871442318,1349274.5975423618,154.472906076652
"Baseline multiplier 1, seed100",multistart,2,0.002802290953695774,311406.11292469443,154.472906076652
"Baseline multiplier 1, seed100",multistart,2,0.004203681834042072,79264.57520366379,154.472906076652
"Baseline multiplier 1, seed100",multistart,2,0.005586651619523764,21080.113543469623,154.472906076652
"Baseline multiplier 1, seed100",multistart,2,0.006994382943958044,4024.0902369436303,154.472906076652
"Baseline multiplier 1, seed100",multistart,2,0.008373803924769163,646.0968661889601,154.472906076652
"Baseline multiplier 1, seed100",multistart,2,0.009758013766258955,122.31215161503069,154.472906076652
"Baseline multiplier 1, seed100",multistart,2,0.011146694887429476,31.503782789446742,154.472906076652
"Baseline multiplier 1, seed100",multistart,2,0.012528905645012856,18.994736221510134,154.472906076652
"Baseline multiplier 1, seed100",multistart,2,0.013906186912208796,17.044074857319497,154.472906076652
"Baseline multiplier 1, seed100",multistart,2,0.015298906713724136,16.104405504921004,154.472906076652
"Baseline multiplier 1, seed100",multistart,2,0.016679527703672647,15.383213314169597,154.472906076652
"Baseline multiplier 1, seed100",multistart,2,0.018071278929710388,15.376412409753094,154.472906076652
"Baseline multiplier 1, seed100",multistart,2,0.019473598804324865,15.371351619186495,154.472906076652
"Baseline multiplier 1, seed100",multistart,2,0.020873819943517447,15.361621236098832,154.472906076652
"Baseline multiplier 1, seed100",multistart,2,0.022274340968579054,15.342487963118648,154.472906076652
"Baseline multiplier 1, seed100",multistart,2,0.023670071735978127,15.305212789991801,154.472906076652
"Baseline multiplier 1, seed100",multistart,2,0.025067691691219807,15.233619939075167,154.472906076652
"Baseline multiplier 1, seed100",multistart,2,0.026449352968484163,15.098189131972493,154.472906076652
"Baseline multiplier 1, seed100",multistart,2,0.02784071397036314,14.847521328859067,154.472906076652
"Baseline multiplier 1, seed100",multistart,2,0.029251523781567812,14.40953841554642,154.472906076652
"Baseline multiplier 1, seed100",multistart,2,0.030637554824352264,13.75353550788805,154.472906076652
"Baseline multiplier 1, seed100",multistart,2,0.03204487590119243,13.061313744116555,154.472906076652
"Baseline multiplier 1, seed100",multistart,2,0.03342606592923403,12.525890336064922,154.472906076652
"Baseline multiplier 1, seed100",multistart,2,0.03482519695535302,11.83400820768028,154.472906076652
"Baseline multiplier 1, seed100",multistart,2,0.036220657639205456,11.686334359322496,154.472906076652
"Baseline multiplier 1, seed100",multistart,2,0.03760695876553655,11.63796990970688,154.472906076652
"Baseline multiplier 1, seed100",multistart,2,0.03901677904650569,11.634448607631082,154.472906076652
"Baseline multiplier 1, seed100",multistart,2,0.040385739877820015,11.634394695388062,154.472906076652
"Baseline multiplier 1, seed100",multistart,2,0.041770470794290304,11.634394425446231,154.472906076652
"Baseline multiplier 1, seed100",multistart,2,0.04316381085664034,11.63439442498909,154.472906076652
"Baseline multiplier 1, seed100",multistart,2,0.04454423161223531,11.634394424988757,154.472906076652
"Baseline multiplier 1, seed100",multistart,2,0.04593769274652004,11.634394424988757,154.472906076652
"Baseline multiplier 1, seed100",multistart,2,0.047316983807832,11.634394424988757,154.472906076652
"Baseline multiplier 1, seed100",multistart,2,0.048685013782233,11.634394424988757,154.472906076652
"Baseline multiplier 1, seed100",multistart,2,0.050066655036062,11.634394424988757,154.472906076652
"Baseline multiplier 1, seed100",multistart,2,0.05145517596974969,11.634394424988757,154.472906076652
"Baseline multiplier 1, seed100",multistart,2,0.052828745916485786,11.634394424988757,154.472906076652
"Baseline multiplier 1, seed100",multistart,2,0.05423496663570404,11.634394424988757,154.472906076652
"Baseline multiplier 1, seed100",multistart,2,0.05563389789313078,11.634394424988757,154.472906076652
"Baseline multiplier 1, seed100",multistart,2,0.057019068859517574,11.634394424988757,154.472906076652
"Baseline multiplier 1, seed100",multistart,2,0.05839446885511279,11.634394424988757,154.472906076652
"Baseline multiplier 1, seed100",multistart,2,0.05977492965757847,11.634394424988757,154.472906076652
"Baseline multiplier 1, seed100",multistart,2,0.06115605076774955,11.634394424988757,154.472906076652
"Baseline multiplier 1, seed100",multistart,2,0.06253942102193832,11.634394424988757,154.472906076652
"Baseline multiplier 1, seed100",multistart,2,0.06393557181581855,11.634394424988757,154.472906076652
"Baseline multiplier 1, seed100",multistart,2,0.0653000227175653,11.634394424988757,154.472906076652
"Baseline multiplier 1, seed100",multistart,2,0.06666547292843461,11.634394424988757,154.472906076652
"Baseline multiplier 1, seed100",multistart,2,0.06824106490239501,11.634394424988757,154.472906076652
"Baseline multiplier 1, seed100",multistart,2,0.06962536601349711,11.634394424988757,154.472906076652
"Baseline multiplier 1, seed100",multistart,2,0.07101688673719764,11.634394424988757,154.472906076652
"Baseline multiplier 1, seed100",multistart,2,0.07241635676473379,11.634394424988757,154.472906076652
"Baseline multiplier 1, seed100",multistart,2,0.07380135776475072,11.634394424988757,154.472906076652
"Baseline multiplier 1, seed100",multistart,2,0.07521379878744483,11.634394424988757,154.472906076652
"Baseline multiplier 1, seed100",multistart,2,0.07661255868151784,11.634394424988757,154.472906076652
"Baseline multiplier 1, seed100",multistart,2,0.07800778979435563,11.634394424988757,154.472906076652
"Baseline multiplier 1, seed100",multistart,2,0.07938007079064846,11.634394424988757,154.472906076652
"Baseline multiplier 1, seed100",multistart,2,0.08074981207028031,11.634394424988757,154.472906076652
"Baseline multiplier 1, seed100",multistart,2,0.08213378209620714,11.634394424988757,154.472906076652
"Baseline multiplier 1, seed100",multistart,2,0.08350328309461474,11.634394424988757,154.472906076652
"Baseline multiplier 1, seed100",multistart,2,0.08491536369547248,11.634394424988757,154.472906076652
"Baseline multiplier 1, seed100",multistart,2,0.08628299366682768,11.634394424988757,154.472906076652
"Baseline multiplier 1, seed100",multistart,2,0.0876622349023819,11.634394424988757,154.472906076652
"Baseline multiplier 1, seed100",multistart,2,0.08905402570962906,11.634394424988757,154.472906076652
"Baseline multiplier 1, seed100",multistart,2,0.09044112684205174,11.634394424988757,154.472906076652
"Baseline multiplier 1, seed100",multistart,2,0.09184519667178392,11.634394424988757,154.472906076652
"Baseline multiplier 1, seed100",multistart,2,0.09322215802967548,11.634394424988757,154.472906076652
"Baseline multiplier 1, seed100",multistart,2,0.09460193896666169,11.634394424988757,154.472906076652
"Baseline multiplier 1, seed100",multistart,2,0.09599296888336539,11.634394424988757,154.472906076652
"Baseline multiplier 1, seed100",multistart,2,0.09737202990800142,11.634394424988757,154.472906076652
"Baseline multiplier 1, seed100",multistart,2,0.09875217080116272,11.634394424988757,154.472906076652
"Baseline multiplier 1, seed100",multistart,2,0.1001340108923614,11.634394424988757,154.472906076652
"Baseline multiplier 1, seed100",multistart,2,0.10151139181107283,11.634394424988757,154.472906076652
"Baseline multiplier 1, seed100",multistart,2,0.10299873305484653,11.634394424988757,154.472906076652
"Baseline multiplier 1, seed100",multistart,2,0.10440336400642991,11.634394424988757,154.472906076652
"Baseline multiplier 1, seed100",multistart,2,0.1057899440638721,11.634394424988757,154.472906076652
"Baseline multiplier 1, seed100",multistart,2,0.10718383500352502,11.634394424988757,154.472906076652
"Baseline multiplier 1, seed100",multistart,2,0.10855923593044281,11.634394424988757,154.472906076652
"Baseline multiplier 1, seed100",multistart,2,0.10994361573830247,11.634394424988757,154.472906076652
"Baseline multiplier 1, seed100",multistart,2,0.11132660694420338,11.634394424988757,154.472906076652
"Baseline multiplier 1, seed100",multistart,2,0.11270351801067591,11.634394424988757,154.472906076652
"Baseline multiplier 1, seed100",multistart,2,0.11408327799290419,11.634394424988757,154.472906076652
"Baseline multiplier 1, seed100",multistart,2,0.11546093877404928,11.634394424988752,154.472906076652
"Baseline multiplier 1, seed100",multistart,2,0.11683021998032928,11.634394424988752,154.472906076652
"Baseline multiplier 1, seed100",multistart,2,0.11822317074984312,11.634394424988736,154.472906076652
"Baseline multiplier 1, seed100",multistart,2,0.11960120080038905,11.634394424988736,154.472906076652
"Baseline multiplier 1, seed100",multistart,2,0.12119952170178294,11.634394424988736,154.472906076652
"Baseline multiplier 1, seed100",multistart,2,0.12257377291098237,11.634394424988736,154.472906076652
"Baseline multiplier 1, seed100",multistart,2,0.12395933410152793,11.634394424988729,154.472906076652
"Baseline multiplier 1, seed100",multistart,2,0.1253471840173006,11.634394424988729,154.472906076652
"Baseline multiplier 1, seed100",multistart,2,0.12670768471434712,11.634394424988729,154.472906076652
"Baseline multiplier 1, seed100",multistart,2,0.128077435772866,11.634394424988729,154.472906076652
"Baseline multiplier 1, seed100",multistart,2,0.12944725574925542,11.634394424988729,154.472906076652
"Baseline multiplier 1, seed100",multistart,2,0.13081028684973717,11.634394424988729,154.472906076652
"Baseline multiplier 1, seed100",multistart,2,0.13218422792851925,11.634394424988729,154.472906076652
"Baseline multiplier 1, seed100",multistart,2,0.1335418587550521,11.634394424988729,154.472906076652
depth seed100,fresh,0,0.0,1349274.5975423618,154.472906076652
depth seed100,fresh,0,0.0026292409747838974,311406.11292469443,154.472906076652
depth seed100,fresh,0,0.0039395419880747795,79264.57520366379,154.472906076652
depth seed100,fresh,0,0.005226452834904194,21080.113543469623,154.472906076652
depth seed100,fresh,0,0.006520543247461319,4024.0902369436303,154.472906076652
depth seed100,fresh,0,0.007779294159263372,646.0968661889601,154.472906076652
depth seed100,fresh,0,0.00902900518849492,122.31215161503069,154.472906076652
depth seed100,fresh,1,0.0,1349274.5975423618,154.472906076652
depth seed100,fresh,1,0.0028042811900377274,311406.11292469443,154.472906076652
depth seed100,fresh,1,0.004132042173296213,79264.57520366379,154.472906076652
depth seed100,fresh,1,0.005427172873169184,21080.113543469623,154.472906076652
depth seed100,fresh,1,0.0067034028470516205,4024.0902369436303,154.472906076652
depth seed100,fresh,1,0.007982953917235136,646.0968661889601,154.472906076652
depth seed100,fresh,1,0.009244394954293966,122.31215161503069,154.472906076652
depth seed100,fresh,2,0.0,1349274.5975423618,154.472906076652
depth seed100,fresh,2,0.0027713319286704063,311406.11292469443,154.472906076652
depth seed100,fresh,2,0.0040654828771948814,79264.57520366379,154.472906076652
depth seed100,fresh,2,0.005332683213055134,21080.113543469623,154.472906076652
depth seed100,fresh,2,0.0066102840937674046,4024.0902369436303,154.472906076652
depth seed100,fresh,2,0.007895645219832659,646.0968661889601,154.472906076652
depth seed100,fresh,2,0.00916973501443863,122.31215161503069,154.472906076652
depth seed100,lambda,0,0.0,1349274.5975423618,154.472906076652
depth seed100,lambda,0,0.0039075524546206,311406.11292469443,154.472906076652
depth seed100,lambda,0,0.005784523207694292,61046.63530784218,154.472906076652
depth seed100,lambda,0,0.007622445002198219,9162.334380222732,154.472906076652
depth seed100,lambda,0,0.009453595150262117,754.772080093273,154.472906076652
depth seed100,lambda,0,0.011271396186202765,27.542883776935405,154.472906076652
depth seed100,lambda,1,0.0,1349274.5975423618,154.472906076652
depth seed100,lambda,1,0.003888992127031088,311406.11292469443,154.472906076652
depth seed100,lambda,1,0.0057680122554302216,61046.63530784218,154.472906076652
depth seed100,lambda,1,0.007592684123665094,9162.334380222732,154.472906076652
depth seed100,lambda,1,0.009409225080162287,754.772080093273,154.472906076652
depth seed100,lambda,1,0.011213476303964853,27.542883776935405,154.472906076652
depth seed100,lambda,2,0.0,1349274.5975423618,154.472906076652
depth seed100,lambda,2,0.003712741658091545,311406.11292469443,154.472906076652
depth seed100,lambda,2,0.005522432737052441,61046.63530784218,154.472906076652
depth seed100,lambda,2,0.007345923688262701,9162.334380222732,154.472906076652
depth seed100,lambda,2,0.009154804982244968,754.772080093273,154.472906076652
depth seed100,lambda,2,0.010990195907652378,27.542883776935405,154.472906076652
depth seed100,point,0,0.0,1349274.5975423618,154.472906076652
depth seed100,point,0,0.003968343138694763,50817.27483666038,154.472906076652
depth seed100,point,0,0.006079853978008032,1928.7682690592464,154.472906076652
depth seed100,point,0,0.00813821516931057,367.1922434635736,154.472906076652
depth seed100,point,0,0.01016195584088564,183.23017287306598,154.472906076652
depth seed100,point,0,0.012189167086035013,95.36459677527971,154.472906076652
depth seed100,point,1,0.0,1349274.5975423618,154.472906076652
depth seed100,point,1,0.0035618129186332226,50817.27483666038,154.472906076652
depth seed100,point,1,0.005588664207607508,1928.7682690592464,154.472906076652
depth seed100,point,1,0.00761484494432807,367.1922434635736,154.472906076652
depth seed100,point,1,0.009619615972042084,183.23017287306598,154.472906076652
depth seed100,point,1,0.01161560695618391,95.36459677527971,154.472906076652
depth seed100,point,2,0.0,1349274.5975423618,154.472906076652
depth seed100,point,2,0.0035682418383657932,50817.27483666038,154.472906076652
depth seed100,point,2,0.005658862646669149,1928.7682690592464,154.472906076652
depth seed100,point,2,0.007691103965044022,367.1922434635736,154.472906076652
depth seed100,point,2,0.00970312487334013,183.23017287306598,154.472906076652
depth seed100,point,2,0.011715556029230356,95.36459677527971,154.472906076652
depth seed100,rule,0,0.0,1349274.5975423618,154.472906076652
depth seed100,rule,0,0.0023663616739213467,450726.2126143748,154.472906076652
depth seed100,rule,0,0.004227492958307266,80899.38977769403,154.472906076652
depth seed100,rule,0,0.006074334029108286,9850.570119956179,154.472906076652
depth seed100,rule,0,0.0078919748775661,640.61285559322,154.472906076652
depth seed100,rule,0,0.018673420883715153,45.35959528410721,154.472906076652
depth seed100,rule,1,0.0,1349274.5975423618,154.472906076652
depth seed100,rule,1,0.0022903806529939175,450726.2126143748,154.472906076652
depth seed100,rule,1,0.004145051818341017,80899.38977769403,154.472906076652
depth seed100,rule,1,0.006004342809319496,9850.570119956179,154.472906076652
depth seed100,rule,1,0.007811243645846844,640.61285559322,154.472906076652
depth seed100,rule,1,0.018425599671900272,45.35959528410721,154.472906076652
depth seed100,rule,2,0.0,1349274.5975423618,154.472906076652
depth seed100,rule,2,0.0023001707158982754,450726.2126143748,154.472906076652
depth seed100,rule,2,0.0042596119455993176,80899.38977769403,154.472906076652
depth seed100,rule,2,0.006089563015848398,9850.570119956179,154.472906076652
depth seed100,rule,2,0.007910954765975475,640.61285559322,154.472906076652
depth seed100,rule,2,0.018535629846155643,45.35959528410721,154.472906076652
depth seed100,tree,0,0.0,1349274.5975423618,154.472906076652
depth seed100,tree,0,0.002320991363376379,450726.2126143748,154.472906076652
depth seed100,tree,0,0.004760822281241417,30466.819721592172,154.472906076652
depth seed100,tree,0,0.00704522430896759,1005.9009828134386,154.472906076652
depth seed100,tree,0,0.008895624428987503,105.5971777528199,154.472906076652
depth seed100,tree,1,0.0,1349274.5975423618,154.472906076652
depth seed100,tree,1,0.0023395009338855743,450726.2126143748,154.472906076652
depth seed100,tree,1,0.004794262815266848,30466.819721592172,154.472906076652
depth seed100,tree,1,0.007115884218364954,1005.9009828134386,154.472906076652
depth seed100,tree,1,0.008942625019699335,105.5971777528199,154.472906076652
depth seed100,tree,2,0.0,1349274.5975423618,154.472906076652
depth seed100,tree,2,0.0022281911224126816,450726.2126143748,154.472906076652
depth seed100,tree,2,0.004534623119980097,30466.819721592172,154.472906076652
depth seed100,tree,2,0.006804724223911762,1005.9009828134386,154.472906076652
depth seed100,tree,2,0.008604925125837326,105.5971777528199,154.472906076652
cluster seed100,fresh,0,0.0,24983.840231771737,18.79747858798229
cluster seed100,fresh,0,0.0033596819266676903,5921.85592069717,18.79747858798229
cluster seed100,fresh,0,0.006684173829853535,3323.890184107467,18.79747858798229
cluster seed100,fresh,0,0.009594584815204144,1871.3042721590648,18.79747858798229
cluster seed100,fresh,0,0.012468456756323576,890.317400485833,18.79747858798229
cluster seed100,fresh,0,0.01534357899799943,310.33952760909585,18.79747858798229
cluster seed100,fresh,0,0.018184729851782322,83.24344465634245,18.79747858798229
cluster seed100,fresh,0,0.021049891132861376,30.558667707634413,18.79747858798229
cluster seed100,fresh,0,0.02393842302262783,19.014956096931133,18.79747858798229
cluster seed100,fresh,0,0.026827124878764153,14.006789127283906,18.79747858798229
cluster seed100,fresh,1,0.0,24983.840231771737,18.79747858798229
cluster seed100,fresh,1,0.0034081623889505863,5921.85592069717,18.79747858798229
cluster seed100,fresh,1,0.0067539941519498825,3323.890184107467,18.79747858798229
cluster seed100,fresh,1,0.009671735111624002,1871.3042721590648,18.79747858798229
cluster seed100,fresh,1,0.012541767209768295,890.317400485833,18.79747858798229
cluster seed100,fresh,1,0.015377738047391176,310.33952760909585,18.79747858798229
cluster seed100,fresh,1,0.019099810160696507,83.24344465634245,18.79747858798229
cluster seed100,fresh,1,0.021934252232313156,30.558667707634413,18.79747858798229
cluster seed100,fresh,1,0.02486330410465598,19.014956096931133,18.79747858798229
cluster seed100,fresh,1,0.0280266753397882,14.006789127283906,18.79747858798229
cluster seed100,fresh,2,0.0,24983.840231771737,18.79747858798229
cluster seed100,fresh,2,0.003565541934221983,5921.85592069717,18.79747858798229
cluster seed100,fresh,2,0.006916014011949301,3323.890184107467,18.79747858798229
cluster seed100,fresh,2,0.009812395088374615,1871.3042721590648,18.79747858798229
cluster seed100,fresh,2,0.012648247182369232,890.317400485833,18.79747858798229
cluster seed100,fresh,2,0.01549298781901598,310.33952760909585,18.79747858798229
cluster seed100,fresh,2,0.018369810190051794,83.24344465634245,18.79747858798229
cluster seed100,fresh,2,0.021252571139484644,30.558667707634413,18.79747858798229
cluster seed100,fresh,2,0.024207092821598053,19.014956096931133,18.79747858798229
cluster seed100,fresh,2,0.027065593749284744,14.006789127283906,18.79747858798229
cluster seed100,lambda,0,0.0,24983.840231771737,18.79747858798229
cluster seed100,lambda,0,0.004743462894111872,3898.5610530303616,18.79747858798229
cluster seed100,lambda,0,0.009337285067886114,908.5521015743197,18.79747858798229
cluster seed100,lambda,0,0.013918607961386442,106.31462355250204,18.79747858798229
cluster seed100,lambda,0,0.018500340171158314,15.389512835435623,18.79747858798229
cluster seed100,lambda,1,0.0,24983.840231771737,18.79747858798229
cluster seed100,lambda,1,0.005067002959549427,3898.5610530303616,18.79747858798229
cluster seed100,lambda,1,0.009690134786069393,908.5521015743197,18.79747858798229
cluster seed100,lambda,1,0.01427196804434061,106.31462355250204,18.79747858798229
cluster seed100,lambda,1,0.018813780043274164,15.389512835435623,18.79747858798229
cluster seed100,lambda,2,0.0,24983.840231771737,18.79747858798229
cluster seed100,lambda,2,0.004774753004312515,3898.5610530303616,18.79747858798229
cluster seed100,lambda,2,0.00938222510740161,908.5521015743197,18.79747858798229
cluster seed100,lambda,2,0.013701607007533312,106.31462355250204,18.79747858798229
cluster seed100,lambda,2,0.017990500200539827,15.389512835435623,18.79747858798229
cluster seed100,point,0,0.0,24983.840231771737,18.79747858798229
cluster seed100,point,0,0.004850342869758606,5454.168032437434,18.79747858798229
cluster seed100,point,0,0.009618864860385656,3220.7005268924436,18.79747858798229
cluster seed100,point,0,0.013895576819777489,1797.1090311297728,18.79747858798229
cluster seed100,point,0,0.018119719810783863,838.568271365128,18.79747858798229
cluster seed100,point,0,0.022361531853675842,283.59470856994443,18.79747858798229
cluster seed100,point,0,0.026586313731968403,76.78046724289268,18.79747858798229
cluster seed100,point,0,0.03090258687734604,29.567268260239338,18.79747858798229
cluster seed100,point,0,0.035113438963890076,18.736575007163722,18.79747858798229
cluster seed100,point,1,0.0,24983.840231771737,18.79747858798229
cluster seed100,point,1,0.0042703221552073956,5454.168032437434,18.79747858798229
cluster seed100,point,1,0.008829275146126747,3220.7005268924436,18.79747858798229
cluster seed100,point,1,0.01306446734815836,1797.1090311297728,18.79747858798229
cluster seed100,point,1,0.01717899926006794,838.568271365128,18.79747858798229
cluster seed100,point,1,0.02129917126148939,283.59470856994443,18.79747858798229
cluster seed100,point,1,0.025485903955996037,76.78046724289268,18.79747858798229
cluster seed100,point,1,0.029711506329476833,29.567268260239338,18.79747858798229
cluster seed100,point,1,0.03419397817924619,18.736575007163722,18.79747858798229
cluster seed100,point,2,0.0,24983.840231771737,18.79747858798229
cluster seed100,point,2,0.004838631954044104,5454.168032437434,18.79747858798229
cluster seed100,point,2,0.009426784701645374,3220.7005268924436,18.79747858798229
cluster seed100,point,2,0.013617506716400385,1797.1090311297728,18.79747858798229
cluster seed100,point,2,0.017730408813804388,838.568271365128,18.79747858798229
cluster seed100,point,2,0.02189040184020996,283.59470856994443,18.79747858798229
cluster seed100,point,2,0.02610098384320736,76.78046724289268,18.79747858798229
cluster seed100,point,2,0.030564185697585344,29.567268260239338,18.79747858798229
cluster seed100,point,2,0.03475634893402457,18.736575007163722,18.79747858798229
cluster seed100,rule,0,0.0,24983.840231771737,18.79747858798229
cluster seed100,rule,0,0.01863888092339039,423.8054844899201,18.79747858798229
cluster seed100,rule,0,0.022642402909696102,10.386729809729898,18.79747858798229
cluster seed100,rule,1,0.0,24983.840231771737,18.79747858798229
cluster seed100,rule,1,0.018614899832755327,423.8054844899201,18.79747858798229
cluster seed100,rule,1,0.022838811855763197,10.386729809729898,18.79747858798229
cluster seed100,rule,2,0.0,24983.840231771737,18.79747858798229
cluster seed100,rule,2,0.01863580010831356,423.8054844899201,18.79747858798229
cluster seed100,rule,2,0.02281520189717412,10.386729809729898,18.79747858798229
cluster seed100,tree,0,0.0,24983.840231771737,18.79747858798229
cluster seed100,tree,0,0.004278221633285284,4299.0617242810595,18.79747858798229
cluster seed100,tree,0,0.008306543808430433,2049.194960237173,18.79747858798229
cluster seed100,tree,0,0.011965906713157892,907.5232164697125,18.79747858798229
cluster seed100,tree,0,0.016108938958495855,282.31773487360215,18.79747858798229
cluster seed100,tree,0,0.019707800820469856,67.79820049589243,18.79747858798229
cluster seed100,tree,0,0.023364902939647436,27.643663369830666,18.79747858798229
cluster seed100,tree,0,0.027034954633563757,18.454770047602803,18.79747858798229
cluster seed100,tree,1,0.0,24983.840231771737,18.79747858798229
cluster seed100,tree,1,0.004407342057675123,4299.0617242810595,18.79747858798229
cluster seed100,tree,1,0.008470184169709682,2049.194960237173,18.79747858798229
cluster seed100,tree,1,0.012129805982112885,907.5232164697125,18.79747858798229
cluster seed100,tree,1,0.01627763779833913,282.31773487360215,18.79747858798229
cluster seed100,tree,1,0.019946979824453592,67.79820049589243,18.79747858798229
cluster seed100,tree,1,0.024061283096671104,27.643663369830666,18.79747858798229
cluster seed100,tree,1,0.027725114952772856,18.454770047602803,18.79747858798229
cluster seed100,tree,2,0.0,24983.840231771737,18.79747858798229
cluster seed100,tree,2,0.003940831869840622,4299.0617242810595,18.79747858798229
cluster seed100,tree,2,0.00798254506662488,2049.194960237173,18.79747858798229
cluster seed100,tree,2,0.01173107698559761,907.5232164697125,18.79747858798229
cluster seed100,tree,2,0.015301539096981287,282.31773487360215,18.79747858798229
cluster seed100,tree,2,0.018854361027479172,67.79820049589243,18.79747858798229
cluster seed100,tree,2,0.022417163010686636,27.643663369830666,18.79747858798229
cluster seed100,tree,2,0.026054183952510357,18.454770047602803,18.79747858798229
rotation seed100,fresh,0,0.0,10335330.138370056,1053.0784601594214
rotation seed100,fresh,0,0.001363400835543871,911518.3662260723,1053.0784601594214
rotation seed100,fresh,0,0.0026217508129775524,42320.88945772506,1053.0784601594214
rotation seed100,fresh,0,0.003889981657266617,15149.873757400283,1053.0784601594214
rotation seed100,fresh,0,0.005150942597538233,3366.2231541054352,1053.0784601594214
rotation seed100,fresh,0,0.006422663573175669,195.87294724677892,1053.0784601594214
rotation seed100,fresh,1,0.0,10335330.138370056,1053.0784601594214
rotation seed100,fresh,1,0.0013580000959336758,911518.3662260723,1053.0784601594214
rotation seed100,fresh,1,0.002626391127705574,42320.88945772506,1053.0784601594214
rotation seed100,fresh,1,0.003917201887816191,15149.873757400283,1053.0784601594214
rotation seed100,fresh,1,0.005191293079406023,3366.2231541054352,1053.0784601594214
rotation seed100,fresh,1,0.006514392793178558,195.87294724677892,1053.0784601594214
rotation seed100,fresh,2,0.0,10335330.138370056,1053.0784601594214
rotation seed100,fresh,2,0.0013625198043882847,911518.3662260723,1053.0784601594214
rotation seed100,fresh,2,0.002620080951601267,42320.88945772506,1053.0784601594214
rotation seed100,fresh,2,0.003886281978338957,15149.873757400283,1053.0784601594214
rotation seed100,fresh,2,0.0051647331565618515,3366.2231541054352,1053.0784601594214
rotation seed100,fresh,2,0.00644270284101367,195.87294724677892,1053.0784601594214
rotation seed100,lambda,0,0.0,10335330.138370056,1053.0784601594214
rotation seed100,lambda,0,0.0020977919921278954,689360.4748501338,1053.0784601594214
rotation seed100,lambda,0,0.003996583167463541,7656.018489787246,1053.0784601594214
rotation seed100,lambda,0,0.00592381414026022,127.24321833381052,1053.0784601594214
rotation seed100,lambda,1,0.0,10335330.138370056,1053.0784601594214
rotation seed100,lambda,1,0.0019010207615792751,689360.4748501338,1053.0784601594214
rotation seed100,lambda,1,0.003926831763237715,7656.018489787246,1053.0784601594214
rotation seed100,lambda,1,0.005764602683484554,127.24321833381052,1053.0784601594214
rotation seed100,lambda,2,0.0,10335330.138370056,1053.0784601594214
rotation seed100,lambda,2,0.0019285408779978752,689360.4748501338,1053.0784601594214
rotation seed100,lambda,2,0.00375182181596756,7656.018489787246,1053.0784601594214
rotation seed100,lambda,2,0.0055814930237829685,127.24321833381052,1053.0784601594214
rotation seed100,point,0,0.0,10335330.138370056,1053.0784601594214
rotation seed100,point,0,0.0021995510905981064,576778.2843192042,1053.0784601594214
rotation seed100,point,0,0.004290462005883455,35881.18022045602,1053.0784601594214
rotation seed100,point,0,0.006332713179290295,14265.31603545104,1053.0784601594214
rotation seed100,point,0,0.008356544189155102,2405.5569757897783,1053.0784601594214
rotation seed100,point,0,0.010402525775134563,97.44325743429569,1053.0784601594214
rotation seed100,point,1,0.0,10335330.138370056,1053.0784601594214
rotation seed100,point,1,0.0021484708413481712,576778.2843192042,1053.0784601594214
rotation seed100,point,1,0.004174442030489445,35881.18022045602,1053.0784601594214
rotation seed100,point,1,0.006198572926223278,14265.31603545104,1053.0784601594214
rotation seed100,point,1,0.00834442488849163,2405.5569757897783,1053.0784601594214
rotation seed100,point,1,0.010371055919677019,97.44325743429569,1053.0784601594214
rotation seed100,point,2,0.0,10335330.138370056,1053.0784601594214
rotation seed100,point,2,0.0021703210659325123,576778.2843192042,1053.0784601594214
rotation seed100,point,2,0.00421723211184144,35881.18022045602,1053.0784601594214
rotation seed100,point,2,0.006253642961382866,14265.31603545104,1053.0784601594214
rotation seed100,point,2,0.008288604207336903,2405.5569757897783,1053.0784601594214
rotation seed100,point,2,0.010311806108802557,97.44325743429569,1053.0784601594214
rotation seed100,rule,0,0.0,10335330.138370056,1053.0784601594214
rotation seed100,rule,0,0.0019886107183992863,701398.5457873993,1053.0784601594214
rotation seed100,rule,0,0.0038388120010495186,14335.846599432321,1053.0784601594214
rotation seed100,rule,0,0.005660392809659243,1238.9746888387392,1053.0784601594214
rotation seed100,rule,0,0.007455953862518072,105.95899431990996,1053.0784601594214
rotation seed100,rule,1,0.0,10335330.138370056,1053.0784601594214
rotation seed100,rule,1,0.001973701175302267,701398.5457873993,1053.0784601594214
rotation seed100,rule,1,0.0038143619894981384,14335.846599432321,1053.0784601594214
rotation seed100,rule,1,0.005743893329054117,1238.9746888387392,1053.0784601594214
rotation seed100,rule,1,0.007612783927470446,105.95899431990996,1053.0784601594214
rotation seed100,rule,2,0.0,10335330.138370056,1053.0784601594214
rotation seed100,rule,2,0.0019337711855769157,701398.5457873993,1053.0784601594214
rotation seed100,rule,2,0.003763651940971613,14335.846599432321,1053.0784601594214
rotation seed100,rule,2,0.005575063172727823,1238.9746888387392,1053.0784601594214
rotation seed100,rule,2,0.007420803885906935,105.95899431990996,1053.0784601594214
rotation seed100,tree,0,0.0,10335330.138370056,1053.0784601594214
rotation seed100,tree,0,0.0023884009569883347,576778.2843192042,1053.0784601594214
rotation seed100,tree,0,0.0046667419373989105,35881.18022045602,1053.0784601594214
rotation seed100,tree,0,0.006480212789028883,12162.666735185756,1053.0784601594214
rotation seed100,tree,0,0.008309104014188051,758.5208617661765,1053.0784601594214
rotation seed100,tree,1,0.0,10335330.138370056,1053.0784601594214
rotation seed100,tree,1,0.0024768211878836155,576778.2843192042,1053.0784601594214
rotation seed100,tree,1,0.004952393006533384,35881.18022045602,1053.0784601594214
rotation seed100,tree,1,0.006821364164352417,12162.666735185756,1053.0784601594214
rotation seed100,tree,1,0.008659575134515762,758.5208617661765,1053.0784601594214
rotation seed100,tree,2,0.0,10335330.138370056,1053.0784601594214
rotation seed100,tree,2,0.0024075210094451904,576778.2843192042,1053.0784601594214
rotation seed100,tree,2,0.004680993035435677,35881.18022045602,1053.0784601594214
rotation seed100,tree,2,0.006523003801703453,12162.666735185756,1053.0784601594214
rotation seed100,tree,2,0.008330285083502531,758.5208617661765,1053.0784601594214
ladybug-49 sample,fresh,0,0.0,38826.792689092304,706.7432577571587
ladybug-49 sample,fresh,0,0.010618716012686491,1223.4087685617556,706.7432577571587
ladybug-49 sample,fresh,0,0.02006375091150403,939.0017631460121,706.7432577571587
ladybug-49 sample,fresh,0,0.027959715109318495,866.8677945591749,706.7432577571587
ladybug-49 sample,fresh,0,0.035318038892000914,829.7440383588638,706.7432577571587
ladybug-49 sample,fresh,0,0.043501453939825296,805.6635102717878,706.7432577571587
ladybug-49 sample,fresh,0,0.05120951822027564,785.0868416537525,706.7432577571587
ladybug-49 sample,fresh,0,0.05962081206962466,766.9305626235034,706.7432577571587
ladybug-49 sample,fresh,0,0.067063317168504,753.5247298036977,706.7432577571587
ladybug-49 sample,fresh,0,0.07533623091876507,743.7423013263092,706.7432577571587
ladybug-49 sample,fresh,0,0.0827809451147914,733.5104408141214,706.7432577571587
ladybug-49 sample,fresh,0,0.09121108986437321,720.8541251258847,706.7432577571587
ladybug-49 sample,fresh,0,0.09857486421242356,706.8815743011604,706.7432577571587
ladybug-49 sample,fresh,0,0.10679438803344965,693.9686548769137,706.7432577571587
ladybug-49 sample,fresh,1,0.0,38826.792689092304,706.7432577571587
ladybug-49 sample,fresh,1,0.00968096498399973,1223.4087685617556,706.7432577571587
ladybug-49 sample,fresh,1,0.01846941001713276,939.0017631460121,706.7432577571587
ladybug-49 sample,fresh,1,0.02600800385698676,866.8677945591749,706.7432577571587
ladybug-49 sample,fresh,1,0.033305378165096045,829.7440383588638,706.7432577571587
ladybug-49 sample,fresh,1,0.040637061931192875,805.6635102717878,706.7432577571587
ladybug-49 sample,fresh,1,0.04793961625546217,785.0868416537525,706.7432577571587
ladybug-49 sample,fresh,1,0.05544500984251499,766.9305626235034,706.7432577571587
ladybug-49 sample,fresh,1,0.06361992517486215,753.5247298036977,706.7432577571587
ladybug-49 sample,fresh,1,0.07090477924793959,743.7423013263092,706.7432577571587
ladybug-49 sample,fresh,1,0.07813319191336632,733.5104408141214,706.7432577571587
ladybug-49 sample,fresh,1,0.08536554593592882,720.8541251258847,706.7432577571587
ladybug-49 sample,fresh,1,0.09270439995452762,706.8815743011604,706.7432577571587
ladybug-49 sample,fresh,1,0.09987608389928937,693.9686548769137,706.7432577571587
ladybug-49 sample,fresh,2,0.0,38826.792689092304,706.7432577571587
ladybug-49 sample,fresh,2,0.009757956024259329,1223.4087685617556,706.7432577571587
ladybug-49 sample,fresh,2,0.018693321384489536,939.0017631460121,706.7432577571587
ladybug-49 sample,fresh,2,0.02618818497285247,866.8677945591749,706.7432577571587
ladybug-49 sample,fresh,2,0.03348546801134944,829.7440383588638,706.7432577571587
ladybug-49 sample,fresh,2,0.04079271201044321,805.6635102717878,706.7432577571587
ladybug-49 sample,fresh,2,0.04827374732121825,785.0868416537525,706.7432577571587
ladybug-49 sample,fresh,2,0.05633495096117258,766.9305626235034,706.7432577571587
ladybug-49 sample,fresh,2,0.06353273522108793,753.5247298036977,706.7432577571587
ladybug-49 sample,fresh,2,0.07076085917651653,743.7423013263092,706.7432577571587
ladybug-49 sample,fresh,2,0.07793753314763308,733.5104408141214,706.7432577571587
ladybug-49 sample,fresh,2,0.08516126731410623,720.8541251258847,706.7432577571587
ladybug-49 sample,fresh,2,0.09238083101809025,706.8815743011604,706.7432577571587
ladybug-49 sample,fresh,2,0.09968551527708769,693.9686548769137,706.7432577571587
ladybug-49 sample,lambda,0,0.0,38826.792689092304,706.7432577571587
ladybug-49 sample,lambda,0,0.013571317307651043,1015.055325785356,706.7432577571587
ladybug-49 sample,lambda,0,0.027497655246406794,823.3301134970864,706.7432577571587
ladybug-49 sample,lambda,0,0.039179662242531776,769.9119320873003,706.7432577571587
ladybug-49 sample,lambda,0,0.050978788174688816,739.2004836810595,706.7432577571587
ladybug-49 sample,lambda,0,0.06293402425944805,707.1859090307321,706.7432577571587
ladybug-49 sample,lambda,0,0.07436187099665403,686.6262774351541,706.7432577571587
ladybug-49 sample,lambda,1,0.0,38826.792689092304,706.7432577571587
ladybug-49 sample,lambda,1,0.014757557772099972,1015.055325785356,706.7432577571587
ladybug-49 sample,lambda,1,0.02830042503774166,823.3301134970864,706.7432577571587
ladybug-49 sample,lambda,1,0.04002457158640027,769.9119320873003,706.7432577571587
ladybug-49 sample,lambda,1,0.05146028799936175,739.2004836810595,706.7432577571587
ladybug-49 sample,lambda,1,0.06302590388804674,707.1859090307321,706.7432577571587
ladybug-49 sample,lambda,1,0.07459545088931918,686.6262774351541,706.7432577571587
ladybug-49 sample,lambda,2,0.0,38826.792689092304,706.7432577571587
ladybug-49 sample,lambda,2,0.012471855618059635,1015.055325785356,706.7432577571587
ladybug-49 sample,lambda,2,0.024968693032860756,823.3301134970864,706.7432577571587
ladybug-49 sample,lambda,2,0.03804815001785755,769.9119320873003,706.7432577571587
ladybug-49 sample,lambda,2,0.05155708780512214,739.2004836810595,706.7432577571587
ladybug-49 sample,lambda,2,0.0644739349372685,707.1859090307321,706.7432577571587
ladybug-49 sample,lambda,2,0.07779618166387081,686.6262774351541,706.7432577571587
ladybug-49 sample,point,0,0.0,38826.792689092304,706.7432577571587
ladybug-49 sample,point,0,0.01030039507895708,862.2424020891242,706.7432577571587
ladybug-49 sample,point,0,0.021604300942271948,791.6491945204473,706.7432577571587
ladybug-49 sample,point,0,0.03160919714719057,757.5917181108471,706.7432577571587
ladybug-49 sample,point,0,0.04120426205918193,737.0822616591217,706.7432577571587
ladybug-49 sample,point,0,0.05089578777551651,722.336219934562,706.7432577571587
ladybug-49 sample,point,0,0.06063011288642883,709.8219101536092,706.7432577571587
ladybug-49 sample,point,0,0.07032363815233111,699.3660379276198,706.7432577571587
ladybug-49 sample,point,1,0.0,38826.792689092304,706.7432577571587
ladybug-49 sample,point,1,0.012160965707153082,862.2424020891242,706.7432577571587
ladybug-49 sample,point,1,0.023511741776019335,791.6491945204473,706.7432577571587
ladybug-49 sample,point,1,0.03331815777346492,757.5917181108471,706.7432577571587
ladybug-49 sample,point,1,0.04303833283483982,737.0822616591217,706.7432577571587
ladybug-49 sample,point,1,0.05328323785215616,722.336219934562,706.7432577571587
ladybug-49 sample,point,1,0.06290350388735533,709.8219101536092,706.7432577571587
ladybug-49 sample,point,1,0.07277793902903795,699.3660379276198,706.7432577571587
ladybug-49 sample,point,2,0.0,38826.792689092304,706.7432577571587
ladybug-49 sample,point,2,0.012243967037647963,862.2424020891242,706.7432577571587
ladybug-49 sample,point,2,0.023513702675700188,791.6491945204473,706.7432577571587
ladybug-49 sample,point,2,0.03337172791361809,757.5917181108471,706.7432577571587
ladybug-49 sample,point,2,0.042909872718155384,737.0822616591217,706.7432577571587
ladybug-49 sample,point,2,0.052453978918492794,722.336219934562,706.7432577571587
ladybug-49 sample,point,2,0.06202078377828002,709.8219101536092,706.7432577571587
ladybug-49 sample,point,2,0.07160606887191534,699.3660379276198,706.7432577571587
ladybug-49 sample,rule,0,0.0,38826.792689092304,706.7432577571587
ladybug-49 sample,rule,0,0.011010116431862116,1012.6670376267892,706.7432577571587
ladybug-49 sample,rule,0,0.020945461001247168,873.2226305826509,706.7432577571587
ladybug-49 sample,rule,0,0.029377976432442665,830.1708077132233,706.7432577571587
ladybug-49 sample,rule,0,0.03773613041266799,805.3227037461627,706.7432577571587
ladybug-49 sample,rule,0,0.04598018527030945,784.2972718305017,706.7432577571587
ladybug-49 sample,rule,0,0.05445544933900237,765.7745523476129,706.7432577571587
ladybug-49 sample,rule,0,0.06535424524918199,735.182161376848,706.7432577571587
ladybug-49 sample,rule,0,0.07363286009058356,728.042962165066,706.7432577571587
ladybug-49 sample,rule,0,0.0837544952519238,715.667182650421,706.7432577571587
ladybug-49 sample,rule,0,0.09196159010753036,708.6664426829536,706.7432577571587
ladybug-49 sample,rule,0,0.10213033528998494,700.0258001321932,706.7432577571587
ladybug-49 sample,rule,1,0.0,38826.792689092304,706.7432577571587
ladybug-49 sample,rule,1,0.009659476112574339,1012.6670376267892,706.7432577571587
ladybug-49 sample,rule,1,0.01941993087530136,873.2226305826509,706.7432577571587
ladybug-49 sample,rule,1,0.028004714753478765,830.1708077132233,706.7432577571587
ladybug-49 sample,rule,1,0.03719293978065252,805.3227037461627,706.7432577571587
ladybug-49 sample,rule,1,0.045575845055282116,784.2972718305017,706.7432577571587
ladybug-49 sample,rule,1,0.05403992999345064,765.7745523476129,706.7432577571587
ladybug-49 sample,rule,1,0.06425343500450253,735.182161376848,706.7432577571587
ladybug-49 sample,rule,1,0.0732739600352943,728.042962165066,706.7432577571587
ladybug-49 sample,rule,1,0.08340840600430965,715.667182650421,706.7432577571587
ladybug-49 sample,rule,1,0.09195515001192689,708.6664426829536,706.7432577571587
ladybug-49 sample,rule,1,0.10301003605127335,700.0258001321932,706.7432577571587
ladybug-49 sample,rule,2,0.0,38826.792689092304,706.7432577571587
ladybug-49 sample,rule,2,0.0085914246737957,1012.6670376267892,706.7432577571587
ladybug-49 sample,rule,2,0.01839871983975172,873.2226305826509,706.7432577571587
ladybug-49 sample,rule,2,0.026686294935643673,830.1708077132233,706.7432577571587
ladybug-49 sample,rule,2,0.03529231995344162,805.3227037461627,706.7432577571587
ladybug-49 sample,rule,2,0.04417837364599109,784.2972718305017,706.7432577571587
ladybug-49 sample,rule,2,0.052643888629972935,765.7745523476129,706.7432577571587
ladybug-49 sample,rule,2,0.0628044749610126,735.182161376848,706.7432577571587
ladybug-49 sample,rule,2,0.07105997856706381,728.042962165066,706.7432577571587
ladybug-49 sample,rule,2,0.08208949491381645,715.667182650421,706.7432577571587
ladybug-49 sample,rule,2,0.09054028987884521,708.6664426829536,706.7432577571587
ladybug-49 sample,rule,2,0.10124765569344163,700.0258001321932,706.7432577571587
ladybug-49 sample,tree,0,0.0,38826.792689092304,706.7432577571587
ladybug-49 sample,tree,0,0.009621284902095795,1012.6670376267892,706.7432577571587
ladybug-49 sample,tree,0,0.019274079706519842,873.2226305826509,706.7432577571587
ladybug-49 sample,tree,0,0.027627504896372557,830.1708077132233,706.7432577571587
ladybug-49 sample,tree,0,0.035954998806118965,805.3227037461627,706.7432577571587
ladybug-49 sample,tree,0,0.0441475841216743,784.2972718305017,706.7432577571587
ladybug-49 sample,tree,0,0.05255011795088649,765.7745523476129,706.7432577571587
ladybug-49 sample,tree,0,0.06096795294433832,752.6574344093672,706.7432577571587
ladybug-49 sample,tree,0,0.06929672695696354,743.4079457352178,706.7432577571587
ladybug-49 sample,tree,0,0.07768471213057637,733.3572412088507,706.7432577571587
ladybug-49 sample,tree,0,0.08608540706336498,720.6479327230011,706.7432577571587
ladybug-49 sample,tree,0,0.0951629220508039,706.5932216216762,706.7432577571587
ladybug-49 sample,tree,1,0.0,38826.792689092304,706.7432577571587
ladybug-49 sample,tree,1,0.009490824770182371,1012.6670376267892,706.7432577571587
ladybug-49 sample,tree,1,0.0191987999714911,873.2226305826509,706.7432577571587
ladybug-49 sample,tree,1,0.02773557510226965,830.1708077132233,706.7432577571587
ladybug-49 sample,tree,1,0.036130200140178204,805.3227037461627,706.7432577571587
ladybug-49 sample,tree,1,0.044383914209902287,784.2972718305017,706.7432577571587
ladybug-49 sample,tree,1,0.0531489891000092,765.7745523476129,706.7432577571587
ladybug-49 sample,tree,1,0.06163412285968661,752.6574344093672,706.7432577571587
ladybug-49 sample,tree,1,0.07069386821240187,743.4079457352178,706.7432577571587
ladybug-49 sample,tree,1,0.07911158306524158,733.3572412088507,706.7432577571587
ladybug-49 sample,tree,1,0.08804697776213288,720.6479327230011,706.7432577571587
ladybug-49 sample,tree,1,0.09651964204385877,706.5932216216762,706.7432577571587
ladybug-49 sample,tree,2,0.0,38826.792689092304,706.7432577571587
ladybug-49 sample,tree,2,0.00910348491743207,1012.6670376267892,706.7432577571587
ladybug-49 sample,tree,2,0.019136670045554638,873.2226305826509,706.7432577571587
ladybug-49 sample,tree,2,0.027678885031491518,830.1708077132233,706.7432577571587
ladybug-49 sample,tree,2,0.03631254006177187,805.3227037461627,706.7432577571587
ladybug-49 sample,tree,2,0.04515977529808879,784.2972718305017,706.7432577571587
ladybug-49 sample,tree,2,0.053371138870716095,765.7745523476129,706.7432577571587
ladybug-49 sample,tree,2,0.06180914398282766,752.6574344093672,706.7432577571587
ladybug-49 sample,tree,2,0.07016500784084201,743.4079457352178,706.7432577571587
ladybug-49 sample,tree,2,0.07848625304177403,733.3572412088507,706.7432577571587
ladybug-49 sample,tree,2,0.08685147715732455,720.6479327230011,706.7432577571587
ladybug-49 sample,tree,2,0.0952645419165492,706.5932216216762,706.7432577571587
dubrovnik-88 sample,fresh,0,0.0,169413.9800386285,6846.433286570793
dubrovnik-88 sample,fresh,0,0.00940498523414135,16560.105380235324,6846.433286570793
dubrovnik-88 sample,fresh,0,0.017993849236518145,10292.905248641455,6846.433286570793
dubrovnik-88 sample,fresh,0,0.025282453279942274,8541.077601256244,6846.433286570793
dubrovnik-88 sample,fresh,0,0.03240578714758158,7823.698633682021,6846.433286570793
dubrovnik-88 sample,fresh,0,0.0401254310272634,7487.026420553699,6846.433286570793
dubrovnik-88 sample,fresh,0,0.047168415039777756,7257.39719662191,6846.433286570793
dubrovnik-88 sample,fresh,0,0.054037348832935095,7069.6832357000685,6846.433286570793
dubrovnik-88 sample,fresh,0,0.061168183106929064,6929.475480612839,6846.433286570793
dubrovnik-88 sample,fresh,0,0.06933954684063792,6843.567340953019,6846.433286570793
dubrovnik-88 sample,fresh,1,0.0,169413.9800386285,6846.433286570793
dubrovnik-88 sample,fresh,1,0.009556035976856947,16560.105380235324,6846.433286570793
dubrovnik-88 sample,fresh,1,0.018222649581730366,10292.905248641455,6846.433286570793
dubrovnik-88 sample,fresh,1,0.025525623932480812,8541.077601256244,6846.433286570793
dubrovnik-88 sample,fresh,1,0.03291252767667174,7823.698633682021,6846.433286570793
dubrovnik-88 sample,fresh,1,0.03987985197454691,7487.026420553699,6846.433286570793
dubrovnik-88 sample,fresh,1,0.046930884942412376,7257.39719662191,6846.433286570793
dubrovnik-88 sample,fresh,1,0.05419075861573219,7069.6832357000685,6846.433286570793
dubrovnik-88 sample,fresh,1,0.062108092941343784,6929.475480612839,6846.433286570793
dubrovnik-88 sample,fresh,1,0.06915206694975495,6843.567340953019,6846.433286570793
dubrovnik-88 sample,fresh,2,0.0,169413.9800386285,6846.433286570793
dubrovnik-88 sample,fresh,2,0.008745684288442135,16560.105380235324,6846.433286570793
dubrovnik-88 sample,fresh,2,0.017288399394601583,10292.905248641455,6846.433286570793
dubrovnik-88 sample,fresh,2,0.024598573334515095,8541.077601256244,6846.433286570793
dubrovnik-88 sample,fresh,2,0.03172874636948109,7823.698633682021,6846.433286570793
dubrovnik-88 sample,fresh,2,0.03868729015812278,7487.026420553699,6846.433286570793
dubrovnik-88 sample,fresh,2,0.04562857421115041,7257.39719662191,6846.433286570793
dubrovnik-88 sample,fresh,2,0.05308120837435126,7069.6832357000685,6846.433286570793
dubrovnik-88 sample,fresh,2,0.06073258211836219,6929.475480612839,6846.433286570793
dubrovnik-88 sample,fresh,2,0.0677904849871993,6843.567340953019,6846.433286570793
dubrovnik-88 sample,lambda,0,0.0,169413.9800386285,6846.433286570793
dubrovnik-88 sample,lambda,0,0.014134047087281942,11276.420603977007,6846.433286570793
dubrovnik-88 sample,lambda,0,0.027457145042717457,7746.295629684373,6846.433286570793
dubrovnik-88 sample,lambda,0,0.039047771133482456,7104.68495421138,6846.433286570793
dubrovnik-88 sample,lambda,0,0.05036731716245413,6831.583188897311,6846.433286570793
dubrovnik-88 sample,lambda,1,0.0,169413.9800386285,6846.433286570793
dubrovnik-88 sample,lambda,1,0.0142744779586792,11276.420603977007,6846.433286570793
dubrovnik-88 sample,lambda,1,0.027604255359619856,7746.295629684373,6846.433286570793
dubrovnik-88 sample,lambda,1,0.038838351145386696,7104.68495421138,6846.433286570793
dubrovnik-88 sample,lambda,1,0.050161727238446474,6831.583188897311,6846.433286570793
dubrovnik-88 sample,lambda,2,0.0,169413.9800386285,6846.433286570793
dubrovnik-88 sample,lambda,2,0.01136399619281292,11276.420603977007,6846.433286570793
dubrovnik-88 sample,lambda,2,0.023247031960636377,7746.295629684373,6846.433286570793
dubrovnik-88 sample,lambda,2,0.03443463798612356,7104.68495421138,6846.433286570793
dubrovnik-88 sample,lambda,2,0.045463813934475183,6831.583188897311,6846.433286570793
dubrovnik-88 sample,point,0,0.0,169413.9800386285,6846.433286570793
dubrovnik-88 sample,point,0,0.010032885242253542,13105.085004452405,6846.433286570793
dubrovnik-88 sample,point,0,0.020844601094722748,8542.635074080446,6846.433286570793
dubrovnik-88 sample,point,0,0.030432796105742455,7280.877858067534,6846.433286570793
dubrovnik-88 sample,point,0,0.039884711150079966,6858.046291968346,6846.433286570793
dubrovnik-88 sample,point,0,0.04990577697753906,6751.7795231547325,6846.433286570793
dubrovnik-88 sample,point,1,0.0,169413.9800386285,6846.433286570793
dubrovnik-88 sample,point,1,0.009905125014483929,13105.085004452405,6846.433286570793
dubrovnik-88 sample,point,1,0.020698250737041235,8542.635074080446,6846.433286570793
dubrovnik-88 sample,point,1,0.030070865992456675,7280.877858067534,6846.433286570793
dubrovnik-88 sample,point,1,0.03914640098810196,6858.046291968346,6846.433286570793
dubrovnik-88 sample,point,1,0.04835432581603527,6751.7795231547325,6846.433286570793
dubrovnik-88 sample,point,2,0.0,169413.9800386285,6846.433286570793
dubrovnik-88 sample,point,2,0.011649205815047026,13105.085004452405,6846.433286570793
dubrovnik-88 sample,point,2,0.022350541781634092,8542.635074080446,6846.433286570793
dubrovnik-88 sample,point,2,0.03179951710626483,7280.877858067534,6846.433286570793
dubrovnik-88 sample,point,2,0.041156301740556955,6858.046291968346,6846.433286570793
dubrovnik-88 sample,point,2,0.050321975722908974,6751.7795231547325,6846.433286570793
dubrovnik-88 sample,rule,0,0.0,169413.9800386285,6846.433286570793
dubrovnik-88 sample,rule,0,0.010673065204173326,11545.120325279173,6846.433286570793
dubrovnik-88 sample,rule,0,0.02024644101038575,8651.792816151663,6846.433286570793
dubrovnik-88 sample,rule,0,0.028561545070260763,7818.517622081446,6846.433286570793
dubrovnik-88 sample,rule,0,0.03682514000684023,7479.97491077598,6846.433286570793
dubrovnik-88 sample,rule,0,0.04716339614242315,6972.857559010147,6846.433286570793
dubrovnik-88 sample,rule,0,0.0550729101523757,6858.413972301219,6846.433286570793
dubrovnik-88 sample,rule,0,0.063238934148103,6822.764910595628,6846.433286570793
dubrovnik-88 sample,rule,1,0.0,169413.9800386285,6846.433286570793
dubrovnik-88 sample,rule,1,0.010703125037252903,11545.120325279173,6846.433286570793
dubrovnik-88 sample,rule,1,0.020368651021271944,8651.792816151663,6846.433286570793
dubrovnik-88 sample,rule,1,0.02855104487389326,7818.517622081446,6846.433286570793
dubrovnik-88 sample,rule,1,0.03678204910829663,7479.97491077598,6846.433286570793
dubrovnik-88 sample,rule,1,0.04697957495227456,6972.857559010147,6846.433286570793
dubrovnik-88 sample,rule,1,0.05504425894469023,6858.413972301219,6846.433286570793
dubrovnik-88 sample,rule,1,0.06378138391301036,6822.764910595628,6846.433286570793
dubrovnik-88 sample,rule,2,0.0,169413.9800386285,6846.433286570793
dubrovnik-88 sample,rule,2,0.009130434598773718,11545.120325279173,6846.433286570793
dubrovnik-88 sample,rule,2,0.01884483965113759,8651.792816151663,6846.433286570793
dubrovnik-88 sample,rule,2,0.026965074706822634,7818.517622081446,6846.433286570793
dubrovnik-88 sample,rule,2,0.035912278573960066,7479.97491077598,6846.433286570793
dubrovnik-88 sample,rule,2,0.04582810401916504,6972.857559010147,6846.433286570793
dubrovnik-88 sample,rule,2,0.054463648702949286,6858.413972301219,6846.433286570793
dubrovnik-88 sample,rule,2,0.062326302751898766,6822.764910595628,6846.433286570793
dubrovnik-88 sample,tree,0,0.0,169413.9800386285,6846.433286570793
dubrovnik-88 sample,tree,0,0.010564664844423532,11545.120325279173,6846.433286570793
dubrovnik-88 sample,tree,0,0.02007877081632614,8651.792816151663,6846.433286570793
dubrovnik-88 sample,tree,0,0.02831617509946227,7818.517622081446,6846.433286570793
dubrovnik-88 sample,tree,0,0.036159619223326445,7479.97491077598,6846.433286570793
dubrovnik-88 sample,tree,0,0.04409054387360811,7248.8971823834845,6846.433286570793
dubrovnik-88 sample,tree,0,0.05198050802573562,7058.663580040716,6846.433286570793
dubrovnik-88 sample,tree,0,0.059963611885905266,6918.932964270612,6846.433286570793
dubrovnik-88 sample,tree,0,0.06802886677905917,6836.826649537617,6846.433286570793
dubrovnik-88 sample,tree,1,0.0,169413.9800386285,6846.433286570793
dubrovnik-88 sample,tree,1,0.010418925900012255,11545.120325279173,6846.433286570793
dubrovnik-88 sample,tree,1,0.020058740861713886,8651.792816151663,6846.433286570793
dubrovnik-88 sample,tree,1,0.028199834749102592,7818.517622081446,6846.433286570793
dubrovnik-88 sample,tree,1,0.03616695897653699,7479.97491077598,6846.433286570793
dubrovnik-88 sample,tree,1,0.044173114001750946,7248.8971823834845,6846.433286570793
dubrovnik-88 sample,tree,1,0.052215238101780415,7058.663580040716,6846.433286570793
dubrovnik-88 sample,tree,1,0.060196842066943645,6918.932964270612,6846.433286570793
dubrovnik-88 sample,tree,1,0.06805814569815993,6836.826649537617,6846.433286570793
dubrovnik-88 sample,tree,2,0.0,169413.9800386285,6846.433286570793
dubrovnik-88 sample,tree,2,0.010342814959585667,11545.120325279173,6846.433286570793
dubrovnik-88 sample,tree,2,0.01996912993490696,8651.792816151663,6846.433286570793
dubrovnik-88 sample,tree,2,0.028212985023856163,7818.517622081446,6846.433286570793
dubrovnik-88 sample,tree,2,0.03640682902187109,7479.97491077598,6846.433286570793
dubrovnik-88 sample,tree,2,0.045060554053634405,7248.8971823834845,6846.433286570793
dubrovnik-88 sample,tree,2,0.05299241794273257,7058.663580040716,6846.433286570793
dubrovnik-88 sample,tree,2,0.06091576209291816,6918.932964270612,6846.433286570793
dubrovnik-88 sample,tree,2,0.0689573660492897,6836.826649537617,6846.433286570793
venice-52 sample,fresh,0,0.0,46501.188000693444,3624.9109132046638
venice-52 sample,fresh,0,0.010414314921945333,14209.980753763488,3624.9109132046638
venice-52 sample,fresh,0,0.019898179918527603,12302.193418786508,3624.9109132046638
venice-52 sample,fresh,0,0.02784551400691271,11167.325522513729,3624.9109132046638
venice-52 sample,fresh,0,0.036030038725584745,10118.88904939255,3624.9109132046638
venice-52 sample,fresh,0,0.04455243283882737,8942.95671853622,3624.9109132046638
venice-52 sample,fresh,0,0.052561476826667786,7547.421429044434,3624.9109132046638
venice-52 sample,fresh,0,0.06040693214163184,6048.136376412529,3624.9109132046638
venice-52 sample,fresh,0,0.0683010658249259,4791.9344825932385,3624.9109132046638
venice-52 sample,fresh,0,0.07612928003072739,4061.4046486066336,3624.9109132046638
venice-52 sample,fresh,0,0.0840304340235889,3752.9535996849286,3624.9109132046638
venice-52 sample,fresh,0,0.09176780795678496,3634.286753381907,3624.9109132046638
venice-52 sample,fresh,0,0.0999246328137815,3592.4793761636506,3624.9109132046638
venice-52 sample,fresh,1,0.0,46501.188000693444,3624.9109132046638
venice-52 sample,fresh,1,0.008045444265007973,14209.980753763488,3624.9109132046638
venice-52 sample,fresh,1,0.017096109222620726,12302.193418786508,3624.9109132046638
venice-52 sample,fresh,1,0.025198013056069613,11167.325522513729,3624.9109132046638
venice-52 sample,fresh,1,0.03447947837412357,10118.88904939255,3624.9109132046638
venice-52 sample,fresh,1,0.042505672201514244,8942.95671853622,3624.9109132046638
venice-52 sample,fresh,1,0.0521032284013927,7547.421429044434,3624.9109132046638
venice-52 sample,fresh,1,0.06021481240168214,6048.136376412529,3624.9109132046638
venice-52 sample,fresh,1,0.06985588697716594,4791.9344825932385,3624.9109132046638
venice-52 sample,fresh,1,0.07792534120380878,4061.4046486066336,3624.9109132046638
venice-52 sample,fresh,1,0.08743059635162354,3752.9535996849286,3624.9109132046638
venice-52 sample,fresh,1,0.09556769020855427,3634.286753381907,3624.9109132046638
venice-52 sample,fresh,1,0.10503133526071906,3592.4793761636506,3624.9109132046638
venice-52 sample,fresh,2,0.0,46501.188000693444,3624.9109132046638
venice-52 sample,fresh,2,0.008053855039179325,14209.980753763488,3624.9109132046638
venice-52 sample,fresh,2,0.017383528873324394,12302.193418786508,3624.9109132046638
venice-52 sample,fresh,2,0.025591214187443256,11167.325522513729,3624.9109132046638
venice-52 sample,fresh,2,0.03346418822184205,10118.88904939255,3624.9109132046638
venice-52 sample,fresh,2,0.04133183229714632,8942.95671853622,3624.9109132046638
venice-52 sample,fresh,2,0.04903157614171505,7547.421429044434,3624.9109132046638
venice-52 sample,fresh,2,0.05693514086306095,6048.136376412529,3624.9109132046638
venice-52 sample,fresh,2,0.0647456250153482,4791.9344825932385,3624.9109132046638
venice-52 sample,fresh,2,0.07251813914626837,4061.4046486066336,3624.9109132046638
venice-52 sample,fresh,2,0.08030505292117596,3752.9535996849286,3624.9109132046638
venice-52 sample,fresh,2,0.08811550727114081,3634.286753381907,3624.9109132046638
venice-52 sample,fresh,2,0.09613656112924218,3592.4793761636506,3624.9109132046638
venice-52 sample,lambda,0,0.0,46501.188000693444,3624.9109132046638
venice-52 sample,lambda,0,0.015089388005435467,12543.541675279988,3624.9109132046638
venice-52 sample,lambda,0,0.029308164957910776,9736.493947457886,3624.9109132046638
venice-52 sample,lambda,0,0.04154573194682598,6295.215125899869,3624.9109132046638
venice-52 sample,lambda,0,0.05354316812008619,4044.3004138677734,3624.9109132046638
venice-52 sample,lambda,0,0.06569603411480784,3618.721269671074,3624.9109132046638
venice-52 sample,lambda,1,0.0,46501.188000693444,3624.9109132046638
venice-52 sample,lambda,1,0.012144837062805891,12543.541675279988,3624.9109132046638
venice-52 sample,lambda,1,0.02541111409664154,9736.493947457886,3624.9109132046638
venice-52 sample,lambda,1,0.03787633031606674,6295.215125899869,3624.9109132046638
venice-52 sample,lambda,1,0.050549617037177086,4044.3004138677734,3624.9109132046638
venice-52 sample,lambda,1,0.0627087433822453,3618.721269671074,3624.9109132046638
venice-52 sample,lambda,2,0.0,46501.188000693444,3624.9109132046638
venice-52 sample,lambda,2,0.012573986314237118,12543.541675279988,3624.9109132046638
venice-52 sample,lambda,2,0.025725203100591898,9736.493947457886,3624.9109132046638
venice-52 sample,lambda,2,0.03904230007901788,6295.215125899869,3624.9109132046638
venice-52 sample,lambda,2,0.05200552707538009,4044.3004138677734,3624.9109132046638
venice-52 sample,lambda,2,0.06433800421655178,3618.721269671074,3624.9109132046638
venice-52 sample,point,0,0.0,46501.188000693444,3624.9109132046638
venice-52 sample,point,0,0.012887116055935621,13216.139089942166,3624.9109132046638
venice-52 sample,point,0,0.025224943179637194,11685.533798074332,3624.9109132046638
venice-52 sample,point,0,0.0360354189760983,10906.688797650506,3624.9109132046638
venice-52 sample,point,0,0.04674503393471241,10019.029343443362,3624.9109132046638
venice-52 sample,point,0,0.05823402013629675,8893.497880990803,3624.9109132046638
venice-52 sample,point,0,0.0688897161744535,7510.412554615826,3624.9109132046638
venice-52 sample,point,0,0.0796522619202733,6020.440455255755,3624.9109132046638
venice-52 sample,point,0,0.09026540676131845,4777.569050794045,3624.9109132046638
venice-52 sample,point,0,0.10083679296076298,4057.925483788011,3624.9109132046638
venice-52 sample,point,0,0.11169292777776718,3752.9938882019396,3624.9109132046638
venice-52 sample,point,0,0.12244237400591373,3633.9484356637904,3624.9109132046638
venice-52 sample,point,0,0.1337055000476539,3592.152129070912,3624.9109132046638
venice-52 sample,point,1,0.0,46501.188000693444,3624.9109132046638
venice-52 sample,point,1,0.012863647192716599,13216.139089942166,3624.9109132046638
venice-52 sample,point,1,0.025142424274235964,11685.533798074332,3624.9109132046638
venice-52 sample,point,1,0.03600708907470107,10906.688797650506,3624.9109132046638
venice-52 sample,point,1,0.04688054509460926,10019.029343443362,3624.9109132046638
venice-52 sample,point,1,0.05754189100116491,8893.497880990803,3624.9109132046638
venice-52 sample,point,1,0.06804587598890066,7510.412554615826,3624.9109132046638
venice-52 sample,point,1,0.07852087216451764,6020.440455255755,3624.9109132046638
venice-52 sample,point,1,0.0894388179294765,4777.569050794045,3624.9109132046638
venice-52 sample,point,1,0.10111056407913566,4057.925483788011,3624.9109132046638
venice-52 sample,point,1,0.11190152913331985,3752.9938882019396,3624.9109132046638
venice-52 sample,point,1,0.12254482507705688,3633.9484356637904,3624.9109132046638
venice-52 sample,point,1,0.13312726095318794,3592.152129070912,3624.9109132046638
venice-52 sample,point,2,0.0,46501.188000693444,3624.9109132046638
venice-52 sample,point,2,0.013019157107919455,13216.139089942166,3624.9109132046638
venice-52 sample,point,2,0.025387553963810205,11685.533798074332,3624.9109132046638
venice-52 sample,point,2,0.03637643996626139,10906.688797650506,3624.9109132046638
venice-52 sample,point,2,0.04708849499002099,10019.029343443362,3624.9109132046638
venice-52 sample,point,2,0.057827691081911325,8893.497880990803,3624.9109132046638
venice-52 sample,point,2,0.06838203594088554,7510.412554615826,3624.9109132046638
venice-52 sample,point,2,0.07895374204963446,6020.440455255755,3624.9109132046638
venice-52 sample,point,2,0.08994860807433724,4777.569050794045,3624.9109132046638
venice-52 sample,point,2,0.10083890426903963,4057.925483788011,3624.9109132046638
venice-52 sample,point,2,0.11225343029946089,3752.9938882019396,3624.9109132046638
venice-52 sample,point,2,0.12287773517891765,3633.9484356637904,3624.9109132046638
venice-52 sample,point,2,0.1334244511090219,3592.152129070912,3624.9109132046638
venice-52 sample,rule,0,0.0,46501.188000693444,3624.9109132046638
venice-52 sample,rule,0,0.011650106869637966,12839.301647200831,3624.9109132046638
venice-52 sample,rule,0,0.022431121673434973,11322.014578069848,3624.9109132046638
venice-52 sample,rule,0,0.031445016618818045,10174.764141901715,3624.9109132046638
venice-52 sample,rule,0,0.04077769163995981,8949.997759571157,3624.9109132046638
venice-52 sample,rule,0,0.04985547671094537,7507.337682148256,3624.9109132046638
venice-52 sample,rule,0,0.059840132016688585,5962.228233230183,3624.9109132046638
venice-52 sample,rule,0,0.06892388686537743,4694.2234014885,3624.9109132046638
venice-52 sample,rule,0,0.07890244200825691,4002.0432178393403,3624.9109132046638
venice-52 sample,rule,0,0.08827340696007013,3729.7277620279024,3624.9109132046638
venice-52 sample,rule,0,0.09907507291063666,3624.9624099091407,3624.9109132046638
venice-52 sample,rule,0,0.1080812569707632,3588.9389032280023,3624.9109132046638
venice-52 sample,rule,1,0.0,46501.188000693444,3624.9109132046638
venice-52 sample,rule,1,0.009265064727514982,12839.301647200831,3624.9109132046638
venice-52 sample,rule,1,0.019504470750689507,11322.014578069848,3624.9109132046638
venice-52 sample,rule,1,0.028678834903985262,10174.764141901715,3624.9109132046638
venice-52 sample,rule,1,0.03868726082146168,8949.997759571157,3624.9109132046638
venice-52 sample,rule,1,0.048035046085715294,7507.337682148256,3624.9109132046638
venice-52 sample,rule,1,0.0583255710080266,5962.228233230183,3624.9109132046638
venice-52 sample,rule,1,0.06724449573084712,4694.2234014885,3624.9109132046638
venice-52 sample,rule,1,0.07610269077122211,4002.0432178393403,3624.9109132046638
venice-52 sample,rule,1,0.08490971475839615,3729.7277620279024,3624.9109132046638
venice-52 sample,rule,1,0.09384051989763975,3624.9624099091407,3624.9109132046638
venice-52 sample,rule,1,0.10284802503883839,3588.9389032280023,3624.9109132046638
venice-52 sample,rule,2,0.0,46501.188000693444,3624.9109132046638
venice-52 sample,rule,2,0.009296504780650139,12839.301647200831,3624.9109132046638
venice-52 sample,rule,2,0.018250259570777416,11322.014578069848,3624.9109132046638
venice-52 sample,rule,2,0.027135513722896576,10174.764141901715,3624.9109132046638
venice-52 sample,rule,2,0.03594993893057108,8949.997759571157,3624.9109132046638
venice-52 sample,rule,2,0.044804482720792294,7507.337682148256,3624.9109132046638
venice-52 sample,rule,2,0.05368598783388734,5962.228233230183,3624.9109132046638
venice-52 sample,rule,2,0.06255021272227168,4694.2234014885,3624.9109132046638
venice-52 sample,rule,2,0.0715211876668036,4002.0432178393403,3624.9109132046638
venice-52 sample,rule,2,0.08035060157999396,3729.7277620279024,3624.9109132046638
venice-52 sample,rule,2,0.08929845690727234,3624.9624099091407,3624.9109132046638
venice-52 sample,rule,2,0.09831121191382408,3588.9389032280023,3624.9109132046638
venice-52 sample,tree,0,0.0,46501.188000693444,3624.9109132046638
venice-52 sample,tree,0,0.011298765894025564,12839.301647200831,3624.9109132046638
venice-52 sample,tree,0,0.021977052092552185,11322.014578069848,3624.9109132046638
venice-52 sample,tree,0,0.03114136727526784,10174.764141901715,3624.9109132046638
venice-52 sample,tree,0,0.04024184122681618,8949.997759571157,3624.9109132046638
venice-52 sample,tree,0,0.049203886184841394,7507.337682148256,3624.9109132046638
venice-52 sample,tree,0,0.05824600113555789,5962.228233230183,3624.9109132046638
venice-52 sample,tree,0,0.06736326590180397,4694.2234014885,3624.9109132046638
venice-52 sample,tree,0,0.07629880029708147,4002.0432178393403,3624.9109132046638
venice-52 sample,tree,0,0.08517903508618474,3729.7277620279024,3624.9109132046638
venice-52 sample,tree,0,0.09432615013793111,3624.9624099091407,3624.9109132046638
venice-52 sample,tree,0,0.10326412506401539,3588.9389032280023,3624.9109132046638
venice-52 sample,tree,1,0.0,46501.188000693444,3624.9109132046638
venice-52 sample,tree,1,0.011656255926936865,12839.301647200831,3624.9109132046638
venice-52 sample,tree,1,0.022105971816927195,11322.014578069848,3624.9109132046638
venice-52 sample,tree,1,0.03139927703887224,10174.764141901715,3624.9109132046638
venice-52 sample,tree,1,0.04026300087571144,8949.997759571157,3624.9109132046638
venice-52 sample,tree,1,0.04920876584947109,7507.337682148256,3624.9109132046638
venice-52 sample,tree,1,0.05824984097853303,5962.228233230183,3624.9109132046638
venice-52 sample,tree,1,0.06724772602319717,4694.2234014885,3624.9109132046638
venice-52 sample,tree,1,0.0761498911306262,4002.0432178393403,3624.9109132046638
venice-52 sample,tree,1,0.08502202481031418,3729.7277620279024,3624.9109132046638
venice-52 sample,tree,1,0.09392782999202609,3624.9624099091407,3624.9109132046638
venice-52 sample,tree,1,0.10308513510972261,3588.9389032280023,3624.9109132046638
venice-52 sample,tree,2,0.0,46501.188000693444,3624.9109132046638
venice-52 sample,tree,2,0.01084470609202981,12839.301647200831,3624.9109132046638
venice-52 sample,tree,2,0.021301851142197847,11322.014578069848,3624.9109132046638
venice-52 sample,tree,2,0.03052616724744439,10174.764141901715,3624.9109132046638
venice-52 sample,tree,2,0.039416790939867496,8949.997759571157,3624.9109132046638
venice-52 sample,tree,2,0.048322395887225866,7507.337682148256,3624.9109132046638
venice-52 sample,tree,2,0.05728295026347041,5962.228233230183,3624.9109132046638
venice-52 sample,tree,2,0.06621534517034888,4694.2234014885,3624.9109132046638
venice-52 sample,tree,2,0.0754207600839436,4002.0432178393403,3624.9109132046638
venice-52 sample,tree,2,0.08528444496914744,3729.7277620279024,3624.9109132046638
venice-52 sample,tree,2,0.09456819016486406,3624.9624099091407,3624.9109132046638
venice-52 sample,tree,2,0.10355112515389919,3588.9389032280023,3624.9109132046638
