stage,scene,cell,arm,rep,hit,cost,target,target_seconds,native_seconds,score_init,outers,rejects,matvecs,pcg_per_outer,retry_fraction_native,max_touched_fraction,source
compatibility,dubrovnik-88,dubrovnik-88,original,0,False,358946.24165885185,0,,0.452515,30562787.847235743,33,4,131,,,0,evidence/compatibility/dubrovnik-88-original-0
compatibility,dubrovnik-88,dubrovnik-88,off,0,False,358945.5678887177,0,,0.417451,30562787.847235747,33,1,125,2.757575757575758,0.012531897156792053,0,evidence/compatibility/dubrovnik-88-off-0
compatibility,dubrovnik-88,dubrovnik-88,off,1,False,358946.35316428484,0,,0.429731,30562787.84723574,33,4,131,2.8484848484848486,0.04868073050350103,0,evidence/compatibility/dubrovnik-88-off-1
compatibility,dubrovnik-88,dubrovnik-88,original,1,False,358944.93931941385,0,,0.413341,30562787.847235747,33,1,125,,,0,evidence/compatibility/dubrovnik-88-original-1
compatibility,dubrovnik-88,dubrovnik-88,original,2,False,358945.6641705136,0,,0.43702,30562787.847235747,33,1,125,,,0,evidence/compatibility/dubrovnik-88-original-2
compatibility,dubrovnik-88,dubrovnik-88,off,2,False,358946.79839112627,0,,0.430124,30562787.84723574,33,4,131,2.8484848484848486,0.04867759064827817,0,evidence/compatibility/dubrovnik-88-off-2
locality,ladybug-539,ladybug-539-1.01,off,0,True,165514.08261311482,165617.73918321263,0.0686,0.085869,5535080.118240733,6,0,42,6.0,0.0,0,evidence/locality/ladybug-539-1.01-off-0
locality,ladybug-539,ladybug-539-1.01,cap30,0,True,165589.95758178207,165617.73918321263,0.0942,0.111918,5535080.118240733,10,0,41,3.1,0.0,0.016697588126159554,evidence/locality/ladybug-539-1.01-cap30-0
locality,ladybug-539,ladybug-539-1.01,intrinsic,0,True,165513.17021249657,165617.73918321263,0.1109,0.128374,5535080.118240731,7,0,56,7.0,0.0,0.0055658627087198514,evidence/locality/ladybug-539-1.01-intrinsic-0
locality,ladybug-539,ladybug-539-1.01,intrinsic,1,True,165513.04858776226,165617.73918321263,0.111,0.129941,5535080.118240731,7,0,56,7.0,0.0,0.0055658627087198514,evidence/locality/ladybug-539-1.01-intrinsic-1
locality,ladybug-539,ladybug-539-1.01,cap30,1,True,165589.9575817811,165617.73918321263,0.085,0.102401,5535080.118240732,10,0,41,3.1,0.0,0.016697588126159554,evidence/locality/ladybug-539-1.01-cap30-1
locality,ladybug-539,ladybug-539-1.01,off,1,True,165514.08261311796,165617.73918321263,0.0619,0.079096,5535080.118240731,6,0,42,6.0,0.0,0,evidence/locality/ladybug-539-1.01-off-1
locality,ladybug-539,ladybug-539-1.01,off,2,True,165514.08261312585,165617.73918321263,0.0622,0.080325,5535080.118240732,6,0,42,6.0,0.0,0,evidence/locality/ladybug-539-1.01-off-2
locality,ladybug-539,ladybug-539-1.01,cap30,2,True,165589.9521291572,165617.73918321263,0.0939,0.113697,5535080.118240732,10,0,41,3.1,0.0,0.016697588126159554,evidence/locality/ladybug-539-1.01-cap30-2
locality,ladybug-539,ladybug-539-1.01,intrinsic,2,True,165512.9928916705,165617.73918321263,0.1104,0.127948,5535080.118240731,7,0,56,7.0,0.0,0.0055658627087198514,evidence/locality/ladybug-539-1.01-intrinsic-2
tails,venice-52,venice-52,off,0,False,247536.95864837748,243740.27,,1.354276,11152062.772762472,131,8,359,1.6793893129770991,0.0350819862420954,0,evidence/tails/venice-52-off-0
tails,venice-52,venice-52,opening,0,True,243382.00562337326,243740.27,0.3118,0.329942,11152062.77276247,21,1,159,6.523809523809524,0.030307432821526203,0,evidence/tails/venice-52-opening-0
tails,venice-52,venice-52,cap30,0,False,249560.1961930324,243740.27,,0.954182,11152062.772762472,90,3,264,1.9,0.03259686936035264,0.057692307692307696,evidence/tails/venice-52-cap30-0
tails,venice-52,venice-52,intrinsic,0,False,497951.6246011847,243740.27,,1.656528,11152062.77276247,32,0,1190,36.1875,0.02263546888431708,0.38461538461538464,evidence/tails/venice-52-intrinsic-0
tails,final-3068,final-3068,off,0,False,1950059.6830723335,1744796.9841897595,,3.006267,90993342.02434024,47,14,150,1.8936170212765957,0.18759754572697637,0,evidence/tails/final-3068-off-0
tails,final-3068,final-3068,opening,0,True,1737661.9677662961,1744796.9841897595,3.0169,3.040426,90993342.02434023,44,3,334,6.5227272727272725,0.04856796712039694,0,evidence/tails/final-3068-opening-0
tails,final-3068,final-3068,cap30,0,False,1768964.9841342329,1744796.9841897595,,16.840687,90993342.02434023,390,0,1204,2.0871794871794873,0.0023999531016757215,0.0697522816166884,evidence/tails/final-3068-cap30-0
tails,final-3068,final-3068,intrinsic,0,False,2531981.119305681,1744796.9841897595,,60.028962,90993342.02434023,140,2,17945,128.15,0.02129813963799674,0.3367014341590613,evidence/tails/final-3068-intrinsic-0
tails,venice-52,venice-52,intrinsic,1,False,497951.68890067737,243740.27,,1.646498,11152062.77276247,32,0,1187,36.09375,0.024335583158922754,0.38461538461538464,evidence/tails/venice-52-intrinsic-1
tails,venice-52,venice-52,cap30,1,False,249471.33341071618,243740.27,,0.959033,11152062.772762468,89,3,257,1.853932584269663,0.0292498933821881,0.07692307692307693,evidence/tails/venice-52-cap30-1
tails,venice-52,venice-52,opening,1,True,243382.00702918647,243740.27,0.3128,0.332905,11152062.772762468,21,1,159,6.523809523809524,0.030012781424130008,0,evidence/tails/venice-52-opening-1
tails,venice-52,venice-52,off,1,False,244952.22454351553,243740.27,,1.70726,11152062.77276247,149,5,518,2.442953020134228,0.022189800616192027,0,evidence/tails/venice-52-off-1
tails,final-3068,final-3068,intrinsic,1,False,2539531.012818682,1744796.9841897595,,60.27494,90993342.02434024,135,8,17914,132.64444444444445,0.05538035054037384,0.33735332464146023,evidence/tails/final-3068-intrinsic-1
tails,final-3068,final-3068,cap30,1,False,1762386.6149658554,1744796.9841897595,,19.723352,90993342.02434023,434,0,1257,1.8963133640552996,0.002001517186328166,0.08441981747066493,evidence/tails/final-3068-cap30-1
tails,final-3068,final-3068,opening,1,True,1736711.1197852863,1744796.9841897595,4.1245,4.148913,90993342.02434024,79,5,434,4.430379746835443,0.06280505182923816,0,evidence/tails/final-3068-opening-1
tails,final-3068,final-3068,off,1,True,1742937.4909342201,1744796.9841897595,3.8743,3.897934,90993342.02434023,69,3,272,2.898550724637681,0.027311175869062943,0,evidence/tails/final-3068-off-1
tails,venice-52,venice-52,off,2,False,246401.56626400613,243740.27,,2.078932,11152062.772762468,188,15,508,1.622340425531915,0.049452746410175996,0,evidence/tails/venice-52-off-2
tails,venice-52,venice-52,opening,2,True,243381.9981086073,243740.27,0.3127,0.330399,11152062.772762472,21,1,159,6.523809523809524,0.030290361048308255,0,evidence/tails/venice-52-opening-2
tails,venice-52,venice-52,cap30,2,False,248452.93230286735,243740.27,,3.155401,11152062.772762468,312,2,908,1.9038461538461537,0.007783201881472435,0.038461538461538464,evidence/tails/venice-52-cap30-2
tails,venice-52,venice-52,intrinsic,2,False,497951.0905436021,243740.27,,1.65134,11152062.77276247,32,2,1148,34.8125,0.07167087759032058,0.38461538461538464,evidence/tails/venice-52-intrinsic-2
tails,final-3068,final-3068,off,2,True,1741419.4038940824,1744796.9841897595,3.0141,3.037287,90993342.02434023,50,4,282,4.56,0.04996687636038346,0,evidence/tails/final-3068-off-2
tails,final-3068,final-3068,opening,2,True,1739164.1708418683,1744796.9841897595,3.0685,3.092127,90993342.02434024,60,3,288,3.75,0.04172184454260773,0,evidence/tails/final-3068-opening-2
tails,final-3068,final-3068,cap30,2,False,1763841.0833498042,1744796.9841897595,,28.970657,90993342.02434023,525,20,1597,2.0038095238095237,0.029493238002852334,0.0847457627118644,evidence/tails/final-3068-cap30-2
tails,final-3068,final-3068,intrinsic,2,False,2631489.136609959,1744796.9841897595,,10.92442,90993342.02434024,40,11,2644,65.3,0.16299642965026978,0.33376792698826596,evidence/tails/final-3068-intrinsic-2
tails,venice-52,venice-52,intrinsic,3,False,497951.36166203907,243740.27,,1.593882,11152062.772762472,32,0,1128,34.25,0.023423683810972207,0.38461538461538464,evidence/tails/venice-52-intrinsic-3
tails,venice-52,venice-52,cap30,3,False,249542.42169296768,243740.27,,1.22723,11152062.772762468,116,4,337,1.8706896551724137,0.032719668684761616,0.057692307692307696,evidence/tails/venice-52-cap30-3
tails,venice-52,venice-52,opening,3,True,243381.9949025939,243740.27,0.3125,0.330154,11152062.772762468,21,1,159,6.523809523809524,0.030310897338817644,0,evidence/tails/venice-52-opening-3
tails,venice-52,venice-52,off,3,False,246341.9210838458,243740.27,,1.534363,11152062.772762472,99,6,751,6.525252525252525,0.027628104301263785,0,evidence/tails/venice-52-off-3
tails,final-3068,final-3068,intrinsic,3,False,2489527.193932065,1744796.9841897595,,22.408871,90993342.02434024,64,13,5951,92.46875,0.15283369019349524,0.3344198174706649,evidence/tails/final-3068-intrinsic-3
tails,final-3068,final-3068,cap30,3,False,1768443.4791962523,1744796.9841897595,,22.229213,90993342.02434023,417,3,1297,2.1031175059952036,0.0046043523898034525,0.08507170795306389,evidence/tails/final-3068-cap30-3
tails,final-3068,final-3068,opening,3,True,1739377.583035243,1744796.9841897595,4.7428,4.765972,90993342.02434024,82,9,361,3.292682926829268,0.08449030879744993,0,evidence/tails/final-3068-opening-3
tails,final-3068,final-3068,off,3,True,1740585.9937494516,1744796.9841897595,3.6765,3.701284,90993342.02434023,61,5,312,4.032786885245901,0.054547761263388596,0,evidence/tails/final-3068-off-3
tails,venice-52,venice-52,off,4,False,247558.22991132445,243740.27,,1.339034,11152062.772762472,128,7,349,1.671875,0.03164777817441529,0,evidence/tails/venice-52-off-4
tails,venice-52,venice-52,opening,4,True,243381.99314288283,243740.27,0.313,0.330771,11152062.772762472,21,1,159,6.523809523809524,0.03029880189012943,0,evidence/tails/venice-52-opening-4
tails,venice-52,venice-52,cap30,4,False,250581.31593376785,243740.27,,0.693192,11152062.772762472,52,10,218,3.0,0.10933756881210402,0.057692307692307696,evidence/tails/venice-52-cap30-4
tails,venice-52,venice-52,intrinsic,4,False,497951.9492004057,243740.27,,1.847361,11152062.772762472,33,2,1360,40.18181818181818,0.09291191164044278,0.38461538461538464,evidence/tails/venice-52-intrinsic-4
tails,final-3068,final-3068,off,4,True,1741124.962023776,1744796.9841897595,3.3284,3.35298,90993342.02434023,55,1,341,5.181818181818182,0.02499996152676127,0,evidence/tails/final-3068-off-4
tails,final-3068,final-3068,opening,4,True,1741597.2680465698,1744796.9841897595,3.434,3.484224,90993342.02434023,68,2,268,2.911764705882353,0.02556039221358902,0,evidence/tails/final-3068-opening-4
tails,final-3068,final-3068,cap30,4,False,1764957.8155780195,1744796.9841897595,,19.903539,90993342.02434023,437,0,1312,2.002288329519451,0.0020301299181014996,0.08702737940026076,evidence/tails/final-3068-cap30-4
tails,final-3068,final-3068,intrinsic,4,False,2525043.945635347,1744796.9841897595,,60.010438,90993342.02434023,140,1,17906,127.87142857142857,0.013922152709500302,0.33735332464146023,evidence/tails/final-3068-intrinsic-4
opening,venice-52,venice-52,off,0,False,246304.3379181443,243740.27,,1.76272,11152062.772762468,115,6,800,5.904347826086957,0.02400451971952437,0,evidence/opening/venice-52-off-0
opening,venice-52,venice-52,open-e0.05-w1-f1,0,False,254292.14755072005,243740.27,,2.186568,11152062.772762474,196,15,575,1.8571428571428572,0.04866696027747593,0,evidence/opening/venice-52-open-e0.05-w1-f1-0
opening,venice-52,venice-52,open-e0.05-w2-f1,0,False,253689.93975730392,243740.27,,1.150639,11152062.772762474,96,11,367,2.7083333333333335,0.09878479696933619,0,evidence/opening/venice-52-open-e0.05-w2-f1-0
opening,venice-52,venice-52,open-e0.05-w2-f2,0,False,255751.70054306963,243740.27,,2.045246,11152062.77276247,201,5,575,1.835820895522388,0.018486401146854705,0,evidence/opening/venice-52-open-e0.05-w2-f2-0
opening,venice-52,venice-52,open-e0.05-w3-f1,0,False,246194.13376154914,243740.27,,0.759336,11152062.77276247,72,2,200,1.75,0.015376513164132874,0,evidence/opening/venice-52-open-e0.05-w3-f1-0
opening,venice-52,venice-52,open-e0.05-w3-f3,0,True,243382.00008044884,243740.27,0.3114,0.330588,11152062.77276247,21,1,159,6.523809523809524,0.0301432598884412,0,evidence/opening/venice-52-open-e0.05-w3-f3-0
opening,venice-52,venice-52,open-e0.1-w1-f1,0,False,255755.46851401468,243740.27,,2.041629,11152062.772762474,198,7,584,1.9141414141414141,0.02555133915123659,0,evidence/opening/venice-52-open-e0.1-w1-f1-0
opening,venice-52,venice-52,open-e0.1-w2-f1,0,False,253869.5319789048,243740.27,,1.186138,11152062.772762468,111,2,357,2.1981981981981984,0.017395394127833357,0,evidence/opening/venice-52-open-e0.1-w2-f1-0
opening,venice-52,venice-52,open-e0.1-w2-f2,0,False,254081.62245064395,243740.27,,1.509483,11152062.772762474,118,1,653,4.52542372881356,0.010245527110937984,0,evidence/opening/venice-52-open-e0.1-w2-f2-0
opening,venice-52,venice-52,open-e0.1-w3-f1,0,False,246194.12137746028,243740.27,,0.760293,11152062.77276247,72,2,200,1.75,0.015394721508681522,0,evidence/opening/venice-52-open-e0.1-w3-f1-0
opening,venice-52,venice-52,open-e0.1-w3-f3,0,False,248207.34498618924,243740.27,,0.720769,11152062.772762468,65,3,205,2.1076923076923078,0.0275087829804001,0,evidence/opening/venice-52-open-e0.1-w3-f3-0
opening,venice-52,venice-52,open-e0.2-w1-f1,0,False,246313.1334428124,243740.27,,2.371708,11152062.772762468,170,9,898,4.229411764705882,0.02510526590963137,0,evidence/opening/venice-52-open-e0.2-w1-f1-0
opening,venice-52,venice-52,open-e0.2-w2-f1,0,False,246340.19960428696,243740.27,,1.093955,11152062.77276247,106,1,299,1.8113207547169812,0.014079197956040238,0,evidence/opening/venice-52-open-e0.2-w2-f1-0
opening,venice-52,venice-52,open-e0.2-w2-f2,0,False,256884.35652510924,243740.27,,1.669811,11152062.77276247,164,7,433,1.5975609756097562,0.02474740973679057,0,evidence/opening/venice-52-open-e0.2-w2-f2-0
opening,venice-52,venice-52,open-e0.2-w3-f1,0,False,253176.38524942752,243740.27,,1.810864,11152062.77276247,147,5,640,3.3197278911564627,0.018334611544544483,0,evidence/opening/venice-52-open-e0.2-w3-f1-0
opening,venice-52,venice-52,open-e0.2-w3-f3,0,False,257983.13674240749,243740.27,,3.006734,11152062.772762468,260,9,1084,3.1346153846153846,0.020620362160403947,0,evidence/opening/venice-52-open-e0.2-w3-f3-0
opening,venice-52,venice-52,open-e0.2-w3-f3,1,False,257977.69188583305,243740.27,,3.56208,11152062.77276247,292,9,1398,3.756849315068493,0.01790169928805642,0,evidence/opening/venice-52-open-e0.2-w3-f3-1
opening,venice-52,venice-52,open-e0.2-w3-f1,1,False,253199.06819284442,243740.27,,1.440647,11152062.77276247,127,3,450,2.5196850393700787,0.015647350114219517,0,evidence/opening/venice-52-open-e0.2-w3-f1-1
opening,venice-52,venice-52,open-e0.2-w2-f2,1,False,256884.34235505637,243740.27,,1.668737,11152062.772762472,164,7,433,1.5975609756097562,0.02475743511410126,0,evidence/opening/venice-52-open-e0.2-w2-f2-1
opening,venice-52,venice-52,open-e0.2-w2-f1,1,False,244947.83944917726,243740.27,,2.049335,11152062.77276247,177,9,564,2.135593220338983,0.0316464589732767,0,evidence/opening/venice-52-open-e0.2-w2-f1-1
opening,venice-52,venice-52,open-e0.2-w1-f1,1,False,246322.67536933252,243740.27,,1.792457,11152062.77276247,121,8,782,5.396694214876033,0.032186487039856465,0,evidence/opening/venice-52-open-e0.2-w1-f1-1
opening,venice-52,venice-52,open-e0.1-w3-f3,1,False,248207.2785363738,243740.27,,0.719702,11152062.772762472,65,3,205,2.1076923076923078,0.027550012366229358,0,evidence/opening/venice-52-open-e0.1-w3-f3-1
opening,venice-52,venice-52,open-e0.1-w3-f1,1,False,246194.1507734127,243740.27,,0.760205,11152062.77276247,72,2,200,1.75,0.015402094171966772,0,evidence/opening/venice-52-open-e0.1-w3-f1-1
opening,venice-52,venice-52,open-e0.1-w2-f2,1,False,253725.55082419247,243740.27,,0.910302,11152062.772762468,86,1,255,1.9534883720930232,0.01780516685671349,0,evidence/opening/venice-52-open-e0.1-w2-f2-1
opening,venice-52,venice-52,open-e0.1-w2-f1,1,False,253750.90119171262,243740.27,,4.221783,11152062.772762474,377,25,1465,2.819628647214854,0.034263520649924446,0,evidence/opening/venice-52-open-e0.1-w2-f1-1
opening,venice-52,venice-52,open-e0.1-w1-f1,1,False,253679.07101691654,243740.27,,1.409746,11152062.77276247,104,6,514,3.8846153846153846,0.029989109385662384,0,evidence/opening/venice-52-open-e0.1-w1-f1-1
opening,venice-52,venice-52,open-e0.05-w3-f3,1,True,243381.98589027984,243740.27,0.3124,0.330665,11152062.77276247,21,1,159,6.523809523809524,0.03031239774394024,0,evidence/opening/venice-52-open-e0.05-w3-f3-1
opening,venice-52,venice-52,open-e0.05-w3-f1,1,False,246194.10586528137,243740.27,,0.761771,11152062.772762472,72,2,200,1.75,0.015339057275742973,0,evidence/opening/venice-52-open-e0.05-w3-f1-1
opening,venice-52,venice-52,open-e0.05-w2-f2,1,False,253800.2517512185,243740.27,,1.120207,11152062.77276247,104,1,315,2.019230769230769,0.012037353810501096,0,evidence/opening/venice-52-open-e0.05-w2-f2-1
opening,venice-52,venice-52,open-e0.05-w2-f1,1,False,253953.58770463587,243740.27,,1.195333,11152062.77276247,93,3,488,4.21505376344086,0.027049590365195303,0,evidence/opening/venice-52-open-e0.05-w2-f1-1
opening,venice-52,venice-52,open-e0.05-w1-f1,1,False,253686.8669382499,243740.27,,0.864739,11152062.77276247,81,2,242,1.962962962962963,0.025251628526063934,0,evidence/opening/venice-52-open-e0.05-w1-f1-1
opening,venice-52,venice-52,off,1,False,247529.974120411,243740.27,,1.357621,11152062.77276247,131,8,357,1.6641221374045803,0.03520896185312396,0,evidence/opening/venice-52-off-1
opening,venice-52,venice-52,off,2,False,246374.43335547566,243740.27,,1.876903,11152062.77276247,160,10,450,1.75,0.03923876353759358,0,evidence/opening/venice-52-off-2
opening,venice-52,venice-52,open-e0.05-w1-f1,2,False,253687.40108750493,243740.27,,1.734493,11152062.77276247,140,1,682,3.8642857142857143,0.013579051054112067,0,evidence/opening/venice-52-open-e0.05-w1-f1-2
opening,venice-52,venice-52,open-e0.05-w2-f1,2,False,253725.5616493073,243740.27,,0.965131,11152062.772762468,88,4,278,2.1136363636363638,0.047118645033679366,0,evidence/opening/venice-52-open-e0.05-w2-f1-2
opening,venice-52,venice-52,open-e0.05-w2-f2,2,False,253697.742566864,243740.27,,0.913259,11152062.77276247,81,4,277,2.3703703703703702,0.045598769899886,0,evidence/opening/venice-52-open-e0.05-w2-f2-2
opening,venice-52,venice-52,open-e0.05-w3-f1,2,False,246194.090115258,243740.27,,0.79787,11152062.772762472,72,2,200,1.75,0.014692204243799115,0,evidence/opening/venice-52-open-e0.05-w3-f1-2
opening,venice-52,venice-52,open-e0.05-w3-f3,2,True,243381.9988119716,243740.27,0.3123,0.358827,11152062.77276247,21,1,159,6.523809523809524,0.02781317738074337,0,evidence/opening/venice-52-open-e0.05-w3-f3-2
opening,venice-52,venice-52,open-e0.1-w1-f1,2,False,253659.5078822766,243740.27,,1.432031,11152062.772762472,124,5,406,2.2338709677419355,0.030003397272824407,0,evidence/opening/venice-52-open-e0.1-w1-f1-2
opening,venice-52,venice-52,open-e0.1-w2-f1,2,False,253693.79167638678,243740.27,,1.219403,11152062.772762472,97,4,452,3.618556701030928,0.027996295728319513,0,evidence/opening/venice-52-open-e0.1-w2-f1-2
opening,venice-52,venice-52,open-e0.1-w2-f2,2,False,253987.26824086308,243740.27,,1.225134,11152062.772762468,101,5,469,3.594059405940594,0.040767244236140705,0,evidence/opening/venice-52-open-e0.1-w2-f2-2
opening,venice-52,venice-52,open-e0.1-w3-f1,2,False,246194.15748668468,243740.27,,0.760173,11152062.77276247,72,2,200,1.75,0.015385745086973624,0,evidence/opening/venice-52-open-e0.1-w3-f1-2
opening,venice-52,venice-52,open-e0.1-w3-f3,2,False,248207.3107161467,243740.27,,0.72066,11152062.772762472,65,3,205,2.1076923076923078,0.027568309605084232,0,evidence/opening/venice-52-open-e0.1-w3-f3-2
opening,venice-52,venice-52,open-e0.2-w1-f1,2,False,247563.0459800272,243740.27,,1.316342,11152062.77276247,127,7,346,1.669291338582677,0.032157424894138455,0,evidence/opening/venice-52-open-e0.2-w1-f1-2
opening,venice-52,venice-52,open-e0.2-w2-f1,2,False,244964.37446141767,243740.27,,1.49029,11152062.77276247,128,6,428,2.296875,0.028408972750270083,0,evidence/opening/venice-52-open-e0.2-w2-f1-2
opening,venice-52,venice-52,open-e0.2-w2-f2,2,False,255819.56477906156,243740.27,,2.845293,11152062.77276247,284,13,725,1.5070422535211268,0.026806432588840592,0,evidence/opening/venice-52-open-e0.2-w2-f2-2
opening,venice-52,venice-52,open-e0.2-w3-f1,2,False,253185.4890000386,243740.27,,1.392209,11152062.77276247,112,3,490,3.3482142857142856,0.016128196269381966,0,evidence/opening/venice-52-open-e0.2-w3-f1-2
opening,venice-52,venice-52,open-e0.2-w3-f3,2,False,257976.3447595767,243740.27,,1.900721,11152062.772762472,151,6,588,2.8543046357615895,0.02219944221166599,0,evidence/opening/venice-52-open-e0.2-w3-f3-2
opening,venice-52,venice-52,open-e0.2-w3-f3,3,False,258020.45951895346,243740.27,,1.228185,11152062.772762468,111,2,366,2.279279279279279,0.016829181271551107,0,evidence/opening/venice-52-open-e0.2-w3-f3-3
opening,venice-52,venice-52,open-e0.2-w3-f1,3,False,253191.93615119232,243740.27,,1.08683,11152062.772762472,98,2,320,2.2448979591836733,0.015732855184343458,0,evidence/opening/venice-52-open-e0.2-w3-f1-3
opening,venice-52,venice-52,open-e0.2-w2-f2,3,False,255801.23927721812,243740.27,,2.801581,11152062.772762468,285,8,717,1.487719298245614,0.0176474904705593,0,evidence/opening/venice-52-open-e0.2-w2-f2-3
opening,venice-52,venice-52,open-e0.2-w2-f1,3,False,247890.47933798676,243740.27,,1.30433,11152062.77276247,128,2,347,1.6953125,0.011816977298689748,0,evidence/opening/venice-52-open-e0.2-w2-f1-3
opening,venice-52,venice-52,open-e0.2-w1-f1,3,False,246345.57409723836,243740.27,,1.040245,11152062.77276247,94,1,323,2.425531914893617,0.014797186239780052,0,evidence/opening/venice-52-open-e0.2-w1-f1-3
opening,venice-52,venice-52,open-e0.1-w3-f3,3,False,248207.26911214628,243740.27,,0.720394,11152062.77276247,65,3,205,2.1076923076923078,0.027548449876040056,0,evidence/opening/venice-52-open-e0.1-w3-f3-3
opening,venice-52,venice-52,open-e0.1-w3-f1,3,False,246194.1295965586,243740.27,,0.760331,11152062.77276247,72,2,200,1.75,0.015375683748262273,0,evidence/opening/venice-52-open-e0.1-w3-f1-3
opening,venice-52,venice-52,open-e0.1-w2-f2,3,False,255744.055462679,243740.27,,1.9855,11152062.77276247,191,3,538,1.801047120418848,0.010941212792747419,0,evidence/opening/venice-52-open-e0.1-w2-f2-3
opening,venice-52,venice-52,open-e0.1-w2-f1,3,False,253758.23014659094,243740.27,,0.953562,11152062.77276247,92,1,266,1.8804347826086956,0.012287337372923838,0,evidence/opening/venice-52-open-e0.1-w2-f1-3
opening,venice-52,venice-52,open-e0.1-w1-f1,3,False,253763.86243218055,243740.27,,1.071363,11152062.77276247,101,1,309,2.0495049504950495,0.01969226770011658,0,evidence/opening/venice-52-open-e0.1-w1-f1-3
opening,venice-52,venice-52,open-e0.05-w3-f3,3,True,243382.0078734754,243740.27,0.3124,0.33026,11152062.772762468,21,1,159,6.523809523809524,0.030350508690122933,0,evidence/opening/venice-52-open-e0.05-w3-f3-3
opening,venice-52,venice-52,open-e0.05-w3-f1,3,False,246194.14627589795,243740.27,,0.760168,11152062.772762472,72,2,200,1.75,0.015427402889887499,0,evidence/opening/venice-52-open-e0.05-w3-f1-3
opening,venice-52,venice-52,open-e0.05-w2-f2,3,False,256443.35791456833,243740.27,,1.452061,11152062.772762466,143,4,377,1.6083916083916083,0.02808403779180076,0,evidence/opening/venice-52-open-e0.05-w2-f2-3
opening,venice-52,venice-52,open-e0.05-w2-f1,3,False,253738.37900863477,243740.27,,1.394272,11152062.77276247,84,3,746,7.845238095238095,0.09859088470542335,0,evidence/opening/venice-52-open-e0.05-w2-f1-3
opening,venice-52,venice-52,open-e0.05-w1-f1,3,False,254133.99466535635,243740.27,,1.752736,11152062.772762472,125,3,831,5.624,0.029946162456867435,0,evidence/opening/venice-52-open-e0.05-w1-f1-3
opening,venice-52,venice-52,off,3,False,247590.2293780448,243740.27,,1.323697,11152062.77276247,128,7,349,1.671875,0.0319686499251717,0,evidence/opening/venice-52-off-3
opening,venice-52,venice-52,off,4,False,246341.94268276184,243740.27,,1.611352,11152062.77276247,100,8,810,7.02,0.03585413677458433,0,evidence/opening/venice-52-off-4
opening,venice-52,venice-52,open-e0.05-w1-f1,4,False,253848.39006432402,243740.27,,1.022395,11152062.77276247,95,2,313,2.2736842105263158,0.02130396666650365,0,evidence/opening/venice-52-open-e0.05-w1-f1-4
opening,venice-52,venice-52,open-e0.05-w2-f1,4,False,253742.63370722294,243740.27,,4.178994,11152062.77276247,375,25,1438,2.768,0.03469001271597902,0,evidence/opening/venice-52-open-e0.05-w2-f1-4
opening,venice-52,venice-52,open-e0.05-w2-f2,4,False,253699.34874358837,243740.27,,0.882362,11152062.77276247,82,3,248,1.9878048780487805,0.037024552281263244,0,evidence/opening/venice-52-open-e0.05-w2-f2-4
opening,venice-52,venice-52,open-e0.05-w3-f1,4,False,246194.14617428178,243740.27,,0.785809,11152062.772762472,72,2,200,1.75,0.014909817780147593,0,evidence/opening/venice-52-open-e0.05-w3-f1-4
opening,venice-52,venice-52,open-e0.05-w3-f3,4,True,243381.98935932352,243740.27,0.3125,0.330768,11152062.77276247,21,1,159,6.523809523809524,0.030315084893339138,0,evidence/opening/venice-52-open-e0.05-w3-f3-4
opening,venice-52,venice-52,open-e0.1-w1-f1,4,False,253746.30506889796,243740.27,,0.942072,11152062.772762472,88,3,264,1.9659090909090908,0.03741549159724522,0,evidence/opening/venice-52-open-e0.1-w1-f1-4
opening,venice-52,venice-52,open-e0.1-w2-f1,4,False,253963.8975113672,243740.27,,1.205047,11152062.772762472,95,2,511,4.3578947368421055,0.01733870878065337,0,evidence/opening/venice-52-open-e0.1-w2-f1-4
opening,venice-52,venice-52,open-e0.1-w2-f2,4,False,253687.77942711045,243740.27,,1.165215,11152062.77276247,94,6,397,3.1595744680851063,0.042712494260715834,0,evidence/opening/venice-52-open-e0.1-w2-f2-4
opening,venice-52,venice-52,open-e0.1-w3-f1,4,False,246194.10185592808,243740.27,,0.783446,11152062.77276247,72,2,200,1.75,0.014924116020759567,0,evidence/opening/venice-52-open-e0.1-w3-f1-4
opening,venice-52,venice-52,open-e0.1-w3-f3,4,False,248207.31885481533,243740.27,,0.72062,11152062.77276247,65,3,205,2.1076923076923078,0.02755599067469679,0,evidence/opening/venice-52-open-e0.1-w3-f3-4
opening,venice-52,venice-52,open-e0.2-w1-f1,4,False,246037.48456266586,243740.27,,1.58996,11152062.77276247,142,2,376,1.6338028169014085,0.01422082190746937,0,evidence/opening/venice-52-open-e0.2-w1-f1-4
opening,venice-52,venice-52,open-e0.2-w2-f1,4,False,246323.64416500894,243740.27,,1.592848,11152062.77276247,116,5,626,4.353448275862069,0.0260513037025504,0,evidence/opening/venice-52-open-e0.2-w2-f1-4
opening,venice-52,venice-52,open-e0.2-w2-f2,4,False,256884.3495957838,243740.27,,1.668669,11152062.77276247,164,7,433,1.5975609756097562,0.024764322942416976,0,evidence/opening/venice-52-open-e0.2-w2-f2-4
opening,venice-52,venice-52,open-e0.2-w3-f1,4,False,253170.25587167338,243740.27,,1.409601,11152062.77276247,132,2,391,1.946969696969697,0.012094861595586268,0,evidence/opening/venice-52-open-e0.2-w3-f1-4
opening,venice-52,venice-52,open-e0.2-w3-f3,4,False,257991.3916379406,243740.27,,1.531227,11152062.772762472,127,6,475,2.6929133858267718,0.027563683242262577,0,evidence/opening/venice-52-open-e0.2-w3-f3-4
practical,ladybug-539,ladybug-539-1.005,off,0,True,164531.79595264932,164797.8493852759,0.1027,0.120692,5535080.118240732,9,0,52,4.777777777777778,0.0,0,evidence/practical/ladybug-539-1.005-off-0
practical,ladybug-539,ladybug-539-1.005,open-e0.05-w3-f3,0,True,164644.45900487495,164797.8493852759,0.0987,0.116262,5535080.118240732,9,1,67,6.333333333333333,0.05350959900913454,0,evidence/practical/ladybug-539-1.005-open-e0.05-w3-f3-0
practical,ladybug-539,ladybug-539-1.01,off,0,True,165514.0826131159,165617.73918321263,0.0619,0.078978,5535080.118240732,6,0,42,6.0,0.0,0,evidence/practical/ladybug-539-1.01-off-0
practical,ladybug-539,ladybug-539-1.01,open-e0.05-w3-f3,0,True,165258.18105144295,165617.73918321263,0.0816,0.099302,5535080.118240733,7,1,62,7.714285714285714,0.0627433787839117,0,evidence/practical/ladybug-539-1.01-open-e0.05-w3-f3-0
practical,ladybug-539,ladybug-539-1.02,off,0,True,165514.08261310813,167257.518779086,0.0689,0.103049,5535080.118240733,6,0,42,6.0,0.0,0,evidence/practical/ladybug-539-1.02-off-0
practical,ladybug-539,ladybug-539-1.02,open-e0.05-w3-f3,0,True,167145.05808213027,167257.518779086,0.0571,0.074815,5535080.118240732,5,0,34,5.8,0.0,0,evidence/practical/ladybug-539-1.02-open-e0.05-w3-f3-0
practical,trafalgar-138,trafalgar-138-1.005,off,0,True,102904.96446053142,103088.39569543337,0.3049,0.340277,20163569.015917197,13,0,594,44.84615384615385,0.0,0,evidence/practical/trafalgar-138-1.005-off-0
practical,trafalgar-138,trafalgar-138-1.005,open-e0.05-w3-f3,0,True,102948.26726953802,103088.39569543337,0.2443,0.26051,20163569.015917197,13,0,484,36.46153846153846,0.0,0,evidence/practical/trafalgar-138-1.005-open-e0.05-w3-f3-0
practical,trafalgar-138,trafalgar-138-1.01,off,0,True,103407.57726116279,103601.27328595793,0.2309,0.247499,20163569.0159172,10,0,462,45.3,0.0,0,evidence/practical/trafalgar-138-1.01-off-0
practical,trafalgar-138,trafalgar-138-1.01,open-e0.05-w3-f3,0,True,103245.34119005474,103601.27328595793,0.1836,0.199475,20163569.0159172,11,0,354,31.363636363636363,0.0,0,evidence/practical/trafalgar-138-1.01-open-e0.05-w3-f3-0
practical,trafalgar-138,trafalgar-138-1.02,off,0,True,104518.46911048774,104627.02846700703,0.1273,0.143363,20163569.0159172,8,0,232,28.125,0.0,0,evidence/practical/trafalgar-138-1.02-off-0
practical,trafalgar-138,trafalgar-138-1.02,open-e0.05-w3-f3,0,True,104391.28178256411,104627.02846700703,0.1265,0.149719,20163569.015917197,9,0,224,24.0,0.0,0,evidence/practical/trafalgar-138-1.02-open-e0.05-w3-f3-0
practical,final-394,final-394-1.005,off,0,True,305941.99074378685,306349.5931045434,0.2711,0.28958,4545737.692797156,11,0,135,11.272727272727273,0.0,0,evidence/practical/final-394-1.005-off-0
practical,final-394,final-394-1.005,open-e0.05-w3-f3,0,True,306344.5242343512,306349.5931045434,0.23,0.248024,4545737.692797157,11,0,129,10.727272727272727,0.0,0,evidence/practical/final-394-1.005-open-e0.05-w3-f3-0
practical,final-394,final-394-1.01,off,0,True,306999.9847286899,307873.7204334218,0.1741,0.192372,4545737.692797157,9,0,86,8.555555555555555,0.0,0,evidence/practical/final-394-1.01-off-0
practical,final-394,final-394-1.01,open-e0.05-w3-f3,0,True,307244.74223039456,307873.7204334218,0.2043,0.22271,4545737.692797158,10,0,112,10.2,0.0,0,evidence/practical/final-394-1.01-open-e0.05-w3-f3-0
practical,final-394,final-394-1.02,off,0,True,309661.52429849043,310921.97509117844,0.1298,0.148075,4545737.692797155,8,0,50,5.25,0.0,0,evidence/practical/final-394-1.02-off-0
practical,final-394,final-394-1.02,open-e0.05-w3-f3,0,True,309442.52925017546,310921.97509117844,0.1647,0.19329,4545737.692797157,9,0,81,8.0,0.0,0,evidence/practical/final-394-1.02-open-e0.05-w3-f3-0
practical,ladybug-539,ladybug-539-1.005,open-e0.05-w3-f3,1,True,164644.4590048764,164797.8493852759,0.0991,0.116952,5535080.118240732,9,1,67,6.333333333333333,0.053360806142691015,0,evidence/practical/ladybug-539-1.005-open-e0.05-w3-f3-1
practical,ladybug-539,ladybug-539-1.005,off,1,True,164531.79435951106,164797.8493852759,0.0904,0.108243,5535080.118240732,9,0,52,4.777777777777778,0.0,0,evidence/practical/ladybug-539-1.005-off-1
practical,ladybug-539,ladybug-539-1.01,open-e0.05-w3-f3,1,True,165258.18105144313,165617.73918321263,0.0822,0.114169,5535080.118240731,7,1,62,7.714285714285714,0.05473756448773309,0,evidence/practical/ladybug-539-1.01-open-e0.05-w3-f3-1
practical,ladybug-539,ladybug-539-1.01,off,1,True,165514.0826131171,165617.73918321263,0.062,0.079377,5535080.118240734,6,0,42,6.0,0.0,0,evidence/practical/ladybug-539-1.01-off-1
practical,ladybug-539,ladybug-539-1.02,open-e0.05-w3-f3,1,True,167145.0580821306,167257.518779086,0.0517,0.069677,5535080.118240732,5,0,34,5.8,0.0,0,evidence/practical/ladybug-539-1.02-open-e0.05-w3-f3-1
practical,ladybug-539,ladybug-539-1.02,off,1,True,165514.08261311337,167257.518779086,0.0687,0.086808,5535080.118240731,6,0,42,6.0,0.0,0,evidence/practical/ladybug-539-1.02-off-1
practical,trafalgar-138,trafalgar-138-1.005,open-e0.05-w3-f3,1,True,102947.95774570115,103088.39569543337,0.2547,0.271034,20163569.015917197,13,0,484,36.46153846153846,0.0,0,evidence/practical/trafalgar-138-1.005-open-e0.05-w3-f3-1
practical,trafalgar-138,trafalgar-138-1.005,off,1,True,102905.07963825058,103088.39569543337,0.3046,0.339078,20163569.015917197,13,0,594,44.84615384615385,0.0,0,evidence/practical/trafalgar-138-1.005-off-1
practical,trafalgar-138,trafalgar-138-1.01,open-e0.05-w3-f3,1,True,103245.42668867516,103601.27328595793,0.1899,0.20579,20163569.015917197,11,0,354,31.363636363636363,0.0,0,evidence/practical/trafalgar-138-1.01-open-e0.05-w3-f3-1
practical,trafalgar-138,trafalgar-138-1.01,off,1,True,103407.25606998226,103601.27328595793,0.2307,0.249777,20163569.015917197,10,0,462,45.3,0.0,0,evidence/practical/trafalgar-138-1.01-off-1
practical,trafalgar-138,trafalgar-138-1.02,open-e0.05-w3-f3,1,True,104424.89869207551,104627.02846700703,0.124,0.14059,20163569.015917197,9,0,224,24.0,0.0,0,evidence/practical/trafalgar-138-1.02-open-e0.05-w3-f3-1
practical,trafalgar-138,trafalgar-138-1.02,off,1,True,104518.30194911732,104627.02846700703,0.1278,0.144007,20163569.015917197,8,0,232,28.125,0.0,0,evidence/practical/trafalgar-138-1.02-off-1
practical,final-394,final-394-1.005,open-e0.05-w3-f3,1,True,306185.7424316352,306349.5931045434,0.2291,0.278629,4545737.692797156,11,0,128,10.636363636363637,0.0,0,evidence/practical/final-394-1.005-open-e0.05-w3-f3-1
practical,final-394,final-394-1.005,off,1,True,305942.06741274043,306349.5931045434,0.2455,0.288667,4545737.692797156,11,0,135,11.272727272727273,0.0,0,evidence/practical/final-394-1.005-off-1
practical,final-394,final-394-1.01,open-e0.05-w3-f3,1,True,307685.1190415527,307873.7204334218,0.1995,0.217761,4545737.692797157,10,0,107,9.7,0.0,0,evidence/practical/final-394-1.01-open-e0.05-w3-f3-1
practical,final-394,final-394-1.01,off,1,True,306991.25014979776,307873.7204334218,0.1805,0.199267,4545737.692797156,9,0,86,8.555555555555555,0.0,0,evidence/practical/final-394-1.01-off-1
practical,final-394,final-394-1.02,open-e0.05-w3-f3,1,True,309323.74879739544,310921.97509117844,0.1663,0.184788,4545737.692797157,9,0,82,8.11111111111111,0.0,0,evidence/practical/final-394-1.02-open-e0.05-w3-f3-1
practical,final-394,final-394-1.02,off,1,True,309661.52977008873,310921.97509117844,0.1302,0.173119,4545737.692797157,8,0,50,5.25,0.0,0,evidence/practical/final-394-1.02-off-1
practical,ladybug-539,ladybug-539-1.005,off,2,True,164531.7933562068,164797.8493852759,0.0906,0.10818,5535080.118240733,9,0,52,4.777777777777778,0.0,0,evidence/practical/ladybug-539-1.005-off-2
practical,ladybug-539,ladybug-539-1.005,open-e0.05-w3-f3,2,True,164644.45900487647,164797.8493852759,0.0992,0.117275,5535080.118240731,9,1,67,6.333333333333333,0.05329041142613515,0,evidence/practical/ladybug-539-1.005-open-e0.05-w3-f3-2
practical,ladybug-539,ladybug-539-1.01,off,2,True,165514.08261312632,165617.73918321263,0.0623,0.080289,5535080.118240732,6,0,42,6.0,0.0,0,evidence/practical/ladybug-539-1.01-off-2
practical,ladybug-539,ladybug-539-1.01,open-e0.05-w3-f3,2,True,165258.18105144284,165617.73918321263,0.0823,0.09953,5535080.118240734,7,1,62,7.714285714285714,0.06306222244549382,0,evidence/practical/ladybug-539-1.01-open-e0.05-w3-f3-2
practical,ladybug-539,ladybug-539-1.02,off,2,True,165514.08261311625,167257.518779086,0.0689,0.087128,5535080.118240733,6,0,42,6.0,0.0,0,evidence/practical/ladybug-539-1.02-off-2
practical,ladybug-539,ladybug-539-1.02,open-e0.05-w3-f3,2,True,167145.05808213013,167257.518779086,0.055,0.072641,5535080.118240732,5,0,34,5.8,0.0,0,evidence/practical/ladybug-539-1.02-open-e0.05-w3-f3-2
practical,trafalgar-138,trafalgar-138-1.005,off,2,True,102905.10626478291,103088.39569543337,0.3012,0.340427,20163569.015917197,13,0,594,44.84615384615385,0.0,0,evidence/practical/trafalgar-138-1.005-off-2
practical,trafalgar-138,trafalgar-138-1.005,open-e0.05-w3-f3,2,True,102947.15293395224,103088.39569543337,0.2458,0.262001,20163569.015917197,13,0,484,36.46153846153846,0.0,0,evidence/practical/trafalgar-138-1.005-open-e0.05-w3-f3-2
practical,trafalgar-138,trafalgar-138-1.01,off,2,True,103407.22997009235,103601.27328595793,0.2324,0.24859,20163569.015917197,10,0,462,45.3,0.0,0,evidence/practical/trafalgar-138-1.01-off-2
practical,trafalgar-138,trafalgar-138-1.01,open-e0.05-w3-f3,2,True,103246.73567128103,103601.27328595793,0.1838,0.199732,20163569.0159172,11,0,354,31.363636363636363,0.0,0,evidence/practical/trafalgar-138-1.01-open-e0.05-w3-f3-2
practical,trafalgar-138,trafalgar-138-1.02,off,2,True,104518.49092030726,104627.02846700703,0.1278,0.143952,20163569.015917197,8,0,232,28.125,0.0,0,evidence/practical/trafalgar-138-1.02-off-2
practical,trafalgar-138,trafalgar-138-1.02,open-e0.05-w3-f3,2,True,104394.95361994542,104627.02846700703,0.1243,0.169125,20163569.015917197,9,0,224,24.0,0.0,0,evidence/practical/trafalgar-138-1.02-open-e0.05-w3-f3-2
practical,final-394,final-394-1.005,off,2,True,305941.77551059396,306349.5931045434,0.2488,0.267138,4545737.692797156,11,0,135,11.272727272727273,0.0,0,evidence/practical/final-394-1.005-off-2
practical,final-394,final-394-1.005,open-e0.05-w3-f3,2,True,305895.9757652207,306349.5931045434,0.2297,0.247913,4545737.692797158,11,0,128,10.636363636363637,0.0,0,evidence/practical/final-394-1.005-open-e0.05-w3-f3-2
practical,final-394,final-394-1.01,off,2,True,306996.8832121577,307873.7204334218,0.1741,0.215867,4545737.692797156,9,0,86,8.555555555555555,0.0,0,evidence/practical/final-394-1.01-off-2
practical,final-394,final-394-1.01,open-e0.05-w3-f3,2,True,306787.5513673168,307873.7204334218,0.2192,0.241205,4545737.692797157,10,0,127,11.7,0.0,0,evidence/practical/final-394-1.01-open-e0.05-w3-f3-2
practical,final-394,final-394-1.02,off,2,True,309661.28398262075,310921.97509117844,0.1302,0.148447,4545737.692797156,8,0,50,5.25,0.0,0,evidence/practical/final-394-1.02-off-2
practical,final-394,final-394-1.02,open-e0.05-w3-f3,2,True,308522.2314512323,310921.97509117844,0.1781,0.19648,4545737.692797157,9,0,94,9.444444444444445,0.0,0,evidence/practical/final-394-1.02-open-e0.05-w3-f3-2
opening-cap,venice-52,venice-52,off,0,False,247588.62660367994,243740.27,,1.328877,11152062.772762474,125,7,344,1.696,0.03280921936341739,0,evidence/opening-cap/venice-52-off-0
opening-cap,venice-52,venice-52,opening,0,True,243381.9931707817,243740.27,0.3153,0.333163,11152062.77276247,21,1,159,6.523809523809524,0.030259689701437435,0,evidence/opening-cap/venice-52-opening-0
opening-cap,venice-52,venice-52,open-e0.05-w1-f1-cap30,0,False,257838.7028431333,243740.27,,2.096142,11152062.77276247,191,3,706,2.680628272251309,0.013124811200767885,0.057692307692307696,evidence/opening-cap/venice-52-open-e0.05-w1-f1-cap30-0
opening-cap,venice-52,venice-52,open-e0.05-w2-f1-cap30,0,False,257196.28035334725,243740.27,,3.754012,11152062.77276247,365,2,1149,2.1424657534246574,0.005639129283550506,0.057692307692307696,evidence/opening-cap/venice-52-open-e0.05-w2-f1-cap30-0
opening-cap,venice-52,venice-52,open-e0.05-w2-f2-cap30,0,False,257608.0585088507,243740.27,,3.48829,11152062.772762472,346,2,1003,1.893063583815029,0.00572153691350203,0.057692307692307696,evidence/opening-cap/venice-52-open-e0.05-w2-f2-cap30-0
opening-cap,venice-52,venice-52,open-e0.05-w3-f1-cap30,0,False,247306.0574481976,243740.27,,1.019987,11152062.772762472,101,2,257,1.5247524752475248,0.01677814423125001,0.019230769230769232,evidence/opening-cap/venice-52-open-e0.05-w3-f1-cap30-0
opening-cap,venice-52,venice-52,open-e0.05-w3-f3-cap30,0,True,243682.32236385415,243740.27,1.2949,1.319237,11152062.772762468,134,1,341,1.537313432835821,0.01171361097361581,0.019230769230769232,evidence/opening-cap/venice-52-open-e0.05-w3-f3-cap30-0
opening-cap,venice-52,venice-52,open-e0.1-w1-f1-cap30,0,False,257794.32106251596,243740.27,,2.744744,11152062.772762468,257,2,877,2.404669260700389,0.0077013805294774305,0.057692307692307696,evidence/opening-cap/venice-52-open-e0.1-w1-f1-cap30-0
opening-cap,venice-52,venice-52,open-e0.1-w2-f1-cap30,0,False,259409.93660884388,243740.27,,0.81429,11152062.77276247,76,3,219,1.8421052631578947,0.033800033157720226,0.057692307692307696,evidence/opening-cap/venice-52-open-e0.1-w2-f1-cap30-0
opening-cap,venice-52,venice-52,open-e0.1-w2-f2-cap30,0,False,258129.069899437,243740.27,,2.245317,11152062.772762472,203,4,736,2.605911330049261,0.01768418668722501,0.057692307692307696,evidence/opening-cap/venice-52-open-e0.1-w2-f2-cap30-0
opening-cap,venice-52,venice-52,open-e0.1-w3-f1-cap30,0,True,243652.6215740381,243740.27,0.3586,0.376986,11152062.77276247,28,1,152,4.392857142857143,0.031176993310096397,0.019230769230769232,evidence/opening-cap/venice-52-open-e0.1-w3-f1-cap30-0
opening-cap,venice-52,venice-52,open-e0.1-w3-f3-cap30,0,True,243611.1240102543,243740.27,0.74,0.757986,11152062.77276247,58,12,294,3.8793103448275863,0.09101580372196849,0.019230769230769232,evidence/opening-cap/venice-52-open-e0.1-w3-f3-cap30-0
opening-cap,venice-52,venice-52,open-e0.2-w1-f1-cap30,0,False,249436.17802274824,243740.27,,1.304084,11152062.77276247,124,1,389,2.129032258064516,0.011820909542636825,0.038461538461538464,evidence/opening-cap/venice-52-open-e0.2-w1-f1-cap30-0
opening-cap,venice-52,venice-52,open-e0.2-w2-f1-cap30,0,False,249161.0265632342,243740.27,,1.519029,11152062.77276247,140,2,430,2.057142857142857,0.016053978561304624,0.057692307692307696,evidence/opening-cap/venice-52-open-e0.2-w2-f1-cap30-0
opening-cap,venice-52,venice-52,open-e0.2-w2-f2-cap30,0,False,258542.96458078676,243740.27,,4.490163,11152062.77276247,438,4,1364,2.105022831050228,0.007582472173059197,0.057692307692307696,evidence/opening-cap/venice-52-open-e0.2-w2-f2-cap30-0
opening-cap,venice-52,venice-52,open-e0.2-w3-f1-cap30,0,False,255091.0544264807,243740.27,,3.433137,11152062.772762472,268,4,1558,4.798507462686567,0.009712122761194791,0.057692307692307696,evidence/opening-cap/venice-52-open-e0.2-w3-f1-cap30-0
opening-cap,venice-52,venice-52,open-e0.2-w3-f3-cap30,0,False,259402.27394284072,243740.27,,1.788197,11152062.772762468,187,1,440,1.3475935828877006,0.007059395021913134,0.057692307692307696,evidence/opening-cap/venice-52-open-e0.2-w3-f3-cap30-0
opening-cap,venice-52,venice-52,open-e0.2-w3-f3-cap30,1,False,258954.90194191635,243740.27,,1.86728,11152062.77276247,186,3,483,1.5806451612903225,0.01420831691015809,0.038461538461538464,evidence/opening-cap/venice-52-open-e0.2-w3-f3-cap30-1
opening-cap,venice-52,venice-52,open-e0.2-w3-f1-cap30,1,False,254787.24050482092,243740.27,,1.615311,11152062.77276247,155,5,454,1.896774193548387,0.02478028503489421,0.057692307692307696,evidence/opening-cap/venice-52-open-e0.2-w3-f1-cap30-1
opening-cap,venice-52,venice-52,open-e0.2-w2-f2-cap30,1,False,258205.07435247028,243740.27,,5.515161,11152062.77276247,539,4,1703,2.1521335807050095,0.006173296844824657,0.057692307692307696,evidence/opening-cap/venice-52-open-e0.2-w2-f2-cap30-1
opening-cap,venice-52,venice-52,open-e0.2-w2-f1-cap30,1,False,249447.42542725182,243740.27,,1.473425,11152062.772762472,137,6,442,2.1824817518248176,0.03644650117922528,0.057692307692307696,evidence/opening-cap/venice-52-open-e0.2-w2-f1-cap30-1
opening-cap,venice-52,venice-52,open-e0.2-w1-f1-cap30,1,False,249343.51021606827,243740.27,,1.183436,11152062.772762468,115,4,311,1.6695652173913043,0.03147260012370758,0.09615384615384616,evidence/opening-cap/venice-52-open-e0.2-w1-f1-cap30-1
opening-cap,venice-52,venice-52,open-e0.1-w3-f3-cap30,1,True,243509.78898191373,243740.27,0.4246,0.475348,11152062.772762472,36,1,155,3.2777777777777777,0.030529822361722362,0.019230769230769232,evidence/opening-cap/venice-52-open-e0.1-w3-f3-cap30-1
opening-cap,venice-52,venice-52,open-e0.1-w3-f1-cap30,1,True,243398.33383206202,243740.27,0.45,0.46807,11152062.772762472,39,2,161,3.076923076923077,0.036723368299613306,0.038461538461538464,evidence/opening-cap/venice-52-open-e0.1-w3-f1-cap30-1
opening-cap,venice-52,venice-52,open-e0.1-w2-f2-cap30,1,False,257750.83364257312,243740.27,,3.944249,11152062.772762472,397,4,1096,1.7506297229219143,0.010508744757240224,0.057692307692307696,evidence/opening-cap/venice-52-open-e0.1-w2-f2-cap30-1
opening-cap,venice-52,venice-52,open-e0.1-w2-f1-cap30,1,False,257413.65795660592,243740.27,,3.87322,11152062.77276247,387,3,1103,1.8423772609819122,0.007095548148568891,0.057692307692307696,evidence/opening-cap/venice-52-open-e0.1-w2-f1-cap30-1
opening-cap,venice-52,venice-52,open-e0.1-w1-f1-cap30,1,False,257560.46132932164,243740.27,,3.918967,11152062.772762472,393,1,1104,1.806615776081425,0.003775915694110208,0.057692307692307696,evidence/opening-cap/venice-52-open-e0.1-w1-f1-cap30-1
opening-cap,venice-52,venice-52,open-e0.05-w3-f3-cap30,1,True,243739.62013688983,243740.27,1.1859,1.207343,11152062.77276247,122,1,315,1.5737704918032787,0.012768871811904321,0.019230769230769232,evidence/opening-cap/venice-52-open-e0.05-w3-f3-cap30-1
opening-cap,venice-52,venice-52,open-e0.05-w3-f1-cap30,1,True,243732.7490865408,243740.27,0.3757,0.393428,11152062.77276247,31,2,143,3.5483870967741935,0.04356044053803999,0.019230769230769232,evidence/opening-cap/venice-52-open-e0.05-w3-f1-cap30-1
opening-cap,venice-52,venice-52,open-e0.05-w2-f2-cap30,1,False,259357.5876123174,243740.27,,0.69221,11152062.772762468,60,3,180,1.95,0.03807829704858353,0.07692307692307693,evidence/opening-cap/venice-52-open-e0.05-w2-f2-cap30-1
opening-cap,venice-52,venice-52,open-e0.05-w2-f1-cap30,1,False,257771.42749798423,243740.27,,2.415917,11152062.772762468,224,2,787,2.5044642857142856,0.008813211712157331,0.07692307692307693,evidence/opening-cap/venice-52-open-e0.05-w2-f1-cap30-1
opening-cap,venice-52,venice-52,open-e0.05-w1-f1-cap30,1,False,257519.87237662697,243740.27,,4.008166,11152062.772762472,405,1,1124,1.7728395061728395,0.003692773452995709,0.038461538461538464,evidence/opening-cap/venice-52-open-e0.05-w1-f1-cap30-1
opening-cap,venice-52,venice-52,opening,1,True,243382.0013010044,243740.27,0.3189,0.336822,11152062.772762472,21,1,159,6.523809523809524,0.030458102499242922,0,evidence/opening-cap/venice-52-opening-1
opening-cap,venice-52,venice-52,off,1,False,247541.47682138812,243740.27,,1.346532,11152062.77276247,130,7,352,1.6538461538461537,0.03145730587910276,0,evidence/opening-cap/venice-52-off-1
opening-cap,venice-52,venice-52,off,2,False,244978.78426844848,243740.27,,1.331348,11152062.772762472,106,6,470,3.3773584905660377,0.03174189393006186,0,evidence/opening-cap/venice-52-off-2
opening-cap,venice-52,venice-52,opening,2,True,243382.00244267492,243740.27,0.3156,0.368919,11152062.77276247,21,1,159,6.523809523809524,0.027215296582718703,0,evidence/opening-cap/venice-52-opening-2
opening-cap,venice-52,venice-52,open-e0.05-w1-f1-cap30,2,False,256962.9819715275,243740.27,,4.613262,11152062.772762472,449,2,1429,2.178173719376392,0.005160094744239543,0.057692307692307696,evidence/opening-cap/venice-52-open-e0.05-w1-f1-cap30-2
opening-cap,venice-52,venice-52,open-e0.05-w2-f1-cap30,2,False,256745.15718716773,243740.27,,5.575061,11152062.772762466,543,1,1744,2.2099447513812156,0.0026508927884376513,0.057692307692307696,evidence/opening-cap/venice-52-open-e0.05-w2-f1-cap30-2
opening-cap,venice-52,venice-52,open-e0.05-w2-f2-cap30,2,False,258156.30599955423,243740.27,,2.710984,11152062.77276247,249,3,918,2.674698795180723,0.009707858106134157,0.07692307692307693,evidence/opening-cap/venice-52-open-e0.05-w2-f2-cap30-2
opening-cap,venice-52,venice-52,open-e0.05-w3-f1-cap30,2,True,243504.19870009084,243740.27,0.4114,0.432892,11152062.772762468,34,2,152,3.411764705882353,0.03961311135340916,0.019230769230769232,evidence/opening-cap/venice-52-open-e0.05-w3-f1-cap30-2
opening-cap,venice-52,venice-52,open-e0.05-w3-f3-cap30,2,True,243735.99016157232,243740.27,2.0152,2.033608,11152062.772762472,117,3,1217,9.376068376068377,0.01863747929787845,0.038461538461538464,evidence/opening-cap/venice-52-open-e0.05-w3-f3-cap30-2
opening-cap,venice-52,venice-52,open-e0.1-w1-f1-cap30,2,False,256622.10895628727,243740.27,,6.234228,11152062.772762472,600,1,2015,2.3566666666666665,0.0023722340600953315,0.057692307692307696,evidence/opening-cap/venice-52-open-e0.1-w1-f1-cap30-2
opening-cap,venice-52,venice-52,open-e0.1-w2-f1-cap30,2,False,260142.05969606206,243740.27,,0.690967,11152062.77276247,54,6,206,2.7037037037037037,0.07599082879500757,0.057692307692307696,evidence/opening-cap/venice-52-open-e0.1-w2-f1-cap30-2
opening-cap,venice-52,venice-52,open-e0.1-w2-f2-cap30,2,False,258088.0850692001,243740.27,,2.471845,11152062.77276247,221,2,825,2.723981900452489,0.010731105307978453,0.057692307692307696,evidence/opening-cap/venice-52-open-e0.1-w2-f2-cap30-2
opening-cap,venice-52,venice-52,open-e0.1-w3-f1-cap30,2,True,243739.11080349603,243740.27,1.0423,1.067054,11152062.772762468,58,2,651,10.189655172413794,0.021076746818811422,0.019230769230769232,evidence/opening-cap/venice-52-open-e0.1-w3-f1-cap30-2
opening-cap,venice-52,venice-52,open-e0.1-w3-f3-cap30,2,True,243733.32896487415,243740.27,0.7644,0.782252,11152062.772762474,77,1,210,1.7142857142857142,0.0185606403051702,0.019230769230769232,evidence/opening-cap/venice-52-open-e0.1-w3-f3-cap30-2
opening-cap,venice-52,venice-52,open-e0.2-w1-f1-cap30,2,False,249008.47134453713,243740.27,,1.65246,11152062.77276247,161,2,468,1.8944099378881987,0.013186672597218691,0.057692307692307696,evidence/opening-cap/venice-52-open-e0.2-w1-f1-cap30-2
opening-cap,venice-52,venice-52,open-e0.2-w2-f1-cap30,2,False,249441.82606232978,243740.27,,2.237126,11152062.772762472,213,2,674,2.1549295774647885,0.01091120839863289,0.07692307692307693,evidence/opening-cap/venice-52-open-e0.2-w2-f1-cap30-2
opening-cap,venice-52,venice-52,open-e0.2-w2-f2-cap30,2,False,258487.47122780737,243740.27,,4.494788,11152062.77276247,438,5,1375,2.127853881278539,0.008991220053092604,0.057692307692307696,evidence/opening-cap/venice-52-open-e0.2-w2-f2-cap30-2
opening-cap,venice-52,venice-52,open-e0.2-w3-f1-cap30,2,False,254414.32128818933,243740.27,,2.024163,11152062.772762466,194,5,594,2.036082474226804,0.02276780476671098,0.057692307692307696,evidence/opening-cap/venice-52-open-e0.2-w3-f1-cap30-2
opening-cap,venice-52,venice-52,open-e0.2-w3-f3-cap30,2,False,267080.04339269374,243740.27,,0.692452,11152062.77276247,55,12,190,2.2363636363636363,0.1137660256595403,0.038461538461538464,evidence/opening-cap/venice-52-open-e0.2-w3-f3-cap30-2
opening-cap,venice-52,venice-52,open-e0.2-w3-f3-cap30,3,False,259240.463033104,243740.27,,1.956433,11152062.77276247,201,3,489,1.4179104477611941,0.016012042835098363,0.019230769230769232,evidence/opening-cap/venice-52-open-e0.2-w3-f3-cap30-3
opening-cap,venice-52,venice-52,open-e0.2-w3-f1-cap30,3,False,253994.29173304833,243740.27,,6.392877,11152062.772762468,600,3,1942,2.2316666666666665,0.003964607640660066,0.057692307692307696,evidence/opening-cap/venice-52-open-e0.2-w3-f1-cap30-3
opening-cap,venice-52,venice-52,open-e0.2-w2-f2-cap30,3,False,258922.73192485853,243740.27,,3.687607,11152062.772762472,369,5,1046,1.8211382113821137,0.010984187577472328,0.038461538461538464,evidence/opening-cap/venice-52-open-e0.2-w2-f2-cap30-3
opening-cap,venice-52,venice-52,open-e0.2-w2-f1-cap30,3,False,250501.7112291026,243740.27,,0.57963,11152062.77276247,46,5,185,2.9130434782608696,0.06732306298845815,0.038461538461538464,evidence/opening-cap/venice-52-open-e0.2-w2-f1-cap30-3
opening-cap,venice-52,venice-52,open-e0.2-w1-f1-cap30,3,False,248985.44513146556,243740.27,,1.65758,11152062.772762472,160,4,471,1.91875,0.020191470698246842,0.057692307692307696,evidence/opening-cap/venice-52-open-e0.2-w1-f1-cap30-3
opening-cap,venice-52,venice-52,open-e0.1-w3-f3-cap30,3,True,243704.05163124233,243740.27,0.4653,0.483127,11152062.77276247,40,2,163,3.025,0.056289253136338896,0.019230769230769232,evidence/opening-cap/venice-52-open-e0.1-w3-f3-cap30-3
opening-cap,venice-52,venice-52,open-e0.1-w3-f1-cap30,3,True,243574.15427455725,243740.27,0.3806,0.421893,11152062.77276247,30,1,160,4.3,0.027830421457573366,0.038461538461538464,evidence/opening-cap/venice-52-open-e0.1-w3-f1-cap30-3
opening-cap,venice-52,venice-52,open-e0.1-w2-f2-cap30,3,False,257575.80288354776,243740.27,,3.701314,11152062.77276247,368,3,1065,1.8858695652173914,0.00659246608096476,0.057692307692307696,evidence/opening-cap/venice-52-open-e0.1-w2-f2-cap30-3
opening-cap,venice-52,venice-52,open-e0.1-w2-f1-cap30,3,False,257351.9867858859,243740.27,,3.328165,11152062.772762468,326,1,1001,2.067484662576687,0.004444000823276491,0.038461538461538464,evidence/opening-cap/venice-52-open-e0.1-w2-f1-cap30-3
opening-cap,venice-52,venice-52,open-e0.1-w1-f1-cap30,3,False,256992.445015093,243740.27,,7.037834,11152062.772762472,600,91,2338,2.745,0.07134639535402511,0.057692307692307696,evidence/opening-cap/venice-52-open-e0.1-w1-f1-cap30-3
opening-cap,venice-52,venice-52,open-e0.05-w3-f3-cap30,3,True,243737.37722360922,243740.27,2.4821,2.500252,11152062.77276247,146,2,1519,9.39041095890411,0.01046452877549943,0.038461538461538464,evidence/opening-cap/venice-52-open-e0.05-w3-f3-cap30-3
opening-cap,venice-52,venice-52,open-e0.05-w3-f1-cap30,3,True,243736.64736854954,243740.27,0.5024,0.520345,11152062.77276247,39,1,221,4.641025641025641,0.022504644034246513,0.038461538461538464,evidence/opening-cap/venice-52-open-e0.05-w3-f1-cap30-3
opening-cap,venice-52,venice-52,open-e0.05-w2-f2-cap30,3,False,257719.2212835813,243740.27,,3.046868,11152062.772762472,295,3,911,2.077966101694915,0.008653699142857518,0.057692307692307696,evidence/opening-cap/venice-52-open-e0.05-w2-f2-cap30-3
opening-cap,venice-52,venice-52,open-e0.05-w2-f1-cap30,3,False,257391.02276836734,243740.27,,3.746892,11152062.772762468,373,3,1077,1.8793565683646112,0.007316503384671884,0.057692307692307696,evidence/opening-cap/venice-52-open-e0.05-w2-f1-cap30-3
opening-cap,venice-52,venice-52,open-e0.05-w1-f1-cap30,3,False,257417.14426876671,243740.27,,3.574891,11152062.772762466,356,1,1038,1.9129213483146068,0.004143725780730098,0.057692307692307696,evidence/opening-cap/venice-52-open-e0.05-w1-f1-cap30-3
opening-cap,venice-52,venice-52,opening,3,True,243382.00830785997,243740.27,0.3129,0.330527,11152062.77276247,21,1,159,6.523809523809524,0.03033848671969309,0,evidence/opening-cap/venice-52-opening-3
opening-cap,venice-52,venice-52,off,3,False,247572.10961255105,243740.27,,1.350973,11152062.77276247,131,7,355,1.6564885496183206,0.0313103037588464,0,evidence/opening-cap/venice-52-off-3
opening-cap,venice-52,venice-52,off,4,False,246410.84780274064,243740.27,,2.640979,11152062.772762472,234,20,614,1.5384615384615385,0.05118241076509886,0,evidence/opening-cap/venice-52-off-4
opening-cap,venice-52,venice-52,opening,4,True,243381.99650333158,243740.27,0.3137,0.331496,11152062.77276247,21,1,159,6.523809523809524,0.03022558039916017,0,evidence/opening-cap/venice-52-opening-4
opening-cap,venice-52,venice-52,open-e0.05-w1-f1-cap30,4,False,257887.255858563,243740.27,,2.624461,11152062.77276247,242,3,883,2.6363636363636362,0.010477221037005312,0.057692307692307696,evidence/opening-cap/venice-52-open-e0.05-w1-f1-cap30-4
opening-cap,venice-52,venice-52,open-e0.05-w2-f1-cap30,4,False,257103.15914897152,243740.27,,4.142551,11152062.772762468,403,3,1271,2.1464019851116625,0.0066158772698272144,0.057692307692307696,evidence/opening-cap/venice-52-open-e0.05-w2-f1-cap30-4
opening-cap,venice-52,venice-52,open-e0.05-w2-f2-cap30,4,False,257589.25760606423,243740.27,,3.189717,11152062.772762472,315,2,946,1.9968253968253968,0.0062756282140390505,0.057692307692307696,evidence/opening-cap/venice-52-open-e0.05-w2-f2-cap30-4
opening-cap,venice-52,venice-52,open-e0.05-w3-f1-cap30,4,True,243218.0744107438,243740.27,0.798,0.840617,11152062.772762468,80,1,223,1.775,0.013946934216176928,0.038461538461538464,evidence/opening-cap/venice-52-open-e0.05-w3-f1-cap30-4
opening-cap,venice-52,venice-52,open-e0.05-w3-f3-cap30,4,True,243734.13614534264,243740.27,1.1061,1.130154,11152062.772762468,112,1,307,1.7321428571428572,0.01366873718095056,0.019230769230769232,evidence/opening-cap/venice-52-open-e0.05-w3-f3-cap30-4
opening-cap,venice-52,venice-52,open-e0.1-w1-f1-cap30,4,False,257385.4944135472,243740.27,,3.560971,11152062.77276247,354,1,1032,1.9124293785310735,0.004151378654866889,0.057692307692307696,evidence/opening-cap/venice-52-open-e0.1-w1-f1-cap30-4
opening-cap,venice-52,venice-52,open-e0.1-w2-f1-cap30,4,False,257655.28405153228,243740.27,,4.359365,11152062.772762468,350,113,1488,2.9285714285714284,0.15649538981021321,0.057692307692307696,evidence/opening-cap/venice-52-open-e0.1-w2-f1-cap30-4
opening-cap,venice-52,venice-52,open-e0.1-w2-f2-cap30,4,False,258262.17065654078,243740.27,,1.946171,11152062.77276247,175,1,669,2.817142857142857,0.0060508341764418435,0.057692307692307696,evidence/opening-cap/venice-52-open-e0.1-w2-f2-cap30-4
opening-cap,venice-52,venice-52,open-e0.1-w3-f1-cap30,4,True,243727.18352802985,243740.27,0.7631,0.781549,11152062.772762472,73,2,209,1.8356164383561644,0.03242983869213575,0.038461538461538464,evidence/opening-cap/venice-52-open-e0.1-w3-f1-cap30-4
opening-cap,venice-52,venice-52,open-e0.1-w3-f3-cap30,4,True,243737.44040866036,243740.27,0.6871,0.705375,11152062.77276247,68,1,193,1.8235294117647058,0.020535814283182706,0.019230769230769232,evidence/opening-cap/venice-52-open-e0.1-w3-f3-cap30-4
opening-cap,venice-52,venice-52,open-e0.2-w1-f1-cap30,4,False,248506.45533966104,243740.27,,3.260154,11152062.77276247,320,8,944,1.925,0.02018658106334854,0.057692307692307696,evidence/opening-cap/venice-52-open-e0.2-w1-f1-cap30-4
opening-cap,venice-52,venice-52,open-e0.2-w2-f1-cap30,4,False,249129.20910756206,243740.27,,1.469783,11152062.772762472,141,1,425,2.00709219858156,0.010479600730175814,0.038461538461538464,evidence/opening-cap/venice-52-open-e0.2-w2-f1-cap30-4
opening-cap,venice-52,venice-52,open-e0.2-w2-f2-cap30,4,False,258785.37630209912,243740.27,,3.284694,11152062.772762468,321,4,995,2.087227414330218,0.010365001123392316,0.038461538461538464,evidence/opening-cap/venice-52-open-e0.2-w2-f2-cap30-4
opening-cap,venice-52,venice-52,open-e0.2-w3-f1-cap30,4,False,254249.57823537246,243740.27,,3.158099,11152062.772762472,300,3,999,2.32,0.008567304888162151,0.038461538461538464,evidence/opening-cap/venice-52-open-e0.2-w3-f1-cap30-4
opening-cap,venice-52,venice-52,open-e0.2-w3-f3-cap30,4,False,260421.52443760695,243740.27,,3.214616,11152062.77276247,217,2,1730,6.9631336405529956,0.0067302250097678856,0.019230769230769232,evidence/opening-cap/venice-52-open-e0.2-w3-f3-cap30-4
combination-tail,final-3068,final-3068,off,0,True,1740851.4330393965,1744796.9841897595,3.9375,3.963023,90993342.02434023,67,2,377,4.597014925373134,0.027986168891777814,0,evidence/combination-tail/final-3068-off-0
combination-tail,final-3068,final-3068,opening,0,True,1736048.4941213038,1744796.9841897595,5.2447,5.267891,90993342.02434024,92,8,367,2.902173913043478,0.06952392333098768,0,evidence/combination-tail/final-3068-opening-0
combination-tail,final-3068,final-3068,open-e0.05-w3-f1-cap30,0,False,1777088.8099041237,1744796.9841897595,,14.464039,90993342.02434023,297,16,973,2.2222222222222223,0.03903838499052719,0.08898305084745763,evidence/combination-tail/final-3068-open-e0.05-w3-f1-cap30-0
combination-tail,final-3068,final-3068,open-e0.05-w3-f3-cap30,0,False,1774125.438768986,1744796.9841897595,,18.832537,90993342.02434024,432,16,1184,1.7037037037037037,0.019876436031958943,0.07627118644067797,evidence/combination-tail/final-3068-open-e0.05-w3-f3-cap30-0
combination-tail,final-3068,final-3068,open-e0.1-w3-f1-cap30,0,False,1776730.4691391715,1744796.9841897595,,17.216178,90993342.02434023,409,2,1295,2.161369193154034,0.006885100630348966,0.07855280312907431,evidence/combination-tail/final-3068-open-e0.1-w3-f1-cap30-0
combination-tail,final-3068,final-3068,open-e0.1-w3-f3-cap30,0,False,1774992.4736755278,1744796.9841897595,,17.450779,90993342.02434023,412,1,1282,2.1092233009708736,0.0052466316833191225,0.08344198174706649,evidence/combination-tail/final-3068-open-e0.1-w3-f3-cap30-0
combination-tail,final-3068,final-3068,open-e0.1-w3-f3-cap30,1,False,1775468.0408587405,1744796.9841897595,,16.987731,90993342.02434023,383,33,1139,1.887728459530026,0.044330435889289754,0.08572359843546284,evidence/combination-tail/final-3068-open-e0.1-w3-f3-cap30-1
combination-tail,final-3068,final-3068,open-e0.1-w3-f1-cap30,1,False,1780743.9315259538,1744796.9841897595,,17.652695,90993342.02434024,353,26,1040,1.8725212464589236,0.03970279767480263,0.08083441981747067,evidence/combination-tail/final-3068-open-e0.1-w3-f1-cap30-1
combination-tail,final-3068,final-3068,open-e0.05-w3-f3-cap30,1,False,1777646.2695128957,1744796.9841897595,,22.908902,90993342.02434023,430,1,1312,2.0488372093023255,0.0027548549031289234,0.08018252933507171,evidence/combination-tail/final-3068-open-e0.05-w3-f3-cap30-1
combination-tail,final-3068,final-3068,open-e0.05-w3-f1-cap30,1,False,1783501.1455209537,1744796.9841897595,,11.565717,90993342.02434023,240,16,735,1.9958333333333333,0.03895436919302106,0.08344198174706649,evidence/combination-tail/final-3068-open-e0.05-w3-f1-cap30-1
combination-tail,final-3068,final-3068,opening,1,True,1743366.0283229745,1744796.9841897595,3.8789,3.90221,90993342.02434023,80,2,312,2.875,0.018551945436047775,0,evidence/combination-tail/final-3068-opening-1
combination-tail,final-3068,final-3068,off,1,True,1743339.0944504314,1744796.9841897595,2.8283,2.854299,90993342.02434023,39,7,380,8.564102564102564,0.10289827064368519,0,evidence/combination-tail/final-3068-off-1
combination-tail,final-3068,final-3068,off,2,True,1741141.5242696218,1744796.9841897595,6.1061,6.130218,90993342.02434023,105,8,492,3.6095238095238096,0.06326691791384906,0,evidence/combination-tail/final-3068-off-2
combination-tail,final-3068,final-3068,opening,2,True,1744719.8372834513,1744796.9841897595,4.8763,4.900431,90993342.02434024,72,12,486,5.583333333333333,0.10946221689479967,0,evidence/combination-tail/final-3068-opening-2
combination-tail,final-3068,final-3068,open-e0.05-w3-f1-cap30,2,False,1777167.7592265995,1744796.9841897595,,17.922409,90993342.02434023,400,2,1270,2.17,0.006838394157838938,0.07920469361147327,evidence/combination-tail/final-3068-open-e0.05-w3-f1-cap30-2
combination-tail,final-3068,final-3068,open-e0.05-w3-f3-cap30,2,False,1772450.9825238653,1744796.9841897595,,22.559749,90993342.02434024,482,31,1371,1.7800829875518671,0.03044128186000651,0.07920469361147327,evidence/combination-tail/final-3068-open-e0.05-w3-f3-cap30-2
combination-tail,final-3068,final-3068,open-e0.1-w3-f1-cap30,2,False,1777919.526297002,1744796.9841897595,,14.191248,90993342.02434023,318,16,970,2.0,0.034520872653342395,0.08539765319426336,evidence/combination-tail/final-3068-open-e0.1-w3-f1-cap30-2
combination-tail,final-3068,final-3068,open-e0.1-w3-f3-cap30,2,False,1767245.1663783852,1744796.9841897595,,26.814701,90993342.02434024,579,5,1665,1.8670120898100173,0.007197260748870555,0.08898305084745763,evidence/combination-tail/final-3068-open-e0.1-w3-f3-cap30-2
combination-tail,final-3068,final-3068,open-e0.1-w3-f3-cap30,3,False,1774761.0088340915,1744796.9841897595,,21.116216,90993342.02434023,431,24,1262,1.8723897911832947,0.02703924599937792,0.08767926988265971,evidence/combination-tail/final-3068-open-e0.1-w3-f3-cap30-3
combination-tail,final-3068,final-3068,open-e0.1-w3-f1-cap30,3,False,1776927.7793178542,1744796.9841897595,,17.88957,90993342.02434023,405,3,1294,2.1876543209876544,0.007928998740606957,0.08279009126466753,evidence/combination-tail/final-3068-open-e0.1-w3-f1-cap30-3
combination-tail,final-3068,final-3068,open-e0.05-w3-f3-cap30,3,False,1776968.850882133,1744796.9841897595,,17.970832,90993342.02434023,428,0,1299,2.0350467289719627,0.0021365256210730808,0.07529335071707953,evidence/combination-tail/final-3068-open-e0.05-w3-f3-cap30-3
combination-tail,final-3068,final-3068,open-e0.05-w3-f1-cap30,3,False,1775024.8052360374,1744796.9841897595,,30.951727,90993342.02434023,600,149,2341,2.6533333333333333,0.10906564208840429,0.08670143415906127,evidence/combination-tail/final-3068-open-e0.05-w3-f1-cap30-3
combination-tail,final-3068,final-3068,opening,3,False,1897344.5005132342,1744796.9841897595,,2.520293,90993342.02434023,38,19,162,2.763157894736842,0.24322680815286163,0,evidence/combination-tail/final-3068-opening-3
combination-tail,final-3068,final-3068,off,3,False,1797491.9170570916,1744796.9841897595,,5.171796,90993342.02434023,80,16,367,3.3875,0.12075894022115335,0,evidence/combination-tail/final-3068-off-3
combination-tail,final-3068,final-3068,off,4,False,1885701.6211021421,1744796.9841897595,,3.477915,90993342.02434024,55,16,227,2.8363636363636364,0.1837876098179513,0,evidence/combination-tail/final-3068-off-4
combination-tail,final-3068,final-3068,opening,4,True,1736387.8161075185,1744796.9841897595,5.4034,5.435509,90993342.02434024,93,22,385,2.903225806451613,0.13816213881717426,0,evidence/combination-tail/final-3068-opening-4
combination-tail,final-3068,final-3068,open-e0.05-w3-f1-cap30,4,False,1779301.6454415198,1744796.9841897595,,18.761202,90993342.02434024,404,50,1221,1.8985148514851484,0.05772428115213512,0.09582790091264667,evidence/combination-tail/final-3068-open-e0.05-w3-f1-cap30-4
combination-tail,final-3068,final-3068,open-e0.05-w3-f3-cap30,4,False,1775494.2292746957,1744796.9841897595,,22.86399,90993342.02434024,424,30,1205,1.7712264150943395,0.04460045298305326,0.07561929595827901,evidence/combination-tail/final-3068-open-e0.05-w3-f3-cap30-4
combination-tail,final-3068,final-3068,open-e0.1-w3-f1-cap30,4,False,1945262.8514123764,1744796.9841897595,,1.952144,90993342.02434024,36,10,119,2.0277777777777777,0.16616904644329514,0.08344198174706649,evidence/combination-tail/final-3068-open-e0.1-w3-f1-cap30-4
combination-tail,final-3068,final-3068,open-e0.1-w3-f3-cap30,4,False,1769381.5989316741,1744796.9841897595,,21.936016,90993342.02434024,492,3,1404,1.8475609756097562,0.006015978562378875,0.08963494132985658,evidence/combination-tail/final-3068-open-e0.1-w3-f3-cap30-4
opening-cap-practical,ladybug-539,ladybug-539-1.005,off,0,True,164531.79435951117,164797.8493852759,0.1004,0.118349,5535080.118240731,9,0,52,4.777777777777778,0.0,0,evidence/opening-cap-practical/ladybug-539-1.005-off-0
opening-cap-practical,ladybug-539,ladybug-539-1.005,open-e0.05-w3-f1-cap30,0,True,164587.13703540206,164797.8493852759,0.1148,0.156484,5535080.118240732,14,0,52,2.7142857142857144,0.0,0.016697588126159554,evidence/opening-cap-practical/ladybug-539-1.005-open-e0.05-w3-f1-cap30-0
opening-cap-practical,ladybug-539,ladybug-539-1.005,open-e0.05-w3-f3-cap30,0,True,164464.6676597432,164797.8493852759,0.1386,0.15654,5535080.118240733,15,0,60,3.0,0.0,0.014842300556586271,evidence/opening-cap-practical/ladybug-539-1.005-open-e0.05-w3-f3-cap30-0
opening-cap-practical,ladybug-539,ladybug-539-1.005,open-e0.1-w3-f1-cap30,0,True,164653.67078184104,164797.8493852759,0.1072,0.124827,5535080.118240732,13,0,49,2.769230769230769,0.0,0.016697588126159554,evidence/opening-cap-practical/ladybug-539-1.005-open-e0.1-w3-f1-cap30-0
opening-cap-practical,ladybug-539,ladybug-539-1.005,open-e0.1-w3-f3-cap30,0,True,164534.09349087017,164797.8493852759,0.1243,0.142116,5535080.118240731,15,0,55,2.6666666666666665,0.028098750316642742,0.01855287569573284,evidence/opening-cap-practical/ladybug-539-1.005-open-e0.1-w3-f3-cap30-0
opening-cap-practical,ladybug-539,ladybug-539-1.01,off,0,True,165514.08261311476,165617.73918321263,0.0621,0.079691,5535080.118240733,6,0,42,6.0,0.0,0,evidence/opening-cap-practical/ladybug-539-1.01-off-0
opening-cap-practical,ladybug-539,ladybug-539-1.01,open-e0.05-w3-f1-cap30,0,True,165394.92114163583,165617.73918321263,0.0916,0.109248,5535080.118240733,11,0,42,2.8181818181818183,0.0,0.016697588126159554,evidence/opening-cap-practical/ladybug-539-1.01-open-e0.05-w3-f1-cap30-0
opening-cap-practical,ladybug-539,ladybug-539-1.01,open-e0.05-w3-f3-cap30,0,True,165154.09482563962,165617.73918321263,0.1011,0.130008,5535080.11824073,12,0,49,3.0833333333333335,0.0,0.014842300556586271,evidence/opening-cap-practical/ladybug-539-1.01-open-e0.05-w3-f3-cap30-0
opening-cap-practical,ladybug-539,ladybug-539-1.01,open-e0.1-w3-f1-cap30,0,True,165587.9194906065,165617.73918321263,0.0909,0.13789,5535080.118240732,11,0,41,2.727272727272727,0.0,0.016697588126159554,evidence/opening-cap-practical/ladybug-539-1.01-open-e0.1-w3-f1-cap30-0
opening-cap-practical,ladybug-539,ladybug-539-1.01,open-e0.1-w3-f3-cap30,0,True,165231.83188756992,165617.73918321263,0.0973,0.11469,5535080.118240732,12,0,43,2.5833333333333335,0.0,0.01855287569573284,evidence/opening-cap-practical/ladybug-539-1.01-open-e0.1-w3-f3-cap30-0
opening-cap-practical,ladybug-539,ladybug-539-1.02,off,0,True,165514.08261311665,167257.518779086,0.0619,0.079025,5535080.118240733,6,0,42,6.0,0.0,0,evidence/opening-cap-practical/ladybug-539-1.02-off-0
opening-cap-practical,ladybug-539,ladybug-539-1.02,open-e0.05-w3-f1-cap30,0,True,166904.33738001113,167257.518779086,0.0846,0.10314,5535080.118240733,9,0,36,3.0,0.0,0.016697588126159554,evidence/opening-cap-practical/ladybug-539-1.02-open-e0.05-w3-f1-cap30-0
opening-cap-practical,ladybug-539,ladybug-539-1.02,open-e0.05-w3-f3-cap30,0,True,167033.37770512368,167257.518779086,0.0796,0.115807,5535080.118240734,8,0,39,3.875,0.0,0.014842300556586271,evidence/opening-cap-practical/ladybug-539-1.02-open-e0.05-w3-f3-cap30-0
opening-cap-practical,ladybug-539,ladybug-539-1.02,open-e0.1-w3-f1-cap30,0,True,167041.15937245116,167257.518779086,0.0779,0.096304,5535080.118240732,9,0,35,2.888888888888889,0.0,0.016697588126159554,evidence/opening-cap-practical/ladybug-539-1.02-open-e0.1-w3-f1-cap30-0
opening-cap-practical,ladybug-539,ladybug-539-1.02,open-e0.1-w3-f3-cap30,0,True,167121.36693625897,167257.518779086,0.0705,0.088659,5535080.118240732,8,0,33,3.125,0.0,0.01855287569573284,evidence/opening-cap-practical/ladybug-539-1.02-open-e0.1-w3-f3-cap30-0
opening-cap-practical,trafalgar-138,trafalgar-138-1.005,off,0,True,102905.1374509879,103088.39569543337,0.2965,0.312464,20163569.015917197,13,0,594,44.84615384615385,0.0,0,evidence/opening-cap-practical/trafalgar-138-1.005-off-0
opening-cap-practical,trafalgar-138,trafalgar-138-1.005,open-e0.05-w3-f1-cap30,0,True,102976.19605101837,103088.39569543337,0.2739,0.290264,20163569.015917197,20,0,497,23.95,0.0,0.057971014492753624,evidence/opening-cap-practical/trafalgar-138-1.005-open-e0.05-w3-f1-cap30-0
opening-cap-practical,trafalgar-138,trafalgar-138-1.005,open-e0.05-w3-f3-cap30,0,True,103084.32885311631,103088.39569543337,0.3297,0.345991,20163569.015917197,33,0,530,15.121212121212121,0.0,0.050724637681159424,evidence/opening-cap-practical/trafalgar-138-1.005-open-e0.05-w3-f3-cap30-0
opening-cap-practical,trafalgar-138,trafalgar-138-1.005,open-e0.1-w3-f1-cap30,0,True,102968.32228324031,103088.39569543337,0.3786,0.437444,20163569.015917197,30,0,662,21.2,0.0,0.057971014492753624,evidence/opening-cap-practical/trafalgar-138-1.005-open-e0.1-w3-f1-cap30-0
opening-cap-practical,trafalgar-138,trafalgar-138-1.005,open-e0.1-w3-f3-cap30,0,True,103087.40077206094,103088.39569543337,0.2633,0.279135,20163569.015917197,15,0,501,32.53333333333333,0.0,0.043478260869565216,evidence/opening-cap-practical/trafalgar-138-1.005-open-e0.1-w3-f3-cap30-0
opening-cap-practical,trafalgar-138,trafalgar-138-1.01,off,0,True,103407.46264815447,103601.27328595793,0.2384,0.25399,20163569.015917197,10,0,462,45.3,0.0,0,evidence/opening-cap-practical/trafalgar-138-1.01-off-0
opening-cap-practical,trafalgar-138,trafalgar-138-1.01,open-e0.05-w3-f1-cap30,0,True,103284.92243110019,103601.27328595793,0.2131,0.229625,20163569.015917197,18,0,367,19.444444444444443,0.0,0.057971014492753624,evidence/opening-cap-practical/trafalgar-138-1.01-open-e0.05-w3-f1-cap30-0
opening-cap-practical,trafalgar-138,trafalgar-138-1.01,open-e0.05-w3-f3-cap30,0,True,103293.93023516009,103601.27328595793,0.27,0.288793,20163569.015917197,31,0,400,11.935483870967742,0.0,0.050724637681159424,evidence/opening-cap-practical/trafalgar-138-1.01-open-e0.05-w3-f3-cap30-0
opening-cap-practical,trafalgar-138,trafalgar-138-1.01,open-e0.1-w3-f1-cap30,0,True,103433.3960920599,103601.27328595793,0.3083,0.324323,20163569.015917197,26,0,527,19.384615384615383,0.0,0.057971014492753624,evidence/opening-cap-practical/trafalgar-138-1.01-open-e0.1-w3-f1-cap30-0
opening-cap-practical,trafalgar-138,trafalgar-138-1.01,open-e0.1-w3-f3-cap30,0,True,103449.4573900738,103601.27328595793,0.2014,0.217766,20163569.015917197,13,0,371,27.615384615384617,0.0,0.043478260869565216,evidence/opening-cap-practical/trafalgar-138-1.01-open-e0.1-w3-f3-cap30-0
opening-cap-practical,trafalgar-138,trafalgar-138-1.02,off,0,True,104518.49237732726,104627.02846700703,0.1282,0.144235,20163569.015917197,8,0,232,28.125,0.0,0,evidence/opening-cap-practical/trafalgar-138-1.02-off-0
opening-cap-practical,trafalgar-138,trafalgar-138-1.02,open-e0.05-w3-f1-cap30,0,True,104052.31777219946,104627.02846700703,0.1585,0.174399,20163569.0159172,16,0,237,13.8125,0.0,0.057971014492753624,evidence/opening-cap-practical/trafalgar-138-1.02-open-e0.05-w3-f1-cap30-0
opening-cap-practical,trafalgar-138,trafalgar-138-1.02,open-e0.05-w3-f3-cap30,0,True,104403.34986659343,104627.02846700703,0.2149,0.233287,20163569.015917197,29,0,270,8.310344827586206,0.0,0.050724637681159424,evidence/opening-cap-practical/trafalgar-138-1.02-open-e0.05-w3-f3-cap30-0
opening-cap-practical,trafalgar-138,trafalgar-138-1.02,open-e0.1-w3-f1-cap30,0,True,104318.18297398018,104627.02846700703,0.1231,0.140344,20163569.0159172,8,0,221,26.75,0.0,0.057971014492753624,evidence/opening-cap-practical/trafalgar-138-1.02-open-e0.1-w3-f1-cap30-0
opening-cap-practical,trafalgar-138,trafalgar-138-1.02,open-e0.1-w3-f3-cap30,0,True,104301.09983227622,104627.02846700703,0.1462,0.165118,20163569.015917197,12,0,243,19.25,0.0,0.043478260869565216,evidence/opening-cap-practical/trafalgar-138-1.02-open-e0.1-w3-f3-cap30-0
opening-cap-practical,final-394,final-394-1.005,off,0,True,305941.8149512771,306349.5931045434,0.2449,0.270974,4545737.692797157,11,0,135,11.272727272727273,0.0,0,evidence/opening-cap-practical/final-394-1.005-off-0
opening-cap-practical,final-394,final-394-1.005,open-e0.05-w3-f1-cap30,0,True,306013.4200319647,306349.5931045434,0.3134,0.332142,4545737.692797156,17,0,138,7.117647058823529,0.0,0.01015228426395939,evidence/opening-cap-practical/final-394-1.005-open-e0.05-w3-f1-cap30-0
opening-cap-practical,final-394,final-394-1.005,open-e0.05-w3-f3-cap30,0,True,305994.64534192,306349.5931045434,0.2231,0.241351,4545737.692797158,12,0,111,8.25,0.0,0.01015228426395939,evidence/opening-cap-practical/final-394-1.005-open-e0.05-w3-f3-cap30-0
opening-cap-practical,final-394,final-394-1.005,open-e0.1-w3-f1-cap30,0,True,306163.10052402783,306349.5931045434,0.8902,0.908661,4545737.692797157,68,0,245,2.6029411764705883,0.0,0.012690355329949238,evidence/opening-cap-practical/final-394-1.005-open-e0.1-w3-f1-cap30-0
opening-cap-practical,final-394,final-394-1.005,open-e0.1-w3-f3-cap30,0,True,306272.6496014319,306349.5931045434,0.2132,0.231604,4545737.692797156,12,0,101,7.416666666666667,0.0,0.01015228426395939,evidence/opening-cap-practical/final-394-1.005-open-e0.1-w3-f3-cap30-0
opening-cap-practical,final-394,final-394-1.01,off,0,True,306994.0368020882,307873.7204334218,0.1742,0.19232,4545737.692797157,9,0,86,8.555555555555555,0.0,0,evidence/opening-cap-practical/final-394-1.01-off-0
opening-cap-practical,final-394,final-394-1.01,open-e0.05-w3-f1-cap30,0,True,307873.2870759763,307873.7204334218,0.23,0.248259,4545737.692797156,14,0,86,5.142857142857143,0.0,0.01015228426395939,evidence/opening-cap-practical/final-394-1.01-open-e0.05-w3-f1-cap30-0
opening-cap-practical,final-394,final-394-1.01,open-e0.05-w3-f3-cap30,0,True,306513.56520931976,307873.7204334218,0.2121,0.230336,4545737.692797157,11,0,109,8.909090909090908,0.0,0.01015228426395939,evidence/opening-cap-practical/final-394-1.01-open-e0.05-w3-f3-cap30-0
opening-cap-practical,final-394,final-394-1.01,open-e0.1-w3-f1-cap30,0,True,307472.2380764153,307873.7204334218,0.2089,0.226995,4545737.692797155,9,0,117,12.0,0.0,0.012690355329949238,evidence/opening-cap-practical/final-394-1.01-open-e0.1-w3-f1-cap30-0
opening-cap-practical,final-394,final-394-1.01,open-e0.1-w3-f3-cap30,0,True,307214.2057549544,307873.7204334218,0.2397,0.258074,4545737.692797157,11,0,130,10.818181818181818,0.03966968388911707,0.01015228426395939,evidence/opening-cap-practical/final-394-1.01-open-e0.1-w3-f3-cap30-0
opening-cap-practical,final-394,final-394-1.02,off,0,True,309666.83185607684,310921.97509117844,0.13,0.1481,4545737.692797157,8,0,50,5.25,0.0,0,evidence/opening-cap-practical/final-394-1.02-off-0
opening-cap-practical,final-394,final-394-1.02,open-e0.05-w3-f1-cap30,0,True,309382.794698378,310921.97509117844,0.1457,0.164448,4545737.692797157,8,0,66,7.25,0.0,0.005076142131979695,evidence/opening-cap-practical/final-394-1.02-open-e0.05-w3-f1-cap30-0
opening-cap-practical,final-394,final-394-1.02,open-e0.05-w3-f3-cap30,0,True,310213.9271687317,310921.97509117844,0.1431,0.161442,4545737.692797157,8,0,67,7.375,0.0,0.01015228426395939,evidence/opening-cap-practical/final-394-1.02-open-e0.05-w3-f3-cap30-0
opening-cap-practical,final-394,final-394-1.02,open-e0.1-w3-f1-cap30,0,True,310674.0006585429,310921.97509117844,0.1111,0.129369,4545737.692797157,7,0,44,5.285714285714286,0.0,0.012690355329949238,evidence/opening-cap-practical/final-394-1.02-open-e0.1-w3-f1-cap30-0
opening-cap-practical,final-394,final-394-1.02,open-e0.1-w3-f3-cap30,0,True,310142.37769285357,310921.97509117844,0.1342,0.177645,4545737.692797158,8,0,58,6.25,0.0,0.01015228426395939,evidence/opening-cap-practical/final-394-1.02-open-e0.1-w3-f3-cap30-0
opening-cap-practical,ladybug-539,ladybug-539-1.005,open-e0.1-w3-f3-cap30,1,True,164522.43812316775,164797.8493852759,0.1237,0.141494,5535080.11824073,15,0,54,2.6,0.04505232023972748,0.01855287569573284,evidence/opening-cap-practical/ladybug-539-1.005-open-e0.1-w3-f3-cap30-1
opening-cap-practical,ladybug-539,ladybug-539-1.005,open-e0.1-w3-f1-cap30,1,True,164653.6919035189,164797.8493852759,0.1072,0.124707,5535080.118240733,13,0,49,2.769230769230769,0.0,0.016697588126159554,evidence/opening-cap-practical/ladybug-539-1.005-open-e0.1-w3-f1-cap30-1
opening-cap-practical,ladybug-539,ladybug-539-1.005,open-e0.05-w3-f3-cap30,1,True,164464.6558971586,164797.8493852759,0.1249,0.142247,5535080.118240732,15,0,60,3.0,0.0,0.014842300556586271,evidence/opening-cap-practical/ladybug-539-1.005-open-e0.05-w3-f3-cap30-1
opening-cap-practical,ladybug-539,ladybug-539-1.005,open-e0.05-w3-f1-cap30,1,True,164587.07925751607,164797.8493852759,0.1148,0.132586,5535080.118240733,14,0,52,2.7142857142857144,0.0,0.016697588126159554,evidence/opening-cap-practical/ladybug-539-1.005-open-e0.05-w3-f1-cap30-1
opening-cap-practical,ladybug-539,ladybug-539-1.005,off,1,True,164531.79594160477,164797.8493852759,0.0902,0.107909,5535080.118240733,9,0,52,4.777777777777778,0.0,0,evidence/opening-cap-practical/ladybug-539-1.005-off-1
opening-cap-practical,ladybug-539,ladybug-539-1.01,open-e0.1-w3-f3-cap30,1,True,165231.83188757332,165617.73918321263,0.098,0.11712,5535080.118240731,12,0,43,2.5833333333333335,0.0,0.01855287569573284,evidence/opening-cap-practical/ladybug-539-1.01-open-e0.1-w3-f3-cap30-1
opening-cap-practical,ladybug-539,ladybug-539-1.01,open-e0.1-w3-f1-cap30,1,True,165587.91983593107,165617.73918321263,0.1036,0.140564,5535080.118240733,11,0,41,2.727272727272727,0.0,0.016697588126159554,evidence/opening-cap-practical/ladybug-539-1.01-open-e0.1-w3-f1-cap30-1
opening-cap-practical,ladybug-539,ladybug-539-1.01,open-e0.05-w3-f3-cap30,1,True,165154.09803641224,165617.73918321263,0.1045,0.122062,5535080.118240731,12,0,49,3.0833333333333335,0.0,0.014842300556586271,evidence/opening-cap-practical/ladybug-539-1.01-open-e0.05-w3-f3-cap30-1
opening-cap-practical,ladybug-539,ladybug-539-1.01,open-e0.05-w3-f1-cap30,1,True,165394.9211416657,165617.73918321263,0.0913,0.109276,5535080.118240732,11,0,42,2.8181818181818183,0.0,0.016697588126159554,evidence/opening-cap-practical/ladybug-539-1.01-open-e0.05-w3-f1-cap30-1
opening-cap-practical,ladybug-539,ladybug-539-1.01,off,1,True,165514.08261635024,165617.73918321263,0.0623,0.083896,5535080.118240731,6,0,42,6.0,0.0,0,evidence/opening-cap-practical/ladybug-539-1.01-off-1
opening-cap-practical,ladybug-539,ladybug-539-1.02,open-e0.1-w3-f3-cap30,1,True,167121.366936258,167257.518779086,0.0761,0.094383,5535080.118240733,8,0,33,3.125,0.0,0.01855287569573284,evidence/opening-cap-practical/ladybug-539-1.02-open-e0.1-w3-f3-cap30-1
opening-cap-practical,ladybug-539,ladybug-539-1.02,open-e0.1-w3-f1-cap30,1,True,167041.15937244985,167257.518779086,0.0843,0.102733,5535080.118240733,9,0,35,2.888888888888889,0.0,0.016697588126159554,evidence/opening-cap-practical/ladybug-539-1.02-open-e0.1-w3-f1-cap30-1
opening-cap-practical,ladybug-539,ladybug-539-1.02,open-e0.05-w3-f3-cap30,1,True,167033.37770512828,167257.518779086,0.0725,0.089919,5535080.118240731,8,0,39,3.875,0.0,0.014842300556586271,evidence/opening-cap-practical/ladybug-539-1.02-open-e0.05-w3-f3-cap30-1
opening-cap-practical,ladybug-539,ladybug-539-1.02,open-e0.05-w3-f1-cap30,1,True,166904.33737976977,167257.518779086,0.077,0.095062,5535080.118240732,9,0,36,3.0,0.0,0.016697588126159554,evidence/opening-cap-practical/ladybug-539-1.02-open-e0.05-w3-f1-cap30-1
opening-cap-practical,ladybug-539,ladybug-539-1.02,off,1,True,165514.0826131156,167257.518779086,0.0689,0.086809,5535080.118240734,6,0,42,6.0,0.0,0,evidence/opening-cap-practical/ladybug-539-1.02-off-1
opening-cap-practical,trafalgar-138,trafalgar-138-1.005,open-e0.1-w3-f3-cap30,1,True,103086.8283143949,103088.39569543337,0.2906,0.306804,20163569.015917197,15,0,501,32.53333333333333,0.0,0.043478260869565216,evidence/opening-cap-practical/trafalgar-138-1.005-open-e0.1-w3-f3-cap30-1
opening-cap-practical,trafalgar-138,trafalgar-138-1.005,open-e0.1-w3-f1-cap30,1,True,102970.7693620986,103088.39569543337,0.37,0.385944,20163569.015917197,28,0,657,22.607142857142858,0.0,0.057971014492753624,evidence/opening-cap-practical/trafalgar-138-1.005-open-e0.1-w3-f1-cap30-1
opening-cap-practical,trafalgar-138,trafalgar-138-1.005,open-e0.05-w3-f3-cap30,1,True,103044.34918644972,103088.39569543337,0.33,0.346058,20163569.0159172,33,0,530,15.121212121212121,0.0,0.050724637681159424,evidence/opening-cap-practical/trafalgar-138-1.005-open-e0.05-w3-f3-cap30-1
opening-cap-practical,trafalgar-138,trafalgar-138-1.005,open-e0.05-w3-f1-cap30,1,True,102998.27491473396,103088.39569543337,0.2752,0.291124,20163569.015917197,20,0,497,23.95,0.0,0.057971014492753624,evidence/opening-cap-practical/trafalgar-138-1.005-open-e0.05-w3-f1-cap30-1
opening-cap-practical,trafalgar-138,trafalgar-138-1.005,off,1,True,102905.02635207145,103088.39569543337,0.3034,0.319414,20163569.015917197,13,0,594,44.84615384615385,0.0,0,evidence/opening-cap-practical/trafalgar-138-1.005-off-1
opening-cap-practical,trafalgar-138,trafalgar-138-1.01,open-e0.1-w3-f3-cap30,1,True,103448.90486259763,103601.27328595793,0.2081,0.224762,20163569.015917197,13,0,371,27.615384615384617,0.0,0.043478260869565216,evidence/opening-cap-practical/trafalgar-138-1.01-open-e0.1-w3-f3-cap30-1
opening-cap-practical,trafalgar-138,trafalgar-138-1.01,open-e0.1-w3-f1-cap30,1,True,103286.83674851662,103601.27328595793,0.2978,0.313729,20163569.015917197,24,0,519,20.666666666666668,0.0,0.057971014492753624,evidence/opening-cap-practical/trafalgar-138-1.01-open-e0.1-w3-f1-cap30-1
opening-cap-practical,trafalgar-138,trafalgar-138-1.01,open-e0.05-w3-f3-cap30,1,True,103287.79545150613,103601.27328595793,0.2684,0.284843,20163569.015917197,31,0,400,11.935483870967742,0.0,0.050724637681159424,evidence/opening-cap-practical/trafalgar-138-1.01-open-e0.05-w3-f3-cap30-1
opening-cap-practical,trafalgar-138,trafalgar-138-1.01,open-e0.05-w3-f1-cap30,1,True,103286.31341849385,103601.27328595793,0.2136,0.230156,20163569.015917197,18,0,367,19.444444444444443,0.0,0.057971014492753624,evidence/opening-cap-practical/trafalgar-138-1.01-open-e0.05-w3-f1-cap30-1
opening-cap-practical,trafalgar-138,trafalgar-138-1.01,off,1,True,103407.70850704813,103601.27328595793,0.233,0.249147,20163569.015917197,10,0,462,45.3,0.0,0,evidence/opening-cap-practical/trafalgar-138-1.01-off-1
opening-cap-practical,trafalgar-138,trafalgar-138-1.02,open-e0.1-w3-f3-cap30,1,True,104301.17257176497,104627.02846700703,0.1459,0.16191,20163569.0159172,12,0,243,19.25,0.0,0.043478260869565216,evidence/opening-cap-practical/trafalgar-138-1.02-open-e0.1-w3-f3-cap30-1
opening-cap-practical,trafalgar-138,trafalgar-138-1.02,open-e0.1-w3-f1-cap30,1,True,104318.33776792418,104627.02846700703,0.122,0.13828,20163569.015917197,8,0,221,26.75,0.0,0.057971014492753624,evidence/opening-cap-practical/trafalgar-138-1.02-open-e0.1-w3-f1-cap30-1
opening-cap-practical,trafalgar-138,trafalgar-138-1.02,open-e0.05-w3-f3-cap30,1,True,104413.62902835514,104627.02846700703,0.2087,0.22594,20163569.015917197,29,0,270,8.310344827586206,0.0,0.050724637681159424,evidence/opening-cap-practical/trafalgar-138-1.02-open-e0.05-w3-f3-cap30-1
opening-cap-practical,trafalgar-138,trafalgar-138-1.02,open-e0.05-w3-f1-cap30,1,True,104051.59491199309,104627.02846700703,0.1528,0.185939,20163569.015917197,16,0,237,13.8125,0.0,0.057971014492753624,evidence/opening-cap-practical/trafalgar-138-1.02-open-e0.05-w3-f1-cap30-1
opening-cap-practical,trafalgar-138,trafalgar-138-1.02,off,1,True,104518.28775821504,104627.02846700703,0.1276,0.143394,20163569.015917197,8,0,232,28.125,0.0,0,evidence/opening-cap-practical/trafalgar-138-1.02-off-1
opening-cap-practical,final-394,final-394-1.005,open-e0.1-w3-f3-cap30,1,True,305649.402487584,306349.5931045434,0.2563,0.274909,4545737.692797156,13,0,132,9.153846153846153,0.0372771498932374,0.01015228426395939,evidence/opening-cap-practical/final-394-1.005-open-e0.1-w3-f3-cap30-1
opening-cap-practical,final-394,final-394-1.005,open-e0.1-w3-f1-cap30,1,True,306161.77206638217,306349.5931045434,0.8687,0.887072,4545737.692797157,66,0,241,2.6515151515151514,0.0,0.012690355329949238,evidence/opening-cap-practical/final-394-1.005-open-e0.1-w3-f1-cap30-1
opening-cap-practical,final-394,final-394-1.005,open-e0.05-w3-f3-cap30,1,True,305998.4695417684,306349.5931045434,0.2232,0.241672,4545737.692797157,12,0,111,8.25,0.0,0.01015228426395939,evidence/opening-cap-practical/final-394-1.005-open-e0.05-w3-f3-cap30-1
opening-cap-practical,final-394,final-394-1.005,open-e0.05-w3-f1-cap30,1,True,306054.89502760366,306349.5931045434,0.298,0.316404,4545737.692797158,16,0,132,7.25,0.0,0.01015228426395939,evidence/opening-cap-practical/final-394-1.005-open-e0.05-w3-f1-cap30-1
opening-cap-practical,final-394,final-394-1.005,off,1,True,305941.766069016,306349.5931045434,0.245,0.266318,4545737.692797157,11,0,135,11.272727272727273,0.0,0,evidence/opening-cap-practical/final-394-1.005-off-1
opening-cap-practical,final-394,final-394-1.01,open-e0.1-w3-f3-cap30,1,True,307630.88913864957,307873.7204334218,0.2267,0.244967,4545737.692797157,10,0,131,12.1,0.04172073789530835,0.01015228426395939,evidence/opening-cap-practical/final-394-1.01-open-e0.1-w3-f3-cap30-1
opening-cap-practical,final-394,final-394-1.01,open-e0.1-w3-f1-cap30,1,True,307494.7856955387,307873.7204334218,0.2093,0.227716,4545737.692797158,9,0,117,12.0,0.0,0.012690355329949238,evidence/opening-cap-practical/final-394-1.01-open-e0.1-w3-f1-cap30-1
opening-cap-practical,final-394,final-394-1.01,open-e0.05-w3-f3-cap30,1,True,306504.1452357258,307873.7204334218,0.2117,0.231532,4545737.692797156,11,0,109,8.909090909090908,0.0,0.01015228426395939,evidence/opening-cap-practical/final-394-1.01-open-e0.05-w3-f3-cap30-1
opening-cap-practical,final-394,final-394-1.01,open-e0.05-w3-f1-cap30,1,True,307650.3821621601,307873.7204334218,0.2519,0.270363,4545737.692797157,15,0,94,5.266666666666667,0.0,0.01015228426395939,evidence/opening-cap-practical/final-394-1.01-open-e0.05-w3-f1-cap30-1
opening-cap-practical,final-394,final-394-1.01,off,1,True,306992.03344286984,307873.7204334218,0.1742,0.192644,4545737.692797155,9,0,86,8.555555555555555,0.0,0,evidence/opening-cap-practical/final-394-1.01-off-1
opening-cap-practical,final-394,final-394-1.02,open-e0.1-w3-f3-cap30,1,True,310125.62964785105,310921.97509117844,0.1341,0.152362,4545737.692797156,8,0,58,6.25,0.0,0.01015228426395939,evidence/opening-cap-practical/final-394-1.02-open-e0.1-w3-f3-cap30-1
opening-cap-practical,final-394,final-394-1.02,open-e0.1-w3-f1-cap30,1,True,310674.0185220751,310921.97509117844,0.1114,0.129882,4545737.692797158,7,0,44,5.285714285714286,0.0,0.012690355329949238,evidence/opening-cap-practical/final-394-1.02-open-e0.1-w3-f1-cap30-1
opening-cap-practical,final-394,final-394-1.02,open-e0.05-w3-f3-cap30,1,True,310212.6160960424,310921.97509117844,0.1545,0.173139,4545737.692797157,8,0,67,7.375,0.0,0.01015228426395939,evidence/opening-cap-practical/final-394-1.02-open-e0.05-w3-f3-cap30-1
opening-cap-practical,final-394,final-394-1.02,open-e0.05-w3-f1-cap30,1,True,309377.9794723602,310921.97509117844,0.1461,0.164614,4545737.692797156,8,0,66,7.25,0.0,0.005076142131979695,evidence/opening-cap-practical/final-394-1.02-open-e0.05-w3-f1-cap30-1
opening-cap-practical,final-394,final-394-1.02,off,1,True,309661.61932121275,310921.97509117844,0.1303,0.148489,4545737.692797156,8,0,50,5.25,0.0,0,evidence/opening-cap-practical/final-394-1.02-off-1
opening-cap-practical,ladybug-539,ladybug-539-1.005,off,2,True,164531.79435979843,164797.8493852759,0.0946,0.112092,5535080.118240734,9,0,52,4.777777777777778,0.0,0,evidence/opening-cap-practical/ladybug-539-1.005-off-2
opening-cap-practical,ladybug-539,ladybug-539-1.005,open-e0.05-w3-f1-cap30,2,True,164587.1819898634,164797.8493852759,0.1182,0.136018,5535080.118240733,14,0,52,2.7142857142857144,0.0,0.016697588126159554,evidence/opening-cap-practical/ladybug-539-1.005-open-e0.05-w3-f1-cap30-2
opening-cap-practical,ladybug-539,ladybug-539-1.005,open-e0.05-w3-f3-cap30,2,True,164464.44908515672,164797.8493852759,0.1252,0.142753,5535080.118240733,15,0,60,3.0,0.0,0.014842300556586271,evidence/opening-cap-practical/ladybug-539-1.005-open-e0.05-w3-f3-cap30-2
opening-cap-practical,ladybug-539,ladybug-539-1.005,open-e0.1-w3-f1-cap30,2,True,164653.71629381864,164797.8493852759,0.1074,0.15482,5535080.118240732,13,0,49,2.769230769230769,0.0,0.016697588126159554,evidence/opening-cap-practical/ladybug-539-1.005-open-e0.1-w3-f1-cap30-2
opening-cap-practical,ladybug-539,ladybug-539-1.005,open-e0.1-w3-f3-cap30,2,True,164518.24988570958,164797.8493852759,0.1239,0.141522,5535080.118240735,15,0,54,2.6,0.0447719294526646,0.01855287569573284,evidence/opening-cap-practical/ladybug-539-1.005-open-e0.1-w3-f3-cap30-2
opening-cap-practical,ladybug-539,ladybug-539-1.01,off,2,True,165514.0826131177,165617.73918321263,0.0621,0.08006,5535080.118240733,6,0,42,6.0,0.0,0,evidence/opening-cap-practical/ladybug-539-1.01-off-2
opening-cap-practical,ladybug-539,ladybug-539-1.01,open-e0.05-w3-f1-cap30,2,True,165394.89806725894,165617.73918321263,0.0914,0.134262,5535080.118240732,11,0,42,2.8181818181818183,0.0,0.016697588126159554,evidence/opening-cap-practical/ladybug-539-1.01-open-e0.05-w3-f1-cap30-2
opening-cap-practical,ladybug-539,ladybug-539-1.01,open-e0.05-w3-f3-cap30,2,True,165154.0954771185,165617.73918321263,0.1013,0.119281,5535080.118240732,12,0,49,3.0833333333333335,0.0,0.014842300556586271,evidence/opening-cap-practical/ladybug-539-1.01-open-e0.05-w3-f3-cap30-2
opening-cap-practical,ladybug-539,ladybug-539-1.01,open-e0.1-w3-f1-cap30,2,True,165587.91951943515,165617.73918321263,0.0938,0.112594,5535080.118240734,11,0,41,2.727272727272727,0.0,0.016697588126159554,evidence/opening-cap-practical/ladybug-539-1.01-open-e0.1-w3-f1-cap30-2
opening-cap-practical,ladybug-539,ladybug-539-1.01,open-e0.1-w3-f3-cap30,2,True,165231.83192175123,165617.73918321263,0.1019,0.122473,5535080.118240733,12,0,43,2.5833333333333335,0.0,0.01855287569573284,evidence/opening-cap-practical/ladybug-539-1.01-open-e0.1-w3-f3-cap30-2
opening-cap-practical,ladybug-539,ladybug-539-1.02,off,2,True,165514.082613116,167257.518779086,0.0622,0.07991,5535080.118240733,6,0,42,6.0,0.0,0,evidence/opening-cap-practical/ladybug-539-1.02-off-2
opening-cap-practical,ladybug-539,ladybug-539-1.02,open-e0.05-w3-f1-cap30,2,True,166904.3372428292,167257.518779086,0.0765,0.093968,5535080.118240732,9,0,36,3.0,0.0,0.016697588126159554,evidence/opening-cap-practical/ladybug-539-1.02-open-e0.05-w3-f1-cap30-2
opening-cap-practical,ladybug-539,ladybug-539-1.02,open-e0.05-w3-f3-cap30,2,True,167033.37770512284,167257.518779086,0.0803,0.118317,5535080.11824073,8,0,39,3.875,0.0,0.014842300556586271,evidence/opening-cap-practical/ladybug-539-1.02-open-e0.05-w3-f3-cap30-2
opening-cap-practical,ladybug-539,ladybug-539-1.02,open-e0.1-w3-f1-cap30,2,True,167041.1593724535,167257.518779086,0.0761,0.093966,5535080.118240733,9,0,35,2.888888888888889,0.0,0.016697588126159554,evidence/opening-cap-practical/ladybug-539-1.02-open-e0.1-w3-f1-cap30-2
opening-cap-practical,ladybug-539,ladybug-539-1.02,open-e0.1-w3-f3-cap30,2,True,167121.36693625923,167257.518779086,0.0692,0.08669,5535080.118240731,8,0,33,3.125,0.0,0.01855287569573284,evidence/opening-cap-practical/ladybug-539-1.02-open-e0.1-w3-f3-cap30-2
opening-cap-practical,trafalgar-138,trafalgar-138-1.005,off,2,True,102905.04727035269,103088.39569543337,0.3206,0.337746,20163569.0159172,13,0,594,44.84615384615385,0.0,0,evidence/opening-cap-practical/trafalgar-138-1.005-off-2
opening-cap-practical,trafalgar-138,trafalgar-138-1.005,open-e0.05-w3-f1-cap30,2,True,103004.2964134432,103088.39569543337,0.2746,0.291007,20163569.0159172,20,0,497,23.95,0.0,0.057971014492753624,evidence/opening-cap-practical/trafalgar-138-1.005-open-e0.05-w3-f1-cap30-2
opening-cap-practical,trafalgar-138,trafalgar-138-1.005,open-e0.05-w3-f3-cap30,2,True,103039.97911704489,103088.39569543337,0.3296,0.357538,20163569.015917197,33,0,530,15.121212121212121,0.0,0.050724637681159424,evidence/opening-cap-practical/trafalgar-138-1.005-open-e0.05-w3-f3-cap30-2
opening-cap-practical,trafalgar-138,trafalgar-138-1.005,open-e0.1-w3-f1-cap30,2,True,102969.95842974981,103088.39569543337,0.3696,0.393581,20163569.015917197,28,0,657,22.607142857142858,0.0,0.057971014492753624,evidence/opening-cap-practical/trafalgar-138-1.005-open-e0.1-w3-f1-cap30-2
opening-cap-practical,trafalgar-138,trafalgar-138-1.005,open-e0.1-w3-f3-cap30,2,True,103086.90981481607,103088.39569543337,0.263,0.279055,20163569.015917197,15,0,501,32.53333333333333,0.0,0.043478260869565216,evidence/opening-cap-practical/trafalgar-138-1.005-open-e0.1-w3-f3-cap30-2
opening-cap-practical,trafalgar-138,trafalgar-138-1.01,off,2,True,103407.5448458107,103601.27328595793,0.2321,0.247914,20163569.015917197,10,0,462,45.3,0.0,0,evidence/opening-cap-practical/trafalgar-138-1.01-off-2
opening-cap-practical,trafalgar-138,trafalgar-138-1.01,open-e0.05-w3-f1-cap30,2,True,103286.1806791388,103601.27328595793,0.2124,0.257664,20163569.015917197,18,0,367,19.444444444444443,0.0,0.057971014492753624,evidence/opening-cap-practical/trafalgar-138-1.01-open-e0.05-w3-f1-cap30-2
opening-cap-practical,trafalgar-138,trafalgar-138-1.01,open-e0.05-w3-f3-cap30,2,True,103295.40024712413,103601.27328595793,0.2684,0.284514,20163569.015917197,31,0,400,11.935483870967742,0.0,0.050724637681159424,evidence/opening-cap-practical/trafalgar-138-1.01-open-e0.05-w3-f3-cap30-2
opening-cap-practical,trafalgar-138,trafalgar-138-1.01,open-e0.1-w3-f1-cap30,2,True,103408.06058004234,103601.27328595793,0.3078,0.324191,20163569.015917197,26,0,527,19.346153846153847,0.0,0.057971014492753624,evidence/opening-cap-practical/trafalgar-138-1.01-open-e0.1-w3-f1-cap30-2
opening-cap-practical,trafalgar-138,trafalgar-138-1.01,open-e0.1-w3-f3-cap30,2,True,103449.63516396515,103601.27328595793,0.2015,0.218009,20163569.015917193,13,0,371,27.615384615384617,0.0,0.043478260869565216,evidence/opening-cap-practical/trafalgar-138-1.01-open-e0.1-w3-f3-cap30-2
opening-cap-practical,trafalgar-138,trafalgar-138-1.02,off,2,True,104518.54105204968,104627.02846700703,0.1279,0.14412,20163569.015917197,8,0,232,28.125,0.0,0,evidence/opening-cap-practical/trafalgar-138-1.02-off-2
opening-cap-practical,trafalgar-138,trafalgar-138-1.02,open-e0.05-w3-f1-cap30,2,True,104052.08872272211,104627.02846700703,0.1527,0.169338,20163569.015917197,16,0,237,13.8125,0.0,0.057971014492753624,evidence/opening-cap-practical/trafalgar-138-1.02-open-e0.05-w3-f1-cap30-2
opening-cap-practical,trafalgar-138,trafalgar-138-1.02,open-e0.05-w3-f3-cap30,2,True,104514.61692318326,104627.02846700703,0.208,0.242862,20163569.0159172,29,0,270,8.310344827586206,0.0,0.050724637681159424,evidence/opening-cap-practical/trafalgar-138-1.02-open-e0.05-w3-f3-cap30-2
opening-cap-practical,trafalgar-138,trafalgar-138-1.02,open-e0.1-w3-f1-cap30,2,True,104318.10154306352,104627.02846700703,0.1219,0.137702,20163569.015917197,8,0,221,26.75,0.0,0.057971014492753624,evidence/opening-cap-practical/trafalgar-138-1.02-open-e0.1-w3-f1-cap30-2
opening-cap-practical,trafalgar-138,trafalgar-138-1.02,open-e0.1-w3-f3-cap30,2,True,104301.07572872129,104627.02846700703,0.1458,0.185624,20163569.015917197,12,0,243,19.25,0.0,0.043478260869565216,evidence/opening-cap-practical/trafalgar-138-1.02-open-e0.1-w3-f3-cap30-2
opening-cap-practical,final-394,final-394-1.005,off,2,True,305941.79136751953,306349.5931045434,0.2453,0.264084,4545737.692797157,11,0,135,11.272727272727273,0.0,0,evidence/opening-cap-practical/final-394-1.005-off-2
opening-cap-practical,final-394,final-394-1.005,open-e0.05-w3-f1-cap30,2,True,306055.82879492367,306349.5931045434,0.2983,0.316742,4545737.692797156,16,0,132,7.25,0.0,0.01015228426395939,evidence/opening-cap-practical/final-394-1.005-open-e0.05-w3-f1-cap30-2
opening-cap-practical,final-394,final-394-1.005,open-e0.05-w3-f3-cap30,2,True,305998.36752416944,306349.5931045434,0.2234,0.241772,4545737.692797156,12,0,111,8.25,0.0,0.01015228426395939,evidence/opening-cap-practical/final-394-1.005-open-e0.05-w3-f3-cap30-2
opening-cap-practical,final-394,final-394-1.005,open-e0.1-w3-f1-cap30,2,True,306162.8054967085,306349.5931045434,0.8444,0.863067,4545737.692797156,64,0,237,2.703125,0.0,0.012690355329949238,evidence/opening-cap-practical/final-394-1.005-open-e0.1-w3-f1-cap30-2
opening-cap-practical,final-394,final-394-1.005,open-e0.1-w3-f3-cap30,2,True,306346.9534700036,306349.5931045434,0.364,0.382325,4545737.692797157,22,0,156,6.090909090909091,0.02671398417576669,0.012690355329949238,evidence/opening-cap-practical/final-394-1.005-open-e0.1-w3-f3-cap30-2
opening-cap-practical,final-394,final-394-1.01,off,2,True,306995.9360122276,307873.7204334218,0.1747,0.1932,4545737.692797157,9,0,86,8.555555555555555,0.0,0,evidence/opening-cap-practical/final-394-1.01-off-2
opening-cap-practical,final-394,final-394-1.01,open-e0.05-w3-f1-cap30,2,True,307649.17745640955,307873.7204334218,0.2577,0.276137,4545737.692797157,15,0,94,5.266666666666667,0.0,0.01015228426395939,evidence/opening-cap-practical/final-394-1.01-open-e0.05-w3-f1-cap30-2
opening-cap-practical,final-394,final-394-1.01,open-e0.05-w3-f3-cap30,2,True,306507.99190021725,307873.7204334218,0.212,0.230707,4545737.692797156,11,0,109,8.909090909090908,0.0,0.01015228426395939,evidence/opening-cap-practical/final-394-1.01-open-e0.05-w3-f3-cap30-2
opening-cap-practical,final-394,final-394-1.01,open-e0.1-w3-f1-cap30,2,True,307460.45893097395,307873.7204334218,0.2098,0.237212,4545737.692797157,9,0,117,12.0,0.0,0.012690355329949238,evidence/opening-cap-practical/final-394-1.01-open-e0.1-w3-f1-cap30-2
opening-cap-practical,final-394,final-394-1.01,open-e0.1-w3-f3-cap30,2,True,307254.0157796461,307873.7204334218,0.2446,0.294874,4545737.692797156,11,0,135,11.272727272727273,0.021596485278457915,0.01015228426395939,evidence/opening-cap-practical/final-394-1.01-open-e0.1-w3-f3-cap30-2
opening-cap-practical,final-394,final-394-1.02,off,2,True,309661.4434612599,310921.97509117844,0.1302,0.14864,4545737.692797156,8,0,50,5.25,0.0,0,evidence/opening-cap-practical/final-394-1.02-off-2
opening-cap-practical,final-394,final-394-1.02,open-e0.05-w3-f1-cap30,2,True,309388.00504957524,310921.97509117844,0.1462,0.164656,4545737.692797158,8,0,66,7.25,0.0,0.005076142131979695,evidence/opening-cap-practical/final-394-1.02-open-e0.05-w3-f1-cap30-2
opening-cap-practical,final-394,final-394-1.02,open-e0.05-w3-f3-cap30,2,True,310212.7632703291,310921.97509117844,0.1429,0.161657,4545737.692797156,8,0,67,7.375,0.0,0.01015228426395939,evidence/opening-cap-practical/final-394-1.02-open-e0.05-w3-f3-cap30-2
opening-cap-practical,final-394,final-394-1.02,open-e0.1-w3-f1-cap30,2,True,310674.00329028175,310921.97509117844,0.1113,0.136427,4545737.692797157,7,0,44,5.285714285714286,0.0,0.012690355329949238,evidence/opening-cap-practical/final-394-1.02-open-e0.1-w3-f1-cap30-2
opening-cap-practical,final-394,final-394-1.02,open-e0.1-w3-f3-cap30,2,True,310095.9301949977,310921.97509117844,0.1341,0.152427,4545737.692797158,8,0,58,6.25,0.0,0.01015228426395939,evidence/opening-cap-practical/final-394-1.02-open-e0.1-w3-f3-cap30-2
confirmation-practical,ladybug-539,ladybug-539-1.005,off,0,True,164531.79335752755,164797.8493852759,0.1003,0.118676,5535080.118240733,9,0,52,4.777777777777778,0.0,0,evidence/confirmation-practical/ladybug-539-1.005-off-0
confirmation-practical,ladybug-539,ladybug-539-1.005,open-e0.05-w3-f3,0,True,164644.45900487716,164797.8493852759,0.1064,0.124823,5535080.118240732,9,1,67,6.333333333333333,0.054055206171939464,0,evidence/confirmation-practical/ladybug-539-1.005-open-e0.05-w3-f3-0
confirmation-practical,ladybug-539,ladybug-539-1.01,off,0,True,165514.08261311747,165617.73918321263,0.0623,0.083996,5535080.118240733,6,0,42,6.0,0.0,0,evidence/confirmation-practical/ladybug-539-1.01-off-0
confirmation-practical,ladybug-539,ladybug-539-1.01,open-e0.05-w3-f3,0,True,165258.181051443,165617.73918321263,0.0822,0.099887,5535080.118240733,7,1,62,7.714285714285714,0.062676944947791,0,evidence/confirmation-practical/ladybug-539-1.01-open-e0.05-w3-f3-0
confirmation-practical,ladybug-539,ladybug-539-1.02,off,0,True,165514.08261311878,167257.518779086,0.0686,0.086496,5535080.118240731,6,0,42,6.0,0.0,0,evidence/confirmation-practical/ladybug-539-1.02-off-0
confirmation-practical,ladybug-539,ladybug-539-1.02,open-e0.05-w3-f3,0,True,167145.05808213033,167257.518779086,0.0549,0.072923,5535080.118240734,5,0,34,5.8,0.0,0,evidence/confirmation-practical/ladybug-539-1.02-open-e0.05-w3-f3-0
confirmation-practical,trafalgar-138,trafalgar-138-1.005,off,0,True,102905.0561645461,103088.39569543337,0.304,0.320203,20163569.015917197,13,0,594,44.84615384615385,0.0,0,evidence/confirmation-practical/trafalgar-138-1.005-off-0
confirmation-practical,trafalgar-138,trafalgar-138-1.005,open-e0.05-w3-f3,0,True,102948.47727561649,103088.39569543337,0.2458,0.261467,20163569.015917197,13,0,484,36.46153846153846,0.0,0,evidence/confirmation-practical/trafalgar-138-1.005-open-e0.05-w3-f3-0
confirmation-practical,trafalgar-138,trafalgar-138-1.01,off,0,True,103407.3277042199,103601.27328595793,0.231,0.247404,20163569.015917197,10,0,462,45.3,0.0,0,evidence/confirmation-practical/trafalgar-138-1.01-off-0
confirmation-practical,trafalgar-138,trafalgar-138-1.01,open-e0.05-w3-f3,0,True,103246.60464935936,103601.27328595793,0.1828,0.198992,20163569.015917197,11,0,354,31.363636363636363,0.0,0,evidence/confirmation-practical/trafalgar-138-1.01-open-e0.05-w3-f3-0
confirmation-practical,trafalgar-138,trafalgar-138-1.02,off,0,True,104518.30627111596,104627.02846700703,0.1282,0.144259,20163569.015917197,8,0,232,28.125,0.0,0,evidence/confirmation-practical/trafalgar-138-1.02-off-0
confirmation-practical,trafalgar-138,trafalgar-138-1.02,open-e0.05-w3-f3,0,True,104391.2441191851,104627.02846700703,0.1237,0.1507,20163569.015917197,9,0,224,24.0,0.0,0,evidence/confirmation-practical/trafalgar-138-1.02-open-e0.05-w3-f3-0
confirmation-practical,final-394,final-394-1.005,off,0,True,305941.8079843291,306349.5931045434,0.2449,0.263281,4545737.692797157,11,0,135,11.272727272727273,0.0,0,evidence/confirmation-practical/final-394-1.005-off-0
confirmation-practical,final-394,final-394-1.005,open-e0.05-w3-f3,0,True,306167.5826259411,306349.5931045434,0.2226,0.262452,4545737.692797156,11,0,121,10.0,0.0,0,evidence/confirmation-practical/final-394-1.005-open-e0.05-w3-f3-0
confirmation-practical,final-394,final-394-1.01,off,0,True,306989.64775344904,307873.7204334218,0.1741,0.192638,4545737.692797157,9,0,86,8.555555555555555,0.0,0,evidence/confirmation-practical/final-394-1.01-off-0
confirmation-practical,final-394,final-394-1.01,open-e0.05-w3-f3,0,True,306627.50556692114,307873.7204334218,0.2186,0.263828,4545737.692797157,10,0,127,11.7,0.0,0,evidence/confirmation-practical/final-394-1.01-open-e0.05-w3-f3-0
confirmation-practical,final-394,final-394-1.02,off,0,True,309661.1747012344,310921.97509117844,0.1303,0.159306,4545737.692797156,8,0,50,5.25,0.0,0,evidence/confirmation-practical/final-394-1.02-off-0
confirmation-practical,final-394,final-394-1.02,open-e0.05-w3-f3,0,True,309309.4239450792,310921.97509117844,0.1664,0.184619,4545737.692797157,9,0,82,8.11111111111111,0.0,0,evidence/confirmation-practical/final-394-1.02-open-e0.05-w3-f3-0
confirmation-practical,ladybug-539,ladybug-539-1.005,open-e0.05-w3-f3,1,True,164644.45900487612,164797.8493852759,0.0991,0.116809,5535080.118240733,9,1,67,6.333333333333333,0.05351601332089138,0,evidence/confirmation-practical/ladybug-539-1.005-open-e0.05-w3-f3-1
confirmation-practical,ladybug-539,ladybug-539-1.005,off,1,True,164531.7960338649,164797.8493852759,0.0908,0.108736,5535080.118240732,9,0,52,4.777777777777778,0.0,0,evidence/confirmation-practical/ladybug-539-1.005-off-1
confirmation-practical,ladybug-539,ladybug-539-1.01,open-e0.05-w3-f3,1,True,165258.1810514432,165617.73918321263,0.0823,0.099804,5535080.118240732,7,1,62,7.714285714285714,0.06303807462626748,0,evidence/confirmation-practical/ladybug-539-1.01-open-e0.05-w3-f3-1
confirmation-practical,ladybug-539,ladybug-539-1.01,off,1,True,165514.0826131167,165617.73918321263,0.0622,0.085371,5535080.118240732,6,0,42,6.0,0.0,0,evidence/confirmation-practical/ladybug-539-1.01-off-1
confirmation-practical,ladybug-539,ladybug-539-1.02,open-e0.05-w3-f3,1,True,167145.0580821301,167257.518779086,0.0518,0.06933,5535080.118240732,5,0,34,5.8,0.0,0,evidence/confirmation-practical/ladybug-539-1.02-open-e0.05-w3-f3-1
confirmation-practical,ladybug-539,ladybug-539-1.02,off,1,True,165514.08261311587,167257.518779086,0.0688,0.108942,5535080.118240732,6,0,42,6.0,0.0,0,evidence/confirmation-practical/ladybug-539-1.02-off-1
confirmation-practical,trafalgar-138,trafalgar-138-1.005,open-e0.05-w3-f3,1,True,102947.87771187481,103088.39569543337,0.2547,0.270474,20163569.015917197,13,0,484,36.46153846153846,0.0,0,evidence/confirmation-practical/trafalgar-138-1.005-open-e0.05-w3-f3-1
confirmation-practical,trafalgar-138,trafalgar-138-1.005,off,1,True,102905.09333080625,103088.39569543337,0.2967,0.312706,20163569.015917197,13,0,594,44.84615384615385,0.0,0,evidence/confirmation-practical/trafalgar-138-1.005-off-1
confirmation-practical,trafalgar-138,trafalgar-138-1.01,open-e0.05-w3-f3,1,True,103246.27221239728,103601.27328595793,0.1842,0.22852,20163569.015917197,11,0,354,31.363636363636363,0.0,0,evidence/confirmation-practical/trafalgar-138-1.01-open-e0.05-w3-f3-1
confirmation-practical,trafalgar-138,trafalgar-138-1.01,off,1,True,103407.6538683152,103601.27328595793,0.2347,0.250531,20163569.015917197,10,0,462,45.3,0.0,0,evidence/confirmation-practical/trafalgar-138-1.01-off-1
confirmation-practical,trafalgar-138,trafalgar-138-1.02,open-e0.05-w3-f3,1,True,104421.15236039343,104627.02846700703,0.1244,0.140815,20163569.015917197,9,0,224,24.0,0.0,0,evidence/confirmation-practical/trafalgar-138-1.02-open-e0.05-w3-f3-1
confirmation-practical,trafalgar-138,trafalgar-138-1.02,off,1,True,104518.33475504152,104627.02846700703,0.129,0.186035,20163569.015917197,8,0,232,28.125,0.0,0,evidence/confirmation-practical/trafalgar-138-1.02-off-1
confirmation-practical,final-394,final-394-1.005,open-e0.05-w3-f3,1,True,305934.1211311299,306349.5931045434,0.2288,0.281494,4545737.692797156,11,0,127,10.545454545454545,0.0,0,evidence/confirmation-practical/final-394-1.005-open-e0.05-w3-f3-1
confirmation-practical,final-394,final-394-1.005,off,1,True,305937.72982260043,306349.5931045434,0.2455,0.263876,4545737.692797157,11,0,135,11.272727272727273,0.0,0,evidence/confirmation-practical/final-394-1.005-off-1
confirmation-practical,final-394,final-394-1.01,open-e0.05-w3-f3,1,True,306733.4483542907,307873.7204334218,0.2194,0.237713,4545737.692797158,10,0,127,11.7,0.0,0,evidence/confirmation-practical/final-394-1.01-open-e0.05-w3-f3-1
confirmation-practical,final-394,final-394-1.01,off,1,True,306992.09568280337,307873.7204334218,0.1771,0.197239,4545737.692797157,9,0,86,8.555555555555555,0.0,0,evidence/confirmation-practical/final-394-1.01-off-1
confirmation-practical,final-394,final-394-1.02,open-e0.05-w3-f3,1,True,309302.68330093985,310921.97509117844,0.1651,0.183628,4545737.692797157,9,0,81,8.0,0.0,0,evidence/confirmation-practical/final-394-1.02-open-e0.05-w3-f3-1
confirmation-practical,final-394,final-394-1.02,off,1,True,309666.56286779087,310921.97509117844,0.1305,0.148958,4545737.692797157,8,0,50,5.25,0.0,0,evidence/confirmation-practical/final-394-1.02-off-1
confirmation-practical,ladybug-539,ladybug-539-1.005,off,2,True,164531.79435754314,164797.8493852759,0.0911,0.109323,5535080.118240731,9,0,52,4.777777777777778,0.0,0,evidence/confirmation-practical/ladybug-539-1.005-off-2
confirmation-practical,ladybug-539,ladybug-539-1.005,open-e0.05-w3-f3,2,True,164644.45900487635,164797.8493852759,0.0989,0.116785,5535080.118240732,9,1,67,6.333333333333333,0.05355784561373464,0,evidence/confirmation-practical/ladybug-539-1.005-open-e0.05-w3-f3-2
confirmation-practical,ladybug-539,ladybug-539-1.01,off,2,True,165514.0826131175,165617.73918321263,0.0623,0.079732,5535080.118240732,6,0,42,6.0,0.0,0,evidence/confirmation-practical/ladybug-539-1.01-off-2
confirmation-practical,ladybug-539,ladybug-539-1.01,open-e0.05-w3-f3,2,True,165258.18105144292,165617.73918321263,0.0824,0.100314,5535080.118240733,7,1,62,7.714285714285714,0.06236639950555257,0,evidence/confirmation-practical/ladybug-539-1.01-open-e0.05-w3-f3-2
confirmation-practical,ladybug-539,ladybug-539-1.02,off,2,True,165514.08261311927,167257.518779086,0.0687,0.09136,5535080.118240733,6,0,42,6.0,0.0,0,evidence/confirmation-practical/ladybug-539-1.02-off-2
confirmation-practical,ladybug-539,ladybug-539-1.02,open-e0.05-w3-f3,2,True,167145.05808213045,167257.518779086,0.0573,0.075264,5535080.118240733,5,0,34,5.8,0.0,0,evidence/confirmation-practical/ladybug-539-1.02-open-e0.05-w3-f3-2
confirmation-practical,trafalgar-138,trafalgar-138-1.005,off,2,True,102905.16059864745,103088.39569543337,0.309,0.325014,20163569.015917197,13,0,594,44.84615384615385,0.0,0,evidence/confirmation-practical/trafalgar-138-1.005-off-2
confirmation-practical,trafalgar-138,trafalgar-138-1.005,open-e0.05-w3-f3,2,True,102948.09296369889,103088.39569543337,0.2468,0.270977,20163569.015917197,13,0,484,36.46153846153846,0.0,0,evidence/confirmation-practical/trafalgar-138-1.005-open-e0.05-w3-f3-2
confirmation-practical,trafalgar-138,trafalgar-138-1.01,off,2,True,103407.03382612107,103601.27328595793,0.2316,0.247673,20163569.0159172,10,0,462,45.3,0.0,0,evidence/confirmation-practical/trafalgar-138-1.01-off-2
confirmation-practical,trafalgar-138,trafalgar-138-1.01,open-e0.05-w3-f3,2,True,103246.69092278207,103601.27328595793,0.1841,0.200311,20163569.015917197,11,0,354,31.363636363636363,0.0,0,evidence/confirmation-practical/trafalgar-138-1.01-open-e0.05-w3-f3-2
confirmation-practical,trafalgar-138,trafalgar-138-1.02,off,2,True,104518.27528623183,104627.02846700703,0.1276,0.143405,20163569.015917197,8,0,232,28.125,0.0,0,evidence/confirmation-practical/trafalgar-138-1.02-off-2
confirmation-practical,trafalgar-138,trafalgar-138-1.02,open-e0.05-w3-f3,2,True,104424.89337014155,104627.02846700703,0.1244,0.161114,20163569.015917197,9,0,224,24.0,0.0,0,evidence/confirmation-practical/trafalgar-138-1.02-open-e0.05-w3-f3-2
confirmation-practical,final-394,final-394-1.005,off,2,True,305941.8009017131,306349.5931045434,0.2449,0.263384,4545737.692797157,11,0,135,11.272727272727273,0.0,0,evidence/confirmation-practical/final-394-1.005-off-2
confirmation-practical,final-394,final-394-1.005,open-e0.05-w3-f3,2,True,305841.4359910091,306349.5931045434,0.2831,0.301461,4545737.692797157,12,0,174,13.5,0.0,0,evidence/confirmation-practical/final-394-1.005-open-e0.05-w3-f3-2
confirmation-practical,final-394,final-394-1.01,off,2,True,306990.82250056876,307873.7204334218,0.1746,0.193126,4545737.692797157,9,0,86,8.555555555555555,0.0,0,evidence/confirmation-practical/final-394-1.01-off-2
confirmation-practical,final-394,final-394-1.01,open-e0.05-w3-f3,2,True,306988.3158267022,307873.7204334218,0.2117,0.230334,4545737.692797156,10,0,119,10.9,0.0,0,evidence/confirmation-practical/final-394-1.01-open-e0.05-w3-f3-2
confirmation-practical,final-394,final-394-1.02,off,2,True,309661.6248804723,310921.97509117844,0.1303,0.148688,4545737.692797156,8,0,50,5.25,0.0,0,evidence/confirmation-practical/final-394-1.02-off-2
confirmation-practical,final-394,final-394-1.02,open-e0.05-w3-f3,2,True,309309.45389606536,310921.97509117844,0.1663,0.184815,4545737.692797156,9,0,82,8.11111111111111,0.0,0,evidence/confirmation-practical/final-394-1.02-open-e0.05-w3-f3-2
confirmation-tails,venice-52,venice-52,off,0,False,247590.83310630723,243740.27,,1.33469,11152062.772762472,128,7,349,1.671875,0.031692719657748246,0,evidence/confirmation-tails/venice-52-off-0
confirmation-tails,venice-52,venice-52,open-e0.05-w3-f3,0,True,243381.99390245025,243740.27,0.313,0.33087,11152062.77276247,21,1,159,6.523809523809524,0.030357040529513105,0,evidence/confirmation-tails/venice-52-open-e0.05-w3-f3-0
confirmation-tails,final-3068,final-3068,off,0,True,1738314.3666726532,1744796.9841897595,3.0194,3.042728,90993342.02434023,46,5,328,6.021739130434782,0.0735183703571269,0,evidence/confirmation-tails/final-3068-off-0
confirmation-tails,final-3068,final-3068,open-e0.05-w3-f3,0,False,1894261.53328067,1744796.9841897595,,4.22298,90993342.02434024,65,21,223,2.1076923076923078,0.16918754102553174,0,evidence/confirmation-tails/final-3068-open-e0.05-w3-f3-0
confirmation-tails,venice-52,venice-52,open-e0.05-w3-f3,1,True,243381.98820164014,243740.27,0.3123,0.331687,11152062.772762474,21,1,159,6.523809523809524,0.030104960399412697,0,evidence/confirmation-tails/venice-52-open-e0.05-w3-f3-1
confirmation-tails,venice-52,venice-52,off,1,False,244957.56697373657,243740.27,,1.998549,11152062.772762468,170,11,497,1.8588235294117648,0.0369588551494109,0,evidence/confirmation-tails/venice-52-off-1
confirmation-tails,final-3068,final-3068,open-e0.05-w3-f3,1,False,1893691.8909873357,1744796.9841897595,,2.581757,90993342.02434024,39,15,158,2.6666666666666665,0.21698457523306802,0,evidence/confirmation-tails/final-3068-open-e0.05-w3-f3-1
confirmation-tails,final-3068,final-3068,off,1,True,1744331.4438827895,1744796.9841897595,4.299,4.322979,90993342.02434023,70,6,334,3.6857142857142855,0.0707077246963263,0,evidence/confirmation-tails/final-3068-off-1
confirmation-tails,venice-52,venice-52,off,2,False,246340.5237314285,243740.27,,1.040042,11152062.772762474,96,1,319,2.3125,0.014816195884396978,0,evidence/confirmation-tails/venice-52-off-2
confirmation-tails,venice-52,venice-52,open-e0.05-w3-f3,2,True,243382.00559237847,243740.27,0.3129,0.356161,11152062.772762472,21,1,159,6.523809523809524,0.028161713382430977,0,evidence/confirmation-tails/venice-52-open-e0.05-w3-f3-2
confirmation-tails,final-3068,final-3068,off,2,True,1743412.8323781493,1744796.9841897595,3.8896,3.912858,90993342.02434024,56,6,372,5.535714285714286,0.07104699378306087,0,evidence/confirmation-tails/final-3068-off-2
confirmation-tails,final-3068,final-3068,open-e0.05-w3-f3,2,True,1741396.2288082936,1744796.9841897595,3.8538,3.877215,90993342.02434024,76,6,325,3.1973684210526314,0.0624887564914507,0,evidence/confirmation-tails/final-3068-open-e0.05-w3-f3-2
confirmation-tails,venice-52,venice-52,open-e0.05-w3-f3,3,True,243382.0082835616,243740.27,0.3125,0.334442,11152062.77276247,21,1,159,6.523809523809524,0.02991948678694661,0,evidence/confirmation-tails/venice-52-open-e0.05-w3-f3-3
confirmation-tails,venice-52,venice-52,off,3,False,246344.5140278193,243740.27,,1.645425,11152062.772762472,107,9,789,6.289719626168225,0.043755291186167715,0,evidence/confirmation-tails/venice-52-off-3
confirmation-tails,final-3068,final-3068,open-e0.05-w3-f3,3,False,1883876.4016991213,1744796.9841897595,,3.742421,90993342.02434023,60,15,201,2.1,0.146739899118779,0,evidence/confirmation-tails/final-3068-open-e0.05-w3-f3-3
confirmation-tails,final-3068,final-3068,off,3,False,1899654.177240901,1744796.9841897595,,5.145024,90993342.02434024,91,12,243,1.5384615384615385,0.08776971710919132,0,evidence/confirmation-tails/final-3068-off-3
confirmation-tails,venice-52,venice-52,off,4,False,246329.5304699206,243740.27,,1.659498,11152062.772762472,114,7,699,5.0701754385964914,0.02874873003763789,0,evidence/confirmation-tails/venice-52-off-4
confirmation-tails,venice-52,venice-52,open-e0.05-w3-f3,4,True,243382.0019733436,243740.27,0.3172,0.425497,11152062.77276247,21,1,159,6.523809523809524,0.02456627191261043,0,evidence/confirmation-tails/venice-52-open-e0.05-w3-f3-4
confirmation-tails,final-3068,final-3068,off,4,True,1739668.9137948572,1744796.9841897595,2.6392,2.66396,90993342.02434023,30,6,432,13.2,0.15252970427483895,0,evidence/confirmation-tails/final-3068-off-4
confirmation-tails,final-3068,final-3068,open-e0.05-w3-f3,4,False,1898504.6709316387,1744796.9841897595,,4.023849,90993342.02434023,63,24,220,2.126984126984127,0.16798004497683688,0,evidence/confirmation-tails/final-3068-open-e0.05-w3-f3-4
