arm,attempt_index,center,clipped,depth,eta,mode,o,qualified,raw,rep,scene,selected,stage,tau,valid,worst_res
menu_feedback,0,0.10000000000000001,0.78717257903343552,1,0.5,3,0,1,0.79504430482376975,0,dubrovnik-88,0,collapse-diagnostic,0.10000000000000001,1,0.32139868052715581
menu_feedback,1,0.00025000000000000001,0.19311701655961871,8,0.14219326589201461,3,1,1,0.19311701655961871,0,dubrovnik-88,3,collapse-diagnostic,0.00025000000000000001,1,0.12908466254647788
menu_feedback,2,0.00025000000000000001,0.87182435101269917,85,0.031222763664569698,3,2,1,0.87182435101269917,0,dubrovnik-88,0,collapse-diagnostic,0.00025000000000000001,1,0.030683392762385121
menu_feedback,3,6.2500000000000005e-07,0.18501411530531733,128,0.033875746728971208,3,3,0,0.18501411530531733,0,dubrovnik-88,-1,collapse-diagnostic,6.2500000000000005e-07,1,0.10469131119223075
menu_feedback,4,1.0000000000000001e-05,0.00091590995858161352,2,0.5,3,3,1,0.00091590995858161352,0,dubrovnik-88,0,collapse-diagnostic,1.0000000000000001e-05,1,0.37896676212706548
menu_feedback,5,1.0000000000000002e-08,0.00056439534449195306,128,0.2493336125532645,3,4,0,0.0037424395754477508,0,dubrovnik-88,0,collapse-diagnostic,1.0000000000000002e-08,1,0.28175550204605887
menu_feedback,6,1.0000000000000002e-10,4.1523975658235148e-07,11,0.5,3,5,1,4.1523975658235148e-07,0,dubrovnik-88,0,collapse-diagnostic,1.0000000000000002e-10,1,0.49650678924148473
menu_feedback,0,0.10000000000000001,0.78717257903343552,1,0.5,3,0,1,0.79504430482376987,1,dubrovnik-88,0,collapse-diagnostic,0.10000000000000001,1,0.3213986805271557
menu_feedback,1,0.00025000000000000001,0.19311701655961722,8,0.14219326589201442,3,1,1,0.19311701655961722,1,dubrovnik-88,3,collapse-diagnostic,0.00025000000000000001,1,0.12908466254647799
menu_feedback,2,0.00025000000000000001,0.89706407509752295,101,0.031222763664570847,3,2,1,0.89706407509752295,1,dubrovnik-88,1,collapse-diagnostic,0.00025000000000000001,1,0.029685081542717293
menu_feedback,3,6.2500000000000003e-06,0.68512542727231363,128,0.029367719401885418,3,3,0,0.68512542727231363,1,dubrovnik-88,4,collapse-diagnostic,6.2500000000000003e-06,1,0.12285433135651541
menu_feedback,4,6.2500000000000001e-05,0.96729039549684226,128,0.030296785940094415,3,4,0,0.96729039549684226,1,dubrovnik-88,2,collapse-diagnostic,6.2500000000000001e-05,1,1.0154042371295908
menu_feedback,0,0.10000000000000001,0.7871725790334354,1,0.5,3,0,1,0.79504430482376975,2,dubrovnik-88,1,collapse-diagnostic,0.10000000000000001,1,0.32139868052715576
menu_feedback,1,0.0025000000000000005,0.67204902520001186,8,0.14595271532925466,3,1,1,0.67204902520001186,2,dubrovnik-88,2,collapse-diagnostic,0.0025000000000000005,1,0.12843921680249476
menu_feedback,2,0.00025000000000000006,0.86200355981015664,75,0.035485305762280123,3,2,1,0.86200355981015664,2,dubrovnik-88,1,collapse-diagnostic,0.00025000000000000006,1,0.035277833083978916
menu_feedback,3,6.250000000000002e-06,0.65563963355669563,122,0.071871577517193169,3,3,1,0.65563963355669563,2,dubrovnik-88,4,collapse-diagnostic,6.250000000000002e-06,1,0.070732200715258597
menu_feedback,4,6.2500000000000028e-05,0.96424033808183285,128,0.013179360907325782,3,4,0,0.96424033808183285,2,dubrovnik-88,2,collapse-diagnostic,6.2500000000000028e-05,1,1.0328047188466798
menu_feedback,0,0.10000000000000001,0.92064167453796286,2,0.5,3,0,1,0.93047469416437556,0,ladybug-49,2,collapse-diagnostic,0.10000000000000001,1,0.4210260222345511
menu_feedback,1,0.025000000000000001,0.97735352090308381,15,0.12184083181747196,3,1,1,0.97735352090308381,0,ladybug-49,0,collapse-diagnostic,0.025000000000000001,1,0.11821982384164011
menu_feedback,2,6.2500000000000001e-05,0.17702308682745024,11,0.30964659982268566,3,2,1,0.17702308682745024,0,ladybug-49,4,collapse-diagnostic,6.2500000000000001e-05,1,0.26434488436749276
menu_feedback,3,0.00062500000000000012,0.85838742579365357,15,0.34523713546411272,3,3,1,0.85838742579365357,0,ladybug-49,0,collapse-diagnostic,0.00062500000000000012,1,0.33241916727185933
menu_feedback,4,6.2500000000000016e-07,0.00042834261462734686,4,0.5,3,4,1,0.00042834261462734686,0,ladybug-49,0,collapse-diagnostic,6.2500000000000016e-07,1,0.49048269296655278
menu_feedback,5,6.2500000000000022e-10,4.0724207215213533e-05,42,0.43252930219896019,3,5,1,4.0724207215213533e-05,0,ladybug-49,-1,collapse-diagnostic,6.2500000000000022e-10,1,0.39625917231376567
menu_feedback,6,6.250000000000003e-11,4.2844155531981176e-06,38,0.5,3,6,1,4.2844155531981176e-06,0,ladybug-49,-1,collapse-diagnostic,6.250000000000003e-11,1,0.49318905347963166
menu_feedback,7,6.2500000000000035e-12,5.9936211581008255e-07,42,0.5,3,7,1,5.9936211581008255e-07,0,ladybug-49,-1,collapse-diagnostic,6.2500000000000035e-12,1,0.47812249792082617
menu_feedback,8,6.2500000000000037e-13,6.9314045439557543e-08,42,0.5,3,8,1,6.9314045439557543e-08,0,ladybug-49,-1,collapse-diagnostic,6.2500000000000037e-13,1,0.47797042226888575
menu_feedback,9,1.0000000000000006e-11,5.2567869411109738e-07,81,0.5,3,9,1,3.3737424545051629e-06,0,ladybug-49,-1,collapse-diagnostic,1.0000000000000006e-11,1,0.47958186836204941
menu_feedback,10,1.0000000000000006e-12,3.2201178671769372e-08,47,0.5,3,10,1,1.3017452985525025e-07,0,ladybug-49,-1,collapse-diagnostic,1.0000000000000006e-12,1,0.48570736779244422
menu_feedback,11,1.6000000000000009e-11,2.1661127586131673e-07,46,0.5,3,11,1,2.060649599830464e-06,0,ladybug-49,4,collapse-diagnostic,1.6000000000000009e-11,1,0.47555057513426119
menu_feedback,12,2.5600000000000014e-08,2.0710540475277363e-05,12,0.5,3,12,1,0.00015532887903999904,0,ladybug-49,4,collapse-diagnostic,2.5600000000000014e-08,1,0.47267177770238222
menu_feedback,0,0.10000000000000001,0.92064167453796275,2,0.5,3,0,1,0.93047469416437556,1,ladybug-49,2,collapse-diagnostic,0.10000000000000001,1,0.42102602223455182
menu_feedback,1,0.025000000000000001,0.97735352090308358,15,0.12184083181747196,3,1,1,0.97735352090308358,1,ladybug-49,0,collapse-diagnostic,0.025000000000000001,1,0.11821982384163814
menu_feedback,2,6.2500000000000001e-05,0.17702308682744941,11,0.30964659982267934,3,2,1,0.17702308682744941,1,ladybug-49,4,collapse-diagnostic,6.2500000000000001e-05,1,0.26434488436748815
menu_feedback,3,0.00062500000000000012,0.85838742579365201,15,0.34523713546414225,3,3,1,0.85838742579365201,1,ladybug-49,0,collapse-diagnostic,0.00062500000000000012,1,0.33241916727183929
menu_feedback,4,6.2500000000000016e-07,0.0004283426127714175,4,0.5,3,4,1,0.0004283426127714175,1,ladybug-49,0,collapse-diagnostic,6.2500000000000016e-07,1,0.4904826929665399
menu_feedback,5,6.2500000000000022e-10,4.0724200518727285e-05,42,0.43252930219902486,3,5,1,4.0724200518727285e-05,1,ladybug-49,-1,collapse-diagnostic,6.2500000000000022e-10,1,0.3962591723149253
menu_feedback,6,6.250000000000003e-11,4.2844645626684541e-06,38,0.5,3,6,1,4.2844645626684541e-06,1,ladybug-49,-1,collapse-diagnostic,6.250000000000003e-11,1,0.49318905388805306
menu_feedback,7,6.2500000000000035e-12,5.9901683736584792e-07,42,0.5,3,7,1,5.9901683736584792e-07,1,ladybug-49,-1,collapse-diagnostic,6.2500000000000035e-12,1,0.4781213771677934
menu_feedback,8,6.2500000000000037e-13,7.8182256282837503e-08,42,0.5,3,8,1,7.8182256282837503e-08,1,ladybug-49,-1,collapse-diagnostic,6.2500000000000037e-13,1,0.47789566376374615
menu_feedback,9,1.0000000000000006e-11,5.2543207026730386e-07,81,0.5,3,9,1,3.3714856061157254e-06,1,ladybug-49,-1,collapse-diagnostic,1.0000000000000006e-11,1,0.47920119967531688
menu_feedback,10,1.0000000000000006e-12,4.8301768007653972e-08,47,0.5,3,10,1,1.3337379811770354e-07,1,ladybug-49,-1,collapse-diagnostic,1.0000000000000006e-12,1,0.48709564028666147
menu_feedback,11,1.6000000000000009e-11,2.1720882534379235e-07,46,0.5,3,11,1,2.0602628265617248e-06,1,ladybug-49,4,collapse-diagnostic,1.6000000000000009e-11,1,0.47553363653134373
menu_feedback,12,2.5600000000000014e-08,2.0661560779989062e-05,12,0.5,3,12,1,0.00015523784316843654,1,ladybug-49,4,collapse-diagnostic,2.5600000000000014e-08,1,0.47239354530063665
menu_feedback,0,0.10000000000000001,0.92064167453796286,2,0.5,3,0,1,0.93047469416437556,2,ladybug-49,2,collapse-diagnostic,0.10000000000000001,1,0.4210260222345511
menu_feedback,1,0.025000000000000001,0.97735352090308369,15,0.12184083181747314,3,1,1,0.97735352090308369,2,ladybug-49,0,collapse-diagnostic,0.025000000000000001,1,0.11821982384163808
menu_feedback,2,6.2500000000000001e-05,0.17702308682745105,11,0.30964659982268189,3,2,1,0.17702308682745105,2,ladybug-49,4,collapse-diagnostic,6.2500000000000001e-05,1,0.26434488436748077
menu_feedback,3,0.00062500000000000012,0.85838742579364802,15,0.34523713546410767,3,3,1,0.85838742579364802,2,ladybug-49,0,collapse-diagnostic,0.00062500000000000012,1,0.33241916727185444
menu_feedback,4,6.2500000000000016e-07,0.0004283426099874784,4,0.5,3,4,1,0.0004283426099874784,2,ladybug-49,0,collapse-diagnostic,6.2500000000000016e-07,1,0.4904826929666054
menu_feedback,5,6.2500000000000022e-10,4.0724234000756284e-05,42,0.43252930219913149,3,5,1,4.0724234000756284e-05,2,ladybug-49,-1,collapse-diagnostic,6.2500000000000022e-10,1,0.39625917231703056
menu_feedback,6,6.250000000000003e-11,4.284562585239976e-06,38,0.5,3,6,1,4.284562585239976e-06,2,ladybug-49,-1,collapse-diagnostic,6.250000000000003e-11,1,0.49318905146070974
menu_feedback,7,6.2500000000000035e-12,5.9866773444573429e-07,42,0.5,3,7,1,5.9866773444573429e-07,2,ladybug-49,-1,collapse-diagnostic,6.2500000000000035e-12,1,0.47812407512889632
menu_feedback,8,6.2500000000000037e-13,7.5334318570938872e-08,42,0.5,3,8,1,7.5334318570938872e-08,2,ladybug-49,-1,collapse-diagnostic,6.2500000000000037e-13,1,0.47794406295285352
menu_feedback,9,1.0000000000000006e-11,5.2567869411109727e-07,81,0.5,3,9,1,3.3703689401015151e-06,2,ladybug-49,-1,collapse-diagnostic,1.0000000000000006e-11,1,0.47909487169611542
menu_feedback,10,1.0000000000000006e-12,4.5539343602015487e-08,47,0.5,3,10,1,1.2926034667838452e-07,2,ladybug-49,-1,collapse-diagnostic,1.0000000000000006e-12,1,0.48609049585920877
menu_feedback,11,1.6000000000000009e-11,2.1601207339707805e-07,46,0.5,3,11,1,2.0606835246164049e-06,2,ladybug-49,-1,collapse-diagnostic,1.6000000000000009e-11,1,0.47555268466243439
menu_feedback,12,1.6000000000000011e-12,4.2598155344329463e-08,46,0.5,3,12,1,2.1857193611610009e-07,2,ladybug-49,-1,collapse-diagnostic,1.6000000000000011e-12,1,0.47219321755510152
menu_feedback,13,2.5600000000000017e-11,3.2201178671769365e-08,13,0.5,3,13,1,1.9560238393257715e-07,2,ladybug-49,4,collapse-diagnostic,2.5600000000000017e-11,1,0.48021592660406998
menu_feedback,0,0.10000000000000001,0.73680129838499009,1,0.5,3,0,1,0.74416931136883979,0,venice-52,0,collapse-diagnostic,0.10000000000000001,1,0.28213836064841413
menu_feedback,1,0.00025000000000000001,0.10407593323739665,10,0.1369731498800412,3,1,1,0.23150065167829548,0,venice-52,4,collapse-diagnostic,0.00025000000000000001,1,0.12462315897541505
menu_feedback,2,0.0062500000000000003,0.99287527309337198,128,0.039625070482900294,3,2,0,0.99888288022117777,0,venice-52,2,collapse-diagnostic,0.0062500000000000003,1,0.14235814638995911
menu_feedback,3,0.00062500000000000012,0.95188923194739339,128,0.065025484345429971,3,3,0,0.99451898621477897,0,venice-52,2,collapse-diagnostic,0.00062500000000000012,1,0.8697000283831996
menu_feedback,4,0.00015625000000000003,0.91938960190257801,128,0.5,3,4,0,0.98109816413815254,0,venice-52,3,collapse-diagnostic,0.00015625000000000003,1,0.86466198130428118
menu_feedback,5,0.00015625000000000003,0.93687165886247625,128,0.5,3,5,0,0.98394919364545508,0,venice-52,2,collapse-diagnostic,0.00015625000000000003,1,1.1743900241840004
menu_feedback,6,3.9062500000000008e-05,0.91014952534990046,128,0.5,3,6,0,0.942167578895864,0,venice-52,2,collapse-diagnostic,3.9062500000000008e-05,1,0.69119720059276279
menu_feedback,7,9.7656250000000019e-06,0.00043364694189499314,1,0.5,3,7,1,0.00043364694189499314,0,venice-52,-1,collapse-diagnostic,9.7656250000000019e-06,1,0.46871766633880863
menu_feedback,8,9.7656250000000023e-07,0.00036990647985317567,4,0.39470616830503319,3,8,1,0.00036990647985317567,0,venice-52,-1,collapse-diagnostic,9.7656250000000023e-07,1,0.38401014578401388
menu_feedback,9,9.7656250000000031e-08,1.3064140309927262e-05,2,0.5,3,9,1,1.3064140309927262e-05,0,venice-52,-1,collapse-diagnostic,9.7656250000000031e-08,1,0.48412221281253731
menu_feedback,10,9.7656250000000041e-09,0.0049070258994163085,128,0.42728059486249503,3,10,1,0.0049070258994163085,0,venice-52,-1,collapse-diagnostic,9.7656250000000041e-09,1,0.41623040235792402
menu_feedback,11,9.7656250000000037e-10,9.4525955963339125e-08,2,0.5,3,11,1,9.4525955963339125e-08,0,venice-52,-1,collapse-diagnostic,9.7656250000000037e-10,1,0.24457905593486948
menu_feedback,12,9.7656250000000047e-11,5.4448830256969313e-05,128,0.10781095734834896,3,12,0,5.4448830256969313e-05,0,venice-52,-1,collapse-diagnostic,9.7656250000000047e-11,1,0.28124704035524334
menu_feedback,13,9.7656250000000051e-12,5.6829094463011015e-08,4,0.5,3,13,1,5.6829094463011015e-08,0,venice-52,-1,collapse-diagnostic,9.7656250000000051e-12,1,0.41709624265349754
menu_feedback,14,9.7656250000000046e-13,5.5939720818064759e-07,128,0.5,3,14,0,5.5939720818064759e-07,0,venice-52,-1,collapse-diagnostic,9.7656250000000046e-13,1,0.52419345809069651
menu_feedback,15,9.7656250000000054e-14,2.7517388240582505e-08,1,0.5,3,15,1,2.7517388240582505e-08,0,venice-52,4,collapse-diagnostic,9.7656250000000054e-14,1,0.49395514414699238
menu_feedback,16,1.5625000000000009e-12,3.9064334453829102e-08,1,0.5,3,15,1,3.9064334453829102e-08,0,venice-52,4,collapse-diagnostic,1.5625000000000009e-12,1,0.49099341871197155
menu_feedback,17,2.5000000000000014e-11,3.4044167104435775e-08,1,0.5,3,15,1,3.4044167104435775e-08,0,venice-52,0,collapse-diagnostic,2.5000000000000014e-11,1,0.48144760454183722
menu_feedback,18,4.0000000000000022e-10,1.9547018581745417e-08,1,0.5,3,15,1,1.9547018581745417e-08,0,venice-52,2,collapse-diagnostic,4.0000000000000022e-10,1,0.48043525805087134
menu_feedback,19,6.4000000000000035e-09,0.00057221858321410688,128,0.44832739443310526,3,16,0,0.0057483407175712032,0,venice-52,4,collapse-diagnostic,6.4000000000000035e-09,1,0.88797324862430083
menu_feedback,20,6.4000000000000033e-07,0.056676345841382723,128,0.5,3,17,0,0.34038425562030455,0,venice-52,4,collapse-diagnostic,6.4000000000000033e-07,1,0.80742544563161878
menu_feedback,21,1.6000000000000009e-05,0.58061862545188847,128,0.5,3,18,0,0.92836843539739833,0,venice-52,4,collapse-diagnostic,1.6000000000000009e-05,1,0.82877485817750662
menu_feedback,22,0.00040000000000000024,0.97936956223730176,128,0.20887925966258655,3,19,0,0.99771150056314695,0,venice-52,2,collapse-diagnostic,0.00040000000000000024,1,3.6893186898320645
menu_feedback,23,0.00010000000000000006,0.96536511848798856,128,0.5,3,20,0,0.99447592170645482,0,venice-52,2,collapse-diagnostic,0.00010000000000000006,1,6.46816742442034
menu_feedback,24,2.5000000000000015e-05,0.0009253188512187737,1,0.5,3,21,1,0.0009253188512187737,0,venice-52,0,collapse-diagnostic,2.5000000000000015e-05,1,0.32367946822552029
menu_feedback,25,2.5000000000000015e-08,0.0018123399571055986,128,0.19168320752430587,3,22,0,0.065646223902811315,0,venice-52,4,collapse-diagnostic,2.5000000000000015e-08,1,7.0248370334654666
menu_feedback,26,6.2500000000000037e-07,2.1943344014149866e-05,1,0.5,3,23,1,2.1943344014149866e-05,0,venice-52,4,collapse-diagnostic,6.2500000000000037e-07,1,0.21973924092937072
menu_feedback,27,6.2500000000000045e-06,0.90848155828267552,128,0.086935664583029995,3,24,0,0.96924187724678479,0,venice-52,3,collapse-diagnostic,6.2500000000000045e-06,1,2.2944449833927472
menu_feedback,28,6.2500000000000045e-06,0.00020979849360214196,1,0.5,3,25,1,0.00020979849360214196,0,venice-52,4,collapse-diagnostic,6.2500000000000045e-06,1,0.18594780409419079
menu_feedback,29,6.2500000000000042e-05,0.99197268743428701,128,0.062253270554715731,3,26,0,0.99700988665814028,0,venice-52,2,collapse-diagnostic,6.2500000000000042e-05,1,1.8815153798742004
menu_feedback,30,6.2500000000000045e-06,0.00020499898998959236,1,0.5,3,27,1,0.00020499898998959236,0,venice-52,4,collapse-diagnostic,6.2500000000000045e-06,1,0.1944300134996072
menu_feedback,31,6.2500000000000042e-05,0.9927501256146779,128,0.068027782847738666,3,28,0,0.99623880332238046,0,venice-52,2,collapse-diagnostic,6.2500000000000042e-05,1,1.9943528978966787
menu_feedback,32,6.2500000000000045e-06,0.00020408955691532705,1,0.5,3,29,1,0.00020408955691532705,0,venice-52,4,collapse-diagnostic,6.2500000000000045e-06,1,0.19754047399503175
menu_feedback,33,6.2500000000000042e-05,0.99320249047592035,128,0.070191894454612047,3,30,0,0.99469827633724384,0,venice-52,2,collapse-diagnostic,6.2500000000000042e-05,1,2.3813488194208521
menu_feedback,34,6.2500000000000045e-06,0.00020461954656655763,1,0.5,3,31,1,0.00020461954656655763,0,venice-52,4,collapse-diagnostic,6.2500000000000045e-06,1,0.21740164964753153
menu_feedback,35,6.2500000000000042e-05,0.9936317215743059,128,0.085042708300068159,3,32,0,0.993908336879612,0,venice-52,2,collapse-diagnostic,6.2500000000000042e-05,1,3.5775366796806103
menu_feedback,36,6.2500000000000045e-06,0.00020538496793308305,1,0.5,3,33,1,0.00020538496793308305,0,venice-52,4,collapse-diagnostic,6.2500000000000045e-06,1,0.25741816258203049
menu_feedback,37,6.2500000000000042e-05,0.9933458160649079,128,0.11911435411894995,3,34,0,0.9933458160649079,0,venice-52,2,collapse-diagnostic,6.2500000000000042e-05,1,2.5421222428914381
menu_feedback,38,6.2500000000000045e-06,0.00020945325714849129,1,0.5,3,35,1,0.00020945325714849129,0,venice-52,4,collapse-diagnostic,6.2500000000000045e-06,1,0.27359805809658433
menu_feedback,39,6.2500000000000042e-05,0.99319567427083177,128,0.13464595981136895,3,36,0,0.99319567427083177,0,venice-52,2,collapse-diagnostic,6.2500000000000042e-05,1,2.7680497873783998
menu_feedback,40,6.2500000000000045e-06,0.0002014434347883686,1,0.5,3,37,1,0.0002014434347883686,0,venice-52,4,collapse-diagnostic,6.2500000000000045e-06,1,0.22290923967393486
menu_feedback,41,6.2500000000000042e-05,0.99261559998149684,128,0.089359705888746935,3,38,0,0.99261559998149684,0,venice-52,1,collapse-diagnostic,6.2500000000000042e-05,1,2.0849810074854318
menu_feedback,42,6.2500000000000047e-07,2.0087272305449408e-05,1,0.5,3,39,1,2.0087272305449408e-05,0,venice-52,4,collapse-diagnostic,6.2500000000000047e-07,1,0.21436882072293939
menu_feedback,43,6.2500000000000045e-06,0.71354260798057045,128,0.082742004398911481,3,40,0,0.71354260798057045,0,venice-52,2,collapse-diagnostic,6.2500000000000045e-06,1,0.43472440574991655
menu_feedback,44,6.2500000000000047e-07,2.089983005326989e-05,1,0.5,3,41,1,2.089983005326989e-05,0,venice-52,4,collapse-diagnostic,6.2500000000000047e-07,1,0.39498311698263611
menu_feedback,45,6.2500000000000045e-06,0.92352779678230679,128,0.2809340692081983,3,42,0,0.92352779678230679,0,venice-52,2,collapse-diagnostic,6.2500000000000045e-06,1,2.58192402428076
menu_feedback,46,6.2500000000000047e-07,2.0188083328977464e-05,1,0.5,3,43,1,2.0188083328977464e-05,0,venice-52,4,collapse-diagnostic,6.2500000000000047e-07,1,0.22194379415213311
menu_feedback,47,6.2500000000000045e-06,0.71763274136770738,128,0.088660905886897803,3,44,0,0.71763274136770738,0,venice-52,2,collapse-diagnostic,6.2500000000000045e-06,1,0.44209474382356306
menu_feedback,48,6.2500000000000047e-07,2.5676665663752499e-05,1,0.5,3,45,1,2.5676665663752499e-05,0,venice-52,4,collapse-diagnostic,6.2500000000000047e-07,1,0.48723348007701694
menu_feedback,49,6.2500000000000045e-06,0.91994139922150564,128,0.42724502238086687,3,46,0,0.91994139922150564,0,venice-52,2,collapse-diagnostic,6.2500000000000045e-06,1,3.5947842621265811
menu_feedback,50,6.2500000000000047e-07,2.0549667977683023e-05,1,0.5,3,47,1,2.0549667977683023e-05,0,venice-52,4,collapse-diagnostic,6.2500000000000047e-07,1,0.2577137211940051
menu_feedback,51,6.2500000000000045e-06,0.72450513102586656,128,0.1195188579216937,3,48,0,0.72450513102586656,0,venice-52,2,collapse-diagnostic,6.2500000000000045e-06,1,0.51163912317202642
menu_feedback,52,6.2500000000000047e-07,2.2572011425390206e-05,1,0.5,3,49,1,2.2572011425390206e-05,0,venice-52,4,collapse-diagnostic,6.2500000000000047e-07,1,0.45589715643384476
menu_feedback,53,6.2500000000000045e-06,0.91391294874016649,128,0.37367262988361866,3,50,0,0.91391294874016649,0,venice-52,2,collapse-diagnostic,6.2500000000000045e-06,1,3.0089053936796764
menu_feedback,54,6.2500000000000047e-07,2.0320412588425588e-05,1,0.5,3,51,1,2.0320412588425588e-05,0,venice-52,4,collapse-diagnostic,6.2500000000000047e-07,1,0.26401487860618778
menu_feedback,55,6.2500000000000045e-06,0.73298152339709777,128,0.12542255737371702,3,52,0,0.73298152339709777,0,venice-52,2,collapse-diagnostic,6.2500000000000045e-06,1,0.62608834905146038
menu_feedback,56,6.2500000000000047e-07,0.49655938274749478,128,0.5,3,53,0,0.49655938274749478,0,venice-52,3,collapse-diagnostic,6.2500000000000047e-07,1,1.1900558325876334
menu_feedback,57,6.2500000000000047e-07,2.0658796374696071e-05,1,0.5,3,54,1,2.0658796374696071e-05,0,venice-52,4,collapse-diagnostic,6.2500000000000047e-07,1,0.29581855873765328
menu_feedback,58,6.2500000000000045e-06,0.74500191857491649,128,0.15744973748294114,3,55,0,0.74500191857491649,0,venice-52,2,collapse-diagnostic,6.2500000000000045e-06,1,0.91586384391555198
menu_feedback,59,6.2500000000000047e-07,0.0018741048724225007,9,0.5,3,56,1,0.0018741048724225007,0,venice-52,4,collapse-diagnostic,6.2500000000000047e-07,1,0.43699700626453919
menu_feedback,60,6.2500000000000045e-06,0.96936829060156471,128,0.34190255697341021,3,57,0,0.96936829060156471,0,venice-52,3,collapse-diagnostic,6.2500000000000045e-06,1,12.829797193888631
menu_feedback,61,6.2500000000000045e-06,0.00021911877560516554,1,0.5,3,58,1,0.00021911877560516554,0,venice-52,3,collapse-diagnostic,6.2500000000000045e-06,1,0.36571630732656074
menu_feedback,62,6.2500000000000045e-06,0.97538498189558331,128,0.24078332206690967,3,59,0,0.97942643424604681,0,venice-52,3,collapse-diagnostic,6.2500000000000045e-06,1,3.1315949992633052
menu_feedback,63,6.2500000000000045e-06,0.0001939604083761465,1,0.5,3,60,1,0.0001939604083761465,0,venice-52,4,collapse-diagnostic,6.2500000000000045e-06,1,0.20082024603976162
menu_feedback,64,6.2500000000000042e-05,0.99592782176423855,128,0.072541692575884914,3,61,0,0.99592782176423855,0,venice-52,1,collapse-diagnostic,6.2500000000000042e-05,1,7.1993369995226031
menu_feedback,65,6.2500000000000047e-07,1.9776674840766518e-05,1,0.5,3,62,1,1.9776674840766518e-05,0,venice-52,4,collapse-diagnostic,6.2500000000000047e-07,1,0.23751881115085047
menu_feedback,66,6.2500000000000045e-06,0.6817861242562796,128,0.10158026777384806,3,63,0,0.6817861242562796,0,venice-52,1,collapse-diagnostic,6.2500000000000045e-06,1,0.31194594778444451
menu_feedback,67,6.250000000000005e-08,0.1345500981331238,128,0.20050452942149696,3,64,0,0.1345500981331238,0,venice-52,4,collapse-diagnostic,6.250000000000005e-08,1,2.1110553803684349
menu_feedback,68,6.2500000000000058e-07,2.0560541004523511e-05,1,0.5,3,65,1,2.0560541004523511e-05,0,venice-52,4,collapse-diagnostic,6.2500000000000058e-07,1,0.30573678919249941
menu_feedback,69,6.2500000000000062e-06,0.71638489951101414,128,0.16829601191891835,3,66,0,0.71638489951101414,0,venice-52,1,collapse-diagnostic,6.2500000000000062e-06,1,0.56786039294231272
menu_feedback,70,6.2500000000000077e-08,2.1150666639623931e-06,1,0.5,3,67,1,2.1150666639623931e-06,0,venice-52,4,collapse-diagnostic,6.2500000000000077e-08,1,0.44923393887028323
menu_feedback,71,6.2500000000000079e-07,0.54470209367542133,128,0.36326176076926364,3,68,0,0.54470209367542133,0,venice-52,3,collapse-diagnostic,6.2500000000000079e-07,1,3.994175468843324
menu_feedback,72,6.2500000000000079e-07,2.1046406555534702e-05,1,0.5,3,69,1,2.1046406555534702e-05,0,venice-52,4,collapse-diagnostic,6.2500000000000079e-07,1,0.34614180273116002
menu_feedback,73,6.2500000000000088e-06,0.74302307467135498,128,0.21569367251475291,3,70,0,0.74302307467135498,0,venice-52,1,collapse-diagnostic,6.2500000000000088e-06,1,0.50999382169907126
menu_feedback,74,6.250000000000009e-08,0.08684886027566821,128,0.5,3,71,0,0.08684886027566821,0,venice-52,4,collapse-diagnostic,6.250000000000009e-08,1,1.8506855029572804
menu_feedback,75,6.250000000000009e-07,2.2890564071280298e-05,1,0.5,3,72,1,2.2890564071280298e-05,0,venice-52,4,collapse-diagnostic,6.250000000000009e-07,1,0.44669240142650679
menu_feedback,76,6.2500000000000096e-06,0.77229673149301259,128,0.35931388251832419,3,73,0,0.77229673149301259,0,venice-52,1,collapse-diagnostic,6.2500000000000096e-06,1,0.64482466515753611
menu_feedback,77,6.2500000000000103e-08,8.337204506491091e-05,6,0.5,3,74,1,8.337204506491091e-05,0,venice-52,4,collapse-diagnostic,6.2500000000000103e-08,1,0.43307900973932922
menu_feedback,78,6.2500000000000111e-07,0.65839273343091154,128,0.33703968900657816,3,75,0,0.65839273343091154,0,venice-52,3,collapse-diagnostic,6.2500000000000111e-07,1,20.505731815811249
menu_feedback,79,6.2500000000000122e-07,2.2006982490366305e-05,1,0.5,3,76,1,2.2006982490366305e-05,0,venice-52,4,collapse-diagnostic,6.2500000000000122e-07,1,0.36697413940126755
menu_feedback,80,6.250000000000013e-06,0.010658206349056549,9,0.2424377005229911,3,77,1,0.010658206349056549,0,venice-52,0,collapse-diagnostic,6.250000000000013e-06,1,0.22937736354451246
menu_feedback,81,6.250000000000013e-09,0.0048504255319420687,128,0.094628758505352822,3,78,0,0.0048504255319420687,0,venice-52,4,collapse-diagnostic,6.250000000000013e-09,1,1.6056245475118778
menu_feedback,82,6.250000000000013e-08,5.806216668716973e-05,6,0.5,3,79,1,5.806216668716973e-05,0,venice-52,1,collapse-diagnostic,6.250000000000013e-08,1,0.49826134772799807
menu_feedback,83,6.2500000000000136e-10,0.00068502090007122778,128,0.44765740261847686,3,80,0,0.00068502090007122778,0,venice-52,4,collapse-diagnostic,6.2500000000000136e-10,1,2.752349393413986
menu_feedback,84,6.250000000000013e-09,1.6485686603501567e-06,3,0.5,3,81,1,1.6485686603501567e-06,0,venice-52,4,collapse-diagnostic,6.250000000000013e-09,1,0.41676967363662093
menu_feedback,85,6.250000000000013e-08,0.0416258042418821,128,0.31258988477292698,3,82,0,0.0416258042418821,0,venice-52,3,collapse-diagnostic,6.250000000000013e-08,1,0.63311131428498968
menu_feedback,86,6.250000000000013e-08,0.058628963971946821,128,0.5,3,83,0,0.058628963971946821,0,venice-52,4,collapse-diagnostic,6.250000000000013e-08,1,1.2678094778412494
menu_feedback,87,6.2500000000000132e-07,0.0069794003232617908,16,0.5,3,84,1,0.0069794003232617908,0,venice-52,3,collapse-diagnostic,6.2500000000000132e-07,1,0.45362390666534663
menu_feedback,88,6.2500000000000132e-07,0.5367523319372004,128,0.37044675665636073,3,85,0,0.5367523319372004,0,venice-52,3,collapse-diagnostic,6.2500000000000132e-07,1,2.4439403043027741
menu_feedback,89,6.2500000000000132e-07,2.217973947155195e-05,1,0.5,3,86,1,2.217973947155195e-05,0,venice-52,4,collapse-diagnostic,6.2500000000000132e-07,1,0.40873451147437173
menu_feedback,90,6.2500000000000139e-06,0.81610444621194544,128,0.3006519342630582,3,87,0,0.81610444621194544,0,venice-52,1,collapse-diagnostic,6.2500000000000139e-06,1,0.50108273109056245
menu_feedback,91,6.2500000000000143e-08,0.061523689938011515,128,0.5,3,88,0,0.061523689938011515,0,venice-52,4,collapse-diagnostic,6.2500000000000143e-08,1,1.2222630813222926
menu_feedback,92,6.2500000000000153e-07,0.0088478602871079615,21,0.5,3,89,1,0.0088478602871079615,0,venice-52,0,collapse-diagnostic,6.2500000000000153e-07,1,0.4613994622992334
menu_feedback,93,6.2500000000000156e-10,0.001125016676571884,128,0.38361438671310677,3,90,0,0.001125016676571884,0,venice-52,4,collapse-diagnostic,6.2500000000000156e-10,1,3.0246908353833524
menu_feedback,0,0.10000000000000001,0.73680129838499009,1,0.5,3,0,1,0.7441693113688399,1,venice-52,0,collapse-diagnostic,0.10000000000000001,1,0.28213836064841413
menu_feedback,1,0.00025000000000000001,0.10407593323739096,10,0.13697314988004133,3,1,1,0.2315006516782927,1,venice-52,4,collapse-diagnostic,0.00025000000000000001,1,0.12462315897541396
menu_feedback,2,0.0062500000000000003,0.99287448047780247,128,0.039625070482898733,3,2,0,0.99888257200905739,1,venice-52,2,collapse-diagnostic,0.0062500000000000003,1,0.1512845919187901
menu_feedback,3,0.00062500000000000012,0.95190304538464043,128,0.065024907337390414,3,3,0,0.99452331047214437,1,venice-52,2,collapse-diagnostic,0.00062500000000000012,1,0.88865176738731966
menu_feedback,4,0.00015625000000000003,0.91938796642212128,128,0.5,3,4,0,0.98109726260883445,1,venice-52,3,collapse-diagnostic,0.00015625000000000003,1,0.89891538939104154
menu_feedback,5,0.00015625000000000003,0.93686685175293594,128,0.5,3,5,0,0.98394559715147878,1,venice-52,2,collapse-diagnostic,0.00015625000000000003,1,1.0981737136904286
menu_feedback,6,3.9062500000000008e-05,0.91012217379182814,128,0.5,3,6,0,0.94210889934041919,1,venice-52,2,collapse-diagnostic,3.9062500000000008e-05,1,0.88578924964509731
menu_feedback,7,9.7656250000000019e-06,0.00043432174543388638,1,0.5,3,7,1,0.00043432174543388638,1,venice-52,-1,collapse-diagnostic,9.7656250000000019e-06,1,0.46850571534743779
menu_feedback,8,9.7656250000000023e-07,0.0003723070107328405,4,0.39443950055785881,3,8,1,0.0003723070107328405,1,venice-52,-1,collapse-diagnostic,9.7656250000000023e-07,1,0.3879065470479956
menu_feedback,9,9.7656250000000031e-08,1.3305251282726471e-05,2,0.5,3,9,1,1.3305251282726471e-05,1,venice-52,-1,collapse-diagnostic,9.7656250000000031e-08,1,0.48002934978455486
menu_feedback,10,9.7656250000000041e-09,0.0049084428082921449,128,0.42018532421967209,3,10,0,0.0049084428082921449,1,venice-52,-1,collapse-diagnostic,9.7656250000000041e-09,1,0.44580314500459878
menu_feedback,11,9.7656250000000037e-10,7.7274496779817634e-08,2,0.5,3,11,1,7.7274496779817634e-08,1,venice-52,-1,collapse-diagnostic,9.7656250000000037e-10,1,0.2478991535258481
menu_feedback,12,9.7656250000000047e-11,5.4514124353211864e-05,128,0.11076225021703077,3,12,0,5.4514124353211864e-05,1,venice-52,-1,collapse-diagnostic,9.7656250000000047e-11,1,0.28016088555162982
menu_feedback,13,9.7656250000000051e-12,2.758673474753004e-08,4,0.5,3,13,1,2.758673474753004e-08,1,venice-52,-1,collapse-diagnostic,9.7656250000000051e-12,1,0.397385500619653
menu_feedback,14,9.7656250000000046e-13,5.5934650905863038e-07,128,0.5,3,14,1,5.5934650905863038e-07,1,venice-52,-1,collapse-diagnostic,9.7656250000000046e-13,1,0.48623868703879497
menu_feedback,15,9.7656250000000054e-14,5.7324172796875672e-08,35,0.5,3,15,1,5.7324172796875672e-08,1,venice-52,4,collapse-diagnostic,9.7656250000000054e-14,1,0.49606748880658813
menu_feedback,16,1.5625000000000008e-10,0.00019585445652395706,128,0.47863006336114783,3,16,0,0.00019585445652395706,1,venice-52,-1,collapse-diagnostic,1.5625000000000008e-10,1,1.1882350697732975
menu_feedback,17,1.5625000000000007e-11,3.5895192533326308e-08,1,0.5,3,17,1,3.5895192533326308e-08,1,venice-52,-1,collapse-diagnostic,1.5625000000000007e-11,1,0.18527802215199063
menu_feedback,18,1.5625000000000009e-12,1.4550211218350958e-06,128,0.061953912343175238,3,18,0,1.4550211218350958e-06,1,venice-52,-1,collapse-diagnostic,1.5625000000000009e-12,1,0.38189300912093643
menu_feedback,19,1.5625000000000009e-13,3.442207977508009e-08,4,0.5,3,19,1,3.442207977508009e-08,1,venice-52,4,collapse-diagnostic,1.5625000000000009e-13,1,0.41080656858386672
menu_feedback,20,2.5000000000000015e-12,3.4421850033742703e-08,4,0.5,3,19,1,3.4421850033742703e-08,1,venice-52,4,collapse-diagnostic,2.5000000000000015e-12,1,0.41081047950901112
menu_feedback,21,4.0000000000000023e-11,3.8484766041052519e-08,4,0.5,3,19,1,3.8484766041052519e-08,1,venice-52,-1,collapse-diagnostic,4.0000000000000023e-11,1,0.41081065644804893
menu_feedback,22,4.0000000000000023e-12,4.5796744903707724e-08,4,0.5,3,20,1,4.5796744903707724e-08,1,venice-52,3,collapse-diagnostic,4.0000000000000023e-12,1,0.48211492839024289
menu_feedback,23,4.0000000000000023e-12,3.4169566361427241e-07,128,0.41751390470487809,3,21,0,2.3883164716023022e-05,1,venice-52,4,collapse-diagnostic,4.0000000000000023e-12,1,2.8577569313532845
menu_feedback,24,4.0000000000000022e-10,3.4181480489173172e-05,128,0.5,3,22,0,0.0030194041095669435,1,venice-52,4,collapse-diagnostic,4.0000000000000022e-10,1,3.0629975918202184
menu_feedback,25,1.0000000000000005e-08,0.00085470736639354963,128,0.5,3,23,0,0.08096572568880217,1,venice-52,4,collapse-diagnostic,1.0000000000000005e-08,1,2.5129305544760228
menu_feedback,26,2.5000000000000015e-07,8.7758487285123123e-06,1,0.5,3,24,1,8.7758487285123123e-06,1,venice-52,4,collapse-diagnostic,2.5000000000000015e-07,1,0.28182271702048928
menu_feedback,27,2.5000000000000015e-06,0.64276517974176395,128,0.14299297028002711,3,25,0,0.96412647506262095,1,venice-52,3,collapse-diagnostic,2.5000000000000015e-06,1,2.9878216091096319
menu_feedback,28,6.2500000000000037e-06,0.00020725743689284446,1,0.5,3,26,1,0.00020725743689284446,1,venice-52,4,collapse-diagnostic,6.2500000000000037e-06,1,0.19945528692099135
menu_feedback,29,6.2500000000000042e-05,0.99322859714755574,128,0.071548051129539186,3,27,0,0.99870061998466231,1,venice-52,2,collapse-diagnostic,6.2500000000000042e-05,1,1.9067527089551894
menu_feedback,30,6.2500000000000045e-06,0.00020252965234599196,1,0.5,3,28,1,0.00020252965234599196,1,venice-52,4,collapse-diagnostic,6.2500000000000045e-06,1,0.18218129407117245
menu_feedback,31,6.2500000000000042e-05,0.99396545690479976,128,0.059726935624293494,3,29,0,0.99889646127234888,1,venice-52,2,collapse-diagnostic,6.2500000000000042e-05,1,1.7193867158355112
menu_feedback,32,6.2500000000000045e-06,0.00020053332088265107,1,0.5,3,30,1,0.00020053332088265107,1,venice-52,4,collapse-diagnostic,6.2500000000000045e-06,1,0.18049312963346006
menu_feedback,33,6.2500000000000042e-05,0.99456532441279322,128,0.05861884777570809,3,31,0,0.99893120425451165,1,venice-52,2,collapse-diagnostic,6.2500000000000042e-05,1,1.7363402072769631
menu_feedback,34,6.2500000000000045e-06,0.00019906372953629238,1,0.5,3,32,1,0.00019906372953629238,1,venice-52,4,collapse-diagnostic,6.2500000000000045e-06,1,0.17896211639912979
menu_feedback,35,6.2500000000000042e-05,0.99505976312261801,128,0.057619744250921728,3,33,0,0.99880352427274333,1,venice-52,2,collapse-diagnostic,6.2500000000000042e-05,1,3.2444175112507567
menu_feedback,36,6.2500000000000045e-06,0.00019850172877330805,1,0.5,3,34,1,0.00019850172877330805,1,venice-52,4,collapse-diagnostic,6.2500000000000045e-06,1,0.18215111235251444
menu_feedback,37,6.2500000000000042e-05,0.9954366922579676,128,0.059691968756037675,3,35,0,0.99813336692444288,1,venice-52,2,collapse-diagnostic,6.2500000000000042e-05,1,4.0218344380869739
menu_feedback,38,6.2500000000000045e-06,0.00019850318668542392,1,0.5,3,36,1,0.00019850318668542392,1,venice-52,4,collapse-diagnostic,6.2500000000000045e-06,1,0.19232342647594367
menu_feedback,39,6.2500000000000042e-05,0.99565616684570479,128,0.066565873630983444,3,37,0,0.99641125288418553,1,venice-52,2,collapse-diagnostic,6.2500000000000042e-05,1,3.787404698023856
menu_feedback,40,6.2500000000000045e-06,0.00020145337588665997,1,0.5,3,38,1,0.00020145337588665997,1,venice-52,4,collapse-diagnostic,6.2500000000000045e-06,1,0.2306697044511673
menu_feedback,41,6.2500000000000042e-05,0.99391541444954301,128,0.095681495800115465,3,39,0,0.99391541444954301,1,venice-52,1,collapse-diagnostic,6.2500000000000042e-05,1,4.2446248429562949
menu_feedback,42,6.2500000000000047e-07,1.9806735795165309e-05,1,0.5,3,40,1,1.9806735795165309e-05,1,venice-52,4,collapse-diagnostic,6.2500000000000047e-07,1,0.20807507189126581
menu_feedback,43,6.2500000000000045e-06,0.69911822921966948,128,0.078019480853238052,3,41,0,0.69911822921966948,1,venice-52,1,collapse-diagnostic,6.2500000000000045e-06,1,0.34363102389497102
menu_feedback,44,6.250000000000005e-08,0.104958167625308,128,0.35361946977099662,3,42,0,0.104958167625308,1,venice-52,4,collapse-diagnostic,6.250000000000005e-08,1,1.8658791807085138
menu_feedback,45,6.2500000000000058e-07,2.0598426754713214e-05,1,0.5,3,43,1,2.0598426754713214e-05,1,venice-52,4,collapse-diagnostic,6.2500000000000058e-07,1,0.30029246205168292
menu_feedback,46,6.2500000000000062e-06,0.72448741246445503,128,0.16229735592317929,3,44,0,0.72448741246445503,1,venice-52,2,collapse-diagnostic,6.2500000000000062e-06,1,0.51339102681369442
menu_feedback,47,6.2500000000000069e-07,0.0017048081002619597,9,0.5,3,45,1,0.0017048081002619597,1,venice-52,4,collapse-diagnostic,6.2500000000000069e-07,1,0.45976983248018233
menu_feedback,48,6.2500000000000071e-06,0.96276191540053957,128,0.37789958319281675,3,46,0,0.96276191540053957,1,venice-52,3,collapse-diagnostic,6.2500000000000071e-06,1,7.5178806155342643
menu_feedback,49,6.2500000000000071e-06,0.0002043434145326111,1,0.5,3,47,1,0.0002043434145326111,1,venice-52,4,collapse-diagnostic,6.2500000000000071e-06,1,0.28698447617271633
menu_feedback,50,6.2500000000000069e-05,0.99667615695076073,128,0.14816581659983041,3,48,0,0.99667615695076073,1,venice-52,1,collapse-diagnostic,6.2500000000000069e-05,1,2.8346735614313365
menu_feedback,51,6.2500000000000079e-07,1.9394858003403044e-05,1,0.5,3,49,1,1.9394858003403044e-05,1,venice-52,4,collapse-diagnostic,6.2500000000000079e-07,1,0.18781032460210401
menu_feedback,52,6.2500000000000088e-06,0.65614921496206147,128,0.063534471779163659,3,50,0,0.65614921496206147,1,venice-52,2,collapse-diagnostic,6.2500000000000088e-06,1,0.39872834293775367
menu_feedback,53,6.250000000000009e-07,0.0025700865147481244,10,0.3273998876339107,3,51,1,0.0025700865147481244,1,venice-52,3,collapse-diagnostic,6.250000000000009e-07,1,0.30259752907754178
menu_feedback,54,6.250000000000009e-07,0.79498386397159382,128,0.16478613748715398,3,52,0,0.79498386397159382,1,venice-52,4,collapse-diagnostic,6.250000000000009e-07,1,9.0415043720071484
menu_feedback,55,6.2500000000000096e-06,0.00020014456746705024,1,0.5,3,53,1,0.00020014456746705024,1,venice-52,4,collapse-diagnostic,6.2500000000000096e-06,1,0.2884502994542259
menu_feedback,56,6.2500000000000096e-05,0.9961595802952119,128,0.14971931067513275,3,54,0,0.9961595802952119,1,venice-52,1,collapse-diagnostic,6.2500000000000096e-05,1,2.6510851218262204
menu_feedback,57,6.25000000000001e-07,1.9197898296842194e-05,1,0.5,3,55,1,1.9197898296842194e-05,1,venice-52,4,collapse-diagnostic,6.25000000000001e-07,1,0.18157387814421089
menu_feedback,58,6.2500000000000096e-06,0.65011553537554956,128,0.059367975976291537,3,56,0,0.65011553537554956,1,venice-52,2,collapse-diagnostic,6.2500000000000096e-06,1,0.42550184586619355
menu_feedback,59,6.25000000000001e-07,0.007192481261753628,17,0.36807131851636965,3,57,1,0.007192481261753628,1,venice-52,4,collapse-diagnostic,6.25000000000001e-07,1,0.35913727506160248
menu_feedback,60,6.2500000000000096e-06,0.97929086722397507,128,0.22775232858697952,3,58,0,0.97929086722397507,1,venice-52,3,collapse-diagnostic,6.2500000000000096e-06,1,8.2726935595019455
menu_feedback,61,6.2500000000000096e-06,0.00019732145324714067,1,0.5,3,59,1,0.00019732145324714067,1,venice-52,4,collapse-diagnostic,6.2500000000000096e-06,1,0.24610996462745088
menu_feedback,62,6.2500000000000096e-05,0.99683454761591539,128,0.10885270739486949,3,60,0,0.99683454761591539,1,venice-52,1,collapse-diagnostic,6.2500000000000096e-05,1,5.0557536268327103
menu_feedback,63,6.25000000000001e-07,1.9101638347986303e-05,1,0.5,3,61,1,1.9101638347986303e-05,1,venice-52,4,collapse-diagnostic,6.25000000000001e-07,1,0.19412030977546105
menu_feedback,64,6.2500000000000096e-06,0.64493024134147592,128,0.067844108811333695,3,62,0,0.64493024134147592,1,venice-52,2,collapse-diagnostic,6.2500000000000096e-06,1,0.2895432050802082
menu_feedback,65,6.25000000000001e-07,0.65977797604756128,128,0.17790030163503606,3,63,0,0.65977797604756128,1,venice-52,3,collapse-diagnostic,6.25000000000001e-07,1,2.4172449814606249
menu_feedback,66,6.25000000000001e-07,1.9695204786958828e-05,1,0.5,3,64,1,1.9695204786958828e-05,1,venice-52,4,collapse-diagnostic,6.25000000000001e-07,1,0.25673616159538654
menu_feedback,67,6.2500000000000096e-06,0.69398580193424508,128,0.11856443196420446,3,65,0,0.69398580193424508,1,venice-52,2,collapse-diagnostic,6.2500000000000096e-06,1,1.4249118318903544
menu_feedback,68,6.25000000000001e-07,2.3839116954516401e-05,1,0.5,3,66,1,2.3839116954516401e-05,1,venice-52,4,collapse-diagnostic,6.25000000000001e-07,1,0.4495418254404312
menu_feedback,69,6.2500000000000096e-06,0.94078150919119274,128,0.36343361115698053,3,67,0,0.94078150919119274,1,venice-52,2,collapse-diagnostic,6.2500000000000096e-06,1,1.2377274593389807
menu_feedback,70,6.25000000000001e-07,1.9538300067991893e-05,1,0.5,3,68,1,1.9538300067991893e-05,1,venice-52,4,collapse-diagnostic,6.25000000000001e-07,1,0.25167079371484713
menu_feedback,71,6.2500000000000096e-06,0.70747049596247091,128,0.11395201996208716,3,69,0,0.70747049596247091,1,venice-52,2,collapse-diagnostic,6.2500000000000096e-06,1,0.93822317809622668
menu_feedback,72,6.25000000000001e-07,0.0039161660473044186,13,0.5,3,70,1,0.0039161660473044186,1,venice-52,4,collapse-diagnostic,6.25000000000001e-07,1,0.47566865937207026
menu_feedback,73,6.2500000000000096e-06,0.96377423372015558,128,0.40285546480843237,3,71,0,0.96377423372015558,1,venice-52,2,collapse-diagnostic,6.2500000000000096e-06,1,6.0150732149478463
menu_feedback,74,6.25000000000001e-07,1.9530622377558911e-05,1,0.5,3,72,1,1.9530622377558911e-05,1,venice-52,4,collapse-diagnostic,6.25000000000001e-07,1,0.27009095075013129
menu_feedback,75,6.2500000000000096e-06,0.68877982602980037,128,0.13136531777609137,3,73,0,0.68877982602980037,1,venice-52,2,collapse-diagnostic,6.2500000000000096e-06,1,0.24099920773341216
menu_feedback,76,6.25000000000001e-07,0.60726749847012884,128,0.12293927678842773,3,74,0,0.60726749847012884,1,venice-52,3,collapse-diagnostic,6.25000000000001e-07,1,3.0173976873743413
menu_feedback,77,6.25000000000001e-07,2.0643159008595938e-05,1,0.5,3,75,1,2.0643159008595938e-05,1,venice-52,4,collapse-diagnostic,6.25000000000001e-07,1,0.33578552577029147
menu_feedback,78,6.2500000000000096e-06,0.71375417388177842,128,0.20306882169920337,3,76,0,0.71375417388177842,1,venice-52,2,collapse-diagnostic,6.2500000000000096e-06,1,0.64361307477236573
menu_feedback,0,0.10000000000000001,0.73680129838499009,1,0.5,3,0,1,0.7441693113688399,2,venice-52,0,collapse-diagnostic,0.10000000000000001,1,0.28213836064841424
menu_feedback,1,0.00025000000000000001,0.10407593323739381,10,0.13697314988004128,3,1,1,0.23150065167829401,2,venice-52,4,collapse-diagnostic,0.00025000000000000001,1,0.12462315897541448
menu_feedback,2,0.0062500000000000003,0.99287514962918755,128,0.039625070482901106,3,2,0,0.99888280922211725,2,venice-52,2,collapse-diagnostic,0.0062500000000000003,1,0.14912947455183617
menu_feedback,3,0.00062500000000000012,0.9518989925865381,128,0.065024966122596201,3,3,0,0.9945220407337404,2,venice-52,2,collapse-diagnostic,0.00062500000000000012,1,0.82496053634109656
menu_feedback,4,0.00015625000000000003,0.91937008708349532,128,0.5,3,4,0,0.98108529376539821,2,venice-52,3,collapse-diagnostic,0.00015625000000000003,1,1.0117764490412546
menu_feedback,5,0.00015625000000000003,0.93686918843428479,128,0.5,3,5,0,0.98394733072251706,2,venice-52,2,collapse-diagnostic,0.00015625000000000003,1,1.0370107904654704
menu_feedback,6,3.9062500000000008e-05,0.91011377383538472,128,0.5,3,6,0,0.94209215956329118,2,venice-52,2,collapse-diagnostic,3.9062500000000008e-05,1,0.85188690573603787
menu_feedback,7,9.7656250000000019e-06,0.00043611004921895299,1,0.5,3,7,1,0.00043611004921895299,2,venice-52,-1,collapse-diagnostic,9.7656250000000019e-06,1,0.46496083172181746
menu_feedback,8,9.7656250000000023e-07,0.28426169131268902,93,0.38854892013434661,3,8,1,0.28426169131268902,2,venice-52,-1,collapse-diagnostic,9.7656250000000023e-07,1,0.34883673988948971
menu_feedback,9,9.7656250000000031e-08,8.5852199988451893e-06,2,0.5,3,9,1,8.5852199988451893e-06,2,venice-52,-1,collapse-diagnostic,9.7656250000000031e-08,1,0.29116215040134141
menu_feedback,10,9.7656250000000041e-09,0.0059495011015097965,128,0.15428629874099123,3,10,0,0.0059495011015097965,2,venice-52,-1,collapse-diagnostic,9.7656250000000041e-09,1,0.8879007772649018
menu_feedback,11,9.7656250000000037e-10,5.9668242418957391e-08,1,0.5,3,11,1,5.9668242418957391e-08,2,venice-52,-1,collapse-diagnostic,9.7656250000000037e-10,1,0.45961767402890935
menu_feedback,12,9.7656250000000047e-11,3.0130777629119274e-08,1,0.5,3,12,1,3.0130777629119274e-08,2,venice-52,-1,collapse-diagnostic,9.7656250000000047e-11,1,0.48266588014636497
menu_feedback,13,9.7656250000000051e-12,5.5783588131655667e-08,2,0.5,3,13,1,5.5783588131655667e-08,2,venice-52,2,collapse-diagnostic,9.7656250000000051e-12,1,0.3316972760377086
menu_feedback,14,9.7656250000000046e-13,5.8957226595024583e-07,128,0.19771413258176848,3,14,0,5.8957226595024583e-07,2,venice-52,-1,collapse-diagnostic,9.7656250000000046e-13,1,0.65026041518480471
menu_feedback,15,9.7656250000000054e-14,2.7231359885057159e-08,1,0.5,3,15,1,2.7231359885057159e-08,2,venice-52,0,collapse-diagnostic,9.7656250000000054e-14,1,0.24384154789384127
menu_feedback,16,9.9999999999999998e-17,3.8989013705362975e-08,128,0.10721401248031151,3,16,0,3.8989013705362975e-08,2,venice-52,4,collapse-diagnostic,9.9999999999999998e-17,1,0.82518124208900767
menu_feedback,17,1.0000000000000001e-15,2.1523882077216711e-08,1,0.5,3,17,1,2.1523882077216711e-08,2,venice-52,-1,collapse-diagnostic,1.0000000000000001e-15,1,0.24650198877655383
menu_feedback,18,1.0000000000000001e-16,0,68,0.1104444421101741,3,18,0,0,2,venice-52,-1,collapse-diagnostic,1.0000000000000001e-16,0,inf
menu_feedback,19,1.35789025134451e-05,0.88025365378409648,128,0.10931889953998847,3,18,0,0.88025365378409648,2,venice-52,2,collapse-diagnostic,1.35789025134451e-05,1,0.86877509338801395
menu_feedback,20,1.35789025134451e-05,0.00046422879682175887,1,0.5,3,19,1,0.00046422879682175887,2,venice-52,4,collapse-diagnostic,1.35789025134451e-05,1,0.26887768069741064
menu_feedback,21,0.00013578902513445101,0.99525173751340645,128,0.12992244434064687,3,20,0,0.99525173751340645,2,venice-52,1,collapse-diagnostic,0.00013578902513445101,1,1.1391642522138947
menu_feedback,22,1.35789025134451e-05,0.00044723199754768608,1,0.5,3,21,1,0.00044723199754768608,2,venice-52,4,collapse-diagnostic,1.35789025134451e-05,1,0.20461750542542917
menu_feedback,23,0.00013578902513445101,0.98659014192283412,128,0.075323756077019147,3,22,0,0.98659014192283412,2,venice-52,1,collapse-diagnostic,0.00013578902513445101,1,0.59118452814951494
menu_feedback,24,1.35789025134451e-05,0.00046728728533454965,1,0.5,3,23,1,0.00046728728533454965,2,venice-52,4,collapse-diagnostic,1.35789025134451e-05,1,0.30711519154787864
menu_feedback,25,0.00013578902513445101,0.99481037277014017,128,0.16957999398512094,3,24,0,0.99481037277014017,2,venice-52,1,collapse-diagnostic,0.00013578902513445101,1,1.5014758413866434
menu_feedback,26,1.35789025134451e-05,0.00044356492577164963,1,0.5,3,25,1,0.00044356492577164963,2,venice-52,4,collapse-diagnostic,1.35789025134451e-05,1,0.21797003152480093
menu_feedback,27,0.00013578902513445101,0.98727426671590202,128,0.085424531494200678,3,26,0,0.98727426671590202,2,venice-52,1,collapse-diagnostic,0.00013578902513445101,1,1.0449008165667775
menu_feedback,28,1.35789025134451e-05,0.00048920970877117922,1,0.5,3,27,1,0.00048920970877117922,2,venice-52,4,collapse-diagnostic,1.35789025134451e-05,1,0.36407466187603821
menu_feedback,29,0.00013578902513445101,0.99454540568215799,128,0.23835143210883025,3,28,0,0.99454540568215799,2,venice-52,1,collapse-diagnostic,0.00013578902513445101,1,1.3649125493045766
menu_feedback,30,1.35789025134451e-05,0.00044450075789702689,1,0.5,3,29,1,0.00044450075789702689,2,venice-52,4,collapse-diagnostic,1.35789025134451e-05,1,0.23001144259597292
menu_feedback,31,0.00013578902513445101,0.98786576168872242,128,0.095128299629580207,3,30,0,0.98786576168872242,2,venice-52,1,collapse-diagnostic,0.00013578902513445101,1,1.0906163679856167
menu_feedback,0,0.10000000000000001,0.92064167453796308,2,0.5,3,0,1,0.93047469416437567,0,ladybug-49,2,handover-smoke,0.10000000000000001,1,0.42102602223455171
menu_feedback,1,0.025000000000000001,0.97735352090308369,15,0.12184083181747245,3,1,1,0.97735352090308369,0,ladybug-49,0,handover-smoke,0.025000000000000001,1,0.11821982384163873
menu_feedback,2,6.2500000000000001e-05,0.17702308682744861,11,0.30964659982268561,3,2,1,0.17702308682744861,0,ladybug-49,4,handover-smoke,6.2500000000000001e-05,1,0.26434488436749648
menu_feedback,3,0.00062500000000000012,0.85838742579365235,15,0.34523713546408591,3,3,1,0.85838742579365235,0,ladybug-49,0,handover-smoke,0.00062500000000000012,1,0.33241916727187937
menu_feedback,4,6.2500000000000016e-07,0.00042834261045130204,4,0.5,3,4,1,0.00042834261045130204,0,ladybug-49,0,handover-smoke,6.2500000000000016e-07,1,0.49048269296666902
menu_feedback,5,6.2500000000000022e-10,4.0724217259545063e-05,42,0.43252930219932634,3,5,1,4.0724217259545063e-05,0,ladybug-49,-1,handover-smoke,6.2500000000000022e-10,1,0.39625917232097568
menu_feedback,6,6.250000000000003e-11,4.2844646160568721e-06,38,0.5,3,6,1,4.2844646160568721e-06,0,ladybug-49,-1,handover-smoke,6.250000000000003e-11,1,0.49318904213724352
menu_feedback,7,6.2500000000000035e-12,5.9694170372739159e-07,42,0.5,3,7,1,5.9694170372739159e-07,0,ladybug-49,-1,handover-smoke,6.2500000000000035e-12,1,0.47811086775683798
menu_feedback,8,6.2500000000000037e-13,7.2370520343049759e-08,42,0.5,3,8,1,7.2370520343049759e-08,0,ladybug-49,-1,handover-smoke,6.2500000000000037e-13,1,0.47804389230967226
menu_feedback,9,1.0000000000000006e-11,5.2518533061046353e-07,81,0.5,3,9,1,3.3764570973090869e-06,0,ladybug-49,-1,handover-smoke,1.0000000000000006e-11,1,0.47988057106835702
menu_feedback,10,1.0000000000000006e-12,4.2598155344329383e-08,42,0.5,3,10,1,1.1813149381018417e-07,0,ladybug-49,-1,handover-smoke,1.0000000000000006e-12,1,0.49966424700832085
menu_feedback,11,1.6000000000000009e-11,2.023812697858248e-07,42,0.5,3,11,1,1.9436689249085166e-06,0,ladybug-49,4,handover-smoke,1.6000000000000009e-11,1,0.4899431045837781
menu_feedback,12,2.5600000000000014e-08,2.0482291175150775e-05,12,0.5,3,12,1,0.00015337645493832989,0,ladybug-49,4,handover-smoke,2.5600000000000014e-08,1,0.47477473276155452
menu_feedback,0,0.10000000000000001,0.92064167453796275,2,0.5,3,0,1,0.93047469416437556,1,ladybug-49,2,handover-smoke,0.10000000000000001,1,0.42102602223455154
menu_feedback,1,0.025000000000000001,0.97735352090308381,15,0.12184083181747161,3,1,1,0.97735352090308381,1,ladybug-49,0,handover-smoke,0.025000000000000001,1,0.11821982384163948
menu_feedback,2,6.2500000000000001e-05,0.17702308682744375,11,0.30964659982268572,3,2,1,0.17702308682744375,1,ladybug-49,4,handover-smoke,6.2500000000000001e-05,1,0.26434488436749665
menu_feedback,3,0.00062500000000000012,0.85838742579365024,15,0.34523713546410345,3,3,1,0.85838742579365024,1,ladybug-49,0,handover-smoke,0.00062500000000000012,1,0.33241916727187193
menu_feedback,4,6.2500000000000016e-07,0.00042834261323542317,4,0.5,3,4,1,0.00042834261323542317,1,ladybug-49,0,handover-smoke,6.2500000000000016e-07,1,0.49048269296654423
menu_feedback,5,6.2500000000000022e-10,4.072420721515399e-05,42,0.43252930219892294,3,5,1,4.072420721515399e-05,1,ladybug-49,-1,handover-smoke,6.2500000000000022e-10,1,0.3962591723152209
menu_feedback,6,6.250000000000003e-11,4.2844155327472135e-06,38,0.5,3,6,1,4.2844155327472135e-06,1,ladybug-49,-1,handover-smoke,6.250000000000003e-11,1,0.49318905399260887
menu_feedback,7,6.2500000000000035e-12,5.9727944417256767e-07,42,0.5,3,7,1,5.9727944417256767e-07,1,ladybug-49,-1,handover-smoke,6.2500000000000035e-12,1,0.47812263295067631
menu_feedback,8,6.2500000000000037e-13,8.3579628548683047e-08,42,0.5,3,8,1,8.3579628548683047e-08,1,ladybug-49,-1,handover-smoke,6.2500000000000037e-13,1,0.47799551724276351
menu_feedback,9,1.0000000000000006e-11,5.2666403460859132e-07,81,0.5,3,9,1,3.3742995547763568e-06,1,ladybug-49,-1,handover-smoke,1.0000000000000006e-11,1,0.47945116585240277
menu_feedback,10,1.0000000000000006e-12,4.8301768007654018e-08,42,0.5,3,10,1,1.2248510665876906e-07,1,ladybug-49,-1,handover-smoke,1.0000000000000006e-12,1,0.49971040331839522
menu_feedback,11,1.6000000000000009e-11,2.0681581467301416e-07,42,0.5,3,11,1,1.9440488633529813e-06,1,ladybug-49,-1,handover-smoke,1.6000000000000009e-11,1,0.4898395505507378
menu_feedback,12,1.6000000000000011e-12,5.5774077523107803e-08,42,0.5,3,12,1,2.1192447516418602e-07,1,ladybug-49,-1,handover-smoke,1.6000000000000011e-12,1,0.49512476207343464
menu_feedback,13,2.5600000000000017e-11,2.7887038761553902e-08,13,0.5,3,13,1,1.9331028338175314e-07,1,ladybug-49,4,handover-smoke,2.5600000000000017e-11,1,0.48105645777389688
menu_feedback,14,2.5600000000000015e-09,2.5020750975243925e-06,13,0.5,3,14,1,2.0395343187417917e-05,1,ladybug-49,0,handover-smoke,2.5600000000000015e-09,1,0.4955696945044854
menu_feedback,0,0.10000000000000001,0.92064167453796275,2,0.5,3,0,1,0.93047469416437567,2,ladybug-49,2,handover-smoke,0.10000000000000001,1,0.42102602223455138
menu_feedback,1,0.025000000000000001,0.97735352090308369,15,0.12184083181747171,3,1,1,0.97735352090308369,2,ladybug-49,0,handover-smoke,0.025000000000000001,1,0.11821982384163811
menu_feedback,2,6.2500000000000001e-05,0.17702308682745485,11,0.309646599822681,3,2,1,0.17702308682745485,2,ladybug-49,4,handover-smoke,6.2500000000000001e-05,1,0.2643448843674957
menu_feedback,3,0.00062500000000000012,0.85838742579365168,15,0.34523713546411888,3,3,1,0.85838742579365168,2,ladybug-49,0,handover-smoke,0.00062500000000000012,1,0.33241916727184206
menu_feedback,4,6.2500000000000016e-07,0.00042834261277148363,4,0.5,3,4,1,0.00042834261277148363,2,ladybug-49,0,handover-smoke,6.2500000000000016e-07,1,0.49048269296651692
menu_feedback,5,6.2500000000000022e-10,4.0724197170650533e-05,42,0.43252930219877245,3,5,1,4.0724197170650533e-05,2,ladybug-49,-1,handover-smoke,6.2500000000000022e-10,1,0.39625917231228108
menu_feedback,6,6.250000000000003e-11,4.2844645667898004e-06,38,0.5,3,6,1,4.2844645667898004e-06,2,ladybug-49,-1,handover-smoke,6.250000000000003e-11,1,0.49318905280550907
menu_feedback,7,6.2500000000000035e-12,6.0039963732196766e-07,42,0.5,3,7,1,6.0039963732196766e-07,2,ladybug-49,-1,handover-smoke,6.2500000000000035e-12,1,0.47812373016551207
menu_feedback,8,6.2500000000000037e-13,8.0927080271048908e-08,42,0.5,3,8,1,8.0927080271048908e-08,2,ladybug-49,-1,handover-smoke,6.2500000000000037e-13,1,0.47796880135668751
menu_feedback,9,1.0000000000000006e-11,5.2543207026730417e-07,81,0.5,3,9,1,3.3773858082000648e-06,2,ladybug-49,-1,handover-smoke,1.0000000000000006e-11,1,0.48022607934350098
menu_feedback,10,1.0000000000000006e-12,5.0914533972413335e-08,47,0.5,3,10,1,1.2480326468263649e-07,2,ladybug-49,-1,handover-smoke,1.0000000000000006e-12,1,0.48675327199505014
menu_feedback,11,1.6000000000000009e-11,2.1299077672164718e-07,46,0.5,3,11,1,2.0601130660628191e-06,2,ladybug-49,4,handover-smoke,1.6000000000000009e-11,1,0.47536662124175622
menu_feedback,12,2.5600000000000014e-08,2.0692295511596375e-05,12,0.5,3,12,1,0.00015529467998657247,2,ladybug-49,4,handover-smoke,2.5600000000000014e-08,1,0.47252599669567524
menu_feedback,0,0.10000000000000001,0.75398232545946309,1,0.5,3,0,1,0.76152214871405732,0,final-3068,0,large,0.10000000000000001,1,0.34104864249907779
menu_feedback,1,0.00025000000000000001,0.10431525868626811,7,0.15946534686215585,3,1,1,0.10431525868626811,0,final-3068,3,large,0.00025000000000000001,1,0.15623169482346358
menu_feedback,2,0.00025000000000000001,0.86794177097110581,116,0.048010074626117227,3,2,1,0.92196433353288498,0,final-3068,3,large,0.00025000000000000001,1,0.047677302333509253
menu_feedback,3,0.00062500000000000001,0.98845363119853458,128,0.078354439054505093,3,3,0,0.98845363119853458,0,final-3068,2,large,0.00062500000000000001,1,0.14753089451504905
menu_feedback,4,6.2500000000000001e-05,0.0016807450709885646,1,0.5,3,4,1,0.0016807450709885646,0,final-3068,-1,large,6.2500000000000001e-05,1,0.3301147066564486
menu_feedback,5,6.2500000000000003e-06,0.64331234138593918,128,0.24645598434684141,3,5,0,0.64331234138593918,0,final-3068,-1,large,6.2500000000000003e-06,1,0.44768130314816851
menu_feedback,6,0.0001,0.86526660890128626,101,0.5,3,5,1,0.9510529609985896,0,final-3068,-1,large,0.0001,1,0.48603472717402618
menu_feedback,7,0.0001,0.90450750562373472,106,0.5,3,6,1,0.96135005202890988,0,final-3068,-1,large,0.0001,1,0.49620228200977834
menu_feedback,8,1.0000000000000001e-05,0.33892430765837844,128,0.27915157826698145,3,7,0,0.7828028916076567,0,final-3068,-1,large,1.0000000000000001e-05,1,1.2802710653151623
menu_feedback,0,0.10000000000000001,0.75398232545946298,1,0.5,3,0,1,0.76152214871405732,1,final-3068,1,large,0.10000000000000001,1,0.34104864249907779
menu_feedback,1,0.0025000000000000005,0.51264076114372337,7,0.16217087970017763,3,1,1,0.51264076114372337,1,final-3068,1,large,0.0025000000000000005,1,0.15623294531087017
menu_feedback,2,2.5000000000000008e-05,0.51786831687309887,115,0.053657060078754627,3,2,1,0.69303609931585486,1,final-3068,3,large,2.5000000000000008e-05,1,0.053338439031661279
menu_feedback,3,6.2500000000000015e-05,0.079353679994816448,8,0.39269456280373566,3,3,1,0.079353679994816448,1,final-3068,4,large,6.2500000000000015e-05,1,0.38861124439544564
menu_feedback,4,0.00062500000000000012,0.97490560522811265,80,0.23385218251352394,3,4,1,0.97490560522811265,1,final-3068,3,large,0.00062500000000000012,1,0.23082921919888882
menu_feedback,5,0.00062500000000000012,0.99142069423821277,128,0.09787229677468734,3,5,0,0.99142069423821277,1,final-3068,0,large,0.00062500000000000012,1,0.67668436704037627
menu_feedback,6,6.2500000000000016e-07,2.3599636101504443e-05,1,0.5,3,6,1,2.3599636101504443e-05,1,final-3068,-1,large,6.2500000000000016e-07,1,0.46961180643259864
menu_feedback,7,6.2500000000000024e-08,0.0025133702134653786,41,0.5,3,7,1,0.0025133702134653786,1,final-3068,-1,large,6.2500000000000024e-08,1,0.47233899664883489
menu_feedback,0,0.10000000000000001,0.75398232545946298,1,0.5,3,0,1,0.76152214871405732,2,final-3068,0,large,0.10000000000000001,1,0.34104864249907785
menu_feedback,1,0.00025000000000000001,0.10431525868627199,7,0.15946534686215585,3,1,1,0.10431525868627199,2,final-3068,3,large,0.00025000000000000001,1,0.1562316948234635
menu_feedback,2,0.00025000000000000001,0.86794176930061584,116,0.048010074626117581,3,2,1,0.92196433346959683,2,final-3068,3,large,0.00025000000000000001,1,0.047677275326788678
menu_feedback,3,0.00062500000000000001,0.98845380815976225,128,0.078354694733361888,3,3,0,0.98845380815976225,2,final-3068,2,large,0.00062500000000000001,1,0.14741573435560124
menu_feedback,4,6.2500000000000001e-05,0.001680754919486279,1,0.5,3,4,1,0.001680754919486279,2,final-3068,-1,large,6.2500000000000001e-05,1,0.33011685968656745
menu_feedback,5,6.2500000000000003e-06,0.64331025724117485,128,0.24645853787582361,3,5,0,0.64331025724117485,2,final-3068,-1,large,6.2500000000000003e-06,1,0.4476866495267936
menu_feedback,6,0.0001,0.86526644531047137,101,0.5,3,5,1,0.95105276022147156,2,final-3068,-1,large,0.0001,1,0.48591376358009203
menu_feedback,7,0.0001,0.90450724407296224,106,0.5,3,6,1,0.96134982080046116,2,final-3068,-1,large,0.0001,1,0.49626129637435534
menu_feedback,8,1.0000000000000001e-05,0.33892328539914113,128,0.27913919779222029,3,7,0,0.78280509904515772,2,final-3068,-1,large,1.0000000000000001e-05,1,1.2802967177632296
menu_feedback,0,0.10000000000000001,0.75398232545946298,1,0.5,3,0,1,0.76152214871405721,3,final-3068,2,large,0.10000000000000001,1,0.3410486424990779
menu_feedback,1,0.025000000000000001,0.88120026338135649,7,0.1693659608261642,3,1,1,0.88120026338135649,3,final-3068,0,large,0.025000000000000001,1,0.15626646087411103
menu_feedback,2,2.5000000000000001e-05,0.34368963953433157,75,0.064224041139081658,3,2,1,0.53652641482804153,3,final-3068,4,large,2.5000000000000001e-05,1,0.063940080402178037
menu_feedback,3,0.00062500000000000001,0.98834650157263493,128,0.066250673118587636,3,3,0,0.98834650157263493,3,final-3068,2,large,0.00062500000000000001,1,0.12758076201208379
menu_feedback,4,6.2500000000000001e-05,0.0016987469505759481,1,0.5,3,4,1,0.0016987469505759481,3,final-3068,-1,large,6.2500000000000001e-05,1,0.33325025376206346
menu_feedback,5,6.2500000000000003e-06,0.00078983615601509465,2,0.5,3,5,1,0.00078983615601509465,3,final-3068,-1,large,6.2500000000000003e-06,1,0.44324405061848982
menu_feedback,6,6.2500000000000005e-07,0.16116373962312017,128,0.36550374420199866,3,6,0,0.16116373962312017,3,final-3068,-1,large,6.2500000000000005e-07,1,0.7031577254408593
menu_feedback,7,6.250000000000001e-08,0.019354251120780964,128,0.5,3,7,0,0.019354251120780964,3,final-3068,-1,large,6.250000000000001e-08,1,0.71811328110921391
menu_feedback,0,0.10000000000000001,0.75398232545946309,1,0.5,3,0,1,0.76152214871405732,4,final-3068,2,large,0.10000000000000001,1,0.34104864249907779
menu_feedback,1,0.025000000000000001,0.88120026338135649,7,0.16936596082616423,3,1,1,0.88120026338135649,4,final-3068,0,large,0.025000000000000001,1,0.15626646087411111
menu_feedback,2,2.5000000000000001e-05,0.34368963953437714,75,0.064224041139081686,3,2,1,0.53652641482812891,4,final-3068,4,large,2.5000000000000001e-05,1,0.063940080402202046
menu_feedback,3,0.00062500000000000001,0.98834650295943993,128,0.066250673120744688,3,3,0,0.98834650295943993,4,final-3068,2,large,0.00062500000000000001,1,0.12757970225160925
menu_feedback,4,6.2500000000000001e-05,0.0016987470802336201,1,0.5,3,4,1,0.0016987470802336201,4,final-3068,-1,large,6.2500000000000001e-05,1,0.3332502547393052
menu_feedback,5,6.2500000000000003e-06,0.00078983636488036998,2,0.5,3,5,1,0.00078983636488036998,4,final-3068,-1,large,6.2500000000000003e-06,1,0.443243941096365
menu_feedback,6,6.2500000000000005e-07,0.16116264076423778,128,0.36550374945499897,3,6,0,0.16116264076423778,4,final-3068,-1,large,6.2500000000000005e-07,1,0.70314393982898693
menu_feedback,7,6.250000000000001e-08,0.019354345263286558,128,0.5,3,7,0,0.019354345263286558,4,final-3068,-1,large,6.250000000000001e-08,1,0.7181046930039422
menu_feedback,0,0.10000000000000001,0.75398232545946287,1,0.5,3,0,1,0.76152214871405732,5,final-3068,2,large,0.10000000000000001,1,0.34104864249907779
menu_feedback,1,0.025000000000000001,0.88120026338135649,7,0.16936596082616415,3,1,1,0.88120026338135649,5,final-3068,0,large,0.025000000000000001,1,0.156266460874111
menu_feedback,2,2.5000000000000001e-05,0.34368963953438159,75,0.0642240411390817,3,2,1,0.53652641482813856,5,final-3068,4,large,2.5000000000000001e-05,1,0.063940080402204016
menu_feedback,3,0.00062500000000000001,0.98834650296744841,128,0.066250673119560524,3,3,0,0.98834650296744841,5,final-3068,2,large,0.00062500000000000001,1,0.12757968889080012
menu_feedback,4,6.2500000000000001e-05,0.0016987471961498152,1,0.5,3,4,1,0.0016987471961498152,5,final-3068,-1,large,6.2500000000000001e-05,1,0.33325026097595789
menu_feedback,5,6.2500000000000003e-06,0.00078983645840790097,2,0.5,3,5,1,0.00078983645840790097,5,final-3068,-1,large,6.2500000000000003e-06,1,0.44324387338431842
menu_feedback,6,6.2500000000000005e-07,0.16116289650070786,128,0.36550364273917502,3,6,0,0.16116289650070786,5,final-3068,-1,large,6.2500000000000005e-07,1,0.70314273911817715
menu_feedback,7,6.250000000000001e-08,0.019354380006675182,128,0.5,3,7,0,0.019354380006675182,5,final-3068,-1,large,6.250000000000001e-08,1,0.71804133113078572
menu_feedback,0,0.10000000000000001,0.75398232545946309,1,0.5,3,0,1,0.76152214871405732,6,final-3068,2,large,0.10000000000000001,1,0.34104864249907779
menu_feedback,1,0.025000000000000001,0.88120026338135649,7,0.16936596082616437,3,1,1,0.88120026338135649,6,final-3068,0,large,0.025000000000000001,1,0.15626646087411103
menu_feedback,2,2.5000000000000001e-05,0.34368963953436271,75,0.064224041139081992,3,2,1,0.53652641482811247,6,final-3068,4,large,2.5000000000000001e-05,1,0.063940080402197078
menu_feedback,3,0.00062500000000000001,0.98834650268595825,128,0.066250673116342584,3,3,0,0.98834650268595825,6,final-3068,2,large,0.00062500000000000001,1,0.12757988102673207
menu_feedback,4,6.2500000000000001e-05,0.0016987475406998478,1,0.5,3,4,1,0.0016987475406998478,6,final-3068,-1,large,6.2500000000000001e-05,1,0.33325027279405373
menu_feedback,5,6.2500000000000003e-06,0.00078983668756666748,2,0.5,3,5,1,0.00078983668756666748,6,final-3068,-1,large,6.2500000000000003e-06,1,0.44324362575559956
menu_feedback,6,6.2500000000000005e-07,0.16116211574085837,128,0.36550309006775322,3,6,0,0.16116211574085837,6,final-3068,-1,large,6.2500000000000005e-07,1,0.70314452053250498
menu_feedback,7,6.250000000000001e-08,0.01935423505235476,128,0.5,3,7,0,0.01935423505235476,6,final-3068,-1,large,6.250000000000001e-08,1,0.71806576802228783
menu_feedback,0,0.10000000000000001,0.75398232545946309,1,0.5,3,0,1,0.76152214871405732,7,final-3068,0,large,0.10000000000000001,1,0.34104864249907779
menu_feedback,1,0.00025000000000000001,0.10431525868626941,7,0.15946534686215577,3,1,1,0.10431525868626941,7,final-3068,3,large,0.00025000000000000001,1,0.15623169482346352
menu_feedback,2,0.00025000000000000001,0.86794176902342024,116,0.048010074626117637,3,2,1,0.92196433262764876,7,final-3068,3,large,0.00025000000000000001,1,0.047677306411837123
menu_feedback,3,0.00062500000000000001,0.9884538082858495,128,0.078354610675327521,3,3,0,0.9884538082858495,7,final-3068,2,large,0.00062500000000000001,1,0.1474151965550709
menu_feedback,4,6.2500000000000001e-05,0.0016807553448562047,1,0.5,3,4,1,0.0016807553448562047,7,final-3068,-1,large,6.2500000000000001e-05,1,0.33011689784367521
menu_feedback,5,6.2500000000000003e-06,0.64331080537985763,128,0.24645861071781042,3,5,0,0.64331080537985763,7,final-3068,-1,large,6.2500000000000003e-06,1,0.44767651208814041
menu_feedback,6,0.0001,0.86526672371595281,101,0.5,3,5,1,0.95105281302714717,7,final-3068,-1,large,0.0001,1,0.48592321046269665
menu_feedback,7,0.0001,0.90450658891882907,106,0.5,3,6,1,0.96134897118601315,7,final-3068,-1,large,0.0001,1,0.49670972536608266
menu_feedback,8,1.0000000000000001e-05,0.33892437013379445,128,0.27913950877074967,3,7,0,0.78280368236796227,7,final-3068,-1,large,1.0000000000000001e-05,1,1.2802931467617167
menu_feedback,0,0.10000000000000001,0.75398232545946309,1,0.5,3,0,1,0.76152214871405732,8,final-3068,0,large,0.10000000000000001,1,0.34104864249907779
menu_feedback,1,0.00025000000000000001,0.10431525868627069,7,0.15946534686215577,3,1,1,0.10431525868627069,8,final-3068,3,large,0.00025000000000000001,1,0.15623169482346347
menu_feedback,2,0.00025000000000000001,0.86794176283401725,116,0.04801007462611754,3,2,1,0.92196432990098831,8,final-3068,3,large,0.00025000000000000001,1,0.047677309320517919
menu_feedback,3,0.00062500000000000001,0.9884537810118289,128,0.078355032915639111,3,3,0,0.9884537810118289,8,final-3068,2,large,0.00062500000000000001,1,0.14743292609210124
menu_feedback,4,6.2500000000000001e-05,0.0016807534712315018,1,0.5,3,4,1,0.0016807534712315018,8,final-3068,-1,large,6.2500000000000001e-05,1,0.33011654278711605
menu_feedback,5,6.2500000000000003e-06,0.64331160504417761,128,0.24645817107304444,3,5,0,0.64331160504417761,8,final-3068,-1,large,6.2500000000000003e-06,1,0.44768703470491383
menu_feedback,6,0.0001,0.86526648544064833,101,0.5,3,5,1,0.95105277157814561,8,final-3068,-1,large,0.0001,1,0.48597356173637279
menu_feedback,7,0.0001,0.90450659768505948,106,0.5,3,6,1,0.96134882857672199,8,final-3068,-1,large,0.0001,1,0.49712141199393761
menu_feedback,8,1.0000000000000001e-05,0.33892343386494717,128,0.2791302867751031,3,7,0,0.7828048050877161,8,final-3068,-1,large,1.0000000000000001e-05,1,1.2803189469839473
menu_feedback,0,0.10000000000000001,0.75398232545946309,1,0.5,3,0,1,0.76152214871405732,9,final-3068,2,large,0.10000000000000001,1,0.34104864249907785
menu_feedback,1,0.025000000000000001,0.88120026338135649,7,0.16936596082616415,3,1,1,0.88120026338135649,9,final-3068,0,large,0.025000000000000001,1,0.15626646087411111
menu_feedback,2,2.5000000000000001e-05,0.34368963953436604,75,0.064224041139081756,3,2,1,0.53652641482811425,9,final-3068,4,large,2.5000000000000001e-05,1,0.063940080402197813
menu_feedback,3,0.00062500000000000001,0.98834650033939642,128,0.066250673120287693,3,3,0,0.98834650033939642,9,final-3068,2,large,0.00062500000000000001,1,0.12758170239091299
menu_feedback,4,6.2500000000000001e-05,0.0016987470559508275,1,0.5,3,4,1,0.0016987470559508275,9,final-3068,-1,large,6.2500000000000001e-05,1,0.33325023344871185
menu_feedback,5,6.2500000000000003e-06,0.00078983628813781626,2,0.5,3,5,1,0.00078983628813781626,9,final-3068,-1,large,6.2500000000000003e-06,1,0.44324386592876691
menu_feedback,6,6.2500000000000005e-07,0.16116365093054022,128,0.36550347166901292,3,6,0,0.16116365093054022,9,final-3068,-1,large,6.2500000000000005e-07,1,0.70315266435588819
menu_feedback,7,6.250000000000001e-08,0.01935437869243016,128,0.5,3,7,0,0.01935437869243016,9,final-3068,-1,large,6.250000000000001e-08,1,0.7180671316199837
menu_feedback,0,0.10000000000000001,0.75945561271499162,1,0.5,3,0,1,0.76705016884214106,0,final-4585,1,large,0.10000000000000001,1,0.32635804444003724
menu_feedback,1,0.0025000000000000005,0.53529547072034656,8,0.14078784235833153,3,1,1,0.53529547072034656,0,final-4585,4,large,0.0025000000000000005,1,0.12406067631481954
menu_feedback,2,0.025000000000000008,0.96380807410464031,19,0.090368626615117825,3,2,1,0.96380807410464031,0,final-4585,2,large,0.025000000000000008,1,0.087188187640508896
menu_feedback,3,0.0025000000000000009,0.83211618900659479,13,0.22590762226668712,3,3,1,0.83211618900659479,0,final-4585,-1,large,0.0025000000000000009,1,0.20803244491041475
menu_feedback,4,0.00025000000000000011,0.80328336030399916,33,0.26128823862263656,3,4,1,0.80328336030399916,0,final-4585,-1,large,0.00025000000000000011,1,0.25908908597328428
menu_feedback,5,2.5000000000000011e-05,0.7051768871958719,76,0.4039810783872731,3,5,1,0.7051768871958719,0,final-4585,-1,large,2.5000000000000011e-05,1,0.39611654326052137
menu_feedback,6,2.5000000000000015e-06,0.00023951431807449011,2,0.5,3,6,1,0.00023951431807449011,0,final-4585,-1,large,2.5000000000000015e-06,1,0.49152324498098632
menu_feedback,7,2.5000000000000015e-07,2.2136214410904222e-05,2,0.5,3,7,1,2.2136214410904222e-05,0,final-4585,-1,large,2.5000000000000015e-07,1,0.47509238372103735
menu_feedback,0,0.10000000000000001,0.7594556127149914,1,0.5,3,0,1,0.76705016884214083,1,final-4585,2,large,0.10000000000000001,1,0.32635804444003713
menu_feedback,1,0.025000000000000001,0.87249596878818803,7,0.14748479447238802,3,1,1,0.87249596878818803,1,final-4585,3,large,0.025000000000000001,1,0.14350131115080428
menu_feedback,2,0.025000000000000001,0.9641356306007155,19,0.090183150235829401,3,2,1,0.9641356306007155,1,final-4585,2,large,0.025000000000000001,1,0.089825086980218974
menu_feedback,3,0.0025000000000000005,0.79023848798517804,10,0.24928121547162718,3,3,1,0.79023848798517804,1,final-4585,-1,large,0.0025000000000000005,1,0.2317433883303224
menu_feedback,4,0.00025000000000000006,0.073087089114795611,4,0.4842800211178685,3,4,1,0.073087089114795611,1,final-4585,-1,large,0.00025000000000000006,1,0.4255760967710322
menu_feedback,5,2.5000000000000008e-05,0.0010604573991847843,1,0.5,3,5,1,0.0010604573991847843,1,final-4585,-1,large,2.5000000000000008e-05,1,0.44808128761586347
menu_feedback,6,2.5000000000000011e-06,0.013942428233491025,15,0.5,3,6,1,0.013942428233491025,1,final-4585,-1,large,2.5000000000000011e-06,1,0.46367568635760892
menu_feedback,7,2.5000000000000009e-07,0.0036050891083805677,28,0.5,3,7,1,0.0036050891083805677,1,final-4585,-1,large,2.5000000000000009e-07,1,0.49390566079630466
menu_feedback,0,0.10000000000000001,0.7594556127149914,1,0.5,3,0,1,0.76705016884214083,2,final-4585,2,large,0.10000000000000001,1,0.32635804444003713
menu_feedback,1,0.025000000000000001,0.87249596878818825,7,0.14748479447238819,3,1,1,0.87249596878818825,2,final-4585,3,large,0.025000000000000001,1,0.14350131115080439
menu_feedback,2,0.025000000000000001,0.96413563060071561,19,0.090183150235829193,3,2,1,0.96413563060071561,2,final-4585,2,large,0.025000000000000001,1,0.089825086980219737
menu_feedback,3,0.0025000000000000005,0.79023848798514018,10,0.24928121547166116,3,3,1,0.79023848798514018,2,final-4585,-1,large,0.0025000000000000005,1,0.23174338833024721
menu_feedback,4,0.00025000000000000006,0.073087089115587936,4,0.4842800203715999,3,4,1,0.073087089115587936,2,final-4585,-1,large,0.00025000000000000006,1,0.42557609688834946
menu_feedback,5,2.5000000000000008e-05,0.0010604573989603399,1,0.5,3,5,1,0.0010604573989603399,2,final-4585,-1,large,2.5000000000000008e-05,1,0.44808128680588388
menu_feedback,6,2.5000000000000011e-06,0.013942428178142178,15,0.5,3,6,1,0.013942428178142178,2,final-4585,-1,large,2.5000000000000011e-06,1,0.46367567771214352
menu_feedback,7,2.5000000000000009e-07,0.0036050890096786786,28,0.5,3,7,1,0.0036050890096786786,2,final-4585,-1,large,2.5000000000000009e-07,1,0.49390569794337186
menu_feedback,0,0.10000000000000001,0.7594556127149914,1,0.5,3,0,1,0.76705016884214094,3,final-4585,0,large,0.10000000000000001,1,0.32635804444003713
menu_feedback,1,0.00025000000000000001,0.12016190947937398,8,0.13576863984269746,3,1,1,0.12016190947937398,3,final-4585,4,large,0.00025000000000000001,1,0.12752387812232827
menu_feedback,2,0.0025000000000000005,0.83728261030508766,20,0.074531184616253549,3,2,1,0.83728261030508766,3,final-4585,3,large,0.0025000000000000005,1,0.070038834176988043
menu_feedback,3,0.0025000000000000005,0.99432156925654225,128,0.032590053008590428,3,3,0,0.9945310480887023,3,final-4585,4,large,0.0025000000000000005,1,0.15401869249091626
menu_feedback,4,0.025000000000000008,0.99073723434517735,19,0.5,3,4,1,0.99073723434517735,3,final-4585,1,large,0.025000000000000008,1,0.48371314361498535
menu_feedback,5,0.00025000000000000011,0.8224446675493019,28,0.5,3,5,1,0.8224446675493019,3,final-4585,-1,large,0.00025000000000000011,1,0.49749747088531004
menu_feedback,6,2.5000000000000011e-05,0.026777519604299603,7,0.5,3,6,1,0.026777519604299603,3,final-4585,-1,large,2.5000000000000011e-05,1,0.49267285874880073
menu_feedback,7,2.5000000000000015e-06,0.00091565603620048634,4,0.5,3,7,1,0.00091565603620048634,3,final-4585,-1,large,2.5000000000000015e-06,1,0.31909280502961312
menu_feedback,0,0.10000000000000001,0.7594556127149914,1,0.5,3,0,1,0.76705016884214094,4,final-4585,2,large,0.10000000000000001,1,0.32635804444003713
menu_feedback,1,0.025000000000000001,0.87249596878818814,7,0.14748479447238819,3,1,1,0.87249596878818814,4,final-4585,3,large,0.025000000000000001,1,0.14350131115080425
menu_feedback,2,0.025000000000000001,0.96413563060071539,19,0.090183150235828957,3,2,1,0.96413563060071539,4,final-4585,2,large,0.025000000000000001,1,0.089825086980218599
menu_feedback,3,0.0025000000000000005,0.79023848798519314,10,0.2492812154716155,3,3,1,0.79023848798519314,4,final-4585,-1,large,0.0025000000000000005,1,0.2317433883303486
menu_feedback,4,0.00025000000000000006,0.073087089116873172,4,0.48428002156710059,3,4,1,0.073087089116873172,4,final-4585,-1,large,0.00025000000000000006,1,0.42557609672445851
menu_feedback,5,2.5000000000000008e-05,0.0010604574010638283,1,0.5,3,5,1,0.0010604574010638283,4,final-4585,-1,large,2.5000000000000008e-05,1,0.44808128737380637
menu_feedback,6,2.5000000000000011e-06,0.013942428086135713,15,0.5,3,6,1,0.013942428086135713,4,final-4585,-1,large,2.5000000000000011e-06,1,0.46367567314091895
menu_feedback,7,2.5000000000000009e-07,0.0036050895432095868,28,0.5,3,7,1,0.0036050895432095868,4,final-4585,-1,large,2.5000000000000009e-07,1,0.49390581587472937
menu_feedback,0,0.10000000000000001,0.75945561271499129,1,0.5,3,0,1,0.76705016884214106,5,final-4585,2,large,0.10000000000000001,1,0.32635804444003719
menu_feedback,1,0.025000000000000001,0.87249596878818803,7,0.14748479447238808,3,1,1,0.87249596878818803,5,final-4585,3,large,0.025000000000000001,1,0.14350131115080428
menu_feedback,2,0.025000000000000001,0.9641356306007165,19,0.090183150235829027,3,2,1,0.9641356306007165,5,final-4585,2,large,0.025000000000000001,1,0.089825086980227967
menu_feedback,3,0.0025000000000000005,0.79023848798499785,10,0.24928121547173496,3,3,1,0.79023848798499785,5,final-4585,-1,large,0.0025000000000000005,1,0.23174338832999708
menu_feedback,4,0.00025000000000000006,0.073087088994352747,4,0.48428001427262174,3,4,1,0.073087088994352747,5,final-4585,-1,large,0.00025000000000000006,1,0.42557609645133038
menu_feedback,5,2.5000000000000008e-05,0.0010604573748419462,1,0.5,3,5,1,0.0010604573748419462,5,final-4585,-1,large,2.5000000000000008e-05,1,0.44808127602379044
menu_feedback,6,2.5000000000000011e-06,0.013942427301817278,15,0.5,3,6,1,0.013942427301817278,5,final-4585,-1,large,2.5000000000000011e-06,1,0.46367572175538729
menu_feedback,7,2.5000000000000009e-07,0.0036050899284162511,28,0.5,3,7,1,0.0036050899284162511,5,final-4585,-1,large,2.5000000000000009e-07,1,0.49390581752987767
menu_feedback,0,0.10000000000000001,0.7594556127149914,1,0.5,3,0,1,0.76705016884214083,6,final-4585,2,large,0.10000000000000001,1,0.32635804444003713
menu_feedback,1,0.025000000000000001,0.87249596878818814,7,0.1474847944723881,3,1,1,0.87249596878818814,6,final-4585,3,large,0.025000000000000001,1,0.14350131115080428
menu_feedback,2,0.025000000000000001,0.96413563060071517,19,0.090183150235829207,3,2,1,0.96413563060071517,6,final-4585,2,large,0.025000000000000001,1,0.089825086980218294
menu_feedback,3,0.0025000000000000005,0.79023848798520469,10,0.24928121547159468,3,3,1,0.79023848798520469,6,final-4585,-1,large,0.0025000000000000005,1,0.23174338833035957
menu_feedback,4,0.00025000000000000006,0.073087089115659365,4,0.48428002150039146,3,4,1,0.073087089115659365,6,final-4585,-1,large,0.00025000000000000006,1,0.42557609672346897
menu_feedback,5,2.5000000000000008e-05,0.0010604573999942149,1,0.5,3,5,1,0.0010604573999942149,6,final-4585,-1,large,2.5000000000000008e-05,1,0.44808128873785869
menu_feedback,6,2.5000000000000011e-06,0.013942428079538946,15,0.5,3,6,1,0.013942428079538946,6,final-4585,-1,large,2.5000000000000011e-06,1,0.46367567288494499
menu_feedback,7,2.5000000000000009e-07,0.0036050893783690424,28,0.5,3,7,1,0.0036050893783690424,6,final-4585,-1,large,2.5000000000000009e-07,1,0.49390583407826255
menu_feedback,0,0.10000000000000001,0.7594556127149914,1,0.5,3,0,1,0.76705016884214083,7,final-4585,2,large,0.10000000000000001,1,0.32635804444003713
menu_feedback,1,0.025000000000000001,0.87249596878818814,7,0.1474847944723881,3,1,1,0.87249596878818814,7,final-4585,3,large,0.025000000000000001,1,0.14350131115080442
menu_feedback,2,0.025000000000000001,0.96413563060071494,19,0.090183150235829346,3,2,1,0.96413563060071494,7,final-4585,2,large,0.025000000000000001,1,0.08982508698021538
menu_feedback,3,0.0025000000000000005,0.79023848798526586,10,0.2492812154715659,3,3,1,0.79023848798526586,7,final-4585,-1,large,0.0025000000000000005,1,0.23174338833047184
menu_feedback,4,0.00025000000000000006,0.073087089125696392,4,0.48428002383685287,3,4,1,0.073087089125696392,7,final-4585,-1,large,0.00025000000000000006,1,0.42557609647435901
menu_feedback,5,2.5000000000000008e-05,0.0010604573964326414,1,0.5,3,5,1,0.0010604573964326414,7,final-4585,-1,large,2.5000000000000008e-05,1,0.44808128146686033
menu_feedback,6,2.5000000000000011e-06,0.013942427726314625,15,0.5,3,6,1,0.013942427726314625,7,final-4585,-1,large,2.5000000000000011e-06,1,0.46367567515917923
menu_feedback,7,2.5000000000000009e-07,0.0036050899501881713,28,0.5,3,7,1,0.0036050899501881713,7,final-4585,-1,large,2.5000000000000009e-07,1,0.49390584515118058
menu_feedback,0,0.10000000000000001,0.75945561271499162,1,0.5,3,0,1,0.76705016884214106,8,final-4585,2,large,0.10000000000000001,1,0.32635804444003713
menu_feedback,1,0.025000000000000001,0.87249596878818814,7,0.14748479447238816,3,1,1,0.87249596878818814,8,final-4585,3,large,0.025000000000000001,1,0.14350131115080408
menu_feedback,2,0.025000000000000001,0.96413563060071528,19,0.090183150235829401,3,2,1,0.96413563060071528,8,final-4585,2,large,0.025000000000000001,1,0.089825086980218391
menu_feedback,3,0.0025000000000000005,0.79023848798522511,10,0.24928121547157858,3,3,1,0.79023848798522511,8,final-4585,-1,large,0.0025000000000000005,1,0.23174338833039443
menu_feedback,4,0.00025000000000000006,0.073087089120028662,4,0.48428002223448002,3,4,1,0.073087089120028662,8,final-4585,-1,large,0.00025000000000000006,1,0.42557609665721824
menu_feedback,5,2.5000000000000008e-05,0.0010604574069601272,1,0.5,3,5,1,0.0010604574069601272,8,final-4585,-1,large,2.5000000000000008e-05,1,0.44808129204492514
menu_feedback,6,2.5000000000000011e-06,0.013942427978520834,15,0.5,3,6,1,0.013942427978520834,8,final-4585,-1,large,2.5000000000000011e-06,1,0.46367568682013882
menu_feedback,7,2.5000000000000009e-07,0.0036050893909366894,28,0.5,3,7,1,0.0036050893909366894,8,final-4585,-1,large,2.5000000000000009e-07,1,0.49390580204685797
menu_feedback,0,0.10000000000000001,0.7594556127149914,1,0.5,3,0,1,0.76705016884214083,9,final-4585,0,large,0.10000000000000001,1,0.32635804444003713
menu_feedback,1,0.00025000000000000001,0.12016190947936918,8,0.13576863984269746,3,1,1,0.12016190947936918,9,final-4585,4,large,0.00025000000000000001,1,0.12752387812232824
menu_feedback,2,0.0025000000000000005,0.83728261030507489,20,0.074531184616252674,3,2,1,0.83728261030507489,9,final-4585,3,large,0.0025000000000000005,1,0.070038834176982381
menu_feedback,3,0.0025000000000000005,0.99432315314992592,128,0.032590053008462114,3,3,0,0.99453434947866259,9,final-4585,4,large,0.0025000000000000005,1,0.15538810520764834
menu_feedback,4,0.025000000000000008,0.99073723462656138,19,0.5,3,4,1,0.99073723462656138,9,final-4585,1,large,0.025000000000000008,1,0.48371316367135986
menu_feedback,5,0.00025000000000000011,0.8224446360751887,28,0.5,3,5,1,0.8224446360751887,9,final-4585,-1,large,0.00025000000000000011,1,0.49749747218531382
menu_feedback,6,2.5000000000000011e-05,0.026777966237140471,7,0.5,3,6,1,0.026777966237140471,9,final-4585,-1,large,2.5000000000000011e-05,1,0.49269039148930976
menu_feedback,7,2.5000000000000015e-06,0.00091504342579377907,4,0.5,3,7,1,0.00091504342579377907,9,final-4585,-1,large,2.5000000000000015e-06,1,0.31829567404143733
menu_feedback,0,0.10000000000000001,0.7871725790334354,1,0.5,3,0,1,0.79504430482376964,0,dubrovnik-88,1,small,0.10000000000000001,1,0.32139868052715581
menu_feedback,1,0.0025000000000000005,0.67204902520001153,8,0.14595271532925455,3,1,1,0.67204902520001153,0,dubrovnik-88,2,small,0.0025000000000000005,1,0.1284392168024944
menu_feedback,2,0.00025000000000000006,0.84413756807401641,68,0.035485305762279554,3,2,1,0.84413756807401641,0,dubrovnik-88,1,small,0.00025000000000000006,1,0.035135002626419408
menu_feedback,3,2.5000000000000011e-06,0.43025827380701981,117,0.073095900128504712,3,3,1,0.43025827380701981,0,dubrovnik-88,4,small,2.5000000000000011e-06,1,0.071415267980988628
menu_feedback,4,2.5000000000000011e-05,0.92991926896387067,128,0.094878025724912121,3,4,0,0.92991926896387067,0,dubrovnik-88,3,small,2.5000000000000011e-05,1,0.37761240582170835
menu_feedback,0,0.10000000000000001,0.7871725790334354,1,0.5,3,0,1,0.79504430482376975,1,dubrovnik-88,2,small,0.10000000000000001,1,0.32139868052715576
menu_feedback,1,0.025000000000000001,0.93117833896351998,8,0.15315903254996219,3,1,1,0.93117833896351998,1,dubrovnik-88,1,small,0.025000000000000001,1,0.11701589354651601
menu_feedback,2,0.00025000000000000006,0.79410829085898038,54,0.043796500548796802,3,2,1,0.79410829085898038,1,dubrovnik-88,1,small,0.00025000000000000006,1,0.043240333107285367
menu_feedback,3,2.5000000000000011e-06,0.38323426049752435,116,0.073748719007884822,3,3,1,0.41515219640997975,1,dubrovnik-88,4,small,2.5000000000000011e-06,1,0.071171887522431504
menu_feedback,4,2.5000000000000011e-05,0.9239608229931674,128,0.11259930399930083,3,4,0,0.9239608229931674,1,dubrovnik-88,3,small,2.5000000000000011e-05,1,0.28705452266337972
menu_feedback,5,2.5000000000000011e-05,0.96122583855231403,128,0.17358505476134792,3,5,0,0.96122583855231403,1,dubrovnik-88,3,small,2.5000000000000011e-05,1,0.54596714361163456
menu_feedback,0,0.10000000000000001,0.78717257903343529,1,0.5,3,0,1,0.79504430482376964,2,dubrovnik-88,0,small,0.10000000000000001,1,0.32139868052715576
menu_feedback,1,0.00025000000000000001,0.1931170165596193,8,0.14219326589201459,3,1,1,0.1931170165596193,2,dubrovnik-88,3,small,0.00025000000000000001,1,0.12908466254647799
menu_feedback,2,0.00025000000000000001,0.87181595216371188,85,0.031222763664570628,3,2,1,0.87181595216371188,2,dubrovnik-88,0,small,0.00025000000000000001,1,0.030833346531156231
menu_feedback,3,6.2500000000000005e-07,0.18502916232474428,128,0.034316576077334036,3,3,0,0.18502916232474428,2,dubrovnik-88,-1,small,6.2500000000000005e-07,1,0.10638941815111395
menu_feedback,4,1.0000000000000001e-05,0.00091298782636869003,2,0.5,3,3,1,0.00091298782636869003,2,dubrovnik-88,0,small,1.0000000000000001e-05,1,0.37684567190379725
menu_feedback,5,1.0000000000000002e-08,0.00056432828572482521,128,0.24652628452758438,3,4,0,0.003742364691067381,2,dubrovnik-88,0,small,1.0000000000000002e-08,1,0.2798379197778636
menu_feedback,6,1.0000000000000002e-10,5.8284487175843561e-07,14,0.5,3,5,1,5.8284487175843561e-07,2,dubrovnik-88,4,small,1.0000000000000002e-10,1,0.48194856646161782
menu_feedback,0,0.10000000000000001,0.78717257903343552,1,0.5,3,0,1,0.79504430482376987,3,dubrovnik-88,2,small,0.10000000000000001,1,0.32139868052715576
menu_feedback,1,0.025000000000000001,0.93117833896351987,8,0.15315903254996227,3,1,1,0.93117833896351987,3,dubrovnik-88,1,small,0.025000000000000001,1,0.11701589354651599
menu_feedback,2,0.00025000000000000006,0.7986749403560095,55,0.043796500548797822,3,2,1,0.7986749403560095,3,dubrovnik-88,1,small,0.00025000000000000006,1,0.041975081019304819
menu_feedback,3,2.5000000000000011e-06,0.38728926372249467,118,0.074612023004259967,3,3,1,0.41842005903554463,3,dubrovnik-88,4,small,2.5000000000000011e-06,1,0.073922198484037957
menu_feedback,4,2.5000000000000011e-05,0.92477077951970177,128,0.10477131821579518,3,4,0,0.92477077951970177,3,dubrovnik-88,3,small,2.5000000000000011e-05,1,0.32071677616470257
menu_feedback,5,2.5000000000000011e-05,0.96141935495192221,128,0.14990233717851492,3,5,0,0.96141935495192221,3,dubrovnik-88,3,small,2.5000000000000011e-05,1,0.66976801539671549
menu_feedback,0,0.10000000000000001,0.78717257903343529,1,0.5,3,0,1,0.79504430482376964,4,dubrovnik-88,0,small,0.10000000000000001,1,0.32139868052715581
menu_feedback,1,0.00025000000000000001,0.19311701655961883,8,0.14219326589201456,3,1,1,0.19311701655961883,4,dubrovnik-88,3,small,0.00025000000000000001,1,0.12908466254647774
menu_feedback,2,0.00025000000000000001,0.89706971708835681,101,0.031222763664569744,3,2,1,0.89706971708835681,4,dubrovnik-88,1,small,0.00025000000000000001,1,0.029756719064911209
menu_feedback,3,6.2500000000000003e-06,0.68514986022838509,128,0.029857891487296534,3,3,0,0.68514986022838509,4,dubrovnik-88,4,small,6.2500000000000003e-06,1,0.1234332648219689
menu_feedback,4,6.2500000000000001e-05,0.96755147543065068,128,0.030008206695954817,3,4,0,0.96755147543065068,4,dubrovnik-88,2,small,6.2500000000000001e-05,1,1.0198131903903067
menu_feedback,0,0.10000000000000001,0.78717257903343518,1,0.5,3,0,1,0.79504430482376953,5,dubrovnik-88,2,small,0.10000000000000001,1,0.32139868052715576
menu_feedback,1,0.025000000000000001,0.93117833896351998,8,0.15315903254996208,3,1,1,0.93117833896351998,5,dubrovnik-88,1,small,0.025000000000000001,1,0.11701589354651568
menu_feedback,2,0.00025000000000000006,0.79405967077137929,54,0.043796500548796913,3,2,1,0.79405967077137929,5,dubrovnik-88,1,small,0.00025000000000000006,1,0.042776808457082927
menu_feedback,3,2.5000000000000011e-06,0.38320756414330198,116,0.0738000810393869,3,3,1,0.41520125466833163,5,dubrovnik-88,4,small,2.5000000000000011e-06,1,0.070842312914085284
menu_feedback,4,2.5000000000000011e-05,0.92436928753486369,128,0.11355278449516738,3,4,0,0.92436928753486369,5,dubrovnik-88,3,small,2.5000000000000011e-05,1,0.29014528588704291
menu_feedback,5,2.5000000000000011e-05,0.96126374637550438,128,0.1656270556090273,3,5,0,0.96126374637550438,5,dubrovnik-88,3,small,2.5000000000000011e-05,1,0.5437549580318255
menu_feedback,0,0.10000000000000001,0.78717257903343529,1,0.5,3,0,1,0.79504430482376964,6,dubrovnik-88,1,small,0.10000000000000001,1,0.32139868052715576
menu_feedback,1,0.0025000000000000005,0.67204902520001231,8,0.14595271532925438,3,1,1,0.67204902520001231,6,dubrovnik-88,2,small,0.0025000000000000005,1,0.12843921680249482
menu_feedback,2,0.00025000000000000006,0.84279938032794377,67,0.035485305762280032,3,2,1,0.84279938032794377,6,dubrovnik-88,1,small,0.00025000000000000006,1,0.034798047894409531
menu_feedback,3,2.5000000000000011e-06,0.43537471921880666,128,0.069904678898757885,3,3,0,0.44737658183880885,6,dubrovnik-88,4,small,2.5000000000000011e-06,1,0.075939270198064762
menu_feedback,4,2.5000000000000011e-05,0.93034903585304018,128,0.10343995650999925,3,4,0,0.93034903585304018,6,dubrovnik-88,3,small,2.5000000000000011e-05,1,0.38765739485268924
menu_feedback,0,0.10000000000000001,0.78717257903343529,1,0.5,3,0,1,0.79504430482376975,7,dubrovnik-88,0,small,0.10000000000000001,1,0.32139868052715581
menu_feedback,1,0.00025000000000000001,0.19311701655961733,8,0.14219326589201456,3,1,1,0.19311701655961733,7,dubrovnik-88,3,small,0.00025000000000000001,1,0.1290846625464778
menu_feedback,2,0.00025000000000000001,0.87180751143827806,85,0.031222763664570861,3,2,1,0.87180751143827806,7,dubrovnik-88,0,small,0.00025000000000000001,1,0.03097621588251134
menu_feedback,3,6.2500000000000005e-07,0.1854882550401,128,0.034320614364628292,3,3,0,0.1854882550401,7,dubrovnik-88,-1,small,6.2500000000000005e-07,1,0.10873990693525575
menu_feedback,4,1.0000000000000001e-05,0.00091319496731596961,2,0.5,3,3,1,0.00091319496731596961,7,dubrovnik-88,0,small,1.0000000000000001e-05,1,0.37687550578649981
menu_feedback,5,1.0000000000000002e-08,0.0005646840694591333,128,0.24654197279341886,3,4,0,0.0037437462133546521,7,dubrovnik-88,0,small,1.0000000000000002e-08,1,0.30724704404402636
menu_feedback,6,1.0000000000000002e-10,4.0912449552968893e-07,11,0.5,3,5,1,4.0912449552968893e-07,7,dubrovnik-88,1,small,1.0000000000000002e-10,1,0.48716514270748618
menu_feedback,0,0.10000000000000001,0.78717257903343518,1,0.5,3,0,1,0.79504430482376953,8,dubrovnik-88,1,small,0.10000000000000001,1,0.32139868052715581
menu_feedback,1,0.0025000000000000005,0.67204902520001153,8,0.14595271532925488,3,1,1,0.67204902520001153,8,dubrovnik-88,2,small,0.0025000000000000005,1,0.12843921680249426
menu_feedback,2,0.00025000000000000006,0.86200354913851063,75,0.035485305762279686,3,2,1,0.86200354913851063,8,dubrovnik-88,1,small,0.00025000000000000006,1,0.035277813181049326
menu_feedback,3,6.250000000000002e-06,0.64990683924930703,119,0.071850026300661798,3,3,1,0.64990683924930703,8,dubrovnik-88,4,small,6.250000000000002e-06,1,0.071116163856135547
menu_feedback,4,6.2500000000000028e-05,0.96470861860912349,128,0.013503277607494316,3,4,0,0.96470861860912349,8,dubrovnik-88,2,small,6.2500000000000028e-05,1,0.92223912954012954
menu_feedback,0,0.10000000000000001,0.78717257903343529,1,0.5,3,0,1,0.79504430482376975,9,dubrovnik-88,1,small,0.10000000000000001,1,0.32139868052715564
menu_feedback,1,0.0025000000000000005,0.67204902520001197,8,0.14595271532925455,3,1,1,0.67204902520001197,9,dubrovnik-88,2,small,0.0025000000000000005,1,0.12843921680249462
menu_feedback,2,0.00025000000000000006,0.8441211376017681,68,0.035485305762280567,3,2,1,0.8441211376017681,9,dubrovnik-88,1,small,0.00025000000000000006,1,0.034891421189744809
menu_feedback,3,2.5000000000000011e-06,0.43843325821917317,122,0.070585601172589177,3,3,1,0.43843325821917317,9,dubrovnik-88,4,small,2.5000000000000011e-06,1,0.06993134059367534
menu_feedback,4,2.5000000000000011e-05,0.92989402025805401,128,0.10174797740023328,3,4,0,0.92989402025805401,9,dubrovnik-88,3,small,2.5000000000000011e-05,1,0.34155341368384984
shared_center,0,0.10000000000000001,0.78717257903343552,1,0.5,1,0,1,0.79504430482376964,0,dubrovnik-88,2,small,0.10000000000000001,1,0.32139868052715564
shared_center,1,0.025000000000000001,0.93117833896351976,8,0.15315903254996233,1,1,1,0.93117833896351976,0,dubrovnik-88,2,small,0.025000000000000001,1,0.11701589354651555
shared_center,2,0.0025000000000000005,0.97452216315104256,119,0.023254504950232062,1,2,1,0.97704895719457518,0,dubrovnik-88,2,small,0.0025000000000000005,1,0.021865388849471982
shared_center,3,0.00025000000000000006,0.013259731803653413,1,0.5,1,3,1,0.013259731803653413,0,dubrovnik-88,2,small,0.00025000000000000006,1,0.48793476182987011
shared_center,4,2.5000000000000008e-05,0.036894368705940511,7,0.5,1,4,1,0.036894368705940511,0,dubrovnik-88,2,small,2.5000000000000008e-05,1,0.48235880764886641
shared_center,5,2.5000000000000011e-06,0.01346009898939227,13,0.42489814027107742,1,5,1,0.01346009898939227,0,dubrovnik-88,2,small,2.5000000000000011e-06,1,0.41370357960729981
shared_center,6,2.5000000000000009e-07,0.015136489223006751,115,0.31288092848486326,1,6,1,0.070779272486424946,0,dubrovnik-88,-1,small,2.5000000000000009e-07,1,0.29548428502643875
shared_center,7,2.5000000000000012e-08,0.0012515687544319017,96,0.5,1,7,1,0.0070795231681073803,0,dubrovnik-88,-1,small,2.5000000000000012e-08,1,0.47443196003509364
shared_center,0,0.10000000000000001,0.78717257903343552,1,0.5,1,0,1,0.79504430482376964,1,dubrovnik-88,2,small,0.10000000000000001,1,0.32139868052715592
shared_center,1,0.025000000000000001,0.93117833896351976,8,0.15315903254996235,1,1,1,0.93117833896351976,1,dubrovnik-88,2,small,0.025000000000000001,1,0.11701589354651561
shared_center,2,0.0025000000000000005,0.97452362075652776,119,0.023254504950231118,1,2,1,0.97705171983186678,1,dubrovnik-88,2,small,0.0025000000000000005,1,0.022693106870109784
shared_center,3,0.00025000000000000006,0.013259480833029379,1,0.5,1,3,1,0.013259480833029379,1,dubrovnik-88,2,small,0.00025000000000000006,1,0.48794565527955075
shared_center,4,2.5000000000000008e-05,0.036876238415406291,7,0.5,1,4,1,0.036876238415406291,1,dubrovnik-88,2,small,2.5000000000000008e-05,1,0.48289458988889844
shared_center,5,2.5000000000000011e-06,0.013504786156652272,13,0.42571550680910836,1,5,1,0.013504786156652272,1,dubrovnik-88,2,small,2.5000000000000011e-06,1,0.4255238602340965
shared_center,6,2.5000000000000009e-07,0.015138112424936526,115,0.32964690492807452,1,6,1,0.070805361630242383,1,dubrovnik-88,-1,small,2.5000000000000009e-07,1,0.31247201237811872
shared_center,7,2.5000000000000012e-08,0.0012434139353419281,95,0.5,1,7,1,0.0070487169761829175,1,dubrovnik-88,-1,small,2.5000000000000012e-08,1,0.46177520190582244
shared_center,0,0.10000000000000001,0.78717257903343529,1,0.5,1,0,1,0.79504430482376964,2,dubrovnik-88,2,small,0.10000000000000001,1,0.32139868052715564
shared_center,1,0.025000000000000001,0.93117833896351998,8,0.15315903254996202,1,1,1,0.93117833896351998,2,dubrovnik-88,2,small,0.025000000000000001,1,0.11701589354651599
shared_center,2,0.0025000000000000005,0.97444978029101759,118,0.023254504950231646,1,2,1,0.97692608425134619,2,dubrovnik-88,2,small,0.0025000000000000005,1,0.021743611804664265
shared_center,3,0.00025000000000000006,0.013259087349111973,1,0.5,1,3,1,0.013259087349111973,2,dubrovnik-88,2,small,0.00025000000000000006,1,0.48789772116940361
shared_center,4,2.5000000000000008e-05,0.036881385500791675,7,0.5,1,4,1,0.036881385500791675,2,dubrovnik-88,2,small,2.5000000000000008e-05,1,0.48279577170914717
shared_center,5,2.5000000000000011e-06,0.013485500395250954,13,0.42555900175114814,1,5,1,0.013485500395250954,2,dubrovnik-88,2,small,2.5000000000000011e-06,1,0.42117345745413926
shared_center,6,2.5000000000000009e-07,0.015144915953334566,115,0.32336963229823273,1,6,1,0.070815953594108833,2,dubrovnik-88,-1,small,2.5000000000000009e-07,1,0.28937951234941789
shared_center,7,2.5000000000000012e-08,0.00125233485144718,96,0.5,1,7,1,0.0070833950711367806,2,dubrovnik-88,-1,small,2.5000000000000012e-08,1,0.46191672012935325
shared_menu,0,0.10000000000000001,0.78717257903343529,1,0.5,2,0,1,0.79504430482376964,0,dubrovnik-88,1,small,0.10000000000000001,1,0.3213986805271557
shared_menu,1,0.025000000000000001,0.93117833896351998,8,0.15315903254996227,2,1,1,0.93117833896351998,0,dubrovnik-88,1,small,0.025000000000000001,1,0.11701589354651573
shared_menu,2,0.0025000000000000005,0.97923823965627099,105,0.028886551615626109,2,2,1,0.97982627156891466,0,dubrovnik-88,0,small,0.0025000000000000005,1,0.025509594096589747
shared_menu,3,0.00062500000000000012,0.082535502674001698,3,0.2981559615528207,2,3,1,0.082535502674001698,0,dubrovnik-88,0,small,0.00062500000000000012,1,0.27060661346891335
shared_menu,4,6.2500000000000015e-05,0.075536194520574682,6,0.5,2,4,1,0.075536194520574682,0,dubrovnik-88,0,small,6.2500000000000015e-05,1,0.48888484613017397
shared_menu,5,6.250000000000002e-06,0.020504572570046811,9,0.45941242183729403,2,5,1,0.020504572570046811,0,dubrovnik-88,-1,small,6.250000000000002e-06,1,0.43547034017733194
shared_menu,6,6.2500000000000026e-07,0.11956102016102001,86,0.34433451426578326,2,6,1,0.11956102016102001,0,dubrovnik-88,-1,small,6.2500000000000026e-07,1,0.33736052216994727
shared_menu,7,6.2500000000000024e-08,0.0036663445062359141,37,0.5,2,7,1,0.0036663445062359141,0,dubrovnik-88,4,small,6.2500000000000024e-08,1,0.44676366855281602
shared_menu,0,0.10000000000000001,0.78717257903343518,1,0.5,2,0,1,0.79504430482376964,1,dubrovnik-88,0,small,0.10000000000000001,1,0.32139868052715564
shared_menu,1,0.025000000000000001,0.93117833896351998,8,0.15315903254996213,2,1,1,0.93117833896351998,1,dubrovnik-88,1,small,0.025000000000000001,1,0.11701589354651605
shared_menu,2,0.0025000000000000005,0.97923818297719889,105,0.028886551615625766,2,2,1,0.97982619688134709,1,dubrovnik-88,0,small,0.0025000000000000005,1,0.025505079598526645
shared_menu,3,0.00062500000000000012,0.082531341689361784,3,0.29838901831920922,2,3,1,0.082531341689361784,1,dubrovnik-88,0,small,0.00062500000000000012,1,0.27044940926555555
shared_menu,4,6.2500000000000015e-05,0.075530996856488411,6,0.5,2,4,1,0.075530996856488411,1,dubrovnik-88,0,small,6.2500000000000015e-05,1,0.48880338770225507
shared_menu,5,6.250000000000002e-06,0.020503833233650768,9,0.45927749384239053,2,5,1,0.020503833233650768,1,dubrovnik-88,-1,small,6.250000000000002e-06,1,0.43564897442656902
shared_menu,6,6.2500000000000026e-07,0.11955967401500144,86,0.34463879505261152,2,6,1,0.11955967401500144,1,dubrovnik-88,-1,small,6.2500000000000026e-07,1,0.33715516728580408
shared_menu,7,6.2500000000000024e-08,0.0036663110468273057,37,0.5,2,7,1,0.0036663110468273057,1,dubrovnik-88,4,small,6.2500000000000024e-08,1,0.44941740611366343
shared_menu,0,0.10000000000000001,0.78717257903343552,1,0.5,2,0,1,0.79504430482376975,2,dubrovnik-88,0,small,0.10000000000000001,1,0.32139868052715576
shared_menu,1,0.025000000000000001,0.93117833896351987,8,0.15315903254996202,2,1,1,0.93117833896351987,2,dubrovnik-88,1,small,0.025000000000000001,1,0.11701589354651568
shared_menu,2,0.0025000000000000005,0.97923831929523752,105,0.028886551615626123,2,2,1,0.97982645774421151,2,dubrovnik-88,0,small,0.0025000000000000005,1,0.025534025539528424
shared_menu,3,0.00062500000000000012,0.082524851154946982,3,0.29874785359678385,2,3,1,0.082524851154946982,2,dubrovnik-88,0,small,0.00062500000000000012,1,0.27021109635682367
shared_menu,4,6.2500000000000015e-05,0.075522456775108923,6,0.5,2,4,1,0.075522456775108923,2,dubrovnik-88,0,small,6.2500000000000015e-05,1,0.48868100509860635
shared_menu,5,6.250000000000002e-06,0.020502620129856718,9,0.4590761035899717,2,5,1,0.020502620129856718,2,dubrovnik-88,-1,small,6.250000000000002e-06,1,0.43589348087720625
shared_menu,6,6.2500000000000026e-07,0.11955791708834879,86,0.34505261522854513,2,6,1,0.11955791708834879,2,dubrovnik-88,-1,small,6.2500000000000026e-07,1,0.33663358368086005
shared_menu,7,6.2500000000000024e-08,0.0036662192368907211,37,0.5,2,7,1,0.0036662192368907211,2,dubrovnik-88,4,small,6.2500000000000024e-08,1,0.44892272631041491
menu_feedback,0,0.10000000000000001,0.92064167453796297,2,0.5,3,0,1,0.93047469416437567,0,ladybug-49,2,small,0.10000000000000001,1,0.4210260222345516
menu_feedback,1,0.025000000000000001,0.97735352090308358,15,0.12184083181747229,3,1,1,0.97735352090308358,0,ladybug-49,0,small,0.025000000000000001,1,0.11821982384163918
menu_feedback,2,6.2500000000000001e-05,0.17702308682744669,11,0.30964659982268328,3,2,1,0.17702308682744669,0,ladybug-49,4,small,6.2500000000000001e-05,1,0.26434488436750991
menu_feedback,3,0.00062500000000000012,0.85838742579364857,15,0.34523713546410889,3,3,1,0.85838742579364857,0,ladybug-49,0,small,0.00062500000000000012,1,0.33241916727186005
menu_feedback,4,6.2500000000000016e-07,0.00042834260998755056,4,0.5,3,4,1,0.00042834260998755056,0,ladybug-49,0,small,6.2500000000000016e-07,1,0.49048269296651409
menu_feedback,5,6.2500000000000022e-10,4.0724193822321804e-05,42,0.43252930219893071,3,5,1,4.0724193822321804e-05,0,ladybug-49,-1,small,6.2500000000000022e-10,1,0.39625917231463414
menu_feedback,6,6.250000000000003e-11,4.2847586226087178e-06,38,0.5,3,6,1,4.2847586226087178e-06,0,ladybug-49,-1,small,6.250000000000003e-11,1,0.49318905367491356
menu_feedback,7,6.2500000000000035e-12,5.9901607218247034e-07,42,0.5,3,7,1,5.9901607218247034e-07,0,ladybug-49,-1,small,6.2500000000000035e-12,1,0.47812128938177895
menu_feedback,0,0.10000000000000001,0.92064167453796286,2,0.5,3,0,1,0.93047469416437556,1,ladybug-49,2,small,0.10000000000000001,1,0.42102602223455127
menu_feedback,1,0.025000000000000001,0.97735352090308358,15,0.12184083181747271,3,1,1,0.97735352090308358,1,ladybug-49,0,small,0.025000000000000001,1,0.11821982384163809
menu_feedback,2,6.2500000000000001e-05,0.17702308682744944,11,0.30964659982266968,3,2,1,0.17702308682744944,1,ladybug-49,4,small,6.2500000000000001e-05,1,0.26434488436749282
menu_feedback,3,0.00062500000000000012,0.85838742579365346,15,0.34523713546414286,3,3,1,0.85838742579365346,1,ladybug-49,0,small,0.00062500000000000012,1,0.33241916727188003
menu_feedback,4,6.2500000000000016e-07,0.00042834261045130437,4,0.5,3,4,1,0.00042834261045130437,1,ladybug-49,0,small,6.2500000000000016e-07,1,0.49048269296679614
menu_feedback,5,6.2500000000000022e-10,4.0724180429088281e-05,42,0.43252930219942637,3,5,1,4.0724180429088281e-05,1,ladybug-49,-1,small,6.2500000000000022e-10,1,0.3962591723216673
menu_feedback,6,6.250000000000003e-11,4.2846116057356414e-06,38,0.5,3,6,1,4.2846116057356414e-06,1,ladybug-49,-1,small,6.250000000000003e-11,1,0.49318905438387567
menu_feedback,7,6.2500000000000035e-12,5.9936207312894869e-07,42,0.5,3,7,1,5.9936207312894869e-07,1,ladybug-49,-1,small,6.2500000000000035e-12,1,0.47812257168627348
menu_feedback,0,0.10000000000000001,0.92064167453796286,2,0.5,3,0,1,0.93047469416437567,2,ladybug-49,2,small,0.10000000000000001,1,0.42102602223455105
menu_feedback,1,0.025000000000000001,0.97735352090308358,15,0.12184083181747202,3,1,1,0.97735352090308358,2,ladybug-49,0,small,0.025000000000000001,1,0.11821982384163872
menu_feedback,2,6.2500000000000001e-05,0.1770230868274589,11,0.30964659982267911,3,2,1,0.1770230868274589,2,ladybug-49,4,small,6.2500000000000001e-05,1,0.26434488436751702
menu_feedback,3,0.00062500000000000012,0.85838742579365002,15,0.34523713546410617,3,3,1,0.85838742579365002,2,ladybug-49,0,small,0.00062500000000000012,1,0.33241916727187204
menu_feedback,4,6.2500000000000016e-07,0.00042834261230712749,4,0.5,3,4,1,0.00042834261230712749,2,ladybug-49,0,small,6.2500000000000016e-07,1,0.49048269296681429
menu_feedback,5,6.2500000000000022e-10,4.0724213911028436e-05,42,0.43252930219966768,3,5,1,4.0724213911028436e-05,2,ladybug-49,-1,small,6.2500000000000022e-10,1,0.39625917232646918
menu_feedback,6,6.250000000000003e-11,4.2843175354593752e-06,38,0.5,3,6,1,4.2843175354593752e-06,2,ladybug-49,-1,small,6.250000000000003e-11,1,0.49318904806025282
menu_feedback,7,6.2500000000000035e-12,5.9868577568477018e-07,42,0.5,3,7,1,5.9868577568477018e-07,2,ladybug-49,-1,small,6.2500000000000035e-12,1,0.47810373658360161
shared_center,0,0.10000000000000001,0.92064167453796286,2,0.5,1,0,1,0.93047469416437545,0,ladybug-49,2,small,0.10000000000000001,1,0.42102602223455099
shared_center,1,0.025000000000000001,0.97735352090308369,15,0.12184083181747124,1,1,1,0.97735352090308369,0,ladybug-49,2,small,0.025000000000000001,1,0.11821982384163857
shared_center,2,0.0025000000000000005,0.9707972735864735,56,0.085944232034706441,1,2,1,0.97701994311783658,0,ladybug-49,2,small,0.0025000000000000005,1,0.078096645812376603
shared_center,3,0.00025000000000000006,0.059220499295840744,2,0.5,1,3,1,0.059220499295840744,0,ladybug-49,2,small,0.00025000000000000006,1,0.46953262815691987
shared_center,4,2.5000000000000008e-05,0.074033896314390779,9,0.5,1,4,1,0.074033896314390779,0,ladybug-49,2,small,2.5000000000000008e-05,1,0.49921078898940252
shared_center,5,2.5000000000000011e-06,0.032429432802249775,15,0.46773524551174084,1,5,1,0.032429432802249775,0,ladybug-49,2,small,2.5000000000000011e-06,1,0.44822269402814702
shared_center,6,2.5000000000000009e-07,0.015804549526324339,54,0.38258042376598572,1,6,1,0.024808865444680667,0,ladybug-49,-1,small,2.5000000000000009e-07,1,0.37868661816559446
shared_center,7,2.5000000000000012e-08,0.0033617735651336037,55,0.5,1,7,1,0.0033617735651336037,0,ladybug-49,-1,small,2.5000000000000012e-08,1,0.45636825233832456
shared_center,8,4.0000000000000019e-07,0.0028072872419727373,35,0.5,1,7,1,0.025473518222751432,0,ladybug-49,2,small,4.0000000000000019e-07,1,0.48896029488036991
shared_center,0,0.10000000000000001,0.92064167453796275,2,0.5,1,0,1,0.93047469416437556,1,ladybug-49,2,small,0.10000000000000001,1,0.42102602223455127
shared_center,1,0.025000000000000001,0.97735352090308369,15,0.12184083181747149,1,1,1,0.97735352090308369,1,ladybug-49,2,small,0.025000000000000001,1,0.11821982384163966
shared_center,2,0.0025000000000000005,0.97079727445542352,56,0.085944232034708148,1,2,1,0.97701994474280818,1,ladybug-49,2,small,0.0025000000000000005,1,0.078095683600738389
shared_center,3,0.00025000000000000006,0.059222814828203518,2,0.5,1,3,1,0.059222814828203518,1,ladybug-49,2,small,0.00025000000000000006,1,0.46949195065181387
shared_center,4,2.5000000000000008e-05,0.074056134556229461,9,0.5,1,4,1,0.074056134556229461,1,ladybug-49,2,small,2.5000000000000008e-05,1,0.49944786379429579
shared_center,5,2.5000000000000011e-06,0.032435372930386508,15,0.46810913813117017,1,5,1,0.032435372930386508,1,ladybug-49,2,small,2.5000000000000011e-06,1,0.44800526425948761
shared_center,6,2.5000000000000009e-07,0.015887585859787775,54,0.38229168902778171,1,6,1,0.024808427116071011,1,ladybug-49,-1,small,2.5000000000000009e-07,1,0.37879732286348117
shared_center,7,2.5000000000000012e-08,0.0033622047134186975,55,0.5,1,7,1,0.0033622047134186975,1,ladybug-49,-1,small,2.5000000000000012e-08,1,0.45265982637869856
shared_center,8,4.0000000000000019e-07,0.0028076546609524192,35,0.5,1,7,1,0.025478496229431904,1,ladybug-49,2,small,4.0000000000000019e-07,1,0.48900439129368001
shared_center,0,0.10000000000000001,0.92064167453796275,2,0.5,1,0,1,0.93047469416437556,2,ladybug-49,2,small,0.10000000000000001,1,0.42102602223455127
shared_center,1,0.025000000000000001,0.97735352090308369,15,0.12184083181747199,1,1,1,0.97735352090308369,2,ladybug-49,2,small,0.025000000000000001,1,0.1182198238416398
shared_center,2,0.0025000000000000005,0.97079725992259658,56,0.085944232034710535,1,2,1,0.97701992094985612,2,ladybug-49,2,small,0.0025000000000000005,1,0.078108408876131782
shared_center,3,0.00025000000000000006,0.059225795829590616,2,0.5,1,3,1,0.059225795829590616,2,ladybug-49,2,small,0.00025000000000000006,1,0.46943973116694437
shared_center,4,2.5000000000000008e-05,0.074095431293272215,9,0.5,1,4,1,0.074095431293272215,2,ladybug-49,2,small,2.5000000000000008e-05,1,0.4998367726473581
shared_center,5,2.5000000000000011e-06,0.032445929097910879,15,0.46871180220957326,1,5,1,0.032445929097910879,2,ladybug-49,2,small,2.5000000000000011e-06,1,0.44764017703949383
shared_center,6,2.5000000000000009e-07,0.015884036458987231,54,0.38182177738351158,1,6,1,0.024812040642068826,2,ladybug-49,-1,small,2.5000000000000009e-07,1,0.37913387834252843
shared_center,7,2.5000000000000012e-08,0.0033625379696991804,55,0.5,1,7,1,0.0033625379696991804,2,ladybug-49,-1,small,2.5000000000000012e-08,1,0.45281461580926202
shared_center,8,4.0000000000000019e-07,0.0028084675011026826,35,0.5,1,7,1,0.025487447520695782,2,ladybug-49,2,small,4.0000000000000019e-07,1,0.48918616195618758
shared_menu,0,0.10000000000000001,0.92064167453796286,2,0.5,2,0,1,0.93047469416437556,0,ladybug-49,2,small,0.10000000000000001,1,0.42102602223455127
shared_menu,1,0.025000000000000001,0.97735352090308369,15,0.12184083181747182,2,1,1,0.97735352090308369,0,ladybug-49,0,small,0.025000000000000001,1,0.11821982384163869
shared_menu,2,0.0062500000000000003,0.99274317044789206,78,0.054224275697136962,2,2,1,0.99274317044789206,0,ladybug-49,0,small,0.0062500000000000003,1,0.053805621600921213
shared_menu,3,0.00062500000000000012,0.056752732349113336,1,0.5,2,3,1,0.056752732349113336,0,ladybug-49,0,small,0.00062500000000000012,1,0.48607711697119249
shared_menu,4,6.2500000000000015e-05,0.077808074163550511,6,0.5,2,4,1,0.077808074163550511,0,ladybug-49,4,small,6.2500000000000015e-05,1,0.47096628451395123
shared_menu,5,6.250000000000002e-06,0.061986845170545327,17,0.45072838656340386,2,5,1,0.061986845170545327,0,ladybug-49,4,small,6.250000000000002e-06,1,0.41290599956170282
shared_menu,6,6.2500000000000026e-07,0.068063647884665845,68,0.27278964627457164,2,6,1,0.068063647884665845,0,ladybug-49,-1,small,6.2500000000000026e-07,1,0.25351777746899762
shared_menu,7,6.2500000000000024e-08,0.0077593374368416209,53,0.5,2,7,1,0.0077593374368416209,0,ladybug-49,-1,small,6.2500000000000024e-08,1,0.47333999904184326
shared_menu,0,0.10000000000000001,0.92064167453796286,2,0.5,2,0,1,0.93047469416437567,1,ladybug-49,2,small,0.10000000000000001,1,0.42102602223455121
shared_menu,1,0.025000000000000001,0.97735352090308358,15,0.12184083181747046,2,1,1,0.97735352090308358,1,ladybug-49,0,small,0.025000000000000001,1,0.11821982384163927
shared_menu,2,0.0062500000000000003,0.99261457372783624,75,0.054224275697135692,2,2,1,0.99261457372783624,1,ladybug-49,0,small,0.0062500000000000003,1,0.053954292532438164
shared_menu,3,0.00062500000000000012,0.056822047663117388,1,0.5,2,3,1,0.056822047663117388,1,ladybug-49,0,small,0.00062500000000000012,1,0.48595458478983622
shared_menu,4,6.2500000000000015e-05,0.077978445499869486,6,0.5,2,4,1,0.077978445499869486,1,ladybug-49,4,small,6.2500000000000015e-05,1,0.46916852913686508
shared_menu,5,6.250000000000002e-06,0.059569171629875788,16,0.45035555896438284,2,5,1,0.059569171629875788,1,ladybug-49,4,small,6.250000000000002e-06,1,0.43267797444356515
shared_menu,6,6.2500000000000026e-07,0.06346277867171092,63,0.28724363086176574,2,6,1,0.06346277867171092,1,ladybug-49,-1,small,6.2500000000000026e-07,1,0.26689185312055752
shared_menu,7,6.2500000000000024e-08,0.0075399830880680408,52,0.5,2,7,1,0.0075399830880680408,1,ladybug-49,-1,small,6.2500000000000024e-08,1,0.4820271629416954
shared_menu,0,0.10000000000000001,0.92064167453796297,2,0.5,2,0,1,0.93047469416437578,2,ladybug-49,2,small,0.10000000000000001,1,0.42102602223455182
shared_menu,1,0.025000000000000001,0.97735352090308358,15,0.12184083181747336,2,1,1,0.97735352090308358,2,ladybug-49,0,small,0.025000000000000001,1,0.11821982384163818
shared_menu,2,0.0062500000000000003,0.99261454996815202,75,0.054224275697139522,2,2,1,0.99261454996815202,2,ladybug-49,0,small,0.0062500000000000003,1,0.053994647275525408
shared_menu,3,0.00062500000000000012,0.056822518529550524,1,0.5,2,3,1,0.056822518529550524,2,ladybug-49,0,small,0.00062500000000000012,1,0.48594341872271712
shared_menu,4,6.2500000000000015e-05,0.077982268589741985,6,0.5,2,4,1,0.077982268589741985,2,ladybug-49,4,small,6.2500000000000015e-05,1,0.46914751292688767
shared_menu,5,6.250000000000002e-06,0.059315111707059942,16,0.45019852832373758,2,5,1,0.059315111707059942,2,ladybug-49,4,small,6.250000000000002e-06,1,0.44705888095629198
shared_menu,6,6.2500000000000026e-07,0.060654951190438511,60,0.30101702039174083,2,6,1,0.060654951190438511,2,ladybug-49,-1,small,6.2500000000000026e-07,1,0.2992542089909257
shared_menu,7,6.2500000000000024e-08,0.0073717005149045037,51,0.5,2,7,1,0.0073717005149045037,2,ladybug-49,-1,small,6.2500000000000024e-08,1,0.48335442519757021
menu_feedback,0,0.10000000000000001,0.73680129838498998,1,0.5,3,0,1,0.74416931136883979,0,venice-52,0,small,0.10000000000000001,1,0.28213836064841424
menu_feedback,1,0.00025000000000000001,0.10407593323739237,10,0.13697314988004128,3,1,1,0.23150065167829306,0,venice-52,4,small,0.00025000000000000001,1,0.12462315897541427
menu_feedback,2,0.0062500000000000003,0.99287428643885312,128,0.039625070482902168,3,2,0,0.99888250781974597,0,venice-52,2,small,0.0062500000000000003,1,0.14966246800944707
menu_feedback,3,0.00062500000000000012,0.95189448115549058,128,0.065025891754048853,3,3,0,0.99452062962305932,0,venice-52,2,small,0.00062500000000000012,1,0.79809655059642803
menu_feedback,4,0.00015625000000000003,0.91939415801768398,128,0.5,3,4,0,0.98110125820892502,0,venice-52,3,small,0.00015625000000000003,1,0.87009839651377885
menu_feedback,5,0.00015625000000000003,0.93687006248147187,128,0.5,3,5,0,0.98394800608725153,0,venice-52,2,small,0.00015625000000000003,1,1.0780516590591886
menu_feedback,6,3.9062500000000008e-05,0.91007545536210499,128,0.5,3,6,0,0.94201262332772862,0,venice-52,2,small,3.9062500000000008e-05,1,0.78409147032914883
menu_feedback,7,9.7656250000000019e-06,0.00043938926307717359,1,0.5,3,7,1,0.00043938926307717359,0,venice-52,-1,small,9.7656250000000019e-06,1,0.46474353363073717
menu_feedback,0,0.10000000000000001,0.73680129838498987,1,0.5,3,0,1,0.74416931136883979,1,venice-52,0,small,0.10000000000000001,1,0.28213836064841408
menu_feedback,1,0.00025000000000000001,0.10407593323739241,10,0.13697314988004111,3,1,1,0.2315006516782934,1,venice-52,4,small,0.00025000000000000001,1,0.12462315897541404
menu_feedback,2,0.0062500000000000003,0.99287388712421709,128,0.039625070482899961,3,2,0,0.99888239310949833,1,venice-52,2,small,0.0062500000000000003,1,0.15243298134460395
menu_feedback,3,0.00062500000000000012,0.95188957388920137,128,0.065025381371774452,3,3,0,0.9945190953942028,1,venice-52,2,small,0.00062500000000000012,1,0.86213688429425372
menu_feedback,4,0.00015625000000000003,0.91938440621311801,128,0.5,3,4,0,0.98109470968479595,1,venice-52,3,small,0.00015625000000000003,1,0.9447219452212724
menu_feedback,5,0.00015625000000000003,0.93687807767124043,128,0.5,3,5,0,0.9839540752381033,1,venice-52,2,small,0.00015625000000000003,1,1.15909879078602
menu_feedback,6,3.9062500000000008e-05,0.91016192108063998,128,0.5,3,6,0,0.94219626998159411,1,venice-52,2,small,3.9062500000000008e-05,1,0.67751691193991004
menu_feedback,7,9.7656250000000019e-06,0.00043915219431213696,1,0.5,3,7,1,0.00043915219431213696,1,venice-52,-1,small,9.7656250000000019e-06,1,0.46594969936853736
menu_feedback,0,0.10000000000000001,0.73680129838499009,1,0.5,3,0,1,0.7441693113688399,2,venice-52,2,small,0.10000000000000001,1,0.28213836064841413
menu_feedback,1,0.025000000000000001,0.93435711619693596,11,0.13251436238379319,3,1,1,0.94768699728777284,2,venice-52,2,small,0.025000000000000001,1,0.11502479926248195
menu_feedback,2,0.0062500000000000003,0.99285801586373479,128,0.040033444495770495,3,2,0,0.9988736082821944,2,venice-52,2,small,0.0062500000000000003,1,0.13014478351146588
menu_feedback,3,0.00062500000000000012,0.95186458328872459,128,0.22532807719143566,3,3,0,0.99443598206985506,2,venice-52,2,small,0.00062500000000000012,1,0.46597716076427514
menu_feedback,4,0.00015625000000000003,0.91811789880213768,120,0.5,3,4,1,0.98010337425704197,2,venice-52,3,small,0.00015625000000000003,1,0.45388089769805545
menu_feedback,5,0.00015625000000000003,0.93689953053149055,128,0.28257163113685491,3,5,0,0.98391106400538453,2,venice-52,2,small,0.00015625000000000003,1,1.042663413163591
menu_feedback,6,3.9062500000000008e-05,0.91023059956445851,128,0.5,3,6,0,0.94192621803609533,2,venice-52,2,small,3.9062500000000008e-05,1,0.65931434127767252
menu_feedback,7,9.7656250000000019e-06,0.00043314969437539965,1,0.5,3,7,1,0.00043314969437539965,2,venice-52,-1,small,9.7656250000000019e-06,1,0.45798060073775493
menu_feedback,0,0.10000000000000001,0.73680129838499009,1,0.5,3,0,1,0.74416931136884001,3,venice-52,0,small,0.10000000000000001,1,0.28213836064841408
menu_feedback,1,0.00025000000000000001,0.10407593323738676,10,0.13697314988004081,3,1,1,0.23150065167829115,3,venice-52,4,small,0.00025000000000000001,1,0.12462315897541396
menu_feedback,2,0.0062500000000000003,0.99287603087615173,128,0.039625070482899719,3,2,0,0.99888321284550718,3,venice-52,2,small,0.0062500000000000003,1,0.14809937320825434
menu_feedback,3,0.00062500000000000012,0.95188796118079788,128,0.065024986423651135,3,3,0,0.99451859039764345,3,venice-52,2,small,0.00062500000000000012,1,0.85690199281715085
menu_feedback,4,0.00015625000000000003,0.9193938123607539,128,0.5,3,4,0,0.98110094570379713,3,venice-52,3,small,0.00015625000000000003,1,0.8464134500306868
menu_feedback,5,0.00015625000000000003,0.93688334130460804,128,0.5,3,5,0,0.98395809238791532,3,venice-52,2,small,0.00015625000000000003,1,1.1153172573563233
menu_feedback,6,3.9062500000000008e-05,0.91010798738632159,128,0.5,3,6,0,0.94208669115973886,3,venice-52,2,small,3.9062500000000008e-05,1,0.86027244697045258
menu_feedback,7,9.7656250000000019e-06,0.00043044092804891141,1,0.5,3,7,1,0.00043044092804891141,3,venice-52,-1,small,9.7656250000000019e-06,1,0.45923152072591056
menu_feedback,0,0.10000000000000001,0.73680129838499009,1,0.5,3,0,1,0.7441693113688399,4,venice-52,0,small,0.10000000000000001,1,0.28213836064841413
menu_feedback,1,0.00025000000000000001,0.10407593323739237,10,0.13697314988004139,3,1,1,0.2315006516782939,4,venice-52,4,small,0.00025000000000000001,1,0.12462315897541437
menu_feedback,2,0.0062500000000000003,0.99287570665030278,128,0.039625070482900426,3,2,0,0.99888311184235423,4,venice-52,2,small,0.0062500000000000003,1,0.13720041590789733
menu_feedback,3,0.00062500000000000012,0.9518834744284197,128,0.065024685589618506,3,3,0,0.99451718426812385,4,venice-52,2,small,0.00062500000000000012,1,0.84892572082213846
menu_feedback,4,0.00015625000000000003,0.91940219676177082,128,0.5,3,4,0,0.98110646369439958,4,venice-52,3,small,0.00015625000000000003,1,0.87534443640085413
menu_feedback,5,0.00015625000000000003,0.9368726437644076,128,0.5,3,5,0,0.98394992829252048,4,venice-52,2,small,0.00015625000000000003,1,1.1110214943606511
menu_feedback,6,3.9062500000000008e-05,0.91010833707489802,128,0.5,3,6,0,0.94208230297477957,4,venice-52,2,small,3.9062500000000008e-05,1,0.84513758692655971
menu_feedback,7,9.7656250000000019e-06,0.00043911679668258083,1,0.5,3,7,1,0.00043911679668258083,4,venice-52,-1,small,9.7656250000000019e-06,1,0.46490404001848551
menu_feedback,0,0.10000000000000001,0.73680129838499009,1,0.5,3,0,1,0.7441693113688399,5,venice-52,0,small,0.10000000000000001,1,0.28213836064841419
menu_feedback,1,0.00025000000000000001,0.10407593323739099,10,0.13697314988004139,3,1,1,0.23150065167829378,5,venice-52,4,small,0.00025000000000000001,1,0.12462315897541443
menu_feedback,2,0.0062500000000000003,0.99287537421261562,128,0.039625070482898886,3,2,0,0.99888292733264272,5,venice-52,2,small,0.0062500000000000003,1,0.13362206666332743
menu_feedback,3,0.00062500000000000012,0.95188440457787304,128,0.065025497582555672,3,3,0,0.99451747482953867,5,venice-52,2,small,0.00062500000000000012,1,0.83846166569241376
menu_feedback,4,0.00015625000000000003,0.91938669113542137,128,0.5,3,4,0,0.98109615778644732,5,venice-52,3,small,0.00015625000000000003,1,0.95672775700477886
menu_feedback,5,0.00015625000000000003,0.93687858208111263,128,0.5,3,5,0,0.98395443025508922,5,venice-52,2,small,0.00015625000000000003,1,1.1276829388166167
menu_feedback,6,3.9062500000000008e-05,0.91009906005070107,128,0.5,3,6,0,0.94206583025861967,5,venice-52,2,small,3.9062500000000008e-05,1,0.84667089829342823
menu_feedback,7,9.7656250000000019e-06,0.00043616003975101476,1,0.5,3,7,1,0.00043616003975101476,5,venice-52,-1,small,9.7656250000000019e-06,1,0.46378918871861513
menu_feedback,0,0.10000000000000001,0.73680129838499009,1,0.5,3,0,1,0.74416931136883979,6,venice-52,2,small,0.10000000000000001,1,0.28213836064841402
menu_feedback,1,0.025000000000000001,0.93435711619693607,11,0.13251436238379319,3,1,1,0.94768699728777284,6,venice-52,2,small,0.025000000000000001,1,0.11502479926248173
menu_feedback,2,0.0062500000000000003,0.99285849020210126,128,0.040033444495769718,3,2,0,0.99887379546362798,6,venice-52,2,small,0.0062500000000000003,1,0.12765892577347135
menu_feedback,3,0.00062500000000000012,0.95185469791034305,128,0.22532879825029031,3,3,0,0.99443282145610445,6,venice-52,2,small,0.00062500000000000012,1,0.45052452335463228
menu_feedback,4,0.00015625000000000003,0.91815799839866974,121,0.5,3,4,1,0.98013202141083189,6,venice-52,3,small,0.00015625000000000003,1,0.42416466924631685
menu_feedback,5,0.00015625000000000003,0.93690930906208791,128,0.28267451472994432,3,5,0,0.98391860162417377,6,venice-52,2,small,0.00015625000000000003,1,1.0715831727991585
menu_feedback,6,3.9062500000000008e-05,0.91024932691229887,128,0.5,3,6,0,0.94197022756955551,6,venice-52,2,small,3.9062500000000008e-05,1,0.67998129228701421
menu_feedback,7,9.7656250000000019e-06,0.00043475865552278204,1,0.5,3,7,1,0.00043475865552278204,6,venice-52,-1,small,9.7656250000000019e-06,1,0.46010640763323019
menu_feedback,0,0.10000000000000001,0.73680129838499009,1,0.5,3,0,1,0.74416931136883979,7,venice-52,0,small,0.10000000000000001,1,0.28213836064841408
menu_feedback,1,0.00025000000000000001,0.10407593323739948,10,0.13697314988004103,3,1,1,0.23150065167829517,7,venice-52,4,small,0.00025000000000000001,1,0.12462315897541412
menu_feedback,2,0.0062500000000000003,0.99287633921976759,128,0.039625070482900704,3,2,0,0.99888332446842198,7,venice-52,2,small,0.0062500000000000003,1,0.13898372921767441
menu_feedback,3,0.00062500000000000012,0.9518928755551771,128,0.065024843284177722,3,3,0,0.99452012747093543,7,venice-52,2,small,0.00062500000000000012,1,0.80329875431595177
menu_feedback,4,0.00015625000000000003,0.91939511078808389,128,0.5,3,4,0,0.98110187376872282,7,venice-52,3,small,0.00015625000000000003,1,0.88013716638155259
menu_feedback,5,0.00015625000000000003,0.93686196249854448,128,0.5,3,5,0,0.98394182442774281,7,venice-52,2,small,0.00015625000000000003,1,1.1085782174329748
menu_feedback,6,3.9062500000000008e-05,0.91008844218486562,128,0.5,3,6,0,0.94203592339792819,7,venice-52,2,small,3.9062500000000008e-05,1,0.87575135638438151
menu_feedback,7,9.7656250000000019e-06,0.00043587826430548798,1,0.5,3,7,1,0.00043587826430548798,7,venice-52,-1,small,9.7656250000000019e-06,1,0.46420659985680912
menu_feedback,0,0.10000000000000001,0.73680129838498987,1,0.5,3,0,1,0.74416931136883968,8,venice-52,0,small,0.10000000000000001,1,0.28213836064841419
menu_feedback,1,0.00025000000000000001,0.10407593323739382,10,0.13697314988004142,3,1,1,0.23150065167829423,8,venice-52,4,small,0.00025000000000000001,1,0.12462315897541448
menu_feedback,2,0.0062500000000000003,0.99287861094187835,128,0.039625070482899392,3,2,0,0.99888412537774518,8,venice-52,2,small,0.0062500000000000003,1,0.14378457608345291
menu_feedback,3,0.00062500000000000012,0.95190255940717095,128,0.065025646567443932,3,3,0,0.99452315553644388,8,venice-52,2,small,0.00062500000000000012,1,0.95866481506128742
menu_feedback,4,0.00015625000000000003,0.91940961820895151,128,0.5,3,4,0,0.98111165876188589,8,venice-52,3,small,0.00015625000000000003,1,0.85439540547339599
menu_feedback,5,0.00015625000000000003,0.93687640093600799,128,0.5,3,5,0,0.98395290106345734,8,venice-52,2,small,0.00015625000000000003,1,1.1385360909438034
menu_feedback,6,3.9062500000000008e-05,0.910152911862953,128,0.5,3,6,0,0.94217689473915933,8,venice-52,2,small,3.9062500000000008e-05,1,0.76612141345586526
menu_feedback,7,9.7656250000000019e-06,0.00043162907382868459,1,0.5,3,7,1,0.00043162907382868459,8,venice-52,-1,small,9.7656250000000019e-06,1,0.4719470121154703
menu_feedback,0,0.10000000000000001,0.73680129838498987,1,0.5,3,0,1,0.74416931136883979,9,venice-52,1,small,0.10000000000000001,1,0.28213836064841408
menu_feedback,1,0.0025000000000000005,0.64727389807311342,10,0.13566598181303627,3,1,1,0.70980611628890267,9,venice-52,3,small,0.0025000000000000005,1,0.12134435491505562
menu_feedback,2,0.0062500000000000012,0.99285111040860541,128,0.039999919944873355,3,2,0,0.99887480442899368,9,venice-52,2,small,0.0062500000000000012,1,0.13567807254511921
menu_feedback,3,0.00062500000000000012,0.95190698243893113,128,0.098575190088659101,3,3,0,0.99449588830324209,9,venice-52,2,small,0.00062500000000000012,1,0.73767434981048396
menu_feedback,4,0.00015625000000000003,0.91938061470634325,128,0.5,3,4,0,0.98106952893125721,9,venice-52,3,small,0.00015625000000000003,1,0.75166741965665407
menu_feedback,5,0.00015625000000000003,0.93682205051148015,128,0.5,3,5,0,0.98392381804120321,9,venice-52,2,small,0.00015625000000000003,1,1.0790286089736822
menu_feedback,6,3.9062500000000008e-05,0.91004224206503981,128,0.5,3,6,0,0.94196241238923784,9,venice-52,2,small,3.9062500000000008e-05,1,0.73824463080994196
menu_feedback,7,9.7656250000000019e-06,0.00043413565466851584,1,0.5,3,7,1,0.00043413565466851584,9,venice-52,-1,small,9.7656250000000019e-06,1,0.46221713259498592
shared_center,0,0.10000000000000001,0.73680129838499009,1,0.5,1,0,1,0.74416931136883979,0,venice-52,2,small,0.10000000000000001,1,0.28213836064841408
shared_center,1,0.025000000000000001,0.93435711619693607,11,0.13251436238379324,1,1,1,0.94768699728777273,0,venice-52,2,small,0.025000000000000001,1,0.11502479926248135
shared_center,2,0.0062500000000000003,0.99285903218339355,128,0.040033444495769087,1,2,0,0.99887398164667529,0,venice-52,2,small,0.0062500000000000003,1,0.12807213060452949
shared_center,3,0.00062500000000000012,0.95184525648995466,128,0.2253265525324134,1,3,0,0.9944297953472867,0,venice-52,2,small,0.00062500000000000012,1,0.45577015727362186
shared_center,4,0.00015625000000000003,0.91807109035175272,120,0.5,1,4,1,0.9800691972454274,0,venice-52,2,small,0.00015625000000000003,1,0.49297239883994948
shared_center,5,0.00015625000000000003,0.93927092011479618,128,0.5,1,5,0,0.98242551334205985,0,venice-52,2,small,0.00015625000000000003,1,0.54794025001681623
shared_center,6,0.00015625000000000003,0.95403763472416248,110,0.5,1,6,1,0.98213033567363917,0,venice-52,2,small,0.00015625000000000003,1,0.48780059446639273
shared_center,7,0.00015625000000000003,0.015110892989013514,2,0.5,1,7,1,0.015110892989013514,0,venice-52,2,small,0.00015625000000000003,1,0.41533166916703718
shared_center,0,0.10000000000000001,0.73680129838499031,1,0.5,1,0,1,0.74416931136884001,1,venice-52,2,small,0.10000000000000001,1,0.28213836064841419
shared_center,1,0.025000000000000001,0.93435711619693596,11,0.13251436238379369,1,1,1,0.94768699728777273,1,venice-52,2,small,0.025000000000000001,1,0.11502479926248128
shared_center,2,0.0062500000000000003,0.9928612841576121,128,0.040033444495768379,1,2,0,0.99887483472243865,1,venice-52,2,small,0.0062500000000000003,1,0.12620978279826189
shared_center,3,0.00062500000000000012,0.9518421639279111,128,0.22532812457583315,1,3,0,0.99442881231367675,1,venice-52,2,small,0.00062500000000000012,1,0.4762888100211311
shared_center,4,0.00015625000000000003,0.91816197031213009,121,0.5,1,4,1,0.98013460189410007,1,venice-52,2,small,0.00015625000000000003,1,0.44742779934952875
shared_center,5,0.00015625000000000003,0.93928215784167246,128,0.5,1,5,0,0.98244629978037756,1,venice-52,2,small,0.00015625000000000003,1,0.55515415353096365
shared_center,6,0.00015625000000000003,0.95516829967585248,128,0.5,1,6,1,0.98360946581885711,1,venice-52,2,small,0.00015625000000000003,1,0.4419521542285903
shared_center,7,0.00015625000000000003,0.01488544345164748,2,0.5,1,7,1,0.01488544345164748,1,venice-52,2,small,0.00015625000000000003,1,0.42207352736545517
shared_center,0,0.10000000000000001,0.73680129838499009,1,0.5,1,0,1,0.7441693113688399,2,venice-52,2,small,0.10000000000000001,1,0.28213836064841419
shared_center,1,0.025000000000000001,0.93435711619693607,11,0.13251436238379308,1,1,1,0.94768699728777284,2,venice-52,2,small,0.025000000000000001,1,0.11502479926248114
shared_center,2,0.0062500000000000003,0.99285842355858533,128,0.040033444495768115,1,2,0,0.99887375338237339,2,venice-52,2,small,0.0062500000000000003,1,0.13233122685344195
shared_center,3,0.00062500000000000012,0.95185615363609621,128,0.22532779875945513,1,3,0,0.99443329350641851,2,venice-52,2,small,0.00062500000000000012,1,0.49321849535796142
shared_center,4,0.00015625000000000003,0.91811415175387701,120,0.5,1,4,1,0.98010050561684792,2,venice-52,2,small,0.00015625000000000003,1,0.47850865632332829
shared_center,5,0.00015625000000000003,0.93922356541688845,127,0.5,1,5,1,0.98239119469987268,2,venice-52,2,small,0.00015625000000000003,1,0.48447301506825852
shared_center,6,0.00015625000000000003,0.953993685646227,109,0.5,1,6,1,0.98206517500431101,2,venice-52,2,small,0.00015625000000000003,1,0.49657135473509462
shared_center,7,0.00015625000000000003,0.014954383307781031,2,0.5,1,7,1,0.014954383307781031,2,venice-52,2,small,0.00015625000000000003,1,0.42068352411471621
shared_menu,0,0.10000000000000001,0.73680129838499009,1,0.5,2,0,1,0.7441693113688399,0,venice-52,2,small,0.10000000000000001,1,0.28213836064841419
shared_menu,1,0.025000000000000001,0.93435711619693584,11,0.13251436238379324,2,1,1,0.94768699728777261,0,venice-52,2,small,0.025000000000000001,1,0.11502479926248177
shared_menu,2,0.0062500000000000003,0.99286048994529275,128,0.040033444495769156,2,2,0,0.99887452703269475,0,venice-52,2,small,0.0062500000000000003,1,0.13799882248702594
shared_menu,3,0.00062500000000000012,0.9518760049033882,128,0.22532703263142431,2,3,0,0.9944396459660878,0,venice-52,2,small,0.00062500000000000012,1,0.5366655211708532
shared_menu,4,0.00015625000000000003,0.9181591582293972,121,0.5,2,4,1,0.98013326404910794,0,venice-52,3,small,0.00015625000000000003,1,0.42773609804657836
shared_menu,5,1.5625000000000004e-05,0.50158229820348754,128,0.28602211127116073,2,5,0,0.8680742911824596,0,venice-52,3,small,1.5625000000000004e-05,1,1.0087075919435771
shared_menu,6,3.9062500000000009e-06,0.43022993446819019,110,0.5,2,6,1,0.61207452647009752,0,venice-52,4,small,3.9062500000000009e-06,1,0.48020732073743949
shared_menu,7,3.9062500000000012e-07,2.0426849182209143e-05,1,0.5,2,7,1,2.0426849182209143e-05,0,venice-52,-1,small,3.9062500000000012e-07,1,0.49532983438104533
shared_menu,0,0.10000000000000001,0.73680129838499009,1,0.5,2,0,1,0.74416931136883979,1,venice-52,0,small,0.10000000000000001,1,0.28213836064841413
shared_menu,1,0.025000000000000001,0.93435711619693596,11,0.13251436238379316,2,1,1,0.94768699728777261,1,venice-52,2,small,0.025000000000000001,1,0.11502479926248116
shared_menu,2,0.0062500000000000003,0.99285899230575103,128,0.040033444495769614,2,2,0,0.99887395769958354,1,venice-52,2,small,0.0062500000000000003,1,0.12856687833903965
shared_menu,3,0.00062500000000000012,0.9518548277689971,128,0.22532742532955713,2,3,0,0.99443286903494432,1,venice-52,2,small,0.00062500000000000012,1,0.44550727554178238
shared_menu,4,0.00015625000000000003,0.91816055944079844,121,0.5,2,4,1,0.98013386622887677,1,venice-52,3,small,0.00015625000000000003,1,0.43051195613650417
shared_menu,5,1.5625000000000004e-05,0.50146652717246298,128,0.28541009400707479,2,5,0,0.86801954912937263,1,venice-52,3,small,1.5625000000000004e-05,1,1.0422145825839624
shared_menu,6,3.9062500000000009e-06,0.43022606042438261,110,0.5,2,6,1,0.61201507761536267,1,venice-52,4,small,3.9062500000000009e-06,1,0.49512418111369783
shared_menu,7,3.9062500000000012e-07,2.0436776129813432e-05,1,0.5,2,7,1,2.0436776129813432e-05,1,venice-52,-1,small,3.9062500000000012e-07,1,0.49638179935535554
shared_menu,0,0.10000000000000001,0.73680129838499009,1,0.5,2,0,1,0.7441693113688399,2,venice-52,2,small,0.10000000000000001,1,0.28213836064841408
shared_menu,1,0.025000000000000001,0.93435711619693607,11,0.13251436238379308,2,1,1,0.94768699728777284,2,venice-52,2,small,0.025000000000000001,1,0.11502479926248234
shared_menu,2,0.0062500000000000003,0.99285789682214642,128,0.040033444495770586,2,2,0,0.99887354837400621,2,venice-52,2,small,0.0062500000000000003,1,0.12272896330138676
shared_menu,3,0.00062500000000000012,0.95185407893136098,128,0.22532708130850598,2,3,0,0.99443262502273821,2,venice-52,2,small,0.00062500000000000012,1,0.47351050019213081
shared_menu,4,0.00015625000000000003,0.91806890268915775,120,0.5,2,4,1,0.98006780426564977,2,venice-52,3,small,0.00015625000000000003,1,0.47336811029348186
shared_menu,5,1.5625000000000004e-05,0.50149842678722967,128,0.28609222545297541,2,5,0,0.86803632177092638,2,venice-52,3,small,1.5625000000000004e-05,1,1.0287209142936002
shared_menu,6,3.9062500000000009e-06,0.4302250008740568,110,0.5,2,6,1,0.61202706942376117,2,venice-52,4,small,3.9062500000000009e-06,1,0.48895123344214675
shared_menu,7,3.9062500000000012e-07,2.0335749238360479e-05,1,0.5,2,7,1,2.0335749238360479e-05,2,venice-52,-1,small,3.9062500000000012e-07,1,0.49673047365685452
