  [menu-backtrack] active=1 max_evals=8 warmup_accepts=3 confirm_stop=original armijo=1e-4
MIXED_STORAGE fragments=fp32 arithmetic=fp64 state=fp64 acceptance=fp64
  [compact-fragments] active=2 saved_bytes=171996448 storage=fp32 camera_reads=contiguous
  MFCG score_init=90993342.024340242 precision=fp64
PCG_PREP o=0 rebuild=1 drift=0 previous_depth=0
E2_CAP o=0 retry=0 touched=0 ncam=3068 raw=8654.3112787736609 capped=8654.3112787736482 radius=8654.3112787736627 median=60.299932199162839 global_scale=1
ATTR_RADIUS o=0 raw_norm=8654.3112787736627 norm=8654.3112787736627 radius=8654.3112787736627 next_radius=17308.622557547325 lambda=0.10000000000000001 next_lambda=0.025000000000000001 rho=0.99507286850801435 accept=1
CLASSICAL_LM o=0 lambda=0.10000000000000001 tau=0.10000000000000001 prediction=84864420.877437964 rho=0.99507286850801435 accept=1
  MFCG it   1 cost=6.547059e+06 lam=2.500e-02 tau=0.00e+00 cg_it=1 shift=0 ckpt=2 alpha=0 acc mv=3
PCG_PREP o=1 rebuild=1 drift=0 previous_depth=2
E2_CAP o=1 retry=0 touched=0 ncam=3068 raw=4516.5230377177941 capped=4516.5230377177904 radius=17308.622557547325 median=43.304564426435945 global_scale=1
ATTR_RADIUS o=1 raw_norm=4516.5230377177895 norm=4516.5230377177895 radius=17308.622557547325 next_radius=17308.622557547325 lambda=0.025000000000000001 next_lambda=0.0025000000000000005 rho=0.99272160660258835 accept=1
CLASSICAL_LM o=1 lambda=0.025000000000000001 tau=0.025000000000000001 prediction=2841547.0405248799 rho=0.99272160660258835 accept=1
  MFCG it   2 cost=3.726194e+06 lam=2.500e-03 tau=0.00e+00 cg_it=2 shift=0 ckpt=3 alpha=0 acc mv=7
PCG_PREP o=2 rebuild=1 drift=0 previous_depth=3
E2_CAP o=2 retry=0 touched=0 ncam=3068 raw=6923.1162067338155 capped=6923.1162067338155 radius=17308.622557547325 median=64.394415453351769 global_scale=1
ATTR_RADIUS o=2 raw_norm=6923.1162067338155 norm=6923.1162067338155 radius=17308.622557547325 next_radius=17308.622557547325 lambda=0.0025000000000000005 next_lambda=0.00025000000000000006 rho=0.82786551021005061 accept=1
CLASSICAL_LM o=2 lambda=0.0025000000000000005 tau=0.0025000000000000005 prediction=1229857.0585770993 rho=0.82786551021005061 accept=1
  MFCG it   3 cost=2.708038e+06 lam=2.500e-04 tau=0.00e+00 cg_it=6 shift=0 ckpt=7 alpha=0 acc mv=15
PCG_PREP o=3 rebuild=1 drift=0 previous_depth=7
E2_CAP o=3 retry=0 touched=16 ncam=3068 raw=11014.030149656353 capped=9692.7787152921082 radius=17308.622557547325 median=35.723374604928949 global_scale=1
POINT_SAFE o=3 frozen=593 slope=-1116570.926759196 candidate=2180689.5648750761 original=2336351.4321442195 current=2708037.9229655731 won=1 mode=1 camera_scale=1 keep_scale=0
ATTR_RADIUS o=3 raw_norm=11014.030149656357 norm=9692.7787152920791 radius=17308.622557547325 next_radius=17308.622557547325 lambda=0.00025000000000000006 next_lambda=2.5000000000000008e-05 rho=0.81846060917910624 accept=1
CLASSICAL_LM o=3 lambda=0.00025000000000000006 tau=0.00025000000000000006 prediction=644317.33448896604 rho=0.81846060917910624 accept=1
  MFCG it   4 cost=2.180690e+06 lam=2.500e-05 tau=0.00e+00 cg_it=0 shift=0 ckpt=1 alpha=0 acc mv=17
PCG_PREP o=4 rebuild=1 drift=0 previous_depth=1
E2_CAP o=4 retry=0 touched=38 ncam=3068 raw=26988.614842723378 capped=20516.915877102372 radius=17308.622557547325 median=66.490776629339763 global_scale=0.84362692040202691
POINT_SAFE o=4 frozen=700 slope=-261828.67537381008 candidate=2051509.8499690625 original=2029591.9700030924 current=2180689.5648750761 won=0 mode=1 camera_scale=1 keep_scale=0
ATTR_RADIUS o=4 raw_norm=26988.614842723371 norm=8654.3112787736864 radius=17308.622557547325 next_radius=17308.622557547325 lambda=2.5000000000000008e-05 next_lambda=2.5000000000000011e-06 rho=0.80846778269172193 accept=1
CLASSICAL_LM o=4 lambda=2.5000000000000008e-05 tau=2.5000000000000008e-05 prediction=186893.77376166749 rho=0.80846778269172193 accept=1
  MFCG it   5 cost=2.029592e+06 lam=2.500e-06 tau=0.00e+00 cg_it=3 shift=0 ckpt=4 alpha=0 acc mv=22
PCG_PREP o=5 rebuild=1 drift=0 previous_depth=4
E2_CAP o=5 retry=0 touched=81 ncam=3068 raw=56956.797049565852 capped=27063.677096308511 radius=17308.622557547325 median=68.819790609741403 global_scale=0.63955176881371467
POINT_SAFE o=5 frozen=1107 slope=-133339.07833222605 candidate=2023160.5119124234 original=2029176.6039907096 current=2029591.9700030924 won=1 mode=1 camera_scale=1 keep_scale=0
ATTR_RADIUS o=5 raw_norm=56956.797049565866 norm=67.61180686541924 radius=17308.622557547325 next_radius=4327.1556393868314 lambda=2.5000000000000011e-06 next_lambda=4.0000000000000017e-05 rho=0.080525019889297916 accept=0
CLASSICAL_LM o=5 lambda=2.5000000000000011e-06 tau=2.5000000000000011e-06 prediction=79869.065534049936 rho=0.080525019889297916 accept=0
  MFCG it   6  retry 1/8  lam=4.000e-05 tau_eff=2.500e-06  (assembly reused)
PCG_PREP o=5 rebuild=1 drift=0 previous_depth=6
E2_CAP o=5 retry=1 touched=31 ncam=3068 raw=21129.051029732364 capped=15810.471265259263 radius=4327.1556393868314 median=54.743942394255001 global_scale=0.27368922575350407
POINT_SAFE o=5 frozen=72 slope=-70247.967774749748 candidate=1980179.1525809744 original=2029496.1132061 current=2029591.9700030924 won=1 mode=1 camera_scale=1 keep_scale=0
ATTR_RADIUS o=5 raw_norm=21129.051029732342 norm=4327.1556393868341 radius=4327.1556393868314 next_radius=8654.3112787736627 lambda=4.0000000000000017e-05 next_lambda=1.0000000000000004e-05 rho=0.95871204976459612 accept=1
CLASSICAL_LM o=5 lambda=4.0000000000000017e-05 tau=4.0000000000000017e-05 prediction=51540.832760212987 rho=0.95871204976459612 accept=1
  MFCG it   6 cost=1.980179e+06 lam=1.000e-05 tau=0.00e+00 cg_it=4 shift=0 ckpt=5 alpha=0 acc mv=35
PCG_PREP o=6 rebuild=1 drift=0 previous_depth=5
E2_CAP o=6 retry=0 touched=46 ncam=3068 raw=37322.307974129522 capped=21899.820363111776 radius=8654.3112787736627 median=64.255292834433689 global_scale=0.39517727247439211
POINT_SAFE o=6 frozen=407 slope=-51277.838429230615 candidate=1942816.9242892608 original=1977589.291075055 current=1980179.1525809744 won=1 mode=1 camera_scale=1 keep_scale=0
ATTR_RADIUS o=6 raw_norm=37322.307974129508 norm=8654.3112787736845 radius=8654.3112787736627 next_radius=17308.622557547325 lambda=1.0000000000000004e-05 next_lambda=2.5000000000000011e-06 rho=0.93941003233402065 accept=1
CLASSICAL_LM o=6 lambda=1.0000000000000004e-05 tau=1.0000000000000004e-05 prediction=39772.013291027914 rho=0.93941003233402065 accept=1
  MFCG it   7 cost=1.942817e+06 lam=2.500e-06 tau=0.00e+00 cg_it=6 shift=0 ckpt=7 alpha=0 acc mv=43
PCG_PREP o=7 rebuild=1 drift=0 previous_depth=7
E2_CAP o=7 retry=0 touched=218 ncam=3068 raw=33633.38833844506 capped=6726.193777870516 radius=17308.622557547325 median=12.690197333766395 global_scale=1
POINT_SAFE o=7 frozen=651 slope=-30350.578193431473 candidate=1926244.8337886734 original=1937973.6406942348 current=1942816.9242892608 won=1 mode=1 camera_scale=1 keep_scale=0
ATTR_RADIUS o=7 raw_norm=33633.388338445053 norm=6726.1937778705133 radius=17308.622557547325 next_radius=17308.622557547325 lambda=2.5000000000000011e-06 next_lambda=2.5000000000000009e-07 rho=0.91427995276592455 accept=1
CLASSICAL_LM o=7 lambda=2.5000000000000011e-06 tau=2.5000000000000011e-06 prediction=18125.838207928176 rho=0.91427995276592455 accept=1
  MFCG it   8 cost=1.926245e+06 lam=2.500e-07 tau=0.00e+00 cg_it=1 shift=0 ckpt=2 alpha=0 acc mv=46
PCG_PREP o=8 rebuild=1 drift=0 previous_depth=2
E2_CAP o=8 retry=0 touched=130 ncam=3068 raw=95562.57919184152 capped=20940.300473923151 radius=17308.622557547325 median=47.734202133676312 global_scale=0.8265699233447803
POINT_SAFE o=8 frozen=1253 slope=-51392.620914845618 candidate=1967243.5431483313 original=1916093.610618039 current=1926244.8337886734 won=0 mode=1 camera_scale=1 keep_scale=0
ATTR_RADIUS o=8 raw_norm=95562.579191841578 norm=4327.1556393868177 radius=17308.622557547325 next_radius=17308.622557547325 lambda=2.5000000000000009e-07 next_lambda=2.5000000000000012e-08 rho=0.27036101093805465 accept=1
CLASSICAL_LM o=8 lambda=2.5000000000000009e-07 tau=2.5000000000000009e-07 prediction=37546.919710846239 rho=0.27036101093805465 accept=1
  MFCG it   9 cost=1.916094e+06 lam=2.500e-08 tau=0.00e+00 cg_it=7 shift=0 ckpt=8 alpha=0 acc mv=55
PCG_PREP o=9 rebuild=1 drift=0 previous_depth=8
E2_CAP o=9 retry=0 touched=224 ncam=3068 raw=119823.87141156835 capped=2703.8711354896482 radius=17308.622557547325 median=5.2297455101345047 global_scale=1
POINT_SAFE o=9 frozen=628 slope=-13348.925915905986 candidate=1909441.4421410784 original=1911407.5381374841 current=1916093.610618039 won=1 mode=1 camera_scale=1 keep_scale=0
ATTR_RADIUS o=9 raw_norm=119823.87141156828 norm=2703.871135489645 radius=17308.622557547325 next_radius=17308.622557547325 lambda=2.5000000000000012e-08 next_lambda=2.5000000000000013e-09 rho=0.78218055600926839 accept=1
CLASSICAL_LM o=9 lambda=2.5000000000000012e-08 tau=2.5000000000000012e-08 prediction=8504.6456676197377 rho=0.78218055600926839 accept=1
  MFCG it  10 cost=1.909441e+06 lam=2.500e-09 tau=0.00e+00 cg_it=1 shift=0 ckpt=2 alpha=0 acc mv=58
PCG_PREP o=10 rebuild=1 drift=0 previous_depth=2
NUMERIC_REPAIR o=10 lambda=2.5000000000000013e-09 rayleigh=-2.0630813042575991e-07 next_lambda=8.3523252170303966e-07 cg=1 rebuild=1
PCG_PREP o=10 rebuild=1 drift=0 previous_depth=1
E2_CAP o=10 retry=0 touched=209 ncam=3068 raw=41844.45290684831 capped=1890.6561623295468 radius=17308.622557547325 median=3.7345507953733299 global_scale=1
POINT_SAFE o=10 frozen=384 slope=-8325.2006657093152 candidate=1903888.0299515966 original=1908562.9301003618 current=1909441.4421410784 won=1 mode=1 camera_scale=1 keep_scale=0
ATTR_RADIUS o=10 raw_norm=41844.45290684831 norm=1890.6561623295484 radius=17308.622557547325 next_radius=17308.622557547325 lambda=8.3523252170303966e-07 next_lambda=8.3523252170303966e-07 rho=0.94483016554828958 accept=1
CLASSICAL_LM o=10 lambda=8.3523252170303966e-07 tau=8.3523252170303966e-07 prediction=5877.6829868245241 rho=0.94483016554828958 accept=1
  MFCG it  11 cost=1.903888e+06 lam=8.352e-07 tau=0.00e+00 cg_it=1 shift=0 ckpt=2 alpha=0 acc mv=63
PCG_PREP o=11 rebuild=1 drift=0 previous_depth=2
E2_CAP o=11 retry=0 touched=112 ncam=3068 raw=79670.680060499813 capped=18767.276869161873 radius=17308.622557547325 median=46.483020603766761 global_scale=0.92227672017716178
POINT_SAFE o=11 frozen=966 slope=-50034.842824007981 candidate=1973367.4525228308 original=1897104.6791525981 current=1903888.0299515966 won=0 mode=1 camera_scale=1 keep_scale=0
ATTR_RADIUS o=11 raw_norm=79670.680060499901 norm=2163.577819693423 radius=17308.622557547325 next_radius=17308.622557547325 lambda=8.3523252170303966e-07 next_lambda=8.3523252170303966e-07 rho=0.35844643080252608 accept=1
CLASSICAL_LM o=11 lambda=8.3523252170303966e-07 tau=8.3523252170303966e-07 prediction=18924.308393338561 rho=0.35844643080252608 accept=1
  MFCG it  12 cost=1.897105e+06 lam=8.352e-07 tau=0.00e+00 cg_it=9 shift=0 ckpt=10 alpha=0 acc mv=74
PCG_PREP o=12 rebuild=1 drift=0 previous_depth=10
E2_CAP o=12 retry=0 touched=214 ncam=3068 raw=40124.003625666555 capped=1264.4706249953256 radius=17308.622557547325 median=2.5263954917803915 global_scale=1
POINT_SAFE o=12 frozen=208 slope=-10164.68939657432 candidate=1892396.0193681638 original=1894719.2298226284 current=1897104.6791525981 won=1 mode=1 camera_scale=1 keep_scale=0
ATTR_RADIUS o=12 raw_norm=40124.003625666533 norm=1264.4706249953267 radius=17308.622557547325 next_radius=17308.622557547325 lambda=8.3523252170303966e-07 next_lambda=8.3523252170303966e-07 rho=0.74423067494269268 accept=1
CLASSICAL_LM o=12 lambda=8.3523252170303966e-07 tau=8.3523252170303966e-07 prediction=6326.8821656631389 rho=0.74423067494269268 accept=1
  MFCG it  13 cost=1.892396e+06 lam=8.352e-07 tau=0.00e+00 cg_it=1 shift=0 ckpt=2 alpha=0 acc mv=77
PCG_PREP o=13 rebuild=1 drift=0 previous_depth=2
E2_CAP o=13 retry=0 touched=209 ncam=3068 raw=40449.067858822869 capped=1060.9857315332126 radius=17308.622557547325 median=2.1398591250990471 global_scale=1
POINT_SAFE o=13 frozen=221 slope=-6098.5885801242475 candidate=1889153.6367716508 original=1890191.7735979136 current=1892396.0193681638 won=1 mode=1 camera_scale=1 keep_scale=0
ATTR_RADIUS o=13 raw_norm=40449.067858822862 norm=1060.9857315332122 radius=17308.622557547325 next_radius=17308.622557547325 lambda=8.3523252170303966e-07 next_lambda=8.3523252170303966e-07 rho=0.79549203958719328 accept=1
CLASSICAL_LM o=13 lambda=8.3523252170303966e-07 tau=8.3523252170303966e-07 prediction=4075.9459996552591 rho=0.79549203958719328 accept=1
  MFCG it  14 cost=1.889154e+06 lam=8.352e-07 tau=0.00e+00 cg_it=1 shift=0 ckpt=2 alpha=0 acc mv=80
PCG_PREP o=14 rebuild=1 drift=0 previous_depth=2
E2_CAP o=14 retry=0 touched=204 ncam=3068 raw=40121.108072948016 capped=928.48917337140597 radius=17308.622557547325 median=1.9135507342922571 global_scale=1
POINT_SAFE o=14 frozen=179 slope=-3849.1635085484641 candidate=1886590.3431585075 original=1887039.2985126132 current=1889153.6367716508 won=1 mode=1 camera_scale=1 keep_scale=0
ATTR_RADIUS o=14 raw_norm=40121.108072948009 norm=928.48917337140506 radius=17308.622557547325 next_radius=17308.622557547325 lambda=8.3523252170303966e-07 next_lambda=8.3523252170303966e-07 rho=0.9068802635827895 accept=1
CLASSICAL_LM o=14 lambda=8.3523252170303966e-07 tau=8.3523252170303966e-07 prediction=2826.4961936833033 rho=0.9068802635827895 accept=1
  MFCG it  15 cost=1.886590e+06 lam=8.352e-07 tau=0.00e+00 cg_it=1 shift=0 ckpt=2 alpha=0 acc mv=83
PCG_PREP o=15 rebuild=1 drift=0 previous_depth=2
E2_CAP o=15 retry=0 touched=206 ncam=3068 raw=39913.068304901164 capped=830.73531137039311 radius=17308.622557547325 median=1.7175828319960176 global_scale=1
POINT_SAFE o=15 frozen=202 slope=-2394.4355834885105 candidate=1884654.0806870123 original=1884529.3494977031 current=1886590.3431585075 won=0 mode=1 camera_scale=1 keep_scale=0
ATTR_RADIUS o=15 raw_norm=39913.068304901157 norm=51.920956960649612 radius=17308.622557547325 next_radius=17308.622557547325 lambda=8.3523252170303966e-07 next_lambda=8.3523252170303966e-07 rho=0.30190888489103862 accept=1
CLASSICAL_LM o=15 lambda=8.3523252170303966e-07 tau=8.3523252170303966e-07 prediction=6826.5419268736632 rho=0.30190888489103862 accept=1
  MFCG it  16 cost=1.884529e+06 lam=8.352e-07 tau=0.00e+00 cg_it=1 shift=0 ckpt=2 alpha=0 acc mv=86
PCG_PREP o=16 rebuild=1 drift=0 previous_depth=2
E2_CAP o=16 retry=0 touched=203 ncam=3068 raw=40035.839409899818 capped=825.21462775988118 radius=17308.622557547325 median=1.7101114310548229 global_scale=1
POINT_SAFE o=16 frozen=193 slope=-2328.3332851975497 candidate=1882634.7259180588 original=1884449.9725277885 current=1884529.3494977031 won=1 mode=1 camera_scale=1 keep_scale=0
ATTR_RADIUS o=16 raw_norm=40035.839409899803 norm=825.21462775988198 radius=17308.622557547325 next_radius=17308.622557547325 lambda=8.3523252170303966e-07 next_lambda=8.3523252170303966e-07 rho=0.96597440147083702 accept=1
CLASSICAL_LM o=16 lambda=8.3523252170303966e-07 tau=8.3523252170303966e-07 prediction=1961.3600285468478 rho=0.96597440147083702 accept=1
  MFCG it  17 cost=1.882635e+06 lam=8.352e-07 tau=0.00e+00 cg_it=1 shift=0 ckpt=2 alpha=0 acc mv=89
PCG_PREP o=17 rebuild=1 drift=0 previous_depth=2
E2_CAP o=17 retry=0 touched=192 ncam=3068 raw=39841.123857769104 capped=752.26374037289338 radius=17308.622557547325 median=1.5947895265866587 global_scale=1
POINT_SAFE o=17 frozen=131 slope=-1783.8705819703705 candidate=1881006.866996167 original=1882535.9577613128 current=1882634.7259180588 won=1 mode=1 camera_scale=1 keep_scale=0
ATTR_RADIUS o=17 raw_norm=39841.123857769067 norm=752.26374037289327 radius=17308.622557547325 next_radius=17308.622557547325 lambda=8.3523252170303966e-07 next_lambda=8.3523252170303966e-07 rho=1.0040927630905638 accept=1
CLASSICAL_LM o=17 lambda=8.3523252170303966e-07 tau=8.3523252170303966e-07 prediction=1621.223637626151 rho=1.0040927630905638 accept=1
  MFCG it  18 cost=1.881007e+06 lam=8.352e-07 tau=0.00e+00 cg_it=1 shift=0 ckpt=2 alpha=0 acc mv=92
PCG_PREP o=18 rebuild=1 drift=0 previous_depth=2
E2_CAP o=18 retry=0 touched=193 ncam=3068 raw=39744.679487821071 capped=697.6949822735105 radius=17308.622557547325 median=1.4711241255543506 global_scale=1
POINT_SAFE o=18 frozen=152 slope=-1488.6280561012222 candidate=1879588.2082742227 original=1880888.1718482058 current=1881006.866996167 won=1 mode=1 camera_scale=1 keep_scale=0
ATTR_RADIUS o=18 raw_norm=39744.6794878211 norm=697.69498227351005 radius=17308.622557547325 next_radius=17308.622557547325 lambda=8.3523252170303966e-07 next_lambda=8.3523252170303966e-07 rho=1.0036779248243035 accept=1
CLASSICAL_LM o=18 lambda=8.3523252170303966e-07 tau=8.3523252170303966e-07 prediction=1413.4601218739142 rho=1.0036779248243035 accept=1
  MFCG it  19 cost=1.879588e+06 lam=8.352e-07 tau=0.00e+00 cg_it=1 shift=0 ckpt=2 alpha=0 acc mv=95
PCG_PREP o=19 rebuild=1 drift=0 previous_depth=2
E2_CAP o=19 retry=0 touched=185 ncam=3068 raw=39640.522648499376 capped=653.37950608694484 radius=17308.622557547325 median=1.3965480456334549 global_scale=1
POINT_SAFE o=19 frozen=152 slope=-1362.0321611318334 candidate=1878279.8582553619 original=1879449.1788361308 current=1879588.2082742227 won=1 mode=1 camera_scale=1 keep_scale=0
ATTR_RADIUS o=19 raw_norm=39640.522648499369 norm=653.37950608694439 radius=17308.622557547325 next_radius=17308.622557547325 lambda=8.3523252170303966e-07 next_lambda=8.3523252170303966e-07 rho=1.0017740350743716 accept=1
CLASSICAL_LM o=19 lambda=8.3523252170303966e-07 tau=8.3523252170303966e-07 prediction=1306.0330703856191 rho=1.0017740350743716 accept=1
  MFCG it  20 cost=1.878280e+06 lam=8.352e-07 tau=0.00e+00 cg_it=1 shift=0 ckpt=2 alpha=0 acc mv=98
PCG_PREP o=20 rebuild=1 drift=0 previous_depth=2
E2_CAP o=20 retry=0 touched=187 ncam=3068 raw=39556.162615832633 capped=612.41995296706637 radius=17308.622557547325 median=1.3164459116323328 global_scale=1
POINT_SAFE o=20 frozen=156 slope=-1244.6340240879185 candidate=1877070.1638533026 original=1878121.0219061787 current=1878279.8582553619 won=1 mode=1 camera_scale=1 keep_scale=0
ATTR_RADIUS o=20 raw_norm=39556.162615832618 norm=612.41995296706625 radius=17308.622557547325 next_radius=17308.622557547325 lambda=8.3523252170303966e-07 next_lambda=8.3523252170303966e-07 rho=1.0066258169858047 accept=1
CLASSICAL_LM o=20 lambda=8.3523252170303966e-07 tau=8.3523252170303966e-07 prediction=1201.7319461183324 rho=1.0066258169858047 accept=1
  MFCG it  21 cost=1.877070e+06 lam=8.352e-07 tau=0.00e+00 cg_it=1 shift=0 ckpt=2 alpha=0 acc mv=101
PCG_PREP o=21 rebuild=1 drift=0 previous_depth=2
E2_CAP o=21 retry=0 touched=180 ncam=3068 raw=39517.980552153618 capped=579.17072172266637 radius=17308.622557547325 median=1.2592769114262541 global_scale=1
POINT_SAFE o=21 frozen=145 slope=-1150.5852510271054 candidate=1875953.1781002318 original=1876891.9911088955 current=1877070.1638533026 won=1 mode=1 camera_scale=1 keep_scale=0
ATTR_RADIUS o=21 raw_norm=39517.980552153625 norm=579.17072172266865 radius=17308.622557547325 next_radius=17308.622557547325 lambda=8.3523252170303966e-07 next_lambda=8.3523252170303966e-07 rho=1.0079376423698483 accept=1
CLASSICAL_LM o=21 lambda=8.3523252170303966e-07 tau=8.3523252170303966e-07 prediction=1108.1893423928045 rho=1.0079376423698483 accept=1
  MFCG it  22 cost=1.875953e+06 lam=8.352e-07 tau=0.00e+00 cg_it=1 shift=0 ckpt=2 alpha=0 acc mv=104
PCG_PREP o=22 rebuild=1 drift=0 previous_depth=2
E2_CAP o=22 retry=0 touched=181 ncam=3068 raw=39500.261599567508 capped=551.70800078912953 radius=17308.622557547325 median=1.1997570017166006 global_scale=1
POINT_SAFE o=22 frozen=152 slope=-1151.2746057707698 candidate=1874899.4668699193 original=1875755.8305486625 current=1875953.1781002318 won=1 mode=1 camera_scale=1 keep_scale=0
ATTR_RADIUS o=22 raw_norm=39500.261599567515 norm=551.70800078912976 radius=17308.622557547325 next_radius=17308.622557547325 lambda=8.3523252170303966e-07 next_lambda=8.3523252170303966e-07 rho=0.97419832370354054 accept=1
CLASSICAL_LM o=22 lambda=8.3523252170303966e-07 tau=8.3523252170303966e-07 prediction=1081.6188086904676 rho=0.97419832370354054 accept=1
  MFCG it  23 cost=1.874899e+06 lam=8.352e-07 tau=0.00e+00 cg_it=1 shift=0 ckpt=2 alpha=0 acc mv=107
PCG_PREP o=23 rebuild=1 drift=0 previous_depth=2
E2_CAP o=23 retry=0 touched=177 ncam=3068 raw=39489.087571267148 capped=525.04088897416443 radius=17308.622557547325 median=1.1469626144120033 global_scale=1
POINT_SAFE o=23 frozen=152 slope=-1077.0691578355552 candidate=1873888.8086767513 original=1874683.5453940385 current=1874899.4668699193 won=1 mode=1 camera_scale=1 keep_scale=0
ATTR_RADIUS o=23 raw_norm=39489.087571267155 norm=525.04088897416466 radius=17308.622557547325 next_radius=17308.622557547325 lambda=8.3523252170303966e-07 next_lambda=8.3523252170303966e-07 rho=0.99862799536648894 accept=1
CLASSICAL_LM o=23 lambda=8.3523252170303966e-07 tau=8.3523252170303966e-07 prediction=1012.0467259653517 rho=0.99862799536648894 accept=1
  MFCG it  24 cost=1.873889e+06 lam=8.352e-07 tau=0.00e+00 cg_it=1 shift=0 ckpt=2 alpha=0 acc mv=110
PCG_PREP o=24 rebuild=1 drift=0 previous_depth=2
E2_CAP o=24 retry=0 touched=173 ncam=3068 raw=39490.596744785886 capped=501.09599458518852 radius=17308.622557547325 median=1.098169565271979 global_scale=1
POINT_SAFE o=24 frozen=143 slope=-961.87998751484213 candidate=1872948.0750513391 original=1873655.7774238868 current=1873888.8086767513 won=1 mode=1 camera_scale=1 keep_scale=0
ATTR_RADIUS o=24 raw_norm=39490.596744785857 norm=501.09599458518863 radius=17308.622557547325 next_radius=17308.622557547325 lambda=8.3523252170303966e-07 next_lambda=8.3523252170303966e-07 rho=1.0074715392717841 accept=1
CLASSICAL_LM o=24 lambda=8.3523252170303966e-07 tau=8.3523252170303966e-07 prediction=933.75702314349928 rho=1.0074715392717841 accept=1
  MFCG it  25 cost=1.872948e+06 lam=8.352e-07 tau=0.00e+00 cg_it=1 shift=0 ckpt=2 alpha=0 acc mv=113
PCG_PREP o=25 rebuild=1 drift=0 previous_depth=2
E2_CAP o=25 retry=0 touched=176 ncam=3068 raw=39485.089188431535 capped=478.62806838878595 radius=17308.622557547325 median=1.0495919975430559 global_scale=1
POINT_SAFE o=25 frozen=137 slope=-911.35343080069003 candidate=1872058.3044709684 original=1872697.5564811623 current=1872948.0750513391 won=1 mode=1 camera_scale=1 keep_scale=0
ATTR_RADIUS o=25 raw_norm=39485.089188431557 norm=478.62806838878515 radius=17308.622557547325 next_radius=17308.622557547325 lambda=8.3523252170303966e-07 next_lambda=8.3523252170303966e-07 rho=1.0079532481270517 accept=1
CLASSICAL_LM o=25 lambda=8.3523252170303966e-07 tau=8.3523252170303966e-07 prediction=882.74985176546875 rho=1.0079532481270517 accept=1
  MFCG it  26 cost=1.872058e+06 lam=8.352e-07 tau=0.00e+00 cg_it=1 shift=0 ckpt=2 alpha=0 acc mv=116
PCG_PREP o=26 rebuild=1 drift=0 previous_depth=2
E2_CAP o=26 retry=0 touched=173 ncam=3068 raw=39482.023386978588 capped=455.98463241875191 radius=17308.622557547325 median=1.0055064446202457 global_scale=1
POINT_SAFE o=26 frozen=143 slope=-862.14296151739177 candidate=1871217.4844110755 original=1871790.6539415333 current=1872058.3044709684 won=1 mode=1 camera_scale=1 keep_scale=0
ATTR_RADIUS o=26 raw_norm=39482.023386978624 norm=455.98463241875135 radius=17308.622557547325 next_radius=17308.622557547325 lambda=8.3523252170303966e-07 next_lambda=8.3523252170303966e-07 rho=1.0057329705302422 accept=1
CLASSICAL_LM o=26 lambda=8.3523252170303966e-07 tau=8.3523252170303966e-07 prediction=836.02714093151133 rho=1.0057329705302422 accept=1
  MFCG it  27 cost=1.871217e+06 lam=8.352e-07 tau=0.00e+00 cg_it=1 shift=0 ckpt=2 alpha=0 acc mv=119
PCG_PREP o=27 rebuild=1 drift=0 previous_depth=2
E2_CAP o=27 retry=0 touched=173 ncam=3068 raw=39520.739358379637 capped=433.76048972740563 radius=17308.622557547325 median=0.96219451473912199 global_scale=1
POINT_SAFE o=27 frozen=142 slope=-824.20160092928791 candidate=1870412.6175183281 original=1870933.5828798199 current=1871217.4844110755 won=1 mode=1 camera_scale=1 keep_scale=0
ATTR_RADIUS o=27 raw_norm=39520.739358379615 norm=433.7604897274058 radius=17308.622557547325 next_radius=17308.622557547325 lambda=8.3523252170303966e-07 next_lambda=8.3523252170303966e-07 rho=1.0067851980184255 accept=1
CLASSICAL_LM o=27 lambda=8.3523252170303966e-07 tau=8.3523252170303966e-07 prediction=799.44251696538959 rho=1.0067851980184255 accept=1
  MFCG it  28 cost=1.870413e+06 lam=8.352e-07 tau=0.00e+00 cg_it=1 shift=0 ckpt=2 alpha=0 acc mv=122
PCG_PREP o=28 rebuild=1 drift=0 previous_depth=2
E2_CAP o=28 retry=0 touched=169 ncam=3068 raw=39496.851326158285 capped=414.05142087452782 radius=17308.622557547325 median=0.92576918228431371 global_scale=1
POINT_SAFE o=28 frozen=139 slope=-789.90266777614738 candidate=1869637.8763763341 original=1870113.0540701698 current=1870412.6175183281 won=1 mode=1 camera_scale=1 keep_scale=0
ATTR_RADIUS o=28 raw_norm=39496.851326158278 norm=414.05142087452697 radius=17308.622557547325 next_radius=17308.622557547325 lambda=8.3523252170303966e-07 next_lambda=8.3523252170303966e-07 rho=1.0064777528904065 accept=1
CLASSICAL_LM o=28 lambda=8.3523252170303966e-07 tau=8.3523252170303966e-07 prediction=769.75486022330222 rho=1.0064777528904065 accept=1
  MFCG it  29 cost=1.869638e+06 lam=8.352e-07 tau=0.00e+00 cg_it=1 shift=0 ckpt=2 alpha=0 acc mv=125
PCG_PREP o=29 rebuild=1 drift=0 previous_depth=2
E2_CAP o=29 retry=0 touched=171 ncam=3068 raw=39457.775718110883 capped=397.61364179147859 radius=17308.622557547325 median=0.88934725265809034 global_scale=1
POINT_SAFE o=29 frozen=134 slope=-761.28881512985629 candidate=1868889.2706111947 original=1869323.0451977407 current=1869637.8763763341 won=1 mode=1 camera_scale=1 keep_scale=0
ATTR_RADIUS o=29 raw_norm=39457.775718110905 norm=397.6136417914787 radius=17308.622557547325 next_radius=17308.622557547325 lambda=8.3523252170303966e-07 next_lambda=8.3523252170303966e-07 rho=1.0074059883619604 accept=1
CLASSICAL_LM o=29 lambda=8.3523252170303966e-07 tau=8.3523252170303966e-07 prediction=743.1023577263843 rho=1.0074059883619604 accept=1
  MFCG it  30 cost=1.868889e+06 lam=8.352e-07 tau=0.00e+00 cg_it=1 shift=0 ckpt=2 alpha=0 acc mv=128
PCG_PREP o=30 rebuild=1 drift=0 previous_depth=2
E2_CAP o=30 retry=0 touched=168 ncam=3068 raw=39446.158552629851 capped=382.89136215003117 radius=17308.622557547325 median=0.86234274183073523 global_scale=1
POINT_SAFE o=30 frozen=153 slope=-733.57027323633338 candidate=1868166.1745732478 original=1868559.8441645694 current=1868889.2706111947 won=1 mode=1 camera_scale=1 keep_scale=0
ATTR_RADIUS o=30 raw_norm=39446.158552629851 norm=382.89136215003111 radius=17308.622557547325 next_radius=17308.622557547325 lambda=8.3523252170303966e-07 next_lambda=8.3523252170303966e-07 rho=1.007530938582174 accept=1
CLASSICAL_LM o=30 lambda=8.3523252170303966e-07 tau=8.3523252170303966e-07 prediction=717.69114997543943 rho=1.007530938582174 accept=1
  MFCG it  31 cost=1.868166e+06 lam=8.352e-07 tau=0.00e+00 cg_it=1 shift=0 ckpt=2 alpha=0 acc mv=131
PCG_PREP o=31 rebuild=1 drift=0 previous_depth=2
E2_CAP o=31 retry=0 touched=168 ncam=3068 raw=39399.27552213148 capped=367.50552546603586 radius=17308.622557547325 median=0.83063399735062093 global_scale=1
POINT_SAFE o=31 frozen=130 slope=-708.42998467492259 candidate=1867467.9065246666 original=1867822.7834046404 current=1868166.1745732478 won=1 mode=1 camera_scale=1 keep_scale=0
ATTR_RADIUS o=31 raw_norm=39399.275522131473 norm=367.50552546603603 radius=17308.622557547325 next_radius=17308.622557547325 lambda=8.3523252170303966e-07 next_lambda=8.3523252170303966e-07 rho=1.0076275062819953 accept=1
CLASSICAL_LM o=31 lambda=8.3523252170303966e-07 tau=8.3523252170303966e-07 prediction=692.98232157011387 rho=1.0076275062819953 accept=1
  MFCG it  32 cost=1.867468e+06 lam=8.352e-07 tau=0.00e+00 cg_it=1 shift=0 ckpt=2 alpha=0 acc mv=134
PCG_PREP o=32 rebuild=1 drift=0 previous_depth=2
E2_CAP o=32 retry=0 touched=164 ncam=3068 raw=39384.016536999057 capped=353.1310298784822 radius=17308.622557547325 median=0.8005115632828298 global_scale=1
POINT_SAFE o=32 frozen=152 slope=-683.06500229403969 candidate=1866794.7066609722 original=1867110.7491270101 current=1867467.9065246666 won=1 mode=1 camera_scale=1 keep_scale=0
ATTR_RADIUS o=32 raw_norm=39384.016536999028 norm=353.13102987848185 radius=17308.622557547325 next_radius=17308.622557547325 lambda=8.3523252170303966e-07 next_lambda=8.3523252170303966e-07 rho=1.0071549240511695 accept=1
CLASSICAL_LM o=32 lambda=8.3523252170303966e-07 tau=8.3523252170303966e-07 prediction=668.41738804840793 rho=1.0071549240511695 accept=1
  MFCG it  33 cost=1.866795e+06 lam=8.352e-07 tau=0.00e+00 cg_it=1 shift=0 ckpt=2 alpha=0 acc mv=137
PCG_PREP o=33 rebuild=1 drift=0 previous_depth=2
E2_CAP o=33 retry=0 touched=165 ncam=3068 raw=39346.924061875186 capped=342.24431743630555 radius=17308.622557547325 median=0.77995780596856168 global_scale=1
POINT_SAFE o=33 frozen=145 slope=-661.31431207606101 candidate=1866142.8317400091 original=1866424.6012923711 current=1866794.7066609722 won=1 mode=1 camera_scale=1 keep_scale=0
ATTR_RADIUS o=33 raw_norm=39346.924061875186 norm=342.24431743630566 radius=17308.622557547325 next_radius=17308.622557547325 lambda=8.3523252170303966e-07 next_lambda=8.3523252170303966e-07 rho=1.0079650664463289 accept=1
CLASSICAL_LM o=33 lambda=8.3523252170303966e-07 tau=8.3523252170303966e-07 prediction=646.72372353272146 rho=1.0079650664463289 accept=1
  MFCG it  34 cost=1.866143e+06 lam=8.352e-07 tau=0.00e+00 cg_it=1 shift=0 ckpt=2 alpha=0 acc mv=140
PCG_PREP o=34 rebuild=1 drift=0 previous_depth=2
E2_CAP o=34 retry=0 touched=161 ncam=3068 raw=39336.830693025775 capped=329.20352147822047 radius=17308.622557547325 median=0.75248992847798246 global_scale=1
POINT_SAFE o=34 frozen=146 slope=-640.47043450947228 candidate=1865512.6414773271 original=1865759.7205526286 current=1866142.8317400091 won=1 mode=1 camera_scale=1 keep_scale=0
ATTR_RADIUS o=34 raw_norm=39336.830693025826 norm=329.20352147822007 radius=17308.622557547325 next_radius=17308.622557547325 lambda=8.3523252170303966e-07 next_lambda=8.3523252170303966e-07 rho=1.006681548487887 accept=1
CLASSICAL_LM o=34 lambda=8.3523252170303966e-07 tau=8.3523252170303966e-07 prediction=626.00756279742245 rho=1.006681548487887 accept=1
  MFCG it  35 cost=1.865513e+06 lam=8.352e-07 tau=0.00e+00 cg_it=1 shift=0 ckpt=2 alpha=0 acc mv=143
PCG_PREP o=35 rebuild=1 drift=0 previous_depth=2
E2_CAP o=35 retry=0 touched=161 ncam=3068 raw=39305.961646797681 capped=318.74489712252608 radius=17308.622557547325 median=0.72904395220139007 global_scale=1
POINT_SAFE o=35 frozen=159 slope=-619.64092197339528 candidate=1864903.2669231831 original=1865117.0828296463 current=1865512.6414773271 won=1 mode=1 camera_scale=1 keep_scale=0
ATTR_RADIUS o=35 raw_norm=39305.961646797703 norm=318.74489712252563 radius=17308.622557547325 next_radius=17308.622557547325 lambda=8.3523252170303966e-07 next_lambda=8.3523252170303966e-07 rho=1.008456007173367 accept=1
CLASSICAL_LM o=35 lambda=8.3523252170303966e-07 tau=8.3523252170303966e-07 prediction=604.26488593391468 rho=1.008456007173367 accept=1
  MFCG it  36 cost=1.864903e+06 lam=8.352e-07 tau=0.00e+00 cg_it=1 shift=0 ckpt=2 alpha=0 acc mv=146
PCG_PREP o=36 rebuild=1 drift=0 previous_depth=2
E2_CAP o=36 retry=0 touched=154 ncam=3068 raw=39288.250751147629 capped=307.66318411287261 radius=17308.622557547325 median=0.70497199194234339 global_scale=1
POINT_SAFE o=36 frozen=163 slope=-602.35368241399885 candidate=1864310.948595149 original=1864495.4398509229 current=1864903.2669231831 won=1 mode=1 camera_scale=1 keep_scale=0
ATTR_RADIUS o=36 raw_norm=39288.2507511476 norm=307.66318411287364 radius=17308.622557547325 next_radius=17308.622557547325 lambda=8.3523252170303966e-07 next_lambda=8.3523252170303966e-07 rho=1.0096117425572508 accept=1
CLASSICAL_LM o=36 lambda=8.3523252170303966e-07 tau=8.3523252170303966e-07 prediction=586.67931747093849 rho=1.0096117425572508 accept=1
  MFCG it  37 cost=1.864311e+06 lam=8.352e-07 tau=0.00e+00 cg_it=1 shift=0 ckpt=2 alpha=0 acc mv=149
PCG_PREP o=37 rebuild=1 drift=0 previous_depth=2
E2_CAP o=37 retry=0 touched=160 ncam=3068 raw=39291.347897254593 capped=300.52776205796806 radius=17308.622557547325 median=0.69010039718947658 global_scale=1
POINT_SAFE o=37 frozen=174 slope=-586.667298332879 candidate=1863732.658294234 original=1863891.2869099597 current=1864310.948595149 won=1 mode=1 camera_scale=1 keep_scale=0
ATTR_RADIUS o=37 raw_norm=39291.347897254556 norm=300.52776205796812 radius=17308.622557547325 next_radius=17308.622557547325 lambda=8.3523252170303966e-07 next_lambda=8.3523252170303966e-07 rho=1.0124137335474903 accept=1
CLASSICAL_LM o=37 lambda=8.3523252170303966e-07 tau=8.3523252170303966e-07 prediction=571.19958150774266 rho=1.0124137335474903 accept=1
  MFCG it  38 cost=1.863733e+06 lam=8.352e-07 tau=0.00e+00 cg_it=1 shift=0 ckpt=2 alpha=0 acc mv=152
PCG_PREP o=38 rebuild=1 drift=0 previous_depth=2
E2_CAP o=38 retry=0 touched=158 ncam=3068 raw=39292.582564963697 capped=288.56434966728045 radius=17308.622557547325 median=0.6617594370453791 global_scale=1
POINT_SAFE o=38 frozen=173 slope=-567.52552706735662 candidate=1863172.2377305473 original=1863301.3461134522 current=1863732.658294234 won=1 mode=1 camera_scale=1 keep_scale=0
ATTR_RADIUS o=38 raw_norm=39292.582564963704 norm=288.56434966728011 radius=17308.622557547325 next_radius=17308.622557547325 lambda=8.3523252170303966e-07 next_lambda=8.3523252170303966e-07 rho=1.0138756672399372 accept=1
CLASSICAL_LM o=38 lambda=8.3523252170303966e-07 tau=8.3523252170303966e-07 prediction=552.75077782689664 rho=1.0138756672399372 accept=1
  MFCG it  39 cost=1.863172e+06 lam=8.352e-07 tau=0.00e+00 cg_it=1 shift=0 ckpt=2 alpha=0 acc mv=155
PCG_PREP o=39 rebuild=1 drift=0 previous_depth=2
E2_CAP o=39 retry=0 touched=244 ncam=3068 raw=32201.605563561356 capped=183.6410672843289 radius=17308.622557547325 median=0.35004054856497024 global_scale=1
POINT_SAFE o=39 frozen=147 slope=-545.91244348778184 candidate=1862706.1919491296 original=1862730.0716862101 current=1863172.2377305473 won=1 mode=1 camera_scale=1 keep_scale=0
ATTR_RADIUS o=39 raw_norm=32201.605563561407 norm=183.64106728432844 radius=17308.622557547325 next_radius=17308.622557547325 lambda=8.3523252170303966e-07 next_lambda=8.3523252170303966e-07 rho=1.0090680146673743 accept=1
CLASSICAL_LM o=39 lambda=8.3523252170303966e-07 tau=8.3523252170303966e-07 prediction=461.85764947804392 rho=1.0090680146673743 accept=1
  MFCG it  40 cost=1.862706e+06 lam=8.352e-07 tau=0.00e+00 cg_it=0 shift=0 ckpt=1 alpha=0 acc mv=157
PCG_PREP o=40 rebuild=1 drift=0 previous_depth=1
E2_CAP o=40 retry=0 touched=152 ncam=3068 raw=39293.856456988266 capped=348.82838178735329 radius=17308.622557547325 median=0.80297771981533306 global_scale=1
POINT_SAFE o=40 frozen=242 slope=-518.0220545578785 candidate=1862263.9133068041 original=1862259.9348540658 current=1862706.1919491296 won=0 mode=1 camera_scale=1 keep_scale=0
ATTR_RADIUS o=40 raw_norm=39293.856456988266 norm=5.4504434654273766 radius=17308.622557547325 next_radius=17308.622557547325 lambda=8.3523252170303966e-07 next_lambda=8.3523252170303966e-07 rho=0.26624268108939297 accept=1
CLASSICAL_LM o=40 lambda=8.3523252170303966e-07 tau=8.3523252170303966e-07 prediction=1676.1290610425062 rho=0.26624268108939297 accept=1
  MFCG it  41 cost=1.862260e+06 lam=8.352e-07 tau=0.00e+00 cg_it=1 shift=0 ckpt=2 alpha=0 acc mv=160
PCG_PREP o=41 rebuild=1 drift=0 previous_depth=2
E2_CAP o=41 retry=0 touched=152 ncam=3068 raw=39809.176855610021 capped=345.6111102350207 radius=17308.622557547325 median=0.79627454827416955 global_scale=1
POINT_SAFE o=41 frozen=249 slope=-513.22265513332104 candidate=1861819.3814673163 original=1862155.1883286068 current=1862259.9348540658 won=1 mode=1 camera_scale=1 keep_scale=0
ATTR_RADIUS o=41 raw_norm=39809.17685561 norm=345.6111102350207 radius=17308.622557547325 next_radius=17308.622557547325 lambda=8.3523252170303966e-07 next_lambda=8.3523252170303966e-07 rho=1.0187281551403817 accept=1
CLASSICAL_LM o=41 lambda=8.3523252170303966e-07 tau=8.3523252170303966e-07 prediction=432.45431524247817 rho=1.0187281551403817 accept=1
  MFCG it  42 cost=1.861819e+06 lam=8.352e-07 tau=0.00e+00 cg_it=1 shift=0 ckpt=2 alpha=0 acc mv=163
PCG_PREP o=42 rebuild=1 drift=0 previous_depth=2
E2_CAP o=42 retry=0 touched=151 ncam=3068 raw=39741.484922772164 capped=297.69300020505358 radius=17308.622557547325 median=0.70352532600199369 global_scale=1
POINT_SAFE o=42 frozen=185 slope=-581.74595964503476 candidate=1861246.595067933 original=1861694.5749514003 current=1861819.3814673163 won=1 mode=1 camera_scale=1 keep_scale=0
ATTR_RADIUS o=42 raw_norm=39741.484922772128 norm=297.69300020505369 radius=17308.622557547325 next_radius=17308.622557547325 lambda=8.3523252170303966e-07 next_lambda=8.3523252170303966e-07 rho=1.0189287227846091 accept=1
CLASSICAL_LM o=42 lambda=8.3523252170303966e-07 tau=8.3523252170303966e-07 prediction=562.1456992771532 rho=1.0189287227846091 accept=1
  MFCG it  43 cost=1.861247e+06 lam=8.352e-07 tau=0.00e+00 cg_it=1 shift=0 ckpt=2 alpha=0 acc mv=166
PCG_PREP o=43 rebuild=1 drift=0 previous_depth=2
E2_CAP o=43 retry=0 touched=234 ncam=3068 raw=31728.688605684572 capped=162.87365915095603 radius=17308.622557547325 median=0.31718758976987255 global_scale=1
POINT_SAFE o=43 frozen=113 slope=-470.79339187230431 candidate=1860839.2767976534 original=1861106.113793154 current=1861246.595067933 won=1 mode=1 camera_scale=1 keep_scale=0
ATTR_RADIUS o=43 raw_norm=31728.688605684565 norm=162.873659150956 radius=17308.622557547325 next_radius=17308.622557547325 lambda=8.3523252170303966e-07 next_lambda=8.3523252170303966e-07 rho=1.01054780228393 accept=1
CLASSICAL_LM o=43 lambda=8.3523252170303966e-07 tau=8.3523252170303966e-07 prediction=403.06680135168654 rho=1.01054780228393 accept=1
  MFCG it  44 cost=1.860839e+06 lam=8.352e-07 tau=0.00e+00 cg_it=0 shift=0 ckpt=1 alpha=0 acc mv=168
PCG_PREP o=44 rebuild=1 drift=0 previous_depth=1
E2_CAP o=44 retry=0 touched=151 ncam=3068 raw=39697.860530653874 capped=328.52745436700479 radius=17308.622557547325 median=0.75343201307315477 global_scale=1
POINT_SAFE o=44 frozen=246 slope=-491.57717094679271 candidate=1860419.3934417735 original=1860693.7232322998 current=1860839.2767976534 won=1 mode=1 camera_scale=1 keep_scale=0
ATTR_RADIUS o=44 raw_norm=39697.860530653867 norm=328.52745436700479 radius=17308.622557547325 next_radius=17308.622557547325 lambda=8.3523252170303966e-07 next_lambda=8.3523252170303966e-07 rho=1.0161595507270105 accept=1
CLASSICAL_LM o=44 lambda=8.3523252170303966e-07 tau=8.3523252170303966e-07 prediction=413.20613045413802 rho=1.0161595507270105 accept=1
  MFCG it  45 cost=1.860419e+06 lam=8.352e-07 tau=0.00e+00 cg_it=1 shift=0 ckpt=2 alpha=0 acc mv=171
PCG_PREP o=45 rebuild=1 drift=0 previous_depth=2
E2_CAP o=45 retry=0 touched=227 ncam=3068 raw=31745.064245694371 capped=171.41286948388404 radius=17308.622557547325 median=0.33450639733630866 global_scale=1
POINT_SAFE o=45 frozen=146 slope=-489.5236585443954 candidate=1860000.8483271238 original=1860258.4853301519 current=1860419.3934417735 won=1 mode=1 camera_scale=1 keep_scale=0
ATTR_RADIUS o=45 raw_norm=31745.064245694382 norm=171.41286948388444 radius=17308.622557547325 next_radius=17308.622557547325 lambda=8.3523252170303966e-07 next_lambda=8.3523252170303966e-07 rho=1.0075164634875833 accept=1
CLASSICAL_LM o=45 lambda=8.3523252170303966e-07 tau=8.3523252170303966e-07 prediction=415.42260580127061 rho=1.0075164634875833 accept=1
  MFCG it  46 cost=1.860001e+06 lam=8.352e-07 tau=0.00e+00 cg_it=0 shift=0 ckpt=1 alpha=0 acc mv=173
PCG_PREP o=46 rebuild=1 drift=0 previous_depth=1
E2_CAP o=46 retry=0 touched=151 ncam=3068 raw=39685.33428905646 capped=319.05779730677347 radius=17308.622557547325 median=0.73979568395294215 global_scale=1
POINT_SAFE o=46 frozen=250 slope=-469.19132965657406 candidate=1859600.6656794327 original=1859835.2967232841 current=1860000.8483271238 won=1 mode=1 camera_scale=1 keep_scale=0
ATTR_RADIUS o=46 raw_norm=39685.334289056431 norm=319.05779730677324 radius=17308.622557547325 next_radius=17308.622557547325 lambda=8.3523252170303966e-07 next_lambda=8.3523252170303966e-07 rho=1.0138245292117358 accept=1
CLASSICAL_LM o=46 lambda=8.3523252170303966e-07 tau=8.3523252170303966e-07 prediction=394.72575002920524 rho=1.0138245292117358 accept=1
  MFCG it  47 cost=1.859601e+06 lam=8.352e-07 tau=0.00e+00 cg_it=1 shift=0 ckpt=2 alpha=0 acc mv=176
PCG_PREP o=47 rebuild=1 drift=0 previous_depth=2
E2_CAP o=47 retry=0 touched=227 ncam=3068 raw=31808.067426374859 capped=168.14194021773702 radius=17308.622557547325 median=0.32757599990831693 global_scale=1
POINT_SAFE o=47 frozen=151 slope=-470.91023830909739 candidate=1859200.5492317071 original=1859421.53360999 current=1859600.6656794327 won=1 mode=1 camera_scale=1 keep_scale=0
ATTR_RADIUS o=47 raw_norm=31808.06742637487 norm=168.14194021773744 radius=17308.622557547325 next_radius=17308.622557547325 lambda=8.3523252170303966e-07 next_lambda=8.3523252170303966e-07 rho=1.0053059141663601 accept=1
CLASSICAL_LM o=47 lambda=8.3523252170303966e-07 tau=8.3523252170303966e-07 prediction=398.00466911343966 rho=1.0053059141663601 accept=1
  MFCG it  48 cost=1.859201e+06 lam=8.352e-07 tau=0.00e+00 cg_it=0 shift=0 ckpt=1 alpha=0 acc mv=178
PCG_PREP o=48 rebuild=1 drift=0 previous_depth=1
E2_CAP o=48 retry=0 touched=149 ncam=3068 raw=39678.670072620145 capped=314.47221829929936 radius=17308.622557547325 median=0.72752943662989433 global_scale=1
POINT_SAFE o=48 frozen=238 slope=-441.13408891977394 candidate=1858831.3001173011 original=1859017.3567497947 current=1859200.5492317071 won=1 mode=1 camera_scale=1 keep_scale=0
ATTR_RADIUS o=48 raw_norm=39678.670072620145 norm=314.47221829929941 radius=17308.622557547325 next_radius=17308.622557547325 lambda=8.3523252170303966e-07 next_lambda=8.3523252170303966e-07 rho=1.009720394791888 accept=1
CLASSICAL_LM o=48 lambda=8.3523252170303966e-07 tau=8.3523252170303966e-07 prediction=365.694420267868 rho=1.009720394791888 accept=1
  MFCG it  49 cost=1.858831e+06 lam=8.352e-07 tau=0.00e+00 cg_it=1 shift=0 ckpt=2 alpha=0 acc mv=181
PCG_PREP o=49 rebuild=1 drift=0 previous_depth=2
E2_CAP o=49 retry=0 touched=148 ncam=3068 raw=39633.064490123332 capped=263.48442773890946 radius=17308.622557547325 median=0.62477690799489871 global_scale=1
POINT_SAFE o=49 frozen=172 slope=-493.39315977112869 candidate=1858351.8416571503 original=1858635.8114940287 current=1858831.3001173011 won=1 mode=1 camera_scale=1 keep_scale=0
ATTR_RADIUS o=49 raw_norm=39633.064490123332 norm=263.48442773890918 radius=17308.622557547325 next_radius=17308.622557547325 lambda=8.3523252170303966e-07 next_lambda=8.3523252170303966e-07 rho=1.0069114877658689 accept=1
CLASSICAL_LM o=49 lambda=8.3523252170303966e-07 tau=8.3523252170303966e-07 prediction=476.1674347509657 rho=1.0069114877658689 accept=1
  MFCG it  50 cost=1.858352e+06 lam=8.352e-07 tau=0.00e+00 cg_it=1 shift=0 ckpt=2 alpha=0 acc mv=184
PCG_PREP o=50 rebuild=1 drift=0 previous_depth=2
E2_CAP o=50 retry=0 touched=235 ncam=3068 raw=31769.955758615488 capped=149.69227030342026 radius=17308.622557547325 median=0.29236360070934186 global_scale=1
POINT_SAFE o=50 frozen=125 slope=-399.26048376681871 candidate=1858008.1072673548 original=1858146.9813181211 current=1858351.8416571503 won=1 mode=1 camera_scale=1 keep_scale=0
ATTR_RADIUS o=50 raw_norm=31769.955758615539 norm=149.69227030342074 radius=17308.622557547325 next_radius=17308.622557547325 lambda=8.3523252170303966e-07 next_lambda=8.3523252170303966e-07 rho=1.0043220862969005 accept=1
CLASSICAL_LM o=50 lambda=8.3523252170303966e-07 tau=8.3523252170303966e-07 prediction=342.25513357259814 rho=1.0043220862969005 accept=1
  MFCG it  51 cost=1.858008e+06 lam=8.352e-07 tau=0.00e+00 cg_it=0 shift=0 ckpt=1 alpha=0 acc mv=186
PCG_PREP o=51 rebuild=1 drift=0 previous_depth=1
E2_CAP o=51 retry=0 touched=150 ncam=3068 raw=39682.094829641639 capped=298.88399131799173 radius=17308.622557547325 median=0.68449701647704508 global_scale=1
POINT_SAFE o=51 frozen=219 slope=-401.79957326926825 candidate=1857677.4138697092 original=1857800.071755402 current=1858008.1072673548 won=1 mode=1 camera_scale=1 keep_scale=0
ATTR_RADIUS o=51 raw_norm=39682.094829641617 norm=298.88399131799173 radius=17308.622557547325 next_radius=17308.622557547325 lambda=8.3523252170303966e-07 next_lambda=8.3523252170303966e-07 rho=1.0082391463387521 accept=1
CLASSICAL_LM o=51 lambda=8.3523252170303966e-07 tau=8.3523252170303966e-07 prediction=327.991031538958 rho=1.0082391463387521 accept=1
  MFCG it  52 cost=1.857677e+06 lam=8.352e-07 tau=0.00e+00 cg_it=1 shift=0 ckpt=2 alpha=0 acc mv=189
PCG_PREP o=52 rebuild=1 drift=0 previous_depth=2
E2_CAP o=52 retry=0 touched=222 ncam=3068 raw=31803.947830038876 capped=158.00698513830116 radius=17308.622557547325 median=0.31078659272553444 global_scale=1
POINT_SAFE o=52 frozen=147 slope=-428.5191098663841 candidate=1857315.8606567848 original=1857638.9268771424 current=1857677.4138697092 won=1 mode=1 camera_scale=1 keep_scale=0
ATTR_RADIUS o=52 raw_norm=31803.947830038884 norm=158.00698513830142 radius=17308.622557547325 next_radius=17308.622557547325 lambda=8.3523252170303966e-07 next_lambda=8.3523252170303966e-07 rho=1.0020811254070883 accept=1
CLASSICAL_LM o=52 lambda=8.3523252170303966e-07 tau=8.3523252170303966e-07 prediction=360.80233801182152 rho=1.0020811254070883 accept=1
  MFCG it  53 cost=1.857316e+06 lam=8.352e-07 tau=0.00e+00 cg_it=0 shift=0 ckpt=1 alpha=0 acc mv=191
PCG_PREP o=53 rebuild=1 drift=0 previous_depth=1
E2_CAP o=53 retry=0 touched=146 ncam=3068 raw=39711.561973841133 capped=291.73662640784124 radius=17308.622557547325 median=0.67807471763520533 global_scale=1
POINT_SAFE o=53 frozen=231 slope=-385.15809485527376 candidate=1856997.5657370086 original=1857265.6150325087 current=1857315.8606567848 won=1 mode=1 camera_scale=1 keep_scale=0
ATTR_RADIUS o=53 raw_norm=39711.561973841111 norm=291.73662640784056 radius=17308.622557547325 next_radius=17308.622557547325 lambda=8.3523252170303966e-07 next_lambda=8.3523252170303966e-07 rho=1.006234673126299 accept=1
CLASSICAL_LM o=53 lambda=8.3523252170303966e-07 tau=8.3523252170303966e-07 prediction=316.32275082247469 rho=1.006234673126299 accept=1
  MFCG it  54 cost=1.856998e+06 lam=8.352e-07 tau=0.00e+00 cg_it=1 shift=0 ckpt=2 alpha=0 acc mv=194
PCG_PREP o=54 rebuild=1 drift=0 previous_depth=2
E2_CAP o=54 retry=0 touched=144 ncam=3068 raw=39648.629524016367 capped=245.13916152370822 radius=17308.622557547325 median=0.5886439771934453 global_scale=1
POINT_SAFE o=54 frozen=166 slope=-431.39617908865426 candidate=1856576.2234259979 original=1856912.2530665521 current=1856997.5657370086 won=1 mode=1 camera_scale=1 keep_scale=0
ATTR_RADIUS o=54 raw_norm=39648.629524016345 norm=245.13916152370871 radius=17308.622557547325 next_radius=17308.622557547325 lambda=8.3523252170303966e-07 next_lambda=8.3523252170303966e-07 rho=1.0055160459645238 accept=1
CLASSICAL_LM o=54 lambda=8.3523252170303966e-07 tau=8.3523252170303966e-07 prediction=419.0309172108046 rho=1.0055160459645238 accept=1
  MFCG it  55 cost=1.856576e+06 lam=8.352e-07 tau=0.00e+00 cg_it=1 shift=0 ckpt=2 alpha=0 acc mv=197
PCG_PREP o=55 rebuild=1 drift=0 previous_depth=2
E2_CAP o=55 retry=0 touched=231 ncam=3068 raw=31798.036730408938 capped=140.46607387518773 radius=17308.622557547325 median=0.27459173224881961 global_scale=1
POINT_SAFE o=55 frozen=108 slope=-361.71534617469626 candidate=1856265.9356752299 original=1856462.9799383518 current=1856576.2234259979 won=1 mode=1 camera_scale=1 keep_scale=0
ATTR_RADIUS o=55 raw_norm=31798.036730408905 norm=140.46607387518725 radius=17308.622557547325 next_radius=17308.622557547325 lambda=8.3523252170303966e-07 next_lambda=8.3523252170303966e-07 rho=1.0026107490378751 accept=1
CLASSICAL_LM o=55 lambda=8.3523252170303966e-07 tau=8.3523252170303966e-07 prediction=309.47977673864733 rho=1.0026107490378751 accept=1
  MFCG it  56 cost=1.856266e+06 lam=8.352e-07 tau=0.00e+00 cg_it=0 shift=0 ckpt=1 alpha=0 acc mv=199
PCG_PREP o=56 rebuild=1 drift=0 previous_depth=1
E2_CAP o=56 retry=0 touched=146 ncam=3068 raw=39684.269647062392 capped=279.64103912367563 radius=17308.622557547325 median=0.64335042181014268 global_scale=1
POINT_SAFE o=56 frozen=217 slope=-354.85946486404879 candidate=1855977.4887556778 original=1856143.55928825 current=1856265.9356752299 won=1 mode=1 camera_scale=1 keep_scale=0
ATTR_RADIUS o=56 raw_norm=39684.269647062407 norm=279.6410391236758 radius=17308.622557547325 next_radius=17308.622557547325 lambda=8.3523252170303966e-07 next_lambda=8.3523252170303966e-07 rho=1.0048501382479018 accept=1
CLASSICAL_LM o=56 lambda=8.3523252170303966e-07 tau=8.3523252170303966e-07 prediction=287.05466474334025 rho=1.0048501382479018 accept=1
  MFCG it  57 cost=1.855977e+06 lam=8.352e-07 tau=0.00e+00 cg_it=1 shift=0 ckpt=2 alpha=0 acc mv=202
PCG_PREP o=57 rebuild=1 drift=0 previous_depth=2
E2_CAP o=57 retry=0 touched=143 ncam=3068 raw=39615.877144060905 capped=235.03260576060319 radius=17308.622557547325 median=0.56308117877369113 global_scale=1
POINT_SAFE o=57 frozen=171 slope=-406.30479219909535 candidate=1855580.7850945271 original=1855826.0095076161 current=1855977.4887556778 won=1 mode=1 camera_scale=1 keep_scale=0
ATTR_RADIUS o=57 raw_norm=39615.87714406092 norm=235.03260576060262 radius=17308.622557547325 next_radius=17308.622557547325 lambda=8.3523252170303966e-07 next_lambda=8.3523252170303966e-07 rho=1.0048311933782752 accept=1
CLASSICAL_LM o=57 lambda=8.3523252170303966e-07 tau=8.3523252170303966e-07 prediction=394.7963237656208 rho=1.0048311933782752 accept=1
  MFCG it  58 cost=1.855581e+06 lam=8.352e-07 tau=0.00e+00 cg_it=1 shift=0 ckpt=2 alpha=0 acc mv=205
PCG_PREP o=58 rebuild=1 drift=0 previous_depth=2
E2_CAP o=58 retry=0 touched=226 ncam=3068 raw=31772.30775557672 capped=135.65385738680723 radius=17308.622557547325 median=0.26694264047789817 global_scale=1
POINT_SAFE o=58 frozen=109 slope=-344.63899224255522 candidate=1855286.1941076596 original=1855405.9200332924 current=1855580.7850945271 won=1 mode=1 camera_scale=1 keep_scale=0
ATTR_RADIUS o=58 raw_norm=31772.307755576727 norm=135.6538573868072 radius=17308.622557547325 next_radius=17308.622557547325 lambda=8.3523252170303966e-07 next_lambda=8.3523252170303966e-07 rho=1.0021603865631077 accept=1
CLASSICAL_LM o=58 lambda=8.3523252170303966e-07 tau=8.3523252170303966e-07 prediction=293.95592842951032 rho=1.0021603865631077 accept=1
  MFCG it  59 cost=1.855286e+06 lam=8.352e-07 tau=0.00e+00 cg_it=0 shift=0 ckpt=1 alpha=0 acc mv=207
PCG_PREP o=59 rebuild=1 drift=0 previous_depth=1
E2_CAP o=59 retry=0 touched=145 ncam=3068 raw=39656.288282026515 capped=270.60388668318274 radius=17308.622557547325 median=0.62210955927751854 global_scale=1
POINT_SAFE o=59 frozen=224 slope=-327.98663239056611 candidate=1855024.2411767165 original=1855103.6716032408 current=1855286.1941076596 won=1 mode=1 camera_scale=1 keep_scale=0
ATTR_RADIUS o=59 raw_norm=39656.288282026508 norm=270.60388668318251 radius=17308.622557547325 next_radius=17308.622557547325 lambda=8.3523252170303966e-07 next_lambda=8.3523252170303966e-07 rho=1.0013151107147757 accept=1
CLASSICAL_LM o=59 lambda=8.3523252170303966e-07 tau=8.3523252170303966e-07 prediction=261.60888629366377 rho=1.0013151107147757 accept=1
  MFCG it  60 cost=1.855024e+06 lam=8.352e-07 tau=0.00e+00 cg_it=1 shift=0 ckpt=2 alpha=0 acc mv=210
PCG_PREP o=60 rebuild=1 drift=0 previous_depth=2
E2_CAP o=60 retry=0 touched=223 ncam=3068 raw=31808.449965068754 capped=149.0113205488816 radius=17308.622557547325 median=0.29261393305371813 global_scale=1
POINT_SAFE o=60 frozen=171 slope=-387.76110679793089 candidate=1854701.4861304362 original=1854816.8737903626 current=1855024.2411767165 won=1 mode=1 camera_scale=1 keep_scale=0
ATTR_RADIUS o=60 raw_norm=31808.449965068769 norm=149.01132054888183 radius=17308.622557547325 next_radius=17308.622557547325 lambda=8.3523252170303966e-07 next_lambda=8.3523252170303966e-07 rho=0.9996284290528894 accept=1
CLASSICAL_LM o=60 lambda=8.3523252170303966e-07 tau=8.3523252170303966e-07 prediction=322.87501725629403 rho=0.9996284290528894 accept=1
  MFCG it  61 cost=1.854701e+06 lam=8.352e-07 tau=0.00e+00 cg_it=0 shift=0 ckpt=1 alpha=0 acc mv=212
PCG_PREP o=61 rebuild=1 drift=0 previous_depth=1
E2_CAP o=61 retry=0 touched=143 ncam=3068 raw=39655.743108293813 capped=263.5967728616867 radius=17308.622557547325 median=0.61646706284979125 global_scale=1
POINT_SAFE o=61 frozen=228 slope=-305.15338602774528 candidate=1854460.9985115756 original=1854486.9465469024 current=1854701.4861304362 won=1 mode=1 camera_scale=1 keep_scale=0
ATTR_RADIUS o=61 raw_norm=39655.74310829382 norm=263.59677286168647 radius=17308.622557547325 next_radius=17308.622557547325 lambda=8.3523252170303966e-07 next_lambda=8.3523252170303966e-07 rho=1.0027582368168961 accept=1
CLASSICAL_LM o=61 lambda=8.3523252170303966e-07 tau=8.3523252170303966e-07 prediction=239.82612162224393 rho=1.0027582368168961 accept=1
  MFCG it  62 cost=1.854461e+06 lam=8.352e-07 tau=0.00e+00 cg_it=1 shift=0 ckpt=2 alpha=0 acc mv=215
PCG_PREP o=62 rebuild=1 drift=0 previous_depth=2
E2_CAP o=62 retry=0 touched=143 ncam=3068 raw=39578.06478232635 capped=222.213760557586 radius=17308.622557547325 median=0.53783221986660568 global_scale=1
POINT_SAFE o=62 frozen=160 slope=-357.71893370825097 candidate=1854117.4365675829 original=1854223.5664242618 current=1854460.9985115756 won=1 mode=1 camera_scale=1 keep_scale=0
ATTR_RADIUS o=62 raw_norm=39578.064782326364 norm=222.21376055758634 radius=17308.622557547325 next_radius=17308.622557547325 lambda=8.3523252170303966e-07 next_lambda=8.3523252170303966e-07 rho=0.99498444125500052 accept=1
CLASSICAL_LM o=62 lambda=8.3523252170303966e-07 tau=8.3523252170303966e-07 prediction=345.29378525697916 rho=0.99498444125500052 accept=1
  MFCG it  63 cost=1.854117e+06 lam=8.352e-07 tau=0.00e+00 cg_it=1 shift=0 ckpt=2 alpha=0 acc mv=218
PCG_PREP o=63 rebuild=1 drift=0 previous_depth=2
E2_CAP o=63 retry=0 touched=227 ncam=3068 raw=31817.161806282293 capped=130.04787550670866 radius=17308.622557547325 median=0.25573791309777405 global_scale=1
POINT_SAFE o=63 frozen=124 slope=-334.48505447727797 candidate=1853835.4367047353 original=1853861.4719232519 current=1854117.4365675829 won=1 mode=1 camera_scale=1 keep_scale=0
ATTR_RADIUS o=63 raw_norm=31817.161806282293 norm=130.04787550670846 radius=17308.622557547325 next_radius=17308.622557547325 lambda=8.3523252170303966e-07 next_lambda=8.3523252170303966e-07 rho=1.0017364739924295 accept=1
CLASSICAL_LM o=63 lambda=8.3523252170303966e-07 tau=8.3523252170303966e-07 prediction=281.51102627191358 rho=1.0017364739924295 accept=1
  MFCG it  64 cost=1.853835e+06 lam=8.352e-07 tau=0.00e+00 cg_it=0 shift=0 ckpt=1 alpha=0 acc mv=220
PCG_PREP o=64 rebuild=1 drift=0 previous_depth=1
E2_CAP o=64 retry=0 touched=141 ncam=3068 raw=39599.101464628999 capped=254.84886440484985 radius=17308.622557547325 median=0.58917475258500263 global_scale=1
POINT_SAFE o=64 frozen=205 slope=-283.97439386585137 candidate=1853612.8009002316 original=1853573.8983015565 current=1853835.4367047353 won=0 mode=1 camera_scale=1 keep_scale=0
ATTR_RADIUS o=64 raw_norm=39599.10146462902 norm=1.9910067531628897 radius=17308.622557547325 next_radius=17308.622557547325 lambda=8.3523252170303966e-07 next_lambda=8.3523252170303966e-07 rho=0.31373559592349998 accept=1
CLASSICAL_LM o=64 lambda=8.3523252170303966e-07 tau=8.3523252170303966e-07 prediction=833.62680734056869 rho=0.31373559592349998 accept=1
  MFCG it  65 cost=1.853574e+06 lam=8.352e-07 tau=0.00e+00 cg_it=1 shift=0 ckpt=2 alpha=0 acc mv=223
PCG_PREP o=65 rebuild=1 drift=0 previous_depth=2
E2_CAP o=65 retry=0 touched=142 ncam=3068 raw=38601.650315111525 capped=254.43485159098807 radius=17308.622557547325 median=0.58894843157894616 global_scale=1
POINT_SAFE o=65 frozen=206 slope=-282.02000171572223 candidate=1853353.1478889121 original=inf current=1853573.8983015565 won=1 mode=1 camera_scale=1 keep_scale=0
ATTR_RADIUS o=65 raw_norm=38601.650315111525 norm=254.43485159098736 radius=17308.622557547325 next_radius=17308.622557547325 lambda=8.3523252170303966e-07 next_lambda=8.3523252170303966e-07 rho=1.0007491739411245 accept=1
CLASSICAL_LM o=65 lambda=8.3523252170303966e-07 tau=8.3523252170303966e-07 prediction=220.58515599368343 rho=1.0007491739411245 accept=1
  MFCG it  66 cost=1.853353e+06 lam=8.352e-07 tau=0.00e+00 cg_it=1 shift=0 ckpt=2 alpha=0 acc mv=226
PCG_PREP o=66 rebuild=1 drift=0 previous_depth=2
E2_CAP o=66 retry=0 touched=145 ncam=3068 raw=38514.642479238566 capped=214.97817384101924 radius=17308.622557547325 median=0.51398274846975656 global_scale=1
POINT_SAFE o=66 frozen=163 slope=-339.18654475622156 candidate=1853022.7658899836 original=inf current=1853353.1478889121 won=1 mode=1 camera_scale=1 keep_scale=0
ATTR_RADIUS o=66 raw_norm=38514.642479238581 norm=214.97817384101842 radius=17308.622557547325 next_radius=17308.622557547325 lambda=8.3523252170303966e-07 next_lambda=8.3523252170303966e-07 rho=1.0031952643461017 accept=1
CLASSICAL_LM o=66 lambda=8.3523252170303966e-07 tau=8.3523252170303966e-07 prediction=329.32970346889022 rho=1.0031952643461017 accept=1
  MFCG it  67 cost=1.853023e+06 lam=8.352e-07 tau=0.00e+00 cg_it=1 shift=0 ckpt=2 alpha=0 acc mv=229
PCG_PREP o=67 rebuild=1 drift=0 previous_depth=2
E2_CAP o=67 retry=0 touched=226 ncam=3068 raw=31450.602095394941 capped=126.83579749925907 radius=17308.622557547325 median=0.24954580117493697 global_scale=1
POINT_SAFE o=67 frozen=123 slope=-309.65375141048548 candidate=1852759.548342308 original=inf current=1853022.7658899836 won=1 mode=1 camera_scale=1 keep_scale=0
ATTR_RADIUS o=67 raw_norm=31450.602095394974 norm=126.83579749925913 radius=17308.622557547325 next_radius=17308.622557547325 lambda=8.3523252170303966e-07 next_lambda=8.3523252170303966e-07 rho=1.0011375696454645 accept=1
CLASSICAL_LM o=67 lambda=8.3523252170303966e-07 tau=8.3523252170303966e-07 prediction=262.91845961670242 rho=1.0011375696454645 accept=1
  MFCG it  68 cost=1.852760e+06 lam=8.352e-07 tau=0.00e+00 cg_it=0 shift=0 ckpt=1 alpha=0 acc mv=231
PCG_PREP o=68 rebuild=1 drift=0 previous_depth=1
E2_CAP o=68 retry=0 touched=143 ncam=3068 raw=38577.809291227321 capped=249.52836096000945 radius=17308.622557547325 median=0.57529971814637437 global_scale=1
POINT_SAFE o=68 frozen=199 slope=-269.44184680334797 candidate=1852550.8586295568 original=inf current=1852759.548342308 won=1 mode=1 camera_scale=1 keep_scale=0
ATTR_RADIUS o=68 raw_norm=38577.809291227284 norm=249.52836096000911 radius=17308.622557547325 next_radius=17308.622557547325 lambda=8.3523252170303966e-07 next_lambda=8.3523252170303966e-07 rho=1.0015387074886766 accept=1
CLASSICAL_LM o=68 lambda=8.3523252170303966e-07 tau=8.3523252170303966e-07 prediction=208.36909366635791 rho=1.0015387074886766 accept=1
  MFCG it  69 cost=1.852551e+06 lam=8.352e-07 tau=0.00e+00 cg_it=1 shift=0 ckpt=2 alpha=0 acc mv=234
PCG_PREP o=69 rebuild=1 drift=0 previous_depth=2
E2_CAP o=69 retry=0 touched=227 ncam=3068 raw=31497.201401168568 capped=142.74863885615619 radius=17308.622557547325 median=0.27982220286400594 global_scale=1
POINT_SAFE o=69 frozen=185 slope=-352.00956343784293 candidate=1852259.5041004736 original=inf current=1852550.8586295568 won=1 mode=1 camera_scale=1 keep_scale=0
ATTR_RADIUS o=69 raw_norm=31497.201401168601 norm=142.74863885615628 radius=17308.622557547325 next_radius=17308.622557547325 lambda=8.3523252170303966e-07 next_lambda=8.3523252170303966e-07 rho=1.0001791944307092 accept=1
CLASSICAL_LM o=69 lambda=8.3523252170303966e-07 tau=8.3523252170303966e-07 prediction=291.30232932817256 rho=1.0001791944307092 accept=1
  MFCG it  70 cost=1.852260e+06 lam=8.352e-07 tau=0.00e+00 cg_it=0 shift=0 ckpt=1 alpha=0 acc mv=236
PCG_PREP o=70 rebuild=1 drift=0 previous_depth=1
E2_CAP o=70 retry=0 touched=143 ncam=3068 raw=38571.116145928689 capped=243.43698292916505 radius=17308.622557547325 median=0.56987701011500091 global_scale=1
POINT_SAFE o=70 frozen=212 slope=-252.03468995240101 candidate=1852066.3913269637 original=inf current=1852259.5041004736 won=1 mode=1 camera_scale=1 keep_scale=0
ATTR_RADIUS o=70 raw_norm=38571.116145928696 norm=243.43698292916469 radius=17308.622557547325 next_radius=17308.622557547325 lambda=8.3523252170303966e-07 next_lambda=8.3523252170303966e-07 rho=1.0018521956310666 accept=1
CLASSICAL_LM o=70 lambda=8.3523252170303966e-07 tau=8.3523252170303966e-07 prediction=192.75575214793759 rho=1.0018521956310666 accept=1
  MFCG it  71 cost=1.852066e+06 lam=8.352e-07 tau=0.00e+00 cg_it=1 shift=0 ckpt=2 alpha=0 acc mv=239
PCG_PREP o=71 rebuild=1 drift=0 previous_depth=2
E2_CAP o=71 retry=0 touched=143 ncam=3068 raw=38480.609714872648 capped=203.74283694233137 radius=17308.622557547325 median=0.49021287489014542 global_scale=1
POINT_SAFE o=71 frozen=161 slope=-304.02814373160464 candidate=1851770.675126916 original=1852027.346281037 current=1852066.3913269637 won=1 mode=1 camera_scale=1 keep_scale=0
ATTR_RADIUS o=71 raw_norm=38480.60971487264 norm=203.74283694233151 radius=17308.622557547325 next_radius=17308.622557547325 lambda=8.3523252170303966e-07 next_lambda=8.3523252170303966e-07 rho=1.0032786436431917 accept=1
CLASSICAL_LM o=71 lambda=8.3523252170303966e-07 tau=8.3523252170303966e-07 prediction=294.7498204225779 rho=1.0032786436431917 accept=1
  MFCG it  72 cost=1.851771e+06 lam=8.352e-07 tau=0.00e+00 cg_it=1 shift=0 ckpt=2 alpha=0 acc mv=242
PCG_PREP o=72 rebuild=1 drift=0 previous_depth=2
E2_CAP o=72 retry=0 touched=229 ncam=3068 raw=31501.728881380572 capped=121.22322954601164 radius=17308.622557547325 median=0.23684684237021469 global_scale=1
POINT_SAFE o=72 frozen=136 slope=-286.12712510867846 candidate=1851528.1366001749 original=1851693.0471672097 current=1851770.675126916 won=1 mode=1 camera_scale=1 keep_scale=0
ATTR_RADIUS o=72 raw_norm=31501.728881380539 norm=121.2232295460115 radius=17308.622557547325 next_radius=17308.622557547325 lambda=8.3523252170303966e-07 next_lambda=8.3523252170303966e-07 rho=1.0015508264149888 accept=1
CLASSICAL_LM o=72 lambda=8.3523252170303966e-07 tau=8.3523252170303966e-07 prediction=242.16297400427121 rho=1.0015508264149888 accept=1
  MFCG it  73 cost=1.851528e+06 lam=8.352e-07 tau=0.00e+00 cg_it=0 shift=0 ckpt=1 alpha=0 acc mv=244
PCG_PREP o=73 rebuild=1 drift=0 previous_depth=1
E2_CAP o=73 retry=0 touched=140 ncam=3068 raw=38535.279298758694 capped=238.01327409853542 radius=17308.622557547325 median=0.55255688430364858 global_scale=1
POINT_SAFE o=73 frozen=201 slope=-242.85242404946254 candidate=1851342.273437832 original=1851441.5119611907 current=1851528.1366001749 won=1 mode=1 camera_scale=1 keep_scale=0
ATTR_RADIUS o=73 raw_norm=38535.279298758716 norm=238.01327409853505 radius=17308.622557547325 next_radius=17308.622557547325 lambda=8.3523252170303966e-07 next_lambda=8.3523252170303966e-07 rho=1.0030371126430864 accept=1
CLASSICAL_LM o=73 lambda=8.3523252170303966e-07 tau=8.3523252170303966e-07 prediction=185.30038420329203 rho=1.0030371126430864 accept=1
  MFCG it  74 cost=1.851342e+06 lam=8.352e-07 tau=0.00e+00 cg_it=1 shift=0 ckpt=2 alpha=0 acc mv=247
PCG_PREP o=74 rebuild=1 drift=0 previous_depth=2
E2_CAP o=74 retry=0 touched=225 ncam=3068 raw=31532.053599356779 capped=137.16505267250002 radius=17308.622557547325 median=0.26823511248666382 global_scale=1
POINT_SAFE o=74 frozen=183 slope=-329.64359525665515 candidate=1851070.5288068454 original=1851221.9798690476 current=1851342.273437832 won=1 mode=1 camera_scale=1 keep_scale=0
ATTR_RADIUS o=74 raw_norm=31532.053599356761 norm=137.1650526725002 radius=17308.622557547325 next_radius=17308.622557547325 lambda=8.3523252170303966e-07 next_lambda=8.3523252170303966e-07 rho=1.000720246177446 accept=1
CLASSICAL_LM o=74 lambda=8.3523252170303966e-07 tau=8.3523252170303966e-07 prediction=271.54904882218852 rho=1.000720246177446 accept=1
  MFCG it  75 cost=1.851071e+06 lam=8.352e-07 tau=0.00e+00 cg_it=0 shift=0 ckpt=1 alpha=0 acc mv=249
PCG_PREP o=75 rebuild=1 drift=0 previous_depth=1
E2_CAP o=75 retry=0 touched=139 ncam=3068 raw=38527.095523604752 capped=234.39143429518694 radius=17308.622557547325 median=0.54935923909092432 global_scale=1
POINT_SAFE o=75 frozen=202 slope=-230.30885726538199 candidate=1850896.6929293685 original=1850942.6069811028 current=1851070.5288068454 won=1 mode=1 camera_scale=1 keep_scale=0
ATTR_RADIUS o=75 raw_norm=38527.095523604716 norm=234.39143429518714 radius=17308.622557547325 next_radius=17308.622557547325 lambda=8.3523252170303966e-07 next_lambda=8.3523252170303966e-07 rho=1.0026576123397757 accept=1
CLASSICAL_LM o=75 lambda=8.3523252170303966e-07 tau=8.3523252170303966e-07 prediction=173.37511363555069 rho=1.0026576123397757 accept=1
  MFCG it  76 cost=1.850897e+06 lam=8.352e-07 tau=0.00e+00 cg_it=1 shift=0 ckpt=2 alpha=0 acc mv=252
PCG_PREP o=76 rebuild=1 drift=0 previous_depth=2
E2_CAP o=76 retry=0 touched=143 ncam=3068 raw=38435.227152166233 capped=193.86293856030804 radius=17308.622557547325 median=0.4652965650108335 global_scale=1
POINT_SAFE o=76 frozen=178 slope=-277.64106168609084 candidate=1850626.7118386815 original=1850742.7865029527 current=1850896.6929293685 won=1 mode=1 camera_scale=1 keep_scale=0
ATTR_RADIUS o=76 raw_norm=38435.227152166211 norm=193.86293856030824 radius=17308.622557547325 next_radius=17308.622557547325 lambda=8.3523252170303966e-07 next_lambda=8.3523252170303966e-07 rho=1.0049142768968005 accept=1
CLASSICAL_LM o=76 lambda=8.3523252170303966e-07 tau=8.3523252170303966e-07 prediction=268.66081704072371 rho=1.0049142768968005 accept=1
  MFCG it  77 cost=1.850627e+06 lam=8.352e-07 tau=0.00e+00 cg_it=1 shift=0 ckpt=2 alpha=0 acc mv=255
PCG_PREP o=77 rebuild=1 drift=0 previous_depth=2
E2_CAP o=77 retry=0 touched=230 ncam=3068 raw=31526.211214614646 capped=116.45588049983431 radius=17308.622557547325 median=0.22718313527441064 global_scale=1
POINT_SAFE o=77 frozen=141 slope=-267.44968546568299 candidate=1850400.0597797513 original=1850454.2052434529 current=1850626.7118386815 won=1 mode=1 camera_scale=1 keep_scale=0
ATTR_RADIUS o=77 raw_norm=31526.211214614636 norm=116.45588049983421 radius=17308.622557547325 next_radius=17308.622557547325 lambda=8.3523252170303966e-07 next_lambda=8.3523252170303966e-07 rho=1.001301141803796 accept=1
CLASSICAL_LM o=77 lambda=8.3523252170303966e-07 tau=8.3523252170303966e-07 prediction=226.35753567786153 rho=1.001301141803796 accept=1
  MFCG it  78 cost=1.850400e+06 lam=8.352e-07 tau=0.00e+00 cg_it=0 shift=0 ckpt=1 alpha=0 acc mv=257
PCG_PREP o=78 rebuild=1 drift=0 previous_depth=1
E2_CAP o=78 retry=0 touched=138 ncam=3068 raw=38487.377961054684 capped=227.59240041446256 radius=17308.622557547325 median=0.52896951345621157 global_scale=1
POINT_SAFE o=78 frozen=189 slope=-221.7870624235232 candidate=1850232.6558792514 original=1850223.0120054514 current=1850400.0597797513 won=0 mode=1 camera_scale=1 keep_scale=0
ATTR_RADIUS o=78 raw_norm=38487.377961054677 norm=0.88903281411899537 radius=17308.622557547325 next_radius=17308.622557547325 lambda=8.3523252170303966e-07 next_lambda=8.3523252170303966e-07 rho=0.42647235341181211 accept=1
CLASSICAL_LM o=78 lambda=8.3523252170303966e-07 tau=8.3523252170303966e-07 prediction=415.14478695648899 rho=0.42647235341181211 accept=1
  MFCG it  79 cost=1.850223e+06 lam=8.352e-07 tau=0.00e+00 cg_it=1 shift=0 ckpt=2 alpha=0 acc mv=260
PCG_PREP o=79 rebuild=1 drift=0 previous_depth=2
E2_CAP o=79 retry=0 touched=138 ncam=3068 raw=37899.058808790534 capped=227.75316075340064 radius=17308.622557547325 median=0.52852216304852062 global_scale=1
POINT_SAFE o=79 frozen=187 slope=-222.44894282985516 candidate=1850069.2530811245 original=inf current=1850223.0120054514 won=1 mode=1 camera_scale=1 keep_scale=0
ATTR_RADIUS o=79 raw_norm=37899.058808790505 norm=227.75316075339995 radius=17308.622557547325 next_radius=17308.622557547325 lambda=8.3523252170303966e-07 next_lambda=8.3523252170303966e-07 rho=0.91816521694697084 accept=1
CLASSICAL_LM o=79 lambda=8.3523252170303966e-07 tau=8.3523252170303966e-07 prediction=167.46324244140894 rho=0.91816521694697084 accept=1
  MFCG it  80 cost=1.850069e+06 lam=8.352e-07 tau=0.00e+00 cg_it=1 shift=0 ckpt=2 alpha=0 acc mv=263
PCG_PREP o=80 rebuild=1 drift=0 previous_depth=2
E2_CAP o=80 retry=0 touched=223 ncam=3068 raw=31378.28462908246 capped=134.03846126912941 radius=17308.622557547325 median=0.26236957792181692 global_scale=1
POINT_SAFE o=80 frozen=181 slope=-314.45502419147874 candidate=1849810.1394068457 original=inf current=1850069.2530811245 won=1 mode=1 camera_scale=1 keep_scale=0
ATTR_RADIUS o=80 raw_norm=31378.284629082464 norm=134.03846126912975 radius=17308.622557547325 next_radius=17308.622557547325 lambda=8.3523252170303966e-07 next_lambda=8.3523252170303966e-07 rho=1.0002197115153713 accept=1
CLASSICAL_LM o=80 lambda=8.3523252170303966e-07 tau=8.3523252170303966e-07 prediction=259.05675652629316 rho=1.0002197115153713 accept=1
  MFCG it  81 cost=1.849810e+06 lam=8.352e-07 tau=0.00e+00 cg_it=0 shift=0 ckpt=1 alpha=0 acc mv=265
PCG_PREP o=81 rebuild=1 drift=0 previous_depth=1
E2_CAP o=81 retry=0 touched=136 ncam=3068 raw=37954.649340930737 capped=224.08226881334073 radius=17308.622557547325 median=0.52492532719856588 global_scale=1
POINT_SAFE o=81 frozen=196 slope=-210.63455333664643 candidate=1849655.4155685268 original=inf current=1849810.1394068457 won=1 mode=1 camera_scale=1 keep_scale=0
ATTR_RADIUS o=81 raw_norm=37954.649340930737 norm=224.08226881334033 radius=17308.622557547325 next_radius=17308.622557547325 lambda=8.3523252170303966e-07 next_lambda=8.3523252170303966e-07 rho=0.99376988141284173 accept=1
CLASSICAL_LM o=81 lambda=8.3523252170303966e-07 tau=8.3523252170303966e-07 prediction=155.69382933890799 rho=0.99376988141284173 accept=1
  MFCG it  82 cost=1.849655e+06 lam=8.352e-07 tau=0.00e+00 cg_it=1 shift=0 ckpt=2 alpha=0 acc mv=268
PCG_PREP o=82 rebuild=1 drift=0 previous_depth=2
E2_CAP o=82 retry=0 touched=141 ncam=3068 raw=37908.362000974754 capped=184.67589518566621 radius=17308.622557547325 median=0.44522968432940202 global_scale=1
POINT_SAFE o=82 frozen=184 slope=-256.41002251207726 candidate=1849407.4278528059 original=inf current=1849655.4155685268 won=1 mode=1 camera_scale=1 keep_scale=0
ATTR_RADIUS o=82 raw_norm=37908.362000974768 norm=184.67589518566609 radius=17308.622557547325 next_radius=17308.622557547325 lambda=8.3523252170303966e-07 next_lambda=8.3523252170303966e-07 rho=1.0012887356786015 accept=1
CLASSICAL_LM o=82 lambda=8.3523252170303966e-07 tau=8.3523252170303966e-07 prediction=247.66853644151831 rho=1.0012887356786015 accept=1
  MFCG it  83 cost=1.849407e+06 lam=8.352e-07 tau=0.00e+00 cg_it=1 shift=0 ckpt=2 alpha=0 acc mv=271
PCG_PREP o=83 rebuild=1 drift=0 previous_depth=2
E2_CAP o=83 retry=0 touched=230 ncam=3068 raw=31419.341555183179 capped=112.91591652354114 radius=17308.622557547325 median=0.22014295982306942 global_scale=1
POINT_SAFE o=83 frozen=119 slope=-253.83791319660739 candidate=1849191.8633358909 original=inf current=1849407.4278528059 won=1 mode=1 camera_scale=1 keep_scale=0
ATTR_RADIUS o=83 raw_norm=31419.341555183197 norm=112.91591652354099 radius=17308.622557547325 next_radius=17308.622557547325 lambda=8.3523252170303966e-07 next_lambda=8.3523252170303966e-07 rho=1.0012511780552023 accept=1
CLASSICAL_LM o=83 lambda=8.3523252170303966e-07 tau=8.3523252170303966e-07 prediction=215.29514435499985 rho=1.0012511780552023 accept=1
  MFCG it  84 cost=1.849192e+06 lam=8.352e-07 tau=0.00e+00 cg_it=0 shift=0 ckpt=1 alpha=0 acc mv=273
PCG_PREP o=84 rebuild=1 drift=0 previous_depth=1
E2_CAP o=84 retry=0 touched=136 ncam=3068 raw=37998.102264260873 capped=217.79568979888305 radius=17308.622557547325 median=0.50595982589610178 global_scale=1
POINT_SAFE o=84 frozen=170 slope=-203.83928130359033 candidate=1849043.0450733213 original=inf current=1849191.8633358909 won=1 mode=1 camera_scale=1 keep_scale=0
ATTR_RADIUS o=84 raw_norm=37998.10226426088 norm=217.79568979888359 radius=17308.622557547325 next_radius=17308.622557547325 lambda=8.3523252170303966e-07 next_lambda=8.3523252170303966e-07 rho=0.99272658155792293 accept=1
CLASSICAL_LM o=84 lambda=8.3523252170303966e-07 tau=8.3523252170303966e-07 prediction=149.90861062273586 rho=0.99272658155792293 accept=1
  MFCG it  85 cost=1.849043e+06 lam=8.352e-07 tau=0.00e+00 cg_it=1 shift=0 ckpt=2 alpha=0 acc mv=276
PCG_PREP o=85 rebuild=1 drift=0 previous_depth=2
E2_CAP o=85 retry=0 touched=226 ncam=3068 raw=31391.979802039012 capped=128.47932465845938 radius=17308.622557547325 median=0.24987863415069678 global_scale=1
POINT_SAFE o=85 frozen=154 slope=-296.28826447757524 candidate=1848799.0110270884 original=inf current=1849043.0450733213 won=1 mode=1 camera_scale=1 keep_scale=0
ATTR_RADIUS o=85 raw_norm=31391.979802039008 norm=128.47932465845926 radius=17308.622557547325 next_radius=17308.622557547325 lambda=8.3523252170303966e-07 next_lambda=8.3523252170303966e-07 rho=1.000648980910543 accept=1
CLASSICAL_LM o=85 lambda=8.3523252170303966e-07 tau=8.3523252170303966e-07 prediction=243.87577551008329 rho=1.000648980910543 accept=1
  MFCG it  86 cost=1.848799e+06 lam=8.352e-07 tau=0.00e+00 cg_it=0 shift=0 ckpt=1 alpha=0 acc mv=278
PCG_PREP o=86 rebuild=1 drift=0 previous_depth=1
E2_CAP o=86 retry=0 touched=136 ncam=3068 raw=37983.401488991069 capped=212.50091876337359 radius=17308.622557547325 median=0.49880846822739877 global_scale=1
POINT_SAFE o=86 frozen=186 slope=-188.11067963003191 candidate=1848662.937706494 original=inf current=1848799.0110270884 won=1 mode=1 camera_scale=1 keep_scale=0
ATTR_RADIUS o=86 raw_norm=37983.401488991054 norm=212.50091876337336 radius=17308.622557547325 next_radius=17308.622557547325 lambda=8.3523252170303966e-07 next_lambda=8.3523252170303966e-07 rho=1.0011490728232262 accept=1
CLASSICAL_LM o=86 lambda=8.3523252170303966e-07 tau=8.3523252170303966e-07 prediction=135.91714190041506 rho=1.0011490728232262 accept=1
  MFCG it  87 cost=1.848663e+06 lam=8.352e-07 tau=0.00e+00 cg_it=1 shift=0 ckpt=2 alpha=0 acc mv=281
PCG_PREP o=87 rebuild=1 drift=0 previous_depth=2
E2_CAP o=87 retry=0 touched=139 ncam=3068 raw=37936.332487625914 capped=176.27820498810991 radius=17308.622557547325 median=0.42887866036241973 global_scale=1
POINT_SAFE o=87 frozen=196 slope=-236.71470511689188 candidate=1848433.5955583756 original=1848608.7236062146 current=1848662.937706494 won=1 mode=1 camera_scale=1 keep_scale=0
ATTR_RADIUS o=87 raw_norm=37936.33248762587 norm=176.27820498811008 radius=17308.622557547325 next_radius=17308.622557547325 lambda=8.3523252170303966e-07 next_lambda=8.3523252170303966e-07 rho=1.0031512064406918 accept=1
CLASSICAL_LM o=87 lambda=8.3523252170303966e-07 tau=8.3523252170303966e-07 prediction=228.62171390109245 rho=1.0031512064406918 accept=1
  MFCG it  88 cost=1.848434e+06 lam=8.352e-07 tau=0.00e+00 cg_it=1 shift=0 ckpt=2 alpha=0 acc mv=284
PCG_PREP o=88 rebuild=1 drift=0 previous_depth=2
E2_CAP o=88 retry=0 touched=234 ncam=3068 raw=31344.605586715898 capped=109.31945218865646 radius=17308.622557547325 median=0.21240627210062735 global_scale=1
POINT_SAFE o=88 frozen=112 slope=-241.35123382526859 candidate=1848228.8088984734 original=1848341.376348601 current=1848433.5955583756 won=1 mode=1 camera_scale=1 keep_scale=0
ATTR_RADIUS o=88 raw_norm=31344.605586715865 norm=109.3194521886563 radius=17308.622557547325 next_radius=17308.622557547325 lambda=8.3523252170303966e-07 next_lambda=8.3523252170303966e-07 rho=1.001158193810934 accept=1
CLASSICAL_LM o=88 lambda=8.3523252170303966e-07 tau=8.3523252170303966e-07 prediction=204.54975164581026 rho=1.001158193810934 accept=1
  MFCG it  89 cost=1.848229e+06 lam=8.352e-07 tau=0.00e+00 cg_it=0 shift=0 ckpt=1 alpha=0 acc mv=286
PCG_PREP o=89 rebuild=1 drift=0 previous_depth=1
E2_CAP o=89 retry=0 touched=136 ncam=3068 raw=37979.369182162824 capped=208.56168820259316 radius=17308.622557547325 median=0.48319738564585274 global_scale=1
POINT_SAFE o=89 frozen=180 slope=-181.53385185082846 candidate=1848097.5684707679 original=1848128.1724197932 current=1848228.8088984734 won=1 mode=1 camera_scale=1 keep_scale=0
ATTR_RADIUS o=89 raw_norm=37979.369182162838 norm=208.56168820259319 radius=17308.622557547325 next_radius=17308.622557547325 lambda=8.3523252170303966e-07 next_lambda=8.3523252170303966e-07 rho=1.0034826034894728 accept=1
CLASSICAL_LM o=89 lambda=8.3523252170303966e-07 tau=8.3523252170303966e-07 prediction=130.7849555628456 rho=1.0034826034894728 accept=1
  MFCG it  90 cost=1.848098e+06 lam=8.352e-07 tau=0.00e+00 cg_it=1 shift=0 ckpt=2 alpha=0 acc mv=289
PCG_PREP o=90 rebuild=1 drift=0 previous_depth=2
E2_CAP o=90 retry=0 touched=232 ncam=3068 raw=31344.112217448903 capped=125.22036740748504 radius=17308.622557547325 median=0.24305211381066461 global_scale=1
POINT_SAFE o=90 frozen=166 slope=-284.85721898246317 candidate=1847863.3367205458 original=1847964.468573452 current=1848097.5684707679 won=1 mode=1 camera_scale=1 keep_scale=0
ATTR_RADIUS o=90 raw_norm=31344.112217448925 norm=125.22036740748491 radius=17308.622557547325 next_radius=17308.622557547325 lambda=8.3523252170303966e-07 next_lambda=8.3523252170303966e-07 rho=1.0006995464786903 accept=1
CLASSICAL_LM o=90 lambda=8.3523252170303966e-07 tau=8.3523252170303966e-07 prediction=234.06800877084612 rho=1.0006995464786903 accept=1
  MFCG it  91 cost=1.847863e+06 lam=8.352e-07 tau=0.00e+00 cg_it=0 shift=0 ckpt=1 alpha=0 acc mv=291
PCG_PREP o=91 rebuild=1 drift=0 previous_depth=1
E2_CAP o=91 retry=0 touched=134 ncam=3068 raw=37974.707768651278 capped=203.76768481795153 radius=17308.622557547325 median=0.47617335649451642 global_scale=1
POINT_SAFE o=91 frozen=180 slope=-171.73922890836104 candidate=1847741.4046474285 original=1847723.1135103249 current=1847863.3367205458 won=0 mode=1 camera_scale=1 keep_scale=0
ATTR_RADIUS o=91 raw_norm=37974.707768651286 norm=0.7959675188201214 radius=17308.622557547325 next_radius=17308.622557547325 lambda=8.3523252170303966e-07 next_lambda=8.3523252170303966e-07 rho=0.33912132113492427 accept=1
CLASSICAL_LM o=91 lambda=8.3523252170303966e-07 tau=8.3523252170303966e-07 prediction=413.48980875529747 rho=0.33912132113492427 accept=1
  MFCG it  92 cost=1.847723e+06 lam=8.352e-07 tau=0.00e+00 cg_it=1 shift=0 ckpt=2 alpha=0 acc mv=294
PCG_PREP o=92 rebuild=1 drift=0 previous_depth=2
E2_CAP o=92 retry=0 touched=134 ncam=3068 raw=37595.314174867475 capped=205.08252050953382 radius=17308.622557547325 median=0.48099799899226092 global_scale=1
POINT_SAFE o=92 frozen=183 slope=-173.05224424474329 candidate=1847603.5654891711 original=inf current=1847723.1135103249 won=1 mode=1 camera_scale=1 keep_scale=0
ATTR_RADIUS o=92 raw_norm=37595.31417486749 norm=205.08252050953354 radius=17308.622557547325 next_radius=17308.622557547325 lambda=8.3523252170303966e-07 next_lambda=8.3523252170303966e-07 rho=0.97433871333598121 accept=1
CLASSICAL_LM o=92 lambda=8.3523252170303966e-07 tau=8.3523252170303966e-07 prediction=122.69657308849634 rho=0.97433871333598121 accept=1
  MFCG it  93 cost=1.847604e+06 lam=8.352e-07 tau=0.00e+00 cg_it=1 shift=0 ckpt=2 alpha=0 acc mv=297
PCG_PREP o=93 rebuild=1 drift=0 previous_depth=2
E2_CAP o=93 retry=0 touched=230 ncam=3068 raw=31213.357355175358 capped=126.01325703136079 radius=17308.622557547325 median=0.24557271246103915 global_scale=1
POINT_SAFE o=93 frozen=181 slope=-285.26434037615832 candidate=1847370.1315389273 original=inf current=1847603.5654891711 won=1 mode=1 camera_scale=1 keep_scale=0
ATTR_RADIUS o=93 raw_norm=31213.357355175351 norm=126.01325703136074 radius=17308.622557547325 next_radius=17308.622557547325 lambda=8.3523252170303966e-07 next_lambda=8.3523252170303966e-07 rho=0.99988993897765865 accept=1
CLASSICAL_LM o=93 lambda=8.3523252170303966e-07 tau=8.3523252170303966e-07 prediction=233.45964505096035 rho=0.99988993897765865 accept=1
  MFCG it  94 cost=1.847370e+06 lam=8.352e-07 tau=0.00e+00 cg_it=0 shift=0 ckpt=1 alpha=0 acc mv=299
PCG_PREP o=94 rebuild=1 drift=0 previous_depth=1
E2_CAP o=94 retry=0 touched=133 ncam=3068 raw=37584.536447956816 capped=203.3535332262787 radius=17308.622557547325 median=0.47173754167347282 global_scale=1
POINT_SAFE o=94 frozen=160 slope=-166.06512473156891 candidate=1847257.0753536772 original=inf current=1847370.1315389273 won=1 mode=1 camera_scale=1 keep_scale=0
ATTR_RADIUS o=94 raw_norm=37584.536447956787 norm=203.35353322627833 radius=17308.622557547325 next_radius=17308.622557547325 lambda=8.3523252170303966e-07 next_lambda=8.3523252170303966e-07 rho=0.99283362025876654 accept=1
CLASSICAL_LM o=94 lambda=8.3523252170303966e-07 tau=8.3523252170303966e-07 prediction=113.8722369420812 rho=0.99283362025876654 accept=1
  MFCG it  95 cost=1.847257e+06 lam=8.352e-07 tau=0.00e+00 cg_it=1 shift=0 ckpt=2 alpha=0 acc mv=302
PCG_PREP o=95 rebuild=1 drift=0 previous_depth=2
E2_CAP o=95 retry=0 touched=139 ncam=3068 raw=37550.25269990872 capped=169.04443154602927 radius=17308.622557547325 median=0.41339891915230281 global_scale=1
POINT_SAFE o=95 frozen=221 slope=-220.22337826754793 candidate=1847044.3393692386 original=inf current=1847257.0753536772 won=1 mode=1 camera_scale=1 keep_scale=0
ATTR_RADIUS o=95 raw_norm=37550.252699908713 norm=169.04443154602916 radius=17308.622557547325 next_radius=17308.622557547325 lambda=8.3523252170303966e-07 next_lambda=8.3523252170303966e-07 rho=1.001196762238294 accept=1
CLASSICAL_LM o=95 lambda=8.3523252170303966e-07 tau=8.3523252170303966e-07 prediction=212.48169437041341 rho=1.001196762238294 accept=1
  MFCG it  96 cost=1.847044e+06 lam=8.352e-07 tau=0.00e+00 cg_it=1 shift=0 ckpt=2 alpha=0 acc mv=305
PCG_PREP o=96 rebuild=1 drift=0 previous_depth=2
E2_CAP o=96 retry=0 touched=231 ncam=3068 raw=31162.963635067063 capped=104.38097672115607 radius=17308.622557547325 median=0.20313435238015454 global_scale=1
POINT_SAFE o=96 frozen=120 slope=-228.25345230991405 candidate=1846850.7845567602 original=inf current=1847044.3393692386 won=1 mode=1 camera_scale=1 keep_scale=0
ATTR_RADIUS o=96 raw_norm=31162.963635067063 norm=104.38097672115605 radius=17308.622557547325 next_radius=17308.622557547325 lambda=8.3523252170303966e-07 next_lambda=8.3523252170303966e-07 rho=1.0011769411455977 accept=1
CLASSICAL_LM o=96 lambda=8.3523252170303966e-07 tau=8.3523252170303966e-07 prediction=193.32727765073369 rho=1.0011769411455977 accept=1
  MFCG it  97 cost=1.846851e+06 lam=8.352e-07 tau=0.00e+00 cg_it=0 shift=0 ckpt=1 alpha=0 acc mv=307
PCG_PREP o=97 rebuild=1 drift=0 previous_depth=1
E2_CAP o=97 retry=0 touched=139 ncam=3068 raw=37612.740919808006 capped=200.37416072836578 radius=17308.622557547325 median=0.46179527107414664 global_scale=1
POINT_SAFE o=97 frozen=177 slope=-163.72339591420447 candidate=1846735.4756535231 original=inf current=1846850.7845567602 won=1 mode=1 camera_scale=1 keep_scale=0
ATTR_RADIUS o=97 raw_norm=37612.740919807991 norm=200.37416072836544 radius=17308.622557547325 next_radius=17308.622557547325 lambda=8.3523252170303966e-07 next_lambda=8.3523252170303966e-07 rho=1.0019100561040286 accept=1
CLASSICAL_LM o=97 lambda=8.3523252170303966e-07 tau=8.3523252170303966e-07 prediction=115.08907664375585 rho=1.0019100561040286 accept=1
  MFCG it  98 cost=1.846735e+06 lam=8.352e-07 tau=0.00e+00 cg_it=1 shift=0 ckpt=2 alpha=0 acc mv=310
PCG_PREP o=98 rebuild=1 drift=0 previous_depth=2
E2_CAP o=98 retry=0 touched=236 ncam=3068 raw=31167.764139668197 capped=120.4290656502392 radius=17308.622557547325 median=0.23277565890311949 global_scale=1
POINT_SAFE o=98 frozen=166 slope=-273.18803630560848 candidate=1846511.0353105962 original=inf current=1846735.4756535231 won=1 mode=1 camera_scale=1 keep_scale=0
ATTR_RADIUS o=98 raw_norm=31167.764139668194 norm=120.42906565023962 radius=17308.622557547325 next_radius=17308.622557547325 lambda=8.3523252170303966e-07 next_lambda=8.3523252170303966e-07 rho=1.0009100988631121 accept=1
CLASSICAL_LM o=98 lambda=8.3523252170303966e-07 tau=8.3523252170303966e-07 prediction=224.23626575635257 rho=1.0009100988631121 accept=1
  MFCG it  99 cost=1.846511e+06 lam=8.352e-07 tau=0.00e+00 cg_it=0 shift=0 ckpt=1 alpha=0 acc mv=312
PCG_PREP o=99 rebuild=1 drift=0 previous_depth=1
E2_CAP o=99 retry=0 touched=138 ncam=3068 raw=37603.154408601273 capped=195.85711966347807 radius=17308.622557547325 median=0.45577949246431648 global_scale=1
POINT_SAFE o=99 frozen=164 slope=-155.90607633266595 candidate=1846402.9039718362 original=1846510.1745395139 current=1846511.0353105962 won=1 mode=1 camera_scale=1 keep_scale=0
ATTR_RADIUS o=99 raw_norm=37603.154408601265 norm=195.8571196634779 radius=17308.622557547325 next_radius=17308.622557547325 lambda=8.3523252170303966e-07 next_lambda=8.3523252170303966e-07 rho=1.0024601741834998 accept=1
CLASSICAL_LM o=99 lambda=8.3523252170303966e-07 tau=8.3523252170303966e-07 prediction=107.86596968612398 rho=1.0024601741834998 accept=1
  MFCG it 100 cost=1.846403e+06 lam=8.352e-07 tau=0.00e+00 cg_it=1 shift=0 ckpt=2 alpha=0 acc mv=315
PCG_PREP o=100 rebuild=1 drift=0 previous_depth=2
E2_CAP o=100 retry=0 touched=237 ncam=3068 raw=31177.088279215754 capped=120.88699200478086 radius=17308.622557547325 median=0.23271805178267591 global_scale=1
POINT_SAFE o=100 frozen=186 slope=-270.64240548121774 candidate=1846181.373700477 original=1846345.4568217385 current=1846402.9039718362 won=1 mode=1 camera_scale=1 keep_scale=0
ATTR_RADIUS o=100 raw_norm=31177.088279215783 norm=120.88699200478115 radius=17308.622557547325 next_radius=17308.622557547325 lambda=8.3523252170303966e-07 next_lambda=8.3523252170303966e-07 rho=1.0001890349304923 accept=1
CLASSICAL_LM o=100 lambda=8.3523252170303966e-07 tau=8.3523252170303966e-07 prediction=221.48840231451732 rho=1.0001890349304923 accept=1
  MFCG it 101 cost=1.846181e+06 lam=8.352e-07 tau=0.00e+00 cg_it=0 shift=0 ckpt=1 alpha=0 acc mv=317
PCG_PREP o=101 rebuild=1 drift=0 previous_depth=1
E2_CAP o=101 retry=0 touched=137 ncam=3068 raw=37598.87935348165 capped=197.14350841948436 radius=17308.622557547325 median=0.45306955361817736 global_scale=1
POINT_SAFE o=101 frozen=165 slope=-151.32237150193248 candidate=1846079.9993418432 original=1846112.2689844293 current=1846181.373700477 won=1 mode=1 camera_scale=1 keep_scale=0
ATTR_RADIUS o=101 raw_norm=37598.879353481658 norm=197.14350841948433 radius=17308.622557547325 next_radius=17308.622557547325 lambda=8.3523252170303966e-07 next_lambda=8.3523252170303966e-07 rho=1.0024057939395759 accept=1
CLASSICAL_LM o=101 lambda=8.3523252170303966e-07 tau=8.3523252170303966e-07 prediction=101.13105814697306 rho=1.0024057939395759 accept=1
  MFCG it 102 cost=1.846080e+06 lam=8.352e-07 tau=0.00e+00 cg_it=1 shift=0 ckpt=2 alpha=0 acc mv=320
PCG_PREP o=102 rebuild=1 drift=0 previous_depth=2
E2_CAP o=102 retry=0 touched=235 ncam=3068 raw=31148.962431705237 capped=120.42462260084851 radius=17308.622557547325 median=0.23148181426152115 global_scale=1
POINT_SAFE o=102 frozen=190 slope=-269.36724462024733 candidate=1845859.9267848758 original=1845971.3086481842 current=1846079.9993418432 won=1 mode=1 camera_scale=1 keep_scale=0
ATTR_RADIUS o=102 raw_norm=31148.962431705233 norm=120.42462260084854 radius=17308.622557547325 next_radius=17308.622557547325 lambda=8.3523252170303966e-07 next_lambda=8.3523252170303966e-07 rho=0.99960808308731042 accept=1
CLASSICAL_LM o=102 lambda=8.3523252170303966e-07 tau=8.3523252170303966e-07 prediction=220.15884094062415 rho=0.99960808308731042 accept=1
  MFCG it 103 cost=1.845860e+06 lam=8.352e-07 tau=0.00e+00 cg_it=0 shift=0 ckpt=1 alpha=0 acc mv=322
PCG_PREP o=103 rebuild=1 drift=0 previous_depth=1
E2_CAP o=103 retry=0 touched=136 ncam=3068 raw=37582.823487277448 capped=193.75613445189791 radius=17308.622557547325 median=0.44693614729628961 global_scale=1
POINT_SAFE o=103 frozen=158 slope=-147.07066182774929 candidate=1845762.601213671 original=1845742.7706406335 current=1845859.9267848758 won=0 mode=1 camera_scale=1 keep_scale=0
ATTR_RADIUS o=103 raw_norm=37582.823487277441 norm=0.75685990020272409 radius=17308.622557547325 next_radius=17308.622557547325 lambda=8.3523252170303966e-07 next_lambda=8.3523252170303966e-07 rho=0.28411594833118187 accept=1
CLASSICAL_LM o=103 lambda=8.3523252170303966e-07 tau=8.3523252170303966e-07 prediction=412.35328368720832 rho=0.28411594833118187 accept=1
  MFCG it 104 cost=1.845743e+06 lam=8.352e-07 tau=0.00e+00 cg_it=1 shift=0 ckpt=2 alpha=0 acc mv=325
PCG_PREP o=104 rebuild=1 drift=0 previous_depth=2
E2_CAP o=104 retry=0 touched=136 ncam=3068 raw=37326.5533129346 capped=195.07353719821856 radius=17308.622557547325 median=0.45151983465084877 global_scale=1
POINT_SAFE o=104 frozen=160 slope=-148.26602236863181 candidate=1845646.0264629587 original=inf current=1845742.7706406335 won=1 mode=1 camera_scale=1 keep_scale=0
ATTR_RADIUS o=104 raw_norm=37326.553312934586 norm=195.07353719821856 radius=17308.622557547325 next_radius=17308.622557547325 lambda=8.3523252170303966e-07 next_lambda=8.3523252170303966e-07 rho=0.98169658911473612 accept=1
CLASSICAL_LM o=104 lambda=8.3523252170303966e-07 tau=8.3523252170303966e-07 prediction=98.547941133334888 rho=0.98169658911473612 accept=1
  MFCG it 105 cost=1.845646e+06 lam=8.352e-07 tau=0.00e+00 cg_it=1 shift=0 ckpt=2 alpha=0 acc mv=328
PCG_PREP o=105 rebuild=1 drift=0 previous_depth=2
E2_CAP o=105 retry=0 touched=240 ncam=3068 raw=31090.804469161314 capped=119.38614266474164 radius=17308.622557547325 median=0.2283588483867266 global_scale=1
POINT_SAFE o=105 frozen=195 slope=-270.82956836481486 candidate=1845427.9992287199 original=inf current=1845646.0264629587 won=1 mode=1 camera_scale=1 keep_scale=0
ATTR_RADIUS o=105 raw_norm=31090.804469161369 norm=119.38614266474153 radius=17308.622557547325 next_radius=17308.622557547325 lambda=8.3523252170303966e-07 next_lambda=8.3523252170303966e-07 rho=0.99285095340451424 accept=1
CLASSICAL_LM o=105 lambda=8.3523252170303966e-07 tau=8.3523252170303966e-07 prediction=219.59714445676227 rho=0.99285095340451424 accept=1
  MFCG it 106 cost=1.845428e+06 lam=8.352e-07 tau=0.00e+00 cg_it=0 shift=0 ckpt=1 alpha=0 acc mv=330
PCG_PREP o=106 rebuild=1 drift=0 previous_depth=1
E2_CAP o=106 retry=0 touched=138 ncam=3068 raw=37393.313509957654 capped=192.85166812085441 radius=17308.622557547325 median=0.44432006586172068 global_scale=1
POINT_SAFE o=106 frozen=161 slope=-151.24417569459376 candidate=1845333.4221360183 original=inf current=1845427.9992287199 won=1 mode=1 camera_scale=1 keep_scale=0
ATTR_RADIUS o=106 raw_norm=37393.313509957676 norm=192.85166812085424 radius=17308.622557547325 next_radius=17308.622557547325 lambda=8.3523252170303966e-07 next_lambda=8.3523252170303966e-07 rho=0.96436781663610427 accept=1
CLASSICAL_LM o=106 lambda=8.3523252170303966e-07 tau=8.3523252170303966e-07 prediction=98.071597859281354 rho=0.96436781663610427 accept=1
  MFCG it 107 cost=1.845333e+06 lam=8.352e-07 tau=0.00e+00 cg_it=1 shift=0 ckpt=2 alpha=0 acc mv=333
PCG_PREP o=107 rebuild=1 drift=0 previous_depth=2
E2_CAP o=107 retry=0 touched=143 ncam=3068 raw=37364.56062585958 capped=157.93109529472102 radius=17308.622557547325 median=0.38316181398185251 global_scale=1
POINT_SAFE o=107 frozen=200 slope=-193.49145169849254 candidate=1845147.3696710472 original=inf current=1845333.4221360183 won=1 mode=1 camera_scale=1 keep_scale=0
ATTR_RADIUS o=107 raw_norm=37364.560625859602 norm=157.9310952947215 radius=17308.622557547325 next_radius=17308.622557547325 lambda=8.3523252170303966e-07 next_lambda=8.3523252170303966e-07 rho=1.0010485317843989 accept=1
CLASSICAL_LM o=107 lambda=8.3523252170303966e-07 tau=8.3523252170303966e-07 prediction=185.85758738334289 rho=1.0010485317843989 accept=1
  MFCG it 108 cost=1.845147e+06 lam=8.352e-07 tau=0.00e+00 cg_it=1 shift=0 ckpt=2 alpha=0 acc mv=336
PCG_PREP o=108 rebuild=1 drift=0 previous_depth=2
E2_CAP o=108 retry=0 touched=233 ncam=3068 raw=30945.612089690065 capped=99.93111963572926 radius=17308.622557547325 median=0.19349975406994235 global_scale=1
POINT_SAFE o=108 frozen=125 slope=-216.46761363965371 candidate=1844963.6804635078 original=inf current=1845147.3696710472 won=1 mode=1 camera_scale=1 keep_scale=0
ATTR_RADIUS o=108 raw_norm=30945.612089690057 norm=99.931119635729289 radius=17308.622557547325 next_radius=17308.622557547325 lambda=8.3523252170303966e-07 next_lambda=8.3523252170303966e-07 rho=1.0009566687182301 accept=1
CLASSICAL_LM o=108 lambda=8.3523252170303966e-07 tau=8.3523252170303966e-07 prediction=183.51364577514659 rho=1.0009566687182301 accept=1
  MFCG it 109 cost=1.844964e+06 lam=8.352e-07 tau=0.00e+00 cg_it=0 shift=0 ckpt=1 alpha=0 acc mv=338
PCG_PREP o=109 rebuild=1 drift=0 previous_depth=1
E2_CAP o=109 retry=0 touched=141 ncam=3068 raw=37437.054599410323 capped=191.65907983538938 radius=17308.622557547325 median=0.4380853034045068 global_scale=1
POINT_SAFE o=109 frozen=166 slope=-141.66821740015382 candidate=1844868.4561998018 original=inf current=1844963.6804635078 won=1 mode=1 camera_scale=1 keep_scale=0
ATTR_RADIUS o=109 raw_norm=37437.054599410309 norm=191.65907983539006 radius=17308.622557547325 next_radius=17308.622557547325 lambda=8.3523252170303966e-07 next_lambda=8.3523252170303966e-07 rho=1.0037698148070866 accept=1
CLASSICAL_LM o=109 lambda=8.3523252170303966e-07 tau=8.3523252170303966e-07 prediction=94.866634064217934 rho=1.0037698148070866 accept=1
  MFCG it 110 cost=1.844868e+06 lam=8.352e-07 tau=0.00e+00 cg_it=1 shift=0 ckpt=2 alpha=0 acc mv=341
PCG_PREP o=110 rebuild=1 drift=0 previous_depth=2
E2_CAP o=110 retry=0 touched=238 ncam=3068 raw=30910.133836088342 capped=114.89703862059204 radius=17308.622557547325 median=0.21965647478646855 global_scale=1
POINT_SAFE o=110 frozen=176 slope=-258.28292985365607 candidate=1844656.2957315387 original=1804722.8529786645 current=1844868.4561998018 won=0 mode=1 camera_scale=1 keep_scale=0
ATTR_RADIUS o=110 raw_norm=30910.133836088364 norm=28.724259655148053 radius=17308.622557547325 next_radius=17308.622557547325 lambda=8.3523252170303966e-07 next_lambda=8.3523252170303966e-07 rho=1.737159436269007 accept=1
CLASSICAL_LM o=110 lambda=8.3523252170303966e-07 tau=8.3523252170303966e-07 prediction=23109.912874410787 rho=1.737159436269007 accept=1
  MFCG it 111 cost=1.804723e+06 lam=8.352e-07 tau=0.00e+00 cg_it=0 shift=0 ckpt=1 alpha=0 acc mv=343
PCG_PREP o=111 rebuild=1 drift=0 previous_depth=1
E2_CAP o=111 retry=0 touched=230 ncam=3068 raw=30055.491688360511 capped=95.905169382714817 radius=17308.622557547325 median=0.18674571888461286 global_scale=1
POINT_SAFE o=111 frozen=188 slope=-25002.520771548487 candidate=1792789.8742287322 original=1795574.3114892631 current=1804722.8529786645 won=1 mode=1 camera_scale=1 keep_scale=0
ATTR_RADIUS o=111 raw_norm=30055.491688360504 norm=95.905169382715073 radius=17308.622557547325 next_radius=17308.622557547325 lambda=8.3523252170303966e-07 next_lambda=8.3523252170303966e-07 rho=0.94894815489967943 accept=1
CLASSICAL_LM o=111 lambda=8.3523252170303966e-07 tau=8.3523252170303966e-07 prediction=12574.953318913173 rho=0.94894815489967943 accept=1
  MFCG it 112 cost=1.792790e+06 lam=8.352e-07 tau=0.00e+00 cg_it=0 shift=0 ckpt=1 alpha=0 acc mv=345
PCG_PREP o=112 rebuild=1 drift=0 previous_depth=1
E2_CAP o=112 retry=0 touched=143 ncam=3068 raw=36444.136200823879 capped=186.19991308354443 radius=17308.622557547325 median=0.42352407037454132 global_scale=1
POINT_SAFE o=112 frozen=140 slope=-1642.9889541876646 candidate=1792072.054512366 original=1792192.3962227686 current=1792789.8742287322 won=1 mode=1 camera_scale=1 keep_scale=0
ATTR_RADIUS o=112 raw_norm=36444.136200823923 norm=186.19991308354506 radius=17308.622557547325 next_radius=17308.622557547325 lambda=8.3523252170303966e-07 next_lambda=8.3523252170303966e-07 rho=0.85591424941619498 accept=1
CLASSICAL_LM o=112 lambda=8.3523252170303966e-07 tau=8.3523252170303966e-07 prediction=838.65844838528369 rho=0.85591424941619498 accept=1
  MFCG it 113 cost=1.792072e+06 lam=8.352e-07 tau=0.00e+00 cg_it=1 shift=0 ckpt=2 alpha=0 acc mv=348
PCG_PREP o=113 rebuild=1 drift=0 previous_depth=2
E2_CAP o=113 retry=0 touched=237 ncam=3068 raw=29776.518700523666 capped=114.83532509936529 radius=17308.622557547325 median=0.21972153811571332 global_scale=1
POINT_SAFE o=113 frozen=168 slope=-510.55996778641088 candidate=1791748.4792719909 original=1791790.589308894 current=1792072.054512366 won=1 mode=1 camera_scale=1 keep_scale=0
ATTR_RADIUS o=113 raw_norm=29776.518700523677 norm=114.83532509936555 radius=17308.622557547325 next_radius=17308.622557547325 lambda=8.3523252170303966e-07 next_lambda=8.3523252170303966e-07 rho=0.9598503032136656 accept=1
CLASSICAL_LM o=113 lambda=8.3523252170303966e-07 tau=8.3523252170303966e-07 prediction=337.11010903642921 rho=0.9598503032136656 accept=1
  MFCG it 114 cost=1.791748e+06 lam=8.352e-07 tau=0.00e+00 cg_it=0 shift=0 ckpt=1 alpha=0 acc mv=350
PCG_PREP o=114 rebuild=1 drift=0 previous_depth=1
E2_CAP o=114 retry=0 touched=139 ncam=3068 raw=36424.271581814814 capped=186.40248131432614 radius=17308.622557547325 median=0.42727253904807294 global_scale=1
POINT_SAFE o=114 frozen=168 slope=-157.95273479267553 candidate=1791651.010495133 original=1791602.5767632741 current=1791748.4792719909 won=0 mode=1 camera_scale=1 keep_scale=0
ATTR_RADIUS o=114 raw_norm=36424.271581814828 norm=93.201240657163041 radius=17308.622557547325 next_radius=17308.622557547325 lambda=8.3523252170303966e-07 next_lambda=8.3523252170303966e-07 rho=1.0980637548539816 accept=1
CLASSICAL_LM o=114 lambda=8.3523252170303966e-07 tau=8.3523252170303966e-07 prediction=132.87252955198335 rho=1.0980637548539816 accept=1
  MFCG it 115 cost=1.791603e+06 lam=8.352e-07 tau=0.00e+00 cg_it=1 shift=0 ckpt=2 alpha=0 acc mv=353
PCG_PREP o=115 rebuild=1 drift=0 previous_depth=2
E2_CAP o=115 retry=0 touched=146 ncam=3068 raw=36402.787832691698 capped=143.64166409010957 radius=17308.622557547325 median=0.34153852209468294 global_scale=1
ATTR_RADIUS o=115 raw_norm=36402.787832691676 norm=143.64166409010963 radius=17308.622557547325 next_radius=17308.622557547325 lambda=8.3523252170303966e-07 next_lambda=8.3523252170303966e-07 rho=0.78916444016946574 accept=1
CLASSICAL_LM o=115 lambda=8.3523252170303966e-07 tau=8.3523252170303966e-07 prediction=125.01688783660181 rho=0.78916444016946574 accept=1
  MFCG it 116 cost=1.791504e+06 lam=8.352e-07 tau=0.00e+00 cg_it=1 shift=0 ckpt=2 alpha=0 acc mv=356
PCG_PREP o=116 rebuild=1 drift=0 previous_depth=2
E2_CAP o=116 retry=0 touched=237 ncam=3068 raw=29671.733798090521 capped=104.14870019087542 radius=17308.622557547325 median=0.19952178079673344 global_scale=1
ATTR_RADIUS o=116 raw_norm=29671.733798090561 norm=104.14870019087553 radius=17308.622557547325 next_radius=17308.622557547325 lambda=8.3523252170303966e-07 next_lambda=8.3523252170303966e-07 rho=0.97701944322912515 accept=1
CLASSICAL_LM o=116 lambda=8.3523252170303966e-07 tau=8.3523252170303966e-07 prediction=217.95294032505984 rho=0.97701944322912515 accept=1
  MFCG it 117 cost=1.791291e+06 lam=8.352e-07 tau=0.00e+00 cg_it=0 shift=0 ckpt=1 alpha=0 acc mv=358
PCG_PREP o=117 rebuild=1 drift=0 previous_depth=1
E2_CAP o=117 retry=0 touched=140 ncam=3068 raw=36397.116452529292 capped=184.87391581051602 radius=17308.622557547325 median=0.4234027732631423 global_scale=1
ATTR_RADIUS o=117 raw_norm=36397.116452529292 norm=184.87391581051645 radius=17308.622557547325 next_radius=17308.622557547325 lambda=8.3523252170303966e-07 next_lambda=8.3523252170303966e-07 rho=0.99868046386985865 accept=1
CLASSICAL_LM o=117 lambda=8.3523252170303966e-07 tau=8.3523252170303966e-07 prediction=89.305729783801908 rho=0.99868046386985865 accept=1
  MFCG it 118 cost=1.791202e+06 lam=8.352e-07 tau=0.00e+00 cg_it=1 shift=0 ckpt=2 alpha=0 acc mv=361
PCG_PREP o=118 rebuild=1 drift=0 previous_depth=2
E2_CAP o=118 retry=0 touched=241 ncam=3068 raw=29604.52414121 capped=114.00900563076014 radius=17308.622557547325 median=0.21678693511887992 global_scale=1
ATTR_RADIUS o=118 raw_norm=29604.524141209997 norm=114.00900563076006 radius=17308.622557547325 next_radius=17308.622557547325 lambda=8.3523252170303966e-07 next_lambda=8.3523252170303966e-07 rho=0.99925642566732631 accept=1
CLASSICAL_LM o=118 lambda=8.3523252170303966e-07 tau=8.3523252170303966e-07 prediction=209.80555871468528 rho=0.99925642566732631 accept=1
  MFCG it 119 cost=1.790992e+06 lam=8.352e-07 tau=0.00e+00 cg_it=0 shift=0 ckpt=1 alpha=0 acc mv=363
PCG_PREP o=119 rebuild=1 drift=0 previous_depth=1
E2_CAP o=119 retry=0 touched=138 ncam=3068 raw=36385.656149534123 capped=181.81617822662005 radius=17308.622557547325 median=0.41684096285874639 global_scale=1
ATTR_RADIUS o=119 raw_norm=36385.656149534116 norm=181.81617822661943 radius=17308.622557547325 next_radius=17308.622557547325 lambda=8.3523252170303966e-07 next_lambda=8.3523252170303966e-07 rho=1.0057621064263051 accept=1
CLASSICAL_LM o=119 lambda=8.3523252170303966e-07 tau=8.3523252170303966e-07 prediction=80.018489363274767 rho=1.0057621064263051 accept=1
  MFCG it 120 cost=1.790912e+06 lam=8.352e-07 tau=0.00e+00 cg_it=1 shift=0 ckpt=2 alpha=0 acc mv=366
PCG_PREP o=120 rebuild=1 drift=0 previous_depth=2
E2_CAP o=120 retry=0 touched=241 ncam=3068 raw=29580.712216711268 capped=114.17459896261362 radius=17308.622557547325 median=0.21639945349940187 global_scale=1
ATTR_RADIUS o=120 raw_norm=29580.712216711287 norm=114.17459896261357 radius=17308.622557547325 next_radius=17308.622557547325 lambda=8.3523252170303966e-07 next_lambda=8.3523252170303966e-07 rho=0.99867957812065722 accept=1
CLASSICAL_LM o=120 lambda=8.3523252170303966e-07 tau=8.3523252170303966e-07 prediction=208.13419703349413 rho=0.99867957812065722 accept=1
  MFCG it 121 cost=1.790704e+06 lam=8.352e-07 tau=0.00e+00 cg_it=0 shift=0 ckpt=1 alpha=0 acc mv=368
PCG_PREP o=121 rebuild=1 drift=0 previous_depth=1
E2_CAP o=121 retry=0 touched=138 ncam=3068 raw=36381.431589338106 capped=180.97679928111162 radius=17308.622557547325 median=0.41200326423953715 global_scale=1
ATTR_RADIUS o=121 raw_norm=36381.431589338114 norm=180.97679928111185 radius=17308.622557547325 next_radius=17308.622557547325 lambda=8.3523252170303966e-07 next_lambda=8.3523252170303966e-07 rho=1.004161186755536 accept=1
CLASSICAL_LM o=121 lambda=8.3523252170303966e-07 tau=8.3523252170303966e-07 prediction=76.150759604057328 rho=1.004161186755536 accept=1
  MFCG it 122 cost=1.790627e+06 lam=8.352e-07 tau=0.00e+00 cg_it=1 shift=0 ckpt=2 alpha=0 acc mv=371
PCG_PREP o=122 rebuild=1 drift=0 previous_depth=2
E2_CAP o=122 retry=0 touched=240 ncam=3068 raw=29551.476676271086 capped=114.53643956206461 radius=17308.622557547325 median=0.21726619314804541 global_scale=1
ATTR_RADIUS o=122 raw_norm=29551.476676271079 norm=114.53643956206487 radius=17308.622557547325 next_radius=17308.622557547325 lambda=8.3523252170303966e-07 next_lambda=8.3523252170303966e-07 rho=0.9984995010308414 accept=1
CLASSICAL_LM o=122 lambda=8.3523252170303966e-07 tau=8.3523252170303966e-07 prediction=209.24276690095638 rho=0.9984995010308414 accept=1
  MFCG it 123 cost=1.790418e+06 lam=8.352e-07 tau=0.00e+00 cg_it=0 shift=0 ckpt=1 alpha=0 acc mv=373
PCG_PREP o=123 rebuild=1 drift=0 previous_depth=1
E2_CAP o=123 retry=0 touched=137 ncam=3068 raw=36387.465902415752 capped=180.33449426524263 radius=17308.622557547325 median=0.41072590672353126 global_scale=1
ATTR_RADIUS o=123 raw_norm=36387.465902415752 norm=180.33449426524257 radius=17308.622557547325 next_radius=17308.622557547325 lambda=8.3523252170303966e-07 next_lambda=8.3523252170303966e-07 rho=1.0042269729000486 accept=1
CLASSICAL_LM o=123 lambda=8.3523252170303966e-07 tau=8.3523252170303966e-07 prediction=73.807087542408027 rho=1.0042269729000486 accept=1
  MFCG it 124 cost=1.790344e+06 lam=8.352e-07 tau=0.00e+00 cg_it=1 shift=0 ckpt=2 alpha=0 acc mv=376
PCG_PREP o=124 rebuild=1 drift=0 previous_depth=2
E2_CAP o=124 retry=0 touched=243 ncam=3068 raw=29528.100885195974 capped=114.91736815945465 radius=17308.622557547325 median=0.2173714674696593 global_scale=1
ATTR_RADIUS o=124 raw_norm=29528.100885195989 norm=114.91736815945512 radius=17308.622557547325 next_radius=17308.622557547325 lambda=8.3523252170303966e-07 next_lambda=8.3523252170303966e-07 rho=0.99893874531896043 accept=1
CLASSICAL_LM o=124 lambda=8.3523252170303966e-07 tau=8.3523252170303966e-07 prediction=209.62053032165741 rho=0.99893874531896043 accept=1
  MFCG it 125 cost=1.790135e+06 lam=8.352e-07 tau=0.00e+00 cg_it=0 shift=0 ckpt=1 alpha=0 acc mv=378
PCG_PREP o=125 rebuild=1 drift=0 previous_depth=1
E2_CAP o=125 retry=0 touched=137 ncam=3068 raw=36412.931832698683 capped=180.32054999127581 radius=17308.622557547325 median=0.40879325246591086 global_scale=1
ATTR_RADIUS o=125 raw_norm=36412.931832698705 norm=180.32054999127587 radius=17308.622557547325 next_radius=17308.622557547325 lambda=8.3523252170303966e-07 next_lambda=8.3523252170303966e-07 rho=1.0094746178221716 accept=1
CLASSICAL_LM o=125 lambda=8.3523252170303966e-07 tau=8.3523252170303966e-07 prediction=71.421291837748583 rho=1.0094746178221716 accept=1
  MFCG it 126 cost=1.790063e+06 lam=8.352e-07 tau=0.00e+00 cg_it=1 shift=0 ckpt=2 alpha=0 acc mv=381
PCG_PREP o=126 rebuild=1 drift=0 previous_depth=2
E2_CAP o=126 retry=0 touched=145 ncam=3068 raw=36371.877629631825 capped=143.86598231578597 radius=17308.622557547325 median=0.34286989327145179 global_scale=1
ATTR_RADIUS o=126 raw_norm=36371.877629631825 norm=143.86598231578603 radius=17308.622557547325 next_radius=17308.622557547325 lambda=8.3523252170303966e-07 next_lambda=8.3523252170303966e-07 rho=1.0041807455152842 accept=1
CLASSICAL_LM o=126 lambda=8.3523252170303966e-07 tau=8.3523252170303966e-07 prediction=163.89052297031182 rho=1.0041807455152842 accept=1
  MFCG it 127 cost=1.789898e+06 lam=8.352e-07 tau=0.00e+00 cg_it=1 shift=0 ckpt=2 alpha=0 acc mv=384
PCG_PREP o=127 rebuild=1 drift=0 previous_depth=2
E2_CAP o=127 retry=0 touched=241 ncam=3068 raw=29378.109215780267 capped=96.125804703430148 radius=17308.622557547325 median=0.18387431187153219 global_scale=1
ATTR_RADIUS o=127 raw_norm=29378.109215780274 norm=96.125804703430248 radius=17308.622557547325 next_radius=17308.622557547325 lambda=8.3523252170303966e-07 next_lambda=8.3523252170303966e-07 rho=1.0012372583036597 accept=1
CLASSICAL_LM o=127 lambda=8.3523252170303966e-07 tau=8.3523252170303966e-07 prediction=176.37264368893932 rho=1.0012372583036597 accept=1
  MFCG it 128 cost=1.789722e+06 lam=8.352e-07 tau=0.00e+00 cg_it=0 shift=0 ckpt=1 alpha=0 acc mv=386
PCG_PREP o=128 rebuild=1 drift=0 previous_depth=1
E2_CAP o=128 retry=0 touched=142 ncam=3068 raw=36429.844143542381 capped=179.22940812606069 radius=17308.622557547325 median=0.40234870216058904 global_scale=1
ATTR_RADIUS o=128 raw_norm=36429.844143542381 norm=179.22940812606078 radius=17308.622557547325 next_radius=17308.622557547325 lambda=8.3523252170303966e-07 next_lambda=8.3523252170303966e-07 rho=1.0110058734767577 accept=1
CLASSICAL_LM o=128 lambda=8.3523252170303966e-07 tau=8.3523252170303966e-07 prediction=73.201794918604804 rho=1.0110058734767577 accept=1
  MFCG it 129 cost=1.789648e+06 lam=8.352e-07 tau=0.00e+00 cg_it=1 shift=0 ckpt=2 alpha=0 acc mv=389
PCG_PREP o=129 rebuild=1 drift=0 previous_depth=2
E2_CAP o=129 retry=0 touched=246 ncam=3068 raw=29312.650759204182 capped=111.78463333689365 radius=17308.622557547325 median=0.20985762186708701 global_scale=1
ATTR_RADIUS o=129 raw_norm=29312.650759204145 norm=111.78463333689366 radius=17308.622557547325 next_radius=17308.622557547325 lambda=8.3523252170303966e-07 next_lambda=8.3523252170303966e-07 rho=1.00122774401879 accept=1
CLASSICAL_LM o=129 lambda=8.3523252170303966e-07 tau=8.3523252170303966e-07 prediction=207.11873918618113 rho=1.00122774401879 accept=1
  MFCG it 130 cost=1.789440e+06 lam=8.352e-07 tau=0.00e+00 cg_it=0 shift=0 ckpt=1 alpha=0 acc mv=391
PCG_PREP o=130 rebuild=1 drift=0 previous_depth=1
E2_CAP o=130 retry=0 touched=137 ncam=3068 raw=36396.167417880519 capped=173.96270299289915 radius=17308.622557547325 median=0.39912758309333685 global_scale=1
ATTR_RADIUS o=130 raw_norm=36396.167417880526 norm=173.96270299289904 radius=17308.622557547325 next_radius=17308.622557547325 lambda=8.3523252170303966e-07 next_lambda=8.3523252170303966e-07 rho=1.0108336963964426 accept=1
CLASSICAL_LM o=130 lambda=8.3523252170303966e-07 tau=8.3523252170303966e-07 prediction=72.091295186978044 rho=1.0108336963964426 accept=1
  MFCG it 131 cost=1.789367e+06 lam=8.352e-07 tau=0.00e+00 cg_it=1 shift=0 ckpt=2 alpha=0 acc mv=394
PCG_PREP o=131 rebuild=1 drift=0 previous_depth=2
E2_CAP o=131 retry=0 touched=249 ncam=3068 raw=29296.177381382935 capped=112.72635362923859 radius=17308.622557547325 median=0.21156682315224937 global_scale=1
ATTR_RADIUS o=131 raw_norm=29296.177381382935 norm=112.7263536292388 radius=17308.622557547325 next_radius=17308.622557547325 lambda=8.3523252170303966e-07 next_lambda=8.3523252170303966e-07 rho=1.0018304455246765 accept=1
CLASSICAL_LM o=131 lambda=8.3523252170303966e-07 tau=8.3523252170303966e-07 prediction=205.55083455622736 rho=1.0018304455246765 accept=1
  MFCG it 132 cost=1.789161e+06 lam=8.352e-07 tau=0.00e+00 cg_it=0 shift=0 ckpt=1 alpha=0 acc mv=396
PCG_PREP o=132 rebuild=1 drift=0 previous_depth=1
E2_CAP o=132 retry=0 touched=134 ncam=3068 raw=36363.519888818308 capped=174.39903901596031 radius=17308.622557547325 median=0.39534586598419263 global_scale=1
ATTR_RADIUS o=132 raw_norm=36363.519888818329 norm=174.39903901596085 radius=17308.622557547325 next_radius=17308.622557547325 lambda=8.3523252170303966e-07 next_lambda=8.3523252170303966e-07 rho=1.0100696693276059 accept=1
CLASSICAL_LM o=132 lambda=8.3523252170303966e-07 tau=8.3523252170303966e-07 prediction=67.170525443126863 rho=1.0100696693276059 accept=1
  MFCG it 133 cost=1.789094e+06 lam=8.352e-07 tau=0.00e+00 cg_it=1 shift=0 ckpt=2 alpha=0 acc mv=399
PCG_PREP o=133 rebuild=1 drift=0 previous_depth=2
E2_CAP o=133 retry=0 touched=248 ncam=3068 raw=29274.165927523452 capped=112.3421857102709 radius=17308.622557547325 median=0.21010786688529484 global_scale=1
ATTR_RADIUS o=133 raw_norm=29274.165927523416 norm=112.34218571027111 radius=17308.622557547325 next_radius=17308.622557547325 lambda=8.3523252170303966e-07 next_lambda=8.3523252170303966e-07 rho=1.0005326798662009 accept=1
CLASSICAL_LM o=133 lambda=8.3523252170303966e-07 tau=8.3523252170303966e-07 prediction=204.72683478800423 rho=1.0005326798662009 accept=1
  MFCG it 134 cost=1.788889e+06 lam=8.352e-07 tau=0.00e+00 cg_it=0 shift=0 ckpt=1 alpha=0 acc mv=401
PCG_PREP o=134 rebuild=1 drift=0 previous_depth=1
E2_CAP o=134 retry=0 touched=135 ncam=3068 raw=36345.500827158437 capped=172.69370554216826 radius=17308.622557547325 median=0.39151026263202393 global_scale=1
ATTR_RADIUS o=134 raw_norm=36345.500827158408 norm=172.69370554216826 radius=17308.622557547325 next_radius=17308.622557547325 lambda=8.3523252170303966e-07 next_lambda=8.3523252170303966e-07 rho=1.0127309227858978 accept=1
CLASSICAL_LM o=134 lambda=8.3523252170303966e-07 tau=8.3523252170303966e-07 prediction=64.848773218170436 rho=1.0127309227858978 accept=1
  MFCG it 135 cost=1.788823e+06 lam=8.352e-07 tau=0.00e+00 cg_it=1 shift=0 ckpt=2 alpha=0 acc mv=404
PCG_PREP o=135 rebuild=1 drift=0 previous_depth=2
E2_CAP o=135 retry=0 touched=141 ncam=3068 raw=36285.625169540777 capped=137.31045968673493 radius=17308.622557547325 median=0.32658769880773075 global_scale=1
ATTR_RADIUS o=135 raw_norm=36285.625169540806 norm=137.31045968673496 radius=17308.622557547325 next_radius=17308.622557547325 lambda=8.3523252170303966e-07 next_lambda=8.3523252170303966e-07 rho=1.0079512835259108 accept=1
CLASSICAL_LM o=135 lambda=8.3523252170303966e-07 tau=8.3523252170303966e-07 prediction=155.33219502392694 rho=1.0079512835259108 accept=1
  MFCG it 136 cost=1.788667e+06 lam=8.352e-07 tau=0.00e+00 cg_it=1 shift=0 ckpt=2 alpha=0 acc mv=407
PCG_PREP o=136 rebuild=1 drift=0 previous_depth=2
E2_CAP o=136 retry=0 touched=240 ncam=3068 raw=29157.501367038432 capped=93.781532569484128 radius=17308.622557547325 median=0.17800225034798611 global_scale=1
ATTR_RADIUS o=136 raw_norm=29157.501367038429 norm=93.781532569484085 radius=17308.622557547325 next_radius=17308.622557547325 lambda=8.3523252170303966e-07 next_lambda=8.3523252170303966e-07 rho=1.0025246281529743 accept=1
CLASSICAL_LM o=136 lambda=8.3523252170303966e-07 tau=8.3523252170303966e-07 prediction=172.08374722372284 rho=1.0025246281529743 accept=1
  MFCG it 137 cost=1.788494e+06 lam=8.352e-07 tau=0.00e+00 cg_it=0 shift=0 ckpt=1 alpha=0 acc mv=409
PCG_PREP o=137 rebuild=1 drift=0 previous_depth=1
E2_CAP o=137 retry=0 touched=142 ncam=3068 raw=36350.283591336934 capped=172.09353737976826 radius=17308.622557547325 median=0.3827937999504602 global_scale=1
ATTR_RADIUS o=137 raw_norm=36350.283591336913 norm=172.09353737976858 radius=17308.622557547325 next_radius=17308.622557547325 lambda=8.3523252170303966e-07 next_lambda=8.3523252170303966e-07 rho=1.0130416705760339 accept=1
CLASSICAL_LM o=137 lambda=8.3523252170303966e-07 tau=8.3523252170303966e-07 prediction=64.850878098577127 rho=1.0130416705760339 accept=1
  MFCG it 138 cost=1.788428e+06 lam=8.352e-07 tau=0.00e+00 cg_it=1 shift=0 ckpt=2 alpha=0 acc mv=412
PCG_PREP o=138 rebuild=1 drift=0 previous_depth=2
E2_CAP o=138 retry=0 touched=248 ncam=3068 raw=29113.658243530208 capped=108.88511397435488 radius=17308.622557547325 median=0.20259781909063856 global_scale=1
ATTR_RADIUS o=138 raw_norm=29113.658243530204 norm=108.88511397435511 radius=17308.622557547325 next_radius=17308.622557547325 lambda=8.3523252170303966e-07 next_lambda=8.3523252170303966e-07 rho=0.99594714286595776 accept=1
CLASSICAL_LM o=138 lambda=8.3523252170303966e-07 tau=8.3523252170303966e-07 prediction=202.70519589761059 rho=0.99594714286595776 accept=1
  MFCG it 139 cost=1.788226e+06 lam=8.352e-07 tau=0.00e+00 cg_it=0 shift=0 ckpt=1 alpha=0 acc mv=414
PCG_PREP o=139 rebuild=1 drift=0 previous_depth=1
E2_CAP o=139 retry=0 touched=137 ncam=3068 raw=36364.174235822713 capped=167.48470418428434 radius=17308.622557547325 median=0.3810387793948331 global_scale=1
ATTR_RADIUS o=139 raw_norm=36364.17423582272 norm=167.48470418428428 radius=17308.622557547325 next_radius=17308.622557547325 lambda=8.3523252170303966e-07 next_lambda=8.3523252170303966e-07 rho=1.0013524219787304 accept=1
CLASSICAL_LM o=139 lambda=8.3523252170303966e-07 tau=8.3523252170303966e-07 prediction=62.638595012555122 rho=1.0013524219787304 accept=1
  MFCG it 140 cost=1.788164e+06 lam=8.352e-07 tau=0.00e+00 cg_it=1 shift=0 ckpt=2 alpha=0 acc mv=417
PCG_PREP o=140 rebuild=1 drift=0 previous_depth=2
E2_CAP o=140 retry=0 touched=250 ncam=3068 raw=29122.592311243014 capped=110.19395248557807 radius=17308.622557547325 median=0.20478089408433239 global_scale=1
ATTR_RADIUS o=140 raw_norm=29122.592311243003 norm=110.19395248557801 radius=17308.622557547325 next_radius=17308.622557547325 lambda=8.3523252170303966e-07 next_lambda=8.3523252170303966e-07 rho=1.000746431666045 accept=1
CLASSICAL_LM o=140 lambda=8.3523252170303966e-07 tau=8.3523252170303966e-07 prediction=201.36106605548702 rho=1.000746431666045 accept=1
  MFCG it 141 cost=1.787962e+06 lam=8.352e-07 tau=0.00e+00 cg_it=0 shift=0 ckpt=1 alpha=0 acc mv=419
PCG_PREP o=141 rebuild=1 drift=0 previous_depth=1
E2_CAP o=141 retry=0 touched=134 ncam=3068 raw=36385.206999824302 capped=168.67530912636897 radius=17308.622557547325 median=0.3798103921611613 global_scale=1
ATTR_RADIUS o=141 raw_norm=36385.206999824317 norm=168.6753091263686 radius=17308.622557547325 next_radius=17308.622557547325 lambda=8.3523252170303966e-07 next_lambda=8.3523252170303966e-07 rho=1.0076911036687592 accept=1
CLASSICAL_LM o=141 lambda=8.3523252170303966e-07 tau=8.3523252170303966e-07 prediction=57.883975883697644 rho=1.0076911036687592 accept=1
  MFCG it 142 cost=1.787904e+06 lam=8.352e-07 tau=0.00e+00 cg_it=1 shift=0 ckpt=2 alpha=0 acc mv=422
PCG_PREP o=142 rebuild=1 drift=0 previous_depth=2
E2_CAP o=142 retry=0 touched=138 ncam=3068 raw=36330.268730395146 capped=134.34946725632707 radius=17308.622557547325 median=0.31991688677603042 global_scale=1
ATTR_RADIUS o=142 raw_norm=36330.268730395132 norm=134.34946725632736 radius=17308.622557547325 next_radius=17308.622557547325 lambda=8.3523252170303966e-07 next_lambda=8.3523252170303966e-07 rho=1.0059152233145041 accept=1
CLASSICAL_LM o=142 lambda=8.3523252170303966e-07 tau=8.3523252170303966e-07 prediction=151.92518538699909 rho=1.0059152233145041 accept=1
  MFCG it 143 cost=1.787751e+06 lam=8.352e-07 tau=0.00e+00 cg_it=1 shift=0 ckpt=2 alpha=0 acc mv=425
PCG_PREP o=143 rebuild=1 drift=0 previous_depth=2
E2_CAP o=143 retry=0 touched=243 ncam=3068 raw=29049.861596466555 capped=92.000263673953299 radius=17308.622557547325 median=0.17405112153955149 global_scale=1
ATTR_RADIUS o=143 raw_norm=29049.861596466537 norm=92.000263673953285 radius=17308.622557547325 next_radius=17308.622557547325 lambda=8.3523252170303966e-07 next_lambda=8.3523252170303966e-07 rho=1.002136822857796 accept=1
CLASSICAL_LM o=143 lambda=8.3523252170303966e-07 tau=8.3523252170303966e-07 prediction=168.4480191226472 rho=1.002136822857796 accept=1
  MFCG it 144 cost=1.787582e+06 lam=8.352e-07 tau=0.00e+00 cg_it=0 shift=0 ckpt=1 alpha=0 acc mv=427
PCG_PREP o=144 rebuild=1 drift=0 previous_depth=1
E2_CAP o=144 retry=0 touched=142 ncam=3068 raw=36406.950483314089 capped=169.11848408398731 radius=17308.622557547325 median=0.37428044261723376 global_scale=1
ATTR_RADIUS o=144 raw_norm=36406.950483314075 norm=169.11848408398734 radius=17308.622557547325 next_radius=17308.622557547325 lambda=8.3523252170303966e-07 next_lambda=8.3523252170303966e-07 rho=1.0088302001021612 accept=1
CLASSICAL_LM o=144 lambda=8.3523252170303966e-07 tau=8.3523252170303966e-07 prediction=58.653046675279924 rho=1.0088302001021612 accept=1
  MFCG it 145 cost=1.787523e+06 lam=8.352e-07 tau=0.00e+00 cg_it=1 shift=0 ckpt=2 alpha=0 acc mv=430
PCG_PREP o=145 rebuild=1 drift=0 previous_depth=2
E2_CAP o=145 retry=0 touched=251 ncam=3068 raw=29014.039351328011 capped=108.36427412213929 radius=17308.622557547325 median=0.20157896267311298 global_scale=1
ATTR_RADIUS o=145 raw_norm=29014.039351328 norm=108.36427412213918 radius=17308.622557547325 next_radius=17308.622557547325 lambda=8.3523252170303966e-07 next_lambda=8.3523252170303966e-07 rho=1.001123062570751 accept=1
CLASSICAL_LM o=145 lambda=8.3523252170303966e-07 tau=8.3523252170303966e-07 prediction=201.32637443435451 rho=1.001123062570751 accept=1
  MFCG it 146 cost=1.787321e+06 lam=8.352e-07 tau=0.00e+00 cg_it=0 shift=0 ckpt=1 alpha=0 acc mv=432
PCG_PREP o=146 rebuild=1 drift=0 previous_depth=1
E2_CAP o=146 retry=0 touched=137 ncam=3068 raw=36420.521195849127 capped=163.90037295695672 radius=17308.622557547325 median=0.37236487257256556 global_scale=1
ATTR_RADIUS o=146 raw_norm=36420.521195849091 norm=163.90037295695674 radius=17308.622557547325 next_radius=17308.622557547325 lambda=8.3523252170303966e-07 next_lambda=8.3523252170303966e-07 rho=1.0073457536560853 accept=1
CLASSICAL_LM o=146 lambda=8.3523252170303966e-07 tau=8.3523252170303966e-07 prediction=55.785337094102331 rho=1.0073457536560853 accept=1
  MFCG it 147 cost=1.787265e+06 lam=8.352e-07 tau=0.00e+00 cg_it=1 shift=0 ckpt=2 alpha=0 acc mv=435
PCG_PREP o=147 rebuild=1 drift=0 previous_depth=2
E2_CAP o=147 retry=0 touched=139 ncam=3068 raw=36367.865937424191 capped=129.54730285953943 radius=17308.622557547325 median=0.31086119107054022 global_scale=1
ATTR_RADIUS o=147 raw_norm=36367.865937424227 norm=129.54730285953923 radius=17308.622557547325 next_radius=17308.622557547325 lambda=8.3523252170303966e-07 next_lambda=8.3523252170303966e-07 rho=1.005720426958296 accept=1
CLASSICAL_LM o=147 lambda=8.3523252170303966e-07 tau=8.3523252170303966e-07 prediction=145.50165614358798 rho=1.005720426958296 accept=1
  MFCG it 148 cost=1.787119e+06 lam=8.352e-07 tau=0.00e+00 cg_it=1 shift=0 ckpt=2 alpha=0 acc mv=438
PCG_PREP o=148 rebuild=1 drift=0 previous_depth=2
E2_CAP o=148 retry=0 touched=248 ncam=3068 raw=28969.767922765663 capped=90.141976355138027 radius=17308.622557547325 median=0.1695827487757407 global_scale=1
ATTR_RADIUS o=148 raw_norm=28969.767922765644 norm=90.141976355137942 radius=17308.622557547325 next_radius=17308.622557547325 lambda=8.3523252170303966e-07 next_lambda=8.3523252170303966e-07 rho=1.0019934475905787 accept=1
CLASSICAL_LM o=148 lambda=8.3523252170303966e-07 tau=8.3523252170303966e-07 prediction=165.13654213383126 rho=1.0019934475905787 accept=1
  MFCG it 149 cost=1.786954e+06 lam=8.352e-07 tau=0.00e+00 cg_it=0 shift=0 ckpt=1 alpha=0 acc mv=440
PCG_PREP o=149 rebuild=1 drift=0 previous_depth=1
E2_CAP o=149 retry=0 touched=143 ncam=3068 raw=36438.546680861757 capped=165.66652988732213 radius=17308.622557547325 median=0.36779654492871849 global_scale=1
ATTR_RADIUS o=149 raw_norm=36438.546680861786 norm=165.66652988732213 radius=17308.622557547325 next_radius=17308.622557547325 lambda=8.3523252170303966e-07 next_lambda=8.3523252170303966e-07 rho=1.0080587282200499 accept=1
CLASSICAL_LM o=149 lambda=8.3523252170303966e-07 tau=8.3523252170303966e-07 prediction=55.301033811899337 rho=1.0080587282200499 accept=1
  MFCG it 150 cost=1.786898e+06 lam=8.352e-07 tau=0.00e+00 cg_it=1 shift=0 ckpt=2 alpha=0 acc mv=443
PCG_PREP o=150 rebuild=1 drift=0 previous_depth=2
E2_CAP o=150 retry=0 touched=253 ncam=3068 raw=28941.048205225565 capped=107.19671566776216 radius=17308.622557547325 median=0.19859746192676003 global_scale=1
ATTR_RADIUS o=150 raw_norm=28941.048205225576 norm=107.19671566776256 radius=17308.622557547325 next_radius=17308.622557547325 lambda=8.3523252170303966e-07 next_lambda=8.3523252170303966e-07 rho=1.0130239504634249 accept=1
CLASSICAL_LM o=150 lambda=8.3523252170303966e-07 tau=8.3523252170303966e-07 prediction=198.96185309407065 rho=1.0130239504634249 accept=1
  MFCG it 151 cost=1.786696e+06 lam=8.352e-07 tau=0.00e+00 cg_it=0 shift=0 ckpt=1 alpha=0 acc mv=445
PCG_PREP o=151 rebuild=1 drift=0 previous_depth=1
E2_CAP o=151 retry=0 touched=140 ncam=3068 raw=36452.632103264099 capped=162.0122084361048 radius=17308.622557547325 median=0.36605186634167453 global_scale=1
ATTR_RADIUS o=151 raw_norm=36452.632103264077 norm=162.01220843610477 radius=17308.622557547325 next_radius=17308.622557547325 lambda=8.3523252170303966e-07 next_lambda=8.3523252170303966e-07 rho=0.54864647499923513 accept=1
CLASSICAL_LM o=151 lambda=8.3523252170303966e-07 tau=8.3523252170303966e-07 prediction=87.345171574568852 rho=0.54864647499923513 accept=1
  MFCG it 152 cost=1.786648e+06 lam=8.352e-07 tau=0.00e+00 cg_it=1 shift=0 ckpt=2 alpha=0 acc mv=448
PCG_PREP o=152 rebuild=1 drift=0 previous_depth=2
E2_CAP o=152 retry=0 touched=139 ncam=3068 raw=36389.333469739489 capped=126.87025929571172 radius=17308.622557547325 median=0.30240684177884014 global_scale=1
ATTR_RADIUS o=152 raw_norm=36389.333469739504 norm=126.87025929571151 radius=17308.622557547325 next_radius=17308.622557547325 lambda=8.3523252170303966e-07 next_lambda=8.3523252170303966e-07 rho=0.99877476561337308 accept=1
CLASSICAL_LM o=152 lambda=8.3523252170303966e-07 tau=8.3523252170303966e-07 prediction=142.70713893108515 rho=0.99877476561337308 accept=1
  MFCG it 153 cost=1.786506e+06 lam=8.352e-07 tau=0.00e+00 cg_it=1 shift=0 ckpt=2 alpha=0 acc mv=451
PCG_PREP o=153 rebuild=1 drift=0 previous_depth=2
E2_CAP o=153 retry=0 touched=149 ncam=3068 raw=36413.895414793813 capped=106.85934861719704 radius=17308.622557547325 median=0.25532130134624154 global_scale=1
ATTR_RADIUS o=153 raw_norm=36413.89541479382 norm=106.85934861719734 radius=17308.622557547325 next_radius=17308.622557547325 lambda=8.3523252170303966e-07 next_lambda=8.3523252170303966e-07 rho=1.0034102024705205 accept=1
CLASSICAL_LM o=153 lambda=8.3523252170303966e-07 tau=8.3523252170303966e-07 prediction=105.35784867687876 rho=1.0034102024705205 accept=1
  MFCG it 154 cost=1.786400e+06 lam=8.352e-07 tau=0.00e+00 cg_it=1 shift=0 ckpt=2 alpha=0 acc mv=454
PCG_PREP o=154 rebuild=1 drift=0 previous_depth=2
E2_CAP o=154 retry=0 touched=256 ncam=3068 raw=28815.539030332297 capped=96.901461343908906 radius=17308.622557547325 median=0.17795790461283517 global_scale=1
ATTR_RADIUS o=154 raw_norm=28815.539030332293 norm=96.90146134390892 radius=17308.622557547325 next_radius=17308.622557547325 lambda=8.3523252170303966e-07 next_lambda=8.3523252170303966e-07 rho=1.0002524342407941 accept=1
CLASSICAL_LM o=154 lambda=8.3523252170303966e-07 tau=8.3523252170303966e-07 prediction=179.02009460207933 rho=1.0002524342407941 accept=1
  MFCG it 155 cost=1.786221e+06 lam=8.352e-07 tau=0.00e+00 cg_it=0 shift=0 ckpt=1 alpha=0 acc mv=456
PCG_PREP o=155 rebuild=1 drift=0 previous_depth=1
E2_CAP o=155 retry=0 touched=137 ncam=3068 raw=36455.867798221167 capped=159.50115920147479 radius=17308.622557547325 median=0.35759700420514395 global_scale=1
ATTR_RADIUS o=155 raw_norm=36455.867798221145 norm=159.50115920147479 radius=17308.622557547325 next_radius=17308.622557547325 lambda=8.3523252170303966e-07 next_lambda=8.3523252170303966e-07 rho=1.0044238558322891 accept=1
CLASSICAL_LM o=155 lambda=8.3523252170303966e-07 tau=8.3523252170303966e-07 prediction=48.697134057914155 rho=1.0044238558322891 accept=1
  MFCG it 156 cost=1.786172e+06 lam=8.352e-07 tau=0.00e+00 cg_it=1 shift=0 ckpt=2 alpha=0 acc mv=459
PCG_PREP o=156 rebuild=1 drift=0 previous_depth=2
E2_CAP o=156 retry=0 touched=254 ncam=3068 raw=28828.422790411096 capped=105.51904557058653 radius=17308.622557547325 median=0.19421630773173054 global_scale=1
ATTR_RADIUS o=156 raw_norm=28828.422790411088 norm=105.51904557058675 radius=17308.622557547325 next_radius=17308.622557547325 lambda=8.3523252170303966e-07 next_lambda=8.3523252170303966e-07 rho=0.99999229505284626 accept=1
CLASSICAL_LM o=156 lambda=8.3523252170303966e-07 tau=8.3523252170303966e-07 prediction=195.53875439671242 rho=0.99999229505284626 accept=1
  MFCG it 157 cost=1.785977e+06 lam=8.352e-07 tau=0.00e+00 cg_it=0 shift=0 ckpt=1 alpha=0 acc mv=461
PCG_PREP o=157 rebuild=1 drift=0 previous_depth=1
E2_CAP o=157 retry=0 touched=136 ncam=3068 raw=36466.827416736858 capped=155.84452725284342 radius=17308.622557547325 median=0.35210697724303058 global_scale=1
ATTR_RADIUS o=157 raw_norm=36466.827416736865 norm=155.84452725284396 radius=17308.622557547325 next_radius=17308.622557547325 lambda=8.3523252170303966e-07 next_lambda=8.3523252170303966e-07 rho=1.0025956579085131 accept=1
CLASSICAL_LM o=157 lambda=8.3523252170303966e-07 tau=8.3523252170303966e-07 prediction=46.385206645075932 rho=1.0025956579085131 accept=1
  MFCG it 158 cost=1.785930e+06 lam=8.352e-07 tau=0.00e+00 cg_it=1 shift=0 ckpt=2 alpha=0 acc mv=464
PCG_PREP o=158 rebuild=1 drift=0 previous_depth=2
E2_CAP o=158 retry=0 touched=141 ncam=3068 raw=36401.303104123203 capped=122.58776578776698 radius=17308.622557547325 median=0.29152650602635588 global_scale=1
ATTR_RADIUS o=158 raw_norm=36401.303104123217 norm=122.58776578776731 radius=17308.622557547325 next_radius=17308.622557547325 lambda=8.3523252170303966e-07 next_lambda=8.3523252170303966e-07 rho=1.0033320885026493 accept=1
CLASSICAL_LM o=158 lambda=8.3523252170303966e-07 tau=8.3523252170303966e-07 prediction=134.36346246287036 rho=1.0033320885026493 accept=1
  MFCG it 159 cost=1.785795e+06 lam=8.352e-07 tau=0.00e+00 cg_it=1 shift=0 ckpt=2 alpha=0 acc mv=467
PCG_PREP o=159 rebuild=1 drift=0 previous_depth=2
E2_CAP o=159 retry=0 touched=146 ncam=3068 raw=36426.858601087057 capped=103.26832235407718 radius=17308.622557547325 median=0.24714796766136793 global_scale=1
ATTR_RADIUS o=159 raw_norm=36426.858601087049 norm=103.268322354077 radius=17308.622557547325 next_radius=17308.622557547325 lambda=8.3523252170303966e-07 next_lambda=8.3523252170303966e-07 rho=1.0032284051362232 accept=1
CLASSICAL_LM o=159 lambda=8.3523252170303966e-07 tau=8.3523252170303966e-07 prediction=99.030023462484579 rho=1.0032284051362232 accept=1
  MFCG it 160 cost=1.785696e+06 lam=8.352e-07 tau=0.00e+00 cg_it=1 shift=0 ckpt=2 alpha=0 acc mv=470
PCG_PREP o=160 rebuild=1 drift=0 previous_depth=2
E2_CAP o=160 retry=0 touched=256 ncam=3068 raw=28728.884722314051 capped=94.87046740804972 radius=17308.622557547325 median=0.17381720775822559 global_scale=1
ATTR_RADIUS o=160 raw_norm=28728.884722314058 norm=94.870467408049933 radius=17308.622557547325 next_radius=17308.622557547325 lambda=8.3523252170303966e-07 next_lambda=8.3523252170303966e-07 rho=0.99990331131886456 accept=1
CLASSICAL_LM o=160 lambda=8.3523252170303966e-07 tau=8.3523252170303966e-07 prediction=174.79005954755155 rho=0.99990331131886456 accept=1
  MFCG it 161 cost=1.785521e+06 lam=8.352e-07 tau=0.00e+00 cg_it=0 shift=0 ckpt=1 alpha=0 acc mv=472
PCG_PREP o=161 rebuild=1 drift=0 previous_depth=1
E2_CAP o=161 retry=0 touched=137 ncam=3068 raw=36465.153837518585 capped=155.17260804480335 radius=17308.622557547325 median=0.349564820731046 global_scale=1
ATTR_RADIUS o=161 raw_norm=36465.153837518585 norm=155.17260804480333 radius=17308.622557547325 next_radius=17308.622557547325 lambda=8.3523252170303966e-07 next_lambda=8.3523252170303966e-07 rho=1.0027937385335997 accept=1
CLASSICAL_LM o=161 lambda=8.3523252170303966e-07 tau=8.3523252170303966e-07 prediction=43.861051639215226 rho=1.0027937385335997 accept=1
  MFCG it 162 cost=1.785477e+06 lam=8.352e-07 tau=0.00e+00 cg_it=1 shift=0 ckpt=2 alpha=0 acc mv=475
PCG_PREP o=162 rebuild=1 drift=0 previous_depth=2
E2_CAP o=162 retry=0 touched=253 ncam=3068 raw=28747.806789385399 capped=104.34571866218415 radius=17308.622557547325 median=0.19211920352517536 global_scale=1
ATTR_RADIUS o=162 raw_norm=28747.806789385373 norm=104.3457186621842 radius=17308.622557547325 next_radius=17308.622557547325 lambda=8.3523252170303966e-07 next_lambda=8.3523252170303966e-07 rho=0.99956730626884116 accept=1
CLASSICAL_LM o=162 lambda=8.3523252170303966e-07 tau=8.3523252170303966e-07 prediction=192.76123003837159 rho=0.99956730626884116 accept=1
  MFCG it 163 cost=1.785284e+06 lam=8.352e-07 tau=0.00e+00 cg_it=0 shift=0 ckpt=1 alpha=0 acc mv=477
PCG_PREP o=163 rebuild=1 drift=0 previous_depth=1
E2_CAP o=163 retry=0 touched=134 ncam=3068 raw=36471.965431449586 capped=152.87848734939928 radius=17308.622557547325 median=0.34556297963141636 global_scale=1
ATTR_RADIUS o=163 raw_norm=36471.965431449578 norm=152.87848734939945 radius=17308.622557547325 next_radius=17308.622557547325 lambda=8.3523252170303966e-07 next_lambda=8.3523252170303966e-07 rho=1.0003216450102641 accept=1
CLASSICAL_LM o=163 lambda=8.3523252170303966e-07 tau=8.3523252170303966e-07 prediction=40.737395098200501 rho=1.0003216450102641 accept=1
  MFCG it 164 cost=1.785244e+06 lam=8.352e-07 tau=0.00e+00 cg_it=1 shift=0 ckpt=2 alpha=0 acc mv=480
PCG_PREP o=164 rebuild=1 drift=0 previous_depth=2
E2_CAP o=164 retry=0 touched=140 ncam=3068 raw=36402.68310134927 capped=119.07045696936099 radius=17308.622557547325 median=0.2826815521972641 global_scale=1
ATTR_RADIUS o=164 raw_norm=36402.683101349285 norm=119.0704569693611 radius=17308.622557547325 next_radius=17308.622557547325 lambda=8.3523252170303966e-07 next_lambda=8.3523252170303966e-07 rho=1.0022203539042029 accept=1
CLASSICAL_LM o=164 lambda=8.3523252170303966e-07 tau=8.3523252170303966e-07 prediction=128.09021599874137 rho=1.0022203539042029 accept=1
  MFCG it 165 cost=1.785115e+06 lam=8.352e-07 tau=0.00e+00 cg_it=1 shift=0 ckpt=2 alpha=0 acc mv=483
PCG_PREP o=165 rebuild=1 drift=0 previous_depth=2
E2_CAP o=165 retry=0 touched=144 ncam=3068 raw=36428.077171810321 capped=100.07804966033645 radius=17308.622557547325 median=0.23913974671068766 global_scale=1
ATTR_RADIUS o=165 raw_norm=36428.077171810313 norm=100.07804966033636 radius=17308.622557547325 next_radius=17308.622557547325 lambda=8.3523252170303966e-07 next_lambda=8.3523252170303966e-07 rho=1.002072678623654 accept=1
CLASSICAL_LM o=165 lambda=8.3523252170303966e-07 tau=8.3523252170303966e-07 prediction=93.284352697555391 rho=1.002072678623654 accept=1
  MFCG it 166 cost=1.785022e+06 lam=8.352e-07 tau=0.00e+00 cg_it=1 shift=0 ckpt=2 alpha=0 acc mv=486
PCG_PREP o=166 rebuild=1 drift=0 previous_depth=2
E2_CAP o=166 retry=0 touched=257 ncam=3068 raw=28659.765115593233 capped=94.311233610429014 radius=17308.622557547325 median=0.1730155751320881 global_scale=1
ATTR_RADIUS o=166 raw_norm=28659.765115593233 norm=94.311233610429312 radius=17308.622557547325 next_radius=17308.622557547325 lambda=8.3523252170303966e-07 next_lambda=8.3523252170303966e-07 rho=0.99952049401849863 accept=1
CLASSICAL_LM o=166 lambda=8.3523252170303966e-07 tau=8.3523252170303966e-07 prediction=172.77567370688294 rho=0.99952049401849863 accept=1
  MFCG it 167 cost=1.784849e+06 lam=8.352e-07 tau=0.00e+00 cg_it=0 shift=0 ckpt=1 alpha=0 acc mv=488
PCG_PREP o=167 rebuild=1 drift=0 previous_depth=1
E2_CAP o=167 retry=0 touched=133 ncam=3068 raw=36463.818419080599 capped=151.97267087009186 radius=17308.622557547325 median=0.34382475003414481 global_scale=1
ATTR_RADIUS o=167 raw_norm=36463.818419080606 norm=151.97267087009203 radius=17308.622557547325 next_radius=17308.622557547325 lambda=8.3523252170303966e-07 next_lambda=8.3523252170303966e-07 rho=1.0006143292239098 accept=1
CLASSICAL_LM o=167 lambda=8.3523252170303966e-07 tau=8.3523252170303966e-07 prediction=38.785372573765486 rho=1.0006143292239098 accept=1
  MFCG it 168 cost=1.784810e+06 lam=8.352e-07 tau=0.00e+00 cg_it=1 shift=0 ckpt=2 alpha=0 acc mv=491
PCG_PREP o=168 rebuild=1 drift=0 previous_depth=2
E2_CAP o=168 retry=0 touched=253 ncam=3068 raw=28687.464863472233 capped=103.15068378168189 radius=17308.622557547325 median=0.18975336925084474 global_scale=1
ATTR_RADIUS o=168 raw_norm=28687.464863472247 norm=103.15068378168183 radius=17308.622557547325 next_radius=17308.622557547325 lambda=8.3523252170303966e-07 next_lambda=8.3523252170303966e-07 rho=0.99927887780907365 accept=1
CLASSICAL_LM o=168 lambda=8.3523252170303966e-07 tau=8.3523252170303966e-07 prediction=189.63130600363272 rho=0.99927887780907365 accept=1
  MFCG it 169 cost=1.784621e+06 lam=8.352e-07 tau=0.00e+00 cg_it=0 shift=0 ckpt=1 alpha=0 acc mv=493
PCG_PREP o=169 rebuild=1 drift=0 previous_depth=1
E2_CAP o=169 retry=0 touched=132 ncam=3068 raw=36468.086131388249 capped=148.79650720880718 radius=17308.622557547325 median=0.3373818861877329 global_scale=1
ATTR_RADIUS o=169 raw_norm=36468.086131388256 norm=148.79650720880707 radius=17308.622557547325 next_radius=17308.622557547325 lambda=8.3523252170303966e-07 next_lambda=8.3523252170303966e-07 rho=0.9978488492872446 accept=1
CLASSICAL_LM o=169 lambda=8.3523252170303966e-07 tau=8.3523252170303966e-07 prediction=35.961527821704401 rho=0.9978488492872446 accept=1
  MFCG it 170 cost=1.784585e+06 lam=8.352e-07 tau=0.00e+00 cg_it=1 shift=0 ckpt=2 alpha=0 acc mv=496
PCG_PREP o=170 rebuild=1 drift=0 previous_depth=2
E2_CAP o=170 retry=0 touched=134 ncam=3068 raw=36398.448146273651 capped=114.85307997520187 radius=17308.622557547325 median=0.27506729745113057 global_scale=1
ATTR_RADIUS o=170 raw_norm=36398.448146273695 norm=114.85307997520152 radius=17308.622557547325 next_radius=17308.622557547325 lambda=8.3523252170303966e-07 next_lambda=8.3523252170303966e-07 rho=1.0013652403836053 accept=1
CLASSICAL_LM o=170 lambda=8.3523252170303966e-07 tau=8.3523252170303966e-07 prediction=122.27675671119223 rho=1.0013652403836053 accept=1
  MFCG it 171 cost=1.784462e+06 lam=8.352e-07 tau=0.00e+00 cg_it=1 shift=0 ckpt=2 alpha=0 acc mv=499
PCG_PREP o=171 rebuild=1 drift=0 previous_depth=2
E2_CAP o=171 retry=0 touched=143 ncam=3068 raw=36426.022423266098 capped=96.615002600544116 radius=17308.622557547325 median=0.23193423233287475 global_scale=1
ATTR_RADIUS o=171 raw_norm=36426.022423266098 norm=96.615002600544386 radius=17308.622557547325 next_radius=17308.622557547325 lambda=8.3523252170303966e-07 next_lambda=8.3523252170303966e-07 rho=1.0008668604604256 accept=1
CLASSICAL_LM o=171 lambda=8.3523252170303966e-07 tau=8.3523252170303966e-07 prediction=88.269920075231411 rho=1.0008668604604256 accept=1
  MFCG it 172 cost=1.784374e+06 lam=8.352e-07 tau=0.00e+00 cg_it=1 shift=0 ckpt=2 alpha=0 acc mv=502
PCG_PREP o=172 rebuild=1 drift=0 previous_depth=2
E2_CAP o=172 retry=0 touched=258 ncam=3068 raw=28613.022664723725 capped=93.071034564716314 radius=17308.622557547325 median=0.17061013069360206 global_scale=1
ATTR_RADIUS o=172 raw_norm=28613.022664723725 norm=93.071034564716214 radius=17308.622557547325 next_radius=17308.622557547325 lambda=8.3523252170303966e-07 next_lambda=8.3523252170303966e-07 rho=0.99921912819346981 accept=1
CLASSICAL_LM o=172 lambda=8.3523252170303966e-07 tau=8.3523252170303966e-07 prediction=169.51632441343526 rho=0.99921912819346981 accept=1
  MFCG it 173 cost=1.784205e+06 lam=8.352e-07 tau=0.00e+00 cg_it=0 shift=0 ckpt=1 alpha=0 acc mv=504
PCG_PREP o=173 rebuild=1 drift=0 previous_depth=1
E2_CAP o=173 retry=0 touched=131 ncam=3068 raw=36459.851433866039 capped=147.88071880889004 radius=17308.622557547325 median=0.33409324757017789 global_scale=1
ATTR_RADIUS o=173 raw_norm=36459.85143386601 norm=147.88071880889024 radius=17308.622557547325 next_radius=17308.622557547325 lambda=8.3523252170303966e-07 next_lambda=8.3523252170303966e-07 rho=0.99746340133661371 accept=1
CLASSICAL_LM o=173 lambda=8.3523252170303966e-07 tau=8.3523252170303966e-07 prediction=34.292983838225553 rho=0.99746340133661371 accept=1
  MFCG it 174 cost=1.784171e+06 lam=8.352e-07 tau=0.00e+00 cg_it=1 shift=0 ckpt=2 alpha=0 acc mv=507
PCG_PREP o=174 rebuild=1 drift=0 previous_depth=2
E2_CAP o=174 retry=0 touched=254 ncam=3068 raw=28645.045077014849 capped=102.33470335963933 radius=17308.622557547325 median=0.18860286465428783 global_scale=1
ATTR_RADIUS o=174 raw_norm=28645.045077014867 norm=102.33470335963935 radius=17308.622557547325 next_radius=17308.622557547325 lambda=8.3523252170303966e-07 next_lambda=8.3523252170303966e-07 rho=0.99974638550890516 accept=1
CLASSICAL_LM o=174 lambda=8.3523252170303966e-07 tau=8.3523252170303966e-07 prediction=187.32564617810192 rho=0.99974638550890516 accept=1
  MFCG it 175 cost=1.783983e+06 lam=8.352e-07 tau=0.00e+00 cg_it=0 shift=0 ckpt=1 alpha=0 acc mv=509
PCG_PREP o=175 rebuild=1 drift=0 previous_depth=1
E2_CAP o=175 retry=0 touched=132 ncam=3068 raw=36465.149675803732 capped=145.31214539209188 radius=17308.622557547325 median=0.32730902399917361 global_scale=1
ATTR_RADIUS o=175 raw_norm=36465.149675803754 norm=145.31214539209202 radius=17308.622557547325 next_radius=17308.622557547325 lambda=8.3523252170303966e-07 next_lambda=8.3523252170303966e-07 rho=0.9562114855499676 accept=1
CLASSICAL_LM o=175 lambda=8.3523252170303966e-07 tau=8.3523252170303966e-07 prediction=30.929567303422211 rho=0.9562114855499676 accept=1
  MFCG it 176 cost=1.783954e+06 lam=8.352e-07 tau=0.00e+00 cg_it=1 shift=0 ckpt=2 alpha=0 acc mv=512
PCG_PREP o=176 rebuild=1 drift=0 previous_depth=2
E2_CAP o=176 retry=0 touched=133 ncam=3068 raw=36397.494985731668 capped=112.36732504403611 radius=17308.622557547325 median=0.27130676196772768 global_scale=1
ATTR_RADIUS o=176 raw_norm=36397.494985731624 norm=112.36732504403585 radius=17308.622557547325 next_radius=17308.622557547325 lambda=8.3523252170303966e-07 next_lambda=8.3523252170303966e-07 rho=0.53702428733370644 accept=1
CLASSICAL_LM o=176 lambda=8.3523252170303966e-07 tau=8.3523252170303966e-07 prediction=121.69114903258097 rho=0.53702428733370644 accept=1
  MFCG it 177 cost=1.783888e+06 lam=8.352e-07 tau=0.00e+00 cg_it=1 shift=0 ckpt=2 alpha=0 acc mv=515
PCG_PREP o=177 rebuild=1 drift=0 previous_depth=2
E2_CAP o=177 retry=0 touched=142 ncam=3068 raw=36426.781170438895 capped=93.645542989153242 radius=17308.622557547325 median=0.22533459326650834 global_scale=1
ATTR_RADIUS o=177 raw_norm=36426.781170438866 norm=93.645542989153199 radius=17308.622557547325 next_radius=17308.622557547325 lambda=8.3523252170303966e-07 next_lambda=8.3523252170303966e-07 rho=0.80142530657675037 accept=1
CLASSICAL_LM o=177 lambda=8.3523252170303966e-07 tau=8.3523252170303966e-07 prediction=141.34462651473319 rho=0.80142530657675037 accept=1
  MFCG it 178 cost=1.783775e+06 lam=8.352e-07 tau=0.00e+00 cg_it=1 shift=0 ckpt=2 alpha=0 acc mv=518
PCG_PREP o=178 rebuild=1 drift=0 previous_depth=2
E2_CAP o=178 retry=0 touched=257 ncam=3068 raw=28574.272883699967 capped=92.132454631307795 radius=17308.622557547325 median=0.16889362246852577 global_scale=1
ATTR_RADIUS o=178 raw_norm=28574.272883699941 norm=92.132454631307468 radius=17308.622557547325 next_radius=17308.622557547325 lambda=8.3523252170303966e-07 next_lambda=8.3523252170303966e-07 rho=0.93468433426526953 accept=1
CLASSICAL_LM o=178 lambda=8.3523252170303966e-07 tau=8.3523252170303966e-07 prediction=190.92108961312076 rho=0.93468433426526953 accept=1
  MFCG it 179 cost=1.783597e+06 lam=8.352e-07 tau=0.00e+00 cg_it=0 shift=0 ckpt=1 alpha=0 acc mv=520
PCG_PREP o=179 rebuild=1 drift=0 previous_depth=1
E2_CAP o=179 retry=0 touched=131 ncam=3068 raw=36458.643361838636 capped=144.64851107840141 radius=17308.622557547325 median=0.32561119836107072 global_scale=1
ATTR_RADIUS o=179 raw_norm=36458.643361838629 norm=144.64851107840119 radius=17308.622557547325 next_radius=17308.622557547325 lambda=8.3523252170303966e-07 next_lambda=8.3523252170303966e-07 rho=0.97107800888025442 accept=1
CLASSICAL_LM o=179 lambda=8.3523252170303966e-07 tau=8.3523252170303966e-07 prediction=38.15931058567682 rho=0.97107800888025442 accept=1
  MFCG it 180 cost=1.783560e+06 lam=8.352e-07 tau=0.00e+00 cg_it=1 shift=0 ckpt=2 alpha=0 acc mv=523
PCG_PREP o=180 rebuild=1 drift=0 previous_depth=2
E2_CAP o=180 retry=0 touched=134 ncam=3068 raw=36394.137309079 capped=111.00514305686175 radius=17308.622557547325 median=0.26442472986839594 global_scale=1
ATTR_RADIUS o=180 raw_norm=36394.137309078993 norm=111.00514305686187 radius=17308.622557547325 next_radius=17308.622557547325 lambda=8.3523252170303966e-07 next_lambda=8.3523252170303966e-07 rho=0.99948451281750583 accept=1
CLASSICAL_LM o=180 lambda=8.3523252170303966e-07 tau=8.3523252170303966e-07 prediction=118.29274112118242 rho=0.99948451281750583 accept=1
  MFCG it 181 cost=1.783441e+06 lam=8.352e-07 tau=0.00e+00 cg_it=1 shift=0 ckpt=2 alpha=0 acc mv=526
PCG_PREP o=181 rebuild=1 drift=0 previous_depth=2
E2_CAP o=181 retry=0 touched=247 ncam=3068 raw=28558.889073325074 capped=81.899422425929885 radius=17308.622557547325 median=0.15394465887624287 global_scale=1
ATTR_RADIUS o=181 raw_norm=28558.889073325088 norm=81.899422425930112 radius=17308.622557547325 next_radius=17308.622557547325 lambda=8.3523252170303966e-07 next_lambda=8.3523252170303966e-07 rho=1.0000250306716709 accept=1
CLASSICAL_LM o=181 lambda=8.3523252170303966e-07 tau=8.3523252170303966e-07 prediction=147.31623580751358 rho=1.0000250306716709 accept=1
  MFCG it 182 cost=1.783294e+06 lam=8.352e-07 tau=0.00e+00 cg_it=0 shift=0 ckpt=1 alpha=0 acc mv=528
PCG_PREP o=182 rebuild=1 drift=0 previous_depth=1
E2_CAP o=182 retry=0 touched=146 ncam=3068 raw=36472.474368365773 capped=143.9910296995152 radius=17308.622557547325 median=0.31724226685486123 global_scale=1
ATTR_RADIUS o=182 raw_norm=36472.474368365743 norm=143.99102969951468 radius=17308.622557547325 next_radius=17308.622557547325 lambda=8.3523252170303966e-07 next_lambda=8.3523252170303966e-07 rho=1.0006367030329433 accept=1
CLASSICAL_LM o=182 lambda=8.3523252170303966e-07 tau=8.3523252170303966e-07 prediction=29.542274131115896 rho=1.0006367030329433 accept=1
  MFCG it 183 cost=1.783264e+06 lam=8.352e-07 tau=0.00e+00 cg_it=1 shift=0 ckpt=2 alpha=0 acc mv=531
PCG_PREP o=183 rebuild=1 drift=0 previous_depth=2
E2_CAP o=183 retry=0 touched=253 ncam=3068 raw=28571.635622735666 capped=98.920912449668535 radius=17308.622557547325 median=0.18312630836515514 global_scale=1
ATTR_RADIUS o=183 raw_norm=28571.635622735685 norm=98.92091244966872 radius=17308.622557547325 next_radius=17308.622557547325 lambda=8.3523252170303966e-07 next_lambda=8.3523252170303966e-07 rho=0.99974835525035188 accept=1
CLASSICAL_LM o=183 lambda=8.3523252170303966e-07 tau=8.3523252170303966e-07 prediction=181.09194677816413 rho=0.99974835525035188 accept=1
  MFCG it 184 cost=1.783083e+06 lam=8.352e-07 tau=0.00e+00 cg_it=0 shift=0 ckpt=1 alpha=0 acc mv=533
PCG_PREP o=184 rebuild=1 drift=0 previous_depth=1
E2_CAP o=184 retry=0 touched=136 ncam=3068 raw=36476.263600812512 capped=140.38409421394326 radius=17308.622557547325 median=0.31465582222296229 global_scale=1
ATTR_RADIUS o=184 raw_norm=36476.263600812468 norm=140.38409421394303 radius=17308.622557547325 next_radius=17308.622557547325 lambda=8.3523252170303966e-07 next_lambda=8.3523252170303966e-07 rho=0.99925730459926276 accept=1
CLASSICAL_LM o=184 lambda=8.3523252170303966e-07 tau=8.3523252170303966e-07 prediction=25.548637365147854 rho=0.99925730459926276 accept=1
  MFCG it 185 cost=1.783058e+06 lam=8.352e-07 tau=0.00e+00 cg_it=1 shift=0 ckpt=2 alpha=0 acc mv=536
PCG_PREP o=185 rebuild=1 drift=0 previous_depth=2
E2_CAP o=185 retry=0 touched=136 ncam=3068 raw=36412.591490060891 capped=107.26843152576487 radius=17308.622557547325 median=0.2583905410121945 global_scale=1
ATTR_RADIUS o=185 raw_norm=36412.591490060891 norm=107.26843152576488 radius=17308.622557547325 next_radius=17308.622557547325 lambda=8.3523252170303966e-07 next_lambda=8.3523252170303966e-07 rho=1.0012064296985366 accept=1
CLASSICAL_LM o=185 lambda=8.3523252170303966e-07 tau=8.3523252170303966e-07 prediction=108.96588143939226 rho=1.0012064296985366 accept=1
  MFCG it 186 cost=1.782949e+06 lam=8.352e-07 tau=0.00e+00 cg_it=1 shift=0 ckpt=2 alpha=0 acc mv=539
PCG_PREP o=186 rebuild=1 drift=0 previous_depth=2
E2_CAP o=186 retry=0 touched=141 ncam=3068 raw=36440.26849759405 capped=89.116888348515175 radius=17308.622557547325 median=0.21379327715783089 global_scale=1
ATTR_RADIUS o=186 raw_norm=36440.268497594021 norm=89.116888348515062 radius=17308.622557547325 next_radius=17308.622557547325 lambda=8.3523252170303966e-07 next_lambda=8.3523252170303966e-07 rho=1.0008464407347772 accept=1
CLASSICAL_LM o=186 lambda=8.3523252170303966e-07 tau=8.3523252170303966e-07 prediction=76.985155441412672 rho=1.0008464407347772 accept=1
  MFCG it 187 cost=1.782872e+06 lam=8.352e-07 tau=0.00e+00 cg_it=1 shift=0 ckpt=2 alpha=0 acc mv=542
PCG_PREP o=187 rebuild=1 drift=0 previous_depth=2
E2_CAP o=187 retry=0 touched=253 ncam=3068 raw=28506.862446614243 capped=90.423655347027463 radius=17308.622557547325 median=0.16698601368772648 global_scale=1
ATTR_RADIUS o=187 raw_norm=28506.862446614272 norm=90.423655347027392 radius=17308.622557547325 next_radius=17308.622557547325 lambda=8.3523252170303966e-07 next_lambda=8.3523252170303966e-07 rho=0.9994208595455798 accept=1
CLASSICAL_LM o=187 lambda=8.3523252170303966e-07 tau=8.3523252170303966e-07 prediction=162.69374853329586 rho=0.9994208595455798 accept=1
  MFCG it 188 cost=1.782709e+06 lam=8.352e-07 tau=0.00e+00 cg_it=0 shift=0 ckpt=1 alpha=0 acc mv=544
PCG_PREP o=188 rebuild=1 drift=0 previous_depth=1
E2_CAP o=188 retry=0 touched=132 ncam=3068 raw=36477.614296285494 capped=140.33073048264617 radius=17308.622557547325 median=0.31291148444998895 global_scale=1
ATTR_RADIUS o=188 raw_norm=36477.614296285486 norm=140.33073048264589 radius=17308.622557547325 next_radius=17308.622557547325 lambda=8.3523252170303966e-07 next_lambda=8.3523252170303966e-07 rho=0.99768131019747464 accept=1
CLASSICAL_LM o=188 lambda=8.3523252170303966e-07 tau=8.3523252170303966e-07 prediction=23.859257285689303 rho=0.99768131019747464 accept=1
  MFCG it 189 cost=1.782685e+06 lam=8.352e-07 tau=0.00e+00 cg_it=1 shift=0 ckpt=2 alpha=0 acc mv=547
PCG_PREP o=189 rebuild=1 drift=0 previous_depth=2
E2_CAP o=189 retry=0 touched=135 ncam=3068 raw=36411.507609064043 capped=107.16131421758682 radius=17308.622557547325 median=0.25525151609791413 global_scale=1
ATTR_RADIUS o=189 raw_norm=36411.50760906405 norm=107.16131421758705 radius=17308.622557547325 next_radius=17308.622557547325 lambda=8.3523252170303966e-07 next_lambda=8.3523252170303966e-07 rho=1.0008971955792927 accept=1
CLASSICAL_LM o=189 lambda=8.3523252170303966e-07 tau=8.3523252170303966e-07 prediction=110.80348823289091 rho=1.0008971955792927 accept=1
  MFCG it 190 cost=1.782574e+06 lam=8.352e-07 tau=0.00e+00 cg_it=1 shift=0 ckpt=2 alpha=0 acc mv=550
PCG_PREP o=190 rebuild=1 drift=0 previous_depth=2
E2_CAP o=190 retry=0 touched=142 ncam=3068 raw=36446.974650219345 capped=87.768631748938986 radius=17308.622557547325 median=0.20877013512970799 global_scale=1
ATTR_RADIUS o=190 raw_norm=36446.974650219374 norm=87.768631748939072 radius=17308.622557547325 next_radius=17308.622557547325 lambda=8.3523252170303966e-07 next_lambda=8.3523252170303966e-07 rho=1.0004935384973437 accept=1
CLASSICAL_LM o=190 lambda=8.3523252170303966e-07 tau=8.3523252170303966e-07 prediction=74.235091872304764 rho=1.0004935384973437 accept=1
  MFCG it 191 cost=1.782500e+06 lam=8.352e-07 tau=0.00e+00 cg_it=1 shift=0 ckpt=2 alpha=0 acc mv=553
PCG_PREP o=191 rebuild=1 drift=0 previous_depth=2
E2_CAP o=191 retry=0 touched=253 ncam=3068 raw=28428.539340592484 capped=89.583554129581714 radius=17308.622557547325 median=0.16513286415417872 global_scale=1
ATTR_RADIUS o=191 raw_norm=28428.539340592491 norm=89.583554129581742 radius=17308.622557547325 next_radius=17308.622557547325 lambda=8.3523252170303966e-07 next_lambda=8.3523252170303966e-07 rho=0.99914876094963245 accept=1
CLASSICAL_LM o=191 lambda=8.3523252170303966e-07 tau=8.3523252170303966e-07 prediction=161.52440621941767 rho=0.99914876094963245 accept=1
  MFCG it 192 cost=1.782339e+06 lam=8.352e-07 tau=0.00e+00 cg_it=0 shift=0 ckpt=1 alpha=0 acc mv=555
PCG_PREP o=192 rebuild=1 drift=0 previous_depth=1
E2_CAP o=192 retry=0 touched=132 ncam=3068 raw=36480.759784373942 capped=138.12567311738036 radius=17308.622557547325 median=0.30860295749131172 global_scale=1
ATTR_RADIUS o=192 raw_norm=36480.759784373942 norm=138.12567311738053 radius=17308.622557547325 next_radius=17308.622557547325 lambda=8.3523252170303966e-07 next_lambda=8.3523252170303966e-07 rho=0.99453981645601175 accept=1
CLASSICAL_LM o=192 lambda=8.3523252170303966e-07 tau=8.3523252170303966e-07 prediction=22.499632671259022 rho=0.99453981645601175 accept=1
  MFCG it 193 cost=1.782316e+06 lam=8.352e-07 tau=0.00e+00 cg_it=1 shift=0 ckpt=2 alpha=0 acc mv=558
PCG_PREP o=193 rebuild=1 drift=0 previous_depth=2
E2_CAP o=193 retry=0 touched=255 ncam=3068 raw=28468.658698797743 capped=98.592305031043821 radius=17308.622557547325 median=0.18261286304399255 global_scale=1
ATTR_RADIUS o=193 raw_norm=28468.658698797713 norm=98.592305031043779 radius=17308.622557547325 next_radius=17308.622557547325 lambda=8.3523252170303966e-07 next_lambda=8.3523252170303966e-07 rho=0.99873225592519776 accept=1
CLASSICAL_LM o=193 lambda=8.3523252170303966e-07 tau=8.3523252170303966e-07 prediction=178.5674255555671 rho=0.99873225592519776 accept=1
  MFCG it 194 cost=1.782138e+06 lam=8.352e-07 tau=0.00e+00 cg_it=0 shift=0 ckpt=1 alpha=0 acc mv=560
PCG_PREP o=194 rebuild=1 drift=0 previous_depth=1
E2_CAP o=194 retry=0 touched=134 ncam=3068 raw=36482.775683682303 capped=137.64392396503416 radius=17308.622557547325 median=0.30731803057998353 global_scale=1
ATTR_RADIUS o=194 raw_norm=36482.77568368231 norm=137.64392396503399 radius=17308.622557547325 next_radius=17308.622557547325 lambda=8.3523252170303966e-07 next_lambda=8.3523252170303966e-07 rho=0.99061568705206526 accept=1
CLASSICAL_LM o=194 lambda=8.3523252170303966e-07 tau=8.3523252170303966e-07 prediction=19.46812116446776 rho=0.99061568705206526 accept=1
  MFCG it 195 cost=1.782119e+06 lam=8.352e-07 tau=0.00e+00 cg_it=1 shift=0 ckpt=2 alpha=0 acc mv=563
PCG_PREP o=195 rebuild=1 drift=0 previous_depth=2
E2_CAP o=195 retry=0 touched=137 ncam=3068 raw=36412.409892519601 capped=104.73230685687524 radius=17308.622557547325 median=0.25001006221168298 global_scale=1
ATTR_RADIUS o=195 raw_norm=36412.409892519601 norm=104.732306856875 radius=17308.622557547325 next_radius=17308.622557547325 lambda=8.3523252170303966e-07 next_lambda=8.3523252170303966e-07 rho=1.0009009196266334 accept=1
CLASSICAL_LM o=195 lambda=8.3523252170303966e-07 tau=8.3523252170303966e-07 prediction=103.11683396925082 rho=1.0009009196266334 accept=1
  MFCG it 196 cost=1.782016e+06 lam=8.352e-07 tau=0.00e+00 cg_it=1 shift=0 ckpt=2 alpha=0 acc mv=566
PCG_PREP o=196 rebuild=1 drift=0 previous_depth=2
E2_CAP o=196 retry=0 touched=141 ncam=3068 raw=36438.350524523979 capped=86.424596761828482 radius=17308.622557547325 median=0.20663547717028058 global_scale=1
ATTR_RADIUS o=196 raw_norm=36438.350524523972 norm=86.424596761828326 radius=17308.622557547325 next_radius=17308.622557547325 lambda=8.3523252170303966e-07 next_lambda=8.3523252170303966e-07 rho=1.0001488589954863 accept=1
CLASSICAL_LM o=196 lambda=8.3523252170303966e-07 tau=8.3523252170303966e-07 prediction=70.782915861071942 rho=1.0001488589954863 accept=1
  MFCG it 197 cost=1.781945e+06 lam=8.352e-07 tau=0.00e+00 cg_it=1 shift=0 ckpt=2 alpha=0 acc mv=569
PCG_PREP o=197 rebuild=1 drift=0 previous_depth=2
E2_CAP o=197 retry=0 touched=256 ncam=3068 raw=28402.070715634127 capped=88.571654762056895 radius=17308.622557547325 median=0.16295702576480675 global_scale=1
ATTR_RADIUS o=197 raw_norm=28402.070715634163 norm=88.571654762056795 radius=17308.622557547325 next_radius=17308.622557547325 lambda=8.3523252170303966e-07 next_lambda=8.3523252170303966e-07 rho=0.99901950666915496 accept=1
CLASSICAL_LM o=197 lambda=8.3523252170303966e-07 tau=8.3523252170303966e-07 prediction=158.01296079115028 rho=0.99901950666915496 accept=1
  MFCG it 198 cost=1.781787e+06 lam=8.352e-07 tau=0.00e+00 cg_it=0 shift=0 ckpt=1 alpha=0 acc mv=571
PCG_PREP o=198 rebuild=1 drift=0 previous_depth=1
E2_CAP o=198 retry=0 touched=133 ncam=3068 raw=36465.389107526615 capped=136.01955174902696 radius=17308.622557547325 median=0.302421205617185 global_scale=1
ATTR_RADIUS o=198 raw_norm=36465.389107526629 norm=136.01955174902687 radius=17308.622557547325 next_radius=17308.622557547325 lambda=8.3523252170303966e-07 next_lambda=8.3523252170303966e-07 rho=0.994432172020843 accept=1
CLASSICAL_LM o=198 lambda=8.3523252170303966e-07 tau=8.3523252170303966e-07 prediction=18.970199548003954 rho=0.994432172020843 accept=1
  MFCG it 199 cost=1.781768e+06 lam=8.352e-07 tau=0.00e+00 cg_it=1 shift=0 ckpt=2 alpha=0 acc mv=574
PCG_PREP o=199 rebuild=1 drift=0 previous_depth=2
E2_CAP o=199 retry=0 touched=137 ncam=3068 raw=36393.95018283723 capped=103.48138643317078 radius=17308.622557547325 median=0.24346944031271756 global_scale=1
ATTR_RADIUS o=199 raw_norm=36393.950182837223 norm=103.48138643317091 radius=17308.622557547325 next_radius=17308.622557547325 lambda=8.3523252170303966e-07 next_lambda=8.3523252170303966e-07 rho=1.000435115255395 accept=1
CLASSICAL_LM o=199 lambda=8.3523252170303966e-07 tau=8.3523252170303966e-07 prediction=103.77545008129202 rho=1.000435115255395 accept=1
  MFCG it 200 cost=1.781664e+06 lam=8.352e-07 tau=0.00e+00 cg_it=1 shift=0 ckpt=2 alpha=0 acc mv=577
PCG_PREP o=200 rebuild=1 drift=0 previous_depth=2
E2_CAP o=200 retry=0 touched=248 ncam=3068 raw=28382.97490489727 capped=77.569232912980553 radius=17308.622557547325 median=0.14535701180984495 global_scale=1
ATTR_RADIUS o=200 raw_norm=28382.97490489727 norm=77.569232912980496 radius=17308.622557547325 next_radius=17308.622557547325 lambda=8.3523252170303966e-07 next_lambda=8.3523252170303966e-07 rho=0.9996220432810613 accept=1
CLASSICAL_LM o=200 lambda=8.3523252170303966e-07 tau=8.3523252170303966e-07 prediction=137.10023502051951 rho=0.9996220432810613 accept=1
  MFCG it 201 cost=1.781527e+06 lam=8.352e-07 tau=0.00e+00 cg_it=0 shift=0 ckpt=1 alpha=0 acc mv=579
PCG_PREP o=201 rebuild=1 drift=0 previous_depth=1
E2_CAP o=201 retry=0 touched=147 ncam=3068 raw=36456.83815482413 capped=134.89439727947052 radius=17308.622557547325 median=0.29486394992713971 global_scale=1
ATTR_RADIUS o=201 raw_norm=36456.838154824152 norm=134.89439727946993 radius=17308.622557547325 next_radius=17308.622557547325 lambda=8.3523252170303966e-07 next_lambda=8.3523252170303966e-07 rho=0.99535816312340497 accept=1
CLASSICAL_LM o=201 lambda=8.3523252170303966e-07 tau=8.3523252170303966e-07 prediction=19.145641715153033 rho=0.99535816312340497 accept=1
  MFCG it 202 cost=1.781508e+06 lam=8.352e-07 tau=0.00e+00 cg_it=1 shift=0 ckpt=2 alpha=0 acc mv=582
PCG_PREP o=202 rebuild=1 drift=0 previous_depth=2
E2_CAP o=202 retry=0 touched=253 ncam=3068 raw=28391.294412067338 capped=95.78080585255185 radius=17308.622557547325 median=0.17761360101401485 global_scale=1
ATTR_RADIUS o=202 raw_norm=28391.294412067335 norm=95.78080585255185 radius=17308.622557547325 next_radius=17308.622557547325 lambda=8.3523252170303966e-07 next_lambda=8.3523252170303966e-07 rho=0.99932561199322922 accept=1
CLASSICAL_LM o=202 lambda=8.3523252170303966e-07 tau=8.3523252170303966e-07 prediction=172.85973432336877 rho=0.99932561199322922 accept=1
  MFCG it 203 cost=1.781335e+06 lam=8.352e-07 tau=0.00e+00 cg_it=0 shift=0 ckpt=1 alpha=0 acc mv=584
PCG_PREP o=203 rebuild=1 drift=0 previous_depth=1
E2_CAP o=203 retry=0 touched=134 ncam=3068 raw=36448.634456841188 capped=133.12658849578142 radius=17308.622557547325 median=0.29702346636537974 global_scale=1
ATTR_RADIUS o=203 raw_norm=36448.634456841202 norm=133.12658849578148 radius=17308.622557547325 next_radius=17308.622557547325 lambda=8.3523252170303966e-07 next_lambda=8.3523252170303966e-07 rho=0.99409054251089513 accept=1
CLASSICAL_LM o=203 lambda=8.3523252170303966e-07 tau=8.3523252170303966e-07 prediction=14.744945895221605 rho=0.99409054251089513 accept=1
  MFCG it 204 cost=1.781321e+06 lam=8.352e-07 tau=0.00e+00 cg_it=1 shift=0 ckpt=2 alpha=0 acc mv=587
PCG_PREP o=204 rebuild=1 drift=0 previous_depth=2
E2_CAP o=204 retry=0 touched=137 ncam=3068 raw=36382.911802427894 capped=100.34465157958623 radius=17308.622557547325 median=0.23961657875067949 global_scale=1
ATTR_RADIUS o=204 raw_norm=36382.911802427909 norm=100.34465157958633 radius=17308.622557547325 next_radius=17308.622557547325 lambda=8.3523252170303966e-07 next_lambda=8.3523252170303966e-07 rho=0.99967723801491881 accept=1
CLASSICAL_LM o=204 lambda=8.3523252170303966e-07 tau=8.3523252170303966e-07 prediction=96.468081424767448 rho=0.99967723801491881 accept=1
  MFCG it 205 cost=1.781224e+06 lam=8.352e-07 tau=0.00e+00 cg_it=1 shift=0 ckpt=2 alpha=0 acc mv=590
PCG_PREP o=205 rebuild=1 drift=0 previous_depth=2
E2_CAP o=205 retry=0 touched=140 ncam=3068 raw=36411.832872287436 capped=81.988998020788543 radius=17308.622557547325 median=0.19507918991667417 global_scale=1
ATTR_RADIUS o=205 raw_norm=36411.832872287407 norm=81.988998020788415 radius=17308.622557547325 next_radius=17308.622557547325 lambda=8.3523252170303966e-07 next_lambda=8.3523252170303966e-07 rho=0.99852553077039918 accept=1
CLASSICAL_LM o=205 lambda=8.3523252170303966e-07 tau=8.3523252170303966e-07 prediction=65.809351714563846 rho=0.99852553077039918 accept=1
  MFCG it 206 cost=1.781159e+06 lam=8.352e-07 tau=0.00e+00 cg_it=1 shift=0 ckpt=2 alpha=0 acc mv=593
PCG_PREP o=206 rebuild=1 drift=0 previous_depth=2
E2_CAP o=206 retry=0 touched=260 ncam=3068 raw=28326.89372507776 capped=85.866704916605798 radius=17308.622557547325 median=0.1583104739769306 global_scale=1
ATTR_RADIUS o=206 raw_norm=28326.893725077764 norm=85.866704916605784 radius=17308.622557547325 next_radius=17308.622557547325 lambda=8.3523252170303966e-07 next_lambda=8.3523252170303966e-07 rho=1.0027388585103931 accept=1
CLASSICAL_LM o=206 lambda=8.3523252170303966e-07 tau=8.3523252170303966e-07 prediction=155.50812849725855 rho=1.0027388585103931 accept=1
  MFCG it 207 cost=1.781003e+06 lam=8.352e-07 tau=0.00e+00 cg_it=0 shift=0 ckpt=1 alpha=0 acc mv=595
PCG_PREP o=207 rebuild=1 drift=0 previous_depth=1
E2_CAP o=207 retry=0 touched=133 ncam=3068 raw=36456.459589906262 capped=131.22971658778042 radius=17308.622557547325 median=0.28991422123492189 global_scale=1
ATTR_RADIUS o=207 raw_norm=36456.45958990627 norm=131.2297165877807 radius=17308.622557547325 next_radius=17308.622557547325 lambda=8.3523252170303966e-07 next_lambda=8.3523252170303966e-07 rho=1.0915076808574515 accept=1
CLASSICAL_LM o=207 lambda=8.3523252170303966e-07 tau=8.3523252170303966e-07 prediction=20.882943901287682 rho=1.0915076808574515 accept=1
  MFCG it 208 cost=1.780980e+06 lam=8.352e-07 tau=0.00e+00 cg_it=1 shift=0 ckpt=2 alpha=0 acc mv=598
PCG_PREP o=208 rebuild=1 drift=0 previous_depth=2
E2_CAP o=208 retry=0 touched=139 ncam=3068 raw=36398.123375455645 capped=99.830787434812692 radius=17308.622557547325 median=0.2345894882240615 global_scale=1
ATTR_RADIUS o=208 raw_norm=36398.123375455645 norm=99.830787434812635 radius=17308.622557547325 next_radius=17308.622557547325 lambda=8.3523252170303966e-07 next_lambda=8.3523252170303966e-07 rho=1.0057042095046804 accept=1
CLASSICAL_LM o=208 lambda=8.3523252170303966e-07 tau=8.3523252170303966e-07 prediction=106.08424814157209 rho=1.0057042095046804 accept=1
  MFCG it 209 cost=1.780873e+06 lam=8.352e-07 tau=0.00e+00 cg_it=1 shift=0 ckpt=2 alpha=0 acc mv=601
PCG_PREP o=209 rebuild=1 drift=0 previous_depth=2
E2_CAP o=209 retry=0 touched=249 ncam=3068 raw=28311.312874808416 capped=76.237823550392307 radius=17308.622557547325 median=0.14272438295344508 global_scale=1
ATTR_RADIUS o=209 raw_norm=28311.312874808427 norm=76.237823550392235 radius=17308.622557547325 next_radius=17308.622557547325 lambda=8.3523252170303966e-07 next_lambda=8.3523252170303966e-07 rho=1.0003636852424569 accept=1
CLASSICAL_LM o=209 lambda=8.3523252170303966e-07 tau=8.3523252170303966e-07 prediction=139.71051898805939 rho=1.0003636852424569 accept=1
  MFCG it 210 cost=1.780733e+06 lam=8.352e-07 tau=0.00e+00 cg_it=0 shift=0 ckpt=1 alpha=0 acc mv=603
PCG_PREP o=210 rebuild=1 drift=0 previous_depth=1
E2_CAP o=210 retry=0 touched=155 ncam=3068 raw=36335.130594296701 capped=132.81381383942471 radius=17308.622557547325 median=0.28855482519931669 global_scale=1
ATTR_RADIUS o=210 raw_norm=36335.130594296694 norm=132.81381383942431 radius=17308.622557547325 next_radius=17308.622557547325 lambda=8.3523252170303966e-07 next_lambda=8.3523252170303966e-07 rho=0.98364015342539801 accept=1
CLASSICAL_LM o=210 lambda=8.3523252170303966e-07 tau=8.3523252170303966e-07 prediction=25.543055491406072 rho=0.98364015342539801 accept=1
  MFCG it 211 cost=1.780708e+06 lam=8.352e-07 tau=0.00e+00 cg_it=1 shift=0 ckpt=2 alpha=0 acc mv=606
PCG_PREP o=211 rebuild=1 drift=0 previous_depth=2
E2_CAP o=211 retry=0 touched=141 ncam=3068 raw=36262.537384192372 capped=97.515135035847536 radius=17308.622557547325 median=0.22706101856449343 global_scale=1
ATTR_RADIUS o=211 raw_norm=36262.537384192379 norm=97.515135035847564 radius=17308.622557547325 next_radius=17308.622557547325 lambda=8.3523252170303966e-07 next_lambda=8.3523252170303966e-07 rho=0.99785830642851381 accept=1
CLASSICAL_LM o=211 lambda=8.3523252170303966e-07 tau=8.3523252170303966e-07 prediction=102.19489297019085 rho=0.99785830642851381 accept=1
  MFCG it 212 cost=1.780606e+06 lam=8.352e-07 tau=0.00e+00 cg_it=1 shift=0 ckpt=2 alpha=0 acc mv=609
PCG_PREP o=212 rebuild=1 drift=0 previous_depth=2
E2_CAP o=212 retry=0 touched=249 ncam=3068 raw=28303.438352002202 capped=75.613831446667987 radius=17308.622557547325 median=0.14138013629789709 global_scale=1
ATTR_RADIUS o=212 raw_norm=28303.438352002173 norm=75.613831446667731 radius=17308.622557547325 next_radius=17308.622557547325 lambda=8.3523252170303966e-07 next_lambda=8.3523252170303966e-07 rho=0.99265797732102468 accept=1
CLASSICAL_LM o=212 lambda=8.3523252170303966e-07 tau=8.3523252170303966e-07 prediction=137.58416844936016 rho=0.99265797732102468 accept=1
  MFCG it 213 cost=1.780470e+06 lam=8.352e-07 tau=0.00e+00 cg_it=0 shift=0 ckpt=1 alpha=0 acc mv=611
PCG_PREP o=213 rebuild=1 drift=0 previous_depth=1
E2_CAP o=213 retry=0 touched=155 ncam=3068 raw=36356.166033846443 capped=132.07462993200772 radius=17308.622557547325 median=0.28674341220640193 global_scale=1
ATTR_RADIUS o=213 raw_norm=36356.166033846421 norm=132.07462993200789 radius=17308.622557547325 next_radius=17308.622557547325 lambda=8.3523252170303966e-07 next_lambda=8.3523252170303966e-07 rho=0.95443837495933714 accept=1
CLASSICAL_LM o=213 lambda=8.3523252170303966e-07 tau=8.3523252170303966e-07 prediction=24.300713203040338 rho=0.95443837495933714 accept=1
  MFCG it 214 cost=1.780447e+06 lam=8.352e-07 tau=0.00e+00 cg_it=1 shift=0 ckpt=2 alpha=0 acc mv=614
PCG_PREP o=214 rebuild=1 drift=0 previous_depth=2
E2_CAP o=214 retry=0 touched=140 ncam=3068 raw=36297.773361940111 capped=97.411398898202407 radius=17308.622557547325 median=0.22615695657862034 global_scale=1
ATTR_RADIUS o=214 raw_norm=36297.773361940119 norm=97.411398898202336 radius=17308.622557547325 next_radius=17308.622557547325 lambda=8.3523252170303966e-07 next_lambda=8.3523252170303966e-07 rho=0.99937466696193955 accept=1
CLASSICAL_LM o=214 lambda=8.3523252170303966e-07 tau=8.3523252170303966e-07 prediction=99.975561079819187 rho=0.99937466696193955 accept=1
  MFCG it 215 cost=1.780347e+06 lam=8.352e-07 tau=0.00e+00 cg_it=1 shift=0 ckpt=2 alpha=0 acc mv=617
PCG_PREP o=215 rebuild=1 drift=0 previous_depth=2
E2_CAP o=215 retry=0 touched=251 ncam=3068 raw=28280.158837753701 capped=75.398425390101295 radius=17308.622557547325 median=0.14089716433067023 global_scale=1
ATTR_RADIUS o=215 raw_norm=28280.158837753697 norm=75.39842539010111 radius=17308.622557547325 next_radius=17308.622557547325 lambda=8.3523252170303966e-07 next_lambda=8.3523252170303966e-07 rho=0.9997821322057221 accept=1
CLASSICAL_LM o=215 lambda=8.3523252170303966e-07 tau=8.3523252170303966e-07 prediction=135.44550369688002 rho=0.9997821322057221 accept=1
  MFCG it 216 cost=1.780211e+06 lam=8.352e-07 tau=0.00e+00 cg_it=0 shift=0 ckpt=1 alpha=0 acc mv=619
PCG_PREP o=216 rebuild=1 drift=0 previous_depth=1
E2_CAP o=216 retry=0 touched=154 ncam=3068 raw=36386.736119053458 capped=130.96381651463199 radius=17308.622557547325 median=0.2832897295483261 global_scale=1
ATTR_RADIUS o=216 raw_norm=36386.73611905345 norm=130.96381651463176 radius=17308.622557547325 next_radius=17308.622557547325 lambda=8.3523252170303966e-07 next_lambda=8.3523252170303966e-07 rho=0.99706081715440376 accept=1
CLASSICAL_LM o=216 lambda=8.3523252170303966e-07 tau=8.3523252170303966e-07 prediction=20.305961687993673 rho=0.99706081715440376 accept=1
  MFCG it 217 cost=1.780191e+06 lam=8.352e-07 tau=0.00e+00 cg_it=1 shift=0 ckpt=2 alpha=0 acc mv=622
PCG_PREP o=217 rebuild=1 drift=0 previous_depth=2
E2_CAP o=217 retry=0 touched=250 ncam=3068 raw=28299.666465274127 capped=93.338478866038898 radius=17308.622557547325 median=0.17260005231906733 global_scale=1
ATTR_RADIUS o=217 raw_norm=28299.666465274098 norm=93.338478866038884 radius=17308.622557547325 next_radius=17308.622557547325 lambda=8.3523252170303966e-07 next_lambda=8.3523252170303966e-07 rho=0.99898614475023562 accept=1
CLASSICAL_LM o=217 lambda=8.3523252170303966e-07 tau=8.3523252170303966e-07 prediction=171.11734980247985 rho=0.99898614475023562 accept=1
  MFCG it 218 cost=1.780020e+06 lam=8.352e-07 tau=0.00e+00 cg_it=0 shift=0 ckpt=1 alpha=0 acc mv=624
PCG_PREP o=218 rebuild=1 drift=0 previous_depth=1
E2_CAP o=218 retry=0 touched=138 ncam=3068 raw=36399.026536520891 capped=127.77599004279662 radius=17308.622557547325 median=0.28052393330564962 global_scale=1
ATTR_RADIUS o=218 raw_norm=36399.026536520876 norm=127.77599004279659 radius=17308.622557547325 next_radius=17308.622557547325 lambda=8.3523252170303966e-07 next_lambda=8.3523252170303966e-07 rho=0.98924424980313519 accept=1
CLASSICAL_LM o=218 lambda=8.3523252170303966e-07 tau=8.3523252170303966e-07 prediction=14.309888806816339 rho=0.98924424980313519 accept=1
  MFCG it 219 cost=1.780006e+06 lam=8.352e-07 tau=0.00e+00 cg_it=1 shift=0 ckpt=2 alpha=0 acc mv=627
PCG_PREP o=219 rebuild=1 drift=0 previous_depth=2
E2_CAP o=219 retry=0 touched=138 ncam=3068 raw=36340.818304387969 capped=95.23018991846763 radius=17308.622557547325 median=0.22603986233510479 global_scale=1
ATTR_RADIUS o=219 raw_norm=36340.818304387962 norm=95.230189918467715 radius=17308.622557547325 next_radius=17308.622557547325 lambda=8.3523252170303966e-07 next_lambda=8.3523252170303966e-07 rho=0.99908994065035162 accept=1
CLASSICAL_LM o=219 lambda=8.3523252170303966e-07 tau=8.3523252170303966e-07 prediction=92.226098231925135 rho=0.99908994065035162 accept=1
  MFCG it 220 cost=1.779914e+06 lam=8.352e-07 tau=0.00e+00 cg_it=1 shift=0 ckpt=2 alpha=0 acc mv=630
PCG_PREP o=220 rebuild=1 drift=0 previous_depth=2
E2_CAP o=220 retry=0 touched=145 ncam=3068 raw=36374.670233318335 capped=76.62714027106496 radius=17308.622557547325 median=0.18041093998944627 global_scale=1
ATTR_RADIUS o=220 raw_norm=36374.670233318342 norm=76.627140271065059 radius=17308.622557547325 next_radius=17308.622557547325 lambda=8.3523252170303966e-07 next_lambda=8.3523252170303966e-07 rho=0.99671939827619227 accept=1
CLASSICAL_LM o=220 lambda=8.3523252170303966e-07 tau=8.3523252170303966e-07 prediction=60.064828667982589 rho=0.99671939827619227 accept=1
  MFCG it 221 cost=1.779854e+06 lam=8.352e-07 tau=0.00e+00 cg_it=1 shift=0 ckpt=2 alpha=0 acc mv=633
PCG_PREP o=221 rebuild=1 drift=0 previous_depth=2
E2_CAP o=221 retry=0 touched=265 ncam=3068 raw=28255.261647020739 capped=84.266691855154036 radius=17308.622557547325 median=0.15448671346008117 global_scale=1
ATTR_RADIUS o=221 raw_norm=28255.261647020739 norm=84.266691855153809 radius=17308.622557547325 next_radius=17308.622557547325 lambda=8.3523252170303966e-07 next_lambda=8.3523252170303966e-07 rho=0.99895464237593257 accept=1
CLASSICAL_LM o=221 lambda=8.3523252170303966e-07 tau=8.3523252170303966e-07 prediction=150.94179325427629 rho=0.99895464237593257 accept=1
  MFCG it 222 cost=1.779703e+06 lam=8.352e-07 tau=0.00e+00 cg_it=0 shift=0 ckpt=1 alpha=0 acc mv=635
PCG_PREP o=222 rebuild=1 drift=0 previous_depth=1
E2_CAP o=222 retry=0 touched=136 ncam=3068 raw=36406.468317392297 capped=126.66507834058406 radius=17308.622557547325 median=0.27723401667950975 global_scale=1
ATTR_RADIUS o=222 raw_norm=36406.468317392319 norm=126.66507834058412 radius=17308.622557547325 next_radius=17308.622557547325 lambda=8.3523252170303966e-07 next_lambda=8.3523252170303966e-07 rho=0.98781370715048233 accept=1
CLASSICAL_LM o=222 lambda=8.3523252170303966e-07 tau=8.3523252170303966e-07 prediction=12.705352758613451 rho=0.98781370715048233 accept=1
  MFCG it 223 cost=1.779690e+06 lam=8.352e-07 tau=0.00e+00 cg_it=1 shift=0 ckpt=2 alpha=0 acc mv=638
PCG_PREP o=223 rebuild=1 drift=0 previous_depth=2
E2_CAP o=223 retry=0 touched=139 ncam=3068 raw=36340.968763311619 capped=94.731314665835455 radius=17308.622557547325 median=0.22069249592351919 global_scale=1
ATTR_RADIUS o=223 raw_norm=36340.968763311583 norm=94.731314665835157 radius=17308.622557547325 next_radius=17308.622557547325 lambda=8.3523252170303966e-07 next_lambda=8.3523252170303966e-07 rho=0.99870857202384966 accept=1
CLASSICAL_LM o=223 lambda=8.3523252170303966e-07 tau=8.3523252170303966e-07 prediction=93.141827084991419 rho=0.99870857202384966 accept=1
  MFCG it 224 cost=1.779597e+06 lam=8.352e-07 tau=0.00e+00 cg_it=1 shift=0 ckpt=2 alpha=0 acc mv=641
PCG_PREP o=224 rebuild=1 drift=0 previous_depth=2
E2_CAP o=224 retry=0 touched=146 ncam=3068 raw=36383.381328471485 capped=77.270281985589165 radius=17308.622557547325 median=0.18092337930875568 global_scale=1
ATTR_RADIUS o=224 raw_norm=36383.381328471492 norm=77.270281985589463 radius=17308.622557547325 next_radius=17308.622557547325 lambda=8.3523252170303966e-07 next_lambda=8.3523252170303966e-07 rho=0.99593161320681112 accept=1
CLASSICAL_LM o=224 lambda=8.3523252170303966e-07 tau=8.3523252170303966e-07 prediction=58.50819221196128 rho=0.99593161320681112 accept=1
  MFCG it 225 cost=1.779539e+06 lam=8.352e-07 tau=0.00e+00 cg_it=1 shift=0 ckpt=2 alpha=0 acc mv=644
PCG_PREP o=225 rebuild=1 drift=0 previous_depth=2
E2_CAP o=225 retry=0 touched=264 ncam=3068 raw=28200.399968388629 capped=82.841654139183433 radius=17308.622557547325 median=0.15132891816178717 global_scale=1
ATTR_RADIUS o=225 raw_norm=28200.39996838864 norm=82.841654139183447 radius=17308.622557547325 next_radius=17308.622557547325 lambda=8.3523252170303966e-07 next_lambda=8.3523252170303966e-07 rho=0.99822775549009535 accept=1
CLASSICAL_LM o=225 lambda=8.3523252170303966e-07 tau=8.3523252170303966e-07 prediction=148.48248240515278 rho=0.99822775549009535 accept=1
  MFCG it 226 cost=1.779391e+06 lam=8.352e-07 tau=0.00e+00 cg_it=0 shift=0 ckpt=1 alpha=0 acc mv=646
PCG_PREP o=226 rebuild=1 drift=0 previous_depth=1
E2_CAP o=226 retry=0 touched=135 ncam=3068 raw=36420.416049270876 capped=125.23698459684137 radius=17308.622557547325 median=0.27576490219407873 global_scale=1
ATTR_RADIUS o=226 raw_norm=36420.416049270876 norm=125.23698459684121 radius=17308.622557547325 next_radius=17308.622557547325 lambda=8.3523252170303966e-07 next_lambda=8.3523252170303966e-07 rho=0.98345975649357864 accept=1
CLASSICAL_LM o=226 lambda=8.3523252170303966e-07 tau=8.3523252170303966e-07 prediction=11.61436220737513 rho=0.98345975649357864 accept=1
  MFCG it 227 cost=1.779380e+06 lam=8.352e-07 tau=0.00e+00 cg_it=1 shift=0 ckpt=2 alpha=0 acc mv=649
PCG_PREP o=227 rebuild=1 drift=0 previous_depth=2
E2_CAP o=227 retry=0 touched=253 ncam=3068 raw=28241.40046603774 capped=92.052116680474839 radius=17308.622557547325 median=0.16995194038061259 global_scale=1
ATTR_RADIUS o=227 raw_norm=28241.400466037729 norm=92.052116680474853 radius=17308.622557547325 next_radius=17308.622557547325 lambda=8.3523252170303966e-07 next_lambda=8.3523252170303966e-07 rho=0.99832384465970248 accept=1
CLASSICAL_LM o=227 lambda=8.3523252170303966e-07 tau=8.3523252170303966e-07 prediction=165.77977423974681 rho=0.99832384465970248 accept=1
  MFCG it 228 cost=1.779214e+06 lam=8.352e-07 tau=0.00e+00 cg_it=0 shift=0 ckpt=1 alpha=0 acc mv=651
PCG_PREP o=228 rebuild=1 drift=0 previous_depth=1
E2_CAP o=228 retry=0 touched=136 ncam=3068 raw=36428.022550429981 capped=124.74936101112901 radius=17308.622557547325 median=0.27418038624061308 global_scale=1
ATTR_RADIUS o=228 raw_norm=36428.022550430003 norm=124.7493610111291 radius=17308.622557547325 next_radius=17308.622557547325 lambda=8.3523252170303966e-07 next_lambda=8.3523252170303966e-07 rho=0.97218848812649372 accept=1
CLASSICAL_LM o=228 lambda=8.3523252170303966e-07 tau=8.3523252170303966e-07 prediction=8.0567452907866013 rho=0.97218848812649372 accept=1
  MFCG it 229 cost=1.779206e+06 lam=8.352e-07 tau=0.00e+00 cg_it=1 shift=0 ckpt=2 alpha=0 acc mv=654
PCG_PREP o=229 rebuild=1 drift=0 previous_depth=2
E2_CAP o=229 retry=0 touched=141 ncam=3068 raw=36364.593883771755 capped=92.840095842427473 radius=17308.622557547325 median=0.21862975156419234 global_scale=1
ATTR_RADIUS o=229 raw_norm=36364.593883771799 norm=92.840095842427615 radius=17308.622557547325 next_radius=17308.622557547325 lambda=8.3523252170303966e-07 next_lambda=8.3523252170303966e-07 rho=0.99840469541367116 accept=1
CLASSICAL_LM o=229 lambda=8.3523252170303966e-07 tau=8.3523252170303966e-07 prediction=86.46032282952612 rho=0.99840469541367116 accept=1
  MFCG it 230 cost=1.779120e+06 lam=8.352e-07 tau=0.00e+00 cg_it=1 shift=0 ckpt=2 alpha=0 acc mv=657
PCG_PREP o=230 rebuild=1 drift=0 previous_depth=2
E2_CAP o=230 retry=0 touched=146 ncam=3068 raw=36400.998564613197 capped=75.101822567394947 radius=17308.622557547325 median=0.17609834712255179 global_scale=1
ATTR_RADIUS o=230 raw_norm=36400.998564613183 norm=75.101822567394976 radius=17308.622557547325 next_radius=17308.622557547325 lambda=8.3523252170303966e-07 next_lambda=8.3523252170303966e-07 rho=0.99652634321471478 accept=1
CLASSICAL_LM o=230 lambda=8.3523252170303966e-07 tau=8.3523252170303966e-07 prediction=54.633606549423497 rho=0.99652634321471478 accept=1
  MFCG it 231 cost=1.779065e+06 lam=8.352e-07 tau=0.00e+00 cg_it=1 shift=0 ckpt=2 alpha=0 acc mv=660
PCG_PREP o=231 rebuild=1 drift=0 previous_depth=2
E2_CAP o=231 retry=0 touched=262 ncam=3068 raw=28195.709401243279 capped=83.152252143895055 radius=17308.622557547325 median=0.1522380911883193 global_scale=1
ATTR_RADIUS o=231 raw_norm=28195.709401243286 norm=83.152252143895197 radius=17308.622557547325 next_radius=17308.622557547325 lambda=8.3523252170303966e-07 next_lambda=8.3523252170303966e-07 rho=0.99863347047408291 accept=1
CLASSICAL_LM o=231 lambda=8.3523252170303966e-07 tau=8.3523252170303966e-07 prediction=147.07027420305704 rho=0.99863347047408291 accept=1
  MFCG it 232 cost=1.778919e+06 lam=8.352e-07 tau=0.00e+00 cg_it=0 shift=0 ckpt=1 alpha=0 acc mv=662
PCG_PREP o=232 rebuild=1 drift=0 previous_depth=1
E2_CAP o=232 retry=0 touched=135 ncam=3068 raw=36435.20966603767 capped=123.60098799779989 radius=17308.622557547325 median=0.2696704076234312 global_scale=1
ATTR_RADIUS o=232 raw_norm=36435.209666037648 norm=123.60098799779992 radius=17308.622557547325 next_radius=17308.622557547325 lambda=8.3523252170303966e-07 next_lambda=8.3523252170303966e-07 rho=1.0069814787742106 accept=1
CLASSICAL_LM o=232 lambda=8.3523252170303966e-07 tau=8.3523252170303966e-07 prediction=6.8939789151268371 rho=1.0069814787742106 accept=1
  MFCG it 233 cost=1.778912e+06 lam=8.352e-07 tau=0.00e+00 cg_it=1 shift=0 ckpt=2 alpha=0 acc mv=665
PCG_PREP o=233 rebuild=1 drift=0 previous_depth=2
E2_CAP o=233 retry=0 touched=139 ncam=3068 raw=36370.869261698266 capped=92.493071183491224 radius=17308.622557547325 median=0.21365472843526762 global_scale=1
ATTR_RADIUS o=233 raw_norm=36370.869261698303 norm=92.493071183491296 radius=17308.622557547325 next_radius=17308.622557547325 lambda=8.3523252170303966e-07 next_lambda=8.3523252170303966e-07 rho=1.0083354214868694 accept=1
CLASSICAL_LM o=233 lambda=8.3523252170303966e-07 tau=8.3523252170303966e-07 prediction=87.980515780137736 rho=1.0083354214868694 accept=1
  MFCG it 234 cost=1.778823e+06 lam=8.352e-07 tau=0.00e+00 cg_it=1 shift=0 ckpt=2 alpha=0 acc mv=668
PCG_PREP o=234 rebuild=1 drift=0 previous_depth=2
E2_CAP o=234 retry=0 touched=147 ncam=3068 raw=36403.542523536438 capped=75.385280932293725 radius=17308.622557547325 median=0.17656605623892813 global_scale=1
ATTR_RADIUS o=234 raw_norm=36403.542523536453 norm=75.385280932293725 radius=17308.622557547325 next_radius=17308.622557547325 lambda=8.3523252170303966e-07 next_lambda=8.3523252170303966e-07 rho=0.99672319278616406 accept=1
CLASSICAL_LM o=234 lambda=8.3523252170303966e-07 tau=8.3523252170303966e-07 prediction=55.752694391918453 rho=0.99672319278616406 accept=1
  MFCG it 235 cost=1.778767e+06 lam=8.352e-07 tau=0.00e+00 cg_it=1 shift=0 ckpt=2 alpha=0 acc mv=671
PCG_PREP o=235 rebuild=1 drift=0 previous_depth=2
E2_CAP o=235 retry=0 touched=261 ncam=3068 raw=28141.490235475128 capped=81.808113774643843 radius=17308.622557547325 median=0.14956535540180382 global_scale=1
ATTR_RADIUS o=235 raw_norm=28141.490235475121 norm=81.808113774644113 radius=17308.622557547325 next_radius=17308.622557547325 lambda=8.3523252170303966e-07 next_lambda=8.3523252170303966e-07 rho=0.98686541021113028 accept=1
CLASSICAL_LM o=235 lambda=8.3523252170303966e-07 tau=8.3523252170303966e-07 prediction=146.95900725714972 rho=0.98686541021113028 accept=1
  MFCG it 236 cost=1.778622e+06 lam=8.352e-07 tau=0.00e+00 cg_it=0 shift=0 ckpt=1 alpha=0 acc mv=673
PCG_PREP o=236 rebuild=1 drift=0 previous_depth=1
E2_CAP o=236 retry=0 touched=135 ncam=3068 raw=36425.699220348695 capped=121.00439813929994 radius=17308.622557547325 median=0.2639361984033215 global_scale=1
ATTR_RADIUS o=236 raw_norm=36425.69922034871 norm=121.00439813929978 radius=17308.622557547325 next_radius=17308.622557547325 lambda=8.3523252170303966e-07 next_lambda=8.3523252170303966e-07 rho=0.99093936525480153 accept=1
CLASSICAL_LM o=236 lambda=8.3523252170303966e-07 tau=8.3523252170303966e-07 prediction=12.487298199835195 rho=0.99093936525480153 accept=1
  MFCG it 237 cost=1.778610e+06 lam=8.352e-07 tau=0.00e+00 cg_it=1 shift=0 ckpt=2 alpha=0 acc mv=676
PCG_PREP o=237 rebuild=1 drift=0 previous_depth=2
E2_CAP o=237 retry=0 touched=258 ncam=3068 raw=28164.045073795933 capped=90.067573211172274 radius=17308.622557547325 median=0.16598216040334401 global_scale=1
ATTR_RADIUS o=237 raw_norm=28164.045073795969 norm=90.067573211172501 radius=17308.622557547325 next_radius=17308.622557547325 lambda=8.3523252170303966e-07 next_lambda=8.3523252170303966e-07 rho=0.99263329585261995 accept=1
CLASSICAL_LM o=237 lambda=8.3523252170303966e-07 tau=8.3523252170303966e-07 prediction=163.46055973797985 rho=0.99263329585261995 accept=1
  MFCG it 238 cost=1.778448e+06 lam=8.352e-07 tau=0.00e+00 cg_it=0 shift=0 ckpt=1 alpha=0 acc mv=678
PCG_PREP o=238 rebuild=1 drift=0 previous_depth=1
E2_CAP o=238 retry=0 touched=133 ncam=3068 raw=36440.292259066591 capped=120.87003636675659 radius=17308.622557547325 median=0.26552830184318282 global_scale=1
ATTR_RADIUS o=238 raw_norm=36440.292259066562 norm=120.87003636675632 radius=17308.622557547325 next_radius=17308.622557547325 lambda=8.3523252170303966e-07 next_lambda=8.3523252170303966e-07 rho=0.96896965667046575 accept=1
CLASSICAL_LM o=238 lambda=8.3523252170303966e-07 tau=8.3523252170303966e-07 prediction=6.7485546240489356 rho=0.96896965667046575 accept=1
  MFCG it 239 cost=1.778441e+06 lam=8.352e-07 tau=0.00e+00 cg_it=1 shift=0 ckpt=2 alpha=0 acc mv=681
PCG_PREP o=239 rebuild=1 drift=0 previous_depth=2
E2_CAP o=239 retry=0 touched=141 ncam=3068 raw=36374.474092664255 capped=89.524837815722933 radius=17308.622557547325 median=0.20943176805093117 global_scale=1
ATTR_RADIUS o=239 raw_norm=36374.474092664263 norm=89.524837815723004 radius=17308.622557547325 next_radius=17308.622557547325 lambda=8.3523252170303966e-07 next_lambda=8.3523252170303966e-07 rho=0.99806362982578356 accept=1
CLASSICAL_LM o=239 lambda=8.3523252170303966e-07 tau=8.3523252170303966e-07 prediction=81.206903252166384 rho=0.99806362982578356 accept=1
  MFCG it 240 cost=1.778360e+06 lam=8.352e-07 tau=0.00e+00 cg_it=1 shift=0 ckpt=2 alpha=0 acc mv=684
PCG_PREP o=240 rebuild=1 drift=0 previous_depth=2
E2_CAP o=240 retry=0 touched=145 ncam=3068 raw=36406.588360790534 capped=72.371150165176346 radius=17308.622557547325 median=0.16971609384919528 global_scale=1
ATTR_RADIUS o=240 raw_norm=36406.588360790556 norm=72.371150165176374 radius=17308.622557547325 next_radius=17308.622557547325 lambda=8.3523252170303966e-07 next_lambda=8.3523252170303966e-07 rho=0.99393798088520191 accept=1
CLASSICAL_LM o=240 lambda=8.3523252170303966e-07 tau=8.3523252170303966e-07 prediction=49.946723458354604 rho=0.99393798088520191 accept=1
  MFCG it 241 cost=1.778310e+06 lam=8.352e-07 tau=0.00e+00 cg_it=1 shift=0 ckpt=2 alpha=0 acc mv=687
PCG_PREP o=241 rebuild=1 drift=0 previous_depth=2
E2_CAP o=241 retry=0 touched=260 ncam=3068 raw=28138.721507930451 capped=81.420985793604544 radius=17308.622557547325 median=0.14888273592102014 global_scale=1
ATTR_RADIUS o=241 raw_norm=28138.721507930448 norm=81.420985793604757 radius=17308.622557547325 next_radius=17308.622557547325 lambda=8.3523252170303966e-07 next_lambda=8.3523252170303966e-07 rho=0.99793400233270124 accept=1
CLASSICAL_LM o=241 lambda=8.3523252170303966e-07 tau=8.3523252170303966e-07 prediction=142.41038367951072 rho=0.99793400233270124 accept=1
  MFCG it 242 cost=1.778168e+06 lam=8.352e-07 tau=0.00e+00 cg_it=0 shift=0 ckpt=1 alpha=0 acc mv=689
PCG_PREP o=242 rebuild=1 drift=0 previous_depth=1
E2_CAP o=242 retry=0 touched=135 ncam=3068 raw=36434.923253624926 capped=119.62547062052198 radius=17308.622557547325 median=0.26065621394581501 global_scale=1
ATTR_RADIUS o=242 raw_norm=36434.923253624875 norm=119.62547062052232 radius=17308.622557547325 next_radius=17308.622557547325 lambda=8.3523252170303966e-07 next_lambda=8.3523252170303966e-07 rho=0.82073587350831301 accept=1
CLASSICAL_LM o=242 lambda=8.3523252170303966e-07 tau=8.3523252170303966e-07 prediction=1.0520012684668529 rho=0.82073587350831301 accept=1
  MFCG it 243 cost=1.778167e+06 lam=8.352e-07 tau=0.00e+00 cg_it=1 shift=0 ckpt=2 alpha=0 acc mv=692
PCG_PREP o=243 rebuild=1 drift=0 previous_depth=2
E2_CAP o=243 retry=0 touched=138 ncam=3068 raw=36369.273074249337 capped=89.917069337573977 radius=17308.622557547325 median=0.20756853490412697 global_scale=1
ATTR_RADIUS o=243 raw_norm=36369.2730742493 norm=89.917069337574148 radius=17308.622557547325 next_radius=17308.622557547325 lambda=8.3523252170303966e-07 next_lambda=8.3523252170303966e-07 rho=0.99715427250604594 accept=1
CLASSICAL_LM o=243 lambda=8.3523252170303966e-07 tau=8.3523252170303966e-07 prediction=81.811130504300792 rho=0.99715427250604594 accept=1
  MFCG it 244 cost=1.778086e+06 lam=8.352e-07 tau=0.00e+00 cg_it=1 shift=0 ckpt=2 alpha=0 acc mv=695
PCG_PREP o=244 rebuild=1 drift=0 previous_depth=2
E2_CAP o=244 retry=0 touched=142 ncam=3068 raw=36407.708303233157 capped=72.067218475184703 radius=17308.622557547325 median=0.1698050128726043 global_scale=1
ATTR_RADIUS o=244 raw_norm=36407.708303233165 norm=72.067218475184617 radius=17308.622557547325 next_radius=17308.622557547325 lambda=8.3523252170303966e-07 next_lambda=8.3523252170303966e-07 rho=0.99379367592977097 accept=1
CLASSICAL_LM o=244 lambda=8.3523252170303966e-07 tau=8.3523252170303966e-07 prediction=48.663828070379772 rho=0.99379367592977097 accept=1
  MFCG it 245 cost=1.778038e+06 lam=8.352e-07 tau=0.00e+00 cg_it=1 shift=0 ckpt=2 alpha=0 acc mv=698
PCG_PREP o=245 rebuild=1 drift=0 previous_depth=2
E2_CAP o=245 retry=0 touched=258 ncam=3068 raw=28087.8998702924 capped=80.214416567089302 radius=17308.622557547325 median=0.14648147792830746 global_scale=1
ATTR_RADIUS o=245 raw_norm=28087.899870292378 norm=80.214416567089486 radius=17308.622557547325 next_radius=17308.622557547325 lambda=8.3523252170303966e-07 next_lambda=8.3523252170303966e-07 rho=0.99810241342051509 accept=1
CLASSICAL_LM o=245 lambda=8.3523252170303966e-07 tau=8.3523252170303966e-07 prediction=140.58100428127904 rho=0.99810241342051509 accept=1
  MFCG it 246 cost=1.777897e+06 lam=8.352e-07 tau=0.00e+00 cg_it=0 shift=0 ckpt=1 alpha=0 acc mv=700
PCG_PREP o=246 rebuild=1 drift=0 previous_depth=1
E2_CAP o=246 retry=0 touched=133 ncam=3068 raw=36436.157299036953 capped=117.75999631639795 radius=17308.622557547325 median=0.25695054947990559 global_scale=1
ATTR_RADIUS o=246 raw_norm=36436.157299036953 norm=117.75999631639793 radius=17308.622557547325 next_radius=17308.622557547325 lambda=8.3523252170303966e-07 next_lambda=8.3523252170303966e-07 rho=0.56283888343684774 accept=1
CLASSICAL_LM o=246 lambda=8.3523252170303966e-07 tau=8.3523252170303966e-07 prediction=0.51317440515700241 rho=0.56283888343684774 accept=1
  MFCG it 247 cost=1.777897e+06 lam=8.352e-07 tau=0.00e+00 cg_it=1 shift=0 ckpt=2 alpha=0 acc mv=703
PCG_PREP o=247 rebuild=1 drift=0 previous_depth=2
E2_CAP o=247 retry=0 touched=137 ncam=3068 raw=36371.134348347005 capped=88.66110372686417 radius=17308.622557547325 median=0.20582416286579111 global_scale=1
ATTR_RADIUS o=247 raw_norm=36371.134348347012 norm=88.66110372686434 radius=17308.622557547325 next_radius=17308.622557547325 lambda=8.3523252170303966e-07 next_lambda=8.3523252170303966e-07 rho=0.99665494947547129 accept=1
CLASSICAL_LM o=247 lambda=8.3523252170303966e-07 tau=8.3523252170303966e-07 prediction=80.78900374254458 rho=0.99665494947547129 accept=1
  MFCG it 248 cost=1.777816e+06 lam=8.352e-07 tau=0.00e+00 cg_it=1 shift=0 ckpt=2 alpha=0 acc mv=706
PCG_PREP o=248 rebuild=1 drift=0 previous_depth=2
E2_CAP o=248 retry=0 touched=260 ncam=3068 raw=28093.162545770872 capped=69.736252249015635 radius=17308.622557547325 median=0.12916492205310046 global_scale=1
ATTR_RADIUS o=248 raw_norm=28093.162545770898 norm=69.736252249015877 radius=17308.622557547325 next_radius=17308.622557547325 lambda=8.3523252170303966e-07 next_lambda=8.3523252170303966e-07 rho=0.99892751303154526 accept=1
CLASSICAL_LM o=248 lambda=8.3523252170303966e-07 tau=8.3523252170303966e-07 prediction=120.23673650951415 rho=0.99892751303154526 accept=1
  MFCG it 249 cost=1.777696e+06 lam=8.352e-07 tau=0.00e+00 cg_it=0 shift=0 ckpt=1 alpha=0 acc mv=708
PCG_PREP o=249 rebuild=1 drift=0 previous_depth=1
E2_CAP o=249 retry=0 touched=149 ncam=3068 raw=36441.744555695484 capped=117.8436143759627 radius=17308.622557547325 median=0.25390364789998005 global_scale=1
ATTR_RADIUS o=249 raw_norm=36441.744555695484 norm=117.84361437596269 radius=17308.622557547325 next_radius=17308.622557547325 lambda=8.3523252170303966e-07 next_lambda=8.3523252170303966e-07 rho=0.99290705213258457 accept=1
CLASSICAL_LM o=249 lambda=8.3523252170303966e-07 tau=8.3523252170303966e-07 prediction=2.3192263068146559 rho=0.99290705213258457 accept=1
  MFCG it 250 cost=1.777694e+06 lam=8.352e-07 tau=0.00e+00 cg_it=1 shift=0 ckpt=2 alpha=0 acc mv=711
PCG_PREP o=250 rebuild=1 drift=0 previous_depth=2
E2_CAP o=250 retry=0 touched=138 ncam=3068 raw=36370.044949425028 capped=87.25090430419921 radius=17308.622557547325 median=0.20252127538765047 global_scale=1
ATTR_RADIUS o=250 raw_norm=36370.044949425021 norm=87.250904304199253 radius=17308.622557547325 next_radius=17308.622557547325 lambda=8.3523252170303966e-07 next_lambda=8.3523252170303966e-07 rho=0.99939116482493484 accept=1
CLASSICAL_LM o=250 lambda=8.3523252170303966e-07 tau=8.3523252170303966e-07 prediction=78.959981096806487 rho=0.99939116482493484 accept=1
  MFCG it 251 cost=1.777615e+06 lam=8.352e-07 tau=0.00e+00 cg_it=1 shift=0 ckpt=2 alpha=0 acc mv=714
PCG_PREP o=251 rebuild=1 drift=0 previous_depth=2
E2_CAP o=251 retry=0 touched=138 ncam=3068 raw=36411.81510940523 capped=69.748691912799401 radius=17308.622557547325 median=0.16439703877214293 global_scale=1
ATTR_RADIUS o=251 raw_norm=36411.815109405237 norm=69.748691912799472 radius=17308.622557547325 next_radius=17308.622557547325 lambda=8.3523252170303966e-07 next_lambda=8.3523252170303966e-07 rho=0.99722747928625832 accept=1
CLASSICAL_LM o=251 lambda=8.3523252170303966e-07 tau=8.3523252170303966e-07 prediction=46.491197914150916 rho=0.99722747928625832 accept=1
  MFCG it 252 cost=1.777569e+06 lam=8.352e-07 tau=0.00e+00 cg_it=1 shift=0 ckpt=2 alpha=0 acc mv=717
PCG_PREP o=252 rebuild=1 drift=0 previous_depth=2
E2_CAP o=252 retry=0 touched=256 ncam=3068 raw=28029.412692892984 capped=78.756412835864964 radius=17308.622557547325 median=0.14334526876425602 global_scale=1
ATTR_RADIUS o=252 raw_norm=28029.412692892969 norm=78.756412835864836 radius=17308.622557547325 next_radius=17308.622557547325 lambda=8.3523252170303966e-07 next_lambda=8.3523252170303966e-07 rho=0.99898481371271197 accept=1
CLASSICAL_LM o=252 lambda=8.3523252170303966e-07 tau=8.3523252170303966e-07 prediction=137.90190817076919 rho=0.99898481371271197 accept=1
  MFCG it 253 cost=1.777431e+06 lam=8.352e-07 tau=0.00e+00 cg_it=0 shift=0 ckpt=1 alpha=0 acc mv=719
PCG_PREP o=253 rebuild=1 drift=0 previous_depth=1
E2_CAP o=253 retry=0 touched=132 ncam=3068 raw=36441.654262408258 capped=114.94001264435377 radius=17308.622557547325 median=0.25012562195871352 global_scale=1
POINT_SAFE o=253 frozen=234 slope=-35.589637905252985 candidate=1777431.809263756 original=1777422.2767837611 current=1777430.9802271596 won=0 mode=1 camera_scale=1 keep_scale=0
ATTR_RADIUS o=253 raw_norm=36441.654262408236 norm=57.470006322176765 radius=17308.622557547325 next_radius=17308.622557547325 lambda=8.3523252170303966e-07 next_lambda=8.3523252170303966e-07 rho=0.99626807940577544 accept=1
CLASSICAL_LM o=253 lambda=8.3523252170303966e-07 tau=8.3523252170303966e-07 prediction=8.7360456270540219 rho=0.99626807940577544 accept=1
  MFCG it 254 cost=1.777422e+06 lam=8.352e-07 tau=0.00e+00 cg_it=1 shift=0 ckpt=2 alpha=0 acc mv=722
PCG_PREP o=254 rebuild=1 drift=0 previous_depth=2
E2_CAP o=254 retry=0 touched=142 ncam=3068 raw=36421.89672613806 capped=74.002666395036499 radius=17308.622557547325 median=0.17552037225478653 global_scale=1
ATTR_RADIUS o=254 raw_norm=36421.896726138046 norm=74.002666395036556 radius=17308.622557547325 next_radius=17308.622557547325 lambda=8.3523252170303966e-07 next_lambda=8.3523252170303966e-07 rho=1.0033585520465305 accept=1
CLASSICAL_LM o=254 lambda=8.3523252170303966e-07 tau=8.3523252170303966e-07 prediction=20.507636867587582 rho=1.0033585520465305 accept=1
  MFCG it 255 cost=1.777402e+06 lam=8.352e-07 tau=0.00e+00 cg_it=1 shift=0 ckpt=2 alpha=0 acc mv=725
PCG_PREP o=255 rebuild=1 drift=0 previous_depth=2
E2_CAP o=255 retry=0 touched=255 ncam=3068 raw=28076.258307633801 capped=74.288427810129434 radius=17308.622557547325 median=0.13686864906363483 global_scale=1
ATTR_RADIUS o=255 raw_norm=28076.258307633812 norm=74.288427810129576 radius=17308.622557547325 next_radius=17308.622557547325 lambda=8.3523252170303966e-07 next_lambda=8.3523252170303966e-07 rho=0.9999083045913576 accept=1
CLASSICAL_LM o=255 lambda=8.3523252170303966e-07 tau=8.3523252170303966e-07 prediction=130.0809678768392 rho=0.9999083045913576 accept=1
  MFCG it 256 cost=1.777272e+06 lam=8.352e-07 tau=0.00e+00 cg_it=0 shift=0 ckpt=1 alpha=0 acc mv=727
PCG_PREP o=256 rebuild=1 drift=0 previous_depth=1
E2_CAP o=256 retry=0 touched=131 ncam=3068 raw=36439.802471044917 capped=113.76058524490087 radius=17308.622557547325 median=0.24873331723537917 global_scale=1
ATTR_RADIUS o=256 raw_norm=36439.802471044888 norm=113.76058524490108 radius=17308.622557547325 next_radius=17308.622557547325 lambda=8.3523252170303966e-07 next_lambda=8.3523252170303966e-07 rho=0.83772765127659565 accept=1
CLASSICAL_LM o=256 lambda=8.3523252170303966e-07 tau=8.3523252170303966e-07 prediction=0.17017947348779927 rho=0.83772765127659565 accept=1
  MFCG it 257 cost=1.777271e+06 lam=8.352e-07 tau=0.00e+00 cg_it=1 shift=0 ckpt=2 alpha=0 acc mv=730
PCG_PREP o=257 rebuild=1 drift=0 previous_depth=2
E2_CAP o=257 retry=0 touched=141 ncam=3068 raw=36371.933649155406 capped=85.529358744034482 radius=17308.622557547325 median=0.19865015831414531 global_scale=1
ATTR_RADIUS o=257 raw_norm=36371.93364915542 norm=85.529358744034482 radius=17308.622557547325 next_radius=17308.622557547325 lambda=8.3523252170303966e-07 next_lambda=8.3523252170303966e-07 rho=0.99999364143777625 accept=1
CLASSICAL_LM o=257 lambda=8.3523252170303966e-07 tau=8.3523252170303966e-07 prediction=75.519617721188069 rho=0.99999364143777625 accept=1
  MFCG it 258 cost=1.777196e+06 lam=8.352e-07 tau=0.00e+00 cg_it=1 shift=0 ckpt=2 alpha=0 acc mv=733
PCG_PREP o=258 rebuild=1 drift=0 previous_depth=2
E2_CAP o=258 retry=0 touched=139 ncam=3068 raw=36410.229877156198 capped=67.477896600407178 radius=17308.622557547325 median=0.15964445773784319 global_scale=1
ATTR_RADIUS o=258 raw_norm=36410.229877156278 norm=67.477896600407178 radius=17308.622557547325 next_radius=17308.622557547325 lambda=8.3523252170303966e-07 next_lambda=8.3523252170303966e-07 rho=0.99941487153845687 accept=1
CLASSICAL_LM o=258 lambda=8.3523252170303966e-07 tau=8.3523252170303966e-07 prediction=44.026226427991006 rho=0.99941487153845687 accept=1
  MFCG it 259 cost=1.777152e+06 lam=8.352e-07 tau=0.00e+00 cg_it=1 shift=0 ckpt=2 alpha=0 acc mv=736
PCG_PREP o=259 rebuild=1 drift=0 previous_depth=2
E2_CAP o=259 retry=0 touched=256 ncam=3068 raw=28023.619686599377 capped=78.690923257116992 radius=17308.622557547325 median=0.14417691559778009 global_scale=1
ATTR_RADIUS o=259 raw_norm=28023.619686599388 norm=78.690923257116992 radius=17308.622557547325 next_radius=17308.622557547325 lambda=8.3523252170303966e-07 next_lambda=8.3523252170303966e-07 rho=0.99956381277382189 accept=1
CLASSICAL_LM o=259 lambda=8.3523252170303966e-07 tau=8.3523252170303966e-07 prediction=137.64078765509089 rho=0.99956381277382189 accept=1
  MFCG it 260 cost=1.777014e+06 lam=8.352e-07 tau=0.00e+00 cg_it=0 shift=0 ckpt=1 alpha=0 acc mv=738
PCG_PREP o=260 rebuild=1 drift=0 previous_depth=1
E2_CAP o=260 retry=0 touched=133 ncam=3068 raw=36439.304891217151 capped=113.56402527224421 radius=17308.622557547325 median=0.24730331961668975 global_scale=1
POINT_SAFE o=260 frozen=229 slope=-33.657400325326904 candidate=1777017.4851328053 original=1777006.7454921622 current=1777014.3883133712 won=0 mode=1 camera_scale=1 keep_scale=0
ATTR_RADIUS o=260 raw_norm=36439.304891217165 norm=56.782012636122246 radius=17308.622557547325 next_radius=17308.622557547325 lambda=8.3523252170303966e-07 next_lambda=8.3523252170303966e-07 rho=0.99766245397282294 accept=1
CLASSICAL_LM o=260 lambda=8.3523252170303966e-07 tau=8.3523252170303966e-07 prediction=7.6607285145439938 rho=0.99766245397282294 accept=1
  MFCG it 261 cost=1.777007e+06 lam=8.352e-07 tau=0.00e+00 cg_it=1 shift=0 ckpt=2 alpha=0 acc mv=741
PCG_PREP o=261 rebuild=1 drift=0 previous_depth=2
E2_CAP o=261 retry=0 touched=141 ncam=3068 raw=36418.161821950067 capped=72.653548189614668 radius=17308.622557547325 median=0.17252766818214485 global_scale=1
ATTR_RADIUS o=261 raw_norm=36418.161821950045 norm=72.653548189614796 radius=17308.622557547325 next_radius=17308.622557547325 lambda=8.3523252170303966e-07 next_lambda=8.3523252170303966e-07 rho=1.0034893155979872 accept=1
CLASSICAL_LM o=261 lambda=8.3523252170303966e-07 tau=8.3523252170303966e-07 prediction=18.607301363836054 rho=1.0034893155979872 accept=1
  MFCG it 262 cost=1.776988e+06 lam=8.352e-07 tau=0.00e+00 cg_it=1 shift=0 ckpt=2 alpha=0 acc mv=744
PCG_PREP o=262 rebuild=1 drift=0 previous_depth=2
E2_CAP o=262 retry=0 touched=141 ncam=3068 raw=36393.998663670813 capped=56.348140861913009 radius=17308.622557547325 median=0.1365178867879098 global_scale=1
ATTR_RADIUS o=262 raw_norm=36393.998663670784 norm=56.348140861913116 radius=17308.622557547325 next_radius=17308.622557547325 lambda=8.3523252170303966e-07 next_lambda=8.3523252170303966e-07 rho=1.0008130730029041 accept=1
CLASSICAL_LM o=262 lambda=8.3523252170303966e-07 tau=8.3523252170303966e-07 prediction=49.869014878566816 rho=1.0008130730029041 accept=1
  MFCG it 263 cost=1.776938e+06 lam=8.352e-07 tau=0.00e+00 cg_it=1 shift=0 ckpt=2 alpha=0 acc mv=747
PCG_PREP o=263 rebuild=1 drift=0 previous_depth=2
E2_CAP o=263 retry=0 touched=259 ncam=3068 raw=28035.210602685936 capped=70.611932285001387 radius=17308.622557547325 median=0.12975401881120113 global_scale=1
ATTR_RADIUS o=263 raw_norm=28035.210602685947 norm=70.611932285001416 radius=17308.622557547325 next_radius=17308.622557547325 lambda=8.3523252170303966e-07 next_lambda=8.3523252170303966e-07 rho=1.0001503224677628 accept=1
CLASSICAL_LM o=263 lambda=8.3523252170303966e-07 tau=8.3523252170303966e-07 prediction=122.90889986040875 rho=1.0001503224677628 accept=1
  MFCG it 264 cost=1.776815e+06 lam=8.352e-07 tau=0.00e+00 cg_it=0 shift=0 ckpt=1 alpha=0 acc mv=749
PCG_PREP o=264 rebuild=1 drift=0 previous_depth=1
E2_CAP o=264 retry=0 touched=145 ncam=3068 raw=36438.497984799753 capped=112.73844017099667 radius=17308.622557547325 median=0.24385493691303706 global_scale=1
POINT_SAFE o=264 frozen=193 slope=-34.68613748336584 candidate=1776816.7115833168 original=1776806.9326387062 current=1776815.2363261937 won=0 mode=1 camera_scale=1 keep_scale=0
ATTR_RADIUS o=264 raw_norm=36438.497984799753 norm=56.369220085498142 radius=17308.622557547325 next_radius=17308.622557547325 lambda=8.3523252170303966e-07 next_lambda=8.3523252170303966e-07 rho=0.99892125477718707 accept=1
CLASSICAL_LM o=264 lambda=8.3523252170303966e-07 tau=8.3523252170303966e-07 prediction=8.3126547240685458 rho=0.99892125477718707 accept=1
  MFCG it 265 cost=1.776807e+06 lam=8.352e-07 tau=0.00e+00 cg_it=1 shift=0 ckpt=2 alpha=0 acc mv=752
PCG_PREP o=265 rebuild=1 drift=0 previous_depth=2
E2_CAP o=265 retry=0 touched=141 ncam=3068 raw=36415.427950731777 capped=70.35514083106905 radius=17308.622557547325 median=0.16775400800692503 global_scale=1
ATTR_RADIUS o=265 raw_norm=36415.427950731799 norm=70.355140831068852 radius=17308.622557547325 next_radius=17308.622557547325 lambda=8.3523252170303966e-07 next_lambda=8.3523252170303966e-07 rho=1.0033214826634786 accept=1
CLASSICAL_LM o=265 lambda=8.3523252170303966e-07 tau=8.3523252170303966e-07 prediction=18.619057118784635 rho=1.0033214826634786 accept=1
  MFCG it 266 cost=1.776788e+06 lam=8.352e-07 tau=0.00e+00 cg_it=1 shift=0 ckpt=2 alpha=0 acc mv=755
PCG_PREP o=266 rebuild=1 drift=0 previous_depth=2
E2_CAP o=266 retry=0 touched=140 ncam=3068 raw=36390.555900157437 capped=54.943119384489755 radius=17308.622557547325 median=0.13284315892119664 global_scale=1
ATTR_RADIUS o=266 raw_norm=36390.555900157458 norm=54.94311938448984 radius=17308.622557547325 next_radius=17308.622557547325 lambda=8.3523252170303966e-07 next_lambda=8.3523252170303966e-07 rho=1.0008310740392372 accept=1
CLASSICAL_LM o=266 lambda=8.3523252170303966e-07 tau=8.3523252170303966e-07 prediction=48.381469108905414 rho=1.0008310740392372 accept=1
  MFCG it 267 cost=1.776740e+06 lam=8.352e-07 tau=0.00e+00 cg_it=1 shift=0 ckpt=2 alpha=0 acc mv=758
PCG_PREP o=267 rebuild=1 drift=0 previous_depth=2
E2_CAP o=267 retry=0 touched=257 ncam=3068 raw=28030.098271769126 capped=70.276989000574147 radius=17308.622557547325 median=0.12934031751159508 global_scale=1
ATTR_RADIUS o=267 raw_norm=28030.098271769126 norm=70.276989000574133 radius=17308.622557547325 next_radius=17308.622557547325 lambda=8.3523252170303966e-07 next_lambda=8.3523252170303966e-07 rho=1.000117865331227 accept=1
CLASSICAL_LM o=267 lambda=8.3523252170303966e-07 tau=8.3523252170303966e-07 prediction=122.41362827719438 rho=1.000117865331227 accept=1
  MFCG it 268 cost=1.776617e+06 lam=8.352e-07 tau=0.00e+00 cg_it=0 shift=0 ckpt=1 alpha=0 acc mv=760
PCG_PREP o=268 rebuild=1 drift=0 previous_depth=1
E2_CAP o=268 retry=0 touched=146 ncam=3068 raw=36432.732355143729 capped=111.8212907252214 radius=17308.622557547325 median=0.24186318150744909 global_scale=1
POINT_SAFE o=268 frozen=193 slope=-33.685257277414884 candidate=1776619.8406617471 original=1776609.5896567698 current=1776617.4020044201 won=0 mode=1 camera_scale=1 keep_scale=0
ATTR_RADIUS o=268 raw_norm=36432.73235514378 norm=55.910645362610779 radius=17308.622557547325 next_radius=17308.622557547325 lambda=8.3523252170303966e-07 next_lambda=8.3523252170303966e-07 rho=0.99886513855582926 accept=1
CLASSICAL_LM o=268 lambda=8.3523252170303966e-07 tau=8.3523252170303966e-07 prediction=7.82122365546795 rho=0.99886513855582926 accept=1
  MFCG it 269 cost=1.776610e+06 lam=8.352e-07 tau=0.00e+00 cg_it=1 shift=0 ckpt=2 alpha=0 acc mv=763
PCG_PREP o=269 rebuild=1 drift=0 previous_depth=2
E2_CAP o=269 retry=0 touched=141 ncam=3068 raw=36410.573773925134 capped=69.663542377005669 radius=17308.622557547325 median=0.16610006006766503 global_scale=1
ATTR_RADIUS o=269 raw_norm=36410.57377392512 norm=69.663542377005584 radius=17308.622557547325 next_radius=17308.622557547325 lambda=8.3523252170303966e-07 next_lambda=8.3523252170303966e-07 rho=1.0034843684279158 accept=1
CLASSICAL_LM o=269 lambda=8.3523252170303966e-07 tau=8.3523252170303966e-07 prediction=17.736894773800216 rho=1.0034843684279158 accept=1
  MFCG it 270 cost=1.776592e+06 lam=8.352e-07 tau=0.00e+00 cg_it=1 shift=0 ckpt=2 alpha=0 acc mv=766
PCG_PREP o=270 rebuild=1 drift=0 previous_depth=2
E2_CAP o=270 retry=0 touched=140 ncam=3068 raw=36386.184830468264 capped=54.14745950235632 radius=17308.622557547325 median=0.13094583207204891 global_scale=1
ATTR_RADIUS o=270 raw_norm=36386.184830468228 norm=54.147459502356284 radius=17308.622557547325 next_radius=17308.622557547325 lambda=8.3523252170303966e-07 next_lambda=8.3523252170303966e-07 rho=1.0008352392700797 accept=1
CLASSICAL_LM o=270 lambda=8.3523252170303966e-07 tau=8.3523252170303966e-07 prediction=47.591282367091054 rho=1.0008352392700797 accept=1
  MFCG it 271 cost=1.776544e+06 lam=8.352e-07 tau=0.00e+00 cg_it=1 shift=0 ckpt=2 alpha=0 acc mv=769
PCG_PREP o=271 rebuild=1 drift=0 previous_depth=2
E2_CAP o=271 retry=0 touched=257 ncam=3068 raw=28026.439110697615 capped=69.89473155375839 radius=17308.622557547325 median=0.1284124381172902 global_scale=1
ATTR_RADIUS o=271 raw_norm=28026.439110697633 norm=69.894731553758476 radius=17308.622557547325 next_radius=17308.622557547325 lambda=8.3523252170303966e-07 next_lambda=8.3523252170303966e-07 rho=1.000088561378526 accept=1
CLASSICAL_LM o=271 lambda=8.3523252170303966e-07 tau=8.3523252170303966e-07 prediction=121.51889987402058 rho=1.000088561378526 accept=1
  MFCG it 272 cost=1.776423e+06 lam=8.352e-07 tau=0.00e+00 cg_it=0 shift=0 ckpt=1 alpha=0 acc mv=771
PCG_PREP o=272 rebuild=1 drift=0 previous_depth=1
E2_CAP o=272 retry=0 touched=147 ncam=3068 raw=36429.082443852443 capped=110.67896482693681 radius=17308.622557547325 median=0.23853316600445706 global_scale=1
POINT_SAFE o=272 frozen=191 slope=-32.429575896910194 candidate=1776426.1351995391 original=1776415.3984101296 current=1776422.6302658895 won=0 mode=1 camera_scale=1 keep_scale=0
ATTR_RADIUS o=272 raw_norm=36429.082443852451 norm=55.339482413468325 radius=17308.622557547325 next_radius=17308.622557547325 lambda=8.3523252170303966e-07 next_lambda=8.3523252170303966e-07 rho=0.99869311196579491 accept=1
CLASSICAL_LM o=272 lambda=8.3523252170303966e-07 tau=8.3523252170303966e-07 prediction=7.2413193534777278 rho=0.99869311196579491 accept=1
  MFCG it 273 cost=1.776415e+06 lam=8.352e-07 tau=0.00e+00 cg_it=1 shift=0 ckpt=2 alpha=0 acc mv=774
PCG_PREP o=273 rebuild=1 drift=0 previous_depth=2
E2_CAP o=273 retry=0 touched=140 ncam=3068 raw=36405.898468455067 capped=69.16862812641574 radius=17308.622557547325 median=0.16509303662544877 global_scale=1
ATTR_RADIUS o=273 raw_norm=36405.898468455052 norm=69.168628126415726 radius=17308.622557547325 next_radius=17308.622557547325 lambda=8.3523252170303966e-07 next_lambda=8.3523252170303966e-07 rho=1.0036143052105984 accept=1
CLASSICAL_LM o=273 lambda=8.3523252170303966e-07 tau=8.3523252170303966e-07 prediction=17.091429826753025 rho=1.0036143052105984 accept=1
  MFCG it 274 cost=1.776398e+06 lam=8.352e-07 tau=0.00e+00 cg_it=1 shift=0 ckpt=2 alpha=0 acc mv=777
PCG_PREP o=274 rebuild=1 drift=0 previous_depth=2
E2_CAP o=274 retry=0 touched=139 ncam=3068 raw=36381.572000092827 capped=53.310389093072224 radius=17308.622557547325 median=0.12872357886882838 global_scale=1
ATTR_RADIUS o=274 raw_norm=36381.572000092805 norm=53.310389093072253 radius=17308.622557547325 next_radius=17308.622557547325 lambda=8.3523252170303966e-07 next_lambda=8.3523252170303966e-07 rho=1.0008510682257041 accept=1
CLASSICAL_LM o=274 lambda=8.3523252170303966e-07 tau=8.3523252170303966e-07 prediction=46.533956112982011 rho=1.0008510682257041 accept=1
  MFCG it 275 cost=1.776352e+06 lam=8.352e-07 tau=0.00e+00 cg_it=1 shift=0 ckpt=2 alpha=0 acc mv=780
PCG_PREP o=275 rebuild=1 drift=0 previous_depth=2
E2_CAP o=275 retry=0 touched=258 ncam=3068 raw=28023.825926254689 capped=69.428733345935342 radius=17308.622557547325 median=0.12744453546678844 global_scale=1
ATTR_RADIUS o=275 raw_norm=28023.825926254682 norm=69.428733345935413 radius=17308.622557547325 next_radius=17308.622557547325 lambda=8.3523252170303966e-07 next_lambda=8.3523252170303966e-07 rho=1.0000759594290662 accept=1
CLASSICAL_LM o=275 lambda=8.3523252170303966e-07 tau=8.3523252170303966e-07 prediction=120.61518885873711 rho=1.0000759594290662 accept=1
  MFCG it 276 cost=1.776231e+06 lam=8.352e-07 tau=0.00e+00 cg_it=0 shift=0 ckpt=1 alpha=0 acc mv=782
PCG_PREP o=276 rebuild=1 drift=0 previous_depth=1
E2_CAP o=276 retry=0 touched=146 ncam=3068 raw=36423.041409573394 capped=109.39513452024102 radius=17308.622557547325 median=0.23533054052494215 global_scale=1
POINT_SAFE o=276 frozen=193 slope=-31.247429622545106 candidate=1776235.5378743252 original=1776224.3574307293 current=1776231.0472962549 won=0 mode=1 camera_scale=1 keep_scale=0
ATTR_RADIUS o=276 raw_norm=36423.041409573401 norm=54.697567260120593 radius=17308.622557547325 next_radius=17308.622557547325 lambda=8.3523252170303966e-07 next_lambda=8.3523252170303966e-07 rho=0.99858119190499128 accept=1
CLASSICAL_LM o=276 lambda=8.3523252170303966e-07 tau=8.3523252170303966e-07 prediction=6.6993706468843435 rho=0.99858119190499128 accept=1
  MFCG it 277 cost=1.776224e+06 lam=8.352e-07 tau=0.00e+00 cg_it=1 shift=0 ckpt=2 alpha=0 acc mv=785
PCG_PREP o=277 rebuild=1 drift=0 previous_depth=2
E2_CAP o=277 retry=0 touched=139 ncam=3068 raw=36400.281330759986 capped=68.323230741010093 radius=17308.622557547325 median=0.16303761596884006 global_scale=1
ATTR_RADIUS o=277 raw_norm=36400.281330760001 norm=68.323230741010107 radius=17308.622557547325 next_radius=17308.622557547325 lambda=8.3523252170303966e-07 next_lambda=8.3523252170303966e-07 rho=1.0037621107015657 accept=1
CLASSICAL_LM o=277 lambda=8.3523252170303966e-07 tau=8.3523252170303966e-07 prediction=16.298878429674176 rho=1.0037621107015657 accept=1
  MFCG it 278 cost=1.776208e+06 lam=8.352e-07 tau=0.00e+00 cg_it=1 shift=0 ckpt=2 alpha=0 acc mv=788
PCG_PREP o=278 rebuild=1 drift=0 previous_depth=2
E2_CAP o=278 retry=0 touched=139 ncam=3068 raw=36375.678155253976 capped=52.57217352775465 radius=17308.622557547325 median=0.12702430080974092 global_scale=1
ATTR_RADIUS o=278 raw_norm=36375.678155253983 norm=52.572173527754629 radius=17308.622557547325 next_radius=17308.622557547325 lambda=8.3523252170303966e-07 next_lambda=8.3523252170303966e-07 rho=1.0008564988238142 accept=1
CLASSICAL_LM o=278 lambda=8.3523252170303966e-07 tau=8.3523252170303966e-07 prediction=45.757804290940534 rho=1.0008564988238142 accept=1
  MFCG it 279 cost=1.776162e+06 lam=8.352e-07 tau=0.00e+00 cg_it=1 shift=0 ckpt=2 alpha=0 acc mv=791
PCG_PREP o=279 rebuild=1 drift=0 previous_depth=2
E2_CAP o=279 retry=0 touched=141 ncam=3068 raw=36384.452322680467 capped=46.323746671813417 radius=17308.622557547325 median=0.11081379313804092 global_scale=1
ATTR_RADIUS o=279 raw_norm=36384.452322680438 norm=46.323746671813396 radius=17308.622557547325 next_radius=17308.622557547325 lambda=8.3523252170303966e-07 next_lambda=8.3523252170303966e-07 rho=1.0008570698480828 accept=1
CLASSICAL_LM o=279 lambda=8.3523252170303966e-07 tau=8.3523252170303966e-07 prediction=36.784473688175268 rho=1.0008570698480828 accept=1
  MFCG it 280 cost=1.776125e+06 lam=8.352e-07 tau=0.00e+00 cg_it=1 shift=0 ckpt=2 alpha=0 acc mv=794
PCG_PREP o=280 rebuild=1 drift=0 previous_depth=2
E2_CAP o=280 retry=0 touched=263 ncam=3068 raw=27989.979347670916 capped=72.407746168354834 radius=17308.622557547325 median=0.13269452176234714 global_scale=1
ATTR_RADIUS o=280 raw_norm=27989.979347670935 norm=72.40774616835489 radius=17308.622557547325 next_radius=17308.622557547325 lambda=8.3523252170303966e-07 next_lambda=8.3523252170303966e-07 rho=1.0000774180069318 accept=1
CLASSICAL_LM o=280 lambda=8.3523252170303966e-07 tau=8.3523252170303966e-07 prediction=126.7716188339792 rho=1.0000774180069318 accept=1
  MFCG it 281 cost=1.775999e+06 lam=8.352e-07 tau=0.00e+00 cg_it=0 shift=0 ckpt=1 alpha=0 acc mv=796
PCG_PREP o=281 rebuild=1 drift=0 previous_depth=1
E2_CAP o=281 retry=0 touched=134 ncam=3068 raw=36417.09281978121 capped=108.45602649474313 radius=17308.622557547325 median=0.23521015032114317 global_scale=1
POINT_SAFE o=281 frozen=192 slope=-30.032605773938265 candidate=1776004.1911868579 original=1775992.4911225862 current=1775998.6028045267 won=0 mode=1 camera_scale=1 keep_scale=0
ATTR_RADIUS o=281 raw_norm=36417.092819781203 norm=54.228013247371706 radius=17308.622557547325 next_radius=17308.622557547325 lambda=8.3523252170303966e-07 next_lambda=8.3523252170303966e-07 rho=0.99843040005698769 accept=1
CLASSICAL_LM o=281 lambda=8.3523252170303966e-07 tau=8.3523252170303966e-07 prediction=6.1212899168042707 rho=0.99843040005698769 accept=1
  MFCG it 282 cost=1.775992e+06 lam=8.352e-07 tau=0.00e+00 cg_it=1 shift=0 ckpt=2 alpha=0 acc mv=799
PCG_PREP o=282 rebuild=1 drift=0 previous_depth=2
E2_CAP o=282 retry=0 touched=136 ncam=3068 raw=36394.571436681421 capped=66.742528715627671 radius=17308.622557547325 median=0.15962668094648014 global_scale=1
ATTR_RADIUS o=282 raw_norm=36394.571436681428 norm=66.742528715627586 radius=17308.622557547325 next_radius=17308.622557547325 lambda=8.3523252170303966e-07 next_lambda=8.3523252170303966e-07 rho=1.0040293761253536 accept=1
CLASSICAL_LM o=282 lambda=8.3523252170303966e-07 tau=8.3523252170303966e-07 prediction=15.005243402497936 rho=1.0040293761253536 accept=1
  MFCG it 283 cost=1.775977e+06 lam=8.352e-07 tau=0.00e+00 cg_it=1 shift=0 ckpt=2 alpha=0 acc mv=802
PCG_PREP o=283 rebuild=1 drift=0 previous_depth=2
E2_CAP o=283 retry=0 touched=139 ncam=3068 raw=36370.758140595361 capped=51.195488930577397 radius=17308.622557547325 median=0.1244642925097284 global_scale=1
ATTR_RADIUS o=283 raw_norm=36370.758140595368 norm=51.195488930577405 radius=17308.622557547325 next_radius=17308.622557547325 lambda=8.3523252170303966e-07 next_lambda=8.3523252170303966e-07 rho=1.0008682213297071 accept=1
CLASSICAL_LM o=283 lambda=8.3523252170303966e-07 tau=8.3523252170303966e-07 prediction=44.902845273374737 rho=1.0008682213297071 accept=1
  MFCG it 284 cost=1.775932e+06 lam=8.352e-07 tau=0.00e+00 cg_it=1 shift=0 ckpt=2 alpha=0 acc mv=805
PCG_PREP o=284 rebuild=1 drift=0 previous_depth=2
E2_CAP o=284 retry=0 touched=262 ncam=3068 raw=28004.197112053203 capped=68.962841270476588 radius=17308.622557547325 median=0.12674817031971175 global_scale=1
ATTR_RADIUS o=284 raw_norm=28004.197112053178 norm=68.962841270476645 radius=17308.622557547325 next_radius=17308.622557547325 lambda=8.3523252170303966e-07 next_lambda=8.3523252170303966e-07 rho=1.0000393176173672 accept=1
CLASSICAL_LM o=284 lambda=8.3523252170303966e-07 tau=8.3523252170303966e-07 prediction=119.87790985741043 rho=1.0000393176173672 accept=1
  MFCG it 285 cost=1.775813e+06 lam=8.352e-07 tau=0.00e+00 cg_it=0 shift=0 ckpt=1 alpha=0 acc mv=807
PCG_PREP o=285 rebuild=1 drift=0 previous_depth=1
E2_CAP o=285 retry=0 touched=144 ncam=3068 raw=36412.483226646473 capped=107.56039996827468 radius=17308.622557547325 median=0.23130399971396792 global_scale=1
POINT_SAFE o=285 frozen=198 slope=-29.188708357128768 candidate=1775818.970834618 original=1775806.8957535697 current=1775812.6009633616 won=0 mode=1 camera_scale=1 keep_scale=0
ATTR_RADIUS o=285 raw_norm=36412.483226646473 norm=53.780199984137354 radius=17308.622557547325 next_radius=17308.622557547325 lambda=8.3523252170303966e-07 next_lambda=8.3523252170303966e-07 rho=0.99840137336290824 accept=1
CLASSICAL_LM o=285 lambda=8.3523252170303966e-07 tau=8.3523252170303966e-07 prediction=5.7143448958571863 rho=0.99840137336290824 accept=1
  MFCG it 286 cost=1.775807e+06 lam=8.352e-07 tau=0.00e+00 cg_it=1 shift=0 ckpt=2 alpha=0 acc mv=810
PCG_PREP o=286 rebuild=1 drift=0 previous_depth=2
E2_CAP o=286 retry=0 touched=138 ncam=3068 raw=36388.682727085761 capped=65.80698612752083 radius=17308.622557547325 median=0.15665344065822184 global_scale=1
ATTR_RADIUS o=286 raw_norm=36388.682727085768 norm=65.806986127520815 radius=17308.622557547325 next_radius=17308.622557547325 lambda=8.3523252170303966e-07 next_lambda=8.3523252170303966e-07 rho=1.004258495431823 accept=1
CLASSICAL_LM o=286 lambda=8.3523252170303966e-07 tau=8.3523252170303966e-07 prediction=14.106811720774628 rho=1.004258495431823 accept=1
  MFCG it 287 cost=1.775793e+06 lam=8.352e-07 tau=0.00e+00 cg_it=1 shift=0 ckpt=2 alpha=0 acc mv=813
PCG_PREP o=287 rebuild=1 drift=0 previous_depth=2
E2_CAP o=287 retry=0 touched=137 ncam=3068 raw=36363.418206305236 capped=51.292894114357615 radius=17308.622557547325 median=0.12458226600871508 global_scale=1
ATTR_RADIUS o=287 raw_norm=36363.418206305236 norm=51.292894114357622 radius=17308.622557547325 next_radius=17308.622557547325 lambda=8.3523252170303966e-07 next_lambda=8.3523252170303966e-07 rho=1.0008894804611677 accept=1
CLASSICAL_LM o=287 lambda=8.3523252170303966e-07 tau=8.3523252170303966e-07 prediction=44.364306950098033 rho=1.0008894804611677 accept=1
  MFCG it 288 cost=1.775748e+06 lam=8.352e-07 tau=0.00e+00 cg_it=1 shift=0 ckpt=2 alpha=0 acc mv=816
PCG_PREP o=288 rebuild=1 drift=0 previous_depth=2
E2_CAP o=288 retry=0 touched=261 ncam=3068 raw=28007.946699284414 capped=68.93792373541784 radius=17308.622557547325 median=0.12668886019571196 global_scale=1
ATTR_RADIUS o=288 raw_norm=28007.946699284421 norm=68.937923735417769 radius=17308.622557547325 next_radius=17308.622557547325 lambda=8.3523252170303966e-07 next_lambda=8.3523252170303966e-07 rho=1.0000529900483985 accept=1
CLASSICAL_LM o=288 lambda=8.3523252170303966e-07 tau=8.3523252170303966e-07 prediction=119.55017950895601 rho=1.0000529900483985 accept=1
  MFCG it 289 cost=1.775629e+06 lam=8.352e-07 tau=0.00e+00 cg_it=0 shift=0 ckpt=1 alpha=0 acc mv=818
PCG_PREP o=289 rebuild=1 drift=0 previous_depth=1
E2_CAP o=289 retry=0 touched=144 ncam=3068 raw=36404.017050872957 capped=106.76579892417315 radius=17308.622557547325 median=0.22902870905952666 global_scale=1
POINT_SAFE o=289 frozen=197 slope=-28.316324924769777 candidate=1775636.0698155095 original=1775623.5143192057 current=1775628.7685854426 won=0 mode=1 camera_scale=1 keep_scale=0
ATTR_RADIUS o=289 raw_norm=36404.017050872964 norm=53.382899462086527 radius=17308.622557547325 next_radius=17308.622557547325 lambda=8.3523252170303966e-07 next_lambda=8.3523252170303966e-07 rho=0.99829159222734476 accept=1
CLASSICAL_LM o=289 lambda=8.3523252170303966e-07 tau=8.3523252170303966e-07 prediction=5.2632580278329737 rho=0.99829159222734476 accept=1
  MFCG it 290 cost=1.775624e+06 lam=8.352e-07 tau=0.00e+00 cg_it=1 shift=0 ckpt=2 alpha=0 acc mv=821
PCG_PREP o=290 rebuild=1 drift=0 previous_depth=2
E2_CAP o=290 retry=0 touched=137 ncam=3068 raw=36380.407259510415 capped=65.019722066079822 radius=17308.622557547325 median=0.15437922521206535 global_scale=1
ATTR_RADIUS o=290 raw_norm=36380.407259510466 norm=65.019722066079979 radius=17308.622557547325 next_radius=17308.622557547325 lambda=8.3523252170303966e-07 next_lambda=8.3523252170303966e-07 rho=1.0045433579994065 accept=1
CLASSICAL_LM o=290 lambda=8.3523252170303966e-07 tau=8.3523252170303966e-07 prediction=13.135212648820477 rho=1.0045433579994065 accept=1
  MFCG it 291 cost=1.775610e+06 lam=8.352e-07 tau=0.00e+00 cg_it=1 shift=0 ckpt=2 alpha=0 acc mv=824
PCG_PREP o=291 rebuild=1 drift=0 previous_depth=2
E2_CAP o=291 retry=0 touched=138 ncam=3068 raw=36355.349520349424 capped=50.540256433920909 radius=17308.622557547325 median=0.1224489619406921 global_scale=1
ATTR_RADIUS o=291 raw_norm=36355.349520349424 norm=50.54025643392098 radius=17308.622557547325 next_radius=17308.622557547325 lambda=8.3523252170303966e-07 next_lambda=8.3523252170303966e-07 rho=1.0008874816758684 accept=1
CLASSICAL_LM o=291 lambda=8.3523252170303966e-07 tau=8.3523252170303966e-07 prediction=43.556101651725442 rho=1.0008874816758684 accept=1
  MFCG it 292 cost=1.775567e+06 lam=8.352e-07 tau=0.00e+00 cg_it=1 shift=0 ckpt=2 alpha=0 acc mv=827
PCG_PREP o=292 rebuild=1 drift=0 previous_depth=2
E2_CAP o=292 retry=0 touched=141 ncam=3068 raw=36362.573573805566 capped=44.21911449068196 radius=17308.622557547325 median=0.10600884352774582 global_scale=1
ATTR_RADIUS o=292 raw_norm=36362.573573805588 norm=44.219114490681996 radius=17308.622557547325 next_radius=17308.622557547325 lambda=8.3523252170303966e-07 next_lambda=8.3523252170303966e-07 rho=1.0009161070628161 accept=1
CLASSICAL_LM o=292 lambda=8.3523252170303966e-07 tau=8.3523252170303966e-07 prediction=34.572812536380965 rho=1.0009161070628161 accept=1
  MFCG it 293 cost=1.775532e+06 lam=8.352e-07 tau=0.00e+00 cg_it=1 shift=0 ckpt=2 alpha=0 acc mv=830
PCG_PREP o=293 rebuild=1 drift=0 previous_depth=2
E2_CAP o=293 retry=0 touched=263 ncam=3068 raw=27983.049020549042 capped=71.326211324151416 radius=17308.622557547325 median=0.1306546675641384 global_scale=1
ATTR_RADIUS o=293 raw_norm=27983.049020549093 norm=71.32621132415143 radius=17308.622557547325 next_radius=17308.622557547325 lambda=8.3523252170303966e-07 next_lambda=8.3523252170303966e-07 rho=1.0000224003804501 accept=1
CLASSICAL_LM o=293 lambda=8.3523252170303966e-07 tau=8.3523252170303966e-07 prediction=124.66904806900777 rho=1.0000224003804501 accept=1
  MFCG it 294 cost=1.775407e+06 lam=8.352e-07 tau=0.00e+00 cg_it=0 shift=0 ckpt=1 alpha=0 acc mv=832
PCG_PREP o=294 rebuild=1 drift=0 previous_depth=1
E2_CAP o=294 retry=0 touched=133 ncam=3068 raw=36394.557351823394 capped=105.10841494054276 radius=17308.622557547325 median=0.22704947171220732 global_scale=1
POINT_SAFE o=294 frozen=187 slope=-26.99222945055654 candidate=1775415.6762595677 original=1775402.7566523813 current=1775407.4483460523 won=0 mode=1 camera_scale=1 keep_scale=0
ATTR_RADIUS o=294 raw_norm=36394.557351823445 norm=52.55420747027155 radius=17308.622557547325 next_radius=17308.622557547325 lambda=8.3523252170303966e-07 next_lambda=8.3523252170303966e-07 rho=0.99807767290169169 accept=1
CLASSICAL_LM o=294 lambda=8.3523252170303966e-07 tau=8.3523252170303966e-07 prediction=4.7007300117310695 rho=0.99807767290169169 accept=1
  MFCG it 295 cost=1.775403e+06 lam=8.352e-07 tau=0.00e+00 cg_it=1 shift=0 ckpt=2 alpha=0 acc mv=835
PCG_PREP o=295 rebuild=1 drift=0 previous_depth=2
E2_CAP o=295 retry=0 touched=133 ncam=3068 raw=36371.780564683744 capped=63.61443543387611 radius=17308.622557547325 median=0.15171767202019151 global_scale=1
ATTR_RADIUS o=295 raw_norm=36371.780564683722 norm=63.614435433876025 radius=17308.622557547325 next_radius=17308.622557547325 lambda=8.3523252170303966e-07 next_lambda=8.3523252170303966e-07 rho=1.0045938243729098 accept=1
CLASSICAL_LM o=295 lambda=8.3523252170303966e-07 tau=8.3523252170303966e-07 prediction=12.234579093706781 rho=1.0045938243729098 accept=1
  MFCG it 296 cost=1.775390e+06 lam=8.352e-07 tau=0.00e+00 cg_it=1 shift=0 ckpt=2 alpha=0 acc mv=838
PCG_PREP o=296 rebuild=1 drift=0 previous_depth=2
E2_CAP o=296 retry=0 touched=137 ncam=3068 raw=36347.086578591247 capped=49.133781523173887 radius=17308.622557547325 median=0.11985544916083887 global_scale=1
ATTR_RADIUS o=296 raw_norm=36347.086578591247 norm=49.133781523173859 radius=17308.622557547325 next_radius=17308.622557547325 lambda=8.3523252170303966e-07 next_lambda=8.3523252170303966e-07 rho=1.0008331256443412 accept=1
CLASSICAL_LM o=296 lambda=8.3523252170303966e-07 tau=8.3523252170303966e-07 prediction=42.575818987930646 rho=1.0008331256443412 accept=1
  MFCG it 297 cost=1.775348e+06 lam=8.352e-07 tau=0.00e+00 cg_it=1 shift=0 ckpt=2 alpha=0 acc mv=841
PCG_PREP o=297 rebuild=1 drift=0 previous_depth=2
E2_CAP o=297 retry=0 touched=140 ncam=3068 raw=36354.444759222242 capped=43.101389050363665 radius=17308.622557547325 median=0.10412500535751879 global_scale=1
ATTR_RADIUS o=297 raw_norm=36354.444759222242 norm=43.101389050363721 radius=17308.622557547325 next_radius=17308.622557547325 lambda=8.3523252170303966e-07 next_lambda=8.3523252170303966e-07 rho=1.0008707999781592 accept=1
CLASSICAL_LM o=297 lambda=8.3523252170303966e-07 tau=8.3523252170303966e-07 prediction=33.863511633312527 rho=1.0008707999781592 accept=1
  MFCG it 298 cost=1.775314e+06 lam=8.352e-07 tau=0.00e+00 cg_it=1 shift=0 ckpt=2 alpha=0 acc mv=844
PCG_PREP o=298 rebuild=1 drift=0 previous_depth=2
E2_CAP o=298 retry=0 touched=266 ncam=3068 raw=27972.428672509774 capped=70.879801442675401 radius=17308.622557547325 median=0.12960270189381198 global_scale=1
ATTR_RADIUS o=298 raw_norm=27972.42867250977 norm=70.879801442675074 radius=17308.622557547325 next_radius=17308.622557547325 lambda=8.3523252170303966e-07 next_lambda=8.3523252170303966e-07 rho=0.99999806623846632 accept=1
CLASSICAL_LM o=298 lambda=8.3523252170303966e-07 tau=8.3523252170303966e-07 prediction=123.80500392344476 rho=0.99999806623846632 accept=1
  MFCG it 299 cost=1.775190e+06 lam=8.352e-07 tau=0.00e+00 cg_it=0 shift=0 ckpt=1 alpha=0 acc mv=846
PCG_PREP o=299 rebuild=1 drift=0 previous_depth=1
E2_CAP o=299 retry=0 touched=135 ncam=3068 raw=36386.148591492158 capped=104.30451534186787 radius=17308.622557547325 median=0.22490536755611348 global_scale=1
POINT_SAFE o=299 frozen=186 slope=-26.192086952431627 candidate=1775198.9857909877 original=1775185.8154799079 current=1775190.1568152928 won=0 mode=1 camera_scale=1 keep_scale=0
ATTR_RADIUS o=299 raw_norm=36386.148591492143 norm=52.152257670933885 radius=17308.622557547325 next_radius=17308.622557547325 lambda=8.3523252170303966e-07 next_lambda=8.3523252170303966e-07 rho=0.99773313996377466 accept=1
CLASSICAL_LM o=299 lambda=8.3523252170303966e-07 tau=8.3523252170303966e-07 prediction=4.3511989438691963 rho=0.99773313996377466 accept=1
  MFCG it 300 cost=1.775186e+06 lam=8.352e-07 tau=0.00e+00 cg_it=1 shift=0 ckpt=2 alpha=0 acc mv=849
PCG_PREP o=300 rebuild=1 drift=0 previous_depth=2
E2_CAP o=300 retry=0 touched=131 ncam=3068 raw=36363.514169272377 capped=62.592990313444176 radius=17308.622557547325 median=0.14964874173677239 global_scale=1
ATTR_RADIUS o=300 raw_norm=36363.514169272421 norm=62.592990313444055 radius=17308.622557547325 next_radius=17308.622557547325 lambda=8.3523252170303966e-07 next_lambda=8.3523252170303966e-07 rho=1.0046424859862193 accept=1
CLASSICAL_LM o=300 lambda=8.3523252170303966e-07 tau=8.3523252170303966e-07 prediction=11.510336522863327 rho=1.0046424859862193 accept=1
  MFCG it 301 cost=1.775174e+06 lam=8.352e-07 tau=0.00e+00 cg_it=1 shift=0 ckpt=2 alpha=0 acc mv=852
PCG_PREP o=301 rebuild=1 drift=0 previous_depth=2
E2_CAP o=301 retry=0 touched=135 ncam=3068 raw=36339.863534977216 capped=48.128690687907664 radius=17308.622557547325 median=0.11772317263009263 global_scale=1
ATTR_RADIUS o=301 raw_norm=36339.863534977187 norm=48.128690687907749 radius=17308.622557547325 next_radius=17308.622557547325 lambda=8.3523252170303966e-07 next_lambda=8.3523252170303966e-07 rho=1.0008026611624337 accept=1
CLASSICAL_LM o=301 lambda=8.3523252170303966e-07 tau=8.3523252170303966e-07 prediction=41.6436938276848 rho=1.0008026611624337 accept=1
  MFCG it 302 cost=1.775133e+06 lam=8.352e-07 tau=0.00e+00 cg_it=1 shift=0 ckpt=2 alpha=0 acc mv=855
PCG_PREP o=302 rebuild=1 drift=0 previous_depth=2
E2_CAP o=302 retry=0 touched=262 ncam=3068 raw=27992.262397539111 capped=67.730263165268241 radius=17308.622557547325 median=0.12449403012438535 global_scale=1
ATTR_RADIUS o=302 raw_norm=27992.262397539078 norm=67.730263165268198 radius=17308.622557547325 next_radius=17308.622557547325 lambda=8.3523252170303966e-07 next_lambda=8.3523252170303966e-07 rho=1.0000458910224088 accept=1
CLASSICAL_LM o=302 lambda=8.3523252170303966e-07 tau=8.3523252170303966e-07 prediction=117.57103089732789 rho=1.0000458910224088 accept=1
  MFCG it 303 cost=1.775015e+06 lam=8.352e-07 tau=0.00e+00 cg_it=0 shift=0 ckpt=1 alpha=0 acc mv=857
PCG_PREP o=303 rebuild=1 drift=0 previous_depth=1
E2_CAP o=303 retry=0 touched=141 ncam=3068 raw=36378.656658051019 capped=103.82993541641396 radius=17308.622557547325 median=0.22362327138287386 global_scale=1
POINT_SAFE o=303 frozen=184 slope=-25.871548009080421 candidate=1775024.2123448735 original=1775010.8334165441 current=1775014.9981608535 won=0 mode=1 camera_scale=1 keep_scale=0
ATTR_RADIUS o=303 raw_norm=36378.656658051004 norm=51.91496770820693 radius=17308.622557547325 next_radius=17308.622557547325 lambda=8.3523252170303966e-07 next_lambda=8.3523252170303966e-07 rho=0.99798825382525624 accept=1
CLASSICAL_LM o=303 lambda=8.3523252170303966e-07 tau=8.3523252170303966e-07 prediction=4.1731396070236144 rho=0.99798825382525624 accept=1
  MFCG it 304 cost=1.775011e+06 lam=8.352e-07 tau=0.00e+00 cg_it=1 shift=0 ckpt=2 alpha=0 acc mv=860
PCG_PREP o=304 rebuild=1 drift=0 previous_depth=2
E2_CAP o=304 retry=0 touched=133 ncam=3068 raw=36354.749955721694 capped=61.925648754178809 radius=17308.622557547325 median=0.14733535215750343 global_scale=1
ATTR_RADIUS o=304 raw_norm=36354.749955721665 norm=61.925648754178908 radius=17308.622557547325 next_radius=17308.622557547325 lambda=8.3523252170303966e-07 next_lambda=8.3523252170303966e-07 rho=1.00499300561032 accept=1
CLASSICAL_LM o=304 lambda=8.3523252170303966e-07 tau=8.3523252170303966e-07 prediction=10.665728833306929 rho=1.00499300561032 accept=1
  MFCG it 305 cost=1.775000e+06 lam=8.352e-07 tau=0.00e+00 cg_it=1 shift=0 ckpt=2 alpha=0 acc mv=863
PCG_PREP o=305 rebuild=1 drift=0 previous_depth=2
E2_CAP o=305 retry=0 touched=133 ncam=3068 raw=36329.407800477369 capped=47.71688365449269 radius=17308.622557547325 median=0.11625256851901652 global_scale=1
ATTR_RADIUS o=305 raw_norm=36329.40780047734 norm=47.71688365449274 radius=17308.622557547325 next_radius=17308.622557547325 lambda=8.3523252170303966e-07 next_lambda=8.3523252170303966e-07 rho=1.0008151578131268 accept=1
CLASSICAL_LM o=305 lambda=8.3523252170303966e-07 tau=8.3523252170303966e-07 prediction=40.632658927464071 rho=1.0008151578131268 accept=1
  MFCG it 306 cost=1.774959e+06 lam=8.352e-07 tau=0.00e+00 cg_it=1 shift=0 ckpt=2 alpha=0 acc mv=866
PCG_PREP o=306 rebuild=1 drift=0 previous_depth=2
E2_CAP o=306 retry=0 touched=137 ncam=3068 raw=36335.979543782501 capped=41.789260156164431 radius=17308.622557547325 median=0.10113696776074121 global_scale=1
ATTR_RADIUS o=306 raw_norm=36335.97954378248 norm=41.789260156164467 radius=17308.622557547325 next_radius=17308.622557547325 lambda=8.3523252170303966e-07 next_lambda=8.3523252170303966e-07 rho=1.00084403581435 accept=1
CLASSICAL_LM o=306 lambda=8.3523252170303966e-07 tau=8.3523252170303966e-07 prediction=32.329407050143161 rho=1.00084403581435 accept=1
  MFCG it 307 cost=1.774927e+06 lam=8.352e-07 tau=0.00e+00 cg_it=1 shift=0 ckpt=2 alpha=0 acc mv=869
PCG_PREP o=307 rebuild=1 drift=0 previous_depth=2
E2_CAP o=307 retry=0 touched=266 ncam=3068 raw=27973.14413571874 capped=69.194858149822593 radius=17308.622557547325 median=0.12602120581201223 global_scale=1
ATTR_RADIUS o=307 raw_norm=27973.144135718776 norm=69.194858149822565 radius=17308.622557547325 next_radius=17308.622557547325 lambda=8.3523252170303966e-07 next_lambda=8.3523252170303966e-07 rho=1.0000197429489799 accept=1
CLASSICAL_LM o=307 lambda=8.3523252170303966e-07 tau=8.3523252170303966e-07 prediction=120.79944055917636 rho=1.0000197429489799 accept=1
  MFCG it 308 cost=1.774806e+06 lam=8.352e-07 tau=0.00e+00 cg_it=0 shift=0 ckpt=1 alpha=0 acc mv=871
PCG_PREP o=308 rebuild=1 drift=0 previous_depth=1
E2_CAP o=308 retry=0 touched=131 ncam=3068 raw=36366.265672043577 capped=102.21199249113214 radius=17308.622557547325 median=0.22144721865612937 global_scale=1
POINT_SAFE o=308 frozen=191 slope=-24.926045314814896 candidate=1774815.5004010026 original=1774802.3606958201 current=1774806.2901329861 won=0 mode=1 camera_scale=1 keep_scale=0
ATTR_RADIUS o=308 raw_norm=36366.26567204357 norm=51.105996245566104 radius=17308.622557547325 next_radius=17308.622557547325 lambda=8.3523252170303966e-07 next_lambda=8.3523252170303966e-07 rho=0.9978211595042944 accept=1
CLASSICAL_LM o=308 lambda=8.3523252170303966e-07 tau=8.3523252170303966e-07 prediction=3.9380174780338155 rho=0.9978211595042944 accept=1
  MFCG it 309 cost=1.774802e+06 lam=8.352e-07 tau=0.00e+00 cg_it=1 shift=0 ckpt=2 alpha=0 acc mv=874
PCG_PREP o=309 rebuild=1 drift=0 previous_depth=2
E2_CAP o=309 retry=0 touched=131 ncam=3068 raw=36342.546444526073 capped=60.636143376269963 radius=17308.622557547325 median=0.14496257435336579 global_scale=1
ATTR_RADIUS o=309 raw_norm=36342.546444526059 norm=60.636143376269843 radius=17308.622557547325 next_radius=17308.622557547325 lambda=8.3523252170303966e-07 next_lambda=8.3523252170303966e-07 rho=1.0049726228793627 accept=1
CLASSICAL_LM o=309 lambda=8.3523252170303966e-07 tau=8.3523252170303966e-07 prediction=10.292913873442551 rho=1.0049726228793627 accept=1
  MFCG it 310 cost=1.774792e+06 lam=8.352e-07 tau=0.00e+00 cg_it=1 shift=0 ckpt=2 alpha=0 acc mv=877
PCG_PREP o=310 rebuild=1 drift=0 previous_depth=2
E2_CAP o=310 retry=0 touched=134 ncam=3068 raw=36317.520713619 capped=46.563427593058975 radius=17308.622557547325 median=0.11446491279790463 global_scale=1
ATTR_RADIUS o=310 raw_norm=36317.520713619007 norm=46.563427593059018 radius=17308.622557547325 next_radius=17308.622557547325 lambda=8.3523252170303966e-07 next_lambda=8.3523252170303966e-07 rho=1.0007926960492943 accept=1
CLASSICAL_LM o=310 lambda=8.3523252170303966e-07 tau=8.3523252170303966e-07 prediction=39.881251929749929 rho=1.0007926960492943 accept=1
  MFCG it 311 cost=1.774752e+06 lam=8.352e-07 tau=0.00e+00 cg_it=1 shift=0 ckpt=2 alpha=0 acc mv=880
PCG_PREP o=311 rebuild=1 drift=0 previous_depth=2
E2_CAP o=311 retry=0 touched=137 ncam=3068 raw=36323.911691945839 capped=40.653210951828967 radius=17308.622557547325 median=0.098585483643468502 global_scale=1
ATTR_RADIUS o=311 raw_norm=36323.911691945832 norm=40.653210951828974 radius=17308.622557547325 next_radius=17308.622557547325 lambda=8.3523252170303966e-07 next_lambda=8.3523252170303966e-07 rho=1.0008198743693797 accept=1
CLASSICAL_LM o=311 lambda=8.3523252170303966e-07 tau=8.3523252170303966e-07 prediction=31.382843276579543 rho=1.0008198743693797 accept=1
  MFCG it 312 cost=1.774721e+06 lam=8.352e-07 tau=0.00e+00 cg_it=1 shift=0 ckpt=2 alpha=0 acc mv=883
PCG_PREP o=312 rebuild=1 drift=0 previous_depth=2
E2_CAP o=312 retry=0 touched=266 ncam=3068 raw=27964.877563424219 capped=68.756733178642236 radius=17308.622557547325 median=0.12509232861622033 global_scale=1
ATTR_RADIUS o=312 raw_norm=27964.877563424263 norm=68.756733178642264 radius=17308.622557547325 next_radius=17308.622557547325 lambda=8.3523252170303966e-07 next_lambda=8.3523252170303966e-07 rho=1.0000111600202963 accept=1
CLASSICAL_LM o=312 lambda=8.3523252170303966e-07 tau=8.3523252170303966e-07 prediction=120.01503089533115 rho=1.0000111600202963 accept=1
  MFCG it 313 cost=1.774601e+06 lam=8.352e-07 tau=0.00e+00 cg_it=0 shift=0 ckpt=1 alpha=0 acc mv=885
PCG_PREP o=313 rebuild=1 drift=0 previous_depth=1
E2_CAP o=313 retry=0 touched=131 ncam=3068 raw=36353.498342877952 capped=101.64203051696882 radius=17308.622557547325 median=0.22029040083172896 global_scale=1
POINT_SAFE o=313 frozen=190 slope=-24.361131774684491 candidate=1774610.232914106 original=1774596.9765792359 current=1774600.6787899961 won=0 mode=1 camera_scale=1 keep_scale=0
ATTR_RADIUS o=313 raw_norm=36353.498342877931 norm=50.821015258484501 radius=17308.622557547325 next_radius=17308.622557547325 lambda=8.3523252170303966e-07 next_lambda=8.3523252170303966e-07 rho=0.99775835073675956 accept=1
CLASSICAL_LM o=313 lambda=8.3523252170303966e-07 tau=8.3523252170303966e-07 prediction=3.7105284636063853 rho=0.99775835073675956 accept=1
  MFCG it 314 cost=1.774597e+06 lam=8.352e-07 tau=0.00e+00 cg_it=1 shift=0 ckpt=2 alpha=0 acc mv=888
PCG_PREP o=314 rebuild=1 drift=0 previous_depth=2
E2_CAP o=314 retry=0 touched=130 ncam=3068 raw=36329.981127671381 capped=59.616318519741917 radius=17308.622557547325 median=0.14229701550764928 global_scale=1
ATTR_RADIUS o=314 raw_norm=36329.981127671366 norm=59.616318519742002 radius=17308.622557547325 next_radius=17308.622557547325 lambda=8.3523252170303966e-07 next_lambda=8.3523252170303966e-07 rho=1.0052498415978428 accept=1
CLASSICAL_LM o=314 lambda=8.3523252170303966e-07 tau=8.3523252170303966e-07 prediction=9.504177170306658 rho=1.0052498415978428 accept=1
  MFCG it 315 cost=1.774587e+06 lam=8.352e-07 tau=0.00e+00 cg_it=1 shift=0 ckpt=2 alpha=0 acc mv=891
PCG_PREP o=315 rebuild=1 drift=0 previous_depth=2
E2_CAP o=315 retry=0 touched=135 ncam=3068 raw=36304.478306208737 capped=45.670068117351796 radius=17308.622557547325 median=0.11222416990055933 global_scale=1
ATTR_RADIUS o=315 raw_norm=36304.47830620873 norm=45.670068117351711 radius=17308.622557547325 next_radius=17308.622557547325 lambda=8.3523252170303966e-07 next_lambda=8.3523252170303966e-07 rho=1.0007738861945532 accept=1
CLASSICAL_LM o=315 lambda=8.3523252170303966e-07 tau=8.3523252170303966e-07 prediction=39.022927543173239 rho=1.0007738861945532 accept=1
  MFCG it 316 cost=1.774548e+06 lam=8.352e-07 tau=0.00e+00 cg_it=1 shift=0 ckpt=2 alpha=0 acc mv=894
PCG_PREP o=316 rebuild=1 drift=0 previous_depth=2
E2_CAP o=316 retry=0 touched=136 ncam=3068 raw=36310.688012818464 capped=39.928124561649838 radius=17308.622557547325 median=0.097054287350193405 global_scale=1
ATTR_RADIUS o=316 raw_norm=36310.688012818457 norm=39.928124561649902 radius=17308.622557547325 next_radius=17308.622557547325 lambda=8.3523252170303966e-07 next_lambda=8.3523252170303966e-07 rho=1.0008045458990211 accept=1
CLASSICAL_LM o=316 lambda=8.3523252170303966e-07 tau=8.3523252170303966e-07 prediction=30.597639185623887 rho=1.0008045458990211 accept=1
  MFCG it 317 cost=1.774518e+06 lam=8.352e-07 tau=0.00e+00 cg_it=1 shift=0 ckpt=2 alpha=0 acc mv=897
PCG_PREP o=317 rebuild=1 drift=0 previous_depth=2
E2_CAP o=317 retry=0 touched=267 ncam=3068 raw=27958.699819082918 capped=68.367604124954255 radius=17308.622557547325 median=0.12416888249789054 global_scale=1
ATTR_RADIUS o=317 raw_norm=27958.699819082911 norm=68.36760412495444 radius=17308.622557547325 next_radius=17308.622557547325 lambda=8.3523252170303966e-07 next_lambda=8.3523252170303966e-07 rho=1.0000043903450131 accept=1
CLASSICAL_LM o=317 lambda=8.3523252170303966e-07 tau=8.3523252170303966e-07 prediction=119.19655989980988 rho=1.0000043903450131 accept=1
  MFCG it 318 cost=1.774399e+06 lam=8.352e-07 tau=0.00e+00 cg_it=0 shift=0 ckpt=1 alpha=0 acc mv=899
PCG_PREP o=318 rebuild=1 drift=0 previous_depth=1
E2_CAP o=318 retry=0 touched=132 ncam=3068 raw=36339.226742868159 capped=100.98274729564453 radius=17308.622557547325 median=0.21806207459017754 global_scale=1
POINT_SAFE o=318 frozen=190 slope=-23.634054694801836 candidate=1774408.5891901883 original=1774395.1508487423 current=1774398.5500401882 won=0 mode=1 camera_scale=1 keep_scale=0
ATTR_RADIUS o=318 raw_norm=36339.22674286813 norm=50.491373647822236 radius=17308.622557547325 next_radius=17308.622557547325 lambda=8.3523252170303966e-07 next_lambda=8.3523252170303966e-07 rho=0.99738725295857145 accept=1
CLASSICAL_LM o=318 lambda=8.3523252170303966e-07 tau=8.3523252170303966e-07 prediction=3.4080959384840313 rho=0.99738725295857145 accept=1
  MFCG it 319 cost=1.774395e+06 lam=8.352e-07 tau=0.00e+00 cg_it=1 shift=0 ckpt=2 alpha=0 acc mv=902
PCG_PREP o=319 rebuild=1 drift=0 previous_depth=2
E2_CAP o=319 retry=0 touched=130 ncam=3068 raw=36315.92502023041 capped=58.629941196012396 radius=17308.622557547325 median=0.13962368371694578 global_scale=1
ATTR_RADIUS o=319 raw_norm=36315.92502023041 norm=58.629941196012382 radius=17308.622557547325 next_radius=17308.622557547325 lambda=8.3523252170303966e-07 next_lambda=8.3523252170303966e-07 rho=1.0055870278567405 accept=1
CLASSICAL_LM o=319 lambda=8.3523252170303966e-07 tau=8.3523252170303966e-07 prediction=8.7180942232751057 rho=1.0055870278567405 accept=1
  MFCG it 320 cost=1.774386e+06 lam=8.352e-07 tau=0.00e+00 cg_it=1 shift=0 ckpt=2 alpha=0 acc mv=905
PCG_PREP o=320 rebuild=1 drift=0 previous_depth=2
E2_CAP o=320 retry=0 touched=135 ncam=3068 raw=36289.087119903983 capped=45.049830749292788 radius=17308.622557547325 median=0.11088076467209579 global_scale=1
ATTR_RADIUS o=320 raw_norm=36289.087119903983 norm=45.049830749292816 radius=17308.622557547325 next_radius=17308.622557547325 lambda=8.3523252170303966e-07 next_lambda=8.3523252170303966e-07 rho=1.0007674008134007 accept=1
CLASSICAL_LM o=320 lambda=8.3523252170303966e-07 tau=8.3523252170303966e-07 prediction=38.278569558966254 rho=1.0007674008134007 accept=1
  MFCG it 321 cost=1.774348e+06 lam=8.352e-07 tau=0.00e+00 cg_it=1 shift=0 ckpt=2 alpha=0 acc mv=908
PCG_PREP o=321 rebuild=1 drift=0 previous_depth=2
E2_CAP o=321 retry=0 touched=136 ncam=3068 raw=36294.463114577557 capped=39.011153458758002 radius=17308.622557547325 median=0.094811186587027835 global_scale=1
ATTR_RADIUS o=321 raw_norm=36294.463114577549 norm=39.011153458758031 radius=17308.622557547325 next_radius=17308.622557547325 lambda=8.3523252170303966e-07 next_lambda=8.3523252170303966e-07 rho=1.0007974993780502 accept=1
CLASSICAL_LM o=321 lambda=8.3523252170303966e-07 tau=8.3523252170303966e-07 prediction=29.689092999727098 rho=1.0007974993780502 accept=1
  MFCG it 322 cost=1.774318e+06 lam=8.352e-07 tau=0.00e+00 cg_it=1 shift=0 ckpt=2 alpha=0 acc mv=911
PCG_PREP o=322 rebuild=1 drift=0 previous_depth=2
E2_CAP o=322 retry=0 touched=268 ncam=3068 raw=27954.488484271544 capped=67.95134118944145 radius=17308.622557547325 median=0.12330355277437503 global_scale=1
ATTR_RADIUS o=322 raw_norm=27954.488484271533 norm=67.951341189441521 radius=17308.622557547325 next_radius=17308.622557547325 lambda=8.3523252170303966e-07 next_lambda=8.3523252170303966e-07 rho=1.000005529156186 accept=1
CLASSICAL_LM o=322 lambda=8.3523252170303966e-07 tau=8.3523252170303966e-07 prediction=118.4029236508634 rho=1.000005529156186 accept=1
  MFCG it 323 cost=1.774200e+06 lam=8.352e-07 tau=0.00e+00 cg_it=0 shift=0 ckpt=1 alpha=0 acc mv=913
PCG_PREP o=323 rebuild=1 drift=0 previous_depth=1
E2_CAP o=323 retry=0 touched=130 ncam=3068 raw=36321.914944145516 capped=99.857795519143821 radius=17308.622557547325 median=0.21539477605218638 global_scale=1
POINT_SAFE o=323 frozen=190 slope=-22.823244479382176 candidate=1774210.5558405952 original=1774196.9026100431 current=1774199.9597533674 won=0 mode=1 camera_scale=1 keep_scale=0
ATTR_RADIUS o=323 raw_norm=36321.914944145516 norm=49.928897759571775 radius=17308.622557547325 next_radius=17308.622557547325 lambda=8.3523252170303966e-07 next_lambda=8.3523252170303966e-07 rho=0.99733641604249423 accept=1
CLASSICAL_LM o=323 lambda=8.3523252170303966e-07 tau=8.3523252170303966e-07 prediction=3.0653080295800113 rho=0.99733641604249423 accept=1
  MFCG it 324 cost=1.774197e+06 lam=8.352e-07 tau=0.00e+00 cg_it=1 shift=0 ckpt=2 alpha=0 acc mv=916
PCG_PREP o=324 rebuild=1 drift=0 previous_depth=2
E2_CAP o=324 retry=0 touched=129 ncam=3068 raw=36297.588853479814 capped=57.98710328561328 radius=17308.622557547325 median=0.13798412970712892 global_scale=1
ATTR_RADIUS o=324 raw_norm=36297.588853479814 norm=57.987103285613188 radius=17308.622557547325 next_radius=17308.622557547325 lambda=8.3523252170303966e-07 next_lambda=8.3523252170303966e-07 rho=1.0059101225861851 accept=1
CLASSICAL_LM o=324 lambda=8.3523252170303966e-07 tau=8.3523252170303966e-07 prediction=8.1555110984954275 rho=1.0059101225861851 accept=1
  MFCG it 325 cost=1.774189e+06 lam=8.352e-07 tau=0.00e+00 cg_it=1 shift=0 ckpt=2 alpha=0 acc mv=919
PCG_PREP o=325 rebuild=1 drift=0 previous_depth=2
E2_CAP o=325 retry=0 touched=135 ncam=3068 raw=36270.692634518302 capped=44.30475465408702 radius=17308.622557547325 median=0.10885020154196554 global_scale=1
ATTR_RADIUS o=325 raw_norm=36270.692634518346 norm=44.304754654087056 radius=17308.622557547325 next_radius=17308.622557547325 lambda=8.3523252170303966e-07 next_lambda=8.3523252170303966e-07 rho=1.0007722351123889 accept=1
CLASSICAL_LM o=325 lambda=8.3523252170303966e-07 tau=8.3523252170303966e-07 prediction=37.42834940984649 rho=1.0007722351123889 accept=1
  MFCG it 326 cost=1.774151e+06 lam=8.352e-07 tau=0.00e+00 cg_it=1 shift=0 ckpt=2 alpha=0 acc mv=922
PCG_PREP o=326 rebuild=1 drift=0 previous_depth=2
E2_CAP o=326 retry=0 touched=137 ncam=3068 raw=36275.678857904852 capped=38.29636855535027 radius=17308.622557547325 median=0.093138749758235578 global_scale=1
ATTR_RADIUS o=326 raw_norm=36275.678857904859 norm=38.296368555350249 radius=17308.622557547325 next_radius=17308.622557547325 lambda=8.3523252170303966e-07 next_lambda=8.3523252170303966e-07 rho=1.0007993522104588 accept=1
CLASSICAL_LM o=326 lambda=8.3523252170303966e-07 tau=8.3523252170303966e-07 prediction=28.94567050577794 rho=1.0007993522104588 accept=1
  MFCG it 327 cost=1.774122e+06 lam=8.352e-07 tau=0.00e+00 cg_it=1 shift=0 ckpt=2 alpha=0 acc mv=925
PCG_PREP o=327 rebuild=1 drift=0 previous_depth=2
E2_CAP o=327 retry=0 touched=270 ncam=3068 raw=27951.593328084018 capped=67.496075252751425 radius=17308.622557547325 median=0.12220637310434702 global_scale=1
ATTR_RADIUS o=327 raw_norm=27951.593328084004 norm=67.496075252751339 radius=17308.622557547325 next_radius=17308.622557547325 lambda=8.3523252170303966e-07 next_lambda=8.3523252170303966e-07 rho=1.0000026566357552 accept=1
CLASSICAL_LM o=327 lambda=8.3523252170303966e-07 tau=8.3523252170303966e-07 prediction=117.43615293672131 rho=1.0000026566357552 accept=1
  MFCG it 328 cost=1.774005e+06 lam=8.352e-07 tau=0.00e+00 cg_it=0 shift=0 ckpt=1 alpha=0 acc mv=927
PCG_PREP o=328 rebuild=1 drift=0 previous_depth=1
E2_CAP o=328 retry=0 touched=132 ncam=3068 raw=36302.044911395038 capped=99.181960498712968 radius=17308.622557547325 median=0.21366158797724671 global_scale=1
POINT_SAFE o=328 frozen=187 slope=-22.259652260100864 candidate=1774015.6893827182 original=1774001.9843507919 current=1774004.8363727655 won=0 mode=1 camera_scale=1 keep_scale=0
ATTR_RADIUS o=328 raw_norm=36302.04491139506 norm=49.590980249356562 radius=17308.622557547325 next_radius=17308.622557547325 lambda=8.3523252170303966e-07 next_lambda=8.3523252170303966e-07 rho=0.99705136968991492 accept=1
CLASSICAL_LM o=328 lambda=8.3523252170303966e-07 tau=8.3523252170303966e-07 prediction=2.8604564020278183 rho=0.99705136968991492 accept=1
  MFCG it 329 cost=1.774002e+06 lam=8.352e-07 tau=0.00e+00 cg_it=1 shift=0 ckpt=2 alpha=0 acc mv=930
PCG_PREP o=329 rebuild=1 drift=0 previous_depth=2
E2_CAP o=329 retry=0 touched=129 ncam=3068 raw=36277.253436591258 capped=57.254961312645932 radius=17308.622557547325 median=0.13618378482647872 global_scale=1
ATTR_RADIUS o=329 raw_norm=36277.253436591222 norm=57.254961312645783 radius=17308.622557547325 next_radius=17308.622557547325 lambda=8.3523252170303966e-07 next_lambda=8.3523252170303966e-07 rho=1.0062602469603268 accept=1
CLASSICAL_LM o=329 lambda=8.3523252170303966e-07 tau=8.3523252170303966e-07 prediction=7.6331261710566212 rho=1.0062602469603268 accept=1
  MFCG it 330 cost=1.773994e+06 lam=8.352e-07 tau=0.00e+00 cg_it=1 shift=0 ckpt=2 alpha=0 acc mv=933
PCG_PREP o=330 rebuild=1 drift=0 previous_depth=2
E2_CAP o=330 retry=0 touched=135 ncam=3068 raw=36249.873065250606 capped=43.671776893444786 radius=17308.622557547325 median=0.1072707715151154 global_scale=1
ATTR_RADIUS o=330 raw_norm=36249.873065250642 norm=43.671776893444772 radius=17308.622557547325 next_radius=17308.622557547325 lambda=8.3523252170303966e-07 next_lambda=8.3523252170303966e-07 rho=1.0007842107319971 accept=1
CLASSICAL_LM o=330 lambda=8.3523252170303966e-07 tau=8.3523252170303966e-07 prediction=36.680156305901981 rho=1.0007842107319971 accept=1
  MFCG it 331 cost=1.773958e+06 lam=8.352e-07 tau=0.00e+00 cg_it=1 shift=0 ckpt=2 alpha=0 acc mv=936
PCG_PREP o=331 rebuild=1 drift=0 previous_depth=2
E2_CAP o=331 retry=0 touched=137 ncam=3068 raw=36256.508185034705 capped=37.59258880185731 radius=17308.622557547325 median=0.091540421246974174 global_scale=1
ATTR_RADIUS o=331 raw_norm=36256.508185034698 norm=37.592588801857303 radius=17308.622557547325 next_radius=17308.622557547325 lambda=8.3523252170303966e-07 next_lambda=8.3523252170303966e-07 rho=1.0008061027061674 accept=1
CLASSICAL_LM o=331 lambda=8.3523252170303966e-07 tau=8.3523252170303966e-07 prediction=28.25587887777089 rho=1.0008061027061674 accept=1
  MFCG it 332 cost=1.773929e+06 lam=8.352e-07 tau=0.00e+00 cg_it=1 shift=0 ckpt=2 alpha=0 acc mv=939
PCG_PREP o=332 rebuild=1 drift=0 previous_depth=2
E2_CAP o=332 retry=0 touched=270 ncam=3068 raw=27949.64072897179 capped=67.273347151914223 radius=17308.622557547325 median=0.1217362209809684 global_scale=1
ATTR_RADIUS o=332 raw_norm=27949.640728971823 norm=67.273347151914066 radius=17308.622557547325 next_radius=17308.622557547325 lambda=8.3523252170303966e-07 next_lambda=8.3523252170303966e-07 rho=1.0000046580243422 accept=1
CLASSICAL_LM o=332 lambda=8.3523252170303966e-07 tau=8.3523252170303966e-07 prediction=116.9289407616799 rho=1.0000046580243422 accept=1
  MFCG it 333 cost=1.773812e+06 lam=8.352e-07 tau=0.00e+00 cg_it=0 shift=0 ckpt=1 alpha=0 acc mv=941
PCG_PREP o=333 rebuild=1 drift=0 previous_depth=1
E2_CAP o=333 retry=0 touched=132 ncam=3068 raw=36280.65855111873 capped=98.517797498262041 radius=17308.622557547325 median=0.21209525249511713 global_scale=1
POINT_SAFE o=333 frozen=184 slope=-21.694405703373707 candidate=1773823.6286241212 original=1773809.7729971916 current=1773812.3863766501 won=0 mode=1 camera_scale=1 keep_scale=0
ATTR_RADIUS o=333 raw_norm=36280.65855111873 norm=49.258898749130978 radius=17308.622557547325 next_radius=17308.622557547325 lambda=8.3523252170303966e-07 next_lambda=8.3523252170303966e-07 rho=0.99689745866062174 accept=1
CLASSICAL_LM o=333 lambda=8.3523252170303966e-07 tau=8.3523252170303966e-07 prediction=2.6215128102968102 rho=0.99689745866062174 accept=1
  MFCG it 334 cost=1.773810e+06 lam=8.352e-07 tau=0.00e+00 cg_it=1 shift=0 ckpt=2 alpha=0 acc mv=944
PCG_PREP o=334 rebuild=1 drift=0 previous_depth=2
E2_CAP o=334 retry=0 touched=130 ncam=3068 raw=36257.795892409078 capped=56.318942380200625 radius=17308.622557547325 median=0.1337764020026467 global_scale=1
ATTR_RADIUS o=334 raw_norm=36257.795892409085 norm=56.318942380200653 radius=17308.622557547325 next_radius=17308.622557547325 lambda=8.3523252170303966e-07 next_lambda=8.3523252170303966e-07 rho=1.0068467687909428 accept=1
CLASSICAL_LM o=334 lambda=8.3523252170303966e-07 tau=8.3523252170303966e-07 prediction=6.9086350534446463 rho=1.0068467687909428 accept=1
  MFCG it 335 cost=1.773803e+06 lam=8.352e-07 tau=0.00e+00 cg_it=1 shift=0 ckpt=2 alpha=0 acc mv=947
PCG_PREP o=335 rebuild=1 drift=0 previous_depth=2
E2_CAP o=335 retry=0 touched=133 ncam=3068 raw=36227.838373721133 capped=42.894191442684729 radius=17308.622557547325 median=0.10537292048864269 global_scale=1
ATTR_RADIUS o=335 raw_norm=36227.838373721126 norm=42.894191442684701 radius=17308.622557547325 next_radius=17308.622557547325 lambda=8.3523252170303966e-07 next_lambda=8.3523252170303966e-07 rho=1.0007879847140571 accept=1
CLASSICAL_LM o=335 lambda=8.3523252170303966e-07 tau=8.3523252170303966e-07 prediction=35.870761177281864 rho=1.0007879847140571 accept=1
  MFCG it 336 cost=1.773767e+06 lam=8.352e-07 tau=0.00e+00 cg_it=1 shift=0 ckpt=2 alpha=0 acc mv=950
PCG_PREP o=336 rebuild=1 drift=0 previous_depth=2
E2_CAP o=336 retry=0 touched=136 ncam=3068 raw=36232.755064066892 capped=36.836111013529717 radius=17308.622557547325 median=0.089668646284549555 global_scale=1
ATTR_RADIUS o=336 raw_norm=36232.755064066907 norm=36.836111013529639 radius=17308.622557547325 next_radius=17308.622557547325 lambda=8.3523252170303966e-07 next_lambda=8.3523252170303966e-07 rho=1.0008112056803806 accept=1
CLASSICAL_LM o=336 lambda=8.3523252170303966e-07 tau=8.3523252170303966e-07 prediction=27.4785994161982 rho=1.0008112056803806 accept=1
  MFCG it 337 cost=1.773739e+06 lam=8.352e-07 tau=0.00e+00 cg_it=1 shift=0 ckpt=2 alpha=0 acc mv=953
PCG_PREP o=337 rebuild=1 drift=0 previous_depth=2
E2_CAP o=337 retry=0 touched=268 ncam=3068 raw=27949.450996719926 capped=67.316327358970213 radius=17308.622557547325 median=0.12195955917224674 global_scale=1
ATTR_RADIUS o=337 raw_norm=27949.450996719934 norm=67.316327358970128 radius=17308.622557547325 next_radius=17308.622557547325 lambda=8.3523252170303966e-07 next_lambda=8.3523252170303966e-07 rho=1.0000074506721082 accept=1
CLASSICAL_LM o=337 lambda=8.3523252170303966e-07 tau=8.3523252170303966e-07 prediction=116.93284642113267 rho=1.0000074506721082 accept=1
  MFCG it 338 cost=1.773622e+06 lam=8.352e-07 tau=0.00e+00 cg_it=0 shift=0 ckpt=1 alpha=0 acc mv=955
PCG_PREP o=338 rebuild=1 drift=0 previous_depth=1
E2_CAP o=338 retry=0 touched=133 ncam=3068 raw=36259.63492315889 capped=97.948846117304768 radius=17308.622557547325 median=0.2102567263485417 global_scale=1
POINT_SAFE o=338 frozen=178 slope=-21.027241422220055 candidate=1773634.4002415999 original=1773620.2056572852 current=1773622.483425661 won=0 mode=1 camera_scale=1 keep_scale=0
ATTR_RADIUS o=338 raw_norm=36259.634923158897 norm=48.974423058652434 radius=17308.622557547325 next_radius=17308.622557547325 lambda=8.3523252170303966e-07 next_lambda=8.3523252170303966e-07 rho=0.99657491770342832 accept=1
CLASSICAL_LM o=338 lambda=8.3523252170303966e-07 tau=8.3523252170303966e-07 prediction=2.2855967327240414 rho=0.99657491770342832 accept=1
  MFCG it 339 cost=1.773620e+06 lam=8.352e-07 tau=0.00e+00 cg_it=1 shift=0 ckpt=2 alpha=0 acc mv=958
PCG_PREP o=339 rebuild=1 drift=0 previous_depth=2
E2_CAP o=339 retry=0 touched=131 ncam=3068 raw=36235.040236297624 capped=55.691246547440024 radius=17308.622557547325 median=0.13207192818741359 global_scale=1
ATTR_RADIUS o=339 raw_norm=36235.040236297617 norm=55.691246547439967 radius=17308.622557547325 next_radius=17308.622557547325 lambda=8.3523252170303966e-07 next_lambda=8.3523252170303966e-07 rho=1.0076450295674579 accept=1
CLASSICAL_LM o=339 lambda=8.3523252170303966e-07 tau=8.3523252170303966e-07 prediction=6.1883360985128535 rho=1.0076450295674579 accept=1
  MFCG it 340 cost=1.773614e+06 lam=8.352e-07 tau=0.00e+00 cg_it=1 shift=0 ckpt=2 alpha=0 acc mv=961
PCG_PREP o=340 rebuild=1 drift=0 previous_depth=2
E2_CAP o=340 retry=0 touched=133 ncam=3068 raw=36206.273603587688 capped=42.147884817755632 radius=17308.622557547325 median=0.10339966261091553 global_scale=1
ATTR_RADIUS o=340 raw_norm=36206.273603587739 norm=42.147884817755653 radius=17308.622557547325 next_radius=17308.622557547325 lambda=8.3523252170303966e-07 next_lambda=8.3523252170303966e-07 rho=1.0008033133379941 accept=1
CLASSICAL_LM o=340 lambda=8.3523252170303966e-07 tau=8.3523252170303966e-07 prediction=35.069881267218605 rho=1.0008033133379941 accept=1
  MFCG it 341 cost=1.773579e+06 lam=8.352e-07 tau=0.00e+00 cg_it=1 shift=0 ckpt=2 alpha=0 acc mv=964
PCG_PREP o=341 rebuild=1 drift=0 previous_depth=2
E2_CAP o=341 retry=0 touched=136 ncam=3068 raw=36213.349990602597 capped=36.294918810402407 radius=17308.622557547325 median=0.088562305382727843 global_scale=1
ATTR_RADIUS o=341 raw_norm=36213.349990602634 norm=36.294918810402372 radius=17308.622557547325 next_radius=17308.622557547325 lambda=8.3523252170303966e-07 next_lambda=8.3523252170303966e-07 rho=1.0008258472981533 accept=1
CLASSICAL_LM o=341 lambda=8.3523252170303966e-07 tau=8.3523252170303966e-07 prediction=26.90462836559394 rho=1.0008258472981533 accept=1
  MFCG it 342 cost=1.773552e+06 lam=8.352e-07 tau=0.00e+00 cg_it=1 shift=0 ckpt=2 alpha=0 acc mv=967
PCG_PREP o=342 rebuild=1 drift=0 previous_depth=2
E2_CAP o=342 retry=0 touched=138 ncam=3068 raw=36206.681599003787 capped=33.694288920220863 radius=17308.622557547325 median=0.082287250677937435 global_scale=1
ATTR_RADIUS o=342 raw_norm=36206.681599003787 norm=33.694288920220743 radius=17308.622557547325 next_radius=17308.622557547325 lambda=8.3523252170303966e-07 next_lambda=8.3523252170303966e-07 rho=1.0006031241317956 accept=1
CLASSICAL_LM o=342 lambda=8.3523252170303966e-07 tau=8.3523252170303966e-07 prediction=29.463924908643992 rho=1.0006031241317956 accept=1
  MFCG it 343 cost=1.773522e+06 lam=8.352e-07 tau=0.00e+00 cg_it=1 shift=0 ckpt=2 alpha=0 acc mv=970
PCG_PREP o=343 rebuild=1 drift=0 previous_depth=2
E2_CAP o=343 retry=0 touched=268 ncam=3068 raw=27933.772381114009 capped=66.448486894302846 radius=17308.622557547325 median=0.12051373108410077 global_scale=1
ATTR_RADIUS o=343 raw_norm=27933.772381114009 norm=66.448486894302988 radius=17308.622557547325 next_radius=17308.622557547325 lambda=8.3523252170303966e-07 next_lambda=8.3523252170303966e-07 rho=0.99998001779646728 accept=1
CLASSICAL_LM o=343 lambda=8.3523252170303966e-07 tau=8.3523252170303966e-07 prediction=115.39547702360827 rho=0.99998001779646728 accept=1
  MFCG it 344 cost=1.773407e+06 lam=8.352e-07 tau=0.00e+00 cg_it=0 shift=0 ckpt=1 alpha=0 acc mv=972
PCG_PREP o=344 rebuild=1 drift=0 previous_depth=1
E2_CAP o=344 retry=0 touched=138 ncam=3068 raw=36238.989465329651 capped=97.636863837789889 radius=17308.622557547325 median=0.20901944131959824 global_scale=1
POINT_SAFE o=344 frozen=177 slope=-21.154304045898069 candidate=1773418.9115738778 original=1773404.7417494254 current=1773407.0702438429 won=0 mode=1 camera_scale=1 keep_scale=0
ATTR_RADIUS o=344 raw_norm=36238.989465329643 norm=48.818431918894959 radius=17308.622557547325 next_radius=17308.622557547325 lambda=8.3523252170303966e-07 next_lambda=8.3523252170303966e-07 rho=0.99640719437468195 accept=1
CLASSICAL_LM o=344 lambda=8.3523252170303966e-07 tau=8.3523252170303966e-07 prediction=2.3368904104936981 rho=0.99640719437468195 accept=1
  MFCG it 345 cost=1.773405e+06 lam=8.352e-07 tau=0.00e+00 cg_it=1 shift=0 ckpt=2 alpha=0 acc mv=975
PCG_PREP o=345 rebuild=1 drift=0 previous_depth=2
E2_CAP o=345 retry=0 touched=133 ncam=3068 raw=36214.2838127824 capped=54.759889338528005 radius=17308.622557547325 median=0.12946176990044622 global_scale=1
ATTR_RADIUS o=345 raw_norm=36214.283812782422 norm=54.759889338528247 radius=17308.622557547325 next_radius=17308.622557547325 lambda=8.3523252170303966e-07 next_lambda=8.3523252170303966e-07 rho=1.0079357392707806 accept=1
CLASSICAL_LM o=345 lambda=8.3523252170303966e-07 tau=8.3523252170303966e-07 prediction=5.7469657281572921 rho=1.0079357392707806 accept=1
  MFCG it 346 cost=1.773399e+06 lam=8.352e-07 tau=0.00e+00 cg_it=1 shift=0 ckpt=2 alpha=0 acc mv=978
PCG_PREP o=346 rebuild=1 drift=0 previous_depth=2
E2_CAP o=346 retry=0 touched=132 ncam=3068 raw=36185.663116027252 capped=41.444181970397139 radius=17308.622557547325 median=0.10151505568911245 global_scale=1
ATTR_RADIUS o=346 raw_norm=36185.663116027245 norm=41.444181970397167 radius=17308.622557547325 next_radius=17308.622557547325 lambda=8.3523252170303966e-07 next_lambda=8.3523252170303966e-07 rho=1.000792412515439 accept=1
CLASSICAL_LM o=346 lambda=8.3523252170303966e-07 tau=8.3523252170303966e-07 prediction=34.44737668382286 rho=1.000792412515439 accept=1
  MFCG it 347 cost=1.773364e+06 lam=8.352e-07 tau=0.00e+00 cg_it=1 shift=0 ckpt=2 alpha=0 acc mv=981
PCG_PREP o=347 rebuild=1 drift=0 previous_depth=2
E2_CAP o=347 retry=0 touched=134 ncam=3068 raw=36191.052097122796 capped=35.447131026898866 radius=17308.622557547325 median=0.086536087169528528 global_scale=1
ATTR_RADIUS o=347 raw_norm=36191.052097122789 norm=35.447131026898866 radius=17308.622557547325 next_radius=17308.622557547325 lambda=8.3523252170303966e-07 next_lambda=8.3523252170303966e-07 rho=1.0008138848246009 accept=1
CLASSICAL_LM o=347 lambda=8.3523252170303966e-07 tau=8.3523252170303966e-07 prediction=26.296828027825939 rho=1.0008138848246009 accept=1
  MFCG it 348 cost=1.773338e+06 lam=8.352e-07 tau=0.00e+00 cg_it=1 shift=0 ckpt=2 alpha=0 acc mv=984
PCG_PREP o=348 rebuild=1 drift=0 previous_depth=2
E2_CAP o=348 retry=0 touched=269 ncam=3068 raw=27939.695677086776 capped=66.807043075617813 radius=17308.622557547325 median=0.12100891594763122 global_scale=1
ATTR_RADIUS o=348 raw_norm=27939.695677086769 norm=66.807043075617955 radius=17308.622557547325 next_radius=17308.622557547325 lambda=8.3523252170303966e-07 next_lambda=8.3523252170303966e-07 rho=1.0000005128673506 accept=1
CLASSICAL_LM o=348 lambda=8.3523252170303966e-07 tau=8.3523252170303966e-07 prediction=116.05237869913623 rho=1.0000005128673506 accept=1
  MFCG it 349 cost=1.773222e+06 lam=8.352e-07 tau=0.00e+00 cg_it=0 shift=0 ckpt=1 alpha=0 acc mv=986
PCG_PREP o=349 rebuild=1 drift=0 previous_depth=1
E2_CAP o=349 retry=0 touched=132 ncam=3068 raw=36220.215337052716 capped=96.408111380430597 radius=17308.622557547325 median=0.20655115023050005 global_scale=1
POINT_SAFE o=349 frozen=179 slope=-19.921080375661774 candidate=1773234.7779577314 original=1773220.2918439347 current=1773222.1038352237 won=0 mode=1 camera_scale=1 keep_scale=0
ATTR_RADIUS o=349 raw_norm=36220.215337052694 norm=48.204055690215306 radius=17308.622557547325 next_radius=17308.622557547325 lambda=8.3523252170303966e-07 next_lambda=8.3523252170303966e-07 rho=0.99593431703839719 accept=1
CLASSICAL_LM o=349 lambda=8.3523252170303966e-07 tau=8.3523252170303966e-07 prediction=1.8193883452208759 rho=0.99593431703839719 accept=1
  MFCG it 350 cost=1.773220e+06 lam=8.352e-07 tau=0.00e+00 cg_it=1 shift=0 ckpt=2 alpha=0 acc mv=989
PCG_PREP o=350 rebuild=1 drift=0 previous_depth=2
E2_CAP o=350 retry=0 touched=132 ncam=3068 raw=36194.579189748481 capped=53.955799563418793 radius=17308.622557547325 median=0.12729675544985614 global_scale=1
ATTR_RADIUS o=350 raw_norm=36194.579189748525 norm=53.955799563418744 radius=17308.622557547325 next_radius=17308.622557547325 lambda=8.3523252170303966e-07 next_lambda=8.3523252170303966e-07 rho=1.0094110919553076 accept=1
CLASSICAL_LM o=350 lambda=8.3523252170303966e-07 tau=8.3523252170303966e-07 prediction=4.8638287358660053 rho=1.0094110919553076 accept=1
  MFCG it 351 cost=1.773215e+06 lam=8.352e-07 tau=0.00e+00 cg_it=1 shift=0 ckpt=2 alpha=0 acc mv=992
PCG_PREP o=351 rebuild=1 drift=0 previous_depth=2
E2_CAP o=351 retry=0 touched=131 ncam=3068 raw=36167.467500305058 capped=40.651256942572857 radius=17308.622557547325 median=0.099617780844912185 global_scale=1
ATTR_RADIUS o=351 raw_norm=36167.467500305058 norm=40.651256942572672 radius=17308.622557547325 next_radius=17308.622557547325 lambda=8.3523252170303966e-07 next_lambda=8.3523252170303966e-07 rho=1.0008128343050686 accept=1
CLASSICAL_LM o=351 lambda=8.3523252170303966e-07 tau=8.3523252170303966e-07 prediction=33.531283688090546 rho=1.0008128343050686 accept=1
  MFCG it 352 cost=1.773182e+06 lam=8.352e-07 tau=0.00e+00 cg_it=1 shift=0 ckpt=2 alpha=0 acc mv=995
PCG_PREP o=352 rebuild=1 drift=0 previous_depth=2
E2_CAP o=352 retry=0 touched=134 ncam=3068 raw=36172.770069698097 capped=34.806483248774164 radius=17308.622557547325 median=0.084874684746467047 global_scale=1
ATTR_RADIUS o=352 raw_norm=36172.770069698105 norm=34.806483248774207 radius=17308.622557547325 next_radius=17308.622557547325 lambda=8.3523252170303966e-07 next_lambda=8.3523252170303966e-07 rho=1.0008379850083766 accept=1
CLASSICAL_LM o=352 lambda=8.3523252170303966e-07 tau=8.3523252170303966e-07 prediction=25.537359639769353 rho=1.0008379850083766 accept=1
  MFCG it 353 cost=1.773156e+06 lam=8.352e-07 tau=0.00e+00 cg_it=1 shift=0 ckpt=2 alpha=0 acc mv=998
PCG_PREP o=353 rebuild=1 drift=0 previous_depth=2
E2_CAP o=353 retry=0 touched=138 ncam=3068 raw=36167.245496270531 capped=32.293287739689788 radius=17308.622557547325 median=0.078566319639262333 global_scale=1
ATTR_RADIUS o=353 raw_norm=36167.24549627048 norm=32.293287739689838 radius=17308.622557547325 next_radius=17308.622557547325 lambda=8.3523252170303966e-07 next_lambda=8.3523252170303966e-07 rho=1.0006056079051191 accept=1
CLASSICAL_LM o=353 lambda=8.3523252170303966e-07 tau=8.3523252170303966e-07 prediction=28.014081826696664 rho=1.0006056079051191 accept=1
  MFCG it 354 cost=1.773128e+06 lam=8.352e-07 tau=0.00e+00 cg_it=1 shift=0 ckpt=2 alpha=0 acc mv=1001
PCG_PREP o=354 rebuild=1 drift=0 previous_depth=2
E2_CAP o=354 retry=0 touched=267 ncam=3068 raw=27929.791497585153 capped=65.741406610542072 radius=17308.622557547325 median=0.11904205205672556 global_scale=1
ATTR_RADIUS o=354 raw_norm=27929.79149758516 norm=65.741406610542057 radius=17308.622557547325 next_radius=17308.622557547325 lambda=8.3523252170303966e-07 next_lambda=8.3523252170303966e-07 rho=0.99998074091331046 accept=1
CLASSICAL_LM o=354 lambda=8.3523252170303966e-07 tau=8.3523252170303966e-07 prediction=114.0875278336149 rho=0.99998074091331046 accept=1
  MFCG it 355 cost=1.773014e+06 lam=8.352e-07 tau=0.00e+00 cg_it=0 shift=0 ckpt=1 alpha=0 acc mv=1003
PCG_PREP o=355 rebuild=1 drift=0 previous_depth=1
E2_CAP o=355 retry=0 touched=138 ncam=3068 raw=36202.795735967462 capped=95.986716795655454 radius=17308.622557547325 median=0.20546418936973587 global_scale=1
POINT_SAFE o=355 frozen=178 slope=-20.160713579588318 candidate=1773026.5312021605 original=1773012.2037961348 current=1773014.1485646411 won=0 mode=1 camera_scale=1 keep_scale=0
ATTR_RADIUS o=355 raw_norm=36202.795735967447 norm=47.993358397827834 radius=17308.622557547325 next_radius=17308.622557547325 lambda=8.3523252170303966e-07 next_lambda=8.3523252170303966e-07 rho=0.9961075962945467 accept=1
CLASSICAL_LM o=355 lambda=8.3523252170303966e-07 tau=8.3523252170303966e-07 prediction=1.9523679104240372 rho=0.9961075962945467 accept=1
  MFCG it 356 cost=1.773012e+06 lam=8.352e-07 tau=0.00e+00 cg_it=1 shift=0 ckpt=2 alpha=0 acc mv=1006
PCG_PREP o=356 rebuild=1 drift=0 previous_depth=2
E2_CAP o=356 retry=0 touched=133 ncam=3068 raw=36177.839487225698 capped=53.007820490211451 radius=17308.622557547325 median=0.1249322617159622 global_scale=1
ATTR_RADIUS o=356 raw_norm=36177.839487225669 norm=53.007820490211614 radius=17308.622557547325 next_radius=17308.622557547325 lambda=8.3523252170303966e-07 next_lambda=8.3523252170303966e-07 rho=1.0096963483368022 accept=1
CLASSICAL_LM o=356 lambda=8.3523252170303966e-07 tau=8.3523252170303966e-07 prediction=4.5874253922208643 rho=1.0096963483368022 accept=1
  MFCG it 357 cost=1.773008e+06 lam=8.352e-07 tau=0.00e+00 cg_it=1 shift=0 ckpt=2 alpha=0 acc mv=1009
PCG_PREP o=357 rebuild=1 drift=0 previous_depth=2
E2_CAP o=357 retry=0 touched=130 ncam=3068 raw=36148.065873022424 capped=39.902640539668049 radius=17308.622557547325 median=0.097676111388612541 global_scale=1
ATTR_RADIUS o=357 raw_norm=36148.06587302241 norm=39.902640539668106 radius=17308.622557547325 next_radius=17308.622557547325 lambda=8.3523252170303966e-07 next_lambda=8.3523252170303966e-07 rho=1.0008028328051723 accept=1
CLASSICAL_LM o=357 lambda=8.3523252170303966e-07 tau=8.3523252170303966e-07 prediction=32.962490917740567 rho=1.0008028328051723 accept=1
  MFCG it 358 cost=1.772975e+06 lam=8.352e-07 tau=0.00e+00 cg_it=1 shift=0 ckpt=2 alpha=0 acc mv=1012
PCG_PREP o=358 rebuild=1 drift=0 previous_depth=2
E2_CAP o=358 retry=0 touched=134 ncam=3068 raw=36154.082828495273 capped=34.183954203524173 radius=17308.622557547325 median=0.083592033859151343 global_scale=1
ATTR_RADIUS o=358 raw_norm=36154.08282849528 norm=34.183954203524124 radius=17308.622557547325 next_radius=17308.622557547325 lambda=8.3523252170303966e-07 next_lambda=8.3523252170303966e-07 rho=1.0008301069465579 accept=1
CLASSICAL_LM o=358 lambda=8.3523252170303966e-07 tau=8.3523252170303966e-07 prediction=25.121131014558532 rho=1.0008301069465579 accept=1
  MFCG it 359 cost=1.772949e+06 lam=8.352e-07 tau=0.00e+00 cg_it=1 shift=0 ckpt=2 alpha=0 acc mv=1015
PCG_PREP o=359 rebuild=1 drift=0 previous_depth=2
E2_CAP o=359 retry=0 touched=138 ncam=3068 raw=36148.736999577362 capped=31.663403920188905 radius=17308.622557547325 median=0.077031154545662034 global_scale=1
ATTR_RADIUS o=359 raw_norm=36148.736999577377 norm=31.663403920188902 radius=17308.622557547325 next_radius=17308.622557547325 lambda=8.3523252170303966e-07 next_lambda=8.3523252170303966e-07 rho=1.0005997131887159 accept=1
CLASSICAL_LM o=359 lambda=8.3523252170303966e-07 tau=8.3523252170303966e-07 prediction=27.456310519825273 rho=1.0005997131887159 accept=1
  MFCG it 360 cost=1.772922e+06 lam=8.352e-07 tau=0.00e+00 cg_it=1 shift=0 ckpt=2 alpha=0 acc mv=1018
PCG_PREP o=360 rebuild=1 drift=0 previous_depth=2
E2_CAP o=360 retry=0 touched=268 ncam=3068 raw=27923.751896940303 capped=65.418376177626897 radius=17308.622557547325 median=0.11832969585100717 global_scale=1
ATTR_RADIUS o=360 raw_norm=27923.751896940306 norm=65.418376177626996 radius=17308.622557547325 next_radius=17308.622557547325 lambda=8.3523252170303966e-07 next_lambda=8.3523252170303966e-07 rho=0.99997250625503609 accept=1
CLASSICAL_LM o=360 lambda=8.3523252170303966e-07 tau=8.3523252170303966e-07 prediction=113.50096069926376 rho=0.99997250625503609 accept=1
  MFCG it 361 cost=1.772808e+06 lam=8.352e-07 tau=0.00e+00 cg_it=0 shift=0 ckpt=1 alpha=0 acc mv=1020
PCG_PREP o=361 rebuild=1 drift=0 previous_depth=1
E2_CAP o=361 retry=0 touched=140 ncam=3068 raw=36183.688006886099 capped=95.327677741829888 radius=17308.622557547325 median=0.20363406533061781 global_scale=1
POINT_SAFE o=361 frozen=183 slope=-19.71493087086969 candidate=1772821.098022182 original=1772806.6981038961 current=1772808.4703343771 won=0 mode=1 camera_scale=1 keep_scale=0
ATTR_RADIUS o=361 raw_norm=36183.688006886092 norm=47.663838870914894 radius=17308.622557547325 next_radius=17308.622557547325 lambda=8.3523252170303966e-07 next_lambda=8.3523252170303966e-07 rho=0.995683395469799 accept=1
CLASSICAL_LM o=361 lambda=8.3523252170303966e-07 tau=8.3523252170303966e-07 prediction=1.7799136644176112 rho=0.995683395469799 accept=1
  MFCG it 362 cost=1.772807e+06 lam=8.352e-07 tau=0.00e+00 cg_it=1 shift=0 ckpt=2 alpha=0 acc mv=1023
PCG_PREP o=362 rebuild=1 drift=0 previous_depth=2
E2_CAP o=362 retry=0 touched=133 ncam=3068 raw=36157.035927097037 capped=52.313357719086518 radius=17308.622557547325 median=0.12292007708686392 global_scale=1
ATTR_RADIUS o=362 raw_norm=36157.035927097022 norm=52.313357719086696 radius=17308.622557547325 next_radius=17308.622557547325 lambda=8.3523252170303966e-07 next_lambda=8.3523252170303966e-07 rho=1.0106365276824303 accept=1
CLASSICAL_LM o=362 lambda=8.3523252170303966e-07 tau=8.3523252170303966e-07 prediction=4.1040446610564132 rho=1.0106365276824303 accept=1
  MFCG it 363 cost=1.772803e+06 lam=8.352e-07 tau=0.00e+00 cg_it=1 shift=0 ckpt=2 alpha=0 acc mv=1026
PCG_PREP o=363 rebuild=1 drift=0 previous_depth=2
E2_CAP o=363 retry=0 touched=130 ncam=3068 raw=36128.7014420821 capped=39.285181692990427 radius=17308.622557547325 median=0.095908270491363176 global_scale=1
ATTR_RADIUS o=363 raw_norm=36128.701442082078 norm=39.285181692990378 radius=17308.622557547325 next_radius=17308.622557547325 lambda=8.3523252170303966e-07 next_lambda=8.3523252170303966e-07 rho=1.0007995193068449 accept=1
CLASSICAL_LM o=363 lambda=8.3523252170303966e-07 tau=8.3523252170303966e-07 prediction=32.338214509246455 rho=1.0007995193068449 accept=1
  MFCG it 364 cost=1.772770e+06 lam=8.352e-07 tau=0.00e+00 cg_it=1 shift=0 ckpt=2 alpha=0 acc mv=1029
PCG_PREP o=364 rebuild=1 drift=0 previous_depth=2
E2_CAP o=364 retry=0 touched=136 ncam=3068 raw=36135.277792121306 capped=33.522137512430881 radius=17308.622557547325 median=0.081703279647485597 global_scale=1
ATTR_RADIUS o=364 raw_norm=36135.277792121335 norm=33.522137512430803 radius=17308.622557547325 next_radius=17308.622557547325 lambda=8.3523252170303966e-07 next_lambda=8.3523252170303966e-07 rho=1.000829387660791 accept=1
CLASSICAL_LM o=364 lambda=8.3523252170303966e-07 tau=8.3523252170303966e-07 prediction=24.449833473031045 rho=1.000829387660791 accept=1
  MFCG it 365 cost=1.772746e+06 lam=8.352e-07 tau=0.00e+00 cg_it=1 shift=0 ckpt=2 alpha=0 acc mv=1032
PCG_PREP o=365 rebuild=1 drift=0 previous_depth=2
E2_CAP o=365 retry=0 touched=140 ncam=3068 raw=36129.419967301306 capped=31.029788886746978 radius=17308.622557547325 median=0.07526031330952368 global_scale=1
ATTR_RADIUS o=365 raw_norm=36129.419967301306 norm=31.029788886747003 radius=17308.622557547325 next_radius=17308.622557547325 lambda=8.3523252170303966e-07 next_lambda=8.3523252170303966e-07 rho=1.0005920097214129 accept=1
CLASSICAL_LM o=365 lambda=8.3523252170303966e-07 tau=8.3523252170303966e-07 prediction=26.83851760896118 rho=1.0005920097214129 accept=1
  MFCG it 366 cost=1.772719e+06 lam=8.352e-07 tau=0.00e+00 cg_it=1 shift=0 ckpt=2 alpha=0 acc mv=1035
PCG_PREP o=366 rebuild=1 drift=0 previous_depth=2
E2_CAP o=366 retry=0 touched=140 ncam=3068 raw=36131.627462683995 capped=29.293052861852516 radius=17308.622557547325 median=0.069919563800789508 global_scale=1
ATTR_RADIUS o=366 raw_norm=36131.62746268401 norm=29.29305286185248 radius=17308.622557547325 next_radius=17308.622557547325 lambda=8.3523252170303966e-07 next_lambda=8.3523252170303966e-07 rho=1.0005401213380032 accept=1
CLASSICAL_LM o=366 lambda=8.3523252170303966e-07 tau=8.3523252170303966e-07 prediction=24.645764317620721 rho=1.0005401213380032 accept=1
  MFCG it 367 cost=1.772694e+06 lam=8.352e-07 tau=0.00e+00 cg_it=1 shift=0 ckpt=2 alpha=0 acc mv=1038
PCG_PREP o=367 rebuild=1 drift=0 previous_depth=2
E2_CAP o=367 retry=0 touched=267 ncam=3068 raw=27906.766138081617 capped=65.716782575824638 radius=17308.622557547325 median=0.11844363533512764 global_scale=1
ATTR_RADIUS o=367 raw_norm=27906.766138081621 norm=65.716782575824595 radius=17308.622557547325 next_radius=17308.622557547325 lambda=8.3523252170303966e-07 next_lambda=8.3523252170303966e-07 rho=0.99996954722319442 accept=1
CLASSICAL_LM o=367 lambda=8.3523252170303966e-07 tau=8.3523252170303966e-07 prediction=114.14942410944514 rho=0.99996954722319442 accept=1
  MFCG it 368 cost=1.772580e+06 lam=8.352e-07 tau=0.00e+00 cg_it=0 shift=0 ckpt=1 alpha=0 acc mv=1040
PCG_PREP o=368 rebuild=1 drift=0 previous_depth=1
E2_CAP o=368 retry=0 touched=136 ncam=3068 raw=36163.621230355304 capped=94.130187313959837 radius=17308.622557547325 median=0.20077331794928099 global_scale=1
POINT_SAFE o=368 frozen=190 slope=-18.945759294985884 candidate=1772593.1453262591 original=1772578.5922162144 current=1772580.0567948155 won=0 mode=1 camera_scale=1 keep_scale=0
ATTR_RADIUS o=368 raw_norm=36163.621230355297 norm=47.065093656979876 radius=17308.622557547325 next_radius=17308.622557547325 lambda=8.3523252170303966e-07 next_lambda=8.3523252170303966e-07 rho=0.99530512575393926 accept=1
CLASSICAL_LM o=368 lambda=8.3523252170303966e-07 tau=8.3523252170303966e-07 prediction=1.4714870477097275 rho=0.99530512575393926 accept=1
  MFCG it 369 cost=1.772579e+06 lam=8.352e-07 tau=0.00e+00 cg_it=1 shift=0 ckpt=2 alpha=0 acc mv=1043
PCG_PREP o=369 rebuild=1 drift=0 previous_depth=2
E2_CAP o=369 retry=0 touched=131 ncam=3068 raw=36135.565446407949 capped=51.16264958172264 radius=17308.622557547325 median=0.11995912099965725 global_scale=1
ATTR_RADIUS o=369 raw_norm=36135.565446407934 norm=51.162649581722555 radius=17308.622557547325 next_radius=17308.622557547325 lambda=8.3523252170303966e-07 next_lambda=8.3523252170303966e-07 rho=1.0119443713144887 accept=1
CLASSICAL_LM o=369 lambda=8.3523252170303966e-07 tau=8.3523252170303966e-07 prediction=3.4829751626171728 rho=1.0119443713144887 accept=1
  MFCG it 370 cost=1.772575e+06 lam=8.352e-07 tau=0.00e+00 cg_it=1 shift=0 ckpt=2 alpha=0 acc mv=1046
PCG_PREP o=370 rebuild=1 drift=0 previous_depth=2
E2_CAP o=370 retry=0 touched=131 ncam=3068 raw=36107.923671395532 capped=38.317301656655118 radius=17308.622557547325 median=0.093765501861059752 global_scale=1
ATTR_RADIUS o=370 raw_norm=36107.923671395554 norm=38.317301656655012 radius=17308.622557547325 next_radius=17308.622557547325 lambda=8.3523252170303966e-07 next_lambda=8.3523252170303966e-07 rho=1.0007834522633026 accept=1
CLASSICAL_LM o=370 lambda=8.3523252170303966e-07 tau=8.3523252170303966e-07 prediction=31.705940704444355 rho=1.0007834522633026 accept=1
  MFCG it 371 cost=1.772543e+06 lam=8.352e-07 tau=0.00e+00 cg_it=1 shift=0 ckpt=2 alpha=0 acc mv=1049
PCG_PREP o=371 rebuild=1 drift=0 previous_depth=2
E2_CAP o=371 retry=0 touched=136 ncam=3068 raw=36114.29671771633 capped=32.522998388691839 radius=17308.622557547325 median=0.079482779580403701 global_scale=1
ATTR_RADIUS o=371 raw_norm=36114.296717716352 norm=32.522998388691768 radius=17308.622557547325 next_radius=17308.622557547325 lambda=8.3523252170303966e-07 next_lambda=8.3523252170303966e-07 rho=1.0008214304053229 accept=1
CLASSICAL_LM o=371 lambda=8.3523252170303966e-07 tau=8.3523252170303966e-07 prediction=23.772402238860966 rho=1.0008214304053229 accept=1
  MFCG it 372 cost=1.772520e+06 lam=8.352e-07 tau=0.00e+00 cg_it=1 shift=0 ckpt=2 alpha=0 acc mv=1052
PCG_PREP o=372 rebuild=1 drift=0 previous_depth=2
E2_CAP o=372 retry=0 touched=138 ncam=3068 raw=36108.489986929897 capped=30.090322174271737 radius=17308.622557547325 median=0.072826758080396597 global_scale=1
ATTR_RADIUS o=372 raw_norm=36108.489986929904 norm=30.090322174271705 radius=17308.622557547325 next_radius=17308.622557547325 lambda=8.3523252170303966e-07 next_lambda=8.3523252170303966e-07 rho=1.0005827345729008 accept=1
CLASSICAL_LM o=372 lambda=8.3523252170303966e-07 tau=8.3523252170303966e-07 prediction=26.102123243046147 rho=1.0005827345729008 accept=1
  MFCG it 373 cost=1.772493e+06 lam=8.352e-07 tau=0.00e+00 cg_it=1 shift=0 ckpt=2 alpha=0 acc mv=1055
PCG_PREP o=373 rebuild=1 drift=0 previous_depth=2
E2_CAP o=373 retry=0 touched=142 ncam=3068 raw=36110.732393609935 capped=28.397676312811985 radius=17308.622557547325 median=0.0678410407504762 global_scale=1
ATTR_RADIUS o=373 raw_norm=36110.732393609935 norm=28.397676312811988 radius=17308.622557547325 next_radius=17308.622557547325 lambda=8.3523252170303966e-07 next_lambda=8.3523252170303966e-07 rho=1.0005648914881029 accept=1
CLASSICAL_LM o=373 lambda=8.3523252170303966e-07 tau=8.3523252170303966e-07 prediction=23.928544406934208 rho=1.0005648914881029 accept=1
  MFCG it 374 cost=1.772469e+06 lam=8.352e-07 tau=0.00e+00 cg_it=1 shift=0 ckpt=2 alpha=0 acc mv=1058
PCG_PREP o=374 rebuild=1 drift=0 previous_depth=2
E2_CAP o=374 retry=0 touched=268 ncam=3068 raw=27895.620012723666 capped=65.361282221855987 radius=17308.622557547325 median=0.11763588246469384 global_scale=1
ATTR_RADIUS o=374 raw_norm=27895.620012723644 norm=65.361282221855873 radius=17308.622557547325 next_radius=17308.622557547325 lambda=8.3523252170303966e-07 next_lambda=8.3523252170303966e-07 rho=0.99996634051907929 accept=1
CLASSICAL_LM o=374 lambda=8.3523252170303966e-07 tau=8.3523252170303966e-07 prediction=113.49377756482276 rho=0.99996634051907929 accept=1
  MFCG it 375 cost=1.772356e+06 lam=8.352e-07 tau=0.00e+00 cg_it=0 shift=0 ckpt=1 alpha=0 acc mv=1060
PCG_PREP o=375 rebuild=1 drift=0 previous_depth=1
E2_CAP o=375 retry=0 touched=137 ncam=3068 raw=36143.085621279773 capped=93.402035758526893 radius=17308.622557547325 median=0.19915332739359232 global_scale=1
POINT_SAFE o=375 frozen=192 slope=-18.601265893449842 candidate=1772369.2149512379 original=1772354.6498485235 current=1772355.995575981 won=0 mode=1 camera_scale=1 keep_scale=0
ATTR_RADIUS o=375 raw_norm=36143.085621279781 norm=46.701017879263411 radius=17308.622557547325 next_radius=17308.622557547325 lambda=8.3523252170303966e-07 next_lambda=8.3523252170303966e-07 rho=0.99492844517183587 accept=1
CLASSICAL_LM o=375 lambda=8.3523252170303966e-07 tau=8.3523252170303966e-07 prediction=1.3525871774624489 rho=0.99492844517183587 accept=1
  MFCG it 376 cost=1.772355e+06 lam=8.352e-07 tau=0.00e+00 cg_it=1 shift=0 ckpt=2 alpha=0 acc mv=1063
PCG_PREP o=376 rebuild=1 drift=0 previous_depth=2
E2_CAP o=376 retry=0 touched=133 ncam=3068 raw=36116.109759876876 capped=50.302012668553651 radius=17308.622557547325 median=0.11737268205168225 global_scale=1
ATTR_RADIUS o=376 raw_norm=36116.109759876912 norm=50.302012668553623 radius=17308.622557547325 next_radius=17308.622557547325 lambda=8.3523252170303966e-07 next_lambda=8.3523252170303966e-07 rho=1.0140976629348919 accept=1
CLASSICAL_LM o=376 lambda=8.3523252170303966e-07 tau=8.3523252170303966e-07 prediction=2.8854021827261436 rho=1.0140976629348919 accept=1
  MFCG it 377 cost=1.772352e+06 lam=8.352e-07 tau=0.00e+00 cg_it=1 shift=0 ckpt=2 alpha=0 acc mv=1066
PCG_PREP o=377 rebuild=1 drift=0 previous_depth=2
E2_CAP o=377 retry=0 touched=130 ncam=3068 raw=36086.489794385867 capped=37.70994269055096 radius=17308.622557547325 median=0.092156475198624355 global_scale=1
ATTR_RADIUS o=377 raw_norm=36086.489794385852 norm=37.709942690551003 radius=17308.622557547325 next_radius=17308.622557547325 lambda=8.3523252170303966e-07 next_lambda=8.3523252170303966e-07 rho=1.0007790042368296 accept=1
CLASSICAL_LM o=377 lambda=8.3523252170303966e-07 tau=8.3523252170303966e-07 prediction=31.103820740120685 rho=1.0007790042368296 accept=1
  MFCG it 378 cost=1.772321e+06 lam=8.352e-07 tau=0.00e+00 cg_it=1 shift=0 ckpt=2 alpha=0 acc mv=1069
PCG_PREP o=378 rebuild=1 drift=0 previous_depth=2
E2_CAP o=378 retry=0 touched=136 ncam=3068 raw=36092.813377077211 capped=31.864057831815352 radius=17308.622557547325 median=0.077728157417896696 global_scale=1
ATTR_RADIUS o=378 raw_norm=36092.813377077247 norm=31.86405783181532 radius=17308.622557547325 next_radius=17308.622557547325 lambda=8.3523252170303966e-07 next_lambda=8.3523252170303966e-07 rho=1.0008073703869849 accept=1
CLASSICAL_LM o=378 lambda=8.3523252170303966e-07 tau=8.3523252170303966e-07 prediction=23.162719364084101 rho=1.0008073703869849 accept=1
  MFCG it 379 cost=1.772297e+06 lam=8.352e-07 tau=0.00e+00 cg_it=1 shift=0 ckpt=2 alpha=0 acc mv=1072
PCG_PREP o=379 rebuild=1 drift=0 previous_depth=2
E2_CAP o=379 retry=0 touched=139 ncam=3068 raw=36087.103417467224 capped=29.448673599277296 radius=17308.622557547325 median=0.071228530140020604 global_scale=1
ATTR_RADIUS o=379 raw_norm=36087.103417467166 norm=29.448673599277274 radius=17308.622557547325 next_radius=17308.622557547325 lambda=8.3523252170303966e-07 next_lambda=8.3523252170303966e-07 rho=1.0005592054841834 accept=1
CLASSICAL_LM o=379 lambda=8.3523252170303966e-07 tau=8.3523252170303966e-07 prediction=25.496822250292322 rho=1.0005592054841834 accept=1
  MFCG it 380 cost=1.772272e+06 lam=8.352e-07 tau=0.00e+00 cg_it=1 shift=0 ckpt=2 alpha=0 acc mv=1075
PCG_PREP o=380 rebuild=1 drift=0 previous_depth=2
E2_CAP o=380 retry=0 touched=142 ncam=3068 raw=36090.155971320113 capped=27.748706628725614 radius=17308.622557547325 median=0.066054283847521475 global_scale=1
ATTR_RADIUS o=380 raw_norm=36090.155971320077 norm=27.748706628725625 radius=17308.622557547325 next_radius=17308.622557547325 lambda=8.3523252170303966e-07 next_lambda=8.3523252170303966e-07 rho=1.0005216668228132 accept=1
CLASSICAL_LM o=380 lambda=8.3523252170303966e-07 tau=8.3523252170303966e-07 prediction=23.271864016207587 rho=1.0005216668228132 accept=1
  MFCG it 381 cost=1.772249e+06 lam=8.352e-07 tau=0.00e+00 cg_it=1 shift=0 ckpt=2 alpha=0 acc mv=1078
PCG_PREP o=381 rebuild=1 drift=0 previous_depth=2
E2_CAP o=381 retry=0 touched=269 ncam=3068 raw=27887.577797041569 capped=65.086683564744078 radius=17308.622557547325 median=0.11707281028116212 global_scale=1
ATTR_RADIUS o=381 raw_norm=27887.577797041609 norm=65.086683564744249 radius=17308.622557547325 next_radius=17308.622557547325 lambda=8.3523252170303966e-07 next_lambda=8.3523252170303966e-07 rho=0.99996332149847933 accept=1
CLASSICAL_LM o=381 lambda=8.3523252170303966e-07 tau=8.3523252170303966e-07 prediction=112.98355291272276 rho=0.99996332149847933 accept=1
  MFCG it 382 cost=1.772136e+06 lam=8.352e-07 tau=0.00e+00 cg_it=0 shift=0 ckpt=1 alpha=0 acc mv=1080
PCG_PREP o=382 rebuild=1 drift=0 previous_depth=1
E2_CAP o=382 retry=0 touched=138 ncam=3068 raw=36122.962968947555 capped=92.572218972276801 radius=17308.622557547325 median=0.1969600249180456 global_scale=1
POINT_SAFE o=382 frozen=199 slope=-18.14001629415041 candidate=1772149.1683635134 original=1772134.4863844288 current=1772135.6398046734 won=0 mode=1 camera_scale=1 keep_scale=0
ATTR_RADIUS o=382 raw_norm=36122.962968947591 norm=46.286109486138358 radius=17308.622557547325 next_radius=17308.622557547325 lambda=8.3523252170303966e-07 next_lambda=8.3523252170303966e-07 rho=0.99428670212413284 accept=1
CLASSICAL_LM o=382 lambda=8.3523252170303966e-07 tau=8.3523252170303966e-07 prediction=1.1600479440309455 rho=0.99428670212413284 accept=1
  MFCG it 383 cost=1.772134e+06 lam=8.352e-07 tau=0.00e+00 cg_it=1 shift=0 ckpt=2 alpha=0 acc mv=1083
PCG_PREP o=383 rebuild=1 drift=0 previous_depth=2
E2_CAP o=383 retry=0 touched=133 ncam=3068 raw=36094.089434699745 capped=49.730941072898545 radius=17308.622557547325 median=0.11581703020946577 global_scale=1
ATTR_RADIUS o=383 raw_norm=36094.08943469973 norm=49.730941072898617 radius=17308.622557547325 next_radius=17308.622557547325 lambda=8.3523252170303966e-07 next_lambda=8.3523252170303966e-07 rho=1.0165467496491511 accept=1
CLASSICAL_LM o=383 lambda=8.3523252170303966e-07 tau=8.3523252170303966e-07 prediction=2.4366411763373819 rho=1.0165467496491511 accept=1
  MFCG it 384 cost=1.772132e+06 lam=8.352e-07 tau=0.00e+00 cg_it=1 shift=0 ckpt=2 alpha=0 acc mv=1086
PCG_PREP o=384 rebuild=1 drift=0 previous_depth=2
E2_CAP o=384 retry=0 touched=130 ncam=3068 raw=36064.441836295548 capped=37.130800736566044 radius=17308.622557547325 median=0.090753863183457656 global_scale=1
ATTR_RADIUS o=384 raw_norm=36064.441836295497 norm=37.130800736566023 radius=17308.622557547325 next_radius=17308.622557547325 lambda=8.3523252170303966e-07 next_lambda=8.3523252170303966e-07 rho=1.0007918827866311 accept=1
CLASSICAL_LM o=384 lambda=8.3523252170303966e-07 tau=8.3523252170303966e-07 prediction=30.535214996533171 rho=1.0007918827866311 accept=1
  MFCG it 385 cost=1.772101e+06 lam=8.352e-07 tau=0.00e+00 cg_it=1 shift=0 ckpt=2 alpha=0 acc mv=1089
PCG_PREP o=385 rebuild=1 drift=0 previous_depth=2
E2_CAP o=385 retry=0 touched=136 ncam=3068 raw=36071.452352109278 capped=31.241265059853834 radius=17308.622557547325 median=0.076141007736767422 global_scale=1
ATTR_RADIUS o=385 raw_norm=36071.4523521093 norm=31.241265059853806 radius=17308.622557547325 next_radius=17308.622557547325 lambda=8.3523252170303966e-07 next_lambda=8.3523252170303966e-07 rho=1.0008043423989905 accept=1
CLASSICAL_LM o=385 lambda=8.3523252170303966e-07 tau=8.3523252170303966e-07 prediction=22.592364532995237 rho=1.0008043423989905 accept=1
  MFCG it 386 cost=1.772079e+06 lam=8.352e-07 tau=0.00e+00 cg_it=1 shift=0 ckpt=2 alpha=0 acc mv=1092
PCG_PREP o=386 rebuild=1 drift=0 previous_depth=2
E2_CAP o=386 retry=0 touched=140 ncam=3068 raw=36064.497605656681 capped=28.806606614888484 radius=17308.622557547325 median=0.06950682385646384 global_scale=1
ATTR_RADIUS o=386 raw_norm=36064.497605656659 norm=28.806606614888498 radius=17308.622557547325 next_radius=17308.622557547325 lambda=8.3523252170303966e-07 next_lambda=8.3523252170303966e-07 rho=1.0005529410701142 accept=1
CLASSICAL_LM o=386 lambda=8.3523252170303966e-07 tau=8.3523252170303966e-07 prediction=24.849465747138208 rho=1.0005529410701142 accept=1
  MFCG it 387 cost=1.772054e+06 lam=8.352e-07 tau=0.00e+00 cg_it=1 shift=0 ckpt=2 alpha=0 acc mv=1095
PCG_PREP o=387 rebuild=1 drift=0 previous_depth=2
E2_CAP o=387 retry=0 touched=143 ncam=3068 raw=36065.960827891278 capped=27.030220197217886 radius=17308.622557547325 median=0.064389592150224079 global_scale=1
ATTR_RADIUS o=387 raw_norm=36065.960827891264 norm=27.030220197217965 radius=17308.622557547325 next_radius=17308.622557547325 lambda=8.3523252170303966e-07 next_lambda=8.3523252170303966e-07 rho=1.0005218827678999 accept=1
CLASSICAL_LM o=387 lambda=8.3523252170303966e-07 tau=8.3523252170303966e-07 prediction=22.64324670097313 rho=1.0005218827678999 accept=1
  MFCG it 388 cost=1.772031e+06 lam=8.352e-07 tau=0.00e+00 cg_it=1 shift=0 ckpt=2 alpha=0 acc mv=1098
PCG_PREP o=388 rebuild=1 drift=0 previous_depth=2
E2_CAP o=388 retry=0 touched=269 ncam=3068 raw=27882.661652296796 capped=64.409475376016303 radius=17308.622557547325 median=0.11555651503267168 global_scale=1
ATTR_RADIUS o=388 raw_norm=27882.661652296767 norm=64.409475376016175 radius=17308.622557547325 next_radius=17308.622557547325 lambda=8.3523252170303966e-07 next_lambda=8.3523252170303966e-07 rho=0.99996748369085864 accept=1
CLASSICAL_LM o=388 lambda=8.3523252170303966e-07 tau=8.3523252170303966e-07 prediction=111.74061005696643 rho=0.99996748369085864 accept=1
  MFCG it 389 cost=1.771920e+06 lam=8.352e-07 tau=0.00e+00 cg_it=0 shift=0 ckpt=1 alpha=0 acc mv=1100
PCG_PREP o=389 rebuild=1 drift=0 previous_depth=1
E2_CAP o=389 retry=0 touched=136 ncam=3068 raw=36099.188596381297 capped=91.963307779492354 radius=17308.622557547325 median=0.19632283867347425 global_scale=1
POINT_SAFE o=389 frozen=197 slope=-18.070339352948647 candidate=1771932.7715550198 original=1771918.3630258502 current=1771919.5842464003 won=0 mode=1 camera_scale=1 keep_scale=0
ATTR_RADIUS o=389 raw_norm=36099.18859638126 norm=45.981653889746163 radius=17308.622557547325 next_radius=17308.622557547325 lambda=8.3523252170303966e-07 next_lambda=8.3523252170303966e-07 rho=0.99496352911946373 accept=1
CLASSICAL_LM o=389 lambda=8.3523252170303966e-07 tau=8.3523252170303966e-07 prediction=1.227402326201946 rho=0.99496352911946373 accept=1
  MFCG it 390 cost=1.771918e+06 lam=8.352e-07 tau=0.00e+00 cg_it=1 shift=0 ckpt=2 alpha=0 acc mv=1103
PCG_PREP o=390 rebuild=1 drift=0 previous_depth=2
E2_CAP o=390 retry=0 touched=133 ncam=3068 raw=36070.104387196094 capped=48.978999315236877 radius=17308.622557547325 median=0.11389965079151861 global_scale=1
ATTR_RADIUS o=390 raw_norm=36070.104387196137 norm=48.978999315237012 radius=17308.622557547325 next_radius=17308.622557547325 lambda=8.3523252170303966e-07 next_lambda=8.3523252170303966e-07 rho=1.0186691735670534 accept=1
CLASSICAL_LM o=390 lambda=8.3523252170303966e-07 tau=8.3523252170303966e-07 prediction=2.1468543907654407 rho=1.0186691735670534 accept=1
  MFCG it 391 cost=1.771916e+06 lam=8.352e-07 tau=0.00e+00 cg_it=1 shift=0 ckpt=2 alpha=0 acc mv=1106
PCG_PREP o=391 rebuild=1 drift=0 previous_depth=2
E2_CAP o=391 retry=0 touched=131 ncam=3068 raw=36041.914208959315 capped=36.482554243731215 radius=17308.622557547325 median=0.08902390316357775 global_scale=1
ATTR_RADIUS o=391 raw_norm=36041.914208959352 norm=36.482554243731173 radius=17308.622557547325 next_radius=17308.622557547325 lambda=8.3523252170303966e-07 next_lambda=8.3523252170303966e-07 rho=1.0007966573585134 accept=1
CLASSICAL_LM o=391 lambda=8.3523252170303966e-07 tau=8.3523252170303966e-07 prediction=29.902689293020075 rho=1.0007966573585134 accept=1
  MFCG it 392 cost=1.771886e+06 lam=8.352e-07 tau=0.00e+00 cg_it=1 shift=0 ckpt=2 alpha=0 acc mv=1109
PCG_PREP o=392 rebuild=1 drift=0 previous_depth=2
E2_CAP o=392 retry=0 touched=134 ncam=3068 raw=36047.869968079482 capped=30.38804707825641 radius=17308.622557547325 median=0.073932896589372826 global_scale=1
ATTR_RADIUS o=392 raw_norm=36047.869968079518 norm=30.388047078256381 radius=17308.622557547325 next_radius=17308.622557547325 lambda=8.3523252170303966e-07 next_lambda=8.3523252170303966e-07 rho=1.0007965642455907 accept=1
CLASSICAL_LM o=392 lambda=8.3523252170303966e-07 tau=8.3523252170303966e-07 prediction=21.910963244188888 rho=1.0007965642455907 accept=1
  MFCG it 393 cost=1.771864e+06 lam=8.352e-07 tau=0.00e+00 cg_it=1 shift=0 ckpt=2 alpha=0 acc mv=1112
PCG_PREP o=393 rebuild=1 drift=0 previous_depth=2
E2_CAP o=393 retry=0 touched=140 ncam=3068 raw=36043.481004304514 capped=28.079669841279671 radius=17308.622557547325 median=0.067638572922859186 global_scale=1
ATTR_RADIUS o=393 raw_norm=36043.481004304544 norm=28.079669841279603 radius=17308.622557547325 next_radius=17308.622557547325 lambda=8.3523252170303966e-07 next_lambda=8.3523252170303966e-07 rho=1.0005378904677149 accept=1
CLASSICAL_LM o=393 lambda=8.3523252170303966e-07 tau=8.3523252170303966e-07 prediction=24.163587100166733 rho=1.0005378904677149 accept=1
  MFCG it 394 cost=1.771840e+06 lam=8.352e-07 tau=0.00e+00 cg_it=1 shift=0 ckpt=2 alpha=0 acc mv=1115
PCG_PREP o=394 rebuild=1 drift=0 previous_depth=2
E2_CAP o=394 retry=0 touched=144 ncam=3068 raw=36042.988338170151 capped=26.422833477079372 radius=17308.622557547325 median=0.063029280931609449 global_scale=1
ATTR_RADIUS o=394 raw_norm=36042.988338170137 norm=26.422833477079418 radius=17308.622557547325 next_radius=17308.622557547325 lambda=8.3523252170303966e-07 next_lambda=8.3523252170303966e-07 rho=1.0005134700399838 accept=1
CLASSICAL_LM o=394 lambda=8.3523252170303966e-07 tau=8.3523252170303966e-07 prediction=22.081857927850923 rho=1.0005134700399838 accept=1
  MFCG it 395 cost=1.771818e+06 lam=8.352e-07 tau=0.00e+00 cg_it=1 shift=0 ckpt=2 alpha=0 acc mv=1118
PCG_PREP o=395 rebuild=1 drift=0 previous_depth=2
E2_CAP o=395 retry=0 touched=270 ncam=3068 raw=27880.280017953271 capped=64.299649814892163 radius=17308.622557547325 median=0.11539378271740612 global_scale=1
ATTR_RADIUS o=395 raw_norm=27880.280017953301 norm=64.299649814892177 radius=17308.622557547325 next_radius=17308.622557547325 lambda=8.3523252170303966e-07 next_lambda=8.3523252170303966e-07 rho=0.99997135751011934 accept=1
CLASSICAL_LM o=395 lambda=8.3523252170303966e-07 tau=8.3523252170303966e-07 prediction=111.49773303565145 rho=0.99997135751011934 accept=1
  MFCG it 396 cost=1.771707e+06 lam=8.352e-07 tau=0.00e+00 cg_it=0 shift=0 ckpt=1 alpha=0 acc mv=1120
PCG_PREP o=396 rebuild=1 drift=0 previous_depth=1
E2_CAP o=396 retry=0 touched=137 ncam=3068 raw=36076.423043297793 capped=91.162925933519929 radius=17308.622557547325 median=0.1935959244099211 global_scale=1
POINT_SAFE o=396 frozen=196 slope=-17.480722990997894 candidate=1771720.2817351739 original=1771705.6174314714 current=1771706.5568430109 won=0 mode=1 camera_scale=1 keep_scale=0
ATTR_RADIUS o=396 raw_norm=36076.423043297778 norm=45.58146296676 radius=17308.622557547325 next_radius=17308.622557547325 lambda=8.3523252170303966e-07 next_lambda=8.3523252170303966e-07 rho=0.99365518211101622 accept=1
CLASSICAL_LM o=396 lambda=8.3523252170303966e-07 tau=8.3523252170303966e-07 prediction=0.94540999382564728 rho=0.99365518211101622 accept=1
  MFCG it 397 cost=1.771706e+06 lam=8.352e-07 tau=0.00e+00 cg_it=1 shift=0 ckpt=2 alpha=0 acc mv=1123
PCG_PREP o=397 rebuild=1 drift=0 previous_depth=2
E2_CAP o=397 retry=0 touched=134 ncam=3068 raw=36047.070831171535 capped=48.307155406314855 radius=17308.622557547325 median=0.11194389879972112 global_scale=1
ATTR_RADIUS o=397 raw_norm=36047.070831171521 norm=48.307155406314727 radius=17308.622557547325 next_radius=17308.622557547325 lambda=8.3523252170303966e-07 next_lambda=8.3523252170303966e-07 rho=1.0252333381797192 accept=1
CLASSICAL_LM o=397 lambda=8.3523252170303966e-07 tau=8.3523252170303966e-07 prediction=1.5828426413959944 rho=1.0252333381797192 accept=1
  MFCG it 398 cost=1.771704e+06 lam=8.352e-07 tau=0.00e+00 cg_it=1 shift=0 ckpt=2 alpha=0 acc mv=1126
PCG_PREP o=398 rebuild=1 drift=0 previous_depth=2
E2_CAP o=398 retry=0 touched=134 ncam=3068 raw=36019.210877461206 capped=35.76808979872105 radius=17308.622557547325 median=0.086911601397412691 global_scale=1
ATTR_RADIUS o=398 raw_norm=36019.210877461199 norm=35.768089798721057 radius=17308.622557547325 next_radius=17308.622557547325 lambda=8.3523252170303966e-07 next_lambda=8.3523252170303966e-07 rho=1.0007993083337521 accept=1
CLASSICAL_LM o=398 lambda=8.3523252170303966e-07 tau=8.3523252170303966e-07 prediction=29.197159100731806 rho=1.0007993083337521 accept=1
  MFCG it 399 cost=1.771675e+06 lam=8.352e-07 tau=0.00e+00 cg_it=1 shift=0 ckpt=2 alpha=0 acc mv=1129
PCG_PREP o=399 rebuild=1 drift=0 previous_depth=2
E2_CAP o=399 retry=0 touched=133 ncam=3068 raw=36024.066354559378 capped=29.781480720617616 radius=17308.622557547325 median=0.072198221127192652 global_scale=1
ATTR_RADIUS o=399 raw_norm=36024.066354559334 norm=29.781480720617704 radius=17308.622557547325 next_radius=17308.622557547325 lambda=8.3523252170303966e-07 next_lambda=8.3523252170303966e-07 rho=1.0008059089445749 accept=1
CLASSICAL_LM o=399 lambda=8.3523252170303966e-07 tau=8.3523252170303966e-07 prediction=21.294449283147529 rho=1.0008059089445749 accept=1
  MFCG it 400 cost=1.771653e+06 lam=8.352e-07 tau=0.00e+00 cg_it=1 shift=0 ckpt=2 alpha=0 acc mv=1132
PCG_PREP o=400 rebuild=1 drift=0 previous_depth=2
E2_CAP o=400 retry=0 touched=141 ncam=3068 raw=36017.670220222812 capped=27.57609730975345 radius=17308.622557547325 median=0.066368209697488495 global_scale=1
ATTR_RADIUS o=400 raw_norm=36017.670220222797 norm=27.576097309753443 radius=17308.622557547325 next_radius=17308.622557547325 lambda=8.3523252170303966e-07 next_lambda=8.3523252170303966e-07 rho=1.000555249084548 accept=1
CLASSICAL_LM o=400 lambda=8.3523252170303966e-07 tau=8.3523252170303966e-07 prediction=23.629724086386585 rho=1.000555249084548 accept=1
  MFCG it 401 cost=1.771630e+06 lam=8.352e-07 tau=0.00e+00 cg_it=1 shift=0 ckpt=2 alpha=0 acc mv=1135
PCG_PREP o=401 rebuild=1 drift=0 previous_depth=2
E2_CAP o=401 retry=0 touched=145 ncam=3068 raw=36019.217666821096 capped=25.741136016004887 radius=17308.622557547325 median=0.061189511909560977 global_scale=1
ATTR_RADIUS o=401 raw_norm=36019.217666821096 norm=25.741136016004887 radius=17308.622557547325 next_radius=17308.622557547325 lambda=8.3523252170303966e-07 next_lambda=8.3523252170303966e-07 rho=1.0005193275476987 accept=1
CLASSICAL_LM o=401 lambda=8.3523252170303966e-07 tau=8.3523252170303966e-07 prediction=21.39628729474213 rho=1.0005193275476987 accept=1
  MFCG it 402 cost=1.771608e+06 lam=8.352e-07 tau=0.00e+00 cg_it=1 shift=0 ckpt=2 alpha=0 acc mv=1138
PCG_PREP o=402 rebuild=1 drift=0 previous_depth=2
E2_CAP o=402 retry=0 touched=147 ncam=3068 raw=36015.790131939539 capped=25.019245735085274 radius=17308.622557547325 median=0.059306938948411658 global_scale=1
ATTR_RADIUS o=402 raw_norm=36015.79013193951 norm=25.019245735085331 radius=17308.622557547325 next_radius=17308.622557547325 lambda=8.3523252170303966e-07 next_lambda=8.3523252170303966e-07 rho=1.0004551374907835 accept=1
CLASSICAL_LM o=402 lambda=8.3523252170303966e-07 tau=8.3523252170303966e-07 prediction=21.793995276588621 rho=1.0004551374907835 accept=1
  MFCG it 403 cost=1.771587e+06 lam=8.352e-07 tau=0.00e+00 cg_it=1 shift=0 ckpt=2 alpha=0 acc mv=1141
PCG_PREP o=403 rebuild=1 drift=0 previous_depth=2
E2_CAP o=403 retry=0 touched=271 ncam=3068 raw=27871.48545158745 capped=64.12394001219171 radius=17308.622557547325 median=0.11508905203595271 global_scale=1
ATTR_RADIUS o=403 raw_norm=27871.485451587461 norm=64.123940012191696 radius=17308.622557547325 next_radius=17308.622557547325 lambda=8.3523252170303966e-07 next_lambda=8.3523252170303966e-07 rho=0.99994170225866308 accept=1
CLASSICAL_LM o=403 lambda=8.3523252170303966e-07 tau=8.3523252170303966e-07 prediction=111.07896350428716 rho=0.99994170225866308 accept=1
  MFCG it 404 cost=1.771476e+06 lam=8.352e-07 tau=0.00e+00 cg_it=0 shift=0 ckpt=1 alpha=0 acc mv=1143
PCG_PREP o=404 rebuild=1 drift=0 previous_depth=1
E2_CAP o=404 retry=0 touched=142 ncam=3068 raw=36051.069078546177 capped=90.580026144578994 radius=17308.622557547325 median=0.19133888631158924 global_scale=1
POINT_SAFE o=404 frozen=204 slope=-17.316981917877207 candidate=1771489.482283379 original=1771474.6926038496 current=1771475.535895285 won=0 mode=1 camera_scale=1 keep_scale=0
ATTR_RADIUS o=404 raw_norm=36051.069078546177 norm=45.290013072289604 radius=17308.622557547325 next_radius=17308.622557547325 lambda=8.3523252170303966e-07 next_lambda=8.3523252170303966e-07 rho=0.9921311776626468 accept=1
CLASSICAL_LM o=404 lambda=8.3523252170303966e-07 tau=8.3523252170303966e-07 prediction=0.84997977523235768 rho=0.9921311776626468 accept=1
  MFCG it 405 cost=1.771475e+06 lam=8.352e-07 tau=0.00e+00 cg_it=1 shift=0 ckpt=2 alpha=0 acc mv=1146
PCG_PREP o=405 rebuild=1 drift=0 previous_depth=2
E2_CAP o=405 retry=0 touched=135 ncam=3068 raw=36021.757268758665 capped=47.320643179743584 radius=17308.622557547325 median=0.10901259211719048 global_scale=1
ATTR_RADIUS o=405 raw_norm=36021.757268758643 norm=47.320643179743641 radius=17308.622557547325 next_radius=17308.622557547325 lambda=8.3523252170303966e-07 next_lambda=8.3523252170303966e-07 rho=1.0384863194701031 accept=1
CLASSICAL_LM o=405 lambda=8.3523252170303966e-07 tau=8.3523252170303966e-07 prediction=1.0164702454147285 rho=1.0384863194701031 accept=1
  MFCG it 406 cost=1.771474e+06 lam=8.352e-07 tau=0.00e+00 cg_it=1 shift=0 ckpt=2 alpha=0 acc mv=1149
PCG_PREP o=406 rebuild=1 drift=0 previous_depth=2
E2_CAP o=406 retry=0 touched=136 ncam=3068 raw=35993.122883693839 capped=35.007880413019706 radius=17308.622557547325 median=0.084420484701246745 global_scale=1
ATTR_RADIUS o=406 raw_norm=35993.122883693824 norm=35.007880413019812 radius=17308.622557547325 next_radius=17308.622557547325 lambda=8.3523252170303966e-07 next_lambda=8.3523252170303966e-07 rho=1.0007875496278502 accept=1
CLASSICAL_LM o=406 lambda=8.3523252170303966e-07 tau=8.3523252170303966e-07 prediction=28.383318162355391 rho=1.0007875496278502 accept=1
  MFCG it 407 cost=1.771445e+06 lam=8.352e-07 tau=0.00e+00 cg_it=1 shift=0 ckpt=2 alpha=0 acc mv=1152
PCG_PREP o=407 rebuild=1 drift=0 previous_depth=2
E2_CAP o=407 retry=0 touched=134 ncam=3068 raw=35997.963365799937 capped=29.127817910641802 radius=17308.622557547325 median=0.070633333649227859 global_scale=1
ATTR_RADIUS o=407 raw_norm=35997.963365799951 norm=29.127817910641788 radius=17308.622557547325 next_radius=17308.622557547325 lambda=8.3523252170303966e-07 next_lambda=8.3523252170303966e-07 rho=1.0007946353784813 accept=1
CLASSICAL_LM o=407 lambda=8.3523252170303966e-07 tau=8.3523252170303966e-07 prediction=20.801883065978846 rho=1.0007946353784813 accept=1
  MFCG it 408 cost=1.771424e+06 lam=8.352e-07 tau=0.00e+00 cg_it=1 shift=0 ckpt=2 alpha=0 acc mv=1155
PCG_PREP o=408 rebuild=1 drift=0 previous_depth=2
E2_CAP o=408 retry=0 touched=143 ncam=3068 raw=35991.844996298023 capped=26.954641927846801 radius=17308.622557547325 median=0.064500158182986517 global_scale=1
ATTR_RADIUS o=408 raw_norm=35991.844996298008 norm=26.954641927846826 radius=17308.622557547325 next_radius=17308.622557547325 lambda=8.3523252170303966e-07 next_lambda=8.3523252170303966e-07 rho=1.0005358903107695 accept=1
CLASSICAL_LM o=408 lambda=8.3523252170303966e-07 tau=8.3523252170303966e-07 prediction=22.940550832034159 rho=1.0005358903107695 accept=1
  MFCG it 409 cost=1.771401e+06 lam=8.352e-07 tau=0.00e+00 cg_it=1 shift=0 ckpt=2 alpha=0 acc mv=1158
PCG_PREP o=409 rebuild=1 drift=0 previous_depth=2
E2_CAP o=409 retry=0 touched=147 ncam=3068 raw=35992.854594440076 capped=25.214698843526048 radius=17308.622557547325 median=0.059882624082477603 global_scale=1
ATTR_RADIUS o=409 raw_norm=35992.854594440098 norm=25.214698843526087 radius=17308.622557547325 next_radius=17308.622557547325 lambda=8.3523252170303966e-07 next_lambda=8.3523252170303966e-07 rho=1.0004775509942376 accept=1
CLASSICAL_LM o=409 lambda=8.3523252170303966e-07 tau=8.3523252170303966e-07 prediction=20.903144812076942 rho=1.0004775509942376 accept=1
  MFCG it 410 cost=1.771381e+06 lam=8.352e-07 tau=0.00e+00 cg_it=1 shift=0 ckpt=2 alpha=0 acc mv=1161
PCG_PREP o=410 rebuild=1 drift=0 previous_depth=2
E2_CAP o=410 retry=0 touched=148 ncam=3068 raw=35989.53035134323 capped=24.449359095051751 radius=17308.622557547325 median=0.057701123598500145 global_scale=1
ATTR_RADIUS o=410 raw_norm=35989.530351343245 norm=24.4493590950518 radius=17308.622557547325 next_radius=17308.622557547325 lambda=8.3523252170303966e-07 next_lambda=8.3523252170303966e-07 rho=1.0003662949716596 accept=1
CLASSICAL_LM o=410 lambda=8.3523252170303966e-07 tau=8.3523252170303966e-07 prediction=21.139831834163054 rho=1.0003662949716596 accept=1
  MFCG it 411 cost=1.771359e+06 lam=8.352e-07 tau=0.00e+00 cg_it=1 shift=0 ckpt=2 alpha=0 acc mv=1164
PCG_PREP o=411 rebuild=1 drift=0 previous_depth=2
E2_CAP o=411 retry=0 touched=271 ncam=3068 raw=27868.360069177797 capped=63.890143548777615 radius=17308.622557547325 median=0.11456600772309092 global_scale=1
ATTR_RADIUS o=411 raw_norm=27868.360069177779 norm=63.890143548777573 radius=17308.622557547325 next_radius=17308.622557547325 lambda=8.3523252170303966e-07 next_lambda=8.3523252170303966e-07 rho=0.99992462660799242 accept=1
CLASSICAL_LM o=411 lambda=8.3523252170303966e-07 tau=8.3523252170303966e-07 prediction=110.58576641345147 rho=0.99992462660799242 accept=1
  MFCG it 412 cost=1.771249e+06 lam=8.352e-07 tau=0.00e+00 cg_it=0 shift=0 ckpt=1 alpha=0 acc mv=1166
PCG_PREP o=412 rebuild=1 drift=0 previous_depth=1
E2_CAP o=412 retry=0 touched=142 ncam=3068 raw=36025.261896850709 capped=89.757259940182607 radius=17308.622557547325 median=0.18870036909988486 global_scale=1
POINT_SAFE o=412 frozen=203 slope=-16.90158039395671 candidate=1771263.0466680366 original=1771248.1519427113 current=1771248.8219509753 won=0 mode=1 camera_scale=1 keep_scale=0
ATTR_RADIUS o=412 raw_norm=36025.261896850745 norm=44.878629970091268 radius=17308.622557547325 next_radius=17308.622557547325 lambda=8.3523252170303966e-07 next_lambda=8.3523252170303966e-07 rho=0.98980658677371547 accept=1
CLASSICAL_LM o=412 lambda=8.3523252170303966e-07 tau=8.3523252170303966e-07 prediction=0.67690826972596607 rho=0.98980658677371547 accept=1
  MFCG it 413 cost=1.771248e+06 lam=8.352e-07 tau=0.00e+00 cg_it=1 shift=0 ckpt=2 alpha=0 acc mv=1169
PCG_PREP o=413 rebuild=1 drift=0 previous_depth=2
E2_CAP o=413 retry=0 touched=136 ncam=3068 raw=35995.140474015541 capped=46.599362467568703 radius=17308.622557547325 median=0.10678663566771496 global_scale=1
ATTR_RADIUS o=413 raw_norm=35995.140474015556 norm=46.599362467568682 radius=17308.622557547325 next_radius=17308.622557547325 lambda=8.3523252170303966e-07 next_lambda=8.3523252170303966e-07 rho=1.0548724093871595 accept=1
CLASSICAL_LM o=413 lambda=8.3523252170303966e-07 tau=8.3523252170303966e-07 prediction=0.70059340328898934 rho=1.0548724093871595 accept=1
  MFCG it 414 cost=1.771247e+06 lam=8.352e-07 tau=0.00e+00 cg_it=1 shift=0 ckpt=2 alpha=0 acc mv=1172
PCG_PREP o=414 rebuild=1 drift=0 previous_depth=2
E2_CAP o=414 retry=0 touched=135 ncam=3068 raw=35966.292935054837 capped=34.40309696542289 radius=17308.622557547325 median=0.082681235599009889 global_scale=1
ATTR_RADIUS o=414 raw_norm=35966.292935054873 norm=34.403096965422989 radius=17308.622557547325 next_radius=17308.622557547325 lambda=8.3523252170303966e-07 next_lambda=8.3523252170303966e-07 rho=1.0007885852925384 accept=1
CLASSICAL_LM o=414 lambda=8.3523252170303966e-07 tau=8.3523252170303966e-07 prediction=27.760868935223638 rho=1.0007885852925384 accept=1
  MFCG it 415 cost=1.771220e+06 lam=8.352e-07 tau=0.00e+00 cg_it=1 shift=0 ckpt=2 alpha=0 acc mv=1175
PCG_PREP o=415 rebuild=1 drift=0 previous_depth=2
E2_CAP o=415 retry=0 touched=137 ncam=3068 raw=35970.805975198578 capped=28.378754951951642 radius=17308.622557547325 median=0.068551260081805815 global_scale=1
ATTR_RADIUS o=415 raw_norm=35970.805975198615 norm=28.378754951951588 radius=17308.622557547325 next_radius=17308.622557547325 lambda=8.3523252170303966e-07 next_lambda=8.3523252170303966e-07 rho=1.0007924191337916 accept=1
CLASSICAL_LM o=415 lambda=8.3523252170303966e-07 tau=8.3523252170303966e-07 prediction=20.077004407489195 rho=1.0007924191337916 accept=1
  MFCG it 416 cost=1.771200e+06 lam=8.352e-07 tau=0.00e+00 cg_it=1 shift=0 ckpt=2 alpha=0 acc mv=1178
PCG_PREP o=416 rebuild=1 drift=0 previous_depth=2
E2_CAP o=416 retry=0 touched=142 ncam=3068 raw=35966.53056312535 capped=26.242549738735917 radius=17308.622557547325 median=0.062576371440623418 global_scale=1
ATTR_RADIUS o=416 raw_norm=35966.530563125314 norm=26.242549738735949 radius=17308.622557547325 next_radius=17308.622557547325 lambda=8.3523252170303966e-07 next_lambda=8.3523252170303966e-07 rho=1.0005019284654244 accept=1
CLASSICAL_LM o=416 lambda=8.3523252170303966e-07 tau=8.3523252170303966e-07 prediction=22.248730635806027 rho=1.0005019284654244 accept=1
  MFCG it 417 cost=1.771177e+06 lam=8.352e-07 tau=0.00e+00 cg_it=1 shift=0 ckpt=2 alpha=0 acc mv=1181
PCG_PREP o=417 rebuild=1 drift=0 previous_depth=2
E2_CAP o=417 retry=0 touched=147 ncam=3068 raw=35965.688151494054 capped=24.657100779836789 radius=17308.622557547325 median=0.058332533500497892 global_scale=1
ATTR_RADIUS o=417 raw_norm=35965.688151494069 norm=24.657100779836743 radius=17308.622557547325 next_radius=17308.622557547325 lambda=8.3523252170303966e-07 next_lambda=8.3523252170303966e-07 rho=1.0004216983458836 accept=1
CLASSICAL_LM o=417 lambda=8.3523252170303966e-07 tau=8.3523252170303966e-07 prediction=20.26651049574658 rho=1.0004216983458836 accept=1
  MFCG it 418 cost=1.771157e+06 lam=8.352e-07 tau=0.00e+00 cg_it=1 shift=0 ckpt=2 alpha=0 acc mv=1184
PCG_PREP o=418 rebuild=1 drift=0 previous_depth=2
E2_CAP o=418 retry=0 touched=150 ncam=3068 raw=35962.675603121752 capped=23.727794280226544 radius=17308.622557547325 median=0.055786314735280229 global_scale=1
ATTR_RADIUS o=418 raw_norm=35962.675603121781 norm=23.727794280226554 radius=17308.622557547325 next_radius=17308.622557547325 lambda=8.3523252170303966e-07 next_lambda=8.3523252170303966e-07 rho=1.0002752496110843 accept=1
CLASSICAL_LM o=418 lambda=8.3523252170303966e-07 tau=8.3523252170303966e-07 prediction=20.433973165122143 rho=1.0002752496110843 accept=1
  MFCG it 419 cost=1.771137e+06 lam=8.352e-07 tau=0.00e+00 cg_it=1 shift=0 ckpt=2 alpha=0 acc mv=1187
PCG_PREP o=419 rebuild=1 drift=0 previous_depth=2
E2_CAP o=419 retry=0 touched=151 ncam=3068 raw=35961.665891138808 capped=23.282504440218485 radius=17308.622557547325 median=0.054547443862070111 global_scale=1
ATTR_RADIUS o=419 raw_norm=35961.665891138829 norm=23.282504440218432 radius=17308.622557547325 next_radius=17308.622557547325 lambda=8.3523252170303966e-07 next_lambda=8.3523252170303966e-07 rho=1.0001845565206098 accept=1
CLASSICAL_LM o=419 lambda=8.3523252170303966e-07 tau=8.3523252170303966e-07 prediction=19.89017949890723 rho=1.0001845565206098 accept=1
  MFCG it 420 cost=1.771117e+06 lam=8.352e-07 tau=0.00e+00 cg_it=1 shift=0 ckpt=2 alpha=0 acc mv=1190
PCG_PREP o=420 rebuild=1 drift=0 previous_depth=2
E2_CAP o=420 retry=0 touched=274 ncam=3068 raw=27860.85091395197 capped=63.382637636189429 radius=17308.622557547325 median=0.11321505664105191 global_scale=1
ATTR_RADIUS o=420 raw_norm=27860.850913951974 norm=63.3826376361895 radius=17308.622557547325 next_radius=17308.622557547325 lambda=8.3523252170303966e-07 next_lambda=8.3523252170303966e-07 rho=0.99994966600093926 accept=1
CLASSICAL_LM o=420 lambda=8.3523252170303966e-07 tau=8.3523252170303966e-07 prediction=109.6673487085543 rho=0.99994966600093926 accept=1
  MFCG it 421 cost=1.771007e+06 lam=8.352e-07 tau=0.00e+00 cg_it=0 shift=0 ckpt=1 alpha=0 acc mv=1192
PCG_PREP o=421 rebuild=1 drift=0 previous_depth=1
E2_CAP o=421 retry=0 touched=140 ncam=3068 raw=35996.724557161557 capped=88.916528222585384 radius=17308.622557547325 median=0.18660424924605806 global_scale=1
POINT_SAFE o=421 frozen=202 slope=-16.769890843664417 candidate=1771020.898173609 original=1771006.2870155303 current=1771007.0070000633 won=0 mode=1 camera_scale=1 keep_scale=0
ATTR_RADIUS o=421 raw_norm=35996.724557161542 norm=44.458264111292685 radius=17308.622557547325 next_radius=17308.622557547325 lambda=8.3523252170303966e-07 next_lambda=8.3523252170303966e-07 rho=0.99310841813931916 accept=1
CLASSICAL_LM o=421 lambda=8.3523252170303966e-07 tau=8.3523252170303966e-07 prediction=0.72498079754611311 rho=0.99310841813931916 accept=1
  MFCG it 422 cost=1.771006e+06 lam=8.352e-07 tau=0.00e+00 cg_it=1 shift=0 ckpt=2 alpha=0 acc mv=1195
PCG_PREP o=422 rebuild=1 drift=0 previous_depth=2
E2_CAP o=422 retry=0 touched=135 ncam=3068 raw=35966.252833063452 capped=45.511861168742655 radius=17308.622557547325 median=0.10400554906100978 global_scale=1
ATTR_RADIUS o=422 raw_norm=35966.25283306343 norm=45.511861168742669 radius=17308.622557547325 next_radius=17308.622557547325 lambda=8.3523252170303966e-07 next_lambda=8.3523252170303966e-07 rho=1.0598121562717657 accept=1
CLASSICAL_LM o=422 lambda=8.3523252170303966e-07 tau=8.3523252170303966e-07 prediction=0.62921640860607475 rho=1.0598121562717657 accept=1
  MFCG it 423 cost=1.771006e+06 lam=8.352e-07 tau=0.00e+00 cg_it=1 shift=0 ckpt=2 alpha=0 acc mv=1198
PCG_PREP o=423 rebuild=1 drift=0 previous_depth=2
E2_CAP o=423 retry=0 touched=137 ncam=3068 raw=35936.851849038838 capped=33.384409821341556 radius=17308.622557547325 median=0.080222646495512265 global_scale=1
ATTR_RADIUS o=423 raw_norm=35936.851849038845 norm=33.384409821341542 radius=17308.622557547325 next_radius=17308.622557547325 lambda=8.3523252170303966e-07 next_lambda=8.3523252170303966e-07 rho=1.0008019900876501 accept=1
CLASSICAL_LM o=423 lambda=8.3523252170303966e-07 tau=8.3523252170303966e-07 prediction=27.01097616832816 rho=1.0008019900876501 accept=1
  MFCG it 424 cost=1.770979e+06 lam=8.352e-07 tau=0.00e+00 cg_it=1 shift=0 ckpt=2 alpha=0 acc mv=1201
PCG_PREP o=424 rebuild=1 drift=0 previous_depth=2
E2_CAP o=424 retry=0 touched=135 ncam=3068 raw=35942.539485586007 capped=27.284436483571923 radius=17308.622557547325 median=0.065897072002878865 global_scale=1
ATTR_RADIUS o=424 raw_norm=35942.539485585978 norm=27.284436483572023 radius=17308.622557547325 next_radius=17308.622557547325 lambda=8.3523252170303966e-07 next_lambda=8.3523252170303966e-07 rho=1.0007970360616905 accept=1
CLASSICAL_LM o=424 lambda=8.3523252170303966e-07 tau=8.3523252170303966e-07 prediction=19.254351156163427 rho=1.0007970360616905 accept=1
  MFCG it 425 cost=1.770959e+06 lam=8.352e-07 tau=0.00e+00 cg_it=1 shift=0 ckpt=2 alpha=0 acc mv=1204
PCG_PREP o=425 rebuild=1 drift=0 previous_depth=2
E2_CAP o=425 retry=0 touched=144 ncam=3068 raw=35935.541276409815 capped=25.141879908998366 radius=17308.622557547325 median=0.060033794937242958 global_scale=1
ATTR_RADIUS o=425 raw_norm=35935.541276409844 norm=25.141879908998369 radius=17308.622557547325 next_radius=17308.622557547325 lambda=8.3523252170303966e-07 next_lambda=8.3523252170303966e-07 rho=1.0005200964387111 accept=1
CLASSICAL_LM o=425 lambda=8.3523252170303966e-07 tau=8.3523252170303966e-07 prediction=21.363184558520157 rho=1.0005200964387111 accept=1
  MFCG it 426 cost=1.770938e+06 lam=8.352e-07 tau=0.00e+00 cg_it=1 shift=0 ckpt=2 alpha=0 acc mv=1207
PCG_PREP o=426 rebuild=1 drift=0 previous_depth=2
E2_CAP o=426 retry=0 touched=145 ncam=3068 raw=35936.5683403558 capped=23.68739787138319 radius=17308.622557547325 median=0.056289604476054106 global_scale=1
ATTR_RADIUS o=426 raw_norm=35936.568340355829 norm=23.68739787138319 radius=17308.622557547325 next_radius=17308.622557547325 lambda=8.3523252170303966e-07 next_lambda=8.3523252170303966e-07 rho=1.0004891239442382 accept=1
CLASSICAL_LM o=426 lambda=8.3523252170303966e-07 tau=8.3523252170303966e-07 prediction=19.527882118204907 rho=1.0004891239442382 accept=1
  MFCG it 427 cost=1.770918e+06 lam=8.352e-07 tau=0.00e+00 cg_it=1 shift=0 ckpt=2 alpha=0 acc mv=1210
PCG_PREP o=427 rebuild=1 drift=0 previous_depth=2
E2_CAP o=427 retry=0 touched=147 ncam=3068 raw=35933.621169456019 capped=22.942144090311952 radius=17308.622557547325 median=0.054168889248172758 global_scale=1
ATTR_RADIUS o=427 raw_norm=35933.621169456026 norm=22.942144090311952 radius=17308.622557547325 next_radius=17308.622557547325 lambda=8.3523252170303966e-07 next_lambda=8.3523252170303966e-07 rho=1.0004144619313049 accept=1
CLASSICAL_LM o=427 lambda=8.3523252170303966e-07 tau=8.3523252170303966e-07 prediction=19.813292487365572 rho=1.0004144619313049 accept=1
  MFCG it 428 cost=1.770899e+06 lam=8.352e-07 tau=0.00e+00 cg_it=1 shift=0 ckpt=2 alpha=0 acc mv=1213
PCG_PREP o=428 rebuild=1 drift=0 previous_depth=2
E2_CAP o=428 retry=0 touched=148 ncam=3068 raw=35933.429616808215 capped=22.341406125832489 radius=17308.622557547325 median=0.052545207591872013 global_scale=1
ATTR_RADIUS o=428 raw_norm=35933.429616808215 norm=22.341406125832503 radius=17308.622557547325 next_radius=17308.622557547325 lambda=8.3523252170303966e-07 next_lambda=8.3523252170303966e-07 rho=1.0003936150469113 accept=1
CLASSICAL_LM o=428 lambda=8.3523252170303966e-07 tau=8.3523252170303966e-07 prediction=19.168706737036146 rho=1.0003936150469113 accept=1
  MFCG it 429 cost=1.770879e+06 lam=8.352e-07 tau=0.00e+00 cg_it=1 shift=0 ckpt=2 alpha=0 acc mv=1216
PCG_PREP o=429 rebuild=1 drift=0 previous_depth=2
E2_CAP o=429 retry=0 touched=274 ncam=3068 raw=27859.307353411074 capped=63.126682849934312 radius=17308.622557547325 median=0.11262783969249746 global_scale=1
ATTR_RADIUS o=429 raw_norm=27859.307353411041 norm=63.126682849934333 radius=17308.622557547325 next_radius=17308.622557547325 lambda=8.3523252170303966e-07 next_lambda=8.3523252170303966e-07 rho=0.99995425624454493 accept=1
CLASSICAL_LM o=429 lambda=8.3523252170303966e-07 tau=8.3523252170303966e-07 prediction=109.05508919759455 rho=0.99995425624454493 accept=1
  MFCG it 430 cost=1.770770e+06 lam=8.352e-07 tau=0.00e+00 cg_it=0 shift=0 ckpt=1 alpha=0 acc mv=1218
PCG_PREP o=430 rebuild=1 drift=0 previous_depth=1
E2_CAP o=430 retry=0 touched=145 ncam=3068 raw=35968.641231252906 capped=88.54730843109283 radius=17308.622557547325 median=0.18527330873966513 global_scale=1
POINT_SAFE o=430 frozen=207 slope=-16.887594438563315 candidate=1770783.9458209558 original=1770769.532831169 current=1770770.3582421325 won=0 mode=1 camera_scale=1 keep_scale=0
ATTR_RADIUS o=430 raw_norm=35968.641231252914 norm=44.273654215546401 radius=17308.622557547325 next_radius=17308.622557547325 lambda=8.3523252170303966e-07 next_lambda=8.3523252170303966e-07 rho=0.99331744572749092 accept=1
CLASSICAL_LM o=430 lambda=8.3523252170303966e-07 tau=8.3523252170303966e-07 prediction=0.83096392502928662 rho=0.99331744572749092 accept=1
  MFCG it 431 cost=1.770770e+06 lam=8.352e-07 tau=0.00e+00 cg_it=1 shift=0 ckpt=2 alpha=0 acc mv=1221
PCG_PREP o=431 rebuild=1 drift=0 previous_depth=2
E2_CAP o=431 retry=0 touched=135 ncam=3068 raw=35938.205792995002 capped=45.05825010034772 radius=17308.622557547325 median=0.10266189361241668 global_scale=1
ATTR_RADIUS o=431 raw_norm=35938.205792995017 norm=45.058250100347642 radius=17308.622557547325 next_radius=17308.622557547325 lambda=8.3523252170303966e-07 next_lambda=8.3523252170303966e-07 rho=1.0538722143143724 accept=1
CLASSICAL_LM o=431 lambda=8.3523252170303966e-07 tau=8.3523252170303966e-07 prediction=0.69566441557082737 rho=1.0538722143143724 accept=1
  MFCG it 432 cost=1.770769e+06 lam=8.352e-07 tau=0.00e+00 cg_it=1 shift=0 ckpt=2 alpha=0 acc mv=1224
PCG_PREP o=432 rebuild=1 drift=0 previous_depth=2
E2_CAP o=432 retry=0 touched=137 ncam=3068 raw=35909.894646845605 capped=32.571361339540424 radius=17308.622557547325 median=0.078037358935000065 global_scale=1
ATTR_RADIUS o=432 raw_norm=35909.894646845649 norm=32.57136133954041 radius=17308.622557547325 next_radius=17308.622557547325 lambda=8.3523252170303966e-07 next_lambda=8.3523252170303966e-07 rho=1.0007860321452797 accept=1
CLASSICAL_LM o=432 lambda=8.3523252170303966e-07 tau=8.3523252170303966e-07 prediction=26.354649663599083 rho=1.0007860321452797 accept=1
  MFCG it 433 cost=1.770742e+06 lam=8.352e-07 tau=0.00e+00 cg_it=1 shift=0 ckpt=2 alpha=0 acc mv=1227
PCG_PREP o=433 rebuild=1 drift=0 previous_depth=2
E2_CAP o=433 retry=0 touched=137 ncam=3068 raw=35913.017450723499 capped=26.662694691037718 radius=17308.622557547325 median=0.064414981056774595 global_scale=1
ATTR_RADIUS o=433 raw_norm=35913.017450723535 norm=26.6626946910377 radius=17308.622557547325 next_radius=17308.622557547325 lambda=8.3523252170303966e-07 next_lambda=8.3523252170303966e-07 rho=1.0007793760069192 accept=1
CLASSICAL_LM o=433 lambda=8.3523252170303966e-07 tau=8.3523252170303966e-07 prediction=18.71547717842224 rho=1.0007793760069192 accept=1
  MFCG it 434 cost=1.770724e+06 lam=8.352e-07 tau=0.00e+00 cg_it=1 shift=0 ckpt=2 alpha=0 acc mv=1230
PCG_PREP o=434 rebuild=1 drift=0 previous_depth=2
E2_CAP o=434 retry=0 touched=142 ncam=3068 raw=35909.949517215544 capped=24.653421330426113 radius=17308.622557547325 median=0.058923505548528612 global_scale=1
ATTR_RADIUS o=434 raw_norm=35909.949517215544 norm=24.653421330426067 radius=17308.622557547325 next_radius=17308.622557547325 lambda=8.3523252170303966e-07 next_lambda=8.3523252170303966e-07 rho=1.0005038073590724 accept=1
CLASSICAL_LM o=434 lambda=8.3523252170303966e-07 tau=8.3523252170303966e-07 prediction=20.826742417475273 rho=1.0005038073590724 accept=1
  MFCG it 435 cost=1.770703e+06 lam=8.352e-07 tau=0.00e+00 cg_it=1 shift=0 ckpt=2 alpha=0 acc mv=1233
PCG_PREP o=435 rebuild=1 drift=0 previous_depth=2
E2_CAP o=435 retry=0 touched=145 ncam=3068 raw=35907.348953022156 capped=23.306462174284508 radius=17308.622557547325 median=0.055230414786544495 global_scale=1
ATTR_RADIUS o=435 raw_norm=35907.34895302217 norm=23.306462174284604 radius=17308.622557547325 next_radius=17308.622557547325 lambda=8.3523252170303966e-07 next_lambda=8.3523252170303966e-07 rho=1.0004286809772391 accept=1
CLASSICAL_LM o=435 lambda=8.3523252170303966e-07 tau=8.3523252170303966e-07 prediction=19.020404939597 rho=1.0004286809772391 accept=1
  MFCG it 436 cost=1.770684e+06 lam=8.352e-07 tau=0.00e+00 cg_it=1 shift=0 ckpt=2 alpha=0 acc mv=1236
PCG_PREP o=436 rebuild=1 drift=0 previous_depth=2
E2_CAP o=436 retry=0 touched=149 ncam=3068 raw=35909.182944477856 capped=22.372550941455835 radius=17308.622557547325 median=0.052548976899967889 global_scale=1
ATTR_RADIUS o=436 raw_norm=35909.182944477856 norm=22.372550941455792 radius=17308.622557547325 next_radius=17308.622557547325 lambda=8.3523252170303966e-07 next_lambda=8.3523252170303966e-07 rho=1.0003101571888708 accept=1
CLASSICAL_LM o=436 lambda=8.3523252170303966e-07 tau=8.3523252170303966e-07 prediction=19.143725414189692 rho=1.0003101571888708 accept=1
  MFCG it 437 cost=1.770665e+06 lam=8.352e-07 tau=0.00e+00 cg_it=1 shift=0 ckpt=2 alpha=0 acc mv=1239
PCG_PREP o=437 rebuild=1 drift=0 previous_depth=2
E2_CAP o=437 retry=0 touched=148 ncam=3068 raw=35904.047796453531 capped=21.770679502319805 radius=17308.622557547325 median=0.05103165160273436 global_scale=1
ATTR_RADIUS o=437 raw_norm=35904.047796453538 norm=21.770679502319823 radius=17308.622557547325 next_radius=17308.622557547325 lambda=8.3523252170303966e-07 next_lambda=8.3523252170303966e-07 rho=1.0002022076481412 accept=1
CLASSICAL_LM o=437 lambda=8.3523252170303966e-07 tau=8.3523252170303966e-07 prediction=18.540231056386169 rho=1.0002022076481412 accept=1
  MFCG it 438 cost=1.770646e+06 lam=8.352e-07 tau=0.00e+00 cg_it=1 shift=0 ckpt=2 alpha=0 acc mv=1242
PCG_PREP o=438 rebuild=1 drift=0 previous_depth=2
E2_CAP o=438 retry=0 touched=149 ncam=3068 raw=35901.622593615895 capped=21.521754198003634 radius=17308.622557547325 median=0.050326619352129572 global_scale=1
ATTR_RADIUS o=438 raw_norm=35901.62259361591 norm=21.521754198003663 radius=17308.622557547325 next_radius=17308.622557547325 lambda=8.3523252170303966e-07 next_lambda=8.3523252170303966e-07 rho=1.0001014710055955 accept=1
CLASSICAL_LM o=438 lambda=8.3523252170303966e-07 tau=8.3523252170303966e-07 prediction=18.661371537923085 rho=1.0001014710055955 accept=1
  MFCG it 439 cost=1.770627e+06 lam=8.352e-07 tau=0.00e+00 cg_it=1 shift=0 ckpt=2 alpha=0 acc mv=1245
PCG_PREP o=439 rebuild=1 drift=0 previous_depth=2
E2_CAP o=439 retry=0 touched=149 ncam=3068 raw=35900.838672162368 capped=21.130283017765294 radius=17308.622557547325 median=0.049195038104007646 global_scale=1
ATTR_RADIUS o=439 raw_norm=35900.838672162332 norm=21.130283017765294 radius=17308.622557547325 next_radius=17308.622557547325 lambda=8.3523252170303966e-07 next_lambda=8.3523252170303966e-07 rho=0.99998740621139903 accept=1
CLASSICAL_LM o=439 lambda=8.3523252170303966e-07 tau=8.3523252170303966e-07 prediction=18.305459513948485 rho=0.99998740621139903 accept=1
  MFCG it 440 cost=1.770609e+06 lam=8.352e-07 tau=0.00e+00 cg_it=1 shift=0 ckpt=2 alpha=0 acc mv=1248
PCG_PREP o=440 rebuild=1 drift=0 previous_depth=2
E2_CAP o=440 retry=0 touched=275 ncam=3068 raw=27847.118543530756 capped=62.600928612653227 radius=17308.622557547325 median=0.1112099843910543 global_scale=1
ATTR_RADIUS o=440 raw_norm=27847.118543530716 norm=62.600928612653178 radius=17308.622557547325 next_radius=17308.622557547325 lambda=8.3523252170303966e-07 next_lambda=8.3523252170303966e-07 rho=0.99991250331246684 accept=1
CLASSICAL_LM o=440 lambda=8.3523252170303966e-07 tau=8.3523252170303966e-07 prediction=107.83573840947031 rho=0.99991250331246684 accept=1
  MFCG it 441 cost=1.770501e+06 lam=8.352e-07 tau=0.00e+00 cg_it=0 shift=0 ckpt=1 alpha=0 acc mv=1250
PCG_PREP o=441 rebuild=1 drift=0 previous_depth=1
E2_CAP o=441 retry=0 touched=145 ncam=3068 raw=35937.348922814832 capped=87.472328775164428 radius=17308.622557547325 median=0.18233033103492366 global_scale=1
POINT_SAFE o=441 frozen=209 slope=-17.10620723298323 candidate=1770514.3187382403 original=1770500.3076609669 current=1770501.3400269686 won=0 mode=1 camera_scale=1 keep_scale=0
ATTR_RADIUS o=441 raw_norm=35937.348922814825 norm=43.7361643875822 radius=17308.622557547325 next_radius=17308.622557547325 lambda=8.3523252170303966e-07 next_lambda=8.3523252170303966e-07 rho=0.9947879677587379 accept=1
CLASSICAL_LM o=441 lambda=8.3523252170303966e-07 tau=8.3523252170303966e-07 prediction=1.037774918077881 rho=0.9947879677587379 accept=1
  MFCG it 442 cost=1.770500e+06 lam=8.352e-07 tau=0.00e+00 cg_it=1 shift=0 ckpt=2 alpha=0 acc mv=1253
PCG_PREP o=442 rebuild=1 drift=0 previous_depth=2
E2_CAP o=442 retry=0 touched=138 ncam=3068 raw=35906.551399406482 capped=44.097631993199307 radius=17308.622557547325 median=0.099886172477693297 global_scale=1
ATTR_RADIUS o=442 raw_norm=35906.551399406519 norm=44.097631993199307 radius=17308.622557547325 next_radius=17308.622557547325 lambda=8.3523252170303966e-07 next_lambda=8.3523252170303966e-07 rho=1.0486212936179002 accept=1
CLASSICAL_LM o=442 lambda=8.3523252170303966e-07 tau=8.3523252170303966e-07 prediction=0.72841345075129471 rho=1.0486212936179002 accept=1
  MFCG it 443 cost=1.770500e+06 lam=8.352e-07 tau=0.00e+00 cg_it=1 shift=0 ckpt=2 alpha=0 acc mv=1256
PCG_PREP o=443 rebuild=1 drift=0 previous_depth=2
E2_CAP o=443 retry=0 touched=136 ncam=3068 raw=35876.747134939331 capped=31.536526209232836 radius=17308.622557547325 median=0.075629536283008544 global_scale=1
ATTR_RADIUS o=443 raw_norm=35876.747134939338 norm=31.536526209232882 radius=17308.622557547325 next_radius=17308.622557547325 lambda=8.3523252170303966e-07 next_lambda=8.3523252170303966e-07 rho=1.0007431948277044 accept=1
CLASSICAL_LM o=443 lambda=8.3523252170303966e-07 tau=8.3523252170303966e-07 prediction=25.652237177962252 rho=1.0007431948277044 accept=1
  MFCG it 444 cost=1.770474e+06 lam=8.352e-07 tau=0.00e+00 cg_it=1 shift=0 ckpt=2 alpha=0 acc mv=1259
PCG_PREP o=444 rebuild=1 drift=0 previous_depth=2
E2_CAP o=444 retry=0 touched=137 ncam=3068 raw=35882.860378742138 capped=25.76079114529476 radius=17308.622557547325 median=0.062245375876178954 global_scale=1
ATTR_RADIUS o=444 raw_norm=35882.860378742167 norm=25.760791145294718 radius=17308.622557547325 next_radius=17308.622557547325 lambda=8.3523252170303966e-07 next_lambda=8.3523252170303966e-07 rho=1.0007193632368816 accept=1
CLASSICAL_LM o=444 lambda=8.3523252170303966e-07 tau=8.3523252170303966e-07 prediction=18.084493400366739 rho=1.0007193632368816 accept=1
  MFCG it 445 cost=1.770456e+06 lam=8.352e-07 tau=0.00e+00 cg_it=1 shift=0 ckpt=2 alpha=0 acc mv=1262
PCG_PREP o=445 rebuild=1 drift=0 previous_depth=2
E2_CAP o=445 retry=0 touched=143 ncam=3068 raw=35875.150363930763 capped=23.640009042315924 radius=17308.622557547325 median=0.056540699275250822 global_scale=1
ATTR_RADIUS o=445 raw_norm=35875.15036393077 norm=23.640009042315985 radius=17308.622557547325 next_radius=17308.622557547325 lambda=8.3523252170303966e-07 next_lambda=8.3523252170303966e-07 rho=1.0004255413549172 accept=1
CLASSICAL_LM o=445 lambda=8.3523252170303966e-07 tau=8.3523252170303966e-07 prediction=20.045942582964365 rho=1.0004255413549172 accept=1
  MFCG it 446 cost=1.770436e+06 lam=8.352e-07 tau=0.00e+00 cg_it=1 shift=0 ckpt=2 alpha=0 acc mv=1265
PCG_PREP o=446 rebuild=1 drift=0 previous_depth=2
E2_CAP o=446 retry=0 touched=145 ncam=3068 raw=35875.509090526655 capped=22.073808925154331 radius=17308.622557547325 median=0.052477460816279707 global_scale=1
ATTR_RADIUS o=446 raw_norm=35875.509090526692 norm=22.073808925154296 radius=17308.622557547325 next_radius=17308.622557547325 lambda=8.3523252170303966e-07 next_lambda=8.3523252170303966e-07 rho=1.0003079865828333 accept=1
CLASSICAL_LM o=446 lambda=8.3523252170303966e-07 tau=8.3523252170303966e-07 prediction=18.144260861777457 rho=1.0003079865828333 accept=1
  MFCG it 447 cost=1.770418e+06 lam=8.352e-07 tau=0.00e+00 cg_it=1 shift=0 ckpt=2 alpha=0 acc mv=1268
PCG_PREP o=447 rebuild=1 drift=0 previous_depth=2
E2_CAP o=447 retry=0 touched=146 ncam=3068 raw=35875.328250526683 capped=21.230402113712668 radius=17308.622557547325 median=0.049998130143089001 global_scale=1
ATTR_RADIUS o=447 raw_norm=35875.328250526691 norm=21.230402113712689 radius=17308.622557547325 next_radius=17308.622557547325 lambda=8.3523252170303966e-07 next_lambda=8.3523252170303966e-07 rho=1.0000608847810364 accept=1
CLASSICAL_LM o=447 lambda=8.3523252170303966e-07 tau=8.3523252170303966e-07 prediction=18.291608015881966 rho=1.0000608847810364 accept=1
  MFCG it 448 cost=1.770399e+06 lam=8.352e-07 tau=0.00e+00 cg_it=1 shift=0 ckpt=2 alpha=0 acc mv=1271
PCG_PREP o=448 rebuild=1 drift=0 previous_depth=2
E2_CAP o=448 retry=0 touched=148 ncam=3068 raw=35871.599450944501 capped=20.876962141518977 radius=17308.622557547325 median=0.04897793957212037 global_scale=1
ATTR_RADIUS o=448 raw_norm=35871.599450944508 norm=20.876962141519012 radius=17308.622557547325 next_radius=17308.622557547325 lambda=8.3523252170303966e-07 next_lambda=8.3523252170303966e-07 rho=0.99966446875488735 accept=1
CLASSICAL_LM o=448 lambda=8.3523252170303966e-07 tau=8.3523252170303966e-07 prediction=17.835724498918175 rho=0.99966446875488735 accept=1
  MFCG it 449 cost=1.770381e+06 lam=8.352e-07 tau=0.00e+00 cg_it=1 shift=0 ckpt=2 alpha=0 acc mv=1274
PCG_PREP o=449 rebuild=1 drift=0 previous_depth=2
E2_CAP o=449 retry=0 touched=150 ncam=3068 raw=35869.523026567709 capped=20.51277008334214 radius=17308.622557547325 median=0.047966753012170502 global_scale=1
ATTR_RADIUS o=449 raw_norm=35869.523026567709 norm=20.512770083342183 radius=17308.622557547325 next_radius=17308.622557547325 lambda=8.3523252170303966e-07 next_lambda=8.3523252170303966e-07 rho=0.99941414198853729 accept=1
CLASSICAL_LM o=449 lambda=8.3523252170303966e-07 tau=8.3523252170303966e-07 prediction=17.848082484189927 rho=0.99941414198853729 accept=1
  MFCG it 450 cost=1.770364e+06 lam=8.352e-07 tau=0.00e+00 cg_it=1 shift=0 ckpt=2 alpha=0 acc mv=1277
PCG_PREP o=450 rebuild=1 drift=0 previous_depth=2
E2_CAP o=450 retry=0 touched=150 ncam=3068 raw=35868.488339881107 capped=20.407995768426172 radius=17308.622557547325 median=0.047740719198708759 global_scale=1
ATTR_RADIUS o=450 raw_norm=35868.488339881114 norm=20.407995768426172 radius=17308.622557547325 next_radius=17308.622557547325 lambda=8.3523252170303966e-07 next_lambda=8.3523252170303966e-07 rho=0.99938642560669999 accept=1
CLASSICAL_LM o=450 lambda=8.3523252170303966e-07 tau=8.3523252170303966e-07 prediction=17.754880604667854 rho=0.99938642560669999 accept=1
  MFCG it 451 cost=1.770346e+06 lam=8.352e-07 tau=0.00e+00 cg_it=1 shift=0 ckpt=2 alpha=0 acc mv=1280
PCG_PREP o=451 rebuild=1 drift=0 previous_depth=2
E2_CAP o=451 retry=0 touched=273 ncam=3068 raw=27844.052717565242 capped=62.247175647303159 radius=17308.622557547325 median=0.11036391356717568 global_scale=1
ATTR_RADIUS o=451 raw_norm=27844.052717565264 norm=62.247175647303116 radius=17308.622557547325 next_radius=17308.622557547325 lambda=8.3523252170303966e-07 next_lambda=8.3523252170303966e-07 rho=0.99982633977820856 accept=1
CLASSICAL_LM o=451 lambda=8.3523252170303966e-07 tau=8.3523252170303966e-07 prediction=106.5527610413869 rho=0.99982633977820856 accept=1
  MFCG it 452 cost=1.770239e+06 lam=8.352e-07 tau=0.00e+00 cg_it=0 shift=0 ckpt=1 alpha=0 acc mv=1282
PCG_PREP o=452 rebuild=1 drift=0 previous_depth=1
E2_CAP o=452 retry=0 touched=148 ncam=3068 raw=35906.778929113389 capped=86.260808070893646 radius=17308.622557547325 median=0.17848964631064948 global_scale=1
POINT_SAFE o=452 frozen=216 slope=-16.858876783440955 candidate=1770252.3101225272 original=1770238.3617447533 current=1770239.3323730682 won=0 mode=1 camera_scale=1 keep_scale=0
ATTR_RADIUS o=452 raw_norm=35906.778929113381 norm=43.130404035446745 radius=17308.622557547325 next_radius=17308.622557547325 lambda=8.3523252170303966e-07 next_lambda=8.3523252170303966e-07 rho=0.99177311508224331 accept=1
CLASSICAL_LM o=452 lambda=8.3523252170303966e-07 tau=8.3523252170303966e-07 prediction=0.97867980097836149 rho=0.99177311508224331 accept=1
  MFCG it 453 cost=1.770238e+06 lam=8.352e-07 tau=0.00e+00 cg_it=1 shift=0 ckpt=2 alpha=0 acc mv=1285
PCG_PREP o=453 rebuild=1 drift=0 previous_depth=2
E2_CAP o=453 retry=0 touched=137 ncam=3068 raw=35874.029053911079 capped=43.24479550794328 radius=17308.622557547325 median=0.097193371700586617 global_scale=1
ATTR_RADIUS o=453 raw_norm=35874.029053911072 norm=43.244795507943216 radius=17308.622557547325 next_radius=17308.622557547325 lambda=8.3523252170303966e-07 next_lambda=8.3523252170303966e-07 rho=1.0682268645941351 accept=1
CLASSICAL_LM o=453 lambda=8.3523252170303966e-07 tau=8.3523252170303966e-07 prediction=0.4912037345412994 rho=1.0682268645941351 accept=1
  MFCG it 454 cost=1.770238e+06 lam=8.352e-07 tau=0.00e+00 cg_it=1 shift=0 ckpt=2 alpha=0 acc mv=1288
PCG_PREP o=454 rebuild=1 drift=0 previous_depth=2
E2_CAP o=454 retry=0 touched=139 ncam=3068 raw=35845.183822055587 capped=30.606590891787448 radius=17308.622557547325 median=0.072937478287611546 global_scale=1
ATTR_RADIUS o=454 raw_norm=35845.183822055602 norm=30.60659089178742 radius=17308.622557547325 next_radius=17308.622557547325 lambda=8.3523252170303966e-07 next_lambda=8.3523252170303966e-07 rho=1.0006809664205114 accept=1
CLASSICAL_LM o=454 lambda=8.3523252170303966e-07 tau=8.3523252170303966e-07 prediction=24.849699777248695 rho=1.0006809664205114 accept=1
  MFCG it 455 cost=1.770213e+06 lam=8.352e-07 tau=0.00e+00 cg_it=1 shift=0 ckpt=2 alpha=0 acc mv=1291
PCG_PREP o=455 rebuild=1 drift=0 previous_depth=2
E2_CAP o=455 retry=0 touched=137 ncam=3068 raw=35854.614247775266 capped=24.900327640042541 radius=17308.622557547325 median=0.060192364592580788 global_scale=1
ATTR_RADIUS o=455 raw_norm=35854.614247775251 norm=24.900327640042519 radius=17308.622557547325 next_radius=17308.622557547325 lambda=8.3523252170303966e-07 next_lambda=8.3523252170303966e-07 rho=1.0005909176255381 accept=1
CLASSICAL_LM o=455 lambda=8.3523252170303966e-07 tau=8.3523252170303966e-07 prediction=17.347257958066471 rho=1.0005909176255381 accept=1
  MFCG it 456 cost=1.770196e+06 lam=8.352e-07 tau=0.00e+00 cg_it=1 shift=0 ckpt=2 alpha=0 acc mv=1294
PCG_PREP o=456 rebuild=1 drift=0 previous_depth=2
E2_CAP o=456 retry=0 touched=142 ncam=3068 raw=35843.965056775211 capped=22.832233017012996 radius=17308.622557547325 median=0.054747539384016816 global_scale=1
ATTR_RADIUS o=456 raw_norm=35843.965056775254 norm=22.832233017012999 radius=17308.622557547325 next_radius=17308.622557547325 lambda=8.3523252170303966e-07 next_lambda=8.3523252170303966e-07 rho=1.0001970460024132 accept=1
CLASSICAL_LM o=456 lambda=8.3523252170303966e-07 tau=8.3523252170303966e-07 prediction=19.367691855071939 rho=1.0001970460024132 accept=1
  MFCG it 457 cost=1.770176e+06 lam=8.352e-07 tau=0.00e+00 cg_it=1 shift=0 ckpt=2 alpha=0 acc mv=1297
PCG_PREP o=457 rebuild=1 drift=0 previous_depth=2
E2_CAP o=457 retry=0 touched=144 ncam=3068 raw=35844.499940178714 capped=21.510445468392735 radius=17308.622557547325 median=0.051004759634289507 global_scale=1
ATTR_RADIUS o=457 raw_norm=35844.499940178648 norm=21.510445468392724 radius=17308.622557547325 next_radius=17308.622557547325 lambda=8.3523252170303966e-07 next_lambda=8.3523252170303966e-07 rho=0.99974197352252747 accept=1
CLASSICAL_LM o=457 lambda=8.3523252170303966e-07 tau=8.3523252170303966e-07 prediction=17.558999126118728 rho=0.99974197352252747 accept=1
  MFCG it 458 cost=1.770159e+06 lam=8.352e-07 tau=0.00e+00 cg_it=1 shift=0 ckpt=2 alpha=0 acc mv=1300
PCG_PREP o=458 rebuild=1 drift=0 previous_depth=2
E2_CAP o=458 retry=0 touched=147 ncam=3068 raw=35841.361397175919 capped=20.47567278192102 radius=17308.622557547325 median=0.04794747687204326 global_scale=1
ATTR_RADIUS o=458 raw_norm=35841.36139717589 norm=20.47567278192107 radius=17308.622557547325 next_radius=17308.622557547325 lambda=8.3523252170303966e-07 next_lambda=8.3523252170303966e-07 rho=0.99934611169479415 accept=1
CLASSICAL_LM o=458 lambda=8.3523252170303966e-07 tau=8.3523252170303966e-07 prediction=17.546157040463857 rho=0.99934611169479415 accept=1
  MFCG it 459 cost=1.770141e+06 lam=8.352e-07 tau=0.00e+00 cg_it=1 shift=0 ckpt=2 alpha=0 acc mv=1303
PCG_PREP o=459 rebuild=1 drift=0 previous_depth=2
E2_CAP o=459 retry=0 touched=147 ncam=3068 raw=35840.211853823974 capped=20.147496371278546 radius=17308.622557547325 median=0.04705612545779031 global_scale=1
ATTR_RADIUS o=459 raw_norm=35840.211853823981 norm=20.147496371278564 radius=17308.622557547325 next_radius=17308.622557547325 lambda=8.3523252170303966e-07 next_lambda=8.3523252170303966e-07 rho=0.99921475267678306 accept=1
CLASSICAL_LM o=459 lambda=8.3523252170303966e-07 tau=8.3523252170303966e-07 prediction=17.115533326465204 rho=0.99921475267678306 accept=1
  MFCG it 460 cost=1.770124e+06 lam=8.352e-07 tau=0.00e+00 cg_it=1 shift=0 ckpt=2 alpha=0 acc mv=1306
PCG_PREP o=460 rebuild=1 drift=0 previous_depth=2
E2_CAP o=460 retry=0 touched=149 ncam=3068 raw=35838.804350772953 capped=19.762808083131056 radius=17308.622557547325 median=0.045962103068747408 global_scale=1
ATTR_RADIUS o=460 raw_norm=35838.804350772931 norm=19.762808083131077 radius=17308.622557547325 next_radius=17308.622557547325 lambda=8.3523252170303966e-07 next_lambda=8.3523252170303966e-07 rho=0.99920751678478914 accept=1
CLASSICAL_LM o=460 lambda=8.3523252170303966e-07 tau=8.3523252170303966e-07 prediction=17.094603580090862 rho=0.99920751678478914 accept=1
  MFCG it 461 cost=1.770107e+06 lam=8.352e-07 tau=0.00e+00 cg_it=1 shift=0 ckpt=2 alpha=0 acc mv=1309
PCG_PREP o=461 rebuild=1 drift=0 previous_depth=2
E2_CAP o=461 retry=0 touched=151 ncam=3068 raw=35837.191719904098 capped=19.653153005857288 radius=17308.622557547325 median=0.04563489404953805 global_scale=1
ATTR_RADIUS o=461 raw_norm=35837.191719904084 norm=19.653153005857238 radius=17308.622557547325 next_radius=17308.622557547325 lambda=8.3523252170303966e-07 next_lambda=8.3523252170303966e-07 rho=0.99921232340383859 accept=1
CLASSICAL_LM o=461 lambda=8.3523252170303966e-07 tau=8.3523252170303966e-07 prediction=16.956592159359236 rho=0.99921232340383859 accept=1
  MFCG it 462 cost=1.770090e+06 lam=8.352e-07 tau=0.00e+00 cg_it=1 shift=0 ckpt=2 alpha=0 acc mv=1312
PCG_PREP o=462 rebuild=1 drift=0 previous_depth=2
E2_CAP o=462 retry=0 touched=150 ncam=3068 raw=35837.379762138458 capped=19.481742123174509 radius=17308.622557547325 median=0.045093656427553822 global_scale=1
ATTR_RADIUS o=462 raw_norm=35837.379762138422 norm=19.481742123174513 radius=17308.622557547325 next_radius=17308.622557547325 lambda=8.3523252170303966e-07 next_lambda=8.3523252170303966e-07 rho=0.99922122131245794 accept=1
CLASSICAL_LM o=462 lambda=8.3523252170303966e-07 tau=8.3523252170303966e-07 prediction=16.923398439720053 rho=0.99922122131245794 accept=1
  MFCG it 463 cost=1.770073e+06 lam=8.352e-07 tau=0.00e+00 cg_it=1 shift=0 ckpt=2 alpha=0 acc mv=1315
PCG_PREP o=463 rebuild=1 drift=0 previous_depth=2
E2_CAP o=463 retry=0 touched=273 ncam=3068 raw=27840.801759020542 capped=61.97721815571569 radius=17308.622557547325 median=0.10973396613387715 global_scale=1
ATTR_RADIUS o=463 raw_norm=27840.801759020571 norm=61.977218155715626 radius=17308.622557547325 next_radius=17308.622557547325 lambda=8.3523252170303966e-07 next_lambda=8.3523252170303966e-07 rho=0.99980291801790278 accept=1
CLASSICAL_LM o=463 lambda=8.3523252170303966e-07 tau=8.3523252170303966e-07 prediction=105.33014014450826 rho=0.99980291801790278 accept=1
  MFCG it 464 cost=1.769968e+06 lam=8.352e-07 tau=0.00e+00 cg_it=0 shift=0 ckpt=1 alpha=0 acc mv=1317
PCG_PREP o=464 rebuild=1 drift=0 previous_depth=1
E2_CAP o=464 retry=0 touched=148 ncam=3068 raw=35874.220358560473 capped=85.616762944811157 radius=17308.622557547325 median=0.17658927614655653 global_scale=1
POINT_SAFE o=464 frozen=225 slope=-16.910365625693355 candidate=1769980.5988460742 original=1769966.7762035283 current=1769967.8062509755 won=0 mode=1 camera_scale=1 keep_scale=0
ATTR_RADIUS o=464 raw_norm=35874.220358560473 norm=42.808381472405543 radius=17308.622557547325 next_radius=17308.622557547325 lambda=8.3523252170303966e-07 next_lambda=8.3523252170303966e-07 rho=0.99204776379630943 accept=1
CLASSICAL_LM o=464 lambda=8.3523252170303966e-07 tau=8.3523252170303966e-07 prediction=1.0383042881384075 rho=0.99204776379630943 accept=1
  MFCG it 465 cost=1.769967e+06 lam=8.352e-07 tau=0.00e+00 cg_it=1 shift=0 ckpt=2 alpha=0 acc mv=1320
PCG_PREP o=465 rebuild=1 drift=0 previous_depth=2
E2_CAP o=465 retry=0 touched=139 ncam=3068 raw=35841.260146507244 capped=42.422306478630212 radius=17308.622557547325 median=0.094621039830313142 global_scale=1
ATTR_RADIUS o=465 raw_norm=35841.260146507258 norm=42.422306478630318 radius=17308.622557547325 next_radius=17308.622557547325 lambda=8.3523252170303966e-07 next_lambda=8.3523252170303966e-07 rho=1.1850266562213241 accept=1
CLASSICAL_LM o=465 lambda=8.3523252170303966e-07 tau=8.3523252170303966e-07 prediction=0.17348591686512282 rho=1.1850266562213241 accept=1
  MFCG it 466 cost=1.769967e+06 lam=8.352e-07 tau=0.00e+00 cg_it=1 shift=0 ckpt=2 alpha=0 acc mv=1323
PCG_PREP o=466 rebuild=1 drift=0 previous_depth=2
E2_CAP o=466 retry=0 touched=140 ncam=3068 raw=35814.168374654531 capped=29.678137045363094 radius=17308.622557547325 median=0.070329785087383384 global_scale=1
ATTR_RADIUS o=466 raw_norm=35814.168374654553 norm=29.678137045363155 radius=17308.622557547325 next_radius=17308.622557547325 lambda=8.3523252170303966e-07 next_lambda=8.3523252170303966e-07 rho=1.000657789531461 accept=1
CLASSICAL_LM o=466 lambda=8.3523252170303966e-07 tau=8.3523252170303966e-07 prediction=24.023747614817569 rho=1.000657789531461 accept=1
  MFCG it 467 cost=1.769943e+06 lam=8.352e-07 tau=0.00e+00 cg_it=1 shift=0 ckpt=2 alpha=0 acc mv=1326
PCG_PREP o=467 rebuild=1 drift=0 previous_depth=2
E2_CAP o=467 retry=0 touched=139 ncam=3068 raw=35818.028812124772 capped=24.05203944999603 radius=17308.622557547325 median=0.057991934384857446 global_scale=1
ATTR_RADIUS o=467 raw_norm=35818.028812124772 norm=24.052039449996077 radius=17308.622557547325 next_radius=17308.622557547325 lambda=8.3523252170303966e-07 next_lambda=8.3523252170303966e-07 rho=1.0005824665117908 accept=1
CLASSICAL_LM o=467 lambda=8.3523252170303966e-07 tau=8.3523252170303966e-07 prediction=16.509928259651346 rho=1.0005824665117908 accept=1
  MFCG it 468 cost=1.769926e+06 lam=8.352e-07 tau=0.00e+00 cg_it=1 shift=0 ckpt=2 alpha=0 acc mv=1329
PCG_PREP o=468 rebuild=1 drift=0 previous_depth=2
E2_CAP o=468 retry=0 touched=142 ncam=3068 raw=35810.615512927863 capped=21.884499103291049 radius=17308.622557547325 median=0.052292552042745202 global_scale=1
ATTR_RADIUS o=468 raw_norm=35810.61551292787 norm=21.884499103290999 radius=17308.622557547325 next_radius=17308.622557547325 lambda=8.3523252170303966e-07 next_lambda=8.3523252170303966e-07 rho=1.0001993453617828 accept=1
CLASSICAL_LM o=468 lambda=8.3523252170303966e-07 tau=8.3523252170303966e-07 prediction=18.460944791530242 rho=1.0001993453617828 accept=1
  MFCG it 469 cost=1.769908e+06 lam=8.352e-07 tau=0.00e+00 cg_it=1 shift=0 ckpt=2 alpha=0 acc mv=1332
PCG_PREP o=469 rebuild=1 drift=0 previous_depth=2
E2_CAP o=469 retry=0 touched=143 ncam=3068 raw=35811.093246285011 capped=20.603831498935403 radius=17308.622557547325 median=0.048736945997793144 global_scale=1
ATTR_RADIUS o=469 raw_norm=35811.093246285025 norm=20.603831498935449 radius=17308.622557547325 next_radius=17308.622557547325 lambda=8.3523252170303966e-07 next_lambda=8.3523252170303966e-07 rho=0.99977948309845155 accept=1
CLASSICAL_LM o=469 lambda=8.3523252170303966e-07 tau=8.3523252170303966e-07 prediction=16.71803733485152 rho=0.99977948309845155 accept=1
  MFCG it 470 cost=1.769891e+06 lam=8.352e-07 tau=0.00e+00 cg_it=1 shift=0 ckpt=2 alpha=0 acc mv=1335
PCG_PREP o=470 rebuild=1 drift=0 previous_depth=2
E2_CAP o=470 retry=0 touched=147 ncam=3068 raw=35811.939361522949 capped=19.739909747886419 radius=17308.622557547325 median=0.046065080731895386 global_scale=1
ATTR_RADIUS o=470 raw_norm=35811.939361522935 norm=19.739909747886404 radius=17308.622557547325 next_radius=17308.622557547325 lambda=8.3523252170303966e-07 next_lambda=8.3523252170303966e-07 rho=0.99932007520731814 accept=1
CLASSICAL_LM o=470 lambda=8.3523252170303966e-07 tau=8.3523252170303966e-07 prediction=16.789707801055336 rho=0.99932007520731814 accept=1
  MFCG it 471 cost=1.769874e+06 lam=8.352e-07 tau=0.00e+00 cg_it=1 shift=0 ckpt=2 alpha=0 acc mv=1338
PCG_PREP o=471 rebuild=1 drift=0 previous_depth=2
E2_CAP o=471 retry=0 touched=150 ncam=3068 raw=35807.240712764666 capped=19.310349725614696 radius=17308.622557547325 median=0.044782461021224962 global_scale=1
ATTR_RADIUS o=471 raw_norm=35807.240712764673 norm=19.310349725614671 radius=17308.622557547325 next_radius=17308.622557547325 lambda=8.3523252170303966e-07 next_lambda=8.3523252170303966e-07 rho=0.99919935904134627 accept=1
CLASSICAL_LM o=471 lambda=8.3523252170303966e-07 tau=8.3523252170303966e-07 prediction=16.262931397640653 rho=0.99919935904134627 accept=1
  MFCG it 472 cost=1.769858e+06 lam=8.352e-07 tau=0.00e+00 cg_it=1 shift=0 ckpt=2 alpha=0 acc mv=1341
PCG_PREP o=472 rebuild=1 drift=0 previous_depth=2
E2_CAP o=472 retry=0 touched=152 ncam=3068 raw=35805.256841189956 capped=18.975598003573559 radius=17308.622557547325 median=0.043759626986983186 global_scale=1
ATTR_RADIUS o=472 raw_norm=35805.25684118997 norm=18.975598003573552 radius=17308.622557547325 next_radius=17308.622557547325 lambda=8.3523252170303966e-07 next_lambda=8.3523252170303966e-07 rho=0.99923483441859007 accept=1
CLASSICAL_LM o=472 lambda=8.3523252170303966e-07 tau=8.3523252170303966e-07 prediction=16.232626002148354 rho=0.99923483441859007 accept=1
  MFCG it 473 cost=1.769842e+06 lam=8.352e-07 tau=0.00e+00 cg_it=1 shift=0 ckpt=2 alpha=0 acc mv=1344
PCG_PREP o=473 rebuild=1 drift=0 previous_depth=2
E2_CAP o=473 retry=0 touched=153 ncam=3068 raw=35804.319602127951 capped=18.901783583379338 radius=17308.622557547325 median=0.043704462205202355 global_scale=1
ATTR_RADIUS o=473 raw_norm=35804.319602127944 norm=18.901783583379324 radius=17308.622557547325 next_radius=17308.622557547325 lambda=8.3523252170303966e-07 next_lambda=8.3523252170303966e-07 rho=0.99923320067273613 accept=1
CLASSICAL_LM o=473 lambda=8.3523252170303966e-07 tau=8.3523252170303966e-07 prediction=16.19776971940431 rho=0.99923320067273613 accept=1
  MFCG it 474 cost=1.769825e+06 lam=8.352e-07 tau=0.00e+00 cg_it=1 shift=0 ckpt=2 alpha=0 acc mv=1347
PCG_PREP o=474 rebuild=1 drift=0 previous_depth=2
E2_CAP o=474 retry=0 touched=153 ncam=3068 raw=35803.237998146877 capped=18.678076077394095 radius=17308.622557547325 median=0.043004150852689951 global_scale=1
ATTR_RADIUS o=474 raw_norm=35803.237998146833 norm=18.678076077394103 radius=17308.622557547325 next_radius=17308.622557547325 lambda=8.3523252170303966e-07 next_lambda=8.3523252170303966e-07 rho=0.99924165706785872 accept=1
CLASSICAL_LM o=474 lambda=8.3523252170303966e-07 tau=8.3523252170303966e-07 prediction=16.094049168072448 rho=0.99924165706785872 accept=1
  MFCG it 475 cost=1.769809e+06 lam=8.352e-07 tau=0.00e+00 cg_it=1 shift=0 ckpt=2 alpha=0 acc mv=1350
PCG_PREP o=475 rebuild=1 drift=0 previous_depth=2
E2_CAP o=475 retry=0 touched=153 ncam=3068 raw=35800.673842772958 capped=18.512487835759693 radius=17308.622557547325 median=0.04266479176491407 global_scale=1
ATTR_RADIUS o=475 raw_norm=35800.673842772958 norm=18.512487835759668 radius=17308.622557547325 next_radius=17308.622557547325 lambda=8.3523252170303966e-07 next_lambda=8.3523252170303966e-07 rho=0.99924836628701852 accept=1
CLASSICAL_LM o=475 lambda=8.3523252170303966e-07 tau=8.3523252170303966e-07 prediction=16.00562288530379 rho=0.99924836628701852 accept=1
  MFCG it 476 cost=1.769793e+06 lam=8.352e-07 tau=0.00e+00 cg_it=1 shift=0 ckpt=2 alpha=0 acc mv=1353
PCG_PREP o=476 rebuild=1 drift=0 previous_depth=2
E2_CAP o=476 retry=0 touched=153 ncam=3068 raw=35798.867759138324 capped=18.402157416424156 radius=17308.622557547325 median=0.042357207749353462 global_scale=1
ATTR_RADIUS o=476 raw_norm=35798.867759138331 norm=18.40215741642411 radius=17308.622557547325 next_radius=17308.622557547325 lambda=8.3523252170303966e-07 next_lambda=8.3523252170303966e-07 rho=0.99925308973778137 accept=1
CLASSICAL_LM o=476 lambda=8.3523252170303966e-07 tau=8.3523252170303966e-07 prediction=15.96123860207441 rho=0.99925308973778137 accept=1
  MFCG: converged (OCA_FTOL: 8 outers < 1.0e-05 rel)
  [menu-backtrack] confirming stop with original retry policy at outer 477
  MFCG it 477 cost=1.769777e+06 lam=8.352e-07 tau=0.00e+00 cg_it=1 shift=0 ckpt=2 alpha=0 acc mv=1356
PCG_PREP o=477 rebuild=1 drift=0 previous_depth=2
E2_CAP o=477 retry=0 touched=274 ncam=3068 raw=27832.153235921796 capped=61.261379952916954 radius=17308.622557547325 median=0.10794572058027345 global_scale=1
ATTR_RADIUS o=477 raw_norm=27832.153235921774 norm=61.261379952916982 radius=17308.622557547325 next_radius=17308.622557547325 lambda=8.3523252170303966e-07 next_lambda=8.3523252170303966e-07 rho=0.9997931513288788 accept=1
CLASSICAL_LM o=477 lambda=8.3523252170303966e-07 tau=8.3523252170303966e-07 prediction=103.59514275643811 rho=0.9997931513288788 accept=1
  MFCG it 478 cost=1.769674e+06 lam=8.352e-07 tau=0.00e+00 cg_it=0 shift=0 ckpt=1 alpha=0 acc mv=1358
PCG_PREP o=478 rebuild=1 drift=0 previous_depth=1
E2_CAP o=478 retry=0 touched=148 ncam=3068 raw=35835.86661837234 capped=84.30116093598609 radius=17308.622557547325 median=0.17338193780552108 global_scale=1
ATTR_RADIUS o=478 raw_norm=35835.866618372325 norm=84.301160935985976 radius=17308.622557547325 next_radius=4327.1556393868314 lambda=8.3523252170303966e-07 next_lambda=1.3363720347248635e-05 rho=-1 accept=0
CLASSICAL_LM o=478 lambda=8.3523252170303966e-07 tau=8.3523252170303966e-07 prediction=-12.46000066010205 rho=-1 accept=0
  MFCG it 479  retry 1/8  lam=1.336e-05 tau_eff=8.352e-07  (assembly reused)
PCG_PREP o=478 rebuild=1 drift=0 previous_depth=2
E2_CAP o=478 retry=1 touched=211 ncam=3068 raw=9504.5910813831179 capped=37.670595253520304 radius=4327.1556393868314 median=0.076168540558048725 global_scale=1
ATTR_RADIUS o=478 raw_norm=9504.5910813831197 norm=37.670595253520368 radius=4327.1556393868314 next_radius=4327.1556393868314 lambda=1.3363720347248635e-05 next_lambda=1.3363720347248635e-06 rho=1.0001082395075882 accept=1
CLASSICAL_LM o=478 lambda=1.3363720347248635e-05 tau=1.3363720347248635e-05 prediction=67.216275298757509 rho=1.0001082395075882 accept=1
  MFCG it 479 cost=1.769607e+06 lam=1.336e-06 tau=0.00e+00 cg_it=0 shift=0 ckpt=1 alpha=0 acc mv=1363
PCG_PREP o=479 rebuild=1 drift=0 previous_depth=1
E2_CAP o=479 retry=0 touched=209 ncam=3068 raw=31412.093798803533 capped=80.068599558229891 radius=4327.1556393868314 median=0.15336770599941954 global_scale=1
ATTR_RADIUS o=479 raw_norm=31412.093798803544 norm=80.068599558230019 radius=4327.1556393868314 next_radius=1081.7889098467078 lambda=1.3363720347248635e-06 next_lambda=2.1381952555597816e-05 rho=-1 accept=0
CLASSICAL_LM o=479 lambda=1.3363720347248635e-06 tau=1.3363720347248635e-06 prediction=-1.6669831807709627 rho=-1 accept=0
  MFCG it 480  retry 1/8  lam=2.138e-05 tau_eff=1.336e-06  (assembly reused)
PCG_PREP o=479 rebuild=1 drift=0 previous_depth=2
E2_CAP o=479 retry=1 touched=206 ncam=3068 raw=8256.3194237516836 capped=23.113683678755169 radius=1081.7889098467078 median=0.047995557271296917 global_scale=1
ATTR_RADIUS o=479 raw_norm=8256.3194237516891 norm=23.113683678755166 radius=1081.7889098467078 next_radius=1081.7889098467078 lambda=2.1381952555597816e-05 next_lambda=2.1381952555597816e-06 rho=1.0002713591512118 accept=1
CLASSICAL_LM o=479 lambda=2.1381952555597816e-05 tau=2.1381952555597816e-05 prediction=43.769555252400117 rho=1.0002713591512118 accept=1
  MFCG it 480 cost=1.769563e+06 lam=2.138e-06 tau=0.00e+00 cg_it=0 shift=0 ckpt=1 alpha=0 acc mv=1368
PCG_PREP o=480 rebuild=1 drift=0 previous_depth=1
E2_CAP o=480 retry=0 touched=211 ncam=3068 raw=28215.401858853733 capped=84.354409487821997 radius=1081.7889098467078 median=0.16299839992014648 global_scale=1
ATTR_RADIUS o=480 raw_norm=28215.401858853729 norm=84.354409487822053 radius=1081.7889098467078 next_radius=1081.7889098467078 lambda=2.1381952555597816e-06 next_lambda=8.3523252170303966e-07 rho=1.0067598701149407 accept=1
CLASSICAL_LM o=480 lambda=2.1381952555597816e-06 tau=2.1381952555597816e-06 prediction=2.7840113267049311 rho=1.0067598701149407 accept=1
  MFCG it 481 cost=1.769560e+06 lam=8.352e-07 tau=0.00e+00 cg_it=1 shift=0 ckpt=2 alpha=0 acc mv=1371
PCG_PREP o=481 rebuild=1 drift=0 previous_depth=2
E2_CAP o=481 retry=0 touched=167 ncam=3068 raw=35797.93473242149 capped=58.158646930714703 radius=1081.7889098467078 median=0.12309963600963762 global_scale=1
ATTR_RADIUS o=481 raw_norm=35797.934732421476 norm=58.158646930714788 radius=1081.7889098467078 next_radius=1081.7889098467078 lambda=8.3523252170303966e-07 next_lambda=8.3523252170303966e-07 rho=1.0007979552207285 accept=1
CLASSICAL_LM o=481 lambda=8.3523252170303966e-07 tau=8.3523252170303966e-07 prediction=17.233835774054963 rho=1.0007979552207285 accept=1
  MFCG it 482 cost=1.769543e+06 lam=8.352e-07 tau=0.00e+00 cg_it=1 shift=0 ckpt=2 alpha=0 acc mv=1374
PCG_PREP o=482 rebuild=1 drift=0 previous_depth=2
E2_CAP o=482 retry=0 touched=155 ncam=3068 raw=35791.598860994563 capped=37.370805525274321 radius=1081.7889098467078 median=0.081275814923219739 global_scale=1
ATTR_RADIUS o=482 raw_norm=35791.598860994534 norm=37.370805525274335 radius=1081.7889098467078 next_radius=1081.7889098467078 lambda=8.3523252170303966e-07 next_lambda=8.3523252170303966e-07 rho=0.99982101670675083 accept=1
CLASSICAL_LM o=482 lambda=8.3523252170303966e-07 tau=8.3523252170303966e-07 prediction=16.336542913227394 rho=0.99982101670675083 accept=1
  MFCG it 483 cost=1.769526e+06 lam=8.352e-07 tau=0.00e+00 cg_it=1 shift=0 ckpt=2 alpha=0 acc mv=1377
PCG_PREP o=483 rebuild=1 drift=0 previous_depth=2
E2_CAP o=483 retry=0 touched=150 ncam=3068 raw=35779.466400717341 capped=30.961368113098573 radius=1081.7889098467078 median=0.070467924959825262 global_scale=1
ATTR_RADIUS o=483 raw_norm=35779.466400717305 norm=30.961368113098576 radius=1081.7889098467078 next_radius=1081.7889098467078 lambda=8.3523252170303966e-07 next_lambda=8.3523252170303966e-07 rho=0.99955525106406218 accept=1
CLASSICAL_LM o=483 lambda=8.3523252170303966e-07 tau=8.3523252170303966e-07 prediction=19.584860585351095 rho=0.99955525106406218 accept=1
  MFCG it 484 cost=1.769507e+06 lam=8.352e-07 tau=0.00e+00 cg_it=1 shift=0 ckpt=2 alpha=0 acc mv=1380
PCG_PREP o=484 rebuild=1 drift=0 previous_depth=2
E2_CAP o=484 retry=0 touched=155 ncam=3068 raw=35781.00948022752 capped=26.609714969152119 radius=1081.7889098467078 median=0.060608451462491858 global_scale=1
ATTR_RADIUS o=484 raw_norm=35781.009480227505 norm=26.60971496915213 radius=1081.7889098467078 next_radius=1081.7889098467078 lambda=8.3523252170303966e-07 next_lambda=8.3523252170303966e-07 rho=0.99906583722365672 accept=1
CLASSICAL_LM o=484 lambda=8.3523252170303966e-07 tau=8.3523252170303966e-07 prediction=16.397430836132347 rho=0.99906583722365672 accept=1
  MFCG it 485 cost=1.769490e+06 lam=8.352e-07 tau=0.00e+00 cg_it=1 shift=0 ckpt=2 alpha=0 acc mv=1383
PCG_PREP o=485 rebuild=1 drift=0 previous_depth=2
E2_CAP o=485 retry=0 touched=156 ncam=3068 raw=35777.127945489439 capped=24.283978313501503 radius=1081.7889098467078 median=0.055761794153905607 global_scale=1
ATTR_RADIUS o=485 raw_norm=35777.127945489454 norm=24.283978313501478 radius=1081.7889098467078 next_radius=1081.7889098467078 lambda=8.3523252170303966e-07 next_lambda=8.3523252170303966e-07 rho=0.99865130284620329 accept=1
CLASSICAL_LM o=485 lambda=8.3523252170303966e-07 tau=8.3523252170303966e-07 prediction=16.998005634003146 rho=0.99865130284620329 accept=1
  MFCG it 486 cost=1.769473e+06 lam=8.352e-07 tau=0.00e+00 cg_it=1 shift=0 ckpt=2 alpha=0 acc mv=1386
PCG_PREP o=486 rebuild=1 drift=0 previous_depth=2
E2_CAP o=486 retry=0 touched=160 ncam=3068 raw=35775.637780060744 capped=22.55230752907573 radius=1081.7889098467078 median=0.051519704369777708 global_scale=1
ATTR_RADIUS o=486 raw_norm=35775.637780060759 norm=22.552307529075737 radius=1081.7889098467078 next_radius=1081.7889098467078 lambda=8.3523252170303966e-07 next_lambda=8.3523252170303966e-07 rho=0.99818388665368285 accept=1
CLASSICAL_LM o=486 lambda=8.3523252170303966e-07 tau=8.3523252170303966e-07 prediction=15.35943124842643 rho=0.99818388665368285 accept=1
  MFCG it 487 cost=1.769458e+06 lam=8.352e-07 tau=0.00e+00 cg_it=1 shift=0 ckpt=2 alpha=0 acc mv=1389
PCG_PREP o=487 rebuild=1 drift=0 previous_depth=2
E2_CAP o=487 retry=0 touched=157 ncam=3068 raw=35774.919338722684 capped=21.322836289541975 radius=1081.7889098467078 median=0.048476285255979211 global_scale=1
ATTR_RADIUS o=487 raw_norm=35774.919338722699 norm=21.322836289542003 radius=1081.7889098467078 next_radius=1081.7889098467078 lambda=8.3523252170303966e-07 next_lambda=8.3523252170303966e-07 rho=0.99826339169749512 accept=1
CLASSICAL_LM o=487 lambda=8.3523252170303966e-07 tau=8.3523252170303966e-07 prediction=15.291497767283561 rho=0.99826339169749512 accept=1
  MFCG it 488 cost=1.769443e+06 lam=8.352e-07 tau=0.00e+00 cg_it=1 shift=0 ckpt=2 alpha=0 acc mv=1392
PCG_PREP o=488 rebuild=1 drift=0 previous_depth=2
E2_CAP o=488 retry=0 touched=157 ncam=3068 raw=35771.152163878061 capped=20.795726873046736 radius=1081.7889098467078 median=0.047642727842757693 global_scale=1
ATTR_RADIUS o=488 raw_norm=35771.152163878054 norm=20.795726873046757 radius=1081.7889098467078 next_radius=1081.7889098467078 lambda=8.3523252170303966e-07 next_lambda=8.3523252170303966e-07 rho=0.99837615076341779 accept=1
CLASSICAL_LM o=488 lambda=8.3523252170303966e-07 tau=8.3523252170303966e-07 prediction=15.458449579253013 rho=0.99837615076341779 accept=1
  MFCG it 489 cost=1.769427e+06 lam=8.352e-07 tau=0.00e+00 cg_it=1 shift=0 ckpt=2 alpha=0 acc mv=1395
PCG_PREP o=489 rebuild=1 drift=0 previous_depth=2
E2_CAP o=489 retry=0 touched=156 ncam=3068 raw=35768.124904814649 capped=20.061714852895705 radius=1081.7889098467078 median=0.045686624087035756 global_scale=1
ATTR_RADIUS o=489 raw_norm=35768.12490481462 norm=20.061714852895683 radius=1081.7889098467078 next_radius=1081.7889098467078 lambda=8.3523252170303966e-07 next_lambda=8.3523252170303966e-07 rho=0.99847156355256139 accept=1
CLASSICAL_LM o=489 lambda=8.3523252170303966e-07 tau=8.3523252170303966e-07 prediction=15.593641741840772 rho=0.99847156355256139 accept=1
  MFCG it 490 cost=1.769412e+06 lam=8.352e-07 tau=0.00e+00 cg_it=1 shift=0 ckpt=2 alpha=0 acc mv=1398
PCG_PREP o=490 rebuild=1 drift=0 previous_depth=2
E2_CAP o=490 retry=0 touched=160 ncam=3068 raw=35767.576036861705 capped=19.361287267312271 radius=1081.7889098467078 median=0.043765664991636768 global_scale=1
ATTR_RADIUS o=490 raw_norm=35767.576036861734 norm=19.361287267312271 radius=1081.7889098467078 next_radius=1081.7889098467078 lambda=8.3523252170303966e-07 next_lambda=8.3523252170303966e-07 rho=0.99852515373134809 accept=1
CLASSICAL_LM o=490 lambda=8.3523252170303966e-07 tau=8.3523252170303966e-07 prediction=15.036695536498176 rho=0.99852515373134809 accept=1
  MFCG it 491 cost=1.769397e+06 lam=8.352e-07 tau=0.00e+00 cg_it=1 shift=0 ckpt=2 alpha=0 acc mv=1401
PCG_PREP o=491 rebuild=1 drift=0 previous_depth=2
E2_CAP o=491 retry=0 touched=154 ncam=3068 raw=35764.141669638571 capped=19.221730795885033 radius=1081.7889098467078 median=0.043724894317173496 global_scale=1
ATTR_RADIUS o=491 raw_norm=35764.141669638622 norm=19.221730795885048 radius=1081.7889098467078 next_radius=1081.7889098467078 lambda=8.3523252170303966e-07 next_lambda=8.3523252170303966e-07 rho=0.99860359817685018 accept=1
CLASSICAL_LM o=491 lambda=8.3523252170303966e-07 tau=8.3523252170303966e-07 prediction=15.286218590214586 rho=0.99860359817685018 accept=1
  MFCG: converged (OCA_FTOL: 8 outers < 1.0e-05 rel)
  MFCG: accepts=492 rejects=3 total_matvecs=1404 negcurv=1 cand_evals=495 mean_cg_per_outer=2.9
NUMERIC_REPAIR summary rebuilds=1 floor=8.3523252170303966e-07
  [retry-cache] builds=496 reuses=0
  [menu-backtrack] trials=148 rescues=148 evals=931 total_scored=1426
POINT_SAFE summary calls=148 evals=148 wins=102 frozen=31233 seconds=1.76366076
  [scoring] menu_evals=495 alpha_evals=0 backtrack_evals=931 total_scored=1426
RESULT algo=mfree_shifted_cg iters=492 final_cost=1769381.5989316744 solve_seconds=21.936016
DIAGNOSTICS median_reproj_err_px 2.704502 -> 0.546829 | cheirality_violations(obs) 751 -> 779 | cheirality_violations(pts, of 310854) 725 -> 739
