  [menu-backtrack] active=1 max_evals=8 warmup_accepts=3 confirm_stop=original armijo=1e-4
MIXED_STORAGE fragments=fp32 arithmetic=fp64 state=fp64 acceptance=fp64
  [compact-fragments] active=2 saved_bytes=171996448 storage=fp32 camera_reads=contiguous
  MFCG score_init=90993342.024340227 precision=fp64
PCG_PREP o=0 rebuild=1 drift=0 previous_depth=0
E2_CAP o=0 retry=0 touched=0 ncam=3068 raw=8654.3112787736572 capped=8654.3112787736482 radius=8654.3112787736609 median=60.29993219916291 global_scale=1
ATTR_RADIUS o=0 raw_norm=8654.3112787736609 norm=8654.3112787736609 radius=8654.3112787736609 next_radius=17308.622557547322 lambda=0.10000000000000001 next_lambda=0.025000000000000001 rho=0.99507286850801413 accept=1
CLASSICAL_LM o=0 lambda=0.10000000000000001 tau=0.10000000000000001 prediction=84864420.877437979 rho=0.99507286850801413 accept=1
  MFCG it   1 cost=6.547059e+06 lam=2.500e-02 tau=0.00e+00 cg_it=1 shift=0 ckpt=2 alpha=0 acc mv=3
PCG_PREP o=1 rebuild=1 drift=0 previous_depth=2
E2_CAP o=1 retry=0 touched=0 ncam=3068 raw=4516.5230377177904 capped=4516.5230377177913 radius=17308.622557547322 median=43.304564426435746 global_scale=1
ATTR_RADIUS o=1 raw_norm=4516.5230377177877 norm=4516.5230377177877 radius=17308.622557547322 next_radius=17308.622557547322 lambda=0.025000000000000001 next_lambda=0.0025000000000000005 rho=0.99272160660258524 accept=1
CLASSICAL_LM o=1 lambda=0.025000000000000001 tau=0.025000000000000001 prediction=2841547.0405248841 rho=0.99272160660258524 accept=1
  MFCG it   2 cost=3.726194e+06 lam=2.500e-03 tau=0.00e+00 cg_it=2 shift=0 ckpt=3 alpha=0 acc mv=7
PCG_PREP o=2 rebuild=1 drift=0 previous_depth=3
E2_CAP o=2 retry=0 touched=0 ncam=3068 raw=6923.1162067339928 capped=6923.1162067339919 radius=17308.622557547322 median=64.39441545335356 global_scale=1
ATTR_RADIUS o=2 raw_norm=6923.1162067339965 norm=6923.1162067339965 radius=17308.622557547322 next_radius=17308.622557547322 lambda=0.0025000000000000005 next_lambda=0.00025000000000000006 rho=0.82786551020976495 accept=1
CLASSICAL_LM o=2 lambda=0.0025000000000000005 tau=0.0025000000000000005 prediction=1229857.0585771003 rho=0.82786551020976495 accept=1
  MFCG it   3 cost=2.708038e+06 lam=2.500e-04 tau=0.00e+00 cg_it=6 shift=0 ckpt=7 alpha=0 acc mv=15
PCG_PREP o=3 rebuild=1 drift=0 previous_depth=7
E2_CAP o=3 retry=0 touched=16 ncam=3068 raw=11014.030149657308 capped=9692.7787152983074 radius=17308.622557547322 median=35.723374604873953 global_scale=1
POINT_SAFE o=3 frozen=593 slope=-1116570.9267607431 candidate=2180689.5649156668 original=2336351.4321005228 current=2708037.9229659247 won=1 mode=1 camera_scale=1 keep_scale=0
ATTR_RADIUS o=3 raw_norm=11014.03014965731 norm=9692.7787152983001 radius=17308.622557547322 next_radius=17308.622557547322 lambda=0.00025000000000000006 next_lambda=2.5000000000000008e-05 rho=0.81846060911640472 accept=1
CLASSICAL_LM o=3 lambda=0.00025000000000000006 tau=0.00025000000000000006 prediction=644317.33448916208 rho=0.81846060911640472 accept=1
  MFCG it   4 cost=2.180690e+06 lam=2.500e-05 tau=0.00e+00 cg_it=0 shift=0 ckpt=1 alpha=0 acc mv=17
PCG_PREP o=4 rebuild=1 drift=0 previous_depth=1
E2_CAP o=4 retry=0 touched=38 ncam=3068 raw=26988.614843005118 capped=20516.915876406754 radius=17308.622557547322 median=66.49077662233492 global_scale=0.84362692043062959
POINT_SAFE o=4 frozen=700 slope=-261828.67537132432 candidate=2051509.8460322684 original=2029591.9769446733 current=2180689.5649156668 won=0 mode=1 camera_scale=1 keep_scale=0
ATTR_RADIUS o=4 raw_norm=26988.614843005096 norm=8654.3112787736554 radius=17308.622557547322 next_radius=17308.622557547322 lambda=2.5000000000000008e-05 next_lambda=2.5000000000000011e-06 rho=0.8084677455440098 accept=1
CLASSICAL_LM o=4 lambda=2.5000000000000008e-05 tau=2.5000000000000008e-05 prediction=186893.77381322917 rho=0.8084677455440098 accept=1
  MFCG it   5 cost=2.029592e+06 lam=2.500e-06 tau=0.00e+00 cg_it=3 shift=0 ckpt=4 alpha=0 acc mv=22
PCG_PREP o=5 rebuild=1 drift=0 previous_depth=4
E2_CAP o=5 retry=0 touched=81 ncam=3068 raw=56956.987288543751 capped=27064.041822306812 radius=17308.622557547322 median=68.819720284131961 global_scale=0.63954314995482875
POINT_SAFE o=5 frozen=1107 slope=-133335.03982955858 candidate=2022915.3734527291 original=2029176.4897486444 current=2029591.9769446733 won=1 mode=1 camera_scale=1 keep_scale=0
ATTR_RADIUS o=5 raw_norm=56956.987288543707 norm=67.61180686541914 radius=17308.622557547322 next_radius=4327.1556393868304 lambda=2.5000000000000011e-06 next_lambda=4.0000000000000017e-05 rho=0.083597597648048333 accept=0
CLASSICAL_LM o=5 lambda=2.5000000000000011e-06 tau=2.5000000000000011e-06 prediction=79865.973183263268 rho=0.083597597648048333 accept=0
  MFCG it   6  retry 1/8  lam=4.000e-05 tau_eff=2.500e-06  (assembly reused)
PCG_PREP o=5 rebuild=1 drift=0 previous_depth=6
E2_CAP o=5 retry=1 touched=31 ncam=3068 raw=21129.065252371762 capped=15810.48878967669 radius=4327.1556393868304 median=54.74392365870267 global_scale=0.27368892239512582
POINT_SAFE o=5 frozen=72 slope=-70247.634913994378 candidate=1980184.824706231 original=2029496.0767672709 current=2029591.9769446733 won=1 mode=1 camera_scale=1 keep_scale=0
ATTR_RADIUS o=5 raw_norm=21129.06525237174 norm=4327.155639386825 radius=4327.1556393868304 next_radius=8654.3112787736609 lambda=4.0000000000000017e-05 next_lambda=1.0000000000000004e-05 rho=0.95860805222799361 accept=1
CLASSICAL_LM o=5 lambda=4.0000000000000017e-05 tau=4.0000000000000017e-05 prediction=51540.514523751801 rho=0.95860805222799361 accept=1
  MFCG it   6 cost=1.980185e+06 lam=1.000e-05 tau=0.00e+00 cg_it=4 shift=0 ckpt=5 alpha=0 acc mv=35
PCG_PREP o=6 rebuild=1 drift=0 previous_depth=5
E2_CAP o=6 retry=0 touched=46 ncam=3068 raw=37322.40728626083 capped=21899.953915469116 radius=8654.3112787736609 median=64.255828117188599 global_scale=0.39517486256720635
POINT_SAFE o=6 frozen=407 slope=-51277.054217114353 candidate=1942826.6280242356 original=1977568.9129069871 current=1980184.824706231 won=1 mode=1 camera_scale=1 keep_scale=0
ATTR_RADIUS o=6 raw_norm=37322.407286260779 norm=8654.31127877367 radius=8654.3112787736609 next_radius=17308.622557547322 lambda=1.0000000000000004e-05 next_lambda=2.5000000000000011e-06 rho=0.93932552169825778 accept=1
CLASSICAL_LM o=6 lambda=1.0000000000000004e-05 tau=1.0000000000000004e-05 prediction=39771.29953251296 rho=0.93932552169825778 accept=1
  MFCG it   7 cost=1.942827e+06 lam=2.500e-06 tau=0.00e+00 cg_it=6 shift=0 ckpt=7 alpha=0 acc mv=43
PCG_PREP o=7 rebuild=1 drift=0 previous_depth=7
E2_CAP o=7 retry=0 touched=218 ncam=3068 raw=33634.431331534804 capped=6726.2779283044447 radius=17308.622557547322 median=12.690306232146018 global_scale=1
POINT_SAFE o=7 frozen=651 slope=-30350.634952478544 candidate=1926241.4259817693 original=1937948.8835308081 current=1942826.6280242356 won=1 mode=1 camera_scale=1 keep_scale=0
ATTR_RADIUS o=7 raw_norm=33634.431331534812 norm=6726.2779283044501 radius=17308.622557547322 next_radius=17308.622557547322 lambda=2.5000000000000011e-06 next_lambda=2.5000000000000009e-07 rho=0.9150023057452441 accept=1
CLASSICAL_LM o=7 lambda=2.5000000000000011e-06 tau=2.5000000000000011e-06 prediction=18125.858195469871 rho=0.9150023057452441 accept=1
  MFCG it   8 cost=1.926241e+06 lam=2.500e-07 tau=0.00e+00 cg_it=1 shift=0 ckpt=2 alpha=0 acc mv=46
PCG_PREP o=8 rebuild=1 drift=0 previous_depth=2
E2_CAP o=8 retry=0 touched=130 ncam=3068 raw=95461.825351970037 capped=20930.015416002021 radius=17308.622557547322 median=47.731549411522863 global_scale=0.8269761017143844
POINT_SAFE o=8 frozen=1255 slope=-51413.790495140718 candidate=1979188.811719887 original=1917532.0523080246 current=1926241.4259817693 won=0 mode=1 camera_scale=1 keep_scale=0
ATTR_RADIUS o=8 raw_norm=95461.825351970168 norm=4327.1556393868286 radius=17308.622557547322 next_radius=4327.1556393868304 lambda=2.5000000000000009e-07 next_lambda=4.0000000000000015e-06 rho=0.23194611085701977 accept=1
CLASSICAL_LM o=8 lambda=2.5000000000000009e-07 tau=2.5000000000000009e-07 prediction=37549.125706675528 rho=0.23194611085701977 accept=1
  MFCG it   9 cost=1.917532e+06 lam=4.000e-06 tau=0.00e+00 cg_it=7 shift=0 ckpt=8 alpha=0 acc mv=55
PCG_PREP o=9 rebuild=1 drift=0 previous_depth=8
E2_CAP o=9 retry=0 touched=190 ncam=3068 raw=28291.647265127292 capped=2460.3566862720945 radius=4327.1556393868304 median=5.0222681135075806 global_scale=1
POINT_SAFE o=9 frozen=152 slope=-12652.584932827544 candidate=1909432.9632359571 original=1911544.3006986303 current=1917532.0523080246 won=1 mode=1 camera_scale=1 keep_scale=0
ATTR_RADIUS o=9 raw_norm=28291.647265127278 norm=2460.3566862720927 radius=4327.1556393868304 next_radius=4327.1556393868304 lambda=4.0000000000000015e-06 next_lambda=4.0000000000000019e-07 rho=0.95308735629320929 accept=1
CLASSICAL_LM o=9 lambda=4.0000000000000015e-06 tau=4.0000000000000015e-06 prediction=8497.7405466450309 rho=0.95308735629320929 accept=1
  MFCG it  10 cost=1.909433e+06 lam=4.000e-07 tau=0.00e+00 cg_it=1 shift=0 ckpt=2 alpha=0 acc mv=58
PCG_PREP o=10 rebuild=1 drift=0 previous_depth=2
E2_CAP o=10 retry=0 touched=111 ncam=3068 raw=94460.570187066507 capped=22449.7746177019 radius=4327.1556393868304 median=54.931277958575656 global_scale=0.19274828870552757
POINT_SAFE o=10 frozen=382 slope=-13170.584374552915 candidate=1901049.7965622176 original=1902101.5426663433 current=1909432.9632359571 won=1 mode=1 camera_scale=1 keep_scale=0
ATTR_RADIUS o=10 raw_norm=94460.570187066507 norm=4327.1556393868414 radius=4327.1556393868304 next_radius=8654.3112787736609 lambda=4.0000000000000019e-07 next_lambda=1.0000000000000005e-07 rho=0.86079149492607243 accept=1
CLASSICAL_LM o=10 lambda=4.0000000000000019e-07 tau=4.0000000000000019e-07 prediction=9738.9050927593271 rho=0.86079149492607243 accept=1
  MFCG it  11 cost=1.901050e+06 lam=1.000e-07 tau=0.00e+00 cg_it=10 shift=0 ckpt=11 alpha=0 acc mv=70
PCG_PREP o=11 rebuild=1 drift=0 previous_depth=11
E2_CAP o=11 retry=0 touched=233 ncam=3068 raw=69427.518647690304 capped=1572.4265415832347 radius=8654.3112787736609 median=2.976308570926637 global_scale=1
POINT_SAFE o=11 frozen=376 slope=-14531.485568290482 candidate=1894141.1012301764 original=1897026.8549671508 current=1901049.7965622176 won=1 mode=1 camera_scale=1 keep_scale=0
ATTR_RADIUS o=11 raw_norm=69427.518647690304 norm=1572.4265415832356 radius=8654.3112787736609 next_radius=8654.3112787736609 lambda=1.0000000000000005e-07 next_lambda=1.0000000000000005e-08 rho=0.78480510782794921 accept=1
CLASSICAL_LM o=11 lambda=1.0000000000000005e-07 tau=1.0000000000000005e-07 prediction=8803.0713143062494 rho=0.78480510782794921 accept=1
  MFCG it  12 cost=1.894141e+06 lam=1.000e-08 tau=0.00e+00 cg_it=1 shift=0 ckpt=2 alpha=0 acc mv=73
PCG_PREP o=12 rebuild=1 drift=0 previous_depth=2
NUMERIC_REPAIR o=12 lambda=1.0000000000000005e-08 rayleigh=-5.2346112853462159e-08 next_lambda=2.4938445141384868e-07 cg=1 rebuild=1
PCG_PREP o=12 rebuild=1 drift=0 previous_depth=1
E2_CAP o=12 retry=0 touched=220 ncam=3068 raw=54432.342992905884 capped=1132.4240730514725 radius=8654.3112787736609 median=2.2452620983773413 global_scale=1
POINT_SAFE o=12 frozen=375 slope=-6610.322284081828 candidate=1890644.746618459 original=1887964.9372698739 current=1894141.1012301764 won=0 mode=1 camera_scale=1 keep_scale=0
ATTR_RADIUS o=12 raw_norm=54432.342992905884 norm=141.55300913143412 radius=8654.3112787736609 next_radius=8654.3112787736609 lambda=2.4938445141384868e-07 next_lambda=2.4938445141384868e-07 rho=0.42992616399777517 accept=1
CLASSICAL_LM o=12 lambda=2.4938445141384868e-07 tau=2.4938445141384868e-07 prediction=14365.638747993115 rho=0.42992616399777517 accept=1
  MFCG it  13 cost=1.887965e+06 lam=2.494e-07 tau=0.00e+00 cg_it=1 shift=0 ckpt=2 alpha=0 acc mv=78
PCG_PREP o=13 rebuild=1 drift=0 previous_depth=2
E2_CAP o=13 retry=0 touched=219 ncam=3068 raw=55995.435396214838 capped=1090.3949209456116 radius=8654.3112787736609 median=2.1708374139153119 global_scale=1
POINT_SAFE o=13 frozen=319 slope=-5863.934192691313 candidate=1884730.4695003624 original=1887799.4285522851 current=1887964.9372698739 won=1 mode=1 camera_scale=1 keep_scale=0
ATTR_RADIUS o=13 raw_norm=55995.435396214838 norm=1090.394920945615 radius=8654.3112787736609 next_radius=8654.3112787736609 lambda=2.4938445141384868e-07 next_lambda=2.4938445141384868e-07 rho=0.81124377062224162 accept=1
CLASSICAL_LM o=13 lambda=2.4938445141384868e-07 tau=2.4938445141384868e-07 prediction=3987.0478968739599 rho=0.81124377062224162 accept=1
  MFCG it  14 cost=1.884730e+06 lam=2.494e-07 tau=0.00e+00 cg_it=1 shift=0 ckpt=2 alpha=0 acc mv=81
PCG_PREP o=14 rebuild=1 drift=0 previous_depth=2
E2_CAP o=14 retry=0 touched=209 ncam=3068 raw=56724.266884236618 capped=922.73147174502276 radius=8654.3112787736609 median=1.8480872569165818 global_scale=1
POINT_SAFE o=14 frozen=253 slope=-3881.8703617233859 candidate=1882272.2868191656 original=1884564.4052107795 current=1884730.4695003624 won=1 mode=1 camera_scale=1 keep_scale=0
ATTR_RADIUS o=14 raw_norm=56724.266884236553 norm=922.73147174502253 radius=8654.3112787736609 next_radius=8654.3112787736609 lambda=2.4938445141384868e-07 next_lambda=2.4938445141384868e-07 rho=0.87495262210307212 accept=1
CLASSICAL_LM o=14 lambda=2.4938445141384868e-07 tau=2.4938445141384868e-07 prediction=2809.5037595158533 rho=0.87495262210307212 accept=1
  MFCG it  15 cost=1.882272e+06 lam=2.494e-07 tau=0.00e+00 cg_it=1 shift=0 ckpt=2 alpha=0 acc mv=84
PCG_PREP o=15 rebuild=1 drift=0 previous_depth=2
E2_CAP o=15 retry=0 touched=210 ncam=3068 raw=57127.935159023626 capped=809.6922774064235 radius=8654.3112787736609 median=1.6545704108213544 global_scale=1
POINT_SAFE o=15 frozen=187 slope=-2502.9286421949851 candidate=1880373.6856865555 original=1839101.1645102119 current=1882272.2868191656 won=0 mode=1 camera_scale=1 keep_scale=0
ATTR_RADIUS o=15 raw_norm=57127.935159023589 norm=404.84613870321124 radius=8654.3112787736609 next_radius=8654.3112787736609 lambda=2.4938445141384868e-07 next_lambda=2.4938445141384868e-07 rho=1.0677483140397799 accept=1
CLASSICAL_LM o=15 lambda=2.4938445141384868e-07 tau=2.4938445141384868e-07 prediction=40431.927394591316 rho=1.0677483140397799 accept=1
  MFCG it  16 cost=1.839101e+06 lam=2.494e-07 tau=0.00e+00 cg_it=1 shift=0 ckpt=2 alpha=0 acc mv=87
PCG_PREP o=16 rebuild=1 drift=0 previous_depth=2
E2_CAP o=16 retry=0 touched=204 ncam=3068 raw=53891.176829872587 capped=751.1715123165277 radius=8654.3112787736609 median=1.5508197190197381 global_scale=1
ATTR_RADIUS o=16 raw_norm=53891.176829872544 norm=751.17151231653099 radius=8654.3112787736609 next_radius=8654.3112787736609 lambda=2.4938445141384868e-07 next_lambda=2.4938445141384868e-07 rho=0.95402876794436764 accept=1
CLASSICAL_LM o=16 lambda=2.4938445141384868e-07 tau=2.4938445141384868e-07 prediction=11996.180776832338 rho=0.95402876794436764 accept=1
  MFCG it  17 cost=1.827656e+06 lam=2.494e-07 tau=0.00e+00 cg_it=1 shift=0 ckpt=2 alpha=0 acc mv=90
PCG_PREP o=17 rebuild=1 drift=0 previous_depth=2
E2_CAP o=17 retry=0 touched=201 ncam=3068 raw=53637.166638301358 capped=681.14578377222813 radius=8654.3112787736609 median=1.4279532376126403 global_scale=1
ATTR_RADIUS o=17 raw_norm=53637.166638301336 norm=681.14578377222722 radius=8654.3112787736609 next_radius=8654.3112787736609 lambda=2.4938445141384868e-07 next_lambda=2.4938445141384868e-07 rho=0.90189050698689632 accept=1
CLASSICAL_LM o=17 lambda=2.4938445141384868e-07 tau=2.4938445141384868e-07 prediction=1927.0228516129723 rho=0.90189050698689632 accept=1
  MFCG it  18 cost=1.825918e+06 lam=2.494e-07 tau=0.00e+00 cg_it=1 shift=0 ckpt=2 alpha=0 acc mv=93
PCG_PREP o=18 rebuild=1 drift=0 previous_depth=2
E2_CAP o=18 retry=0 touched=194 ncam=3068 raw=53439.816000161431 capped=626.74693144891899 radius=8654.3112787736609 median=1.3275043574053391 global_scale=1
ATTR_RADIUS o=18 raw_norm=53439.816000161423 norm=626.74693144891876 radius=8654.3112787736609 next_radius=8654.3112787736609 lambda=2.4938445141384868e-07 next_lambda=2.4938445141384868e-07 rho=0.95953274126465526 accept=1
CLASSICAL_LM o=18 lambda=2.4938445141384868e-07 tau=2.4938445141384868e-07 prediction=1441.9241114161864 rho=0.95953274126465526 accept=1
  MFCG it  19 cost=1.824535e+06 lam=2.494e-07 tau=0.00e+00 cg_it=1 shift=0 ckpt=2 alpha=0 acc mv=96
PCG_PREP o=19 rebuild=1 drift=0 previous_depth=2
E2_CAP o=19 retry=0 touched=192 ncam=3068 raw=53344.636853936106 capped=593.4513240869029 radius=8654.3112787736609 median=1.2695452319318221 global_scale=1
ATTR_RADIUS o=19 raw_norm=53344.636853936092 norm=593.45132408690279 radius=8654.3112787736609 next_radius=8654.3112787736609 lambda=2.4938445141384868e-07 next_lambda=2.4938445141384868e-07 rho=0.98111497011114424 accept=1
CLASSICAL_LM o=19 lambda=2.4938445141384868e-07 tau=2.4938445141384868e-07 prediction=1249.0867039600867 rho=0.98111497011114424 accept=1
  MFCG it  20 cost=1.823309e+06 lam=2.494e-07 tau=0.00e+00 cg_it=1 shift=0 ckpt=2 alpha=0 acc mv=99
PCG_PREP o=20 rebuild=1 drift=0 previous_depth=2
E2_CAP o=20 retry=0 touched=192 ncam=3068 raw=53190.586664924318 capped=565.26713743291634 radius=8654.3112787736609 median=1.2095892008395031 global_scale=1
ATTR_RADIUS o=20 raw_norm=53190.586664924289 norm=565.26713743291634 radius=8654.3112787736609 next_radius=8654.3112787736609 lambda=2.4938445141384868e-07 next_lambda=2.4938445141384868e-07 rho=0.96767213935421359 accept=1
CLASSICAL_LM o=20 lambda=2.4938445141384868e-07 tau=2.4938445141384868e-07 prediction=1121.587136177184 rho=0.96767213935421359 accept=1
  MFCG it  21 cost=1.822224e+06 lam=2.494e-07 tau=0.00e+00 cg_it=1 shift=0 ckpt=2 alpha=0 acc mv=102
PCG_PREP o=21 rebuild=1 drift=0 previous_depth=2
E2_CAP o=21 retry=0 touched=184 ncam=3068 raw=53069.19795195217 capped=532.28289299254482 radius=8654.3112787736609 median=1.1544065764566001 global_scale=1
ATTR_RADIUS o=21 raw_norm=53069.197951952192 norm=532.28289299254357 radius=8654.3112787736609 next_radius=8654.3112787736609 lambda=2.4938445141384868e-07 next_lambda=2.4938445141384868e-07 rho=0.94594581441998682 accept=1
CLASSICAL_LM o=21 lambda=2.4938445141384868e-07 tau=2.4938445141384868e-07 prediction=1067.9593000907955 rho=0.94594581441998682 accept=1
  MFCG it  22 cost=1.821214e+06 lam=2.494e-07 tau=0.00e+00 cg_it=1 shift=0 ckpt=2 alpha=0 acc mv=105
PCG_PREP o=22 rebuild=1 drift=0 previous_depth=2
E2_CAP o=22 retry=0 touched=184 ncam=3068 raw=52964.029406595546 capped=502.90072467988085 radius=8654.3112787736609 median=1.0946025027914201 global_scale=1
ATTR_RADIUS o=22 raw_norm=52964.02940659556 norm=502.90072467988165 radius=8654.3112787736609 next_radius=8654.3112787736609 lambda=2.4938445141384868e-07 next_lambda=2.4938445141384868e-07 rho=0.96187949321163368 accept=1
CLASSICAL_LM o=22 lambda=2.4938445141384868e-07 tau=2.4938445141384868e-07 prediction=1030.20148122821 rho=0.96187949321163368 accept=1
  MFCG it  23 cost=1.820223e+06 lam=2.494e-07 tau=0.00e+00 cg_it=1 shift=0 ckpt=2 alpha=0 acc mv=108
PCG_PREP o=23 rebuild=1 drift=0 previous_depth=2
E2_CAP o=23 retry=0 touched=181 ncam=3068 raw=52878.715128396565 capped=477.62342754897332 radius=8654.3112787736609 median=1.0482116745758834 global_scale=1
ATTR_RADIUS o=23 raw_norm=52878.715128396521 norm=477.62342754897463 radius=8654.3112787736609 next_radius=8654.3112787736609 lambda=2.4938445141384868e-07 next_lambda=2.4938445141384868e-07 rho=0.99221177889919521 accept=1
CLASSICAL_LM o=23 lambda=2.4938445141384868e-07 tau=2.4938445141384868e-07 prediction=948.98252991116021 rho=0.99221177889919521 accept=1
  MFCG it  24 cost=1.819281e+06 lam=2.494e-07 tau=0.00e+00 cg_it=1 shift=0 ckpt=2 alpha=0 acc mv=111
PCG_PREP o=24 rebuild=1 drift=0 previous_depth=2
E2_CAP o=24 retry=0 touched=181 ncam=3068 raw=52758.827117550136 capped=457.1456908181168 radius=8654.3112787736609 median=1.0050522477030852 global_scale=1
ATTR_RADIUS o=24 raw_norm=52758.827117550143 norm=457.14569081811641 radius=8654.3112787736609 next_radius=8654.3112787736609 lambda=2.4938445141384868e-07 next_lambda=2.4938445141384868e-07 rho=1.0036313304776809 accept=1
CLASSICAL_LM o=24 lambda=2.4938445141384868e-07 tau=2.4938445141384868e-07 prediction=872.64060019805981 rho=1.0036313304776809 accept=1
  MFCG it  25 cost=1.818406e+06 lam=2.494e-07 tau=0.00e+00 cg_it=1 shift=0 ckpt=2 alpha=0 acc mv=114
PCG_PREP o=25 rebuild=1 drift=0 previous_depth=2
E2_CAP o=25 retry=0 touched=182 ncam=3068 raw=52667.237726871645 capped=436.2586728676846 radius=8654.3112787736609 median=0.95971572779014469 global_scale=1
ATTR_RADIUS o=25 raw_norm=52667.237726871652 norm=436.25867286768408 radius=8654.3112787736609 next_radius=8654.3112787736609 lambda=2.4938445141384868e-07 next_lambda=2.4938445141384868e-07 rho=1.0009687645952396 accept=1
CLASSICAL_LM o=25 lambda=2.4938445141384868e-07 tau=2.4938445141384868e-07 prediction=819.44033180338965 rho=1.0009687645952396 accept=1
  MFCG it  26 cost=1.817585e+06 lam=2.494e-07 tau=0.00e+00 cg_it=1 shift=0 ckpt=2 alpha=0 acc mv=117
PCG_PREP o=26 rebuild=1 drift=0 previous_depth=2
E2_CAP o=26 retry=0 touched=183 ncam=3068 raw=52562.069983221278 capped=420.12649175997274 radius=8654.3112787736609 median=0.9205054017137112 global_scale=1
ATTR_RADIUS o=26 raw_norm=52562.069983221249 norm=420.12649175997268 radius=8654.3112787736609 next_radius=8654.3112787736609 lambda=2.4938445141384868e-07 next_lambda=2.4938445141384868e-07 rho=0.93018616511533225 accept=1
CLASSICAL_LM o=26 lambda=2.4938445141384868e-07 tau=2.4938445141384868e-07 prediction=781.73996033487117 rho=0.93018616511533225 accept=1
  MFCG it  27 cost=1.816858e+06 lam=2.494e-07 tau=0.00e+00 cg_it=1 shift=0 ckpt=2 alpha=0 acc mv=120
PCG_PREP o=27 rebuild=1 drift=0 previous_depth=2
E2_CAP o=27 retry=0 touched=181 ncam=3068 raw=52461.80606188027 capped=403.47835109748439 radius=8654.3112787736609 median=0.88857854390976132 global_scale=1
ATTR_RADIUS o=27 raw_norm=52461.806061880234 norm=403.47835109748388 radius=8654.3112787736609 next_radius=8654.3112787736609 lambda=2.4938445141384868e-07 next_lambda=2.4938445141384868e-07 rho=0.94825611057214387 accept=1
CLASSICAL_LM o=27 lambda=2.4938445141384868e-07 tau=2.4938445141384868e-07 prediction=802.32332361828105 rho=0.94825611057214387 accept=1
  MFCG it  28 cost=1.816097e+06 lam=2.494e-07 tau=0.00e+00 cg_it=1 shift=0 ckpt=2 alpha=0 acc mv=123
PCG_PREP o=28 rebuild=1 drift=0 previous_depth=2
E2_CAP o=28 retry=0 touched=183 ncam=3068 raw=52355.135912748068 capped=390.04119472335816 radius=8654.3112787736609 median=0.85875605110674536 global_scale=1
ATTR_RADIUS o=28 raw_norm=52355.135912748068 norm=390.0411947233581 radius=8654.3112787736609 next_radius=8654.3112787736609 lambda=2.4938445141384868e-07 next_lambda=2.4938445141384868e-07 rho=0.98166950826001798 accept=1
CLASSICAL_LM o=28 lambda=2.4938445141384868e-07 tau=2.4938445141384868e-07 prediction=756.75295796726789 rho=0.98166950826001798 accept=1
  MFCG it  29 cost=1.815354e+06 lam=2.494e-07 tau=0.00e+00 cg_it=1 shift=0 ckpt=2 alpha=0 acc mv=126
PCG_PREP o=29 rebuild=1 drift=0 previous_depth=2
E2_CAP o=29 retry=0 touched=180 ncam=3068 raw=52227.074642337859 capped=374.0294152248112 radius=8654.3112787736609 median=0.82639274323228695 global_scale=1
ATTR_RADIUS o=29 raw_norm=52227.074642337859 norm=374.02941522481183 radius=8654.3112787736609 next_radius=8654.3112787736609 lambda=2.4938445141384868e-07 next_lambda=2.4938445141384868e-07 rho=0.99504932014655079 accept=1
CLASSICAL_LM o=29 lambda=2.4938445141384868e-07 tau=2.4938445141384868e-07 prediction=696.57886071673238 rho=0.99504932014655079 accept=1
  MFCG it  30 cost=1.814661e+06 lam=2.494e-07 tau=0.00e+00 cg_it=1 shift=0 ckpt=2 alpha=0 acc mv=129
PCG_PREP o=30 rebuild=1 drift=0 previous_depth=2
E2_CAP o=30 retry=0 touched=181 ncam=3068 raw=52114.61587510672 capped=365.2105511469166 radius=8654.3112787736609 median=0.80693899095166499 global_scale=1
ATTR_RADIUS o=30 raw_norm=52114.615875106734 norm=365.21055114691609 radius=8654.3112787736609 next_radius=8654.3112787736609 lambda=2.4938445141384868e-07 next_lambda=2.4938445141384868e-07 rho=0.98387754659352644 accept=1
CLASSICAL_LM o=30 lambda=2.4938445141384868e-07 tau=2.4938445141384868e-07 prediction=666.24286770198432 rho=0.98387754659352644 accept=1
  MFCG it  31 cost=1.814006e+06 lam=2.494e-07 tau=0.00e+00 cg_it=1 shift=0 ckpt=2 alpha=0 acc mv=132
PCG_PREP o=31 rebuild=1 drift=0 previous_depth=2
E2_CAP o=31 retry=0 touched=177 ncam=3068 raw=52000.356567717463 capped=349.28527945230007 radius=8654.3112787736609 median=0.77641295829379064 global_scale=1
ATTR_RADIUS o=31 raw_norm=52000.356567717477 norm=349.28527945230024 radius=8654.3112787736609 next_radius=8654.3112787736609 lambda=2.4938445141384868e-07 next_lambda=2.4938445141384868e-07 rho=0.9906855081160032 accept=1
CLASSICAL_LM o=31 lambda=2.4938445141384868e-07 tau=2.4938445141384868e-07 prediction=644.31409638156344 rho=0.9906855081160032 accept=1
  MFCG it  32 cost=1.813368e+06 lam=2.494e-07 tau=0.00e+00 cg_it=1 shift=0 ckpt=2 alpha=0 acc mv=135
PCG_PREP o=32 rebuild=1 drift=0 previous_depth=2
E2_CAP o=32 retry=0 touched=179 ncam=3068 raw=51901.726310966915 capped=341.23557305475123 radius=8654.3112787736609 median=0.75703344301675535 global_scale=1
ATTR_RADIUS o=32 raw_norm=51901.7263109669 norm=341.23557305475168 radius=8654.3112787736609 next_radius=8654.3112787736609 lambda=2.4938445141384868e-07 next_lambda=2.4938445141384868e-07 rho=0.99406288077904437 accept=1
CLASSICAL_LM o=32 lambda=2.4938445141384868e-07 tau=2.4938445141384868e-07 prediction=622.07527249771215 rho=0.99406288077904437 accept=1
  MFCG it  33 cost=1.812749e+06 lam=2.494e-07 tau=0.00e+00 cg_it=1 shift=0 ckpt=2 alpha=0 acc mv=138
PCG_PREP o=33 rebuild=1 drift=0 previous_depth=2
E2_CAP o=33 retry=0 touched=175 ncam=3068 raw=51763.322063766507 capped=329.8212403234167 radius=8654.3112787736609 median=0.73596825128578103 global_scale=1
ATTR_RADIUS o=33 raw_norm=51763.322063766507 norm=329.8212403234167 radius=8654.3112787736609 next_radius=8654.3112787736609 lambda=2.4938445141384868e-07 next_lambda=2.4938445141384868e-07 rho=0.99442676217846337 accept=1
CLASSICAL_LM o=33 lambda=2.4938445141384868e-07 tau=2.4938445141384868e-07 prediction=598.87598344730304 rho=0.99442676217846337 accept=1
  MFCG it  34 cost=1.812154e+06 lam=2.494e-07 tau=0.00e+00 cg_it=1 shift=0 ckpt=2 alpha=0 acc mv=141
PCG_PREP o=34 rebuild=1 drift=0 previous_depth=2
E2_CAP o=34 retry=0 touched=176 ncam=3068 raw=51649.850739376176 capped=320.70274296605669 radius=8654.3112787736609 median=0.71716577567548523 global_scale=1
ATTR_RADIUS o=34 raw_norm=51649.850739376147 norm=320.70274296605663 radius=8654.3112787736609 next_radius=8654.3112787736609 lambda=2.4938445141384868e-07 next_lambda=2.4938445141384868e-07 rho=0.9964308351815937 accept=1
CLASSICAL_LM o=34 lambda=2.4938445141384868e-07 tau=2.4938445141384868e-07 prediction=583.04603449508852 rho=0.9964308351815937 accept=1
  MFCG it  35 cost=1.811573e+06 lam=2.494e-07 tau=0.00e+00 cg_it=1 shift=0 ckpt=2 alpha=0 acc mv=144
PCG_PREP o=35 rebuild=1 drift=0 previous_depth=2
E2_CAP o=35 retry=0 touched=170 ncam=3068 raw=51542.760629018245 capped=307.42984537651614 radius=8654.3112787736609 median=0.69172092614946412 global_scale=1
ATTR_RADIUS o=35 raw_norm=51542.760629018274 norm=307.42984537651614 radius=8654.3112787736609 next_radius=8654.3112787736609 lambda=2.4938445141384868e-07 next_lambda=2.4938445141384868e-07 rho=1.0012665987073952 accept=1
CLASSICAL_LM o=35 lambda=2.4938445141384868e-07 tau=2.4938445141384868e-07 prediction=561.55818050652056 rho=1.0012665987073952 accept=1
  MFCG it  36 cost=1.811010e+06 lam=2.494e-07 tau=0.00e+00 cg_it=1 shift=0 ckpt=2 alpha=0 acc mv=147
PCG_PREP o=36 rebuild=1 drift=0 previous_depth=2
E2_CAP o=36 retry=0 touched=169 ncam=3068 raw=51439.100842719912 capped=298.03148228210318 radius=8654.3112787736609 median=0.6730996075992185 global_scale=1
ATTR_RADIUS o=36 raw_norm=51439.100842719854 norm=298.03148228210256 radius=8654.3112787736609 next_radius=8654.3112787736609 lambda=2.4938445141384868e-07 next_lambda=2.4938445141384868e-07 rho=1.0042111875756725 accept=1
CLASSICAL_LM o=36 lambda=2.4938445141384868e-07 tau=2.4938445141384868e-07 prediction=545.95331041444285 rho=1.0042111875756725 accept=1
  MFCG it  37 cost=1.810462e+06 lam=2.494e-07 tau=0.00e+00 cg_it=1 shift=0 ckpt=2 alpha=0 acc mv=150
PCG_PREP o=37 rebuild=1 drift=0 previous_depth=2
E2_CAP o=37 retry=0 touched=168 ncam=3068 raw=51347.577980717149 capped=284.43132476378372 radius=8654.3112787736609 median=0.64414591316569125 global_scale=1
ATTR_RADIUS o=37 raw_norm=51347.577980717135 norm=284.43132476378349 radius=8654.3112787736609 next_radius=8654.3112787736609 lambda=2.4938445141384868e-07 next_lambda=2.4938445141384868e-07 rho=1.0072542086282479 accept=1
CLASSICAL_LM o=37 lambda=2.4938445141384868e-07 tau=2.4938445141384868e-07 prediction=526.08951575699962 rho=1.0072542086282479 accept=1
  MFCG it  38 cost=1.809932e+06 lam=2.494e-07 tau=0.00e+00 cg_it=1 shift=0 ckpt=2 alpha=0 acc mv=153
PCG_PREP o=38 rebuild=1 drift=0 previous_depth=2
E2_CAP o=38 retry=0 touched=248 ncam=3068 raw=46736.407892015261 capped=201.45294252082482 radius=8654.3112787736609 median=0.38188099573922007 global_scale=1
ATTR_RADIUS o=38 raw_norm=46736.407892015246 norm=201.45294252082496 radius=8654.3112787736609 next_radius=8654.3112787736609 lambda=2.4938445141384868e-07 next_lambda=2.4938445141384868e-07 rho=1.0062944384858976 accept=1
CLASSICAL_LM o=38 lambda=2.4938445141384868e-07 tau=2.4938445141384868e-07 prediction=509.60084570700917 rho=1.0062944384858976 accept=1
  MFCG it  39 cost=1.809419e+06 lam=2.494e-07 tau=0.00e+00 cg_it=0 shift=0 ckpt=1 alpha=0 acc mv=155
PCG_PREP o=39 rebuild=1 drift=0 previous_depth=1
E2_CAP o=39 retry=0 touched=156 ncam=3068 raw=51106.986670089987 capped=368.16631551309268 radius=8654.3112787736609 median=0.83110809658356266 global_scale=1
ATTR_RADIUS o=39 raw_norm=51106.986670089987 norm=368.16631551309285 radius=8654.3112787736609 next_radius=8654.3112787736609 lambda=2.4938445141384868e-07 next_lambda=2.4938445141384868e-07 rho=1.0171159755986996 accept=1
CLASSICAL_LM o=39 lambda=2.4938445141384868e-07 tau=2.4938445141384868e-07 prediction=385.3121471637017 rho=1.0171159755986996 accept=1
  MFCG it  40 cost=1.809027e+06 lam=2.494e-07 tau=0.00e+00 cg_it=1 shift=0 ckpt=2 alpha=0 acc mv=158
PCG_PREP o=40 rebuild=1 drift=0 previous_depth=2
E2_CAP o=40 retry=0 touched=233 ncam=3068 raw=46818.44951458001 capped=195.57713996766276 radius=8654.3112787736609 median=0.37721253202608923 global_scale=1
ATTR_RADIUS o=40 raw_norm=46818.449514580032 norm=195.57713996766279 radius=8654.3112787736609 next_radius=8654.3112787736609 lambda=2.4938445141384868e-07 next_lambda=2.4938445141384868e-07 rho=1.0079662291557363 accept=1
CLASSICAL_LM o=40 lambda=2.4938445141384868e-07 tau=2.4938445141384868e-07 prediction=492.83701616056572 rho=1.0079662291557363 accept=1
  MFCG it  41 cost=1.808531e+06 lam=2.494e-07 tau=0.00e+00 cg_it=0 shift=0 ckpt=1 alpha=0 acc mv=160
PCG_PREP o=41 rebuild=1 drift=0 previous_depth=1
E2_CAP o=41 retry=0 touched=154 ncam=3068 raw=51004.432890297889 capped=353.1458832698566 radius=8654.3112787736609 median=0.8126056868187701 global_scale=1
ATTR_RADIUS o=41 raw_norm=51004.432890297881 norm=353.1458832698562 radius=8654.3112787736609 next_radius=8654.3112787736609 lambda=2.4938445141384868e-07 next_lambda=2.4938445141384868e-07 rho=1.0187767820307525 accept=1
CLASSICAL_LM o=41 lambda=2.4938445141384868e-07 tau=2.4938445141384868e-07 prediction=384.77692296895435 rho=1.0187767820307525 accept=1
  MFCG it  42 cost=1.808139e+06 lam=2.494e-07 tau=0.00e+00 cg_it=1 shift=0 ckpt=2 alpha=0 acc mv=163
PCG_PREP o=42 rebuild=1 drift=0 previous_depth=2
E2_CAP o=42 retry=0 touched=234 ncam=3068 raw=46855.117379403309 capped=191.84575631313683 radius=8654.3112787736609 median=0.37163747627682764 global_scale=1
ATTR_RADIUS o=42 raw_norm=46855.117379403317 norm=191.84575631313666 radius=8654.3112787736609 next_radius=8654.3112787736609 lambda=2.4938445141384868e-07 next_lambda=2.4938445141384868e-07 rho=1.0089397094671855 accept=1
CLASSICAL_LM o=42 lambda=2.4938445141384868e-07 tau=2.4938445141384868e-07 prediction=473.23763310750013 rho=1.0089397094671855 accept=1
  MFCG it  43 cost=1.807661e+06 lam=2.494e-07 tau=0.00e+00 cg_it=0 shift=0 ckpt=1 alpha=0 acc mv=165
PCG_PREP o=43 rebuild=1 drift=0 previous_depth=1
E2_CAP o=43 retry=0 touched=153 ncam=3068 raw=51026.513961780787 capped=344.6899187933771 radius=8654.3112787736609 median=0.79048902167573543 global_scale=1
ATTR_RADIUS o=43 raw_norm=51026.513961780758 norm=344.68991879337653 radius=8654.3112787736609 next_radius=8654.3112787736609 lambda=2.4938445141384868e-07 next_lambda=2.4938445141384868e-07 rho=1.0192008909498338 accept=1
CLASSICAL_LM o=43 lambda=2.4938445141384868e-07 tau=2.4938445141384868e-07 prediction=372.52962416696744 rho=1.0192008909498338 accept=1
  MFCG it  44 cost=1.807282e+06 lam=2.494e-07 tau=0.00e+00 cg_it=1 shift=0 ckpt=2 alpha=0 acc mv=168
PCG_PREP o=44 rebuild=1 drift=0 previous_depth=2
E2_CAP o=44 retry=0 touched=235 ncam=3068 raw=46851.74391762403 capped=186.26470585140848 radius=8654.3112787736609 median=0.3608710859676682 global_scale=1
ATTR_RADIUS o=44 raw_norm=46851.74391762403 norm=186.26470585140868 radius=8654.3112787736609 next_radius=8654.3112787736609 lambda=2.4938445141384868e-07 next_lambda=2.4938445141384868e-07 rho=1.0085627526251744 accept=1
CLASSICAL_LM o=44 lambda=2.4938445141384868e-07 tau=2.4938445141384868e-07 prediction=457.79881770410356 rho=1.0085627526251744 accept=1
  MFCG it  45 cost=1.806820e+06 lam=2.494e-07 tau=0.00e+00 cg_it=0 shift=0 ckpt=1 alpha=0 acc mv=170
PCG_PREP o=45 rebuild=1 drift=0 previous_depth=1
E2_CAP o=45 retry=0 touched=150 ncam=3068 raw=51141.202250107061 capped=334.84010566736686 radius=8654.3112787736609 median=0.77301946098489682 global_scale=1
ATTR_RADIUS o=45 raw_norm=51141.202250107024 norm=334.840105667366 radius=8654.3112787736609 next_radius=8654.3112787736609 lambda=2.4938445141384868e-07 next_lambda=2.4938445141384868e-07 rho=1.0175411150395688 accept=1
CLASSICAL_LM o=45 lambda=2.4938445141384868e-07 tau=2.4938445141384868e-07 prediction=357.69724265986275 rho=1.0175411150395688 accept=1
  MFCG it  46 cost=1.806456e+06 lam=2.494e-07 tau=0.00e+00 cg_it=1 shift=0 ckpt=2 alpha=0 acc mv=173
PCG_PREP o=46 rebuild=1 drift=0 previous_depth=2
E2_CAP o=46 retry=0 touched=233 ncam=3068 raw=46857.21421069104 capped=183.78380286966862 radius=8654.3112787736609 median=0.35589194737095198 global_scale=1
ATTR_RADIUS o=46 raw_norm=46857.214210691054 norm=183.78380286966819 radius=8654.3112787736609 next_radius=8654.3112787736609 lambda=2.4938445141384868e-07 next_lambda=2.4938445141384868e-07 rho=1.0064229740994104 accept=1
CLASSICAL_LM o=46 lambda=2.4938445141384868e-07 tau=2.4938445141384868e-07 prediction=446.79162197256915 rho=1.0064229740994104 accept=1
  MFCG it  47 cost=1.806006e+06 lam=2.494e-07 tau=0.00e+00 cg_it=0 shift=0 ckpt=1 alpha=0 acc mv=175
PCG_PREP o=47 rebuild=1 drift=0 previous_depth=1
E2_CAP o=47 retry=0 touched=150 ncam=3068 raw=51322.060264127365 capped=326.93159671509238 radius=8654.3112787736609 median=0.75213716545949105 global_scale=1
ATTR_RADIUS o=47 raw_norm=51322.060264127365 norm=326.93159671509176 radius=8654.3112787736609 next_radius=8654.3112787736609 lambda=2.4938445141384868e-07 next_lambda=2.4938445141384868e-07 rho=1.0120017490976603 accept=1
CLASSICAL_LM o=47 lambda=2.4938445141384868e-07 tau=2.4938445141384868e-07 prediction=336.14521644162232 rho=1.0120017490976603 accept=1
  MFCG it  48 cost=1.805666e+06 lam=2.494e-07 tau=0.00e+00 cg_it=1 shift=0 ckpt=2 alpha=0 acc mv=178
PCG_PREP o=48 rebuild=1 drift=0 previous_depth=2
E2_CAP o=48 retry=0 touched=233 ncam=3068 raw=46862.948159483734 capped=181.33297396698779 radius=8654.3112787736609 median=0.35217594282094439 global_scale=1
ATTR_RADIUS o=48 raw_norm=46862.948159483698 norm=181.33297396698839 radius=8654.3112787736609 next_radius=8654.3112787736609 lambda=2.4938445141384868e-07 next_lambda=2.4938445141384868e-07 rho=1.005227370310942 accept=1
CLASSICAL_LM o=48 lambda=2.4938445141384868e-07 tau=2.4938445141384868e-07 prediction=437.55332529906082 rho=1.005227370310942 accept=1
  MFCG it  49 cost=1.805226e+06 lam=2.494e-07 tau=0.00e+00 cg_it=0 shift=0 ckpt=1 alpha=0 acc mv=180
PCG_PREP o=49 rebuild=1 drift=0 previous_depth=1
E2_CAP o=49 retry=0 touched=152 ncam=3068 raw=51544.000133635687 capped=318.11293728786933 radius=8654.3112787736609 median=0.72974448885332344 global_scale=1
ATTR_RADIUS o=49 raw_norm=51544.000133635695 norm=318.11293728786904 radius=8654.3112787736609 next_radius=8654.3112787736609 lambda=2.4938445141384868e-07 next_lambda=2.4938445141384868e-07 rho=1.0118016867292861 accept=1
CLASSICAL_LM o=49 lambda=2.4938445141384868e-07 tau=2.4938445141384868e-07 prediction=313.31476937708135 rho=1.0118016867292861 accept=1
  MFCG it  50 cost=1.804909e+06 lam=2.494e-07 tau=0.00e+00 cg_it=1 shift=0 ckpt=2 alpha=0 acc mv=183
PCG_PREP o=50 rebuild=1 drift=0 previous_depth=2
E2_CAP o=50 retry=0 touched=233 ncam=3068 raw=46870.376018128474 capped=178.30710664693527 radius=8654.3112787736609 median=0.34629795751829306 global_scale=1
ATTR_RADIUS o=50 raw_norm=46870.376018128467 norm=178.30710664693532 radius=8654.3112787736609 next_radius=8654.3112787736609 lambda=2.4938445141384868e-07 next_lambda=2.4938445141384868e-07 rho=1.002490580147003 accept=1
CLASSICAL_LM o=50 lambda=2.4938445141384868e-07 tau=2.4938445141384868e-07 prediction=425.361977808642 rho=1.002490580147003 accept=1
  MFCG it  51 cost=1.804483e+06 lam=2.494e-07 tau=0.00e+00 cg_it=0 shift=0 ckpt=1 alpha=0 acc mv=185
PCG_PREP o=51 rebuild=1 drift=0 previous_depth=1
E2_CAP o=51 retry=0 touched=149 ncam=3068 raw=51819.292107229747 capped=309.01547910813446 radius=8654.3112787736609 median=0.70988778076458514 global_scale=1
ATTR_RADIUS o=51 raw_norm=51819.292107229732 norm=309.0154791081348 radius=8654.3112787736609 next_radius=8654.3112787736609 lambda=2.4938445141384868e-07 next_lambda=2.4938445141384868e-07 rho=1.0031994638098931 accept=1
CLASSICAL_LM o=51 lambda=2.4938445141384868e-07 tau=2.4938445141384868e-07 prediction=287.35790861555785 rho=1.0031994638098931 accept=1
  MFCG it  52 cost=1.804194e+06 lam=2.494e-07 tau=0.00e+00 cg_it=1 shift=0 ckpt=2 alpha=0 acc mv=188
PCG_PREP o=52 rebuild=1 drift=0 previous_depth=2
E2_CAP o=52 retry=0 touched=230 ncam=3068 raw=46851.039328789579 capped=173.91045250504808 radius=8654.3112787736609 median=0.33818396792139027 global_scale=1
ATTR_RADIUS o=52 raw_norm=46851.03932878952 norm=173.91045250504857 radius=8654.3112787736609 next_radius=8654.3112787736609 lambda=2.4938445141384868e-07 next_lambda=2.4938445141384868e-07 rho=1.0015908746027127 accept=1
CLASSICAL_LM o=52 lambda=2.4938445141384868e-07 tau=2.4938445141384868e-07 prediction=408.84964741312587 rho=1.0015908746027127 accept=1
  MFCG it  53 cost=1.803785e+06 lam=2.494e-07 tau=0.00e+00 cg_it=0 shift=0 ckpt=1 alpha=0 acc mv=190
PCG_PREP o=53 rebuild=1 drift=0 previous_depth=1
E2_CAP o=53 retry=0 touched=146 ncam=3068 raw=52097.154524443125 capped=301.31785497481837 radius=8654.3112787736609 median=0.69533418564449967 global_scale=1
ATTR_RADIUS o=53 raw_norm=52097.154524443104 norm=301.31785497481826 radius=8654.3112787736609 next_radius=8654.3112787736609 lambda=2.4938445141384868e-07 next_lambda=2.4938445141384868e-07 rho=1.0070649252320132 accept=1
CLASSICAL_LM o=53 lambda=2.4938445141384868e-07 tau=2.4938445141384868e-07 prediction=257.59753286843903 rho=1.0070649252320132 accept=1
  MFCG it  54 cost=1.803526e+06 lam=2.494e-07 tau=0.00e+00 cg_it=1 shift=0 ckpt=2 alpha=0 acc mv=193
PCG_PREP o=54 rebuild=1 drift=0 previous_depth=2
E2_CAP o=54 retry=0 touched=230 ncam=3068 raw=46857.448214664146 capped=170.60225005969335 radius=8654.3112787736609 median=0.33203074107282859 global_scale=1
ATTR_RADIUS o=54 raw_norm=46857.448214664117 norm=170.60225005969409 radius=8654.3112787736609 next_radius=8654.3112787736609 lambda=2.4938445141384868e-07 next_lambda=2.4938445141384868e-07 rho=1.0020119077473773 accept=1
CLASSICAL_LM o=54 lambda=2.4938445141384868e-07 tau=2.4938445141384868e-07 prediction=395.10076752068994 rho=1.0020119077473773 accept=1
  MFCG it  55 cost=1.803130e+06 lam=2.494e-07 tau=0.00e+00 cg_it=0 shift=0 ckpt=1 alpha=0 acc mv=195
PCG_PREP o=55 rebuild=1 drift=0 previous_depth=1
E2_CAP o=55 retry=0 touched=147 ncam=3068 raw=52365.193960710822 capped=295.20917852053935 radius=8654.3112787736609 median=0.68307770181482663 global_scale=1
ATTR_RADIUS o=55 raw_norm=52365.193960710792 norm=295.20917852053947 radius=8654.3112787736609 next_radius=8654.3112787736609 lambda=2.4938445141384868e-07 next_lambda=2.4938445141384868e-07 rho=1.0064704986552515 accept=1
CLASSICAL_LM o=55 lambda=2.4938445141384868e-07 tau=2.4938445141384868e-07 prediction=238.0580992994 rho=1.0064704986552515 accept=1
  MFCG it  56 cost=1.802890e+06 lam=2.494e-07 tau=0.00e+00 cg_it=1 shift=0 ckpt=2 alpha=0 acc mv=198
PCG_PREP o=56 rebuild=1 drift=0 previous_depth=2
E2_CAP o=56 retry=0 touched=232 ncam=3068 raw=46864.44682656668 capped=167.70832581874615 radius=8654.3112787736609 median=0.32531085749715261 global_scale=1
ATTR_RADIUS o=56 raw_norm=46864.446826566666 norm=167.70832581874618 radius=8654.3112787736609 next_radius=8654.3112787736609 lambda=2.4938445141384868e-07 next_lambda=2.4938445141384868e-07 rho=1.0015255318566814 accept=1
CLASSICAL_LM o=56 lambda=2.4938445141384868e-07 tau=2.4938445141384868e-07 prediction=383.10835928030428 rho=1.0015255318566814 accept=1
  MFCG it  57 cost=1.802506e+06 lam=2.494e-07 tau=0.00e+00 cg_it=0 shift=0 ckpt=1 alpha=0 acc mv=200
PCG_PREP o=57 rebuild=1 drift=0 previous_depth=1
E2_CAP o=57 retry=0 touched=147 ncam=3068 raw=52626.248632628594 capped=289.62713432165157 radius=8654.3112787736609 median=0.6694362743961495 global_scale=1
ATTR_RADIUS o=57 raw_norm=52626.248632628551 norm=289.62713432165174 radius=8654.3112787736609 next_radius=8654.3112787736609 lambda=2.4938445141384868e-07 next_lambda=2.4938445141384868e-07 rho=1.0054110655048256 accept=1
CLASSICAL_LM o=57 lambda=2.4938445141384868e-07 tau=2.4938445141384868e-07 prediction=221.72975749080737 rho=1.0054110655048256 accept=1
  MFCG it  58 cost=1.802283e+06 lam=2.494e-07 tau=0.00e+00 cg_it=1 shift=0 ckpt=2 alpha=0 acc mv=203
PCG_PREP o=58 rebuild=1 drift=0 previous_depth=2
E2_CAP o=58 retry=0 touched=231 ncam=3068 raw=46826.241165687126 capped=165.11529974395606 radius=8654.3112787736609 median=0.319794692460034 global_scale=1
ATTR_RADIUS o=58 raw_norm=46826.241165687126 norm=165.11529974395611 radius=8654.3112787736609 next_radius=8654.3112787736609 lambda=2.4938445141384868e-07 next_lambda=2.4938445141384868e-07 rho=1.0011331537750594 accept=1
CLASSICAL_LM o=58 lambda=2.4938445141384868e-07 tau=2.4938445141384868e-07 prediction=371.89494014152183 rho=1.0011331537750594 accept=1
  MFCG it  59 cost=1.801911e+06 lam=2.494e-07 tau=0.00e+00 cg_it=0 shift=0 ckpt=1 alpha=0 acc mv=205
PCG_PREP o=59 rebuild=1 drift=0 previous_depth=1
E2_CAP o=59 retry=0 touched=145 ncam=3068 raw=52834.167355569829 capped=284.17066006161019 radius=8654.3112787736609 median=0.65949853344164766 global_scale=1
ATTR_RADIUS o=59 raw_norm=52834.167355569814 norm=284.17066006160996 radius=8654.3112787736609 next_radius=8654.3112787736609 lambda=2.4938445141384868e-07 next_lambda=2.4938445141384868e-07 rho=0.99388517663902443 accept=1
CLASSICAL_LM o=59 lambda=2.4938445141384868e-07 tau=2.4938445141384868e-07 prediction=207.1253153330438 rho=0.99388517663902443 accept=1
  MFCG it  60 cost=1.801705e+06 lam=2.494e-07 tau=0.00e+00 cg_it=1 shift=0 ckpt=2 alpha=0 acc mv=208
PCG_PREP o=60 rebuild=1 drift=0 previous_depth=2
E2_CAP o=60 retry=0 touched=230 ncam=3068 raw=46889.739436759475 capped=163.22995911167229 radius=8654.3112787736609 median=0.31626204976744909 global_scale=1
ATTR_RADIUS o=60 raw_norm=46889.739436759453 norm=163.22995911167175 radius=8654.3112787736609 next_radius=8654.3112787736609 lambda=2.4938445141384868e-07 next_lambda=2.4938445141384868e-07 rho=0.99937834719226315 accept=1
CLASSICAL_LM o=60 lambda=2.4938445141384868e-07 tau=2.4938445141384868e-07 prediction=365.09776082798629 rho=0.99937834719226315 accept=1
  MFCG it  61 cost=1.801340e+06 lam=2.494e-07 tau=0.00e+00 cg_it=0 shift=0 ckpt=1 alpha=0 acc mv=210
PCG_PREP o=61 rebuild=1 drift=0 previous_depth=1
E2_CAP o=61 retry=0 touched=143 ncam=3068 raw=53081.307177959985 capped=278.77759022896714 radius=8654.3112787736609 median=0.64731581823289797 global_scale=1
ATTR_RADIUS o=61 raw_norm=53081.307177959992 norm=278.77759022896731 radius=8654.3112787736609 next_radius=8654.3112787736609 lambda=2.4938445141384868e-07 next_lambda=2.4938445141384868e-07 rho=1.0031383352882153 accept=1
CLASSICAL_LM o=61 lambda=2.4938445141384868e-07 tau=2.4938445141384868e-07 prediction=192.84307467971661 rho=1.0031383352882153 accept=1
  MFCG it  62 cost=1.801147e+06 lam=2.494e-07 tau=0.00e+00 cg_it=1 shift=0 ckpt=2 alpha=0 acc mv=213
PCG_PREP o=62 rebuild=1 drift=0 previous_depth=2
E2_CAP o=62 retry=0 touched=233 ncam=3068 raw=46843.553864487636 capped=158.88116469062993 radius=8654.3112787736609 median=0.3066251577274941 global_scale=1
ATTR_RADIUS o=62 raw_norm=46843.553864487527 norm=158.88116469062996 radius=8654.3112787736609 next_radius=8654.3112787736609 lambda=2.4938445141384868e-07 next_lambda=2.4938445141384868e-07 rho=1.0002290874098261 accept=1
CLASSICAL_LM o=62 lambda=2.4938445141384868e-07 tau=2.4938445141384868e-07 prediction=349.37967814931176 rho=1.0002290874098261 accept=1
  MFCG it  63 cost=1.800797e+06 lam=2.494e-07 tau=0.00e+00 cg_it=0 shift=0 ckpt=1 alpha=0 acc mv=215
PCG_PREP o=63 rebuild=1 drift=0 previous_depth=1
E2_CAP o=63 retry=0 touched=144 ncam=3068 raw=53258.367029635738 capped=273.58243818393976 radius=8654.3112787736609 median=0.63618136884378018 global_scale=1
ATTR_RADIUS o=63 raw_norm=53258.367029635723 norm=273.58243818393947 radius=8654.3112787736609 next_radius=8654.3112787736609 lambda=2.4938445141384868e-07 next_lambda=2.4938445141384868e-07 rho=1.0023631331378724 accept=1
CLASSICAL_LM o=63 lambda=2.4938445141384868e-07 tau=2.4938445141384868e-07 prediction=180.80383319715966 rho=1.0023631331378724 accept=1
  MFCG it  64 cost=1.800616e+06 lam=2.494e-07 tau=0.00e+00 cg_it=1 shift=0 ckpt=2 alpha=0 acc mv=218
PCG_PREP o=64 rebuild=1 drift=0 previous_depth=2
E2_CAP o=64 retry=0 touched=232 ncam=3068 raw=46879.479124429105 capped=158.09676484534671 radius=8654.3112787736609 median=0.30543182517739836 global_scale=1
ATTR_RADIUS o=64 raw_norm=46879.479124429097 norm=158.09676484534663 radius=8654.3112787736609 next_radius=8654.3112787736609 lambda=2.4938445141384868e-07 next_lambda=2.4938445141384868e-07 rho=0.99991615786607535 accept=1
CLASSICAL_LM o=64 lambda=2.4938445141384868e-07 tau=2.4938445141384868e-07 prediction=342.37097684802035 rho=0.99991615786607535 accept=1
  MFCG it  65 cost=1.800274e+06 lam=2.494e-07 tau=0.00e+00 cg_it=0 shift=0 ckpt=1 alpha=0 acc mv=220
PCG_PREP o=65 rebuild=1 drift=0 previous_depth=1
E2_CAP o=65 retry=0 touched=142 ncam=3068 raw=53358.341450848187 capped=267.99433898113591 radius=8654.3112787736609 median=0.62392921006161584 global_scale=1
ATTR_RADIUS o=65 raw_norm=53358.341450848158 norm=267.9943389811358 radius=8654.3112787736609 next_radius=8654.3112787736609 lambda=2.4938445141384868e-07 next_lambda=2.4938445141384868e-07 rho=1.0017253482234183 accept=1
CLASSICAL_LM o=65 lambda=2.4938445141384868e-07 tau=2.4938445141384868e-07 prediction=167.64586840960976 rho=1.0017253482234183 accept=1
  MFCG it  66 cost=1.800106e+06 lam=2.494e-07 tau=0.00e+00 cg_it=1 shift=0 ckpt=2 alpha=0 acc mv=223
PCG_PREP o=66 rebuild=1 drift=0 previous_depth=2
E2_CAP o=66 retry=0 touched=231 ncam=3068 raw=46833.640287358874 capped=155.28582332366832 radius=8654.3112787736609 median=0.30039255296188061 global_scale=1
ATTR_RADIUS o=66 raw_norm=46833.640287358852 norm=155.28582332366832 radius=8654.3112787736609 next_radius=8654.3112787736609 lambda=2.4938445141384868e-07 next_lambda=2.4938445141384868e-07 rho=0.9997601432627724 accept=1
CLASSICAL_LM o=66 lambda=2.4938445141384868e-07 tau=2.4938445141384868e-07 prediction=332.60514791238785 rho=0.9997601432627724 accept=1
  MFCG it  67 cost=1.799773e+06 lam=2.494e-07 tau=0.00e+00 cg_it=0 shift=0 ckpt=1 alpha=0 acc mv=225
PCG_PREP o=67 rebuild=1 drift=0 previous_depth=1
E2_CAP o=67 retry=0 touched=141 ncam=3068 raw=53448.927064395117 capped=262.21003543541019 radius=8654.3112787736609 median=0.61127566403685063 global_scale=1
ATTR_RADIUS o=67 raw_norm=53448.927064395139 norm=262.21003543540979 radius=8654.3112787736609 next_radius=8654.3112787736609 lambda=2.4938445141384868e-07 next_lambda=2.4938445141384868e-07 rho=1.0014455971031351 accept=1
CLASSICAL_LM o=67 lambda=2.4938445141384868e-07 tau=2.4938445141384868e-07 prediction=157.12998486167109 rho=1.0014455971031351 accept=1
  MFCG it  68 cost=1.799616e+06 lam=2.494e-07 tau=0.00e+00 cg_it=1 shift=0 ckpt=2 alpha=0 acc mv=228
PCG_PREP o=68 rebuild=1 drift=0 previous_depth=2
E2_CAP o=68 retry=0 touched=231 ncam=3068 raw=46808.34817996747 capped=153.37859592347937 radius=8654.3112787736609 median=0.29723985797447205 global_scale=1
ATTR_RADIUS o=68 raw_norm=46808.348179967434 norm=153.37859592347911 radius=8654.3112787736609 next_radius=8654.3112787736609 lambda=2.4938445141384868e-07 next_lambda=2.4938445141384868e-07 rho=0.99971776771339715 accept=1
CLASSICAL_LM o=68 lambda=2.4938445141384868e-07 tau=2.4938445141384868e-07 prediction=324.50538725600728 rho=0.99971776771339715 accept=1
  MFCG it  69 cost=1.799292e+06 lam=2.494e-07 tau=0.00e+00 cg_it=0 shift=0 ckpt=1 alpha=0 acc mv=230
PCG_PREP o=69 rebuild=1 drift=0 previous_depth=1
E2_CAP o=69 retry=0 touched=141 ncam=3068 raw=53485.096907201732 capped=256.59545724438317 radius=8654.3112787736609 median=0.59771452862138763 global_scale=1
ATTR_RADIUS o=69 raw_norm=53485.09690720174 norm=256.5954572443826 radius=8654.3112787736609 next_radius=8654.3112787736609 lambda=2.4938445141384868e-07 next_lambda=2.4938445141384868e-07 rho=1.0012554838654848 accept=1
CLASSICAL_LM o=69 lambda=2.4938445141384868e-07 tau=2.4938445141384868e-07 prediction=146.82825226425319 rho=1.0012554838654848 accept=1
  MFCG it  70 cost=1.799145e+06 lam=2.494e-07 tau=0.00e+00 cg_it=1 shift=0 ckpt=2 alpha=0 acc mv=233
PCG_PREP o=70 rebuild=1 drift=0 previous_depth=2
E2_CAP o=70 retry=0 touched=232 ncam=3068 raw=46764.289712702986 capped=152.25624559485817 radius=8654.3112787736609 median=0.29502998983449158 global_scale=1
ATTR_RADIUS o=70 raw_norm=46764.289712702986 norm=152.25624559485811 radius=8654.3112787736609 next_radius=8654.3112787736609 lambda=2.4938445141384868e-07 next_lambda=2.4938445141384868e-07 rho=0.99968435535425937 accept=1
CLASSICAL_LM o=70 lambda=2.4938445141384868e-07 tau=2.4938445141384868e-07 prediction=317.54203686907579 rho=0.99968435535425937 accept=1
  MFCG it  71 cost=1.798827e+06 lam=2.494e-07 tau=0.00e+00 cg_it=0 shift=0 ckpt=1 alpha=0 acc mv=235
PCG_PREP o=71 rebuild=1 drift=0 previous_depth=1
E2_CAP o=71 retry=0 touched=138 ncam=3068 raw=53496.426902167244 capped=251.92790516358815 radius=8654.3112787736609 median=0.58676627353107047 global_scale=1
ATTR_RADIUS o=71 raw_norm=53496.426902167317 norm=251.92790516358778 radius=8654.3112787736609 next_radius=8654.3112787736609 lambda=2.4938445141384868e-07 next_lambda=2.4938445141384868e-07 rho=1.0010797321812452 accept=1
CLASSICAL_LM o=71 lambda=2.4938445141384868e-07 tau=2.4938445141384868e-07 prediction=138.14852820197723 rho=1.0010797321812452 accept=1
  MFCG it  72 cost=1.798689e+06 lam=2.494e-07 tau=0.00e+00 cg_it=1 shift=0 ckpt=2 alpha=0 acc mv=238
PCG_PREP o=72 rebuild=1 drift=0 previous_depth=2
E2_CAP o=72 retry=0 touched=231 ncam=3068 raw=46712.467912727589 capped=151.13470904353036 radius=8654.3112787736609 median=0.29293072531730135 global_scale=1
ATTR_RADIUS o=72 raw_norm=46712.467912727545 norm=151.13470904353036 radius=8654.3112787736609 next_radius=8654.3112787736609 lambda=2.4938445141384868e-07 next_lambda=2.4938445141384868e-07 rho=0.99974924169650015 accept=1
CLASSICAL_LM o=72 lambda=2.4938445141384868e-07 tau=2.4938445141384868e-07 prediction=311.1045294892474 rho=0.99974924169650015 accept=1
  MFCG it  73 cost=1.798378e+06 lam=2.494e-07 tau=0.00e+00 cg_it=0 shift=0 ckpt=1 alpha=0 acc mv=240
PCG_PREP o=73 rebuild=1 drift=0 previous_depth=1
E2_CAP o=73 retry=0 touched=139 ncam=3068 raw=53492.533233888404 capped=247.00323676240978 radius=8654.3112787736609 median=0.57453831993303883 global_scale=1
ATTR_RADIUS o=73 raw_norm=53492.53323388844 norm=247.00323676240953 radius=8654.3112787736609 next_radius=8654.3112787736609 lambda=2.4938445141384868e-07 next_lambda=2.4938445141384868e-07 rho=0.99693807341380802 accept=1
CLASSICAL_LM o=73 lambda=2.4938445141384868e-07 tau=2.4938445141384868e-07 prediction=130.55836977960601 rho=0.99693807341380802 accept=1
  MFCG it  74 cost=1.798248e+06 lam=2.494e-07 tau=0.00e+00 cg_it=1 shift=0 ckpt=2 alpha=0 acc mv=243
PCG_PREP o=74 rebuild=1 drift=0 previous_depth=2
E2_CAP o=74 retry=0 touched=231 ncam=3068 raw=46645.938001195806 capped=148.94904167680576 radius=8654.3112787736609 median=0.28836699501136742 global_scale=1
ATTR_RADIUS o=74 raw_norm=46645.938001195769 norm=148.94904167680562 radius=8654.3112787736609 next_radius=8654.3112787736609 lambda=2.4938445141384868e-07 next_lambda=2.4938445141384868e-07 rho=0.99868940246425841 accept=1
CLASSICAL_LM o=74 lambda=2.4938445141384868e-07 tau=2.4938445141384868e-07 prediction=303.83399675940962 rho=0.99868940246425841 accept=1
  MFCG it  75 cost=1.797944e+06 lam=2.494e-07 tau=0.00e+00 cg_it=0 shift=0 ckpt=1 alpha=0 acc mv=245
PCG_PREP o=75 rebuild=1 drift=0 previous_depth=1
E2_CAP o=75 retry=0 touched=139 ncam=3068 raw=53478.930335224992 capped=244.17930487987329 radius=8654.3112787736609 median=0.5688851179531158 global_scale=1
ATTR_RADIUS o=75 raw_norm=53478.930335225035 norm=244.179304879873 radius=8654.3112787736609 next_radius=8654.3112787736609 lambda=2.4938445141384868e-07 next_lambda=2.4938445141384868e-07 rho=1.0011926698628948 accept=1
CLASSICAL_LM o=75 lambda=2.4938445141384868e-07 tau=2.4938445141384868e-07 prediction=125.67342475114452 rho=1.0011926698628948 accept=1
  MFCG it  76 cost=1.797818e+06 lam=2.494e-07 tau=0.00e+00 cg_it=1 shift=0 ckpt=2 alpha=0 acc mv=248
PCG_PREP o=76 rebuild=1 drift=0 previous_depth=2
E2_CAP o=76 retry=0 touched=231 ncam=3068 raw=46588.039259071054 capped=146.60785321254247 radius=8654.3112787736609 median=0.28344181906838989 global_scale=1
ATTR_RADIUS o=76 raw_norm=46588.039259070996 norm=146.60785321254244 radius=8654.3112787736609 next_radius=8654.3112787736609 lambda=2.4938445141384868e-07 next_lambda=2.4938445141384868e-07 rho=0.99973969529213202 accept=1
CLASSICAL_LM o=76 lambda=2.4938445141384868e-07 tau=2.4938445141384868e-07 prediction=295.94406469670975 rho=0.99973969529213202 accept=1
  MFCG it  77 cost=1.797523e+06 lam=2.494e-07 tau=0.00e+00 cg_it=0 shift=0 ckpt=1 alpha=0 acc mv=250
PCG_PREP o=77 rebuild=1 drift=0 previous_depth=1
E2_CAP o=77 retry=0 touched=138 ncam=3068 raw=53481.474195568851 capped=240.38170536972925 radius=8654.3112787736609 median=0.55951994269112193 global_scale=1
ATTR_RADIUS o=77 raw_norm=53481.474195568779 norm=240.38170536972947 radius=8654.3112787736609 next_radius=8654.3112787736609 lambda=2.4938445141384868e-07 next_lambda=2.4938445141384868e-07 rho=1.0016185024454676 accept=1
CLASSICAL_LM o=77 lambda=2.4938445141384868e-07 tau=2.4938445141384868e-07 prediction=120.39099781501159 rho=1.0016185024454676 accept=1
  MFCG it  78 cost=1.797402e+06 lam=2.494e-07 tau=0.00e+00 cg_it=1 shift=0 ckpt=2 alpha=0 acc mv=253
PCG_PREP o=78 rebuild=1 drift=0 previous_depth=2
E2_CAP o=78 retry=0 touched=231 ncam=3068 raw=46527.210567686547 capped=144.8409324621453 radius=8654.3112787736609 median=0.28029912895487752 global_scale=1
ATTR_RADIUS o=78 raw_norm=46527.210567686569 norm=144.84093246214508 radius=8654.3112787736609 next_radius=8654.3112787736609 lambda=2.4938445141384868e-07 next_lambda=2.4938445141384868e-07 rho=0.99987135830061991 accept=1
CLASSICAL_LM o=78 lambda=2.4938445141384868e-07 tau=2.4938445141384868e-07 prediction=290.30553261679796 rho=0.99987135830061991 accept=1
  MFCG it  79 cost=1.797112e+06 lam=2.494e-07 tau=0.00e+00 cg_it=0 shift=0 ckpt=1 alpha=0 acc mv=255
PCG_PREP o=79 rebuild=1 drift=0 previous_depth=1
E2_CAP o=79 retry=0 touched=138 ncam=3068 raw=53493.086603487551 capped=237.56074894830061 radius=8654.3112787736609 median=0.55232518186424184 global_scale=1
ATTR_RADIUS o=79 raw_norm=53493.086603487522 norm=237.56074894830073 radius=8654.3112787736609 next_radius=8654.3112787736609 lambda=2.4938445141384868e-07 next_lambda=2.4938445141384868e-07 rho=1.0012116326308751 accept=1
CLASSICAL_LM o=79 lambda=2.4938445141384868e-07 tau=2.4938445141384868e-07 prediction=115.7080290186077 rho=1.0012116326308751 accept=1
  MFCG it  80 cost=1.796996e+06 lam=2.494e-07 tau=0.00e+00 cg_it=1 shift=0 ckpt=2 alpha=0 acc mv=258
PCG_PREP o=80 rebuild=1 drift=0 previous_depth=2
E2_CAP o=80 retry=0 touched=231 ncam=3068 raw=46462.48678552296 capped=143.80578349753961 radius=8654.3112787736609 median=0.27852579504192143 global_scale=1
ATTR_RADIUS o=80 raw_norm=46462.486785522997 norm=143.80578349753955 radius=8654.3112787736609 next_radius=8654.3112787736609 lambda=2.4938445141384868e-07 next_lambda=2.4938445141384868e-07 rho=1.0000074155287288 accept=1
CLASSICAL_LM o=80 lambda=2.4938445141384868e-07 tau=2.4938445141384868e-07 prediction=286.15503710100626 rho=1.0000074155287288 accept=1
  MFCG it  81 cost=1.796710e+06 lam=2.494e-07 tau=0.00e+00 cg_it=0 shift=0 ckpt=1 alpha=0 acc mv=260
PCG_PREP o=81 rebuild=1 drift=0 previous_depth=1
E2_CAP o=81 retry=0 touched=137 ncam=3068 raw=53478.199308606476 capped=233.32554568021075 radius=8654.3112787736609 median=0.54305074447111668 global_scale=1
ATTR_RADIUS o=81 raw_norm=53478.199308606476 norm=233.32554568021067 radius=8654.3112787736609 next_radius=8654.3112787736609 lambda=2.4938445141384868e-07 next_lambda=2.4938445141384868e-07 rho=0.36342705748203918 accept=1
CLASSICAL_LM o=81 lambda=2.4938445141384868e-07 tau=2.4938445141384868e-07 prediction=110.35364948919108 rho=0.36342705748203918 accept=1
  MFCG it  82 cost=1.796670e+06 lam=2.494e-07 tau=0.00e+00 cg_it=1 shift=0 ckpt=2 alpha=0 acc mv=263
PCG_PREP o=82 rebuild=1 drift=0 previous_depth=2
E2_CAP o=82 retry=0 touched=232 ncam=3068 raw=46417.755203488341 capped=141.79792929182085 radius=8654.3112787736609 median=0.27524848725812612 global_scale=1
ATTR_RADIUS o=82 raw_norm=46417.755203488407 norm=141.79792929182045 radius=8654.3112787736609 next_radius=8654.3112787736609 lambda=2.4938445141384868e-07 next_lambda=2.4938445141384868e-07 rho=0.93420967797829435 accept=1
CLASSICAL_LM o=82 lambda=2.4938445141384868e-07 tau=2.4938445141384868e-07 prediction=351.81250442963392 rho=0.93420967797829435 accept=1
  MFCG it  83 cost=1.796341e+06 lam=2.494e-07 tau=0.00e+00 cg_it=0 shift=0 ckpt=1 alpha=0 acc mv=265
PCG_PREP o=83 rebuild=1 drift=0 previous_depth=1
E2_CAP o=83 retry=0 touched=136 ncam=3068 raw=53468.002184714605 capped=229.58875481930198 radius=8654.3112787736609 median=0.53275018937436847 global_scale=1
ATTR_RADIUS o=83 raw_norm=53468.002184714554 norm=229.58875481930235 radius=8654.3112787736609 next_radius=8654.3112787736609 lambda=2.4938445141384868e-07 next_lambda=2.4938445141384868e-07 rho=0.90758743778204354 accept=1
CLASSICAL_LM o=83 lambda=2.4938445141384868e-07 tau=2.4938445141384868e-07 prediction=127.418261103116 rho=0.90758743778204354 accept=1
  MFCG it  84 cost=1.796225e+06 lam=2.494e-07 tau=0.00e+00 cg_it=1 shift=0 ckpt=2 alpha=0 acc mv=268
PCG_PREP o=84 rebuild=1 drift=0 previous_depth=2
E2_CAP o=84 retry=0 touched=235 ncam=3068 raw=46376.866102896085 capped=140.69291928320743 radius=8654.3112787736609 median=0.27226547237705034 global_scale=1
ATTR_RADIUS o=84 raw_norm=46376.866102896165 norm=140.69291928320735 radius=8654.3112787736609 next_radius=8654.3112787736609 lambda=2.4938445141384868e-07 next_lambda=2.4938445141384868e-07 rho=0.98032103652658464 accept=1
CLASSICAL_LM o=84 lambda=2.4938445141384868e-07 tau=2.4938445141384868e-07 prediction=288.05823600889494 rho=0.98032103652658464 accept=1
  MFCG it  85 cost=1.795943e+06 lam=2.494e-07 tau=0.00e+00 cg_it=0 shift=0 ckpt=1 alpha=0 acc mv=270
PCG_PREP o=85 rebuild=1 drift=0 previous_depth=1
E2_CAP o=85 retry=0 touched=136 ncam=3068 raw=53452.241190456269 capped=226.69270912313621 radius=8654.3112787736609 median=0.52296714194536031 global_scale=1
ATTR_RADIUS o=85 raw_norm=53452.241190456232 norm=226.69270912313621 radius=8654.3112787736609 next_radius=8654.3112787736609 lambda=2.4938445141384868e-07 next_lambda=2.4938445141384868e-07 rho=0.97729659004892633 accept=1
CLASSICAL_LM o=85 lambda=2.4938445141384868e-07 tau=2.4938445141384868e-07 prediction=101.89722720238163 rho=0.97729659004892633 accept=1
  MFCG it  86 cost=1.795843e+06 lam=2.494e-07 tau=0.00e+00 cg_it=1 shift=0 ckpt=2 alpha=0 acc mv=273
PCG_PREP o=86 rebuild=1 drift=0 previous_depth=2
E2_CAP o=86 retry=0 touched=237 ncam=3068 raw=46338.261912837654 capped=140.22227350283535 radius=8654.3112787736609 median=0.27082466154824147 global_scale=1
ATTR_RADIUS o=86 raw_norm=46338.261912837705 norm=140.22227350283555 radius=8654.3112787736609 next_radius=8654.3112787736609 lambda=2.4938445141384868e-07 next_lambda=2.4938445141384868e-07 rho=0.99798389013545097 accept=1
CLASSICAL_LM o=86 lambda=2.4938445141384868e-07 tau=2.4938445141384868e-07 prediction=275.6227861233408 rho=0.99798389013545097 accept=1
  MFCG it  87 cost=1.795568e+06 lam=2.494e-07 tau=0.00e+00 cg_it=0 shift=0 ckpt=1 alpha=0 acc mv=275
PCG_PREP o=87 rebuild=1 drift=0 previous_depth=1
E2_CAP o=87 retry=0 touched=136 ncam=3068 raw=53431.279571571744 capped=223.58324356622001 radius=8654.3112787736609 median=0.51510996912540707 global_scale=1
ATTR_RADIUS o=87 raw_norm=53431.279571571722 norm=223.5832435662191 radius=8654.3112787736609 next_radius=8654.3112787736609 lambda=2.4938445141384868e-07 next_lambda=2.4938445141384868e-07 rho=1.0021549331907249 accept=1
CLASSICAL_LM o=87 lambda=2.4938445141384868e-07 tau=2.4938445141384868e-07 prediction=91.74996562180776 rho=1.0021549331907249 accept=1
  MFCG it  88 cost=1.795476e+06 lam=2.494e-07 tau=0.00e+00 cg_it=1 shift=0 ckpt=2 alpha=0 acc mv=278
PCG_PREP o=88 rebuild=1 drift=0 previous_depth=2
E2_CAP o=88 retry=0 touched=236 ncam=3068 raw=46304.086946681506 capped=138.83792144396122 radius=8654.3112787736609 median=0.26794703883861148 global_scale=1
ATTR_RADIUS o=88 raw_norm=46304.086946681477 norm=138.83792144396114 radius=8654.3112787736609 next_radius=8654.3112787736609 lambda=2.4938445141384868e-07 next_lambda=2.4938445141384868e-07 rho=0.99964002453806577 accept=1
CLASSICAL_LM o=88 lambda=2.4938445141384868e-07 tau=2.4938445141384868e-07 prediction=270.07919038872251 rho=0.99964002453806577 accept=1
  MFCG it  89 cost=1.795206e+06 lam=2.494e-07 tau=0.00e+00 cg_it=0 shift=0 ckpt=1 alpha=0 acc mv=280
PCG_PREP o=89 rebuild=1 drift=0 previous_depth=1
E2_CAP o=89 retry=0 touched=137 ncam=3068 raw=53407.530855830038 capped=220.33351731299754 radius=8654.3112787736609 median=0.50605133135005498 global_scale=1
ATTR_RADIUS o=89 raw_norm=53407.530855830031 norm=220.33351731299825 radius=8654.3112787736609 next_radius=8654.3112787736609 lambda=2.4938445141384868e-07 next_lambda=2.4938445141384868e-07 rho=1.0032281606038869 accept=1
CLASSICAL_LM o=89 lambda=2.4938445141384868e-07 tau=2.4938445141384868e-07 prediction=86.894273922652587 rho=1.0032281606038869 accept=1
  MFCG it  90 cost=1.795119e+06 lam=2.494e-07 tau=0.00e+00 cg_it=1 shift=0 ckpt=2 alpha=0 acc mv=283
PCG_PREP o=90 rebuild=1 drift=0 previous_depth=2
E2_CAP o=90 retry=0 touched=235 ncam=3068 raw=46268.527955952632 capped=136.83519353882215 radius=8654.3112787736609 median=0.26440567105509816 global_scale=1
ATTR_RADIUS o=90 raw_norm=46268.527955952675 norm=136.83519353882201 radius=8654.3112787736609 next_radius=8654.3112787736609 lambda=2.4938445141384868e-07 next_lambda=2.4938445141384868e-07 rho=0.99947681778190045 accept=1
CLASSICAL_LM o=90 lambda=2.4938445141384868e-07 tau=2.4938445141384868e-07 prediction=266.23311156660276 rho=0.99947681778190045 accept=1
  MFCG it  91 cost=1.794853e+06 lam=2.494e-07 tau=0.00e+00 cg_it=0 shift=0 ckpt=1 alpha=0 acc mv=285
PCG_PREP o=91 rebuild=1 drift=0 previous_depth=1
E2_CAP o=91 retry=0 touched=134 ncam=3068 raw=53381.006747509571 capped=216.90438876457108 radius=8654.3112787736609 median=0.49978717940562079 global_scale=1
ATTR_RADIUS o=91 raw_norm=53381.006747509542 norm=216.90438876457134 radius=8654.3112787736609 next_radius=8654.3112787736609 lambda=2.4938445141384868e-07 next_lambda=2.4938445141384868e-07 rho=1.0035035587184697 accept=1
CLASSICAL_LM o=91 lambda=2.4938445141384868e-07 tau=2.4938445141384868e-07 prediction=82.264601011945331 rho=1.0035035587184697 accept=1
  MFCG it  92 cost=1.794771e+06 lam=2.494e-07 tau=0.00e+00 cg_it=1 shift=0 ckpt=2 alpha=0 acc mv=288
PCG_PREP o=92 rebuild=1 drift=0 previous_depth=2
E2_CAP o=92 retry=0 touched=236 ncam=3068 raw=46226.885612333244 capped=134.7231233056641 radius=8654.3112787736609 median=0.25979163391963295 global_scale=1
ATTR_RADIUS o=92 raw_norm=46226.885612333303 norm=134.72312330566405 radius=8654.3112787736609 next_radius=8654.3112787736609 lambda=2.4938445141384868e-07 next_lambda=2.4938445141384868e-07 rho=0.99902576225139661 accept=1
CLASSICAL_LM o=92 lambda=2.4938445141384868e-07 tau=2.4938445141384868e-07 prediction=261.77552809526776 rho=0.99902576225139661 accept=1
  MFCG it  93 cost=1.794509e+06 lam=2.494e-07 tau=0.00e+00 cg_it=0 shift=0 ckpt=1 alpha=0 acc mv=290
PCG_PREP o=93 rebuild=1 drift=0 previous_depth=1
E2_CAP o=93 retry=0 touched=136 ncam=3068 raw=53354.367217946288 capped=214.56331869853207 radius=8654.3112787736609 median=0.49422759613852485 global_scale=1
ATTR_RADIUS o=93 raw_norm=53354.367217946296 norm=214.56331869853236 radius=8654.3112787736609 next_radius=8654.3112787736609 lambda=2.4938445141384868e-07 next_lambda=2.4938445141384868e-07 rho=1.0033862826676474 accept=1
CLASSICAL_LM o=93 lambda=2.4938445141384868e-07 tau=2.4938445141384868e-07 prediction=78.318039430452444 rho=1.0033862826676474 accept=1
  MFCG it  94 cost=1.794430e+06 lam=2.494e-07 tau=0.00e+00 cg_it=1 shift=0 ckpt=2 alpha=0 acc mv=293
PCG_PREP o=94 rebuild=1 drift=0 previous_depth=2
E2_CAP o=94 retry=0 touched=234 ncam=3068 raw=46179.424981410339 capped=133.58340087434098 radius=8654.3112787736609 median=0.25735821119314606 global_scale=1
ATTR_RADIUS o=94 raw_norm=46179.42498141028 norm=133.58340087434073 radius=8654.3112787736609 next_radius=8654.3112787736609 lambda=2.4938445141384868e-07 next_lambda=2.4938445141384868e-07 rho=0.99920886953329313 accept=1
CLASSICAL_LM o=94 lambda=2.4938445141384868e-07 tau=2.4938445141384868e-07 prediction=258.30918758556891 rho=0.99920886953329313 accept=1
  MFCG it  95 cost=1.794172e+06 lam=2.494e-07 tau=0.00e+00 cg_it=0 shift=0 ckpt=1 alpha=0 acc mv=295
PCG_PREP o=95 rebuild=1 drift=0 previous_depth=1
E2_CAP o=95 retry=0 touched=204 ncam=3068 raw=46939.380411396312 capped=83.986212915176736 radius=8654.3112787736609 median=0.17280817466489382 global_scale=1
ATTR_RADIUS o=95 raw_norm=46939.380411396283 norm=83.986212915176907 radius=8654.3112787736609 next_radius=8654.3112787736609 lambda=2.4938445141384868e-07 next_lambda=2.4938445141384868e-07 rho=1.0000159332365739 accept=1
CLASSICAL_LM o=95 lambda=2.4938445141384868e-07 tau=2.4938445141384868e-07 prediction=151.53992505027543 rho=1.0000159332365739 accept=1
  MFCG it  96 cost=1.794021e+06 lam=2.494e-07 tau=0.00e+00 cg_it=0 shift=0 ckpt=1 alpha=0 acc mv=297
PCG_PREP o=96 rebuild=1 drift=0 previous_depth=1
E2_CAP o=96 retry=0 touched=165 ncam=3068 raw=53359.212511515776 capped=221.05173962426525 radius=8654.3112787736609 median=0.46757069552438923 global_scale=1
ATTR_RADIUS o=96 raw_norm=53359.212511515776 norm=221.05173962426548 radius=8654.3112787736609 next_radius=8654.3112787736609 lambda=2.4938445141384868e-07 next_lambda=2.4938445141384868e-07 rho=1.0206344131346465 accept=1
CLASSICAL_LM o=96 lambda=2.4938445141384868e-07 tau=2.4938445141384868e-07 prediction=27.160548300666179 rho=1.0206344131346465 accept=1
  MFCG it  97 cost=1.793993e+06 lam=2.494e-07 tau=0.00e+00 cg_it=1 shift=0 ckpt=2 alpha=0 acc mv=300
PCG_PREP o=97 rebuild=1 drift=0 previous_depth=2
E2_CAP o=97 retry=0 touched=234 ncam=3068 raw=46276.008154257681 capped=131.11565587915803 radius=8654.3112787736609 median=0.25203774777037879 global_scale=1
ATTR_RADIUS o=97 raw_norm=46276.008154257688 norm=131.11565587915814 radius=8654.3112787736609 next_radius=8654.3112787736609 lambda=2.4938445141384868e-07 next_lambda=2.4938445141384868e-07 rho=1.0002489737138951 accept=1
CLASSICAL_LM o=97 lambda=2.4938445141384868e-07 tau=2.4938445141384868e-07 prediction=251.38065844107365 rho=1.0002489737138951 accept=1
  MFCG it  98 cost=1.793742e+06 lam=2.494e-07 tau=0.00e+00 cg_it=0 shift=0 ckpt=1 alpha=0 acc mv=302
PCG_PREP o=98 rebuild=1 drift=0 previous_depth=1
E2_CAP o=98 retry=0 touched=140 ncam=3068 raw=53286.796311809645 capped=209.13980995099655 radius=8654.3112787736609 median=0.48231972973083359 global_scale=1
ATTR_RADIUS o=98 raw_norm=53286.796311809616 norm=209.13980995099664 radius=8654.3112787736609 next_radius=8654.3112787736609 lambda=2.4938445141384868e-07 next_lambda=2.4938445141384868e-07 rho=1.0086073699564755 accept=1
CLASSICAL_LM o=98 lambda=2.4938445141384868e-07 tau=2.4938445141384868e-07 prediction=71.786146012413553 rho=1.0086073699564755 accept=1
  MFCG it  99 cost=1.793669e+06 lam=2.494e-07 tau=0.00e+00 cg_it=1 shift=0 ckpt=2 alpha=0 acc mv=305
PCG_PREP o=99 rebuild=1 drift=0 previous_depth=2
E2_CAP o=99 retry=0 touched=234 ncam=3068 raw=46226.20762705736 capped=130.64541075772877 radius=8654.3112787736609 median=0.25134527565795195 global_scale=1
ATTR_RADIUS o=99 raw_norm=46226.207627057411 norm=130.64541075772857 radius=8654.3112787736609 next_radius=8654.3112787736609 lambda=2.4938445141384868e-07 next_lambda=2.4938445141384868e-07 rho=1.0001004888478582 accept=1
CLASSICAL_LM o=99 lambda=2.4938445141384868e-07 tau=2.4938445141384868e-07 prediction=249.65636853088742 rho=1.0001004888478582 accept=1
  MFCG it 100 cost=1.793420e+06 lam=2.494e-07 tau=0.00e+00 cg_it=0 shift=0 ckpt=1 alpha=0 acc mv=307
PCG_PREP o=100 rebuild=1 drift=0 previous_depth=1
E2_CAP o=100 retry=0 touched=136 ncam=3068 raw=53274.541315744907 capped=208.03995183688431 radius=8654.3112787736609 median=0.47833740589650697 global_scale=1
ATTR_RADIUS o=100 raw_norm=53274.541315744886 norm=208.0399518368842 radius=8654.3112787736609 next_radius=8654.3112787736609 lambda=2.4938445141384868e-07 next_lambda=2.4938445141384868e-07 rho=1.0081866123743826 accept=1
CLASSICAL_LM o=100 lambda=2.4938445141384868e-07 tau=2.4938445141384868e-07 prediction=63.763322335651836 rho=1.0081866123743826 accept=1
  MFCG it 101 cost=1.793355e+06 lam=2.494e-07 tau=0.00e+00 cg_it=1 shift=0 ckpt=2 alpha=0 acc mv=310
PCG_PREP o=101 rebuild=1 drift=0 previous_depth=2
E2_CAP o=101 retry=0 touched=235 ncam=3068 raw=46158.809301136673 capped=130.48468089225977 radius=8654.3112787736609 median=0.25073470819074339 global_scale=1
ATTR_RADIUS o=101 raw_norm=46158.809301136702 norm=130.4846808922602 radius=8654.3112787736609 next_radius=8654.3112787736609 lambda=2.4938445141384868e-07 next_lambda=2.4938445141384868e-07 rho=0.9996161290221679 accept=1
CLASSICAL_LM o=101 lambda=2.4938445141384868e-07 tau=2.4938445141384868e-07 prediction=250.65928003440527 rho=0.9996161290221679 accept=1
  MFCG it 102 cost=1.793105e+06 lam=2.494e-07 tau=0.00e+00 cg_it=0 shift=0 ckpt=1 alpha=0 acc mv=312
PCG_PREP o=102 rebuild=1 drift=0 previous_depth=1
E2_CAP o=102 retry=0 touched=134 ncam=3068 raw=53269.130271847076 capped=204.03550274590432 radius=8654.3112787736609 median=0.47246779549647816 global_scale=1
ATTR_RADIUS o=102 raw_norm=53269.130271847069 norm=204.03550274590486 radius=8654.3112787736609 next_radius=8654.3112787736609 lambda=2.4938445141384868e-07 next_lambda=2.4938445141384868e-07 rho=1.0076041406280534 accept=1
CLASSICAL_LM o=102 lambda=2.4938445141384868e-07 tau=2.4938445141384868e-07 prediction=62.741567386646302 rho=1.0076041406280534 accept=1
  MFCG it 103 cost=1.793041e+06 lam=2.494e-07 tau=0.00e+00 cg_it=1 shift=0 ckpt=2 alpha=0 acc mv=315
PCG_PREP o=103 rebuild=1 drift=0 previous_depth=2
E2_CAP o=103 retry=0 touched=237 ncam=3068 raw=46118.613037638701 capped=129.07425222546763 radius=8654.3112787736609 median=0.2474137361771912 global_scale=1
ATTR_RADIUS o=103 raw_norm=46118.61303763873 norm=129.07425222546772 radius=8654.3112787736609 next_radius=8654.3112787736609 lambda=2.4938445141384868e-07 next_lambda=2.4938445141384868e-07 rho=0.99921534192469086 accept=1
CLASSICAL_LM o=103 lambda=2.4938445141384868e-07 tau=2.4938445141384868e-07 prediction=248.34874031121657 rho=0.99921534192469086 accept=1
  MFCG it 104 cost=1.792793e+06 lam=2.494e-07 tau=0.00e+00 cg_it=0 shift=0 ckpt=1 alpha=0 acc mv=317
PCG_PREP o=104 rebuild=1 drift=0 previous_depth=1
E2_CAP o=104 retry=0 touched=208 ncam=3068 raw=46878.325145408846 capped=80.828837714678727 radius=8654.3112787736609 median=0.16608146143211633 global_scale=1
ATTR_RADIUS o=104 raw_norm=46878.325145408846 norm=80.828837714678912 radius=8654.3112787736609 next_radius=8654.3112787736609 lambda=2.4938445141384868e-07 next_lambda=2.4938445141384868e-07 rho=1.0002908177477055 accept=1
CLASSICAL_LM o=104 lambda=2.4938445141384868e-07 tau=2.4938445141384868e-07 prediction=144.50640615541155 rho=1.0002908177477055 accept=1
  MFCG it 105 cost=1.792649e+06 lam=2.494e-07 tau=0.00e+00 cg_it=0 shift=0 ckpt=1 alpha=0 acc mv=319
PCG_PREP o=105 rebuild=1 drift=0 previous_depth=1
E2_CAP o=105 retry=0 touched=165 ncam=3068 raw=53333.410678976965 capped=212.92854396102851 radius=8654.3112787736609 median=0.45005807411741738 global_scale=1
ATTR_RADIUS o=105 raw_norm=53333.410678976928 norm=212.92854396102828 radius=8654.3112787736609 next_radius=8654.3112787736609 lambda=2.4938445141384868e-07 next_lambda=2.4938445141384868e-07 rho=1.05169712413048 accept=1
CLASSICAL_LM o=105 lambda=2.4938445141384868e-07 tau=2.4938445141384868e-07 prediction=15.280469824272572 rho=1.05169712413048 accept=1
  MFCG it 106 cost=1.792633e+06 lam=2.494e-07 tau=0.00e+00 cg_it=1 shift=0 ckpt=2 alpha=0 acc mv=322
PCG_PREP o=106 rebuild=1 drift=0 previous_depth=2
E2_CAP o=106 retry=0 touched=238 ncam=3068 raw=46233.495366434741 capped=126.26071805105717 radius=8654.3112787736609 median=0.24169734875798488 global_scale=1
ATTR_RADIUS o=106 raw_norm=46233.495366434814 norm=126.26071805105688 radius=8654.3112787736609 next_radius=8654.3112787736609 lambda=2.4938445141384868e-07 next_lambda=2.4938445141384868e-07 rho=1.0006148683266163 accept=1
CLASSICAL_LM o=106 lambda=2.4938445141384868e-07 tau=2.4938445141384868e-07 prediction=242.56791850429875 rho=1.0006148683266163 accept=1
  MFCG it 107 cost=1.792390e+06 lam=2.494e-07 tau=0.00e+00 cg_it=0 shift=0 ckpt=1 alpha=0 acc mv=324
PCG_PREP o=107 rebuild=1 drift=0 previous_depth=1
E2_CAP o=107 retry=0 touched=138 ncam=3068 raw=53314.754460332872 capped=200.74727177491283 radius=8654.3112787736609 median=0.46124142680155023 global_scale=1
ATTR_RADIUS o=107 raw_norm=53314.754460332901 norm=200.74727177491209 radius=8654.3112787736609 next_radius=8654.3112787736609 lambda=2.4938445141384868e-07 next_lambda=2.4938445141384868e-07 rho=1.0130207134451594 accept=1
CLASSICAL_LM o=107 lambda=2.4938445141384868e-07 tau=2.4938445141384868e-07 prediction=60.290364240112282 rho=1.0130207134451594 accept=1
  MFCG it 108 cost=1.792329e+06 lam=2.494e-07 tau=0.00e+00 cg_it=1 shift=0 ckpt=2 alpha=0 acc mv=327
PCG_PREP o=108 rebuild=1 drift=0 previous_depth=2
E2_CAP o=108 retry=0 touched=236 ncam=3068 raw=46205.613573970928 capped=128.15122233945507 radius=8654.3112787736609 median=0.24632172492298848 global_scale=1
ATTR_RADIUS o=108 raw_norm=46205.613573970943 norm=128.15122233945507 radius=8654.3112787736609 next_radius=8654.3112787736609 lambda=2.4938445141384868e-07 next_lambda=2.4938445141384868e-07 rho=1.0002055151818883 accept=1
CLASSICAL_LM o=108 lambda=2.4938445141384868e-07 tau=2.4938445141384868e-07 prediction=245.0903679592501 rho=1.0002055151818883 accept=1
  MFCG it 109 cost=1.792084e+06 lam=2.494e-07 tau=0.00e+00 cg_it=0 shift=0 ckpt=1 alpha=0 acc mv=329
PCG_PREP o=109 rebuild=1 drift=0 previous_depth=1
E2_CAP o=109 retry=0 touched=135 ncam=3068 raw=53341.02649509217 capped=200.4785925038417 radius=8654.3112787736609 median=0.45764228743394042 global_scale=1
ATTR_RADIUS o=109 raw_norm=53341.02649509217 norm=200.47859250384207 radius=8654.3112787736609 next_radius=8654.3112787736609 lambda=2.4938445141384868e-07 next_lambda=2.4938445141384868e-07 rho=1.0139670547297515 accept=1
CLASSICAL_LM o=109 lambda=2.4938445141384868e-07 tau=2.4938445141384868e-07 prediction=51.269063773136239 rho=1.0139670547297515 accept=1
  MFCG it 110 cost=1.792032e+06 lam=2.494e-07 tau=0.00e+00 cg_it=1 shift=0 ckpt=2 alpha=0 acc mv=332
PCG_PREP o=110 rebuild=1 drift=0 previous_depth=2
E2_CAP o=110 retry=0 touched=239 ncam=3068 raw=46169.683267530694 capped=128.16539944263923 radius=8654.3112787736609 median=0.24545185406988923 global_scale=1
ATTR_RADIUS o=110 raw_norm=46169.683267530694 norm=128.16539944263943 radius=8654.3112787736609 next_radius=8654.3112787736609 lambda=2.4938445141384868e-07 next_lambda=2.4938445141384868e-07 rho=0.99958941754227915 accept=1
CLASSICAL_LM o=110 lambda=2.4938445141384868e-07 tau=2.4938445141384868e-07 prediction=246.77148030558737 rho=0.99958941754227915 accept=1
  MFCG it 111 cost=1.791785e+06 lam=2.494e-07 tau=0.00e+00 cg_it=0 shift=0 ckpt=1 alpha=0 acc mv=334
PCG_PREP o=111 rebuild=1 drift=0 previous_depth=1
E2_CAP o=111 retry=0 touched=136 ncam=3068 raw=53376.100584844957 capped=198.8394295608102 radius=8654.3112787736609 median=0.45815786421610905 global_scale=1
ATTR_RADIUS o=111 raw_norm=53376.100584845008 norm=198.83942956081026 radius=8654.3112787736609 next_radius=8654.3112787736609 lambda=2.4938445141384868e-07 next_lambda=2.4938445141384868e-07 rho=1.0101570757012073 accept=1
CLASSICAL_LM o=111 lambda=2.4938445141384868e-07 tau=2.4938445141384868e-07 prediction=52.676525644501254 rho=1.0101570757012073 accept=1
  MFCG it 112 cost=1.791732e+06 lam=2.494e-07 tau=0.00e+00 cg_it=1 shift=0 ckpt=2 alpha=0 acc mv=337
PCG_PREP o=112 rebuild=1 drift=0 previous_depth=2
E2_CAP o=112 retry=0 touched=240 ncam=3068 raw=46155.07905372278 capped=126.92539574582993 radius=8654.3112787736609 median=0.24259324112436334 global_scale=1
ATTR_RADIUS o=112 raw_norm=46155.079053722708 norm=126.92539574582996 radius=8654.3112787736609 next_radius=8654.3112787736609 lambda=2.4938445141384868e-07 next_lambda=2.4938445141384868e-07 rho=0.99920656041819833 accept=1
CLASSICAL_LM o=112 lambda=2.4938445141384868e-07 tau=2.4938445141384868e-07 prediction=244.69236847262562 rho=0.99920656041819833 accept=1
  MFCG it 113 cost=1.791487e+06 lam=2.494e-07 tau=0.00e+00 cg_it=0 shift=0 ckpt=1 alpha=0 acc mv=339
PCG_PREP o=113 rebuild=1 drift=0 previous_depth=1
E2_CAP o=113 retry=0 touched=136 ncam=3068 raw=53396.83192131704 capped=197.18729881291833 radius=8654.3112787736609 median=0.45486442817981954 global_scale=1
ATTR_RADIUS o=113 raw_norm=53396.831921317033 norm=197.18729881291767 radius=8654.3112787736609 next_radius=8654.3112787736609 lambda=2.4938445141384868e-07 next_lambda=2.4938445141384868e-07 rho=1.0086038173769658 accept=1
CLASSICAL_LM o=113 lambda=2.4938445141384868e-07 tau=2.4938445141384868e-07 prediction=51.395515711449356 rho=1.0086038173769658 accept=1
  MFCG it 114 cost=1.791436e+06 lam=2.494e-07 tau=0.00e+00 cg_it=1 shift=0 ckpt=2 alpha=0 acc mv=342
PCG_PREP o=114 rebuild=1 drift=0 previous_depth=2
E2_CAP o=114 retry=0 touched=240 ncam=3068 raw=46139.651920579701 capped=126.61835222139432 radius=8654.3112787736609 median=0.24167048081558651 global_scale=1
ATTR_RADIUS o=114 raw_norm=46139.651920579723 norm=126.6183522213945 radius=8654.3112787736609 next_radius=8654.3112787736609 lambda=2.4938445141384868e-07 next_lambda=2.4938445141384868e-07 rho=0.99889436376359397 accept=1
CLASSICAL_LM o=114 lambda=2.4938445141384868e-07 tau=2.4938445141384868e-07 prediction=244.28602810035949 rho=0.99889436376359397 accept=1
  MFCG it 115 cost=1.791192e+06 lam=2.494e-07 tau=0.00e+00 cg_it=0 shift=0 ckpt=1 alpha=0 acc mv=344
PCG_PREP o=115 rebuild=1 drift=0 previous_depth=1
E2_CAP o=115 retry=0 touched=138 ncam=3068 raw=53424.658899854243 capped=196.08843317606048 radius=8654.3112787736609 median=0.45167356773214468 global_scale=1
ATTR_RADIUS o=115 raw_norm=53424.658899854214 norm=196.08843317606056 radius=8654.3112787736609 next_radius=8654.3112787736609 lambda=2.4938445141384868e-07 next_lambda=2.4938445141384868e-07 rho=1.0065964688753033 accept=1
CLASSICAL_LM o=115 lambda=2.4938445141384868e-07 tau=2.4938445141384868e-07 prediction=49.660634680233578 rho=1.0065964688753033 accept=1
  MFCG it 116 cost=1.791142e+06 lam=2.494e-07 tau=0.00e+00 cg_it=1 shift=0 ckpt=2 alpha=0 acc mv=347
PCG_PREP o=116 rebuild=1 drift=0 previous_depth=2
E2_CAP o=116 retry=0 touched=243 ncam=3068 raw=46130.50819228273 capped=125.57996664695737 radius=8654.3112787736609 median=0.23904657468870522 global_scale=1
ATTR_RADIUS o=116 raw_norm=46130.508192282665 norm=125.57996664695789 radius=8654.3112787736609 next_radius=8654.3112787736609 lambda=2.4938445141384868e-07 next_lambda=2.4938445141384868e-07 rho=0.99843831699871555 accept=1
CLASSICAL_LM o=116 lambda=2.4938445141384868e-07 tau=2.4938445141384868e-07 prediction=242.40651280567602 rho=0.99843831699871555 accept=1
  MFCG it 117 cost=1.790900e+06 lam=2.494e-07 tau=0.00e+00 cg_it=0 shift=0 ckpt=1 alpha=0 acc mv=349
PCG_PREP o=117 rebuild=1 drift=0 previous_depth=1
E2_CAP o=117 retry=0 touched=137 ncam=3068 raw=53426.779161132486 capped=194.18413259074839 radius=8654.3112787736609 median=0.44725484802262816 global_scale=1
ATTR_RADIUS o=117 raw_norm=53426.779161132457 norm=194.18413259074904 radius=8654.3112787736609 next_radius=8654.3112787736609 lambda=2.4938445141384868e-07 next_lambda=2.4938445141384868e-07 rho=1.0035826872588165 accept=1
CLASSICAL_LM o=117 lambda=2.4938445141384868e-07 tau=2.4938445141384868e-07 prediction=48.083731915774223 rho=1.0035826872588165 accept=1
  MFCG it 118 cost=1.790851e+06 lam=2.494e-07 tau=0.00e+00 cg_it=1 shift=0 ckpt=2 alpha=0 acc mv=352
PCG_PREP o=118 rebuild=1 drift=0 previous_depth=2
E2_CAP o=118 retry=0 touched=241 ncam=3068 raw=46128.766564834033 capped=124.60140344352074 radius=8654.3112787736609 median=0.23720656761354908 global_scale=1
ATTR_RADIUS o=118 raw_norm=46128.766564834033 norm=124.60140344352077 radius=8654.3112787736609 next_radius=8654.3112787736609 lambda=2.4938445141384868e-07 next_lambda=2.4938445141384868e-07 rho=0.99763592451241589 accept=1
CLASSICAL_LM o=118 lambda=2.4938445141384868e-07 tau=2.4938445141384868e-07 prediction=241.14650491887193 rho=0.99763592451241589 accept=1
  MFCG it 119 cost=1.790611e+06 lam=2.494e-07 tau=0.00e+00 cg_it=0 shift=0 ckpt=1 alpha=0 acc mv=354
PCG_PREP o=119 rebuild=1 drift=0 previous_depth=1
E2_CAP o=119 retry=0 touched=138 ncam=3068 raw=53456.879764110985 capped=193.31733059139685 radius=8654.3112787736609 median=0.4454424843573872 global_scale=1
ATTR_RADIUS o=119 raw_norm=53456.879764110949 norm=193.31733059139691 radius=8654.3112787736609 next_radius=8654.3112787736609 lambda=2.4938445141384868e-07 next_lambda=2.4938445141384868e-07 rho=0.99675578744608884 accept=1
CLASSICAL_LM o=119 lambda=2.4938445141384868e-07 tau=2.4938445141384868e-07 prediction=46.398111423346776 rho=0.99675578744608884 accept=1
  MFCG it 120 cost=1.790564e+06 lam=2.494e-07 tau=0.00e+00 cg_it=1 shift=0 ckpt=2 alpha=0 acc mv=357
PCG_PREP o=120 rebuild=1 drift=0 previous_depth=2
E2_CAP o=120 retry=0 touched=243 ncam=3068 raw=46128.646456115697 capped=124.05809355723393 radius=8654.3112787736609 median=0.23538848817037361 global_scale=1
ATTR_RADIUS o=120 raw_norm=46128.646456115668 norm=124.05809355723406 radius=8654.3112787736609 next_radius=8654.3112787736609 lambda=2.4938445141384868e-07 next_lambda=2.4938445141384868e-07 rho=0.99611616525078683 accept=1
CLASSICAL_LM o=120 lambda=2.4938445141384868e-07 tau=2.4938445141384868e-07 prediction=240.1051554840723 rho=0.99611616525078683 accept=1
  MFCG it 121 cost=1.790325e+06 lam=2.494e-07 tau=0.00e+00 cg_it=0 shift=0 ckpt=1 alpha=0 acc mv=359
PCG_PREP o=121 rebuild=1 drift=0 previous_depth=1
E2_CAP o=121 retry=0 touched=137 ncam=3068 raw=53490.134464322255 capped=191.91267040134605 radius=8654.3112787736609 median=0.44096096102898807 global_scale=1
ATTR_RADIUS o=121 raw_norm=53490.134464322269 norm=191.91267040134619 radius=8654.3112787736609 next_radius=8654.3112787736609 lambda=2.4938445141384868e-07 next_lambda=2.4938445141384868e-07 rho=0.98438035235918298 accept=1
CLASSICAL_LM o=121 lambda=2.4938445141384868e-07 tau=2.4938445141384868e-07 prediction=44.48341328853143 rho=0.98438035235918298 accept=1
  MFCG it 122 cost=1.790282e+06 lam=2.494e-07 tau=0.00e+00 cg_it=1 shift=0 ckpt=2 alpha=0 acc mv=362
PCG_PREP o=122 rebuild=1 drift=0 previous_depth=2
E2_CAP o=122 retry=0 touched=244 ncam=3068 raw=46134.389657846499 capped=123.35548997656505 radius=8654.3112787736609 median=0.23362644558689938 global_scale=1
ATTR_RADIUS o=122 raw_norm=46134.389657846492 norm=123.35548997656511 radius=8654.3112787736609 next_radius=8654.3112787736609 lambda=2.4938445141384868e-07 next_lambda=2.4938445141384868e-07 rho=0.9939773774896361 accept=1
CLASSICAL_LM o=122 lambda=2.4938445141384868e-07 tau=2.4938445141384868e-07 prediction=239.38597926437558 rho=0.9939773774896361 accept=1
  MFCG it 123 cost=1.790044e+06 lam=2.494e-07 tau=0.00e+00 cg_it=0 shift=0 ckpt=1 alpha=0 acc mv=364
PCG_PREP o=123 rebuild=1 drift=0 previous_depth=1
E2_CAP o=123 retry=0 touched=135 ncam=3068 raw=53508.362509878105 capped=189.74565217847859 radius=8654.3112787736609 median=0.43763859457102383 global_scale=1
ATTR_RADIUS o=123 raw_norm=53508.362509878156 norm=189.74565217847882 radius=8654.3112787736609 next_radius=8654.3112787736609 lambda=2.4938445141384868e-07 next_lambda=2.4938445141384868e-07 rho=0.96948472826139731 accept=1
CLASSICAL_LM o=123 lambda=2.4938445141384868e-07 tau=2.4938445141384868e-07 prediction=42.662676092841181 rho=0.96948472826139731 accept=1
  MFCG it 124 cost=1.790002e+06 lam=2.494e-07 tau=0.00e+00 cg_it=1 shift=0 ckpt=2 alpha=0 acc mv=367
PCG_PREP o=124 rebuild=1 drift=0 previous_depth=2
E2_CAP o=124 retry=0 touched=243 ncam=3068 raw=46144.930536667023 capped=122.96993474856787 radius=8654.3112787736609 median=0.23283902463711048 global_scale=1
ATTR_RADIUS o=124 raw_norm=46144.930536667031 norm=122.96993474856819 radius=8654.3112787736609 next_radius=8654.3112787736609 lambda=2.4938445141384868e-07 next_lambda=2.4938445141384868e-07 rho=0.9919979158851524 accept=1
CLASSICAL_LM o=124 lambda=2.4938445141384868e-07 tau=2.4938445141384868e-07 prediction=239.3519467801336 rho=0.9919979158851524 accept=1
  MFCG it 125 cost=1.789765e+06 lam=2.494e-07 tau=0.00e+00 cg_it=0 shift=0 ckpt=1 alpha=0 acc mv=369
PCG_PREP o=125 rebuild=1 drift=0 previous_depth=1
E2_CAP o=125 retry=0 touched=134 ncam=3068 raw=53544.946814396724 capped=188.37630062374109 radius=8654.3112787736609 median=0.43289578246526483 global_scale=1
ATTR_RADIUS o=125 raw_norm=53544.946814396651 norm=188.37630062374066 radius=8654.3112787736609 next_radius=8654.3112787736609 lambda=2.4938445141384868e-07 next_lambda=2.4938445141384868e-07 rho=0.95684649946569789 accept=1
CLASSICAL_LM o=125 lambda=2.4938445141384868e-07 tau=2.4938445141384868e-07 prediction=40.138345543450988 rho=0.95684649946569789 accept=1
  MFCG it 126 cost=1.789726e+06 lam=2.494e-07 tau=0.00e+00 cg_it=1 shift=0 ckpt=2 alpha=0 acc mv=372
PCG_PREP o=126 rebuild=1 drift=0 previous_depth=2
E2_CAP o=126 retry=0 touched=243 ncam=3068 raw=46159.631349503048 capped=122.71686496301669 radius=8654.3112787736609 median=0.23210721220934932 global_scale=1
ATTR_RADIUS o=126 raw_norm=46159.631349503048 norm=122.71686496301697 radius=8654.3112787736609 next_radius=8654.3112787736609 lambda=2.4938445141384868e-07 next_lambda=2.4938445141384868e-07 rho=0.99074970985790323 accept=1
CLASSICAL_LM o=126 lambda=2.4938445141384868e-07 tau=2.4938445141384868e-07 prediction=239.03649397664446 rho=0.99074970985790323 accept=1
  MFCG it 127 cost=1.789490e+06 lam=2.494e-07 tau=0.00e+00 cg_it=0 shift=0 ckpt=1 alpha=0 acc mv=374
PCG_PREP o=127 rebuild=1 drift=0 previous_depth=1
E2_CAP o=127 retry=0 touched=133 ncam=3068 raw=53580.336264632846 capped=186.50074217948955 radius=8654.3112787736609 median=0.42909338590115098 global_scale=1
ATTR_RADIUS o=127 raw_norm=53580.336264632802 norm=186.50074217948938 radius=8654.3112787736609 next_radius=8654.3112787736609 lambda=2.4938445141384868e-07 next_lambda=2.4938445141384868e-07 rho=0.94460125555537044 accept=1
CLASSICAL_LM o=127 lambda=2.4938445141384868e-07 tau=2.4938445141384868e-07 prediction=37.629433511187912 rho=0.94460125555537044 accept=1
  MFCG it 128 cost=1.789454e+06 lam=2.494e-07 tau=0.00e+00 cg_it=1 shift=0 ckpt=2 alpha=0 acc mv=377
PCG_PREP o=128 rebuild=1 drift=0 previous_depth=2
E2_CAP o=128 retry=0 touched=244 ncam=3068 raw=46180.546574546854 capped=122.17034607183281 radius=8654.3112787736609 median=0.23134224131443781 global_scale=1
ATTR_RADIUS o=128 raw_norm=46180.546574546854 norm=122.17034607183301 radius=8654.3112787736609 next_radius=8654.3112787736609 lambda=2.4938445141384868e-07 next_lambda=2.4938445141384868e-07 rho=0.99004587094035301 accept=1
CLASSICAL_LM o=128 lambda=2.4938445141384868e-07 tau=2.4938445141384868e-07 prediction=238.61208071172928 rho=0.99004587094035301 accept=1
  MFCG it 129 cost=1.789218e+06 lam=2.494e-07 tau=0.00e+00 cg_it=0 shift=0 ckpt=1 alpha=0 acc mv=379
PCG_PREP o=129 rebuild=1 drift=0 previous_depth=1
E2_CAP o=129 retry=0 touched=131 ncam=3068 raw=53621.254142775579 capped=185.50484962309164 radius=8654.3112787736609 median=0.4274388187191494 global_scale=1
ATTR_RADIUS o=129 raw_norm=53621.254142775579 norm=185.50484962309142 radius=8654.3112787736609 next_radius=8654.3112787736609 lambda=2.4938445141384868e-07 next_lambda=2.4938445141384868e-07 rho=0.94513750835248478 accept=1
CLASSICAL_LM o=129 lambda=2.4938445141384868e-07 tau=2.4938445141384868e-07 prediction=35.440113944072898 rho=0.94513750835248478 accept=1
  MFCG it 130 cost=1.789184e+06 lam=2.494e-07 tau=0.00e+00 cg_it=1 shift=0 ckpt=2 alpha=0 acc mv=382
PCG_PREP o=130 rebuild=1 drift=0 previous_depth=2
E2_CAP o=130 retry=0 touched=245 ncam=3068 raw=46201.788631822274 capped=121.70380406381193 radius=8654.3112787736609 median=0.22987376132618154 global_scale=1
ATTR_RADIUS o=130 raw_norm=46201.788631822295 norm=121.70380406381167 radius=8654.3112787736609 next_radius=8654.3112787736609 lambda=2.4938445141384868e-07 next_lambda=2.4938445141384868e-07 rho=0.99037784740861423 accept=1
CLASSICAL_LM o=130 lambda=2.4938445141384868e-07 tau=2.4938445141384868e-07 prediction=237.03095321508536 rho=0.99037784740861423 accept=1
  MFCG it 131 cost=1.788950e+06 lam=2.494e-07 tau=0.00e+00 cg_it=0 shift=0 ckpt=1 alpha=0 acc mv=384
PCG_PREP o=131 rebuild=1 drift=0 previous_depth=1
E2_CAP o=131 retry=0 touched=131 ncam=3068 raw=53658.74616327024 capped=184.36552804151455 radius=8654.3112787736609 median=0.42468743105499995 global_scale=1
ATTR_RADIUS o=131 raw_norm=53658.746163270356 norm=184.36552804151461 radius=8654.3112787736609 next_radius=8654.3112787736609 lambda=2.4938445141384868e-07 next_lambda=2.4938445141384868e-07 rho=0.94262247997448245 accept=1
CLASSICAL_LM o=131 lambda=2.4938445141384868e-07 tau=2.4938445141384868e-07 prediction=33.376642048398146 rho=0.94262247997448245 accept=1
  MFCG it 132 cost=1.788918e+06 lam=2.494e-07 tau=0.00e+00 cg_it=1 shift=0 ckpt=2 alpha=0 acc mv=387
PCG_PREP o=132 rebuild=1 drift=0 previous_depth=2
E2_CAP o=132 retry=0 touched=246 ncam=3068 raw=46224.65495057941 capped=121.15992231445203 radius=8654.3112787736609 median=0.22867262439957348 global_scale=1
ATTR_RADIUS o=132 raw_norm=46224.654950579432 norm=121.15992231445209 radius=8654.3112787736609 next_radius=8654.3112787736609 lambda=2.4938445141384868e-07 next_lambda=2.4938445141384868e-07 rho=0.99057417185728613 accept=1
CLASSICAL_LM o=132 lambda=2.4938445141384868e-07 tau=2.4938445141384868e-07 prediction=235.67400421327687 rho=0.99057417185728613 accept=1
  MFCG it 133 cost=1.788685e+06 lam=2.494e-07 tau=0.00e+00 cg_it=0 shift=0 ckpt=1 alpha=0 acc mv=389
PCG_PREP o=133 rebuild=1 drift=0 previous_depth=1
E2_CAP o=133 retry=0 touched=131 ncam=3068 raw=53702.495470125257 capped=182.64005319863068 radius=8654.3112787736609 median=0.42062367521685323 global_scale=1
ATTR_RADIUS o=133 raw_norm=53702.495470125286 norm=182.64005319863026 radius=8654.3112787736609 next_radius=8654.3112787736609 lambda=2.4938445141384868e-07 next_lambda=2.4938445141384868e-07 rho=0.94153188451563674 accept=1
CLASSICAL_LM o=133 lambda=2.4938445141384868e-07 tau=2.4938445141384868e-07 prediction=31.035452154152978 rho=0.94153188451563674 accept=1
  MFCG it 134 cost=1.788655e+06 lam=2.494e-07 tau=0.00e+00 cg_it=1 shift=0 ckpt=2 alpha=0 acc mv=392
PCG_PREP o=134 rebuild=1 drift=0 previous_depth=2
E2_CAP o=134 retry=0 touched=246 ncam=3068 raw=46248.553004396177 capped=120.63035853448149 radius=8654.3112787736609 median=0.22749032352286308 global_scale=1
ATTR_RADIUS o=134 raw_norm=46248.553004396199 norm=120.63035853448169 radius=8654.3112787736609 next_radius=8654.3112787736609 lambda=2.4938445141384868e-07 next_lambda=2.4938445141384868e-07 rho=0.98933572328322217 accept=1
CLASSICAL_LM o=134 lambda=2.4938445141384868e-07 tau=2.4938445141384868e-07 prediction=234.45515219452113 rho=0.98933572328322217 accept=1
  MFCG it 135 cost=1.788423e+06 lam=2.494e-07 tau=0.00e+00 cg_it=0 shift=0 ckpt=1 alpha=0 acc mv=394
PCG_PREP o=135 rebuild=1 drift=0 previous_depth=1
E2_CAP o=135 retry=0 touched=131 ncam=3068 raw=53731.946585878344 capped=181.8345008220858 radius=8654.3112787736609 median=0.41852497964804503 global_scale=1
ATTR_RADIUS o=135 raw_norm=53731.946585878373 norm=181.83450082208572 radius=8654.3112787736609 next_radius=8654.3112787736609 lambda=2.4938445141384868e-07 next_lambda=2.4938445141384868e-07 rho=0.93634638388992431 accept=1
CLASSICAL_LM o=135 lambda=2.4938445141384868e-07 tau=2.4938445141384868e-07 prediction=29.177001515672991 rho=0.93634638388992431 accept=1
  MFCG it 136 cost=1.788396e+06 lam=2.494e-07 tau=0.00e+00 cg_it=1 shift=0 ckpt=2 alpha=0 acc mv=397
PCG_PREP o=136 rebuild=1 drift=0 previous_depth=2
E2_CAP o=136 retry=0 touched=246 ncam=3068 raw=46275.703436214913 capped=119.72054196657602 radius=8654.3112787736609 median=0.22547056059311332 global_scale=1
ATTR_RADIUS o=136 raw_norm=46275.703436214921 norm=119.72054196657577 radius=8654.3112787736609 next_radius=8654.3112787736609 lambda=2.4938445141384868e-07 next_lambda=2.4938445141384868e-07 rho=0.99108943212512046 accept=1
CLASSICAL_LM o=136 lambda=2.4938445141384868e-07 tau=2.4938445141384868e-07 prediction=232.23410768665315 rho=0.99108943212512046 accept=1
  MFCG it 137 cost=1.788166e+06 lam=2.494e-07 tau=0.00e+00 cg_it=0 shift=0 ckpt=1 alpha=0 acc mv=399
PCG_PREP o=137 rebuild=1 drift=0 previous_depth=1
E2_CAP o=137 retry=0 touched=131 ncam=3068 raw=53768.507408190198 capped=180.40855661151718 radius=8654.3112787736609 median=0.41640355971403165 global_scale=1
ATTR_RADIUS o=137 raw_norm=53768.507408190198 norm=180.40855661151713 radius=8654.3112787736609 next_radius=8654.3112787736609 lambda=2.4938445141384868e-07 next_lambda=2.4938445141384868e-07 rho=0.93856937238232596 accept=1
CLASSICAL_LM o=137 lambda=2.4938445141384868e-07 tau=2.4938445141384868e-07 prediction=27.390119175616476 rho=0.93856937238232596 accept=1
  MFCG it 138 cost=1.788140e+06 lam=2.494e-07 tau=0.00e+00 cg_it=1 shift=0 ckpt=2 alpha=0 acc mv=402
PCG_PREP o=138 rebuild=1 drift=0 previous_depth=2
E2_CAP o=138 retry=0 touched=246 ncam=3068 raw=46304.158917360939 capped=119.48222744687156 radius=8654.3112787736609 median=0.22492291169186907 global_scale=1
ATTR_RADIUS o=138 raw_norm=46304.158917360954 norm=119.48222744687195 radius=8654.3112787736609 next_radius=8654.3112787736609 lambda=2.4938445141384868e-07 next_lambda=2.4938445141384868e-07 rho=0.99149886002609922 accept=1
CLASSICAL_LM o=138 lambda=2.4938445141384868e-07 tau=2.4938445141384868e-07 prediction=231.09961137120752 rho=0.99149886002609922 accept=1
  MFCG it 139 cost=1.787911e+06 lam=2.494e-07 tau=0.00e+00 cg_it=0 shift=0 ckpt=1 alpha=0 acc mv=404
PCG_PREP o=139 rebuild=1 drift=0 previous_depth=1
E2_CAP o=139 retry=0 touched=132 ncam=3068 raw=53803.590387876 capped=179.7574524882161 radius=8654.3112787736609 median=0.4137401157684677 global_scale=1
ATTR_RADIUS o=139 raw_norm=53803.590387875985 norm=179.75745248821607 radius=8654.3112787736609 next_radius=8654.3112787736609 lambda=2.4938445141384868e-07 next_lambda=2.4938445141384868e-07 rho=0.93430507755264536 accept=1
CLASSICAL_LM o=139 lambda=2.4938445141384868e-07 tau=2.4938445141384868e-07 prediction=25.244527480024779 rho=0.93430507755264536 accept=1
  MFCG it 140 cost=1.787888e+06 lam=2.494e-07 tau=0.00e+00 cg_it=1 shift=0 ckpt=2 alpha=0 acc mv=407
PCG_PREP o=140 rebuild=1 drift=0 previous_depth=2
E2_CAP o=140 retry=0 touched=246 ncam=3068 raw=46333.071209945352 capped=118.73270385463198 radius=8654.3112787736609 median=0.22330264320149312 global_scale=1
ATTR_RADIUS o=140 raw_norm=46333.07120994541 norm=118.73270385463208 radius=8654.3112787736609 next_radius=8654.3112787736609 lambda=2.4938445141384868e-07 next_lambda=2.4938445141384868e-07 rho=0.99173088805961107 accept=1
CLASSICAL_LM o=140 lambda=2.4938445141384868e-07 tau=2.4938445141384868e-07 prediction=229.39469693370785 rho=0.99173088805961107 accept=1
  MFCG it 141 cost=1.787660e+06 lam=2.494e-07 tau=0.00e+00 cg_it=0 shift=0 ckpt=1 alpha=0 acc mv=409
PCG_PREP o=141 rebuild=1 drift=0 previous_depth=1
E2_CAP o=141 retry=0 touched=132 ncam=3068 raw=53843.306971405967 capped=177.91874920512515 radius=8654.3112787736609 median=0.41001435547485904 global_scale=1
ATTR_RADIUS o=141 raw_norm=53843.306971406004 norm=177.91874920512484 radius=8654.3112787736609 next_radius=8654.3112787736609 lambda=2.4938445141384868e-07 next_lambda=2.4938445141384868e-07 rho=0.93449636470730701 accept=1
CLASSICAL_LM o=141 lambda=2.4938445141384868e-07 tau=2.4938445141384868e-07 prediction=23.366473754339395 rho=0.93449636470730701 accept=1
  MFCG it 142 cost=1.787638e+06 lam=2.494e-07 tau=0.00e+00 cg_it=1 shift=0 ckpt=2 alpha=0 acc mv=412
PCG_PREP o=142 rebuild=1 drift=0 previous_depth=2
E2_CAP o=142 retry=0 touched=246 ncam=3068 raw=46363.744620558529 capped=118.60697204984862 radius=8654.3112787736609 median=0.22317410438776958 global_scale=1
ATTR_RADIUS o=142 raw_norm=46363.744620558573 norm=118.60697204984876 radius=8654.3112787736609 next_radius=8654.3112787736609 lambda=2.4938445141384868e-07 next_lambda=2.4938445141384868e-07 rho=0.99216900435074451 accept=1
CLASSICAL_LM o=142 lambda=2.4938445141384868e-07 tau=2.4938445141384868e-07 prediction=228.50781756937386 rho=0.99216900435074451 accept=1
  MFCG it 143 cost=1.787411e+06 lam=2.494e-07 tau=0.00e+00 cg_it=0 shift=0 ckpt=1 alpha=0 acc mv=414
PCG_PREP o=143 rebuild=1 drift=0 previous_depth=1
E2_CAP o=143 retry=0 touched=132 ncam=3068 raw=53879.770073372201 capped=177.34739455773453 radius=8654.3112787736609 median=0.40798085251110139 global_scale=1
ATTR_RADIUS o=143 raw_norm=53879.770073372194 norm=177.34739455773422 radius=8654.3112787736609 next_radius=8654.3112787736609 lambda=2.4938445141384868e-07 next_lambda=2.4938445141384868e-07 rho=0.92851907411727364 accept=1
CLASSICAL_LM o=143 lambda=2.4938445141384868e-07 tau=2.4938445141384868e-07 prediction=21.199478864165066 rho=0.92851907411727364 accept=1
  MFCG it 144 cost=1.787392e+06 lam=2.494e-07 tau=0.00e+00 cg_it=1 shift=0 ckpt=2 alpha=0 acc mv=417
PCG_PREP o=144 rebuild=1 drift=0 previous_depth=2
E2_CAP o=144 retry=0 touched=246 ncam=3068 raw=46393.39220949966 capped=117.9226035331311 radius=8654.3112787736609 median=0.22169000740119252 global_scale=1
ATTR_RADIUS o=144 raw_norm=46393.392209499725 norm=117.92260353313128 radius=8654.3112787736609 next_radius=8654.3112787736609 lambda=2.4938445141384868e-07 next_lambda=2.4938445141384868e-07 rho=0.99237902980839099 accept=1
CLASSICAL_LM o=144 lambda=2.4938445141384868e-07 tau=2.4938445141384868e-07 prediction=226.92040763878779 rho=0.99237902980839099 accept=1
  MFCG it 145 cost=1.787167e+06 lam=2.494e-07 tau=0.00e+00 cg_it=0 shift=0 ckpt=1 alpha=0 acc mv=419
PCG_PREP o=145 rebuild=1 drift=0 previous_depth=1
E2_CAP o=145 retry=0 touched=132 ncam=3068 raw=53911.630813269658 capped=175.87814660737874 radius=8654.3112787736609 median=0.40527105244531403 global_scale=1
ATTR_RADIUS o=145 raw_norm=53911.630813269614 norm=175.87814660737862 radius=8654.3112787736609 next_radius=8654.3112787736609 lambda=2.4938445141384868e-07 next_lambda=2.4938445141384868e-07 rho=0.92845324505432902 accept=1
CLASSICAL_LM o=145 lambda=2.4938445141384868e-07 tau=2.4938445141384868e-07 prediction=19.545276284627242 rho=0.92845324505432902 accept=1
  MFCG it 146 cost=1.787148e+06 lam=2.494e-07 tau=0.00e+00 cg_it=1 shift=0 ckpt=2 alpha=0 acc mv=422
PCG_PREP o=146 rebuild=1 drift=0 previous_depth=2
E2_CAP o=146 retry=0 touched=244 ncam=3068 raw=46424.709956697567 capped=117.43236352925366 radius=8654.3112787736609 median=0.22095047770537779 global_scale=1
ATTR_RADIUS o=146 raw_norm=46424.709956697559 norm=117.43236352925364 radius=8654.3112787736609 next_radius=8654.3112787736609 lambda=2.4938445141384868e-07 next_lambda=2.4938445141384868e-07 rho=0.99278110692520782 accept=1
CLASSICAL_LM o=146 lambda=2.4938445141384868e-07 tau=2.4938445141384868e-07 prediction=225.47556436523695 rho=0.99278110692520782 accept=1
  MFCG it 147 cost=1.786925e+06 lam=2.494e-07 tau=0.00e+00 cg_it=0 shift=0 ckpt=1 alpha=0 acc mv=424
PCG_PREP o=147 rebuild=1 drift=0 previous_depth=1
E2_CAP o=147 retry=0 touched=131 ncam=3068 raw=53947.193799733031 capped=175.35132403452846 radius=8654.3112787736609 median=0.40318569124391451 global_scale=1
ATTR_RADIUS o=147 raw_norm=53947.193799733039 norm=175.35132403452863 radius=8654.3112787736609 next_radius=8654.3112787736609 lambda=2.4938445141384868e-07 next_lambda=2.4938445141384868e-07 rho=0.92215144912741842 accept=1
CLASSICAL_LM o=147 lambda=2.4938445141384868e-07 tau=2.4938445141384868e-07 prediction=17.60982364837178 rho=0.92215144912741842 accept=1
  MFCG it 148 cost=1.786908e+06 lam=2.494e-07 tau=0.00e+00 cg_it=1 shift=0 ckpt=2 alpha=0 acc mv=427
PCG_PREP o=148 rebuild=1 drift=0 previous_depth=2
E2_CAP o=148 retry=0 touched=245 ncam=3068 raw=46453.078734399511 capped=117.07663012823464 radius=8654.3112787736609 median=0.22017248101421605 global_scale=1
ATTR_RADIUS o=148 raw_norm=46453.078734399525 norm=117.07663012823457 radius=8654.3112787736609 next_radius=8654.3112787736609 lambda=2.4938445141384868e-07 next_lambda=2.4938445141384868e-07 rho=0.99300475072226413 accept=1
CLASSICAL_LM o=148 lambda=2.4938445141384868e-07 tau=2.4938445141384868e-07 prediction=224.20148391760759 rho=0.99300475072226413 accept=1
  MFCG it 149 cost=1.786686e+06 lam=2.494e-07 tau=0.00e+00 cg_it=0 shift=0 ckpt=1 alpha=0 acc mv=429
PCG_PREP o=149 rebuild=1 drift=0 previous_depth=1
E2_CAP o=149 retry=0 touched=132 ncam=3068 raw=53980.90004543461 capped=174.21470950796868 radius=8654.3112787736609 median=0.40135244201259956 global_scale=1
ATTR_RADIUS o=149 raw_norm=53980.900045434646 norm=174.21470950796896 radius=8654.3112787736609 next_radius=8654.3112787736609 lambda=2.4938445141384868e-07 next_lambda=2.4938445141384868e-07 rho=0.91802224188377701 accept=1
CLASSICAL_LM o=149 lambda=2.4938445141384868e-07 tau=2.4938445141384868e-07 prediction=15.790641345122523 rho=0.91802224188377701 accept=1
  MFCG it 150 cost=1.786671e+06 lam=2.494e-07 tau=0.00e+00 cg_it=1 shift=0 ckpt=2 alpha=0 acc mv=432
PCG_PREP o=150 rebuild=1 drift=0 previous_depth=2
E2_CAP o=150 retry=0 touched=244 ncam=3068 raw=46483.865286990695 capped=116.86302465589519 radius=8654.3112787736609 median=0.21987106142887919 global_scale=1
ATTR_RADIUS o=150 raw_norm=46483.865286990731 norm=116.86302465589527 radius=8654.3112787736609 next_radius=8654.3112787736609 lambda=2.4938445141384868e-07 next_lambda=2.4938445141384868e-07 rho=0.99330885010052483 accept=1
CLASSICAL_LM o=150 lambda=2.4938445141384868e-07 tau=2.4938445141384868e-07 prediction=223.24672335346955 rho=0.99330885010052483 accept=1
  MFCG it 151 cost=1.786449e+06 lam=2.494e-07 tau=0.00e+00 cg_it=0 shift=0 ckpt=1 alpha=0 acc mv=434
PCG_PREP o=151 rebuild=1 drift=0 previous_depth=1
E2_CAP o=151 retry=0 touched=132 ncam=3068 raw=54029.716187721344 capped=173.57956709006802 radius=8654.3112787736609 median=0.39836479790312951 global_scale=1
ATTR_RADIUS o=151 raw_norm=54029.716187721358 norm=173.5795670900682 radius=8654.3112787736609 next_radius=8654.3112787736609 lambda=2.4938445141384868e-07 next_lambda=2.4938445141384868e-07 rho=0.90754076635349568 accept=1
CLASSICAL_LM o=151 lambda=2.4938445141384868e-07 tau=2.4938445141384868e-07 prediction=13.680534770072406 rho=0.90754076635349568 accept=1
  MFCG it 152 cost=1.786437e+06 lam=2.494e-07 tau=0.00e+00 cg_it=1 shift=0 ckpt=2 alpha=0 acc mv=437
PCG_PREP o=152 rebuild=1 drift=0 previous_depth=2
E2_CAP o=152 retry=0 touched=243 ncam=3068 raw=46512.203762036239 capped=116.55051163866197 radius=8654.3112787736609 median=0.21944311959645663 global_scale=1
ATTR_RADIUS o=152 raw_norm=46512.203762036224 norm=116.55051163866216 radius=8654.3112787736609 next_radius=8654.3112787736609 lambda=2.4938445141384868e-07 next_lambda=2.4938445141384868e-07 rho=0.99361696541308908 accept=1
CLASSICAL_LM o=152 lambda=2.4938445141384868e-07 tau=2.4938445141384868e-07 prediction=222.36493731421189 rho=0.99361696541308908 accept=1
  MFCG it 153 cost=1.786216e+06 lam=2.494e-07 tau=0.00e+00 cg_it=0 shift=0 ckpt=1 alpha=0 acc mv=439
PCG_PREP o=153 rebuild=1 drift=0 previous_depth=1
E2_CAP o=153 retry=0 touched=130 ncam=3068 raw=54068.514489955749 capped=172.58084154698366 radius=8654.3112787736609 median=0.39693523959752741 global_scale=1
ATTR_RADIUS o=153 raw_norm=54068.514489955764 norm=172.58084154698375 radius=8654.3112787736609 next_radius=8654.3112787736609 lambda=2.4938445141384868e-07 next_lambda=2.4938445141384868e-07 rho=0.9050835987722321 accept=1
CLASSICAL_LM o=153 lambda=2.4938445141384868e-07 tau=2.4938445141384868e-07 prediction=11.870356093775555 rho=0.9050835987722321 accept=1
  MFCG it 154 cost=1.786205e+06 lam=2.494e-07 tau=0.00e+00 cg_it=1 shift=0 ckpt=2 alpha=0 acc mv=442
PCG_PREP o=154 rebuild=1 drift=0 previous_depth=2
E2_CAP o=154 retry=0 touched=242 ncam=3068 raw=46537.317811569847 capped=115.82960537856988 radius=8654.3112787736609 median=0.21808306743281786 global_scale=1
ATTR_RADIUS o=154 raw_norm=46537.317811569861 norm=115.82960537856995 radius=8654.3112787736609 next_radius=8654.3112787736609 lambda=2.4938445141384868e-07 next_lambda=2.4938445141384868e-07 rho=0.99422214066912384 accept=1
CLASSICAL_LM o=154 lambda=2.4938445141384868e-07 tau=2.4938445141384868e-07 prediction=220.74053236943462 rho=0.99422214066912384 accept=1
  MFCG it 155 cost=1.785986e+06 lam=2.494e-07 tau=0.00e+00 cg_it=0 shift=0 ckpt=1 alpha=0 acc mv=444
PCG_PREP o=155 rebuild=1 drift=0 previous_depth=1
E2_CAP o=155 retry=0 touched=128 ncam=3068 raw=54097.042528065977 capped=171.6766252154089 radius=8654.3112787736609 median=0.39481029442742355 global_scale=1
ATTR_RADIUS o=155 raw_norm=54097.042528065969 norm=171.67662521540836 radius=8654.3112787736609 next_radius=8654.3112787736609 lambda=2.4938445141384868e-07 next_lambda=2.4938445141384868e-07 rho=0.90384591528194491 accept=1
CLASSICAL_LM o=155 lambda=2.4938445141384868e-07 tau=2.4938445141384868e-07 prediction=10.434105672311915 rho=0.90384591528194491 accept=1
  MFCG it 156 cost=1.785976e+06 lam=2.494e-07 tau=0.00e+00 cg_it=1 shift=0 ckpt=2 alpha=0 acc mv=447
PCG_PREP o=156 rebuild=1 drift=0 previous_depth=2
E2_CAP o=156 retry=0 touched=245 ncam=3068 raw=46561.728829400308 capped=116.16295610448911 radius=8654.3112787736609 median=0.21909255304425082 global_scale=1
ATTR_RADIUS o=156 raw_norm=46561.728829400316 norm=116.1629561044892 radius=8654.3112787736609 next_radius=8654.3112787736609 lambda=2.4938445141384868e-07 next_lambda=2.4938445141384868e-07 rho=0.99486529312452487 accept=1
CLASSICAL_LM o=156 lambda=2.4938445141384868e-07 tau=2.4938445141384868e-07 prediction=220.76764662181756 rho=0.99486529312452487 accept=1
  MFCG it 157 cost=1.785757e+06 lam=2.494e-07 tau=0.00e+00 cg_it=0 shift=0 ckpt=1 alpha=0 acc mv=449
PCG_PREP o=157 rebuild=1 drift=0 previous_depth=1
E2_CAP o=157 retry=0 touched=127 ncam=3068 raw=54114.410326896177 capped=170.41852245364035 radius=8654.3112787736609 median=0.39188696431068448 global_scale=1
ATTR_RADIUS o=157 raw_norm=54114.410326896126 norm=170.41852245363995 radius=8654.3112787736609 next_radius=8654.3112787736609 lambda=2.4938445141384868e-07 next_lambda=2.4938445141384868e-07 rho=0.88562747201004988 accept=1
CLASSICAL_LM o=157 lambda=2.4938445141384868e-07 tau=2.4938445141384868e-07 prediction=8.1966993860969453 rho=0.88562747201004988 accept=1
  MFCG it 158 cost=1.785750e+06 lam=2.494e-07 tau=0.00e+00 cg_it=1 shift=0 ckpt=2 alpha=0 acc mv=452
PCG_PREP o=158 rebuild=1 drift=0 previous_depth=2
E2_CAP o=158 retry=0 touched=243 ncam=3068 raw=46585.665483984594 capped=115.56795783108399 radius=8654.3112787736609 median=0.21796251058219573 global_scale=1
ATTR_RADIUS o=158 raw_norm=46585.665483984609 norm=115.56795783108365 radius=8654.3112787736609 next_radius=8654.3112787736609 lambda=2.4938445141384868e-07 next_lambda=2.4938445141384868e-07 rho=0.9950202227342646 accept=1
CLASSICAL_LM o=158 lambda=2.4938445141384868e-07 tau=2.4938445141384868e-07 prediction=219.57725540580165 rho=0.9950202227342646 accept=1
  MFCG it 159 cost=1.785531e+06 lam=2.494e-07 tau=0.00e+00 cg_it=0 shift=0 ckpt=1 alpha=0 acc mv=454
PCG_PREP o=159 rebuild=1 drift=0 previous_depth=1
E2_CAP o=159 retry=0 touched=128 ncam=3068 raw=54132.923787592415 capped=169.23867317784192 radius=8654.3112787736609 median=0.3891082334429623 global_scale=1
ATTR_RADIUS o=159 raw_norm=54132.923787592372 norm=169.23867317784195 radius=8654.3112787736609 next_radius=8654.3112787736609 lambda=2.4938445141384868e-07 next_lambda=2.4938445141384868e-07 rho=0.81501704484042248 accept=1
CLASSICAL_LM o=159 lambda=2.4938445141384868e-07 tau=2.4938445141384868e-07 prediction=6.622782250388255 rho=0.81501704484042248 accept=1
  MFCG it 160 cost=1.785526e+06 lam=2.494e-07 tau=0.00e+00 cg_it=1 shift=0 ckpt=2 alpha=0 acc mv=457
PCG_PREP o=160 rebuild=1 drift=0 previous_depth=2
E2_CAP o=160 retry=0 touched=245 ncam=3068 raw=46607.305054554156 capped=114.6861078897055 radius=8654.3112787736609 median=0.21643745163998621 global_scale=1
ATTR_RADIUS o=160 raw_norm=46607.305054554141 norm=114.68610788970551 radius=8654.3112787736609 next_radius=8654.3112787736609 lambda=2.4938445141384868e-07 next_lambda=2.4938445141384868e-07 rho=0.99502087789670801 accept=1
CLASSICAL_LM o=160 lambda=2.4938445141384868e-07 tau=2.4938445141384868e-07 prediction=217.97382700072413 rho=0.99502087789670801 accept=1
  MFCG it 161 cost=1.785309e+06 lam=2.494e-07 tau=0.00e+00 cg_it=0 shift=0 ckpt=1 alpha=0 acc mv=459
PCG_PREP o=161 rebuild=1 drift=0 previous_depth=1
E2_CAP o=161 retry=0 touched=126 ncam=3068 raw=54138.507437295877 capped=167.4156530716034 radius=8654.3112787736609 median=0.38784084992283979 global_scale=1
ATTR_RADIUS o=161 raw_norm=54138.507437295855 norm=167.41565307160363 radius=8654.3112787736609 next_radius=8654.3112787736609 lambda=2.4938445141384868e-07 next_lambda=2.4938445141384868e-07 rho=0.81581632595353748 accept=1
CLASSICAL_LM o=161 lambda=2.4938445141384868e-07 tau=2.4938445141384868e-07 prediction=4.9692914557391461 rho=0.81581632595353748 accept=1
  MFCG it 162 cost=1.785305e+06 lam=2.494e-07 tau=0.00e+00 cg_it=1 shift=0 ckpt=2 alpha=0 acc mv=462
PCG_PREP o=162 rebuild=1 drift=0 previous_depth=2
E2_CAP o=162 retry=0 touched=242 ncam=3068 raw=46626.686922278102 capped=114.23540492328354 radius=8654.3112787736609 median=0.21567146504867446 global_scale=1
ATTR_RADIUS o=162 raw_norm=46626.686922278066 norm=114.23540492328348 radius=8654.3112787736609 next_radius=8654.3112787736609 lambda=2.4938445141384868e-07 next_lambda=2.4938445141384868e-07 rho=0.99534945779437922 accept=1
CLASSICAL_LM o=162 lambda=2.4938445141384868e-07 tau=2.4938445141384868e-07 prediction=216.57750717486246 rho=0.99534945779437922 accept=1
  MFCG it 163 cost=1.785089e+06 lam=2.494e-07 tau=0.00e+00 cg_it=0 shift=0 ckpt=1 alpha=0 acc mv=464
PCG_PREP o=163 rebuild=1 drift=0 previous_depth=1
E2_CAP o=163 retry=0 touched=129 ncam=3068 raw=54166.541764422291 capped=166.54298002683427 radius=8654.3112787736609 median=0.38489192159883567 global_scale=1
ATTR_RADIUS o=163 raw_norm=54166.541764422291 norm=166.54298002683424 radius=8654.3112787736609 next_radius=8654.3112787736609 lambda=2.4938445141384868e-07 next_lambda=2.4938445141384868e-07 rho=0.72673196462109657 accept=1
CLASSICAL_LM o=163 lambda=2.4938445141384868e-07 tau=2.4938445141384868e-07 prediction=3.1189230537648385 rho=0.72673196462109657 accept=1
  MFCG it 164 cost=1.785087e+06 lam=2.494e-07 tau=0.00e+00 cg_it=1 shift=0 ckpt=2 alpha=0 acc mv=467
PCG_PREP o=164 rebuild=1 drift=0 previous_depth=2
E2_CAP o=164 retry=0 touched=243 ncam=3068 raw=46645.8654421674 capped=113.67850969247962 radius=8654.3112787736609 median=0.21463443691918338 global_scale=1
ATTR_RADIUS o=164 raw_norm=46645.865442167356 norm=113.67850969247975 radius=8654.3112787736609 next_radius=8654.3112787736609 lambda=2.4938445141384868e-07 next_lambda=2.4938445141384868e-07 rho=0.99555932577555228 accept=1
CLASSICAL_LM o=164 lambda=2.4938445141384868e-07 tau=2.4938445141384868e-07 prediction=215.30697653564397 rho=0.99555932577555228 accept=1
  MFCG it 165 cost=1.784873e+06 lam=2.494e-07 tau=0.00e+00 cg_it=0 shift=0 ckpt=1 alpha=0 acc mv=469
PCG_PREP o=165 rebuild=1 drift=0 previous_depth=1
E2_CAP o=165 retry=0 touched=128 ncam=3068 raw=54172.067853642955 capped=164.80888193471276 radius=8654.3112787736609 median=0.38047248921397769 global_scale=1
ATTR_RADIUS o=165 raw_norm=54172.067853643013 norm=164.8088819347129 radius=8654.3112787736609 next_radius=8654.3112787736609 lambda=2.4938445141384868e-07 next_lambda=2.4938445141384868e-07 rho=0.38947288122557971 accept=1
CLASSICAL_LM o=165 lambda=2.4938445141384868e-07 tau=2.4938445141384868e-07 prediction=1.322326054267208 rho=0.38947288122557971 accept=1
  MFCG it 166 cost=1.784872e+06 lam=2.494e-07 tau=0.00e+00 cg_it=1 shift=0 ckpt=2 alpha=0 acc mv=472
PCG_PREP o=166 rebuild=1 drift=0 previous_depth=2
E2_CAP o=166 retry=0 touched=244 ncam=3068 raw=46664.281879966918 capped=113.38684085796015 radius=8654.3112787736609 median=0.21420452918779112 global_scale=1
ATTR_RADIUS o=166 raw_norm=46664.281879966897 norm=113.38684085796041 radius=8654.3112787736609 next_radius=8654.3112787736609 lambda=2.4938445141384868e-07 next_lambda=2.4938445141384868e-07 rho=0.99577269935796875 accept=1
CLASSICAL_LM o=166 lambda=2.4938445141384868e-07 tau=2.4938445141384868e-07 prediction=214.50758576035764 rho=0.99577269935796875 accept=1
  MFCG it 167 cost=1.784658e+06 lam=2.494e-07 tau=0.00e+00 cg_it=0 shift=0 ckpt=1 alpha=0 acc mv=474
PCG_PREP o=167 rebuild=1 drift=0 previous_depth=1
E2_CAP o=167 retry=0 touched=129 ncam=3068 raw=54168.765094681097 capped=164.06842447006474 radius=8654.3112787736609 median=0.3767662753596121 global_scale=1
POINT_SAFE o=167 frozen=186 slope=-54.281151159467797 candidate=1784659.5110847007 original=1784645.0904776531 current=1784658.4372908878 won=0 mode=1 camera_scale=1 keep_scale=0
ATTR_RADIUS o=167 raw_norm=54168.765094681061 norm=82.0342122350322 radius=8654.3112787736609 next_radius=8654.3112787736609 lambda=2.4938445141384868e-07 next_lambda=2.4938445141384868e-07 rho=0.98781995029554759 accept=1
CLASSICAL_LM o=167 lambda=2.4938445141384868e-07 tau=2.4938445141384868e-07 prediction=13.51138254571611 rho=0.98781995029554759 accept=1
  MFCG it 168 cost=1.784645e+06 lam=2.494e-07 tau=0.00e+00 cg_it=1 shift=0 ckpt=2 alpha=0 acc mv=477
PCG_PREP o=168 rebuild=1 drift=0 previous_depth=2
E2_CAP o=168 retry=0 touched=135 ncam=3068 raw=54190.981482460898 capped=113.91229026515022 radius=8654.3112787736609 median=0.27487503868572705 global_scale=1
ATTR_RADIUS o=168 raw_norm=54190.981482460928 norm=113.91229026515056 radius=8654.3112787736609 next_radius=8654.3112787736609 lambda=2.4938445141384868e-07 next_lambda=2.4938445141384868e-07 rho=1.0031131597270551 accept=1
CLASSICAL_LM o=168 lambda=2.4938445141384868e-07 tau=2.4938445141384868e-07 prediction=37.800737686253271 rho=1.0031131597270551 accept=1
  MFCG it 169 cost=1.784607e+06 lam=2.494e-07 tau=0.00e+00 cg_it=1 shift=0 ckpt=2 alpha=0 acc mv=480
PCG_PREP o=169 rebuild=1 drift=0 previous_depth=2
E2_CAP o=169 retry=0 touched=243 ncam=3068 raw=46679.135580614704 capped=98.313636180533692 radius=8654.3112787736609 median=0.18596214972777864 global_scale=1
ATTR_RADIUS o=169 raw_norm=46679.13558061466 norm=98.313636180533692 radius=8654.3112787736609 next_radius=8654.3112787736609 lambda=2.4938445141384868e-07 next_lambda=2.4938445141384868e-07 rho=0.99947114273623816 accept=1
CLASSICAL_LM o=169 lambda=2.4938445141384868e-07 tau=2.4938445141384868e-07 prediction=184.73378578576055 rho=0.99947114273623816 accept=1
  MFCG it 170 cost=1.784423e+06 lam=2.494e-07 tau=0.00e+00 cg_it=0 shift=0 ckpt=1 alpha=0 acc mv=482
PCG_PREP o=170 rebuild=1 drift=0 previous_depth=1
E2_CAP o=170 retry=0 touched=134 ncam=3068 raw=54193.963373581108 capped=161.57824160577582 radius=8654.3112787736609 median=0.36746387361863875 global_scale=1
ATTR_RADIUS o=170 raw_norm=54193.963373581122 norm=161.57824160577536 radius=8654.3112787736609 next_radius=8654.3112787736609 lambda=2.4938445141384868e-07 next_lambda=2.4938445141384868e-07 rho=0.98659503983222696 accept=1
CLASSICAL_LM o=170 lambda=2.4938445141384868e-07 tau=2.4938445141384868e-07 prediction=1.0131816543451109 rho=0.98659503983222696 accept=1
  MFCG it 171 cost=1.784422e+06 lam=2.494e-07 tau=0.00e+00 cg_it=1 shift=0 ckpt=2 alpha=0 acc mv=485
PCG_PREP o=171 rebuild=1 drift=0 previous_depth=2
E2_CAP o=171 retry=0 touched=246 ncam=3068 raw=46636.855323407413 capped=110.78452812885725 radius=8654.3112787736609 median=0.20901773224637477 global_scale=1
ATTR_RADIUS o=171 raw_norm=46636.855323407362 norm=110.78452812885746 radius=8654.3112787736609 next_radius=8654.3112787736609 lambda=2.4938445141384868e-07 next_lambda=2.4938445141384868e-07 rho=0.99921082332890576 accept=1
CLASSICAL_LM o=171 lambda=2.4938445141384868e-07 tau=2.4938445141384868e-07 prediction=210.47628167937228 rho=0.99921082332890576 accept=1
  MFCG it 172 cost=1.784211e+06 lam=2.494e-07 tau=0.00e+00 cg_it=0 shift=0 ckpt=1 alpha=0 acc mv=487
PCG_PREP o=172 rebuild=1 drift=0 previous_depth=1
E2_CAP o=172 retry=0 touched=131 ncam=3068 raw=54190.148903325287 capped=158.85793572440269 radius=8654.3112787736609 median=0.36634810189808792 global_scale=1
POINT_SAFE o=172 frozen=173 slope=-49.149348946409724 candidate=1784214.2019471894 original=1784199.6816348387 current=1784211.2261935486 won=0 mode=1 camera_scale=1 keep_scale=0
ATTR_RADIUS o=172 raw_norm=54190.148903325295 norm=79.428967862201105 radius=8654.3112787736609 next_radius=8654.3112787736609 lambda=2.4938445141384868e-07 next_lambda=2.4938445141384868e-07 rho=1.0001292215786961 accept=1
CLASSICAL_LM o=172 lambda=2.4938445141384868e-07 tau=2.4938445141384868e-07 prediction=11.543067096599763 rho=1.0001292215786961 accept=1
  MFCG it 173 cost=1.784200e+06 lam=2.494e-07 tau=0.00e+00 cg_it=1 shift=0 ckpt=2 alpha=0 acc mv=490
PCG_PREP o=173 rebuild=1 drift=0 previous_depth=2
E2_CAP o=173 retry=0 touched=134 ncam=3068 raw=54204.879259545502 capped=110.78329324219655 radius=8654.3112787736609 median=0.26892974842553263 global_scale=1
ATTR_RADIUS o=173 raw_norm=54204.879259545523 norm=110.78329324219617 radius=8654.3112787736609 next_radius=8654.3112787736609 lambda=2.4938445141384868e-07 next_lambda=2.4938445141384868e-07 rho=1.0058253986151964 accept=1
CLASSICAL_LM o=173 lambda=2.4938445141384868e-07 tau=2.4938445141384868e-07 prediction=35.462246974158617 rho=1.0058253986151964 accept=1
  MFCG it 174 cost=1.784164e+06 lam=2.494e-07 tau=0.00e+00 cg_it=1 shift=0 ckpt=2 alpha=0 acc mv=493
PCG_PREP o=174 rebuild=1 drift=0 previous_depth=2
E2_CAP o=174 retry=0 touched=246 ncam=3068 raw=46635.11477256762 capped=97.678790308433108 radius=8654.3112787736609 median=0.18463013482356799 global_scale=1
ATTR_RADIUS o=174 raw_norm=46635.114772567584 norm=97.678790308433207 radius=8654.3112787736609 next_radius=8654.3112787736609 lambda=2.4938445141384868e-07 next_lambda=2.4938445141384868e-07 rho=0.99993587010375029 accept=1
CLASSICAL_LM o=174 lambda=2.4938445141384868e-07 tau=2.4938445141384868e-07 prediction=183.25964931315167 rho=0.99993587010375029 accept=1
  MFCG it 175 cost=1.783981e+06 lam=2.494e-07 tau=0.00e+00 cg_it=0 shift=0 ckpt=1 alpha=0 acc mv=495
PCG_PREP o=175 rebuild=1 drift=0 previous_depth=1
E2_CAP o=175 retry=0 touched=134 ncam=3068 raw=54210.005879392396 capped=158.97723272284458 radius=8654.3112787736609 median=0.359935599224328 global_scale=1
POINT_SAFE o=175 frozen=171 slope=-51.047161106498073 candidate=1783983.768122107 original=1783968.750939484 current=1783980.7649092493 won=0 mode=1 camera_scale=1 keep_scale=0
ATTR_RADIUS o=175 raw_norm=54210.00587939244 norm=79.488616361422174 radius=8654.3112787736609 next_radius=8654.3112787736609 lambda=2.4938445141384868e-07 next_lambda=2.4938445141384868e-07 rho=1.0003769227657966 accept=1
CLASSICAL_LM o=175 lambda=2.4938445141384868e-07 tau=2.4938445141384868e-07 prediction=12.009443132756305 rho=1.0003769227657966 accept=1
  MFCG it 176 cost=1.783969e+06 lam=2.494e-07 tau=0.00e+00 cg_it=1 shift=0 ckpt=2 alpha=0 acc mv=498
PCG_PREP o=176 rebuild=1 drift=0 previous_depth=2
E2_CAP o=176 retry=0 touched=134 ncam=3068 raw=54216.449654028525 capped=108.09618260075965 radius=8654.3112787736609 median=0.26420284246376635 global_scale=1
ATTR_RADIUS o=176 raw_norm=54216.449654028555 norm=108.09618260075956 radius=8654.3112787736609 next_radius=8654.3112787736609 lambda=2.4938445141384868e-07 next_lambda=2.4938445141384868e-07 rho=1.0055124139661928 accept=1
CLASSICAL_LM o=176 lambda=2.4938445141384868e-07 tau=2.4938445141384868e-07 prediction=35.22025336404581 rho=1.0055124139661928 accept=1
  MFCG it 177 cost=1.783933e+06 lam=2.494e-07 tau=0.00e+00 cg_it=1 shift=0 ckpt=2 alpha=0 acc mv=501
PCG_PREP o=177 rebuild=1 drift=0 previous_depth=2
E2_CAP o=177 retry=0 touched=247 ncam=3068 raw=46577.22790661906 capped=95.843556820215952 radius=8654.3112787736609 median=0.180636333571665 global_scale=1
ATTR_RADIUS o=177 raw_norm=46577.227906619075 norm=95.843556820216008 radius=8654.3112787736609 next_radius=8654.3112787736609 lambda=2.4938445141384868e-07 next_lambda=2.4938445141384868e-07 rho=1.0000023949375689 accept=1
CLASSICAL_LM o=177 lambda=2.4938445141384868e-07 tau=2.4938445141384868e-07 prediction=181.00656537552192 rho=1.0000023949375689 accept=1
  MFCG it 178 cost=1.783752e+06 lam=2.494e-07 tau=0.00e+00 cg_it=0 shift=0 ckpt=1 alpha=0 acc mv=503
PCG_PREP o=178 rebuild=1 drift=0 previous_depth=1
E2_CAP o=178 retry=0 touched=134 ncam=3068 raw=54234.675111111173 capped=156.72909181465013 radius=8654.3112787736609 median=0.35705184296113235 global_scale=1
POINT_SAFE o=178 frozen=170 slope=-49.943237907897533 candidate=1783754.5821746464 original=1783740.4064960284 current=1783752.3295386285 won=0 mode=1 camera_scale=1 keep_scale=0
ATTR_RADIUS o=178 raw_norm=54234.675111111203 norm=78.364545907324967 radius=8654.3112787736609 next_radius=8654.3112787736609 lambda=2.4938445141384868e-07 next_lambda=2.4938445141384868e-07 rho=1.001161522273039 accept=1
CLASSICAL_LM o=178 lambda=2.4938445141384868e-07 tau=2.4938445141384868e-07 prediction=11.909209787620503 rho=1.001161522273039 accept=1
  MFCG it 179 cost=1.783740e+06 lam=2.494e-07 tau=0.00e+00 cg_it=1 shift=0 ckpt=2 alpha=0 acc mv=506
PCG_PREP o=179 rebuild=1 drift=0 previous_depth=2
E2_CAP o=179 retry=0 touched=134 ncam=3068 raw=54223.623232631777 capped=106.5099043884637 radius=8654.3112787736609 median=0.26179696113496037 global_scale=1
ATTR_RADIUS o=179 raw_norm=54223.623232631733 norm=106.50990438846374 radius=8654.3112787736609 next_radius=8654.3112787736609 lambda=2.4938445141384868e-07 next_lambda=2.4938445141384868e-07 rho=1.0053385198662728 accept=1
CLASSICAL_LM o=179 lambda=2.4938445141384868e-07 tau=2.4938445141384868e-07 prediction=35.303425300724129 rho=1.0053385198662728 accept=1
  MFCG it 180 cost=1.783705e+06 lam=2.494e-07 tau=0.00e+00 cg_it=1 shift=0 ckpt=2 alpha=0 acc mv=509
PCG_PREP o=180 rebuild=1 drift=0 previous_depth=2
E2_CAP o=180 retry=0 touched=248 ncam=3068 raw=46521.17482723482 capped=95.844839333080301 radius=8654.3112787736609 median=0.18057744353441463 global_scale=1
ATTR_RADIUS o=180 raw_norm=46521.174827234856 norm=95.844839333080543 radius=8654.3112787736609 next_radius=8654.3112787736609 lambda=2.4938445141384868e-07 next_lambda=2.4938445141384868e-07 rho=0.99998976583083454 accept=1
CLASSICAL_LM o=180 lambda=2.4938445141384868e-07 tau=2.4938445141384868e-07 prediction=181.07961913548658 rho=0.99998976583083454 accept=1
  MFCG it 181 cost=1.783524e+06 lam=2.494e-07 tau=0.00e+00 cg_it=0 shift=0 ckpt=1 alpha=0 acc mv=511
PCG_PREP o=181 rebuild=1 drift=0 previous_depth=1
E2_CAP o=181 retry=0 touched=133 ncam=3068 raw=54214.857536666168 capped=155.80352921055245 radius=8654.3112787736609 median=0.35417998963082031 global_scale=1
POINT_SAFE o=181 frozen=174 slope=-48.901302324176733 candidate=1783527.0937993648 original=1783512.4236640022 current=1783523.8368367543 won=0 mode=1 camera_scale=1 keep_scale=0
ATTR_RADIUS o=181 raw_norm=54214.857536666183 norm=77.901764605276284 radius=8654.3112787736609 next_radius=8654.3112787736609 lambda=2.4938445141384868e-07 next_lambda=2.4938445141384868e-07 rho=1.0006126173958547 accept=1
CLASSICAL_LM o=181 lambda=2.4938445141384868e-07 tau=2.4938445141384868e-07 prediction=11.406185124703045 rho=1.0006126173958547 accept=1
  MFCG it 182 cost=1.783512e+06 lam=2.494e-07 tau=0.00e+00 cg_it=1 shift=0 ckpt=2 alpha=0 acc mv=514
PCG_PREP o=182 rebuild=1 drift=0 previous_depth=2
E2_CAP o=182 retry=0 touched=134 ncam=3068 raw=54231.047068831402 capped=105.61014246397569 radius=8654.3112787736609 median=0.25922975844767637 global_scale=1
ATTR_RADIUS o=182 raw_norm=54231.047068831431 norm=105.61014246397556 radius=8654.3112787736609 next_radius=8654.3112787736609 lambda=2.4938445141384868e-07 next_lambda=2.4938445141384868e-07 rho=1.0051265992733822 accept=1
CLASSICAL_LM o=182 lambda=2.4938445141384868e-07 tau=2.4938445141384868e-07 prediction=34.24504440432986 rho=1.0051265992733822 accept=1
  MFCG it 183 cost=1.783478e+06 lam=2.494e-07 tau=0.00e+00 cg_it=1 shift=0 ckpt=2 alpha=0 acc mv=517
PCG_PREP o=183 rebuild=1 drift=0 previous_depth=2
E2_CAP o=183 retry=0 touched=248 ncam=3068 raw=46475.201533159481 capped=95.233171620556604 radius=8654.3112787736609 median=0.17929105875857243 global_scale=1
ATTR_RADIUS o=183 raw_norm=46475.201533159554 norm=95.233171620556263 radius=8654.3112787736609 next_radius=8654.3112787736609 lambda=2.4938445141384868e-07 next_lambda=2.4938445141384868e-07 rho=0.99998780985635038 accept=1
CLASSICAL_LM o=183 lambda=2.4938445141384868e-07 tau=2.4938445141384868e-07 prediction=180.25615999472257 rho=0.99998780985635038 accept=1
  MFCG it 184 cost=1.783298e+06 lam=2.494e-07 tau=0.00e+00 cg_it=0 shift=0 ckpt=1 alpha=0 acc mv=519
PCG_PREP o=184 rebuild=1 drift=0 previous_depth=1
E2_CAP o=184 retry=0 touched=133 ncam=3068 raw=54216.331694839515 capped=154.32308665245347 radius=8654.3112787736609 median=0.35046055212887928 global_scale=1
POINT_SAFE o=184 frozen=176 slope=-47.669798484134191 candidate=1783301.7833131775 original=1783286.8397697406 current=1783297.7490963319 won=0 mode=1 camera_scale=1 keep_scale=0
ATTR_RADIUS o=184 raw_norm=54216.331694839566 norm=77.161543326226905 radius=8654.3112787736609 next_radius=8654.3112787736609 lambda=2.4938445141384868e-07 next_lambda=2.4938445141384868e-07 rho=1.0005442246669529 accept=1
CLASSICAL_LM o=184 lambda=2.4938445141384868e-07 tau=2.4938445141384868e-07 prediction=10.903392696037463 rho=1.0005442246669529 accept=1
  MFCG it 185 cost=1.783287e+06 lam=2.494e-07 tau=0.00e+00 cg_it=1 shift=0 ckpt=2 alpha=0 acc mv=522
PCG_PREP o=185 rebuild=1 drift=0 previous_depth=2
E2_CAP o=185 retry=0 touched=239 ncam=3068 raw=46795.48969609203 capped=63.670299359597365 radius=8654.3112787736609 median=0.12278847250673058 global_scale=1
ATTR_RADIUS o=185 raw_norm=46795.489696091972 norm=63.670299359597415 radius=8654.3112787736609 next_radius=8654.3112787736609 lambda=2.4938445141384868e-07 next_lambda=2.4938445141384868e-07 rho=1.0001720597003438 accept=1
CLASSICAL_LM o=185 lambda=2.4938445141384868e-07 tau=2.4938445141384868e-07 prediction=115.84895946583582 rho=1.0001720597003438 accept=1
  MFCG it 186 cost=1.783171e+06 lam=2.494e-07 tau=0.00e+00 cg_it=0 shift=0 ckpt=1 alpha=0 acc mv=524
PCG_PREP o=186 rebuild=1 drift=0 previous_depth=1
E2_CAP o=186 retry=0 touched=134 ncam=3068 raw=54212.338134390542 capped=151.81550409308164 radius=8654.3112787736609 median=0.33581578404549561 global_scale=1
POINT_SAFE o=186 frozen=170 slope=-29.519016958429283 candidate=1783189.2901390423 original=1783168.1694199974 current=1783170.9708773375 won=0 mode=1 camera_scale=1 keep_scale=0
ATTR_RADIUS o=186 raw_norm=54212.338134390506 norm=75.907752046540963 radius=8654.3112787736609 next_radius=8654.3112787736609 lambda=2.4938445141384868e-07 next_lambda=2.4938445141384868e-07 rho=1.0029366216784326 accept=1
CLASSICAL_LM o=186 lambda=2.4938445141384868e-07 tau=2.4938445141384868e-07 prediction=2.7932546080950686 rho=1.0029366216784326 accept=1
  MFCG it 187 cost=1.783168e+06 lam=2.494e-07 tau=0.00e+00 cg_it=1 shift=0 ckpt=2 alpha=0 acc mv=527
PCG_PREP o=187 rebuild=1 drift=0 previous_depth=2
E2_CAP o=187 retry=0 touched=137 ncam=3068 raw=54206.39728204003 capped=102.86129957285563 radius=8654.3112787736609 median=0.24774209385438523 global_scale=1
ATTR_RADIUS o=187 raw_norm=54206.397282040052 norm=102.86129957285594 radius=8654.3112787736609 next_radius=8654.3112787736609 lambda=2.4938445141384868e-07 next_lambda=2.4938445141384868e-07 rho=1.0058747854266286 accept=1
CLASSICAL_LM o=187 lambda=2.4938445141384868e-07 tau=2.4938445141384868e-07 prediction=26.794553503348528 rho=1.0058747854266286 accept=1
  MFCG it 188 cost=1.783141e+06 lam=2.494e-07 tau=0.00e+00 cg_it=1 shift=0 ckpt=2 alpha=0 acc mv=530
PCG_PREP o=188 rebuild=1 drift=0 previous_depth=2
E2_CAP o=188 retry=0 touched=249 ncam=3068 raw=46462.914170156255 capped=95.367854588268557 radius=8654.3112787736609 median=0.17872571376775839 global_scale=1
ATTR_RADIUS o=188 raw_norm=46462.914170156284 norm=95.36785458826877 radius=8654.3112787736609 next_radius=8654.3112787736609 lambda=2.4938445141384868e-07 next_lambda=2.4938445141384868e-07 rho=0.99997046734838357 accept=1
CLASSICAL_LM o=188 lambda=2.4938445141384868e-07 tau=2.4938445141384868e-07 prediction=179.23341282732741 rho=0.99997046734838357 accept=1
  MFCG it 189 cost=1.782962e+06 lam=2.494e-07 tau=0.00e+00 cg_it=0 shift=0 ckpt=1 alpha=0 acc mv=532
PCG_PREP o=189 rebuild=1 drift=0 previous_depth=1
E2_CAP o=189 retry=0 touched=133 ncam=3068 raw=54178.398755463015 capped=152.33405081382517 radius=8654.3112787736609 median=0.34336219487515174 global_scale=1
POINT_SAFE o=189 frozen=181 slope=-45.160786637860518 candidate=1782968.3369078094 original=1782952.2846713085 current=1782961.9893346522 won=0 mode=1 camera_scale=1 keep_scale=0
ATTR_RADIUS o=189 raw_norm=54178.398755462993 norm=76.167025406912728 radius=8654.3112787736609 next_radius=8654.3112787736609 lambda=2.4938445141384868e-07 next_lambda=2.4938445141384868e-07 rho=1.0003776061816354 accept=1
CLASSICAL_LM o=189 lambda=2.4938445141384868e-07 tau=2.4938445141384868e-07 prediction=9.7010001860892743 rho=1.0003776061816354 accept=1
  MFCG it 190 cost=1.782952e+06 lam=2.494e-07 tau=0.00e+00 cg_it=1 shift=0 ckpt=2 alpha=0 acc mv=535
PCG_PREP o=190 rebuild=1 drift=0 previous_depth=2
E2_CAP o=190 retry=0 touched=241 ncam=3068 raw=46783.352103993973 capped=63.480106008267704 radius=8654.3112787736609 median=0.12239022926310172 global_scale=1
ATTR_RADIUS o=190 raw_norm=46783.352103994039 norm=63.480106008268038 radius=8654.3112787736609 next_radius=8654.3112787736609 lambda=2.4938445141384868e-07 next_lambda=2.4938445141384868e-07 rho=1.0001543917132087 accept=1
CLASSICAL_LM o=190 lambda=2.4938445141384868e-07 tau=2.4938445141384868e-07 prediction=114.86761269944432 rho=1.0001543917132087 accept=1
  MFCG it 191 cost=1.782837e+06 lam=2.494e-07 tau=0.00e+00 cg_it=0 shift=0 ckpt=1 alpha=0 acc mv=537
PCG_PREP o=191 rebuild=1 drift=0 previous_depth=1
E2_CAP o=191 retry=0 touched=135 ncam=3068 raw=54164.646176803995 capped=150.10941879890939 radius=8654.3112787736609 median=0.3300196615538199 global_scale=1
POINT_SAFE o=191 frozen=167 slope=-27.001716805693921 candidate=1782858.0648421349 original=1782835.8138867244 current=1782837.3993240015 won=0 mode=1 camera_scale=1 keep_scale=0
ATTR_RADIUS o=191 raw_norm=54164.646176803901 norm=75.054709399454552 radius=8654.3112787736609 next_radius=8654.3112787736609 lambda=2.4938445141384868e-07 next_lambda=2.4938445141384868e-07 rho=1.0035689116627222 accept=1
CLASSICAL_LM o=191 lambda=2.4938445141384868e-07 tau=2.4938445141384868e-07 prediction=1.5797991136177689 rho=1.0035689116627222 accept=1
  MFCG it 192 cost=1.782836e+06 lam=2.494e-07 tau=0.00e+00 cg_it=1 shift=0 ckpt=2 alpha=0 acc mv=540
PCG_PREP o=192 rebuild=1 drift=0 previous_depth=2
E2_CAP o=192 retry=0 touched=137 ncam=3068 raw=54173.640928088411 capped=101.9722968015909 radius=8654.3112787736609 median=0.24559422303242118 global_scale=1
ATTR_RADIUS o=192 raw_norm=54173.640928088367 norm=101.97229680159101 radius=8654.3112787736609 next_radius=8654.3112787736609 lambda=2.4938445141384868e-07 next_lambda=2.4938445141384868e-07 rho=1.0059357363125756 accept=1
CLASSICAL_LM o=192 lambda=2.4938445141384868e-07 tau=2.4938445141384868e-07 prediction=25.053461801812102 rho=1.0059357363125756 accept=1
  MFCG it 193 cost=1.782811e+06 lam=2.494e-07 tau=0.00e+00 cg_it=1 shift=0 ckpt=2 alpha=0 acc mv=543
PCG_PREP o=193 rebuild=1 drift=0 previous_depth=2
E2_CAP o=193 retry=0 touched=250 ncam=3068 raw=46449.191831457472 capped=95.318752105904252 radius=8654.3112787736609 median=0.17852691832451981 global_scale=1
ATTR_RADIUS o=193 raw_norm=46449.191831457465 norm=95.31875210590421 radius=8654.3112787736609 next_radius=8654.3112787736609 lambda=2.4938445141384868e-07 next_lambda=2.4938445141384868e-07 rho=0.99995863797926521 accept=1
CLASSICAL_LM o=193 lambda=2.4938445141384868e-07 tau=2.4938445141384868e-07 prediction=178.31711609007252 rho=0.99995863797926521 accept=1
  MFCG it 194 cost=1.782632e+06 lam=2.494e-07 tau=0.00e+00 cg_it=0 shift=0 ckpt=1 alpha=0 acc mv=545
PCG_PREP o=194 rebuild=1 drift=0 previous_depth=1
E2_CAP o=194 retry=0 touched=133 ncam=3068 raw=54120.943712749024 capped=151.0007506287578 radius=8654.3112787736609 median=0.33933251343753729 global_scale=1
POINT_SAFE o=194 frozen=182 slope=-42.94408019811771 candidate=1782640.8436231553 original=1782623.7000986293 current=1782632.3019736458 won=0 mode=1 camera_scale=1 keep_scale=0
ATTR_RADIUS o=194 raw_norm=54120.943712748995 norm=75.500375314378985 radius=8654.3112787736609 next_radius=8654.3112787736609 lambda=2.4938445141384868e-07 next_lambda=2.4938445141384868e-07 rho=1.0001802816223642 accept=1
CLASSICAL_LM o=194 lambda=2.4938445141384868e-07 tau=2.4938445141384868e-07 prediction=8.6003245360055729 rho=1.0001802816223642 accept=1
  MFCG it 195 cost=1.782624e+06 lam=2.494e-07 tau=0.00e+00 cg_it=1 shift=0 ckpt=2 alpha=0 acc mv=548
PCG_PREP o=195 rebuild=1 drift=0 previous_depth=2
E2_CAP o=195 retry=0 touched=136 ncam=3068 raw=54134.170994407097 capped=101.66564906186179 radius=8654.3112787736609 median=0.24796673373292016 global_scale=1
ATTR_RADIUS o=195 raw_norm=54134.170994407017 norm=101.66564906186159 radius=8654.3112787736609 next_radius=8654.3112787736609 lambda=2.4938445141384868e-07 next_lambda=2.4938445141384868e-07 rho=1.0051536430176247 accept=1
CLASSICAL_LM o=195 lambda=2.4938445141384868e-07 tau=2.4938445141384868e-07 prediction=28.925116361983253 rho=1.0051536430176247 accept=1
  MFCG it 196 cost=1.782595e+06 lam=2.494e-07 tau=0.00e+00 cg_it=1 shift=0 ckpt=2 alpha=0 acc mv=551
PCG_PREP o=196 rebuild=1 drift=0 previous_depth=2
E2_CAP o=196 retry=0 touched=248 ncam=3068 raw=46407.111912601547 capped=93.390896119667573 radius=8654.3112787736609 median=0.17565836077280181 global_scale=1
ATTR_RADIUS o=196 raw_norm=46407.111912601518 norm=93.39089611966773 radius=8654.3112787736609 next_radius=8654.3112787736609 lambda=2.4938445141384868e-07 next_lambda=2.4938445141384868e-07 rho=0.99995516103225501 accept=1
CLASSICAL_LM o=196 lambda=2.4938445141384868e-07 tau=2.4938445141384868e-07 prediction=176.00458861493811 rho=0.99995516103225501 accept=1
  MFCG it 197 cost=1.782419e+06 lam=2.494e-07 tau=0.00e+00 cg_it=0 shift=0 ckpt=1 alpha=0 acc mv=553
PCG_PREP o=197 rebuild=1 drift=0 previous_depth=1
E2_CAP o=197 retry=0 touched=133 ncam=3068 raw=54099.917262314244 capped=149.28027976081802 radius=8654.3112787736609 median=0.33595205546360241 global_scale=1
POINT_SAFE o=197 frozen=183 slope=-41.6064432915841 candidate=1782427.6225104432 original=1782410.4744203133 current=1782418.6292157925 won=0 mode=1 camera_scale=1 keep_scale=0
ATTR_RADIUS o=197 raw_norm=54099.917262314229 norm=74.640139880408839 radius=8654.3112787736609 next_radius=8654.3112787736609 lambda=2.4938445141384868e-07 next_lambda=2.4938445141384868e-07 rho=0.99989921007485327 accept=1
CLASSICAL_LM o=197 lambda=2.4938445141384868e-07 tau=2.4938445141384868e-07 prediction=8.1556174833379185 rho=0.99989921007485327 accept=1
  MFCG it 198 cost=1.782410e+06 lam=2.494e-07 tau=0.00e+00 cg_it=1 shift=0 ckpt=2 alpha=0 acc mv=556
PCG_PREP o=198 rebuild=1 drift=0 previous_depth=2
E2_CAP o=198 retry=0 touched=244 ncam=3068 raw=46720.092764956928 capped=61.175500760364073 radius=8654.3112787736609 median=0.11739154677220116 global_scale=1
ATTR_RADIUS o=198 raw_norm=46720.092764957008 norm=61.175500760363981 radius=8654.3112787736609 next_radius=8654.3112787736609 lambda=2.4938445141384868e-07 next_lambda=2.4938445141384868e-07 rho=1.0001445537230376 accept=1
CLASSICAL_LM o=198 lambda=2.4938445141384868e-07 tau=2.4938445141384868e-07 prediction=110.53580007311344 rho=1.0001445537230376 accept=1
  MFCG it 199 cost=1.782300e+06 lam=2.494e-07 tau=0.00e+00 cg_it=0 shift=0 ckpt=1 alpha=0 acc mv=558
PCG_PREP o=199 rebuild=1 drift=0 previous_depth=1
E2_CAP o=199 retry=0 touched=133 ncam=3068 raw=54078.457656983621 capped=146.46204674566403 radius=8654.3112787736609 median=0.32281975769261362 global_scale=1
POINT_SAFE o=199 frozen=175 slope=-24.670752962566166 candidate=1782321.5350407592 original=1782299.156545439 current=1782299.9226418787 won=0 mode=1 camera_scale=1 keep_scale=0
ATTR_RADIUS o=199 raw_norm=54078.457656983679 norm=73.231023372832084 radius=8654.3112787736609 next_radius=8654.3112787736609 lambda=2.4938445141384868e-07 next_lambda=2.4938445141384868e-07 rho=1.0056124437577099 accept=1
CLASSICAL_LM o=199 lambda=2.4938445141384868e-07 tau=2.4938445141384868e-07 prediction=0.76182076348968053 rho=1.0056124437577099 accept=1
  MFCG it 200 cost=1.782299e+06 lam=2.494e-07 tau=0.00e+00 cg_it=1 shift=0 ckpt=2 alpha=0 acc mv=561
PCG_PREP o=200 rebuild=1 drift=0 previous_depth=2
E2_CAP o=200 retry=0 touched=137 ncam=3068 raw=54055.596951343141 capped=99.144409898944517 radius=8654.3112787736609 median=0.23888907857132902 global_scale=1
ATTR_RADIUS o=200 raw_norm=54055.596951343141 norm=99.144409898944886 radius=8654.3112787736609 next_radius=8654.3112787736609 lambda=2.4938445141384868e-07 next_lambda=2.4938445141384868e-07 rho=1.0062731206383608 accept=1
CLASSICAL_LM o=200 lambda=2.4938445141384868e-07 tau=2.4938445141384868e-07 prediction=22.914166729915578 rho=1.0062731206383608 accept=1
  MFCG it 201 cost=1.782276e+06 lam=2.494e-07 tau=0.00e+00 cg_it=1 shift=0 ckpt=2 alpha=0 acc mv=564
PCG_PREP o=201 rebuild=1 drift=0 previous_depth=2
E2_CAP o=201 retry=0 touched=246 ncam=3068 raw=46388.934289392775 capped=93.802880005916265 radius=8654.3112787736609 median=0.17527459912612087 global_scale=1
ATTR_RADIUS o=201 raw_norm=46388.934289392739 norm=93.802880005916023 radius=8654.3112787736609 next_radius=8654.3112787736609 lambda=2.4938445141384868e-07 next_lambda=2.4938445141384868e-07 rho=0.99993306743572596 accept=1
CLASSICAL_LM o=201 lambda=2.4938445141384868e-07 tau=2.4938445141384868e-07 prediction=175.22511625928797 rho=0.99993306743572596 accept=1
  MFCG it 202 cost=1.782101e+06 lam=2.494e-07 tau=0.00e+00 cg_it=0 shift=0 ckpt=1 alpha=0 acc mv=566
PCG_PREP o=202 rebuild=1 drift=0 previous_depth=1
E2_CAP o=202 retry=0 touched=133 ncam=3068 raw=54009.721202959139 capped=148.20242518992467 radius=8654.3112787736609 median=0.33244540054040161 global_scale=1
POINT_SAFE o=202 frozen=197 slope=-39.616774167759885 candidate=1782111.7899556158 original=1782093.518365378 current=1782100.885247384 won=0 mode=1 camera_scale=1 keep_scale=0
ATTR_RADIUS o=202 raw_norm=54009.721202959161 norm=74.101212594962504 radius=8654.3112787736609 next_radius=8654.3112787736609 lambda=2.4938445141384868e-07 next_lambda=2.4938445141384868e-07 rho=1.0077903259248733 accept=1
CLASSICAL_LM o=202 lambda=2.4938445141384868e-07 tau=2.4938445141384868e-07 prediction=7.3099352280232459 rho=1.0077903259248733 accept=1
  MFCG it 203 cost=1.782094e+06 lam=2.494e-07 tau=0.00e+00 cg_it=1 shift=0 ckpt=2 alpha=0 acc mv=569
PCG_PREP o=203 rebuild=1 drift=0 previous_depth=2
E2_CAP o=203 retry=0 touched=242 ncam=3068 raw=46707.524115833417 capped=61.830221167607114 radius=8654.3112787736609 median=0.11895317584750431 global_scale=1
ATTR_RADIUS o=203 raw_norm=46707.524115833403 norm=61.830221167607228 radius=8654.3112787736609 next_radius=8654.3112787736609 lambda=2.4938445141384868e-07 next_lambda=2.4938445141384868e-07 rho=1.0002681721543361 accept=1
CLASSICAL_LM o=203 lambda=2.4938445141384868e-07 tau=2.4938445141384868e-07 prediction=111.0504493000343 rho=1.0002681721543361 accept=1
  MFCG it 204 cost=1.781982e+06 lam=2.494e-07 tau=0.00e+00 cg_it=0 shift=0 ckpt=1 alpha=0 acc mv=571
PCG_PREP o=204 rebuild=1 drift=0 previous_depth=1
E2_CAP o=204 retry=0 touched=134 ncam=3068 raw=53980.238000748432 capped=145.61001247732838 radius=8654.3112787736609 median=0.31918979784762147 global_scale=1
POINT_SAFE o=204 frozen=176 slope=-21.922059539404614 candidate=1782006.9557317272 original=1781979.8599957679 current=1781982.4381354398 won=0 mode=1 camera_scale=1 keep_scale=0
ATTR_RADIUS o=204 raw_norm=53980.238000748424 norm=36.402503119332081 radius=8654.3112787736609 next_radius=8654.3112787736609 lambda=2.4938445141384868e-07 next_lambda=2.4938445141384868e-07 rho=1.001260408775025 accept=1
CLASSICAL_LM o=204 lambda=2.4938445141384868e-07 tau=2.4938445141384868e-07 prediction=2.5748942525123817 rho=1.001260408775025 accept=1
  MFCG it 205 cost=1.781980e+06 lam=2.494e-07 tau=0.00e+00 cg_it=1 shift=0 ckpt=2 alpha=0 acc mv=574
PCG_PREP o=205 rebuild=1 drift=0 previous_depth=2
E2_CAP o=205 retry=0 touched=132 ncam=3068 raw=53993.346121735049 capped=117.85312322023252 radius=8654.3112787736609 median=0.27079646701360915 global_scale=1
POINT_SAFE o=205 frozen=108 slope=-17.213506595272506 candidate=1781985.4521423928 original=1781976.9551858883 current=1781979.8599957679 won=0 mode=1 camera_scale=1 keep_scale=0
ATTR_RADIUS o=205 raw_norm=53993.346121735027 norm=58.926561610116295 radius=8654.3112787736609 next_radius=8654.3112787736609 lambda=2.4938445141384868e-07 next_lambda=2.4938445141384868e-07 rho=1.0113950070232745 accept=1
CLASSICAL_LM o=205 lambda=2.4938445141384868e-07 tau=2.4938445141384868e-07 prediction=2.8720824795785065 rho=1.0113950070232745 accept=1
  MFCG it 206 cost=1.781977e+06 lam=2.494e-07 tau=0.00e+00 cg_it=1 shift=0 ckpt=2 alpha=0 acc mv=577
PCG_PREP o=206 rebuild=1 drift=0 previous_depth=2
E2_CAP o=206 retry=0 touched=237 ncam=3068 raw=46653.727755077758 capped=71.573846608120618 radius=8654.3112787736609 median=0.13652289530725129 global_scale=1
ATTR_RADIUS o=206 raw_norm=46653.727755077794 norm=71.573846608120704 radius=8654.3112787736609 next_radius=8654.3112787736609 lambda=2.4938445141384868e-07 next_lambda=2.4938445141384868e-07 rho=1.0001024105118725 accept=1
CLASSICAL_LM o=206 lambda=2.4938445141384868e-07 tau=2.4938445141384868e-07 prediction=127.53766625237206 rho=1.0001024105118725 accept=1
  MFCG it 207 cost=1.781849e+06 lam=2.494e-07 tau=0.00e+00 cg_it=0 shift=0 ckpt=1 alpha=0 acc mv=579
PCG_PREP o=207 rebuild=1 drift=0 previous_depth=1
E2_CAP o=207 retry=0 touched=133 ncam=3068 raw=53958.843581200206 capped=147.55224370510962 radius=8654.3112787736609 median=0.3198350093294271 global_scale=1
POINT_SAFE o=207 frozen=181 slope=-23.958420981841428 candidate=1781875.8709571788 original=1781846.5661170185 current=1781849.4044584383 won=0 mode=1 camera_scale=1 keep_scale=0
ATTR_RADIUS o=207 raw_norm=53958.843581200192 norm=36.888060926277404 radius=8654.3112787736609 next_radius=8654.3112787736609 lambda=2.4938445141384868e-07 next_lambda=2.4938445141384868e-07 rho=1.0006107538941276 accept=1
CLASSICAL_LM o=207 lambda=2.4938445141384868e-07 tau=2.4938445141384868e-07 prediction=2.8366089498556382 rho=1.0006107538941276 accept=1
  MFCG it 208 cost=1.781847e+06 lam=2.494e-07 tau=0.00e+00 cg_it=1 shift=0 ckpt=2 alpha=0 acc mv=582
PCG_PREP o=208 rebuild=1 drift=0 previous_depth=2
E2_CAP o=208 retry=0 touched=131 ncam=3068 raw=53941.493807434723 capped=120.49562577109907 radius=8654.3112787736609 median=0.2762848037702117 global_scale=1
POINT_SAFE o=208 frozen=116 slope=-18.0260096625058 candidate=1781853.6296607705 original=1781843.8261959017 current=1781846.5661170185 won=0 mode=1 camera_scale=1 keep_scale=0
ATTR_RADIUS o=208 raw_norm=53941.493807434752 norm=60.247812885549727 radius=8654.3112787736609 next_radius=8654.3112787736609 lambda=2.4938445141384868e-07 next_lambda=2.4938445141384868e-07 rho=1.0113486084563039 accept=1
CLASSICAL_LM o=208 lambda=2.4938445141384868e-07 tau=2.4938445141384868e-07 prediction=2.7091757420005056 rho=1.0113486084563039 accept=1
  MFCG it 209 cost=1.781844e+06 lam=2.494e-07 tau=0.00e+00 cg_it=1 shift=0 ckpt=2 alpha=0 acc mv=585
PCG_PREP o=209 rebuild=1 drift=0 previous_depth=2
E2_CAP o=209 retry=0 touched=238 ncam=3068 raw=46673.380001015139 capped=67.870252966876492 radius=8654.3112787736609 median=0.12984588196386398 global_scale=1
ATTR_RADIUS o=209 raw_norm=46673.380001015154 norm=67.870252966876293 radius=8654.3112787736609 next_radius=8654.3112787736609 lambda=2.4938445141384868e-07 next_lambda=2.4938445141384868e-07 rho=1.0001082545192101 accept=1
CLASSICAL_LM o=209 lambda=2.4938445141384868e-07 tau=2.4938445141384868e-07 prediction=121.67786846806661 rho=1.0001082545192101 accept=1
  MFCG it 210 cost=1.781722e+06 lam=2.494e-07 tau=0.00e+00 cg_it=0 shift=0 ckpt=1 alpha=0 acc mv=587
PCG_PREP o=210 rebuild=1 drift=0 previous_depth=1
E2_CAP o=210 retry=0 touched=132 ncam=3068 raw=53876.470674184078 capped=145.55339338116877 radius=8654.3112787736609 median=0.31663511004216938 global_scale=1
POINT_SAFE o=210 frozen=177 slope=-22.457045781053701 candidate=1781748.2286727887 original=1781719.5550733372 current=1781722.1351552545 won=0 mode=1 camera_scale=1 keep_scale=0
ATTR_RADIUS o=210 raw_norm=53876.470674183984 norm=36.388348345292194 radius=8654.3112787736609 next_radius=8654.3112787736609 lambda=2.4938445141384868e-07 next_lambda=2.4938445141384868e-07 rho=1.0006148291107828 accept=1
CLASSICAL_LM o=210 lambda=2.4938445141384868e-07 tau=2.4938445141384868e-07 prediction=2.578496582584497 rho=1.0006148291107828 accept=1
  MFCG it 211 cost=1.781720e+06 lam=2.494e-07 tau=0.00e+00 cg_it=1 shift=0 ckpt=2 alpha=0 acc mv=590
PCG_PREP o=211 rebuild=1 drift=0 previous_depth=2
E2_CAP o=211 retry=0 touched=131 ncam=3068 raw=53881.000765665252 capped=119.28508237207862 radius=8654.3112787736609 median=0.27437707402913392 global_scale=1
POINT_SAFE o=211 frozen=115 slope=-17.486527087258157 candidate=1781726.1805943968 original=1781716.8403954366 current=1781719.5550733372 won=0 mode=1 camera_scale=1 keep_scale=0
ATTR_RADIUS o=211 raw_norm=53881.000765665252 norm=59.642541186039402 radius=8654.3112787736609 next_radius=8654.3112787736609 lambda=2.4938445141384868e-07 next_lambda=2.4938445141384868e-07 rho=1.0111661253409103 accept=1
CLASSICAL_LM o=211 lambda=2.4938445141384868e-07 tau=2.4938445141384868e-07 prediction=2.6847002015878765 rho=1.0111661253409103 accept=1
  MFCG it 212 cost=1.781717e+06 lam=2.494e-07 tau=0.00e+00 cg_it=1 shift=0 ckpt=2 alpha=0 acc mv=593
PCG_PREP o=212 rebuild=1 drift=0 previous_depth=2
E2_CAP o=212 retry=0 touched=139 ncam=3068 raw=53869.033428999952 capped=91.463145126641948 radius=8654.3112787736609 median=0.2214879841925898 global_scale=1
ATTR_RADIUS o=212 raw_norm=53869.033428999901 norm=91.463145126641763 radius=8654.3112787736609 next_radius=8654.3112787736609 lambda=2.4938445141384868e-07 next_lambda=2.4938445141384868e-07 rho=1.004734196946345 accept=1
CLASSICAL_LM o=212 lambda=2.4938445141384868e-07 tau=2.4938445141384868e-07 prediction=29.884982841227547 rho=1.004734196946345 accept=1
  MFCG it 213 cost=1.781687e+06 lam=2.494e-07 tau=0.00e+00 cg_it=1 shift=0 ckpt=2 alpha=0 acc mv=596
PCG_PREP o=213 rebuild=1 drift=0 previous_depth=2
E2_CAP o=213 retry=0 touched=248 ncam=3068 raw=46372.655334792202 capped=92.279893702312194 radius=8654.3112787736609 median=0.17223139363976014 global_scale=1
ATTR_RADIUS o=213 raw_norm=46372.655334792144 norm=92.279893702312108 radius=8654.3112787736609 next_radius=8654.3112787736609 lambda=2.4938445141384868e-07 next_lambda=2.4938445141384868e-07 rho=0.99999233890267936 accept=1
CLASSICAL_LM o=213 lambda=2.4938445141384868e-07 tau=2.4938445141384868e-07 prediction=171.25376017753592 rho=0.99999233890267936 accept=1
  MFCG it 214 cost=1.781516e+06 lam=2.494e-07 tau=0.00e+00 cg_it=0 shift=0 ckpt=1 alpha=0 acc mv=598
PCG_PREP o=214 rebuild=1 drift=0 previous_depth=1
E2_CAP o=214 retry=0 touched=134 ncam=3068 raw=53810.085774622043 capped=146.11542123807519 radius=8654.3112787736609 median=0.32479683862633468 global_scale=1
POINT_SAFE o=214 frozen=194 slope=-35.622250764639503 candidate=1781530.5261425262 original=1781510.3968798174 current=1781515.5614830151 won=0 mode=1 camera_scale=1 keep_scale=0
ATTR_RADIUS o=214 raw_norm=53810.085774622043 norm=73.057710619037707 radius=8654.3112787736609 next_radius=8654.3112787736609 lambda=2.4938445141384868e-07 next_lambda=2.4938445141384868e-07 rho=1.0003036481589245 accept=1
CLASSICAL_LM o=214 lambda=2.4938445141384868e-07 tau=2.4938445141384868e-07 prediction=5.163035451505003 rho=1.0003036481589245 accept=1
  MFCG it 215 cost=1.781510e+06 lam=2.494e-07 tau=0.00e+00 cg_it=1 shift=0 ckpt=2 alpha=0 acc mv=601
PCG_PREP o=215 rebuild=1 drift=0 previous_depth=2
E2_CAP o=215 retry=0 touched=137 ncam=3068 raw=53811.664261837686 capped=97.178412358950482 radius=8654.3112787736609 median=0.23655815287921672 global_scale=1
ATTR_RADIUS o=215 raw_norm=53811.664261837708 norm=97.178412358950467 radius=8654.3112787736609 next_radius=8654.3112787736609 lambda=2.4938445141384868e-07 next_lambda=2.4938445141384868e-07 rho=1.0062281692377413 accept=1
CLASSICAL_LM o=215 lambda=2.4938445141384868e-07 tau=2.4938445141384868e-07 prediction=22.831719015140273 rho=1.0062281692377413 accept=1
  MFCG it 216 cost=1.781487e+06 lam=2.494e-07 tau=0.00e+00 cg_it=1 shift=0 ckpt=2 alpha=0 acc mv=604
PCG_PREP o=216 rebuild=1 drift=0 previous_depth=2
E2_CAP o=216 retry=0 touched=249 ncam=3068 raw=46329.731642422572 capped=91.997880282459434 radius=8654.3112787736609 median=0.1724153279413978 global_scale=1
ATTR_RADIUS o=216 raw_norm=46329.731642422594 norm=91.997880282459434 radius=8654.3112787736609 next_radius=8654.3112787736609 lambda=2.4938445141384868e-07 next_lambda=2.4938445141384868e-07 rho=0.99997636326129991 accept=1
CLASSICAL_LM o=216 lambda=2.4938445141384868e-07 tau=2.4938445141384868e-07 prediction=172.07026758694209 rho=0.99997636326129991 accept=1
  MFCG it 217 cost=1.781315e+06 lam=2.494e-07 tau=0.00e+00 cg_it=0 shift=0 ckpt=1 alpha=0 acc mv=606
PCG_PREP o=217 rebuild=1 drift=0 previous_depth=1
E2_CAP o=217 retry=0 touched=134 ncam=3068 raw=53778.355723350403 capped=144.87647837809982 radius=8654.3112787736609 median=0.32321028851929984 global_scale=1
POINT_SAFE o=217 frozen=199 slope=-34.70990309287005 candidate=1781330.2312488384 original=1781310.3976855306 current=1781315.3567605852 won=0 mode=1 camera_scale=1 keep_scale=0
ATTR_RADIUS o=217 raw_norm=53778.355723350389 norm=72.438239189049924 radius=8654.3112787736609 next_radius=8654.3112787736609 lambda=2.4938445141384868e-07 next_lambda=2.4938445141384868e-07 rho=1.0004510963870401 accept=1
CLASSICAL_LM o=217 lambda=2.4938445141384868e-07 tau=2.4938445141384868e-07 prediction=4.9568390424362789 rho=1.0004510963870401 accept=1
  MFCG it 218 cost=1.781310e+06 lam=2.494e-07 tau=0.00e+00 cg_it=1 shift=0 ckpt=2 alpha=0 acc mv=609
PCG_PREP o=218 rebuild=1 drift=0 previous_depth=2
E2_CAP o=218 retry=0 touched=245 ncam=3068 raw=46646.356211593622 capped=59.122085119129231 radius=8654.3112787736609 median=0.11292891235566406 global_scale=1
ATTR_RADIUS o=218 raw_norm=46646.356211593586 norm=59.122085119129181 radius=8654.3112787736609 next_radius=8654.3112787736609 lambda=2.4938445141384868e-07 next_lambda=2.4938445141384868e-07 rho=1.0001603709996221 accept=1
CLASSICAL_LM o=218 lambda=2.4938445141384868e-07 tau=2.4938445141384868e-07 prediction=105.90202975172988 rho=1.0001603709996221 accept=1
  MFCG it 219 cost=1.781204e+06 lam=2.494e-07 tau=0.00e+00 cg_it=0 shift=0 ckpt=1 alpha=0 acc mv=611
PCG_PREP o=219 rebuild=1 drift=0 previous_depth=1
E2_CAP o=219 retry=0 touched=134 ncam=3068 raw=53734.290869269891 capped=140.92629208700271 radius=8654.3112787736609 median=0.30827102556234087 global_scale=1
POINT_SAFE o=219 frozen=182 slope=-18.061773297626537 candidate=1781231.3665994504 original=1781202.7725799286 current=1781204.4786721645 won=0 mode=1 camera_scale=1 keep_scale=0
ATTR_RADIUS o=219 raw_norm=53734.290869269898 norm=35.231573021750698 radius=8654.3112787736609 next_radius=8654.3112787736609 lambda=2.4938445141384868e-07 next_lambda=2.4938445141384868e-07 rho=1.000841370910035 accept=1
CLASSICAL_LM o=219 lambda=2.4938445141384868e-07 tau=2.4938445141384868e-07 prediction=1.704657986223904 rho=1.000841370910035 accept=1
  MFCG it 220 cost=1.781203e+06 lam=2.494e-07 tau=0.00e+00 cg_it=1 shift=0 ckpt=2 alpha=0 acc mv=614
PCG_PREP o=220 rebuild=1 drift=0 previous_depth=2
E2_CAP o=220 retry=0 touched=133 ncam=3068 raw=53736.276906663385 capped=113.80437043414464 radius=8654.3112787736609 median=0.26129845435994681 global_scale=1
POINT_SAFE o=220 frozen=101 slope=-13.73635691938536 candidate=1781211.1002679651 original=1781201.4208983474 current=1781202.7725799286 won=0 mode=1 camera_scale=1 keep_scale=0
ATTR_RADIUS o=220 raw_norm=53736.276906663377 norm=56.902185217072486 radius=8654.3112787736609 next_radius=8654.3112787736609 lambda=2.4938445141384868e-07 next_lambda=2.4938445141384868e-07 rho=1.0205242770134284 accept=1
CLASSICAL_LM o=220 lambda=2.4938445141384868e-07 tau=2.4938445141384868e-07 prediction=1.3244972331166904 rho=1.0205242770134284 accept=1
  MFCG it 221 cost=1.781201e+06 lam=2.494e-07 tau=0.00e+00 cg_it=1 shift=0 ckpt=2 alpha=0 acc mv=617
PCG_PREP o=221 rebuild=1 drift=0 previous_depth=2
E2_CAP o=221 retry=0 touched=235 ncam=3068 raw=46591.763862974105 capped=69.700472270179361 radius=8654.3112787736609 median=0.13231231208771224 global_scale=1
ATTR_RADIUS o=221 raw_norm=46591.76386297412 norm=69.70047227017912 radius=8654.3112787736609 next_radius=8654.3112787736609 lambda=2.4938445141384868e-07 next_lambda=2.4938445141384868e-07 rho=1.0000325907419423 accept=1
CLASSICAL_LM o=221 lambda=2.4938445141384868e-07 tau=2.4938445141384868e-07 prediction=123.82264851378358 rho=1.0000325907419423 accept=1
  MFCG it 222 cost=1.781078e+06 lam=2.494e-07 tau=0.00e+00 cg_it=0 shift=0 ckpt=1 alpha=0 acc mv=619
PCG_PREP o=222 rebuild=1 drift=0 previous_depth=1
E2_CAP o=222 retry=0 touched=134 ncam=3068 raw=53683.808448397205 capped=144.11038155323928 radius=8654.3112787736609 median=0.31193564621335318 global_scale=1
POINT_SAFE o=222 frozen=185 slope=-20.231490505693618 candidate=1781106.3126505117 original=1781075.5956759492 current=1781077.5942143616 won=0 mode=1 camera_scale=1 keep_scale=0
ATTR_RADIUS o=222 raw_norm=53683.808448397263 norm=36.027595388309827 radius=8654.3112787736609 next_radius=8654.3112787736609 lambda=2.4938445141384868e-07 next_lambda=2.4938445141384868e-07 rho=1.0006000334253105 accept=1
CLASSICAL_LM o=222 lambda=2.4938445141384868e-07 tau=2.4938445141384868e-07 prediction=1.9973399416598481 rho=1.0006000334253105 accept=1
  MFCG it 223 cost=1.781076e+06 lam=2.494e-07 tau=0.00e+00 cg_it=1 shift=0 ckpt=2 alpha=0 acc mv=622
PCG_PREP o=223 rebuild=1 drift=0 previous_depth=2
E2_CAP o=223 retry=0 touched=132 ncam=3068 raw=53695.400125572283 capped=116.54827091638211 radius=8654.3112787736609 median=0.26640126280455834 global_scale=1
POINT_SAFE o=223 frozen=112 slope=-14.27083646620037 candidate=1781085.677841821 original=1781074.5491829095 current=1781075.5956759492 won=0 mode=1 camera_scale=1 keep_scale=0
ATTR_RADIUS o=223 raw_norm=53695.400125572334 norm=58.274135458190869 radius=8654.3112787736609 next_radius=8654.3112787736609 lambda=2.4938445141384868e-07 next_lambda=2.4938445141384868e-07 rho=1.0263509416306902 accept=1
CLASSICAL_LM o=223 lambda=2.4938445141384868e-07 tau=2.4938445141384868e-07 prediction=1.0196249618445119 rho=1.0263509416306902 accept=1
  MFCG it 224 cost=1.781075e+06 lam=2.494e-07 tau=0.00e+00 cg_it=1 shift=0 ckpt=2 alpha=0 acc mv=625
PCG_PREP o=224 rebuild=1 drift=0 previous_depth=2
E2_CAP o=224 retry=0 touched=238 ncam=3068 raw=46615.400119680831 capped=66.770166522457473 radius=8654.3112787736609 median=0.12722822035443204 global_scale=1
ATTR_RADIUS o=224 raw_norm=46615.40011968086 norm=66.770166522457515 radius=8654.3112787736609 next_radius=8654.3112787736609 lambda=2.4938445141384868e-07 next_lambda=2.4938445141384868e-07 rho=1.0000775863820512 accept=1
CLASSICAL_LM o=224 lambda=2.4938445141384868e-07 tau=2.4938445141384868e-07 prediction=119.06430628693289 rho=1.0000775863820512 accept=1
  MFCG it 225 cost=1.780955e+06 lam=2.494e-07 tau=0.00e+00 cg_it=0 shift=0 ckpt=1 alpha=0 acc mv=627
PCG_PREP o=225 rebuild=1 drift=0 previous_depth=1
E2_CAP o=225 retry=0 touched=133 ncam=3068 raw=53649.316389632542 capped=142.09798248900293 radius=8654.3112787736609 median=0.30778629385678669 global_scale=1
POINT_SAFE o=225 frozen=185 slope=-18.45965148415614 candidate=1780984.5491925809 original=1780953.8315875756 current=1780955.4756388539 won=0 mode=1 camera_scale=1 keep_scale=0
ATTR_RADIUS o=225 raw_norm=53649.31638963255 norm=35.52449562225074 radius=8654.3112787736609 next_radius=8654.3112787736609 lambda=2.4938445141384868e-07 next_lambda=2.4938445141384868e-07 rho=1.0008852747133683 accept=1
CLASSICAL_LM o=225 lambda=2.4938445141384868e-07 tau=2.4938445141384868e-07 prediction=1.6425971285406931 rho=1.0008852747133683 accept=1
  MFCG it 226 cost=1.780954e+06 lam=2.494e-07 tau=0.00e+00 cg_it=1 shift=0 ckpt=2 alpha=0 acc mv=630
PCG_PREP o=226 rebuild=1 drift=0 previous_depth=2
E2_CAP o=226 retry=0 touched=133 ncam=3068 raw=53664.320774045504 capped=115.14840837472302 radius=8654.3112787736609 median=0.26260475020018326 global_scale=1
POINT_SAFE o=226 frozen=114 slope=-13.190683656416741 candidate=1780964.2499839778 original=1780953.1392439238 current=1780953.8315875756 won=0 mode=1 camera_scale=1 keep_scale=0
ATTR_RADIUS o=226 raw_norm=53664.320774045511 norm=57.57420418736163 radius=8654.3112787736609 next_radius=8654.3112787736609 lambda=2.4938445141384868e-07 next_lambda=2.4938445141384868e-07 rho=1.0407339901054227 accept=1
CLASSICAL_LM o=226 lambda=2.4938445141384868e-07 tau=2.4938445141384868e-07 prediction=0.66524554628276267 rho=1.0407339901054227 accept=1
  MFCG it 227 cost=1.780953e+06 lam=2.494e-07 tau=0.00e+00 cg_it=1 shift=0 ckpt=2 alpha=0 acc mv=633
PCG_PREP o=227 rebuild=1 drift=0 previous_depth=2
E2_CAP o=227 retry=0 touched=140 ncam=3068 raw=53681.540042061759 capped=87.916498537899784 radius=8654.3112787736609 median=0.21267593468583579 global_scale=1
ATTR_RADIUS o=227 raw_norm=53681.540042061752 norm=87.916498537899741 radius=8654.3112787736609 next_radius=8654.3112787736609 lambda=2.4938445141384868e-07 next_lambda=2.4938445141384868e-07 rho=1.0050590584924797 accept=1
CLASSICAL_LM o=227 lambda=2.4938445141384868e-07 tau=2.4938445141384868e-07 prediction=26.006231611679674 rho=1.0050590584924797 accept=1
  MFCG it 228 cost=1.780927e+06 lam=2.494e-07 tau=0.00e+00 cg_it=1 shift=0 ckpt=2 alpha=0 acc mv=636
PCG_PREP o=228 rebuild=1 drift=0 previous_depth=2
E2_CAP o=228 retry=0 touched=247 ncam=3068 raw=46325.089823128656 capped=91.45455222461861 radius=8654.3112787736609 median=0.17062705240680309 global_scale=1
ATTR_RADIUS o=228 raw_norm=46325.089823128648 norm=91.454552224618752 radius=8654.3112787736609 next_radius=8654.3112787736609 lambda=2.4938445141384868e-07 next_lambda=2.4938445141384868e-07 rho=1.0000489477358081 accept=1
CLASSICAL_LM o=228 lambda=2.4938445141384868e-07 tau=2.4938445141384868e-07 prediction=169.1062033478502 rho=1.0000489477358081 accept=1
  MFCG it 229 cost=1.780758e+06 lam=2.494e-07 tau=0.00e+00 cg_it=0 shift=0 ckpt=1 alpha=0 acc mv=638
PCG_PREP o=229 rebuild=1 drift=0 previous_depth=1
E2_CAP o=229 retry=0 touched=135 ncam=3068 raw=53613.315901646696 capped=142.99066996264438 radius=8654.3112787736609 median=0.31701072132323893 global_scale=1
POINT_SAFE o=229 frozen=201 slope=-31.137200460393405 candidate=1780776.8801980554 original=1780754.850725478 current=1780757.8869645516 won=0 mode=1 camera_scale=1 keep_scale=0
ATTR_RADIUS o=229 raw_norm=53613.315901646689 norm=71.495334981322301 radius=8654.3112787736609 next_radius=8654.3112787736609 lambda=2.4938445141384868e-07 next_lambda=2.4938445141384868e-07 rho=1.0011072733236781 accept=1
CLASSICAL_LM o=229 lambda=2.4938445141384868e-07 tau=2.4938445141384868e-07 prediction=3.0328808455576155 rho=1.0011072733236781 accept=1
  MFCG it 230 cost=1.780755e+06 lam=2.494e-07 tau=0.00e+00 cg_it=1 shift=0 ckpt=2 alpha=0 acc mv=641
PCG_PREP o=230 rebuild=1 drift=0 previous_depth=2
E2_CAP o=230 retry=0 touched=137 ncam=3068 raw=53606.287944786513 capped=93.761240439511639 radius=8654.3112787736609 median=0.22739432925813652 global_scale=1
ATTR_RADIUS o=230 raw_norm=53606.287944786571 norm=93.761240439511241 radius=8654.3112787736609 next_radius=8654.3112787736609 lambda=2.4938445141384868e-07 next_lambda=2.4938445141384868e-07 rho=1.0069759358135422 accept=1
CLASSICAL_LM o=230 lambda=2.4938445141384868e-07 tau=2.4938445141384868e-07 prediction=18.561343870236982 rho=1.0069759358135422 accept=1
  MFCG it 231 cost=1.780736e+06 lam=2.494e-07 tau=0.00e+00 cg_it=1 shift=0 ckpt=2 alpha=0 acc mv=644
PCG_PREP o=231 rebuild=1 drift=0 previous_depth=2
E2_CAP o=231 retry=0 touched=247 ncam=3068 raw=46288.62401838677 capped=90.57416150816465 radius=8654.3112787736609 median=0.16936419925728716 global_scale=1
ATTR_RADIUS o=231 raw_norm=46288.624018386712 norm=90.574161508164636 radius=8654.3112787736609 next_radius=8654.3112787736609 lambda=2.4938445141384868e-07 next_lambda=2.4938445141384868e-07 rho=0.99995756070424835 accept=1
CLASSICAL_LM o=231 lambda=2.4938445141384868e-07 tau=2.4938445141384868e-07 prediction=168.82730559993493 rho=0.99995756070424835 accept=1
  MFCG it 232 cost=1.780567e+06 lam=2.494e-07 tau=0.00e+00 cg_it=0 shift=0 ckpt=1 alpha=0 acc mv=646
PCG_PREP o=232 rebuild=1 drift=0 previous_depth=1
E2_CAP o=232 retry=0 touched=133 ncam=3068 raw=53578.282866143905 capped=140.80756845672019 radius=8654.3112787736609 median=0.31351698814320234 global_scale=1
POINT_SAFE o=232 frozen=199 slope=-30.387829396487405 candidate=1780585.7439810243 original=1780564.3443837166 current=1780567.3397581764 won=0 mode=1 camera_scale=1 keep_scale=0
ATTR_RADIUS o=232 raw_norm=53578.282866143934 norm=70.40378422836001 radius=8654.3112787736609 next_radius=8654.3112787736609 lambda=2.4938445141384868e-07 next_lambda=2.4938445141384868e-07 rho=1.0001942934776749 accept=1
CLASSICAL_LM o=232 lambda=2.4938445141384868e-07 tau=2.4938445141384868e-07 prediction=2.9947925911058615 rho=1.0001942934776749 accept=1
  MFCG it 233 cost=1.780564e+06 lam=2.494e-07 tau=0.00e+00 cg_it=1 shift=0 ckpt=2 alpha=0 acc mv=649
PCG_PREP o=233 rebuild=1 drift=0 previous_depth=2
E2_CAP o=233 retry=0 touched=243 ncam=3068 raw=46605.593795284723 capped=57.935690042809625 radius=8654.3112787736609 median=0.11047437669414202 global_scale=1
ATTR_RADIUS o=233 raw_norm=46605.593795284745 norm=57.935690042809512 radius=8654.3112787736609 next_radius=8654.3112787736609 lambda=2.4938445141384868e-07 next_lambda=2.4938445141384868e-07 rho=1.0001564677548149 accept=1
CLASSICAL_LM o=233 lambda=2.4938445141384868e-07 tau=2.4938445141384868e-07 prediction=103.35022545035004 rho=1.0001564677548149 accept=1
  MFCG it 234 cost=1.780461e+06 lam=2.494e-07 tau=0.00e+00 cg_it=0 shift=0 ckpt=1 alpha=0 acc mv=651
PCG_PREP o=234 rebuild=1 drift=0 previous_depth=1
E2_CAP o=234 retry=0 touched=134 ncam=3068 raw=53537.05045913838 capped=136.63414314085432 radius=8654.3112787736609 median=0.29658489345225097 global_scale=1
POINT_SAFE o=234 frozen=182 slope=-13.97476897085353 candidate=1780491.1274161369 original=1780460.2411069951 current=1780460.9779872885 won=0 mode=1 camera_scale=1 keep_scale=0
ATTR_RADIUS o=234 raw_norm=53537.05045913838 norm=34.158535785213637 radius=8654.3112787736609 next_radius=8654.3112787736609 lambda=2.4938445141384868e-07 next_lambda=2.4938445141384868e-07 rho=1.0015669067351196 accept=1
CLASSICAL_LM o=234 lambda=2.4938445141384868e-07 tau=2.4938445141384868e-07 prediction=0.73572747700986474 rho=1.0015669067351196 accept=1
  MFCG it 235 cost=1.780460e+06 lam=2.494e-07 tau=0.00e+00 cg_it=1 shift=0 ckpt=2 alpha=0 acc mv=654
PCG_PREP o=235 rebuild=1 drift=0 previous_depth=2
E2_CAP o=235 retry=0 touched=134 ncam=3068 raw=53545.728233155758 capped=110.42649688153257 radius=8654.3112787736609 median=0.25225105462781605 global_scale=1
POINT_SAFE o=235 frozen=105 slope=-10.406842558263413 candidate=1780471.5041273737 original=1780458.9940617739 current=1780460.2411069951 won=0 mode=1 camera_scale=1 keep_scale=0
ATTR_RADIUS o=235 raw_norm=53545.728233155736 norm=27.606624220383114 radius=8654.3112787736609 next_radius=8654.3112787736609 lambda=2.4938445141384868e-07 next_lambda=2.4938445141384868e-07 rho=1.0048886574605822 accept=1
CLASSICAL_LM o=235 lambda=2.4938445141384868e-07 tau=2.4938445141384868e-07 prediction=1.2409785024583906 rho=1.0048886574605822 accept=1
  MFCG it 236 cost=1.780459e+06 lam=2.494e-07 tau=0.00e+00 cg_it=1 shift=0 ckpt=2 alpha=0 acc mv=657
PCG_PREP o=236 rebuild=1 drift=0 previous_depth=2
E2_CAP o=236 retry=0 touched=137 ncam=3068 raw=53557.792160541874 capped=95.929518402236042 radius=8654.3112787736609 median=0.2271350026476448 global_scale=1
ATTR_RADIUS o=236 raw_norm=53557.792160541845 norm=95.929518402235743 radius=8654.3112787736609 next_radius=8654.3112787736609 lambda=2.4938445141384868e-07 next_lambda=2.4938445141384868e-07 rho=1.0218931609699686 accept=1
CLASSICAL_LM o=236 lambda=2.4938445141384868e-07 tau=2.4938445141384868e-07 prediction=5.5779322870132688 rho=1.0218931609699686 accept=1
  MFCG it 237 cost=1.780453e+06 lam=2.494e-07 tau=0.00e+00 cg_it=1 shift=0 ckpt=2 alpha=0 acc mv=660
PCG_PREP o=237 rebuild=1 drift=0 previous_depth=2
E2_CAP o=237 retry=0 touched=249 ncam=3068 raw=46284.428430511551 capped=93.393736602514423 radius=8654.3112787736609 median=0.17375764057599097 global_scale=1
ATTR_RADIUS o=237 raw_norm=46284.4284305115 norm=93.393736602514451 radius=8654.3112787736609 next_radius=8654.3112787736609 lambda=2.4938445141384868e-07 next_lambda=2.4938445141384868e-07 rho=1.0012761358017577 accept=1
CLASSICAL_LM o=237 lambda=2.4938445141384868e-07 tau=2.4938445141384868e-07 prediction=175.21946841842146 rho=1.0012761358017577 accept=1
  MFCG it 238 cost=1.780278e+06 lam=2.494e-07 tau=0.00e+00 cg_it=0 shift=0 ckpt=1 alpha=0 acc mv=662
PCG_PREP o=238 rebuild=1 drift=0 previous_depth=1
E2_CAP o=238 retry=0 touched=133 ncam=3068 raw=53503.68128611608 capped=139.70458042520693 radius=8654.3112787736609 median=0.30836804478621749 global_scale=1
POINT_SAFE o=238 frozen=206 slope=-46.475889548699755 candidate=1780281.0992299572 original=1780266.8185836794 current=1780277.8509386622 won=0 mode=1 camera_scale=1 keep_scale=0
ATTR_RADIUS o=238 raw_norm=53503.681286116043 norm=69.852290212603677 radius=8654.3112787736609 next_radius=8654.3112787736609 lambda=2.4938445141384868e-07 next_lambda=2.4938445141384868e-07 rho=1.0860756293799689 accept=1
CLASSICAL_LM o=238 lambda=2.4938445141384868e-07 tau=2.4938445141384868e-07 prediction=10.157998839455516 rho=1.0860756293799689 accept=1
  MFCG it 239 cost=1.780267e+06 lam=2.494e-07 tau=0.00e+00 cg_it=1 shift=0 ckpt=2 alpha=0 acc mv=665
PCG_PREP o=239 rebuild=1 drift=0 previous_depth=2
E2_CAP o=239 retry=0 touched=140 ncam=3068 raw=53507.899329768174 capped=92.528606269937399 radius=8654.3112787736609 median=0.22204497191326911 global_scale=1
ATTR_RADIUS o=239 raw_norm=53507.899329768166 norm=92.528606269937114 radius=8654.3112787736609 next_radius=8654.3112787736609 lambda=2.4938445141384868e-07 next_lambda=2.4938445141384868e-07 rho=1.0272524339507101 accept=1
CLASSICAL_LM o=239 lambda=2.4938445141384868e-07 tau=2.4938445141384868e-07 prediction=33.470552843845219 rho=1.0272524339507101 accept=1
  MFCG it 240 cost=1.780232e+06 lam=2.494e-07 tau=0.00e+00 cg_it=1 shift=0 ckpt=2 alpha=0 acc mv=668
PCG_PREP o=240 rebuild=1 drift=0 previous_depth=2
E2_CAP o=240 retry=0 touched=246 ncam=3068 raw=46268.836778995093 capped=88.970709117904306 radius=8654.3112787736609 median=0.16633886027950356 global_scale=1
ATTR_RADIUS o=240 raw_norm=46268.836778995137 norm=88.970709117904519 radius=8654.3112787736609 next_radius=8654.3112787736609 lambda=2.4938445141384868e-07 next_lambda=2.4938445141384868e-07 rho=1.0047123272295801 accept=1
CLASSICAL_LM o=240 lambda=2.4938445141384868e-07 tau=2.4938445141384868e-07 prediction=173.68598170734663 rho=1.0047123272295801 accept=1
  MFCG it 241 cost=1.780058e+06 lam=2.494e-07 tau=0.00e+00 cg_it=0 shift=0 ckpt=1 alpha=0 acc mv=670
PCG_PREP o=241 rebuild=1 drift=0 previous_depth=1
E2_CAP o=241 retry=0 touched=135 ncam=3068 raw=53386.723305317646 capped=138.86884611170836 radius=8654.3112787736609 median=0.3062998331564748 global_scale=1
POINT_SAFE o=241 frozen=204 slope=-46.489800895634403 candidate=1780060.9577461916 original=1780047.1273561171 current=1780057.9314299165 won=0 mode=1 camera_scale=1 keep_scale=0
ATTR_RADIUS o=241 raw_norm=53386.723305317711 norm=69.434423055853941 radius=8654.3112787736609 next_radius=8654.3112787736609 lambda=2.4938445141384868e-07 next_lambda=2.4938445141384868e-07 rho=1.0198894900592137 accept=1
CLASSICAL_LM o=241 lambda=2.4938445141384868e-07 tau=2.4938445141384868e-07 prediction=10.59337693417573 rho=1.0198894900592137 accept=1
  MFCG it 242 cost=1.780047e+06 lam=2.494e-07 tau=0.00e+00 cg_it=1 shift=0 ckpt=2 alpha=0 acc mv=673
PCG_PREP o=242 rebuild=1 drift=0 previous_depth=2
E2_CAP o=242 retry=0 touched=139 ncam=3068 raw=53245.87806179723 capped=90.865513484948494 radius=8654.3112787736609 median=0.21867161108086489 global_scale=1
ATTR_RADIUS o=242 raw_norm=53245.878061797215 norm=90.865513484948423 radius=8654.3112787736609 next_radius=8654.3112787736609 lambda=2.4938445141384868e-07 next_lambda=2.4938445141384868e-07 rho=1.0234658516529593 accept=1
CLASSICAL_LM o=242 lambda=2.4938445141384868e-07 tau=2.4938445141384868e-07 prediction=27.069433650602772 rho=1.0234658516529593 accept=1
  MFCG it 243 cost=1.780019e+06 lam=2.494e-07 tau=0.00e+00 cg_it=1 shift=0 ckpt=2 alpha=0 acc mv=676
PCG_PREP o=243 rebuild=1 drift=0 previous_depth=2
E2_CAP o=243 retry=0 touched=246 ncam=3068 raw=46291.518330955332 capped=90.012635850565331 radius=8654.3112787736609 median=0.16852662531235552 global_scale=1
ATTR_RADIUS o=243 raw_norm=46291.518330955354 norm=90.012635850565289 radius=8654.3112787736609 next_radius=8654.3112787736609 lambda=2.4938445141384868e-07 next_lambda=2.4938445141384868e-07 rho=0.96613324294343172 accept=1
CLASSICAL_LM o=243 lambda=2.4938445141384868e-07 tau=2.4938445141384868e-07 prediction=174.88903646505216 rho=0.96613324294343172 accept=1
  MFCG it 244 cost=1.779850e+06 lam=2.494e-07 tau=0.00e+00 cg_it=0 shift=0 ckpt=1 alpha=0 acc mv=678
PCG_PREP o=244 rebuild=1 drift=0 previous_depth=1
E2_CAP o=244 retry=0 touched=137 ncam=3068 raw=53189.275320769179 capped=138.065159205848 radius=8654.3112787736609 median=0.30385993142694523 global_scale=1
POINT_SAFE o=244 frozen=193 slope=-52.078208996587463 candidate=1779855.8419915619 original=1779839.7140930556 current=1779850.4566031969 won=0 mode=1 camera_scale=1 keep_scale=0
ATTR_RADIUS o=244 raw_norm=53189.275320769179 norm=69.032579602924045 radius=8654.3112787736609 next_radius=8654.3112787736609 lambda=2.4938445141384868e-07 next_lambda=2.4938445141384868e-07 rho=0.88792523163335857 accept=1
CLASSICAL_LM o=244 lambda=2.4938445141384868e-07 tau=2.4938445141384868e-07 prediction=12.098440002181334 rho=0.88792523163335857 accept=1
  MFCG it 245 cost=1.779840e+06 lam=2.494e-07 tau=0.00e+00 cg_it=1 shift=0 ckpt=2 alpha=0 acc mv=681
PCG_PREP o=245 rebuild=1 drift=0 previous_depth=2
E2_CAP o=245 retry=0 touched=242 ncam=3068 raw=46623.927199546779 capped=57.145432403987243 radius=8654.3112787736609 median=0.10916179230825862 global_scale=1
ATTR_RADIUS o=245 raw_norm=46623.92719954683 norm=57.145432403987172 radius=8654.3112787736609 next_radius=8654.3112787736609 lambda=2.4938445141384868e-07 next_lambda=2.4938445141384868e-07 rho=0.98817359239189961 accept=1
CLASSICAL_LM o=245 lambda=2.4938445141384868e-07 tau=2.4938445141384868e-07 prediction=108.69981710934626 rho=0.98817359239189961 accept=1
  MFCG it 246 cost=1.779732e+06 lam=2.494e-07 tau=0.00e+00 cg_it=0 shift=0 ckpt=1 alpha=0 acc mv=683
PCG_PREP o=246 rebuild=1 drift=0 previous_depth=1
E2_CAP o=246 retry=0 touched=136 ncam=3068 raw=53213.664574377901 capped=133.78426142430769 radius=8654.3112787736609 median=0.28847818947064485 global_scale=1
POINT_SAFE o=246 frozen=182 slope=-24.591576238009949 candidate=1779753.7836008316 original=1779731.7627635901 current=1779732.2998042903 won=0 mode=1 camera_scale=1 keep_scale=0
ATTR_RADIUS o=246 raw_norm=53213.664574377872 norm=66.892130712153815 radius=8654.3112787736609 next_radius=8654.3112787736609 lambda=2.4938445141384868e-07 next_lambda=2.4938445141384868e-07 rho=0.62006162860049485 accept=1
CLASSICAL_LM o=246 lambda=2.4938445141384868e-07 tau=2.4938445141384868e-07 prediction=0.8661085857171873 rho=0.62006162860049485 accept=1
  MFCG it 247 cost=1.779732e+06 lam=2.494e-07 tau=0.00e+00 cg_it=1 shift=0 ckpt=2 alpha=0 acc mv=686
PCG_PREP o=247 rebuild=1 drift=0 previous_depth=2
E2_CAP o=247 retry=0 touched=141 ncam=3068 raw=53251.796819837778 capped=88.208390477832836 radius=8654.3112787736609 median=0.20836336816298312 global_scale=1
ATTR_RADIUS o=247 raw_norm=53251.796819837808 norm=88.208390477832694 radius=8654.3112787736609 next_radius=8654.3112787736609 lambda=2.4938445141384868e-07 next_lambda=2.4938445141384868e-07 rho=1.0068813713419271 accept=1
CLASSICAL_LM o=247 lambda=2.4938445141384868e-07 tau=2.4938445141384868e-07 prediction=18.412283994205715 rho=1.0068813713419271 accept=1
  MFCG it 248 cost=1.779713e+06 lam=2.494e-07 tau=0.00e+00 cg_it=1 shift=0 ckpt=2 alpha=0 acc mv=689
PCG_PREP o=248 rebuild=1 drift=0 previous_depth=2
E2_CAP o=248 retry=0 touched=246 ncam=3068 raw=46310.38175039312 capped=90.044073200639417 radius=8654.3112787736609 median=0.16803870251745257 global_scale=1
ATTR_RADIUS o=248 raw_norm=46310.381750393048 norm=90.044073200639374 radius=8654.3112787736609 next_radius=8654.3112787736609 lambda=2.4938445141384868e-07 next_lambda=2.4938445141384868e-07 rho=1.0004137620885738 accept=1
CLASSICAL_LM o=248 lambda=2.4938445141384868e-07 tau=2.4938445141384868e-07 prediction=172.42711586198459 rho=1.0004137620885738 accept=1
  MFCG it 249 cost=1.779541e+06 lam=2.494e-07 tau=0.00e+00 cg_it=0 shift=0 ckpt=1 alpha=0 acc mv=691
PCG_PREP o=249 rebuild=1 drift=0 previous_depth=1
E2_CAP o=249 retry=0 touched=135 ncam=3068 raw=53228.186639426924 capped=137.32282235180884 radius=8654.3112787736609 median=0.30215548813737969 global_scale=1
POINT_SAFE o=249 frozen=192 slope=-36.8701361987792 candidate=1779553.483190143 original=1779534.6996853603 current=1779540.7253181669 won=0 mode=1 camera_scale=1 keep_scale=0
ATTR_RADIUS o=249 raw_norm=53228.186639426931 norm=68.661411175904632 radius=8654.3112787736609 next_radius=8654.3112787736609 lambda=2.4938445141384868e-07 next_lambda=2.4938445141384868e-07 rho=1.0081983500060809 accept=1
CLASSICAL_LM o=249 lambda=2.4938445141384868e-07 tau=2.4938445141384868e-07 prediction=5.9766342670086896 rho=1.0081983500060809 accept=1
  MFCG it 250 cost=1.779535e+06 lam=2.494e-07 tau=0.00e+00 cg_it=1 shift=0 ckpt=2 alpha=0 acc mv=694
PCG_PREP o=250 rebuild=1 drift=0 previous_depth=2
E2_CAP o=250 retry=0 touched=139 ncam=3068 raw=53264.439034810726 capped=88.728463022600593 radius=8654.3112787736609 median=0.21257155977574133 global_scale=1
ATTR_RADIUS o=250 raw_norm=53264.439034810704 norm=88.728463022600693 radius=8654.3112787736609 next_radius=8654.3112787736609 lambda=2.4938445141384868e-07 next_lambda=2.4938445141384868e-07 rho=1.0191206897310559 accept=1
CLASSICAL_LM o=250 lambda=2.4938445141384868e-07 tau=2.4938445141384868e-07 prediction=20.130492864493853 rho=1.0191206897310559 accept=1
  MFCG it 251 cost=1.779514e+06 lam=2.494e-07 tau=0.00e+00 cg_it=1 shift=0 ckpt=2 alpha=0 acc mv=697
PCG_PREP o=251 rebuild=1 drift=0 previous_depth=2
E2_CAP o=251 retry=0 touched=247 ncam=3068 raw=46314.409021397812 capped=88.881136997185465 radius=8654.3112787736609 median=0.16660200751026016 global_scale=1
ATTR_RADIUS o=251 raw_norm=46314.409021397849 norm=88.881136997185209 radius=8654.3112787736609 next_radius=8654.3112787736609 lambda=2.4938445141384868e-07 next_lambda=2.4938445141384868e-07 rho=1.0007143142834531 accept=1
CLASSICAL_LM o=251 lambda=2.4938445141384868e-07 tau=2.4938445141384868e-07 prediction=170.12365053729795 rho=1.0007143142834531 accept=1
  MFCG it 252 cost=1.779344e+06 lam=2.494e-07 tau=0.00e+00 cg_it=0 shift=0 ckpt=1 alpha=0 acc mv=699
PCG_PREP o=252 rebuild=1 drift=0 previous_depth=1
E2_CAP o=252 retry=0 touched=135 ncam=3068 raw=53265.807892624667 capped=136.06597416896741 radius=8654.3112787736609 median=0.29930056860323684 global_scale=1
POINT_SAFE o=252 frozen=193 slope=-33.840816671723289 candidate=1779358.9911546235 original=1779339.242379114 current=1779343.9391112968 won=0 mode=1 camera_scale=1 keep_scale=0
ATTR_RADIUS o=252 raw_norm=53265.80789262466 norm=68.03298708448348 radius=8654.3112787736609 next_radius=8654.3112787736609 lambda=2.4938445141384868e-07 next_lambda=2.4938445141384868e-07 rho=1.0108847930432254 accept=1
CLASSICAL_LM o=252 lambda=2.4938445141384868e-07 tau=2.4938445141384868e-07 prediction=4.6461596960172802 rho=1.0108847930432254 accept=1
  MFCG it 253 cost=1.779339e+06 lam=2.494e-07 tau=0.00e+00 cg_it=1 shift=0 ckpt=2 alpha=0 acc mv=702
PCG_PREP o=253 rebuild=1 drift=0 previous_depth=2
E2_CAP o=253 retry=0 touched=244 ncam=3068 raw=46657.595612180136 capped=56.352982228141371 radius=8654.3112787736609 median=0.10752367007526703 global_scale=1
ATTR_RADIUS o=253 raw_norm=46657.595612180194 norm=56.352982228141478 radius=8654.3112787736609 next_radius=8654.3112787736609 lambda=2.4938445141384868e-07 next_lambda=2.4938445141384868e-07 rho=1.0012639017239024 accept=1
CLASSICAL_LM o=253 lambda=2.4938445141384868e-07 tau=2.4938445141384868e-07 prediction=102.87838846338445 rho=1.0012639017239024 accept=1
  MFCG it 254 cost=1.779236e+06 lam=2.494e-07 tau=0.00e+00 cg_it=0 shift=0 ckpt=1 alpha=0 acc mv=704
PCG_PREP o=254 rebuild=1 drift=0 previous_depth=1
E2_CAP o=254 retry=0 touched=135 ncam=3068 raw=53295.76515269011 capped=131.33186182099638 radius=8654.3112787736609 median=0.28240071292755653 global_scale=1
POINT_SAFE o=254 frozen=175 slope=-16.207873673024189 candidate=1779263.6000590001 original=1779234.9065587015 current=1779236.2339624781 won=0 mode=1 camera_scale=1 keep_scale=0
ATTR_RADIUS o=254 raw_norm=53295.765152690125 norm=32.832965455249074 radius=8654.3112787736609 next_radius=8654.3112787736609 lambda=2.4938445141384868e-07 next_lambda=2.4938445141384868e-07 rho=1.008644850765446 accept=1
CLASSICAL_LM o=254 lambda=2.4938445141384868e-07 tau=2.4938445141384868e-07 prediction=1.3160269202515833 rho=1.008644850765446 accept=1
  MFCG it 255 cost=1.779235e+06 lam=2.494e-07 tau=0.00e+00 cg_it=1 shift=0 ckpt=2 alpha=0 acc mv=707
PCG_PREP o=255 rebuild=1 drift=0 previous_depth=2
E2_CAP o=255 retry=0 touched=136 ncam=3068 raw=53333.645147270894 capped=106.00717454429352 radius=8654.3112787736609 median=0.23934264877135197 global_scale=1
POINT_SAFE o=255 frozen=105 slope=-11.545660651447937 candidate=1779244.8420709933 original=1779234.5081078925 current=1779234.9065587015 won=0 mode=1 camera_scale=1 keep_scale=0
ATTR_RADIUS o=255 raw_norm=53333.645147270872 norm=53.00358727214671 radius=8654.3112787736609 next_radius=8654.3112787736609 lambda=2.4938445141384868e-07 next_lambda=2.4938445141384868e-07 rho=1.2171230397782966 accept=1
CLASSICAL_LM o=255 lambda=2.4938445141384868e-07 tau=2.4938445141384868e-07 prediction=0.3273710184122649 rho=1.2171230397782966 accept=1
  MFCG it 256 cost=1.779235e+06 lam=2.494e-07 tau=0.00e+00 cg_it=1 shift=0 ckpt=2 alpha=0 acc mv=710
PCG_PREP o=256 rebuild=1 drift=0 previous_depth=2
E2_CAP o=256 retry=0 touched=238 ncam=3068 raw=46622.471547696186 capped=66.920696362380227 radius=8654.3112787736609 median=0.12690592641352691 global_scale=1
ATTR_RADIUS o=256 raw_norm=46622.471547696186 norm=66.920696362380298 radius=8654.3112787736609 next_radius=8654.3112787736609 lambda=2.4938445141384868e-07 next_lambda=2.4938445141384868e-07 rho=1.0015182339487172 accept=1
CLASSICAL_LM o=256 lambda=2.4938445141384868e-07 tau=2.4938445141384868e-07 prediction=121.08112980624166 rho=1.0015182339487172 accept=1
  MFCG it 257 cost=1.779113e+06 lam=2.494e-07 tau=0.00e+00 cg_it=0 shift=0 ckpt=1 alpha=0 acc mv=712
PCG_PREP o=257 rebuild=1 drift=0 previous_depth=1
E2_CAP o=257 retry=0 touched=135 ncam=3068 raw=53273.453565733311 capped=134.66395992170609 radius=8654.3112787736609 median=0.28597792539105626 global_scale=1
POINT_SAFE o=257 frozen=173 slope=-18.263897094564996 candidate=1779142.534250763 original=1779111.6485445576 current=1779113.2431486044 won=0 mode=1 camera_scale=1 keep_scale=0
ATTR_RADIUS o=257 raw_norm=53273.453565733362 norm=33.665989980426438 radius=8654.3112787736609 next_radius=8654.3112787736609 lambda=2.4938445141384868e-07 next_lambda=2.4938445141384868e-07 rho=1.0078670367840568 accept=1
CLASSICAL_LM o=257 lambda=2.4938445141384868e-07 tau=2.4938445141384868e-07 prediction=1.5821571582205984 rho=1.0078670367840568 accept=1
  MFCG it 258 cost=1.779112e+06 lam=2.494e-07 tau=0.00e+00 cg_it=1 shift=0 ckpt=2 alpha=0 acc mv=715
PCG_PREP o=258 rebuild=1 drift=0 previous_depth=2
E2_CAP o=258 retry=0 touched=134 ncam=3068 raw=53271.720194275316 capped=108.87717105642075 radius=8654.3112787736609 median=0.2446492487529689 global_scale=1
POINT_SAFE o=258 frozen=112 slope=-11.94067002358836 candidate=1779123.4935291049 original=1779111.6243462118 current=1779111.6485445576 won=0 mode=1 camera_scale=1 keep_scale=0
ATTR_RADIUS o=258 raw_norm=53271.720194275294 norm=108.87717105642089 radius=8654.3112787736609 next_radius=2163.5778196934152 lambda=2.4938445141384868e-07 next_lambda=3.9901512226215788e-06 rho=-1 accept=0
CLASSICAL_LM o=258 lambda=2.4938445141384868e-07 tau=2.4938445141384868e-07 prediction=-0.046933056843458942 rho=-1 accept=0
  MFCG it 259  retry 1/8  lam=3.990e-06 tau_eff=2.494e-07  (assembly reused)
PCG_PREP o=258 rebuild=1 drift=0 previous_depth=2
E2_CAP o=258 retry=1 touched=230 ncam=3068 raw=14394.469899743035 capped=40.482164114121204 radius=2163.5778196934152 median=0.079612697660985554 global_scale=1
ATTR_RADIUS o=258 raw_norm=14394.469899743046 norm=40.482164114121161 radius=2163.5778196934152 next_radius=2163.5778196934152 lambda=3.9901512226215788e-06 next_lambda=3.9901512226215788e-07 rho=1.0010647819454022 accept=1
CLASSICAL_LM o=258 lambda=3.9901512226215788e-06 tau=3.9901512226215788e-06 prediction=75.870668285565429 rho=1.0010647819454022 accept=1
  MFCG it 259 cost=1.779036e+06 lam=3.990e-07 tau=0.00e+00 cg_it=0 shift=0 ckpt=1 alpha=0 acc mv=720
PCG_PREP o=259 rebuild=1 drift=0 previous_depth=1
E2_CAP o=259 retry=0 touched=144 ncam=3068 raw=45446.146314593556 capped=132.49979035166024 radius=2163.5778196934152 median=0.27819215657488822 global_scale=1
POINT_SAFE o=259 frozen=150 slope=-16.252957308794766 candidate=1779065.0073969103 original=1779034.4818690473 current=1779035.6970905543 won=0 mode=1 camera_scale=1 keep_scale=0
ATTR_RADIUS o=259 raw_norm=45446.146314593585 norm=33.124947587915045 radius=2163.5778196934152 next_radius=2163.5778196934152 lambda=3.9901512226215788e-07 next_lambda=2.4938445141384868e-07 rho=1.0092725554219419 accept=1
CLASSICAL_LM o=259 lambda=3.9901512226215788e-07 tau=3.9901512226215788e-07 prediction=1.2040568233831315 rho=1.0092725554219419 accept=1
  MFCG it 260 cost=1.779034e+06 lam=2.494e-07 tau=0.00e+00 cg_it=1 shift=0 ckpt=2 alpha=0 acc mv=723
PCG_PREP o=260 rebuild=1 drift=0 previous_depth=2
E2_CAP o=260 retry=0 touched=144 ncam=3068 raw=53274.769158464813 capped=109.89983041093248 radius=2163.5778196934152 median=0.23710621531823944 global_scale=1
POINT_SAFE o=260 frozen=84 slope=-1.2532552287252188 candidate=1779057.1329760454 original=1779034.4667112767 current=1779034.4818690473 won=0 mode=1 camera_scale=1 keep_scale=0
ATTR_RADIUS o=260 raw_norm=53274.769158464856 norm=3.4343697003416334 radius=2163.5778196934152 next_radius=2163.5778196934152 lambda=2.4938445141384868e-07 next_lambda=2.4938445141384868e-07 rho=0.97831873163000205 accept=1
CLASSICAL_LM o=260 lambda=2.4938445141384868e-07 tau=2.4938445141384868e-07 prediction=0.01549369352568002 rho=0.97831873163000205 accept=1
  MFCG it 261 cost=1.779034e+06 lam=2.494e-07 tau=0.00e+00 cg_it=1 shift=0 ckpt=2 alpha=0 acc mv=726
PCG_PREP o=261 rebuild=1 drift=0 previous_depth=2
E2_CAP o=261 retry=0 touched=144 ncam=3068 raw=53287.944557839772 capped=107.75822275345118 radius=2163.5778196934152 median=0.23370913844302016 global_scale=1
POINT_SAFE o=261 frozen=86 slope=-1.5989535629202829 candidate=1779055.1397635434 original=1779034.4557495583 current=1779034.4667112767 won=0 mode=1 camera_scale=1 keep_scale=0
ATTR_RADIUS o=261 raw_norm=53287.944557839823 norm=6.7348889220907013 radius=2163.5778196934152 next_radius=2163.5778196934152 lambda=2.4938445141384868e-07 next_lambda=2.4938445141384868e-07 rho=0.92986835715213079 accept=1
CLASSICAL_LM o=261 lambda=2.4938445141384868e-07 tau=2.4938445141384868e-07 prediction=0.011788462643463934 rho=0.92986835715213079 accept=1
  MFCG it 262 cost=1.779034e+06 lam=2.494e-07 tau=0.00e+00 cg_it=1 shift=0 ckpt=2 alpha=0 acc mv=729
PCG_PREP o=262 rebuild=1 drift=0 previous_depth=2
E2_CAP o=262 retry=0 touched=145 ncam=3068 raw=53273.228388627234 capped=104.17805930443639 radius=2163.5778196934152 median=0.22848828100481644 global_scale=1
POINT_SAFE o=262 frozen=87 slope=-2.8555867054349684 candidate=1779050.8848497572 original=1779034.4003606671 current=1779034.4557495583 won=0 mode=1 camera_scale=1 keep_scale=0
ATTR_RADIUS o=262 raw_norm=53273.22838862722 norm=13.022257413054527 radius=2163.5778196934152 next_radius=2163.5778196934152 lambda=2.4938445141384868e-07 next_lambda=2.4938445141384868e-07 rho=1.0795859059629005 accept=1
CLASSICAL_LM o=262 lambda=2.4938445141384868e-07 tau=2.4938445141384868e-07 prediction=0.051305681958430271 rho=1.0795859059629005 accept=1
  MFCG it 263 cost=1.779034e+06 lam=2.494e-07 tau=0.00e+00 cg_it=1 shift=0 ckpt=2 alpha=0 acc mv=732
PCG_PREP o=263 rebuild=1 drift=0 previous_depth=2
E2_CAP o=263 retry=0 touched=145 ncam=3068 raw=53275.359018642681 capped=96.798146472237008 radius=2163.5778196934152 median=0.21660935729044234 global_scale=1
POINT_SAFE o=263 frozen=65 slope=-5.7989419163662594 candidate=1779042.9785957637 original=1779033.8494875981 current=1779034.4003606671 won=0 mode=1 camera_scale=1 keep_scale=0
ATTR_RADIUS o=263 raw_norm=53275.359018642674 norm=24.199536618059255 radius=2163.5778196934152 next_radius=2163.5778196934152 lambda=2.4938445141384868e-07 next_lambda=2.4938445141384868e-07 rho=1.0306625777407421 accept=1
CLASSICAL_LM o=263 lambda=2.4938445141384868e-07 tau=2.4938445141384868e-07 prediction=0.53448439963753169 rho=1.0306625777407421 accept=1
  MFCG it 264 cost=1.779034e+06 lam=2.494e-07 tau=0.00e+00 cg_it=1 shift=0 ckpt=2 alpha=0 acc mv=735
PCG_PREP o=264 rebuild=1 drift=0 previous_depth=2
E2_CAP o=264 retry=0 touched=147 ncam=3068 raw=53295.344272299932 capped=85.317940980604433 radius=2163.5778196934152 median=0.19670404317677509 global_scale=1
ATTR_RADIUS o=264 raw_norm=53295.344272299888 norm=85.317940980604376 radius=2163.5778196934152 next_radius=2163.5778196934152 lambda=2.4938445141384868e-07 next_lambda=2.4938445141384868e-07 rho=1.0449407405644813 accept=1
CLASSICAL_LM o=264 lambda=2.4938445141384868e-07 tau=2.4938445141384868e-07 prediction=5.6140577184471407 rho=1.0449407405644813 accept=1
  MFCG it 265 cost=1.779028e+06 lam=2.494e-07 tau=0.00e+00 cg_it=1 shift=0 ckpt=2 alpha=0 acc mv=738
PCG_PREP o=265 rebuild=1 drift=0 previous_depth=2
E2_CAP o=265 retry=0 touched=249 ncam=3068 raw=46429.241447032735 capped=90.819784960114291 radius=2163.5778196934152 median=0.16945965605845181 global_scale=1
ATTR_RADIUS o=265 raw_norm=46429.24144703272 norm=90.819784960114305 radius=2163.5778196934152 next_radius=2163.5778196934152 lambda=2.4938445141384868e-07 next_lambda=2.4938445141384868e-07 rho=1.0005564166291603 accept=1
CLASSICAL_LM o=265 lambda=2.4938445141384868e-07 tau=2.4938445141384868e-07 prediction=170.51874922806485 rho=1.0005564166291603 accept=1
  MFCG it 266 cost=1.778857e+06 lam=2.494e-07 tau=0.00e+00 cg_it=0 shift=0 ckpt=1 alpha=0 acc mv=740
PCG_PREP o=266 rebuild=1 drift=0 previous_depth=1
E2_CAP o=266 retry=0 touched=132 ncam=3068 raw=53248.370868702907 capped=135.0091712058981 radius=2163.5778196934152 median=0.29586458742185251 global_scale=1
POINT_SAFE o=266 frozen=192 slope=-27.127878575472081 candidate=1778879.1328591849 original=1778856.0293417422 current=1778857.3695012724 won=0 mode=1 camera_scale=1 keep_scale=0
ATTR_RADIUS o=266 raw_norm=53248.370868702936 norm=67.504585602949007 radius=2163.5778196934152 next_radius=2163.5778196934152 lambda=2.4938445141384868e-07 next_lambda=2.4938445141384868e-07 rho=1.0286057622097613 accept=1
CLASSICAL_LM o=266 lambda=2.4938445141384868e-07 tau=2.4938445141384868e-07 prediction=1.3028893863151918 rho=1.0286057622097613 accept=1
  MFCG it 267 cost=1.778856e+06 lam=2.494e-07 tau=0.00e+00 cg_it=1 shift=0 ckpt=2 alpha=0 acc mv=743
PCG_PREP o=267 rebuild=1 drift=0 previous_depth=2
E2_CAP o=267 retry=0 touched=140 ncam=3068 raw=53280.531550386797 capped=86.918720579688539 radius=2163.5778196934152 median=0.2074956257343924 global_scale=1
ATTR_RADIUS o=267 raw_norm=53280.531550386768 norm=86.91872057968844 radius=2163.5778196934152 next_radius=2163.5778196934152 lambda=2.4938445141384868e-07 next_lambda=2.4938445141384868e-07 rho=1.0203104868573927 accept=1
CLASSICAL_LM o=267 lambda=2.4938445141384868e-07 tau=2.4938445141384868e-07 prediction=13.209874631028114 rho=1.0203104868573927 accept=1
  MFCG it 268 cost=1.778843e+06 lam=2.494e-07 tau=0.00e+00 cg_it=1 shift=0 ckpt=2 alpha=0 acc mv=746
PCG_PREP o=268 rebuild=1 drift=0 previous_depth=2
E2_CAP o=268 retry=0 touched=246 ncam=3068 raw=46425.948871709574 capped=87.631054004466904 radius=2163.5778196934152 median=0.16405915685531702 global_scale=1
ATTR_RADIUS o=268 raw_norm=46425.948871709617 norm=87.63105400446679 radius=2163.5778196934152 next_radius=2163.5778196934152 lambda=2.4938445141384868e-07 next_lambda=2.4938445141384868e-07 rho=1.0004170663428185 accept=1
CLASSICAL_LM o=268 lambda=2.4938445141384868e-07 tau=2.4938445141384868e-07 prediction=165.09214762255684 rho=1.0004170663428185 accept=1
  MFCG it 269 cost=1.778677e+06 lam=2.494e-07 tau=0.00e+00 cg_it=0 shift=0 ckpt=1 alpha=0 acc mv=748
PCG_PREP o=269 rebuild=1 drift=0 previous_depth=1
E2_CAP o=269 retry=0 touched=133 ncam=3068 raw=53271.143527176442 capped=133.48680000455155 radius=2163.5778196934152 median=0.29289736197224286 global_scale=1
POINT_SAFE o=269 frozen=183 slope=-26.662625006703767 candidate=1778698.745316366 original=1778676.0647486001 current=1778677.3901661253 won=0 mode=1 camera_scale=1 keep_scale=0
ATTR_RADIUS o=269 raw_norm=53271.143527176398 norm=66.743400002275877 radius=2163.5778196934152 next_radius=2163.5778196934152 lambda=2.4938445141384868e-07 next_lambda=2.4938445141384868e-07 rho=1.0248933790987791 accept=1
CLASSICAL_LM o=269 lambda=2.4938445141384868e-07 tau=2.4938445141384868e-07 prediction=1.2932247901732588 rho=1.0248933790987791 accept=1
  MFCG it 270 cost=1.778676e+06 lam=2.494e-07 tau=0.00e+00 cg_it=1 shift=0 ckpt=2 alpha=0 acc mv=751
PCG_PREP o=270 rebuild=1 drift=0 previous_depth=2
E2_CAP o=270 retry=0 touched=139 ncam=3068 raw=53285.112793475957 capped=84.944232705791322 radius=2163.5778196934152 median=0.20313955121416011 global_scale=1
ATTR_RADIUS o=270 raw_norm=53285.112793475935 norm=84.944232705791379 radius=2163.5778196934152 next_radius=2163.5778196934152 lambda=2.4938445141384868e-07 next_lambda=2.4938445141384868e-07 rho=1.0190423496519494 accept=1
CLASSICAL_LM o=270 lambda=2.4938445141384868e-07 tau=2.4938445141384868e-07 prediction=12.72018835679518 rho=1.0190423496519494 accept=1
  MFCG it 271 cost=1.778663e+06 lam=2.494e-07 tau=0.00e+00 cg_it=1 shift=0 ckpt=2 alpha=0 acc mv=754
PCG_PREP o=271 rebuild=1 drift=0 previous_depth=2
E2_CAP o=271 retry=0 touched=245 ncam=3068 raw=46412.531960577326 capped=87.637859456212681 radius=2163.5778196934152 median=0.16383688098903187 global_scale=1
ATTR_RADIUS o=271 raw_norm=46412.531960577369 norm=87.637859456212539 radius=2163.5778196934152 next_radius=2163.5778196934152 lambda=2.4938445141384868e-07 next_lambda=2.4938445141384868e-07 rho=1.0003243122071934 accept=1
CLASSICAL_LM o=271 lambda=2.4938445141384868e-07 tau=2.4938445141384868e-07 prediction=164.8642582175643 rho=1.0003243122071934 accept=1
  MFCG it 272 cost=1.778498e+06 lam=2.494e-07 tau=0.00e+00 cg_it=0 shift=0 ckpt=1 alpha=0 acc mv=756
PCG_PREP o=272 rebuild=1 drift=0 previous_depth=1
E2_CAP o=272 retry=0 touched=132 ncam=3068 raw=53296.425008468315 capped=132.70739118779176 radius=2163.5778196934152 median=0.29169918472685141 global_scale=1
POINT_SAFE o=272 frozen=179 slope=-25.465495426505761 candidate=1778520.7939282591 original=1778497.4721112531 current=1778498.18461226 won=0 mode=1 camera_scale=1 keep_scale=0
ATTR_RADIUS o=272 raw_norm=53296.425008468344 norm=66.353695593895907 radius=2163.5778196934152 next_radius=2163.5778196934152 lambda=2.4938445141384868e-07 next_lambda=2.4938445141384868e-07 rho=1.0482415640147895 accept=1
CLASSICAL_LM o=272 lambda=2.4938445141384868e-07 tau=2.4938445141384868e-07 prediction=0.67971069966974618 rho=1.0482415640147895 accept=1
  MFCG it 273 cost=1.778497e+06 lam=2.494e-07 tau=0.00e+00 cg_it=1 shift=0 ckpt=2 alpha=0 acc mv=759
PCG_PREP o=273 rebuild=1 drift=0 previous_depth=2
E2_CAP o=273 retry=0 touched=139 ncam=3068 raw=53307.391849591186 capped=84.530910890209583 radius=2163.5778196934152 median=0.20249781528800503 global_scale=1
ATTR_RADIUS o=273 raw_norm=53307.391849591193 norm=84.530910890209569 radius=2163.5778196934152 next_radius=2163.5778196934152 lambda=2.4938445141384868e-07 next_lambda=2.4938445141384868e-07 rho=1.019701153811619 accept=1
CLASSICAL_LM o=273 lambda=2.4938445141384868e-07 tau=2.4938445141384868e-07 prediction=11.716321117711525 rho=1.019701153811619 accept=1
  MFCG it 274 cost=1.778486e+06 lam=2.494e-07 tau=0.00e+00 cg_it=1 shift=0 ckpt=2 alpha=0 acc mv=762
PCG_PREP o=274 rebuild=1 drift=0 previous_depth=2
E2_CAP o=274 retry=0 touched=245 ncam=3068 raw=46397.532055027237 capped=86.991113810931338 radius=2163.5778196934152 median=0.16223815551585058 global_scale=1
ATTR_RADIUS o=274 raw_norm=46397.532055027223 norm=86.991113810931509 radius=2163.5778196934152 next_radius=2163.5778196934152 lambda=2.4938445141384868e-07 next_lambda=2.4938445141384868e-07 rho=1.000346005452506 accept=1
CLASSICAL_LM o=274 lambda=2.4938445141384868e-07 tau=2.4938445141384868e-07 prediction=163.55026651337613 rho=1.000346005452506 accept=1
  MFCG it 275 cost=1.778322e+06 lam=2.494e-07 tau=0.00e+00 cg_it=0 shift=0 ckpt=1 alpha=0 acc mv=764
PCG_PREP o=275 rebuild=1 drift=0 previous_depth=1
E2_CAP o=275 retry=0 touched=133 ncam=3068 raw=53368.456618858123 capped=132.02219391829098 radius=2163.5778196934152 median=0.29026336892820714 global_scale=1
POINT_SAFE o=275 frozen=184 slope=-24.479121553692529 candidate=1778345.0836832081 original=1778321.5919477954 current=1778321.9181092936 won=0 mode=1 camera_scale=1 keep_scale=0
ATTR_RADIUS o=275 raw_norm=53368.456618858094 norm=66.01109695914559 radius=2163.5778196934152 next_radius=2163.5778196934152 lambda=2.4938445141384868e-07 next_lambda=2.4938445141384868e-07 rho=1.1281815823275949 accept=1
CLASSICAL_LM o=275 lambda=2.4938445141384868e-07 tau=2.4938445141384868e-07 prediction=0.28910372524514827 rho=1.1281815823275949 accept=1
  MFCG it 276 cost=1.778322e+06 lam=2.494e-07 tau=0.00e+00 cg_it=1 shift=0 ckpt=2 alpha=0 acc mv=767
PCG_PREP o=276 rebuild=1 drift=0 previous_depth=2
E2_CAP o=276 retry=0 touched=138 ncam=3068 raw=53302.465324526507 capped=84.13297179610737 radius=2163.5778196934152 median=0.2018704328600156 global_scale=1
ATTR_RADIUS o=276 raw_norm=53302.465324526544 norm=84.132971796107483 radius=2163.5778196934152 next_radius=2163.5778196934152 lambda=2.4938445141384868e-07 next_lambda=2.4938445141384868e-07 rho=1.0292976305627173 accept=1
CLASSICAL_LM o=276 lambda=2.4938445141384868e-07 tau=2.4938445141384868e-07 prediction=11.155246926194749 rho=1.0292976305627173 accept=1
  MFCG it 277 cost=1.778310e+06 lam=2.494e-07 tau=0.00e+00 cg_it=1 shift=0 ckpt=2 alpha=0 acc mv=770
PCG_PREP o=277 rebuild=1 drift=0 previous_depth=2
E2_CAP o=277 retry=0 touched=245 ncam=3068 raw=46389.701938680126 capped=86.588114160556927 radius=2163.5778196934152 median=0.16152525822691183 global_scale=1
ATTR_RADIUS o=277 raw_norm=46389.701938680104 norm=86.588114160556842 radius=2163.5778196934152 next_radius=2163.5778196934152 lambda=2.4938445141384868e-07 next_lambda=2.4938445141384868e-07 rho=0.99694815216444088 accept=1
CLASSICAL_LM o=277 lambda=2.4938445141384868e-07 tau=2.4938445141384868e-07 prediction=163.05439137550553 rho=0.99694815216444088 accept=1
  MFCG it 278 cost=1.778148e+06 lam=2.494e-07 tau=0.00e+00 cg_it=0 shift=0 ckpt=1 alpha=0 acc mv=772
PCG_PREP o=278 rebuild=1 drift=0 previous_depth=1
E2_CAP o=278 retry=0 touched=131 ncam=3068 raw=53298.79884478404 capped=130.98119843291818 radius=2163.5778196934152 median=0.28839071105656727 global_scale=1
POINT_SAFE o=278 frozen=185 slope=-23.551113025863899 candidate=1778171.8102241731 original=1778144.682227798 current=1778147.5531043818 won=0 mode=1 camera_scale=1 keep_scale=0
ATTR_RADIUS o=278 raw_norm=53298.798844784113 norm=32.745299608229523 radius=2163.5778196934152 next_radius=2163.5778196934152 lambda=2.4938445141384868e-07 next_lambda=2.4938445141384868e-07 rho=0.98725663055345436 accept=1
CLASSICAL_LM o=278 lambda=2.4938445141384868e-07 tau=2.4938445141384868e-07 prediction=2.9079334540675421 rho=0.98725663055345436 accept=1
  MFCG it 279 cost=1.778145e+06 lam=2.494e-07 tau=0.00e+00 cg_it=1 shift=0 ckpt=2 alpha=0 acc mv=775
PCG_PREP o=279 rebuild=1 drift=0 previous_depth=2
E2_CAP o=279 retry=0 touched=129 ncam=3068 raw=53320.649128675941 capped=104.67742745797652 radius=2163.5778196934152 median=0.24162939709469239 global_scale=1
POINT_SAFE o=279 frozen=136 slope=-13.662355183194643 candidate=1778154.8486600691 original=1778143.8272769544 current=1778144.682227798 won=0 mode=1 camera_scale=1 keep_scale=0
ATTR_RADIUS o=279 raw_norm=53320.649128675941 norm=52.338713728988374 radius=2163.5778196934152 next_radius=2163.5778196934152 lambda=2.4938445141384868e-07 next_lambda=2.4938445141384868e-07 rho=1.0066181452177916 accept=1
CLASSICAL_LM o=279 lambda=2.4938445141384868e-07 tau=2.4938445141384868e-07 prediction=0.84932985529160643 rho=1.0066181452177916 accept=1
  MFCG it 280 cost=1.778144e+06 lam=2.494e-07 tau=0.00e+00 cg_it=1 shift=0 ckpt=2 alpha=0 acc mv=778
PCG_PREP o=280 rebuild=1 drift=0 previous_depth=2
E2_CAP o=280 retry=0 touched=242 ncam=3068 raw=46629.186180187316 capped=60.330586619409708 radius=2163.5778196934152 median=0.11417810186211877 global_scale=1
ATTR_RADIUS o=280 raw_norm=46629.186180187302 norm=60.330586619409623 radius=2163.5778196934152 next_radius=2163.5778196934152 lambda=2.4938445141384868e-07 next_lambda=2.4938445141384868e-07 rho=1.0005119959003297 accept=1
CLASSICAL_LM o=280 lambda=2.4938445141384868e-07 tau=2.4938445141384868e-07 prediction=109.62636524641353 rho=1.0005119959003297 accept=1
  MFCG it 281 cost=1.778034e+06 lam=2.494e-07 tau=0.00e+00 cg_it=0 shift=0 ckpt=1 alpha=0 acc mv=780
PCG_PREP o=281 rebuild=1 drift=0 previous_depth=1
E2_CAP o=281 retry=0 touched=128 ncam=3068 raw=53326.693583420885 capped=125.92791876724506 radius=2163.5778196934152 median=0.27262636545230162 global_scale=1
POINT_SAFE o=281 frozen=179 slope=-10.265707164819727 candidate=1778066.282132868 original=1778033.5243354836 current=1778034.1447834584 won=0 mode=1 camera_scale=1 keep_scale=0
ATTR_RADIUS o=281 raw_norm=53326.6935834209 norm=15.740989845905636 radius=2163.5778196934152 next_radius=2163.5778196934152 lambda=2.4938445141384868e-07 next_lambda=2.4938445141384868e-07 rho=1.0019244760978359 accept=1
CLASSICAL_LM o=281 lambda=2.4938445141384868e-07 tau=2.4938445141384868e-07 prediction=0.61925623106975292 rho=1.0019244760978359 accept=1
  MFCG it 282 cost=1.778034e+06 lam=2.494e-07 tau=0.00e+00 cg_it=1 shift=0 ckpt=2 alpha=0 acc mv=783
PCG_PREP o=282 rebuild=1 drift=0 previous_depth=2
E2_CAP o=282 retry=0 touched=128 ncam=3068 raw=53295.538752579152 capped=113.09624798656507 radius=2163.5778196934152 median=0.25091117960711679 global_scale=1
POINT_SAFE o=282 frozen=140 slope=-6.055136045300328 candidate=1778058.1236060173 original=1778033.2468500158 current=1778033.5243354836 won=0 mode=1 camera_scale=1 keep_scale=0
ATTR_RADIUS o=282 raw_norm=53295.538752579145 norm=14.137030998320656 radius=2163.5778196934152 next_radius=2163.5778196934152 lambda=2.4938445141384868e-07 next_lambda=2.4938445141384868e-07 rho=1.0063260411054615 accept=1
CLASSICAL_LM o=282 lambda=2.4938445141384868e-07 tau=2.4938445141384868e-07 prediction=0.27574111807893148 rho=1.0063260411054615 accept=1
  MFCG it 283 cost=1.778033e+06 lam=2.494e-07 tau=0.00e+00 cg_it=1 shift=0 ckpt=2 alpha=0 acc mv=786
PCG_PREP o=283 rebuild=1 drift=0 previous_depth=2
E2_CAP o=283 retry=0 touched=129 ncam=3068 raw=53296.341202947508 capped=103.23592205201876 radius=2163.5778196934152 median=0.23499304269259055 global_scale=1
POINT_SAFE o=283 frozen=119 slope=-5.6881175706125351 candidate=1778049.95044435 original=1778033.2254448081 current=1778033.2468500158 won=0 mode=1 camera_scale=1 keep_scale=0
ATTR_RADIUS o=283 raw_norm=53296.341202947515 norm=25.808980513004698 radius=2163.5778196934152 next_radius=2163.5778196934152 lambda=2.4938445141384868e-07 next_lambda=2.4938445141384868e-07 rho=1.6353778275238398 accept=1
CLASSICAL_LM o=283 lambda=2.4938445141384868e-07 tau=2.4938445141384868e-07 prediction=0.013088845483568923 rho=1.6353778275238398 accept=1
  MFCG it 284 cost=1.778033e+06 lam=2.494e-07 tau=0.00e+00 cg_it=1 shift=0 ckpt=2 alpha=0 acc mv=789
PCG_PREP o=284 rebuild=1 drift=0 previous_depth=2
E2_CAP o=284 retry=0 touched=136 ncam=3068 raw=53333.331264883571 capped=87.382725751795931 radius=2163.5778196934152 median=0.20510439698167016 global_scale=1
POINT_SAFE o=284 frozen=67 slope=-9.6761843189487049 candidate=1778035.2219937926 original=1778031.3075474584 current=1778033.2254448081 won=0 mode=1 camera_scale=1 keep_scale=0
ATTR_RADIUS o=284 raw_norm=53333.331264883564 norm=43.691362875897987 radius=2163.5778196934152 next_radius=2163.5778196934152 lambda=2.4938445141384868e-07 next_lambda=2.4938445141384868e-07 rho=1.019525793582635 accept=1
CLASSICAL_LM o=284 lambda=2.4938445141384868e-07 tau=2.4938445141384868e-07 prediction=1.8811660889418249 rho=1.019525793582635 accept=1
  MFCG it 285 cost=1.778031e+06 lam=2.494e-07 tau=0.00e+00 cg_it=1 shift=0 ckpt=2 alpha=0 acc mv=792
PCG_PREP o=285 rebuild=1 drift=0 previous_depth=2
E2_CAP o=285 retry=0 touched=240 ncam=3068 raw=46574.057474315334 capped=68.635968826746421 radius=2163.5778196934152 median=0.12921965639105498 global_scale=1
ATTR_RADIUS o=285 raw_norm=46574.057474315334 norm=68.635968826746165 radius=2163.5778196934152 next_radius=2163.5778196934152 lambda=2.4938445141384868e-07 next_lambda=2.4938445141384868e-07 rho=1.0004111148847601 accept=1
CLASSICAL_LM o=285 lambda=2.4938445141384868e-07 tau=2.4938445141384868e-07 prediction=123.9088516539845 rho=1.0004111148847601 accept=1
  MFCG it 286 cost=1.777907e+06 lam=2.494e-07 tau=0.00e+00 cg_it=0 shift=0 ckpt=1 alpha=0 acc mv=794
PCG_PREP o=286 rebuild=1 drift=0 previous_depth=1
E2_CAP o=286 retry=0 touched=134 ncam=3068 raw=53288.47198021027 capped=128.88465985417906 radius=2163.5778196934152 median=0.27726044522145332 global_scale=1
POINT_SAFE o=286 frozen=181 slope=-11.639037517102022 candidate=1777941.4023495612 original=1777907.294192346 current=1777907.3477550312 won=0 mode=1 camera_scale=1 keep_scale=0
ATTR_RADIUS o=286 raw_norm=53288.471980210306 norm=32.221164963544688 radius=2163.5778196934152 next_radius=2163.5778196934152 lambda=2.4938445141384868e-07 next_lambda=2.4938445141384868e-07 rho=1.0557295899450192 accept=1
CLASSICAL_LM o=286 lambda=2.4938445141384868e-07 tau=2.4938445141384868e-07 prediction=0.050735231501449096 rho=1.0557295899450192 accept=1
  MFCG it 287 cost=1.777907e+06 lam=2.494e-07 tau=0.00e+00 cg_it=1 shift=0 ckpt=2 alpha=0 acc mv=797
PCG_PREP o=287 rebuild=1 drift=0 previous_depth=2
E2_CAP o=287 retry=0 touched=130 ncam=3068 raw=53279.509111120089 capped=102.57058162445192 radius=2163.5778196934152 median=0.23210631717522601 global_scale=1
POINT_SAFE o=287 frozen=114 slope=-4.9084615541807848 candidate=1777925.1368074068 original=1777907.036469907 current=1777907.294192346 won=0 mode=1 camera_scale=1 keep_scale=0
ATTR_RADIUS o=287 raw_norm=53279.509111120104 norm=12.821322703056529 radius=2163.5778196934152 next_radius=2163.5778196934152 lambda=2.4938445141384868e-07 next_lambda=2.4938445141384868e-07 rho=1.0071256162592817 accept=1
CLASSICAL_LM o=287 lambda=2.4938445141384868e-07 tau=2.4938445141384868e-07 prediction=0.25589900092979956 rho=1.0071256162592817 accept=1
  MFCG it 288 cost=1.777907e+06 lam=2.494e-07 tau=0.00e+00 cg_it=1 shift=0 ckpt=2 alpha=0 acc mv=800
PCG_PREP o=288 rebuild=1 drift=0 previous_depth=2
E2_CAP o=288 retry=0 touched=131 ncam=3068 raw=53284.367033113347 capped=94.938135531414432 radius=2163.5778196934152 median=0.21915443968770415 global_scale=1
POINT_SAFE o=288 frozen=91 slope=-6.3155965175537796 candidate=1777917.6396840555 original=1777906.5156886869 current=1777907.036469907 won=0 mode=1 camera_scale=1 keep_scale=0
ATTR_RADIUS o=288 raw_norm=53284.367033113311 norm=23.734533882853622 radius=2163.5778196934152 next_radius=2163.5778196934152 lambda=2.4938445141384868e-07 next_lambda=2.4938445141384868e-07 rho=1.0155587931484622 accept=1
CLASSICAL_LM o=288 lambda=2.4938445141384868e-07 tau=2.4938445141384868e-07 prediction=0.51280263012168725 rho=1.0155587931484622 accept=1
  MFCG it 289 cost=1.777907e+06 lam=2.494e-07 tau=0.00e+00 cg_it=1 shift=0 ckpt=2 alpha=0 acc mv=803
PCG_PREP o=289 rebuild=1 drift=0 previous_depth=2
E2_CAP o=289 retry=0 touched=136 ncam=3068 raw=53291.218196072441 capped=83.009135246059301 radius=2163.5778196934152 median=0.19722186289839108 global_scale=1
ATTR_RADIUS o=289 raw_norm=53291.218196072383 norm=83.009135246059515 radius=2163.5778196934152 next_radius=2163.5778196934152 lambda=2.4938445141384868e-07 next_lambda=2.4938445141384868e-07 rho=1.0448162437920512 accept=1
CLASSICAL_LM o=289 lambda=2.4938445141384868e-07 tau=2.4938445141384868e-07 prediction=3.0424564514212076 rho=1.0448162437920512 accept=1
  MFCG it 290 cost=1.777903e+06 lam=2.494e-07 tau=0.00e+00 cg_it=1 shift=0 ckpt=2 alpha=0 acc mv=806
PCG_PREP o=290 rebuild=1 drift=0 previous_depth=2
E2_CAP o=290 retry=0 touched=244 ncam=3068 raw=46365.778661417025 capped=87.964397894878701 radius=2163.5778196934152 median=0.16402190480852188 global_scale=1
ATTR_RADIUS o=290 raw_norm=46365.778661417062 norm=87.964397894878942 radius=2163.5778196934152 next_radius=2163.5778196934152 lambda=2.4938445141384868e-07 next_lambda=2.4938445141384868e-07 rho=1.0001349917467333 accept=1
CLASSICAL_LM o=290 lambda=2.4938445141384868e-07 tau=2.4938445141384868e-07 prediction=164.13894515440865 rho=1.0001349917467333 accept=1
  MFCG it 291 cost=1.777739e+06 lam=2.494e-07 tau=0.00e+00 cg_it=0 shift=0 ckpt=1 alpha=0 acc mv=808
PCG_PREP o=291 rebuild=1 drift=0 previous_depth=1
E2_CAP o=291 retry=0 touched=131 ncam=3068 raw=53274.566106186372 capped=129.02254948634589 radius=2163.5778196934152 median=0.28266124919926616 global_scale=1
POINT_SAFE o=291 frozen=199 slope=-18.260909372779935 candidate=1777768.4179172199 original=1777737.5786654344 current=1777739.1757782081 won=0 mode=1 camera_scale=1 keep_scale=0
ATTR_RADIUS o=291 raw_norm=53274.566106186423 norm=32.255637371586488 radius=2163.5778196934152 next_radius=2163.5778196934152 lambda=2.4938445141384868e-07 next_lambda=2.4938445141384868e-07 rho=1.0005320565795763 accept=1
CLASSICAL_LM o=291 lambda=2.4938445141384868e-07 tau=2.4938445141384868e-07 prediction=1.5962634712021941 rho=1.0005320565795763 accept=1
  MFCG it 292 cost=1.777738e+06 lam=2.494e-07 tau=0.00e+00 cg_it=1 shift=0 ckpt=2 alpha=0 acc mv=811
PCG_PREP o=292 rebuild=1 drift=0 previous_depth=2
E2_CAP o=292 retry=0 touched=127 ncam=3068 raw=53264.394852710029 capped=103.07702531926823 radius=2163.5778196934152 median=0.2374936035494159 global_scale=1
POINT_SAFE o=292 frozen=138 slope=-9.2460298491309025 candidate=1777752.0887653902 original=1777736.7523268487 current=1777737.5786654344 won=0 mode=1 camera_scale=1 keep_scale=0
ATTR_RADIUS o=292 raw_norm=53264.394852710037 norm=25.769256329817036 radius=2163.5778196934152 next_radius=2163.5778196934152 lambda=2.4938445141384868e-07 next_lambda=2.4938445141384868e-07 rho=1.0076842267307589 accept=1
CLASSICAL_LM o=292 lambda=2.4938445141384868e-07 tau=2.4938445141384868e-07 prediction=0.82003723366780945 rho=1.0076842267307589 accept=1
  MFCG it 293 cost=1.777737e+06 lam=2.494e-07 tau=0.00e+00 cg_it=1 shift=0 ckpt=2 alpha=0 acc mv=814
PCG_PREP o=293 rebuild=1 drift=0 previous_depth=2
E2_CAP o=293 retry=0 touched=132 ncam=3068 raw=53266.618133941556 capped=87.565074306823021 radius=2163.5778196934152 median=0.20857598194544347 global_scale=1
POINT_SAFE o=293 frozen=86 slope=-11.72022537199417 candidate=1777737.6487123112 original=1777734.0470708497 current=1777736.7523268487 won=0 mode=1 camera_scale=1 keep_scale=0
ATTR_RADIUS o=293 raw_norm=53266.618133941476 norm=43.782537153411461 radius=2163.5778196934152 next_radius=2163.5778196934152 lambda=2.4938445141384868e-07 next_lambda=2.4938445141384868e-07 rho=1.0112566821252851 accept=1
CLASSICAL_LM o=293 lambda=2.4938445141384868e-07 tau=2.4938445141384868e-07 prediction=2.6751427672265926 rho=1.0112566821252851 accept=1
  MFCG it 294 cost=1.777734e+06 lam=2.494e-07 tau=0.00e+00 cg_it=1 shift=0 ckpt=2 alpha=0 acc mv=817
PCG_PREP o=294 rebuild=1 drift=0 previous_depth=2
E2_CAP o=294 retry=0 touched=242 ncam=3068 raw=46548.637580938666 capped=65.7107385493739 radius=2163.5778196934152 median=0.12412557038974364 global_scale=1
ATTR_RADIUS o=294 raw_norm=46548.637580938608 norm=65.710738549373886 radius=2163.5778196934152 next_radius=2163.5778196934152 lambda=2.4938445141384868e-07 next_lambda=2.4938445141384868e-07 rho=1.0002957210163381 accept=1
CLASSICAL_LM o=294 lambda=2.4938445141384868e-07 tau=2.4938445141384868e-07 prediction=119.14330186331523 rho=1.0002957210163381 accept=1
  MFCG it 295 cost=1.777615e+06 lam=2.494e-07 tau=0.00e+00 cg_it=0 shift=0 ckpt=1 alpha=0 acc mv=819
PCG_PREP o=295 rebuild=1 drift=0 previous_depth=1
E2_CAP o=295 retry=0 touched=130 ncam=3068 raw=53249.766609472899 capped=125.29803304693255 radius=2163.5778196934152 median=0.27136802248903114 global_scale=1
POINT_SAFE o=295 frozen=177 slope=-8.8879207828519728 candidate=1777649.3231453036 original=1777614.4359475118 current=1777614.8685358081 won=0 mode=1 camera_scale=1 keep_scale=0
ATTR_RADIUS o=295 raw_norm=53249.766609472827 norm=15.662254130866538 radius=2163.5778196934152 next_radius=2163.5778196934152 lambda=2.4938445141384868e-07 next_lambda=2.4938445141384868e-07 rho=0.99787551614037939 accept=1
CLASSICAL_LM o=295 lambda=2.4938445141384868e-07 tau=2.4938445141384868e-07 prediction=0.43350927971166409 rho=0.99787551614037939 accept=1
  MFCG it 296 cost=1.777614e+06 lam=2.494e-07 tau=0.00e+00 cg_it=1 shift=0 ckpt=2 alpha=0 acc mv=822
PCG_PREP o=296 rebuild=1 drift=0 previous_depth=2
E2_CAP o=296 retry=0 touched=128 ncam=3068 raw=53259.019745700418 capped=111.62550639026288 radius=2163.5778196934152 median=0.24649485851733932 global_scale=1
POINT_SAFE o=296 frozen=142 slope=-3.8650868344663807 candidate=1777641.9071276705 original=1777614.3185590501 current=1777614.4359475118 won=0 mode=1 camera_scale=1 keep_scale=0
ATTR_RADIUS o=296 raw_norm=53259.019745700367 norm=6.9765941493914223 radius=2163.5778196934152 next_radius=2163.5778196934152 lambda=2.4938445141384868e-07 next_lambda=2.4938445141384868e-07 rho=0.98725955188817194 accept=1
CLASSICAL_LM o=296 lambda=2.4938445141384868e-07 tau=2.4938445141384868e-07 prediction=0.11890334359587927 rho=0.98725955188817194 accept=1
  MFCG it 297 cost=1.777614e+06 lam=2.494e-07 tau=0.00e+00 cg_it=1 shift=0 ckpt=2 alpha=0 acc mv=825
PCG_PREP o=297 rebuild=1 drift=0 previous_depth=2
E2_CAP o=297 retry=0 touched=127 ncam=3068 raw=53254.964285253598 capped=106.62706592338733 radius=2163.5778196934152 median=0.23851145043755195 global_scale=1
POINT_SAFE o=297 frozen=134 slope=-3.1778060737479175 candidate=1777638.0762687877 original=1777614.2278244558 current=1777614.3185590501 won=0 mode=1 camera_scale=1 keep_scale=0
ATTR_RADIUS o=297 raw_norm=53254.964285253591 norm=6.664191620211704 radius=2163.5778196934152 next_radius=2163.5778196934152 lambda=2.4938445141384868e-07 next_lambda=2.4938445141384868e-07 rho=0.97492022139184353 accept=1
CLASSICAL_LM o=297 lambda=2.4938445141384868e-07 tau=2.4938445141384868e-07 prediction=0.093068737603151985 rho=0.97492022139184353 accept=1
  MFCG it 298 cost=1.777614e+06 lam=2.494e-07 tau=0.00e+00 cg_it=1 shift=0 ckpt=2 alpha=0 acc mv=828
PCG_PREP o=298 rebuild=1 drift=0 previous_depth=2
E2_CAP o=298 retry=0 touched=128 ncam=3068 raw=53254.491757574688 capped=102.43947391908729 radius=2163.5778196934152 median=0.23260760938069133 global_scale=1
POINT_SAFE o=298 frozen=120 slope=-3.3990421298079792 candidate=1777634.0378570403 original=1777614.1657872607 current=1777614.2278244558 won=0 mode=1 camera_scale=1 keep_scale=0
ATTR_RADIUS o=298 raw_norm=53254.491757574651 norm=12.80493423988592 radius=2163.5778196934152 next_radius=2163.5778196934152 lambda=2.4938445141384868e-07 next_lambda=2.4938445141384868e-07 rho=1.0227267331846159 accept=1
CLASSICAL_LM o=298 lambda=2.4938445141384868e-07 tau=2.4938445141384868e-07 prediction=0.06065862274456657 rho=1.0227267331846159 accept=1
  MFCG it 299 cost=1.777614e+06 lam=2.494e-07 tau=0.00e+00 cg_it=1 shift=0 ckpt=2 alpha=0 acc mv=831
PCG_PREP o=299 rebuild=1 drift=0 previous_depth=2
E2_CAP o=299 retry=0 touched=131 ncam=3068 raw=53272.491789580446 capped=94.005696608597631 radius=2163.5778196934152 median=0.21729939649068647 global_scale=1
POINT_SAFE o=299 frozen=95 slope=-4.3204803629956938 candidate=1777626.9761761101 original=1777614.1567312963 current=1777614.1657872607 won=0 mode=1 camera_scale=1 keep_scale=0
ATTR_RADIUS o=299 raw_norm=53272.491789580432 norm=23.501424152149443 radius=2163.5778196934152 next_radius=2163.5778196934152 lambda=2.4938445141384868e-07 next_lambda=2.4938445141384868e-07 rho=3.1697243805596926 accept=1
CLASSICAL_LM o=299 lambda=2.4938445141384868e-07 tau=2.4938445141384868e-07 prediction=0.0028570195160924072 rho=3.1697243805596926 accept=1
  MFCG it 300 cost=1.777614e+06 lam=2.494e-07 tau=0.00e+00 cg_it=1 shift=0 ckpt=2 alpha=0 acc mv=834
PCG_PREP o=300 rebuild=1 drift=0 previous_depth=2
E2_CAP o=300 retry=0 touched=137 ncam=3068 raw=53265.367494616155 capped=81.04964442647109 radius=2163.5778196934152 median=0.19243883949556512 global_scale=1
ATTR_RADIUS o=300 raw_norm=53265.367494616119 norm=81.049644426471019 radius=2163.5778196934152 next_radius=2163.5778196934152 lambda=2.4938445141384868e-07 next_lambda=2.4938445141384868e-07 rho=1.1949814987443856 accept=1
CLASSICAL_LM o=300 lambda=2.4938445141384868e-07 tau=2.4938445141384868e-07 prediction=0.54670450203402865 rho=1.1949814987443856 accept=1
  MFCG it 301 cost=1.777614e+06 lam=2.494e-07 tau=0.00e+00 cg_it=1 shift=0 ckpt=2 alpha=0 acc mv=837
PCG_PREP o=301 rebuild=1 drift=0 previous_depth=2
E2_CAP o=301 retry=0 touched=246 ncam=3068 raw=46340.915941156403 capped=88.654135620778931 radius=2163.5778196934152 median=0.16490985383155587 global_scale=1
ATTR_RADIUS o=301 raw_norm=46340.915941156411 norm=88.654135620779059 radius=2163.5778196934152 next_radius=2163.5778196934152 lambda=2.4938445141384868e-07 next_lambda=2.4938445141384868e-07 rho=0.99994397680495462 accept=1
CLASSICAL_LM o=301 lambda=2.4938445141384868e-07 tau=2.4938445141384868e-07 prediction=164.30880039802696 rho=0.99994397680495462 accept=1
  MFCG it 302 cost=1.777449e+06 lam=2.494e-07 tau=0.00e+00 cg_it=0 shift=0 ckpt=1 alpha=0 acc mv=839
PCG_PREP o=302 rebuild=1 drift=0 previous_depth=1
E2_CAP o=302 retry=0 touched=131 ncam=3068 raw=53214.014085178424 capped=128.10233367215679 radius=2163.5778196934152 median=0.279485072793345 global_scale=1
POINT_SAFE o=302 frozen=199 slope=-15.294562263139625 candidate=1777481.5146471648 original=1777448.3542392906 current=1777449.2038342371 won=0 mode=1 camera_scale=1 keep_scale=0
ATTR_RADIUS o=302 raw_norm=53214.014085178453 norm=32.025583418039169 radius=2163.5778196934152 next_radius=2163.5778196934152 lambda=2.4938445141384868e-07 next_lambda=2.4938445141384868e-07 rho=1.0002260303523696 accept=1
CLASSICAL_LM o=302 lambda=2.4938445141384868e-07 tau=2.4938445141384868e-07 prediction=0.84940295563564661 rho=1.0002260303523696 accept=1
  MFCG it 303 cost=1.777448e+06 lam=2.494e-07 tau=0.00e+00 cg_it=1 shift=0 ckpt=2 alpha=0 acc mv=842
PCG_PREP o=303 rebuild=1 drift=0 previous_depth=2
E2_CAP o=303 retry=0 touched=127 ncam=3068 raw=53226.713661852205 capped=102.1504664671188 radius=2163.5778196934152 median=0.23476013008645813 global_scale=1
POINT_SAFE o=303 frozen=130 slope=-6.6410588522860881 candidate=1777465.510558415 original=1777448.1813890927 current=1777448.3542392906 won=0 mode=1 camera_scale=1 keep_scale=0
ATTR_RADIUS o=303 raw_norm=53226.713661852162 norm=25.537616616779644 radius=2163.5778196934152 next_radius=2163.5778196934152 lambda=2.4938445141384868e-07 next_lambda=2.4938445141384868e-07 rho=1.0302045116194043 accept=1
CLASSICAL_LM o=303 lambda=2.4938445141384868e-07 tau=2.4938445141384868e-07 prediction=0.167782412064853 rho=1.0302045116194043 accept=1
  MFCG it 304 cost=1.777448e+06 lam=2.494e-07 tau=0.00e+00 cg_it=1 shift=0 ckpt=2 alpha=0 acc mv=845
PCG_PREP o=304 rebuild=1 drift=0 previous_depth=2
E2_CAP o=304 retry=0 touched=132 ncam=3068 raw=53240.379273673978 capped=86.533984795090248 radius=2163.5778196934152 median=0.2058323473808239 global_scale=1
POINT_SAFE o=304 frozen=85 slope=-9.3216200414526345 candidate=1777451.4866528101 original=1777446.6779193345 current=1777448.1813890927 won=0 mode=1 camera_scale=1 keep_scale=0
ATTR_RADIUS o=304 raw_norm=53240.379273673949 norm=43.266992397545074 radius=2163.5778196934152 next_radius=2163.5778196934152 lambda=2.4938445141384868e-07 next_lambda=2.4938445141384868e-07 rho=1.0166875053744824 accept=1
CLASSICAL_LM o=304 lambda=2.4938445141384868e-07 tau=2.4938445141384868e-07 prediction=1.4787924020445287 rho=1.0166875053744824 accept=1
  MFCG it 305 cost=1.777447e+06 lam=2.494e-07 tau=0.00e+00 cg_it=1 shift=0 ckpt=2 alpha=0 acc mv=848
PCG_PREP o=305 rebuild=1 drift=0 previous_depth=2
E2_CAP o=305 retry=0 touched=243 ncam=3068 raw=46532.296881655166 capped=65.422143122790047 radius=2163.5778196934152 median=0.12337114511972626 global_scale=1
ATTR_RADIUS o=305 raw_norm=46532.296881655129 norm=65.422143122790104 radius=2163.5778196934152 next_radius=2163.5778196934152 lambda=2.4938445141384868e-07 next_lambda=2.4938445141384868e-07 rho=1.0001148184348467 accept=1
CLASSICAL_LM o=305 lambda=2.4938445141384868e-07 tau=2.4938445141384868e-07 prediction=117.94048478909389 rho=1.0001148184348467 accept=1
  MFCG it 306 cost=1.777329e+06 lam=2.494e-07 tau=0.00e+00 cg_it=0 shift=0 ckpt=1 alpha=0 acc mv=850
PCG_PREP o=306 rebuild=1 drift=0 previous_depth=1
E2_CAP o=306 retry=0 touched=132 ncam=3068 raw=53217.945913947602 capped=123.83237675004503 radius=2163.5778196934152 median=0.26641984571042765 global_scale=1
POINT_SAFE o=306 frozen=176 slope=-6.0240544049134934 candidate=1777365.7634092662 original=1777328.6452238471 current=1777328.7238928035 won=0 mode=1 camera_scale=1 keep_scale=0
ATTR_RADIUS o=306 raw_norm=53217.945913947631 norm=15.479047093755621 radius=2163.5778196934152 next_radius=2163.5778196934152 lambda=2.4938445141384868e-07 next_lambda=2.4938445141384868e-07 rho=0.982942330804361 accept=1
CLASSICAL_LM o=306 lambda=2.4938445141384868e-07 tau=2.4938445141384868e-07 prediction=0.080034152509869116 rho=0.982942330804361 accept=1
  MFCG it 307 cost=1.777329e+06 lam=2.494e-07 tau=0.00e+00 cg_it=1 shift=0 ckpt=2 alpha=0 acc mv=853
PCG_PREP o=307 rebuild=1 drift=0 previous_depth=2
E2_CAP o=307 retry=0 touched=127 ncam=3068 raw=53231.650670578347 capped=110.91535155004279 radius=2163.5778196934152 median=0.24507119349884723 global_scale=1
POINT_SAFE o=307 frozen=143 slope=-1.753494360300262 candidate=1777358.0227523323 original=1777328.6218607777 current=1777328.6452238471 won=0 mode=1 camera_scale=1 keep_scale=0
ATTR_RADIUS o=307 raw_norm=53231.650670578361 norm=3.4661047359388455 radius=2163.5778196934152 next_radius=2163.5778196934152 lambda=2.4938445141384868e-07 next_lambda=2.4938445141384868e-07 rho=0.95916625174154657 accept=1
CLASSICAL_LM o=307 lambda=2.4938445141384868e-07 tau=2.4938445141384868e-07 prediction=0.02435768497474616 rho=0.95916625174154657 accept=1
  MFCG it 308 cost=1.777329e+06 lam=2.494e-07 tau=0.00e+00 cg_it=1 shift=0 ckpt=2 alpha=0 acc mv=856
PCG_PREP o=308 rebuild=1 drift=0 previous_depth=2
E2_CAP o=308 retry=0 touched=128 ncam=3068 raw=53224.437880143261 capped=108.06413328036675 radius=2163.5778196934152 median=0.2396816755949891 global_scale=1
POINT_SAFE o=308 frozen=129 slope=-1.134586130159547 candidate=1777356.3840373221 original=1777328.6161539785 current=1777328.6218607777 won=0 mode=1 camera_scale=1 keep_scale=0
ATTR_RADIUS o=308 raw_norm=53224.437880143232 norm=3.3770041650114724 radius=2163.5778196934152 next_radius=2163.5778196934152 lambda=2.4938445141384868e-07 next_lambda=2.4938445141384868e-07 rho=0.7940426569731871 accept=1
CLASSICAL_LM o=308 lambda=2.4938445141384868e-07 tau=2.4938445141384868e-07 prediction=0.0071870184384328038 rho=0.7940426569731871 accept=1
  MFCG it 309 cost=1.777329e+06 lam=2.494e-07 tau=0.00e+00 cg_it=1 shift=0 ckpt=2 alpha=0 acc mv=859
PCG_PREP o=309 rebuild=1 drift=0 previous_depth=2
E2_CAP o=309 retry=0 touched=127 ncam=3068 raw=53263.741330816076 capped=105.35483154841398 radius=2163.5778196934152 median=0.23473827148939577 global_scale=1
POINT_SAFE o=309 frozen=130 slope=-0.76835174730473732 candidate=1777354.6829204792 original=1777328.6116071183 current=1777328.6161539785 won=0 mode=1 camera_scale=1 keep_scale=0
ATTR_RADIUS o=309 raw_norm=53263.741330816076 norm=1.6461692429439665 radius=2163.5778196934152 next_radius=2163.5778196934152 lambda=2.4938445141384868e-07 next_lambda=2.4938445141384868e-07 rho=0.83564959542659667 accept=1
CLASSICAL_LM o=309 lambda=2.4938445141384868e-07 tau=2.4938445141384868e-07 prediction=0.0054411086391157742 rho=0.83564959542659667 accept=1
  MFCG it 310 cost=1.777329e+06 lam=2.494e-07 tau=0.00e+00 cg_it=1 shift=0 ckpt=2 alpha=0 acc mv=862
PCG_PREP o=310 rebuild=1 drift=0 previous_depth=2
E2_CAP o=310 retry=0 touched=127 ncam=3068 raw=53208.116472798079 capped=104.40540341290885 radius=2163.5778196934152 median=0.23371858748325666 global_scale=1
POINT_SAFE o=310 frozen=127 slope=-0.85234096857568731 candidate=1777353.6388549998 original=1777328.6058815639 current=1777328.6116071183 won=0 mode=1 camera_scale=1 keep_scale=0
ATTR_RADIUS o=310 raw_norm=53208.116472798101 norm=1.6313344283266973 radius=2163.5778196934152 next_radius=2163.5778196934152 lambda=2.4938445141384868e-07 next_lambda=2.4938445141384868e-07 rho=0.81969449912152592 accept=1
CLASSICAL_LM o=310 lambda=2.4938445141384868e-07 tau=2.4938445141384868e-07 prediction=0.0069849857837802369 rho=0.81969449912152592 accept=1
  MFCG it 311 cost=1.777329e+06 lam=2.494e-07 tau=0.00e+00 cg_it=1 shift=0 ckpt=2 alpha=0 acc mv=865
PCG_PREP o=311 rebuild=1 drift=0 previous_depth=2
E2_CAP o=311 retry=0 touched=127 ncam=3068 raw=53213.214705620609 capped=103.38537764096648 radius=2163.5778196934152 median=0.23231032666545279 global_scale=1
POINT_SAFE o=311 frozen=125 slope=-0.91008058154835225 candidate=1777352.6544617056 original=1777328.6040126951 current=1777328.6058815639 won=0 mode=1 camera_scale=1 keep_scale=0
ATTR_RADIUS o=311 raw_norm=53213.214705620587 norm=3.2307930512802132 radius=2163.5778196934152 next_radius=2163.5778196934152 lambda=2.4938445141384868e-07 next_lambda=2.4938445141384868e-07 rho=0.46733363899635932 accept=1
CLASSICAL_LM o=311 lambda=2.4938445141384868e-07 tau=2.4938445141384868e-07 prediction=0.0039990031882776236 rho=0.46733363899635932 accept=1
  MFCG it 312 cost=1.777329e+06 lam=2.494e-07 tau=0.00e+00 cg_it=1 shift=0 ckpt=2 alpha=0 acc mv=868
PCG_PREP o=312 rebuild=1 drift=0 previous_depth=2
E2_CAP o=312 retry=0 touched=127 ncam=3068 raw=53240.636381591816 capped=101.41578360178443 radius=2163.5778196934152 median=0.22954097635779783 global_scale=1
POINT_SAFE o=312 frozen=123 slope=-1.0872920352644078 candidate=1777350.7241248905 original=1777328.5941834603 current=1777328.6040126951 won=0 mode=1 camera_scale=1 keep_scale=0
ATTR_RADIUS o=312 raw_norm=53240.636381591838 norm=3.1692432375557553 radius=2163.5778196934152 next_radius=2163.5778196934152 lambda=2.4938445141384868e-07 next_lambda=2.4938445141384868e-07 rho=0.87449814440068763 accept=1
CLASSICAL_LM o=312 lambda=2.4938445141384868e-07 tau=2.4938445141384868e-07 prediction=0.011239857809239504 rho=0.87449814440068763 accept=1
  MFCG it 313 cost=1.777329e+06 lam=2.494e-07 tau=0.00e+00 cg_it=1 shift=0 ckpt=2 alpha=0 acc mv=871
PCG_PREP o=313 rebuild=1 drift=0 previous_depth=2
E2_CAP o=313 retry=0 touched=128 ncam=3068 raw=53228.221482132605 capped=99.361286837998776 radius=2163.5778196934152 median=0.22621198201781606 global_scale=1
POINT_SAFE o=313 frozen=112 slope=-1.2872875453631361 candidate=1777348.895340198 original=1777328.5777881776 current=1777328.5941834603 won=0 mode=1 camera_scale=1 keep_scale=0
ATTR_RADIUS o=313 raw_norm=53228.22148213262 norm=3.1050402136874671 radius=2163.5778196934152 next_radius=2163.5778196934152 lambda=2.4938445141384868e-07 next_lambda=2.4938445141384868e-07 rho=0.85982814563572796 accept=1
CLASSICAL_LM o=313 lambda=2.4938445141384868e-07 tau=2.4938445141384868e-07 prediction=0.019068092597356277 rho=0.85982814563572796 accept=1
  MFCG: converged (OCA_FTOL: 8 outers < 1.0e-05 rel)
  [menu-backtrack] confirming stop with original retry policy at outer 314
  MFCG it 314 cost=1.777329e+06 lam=2.494e-07 tau=0.00e+00 cg_it=1 shift=0 ckpt=2 alpha=0 acc mv=874
PCG_PREP o=314 rebuild=1 drift=0 previous_depth=2
E2_CAP o=314 retry=0 touched=128 ncam=3068 raw=53209.467150364471 capped=97.389905415515514 radius=2163.5778196934152 median=0.22283590079409066 global_scale=1
ATTR_RADIUS o=314 raw_norm=53209.467150364413 norm=97.389905415515457 radius=2163.5778196934152 next_radius=540.89445492335381 lambda=2.4938445141384868e-07 next_lambda=3.9901512226215788e-06 rho=-1 accept=0
CLASSICAL_LM o=314 lambda=2.4938445141384868e-07 tau=2.4938445141384868e-07 prediction=-18.654078235033751 rho=-1 accept=0
  MFCG it 315  retry 1/8  lam=3.990e-06 tau_eff=2.494e-07  (assembly reused)
PCG_PREP o=314 rebuild=1 drift=0 previous_depth=2
E2_CAP o=314 retry=1 touched=234 ncam=3068 raw=14240.194311527885 capped=37.366710717990578 radius=540.89445492335381 median=0.073087781235529087 global_scale=1
ATTR_RADIUS o=314 raw_norm=14240.194311527888 norm=37.3667107179906 radius=540.89445492335381 next_radius=540.89445492335381 lambda=3.9901512226215788e-06 next_lambda=3.9901512226215788e-07 rho=1.0002742583858719 accept=1
CLASSICAL_LM o=314 lambda=3.9901512226215788e-06 tau=3.9901512226215788e-06 prediction=69.518577358847878 rho=1.0002742583858719 accept=1
  MFCG it 315 cost=1.777259e+06 lam=3.990e-07 tau=0.00e+00 cg_it=0 shift=0 ckpt=1 alpha=0 acc mv=879
PCG_PREP o=315 rebuild=1 drift=0 previous_depth=1
E2_CAP o=315 retry=0 touched=136 ncam=3068 raw=45269.715047206191 capped=122.64180391031003 radius=540.89445492335381 median=0.26070737696222585 global_scale=1
ATTR_RADIUS o=315 raw_norm=45269.715047206184 norm=122.64180391031002 radius=540.89445492335381 next_radius=135.22361373083845 lambda=3.9901512226215788e-07 next_lambda=6.3842419561945261e-06 rho=-1 accept=0
CLASSICAL_LM o=315 lambda=3.9901512226215788e-07 tau=3.9901512226215788e-07 prediction=-35.069328153695032 rho=-1 accept=0
  MFCG it 316  retry 1/8  lam=6.384e-06 tau_eff=3.990e-07  (assembly reused)
PCG_PREP o=315 rebuild=1 drift=0 previous_depth=2
E2_CAP o=315 retry=1 touched=220 ncam=3068 raw=12168.401508479401 capped=28.983634375383776 radius=135.22361373083845 median=0.058642308440705532 global_scale=1
ATTR_RADIUS o=315 raw_norm=12168.401508479401 norm=28.983634375383822 radius=135.22361373083845 next_radius=135.22361373083845 lambda=6.3842419561945261e-06 next_lambda=6.3842419561945266e-07 rho=1.0002017305080639 accept=1
CLASSICAL_LM o=315 lambda=6.3842419561945261e-06 tau=6.3842419561945261e-06 prediction=54.393626101003385 rho=1.0002017305080639 accept=1
  MFCG it 316 cost=1.777205e+06 lam=6.384e-07 tau=0.00e+00 cg_it=0 shift=0 ckpt=1 alpha=0 acc mv=884
PCG_PREP o=316 rebuild=1 drift=0 previous_depth=1
E2_CAP o=316 retry=0 touched=177 ncam=3068 raw=38648.330611248974 capped=127.33227004243373 radius=135.22361373083845 median=0.259274452829932 global_scale=1
ATTR_RADIUS o=316 raw_norm=38648.33061124901 norm=127.33227004243379 radius=135.22361373083845 next_radius=33.805903432709613 lambda=6.3842419561945266e-07 next_lambda=1.0214787129911243e-05 rho=-1 accept=0
CLASSICAL_LM o=316 lambda=6.3842419561945266e-07 tau=6.3842419561945266e-07 prediction=-26.738290021518555 rho=-1 accept=0
  MFCG it 317  retry 1/8  lam=1.021e-05 tau_eff=6.384e-07  (assembly reused)
PCG_PREP o=316 rebuild=1 drift=0 previous_depth=2
E2_CAP o=316 retry=1 touched=211 ncam=3068 raw=10587.201663267149 capped=24.033111319119943 radius=33.805903432709613 median=0.049937589254378592 global_scale=1
ATTR_RADIUS o=316 raw_norm=10587.201663267149 norm=24.033111319119957 radius=33.805903432709613 next_radius=33.805903432709613 lambda=1.0214787129911243e-05 next_lambda=1.0214787129911242e-06 rho=1.0001278822421951 accept=1
CLASSICAL_LM o=316 lambda=1.0214787129911243e-05 tau=1.0214787129911243e-05 prediction=47.697132493297147 rho=1.0001278822421951 accept=1
  MFCG it 317 cost=1.777157e+06 lam=1.021e-06 tau=0.00e+00 cg_it=0 shift=0 ckpt=1 alpha=0 acc mv=889
PCG_PREP o=317 rebuild=1 drift=0 previous_depth=1
E2_CAP o=317 retry=0 touched=183 ncam=3068 raw=33657.635207494139 capped=130.23702975708198 radius=33.805903432709613 median=0.26491359512984913 global_scale=0.25957213164154896
ATTR_RADIUS o=317 raw_norm=33657.635207494161 norm=33.805903432709741 radius=33.805903432709613 next_radius=67.611806865419226 lambda=1.0214787129911242e-06 next_lambda=2.5536967824778105e-07 rho=1.0016593103939619 accept=1
CLASSICAL_LM o=317 lambda=1.0214787129911242e-06 tau=1.0214787129911242e-06 prediction=3.5698504741736805 rho=1.0016593103939619 accept=1
  MFCG it 318 cost=1.777153e+06 lam=2.554e-07 tau=0.00e+00 cg_it=1 shift=0 ckpt=2 alpha=0 acc mv=892
PCG_PREP o=318 rebuild=1 drift=0 previous_depth=2
E2_CAP o=318 retry=0 touched=182 ncam=3068 raw=52752.916572141148 capped=114.01984961534191 radius=67.611806865419226 median=0.23394575418645541 global_scale=0.59298277531074495
ATTR_RADIUS o=318 raw_norm=52752.916572141185 norm=67.61180686541924 radius=67.611806865419226 next_radius=16.902951716354806 lambda=2.5536967824778105e-07 next_lambda=4.0859148519644968e-06 rho=-1 accept=0
CLASSICAL_LM o=318 lambda=2.5536967824778105e-07 tau=2.5536967824778105e-07 prediction=-20.079992527174483 rho=-1 accept=0
  MFCG it 319  retry 1/8  lam=4.086e-06 tau_eff=2.554e-07  (assembly reused)
PCG_PREP o=318 rebuild=1 drift=0 previous_depth=2
E2_CAP o=318 retry=1 touched=208 ncam=3068 raw=14236.703623161429 capped=37.45692872085457 radius=16.902951716354806 median=0.075628703894672411 global_scale=0.45126368588100219
ATTR_RADIUS o=318 raw_norm=14236.703623161426 norm=16.902951716354821 radius=16.902951716354806 next_radius=33.805903432709613 lambda=4.0859148519644968e-06 next_lambda=1.0214787129911242e-06 rho=0.99992488304229399 accept=1
CLASSICAL_LM o=318 lambda=4.0859148519644968e-06 tau=4.0859148519644968e-06 prediction=30.40101548863441 rho=0.99992488304229399 accept=1
  MFCG it 319 cost=1.777123e+06 lam=1.021e-06 tau=0.00e+00 cg_it=0 shift=0 ckpt=1 alpha=0 acc mv=897
PCG_PREP o=319 rebuild=1 drift=0 previous_depth=1
E2_CAP o=319 retry=0 touched=178 ncam=3068 raw=33656.448316813476 capped=115.92957128533359 radius=33.805903432709613 median=0.23883861044041077 global_scale=0.29160724962489742
ATTR_RADIUS o=319 raw_norm=33656.448316813468 norm=33.805903432709655 radius=33.805903432709613 next_radius=67.611806865419226 lambda=1.0214787129911242e-06 next_lambda=2.5536967824778105e-07 rho=1.0020841149464521 accept=1
CLASSICAL_LM o=319 lambda=1.0214787129911242e-06 tau=1.0214787129911242e-06 prediction=2.3873475855392607 rho=1.0020841149464521 accept=1
  MFCG it 320 cost=1.777121e+06 lam=2.554e-07 tau=0.00e+00 cg_it=1 shift=0 ckpt=2 alpha=0 acc mv=900
PCG_PREP o=320 rebuild=1 drift=0 previous_depth=2
E2_CAP o=320 retry=0 touched=176 ncam=3068 raw=52747.677330595703 capped=104.05249170657748 radius=67.611806865419226 median=0.21686275427655105 global_scale=0.64978556261853815
ATTR_RADIUS o=320 raw_norm=52747.677330595674 norm=67.611806865419311 radius=67.611806865419226 next_radius=16.902951716354806 lambda=2.5536967824778105e-07 next_lambda=4.0859148519644968e-06 rho=-1 accept=0
CLASSICAL_LM o=320 lambda=2.5536967824778105e-07 tau=2.5536967824778105e-07 prediction=-20.928451211081722 rho=-1 accept=0
  MFCG it 321  retry 1/8  lam=4.086e-06 tau_eff=2.554e-07  (assembly reused)
PCG_PREP o=320 rebuild=1 drift=0 previous_depth=2
E2_CAP o=320 retry=1 touched=218 ncam=3068 raw=14222.534872118867 capped=44.328125917149208 radius=16.902951716354806 median=0.087378035807635673 global_scale=0.38131437697021087
ATTR_RADIUS o=320 raw_norm=14222.534872118857 norm=16.90295171635481 radius=16.902951716354806 next_radius=33.805903432709613 lambda=4.0859148519644968e-06 next_lambda=1.0214787129911242e-06 rho=0.99992322974386938 accept=1
CLASSICAL_LM o=320 lambda=4.0859148519644968e-06 tau=4.0859148519644968e-06 prediction=30.770616564270583 rho=0.99992322974386938 accept=1
  MFCG it 321 cost=1.777090e+06 lam=1.021e-06 tau=0.00e+00 cg_it=0 shift=0 ckpt=1 alpha=0 acc mv=905
PCG_PREP o=321 rebuild=1 drift=0 previous_depth=1
E2_CAP o=321 retry=0 touched=170 ncam=3068 raw=33651.766083368995 capped=106.67633483513261 radius=33.805903432709613 median=0.22327013309921562 global_scale=0.31690162101047392
ATTR_RADIUS o=321 raw_norm=33651.766083368973 norm=33.805903432709599 radius=33.805903432709613 next_radius=67.611806865419226 lambda=1.0214787129911242e-06 next_lambda=2.5536967824778105e-07 rho=1.0025107480919058 accept=1
CLASSICAL_LM o=321 lambda=1.0214787129911242e-06 tau=1.0214787129911242e-06 prediction=2.0296881015104828 rho=1.0025107480919058 accept=1
  MFCG it 322 cost=1.777088e+06 lam=2.554e-07 tau=0.00e+00 cg_it=1 shift=0 ckpt=2 alpha=0 acc mv=908
PCG_PREP o=322 rebuild=1 drift=0 previous_depth=2
E2_CAP o=322 retry=0 touched=165 ncam=3068 raw=52712.242938753989 capped=96.618324210100099 radius=67.611806865419226 median=0.20537323561416937 global_scale=0.6997824420799813
ATTR_RADIUS o=322 raw_norm=52712.24293875396 norm=67.611806865419183 radius=67.611806865419226 next_radius=16.902951716354806 lambda=2.5536967824778105e-07 next_lambda=4.0859148519644968e-06 rho=-1 accept=0
CLASSICAL_LM o=322 lambda=2.5536967824778105e-07 tau=2.5536967824778105e-07 prediction=-19.288093797483278 rho=-1 accept=0
  MFCG it 323  retry 1/8  lam=4.086e-06 tau_eff=2.554e-07  (assembly reused)
PCG_PREP o=322 rebuild=1 drift=0 previous_depth=2
E2_CAP o=322 retry=1 touched=224 ncam=3068 raw=14210.045399283261 capped=49.002500901784408 radius=16.902951716354806 median=0.095591246057543822 global_scale=0.34494059293490653
ATTR_RADIUS o=322 raw_norm=14210.045399283281 norm=16.902951716354799 radius=16.902951716354806 next_radius=33.805903432709613 lambda=4.0859148519644968e-06 next_lambda=1.0214787129911242e-06 rho=0.99992996207608009 accept=1
CLASSICAL_LM o=322 lambda=4.0859148519644968e-06 tau=4.0859148519644968e-06 prediction=31.46260296838528 rho=0.99992996207608009 accept=1
  MFCG it 323 cost=1.777056e+06 lam=1.021e-06 tau=0.00e+00 cg_it=0 shift=0 ckpt=1 alpha=0 acc mv=913
PCG_PREP o=323 rebuild=1 drift=0 previous_depth=1
E2_CAP o=323 retry=0 touched=160 ncam=3068 raw=33645.817966693845 capped=98.660504461043814 radius=33.805903432709613 median=0.20985378223028808 global_scale=0.342648799713546
ATTR_RADIUS o=323 raw_norm=33645.817966693859 norm=33.805903432709627 radius=33.805903432709613 next_radius=67.611806865419226 lambda=1.0214787129911242e-06 next_lambda=2.5536967824778105e-07 rho=1.0028636518959879 accept=1
CLASSICAL_LM o=323 lambda=1.0214787129911242e-06 tau=1.0214787129911242e-06 prediction=1.810256089116506 rho=1.0028636518959879 accept=1
  MFCG it 324 cost=1.777054e+06 lam=2.554e-07 tau=0.00e+00 cg_it=1 shift=0 ckpt=2 alpha=0 acc mv=916
PCG_PREP o=324 rebuild=1 drift=0 previous_depth=2
E2_CAP o=324 retry=0 touched=164 ncam=3068 raw=52715.832930229117 capped=90.707131834920162 radius=67.611806865419226 median=0.19724187204041149 global_scale=0.74538578717787474
ATTR_RADIUS o=324 raw_norm=52715.832930229102 norm=67.611806865419254 radius=67.611806865419226 next_radius=16.902951716354806 lambda=2.5536967824778105e-07 next_lambda=4.0859148519644968e-06 rho=-1 accept=0
CLASSICAL_LM o=324 lambda=2.5536967824778105e-07 tau=2.5536967824778105e-07 prediction=-15.753009108164699 rho=-1 accept=0
  MFCG it 325  retry 1/8  lam=4.086e-06 tau_eff=2.554e-07  (assembly reused)
PCG_PREP o=324 rebuild=1 drift=0 previous_depth=2
E2_CAP o=324 retry=1 touched=227 ncam=3068 raw=14198.667024402595 capped=52.670327466491457 radius=16.902951716354806 median=0.10187946439762119 global_scale=0.32091981442698192
ATTR_RADIUS o=324 raw_norm=14198.667024402583 norm=16.902951716354803 radius=16.902951716354806 next_radius=33.805903432709613 lambda=4.0859148519644968e-06 next_lambda=1.0214787129911242e-06 rho=0.99993347004357191 accept=1
CLASSICAL_LM o=324 lambda=4.0859148519644968e-06 tau=4.0859148519644968e-06 prediction=32.123361400180578 rho=0.99993347004357191 accept=1
  MFCG it 325 cost=1.777022e+06 lam=1.021e-06 tau=0.00e+00 cg_it=0 shift=0 ckpt=1 alpha=0 acc mv=921
PCG_PREP o=325 rebuild=1 drift=0 previous_depth=1
E2_CAP o=325 retry=0 touched=152 ncam=3068 raw=33639.749038772621 capped=93.059724963554103 radius=33.805903432709613 median=0.20331782152731581 global_scale=0.36327104390163795
ATTR_RADIUS o=325 raw_norm=33639.749038772636 norm=33.80590343270957 radius=33.805903432709613 next_radius=67.611806865419226 lambda=1.0214787129911242e-06 next_lambda=2.5536967824778105e-07 rho=1.0018540265670646 accept=1
CLASSICAL_LM o=325 lambda=1.0214787129911242e-06 tau=1.0214787129911242e-06 prediction=2.664705491209681 rho=1.0018540265670646 accept=1
  MFCG it 326 cost=1.777020e+06 lam=2.554e-07 tau=0.00e+00 cg_it=1 shift=0 ckpt=2 alpha=0 acc mv=924
PCG_PREP o=326 rebuild=1 drift=0 previous_depth=2
E2_CAP o=326 retry=0 touched=160 ncam=3068 raw=52676.892380905396 capped=85.972257088725627 radius=67.611806865419226 median=0.18992457455484241 global_scale=0.786437499199795
ATTR_RADIUS o=326 raw_norm=52676.89238090541 norm=67.611806865418984 radius=67.611806865419226 next_radius=16.902951716354806 lambda=2.5536967824778105e-07 next_lambda=4.0859148519644968e-06 rho=-1 accept=0
CLASSICAL_LM o=326 lambda=2.5536967824778105e-07 tau=2.5536967824778105e-07 prediction=-12.55168113295872 rho=-1 accept=0
  MFCG it 327  retry 1/8  lam=4.086e-06 tau_eff=2.554e-07  (assembly reused)
PCG_PREP o=326 rebuild=1 drift=0 previous_depth=2
E2_CAP o=326 retry=1 touched=230 ncam=3068 raw=14189.44635737842 capped=55.334522188946124 radius=16.902951716354806 median=0.10648459313669564 global_scale=0.30546846792383464
ATTR_RADIUS o=326 raw_norm=14189.446357378416 norm=16.902951716354767 radius=16.902951716354806 next_radius=33.805903432709613 lambda=4.0859148519644968e-06 next_lambda=1.0214787129911242e-06 rho=0.99993865019062056 accept=1
CLASSICAL_LM o=326 lambda=4.0859148519644968e-06 tau=4.0859148519644968e-06 prediction=32.715116213878488 rho=0.99993865019062056 accept=1
  MFCG it 327 cost=1.776987e+06 lam=1.021e-06 tau=0.00e+00 cg_it=0 shift=0 ckpt=1 alpha=0 acc mv=929
PCG_PREP o=327 rebuild=1 drift=0 previous_depth=1
E2_CAP o=327 retry=0 touched=146 ncam=3068 raw=33634.436231561376 capped=88.981202392750859 radius=33.805903432709613 median=0.19878915211874848 global_scale=0.37992185454513167
ATTR_RADIUS o=327 raw_norm=33634.436231561398 norm=33.805903432709542 radius=33.805903432709613 next_radius=67.611806865419226 lambda=1.0214787129911242e-06 next_lambda=2.5536967824778105e-07 rho=1.0012770147687042 accept=1
CLASSICAL_LM o=327 lambda=1.0214787129911242e-06 tau=1.0214787129911242e-06 prediction=3.6437676239532628 rho=1.0012770147687042 accept=1
  MFCG it 328 cost=1.776983e+06 lam=2.554e-07 tau=0.00e+00 cg_it=1 shift=0 ckpt=2 alpha=0 acc mv=932
PCG_PREP o=328 rebuild=1 drift=0 previous_depth=2
E2_CAP o=328 retry=0 touched=159 ncam=3068 raw=52659.550007780206 capped=82.673604524094657 radius=67.611806865419226 median=0.18478427224254929 global_scale=0.81781612468238551
ATTR_RADIUS o=328 raw_norm=52659.550007780213 norm=67.611806865419098 radius=67.611806865419226 next_radius=16.902951716354806 lambda=2.5536967824778105e-07 next_lambda=4.0859148519644968e-06 rho=-1 accept=0
CLASSICAL_LM o=328 lambda=2.5536967824778105e-07 tau=2.5536967824778105e-07 prediction=-9.7606178991229555 rho=-1 accept=0
  MFCG it 329  retry 1/8  lam=4.086e-06 tau_eff=2.554e-07  (assembly reused)
PCG_PREP o=328 rebuild=1 drift=0 previous_depth=2
E2_CAP o=328 retry=1 touched=231 ncam=3068 raw=14182.474602820761 capped=57.304005169649216 radius=16.902951716354806 median=0.10981929929857517 global_scale=0.29496981347662188
ATTR_RADIUS o=328 raw_norm=14182.474602820772 norm=16.902951716354831 radius=16.902951716354806 next_radius=33.805903432709613 lambda=4.0859148519644968e-06 next_lambda=1.0214787129911242e-06 rho=0.99994257764089245 accept=1
CLASSICAL_LM o=328 lambda=4.0859148519644968e-06 tau=4.0859148519644968e-06 prediction=33.170991863434381 rho=0.99994257764089245 accept=1
  MFCG it 329 cost=1.776950e+06 lam=1.021e-06 tau=0.00e+00 cg_it=0 shift=0 ckpt=1 alpha=0 acc mv=937
PCG_PREP o=329 rebuild=1 drift=0 previous_depth=1
E2_CAP o=329 retry=0 touched=141 ncam=3068 raw=33629.772663039526 capped=85.108392191314962 radius=33.805903432709613 median=0.19342414980784484 global_scale=0.39720998790245499
ATTR_RADIUS o=329 raw_norm=33629.772663039526 norm=33.805903432709655 radius=33.805903432709613 next_radius=67.611806865419226 lambda=1.0214787129911242e-06 next_lambda=2.5536967824778105e-07 rho=1.0010286415907133 accept=1
CLASSICAL_LM o=329 lambda=1.0214787129911242e-06 tau=1.0214787129911242e-06 prediction=4.3788362211621212 rho=1.0010286415907133 accept=1
  MFCG it 330 cost=1.776946e+06 lam=2.554e-07 tau=0.00e+00 cg_it=1 shift=0 ckpt=2 alpha=0 acc mv=940
PCG_PREP o=330 rebuild=1 drift=0 previous_depth=2
E2_CAP o=330 retry=0 touched=157 ncam=3068 raw=52659.282810948403 capped=80.21877090404756 radius=67.611806865419226 median=0.18091506399912116 global_scale=0.84284271752670015
ATTR_RADIUS o=330 raw_norm=52659.282810948403 norm=67.611806865419382 radius=67.611806865419226 next_radius=16.902951716354806 lambda=2.5536967824778105e-07 next_lambda=4.0859148519644968e-06 rho=-1 accept=0
CLASSICAL_LM o=330 lambda=2.5536967824778105e-07 tau=2.5536967824778105e-07 prediction=-7.0932869849751023 rho=-1 accept=0
  MFCG it 331  retry 1/8  lam=4.086e-06 tau_eff=2.554e-07  (assembly reused)
PCG_PREP o=330 rebuild=1 drift=0 previous_depth=2
E2_CAP o=330 retry=1 touched=234 ncam=3068 raw=14177.2814401958 capped=58.873364929451 radius=16.902951716354806 median=0.11243433579278195 global_scale=0.28710694108634549
ATTR_RADIUS o=330 raw_norm=14177.281440195788 norm=16.902951716354835 radius=16.902951716354806 next_radius=33.805903432709613 lambda=4.0859148519644968e-06 next_lambda=1.0214787129911242e-06 rho=0.99994561701366058 accept=1
CLASSICAL_LM o=330 lambda=4.0859148519644968e-06 tau=4.0859148519644968e-06 prediction=33.55525536826373 rho=0.99994561701366058 accept=1
  MFCG it 331 cost=1.776912e+06 lam=1.021e-06 tau=0.00e+00 cg_it=0 shift=0 ckpt=1 alpha=0 acc mv=945
PCG_PREP o=331 rebuild=1 drift=0 previous_depth=1
E2_CAP o=331 retry=0 touched=137 ncam=3068 raw=33626.40655499087 capped=82.191924993707204 radius=33.805903432709613 median=0.18976717849919569 global_scale=0.41130443696625757
ATTR_RADIUS o=331 raw_norm=33626.40655499087 norm=33.805903432709584 radius=33.805903432709613 next_radius=67.611806865419226 lambda=1.0214787129911242e-06 next_lambda=2.5536967824778105e-07 rho=1.0008407411111779 accept=1
CLASSICAL_LM o=331 lambda=1.0214787129911242e-06 tau=1.0214787129911242e-06 prediction=5.1860927451587022 rho=1.0008407411111779 accept=1
  MFCG it 332 cost=1.776907e+06 lam=2.554e-07 tau=0.00e+00 cg_it=1 shift=0 ckpt=2 alpha=0 acc mv=948
PCG_PREP o=332 rebuild=1 drift=0 previous_depth=2
E2_CAP o=332 retry=0 touched=156 ncam=3068 raw=52643.142314012148 capped=78.251790172083815 radius=67.611806865419226 median=0.1773352963551596 global_scale=0.86402888313141257
ATTR_RADIUS o=332 raw_norm=52643.142314012133 norm=67.611806865419354 radius=67.611806865419226 next_radius=16.902951716354806 lambda=2.5536967824778105e-07 next_lambda=4.0859148519644968e-06 rho=-1 accept=0
CLASSICAL_LM o=332 lambda=2.5536967824778105e-07 tau=2.5536967824778105e-07 prediction=-5.0077604800472155 rho=-1 accept=0
  MFCG it 333  retry 1/8  lam=4.086e-06 tau_eff=2.554e-07  (assembly reused)
PCG_PREP o=332 rebuild=1 drift=0 previous_depth=2
E2_CAP o=332 retry=1 touched=235 ncam=3068 raw=14173.998234547775 capped=60.054590304436985 radius=16.902951716354806 median=0.11435471690550775 global_scale=0.281459779022187
ATTR_RADIUS o=332 raw_norm=14173.998234547775 norm=16.902951716354849 radius=16.902951716354806 next_radius=33.805903432709613 lambda=4.0859148519644968e-06 next_lambda=1.0214787129911242e-06 rho=0.99994829742697577 accept=1
CLASSICAL_LM o=332 lambda=4.0859148519644968e-06 tau=4.0859148519644968e-06 prediction=33.867818690127088 rho=0.99994829742697577 accept=1
  MFCG it 333 cost=1.776873e+06 lam=1.021e-06 tau=0.00e+00 cg_it=0 shift=0 ckpt=1 alpha=0 acc mv=953
PCG_PREP o=333 rebuild=1 drift=0 previous_depth=1
E2_CAP o=333 retry=0 touched=138 ncam=3068 raw=33625.171117590653 capped=79.958856212507214 radius=33.805903432709613 median=0.1864963826704274 global_scale=0.42279123331708779
ATTR_RADIUS o=333 raw_norm=33625.171117590668 norm=33.805903432709592 radius=33.805903432709613 next_radius=67.611806865419226 lambda=1.0214787129911242e-06 next_lambda=2.5536967824778105e-07 rho=1.0007085173795824 accept=1
CLASSICAL_LM o=333 lambda=1.0214787129911242e-06 tau=1.0214787129911242e-06 prediction=5.9165128593912142 rho=1.0007085173795824 accept=1
  MFCG it 334 cost=1.776867e+06 lam=2.554e-07 tau=0.00e+00 cg_it=1 shift=0 ckpt=2 alpha=0 acc mv=956
PCG_PREP o=334 rebuild=1 drift=0 previous_depth=2
E2_CAP o=334 retry=0 touched=154 ncam=3068 raw=52631.641981625966 capped=77.052953384885427 radius=67.611806865419226 median=0.17551906527331251 global_scale=0.87747197083664075
ATTR_RADIUS o=334 raw_norm=52631.64198162598 norm=67.611806865419254 radius=67.611806865419226 next_radius=16.902951716354806 lambda=2.5536967824778105e-07 next_lambda=4.0859148519644968e-06 rho=-1 accept=0
CLASSICAL_LM o=334 lambda=2.5536967824778105e-07 tau=2.5536967824778105e-07 prediction=-3.2330866952991428 rho=-1 accept=0
  MFCG it 335  retry 1/8  lam=4.086e-06 tau_eff=2.554e-07  (assembly reused)
PCG_PREP o=334 rebuild=1 drift=0 previous_depth=2
E2_CAP o=334 retry=1 touched=235 ncam=3068 raw=14172.347781572411 capped=61.320651867589639 radius=16.902951716354806 median=0.11668910396821977 global_scale=0.27564859800990926
ATTR_RADIUS o=334 raw_norm=14172.34778157242 norm=16.902951716354799 radius=16.902951716354806 next_radius=33.805903432709613 lambda=4.0859148519644968e-06 next_lambda=1.0214787129911242e-06 rho=0.99995062068490415 accept=1
CLASSICAL_LM o=334 lambda=4.0859148519644968e-06 tau=4.0859148519644968e-06 prediction=34.124521446018896 rho=0.99995062068490415 accept=1
  MFCG it 335 cost=1.776833e+06 lam=1.021e-06 tau=0.00e+00 cg_it=0 shift=0 ckpt=1 alpha=0 acc mv=961
PCG_PREP o=335 rebuild=1 drift=0 previous_depth=1
E2_CAP o=335 retry=0 touched=136 ncam=3068 raw=33625.655530405318 capped=78.41732712066694 radius=33.805903432709613 median=0.18452637140542694 global_scale=0.43110247025749548
ATTR_RADIUS o=335 raw_norm=33625.655530405318 norm=33.805903432709655 radius=33.805903432709613 next_radius=67.611806865419226 lambda=1.0214787129911242e-06 next_lambda=2.5536967824778105e-07 rho=1.000626673707963 accept=1
CLASSICAL_LM o=335 lambda=1.0214787129911242e-06 tau=1.0214787129911242e-06 prediction=6.5238261967289217 rho=1.000626673707963 accept=1
  MFCG it 336 cost=1.776827e+06 lam=2.554e-07 tau=0.00e+00 cg_it=1 shift=0 ckpt=2 alpha=0 acc mv=964
PCG_PREP o=336 rebuild=1 drift=0 previous_depth=2
E2_CAP o=336 retry=0 touched=154 ncam=3068 raw=52637.736023284255 capped=76.216857564545847 radius=67.611806865419226 median=0.17444135398548 global_scale=0.88709780258469384
ATTR_RADIUS o=336 raw_norm=52637.736023284218 norm=67.611806865419354 radius=67.611806865419226 next_radius=16.902951716354806 lambda=2.5536967824778105e-07 next_lambda=4.0859148519644968e-06 rho=-1 accept=0
CLASSICAL_LM o=336 lambda=2.5536967824778105e-07 tau=2.5536967824778105e-07 prediction=-1.8464555817163237 rho=-1 accept=0
  MFCG it 337  retry 1/8  lam=4.086e-06 tau_eff=2.554e-07  (assembly reused)
PCG_PREP o=336 rebuild=1 drift=0 previous_depth=2
E2_CAP o=336 retry=1 touched=234 ncam=3068 raw=14172.155333218981 capped=61.790376937711436 radius=16.902951716354806 median=0.11727434417902186 global_scale=0.27355314134746317
ATTR_RADIUS o=336 raw_norm=14172.155333218969 norm=16.902951716354778 radius=16.902951716354806 next_radius=33.805903432709613 lambda=4.0859148519644968e-06 next_lambda=1.0214787129911242e-06 rho=0.99995140536216809 accept=1
CLASSICAL_LM o=336 lambda=4.0859148519644968e-06 tau=4.0859148519644968e-06 prediction=34.316626286309756 rho=0.99995140536216809 accept=1
  MFCG it 337 cost=1.776792e+06 lam=1.021e-06 tau=0.00e+00 cg_it=0 shift=0 ckpt=1 alpha=0 acc mv=969
PCG_PREP o=337 rebuild=1 drift=0 previous_depth=1
E2_CAP o=337 retry=0 touched=135 ncam=3068 raw=33629.305051050644 capped=76.916444174258643 radius=33.805903432709613 median=0.18205081243509152 global_scale=0.43951464209812385
ATTR_RADIUS o=337 raw_norm=33629.305051050695 norm=33.805903432709599 radius=33.805903432709613 next_radius=67.611806865419226 lambda=1.0214787129911242e-06 next_lambda=2.5536967824778105e-07 rho=1.0005639127691957 accept=1
CLASSICAL_LM o=337 lambda=1.0214787129911242e-06 tau=1.0214787129911242e-06 prediction=6.9596027395048488 rho=1.0005639127691957 accept=1
  MFCG it 338 cost=1.776785e+06 lam=2.554e-07 tau=0.00e+00 cg_it=1 shift=0 ckpt=2 alpha=0 acc mv=972
PCG_PREP o=338 rebuild=1 drift=0 previous_depth=2
E2_CAP o=338 retry=0 touched=153 ncam=3068 raw=52625.487667316993 capped=75.029881848775844 radius=67.611806865419226 median=0.17202313202753083 global_scale=0.90113172511309703
ATTR_RADIUS o=338 raw_norm=52625.487667316986 norm=67.61180686541941 radius=67.611806865419226 next_radius=16.902951716354806 lambda=2.5536967824778105e-07 next_lambda=4.0859148519644968e-06 rho=-1 accept=0
CLASSICAL_LM o=338 lambda=2.5536967824778105e-07 tau=2.5536967824778105e-07 prediction=-0.9932430906922618 rho=-1 accept=0
  MFCG it 339  retry 1/8  lam=4.086e-06 tau_eff=2.554e-07  (assembly reused)
PCG_PREP o=338 rebuild=1 drift=0 previous_depth=2
E2_CAP o=338 retry=1 touched=235 ncam=3068 raw=14173.48456118628 capped=62.209722210465401 radius=16.902951716354806 median=0.11785982177272247 global_scale=0.27170916563763825
ATTR_RADIUS o=338 raw_norm=14173.484561186275 norm=16.902951716354835 radius=16.902951716354806 next_radius=33.805903432709613 lambda=4.0859148519644968e-06 next_lambda=1.0214787129911242e-06 rho=0.99995282584050804 accept=1
CLASSICAL_LM o=338 lambda=4.0859148519644968e-06 tau=4.0859148519644968e-06 prediction=34.470784499169433 rho=0.99995282584050804 accept=1
  MFCG it 339 cost=1.776751e+06 lam=1.021e-06 tau=0.00e+00 cg_it=0 shift=0 ckpt=1 alpha=0 acc mv=977
PCG_PREP o=339 rebuild=1 drift=0 previous_depth=1
E2_CAP o=339 retry=0 touched=134 ncam=3068 raw=33633.331736273431 capped=75.567233711389378 radius=33.805903432709613 median=0.17949653777937724 global_scale=0.4473619288728104
ATTR_RADIUS o=339 raw_norm=33633.331736273431 norm=33.805903432709584 radius=33.805903432709613 next_radius=67.611806865419226 lambda=1.0214787129911242e-06 next_lambda=2.5536967824778105e-07 rho=1.0005304065588911 accept=1
CLASSICAL_LM o=339 lambda=1.0214787129911242e-06 tau=1.0214787129911242e-06 prediction=7.2517471209742475 rho=1.0005304065588911 accept=1
  MFCG it 340 cost=1.776744e+06 lam=2.554e-07 tau=0.00e+00 cg_it=1 shift=0 ckpt=2 alpha=0 acc mv=980
PCG_PREP o=340 rebuild=1 drift=0 previous_depth=2
E2_CAP o=340 retry=0 touched=154 ncam=3068 raw=52626.787638352209 capped=73.968823462073829 radius=67.611806865419226 median=0.1698261487319338 global_scale=0.91405816262693362
ATTR_RADIUS o=340 raw_norm=52626.787638352238 norm=67.611806865419268 radius=67.611806865419226 next_radius=16.902951716354806 lambda=2.5536967824778105e-07 next_lambda=4.0859148519644968e-06 rho=-1 accept=0
CLASSICAL_LM o=340 lambda=2.5536967824778105e-07 tau=2.5536967824778105e-07 prediction=-0.33780494632999281 rho=-1 accept=0
  MFCG it 341  retry 1/8  lam=4.086e-06 tau_eff=2.554e-07  (assembly reused)
PCG_PREP o=340 rebuild=1 drift=0 previous_depth=2
E2_CAP o=340 retry=1 touched=236 ncam=3068 raw=14175.914928261753 capped=62.778610194379809 radius=16.902951716354806 median=0.1188640293708208 global_scale=0.26924698817031195
ATTR_RADIUS o=340 raw_norm=14175.914928261751 norm=16.902951716354785 radius=16.902951716354806 next_radius=33.805903432709613 lambda=4.0859148519644968e-06 next_lambda=1.0214787129911242e-06 rho=0.99995460035171002 accept=1
CLASSICAL_LM o=340 lambda=4.0859148519644968e-06 tau=4.0859148519644968e-06 prediction=34.600592963579821 rho=0.99995460035171002 accept=1
  MFCG it 341 cost=1.776709e+06 lam=1.021e-06 tau=0.00e+00 cg_it=0 shift=0 ckpt=1 alpha=0 acc mv=985
PCG_PREP o=341 rebuild=1 drift=0 previous_depth=1
E2_CAP o=341 retry=0 touched=134 ncam=3068 raw=33640.977995206682 capped=74.595635470491104 radius=33.805903432709613 median=0.17793411347641552 global_scale=0.45318875855790131
ATTR_RADIUS o=341 raw_norm=33640.977995206682 norm=33.805903432709648 radius=33.805903432709613 next_radius=67.611806865419226 lambda=1.0214787129911242e-06 next_lambda=2.5536967824778105e-07 rho=1.0005178663199044 accept=1
CLASSICAL_LM o=341 lambda=1.0214787129911242e-06 tau=1.0214787129911242e-06 prediction=7.5179811209075211 rho=1.0005178663199044 accept=1
  MFCG it 342 cost=1.776701e+06 lam=2.554e-07 tau=0.00e+00 cg_it=1 shift=0 ckpt=2 alpha=0 acc mv=988
PCG_PREP o=342 rebuild=1 drift=0 previous_depth=2
E2_CAP o=342 retry=0 touched=154 ncam=3068 raw=52673.341541730493 capped=73.264284703906412 radius=67.611806865419226 median=0.16847312281580118 global_scale=0.92284811267411715
ATTR_RADIUS o=342 raw_norm=52673.341541730479 norm=67.611806865419226 radius=67.611806865419226 next_radius=135.22361373083845 lambda=2.5536967824778105e-07 next_lambda=2.4938445141384868e-07 rho=1.2053671536168906 accept=1
CLASSICAL_LM o=342 lambda=2.5536967824778105e-07 tau=2.5536967824778105e-07 prediction=0.19336473267896181 rho=1.2053671536168906 accept=1
  MFCG it 343 cost=1.776701e+06 lam=2.494e-07 tau=0.00e+00 cg_it=1 shift=0 ckpt=2 alpha=0 acc mv=991
PCG_PREP o=343 rebuild=1 drift=0 previous_depth=2
E2_CAP o=343 retry=0 touched=148 ncam=3068 raw=53168.807535972439 capped=61.048726980136294 radius=135.22361373083845 median=0.14508264810684446 global_scale=1
ATTR_RADIUS o=343 raw_norm=53168.807535972504 norm=61.048726980136173 radius=135.22361373083845 next_radius=135.22361373083845 lambda=2.4938445141384868e-07 next_lambda=2.4938445141384868e-07 rho=1.0013475769031774 accept=1
CLASSICAL_LM o=343 lambda=2.4938445141384868e-07 tau=2.4938445141384868e-07 prediction=37.256709166122405 rho=1.0013475769031774 accept=1
  MFCG it 344 cost=1.776664e+06 lam=2.494e-07 tau=0.00e+00 cg_it=1 shift=0 ckpt=2 alpha=0 acc mv=994
PCG_PREP o=344 rebuild=1 drift=0 previous_depth=2
E2_CAP o=344 retry=0 touched=147 ncam=3068 raw=53443.576489179286 capped=54.555343600337935 radius=135.22361373083845 median=0.13082469738814137 global_scale=1
ATTR_RADIUS o=344 raw_norm=53443.576489179286 norm=54.555343600337999 radius=135.22361373083845 next_radius=135.22361373083845 lambda=2.4938445141384868e-07 next_lambda=2.4938445141384868e-07 rho=1.001360712546336 accept=1
CLASSICAL_LM o=344 lambda=2.4938445141384868e-07 tau=2.4938445141384868e-07 prediction=32.693476197785664 rho=1.001360712546336 accept=1
  MFCG it 345 cost=1.776631e+06 lam=2.494e-07 tau=0.00e+00 cg_it=1 shift=0 ckpt=2 alpha=0 acc mv=997
PCG_PREP o=345 rebuild=1 drift=0 previous_depth=2
E2_CAP o=345 retry=0 touched=254 ncam=3068 raw=46784.82981406874 capped=87.51766697716387 radius=135.22361373083845 median=0.16093091718429686 global_scale=1
ATTR_RADIUS o=345 raw_norm=46784.829814068704 norm=87.517666977163657 radius=135.22361373083845 next_radius=135.22361373083845 lambda=2.4938445141384868e-07 next_lambda=2.4938445141384868e-07 rho=0.99993170564595912 accept=1
CLASSICAL_LM o=345 lambda=2.4938445141384868e-07 tau=2.4938445141384868e-07 prediction=161.1139718124634 rho=0.99993170564595912 accept=1
  MFCG it 346 cost=1.776470e+06 lam=2.494e-07 tau=0.00e+00 cg_it=0 shift=0 ckpt=1 alpha=0 acc mv=999
PCG_PREP o=346 rebuild=1 drift=0 previous_depth=1
E2_CAP o=346 retry=0 touched=143 ncam=3068 raw=53418.942395825681 capped=126.13138318931944 radius=135.22361373083845 median=0.27122789368441497 global_scale=1
ATTR_RADIUS o=346 raw_norm=53418.942395825638 norm=126.13138318931895 radius=135.22361373083845 next_radius=33.805903432709613 lambda=2.4938445141384868e-07 next_lambda=3.9901512226215788e-06 rho=-1 accept=0
CLASSICAL_LM o=346 lambda=2.4938445141384868e-07 tau=2.4938445141384868e-07 prediction=-43.034305644595037 rho=-1 accept=0
  MFCG it 347  retry 1/8  lam=3.990e-06 tau_eff=2.494e-07  (assembly reused)
PCG_PREP o=346 rebuild=1 drift=0 previous_depth=2
E2_CAP o=346 retry=1 touched=206 ncam=3068 raw=14326.885587046596 capped=57.043639460383609 radius=33.805903432709613 median=0.11679366886225863 global_scale=0.59263230313675141
ATTR_RADIUS o=346 raw_norm=14326.8855870466 norm=33.805903432709734 radius=33.805903432709613 next_radius=67.611806865419226 lambda=3.9901512226215788e-06 next_lambda=9.9753780565539471e-07 rho=1.0001886304601677 accept=1
CLASSICAL_LM o=346 lambda=3.9901512226215788e-06 tau=3.9901512226215788e-06 prediction=60.217684638873955 rho=1.0001886304601677 accept=1
  MFCG it 347 cost=1.776410e+06 lam=9.975e-07 tau=0.00e+00 cg_it=0 shift=0 ckpt=1 alpha=0 acc mv=1004
PCG_PREP o=347 rebuild=1 drift=0 previous_depth=1
E2_CAP o=347 retry=0 touched=168 ncam=3068 raw=33841.914504707995 capped=119.54006394216995 radius=67.611806865419226 median=0.24876100391358635 global_scale=0.56559955412210483
ATTR_RADIUS o=347 raw_norm=33841.914504708016 norm=67.61180686541924 radius=67.611806865419226 next_radius=16.902951716354806 lambda=9.9753780565539471e-07 next_lambda=1.5960604890486315e-05 rho=-1 accept=0
CLASSICAL_LM o=347 lambda=9.9753780565539471e-07 tau=9.9753780565539471e-07 prediction=-1.7870975110479304 rho=-1 accept=0
  MFCG it 348  retry 1/8  lam=1.596e-05 tau_eff=9.975e-07  (assembly reused)
PCG_PREP o=347 rebuild=1 drift=0 previous_depth=2
E2_CAP o=347 retry=1 touched=209 ncam=3068 raw=9265.2750171063435 capped=28.663427465749795 radius=16.902951716354806 median=0.059375739426423289 global_scale=0.58970448445330925
ATTR_RADIUS o=347 raw_norm=9265.2750171063471 norm=16.902951716354789 radius=16.902951716354806 next_radius=33.805903432709613 lambda=1.5960604890486315e-05 next_lambda=3.9901512226215788e-06 rho=1.0001585771845543 accept=1
CLASSICAL_LM o=347 lambda=1.5960604890486315e-05 tau=1.5960604890486315e-05 prediction=34.73080324702871 rho=1.0001585771845543 accept=1
  MFCG it 348 cost=1.776375e+06 lam=3.990e-06 tau=0.00e+00 cg_it=0 shift=0 ckpt=1 alpha=0 acc mv=1009
PCG_PREP o=348 rebuild=1 drift=0 previous_depth=1
E2_CAP o=348 retry=0 touched=217 ncam=3068 raw=14434.288593746858 capped=27.101382986125554 radius=33.805903432709613 median=0.055412820687944481 global_scale=1
ATTR_RADIUS o=348 raw_norm=14434.288593746864 norm=27.101382986125451 radius=33.805903432709613 next_radius=67.611806865419226 lambda=3.9901512226215788e-06 next_lambda=9.9753780565539471e-07 rho=1.0001244376504688 accept=1
CLASSICAL_LM o=348 lambda=3.9901512226215788e-06 tau=3.9901512226215788e-06 prediction=48.395860184359542 rho=1.0001244376504688 accept=1
  MFCG it 349 cost=1.776327e+06 lam=9.975e-07 tau=0.00e+00 cg_it=0 shift=0 ckpt=1 alpha=0 acc mv=1011
PCG_PREP o=349 rebuild=1 drift=0 previous_depth=1
E2_CAP o=349 retry=0 touched=193 ncam=3068 raw=33859.545903211809 capped=125.12648293944123 radius=67.611806865419226 median=0.25315372910676998 global_scale=0.540347696803258
ATTR_RADIUS o=349 raw_norm=33859.545903211831 norm=67.611806865419368 radius=67.611806865419226 next_radius=16.902951716354806 lambda=9.9753780565539471e-07 next_lambda=1.5960604890486315e-05 rho=-1 accept=0
CLASSICAL_LM o=349 lambda=9.9753780565539471e-07 tau=9.9753780565539471e-07 prediction=-4.4163541975106 rho=-1 accept=0
  MFCG it 350  retry 1/8  lam=1.596e-05 tau_eff=9.975e-07  (assembly reused)
PCG_PREP o=349 rebuild=1 drift=0 previous_depth=2
E2_CAP o=349 retry=1 touched=206 ncam=3068 raw=9316.4984493679349 capped=22.10554553678169 radius=16.902951716354806 median=0.046562424398109301 global_scale=0.76464757172492193
ATTR_RADIUS o=349 raw_norm=9316.4984493679367 norm=16.902951716354778 radius=16.902951716354806 next_radius=33.805903432709613 lambda=1.5960604890486315e-05 next_lambda=3.9901512226215788e-06 rho=1.0001223427288692 accept=1
CLASSICAL_LM o=349 lambda=1.5960604890486315e-05 tau=1.5960604890486315e-05 prediction=34.847802114188845 rho=1.0001223427288692 accept=1
  MFCG it 350 cost=1.776292e+06 lam=3.990e-06 tau=0.00e+00 cg_it=0 shift=0 ckpt=1 alpha=0 acc mv=1016
PCG_PREP o=350 rebuild=1 drift=0 previous_depth=1
E2_CAP o=350 retry=0 touched=185 ncam=3068 raw=24881.022985203039 capped=117.74940623473168 radius=33.805903432709613 median=0.24212276803446453 global_scale=0.28710041531180253
ATTR_RADIUS o=350 raw_norm=24881.022985203028 norm=33.805903432709442 radius=33.805903432709613 next_radius=67.611806865419226 lambda=3.9901512226215788e-06 next_lambda=9.9753780565539471e-07 rho=1.0007439418117052 accept=1
CLASSICAL_LM o=350 lambda=3.9901512226215788e-06 tau=3.9901512226215788e-06 prediction=4.8673923616138861 rho=1.0007439418117052 accept=1
  MFCG it 351 cost=1.776287e+06 lam=9.975e-07 tau=0.00e+00 cg_it=1 shift=0 ckpt=2 alpha=0 acc mv=1019
PCG_PREP o=351 rebuild=1 drift=0 previous_depth=2
E2_CAP o=351 retry=0 touched=184 ncam=3068 raw=33865.20300506449 capped=103.86925110433715 radius=67.611806865419226 median=0.2147434916262782 global_scale=0.65093187971002942
ATTR_RADIUS o=351 raw_norm=33865.20300506449 norm=67.61180686541924 radius=67.611806865419226 next_radius=16.902951716354806 lambda=9.9753780565539471e-07 next_lambda=1.5960604890486315e-05 rho=-1 accept=0
CLASSICAL_LM o=351 lambda=9.9753780565539471e-07 tau=9.9753780565539471e-07 prediction=-8.6957548983196702 rho=-1 accept=0
  MFCG it 352  retry 1/8  lam=1.596e-05 tau_eff=9.975e-07  (assembly reused)
PCG_PREP o=351 rebuild=1 drift=0 previous_depth=2
E2_CAP o=351 retry=1 touched=196 ncam=3068 raw=9306.0352458011585 capped=33.790262340611065 radius=16.902951716354806 median=0.069210405516763079 global_scale=0.5002314437801767
ATTR_RADIUS o=351 raw_norm=9306.0352458011621 norm=16.902951716354789 radius=16.902951716354806 next_radius=33.805903432709613 lambda=1.5960604890486315e-05 next_lambda=3.9901512226215788e-06 rho=0.99995880715624519 accept=1
CLASSICAL_LM o=351 lambda=1.5960604890486315e-05 tau=1.5960604890486315e-05 prediction=33.782176017373146 rho=0.99995880715624519 accept=1
  MFCG it 352 cost=1.776253e+06 lam=3.990e-06 tau=0.00e+00 cg_it=0 shift=0 ckpt=1 alpha=0 acc mv=1024
PCG_PREP o=352 rebuild=1 drift=0 previous_depth=1
E2_CAP o=352 retry=0 touched=181 ncam=3068 raw=24886.263866180274 capped=102.50161205518293 radius=33.805903432709613 median=0.21283287862087824 global_scale=0.32980850500682674
ATTR_RADIUS o=352 raw_norm=24886.263866180248 norm=33.805903432709712 radius=33.805903432709613 next_radius=67.611806865419226 lambda=3.9901512226215788e-06 next_lambda=9.9753780565539471e-07 rho=1.0012052380660281 accept=1
CLASSICAL_LM o=352 lambda=3.9901512226215788e-06 tau=3.9901512226215788e-06 prediction=3.4801304560597117 rho=1.0012052380660281 accept=1
  MFCG it 353 cost=1.776250e+06 lam=9.975e-07 tau=0.00e+00 cg_it=1 shift=0 ckpt=2 alpha=0 acc mv=1027
PCG_PREP o=353 rebuild=1 drift=0 previous_depth=2
E2_CAP o=353 retry=0 touched=180 ncam=3068 raw=33862.047528045034 capped=94.335165007920651 radius=67.611806865419226 median=0.19655474061548694 global_scale=0.71671901840360741
ATTR_RADIUS o=353 raw_norm=33862.047528045019 norm=67.61180686541924 radius=67.611806865419226 next_radius=16.902951716354806 lambda=9.9753780565539471e-07 next_lambda=1.5960604890486315e-05 rho=-1 accept=0
CLASSICAL_LM o=353 lambda=9.9753780565539471e-07 tau=9.9753780565539471e-07 prediction=-8.9450604903698974 rho=-1 accept=0
  MFCG it 354  retry 1/8  lam=1.596e-05 tau_eff=9.975e-07  (assembly reused)
PCG_PREP o=353 rebuild=1 drift=0 previous_depth=2
E2_CAP o=353 retry=1 touched=208 ncam=3068 raw=9300.1412269026114 capped=39.552918007952655 radius=16.902951716354806 median=0.078701609554517424 global_scale=0.4273503085905378
ATTR_RADIUS o=353 raw_norm=9300.1412269026132 norm=16.902951716354778 radius=16.902951716354806 next_radius=33.805903432709613 lambda=1.5960604890486315e-05 next_lambda=3.9901512226215788e-06 rho=0.99994817984863638 accept=1
CLASSICAL_LM o=353 lambda=1.5960604890486315e-05 tau=1.5960604890486315e-05 prediction=33.986957131229737 rho=0.99994817984863638 accept=1
  MFCG it 354 cost=1.776216e+06 lam=3.990e-06 tau=0.00e+00 cg_it=0 shift=0 ckpt=1 alpha=0 acc mv=1032
PCG_PREP o=354 rebuild=1 drift=0 previous_depth=1
E2_CAP o=354 retry=0 touched=169 ncam=3068 raw=24888.551338876987 capped=93.995832217419633 radius=33.805903432709613 median=0.19885116377978274 global_scale=0.35965321690555324
ATTR_RADIUS o=354 raw_norm=24888.551338876972 norm=33.805903432709599 radius=33.805903432709613 next_radius=67.611806865419226 lambda=3.9901512226215788e-06 next_lambda=9.9753780565539471e-07 rho=1.0012231050789409 accept=1
CLASSICAL_LM o=354 lambda=3.9901512226215788e-06 tau=3.9901512226215788e-06 prediction=3.8467058895159525 rho=1.0012231050789409 accept=1
  MFCG it 355 cost=1.776212e+06 lam=9.975e-07 tau=0.00e+00 cg_it=1 shift=0 ckpt=2 alpha=0 acc mv=1035
PCG_PREP o=355 rebuild=1 drift=0 previous_depth=2
E2_CAP o=355 retry=0 touched=182 ncam=3068 raw=33856.722928221774 capped=88.381370318779901 radius=67.611806865419226 median=0.18691211108541225 global_scale=0.76500066271378675
ATTR_RADIUS o=355 raw_norm=33856.722928221774 norm=67.611806865419098 radius=67.611806865419226 next_radius=16.902951716354806 lambda=9.9753780565539471e-07 next_lambda=1.5960604890486315e-05 rho=-1 accept=0
CLASSICAL_LM o=355 lambda=9.9753780565539471e-07 tau=9.9753780565539471e-07 prediction=-7.9328425128064453 rho=-1 accept=0
  MFCG it 356  retry 1/8  lam=1.596e-05 tau_eff=9.975e-07  (assembly reused)
PCG_PREP o=355 rebuild=1 drift=0 previous_depth=2
E2_CAP o=355 retry=1 touched=214 ncam=3068 raw=9296.081817617187 capped=43.6467921641676 radius=16.902951716354806 median=0.085868869397923805 global_scale=0.38726675840868563
ATTR_RADIUS o=355 raw_norm=9296.0818176171906 norm=16.902951716354853 radius=16.902951716354806 next_radius=33.805903432709613 lambda=1.5960604890486315e-05 next_lambda=3.9901512226215788e-06 rho=0.99994948883811097 accept=1
CLASSICAL_LM o=355 lambda=1.5960604890486315e-05 tau=1.5960604890486315e-05 prediction=34.563284563108475 rho=0.99994948883811097 accept=1
  MFCG it 356 cost=1.776177e+06 lam=3.990e-06 tau=0.00e+00 cg_it=0 shift=0 ckpt=1 alpha=0 acc mv=1040
PCG_PREP o=356 rebuild=1 drift=0 previous_depth=1
E2_CAP o=356 retry=0 touched=162 ncam=3068 raw=24888.776108787079 capped=87.52972851057433 radius=33.805903432709613 median=0.18840106240151158 global_scale=0.3862219614747871
ATTR_RADIUS o=356 raw_norm=24888.776108787093 norm=33.805903432709577 radius=33.805903432709613 next_radius=67.611806865419226 lambda=3.9901512226215788e-06 next_lambda=9.9753780565539471e-07 rho=1.0011076663033143 accept=1
CLASSICAL_LM o=356 lambda=3.9901512226215788e-06 tau=3.9901512226215788e-06 prediction=4.5354726094470461 rho=1.0011076663033143 accept=1
  MFCG it 357 cost=1.776173e+06 lam=9.975e-07 tau=0.00e+00 cg_it=1 shift=0 ckpt=2 alpha=0 acc mv=1043
PCG_PREP o=357 rebuild=1 drift=0 previous_depth=2
E2_CAP o=357 retry=0 touched=178 ncam=3068 raw=33851.349292914594 capped=82.565656960288692 radius=67.611806865419226 median=0.17624031677243038 global_scale=0.81888534960653481
ATTR_RADIUS o=357 raw_norm=33851.349292914609 norm=67.61180686541941 radius=67.611806865419226 next_radius=16.902951716354806 lambda=9.9753780565539471e-07 next_lambda=1.5960604890486315e-05 rho=-1 accept=0
CLASSICAL_LM o=357 lambda=9.9753780565539471e-07 tau=9.9753780565539471e-07 prediction=-5.8701161834752877 rho=-1 accept=0
  MFCG it 358  retry 1/8  lam=1.596e-05 tau_eff=9.975e-07  (assembly reused)
PCG_PREP o=357 rebuild=1 drift=0 previous_depth=2
E2_CAP o=357 retry=1 touched=220 ncam=3068 raw=9293.6381541874289 capped=46.599830644799368 radius=16.902951716354806 median=0.09118728678771143 global_scale=0.36272560398760179
ATTR_RADIUS o=357 raw_norm=9293.6381541874289 norm=16.902951716354831 radius=16.902951716354806 next_radius=33.805903432709613 lambda=1.5960604890486315e-05 next_lambda=3.9901512226215788e-06 rho=0.99995339988650389 accept=1
CLASSICAL_LM o=357 lambda=1.5960604890486315e-05 tau=1.5960604890486315e-05 prediction=35.201800714554125 rho=0.99995339988650389 accept=1
  MFCG it 358 cost=1.776138e+06 lam=3.990e-06 tau=0.00e+00 cg_it=0 shift=0 ckpt=1 alpha=0 acc mv=1048
PCG_PREP o=358 rebuild=1 drift=0 previous_depth=1
E2_CAP o=358 retry=0 touched=158 ncam=3068 raw=24887.599061644127 capped=82.445857800492092 radius=33.805903432709613 median=0.18036256011878565 global_scale=0.41003762147172224
ATTR_RADIUS o=358 raw_norm=24887.599061644141 norm=33.805903432709627 radius=33.805903432709613 next_radius=67.611806865419226 lambda=3.9901512226215788e-06 next_lambda=9.9753780565539471e-07 rho=1.0010082777183071 accept=1
CLASSICAL_LM o=358 lambda=3.9901512226215788e-06 tau=3.9901512226215788e-06 prediction=5.1179065192941522 rho=1.0010082777183071 accept=1
  MFCG it 359 cost=1.776132e+06 lam=9.975e-07 tau=0.00e+00 cg_it=1 shift=0 ckpt=2 alpha=0 acc mv=1051
PCG_PREP o=359 rebuild=1 drift=0 previous_depth=2
E2_CAP o=359 retry=0 touched=168 ncam=3068 raw=33842.841069619608 capped=79.178020956327003 radius=67.611806865419226 median=0.17156531165202127 global_scale=0.85392140456140642
ATTR_RADIUS o=359 raw_norm=33842.841069619644 norm=67.61180686541914 radius=67.611806865419226 next_radius=16.902951716354806 lambda=9.9753780565539471e-07 next_lambda=1.5960604890486315e-05 rho=-1 accept=0
CLASSICAL_LM o=359 lambda=9.9753780565539471e-07 tau=9.9753780565539471e-07 prediction=-3.8393159887665318 rho=-1 accept=0
  MFCG it 360  retry 1/8  lam=1.596e-05 tau_eff=9.975e-07  (assembly reused)
PCG_PREP o=359 rebuild=1 drift=0 previous_depth=2
E2_CAP o=359 retry=1 touched=224 ncam=3068 raw=9292.3997921123864 capped=48.371459503472778 radius=16.902951716354806 median=0.094030547291625452 global_scale=0.34944059761399748
ATTR_RADIUS o=359 raw_norm=9292.3997921123955 norm=16.902951716354782 radius=16.902951716354806 next_radius=33.805903432709613 lambda=1.5960604890486315e-05 next_lambda=3.9901512226215788e-06 rho=0.99995655677507589 accept=1
CLASSICAL_LM o=359 lambda=1.5960604890486315e-05 tau=1.5960604890486315e-05 prediction=35.724805955913773 rho=0.99995655677507589 accept=1
  MFCG it 360 cost=1.776097e+06 lam=3.990e-06 tau=0.00e+00 cg_it=0 shift=0 ckpt=1 alpha=0 acc mv=1056
PCG_PREP o=360 rebuild=1 drift=0 previous_depth=1
E2_CAP o=360 retry=0 touched=153 ncam=3068 raw=24885.48123076847 capped=78.605120534375146 radius=33.805903432709613 median=0.17548945593959081 global_scale=0.43007253475205609
ATTR_RADIUS o=360 raw_norm=24885.481230768477 norm=33.805903432709606 radius=33.805903432709613 next_radius=67.611806865419226 lambda=3.9901512226215788e-06 next_lambda=9.9753780565539471e-07 rho=1.0008752710988436 accept=1
CLASSICAL_LM o=360 lambda=3.9901512226215788e-06 tau=3.9901512226215788e-06 prediction=5.7754209825341665 rho=1.0008752710988436 accept=1
  MFCG it 361 cost=1.776091e+06 lam=9.975e-07 tau=0.00e+00 cg_it=1 shift=0 ckpt=2 alpha=0 acc mv=1059
PCG_PREP o=361 rebuild=1 drift=0 previous_depth=2
E2_CAP o=361 retry=0 touched=166 ncam=3068 raw=33835.205766408937 capped=76.374075013010582 radius=67.611806865419226 median=0.16850204358921603 global_scale=0.88527169532202288
ATTR_RADIUS o=361 raw_norm=33835.205766408908 norm=67.611806865419126 radius=67.611806865419226 next_radius=16.902951716354806 lambda=9.9753780565539471e-07 next_lambda=1.5960604890486315e-05 rho=-1 accept=0
CLASSICAL_LM o=361 lambda=9.9753780565539471e-07 tau=9.9753780565539471e-07 prediction=-0.62787350697979782 rho=-1 accept=0
  MFCG it 362  retry 1/8  lam=1.596e-05 tau_eff=9.975e-07  (assembly reused)
PCG_PREP o=361 rebuild=1 drift=0 previous_depth=2
E2_CAP o=361 retry=1 touched=226 ncam=3068 raw=9291.7982219005607 capped=49.809446846757055 radius=16.902951716354806 median=0.096469969464298894 global_scale=0.33935232744820787
ATTR_RADIUS o=361 raw_norm=9291.7982219005462 norm=16.902951716354838 radius=16.902951716354806 next_radius=33.805903432709613 lambda=1.5960604890486315e-05 next_lambda=3.9901512226215788e-06 rho=0.99996065833193359 accept=1
CLASSICAL_LM o=361 lambda=1.5960604890486315e-05 tau=1.5960604890486315e-05 prediction=36.177893943001237 rho=0.99996065833193359 accept=1
  MFCG it 362 cost=1.776055e+06 lam=3.990e-06 tau=0.00e+00 cg_it=0 shift=0 ckpt=1 alpha=0 acc mv=1064
PCG_PREP o=362 rebuild=1 drift=0 previous_depth=1
E2_CAP o=362 retry=0 touched=145 ncam=3068 raw=24882.884636425348 capped=75.68669171811014 radius=33.805903432709613 median=0.1722960103384506 global_scale=0.44665584748528009
ATTR_RADIUS o=362 raw_norm=24882.884636425384 norm=33.805903432709613 radius=33.805903432709613 next_radius=67.611806865419226 lambda=3.9901512226215788e-06 next_lambda=9.9753780565539471e-07 rho=1.0007432480781584 accept=1
CLASSICAL_LM o=362 lambda=3.9901512226215788e-06 tau=3.9901512226215788e-06 prediction=6.6624164799307559 rho=1.0007432480781584 accept=1
  MFCG it 363 cost=1.776048e+06 lam=9.975e-07 tau=0.00e+00 cg_it=1 shift=0 ckpt=2 alpha=0 acc mv=1067
PCG_PREP o=363 rebuild=1 drift=0 previous_depth=2
E2_CAP o=363 retry=0 touched=162 ncam=3068 raw=33828.217277613607 capped=74.19807227751636 radius=67.611806865419226 median=0.16552652182221358 global_scale=0.91123400905264607
ATTR_RADIUS o=363 raw_norm=33828.217277613592 norm=67.611806865419311 radius=67.611806865419226 next_radius=135.22361373083845 lambda=9.9753780565539471e-07 next_lambda=2.4938445141384868e-07 rho=1.0219955105682073 accept=1
CLASSICAL_LM o=363 lambda=9.9753780565539471e-07 tau=9.9753780565539471e-07 prediction=1.8294011574038356 rho=1.0219955105682073 accept=1
  MFCG it 364 cost=1.776046e+06 lam=2.494e-07 tau=0.00e+00 cg_it=1 shift=0 ckpt=2 alpha=0 acc mv=1070
PCG_PREP o=364 rebuild=1 drift=0 previous_depth=2
E2_CAP o=364 retry=0 touched=158 ncam=3068 raw=53254.792170648187 capped=67.9105659451902 radius=135.22361373083845 median=0.15452944282578013 global_scale=1
ATTR_RADIUS o=364 raw_norm=53254.792170648157 norm=67.910565945190214 radius=135.22361373083845 next_radius=135.22361373083845 lambda=2.4938445141384868e-07 next_lambda=2.4938445141384868e-07 rho=1.0033650305279507 accept=1
CLASSICAL_LM o=364 lambda=2.4938445141384868e-07 tau=2.4938445141384868e-07 prediction=16.180174562550825 rho=1.0033650305279507 accept=1
  MFCG it 365 cost=1.776030e+06 lam=2.494e-07 tau=0.00e+00 cg_it=1 shift=0 ckpt=2 alpha=0 acc mv=1073
PCG_PREP o=365 rebuild=1 drift=0 previous_depth=2
E2_CAP o=365 retry=0 touched=158 ncam=3068 raw=53225.221694988664 capped=56.89494883513769 radius=135.22361373083845 median=0.13315224291035532 global_scale=1
ATTR_RADIUS o=365 raw_norm=53225.221694988657 norm=56.894948835137683 radius=135.22361373083845 next_radius=135.22361373083845 lambda=2.4938445141384868e-07 next_lambda=2.4938445141384868e-07 rho=1.001506362154146 accept=1
CLASSICAL_LM o=365 lambda=2.4938445141384868e-07 tau=2.4938445141384868e-07 prediction=30.496139713668942 rho=1.001506362154146 accept=1
  MFCG it 366 cost=1.775999e+06 lam=2.494e-07 tau=0.00e+00 cg_it=1 shift=0 ckpt=2 alpha=0 acc mv=1076
PCG_PREP o=366 rebuild=1 drift=0 previous_depth=2
E2_CAP o=366 retry=0 touched=152 ncam=3068 raw=53144.496496989312 capped=51.381584811554056 radius=135.22361373083845 median=0.12100677208056548 global_scale=1
ATTR_RADIUS o=366 raw_norm=53144.496496989254 norm=51.381584811554063 radius=135.22361373083845 next_radius=135.22361373083845 lambda=2.4938445141384868e-07 next_lambda=2.4938445141384868e-07 rho=1.0012496807620561 accept=1
CLASSICAL_LM o=366 lambda=2.4938445141384868e-07 tau=2.4938445141384868e-07 prediction=29.541820367297831 rho=1.0012496807620561 accept=1
  MFCG it 367 cost=1.775970e+06 lam=2.494e-07 tau=0.00e+00 cg_it=1 shift=0 ckpt=2 alpha=0 acc mv=1079
PCG_PREP o=367 rebuild=1 drift=0 previous_depth=2
E2_CAP o=367 retry=0 touched=149 ncam=3068 raw=53149.460470066457 capped=48.325898080205199 radius=135.22361373083845 median=0.11456967686204989 global_scale=1
ATTR_RADIUS o=367 raw_norm=53149.460470066515 norm=48.32589808020515 radius=135.22361373083845 next_radius=135.22361373083845 lambda=2.4938445141384868e-07 next_lambda=2.4938445141384868e-07 rho=1.0011261955556974 accept=1
CLASSICAL_LM o=367 lambda=2.4938445141384868e-07 tau=2.4938445141384868e-07 prediction=30.631428252003179 rho=1.0011261955556974 accept=1
  MFCG it 368 cost=1.775939e+06 lam=2.494e-07 tau=0.00e+00 cg_it=1 shift=0 ckpt=2 alpha=0 acc mv=1082
PCG_PREP o=368 rebuild=1 drift=0 previous_depth=2
E2_CAP o=368 retry=0 touched=147 ncam=3068 raw=53184.252021928565 capped=46.835655205670989 radius=135.22361373083845 median=0.11183362191638374 global_scale=1
ATTR_RADIUS o=368 raw_norm=53184.252021928609 norm=46.835655205670982 radius=135.22361373083845 next_radius=135.22361373083845 lambda=2.4938445141384868e-07 next_lambda=2.4938445141384868e-07 rho=1.0010114884211418 accept=1
CLASSICAL_LM o=368 lambda=2.4938445141384868e-07 tau=2.4938445141384868e-07 prediction=31.181432355730188 rho=1.0010114884211418 accept=1
  MFCG it 369 cost=1.775908e+06 lam=2.494e-07 tau=0.00e+00 cg_it=1 shift=0 ckpt=2 alpha=0 acc mv=1085
PCG_PREP o=369 rebuild=1 drift=0 previous_depth=2
E2_CAP o=369 retry=0 touched=146 ncam=3068 raw=53175.638957119576 capped=45.746273822086181 radius=135.22361373083845 median=0.10946395492301764 global_scale=1
ATTR_RADIUS o=369 raw_norm=53175.638957119569 norm=45.746273822086138 radius=135.22361373083845 next_radius=135.22361373083845 lambda=2.4938445141384868e-07 next_lambda=2.4938445141384868e-07 rho=1.0009610523890229 accept=1
CLASSICAL_LM o=369 lambda=2.4938445141384868e-07 tau=2.4938445141384868e-07 prediction=31.542873156181081 rho=1.0009610523890229 accept=1
  MFCG it 370 cost=1.775876e+06 lam=2.494e-07 tau=0.00e+00 cg_it=1 shift=0 ckpt=2 alpha=0 acc mv=1088
PCG_PREP o=370 rebuild=1 drift=0 previous_depth=2
E2_CAP o=370 retry=0 touched=145 ncam=3068 raw=53244.262847573198 capped=44.301630336772192 radius=135.22361373083845 median=0.10640044458288714 global_scale=1
ATTR_RADIUS o=370 raw_norm=53244.262847573198 norm=44.301630336772313 radius=135.22361373083845 next_radius=135.22361373083845 lambda=2.4938445141384868e-07 next_lambda=2.4938445141384868e-07 rho=1.0009208847732314 accept=1
CLASSICAL_LM o=370 lambda=2.4938445141384868e-07 tau=2.4938445141384868e-07 prediction=31.592329207523893 rho=1.0009208847732314 accept=1
  MFCG it 371 cost=1.775845e+06 lam=2.494e-07 tau=0.00e+00 cg_it=1 shift=0 ckpt=2 alpha=0 acc mv=1091
PCG_PREP o=371 rebuild=1 drift=0 previous_depth=2
E2_CAP o=371 retry=0 touched=263 ncam=3068 raw=46680.997178784412 capped=85.422039279769749 radius=135.22361373083845 median=0.15549073886008319 global_scale=1
ATTR_RADIUS o=371 raw_norm=46680.997178784462 norm=85.422039279769606 radius=135.22361373083845 next_radius=135.22361373083845 lambda=2.4938445141384868e-07 next_lambda=2.4938445141384868e-07 rho=0.99994082731186573 accept=1
CLASSICAL_LM o=371 lambda=2.4938445141384868e-07 tau=2.4938445141384868e-07 prediction=159.11295847308361 rho=0.99994082731186573 accept=1
  MFCG it 372 cost=1.775686e+06 lam=2.494e-07 tau=0.00e+00 cg_it=0 shift=0 ckpt=1 alpha=0 acc mv=1093
PCG_PREP o=372 rebuild=1 drift=0 previous_depth=1
E2_CAP o=372 retry=0 touched=147 ncam=3068 raw=53084.743939009357 capped=121.84057721196966 radius=135.22361373083845 median=0.2616363150598906 global_scale=1
ATTR_RADIUS o=372 raw_norm=53084.7439390094 norm=121.84057721197 radius=135.22361373083845 next_radius=33.805903432709613 lambda=2.4938445141384868e-07 next_lambda=3.9901512226215788e-06 rho=-1 accept=0
CLASSICAL_LM o=372 lambda=2.4938445141384868e-07 tau=2.4938445141384868e-07 prediction=-43.431487081821274 rho=-1 accept=0
  MFCG it 373  retry 1/8  lam=3.990e-06 tau_eff=2.494e-07  (assembly reused)
PCG_PREP o=372 rebuild=1 drift=0 previous_depth=2
E2_CAP o=372 retry=1 touched=209 ncam=3068 raw=14254.522209805356 capped=56.45635724034377 radius=33.805903432709613 median=0.11483359082486111 global_scale=0.59879710780475015
ATTR_RADIUS o=372 raw_norm=14254.522209805362 norm=33.805903432709655 radius=33.805903432709613 next_radius=67.611806865419226 lambda=3.9901512226215788e-06 next_lambda=9.9753780565539471e-07 rho=1.0001249176391644 accept=1
CLASSICAL_LM o=372 lambda=3.9901512226215788e-06 tau=3.9901512226215788e-06 prediction=60.89208902637975 rho=1.0001249176391644 accept=1
  MFCG it 373 cost=1.775625e+06 lam=9.975e-07 tau=0.00e+00 cg_it=0 shift=0 ckpt=1 alpha=0 acc mv=1098
PCG_PREP o=373 rebuild=1 drift=0 previous_depth=1
E2_CAP o=373 retry=0 touched=166 ncam=3068 raw=33757.022999994748 capped=114.12246777464877 radius=67.611806865419226 median=0.23587488636011006 global_scale=0.59244956916747071
ATTR_RADIUS o=373 raw_norm=33757.022999994748 norm=67.61180686541951 radius=67.611806865419226 next_radius=16.902951716354806 lambda=9.9753780565539471e-07 next_lambda=1.5960604890486315e-05 rho=-1 accept=0
CLASSICAL_LM o=373 lambda=9.9753780565539471e-07 tau=9.9753780565539471e-07 prediction=-2.9108121569917689 rho=-1 accept=0
  MFCG it 374  retry 1/8  lam=1.596e-05 tau_eff=9.975e-07  (assembly reused)
PCG_PREP o=373 rebuild=1 drift=0 previous_depth=2
E2_CAP o=373 retry=1 touched=209 ncam=3068 raw=9226.7605401988822 capped=27.688845575531403 radius=16.902951716354806 median=0.057096556577455479 global_scale=0.61046068786962804
ATTR_RADIUS o=373 raw_norm=9226.760540198884 norm=16.902951716354796 radius=16.902951716354806 next_radius=33.805903432709613 lambda=1.5960604890486315e-05 next_lambda=3.9901512226215788e-06 rho=1.0001501635464807 accept=1
CLASSICAL_LM o=373 lambda=1.5960604890486315e-05 tau=1.5960604890486315e-05 prediction=34.913344733616746 rho=1.0001501635464807 accept=1
  MFCG it 374 cost=1.775590e+06 lam=3.990e-06 tau=0.00e+00 cg_it=0 shift=0 ckpt=1 alpha=0 acc mv=1103
PCG_PREP o=374 rebuild=1 drift=0 previous_depth=1
E2_CAP o=374 retry=0 touched=218 ncam=3068 raw=14365.468858128599 capped=26.490232386120812 radius=33.805903432709613 median=0.054018111176926356 global_scale=1
ATTR_RADIUS o=374 raw_norm=14365.468858128605 norm=26.490232386120773 radius=33.805903432709613 next_radius=33.805903432709613 lambda=3.9901512226215788e-06 next_lambda=3.9901512226215788e-07 rho=1.0001167842803866 accept=1
CLASSICAL_LM o=374 lambda=3.9901512226215788e-06 tau=3.9901512226215788e-06 prediction=47.640468666675943 rho=1.0001167842803866 accept=1
  MFCG it 375 cost=1.775542e+06 lam=3.990e-07 tau=0.00e+00 cg_it=0 shift=0 ckpt=1 alpha=0 acc mv=1105
PCG_PREP o=375 rebuild=1 drift=0 previous_depth=1
E2_CAP o=375 retry=0 touched=202 ncam=3068 raw=45099.04459678079 capped=126.42649203040864 radius=33.805903432709613 median=0.25005452520051985 global_scale=0.26739572450193805
ATTR_RADIUS o=375 raw_norm=45099.044596780775 norm=33.805903432709613 radius=33.805903432709613 next_radius=8.4514758581774032 lambda=3.9901512226215788e-07 next_lambda=6.3842419561945261e-06 rho=-1 accept=0
CLASSICAL_LM o=375 lambda=3.9901512226215788e-07 tau=3.9901512226215788e-07 prediction=-5.0855087841839435 rho=-1 accept=0
  MFCG it 376  retry 1/8  lam=6.384e-06 tau_eff=3.990e-07  (assembly reused)
PCG_PREP o=375 rebuild=1 drift=0 previous_depth=2
E2_CAP o=375 retry=1 touched=214 ncam=3068 raw=12254.368613837796 capped=22.666044197473862 radius=8.4514758581774032 median=0.047035182521732721 global_scale=0.37286946873241
ATTR_RADIUS o=375 raw_norm=12254.368613837794 norm=8.451475858177405 radius=8.4514758581774032 next_radius=16.902951716354806 lambda=6.3842419561945261e-06 next_lambda=1.5960604890486315e-06 rho=1.0001207500388445 accept=1
CLASSICAL_LM o=375 lambda=6.3842419561945261e-06 tau=6.3842419561945261e-06 prediction=15.894839689249368 rho=1.0001207500388445 accept=1
  MFCG it 376 cost=1.775526e+06 lam=1.596e-06 tau=0.00e+00 cg_it=0 shift=0 ckpt=1 alpha=0 acc mv=1110
PCG_PREP o=376 rebuild=1 drift=0 previous_depth=1
E2_CAP o=376 retry=0 touched=192 ncam=3068 raw=30097.974734216819 capped=119.30099400297219 radius=16.902951716354806 median=0.24120078167540626 global_scale=0.14168324294040413
ATTR_RADIUS o=376 raw_norm=30097.974734216848 norm=16.902951716354792 radius=16.902951716354806 next_radius=33.805903432709613 lambda=1.5960604890486315e-06 next_lambda=3.9901512226215788e-07 rho=1.0007781209294324 accept=1
CLASSICAL_LM o=376 lambda=1.5960604890486315e-06 tau=1.5960604890486315e-06 prediction=1.2894627322589125 rho=1.0007781209294324 accept=1
  MFCG it 377 cost=1.775525e+06 lam=3.990e-07 tau=0.00e+00 cg_it=1 shift=0 ckpt=2 alpha=0 acc mv=1113
PCG_PREP o=377 rebuild=1 drift=0 previous_depth=2
E2_CAP o=377 retry=0 touched=206 ncam=3068 raw=45109.173521886005 capped=113.36440117517161 radius=33.805903432709613 median=0.22588234763575643 global_scale=0.29820563671017369
ATTR_RADIUS o=377 raw_norm=45109.173521886012 norm=33.805903432709627 radius=33.805903432709613 next_radius=8.4514758581774032 lambda=3.9901512226215788e-07 next_lambda=6.3842419561945261e-06 rho=-1 accept=0
CLASSICAL_LM o=377 lambda=3.9901512226215788e-07 tau=3.9901512226215788e-07 prediction=-6.6951598405721722 rho=-1 accept=0
  MFCG it 378  retry 1/8  lam=6.384e-06 tau_eff=3.990e-07  (assembly reused)
PCG_PREP o=377 rebuild=1 drift=0 previous_depth=2
E2_CAP o=377 retry=1 touched=205 ncam=3068 raw=12245.750088602323 capped=28.36071854157785 radius=8.4514758581774032 median=0.058701804474969838 global_scale=0.29799935589739135
ATTR_RADIUS o=377 raw_norm=12245.750088602326 norm=8.4514758581774192 radius=8.4514758581774032 next_radius=16.902951716354806 lambda=6.3842419561945261e-06 next_lambda=1.5960604890486315e-06 rho=0.99998298902451344 accept=1
CLASSICAL_LM o=377 lambda=6.3842419561945261e-06 tau=6.3842419561945261e-06 prediction=15.641512598767189 rho=0.99998298902451344 accept=1
  MFCG it 378 cost=1.775509e+06 lam=1.596e-06 tau=0.00e+00 cg_it=0 shift=0 ckpt=1 alpha=0 acc mv=1118
PCG_PREP o=378 rebuild=1 drift=0 previous_depth=1
E2_CAP o=378 retry=0 touched=192 ncam=3068 raw=30100.22992913262 capped=108.73055088157088 radius=16.902951716354806 median=0.22090184071858304 global_scale=0.15545724342706099
ATTR_RADIUS o=378 raw_norm=30100.229929132624 norm=16.902951716354856 radius=16.902951716354806 next_radius=33.805903432709613 lambda=1.5960604890486315e-06 next_lambda=3.9901512226215788e-07 rho=1.0013694816405261 accept=1
CLASSICAL_LM o=378 lambda=1.5960604890486315e-06 tau=1.5960604890486315e-06 prediction=0.70123017441066193 rho=1.0013694816405261 accept=1
  MFCG it 379 cost=1.775509e+06 lam=3.990e-07 tau=0.00e+00 cg_it=1 shift=0 ckpt=2 alpha=0 acc mv=1121
PCG_PREP o=379 rebuild=1 drift=0 previous_depth=2
E2_CAP o=379 retry=0 touched=203 ncam=3068 raw=45096.644420873701 capped=105.32460512379343 radius=33.805903432709613 median=0.21162221063923581 global_scale=0.32096871754682388
ATTR_RADIUS o=379 raw_norm=45096.644420873738 norm=33.805903432709542 radius=33.805903432709613 next_radius=8.4514758581774032 lambda=3.9901512226215788e-07 next_lambda=6.3842419561945261e-06 rho=-1 accept=0
CLASSICAL_LM o=379 lambda=3.9901512226215788e-07 tau=3.9901512226215788e-07 prediction=-7.5254226626498717 rho=-1 accept=0
  MFCG it 380  retry 1/8  lam=6.384e-06 tau_eff=3.990e-07  (assembly reused)
PCG_PREP o=379 rebuild=1 drift=0 previous_depth=2
E2_CAP o=379 retry=1 touched=204 ncam=3068 raw=12238.678192621337 capped=32.518241486623808 radius=8.4514758581774032 median=0.065466856630972015 global_scale=0.2598995355162077
ATTR_RADIUS o=379 raw_norm=12238.678192621352 norm=8.4514758581773943 radius=8.4514758581774032 next_radius=16.902951716354806 lambda=6.3842419561945261e-06 next_lambda=1.5960604890486315e-06 rho=0.99997294607974496 accept=1
CLASSICAL_LM o=379 lambda=6.3842419561945261e-06 tau=6.3842419561945261e-06 prediction=15.494639253592242 rho=0.99997294607974496 accept=1
  MFCG it 380 cost=1.775493e+06 lam=1.596e-06 tau=0.00e+00 cg_it=0 shift=0 ckpt=1 alpha=0 acc mv=1126
PCG_PREP o=380 rebuild=1 drift=0 previous_depth=1
E2_CAP o=380 retry=0 touched=191 ncam=3068 raw=30100.799425862027 capped=101.89499608324391 radius=16.902951716354806 median=0.20868551733031698 global_scale=0.16588598425918588
ATTR_RADIUS o=380 raw_norm=30100.799425862013 norm=16.902951716354739 radius=16.902951716354806 next_radius=33.805903432709613 lambda=1.5960604890486315e-06 next_lambda=3.9901512226215788e-07 rho=1.003924061341412 accept=1
CLASSICAL_LM o=380 lambda=1.5960604890486315e-06 tau=1.5960604890486315e-06 prediction=0.2612075584986151 rho=1.003924061341412 accept=1
  MFCG it 381 cost=1.775493e+06 lam=3.990e-07 tau=0.00e+00 cg_it=1 shift=0 ckpt=2 alpha=0 acc mv=1129
PCG_PREP o=381 rebuild=1 drift=0 previous_depth=2
E2_CAP o=381 retry=0 touched=194 ncam=3068 raw=45086.038125188134 capped=100.33069858092766 radius=33.805903432709613 median=0.20372449229258213 global_scale=0.33694476277807894
ATTR_RADIUS o=381 raw_norm=45086.038125188119 norm=33.805903432709599 radius=33.805903432709613 next_radius=8.4514758581774032 lambda=3.9901512226215788e-07 next_lambda=6.3842419561945261e-06 rho=-1 accept=0
CLASSICAL_LM o=381 lambda=3.9901512226215788e-07 tau=3.9901512226215788e-07 prediction=-7.9725618665390545 rho=-1 accept=0
  MFCG it 382  retry 1/8  lam=6.384e-06 tau_eff=3.990e-07  (assembly reused)
PCG_PREP o=381 rebuild=1 drift=0 previous_depth=2
E2_CAP o=381 retry=1 touched=209 ncam=3068 raw=12232.045102084159 capped=36.209049252169166 radius=8.4514758581774032 median=0.071655262871146097 global_scale=0.23340783679016655
ATTR_RADIUS o=381 raw_norm=12232.045102084161 norm=8.4514758581774103 radius=8.4514758581774032 next_radius=16.902951716354806 lambda=6.3842419561945261e-06 next_lambda=1.5960604890486315e-06 rho=0.99997118496614779 accept=1
CLASSICAL_LM o=381 lambda=6.3842419561945261e-06 tau=6.3842419561945261e-06 prediction=15.517591615059919 rho=0.99997118496614779 accept=1
  MFCG it 382 cost=1.775477e+06 lam=1.596e-06 tau=0.00e+00 cg_it=0 shift=0 ckpt=1 alpha=0 acc mv=1134
PCG_PREP o=382 rebuild=1 drift=0 previous_depth=1
E2_CAP o=382 retry=0 touched=181 ncam=3068 raw=30100.359128140524 capped=96.273264481687903 radius=16.902951716354806 median=0.19835175336489747 global_scale=0.17557264529624328
ATTR_RADIUS o=382 raw_norm=30100.359128140546 norm=16.902951716354806 radius=16.902951716354806 next_radius=4.2257379290887016 lambda=1.5960604890486315e-06 next_lambda=2.5536967824778105e-05 rho=-1 accept=0
CLASSICAL_LM o=382 lambda=1.5960604890486315e-06 tau=1.5960604890486315e-06 prediction=-0.125872074009862 rho=-1 accept=0
  MFCG it 383  retry 1/8  lam=2.554e-05 tau_eff=1.596e-06  (assembly reused)
PCG_PREP o=382 rebuild=1 drift=0 previous_depth=2
E2_CAP o=382 retry=1 touched=194 ncam=3068 raw=7933.0851325353751 capped=27.609883799519995 radius=4.2257379290887016 median=0.056959461854817567 global_scale=0.15305163758647064
ATTR_RADIUS o=382 raw_norm=7933.0851325353779 norm=4.2257379290887105 radius=4.2257379290887016 next_radius=8.4514758581774032 lambda=2.5536967824778105e-05 next_lambda=6.3842419561945261e-06 rho=1.0000261064074571 accept=1
CLASSICAL_LM o=382 lambda=2.5536967824778105e-05 tau=2.5536967824778105e-05 prediction=9.4186464395102867 rho=1.0000261064074571 accept=1
  MFCG: converged (OCA_FTOL: 8 outers < 1.0e-05 rel)
  MFCG: accepts=383 rejects=33 total_matvecs=1139 negcurv=1 cand_evals=416 mean_cg_per_outer=3.0
NUMERIC_REPAIR summary rebuilds=1 floor=2.4938445141384868e-07
  [retry-cache] builds=417 reuses=0
  [menu-backtrack] trials=92 rescues=92 evals=303 total_scored=719
POINT_SAFE summary calls=92 evals=92 wins=10 frozen=18693 seconds=1.09488928
  [scoring] menu_evals=416 alpha_evals=0 backtrack_evals=303 total_scored=719
RESULT algo=mfree_shifted_cg iters=383 final_cost=1775468.0408587346 solve_seconds=16.987731
DIAGNOSTICS median_reproj_err_px 2.704502 -> 0.548505 | cheirality_violations(obs) 751 -> 799 | cheirality_violations(pts, of 310854) 725 -> 749
