  [menu-backtrack] active=1 max_evals=8 warmup_accepts=3 confirm_stop=original armijo=1e-4
MIXED_STORAGE fragments=fp32 arithmetic=fp64 state=fp64 acceptance=fp64
  [compact-fragments] active=2 saved_bytes=171996448 storage=fp32 camera_reads=contiguous
  MFCG score_init=90993342.024340227 precision=fp64
PCG_PREP o=0 rebuild=1 drift=0 previous_depth=0
ATTR_RADIUS o=0 raw_norm=8861.1709887307607 norm=8861.1709887307607 radius=8861.1709887307607 next_radius=17722.341977461521 lambda=0.10000000000000001 next_lambda=0.025000000000000001 rho=0.99545080656082663 accept=1
CLASSICAL_LM o=0 lambda=0.10000000000000001 tau=0.10000000000000001 prediction=83412716.699058965 rho=0.99545080656082663 accept=1
  MFCG it   1 cost=7.960086e+06 lam=2.500e-02 tau=0.00e+00 cg_it=0 shift=0 ckpt=1 alpha=0 acc mv=2
PCG_PREP o=1 rebuild=1 drift=0 previous_depth=1
ATTR_RADIUS o=1 raw_norm=4659.712120677782 norm=4659.712120677782 radius=17722.341977461521 next_radius=17722.341977461521 lambda=0.025000000000000001 next_lambda=0.0025000000000000005 rho=0.99453896506500017 accept=1
CLASSICAL_LM o=1 lambda=0.025000000000000001 tau=0.025000000000000001 prediction=4259951.5107679684 rho=0.99453896506500017 accept=1
  MFCG it   2 cost=3.723398e+06 lam=2.500e-03 tau=0.00e+00 cg_it=4 shift=0 ckpt=5 alpha=0 acc mv=8
PCG_PREP o=2 rebuild=1 drift=0 previous_depth=5
ATTR_RADIUS o=2 raw_norm=6975.6779789559614 norm=6975.6779789559614 radius=17722.341977461521 next_radius=17722.341977461521 lambda=0.0025000000000000005 next_lambda=0.00025000000000000006 rho=0.87051061466541813 accept=1
CLASSICAL_LM o=2 lambda=0.0025000000000000005 tau=0.0025000000000000005 prediction=1234099.5580717577 rho=0.87051061466541813 accept=1
  MFCG it   3 cost=2.649101e+06 lam=2.500e-04 tau=0.00e+00 cg_it=9 shift=0 ckpt=10 alpha=0 acc mv=19
PCG_PREP o=3 rebuild=1 drift=0 previous_depth=10
ATTR_RADIUS o=3 raw_norm=10922.542500246513 norm=10922.542500246513 radius=17722.341977461521 next_radius=17722.341977461521 lambda=0.00025000000000000006 next_lambda=2.5000000000000008e-05 rho=0.71461554948004546 accept=1
CLASSICAL_LM o=3 lambda=0.00025000000000000006 tau=0.00025000000000000006 prediction=596515.31226690579 rho=0.71461554948004546 accept=1
  MFCG it   4 cost=2.222822e+06 lam=2.500e-05 tau=0.00e+00 cg_it=0 shift=0 ckpt=1 alpha=0 acc mv=21
PCG_PREP o=4 rebuild=1 drift=0 previous_depth=1
POINT_SAFE o=4 frozen=1341 slope=-336469.80089725205 candidate=2043410.2400558698 original=2072225.55934902 current=2222822.2595817512 won=1 mode=1 camera_scale=1 keep_scale=0
ATTR_RADIUS o=4 raw_norm=25300.156642816157 norm=17722.341977461525 radius=17722.341977461521 next_radius=35444.683954923043 lambda=2.5000000000000008e-05 next_lambda=6.250000000000002e-06 rho=0.9174523677228853 accept=1
CLASSICAL_LM o=4 lambda=2.5000000000000008e-05 tau=2.5000000000000008e-05 prediction=195554.58772337317 rho=0.9174523677228853 accept=1
  MFCG it   5 cost=2.043410e+06 lam=6.250e-06 tau=0.00e+00 cg_it=1 shift=0 ckpt=2 alpha=0 acc mv=24
PCG_PREP o=5 rebuild=1 drift=0 previous_depth=2
POINT_SAFE o=5 frozen=1597 slope=-207540.45141308586 candidate=2178480.8896224159 original=2002344.3701254469 current=2043410.2400558698 won=0 mode=1 camera_scale=1 keep_scale=0
ATTR_RADIUS o=5 raw_norm=42981.157467995821 norm=4430.5854943653776 radius=35444.683954923043 next_radius=35444.683954923043 lambda=6.250000000000002e-06 next_lambda=6.2500000000000026e-07 rho=0.91588044263980872 accept=1
CLASSICAL_LM o=5 lambda=6.250000000000002e-06 tau=6.250000000000002e-06 prediction=44837.587984803133 rho=0.91588044263980872 accept=1
  MFCG it   6 cost=2.002344e+06 lam=6.250e-07 tau=0.00e+00 cg_it=7 shift=0 ckpt=8 alpha=0 acc mv=33
PCG_PREP o=6 rebuild=1 drift=0 previous_depth=8
POINT_SAFE o=6 frozen=1717 slope=-116974.08029795351 candidate=4314364.7170787165 original=1973469.9958883687 current=2002344.3701254469 won=0 mode=1 camera_scale=1 keep_scale=0
ATTR_RADIUS o=6 raw_norm=69293.440926962532 norm=8861.1709887307643 radius=35444.683954923043 next_radius=35444.683954923043 lambda=6.2500000000000026e-07 next_lambda=6.2500000000000024e-08 rho=0.50048932795759027 accept=1
CLASSICAL_LM o=6 lambda=6.2500000000000026e-07 tau=6.2500000000000026e-07 prediction=57692.287575660266 rho=0.50048932795759027 accept=1
  MFCG it   7 cost=1.973470e+06 lam=6.250e-08 tau=0.00e+00 cg_it=5 shift=0 ckpt=6 alpha=0 acc mv=40
PCG_PREP o=7 rebuild=1 drift=0 previous_depth=6
POINT_SAFE o=7 frozen=775 slope=-52711.478699686762 candidate=12537571.332790328 original=1972931.6897124129 current=1973469.9958883687 won=0 mode=1 camera_scale=1 keep_scale=0
ATTR_RADIUS o=7 raw_norm=77456.884944188496 norm=553.82318679567265 radius=35444.683954923043 next_radius=8861.1709887307607 lambda=6.2500000000000024e-08 next_lambda=1.0000000000000004e-06 rho=0.2111055838012256 accept=1
CLASSICAL_LM o=7 lambda=6.2500000000000024e-08 tau=6.2500000000000024e-08 prediction=2549.938122255764 rho=0.2111055838012256 accept=1
  MFCG it   8 cost=1.972932e+06 lam=1.000e-06 tau=0.00e+00 cg_it=0 shift=0 ckpt=1 alpha=0 acc mv=42
PCG_PREP o=8 rebuild=1 drift=0 previous_depth=1
POINT_SAFE o=8 frozen=275 slope=-44871.703522047392 candidate=2004233.5025860546 original=1972233.5043946663 current=1972931.6897124129 won=0 mode=1 camera_scale=1 keep_scale=0
ATTR_RADIUS o=8 raw_norm=30861.658322241841 norm=138.45579669891811 radius=8861.1709887307607 next_radius=8861.1709887307607 lambda=1.0000000000000004e-06 next_lambda=1.0000000000000005e-07 rho=0.28812903932414341 accept=1
CLASSICAL_LM o=8 lambda=1.0000000000000004e-06 tau=1.0000000000000004e-06 prediction=2423.1688669226505 rho=0.28812903932414341 accept=1
  MFCG it   9 cost=1.972234e+06 lam=1.000e-07 tau=0.00e+00 cg_it=0 shift=0 ckpt=1 alpha=0 acc mv=44
PCG_PREP o=9 rebuild=1 drift=0 previous_depth=1
POINT_SAFE o=9 frozen=161 slope=-37885.758281639675 candidate=2032068.7236676111 original=1971564.6486246358 current=1972233.5043946663 won=0 mode=1 camera_scale=1 keep_scale=0
ATTR_RADIUS o=9 raw_norm=70010.486693476108 norm=138.45579669891814 radius=8861.1709887307607 next_radius=8861.1709887307607 lambda=1.0000000000000005e-07 next_lambda=1.0000000000000005e-08 rho=0.28875906278943797 accept=1
CLASSICAL_LM o=9 lambda=1.0000000000000005e-07 tau=1.0000000000000005e-07 prediction=2316.310918761541 rho=0.28875906278943797 accept=1
  MFCG it  10 cost=1.971565e+06 lam=1.000e-08 tau=0.00e+00 cg_it=0 shift=0 ckpt=1 alpha=0 acc mv=46
PCG_PREP o=10 rebuild=1 drift=0 previous_depth=1
POINT_SAFE o=10 frozen=107 slope=-34638.545447318495 candidate=1973583.6159061058 original=1971153.2349675312 current=1971564.6486246358 won=0 mode=1 camera_scale=1 keep_scale=0
ATTR_RADIUS o=10 raw_norm=134229.93841528264 norm=138.45579669891814 radius=8861.1709887307607 next_radius=2215.2927471826902 lambda=1.0000000000000005e-08 next_lambda=1.6000000000000008e-07 rho=0.1817825662548419 accept=1
CLASSICAL_LM o=10 lambda=1.0000000000000005e-08 tau=1.0000000000000005e-08 prediction=2263.2184459748114 rho=0.1817825662548419 accept=1
  MFCG it  11 cost=1.971153e+06 lam=1.600e-07 tau=0.00e+00 cg_it=0 shift=0 ckpt=1 alpha=0 acc mv=48
PCG_PREP o=11 rebuild=1 drift=0 previous_depth=1
POINT_SAFE o=11 frozen=45 slope=-32398.154729337231 candidate=1958463.7071530446 original=1970469.9851210422 current=1971153.2349675312 won=1 mode=1 camera_scale=1 keep_scale=0
ATTR_RADIUS o=11 raw_norm=61068.827888646345 norm=2215.2927471826893 radius=2215.2927471826902 next_radius=4430.5854943653803 lambda=1.6000000000000008e-07 next_lambda=4.0000000000000021e-08 rho=0.75033599562094278 accept=1
CLASSICAL_LM o=11 lambda=1.6000000000000008e-07 tau=1.6000000000000008e-07 prediction=16911.794034331611 rho=0.75033599562094278 accept=1
  MFCG it  12 cost=1.958464e+06 lam=4.000e-08 tau=0.00e+00 cg_it=0 shift=0 ckpt=1 alpha=0 acc mv=50
PCG_PREP o=12 rebuild=1 drift=0 previous_depth=1
POINT_SAFE o=12 frozen=555 slope=-6760.8561160121408 candidate=1962575.6777979648 original=1957983.1848120859 current=1958463.7071530446 won=0 mode=1 camera_scale=1 keep_scale=0
ATTR_RADIUS o=12 raw_norm=83173.722540898088 norm=69.227898349459068 radius=4430.5854943653803 next_radius=4430.5854943653803 lambda=4.0000000000000021e-08 next_lambda=4.0000000000000019e-09 rho=0.26213684825876676 accept=1
CLASSICAL_LM o=12 lambda=4.0000000000000021e-08 tau=4.0000000000000021e-08 prediction=1833.0972701875187 rho=0.26213684825876676 accept=1
  MFCG it  13 cost=1.957983e+06 lam=4.000e-09 tau=0.00e+00 cg_it=0 shift=0 ckpt=1 alpha=0 acc mv=52
PCG_PREP o=13 rebuild=1 drift=0 previous_depth=1
POINT_SAFE o=13 frozen=395 slope=-5788.822020268648 candidate=1957852.0918684599 original=1957790.9753733918 current=1957983.1848120859 won=0 mode=1 camera_scale=1 keep_scale=0
ATTR_RADIUS o=13 raw_norm=130593.82025090326 norm=17.306974587364774 radius=4430.5854943653803 next_radius=4430.5854943653803 lambda=4.0000000000000019e-09 next_lambda=4.0000000000000022e-10 rho=0.42329429133956381 accept=1
CLASSICAL_LM o=13 lambda=4.0000000000000019e-09 tau=4.0000000000000019e-09 prediction=454.0799217629567 rho=0.42329429133956381 accept=1
  MFCG it  14 cost=1.957791e+06 lam=4.000e-10 tau=0.00e+00 cg_it=0 shift=0 ckpt=1 alpha=0 acc mv=54
PCG_PREP o=14 rebuild=1 drift=0 previous_depth=1
NUMERIC_REPAIR o=14 lambda=4.0000000000000022e-10 rayleigh=-1.5969234554686629e-07 next_lambda=6.4036938218746516e-07 cg=0 rebuild=1
PCG_PREP o=14 rebuild=1 drift=0 previous_depth=1
POINT_SAFE o=14 frozen=790 slope=-9583.0305905784044 candidate=1962666.8039508366 original=inf current=1957790.9753733918 won=0 mode=1 camera_scale=1 keep_scale=0
ATTR_RADIUS o=14 raw_norm=37036.655723421587 norm=4430.5854943653803 radius=4430.5854943653803 next_radius=1107.6463735913451 lambda=6.4036938218746516e-07 next_lambda=1.0245910114999443e-05 rho=-1 accept=0
CLASSICAL_LM o=14 lambda=6.4036938218746516e-07 tau=6.4036938218746516e-07 prediction=7162.3228501174517 rho=-1 accept=0
  MFCG it  15  retry 1/8  lam=1.025e-05 tau_eff=6.404e-07  (assembly reused)
PCG_PREP o=14 rebuild=1 drift=0 previous_depth=1
POINT_SAFE o=14 frozen=488 slope=-8555.879790506875 candidate=1952462.3435283632 original=inf current=1957790.9753733918 won=1 mode=1 camera_scale=1 keep_scale=0
ATTR_RADIUS o=14 raw_norm=10826.324111235264 norm=1107.6463735913451 radius=1107.6463735913451 next_radius=2215.2927471826902 lambda=1.0245910114999443e-05 next_lambda=2.5614775287498607e-06 rho=0.84703737707143012 accept=1
CLASSICAL_LM o=14 lambda=1.0245910114999443e-05 tau=1.0245910114999443e-05 prediction=6290.9052059213263 rho=0.84703737707143012 accept=1
  MFCG it  15 cost=1.952462e+06 lam=2.561e-06 tau=0.00e+00 cg_it=0 shift=0 ckpt=1 alpha=0 acc mv=59
PCG_PREP o=15 rebuild=1 drift=0 previous_depth=1
POINT_SAFE o=15 frozen=522 slope=-5689.7858361722538 candidate=1949243.7060248735 original=1952259.6635477161 current=1952462.3435283632 won=1 mode=1 camera_scale=1 keep_scale=0
ATTR_RADIUS o=15 raw_norm=21480.397716161231 norm=2215.2927471826897 radius=2215.2927471826902 next_radius=2215.2927471826902 lambda=2.5614775287498607e-06 next_lambda=2.5614775287498607e-06 rho=0.69765273207970657 accept=1
CLASSICAL_LM o=15 lambda=2.5614775287498607e-06 tau=2.5614775287498607e-06 prediction=4613.5238285311998 rho=0.69765273207970657 accept=1
  MFCG it  16 cost=1.949244e+06 lam=2.561e-06 tau=0.00e+00 cg_it=0 shift=0 ckpt=1 alpha=0 acc mv=61
PCG_PREP o=16 rebuild=1 drift=0 previous_depth=1
POINT_SAFE o=16 frozen=235 slope=-4812.7230881571395 candidate=1946591.4163656402 original=1948959.3677643433 current=1949243.7060248735 won=1 mode=1 camera_scale=1 keep_scale=0
ATTR_RADIUS o=16 raw_norm=21310.417288672681 norm=2215.2927471826911 radius=2215.2927471826902 next_radius=2215.2927471826902 lambda=2.5614775287498607e-06 next_lambda=2.5614775287498607e-06 rho=0.64790500882323177 accept=1
CLASSICAL_LM o=16 lambda=2.5614775287498607e-06 tau=2.5614775287498607e-06 prediction=4093.6396896368551 rho=0.64790500882323177 accept=1
  MFCG it  17 cost=1.946591e+06 lam=2.561e-06 tau=0.00e+00 cg_it=0 shift=0 ckpt=1 alpha=0 acc mv=63
PCG_PREP o=17 rebuild=1 drift=0 previous_depth=1
POINT_SAFE o=17 frozen=311 slope=-4754.9468120565534 candidate=1942003.0227788945 original=1946210.1381021554 current=1946591.4163656402 won=1 mode=1 camera_scale=1 keep_scale=0
ATTR_RADIUS o=17 raw_norm=33899.206252974334 norm=2215.2927471826888 radius=2215.2927471826902 next_radius=4430.5854943653803 lambda=2.5614775287498607e-06 next_lambda=6.4036938218746516e-07 rho=1.0342295622364326 accept=1
CLASSICAL_LM o=17 lambda=2.5614775287498607e-06 tau=2.5614775287498607e-06 prediction=4436.5330041656434 rho=1.0342295622364326 accept=1
  MFCG it  18 cost=1.942003e+06 lam=6.404e-07 tau=0.00e+00 cg_it=1 shift=0 ckpt=2 alpha=0 acc mv=66
PCG_PREP o=18 rebuild=1 drift=0 previous_depth=2
POINT_SAFE o=18 frozen=282 slope=-6319.3668788596478 candidate=1936832.7840379737 original=1940685.8290197437 current=1942003.0227788945 won=1 mode=1 camera_scale=1 keep_scale=0
ATTR_RADIUS o=18 raw_norm=48860.59553048473 norm=4430.5854943653785 radius=4430.5854943653803 next_radius=8861.1709887307607 lambda=6.4036938218746516e-07 next_lambda=6.4036938218746516e-07 rho=0.88581763188180818 accept=1
CLASSICAL_LM o=18 lambda=6.4036938218746516e-07 tau=6.4036938218746516e-07 prediction=5836.6852892025481 rho=0.88581763188180818 accept=1
  MFCG it  19 cost=1.936833e+06 lam=6.404e-07 tau=0.00e+00 cg_it=1 shift=0 ckpt=2 alpha=0 acc mv=69
PCG_PREP o=19 rebuild=1 drift=0 previous_depth=2
POINT_SAFE o=19 frozen=675 slope=-12331.857768422566 candidate=1927562.4898489253 original=1935413.3170726458 current=1936832.7840379737 won=1 mode=1 camera_scale=1 keep_scale=0
ATTR_RADIUS o=19 raw_norm=45453.719550670547 norm=8861.170988730757 radius=8861.1709887307607 next_radius=17722.341977461521 lambda=6.4036938218746516e-07 next_lambda=6.4036938218746516e-07 rho=0.85477739173005118 accept=1
CLASSICAL_LM o=19 lambda=6.4036938218746516e-07 tau=6.4036938218746516e-07 prediction=10845.273025162245 rho=0.85477739173005118 accept=1
  MFCG it  20 cost=1.927562e+06 lam=6.404e-07 tau=0.00e+00 cg_it=1 shift=0 ckpt=2 alpha=0 acc mv=72
PCG_PREP o=20 rebuild=1 drift=0 previous_depth=2
POINT_SAFE o=20 frozen=915 slope=-14548.058405600466 candidate=3810444.9984226972 original=1922552.2587697792 current=1927562.4898489253 won=0 mode=1 camera_scale=1 keep_scale=0
ATTR_RADIUS o=20 raw_norm=33673.679186496294 norm=2215.2927471826906 radius=17722.341977461521 next_radius=17722.341977461521 lambda=6.4036938218746516e-07 next_lambda=6.4036938218746516e-07 rho=0.34281606114260743 accept=1
CLASSICAL_LM o=20 lambda=6.4036938218746516e-07 tau=6.4036938218746516e-07 prediction=14614.925165544784 rho=0.34281606114260743 accept=1
  MFCG it  21 cost=1.922552e+06 lam=6.404e-07 tau=0.00e+00 cg_it=0 shift=0 ckpt=1 alpha=0 acc mv=74
PCG_PREP o=21 rebuild=1 drift=0 previous_depth=1
POINT_SAFE o=21 frozen=774 slope=-17353.491432425242 candidate=4445760.0519663673 original=1922441.317561751 current=1922552.2587697792 won=0 mode=1 camera_scale=1 keep_scale=0
ATTR_RADIUS o=21 raw_norm=31218.062063864734 norm=138.45579669891811 radius=17722.341977461521 next_radius=4430.5854943653803 lambda=6.4036938218746516e-07 next_lambda=1.0245910114999443e-05 rho=0.12419507162846143 accept=1
CLASSICAL_LM o=21 lambda=6.4036938218746516e-07 tau=6.4036938218746516e-07 prediction=893.28188770745442 rho=0.12419507162846143 accept=1
  MFCG it  22 cost=1.922441e+06 lam=1.025e-05 tau=0.00e+00 cg_it=0 shift=0 ckpt=1 alpha=0 acc mv=76
PCG_PREP o=22 rebuild=1 drift=0 previous_depth=1
POINT_SAFE o=22 frozen=233 slope=-18242.160478930713 candidate=1927913.4245315539 original=1922183.9362910851 current=1922441.317561751 won=0 mode=1 camera_scale=1 keep_scale=0
ATTR_RADIUS o=22 raw_norm=6981.7259618202888 norm=34.61394917472952 radius=4430.5854943653803 next_radius=4430.5854943653803 lambda=1.0245910114999443e-05 next_lambda=1.0245910114999443e-06 rho=0.28604846637421411 accept=1
CLASSICAL_LM o=22 lambda=1.0245910114999443e-05 tau=1.0245910114999443e-05 prediction=899.78203319292447 rho=0.28604846637421411 accept=1
  MFCG it  23 cost=1.922184e+06 lam=1.025e-06 tau=0.00e+00 cg_it=0 shift=0 ckpt=1 alpha=0 acc mv=78
PCG_PREP o=23 rebuild=1 drift=0 previous_depth=1
POINT_SAFE o=23 frozen=110 slope=-7023.4668542278077 candidate=1946039.7617707006 original=1922078.4974629148 current=1922183.9362910851 won=0 mode=1 camera_scale=1 keep_scale=0
ATTR_RADIUS o=23 raw_norm=25279.557568373628 norm=17.30697458736476 radius=4430.5854943653803 next_radius=4430.5854943653803 lambda=1.0245910114999443e-06 next_lambda=6.4036938218746516e-07 rho=0.25938597300656674 accept=1
CLASSICAL_LM o=23 lambda=1.0245910114999443e-06 tau=1.0245910114999443e-06 prediction=406.49394779582082 rho=0.25938597300656674 accept=1
  MFCG it  24 cost=1.922078e+06 lam=6.404e-07 tau=0.00e+00 cg_it=0 shift=0 ckpt=1 alpha=0 acc mv=80
PCG_PREP o=24 rebuild=1 drift=0 previous_depth=1
POINT_SAFE o=24 frozen=89 slope=-6197.3877874950504 candidate=1944616.029794991 original=inf current=1922078.4974629148 won=0 mode=1 camera_scale=1 keep_scale=0
ATTR_RADIUS o=24 raw_norm=31228.335505040493 norm=4430.5854943653812 radius=4430.5854943653803 next_radius=1107.6463735913451 lambda=6.4036938218746516e-07 next_lambda=1.0245910114999443e-05 rho=-1 accept=0
CLASSICAL_LM o=24 lambda=6.4036938218746516e-07 tau=6.4036938218746516e-07 prediction=4672.2182589745953 rho=-1 accept=0
  MFCG it  25  retry 1/8  lam=1.025e-05 tau_eff=6.404e-07  (assembly reused)
PCG_PREP o=24 rebuild=1 drift=0 previous_depth=1
POINT_SAFE o=24 frozen=42 slope=-6402.2013874051809 candidate=1919142.2909227842 original=inf current=1922078.4974629148 won=1 mode=1 camera_scale=1 keep_scale=0
ATTR_RADIUS o=24 raw_norm=6974.0058996910984 norm=1107.6463735913449 radius=1107.6463735913451 next_radius=1107.6463735913451 lambda=1.0245910114999443e-05 next_lambda=1.0245910114999443e-05 rho=0.59642862817920461 accept=1
CLASSICAL_LM o=24 lambda=1.0245910114999443e-05 tau=1.0245910114999443e-05 prediction=4922.9805569432256 rho=0.59642862817920461 accept=1
  MFCG it  25 cost=1.919142e+06 lam=1.025e-05 tau=0.00e+00 cg_it=0 shift=0 ckpt=1 alpha=0 acc mv=84
PCG_PREP o=25 rebuild=1 drift=0 previous_depth=1
POINT_SAFE o=25 frozen=142 slope=-3698.937130434198 candidate=1915668.2285915199 original=1916859.9726944 current=1919142.2909227842 won=1 mode=1 camera_scale=1 keep_scale=0
ATTR_RADIUS o=25 raw_norm=25804.224470625832 norm=1107.6463735913449 radius=1107.6463735913451 next_radius=2215.2927471826902 lambda=1.0245910114999443e-05 next_lambda=2.5614775287498607e-06 rho=0.98734043235132085 accept=1
CLASSICAL_LM o=25 lambda=1.0245910114999443e-05 tau=1.0245910114999443e-05 prediction=3518.6063665913089 rho=0.98734043235132085 accept=1
  MFCG it  26 cost=1.915668e+06 lam=2.561e-06 tau=0.00e+00 cg_it=3 shift=0 ckpt=4 alpha=0 acc mv=89
PCG_PREP o=26 rebuild=1 drift=0 previous_depth=4
POINT_SAFE o=26 frozen=241 slope=-4780.1793149656778 candidate=1911490.0284643718 original=1913052.8990106836 current=1915668.2285915199 won=1 mode=1 camera_scale=1 keep_scale=0
ATTR_RADIUS o=26 raw_norm=38519.552729290263 norm=2215.2927471826906 radius=2215.2927471826902 next_radius=4430.5854943653803 lambda=2.5614775287498607e-06 next_lambda=6.4036938218746516e-07 rho=0.90652383227535549 accept=1
CLASSICAL_LM o=26 lambda=2.5614775287498607e-06 tau=2.5614775287498607e-06 prediction=4609.0350616165006 rho=0.90652383227535549 accept=1
  MFCG it  27 cost=1.911490e+06 lam=6.404e-07 tau=0.00e+00 cg_it=3 shift=0 ckpt=4 alpha=0 acc mv=94
PCG_PREP o=27 rebuild=1 drift=0 previous_depth=4
POINT_SAFE o=27 frozen=643 slope=-2729.700502542727 candidate=1927124.0009257831 original=1908545.1039715915 current=1911490.0284643718 won=0 mode=1 camera_scale=1 keep_scale=0
ATTR_RADIUS o=27 raw_norm=33284.269591293043 norm=276.91159339783638 radius=4430.5854943653803 next_radius=4430.5854943653803 lambda=6.4036938218746516e-07 next_lambda=6.4036938218746516e-07 rho=0.47153216438516249 accept=1
CLASSICAL_LM o=27 lambda=6.4036938218746516e-07 tau=6.4036938218746516e-07 prediction=6245.4371413247727 rho=0.47153216438516249 accept=1
  MFCG it  28 cost=1.908545e+06 lam=6.404e-07 tau=0.00e+00 cg_it=0 shift=0 ckpt=1 alpha=0 acc mv=96
PCG_PREP o=28 rebuild=1 drift=0 previous_depth=1
POINT_SAFE o=28 frozen=631 slope=-2745.4487507464937 candidate=1936668.2171301546 original=inf current=1908545.1039715915 won=0 mode=1 camera_scale=1 keep_scale=0
ATTR_RADIUS o=28 raw_norm=33033.212146384591 norm=4430.5854943653803 radius=4430.5854943653803 next_radius=1107.6463735913451 lambda=6.4036938218746516e-07 next_lambda=1.0245910114999443e-05 rho=-1 accept=0
CLASSICAL_LM o=28 lambda=6.4036938218746516e-07 tau=6.4036938218746516e-07 prediction=2519.1378244350885 rho=-1 accept=0
  MFCG it  29  retry 1/8  lam=1.025e-05 tau_eff=6.404e-07  (assembly reused)
PCG_PREP o=28 rebuild=1 drift=0 previous_depth=1
POINT_SAFE o=28 frozen=35 slope=-3462.7092747328006 candidate=1905269.3989145728 original=inf current=1908545.1039715915 won=1 mode=1 camera_scale=1 keep_scale=0
ATTR_RADIUS o=28 raw_norm=25282.674338379558 norm=1107.6463735913446 radius=1107.6463735913451 next_radius=2215.2927471826902 lambda=1.0245910114999443e-05 next_lambda=2.5614775287498607e-06 rho=0.97318935155002839 accept=1
CLASSICAL_LM o=28 lambda=1.0245910114999443e-05 tau=1.0245910114999443e-05 prediction=3365.9483139651638 rho=0.97318935155002839 accept=1
  MFCG it  29 cost=1.905269e+06 lam=2.561e-06 tau=0.00e+00 cg_it=3 shift=0 ckpt=4 alpha=0 acc mv=103
PCG_PREP o=29 rebuild=1 drift=0 previous_depth=4
POINT_SAFE o=29 frozen=374 slope=-4345.9883994769434 candidate=1901617.3686587275 original=1899102.7672360523 current=1905269.3989145728 won=0 mode=1 camera_scale=1 keep_scale=0
ATTR_RADIUS o=29 raw_norm=38344.595597783329 norm=1107.6463735913453 radius=2215.2927471826902 next_radius=553.82318679567254 lambda=2.5614775287498607e-06 next_lambda=4.0983640459997771e-05 rho=0.16439474228316905 accept=1
CLASSICAL_LM o=29 lambda=2.5614775287498607e-06 tau=2.5614775287498607e-06 prediction=37511.12470433196 rho=0.16439474228316905 accept=1
  MFCG it  30 cost=1.899103e+06 lam=4.098e-05 tau=0.00e+00 cg_it=3 shift=0 ckpt=4 alpha=0 acc mv=108
PCG_PREP o=30 rebuild=1 drift=0 previous_depth=4
ATTR_RADIUS o=30 raw_norm=4036.4463567647758 norm=553.82318679567265 radius=553.82318679567254 next_radius=1107.6463735913451 lambda=4.0983640459997771e-05 next_lambda=1.0245910114999443e-05 rho=0.99423682323872953 accept=1
CLASSICAL_LM o=30 lambda=4.0983640459997771e-05 tau=4.0983640459997771e-05 prediction=45160.570397610769 rho=0.99423682323872953 accept=1
  MFCG it  31 cost=1.854202e+06 lam=1.025e-05 tau=0.00e+00 cg_it=0 shift=0 ckpt=1 alpha=0 acc mv=110
PCG_PREP o=31 rebuild=1 drift=0 previous_depth=1
ATTR_RADIUS o=31 raw_norm=26490.329793717785 norm=1107.6463735913446 radius=1107.6463735913451 next_radius=2215.2927471826902 lambda=1.0245910114999443e-05 next_lambda=2.5614775287498607e-06 rho=0.97924220534579431 accept=1
CLASSICAL_LM o=31 lambda=1.0245910114999443e-05 tau=1.0245910114999443e-05 prediction=3422.3087832864007 rho=0.97924220534579431 accept=1
  MFCG it  32 cost=1.850851e+06 lam=2.561e-06 tau=0.00e+00 cg_it=4 shift=0 ckpt=5 alpha=0 acc mv=116
PCG_PREP o=32 rebuild=1 drift=0 previous_depth=5
POINT_SAFE o=32 frozen=144 slope=-4349.546855923023 candidate=1846645.9800469065 original=1848861.9690947018 current=1850851.1959879631 won=1 mode=1 camera_scale=1 keep_scale=0
ATTR_RADIUS o=32 raw_norm=41762.350414373803 norm=2215.2927471826902 radius=2215.2927471826902 next_radius=4430.5854943653803 lambda=2.5614775287498607e-06 next_lambda=6.4036938218746516e-07 rho=0.99413266680805257 accept=1
CLASSICAL_LM o=32 lambda=2.5614775287498607e-06 tau=2.5614775287498607e-06 prediction=4230.0349656134513 rho=0.99413266680805257 accept=1
  MFCG it  33 cost=1.846646e+06 lam=6.404e-07 tau=0.00e+00 cg_it=4 shift=0 ckpt=5 alpha=0 acc mv=122
PCG_PREP o=33 rebuild=1 drift=0 previous_depth=5
POINT_SAFE o=33 frozen=524 slope=-6695.6177120020566 candidate=1842379.9696314952 original=1843885.7523721196 current=1846645.9800469065 won=1 mode=1 camera_scale=1 keep_scale=0
ATTR_RADIUS o=33 raw_norm=62897.162094241772 norm=4430.5854943653794 radius=4430.5854943653803 next_radius=4430.5854943653803 lambda=6.4036938218746516e-07 next_lambda=6.4036938218746516e-07 rho=0.67079225290763544 accept=1
CLASSICAL_LM o=33 lambda=6.4036938218746516e-07 tau=6.4036938218746516e-07 prediction=6359.659636675513 rho=0.67079225290763544 accept=1
  MFCG it  34 cost=1.842380e+06 lam=6.404e-07 tau=0.00e+00 cg_it=5 shift=0 ckpt=6 alpha=0 acc mv=129
PCG_PREP o=34 rebuild=1 drift=0 previous_depth=6
POINT_SAFE o=34 frozen=346 slope=-3203.8201747424901 candidate=1856791.3711652716 original=1842221.2259866812 current=1842379.9696314952 won=0 mode=1 camera_scale=1 keep_scale=0
ATTR_RADIUS o=34 raw_norm=29724.806235921216 norm=1107.6463735913451 radius=4430.5854943653803 next_radius=1107.6463735913451 lambda=6.4036938218746516e-07 next_lambda=1.0245910114999443e-05 rho=0.19799568870085604 accept=1
CLASSICAL_LM o=34 lambda=6.4036938218746516e-07 tau=6.4036938218746516e-07 prediction=801.75303743025722 rho=0.19799568870085604 accept=1
  MFCG it  35 cost=1.842221e+06 lam=1.025e-05 tau=0.00e+00 cg_it=0 shift=0 ckpt=1 alpha=0 acc mv=131
PCG_PREP o=35 rebuild=1 drift=0 previous_depth=1
ATTR_RADIUS o=35 raw_norm=6838.5482323958267 norm=1107.6463735913449 radius=1107.6463735913451 next_radius=2215.2927471826902 lambda=1.0245910114999443e-05 next_lambda=2.5614775287498607e-06 rho=0.85000270181627779 accept=1
CLASSICAL_LM o=35 lambda=1.0245910114999443e-05 tau=1.0245910114999443e-05 prediction=2622.5931829302476 rho=0.85000270181627779 accept=1
  MFCG it  36 cost=1.839992e+06 lam=2.561e-06 tau=0.00e+00 cg_it=0 shift=0 ckpt=1 alpha=0 acc mv=133
PCG_PREP o=36 rebuild=1 drift=0 previous_depth=1
POINT_SAFE o=36 frozen=388 slope=-1960.4431395331103 candidate=1840910.8377344164 original=1839643.4979816396 current=1839992.0146954255 won=0 mode=1 camera_scale=1 keep_scale=0
ATTR_RADIUS o=36 raw_norm=16199.917319396976 norm=1107.6463735913449 radius=2215.2927471826902 next_radius=2215.2927471826902 lambda=2.5614775287498607e-06 next_lambda=6.4036938218746516e-07 rho=0.36018730824653439 accept=1
CLASSICAL_LM o=36 lambda=2.5614775287498607e-06 tau=2.5614775287498607e-06 prediction=967.59854055543951 rho=0.36018730824653439 accept=1
  MFCG it  37 cost=1.839643e+06 lam=6.404e-07 tau=0.00e+00 cg_it=0 shift=0 ckpt=1 alpha=0 acc mv=135
PCG_PREP o=37 rebuild=1 drift=0 previous_depth=1
POINT_SAFE o=37 frozen=210 slope=-1238.9850454445279 candidate=1840974.0613367492 original=1839611.7705968141 current=1839643.4979816396 won=0 mode=1 camera_scale=1 keep_scale=0
ATTR_RADIUS o=37 raw_norm=29672.561730913603 norm=2215.2927471826906 radius=2215.2927471826902 next_radius=553.82318679567254 lambda=6.4036938218746516e-07 next_lambda=1.0245910114999443e-05 rho=0.053881703851777145 accept=0
CLASSICAL_LM o=37 lambda=6.4036938218746516e-07 tau=6.4036938218746516e-07 prediction=588.83410429537639 rho=0.053881703851777145 accept=0
  MFCG it  38  retry 1/8  lam=1.025e-05 tau_eff=6.404e-07  (assembly reused)
PCG_PREP o=37 rebuild=1 drift=0 previous_depth=1
ATTR_RADIUS o=37 raw_norm=7232.0460234731108 norm=553.82318679567254 radius=553.82318679567254 next_radius=1107.6463735913451 lambda=1.0245910114999443e-05 next_lambda=2.5614775287498607e-06 rho=0.88104083532625554 accept=1
CLASSICAL_LM o=37 lambda=1.0245910114999443e-05 tau=1.0245910114999443e-05 prediction=1064.7887979727584 rho=0.88104083532625554 accept=1
  MFCG it  38 cost=1.838705e+06 lam=2.561e-06 tau=0.00e+00 cg_it=0 shift=0 ckpt=1 alpha=0 acc mv=139
PCG_PREP o=38 rebuild=1 drift=0 previous_depth=1
ATTR_RADIUS o=38 raw_norm=41291.078582256698 norm=1107.6463735913449 radius=1107.6463735913451 next_radius=2215.2927471826902 lambda=2.5614775287498607e-06 next_lambda=6.4036938218746516e-07 rho=0.76907192193048934 accept=1
CLASSICAL_LM o=38 lambda=2.5614775287498607e-06 tau=2.5614775287498607e-06 prediction=1961.0749799900816 rho=0.76907192193048934 accept=1
  MFCG it  39 cost=1.837197e+06 lam=6.404e-07 tau=0.00e+00 cg_it=4 shift=0 ckpt=5 alpha=0 acc mv=145
PCG_PREP o=39 rebuild=1 drift=0 previous_depth=5
ATTR_RADIUS o=39 raw_norm=57867.85666535265 norm=2215.2927471826897 radius=2215.2927471826902 next_radius=4430.5854943653803 lambda=6.4036938218746516e-07 next_lambda=6.4036938218746516e-07 rho=0.93499821408027717 accept=1
CLASSICAL_LM o=39 lambda=6.4036938218746516e-07 tau=6.4036938218746516e-07 prediction=3274.9570511588631 rho=0.93499821408027717 accept=1
  MFCG it  40 cost=1.834135e+06 lam=6.404e-07 tau=0.00e+00 cg_it=4 shift=0 ckpt=5 alpha=0 acc mv=151
PCG_PREP o=40 rebuild=1 drift=0 previous_depth=5
ATTR_RADIUS o=40 raw_norm=57547.277206531355 norm=4430.5854943653812 radius=4430.5854943653803 next_radius=8861.1709887307607 lambda=6.4036938218746516e-07 next_lambda=6.4036938218746516e-07 rho=0.88757525563325723 accept=1
CLASSICAL_LM o=40 lambda=6.4036938218746516e-07 tau=6.4036938218746516e-07 prediction=5472.7739504967803 rho=0.88757525563325723 accept=1
  MFCG it  41 cost=1.829278e+06 lam=6.404e-07 tau=0.00e+00 cg_it=4 shift=0 ckpt=5 alpha=0 acc mv=157
PCG_PREP o=41 rebuild=1 drift=0 previous_depth=5
POINT_SAFE o=41 frozen=759 slope=-4292.7467346980138 candidate=1979036.7209627449 original=1829245.1098976654 current=1829277.5901335585 won=0 mode=1 camera_scale=1 keep_scale=0
ATTR_RADIUS o=41 raw_norm=27209.630263124458 norm=8861.1709887307625 radius=8861.1709887307607 next_radius=2215.2927471826902 lambda=6.4036938218746516e-07 next_lambda=1.0245910114999443e-05 rho=0.062064265639994523 accept=0
CLASSICAL_LM o=41 lambda=6.4036938218746516e-07 tau=6.4036938218746516e-07 prediction=523.33231623892857 rho=0.062064265639994523 accept=0
  MFCG it  42  retry 1/8  lam=1.025e-05 tau_eff=6.404e-07  (assembly reused)
PCG_PREP o=41 rebuild=1 drift=0 previous_depth=1
ATTR_RADIUS o=41 raw_norm=6920.7619213778398 norm=2215.2927471826893 radius=2215.2927471826902 next_radius=2215.2927471826902 lambda=1.0245910114999443e-05 next_lambda=1.0245910114999443e-05 rho=0.44425470862527205 accept=1
CLASSICAL_LM o=41 lambda=1.0245910114999443e-05 tau=1.0245910114999443e-05 prediction=3244.7966241809509 rho=0.44425470862527205 accept=1
  MFCG it  42 cost=1.827836e+06 lam=1.025e-05 tau=0.00e+00 cg_it=0 shift=0 ckpt=1 alpha=0 acc mv=161
PCG_PREP o=42 rebuild=1 drift=0 previous_depth=1
ATTR_RADIUS o=42 raw_norm=26466.142465380195 norm=2215.2927471826902 radius=2215.2927471826902 next_radius=4430.5854943653803 lambda=1.0245910114999443e-05 next_lambda=2.5614775287498607e-06 rho=1.0096896385433654 accept=1
CLASSICAL_LM o=42 lambda=1.0245910114999443e-05 tau=1.0245910114999443e-05 prediction=4866.4529371842236 rho=1.0096896385433654 accept=1
  MFCG it  43 cost=1.822922e+06 lam=2.561e-06 tau=0.00e+00 cg_it=4 shift=0 ckpt=5 alpha=0 acc mv=167
PCG_PREP o=43 rebuild=1 drift=0 previous_depth=5
ATTR_RADIUS o=43 raw_norm=48672.272931438674 norm=4430.5854943653803 radius=4430.5854943653803 next_radius=8861.1709887307607 lambda=2.5614775287498607e-06 next_lambda=6.4036938218746516e-07 rho=1.0053562852381221 accept=1
CLASSICAL_LM o=43 lambda=2.5614775287498607e-06 tau=2.5614775287498607e-06 prediction=6783.2097875545869 rho=1.0053562852381221 accept=1
  MFCG it  44 cost=1.816103e+06 lam=6.404e-07 tau=0.00e+00 cg_it=6 shift=0 ckpt=7 alpha=0 acc mv=175
PCG_PREP o=44 rebuild=1 drift=0 previous_depth=7
ATTR_RADIUS o=44 raw_norm=75428.616050168275 norm=8861.1709887307625 radius=8861.1709887307607 next_radius=17722.341977461521 lambda=6.4036938218746516e-07 next_lambda=6.4036938218746516e-07 rho=0.76012250979693707 accept=1
CLASSICAL_LM o=44 lambda=6.4036938218746516e-07 tau=6.4036938218746516e-07 prediction=10962.440183967527 rho=0.76012250979693707 accept=1
  MFCG it  45 cost=1.807770e+06 lam=6.404e-07 tau=0.00e+00 cg_it=9 shift=0 ckpt=10 alpha=0 acc mv=186
PCG_PREP o=45 rebuild=1 drift=0 previous_depth=10
POINT_SAFE o=45 frozen=1068 slope=-11770.9234744024 candidate=3337960.247426237 original=1807479.8680402457 current=1807770.1267074579 won=0 mode=1 camera_scale=1 keep_scale=0
ATTR_RADIUS o=45 raw_norm=25725.625684047474 norm=1107.6463735913449 radius=17722.341977461521 next_radius=17722.341977461521 lambda=6.4036938218746516e-07 next_lambda=6.4036938218746516e-07 rho=0.40860634076293717 accept=1
CLASSICAL_LM o=45 lambda=6.4036938218746516e-07 tau=6.4036938218746516e-07 prediction=710.36261128559681 rho=0.40860634076293717 accept=1
  MFCG it  46 cost=1.807480e+06 lam=6.404e-07 tau=0.00e+00 cg_it=0 shift=0 ckpt=1 alpha=0 acc mv=188
PCG_PREP o=46 rebuild=1 drift=0 previous_depth=1
POINT_SAFE o=46 frozen=1022 slope=-11726.883511336731 candidate=3258137.5606014822 original=1807201.0478814859 current=1807479.8680402457 won=0 mode=1 camera_scale=1 keep_scale=0
ATTR_RADIUS o=46 raw_norm=24993.359658495865 norm=1107.6463735913446 radius=17722.341977461521 next_radius=17722.341977461521 lambda=6.4036938218746516e-07 next_lambda=6.4036938218746516e-07 rho=0.39466805795937282 accept=1
CLASSICAL_LM o=46 lambda=6.4036938218746516e-07 tau=6.4036938218746516e-07 prediction=706.46750639377126 rho=0.39466805795937282 accept=1
  MFCG it  47 cost=1.807201e+06 lam=6.404e-07 tau=0.00e+00 cg_it=0 shift=0 ckpt=1 alpha=0 acc mv=190
PCG_PREP o=47 rebuild=1 drift=0 previous_depth=1
POINT_SAFE o=47 frozen=986 slope=-11722.451002326969 candidate=3162086.9500901843 original=1806924.0904226406 current=1807201.0478814859 won=0 mode=1 camera_scale=1 keep_scale=0
ATTR_RADIUS o=47 raw_norm=24287.524897019128 norm=1107.6463735913449 radius=17722.341977461521 next_radius=17722.341977461521 lambda=6.4036938218746516e-07 next_lambda=6.4036938218746516e-07 rho=0.39256352926847099 accept=1
CLASSICAL_LM o=47 lambda=6.4036938218746516e-07 tau=6.4036938218746516e-07 prediction=705.5099065403266 rho=0.39256352926847099 accept=1
  MFCG it  48 cost=1.806924e+06 lam=6.404e-07 tau=0.00e+00 cg_it=0 shift=0 ckpt=1 alpha=0 acc mv=192
PCG_PREP o=48 rebuild=1 drift=0 previous_depth=1
POINT_SAFE o=48 frozen=954 slope=-11747.726470834667 candidate=3053198.9229783155 original=1806640.7284011587 current=1806924.0904226406 won=0 mode=1 camera_scale=1 keep_scale=0
ATTR_RADIUS o=48 raw_norm=23607.303529104625 norm=1107.6463735913446 radius=17722.341977461521 next_radius=17722.341977461521 lambda=6.4036938218746516e-07 next_lambda=6.4036938218746516e-07 rho=0.40114779268997541 accept=1
CLASSICAL_LM o=48 lambda=6.4036938218746516e-07 tau=6.4036938218746516e-07 prediction=706.37811461384683 rho=0.40114779268997541 accept=1
  MFCG it  49 cost=1.806641e+06 lam=6.404e-07 tau=0.00e+00 cg_it=0 shift=0 ckpt=1 alpha=0 acc mv=194
PCG_PREP o=49 rebuild=1 drift=0 previous_depth=1
POINT_SAFE o=49 frozen=954 slope=-11787.897144887142 candidate=2936282.5263731405 original=1806344.1795983627 current=1806640.7284011587 won=0 mode=1 camera_scale=1 keep_scale=0
ATTR_RADIUS o=49 raw_norm=22947.083730931481 norm=1107.6463735913453 radius=17722.341977461521 next_radius=17722.341977461521 lambda=6.4036938218746516e-07 next_lambda=6.4036938218746516e-07 rho=0.41875797914955237 accept=1
CLASSICAL_LM o=49 lambda=6.4036938218746516e-07 tau=6.4036938218746516e-07 prediction=708.16275166459661 rho=0.41875797914955237 accept=1
  MFCG it  50 cost=1.806344e+06 lam=6.404e-07 tau=0.00e+00 cg_it=0 shift=0 ckpt=1 alpha=0 acc mv=196
PCG_PREP o=50 rebuild=1 drift=0 previous_depth=1
POINT_SAFE o=50 frozen=930 slope=-11826.610007044783 candidate=2813845.8032122757 original=1806029.0243637369 current=1806344.1795983627 won=0 mode=1 camera_scale=1 keep_scale=0
ATTR_RADIUS o=50 raw_norm=22311.822153130255 norm=1107.6463735913451 radius=17722.341977461521 next_radius=17722.341977461521 lambda=6.4036938218746516e-07 next_lambda=6.4036938218746516e-07 rho=0.44395012981011228 accept=1
CLASSICAL_LM o=50 lambda=6.4036938218746516e-07 tau=6.4036938218746516e-07 prediction=709.88882188320349 rho=0.44395012981011228 accept=1
  MFCG it  51 cost=1.806029e+06 lam=6.404e-07 tau=0.00e+00 cg_it=0 shift=0 ckpt=1 alpha=0 acc mv=198
PCG_PREP o=51 rebuild=1 drift=0 previous_depth=1
POINT_SAFE o=51 frozen=930 slope=-11854.37754797524 candidate=2689602.1930112871 original=1805691.331800431 current=1806029.0243637369 won=0 mode=1 camera_scale=1 keep_scale=0
ATTR_RADIUS o=51 raw_norm=21701.289015079798 norm=1107.6463735913455 radius=17722.341977461521 next_radius=17722.341977461521 lambda=6.4036938218746516e-07 next_lambda=6.4036938218746516e-07 rho=0.47509425060002491 accept=1
CLASSICAL_LM o=51 lambda=6.4036938218746516e-07 tau=6.4036938218746516e-07 prediction=710.79067549091496 rho=0.47509425060002491 accept=1
  MFCG it  52 cost=1.805691e+06 lam=6.404e-07 tau=0.00e+00 cg_it=0 shift=0 ckpt=1 alpha=0 acc mv=200
PCG_PREP o=52 rebuild=1 drift=0 previous_depth=1
POINT_SAFE o=52 frozen=937 slope=-11855.994096842382 candidate=2566764.9501356389 original=1805328.6201149474 current=1805691.331800431 won=0 mode=1 camera_scale=1 keep_scale=0
ATTR_RADIUS o=52 raw_norm=21117.388354334649 norm=1107.6463735913449 radius=17722.341977461521 next_radius=17722.341977461521 lambda=6.4036938218746516e-07 next_lambda=6.4036938218746516e-07 rho=0.51071603746038208 accept=1
CLASSICAL_LM o=52 lambda=6.4036938218746516e-07 tau=6.4036938218746516e-07 prediction=710.20226286062825 rho=0.51071603746038208 accept=1
  MFCG it  53 cost=1.805329e+06 lam=6.404e-07 tau=0.00e+00 cg_it=0 shift=0 ckpt=1 alpha=0 acc mv=202
PCG_PREP o=53 rebuild=1 drift=0 previous_depth=1
POINT_SAFE o=53 frozen=945 slope=-11826.39285867141 candidate=2447859.4462598716 original=1805253.85285783 current=1805328.6201149474 won=0 mode=1 camera_scale=1 keep_scale=0
ATTR_RADIUS o=53 raw_norm=20566.000579720876 norm=17722.341977461529 radius=17722.341977461521 next_radius=4430.5854943653803 lambda=6.4036938218746516e-07 next_lambda=1.0245910114999443e-05 rho=0.054356290516839385 accept=0
CLASSICAL_LM o=53 lambda=6.4036938218746516e-07 tau=6.4036938218746516e-07 prediction=1375.5033024976353 rho=0.054356290516839385 accept=0
  MFCG it  54  retry 1/8  lam=1.025e-05 tau_eff=6.404e-07  (assembly reused)
PCG_PREP o=53 rebuild=1 drift=0 previous_depth=1
ATTR_RADIUS o=53 raw_norm=5756.5069280058497 norm=4430.5854943653803 radius=4430.5854943653803 next_radius=4430.5854943653803 lambda=1.0245910114999443e-05 next_lambda=1.0245910114999443e-05 rho=0.43299403356272603 accept=1
CLASSICAL_LM o=53 lambda=1.0245910114999443e-05 tau=1.0245910114999443e-05 prediction=6169.9496487622901 rho=0.43299403356272603 accept=1
  MFCG it  54 cost=1.802657e+06 lam=1.025e-05 tau=0.00e+00 cg_it=0 shift=0 ckpt=1 alpha=0 acc mv=206
PCG_PREP o=54 rebuild=1 drift=0 previous_depth=1
ATTR_RADIUS o=54 raw_norm=4924.4319378440523 norm=4430.5854943653794 radius=4430.5854943653803 next_radius=8861.1709887307607 lambda=1.0245910114999443e-05 next_lambda=2.5614775287498607e-06 rho=0.99047240608806775 accept=1
CLASSICAL_LM o=54 lambda=1.0245910114999443e-05 tau=1.0245910114999443e-05 prediction=6364.2201547613149 rho=0.99047240608806775 accept=1
  MFCG it  55 cost=1.796353e+06 lam=2.561e-06 tau=0.00e+00 cg_it=0 shift=0 ckpt=1 alpha=0 acc mv=208
PCG_PREP o=55 rebuild=1 drift=0 previous_depth=1
ATTR_RADIUS o=55 raw_norm=51796.188566039462 norm=8861.1709887307588 radius=8861.1709887307607 next_radius=17722.341977461521 lambda=2.5614775287498607e-06 next_lambda=6.4036938218746516e-07 rho=0.90522964994361954 accept=1
CLASSICAL_LM o=55 lambda=2.5614775287498607e-06 tau=2.5614775287498607e-06 prediction=26697.259227126055 rho=0.90522964994361954 accept=1
  MFCG it  56 cost=1.772186e+06 lam=6.404e-07 tau=0.00e+00 cg_it=49 shift=0 ckpt=50 alpha=0 acc mv=259
PCG_PREP o=56 rebuild=1 drift=0 previous_depth=50
POINT_SAFE o=56 frozen=245 slope=-29494.478633908067 candidate=1789197.033910793 original=1763505.4776744642 current=1772186.3336554649 won=0 mode=1 camera_scale=1 keep_scale=0
ATTR_RADIUS o=56 raw_norm=73450.343679140526 norm=8861.1709887307588 radius=17722.341977461521 next_radius=17722.341977461521 lambda=6.4036938218746516e-07 next_lambda=6.4036938218746516e-07 rho=0.58518490066151296 accept=1
CLASSICAL_LM o=56 lambda=6.4036938218746516e-07 tau=6.4036938218746516e-07 prediction=14834.381357392447 rho=0.58518490066151296 accept=1
  MFCG it  57 cost=1.763505e+06 lam=6.404e-07 tau=0.00e+00 cg_it=30 shift=0 ckpt=31 alpha=0 acc mv=291
PCG_PREP o=57 rebuild=1 drift=0 previous_depth=31
POINT_SAFE o=57 frozen=249 slope=-29623.516830127774 candidate=1758617.4444466736 original=1754394.1396725008 current=1763505.4776744642 won=0 mode=1 camera_scale=1 keep_scale=0
ATTR_RADIUS o=57 raw_norm=62729.306823793311 norm=8861.170988730757 radius=17722.341977461521 next_radius=17722.341977461521 lambda=6.4036938218746516e-07 next_lambda=6.4036938218746516e-07 rho=0.70342319443268486 accept=1
CLASSICAL_LM o=57 lambda=6.4036938218746516e-07 tau=6.4036938218746516e-07 prediction=12952.854091357905 rho=0.70342319443268486 accept=1
  MFCG it  58 cost=1.754394e+06 lam=6.404e-07 tau=0.00e+00 cg_it=13 shift=0 ckpt=14 alpha=0 acc mv=306
PCG_PREP o=58 rebuild=1 drift=0 previous_depth=14
POINT_SAFE o=58 frozen=964 slope=-22952.164172873185 candidate=1802248.3759908823 original=1750660.7828028295 current=1754394.1396725008 won=0 mode=1 camera_scale=1 keep_scale=0
ATTR_RADIUS o=58 raw_norm=41318.058541065591 norm=4430.5854943653794 radius=17722.341977461521 next_radius=17722.341977461521 lambda=6.4036938218746516e-07 next_lambda=6.4036938218746516e-07 rho=0.7202330925590007 accept=1
CLASSICAL_LM o=58 lambda=6.4036938218746516e-07 tau=6.4036938218746516e-07 prediction=5183.5397571174899 rho=0.7202330925590007 accept=1
  MFCG it  59 cost=1.750661e+06 lam=6.404e-07 tau=0.00e+00 cg_it=5 shift=0 ckpt=6 alpha=0 acc mv=313
PCG_PREP o=59 rebuild=1 drift=0 previous_depth=6
POINT_SAFE o=59 frozen=931 slope=-20362.652654910537 candidate=1802434.4335430164 original=1749355.2518651278 current=1750660.7828028295 won=0 mode=1 camera_scale=1 keep_scale=0
ATTR_RADIUS o=59 raw_norm=41127.277122385138 norm=8861.1709887307607 radius=17722.341977461521 next_radius=4430.5854943653803 lambda=6.4036938218746516e-07 next_lambda=1.0245910114999443e-05 rho=0.15676546350732079 accept=1
CLASSICAL_LM o=59 lambda=6.4036938218746516e-07 tau=6.4036938218746516e-07 prediction=8327.924457932213 rho=0.15676546350732079 accept=1
  MFCG it  60 cost=1.749355e+06 lam=1.025e-05 tau=0.00e+00 cg_it=5 shift=0 ckpt=6 alpha=0 acc mv=320
PCG_PREP o=60 rebuild=1 drift=0 previous_depth=6
ATTR_RADIUS o=60 raw_norm=5545.4378263477747 norm=4430.5854943653794 radius=4430.5854943653803 next_radius=4430.5854943653803 lambda=1.0245910114999443e-05 next_lambda=1.0245910114999443e-05 rho=0.61184170979906838 accept=1
CLASSICAL_LM o=60 lambda=1.0245910114999443e-05 tau=1.0245910114999443e-05 prediction=10909.970128304798 rho=0.61184170979906838 accept=1
  MFCG it  61 cost=1.742680e+06 lam=1.025e-05 tau=0.00e+00 cg_it=0 shift=0 ckpt=1 alpha=0 acc mv=322
PCG_PREP o=61 rebuild=1 drift=0 previous_depth=1
ATTR_RADIUS o=61 raw_norm=22910.977728782716 norm=4430.5854943653812 radius=4430.5854943653803 next_radius=4430.5854943653803 lambda=1.0245910114999443e-05 next_lambda=1.0245910114999443e-05 rho=0.65763257215516313 accept=1
CLASSICAL_LM o=61 lambda=1.0245910114999443e-05 tau=1.0245910114999443e-05 prediction=17820.1896004968 rho=0.65763257215516313 accept=1
  MFCG it  62 cost=1.730961e+06 lam=1.025e-05 tau=0.00e+00 cg_it=52 shift=0 ckpt=53 alpha=0 acc mv=376
PCG_PREP o=62 rebuild=1 drift=0 previous_depth=53
ATTR_RADIUS o=62 raw_norm=3238.1401326271157 norm=3238.1401326271157 radius=4430.5854943653803 next_radius=4430.5854943653803 lambda=1.0245910114999443e-05 next_lambda=1.0245910114999443e-06 rho=0.68883381481801109 accept=1
CLASSICAL_LM o=62 lambda=1.0245910114999443e-05 tau=1.0245910114999443e-05 prediction=7054.6490329485814 rho=0.68883381481801109 accept=1
  MFCG it  63 cost=1.726101e+06 lam=1.025e-06 tau=0.00e+00 cg_it=0 shift=0 ckpt=1 alpha=0 acc mv=378
PCG_PREP o=63 rebuild=1 drift=0 previous_depth=1
POINT_SAFE o=63 frozen=338 slope=-2721.6243659646557 candidate=1724483.739803989 original=1724112.0797401115 current=1726101.4591591335 won=0 mode=1 camera_scale=1 keep_scale=0
ATTR_RADIUS o=63 raw_norm=12699.221437173566 norm=2215.2927471826902 radius=4430.5854943653803 next_radius=4430.5854943653803 lambda=1.0245910114999443e-06 next_lambda=6.4036938218746516e-07 rho=1.1886645235310735 accept=1
CLASSICAL_LM o=63 lambda=1.0245910114999443e-06 tau=1.0245910114999443e-06 prediction=1673.6256358625997 rho=1.1886645235310735 accept=1
  MFCG it  64 cost=1.724112e+06 lam=6.404e-07 tau=0.00e+00 cg_it=0 shift=0 ckpt=1 alpha=0 acc mv=380
PCG_PREP o=64 rebuild=1 drift=0 previous_depth=1
ATTR_RADIUS o=64 raw_norm=35079.947194705484 norm=4430.5854943653812 radius=4430.5854943653803 next_radius=8861.1709887307607 lambda=6.4036938218746516e-07 next_lambda=6.4036938218746516e-07 rho=0.85704658666839217 accept=1
CLASSICAL_LM o=64 lambda=6.4036938218746516e-07 tau=6.4036938218746516e-07 prediction=1119.2761944204631 rho=0.85704658666839217 accept=1
  MFCG it  65 cost=1.723153e+06 lam=6.404e-07 tau=0.00e+00 cg_it=1 shift=0 ckpt=2 alpha=0 acc mv=383
PCG_PREP o=65 rebuild=1 drift=0 previous_depth=2
ATTR_RADIUS o=65 raw_norm=42721.390803053699 norm=8861.1709887307607 radius=8861.1709887307607 next_radius=8861.1709887307607 lambda=6.4036938218746516e-07 next_lambda=6.4036938218746516e-07 rho=0.55344093286930918 accept=1
CLASSICAL_LM o=65 lambda=6.4036938218746516e-07 tau=6.4036938218746516e-07 prediction=2282.9902811778752 rho=0.55344093286930918 accept=1
  MFCG it  66 cost=1.721889e+06 lam=6.404e-07 tau=0.00e+00 cg_it=3 shift=0 ckpt=4 alpha=0 acc mv=388
PCG_PREP o=66 rebuild=1 drift=0 previous_depth=4
POINT_SAFE o=66 frozen=390 slope=-4521.2720172603922 candidate=1723035.0241092856 original=1720802.1005856546 current=1721889.3076271976 won=0 mode=1 camera_scale=1 keep_scale=0
ATTR_RADIUS o=66 raw_norm=35454.992657631374 norm=4430.5854943653803 radius=8861.1709887307607 next_radius=8861.1709887307607 lambda=6.4036938218746516e-07 next_lambda=6.4036938218746516e-07 rho=0.54055836730640483 accept=1
CLASSICAL_LM o=66 lambda=6.4036938218746516e-07 tau=6.4036938218746516e-07 prediction=2011.2666962506109 rho=0.54055836730640483 accept=1
  MFCG it  67 cost=1.720802e+06 lam=6.404e-07 tau=0.00e+00 cg_it=4 shift=0 ckpt=5 alpha=0 acc mv=394
PCG_PREP o=67 rebuild=1 drift=0 previous_depth=5
POINT_SAFE o=67 frozen=319 slope=-4686.9560845356864 candidate=1721876.0664969839 original=1719721.773611343 current=1720802.1005856546 won=0 mode=1 camera_scale=1 keep_scale=0
ATTR_RADIUS o=67 raw_norm=35562.11480861911 norm=4430.5854943653821 radius=8861.1709887307607 next_radius=8861.1709887307607 lambda=6.4036938218746516e-07 next_lambda=6.4036938218746516e-07 rho=0.53880408633199695 accept=1
CLASSICAL_LM o=67 lambda=6.4036938218746516e-07 tau=6.4036938218746516e-07 prediction=2005.045992999284 rho=0.53880408633199695 accept=1
  MFCG it  68 cost=1.719722e+06 lam=6.404e-07 tau=0.00e+00 cg_it=4 shift=0 ckpt=5 alpha=0 acc mv=400
PCG_PREP o=68 rebuild=1 drift=0 previous_depth=5
ATTR_RADIUS o=68 raw_norm=21183.828074020203 norm=8861.1709887307661 radius=8861.1709887307607 next_radius=17722.341977461521 lambda=6.4036938218746516e-07 next_lambda=6.4036938218746516e-07 rho=0.83906749436890971 accept=1
CLASSICAL_LM o=68 lambda=6.4036938218746516e-07 tau=6.4036938218746516e-07 prediction=1863.9059861106887 rho=0.83906749436890971 accept=1
  MFCG it  69 cost=1.718158e+06 lam=6.404e-07 tau=0.00e+00 cg_it=0 shift=0 ckpt=1 alpha=0 acc mv=402
PCG_PREP o=69 rebuild=1 drift=0 previous_depth=1
POINT_SAFE o=69 frozen=1616 slope=-12255.947207793679 candidate=1745557.306814098 original=1716660.4991892052 current=1718157.8306858379 won=0 mode=1 camera_scale=1 keep_scale=0
ATTR_RADIUS o=69 raw_norm=40417.100601308674 norm=8861.1709887307534 radius=17722.341977461521 next_radius=17722.341977461521 lambda=6.4036938218746516e-07 next_lambda=6.4036938218746516e-07 rho=0.27207647973880811 accept=1
CLASSICAL_LM o=69 lambda=6.4036938218746516e-07 tau=6.4036938218746516e-07 prediction=5503.3478015817018 rho=0.27207647973880811 accept=1
  MFCG it  70 cost=1.716660e+06 lam=6.404e-07 tau=0.00e+00 cg_it=13 shift=0 ckpt=14 alpha=0 acc mv=417
PCG_PREP o=70 rebuild=1 drift=0 previous_depth=14
ATTR_RADIUS o=70 raw_norm=14192.66422387626 norm=14192.66422387626 radius=17722.341977461521 next_radius=35444.683954923043 lambda=6.4036938218746516e-07 next_lambda=6.4036938218746516e-07 rho=0.7773398900076991 accept=1
CLASSICAL_LM o=70 lambda=6.4036938218746516e-07 tau=6.4036938218746516e-07 prediction=4848.097049329217 rho=0.7773398900076991 accept=1
  MFCG it  71 cost=1.712892e+06 lam=6.404e-07 tau=0.00e+00 cg_it=0 shift=0 ckpt=1 alpha=0 acc mv=419
PCG_PREP o=71 rebuild=1 drift=0 previous_depth=1
POINT_SAFE o=71 frozen=865 slope=-3947.6173718108148 candidate=1713659.0201129112 original=1711931.0801639252 current=1712891.879962133 won=0 mode=1 camera_scale=1 keep_scale=0
ATTR_RADIUS o=71 raw_norm=13845.919425313385 norm=6922.9597126566923 radius=35444.683954923043 next_radius=35444.683954923043 lambda=6.4036938218746516e-07 next_lambda=6.4036938218746516e-07 rho=0.56572214216350414 accept=1
CLASSICAL_LM o=71 lambda=6.4036938218746516e-07 tau=6.4036938218746516e-07 prediction=1698.359895431023 rho=0.56572214216350414 accept=1
  MFCG it  72 cost=1.711931e+06 lam=6.404e-07 tau=0.00e+00 cg_it=1 shift=0 ckpt=2 alpha=0 acc mv=422
PCG_PREP o=72 rebuild=1 drift=0 previous_depth=2
POINT_SAFE o=72 frozen=790 slope=-30642.082819808205 candidate=2400798.3535447437 original=1708953.4564534384 current=1711931.0801639252 won=0 mode=1 camera_scale=1 keep_scale=0
ATTR_RADIUS o=72 raw_norm=45607.225332241687 norm=8861.1709887307607 radius=35444.683954923043 next_radius=35444.683954923043 lambda=6.4036938218746516e-07 next_lambda=6.4036938218746516e-07 rho=0.4371048504962296 accept=1
CLASSICAL_LM o=72 lambda=6.4036938218746516e-07 tau=6.4036938218746516e-07 prediction=6812.1497784945986 rho=0.4371048504962296 accept=1
  MFCG it  73 cost=1.708953e+06 lam=6.404e-07 tau=0.00e+00 cg_it=28 shift=0 ckpt=29 alpha=0 acc mv=452
PCG_PREP o=73 rebuild=1 drift=0 previous_depth=29
POINT_SAFE o=73 frozen=941 slope=-11399.16113299218 candidate=2380789.4764634953 original=1707267.43965844 current=1708953.4564534384 won=0 mode=1 camera_scale=1 keep_scale=0
ATTR_RADIUS o=73 raw_norm=22706.219298734024 norm=5676.554824683506 radius=35444.683954923043 next_radius=35444.683954923043 lambda=6.4036938218746516e-07 next_lambda=6.4036938218746516e-07 rho=0.66217062564445284 accept=1
CLASSICAL_LM o=73 lambda=6.4036938218746516e-07 tau=6.4036938218746516e-07 prediction=2546.1969010744442 rho=0.66217062564445284 accept=1
  MFCG it  74 cost=1.707267e+06 lam=6.404e-07 tau=0.00e+00 cg_it=2 shift=0 ckpt=3 alpha=0 acc mv=456
PCG_PREP o=74 rebuild=1 drift=0 previous_depth=3
ATTR_RADIUS o=74 raw_norm=8910.750457910035 norm=8910.750457910035 radius=35444.683954923043 next_radius=35444.683954923043 lambda=6.4036938218746516e-07 next_lambda=6.4036938218746516e-07 rho=0.91670037057791465 accept=1
CLASSICAL_LM o=74 lambda=6.4036938218746516e-07 tau=6.4036938218746516e-07 prediction=3638.2090330113465 rho=0.91670037057791465 accept=1
  MFCG it  75 cost=1.703932e+06 lam=6.404e-07 tau=0.00e+00 cg_it=0 shift=0 ckpt=1 alpha=0 acc mv=458
PCG_PREP o=75 rebuild=1 drift=0 previous_depth=1
POINT_SAFE o=75 frozen=495 slope=-23297.019039627925 candidate=1952389.3340696886 original=1699987.0941623955 current=1703932.2920896385 won=0 mode=1 camera_scale=1 keep_scale=0
ATTR_RADIUS o=75 raw_norm=44267.884531551499 norm=8861.1709887307552 radius=35444.683954923043 next_radius=35444.683954923043 lambda=6.4036938218746516e-07 next_lambda=6.4036938218746516e-07 rho=0.74881792829049032 accept=1
CLASSICAL_LM o=75 lambda=6.4036938218746516e-07 tau=6.4036938218746516e-07 prediction=5268.5676693795831 rho=0.74881792829049032 accept=1
  MFCG it  76 cost=1.699987e+06 lam=6.404e-07 tau=0.00e+00 cg_it=28 shift=0 ckpt=29 alpha=0 acc mv=488
PCG_PREP o=76 rebuild=1 drift=0 previous_depth=29
POINT_SAFE o=76 frozen=723 slope=-6272.5644403238857 candidate=1763581.4910591976 original=1699687.8527987122 current=1699987.0941623955 won=0 mode=1 camera_scale=1 keep_scale=0
ATTR_RADIUS o=76 raw_norm=22879.677696634728 norm=5719.919424158682 radius=35444.683954923043 next_radius=8861.1709887307607 lambda=6.4036938218746516e-07 next_lambda=1.0245910114999443e-05 rho=0.24118332901384915 accept=1
CLASSICAL_LM o=76 lambda=6.4036938218746516e-07 tau=6.4036938218746516e-07 prediction=1240.7215909440692 rho=0.24118332901384915 accept=1
  MFCG it  77 cost=1.699688e+06 lam=1.025e-05 tau=0.00e+00 cg_it=2 shift=0 ckpt=3 alpha=0 acc mv=492
PCG_PREP o=77 rebuild=1 drift=0 previous_depth=3
ATTR_RADIUS o=77 raw_norm=2683.2395099927985 norm=2683.2395099927985 radius=8861.1709887307607 next_radius=8861.1709887307607 lambda=1.0245910114999443e-05 next_lambda=1.0245910114999443e-06 rho=1.0039585507815578 accept=1
CLASSICAL_LM o=77 lambda=1.0245910114999443e-05 tau=1.0245910114999443e-05 prediction=2007.7435987147828 rho=1.0039585507815578 accept=1
  MFCG it  78 cost=1.697672e+06 lam=1.025e-06 tau=0.00e+00 cg_it=0 shift=0 ckpt=1 alpha=0 acc mv=494
PCG_PREP o=78 rebuild=1 drift=0 previous_depth=1
POINT_SAFE o=78 frozen=14 slope=-9270.4050275716036 candidate=1700722.1509767605 original=1693562.567228727 current=1697672.1614450056 won=0 mode=1 camera_scale=1 keep_scale=0
ATTR_RADIUS o=78 raw_norm=41015.500515921856 norm=4430.5854943653812 radius=8861.1709887307607 next_radius=8861.1709887307607 lambda=1.0245910114999443e-06 next_lambda=6.4036938218746516e-07 rho=0.93440890078009797 accept=1
CLASSICAL_LM o=78 lambda=1.0245910114999443e-06 tau=1.0245910114999443e-06 prediction=4398.0683540659738 rho=0.93440890078009797 accept=1
  MFCG it  79 cost=1.693563e+06 lam=6.404e-07 tau=0.00e+00 cg_it=128 shift=0 ckpt=128 alpha=0 acc mv=622
PCG_PREP o=79 rebuild=1 drift=0 previous_depth=128
ATTR_RADIUS o=79 raw_norm=38021.832517041068 norm=8861.1709887307588 radius=8861.1709887307607 next_radius=8861.1709887307607 lambda=6.4036938218746516e-07 next_lambda=6.4036938218746516e-07 rho=0.72210875794172946 accept=1
CLASSICAL_LM o=79 lambda=6.4036938218746516e-07 tau=6.4036938218746516e-07 prediction=5392.203210120002 rho=0.72210875794172946 accept=1
  MFCG it  80 cost=1.689669e+06 lam=6.404e-07 tau=0.00e+00 cg_it=50 shift=0 ckpt=51 alpha=0 acc mv=674
PCG_PREP o=80 rebuild=1 drift=0 previous_depth=51
ATTR_RADIUS o=80 raw_norm=9622.6695739402403 norm=8861.1709887307607 radius=8861.1709887307607 next_radius=8861.1709887307607 lambda=6.4036938218746516e-07 next_lambda=6.4036938218746516e-07 rho=0.35513054230097046 accept=1
CLASSICAL_LM o=80 lambda=6.4036938218746516e-07 tau=6.4036938218746516e-07 prediction=1908.573982167967 rho=0.35513054230097046 accept=1
  MFCG it  81 cost=1.688991e+06 lam=6.404e-07 tau=0.00e+00 cg_it=0 shift=0 ckpt=1 alpha=0 acc mv=676
PCG_PREP o=81 rebuild=1 drift=0 previous_depth=1
POINT_SAFE o=81 frozen=259 slope=-3229.476563301318 candidate=1688914.0121486075 original=1688227.7070209228 current=1688991.017152789 won=0 mode=1 camera_scale=1 keep_scale=0
ATTR_RADIUS o=81 raw_norm=24579.637172230628 norm=4430.5854943653812 radius=8861.1709887307607 next_radius=8861.1709887307607 lambda=6.4036938218746516e-07 next_lambda=6.4036938218746516e-07 rho=0.60224469662362068 accept=1
CLASSICAL_LM o=81 lambda=6.4036938218746516e-07 tau=6.4036938218746516e-07 prediction=1267.4418490451083 rho=0.60224469662362068 accept=1
  MFCG it  82 cost=1.688228e+06 lam=6.404e-07 tau=0.00e+00 cg_it=2 shift=0 ckpt=3 alpha=0 acc mv=680
PCG_PREP o=82 rebuild=1 drift=0 previous_depth=3
POINT_SAFE o=82 frozen=193 slope=-2350.2028172805917 candidate=1688433.502426204 original=1687738.4585791449 current=1688227.7070209228 won=0 mode=1 camera_scale=1 keep_scale=0
ATTR_RADIUS o=82 raw_norm=22878.598938609703 norm=4430.5854943653849 radius=8861.1709887307607 next_radius=8861.1709887307607 lambda=6.4036938218746516e-07 next_lambda=6.4036938218746516e-07 rho=0.52824460686768748 accept=1
CLASSICAL_LM o=82 lambda=6.4036938218746516e-07 tau=6.4036938218746516e-07 prediction=926.1778263652684 rho=0.52824460686768748 accept=1
  MFCG it  83 cost=1.687738e+06 lam=6.404e-07 tau=0.00e+00 cg_it=2 shift=0 ckpt=3 alpha=0 acc mv=684
PCG_PREP o=83 rebuild=1 drift=0 previous_depth=3
ATTR_RADIUS o=83 raw_norm=9926.6787591323136 norm=8861.1709887307588 radius=8861.1709887307607 next_radius=8861.1709887307607 lambda=6.4036938218746516e-07 next_lambda=6.4036938218746516e-07 rho=0.67483516668280086 accept=1
CLASSICAL_LM o=83 lambda=6.4036938218746516e-07 tau=6.4036938218746516e-07 prediction=1012.8988188647591 rho=0.67483516668280086 accept=1
  MFCG it  84 cost=1.687055e+06 lam=6.404e-07 tau=0.00e+00 cg_it=0 shift=0 ckpt=1 alpha=0 acc mv=686
PCG_PREP o=84 rebuild=1 drift=0 previous_depth=1
ATTR_RADIUS o=84 raw_norm=6824.4818813203283 norm=6824.4818813203283 radius=8861.1709887307607 next_radius=8861.1709887307607 lambda=6.4036938218746516e-07 next_lambda=6.4036938218746516e-07 rho=0.4127860498117224 accept=1
CLASSICAL_LM o=84 lambda=6.4036938218746516e-07 tau=6.4036938218746516e-07 prediction=579.4366051468329 rho=0.4127860498117224 accept=1
  MFCG it  85 cost=1.686816e+06 lam=6.404e-07 tau=0.00e+00 cg_it=0 shift=0 ckpt=1 alpha=0 acc mv=688
PCG_PREP o=85 rebuild=1 drift=0 previous_depth=1
ATTR_RADIUS o=85 raw_norm=19304.184125844975 norm=8861.1709887307625 radius=8861.1709887307607 next_radius=8861.1709887307607 lambda=6.4036938218746516e-07 next_lambda=6.4036938218746516e-07 rho=0.52794968271861065 accept=1
CLASSICAL_LM o=85 lambda=6.4036938218746516e-07 tau=6.4036938218746516e-07 prediction=818.35422388813402 rho=0.52794968271861065 accept=1
  MFCG it  86 cost=1.686384e+06 lam=6.404e-07 tau=0.00e+00 cg_it=1 shift=0 ckpt=2 alpha=0 acc mv=691
PCG_PREP o=86 rebuild=1 drift=0 previous_depth=2
ATTR_RADIUS o=86 raw_norm=5092.3417680134226 norm=5092.3417680134226 radius=8861.1709887307607 next_radius=8861.1709887307607 lambda=6.4036938218746516e-07 next_lambda=6.4036938218746516e-07 rho=0.88091049609561223 accept=1
CLASSICAL_LM o=86 lambda=6.4036938218746516e-07 tau=6.4036938218746516e-07 prediction=630.24746801313574 rho=0.88091049609561223 accept=1
  MFCG it  87 cost=1.685828e+06 lam=6.404e-07 tau=0.00e+00 cg_it=0 shift=0 ckpt=1 alpha=0 acc mv=693
PCG_PREP o=87 rebuild=1 drift=0 previous_depth=1
POINT_SAFE o=87 frozen=246 slope=-894.71216811370607 candidate=1685558.1525907475 original=1685495.3848889777 current=1685828.494025965 won=0 mode=1 camera_scale=1 keep_scale=0
ATTR_RADIUS o=87 raw_norm=19848.734251400387 norm=4430.5854943653794 radius=8861.1709887307607 next_radius=8861.1709887307607 lambda=6.4036938218746516e-07 next_lambda=6.4036938218746516e-07 rho=0.85205508576828126 accept=1
CLASSICAL_LM o=87 lambda=6.4036938218746516e-07 tau=6.4036938218746516e-07 prediction=390.94788887608922 rho=0.85205508576828126 accept=1
  MFCG it  88 cost=1.685495e+06 lam=6.404e-07 tau=0.00e+00 cg_it=3 shift=0 ckpt=4 alpha=0 acc mv=698
PCG_PREP o=88 rebuild=1 drift=0 previous_depth=4
ATTR_RADIUS o=88 raw_norm=13925.94463818077 norm=8861.1709887307607 radius=8861.1709887307607 next_radius=8861.1709887307607 lambda=6.4036938218746516e-07 next_lambda=6.4036938218746516e-07 rho=0.5366982092865521 accept=1
CLASSICAL_LM o=88 lambda=6.4036938218746516e-07 tau=6.4036938218746516e-07 prediction=803.14190394887078 rho=0.5366982092865521 accept=1
  MFCG it  89 cost=1.685064e+06 lam=6.404e-07 tau=0.00e+00 cg_it=3 shift=0 ckpt=4 alpha=0 acc mv=703
PCG_PREP o=89 rebuild=1 drift=0 previous_depth=4
ATTR_RADIUS o=89 raw_norm=3054.9485107678033 norm=3054.9485107678033 radius=8861.1709887307607 next_radius=8861.1709887307607 lambda=6.4036938218746516e-07 next_lambda=6.4036938218746516e-07 rho=0.76776069163212401 accept=1
CLASSICAL_LM o=89 lambda=6.4036938218746516e-07 tau=6.4036938218746516e-07 prediction=549.22952859407928 rho=0.76776069163212401 accept=1
  MFCG it  90 cost=1.684643e+06 lam=6.404e-07 tau=0.00e+00 cg_it=0 shift=0 ckpt=1 alpha=0 acc mv=705
PCG_PREP o=90 rebuild=1 drift=0 previous_depth=1
ATTR_RADIUS o=90 raw_norm=29595.593665393557 norm=8861.1709887307588 radius=8861.1709887307607 next_radius=8861.1709887307607 lambda=6.4036938218746516e-07 next_lambda=6.4036938218746516e-07 rho=0.49858394354133778 accept=1
CLASSICAL_LM o=90 lambda=6.4036938218746516e-07 tau=6.4036938218746516e-07 prediction=4880.075161959252 rho=0.49858394354133778 accept=1
  MFCG it  91 cost=1.682210e+06 lam=6.404e-07 tau=0.00e+00 cg_it=47 shift=0 ckpt=48 alpha=0 acc mv=754
PCG_PREP o=91 rebuild=1 drift=0 previous_depth=48
ATTR_RADIUS o=91 raw_norm=2632.1770517213572 norm=2632.1770517213572 radius=8861.1709887307607 next_radius=8861.1709887307607 lambda=6.4036938218746516e-07 next_lambda=6.4036938218746516e-07 rho=0.73468419988087541 accept=1
CLASSICAL_LM o=91 lambda=6.4036938218746516e-07 tau=6.4036938218746516e-07 prediction=2580.516628983853 rho=0.73468419988087541 accept=1
  MFCG it  92 cost=1.680314e+06 lam=6.404e-07 tau=0.00e+00 cg_it=0 shift=0 ckpt=1 alpha=0 acc mv=756
PCG_PREP o=92 rebuild=1 drift=0 previous_depth=1
POINT_SAFE o=92 frozen=9 slope=1717.1139033657555 candidate=inf original=1677790.751818252 current=1680313.6713107151 won=0 mode=1 camera_scale=1 keep_scale=0
ATTR_RADIUS o=92 raw_norm=33613.959549659136 norm=4430.5854943653794 radius=8861.1709887307607 next_radius=8861.1709887307607 lambda=6.4036938218746516e-07 next_lambda=6.4036938218746516e-07 rho=0.73532219334764071 accept=1
CLASSICAL_LM o=92 lambda=6.4036938218746516e-07 tau=6.4036938218746516e-07 prediction=3431.039502530487 rho=0.73532219334764071 accept=1
  MFCG it  93 cost=1.677791e+06 lam=6.404e-07 tau=0.00e+00 cg_it=128 shift=0 ckpt=128 alpha=0 acc mv=884
PCG_PREP o=93 rebuild=1 drift=0 previous_depth=128
ATTR_RADIUS o=93 raw_norm=34195.939724875236 norm=8861.1709887307643 radius=8861.1709887307607 next_radius=2215.2927471826902 lambda=6.4036938218746516e-07 next_lambda=1.0245910114999443e-05 rho=0.15838168393941154 accept=1
CLASSICAL_LM o=93 lambda=6.4036938218746516e-07 tau=6.4036938218746516e-07 prediction=5052.1416679552894 rho=0.15838168393941154 accept=1
  MFCG it  94 cost=1.676991e+06 lam=1.025e-05 tau=0.00e+00 cg_it=123 shift=0 ckpt=124 alpha=0 acc mv=1009
PCG_PREP o=94 rebuild=1 drift=0 previous_depth=124
POINT_SAFE o=94 frozen=89 slope=-8829.6601086573119 candidate=1672783.6449009883 original=1673560.1616149605 current=1676990.5851133808 won=1 mode=1 camera_scale=1 keep_scale=0
ATTR_RADIUS o=94 raw_norm=1388.8935538416385 norm=1388.8935538416385 radius=2215.2927471826902 next_radius=2215.2927471826902 lambda=1.0245910114999443e-05 next_lambda=1.0245910114999443e-06 rho=0.9782350078145633 accept=1
CLASSICAL_LM o=94 lambda=1.0245910114999443e-05 tau=1.0245910114999443e-05 prediction=4300.5414637440163 rho=0.9782350078145633 accept=1
  MFCG it  95 cost=1.672784e+06 lam=1.025e-06 tau=0.00e+00 cg_it=3 shift=0 ckpt=4 alpha=0 acc mv=1014
PCG_PREP o=95 rebuild=1 drift=0 previous_depth=4
ATTR_RADIUS o=95 raw_norm=22084.692686631657 norm=2215.2927471826893 radius=2215.2927471826902 next_radius=4430.5854943653803 lambda=1.0245910114999443e-06 next_lambda=6.4036938218746516e-07 rho=0.96560828353574268 accept=1
CLASSICAL_LM o=95 lambda=1.0245910114999443e-06 tau=1.0245910114999443e-06 prediction=1366.4839341359752 rho=0.96560828353574268 accept=1
  MFCG it  96 cost=1.671464e+06 lam=6.404e-07 tau=0.00e+00 cg_it=124 shift=0 ckpt=125 alpha=0 acc mv=1140
PCG_PREP o=96 rebuild=1 drift=0 previous_depth=125
ATTR_RADIUS o=96 raw_norm=25170.478215364888 norm=4430.5854943653803 radius=4430.5854943653803 next_radius=8861.1709887307607 lambda=6.4036938218746516e-07 next_lambda=6.4036938218746516e-07 rho=0.92854115010522786 accept=1
CLASSICAL_LM o=96 lambda=6.4036938218746516e-07 tau=6.4036938218746516e-07 prediction=1725.8298983079569 rho=0.92854115010522786 accept=1
  MFCG it  97 cost=1.669862e+06 lam=6.404e-07 tau=0.00e+00 cg_it=128 shift=0 ckpt=128 alpha=0 acc mv=1268
PCG_PREP o=97 rebuild=1 drift=0 previous_depth=128
ATTR_RADIUS o=97 raw_norm=27690.829320650973 norm=8861.1709887307643 radius=8861.1709887307607 next_radius=8861.1709887307607 lambda=6.4036938218746516e-07 next_lambda=6.4036938218746516e-07 rho=0.3846677900051807 accept=1
CLASSICAL_LM o=97 lambda=6.4036938218746516e-07 tau=6.4036938218746516e-07 prediction=2489.9456787406862 rho=0.3846677900051807 accept=1
  MFCG it  98 cost=1.668904e+06 lam=6.404e-07 tau=0.00e+00 cg_it=128 shift=0 ckpt=128 alpha=0 acc mv=1396
PCG_PREP o=98 rebuild=1 drift=0 previous_depth=128
ATTR_RADIUS o=98 raw_norm=3918.5055933427834 norm=3918.5055933427834 radius=8861.1709887307607 next_radius=8861.1709887307607 lambda=6.4036938218746516e-07 next_lambda=6.4036938218746516e-07 rho=0.63613159278563125 accept=1
CLASSICAL_LM o=98 lambda=6.4036938218746516e-07 tau=6.4036938218746516e-07 prediction=1596.5534549459758 rho=0.63613159278563125 accept=1
  MFCG it  99 cost=1.667888e+06 lam=6.404e-07 tau=0.00e+00 cg_it=0 shift=0 ckpt=1 alpha=0 acc mv=1398
PCG_PREP o=99 rebuild=1 drift=0 previous_depth=1
ATTR_RADIUS o=99 raw_norm=29327.720754677295 norm=8861.170988730757 radius=8861.1709887307607 next_radius=8861.1709887307607 lambda=6.4036938218746516e-07 next_lambda=6.4036938218746516e-07 rho=0.59924960804424754 accept=1
CLASSICAL_LM o=99 lambda=6.4036938218746516e-07 tau=6.4036938218746516e-07 prediction=2289.7898362057599 rho=0.59924960804424754 accept=1
  MFCG it 100 cost=1.666516e+06 lam=6.404e-07 tau=0.00e+00 cg_it=128 shift=0 ckpt=128 alpha=0 acc mv=1526
PCG_PREP o=100 rebuild=1 drift=0 previous_depth=128
POINT_SAFE o=100 frozen=473 slope=-1025.388828863832 candidate=1666057.7138288186 original=1666029.9472791268 current=1666516.0769606209 won=0 mode=1 camera_scale=1 keep_scale=0
ATTR_RADIUS o=100 raw_norm=10870.545882994933 norm=2215.2927471826902 radius=8861.1709887307607 next_radius=8861.1709887307607 lambda=6.4036938218746516e-07 next_lambda=6.4036938218746516e-07 rho=1.061238646131353 accept=1
CLASSICAL_LM o=100 lambda=6.4036938218746516e-07 tau=6.4036938218746516e-07 prediction=458.07762774775273 rho=1.061238646131353 accept=1
  MFCG it 101 cost=1.666030e+06 lam=6.404e-07 tau=0.00e+00 cg_it=2 shift=0 ckpt=3 alpha=0 acc mv=1530
PCG_PREP o=101 rebuild=1 drift=0 previous_depth=3
ATTR_RADIUS o=101 raw_norm=15028.62902504973 norm=8861.1709887307625 radius=8861.1709887307607 next_radius=8861.1709887307607 lambda=6.4036938218746516e-07 next_lambda=6.4036938218746516e-07 rho=0.5518875840905394 accept=1
CLASSICAL_LM o=101 lambda=6.4036938218746516e-07 tau=6.4036938218746516e-07 prediction=662.28912049366454 rho=0.5518875840905394 accept=1
  MFCG it 102 cost=1.665664e+06 lam=6.404e-07 tau=0.00e+00 cg_it=3 shift=0 ckpt=4 alpha=0 acc mv=1535
PCG_PREP o=102 rebuild=1 drift=0 previous_depth=4
ATTR_RADIUS o=102 raw_norm=18107.940527571696 norm=0 radius=8861.1709887307607 next_radius=2215.2927471826902 lambda=6.4036938218746516e-07 next_lambda=1.0245910114999443e-05 rho=0.017530720644341379 accept=0
CLASSICAL_LM o=102 lambda=6.4036938218746516e-07 tau=6.4036938218746516e-07 prediction=527.2988417558521 rho=0.017530720644341379 accept=0
  MFCG it 103  retry 1/8  lam=1.025e-05 tau_eff=6.404e-07  (assembly reused)
PCG_PREP o=102 rebuild=1 drift=0 previous_depth=4
ATTR_RADIUS o=102 raw_norm=2188.9333411714906 norm=2188.9333411714906 radius=2215.2927471826902 next_radius=4430.5854943653803 lambda=1.0245910114999443e-05 next_lambda=2.5614775287498607e-06 rho=0.90465819340147602 accept=1
CLASSICAL_LM o=102 lambda=1.0245910114999443e-05 tau=1.0245910114999443e-05 prediction=401.14715824028031 rho=0.90465819340147602 accept=1
  MFCG it 103 cost=1.665302e+06 lam=2.561e-06 tau=0.00e+00 cg_it=1 shift=0 ckpt=2 alpha=0 acc mv=1543
PCG_PREP o=103 rebuild=1 drift=0 previous_depth=2
POINT_SAFE o=103 frozen=7 slope=-1156.461399963451 candidate=1665938.8943442048 original=1664830.2047244052 current=1665301.5370729864 won=0 mode=1 camera_scale=1 keep_scale=0
ATTR_RADIUS o=103 raw_norm=16795.891698230014 norm=2215.2927471826911 radius=4430.5854943653803 next_radius=4430.5854943653803 lambda=2.5614775287498607e-06 next_lambda=6.4036938218746516e-07 rho=0.86662687576400255 accept=1
CLASSICAL_LM o=103 lambda=2.5614775287498607e-06 tau=2.5614775287498607e-06 prediction=543.86998806799363 rho=0.86662687576400255 accept=1
  MFCG it 104 cost=1.664830e+06 lam=6.404e-07 tau=0.00e+00 cg_it=128 shift=0 ckpt=128 alpha=0 acc mv=1671
PCG_PREP o=104 rebuild=1 drift=0 previous_depth=128
ATTR_RADIUS o=104 raw_norm=30965.983555581624 norm=4430.5854943653803 radius=4430.5854943653803 next_radius=8861.1709887307607 lambda=6.4036938218746516e-07 next_lambda=6.4036938218746516e-07 rho=0.84263822577028513 accept=1
CLASSICAL_LM o=104 lambda=6.4036938218746516e-07 tau=6.4036938218746516e-07 prediction=809.04295878028915 rho=0.84263822577028513 accept=1
  MFCG it 105 cost=1.664148e+06 lam=6.404e-07 tau=0.00e+00 cg_it=128 shift=0 ckpt=128 alpha=0 acc mv=1799
PCG_PREP o=105 rebuild=1 drift=0 previous_depth=128
POINT_SAFE o=105 frozen=427 slope=-473.73441720462199 candidate=1664262.3640144845 original=1663965.2349965007 current=1664148.4742010466 won=0 mode=1 camera_scale=1 keep_scale=0
ATTR_RADIUS o=105 raw_norm=16740.354957874453 norm=4430.5854943653794 radius=8861.1709887307607 next_radius=8861.1709887307607 lambda=6.4036938218746516e-07 next_lambda=6.4036938218746516e-07 rho=0.82228427600175213 accept=1
CLASSICAL_LM o=105 lambda=6.4036938218746516e-07 tau=6.4036938218746516e-07 prediction=222.84167397307809 rho=0.82228427600175213 accept=1
  MFCG it 106 cost=1.663965e+06 lam=6.404e-07 tau=0.00e+00 cg_it=4 shift=0 ckpt=5 alpha=0 acc mv=1805
PCG_PREP o=106 rebuild=1 drift=0 previous_depth=5
POINT_SAFE o=106 frozen=448 slope=-478.70844088088825 candidate=1664321.556334533 original=1663879.3100939968 current=1663965.2349965007 won=0 mode=1 camera_scale=1 keep_scale=0
ATTR_RADIUS o=106 raw_norm=11911.88001194893 norm=4430.5854943653803 radius=8861.1709887307607 next_radius=8861.1709887307607 lambda=6.4036938218746516e-07 next_lambda=6.4036938218746516e-07 rho=0.49823836083099082 accept=1
CLASSICAL_LM o=106 lambda=6.4036938218746516e-07 tau=6.4036938218746516e-07 prediction=172.45742050157241 rho=0.49823836083099082 accept=1
  MFCG it 107 cost=1.663879e+06 lam=6.404e-07 tau=0.00e+00 cg_it=4 shift=0 ckpt=5 alpha=0 acc mv=1811
PCG_PREP o=107 rebuild=1 drift=0 previous_depth=5
ATTR_RADIUS o=107 raw_norm=6023.7783043675254 norm=6023.7783043675254 radius=8861.1709887307607 next_radius=2215.2927471826902 lambda=6.4036938218746516e-07 next_lambda=1.0245910114999443e-05 rho=0.18943073582131142 accept=1
CLASSICAL_LM o=107 lambda=6.4036938218746516e-07 tau=6.4036938218746516e-07 prediction=196.93928839448017 rho=0.18943073582131142 accept=1
  MFCG it 108 cost=1.663842e+06 lam=1.025e-05 tau=0.00e+00 cg_it=3 shift=0 ckpt=4 alpha=0 acc mv=1816
PCG_PREP o=108 rebuild=1 drift=0 previous_depth=4
ATTR_RADIUS o=108 raw_norm=1380.6767569596452 norm=1380.6767569596452 radius=2215.2927471826902 next_radius=2215.2927471826902 lambda=1.0245910114999443e-05 next_lambda=1.0245910114999443e-06 rho=0.94525467313602141 accept=1
CLASSICAL_LM o=108 lambda=1.0245910114999443e-05 tau=1.0245910114999443e-05 prediction=185.96076222732037 rho=0.94525467313602141 accept=1
  MFCG it 109 cost=1.663666e+06 lam=1.025e-06 tau=0.00e+00 cg_it=2 shift=0 ckpt=3 alpha=0 acc mv=1820
PCG_PREP o=109 rebuild=1 drift=0 previous_depth=3
POINT_SAFE o=109 frozen=10 slope=-398.54319638203458 candidate=1666388.2089795601 original=1663474.153865203 current=1663666.2234601688 won=0 mode=1 camera_scale=1 keep_scale=0
ATTR_RADIUS o=109 raw_norm=17444.973214991449 norm=1107.6463735913455 radius=2215.2927471826902 next_radius=2215.2927471826902 lambda=1.0245910114999443e-06 next_lambda=6.4036938218746516e-07 rho=0.98368208872656537 accept=1
CLASSICAL_LM o=109 lambda=1.0245910114999443e-06 tau=1.0245910114999443e-06 prediction=195.25576115188542 rho=0.98368208872656537 accept=1
  MFCG it 110 cost=1.663474e+06 lam=6.404e-07 tau=0.00e+00 cg_it=128 shift=0 ckpt=128 alpha=0 acc mv=1948
PCG_PREP o=110 rebuild=1 drift=0 previous_depth=128
POINT_SAFE o=110 frozen=8 slope=-313.9733357214235 candidate=1663202.2658326169 original=1663322.2395727215 current=1663474.153865203 won=1 mode=1 camera_scale=1 keep_scale=0
ATTR_RADIUS o=110 raw_norm=23172.310373414326 norm=2215.2927471826897 radius=2215.2927471826902 next_radius=4430.5854943653803 lambda=6.4036938218746516e-07 next_lambda=6.4036938218746516e-07 rho=0.93799660492438075 accept=1
CLASSICAL_LM o=110 lambda=6.4036938218746516e-07 tau=6.4036938218746516e-07 prediction=289.86035893807951 rho=0.93799660492438075 accept=1
  MFCG it 111 cost=1.663202e+06 lam=6.404e-07 tau=0.00e+00 cg_it=128 shift=0 ckpt=128 alpha=0 acc mv=2076
PCG_PREP o=111 rebuild=1 drift=0 previous_depth=128
POINT_SAFE o=111 frozen=10 slope=-552.11696711389004 candidate=1662765.2117019056 original=1663132.4736525591 current=1663202.2658326169 won=1 mode=1 camera_scale=1 keep_scale=0
ATTR_RADIUS o=111 raw_norm=24206.820739070688 norm=4430.5854943653831 radius=4430.5854943653803 next_radius=8861.1709887307607 lambda=6.4036938218746516e-07 next_lambda=6.4036938218746516e-07 rho=0.89050928306987731 accept=1
CLASSICAL_LM o=111 lambda=6.4036938218746516e-07 tau=6.4036938218746516e-07 prediction=490.79121242250403 rho=0.89050928306987731 accept=1
  MFCG it 112 cost=1.662765e+06 lam=6.404e-07 tau=0.00e+00 cg_it=128 shift=0 ckpt=128 alpha=0 acc mv=2204
PCG_PREP o=112 rebuild=1 drift=0 previous_depth=128
POINT_SAFE o=112 frozen=398 slope=-193.29819495207198 candidate=1662682.0985027221 original=1662721.7664372632 current=1662765.2117019056 won=1 mode=1 camera_scale=1 keep_scale=0
ATTR_RADIUS o=112 raw_norm=4941.4787080645347 norm=4941.4787080645347 radius=8861.1709887307607 next_radius=8861.1709887307607 lambda=6.4036938218746516e-07 next_lambda=6.4036938218746516e-07 rho=0.85844693210081058 accept=1
CLASSICAL_LM o=112 lambda=6.4036938218746516e-07 tau=6.4036938218746516e-07 prediction=96.818097980836228 rho=0.85844693210081058 accept=1
  MFCG it 113 cost=1.662682e+06 lam=6.404e-07 tau=0.00e+00 cg_it=5 shift=0 ckpt=6 alpha=0 acc mv=2211
PCG_PREP o=113 rebuild=1 drift=0 previous_depth=6
POINT_SAFE o=113 frozen=429 slope=-87.776235076260164 candidate=1662637.3139709795 original=1662667.7395066689 current=1662682.0985027221 won=1 mode=1 camera_scale=1 keep_scale=0
ATTR_RADIUS o=113 raw_norm=3317.4340179633177 norm=3317.4340179633182 radius=8861.1709887307607 next_radius=8861.1709887307607 lambda=6.4036938218746516e-07 next_lambda=6.4036938218746516e-07 rho=0.93375086212219627 accept=1
CLASSICAL_LM o=113 lambda=6.4036938218746516e-07 tau=6.4036938218746516e-07 prediction=47.961970970267679 rho=0.93375086212219627 accept=1
  MFCG it 114 cost=1.662637e+06 lam=6.404e-07 tau=0.00e+00 cg_it=0 shift=0 ckpt=1 alpha=0 acc mv=2213
PCG_PREP o=114 rebuild=1 drift=0 previous_depth=1
POINT_SAFE o=114 frozen=267 slope=-70.963704307590703 candidate=1662630.0173456254 original=1662619.3482129481 current=1662637.3139709795 won=0 mode=1 camera_scale=1 keep_scale=0
ATTR_RADIUS o=114 raw_norm=4828.8013294171378 norm=1207.2003323542845 radius=8861.1709887307607 next_radius=8861.1709887307607 lambda=6.4036938218746516e-07 next_lambda=6.4036938218746516e-07 rho=0.4987487107645926 accept=1
CLASSICAL_LM o=114 lambda=6.4036938218746516e-07 tau=6.4036938218746516e-07 prediction=36.021663101494696 rho=0.4987487107645926 accept=1
  MFCG it 115 cost=1.662619e+06 lam=6.404e-07 tau=0.00e+00 cg_it=5 shift=0 ckpt=6 alpha=0 acc mv=2220
PCG_PREP o=115 rebuild=1 drift=0 previous_depth=6
POINT_SAFE o=115 frozen=139 slope=-251.57400208603315 candidate=1662695.4676109301 original=1662571.8121603602 current=1662619.3482129481 won=0 mode=1 camera_scale=1 keep_scale=0
ATTR_RADIUS o=115 raw_norm=4783.9895087902441 norm=2391.9947543951221 radius=8861.1709887307607 next_radius=8861.1709887307607 lambda=6.4036938218746516e-07 next_lambda=6.4036938218746516e-07 rho=0.43868715362235483 accept=1
CLASSICAL_LM o=115 lambda=6.4036938218746516e-07 tau=6.4036938218746516e-07 prediction=108.35980081794079 rho=0.43868715362235483 accept=1
  MFCG it 116 cost=1.662572e+06 lam=6.404e-07 tau=0.00e+00 cg_it=16 shift=0 ckpt=17 alpha=0 acc mv=2238
PCG_PREP o=116 rebuild=1 drift=0 previous_depth=17
ATTR_RADIUS o=116 raw_norm=3426.9699482544611 norm=3426.9699482544611 radius=8861.1709887307607 next_radius=8861.1709887307607 lambda=6.4036938218746516e-07 next_lambda=6.4036938218746516e-07 rho=0.45943661004281033 accept=1
CLASSICAL_LM o=116 lambda=6.4036938218746516e-07 tau=6.4036938218746516e-07 prediction=81.376577894963205 rho=0.45943661004281033 accept=1
  MFCG it 117 cost=1.662534e+06 lam=6.404e-07 tau=0.00e+00 cg_it=0 shift=0 ckpt=1 alpha=0 acc mv=2240
PCG_PREP o=117 rebuild=1 drift=0 previous_depth=1
ATTR_RADIUS o=117 raw_norm=4486.4205290675218 norm=4486.4205290675218 radius=8861.1709887307607 next_radius=8861.1709887307607 lambda=6.4036938218746516e-07 next_lambda=6.4036938218746516e-07 rho=0.31413044243480859 accept=1
CLASSICAL_LM o=117 lambda=6.4036938218746516e-07 tau=6.4036938218746516e-07 prediction=48.487436437197275 rho=0.31413044243480859 accept=1
  MFCG it 118 cost=1.662519e+06 lam=6.404e-07 tau=0.00e+00 cg_it=0 shift=0 ckpt=1 alpha=0 acc mv=2242
PCG_PREP o=118 rebuild=1 drift=0 previous_depth=1
POINT_SAFE o=118 frozen=91 slope=-80.599615496401384 candidate=45809742.64066913 original=1662513.7015939215 current=1662519.1934014147 won=0 mode=1 camera_scale=1 keep_scale=0
ATTR_RADIUS o=118 raw_norm=4734.0131993213172 norm=591.75164991516465 radius=8861.1709887307607 next_radius=8861.1709887307607 lambda=6.4036938218746516e-07 next_lambda=6.4036938218746516e-07 rho=0.57261242846615301 accept=1
CLASSICAL_LM o=118 lambda=6.4036938218746516e-07 tau=6.4036938218746516e-07 prediction=9.5907933885738057 rho=0.57261242846615301 accept=1
  MFCG it 119 cost=1.662514e+06 lam=6.404e-07 tau=0.00e+00 cg_it=0 shift=0 ckpt=1 alpha=0 acc mv=2244
PCG_PREP o=119 rebuild=1 drift=0 previous_depth=1
ATTR_RADIUS o=119 raw_norm=4666.3682226853589 norm=4666.3682226853589 radius=8861.1709887307607 next_radius=8861.1709887307607 lambda=6.4036938218746516e-07 next_lambda=6.4036938218746516e-07 rho=0.45143605488796301 accept=1
CLASSICAL_LM o=119 lambda=6.4036938218746516e-07 tau=6.4036938218746516e-07 prediction=44.254082464440458 rho=0.45143605488796301 accept=1
  MFCG it 120 cost=1.662494e+06 lam=6.404e-07 tau=0.00e+00 cg_it=0 shift=0 ckpt=1 alpha=0 acc mv=2246
PCG_PREP o=120 rebuild=1 drift=0 previous_depth=1
POINT_SAFE o=120 frozen=401 slope=-81.133583874298594 candidate=1662847.3938569271 original=1662472.2114546935 current=1662493.7237055211 won=0 mode=1 camera_scale=1 keep_scale=0
ATTR_RADIUS o=120 raw_norm=7196.6901113219728 norm=3598.3450556609864 radius=8861.1709887307607 next_radius=8861.1709887307607 lambda=6.4036938218746516e-07 next_lambda=6.4036938218746516e-07 rho=0.61777142875791102 accept=1
CLASSICAL_LM o=120 lambda=6.4036938218746516e-07 tau=6.4036938218746516e-07 prediction=34.82234662564089 rho=0.61777142875791102 accept=1
  MFCG it 121 cost=1.662472e+06 lam=6.404e-07 tau=0.00e+00 cg_it=0 shift=0 ckpt=1 alpha=0 acc mv=2248
PCG_PREP o=121 rebuild=1 drift=0 previous_depth=1
POINT_SAFE o=121 frozen=311 slope=-89.004070741340215 candidate=1665044.1344837165 original=1662463.6230855891 current=1662472.2114546935 won=0 mode=1 camera_scale=1 keep_scale=0
ATTR_RADIUS o=121 raw_norm=8618.4609579998687 norm=4309.2304789999343 radius=8861.1709887307607 next_radius=2215.2927471826902 lambda=6.4036938218746516e-07 next_lambda=1.0245910114999443e-05 rho=0.21703437923851759 accept=1
CLASSICAL_LM o=121 lambda=6.4036938218746516e-07 tau=6.4036938218746516e-07 prediction=39.571468513171553 rho=0.21703437923851759 accept=1
  MFCG it 122 cost=1.662464e+06 lam=1.025e-05 tau=0.00e+00 cg_it=0 shift=0 ckpt=1 alpha=0 acc mv=2250
PCG_PREP o=122 rebuild=1 drift=0 previous_depth=1
ATTR_RADIUS o=122 raw_norm=1305.7431945076853 norm=1305.7431945076853 radius=2215.2927471826902 next_radius=2215.2927471826902 lambda=1.0245910114999443e-05 next_lambda=1.0245910114999443e-06 rho=0.55432787828907137 accept=1
CLASSICAL_LM o=122 lambda=1.0245910114999443e-05 tau=1.0245910114999443e-05 prediction=60.710070328370307 rho=0.55432787828907137 accept=1
  MFCG it 123 cost=1.662430e+06 lam=1.025e-06 tau=0.00e+00 cg_it=0 shift=0 ckpt=1 alpha=0 acc mv=2252
PCG_PREP o=123 rebuild=1 drift=0 previous_depth=1
ATTR_RADIUS o=123 raw_norm=6558.8862703553514 norm=2215.2927471826906 radius=2215.2927471826902 next_radius=2215.2927471826902 lambda=1.0245910114999443e-06 next_lambda=1.0245910114999443e-06 rho=0.31834444141862778 accept=1
CLASSICAL_LM o=123 lambda=1.0245910114999443e-06 tau=1.0245910114999443e-06 prediction=39.185179092948118 rho=0.31834444141862778 accept=1
  MFCG it 124 cost=1.662417e+06 lam=1.025e-06 tau=0.00e+00 cg_it=0 shift=0 ckpt=1 alpha=0 acc mv=2254
PCG_PREP o=124 rebuild=1 drift=0 previous_depth=1
ATTR_RADIUS o=124 raw_norm=7557.9835199722456 norm=2215.2927471826883 radius=2215.2927471826902 next_radius=4430.5854943653803 lambda=1.0245910114999443e-06 next_lambda=6.4036938218746516e-07 rho=0.91174938512057324 accept=1
CLASSICAL_LM o=124 lambda=1.0245910114999443e-06 tau=1.0245910114999443e-06 prediction=42.847711440960609 rho=0.91174938512057324 accept=1
  MFCG it 125 cost=1.662378e+06 lam=6.404e-07 tau=0.00e+00 cg_it=0 shift=0 ckpt=1 alpha=0 acc mv=2256
PCG_PREP o=125 rebuild=1 drift=0 previous_depth=1
ATTR_RADIUS o=125 raw_norm=13447.844840661304 norm=4430.5854943653794 radius=4430.5854943653803 next_radius=4430.5854943653803 lambda=6.4036938218746516e-07 next_lambda=6.4036938218746516e-07 rho=0.53007812509395691 accept=1
CLASSICAL_LM o=125 lambda=6.4036938218746516e-07 tau=6.4036938218746516e-07 prediction=63.434754173195799 rho=0.53007812509395691 accept=1
  MFCG it 126 cost=1.662345e+06 lam=6.404e-07 tau=0.00e+00 cg_it=0 shift=0 ckpt=1 alpha=0 acc mv=2258
PCG_PREP o=126 rebuild=1 drift=0 previous_depth=1
ATTR_RADIUS o=126 raw_norm=18752.145643061674 norm=4430.585494365384 radius=4430.5854943653803 next_radius=8861.1709887307607 lambda=6.4036938218746516e-07 next_lambda=6.4036938218746516e-07 rho=0.86269701589966841 accept=1
CLASSICAL_LM o=126 lambda=6.4036938218746516e-07 tau=6.4036938218746516e-07 prediction=105.37016461548195 rho=0.86269701589966841 accept=1
  MFCG it 127 cost=1.662254e+06 lam=6.404e-07 tau=0.00e+00 cg_it=0 shift=0 ckpt=1 alpha=0 acc mv=2260
PCG_PREP o=127 rebuild=1 drift=0 previous_depth=1
POINT_SAFE o=127 frozen=430 slope=-262.62964544169904 candidate=1664272.236761194 original=1662147.1654584121 current=1662253.9011404663 won=0 mode=1 camera_scale=1 keep_scale=0
ATTR_RADIUS o=127 raw_norm=22571.311945261747 norm=4430.5854943653812 radius=8861.1709887307607 next_radius=8861.1709887307607 lambda=6.4036938218746516e-07 next_lambda=6.4036938218746516e-07 rho=0.89608510534059271 accept=1
CLASSICAL_LM o=127 lambda=6.4036938218746516e-07 tau=6.4036938218746516e-07 prediction=119.11333133209577 rho=0.89608510534059271 accept=1
  MFCG it 128 cost=1.662147e+06 lam=6.404e-07 tau=0.00e+00 cg_it=0 shift=0 ckpt=1 alpha=0 acc mv=2262
PCG_PREP o=128 rebuild=1 drift=0 previous_depth=1
POINT_SAFE o=128 frozen=221 slope=-413.55810198412132 candidate=1664994.2778904194 original=1662016.0831343408 current=1662147.1654584121 won=0 mode=1 camera_scale=1 keep_scale=0
ATTR_RADIUS o=128 raw_norm=29264.482223582749 norm=4430.5854943653812 radius=8861.1709887307607 next_radius=8861.1709887307607 lambda=6.4036938218746516e-07 next_lambda=6.4036938218746516e-07 rho=0.72626026296999036 accept=1
CLASSICAL_LM o=128 lambda=6.4036938218746516e-07 tau=6.4036938218746516e-07 prediction=180.48946191172524 rho=0.72626026296999036 accept=1
  MFCG it 129 cost=1.662016e+06 lam=6.404e-07 tau=0.00e+00 cg_it=3 shift=0 ckpt=4 alpha=0 acc mv=2267
PCG_PREP o=129 rebuild=1 drift=0 previous_depth=4
POINT_SAFE o=129 frozen=203 slope=-587.9419737612368 candidate=1663069.6905000817 original=1661776.6692654279 current=1662016.0831343408 won=0 mode=1 camera_scale=1 keep_scale=0
ATTR_RADIUS o=129 raw_norm=25869.363874617953 norm=4430.5854943653749 radius=8861.1709887307607 next_radius=8861.1709887307607 lambda=6.4036938218746516e-07 next_lambda=6.4036938218746516e-07 rho=0.94044896689092405 accept=1
CLASSICAL_LM o=129 lambda=6.4036938218746516e-07 tau=6.4036938218746516e-07 prediction=254.57401447784167 rho=0.94044896689092405 accept=1
  MFCG it 130 cost=1.661777e+06 lam=6.404e-07 tau=0.00e+00 cg_it=1 shift=0 ckpt=2 alpha=0 acc mv=2270
PCG_PREP o=130 rebuild=1 drift=0 previous_depth=2
POINT_SAFE o=130 frozen=278 slope=-755.60803455677706 candidate=1663319.5774166258 original=1661513.8440580401 current=1661776.6692654279 won=0 mode=1 camera_scale=1 keep_scale=0
ATTR_RADIUS o=130 raw_norm=23228.224682937107 norm=4430.5854943653812 radius=8861.1709887307607 next_radius=8861.1709887307607 lambda=6.4036938218746516e-07 next_lambda=6.4036938218746516e-07 rho=0.83233183698738578 accept=1
CLASSICAL_LM o=130 lambda=6.4036938218746516e-07 tau=6.4036938218746516e-07 prediction=315.76973955374348 rho=0.83233183698738578 accept=1
  MFCG it 131 cost=1.661514e+06 lam=6.404e-07 tau=0.00e+00 cg_it=2 shift=0 ckpt=3 alpha=0 acc mv=2274
PCG_PREP o=131 rebuild=1 drift=0 previous_depth=3
POINT_SAFE o=131 frozen=359 slope=-985.38310714679551 candidate=1662164.8498941853 original=1661184.155814768 current=1661513.8440580401 won=0 mode=1 camera_scale=1 keep_scale=0
ATTR_RADIUS o=131 raw_norm=17341.490546120887 norm=4430.5854943653776 radius=8861.1709887307607 next_radius=8861.1709887307607 lambda=6.4036938218746516e-07 next_lambda=6.4036938218746516e-07 rho=0.83804132355236216 accept=1
CLASSICAL_LM o=131 lambda=6.4036938218746516e-07 tau=6.4036938218746516e-07 prediction=393.40332511827069 rho=0.83804132355236216 accept=1
  MFCG it 132 cost=1.661184e+06 lam=6.404e-07 tau=0.00e+00 cg_it=2 shift=0 ckpt=3 alpha=0 acc mv=2278
PCG_PREP o=132 rebuild=1 drift=0 previous_depth=3
POINT_SAFE o=132 frozen=281 slope=-1078.0979166281561 candidate=1661615.0452474051 original=1660847.3453412012 current=1661184.155814768 won=0 mode=1 camera_scale=1 keep_scale=0
ATTR_RADIUS o=132 raw_norm=10462.542811813799 norm=4430.5854943653821 radius=8861.1709887307607 next_radius=8861.1709887307607 lambda=6.4036938218746516e-07 next_lambda=6.4036938218746516e-07 rho=0.80339652855216726 accept=1
CLASSICAL_LM o=132 lambda=6.4036938218746516e-07 tau=6.4036938218746516e-07 prediction=419.23317016797967 rho=0.80339652855216726 accept=1
  MFCG it 133 cost=1.660847e+06 lam=6.404e-07 tau=0.00e+00 cg_it=1 shift=0 ckpt=2 alpha=0 acc mv=2281
PCG_PREP o=133 rebuild=1 drift=0 previous_depth=2
POINT_SAFE o=133 frozen=354 slope=-789.85576912292834 candidate=1660960.9191463816 original=1660620.5227186969 current=1660847.3453412012 won=0 mode=1 camera_scale=1 keep_scale=0
ATTR_RADIUS o=133 raw_norm=6967.0217543317949 norm=3483.5108771658975 radius=8861.1709887307607 next_radius=8861.1709887307607 lambda=6.4036938218746516e-07 next_lambda=6.4036938218746516e-07 rho=0.72124060921790012 accept=1
CLASSICAL_LM o=133 lambda=6.4036938218746516e-07 tau=6.4036938218746516e-07 prediction=314.48953318127826 rho=0.72124060921790012 accept=1
  MFCG it 134 cost=1.660621e+06 lam=6.404e-07 tau=0.00e+00 cg_it=2 shift=0 ckpt=3 alpha=0 acc mv=2285
PCG_PREP o=134 rebuild=1 drift=0 previous_depth=3
POINT_SAFE o=134 frozen=257 slope=-463.99225503533 candidate=4617557.6076698704 original=1660580.159298901 current=1660620.5227186969 won=0 mode=1 camera_scale=1 keep_scale=0
ATTR_RADIUS o=134 raw_norm=1770.8431734349892 norm=221.35539667937365 radius=8861.1709887307607 next_radius=8861.1709887307607 lambda=6.4036938218746516e-07 next_lambda=6.4036938218746516e-07 rho=0.74177025169096478 accept=1
CLASSICAL_LM o=134 lambda=6.4036938218746516e-07 tau=6.4036938218746516e-07 prediction=54.414988608481771 rho=0.74177025169096478 accept=1
  MFCG it 135 cost=1.660580e+06 lam=6.404e-07 tau=0.00e+00 cg_it=0 shift=0 ckpt=1 alpha=0 acc mv=2287
PCG_PREP o=135 rebuild=1 drift=0 previous_depth=1
ATTR_RADIUS o=135 raw_norm=1536.7529382306373 norm=1536.7529382306373 radius=8861.1709887307607 next_radius=8861.1709887307607 lambda=6.4036938218746516e-07 next_lambda=6.4036938218746516e-07 rho=1.0749145382815017 accept=1
CLASSICAL_LM o=135 lambda=6.4036938218746516e-07 tau=6.4036938218746516e-07 prediction=197.51162767951487 rho=1.0749145382815017 accept=1
  MFCG it 136 cost=1.660368e+06 lam=6.404e-07 tau=0.00e+00 cg_it=0 shift=0 ckpt=1 alpha=0 acc mv=2289
PCG_PREP o=136 rebuild=1 drift=0 previous_depth=1
POINT_SAFE o=136 frozen=17 slope=-958.20453545651753 candidate=1685594.2938700479 original=1660149.3906043086 current=1660367.8511788286 won=0 mode=1 camera_scale=1 keep_scale=0
ATTR_RADIUS o=136 raw_norm=21099.058308941512 norm=2215.2927471826897 radius=8861.1709887307607 next_radius=8861.1709887307607 lambda=6.4036938218746516e-07 next_lambda=6.4036938218746516e-07 rho=0.95170387626646558 accept=1
CLASSICAL_LM o=136 lambda=6.4036938218746516e-07 tau=6.4036938218746516e-07 prediction=229.54679493066078 rho=0.95170387626646558 accept=1
  MFCG it 137 cost=1.660149e+06 lam=6.404e-07 tau=0.00e+00 cg_it=128 shift=0 ckpt=128 alpha=0 acc mv=2417
PCG_PREP o=137 rebuild=1 drift=0 previous_depth=128
POINT_SAFE o=137 frozen=427 slope=-239.24352692197789 candidate=1660651.7118526895 original=1660108.3136197352 current=1660149.3906043086 won=0 mode=1 camera_scale=1 keep_scale=0
ATTR_RADIUS o=137 raw_norm=6006.1143342723035 norm=3003.0571671361513 radius=8861.1709887307607 next_radius=8861.1709887307607 lambda=6.4036938218746516e-07 next_lambda=6.4036938218746516e-07 rho=0.44702536981912849 accept=1
CLASSICAL_LM o=137 lambda=6.4036938218746516e-07 tau=6.4036938218746516e-07 prediction=91.889604811486834 rho=0.44702536981912849 accept=1
  MFCG it 138 cost=1.660108e+06 lam=6.404e-07 tau=0.00e+00 cg_it=5 shift=0 ckpt=6 alpha=0 acc mv=2424
PCG_PREP o=138 rebuild=1 drift=0 previous_depth=6
ATTR_RADIUS o=138 raw_norm=1485.9581322657884 norm=0 radius=8861.1709887307607 next_radius=2215.2927471826902 lambda=6.4036938218746516e-07 next_lambda=1.0245910114999443e-05 rho=0.044071441429765476 accept=0
CLASSICAL_LM o=138 lambda=6.4036938218746516e-07 tau=6.4036938218746516e-07 prediction=80.89856317000735 rho=0.044071441429765476 accept=0
  MFCG it 139  retry 1/8  lam=1.025e-05 tau_eff=6.404e-07  (assembly reused)
PCG_PREP o=138 rebuild=1 drift=0 previous_depth=1
ATTR_RADIUS o=138 raw_norm=514.04472216451575 norm=514.04472216451575 radius=2215.2927471826902 next_radius=2215.2927471826902 lambda=1.0245910114999443e-05 next_lambda=1.0245910114999443e-06 rho=0.42024884742282043 accept=1
CLASSICAL_LM o=138 lambda=1.0245910114999443e-05 tau=1.0245910114999443e-05 prediction=77.483609454283226 rho=0.42024884742282043 accept=1
  MFCG it 139 cost=1.660076e+06 lam=1.025e-06 tau=0.00e+00 cg_it=0 shift=0 ckpt=1 alpha=0 acc mv=2428
PCG_PREP o=139 rebuild=1 drift=0 previous_depth=1
POINT_SAFE o=139 frozen=307 slope=-126.00140459644558 candidate=13642865.181883965 original=1660072.3756985206 current=1660075.7512221679 won=0 mode=1 camera_scale=1 keep_scale=0
ATTR_RADIUS o=139 raw_norm=1088.0665710838605 norm=68.00416069274128 radius=2215.2927471826902 next_radius=2215.2927471826902 lambda=1.0245910114999443e-06 next_lambda=6.4036938218746516e-07 rho=0.44189283797672879 accept=1
CLASSICAL_LM o=139 lambda=1.0245910114999443e-06 tau=1.0245910114999443e-06 prediction=7.6387833365862612 rho=0.44189283797672879 accept=1
  MFCG it 140 cost=1.660072e+06 lam=6.404e-07 tau=0.00e+00 cg_it=0 shift=0 ckpt=1 alpha=0 acc mv=2430
PCG_PREP o=140 rebuild=1 drift=0 previous_depth=1
POINT_SAFE o=140 frozen=344 slope=-116.74133981816918 candidate=2167825.2794394894 original=1660063.7090487075 current=1660072.3756985206 won=0 mode=1 camera_scale=1 keep_scale=0
ATTR_RADIUS o=140 raw_norm=1164.8203555189989 norm=145.60254443987486 radius=2215.2927471826902 next_radius=2215.2927471826902 lambda=6.4036938218746516e-07 next_lambda=6.4036938218746516e-07 rho=0.62522016268121128 accept=1
CLASSICAL_LM o=140 lambda=6.4036938218746516e-07 tau=6.4036938218746516e-07 prediction=13.861756754451115 rho=0.62522016268121128 accept=1
  MFCG it 141 cost=1.660064e+06 lam=6.404e-07 tau=0.00e+00 cg_it=0 shift=0 ckpt=1 alpha=0 acc mv=2432
PCG_PREP o=141 rebuild=1 drift=0 previous_depth=1
ATTR_RADIUS o=141 raw_norm=1081.9288013920436 norm=1081.9288013920436 radius=2215.2927471826902 next_radius=2215.2927471826902 lambda=6.4036938218746516e-07 next_lambda=6.4036938218746516e-07 rho=0.91690968633934566 accept=1
CLASSICAL_LM o=141 lambda=6.4036938218746516e-07 tau=6.4036938218746516e-07 prediction=52.834057865001789 rho=0.91690968633934566 accept=1
  MFCG it 142 cost=1.660015e+06 lam=6.404e-07 tau=0.00e+00 cg_it=0 shift=0 ckpt=1 alpha=0 acc mv=2434
PCG_PREP o=142 rebuild=1 drift=0 previous_depth=1
ATTR_RADIUS o=142 raw_norm=21058.305252047958 norm=2215.2927471826902 radius=2215.2927471826902 next_radius=2215.2927471826902 lambda=6.4036938218746516e-07 next_lambda=6.4036938218746516e-07 rho=0.44557908415735803 accept=1
CLASSICAL_LM o=142 lambda=6.4036938218746516e-07 tau=6.4036938218746516e-07 prediction=208.37119537850356 rho=0.44557908415735803 accept=1
  MFCG it 143 cost=1.659922e+06 lam=6.404e-07 tau=0.00e+00 cg_it=128 shift=0 ckpt=128 alpha=0 acc mv=2562
PCG_PREP o=143 rebuild=1 drift=0 previous_depth=128
ATTR_RADIUS o=143 raw_norm=4006.2298947775471 norm=2215.2927471826897 radius=2215.2927471826902 next_radius=4430.5854943653803 lambda=6.4036938218746516e-07 next_lambda=6.4036938218746516e-07 rho=0.77573891532945416 accept=1
CLASSICAL_LM o=143 lambda=6.4036938218746516e-07 tau=6.4036938218746516e-07 prediction=149.09798491907657 rho=0.77573891532945416 accept=1
  MFCG it 144 cost=1.659807e+06 lam=6.404e-07 tau=0.00e+00 cg_it=3 shift=0 ckpt=4 alpha=0 acc mv=2567
PCG_PREP o=144 rebuild=1 drift=0 previous_depth=4
POINT_SAFE o=144 frozen=412 slope=-86.205109527626064 candidate=1665283.0565764571 original=1659791.4554001119 current=1659806.758033782 won=0 mode=1 camera_scale=1 keep_scale=0
ATTR_RADIUS o=144 raw_norm=1739.631552190642 norm=434.90788804766049 radius=4430.5854943653803 next_radius=4430.5854943653803 lambda=6.4036938218746516e-07 next_lambda=6.4036938218746516e-07 rho=0.74847823867023233 accept=1
CLASSICAL_LM o=144 lambda=6.4036938218746516e-07 tau=6.4036938218746516e-07 prediction=20.444994763435979 rho=0.74847823867023233 accept=1
  MFCG it 145 cost=1.659791e+06 lam=6.404e-07 tau=0.00e+00 cg_it=0 shift=0 ckpt=1 alpha=0 acc mv=2569
PCG_PREP o=145 rebuild=1 drift=0 previous_depth=1
POINT_SAFE o=145 frozen=338 slope=-64.45948329122416 candidate=1659795.7581710345 original=1659777.2731463248 current=1659791.4554001119 won=0 mode=1 camera_scale=1 keep_scale=0
ATTR_RADIUS o=145 raw_norm=1394.8782953173852 norm=697.4391476586926 radius=4430.5854943653803 next_radius=4430.5854943653803 lambda=6.4036938218746516e-07 next_lambda=6.4036938218746516e-07 rho=0.5545974608109141 accept=1
CLASSICAL_LM o=145 lambda=6.4036938218746516e-07 tau=6.4036938218746516e-07 prediction=25.572157806716923 rho=0.5545974608109141 accept=1
  MFCG it 146 cost=1.659777e+06 lam=6.404e-07 tau=0.00e+00 cg_it=0 shift=0 ckpt=1 alpha=0 acc mv=2571
PCG_PREP o=146 rebuild=1 drift=0 previous_depth=1
POINT_SAFE o=146 frozen=237 slope=-48.944530400614198 candidate=1678962.3266463156 original=1659776.4593179717 current=1659777.2731463248 won=0 mode=1 camera_scale=1 keep_scale=0
ATTR_RADIUS o=146 raw_norm=1153.4474815461945 norm=1153.4474815461945 radius=4430.5854943653803 next_radius=1107.6463735913451 lambda=6.4036938218746516e-07 next_lambda=1.0245910114999443e-05 rho=0.075479806284326947 accept=0
CLASSICAL_LM o=146 lambda=6.4036938218746516e-07 tau=6.4036938218746516e-07 prediction=10.782067325477135 rho=0.075479806284326947 accept=0
  MFCG it 147  retry 1/8  lam=1.025e-05 tau_eff=6.404e-07  (assembly reused)
PCG_PREP o=146 rebuild=1 drift=0 previous_depth=1
POINT_SAFE o=146 frozen=40 slope=-45.150549957213663 candidate=1660610.7579178927 original=1659770.703371994 current=1659777.2731463248 won=0 mode=1 camera_scale=1 keep_scale=0
ATTR_RADIUS o=146 raw_norm=339.29034117916916 norm=84.82258529479229 radius=1107.6463735913451 next_radius=1107.6463735913451 lambda=1.0245910114999443e-05 next_lambda=1.0245910114999443e-06 rho=0.66120478810421257 accept=1
CLASSICAL_LM o=146 lambda=1.0245910114999443e-05 tau=1.0245910114999443e-05 prediction=9.9360658740284453 rho=0.66120478810421257 accept=1
  MFCG it 147 cost=1.659771e+06 lam=1.025e-06 tau=0.00e+00 cg_it=0 shift=0 ckpt=1 alpha=0 acc mv=2575
PCG_PREP o=147 rebuild=1 drift=0 previous_depth=1
ATTR_RADIUS o=147 raw_norm=873.42351843378708 norm=873.42351843378708 radius=1107.6463735913451 next_radius=1107.6463735913451 lambda=1.0245910114999443e-06 next_lambda=6.4036938218746516e-07 rho=0.97524348184611176 accept=1
CLASSICAL_LM o=147 lambda=1.0245910114999443e-06 tau=1.0245910114999443e-06 prediction=19.380708000158922 rho=0.97524348184611176 accept=1
  MFCG it 148 cost=1.659752e+06 lam=6.404e-07 tau=0.00e+00 cg_it=0 shift=0 ckpt=1 alpha=0 acc mv=2577
PCG_PREP o=148 rebuild=1 drift=0 previous_depth=1
ATTR_RADIUS o=148 raw_norm=21802.848185579474 norm=1107.6463735913451 radius=1107.6463735913451 next_radius=2215.2927471826902 lambda=6.4036938218746516e-07 next_lambda=6.4036938218746516e-07 rho=0.97535920070474269 accept=1
CLASSICAL_LM o=148 lambda=6.4036938218746516e-07 tau=6.4036938218746516e-07 prediction=101.53763801429669 rho=0.97535920070474269 accept=1
  MFCG it 149 cost=1.659653e+06 lam=6.404e-07 tau=0.00e+00 cg_it=128 shift=0 ckpt=128 alpha=0 acc mv=2705
PCG_PREP o=149 rebuild=1 drift=0 previous_depth=128
ATTR_RADIUS o=149 raw_norm=20457.238031704728 norm=2215.2927471826902 radius=2215.2927471826902 next_radius=4430.5854943653803 lambda=6.4036938218746516e-07 next_lambda=6.4036938218746516e-07 rho=0.95688891078705418 accept=1
CLASSICAL_LM o=149 lambda=6.4036938218746516e-07 tau=6.4036938218746516e-07 prediction=209.8689966984424 rho=0.95688891078705418 accept=1
  MFCG it 150 cost=1.659452e+06 lam=6.404e-07 tau=0.00e+00 cg_it=128 shift=0 ckpt=128 alpha=0 acc mv=2833
PCG_PREP o=150 rebuild=1 drift=0 previous_depth=128
ATTR_RADIUS o=150 raw_norm=18977.200109411588 norm=4430.5854943653794 radius=4430.5854943653803 next_radius=4430.5854943653803 lambda=6.4036938218746516e-07 next_lambda=6.4036938218746516e-07 rho=0.69487260122258487 accept=1
CLASSICAL_LM o=150 lambda=6.4036938218746516e-07 tau=6.4036938218746516e-07 prediction=431.66245998797388 rho=0.69487260122258487 accept=1
  MFCG it 151 cost=1.659152e+06 lam=6.404e-07 tau=0.00e+00 cg_it=128 shift=0 ckpt=128 alpha=0 acc mv=2961
PCG_PREP o=151 rebuild=1 drift=0 previous_depth=128
POINT_SAFE o=151 frozen=370 slope=-227.66799141921078 candidate=1659036.4336293056 original=1659080.087257483 current=1659151.9950613074 won=1 mode=1 camera_scale=1 keep_scale=0
ATTR_RADIUS o=151 raw_norm=2714.1764809155188 norm=2714.1764809155188 radius=4430.5854943653803 next_radius=4430.5854943653803 lambda=6.4036938218746516e-07 next_lambda=6.4036938218746516e-07 rho=0.99080240959617649 accept=1
CLASSICAL_LM o=151 lambda=6.4036938218746516e-07 tau=6.4036938218746516e-07 prediction=116.63418546688746 rho=0.99080240959617649 accept=1
  MFCG it 152 cost=1.659036e+06 lam=6.404e-07 tau=0.00e+00 cg_it=0 shift=0 ckpt=1 alpha=0 acc mv=2963
PCG_PREP o=152 rebuild=1 drift=0 previous_depth=1
POINT_SAFE o=152 frozen=218 slope=-110.61516687993394 candidate=1658958.807437357 original=1658983.1038538718 current=1659036.4336293056 won=1 mode=1 camera_scale=1 keep_scale=0
ATTR_RADIUS o=152 raw_norm=4899.8107242271353 norm=4430.5854943653785 radius=4430.5854943653803 next_radius=8861.1709887307607 lambda=6.4036938218746516e-07 next_lambda=6.4036938218746516e-07 rho=1.2647482128816478 accept=1
CLASSICAL_LM o=152 lambda=6.4036938218746516e-07 tau=6.4036938218746516e-07 prediction=61.376795126418244 rho=1.2647482128816478 accept=1
  MFCG it 153 cost=1.658959e+06 lam=6.404e-07 tau=0.00e+00 cg_it=5 shift=0 ckpt=6 alpha=0 acc mv=2970
PCG_PREP o=153 rebuild=1 drift=0 previous_depth=6
POINT_SAFE o=153 frozen=265 slope=-120.63460033214548 candidate=1659002.6069808705 original=1658923.8702739286 current=1658958.807437357 won=0 mode=1 camera_scale=1 keep_scale=0
ATTR_RADIUS o=153 raw_norm=4139.8793567695675 norm=2069.9396783847837 radius=8861.1709887307607 next_radius=8861.1709887307607 lambda=6.4036938218746516e-07 next_lambda=6.4036938218746516e-07 rho=0.46447211289079404 accept=1
CLASSICAL_LM o=153 lambda=6.4036938218746516e-07 tau=6.4036938218746516e-07 prediction=75.219076579131041 rho=0.46447211289079404 accept=1
  MFCG it 154 cost=1.658924e+06 lam=6.404e-07 tau=0.00e+00 cg_it=1 shift=0 ckpt=2 alpha=0 acc mv=2973
PCG_PREP o=154 rebuild=1 drift=0 previous_depth=2
POINT_SAFE o=154 frozen=157 slope=-215.26842041834269 candidate=1658936.1630417588 original=1658876.9239081801 current=1658923.8702739286 won=0 mode=1 camera_scale=1 keep_scale=0
ATTR_RADIUS o=154 raw_norm=4852.8057533964029 norm=2426.4028766982015 radius=8861.1709887307607 next_radius=8861.1709887307607 lambda=6.4036938218746516e-07 next_lambda=6.4036938218746516e-07 rho=0.54504638296740415 accept=1
CLASSICAL_LM o=154 lambda=6.4036938218746516e-07 tau=6.4036938218746516e-07 prediction=86.132790191068366 rho=0.54504638296740415 accept=1
  MFCG it 155 cost=1.658877e+06 lam=6.404e-07 tau=0.00e+00 cg_it=1 shift=0 ckpt=2 alpha=0 acc mv=2976
PCG_PREP o=155 rebuild=1 drift=0 previous_depth=2
ATTR_RADIUS o=155 raw_norm=5366.7808992990012 norm=5366.7808992990012 radius=8861.1709887307607 next_radius=2215.2927471826902 lambda=6.4036938218746516e-07 next_lambda=1.0245910114999443e-05 rho=0.14523151906441958 accept=1
CLASSICAL_LM o=155 lambda=6.4036938218746516e-07 tau=6.4036938218746516e-07 prediction=132.02265358288827 rho=0.14523151906441958 accept=1
  MFCG it 156 cost=1.658858e+06 lam=1.025e-05 tau=0.00e+00 cg_it=1 shift=0 ckpt=2 alpha=0 acc mv=2979
PCG_PREP o=156 rebuild=1 drift=0 previous_depth=2
ATTR_RADIUS o=156 raw_norm=787.48898549968237 norm=787.48898549968237 radius=2215.2927471826902 next_radius=2215.2927471826902 lambda=1.0245910114999443e-05 next_lambda=1.0245910114999443e-06 rho=0.56643100282957226 accept=1
CLASSICAL_LM o=156 lambda=1.0245910114999443e-05 tau=1.0245910114999443e-05 prediction=186.22645703158514 rho=0.56643100282957226 accept=1
  MFCG it 157 cost=1.658752e+06 lam=1.025e-06 tau=0.00e+00 cg_it=0 shift=0 ckpt=1 alpha=0 acc mv=2981
PCG_PREP o=157 rebuild=1 drift=0 previous_depth=1
POINT_SAFE o=157 frozen=485 slope=-231.4532412511553 candidate=40469156450956.008 original=1658743.5664577328 current=1658752.2656188395 won=0 mode=1 camera_scale=1 keep_scale=0
ATTR_RADIUS o=157 raw_norm=1640.8100532929866 norm=102.55062833081166 radius=2215.2927471826902 next_radius=2215.2927471826902 lambda=1.0245910114999443e-06 next_lambda=6.4036938218746516e-07 rho=0.61531522522495274 accept=1
CLASSICAL_LM o=157 lambda=1.0245910114999443e-06 tau=1.0245910114999443e-06 prediction=14.137730954959297 rho=0.61531522522495274 accept=1
  MFCG it 158 cost=1.658744e+06 lam=6.404e-07 tau=0.00e+00 cg_it=0 shift=0 ckpt=1 alpha=0 acc mv=2983
PCG_PREP o=158 rebuild=1 drift=0 previous_depth=1
POINT_SAFE o=158 frozen=545 slope=-216.07738256887225 candidate=3186252.0881129159 original=1658728.301225205 current=1658743.5664577328 won=0 mode=1 camera_scale=1 keep_scale=0
ATTR_RADIUS o=158 raw_norm=1683.7631416776612 norm=420.94078541941536 radius=2215.2927471826902 next_radius=2215.2927471826902 lambda=6.4036938218746516e-07 next_lambda=6.4036938218746516e-07 rho=0.31862762667390992 accept=1
CLASSICAL_LM o=158 lambda=6.4036938218746516e-07 tau=6.4036938218746516e-07 prediction=47.90931874681452 rho=0.31862762667390992 accept=1
  MFCG it 159 cost=1.658728e+06 lam=6.404e-07 tau=0.00e+00 cg_it=0 shift=0 ckpt=1 alpha=0 acc mv=2985
PCG_PREP o=159 rebuild=1 drift=0 previous_depth=1
ATTR_RADIUS o=159 raw_norm=1555.0820472538371 norm=1555.0820472538371 radius=2215.2927471826902 next_radius=2215.2927471826902 lambda=6.4036938218746516e-07 next_lambda=6.4036938218746516e-07 rho=0.45937573567323514 accept=1
CLASSICAL_LM o=159 lambda=6.4036938218746516e-07 tau=6.4036938218746516e-07 prediction=100.81486314688942 rho=0.45937573567323514 accept=1
  MFCG it 160 cost=1.658682e+06 lam=6.404e-07 tau=0.00e+00 cg_it=0 shift=0 ckpt=1 alpha=0 acc mv=2987
PCG_PREP o=160 rebuild=1 drift=0 previous_depth=1
POINT_SAFE o=160 frozen=157 slope=-161.5195672065887 candidate=863539911606895 original=1658677.1833620062 current=1658681.9893232801 won=0 mode=1 camera_scale=1 keep_scale=0
ATTR_RADIUS o=160 raw_norm=1502.1682953392763 norm=93.885518458704766 radius=2215.2927471826902 next_radius=2215.2927471826902 lambda=6.4036938218746516e-07 next_lambda=6.4036938218746516e-07 rho=0.49087789945200916 accept=1
CLASSICAL_LM o=160 lambda=6.4036938218746516e-07 tau=6.4036938218746516e-07 prediction=9.7905431864187626 rho=0.49087789945200916 accept=1
  MFCG it 161 cost=1.658677e+06 lam=6.404e-07 tau=0.00e+00 cg_it=0 shift=0 ckpt=1 alpha=0 acc mv=2989
PCG_PREP o=161 rebuild=1 drift=0 previous_depth=1
POINT_SAFE o=161 frozen=157 slope=-151.09438100318701 candidate=2113872.7152168322 original=1658669.6249090054 current=1658677.1833620062 won=0 mode=1 camera_scale=1 keep_scale=0
ATTR_RADIUS o=161 raw_norm=1366.7129864420394 norm=341.67824661050986 radius=2215.2927471826902 next_radius=553.82318679567254 lambda=6.4036938218746516e-07 next_lambda=1.0245910114999443e-05 rho=0.22798391154169825 accept=1
CLASSICAL_LM o=161 lambda=6.4036938218746516e-07 tau=6.4036938218746516e-07 prediction=33.153449073386355 rho=0.22798391154169825 accept=1
  MFCG it 162 cost=1.658670e+06 lam=1.025e-05 tau=0.00e+00 cg_it=0 shift=0 ckpt=1 alpha=0 acc mv=2991
PCG_PREP o=162 rebuild=1 drift=0 previous_depth=1
ATTR_RADIUS o=162 raw_norm=571.38093252433714 norm=553.82318679567288 radius=553.82318679567254 next_radius=553.82318679567254 lambda=1.0245910114999443e-05 next_lambda=1.0245910114999443e-05 rho=0.61757690650236463 accept=1
CLASSICAL_LM o=162 lambda=1.0245910114999443e-05 tau=1.0245910114999443e-05 prediction=69.672554340741073 rho=0.61757690650236463 accept=1
  MFCG it 163 cost=1.658627e+06 lam=1.025e-05 tau=0.00e+00 cg_it=0 shift=0 ckpt=1 alpha=0 acc mv=2993
PCG_PREP o=163 rebuild=1 drift=0 previous_depth=1
POINT_SAFE o=163 frozen=39 slope=-66.756450419496417 candidate=1668670.4533765365 original=1658622.6164217112 current=1658626.5967484275 won=0 mode=1 camera_scale=1 keep_scale=0
ATTR_RADIUS o=163 raw_norm=731.61743851146957 norm=138.45579669891814 radius=553.82318679567254 next_radius=553.82318679567254 lambda=1.0245910114999443e-05 next_lambda=1.0245910114999443e-06 rho=0.26124152637359144 accept=1
CLASSICAL_LM o=163 lambda=1.0245910114999443e-05 tau=1.0245910114999443e-05 prediction=15.236194534517992 rho=0.26124152637359144 accept=1
  MFCG it 164 cost=1.658623e+06 lam=1.025e-06 tau=0.00e+00 cg_it=0 shift=0 ckpt=1 alpha=0 acc mv=2995
PCG_PREP o=164 rebuild=1 drift=0 previous_depth=1
ATTR_RADIUS o=164 raw_norm=1253.9418923646281 norm=553.82318679567265 radius=553.82318679567254 next_radius=1107.6463735913451 lambda=1.0245910114999443e-06 next_lambda=6.4036938218746516e-07 rho=1.051478454769778 accept=1
CLASSICAL_LM o=164 lambda=1.0245910114999443e-06 tau=1.0245910114999443e-06 prediction=33.926904843441399 rho=1.051478454769778 accept=1
  MFCG it 165 cost=1.658587e+06 lam=6.404e-07 tau=0.00e+00 cg_it=0 shift=0 ckpt=1 alpha=0 acc mv=2997
PCG_PREP o=165 rebuild=1 drift=0 previous_depth=1
ATTR_RADIUS o=165 raw_norm=7886.9096090884314 norm=1107.6463735913446 radius=1107.6463735913451 next_radius=1107.6463735913451 lambda=6.4036938218746516e-07 next_lambda=6.4036938218746516e-07 rho=0.64540774073527307 accept=1
CLASSICAL_LM o=165 lambda=6.4036938218746516e-07 tau=6.4036938218746516e-07 prediction=34.250612450440642 rho=0.64540774073527307 accept=1
  MFCG it 166 cost=1.658565e+06 lam=6.404e-07 tau=0.00e+00 cg_it=3 shift=0 ckpt=4 alpha=0 acc mv=3002
PCG_PREP o=166 rebuild=1 drift=0 previous_depth=4
ATTR_RADIUS o=166 raw_norm=6230.5310139564817 norm=1107.6463735913455 radius=1107.6463735913451 next_radius=2215.2927471826902 lambda=6.4036938218746516e-07 next_lambda=6.4036938218746516e-07 rho=0.94349417789273959 accept=1
CLASSICAL_LM o=166 lambda=6.4036938218746516e-07 tau=6.4036938218746516e-07 prediction=43.355653129108589 rho=0.94349417789273959 accept=1
  MFCG it 167 cost=1.658524e+06 lam=6.404e-07 tau=0.00e+00 cg_it=2 shift=0 ckpt=3 alpha=0 acc mv=3006
PCG_PREP o=167 rebuild=1 drift=0 previous_depth=3
ATTR_RADIUS o=167 raw_norm=6746.9889649270326 norm=2215.2927471826911 radius=2215.2927471826902 next_radius=4430.5854943653803 lambda=6.4036938218746516e-07 next_lambda=6.4036938218746516e-07 rho=0.97280347394968136 accept=1
CLASSICAL_LM o=167 lambda=6.4036938218746516e-07 tau=6.4036938218746516e-07 prediction=63.92844911298193 rho=0.97280347394968136 accept=1
  MFCG it 168 cost=1.658462e+06 lam=6.404e-07 tau=0.00e+00 cg_it=4 shift=0 ckpt=5 alpha=0 acc mv=3012
PCG_PREP o=168 rebuild=1 drift=0 previous_depth=5
ATTR_RADIUS o=168 raw_norm=5505.5111327263958 norm=4430.5854943653803 radius=4430.5854943653803 next_radius=8861.1709887307607 lambda=6.4036938218746516e-07 next_lambda=6.4036938218746516e-07 rho=1.1427169633770331 accept=1
CLASSICAL_LM o=168 lambda=6.4036938218746516e-07 tau=6.4036938218746516e-07 prediction=83.850162666207979 rho=1.1427169633770331 accept=1
  MFCG it 169 cost=1.658366e+06 lam=6.404e-07 tau=0.00e+00 cg_it=4 shift=0 ckpt=5 alpha=0 acc mv=3018
PCG_PREP o=169 rebuild=1 drift=0 previous_depth=5
ATTR_RADIUS o=169 raw_norm=1814.2346892122155 norm=1814.2346892122155 radius=8861.1709887307607 next_radius=8861.1709887307607 lambda=6.4036938218746516e-07 next_lambda=6.4036938218746516e-07 rho=1.3866651461461583 accept=1
CLASSICAL_LM o=169 lambda=6.4036938218746516e-07 tau=6.4036938218746516e-07 prediction=42.943191487104635 rho=1.3866651461461583 accept=1
  MFCG it 170 cost=1.658306e+06 lam=6.404e-07 tau=0.00e+00 cg_it=1 shift=0 ckpt=2 alpha=0 acc mv=3021
PCG_PREP o=170 rebuild=1 drift=0 previous_depth=2
ATTR_RADIUS o=170 raw_norm=4175.3669269988814 norm=4175.3669269988814 radius=8861.1709887307607 next_radius=8861.1709887307607 lambda=6.4036938218746516e-07 next_lambda=6.4036938218746516e-07 rho=0.93388090000807833 accept=1
CLASSICAL_LM o=170 lambda=6.4036938218746516e-07 tau=6.4036938218746516e-07 prediction=90.48506335084511 rho=0.93388090000807833 accept=1
  MFCG it 171 cost=1.658222e+06 lam=6.404e-07 tau=0.00e+00 cg_it=7 shift=0 ckpt=8 alpha=0 acc mv=3030
PCG_PREP o=171 rebuild=1 drift=0 previous_depth=8
ATTR_RADIUS o=171 raw_norm=1550.5770150569351 norm=1550.5770150569351 radius=8861.1709887307607 next_radius=8861.1709887307607 lambda=6.4036938218746516e-07 next_lambda=6.4036938218746516e-07 rho=1.034098904682234 accept=1
CLASSICAL_LM o=171 lambda=6.4036938218746516e-07 tau=6.4036938218746516e-07 prediction=65.191858409267041 rho=1.034098904682234 accept=1
  MFCG it 172 cost=1.658154e+06 lam=6.404e-07 tau=0.00e+00 cg_it=0 shift=0 ckpt=1 alpha=0 acc mv=3032
PCG_PREP o=172 rebuild=1 drift=0 previous_depth=1
ATTR_RADIUS o=172 raw_norm=1765.1227740823165 norm=1765.1227740823165 radius=8861.1709887307607 next_radius=8861.1709887307607 lambda=6.4036938218746516e-07 next_lambda=6.4036938218746516e-07 rho=0.64232188587770178 accept=1
CLASSICAL_LM o=172 lambda=6.4036938218746516e-07 tau=6.4036938218746516e-07 prediction=31.634169426776712 rho=0.64232188587770178 accept=1
  MFCG it 173 cost=1.658134e+06 lam=6.404e-07 tau=0.00e+00 cg_it=2 shift=0 ckpt=3 alpha=0 acc mv=3036
PCG_PREP o=173 rebuild=1 drift=0 previous_depth=3
ATTR_RADIUS o=173 raw_norm=2554.16686166319 norm=2554.16686166319 radius=8861.1709887307607 next_radius=8861.1709887307607 lambda=6.4036938218746516e-07 next_lambda=6.4036938218746516e-07 rho=0.97857011405146199 accept=1
CLASSICAL_LM o=173 lambda=6.4036938218746516e-07 tau=6.4036938218746516e-07 prediction=73.083382805989743 rho=0.97857011405146199 accept=1
  MFCG it 174 cost=1.658063e+06 lam=6.404e-07 tau=0.00e+00 cg_it=5 shift=0 ckpt=6 alpha=0 acc mv=3043
PCG_PREP o=174 rebuild=1 drift=0 previous_depth=6
ATTR_RADIUS o=174 raw_norm=1366.8238313829543 norm=1366.8238313829543 radius=8861.1709887307607 next_radius=8861.1709887307607 lambda=6.4036938218746516e-07 next_lambda=6.4036938218746516e-07 rho=1.0350119581384249 accept=1
CLASSICAL_LM o=174 lambda=6.4036938218746516e-07 tau=6.4036938218746516e-07 prediction=54.632192897525798 rho=1.0350119581384249 accept=1
  MFCG it 175 cost=1.658006e+06 lam=6.404e-07 tau=0.00e+00 cg_it=1 shift=0 ckpt=2 alpha=0 acc mv=3046
PCG_PREP o=175 rebuild=1 drift=0 previous_depth=2
POINT_SAFE o=175 frozen=37 slope=-1294.066650641013 candidate=1846054.084217465 original=1657902.2898614334 current=1658006.0783396484 won=0 mode=1 camera_scale=1 keep_scale=0
ATTR_RADIUS o=175 raw_norm=11952.067664057784 norm=1107.6463735913453 radius=8861.1709887307607 next_radius=8861.1709887307607 lambda=6.4036938218746516e-07 next_lambda=6.4036938218746516e-07 rho=0.69939722482711475 accept=1
CLASSICAL_LM o=175 lambda=6.4036938218746516e-07 tau=6.4036938218746516e-07 prediction=148.39704038094786 rho=0.69939722482711475 accept=1
  MFCG it 176 cost=1.657902e+06 lam=6.404e-07 tau=0.00e+00 cg_it=82 shift=0 ckpt=83 alpha=0 acc mv=3130
PCG_PREP o=176 rebuild=1 drift=0 previous_depth=83
POINT_SAFE o=176 frozen=33 slope=-592.49132931003669 candidate=1658018.9823267704 original=1657748.5185271879 current=1657902.2898614334 won=0 mode=1 camera_scale=1 keep_scale=0
ATTR_RADIUS o=176 raw_norm=3131.6388375824076 norm=1565.8194187912038 radius=8861.1709887307607 next_radius=8861.1709887307607 lambda=6.4036938218746516e-07 next_lambda=6.4036938218746516e-07 rho=0.66808826739109561 accept=1
CLASSICAL_LM o=176 lambda=6.4036938218746516e-07 tau=6.4036938218746516e-07 prediction=230.16619472461286 rho=0.66808826739109561 accept=1
  MFCG it 177 cost=1.657749e+06 lam=6.404e-07 tau=0.00e+00 cg_it=30 shift=0 ckpt=31 alpha=0 acc mv=3162
PCG_PREP o=177 rebuild=1 drift=0 previous_depth=31
POINT_SAFE o=177 frozen=123 slope=-719.14559035048887 candidate=1659415.9366420258 original=1657614.4981712587 current=1657748.5185271879 won=0 mode=1 camera_scale=1 keep_scale=0
ATTR_RADIUS o=177 raw_norm=2455.3422963715075 norm=613.83557409287687 radius=8861.1709887307607 next_radius=8861.1709887307607 lambda=6.4036938218746516e-07 next_lambda=6.4036938218746516e-07 rho=0.83714659325602403 accept=1
CLASSICAL_LM o=177 lambda=6.4036938218746516e-07 tau=6.4036938218746516e-07 prediction=160.09186086261423 rho=0.83714659325602403 accept=1
  MFCG it 178 cost=1.657614e+06 lam=6.404e-07 tau=0.00e+00 cg_it=10 shift=0 ckpt=11 alpha=0 acc mv=3174
PCG_PREP o=178 rebuild=1 drift=0 previous_depth=11
POINT_SAFE o=178 frozen=115 slope=-832.40832313642807 candidate=1659545.9085342702 original=1657497.1327968067 current=1657614.4981712587 won=0 mode=1 camera_scale=1 keep_scale=0
ATTR_RADIUS o=178 raw_norm=2344.80475664804 norm=586.20118916201 radius=8861.1709887307607 next_radius=8861.1709887307607 lambda=6.4036938218746516e-07 next_lambda=6.4036938218746516e-07 rho=0.78343192310678966 accept=1
CLASSICAL_LM o=178 lambda=6.4036938218746516e-07 tau=6.4036938218746516e-07 prediction=149.80928270901049 rho=0.78343192310678966 accept=1
  MFCG it 179 cost=1.657497e+06 lam=6.404e-07 tau=0.00e+00 cg_it=10 shift=0 ckpt=11 alpha=0 acc mv=3186
PCG_PREP o=179 rebuild=1 drift=0 previous_depth=11
POINT_SAFE o=179 frozen=123 slope=-882.16283917288229 candidate=1659061.6011842967 original=1657403.3608670312 current=1657497.1327968067 won=0 mode=1 camera_scale=1 keep_scale=0
ATTR_RADIUS o=179 raw_norm=3022.88492914068 norm=755.72123228517 radius=8861.1709887307607 next_radius=8861.1709887307607 lambda=6.4036938218746516e-07 next_lambda=6.4036938218746516e-07 rho=0.67353460488260308 accept=1
CLASSICAL_LM o=179 lambda=6.4036938218746516e-07 tau=6.4036938218746516e-07 prediction=139.22362577338095 rho=0.67353460488260308 accept=1
  MFCG it 180 cost=1.657403e+06 lam=6.404e-07 tau=0.00e+00 cg_it=10 shift=0 ckpt=11 alpha=0 acc mv=3198
PCG_PREP o=180 rebuild=1 drift=0 previous_depth=11
POINT_SAFE o=180 frozen=103 slope=-839.17730508723866 candidate=1658295.0284899012 original=1657312.5952151574 current=1657403.3608670312 won=0 mode=1 camera_scale=1 keep_scale=0
ATTR_RADIUS o=180 raw_norm=3532.3402494988854 norm=883.08506237472136 radius=8861.1709887307607 next_radius=8861.1709887307607 lambda=6.4036938218746516e-07 next_lambda=6.4036938218746516e-07 rho=0.70348865811308925 accept=1
CLASSICAL_LM o=180 lambda=6.4036938218746516e-07 tau=6.4036938218746516e-07 prediction=129.02219648747703 rho=0.70348865811308925 accept=1
  MFCG it 181 cost=1.657313e+06 lam=6.404e-07 tau=0.00e+00 cg_it=10 shift=0 ckpt=11 alpha=0 acc mv=3210
PCG_PREP o=181 rebuild=1 drift=0 previous_depth=11
POINT_SAFE o=181 frozen=56 slope=-729.24537767936579 candidate=1657700.4480204806 original=1657230.4009893187 current=1657312.5952151574 won=0 mode=1 camera_scale=1 keep_scale=0
ATTR_RADIUS o=181 raw_norm=2281.6530469772092 norm=570.41326174430242 radius=8861.1709887307607 next_radius=8861.1709887307607 lambda=6.4036938218746516e-07 next_lambda=6.4036938218746516e-07 rho=0.73775286346040869 accept=1
CLASSICAL_LM o=181 lambda=6.4036938218746516e-07 tau=6.4036938218746516e-07 prediction=111.41159853058522 rho=0.73775286346040869 accept=1
  MFCG it 182 cost=1.657230e+06 lam=6.404e-07 tau=0.00e+00 cg_it=9 shift=0 ckpt=10 alpha=0 acc mv=3221
PCG_PREP o=182 rebuild=1 drift=0 previous_depth=10
POINT_SAFE o=182 frozen=54 slope=-604.84207498846445 candidate=1657454.454941299 original=1657174.809289776 current=1657230.4009893187 won=0 mode=1 camera_scale=1 keep_scale=0
ATTR_RADIUS o=182 raw_norm=2122.8995347569439 norm=1061.449767378472 radius=8861.1709887307607 next_radius=8861.1709887307607 lambda=6.4036938218746516e-07 next_lambda=6.4036938218746516e-07 rho=0.31325691883327855 accept=1
CLASSICAL_LM o=182 lambda=6.4036938218746516e-07 tau=6.4036938218746516e-07 prediction=177.46359681299663 rho=0.31325691883327855 accept=1
  MFCG it 183 cost=1.657175e+06 lam=6.404e-07 tau=0.00e+00 cg_it=9 shift=0 ckpt=10 alpha=0 acc mv=3232
PCG_PREP o=183 rebuild=1 drift=0 previous_depth=10
ATTR_RADIUS o=183 raw_norm=1805.6310746356564 norm=1805.6310746356564 radius=8861.1709887307607 next_radius=8861.1709887307607 lambda=6.4036938218746516e-07 next_lambda=6.4036938218746516e-07 rho=0.63509170394370518 accept=1
CLASSICAL_LM o=183 lambda=6.4036938218746516e-07 tau=6.4036938218746516e-07 prediction=190.99816689382288 rho=0.63509170394370518 accept=1
  MFCG it 184 cost=1.657054e+06 lam=6.404e-07 tau=0.00e+00 cg_it=2 shift=0 ckpt=3 alpha=0 acc mv=3236
PCG_PREP o=184 rebuild=1 drift=0 previous_depth=3
ATTR_RADIUS o=184 raw_norm=1813.8538657347383 norm=1813.8538657347383 radius=8861.1709887307607 next_radius=8861.1709887307607 lambda=6.4036938218746516e-07 next_lambda=6.4036938218746516e-07 rho=0.46335345375288134 accept=1
CLASSICAL_LM o=184 lambda=6.4036938218746516e-07 tau=6.4036938218746516e-07 prediction=125.71755758253576 rho=0.46335345375288134 accept=1
  MFCG it 185 cost=1.656995e+06 lam=6.404e-07 tau=0.00e+00 cg_it=7 shift=0 ckpt=8 alpha=0 acc mv=3245
PCG_PREP o=185 rebuild=1 drift=0 previous_depth=8
POINT_SAFE o=185 frozen=176 slope=-167.26244790362944 candidate=1656924.9422664735 original=1656939.7270184597 current=1656995.2562740101 won=1 mode=1 camera_scale=1 keep_scale=0
ATTR_RADIUS o=185 raw_norm=1473.0072651846467 norm=1473.0072651846467 radius=8861.1709887307607 next_radius=8861.1709887307607 lambda=6.4036938218746516e-07 next_lambda=6.4036938218746516e-07 rho=0.83383772234161724 accept=1
CLASSICAL_LM o=185 lambda=6.4036938218746516e-07 tau=6.4036938218746516e-07 prediction=84.325769454336353 rho=0.83383772234161724 accept=1
  MFCG it 186 cost=1.656925e+06 lam=6.404e-07 tau=0.00e+00 cg_it=1 shift=0 ckpt=2 alpha=0 acc mv=3248
PCG_PREP o=186 rebuild=1 drift=0 previous_depth=2
POINT_SAFE o=186 frozen=223 slope=-35.592239317833503 candidate=1657378.515602089 original=1656916.2166175295 current=1656924.9422664735 won=0 mode=1 camera_scale=1 keep_scale=0
ATTR_RADIUS o=186 raw_norm=951.47860919381856 norm=237.86965229845464 radius=8861.1709887307607 next_radius=8861.1709887307607 lambda=6.4036938218746516e-07 next_lambda=6.4036938218746516e-07 rho=0.91467769002928245 accept=1
CLASSICAL_LM o=186 lambda=6.4036938218746516e-07 tau=6.4036938218746516e-07 prediction=9.5395886869766855 rho=0.91467769002928245 accept=1
  MFCG it 187 cost=1.656916e+06 lam=6.404e-07 tau=0.00e+00 cg_it=0 shift=0 ckpt=1 alpha=0 acc mv=3250
PCG_PREP o=187 rebuild=1 drift=0 previous_depth=1
POINT_SAFE o=187 frozen=203 slope=-24.46960346474021 candidate=1656906.7402510417 original=1656907.3822401254 current=1656916.2166175295 won=1 mode=1 camera_scale=1 keep_scale=0
ATTR_RADIUS o=187 raw_norm=888.57935857133077 norm=888.57935857133077 radius=8861.1709887307607 next_radius=8861.1709887307607 lambda=6.4036938218746516e-07 next_lambda=6.4036938218746516e-07 rho=0.74999232832684726 accept=1
CLASSICAL_LM o=187 lambda=6.4036938218746516e-07 tau=6.4036938218746516e-07 prediction=12.635284562094268 rho=0.74999232832684726 accept=1
  MFCG it 188 cost=1.656907e+06 lam=6.404e-07 tau=0.00e+00 cg_it=0 shift=0 ckpt=1 alpha=0 acc mv=3252
PCG_PREP o=188 rebuild=1 drift=0 previous_depth=1
POINT_SAFE o=188 frozen=173 slope=-10.185218094077644 candidate=1691040.3023383133 original=1656906.4340359573 current=1656906.7402510417 won=0 mode=1 camera_scale=1 keep_scale=0
ATTR_RADIUS o=188 raw_norm=848.31602311310314 norm=106.03950288913789 radius=8861.1709887307607 next_radius=2215.2927471826902 lambda=6.4036938218746516e-07 next_lambda=1.0245910114999443e-05 rho=0.20007360438402963 accept=1
CLASSICAL_LM o=188 lambda=6.4036938218746516e-07 tau=6.4036938218746516e-07 prediction=1.5305121599296665 rho=0.20007360438402963 accept=1
  MFCG it 189 cost=1.656906e+06 lam=1.025e-05 tau=0.00e+00 cg_it=0 shift=0 ckpt=1 alpha=0 acc mv=3254
PCG_PREP o=189 rebuild=1 drift=0 previous_depth=1
ATTR_RADIUS o=189 raw_norm=97.335102755391986 norm=97.335102755391986 radius=2215.2927471826902 next_radius=2215.2927471826902 lambda=1.0245910114999443e-05 next_lambda=1.0245910114999443e-06 rho=0.96509441878266944 accept=1
CLASSICAL_LM o=189 lambda=1.0245910114999443e-05 tau=1.0245910114999443e-05 prediction=5.1038358536627007 rho=0.96509441878266944 accept=1
  MFCG it 190 cost=1.656902e+06 lam=1.025e-06 tau=0.00e+00 cg_it=0 shift=0 ckpt=1 alpha=0 acc mv=3256
PCG_PREP o=190 rebuild=1 drift=0 previous_depth=1
POINT_SAFE o=190 frozen=5 slope=-265.28422278139209 candidate=1661368.0532173414 original=1656840.2669665548 current=1656901.5083524606 won=0 mode=1 camera_scale=1 keep_scale=0
ATTR_RADIUS o=190 raw_norm=14721.962827148176 norm=1107.6463735913449 radius=2215.2927471826902 next_radius=2215.2927471826902 lambda=1.0245910114999443e-06 next_lambda=6.4036938218746516e-07 rho=0.47579661761944358 accept=1
CLASSICAL_LM o=190 lambda=1.0245910114999443e-06 tau=1.0245910114999443e-06 prediction=128.71336961616083 rho=0.47579661761944358 accept=1
  MFCG it 191 cost=1.656840e+06 lam=6.404e-07 tau=0.00e+00 cg_it=128 shift=0 ckpt=128 alpha=0 acc mv=3384
PCG_PREP o=191 rebuild=1 drift=0 previous_depth=128
POINT_SAFE o=191 frozen=6 slope=-380.78088209087855 candidate=1657136.9643155972 original=1656698.7329079516 current=1656840.2669665548 won=0 mode=1 camera_scale=1 keep_scale=0
ATTR_RADIUS o=191 raw_norm=16168.117937138437 norm=1107.6463735913453 radius=2215.2927471826902 next_radius=2215.2927471826902 lambda=6.4036938218746516e-07 next_lambda=6.4036938218746516e-07 rho=0.8305665072148064 accept=1
CLASSICAL_LM o=191 lambda=6.4036938218746516e-07 tau=6.4036938218746516e-07 prediction=170.40665301787908 rho=0.8305665072148064 accept=1
  MFCG it 192 cost=1.656699e+06 lam=6.404e-07 tau=0.00e+00 cg_it=128 shift=0 ckpt=128 alpha=0 acc mv=3512
PCG_PREP o=192 rebuild=1 drift=0 previous_depth=128
ATTR_RADIUS o=192 raw_norm=14769.507383926664 norm=2215.2927471826897 radius=2215.2927471826902 next_radius=4430.5854943653803 lambda=6.4036938218746516e-07 next_lambda=6.4036938218746516e-07 rho=0.97820944749325345 accept=1
CLASSICAL_LM o=192 lambda=6.4036938218746516e-07 tau=6.4036938218746516e-07 prediction=268.0750253960627 rho=0.97820944749325345 accept=1
  MFCG it 193 cost=1.656436e+06 lam=6.404e-07 tau=0.00e+00 cg_it=128 shift=0 ckpt=128 alpha=0 acc mv=3640
PCG_PREP o=193 rebuild=1 drift=0 previous_depth=128
ATTR_RADIUS o=193 raw_norm=13641.254748333316 norm=4430.5854943653785 radius=4430.5854943653803 next_radius=8861.1709887307607 lambda=6.4036938218746516e-07 next_lambda=6.4036938218746516e-07 rho=0.8787575627161629 accept=1
CLASSICAL_LM o=193 lambda=6.4036938218746516e-07 tau=6.4036938218746516e-07 prediction=363.75637779313774 rho=0.8787575627161629 accept=1
  MFCG it 194 cost=1.656117e+06 lam=6.404e-07 tau=0.00e+00 cg_it=128 shift=0 ckpt=128 alpha=0 acc mv=3768
PCG_PREP o=194 rebuild=1 drift=0 previous_depth=128
POINT_SAFE o=194 frozen=161 slope=-74.560968487008779 candidate=1656079.1310324592 original=1656067.7940020449 current=1656116.8457175002 won=0 mode=1 camera_scale=1 keep_scale=0
ATTR_RADIUS o=194 raw_norm=1697.9126143436499 norm=848.95630717182496 radius=8861.1709887307607 next_radius=8861.1709887307607 lambda=6.4036938218746516e-07 next_lambda=6.4036938218746516e-07 rho=1.1075800295695657 accept=1
CLASSICAL_LM o=194 lambda=6.4036938218746516e-07 tau=6.4036938218746516e-07 prediction=44.287287731536274 rho=1.1075800295695657 accept=1
  MFCG it 195 cost=1.656068e+06 lam=6.404e-07 tau=0.00e+00 cg_it=4 shift=0 ckpt=5 alpha=0 acc mv=3774
PCG_PREP o=195 rebuild=1 drift=0 previous_depth=5
ATTR_RADIUS o=195 raw_norm=1672.1491616022872 norm=1672.1491616022872 radius=8861.1709887307607 next_radius=8861.1709887307607 lambda=6.4036938218746516e-07 next_lambda=6.4036938218746516e-07 rho=0.99119999480327459 accept=1
CLASSICAL_LM o=195 lambda=6.4036938218746516e-07 tau=6.4036938218746516e-07 prediction=24.544944871750847 rho=0.99119999480327459 accept=1
  MFCG it 196 cost=1.656043e+06 lam=6.404e-07 tau=0.00e+00 cg_it=9 shift=0 ckpt=10 alpha=0 acc mv=3785
PCG_PREP o=196 rebuild=1 drift=0 previous_depth=10
POINT_SAFE o=196 frozen=148 slope=-26.290977279482512 candidate=1656027.2402293908 original=1656032.4939805537 current=1656043.4650528156 won=1 mode=1 camera_scale=1 keep_scale=0
ATTR_RADIUS o=196 raw_norm=1638.2606603011725 norm=1638.2606603011725 radius=8861.1709887307607 next_radius=8861.1709887307607 lambda=6.4036938218746516e-07 next_lambda=6.4036938218746516e-07 rho=1.1108252577294524 accept=1
CLASSICAL_LM o=196 lambda=6.4036938218746516e-07 tau=6.4036938218746516e-07 prediction=14.606098764795183 rho=1.1108252577294524 accept=1
  MFCG it 197 cost=1.656027e+06 lam=6.404e-07 tau=0.00e+00 cg_it=4 shift=0 ckpt=5 alpha=0 acc mv=3791
PCG_PREP o=197 rebuild=1 drift=0 previous_depth=5
POINT_SAFE o=197 frozen=250 slope=-12.122505936935857 candidate=1656024.9248727458 original=1656023.5594721762 current=1656027.2402293908 won=0 mode=1 camera_scale=1 keep_scale=0
ATTR_RADIUS o=197 raw_norm=1422.672897434391 norm=711.33644871719548 radius=8861.1709887307607 next_radius=8861.1709887307607 lambda=6.4036938218746516e-07 next_lambda=6.4036938218746516e-07 rho=0.69451744937725413 accept=1
CLASSICAL_LM o=197 lambda=6.4036938218746516e-07 tau=6.4036938218746516e-07 prediction=5.2997332433453659 rho=0.69451744937725413 accept=1
  MFCG it 198 cost=1.656024e+06 lam=6.404e-07 tau=0.00e+00 cg_it=1 shift=0 ckpt=2 alpha=0 acc mv=3794
PCG_PREP o=198 rebuild=1 drift=0 previous_depth=2
ATTR_RADIUS o=198 raw_norm=1081.2178216039358 norm=1081.2178216039358 radius=8861.1709887307607 next_radius=8861.1709887307607 lambda=6.4036938218746516e-07 next_lambda=6.4036938218746516e-07 rho=0.38494769234313375 accept=1
CLASSICAL_LM o=198 lambda=6.4036938218746516e-07 tau=6.4036938218746516e-07 prediction=5.4660030026601119 rho=0.38494769234313375 accept=1
  MFCG it 199 cost=1.656021e+06 lam=6.404e-07 tau=0.00e+00 cg_it=0 shift=0 ckpt=1 alpha=0 acc mv=3796
PCG_PREP o=199 rebuild=1 drift=0 previous_depth=1
POINT_SAFE o=199 frozen=203 slope=-12.678422101700418 candidate=1656070.9837636494 original=1656021.3468879836 current=1656021.455346934 won=0 mode=1 camera_scale=1 keep_scale=0
ATTR_RADIUS o=199 raw_norm=958.03106651203711 norm=958.031066512037 radius=8861.1709887307607 next_radius=2215.2927471826902 lambda=6.4036938218746516e-07 next_lambda=1.0245910114999443e-05 rho=0.038219981725100244 accept=0
CLASSICAL_LM o=199 lambda=6.4036938218746516e-07 tau=6.4036938218746516e-07 prediction=2.837755161611915 rho=0.038219981725100244 accept=0
  MFCG it 200  retry 1/8  lam=1.025e-05 tau_eff=6.404e-07  (assembly reused)
PCG_PREP o=199 rebuild=1 drift=0 previous_depth=1
POINT_SAFE o=199 frozen=89 slope=-10.181663790031248 candidate=1656054.0513420666 original=1656021.0709314914 current=1656021.455346934 won=0 mode=1 camera_scale=1 keep_scale=0
ATTR_RADIUS o=199 raw_norm=220.93694445098859 norm=55.234236112747148 radius=2215.2927471826902 next_radius=553.82318679567254 lambda=1.0245910114999443e-05 next_lambda=0.00016393456183999108 rho=0.16889973983470744 accept=1
CLASSICAL_LM o=199 lambda=1.0245910114999443e-05 tau=1.0245910114999443e-05 prediction=2.2759978373316381 rho=0.16889973983470744 accept=1
  MFCG it 200 cost=1.656021e+06 lam=1.639e-04 tau=0.00e+00 cg_it=0 shift=0 ckpt=1 alpha=0 acc mv=3800
PCG_PREP o=200 rebuild=1 drift=0 previous_depth=1
ATTR_RADIUS o=200 raw_norm=29.992253580604508 norm=29.992253580604508 radius=553.82318679567254 next_radius=553.82318679567254 lambda=0.00016393456183999108 next_lambda=1.6393456183999108e-05 rho=1.0161841889769361 accept=1
CLASSICAL_LM o=200 lambda=0.00016393456183999108 tau=0.00016393456183999108 prediction=3.8544101349364004 rho=1.0161841889769361 accept=1
  MFCG it 201 cost=1.656017e+06 lam=1.639e-05 tau=0.00e+00 cg_it=0 shift=0 ckpt=1 alpha=0 acc mv=3802
PCG_PREP o=201 rebuild=1 drift=0 previous_depth=1
ATTR_RADIUS o=201 raw_norm=1951.4987668069853 norm=553.82318679567254 radius=553.82318679567254 next_radius=1107.6463735913451 lambda=1.6393456183999108e-05 next_lambda=4.0983640459997771e-06 rho=1.0020290515563479 accept=1
CLASSICAL_LM o=201 lambda=1.6393456183999108e-05 tau=1.6393456183999108e-05 prediction=48.16424532977441 rho=1.0020290515563479 accept=1
  MFCG it 202 cost=1.655969e+06 lam=4.098e-06 tau=0.00e+00 cg_it=128 shift=0 ckpt=128 alpha=0 acc mv=3930
PCG_PREP o=202 rebuild=1 drift=0 previous_depth=128
ATTR_RADIUS o=202 raw_norm=341.42877472567938 norm=341.42877472567938 radius=1107.6463735913451 next_radius=1107.6463735913451 lambda=4.0983640459997771e-06 next_lambda=6.4036938218746516e-07 rho=1.1398156950827585 accept=1
CLASSICAL_LM o=202 lambda=4.0983640459997771e-06 tau=4.0983640459997771e-06 prediction=5.2412983867053704 rho=1.1398156950827585 accept=1
  MFCG it 203 cost=1.655963e+06 lam=6.404e-07 tau=0.00e+00 cg_it=3 shift=0 ckpt=4 alpha=0 acc mv=3935
PCG_PREP o=203 rebuild=1 drift=0 previous_depth=4
ATTR_RADIUS o=203 raw_norm=12849.576084822058 norm=1107.6463735913451 radius=1107.6463735913451 next_radius=2215.2927471826902 lambda=6.4036938218746516e-07 next_lambda=6.4036938218746516e-07 rho=0.99818313808572356 accept=1
CLASSICAL_LM o=203 lambda=6.4036938218746516e-07 tau=6.4036938218746516e-07 prediction=62.622280684522423 rho=0.99818313808572356 accept=1
  MFCG it 204 cost=1.655900e+06 lam=6.404e-07 tau=0.00e+00 cg_it=128 shift=0 ckpt=128 alpha=0 acc mv=4063
PCG_PREP o=204 rebuild=1 drift=0 previous_depth=128
ATTR_RADIUS o=204 raw_norm=11502.697080493412 norm=2215.2927471826893 radius=2215.2927471826902 next_radius=4430.5854943653803 lambda=6.4036938218746516e-07 next_lambda=6.4036938218746516e-07 rho=0.96349031711929156 accept=1
CLASSICAL_LM o=204 lambda=6.4036938218746516e-07 tau=6.4036938218746516e-07 prediction=122.09007882585021 rho=0.96349031711929156 accept=1
  MFCG it 205 cost=1.655783e+06 lam=6.404e-07 tau=0.00e+00 cg_it=128 shift=0 ckpt=128 alpha=0 acc mv=4191
PCG_PREP o=205 rebuild=1 drift=0 previous_depth=128
ATTR_RADIUS o=205 raw_norm=2029.4815746550403 norm=2029.4815746550403 radius=4430.5854943653803 next_radius=4430.5854943653803 lambda=6.4036938218746516e-07 next_lambda=6.4036938218746516e-07 rho=0.78050432604161835 accept=1
CLASSICAL_LM o=205 lambda=6.4036938218746516e-07 tau=6.4036938218746516e-07 prediction=18.834706702898316 rho=0.78050432604161835 accept=1
  MFCG it 206 cost=1.655768e+06 lam=6.404e-07 tau=0.00e+00 cg_it=12 shift=0 ckpt=13 alpha=0 acc mv=4205
PCG_PREP o=206 rebuild=1 drift=0 previous_depth=13
ATTR_RADIUS o=206 raw_norm=1425.9941463133387 norm=1425.9941463133387 radius=4430.5854943653803 next_radius=1107.6463735913451 lambda=6.4036938218746516e-07 next_lambda=1.0245910114999443e-05 rho=0.10354728496930402 accept=1
CLASSICAL_LM o=206 lambda=6.4036938218746516e-07 tau=6.4036938218746516e-07 prediction=10.450194940982993 rho=0.10354728496930402 accept=1
  MFCG it 207 cost=1.655767e+06 lam=1.025e-05 tau=0.00e+00 cg_it=0 shift=0 ckpt=1 alpha=0 acc mv=4207
PCG_PREP o=207 rebuild=1 drift=0 previous_depth=1
ATTR_RADIUS o=207 raw_norm=241.61759193101122 norm=241.61759193101122 radius=1107.6463735913451 next_radius=1107.6463735913451 lambda=1.0245910114999443e-05 next_lambda=1.0245910114999443e-06 rho=0.74472502619860514 accept=1
CLASSICAL_LM o=207 lambda=1.0245910114999443e-05 tau=1.0245910114999443e-05 prediction=14.172018659837423 rho=0.74472502619860514 accept=1
  MFCG it 208 cost=1.655756e+06 lam=1.025e-06 tau=0.00e+00 cg_it=2 shift=0 ckpt=3 alpha=0 acc mv=4211
PCG_PREP o=208 rebuild=1 drift=0 previous_depth=3
POINT_SAFE o=208 frozen=242 slope=-6.4702980206878262 candidate=1655759.0367112479 original=1655749.386531065 current=1655756.4400238686 won=0 mode=1 camera_scale=1 keep_scale=0
ATTR_RADIUS o=208 raw_norm=962.97160443147322 norm=481.48580221573656 radius=1107.6463735913451 next_radius=1107.6463735913451 lambda=1.0245910114999443e-06 next_lambda=6.4036938218746516e-07 rho=0.59454089444324276 accept=1
CLASSICAL_LM o=208 lambda=1.0245910114999443e-06 tau=1.0245910114999443e-06 prediction=11.863763905084227 rho=0.59454089444324276 accept=1
  MFCG it 209 cost=1.655749e+06 lam=6.404e-07 tau=0.00e+00 cg_it=0 shift=0 ckpt=1 alpha=0 acc mv=4213
PCG_PREP o=209 rebuild=1 drift=0 previous_depth=1
POINT_SAFE o=209 frozen=154 slope=-35.938463492710504 candidate=1655830.7889415417 original=1655739.8794178881 current=1655749.386531065 won=0 mode=1 camera_scale=1 keep_scale=0
ATTR_RADIUS o=209 raw_norm=1418.8507075945906 norm=553.82318679567265 radius=1107.6463735913451 next_radius=1107.6463735913451 lambda=6.4036938218746516e-07 next_lambda=6.4036938218746516e-07 rho=0.64193589596023315 accept=1
CLASSICAL_LM o=209 lambda=6.4036938218746516e-07 tau=6.4036938218746516e-07 prediction=14.810066295860468 rho=0.64193589596023315 accept=1
  MFCG it 210 cost=1.655740e+06 lam=6.404e-07 tau=0.00e+00 cg_it=2 shift=0 ckpt=3 alpha=0 acc mv=4217
PCG_PREP o=210 rebuild=1 drift=0 previous_depth=3
ATTR_RADIUS o=210 raw_norm=982.40079350167025 norm=982.40079350167025 radius=1107.6463735913451 next_radius=1107.6463735913451 lambda=6.4036938218746516e-07 next_lambda=6.4036938218746516e-07 rho=0.58560349918460519 accept=1
CLASSICAL_LM o=210 lambda=6.4036938218746516e-07 tau=6.4036938218746516e-07 prediction=20.646029994166881 rho=0.58560349918460519 accept=1
  MFCG it 211 cost=1.655728e+06 lam=6.404e-07 tau=0.00e+00 cg_it=0 shift=0 ckpt=1 alpha=0 acc mv=4219
PCG_PREP o=211 rebuild=1 drift=0 previous_depth=1
POINT_SAFE o=211 frozen=113 slope=-189.69447611288621 candidate=890739315.80550623 original=1655719.6192078383 current=1655727.7890304793 won=0 mode=1 camera_scale=1 keep_scale=0
ATTR_RADIUS o=211 raw_norm=1227.5214841223615 norm=138.45579669891814 radius=1107.6463735913451 next_radius=1107.6463735913451 lambda=6.4036938218746516e-07 next_lambda=6.4036938218746516e-07 rho=0.36492902927207266 accept=1
CLASSICAL_LM o=211 lambda=6.4036938218746516e-07 tau=6.4036938218746516e-07 prediction=22.387428748122016 rho=0.36492902927207266 accept=1
  MFCG it 212 cost=1.655720e+06 lam=6.404e-07 tau=0.00e+00 cg_it=0 shift=0 ckpt=1 alpha=0 acc mv=4221
PCG_PREP o=212 rebuild=1 drift=0 previous_depth=1
ATTR_RADIUS o=212 raw_norm=984.4219974689197 norm=984.42199746891981 radius=1107.6463735913451 next_radius=2215.2927471826902 lambda=6.4036938218746516e-07 next_lambda=6.4036938218746516e-07 rho=1.219377289074201 accept=1
CLASSICAL_LM o=212 lambda=6.4036938218746516e-07 tau=6.4036938218746516e-07 prediction=104.79676699645007 rho=1.219377289074201 accept=1
  MFCG it 213 cost=1.655592e+06 lam=6.404e-07 tau=0.00e+00 cg_it=0 shift=0 ckpt=1 alpha=0 acc mv=4223
PCG_PREP o=213 rebuild=1 drift=0 previous_depth=1
POINT_SAFE o=213 frozen=251 slope=-89.047651691016171 candidate=1655648.707274833 original=1655572.5190664832 current=1655591.8324101944 won=0 mode=1 camera_scale=1 keep_scale=0
ATTR_RADIUS o=213 raw_norm=1102.6523453684549 norm=551.32617268422746 radius=2215.2927471826902 next_radius=2215.2927471826902 lambda=6.4036938218746516e-07 next_lambda=6.4036938218746516e-07 rho=0.57094413519946363 accept=1
CLASSICAL_LM o=213 lambda=6.4036938218746516e-07 tau=6.4036938218746516e-07 prediction=33.82702881158437 rho=0.57094413519946363 accept=1
  MFCG it 214 cost=1.655573e+06 lam=6.404e-07 tau=0.00e+00 cg_it=0 shift=0 ckpt=1 alpha=0 acc mv=4225
PCG_PREP o=214 rebuild=1 drift=0 previous_depth=1
POINT_SAFE o=214 frozen=135 slope=-56.249938569020273 candidate=1758047.6453846518 original=1655568.7348429803 current=1655572.5190664832 won=0 mode=1 camera_scale=1 keep_scale=0
ATTR_RADIUS o=214 raw_norm=920.20321585110707 norm=115.02540198138838 radius=2215.2927471826902 next_radius=2215.2927471826902 lambda=6.4036938218746516e-07 next_lambda=6.4036938218746516e-07 rho=0.57087835918052743 accept=1
CLASSICAL_LM o=214 lambda=6.4036938218746516e-07 tau=6.4036938218746516e-07 prediction=6.6287737871157093 rho=0.57087835918052743 accept=1
  MFCG it 215 cost=1.655569e+06 lam=6.404e-07 tau=0.00e+00 cg_it=0 shift=0 ckpt=1 alpha=0 acc mv=4227
PCG_PREP o=215 rebuild=1 drift=0 previous_depth=1
ATTR_RADIUS o=215 raw_norm=851.88327059917833 norm=851.88327059917833 radius=2215.2927471826902 next_radius=2215.2927471826902 lambda=6.4036938218746516e-07 next_lambda=6.4036938218746516e-07 rho=0.98384515214077295 accept=1
CLASSICAL_LM o=215 lambda=6.4036938218746516e-07 tau=6.4036938218746516e-07 prediction=25.11793053972352 rho=0.98384515214077295 accept=1
  MFCG it 216 cost=1.655544e+06 lam=6.404e-07 tau=0.00e+00 cg_it=0 shift=0 ckpt=1 alpha=0 acc mv=4229
PCG_PREP o=216 rebuild=1 drift=0 previous_depth=1
POINT_SAFE o=216 frozen=152 slope=-21.35339166437522 candidate=1655546.9277167707 original=1655536.7982058255 current=1655544.022688787 won=0 mode=1 camera_scale=1 keep_scale=0
ATTR_RADIUS o=216 raw_norm=1183.5613564439211 norm=591.78067822196056 radius=2215.2927471826902 next_radius=2215.2927471826902 lambda=6.4036938218746516e-07 next_lambda=6.4036938218746516e-07 rho=0.86216880869590329 accept=1
CLASSICAL_LM o=216 lambda=6.4036938218746516e-07 tau=6.4036938218746516e-07 prediction=8.3794297457736384 rho=0.86216880869590329 accept=1
  MFCG it 217 cost=1.655537e+06 lam=6.404e-07 tau=0.00e+00 cg_it=3 shift=0 ckpt=4 alpha=0 acc mv=4234
PCG_PREP o=217 rebuild=1 drift=0 previous_depth=4
POINT_SAFE o=217 frozen=193 slope=-6.0810449115509124 candidate=1655725.0533219215 original=1655536.1740752922 current=1655536.7982058255 won=0 mode=1 camera_scale=1 keep_scale=0
ATTR_RADIUS o=217 raw_norm=963.06771310691124 norm=240.76692827672781 radius=2215.2927471826902 next_radius=2215.2927471826902 lambda=6.4036938218746516e-07 next_lambda=6.4036938218746516e-07 rho=0.45091699526488671 accept=1
CLASSICAL_LM o=217 lambda=6.4036938218746516e-07 tau=6.4036938218746516e-07 prediction=1.3841361932765788 rho=0.45091699526488671 accept=1
  MFCG it 218 cost=1.655536e+06 lam=6.404e-07 tau=0.00e+00 cg_it=0 shift=0 ckpt=1 alpha=0 acc mv=4236
PCG_PREP o=218 rebuild=1 drift=0 previous_depth=1
ATTR_RADIUS o=218 raw_norm=890.57628449306719 norm=890.57628449306719 radius=2215.2927471826902 next_radius=2215.2927471826902 lambda=6.4036938218746516e-07 next_lambda=6.4036938218746516e-07 rho=0.35637410528570107 accept=1
CLASSICAL_LM o=218 lambda=6.4036938218746516e-07 tau=6.4036938218746516e-07 prediction=3.5250173368956235 rho=0.35637410528570107 accept=1
  MFCG it 219 cost=1.655535e+06 lam=6.404e-07 tau=0.00e+00 cg_it=0 shift=0 ckpt=1 alpha=0 acc mv=4238
PCG_PREP o=219 rebuild=1 drift=0 previous_depth=1
POINT_SAFE o=219 frozen=91 slope=-8.7423021962695788 candidate=1736802.7569695835 original=1655534.6994975614 current=1655534.9178503926 won=0 mode=1 camera_scale=1 keep_scale=0
ATTR_RADIUS o=219 raw_norm=786.31244850405994 norm=49.144528031503746 radius=2215.2927471826902 next_radius=2215.2927471826902 lambda=6.4036938218746516e-07 next_lambda=6.4036938218746516e-07 rho=0.4086598312661775 accept=1
CLASSICAL_LM o=219 lambda=6.4036938218746516e-07 tau=6.4036938218746516e-07 prediction=0.53431439670762593 rho=0.4086598312661775 accept=1
  MFCG it 220 cost=1.655535e+06 lam=6.404e-07 tau=0.00e+00 cg_it=0 shift=0 ckpt=1 alpha=0 acc mv=4240
PCG_PREP o=220 rebuild=1 drift=0 previous_depth=1
POINT_SAFE o=220 frozen=95 slope=-7.2539111807559635 candidate=1656518.2833276396 original=1655534.3036216246 current=1655534.6994975614 won=0 mode=1 camera_scale=1 keep_scale=0
ATTR_RADIUS o=220 raw_norm=746.4674504156369 norm=93.308431301954613 radius=2215.2927471826902 next_radius=2215.2927471826902 lambda=6.4036938218746516e-07 next_lambda=6.4036938218746516e-07 rho=0.4603414476605901 accept=1
CLASSICAL_LM o=220 lambda=6.4036938218746516e-07 tau=6.4036938218746516e-07 prediction=0.85996153257876751 rho=0.4603414476605901 accept=1
  MFCG it 221 cost=1.655534e+06 lam=6.404e-07 tau=0.00e+00 cg_it=0 shift=0 ckpt=1 alpha=0 acc mv=4242
PCG_PREP o=221 rebuild=1 drift=0 previous_depth=1
ATTR_RADIUS o=221 raw_norm=726.54794066174645 norm=726.54794066174645 radius=2215.2927471826902 next_radius=2215.2927471826902 lambda=6.4036938218746516e-07 next_lambda=6.4036938218746516e-07 rho=0.8129965764994439 accept=1
CLASSICAL_LM o=221 lambda=6.4036938218746516e-07 tau=6.4036938218746516e-07 prediction=3.4657568907579495 rho=0.8129965764994439 accept=1
  MFCG it 222 cost=1.655531e+06 lam=6.404e-07 tau=0.00e+00 cg_it=0 shift=0 ckpt=1 alpha=0 acc mv=4244
PCG_PREP o=222 rebuild=1 drift=0 previous_depth=1
POINT_SAFE o=222 frozen=163 slope=-4.1187205053548173 candidate=1655560.4408789948 original=1655531.2560144328 current=1655531.4859731374 won=0 mode=1 camera_scale=1 keep_scale=0
ATTR_RADIUS o=222 raw_norm=730.11762375374235 norm=91.264702969217794 radius=2215.2927471826902 next_radius=2215.2927471826902 lambda=6.4036938218746516e-07 next_lambda=6.4036938218746516e-07 rho=0.46704297382084559 accept=1
CLASSICAL_LM o=222 lambda=6.4036938218746516e-07 tau=6.4036938218746516e-07 prediction=0.49237161795086626 rho=0.46704297382084559 accept=1
  MFCG it 223 cost=1.655531e+06 lam=6.404e-07 tau=0.00e+00 cg_it=0 shift=0 ckpt=1 alpha=0 acc mv=4246
PCG_PREP o=223 rebuild=1 drift=0 previous_depth=1
POINT_SAFE o=223 frozen=225 slope=-3.1646975790022589 candidate=1655536.6603537013 original=1655530.9038723146 current=1655531.2560144328 won=0 mode=1 camera_scale=1 keep_scale=0
ATTR_RADIUS o=223 raw_norm=754.71231846032697 norm=188.67807961508171 radius=2215.2927471826902 next_radius=2215.2927471826902 lambda=6.4036938218746516e-07 next_lambda=6.4036938218746516e-07 rho=0.49008736870082203 accept=1
CLASSICAL_LM o=223 lambda=6.4036938218746516e-07 tau=6.4036938218746516e-07 prediction=0.71852926771784742 rho=0.49008736870082203 accept=1
  MFCG: converged (OCA_FTOL: 8 outers < 1.0e-05 rel)
  [menu-backtrack] confirming stop with original retry policy at outer 224
  MFCG it 224 cost=1.655531e+06 lam=6.404e-07 tau=0.00e+00 cg_it=0 shift=0 ckpt=1 alpha=0 acc mv=4248
PCG_PREP o=224 rebuild=1 drift=0 previous_depth=1
ATTR_RADIUS o=224 raw_norm=760.6281547055313 norm=760.6281547055313 radius=2215.2927471826902 next_radius=2215.2927471826902 lambda=6.4036938218746516e-07 next_lambda=6.4036938218746516e-07 rho=1.008756151765684 accept=1
CLASSICAL_LM o=224 lambda=6.4036938218746516e-07 tau=6.4036938218746516e-07 prediction=1.7227708260676418 rho=1.008756151765684 accept=1
  MFCG it 225 cost=1.655529e+06 lam=6.404e-07 tau=0.00e+00 cg_it=0 shift=0 ckpt=1 alpha=0 acc mv=4250
PCG_PREP o=225 rebuild=1 drift=0 previous_depth=1
ATTR_RADIUS o=225 raw_norm=9884.8948433313763 norm=2215.292747182692 radius=2215.2927471826902 next_radius=4430.5854943653803 lambda=6.4036938218746516e-07 next_lambda=6.4036938218746516e-07 rho=0.93930518710622835 accept=1
CLASSICAL_LM o=225 lambda=6.4036938218746516e-07 tau=6.4036938218746516e-07 prediction=84.450583793673886 rho=0.93930518710622835 accept=1
  MFCG it 226 cost=1.655450e+06 lam=6.404e-07 tau=0.00e+00 cg_it=128 shift=0 ckpt=128 alpha=0 acc mv=4378
PCG_PREP o=226 rebuild=1 drift=0 previous_depth=128
ATTR_RADIUS o=226 raw_norm=10722.172399108727 norm=4430.5854943653803 radius=4430.5854943653803 next_radius=8861.1709887307607 lambda=6.4036938218746516e-07 next_lambda=6.4036938218746516e-07 rho=0.92995337912821729 accept=1
CLASSICAL_LM o=226 lambda=6.4036938218746516e-07 tau=6.4036938218746516e-07 prediction=159.9035292674352 rho=0.92995337912821729 accept=1
  MFCG it 227 cost=1.655301e+06 lam=6.404e-07 tau=0.00e+00 cg_it=128 shift=0 ckpt=128 alpha=0 acc mv=4506
PCG_PREP o=227 rebuild=1 drift=0 previous_depth=128
ATTR_RADIUS o=227 raw_norm=1994.7264808067198 norm=1994.7264808067198 radius=8861.1709887307607 next_radius=2215.2927471826902 lambda=6.4036938218746516e-07 next_lambda=1.0245910114999443e-05 rho=-1 accept=0
CLASSICAL_LM o=227 lambda=6.4036938218746516e-07 tau=6.4036938218746516e-07 prediction=15.596305068071562 rho=-1 accept=0
  MFCG it 228  retry 1/8  lam=1.025e-05 tau_eff=6.404e-07  (assembly reused)
PCG_PREP o=227 rebuild=1 drift=0 previous_depth=3
ATTR_RADIUS o=227 raw_norm=193.62563921668448 norm=193.62563921668448 radius=2215.2927471826902 next_radius=2215.2927471826902 lambda=1.0245910114999443e-05 next_lambda=1.0245910114999443e-06 rho=0.99715014427035265 accept=1
CLASSICAL_LM o=227 lambda=1.0245910114999443e-05 tau=1.0245910114999443e-05 prediction=11.775763433188217 rho=0.99715014427035265 accept=1
  MFCG it 228 cost=1.655289e+06 lam=1.025e-06 tau=0.00e+00 cg_it=1 shift=0 ckpt=2 alpha=0 acc mv=4513
PCG_PREP o=228 rebuild=1 drift=0 previous_depth=2
ATTR_RADIUS o=228 raw_norm=6200.8702136280363 norm=2215.2927471826893 radius=2215.2927471826902 next_radius=553.82318679567254 lambda=1.0245910114999443e-06 next_lambda=1.6393456183999108e-05 rho=-1 accept=0
CLASSICAL_LM o=228 lambda=1.0245910114999443e-06 tau=1.0245910114999443e-06 prediction=92.220183943044546 rho=-1 accept=0
  MFCG it 229  retry 1/8  lam=1.639e-05 tau_eff=1.025e-06  (assembly reused)
PCG_PREP o=228 rebuild=1 drift=0 previous_depth=128
ATTR_RADIUS o=228 raw_norm=1440.3783000720287 norm=553.82318679567231 radius=553.82318679567254 next_radius=1107.6463735913451 lambda=1.6393456183999108e-05 next_lambda=4.0983640459997771e-06 rho=0.99867019462651074 accept=1
CLASSICAL_LM o=228 lambda=1.6393456183999108e-05 tau=1.6393456183999108e-05 prediction=32.428049511753699 rho=0.99867019462651074 accept=1
  MFCG it 229 cost=1.655257e+06 lam=4.098e-06 tau=0.00e+00 cg_it=128 shift=0 ckpt=128 alpha=0 acc mv=4769
PCG_PREP o=229 rebuild=1 drift=0 previous_depth=128
ATTR_RADIUS o=229 raw_norm=4064.0391776466126 norm=1107.6463735913449 radius=1107.6463735913451 next_radius=2215.2927471826902 lambda=4.0983640459997771e-06 next_lambda=1.0245910114999443e-06 rho=0.9992629851038074 accept=1
CLASSICAL_LM o=229 lambda=4.0983640459997771e-06 tau=4.0983640459997771e-06 prediction=56.063200674468796 rho=0.9992629851038074 accept=1
  MFCG it 230 cost=1.655201e+06 lam=1.025e-06 tau=0.00e+00 cg_it=128 shift=0 ckpt=128 alpha=0 acc mv=4897
PCG_PREP o=230 rebuild=1 drift=0 previous_depth=128
ATTR_RADIUS o=230 raw_norm=6565.5112490416395 norm=2215.2927471826902 radius=2215.2927471826902 next_radius=2215.2927471826902 lambda=1.0245910114999443e-06 next_lambda=1.0245910114999443e-06 rho=0.44848230992973065 accept=1
CLASSICAL_LM o=230 lambda=1.0245910114999443e-06 tau=1.0245910114999443e-06 prediction=93.64904517423426 rho=0.44848230992973065 accept=1
  MFCG it 231 cost=1.655159e+06 lam=1.025e-06 tau=0.00e+00 cg_it=128 shift=0 ckpt=128 alpha=0 acc mv=5025
PCG_PREP o=231 rebuild=1 drift=0 previous_depth=128
ATTR_RADIUS o=231 raw_norm=1602.6472634285287 norm=1602.6472634285287 radius=2215.2927471826902 next_radius=2215.2927471826902 lambda=1.0245910114999443e-06 next_lambda=6.4036938218746516e-07 rho=0.88087672794351179 accept=1
CLASSICAL_LM o=231 lambda=1.0245910114999443e-06 tau=1.0245910114999443e-06 prediction=58.274857524476609 rho=0.88087672794351179 accept=1
  MFCG it 232 cost=1.655108e+06 lam=6.404e-07 tau=0.00e+00 cg_it=4 shift=0 ckpt=5 alpha=0 acc mv=5031
PCG_PREP o=232 rebuild=1 drift=0 previous_depth=5
ATTR_RADIUS o=232 raw_norm=1693.7460750252205 norm=1693.7460750252205 radius=2215.2927471826902 next_radius=2215.2927471826902 lambda=6.4036938218746516e-07 next_lambda=6.4036938218746516e-07 rho=0.8934335533726746 accept=1
CLASSICAL_LM o=232 lambda=6.4036938218746516e-07 tau=6.4036938218746516e-07 prediction=20.273484984525517 rho=0.8934335533726746 accept=1
  MFCG it 233 cost=1.655090e+06 lam=6.404e-07 tau=0.00e+00 cg_it=24 shift=0 ckpt=25 alpha=0 acc mv=5057
PCG_PREP o=233 rebuild=1 drift=0 previous_depth=25
ATTR_RADIUS o=233 raw_norm=1209.2171961045012 norm=1209.2171961045012 radius=2215.2927471826902 next_radius=553.82318679567254 lambda=6.4036938218746516e-07 next_lambda=1.0245910114999443e-05 rho=-1 accept=0
CLASSICAL_LM o=233 lambda=6.4036938218746516e-07 tau=6.4036938218746516e-07 prediction=6.6981961036893551 rho=-1 accept=0
  MFCG it 234  retry 1/8  lam=1.025e-05 tau_eff=6.404e-07  (assembly reused)
PCG_PREP o=233 rebuild=1 drift=0 previous_depth=1
ATTR_RADIUS o=233 raw_norm=132.74467343911499 norm=132.74467343911499 radius=553.82318679567254 next_radius=553.82318679567254 lambda=1.0245910114999443e-05 next_lambda=1.0245910114999443e-06 rho=0.82661280285689542 accept=1
CLASSICAL_LM o=233 lambda=1.0245910114999443e-05 tau=1.0245910114999443e-05 prediction=3.0543463180414845 rho=0.82661280285689542 accept=1
  MFCG it 234 cost=1.655087e+06 lam=1.025e-06 tau=0.00e+00 cg_it=0 shift=0 ckpt=1 alpha=0 acc mv=5061
PCG_PREP o=234 rebuild=1 drift=0 previous_depth=1
ATTR_RADIUS o=234 raw_norm=756.93173278564848 norm=553.82318679567254 radius=553.82318679567254 next_radius=138.45579669891814 lambda=1.0245910114999443e-06 next_lambda=1.6393456183999108e-05 rho=-1 accept=0
CLASSICAL_LM o=234 lambda=1.0245910114999443e-06 tau=1.0245910114999443e-06 prediction=3.7625974524775172 rho=-1 accept=0
  MFCG it 235  retry 1/8  lam=1.639e-05 tau_eff=1.025e-06  (assembly reused)
PCG_PREP o=234 rebuild=1 drift=0 previous_depth=1
ATTR_RADIUS o=234 raw_norm=127.6250814365666 norm=127.62508143656659 radius=138.45579669891814 next_radius=34.613949174729534 lambda=1.6393456183999108e-05 next_lambda=0.00026229529894398573 rho=-1 accept=0
CLASSICAL_LM o=234 lambda=1.6393456183999108e-05 tau=1.6393456183999108e-05 prediction=1.2158881249234452 rho=-1 accept=0
  MFCG it 235  retry 2/8  lam=2.623e-04 tau_eff=1.639e-05  (assembly reused)
PCG_PREP o=234 rebuild=1 drift=0 previous_depth=1
ATTR_RADIUS o=234 raw_norm=23.328855161009013 norm=23.328855161009013 radius=34.613949174729534 next_radius=34.613949174729534 lambda=0.00026229529894398573 next_lambda=2.6229529894398575e-05 rho=0.86457209650791678 accept=1
CLASSICAL_LM o=234 lambda=0.00026229529894398573 tau=0.00026229529894398573 prediction=0.62782066551154325 rho=0.86457209650791678 accept=1
  MFCG it 235 cost=1.655086e+06 lam=2.623e-05 tau=0.00e+00 cg_it=0 shift=0 ckpt=1 alpha=0 acc mv=5067
PCG_PREP o=235 rebuild=1 drift=0 previous_depth=1
ATTR_RADIUS o=235 raw_norm=665.68272541472186 norm=34.613949174729541 radius=34.613949174729534 next_radius=69.227898349459068 lambda=2.6229529894398575e-05 next_lambda=6.5573824735996438e-06 rho=1.0024219742414533 accept=1
CLASSICAL_LM o=235 lambda=2.6229529894398575e-05 tau=2.6229529894398575e-05 prediction=1.5779967169511779 rho=1.0024219742414533 accept=1
  MFCG it 236 cost=1.655085e+06 lam=6.557e-06 tau=0.00e+00 cg_it=128 shift=0 ckpt=128 alpha=0 acc mv=5195
PCG_PREP o=236 rebuild=1 drift=0 previous_depth=128
ATTR_RADIUS o=236 raw_norm=216.85800001984572 norm=69.227898349459124 radius=69.227898349459068 next_radius=138.45579669891814 lambda=6.5573824735996438e-06 next_lambda=1.6393456183999109e-06 rho=1.1179058046609762 accept=1
CLASSICAL_LM o=236 lambda=6.5573824735996438e-06 tau=6.5573824735996438e-06 prediction=0.64579056666739243 rho=1.1179058046609762 accept=1
  MFCG it 237 cost=1.655084e+06 lam=1.639e-06 tau=0.00e+00 cg_it=1 shift=0 ckpt=2 alpha=0 acc mv=5198
PCG_PREP o=237 rebuild=1 drift=0 previous_depth=2
ATTR_RADIUS o=237 raw_norm=691.75531658911359 norm=138.45579669891808 radius=138.45579669891814 next_radius=276.91159339783627 lambda=1.6393456183999109e-06 next_lambda=6.4036938218746516e-07 rho=2.8529063225389857 accept=1
CLASSICAL_LM o=237 lambda=1.6393456183999109e-06 tau=1.6393456183999109e-06 prediction=2.3396305492091747 rho=2.8529063225389857 accept=1
  MFCG it 238 cost=1.655077e+06 lam=6.404e-07 tau=0.00e+00 cg_it=2 shift=0 ckpt=3 alpha=0 acc mv=5202
PCG_PREP o=238 rebuild=1 drift=0 previous_depth=3
ATTR_RADIUS o=238 raw_norm=1264.2591109950904 norm=276.91159339783627 radius=276.91159339783627 next_radius=553.82318679567254 lambda=6.4036938218746516e-07 next_lambda=6.4036938218746516e-07 rho=0.84264397313084416 accept=1
CLASSICAL_LM o=238 lambda=6.4036938218746516e-07 tau=6.4036938218746516e-07 prediction=2.730916971226427 rho=0.84264397313084416 accept=1
  MFCG it 239 cost=1.655075e+06 lam=6.404e-07 tau=0.00e+00 cg_it=1 shift=0 ckpt=2 alpha=0 acc mv=5205
PCG_PREP o=239 rebuild=1 drift=0 previous_depth=2
ATTR_RADIUS o=239 raw_norm=1241.9925267839142 norm=553.82318679567231 radius=553.82318679567254 next_radius=1107.6463735913451 lambda=6.4036938218746516e-07 next_lambda=6.4036938218746516e-07 rho=1.0197141508473528 accept=1
CLASSICAL_LM o=239 lambda=6.4036938218746516e-07 tau=6.4036938218746516e-07 prediction=3.1574636406520487 rho=1.0197141508473528 accept=1
  MFCG it 240 cost=1.655072e+06 lam=6.404e-07 tau=0.00e+00 cg_it=1 shift=0 ckpt=2 alpha=0 acc mv=5208
PCG_PREP o=240 rebuild=1 drift=0 previous_depth=2
ATTR_RADIUS o=240 raw_norm=1205.7604481385006 norm=1107.6463735913453 radius=1107.6463735913451 next_radius=2215.2927471826902 lambda=6.4036938218746516e-07 next_lambda=6.4036938218746516e-07 rho=1.0902087210967184 accept=1
CLASSICAL_LM o=240 lambda=6.4036938218746516e-07 tau=6.4036938218746516e-07 prediction=2.5965904246177107 rho=1.0902087210967184 accept=1
  MFCG: converged (OCA_FTOL: 8 outers < 1.0e-05 rel)
  MFCG: accepts=241 rejects=15 total_matvecs=5211 negcurv=1 cand_evals=256 mean_cg_per_outer=21.6
NUMERIC_REPAIR summary rebuilds=1 floor=6.4036938218746516e-07
  [retry-cache] builds=257 reuses=0
  [menu-backtrack] trials=132 rescues=129 evals=482 total_scored=738
POINT_SAFE summary calls=132 evals=131 wins=24 frozen=49685 seconds=1.5705824
  [scoring] menu_evals=256 alpha_evals=0 backtrack_evals=482 total_scored=738
RESULT algo=mfree_shifted_cg iters=241 final_cost=1655069.1456052228 solve_seconds=23.899637
DIAGNOSTICS median_reproj_err_px 2.704502 -> 0.528750 | cheirality_violations(obs) 751 -> 875 | cheirality_violations(pts, of 310854) 725 -> 790
