  [menu-backtrack] active=1 max_evals=8 warmup_accepts=3 confirm_stop=original armijo=1e-4
MIXED_STORAGE fragments=fp32 arithmetic=fp64 state=fp64 acceptance=fp64
  [compact-fragments] active=2 saved_bytes=36105992 storage=fp32 camera_reads=contiguous
  MFCG score_init=11152062.772762468 precision=fp64
PCG_PREP o=0 rebuild=1 drift=0 previous_depth=0
E2_CAP o=0 retry=0 touched=0 ncam=52 raw=3104.2454053620127 capped=3104.2454053620113 radius=3104.2454053620122 median=305.60028916264463 global_scale=1
ATTR_RADIUS o=0 raw_norm=3104.2454053620122 norm=3104.2454053620122 radius=3104.2454053620122 next_radius=6208.4908107240244 lambda=0.10000000000000001 next_lambda=0.025000000000000001 rho=0.99944779658081651 accept=1
CLASSICAL_LM o=0 lambda=0.10000000000000001 tau=0.10000000000000001 prediction=9052081.1126991734 rho=0.99944779658081651 accept=1
  MFCG it   1 cost=2.104980e+06 lam=2.500e-02 tau=0.00e+00 cg_it=1 shift=0 ckpt=2 alpha=0 acc mv=3
PCG_PREP o=1 rebuild=1 drift=0 previous_depth=2
E2_CAP o=1 retry=0 touched=0 ncam=52 raw=2676.9295338215434 capped=2676.9295338215434 radius=6208.4908107240244 median=291.23422265369732 global_scale=1
ATTR_RADIUS o=1 raw_norm=2676.9295338215429 norm=2676.9295338215429 radius=6208.4908107240244 next_radius=6208.4908107240244 lambda=0.025000000000000001 next_lambda=0.0025000000000000005 rho=0.99568870257701592 accept=1
CLASSICAL_LM o=1 lambda=0.025000000000000001 tau=0.025000000000000001 prediction=602145.25532400305 rho=0.99568870257701592 accept=1
  MFCG it   2 cost=1.505431e+06 lam=2.500e-03 tau=0.00e+00 cg_it=8 shift=0 ckpt=9 alpha=0 acc mv=13
PCG_PREP o=2 rebuild=1 drift=0 previous_depth=9
E2_CAP o=2 retry=0 touched=0 ncam=52 raw=9509.8885634199451 capped=9509.8885634199451 radius=6208.4908107240244 median=1110.7313800384152 global_scale=0.65284580038142193
ATTR_RADIUS o=2 raw_norm=9509.8885634199432 norm=6208.4908107240235 radius=6208.4908107240244 next_radius=12416.981621448049 lambda=0.0025000000000000005 next_lambda=0.00062500000000000012 rho=0.99792924443341768 accept=1
CLASSICAL_LM o=2 lambda=0.0025000000000000005 tau=0.0025000000000000005 prediction=368617.81415895664 rho=0.99792924443341768 accept=1
  MFCG it   3 cost=1.137577e+06 lam=6.250e-04 tau=0.00e+00 cg_it=4 shift=0 ckpt=5 alpha=0 acc mv=19
PCG_PREP o=3 rebuild=1 drift=0 previous_depth=5
E2_CAP o=3 retry=0 touched=0 ncam=52 raw=20705.323241873499 capped=20705.323241873499 radius=12416.981621448049 median=2217.6935035508277 global_scale=0.59969996490257704
ATTR_RADIUS o=3 raw_norm=20705.323241873499 norm=12416.981621448047 radius=12416.981621448049 next_radius=24833.963242896098 lambda=0.00062500000000000012 next_lambda=0.00015625000000000003 rho=1.0088692245356108 accept=1
CLASSICAL_LM o=3 lambda=0.00062500000000000012 tau=0.00062500000000000012 prediction=297877.17023040936 rho=1.0088692245356108 accept=1
  MFCG it   4 cost=8.370574e+05 lam=1.563e-04 tau=0.00e+00 cg_it=4 shift=0 ckpt=5 alpha=0 acc mv=25
PCG_PREP o=4 rebuild=1 drift=0 previous_depth=5
E2_CAP o=4 retry=0 touched=0 ncam=52 raw=37365.840330484913 capped=37365.840330484913 radius=24833.963242896098 median=4014.0561484765976 global_scale=0.66461674682678862
ATTR_RADIUS o=4 raw_norm=37365.840330484913 norm=24833.963242896098 radius=24833.963242896098 next_radius=49667.926485792195 lambda=0.00015625000000000003 next_lambda=3.9062500000000008e-05 rho=0.99302849863165943 accept=1
CLASSICAL_LM o=4 lambda=0.00015625000000000003 tau=0.00015625000000000003 prediction=325383.79332452005 rho=0.99302849863165943 accept=1
  MFCG it   5 cost=5.139420e+05 lam=3.906e-05 tau=0.00e+00 cg_it=7 shift=0 ckpt=8 alpha=0 acc mv=34
PCG_PREP o=5 rebuild=1 drift=0 previous_depth=8
E2_CAP o=5 retry=0 touched=0 ncam=52 raw=39475.240517881604 capped=39475.240517881604 radius=49667.926485792195 median=3441.7768911963285 global_scale=1
POINT_SAFE o=5 frozen=1976 slope=-351584.63193352293 candidate=362161.64651676361 original=379898.1413551271 current=513942.03589830757 won=1 mode=1 camera_scale=1 keep_scale=0
ATTR_RADIUS o=5 raw_norm=39475.240517881604 norm=39475.240517881604 radius=49667.926485792195 next_radius=49667.926485792195 lambda=3.9062500000000008e-05 next_lambda=3.9062500000000009e-06 rho=0.76575174115182354 accept=1
CLASSICAL_LM o=5 lambda=3.9062500000000008e-05 tau=3.9062500000000008e-05 prediction=198210.96214974311 rho=0.76575174115182354 accept=1
  MFCG it   6 cost=3.621616e+05 lam=3.906e-06 tau=0.00e+00 cg_it=7 shift=0 ckpt=8 alpha=0 acc mv=43
PCG_PREP o=6 rebuild=1 drift=0 previous_depth=8
E2_CAP o=6 retry=0 touched=1 ncam=52 raw=9202.2893133503894 capped=6324.1058266851869 radius=49667.926485792195 median=160.52376824425488 global_scale=1
POINT_SAFE o=6 frozen=32 slope=-155437.36871345743 candidate=290816.07589742285 original=312816.71111739601 current=362161.64651676361 won=1 mode=1 camera_scale=1 keep_scale=0
ATTR_RADIUS o=6 raw_norm=9202.2893133503894 norm=6324.1058266851869 radius=49667.926485792195 next_radius=49667.926485792195 lambda=3.9062500000000009e-06 next_lambda=3.9062500000000012e-07 rho=0.91910245063945695 accept=1
CLASSICAL_LM o=6 lambda=3.9062500000000009e-06 tau=3.9062500000000009e-06 prediction=77625.264267006074 rho=0.91910245063945695 accept=1
  MFCG it   7 cost=2.908161e+05 lam=3.906e-07 tau=0.00e+00 cg_it=0 shift=0 ckpt=1 alpha=0 acc mv=45
PCG_PREP o=7 rebuild=1 drift=0 previous_depth=1
E2_CAP o=7 retry=0 touched=2 ncam=52 raw=54669.869293258518 capped=25130.413338783965 radius=49667.926485792195 median=560.32075402430655 global_scale=1
POINT_SAFE o=7 frozen=141 slope=-39997.378352843501 candidate=295408.56367523759 original=284803.53032697481 current=290816.07589742285 won=0 mode=1 camera_scale=1 keep_scale=0
ATTR_RADIUS o=7 raw_norm=54669.869293258504 norm=12565.206669391982 radius=49667.926485792195 next_radius=49667.926485792195 lambda=3.9062500000000012e-07 next_lambda=3.9062500000000016e-08 rho=0.29172539719530549 accept=1
CLASSICAL_LM o=7 lambda=3.9062500000000012e-07 tau=3.9062500000000012e-07 prediction=20610.291830103288 rho=0.29172539719530549 accept=1
  MFCG it   8 cost=2.848035e+05 lam=3.906e-08 tau=0.00e+00 cg_it=5 shift=0 ckpt=6 alpha=0 acc mv=52
PCG_PREP o=8 rebuild=1 drift=0 previous_depth=6
E2_CAP o=8 retry=0 touched=2 ncam=52 raw=43460.858325237263 capped=9142.9034622176223 radius=49667.926485792195 median=200.38716992698392 global_scale=1
POINT_SAFE o=8 frozen=58 slope=-39281.825081135896 candidate=274952.33884497231 original=275669.51963541773 current=284803.53032697481 won=1 mode=1 camera_scale=1 keep_scale=0
ATTR_RADIUS o=8 raw_norm=43460.858325237255 norm=9142.9034622176223 radius=49667.926485792195 next_radius=49667.926485792195 lambda=3.9062500000000016e-08 next_lambda=3.9062500000000015e-09 rho=0.53724552748806664 accept=1
CLASSICAL_LM o=8 lambda=3.9062500000000016e-08 tau=3.9062500000000016e-08 prediction=18336.47927803608 rho=0.53724552748806664 accept=1
  MFCG it   9 cost=2.749523e+05 lam=3.906e-09 tau=0.00e+00 cg_it=1 shift=0 ckpt=2 alpha=0 acc mv=55
PCG_PREP o=9 rebuild=1 drift=0 previous_depth=2
E2_CAP o=9 retry=0 touched=2 ncam=52 raw=12234.586393824156 capped=1788.2923056698273 radius=49667.926485792195 median=38.389247702161548 global_scale=1
POINT_SAFE o=9 frozen=24 slope=-17241.109420813991 candidate=272820.7083832685 original=273565.30887780484 current=274952.33884497231 won=1 mode=1 camera_scale=1 keep_scale=0
ATTR_RADIUS o=9 raw_norm=12234.586393824158 norm=1788.2923056698269 radius=49667.926485792195 next_radius=12416.981621448049 lambda=3.9062500000000015e-09 next_lambda=6.2500000000000024e-08 rho=0.24984122128999259 accept=1
CLASSICAL_LM o=9 lambda=3.9062500000000015e-09 tau=3.9062500000000015e-09 prediction=8531.9406089102158 rho=0.24984122128999259 accept=1
  MFCG it  10 cost=2.728207e+05 lam=6.250e-08 tau=0.00e+00 cg_it=0 shift=0 ckpt=1 alpha=0 acc mv=57
PCG_PREP o=10 rebuild=1 drift=0 previous_depth=1
E2_CAP o=10 retry=0 touched=2 ncam=52 raw=13094.374850898135 capped=1333.403868142067 radius=12416.981621448049 median=29.152217976389228 global_scale=1
POINT_SAFE o=10 frozen=43 slope=-8619.3077357866769 candidate=271152.29437905707 original=272006.60091272148 current=272820.7083832685 won=1 mode=1 camera_scale=1 keep_scale=0
ATTR_RADIUS o=10 raw_norm=13094.374850898135 norm=1333.403868142067 radius=12416.981621448049 next_radius=12416.981621448049 lambda=6.2500000000000024e-08 next_lambda=6.250000000000003e-09 rho=0.38053398987184289 accept=1
CLASSICAL_LM o=10 lambda=6.2500000000000024e-08 tau=6.2500000000000024e-08 prediction=4384.4020471688291 rho=0.38053398987184289 accept=1
  MFCG it  11 cost=2.711523e+05 lam=6.250e-09 tau=0.00e+00 cg_it=0 shift=0 ckpt=1 alpha=0 acc mv=59
PCG_PREP o=11 rebuild=1 drift=0 previous_depth=1
E2_CAP o=11 retry=0 touched=2 ncam=52 raw=54042.389758140154 capped=4318.4301903856476 radius=12416.981621448049 median=94.226910718267007 global_scale=1
POINT_SAFE o=11 frozen=46 slope=-1732.4690920816174 candidate=274143.91157379746 original=271149.21836239158 current=271152.29437905707 won=0 mode=1 camera_scale=1 keep_scale=0
ATTR_RADIUS o=11 raw_norm=54042.389758140147 norm=4318.4301903856485 radius=12416.981621448049 next_radius=3104.2454053620122 lambda=6.250000000000003e-09 next_lambda=1.0000000000000005e-07 rho=0.00095563752284477264 accept=0
CLASSICAL_LM o=11 lambda=6.250000000000003e-09 tau=6.250000000000003e-09 prediction=3218.8110993567407 rho=0.00095563752284477264 accept=0
  MFCG it  12  retry 1/8  lam=1.000e-07 tau_eff=6.250e-09  (assembly reused)
PCG_PREP o=11 rebuild=1 drift=0 previous_depth=2
E2_CAP o=11 retry=1 touched=2 ncam=52 raw=52312.355407994044 capped=3798.2152152431399 radius=3104.2454053620122 median=83.157779280222513 global_scale=0.81729055081026947
POINT_SAFE o=11 frozen=27 slope=-2946.1895709408009 candidate=271212.21938967524 original=270482.50573265459 current=271152.29437905707 won=0 mode=1 camera_scale=1 keep_scale=0
ATTR_RADIUS o=11 raw_norm=52312.355407994059 norm=388.03067567025153 radius=3104.2454053620122 next_radius=776.06135134050305 lambda=1.0000000000000005e-07 next_lambda=1.6000000000000008e-06 rho=0.22515616151974813 accept=1
CLASSICAL_LM o=11 lambda=1.0000000000000005e-07 tau=1.0000000000000005e-07 prediction=2974.7737831448667 rho=0.22515616151974813 accept=1
  MFCG it  12 cost=2.704825e+05 lam=1.600e-06 tau=0.00e+00 cg_it=1 shift=0 ckpt=2 alpha=0 acc mv=65
PCG_PREP o=12 rebuild=1 drift=0 previous_depth=2
E2_CAP o=12 retry=0 touched=2 ncam=52 raw=33330.015607593552 capped=2659.2542567849291 radius=776.06135134050305 median=50.697576841709818 global_scale=0.29183420478144528
POINT_SAFE o=12 frozen=56 slope=-11635.536347807225 candidate=267123.98704803764 original=266168.52305039967 current=270482.50573265459 won=0 mode=1 camera_scale=1 keep_scale=0
ATTR_RADIUS o=12 raw_norm=33330.015607593559 norm=388.03067567025153 radius=776.06135134050305 next_radius=776.06135134050305 lambda=1.6000000000000008e-06 next_lambda=1.6000000000000008e-07 rho=0.70684972628378739 accept=1
CLASSICAL_LM o=12 lambda=1.6000000000000008e-06 tau=1.6000000000000008e-06 prediction=6103.111484438683 rho=0.70684972628378739 accept=1
  MFCG it  13 cost=2.661685e+05 lam=1.600e-07 tau=0.00e+00 cg_it=1 shift=0 ckpt=2 alpha=0 acc mv=68
PCG_PREP o=13 rebuild=1 drift=0 previous_depth=2
E2_CAP o=13 retry=0 touched=2 ncam=52 raw=49229.442439949773 capped=2928.9338259356414 radius=776.06135134050305 median=60.318791461325681 global_scale=0.26496377093551848
ATTR_RADIUS o=13 raw_norm=49229.442439949773 norm=776.06135134050294 radius=776.06135134050305 next_radius=776.06135134050305 lambda=1.6000000000000008e-07 next_lambda=1.6000000000000008e-07 rho=0.33644346147483584 accept=1
CLASSICAL_LM o=13 lambda=1.6000000000000008e-07 tau=1.6000000000000008e-07 prediction=4130.3724450430609 rho=0.33644346147483584 accept=1
  MFCG it  14 cost=2.647789e+05 lam=1.600e-07 tau=0.00e+00 cg_it=1 shift=0 ckpt=2 alpha=0 acc mv=71
PCG_PREP o=14 rebuild=1 drift=0 previous_depth=2
E2_CAP o=14 retry=0 touched=2 ncam=52 raw=52269.741315616557 capped=2123.2178390969116 radius=776.06135134050305 median=46.868044207880558 global_scale=0.36551188344884694
ATTR_RADIUS o=14 raw_norm=52269.741315616564 norm=776.06135134050294 radius=776.06135134050305 next_radius=1552.1227026810061 lambda=1.6000000000000008e-07 next_lambda=4.0000000000000021e-08 rho=0.80249144911401049 accept=1
CLASSICAL_LM o=14 lambda=1.6000000000000008e-07 tau=1.6000000000000008e-07 prediction=2501.0452993115109 rho=0.80249144911401049 accept=1
  MFCG it  15 cost=2.627718e+05 lam=4.000e-08 tau=0.00e+00 cg_it=1 shift=0 ckpt=2 alpha=0 acc mv=74
PCG_PREP o=15 rebuild=1 drift=0 previous_depth=2
E2_CAP o=15 retry=0 touched=2 ncam=52 raw=54705.190023724557 capped=1797.5230493599904 radius=1552.1227026810061 median=40.169371005392463 global_scale=0.86347860920817721
ATTR_RADIUS o=15 raw_norm=54705.19002372455 norm=1552.1227026810063 radius=1552.1227026810061 next_radius=3104.2454053620122 lambda=4.0000000000000021e-08 next_lambda=1.0000000000000005e-08 rho=0.78822343888999424 accept=1
CLASSICAL_LM o=15 lambda=4.0000000000000021e-08 tau=4.0000000000000021e-08 prediction=1047.7597771464066 rho=0.78822343888999424 accept=1
  MFCG it  16 cost=2.619459e+05 lam=1.000e-08 tau=0.00e+00 cg_it=1 shift=0 ckpt=2 alpha=0 acc mv=77
PCG_PREP o=16 rebuild=1 drift=0 previous_depth=2
E2_CAP o=16 retry=0 touched=2 ncam=52 raw=55767.837333083036 capped=1398.9751724225296 radius=3104.2454053620122 median=31.219759742960232 global_scale=1
ATTR_RADIUS o=16 raw_norm=55767.837333083036 norm=1398.9751724225293 radius=3104.2454053620122 next_radius=3104.2454053620122 lambda=1.0000000000000005e-08 next_lambda=1.0000000000000005e-09 rho=0.90732902044874619 accept=1
CLASSICAL_LM o=16 lambda=1.0000000000000005e-08 tau=1.0000000000000005e-08 prediction=671.40879789830547 rho=0.90732902044874619 accept=1
  MFCG it  17 cost=2.613368e+05 lam=1.000e-09 tau=0.00e+00 cg_it=1 shift=0 ckpt=2 alpha=0 acc mv=80
PCG_PREP o=17 rebuild=1 drift=0 previous_depth=2
E2_CAP o=17 retry=0 touched=2 ncam=52 raw=56179.908465832224 capped=1115.4340931221084 radius=3104.2454053620122 median=24.950483965728999 global_scale=1
ATTR_RADIUS o=17 raw_norm=56179.908465832224 norm=1115.4340931221086 radius=3104.2454053620122 next_radius=3104.2454053620122 lambda=1.0000000000000005e-09 next_lambda=1.0000000000000006e-10 rho=0.79387984415637358 accept=1
CLASSICAL_LM o=17 lambda=1.0000000000000005e-09 tau=1.0000000000000005e-09 prediction=367.34151894189574 rho=0.79387984415637358 accept=1
  MFCG it  18 cost=2.610451e+05 lam=1.000e-10 tau=0.00e+00 cg_it=1 shift=0 ckpt=2 alpha=0 acc mv=83
PCG_PREP o=18 rebuild=1 drift=0 previous_depth=2
E2_CAP o=18 retry=0 touched=2 ncam=52 raw=56653.853328218385 capped=654.82933195898374 radius=3104.2454053620122 median=14.203999445120802 global_scale=1
ATTR_RADIUS o=18 raw_norm=56653.853328218385 norm=654.82933195898374 radius=3104.2454053620122 next_radius=3104.2454053620122 lambda=1.0000000000000006e-10 next_lambda=1.0000000000000006e-11 rho=0.81705656162954599 accept=1
CLASSICAL_LM o=18 lambda=1.0000000000000006e-10 tau=1.0000000000000006e-10 prediction=242.91147058545343 rho=0.81705656162954599 accept=1
  MFCG it  19 cost=2.608467e+05 lam=1.000e-11 tau=0.00e+00 cg_it=1 shift=0 ckpt=2 alpha=0 acc mv=86
PCG_PREP o=19 rebuild=1 drift=0 previous_depth=2
E2_CAP o=19 retry=0 touched=2 ncam=52 raw=56722.502075507939 capped=804.5604539539662 radius=3104.2454053620122 median=17.757915468367173 global_scale=1
POINT_SAFE o=19 frozen=57 slope=-283.32946846380975 candidate=260684.48702834771 original=260731.48184680741 current=260846.66384092745 won=1 mode=1 camera_scale=1 keep_scale=0
ATTR_RADIUS o=19 raw_norm=56722.502075507931 norm=804.5604539539662 radius=3104.2454053620122 next_radius=3104.2454053620122 lambda=1.0000000000000006e-11 next_lambda=1.0000000000000006e-12 rho=0.80988947884666507 accept=1
CLASSICAL_LM o=19 lambda=1.0000000000000006e-11 tau=1.0000000000000006e-11 prediction=200.24560982158846 rho=0.80988947884666507 accept=1
  MFCG it  20 cost=2.606845e+05 lam=1.000e-12 tau=0.00e+00 cg_it=1 shift=0 ckpt=2 alpha=0 acc mv=89
PCG_PREP o=20 rebuild=1 drift=0 previous_depth=2
E2_CAP o=20 retry=0 touched=2 ncam=52 raw=56797.877559970817 capped=553.02124335809287 radius=3104.2454053620122 median=11.410819802904399 global_scale=1
ATTR_RADIUS o=20 raw_norm=56797.87755997081 norm=553.02124335809276 radius=3104.2454053620122 next_radius=3104.2454053620122 lambda=1.0000000000000006e-12 next_lambda=1.0000000000000007e-13 rho=0.84782900978989373 accept=1
CLASSICAL_LM o=20 lambda=1.0000000000000006e-12 tau=1.0000000000000006e-12 prediction=167.56486064942561 rho=0.84782900978989373 accept=1
  MFCG it  21 cost=2.605424e+05 lam=1.000e-13 tau=0.00e+00 cg_it=1 shift=0 ckpt=2 alpha=0 acc mv=92
PCG_PREP o=21 rebuild=1 drift=0 previous_depth=2
E2_CAP o=21 retry=0 touched=2 ncam=52 raw=56862.463887123733 capped=604.38893105333045 radius=3104.2454053620122 median=12.269783981975909 global_scale=1
POINT_SAFE o=21 frozen=93 slope=-211.5849644963964 candidate=260499.76962961894 original=260473.36092484597 current=260542.42067846772 won=0 mode=1 camera_scale=1 keep_scale=0
ATTR_RADIUS o=21 raw_norm=56862.463887123726 norm=302.19446552666534 radius=3104.2454053620122 next_radius=3104.2454053620122 lambda=1.0000000000000007e-13 next_lambda=1.0000000000000008e-14 rho=0.71786652537780715 accept=1
CLASSICAL_LM o=21 lambda=1.0000000000000007e-13 tau=1.0000000000000007e-13 prediction=96.201384491926547 rho=0.71786652537780715 accept=1
  MFCG it  22 cost=2.604734e+05 lam=1.000e-14 tau=0.00e+00 cg_it=1 shift=0 ckpt=2 alpha=0 acc mv=95
PCG_PREP o=22 rebuild=1 drift=0 previous_depth=2
E2_CAP o=22 retry=0 touched=2 ncam=52 raw=57362.246976485156 capped=270.72953671984317 radius=3104.2454053620122 median=5.9745205666452659 global_scale=1
ATTR_RADIUS o=22 raw_norm=57362.246976485141 norm=270.72953671984317 radius=3104.2454053620122 next_radius=3104.2454053620122 lambda=1.0000000000000008e-14 next_lambda=1.0000000000000009e-15 rho=0.75149020403769107 accept=1
CLASSICAL_LM o=22 lambda=1.0000000000000008e-14 tau=1.0000000000000008e-14 prediction=90.06795909176995 rho=0.75149020403769107 accept=1
  MFCG it  23 cost=2.604057e+05 lam=1.000e-15 tau=0.00e+00 cg_it=1 shift=0 ckpt=2 alpha=0 acc mv=98
PCG_PREP o=23 rebuild=1 drift=0 previous_depth=2
E2_CAP o=23 retry=0 touched=2 ncam=52 raw=57388.478405474292 capped=339.91971577408555 radius=3104.2454053620122 median=7.5667510370838311 global_scale=1
ATTR_RADIUS o=23 raw_norm=57388.4784054743 norm=339.91971577408555 radius=3104.2454053620122 next_radius=3104.2454053620122 lambda=1.0000000000000009e-15 next_lambda=1.000000000000001e-16 rho=0.63019419029314294 accept=1
CLASSICAL_LM o=23 lambda=1.0000000000000009e-15 tau=1.0000000000000009e-15 prediction=89.360338221684813 rho=0.63019419029314294 accept=1
  MFCG it  24 cost=2.603494e+05 lam=1.000e-16 tau=0.00e+00 cg_it=1 shift=0 ckpt=2 alpha=0 acc mv=101
PCG_PREP o=24 rebuild=1 drift=0 previous_depth=2
E2_CAP o=24 retry=0 touched=3 ncam=52 raw=58665.741919733489 capped=319.3099461132532 radius=3104.2454053620122 median=5.7119033493686899 global_scale=1
POINT_SAFE o=24 frozen=10 slope=-144.41255203754793 candidate=260369.82768143975 original=260347.46336231523 current=260349.3613699009 won=0 mode=1 camera_scale=1 keep_scale=0
ATTR_RADIUS o=24 raw_norm=58665.741919733489 norm=319.3099461132532 radius=3104.2454053620122 next_radius=776.06135134050305 lambda=1.000000000000001e-16 next_lambda=1.6000000000000015e-15 rho=-1 accept=0
CLASSICAL_LM o=24 lambda=1.000000000000001e-16 tau=1.000000000000001e-16 prediction=-31.170741439124839 rho=-1 accept=0
  MFCG it  25  retry 1/8  lam=1.600e-15 tau_eff=1.000e-16  (assembly reused)
PCG_PREP o=24 rebuild=1 drift=0 previous_depth=2
E2_CAP o=24 retry=1 touched=2 ncam=52 raw=57456.544084521818 capped=268.01780019224174 radius=776.06135134050305 median=5.5750803385175267 global_scale=1
ATTR_RADIUS o=24 raw_norm=57456.544084521804 norm=268.01780019224179 radius=776.06135134050305 next_radius=776.06135134050305 lambda=1.6000000000000015e-15 next_lambda=1.6000000000000016e-16 rho=0.6474146551902108 accept=1
CLASSICAL_LM o=24 lambda=1.6000000000000015e-15 tau=1.6000000000000015e-15 prediction=83.714067076548019 rho=0.6474146551902108 accept=1
  MFCG it  25 cost=2.602952e+05 lam=1.600e-16 tau=0.00e+00 cg_it=1 shift=0 ckpt=2 alpha=0 acc mv=107
PCG_PREP o=25 rebuild=1 drift=0 previous_depth=2
E2_CAP o=25 retry=0 touched=2 ncam=52 raw=57497.135766683212 capped=288.10483136974489 radius=776.06135134050305 median=5.9187656165712532 global_scale=1
ATTR_RADIUS o=25 raw_norm=57497.135766683212 norm=288.10483136974483 radius=776.06135134050305 next_radius=776.06135134050305 lambda=1.6000000000000016e-16 next_lambda=9.9999999999999998e-17 rho=0.6857483652456392 accept=1
CLASSICAL_LM o=25 lambda=1.6000000000000016e-16 tau=1.6000000000000016e-16 prediction=64.640054899302854 rho=0.6857483652456392 accept=1
  MFCG it  26 cost=2.602508e+05 lam=1.000e-16 tau=0.00e+00 cg_it=1 shift=0 ckpt=2 alpha=0 acc mv=110
PCG_PREP o=26 rebuild=1 drift=0 previous_depth=2
E2_CAP o=26 retry=0 touched=3 ncam=52 raw=69314.002246882024 capped=394.05184632788411 radius=776.06135134050305 median=6.9507594121752332 global_scale=1
POINT_SAFE o=26 frozen=27 slope=-123.24842438903218 candidate=260283.10045141901 original=260247.35979705726 current=260250.83684405338 won=0 mode=1 camera_scale=1 keep_scale=0
ATTR_RADIUS o=26 raw_norm=69314.002246882053 norm=394.05184632788416 radius=776.06135134050305 next_radius=194.01533783512576 lambda=9.9999999999999998e-17 next_lambda=1.6e-15 rho=-1 accept=0
CLASSICAL_LM o=26 lambda=9.9999999999999998e-17 tau=9.9999999999999998e-17 prediction=-7.2813879749146224 rho=-1 accept=0
  MFCG it  27  retry 1/8  lam=1.600e-15 tau_eff=1.000e-16  (assembly reused)
PCG_PREP o=26 rebuild=1 drift=0 previous_depth=2
E2_CAP o=26 retry=1 touched=3 ncam=52 raw=57456.506773491914 capped=255.76393436530057 radius=194.01533783512576 median=4.6599333136723811 global_scale=0.75857191639075672
ATTR_RADIUS o=26 raw_norm=57456.506773491921 norm=194.01533783512573 radius=194.01533783512576 next_radius=194.01533783512576 lambda=1.6e-15 next_lambda=1.6e-15 rho=0.47798053089971337 accept=1
CLASSICAL_LM o=26 lambda=1.6e-15 tau=1.6e-15 prediction=67.976473440045964 rho=0.47798053089971337 accept=1
  MFCG it  27 cost=2.602183e+05 lam=1.600e-15 tau=0.00e+00 cg_it=1 shift=0 ckpt=2 alpha=0 acc mv=116
PCG_PREP o=27 rebuild=1 drift=0 previous_depth=2
E2_CAP o=27 retry=0 touched=2 ncam=52 raw=57618.921527659804 capped=195.30712969927026 radius=194.01533783512576 median=4.3324376038688834 global_scale=0.99338584379313966
ATTR_RADIUS o=27 raw_norm=57618.92152765979 norm=194.01533783512573 radius=194.01533783512576 next_radius=194.01533783512576 lambda=1.6e-15 next_lambda=1.6e-15 rho=0.53835476341993183 accept=1
CLASSICAL_LM o=27 lambda=1.6e-15 tau=1.6e-15 prediction=71.496658484763657 rho=0.53835476341993183 accept=1
  MFCG it  28 cost=2.601799e+05 lam=1.600e-15 tau=0.00e+00 cg_it=1 shift=0 ckpt=2 alpha=0 acc mv=119
PCG_PREP o=28 rebuild=1 drift=0 previous_depth=2
E2_CAP o=28 retry=0 touched=2 ncam=52 raw=57658.576602476016 capped=189.05534451139667 radius=194.01533783512576 median=4.0998230034615251 global_scale=1
ATTR_RADIUS o=28 raw_norm=57658.576602476016 norm=189.05534451139658 radius=194.01533783512576 next_radius=194.01533783512576 lambda=1.6e-15 next_lambda=1.6e-15 rho=0.40035712669719337 accept=1
CLASSICAL_LM o=28 lambda=1.6e-15 tau=1.6e-15 prediction=64.09078852642196 rho=0.40035712669719337 accept=1
  MFCG it  29 cost=2.601542e+05 lam=1.600e-15 tau=0.00e+00 cg_it=1 shift=0 ckpt=2 alpha=0 acc mv=122
PCG_PREP o=29 rebuild=1 drift=0 previous_depth=2
E2_CAP o=29 retry=0 touched=2 ncam=52 raw=57683.571332014755 capped=228.91335496268886 radius=194.01533783512576 median=5.1223152529180753 global_scale=0.84754923043589481
ATTR_RADIUS o=29 raw_norm=57683.571332014777 norm=194.01533783512582 radius=194.01533783512576 next_radius=194.01533783512576 lambda=1.6e-15 next_lambda=1.6e-15 rho=0.50802408985950043 accept=1
CLASSICAL_LM o=29 lambda=1.6e-15 tau=1.6e-15 prediction=72.498813685557764 rho=0.50802408985950043 accept=1
  MFCG it  30 cost=2.601174e+05 lam=1.600e-15 tau=0.00e+00 cg_it=1 shift=0 ckpt=2 alpha=0 acc mv=125
PCG_PREP o=30 rebuild=1 drift=0 previous_depth=2
E2_CAP o=30 retry=0 touched=2 ncam=52 raw=57808.926979295968 capped=174.33512376109914 radius=194.01533783512576 median=3.730225605761003 global_scale=1
ATTR_RADIUS o=30 raw_norm=57808.926979295968 norm=174.3351237610992 radius=194.01533783512576 next_radius=194.01533783512576 lambda=1.6e-15 next_lambda=1.6e-15 rho=0.4176865036973475 accept=1
CLASSICAL_LM o=30 lambda=1.6e-15 tau=1.6e-15 prediction=62.517074301119941 rho=0.4176865036973475 accept=1
  MFCG it  31 cost=2.600913e+05 lam=1.600e-15 tau=0.00e+00 cg_it=1 shift=0 ckpt=2 alpha=0 acc mv=128
PCG_PREP o=31 rebuild=1 drift=0 previous_depth=2
NUMERIC_REPAIR o=31 lambda=1.6e-15 rayleigh=-1.0779083122364368e-05 next_lambda=4.3116332495857472e-05 cg=1 rebuild=1
PCG_PREP o=31 rebuild=1 drift=0 previous_depth=1
E2_CAP o=31 retry=0 touched=2 ncam=52 raw=2719.3561069230186 capped=213.09006190372281 radius=194.01533783512576 median=4.7517673849059427 global_scale=0.91048515403212338
ATTR_RADIUS o=31 raw_norm=2719.3561069230191 norm=194.01533783512576 radius=194.01533783512576 next_radius=388.03067567025153 lambda=4.3116332495857472e-05 next_lambda=4.3116332495857472e-05 rho=0.99444508113725028 accept=1
CLASSICAL_LM o=31 lambda=4.3116332495857472e-05 tau=4.3116332495857472e-05 prediction=214.12817337049063 rho=0.99444508113725028 accept=1
  MFCG it  32 cost=2.598783e+05 lam=4.312e-05 tau=0.00e+00 cg_it=0 shift=0 ckpt=1 alpha=0 acc mv=132
PCG_PREP o=32 rebuild=1 drift=0 previous_depth=1
E2_CAP o=32 retry=0 touched=2 ncam=52 raw=2756.9792573206705 capped=92.368486530200471 radius=388.03067567025153 median=1.9309485120386911 global_scale=1
ATTR_RADIUS o=32 raw_norm=2756.979257320671 norm=92.368486530200457 radius=388.03067567025153 next_radius=388.03067567025153 lambda=4.3116332495857472e-05 next_lambda=4.3116332495857472e-05 rho=0.99751792937804451 accept=1
CLASSICAL_LM o=32 lambda=4.3116332495857472e-05 tau=4.3116332495857472e-05 prediction=64.79169645389068 rho=0.99751792937804451 accept=1
  MFCG it  33 cost=2.598137e+05 lam=4.312e-05 tau=0.00e+00 cg_it=0 shift=0 ckpt=1 alpha=0 acc mv=134
PCG_PREP o=33 rebuild=1 drift=0 previous_depth=1
E2_CAP o=33 retry=0 touched=2 ncam=52 raw=2777.4283632364145 capped=94.069830125400216 radius=388.03067567025153 median=2.0547627107267159 global_scale=1
ATTR_RADIUS o=33 raw_norm=2777.428363236415 norm=94.069830125400216 radius=388.03067567025153 next_radius=388.03067567025153 lambda=4.3116332495857472e-05 next_lambda=4.3116332495857472e-05 rho=0.99702231901999117 accept=1
CLASSICAL_LM o=33 lambda=4.3116332495857472e-05 tau=4.3116332495857472e-05 prediction=58.826266665759938 rho=0.99702231901999117 accept=1
  MFCG it  34 cost=2.597550e+05 lam=4.312e-05 tau=0.00e+00 cg_it=0 shift=0 ckpt=1 alpha=0 acc mv=136
PCG_PREP o=34 rebuild=1 drift=0 previous_depth=1
E2_CAP o=34 retry=0 touched=2 ncam=52 raw=2798.6956403480995 capped=97.398625689147977 radius=388.03067567025153 median=2.1690353466808965 global_scale=1
ATTR_RADIUS o=34 raw_norm=2798.6956403480995 norm=97.398625689147977 radius=388.03067567025153 next_radius=388.03067567025153 lambda=4.3116332495857472e-05 next_lambda=4.3116332495857472e-05 rho=0.99668146943187097 accept=1
CLASSICAL_LM o=34 lambda=4.3116332495857472e-05 tau=4.3116332495857472e-05 prediction=55.100288497563483 rho=0.99668146943187097 accept=1
  MFCG it  35 cost=2.597001e+05 lam=4.312e-05 tau=0.00e+00 cg_it=0 shift=0 ckpt=1 alpha=0 acc mv=138
PCG_PREP o=35 rebuild=1 drift=0 previous_depth=1
E2_CAP o=35 retry=0 touched=2 ncam=52 raw=2820.6176012109936 capped=95.930828116268316 radius=388.03067567025153 median=2.1520188736544759 global_scale=1
ATTR_RADIUS o=35 raw_norm=2820.6176012109945 norm=95.930828116268358 radius=388.03067567025153 next_radius=388.03067567025153 lambda=4.3116332495857472e-05 next_lambda=4.3116332495857472e-05 rho=0.99662316037943988 accept=1
CLASSICAL_LM o=35 lambda=4.3116332495857472e-05 tau=4.3116332495857472e-05 prediction=49.836787666983078 rho=0.99662316037943988 accept=1
  MFCG it  36 cost=2.596504e+05 lam=4.312e-05 tau=0.00e+00 cg_it=0 shift=0 ckpt=1 alpha=0 acc mv=140
PCG_PREP o=36 rebuild=1 drift=0 previous_depth=1
E2_CAP o=36 retry=0 touched=2 ncam=52 raw=2842.2558965463645 capped=91.755916038988644 radius=388.03067567025153 median=2.064908469073341 global_scale=1
ATTR_RADIUS o=36 raw_norm=2842.2558965463645 norm=91.755916038988644 radius=388.03067567025153 next_radius=388.03067567025153 lambda=4.3116332495857472e-05 next_lambda=4.3116332495857472e-05 rho=0.99672074855251747 accept=1
CLASSICAL_LM o=36 lambda=4.3116332495857472e-05 tau=4.3116332495857472e-05 prediction=44.360939805802673 rho=0.99672074855251747 accept=1
  MFCG it  37 cost=2.596062e+05 lam=4.312e-05 tau=0.00e+00 cg_it=0 shift=0 ckpt=1 alpha=0 acc mv=142
PCG_PREP o=37 rebuild=1 drift=0 previous_depth=1
E2_CAP o=37 retry=0 touched=2 ncam=52 raw=2863.0687981097967 capped=87.77157189681013 radius=388.03067567025153 median=1.9809412208892998 global_scale=1
ATTR_RADIUS o=37 raw_norm=2863.0687981097963 norm=87.77157189681013 radius=388.03067567025153 next_radius=388.03067567025153 lambda=4.3116332495857472e-05 next_lambda=4.3116332495857472e-05 rho=0.99683162201044939 accept=1
CLASSICAL_LM o=37 lambda=4.3116332495857472e-05 tau=4.3116332495857472e-05 prediction=39.863325476391289 rho=0.99683162201044939 accept=1
  MFCG it  38 cost=2.595665e+05 lam=4.312e-05 tau=0.00e+00 cg_it=0 shift=0 ckpt=1 alpha=0 acc mv=144
PCG_PREP o=38 rebuild=1 drift=0 previous_depth=1
E2_CAP o=38 retry=0 touched=2 ncam=52 raw=2883.0222919877733 capped=92.061437019906364 radius=388.03067567025153 median=2.0979123231856893 global_scale=1
ATTR_RADIUS o=38 raw_norm=2883.0222919877738 norm=92.061437019906379 radius=388.03067567025153 next_radius=388.03067567025153 lambda=4.3116332495857472e-05 next_lambda=4.3116332495857472e-05 rho=0.99658694791015601 accept=1
CLASSICAL_LM o=38 lambda=4.3116332495857472e-05 tau=4.3116332495857472e-05 prediction=39.246711572020104 rho=0.99658694791015601 accept=1
  MFCG it  39 cost=2.595274e+05 lam=4.312e-05 tau=0.00e+00 cg_it=0 shift=0 ckpt=1 alpha=0 acc mv=146
PCG_PREP o=39 rebuild=1 drift=0 previous_depth=1
E2_CAP o=39 retry=0 touched=2 ncam=52 raw=2903.3347476863805 capped=91.892873216889726 radius=388.03067567025153 median=2.1031342822496475 global_scale=1
ATTR_RADIUS o=39 raw_norm=2903.3347476863814 norm=91.892873216889768 radius=388.03067567025153 next_radius=388.03067567025153 lambda=4.3116332495857472e-05 next_lambda=4.3116332495857472e-05 rho=0.996562708122814 accept=1
CLASSICAL_LM o=39 lambda=4.3116332495857472e-05 tau=4.3116332495857472e-05 prediction=37.001506304346393 rho=0.996562708122814 accept=1
  MFCG it  40 cost=2.594905e+05 lam=4.312e-05 tau=0.00e+00 cg_it=0 shift=0 ckpt=1 alpha=0 acc mv=148
PCG_PREP o=40 rebuild=1 drift=0 previous_depth=1
E2_CAP o=40 retry=0 touched=2 ncam=52 raw=2923.2221029475195 capped=90.121392334510773 radius=388.03067567025153 median=2.0681204709910199 global_scale=1
ATTR_RADIUS o=40 raw_norm=2923.2221029475199 norm=90.121392334510787 radius=388.03067567025153 next_radius=388.03067567025153 lambda=4.3116332495857472e-05 next_lambda=4.3116332495857472e-05 rho=0.99661876533938232 accept=1
CLASSICAL_LM o=40 lambda=4.3116332495857472e-05 tau=4.3116332495857472e-05 prediction=34.460647685944636 rho=0.99661876533938232 accept=1
  MFCG it  41 cost=2.594562e+05 lam=4.312e-05 tau=0.00e+00 cg_it=0 shift=0 ckpt=1 alpha=0 acc mv=150
PCG_PREP o=41 rebuild=1 drift=0 previous_depth=1
E2_CAP o=41 retry=0 touched=2 ncam=52 raw=2942.3741431649746 capped=91.62484971305652 radius=388.03067567025153 median=2.1111966214772391 global_scale=1
ATTR_RADIUS o=41 raw_norm=2942.3741431649746 norm=91.624849713056491 radius=388.03067567025153 next_radius=388.03067567025153 lambda=4.3116332495857472e-05 next_lambda=4.3116332495857472e-05 rho=0.99654022594026825 accept=1
CLASSICAL_LM o=41 lambda=4.3116332495857472e-05 tau=4.3116332495857472e-05 prediction=33.313902169885296 rho=0.99654022594026825 accept=1
  MFCG it  42 cost=2.594230e+05 lam=4.312e-05 tau=0.00e+00 cg_it=0 shift=0 ckpt=1 alpha=0 acc mv=152
PCG_PREP o=42 rebuild=1 drift=0 previous_depth=1
E2_CAP o=42 retry=0 touched=2 ncam=52 raw=2961.2146778943629 capped=91.172674401352282 radius=388.03067567025153 median=2.1059465333568181 global_scale=1
ATTR_RADIUS o=42 raw_norm=2961.2146778943638 norm=91.172674401352282 radius=388.03067567025153 next_radius=388.03067567025153 lambda=4.3116332495857472e-05 next_lambda=4.3116332495857472e-05 rho=0.99655787475286017 accept=1
CLASSICAL_LM o=42 lambda=4.3116332495857472e-05 tau=4.3116332495857472e-05 prediction=31.645185123269922 rho=0.99655787475286017 accept=1
  MFCG it  43 cost=2.593914e+05 lam=4.312e-05 tau=0.00e+00 cg_it=0 shift=0 ckpt=1 alpha=0 acc mv=154
PCG_PREP o=43 rebuild=1 drift=0 previous_depth=1
E2_CAP o=43 retry=0 touched=2 ncam=52 raw=2979.4021286252396 capped=88.533992507852489 radius=388.03067567025153 median=2.0474465325598876 global_scale=1
ATTR_RADIUS o=43 raw_norm=2979.4021286252382 norm=88.533992507852489 radius=388.03067567025153 next_radius=388.03067567025153 lambda=4.3116332495857472e-05 next_lambda=4.3116332495857472e-05 rho=0.99667431359791614 accept=1
CLASSICAL_LM o=43 lambda=4.3116332495857472e-05 tau=4.3116332495857472e-05 prediction=29.46863067452453 rho=0.99667431359791614 accept=1
  MFCG it  44 cost=2.593621e+05 lam=4.312e-05 tau=0.00e+00 cg_it=0 shift=0 ckpt=1 alpha=0 acc mv=156
PCG_PREP o=44 rebuild=1 drift=0 previous_depth=1
E2_CAP o=44 retry=0 touched=2 ncam=52 raw=2996.6049868464597 capped=85.079182547396115 radius=388.03067567025153 median=1.9689183766793066 global_scale=1
ATTR_RADIUS o=44 raw_norm=2996.6049868464597 norm=85.079182547396115 radius=388.03067567025153 next_radius=388.03067567025153 lambda=4.3116332495857472e-05 next_lambda=4.3116332495857472e-05 rho=0.99682730574776457 accept=1
CLASSICAL_LM o=44 lambda=4.3116332495857472e-05 tau=4.3116332495857472e-05 prediction=27.26319971729313 rho=0.99682730574776457 accept=1
  MFCG it  45 cost=2.593349e+05 lam=4.312e-05 tau=0.00e+00 cg_it=0 shift=0 ckpt=1 alpha=0 acc mv=158
PCG_PREP o=45 rebuild=1 drift=0 previous_depth=1
E2_CAP o=45 retry=0 touched=2 ncam=52 raw=3012.7189587047051 capped=79.554190791929926 radius=388.03067567025153 median=1.8403375690804906 global_scale=1
ATTR_RADIUS o=45 raw_norm=3012.7189587047046 norm=79.55419079192994 radius=388.03067567025153 next_radius=388.03067567025153 lambda=4.3116332495857472e-05 next_lambda=4.3116332495857472e-05 rho=0.99706719051509196 accept=1
CLASSICAL_LM o=45 lambda=4.3116332495857472e-05 tau=4.3116332495857472e-05 prediction=24.660446182680854 rho=0.99706719051509196 accept=1
  MFCG it  46 cost=2.593103e+05 lam=4.312e-05 tau=0.00e+00 cg_it=0 shift=0 ckpt=1 alpha=0 acc mv=160
PCG_PREP o=46 rebuild=1 drift=0 previous_depth=1
E2_CAP o=46 retry=0 touched=2 ncam=52 raw=3027.5064171634062 capped=75.170865790699921 radius=388.03067567025153 median=1.7388737187704228 global_scale=1
ATTR_RADIUS o=46 raw_norm=3027.5064171634067 norm=75.170865790699921 radius=388.03067567025153 next_radius=388.03067567025153 lambda=4.3116332495857472e-05 next_lambda=4.3116332495857472e-05 rho=0.9972570202080534 accept=1
CLASSICAL_LM o=46 lambda=4.3116332495857472e-05 tau=4.3116332495857472e-05 prediction=22.600473187246351 rho=0.9972570202080534 accept=1
  MFCG it  47 cost=2.592878e+05 lam=4.312e-05 tau=0.00e+00 cg_it=0 shift=0 ckpt=1 alpha=0 acc mv=162
PCG_PREP o=47 rebuild=1 drift=0 previous_depth=1
E2_CAP o=47 retry=0 touched=2 ncam=52 raw=3041.1644786304628 capped=73.607795349889216 radius=388.03067567025153 median=1.7047957549453394 global_scale=1
ATTR_RADIUS o=47 raw_norm=3041.1644786304623 norm=73.607795349889201 radius=388.03067567025153 next_radius=388.03067567025153 lambda=4.3116332495857472e-05 next_lambda=4.3116332495857472e-05 rho=0.99733181089799505 accept=1
CLASSICAL_LM o=47 lambda=4.3116332495857472e-05 tau=4.3116332495857472e-05 prediction=21.477329093459737 rho=0.99733181089799505 accept=1
  MFCG it  48 cost=2.592663e+05 lam=4.312e-05 tau=0.00e+00 cg_it=0 shift=0 ckpt=1 alpha=0 acc mv=164
PCG_PREP o=48 rebuild=1 drift=0 previous_depth=1
E2_CAP o=48 retry=0 touched=2 ncam=52 raw=3054.0725543376516 capped=72.404342824302219 radius=388.03067567025153 median=1.6789633270758952 global_scale=1
ATTR_RADIUS o=48 raw_norm=3054.0725543376516 norm=72.404342824302233 radius=388.03067567025153 next_radius=388.03067567025153 lambda=4.3116332495857472e-05 next_lambda=4.3116332495857472e-05 rho=0.99739509467045551 accept=1
CLASSICAL_LM o=48 lambda=4.3116332495857472e-05 tau=4.3116332495857472e-05 prediction=20.532610232843638 rho=0.99739509467045551 accept=1
  MFCG it  49 cost=2.592459e+05 lam=4.312e-05 tau=0.00e+00 cg_it=0 shift=0 ckpt=1 alpha=0 acc mv=166
PCG_PREP o=49 rebuild=1 drift=0 previous_depth=1
E2_CAP o=49 retry=0 touched=2 ncam=52 raw=3066.2855314940934 capped=70.31869434792516 radius=388.03067567025153 median=1.6316954625790123 global_scale=1
ATTR_RADIUS o=49 raw_norm=3066.2855314940912 norm=70.318694347925145 radius=388.03067567025153 next_radius=388.03067567025153 lambda=4.3116332495857472e-05 next_lambda=4.3116332495857472e-05 rho=0.99749416758402287 accept=1
CLASSICAL_LM o=49 lambda=4.3116332495857472e-05 tau=4.3116332495857472e-05 prediction=19.422383226907474 rho=0.99749416758402287 accept=1
  MFCG it  50 cost=2.592265e+05 lam=4.312e-05 tau=0.00e+00 cg_it=0 shift=0 ckpt=1 alpha=0 acc mv=168
PCG_PREP o=50 rebuild=1 drift=0 previous_depth=1
E2_CAP o=50 retry=0 touched=2 ncam=52 raw=3077.718458044239 capped=65.87337099551884 radius=388.03067567025153 median=1.5277129284767774 global_scale=1
ATTR_RADIUS o=50 raw_norm=3077.7184580442386 norm=65.87337099551884 radius=388.03067567025153 next_radius=388.03067567025153 lambda=4.3116332495857472e-05 next_lambda=4.3116332495857472e-05 rho=0.99768378548371051 accept=1
CLASSICAL_LM o=50 lambda=4.3116332495857472e-05 tau=4.3116332495857472e-05 prediction=17.779761919989621 rho=0.99768378548371051 accept=1
  MFCG it  51 cost=2.592087e+05 lam=4.312e-05 tau=0.00e+00 cg_it=0 shift=0 ckpt=1 alpha=0 acc mv=170
PCG_PREP o=51 rebuild=1 drift=0 previous_depth=1
E2_CAP o=51 retry=0 touched=2 ncam=52 raw=3088.15273868041 capped=63.090116657812167 radius=388.03067567025153 median=1.4633774156436301 global_scale=1
ATTR_RADIUS o=51 raw_norm=3088.1527386804087 norm=63.090116657812182 radius=388.03067567025153 next_radius=388.03067567025153 lambda=4.3116332495857472e-05 next_lambda=4.3116332495857472e-05 rho=0.99780447924112048 accept=1
CLASSICAL_LM o=51 lambda=4.3116332495857472e-05 tau=4.3116332495857472e-05 prediction=16.657244117821023 rho=0.99780447924112048 accept=1
  MFCG it  52 cost=2.591921e+05 lam=4.312e-05 tau=0.00e+00 cg_it=0 shift=0 ckpt=1 alpha=0 acc mv=172
PCG_PREP o=52 rebuild=1 drift=0 previous_depth=1
E2_CAP o=52 retry=0 touched=2 ncam=52 raw=3097.8192544644608 capped=59.343455655695855 radius=388.03067567025153 median=1.3757838342077513 global_scale=1
ATTR_RADIUS o=52 raw_norm=3097.8192544644598 norm=59.343455655695848 radius=388.03067567025153 next_radius=388.03067567025153 lambda=4.3116332495857472e-05 next_lambda=4.3116332495857472e-05 rho=0.99796118364492414 accept=1
CLASSICAL_LM o=52 lambda=4.3116332495857472e-05 tau=4.3116332495857472e-05 prediction=15.360575997571516 rho=0.99796118364492414 accept=1
  MFCG it  53 cost=2.591768e+05 lam=4.312e-05 tau=0.00e+00 cg_it=0 shift=0 ckpt=1 alpha=0 acc mv=174
PCG_PREP o=53 rebuild=1 drift=0 previous_depth=1
E2_CAP o=53 retry=0 touched=2 ncam=52 raw=3106.6635088103767 capped=56.784310613680574 radius=388.03067567025153 median=1.3164907417146465 global_scale=1
ATTR_RADIUS o=53 raw_norm=3106.6635088103776 norm=56.784310613680582 radius=388.03067567025153 next_radius=388.03067567025153 lambda=4.3116332495857472e-05 next_lambda=4.3116332495857472e-05 rho=0.99806964475366167 accept=1
CLASSICAL_LM o=53 lambda=4.3116332495857472e-05 tau=4.3116332495857472e-05 prediction=14.422793135265335 rho=0.99806964475366167 accept=1
  MFCG it  54 cost=2.591624e+05 lam=4.312e-05 tau=0.00e+00 cg_it=0 shift=0 ckpt=1 alpha=0 acc mv=176
PCG_PREP o=54 rebuild=1 drift=0 previous_depth=1
E2_CAP o=54 retry=0 touched=2 ncam=52 raw=3114.8519637915688 capped=54.347771261189315 radius=388.03067567025153 median=1.2599804380900426 global_scale=1
ATTR_RADIUS o=54 raw_norm=3114.8519637915688 norm=54.34777126118933 radius=388.03067567025153 next_radius=388.03067567025153 lambda=4.3116332495857472e-05 next_lambda=4.3116332495857472e-05 rho=0.99817262094505854 accept=1
CLASSICAL_LM o=54 lambda=4.3116332495857472e-05 tau=4.3116332495857472e-05 prediction=13.561860386091711 rho=0.99817262094505854 accept=1
  MFCG it  55 cost=2.591489e+05 lam=4.312e-05 tau=0.00e+00 cg_it=0 shift=0 ckpt=1 alpha=0 acc mv=178
PCG_PREP o=55 rebuild=1 drift=0 previous_depth=1
E2_CAP o=55 retry=0 touched=2 ncam=52 raw=3122.4307424650128 capped=51.293796316579517 radius=388.03067567025153 median=1.1885293361153892 global_scale=1
ATTR_RADIUS o=55 raw_norm=3122.4307424650119 norm=51.29379631657951 radius=388.03067567025153 next_radius=388.03067567025153 lambda=4.3116332495857472e-05 next_lambda=4.3116332495857472e-05 rho=0.99829650464260122 accept=1
CLASSICAL_LM o=55 lambda=4.3116332495857472e-05 tau=4.3116332495857472e-05 prediction=12.595315403659912 rho=0.99829650464260122 accept=1
  MFCG it  56 cost=2.591363e+05 lam=4.312e-05 tau=0.00e+00 cg_it=0 shift=0 ckpt=1 alpha=0 acc mv=180
PCG_PREP o=56 rebuild=1 drift=0 previous_depth=1
E2_CAP o=56 retry=0 touched=2 ncam=52 raw=3129.3824260037659 capped=48.245108719439543 radius=388.03067567025153 median=1.1170676045633365 global_scale=1
ATTR_RADIUS o=56 raw_norm=3129.3824260037654 norm=48.245108719439543 radius=388.03067567025153 next_radius=388.03067567025153 lambda=4.3116332495857472e-05 next_lambda=4.3116332495857472e-05 rho=0.99841732707749853 accept=1
CLASSICAL_LM o=56 lambda=4.3116332495857472e-05 tau=4.3116332495857472e-05 prediction=11.672184363023305 rho=0.99841732707749853 accept=1
  MFCG it  57 cost=2.591246e+05 lam=4.312e-05 tau=0.00e+00 cg_it=0 shift=0 ckpt=1 alpha=0 acc mv=182
PCG_PREP o=57 rebuild=1 drift=0 previous_depth=1
E2_CAP o=57 retry=0 touched=2 ncam=52 raw=3135.7479651367771 capped=45.140853491794658 radius=388.03067567025153 median=1.0441292802751292 global_scale=1
ATTR_RADIUS o=57 raw_norm=3135.7479651367776 norm=45.140853491794651 radius=388.03067567025153 next_radius=388.03067567025153 lambda=4.3116332495857472e-05 next_lambda=4.3116332495857472e-05 rho=0.99853781198474989 accept=1
CLASSICAL_LM o=57 lambda=4.3116332495857472e-05 tau=4.3116332495857472e-05 prediction=10.773339156096565 rho=0.99853781198474989 accept=1
  MFCG it  58 cost=2.591139e+05 lam=4.312e-05 tau=0.00e+00 cg_it=0 shift=0 ckpt=1 alpha=0 acc mv=184
PCG_PREP o=58 rebuild=1 drift=0 previous_depth=1
E2_CAP o=58 retry=0 touched=2 ncam=52 raw=3312.6634621139356 capped=166.16770800887915 radius=388.03067567025153 median=3.709318616700104 global_scale=1
ATTR_RADIUS o=58 raw_norm=3312.6634621139365 norm=166.16770800887915 radius=388.03067567025153 next_radius=388.03067567025153 lambda=4.3116332495857472e-05 next_lambda=4.3116332495857472e-05 rho=0.99369993443547 accept=1
CLASSICAL_LM o=58 lambda=4.3116332495857472e-05 tau=4.3116332495857472e-05 prediction=36.987364088485258 rho=0.99369993443547 accept=1
  MFCG it  59 cost=2.590771e+05 lam=4.312e-05 tau=0.00e+00 cg_it=1 shift=0 ckpt=2 alpha=0 acc mv=187
PCG_PREP o=59 rebuild=1 drift=0 previous_depth=2
E2_CAP o=59 retry=0 touched=2 ncam=52 raw=3103.2165027915062 capped=67.113791934585947 radius=388.03067567025153 median=1.4530777063206781 global_scale=1
ATTR_RADIUS o=59 raw_norm=3103.2165027915062 norm=67.113791934585947 radius=388.03067567025153 next_radius=388.03067567025153 lambda=4.3116332495857472e-05 next_lambda=4.3116332495857472e-05 rho=0.99829846140075373 accept=1
CLASSICAL_LM o=59 lambda=4.3116332495857472e-05 tau=4.3116332495857472e-05 prediction=17.156311013779916 rho=0.99829846140075373 accept=1
  MFCG it  60 cost=2.590600e+05 lam=4.312e-05 tau=0.00e+00 cg_it=0 shift=0 ckpt=1 alpha=0 acc mv=189
PCG_PREP o=60 rebuild=1 drift=0 previous_depth=1
E2_CAP o=60 retry=0 touched=2 ncam=52 raw=3129.5639792848192 capped=41.708995517814607 radius=388.03067567025153 median=0.94778476882420393 global_scale=1
ATTR_RADIUS o=60 raw_norm=3129.5639792848197 norm=41.708995517814607 radius=388.03067567025153 next_radius=388.03067567025153 lambda=4.3116332495857472e-05 next_lambda=4.3116332495857472e-05 rho=0.99881180527055702 accept=1
CLASSICAL_LM o=60 lambda=4.3116332495857472e-05 tau=4.3116332495857472e-05 prediction=9.5815820960815277 rho=0.99881180527055702 accept=1
  MFCG it  61 cost=2.590504e+05 lam=4.312e-05 tau=0.00e+00 cg_it=0 shift=0 ckpt=1 alpha=0 acc mv=191
PCG_PREP o=61 rebuild=1 drift=0 previous_depth=1
E2_CAP o=61 retry=0 touched=2 ncam=52 raw=3264.0982214950004 capped=126.70214117151227 radius=388.03067567025153 median=2.8213076896513565 global_scale=1
ATTR_RADIUS o=61 raw_norm=3264.0982214949991 norm=126.70214117151228 radius=388.03067567025153 next_radius=388.03067567025153 lambda=4.3116332495857472e-05 next_lambda=4.3116332495857472e-05 rho=0.99514836415156127 accept=1
CLASSICAL_LM o=61 lambda=4.3116332495857472e-05 tau=4.3116332495857472e-05 prediction=25.874844492239866 rho=0.99514836415156127 accept=1
  MFCG it  62 cost=2.590247e+05 lam=4.312e-05 tau=0.00e+00 cg_it=1 shift=0 ckpt=2 alpha=0 acc mv=194
PCG_PREP o=62 rebuild=1 drift=0 previous_depth=2
E2_CAP o=62 retry=0 touched=2 ncam=52 raw=3110.8348531029105 capped=66.675523511759579 radius=388.03067567025153 median=1.4578480973415817 global_scale=1
ATTR_RADIUS o=62 raw_norm=3110.8348531029119 norm=66.675523511759593 radius=388.03067567025153 next_radius=388.03067567025153 lambda=4.3116332495857472e-05 next_lambda=4.3116332495857472e-05 rho=0.99834523256929619 accept=1
CLASSICAL_LM o=62 lambda=4.3116332495857472e-05 tau=4.3116332495857472e-05 prediction=16.301454434543476 rho=0.99834523256929619 accept=1
  MFCG it  63 cost=2.590084e+05 lam=4.312e-05 tau=0.00e+00 cg_it=0 shift=0 ckpt=1 alpha=0 acc mv=196
PCG_PREP o=63 rebuild=1 drift=0 previous_depth=1
E2_CAP o=63 retry=0 touched=2 ncam=52 raw=3231.0806733578347 capped=110.59078527511367 radius=388.03067567025153 median=2.4907595455604037 global_scale=1
ATTR_RADIUS o=63 raw_norm=3231.0806733578338 norm=110.59078527511367 radius=388.03067567025153 next_radius=388.03067567025153 lambda=4.3116332495857472e-05 next_lambda=4.3116332495857472e-05 rho=0.9957627243235081 accept=1
CLASSICAL_LM o=63 lambda=4.3116332495857472e-05 tau=4.3116332495857472e-05 prediction=22.120420074802123 rho=0.9957627243235081 accept=1
  MFCG it  64 cost=2.589864e+05 lam=4.312e-05 tau=0.00e+00 cg_it=1 shift=0 ckpt=2 alpha=0 acc mv=199
PCG_PREP o=64 rebuild=1 drift=0 previous_depth=2
E2_CAP o=64 retry=0 touched=2 ncam=52 raw=3215.1626003398087 capped=64.334552303315434 radius=388.03067567025153 median=1.438861867864047 global_scale=1
ATTR_RADIUS o=64 raw_norm=3215.1626003398092 norm=64.334552303315434 radius=388.03067567025153 next_radius=388.03067567025153 lambda=4.3116332495857472e-05 next_lambda=4.3116332495857472e-05 rho=0.99800731751011063 accept=1
CLASSICAL_LM o=64 lambda=4.3116332495857472e-05 tau=4.3116332495857472e-05 prediction=13.897021030276607 rho=0.99800731751011063 accept=1
  MFCG it  65 cost=2.589725e+05 lam=4.312e-05 tau=0.00e+00 cg_it=1 shift=0 ckpt=2 alpha=0 acc mv=202
PCG_PREP o=65 rebuild=1 drift=0 previous_depth=2
E2_CAP o=65 retry=0 touched=2 ncam=52 raw=3204.6283889268238 capped=58.862649492967165 radius=388.03067567025153 median=1.3281158340608097 global_scale=1
ATTR_RADIUS o=65 raw_norm=3204.6283889268238 norm=58.862649492967172 radius=388.03067567025153 next_radius=388.03067567025153 lambda=4.3116332495857472e-05 next_lambda=4.3116332495857472e-05 rho=0.99814746989132264 accept=1
CLASSICAL_LM o=65 lambda=4.3116332495857472e-05 tau=4.3116332495857472e-05 prediction=12.613435834090442 rho=0.99814746989132264 accept=1
  MFCG it  66 cost=2.589599e+05 lam=4.312e-05 tau=0.00e+00 cg_it=1 shift=0 ckpt=2 alpha=0 acc mv=205
PCG_PREP o=66 rebuild=1 drift=0 previous_depth=2
E2_CAP o=66 retry=0 touched=2 ncam=52 raw=3195.3288062489455 capped=59.445110150923924 radius=388.03067567025153 median=1.354797347180402 global_scale=1
ATTR_RADIUS o=66 raw_norm=3195.3288062489464 norm=59.445110150923917 radius=388.03067567025153 next_radius=388.03067567025153 lambda=4.3116332495857472e-05 next_lambda=4.3116332495857472e-05 rho=0.99817144794716162 accept=1
CLASSICAL_LM o=66 lambda=4.3116332495857472e-05 tau=4.3116332495857472e-05 prediction=12.886953970658336 rho=0.99817144794716162 accept=1
  MFCG it  67 cost=2.589470e+05 lam=4.312e-05 tau=0.00e+00 cg_it=1 shift=0 ckpt=2 alpha=0 acc mv=208
PCG_PREP o=67 rebuild=1 drift=0 previous_depth=2
E2_CAP o=67 retry=0 touched=2 ncam=52 raw=3186.2987770673135 capped=59.797912081259348 radius=388.03067567025153 median=1.3704887563265893 global_scale=1
ATTR_RADIUS o=67 raw_norm=3186.2987770673135 norm=59.797912081259348 radius=388.03067567025153 next_radius=388.03067567025153 lambda=4.3116332495857472e-05 next_lambda=4.3116332495857472e-05 rho=0.99819597792595982 accept=1
CLASSICAL_LM o=67 lambda=4.3116332495857472e-05 tau=4.3116332495857472e-05 prediction=12.975658277159955 rho=0.99819597792595982 accept=1
  MFCG it  68 cost=2.589341e+05 lam=4.312e-05 tau=0.00e+00 cg_it=1 shift=0 ckpt=2 alpha=0 acc mv=211
PCG_PREP o=68 rebuild=1 drift=0 previous_depth=2
E2_CAP o=68 retry=0 touched=2 ncam=52 raw=3177.5199075491009 capped=60.680413876622474 radius=388.03067567025153 median=1.3962937958927477 global_scale=1
ATTR_RADIUS o=68 raw_norm=3177.5199075491009 norm=60.680413876622474 radius=388.03067567025153 next_radius=388.03067567025153 lambda=4.3116332495857472e-05 next_lambda=4.3116332495857472e-05 rho=0.9982032764657971 accept=1
CLASSICAL_LM o=68 lambda=4.3116332495857472e-05 tau=4.3116332495857472e-05 prediction=13.144957795376628 rho=0.9982032764657971 accept=1
  MFCG it  69 cost=2.589210e+05 lam=4.312e-05 tau=0.00e+00 cg_it=1 shift=0 ckpt=2 alpha=0 acc mv=214
PCG_PREP o=69 rebuild=1 drift=0 previous_depth=2
E2_CAP o=69 retry=0 touched=2 ncam=52 raw=3322.102310893275 capped=163.06823095429291 radius=388.03067567025153 median=3.5786723365846504 global_scale=1
ATTR_RADIUS o=69 raw_norm=3322.1023108932741 norm=163.06823095429291 radius=388.03067567025153 next_radius=388.03067567025153 lambda=4.3116332495857472e-05 next_lambda=4.3116332495857472e-05 rho=0.99347609943725923 accept=1
CLASSICAL_LM o=69 lambda=4.3116332495857472e-05 tau=4.3116332495857472e-05 prediction=27.147669598126342 rho=0.99347609943725923 accept=1
  MFCG it  70 cost=2.588940e+05 lam=4.312e-05 tau=0.00e+00 cg_it=2 shift=0 ckpt=3 alpha=0 acc mv=218
PCG_PREP o=70 rebuild=1 drift=0 previous_depth=3
E2_CAP o=70 retry=0 touched=2 ncam=52 raw=3131.7882618951548 capped=87.467963702164269 radius=388.03067567025153 median=1.9412575228103817 global_scale=1
ATTR_RADIUS o=70 raw_norm=3131.7882618951553 norm=87.467963702164283 radius=388.03067567025153 next_radius=388.03067567025153 lambda=4.3116332495857472e-05 next_lambda=4.3116332495857472e-05 rho=0.99847673353379152 accept=1
CLASSICAL_LM o=70 lambda=4.3116332495857472e-05 tau=4.3116332495857472e-05 prediction=23.737111110982219 rho=0.99847673353379152 accept=1
  MFCG it  71 cost=2.588703e+05 lam=4.312e-05 tau=0.00e+00 cg_it=1 shift=0 ckpt=2 alpha=0 acc mv=221
PCG_PREP o=71 rebuild=1 drift=0 previous_depth=2
E2_CAP o=71 retry=0 touched=2 ncam=52 raw=3287.9283748969387 capped=139.2644498523039 radius=388.03067567025153 median=3.07774631932066 global_scale=1
ATTR_RADIUS o=71 raw_norm=3287.9283748969378 norm=139.26444985230393 radius=388.03067567025153 next_radius=388.03067567025153 lambda=4.3116332495857472e-05 next_lambda=4.3116332495857472e-05 rho=0.99452739232444465 accept=1
CLASSICAL_LM o=71 lambda=4.3116332495857472e-05 tau=4.3116332495857472e-05 prediction=21.553621863492715 rho=0.99452739232444465 accept=1
  MFCG it  72 cost=2.588489e+05 lam=4.312e-05 tau=0.00e+00 cg_it=2 shift=0 ckpt=3 alpha=0 acc mv=225
PCG_PREP o=72 rebuild=1 drift=0 previous_depth=3
E2_CAP o=72 retry=0 touched=2 ncam=52 raw=3102.2277412971703 capped=86.760868199742532 radius=388.03067567025153 median=1.9388615840603225 global_scale=1
ATTR_RADIUS o=72 raw_norm=3102.2277412971707 norm=86.760868199742504 radius=388.03067567025153 next_radius=388.03067567025153 lambda=4.3116332495857472e-05 next_lambda=4.3116332495857472e-05 rho=0.99857074835789916 accept=1
CLASSICAL_LM o=72 lambda=4.3116332495857472e-05 tau=4.3116332495857472e-05 prediction=22.738996121646103 rho=0.99857074835789916 accept=1
  MFCG it  73 cost=2.588262e+05 lam=4.312e-05 tau=0.00e+00 cg_it=1 shift=0 ckpt=2 alpha=0 acc mv=228
PCG_PREP o=73 rebuild=1 drift=0 previous_depth=2
E2_CAP o=73 retry=0 touched=2 ncam=52 raw=3259.8328471170748 capped=136.72263773516829 radius=388.03067567025153 median=3.0578100717111871 global_scale=1
ATTR_RADIUS o=73 raw_norm=3259.8328471170753 norm=136.72263773516823 radius=388.03067567025153 next_radius=388.03067567025153 lambda=4.3116332495857472e-05 next_lambda=4.3116332495857472e-05 rho=0.99497572784580823 accept=1
CLASSICAL_LM o=73 lambda=4.3116332495857472e-05 tau=4.3116332495857472e-05 prediction=20.859618419222848 rho=0.99497572784580823 accept=1
  MFCG it  74 cost=2.588054e+05 lam=4.312e-05 tau=0.00e+00 cg_it=2 shift=0 ckpt=3 alpha=0 acc mv=232
PCG_PREP o=74 rebuild=1 drift=0 previous_depth=3
E2_CAP o=74 retry=0 touched=2 ncam=52 raw=3075.135532195482 capped=82.56232687004632 radius=388.03067567025153 median=1.8468066407964179 global_scale=1
ATTR_RADIUS o=74 raw_norm=3075.1355321954816 norm=82.562326870046334 radius=388.03067567025153 next_radius=388.03067567025153 lambda=4.3116332495857472e-05 next_lambda=4.3116332495857472e-05 rho=0.9987282626730537 accept=1
CLASSICAL_LM o=74 lambda=4.3116332495857472e-05 tau=4.3116332495857472e-05 prediction=21.029876028568545 rho=0.9987282626730537 accept=1
  MFCG it  75 cost=2.587844e+05 lam=4.312e-05 tau=0.00e+00 cg_it=1 shift=0 ckpt=2 alpha=0 acc mv=235
PCG_PREP o=75 rebuild=1 drift=0 previous_depth=2
E2_CAP o=75 retry=0 touched=2 ncam=52 raw=3234.2033183369658 capped=134.75179597632331 radius=388.03067567025153 median=3.0363806205969173 global_scale=1
ATTR_RADIUS o=75 raw_norm=3234.2033183369649 norm=134.75179597632331 radius=388.03067567025153 next_radius=388.03067567025153 lambda=4.3116332495857472e-05 next_lambda=4.3116332495857472e-05 rho=0.99535118857770999 accept=1
CLASSICAL_LM o=75 lambda=4.3116332495857472e-05 tau=4.3116332495857472e-05 prediction=20.240129688488132 rho=0.99535118857770999 accept=1
  MFCG it  76 cost=2.587643e+05 lam=4.312e-05 tau=0.00e+00 cg_it=2 shift=0 ckpt=3 alpha=0 acc mv=239
PCG_PREP o=76 rebuild=1 drift=0 previous_depth=3
E2_CAP o=76 retry=0 touched=2 ncam=52 raw=3050.2822461088267 capped=81.772333885771303 radius=388.03067567025153 median=1.8371624260179482 global_scale=1
ATTR_RADIUS o=76 raw_norm=3050.2822461088276 norm=81.772333885771303 radius=388.03067567025153 next_radius=388.03067567025153 lambda=4.3116332495857472e-05 next_lambda=4.3116332495857472e-05 rho=0.9987980355476177 accept=1
CLASSICAL_LM o=76 lambda=4.3116332495857472e-05 tau=4.3116332495857472e-05 prediction=20.163231314315126 rho=0.9987980355476177 accept=1
  MFCG it  77 cost=2.587441e+05 lam=4.312e-05 tau=0.00e+00 cg_it=1 shift=0 ckpt=2 alpha=0 acc mv=242
PCG_PREP o=77 rebuild=1 drift=0 previous_depth=2
E2_CAP o=77 retry=0 touched=2 ncam=52 raw=3210.0640266726982 capped=129.64550093333233 radius=388.03067567025153 median=2.9295336432570371 global_scale=1
ATTR_RADIUS o=77 raw_norm=3210.0640266726978 norm=129.64550093333233 radius=388.03067567025153 next_radius=388.03067567025153 lambda=4.3116332495857472e-05 next_lambda=4.3116332495857472e-05 rho=0.99575710551363406 accept=1
CLASSICAL_LM o=77 lambda=4.3116332495857472e-05 tau=4.3116332495857472e-05 prediction=18.975564352714606 rho=0.99575710551363406 accept=1
  MFCG it  78 cost=2.587252e+05 lam=4.312e-05 tau=0.00e+00 cg_it=2 shift=0 ckpt=3 alpha=0 acc mv=246
PCG_PREP o=78 rebuild=1 drift=0 previous_depth=3
E2_CAP o=78 retry=0 touched=2 ncam=52 raw=3197.256085467 capped=107.67979179875572 radius=388.03067567025153 median=2.4721053141959271 global_scale=1
ATTR_RADIUS o=78 raw_norm=3197.2560854669991 norm=107.67979179875572 radius=388.03067567025153 next_radius=388.03067567025153 lambda=4.3116332495857472e-05 next_lambda=4.3116332495857472e-05 rho=0.99739488023687106 accept=1
CLASSICAL_LM o=78 lambda=4.3116332495857472e-05 tau=4.3116332495857472e-05 prediction=18.918531769750143 rho=0.99739488023687106 accept=1
  MFCG it  79 cost=2.587064e+05 lam=4.312e-05 tau=0.00e+00 cg_it=2 shift=0 ckpt=3 alpha=0 acc mv=250
PCG_PREP o=79 rebuild=1 drift=0 previous_depth=3
E2_CAP o=79 retry=0 touched=2 ncam=52 raw=3015.4798968106738 capped=77.902091010314606 radius=388.03067567025153 median=1.7533607991386195 global_scale=1
ATTR_RADIUS o=79 raw_norm=3015.4798968106752 norm=77.902091010314606 radius=388.03067567025153 next_radius=388.03067567025153 lambda=4.3116332495857472e-05 next_lambda=4.3116332495857472e-05 rho=0.9990299694185425 accept=1
CLASSICAL_LM o=79 lambda=4.3116332495857472e-05 tau=4.3116332495857472e-05 prediction=18.563420851250882 rho=0.9990299694185425 accept=1
  MFCG it  80 cost=2.586878e+05 lam=4.312e-05 tau=0.00e+00 cg_it=1 shift=0 ckpt=2 alpha=0 acc mv=253
PCG_PREP o=80 rebuild=1 drift=0 previous_depth=2
E2_CAP o=80 retry=0 touched=2 ncam=52 raw=3175.6812321353946 capped=127.24178447285756 radius=388.03067567025153 median=2.8985192758993819 global_scale=1
ATTR_RADIUS o=80 raw_norm=3175.6812321353937 norm=127.24178447285757 radius=388.03067567025153 next_radius=388.03067567025153 lambda=4.3116332495857472e-05 next_lambda=4.3116332495857472e-05 rho=0.99632134289334084 accept=1
CLASSICAL_LM o=80 lambda=4.3116332495857472e-05 tau=4.3116332495857472e-05 prediction=18.428138518687412 rho=0.99632134289334084 accept=1
  MFCG it  81 cost=2.586694e+05 lam=4.312e-05 tau=0.00e+00 cg_it=2 shift=0 ckpt=3 alpha=0 acc mv=257
PCG_PREP o=81 rebuild=1 drift=0 previous_depth=3
E2_CAP o=81 retry=0 touched=2 ncam=52 raw=2994.3949149907858 capped=77.61301601151429 radius=388.03067567025153 median=1.7518673141281944 global_scale=1
ATTR_RADIUS o=81 raw_norm=2994.3949149907858 norm=77.613016011514276 radius=388.03067567025153 next_radius=388.03067567025153 lambda=4.3116332495857472e-05 next_lambda=4.3116332495857472e-05 rho=0.99904134675179113 accept=1
CLASSICAL_LM o=81 lambda=4.3116332495857472e-05 tau=4.3116332495857472e-05 prediction=17.959454962933819 rho=0.99904134675179113 accept=1
  MFCG it  82 cost=2.586515e+05 lam=4.312e-05 tau=0.00e+00 cg_it=1 shift=0 ckpt=2 alpha=0 acc mv=260
PCG_PREP o=82 rebuild=1 drift=0 previous_depth=2
E2_CAP o=82 retry=0 touched=2 ncam=52 raw=3154.7959861506833 capped=123.09868723048412 radius=388.03067567025153 median=2.803444835632062 global_scale=1
ATTR_RADIUS o=82 raw_norm=3154.7959861506824 norm=123.09868723048409 radius=388.03067567025153 next_radius=388.03067567025153 lambda=4.3116332495857472e-05 next_lambda=4.3116332495857472e-05 rho=0.99657680982460251 accept=1
CLASSICAL_LM o=82 lambda=4.3116332495857472e-05 tau=4.3116332495857472e-05 prediction=17.351750821715434 rho=0.99657680982460251 accept=1
  MFCG it  83 cost=2.586342e+05 lam=4.312e-05 tau=0.00e+00 cg_it=2 shift=0 ckpt=3 alpha=0 acc mv=264
PCG_PREP o=83 rebuild=1 drift=0 previous_depth=3
E2_CAP o=83 retry=0 touched=2 ncam=52 raw=2974.5135097260722 capped=75.912303662517246 radius=388.03067567025153 median=1.7155255669493421 global_scale=1
ATTR_RADIUS o=83 raw_norm=2974.5135097260732 norm=75.912303662517232 radius=388.03067567025153 next_radius=388.03067567025153 lambda=4.3116332495857472e-05 next_lambda=4.3116332495857472e-05 rho=0.99910991879975464 accept=1
CLASSICAL_LM o=83 lambda=4.3116332495857472e-05 tau=4.3116332495857472e-05 prediction=17.085330620715173 rho=0.99910991879975464 accept=1
  MFCG it  84 cost=2.586171e+05 lam=4.312e-05 tau=0.00e+00 cg_it=1 shift=0 ckpt=2 alpha=0 acc mv=267
PCG_PREP o=84 rebuild=1 drift=0 previous_depth=2
E2_CAP o=84 retry=0 touched=2 ncam=52 raw=3134.723241036339 capped=120.80591763345785 radius=388.03067567025153 median=2.7535844801252773 global_scale=1
ATTR_RADIUS o=84 raw_norm=3134.7232410363395 norm=120.80591763345785 radius=388.03067567025153 next_radius=388.03067567025153 lambda=4.3116332495857472e-05 next_lambda=4.3116332495857472e-05 rho=0.99678909236059754 accept=1
CLASSICAL_LM o=84 lambda=4.3116332495857472e-05 tau=4.3116332495857472e-05 prediction=16.689868458727986 rho=0.99678909236059754 accept=1
  MFCG it  85 cost=2.586005e+05 lam=4.312e-05 tau=0.00e+00 cg_it=2 shift=0 ckpt=3 alpha=0 acc mv=271
PCG_PREP o=85 rebuild=1 drift=0 previous_depth=3
E2_CAP o=85 retry=0 touched=2 ncam=52 raw=2955.649268413455 capped=74.453798745945136 radius=388.03067567025153 median=1.6841969268678976 global_scale=1
ATTR_RADIUS o=85 raw_norm=2955.649268413455 norm=74.453798745945136 radius=388.03067567025153 next_radius=388.03067567025153 lambda=4.3116332495857472e-05 next_lambda=4.3116332495857472e-05 rho=0.99917573060270493 accept=1
CLASSICAL_LM o=85 lambda=4.3116332495857472e-05 tau=4.3116332495857472e-05 prediction=16.334333700032378 rho=0.99917573060270493 accept=1
  MFCG it  86 cost=2.585842e+05 lam=4.312e-05 tau=0.00e+00 cg_it=1 shift=0 ckpt=2 alpha=0 acc mv=274
PCG_PREP o=86 rebuild=1 drift=0 previous_depth=2
E2_CAP o=86 retry=0 touched=2 ncam=52 raw=3115.2223091377177 capped=119.15157464347305 radius=388.03067567025153 median=2.7187216183227845 global_scale=1
ATTR_RADIUS o=86 raw_norm=3115.2223091377182 norm=119.15157464347304 radius=388.03067567025153 next_radius=388.03067567025153 lambda=4.3116332495857472e-05 next_lambda=4.3116332495857472e-05 rho=0.99697646092770364 accept=1
CLASSICAL_LM o=86 lambda=4.3116332495857472e-05 tau=4.3116332495857472e-05 prediction=16.173751741573035 rho=0.99697646092770364 accept=1
  MFCG it  87 cost=2.585681e+05 lam=4.312e-05 tau=0.00e+00 cg_it=2 shift=0 ckpt=3 alpha=0 acc mv=278
PCG_PREP o=87 rebuild=1 drift=0 previous_depth=3
E2_CAP o=87 retry=0 touched=2 ncam=52 raw=2937.6894990402025 capped=73.12832500545224 radius=388.03067567025153 median=1.6555613736932215 global_scale=1
ATTR_RADIUS o=87 raw_norm=2937.6894990402043 norm=73.12832500545224 radius=388.03067567025153 next_radius=388.03067567025153 lambda=4.3116332495857472e-05 next_lambda=4.3116332495857472e-05 rho=0.99923750280918655 accept=1
CLASSICAL_LM o=87 lambda=4.3116332495857472e-05 tau=4.3116332495857472e-05 prediction=15.659656685421947 rho=0.99923750280918655 accept=1
  MFCG it  88 cost=2.585524e+05 lam=4.312e-05 tau=0.00e+00 cg_it=1 shift=0 ckpt=2 alpha=0 acc mv=281
PCG_PREP o=88 rebuild=1 drift=0 previous_depth=2
E2_CAP o=88 retry=0 touched=2 ncam=52 raw=3096.162375570741 capped=117.60293070622662 radius=388.03067567025153 median=2.6858736153954439 global_scale=1
ATTR_RADIUS o=88 raw_norm=3096.1623755707406 norm=117.60293070622662 radius=388.03067567025153 next_radius=388.03067567025153 lambda=4.3116332495857472e-05 next_lambda=4.3116332495857472e-05 rho=0.99714771444907147 accept=1
CLASSICAL_LM o=88 lambda=4.3116332495857472e-05 tau=4.3116332495857472e-05 prediction=15.693723822879623 rho=0.99714771444907147 accept=1
  MFCG it  89 cost=2.585368e+05 lam=4.312e-05 tau=0.00e+00 cg_it=2 shift=0 ckpt=3 alpha=0 acc mv=285
PCG_PREP o=89 rebuild=1 drift=0 previous_depth=3
E2_CAP o=89 retry=0 touched=2 ncam=52 raw=2920.5845563450375 capped=71.914109580305762 radius=388.03067567025153 median=1.6292450757754184 global_scale=1
ATTR_RADIUS o=89 raw_norm=2920.5845563450384 norm=71.914109580305734 radius=388.03067567025153 next_radius=388.03067567025153 lambda=4.3116332495857472e-05 next_lambda=4.3116332495857472e-05 rho=0.99929437792949471 accept=1
CLASSICAL_LM o=89 lambda=4.3116332495857472e-05 tau=4.3116332495857472e-05 prediction=15.044232294180455 rho=0.99929437792949471 accept=1
  MFCG it  90 cost=2.585217e+05 lam=4.312e-05 tau=0.00e+00 cg_it=1 shift=0 ckpt=2 alpha=0 acc mv=288
PCG_PREP o=90 rebuild=1 drift=0 previous_depth=2
E2_CAP o=90 retry=0 touched=2 ncam=52 raw=3077.498150216798 capped=116.0965176268506 radius=388.03067567025153 median=2.6535785199052371 global_scale=1
ATTR_RADIUS o=90 raw_norm=3077.498150216798 norm=116.0965176268506 radius=388.03067567025153 next_radius=388.03067567025153 lambda=4.3116332495857472e-05 next_lambda=4.3116332495857472e-05 rho=0.99730426130401106 accept=1
CLASSICAL_LM o=90 lambda=4.3116332495857472e-05 tau=4.3116332495857472e-05 prediction=15.234051804406676 rho=0.99730426130401106 accept=1
  MFCG it  91 cost=2.585065e+05 lam=4.312e-05 tau=0.00e+00 cg_it=2 shift=0 ckpt=3 alpha=0 acc mv=292
PCG_PREP o=91 rebuild=1 drift=0 previous_depth=3
E2_CAP o=91 retry=0 touched=2 ncam=52 raw=2904.2829323302203 capped=71.07958886684267 radius=388.03067567025153 median=1.6119276803271001 global_scale=1
ATTR_RADIUS o=91 raw_norm=2904.2829323302199 norm=71.07958886684267 radius=388.03067567025153 next_radius=388.03067567025153 lambda=4.3116332495857472e-05 next_lambda=4.3116332495857472e-05 rho=0.99934210402691959 accept=1
CLASSICAL_LM o=91 lambda=4.3116332495857472e-05 tau=4.3116332495857472e-05 prediction=14.528367770839221 rho=0.99934210402691959 accept=1
  MFCG it  92 cost=2.584920e+05 lam=4.312e-05 tau=0.00e+00 cg_it=1 shift=0 ckpt=2 alpha=0 acc mv=295
PCG_PREP o=92 rebuild=1 drift=0 previous_depth=2
E2_CAP o=92 retry=0 touched=2 ncam=52 raw=3059.1794067633282 capped=114.61584726847701 radius=388.03067567025153 median=2.6214977840590192 global_scale=1
ATTR_RADIUS o=92 raw_norm=3059.1794067633273 norm=114.61584726847701 radius=388.03067567025153 next_radius=388.03067567025153 lambda=4.3116332495857472e-05 next_lambda=4.3116332495857472e-05 rho=0.99744751495061679 accept=1
CLASSICAL_LM o=92 lambda=4.3116332495857472e-05 tau=4.3116332495857472e-05 prediction=14.788947219631327 rho=0.99744751495061679 accept=1
  MFCG it  93 cost=2.584773e+05 lam=4.312e-05 tau=0.00e+00 cg_it=2 shift=0 ckpt=3 alpha=0 acc mv=299
PCG_PREP o=93 rebuild=1 drift=0 previous_depth=3
E2_CAP o=93 retry=0 touched=2 ncam=52 raw=2888.7060158465056 capped=70.606980414196229 radius=388.03067567025153 median=1.6032230175300051 global_scale=1
ATTR_RADIUS o=93 raw_norm=2888.7060158465056 norm=70.606980414196229 radius=388.03067567025153 next_radius=388.03067567025153 lambda=4.3116332495857472e-05 next_lambda=4.3116332495857472e-05 rho=0.99938148691301798 accept=1
CLASSICAL_LM o=93 lambda=4.3116332495857472e-05 tau=4.3116332495857472e-05 prediction=14.099730743718291 rho=0.99938148691301798 accept=1
  MFCG it  94 cost=2.584632e+05 lam=4.312e-05 tau=0.00e+00 cg_it=1 shift=0 ckpt=2 alpha=0 acc mv=302
PCG_PREP o=94 rebuild=1 drift=0 previous_depth=2
E2_CAP o=94 retry=0 touched=2 ncam=52 raw=3041.1675620640503 capped=113.24114885652787 radius=388.03067567025153 median=2.5916480544145415 global_scale=1
ATTR_RADIUS o=94 raw_norm=3041.1675620640494 norm=113.24114885652789 radius=388.03067567025153 next_radius=388.03067567025153 lambda=4.3116332495857472e-05 next_lambda=4.3116332495857472e-05 rho=0.99757730400968203 accept=1
CLASSICAL_LM o=94 lambda=4.3116332495857472e-05 tau=4.3116332495857472e-05 prediction=14.369730861636768 rho=0.99757730400968203 accept=1
  MFCG it  95 cost=2.584488e+05 lam=4.312e-05 tau=0.00e+00 cg_it=2 shift=0 ckpt=3 alpha=0 acc mv=306
PCG_PREP o=95 rebuild=1 drift=0 previous_depth=3
E2_CAP o=95 retry=0 touched=2 ncam=52 raw=2873.7719598797125 capped=69.605114643101857 radius=388.03067567025153 median=1.5813793931775639 global_scale=1
ATTR_RADIUS o=95 raw_norm=2873.7719598797121 norm=69.605114643101857 radius=388.03067567025153 next_radius=388.03067567025153 lambda=4.3116332495857472e-05 next_lambda=4.3116332495857472e-05 rho=0.99942509058357487 accept=1
CLASSICAL_LM o=95 lambda=4.3116332495857472e-05 tau=4.3116332495857472e-05 prediction=13.598038044527208 rho=0.99942509058357487 accept=1
  MFCG it  96 cost=2.584353e+05 lam=4.312e-05 tau=0.00e+00 cg_it=1 shift=0 ckpt=2 alpha=0 acc mv=309
PCG_PREP o=96 rebuild=1 drift=0 previous_depth=2
E2_CAP o=96 retry=0 touched=2 ncam=52 raw=3023.506541562353 capped=112.05284412905763 radius=388.03067567025153 median=2.5660587947518634 global_scale=1
ATTR_RADIUS o=96 raw_norm=3023.5065415623535 norm=112.05284412905768 radius=388.03067567025153 next_radius=388.03067567025153 lambda=4.3116332495857472e-05 next_lambda=4.3116332495857472e-05 rho=0.99769298243630689 accept=1
CLASSICAL_LM o=96 lambda=4.3116332495857472e-05 tau=4.3116332495857472e-05 prediction=13.991196123805974 rho=0.99769298243630689 accept=1
  MFCG it  97 cost=2.584213e+05 lam=4.312e-05 tau=0.00e+00 cg_it=2 shift=0 ckpt=3 alpha=0 acc mv=313
PCG_PREP o=97 rebuild=1 drift=0 previous_depth=3
E2_CAP o=97 retry=0 touched=2 ncam=52 raw=2859.4753168408292 capped=68.178722370929236 radius=388.03067567025153 median=1.5490172682465988 global_scale=1
ATTR_RADIUS o=97 raw_norm=2859.4753168408297 norm=68.178722370929208 radius=388.03067567025153 next_radius=388.03067567025153 lambda=4.3116332495857472e-05 next_lambda=4.3116332495857472e-05 rho=0.99947092861268361 accept=1
CLASSICAL_LM o=97 lambda=4.3116332495857472e-05 tau=4.3116332495857472e-05 prediction=13.046693245526553 rho=0.99947092861268361 accept=1
  MFCG it  98 cost=2.584083e+05 lam=4.312e-05 tau=0.00e+00 cg_it=1 shift=0 ckpt=2 alpha=0 acc mv=316
PCG_PREP o=98 rebuild=1 drift=0 previous_depth=2
E2_CAP o=98 retry=0 touched=2 ncam=52 raw=3006.2224341890719 capped=110.84376333206383 radius=388.03067567025153 median=2.5397569574915244 global_scale=1
ATTR_RADIUS o=98 raw_norm=3006.2224341890706 norm=110.84376333206382 radius=388.03067567025153 next_radius=388.03067567025153 lambda=4.3116332495857472e-05 next_lambda=4.3116332495857472e-05 rho=0.99779940097851805 accept=1
CLASSICAL_LM o=98 lambda=4.3116332495857472e-05 tau=4.3116332495857472e-05 prediction=13.62214153460935 rho=0.99779940097851805 accept=1
  MFCG it  99 cost=2.583947e+05 lam=4.312e-05 tau=0.00e+00 cg_it=2 shift=0 ckpt=3 alpha=0 acc mv=320
PCG_PREP o=99 rebuild=1 drift=0 previous_depth=3
E2_CAP o=99 retry=0 touched=2 ncam=52 raw=2845.8127115926259 capped=67.268213580660756 radius=388.03067567025153 median=1.5291449259432643 global_scale=1
ATTR_RADIUS o=99 raw_norm=2845.8127115926259 norm=67.26821358066077 radius=388.03067567025153 next_radius=388.03067567025153 lambda=4.3116332495857472e-05 next_lambda=4.3116332495857472e-05 rho=0.99950694832758069 accept=1
CLASSICAL_LM o=99 lambda=4.3116332495857472e-05 tau=4.3116332495857472e-05 prediction=12.605021839032551 rho=0.99950694832758069 accept=1
  MFCG it 100 cost=2.583821e+05 lam=4.312e-05 tau=0.00e+00 cg_it=1 shift=0 ckpt=2 alpha=0 acc mv=323
PCG_PREP o=100 rebuild=1 drift=0 previous_depth=2
E2_CAP o=100 retry=0 touched=2 ncam=52 raw=2989.2742710367424 capped=109.61749125895467 radius=388.03067567025153 median=2.512857149525014 global_scale=1
ATTR_RADIUS o=100 raw_norm=2989.2742710367415 norm=109.61749125895464 radius=388.03067567025153 next_radius=388.03067567025153 lambda=4.3116332495857472e-05 next_lambda=4.3116332495857472e-05 rho=0.99789837110676649 accept=1
CLASSICAL_LM o=100 lambda=4.3116332495857472e-05 tau=4.3116332495857472e-05 prediction=13.260743067915405 rho=0.99789837110676649 accept=1
  MFCG it 101 cost=2.583688e+05 lam=4.312e-05 tau=0.00e+00 cg_it=2 shift=0 ckpt=3 alpha=0 acc mv=327
PCG_PREP o=101 rebuild=1 drift=0 previous_depth=3
E2_CAP o=101 retry=0 touched=2 ncam=52 raw=2832.6949636604572 capped=66.366531508197937 radius=388.03067567025153 median=1.5093814689377343 global_scale=1
ATTR_RADIUS o=101 raw_norm=2832.6949636604568 norm=66.366531508197937 radius=388.03067567025153 next_radius=388.03067567025153 lambda=4.3116332495857472e-05 next_lambda=4.3116332495857472e-05 rho=0.99954003442837158 accept=1
CLASSICAL_LM o=101 lambda=4.3116332495857472e-05 tau=4.3116332495857472e-05 prediction=12.183073235795877 rho=0.99954003442837158 accept=1
  MFCG it 102 cost=2.583567e+05 lam=4.312e-05 tau=0.00e+00 cg_it=1 shift=0 ckpt=2 alpha=0 acc mv=330
PCG_PREP o=102 rebuild=1 drift=0 previous_depth=2
E2_CAP o=102 retry=0 touched=2 ncam=52 raw=2972.6766128778645 capped=108.37150606662868 radius=388.03067567025153 median=2.4853286087727344 global_scale=1
ATTR_RADIUS o=102 raw_norm=2972.6766128778645 norm=108.3715060666287 radius=388.03067567025153 next_radius=388.03067567025153 lambda=4.3116332495857472e-05 next_lambda=4.3116332495857472e-05 rho=0.99799007300849851 accept=1
CLASSICAL_LM o=102 lambda=4.3116332495857472e-05 tau=4.3116332495857472e-05 prediction=12.907232865883852 rho=0.99799007300849851 accept=1
  MFCG it 103 cost=2.583438e+05 lam=4.312e-05 tau=0.00e+00 cg_it=2 shift=0 ckpt=3 alpha=0 acc mv=334
PCG_PREP o=103 rebuild=1 drift=0 previous_depth=3
E2_CAP o=103 retry=0 touched=2 ncam=52 raw=2820.0815807102713 capped=65.479546241842996 radius=388.03067567025153 median=1.4898831220429085 global_scale=1
ATTR_RADIUS o=103 raw_norm=2820.0815807102708 norm=65.479546241842996 radius=388.03067567025153 next_radius=388.03067567025153 lambda=4.3116332495857472e-05 next_lambda=4.3116332495857472e-05 rho=0.99957032468317142 accept=1
CLASSICAL_LM o=103 lambda=4.3116332495857472e-05 tau=4.3116332495857472e-05 prediction=11.780991628348305 rho=0.99957032468317142 accept=1
  MFCG it 104 cost=2.583320e+05 lam=4.312e-05 tau=0.00e+00 cg_it=1 shift=0 ckpt=2 alpha=0 acc mv=337
PCG_PREP o=104 rebuild=1 drift=0 previous_depth=2
E2_CAP o=104 retry=0 touched=2 ncam=52 raw=2956.4345214720715 capped=107.11490424900234 radius=388.03067567025153 median=2.4574145524319029 global_scale=1
ATTR_RADIUS o=104 raw_norm=2956.4345214720729 norm=107.11490424900234 radius=388.03067567025153 next_radius=388.03067567025153 lambda=4.3116332495857472e-05 next_lambda=4.3116332495857472e-05 rho=0.99807509509508441 accept=1
CLASSICAL_LM o=104 lambda=4.3116332495857472e-05 tau=4.3116332495857472e-05 prediction=12.563145743602755 rho=0.99807509509508441 accept=1
  MFCG it 105 cost=2.583195e+05 lam=4.312e-05 tau=0.00e+00 cg_it=2 shift=0 ckpt=3 alpha=0 acc mv=341
PCG_PREP o=105 rebuild=1 drift=0 previous_depth=3
E2_CAP o=105 retry=0 touched=2 ncam=52 raw=2985.6314362153316 capped=37.670361733886907 radius=388.03067567025153 median=0.79367493975562331 global_scale=1
ATTR_RADIUS o=105 raw_norm=2985.6314362153316 norm=37.670361733886899 radius=388.03067567025153 next_radius=388.03067567025153 lambda=4.3116332495857472e-05 next_lambda=4.3116332495857472e-05 rho=0.99984500062459958 accept=1
CLASSICAL_LM o=105 lambda=4.3116332495857472e-05 tau=4.3116332495857472e-05 prediction=7.0825640788695559 rho=0.99984500062459958 accept=1
  MFCG it 106 cost=2.583124e+05 lam=4.312e-05 tau=0.00e+00 cg_it=0 shift=0 ckpt=1 alpha=0 acc mv=343
PCG_PREP o=106 rebuild=1 drift=0 previous_depth=1
E2_CAP o=106 retry=0 touched=2 ncam=52 raw=2943.1297974380018 capped=115.22391298080549 radius=388.03067567025153 median=2.6554407611003672 global_scale=1
ATTR_RADIUS o=106 raw_norm=2943.1297974380027 norm=115.22391298080548 radius=388.03067567025153 next_radius=388.03067567025153 lambda=4.3116332495857472e-05 next_lambda=4.3116332495857472e-05 rho=0.99788880449015904 accept=1
CLASSICAL_LM o=106 lambda=4.3116332495857472e-05 tau=4.3116332495857472e-05 prediction=13.267828643790558 rho=0.99788880449015904 accept=1
  MFCG it 107 cost=2.582991e+05 lam=4.312e-05 tau=0.00e+00 cg_it=2 shift=0 ckpt=3 alpha=0 acc mv=347
PCG_PREP o=107 rebuild=1 drift=0 previous_depth=3
E2_CAP o=107 retry=0 touched=2 ncam=52 raw=2797.8461928715496 capped=61.983579141154173 radius=388.03067567025153 median=1.4085056682561339 global_scale=1
ATTR_RADIUS o=107 raw_norm=2797.8461928715501 norm=61.983579141154166 radius=388.03067567025153 next_radius=388.03067567025153 lambda=4.3116332495857472e-05 next_lambda=4.3116332495857472e-05 rho=0.99965993708136225 accept=1
CLASSICAL_LM o=107 lambda=4.3116332495857472e-05 tau=4.3116332495857472e-05 prediction=10.787132143984371 rho=0.99965993708136225 accept=1
  MFCG it 108 cost=2.582884e+05 lam=4.312e-05 tau=0.00e+00 cg_it=1 shift=0 ckpt=2 alpha=0 acc mv=350
PCG_PREP o=108 rebuild=1 drift=0 previous_depth=2
E2_CAP o=108 retry=0 touched=2 ncam=52 raw=2927.3390923980237 capped=104.72166929407715 radius=388.03067567025153 median=2.4042105646580065 global_scale=1
ATTR_RADIUS o=108 raw_norm=2927.3390923980241 norm=104.72166929407716 radius=388.03067567025153 next_radius=388.03067567025153 lambda=4.3116332495857472e-05 next_lambda=4.3116332495857472e-05 rho=0.99820898516686452 accept=1
CLASSICAL_LM o=108 lambda=4.3116332495857472e-05 tau=4.3116332495857472e-05 prediction=11.960854361890821 rho=0.99820898516686452 accept=1
  MFCG it 109 cost=2.582764e+05 lam=4.312e-05 tau=0.00e+00 cg_it=2 shift=0 ckpt=3 alpha=0 acc mv=354
PCG_PREP o=109 rebuild=1 drift=0 previous_depth=3
E2_CAP o=109 retry=0 touched=2 ncam=52 raw=2963.7133036706691 capped=35.781010134317874 radius=388.03067567025153 median=0.75536032160234434 global_scale=1
ATTR_RADIUS o=109 raw_norm=2963.7133036706696 norm=35.781010134317874 radius=388.03067567025153 next_radius=388.03067567025153 lambda=4.3116332495857472e-05 next_lambda=4.3116332495857472e-05 rho=0.99986500205971085 accept=1
CLASSICAL_LM o=109 lambda=4.3116332495857472e-05 tau=4.3116332495857472e-05 prediction=6.4872282231400149 rho=0.99986500205971085 accept=1
  MFCG it 110 cost=2.582699e+05 lam=4.312e-05 tau=0.00e+00 cg_it=0 shift=0 ckpt=1 alpha=0 acc mv=356
PCG_PREP o=110 rebuild=1 drift=0 previous_depth=1
E2_CAP o=110 retry=0 touched=2 ncam=52 raw=2914.5783313300194 capped=111.64741648732027 radius=388.03067567025153 median=2.5741999791781907 global_scale=1
ATTR_RADIUS o=110 raw_norm=2914.578331330019 norm=111.64741648732027 radius=388.03067567025153 next_radius=388.03067567025153 lambda=4.3116332495857472e-05 next_lambda=4.3116332495857472e-05 rho=0.99805533705989269 accept=1
CLASSICAL_LM o=110 lambda=4.3116332495857472e-05 tau=4.3116332495857472e-05 prediction=12.550505412572383 rho=0.99805533705989269 accept=1
  MFCG it 111 cost=2.582574e+05 lam=4.312e-05 tau=0.00e+00 cg_it=2 shift=0 ckpt=3 alpha=0 acc mv=360
PCG_PREP o=111 rebuild=1 drift=0 previous_depth=3
E2_CAP o=111 retry=0 touched=2 ncam=52 raw=2777.229412747914 capped=59.751268408009167 radius=388.03067567025153 median=1.3576227740788673 global_scale=1
ATTR_RADIUS o=111 raw_norm=2777.2294127479136 norm=59.751268408009167 radius=388.03067567025153 next_radius=388.03067567025153 lambda=4.3116332495857472e-05 next_lambda=4.3116332495857472e-05 rho=0.9997084229946156 accept=1
CLASSICAL_LM o=111 lambda=4.3116332495857472e-05 tau=4.3116332495857472e-05 prediction=10.08271258938661 rho=0.9997084229946156 accept=1
  MFCG it 112 cost=2.582473e+05 lam=4.312e-05 tau=0.00e+00 cg_it=1 shift=0 ckpt=2 alpha=0 acc mv=363
PCG_PREP o=112 rebuild=1 drift=0 previous_depth=2
E2_CAP o=112 retry=0 touched=2 ncam=52 raw=2899.6638372125508 capped=102.1499550290895 radius=388.03067567025153 median=2.3462921982439218 global_scale=1
ATTR_RADIUS o=112 raw_norm=2899.6638372125499 norm=102.14995502908948 radius=388.03067567025153 next_radius=388.03067567025153 lambda=4.3116332495857472e-05 next_lambda=4.3116332495857472e-05 rho=0.99833425233404005 accept=1
CLASSICAL_LM o=112 lambda=4.3116332495857472e-05 tau=4.3116332495857472e-05 prediction=11.382658872143002 rho=0.99833425233404005 accept=1
  MFCG it 113 cost=2.582360e+05 lam=4.312e-05 tau=0.00e+00 cg_it=2 shift=0 ckpt=3 alpha=0 acc mv=367
PCG_PREP o=113 rebuild=1 drift=0 previous_depth=3
E2_CAP o=113 retry=0 touched=2 ncam=52 raw=2940.977811644183 capped=34.304476675712237 radius=388.03067567025153 median=0.72650367533158711 global_scale=1
ATTR_RADIUS o=113 raw_norm=2940.9778116441835 norm=34.304476675712252 radius=388.03067567025153 next_radius=388.03067567025153 lambda=4.3116332495857472e-05 next_lambda=4.3116332495857472e-05 rho=0.99987983745035991 accept=1
CLASSICAL_LM o=113 lambda=4.3116332495857472e-05 tau=4.3116332495857472e-05 prediction=6.0088655840494072 rho=0.99987983745035991 accept=1
  MFCG it 114 cost=2.582299e+05 lam=4.312e-05 tau=0.00e+00 cg_it=0 shift=0 ckpt=1 alpha=0 acc mv=369
PCG_PREP o=114 rebuild=1 drift=0 previous_depth=1
E2_CAP o=114 retry=0 touched=2 ncam=52 raw=2887.4656730503275 capped=108.49818884114927 radius=388.03067567025153 median=2.5028234916020491 global_scale=1
ATTR_RADIUS o=114 raw_norm=2887.465673050328 norm=108.49818884114927 radius=388.03067567025153 next_radius=388.03067567025153 lambda=4.3116332495857472e-05 next_lambda=4.3116332495857472e-05 rho=0.99819957147802962 accept=1
CLASSICAL_LM o=114 lambda=4.3116332495857472e-05 tau=4.3116332495857472e-05 prediction=11.924164902319488 rho=0.99819957147802962 accept=1
  MFCG it 115 cost=2.582180e+05 lam=4.312e-05 tau=0.00e+00 cg_it=2 shift=0 ckpt=3 alpha=0 acc mv=373
PCG_PREP o=115 rebuild=1 drift=0 previous_depth=3
E2_CAP o=115 retry=0 touched=2 ncam=52 raw=2931.788615069253 capped=34.566847861027078 radius=388.03067567025153 median=0.73846782565649782 global_scale=1
ATTR_RADIUS o=115 raw_norm=2931.7886150692525 norm=34.566847861027071 radius=388.03067567025153 next_radius=388.03067567025153 lambda=4.3116332495857472e-05 next_lambda=4.3116332495857472e-05 rho=0.99986904738549687 accept=1
CLASSICAL_LM o=115 lambda=4.3116332495857472e-05 tau=4.3116332495857472e-05 prediction=5.9194385121872974 rho=0.99986904738549687 accept=1
  MFCG it 116 cost=2.582121e+05 lam=4.312e-05 tau=0.00e+00 cg_it=0 shift=0 ckpt=1 alpha=0 acc mv=375
PCG_PREP o=116 rebuild=1 drift=0 previous_depth=1
E2_CAP o=116 retry=0 touched=2 ncam=52 raw=2875.2127524642874 capped=106.96614347277345 radius=388.03067567025153 median=2.4677563084399678 global_scale=1
ATTR_RADIUS o=116 raw_norm=2875.2127524642874 norm=106.96614347277347 radius=388.03067567025153 next_radius=388.03067567025153 lambda=4.3116332495857472e-05 next_lambda=4.3116332495857472e-05 rho=0.99826215264340867 accept=1
CLASSICAL_LM o=116 lambda=4.3116332495857472e-05 tau=4.3116332495857472e-05 prediction=11.642333491279254 rho=0.99826215264340867 accept=1
  MFCG it 117 cost=2.582005e+05 lam=4.312e-05 tau=0.00e+00 cg_it=2 shift=0 ckpt=3 alpha=0 acc mv=379
PCG_PREP o=117 rebuild=1 drift=0 previous_depth=3
E2_CAP o=117 retry=0 touched=2 ncam=52 raw=2922.1685267643797 capped=34.315278362030504 radius=388.03067567025153 median=0.73593798128593479 global_scale=1
ATTR_RADIUS o=117 raw_norm=2922.1685267643793 norm=34.315278362030512 radius=388.03067567025153 next_radius=388.03067567025153 lambda=4.3116332495857472e-05 next_lambda=4.3116332495857472e-05 rho=0.99987280119437794 accept=1
CLASSICAL_LM o=117 lambda=4.3116332495857472e-05 tau=4.3116332495857472e-05 prediction=5.7750505651815613 rho=0.99987280119437794 accept=1
  MFCG it 118 cost=2.581947e+05 lam=4.312e-05 tau=0.00e+00 cg_it=0 shift=0 ckpt=1 alpha=0 acc mv=381
PCG_PREP o=118 rebuild=1 drift=0 previous_depth=1
E2_CAP o=118 retry=0 touched=2 ncam=52 raw=2863.2601259895782 capped=104.78311156975758 radius=388.03067567025153 median=2.4171235543541409 global_scale=1
ATTR_RADIUS o=118 raw_norm=2863.2601259895782 norm=104.78311156975759 radius=388.03067567025153 next_radius=388.03067567025153 lambda=4.3116332495857472e-05 next_lambda=4.3116332495857472e-05 rho=0.99832617003936841 accept=1
CLASSICAL_LM o=118 lambda=4.3116332495857472e-05 tau=4.3116332495857472e-05 prediction=11.286871548869316 rho=0.99832617003936841 accept=1
  MFCG it 119 cost=2.581835e+05 lam=4.312e-05 tau=0.00e+00 cg_it=2 shift=0 ckpt=3 alpha=0 acc mv=385
PCG_PREP o=119 rebuild=1 drift=0 previous_depth=3
E2_CAP o=119 retry=0 touched=2 ncam=52 raw=2912.3449405243468 capped=33.561304924555394 radius=388.03067567025153 median=0.72001334739988199 global_scale=1
ATTR_RADIUS o=119 raw_norm=2912.3449405243459 norm=33.561304924555387 radius=388.03067567025153 next_radius=388.03067567025153 lambda=4.3116332495857472e-05 next_lambda=4.3116332495857472e-05 rho=0.99987984268004027 accept=1
CLASSICAL_LM o=119 lambda=4.3116332495857472e-05 tau=4.3116332495857472e-05 prediction=5.5732468655196916 rho=0.99987984268004027 accept=1
  MFCG it 120 cost=2.581779e+05 lam=4.312e-05 tau=0.00e+00 cg_it=0 shift=0 ckpt=1 alpha=0 acc mv=387
PCG_PREP o=120 rebuild=1 drift=0 previous_depth=1
E2_CAP o=120 retry=0 touched=2 ncam=52 raw=2851.6844072783247 capped=101.64346285551566 radius=388.03067567025153 median=2.3433840496920357 global_scale=1
ATTR_RADIUS o=120 raw_norm=2851.6844072783247 norm=101.64346285551565 radius=388.03067567025153 next_radius=388.03067567025153 lambda=4.3116332495857472e-05 next_lambda=4.3116332495857472e-05 rho=0.99839775116047491 accept=1
CLASSICAL_LM o=120 lambda=4.3116332495857472e-05 tau=4.3116332495857472e-05 prediction=10.817256616339238 rho=0.99839775116047491 accept=1
  MFCG it 121 cost=2.581671e+05 lam=4.312e-05 tau=0.00e+00 cg_it=2 shift=0 ckpt=3 alpha=0 acc mv=391
PCG_PREP o=121 rebuild=1 drift=0 previous_depth=3
E2_CAP o=121 retry=0 touched=2 ncam=52 raw=2902.5275709356292 capped=32.859661345761708 radius=388.03067567025153 median=0.70514205173551958 global_scale=1
ATTR_RADIUS o=121 raw_norm=2902.5275709356297 norm=32.859661345761694 radius=388.03067567025153 next_radius=388.03067567025153 lambda=4.3116332495857472e-05 next_lambda=4.3116332495857472e-05 rho=0.99988546820501445 accept=1
CLASSICAL_LM o=121 lambda=4.3116332495857472e-05 tau=4.3116332495857472e-05 prediction=5.3887342407429664 rho=0.99988546820501445 accept=1
  MFCG it 122 cost=2.581617e+05 lam=4.312e-05 tau=0.00e+00 cg_it=0 shift=0 ckpt=1 alpha=0 acc mv=393
PCG_PREP o=122 rebuild=1 drift=0 previous_depth=1
E2_CAP o=122 retry=0 touched=2 ncam=52 raw=2840.5602334104374 capped=100.25803369909272 radius=388.03067567025153 median=2.3118203290331549 global_scale=1
ATTR_RADIUS o=122 raw_norm=2840.5602334104374 norm=100.25803369909269 radius=388.03067567025153 next_radius=388.03067567025153 lambda=4.3116332495857472e-05 next_lambda=4.3116332495857472e-05 rho=0.99844696259630605 accept=1
CLASSICAL_LM o=122 lambda=4.3116332495857472e-05 tau=4.3116332495857472e-05 prediction=10.575976489035602 rho=0.99844696259630605 accept=1
  MFCG it 123 cost=2.581511e+05 lam=4.312e-05 tau=0.00e+00 cg_it=2 shift=0 ckpt=3 alpha=0 acc mv=397
PCG_PREP o=123 rebuild=1 drift=0 previous_depth=3
E2_CAP o=123 retry=0 touched=2 ncam=52 raw=2892.6368370580021 capped=32.186115536918592 radius=388.03067567025153 median=0.69086101571766056 global_scale=1
ATTR_RADIUS o=123 raw_norm=2892.636837058003 norm=32.186115536918599 radius=388.03067567025153 next_radius=388.03067567025153 lambda=4.3116332495857472e-05 next_lambda=4.3116332495857472e-05 rho=0.99989176404872815 accept=1
CLASSICAL_LM o=123 lambda=4.3116332495857472e-05 tau=4.3116332495857472e-05 prediction=5.2147641901406878 rho=0.99989176404872815 accept=1
  MFCG it 124 cost=2.581459e+05 lam=4.312e-05 tau=0.00e+00 cg_it=0 shift=0 ckpt=1 alpha=0 acc mv=399
PCG_PREP o=124 rebuild=1 drift=0 previous_depth=1
E2_CAP o=124 retry=0 touched=2 ncam=52 raw=2829.7121307516818 capped=98.931266051076122 radius=388.03067567025153 median=2.2815813968790097 global_scale=1
ATTR_RADIUS o=124 raw_norm=2829.7121307516818 norm=98.931266051076108 radius=388.03067567025153 next_radius=388.03067567025153 lambda=4.3116332495857472e-05 next_lambda=4.3116332495857472e-05 rho=0.99849344640666593 accept=1
CLASSICAL_LM o=124 lambda=4.3116332495857472e-05 tau=4.3116332495857472e-05 prediction=10.346213312223334 rho=0.99849344640666593 accept=1
  MFCG it 125 cost=2.581356e+05 lam=4.312e-05 tau=0.00e+00 cg_it=2 shift=0 ckpt=3 alpha=0 acc mv=403
PCG_PREP o=125 rebuild=1 drift=0 previous_depth=3
E2_CAP o=125 retry=0 touched=2 ncam=52 raw=2882.7207962144353 capped=31.536013970356326 radius=388.03067567025153 median=0.67704265823441057 global_scale=1
ATTR_RADIUS o=125 raw_norm=2882.7207962144348 norm=31.536013970356318 radius=388.03067567025153 next_radius=388.03067567025153 lambda=4.3116332495857472e-05 next_lambda=4.3116332495857472e-05 rho=0.99989761299175572 accept=1
CLASSICAL_LM o=125 lambda=4.3116332495857472e-05 tau=4.3116332495857472e-05 prediction=5.050272187892495 rho=0.99989761299175572 accept=1
  MFCG it 126 cost=2.581305e+05 lam=4.312e-05 tau=0.00e+00 cg_it=0 shift=0 ckpt=1 alpha=0 acc mv=405
PCG_PREP o=126 rebuild=1 drift=0 previous_depth=1
E2_CAP o=126 retry=0 touched=2 ncam=52 raw=2819.1276543311815 capped=97.636384941000941 radius=388.03067567025153 median=2.2520442503880456 global_scale=1
ATTR_RADIUS o=126 raw_norm=2819.1276543311815 norm=97.636384941000941 radius=388.03067567025153 next_radius=388.03067567025153 lambda=4.3116332495857472e-05 next_lambda=4.3116332495857472e-05 rho=0.99853768823906308 accept=1
CLASSICAL_LM o=126 lambda=4.3116332495857472e-05 tau=4.3116332495857472e-05 prediction=10.124297012896031 rho=0.99853768823906308 accept=1
  MFCG it 127 cost=2.581204e+05 lam=4.312e-05 tau=0.00e+00 cg_it=2 shift=0 ckpt=3 alpha=0 acc mv=409
PCG_PREP o=127 rebuild=1 drift=0 previous_depth=3
E2_CAP o=127 retry=0 touched=2 ncam=52 raw=2872.8141679268888 capped=30.909121581479628 radius=388.03067567025153 median=0.663695828236053 global_scale=1
ATTR_RADIUS o=127 raw_norm=2872.8141679268892 norm=30.909121581479628 radius=388.03067567025153 next_radius=388.03067567025153 lambda=4.3116332495857472e-05 next_lambda=4.3116332495857472e-05 rho=0.99990307062023842 accept=1
CLASSICAL_LM o=127 lambda=4.3116332495857472e-05 tau=4.3116332495857472e-05 prediction=4.8945755817397405 rho=0.99990307062023842 accept=1
  MFCG it 128 cost=2.581155e+05 lam=4.312e-05 tau=0.00e+00 cg_it=0 shift=0 ckpt=1 alpha=0 acc mv=411
PCG_PREP o=128 rebuild=1 drift=0 previous_depth=1
E2_CAP o=128 retry=0 touched=2 ncam=52 raw=2808.796108010562 capped=96.371361672099312 radius=388.03067567025153 median=2.2231690576345784 global_scale=1
ATTR_RADIUS o=128 raw_norm=2808.796108010562 norm=96.371361672099283 radius=388.03067567025153 next_radius=388.03067567025153 lambda=4.3116332495857472e-05 next_lambda=4.3116332495857472e-05 rho=0.99857984019718582 accept=1
CLASSICAL_LM o=128 lambda=4.3116332495857472e-05 tau=4.3116332495857472e-05 prediction=9.9097754988787976 rho=0.99857984019718582 accept=1
  MFCG it 129 cost=2.581056e+05 lam=4.312e-05 tau=0.00e+00 cg_it=2 shift=0 ckpt=3 alpha=0 acc mv=415
PCG_PREP o=129 rebuild=1 drift=0 previous_depth=3
E2_CAP o=129 retry=0 touched=2 ncam=52 raw=2862.9427253701274 capped=30.303264227049194 radius=388.03067567025153 median=0.65077397263072312 global_scale=1
ATTR_RADIUS o=129 raw_norm=2862.9427253701283 norm=30.303264227049205 radius=388.03067567025153 next_radius=388.03067567025153 lambda=4.3116332495857472e-05 next_lambda=4.3116332495857472e-05 rho=0.99990813061863193 accept=1
CLASSICAL_LM o=129 lambda=4.3116332495857472e-05 tau=4.3116332495857472e-05 prediction=4.7468640411263809 rho=0.99990813061863193 accept=1
  MFCG it 130 cost=2.581009e+05 lam=4.312e-05 tau=0.00e+00 cg_it=0 shift=0 ckpt=1 alpha=0 acc mv=417
PCG_PREP o=130 rebuild=1 drift=0 previous_depth=1
E2_CAP o=130 retry=0 touched=2 ncam=52 raw=2798.7088447152787 capped=95.048298493497256 radius=388.03067567025153 median=2.192845559487 global_scale=1
ATTR_RADIUS o=130 raw_norm=2798.7088447152787 norm=95.048298493497271 radius=388.03067567025153 next_radius=388.03067567025153 lambda=4.3116332495857472e-05 next_lambda=4.3116332495857472e-05 rho=0.99862083919917177 accept=1
CLASSICAL_LM o=130 lambda=4.3116332495857472e-05 tau=4.3116332495857472e-05 prediction=9.6918876330868908 rho=0.99862083919917177 accept=1
  MFCG it 131 cost=2.580912e+05 lam=4.312e-05 tau=0.00e+00 cg_it=2 shift=0 ckpt=3 alpha=0 acc mv=421
PCG_PREP o=131 rebuild=1 drift=0 previous_depth=3
E2_CAP o=131 retry=0 touched=2 ncam=52 raw=2853.1365576447347 capped=29.728019490152725 radius=388.03067567025153 median=0.63852786002981454 global_scale=1
ATTR_RADIUS o=131 raw_norm=2853.1365576447338 norm=29.728019490152722 radius=388.03067567025153 next_radius=388.03067567025153 lambda=4.3116332495857472e-05 next_lambda=4.3116332495857472e-05 rho=0.99991269569891716 accept=1
CLASSICAL_LM o=131 lambda=4.3116332495857472e-05 tau=4.3116332495857472e-05 prediction=4.6079835585331255 rho=0.99991269569891716 accept=1
  MFCG it 132 cost=2.580866e+05 lam=4.312e-05 tau=0.00e+00 cg_it=0 shift=0 ckpt=1 alpha=0 acc mv=423
PCG_PREP o=132 rebuild=1 drift=0 previous_depth=1
E2_CAP o=132 retry=0 touched=2 ncam=52 raw=2788.8646990562534 capped=93.598402048459974 radius=388.03067567025153 median=2.1594219219927724 global_scale=1
ATTR_RADIUS o=132 raw_norm=2788.8646990562538 norm=93.598402048460002 radius=388.03067567025153 next_radius=388.03067567025153 lambda=4.3116332495857472e-05 next_lambda=4.3116332495857472e-05 rho=0.99866140616189691 accept=1
CLASSICAL_LM o=132 lambda=4.3116332495857472e-05 tau=4.3116332495857472e-05 prediction=9.4624945756816725 rho=0.99866140616189691 accept=1
  MFCG it 133 cost=2.580772e+05 lam=4.312e-05 tau=0.00e+00 cg_it=2 shift=0 ckpt=3 alpha=0 acc mv=427
PCG_PREP o=133 rebuild=1 drift=0 previous_depth=3
E2_CAP o=133 retry=0 touched=2 ncam=52 raw=2843.4243840113318 capped=29.306617222774509 radius=388.03067567025153 median=0.63014320884866248 global_scale=1
ATTR_RADIUS o=133 raw_norm=2843.4243840113313 norm=29.306617222774506 radius=388.03067567025153 next_radius=388.03067567025153 lambda=4.3116332495857472e-05 next_lambda=4.3116332495857472e-05 rho=0.99991583042887044 accept=1
CLASSICAL_LM o=133 lambda=4.3116332495857472e-05 tau=4.3116332495857472e-05 prediction=4.4931718329791046 rho=0.99991583042887044 accept=1
  MFCG it 134 cost=2.580727e+05 lam=4.312e-05 tau=0.00e+00 cg_it=0 shift=0 ckpt=1 alpha=0 acc mv=429
PCG_PREP o=134 rebuild=1 drift=0 previous_depth=1
E2_CAP o=134 retry=0 touched=2 ncam=52 raw=2779.2574820368827 capped=92.180087588032819 radius=388.03067567025153 median=2.1267171937665195 global_scale=1
ATTR_RADIUS o=134 raw_norm=2779.2574820368827 norm=92.180087588032833 radius=388.03067567025153 next_radius=388.03067567025153 lambda=4.3116332495857472e-05 next_lambda=4.3116332495857472e-05 rho=0.998700000803458 accept=1
CLASSICAL_LM o=134 lambda=4.3116332495857472e-05 tau=4.3116332495857472e-05 prediction=9.2400260607031317 rho=0.998700000803458 accept=1
  MFCG it 135 cost=2.580634e+05 lam=4.312e-05 tau=0.00e+00 cg_it=2 shift=0 ckpt=3 alpha=0 acc mv=433
PCG_PREP o=135 rebuild=1 drift=0 previous_depth=3
E2_CAP o=135 retry=0 touched=2 ncam=52 raw=2833.8071395860038 capped=28.894656632674987 radius=388.03067567025153 median=0.6218942464779077 global_scale=1
ATTR_RADIUS o=135 raw_norm=2833.8071395860043 norm=28.894656632674984 radius=388.03067567025153 next_radius=388.03067567025153 lambda=4.3116332495857472e-05 next_lambda=4.3116332495857472e-05 rho=0.99991870992553744 accept=1
CLASSICAL_LM o=135 lambda=4.3116332495857472e-05 tau=4.3116332495857472e-05 prediction=4.3834047788646826 rho=0.99991870992553744 accept=1
  MFCG it 136 cost=2.580591e+05 lam=4.312e-05 tau=0.00e+00 cg_it=0 shift=0 ckpt=1 alpha=0 acc mv=435
PCG_PREP o=136 rebuild=1 drift=0 previous_depth=1
E2_CAP o=136 retry=0 touched=2 ncam=52 raw=2769.8802821807408 capped=90.79547819099831 radius=388.03067567025153 median=2.0947819308020295 global_scale=1
ATTR_RADIUS o=136 raw_norm=2769.8802821807408 norm=90.795478190998324 radius=388.03067567025153 next_radius=388.03067567025153 lambda=4.3116332495857472e-05 next_lambda=4.3116332495857472e-05 rho=0.99873650985056117 accept=1
CLASSICAL_LM o=136 lambda=4.3116332495857472e-05 tau=4.3116332495857472e-05 prediction=9.0248708946335121 rho=0.99873650985056117 accept=1
  MFCG it 137 cost=2.580500e+05 lam=4.312e-05 tau=0.00e+00 cg_it=2 shift=0 ckpt=3 alpha=0 acc mv=439
PCG_PREP o=137 rebuild=1 drift=0 previous_depth=3
E2_CAP o=137 retry=0 touched=2 ncam=52 raw=2824.2971817472003 capped=28.495996545442406 radius=388.03067567025153 median=0.6138889995847211 global_scale=1
ATTR_RADIUS o=137 raw_norm=2824.2971817472003 norm=28.495996545442399 radius=388.03067567025153 next_radius=388.03067567025153 lambda=4.3116332495857472e-05 next_lambda=4.3116332495857472e-05 rho=0.99992130382892008 accept=1
CLASSICAL_LM o=137 lambda=4.3116332495857472e-05 tau=4.3116332495857472e-05 prediction=4.2788841920739218 rho=0.99992130382892008 accept=1
  MFCG it 138 cost=2.580458e+05 lam=4.312e-05 tau=0.00e+00 cg_it=0 shift=0 ckpt=1 alpha=0 acc mv=441
PCG_PREP o=138 rebuild=1 drift=0 previous_depth=1
E2_CAP o=138 retry=0 touched=2 ncam=52 raw=2760.7244014665021 capped=89.444491132757889 radius=388.03067567025153 median=2.0636154662584096 global_scale=1
ATTR_RADIUS o=138 raw_norm=2760.7244014665025 norm=89.444491132757861 radius=388.03067567025153 next_radius=388.03067567025153 lambda=4.3116332495857472e-05 next_lambda=4.3116332495857472e-05 rho=0.99877104002593242 accept=1
CLASSICAL_LM o=138 lambda=4.3116332495857472e-05 tau=4.3116332495857472e-05 prediction=8.8169967017394892 rho=0.99877104002593242 accept=1
  MFCG it 139 cost=2.580370e+05 lam=4.312e-05 tau=0.00e+00 cg_it=2 shift=0 ckpt=3 alpha=0 acc mv=445
PCG_PREP o=139 rebuild=1 drift=0 previous_depth=3
E2_CAP o=139 retry=0 touched=2 ncam=52 raw=2814.9052037232545 capped=28.110532274788614 radius=388.03067567025153 median=0.60613248979674883 global_scale=1
ATTR_RADIUS o=139 raw_norm=2814.9052037232541 norm=28.110532274788614 radius=388.03067567025153 next_radius=388.03067567025153 lambda=4.3116332495857472e-05 next_lambda=4.3116332495857472e-05 rho=0.99992364597532468 accept=1
CLASSICAL_LM o=139 lambda=4.3116332495857472e-05 tau=4.3116332495857472e-05 prediction=4.1793294772477072 rho=0.99992364597532468 accept=1
  MFCG it 140 cost=2.580328e+05 lam=4.312e-05 tau=0.00e+00 cg_it=0 shift=0 ckpt=1 alpha=0 acc mv=447
PCG_PREP o=140 rebuild=1 drift=0 previous_depth=1
E2_CAP o=140 retry=0 touched=2 ncam=52 raw=2751.7793540502184 capped=88.128141887486393 radius=388.03067567025153 median=2.0332484288351935 global_scale=1
ATTR_RADIUS o=140 raw_norm=2751.779354050218 norm=88.128141887486393 radius=388.03067567025153 next_radius=388.03067567025153 lambda=4.3116332495857472e-05 next_lambda=4.3116332495857472e-05 rho=0.99880379918404072 accept=1
CLASSICAL_LM o=140 lambda=4.3116332495857472e-05 tau=4.3116332495857472e-05 prediction=8.616456560771427 rho=0.99880379918404072 accept=1
  MFCG it 141 cost=2.580242e+05 lam=4.312e-05 tau=0.00e+00 cg_it=2 shift=0 ckpt=3 alpha=0 acc mv=451
PCG_PREP o=141 rebuild=1 drift=0 previous_depth=3
E2_CAP o=141 retry=0 touched=2 ncam=52 raw=2805.6388714037021 capped=27.743080954528388 radius=388.03067567025153 median=0.59875296280597479 global_scale=1
ATTR_RADIUS o=141 raw_norm=2805.6388714037016 norm=27.743080954528388 radius=388.03067567025153 next_radius=388.03067567025153 lambda=4.3116332495857472e-05 next_lambda=4.3116332495857472e-05 rho=0.99992573316604716 accept=1
CLASSICAL_LM o=141 lambda=4.3116332495857472e-05 tau=4.3116332495857472e-05 prediction=4.085063549112637 rho=0.99992573316604716 accept=1
  MFCG it 142 cost=2.580201e+05 lam=4.312e-05 tau=0.00e+00 cg_it=0 shift=0 ckpt=1 alpha=0 acc mv=453
PCG_PREP o=142 rebuild=1 drift=0 previous_depth=1
E2_CAP o=142 retry=0 touched=2 ncam=52 raw=2743.0384097391075 capped=86.840369108788934 radius=388.03067567025153 median=2.0035332276625937 global_scale=1
ATTR_RADIUS o=142 raw_norm=2743.0384097391075 norm=86.840369108788934 radius=388.03067567025153 next_radius=388.03067567025153 lambda=4.3116332495857472e-05 next_lambda=4.3116332495857472e-05 rho=0.99883486780214725 accept=1
CLASSICAL_LM o=142 lambda=4.3116332495857472e-05 tau=4.3116332495857472e-05 prediction=8.4223828418596121 rho=0.99883486780214725 accept=1
  MFCG it 143 cost=2.580117e+05 lam=4.312e-05 tau=0.00e+00 cg_it=2 shift=0 ckpt=3 alpha=0 acc mv=457
PCG_PREP o=143 rebuild=1 drift=0 previous_depth=3
E2_CAP o=143 retry=0 touched=2 ncam=52 raw=2796.5039549952039 capped=27.390273599350159 radius=388.03067567025153 median=0.59166986349750283 global_scale=1
ATTR_RADIUS o=143 raw_norm=2796.5039549952044 norm=27.390273599350159 radius=388.03067567025153 next_radius=388.03067567025153 lambda=4.3116332495857472e-05 next_lambda=4.3116332495857472e-05 rho=0.99992758241242508 accept=1
CLASSICAL_LM o=143 lambda=4.3116332495857472e-05 tau=4.3116332495857472e-05 prediction=3.995446125257101 rho=0.99992758241242508 accept=1
  MFCG it 144 cost=2.580077e+05 lam=4.312e-05 tau=0.00e+00 cg_it=0 shift=0 ckpt=1 alpha=0 acc mv=459
PCG_PREP o=144 rebuild=1 drift=0 previous_depth=1
E2_CAP o=144 retry=0 touched=2 ncam=52 raw=2734.491937599942 capped=85.585713214532262 radius=388.03067567025153 median=1.9745822647201119 global_scale=1
ATTR_RADIUS o=144 raw_norm=2734.4919375999425 norm=85.585713214532262 radius=388.03067567025153 next_radius=388.03067567025153 lambda=4.3116332495857472e-05 next_lambda=4.3116332495857472e-05 rho=0.99886433496581983 accept=1
CLASSICAL_LM o=144 lambda=4.3116332495857472e-05 tau=4.3116332495857472e-05 prediction=8.2351603067946062 rho=0.99886433496581983 accept=1
  MFCG it 145 cost=2.579995e+05 lam=4.312e-05 tau=0.00e+00 cg_it=2 shift=0 ckpt=3 alpha=0 acc mv=463
PCG_PREP o=145 rebuild=1 drift=0 previous_depth=3
E2_CAP o=145 retry=0 touched=2 ncam=52 raw=2787.5037199715016 capped=27.052874583707474 radius=388.03067567025153 median=0.58490729445347212 global_scale=1
ATTR_RADIUS o=145 raw_norm=2787.5037199715011 norm=27.052874583707474 radius=388.03067567025153 next_radius=388.03067567025153 lambda=4.3116332495857472e-05 next_lambda=4.3116332495857472e-05 rho=0.99992921659827694 accept=1
CLASSICAL_LM o=145 lambda=4.3116332495857472e-05 tau=4.3116332495857472e-05 prediction=3.9103460816968072 rho=0.99992921659827694 accept=1
  MFCG it 146 cost=2.579956e+05 lam=4.312e-05 tau=0.00e+00 cg_it=0 shift=0 ckpt=1 alpha=0 acc mv=465
PCG_PREP o=146 rebuild=1 drift=0 previous_depth=1
E2_CAP o=146 retry=0 touched=2 ncam=52 raw=2726.1343139246583 capped=84.361083296840448 radius=388.03067567025153 median=1.9463221136899929 global_scale=1
ATTR_RADIUS o=146 raw_norm=2726.1343139246592 norm=84.361083296840448 radius=388.03067567025153 next_radius=388.03067567025153 lambda=4.3116332495857472e-05 next_lambda=4.3116332495857472e-05 rho=0.99889231441773108 accept=1
CLASSICAL_LM o=146 lambda=4.3116332495857472e-05 tau=4.3116332495857472e-05 prediction=8.0542626648344147 rho=0.99889231441773108 accept=1
  MFCG it 147 cost=2.579875e+05 lam=4.312e-05 tau=0.00e+00 cg_it=2 shift=0 ckpt=3 alpha=0 acc mv=469
PCG_PREP o=147 rebuild=1 drift=0 previous_depth=3
E2_CAP o=147 retry=0 touched=2 ncam=52 raw=2778.6407748690717 capped=26.70568209149264 radius=388.03067567025153 median=0.57782275450989529 global_scale=1
ATTR_RADIUS o=147 raw_norm=2778.6407748690726 norm=26.705682091492644 radius=388.03067567025153 next_radius=388.03067567025153 lambda=4.3116332495857472e-05 next_lambda=4.3116332495857472e-05 rho=0.99993081006132367 accept=1
CLASSICAL_LM o=147 lambda=4.3116332495857472e-05 tau=4.3116332495857472e-05 prediction=3.8265595003119772 rho=0.99993081006132367 accept=1
  MFCG it 148 cost=2.579837e+05 lam=4.312e-05 tau=0.00e+00 cg_it=0 shift=0 ckpt=1 alpha=0 acc mv=471
PCG_PREP o=148 rebuild=1 drift=0 previous_depth=1
E2_CAP o=148 retry=0 touched=2 ncam=52 raw=2717.9581014518153 capped=83.166490339267497 radius=388.03067567025153 median=1.918755304689117 global_scale=1
ATTR_RADIUS o=148 raw_norm=2717.9581014518153 norm=83.166490339267497 radius=388.03067567025153 next_radius=388.03067567025153 lambda=4.3116332495857472e-05 next_lambda=4.3116332495857472e-05 rho=0.99891886723851364 accept=1
CLASSICAL_LM o=148 lambda=4.3116332495857472e-05 tau=4.3116332495857472e-05 prediction=7.8796495025996736 rho=0.99891886723851364 accept=1
  MFCG it 149 cost=2.579758e+05 lam=4.312e-05 tau=0.00e+00 cg_it=2 shift=0 ckpt=3 alpha=0 acc mv=475
PCG_PREP o=149 rebuild=1 drift=0 previous_depth=3
E2_CAP o=149 retry=0 touched=2 ncam=52 raw=2769.9188872867471 capped=26.353826079709009 radius=388.03067567025153 median=0.57055315764796577 global_scale=1
ATTR_RADIUS o=149 raw_norm=2769.9188872867471 norm=26.353826079709005 radius=388.03067567025153 next_radius=388.03067567025153 lambda=4.3116332495857472e-05 next_lambda=4.3116332495857472e-05 rho=0.9999323435443177 accept=1
CLASSICAL_LM o=149 lambda=4.3116332495857472e-05 tau=4.3116332495857472e-05 prediction=3.7445827752159677 rho=0.9999323435443177 accept=1
  MFCG it 150 cost=2.579721e+05 lam=4.312e-05 tau=0.00e+00 cg_it=0 shift=0 ckpt=1 alpha=0 acc mv=477
PCG_PREP o=150 rebuild=1 drift=0 previous_depth=1
E2_CAP o=150 retry=0 touched=2 ncam=52 raw=2709.9579800163115 capped=81.998636930851902 radius=388.03067567025153 median=1.8918044463487869 global_scale=1
ATTR_RADIUS o=150 raw_norm=2709.9579800163115 norm=81.998636930851902 radius=388.03067567025153 next_radius=388.03067567025153 lambda=4.3116332495857472e-05 next_lambda=4.3116332495857472e-05 rho=0.99894415107943069 accept=1
CLASSICAL_LM o=150 lambda=4.3116332495857472e-05 tau=4.3116332495857472e-05 prediction=7.710847193594609 rho=0.99894415107943069 accept=1
  MFCG it 151 cost=2.579644e+05 lam=4.312e-05 tau=0.00e+00 cg_it=2 shift=0 ckpt=3 alpha=0 acc mv=481
PCG_PREP o=151 rebuild=1 drift=0 previous_depth=3
E2_CAP o=151 retry=0 touched=2 ncam=52 raw=2761.3398071201213 capped=26.030922376933901 radius=388.03067567025153 median=0.56396426642496711 global_scale=1
ATTR_RADIUS o=151 raw_norm=2761.3398071201213 norm=26.030922376933908 radius=388.03067567025153 next_radius=388.03067567025153 lambda=4.3116332495857472e-05 next_lambda=4.3116332495857472e-05 rho=0.9999336321320107 accept=1
CLASSICAL_LM o=151 lambda=4.3116332495857472e-05 tau=4.3116332495857472e-05 prediction=3.668253051127464 rho=0.9999336321320107 accept=1
  MFCG it 152 cost=2.579607e+05 lam=4.312e-05 tau=0.00e+00 cg_it=0 shift=0 ckpt=1 alpha=0 acc mv=483
PCG_PREP o=152 rebuild=1 drift=0 previous_depth=1
E2_CAP o=152 retry=0 touched=2 ncam=52 raw=2702.1266362746464 capped=80.858728699623029 radius=388.03067567025153 median=1.8654989074991211 global_scale=1
ATTR_RADIUS o=152 raw_norm=2702.1266362746469 norm=80.858728699623029 radius=388.03067567025153 next_radius=388.03067567025153 lambda=4.3116332495857472e-05 next_lambda=4.3116332495857472e-05 rho=0.99896822064992274 accept=1
CLASSICAL_LM o=152 lambda=4.3116332495857472e-05 tau=4.3116332495857472e-05 prediction=7.5476756954993354 rho=0.99896822064992274 accept=1
  MFCG it 153 cost=2.579532e+05 lam=4.312e-05 tau=0.00e+00 cg_it=2 shift=0 ckpt=3 alpha=0 acc mv=487
PCG_PREP o=153 rebuild=1 drift=0 previous_depth=3
E2_CAP o=153 retry=0 touched=2 ncam=52 raw=2752.9021408546505 capped=25.767273583126478 radius=388.03067567025153 median=0.55883537520299575 global_scale=1
ATTR_RADIUS o=153 raw_norm=2752.9021408546496 norm=25.767273583126482 radius=388.03067567025153 next_radius=388.03067567025153 lambda=4.3116332495857472e-05 next_lambda=4.3116332495857472e-05 rho=0.99993445933165659 accept=1
CLASSICAL_LM o=153 lambda=4.3116332495857472e-05 tau=4.3116332495857472e-05 prediction=3.6009158372532499 rho=0.99993445933165659 accept=1
  MFCG it 154 cost=2.579496e+05 lam=4.312e-05 tau=0.00e+00 cg_it=0 shift=0 ckpt=1 alpha=0 acc mv=489
PCG_PREP o=154 rebuild=1 drift=0 previous_depth=1
E2_CAP o=154 retry=0 touched=2 ncam=52 raw=2694.4546959330364 capped=79.745756196690664 radius=388.03067567025153 median=1.839814743341357 global_scale=1
ATTR_RADIUS o=154 raw_norm=2694.454695933036 norm=79.745756196690664 radius=388.03067567025153 next_radius=388.03067567025153 lambda=4.3116332495857472e-05 next_lambda=4.3116332495857472e-05 rho=0.99899116033673574 accept=1
CLASSICAL_LM o=154 lambda=4.3116332495857472e-05 tau=4.3116332495857472e-05 prediction=7.3896121140222402 rho=0.99899116033673574 accept=1
  MFCG it 155 cost=2.579422e+05 lam=4.312e-05 tau=0.00e+00 cg_it=2 shift=0 ckpt=3 alpha=0 acc mv=493
PCG_PREP o=155 rebuild=1 drift=0 previous_depth=3
E2_CAP o=155 retry=0 touched=2 ncam=52 raw=2744.5995354452416 capped=25.560797244609393 radius=388.03067567025153 median=0.55511117101916407 global_scale=1
ATTR_RADIUS o=155 raw_norm=2744.5995354452407 norm=25.560797244609397 radius=388.03067567025153 next_radius=388.03067567025153 lambda=4.3116332495857472e-05 next_lambda=4.3116332495857472e-05 rho=0.99993480549487457 accept=1
CLASSICAL_LM o=155 lambda=4.3116332495857472e-05 tau=4.3116332495857472e-05 prediction=3.5420534064148885 rho=0.99993480549487457 accept=1
  MFCG it 156 cost=2.579386e+05 lam=4.312e-05 tau=0.00e+00 cg_it=0 shift=0 ckpt=1 alpha=0 acc mv=495
PCG_PREP o=156 rebuild=1 drift=0 previous_depth=1
E2_CAP o=156 retry=0 touched=2 ncam=52 raw=2686.9330153950423 capped=78.658792378943474 radius=388.03067567025153 median=1.8147311093158203 global_scale=1
ATTR_RADIUS o=156 raw_norm=2686.9330153950418 norm=78.65879237894346 radius=388.03067567025153 next_radius=388.03067567025153 lambda=4.3116332495857472e-05 next_lambda=4.3116332495857472e-05 rho=0.99901299695331214 accept=1
CLASSICAL_LM o=156 lambda=4.3116332495857472e-05 tau=4.3116332495857472e-05 prediction=7.2362488020478155 rho=0.99901299695331214 accept=1
  MFCG it 157 cost=2.579314e+05 lam=4.312e-05 tau=0.00e+00 cg_it=2 shift=0 ckpt=3 alpha=0 acc mv=499
PCG_PREP o=157 rebuild=1 drift=0 previous_depth=3
E2_CAP o=157 retry=0 touched=2 ncam=52 raw=2736.4267917326747 capped=25.322758423265075 radius=388.03067567025153 median=0.55052430628837601 global_scale=1
ATTR_RADIUS o=157 raw_norm=2736.4267917326752 norm=25.322758423265078 radius=388.03067567025153 next_radius=388.03067567025153 lambda=4.3116332495857472e-05 next_lambda=4.3116332495857472e-05 rho=0.99993527518256431 accept=1
CLASSICAL_LM o=157 lambda=4.3116332495857472e-05 tau=4.3116332495857472e-05 prediction=3.481189308707147 rho=0.99993527518256431 accept=1
  MFCG it 158 cost=2.579279e+05 lam=4.312e-05 tau=0.00e+00 cg_it=0 shift=0 ckpt=1 alpha=0 acc mv=501
PCG_PREP o=158 rebuild=1 drift=0 previous_depth=1
E2_CAP o=158 retry=0 touched=2 ncam=52 raw=2679.5594892008585 capped=77.595195913104234 radius=388.03067567025153 median=1.7901843816113789 global_scale=1
ATTR_RADIUS o=158 raw_norm=2679.5594892008589 norm=77.595195913104249 radius=388.03067567025153 next_radius=388.03067567025153 lambda=4.3116332495857472e-05 next_lambda=4.3116332495857472e-05 rho=0.99903375733030242 accept=1
CLASSICAL_LM o=158 lambda=4.3116332495857472e-05 tau=4.3116332495857472e-05 prediction=7.0875230842553956 rho=0.99903375733030242 accept=1
  MFCG it 159 cost=2.579208e+05 lam=4.312e-05 tau=0.00e+00 cg_it=2 shift=0 ckpt=3 alpha=0 acc mv=505
PCG_PREP o=159 rebuild=1 drift=0 previous_depth=3
E2_CAP o=159 retry=0 touched=2 ncam=52 raw=2728.3881242853768 capped=25.070776484597765 radius=388.03067567025153 median=0.54553024151256579 global_scale=1
ATTR_RADIUS o=159 raw_norm=2728.3881242853768 norm=25.070776484597776 radius=388.03067567025153 next_radius=388.03067567025153 lambda=4.3116332495857472e-05 next_lambda=4.3116332495857472e-05 rho=0.99993575649990074 accept=1
CLASSICAL_LM o=159 lambda=4.3116332495857472e-05 tau=4.3116332495857472e-05 prediction=3.4203569183348121 rho=0.99993575649990074 accept=1
  MFCG it 160 cost=2.579174e+05 lam=4.312e-05 tau=0.00e+00 cg_it=0 shift=0 ckpt=1 alpha=0 acc mv=507
PCG_PREP o=160 rebuild=1 drift=0 previous_depth=1
E2_CAP o=160 retry=0 touched=2 ncam=52 raw=2672.3295999664615 capped=76.55362323149923 radius=388.03067567025153 median=1.7661430098209638 global_scale=1
ATTR_RADIUS o=160 raw_norm=2672.3295999664615 norm=76.55362323149923 radius=388.03067567025153 next_radius=388.03067567025153 lambda=4.3116332495857472e-05 next_lambda=4.3116332495857472e-05 rho=0.99905353567041411 accept=1
CLASSICAL_LM o=160 lambda=4.3116332495857472e-05 tau=4.3116332495857472e-05 prediction=6.9432999708544978 rho=0.99905353567041411 accept=1
  MFCG it 161 cost=2.579105e+05 lam=4.312e-05 tau=0.00e+00 cg_it=2 shift=0 ckpt=3 alpha=0 acc mv=511
PCG_PREP o=161 rebuild=1 drift=0 previous_depth=3
E2_CAP o=161 retry=0 touched=2 ncam=52 raw=2720.4848956427204 capped=24.822003845876623 radius=388.03067567025153 median=0.54057069504212352 global_scale=1
ATTR_RADIUS o=161 raw_norm=2720.4848956427209 norm=24.822003845876623 radius=388.03067567025153 next_radius=388.03067567025153 lambda=4.3116332495857472e-05 next_lambda=4.3116332495857472e-05 rho=0.99993616324183354 accept=1
CLASSICAL_LM o=161 lambda=4.3116332495857472e-05 tau=4.3116332495857472e-05 prediction=3.3614681121618486 rho=0.99993616324183354 accept=1
  MFCG it 162 cost=2.579071e+05 lam=4.312e-05 tau=0.00e+00 cg_it=0 shift=0 ckpt=1 alpha=0 acc mv=513
PCG_PREP o=162 rebuild=1 drift=0 previous_depth=1
E2_CAP o=162 retry=0 touched=2 ncam=52 raw=2665.238201334927 capped=75.537639639548658 radius=388.03067567025153 median=1.7426962325774462 global_scale=1
ATTR_RADIUS o=162 raw_norm=2665.2382013349275 norm=75.537639639548644 radius=388.03067567025153 next_radius=388.03067567025153 lambda=4.3116332495857472e-05 next_lambda=4.3116332495857472e-05 rho=0.99907242579637789 accept=1
CLASSICAL_LM o=162 lambda=4.3116332495857472e-05 tau=4.3116332495857472e-05 prediction=6.8038108793729926 rho=0.99907242579637789 accept=1
  MFCG it 163 cost=2.579003e+05 lam=4.312e-05 tau=0.00e+00 cg_it=2 shift=0 ckpt=3 alpha=0 acc mv=517
PCG_PREP o=163 rebuild=1 drift=0 previous_depth=3
E2_CAP o=163 retry=0 touched=2 ncam=52 raw=2712.7156547109216 capped=24.57393754060605 radius=388.03067567025153 median=0.53558486788940107 global_scale=1
ATTR_RADIUS o=163 raw_norm=2712.7156547109216 norm=24.57393754060605 radius=388.03067567025153 next_radius=388.03067567025153 lambda=4.3116332495857472e-05 next_lambda=4.3116332495857472e-05 rho=0.99993654243763652 accept=1
CLASSICAL_LM o=163 lambda=4.3116332495857472e-05 tau=4.3116332495857472e-05 prediction=3.3041544065490496 rho=0.99993654243763652 accept=1
  MFCG it 164 cost=2.578970e+05 lam=4.312e-05 tau=0.00e+00 cg_it=0 shift=0 ckpt=1 alpha=0 acc mv=519
PCG_PREP o=164 rebuild=1 drift=0 previous_depth=1
E2_CAP o=164 retry=0 touched=2 ncam=52 raw=2707.1772392913085 capped=22.714421637416343 radius=388.03067567025153 median=0.51583992129296163 global_scale=1
ATTR_RADIUS o=164 raw_norm=2707.1772392913081 norm=22.714421637416347 radius=388.03067567025153 next_radius=388.03067567025153 lambda=4.3116332495857472e-05 next_lambda=4.3116332495857472e-05 rho=0.99993476282711435 accept=1
CLASSICAL_LM o=164 lambda=4.3116332495857472e-05 tau=4.3116332495857472e-05 prediction=2.6123838930098171 rho=0.99993476282711435 accept=1
  MFCG it 165 cost=2.578944e+05 lam=4.312e-05 tau=0.00e+00 cg_it=0 shift=0 ckpt=1 alpha=0 acc mv=521
PCG_PREP o=165 rebuild=1 drift=0 previous_depth=1
E2_CAP o=165 retry=0 touched=2 ncam=52 raw=2656.8740360195889 capped=82.628805418646991 radius=388.03067567025153 median=1.9007071652291183 global_scale=1
ATTR_RADIUS o=165 raw_norm=2656.8740360195889 norm=82.628805418646976 radius=388.03067567025153 next_radius=388.03067567025153 lambda=4.3116332495857472e-05 next_lambda=4.3116332495857472e-05 rho=0.99896688867300198 accept=1
CLASSICAL_LM o=165 lambda=4.3116332495857472e-05 tau=4.3116332495857472e-05 prediction=7.1695836258884773 rho=0.99896688867300198 accept=1
  MFCG it 166 cost=2.578872e+05 lam=4.312e-05 tau=0.00e+00 cg_it=2 shift=0 ckpt=3 alpha=0 acc mv=525
PCG_PREP o=166 rebuild=1 drift=0 previous_depth=3
E2_CAP o=166 retry=0 touched=2 ncam=52 raw=2702.5225844477491 capped=23.792161980883751 radius=388.03067567025153 median=0.5187983885176507 global_scale=1
ATTR_RADIUS o=166 raw_norm=2702.5225844477491 norm=23.792161980883755 radius=388.03067567025153 next_radius=388.03067567025153 lambda=4.3116332495857472e-05 next_lambda=4.3116332495857472e-05 rho=0.99992070190320759 accept=1
CLASSICAL_LM o=166 lambda=4.3116332495857472e-05 tau=4.3116332495857472e-05 prediction=3.1601405792609141 rho=0.99992070190320759 accept=1
  MFCG it 167 cost=2.578841e+05 lam=4.312e-05 tau=0.00e+00 cg_it=0 shift=0 ckpt=1 alpha=0 acc mv=527
PCG_PREP o=167 rebuild=1 drift=0 previous_depth=1
E2_CAP o=167 retry=0 touched=2 ncam=52 raw=2649.4120238247915 capped=75.830416720678272 radius=388.03067567025153 median=1.7509104161013587 global_scale=1
ATTR_RADIUS o=167 raw_norm=2649.4120238247906 norm=75.830416720678272 radius=388.03067567025153 next_radius=388.03067567025153 lambda=4.3116332495857472e-05 next_lambda=4.3116332495857472e-05 rho=0.99903192352025594 accept=1
CLASSICAL_LM o=167 lambda=4.3116332495857472e-05 tau=4.3116332495857472e-05 prediction=6.6958438913437561 rho=0.99903192352025594 accept=1
  MFCG it 168 cost=2.578774e+05 lam=4.312e-05 tau=0.00e+00 cg_it=2 shift=0 ckpt=3 alpha=0 acc mv=531
PCG_PREP o=168 rebuild=1 drift=0 previous_depth=3
E2_CAP o=168 retry=0 touched=2 ncam=52 raw=2695.3335001099067 capped=23.810733505479963 radius=388.03067567025153 median=0.51979890034468723 global_scale=1
ATTR_RADIUS o=168 raw_norm=2695.3335001099067 norm=23.81073350547997 radius=388.03067567025153 next_radius=388.03067567025153 lambda=4.3116332495857472e-05 next_lambda=4.3116332495857472e-05 rho=0.99993011482417915 accept=1
CLASSICAL_LM o=168 lambda=4.3116332495857472e-05 tau=4.3116332495857472e-05 prediction=3.1434005158546876 rho=0.99993011482417915 accept=1
  MFCG it 169 cost=2.578743e+05 lam=4.312e-05 tau=0.00e+00 cg_it=0 shift=0 ckpt=1 alpha=0 acc mv=533
PCG_PREP o=169 rebuild=1 drift=0 previous_depth=1
E2_CAP o=169 retry=0 touched=2 ncam=52 raw=2642.5194836835012 capped=75.151415788609611 radius=388.03067567025153 median=1.7359391905731529 global_scale=1
ATTR_RADIUS o=169 raw_norm=2642.5194836835003 norm=75.151415788609611 radius=388.03067567025153 next_radius=388.03067567025153 lambda=4.3116332495857472e-05 next_lambda=4.3116332495857472e-05 rho=0.99906451064980073 accept=1
CLASSICAL_LM o=169 lambda=4.3116332495857472e-05 tau=4.3116332495857472e-05 prediction=6.6324683962349784 rho=0.99906451064980073 accept=1
  MFCG it 170 cost=2.578676e+05 lam=4.312e-05 tau=0.00e+00 cg_it=2 shift=0 ckpt=3 alpha=0 acc mv=537
PCG_PREP o=170 rebuild=1 drift=0 previous_depth=3
E2_CAP o=170 retry=0 touched=2 ncam=52 raw=2687.9632050927239 capped=23.641708353097762 radius=388.03067567025153 median=0.51652559288361877 global_scale=1
ATTR_RADIUS o=170 raw_norm=2687.9632050927235 norm=23.641708353097748 radius=388.03067567025153 next_radius=388.03067567025153 lambda=4.3116332495857472e-05 next_lambda=4.3116332495857472e-05 rho=0.99993364608947366 accept=1
CLASSICAL_LM o=170 lambda=4.3116332495857472e-05 tau=4.3116332495857472e-05 prediction=3.1031997325305269 rho=0.99993364608947366 accept=1
  MFCG it 171 cost=2.578645e+05 lam=4.312e-05 tau=0.00e+00 cg_it=0 shift=0 ckpt=1 alpha=0 acc mv=539
PCG_PREP o=171 rebuild=1 drift=0 previous_depth=1
E2_CAP o=171 retry=0 touched=2 ncam=52 raw=2635.7716393248429 capped=73.300993712063701 radius=388.03067567025153 median=1.6925143480923597 global_scale=1
ATTR_RADIUS o=171 raw_norm=2635.7716393248429 norm=73.300993712063686 radius=388.03067567025153 next_radius=388.03067567025153 lambda=4.3116332495857472e-05 next_lambda=4.3116332495857472e-05 rho=0.99909994527178148 accept=1
CLASSICAL_LM o=171 lambda=4.3116332495857472e-05 tau=4.3116332495857472e-05 prediction=6.43149622707275 rho=0.99909994527178148 accept=1
  MFCG it 172 cost=2.578581e+05 lam=4.312e-05 tau=0.00e+00 cg_it=2 shift=0 ckpt=3 alpha=0 acc mv=543
PCG_PREP o=172 rebuild=1 drift=0 previous_depth=3
E2_CAP o=172 retry=0 touched=2 ncam=52 raw=2680.6667121464252 capped=23.448860067491594 radius=388.03067567025153 median=0.51267535983127543 global_scale=1
ATTR_RADIUS o=172 raw_norm=2680.6667121464243 norm=23.448860067491601 radius=388.03067567025153 next_radius=388.03067567025153 lambda=4.3116332495857472e-05 next_lambda=4.3116332495857472e-05 rho=0.99993528121226016 accept=1
CLASSICAL_LM o=172 lambda=4.3116332495857472e-05 tau=4.3116332495857472e-05 prediction=3.0595285058256776 rho=0.99993528121226016 accept=1
  MFCG it 173 cost=2.578550e+05 lam=4.312e-05 tau=0.00e+00 cg_it=0 shift=0 ckpt=1 alpha=0 acc mv=545
PCG_PREP o=173 rebuild=1 drift=0 previous_depth=1
E2_CAP o=173 retry=0 touched=2 ncam=52 raw=2675.237926554978 capped=21.34293230605088 radius=388.03067567025153 median=0.48475835532737843 global_scale=1
ATTR_RADIUS o=173 raw_norm=2675.2379265549771 norm=21.34293230605088 radius=388.03067567025153 next_radius=388.03067567025153 lambda=4.3116332495857472e-05 next_lambda=4.3116332495857472e-05 rho=0.9999455922755871 accept=1
CLASSICAL_LM o=173 lambda=4.3116332495857472e-05 tau=4.3116332495857472e-05 prediction=2.3960371819613218 rho=0.9999455922755871 accept=1
  MFCG it 174 cost=2.578526e+05 lam=4.312e-05 tau=0.00e+00 cg_it=0 shift=0 ckpt=1 alpha=0 acc mv=547
PCG_PREP o=174 rebuild=1 drift=0 previous_depth=1
E2_CAP o=174 retry=0 touched=2 ncam=52 raw=2627.9481098547581 capped=77.802659563569421 radius=388.03067567025153 median=1.788999979100105 global_scale=1
ATTR_RADIUS o=174 raw_norm=2627.9481098547585 norm=77.802659563569449 radius=388.03067567025153 next_radius=388.03067567025153 lambda=4.3116332495857472e-05 next_lambda=4.3116332495857472e-05 rho=0.99903380094478678 accept=1
CLASSICAL_LM o=174 lambda=4.3116332495857472e-05 tau=4.3116332495857472e-05 prediction=6.5242315184213302 rho=0.99903380094478678 accept=1
  MFCG it 175 cost=2.578461e+05 lam=4.312e-05 tau=0.00e+00 cg_it=2 shift=0 ckpt=3 alpha=0 acc mv=551
PCG_PREP o=175 rebuild=1 drift=0 previous_depth=3
E2_CAP o=175 retry=0 touched=2 ncam=52 raw=2671.338133568478 capped=22.820127758565235 radius=388.03067567025153 median=0.4993095321027648 global_scale=1
ATTR_RADIUS o=175 raw_norm=2671.338133568479 norm=22.820127758565238 radius=388.03067567025153 next_radius=388.03067567025153 lambda=4.3116332495857472e-05 next_lambda=4.3116332495857472e-05 rho=0.99991536503157608 accept=1
CLASSICAL_LM o=175 lambda=4.3116332495857472e-05 tau=4.3116332495857472e-05 prediction=2.9473439034576354 rho=0.99991536503157608 accept=1
  MFCG it 176 cost=2.578432e+05 lam=4.312e-05 tau=0.00e+00 cg_it=0 shift=0 ckpt=1 alpha=0 acc mv=553
PCG_PREP o=176 rebuild=1 drift=0 previous_depth=1
E2_CAP o=176 retry=0 touched=2 ncam=52 raw=2621.0598860892605 capped=73.436080631234319 radius=388.03067567025153 median=1.6969694489368541 global_scale=1
ATTR_RADIUS o=176 raw_norm=2621.0598860892601 norm=73.436080631234319 radius=388.03067567025153 next_radius=388.03067567025153 lambda=4.3116332495857472e-05 next_lambda=4.3116332495857472e-05 rho=0.99906743186414226 accept=1
CLASSICAL_LM o=176 lambda=4.3116332495857472e-05 tau=4.3116332495857472e-05 prediction=6.3290095318120869 rho=0.99906743186414226 accept=1
  MFCG it 177 cost=2.578369e+05 lam=4.312e-05 tau=0.00e+00 cg_it=2 shift=0 ckpt=3 alpha=0 acc mv=557
PCG_PREP o=177 rebuild=1 drift=0 previous_depth=3
E2_CAP o=177 retry=0 touched=2 ncam=52 raw=2664.5064288239955 capped=22.802080237755813 radius=388.03067567025153 median=0.49932321570718974 global_scale=1
ATTR_RADIUS o=177 raw_norm=2664.506428823996 norm=22.80208023775581 radius=388.03067567025153 next_radius=388.03067567025153 lambda=4.3116332495857472e-05 next_lambda=4.3116332495857472e-05 rho=0.99992917828964367 accept=1
CLASSICAL_LM o=177 lambda=4.3116332495857472e-05 tau=4.3116332495857472e-05 prediction=2.9290672321636082 rho=0.99992917828964367 accept=1
  MFCG it 178 cost=2.578339e+05 lam=4.312e-05 tau=0.00e+00 cg_it=0 shift=0 ckpt=1 alpha=0 acc mv=559
PCG_PREP o=178 rebuild=1 drift=0 previous_depth=1
E2_CAP o=178 retry=0 touched=2 ncam=52 raw=2614.5862235223444 capped=72.537747526793154 radius=388.03067567025153 median=1.6766598248894242 global_scale=1
ATTR_RADIUS o=178 raw_norm=2614.586223522344 norm=72.53774752679314 radius=388.03067567025153 next_radius=388.03067567025153 lambda=4.3116332495857472e-05 next_lambda=4.3116332495857472e-05 rho=0.99910629168041987 accept=1
CLASSICAL_LM o=178 lambda=4.3116332495857472e-05 tau=4.3116332495857472e-05 prediction=6.2529910277363836 rho=0.99910629168041987 accept=1
  MFCG it 179 cost=2.578277e+05 lam=4.312e-05 tau=0.00e+00 cg_it=2 shift=0 ckpt=3 alpha=0 acc mv=563
PCG_PREP o=179 rebuild=1 drift=0 previous_depth=3
E2_CAP o=179 retry=0 touched=2 ncam=52 raw=2657.5018609609651 capped=22.479325602083382 radius=388.03067567025153 median=0.4920110670680205 global_scale=1
ATTR_RADIUS o=179 raw_norm=2657.5018609609651 norm=22.479325602083382 radius=388.03067567025153 next_radius=388.03067567025153 lambda=4.3116332495857472e-05 next_lambda=4.3116332495857472e-05 rho=0.99993502194770545 accept=1
CLASSICAL_LM o=179 lambda=4.3116332495857472e-05 tau=4.3116332495857472e-05 prediction=2.8760238468498569 rho=0.99993502194770545 accept=1
  MFCG it 180 cost=2.578248e+05 lam=4.312e-05 tau=0.00e+00 cg_it=0 shift=0 ckpt=1 alpha=0 acc mv=565
PCG_PREP o=180 rebuild=1 drift=0 previous_depth=1
E2_CAP o=180 retry=0 touched=2 ncam=52 raw=2652.1945774888482 capped=20.427976366414345 radius=388.03067567025153 median=0.46412810560427387 global_scale=1
ATTR_RADIUS o=180 raw_norm=2652.1945774888477 norm=20.427976366414342 radius=388.03067567025153 next_radius=388.03067567025153 lambda=4.3116332495857472e-05 next_lambda=4.3116332495857472e-05 rho=0.99995256134239474 accept=1
CLASSICAL_LM o=180 lambda=4.3116332495857472e-05 tau=4.3116332495857472e-05 prediction=2.2559642183841651 rho=0.99995256134239474 accept=1
  MFCG it 181 cost=2.578225e+05 lam=4.312e-05 tau=0.00e+00 cg_it=0 shift=0 ckpt=1 alpha=0 acc mv=567
PCG_PREP o=181 rebuild=1 drift=0 previous_depth=1
E2_CAP o=181 retry=0 touched=2 ncam=52 raw=2607.0781439635161 capped=72.96901342833057 radius=388.03067567025153 median=1.6756389116130215 global_scale=1
ATTR_RADIUS o=181 raw_norm=2607.0781439635166 norm=72.96901342833057 radius=388.03067567025153 next_radius=388.03067567025153 lambda=4.3116332495857472e-05 next_lambda=4.3116332495857472e-05 rho=0.99909151587863265 accept=1
CLASSICAL_LM o=181 lambda=4.3116332495857472e-05 tau=4.3116332495857472e-05 prediction=5.9388577546989412 rho=0.99909151587863265 accept=1
  MFCG it 182 cost=2.578166e+05 lam=4.312e-05 tau=0.00e+00 cg_it=2 shift=0 ckpt=3 alpha=0 acc mv=571
PCG_PREP o=182 rebuild=1 drift=0 previous_depth=3
E2_CAP o=182 retry=0 touched=2 ncam=52 raw=2648.9168987915891 capped=21.866568912253477 radius=388.03067567025153 median=0.47863741660825387 global_scale=1
ATTR_RADIUS o=182 raw_norm=2648.9168987915896 norm=21.866568912253477 radius=388.03067567025153 next_radius=388.03067567025153 lambda=4.3116332495857472e-05 next_lambda=4.3116332495857472e-05 rho=0.9999115180056829 accept=1
CLASSICAL_LM o=182 lambda=4.3116332495857472e-05 tau=4.3116332495857472e-05 prediction=2.7763597908050399 rho=0.9999115180056829 accept=1
  MFCG it 183 cost=2.578138e+05 lam=4.312e-05 tau=0.00e+00 cg_it=0 shift=0 ckpt=1 alpha=0 acc mv=573
PCG_PREP o=183 rebuild=1 drift=0 previous_depth=1
E2_CAP o=183 retry=0 touched=2 ncam=52 raw=2600.7020515584263 capped=71.679589323561132 radius=388.03067567025153 median=1.6573046770589455 global_scale=1
ATTR_RADIUS o=183 raw_norm=2600.7020515584259 norm=71.679589323561132 radius=388.03067567025153 next_radius=388.03067567025153 lambda=4.3116332495857472e-05 next_lambda=4.3116332495857472e-05 rho=0.99908711988036958 accept=1
CLASSICAL_LM o=183 lambda=4.3116332495857472e-05 tau=4.3116332495857472e-05 prediction=6.0716002092421579 rho=0.99908711988036958 accept=1
  MFCG it 184 cost=2.578078e+05 lam=4.312e-05 tau=0.00e+00 cg_it=2 shift=0 ckpt=3 alpha=0 acc mv=577
PCG_PREP o=184 rebuild=1 drift=0 previous_depth=3
E2_CAP o=184 retry=0 touched=2 ncam=52 raw=2642.3502653177252 capped=21.987399888662953 radius=388.03067567025153 median=0.4821913153419447 global_scale=1
ATTR_RADIUS o=184 raw_norm=2642.3502653177243 norm=21.987399888662956 radius=388.03067567025153 next_radius=388.03067567025153 lambda=4.3116332495857472e-05 next_lambda=4.3116332495857472e-05 rho=0.99992869546413576 accept=1
CLASSICAL_LM o=184 lambda=4.3116332495857472e-05 tau=4.3116332495857472e-05 prediction=2.7741427653583131 rho=0.99992869546413576 accept=1
  MFCG it 185 cost=2.578050e+05 lam=4.312e-05 tau=0.00e+00 cg_it=0 shift=0 ckpt=1 alpha=0 acc mv=579
PCG_PREP o=185 rebuild=1 drift=0 previous_depth=1
E2_CAP o=185 retry=0 touched=1 ncam=52 raw=2594.5305290545684 capped=70.654947376021511 radius=388.03067567025153 median=1.6348308041572557 global_scale=1
ATTR_RADIUS o=185 raw_norm=2594.5305290545689 norm=70.654947376021511 radius=388.03067567025153 next_radius=388.03067567025153 lambda=4.3116332495857472e-05 next_lambda=4.3116332495857472e-05 rho=0.99913442066618829 accept=1
CLASSICAL_LM o=185 lambda=4.3116332495857472e-05 tau=4.3116332495857472e-05 prediction=5.9944735506756315 rho=0.99913442066618829 accept=1
  MFCG it 186 cost=2.577990e+05 lam=4.312e-05 tau=0.00e+00 cg_it=2 shift=0 ckpt=3 alpha=0 acc mv=583
PCG_PREP o=186 rebuild=1 drift=0 previous_depth=3
E2_CAP o=186 retry=0 touched=2 ncam=52 raw=2635.5963147939951 capped=21.794309794107736 radius=388.03067567025153 median=0.47806607995974792 global_scale=1
ATTR_RADIUS o=186 raw_norm=2635.5963147939951 norm=21.794309794107729 radius=388.03067567025153 next_radius=388.03067567025153 lambda=4.3116332495857472e-05 next_lambda=4.3116332495857472e-05 rho=0.99993542569440497 accept=1
CLASSICAL_LM o=186 lambda=4.3116332495857472e-05 tau=4.3116332495857472e-05 prediction=2.7379729442638987 rho=0.99993542569440497 accept=1
  MFCG it 187 cost=2.577963e+05 lam=4.312e-05 tau=0.00e+00 cg_it=0 shift=0 ckpt=1 alpha=0 acc mv=585
PCG_PREP o=187 rebuild=1 drift=0 previous_depth=1
E2_CAP o=187 retry=0 touched=2 ncam=52 raw=2630.3817647061619 capped=19.575329485441738 radius=388.03067567025153 median=0.44474848283593693 global_scale=1
ATTR_RADIUS o=187 raw_norm=2630.3817647061619 norm=19.575329485441742 radius=388.03067567025153 next_radius=388.03067567025153 lambda=4.3116332495857472e-05 next_lambda=4.3116332495857472e-05 rho=0.99996128338856116 accept=1
CLASSICAL_LM o=187 lambda=4.3116332495857472e-05 tau=4.3116332495857472e-05 prediction=2.1324711383104824 rho=0.99996128338856116 accept=1
  MFCG it 188 cost=2.577941e+05 lam=4.312e-05 tau=0.00e+00 cg_it=0 shift=0 ckpt=1 alpha=0 acc mv=587
PCG_PREP o=188 rebuild=1 drift=0 previous_depth=1
E2_CAP o=188 retry=0 touched=1 ncam=52 raw=2587.393742518027 capped=67.145499738161163 radius=388.03067567025153 median=1.6086615868376806 global_scale=1
ATTR_RADIUS o=188 raw_norm=2587.3937425180266 norm=67.145499738161163 radius=388.03067567025153 next_radius=388.03067567025153 lambda=4.3116332495857472e-05 next_lambda=4.3116332495857472e-05 rho=0.9991616924122193 accept=1
CLASSICAL_LM o=188 lambda=4.3116332495857472e-05 tau=4.3116332495857472e-05 prediction=5.5901851072882707 rho=0.9991616924122193 accept=1
  MFCG it 189 cost=2.577886e+05 lam=4.312e-05 tau=0.00e+00 cg_it=2 shift=0 ckpt=3 alpha=0 acc mv=591
PCG_PREP o=189 rebuild=1 drift=0 previous_depth=3
E2_CAP o=189 retry=0 touched=2 ncam=52 raw=2627.2701429966974 capped=21.018027996924545 radius=388.03067567025153 median=0.46021188477566205 global_scale=1
ATTR_RADIUS o=189 raw_norm=2627.2701429966974 norm=21.018027996924548 radius=388.03067567025153 next_radius=388.03067567025153 lambda=4.3116332495857472e-05 next_lambda=4.3116332495857472e-05 rho=0.99991387922117347 accept=1
CLASSICAL_LM o=189 lambda=4.3116332495857472e-05 tau=4.3116332495857472e-05 prediction=2.6269141499254873 rho=0.99991387922117347 accept=1
  MFCG it 190 cost=2.577859e+05 lam=4.312e-05 tau=0.00e+00 cg_it=0 shift=0 ckpt=1 alpha=0 acc mv=593
PCG_PREP o=190 rebuild=1 drift=0 previous_depth=1
E2_CAP o=190 retry=0 touched=1 ncam=52 raw=2581.3879796395154 capped=65.089829301035323 radius=388.03067567025153 median=1.6044489885411435 global_scale=1
ATTR_RADIUS o=190 raw_norm=2581.3879796395145 norm=65.089829301035323 radius=388.03067567025153 next_radius=388.03067567025153 lambda=4.3116332495857472e-05 next_lambda=4.3116332495857472e-05 rho=0.99915454126583148 accept=1
CLASSICAL_LM o=190 lambda=4.3116332495857472e-05 tau=4.3116332495857472e-05 prediction=5.7871847312496856 rho=0.99915454126583148 accept=1
  MFCG it 191 cost=2.577801e+05 lam=4.312e-05 tau=0.00e+00 cg_it=2 shift=0 ckpt=3 alpha=0 acc mv=597
PCG_PREP o=191 rebuild=1 drift=0 previous_depth=3
E2_CAP o=191 retry=0 touched=2 ncam=52 raw=2620.7483454913204 capped=21.15412988777415 radius=388.03067567025153 median=0.46404700090913165 global_scale=1
ATTR_RADIUS o=191 raw_norm=2620.7483454913204 norm=21.154129887774154 radius=388.03067567025153 next_radius=388.03067567025153 lambda=4.3116332495857472e-05 next_lambda=4.3116332495857472e-05 rho=0.99993294631376528 accept=1
CLASSICAL_LM o=191 lambda=4.3116332495857472e-05 tau=4.3116332495857472e-05 prediction=2.6262735784529925 rho=0.99993294631376528 accept=1
  MFCG it 192 cost=2.577775e+05 lam=4.312e-05 tau=0.00e+00 cg_it=0 shift=0 ckpt=1 alpha=0 acc mv=599
PCG_PREP o=192 rebuild=1 drift=0 previous_depth=1
E2_CAP o=192 retry=0 touched=2 ncam=52 raw=2615.6157958884837 capped=18.903729727604606 radius=388.03067567025153 median=0.42938593834405703 global_scale=1
ATTR_RADIUS o=192 raw_norm=2615.6157958884837 norm=18.90372972760461 radius=388.03067567025153 next_radius=388.03067567025153 lambda=4.3116332495857472e-05 next_lambda=4.3116332495857472e-05 rho=0.99996606786850994 accept=1
CLASSICAL_LM o=192 lambda=4.3116332495857472e-05 tau=4.3116332495857472e-05 prediction=2.036977521766155 rho=0.99996606786850994 accept=1
  MFCG it 193 cost=2.577755e+05 lam=4.312e-05 tau=0.00e+00 cg_it=0 shift=0 ckpt=1 alpha=0 acc mv=601
PCG_PREP o=193 rebuild=1 drift=0 previous_depth=1
E2_CAP o=193 retry=0 touched=1 ncam=52 raw=2574.4995918571485 capped=62.106988295096514 radius=388.03067567025153 median=1.5695166973800789 global_scale=1
ATTR_RADIUS o=193 raw_norm=2574.4995918571472 norm=62.106988295096492 radius=388.03067567025153 next_radius=388.03067567025153 lambda=4.3116332495857472e-05 next_lambda=4.3116332495857472e-05 rho=0.9991807112300003 accept=1
CLASSICAL_LM o=193 lambda=4.3116332495857472e-05 tau=4.3116332495857472e-05 prediction=5.3698561420584374 rho=0.9991807112300003 accept=1
  MFCG it 194 cost=2.577701e+05 lam=4.312e-05 tau=0.00e+00 cg_it=2 shift=0 ckpt=3 alpha=0 acc mv=605
PCG_PREP o=194 rebuild=1 drift=0 previous_depth=3
E2_CAP o=194 retry=0 touched=2 ncam=52 raw=2612.6724089741333 capped=20.417948544500245 radius=388.03067567025153 median=0.44701835922897293 global_scale=1
ATTR_RADIUS o=194 raw_norm=2612.6724089741328 norm=20.417948544500241 radius=388.03067567025153 next_radius=388.03067567025153 lambda=4.3116332495857472e-05 next_lambda=4.3116332495857472e-05 rho=0.99991203751999302 accept=1
CLASSICAL_LM o=194 lambda=4.3116332495857472e-05 tau=4.3116332495857472e-05 prediction=2.5237943057332175 rho=0.99991203751999302 accept=1
  MFCG it 195 cost=2.577676e+05 lam=4.312e-05 tau=0.00e+00 cg_it=0 shift=0 ckpt=1 alpha=0 acc mv=607
PCG_PREP o=195 rebuild=1 drift=0 previous_depth=1
E2_CAP o=195 retry=0 touched=1 ncam=52 raw=2568.7136007739423 capped=60.36756487385901 radius=388.03067567025153 median=1.5658321622059983 global_scale=1
ATTR_RADIUS o=195 raw_norm=2568.7136007739418 norm=60.367564873859031 radius=388.03067567025153 next_radius=388.03067567025153 lambda=4.3116332495857472e-05 next_lambda=4.3116332495857472e-05 rho=0.99918281678215548 accept=1
CLASSICAL_LM o=195 lambda=4.3116332495857472e-05 tau=4.3116332495857472e-05 prediction=5.5672326230194313 rho=0.99918281678215548 accept=1
  MFCG it 196 cost=2.577620e+05 lam=4.312e-05 tau=0.00e+00 cg_it=2 shift=0 ckpt=3 alpha=0 acc mv=611
PCG_PREP o=196 rebuild=1 drift=0 previous_depth=3
E2_CAP o=196 retry=0 touched=2 ncam=52 raw=2606.3574733602759 capped=20.577818730661267 radius=388.03067567025153 median=0.45137961974517427 global_scale=1
ATTR_RADIUS o=196 raw_norm=2606.3574733602759 norm=20.577818730661267 radius=388.03067567025153 next_radius=388.03067567025153 lambda=4.3116332495857472e-05 next_lambda=4.3116332495857472e-05 rho=0.99993198125659566 accept=1
CLASSICAL_LM o=196 lambda=4.3116332495857472e-05 tau=4.3116332495857472e-05 prediction=2.5271996938141101 rho=0.99993198125659566 accept=1
  MFCG it 197 cost=2.577595e+05 lam=4.312e-05 tau=0.00e+00 cg_it=0 shift=0 ckpt=1 alpha=0 acc mv=613
PCG_PREP o=197 rebuild=1 drift=0 previous_depth=1
E2_CAP o=197 retry=0 touched=2 ncam=52 raw=2601.3077602275243 capped=18.312112034585205 radius=388.03067567025153 median=0.41580541822046158 global_scale=1
ATTR_RADIUS o=197 raw_norm=2601.3077602275243 norm=18.312112034585201 radius=388.03067567025153 next_radius=388.03067567025153 lambda=4.3116332495857472e-05 next_lambda=4.3116332495857472e-05 rho=0.99997084827644589 accept=1
CLASSICAL_LM o=197 lambda=4.3116332495857472e-05 tau=4.3116332495857472e-05 prediction=1.9542467845802294 rho=0.99997084827644589 accept=1
  MFCG it 198 cost=2.577575e+05 lam=4.312e-05 tau=0.00e+00 cg_it=0 shift=0 ckpt=1 alpha=0 acc mv=615
PCG_PREP o=198 rebuild=1 drift=0 previous_depth=1
E2_CAP o=198 retry=0 touched=1 ncam=52 raw=2562.0873565790107 capped=58.292697362836655 radius=388.03067567025153 median=1.5446756085340283 global_scale=1
ATTR_RADIUS o=198 raw_norm=2562.0873565790098 norm=58.292697362836655 radius=388.03067567025153 next_radius=388.03067567025153 lambda=4.3116332495857472e-05 next_lambda=4.3116332495857472e-05 rho=0.99919920789162253 accept=1
CLASSICAL_LM o=198 lambda=4.3116332495857472e-05 tau=4.3116332495857472e-05 prediction=5.2220461521110906 rho=0.99919920789162253 accept=1
  MFCG it 199 cost=2.577523e+05 lam=4.312e-05 tau=0.00e+00 cg_it=2 shift=0 ckpt=3 alpha=0 acc mv=619
PCG_PREP o=199 rebuild=1 drift=0 previous_depth=3
E2_CAP o=199 retry=0 touched=2 ncam=52 raw=2598.4645028150112 capped=19.877532769053598 radius=388.03067567025153 median=0.43516301527244361 global_scale=1
ATTR_RADIUS o=199 raw_norm=2598.4645028150117 norm=19.877532769053598 radius=388.03067567025153 next_radius=388.03067567025153 lambda=4.3116332495857472e-05 next_lambda=4.3116332495857472e-05 rho=0.99991180289551596 accept=1
CLASSICAL_LM o=199 lambda=4.3116332495857472e-05 tau=4.3116332495857472e-05 prediction=2.4311864415927062 rho=0.99991180289551596 accept=1
  MFCG it 200 cost=2.577499e+05 lam=4.312e-05 tau=0.00e+00 cg_it=0 shift=0 ckpt=1 alpha=0 acc mv=621
PCG_PREP o=200 rebuild=1 drift=0 previous_depth=1
E2_CAP o=200 retry=0 touched=1 ncam=52 raw=2556.4649486991966 capped=56.5274279281833 radius=388.03067567025153 median=1.5303423175085471 global_scale=1
ATTR_RADIUS o=200 raw_norm=2556.4649486991966 norm=56.5274279281833 radius=388.03067567025153 next_radius=388.03067567025153 lambda=4.3116332495857472e-05 next_lambda=4.3116332495857472e-05 rho=0.99920917383762953 accept=1
CLASSICAL_LM o=200 lambda=4.3116332495857472e-05 tau=4.3116332495857472e-05 prediction=5.3713495987718103 rho=0.99920917383762953 accept=1
  MFCG it 201 cost=2.577445e+05 lam=4.312e-05 tau=0.00e+00 cg_it=2 shift=0 ckpt=3 alpha=0 acc mv=625
PCG_PREP o=201 rebuild=1 drift=0 previous_depth=3
E2_CAP o=201 retry=0 touched=2 ncam=52 raw=2592.3519338612323 capped=20.048538586934033 radius=388.03067567025153 median=0.43974969496379374 global_scale=1
ATTR_RADIUS o=201 raw_norm=2592.3519338612318 norm=20.048538586934029 radius=388.03067567025153 next_radius=388.03067567025153 lambda=4.3116332495857472e-05 next_lambda=4.3116332495857472e-05 rho=0.99993155722406057 accept=1
CLASSICAL_LM o=201 lambda=4.3116332495857472e-05 tau=4.3116332495857472e-05 prediction=2.4369315359246899 rho=0.99993155722406057 accept=1
  MFCG it 202 cost=2.577421e+05 lam=4.312e-05 tau=0.00e+00 cg_it=0 shift=0 ckpt=1 alpha=0 acc mv=627
PCG_PREP o=202 rebuild=1 drift=0 previous_depth=1
E2_CAP o=202 retry=0 touched=2 ncam=52 raw=2587.3867231905642 capped=17.775349824701827 radius=388.03067567025153 median=0.40347133943291413 global_scale=1
ATTR_RADIUS o=202 raw_norm=2587.3867231905633 norm=17.775349824701831 radius=388.03067567025153 next_radius=388.03067567025153 lambda=4.3116332495857472e-05 next_lambda=4.3116332495857472e-05 rho=0.9999753816479604 accept=1
CLASSICAL_LM o=202 lambda=4.3116332495857472e-05 tau=4.3116332495857472e-05 prediction=1.8800579396968267 rho=0.9999753816479604 accept=1
  MFCG it 203 cost=2.577402e+05 lam=4.312e-05 tau=0.00e+00 cg_it=0 shift=0 ckpt=1 alpha=0 acc mv=629
PCG_PREP o=203 rebuild=1 drift=0 previous_depth=1
E2_CAP o=203 retry=0 touched=1 ncam=52 raw=2550.0704111161094 capped=55.384530557028093 radius=388.03067567025153 median=1.5270002508091396 global_scale=1
ATTR_RADIUS o=203 raw_norm=2550.0704111161094 norm=55.384530557028079 radius=388.03067567025153 next_radius=388.03067567025153 lambda=4.3116332495857472e-05 next_lambda=4.3116332495857472e-05 rho=0.99921571736096249 accept=1
CLASSICAL_LM o=203 lambda=4.3116332495857472e-05 tau=4.3116332495857472e-05 prediction=5.111788336628595 rho=0.99921571736096249 accept=1
  MFCG it 204 cost=2.577351e+05 lam=4.312e-05 tau=0.00e+00 cg_it=2 shift=0 ckpt=3 alpha=0 acc mv=633
PCG_PREP o=204 rebuild=1 drift=0 previous_depth=3
E2_CAP o=204 retry=0 touched=2 ncam=52 raw=2584.6156610055364 capped=19.373680801350087 radius=388.03067567025153 median=0.42410926295360618 global_scale=1
ATTR_RADIUS o=204 raw_norm=2584.6156610055364 norm=19.373680801350091 radius=388.03067567025153 next_radius=388.03067567025153 lambda=4.3116332495857472e-05 next_lambda=4.3116332495857472e-05 rho=0.99991231514056589 accept=1
CLASSICAL_LM o=204 lambda=4.3116332495857472e-05 tau=4.3116332495857472e-05 prediction=2.3456020551819003 rho=0.99991231514056589 accept=1
  MFCG it 205 cost=2.577328e+05 lam=4.312e-05 tau=0.00e+00 cg_it=0 shift=0 ckpt=1 alpha=0 acc mv=635
PCG_PREP o=205 rebuild=1 drift=0 previous_depth=1
E2_CAP o=205 retry=0 touched=1 ncam=52 raw=2544.5790077741754 capped=53.383894801491891 radius=388.03067567025153 median=1.4970187233516574 global_scale=1
ATTR_RADIUS o=205 raw_norm=2544.5790077741744 norm=53.383894801491863 radius=388.03067567025153 next_radius=388.03067567025153 lambda=4.3116332495857472e-05 next_lambda=4.3116332495857472e-05 rho=0.99923320364809842 accept=1
CLASSICAL_LM o=205 lambda=4.3116332495857472e-05 tau=4.3116332495857472e-05 prediction=5.1930972009449743 rho=0.99923320364809842 accept=1
  MFCG it 206 cost=2.577276e+05 lam=4.312e-05 tau=0.00e+00 cg_it=2 shift=0 ckpt=3 alpha=0 acc mv=639
PCG_PREP o=206 rebuild=1 drift=0 previous_depth=3
E2_CAP o=206 retry=0 touched=2 ncam=52 raw=2578.7023326836297 capped=19.552770941915639 radius=388.03067567025153 median=0.42885394100550045 global_scale=1
ATTR_RADIUS o=206 raw_norm=2578.7023326836306 norm=19.552770941915643 radius=388.03067567025153 next_radius=388.03067567025153 lambda=4.3116332495857472e-05 next_lambda=4.3116332495857472e-05 rho=0.99993147871283405 accept=1
CLASSICAL_LM o=206 lambda=4.3116332495857472e-05 tau=4.3116332495857472e-05 prediction=2.3531562254548124 rho=0.99993147871283405 accept=1
  MFCG it 207 cost=2.577252e+05 lam=4.312e-05 tau=0.00e+00 cg_it=0 shift=0 ckpt=1 alpha=0 acc mv=641
PCG_PREP o=207 rebuild=1 drift=0 previous_depth=1
E2_CAP o=207 retry=0 touched=2 ncam=52 raw=2573.8242116758893 capped=17.278455869684343 radius=388.03067567025153 median=0.39204663871420564 global_scale=1
ATTR_RADIUS o=207 raw_norm=2573.8242116758897 norm=17.278455869684347 radius=388.03067567025153 next_radius=388.03067567025153 lambda=4.3116332495857472e-05 next_lambda=4.3116332495857472e-05 rho=0.99997962643752725 accept=1
CLASSICAL_LM o=207 lambda=4.3116332495857472e-05 tau=4.3116332495857472e-05 prediction=1.8121151815427881 rho=0.99997962643752725 accept=1
  MFCG it 208 cost=2.577234e+05 lam=4.312e-05 tau=0.00e+00 cg_it=0 shift=0 ckpt=1 alpha=0 acc mv=643
PCG_PREP o=208 rebuild=1 drift=0 previous_depth=1
E2_CAP o=208 retry=0 touched=1 ncam=52 raw=2538.3954159695563 capped=52.691257950642111 radius=388.03067567025153 median=1.4950326037784887 global_scale=1
ATTR_RADIUS o=208 raw_norm=2538.3954159695568 norm=52.691257950642104 radius=388.03067567025153 next_radius=388.03067567025153 lambda=4.3116332495857472e-05 next_lambda=4.3116332495857472e-05 rho=0.99923402492088176 accept=1
CLASSICAL_LM o=208 lambda=4.3116332495857472e-05 tau=4.3116332495857472e-05 prediction=4.9508568387913616 rho=0.99923402492088176 accept=1
  MFCG it 209 cost=2.577185e+05 lam=4.312e-05 tau=0.00e+00 cg_it=2 shift=0 ckpt=3 alpha=0 acc mv=647
PCG_PREP o=209 rebuild=1 drift=0 previous_depth=3
E2_CAP o=209 retry=0 touched=2 ncam=52 raw=2571.1882597993908 capped=18.900820477334793 radius=388.03067567025153 median=0.41372543065820327 global_scale=1
ATTR_RADIUS o=209 raw_norm=2571.1882597993908 norm=18.900820477334793 radius=388.03067567025153 next_radius=388.03067567025153 lambda=4.3116332495857472e-05 next_lambda=4.3116332495857472e-05 rho=0.99991229417422056 accept=1
CLASSICAL_LM o=209 lambda=4.3116332495857472e-05 tau=4.3116332495857472e-05 prediction=2.2661731220508372 rho=0.99991229417422056 accept=1
  MFCG it 210 cost=2.577162e+05 lam=4.312e-05 tau=0.00e+00 cg_it=0 shift=0 ckpt=1 alpha=0 acc mv=649
PCG_PREP o=210 rebuild=1 drift=0 previous_depth=1
E2_CAP o=210 retry=0 touched=2 ncam=52 raw=2566.3950179097819 capped=16.681198341892141 radius=388.03067567025153 median=0.37818349181497474 global_scale=1
ATTR_RADIUS o=210 raw_norm=2566.3950179097819 norm=16.681198341892141 radius=388.03067567025153 next_radius=388.03067567025153 lambda=4.3116332495857472e-05 next_lambda=4.3116332495857472e-05 rho=0.99998120779603061 accept=1
CLASSICAL_LM o=210 lambda=4.3116332495857472e-05 tau=4.3116332495857472e-05 prediction=1.7375850027984796 rho=0.99998120779603061 accept=1
  MFCG it 211 cost=2.577145e+05 lam=4.312e-05 tau=0.00e+00 cg_it=0 shift=0 ckpt=1 alpha=0 acc mv=651
PCG_PREP o=211 rebuild=1 drift=0 previous_depth=1
E2_CAP o=211 retry=0 touched=1 ncam=52 raw=2532.1790257971024 capped=51.468668869063336 radius=388.03067567025153 median=1.4759827097046827 global_scale=1
ATTR_RADIUS o=211 raw_norm=2532.1790257971024 norm=51.468668869063308 radius=388.03067567025153 next_radius=388.03067567025153 lambda=4.3116332495857472e-05 next_lambda=4.3116332495857472e-05 rho=0.99920492620590018 accept=1
CLASSICAL_LM o=211 lambda=4.3116332495857472e-05 tau=4.3116332495857472e-05 prediction=4.8298794337130948 rho=0.99920492620590018 accept=1
  MFCG it 212 cost=2.577096e+05 lam=4.312e-05 tau=0.00e+00 cg_it=2 shift=0 ckpt=3 alpha=0 acc mv=655
PCG_PREP o=212 rebuild=1 drift=0 previous_depth=3
E2_CAP o=212 retry=0 touched=2 ncam=52 raw=2564.0959745179207 capped=18.534412739042416 radius=388.03067567025153 median=0.4054829854089585 global_scale=1
ATTR_RADIUS o=212 raw_norm=2564.0959745179207 norm=18.53441273904242 radius=388.03067567025153 next_radius=388.03067567025153 lambda=4.3116332495857472e-05 next_lambda=4.3116332495857472e-05 rho=0.99990578267785157 accept=1
CLASSICAL_LM o=212 lambda=4.3116332495857472e-05 tau=4.3116332495857472e-05 prediction=2.2104262717002006 rho=0.99990578267785157 accept=1
  MFCG it 213 cost=2.577074e+05 lam=4.312e-05 tau=0.00e+00 cg_it=0 shift=0 ckpt=1 alpha=0 acc mv=657
PCG_PREP o=213 rebuild=1 drift=0 previous_depth=1
E2_CAP o=213 retry=0 touched=1 ncam=52 raw=2526.920578064306 capped=49.432988236001435 radius=388.03067567025153 median=1.4448759535322204 global_scale=1
ATTR_RADIUS o=213 raw_norm=2526.9205780643056 norm=49.432988236001414 radius=388.03067567025153 next_radius=388.03067567025153 lambda=4.3116332495857472e-05 next_lambda=4.3116332495857472e-05 rho=0.99924937018738669 accept=1
CLASSICAL_LM o=213 lambda=4.3116332495857472e-05 tau=4.3116332495857472e-05 prediction=4.9226260840906164 rho=0.99924937018738669 accept=1
  MFCG it 214 cost=2.577025e+05 lam=4.312e-05 tau=0.00e+00 cg_it=2 shift=0 ckpt=3 alpha=0 acc mv=661
PCG_PREP o=214 rebuild=1 drift=0 previous_depth=3
E2_CAP o=214 retry=0 touched=2 ncam=52 raw=2558.544212085867 capped=18.765018818354545 radius=388.03067567025153 median=0.41142355112227086 global_scale=1
ATTR_RADIUS o=214 raw_norm=2558.5442120858675 norm=18.765018818354545 radius=388.03067567025153 next_radius=388.03067567025153 lambda=4.3116332495857472e-05 next_lambda=4.3116332495857472e-05 rho=0.9999295151952905 accept=1
CLASSICAL_LM o=214 lambda=4.3116332495857472e-05 tau=4.3116332495857472e-05 prediction=2.2251841985816379 rho=0.9999295151952905 accept=1
  MFCG it 215 cost=2.577003e+05 lam=4.312e-05 tau=0.00e+00 cg_it=0 shift=0 ckpt=1 alpha=0 acc mv=663
PCG_PREP o=215 rebuild=1 drift=0 previous_depth=1
E2_CAP o=215 retry=0 touched=2 ncam=52 raw=2553.8056289298661 capped=16.559344218861245 radius=388.03067567025153 median=0.37563720374674958 global_scale=1
ATTR_RADIUS o=215 raw_norm=2553.8056289298656 norm=16.559344218861245 radius=388.03067567025153 next_radius=388.03067567025153 lambda=4.3116332495857472e-05 next_lambda=4.3116332495857472e-05 rho=0.99998462263381627 accept=1
CLASSICAL_LM o=215 lambda=4.3116332495857472e-05 tau=4.3116332495857472e-05 prediction=1.7136998408052946 rho=0.99998462263381627 accept=1
  MFCG it 216 cost=2.576986e+05 lam=4.312e-05 tau=0.00e+00 cg_it=0 shift=0 ckpt=1 alpha=0 acc mv=665
PCG_PREP o=216 rebuild=1 drift=0 previous_depth=1
E2_CAP o=216 retry=0 touched=1 ncam=52 raw=2521.0495194338951 capped=49.323276883628409 radius=388.03067567025153 median=1.4458931509820649 global_scale=1
ATTR_RADIUS o=216 raw_norm=2521.0495194338946 norm=49.323276883628395 radius=388.03067567025153 next_radius=388.03067567025153 lambda=4.3116332495857472e-05 next_lambda=4.3116332495857472e-05 rho=0.99924956424777811 accept=1
CLASSICAL_LM o=216 lambda=4.3116332495857472e-05 tau=4.3116332495857472e-05 prediction=4.7133290704458011 rho=0.99924956424777811 accept=1
  MFCG it 217 cost=2.576939e+05 lam=4.312e-05 tau=0.00e+00 cg_it=2 shift=0 ckpt=3 alpha=0 acc mv=669
PCG_PREP o=217 rebuild=1 drift=0 previous_depth=3
E2_CAP o=217 retry=0 touched=2 ncam=52 raw=2551.3879448036432 capped=18.173401027542777 radius=388.03067567025153 median=0.39767742590643207 global_scale=1
ATTR_RADIUS o=217 raw_norm=2551.3879448036432 norm=18.17340102754277 radius=388.03067567025153 next_radius=388.03067567025153 lambda=4.3116332495857472e-05 next_lambda=4.3116332495857472e-05 rho=0.99991147239962119 accept=1
CLASSICAL_LM o=217 lambda=4.3116332495857472e-05 tau=4.3116332495857472e-05 prediction=2.1477177604704174 rho=0.99991147239962119 accept=1
  MFCG it 218 cost=2.576917e+05 lam=4.312e-05 tau=0.00e+00 cg_it=0 shift=0 ckpt=1 alpha=0 acc mv=671
PCG_PREP o=218 rebuild=1 drift=0 previous_depth=1
E2_CAP o=218 retry=0 touched=2 ncam=52 raw=2546.7318902243796 capped=16.004886230074568 radius=388.03067567025153 median=0.36272694616843271 global_scale=1
ATTR_RADIUS o=218 raw_norm=2546.7318902243792 norm=16.004886230074572 radius=388.03067567025153 next_radius=388.03067567025153 lambda=4.3116332495857472e-05 next_lambda=4.3116332495857472e-05 rho=0.9999862795957708 accept=1
CLASSICAL_LM o=218 lambda=4.3116332495857472e-05 tau=4.3116332495857472e-05 prediction=1.646144402447155 rho=0.9999862795957708 accept=1
  MFCG it 219 cost=2.576901e+05 lam=4.312e-05 tau=0.00e+00 cg_it=0 shift=0 ckpt=1 alpha=0 acc mv=673
PCG_PREP o=219 rebuild=1 drift=0 previous_depth=1
E2_CAP o=219 retry=0 touched=1 ncam=52 raw=2515.1331884186698 capped=48.464228703000799 radius=388.03067567025153 median=1.4289161432408752 global_scale=1
ATTR_RADIUS o=219 raw_norm=2515.1331884186698 norm=48.464228703000806 radius=388.03067567025153 next_radius=388.03067567025153 lambda=4.3116332495857472e-05 next_lambda=4.3116332495857472e-05 rho=0.99922481753775938 accept=1
CLASSICAL_LM o=219 lambda=4.3116332495857472e-05 tau=4.3116332495857472e-05 prediction=4.6082524133058076 rho=0.99922481753775938 accept=1
  MFCG it 220 cost=2.576855e+05 lam=4.312e-05 tau=0.00e+00 cg_it=2 shift=0 ckpt=3 alpha=0 acc mv=677
PCG_PREP o=220 rebuild=1 drift=0 previous_depth=3
E2_CAP o=220 retry=0 touched=2 ncam=52 raw=2544.6185201208814 capped=17.842032371146647 radius=388.03067567025153 median=0.39021585662312019 global_scale=1
ATTR_RADIUS o=220 raw_norm=2544.6185201208809 norm=17.842032371146644 radius=388.03067567025153 next_radius=388.03067567025153 lambda=4.3116332495857472e-05 next_lambda=4.3116332495857472e-05 rho=0.99990569942300189 accept=1
CLASSICAL_LM o=220 lambda=4.3116332495857472e-05 tau=4.3116332495857472e-05 prediction=2.0980286219877775 rho=0.99990569942300189 accept=1
  MFCG it 221 cost=2.576834e+05 lam=4.312e-05 tau=0.00e+00 cg_it=0 shift=0 ckpt=1 alpha=0 acc mv=679
PCG_PREP o=221 rebuild=1 drift=0 previous_depth=1
E2_CAP o=221 retry=0 touched=2 ncam=52 raw=2540.0155019156546 capped=15.752510719062933 radius=388.03067567025153 median=0.35705968383134212 global_scale=1
ATTR_RADIUS o=221 raw_norm=2540.0155019156555 norm=15.752510719062931 radius=388.03067567025153 next_radius=388.03067567025153 lambda=4.3116332495857472e-05 next_lambda=4.3116332495857472e-05 rho=0.99998708955860605 accept=1
CLASSICAL_LM o=221 lambda=4.3116332495857472e-05 tau=4.3116332495857472e-05 prediction=1.6116195761848506 rho=0.99998708955860605 accept=1
  MFCG it 222 cost=2.576817e+05 lam=4.312e-05 tau=0.00e+00 cg_it=0 shift=0 ckpt=1 alpha=0 acc mv=681
PCG_PREP o=222 rebuild=1 drift=0 previous_depth=1
E2_CAP o=222 retry=0 touched=1 ncam=52 raw=2509.2947825257634 capped=47.536763329593249 radius=388.03067567025153 median=1.4106604636782425 global_scale=1
ATTR_RADIUS o=222 raw_norm=2509.2947825257647 norm=47.536763329593256 radius=388.03067567025153 next_radius=388.03067567025153 lambda=4.3116332495857472e-05 next_lambda=4.3116332495857472e-05 rho=0.9992178460115243 accept=1
CLASSICAL_LM o=222 lambda=4.3116332495857472e-05 tau=4.3116332495857472e-05 prediction=4.5199804531482517 rho=0.9992178460115243 accept=1
  MFCG it 223 cost=2.576772e+05 lam=4.312e-05 tau=0.00e+00 cg_it=2 shift=0 ckpt=3 alpha=0 acc mv=685
PCG_PREP o=223 rebuild=1 drift=0 previous_depth=3
E2_CAP o=223 retry=0 touched=2 ncam=52 raw=2538.0277509612356 capped=17.564753516587157 radius=388.03067567025153 median=0.38403062873639837 global_scale=1
ATTR_RADIUS o=223 raw_norm=2538.0277509612361 norm=17.564753516587157 radius=388.03067567025153 next_radius=388.03067567025153 lambda=4.3116332495857472e-05 next_lambda=4.3116332495857472e-05 rho=0.99990385394542314 accept=1
CLASSICAL_LM o=223 lambda=4.3116332495857472e-05 tau=4.3116332495857472e-05 prediction=2.0554869573877905 rho=0.99990385394542314 accept=1
  MFCG it 224 cost=2.576752e+05 lam=4.312e-05 tau=0.00e+00 cg_it=0 shift=0 ckpt=1 alpha=0 acc mv=687
PCG_PREP o=224 rebuild=1 drift=0 previous_depth=1
E2_CAP o=224 retry=0 touched=1 ncam=52 raw=2504.3549913885763 capped=45.55089058575436 radius=388.03067567025153 median=1.3810734703890062 global_scale=1
ATTR_RADIUS o=224 raw_norm=2504.3549913885763 norm=45.55089058575436 radius=388.03067567025153 next_radius=388.03067567025153 lambda=4.3116332495857472e-05 next_lambda=4.3116332495857472e-05 rho=0.99927893046210148 accept=1
CLASSICAL_LM o=224 lambda=4.3116332495857472e-05 tau=4.3116332495857472e-05 prediction=4.6139791783016886 rho=0.99927893046210148 accept=1
  MFCG it 225 cost=2.576706e+05 lam=4.312e-05 tau=0.00e+00 cg_it=2 shift=0 ckpt=3 alpha=0 acc mv=691
PCG_PREP o=225 rebuild=1 drift=0 previous_depth=3
E2_CAP o=225 retry=0 touched=2 ncam=52 raw=2532.8566519345486 capped=17.820382657366274 radius=388.03067567025153 median=0.39051818715717534 global_scale=1
ATTR_RADIUS o=225 raw_norm=2532.8566519345486 norm=17.820382657366274 radius=388.03067567025153 next_radius=388.03067567025153 lambda=4.3116332495857472e-05 next_lambda=4.3116332495857472e-05 rho=0.99992940890776827 accept=1
CLASSICAL_LM o=225 lambda=4.3116332495857472e-05 tau=4.3116332495857472e-05 prediction=2.0741255363325979 rho=0.99992940890776827 accept=1
  MFCG it 226 cost=2.576685e+05 lam=4.312e-05 tau=0.00e+00 cg_it=0 shift=0 ckpt=1 alpha=0 acc mv=693
PCG_PREP o=226 rebuild=1 drift=0 previous_depth=1
E2_CAP o=226 retry=0 touched=2 ncam=52 raw=2528.3042770067 capped=15.6832928516294 radius=388.03067567025153 median=0.35559733428669948 global_scale=1
ATTR_RADIUS o=226 raw_norm=2528.3042770066995 norm=15.683292851629401 radius=388.03067567025153 next_radius=388.03067567025153 lambda=4.3116332495857472e-05 next_lambda=4.3116332495857472e-05 rho=0.99999085444174474 accept=1
CLASSICAL_LM o=226 lambda=4.3116332495857472e-05 tau=4.3116332495857472e-05 prediction=1.5966662222280648 rho=0.99999085444174474 accept=1
  MFCG it 227 cost=2.576669e+05 lam=4.312e-05 tau=0.00e+00 cg_it=0 shift=0 ckpt=1 alpha=0 acc mv=695
PCG_PREP o=227 rebuild=1 drift=0 previous_depth=1
E2_CAP o=227 retry=0 touched=1 ncam=52 raw=2498.8614988624349 capped=45.98885621064214 radius=388.03067567025153 median=1.3848810110434633 global_scale=1
ATTR_RADIUS o=227 raw_norm=2498.861498862434 norm=45.988856210642133 radius=388.03067567025153 next_radius=388.03067567025153 lambda=4.3116332495857472e-05 next_lambda=4.3116332495857472e-05 rho=0.99927432720662712 accept=1
CLASSICAL_LM o=227 lambda=4.3116332495857472e-05 tau=4.3116332495857472e-05 prediction=4.4342830407858127 rho=0.99927432720662712 accept=1
  MFCG it 228 cost=2.576625e+05 lam=4.312e-05 tau=0.00e+00 cg_it=2 shift=0 ckpt=3 alpha=0 acc mv=699
PCG_PREP o=228 rebuild=1 drift=0 previous_depth=3
E2_CAP o=228 retry=0 touched=2 ncam=52 raw=2526.1261182386133 capped=17.281405484204956 radius=388.03067567025153 median=0.37795620943828551 global_scale=1
ATTR_RADIUS o=228 raw_norm=2526.1261182386138 norm=17.281405484204953 radius=388.03067567025153 next_radius=388.03067567025153 lambda=4.3116332495857472e-05 next_lambda=4.3116332495857472e-05 rho=0.99991178154587712 accept=1
CLASSICAL_LM o=228 lambda=4.3116332495857472e-05 tau=4.3116332495857472e-05 prediction=2.0053514247133393 rho=0.99991178154587712 accept=1
  MFCG it 229 cost=2.576605e+05 lam=4.312e-05 tau=0.00e+00 cg_it=0 shift=0 ckpt=1 alpha=0 acc mv=701
PCG_PREP o=229 rebuild=1 drift=0 previous_depth=1
E2_CAP o=229 retry=0 touched=2 ncam=52 raw=2521.653593632192 capped=15.172441439048601 radius=388.03067567025153 median=0.34366492149085681 global_scale=1
ATTR_RADIUS o=229 raw_norm=2521.653593632192 norm=15.172441439048599 radius=388.03067567025153 next_radius=388.03067567025153 lambda=4.3116332495857472e-05 next_lambda=4.3116332495857472e-05 rho=0.99999243994173104 accept=1
CLASSICAL_LM o=229 lambda=4.3116332495857472e-05 tau=4.3116332495857472e-05 prediction=1.5361291364941114 rho=0.99999243994173104 accept=1
  MFCG it 230 cost=2.576589e+05 lam=4.312e-05 tau=0.00e+00 cg_it=0 shift=0 ckpt=1 alpha=0 acc mv=703
PCG_PREP o=230 rebuild=1 drift=0 previous_depth=1
E2_CAP o=230 retry=0 touched=1 ncam=52 raw=2493.3039199261198 capped=45.451160571107991 radius=388.03067567025153 median=1.3698380633213767 global_scale=1
ATTR_RADIUS o=230 raw_norm=2493.3039199261193 norm=45.451160571107998 radius=388.03067567025153 next_radius=388.03067567025153 lambda=4.3116332495857472e-05 next_lambda=4.3116332495857472e-05 rho=0.99925214057653422 accept=1
CLASSICAL_LM o=230 lambda=4.3116332495857472e-05 tau=4.3116332495857472e-05 prediction=4.3434540274749747 rho=0.99925214057653422 accept=1
  MFCG it 231 cost=2.576546e+05 lam=4.312e-05 tau=0.00e+00 cg_it=2 shift=0 ckpt=3 alpha=0 acc mv=707
PCG_PREP o=231 rebuild=1 drift=0 previous_depth=3
E2_CAP o=231 retry=0 touched=2 ncam=52 raw=2519.7526604131776 capped=16.986960775678643 radius=388.03067567025153 median=0.37131697886069392 global_scale=1
ATTR_RADIUS o=231 raw_norm=2519.7526604131781 norm=16.986960775678646 radius=388.03067567025153 next_radius=388.03067567025153 lambda=4.3116332495857472e-05 next_lambda=4.3116332495857472e-05 rho=0.99990646724529308 accept=1
CLASSICAL_LM o=231 lambda=4.3116332495857472e-05 tau=4.3116332495857472e-05 prediction=1.9620073843623818 rho=0.99990646724529308 accept=1
  MFCG it 232 cost=2.576526e+05 lam=4.312e-05 tau=0.00e+00 cg_it=0 shift=0 ckpt=1 alpha=0 acc mv=709
PCG_PREP o=232 rebuild=1 drift=0 previous_depth=1
E2_CAP o=232 retry=0 touched=2 ncam=52 raw=2515.3323565304108 capped=14.949246063061311 radius=388.03067567025153 median=0.3386443957466283 global_scale=1
ATTR_RADIUS o=232 raw_norm=2515.3323565304117 norm=14.949246063061311 radius=388.03067567025153 next_radius=388.03067567025153 lambda=4.3116332495857472e-05 next_lambda=4.3116332495857472e-05 rho=0.99999317572860991 accept=1
CLASSICAL_LM o=232 lambda=4.3116332495857472e-05 tau=4.3116332495857472e-05 prediction=1.5062830392712916 rho=0.99999317572860991 accept=1
  MFCG it 233 cost=2.576511e+05 lam=4.312e-05 tau=0.00e+00 cg_it=0 shift=0 ckpt=1 alpha=0 acc mv=711
PCG_PREP o=233 rebuild=1 drift=0 previous_depth=1
E2_CAP o=233 retry=0 touched=1 ncam=52 raw=2487.8097026456585 capped=44.786931149699718 radius=388.03067567025153 median=1.3532399289563337 global_scale=1
ATTR_RADIUS o=233 raw_norm=2487.8097026456585 norm=44.786931149699711 radius=388.03067567025153 next_radius=388.03067567025153 lambda=4.3116332495857472e-05 next_lambda=4.3116332495857472e-05 rho=0.99924678338997874 accept=1
CLASSICAL_LM o=233 lambda=4.3116332495857472e-05 tau=4.3116332495857472e-05 prediction=4.2662359413074178 rho=0.99924678338997874 accept=1
  MFCG it 234 cost=2.576468e+05 lam=4.312e-05 tau=0.00e+00 cg_it=2 shift=0 ckpt=3 alpha=0 acc mv=715
PCG_PREP o=234 rebuild=1 drift=0 previous_depth=3
E2_CAP o=234 retry=0 touched=2 ncam=52 raw=2513.5429704286184 capped=16.771703546463844 radius=388.03067567025153 median=0.36660863923995862 global_scale=1
ATTR_RADIUS o=234 raw_norm=2513.5429704286184 norm=16.77170354646384 radius=388.03067567025153 next_radius=388.03067567025153 lambda=4.3116332495857472e-05 next_lambda=4.3116332495857472e-05 rho=0.99990479369539276 accept=1
CLASSICAL_LM o=234 lambda=4.3116332495857472e-05 tau=4.3116332495857472e-05 prediction=1.9279546384949204 rho=0.99990479369539276 accept=1
  MFCG it 235 cost=2.576449e+05 lam=4.312e-05 tau=0.00e+00 cg_it=0 shift=0 ckpt=1 alpha=0 acc mv=717
PCG_PREP o=235 rebuild=1 drift=0 previous_depth=1
E2_CAP o=235 retry=0 touched=2 ncam=52 raw=2509.1663718029117 capped=14.753842121002684 radius=388.03067567025153 median=0.33423774091731157 global_scale=1
ATTR_RADIUS o=235 raw_norm=2509.1663718029113 norm=14.753842121002686 radius=388.03067567025153 next_radius=388.03067567025153 lambda=4.3116332495857472e-05 next_lambda=4.3116332495857472e-05 rho=0.99999424838491613 accept=1
CLASSICAL_LM o=235 lambda=4.3116332495857472e-05 tau=4.3116332495857472e-05 prediction=1.4801272388329343 rho=0.99999424838491613 accept=1
  MFCG it 236 cost=2.576434e+05 lam=4.312e-05 tau=0.00e+00 cg_it=0 shift=0 ckpt=1 alpha=0 acc mv=719
PCG_PREP o=236 rebuild=1 drift=0 previous_depth=1
E2_CAP o=236 retry=0 touched=1 ncam=52 raw=2482.402027658472 capped=44.162045837815008 radius=388.03067567025153 median=1.3376001570039189 global_scale=1
ATTR_RADIUS o=236 raw_norm=2482.4020276584724 norm=44.162045837815008 radius=388.03067567025153 next_radius=388.03067567025153 lambda=4.3116332495857472e-05 next_lambda=4.3116332495857472e-05 rho=0.9992474406362466 accept=1
CLASSICAL_LM o=236 lambda=4.3116332495857472e-05 tau=4.3116332495857472e-05 prediction=4.19758939286372 rho=0.9992474406362466 accept=1
  MFCG it 237 cost=2.576392e+05 lam=4.312e-05 tau=0.00e+00 cg_it=2 shift=0 ckpt=3 alpha=0 acc mv=723
PCG_PREP o=237 rebuild=1 drift=0 previous_depth=3
E2_CAP o=237 retry=0 touched=2 ncam=52 raw=2507.4489147682311 capped=16.58746431809973 radius=388.03067567025153 median=0.36264022572289911 global_scale=1
ATTR_RADIUS o=237 raw_norm=2507.448914768232 norm=16.587464318099727 radius=388.03067567025153 next_radius=388.03067567025153 lambda=4.3116332495857472e-05 next_lambda=4.3116332495857472e-05 rho=0.9999041023959927 accept=1
CLASSICAL_LM o=237 lambda=4.3116332495857472e-05 tau=4.3116332495857472e-05 prediction=1.8977860034022518 rho=0.9999041023959927 accept=1
  MFCG it 238 cost=2.576373e+05 lam=4.312e-05 tau=0.00e+00 cg_it=0 shift=0 ckpt=1 alpha=0 acc mv=725
PCG_PREP o=238 rebuild=1 drift=0 previous_depth=1
E2_CAP o=238 retry=0 touched=2 ncam=52 raw=2503.1131509091601 capped=14.562412238706363 radius=388.03067567025153 median=0.32989164791006037 global_scale=1
ATTR_RADIUS o=238 raw_norm=2503.1131509091606 norm=14.562412238706363 radius=388.03067567025153 next_radius=388.03067567025153 lambda=4.3116332495857472e-05 next_lambda=4.3116332495857472e-05 rho=0.99999550237513724 accept=1
CLASSICAL_LM o=238 lambda=4.3116332495857472e-05 tau=4.3116332495857472e-05 prediction=1.4549599400330038 rho=0.99999550237513724 accept=1
  MFCG it 239 cost=2.576359e+05 lam=4.312e-05 tau=0.00e+00 cg_it=0 shift=0 ckpt=1 alpha=0 acc mv=727
PCG_PREP o=239 rebuild=1 drift=0 previous_depth=1
E2_CAP o=239 retry=0 touched=1 ncam=52 raw=2477.0797721066679 capped=43.586969628438965 radius=388.03067567025153 median=1.3227513083144609 global_scale=1
ATTR_RADIUS o=239 raw_norm=2477.079772106667 norm=43.586969628438979 radius=388.03067567025153 next_radius=388.03067567025153 lambda=4.3116332495857472e-05 next_lambda=4.3116332495857472e-05 rho=0.99925085494359911 accept=1
CLASSICAL_LM o=239 lambda=4.3116332495857472e-05 tau=4.3116332495857472e-05 prediction=4.1338491110065254 rho=0.99925085494359911 accept=1
  MFCG it 240 cost=2.576318e+05 lam=4.312e-05 tau=0.00e+00 cg_it=2 shift=0 ckpt=3 alpha=0 acc mv=731
PCG_PREP o=240 rebuild=1 drift=0 previous_depth=3
E2_CAP o=240 retry=0 touched=2 ncam=52 raw=2501.4531404322579 capped=16.40987053535946 radius=388.03067567025153 median=0.35880397390442687 global_scale=1
ATTR_RADIUS o=240 raw_norm=2501.4531404322588 norm=16.40987053535946 radius=388.03067567025153 next_radius=388.03067567025153 lambda=4.3116332495857472e-05 next_lambda=4.3116332495857472e-05 rho=0.99990382213539242 accept=1
CLASSICAL_LM o=240 lambda=4.3116332495857472e-05 tau=4.3116332495857472e-05 prediction=1.8688705140655957 rho=0.99990382213539242 accept=1
  MFCG it 241 cost=2.576299e+05 lam=4.312e-05 tau=0.00e+00 cg_it=0 shift=0 ckpt=1 alpha=0 acc mv=733
PCG_PREP o=241 rebuild=1 drift=0 previous_depth=1
E2_CAP o=241 retry=0 touched=2 ncam=52 raw=2497.1587879782687 capped=14.374867585705157 radius=388.03067567025153 median=0.32561553573600077 global_scale=1
ATTR_RADIUS o=241 raw_norm=2497.1587879782683 norm=14.374867585705157 radius=388.03067567025153 next_radius=388.03067567025153 lambda=4.3116332495857472e-05 next_lambda=4.3116332495857472e-05 rho=0.99999679305849198 accept=1
CLASSICAL_LM o=241 lambda=4.3116332495857472e-05 tau=4.3116332495857472e-05 prediction=1.4306375743903887 rho=0.99999679305849198 accept=1
  MFCG it 242 cost=2.576285e+05 lam=4.312e-05 tau=0.00e+00 cg_it=0 shift=0 ckpt=1 alpha=0 acc mv=735
PCG_PREP o=242 rebuild=1 drift=0 previous_depth=1
E2_CAP o=242 retry=0 touched=1 ncam=52 raw=2471.8389701323144 capped=43.053888051482346 radius=388.03067567025153 median=1.3084646830865521 global_scale=1
ATTR_RADIUS o=242 raw_norm=2471.8389701323144 norm=43.053888051482346 radius=388.03067567025153 next_radius=388.03067567025153 lambda=4.3116332495857472e-05 next_lambda=4.3116332495857472e-05 rho=0.99925567865340092 accept=1
CLASSICAL_LM o=242 lambda=4.3116332495857472e-05 tau=4.3116332495857472e-05 prediction=4.0733736208724896 rho=0.99925567865340092 accept=1
  MFCG it 243 cost=2.576244e+05 lam=4.312e-05 tau=0.00e+00 cg_it=2 shift=0 ckpt=3 alpha=0 acc mv=739
PCG_PREP o=243 rebuild=1 drift=0 previous_depth=3
E2_CAP o=243 retry=0 touched=2 ncam=52 raw=2495.5498319935095 capped=16.23833479351358 radius=388.03067567025153 median=0.35509152884087281 global_scale=1
ATTR_RADIUS o=243 raw_norm=2495.5498319935091 norm=16.238334793513577 radius=388.03067567025153 next_radius=388.03067567025153 lambda=4.3116332495857472e-05 next_lambda=4.3116332495857472e-05 rho=0.99990374791042724 accept=1
CLASSICAL_LM o=243 lambda=4.3116332495857472e-05 tau=4.3116332495857472e-05 prediction=1.8410627924207152 rho=0.99990374791042724 accept=1
  MFCG it 244 cost=2.576226e+05 lam=4.312e-05 tau=0.00e+00 cg_it=0 shift=0 ckpt=1 alpha=0 acc mv=741
PCG_PREP o=244 rebuild=1 drift=0 previous_depth=1
E2_CAP o=244 retry=0 touched=2 ncam=52 raw=2491.2966729181876 capped=14.191834150716252 radius=388.03067567025153 median=0.3214306276529027 global_scale=1
ATTR_RADIUS o=244 raw_norm=2491.2966729181876 norm=14.191834150716252 radius=388.03067567025153 next_radius=388.03067567025153 lambda=4.3116332495857472e-05 next_lambda=4.3116332495857472e-05 rho=0.99999808933883738 accept=1
CLASSICAL_LM o=244 lambda=4.3116332495857472e-05 tau=4.3116332495857472e-05 prediction=1.4071371724508583 rho=0.99999808933883738 accept=1
  MFCG it 245 cost=2.576211e+05 lam=4.312e-05 tau=0.00e+00 cg_it=0 shift=0 ckpt=1 alpha=0 acc mv=743
PCG_PREP o=245 rebuild=1 drift=0 previous_depth=1
E2_CAP o=245 retry=0 touched=1 ncam=52 raw=2466.6760572405778 capped=42.555150549156075 radius=388.03067567025153 median=1.2945888065625426 global_scale=1
ATTR_RADIUS o=245 raw_norm=2466.6760572405783 norm=42.555150549156068 radius=388.03067567025153 next_radius=388.03067567025153 lambda=4.3116332495857472e-05 next_lambda=4.3116332495857472e-05 rho=0.99926120622523873 accept=1
CLASSICAL_LM o=245 lambda=4.3116332495857472e-05 tau=4.3116332495857472e-05 prediction=4.0152684910929857 rho=0.99926120622523873 accept=1
  MFCG it 246 cost=2.576171e+05 lam=4.312e-05 tau=0.00e+00 cg_it=2 shift=0 ckpt=3 alpha=0 acc mv=747
PCG_PREP o=246 rebuild=1 drift=0 previous_depth=3
E2_CAP o=246 retry=0 touched=2 ncam=52 raw=2489.7346482587386 capped=16.064113274300503 radius=388.03067567025153 median=0.35128579344369509 global_scale=1
ATTR_RADIUS o=246 raw_norm=2489.7346482587391 norm=16.0641132743005 radius=388.03067567025153 next_radius=388.03067567025153 lambda=4.3116332495857472e-05 next_lambda=4.3116332495857472e-05 rho=0.99990385156900841 accept=1
CLASSICAL_LM o=246 lambda=4.3116332495857472e-05 tau=4.3116332495857472e-05 prediction=1.8134315288261247 rho=0.99990385156900841 accept=1
  MFCG it 247 cost=2.576153e+05 lam=4.312e-05 tau=0.00e+00 cg_it=0 shift=0 ckpt=1 alpha=0 acc mv=749
PCG_PREP o=247 rebuild=1 drift=0 previous_depth=1
E2_CAP o=247 retry=0 touched=2 ncam=52 raw=2485.5232777025726 capped=14.013376179404387 radius=388.03067567025153 median=0.31734245756649737 global_scale=1
ATTR_RADIUS o=247 raw_norm=2485.5232777025722 norm=14.013376179404389 radius=388.03067567025153 next_radius=388.03067567025153 lambda=4.3116332495857472e-05 next_lambda=4.3116332495857472e-05 rho=0.99999933084919068 accept=1
CLASSICAL_LM o=247 lambda=4.3116332495857472e-05 tau=4.3116332495857472e-05 prediction=1.3844147945129306 rho=0.99999933084919068 accept=1
  MFCG it 248 cost=2.576139e+05 lam=4.312e-05 tau=0.00e+00 cg_it=0 shift=0 ckpt=1 alpha=0 acc mv=751
PCG_PREP o=248 rebuild=1 drift=0 previous_depth=1
E2_CAP o=248 retry=0 touched=1 ncam=52 raw=2461.5878793411212 capped=42.085557609946505 radius=388.03067567025153 median=1.2810825541143509 global_scale=1
ATTR_RADIUS o=248 raw_norm=2461.5878793411212 norm=42.085557609946505 radius=388.03067567025153 next_radius=388.03067567025153 lambda=4.3116332495857472e-05 next_lambda=4.3116332495857472e-05 rho=0.99926714350752455 accept=1
CLASSICAL_LM o=248 lambda=4.3116332495857472e-05 tau=4.3116332495857472e-05 prediction=3.9593009755804958 rho=0.99926714350752455 accept=1
  MFCG it 249 cost=2.576100e+05 lam=4.312e-05 tau=0.00e+00 cg_it=2 shift=0 ckpt=3 alpha=0 acc mv=755
PCG_PREP o=249 rebuild=1 drift=0 previous_depth=3
E2_CAP o=249 retry=0 touched=2 ncam=52 raw=2484.0051641962909 capped=15.871163525743816 radius=388.03067567025153 median=0.34698217789541952 global_scale=1
ATTR_RADIUS o=249 raw_norm=2484.0051641962909 norm=15.871163525743816 radius=388.03067567025153 next_radius=388.03067567025153 lambda=4.3116332495857472e-05 next_lambda=4.3116332495857472e-05 rho=0.99990414192025168 accept=1
CLASSICAL_LM o=249 lambda=4.3116332495857472e-05 tau=4.3116332495857472e-05 prediction=1.784341748758457 rho=0.99990414192025168 accept=1
  MFCG it 250 cost=2.576082e+05 lam=4.312e-05 tau=0.00e+00 cg_it=0 shift=0 ckpt=1 alpha=0 acc mv=757
PCG_PREP o=250 rebuild=1 drift=0 previous_depth=1
E2_CAP o=250 retry=0 touched=2 ncam=52 raw=2479.8387324789023 capped=13.840164757799386 radius=388.03067567025153 median=0.31337050539385469 global_scale=1
ATTR_RADIUS o=250 raw_norm=2479.8387324789023 norm=13.840164757799386 radius=388.03067567025153 next_radius=388.03067567025153 lambda=4.3116332495857472e-05 next_lambda=4.3116332495857472e-05 rho=1.0000004457335743 accept=1
CLASSICAL_LM o=250 lambda=4.3116332495857472e-05 tau=4.3116332495857472e-05 prediction=1.3625051842198983 rho=1.0000004457335743 accept=1
  MFCG it 251 cost=2.576068e+05 lam=4.312e-05 tau=0.00e+00 cg_it=0 shift=0 ckpt=1 alpha=0 acc mv=759
PCG_PREP o=251 rebuild=1 drift=0 previous_depth=1
E2_CAP o=251 retry=0 touched=1 ncam=52 raw=2456.5728963989136 capped=41.639020739773791 radius=388.03067567025153 median=1.2678884087773192 global_scale=1
ATTR_RADIUS o=251 raw_norm=2456.5728963989141 norm=41.639020739773784 radius=388.03067567025153 next_radius=388.03067567025153 lambda=4.3116332495857472e-05 next_lambda=4.3116332495857472e-05 rho=0.99927334750207975 accept=1
CLASSICAL_LM o=251 lambda=4.3116332495857472e-05 tau=4.3116332495857472e-05 prediction=3.9052967743648281 rho=0.99927334750207975 accept=1
  MFCG it 252 cost=2.576029e+05 lam=4.312e-05 tau=0.00e+00 cg_it=2 shift=0 ckpt=3 alpha=0 acc mv=763
PCG_PREP o=252 rebuild=1 drift=0 previous_depth=3
E2_CAP o=252 retry=0 touched=2 ncam=52 raw=2478.36055822547 capped=15.685905448296269 radius=388.03067567025153 median=0.34285455042974489 global_scale=1
ATTR_RADIUS o=252 raw_norm=2478.360558225469 norm=15.685905448296268 radius=388.03067567025153 next_radius=388.03067567025153 lambda=4.3116332495857472e-05 next_lambda=4.3116332495857472e-05 rho=0.99990452477646796 accept=1
CLASSICAL_LM o=252 lambda=4.3116332495857472e-05 tau=4.3116332495857472e-05 prediction=1.7564040379641612 rho=0.99990452477646796 accept=1
  MFCG it 253 cost=2.576012e+05 lam=4.312e-05 tau=0.00e+00 cg_it=0 shift=0 ckpt=1 alpha=0 acc mv=765
PCG_PREP o=253 rebuild=1 drift=0 previous_depth=1
E2_CAP o=253 retry=0 touched=2 ncam=52 raw=2474.2384133300561 capped=13.671590040513731 radius=388.03067567025153 median=0.30950094034862596 global_scale=1
ATTR_RADIUS o=253 raw_norm=2474.2384133300566 norm=13.671590040513731 radius=388.03067567025153 next_radius=388.03067567025153 lambda=4.3116332495857472e-05 next_lambda=4.3116332495857472e-05 rho=1.0000015236333144 accept=1
CLASSICAL_LM o=253 lambda=4.3116332495857472e-05 tau=4.3116332495857472e-05 prediction=1.341297526199837 rho=1.0000015236333144 accept=1
  MFCG it 254 cost=2.575998e+05 lam=4.312e-05 tau=0.00e+00 cg_it=0 shift=0 ckpt=1 alpha=0 acc mv=767
PCG_PREP o=254 rebuild=1 drift=0 previous_depth=1
E2_CAP o=254 retry=0 touched=1 ncam=52 raw=2451.6284716228415 capped=41.213859683020111 radius=388.03067567025153 median=1.2549866429982317 global_scale=1
ATTR_RADIUS o=254 raw_norm=2451.628471622842 norm=41.213859683020111 radius=388.03067567025153 next_radius=388.03067567025153 lambda=4.3116332495857472e-05 next_lambda=4.3116332495857472e-05 rho=0.99927961947054789 accept=1
CLASSICAL_LM o=254 lambda=4.3116332495857472e-05 tau=4.3116332495857472e-05 prediction=3.8529283478510119 rho=0.99927961947054789 accept=1
  MFCG it 255 cost=2.575960e+05 lam=4.312e-05 tau=0.00e+00 cg_it=2 shift=0 ckpt=3 alpha=0 acc mv=771
PCG_PREP o=255 rebuild=1 drift=0 previous_depth=3
E2_CAP o=255 retry=0 touched=2 ncam=52 raw=2472.797989563092 capped=15.506145532844224 radius=388.03067567025153 median=0.33884898849453066 global_scale=1
ATTR_RADIUS o=255 raw_norm=2472.797989563092 norm=15.506145532844219 radius=388.03067567025153 next_radius=388.03067567025153 lambda=4.3116332495857472e-05 next_lambda=4.3116332495857472e-05 rho=0.99990492456888524 accept=1
CLASSICAL_LM o=255 lambda=4.3116332495857472e-05 tau=4.3116332495857472e-05 prediction=1.7293661279572137 rho=0.99990492456888524 accept=1
  MFCG it 256 cost=2.575943e+05 lam=4.312e-05 tau=0.00e+00 cg_it=0 shift=0 ckpt=1 alpha=0 acc mv=773
PCG_PREP o=256 rebuild=1 drift=0 previous_depth=1
E2_CAP o=256 retry=0 touched=2 ncam=52 raw=2468.7201387098125 capped=13.507885822375343 radius=388.03067567025153 median=0.30574120852783926 global_scale=1
ATTR_RADIUS o=256 raw_norm=2468.7201387098121 norm=13.507885822375343 radius=388.03067567025153 next_radius=388.03067567025153 lambda=4.3116332495857472e-05 next_lambda=4.3116332495857472e-05 rho=1.0000025572848756 accept=1
CLASSICAL_LM o=256 lambda=4.3116332495857472e-05 tau=4.3116332495857472e-05 prediction=1.3207861172163951 rho=1.0000025572848756 accept=1
  MFCG it 257 cost=2.575929e+05 lam=4.312e-05 tau=0.00e+00 cg_it=0 shift=0 ckpt=1 alpha=0 acc mv=775
PCG_PREP o=257 rebuild=1 drift=0 previous_depth=1
E2_CAP o=257 retry=0 touched=1 ncam=52 raw=2446.7526483412439 capped=40.807020829570483 radius=388.03067567025153 median=1.2423444833861126 global_scale=1
ATTR_RADIUS o=257 raw_norm=2446.7526483412444 norm=40.807020829570483 radius=388.03067567025153 next_radius=388.03067567025153 lambda=4.3116332495857472e-05 next_lambda=4.3116332495857472e-05 rho=0.99928585365323908 accept=1
CLASSICAL_LM o=257 lambda=4.3116332495857472e-05 tau=4.3116332495857472e-05 prediction=3.8019991194699938 rho=0.99928585365323908 accept=1
  MFCG it 258 cost=2.575891e+05 lam=4.312e-05 tau=0.00e+00 cg_it=2 shift=0 ckpt=3 alpha=0 acc mv=779
PCG_PREP o=258 rebuild=1 drift=0 previous_depth=3
E2_CAP o=258 retry=0 touched=2 ncam=52 raw=2467.315664184729 capped=15.332259889519465 radius=388.03067567025153 median=0.33497693630351788 global_scale=1
ATTR_RADIUS o=258 raw_norm=2467.315664184729 norm=15.332259889519465 radius=388.03067567025153 next_radius=388.03067567025153 lambda=4.3116332495857472e-05 next_lambda=4.3116332495857472e-05 rho=0.999905337837246 accept=1
CLASSICAL_LM o=258 lambda=4.3116332495857472e-05 tau=4.3116332495857472e-05 prediction=1.7032389071220058 rho=0.999905337837246 accept=1
  MFCG it 259 cost=2.575874e+05 lam=4.312e-05 tau=0.00e+00 cg_it=0 shift=0 ckpt=1 alpha=0 acc mv=781
PCG_PREP o=259 rebuild=1 drift=0 previous_depth=1
E2_CAP o=259 retry=0 touched=2 ncam=52 raw=2463.2807941019714 capped=13.348626327505503 radius=388.03067567025153 median=0.30208204627618462 global_scale=1
ATTR_RADIUS o=259 raw_norm=2463.2807941019719 norm=13.348626327505501 radius=388.03067567025153 next_radius=388.03067567025153 lambda=4.3116332495857472e-05 next_lambda=4.3116332495857472e-05 rho=1.000003541786328 accept=1
CLASSICAL_LM o=259 lambda=4.3116332495857472e-05 tau=4.3116332495857472e-05 prediction=1.3009075780354138 rho=1.000003541786328 accept=1
  MFCG it 260 cost=2.575861e+05 lam=4.312e-05 tau=0.00e+00 cg_it=0 shift=0 ckpt=1 alpha=0 acc mv=783
PCG_PREP o=260 rebuild=1 drift=0 previous_depth=1
E2_CAP o=260 retry=0 touched=1 ncam=52 raw=2441.9425441964513 capped=40.416607909798586 radius=388.03067567025153 median=1.2299619904402737 global_scale=1
ATTR_RADIUS o=260 raw_norm=2441.9425441964513 norm=40.416607909798572 radius=388.03067567025153 next_radius=388.03067567025153 lambda=4.3116332495857472e-05 next_lambda=4.3116332495857472e-05 rho=0.99929201723600702 accept=1
CLASSICAL_LM o=260 lambda=4.3116332495857472e-05 tau=4.3116332495857472e-05 prediction=3.752453173792504 rho=0.99929201723600702 accept=1
  MFCG it 261 cost=2.575824e+05 lam=4.312e-05 tau=0.00e+00 cg_it=2 shift=0 ckpt=3 alpha=0 acc mv=787
PCG_PREP o=261 rebuild=1 drift=0 previous_depth=3
E2_CAP o=261 retry=0 touched=2 ncam=52 raw=2461.9111814686225 capped=15.163198122205891 radius=388.03067567025153 median=0.33121273139924168 global_scale=1
ATTR_RADIUS o=261 raw_norm=2461.9111814686221 norm=15.163198122205893 radius=388.03067567025153 next_radius=388.03067567025153 lambda=4.3116332495857472e-05 next_lambda=4.3116332495857472e-05 rho=0.99990574940606347 accept=1
CLASSICAL_LM o=261 lambda=4.3116332495857472e-05 tau=4.3116332495857472e-05 prediction=1.6778968916768688 rho=0.99990574940606347 accept=1
  MFCG it 262 cost=2.575807e+05 lam=4.312e-05 tau=0.00e+00 cg_it=0 shift=0 ckpt=1 alpha=0 acc mv=789
PCG_PREP o=262 rebuild=1 drift=0 previous_depth=1
E2_CAP o=262 retry=0 touched=2 ncam=52 raw=2457.9190493636925 capped=13.193718770441858 radius=388.03067567025153 median=0.29852211334867657 global_scale=1
ATTR_RADIUS o=262 raw_norm=2457.9190493636929 norm=13.193718770441857 radius=388.03067567025153 next_radius=388.03067567025153 lambda=4.3116332495857472e-05 next_lambda=4.3116332495857472e-05 rho=1.0000044782326063 accept=1
CLASSICAL_LM o=262 lambda=4.3116332495857472e-05 tau=4.3116332495857472e-05 prediction=1.281635795008212 rho=1.0000044782326063 accept=1
  MFCG it 263 cost=2.575794e+05 lam=4.312e-05 tau=0.00e+00 cg_it=0 shift=0 ckpt=1 alpha=0 acc mv=791
PCG_PREP o=263 rebuild=1 drift=0 previous_depth=1
E2_CAP o=263 retry=0 touched=1 ncam=52 raw=2437.1965854458535 capped=40.039725260887145 radius=388.03067567025153 median=1.2177962005464242 global_scale=1
ATTR_RADIUS o=263 raw_norm=2437.1965854458535 norm=40.039725260887145 radius=388.03067567025153 next_radius=388.03067567025153 lambda=4.3116332495857472e-05 next_lambda=4.3116332495857472e-05 rho=0.99929806593155446 accept=1
CLASSICAL_LM o=263 lambda=4.3116332495857472e-05 tau=4.3116332495857472e-05 prediction=3.7041026996306545 rho=0.99929806593155446 accept=1
  MFCG it 264 cost=2.575757e+05 lam=4.312e-05 tau=0.00e+00 cg_it=2 shift=0 ckpt=3 alpha=0 acc mv=795
PCG_PREP o=264 rebuild=1 drift=0 previous_depth=3
E2_CAP o=264 retry=0 touched=2 ncam=52 raw=2456.5831117178245 capped=14.999350292463584 radius=388.03067567025153 median=0.32756764892258183 global_scale=1
ATTR_RADIUS o=264 raw_norm=2456.5831117178245 norm=14.999350292463584 radius=388.03067567025153 next_radius=388.03067567025153 lambda=4.3116332495857472e-05 next_lambda=4.3116332495857472e-05 rho=0.99990615910451441 accept=1
CLASSICAL_LM o=264 lambda=4.3116332495857472e-05 tau=4.3116332495857472e-05 prediction=1.6533603793141844 rho=0.99990615910451441 accept=1
  MFCG it 265 cost=2.575741e+05 lam=4.312e-05 tau=0.00e+00 cg_it=0 shift=0 ckpt=1 alpha=0 acc mv=797
PCG_PREP o=265 rebuild=1 drift=0 previous_depth=1
E2_CAP o=265 retry=0 touched=2 ncam=52 raw=2452.6326165740015 capped=13.042696644518644 radius=388.03067567025153 median=0.29505070994805788 global_scale=1
ATTR_RADIUS o=265 raw_norm=2452.632616574002 norm=13.042696644518644 radius=388.03067567025153 next_radius=388.03067567025153 lambda=4.3116332495857472e-05 next_lambda=4.3116332495857472e-05 rho=1.000005365255842 accept=1
CLASSICAL_LM o=265 lambda=4.3116332495857472e-05 tau=4.3116332495857472e-05 prediction=1.2629112790407848 rho=1.000005365255842 accept=1
  MFCG it 266 cost=2.575728e+05 lam=4.312e-05 tau=0.00e+00 cg_it=0 shift=0 ckpt=1 alpha=0 acc mv=799
PCG_PREP o=266 rebuild=1 drift=0 previous_depth=1
E2_CAP o=266 retry=0 touched=1 ncam=52 raw=2432.5133205074376 capped=39.675614685517672 radius=388.03067567025153 median=1.2058686560367977 global_scale=1
ATTR_RADIUS o=266 raw_norm=2432.5133205074371 norm=39.675614685517665 radius=388.03067567025153 next_radius=388.03067567025153 lambda=4.3116332495857472e-05 next_lambda=4.3116332495857472e-05 rho=0.99930398294909828 accept=1
CLASSICAL_LM o=266 lambda=4.3116332495857472e-05 tau=4.3116332495857472e-05 prediction=3.6569898314867846 rho=0.99930398294909828 accept=1
  MFCG it 267 cost=2.575691e+05 lam=4.312e-05 tau=0.00e+00 cg_it=2 shift=0 ckpt=3 alpha=0 acc mv=803
PCG_PREP o=267 rebuild=1 drift=0 previous_depth=3
E2_CAP o=267 retry=0 touched=2 ncam=52 raw=2451.3288393813518 capped=14.891582380550828 radius=388.03067567025153 median=0.32533625322121862 global_scale=1
ATTR_RADIUS o=267 raw_norm=2451.3288393813518 norm=14.891582380550831 radius=388.03067567025153 next_radius=388.03067567025153 lambda=4.3116332495857472e-05 next_lambda=4.3116332495857472e-05 rho=0.99990632446641992 accept=1
CLASSICAL_LM o=267 lambda=4.3116332495857472e-05 tau=4.3116332495857472e-05 prediction=1.6345848064779345 rho=0.99990632446641992 accept=1
  MFCG it 268 cost=2.575675e+05 lam=4.312e-05 tau=0.00e+00 cg_it=0 shift=0 ckpt=1 alpha=0 acc mv=805
PCG_PREP o=268 rebuild=1 drift=0 previous_depth=1
E2_CAP o=268 retry=0 touched=2 ncam=52 raw=2447.4123072052184 capped=12.895823746603737 radius=388.03067567025153 median=0.29167360944227994 global_scale=1
ATTR_RADIUS o=268 raw_norm=2447.4123072052184 norm=12.895823746603737 radius=388.03067567025153 next_radius=388.03067567025153 lambda=4.3116332495857472e-05 next_lambda=4.3116332495857472e-05 rho=1.0000064184801933 accept=1
CLASSICAL_LM o=268 lambda=4.3116332495857472e-05 tau=4.3116332495857472e-05 prediction=1.2447050663498569 rho=1.0000064184801933 accept=1
  MFCG it 269 cost=2.575663e+05 lam=4.312e-05 tau=0.00e+00 cg_it=0 shift=0 ckpt=1 alpha=0 acc mv=807
PCG_PREP o=269 rebuild=1 drift=0 previous_depth=1
E2_CAP o=269 retry=0 touched=1 ncam=52 raw=2427.8878811099462 capped=39.32597464373621 radius=388.03067567025153 median=1.1941307632598419 global_scale=1
ATTR_RADIUS o=269 raw_norm=2427.8878811099462 norm=39.325974643736203 radius=388.03067567025153 next_radius=388.03067567025153 lambda=4.3116332495857472e-05 next_lambda=4.3116332495857472e-05 rho=0.99930945817187045 accept=1
CLASSICAL_LM o=269 lambda=4.3116332495857472e-05 tau=4.3116332495857472e-05 prediction=3.6104674539859953 rho=0.99930945817187045 accept=1
  MFCG it 270 cost=2.575627e+05 lam=4.312e-05 tau=0.00e+00 cg_it=2 shift=0 ckpt=3 alpha=0 acc mv=811
PCG_PREP o=270 rebuild=1 drift=0 previous_depth=3
E2_CAP o=270 retry=0 touched=2 ncam=52 raw=2446.1431981784713 capped=14.816519436222226 radius=388.03067567025153 median=0.32392420593362503 global_scale=1
ATTR_RADIUS o=270 raw_norm=2446.1431981784722 norm=14.816519436222229 radius=388.03067567025153 next_radius=388.03067567025153 lambda=4.3116332495857472e-05 next_lambda=4.3116332495857472e-05 rho=0.99990625492765117 accept=1
CLASSICAL_LM o=270 lambda=4.3116332495857472e-05 tau=4.3116332495857472e-05 prediction=1.6192205284389267 rho=0.99990625492765117 accept=1
  MFCG it 271 cost=2.575610e+05 lam=4.312e-05 tau=0.00e+00 cg_it=0 shift=0 ckpt=1 alpha=0 acc mv=813
PCG_PREP o=271 rebuild=1 drift=0 previous_depth=1
E2_CAP o=271 retry=0 touched=2 ncam=52 raw=2442.2560418093117 capped=12.752235937080876 radius=388.03067567025153 median=0.28837099914943043 global_scale=1
ATTR_RADIUS o=271 raw_norm=2442.2560418093121 norm=12.752235937080879 radius=388.03067567025153 next_radius=388.03067567025153 lambda=4.3116332495857472e-05 next_lambda=4.3116332495857472e-05 rho=1.0000075483768791 accept=1
CLASSICAL_LM o=271 lambda=4.3116332495857472e-05 tau=4.3116332495857472e-05 prediction=1.2269374907243746 rho=1.0000075483768791 accept=1
  MFCG it 272 cost=2.575598e+05 lam=4.312e-05 tau=0.00e+00 cg_it=0 shift=0 ckpt=1 alpha=0 acc mv=815
PCG_PREP o=272 rebuild=1 drift=0 previous_depth=1
E2_CAP o=272 retry=0 touched=1 ncam=52 raw=2423.3179138149048 capped=38.989308594372815 radius=388.03067567025153 median=1.1825866961298821 global_scale=1
ATTR_RADIUS o=272 raw_norm=2423.3179138149048 norm=38.989308594372815 radius=388.03067567025153 next_radius=388.03067567025153 lambda=4.3116332495857472e-05 next_lambda=4.3116332495857472e-05 rho=0.99931453056800745 accept=1
CLASSICAL_LM o=272 lambda=4.3116332495857472e-05 tau=4.3116332495857472e-05 prediction=3.5646370999675074 rho=0.99931453056800745 accept=1
  MFCG it 273 cost=2.575563e+05 lam=4.312e-05 tau=0.00e+00 cg_it=2 shift=0 ckpt=3 alpha=0 acc mv=819
PCG_PREP o=273 rebuild=1 drift=0 previous_depth=3
E2_CAP o=273 retry=0 touched=2 ncam=52 raw=2441.0225793162663 capped=14.727960406587707 radius=388.03067567025153 median=0.32215756520042149 global_scale=1
ATTR_RADIUS o=273 raw_norm=2441.0225793162667 norm=14.727960406587709 radius=388.03067567025153 next_radius=388.03067567025153 lambda=4.3116332495857472e-05 next_lambda=4.3116332495857472e-05 rho=0.99990616976607827 accept=1
CLASSICAL_LM o=273 lambda=4.3116332495857472e-05 tau=4.3116332495857472e-05 prediction=1.6027453952343 rho=0.99990616976607827 accept=1
  MFCG it 274 cost=2.575546e+05 lam=4.312e-05 tau=0.00e+00 cg_it=0 shift=0 ckpt=1 alpha=0 acc mv=821
PCG_PREP o=274 rebuild=1 drift=0 previous_depth=1
E2_CAP o=274 retry=0 touched=2 ncam=52 raw=2437.1665320727207 capped=12.612226291169099 radius=388.03067567025153 median=0.28515165713138496 global_scale=1
ATTR_RADIUS o=274 raw_norm=2437.1665320727202 norm=12.612226291169105 radius=388.03067567025153 next_radius=388.03067567025153 lambda=4.3116332495857472e-05 next_lambda=4.3116332495857472e-05 rho=1.0000085606588822 accept=1
CLASSICAL_LM o=274 lambda=4.3116332495857472e-05 tau=4.3116332495857472e-05 prediction=1.2096643938827478 rho=1.0000085606588822 accept=1
  MFCG it 275 cost=2.575534e+05 lam=4.312e-05 tau=0.00e+00 cg_it=0 shift=0 ckpt=1 alpha=0 acc mv=823
PCG_PREP o=275 rebuild=1 drift=0 previous_depth=1
E2_CAP o=275 retry=0 touched=1 ncam=52 raw=2418.801877494981 capped=38.661291803394569 radius=388.03067567025153 median=1.1712486047609294 global_scale=1
ATTR_RADIUS o=275 raw_norm=2418.8018774949805 norm=38.661291803394576 radius=388.03067567025153 next_radius=388.03067567025153 lambda=4.3116332495857472e-05 next_lambda=4.3116332495857472e-05 rho=0.99931947863746828 accept=1
CLASSICAL_LM o=275 lambda=4.3116332495857472e-05 tau=4.3116332495857472e-05 prediction=3.5199181322048894 rho=0.99931947863746828 accept=1
  MFCG it 276 cost=2.575499e+05 lam=4.312e-05 tau=0.00e+00 cg_it=2 shift=0 ckpt=3 alpha=0 acc mv=827
PCG_PREP o=276 rebuild=1 drift=0 previous_depth=3
E2_CAP o=276 retry=0 touched=2 ncam=52 raw=2435.9679416996514 capped=14.592936006221541 radius=388.03067567025153 median=0.31919977205562844 global_scale=1
ATTR_RADIUS o=276 raw_norm=2435.967941699651 norm=14.592936006221541 radius=388.03067567025153 next_radius=388.03067567025153 lambda=4.3116332495857472e-05 next_lambda=4.3116332495857472e-05 rho=0.99990630101184375 accept=1
CLASSICAL_LM o=276 lambda=4.3116332495857472e-05 tau=4.3116332495857472e-05 prediction=1.5819835495750538 rho=0.99990630101184375 accept=1
  MFCG it 277 cost=2.575483e+05 lam=4.312e-05 tau=0.00e+00 cg_it=0 shift=0 ckpt=1 alpha=0 acc mv=829
PCG_PREP o=277 rebuild=1 drift=0 previous_depth=1
E2_CAP o=277 retry=0 touched=2 ncam=52 raw=2432.1498460531761 capped=12.475712800854625 radius=388.03067567025153 median=0.28201447538181867 global_scale=1
ATTR_RADIUS o=277 raw_norm=2432.1498460531757 norm=12.475712800854621 radius=388.03067567025153 next_radius=388.03067567025153 lambda=4.3116332495857472e-05 next_lambda=4.3116332495857472e-05 rho=1.000009321043321 accept=1
CLASSICAL_LM o=277 lambda=4.3116332495857472e-05 tau=4.3116332495857472e-05 prediction=1.1929010514064753 rho=1.000009321043321 accept=1
  MFCG it 278 cost=2.575471e+05 lam=4.312e-05 tau=0.00e+00 cg_it=0 shift=0 ckpt=1 alpha=0 acc mv=831
PCG_PREP o=278 rebuild=1 drift=0 previous_depth=1
E2_CAP o=278 retry=0 touched=1 ncam=52 raw=2414.3396698786851 capped=38.336378147122105 radius=388.03067567025153 median=1.1600854227246025 global_scale=1
ATTR_RADIUS o=278 raw_norm=2414.3396698786851 norm=38.336378147122112 radius=388.03067567025153 next_radius=388.03067567025153 lambda=4.3116332495857472e-05 next_lambda=4.3116332495857472e-05 rho=0.99932458780822941 accept=1
CLASSICAL_LM o=278 lambda=4.3116332495857472e-05 tau=4.3116332495857472e-05 prediction=3.4765560021380786 rho=0.99932458780822941 accept=1
  MFCG it 279 cost=2.575437e+05 lam=4.312e-05 tau=0.00e+00 cg_it=2 shift=0 ckpt=3 alpha=0 acc mv=835
PCG_PREP o=279 rebuild=1 drift=0 previous_depth=3
E2_CAP o=279 retry=0 touched=2 ncam=52 raw=2430.9814601296753 capped=14.461037962386936 radius=388.03067567025153 median=0.31631115065967086 global_scale=1
ATTR_RADIUS o=279 raw_norm=2430.9814601296744 norm=14.461037962386936 radius=388.03067567025153 next_radius=388.03067567025153 lambda=4.3116332495857472e-05 next_lambda=4.3116332495857472e-05 rho=0.99990652642778655 accept=1
CLASSICAL_LM o=279 lambda=4.3116332495857472e-05 tau=4.3116332495857472e-05 prediction=1.5617569048940565 rho=0.99990652642778655 accept=1
  MFCG it 280 cost=2.575421e+05 lam=4.312e-05 tau=0.00e+00 cg_it=0 shift=0 ckpt=1 alpha=0 acc mv=837
PCG_PREP o=280 rebuild=1 drift=0 previous_depth=1
E2_CAP o=280 retry=0 touched=2 ncam=52 raw=2427.2008175338824 capped=12.342349890368309 radius=388.03067567025153 median=0.27894965780763803 global_scale=1
ATTR_RADIUS o=280 raw_norm=2427.2008175338824 norm=12.342349890368311 radius=388.03067567025153 next_radius=388.03067567025153 lambda=4.3116332495857472e-05 next_lambda=4.3116332495857472e-05 rho=1.000010036735298 accept=1
CLASSICAL_LM o=280 lambda=4.3116332495857472e-05 tau=4.3116332495857472e-05 prediction=1.1765740145974921 rho=1.000010036735298 accept=1
  MFCG it 281 cost=2.575409e+05 lam=4.312e-05 tau=0.00e+00 cg_it=0 shift=0 ckpt=1 alpha=0 acc mv=839
PCG_PREP o=281 rebuild=1 drift=0 previous_depth=1
E2_CAP o=281 retry=0 touched=2 ncam=52 raw=2424.8631507652121 capped=12.506424235970753 radius=388.03067567025153 median=0.28752306720608078 global_scale=1
ATTR_RADIUS o=281 raw_norm=2424.863150765213 norm=12.506424235970751 radius=388.03067567025153 next_radius=388.03067567025153 lambda=4.3116332495857472e-05 next_lambda=4.3116332495857472e-05 rho=0.99997894719323577 accept=1
CLASSICAL_LM o=281 lambda=4.3116332495857472e-05 tau=4.3116332495857472e-05 prediction=1.1534206081016982 rho=0.99997894719323577 accept=1
  MFCG it 282 cost=2.575398e+05 lam=4.312e-05 tau=0.00e+00 cg_it=0 shift=0 ckpt=1 alpha=0 acc mv=841
PCG_PREP o=282 rebuild=1 drift=0 previous_depth=1
E2_CAP o=282 retry=0 touched=1 ncam=52 raw=2409.3736543326263 capped=40.214122735202452 radius=388.03067567025153 median=1.1748347757292958 global_scale=1
ATTR_RADIUS o=282 raw_norm=2409.3736543326258 norm=40.214122735202459 radius=388.03067567025153 next_radius=388.03067567025153 lambda=4.3116332495857472e-05 next_lambda=4.3116332495857472e-05 rho=0.99926154824069446 accept=1
CLASSICAL_LM o=282 lambda=4.3116332495857472e-05 tau=4.3116332495857472e-05 prediction=3.4095967307913626 rho=0.99926154824069446 accept=1
  MFCG it 283 cost=2.575364e+05 lam=4.312e-05 tau=0.00e+00 cg_it=2 shift=0 ckpt=3 alpha=0 acc mv=845
PCG_PREP o=283 rebuild=1 drift=0 previous_depth=3
E2_CAP o=283 retry=0 touched=2 ncam=52 raw=2424.9664243894595 capped=14.234539992619641 radius=388.03067567025153 median=0.31152773956639634 global_scale=1
ATTR_RADIUS o=283 raw_norm=2424.9664243894604 norm=14.234539992619638 radius=388.03067567025153 next_radius=388.03067567025153 lambda=4.3116332495857472e-05 next_lambda=4.3116332495857472e-05 rho=0.99988286387357694 accept=1
CLASSICAL_LM o=283 lambda=4.3116332495857472e-05 tau=4.3116332495857472e-05 prediction=1.5287864523631189 rho=0.99988286387357694 accept=1
  MFCG it 284 cost=2.575348e+05 lam=4.312e-05 tau=0.00e+00 cg_it=0 shift=0 ckpt=1 alpha=0 acc mv=847
PCG_PREP o=284 rebuild=1 drift=0 previous_depth=1
E2_CAP o=284 retry=0 touched=2 ncam=52 raw=2421.2217508075373 capped=12.053803741350817 radius=388.03067567025153 median=0.27251166641758479 global_scale=1
ATTR_RADIUS o=284 raw_norm=2421.2217508075369 norm=12.053803741350814 radius=388.03067567025153 next_radius=388.03067567025153 lambda=4.3116332495857472e-05 next_lambda=4.3116332495857472e-05 rho=1.00001020676872 accept=1
CLASSICAL_LM o=284 lambda=4.3116332495857472e-05 tau=4.3116332495857472e-05 prediction=1.1413094600022506 rho=1.00001020676872 accept=1
  MFCG it 285 cost=2.575337e+05 lam=4.312e-05 tau=0.00e+00 cg_it=0 shift=0 ckpt=1 alpha=0 acc mv=849
PCG_PREP o=285 rebuild=1 drift=0 previous_depth=1
E2_CAP o=285 retry=0 touched=1 ncam=52 raw=2404.8066313485956 capped=37.929905462560036 radius=388.03067567025153 median=1.1327346485575238 global_scale=1
ATTR_RADIUS o=285 raw_norm=2404.8066313485961 norm=37.929905462560022 radius=388.03067567025153 next_radius=388.03067567025153 lambda=4.3116332495857472e-05 next_lambda=4.3116332495857472e-05 rho=0.99929087969482744 accept=1
CLASSICAL_LM o=285 lambda=4.3116332495857472e-05 tau=4.3116332495857472e-05 prediction=3.3466089919610411 rho=0.99929087969482744 accept=1
  MFCG it 286 cost=2.575304e+05 lam=4.312e-05 tau=0.00e+00 cg_it=2 shift=0 ckpt=3 alpha=0 acc mv=853
PCG_PREP o=286 rebuild=1 drift=0 previous_depth=3
E2_CAP o=286 retry=0 touched=2 ncam=52 raw=2420.3745259954021 capped=14.134411697120628 radius=388.03067567025153 median=0.30921259771791032 global_scale=1
ATTR_RADIUS o=286 raw_norm=2420.3745259954021 norm=14.134411697120628 radius=388.03067567025153 next_radius=388.03067567025153 lambda=4.3116332495857472e-05 next_lambda=4.3116332495857472e-05 rho=0.99989831455365807 accept=1
CLASSICAL_LM o=286 lambda=4.3116332495857472e-05 tau=4.3116332495857472e-05 prediction=1.5133212165616383 rho=0.99989831455365807 accept=1
  MFCG it 287 cost=2.575288e+05 lam=4.312e-05 tau=0.00e+00 cg_it=0 shift=0 ckpt=1 alpha=0 acc mv=855
PCG_PREP o=287 rebuild=1 drift=0 previous_depth=1
E2_CAP o=287 retry=0 touched=2 ncam=52 raw=2416.6677128907354 capped=12.048569089791524 radius=388.03067567025153 median=0.27241880899180537 global_scale=1
ATTR_RADIUS o=287 raw_norm=2416.6677128907359 norm=12.048569089791522 radius=388.03067567025153 next_radius=388.03067567025153 lambda=4.3116332495857472e-05 next_lambda=4.3116332495857472e-05 rho=1.00001078871395 accept=1
CLASSICAL_LM o=287 lambda=4.3116332495857472e-05 tau=4.3116332495857472e-05 prediction=1.1390767017216772 rho=1.00001078871395 accept=1
  MFCG it 288 cost=2.575277e+05 lam=4.312e-05 tau=0.00e+00 cg_it=0 shift=0 ckpt=1 alpha=0 acc mv=857
PCG_PREP o=288 rebuild=1 drift=0 previous_depth=1
E2_CAP o=288 retry=0 touched=1 ncam=52 raw=2400.4990392295726 capped=37.385978819926024 radius=388.03067567025153 median=1.121963511724563 global_scale=1
ATTR_RADIUS o=288 raw_norm=2400.4990392295722 norm=37.385978819926009 radius=388.03067567025153 next_radius=388.03067567025153 lambda=4.3116332495857472e-05 next_lambda=4.3116332495857472e-05 rho=0.99932069883630814 accept=1
CLASSICAL_LM o=288 lambda=4.3116332495857472e-05 tau=4.3116332495857472e-05 prediction=3.3236700711933764 rho=0.99932069883630814 accept=1
  MFCG it 289 cost=2.575244e+05 lam=4.312e-05 tau=0.00e+00 cg_it=2 shift=0 ckpt=3 alpha=0 acc mv=861
PCG_PREP o=289 rebuild=1 drift=0 previous_depth=3
E2_CAP o=289 retry=0 touched=2 ncam=52 raw=2415.6811081235414 capped=14.037464825575764 radius=388.03067567025153 median=0.30710140340361369 global_scale=1
ATTR_RADIUS o=289 raw_norm=2415.681108123541 norm=14.037464825575764 radius=388.03067567025153 next_radius=388.03067567025153 lambda=4.3116332495857472e-05 next_lambda=4.3116332495857472e-05 rho=0.99990391625793329 accept=1
CLASSICAL_LM o=289 lambda=4.3116332495857472e-05 tau=4.3116332495857472e-05 prediction=1.4978762875866405 rho=0.99990391625793329 accept=1
  MFCG it 290 cost=2.575229e+05 lam=4.312e-05 tau=0.00e+00 cg_it=0 shift=0 ckpt=1 alpha=0 acc mv=863
PCG_PREP o=290 rebuild=1 drift=0 previous_depth=1
E2_CAP o=290 retry=0 touched=2 ncam=52 raw=2412.0097902026405 capped=11.935449197985115 radius=388.03067567025153 median=0.2697575313225139 global_scale=1
ATTR_RADIUS o=290 raw_norm=2412.0097902026414 norm=11.935449197985111 radius=388.03067567025153 next_radius=388.03067567025153 lambda=4.3116332495857472e-05 next_lambda=4.3116332495857472e-05 rho=1.0000117034899321 accept=1
CLASSICAL_LM o=290 lambda=4.3116332495857472e-05 tau=4.3116332495857472e-05 prediction=1.1257977552665697 rho=1.0000117034899321 accept=1
  MFCG it 291 cost=2.575218e+05 lam=4.312e-05 tau=0.00e+00 cg_it=0 shift=0 ckpt=1 alpha=0 acc mv=865
PCG_PREP o=291 rebuild=1 drift=0 previous_depth=1
E2_CAP o=291 retry=0 touched=1 ncam=52 raw=2396.2691407079069 capped=37.055132772942031 radius=388.03067567025153 median=1.1127315163286275 global_scale=1
ATTR_RADIUS o=291 raw_norm=2396.2691407079074 norm=37.055132772942024 radius=388.03067567025153 next_radius=388.03067567025153 lambda=4.3116332495857472e-05 next_lambda=4.3116332495857472e-05 rho=0.99933441522804123 accept=1
CLASSICAL_LM o=291 lambda=4.3116332495857472e-05 tau=4.3116332495857472e-05 prediction=3.2932527059004619 rho=0.99933441522804123 accept=1
  MFCG it 292 cost=2.575185e+05 lam=4.312e-05 tau=0.00e+00 cg_it=2 shift=0 ckpt=3 alpha=0 acc mv=869
PCG_PREP o=292 rebuild=1 drift=0 previous_depth=3
E2_CAP o=292 retry=0 touched=2 ncam=52 raw=2410.9979290122087 capped=13.927554762591264 radius=388.03067567025153 median=0.30468308260504778 global_scale=1
ATTR_RADIUS o=292 raw_norm=2410.9979290122087 norm=13.927554762591264 radius=388.03067567025153 next_radius=388.03067567025153 lambda=4.3116332495857472e-05 next_lambda=4.3116332495857472e-05 rho=0.99990580649644933 accept=1
CLASSICAL_LM o=292 lambda=4.3116332495857472e-05 tau=4.3116332495857472e-05 prediction=1.4810129771180307 rho=0.99990580649644933 accept=1
  MFCG it 293 cost=2.575170e+05 lam=4.312e-05 tau=0.00e+00 cg_it=0 shift=0 ckpt=1 alpha=0 acc mv=871
PCG_PREP o=293 rebuild=1 drift=0 previous_depth=1
E2_CAP o=293 retry=0 touched=2 ncam=52 raw=2407.362055781025 capped=11.806429551025809 radius=388.03067567025153 median=0.26673459256492421 global_scale=1
ATTR_RADIUS o=293 raw_norm=2407.3620557810254 norm=11.806429551025815 radius=388.03067567025153 next_radius=388.03067567025153 lambda=4.3116332495857472e-05 next_lambda=4.3116332495857472e-05 rho=1.0000125012458327 accept=1
CLASSICAL_LM o=293 lambda=4.3116332495857472e-05 tau=4.3116332495857472e-05 prediction=1.1108342315064372 rho=1.0000125012458327 accept=1
  MFCG it 294 cost=2.575159e+05 lam=4.312e-05 tau=0.00e+00 cg_it=0 shift=0 ckpt=1 alpha=0 acc mv=873
PCG_PREP o=294 rebuild=1 drift=0 previous_depth=1
E2_CAP o=294 retry=0 touched=2 ncam=52 raw=2405.1259436422292 capped=11.88952383121114 radius=388.03067567025153 median=0.27322162347786805 global_scale=1
ATTR_RADIUS o=294 raw_norm=2405.1259436422283 norm=11.889523831211138 radius=388.03067567025153 next_radius=388.03067567025153 lambda=4.3116332495857472e-05 next_lambda=4.3116332495857472e-05 rho=0.99998238797361105 accept=1
CLASSICAL_LM o=294 lambda=4.3116332495857472e-05 tau=4.3116332495857472e-05 prediction=1.0830950075212025 rho=0.99998238797361105 accept=1
  MFCG it 295 cost=2.575148e+05 lam=4.312e-05 tau=0.00e+00 cg_it=0 shift=0 ckpt=1 alpha=0 acc mv=875
PCG_PREP o=295 rebuild=1 drift=0 previous_depth=1
E2_CAP o=295 retry=0 touched=1 ncam=52 raw=2391.569937050358 capped=38.744238667238278 radius=388.03067567025153 median=1.1210073785927923 global_scale=1
ATTR_RADIUS o=295 raw_norm=2391.5699370503589 norm=38.744238667238292 radius=388.03067567025153 next_radius=388.03067567025153 lambda=4.3116332495857472e-05 next_lambda=4.3116332495857472e-05 rho=0.99927653253004811 accept=1
CLASSICAL_LM o=295 lambda=4.3116332495857472e-05 tau=4.3116332495857472e-05 prediction=3.2126461412194791 rho=0.99927653253004811 accept=1
  MFCG it 296 cost=2.575116e+05 lam=4.312e-05 tau=0.00e+00 cg_it=2 shift=0 ckpt=3 alpha=0 acc mv=879
PCG_PREP o=296 rebuild=1 drift=0 previous_depth=3
E2_CAP o=296 retry=0 touched=2 ncam=52 raw=2405.3417436100617 capped=13.632559320286312 radius=388.03067567025153 median=0.29805466530237812 global_scale=1
ATTR_RADIUS o=296 raw_norm=2405.3417436100603 norm=13.632559320286314 radius=388.03067567025153 next_radius=388.03067567025153 lambda=4.3116332495857472e-05 next_lambda=4.3116332495857472e-05 rho=0.99988315652789972 accept=1
CLASSICAL_LM o=296 lambda=4.3116332495857472e-05 tau=4.3116332495857472e-05 prediction=1.4432084836637444 rho=0.99988315652789972 accept=1
  MFCG it 297 cost=2.575101e+05 lam=4.312e-05 tau=0.00e+00 cg_it=0 shift=0 ckpt=1 alpha=0 acc mv=881
PCG_PREP o=297 rebuild=1 drift=0 previous_depth=1
E2_CAP o=297 retry=0 touched=2 ncam=52 raw=2401.7519447627633 capped=11.561376165611474 radius=388.03067567025153 median=0.26129535568023055 global_scale=1
ATTR_RADIUS o=297 raw_norm=2401.7519447627633 norm=11.561376165611479 radius=388.03067567025153 next_radius=388.03067567025153 lambda=4.3116332495857472e-05 next_lambda=4.3116332495857472e-05 rho=1.0000121554538981 accept=1
CLASSICAL_LM o=297 lambda=4.3116332495857472e-05 tau=4.3116332495857472e-05 prediction=1.0810454874145408 rho=1.0000121554538981 accept=1
  MFCG it 298 cost=2.575091e+05 lam=4.312e-05 tau=0.00e+00 cg_it=0 shift=0 ckpt=1 alpha=0 acc mv=883
PCG_PREP o=298 rebuild=1 drift=0 previous_depth=1
E2_CAP o=298 retry=0 touched=1 ncam=52 raw=2387.2522331492196 capped=36.7018062652946 radius=388.03067567025153 median=1.0882907364307122 global_scale=1
ATTR_RADIUS o=298 raw_norm=2387.25223314922 norm=36.701806265294593 radius=388.03067567025153 next_radius=388.03067567025153 lambda=4.3116332495857472e-05 next_lambda=4.3116332495857472e-05 rho=0.99930838528478705 accept=1
CLASSICAL_LM o=298 lambda=4.3116332495857472e-05 tau=4.3116332495857472e-05 prediction=3.1807930706538046 rho=0.99930838528478705 accept=1
  MFCG it 299 cost=2.575059e+05 lam=4.312e-05 tau=0.00e+00 cg_it=2 shift=0 ckpt=3 alpha=0 acc mv=887
PCG_PREP o=299 rebuild=1 drift=0 previous_depth=3
E2_CAP o=299 retry=0 touched=2 ncam=52 raw=2401.0028456470268 capped=13.633387683451852 radius=388.03067567025153 median=0.29825463956409726 global_scale=1
ATTR_RADIUS o=299 raw_norm=2401.0028456470277 norm=13.633387683451852 radius=388.03067567025153 next_radius=388.03067567025153 lambda=4.3116332495857472e-05 next_lambda=4.3116332495857472e-05 rho=0.99989893787318573 accept=1
CLASSICAL_LM o=299 lambda=4.3116332495857472e-05 tau=4.3116332495857472e-05 prediction=1.4381303283701667 rho=0.99989893787318573 accept=1
  MFCG it 300 cost=2.575044e+05 lam=4.312e-05 tau=0.00e+00 cg_it=0 shift=0 ckpt=1 alpha=0 acc mv=889
PCG_PREP o=300 rebuild=1 drift=0 previous_depth=1
E2_CAP o=300 retry=0 touched=2 ncam=52 raw=2397.4376299552937 capped=11.531707446064283 radius=388.03067567025153 median=0.26056890780631603 global_scale=1
ATTR_RADIUS o=300 raw_norm=2397.4376299552932 norm=11.531707446064283 radius=388.03067567025153 next_radius=388.03067567025153 lambda=4.3116332495857472e-05 next_lambda=4.3116332495857472e-05 rho=1.0000132730852149 accept=1
CLASSICAL_LM o=300 lambda=4.3116332495857472e-05 tau=4.3116332495857472e-05 prediction=1.0769111607567483 rho=1.0000132730852149 accept=1
  MFCG it 301 cost=2.575034e+05 lam=4.312e-05 tau=0.00e+00 cg_it=0 shift=0 ckpt=1 alpha=0 acc mv=891
PCG_PREP o=301 rebuild=1 drift=0 previous_depth=1
E2_CAP o=301 retry=0 touched=1 ncam=52 raw=2383.1594828447483 capped=36.179609061148753 radius=388.03067567025153 median=1.0783555624397239 global_scale=1
ATTR_RADIUS o=301 raw_norm=2383.1594828447492 norm=36.179609061148753 radius=388.03067567025153 next_radius=388.03067567025153 lambda=4.3116332495857472e-05 next_lambda=4.3116332495857472e-05 rho=0.99933831215270419 accept=1
CLASSICAL_LM o=301 lambda=4.3116332495857472e-05 tau=4.3116332495857472e-05 prediction=3.16029060971014 rho=0.99933831215270419 accept=1
  MFCG it 302 cost=2.575002e+05 lam=4.312e-05 tau=0.00e+00 cg_it=2 shift=0 ckpt=3 alpha=0 acc mv=895
PCG_PREP o=302 rebuild=1 drift=0 previous_depth=3
E2_CAP o=302 retry=0 touched=2 ncam=52 raw=2396.5585486189198 capped=13.546564773897012 radius=388.03067567025153 median=0.29635105766675035 global_scale=1
ATTR_RADIUS o=302 raw_norm=2396.5585486189202 norm=13.546564773897012 radius=388.03067567025153 next_radius=388.03067567025153 lambda=4.3116332495857472e-05 next_lambda=4.3116332495857472e-05 rho=0.99990451568065863 accept=1
CLASSICAL_LM o=302 lambda=4.3116332495857472e-05 tau=4.3116332495857472e-05 prediction=1.4244528894533797 rho=0.99990451568065863 accept=1
  MFCG it 303 cost=2.574988e+05 lam=4.312e-05 tau=0.00e+00 cg_it=0 shift=0 ckpt=1 alpha=0 acc mv=897
PCG_PREP o=303 rebuild=1 drift=0 previous_depth=1
E2_CAP o=303 retry=0 touched=2 ncam=52 raw=2393.0268893969001 capped=11.427458809805463 radius=388.03067567025153 median=0.25809649708065868 global_scale=1
ATTR_RADIUS o=303 raw_norm=2393.0268893968996 norm=11.42745880980546 radius=388.03067567025153 next_radius=388.03067567025153 lambda=4.3116332495857472e-05 next_lambda=4.3116332495857472e-05 rho=1.0000140683633965 accept=1
CLASSICAL_LM o=303 lambda=4.3116332495857472e-05 tau=4.3116332495857472e-05 prediction=1.0649798773344918 rho=1.0000140683633965 accept=1
  MFCG it 304 cost=2.574977e+05 lam=4.312e-05 tau=0.00e+00 cg_it=0 shift=0 ckpt=1 alpha=0 acc mv=899
PCG_PREP o=304 rebuild=1 drift=0 previous_depth=1
E2_CAP o=304 retry=0 touched=2 ncam=52 raw=2390.8637931932558 capped=11.453947723275288 radius=388.03067567025153 median=0.26312660653778264 global_scale=1
ATTR_RADIUS o=304 raw_norm=2390.8637931932558 norm=11.453947723275288 radius=388.03067567025153 next_radius=388.03067567025153 lambda=4.3116332495857472e-05 next_lambda=4.3116332495857472e-05 rho=0.99998462473422112 accept=1
CLASSICAL_LM o=304 lambda=4.3116332495857472e-05 tau=4.3116332495857472e-05 prediction=1.0341015556368529 rho=0.99998462473422112 accept=1
  MFCG it 305 cost=2.574967e+05 lam=4.312e-05 tau=0.00e+00 cg_it=0 shift=0 ckpt=1 alpha=0 acc mv=901
PCG_PREP o=305 rebuild=1 drift=0 previous_depth=1
E2_CAP o=305 retry=0 touched=1 ncam=52 raw=2378.6428646543045 capped=37.772164524540038 radius=388.03067567025153 median=1.0848381235809015 global_scale=1
ATTR_RADIUS o=305 raw_norm=2378.6428646543031 norm=37.772164524540024 radius=388.03067567025153 next_radius=388.03067567025153 lambda=4.3116332495857472e-05 next_lambda=4.3116332495857472e-05 rho=0.99928585676050785 accept=1
CLASSICAL_LM o=305 lambda=4.3116332495857472e-05 tau=4.3116332495857472e-05 prediction=3.0818831674500515 rho=0.99928585676050785 accept=1
  MFCG it 306 cost=2.574936e+05 lam=4.312e-05 tau=0.00e+00 cg_it=2 shift=0 ckpt=3 alpha=0 acc mv=905
PCG_PREP o=306 rebuild=1 drift=0 previous_depth=3
E2_CAP o=306 retry=0 touched=2 ncam=52 raw=2391.1524205942892 capped=13.194070942160545 radius=388.03067567025153 median=0.28818778216400531 global_scale=1
ATTR_RADIUS o=306 raw_norm=2391.1524205942892 norm=13.194070942160543 radius=388.03067567025153 next_radius=388.03067567025153 lambda=4.3116332495857472e-05 next_lambda=4.3116332495857472e-05 rho=0.99988336323823324 accept=1
CLASSICAL_LM o=306 lambda=4.3116332495857472e-05 tau=4.3116332495857472e-05 prediction=1.382400276176075 rho=0.99988336323823324 accept=1
  MFCG it 307 cost=2.574922e+05 lam=4.312e-05 tau=0.00e+00 cg_it=0 shift=0 ckpt=1 alpha=0 acc mv=907
PCG_PREP o=307 rebuild=1 drift=0 previous_depth=1
E2_CAP o=307 retry=0 touched=2 ncam=52 raw=2387.6756467838795 capped=11.215894209812255 radius=388.03067567025153 median=0.25342957447807291 global_scale=1
ATTR_RADIUS o=307 raw_norm=2387.67564678388 norm=11.215894209812252 radius=388.03067567025153 next_radius=388.03067567025153 lambda=4.3116332495857472e-05 next_lambda=4.3116332495857472e-05 rho=1.0000132712160865 accept=1
CLASSICAL_LM o=307 lambda=4.3116332495857472e-05 tau=4.3116332495857472e-05 prediction=1.039227939464707 rho=1.0000132712160865 accept=1
  MFCG it 308 cost=2.574912e+05 lam=4.312e-05 tau=0.00e+00 cg_it=0 shift=0 ckpt=1 alpha=0 acc mv=909
PCG_PREP o=308 rebuild=1 drift=0 previous_depth=1
E2_CAP o=308 retry=0 touched=1 ncam=52 raw=2374.4936871388227 capped=35.823468947445335 radius=388.03067567025153 median=1.0561628803669785 global_scale=1
ATTR_RADIUS o=308 raw_norm=2374.4936871388227 norm=35.823468947445321 radius=388.03067567025153 next_radius=388.03067567025153 lambda=4.3116332495857472e-05 next_lambda=4.3116332495857472e-05 rho=0.99932035082020054 accept=1
CLASSICAL_LM o=308 lambda=4.3116332495857472e-05 tau=4.3116332495857472e-05 prediction=3.0627393020787821 rho=0.99932035082020054 accept=1
  MFCG it 309 cost=2.574881e+05 lam=4.312e-05 tau=0.00e+00 cg_it=2 shift=0 ckpt=3 alpha=0 acc mv=913
PCG_PREP o=309 rebuild=1 drift=0 previous_depth=3
E2_CAP o=309 retry=0 touched=2 ncam=52 raw=2386.9961302604902 capped=13.278611868912058 radius=388.03067567025153 median=0.29048137685439657 global_scale=1
ATTR_RADIUS o=309 raw_norm=2386.9961302604911 norm=13.278611868912057 radius=388.03067567025153 next_radius=388.03067567025153 lambda=4.3116332495857472e-05 next_lambda=4.3116332495857472e-05 rho=0.99989929408082512 accept=1
CLASSICAL_LM o=309 lambda=4.3116332495857472e-05 tau=4.3116332495857472e-05 prediction=1.3856920402564343 rho=0.99989929408082512 accept=1
  MFCG it 310 cost=2.574867e+05 lam=4.312e-05 tau=0.00e+00 cg_it=0 shift=0 ckpt=1 alpha=0 acc mv=915
PCG_PREP o=310 rebuild=1 drift=0 previous_depth=1
E2_CAP o=310 retry=0 touched=2 ncam=52 raw=2383.5322628399526 capped=11.166964114995414 radius=388.03067567025153 median=0.25220460567223169 global_scale=1
ATTR_RADIUS o=310 raw_norm=2383.5322628399526 norm=11.166964114995414 radius=388.03067567025153 next_radius=388.03067567025153 lambda=4.3116332495857472e-05 next_lambda=4.3116332495857472e-05 rho=1.0000148495357439 accept=1
CLASSICAL_LM o=310 lambda=4.3116332495857472e-05 tau=4.3116332495857472e-05 prediction=1.0335820003651828 rho=1.0000148495357439 accept=1
  MFCG it 311 cost=2.574857e+05 lam=4.312e-05 tau=0.00e+00 cg_it=0 shift=0 ckpt=1 alpha=0 acc mv=917
PCG_PREP o=311 rebuild=1 drift=0 previous_depth=1
E2_CAP o=311 retry=0 touched=1 ncam=52 raw=2370.5533665984062 capped=35.314702490200347 radius=388.03067567025153 median=1.0468859902253316 global_scale=1
ATTR_RADIUS o=311 raw_norm=2370.5533665984053 norm=35.314702490200347 radius=388.03067567025153 next_radius=388.03067567025153 lambda=4.3116332495857472e-05 next_lambda=4.3116332495857472e-05 rho=0.99935050007749937 accept=1
CLASSICAL_LM o=311 lambda=4.3116332495857472e-05 tau=4.3116332495857472e-05 prediction=3.0442113373151436 rho=0.99935050007749937 accept=1
  MFCG it 312 cost=2.574827e+05 lam=4.312e-05 tau=0.00e+00 cg_it=2 shift=0 ckpt=3 alpha=0 acc mv=921
PCG_PREP o=312 rebuild=1 drift=0 previous_depth=3
E2_CAP o=312 retry=0 touched=2 ncam=52 raw=2382.7278610876419 capped=13.200021425971567 radius=388.03067567025153 median=0.2887527845213016 global_scale=1
ATTR_RADIUS o=312 raw_norm=2382.727861087641 norm=13.200021425971567 radius=388.03067567025153 next_radius=388.03067567025153 lambda=4.3116332495857472e-05 next_lambda=4.3116332495857472e-05 rho=0.99990485083283842 accept=1
CLASSICAL_LM o=312 lambda=4.3116332495857472e-05 tau=4.3116332495857472e-05 prediction=1.3733290617928755 rho=0.99990485083283842 accept=1
  MFCG it 313 cost=2.574813e+05 lam=4.312e-05 tau=0.00e+00 cg_it=0 shift=0 ckpt=1 alpha=0 acc mv=923
PCG_PREP o=313 rebuild=1 drift=0 previous_depth=1
E2_CAP o=313 retry=0 touched=2 ncam=52 raw=2379.2962851866218 capped=11.069088795919397 radius=388.03067567025153 median=0.2498681189337475 global_scale=1
ATTR_RADIUS o=313 raw_norm=2379.2962851866223 norm=11.069088795919397 radius=388.03067567025153 next_radius=388.03067567025153 lambda=4.3116332495857472e-05 next_lambda=4.3116332495857472e-05 rho=1.0000155652456111 accept=1
CLASSICAL_LM o=313 lambda=4.3116332495857472e-05 tau=4.3116332495857472e-05 prediction=1.0225852142105385 rho=1.0000155652456111 accept=1
  MFCG it 314 cost=2.574803e+05 lam=4.312e-05 tau=0.00e+00 cg_it=0 shift=0 ckpt=1 alpha=0 acc mv=925
PCG_PREP o=314 rebuild=1 drift=0 previous_depth=1
E2_CAP o=314 retry=0 touched=2 ncam=52 raw=2377.2018471431593 capped=11.051450353484721 radius=388.03067567025153 median=0.25375853454172204 global_scale=1
ATTR_RADIUS o=314 raw_norm=2377.2018471431588 norm=11.051450353484721 radius=388.03067567025153 next_radius=388.03067567025153 lambda=4.3116332495857472e-05 next_lambda=4.3116332495857472e-05 rho=0.99998662058500176 accept=1
CLASSICAL_LM o=314 lambda=4.3116332495857472e-05 tau=4.3116332495857472e-05 prediction=0.98952037295605944 rho=0.99998662058500176 accept=1
  MFCG it 315 cost=2.574793e+05 lam=4.312e-05 tau=0.00e+00 cg_it=0 shift=0 ckpt=1 alpha=0 acc mv=927
PCG_PREP o=315 rebuild=1 drift=0 previous_depth=1
E2_CAP o=315 retry=0 touched=1 ncam=52 raw=2366.2065636558737 capped=36.898124205925484 radius=388.03067567025153 median=1.0538793051685804 global_scale=1
ATTR_RADIUS o=315 raw_norm=2366.2065636558737 norm=36.898124205925491 radius=388.03067567025153 next_radius=388.03067567025153 lambda=4.3116332495857472e-05 next_lambda=4.3116332495857472e-05 rho=0.99929890749260597 accept=1
CLASSICAL_LM o=315 lambda=4.3116332495857472e-05 tau=4.3116332495857472e-05 prediction=2.9726765159653525 rho=0.99929890749260597 accept=1
  MFCG it 316 cost=2.574763e+05 lam=4.312e-05 tau=0.00e+00 cg_it=2 shift=0 ckpt=3 alpha=0 acc mv=931
PCG_PREP o=316 rebuild=1 drift=0 previous_depth=3
E2_CAP o=316 retry=0 touched=2 ncam=52 raw=2377.5282314440728 capped=12.797733068129981 radius=388.03067567025153 median=0.27927693343811116 global_scale=1
ATTR_RADIUS o=316 raw_norm=2377.5282314440719 norm=12.797733068129977 radius=388.03067567025153 next_radius=388.03067567025153 lambda=4.3116332495857472e-05 next_lambda=4.3116332495857472e-05 rho=0.99988433888245276 accept=1
CLASSICAL_LM o=316 lambda=4.3116332495857472e-05 tau=4.3116332495857472e-05 prediction=1.3275087911098433 rho=0.99988433888245276 accept=1
  MFCG it 317 cost=2.574750e+05 lam=4.312e-05 tau=0.00e+00 cg_it=0 shift=0 ckpt=1 alpha=0 acc mv=933
PCG_PREP o=317 rebuild=1 drift=0 previous_depth=1
E2_CAP o=317 retry=0 touched=2 ncam=52 raw=2374.1585636253308 capped=10.900268016326299 radius=388.03067567025153 median=0.24622620310260362 global_scale=1
ATTR_RADIUS o=317 raw_norm=2374.1585636253299 norm=10.900268016326299 radius=388.03067567025153 next_radius=388.03067567025153 lambda=4.3116332495857472e-05 next_lambda=4.3116332495857472e-05 rho=1.0000141994046767 accept=1
CLASSICAL_LM o=317 lambda=4.3116332495857472e-05 tau=4.3116332495857472e-05 prediction=1.0013596242301344 rho=1.0000141994046767 accept=1
  MFCG it 318 cost=2.574740e+05 lam=4.312e-05 tau=0.00e+00 cg_it=0 shift=0 ckpt=1 alpha=0 acc mv=935
PCG_PREP o=318 rebuild=1 drift=0 previous_depth=1
E2_CAP o=318 retry=0 touched=1 ncam=52 raw=2362.2044875816218 capped=34.979258327530964 radius=388.03067567025153 median=1.0260289300721683 global_scale=1
ATTR_RADIUS o=318 raw_norm=2362.2044875816218 norm=34.979258327530978 radius=388.03067567025153 next_radius=388.03067567025153 lambda=4.3116332495857472e-05 next_lambda=4.3116332495857472e-05 rho=0.99933356305065046 accept=1
CLASSICAL_LM o=318 lambda=4.3116332495857472e-05 tau=4.3116332495857472e-05 prediction=2.9536439399472076 rho=0.99933356305065046 accept=1
  MFCG it 319 cost=2.574710e+05 lam=4.312e-05 tau=0.00e+00 cg_it=2 shift=0 ckpt=3 alpha=0 acc mv=939
PCG_PREP o=319 rebuild=1 drift=0 previous_depth=3
E2_CAP o=319 retry=0 touched=2 ncam=52 raw=2373.5346430603613 capped=12.886176312583547 radius=388.03067567025153 median=0.28164914362717763 global_scale=1
ATTR_RADIUS o=319 raw_norm=2373.5346430603613 norm=12.886176312583549 radius=388.03067567025153 next_radius=388.03067567025153 lambda=4.3116332495857472e-05 next_lambda=4.3116332495857472e-05 rho=0.99990010846778354 accept=1
CLASSICAL_LM o=319 lambda=4.3116332495857472e-05 tau=4.3116332495857472e-05 prediction=1.3315035950538767 rho=0.99990010846778354 accept=1
  MFCG it 320 cost=2.574697e+05 lam=4.312e-05 tau=0.00e+00 cg_it=0 shift=0 ckpt=1 alpha=0 acc mv=941
PCG_PREP o=320 rebuild=1 drift=0 previous_depth=1
E2_CAP o=320 retry=0 touched=2 ncam=52 raw=2370.1766270730254 capped=10.828552551421849 radius=388.03067567025153 median=0.24442783064043169 global_scale=1
ATTR_RADIUS o=320 raw_norm=2370.1766270730245 norm=10.828552551421849 radius=388.03067567025153 next_radius=388.03067567025153 lambda=4.3116332495857472e-05 next_lambda=4.3116332495857472e-05 rho=1.0000158940530648 accept=1
CLASSICAL_LM o=320 lambda=4.3116332495857472e-05 tau=4.3116332495857472e-05 prediction=0.99386820823308197 rho=1.0000158940530648 accept=1
  MFCG it 321 cost=2.574687e+05 lam=4.312e-05 tau=0.00e+00 cg_it=0 shift=0 ckpt=1 alpha=0 acc mv=943
PCG_PREP o=321 rebuild=1 drift=0 previous_depth=1
E2_CAP o=321 retry=0 touched=1 ncam=52 raw=2358.4054196277348 capped=34.476153612211299 radius=388.03067567025153 median=1.0172305855862167 global_scale=1
ATTR_RADIUS o=321 raw_norm=2358.4054196277343 norm=34.476153612211306 radius=388.03067567025153 next_radius=388.03067567025153 lambda=4.3116332495857472e-05 next_lambda=4.3116332495857472e-05 rho=0.99936354395454607 accept=1
CLASSICAL_LM o=321 lambda=4.3116332495857472e-05 tau=4.3116332495857472e-05 prediction=2.9367821063040589 rho=0.99936354395454607 accept=1
  MFCG it 322 cost=2.574658e+05 lam=4.312e-05 tau=0.00e+00 cg_it=2 shift=0 ckpt=3 alpha=0 acc mv=947
PCG_PREP o=322 rebuild=1 drift=0 previous_depth=3
E2_CAP o=322 retry=0 touched=2 ncam=52 raw=2369.4327174691821 capped=12.831016186447266 radius=388.03067567025153 median=0.2804910871982883 global_scale=1
ATTR_RADIUS o=322 raw_norm=2369.4327174691816 norm=12.831016186447274 radius=388.03067567025153 next_radius=388.03067567025153 lambda=4.3116332495857472e-05 next_lambda=4.3116332495857472e-05 rho=0.99990562517454318 accept=1
CLASSICAL_LM o=322 lambda=4.3116332495857472e-05 tau=4.3116332495857472e-05 prediction=1.3217882545214839 rho=0.99990562517454318 accept=1
  MFCG it 323 cost=2.574644e+05 lam=4.312e-05 tau=0.00e+00 cg_it=0 shift=0 ckpt=1 alpha=0 acc mv=949
PCG_PREP o=323 rebuild=1 drift=0 previous_depth=1
E2_CAP o=323 retry=0 touched=2 ncam=52 raw=2366.1030971678319 capped=10.776570743386818 radius=388.03067567025153 median=0.24320711533040523 global_scale=1
ATTR_RADIUS o=323 raw_norm=2366.1030971678315 norm=10.776570743386818 radius=388.03067567025153 next_radius=388.03067567025153 lambda=4.3116332495857472e-05 next_lambda=4.3116332495857472e-05 rho=1.000016275921769 accept=1
CLASSICAL_LM o=323 lambda=4.3116332495857472e-05 tau=4.3116332495857472e-05 prediction=0.98724404961622403 rho=1.000016275921769 accept=1
  MFCG it 324 cost=2.574635e+05 lam=4.312e-05 tau=0.00e+00 cg_it=0 shift=0 ckpt=1 alpha=0 acc mv=951
PCG_PREP o=324 rebuild=1 drift=0 previous_depth=1
E2_CAP o=324 retry=0 touched=2 ncam=52 raw=2364.0678077569901 capped=10.677532199959035 radius=388.03067567025153 median=0.24504201671993564 global_scale=1
ATTR_RADIUS o=324 raw_norm=2364.0678077569896 norm=10.677532199959034 radius=388.03067567025153 next_radius=388.03067567025153 lambda=4.3116332495857472e-05 next_lambda=4.3116332495857472e-05 rho=0.99998853546161592 accept=1
CLASSICAL_LM o=324 lambda=4.3116332495857472e-05 tau=4.3116332495857472e-05 prediction=0.94850853519446621 rho=0.99998853546161592 accept=1
  MFCG it 325 cost=2.574625e+05 lam=4.312e-05 tau=0.00e+00 cg_it=0 shift=0 ckpt=1 alpha=0 acc mv=953
PCG_PREP o=325 rebuild=1 drift=0 previous_depth=1
E2_CAP o=325 retry=0 touched=1 ncam=52 raw=2354.2152338448086 capped=36.051998612169733 radius=388.03067567025153 median=1.0247687210866347 global_scale=1
ATTR_RADIUS o=325 raw_norm=2354.2152338448086 norm=36.05199861216974 radius=388.03067567025153 next_radius=388.03067567025153 lambda=4.3116332495857472e-05 next_lambda=4.3116332495857472e-05 rho=0.99931218211152739 accept=1
CLASSICAL_LM o=325 lambda=4.3116332495857472e-05 tau=4.3116332495857472e-05 prediction=2.8714306641708172 rho=0.99931218211152739 accept=1
  MFCG it 326 cost=2.574596e+05 lam=4.312e-05 tau=0.00e+00 cg_it=2 shift=0 ckpt=3 alpha=0 acc mv=957
PCG_PREP o=326 rebuild=1 drift=0 previous_depth=3
E2_CAP o=326 retry=0 touched=2 ncam=52 raw=2364.423212830588 capped=12.428543718421055 radius=388.03067567025153 median=0.27097211003207067 global_scale=1
ATTR_RADIUS o=326 raw_norm=2364.4232128305885 norm=12.428543718421055 radius=388.03067567025153 next_radius=388.03067567025153 lambda=4.3116332495857472e-05 next_lambda=4.3116332495857472e-05 rho=0.99988539709487334 accept=1
CLASSICAL_LM o=326 lambda=4.3116332495857472e-05 tau=4.3116332495857472e-05 prediction=1.2767547305582911 rho=0.99988539709487334 accept=1
  MFCG it 327 cost=2.574584e+05 lam=4.312e-05 tau=0.00e+00 cg_it=0 shift=0 ckpt=1 alpha=0 acc mv=959
PCG_PREP o=327 rebuild=1 drift=0 previous_depth=1
E2_CAP o=327 retry=0 touched=2 ncam=52 raw=2361.1548364631358 capped=10.607749688282764 radius=388.03067567025153 median=0.23954542146091062 global_scale=1
ATTR_RADIUS o=327 raw_norm=2361.1548364631358 norm=10.607749688282764 radius=388.03067567025153 next_radius=388.03067567025153 lambda=4.3116332495857472e-05 next_lambda=4.3116332495857472e-05 rho=1.0000148893330099 accept=1
CLASSICAL_LM o=327 lambda=4.3116332495857472e-05 tau=4.3116332495857472e-05 prediction=0.96651226018806424 rho=1.0000148893330099 accept=1
  MFCG it 328 cost=2.574574e+05 lam=4.312e-05 tau=0.00e+00 cg_it=0 shift=0 ckpt=1 alpha=0 acc mv=961
PCG_PREP o=328 rebuild=1 drift=0 previous_depth=1
E2_CAP o=328 retry=0 touched=1 ncam=52 raw=2350.3491411176005 capped=34.159961242541357 radius=388.03067567025153 median=0.99741698753712593 global_scale=1
ATTR_RADIUS o=328 raw_norm=2350.3491411176014 norm=34.159961242541364 radius=388.03067567025153 next_radius=388.03067567025153 lambda=4.3116332495857472e-05 next_lambda=4.3116332495857472e-05 rho=0.9993464492370111 accept=1
CLASSICAL_LM o=328 lambda=4.3116332495857472e-05 tau=4.3116332495857472e-05 prediction=2.8513154893037851 rho=0.9993464492370111 accept=1
  MFCG it 329 cost=2.574545e+05 lam=4.312e-05 tau=0.00e+00 cg_it=2 shift=0 ckpt=3 alpha=0 acc mv=965
PCG_PREP o=329 rebuild=1 drift=0 previous_depth=3
E2_CAP o=329 retry=0 touched=2 ncam=52 raw=2360.5801341552278 capped=12.516766103833525 radius=388.03067567025153 median=0.27332325591603945 global_scale=1
ATTR_RADIUS o=329 raw_norm=2360.5801341552269 norm=12.516766103833527 radius=388.03067567025153 next_radius=388.03067567025153 lambda=4.3116332495857472e-05 next_lambda=4.3116332495857472e-05 rho=0.99990092842931066 accept=1
CLASSICAL_LM o=329 lambda=4.3116332495857472e-05 tau=4.3116332495857472e-05 prediction=1.2810086188305454 rho=0.99990092842931066 accept=1
  MFCG it 330 cost=2.574533e+05 lam=4.312e-05 tau=0.00e+00 cg_it=0 shift=0 ckpt=1 alpha=0 acc mv=967
PCG_PREP o=330 rebuild=1 drift=0 previous_depth=1
E2_CAP o=330 retry=0 touched=2 ncam=52 raw=2357.3227769041205 capped=10.541228796940329 radius=388.03067567025153 median=0.2378663189330108 global_scale=1
ATTR_RADIUS o=330 raw_norm=2357.32277690412 norm=10.541228796940327 radius=388.03067567025153 next_radius=388.03067567025153 lambda=4.3116332495857472e-05 next_lambda=4.3116332495857472e-05 rho=1.0000164604600368 accept=1
CLASSICAL_LM o=330 lambda=4.3116332495857472e-05 tau=4.3116332495857472e-05 prediction=0.95965291284048815 rho=1.0000164604600368 accept=1
  MFCG it 331 cost=2.574523e+05 lam=4.312e-05 tau=0.00e+00 cg_it=0 shift=0 ckpt=1 alpha=0 acc mv=969
PCG_PREP o=331 rebuild=1 drift=0 previous_depth=1
E2_CAP o=331 retry=0 touched=2 ncam=52 raw=2355.3343138564801 capped=10.431775302475996 radius=388.03067567025153 median=0.23939682782686966 global_scale=1
ATTR_RADIUS o=331 raw_norm=2355.3343138564801 norm=10.431775302475994 radius=388.03067567025153 next_radius=388.03067567025153 lambda=4.3116332495857472e-05 next_lambda=4.3116332495857472e-05 rho=0.99998929721182472 accept=1
CLASSICAL_LM o=331 lambda=4.3116332495857472e-05 tau=4.3116332495857472e-05 prediction=0.92122144934789052 rho=0.99998929721182472 accept=1
  MFCG it 332 cost=2.574514e+05 lam=4.312e-05 tau=0.00e+00 cg_it=0 shift=0 ckpt=1 alpha=0 acc mv=971
PCG_PREP o=332 rebuild=1 drift=0 previous_depth=1
E2_CAP o=332 retry=0 touched=1 ncam=52 raw=2346.2447639652582 capped=35.565460724436413 radius=388.03067567025153 median=1.0052460561104337 global_scale=1
ATTR_RADIUS o=332 raw_norm=2346.2447639652592 norm=35.565460724436413 radius=388.03067567025153 next_radius=388.03067567025153 lambda=4.3116332495857472e-05 next_lambda=4.3116332495857472e-05 rho=0.99931124626875201 accept=1
CLASSICAL_LM o=332 lambda=4.3116332495857472e-05 tau=4.3116332495857472e-05 prediction=2.8008824090932687 rho=0.99931124626875201 accept=1
  MFCG it 333 cost=2.574486e+05 lam=4.312e-05 tau=0.00e+00 cg_it=2 shift=0 ckpt=3 alpha=0 acc mv=975
PCG_PREP o=333 rebuild=1 drift=0 previous_depth=3
E2_CAP o=333 retry=0 touched=2 ncam=52 raw=2355.745090622328 capped=12.15381199682141 radius=388.03067567025153 median=0.26473999387908531 global_scale=1
ATTR_RADIUS o=333 raw_norm=2355.7450906223285 norm=12.153811996821414 radius=388.03067567025153 next_radius=388.03067567025153 lambda=4.3116332495857472e-05 next_lambda=4.3116332495857472e-05 rho=0.99988465755313916 accept=1
CLASSICAL_LM o=333 lambda=4.3116332495857472e-05 tau=4.3116332495857472e-05 prediction=1.2405593963331782 rho=0.99988465755313916 accept=1
  MFCG it 334 cost=2.574473e+05 lam=4.312e-05 tau=0.00e+00 cg_it=0 shift=0 ckpt=1 alpha=0 acc mv=977
PCG_PREP o=334 rebuild=1 drift=0 previous_depth=1
E2_CAP o=334 retry=0 touched=2 ncam=52 raw=2352.5459331836346 capped=10.407001023310558 radius=388.03067567025153 median=0.23499883484243023 global_scale=1
ATTR_RADIUS o=334 raw_norm=2352.5459331836337 norm=10.407001023310558 radius=388.03067567025153 next_radius=388.03067567025153 lambda=4.3116332495857472e-05 next_lambda=4.3116332495857472e-05 rho=1.0000151214118722 accept=1
CLASSICAL_LM o=334 lambda=4.3116332495857472e-05 tau=4.3116332495857472e-05 prediction=0.94267752481840128 rho=1.0000151214118722 accept=1
  MFCG it 335 cost=2.574464e+05 lam=4.312e-05 tau=0.00e+00 cg_it=0 shift=0 ckpt=1 alpha=0 acc mv=979
PCG_PREP o=335 rebuild=1 drift=0 previous_depth=1
E2_CAP o=335 retry=0 touched=1 ncam=52 raw=2342.4684139466635 capped=33.628787499565973 radius=388.03067567025153 median=0.97761023541089997 global_scale=1
ATTR_RADIUS o=335 raw_norm=2342.4684139466631 norm=33.628787499565966 radius=388.03067567025153 next_radius=388.03067567025153 lambda=4.3116332495857472e-05 next_lambda=4.3116332495857472e-05 rho=0.9993507114811111 accept=1
CLASSICAL_LM o=335 lambda=4.3116332495857472e-05 tau=4.3116332495857472e-05 prediction=2.7803720887044094 rho=0.9993507114811111 accept=1
  MFCG it 336 cost=2.574436e+05 lam=4.312e-05 tau=0.00e+00 cg_it=2 shift=0 ckpt=3 alpha=0 acc mv=983
PCG_PREP o=336 rebuild=1 drift=0 previous_depth=3
E2_CAP o=336 retry=0 touched=2 ncam=52 raw=2352.0191786813875 capped=12.253989607281808 radius=388.03067567025153 median=0.26737179191505578 global_scale=1
ATTR_RADIUS o=336 raw_norm=2352.019178681388 norm=12.253989607281808 radius=388.03067567025153 next_radius=388.03067567025153 lambda=4.3116332495857472e-05 next_lambda=4.3116332495857472e-05 rho=0.99990090057661651 accept=1
CLASSICAL_LM o=336 lambda=4.3116332495857472e-05 tau=4.3116332495857472e-05 prediction=1.2462094366155163 rho=0.99990090057661651 accept=1
  MFCG it 337 cost=2.574424e+05 lam=4.312e-05 tau=0.00e+00 cg_it=0 shift=0 ckpt=1 alpha=0 acc mv=985
PCG_PREP o=337 rebuild=1 drift=0 previous_depth=1
E2_CAP o=337 retry=0 touched=2 ncam=52 raw=2348.8300213421821 capped=10.317760481544733 radius=388.03067567025153 median=0.23273893481317046 global_scale=1
ATTR_RADIUS o=337 raw_norm=2348.8300213421817 norm=10.317760481544731 radius=388.03067567025153 next_radius=388.03067567025153 lambda=4.3116332495857472e-05 next_lambda=4.3116332495857472e-05 rho=1.0000169107354311 accept=1
CLASSICAL_LM o=337 lambda=4.3116332495857472e-05 tau=4.3116332495857472e-05 prediction=0.93403279902688585 rho=1.0000169107354311 accept=1
  MFCG it 338 cost=2.574414e+05 lam=4.312e-05 tau=0.00e+00 cg_it=0 shift=0 ckpt=1 alpha=0 acc mv=987
PCG_PREP o=338 rebuild=1 drift=0 previous_depth=1
E2_CAP o=338 retry=0 touched=2 ncam=52 raw=2346.8846155965766 capped=10.187076594020835 radius=388.03067567025153 median=0.23371553951878915 global_scale=1
ATTR_RADIUS o=338 raw_norm=2346.8846155965757 norm=10.187076594020835 radius=388.03067567025153 next_radius=388.03067567025153 lambda=4.3116332495857472e-05 next_lambda=4.3116332495857472e-05 rho=0.99999020079402989 accept=1
CLASSICAL_LM o=338 lambda=4.3116332495857472e-05 tau=4.3116332495857472e-05 prediction=0.89485545998267157 rho=0.99999020079402989 accept=1
  MFCG it 339 cost=2.574405e+05 lam=4.312e-05 tau=0.00e+00 cg_it=0 shift=0 ckpt=1 alpha=0 acc mv=989
PCG_PREP o=339 rebuild=1 drift=0 previous_depth=1
E2_CAP o=339 retry=0 touched=1 ncam=52 raw=2338.4690609982545 capped=35.011815715908682 radius=388.03067567025153 median=0.9858923391647898 global_scale=1
ATTR_RADIUS o=339 raw_norm=2338.4690609982554 norm=35.011815715908675 radius=388.03067567025153 next_radius=388.03067567025153 lambda=4.3116332495857472e-05 next_lambda=4.3116332495857472e-05 rho=0.99931766900159535 accept=1
CLASSICAL_LM o=339 lambda=4.3116332495857472e-05 tau=4.3116332495857472e-05 prediction=2.734829857784085 rho=0.99931766900159535 accept=1
  MFCG it 340 cost=2.574378e+05 lam=4.312e-05 tau=0.00e+00 cg_it=2 shift=0 ckpt=3 alpha=0 acc mv=993
PCG_PREP o=340 rebuild=1 drift=0 previous_depth=3
E2_CAP o=340 retry=0 touched=2 ncam=52 raw=2347.3169543125491 capped=11.908723658947324 radius=388.03067567025153 median=0.25920087642781753 global_scale=1
ATTR_RADIUS o=340 raw_norm=2347.3169543125491 norm=11.908723658947322 radius=388.03067567025153 next_radius=388.03067567025153 lambda=4.3116332495857472e-05 next_lambda=4.3116332495857472e-05 rho=0.9998851749649541 accept=1
CLASSICAL_LM o=340 lambda=4.3116332495857472e-05 tau=4.3116332495857472e-05 prediction=1.2079581525629881 rho=0.9998851749649541 accept=1
  MFCG it 341 cost=2.574366e+05 lam=4.312e-05 tau=0.00e+00 cg_it=0 shift=0 ckpt=1 alpha=0 acc mv=995
PCG_PREP o=341 rebuild=1 drift=0 previous_depth=1
E2_CAP o=341 retry=0 touched=2 ncam=52 raw=2344.1832214207197 capped=10.180565114283835 radius=388.03067567025153 median=0.22977393438813015 global_scale=1
ATTR_RADIUS o=341 raw_norm=2344.1832214207197 norm=10.180565114283834 radius=388.03067567025153 next_radius=388.03067567025153 lambda=4.3116332495857472e-05 next_lambda=4.3116332495857472e-05 rho=1.000015693417049 accept=1
CLASSICAL_LM o=341 lambda=4.3116332495857472e-05 tau=4.3116332495857472e-05 prediction=0.91717952079186249 rho=1.000015693417049 accept=1
  MFCG it 342 cost=2.574357e+05 lam=4.312e-05 tau=0.00e+00 cg_it=0 shift=0 ckpt=1 alpha=0 acc mv=997
PCG_PREP o=342 rebuild=1 drift=0 previous_depth=1
E2_CAP o=342 retry=0 touched=1 ncam=52 raw=2334.7848742427182 capped=33.097670809299608 radius=388.03067567025153 median=0.95893953768559093 global_scale=1
ATTR_RADIUS o=342 raw_norm=2334.7848742427173 norm=33.097670809299608 radius=388.03067567025153 next_radius=388.03067567025153 lambda=4.3116332495857472e-05 next_lambda=4.3116332495857472e-05 rho=0.99935814681742086 accept=1
CLASSICAL_LM o=342 lambda=4.3116332495857472e-05 tau=4.3116332495857472e-05 prediction=2.71514194103688 rho=0.99935814681742086 accept=1
  MFCG it 343 cost=2.574330e+05 lam=4.312e-05 tau=0.00e+00 cg_it=2 shift=0 ckpt=3 alpha=0 acc mv=1001
PCG_PREP o=343 rebuild=1 drift=0 previous_depth=3
E2_CAP o=343 retry=0 touched=2 ncam=52 raw=2343.6917738437824 capped=12.013262782864979 radius=388.03067567025153 median=0.26192924504497822 global_scale=1
ATTR_RADIUS o=343 raw_norm=2343.6917738437819 norm=12.013262782864979 radius=388.03067567025153 next_radius=388.03067567025153 lambda=4.3116332495857472e-05 next_lambda=4.3116332495857472e-05 rho=0.99990136096291016 accept=1
CLASSICAL_LM o=343 lambda=4.3116332495857472e-05 tau=4.3116332495857472e-05 prediction=1.2142006881460667 rho=0.99990136096291016 accept=1
  MFCG it 344 cost=2.574318e+05 lam=4.312e-05 tau=0.00e+00 cg_it=0 shift=0 ckpt=1 alpha=0 acc mv=1003
PCG_PREP o=344 rebuild=1 drift=0 previous_depth=1
E2_CAP o=344 retry=0 touched=2 ncam=52 raw=2340.5669491300459 capped=10.08753046313414 radius=388.03067567025153 median=0.22740839608988944 global_scale=1
ATTR_RADIUS o=344 raw_norm=2340.566949130045 norm=10.08753046313414 radius=388.03067567025153 next_radius=388.03067567025153 lambda=4.3116332495857472e-05 next_lambda=4.3116332495857472e-05 rho=1.0000174944719664 accept=1
CLASSICAL_LM o=344 lambda=4.3116332495857472e-05 tau=4.3116332495857472e-05 prediction=0.90834799670968625 rho=1.0000174944719664 accept=1
  MFCG it 345 cost=2.574309e+05 lam=4.312e-05 tau=0.00e+00 cg_it=0 shift=0 ckpt=1 alpha=0 acc mv=1005
PCG_PREP o=345 rebuild=1 drift=0 previous_depth=1
E2_CAP o=345 retry=0 touched=2 ncam=52 raw=2338.6648668646503 capped=9.9555387992087727 radius=388.03067567025153 median=0.22832552681117724 global_scale=1
ATTR_RADIUS o=345 raw_norm=2338.6648668646503 norm=9.9555387992087692 radius=388.03067567025153 next_radius=388.03067567025153 lambda=4.3116332495857472e-05 next_lambda=4.3116332495857472e-05 rho=0.99999093770586622 accept=1
CLASSICAL_LM o=345 lambda=4.3116332495857472e-05 tau=4.3116332495857472e-05 prediction=0.87011713887863784 rho=0.99999093770586622 accept=1
  MFCG it 346 cost=2.574300e+05 lam=4.312e-05 tau=0.00e+00 cg_it=0 shift=0 ckpt=1 alpha=0 acc mv=1007
PCG_PREP o=346 rebuild=1 drift=0 previous_depth=1
E2_CAP o=346 retry=0 touched=1 ncam=52 raw=2330.8856212090227 capped=34.464615411099572 radius=388.03067567025153 median=0.96750938520011998 global_scale=1
ATTR_RADIUS o=346 raw_norm=2330.8856212090232 norm=34.464615411099572 radius=388.03067567025153 next_radius=388.03067567025153 lambda=4.3116332495857472e-05 next_lambda=4.3116332495857472e-05 rho=0.99932575214586727 accept=1
CLASSICAL_LM o=346 lambda=4.3116332495857472e-05 tau=4.3116332495857472e-05 prediction=2.6729832866105583 rho=0.99932575214586727 accept=1
  MFCG it 347 cost=2.574273e+05 lam=4.312e-05 tau=0.00e+00 cg_it=2 shift=0 ckpt=3 alpha=0 acc mv=1011
PCG_PREP o=347 rebuild=1 drift=0 previous_depth=3
E2_CAP o=347 retry=0 touched=2 ncam=52 raw=2339.1097268849931 capped=11.679467986593146 radius=388.03067567025153 median=0.25402195232297048 global_scale=1
ATTR_RADIUS o=347 raw_norm=2339.1097268849931 norm=11.679467986593147 radius=388.03067567025153 next_radius=388.03067567025153 lambda=4.3116332495857472e-05 next_lambda=4.3116332495857472e-05 rho=0.99988591328191678 accept=1
CLASSICAL_LM o=347 lambda=4.3116332495857472e-05 tau=4.3116332495857472e-05 prediction=1.1774709045397311 rho=0.99988591328191678 accept=1
  MFCG it 348 cost=2.574261e+05 lam=4.312e-05 tau=0.00e+00 cg_it=0 shift=0 ckpt=1 alpha=0 acc mv=1013
PCG_PREP o=348 rebuild=1 drift=0 previous_depth=1
E2_CAP o=348 retry=0 touched=2 ncam=52 raw=2336.0385833897894 capped=9.959785634182694 radius=388.03067567025153 median=0.22466029246596625 global_scale=1
ATTR_RADIUS o=348 raw_norm=2336.0385833897899 norm=9.9597856341826905 radius=388.03067567025153 next_radius=388.03067567025153 lambda=4.3116332495857472e-05 next_lambda=4.3116332495857472e-05 rho=1.0000162561745582 accept=1
CLASSICAL_LM o=348 lambda=4.3116332495857472e-05 tau=4.3116332495857472e-05 prediction=0.89263629141913892 rho=1.0000162561745582 accept=1
  MFCG it 349 cost=2.574252e+05 lam=4.312e-05 tau=0.00e+00 cg_it=0 shift=0 ckpt=1 alpha=0 acc mv=1015
PCG_PREP o=349 rebuild=1 drift=0 previous_depth=1
E2_CAP o=349 retry=0 touched=1 ncam=52 raw=2327.288329049949 capped=32.573245478981022 radius=388.03067567025153 median=0.94099982057100318 global_scale=1
ATTR_RADIUS o=349 raw_norm=2327.288329049949 norm=32.573245478981022 radius=388.03067567025153 next_radius=388.03067567025153 lambda=4.3116332495857472e-05 next_lambda=4.3116332495857472e-05 rho=0.99936622424113686 accept=1
CLASSICAL_LM o=349 lambda=4.3116332495857472e-05 tau=4.3116332495857472e-05 prediction=2.6530351198576927 rho=0.99936622424113686 accept=1
  MFCG it 350 cost=2.574226e+05 lam=4.312e-05 tau=0.00e+00 cg_it=2 shift=0 ckpt=3 alpha=0 acc mv=1019
PCG_PREP o=350 rebuild=1 drift=0 previous_depth=3
E2_CAP o=350 retry=0 touched=2 ncam=52 raw=2335.5777539947003 capped=11.784399392545412 radius=388.03067567025153 median=0.25674975971837477 global_scale=1
ATTR_RADIUS o=350 raw_norm=2335.5777539947003 norm=11.784399392545414 radius=388.03067567025153 next_radius=388.03067567025153 lambda=4.3116332495857472e-05 next_lambda=4.3116332495857472e-05 rho=0.99990193104233638 accept=1
CLASSICAL_LM o=350 lambda=4.3116332495857472e-05 tau=4.3116332495857472e-05 prediction=1.1839039363780441 rho=0.99990193104233638 accept=1
  MFCG it 351 cost=2.574214e+05 lam=4.312e-05 tau=0.00e+00 cg_it=0 shift=0 ckpt=1 alpha=0 acc mv=1021
PCG_PREP o=351 rebuild=1 drift=0 previous_depth=1
E2_CAP o=351 retry=0 touched=2 ncam=52 raw=2332.5153389764164 capped=9.8746844768836528 radius=388.03067567025153 median=0.22248178121797985 global_scale=1
ATTR_RADIUS o=351 raw_norm=2332.5153389764178 norm=9.8746844768836528 radius=388.03067567025153 next_radius=388.03067567025153 lambda=4.3116332495857472e-05 next_lambda=4.3116332495857472e-05 rho=1.0000179507174232 accept=1
CLASSICAL_LM o=351 lambda=4.3116332495857472e-05 tau=4.3116332495857472e-05 prediction=0.88461906666411561 rho=1.0000179507174232 accept=1
  MFCG it 352 cost=2.574205e+05 lam=4.312e-05 tau=0.00e+00 cg_it=0 shift=0 ckpt=1 alpha=0 acc mv=1023
PCG_PREP o=352 rebuild=1 drift=0 previous_depth=1
E2_CAP o=352 retry=0 touched=2 ncam=52 raw=2330.6537102715988 capped=9.7349784070709404 radius=388.03067567025153 median=0.22318344789215799 global_scale=1
ATTR_RADIUS o=352 raw_norm=2330.6537102715979 norm=9.7349784070709386 radius=388.03067567025153 next_radius=388.03067567025153 lambda=4.3116332495857472e-05 next_lambda=4.3116332495857472e-05 rho=0.99999162819307752 accept=1
CLASSICAL_LM o=352 lambda=4.3116332495857472e-05 tau=4.3116332495857472e-05 prediction=0.84669660372016453 rho=0.99999162819307752 accept=1
  MFCG it 353 cost=2.574197e+05 lam=4.312e-05 tau=0.00e+00 cg_it=0 shift=0 ckpt=1 alpha=0 acc mv=1025
PCG_PREP o=353 rebuild=1 drift=0 previous_depth=1
E2_CAP o=353 retry=0 touched=1 ncam=52 raw=2323.4827001280582 capped=33.927129967529716 radius=388.03067567025153 median=0.94985573748789465 global_scale=1
ATTR_RADIUS o=353 raw_norm=2323.4827001280587 norm=33.927129967529723 radius=388.03067567025153 next_radius=388.03067567025153 lambda=4.3116332495857472e-05 next_lambda=4.3116332495857472e-05 rho=0.99933409249673466 accept=1
CLASSICAL_LM o=353 lambda=4.3116332495857472e-05 tau=4.3116332495857472e-05 prediction=2.6139890782227799 rho=0.99933409249673466 accept=1
  MFCG it 354 cost=2.574171e+05 lam=4.312e-05 tau=0.00e+00 cg_it=2 shift=0 ckpt=3 alpha=0 acc mv=1029
PCG_PREP o=354 rebuild=1 drift=0 previous_depth=3
E2_CAP o=354 retry=0 touched=2 ncam=52 raw=2331.1082785425015 capped=11.461475679638445 radius=388.03067567025153 median=0.24909619191131144 global_scale=1
ATTR_RADIUS o=354 raw_norm=2331.108278542501 norm=11.461475679638445 radius=388.03067567025153 next_radius=388.03067567025153 lambda=4.3116332495857472e-05 next_lambda=4.3116332495857472e-05 rho=0.9998866682450348 accept=1
CLASSICAL_LM o=354 lambda=4.3116332495857472e-05 tau=4.3116332495857472e-05 prediction=1.1485815121036951 rho=0.9998866682450348 accept=1
  MFCG it 355 cost=2.574159e+05 lam=4.312e-05 tau=0.00e+00 cg_it=0 shift=0 ckpt=1 alpha=0 acc mv=1031
PCG_PREP o=355 rebuild=1 drift=0 previous_depth=1
E2_CAP o=355 retry=0 touched=2 ncam=52 raw=2328.0978480543345 capped=9.7501413785922022 radius=388.03067567025153 median=0.21980069354629872 global_scale=1
ATTR_RADIUS o=355 raw_norm=2328.0978480543345 norm=9.7501413785921986 radius=388.03067567025153 next_radius=388.03067567025153 lambda=4.3116332495857472e-05 next_lambda=4.3116332495857472e-05 rho=1.000016735351444 accept=1
CLASSICAL_LM o=355 lambda=4.3116332495857472e-05 tau=4.3116332495857472e-05 prediction=0.86944673590887978 rho=1.000016735351444 accept=1
  MFCG it 356 cost=2.574150e+05 lam=4.312e-05 tau=0.00e+00 cg_it=0 shift=0 ckpt=1 alpha=0 acc mv=1033
PCG_PREP o=356 rebuild=1 drift=0 previous_depth=1
E2_CAP o=356 retry=0 touched=1 ncam=52 raw=2319.9679890152283 capped=32.057567439101931 radius=388.03067567025153 median=0.9236898112972094 global_scale=1
ATTR_RADIUS o=356 raw_norm=2319.9679890152274 norm=32.057567439101938 radius=388.03067567025153 next_radius=388.03067567025153 lambda=4.3116332495857472e-05 next_lambda=4.3116332495857472e-05 rho=0.99937424101762395 accept=1
CLASSICAL_LM o=356 lambda=4.3116332495857472e-05 tau=4.3116332495857472e-05 prediction=2.5934799005824152 rho=0.99937424101762395 accept=1
  MFCG it 357 cost=2.574125e+05 lam=4.312e-05 tau=0.00e+00 cg_it=2 shift=0 ckpt=3 alpha=0 acc mv=1037
PCG_PREP o=357 rebuild=1 drift=0 previous_depth=3
E2_CAP o=357 retry=0 touched=2 ncam=52 raw=2327.6650025243816 capped=11.566577755749789 radius=388.03067567025153 median=0.25182039646596488 global_scale=1
ATTR_RADIUS o=357 raw_norm=2327.6650025243821 norm=11.566577755749792 radius=388.03067567025153 next_radius=388.03067567025153 lambda=4.3116332495857472e-05 next_lambda=4.3116332495857472e-05 rho=0.99990247620901163 accept=1
CLASSICAL_LM o=357 lambda=4.3116332495857472e-05 tau=4.3116332495857472e-05 prediction=1.1551657520645369 rho=0.99990247620901163 accept=1
  MFCG it 358 cost=2.574113e+05 lam=4.312e-05 tau=0.00e+00 cg_it=0 shift=0 ckpt=1 alpha=0 acc mv=1039
PCG_PREP o=358 rebuild=1 drift=0 previous_depth=1
E2_CAP o=358 retry=0 touched=2 ncam=52 raw=2324.66205792541 capped=9.6694828264771235 radius=388.03067567025153 median=0.21772525221606345 global_scale=1
ATTR_RADIUS o=358 raw_norm=2324.6620579254109 norm=9.6694828264771218 radius=388.03067567025153 next_radius=388.03067567025153 lambda=4.3116332495857472e-05 next_lambda=4.3116332495857472e-05 rho=1.0000183494869703 accept=1
CLASSICAL_LM o=358 lambda=4.3116332495857472e-05 tau=4.3116332495857472e-05 prediction=0.86191428886961774 rho=1.0000183494869703 accept=1
  MFCG it 359 cost=2.574104e+05 lam=4.312e-05 tau=0.00e+00 cg_it=0 shift=0 ckpt=1 alpha=0 acc mv=1041
PCG_PREP o=359 rebuild=1 drift=0 previous_depth=1
E2_CAP o=359 retry=0 touched=2 ncam=52 raw=2322.8395868528119 capped=9.524278983157517 radius=388.03067567025153 median=0.21826735474109504 global_scale=1
ATTR_RADIUS o=359 raw_norm=2322.8395868528114 norm=9.5242789831575152 radius=388.03067567025153 next_radius=388.03067567025153 lambda=4.3116332495857472e-05 next_lambda=4.3116332495857472e-05 rho=0.99999222402799803 accept=1
CLASSICAL_LM o=359 lambda=4.3116332495857472e-05 tau=4.3116332495857472e-05 prediction=0.82444224910519082 rho=0.99999222402799803 accept=1
  MFCG it 360 cost=2.574096e+05 lam=4.312e-05 tau=0.00e+00 cg_it=0 shift=0 ckpt=1 alpha=0 acc mv=1043
PCG_PREP o=360 rebuild=1 drift=0 previous_depth=1
E2_CAP o=360 retry=0 touched=1 ncam=52 raw=2316.2519342823575 capped=33.399371865850412 radius=388.03067567025153 median=0.93284845580293552 global_scale=1
ATTR_RADIUS o=360 raw_norm=2316.2519342823589 norm=33.399371865850419 radius=388.03067567025153 next_radius=388.03067567025153 lambda=4.3116332495857472e-05 next_lambda=4.3116332495857472e-05 rho=0.99934232656032917 accept=1
CLASSICAL_LM o=360 lambda=4.3116332495857472e-05 tau=4.3116332495857472e-05 prediction=2.5575058105495212 rho=0.99934232656032917 accept=1
  MFCG it 361 cost=2.574071e+05 lam=4.312e-05 tau=0.00e+00 cg_it=2 shift=0 ckpt=3 alpha=0 acc mv=1047
PCG_PREP o=361 rebuild=1 drift=0 previous_depth=3
E2_CAP o=361 retry=0 touched=2 ncam=52 raw=2323.3025036464464 capped=11.252781709136128 radius=388.03067567025153 median=0.24437919627179105 global_scale=1
ATTR_RADIUS o=361 raw_norm=2323.3025036464455 norm=11.252781709136128 radius=388.03067567025153 next_radius=388.03067567025153 lambda=4.3116332495857472e-05 next_lambda=4.3116332495857472e-05 rho=0.99988742005394871 accept=1
CLASSICAL_LM o=361 lambda=4.3116332495857472e-05 tau=4.3116332495857472e-05 prediction=1.1210499590396865 rho=0.99988742005394871 accept=1
  MFCG it 362 cost=2.574059e+05 lam=4.312e-05 tau=0.00e+00 cg_it=0 shift=0 ckpt=1 alpha=0 acc mv=1049
PCG_PREP o=362 rebuild=1 drift=0 previous_depth=1
E2_CAP o=362 retry=0 touched=2 ncam=52 raw=2320.350741031215 capped=9.5464419175537802 radius=388.03067567025153 median=0.21507152983360855 global_scale=1
ATTR_RADIUS o=362 raw_norm=2320.3507410312145 norm=9.5464419175537802 radius=388.03067567025153 next_radius=388.03067567025153 lambda=4.3116332495857472e-05 next_lambda=4.3116332495857472e-05 rho=1.000017157110288 accept=1
CLASSICAL_LM o=362 lambda=4.3116332495857472e-05 tau=4.3116332495857472e-05 prediction=0.84710385829582835 rho=1.000017157110288 accept=1
  MFCG it 363 cost=2.574051e+05 lam=4.312e-05 tau=0.00e+00 cg_it=0 shift=0 ckpt=1 alpha=0 acc mv=1051
PCG_PREP o=363 rebuild=1 drift=0 previous_depth=1
E2_CAP o=363 retry=0 touched=1 ncam=52 raw=2312.8153186398217 capped=31.550083726744621 radius=388.03067567025153 median=0.90694102559631085 global_scale=1
ATTR_RADIUS o=363 raw_norm=2312.8153186398204 norm=31.550083726744614 radius=388.03067567025153 next_radius=388.03067567025153 lambda=4.3116332495857472e-05 next_lambda=4.3116332495857472e-05 rho=0.99938207882886798 accept=1
CLASSICAL_LM o=363 lambda=4.3116332495857472e-05 tau=4.3116332495857472e-05 prediction=2.5362172823409792 rho=0.99938207882886798 accept=1
  MFCG it 364 cost=2.574026e+05 lam=4.312e-05 tau=0.00e+00 cg_it=2 shift=0 ckpt=3 alpha=0 acc mv=1055
PCG_PREP o=364 rebuild=1 drift=0 previous_depth=3
E2_CAP o=364 retry=0 touched=2 ncam=52 raw=2319.944107650997 capped=11.357308025686427 radius=388.03067567025153 median=0.24708212536448343 global_scale=1
ATTR_RADIUS o=364 raw_norm=2319.9441076509961 norm=11.357308025686422 radius=388.03067567025153 next_radius=388.03067567025153 lambda=4.3116332495857472e-05 next_lambda=4.3116332495857472e-05 rho=0.99990300321396508 accept=1
CLASSICAL_LM o=364 lambda=4.3116332495857472e-05 tau=4.3116332495857472e-05 prediction=1.1277049867014706 rho=0.99990300321396508 accept=1
  MFCG: converged (OCA_FTOL: 8 outers < 1.0e-05 rel)
  [menu-backtrack] confirming stop with original retry policy at outer 365
  MFCG it 365 cost=2.574014e+05 lam=4.312e-05 tau=0.00e+00 cg_it=0 shift=0 ckpt=1 alpha=0 acc mv=1057
PCG_PREP o=365 rebuild=1 drift=0 previous_depth=1
E2_CAP o=365 retry=0 touched=2 ncam=52 raw=2316.9992401922891 capped=9.4735178948527849 radius=388.03067567025153 median=0.21318155144412831 global_scale=1
ATTR_RADIUS o=365 raw_norm=2316.9992401922891 norm=9.4735178948527867 radius=388.03067567025153 next_radius=388.03067567025153 lambda=4.3116332495857472e-05 next_lambda=4.3116332495857472e-05 rho=1.0000186669606821 accept=1
CLASSICAL_LM o=365 lambda=4.3116332495857472e-05 tau=4.3116332495857472e-05 prediction=0.84032992815491814 rho=1.0000186669606821 accept=1
  MFCG it 366 cost=2.574006e+05 lam=4.312e-05 tau=0.00e+00 cg_it=0 shift=0 ckpt=1 alpha=0 acc mv=1059
PCG_PREP o=366 rebuild=1 drift=0 previous_depth=1
E2_CAP o=366 retry=0 touched=2 ncam=52 raw=2315.2143983045812 capped=9.3221954826998026 radius=388.03067567025153 median=0.21354979020149339 global_scale=1
ATTR_RADIUS o=366 raw_norm=2315.2143983045817 norm=9.3221954826998026 radius=388.03067567025153 next_radius=388.03067567025153 lambda=4.3116332495857472e-05 next_lambda=4.3116332495857472e-05 rho=0.99999274506017244 accept=1
CLASSICAL_LM o=366 lambda=4.3116332495857472e-05 tau=4.3116332495857472e-05 prediction=0.8032087923536394 rho=0.99999274506017244 accept=1
  MFCG it 367 cost=2.573998e+05 lam=4.312e-05 tau=0.00e+00 cg_it=0 shift=0 ckpt=1 alpha=0 acc mv=1061
PCG_PREP o=367 rebuild=1 drift=0 previous_depth=1
E2_CAP o=367 retry=0 touched=1 ncam=52 raw=2309.1845112317742 capped=32.880645952112118 radius=388.03067567025153 median=0.91641123611303454 global_scale=1
ATTR_RADIUS o=367 raw_norm=2309.1845112317737 norm=32.880645952112125 radius=388.03067567025153 next_radius=388.03067567025153 lambda=4.3116332495857472e-05 next_lambda=4.3116332495857472e-05 rho=0.99935036737852112 accept=1
CLASSICAL_LM o=367 lambda=4.3116332495857472e-05 tau=4.3116332495857472e-05 prediction=2.5032401124333661 rho=0.99935036737852112 accept=1
  MFCG it 368 cost=2.573973e+05 lam=4.312e-05 tau=0.00e+00 cg_it=2 shift=0 ckpt=3 alpha=0 acc mv=1065
PCG_PREP o=368 rebuild=1 drift=0 previous_depth=3
E2_CAP o=368 retry=0 touched=2 ncam=52 raw=2315.6843220881046 capped=11.052044366690431 radius=388.03067567025153 median=0.23984011233588948 global_scale=1
ATTR_RADIUS o=368 raw_norm=2315.6843220881046 norm=11.052044366690433 radius=388.03067567025153 next_radius=388.03067567025153 lambda=4.3116332495857472e-05 next_lambda=4.3116332495857472e-05 rho=0.99988814371221413 accept=1
CLASSICAL_LM o=368 lambda=4.3116332495857472e-05 tau=4.3116332495857472e-05 prediction=1.0947083406309739 rho=0.99988814371221413 accept=1
  MFCG it 369 cost=2.573962e+05 lam=4.312e-05 tau=0.00e+00 cg_it=0 shift=0 ckpt=1 alpha=0 acc mv=1067
PCG_PREP o=369 rebuild=1 drift=0 previous_depth=1
E2_CAP o=369 retry=0 touched=2 ncam=52 raw=2312.788850763397 capped=9.343074573143948 radius=388.03067567025153 median=0.21033683036298514 global_scale=1
ATTR_RADIUS o=369 raw_norm=2312.788850763397 norm=9.343074573143948 radius=388.03067567025153 next_radius=388.03067567025153 lambda=4.3116332495857472e-05 next_lambda=4.3116332495857472e-05 rho=1.0000175728604317 accept=1
CLASSICAL_LM o=369 lambda=4.3116332495857472e-05 tau=4.3116332495857472e-05 prediction=0.8250859781111618 rho=1.0000175728604317 accept=1
  MFCG it 370 cost=2.573954e+05 lam=4.312e-05 tau=0.00e+00 cg_it=0 shift=0 ckpt=1 alpha=0 acc mv=1069
PCG_PREP o=370 rebuild=1 drift=0 previous_depth=1
E2_CAP o=370 retry=0 touched=2 ncam=52 raw=2311.0315539331255 capped=9.1901349409633024 radius=388.03067567025153 median=0.21062863436397661 global_scale=1
ATTR_RADIUS o=370 raw_norm=2311.0315539331236 norm=9.1901349409633024 radius=388.03067567025153 next_radius=388.03067567025153 lambda=4.3116332495857472e-05 next_lambda=4.3116332495857472e-05 rho=0.99999257002127317 accept=1
CLASSICAL_LM o=370 lambda=4.3116332495857472e-05 tau=4.3116332495857472e-05 prediction=0.78853488075388156 rho=0.99999257002127317 accept=1
  MFCG it 371 cost=2.573946e+05 lam=4.312e-05 tau=0.00e+00 cg_it=0 shift=0 ckpt=1 alpha=0 acc mv=1071
PCG_PREP o=371 rebuild=1 drift=0 previous_depth=1
E2_CAP o=371 retry=0 touched=1 ncam=52 raw=2305.4540812232417 capped=33.018172375245236 radius=388.03067567025153 median=0.91256710761578752 global_scale=1
ATTR_RADIUS o=371 raw_norm=2305.4540812232412 norm=33.018172375245236 radius=388.03067567025153 next_radius=388.03067567025153 lambda=4.3116332495857472e-05 next_lambda=4.3116332495857472e-05 rho=0.99932832555818163 accept=1
CLASSICAL_LM o=371 lambda=4.3116332495857472e-05 tau=4.3116332495857472e-05 prediction=2.4793891517202162 rho=0.99932832555818163 accept=1
  MFCG it 372 cost=2.573921e+05 lam=4.312e-05 tau=0.00e+00 cg_it=2 shift=0 ckpt=3 alpha=0 acc mv=1075
PCG_PREP o=372 rebuild=1 drift=0 previous_depth=3
E2_CAP o=372 retry=0 touched=2 ncam=52 raw=2311.6078264499483 capped=10.884296315914781 radius=388.03067567025153 median=0.23596246360379952 global_scale=1
ATTR_RADIUS o=372 raw_norm=2311.6078264499488 norm=10.884296315914783 radius=388.03067567025153 next_radius=388.03067567025153 lambda=4.3116332495857472e-05 next_lambda=4.3116332495857472e-05 rho=0.99988362313716694 accept=1
CLASSICAL_LM o=372 lambda=4.3116332495857472e-05 tau=4.3116332495857472e-05 prediction=1.0747455374202952 rho=0.99988362313716694 accept=1
  MFCG: converged (OCA_FTOL: 8 outers < 1.0e-05 rel)
  MFCG: accepts=373 rejects=3 total_matvecs=1077 negcurv=1 cand_evals=376 mean_cg_per_outer=2.9
NUMERIC_REPAIR summary rebuilds=1 floor=4.3116332495857472e-05
  [retry-cache] builds=377 reuses=0
  [menu-backtrack] trials=13 rescues=13 evals=32 total_scored=408
POINT_SAFE summary calls=13 evals=13 wins=6 frozen=2590 seconds=0.031299149
  [scoring] menu_evals=376 alpha_evals=0 backtrack_evals=32 total_scored=408
RESULT algo=mfree_shifted_cg iters=373 final_cost=257391.0227683675 solve_seconds=3.746892
DIAGNOSTICS median_reproj_err_px 3.252455 -> 0.372025 | cheirality_violations(obs) 0 -> 10 | cheirality_violations(pts, of 64053) 0 -> 5
