  [menu-backtrack] active=1 max_evals=8 warmup_accepts=3 confirm_stop=original armijo=1e-4
MIXED_STORAGE fragments=fp32 arithmetic=fp64 state=fp64 acceptance=fp64
  [compact-fragments] active=2 saved_bytes=36105992 storage=fp32 camera_reads=contiguous
  MFCG score_init=11152062.772762468 precision=fp64
PCG_PREP o=0 rebuild=1 drift=0 previous_depth=0
E2_CAP o=0 retry=0 touched=0 ncam=52 raw=3104.2454053620145 capped=3104.2454053620149 radius=3104.2454053620145 median=305.60028916264332 global_scale=0.99999999999999989
ATTR_RADIUS o=0 raw_norm=3104.2454053620145 norm=3104.2454053620145 radius=3104.2454053620145 next_radius=6208.490810724029 lambda=0.10000000000000001 next_lambda=0.025000000000000001 rho=0.99944779658081739 accept=1
CLASSICAL_LM o=0 lambda=0.10000000000000001 tau=0.10000000000000001 prediction=9052081.1126991697 rho=0.99944779658081739 accept=1
  MFCG it   1 cost=2.104980e+06 lam=2.500e-02 tau=0.00e+00 cg_it=1 shift=0 ckpt=2 alpha=0 acc mv=3
PCG_PREP o=1 rebuild=1 drift=0 previous_depth=2
E2_CAP o=1 retry=0 touched=0 ncam=52 raw=2676.9295338215443 capped=2676.9295338215429 radius=6208.490810724029 median=291.2342226536997 global_scale=1
ATTR_RADIUS o=1 raw_norm=2676.9295338215443 norm=2676.9295338215443 radius=6208.490810724029 next_radius=6208.490810724029 lambda=0.025000000000000001 next_lambda=0.0025000000000000005 rho=0.99568870257701414 accept=1
CLASSICAL_LM o=1 lambda=0.025000000000000001 tau=0.025000000000000001 prediction=602145.25532400107 rho=0.99568870257701414 accept=1
  MFCG it   2 cost=1.505431e+06 lam=2.500e-03 tau=0.00e+00 cg_it=8 shift=0 ckpt=9 alpha=0 acc mv=13
PCG_PREP o=2 rebuild=1 drift=0 previous_depth=9
E2_CAP o=2 retry=0 touched=0 ncam=52 raw=9509.8885634199542 capped=9509.8885634199505 radius=6208.490810724029 median=1110.7313800384968 global_scale=0.65284580038142204
ATTR_RADIUS o=2 raw_norm=9509.8885634199542 norm=6208.4908107240326 radius=6208.490810724029 next_radius=12416.981621448058 lambda=0.0025000000000000005 next_lambda=0.00062500000000000012 rho=0.99792924443342135 accept=1
CLASSICAL_LM o=2 lambda=0.0025000000000000005 tau=0.0025000000000000005 prediction=368617.81415895507 rho=0.99792924443342135 accept=1
  MFCG it   3 cost=1.137577e+06 lam=6.250e-04 tau=0.00e+00 cg_it=4 shift=0 ckpt=5 alpha=0 acc mv=19
PCG_PREP o=3 rebuild=1 drift=0 previous_depth=5
E2_CAP o=3 retry=0 touched=0 ncam=52 raw=20705.323241871851 capped=20705.323241871854 radius=12416.981621448058 median=2217.6935035511574 global_scale=0.599699964902625
ATTR_RADIUS o=3 raw_norm=20705.323241871847 norm=12416.981621448052 radius=12416.981621448058 next_radius=24833.963242896116 lambda=0.00062500000000000012 next_lambda=0.00015625000000000003 rho=1.0088692245356241 accept=1
CLASSICAL_LM o=3 lambda=0.00062500000000000012 tau=0.00062500000000000012 prediction=297877.17023040762 rho=1.0088692245356241 accept=1
  MFCG it   4 cost=8.370574e+05 lam=1.563e-04 tau=0.00e+00 cg_it=4 shift=0 ckpt=5 alpha=0 acc mv=25
PCG_PREP o=4 rebuild=1 drift=0 previous_depth=5
E2_CAP o=4 retry=0 touched=0 ncam=52 raw=37365.840330597326 capped=37365.840330597326 radius=24833.963242896116 median=4014.0561484744549 global_scale=0.66461674682478966
ATTR_RADIUS o=4 raw_norm=37365.840330597326 norm=24833.963242896123 radius=24833.963242896116 next_radius=49667.926485792232 lambda=0.00015625000000000003 next_lambda=3.9062500000000008e-05 rho=0.99302849863218157 accept=1
CLASSICAL_LM o=4 lambda=0.00015625000000000003 tau=0.00015625000000000003 prediction=325383.79332419607 rho=0.99302849863218157 accept=1
  MFCG it   5 cost=5.139420e+05 lam=3.906e-05 tau=0.00e+00 cg_it=7 shift=0 ckpt=8 alpha=0 acc mv=34
PCG_PREP o=5 rebuild=1 drift=0 previous_depth=8
E2_CAP o=5 retry=0 touched=0 ncam=52 raw=39475.240517337676 capped=39475.240517337668 radius=49667.926485792232 median=3441.7768912867323 global_scale=1
POINT_SAFE o=5 frozen=1976 slope=-351584.63192621415 candidate=362161.64649419487 original=379898.14134456607 current=513942.03589845763 won=1 mode=1 camera_scale=1 keep_scale=0
ATTR_RADIUS o=5 raw_norm=39475.240517337668 norm=39475.240517337668 radius=49667.926485792232 next_radius=49667.926485792232 lambda=3.9062500000000008e-05 next_lambda=3.9062500000000009e-06 rho=0.76575174127631085 accept=1
CLASSICAL_LM o=5 lambda=3.9062500000000008e-05 tau=3.9062500000000008e-05 prediction=198210.96214718881 rho=0.76575174127631085 accept=1
  MFCG it   6 cost=3.621616e+05 lam=3.906e-06 tau=0.00e+00 cg_it=7 shift=0 ckpt=8 alpha=0 acc mv=43
PCG_PREP o=6 rebuild=1 drift=0 previous_depth=8
E2_CAP o=6 retry=0 touched=1 ncam=52 raw=9202.2893030467076 capped=6324.1058246216708 radius=49667.926485792232 median=160.5237680806872 global_scale=1
POINT_SAFE o=6 frozen=32 slope=-155437.36866954836 candidate=290816.07581396669 original=312816.71155124635 current=362161.64649419487 won=1 mode=1 camera_scale=1 keep_scale=0
ATTR_RADIUS o=6 raw_norm=9202.2893030467076 norm=6324.1058246216717 radius=49667.926485792232 next_radius=49667.926485792232 lambda=3.9062500000000009e-06 next_lambda=3.9062500000000012e-07 rho=0.91910245187385775 accept=1
CLASSICAL_LM o=6 lambda=3.9062500000000009e-06 tau=3.9062500000000009e-06 prediction=77625.264228998058 rho=0.91910245187385775 accept=1
  MFCG it   7 cost=2.908161e+05 lam=3.906e-07 tau=0.00e+00 cg_it=0 shift=0 ckpt=1 alpha=0 acc mv=45
PCG_PREP o=7 rebuild=1 drift=0 previous_depth=1
E2_CAP o=7 retry=0 touched=2 ncam=52 raw=54669.858475304994 capped=25130.403393866538 radius=49667.926485792232 median=560.32040306630836 global_scale=1
POINT_SAFE o=7 frozen=141 slope=-39997.411287836148 candidate=295408.59851750417 original=284803.59314601897 current=290816.07581396669 won=0 mode=1 camera_scale=1 keep_scale=0
ATTR_RADIUS o=7 raw_norm=54669.85847530498 norm=12565.201696933265 radius=49667.926485792232 next_radius=49667.926485792232 lambda=3.9062500000000012e-07 next_lambda=3.9062500000000016e-08 rho=0.29172221940567472 accept=1
CLASSICAL_LM o=7 lambda=3.9062500000000012e-07 tau=3.9062500000000012e-07 prediction=20610.300717569386 rho=0.29172221940567472 accept=1
  MFCG it   8 cost=2.848036e+05 lam=3.906e-08 tau=0.00e+00 cg_it=5 shift=0 ckpt=6 alpha=0 acc mv=52
PCG_PREP o=8 rebuild=1 drift=0 previous_depth=6
E2_CAP o=8 retry=0 touched=2 ncam=52 raw=43460.812084820747 capped=9142.8830085097179 radius=49667.926485792232 median=200.3869452798404 global_scale=1
POINT_SAFE o=8 frozen=58 slope=-39282.1086255009 candidate=274952.11326589005 original=275669.40931113396 current=284803.59314601897 won=1 mode=1 camera_scale=1 keep_scale=0
ATTR_RADIUS o=8 raw_norm=43460.812084820747 norm=9142.8830085097197 radius=49667.926485792232 next_radius=49667.926485792232 lambda=3.9062500000000016e-08 next_lambda=3.9062500000000015e-09 rho=0.53725471317111007 accept=1
CLASSICAL_LM o=8 lambda=3.9062500000000016e-08 tau=3.9062500000000016e-08 prediction=18336.702570706595 rho=0.53725471317111007 accept=1
  MFCG it   9 cost=2.749521e+05 lam=3.906e-09 tau=0.00e+00 cg_it=1 shift=0 ckpt=2 alpha=0 acc mv=55
PCG_PREP o=9 rebuild=1 drift=0 previous_depth=2
E2_CAP o=9 retry=0 touched=2 ncam=52 raw=12234.65991641202 capped=1788.3766564215064 radius=49667.926485792232 median=38.391186264419446 global_scale=1
POINT_SAFE o=9 frozen=24 slope=-17240.651291795439 candidate=272820.58833716164 original=273564.98825934401 current=274952.11326589005 won=1 mode=1 camera_scale=1 keep_scale=0
ATTR_RADIUS o=9 raw_norm=12234.659916412014 norm=1788.3766564215064 radius=49667.926485792232 next_radius=12416.981621448058 lambda=3.9062500000000015e-09 next_lambda=6.2500000000000024e-08 rho=0.24983514203316537 accept=1
CLASSICAL_LM o=9 lambda=3.9062500000000015e-09 tau=3.9062500000000015e-09 prediction=8531.7258067940329 rho=0.24983514203316537 accept=1
  MFCG it  10 cost=2.728206e+05 lam=6.250e-08 tau=0.00e+00 cg_it=0 shift=0 ckpt=1 alpha=0 acc mv=57
PCG_PREP o=10 rebuild=1 drift=0 previous_depth=1
E2_CAP o=10 retry=0 touched=2 ncam=52 raw=13094.489360596161 capped=1333.4178650235667 radius=12416.981621448058 median=29.152231221311965 global_scale=1
POINT_SAFE o=10 frozen=43 slope=-8619.2534109450244 candidate=271153.31581097282 original=272006.60831670766 current=272820.58833716164 won=1 mode=1 camera_scale=1 keep_scale=0
ATTR_RADIUS o=10 raw_norm=13094.489360596164 norm=1333.4178650235667 radius=12416.981621448058 next_radius=12416.981621448058 lambda=6.2500000000000024e-08 next_lambda=6.250000000000003e-09 rho=0.38029566426470784 accept=1
CLASSICAL_LM o=10 lambda=6.2500000000000024e-08 tau=6.2500000000000024e-08 prediction=4384.1481322497893 rho=0.38029566426470784 accept=1
  MFCG it  11 cost=2.711533e+05 lam=6.250e-09 tau=0.00e+00 cg_it=0 shift=0 ckpt=1 alpha=0 acc mv=59
PCG_PREP o=11 rebuild=1 drift=0 previous_depth=1
E2_CAP o=11 retry=0 touched=2 ncam=52 raw=54041.999638372225 capped=4318.48179015401 radius=12416.981621448058 median=94.226410576909359 global_scale=1
POINT_SAFE o=11 frozen=46 slope=-1734.2552469105531 candidate=274144.65717500157 original=271150.22747914458 current=271153.31581097282 won=0 mode=1 camera_scale=1 keep_scale=0
ATTR_RADIUS o=11 raw_norm=54041.999638372232 norm=4318.4817901540109 radius=12416.981621448058 next_radius=3104.2454053620145 lambda=6.250000000000003e-09 next_lambda=1.0000000000000005e-07 rho=0.00095937906782095068 accept=0
CLASSICAL_LM o=11 lambda=6.250000000000003e-09 tau=6.250000000000003e-09 prediction=3219.0944453871239 rho=0.00095937906782095068 accept=0
  MFCG it  12  retry 1/8  lam=1.000e-07 tau_eff=6.250e-09  (assembly reused)
PCG_PREP o=11 rebuild=1 drift=0 previous_depth=2
E2_CAP o=11 retry=1 touched=2 ncam=52 raw=52312.346861464088 capped=3798.2687263858666 radius=3104.2454053620145 median=83.158185064755912 global_scale=0.81727903657721712
POINT_SAFE o=11 frozen=26 slope=-2947.7856446187379 candidate=271212.50188390847 original=270483.31315025868 current=271153.31581097282 won=0 mode=1 camera_scale=1 keep_scale=0
ATTR_RADIUS o=11 raw_norm=52312.346861464102 norm=388.0306756702517 radius=3104.2454053620145 next_radius=776.06135134050362 lambda=1.0000000000000005e-07 next_lambda=1.6000000000000008e-06 rho=0.22520744839047396 accept=1
CLASSICAL_LM o=11 lambda=1.0000000000000005e-07 tau=1.0000000000000005e-07 prediction=2975.0466314616283 rho=0.22520744839047396 accept=1
  MFCG it  12 cost=2.704833e+05 lam=1.600e-06 tau=0.00e+00 cg_it=1 shift=0 ckpt=2 alpha=0 acc mv=65
PCG_PREP o=12 rebuild=1 drift=0 previous_depth=2
E2_CAP o=12 retry=0 touched=2 ncam=52 raw=33329.650296199987 capped=2659.23546664688 radius=776.06135134050362 median=50.696363164761024 global_scale=0.29183626687976816
POINT_SAFE o=12 frozen=56 slope=-11637.065027770488 candidate=267123.960440661 original=266168.68407077249 current=270483.31315025868 won=0 mode=1 camera_scale=1 keep_scale=0
ATTR_RADIUS o=12 raw_norm=33329.650296200001 norm=388.03067567025181 radius=776.06135134050362 next_radius=776.06135134050362 lambda=1.6000000000000008e-06 next_lambda=1.6000000000000008e-07 rho=0.70688464153150243 accept=1
CLASSICAL_LM o=12 lambda=1.6000000000000008e-06 tau=1.6000000000000008e-06 prediction=6103.7244636385312 rho=0.70688464153150243 accept=1
  MFCG it  13 cost=2.661687e+05 lam=1.600e-07 tau=0.00e+00 cg_it=1 shift=0 ckpt=2 alpha=0 acc mv=68
PCG_PREP o=13 rebuild=1 drift=0 previous_depth=2
E2_CAP o=13 retry=0 touched=2 ncam=52 raw=49229.208451412473 capped=2928.8713013748311 radius=776.06135134050362 median=60.31768426216798 global_scale=0.26496942729310619
ATTR_RADIUS o=13 raw_norm=49229.20845141248 norm=776.06135134050385 radius=776.06135134050362 next_radius=776.06135134050362 lambda=1.6000000000000008e-07 next_lambda=1.6000000000000008e-07 rho=0.33649760678231933 accept=1
CLASSICAL_LM o=13 lambda=1.6000000000000008e-07 tau=1.6000000000000008e-07 prediction=4130.5415742305677 rho=0.33649760678231933 accept=1
  MFCG it  14 cost=2.647788e+05 lam=1.600e-07 tau=0.00e+00 cg_it=1 shift=0 ckpt=2 alpha=0 acc mv=71
PCG_PREP o=14 rebuild=1 drift=0 previous_depth=2
E2_CAP o=14 retry=0 touched=2 ncam=52 raw=52269.800932275299 capped=2123.2734709955089 radius=776.06135134050362 median=46.869486672556974 global_scale=0.36550230667020145
ATTR_RADIUS o=14 raw_norm=52269.800932275306 norm=776.06135134050362 radius=776.06135134050362 next_radius=1552.1227026810072 lambda=1.6000000000000008e-07 next_lambda=4.0000000000000021e-08 rho=0.80249293192898452 accept=1
CLASSICAL_LM o=14 lambda=1.6000000000000008e-07 tau=1.6000000000000008e-07 prediction=2500.9220090337703 rho=0.80249293192898452 accept=1
  MFCG it  15 cost=2.627718e+05 lam=4.000e-08 tau=0.00e+00 cg_it=1 shift=0 ckpt=2 alpha=0 acc mv=74
PCG_PREP o=15 rebuild=1 drift=0 previous_depth=2
E2_CAP o=15 retry=0 touched=2 ncam=52 raw=54705.356704834274 capped=1797.520286560914 radius=1552.1227026810072 median=40.168925407302531 global_scale=0.86347993637979414
ATTR_RADIUS o=15 raw_norm=54705.356704834274 norm=1552.1227026810075 radius=1552.1227026810072 next_radius=3104.2454053620145 lambda=4.0000000000000021e-08 next_lambda=1.0000000000000005e-08 rho=0.78802884921058081 accept=1
CLASSICAL_LM o=15 lambda=4.0000000000000021e-08 tau=4.0000000000000021e-08 prediction=1047.8061930632339 rho=0.78802884921058081 accept=1
  MFCG it  16 cost=2.619461e+05 lam=1.000e-08 tau=0.00e+00 cg_it=1 shift=0 ckpt=2 alpha=0 acc mv=77
PCG_PREP o=16 rebuild=1 drift=0 previous_depth=2
E2_CAP o=16 retry=0 touched=2 ncam=52 raw=55767.875393283146 capped=1399.0584773425719 radius=3104.2454053620145 median=31.221374099963679 global_scale=1
ATTR_RADIUS o=16 raw_norm=55767.875393283146 norm=1399.0584773425719 radius=3104.2454053620145 next_radius=3104.2454053620145 lambda=1.0000000000000005e-08 next_lambda=1.0000000000000005e-09 rho=0.90728250291626344 accept=1
CLASSICAL_LM o=16 lambda=1.0000000000000005e-08 tau=1.0000000000000005e-08 prediction=671.61758153503888 rho=0.90728250291626344 accept=1
  MFCG it  17 cost=2.613367e+05 lam=1.000e-09 tau=0.00e+00 cg_it=1 shift=0 ckpt=2 alpha=0 acc mv=80
PCG_PREP o=17 rebuild=1 drift=0 previous_depth=2
E2_CAP o=17 retry=0 touched=2 ncam=52 raw=56179.85988566171 capped=1115.3744038245336 radius=3104.2454053620145 median=24.949098422214707 global_scale=1
ATTR_RADIUS o=17 raw_norm=56179.85988566171 norm=1115.3744038245336 radius=3104.2454053620145 next_radius=3104.2454053620145 lambda=1.0000000000000005e-09 next_lambda=1.0000000000000006e-10 rho=0.79374439861295942 accept=1
CLASSICAL_LM o=17 lambda=1.0000000000000005e-09 tau=1.0000000000000005e-09 prediction=367.34229318883411 rho=0.79374439861295942 accept=1
  MFCG it  18 cost=2.610452e+05 lam=1.000e-10 tau=0.00e+00 cg_it=1 shift=0 ckpt=2 alpha=0 acc mv=83
PCG_PREP o=18 rebuild=1 drift=0 previous_depth=2
E2_CAP o=18 retry=0 touched=2 ncam=52 raw=56653.822929294074 capped=654.70107578976763 radius=3104.2454053620145 median=14.200272782251197 global_scale=1
ATTR_RADIUS o=18 raw_norm=56653.822929294052 norm=654.70107578976774 radius=3104.2454053620145 next_radius=3104.2454053620145 lambda=1.0000000000000006e-10 next_lambda=1.0000000000000006e-11 rho=0.81674675798421426 accept=1
CLASSICAL_LM o=18 lambda=1.0000000000000006e-10 tau=1.0000000000000006e-10 prediction=242.92995749813673 rho=0.81674675798421426 accept=1
  MFCG it  19 cost=2.608468e+05 lam=1.000e-11 tau=0.00e+00 cg_it=1 shift=0 ckpt=2 alpha=0 acc mv=86
PCG_PREP o=19 rebuild=1 drift=0 previous_depth=2
E2_CAP o=19 retry=0 touched=2 ncam=52 raw=56722.300986402188 capped=804.41677045588756 radius=3104.2454053620145 median=17.753348234514206 global_scale=1
POINT_SAFE o=19 frozen=57 slope=-283.43632066049832 candidate=260682.28224629484 original=260730.11899306896 current=260846.75794908465 won=1 mode=1 camera_scale=1 keep_scale=0
ATTR_RADIUS o=19 raw_norm=56722.30098640221 norm=804.41677045588744 radius=3104.2454053620145 next_radius=3104.2454053620145 lambda=1.0000000000000006e-11 next_lambda=1.0000000000000006e-12 rho=0.82126456961674366 accept=1
CLASSICAL_LM o=19 lambda=1.0000000000000006e-11 tau=1.0000000000000006e-11 prediction=200.27127539006227 rho=0.82126456961674366 accept=1
  MFCG it  20 cost=2.606823e+05 lam=1.000e-12 tau=0.00e+00 cg_it=1 shift=0 ckpt=2 alpha=0 acc mv=89
PCG_PREP o=20 rebuild=1 drift=0 previous_depth=2
E2_CAP o=20 retry=0 touched=2 ncam=52 raw=56797.39622241335 capped=553.16129773978139 radius=3104.2454053620145 median=11.413471072728958 global_scale=1
ATTR_RADIUS o=20 raw_norm=56797.396222413343 norm=553.16129773978139 radius=3104.2454053620145 next_radius=3104.2454053620145 lambda=1.0000000000000006e-12 next_lambda=1.0000000000000007e-13 rho=0.78243029198554892 accept=1
CLASSICAL_LM o=20 lambda=1.0000000000000006e-12 tau=1.0000000000000006e-12 prediction=165.32768436365399 rho=0.78243029198554892 accept=1
  MFCG it  21 cost=2.605529e+05 lam=1.000e-13 tau=0.00e+00 cg_it=1 shift=0 ckpt=2 alpha=0 acc mv=92
PCG_PREP o=21 rebuild=1 drift=0 previous_depth=2
E2_CAP o=21 retry=0 touched=2 ncam=52 raw=56862.256037134233 capped=604.50938834190697 radius=3104.2454053620145 median=12.274646732170734 global_scale=1
POINT_SAFE o=21 frozen=90 slope=-207.17557584678619 candidate=260514.54167488101 original=260485.77729872882 current=260552.92485794489 won=0 mode=1 camera_scale=1 keep_scale=0
ATTR_RADIUS o=21 raw_norm=56862.256037134233 norm=302.25469417095348 radius=3104.2454053620145 next_radius=3104.2454053620145 lambda=1.0000000000000007e-13 next_lambda=1.0000000000000008e-14 rho=0.64475329297608219 accept=1
CLASSICAL_LM o=21 lambda=1.0000000000000007e-13 tau=1.0000000000000007e-13 prediction=104.1445773873113 rho=0.64475329297608219 accept=1
  MFCG it  22 cost=2.604858e+05 lam=1.000e-14 tau=0.00e+00 cg_it=1 shift=0 ckpt=2 alpha=0 acc mv=95
PCG_PREP o=22 rebuild=1 drift=0 previous_depth=2
E2_CAP o=22 retry=0 touched=2 ncam=52 raw=57361.570180952571 capped=269.76955173460215 radius=3104.2454053620145 median=5.9463800637499595 global_scale=1
ATTR_RADIUS o=22 raw_norm=57361.570180952571 norm=269.76955173460203 radius=3104.2454053620145 next_radius=3104.2454053620145 lambda=1.0000000000000008e-14 next_lambda=1.0000000000000009e-15 rho=0.65849866505525489 accept=1
CLASSICAL_LM o=22 lambda=1.0000000000000008e-14 tau=1.0000000000000008e-14 prediction=102.22207175513947 rho=0.65849866505525489 accept=1
  MFCG it  23 cost=2.604185e+05 lam=1.000e-15 tau=0.00e+00 cg_it=1 shift=0 ckpt=2 alpha=0 acc mv=98
PCG_PREP o=23 rebuild=1 drift=0 previous_depth=2
E2_CAP o=23 retry=0 touched=2 ncam=52 raw=57354.697155411166 capped=377.42785555267375 radius=3104.2454053620145 median=7.9156756491118507 global_scale=1
ATTR_RADIUS o=23 raw_norm=57354.697155411166 norm=377.42785555267369 radius=3104.2454053620145 next_radius=3104.2454053620145 lambda=1.0000000000000009e-15 next_lambda=1.000000000000001e-16 rho=0.53170300944767612 accept=1
CLASSICAL_LM o=23 lambda=1.0000000000000009e-15 tau=1.0000000000000009e-15 prediction=91.613380723327069 rho=0.53170300944767612 accept=1
  MFCG it  24 cost=2.603698e+05 lam=1.000e-16 tau=0.00e+00 cg_it=1 shift=0 ckpt=2 alpha=0 acc mv=101
PCG_PREP o=24 rebuild=1 drift=0 previous_depth=2
NUMERIC_REPAIR o=24 lambda=1.000000000000001e-16 rayleigh=-6.2878693919007509e-06 next_lambda=2.5151477568003003e-05 cg=2 rebuild=1
PCG_PREP o=24 rebuild=1 drift=0 previous_depth=2
E2_CAP o=24 retry=0 touched=2 ncam=52 raw=4061.9538721418799 capped=266.20211486461812 radius=3104.2454053620145 median=5.6611541487132664 global_scale=1
ATTR_RADIUS o=24 raw_norm=4061.9538721418803 norm=266.20211486461818 radius=3104.2454053620145 next_radius=3104.2454053620145 lambda=2.5151477568003003e-05 next_lambda=2.5151477568003003e-05 rho=0.99056322473892211 accept=1
CLASSICAL_LM o=24 lambda=2.5151477568003003e-05 tau=2.5151477568003003e-05 prediction=251.17887199516463 rho=0.99056322473892211 accept=1
  MFCG it  25 cost=2.601209e+05 lam=2.515e-05 tau=0.00e+00 cg_it=0 shift=0 ckpt=1 alpha=0 acc mv=106
PCG_PREP o=25 rebuild=1 drift=0 previous_depth=1
E2_CAP o=25 retry=0 touched=2 ncam=52 raw=4132.6877118014672 capped=148.46068883688361 radius=3104.2454053620145 median=3.2779018379744267 global_scale=1
ATTR_RADIUS o=25 raw_norm=4132.6877118014636 norm=148.46068883688361 radius=3104.2454053620145 next_radius=3104.2454053620145 lambda=2.5151477568003003e-05 next_lambda=2.5151477568003003e-05 rho=0.99512711391277131 accept=1
CLASSICAL_LM o=25 lambda=2.5151477568003003e-05 tau=2.5151477568003003e-05 prediction=88.924158475906054 rho=0.99512711391277131 accept=1
  MFCG it  26 cost=2.600325e+05 lam=2.515e-05 tau=0.00e+00 cg_it=0 shift=0 ckpt=1 alpha=0 acc mv=108
PCG_PREP o=26 rebuild=1 drift=0 previous_depth=1
E2_CAP o=26 retry=0 touched=2 ncam=52 raw=4175.5791434540306 capped=150.0986553380308 radius=3104.2454053620145 median=3.3952935906002057 global_scale=1
ATTR_RADIUS o=26 raw_norm=4175.5791434540324 norm=150.09865533803082 radius=3104.2454053620145 next_radius=3104.2454053620145 lambda=2.5151477568003003e-05 next_lambda=2.5151477568003003e-05 rho=0.99435104920863615 accept=1
CLASSICAL_LM o=26 lambda=2.5151477568003003e-05 tau=2.5151477568003003e-05 prediction=78.784082887394888 rho=0.99435104920863615 accept=1
  MFCG it  27 cost=2.599541e+05 lam=2.515e-05 tau=0.00e+00 cg_it=0 shift=0 ckpt=1 alpha=0 acc mv=110
PCG_PREP o=27 rebuild=1 drift=0 previous_depth=1
E2_CAP o=27 retry=0 touched=2 ncam=52 raw=4221.1121474581505 capped=131.51203591279105 radius=3104.2454053620145 median=2.9658517462505873 global_scale=1
ATTR_RADIUS o=27 raw_norm=4221.1121474581487 norm=131.51203591279111 radius=3104.2454053620145 next_radius=3104.2454053620145 lambda=2.5151477568003003e-05 next_lambda=2.5151477568003003e-05 rho=0.99504629217023055 accept=1
CLASSICAL_LM o=27 lambda=2.5151477568003003e-05 tau=2.5151477568003003e-05 prediction=63.429096416535437 rho=0.99504629217023055 accept=1
  MFCG it  28 cost=2.598910e+05 lam=2.515e-05 tau=0.00e+00 cg_it=0 shift=0 ckpt=1 alpha=0 acc mv=112
PCG_PREP o=28 rebuild=1 drift=0 previous_depth=1
E2_CAP o=28 retry=0 touched=2 ncam=52 raw=4262.4135588751751 capped=124.52972821252563 radius=3104.2454053620145 median=2.8170086197524236 global_scale=1
ATTR_RADIUS o=28 raw_norm=4262.4135588751742 norm=124.52972821252561 radius=3104.2454053620145 next_radius=3104.2454053620145 lambda=2.5151477568003003e-05 next_lambda=2.5151477568003003e-05 rho=0.99523127430063851 accept=1
CLASSICAL_LM o=28 lambda=2.5151477568003003e-05 tau=2.5151477568003003e-05 prediction=55.704863162733218 rho=0.99523127430063851 accept=1
  MFCG it  29 cost=2.598356e+05 lam=2.515e-05 tau=0.00e+00 cg_it=0 shift=0 ckpt=1 alpha=0 acc mv=114
PCG_PREP o=29 rebuild=1 drift=0 previous_depth=1
E2_CAP o=29 retry=0 touched=2 ncam=52 raw=4302.1415794380237 capped=117.97603423925467 radius=3104.2454053620145 median=2.6754597890405938 global_scale=1
ATTR_RADIUS o=29 raw_norm=4302.1415794380255 norm=117.97603423925466 radius=3104.2454053620145 next_radius=3104.2454053620145 lambda=2.5151477568003003e-05 next_lambda=2.5151477568003003e-05 rho=0.99544432147880202 accept=1
CLASSICAL_LM o=29 lambda=2.5151477568003003e-05 tau=2.5151477568003003e-05 prediction=49.483180150431387 rho=0.99544432147880202 accept=1
  MFCG it  30 cost=2.597863e+05 lam=2.515e-05 tau=0.00e+00 cg_it=0 shift=0 ckpt=1 alpha=0 acc mv=116
PCG_PREP o=30 rebuild=1 drift=0 previous_depth=1
E2_CAP o=30 retry=0 touched=2 ncam=52 raw=4340.1259041434596 capped=112.92828414686714 radius=3104.2454053620145 median=2.5684799363012818 global_scale=1
ATTR_RADIUS o=30 raw_norm=4340.1259041434605 norm=112.92828414686714 radius=3104.2454053620145 next_radius=3104.2454053620145 lambda=2.5151477568003003e-05 next_lambda=2.5151477568003003e-05 rho=0.99560781832076628 accept=1
CLASSICAL_LM o=30 lambda=2.5151477568003003e-05 tau=2.5151477568003003e-05 prediction=44.713618928251634 rho=0.99560781832076628 accept=1
  MFCG it  31 cost=2.597418e+05 lam=2.515e-05 tau=0.00e+00 cg_it=0 shift=0 ckpt=1 alpha=0 acc mv=118
PCG_PREP o=31 rebuild=1 drift=0 previous_depth=1
E2_CAP o=31 retry=0 touched=2 ncam=52 raw=4376.6083667512157 capped=108.94729883430612 radius=3104.2454053620145 median=2.4853661258870847 global_scale=1
ATTR_RADIUS o=31 raw_norm=4376.6083667512166 norm=108.94729883430612 radius=3104.2454053620145 next_radius=3104.2454053620145 lambda=2.5151477568003003e-05 next_lambda=2.5151477568003003e-05 rho=0.99573860768171774 accept=1
CLASSICAL_LM o=31 lambda=2.5151477568003003e-05 tau=2.5151477568003003e-05 prediction=40.928311711591242 rho=0.99573860768171774 accept=1
  MFCG it  32 cost=2.597010e+05 lam=2.515e-05 tau=0.00e+00 cg_it=0 shift=0 ckpt=1 alpha=0 acc mv=120
PCG_PREP o=32 rebuild=1 drift=0 previous_depth=1
E2_CAP o=32 retry=0 touched=2 ncam=52 raw=4411.7013533813761 capped=105.35974270999078 radius=3104.2454053620145 median=2.4099103241381221 global_scale=1
ATTR_RADIUS o=32 raw_norm=4411.7013533813788 norm=105.3597427099908 radius=3104.2454053620145 next_radius=3104.2454053620145 lambda=2.5151477568003003e-05 next_lambda=2.5151477568003003e-05 rho=0.99586506710819667 accept=1
CLASSICAL_LM o=32 lambda=2.5151477568003003e-05 tau=2.5151477568003003e-05 prediction=37.721895635154652 rho=0.99586506710819667 accept=1
  MFCG it  33 cost=2.596635e+05 lam=2.515e-05 tau=0.00e+00 cg_it=0 shift=0 ckpt=1 alpha=0 acc mv=122
PCG_PREP o=33 rebuild=1 drift=0 previous_depth=1
E2_CAP o=33 retry=0 touched=2 ncam=52 raw=4445.4052098051625 capped=104.86897947771287 radius=3104.2454053620145 median=2.4078687037317916 global_scale=1
ATTR_RADIUS o=33 raw_norm=4445.4052098051625 norm=104.86897947771288 radius=3104.2454053620145 next_radius=3104.2454053620145 lambda=2.5151477568003003e-05 next_lambda=2.5151477568003003e-05 rho=0.99585291230450812 accept=1
CLASSICAL_LM o=33 lambda=2.5151477568003003e-05 tau=2.5151477568003003e-05 prediction=35.797852526511122 rho=0.99585291230450812 accept=1
  MFCG it  34 cost=2.596278e+05 lam=2.515e-05 tau=0.00e+00 cg_it=0 shift=0 ckpt=1 alpha=0 acc mv=124
PCG_PREP o=34 rebuild=1 drift=0 previous_depth=1
E2_CAP o=34 retry=0 touched=2 ncam=52 raw=4478.2971620714625 capped=103.64580211412081 radius=3104.2454053620145 median=2.3864411012528985 global_scale=1
ATTR_RADIUS o=34 raw_norm=4478.2971620714607 norm=103.6458021141208 radius=3104.2454053620145 next_radius=3104.2454053620145 lambda=2.5151477568003003e-05 next_lambda=2.5151477568003003e-05 rho=0.99588837371282057 accept=1
CLASSICAL_LM o=34 lambda=2.5151477568003003e-05 tau=2.5151477568003003e-05 prediction=33.856179080092765 rho=0.99588837371282057 accept=1
  MFCG it  35 cost=2.595941e+05 lam=2.515e-05 tau=0.00e+00 cg_it=0 shift=0 ckpt=1 alpha=0 acc mv=126
PCG_PREP o=35 rebuild=1 drift=0 previous_depth=1
E2_CAP o=35 retry=0 touched=2 ncam=52 raw=4510.1469108726369 capped=101.77440349767259 radius=3104.2454053620145 median=2.3482085936527772 global_scale=1
ATTR_RADIUS o=35 raw_norm=4510.1469108726369 norm=101.77440349767261 radius=3104.2454053620145 next_radius=3104.2454053620145 lambda=2.5151477568003003e-05 next_lambda=2.5151477568003003e-05 rho=0.99596241360776105 accept=1
CLASSICAL_LM o=35 lambda=2.5151477568003003e-05 tau=2.5151477568003003e-05 prediction=31.92206330880089 rho=0.99596241360776105 accept=1
  MFCG it  36 cost=2.595623e+05 lam=2.515e-05 tau=0.00e+00 cg_it=0 shift=0 ckpt=1 alpha=0 acc mv=128
PCG_PREP o=36 rebuild=1 drift=0 previous_depth=1
E2_CAP o=36 retry=0 touched=2 ncam=52 raw=4540.7575621462265 capped=94.929138685120776 radius=3104.2454053620145 median=2.1894247711888779 global_scale=1
ATTR_RADIUS o=36 raw_norm=4540.7575621462292 norm=94.92913868512079 radius=3104.2454053620145 next_radius=3104.2454053620145 lambda=2.5151477568003003e-05 next_lambda=2.5151477568003003e-05 rho=0.99627425134951764 accept=1
CLASSICAL_LM o=36 lambda=2.5151477568003003e-05 tau=2.5151477568003003e-05 prediction=28.821615764706642 rho=0.99627425134951764 accept=1
  MFCG it  37 cost=2.595336e+05 lam=2.515e-05 tau=0.00e+00 cg_it=0 shift=0 ckpt=1 alpha=0 acc mv=130
PCG_PREP o=37 rebuild=1 drift=0 previous_depth=1
E2_CAP o=37 retry=0 touched=2 ncam=52 raw=4569.1212920009475 capped=89.800321758285392 radius=3104.2454053620145 median=2.0715042756079929 global_scale=1
ATTR_RADIUS o=37 raw_norm=4569.1212920009457 norm=89.800321758285392 radius=3104.2454053620145 next_radius=3104.2454053620145 lambda=2.5151477568003003e-05 next_lambda=2.5151477568003003e-05 rho=0.99650379896796604 accept=1
CLASSICAL_LM o=37 lambda=2.5151477568003003e-05 tau=2.5151477568003003e-05 prediction=26.438917556227857 rho=0.99650379896796604 accept=1
  MFCG it  38 cost=2.595072e+05 lam=2.515e-05 tau=0.00e+00 cg_it=0 shift=0 ckpt=1 alpha=0 acc mv=132
PCG_PREP o=38 rebuild=1 drift=0 previous_depth=1
E2_CAP o=38 retry=0 touched=2 ncam=52 raw=4595.6179357382362 capped=82.757675322404197 radius=3104.2454053620145 median=1.9069626188915465 global_scale=1
ATTR_RADIUS o=38 raw_norm=4595.6179357382362 norm=82.757675322404211 radius=3104.2454053620145 next_radius=3104.2454053620145 lambda=2.5151477568003003e-05 next_lambda=2.5151477568003003e-05 rho=0.9968214396969064 accept=1
CLASSICAL_LM o=38 lambda=2.5151477568003003e-05 tau=2.5151477568003003e-05 prediction=23.749018642587739 rho=0.9968214396969064 accept=1
  MFCG it  39 cost=2.594836e+05 lam=2.515e-05 tau=0.00e+00 cg_it=0 shift=0 ckpt=1 alpha=0 acc mv=134
PCG_PREP o=39 rebuild=1 drift=0 previous_depth=1
E2_CAP o=39 retry=0 touched=2 ncam=52 raw=4619.9309147309741 capped=78.915753107047962 radius=3104.2454053620145 median=1.8191317267490499 global_scale=1
ATTR_RADIUS o=39 raw_norm=4619.930914730975 norm=78.915753107047976 radius=3104.2454053620145 next_radius=3104.2454053620145 lambda=2.5151477568003003e-05 next_lambda=2.5151477568003003e-05 rho=0.99699074286651823 accept=1
CLASSICAL_LM o=39 lambda=2.5151477568003003e-05 tau=2.5151477568003003e-05 prediction=22.058807137826815 rho=0.99699074286651823 accept=1
  MFCG it  40 cost=2.594616e+05 lam=2.515e-05 tau=0.00e+00 cg_it=0 shift=0 ckpt=1 alpha=0 acc mv=136
PCG_PREP o=40 rebuild=1 drift=0 previous_depth=1
E2_CAP o=40 retry=0 touched=2 ncam=52 raw=4642.7277071554927 capped=76.478140688118302 radius=3104.2454053620145 median=1.7646729585253351 global_scale=1
ATTR_RADIUS o=40 raw_norm=4642.7277071554927 norm=76.478140688118302 radius=3104.2454053620145 next_radius=3104.2454053620145 lambda=2.5151477568003003e-05 next_lambda=2.5151477568003003e-05 rho=0.99709908996070651 accept=1
CLASSICAL_LM o=40 lambda=2.5151477568003003e-05 tau=2.5151477568003003e-05 prediction=20.831050223215474 rho=0.99709908996070651 accept=1
  MFCG it  41 cost=2.594408e+05 lam=2.515e-05 tau=0.00e+00 cg_it=0 shift=0 ckpt=1 alpha=0 acc mv=138
PCG_PREP o=41 rebuild=1 drift=0 previous_depth=1
E2_CAP o=41 retry=0 touched=2 ncam=52 raw=4664.304452637788 capped=73.734055028486353 radius=3104.2454053620145 median=1.7024130188268902 global_scale=1
ATTR_RADIUS o=41 raw_norm=4664.3044526377871 norm=73.734055028486338 radius=3104.2454053620145 next_radius=3104.2454053620145 lambda=2.5151477568003003e-05 next_lambda=2.5151477568003003e-05 rho=0.99722230988243643 accept=1
CLASSICAL_LM o=41 lambda=2.5151477568003003e-05 tau=2.5151477568003003e-05 prediction=19.608797526248036 rho=0.99722230988243643 accept=1
  MFCG it  42 cost=2.594213e+05 lam=2.515e-05 tau=0.00e+00 cg_it=0 shift=0 ckpt=1 alpha=0 acc mv=140
PCG_PREP o=42 rebuild=1 drift=0 previous_depth=1
E2_CAP o=42 retry=0 touched=2 ncam=52 raw=4684.637224508042 capped=69.431837449871693 radius=3104.2454053620145 median=1.6023272635935344 global_scale=1
ATTR_RADIUS o=42 raw_norm=4684.6372245080411 norm=69.431837449871679 radius=3104.2454053620145 next_radius=3104.2454053620145 lambda=2.5151477568003003e-05 next_lambda=2.5151477568003003e-05 rho=0.99741270794577752 accept=1
CLASSICAL_LM o=42 lambda=2.5151477568003003e-05 tau=2.5151477568003003e-05 prediction=18.088361739967922 rho=0.99741270794577752 accept=1
  MFCG it  43 cost=2.594032e+05 lam=2.515e-05 tau=0.00e+00 cg_it=0 shift=0 ckpt=1 alpha=0 acc mv=142
PCG_PREP o=43 rebuild=1 drift=0 previous_depth=1
E2_CAP o=43 retry=0 touched=2 ncam=52 raw=4703.496600709841 capped=67.474669799334691 radius=3104.2454053620145 median=1.5584164613356517 global_scale=1
ATTR_RADIUS o=43 raw_norm=4703.4966007098419 norm=67.474669799334677 radius=3104.2454053620145 next_radius=3104.2454053620145 lambda=2.5151477568003003e-05 next_lambda=2.5151477568003003e-05 rho=0.99749962044437201 accept=1
CLASSICAL_LM o=43 lambda=2.5151477568003003e-05 tau=2.5151477568003003e-05 prediction=17.205564092843424 rho=0.99749962044437201 accept=1
  MFCG it  44 cost=2.593861e+05 lam=2.515e-05 tau=0.00e+00 cg_it=0 shift=0 ckpt=1 alpha=0 acc mv=144
PCG_PREP o=44 rebuild=1 drift=0 previous_depth=1
E2_CAP o=44 retry=0 touched=2 ncam=52 raw=5557.1384884554946 capped=210.83700001422429 radius=3104.2454053620145 median=4.7171644903224053 global_scale=1
ATTR_RADIUS o=44 raw_norm=5557.1384884554955 norm=210.83700001422429 radius=3104.2454053620145 next_radius=3104.2454053620145 lambda=2.5151477568003003e-05 next_lambda=2.5151477568003003e-05 rho=0.98997508223000463 accept=1
CLASSICAL_LM o=44 lambda=2.5151477568003003e-05 tau=2.5151477568003003e-05 prediction=42.126846814051163 rho=0.98997508223000463 accept=1
  MFCG it  45 cost=2.593443e+05 lam=2.515e-05 tau=0.00e+00 cg_it=1 shift=0 ckpt=2 alpha=0 acc mv=147
PCG_PREP o=45 rebuild=1 drift=0 previous_depth=2
E2_CAP o=45 retry=0 touched=2 ncam=52 raw=4659.7308819927366 capped=96.739231170327358 radius=3104.2454053620145 median=2.1258654855499497 global_scale=1
ATTR_RADIUS o=45 raw_norm=4659.7308819927357 norm=96.739231170327358 radius=3104.2454053620145 next_radius=3104.2454053620145 lambda=2.5151477568003003e-05 next_lambda=2.5151477568003003e-05 rho=0.99706800964368703 accept=1
CLASSICAL_LM o=45 lambda=2.5151477568003003e-05 tau=2.5151477568003003e-05 prediction=26.349917368237687 rho=0.99706800964368703 accept=1
  MFCG it  46 cost=2.593181e+05 lam=2.515e-05 tau=0.00e+00 cg_it=0 shift=0 ckpt=1 alpha=0 acc mv=149
PCG_PREP o=46 rebuild=1 drift=0 previous_depth=1
E2_CAP o=46 retry=0 touched=2 ncam=52 raw=5486.5581586374565 capped=150.48536206703719 radius=3104.2454053620145 median=3.3726628846078204 global_scale=1
ATTR_RADIUS o=46 raw_norm=5486.5581586374547 norm=150.48536206703716 radius=3104.2454053620145 next_radius=3104.2454053620145 lambda=2.5151477568003003e-05 next_lambda=2.5151477568003003e-05 rho=0.99239948966263258 accept=1
CLASSICAL_LM o=46 lambda=2.5151477568003003e-05 tau=2.5151477568003003e-05 prediction=27.743265129533938 rho=0.99239948966263258 accept=1
  MFCG it  47 cost=2.592905e+05 lam=2.515e-05 tau=0.00e+00 cg_it=1 shift=0 ckpt=2 alpha=0 acc mv=152
PCG_PREP o=47 rebuild=1 drift=0 previous_depth=2
E2_CAP o=47 retry=0 touched=2 ncam=52 raw=5456.7982742493277 capped=70.651366973300682 radius=3104.2454053620145 median=1.5312832578219859 global_scale=1
ATTR_RADIUS o=47 raw_norm=5456.7982742493286 norm=70.651366973300682 radius=3104.2454053620145 next_radius=3104.2454053620145 lambda=2.5151477568003003e-05 next_lambda=2.5151477568003003e-05 rho=0.99718783407573541 accept=1
CLASSICAL_LM o=47 lambda=2.5151477568003003e-05 tau=2.5151477568003003e-05 prediction=14.193129289353259 rho=0.99718783407573541 accept=1
  MFCG it  48 cost=2.592764e+05 lam=2.515e-05 tau=0.00e+00 cg_it=1 shift=0 ckpt=2 alpha=0 acc mv=155
PCG_PREP o=48 rebuild=1 drift=0 previous_depth=2
E2_CAP o=48 retry=0 touched=2 ncam=52 raw=5438.9837543620497 capped=61.077429175790243 radius=3104.2454053620145 median=1.3477008522936076 global_scale=1
ATTR_RADIUS o=48 raw_norm=5438.9837543620497 norm=61.077429175790257 radius=3104.2454053620145 next_radius=3104.2454053620145 lambda=2.5151477568003003e-05 next_lambda=2.5151477568003003e-05 rho=0.9974772265784333 accept=1
CLASSICAL_LM o=48 lambda=2.5151477568003003e-05 tau=2.5151477568003003e-05 prediction=12.231880344841899 rho=0.9974772265784333 accept=1
  MFCG it  49 cost=2.592642e+05 lam=2.515e-05 tau=0.00e+00 cg_it=1 shift=0 ckpt=2 alpha=0 acc mv=158
PCG_PREP o=49 rebuild=1 drift=0 previous_depth=2
E2_CAP o=49 retry=0 touched=2 ncam=52 raw=5424.5287451578242 capped=58.30826900356697 radius=3104.2454053620145 median=1.3066876227326403 global_scale=1
ATTR_RADIUS o=49 raw_norm=5424.5287451578242 norm=58.30826900356697 radius=3104.2454053620145 next_radius=3104.2454053620145 lambda=2.5151477568003003e-05 next_lambda=2.5151477568003003e-05 rho=0.99763522450745756 accept=1
CLASSICAL_LM o=49 lambda=2.5151477568003003e-05 tau=2.5151477568003003e-05 prediction=11.985984596632241 rho=0.99763522450745756 accept=1
  MFCG it  50 cost=2.592522e+05 lam=2.515e-05 tau=0.00e+00 cg_it=1 shift=0 ckpt=2 alpha=0 acc mv=161
PCG_PREP o=50 rebuild=1 drift=0 previous_depth=2
E2_CAP o=50 retry=0 touched=2 ncam=52 raw=5411.5655664136411 capped=59.992792652209275 radius=3104.2454053620145 median=1.3631871522892554 global_scale=1
ATTR_RADIUS o=50 raw_norm=5411.5655664136402 norm=59.992792652209268 radius=3104.2454053620145 next_radius=3104.2454053620145 lambda=2.5151477568003003e-05 next_lambda=2.5151477568003003e-05 rho=0.99759472290701434 accept=1
CLASSICAL_LM o=50 lambda=2.5151477568003003e-05 tau=2.5151477568003003e-05 prediction=12.527216448892279 rho=0.99759472290701434 accept=1
  MFCG it  51 cost=2.592397e+05 lam=2.515e-05 tau=0.00e+00 cg_it=1 shift=0 ckpt=2 alpha=0 acc mv=164
PCG_PREP o=51 rebuild=1 drift=0 previous_depth=2
E2_CAP o=51 retry=0 touched=2 ncam=52 raw=5399.1204036440358 capped=57.431162230597984 radius=3104.2454053620145 median=1.3093322180839004 global_scale=1
ATTR_RADIUS o=51 raw_norm=5399.1204036440367 norm=57.431162230597984 radius=3104.2454053620145 next_radius=3104.2454053620145 lambda=2.5151477568003003e-05 next_lambda=2.5151477568003003e-05 rho=0.99773467077742628 accept=1
CLASSICAL_LM o=51 lambda=2.5151477568003003e-05 tau=2.5151477568003003e-05 prediction=12.007556018215729 rho=0.99773467077742628 accept=1
  MFCG it  52 cost=2.592278e+05 lam=2.515e-05 tau=0.00e+00 cg_it=1 shift=0 ckpt=2 alpha=0 acc mv=167
PCG_PREP o=52 rebuild=1 drift=0 previous_depth=2
E2_CAP o=52 retry=0 touched=2 ncam=52 raw=5387.6549939615061 capped=54.692056777036818 radius=3104.2454053620145 median=1.2485216303758477 global_scale=1
ATTR_RADIUS o=52 raw_norm=5387.6549939615043 norm=54.692056777036825 radius=3104.2454053620145 next_radius=3104.2454053620145 lambda=2.5151477568003003e-05 next_lambda=2.5151477568003003e-05 rho=0.99787289611441299 accept=1
CLASSICAL_LM o=52 lambda=2.5151477568003003e-05 tau=2.5151477568003003e-05 prediction=11.413035367105762 rho=0.99787289611441299 accept=1
  MFCG it  53 cost=2.592164e+05 lam=2.515e-05 tau=0.00e+00 cg_it=1 shift=0 ckpt=2 alpha=0 acc mv=170
PCG_PREP o=53 rebuild=1 drift=0 previous_depth=2
E2_CAP o=53 retry=0 touched=2 ncam=52 raw=5377.056832049373 capped=54.282623451361992 radius=3104.2454053620145 median=1.2428160969822515 global_scale=1
ATTR_RADIUS o=53 raw_norm=5377.056832049373 norm=54.282623451361985 radius=3104.2454053620145 next_radius=3104.2454053620145 lambda=2.5151477568003003e-05 next_lambda=2.5151477568003003e-05 rho=0.99791278278668505 accept=1
CLASSICAL_LM o=53 lambda=2.5151477568003003e-05 tau=2.5151477568003003e-05 prediction=11.324173757607998 rho=0.99791278278668505 accept=1
  MFCG it  54 cost=2.592051e+05 lam=2.515e-05 tau=0.00e+00 cg_it=1 shift=0 ckpt=2 alpha=0 acc mv=173
PCG_PREP o=54 rebuild=1 drift=0 previous_depth=2
E2_CAP o=54 retry=0 touched=2 ncam=52 raw=5366.852165042621 capped=54.032525500568859 radius=3104.2454053620145 median=1.2398453458236194 global_scale=1
ATTR_RADIUS o=54 raw_norm=5366.852165042621 norm=54.032525500568852 radius=3104.2454053620145 next_radius=3104.2454053620145 lambda=2.5151477568003003e-05 next_lambda=2.5151477568003003e-05 rho=0.99794454589222514 accept=1
CLASSICAL_LM o=54 lambda=2.5151477568003003e-05 tau=2.5151477568003003e-05 prediction=11.25183156640705 rho=0.99794454589222514 accept=1
  MFCG it  55 cost=2.591938e+05 lam=2.515e-05 tau=0.00e+00 cg_it=1 shift=0 ckpt=2 alpha=0 acc mv=176
PCG_PREP o=55 rebuild=1 drift=0 previous_depth=2
E2_CAP o=55 retry=0 touched=2 ncam=52 raw=5356.9375590169193 capped=54.71580020150067 radius=3104.2454053620145 median=1.2586970480169277 global_scale=1
ATTR_RADIUS o=55 raw_norm=5356.9375590169184 norm=54.715800201500663 radius=3104.2454053620145 next_radius=3104.2454053620145 lambda=2.5151477568003003e-05 next_lambda=2.5151477568003003e-05 rho=0.9979375549805215 accept=1
CLASSICAL_LM o=55 lambda=2.5151477568003003e-05 tau=2.5151477568003003e-05 prediction=11.374027072308804 rho=0.9979375549805215 accept=1
  MFCG it  56 cost=2.591825e+05 lam=2.515e-05 tau=0.00e+00 cg_it=1 shift=0 ckpt=2 alpha=0 acc mv=179
PCG_PREP o=56 rebuild=1 drift=0 previous_depth=2
E2_CAP o=56 retry=0 touched=2 ncam=52 raw=5347.108611525915 capped=55.201757497516844 radius=3104.2454053620145 median=1.2721989965077012 global_scale=1
ATTR_RADIUS o=56 raw_norm=5347.1086115259159 norm=55.201757497516837 radius=3104.2454053620145 next_radius=3104.2454053620145 lambda=2.5151477568003003e-05 next_lambda=2.5151477568003003e-05 rho=0.99793703154158275 accept=1
CLASSICAL_LM o=56 lambda=2.5151477568003003e-05 tau=2.5151477568003003e-05 prediction=11.4399492502264 rho=0.99793703154158275 accept=1
  MFCG it  57 cost=2.591711e+05 lam=2.515e-05 tau=0.00e+00 cg_it=1 shift=0 ckpt=2 alpha=0 acc mv=182
PCG_PREP o=57 rebuild=1 drift=0 previous_depth=2
E2_CAP o=57 retry=0 touched=2 ncam=52 raw=5337.3504145356428 capped=55.557817104044879 radius=3104.2454053620145 median=1.2821772298339853 global_scale=1
ATTR_RADIUS o=57 raw_norm=5337.3504145356419 norm=55.557817104044872 radius=3104.2454053620145 next_radius=3104.2454053620145 lambda=2.5151477568003003e-05 next_lambda=2.5151477568003003e-05 rho=0.99793996018088504 accept=1
CLASSICAL_LM o=57 lambda=2.5151477568003003e-05 tau=2.5151477568003003e-05 prediction=11.469324275316678 rho=0.99793996018088504 accept=1
  MFCG it  58 cost=2.591596e+05 lam=2.515e-05 tau=0.00e+00 cg_it=1 shift=0 ckpt=2 alpha=0 acc mv=185
PCG_PREP o=58 rebuild=1 drift=0 previous_depth=2
E2_CAP o=58 retry=0 touched=2 ncam=52 raw=5327.6507324851127 capped=56.534398672956982 radius=3104.2454053620145 median=1.3067912672346811 global_scale=1
ATTR_RADIUS o=58 raw_norm=5327.6507324851118 norm=56.534398672956982 radius=3104.2454053620145 next_radius=3104.2454053620145 lambda=2.5151477568003003e-05 next_lambda=2.5151477568003003e-05 rho=0.99791823051610296 accept=1
CLASSICAL_LM o=58 lambda=2.5151477568003003e-05 tau=2.5151477568003003e-05 prediction=11.626997477515703 rho=0.99791823051610296 accept=1
  MFCG it  59 cost=2.591480e+05 lam=2.515e-05 tau=0.00e+00 cg_it=1 shift=0 ckpt=2 alpha=0 acc mv=188
PCG_PREP o=59 rebuild=1 drift=0 previous_depth=2
E2_CAP o=59 retry=0 touched=2 ncam=52 raw=5317.890000999475 capped=56.589556621377795 radius=3104.2454053620145 median=1.3090198805521052 global_scale=1
ATTR_RADIUS o=59 raw_norm=5317.890000999475 norm=56.589556621377795 radius=3104.2454053620145 next_radius=3104.2454053620145 lambda=2.5151477568003003e-05 next_lambda=2.5151477568003003e-05 rho=0.99793075711038948 accept=1
CLASSICAL_LM o=59 lambda=2.5151477568003003e-05 tau=2.5151477568003003e-05 prediction=11.579016898231071 rho=0.99793075711038948 accept=1
  MFCG it  60 cost=2.591365e+05 lam=2.515e-05 tau=0.00e+00 cg_it=1 shift=0 ckpt=2 alpha=0 acc mv=191
PCG_PREP o=60 rebuild=1 drift=0 previous_depth=2
E2_CAP o=60 retry=0 touched=2 ncam=52 raw=5308.1901799071402 capped=56.582592472772568 radius=3104.2454053620145 median=1.3096182413183808 global_scale=1
ATTR_RADIUS o=60 raw_norm=5308.1901799071393 norm=56.582592472772568 radius=3104.2454053620145 next_radius=3104.2454053620145 lambda=2.5151477568003003e-05 next_lambda=2.5151477568003003e-05 rho=0.99794436145063414 accept=1
CLASSICAL_LM o=60 lambda=2.5151477568003003e-05 tau=2.5151477568003003e-05 prediction=11.516742978774277 rho=0.99794436145063414 accept=1
  MFCG it  61 cost=2.591250e+05 lam=2.515e-05 tau=0.00e+00 cg_it=1 shift=0 ckpt=2 alpha=0 acc mv=194
PCG_PREP o=61 rebuild=1 drift=0 previous_depth=2
E2_CAP o=61 retry=0 touched=2 ncam=52 raw=5298.5482561545832 capped=56.546148287517958 radius=3104.2454053620145 median=1.3093997025159998 global_scale=1
ATTR_RADIUS o=61 raw_norm=5298.5482561545832 norm=56.546148287517958 radius=3104.2454053620145 next_radius=3104.2454053620145 lambda=2.5151477568003003e-05 next_lambda=2.5151477568003003e-05 rho=0.99795844625959484 accept=1
CLASSICAL_LM o=61 lambda=2.5151477568003003e-05 tau=2.5151477568003003e-05 prediction=11.447533671384067 rho=0.99795844625959484 accept=1
  MFCG it  62 cost=2.591135e+05 lam=2.515e-05 tau=0.00e+00 cg_it=1 shift=0 ckpt=2 alpha=0 acc mv=197
PCG_PREP o=62 rebuild=1 drift=0 previous_depth=2
E2_CAP o=62 retry=0 touched=2 ncam=52 raw=5288.9591636741943 capped=56.488045957205564 radius=3104.2454053620145 median=1.3085753356698664 global_scale=1
ATTR_RADIUS o=62 raw_norm=5288.9591636741925 norm=56.488045957205557 radius=3104.2454053620145 next_radius=3104.2454053620145 lambda=2.5151477568003003e-05 next_lambda=2.5151477568003003e-05 rho=0.99797285241263534 accept=1
CLASSICAL_LM o=62 lambda=2.5151477568003003e-05 tau=2.5151477568003003e-05 prediction=11.373699226067911 rho=0.99797285241263534 accept=1
  MFCG it  63 cost=2.591022e+05 lam=2.515e-05 tau=0.00e+00 cg_it=1 shift=0 ckpt=2 alpha=0 acc mv=200
PCG_PREP o=63 rebuild=1 drift=0 previous_depth=2
E2_CAP o=63 retry=0 touched=2 ncam=52 raw=5279.4201951070618 capped=56.394416121774306 radius=3104.2454053620145 median=1.3068302993559597 global_scale=1
ATTR_RADIUS o=63 raw_norm=5279.4201951070636 norm=56.394416121774299 radius=3104.2454053620145 next_radius=3104.2454053620145 lambda=2.5151477568003003e-05 next_lambda=2.5151477568003003e-05 rho=0.99798817478743207 accept=1
CLASSICAL_LM o=63 lambda=2.5151477568003003e-05 tau=2.5151477568003003e-05 prediction=11.292790890013023 rho=0.99798817478743207 accept=1
  MFCG it  64 cost=2.590909e+05 lam=2.515e-05 tau=0.00e+00 cg_it=1 shift=0 ckpt=2 alpha=0 acc mv=203
PCG_PREP o=64 rebuild=1 drift=0 previous_depth=2
E2_CAP o=64 retry=0 touched=2 ncam=52 raw=5269.934764673716 capped=56.01130458799507 radius=3104.2454053620145 median=1.2980918192956405 global_scale=1
ATTR_RADIUS o=64 raw_norm=5269.9347646737151 norm=56.011304587995063 radius=3104.2454053620145 next_radius=3104.2454053620145 lambda=2.5151477568003003e-05 next_lambda=2.5151477568003003e-05 rho=0.99801370108281673 accept=1
CLASSICAL_LM o=64 lambda=2.5151477568003003e-05 tau=2.5151477568003003e-05 prediction=11.152483885260896 rho=0.99801370108281673 accept=1
  MFCG it  65 cost=2.590798e+05 lam=2.515e-05 tau=0.00e+00 cg_it=1 shift=0 ckpt=2 alpha=0 acc mv=206
PCG_PREP o=65 rebuild=1 drift=0 previous_depth=2
E2_CAP o=65 retry=0 touched=2 ncam=52 raw=5260.5390875937755 capped=55.659576890938908 radius=3104.2454053620145 median=1.2900688243786271 global_scale=1
ATTR_RADIUS o=65 raw_norm=5260.5390875937746 norm=55.659576890938901 radius=3104.2454053620145 next_radius=3104.2454053620145 lambda=2.5151477568003003e-05 next_lambda=2.5151477568003003e-05 rho=0.99803760189072854 accept=1
CLASSICAL_LM o=65 lambda=2.5151477568003003e-05 tau=2.5151477568003003e-05 prediction=11.021005684165267 rho=0.99803760189072854 accept=1
  MFCG it  66 cost=2.590688e+05 lam=2.515e-05 tau=0.00e+00 cg_it=1 shift=0 ckpt=2 alpha=0 acc mv=209
PCG_PREP o=66 rebuild=1 drift=0 previous_depth=2
E2_CAP o=66 retry=0 touched=2 ncam=52 raw=5251.2283363919078 capped=55.504374333405607 radius=3104.2454053620145 median=1.2867232564348059 global_scale=1
ATTR_RADIUS o=66 raw_norm=5251.2283363919096 norm=55.504374333405607 radius=3104.2454053620145 next_radius=3104.2454053620145 lambda=2.5151477568003003e-05 next_lambda=2.5151477568003003e-05 rho=0.99805416258077528 accept=1
CLASSICAL_LM o=66 lambda=2.5151477568003003e-05 tau=2.5151477568003003e-05 prediction=10.931884735267538 rho=0.99805416258077528 accept=1
  MFCG it  67 cost=2.590579e+05 lam=2.515e-05 tau=0.00e+00 cg_it=1 shift=0 ckpt=2 alpha=0 acc mv=212
PCG_PREP o=67 rebuild=1 drift=0 previous_depth=2
E2_CAP o=67 retry=0 touched=2 ncam=52 raw=5241.9713442374623 capped=55.456632307927784 radius=3104.2454053620145 median=1.2859202084204953 global_scale=1
ATTR_RADIUS o=67 raw_norm=5241.9713442374641 norm=55.456632307927777 radius=3104.2454053620145 next_radius=3104.2454053620145 lambda=2.5151477568003003e-05 next_lambda=2.5151477568003003e-05 rho=0.99806677501356855 accept=1
CLASSICAL_LM o=67 lambda=2.5151477568003003e-05 tau=2.5151477568003003e-05 prediction=10.865762269381273 rho=0.99806677501356855 accept=1
  MFCG it  68 cost=2.590470e+05 lam=2.515e-05 tau=0.00e+00 cg_it=1 shift=0 ckpt=2 alpha=0 acc mv=215
PCG_PREP o=68 rebuild=1 drift=0 previous_depth=2
E2_CAP o=68 retry=0 touched=2 ncam=52 raw=5232.7459701960443 capped=55.400000402989008 radius=3104.2454053620145 median=1.2848751869658781 global_scale=1
ATTR_RADIUS o=68 raw_norm=5232.7459701960443 norm=55.400000402988994 radius=3104.2454053620145 next_radius=3104.2454053620145 lambda=2.5151477568003003e-05 next_lambda=2.5151477568003003e-05 rho=0.99807959889798459 accept=1
CLASSICAL_LM o=68 lambda=2.5151477568003003e-05 tau=2.5151477568003003e-05 prediction=10.798516596848653 rho=0.99807959889798459 accept=1
  MFCG it  69 cost=2.590363e+05 lam=2.515e-05 tau=0.00e+00 cg_it=1 shift=0 ckpt=2 alpha=0 acc mv=218
PCG_PREP o=69 rebuild=1 drift=0 previous_depth=2
E2_CAP o=69 retry=0 touched=2 ncam=52 raw=5223.5551182913478 capped=55.336496171580009 radius=3104.2454053620145 median=1.2836420146966028 global_scale=1
ATTR_RADIUS o=69 raw_norm=5223.5551182913496 norm=55.336496171580009 radius=3104.2454053620145 next_radius=3104.2454053620145 lambda=2.5151477568003003e-05 next_lambda=2.5151477568003003e-05 rho=0.9980925172787688 accept=1
CLASSICAL_LM o=69 lambda=2.5151477568003003e-05 tau=2.5151477568003003e-05 prediction=10.730723574035769 rho=0.9980925172787688 accept=1
  MFCG it  70 cost=2.590256e+05 lam=2.515e-05 tau=0.00e+00 cg_it=1 shift=0 ckpt=2 alpha=0 acc mv=221
PCG_PREP o=70 rebuild=1 drift=0 previous_depth=2
E2_CAP o=70 retry=0 touched=2 ncam=52 raw=5214.3997026510469 capped=55.267515251341315 radius=3104.2454053620145 median=1.2822579998596944 global_scale=1
ATTR_RADIUS o=70 raw_norm=5214.3997026510469 norm=55.267515251341329 radius=3104.2454053620145 next_radius=3104.2454053620145 lambda=2.5151477568003003e-05 next_lambda=2.5151477568003003e-05 rho=0.99810550321799552 accept=1
CLASSICAL_LM o=70 lambda=2.5151477568003003e-05 tau=2.5151477568003003e-05 prediction=10.662713242249094 rho=0.99810550321799552 accept=1
  MFCG it  71 cost=2.590149e+05 lam=2.515e-05 tau=0.00e+00 cg_it=1 shift=0 ckpt=2 alpha=0 acc mv=224
PCG_PREP o=71 rebuild=1 drift=0 previous_depth=2
E2_CAP o=71 retry=0 touched=2 ncam=52 raw=5205.2768214657972 capped=54.946421467153314 radius=3104.2454053620145 median=1.2748209852127625 global_scale=1
ATTR_RADIUS o=71 raw_norm=5205.2768214657972 norm=54.946421467153321 radius=3104.2454053620145 next_radius=3104.2454053620145 lambda=2.5151477568003003e-05 next_lambda=2.5151477568003003e-05 rho=0.99812721982817088 accept=1
CLASSICAL_LM o=71 lambda=2.5151477568003003e-05 tau=2.5151477568003003e-05 prediction=10.545289138034743 rho=0.99812721982817088 accept=1
  MFCG it  72 cost=2.590044e+05 lam=2.515e-05 tau=0.00e+00 cg_it=1 shift=0 ckpt=2 alpha=0 acc mv=227
PCG_PREP o=72 rebuild=1 drift=0 previous_depth=2
E2_CAP o=72 retry=0 touched=2 ncam=52 raw=5196.2236882298885 capped=54.581315338337113 radius=3104.2454053620145 median=1.2663211051228682 global_scale=1
ATTR_RADIUS o=72 raw_norm=5196.2236882298885 norm=54.581315338337106 radius=3104.2454053620145 next_radius=3104.2454053620145 lambda=2.5151477568003003e-05 next_lambda=2.5151477568003003e-05 rho=0.99815016068693851 accept=1
CLASSICAL_LM o=72 lambda=2.5151477568003003e-05 tau=2.5151477568003003e-05 prediction=10.421163857792733 rho=0.99815016068693851 accept=1
  MFCG it  73 cost=2.589940e+05 lam=2.515e-05 tau=0.00e+00 cg_it=1 shift=0 ckpt=2 alpha=0 acc mv=230
PCG_PREP o=73 rebuild=1 drift=0 previous_depth=2
E2_CAP o=73 retry=0 touched=2 ncam=52 raw=5187.25267388666 capped=54.216621803544918 radius=3104.2454053620145 median=1.2578228121542507 global_scale=1
ATTR_RADIUS o=73 raw_norm=5187.2526738866609 norm=54.216621803544925 radius=3104.2454053620145 next_radius=3104.2454053620145 lambda=2.5151477568003003e-05 next_lambda=2.5151477568003003e-05 rho=0.99817289708820567 accept=1
CLASSICAL_LM o=73 lambda=2.5151477568003003e-05 tau=2.5151477568003003e-05 prediction=10.299107995602149 rho=0.99817289708820567 accept=1
  MFCG it  74 cost=2.589837e+05 lam=2.515e-05 tau=0.00e+00 cg_it=1 shift=0 ckpt=2 alpha=0 acc mv=233
PCG_PREP o=74 rebuild=1 drift=0 previous_depth=2
E2_CAP o=74 retry=0 touched=2 ncam=52 raw=5178.3581018102159 capped=53.618696061951937 radius=3104.2454053620145 median=1.2437310124986283 global_scale=1
ATTR_RADIUS o=74 raw_norm=5178.3581018102168 norm=53.618696061951937 radius=3104.2454053620145 next_radius=3104.2454053620145 lambda=2.5151477568003003e-05 next_lambda=2.5151477568003003e-05 rho=0.99820351695996856 accept=1
CLASSICAL_LM o=74 lambda=2.5151477568003003e-05 tau=2.5151477568003003e-05 prediction=10.13306495326492 rho=0.99820351695996856 accept=1
  MFCG it  75 cost=2.589736e+05 lam=2.515e-05 tau=0.00e+00 cg_it=1 shift=0 ckpt=2 alpha=0 acc mv=236
PCG_PREP o=75 rebuild=1 drift=0 previous_depth=2
E2_CAP o=75 retry=0 touched=2 ncam=52 raw=5169.5786935578062 capped=53.295214809750362 radius=3104.2454053620145 median=1.2362082474919431 global_scale=1
ATTR_RADIUS o=75 raw_norm=5169.5786935578053 norm=53.295214809750362 radius=3104.2454053620145 next_radius=3104.2454053620145 lambda=2.5151477568003003e-05 next_lambda=2.5151477568003003e-05 rho=0.99822431771940556 accept=1
CLASSICAL_LM o=75 lambda=2.5151477568003003e-05 tau=2.5151477568003003e-05 prediction=10.023469277684539 rho=0.99822431771940556 accept=1
  MFCG it  76 cost=2.589636e+05 lam=2.515e-05 tau=0.00e+00 cg_it=1 shift=0 ckpt=2 alpha=0 acc mv=239
PCG_PREP o=76 rebuild=1 drift=0 previous_depth=2
E2_CAP o=76 retry=0 touched=2 ncam=52 raw=5160.8705860211767 capped=52.980357592727536 radius=3104.2454053620145 median=1.2288829971238884 global_scale=1
ATTR_RADIUS o=76 raw_norm=5160.8705860211776 norm=52.980357592727529 radius=3104.2454053620145 next_radius=3104.2454053620145 lambda=2.5151477568003003e-05 next_lambda=2.5151477568003003e-05 rho=0.99824482268733039 accept=1
CLASSICAL_LM o=76 lambda=2.5151477568003003e-05 tau=2.5151477568003003e-05 prediction=9.9169024980066123 rho=0.99824482268733039 accept=1
  MFCG it  77 cost=2.589537e+05 lam=2.515e-05 tau=0.00e+00 cg_it=1 shift=0 ckpt=2 alpha=0 acc mv=242
PCG_PREP o=77 rebuild=1 drift=0 previous_depth=2
E2_CAP o=77 retry=0 touched=2 ncam=52 raw=5152.2351067673189 capped=52.669438523846765 radius=3104.2454053620145 median=1.2216447127464392 global_scale=1
ATTR_RADIUS o=77 raw_norm=5152.2351067673198 norm=52.669438523846758 radius=3104.2454053620145 next_radius=3104.2454053620145 lambda=2.5151477568003003e-05 next_lambda=2.5151477568003003e-05 rho=0.99826500934811369 accept=1
CLASSICAL_LM o=77 lambda=2.5151477568003003e-05 tau=2.5151477568003003e-05 prediction=9.8125263347012979 rho=0.99826500934811369 accept=1
  MFCG it  78 cost=2.589439e+05 lam=2.515e-05 tau=0.00e+00 cg_it=1 shift=0 ckpt=2 alpha=0 acc mv=245
PCG_PREP o=78 rebuild=1 drift=0 previous_depth=2
E2_CAP o=78 retry=0 touched=2 ncam=52 raw=5071.4903138496993 capped=155.04836042419791 radius=3104.2454053620145 median=3.4198008764772512 global_scale=1
ATTR_RADIUS o=78 raw_norm=5071.4903138496993 norm=155.04836042419791 radius=3104.2454053620145 next_radius=3104.2454053620145 lambda=2.5151477568003003e-05 next_lambda=2.5151477568003003e-05 rho=0.9929101362360343 accept=1
CLASSICAL_LM o=78 lambda=2.5151477568003003e-05 tau=2.5151477568003003e-05 prediction=21.836796894651979 rho=0.9929101362360343 accept=1
  MFCG it  79 cost=2.589222e+05 lam=2.515e-05 tau=0.00e+00 cg_it=2 shift=0 ckpt=3 alpha=0 acc mv=249
PCG_PREP o=79 rebuild=1 drift=0 previous_depth=3
E2_CAP o=79 retry=0 touched=2 ncam=52 raw=5090.1595832270532 capped=87.129452795733869 radius=3104.2454053620145 median=1.9240970880368331 global_scale=1
ATTR_RADIUS o=79 raw_norm=5090.159583227055 norm=87.129452795733897 radius=3104.2454053620145 next_radius=3104.2454053620145 lambda=2.5151477568003003e-05 next_lambda=2.5151477568003003e-05 rho=0.99838711479874165 accept=1
CLASSICAL_LM o=79 lambda=2.5151477568003003e-05 tau=2.5151477568003003e-05 prediction=21.38951110262423 rho=0.99838711479874165 accept=1
  MFCG it  80 cost=2.589008e+05 lam=2.515e-05 tau=0.00e+00 cg_it=1 shift=0 ckpt=2 alpha=0 acc mv=252
PCG_PREP o=80 rebuild=1 drift=0 previous_depth=2
E2_CAP o=80 retry=0 touched=2 ncam=52 raw=5042.3886083666148 capped=136.11129405613741 radius=3104.2454053620145 median=3.0142453762262926 global_scale=1
ATTR_RADIUS o=80 raw_norm=5042.3886083666148 norm=136.11129405613741 radius=3104.2454053620145 next_radius=3104.2454053620145 lambda=2.5151477568003003e-05 next_lambda=2.5151477568003003e-05 rho=0.99383961931946363 accept=1
CLASSICAL_LM o=80 lambda=2.5151477568003003e-05 tau=2.5151477568003003e-05 prediction=18.051272640230096 rho=0.99383961931946363 accept=1
  MFCG it  81 cost=2.588829e+05 lam=2.515e-05 tau=0.00e+00 cg_it=2 shift=0 ckpt=3 alpha=0 acc mv=256
PCG_PREP o=81 rebuild=1 drift=0 previous_depth=3
E2_CAP o=81 retry=0 touched=2 ncam=52 raw=5049.202860144549 capped=87.852512653276861 radius=3104.2454053620145 median=1.950242992211729 global_scale=1
ATTR_RADIUS o=81 raw_norm=5049.202860144549 norm=87.852512653276875 radius=3104.2454053620145 next_radius=3104.2454053620145 lambda=2.5151477568003003e-05 next_lambda=2.5151477568003003e-05 rho=0.99845440091428828 accept=1
CLASSICAL_LM o=81 lambda=2.5151477568003003e-05 tau=2.5151477568003003e-05 prediction=21.240833699509885 rho=0.99845440091428828 accept=1
  MFCG it  82 cost=2.588617e+05 lam=2.515e-05 tau=0.00e+00 cg_it=1 shift=0 ckpt=2 alpha=0 acc mv=259
PCG_PREP o=82 rebuild=1 drift=0 previous_depth=2
E2_CAP o=82 retry=0 touched=2 ncam=52 raw=5016.5931471321255 capped=136.67189672167777 radius=3104.2454053620145 median=3.0581068756900436 global_scale=1
ATTR_RADIUS o=82 raw_norm=5016.5931471321264 norm=136.67189672167774 radius=3104.2454053620145 next_radius=3104.2454053620145 lambda=2.5151477568003003e-05 next_lambda=2.5151477568003003e-05 rho=0.99419210396135071 accept=1
CLASSICAL_LM o=82 lambda=2.5151477568003003e-05 tau=2.5151477568003003e-05 prediction=18.230146295219019 rho=0.99419210396135071 accept=1
  MFCG it  83 cost=2.588436e+05 lam=2.515e-05 tau=0.00e+00 cg_it=2 shift=0 ckpt=3 alpha=0 acc mv=263
PCG_PREP o=83 rebuild=1 drift=0 previous_depth=3
E2_CAP o=83 retry=0 touched=2 ncam=52 raw=5010.2976168882396 capped=85.626376599258379 radius=3104.2454053620145 median=1.9020851590509382 global_scale=1
ATTR_RADIUS o=83 raw_norm=5010.2976168882415 norm=85.626376599258393 radius=3104.2454053620145 next_radius=3104.2454053620145 lambda=2.5151477568003003e-05 next_lambda=2.5151477568003003e-05 rho=0.99857041290864146 accept=1
CLASSICAL_LM o=83 lambda=2.5151477568003003e-05 tau=2.5151477568003003e-05 prediction=20.397082139127264 rho=0.99857041290864146 accept=1
  MFCG it  84 cost=2.588232e+05 lam=2.515e-05 tau=0.00e+00 cg_it=1 shift=0 ckpt=2 alpha=0 acc mv=266
PCG_PREP o=84 rebuild=1 drift=0 previous_depth=2
E2_CAP o=84 retry=0 touched=2 ncam=52 raw=4991.6153158383995 capped=135.40912036267918 radius=3104.2454053620145 median=3.0462475790125323 global_scale=1
ATTR_RADIUS o=84 raw_norm=4991.6153158383986 norm=135.40912036267915 radius=3104.2454053620145 next_radius=3104.2454053620145 lambda=2.5151477568003003e-05 next_lambda=2.5151477568003003e-05 rho=0.99451069216684951 accept=1
CLASSICAL_LM o=84 lambda=2.5151477568003003e-05 tau=2.5151477568003003e-05 prediction=17.941016534850142 rho=0.99451069216684951 accept=1
  MFCG it  85 cost=2.588054e+05 lam=2.515e-05 tau=0.00e+00 cg_it=2 shift=0 ckpt=3 alpha=0 acc mv=270
PCG_PREP o=85 rebuild=1 drift=0 previous_depth=3
E2_CAP o=85 retry=0 touched=2 ncam=52 raw=4977.5634185779536 capped=100.39366269450768 radius=3104.2454053620145 median=2.2889288696078576 global_scale=1
ATTR_RADIUS o=85 raw_norm=4977.5634185779536 norm=100.39366269450771 radius=3104.2454053620145 next_radius=3104.2454053620145 lambda=2.5151477568003003e-05 next_lambda=2.5151477568003003e-05 rho=0.9970945554037608 accept=1
CLASSICAL_LM o=85 lambda=2.5151477568003003e-05 tau=2.5151477568003003e-05 prediction=16.629285620413686 rho=0.9970945554037608 accept=1
  MFCG it  86 cost=2.587888e+05 lam=2.515e-05 tau=0.00e+00 cg_it=2 shift=0 ckpt=3 alpha=0 acc mv=274
PCG_PREP o=86 rebuild=1 drift=0 previous_depth=3
E2_CAP o=86 retry=0 touched=2 ncam=52 raw=4954.0196131224238 capped=83.440443934330617 radius=3104.2454053620145 median=1.8588608767669421 global_scale=1
ATTR_RADIUS o=86 raw_norm=4954.0196131224229 norm=83.440443934330602 radius=3104.2454053620145 next_radius=3104.2454053620145 lambda=2.5151477568003003e-05 next_lambda=2.5151477568003003e-05 rho=0.9987781233058115 accept=1
CLASSICAL_LM o=86 lambda=2.5151477568003003e-05 tau=2.5151477568003003e-05 prediction=19.540178982094275 rho=0.9987781233058115 accept=1
  MFCG it  87 cost=2.587693e+05 lam=2.515e-05 tau=0.00e+00 cg_it=1 shift=0 ckpt=2 alpha=0 acc mv=277
PCG_PREP o=87 rebuild=1 drift=0 previous_depth=2
E2_CAP o=87 retry=0 touched=2 ncam=52 raw=4957.0437702518075 capped=130.65257913835836 radius=3104.2454053620145 median=2.9581471353298303 global_scale=1
ATTR_RADIUS o=87 raw_norm=4957.0437702518066 norm=130.65257913835842 radius=3104.2454053620145 next_radius=3104.2454053620145 lambda=2.5151477568003003e-05 next_lambda=2.5151477568003003e-05 rho=0.99513955766166962 accept=1
CLASSICAL_LM o=87 lambda=2.5151477568003003e-05 tau=2.5151477568003003e-05 prediction=17.12600079033481 rho=0.99513955766166962 accept=1
  MFCG it  88 cost=2.587522e+05 lam=2.515e-05 tau=0.00e+00 cg_it=2 shift=0 ckpt=3 alpha=0 acc mv=281
PCG_PREP o=88 rebuild=1 drift=0 previous_depth=3
E2_CAP o=88 retry=0 touched=2 ncam=52 raw=4944.1573817819508 capped=103.19812582514992 radius=3104.2454053620145 median=2.3735828399427978 global_scale=1
ATTR_RADIUS o=88 raw_norm=4944.1573817819508 norm=103.1981258251499 radius=3104.2454053620145 next_radius=3104.2454053620145 lambda=2.5151477568003003e-05 next_lambda=2.5151477568003003e-05 rho=0.99723259274211229 accept=1
CLASSICAL_LM o=88 lambda=2.5151477568003003e-05 tau=2.5151477568003003e-05 prediction=16.867744683841554 rho=0.99723259274211229 accept=1
  MFCG it  89 cost=2.587354e+05 lam=2.515e-05 tau=0.00e+00 cg_it=2 shift=0 ckpt=3 alpha=0 acc mv=285
PCG_PREP o=89 rebuild=1 drift=0 previous_depth=3
E2_CAP o=89 retry=0 touched=2 ncam=52 raw=4901.8077962458356 capped=82.802610380369714 radius=3104.2454053620145 median=1.8491546915185784 global_scale=1
ATTR_RADIUS o=89 raw_norm=4901.8077962458328 norm=82.8026103803697 radius=3104.2454053620145 next_radius=3104.2454053620145 lambda=2.5151477568003003e-05 next_lambda=2.5151477568003003e-05 rho=0.99886594791531957 accept=1
CLASSICAL_LM o=89 lambda=2.5151477568003003e-05 tau=2.5151477568003003e-05 prediction=18.940099298396383 rho=0.99886594791531957 accept=1
  MFCG it  90 cost=2.587165e+05 lam=2.515e-05 tau=0.00e+00 cg_it=1 shift=0 ckpt=2 alpha=0 acc mv=288
PCG_PREP o=90 rebuild=1 drift=0 previous_depth=2
E2_CAP o=90 retry=0 touched=2 ncam=52 raw=4924.0708950279595 capped=131.37919530631072 radius=3104.2454053620145 median=2.9915692725612009 global_scale=1
ATTR_RADIUS o=90 raw_norm=4924.0708950279604 norm=131.37919530631069 radius=3104.2454053620145 next_radius=3104.2454053620145 lambda=2.5151477568003003e-05 next_lambda=2.5151477568003003e-05 rho=0.99549374523563983 accept=1
CLASSICAL_LM o=90 lambda=2.5151477568003003e-05 tau=2.5151477568003003e-05 prediction=17.192469346395594 rho=0.99549374523563983 accept=1
  MFCG it  91 cost=2.586994e+05 lam=2.515e-05 tau=0.00e+00 cg_it=2 shift=0 ckpt=3 alpha=0 acc mv=292
PCG_PREP o=91 rebuild=1 drift=0 previous_depth=3
E2_CAP o=91 retry=0 touched=2 ncam=52 raw=4911.5905003518792 capped=102.93434190050542 radius=3104.2454053620145 median=2.3753404269639655 global_scale=1
ATTR_RADIUS o=91 raw_norm=4911.590500351881 norm=102.93434190050542 radius=3104.2454053620145 next_radius=3104.2454053620145 lambda=2.5151477568003003e-05 next_lambda=2.5151477568003003e-05 rho=0.99739814615446076 accept=1
CLASSICAL_LM o=91 lambda=2.5151477568003003e-05 tau=2.5151477568003003e-05 prediction=16.411514783591631 rho=0.99739814615446076 accept=1
  MFCG it  92 cost=2.586830e+05 lam=2.515e-05 tau=0.00e+00 cg_it=2 shift=0 ckpt=3 alpha=0 acc mv=296
PCG_PREP o=92 rebuild=1 drift=0 previous_depth=3
E2_CAP o=92 retry=0 touched=2 ncam=52 raw=4851.8140234479679 capped=82.489744899629841 radius=3104.2454053620145 median=1.847622940806493 global_scale=1
ATTR_RADIUS o=92 raw_norm=4851.8140234479679 norm=82.489744899629855 radius=3104.2454053620145 next_radius=3104.2454053620145 lambda=2.5151477568003003e-05 next_lambda=2.5151477568003003e-05 rho=0.99892374392646532 accept=1
CLASSICAL_LM o=92 lambda=2.5151477568003003e-05 tau=2.5151477568003003e-05 prediction=18.314308949635461 rho=0.99892374392646532 accept=1
  MFCG it  93 cost=2.586647e+05 lam=2.515e-05 tau=0.00e+00 cg_it=1 shift=0 ckpt=2 alpha=0 acc mv=299
PCG_PREP o=93 rebuild=1 drift=0 previous_depth=2
E2_CAP o=93 retry=0 touched=2 ncam=52 raw=4892.2892091158328 capped=130.64025552849338 radius=3104.2454053620145 median=2.9837703919077523 global_scale=1
ATTR_RADIUS o=93 raw_norm=4892.2892091158319 norm=130.64025552849336 radius=3104.2454053620145 next_radius=3104.2454053620145 lambda=2.5151477568003003e-05 next_lambda=2.5151477568003003e-05 rho=0.99579997119003627 accept=1
CLASSICAL_LM o=93 lambda=2.5151477568003003e-05 tau=2.5151477568003003e-05 prediction=16.882361595262058 rho=0.99579997119003627 accept=1
  MFCG it  94 cost=2.586479e+05 lam=2.515e-05 tau=0.00e+00 cg_it=2 shift=0 ckpt=3 alpha=0 acc mv=303
PCG_PREP o=94 rebuild=1 drift=0 previous_depth=3
E2_CAP o=94 retry=0 touched=2 ncam=52 raw=4880.3745872025756 capped=102.67082062446043 radius=3104.2454053620145 median=2.3739233856148272 global_scale=1
ATTR_RADIUS o=94 raw_norm=4880.3745872025756 norm=102.67082062446043 radius=3104.2454053620145 next_radius=3104.2454053620145 lambda=2.5151477568003003e-05 next_lambda=2.5151477568003003e-05 rho=0.99753693410251709 accept=1
CLASSICAL_LM o=94 lambda=2.5151477568003003e-05 tau=2.5151477568003003e-05 prediction=15.938027251974107 rho=0.99753693410251709 accept=1
  MFCG it  95 cost=2.586320e+05 lam=2.515e-05 tau=0.00e+00 cg_it=2 shift=0 ckpt=3 alpha=0 acc mv=307
PCG_PREP o=95 rebuild=1 drift=0 previous_depth=3
E2_CAP o=95 retry=0 touched=2 ncam=52 raw=4803.6537464648727 capped=82.19843762540215 radius=3104.2454053620145 median=1.8460925439931377 global_scale=1
ATTR_RADIUS o=95 raw_norm=4803.6537464648718 norm=82.198437625402136 radius=3104.2454053620145 next_radius=3104.2454053620145 lambda=2.5151477568003003e-05 next_lambda=2.5151477568003003e-05 rho=0.99897588941115334 accept=1
CLASSICAL_LM o=95 lambda=2.5151477568003003e-05 tau=2.5151477568003003e-05 prediction=17.700727544884277 rho=0.99897588941115334 accept=1
  MFCG it  96 cost=2.586143e+05 lam=2.515e-05 tau=0.00e+00 cg_it=1 shift=0 ckpt=2 alpha=0 acc mv=310
PCG_PREP o=96 rebuild=1 drift=0 previous_depth=2
E2_CAP o=96 retry=0 touched=2 ncam=52 raw=4861.708006370045 capped=125.08446602679716 radius=3104.2454053620145 median=2.8562558878447808 global_scale=1
ATTR_RADIUS o=96 raw_norm=4861.7080063700469 norm=125.08446602679713 radius=3104.2454053620145 next_radius=3104.2454053620145 lambda=2.5151477568003003e-05 next_lambda=2.5151477568003003e-05 rho=0.99615984990418638 accept=1
CLASSICAL_LM o=96 lambda=2.5151477568003003e-05 tau=2.5151477568003003e-05 prediction=15.712125728391669 rho=0.99615984990418638 accept=1
  MFCG it  97 cost=2.585987e+05 lam=2.515e-05 tau=0.00e+00 cg_it=2 shift=0 ckpt=3 alpha=0 acc mv=314
PCG_PREP o=97 rebuild=1 drift=0 previous_depth=3
E2_CAP o=97 retry=0 touched=2 ncam=52 raw=4850.7981184876562 capped=102.43655070017753 radius=3104.2454053620145 median=2.3718671079582618 global_scale=1
ATTR_RADIUS o=97 raw_norm=4850.7981184876553 norm=102.43655070017753 radius=3104.2454053620145 next_radius=3104.2454053620145 lambda=2.5151477568003003e-05 next_lambda=2.5151477568003003e-05 rho=0.99765922104474936 accept=1
CLASSICAL_LM o=97 lambda=2.5151477568003003e-05 tau=2.5151477568003003e-05 prediction=15.491939002446337 rho=0.99765922104474936 accept=1
  MFCG it  98 cost=2.585832e+05 lam=2.515e-05 tau=0.00e+00 cg_it=2 shift=0 ckpt=3 alpha=0 acc mv=318
PCG_PREP o=98 rebuild=1 drift=0 previous_depth=3
E2_CAP o=98 retry=0 touched=2 ncam=52 raw=4757.8644451340533 capped=81.817986207029563 radius=3104.2454053620145 median=1.8415432769024838 global_scale=1
ATTR_RADIUS o=98 raw_norm=4757.8644451340542 norm=81.817986207029548 radius=3104.2454053620145 next_radius=3104.2454053620145 lambda=2.5151477568003003e-05 next_lambda=2.5151477568003003e-05 rho=0.99903009346522487 accept=1
CLASSICAL_LM o=98 lambda=2.5151477568003003e-05 tau=2.5151477568003003e-05 prediction=17.123522303175164 rho=0.99903009346522487 accept=1
  MFCG it  99 cost=2.585661e+05 lam=2.515e-05 tau=0.00e+00 cg_it=1 shift=0 ckpt=2 alpha=0 acc mv=321
PCG_PREP o=99 rebuild=1 drift=0 previous_depth=2
E2_CAP o=99 retry=0 touched=2 ncam=52 raw=4832.5896368356644 capped=122.90791441356524 radius=3104.2454053620145 median=2.8094978979172858 global_scale=1
ATTR_RADIUS o=99 raw_norm=4832.5896368356644 norm=122.90791441356524 radius=3104.2454053620145 next_radius=3104.2454053620145 lambda=2.5151477568003003e-05 next_lambda=2.5151477568003003e-05 rho=0.99641382782603016 accept=1
CLASSICAL_LM o=99 lambda=2.5151477568003003e-05 tau=2.5151477568003003e-05 prediction=15.132152144640706 rho=0.99641382782603016 accept=1
  MFCG it 100 cost=2.585510e+05 lam=2.515e-05 tau=0.00e+00 cg_it=2 shift=0 ckpt=3 alpha=0 acc mv=325
PCG_PREP o=100 rebuild=1 drift=0 previous_depth=3
E2_CAP o=100 retry=0 touched=2 ncam=52 raw=4822.20659862713 capped=99.202437975931673 radius=3104.2454053620145 median=2.2969881971712125 global_scale=1
ATTR_RADIUS o=100 raw_norm=4822.2065986271291 norm=99.202437975931701 radius=3104.2454053620145 next_radius=3104.2454053620145 lambda=2.5151477568003003e-05 next_lambda=2.5151477568003003e-05 rho=0.99783730774071544 accept=1
CLASSICAL_LM o=100 lambda=2.5151477568003003e-05 tau=2.5151477568003003e-05 prediction=14.581364357170619 rho=0.99783730774071544 accept=1
  MFCG it 101 cost=2.585365e+05 lam=2.515e-05 tau=0.00e+00 cg_it=2 shift=0 ckpt=3 alpha=0 acc mv=329
PCG_PREP o=101 rebuild=1 drift=0 previous_depth=3
E2_CAP o=101 retry=0 touched=2 ncam=52 raw=4714.316755194729 capped=80.611225637899949 radius=3104.2454053620145 median=1.8158525986457119 global_scale=1
ATTR_RADIUS o=101 raw_norm=4714.316755194729 norm=80.611225637899935 radius=3104.2454053620145 next_radius=3104.2454053620145 lambda=2.5151477568003003e-05 next_lambda=2.5151477568003003e-05 rho=0.99909815520708667 accept=1
CLASSICAL_LM o=101 lambda=2.5151477568003003e-05 tau=2.5151477568003003e-05 prediction=16.459184820343353 rho=0.99909815520708667 accept=1
  MFCG it 102 cost=2.585200e+05 lam=2.515e-05 tau=0.00e+00 cg_it=1 shift=0 ckpt=2 alpha=0 acc mv=332
PCG_PREP o=102 rebuild=1 drift=0 previous_depth=2
E2_CAP o=102 retry=0 touched=2 ncam=52 raw=4804.662111727851 capped=121.45301114863675 radius=3104.2454053620145 median=2.7793435221066964 global_scale=1
ATTR_RADIUS o=102 raw_norm=4804.6621117278519 norm=121.45301114863672 radius=3104.2454053620145 next_radius=3104.2454053620145 lambda=2.5151477568003003e-05 next_lambda=2.5151477568003003e-05 rho=0.99662667912079117 accept=1
CLASSICAL_LM o=102 lambda=2.5151477568003003e-05 tau=2.5151477568003003e-05 prediction=14.674810252975783 rho=0.99662667912079117 accept=1
  MFCG it 103 cost=2.585054e+05 lam=2.515e-05 tau=0.00e+00 cg_it=2 shift=0 ckpt=3 alpha=0 acc mv=336
PCG_PREP o=103 rebuild=1 drift=0 previous_depth=3
E2_CAP o=103 retry=0 touched=2 ncam=52 raw=4687.3695965945772 capped=79.256053393677121 radius=3104.2454053620145 median=1.7868378580523729 global_scale=1
ATTR_RADIUS o=103 raw_norm=4687.3695965945799 norm=79.256053393677149 radius=3104.2454053620145 next_radius=3104.2454053620145 lambda=2.5151477568003003e-05 next_lambda=2.5151477568003003e-05 rho=0.9990889451242202 accept=1
CLASSICAL_LM o=103 lambda=2.5151477568003003e-05 tau=2.5151477568003003e-05 prediction=15.809534151765938 rho=0.9990889451242202 accept=1
  MFCG it 104 cost=2.584896e+05 lam=2.515e-05 tau=0.00e+00 cg_it=1 shift=0 ckpt=2 alpha=0 acc mv=339
PCG_PREP o=104 rebuild=1 drift=0 previous_depth=2
E2_CAP o=104 retry=0 touched=2 ncam=52 raw=4786.4093022244688 capped=119.50172987461883 radius=3104.2454053620145 median=2.7315293150372808 global_scale=1
ATTR_RADIUS o=104 raw_norm=4786.4093022244706 norm=119.50172987461885 radius=3104.2454053620145 next_radius=3104.2454053620145 lambda=2.5151477568003003e-05 next_lambda=2.5151477568003003e-05 rho=0.99667261365613979 accept=1
CLASSICAL_LM o=104 lambda=2.5151477568003003e-05 tau=2.5151477568003003e-05 prediction=14.056111431998083 rho=0.99667261365613979 accept=1
  MFCG it 105 cost=2.584756e+05 lam=2.515e-05 tau=0.00e+00 cg_it=2 shift=0 ckpt=3 alpha=0 acc mv=343
PCG_PREP o=105 rebuild=1 drift=0 previous_depth=3
E2_CAP o=105 retry=0 touched=2 ncam=52 raw=4661.2394998775944 capped=77.779777663137978 radius=3104.2454053620145 median=1.7539581048634321 global_scale=1
ATTR_RADIUS o=105 raw_norm=4661.2394998775962 norm=77.779777663137963 radius=3104.2454053620145 next_radius=3104.2454053620145 lambda=2.5151477568003003e-05 next_lambda=2.5151477568003003e-05 rho=0.99911886293108099 accept=1
CLASSICAL_LM o=105 lambda=2.5151477568003003e-05 tau=2.5151477568003003e-05 prediction=15.195480862730697 rho=0.99911886293108099 accept=1
  MFCG it 106 cost=2.584604e+05 lam=2.515e-05 tau=0.00e+00 cg_it=1 shift=0 ckpt=2 alpha=0 acc mv=346
PCG_PREP o=106 rebuild=1 drift=0 previous_depth=2
E2_CAP o=106 retry=0 touched=2 ncam=52 raw=4768.4325834606352 capped=120.2132187903799 radius=3104.2454053620145 median=2.749690000548735 global_scale=1
ATTR_RADIUS o=106 raw_norm=4768.4325834606343 norm=120.21321879037988 radius=3104.2454053620145 next_radius=3104.2454053620145 lambda=2.5151477568003003e-05 next_lambda=2.5151477568003003e-05 rho=0.99669994015708674 accept=1
CLASSICAL_LM o=106 lambda=2.5151477568003003e-05 tau=2.5151477568003003e-05 prediction=13.928840663268497 rho=0.99669994015708674 accept=1
  MFCG it 107 cost=2.584465e+05 lam=2.515e-05 tau=0.00e+00 cg_it=2 shift=0 ckpt=3 alpha=0 acc mv=350
PCG_PREP o=107 rebuild=1 drift=0 previous_depth=3
E2_CAP o=107 retry=0 touched=2 ncam=52 raw=4635.6032617646561 capped=77.33990151311626 radius=3104.2454053620145 median=1.7459065176620823 global_scale=1
ATTR_RADIUS o=107 raw_norm=4635.6032617646551 norm=77.339901513116274 radius=3104.2454053620145 next_radius=3104.2454053620145 lambda=2.5151477568003003e-05 next_lambda=2.5151477568003003e-05 rho=0.99913959818786657 accept=1
CLASSICAL_LM o=107 lambda=2.5151477568003003e-05 tau=2.5151477568003003e-05 prediction=14.818464068192565 rho=0.99913959818786657 accept=1
  MFCG it 108 cost=2.584317e+05 lam=2.515e-05 tau=0.00e+00 cg_it=1 shift=0 ckpt=2 alpha=0 acc mv=353
PCG_PREP o=108 rebuild=1 drift=0 previous_depth=2
E2_CAP o=108 retry=0 touched=2 ncam=52 raw=4750.4060268599205 capped=118.46433053637807 radius=3104.2454053620145 median=2.7086252687882935 global_scale=1
ATTR_RADIUS o=108 raw_norm=4750.4060268599205 norm=118.46433053637807 radius=3104.2454053620145 next_radius=3104.2454053620145 lambda=2.5151477568003003e-05 next_lambda=2.5151477568003003e-05 rho=0.99678731794934927 accept=1
CLASSICAL_LM o=108 lambda=2.5151477568003003e-05 tau=2.5151477568003003e-05 prediction=13.455099118435024 rho=0.99678731794934927 accept=1
  MFCG it 109 cost=2.584183e+05 lam=2.515e-05 tau=0.00e+00 cg_it=2 shift=0 ckpt=3 alpha=0 acc mv=357
PCG_PREP o=109 rebuild=1 drift=0 previous_depth=3
E2_CAP o=109 retry=0 touched=2 ncam=52 raw=4610.7590806995413 capped=76.512338786009977 radius=3104.2454053620145 median=1.7278211647586521 global_scale=1
ATTR_RADIUS o=109 raw_norm=4610.7590806995386 norm=76.512338786009991 radius=3104.2454053620145 next_radius=3104.2454053620145 lambda=2.5151477568003003e-05 next_lambda=2.5151477568003003e-05 rho=0.99916956805314094 accept=1
CLASSICAL_LM o=109 lambda=2.5151477568003003e-05 tau=2.5151477568003003e-05 prediction=14.419580478565974 rho=0.99916956805314094 accept=1
  MFCG it 110 cost=2.584039e+05 lam=2.515e-05 tau=0.00e+00 cg_it=1 shift=0 ckpt=2 alpha=0 acc mv=360
PCG_PREP o=110 rebuild=1 drift=0 previous_depth=2
E2_CAP o=110 retry=0 touched=2 ncam=52 raw=4732.578369519847 capped=116.16571672570029 radius=3104.2454053620145 median=2.6545290717925725 global_scale=1
ATTR_RADIUS o=110 raw_norm=4732.578369519847 norm=116.16571672570029 radius=3104.2454053620145 next_radius=3104.2454053620145 lambda=2.5151477568003003e-05 next_lambda=2.5151477568003003e-05 rho=0.9968881698380111 accept=1
CLASSICAL_LM o=110 lambda=2.5151477568003003e-05 tau=2.5151477568003003e-05 prediction=12.925990944259688 rho=0.9968881698380111 accept=1
  MFCG it 111 cost=2.583910e+05 lam=2.515e-05 tau=0.00e+00 cg_it=2 shift=0 ckpt=3 alpha=0 acc mv=364
PCG_PREP o=111 rebuild=1 drift=0 previous_depth=3
E2_CAP o=111 retry=0 touched=2 ncam=52 raw=4586.8513410421619 capped=75.681804581503172 radius=3104.2454053620145 median=1.709415724368081 global_scale=1
ATTR_RADIUS o=111 raw_norm=4586.851341042161 norm=75.681804581503158 radius=3104.2454053620145 next_radius=3104.2454053620145 lambda=2.5151477568003003e-05 next_lambda=2.5151477568003003e-05 rho=0.99920060553664336 accept=1
CLASSICAL_LM o=111 lambda=2.5151477568003003e-05 tau=2.5151477568003003e-05 prediction=14.048770326113726 rho=0.99920060553664336 accept=1
  MFCG it 112 cost=2.583770e+05 lam=2.515e-05 tau=0.00e+00 cg_it=1 shift=0 ckpt=2 alpha=0 acc mv=367
PCG_PREP o=112 rebuild=1 drift=0 previous_depth=2
E2_CAP o=112 retry=0 touched=2 ncam=52 raw=4714.9780070762799 capped=113.80828551940884 radius=3104.2454053620145 median=2.5991723006721372 global_scale=1
ATTR_RADIUS o=112 raw_norm=4714.978007076279 norm=113.80828551940883 radius=3104.2454053620145 next_radius=3104.2454053620145 lambda=2.5151477568003003e-05 next_lambda=2.5151477568003003e-05 rho=0.99698976276951456 accept=1
CLASSICAL_LM o=112 lambda=2.5151477568003003e-05 tau=2.5151477568003003e-05 prediction=12.410995126993736 rho=0.99698976276951456 accept=1
  MFCG it 113 cost=2.583646e+05 lam=2.515e-05 tau=0.00e+00 cg_it=2 shift=0 ckpt=3 alpha=0 acc mv=371
PCG_PREP o=113 rebuild=1 drift=0 previous_depth=3
E2_CAP o=113 retry=0 touched=2 ncam=52 raw=4563.8822784859058 capped=74.906389938656403 radius=3104.2454053620145 median=1.6922305547277903 global_scale=1
ATTR_RADIUS o=113 raw_norm=4563.882278485904 norm=74.906389938656417 radius=3104.2454053620145 next_radius=3104.2454053620145 lambda=2.5151477568003003e-05 next_lambda=2.5151477568003003e-05 rho=0.99923070163552186 accept=1
CLASSICAL_LM o=113 lambda=2.5151477568003003e-05 tau=2.5151477568003003e-05 prediction=13.706989314554171 rho=0.99923070163552186 accept=1
  MFCG it 114 cost=2.583509e+05 lam=2.515e-05 tau=0.00e+00 cg_it=1 shift=0 ckpt=2 alpha=0 acc mv=374
PCG_PREP o=114 rebuild=1 drift=0 previous_depth=2
E2_CAP o=114 retry=0 touched=2 ncam=52 raw=4697.5880658191254 capped=112.41314007902022 radius=3104.2454053620145 median=2.567307662627881 global_scale=1
ATTR_RADIUS o=114 raw_norm=4697.5880658191272 norm=112.41314007902021 radius=3104.2454053620145 next_radius=3104.2454053620145 lambda=2.5151477568003003e-05 next_lambda=2.5151477568003003e-05 rho=0.99707269275126975 accept=1
CLASSICAL_LM o=114 lambda=2.5151477568003003e-05 tau=2.5151477568003003e-05 prediction=12.052994120049645 rho=0.99707269275126975 accept=1
  MFCG it 115 cost=2.583389e+05 lam=2.515e-05 tau=0.00e+00 cg_it=2 shift=0 ckpt=3 alpha=0 acc mv=378
PCG_PREP o=115 rebuild=1 drift=0 previous_depth=3
E2_CAP o=115 retry=0 touched=2 ncam=52 raw=4541.7074497169006 capped=74.414081554684472 radius=3104.2454053620145 median=1.6819747058591568 global_scale=1
ATTR_RADIUS o=115 raw_norm=4541.7074497169006 norm=74.414081554684486 radius=3104.2454053620145 next_radius=3104.2454053620145 lambda=2.5151477568003003e-05 next_lambda=2.5151477568003003e-05 rho=0.9992560511402262 accept=1
CLASSICAL_LM o=115 lambda=2.5151477568003003e-05 tau=2.5151477568003003e-05 prediction=13.422548273318291 rho=0.9992560511402262 accept=1
  MFCG it 116 cost=2.583255e+05 lam=2.515e-05 tau=0.00e+00 cg_it=1 shift=0 ckpt=2 alpha=0 acc mv=381
PCG_PREP o=116 rebuild=1 drift=0 previous_depth=2
E2_CAP o=116 retry=0 touched=2 ncam=52 raw=4680.2648913389385 capped=111.21196994049332 radius=3104.2454053620145 median=2.5402012811925534 global_scale=1
ATTR_RADIUS o=116 raw_norm=4680.2648913389385 norm=111.21196994049333 radius=3104.2454053620145 next_radius=3104.2454053620145 lambda=2.5151477568003003e-05 next_lambda=2.5151477568003003e-05 rho=0.99715050497114988 accept=1
CLASSICAL_LM o=116 lambda=2.5151477568003003e-05 tau=2.5151477568003003e-05 prediction=11.734842681817824 rho=0.99715050497114988 accept=1
  MFCG it 117 cost=2.583138e+05 lam=2.515e-05 tau=0.00e+00 cg_it=2 shift=0 ckpt=3 alpha=0 acc mv=385
PCG_PREP o=117 rebuild=1 drift=0 previous_depth=3
E2_CAP o=117 retry=0 touched=2 ncam=52 raw=4520.2482688179816 capped=73.679718958948968 radius=3104.2454053620145 median=1.6657433079067054 global_scale=1
ATTR_RADIUS o=117 raw_norm=4520.2482688179807 norm=73.679718958948953 radius=3104.2454053620145 next_radius=3104.2454053620145 lambda=2.5151477568003003e-05 next_lambda=2.5151477568003003e-05 rho=0.99928446712711461 accept=1
CLASSICAL_LM o=117 lambda=2.5151477568003003e-05 tau=2.5151477568003003e-05 prediction=13.111625931016039 rho=0.99928446712711461 accept=1
  MFCG it 118 cost=2.583007e+05 lam=2.515e-05 tau=0.00e+00 cg_it=1 shift=0 ckpt=2 alpha=0 acc mv=388
PCG_PREP o=118 rebuild=1 drift=0 previous_depth=2
E2_CAP o=118 retry=0 touched=2 ncam=52 raw=4663.0018296896696 capped=110.0036082863176 radius=3104.2454053620145 median=2.5129424037160852 global_scale=1
ATTR_RADIUS o=118 raw_norm=4663.0018296896696 norm=110.0036082863176 radius=3104.2454053620145 next_radius=3104.2454053620145 lambda=2.5151477568003003e-05 next_lambda=2.5151477568003003e-05 rho=0.99722589777372495 accept=1
CLASSICAL_LM o=118 lambda=2.5151477568003003e-05 tau=2.5151477568003003e-05 prediction=11.427217381078405 rho=0.99722589777372495 accept=1
  MFCG it 119 cost=2.582893e+05 lam=2.515e-05 tau=0.00e+00 cg_it=2 shift=0 ckpt=3 alpha=0 acc mv=392
PCG_PREP o=119 rebuild=1 drift=0 previous_depth=3
E2_CAP o=119 retry=0 touched=2 ncam=52 raw=4499.5187907998525 capped=72.93137184538773 radius=3104.2454053620145 median=1.6491501400274842 global_scale=1
ATTR_RADIUS o=119 raw_norm=4499.5187907998516 norm=72.931371845387758 radius=3104.2454053620145 next_radius=3104.2454053620145 lambda=2.5151477568003003e-05 next_lambda=2.5151477568003003e-05 rho=0.99931191764058269 accept=1
CLASSICAL_LM o=119 lambda=2.5151477568003003e-05 tau=2.5151477568003003e-05 prediction=12.808559290412404 rho=0.99931191764058269 accept=1
  MFCG it 120 cost=2.582765e+05 lam=2.515e-05 tau=0.00e+00 cg_it=1 shift=0 ckpt=2 alpha=0 acc mv=395
PCG_PREP o=120 rebuild=1 drift=0 previous_depth=2
E2_CAP o=120 retry=0 touched=2 ncam=52 raw=4645.7996536388109 capped=108.78766632992036 radius=3104.2454053620145 median=2.4855075020937356 global_scale=1
ATTR_RADIUS o=120 raw_norm=4645.7996536388109 norm=108.78766632992034 radius=3104.2454053620145 next_radius=3104.2454053620145 lambda=2.5151477568003003e-05 next_lambda=2.5151477568003003e-05 rho=0.99729894403358454 accept=1
CLASSICAL_LM o=120 lambda=2.5151477568003003e-05 tau=2.5151477568003003e-05 prediction=11.129166155570374 rho=0.99729894403358454 accept=1
  MFCG it 121 cost=2.582654e+05 lam=2.515e-05 tau=0.00e+00 cg_it=2 shift=0 ckpt=3 alpha=0 acc mv=399
PCG_PREP o=121 rebuild=1 drift=0 previous_depth=3
E2_CAP o=121 retry=0 touched=2 ncam=52 raw=4479.4929589784342 capped=72.104314750246189 radius=3104.2454053620145 median=1.6306113452801094 global_scale=1
ATTR_RADIUS o=121 raw_norm=4479.4929589784333 norm=72.104314750246175 radius=3104.2454053620145 next_radius=3104.2454053620145 lambda=2.5151477568003003e-05 next_lambda=2.5151477568003003e-05 rho=0.99933930429381124 accept=1
CLASSICAL_LM o=121 lambda=2.5151477568003003e-05 tau=2.5151477568003003e-05 prediction=12.502949686688501 rho=0.99933930429381124 accept=1
  MFCG it 122 cost=2.582529e+05 lam=2.515e-05 tau=0.00e+00 cg_it=1 shift=0 ckpt=2 alpha=0 acc mv=402
PCG_PREP o=122 rebuild=1 drift=0 previous_depth=2
E2_CAP o=122 retry=0 touched=2 ncam=52 raw=4628.6652546225196 capped=107.56253403066329 radius=3104.2454053620145 median=2.4578483640926905 global_scale=1
ATTR_RADIUS o=122 raw_norm=4628.6652546225205 norm=107.56253403066329 radius=3104.2454053620145 next_radius=3104.2454053620145 lambda=2.5151477568003003e-05 next_lambda=2.5151477568003003e-05 rho=0.99736954340544914 accept=1
CLASSICAL_LM o=122 lambda=2.5151477568003003e-05 tau=2.5151477568003003e-05 prediction=10.840052472533726 rho=0.99736954340544914 accept=1
  MFCG it 123 cost=2.582421e+05 lam=2.515e-05 tau=0.00e+00 cg_it=2 shift=0 ckpt=3 alpha=0 acc mv=406
PCG_PREP o=123 rebuild=1 drift=0 previous_depth=3
E2_CAP o=123 retry=0 touched=2 ncam=52 raw=4460.1485163575708 capped=70.95181516548665 radius=3104.2454053620145 median=1.6040674936349557 global_scale=1
ATTR_RADIUS o=123 raw_norm=4460.1485163575726 norm=70.95181516548665 radius=3104.2454053620145 next_radius=3104.2454053620145 lambda=2.5151477568003003e-05 next_lambda=2.5151477568003003e-05 rho=0.99937015012811969 accept=1
CLASSICAL_LM o=123 lambda=2.5151477568003003e-05 tau=2.5151477568003003e-05 prediction=12.158934154009774 rho=0.99937015012811969 accept=1
  MFCG it 124 cost=2.582299e+05 lam=2.515e-05 tau=0.00e+00 cg_it=1 shift=0 ckpt=2 alpha=0 acc mv=409
PCG_PREP o=124 rebuild=1 drift=0 previous_depth=2
E2_CAP o=124 retry=0 touched=2 ncam=52 raw=4611.6367498554209 capped=106.32707678067902 radius=3104.2454053620145 median=2.4299361292574542 global_scale=1
ATTR_RADIUS o=124 raw_norm=4611.6367498554173 norm=106.32707678067901 radius=3104.2454053620145 next_radius=3104.2454053620145 lambda=2.5151477568003003e-05 next_lambda=2.5151477568003003e-05 rho=0.99743756358443181 accept=1
CLASSICAL_LM o=124 lambda=2.5151477568003003e-05 tau=2.5151477568003003e-05 prediction=10.560140563471876 rho=0.99743756358443181 accept=1
  MFCG it 125 cost=2.582194e+05 lam=2.515e-05 tau=0.00e+00 cg_it=2 shift=0 ckpt=3 alpha=0 acc mv=413
PCG_PREP o=125 rebuild=1 drift=0 previous_depth=3
E2_CAP o=125 retry=0 touched=2 ncam=52 raw=4441.4920332868933 capped=69.806618547699429 radius=3104.2454053620145 median=1.5776917797004983 global_scale=1
ATTR_RADIUS o=125 raw_norm=4441.4920332868942 norm=69.806618547699415 radius=3104.2454053620145 next_radius=3104.2454053620145 lambda=2.5151477568003003e-05 next_lambda=2.5151477568003003e-05 rho=0.99939939516808207 accept=1
CLASSICAL_LM o=125 lambda=2.5151477568003003e-05 tau=2.5151477568003003e-05 prediction=11.825883369574392 rho=0.99939939516808207 accept=1
  MFCG it 126 cost=2.582076e+05 lam=2.515e-05 tau=0.00e+00 cg_it=1 shift=0 ckpt=2 alpha=0 acc mv=416
PCG_PREP o=126 rebuild=1 drift=0 previous_depth=2
E2_CAP o=126 retry=0 touched=2 ncam=52 raw=4594.7221483440389 capped=105.08394565847891 radius=3104.2454053620145 median=2.401828876455431 global_scale=1
ATTR_RADIUS o=126 raw_norm=4594.7221483440389 norm=105.0839456584789 radius=3104.2454053620145 next_radius=3104.2454053620145 lambda=2.5151477568003003e-05 next_lambda=2.5151477568003003e-05 rho=0.99750331867527819 accept=1
CLASSICAL_LM o=126 lambda=2.5151477568003003e-05 tau=2.5151477568003003e-05 prediction=10.288917503894368 rho=0.99750331867527819 accept=1
  MFCG it 127 cost=2.581973e+05 lam=2.515e-05 tau=0.00e+00 cg_it=2 shift=0 ckpt=3 alpha=0 acc mv=420
PCG_PREP o=127 rebuild=1 drift=0 previous_depth=3
E2_CAP o=127 retry=0 touched=2 ncam=52 raw=4423.4901938432995 capped=68.998895694175829 radius=3104.2454053620145 median=1.5596000469493514 global_scale=1
ATTR_RADIUS o=127 raw_norm=4423.4901938433004 norm=68.998895694175829 radius=3104.2454053620145 next_radius=3104.2454053620145 lambda=2.5151477568003003e-05 next_lambda=2.5151477568003003e-05 rho=0.99942248356705632 accept=1
CLASSICAL_LM o=127 lambda=2.5151477568003003e-05 tau=2.5151477568003003e-05 prediction=11.55000412156115 rho=0.99942248356705632 accept=1
  MFCG it 128 cost=2.581858e+05 lam=2.515e-05 tau=0.00e+00 cg_it=1 shift=0 ckpt=2 alpha=0 acc mv=423
PCG_PREP o=128 rebuild=1 drift=0 previous_depth=2
E2_CAP o=128 retry=0 touched=2 ncam=52 raw=4577.9019912089707 capped=103.83580645985779 radius=3104.2454053620145 median=2.3735800259956816 global_scale=1
ATTR_RADIUS o=128 raw_norm=4577.9019912089725 norm=103.83580645985776 radius=3104.2454053620145 next_radius=3104.2454053620145 lambda=2.5151477568003003e-05 next_lambda=2.5151477568003003e-05 rho=0.99756694380269517 accept=1
CLASSICAL_LM o=128 lambda=2.5151477568003003e-05 tau=2.5151477568003003e-05 prediction=10.024980478457724 rho=0.99756694380269517 accept=1
  MFCG it 129 cost=2.581758e+05 lam=2.515e-05 tau=0.00e+00 cg_it=2 shift=0 ckpt=3 alpha=0 acc mv=427
PCG_PREP o=129 rebuild=1 drift=0 previous_depth=3
E2_CAP o=129 retry=0 touched=2 ncam=52 raw=4406.0742721229544 capped=68.345836354644987 radius=3104.2454053620145 median=1.545297029644829 global_scale=1
ATTR_RADIUS o=129 raw_norm=4406.0742721229553 norm=68.345836354645016 radius=3104.2454053620145 next_radius=3104.2454053620145 lambda=2.5151477568003003e-05 next_lambda=2.5151477568003003e-05 rho=0.99944225666902842 accept=1
CLASSICAL_LM o=129 lambda=2.5151477568003003e-05 tau=2.5151477568003003e-05 prediction=11.303046878916865 rho=0.99944225666902842 accept=1
  MFCG it 130 cost=2.581645e+05 lam=2.515e-05 tau=0.00e+00 cg_it=1 shift=0 ckpt=2 alpha=0 acc mv=430
PCG_PREP o=130 rebuild=1 drift=0 previous_depth=2
E2_CAP o=130 retry=0 touched=2 ncam=52 raw=4561.1763094142971 capped=102.44335307891065 radius=3104.2454053620145 median=2.3417979589845048 global_scale=1
ATTR_RADIUS o=130 raw_norm=4561.1763094142952 norm=102.44335307891068 radius=3104.2454053620145 next_radius=3104.2454053620145 lambda=2.5151477568003003e-05 next_lambda=2.5151477568003003e-05 rho=0.99763023958387465 accept=1
CLASSICAL_LM o=130 lambda=2.5151477568003003e-05 tau=2.5151477568003003e-05 prediction=9.7500701947579582 rho=0.99763023958387465 accept=1
  MFCG it 131 cost=2.581547e+05 lam=2.515e-05 tau=0.00e+00 cg_it=2 shift=0 ckpt=3 alpha=0 acc mv=434
PCG_PREP o=131 rebuild=1 drift=0 previous_depth=3
E2_CAP o=131 retry=0 touched=2 ncam=52 raw=4389.2121189293784 capped=67.560674879968246 radius=3104.2454053620145 median=1.527727029960734 global_scale=1
ATTR_RADIUS o=131 raw_norm=4389.2121189293766 norm=67.560674879968261 radius=3104.2454053620145 next_radius=3104.2454053620145 lambda=2.5151477568003003e-05 next_lambda=2.5151477568003003e-05 rho=0.99946265513047927 accept=1
CLASSICAL_LM o=131 lambda=2.5151477568003003e-05 tau=2.5151477568003003e-05 prediction=11.044224206452586 rho=0.99946265513047927 accept=1
  MFCG it 132 cost=2.581437e+05 lam=2.515e-05 tau=0.00e+00 cg_it=1 shift=0 ckpt=2 alpha=0 acc mv=437
PCG_PREP o=132 rebuild=1 drift=0 previous_depth=2
E2_CAP o=132 retry=0 touched=2 ncam=52 raw=4544.5859817231649 capped=101.00856254901991 radius=3104.2454053620145 median=2.3089604959436603 global_scale=1
ATTR_RADIUS o=132 raw_norm=4544.5859817231649 norm=101.00856254901991 radius=3104.2454053620145 next_radius=3104.2454053620145 lambda=2.5151477568003003e-05 next_lambda=2.5151477568003003e-05 rho=0.99769143160712781 accept=1
CLASSICAL_LM o=132 lambda=2.5151477568003003e-05 tau=2.5151477568003003e-05 prediction=9.4776472561303802 rho=0.99769143160712781 accept=1
  MFCG it 133 cost=2.581343e+05 lam=2.515e-05 tau=0.00e+00 cg_it=2 shift=0 ckpt=3 alpha=0 acc mv=441
PCG_PREP o=133 rebuild=1 drift=0 previous_depth=3
E2_CAP o=133 retry=0 touched=2 ncam=52 raw=4372.8909588457391 capped=66.772181124860083 radius=3104.2454053620145 median=1.5100555179005357 global_scale=1
ATTR_RADIUS o=133 raw_norm=4372.8909588457391 norm=66.772181124860097 radius=3104.2454053620145 next_radius=3104.2454053620145 lambda=2.5151477568003003e-05 next_lambda=2.5151477568003003e-05 rho=0.99948200031432166 accept=1
CLASSICAL_LM o=133 lambda=2.5151477568003003e-05 tau=2.5151477568003003e-05 prediction=10.791968559946278 rho=0.99948200031432166 accept=1
  MFCG it 134 cost=2.581235e+05 lam=2.515e-05 tau=0.00e+00 cg_it=1 shift=0 ckpt=2 alpha=0 acc mv=444
PCG_PREP o=134 rebuild=1 drift=0 previous_depth=2
E2_CAP o=134 retry=0 touched=2 ncam=52 raw=4528.1474858955853 capped=99.583147707482055 radius=3104.2454053620145 median=2.2763231639828541 global_scale=1
ATTR_RADIUS o=134 raw_norm=4528.1474858955844 norm=99.58314770748207 radius=3104.2454053620145 next_radius=3104.2454053620145 lambda=2.5151477568003003e-05 next_lambda=2.5151477568003003e-05 rho=0.99774999369880368 accept=1
CLASSICAL_LM o=134 lambda=2.5151477568003003e-05 tau=2.5151477568003003e-05 prediction=9.2137845026111744 rho=0.99774999369880368 accept=1
  MFCG it 135 cost=2.581143e+05 lam=2.515e-05 tau=0.00e+00 cg_it=2 shift=0 ckpt=3 alpha=0 acc mv=448
PCG_PREP o=135 rebuild=1 drift=0 previous_depth=3
E2_CAP o=135 retry=0 touched=2 ncam=52 raw=4357.0788168521767 capped=65.986848208414571 radius=3104.2454053620145 median=1.4924423343317115 global_scale=1
ATTR_RADIUS o=135 raw_norm=4357.0788168521749 norm=65.986848208414557 radius=3104.2454053620145 next_radius=3104.2454053620145 lambda=2.5151477568003003e-05 next_lambda=2.5151477568003003e-05 rho=0.99950027866741309 accept=1
CLASSICAL_LM o=135 lambda=2.5151477568003003e-05 tau=2.5151477568003003e-05 prediction=10.546999485888819 rho=0.99950027866741309 accept=1
  MFCG it 136 cost=2.581037e+05 lam=2.515e-05 tau=0.00e+00 cg_it=1 shift=0 ckpt=2 alpha=0 acc mv=451
PCG_PREP o=136 rebuild=1 drift=0 previous_depth=2
E2_CAP o=136 retry=0 touched=2 ncam=52 raw=4511.8727448354775 capped=98.168409103193468 radius=3104.2454053620145 median=2.2439167198997154 global_scale=1
ATTR_RADIUS o=136 raw_norm=4511.8727448354766 norm=98.168409103193468 radius=3104.2454053620145 next_radius=3104.2454053620145 lambda=2.5151477568003003e-05 next_lambda=2.5151477568003003e-05 rho=0.99780601319412132 accept=1
CLASSICAL_LM o=136 lambda=2.5151477568003003e-05 tau=2.5151477568003003e-05 prediction=8.9581632355415977 rho=0.99780601319412132 accept=1
  MFCG it 137 cost=2.580948e+05 lam=2.515e-05 tau=0.00e+00 cg_it=2 shift=0 ckpt=3 alpha=0 acc mv=455
PCG_PREP o=137 rebuild=1 drift=0 previous_depth=3
E2_CAP o=137 retry=0 touched=2 ncam=52 raw=4539.3647915701404 capped=40.26453857191494 radius=3104.2454053620145 median=0.83397173264810487 global_scale=1
ATTR_RADIUS o=137 raw_norm=4539.3647915701386 norm=40.264538571914947 radius=3104.2454053620145 next_radius=3104.2454053620145 lambda=2.5151477568003003e-05 next_lambda=2.5151477568003003e-05 rho=0.99978466620027784 accept=1
CLASSICAL_LM o=137 lambda=2.5151477568003003e-05 tau=2.5151477568003003e-05 prediction=7.3905122306057613 rho=0.99978466620027784 accept=1
  MFCG it 138 cost=2.580874e+05 lam=2.515e-05 tau=0.00e+00 cg_it=0 shift=0 ckpt=1 alpha=0 acc mv=457
PCG_PREP o=138 rebuild=1 drift=0 previous_depth=1
E2_CAP o=138 retry=0 touched=2 ncam=52 raw=4498.7187193568407 capped=102.89827480951152 radius=3104.2454053620145 median=2.3592677110638371 global_scale=1
ATTR_RADIUS o=138 raw_norm=4498.7187193568398 norm=102.89827480951153 radius=3104.2454053620145 next_radius=3104.2454053620145 lambda=2.5151477568003003e-05 next_lambda=2.5151477568003003e-05 rho=0.99753303210109834 accept=1
CLASSICAL_LM o=138 lambda=2.5151477568003003e-05 tau=2.5151477568003003e-05 prediction=8.8355281000221826 rho=0.99753303210109834 accept=1
  MFCG it 139 cost=2.580786e+05 lam=2.515e-05 tau=0.00e+00 cg_it=2 shift=0 ckpt=3 alpha=0 acc mv=461
PCG_PREP o=139 rebuild=1 drift=0 previous_depth=3
E2_CAP o=139 retry=0 touched=2 ncam=52 raw=4327.9872441359621 capped=66.423049962992962 radius=3104.2454053620145 median=1.5059080437190091 global_scale=1
ATTR_RADIUS o=139 raw_norm=4327.9872441359603 norm=66.423049962992948 radius=3104.2454053620145 next_radius=3104.2454053620145 lambda=2.5151477568003003e-05 next_lambda=2.5151477568003003e-05 rho=0.99953381738403035 accept=1
CLASSICAL_LM o=139 lambda=2.5151477568003003e-05 tau=2.5151477568003003e-05 prediction=10.346425958819902 rho=0.99953381738403035 accept=1
  MFCG it 140 cost=2.580682e+05 lam=2.515e-05 tau=0.00e+00 cg_it=1 shift=0 ckpt=2 alpha=0 acc mv=464
PCG_PREP o=140 rebuild=1 drift=0 previous_depth=2
E2_CAP o=140 retry=0 touched=2 ncam=52 raw=4482.2120423865072 capped=96.099388079342376 radius=3104.2454053620145 median=2.1971682675092339 global_scale=1
ATTR_RADIUS o=140 raw_norm=4482.2120423865081 norm=96.099388079342404 radius=3104.2454053620145 next_radius=3104.2454053620145 lambda=2.5151477568003003e-05 next_lambda=2.5151477568003003e-05 rho=0.99787357840368551 accept=1
CLASSICAL_LM o=140 lambda=2.5151477568003003e-05 tau=2.5151477568003003e-05 prediction=8.5277547997977994 rho=0.99787357840368551 accept=1
  MFCG it 141 cost=2.580597e+05 lam=2.515e-05 tau=0.00e+00 cg_it=2 shift=0 ckpt=3 alpha=0 acc mv=468
PCG_PREP o=141 rebuild=1 drift=0 previous_depth=3
E2_CAP o=141 retry=0 touched=2 ncam=52 raw=4518.4182462313884 capped=38.943660810326001 radius=3104.2454053620145 median=0.80807511193638482 global_scale=1
ATTR_RADIUS o=141 raw_norm=4518.4182462313884 norm=38.943660810326001 radius=3104.2454053620145 next_radius=3104.2454053620145 lambda=2.5151477568003003e-05 next_lambda=2.5151477568003003e-05 rho=0.99979045833965863 accept=1
CLASSICAL_LM o=141 lambda=2.5151477568003003e-05 tau=2.5151477568003003e-05 prediction=6.9642473443683786 rho=0.99979045833965863 accept=1
  MFCG it 142 cost=2.580528e+05 lam=2.515e-05 tau=0.00e+00 cg_it=0 shift=0 ckpt=1 alpha=0 acc mv=470
PCG_PREP o=142 rebuild=1 drift=0 previous_depth=1
E2_CAP o=142 retry=0 touched=2 ncam=52 raw=4469.0520073432181 capped=100.26370843399799 radius=3104.2454053620145 median=2.2997170563824021 global_scale=1
ATTR_RADIUS o=142 raw_norm=4469.0520073432181 norm=100.26370843399799 radius=3104.2454053620145 next_radius=3104.2454053620145 lambda=2.5151477568003003e-05 next_lambda=2.5151477568003003e-05 rho=0.99763351464507444 accept=1
CLASSICAL_LM o=142 lambda=2.5151477568003003e-05 tau=2.5151477568003003e-05 prediction=8.4246568560197126 rho=0.99763351464507444 accept=1
  MFCG it 143 cost=2.580444e+05 lam=2.515e-05 tau=0.00e+00 cg_it=2 shift=0 ckpt=3 alpha=0 acc mv=474
PCG_PREP o=143 rebuild=1 drift=0 previous_depth=3
E2_CAP o=143 retry=0 touched=2 ncam=52 raw=4300.5391005822612 capped=65.067086456120194 radius=3104.2454053620145 median=1.4756745257179413 global_scale=1
ATTR_RADIUS o=143 raw_norm=4300.5391005822621 norm=65.067086456120194 radius=3104.2454053620145 next_radius=3104.2454053620145 lambda=2.5151477568003003e-05 next_lambda=2.5151477568003003e-05 rho=0.99956247849063862 accept=1
CLASSICAL_LM o=143 lambda=2.5151477568003003e-05 tau=2.5151477568003003e-05 prediction=9.9539402392343046 rho=0.99956247849063862 accept=1
  MFCG it 144 cost=2.580344e+05 lam=2.515e-05 tau=0.00e+00 cg_it=1 shift=0 ckpt=2 alpha=0 acc mv=477
PCG_PREP o=144 rebuild=1 drift=0 previous_depth=2
E2_CAP o=144 retry=0 touched=2 ncam=52 raw=4453.0030231661094 capped=93.330858480161993 radius=3104.2454053620145 median=2.1334000370787267 global_scale=1
ATTR_RADIUS o=144 raw_norm=4453.0030231661085 norm=93.330858480161993 radius=3104.2454053620145 next_radius=3104.2454053620145 lambda=2.5151477568003003e-05 next_lambda=2.5151477568003003e-05 rho=0.99795757285314546 accept=1
CLASSICAL_LM o=144 lambda=2.5151477568003003e-05 tau=2.5151477568003003e-05 prediction=8.0738689563687487 rho=0.99795757285314546 accept=1
  MFCG it 145 cost=2.580264e+05 lam=2.515e-05 tau=0.00e+00 cg_it=2 shift=0 ckpt=3 alpha=0 acc mv=481
PCG_PREP o=145 rebuild=1 drift=0 previous_depth=3
E2_CAP o=145 retry=0 touched=2 ncam=52 raw=4496.3181983607201 capped=37.93501603563324 radius=3104.2454053620145 median=0.78944652319209041 global_scale=1
ATTR_RADIUS o=145 raw_norm=4496.3181983607201 norm=37.93501603563324 radius=3104.2454053620145 next_radius=3104.2454053620145 lambda=2.5151477568003003e-05 next_lambda=2.5151477568003003e-05 rho=0.99979437323568388 accept=1
CLASSICAL_LM o=145 lambda=2.5151477568003003e-05 tau=2.5151477568003003e-05 prediction=6.6188694460139414 rho=0.99979437323568388 accept=1
  MFCG it 146 cost=2.580197e+05 lam=2.515e-05 tau=0.00e+00 cg_it=0 shift=0 ckpt=1 alpha=0 acc mv=483
PCG_PREP o=146 rebuild=1 drift=0 previous_depth=1
E2_CAP o=146 retry=0 touched=2 ncam=52 raw=4439.9802836413119 capped=97.835834599421318 radius=3104.2454053620145 median=2.2449499252718912 global_scale=1
ATTR_RADIUS o=146 raw_norm=4439.9802836413101 norm=97.835834599421318 radius=3104.2454053620145 next_radius=3104.2454053620145 lambda=2.5151477568003003e-05 next_lambda=2.5151477568003003e-05 rho=0.99773295122889416 accept=1
CLASSICAL_LM o=146 lambda=2.5151477568003003e-05 tau=2.5151477568003003e-05 prediction=8.0615906607167265 rho=0.99773295122889416 accept=1
  MFCG it 147 cost=2.580117e+05 lam=2.515e-05 tau=0.00e+00 cg_it=2 shift=0 ckpt=3 alpha=0 acc mv=487
PCG_PREP o=147 rebuild=1 drift=0 previous_depth=3
E2_CAP o=147 retry=0 touched=2 ncam=52 raw=4274.6181461968145 capped=63.264432334725299 radius=3104.2454053620145 median=1.434320893411666 global_scale=1
ATTR_RADIUS o=147 raw_norm=4274.6181461968145 norm=63.264432334725285 radius=3104.2454053620145 next_radius=3104.2454053620145 lambda=2.5151477568003003e-05 next_lambda=2.5151477568003003e-05 rho=0.99959433539497811 accept=1
CLASSICAL_LM o=147 lambda=2.5151477568003003e-05 tau=2.5151477568003003e-05 prediction=9.5270683974595745 rho=0.99959433539497811 accept=1
  MFCG it 148 cost=2.580022e+05 lam=2.515e-05 tau=0.00e+00 cg_it=1 shift=0 ckpt=2 alpha=0 acc mv=490
PCG_PREP o=148 rebuild=1 drift=0 previous_depth=2
E2_CAP o=148 retry=0 touched=2 ncam=52 raw=4424.4350327010188 capped=90.765215463061267 radius=3104.2454053620145 median=2.0744502732333441 global_scale=1
ATTR_RADIUS o=148 raw_norm=4424.4350327010188 norm=90.765215463061267 radius=3104.2454053620145 next_radius=3104.2454053620145 lambda=2.5151477568003003e-05 next_lambda=2.5151477568003003e-05 rho=0.9980380955259468 accept=1
CLASSICAL_LM o=148 lambda=2.5151477568003003e-05 tau=2.5151477568003003e-05 prediction=7.6680255074989532 rho=0.9980380955259468 accept=1
  MFCG it 149 cost=2.579945e+05 lam=2.515e-05 tau=0.00e+00 cg_it=2 shift=0 ckpt=3 alpha=0 acc mv=494
PCG_PREP o=149 rebuild=1 drift=0 previous_depth=3
E2_CAP o=149 retry=0 touched=2 ncam=52 raw=4473.509194845843 capped=37.689749884665659 radius=3104.2454053620145 median=0.79051449293623433 global_scale=1
ATTR_RADIUS o=149 raw_norm=4473.5091948458439 norm=37.689749884665652 radius=3104.2454053620145 next_radius=3104.2454053620145 lambda=2.5151477568003003e-05 next_lambda=2.5151477568003003e-05 rho=0.99979066360540214 accept=1
CLASSICAL_LM o=149 lambda=2.5151477568003003e-05 tau=2.5151477568003003e-05 prediction=6.3951270573355581 rho=0.99979066360540214 accept=1
  MFCG it 150 cost=2.579881e+05 lam=2.515e-05 tau=0.00e+00 cg_it=0 shift=0 ckpt=1 alpha=0 acc mv=496
PCG_PREP o=150 rebuild=1 drift=0 previous_depth=1
E2_CAP o=150 retry=0 touched=2 ncam=52 raw=4411.5350134969376 capped=95.759096791876686 radius=3104.2454053620145 median=2.1984691814045778 global_scale=1
ATTR_RADIUS o=150 raw_norm=4411.5350134969367 norm=95.759096791876701 radius=3104.2454053620145 next_radius=3104.2454053620145 lambda=2.5151477568003003e-05 next_lambda=2.5151477568003003e-05 rho=0.99782532045272354 accept=1
CLASSICAL_LM o=150 lambda=2.5151477568003003e-05 tau=2.5151477568003003e-05 prediction=7.7477194834711733 rho=0.99782532045272354 accept=1
  MFCG it 151 cost=2.579804e+05 lam=2.515e-05 tau=0.00e+00 cg_it=2 shift=0 ckpt=3 alpha=0 acc mv=500
PCG_PREP o=151 rebuild=1 drift=0 previous_depth=3
E2_CAP o=151 retry=0 touched=2 ncam=52 raw=4465.129909425832 capped=36.914083477238805 radius=3104.2454053620145 median=0.77416694935329433 global_scale=1
ATTR_RADIUS o=151 raw_norm=4465.1299094258329 norm=36.914083477238798 radius=3104.2454053620145 next_radius=3104.2454053620145 lambda=2.5151477568003003e-05 next_lambda=2.5151477568003003e-05 rho=0.99977650075419544 accept=1
CLASSICAL_LM o=151 lambda=2.5151477568003003e-05 tau=2.5151477568003003e-05 prediction=6.2005350718335128 rho=0.99977650075419544 accept=1
  MFCG it 152 cost=2.579742e+05 lam=2.515e-05 tau=0.00e+00 cg_it=0 shift=0 ckpt=1 alpha=0 acc mv=502
PCG_PREP o=152 rebuild=1 drift=0 previous_depth=1
E2_CAP o=152 retry=0 touched=2 ncam=52 raw=4398.5118759769503 capped=93.041004133530095 radius=3104.2454053620145 median=2.1342294459319584 global_scale=1
ATTR_RADIUS o=152 raw_norm=4398.5118759769503 norm=93.041004133530095 radius=3104.2454053620145 next_radius=3104.2454053620145 lambda=2.5151477568003003e-05 next_lambda=2.5151477568003003e-05 rho=0.9978840162237087 accept=1
CLASSICAL_LM o=152 lambda=2.5151477568003003e-05 tau=2.5151477568003003e-05 prediction=7.4239519978227628 rho=0.9978840162237087 accept=1
  MFCG it 153 cost=2.579668e+05 lam=2.515e-05 tau=0.00e+00 cg_it=2 shift=0 ckpt=3 alpha=0 acc mv=506
PCG_PREP o=153 rebuild=1 drift=0 previous_depth=3
E2_CAP o=153 retry=0 touched=2 ncam=52 raw=4238.8735651845473 capped=60.789055454979973 radius=3104.2454053620145 median=1.3775224667499897 global_scale=1
ATTR_RADIUS o=153 raw_norm=4238.8735651845464 norm=60.789055454979973 radius=3104.2454053620145 next_radius=3104.2454053620145 lambda=2.5151477568003003e-05 next_lambda=2.5151477568003003e-05 rho=0.99963825946982621 accept=1
CLASSICAL_LM o=153 lambda=2.5151477568003003e-05 tau=2.5151477568003003e-05 prediction=8.9656999276058329 rho=0.99963825946982621 accept=1
  MFCG it 154 cost=2.579578e+05 lam=2.515e-05 tau=0.00e+00 cg_it=1 shift=0 ckpt=2 alpha=0 acc mv=509
PCG_PREP o=154 rebuild=1 drift=0 previous_depth=2
E2_CAP o=154 retry=0 touched=2 ncam=52 raw=4383.9405650457129 capped=87.398921361511015 radius=3104.2454053620145 median=1.997424493860056 global_scale=1
ATTR_RADIUS o=154 raw_norm=4383.9405650457147 norm=87.398921361511015 radius=3104.2454053620145 next_radius=3104.2454053620145 lambda=2.5151477568003003e-05 next_lambda=2.5151477568003003e-05 rho=0.99813951726914274 accept=1
CLASSICAL_LM o=154 lambda=2.5151477568003003e-05 tau=2.5151477568003003e-05 prediction=7.1513932974948293 rho=0.99813951726914274 accept=1
  MFCG it 155 cost=2.579507e+05 lam=2.515e-05 tau=0.00e+00 cg_it=2 shift=0 ckpt=3 alpha=0 acc mv=513
PCG_PREP o=155 rebuild=1 drift=0 previous_depth=3
E2_CAP o=155 retry=0 touched=2 ncam=52 raw=4441.0941301939092 capped=35.631047469579435 radius=3104.2454053620145 median=0.74623203466841814 global_scale=1
ATTR_RADIUS o=155 raw_norm=4441.0941301939092 norm=35.631047469579435 radius=3104.2454053620145 next_radius=3104.2454053620145 lambda=2.5151477568003003e-05 next_lambda=2.5151477568003003e-05 rho=0.99980215297494657 accept=1
CLASSICAL_LM o=155 lambda=2.5151477568003003e-05 tau=2.5151477568003003e-05 prediction=5.8884660993577782 rho=0.99980215297494657 accept=1
  MFCG it 156 cost=2.579448e+05 lam=2.515e-05 tau=0.00e+00 cg_it=0 shift=0 ckpt=1 alpha=0 acc mv=515
PCG_PREP o=156 rebuild=1 drift=0 previous_depth=1
E2_CAP o=156 retry=0 touched=2 ncam=52 raw=4371.4488579452154 capped=92.937296536155785 radius=3104.2454053620145 median=2.1353689473069086 global_scale=1
ATTR_RADIUS o=156 raw_norm=4371.4488579452154 norm=92.937296536155785 radius=3104.2454053620145 next_radius=3104.2454053620145 lambda=2.5151477568003003e-05 next_lambda=2.5151477568003003e-05 rho=0.99794596234459321 accept=1
CLASSICAL_LM o=156 lambda=2.5151477568003003e-05 tau=2.5151477568003003e-05 prediction=7.3438419377258128 rho=0.99794596234459321 accept=1
  MFCG it 157 cost=2.579375e+05 lam=2.515e-05 tau=0.00e+00 cg_it=2 shift=0 ckpt=3 alpha=0 acc mv=519
PCG_PREP o=157 rebuild=1 drift=0 previous_depth=3
E2_CAP o=157 retry=0 touched=2 ncam=52 raw=4432.3139532229934 capped=34.843171783586044 radius=3104.2454053620145 median=0.72915569408178693 global_scale=1
ATTR_RADIUS o=157 raw_norm=4432.3139532229943 norm=34.843171783586044 radius=3104.2454053620145 next_radius=3104.2454053620145 lambda=2.5151477568003003e-05 next_lambda=2.5151477568003003e-05 rho=0.99979107922757016 accept=1
CLASSICAL_LM o=157 lambda=2.5151477568003003e-05 tau=2.5151477568003003e-05 prediction=5.7105865383239109 rho=0.99979107922757016 accept=1
  MFCG it 158 cost=2.579318e+05 lam=2.515e-05 tau=0.00e+00 cg_it=0 shift=0 ckpt=1 alpha=0 acc mv=521
PCG_PREP o=158 rebuild=1 drift=0 previous_depth=1
E2_CAP o=158 retry=0 touched=2 ncam=52 raw=4358.856575130385 capped=90.360571411859908 radius=3104.2454053620145 median=2.0744986562425467 global_scale=1
ATTR_RADIUS o=158 raw_norm=4358.8565751303831 norm=90.36057141185988 radius=3104.2454053620145 next_radius=3104.2454053620145 lambda=2.5151477568003003e-05 next_lambda=2.5151477568003003e-05 rho=0.99800568444517046 accept=1
CLASSICAL_LM o=158 lambda=2.5151477568003003e-05 tau=2.5151477568003003e-05 prediction=7.060838542379912 rho=0.99800568444517046 accept=1
  MFCG it 159 cost=2.579247e+05 lam=2.515e-05 tau=0.00e+00 cg_it=2 shift=0 ckpt=3 alpha=0 acc mv=525
PCG_PREP o=159 rebuild=1 drift=0 previous_depth=3
E2_CAP o=159 retry=0 touched=2 ncam=52 raw=4423.2453693110092 capped=34.228289953956434 radius=3104.2454053620145 median=0.71606541629268394 global_scale=1
ATTR_RADIUS o=159 raw_norm=4423.2453693110092 norm=34.228289953956427 radius=3104.2454053620145 next_radius=3104.2454053620145 lambda=2.5151477568003003e-05 next_lambda=2.5151477568003003e-05 rho=0.99979571247351395 accept=1
CLASSICAL_LM o=159 lambda=2.5151477568003003e-05 tau=2.5151477568003003e-05 prediction=5.5648900724617816 rho=0.99979571247351395 accept=1
  MFCG it 160 cost=2.579192e+05 lam=2.515e-05 tau=0.00e+00 cg_it=0 shift=0 ckpt=1 alpha=0 acc mv=527
PCG_PREP o=160 rebuild=1 drift=0 previous_depth=1
E2_CAP o=160 retry=0 touched=2 ncam=52 raw=4346.6799308916889 capped=89.352790976797991 radius=3104.2454053620145 median=2.0516322546173926 global_scale=1
ATTR_RADIUS o=160 raw_norm=4346.679930891687 norm=89.352790976797991 radius=3104.2454053620145 next_radius=3104.2454053620145 lambda=2.5151477568003003e-05 next_lambda=2.5151477568003003e-05 rho=0.9980432165606421 accept=1
CLASSICAL_LM o=160 lambda=2.5151477568003003e-05 tau=2.5151477568003003e-05 prediction=6.9474933868545845 rho=0.9980432165606421 accept=1
  MFCG it 161 cost=2.579122e+05 lam=2.515e-05 tau=0.00e+00 cg_it=2 shift=0 ckpt=3 alpha=0 acc mv=531
PCG_PREP o=161 rebuild=1 drift=0 previous_depth=3
E2_CAP o=161 retry=0 touched=2 ncam=52 raw=4338.4670418238666 capped=67.280108662207297 radius=3104.2454053620145 median=1.5577391113481478 global_scale=1
ATTR_RADIUS o=161 raw_norm=4338.4670418238666 norm=67.280108662207297 radius=3104.2454053620145 next_radius=3104.2454053620145 lambda=2.5151477568003003e-05 next_lambda=2.5151477568003003e-05 rho=0.99904462045292919 accept=1
CLASSICAL_LM o=161 lambda=2.5151477568003003e-05 tau=2.5151477568003003e-05 prediction=6.5157859964753424 rho=0.99904462045292919 accept=1
  MFCG it 162 cost=2.579057e+05 lam=2.515e-05 tau=0.00e+00 cg_it=2 shift=0 ckpt=3 alpha=0 acc mv=535
PCG_PREP o=162 rebuild=1 drift=0 previous_depth=3
E2_CAP o=162 retry=0 touched=2 ncam=52 raw=4408.8867534433766 capped=33.582604350677371 radius=3104.2454053620145 median=0.69991150863156659 global_scale=1
ATTR_RADIUS o=162 raw_norm=4408.8867534433766 norm=33.582604350677364 radius=3104.2454053620145 next_radius=3104.2454053620145 lambda=2.5151477568003003e-05 next_lambda=2.5151477568003003e-05 rho=0.99987229986216974 accept=1
CLASSICAL_LM o=162 lambda=2.5151477568003003e-05 tau=2.5151477568003003e-05 prediction=5.4874832034343601 rho=0.99987229986216974 accept=1
  MFCG it 163 cost=2.579002e+05 lam=2.515e-05 tau=0.00e+00 cg_it=0 shift=0 ckpt=1 alpha=0 acc mv=537
PCG_PREP o=163 rebuild=1 drift=0 previous_depth=1
E2_CAP o=163 retry=0 touched=2 ncam=52 raw=4327.8343673436038 capped=86.833629108742642 radius=3104.2454053620145 median=1.9943804598419639 global_scale=1
ATTR_RADIUS o=163 raw_norm=4327.8343673436038 norm=86.833629108742656 radius=3104.2454053620145 next_radius=3104.2454053620145 lambda=2.5151477568003003e-05 next_lambda=2.5151477568003003e-05 rho=0.99825721703850812 accept=1
CLASSICAL_LM o=163 lambda=2.5151477568003003e-05 tau=2.5151477568003003e-05 prediction=6.8282391478195859 rho=0.99825721703850812 accept=1
  MFCG it 164 cost=2.578934e+05 lam=2.515e-05 tau=0.00e+00 cg_it=2 shift=0 ckpt=3 alpha=0 acc mv=541
PCG_PREP o=164 rebuild=1 drift=0 previous_depth=3
E2_CAP o=164 retry=0 touched=2 ncam=52 raw=4398.3360918290682 capped=33.096294226958356 radius=3104.2454053620145 median=0.6913121127507984 global_scale=1
ATTR_RADIUS o=164 raw_norm=4398.3360918290673 norm=33.096294226958356 radius=3104.2454053620145 next_radius=3104.2454053620145 lambda=2.5151477568003003e-05 next_lambda=2.5151477568003003e-05 rho=0.99981803852417028 accept=1
CLASSICAL_LM o=164 lambda=2.5151477568003003e-05 tau=2.5151477568003003e-05 prediction=5.3269278013537953 rho=0.99981803852417028 accept=1
  MFCG it 165 cost=2.578881e+05 lam=2.515e-05 tau=0.00e+00 cg_it=0 shift=0 ckpt=1 alpha=0 acc mv=543
PCG_PREP o=165 rebuild=1 drift=0 previous_depth=1
E2_CAP o=165 retry=0 touched=2 ncam=52 raw=4316.4928743179535 capped=85.490112868435517 radius=3104.2454053620145 median=1.9630791727663461 global_scale=1
ATTR_RADIUS o=165 raw_norm=4316.4928743179553 norm=85.490112868435531 radius=3104.2454053620145 next_radius=3104.2454053620145 lambda=2.5151477568003003e-05 next_lambda=2.5151477568003003e-05 rho=0.99825285007491449 accept=1
CLASSICAL_LM o=165 lambda=2.5151477568003003e-05 tau=2.5151477568003003e-05 prediction=6.6082445574743183 rho=0.99825285007491449 accept=1
  MFCG it 166 cost=2.578815e+05 lam=2.515e-05 tau=0.00e+00 cg_it=2 shift=0 ckpt=3 alpha=0 acc mv=547
PCG_PREP o=166 rebuild=1 drift=0 previous_depth=3
E2_CAP o=166 retry=0 touched=2 ncam=52 raw=4388.2415596946003 capped=32.947037863274936 radius=3104.2454053620145 median=0.69084151760556844 global_scale=1
ATTR_RADIUS o=166 raw_norm=4388.2415596946003 norm=32.947037863274943 radius=3104.2454053620145 next_radius=3104.2454053620145 lambda=2.5151477568003003e-05 next_lambda=2.5151477568003003e-05 rho=0.99981465937492453 accept=1
CLASSICAL_LM o=166 lambda=2.5151477568003003e-05 tau=2.5151477568003003e-05 prediction=5.2321821933273487 rho=0.99981465937492453 accept=1
  MFCG it 167 cost=2.578763e+05 lam=2.515e-05 tau=0.00e+00 cg_it=0 shift=0 ckpt=1 alpha=0 acc mv=549
PCG_PREP o=167 rebuild=1 drift=0 previous_depth=1
E2_CAP o=167 retry=0 touched=2 ncam=52 raw=4305.1973262856191 capped=84.051559434398641 radius=3104.2454053620145 median=1.9292823399957928 global_scale=1
ATTR_RADIUS o=167 raw_norm=4305.1973262856172 norm=84.051559434398627 radius=3104.2454053620145 next_radius=3104.2454053620145 lambda=2.5151477568003003e-05 next_lambda=2.5151477568003003e-05 rho=0.99826397399880584 accept=1
CLASSICAL_LM o=167 lambda=2.5151477568003003e-05 tau=2.5151477568003003e-05 prediction=6.404762828657252 rho=0.99826397399880584 accept=1
  MFCG it 168 cost=2.578699e+05 lam=2.515e-05 tau=0.00e+00 cg_it=2 shift=0 ckpt=3 alpha=0 acc mv=553
PCG_PREP o=168 rebuild=1 drift=0 previous_depth=3
E2_CAP o=168 retry=0 touched=2 ncam=52 raw=4378.3161895569701 capped=32.8125516528413 radius=3104.2454053620145 median=0.6900738455823402 global_scale=1
ATTR_RADIUS o=168 raw_norm=4378.3161895569719 norm=32.812551652841286 radius=3104.2454053620145 next_radius=3104.2454053620145 lambda=2.5151477568003003e-05 next_lambda=2.5151477568003003e-05 rho=0.99981172048872247 accept=1
CLASSICAL_LM o=168 lambda=2.5151477568003003e-05 tau=2.5151477568003003e-05 prediction=5.1554648467958515 rho=0.99981172048872247 accept=1
  MFCG it 169 cost=2.578647e+05 lam=2.515e-05 tau=0.00e+00 cg_it=0 shift=0 ckpt=1 alpha=0 acc mv=555
PCG_PREP o=169 rebuild=1 drift=0 previous_depth=1
E2_CAP o=169 retry=0 touched=2 ncam=52 raw=4294.0310276680739 capped=82.754954697131097 radius=3104.2454053620145 median=1.8990363689355332 global_scale=1
ATTR_RADIUS o=169 raw_norm=4294.0310276680739 norm=82.754954697131112 radius=3104.2454053620145 next_radius=3104.2454053620145 lambda=2.5151477568003003e-05 next_lambda=2.5151477568003003e-05 rho=0.99827974342902182 accept=1
CLASSICAL_LM o=169 lambda=2.5151477568003003e-05 tau=2.5151477568003003e-05 prediction=6.2296682813396158 rho=0.99827974342902182 accept=1
  MFCG it 170 cost=2.578585e+05 lam=2.515e-05 tau=0.00e+00 cg_it=2 shift=0 ckpt=3 alpha=0 acc mv=559
PCG_PREP o=170 rebuild=1 drift=0 previous_depth=3
E2_CAP o=170 retry=0 touched=2 ncam=52 raw=4368.462757238116 capped=32.645046381221206 radius=3104.2454053620145 median=0.6881566234034362 global_scale=1
ATTR_RADIUS o=170 raw_norm=4368.4627572381178 norm=32.645046381221213 radius=3104.2454053620145 next_radius=3104.2454053620145 lambda=2.5151477568003003e-05 next_lambda=2.5151477568003003e-05 rho=0.99980958509359774 accept=1
CLASSICAL_LM o=170 lambda=2.5151477568003003e-05 tau=2.5151477568003003e-05 prediction=5.0819658234233742 rho=0.99980958509359774 accept=1
  MFCG it 171 cost=2.578534e+05 lam=2.515e-05 tau=0.00e+00 cg_it=0 shift=0 ckpt=1 alpha=0 acc mv=561
PCG_PREP o=171 rebuild=1 drift=0 previous_depth=1
E2_CAP o=171 retry=0 touched=2 ncam=52 raw=4283.0095256630111 capped=82.787891880571692 radius=3104.2454053620145 median=1.9009914447328433 global_scale=1
ATTR_RADIUS o=171 raw_norm=4283.009525663012 norm=82.787891880571664 radius=3104.2454053620145 next_radius=3104.2454053620145 lambda=2.5151477568003003e-05 next_lambda=2.5151477568003003e-05 rho=0.99828622241817566 accept=1
CLASSICAL_LM o=171 lambda=2.5151477568003003e-05 tau=2.5151477568003003e-05 prediction=6.197048095232411 rho=0.99828622241817566 accept=1
  MFCG it 172 cost=2.578472e+05 lam=2.515e-05 tau=0.00e+00 cg_it=2 shift=0 ckpt=3 alpha=0 acc mv=565
PCG_PREP o=172 rebuild=1 drift=0 previous_depth=3
E2_CAP o=172 retry=0 touched=2 ncam=52 raw=4358.5568612773877 capped=32.390596167662366 radius=3104.2454053620145 median=0.68385934073156429 global_scale=1
ATTR_RADIUS o=172 raw_norm=4358.5568612773877 norm=32.39059616766238 radius=3104.2454053620145 next_radius=3104.2454053620145 lambda=2.5151477568003003e-05 next_lambda=2.5151477568003003e-05 rho=0.99980899167351078 accept=1
CLASSICAL_LM o=172 lambda=2.5151477568003003e-05 tau=2.5151477568003003e-05 prediction=5.0019775537162428 rho=0.99980899167351078 accept=1
  MFCG it 173 cost=2.578422e+05 lam=2.515e-05 tau=0.00e+00 cg_it=0 shift=0 ckpt=1 alpha=0 acc mv=567
PCG_PREP o=173 rebuild=1 drift=0 previous_depth=1
E2_CAP o=173 retry=0 touched=2 ncam=52 raw=4272.0078181434383 capped=82.707089959298003 radius=3104.2454053620145 median=1.9001983375967566 global_scale=1
ATTR_RADIUS o=173 raw_norm=4272.0078181434392 norm=82.707089959298003 radius=3104.2454053620145 next_radius=3104.2454053620145 lambda=2.5151477568003003e-05 next_lambda=2.5151477568003003e-05 rho=0.99829803239200621 accept=1
CLASSICAL_LM o=173 lambda=2.5151477568003003e-05 tau=2.5151477568003003e-05 prediction=6.1600087038881721 rho=0.99829803239200621 accept=1
  MFCG it 174 cost=2.578361e+05 lam=2.515e-05 tau=0.00e+00 cg_it=2 shift=0 ckpt=3 alpha=0 acc mv=571
PCG_PREP o=174 rebuild=1 drift=0 previous_depth=3
E2_CAP o=174 retry=0 touched=2 ncam=52 raw=4348.6060724933022 capped=32.13729193090024 radius=3104.2454053620145 median=0.67952305328750084 global_scale=1
ATTR_RADIUS o=174 raw_norm=4348.6060724933004 norm=32.137291930900219 radius=3104.2454053620145 next_radius=3104.2454053620145 lambda=2.5151477568003003e-05 next_lambda=2.5151477568003003e-05 rho=0.99980883782472063 accept=1
CLASSICAL_LM o=174 lambda=2.5151477568003003e-05 tau=2.5151477568003003e-05 prediction=4.925177957930881 rho=0.99980883782472063 accept=1
  MFCG it 175 cost=2.578311e+05 lam=2.515e-05 tau=0.00e+00 cg_it=0 shift=0 ckpt=1 alpha=0 acc mv=573
PCG_PREP o=175 rebuild=1 drift=0 previous_depth=1
E2_CAP o=175 retry=0 touched=2 ncam=52 raw=4261.0508708708767 capped=82.470292690376922 radius=3104.2454053620145 median=1.8956317798759832 global_scale=1
ATTR_RADIUS o=175 raw_norm=4261.0508708708758 norm=82.470292690376922 radius=3104.2454053620145 next_radius=3104.2454053620145 lambda=2.5151477568003003e-05 next_lambda=2.5151477568003003e-05 rho=0.9983140946064295 accept=1
CLASSICAL_LM o=175 lambda=2.5151477568003003e-05 tau=2.5151477568003003e-05 prediction=6.1111977932396684 rho=0.9983140946064295 accept=1
  MFCG it 176 cost=2.578250e+05 lam=2.515e-05 tau=0.00e+00 cg_it=2 shift=0 ckpt=3 alpha=0 acc mv=577
PCG_PREP o=176 rebuild=1 drift=0 previous_depth=3
E2_CAP o=176 retry=0 touched=2 ncam=52 raw=4338.6155612230959 capped=31.829690998272344 radius=3104.2454053620145 median=0.673699024700531 global_scale=1
ATTR_RADIUS o=176 raw_norm=4338.6155612230932 norm=31.829690998272341 radius=3104.2454053620145 next_radius=3104.2454053620145 lambda=2.5151477568003003e-05 next_lambda=2.5151477568003003e-05 rho=0.99980940081370306 accept=1
CLASSICAL_LM o=176 lambda=2.5151477568003003e-05 tau=2.5151477568003003e-05 prediction=4.8445996148033492 rho=0.99980940081370306 accept=1
  MFCG it 177 cost=2.578202e+05 lam=2.515e-05 tau=0.00e+00 cg_it=0 shift=0 ckpt=1 alpha=0 acc mv=579
PCG_PREP o=177 rebuild=1 drift=0 previous_depth=1
E2_CAP o=177 retry=0 touched=2 ncam=52 raw=4250.1688715193432 capped=81.781992277862429 radius=3104.2454053620145 median=1.8801470731258547 global_scale=1
ATTR_RADIUS o=177 raw_norm=4250.168871519345 norm=81.781992277862429 radius=3104.2454053620145 next_radius=3104.2454053620145 lambda=2.5151477568003003e-05 next_lambda=2.5151477568003003e-05 rho=0.99833615771453954 accept=1
CLASSICAL_LM o=177 lambda=2.5151477568003003e-05 tau=2.5151477568003003e-05 prediction=6.0201505716090544 rho=0.99833615771453954 accept=1
  MFCG it 178 cost=2.578142e+05 lam=2.515e-05 tau=0.00e+00 cg_it=2 shift=0 ckpt=3 alpha=0 acc mv=583
PCG_PREP o=178 rebuild=1 drift=0 previous_depth=3
E2_CAP o=178 retry=0 touched=2 ncam=52 raw=4328.6300814594988 capped=31.442132671787952 radius=3104.2454053620145 median=0.66570322178235553 global_scale=1
ATTR_RADIUS o=178 raw_norm=4328.6300814594997 norm=31.442132671787949 radius=3104.2454053620145 next_radius=3104.2454053620145 lambda=2.5151477568003003e-05 next_lambda=2.5151477568003003e-05 rho=0.99981070016191664 accept=1
CLASSICAL_LM o=178 lambda=2.5151477568003003e-05 tau=2.5151477568003003e-05 prediction=4.7572935356762382 rho=0.99981070016191664 accept=1
  MFCG it 179 cost=2.578094e+05 lam=2.515e-05 tau=0.00e+00 cg_it=0 shift=0 ckpt=1 alpha=0 acc mv=585
PCG_PREP o=179 rebuild=1 drift=0 previous_depth=1
E2_CAP o=179 retry=0 touched=2 ncam=52 raw=4239.4230368140315 capped=80.299370817757051 radius=3104.2454053620145 median=1.8454555568028517 global_scale=1
ATTR_RADIUS o=179 raw_norm=4239.4230368140315 norm=80.299370817757051 radius=3104.2454053620145 next_radius=3104.2454053620145 lambda=2.5151477568003003e-05 next_lambda=2.5151477568003003e-05 rho=0.99836628348873813 accept=1
CLASSICAL_LM o=179 lambda=2.5151477568003003e-05 tau=2.5151477568003003e-05 prediction=5.852451966506389 rho=0.99836628348873813 accept=1
  MFCG it 180 cost=2.578036e+05 lam=2.515e-05 tau=0.00e+00 cg_it=2 shift=0 ckpt=3 alpha=0 acc mv=589
PCG_PREP o=180 rebuild=1 drift=0 previous_depth=3
E2_CAP o=180 retry=0 touched=2 ncam=52 raw=4318.7375187981288 capped=31.072126107220463 radius=3104.2454053620145 median=0.65806861277557038 global_scale=1
ATTR_RADIUS o=180 raw_norm=4318.7375187981297 norm=31.072126107220463 radius=3104.2454053620145 next_radius=3104.2454053620145 lambda=2.5151477568003003e-05 next_lambda=2.5151477568003003e-05 rho=0.99981171331218377 accept=1
CLASSICAL_LM o=180 lambda=2.5151477568003003e-05 tau=2.5151477568003003e-05 prediction=4.6749511493307789 rho=0.99981171331218377 accept=1
  MFCG it 181 cost=2.577989e+05 lam=2.515e-05 tau=0.00e+00 cg_it=0 shift=0 ckpt=1 alpha=0 acc mv=591
PCG_PREP o=181 rebuild=1 drift=0 previous_depth=1
E2_CAP o=181 retry=0 touched=1 ncam=52 raw=4228.8996672632748 capped=78.415013105104677 radius=3104.2454053620145 median=1.8131402197238944 global_scale=1
ATTR_RADIUS o=181 raw_norm=4228.8996672632729 norm=78.415013105104691 radius=3104.2454053620145 next_radius=3104.2454053620145 lambda=2.5151477568003003e-05 next_lambda=2.5151477568003003e-05 rho=0.99840235555829182 accept=1
CLASSICAL_LM o=181 lambda=2.5151477568003003e-05 tau=2.5151477568003003e-05 prediction=5.6998704361107295 rho=0.99840235555829182 accept=1
  MFCG it 182 cost=2.577932e+05 lam=2.515e-05 tau=0.00e+00 cg_it=2 shift=0 ckpt=3 alpha=0 acc mv=595
PCG_PREP o=182 rebuild=1 drift=0 previous_depth=3
E2_CAP o=182 retry=0 touched=2 ncam=52 raw=4308.8906356599391 capped=30.716238499481094 radius=3104.2454053620145 median=0.6507140663651394 global_scale=1
ATTR_RADIUS o=182 raw_norm=4308.89063565994 norm=30.716238499481097 radius=3104.2454053620145 next_radius=3104.2454053620145 lambda=2.5151477568003003e-05 next_lambda=2.5151477568003003e-05 rho=0.99981304268677762 accept=1
CLASSICAL_LM o=182 lambda=2.5151477568003003e-05 tau=2.5151477568003003e-05 prediction=4.596645417271386 rho=0.99981304268677762 accept=1
  MFCG it 183 cost=2.577886e+05 lam=2.515e-05 tau=0.00e+00 cg_it=0 shift=0 ckpt=1 alpha=0 acc mv=597
PCG_PREP o=183 rebuild=1 drift=0 previous_depth=1
E2_CAP o=183 retry=0 touched=1 ncam=52 raw=4218.5928227610611 capped=73.331364382363589 radius=3104.2454053620145 median=1.7820677519639432 global_scale=1
ATTR_RADIUS o=183 raw_norm=4218.5928227610621 norm=73.331364382363603 radius=3104.2454053620145 next_radius=3104.2454053620145 lambda=2.5151477568003003e-05 next_lambda=2.5151477568003003e-05 rho=0.99849186920877253 accept=1
CLASSICAL_LM o=183 lambda=2.5151477568003003e-05 tau=2.5151477568003003e-05 prediction=5.5977118819649894 rho=0.99849186920877253 accept=1
  MFCG it 184 cost=2.577830e+05 lam=2.515e-05 tau=0.00e+00 cg_it=2 shift=0 ckpt=3 alpha=0 acc mv=601
PCG_PREP o=184 rebuild=1 drift=0 previous_depth=3
E2_CAP o=184 retry=0 touched=2 ncam=52 raw=4298.7210938412945 capped=30.39913615904765 radius=3104.2454053620145 median=0.64417373840746295 global_scale=1
ATTR_RADIUS o=184 raw_norm=4298.7210938412945 norm=30.399136159047654 radius=3104.2454053620145 next_radius=3104.2454053620145 lambda=2.5151477568003003e-05 next_lambda=2.5151477568003003e-05 rho=0.99981794763570819 accept=1
CLASSICAL_LM o=184 lambda=2.5151477568003003e-05 tau=2.5151477568003003e-05 prediction=4.5234271506027586 rho=0.99981794763570819 accept=1
  MFCG it 185 cost=2.577785e+05 lam=2.515e-05 tau=0.00e+00 cg_it=0 shift=0 ckpt=1 alpha=0 acc mv=603
PCG_PREP o=185 rebuild=1 drift=0 previous_depth=1
E2_CAP o=185 retry=0 touched=1 ncam=52 raw=4208.5543733650902 capped=68.985335608684849 radius=3104.2454053620145 median=1.7516398163816274 global_scale=1
ATTR_RADIUS o=185 raw_norm=4208.5543733650893 norm=68.985335608684849 radius=3104.2454053620145 next_radius=3104.2454053620145 lambda=2.5151477568003003e-05 next_lambda=2.5151477568003003e-05 rho=0.99855169034281466 accept=1
CLASSICAL_LM o=185 lambda=2.5151477568003003e-05 tau=2.5151477568003003e-05 prediction=5.4546892501407527 rho=0.99855169034281466 accept=1
  MFCG it 186 cost=2.577731e+05 lam=2.515e-05 tau=0.00e+00 cg_it=2 shift=0 ckpt=3 alpha=0 acc mv=607
PCG_PREP o=186 rebuild=1 drift=0 previous_depth=3
E2_CAP o=186 retry=0 touched=2 ncam=52 raw=4288.5053105119059 capped=30.077938841286791 radius=3104.2454053620145 median=0.63745580868408025 global_scale=1
ATTR_RADIUS o=186 raw_norm=4288.5053105119041 norm=30.077938841286798 radius=3104.2454053620145 next_radius=3104.2454053620145 lambda=2.5151477568003003e-05 next_lambda=2.5151477568003003e-05 rho=0.99981943018360653 accept=1
CLASSICAL_LM o=186 lambda=2.5151477568003003e-05 tau=2.5151477568003003e-05 prediction=4.4514820853709454 rho=0.99981943018360653 accept=1
  MFCG it 187 cost=2.577686e+05 lam=2.515e-05 tau=0.00e+00 cg_it=0 shift=0 ckpt=1 alpha=0 acc mv=609
PCG_PREP o=187 rebuild=1 drift=0 previous_depth=1
E2_CAP o=187 retry=0 touched=1 ncam=52 raw=4198.7227944063843 capped=65.209738064748493 radius=3104.2454053620145 median=1.7187180301146427 global_scale=1
ATTR_RADIUS o=187 raw_norm=4198.7227944063843 norm=65.209738064748507 radius=3104.2454053620145 next_radius=3104.2454053620145 lambda=2.5151477568003003e-05 next_lambda=2.5151477568003003e-05 rho=0.99859877954786491 accept=1
CLASSICAL_LM o=187 lambda=2.5151477568003003e-05 tau=2.5151477568003003e-05 prediction=5.2969587524276998 rho=0.99859877954786491 accept=1
  MFCG it 188 cost=2.577633e+05 lam=2.515e-05 tau=0.00e+00 cg_it=2 shift=0 ckpt=3 alpha=0 acc mv=613
PCG_PREP o=188 rebuild=1 drift=0 previous_depth=3
E2_CAP o=188 retry=0 touched=2 ncam=52 raw=4278.343855887706 capped=29.761937011704692 radius=3104.2454053620145 median=0.63080327731626573 global_scale=1
ATTR_RADIUS o=188 raw_norm=4278.343855887706 norm=29.761937011704692 radius=3104.2454053620145 next_radius=3104.2454053620145 lambda=2.5151477568003003e-05 next_lambda=2.5151477568003003e-05 rho=0.99982015761080301 accept=1
CLASSICAL_LM o=188 lambda=2.5151477568003003e-05 tau=2.5151477568003003e-05 prediction=4.3819470254039459 rho=0.99982015761080301 accept=1
  MFCG it 189 cost=2.577590e+05 lam=2.515e-05 tau=0.00e+00 cg_it=0 shift=0 ckpt=1 alpha=0 acc mv=615
PCG_PREP o=189 rebuild=1 drift=0 previous_depth=1
E2_CAP o=189 retry=0 touched=1 ncam=52 raw=4189.0854032569923 capped=62.033515087739801 radius=3104.2454053620145 median=1.6885074607074686 global_scale=1
ATTR_RADIUS o=189 raw_norm=4189.0854032569905 norm=62.033515087739808 radius=3104.2454053620145 next_radius=3104.2454053620145 lambda=2.5151477568003003e-05 next_lambda=2.5151477568003003e-05 rho=0.99863845487357517 accept=1
CLASSICAL_LM o=189 lambda=2.5151477568003003e-05 tau=2.5151477568003003e-05 prediction=5.1528686239813419 rho=0.99863845487357517 accept=1
  MFCG it 190 cost=2.577538e+05 lam=2.515e-05 tau=0.00e+00 cg_it=2 shift=0 ckpt=3 alpha=0 acc mv=619
PCG_PREP o=190 rebuild=1 drift=0 previous_depth=3
E2_CAP o=190 retry=0 touched=2 ncam=52 raw=4268.2575951835579 capped=29.453179613960376 radius=3104.2454053620145 median=0.62428007555098985 global_scale=1
ATTR_RADIUS o=190 raw_norm=4268.2575951835552 norm=29.453179613960376 radius=3104.2454053620145 next_radius=3104.2454053620145 lambda=2.5151477568003003e-05 next_lambda=2.5151477568003003e-05 rho=0.99982089139349639 accept=1
CLASSICAL_LM o=190 lambda=2.5151477568003003e-05 tau=2.5151477568003003e-05 prediction=4.3148020126195386 rho=0.99982089139349639 accept=1
  MFCG it 191 cost=2.577495e+05 lam=2.515e-05 tau=0.00e+00 cg_it=0 shift=0 ckpt=1 alpha=0 acc mv=621
PCG_PREP o=191 rebuild=1 drift=0 previous_depth=1
E2_CAP o=191 retry=0 touched=1 ncam=52 raw=4179.6225833716917 capped=59.392303091046443 radius=3104.2454053620145 median=1.6616012482266656 global_scale=1
ATTR_RADIUS o=191 raw_norm=4179.6225833716917 norm=59.39230309104645 radius=3104.2454053620145 next_radius=3104.2454053620145 lambda=2.5151477568003003e-05 next_lambda=2.5151477568003003e-05 rho=0.99867337751085739 accept=1
CLASSICAL_LM o=191 lambda=2.5151477568003003e-05 tau=2.5151477568003003e-05 prediction=5.0256680641967035 rho=0.99867337751085739 accept=1
  MFCG it 192 cost=2.577445e+05 lam=2.515e-05 tau=0.00e+00 cg_it=2 shift=0 ckpt=3 alpha=0 acc mv=625
PCG_PREP o=192 rebuild=1 drift=0 previous_depth=3
E2_CAP o=192 retry=0 touched=2 ncam=52 raw=4258.2540265944035 capped=29.151758528003306 radius=3104.2454053620145 median=0.61789642700697756 global_scale=1
ATTR_RADIUS o=192 raw_norm=4258.2540265944035 norm=29.151758528003306 radius=3104.2454053620145 next_radius=3104.2454053620145 lambda=2.5151477568003003e-05 next_lambda=2.5151477568003003e-05 rho=0.9998217791493037 accept=1
CLASSICAL_LM o=192 lambda=2.5151477568003003e-05 tau=2.5151477568003003e-05 prediction=4.2498491879419014 rho=0.9998217791493037 accept=1
  MFCG it 193 cost=2.577402e+05 lam=2.515e-05 tau=0.00e+00 cg_it=0 shift=0 ckpt=1 alpha=0 acc mv=627
PCG_PREP o=193 rebuild=1 drift=0 previous_depth=1
E2_CAP o=193 retry=0 touched=1 ncam=52 raw=4170.3164731658935 capped=57.329298489951228 radius=3104.2454053620145 median=1.6424456119026569 global_scale=1
ATTR_RADIUS o=193 raw_norm=4170.3164731658935 norm=57.329298489951228 radius=3104.2454053620145 next_radius=3104.2454053620145 lambda=2.5151477568003003e-05 next_lambda=2.5151477568003003e-05 rho=0.99870468426129577 accept=1
CLASSICAL_LM o=193 lambda=2.5151477568003003e-05 tau=2.5151477568003003e-05 prediction=4.9337680507823869 rho=0.99870468426129577 accept=1
  MFCG it 194 cost=2.577353e+05 lam=2.515e-05 tau=0.00e+00 cg_it=2 shift=0 ckpt=3 alpha=0 acc mv=631
PCG_PREP o=194 rebuild=1 drift=0 previous_depth=3
E2_CAP o=194 retry=0 touched=2 ncam=52 raw=4248.3054470356783 capped=28.856506384941074 radius=3104.2454053620145 median=0.6116337206383744 global_scale=1
ATTR_RADIUS o=194 raw_norm=4248.3054470356774 norm=28.856506384941067 radius=3104.2454053620145 next_radius=3104.2454053620145 lambda=2.5151477568003003e-05 next_lambda=2.5151477568003003e-05 rho=0.99982302529931777 accept=1
CLASSICAL_LM o=194 lambda=2.5151477568003003e-05 tau=2.5151477568003003e-05 prediction=4.1866590868172837 rho=0.99982302529931777 accept=1
  MFCG it 195 cost=2.577311e+05 lam=2.515e-05 tau=0.00e+00 cg_it=0 shift=0 ckpt=1 alpha=0 acc mv=633
PCG_PREP o=195 rebuild=1 drift=0 previous_depth=1
E2_CAP o=195 retry=0 touched=1 ncam=52 raw=4161.1337748996275 capped=55.659568008757262 radius=3104.2454053620145 median=1.6260960639848756 global_scale=1
ATTR_RADIUS o=195 raw_norm=4161.1337748996275 norm=55.659568008757262 radius=3104.2454053620145 next_radius=3104.2454053620145 lambda=2.5151477568003003e-05 next_lambda=2.5151477568003003e-05 rho=0.99873327152767588 accept=1
CLASSICAL_LM o=195 lambda=2.5151477568003003e-05 tau=2.5151477568003003e-05 prediction=4.8556230202533124 rho=0.99873327152767588 accept=1
  MFCG it 196 cost=2.577263e+05 lam=2.515e-05 tau=0.00e+00 cg_it=2 shift=0 ckpt=3 alpha=0 acc mv=637
PCG_PREP o=196 rebuild=1 drift=0 previous_depth=3
E2_CAP o=196 retry=0 touched=2 ncam=52 raw=4238.4118647112846 capped=28.5672801689166 radius=3104.2454053620145 median=0.60549174578794052 global_scale=1
ATTR_RADIUS o=196 raw_norm=4238.4118647112855 norm=28.5672801689166 radius=3104.2454053620145 next_radius=3104.2454053620145 lambda=2.5151477568003003e-05 next_lambda=2.5151477568003003e-05 rho=0.99982442074917632 accept=1
CLASSICAL_LM o=196 lambda=2.5151477568003003e-05 tau=2.5151477568003003e-05 prediction=4.1251237873632993 rho=0.99982442074917632 accept=1
  MFCG it 197 cost=2.577221e+05 lam=2.515e-05 tau=0.00e+00 cg_it=0 shift=0 ckpt=1 alpha=0 acc mv=639
PCG_PREP o=197 rebuild=1 drift=0 previous_depth=1
E2_CAP o=197 retry=0 touched=1 ncam=52 raw=4152.0593707920398 capped=54.266570172627581 radius=3104.2454053620145 median=1.6103024886509152 global_scale=1
ATTR_RADIUS o=197 raw_norm=4152.059370792038 norm=54.266570172627567 radius=3104.2454053620145 next_radius=3104.2454053620145 lambda=2.5151477568003003e-05 next_lambda=2.5151477568003003e-05 rho=0.99875989271188992 accept=1
CLASSICAL_LM o=197 lambda=2.5151477568003003e-05 tau=2.5151477568003003e-05 prediction=4.7816537626681184 rho=0.99875989271188992 accept=1
  MFCG it 198 cost=2.577174e+05 lam=2.515e-05 tau=0.00e+00 cg_it=2 shift=0 ckpt=3 alpha=0 acc mv=643
PCG_PREP o=198 rebuild=1 drift=0 previous_depth=3
E2_CAP o=198 retry=0 touched=2 ncam=52 raw=4228.5818859366491 capped=28.284122449018771 radius=3104.2454053620145 median=0.59947380235939973 global_scale=1
ATTR_RADIUS o=198 raw_norm=4228.5818859366482 norm=28.284122449018771 radius=3104.2454053620145 next_radius=3104.2454053620145 lambda=2.5151477568003003e-05 next_lambda=2.5151477568003003e-05 rho=0.9998258839401738 accept=1
CLASSICAL_LM o=198 lambda=2.5151477568003003e-05 tau=2.5151477568003003e-05 prediction=4.0651846934877147 rho=0.9998258839401738 accept=1
  MFCG it 199 cost=2.577133e+05 lam=2.515e-05 tau=0.00e+00 cg_it=0 shift=0 ckpt=1 alpha=0 acc mv=645
PCG_PREP o=199 rebuild=1 drift=0 previous_depth=1
E2_CAP o=199 retry=0 touched=1 ncam=52 raw=4143.0907194316087 capped=53.098187362949169 radius=3104.2454053620145 median=1.5950113522643146 global_scale=1
ATTR_RADIUS o=199 raw_norm=4143.0907194316078 norm=53.098187362949147 radius=3104.2454053620145 next_radius=3104.2454053620145 lambda=2.5151477568003003e-05 next_lambda=2.5151477568003003e-05 rho=0.99878486985914339 accept=1
CLASSICAL_LM o=199 lambda=2.5151477568003003e-05 tau=2.5151477568003003e-05 prediction=4.7114815374232188 rho=0.99878486985914339 accept=1
  MFCG it 200 cost=2.577086e+05 lam=2.515e-05 tau=0.00e+00 cg_it=2 shift=0 ckpt=3 alpha=0 acc mv=649
PCG_PREP o=200 rebuild=1 drift=0 previous_depth=3
E2_CAP o=200 retry=0 touched=2 ncam=52 raw=4218.8213118757485 capped=28.006948338228128 radius=3104.2454053620145 median=0.5935799090623215 global_scale=1
ATTR_RADIUS o=200 raw_norm=4218.8213118757485 norm=28.006948338228128 radius=3104.2454053620145 next_radius=3104.2454053620145 lambda=2.5151477568003003e-05 next_lambda=2.5151477568003003e-05 rho=0.99982740390751257 accept=1
CLASSICAL_LM o=200 lambda=2.5151477568003003e-05 tau=2.5151477568003003e-05 prediction=4.0067747367700104 rho=0.99982740390751257 accept=1
  MFCG it 201 cost=2.577046e+05 lam=2.515e-05 tau=0.00e+00 cg_it=0 shift=0 ckpt=1 alpha=0 acc mv=651
PCG_PREP o=201 rebuild=1 drift=0 previous_depth=1
E2_CAP o=201 retry=0 touched=1 ncam=52 raw=4134.2240554406662 capped=52.110166793745918 radius=3104.2454053620145 median=1.5801693571336166 global_scale=1
ATTR_RADIUS o=201 raw_norm=4134.2240554406662 norm=52.110166793745911 radius=3104.2454053620145 next_radius=3104.2454053620145 lambda=2.5151477568003003e-05 next_lambda=2.5151477568003003e-05 rho=0.99880850272613964 accept=1
CLASSICAL_LM o=201 lambda=2.5151477568003003e-05 tau=2.5151477568003003e-05 prediction=4.6446632718931236 rho=0.99880850272613964 accept=1
  MFCG it 202 cost=2.576999e+05 lam=2.515e-05 tau=0.00e+00 cg_it=2 shift=0 ckpt=3 alpha=0 acc mv=655
PCG_PREP o=202 rebuild=1 drift=0 previous_depth=3
E2_CAP o=202 retry=0 touched=2 ncam=52 raw=4209.132991372252 capped=27.735515098931746 radius=3104.2454053620145 median=0.58780562916114643 global_scale=1
ATTR_RADIUS o=202 raw_norm=4209.1329913722502 norm=27.735515098931746 radius=3104.2454053620145 next_radius=3104.2454053620145 lambda=2.5151477568003003e-05 next_lambda=2.5151477568003003e-05 rho=0.99982897031754681 accept=1
CLASSICAL_LM o=202 lambda=2.5151477568003003e-05 tau=2.5151477568003003e-05 prediction=3.9498164227119856 rho=0.99982897031754681 accept=1
  MFCG it 203 cost=2.576960e+05 lam=2.515e-05 tau=0.00e+00 cg_it=0 shift=0 ckpt=1 alpha=0 acc mv=657
PCG_PREP o=203 rebuild=1 drift=0 previous_depth=1
E2_CAP o=203 retry=0 touched=1 ncam=52 raw=4125.456276019986 capped=51.266530171218349 radius=3104.2454053620145 median=1.5657295505984674 global_scale=1
ATTR_RADIUS o=203 raw_norm=4125.4562760199869 norm=51.266530171218342 radius=3104.2454053620145 next_radius=3104.2454053620145 lambda=2.5151477568003003e-05 next_lambda=2.5151477568003003e-05 rho=0.99883093938085632 accept=1
CLASSICAL_LM o=203 lambda=2.5151477568003003e-05 tau=2.5151477568003003e-05 prediction=4.5808247773696369 rho=0.99883093938085632 accept=1
  MFCG it 204 cost=2.576914e+05 lam=2.515e-05 tau=0.00e+00 cg_it=2 shift=0 ckpt=3 alpha=0 acc mv=661
PCG_PREP o=204 rebuild=1 drift=0 previous_depth=3
E2_CAP o=204 retry=0 touched=2 ncam=52 raw=4199.5208039202653 capped=27.46957400794858 radius=3104.2454053620145 median=0.58214616885096426 global_scale=1
ATTR_RADIUS o=204 raw_norm=4199.5208039202644 norm=27.469574007948587 radius=3104.2454053620145 next_radius=3104.2454053620145 lambda=2.5151477568003003e-05 next_lambda=2.5151477568003003e-05 rho=0.99983057330058855 accept=1
CLASSICAL_LM o=204 lambda=2.5151477568003003e-05 tau=2.5151477568003003e-05 prediction=3.8942362696177426 rho=0.99983057330058855 accept=1
  MFCG it 205 cost=2.576875e+05 lam=2.515e-05 tau=0.00e+00 cg_it=0 shift=0 ckpt=1 alpha=0 acc mv=663
PCG_PREP o=205 rebuild=1 drift=0 previous_depth=1
E2_CAP o=205 retry=0 touched=1 ncam=52 raw=4116.7844966743951 capped=50.537351497413894 radius=3104.2454053620145 median=1.5516547544438102 global_scale=1
ATTR_RADIUS o=205 raw_norm=4116.7844966743951 norm=50.53735149741388 radius=3104.2454053620145 next_radius=3104.2454053620145 lambda=2.5151477568003003e-05 next_lambda=2.5151477568003003e-05 rho=0.99885231794148133 accept=1
CLASSICAL_LM o=205 lambda=2.5151477568003003e-05 tau=2.5151477568003003e-05 prediction=4.5196587701706692 rho=0.99885231794148133 accept=1
  MFCG it 206 cost=2.576830e+05 lam=2.515e-05 tau=0.00e+00 cg_it=2 shift=0 ckpt=3 alpha=0 acc mv=667
PCG_PREP o=206 rebuild=1 drift=0 previous_depth=3
E2_CAP o=206 retry=0 touched=2 ncam=52 raw=4189.9861272312301 capped=27.208837636379055 radius=3104.2454053620145 median=0.57659556364476361 global_scale=1
ATTR_RADIUS o=206 raw_norm=4189.9861272312291 norm=27.208837636379059 radius=3104.2454053620145 next_radius=3104.2454053620145 lambda=2.5151477568003003e-05 next_lambda=2.5151477568003003e-05 rho=0.99983220230024783 accept=1
CLASSICAL_LM o=206 lambda=2.5151477568003003e-05 tau=2.5151477568003003e-05 prediction=3.8399629152504327 rho=0.99983220230024783 accept=1
  MFCG it 207 cost=2.576792e+05 lam=2.515e-05 tau=0.00e+00 cg_it=0 shift=0 ckpt=1 alpha=0 acc mv=669
PCG_PREP o=207 rebuild=1 drift=0 previous_depth=1
E2_CAP o=207 retry=0 touched=1 ncam=52 raw=4108.207897665442 capped=49.898855053654742 radius=3104.2454053620145 median=1.537906603661755 global_scale=1
ATTR_RADIUS o=207 raw_norm=4108.2078976654411 norm=49.898855053654728 radius=3104.2454053620145 next_radius=3104.2454053620145 lambda=2.5151477568003003e-05 next_lambda=2.5151477568003003e-05 rho=0.99887267997167251 accept=1
CLASSICAL_LM o=207 lambda=2.5151477568003003e-05 tau=2.5151477568003003e-05 prediction=4.4608054757212283 rho=0.99887267997167251 accept=1
  MFCG it 208 cost=2.576747e+05 lam=2.515e-05 tau=0.00e+00 cg_it=2 shift=0 ckpt=3 alpha=0 acc mv=673
PCG_PREP o=208 rebuild=1 drift=0 previous_depth=3
E2_CAP o=208 retry=0 touched=2 ncam=52 raw=4180.5319322756814 capped=26.953248685051506 radius=3104.2454053620145 median=0.57115327054807907 global_scale=1
ATTR_RADIUS o=208 raw_norm=4180.5319322756786 norm=26.953248685051509 radius=3104.2454053620145 next_radius=3104.2454053620145 lambda=2.5151477568003003e-05 next_lambda=2.5151477568003003e-05 rho=0.99983384148297427 accept=1
CLASSICAL_LM o=208 lambda=2.5151477568003003e-05 tau=2.5151477568003003e-05 prediction=3.7869638753965686 rho=0.99983384148297427 accept=1
  MFCG it 209 cost=2.576709e+05 lam=2.515e-05 tau=0.00e+00 cg_it=0 shift=0 ckpt=1 alpha=0 acc mv=675
PCG_PREP o=209 rebuild=1 drift=0 previous_depth=1
E2_CAP o=209 retry=0 touched=1 ncam=52 raw=4099.7254889852447 capped=49.331694658651678 radius=3104.2454053620145 median=1.5244581555989485 global_scale=1
ATTR_RADIUS o=209 raw_norm=4099.7254889852475 norm=49.331694658651685 radius=3104.2454053620145 next_radius=3104.2454053620145 lambda=2.5151477568003003e-05 next_lambda=2.5151477568003003e-05 rho=0.99889212500597135 accept=1
CLASSICAL_LM o=209 lambda=2.5151477568003003e-05 tau=2.5151477568003003e-05 prediction=4.404061808126249 rho=0.99889212500597135 accept=1
  MFCG it 210 cost=2.576665e+05 lam=2.515e-05 tau=0.00e+00 cg_it=2 shift=0 ckpt=3 alpha=0 acc mv=679
PCG_PREP o=210 rebuild=1 drift=0 previous_depth=3
E2_CAP o=210 retry=0 touched=2 ncam=52 raw=4171.1595842891566 capped=26.702555425608562 radius=3104.2454053620145 median=0.56581399497153284 global_scale=1
ATTR_RADIUS o=210 raw_norm=4171.1595842891547 norm=26.702555425608569 radius=3104.2454053620145 next_radius=3104.2454053620145 lambda=2.5151477568003003e-05 next_lambda=2.5151477568003003e-05 rho=0.99983548523670374 accept=1
CLASSICAL_LM o=210 lambda=2.5151477568003003e-05 tau=2.5151477568003003e-05 prediction=3.7351792258759353 rho=0.99983548523670374 accept=1
  MFCG it 211 cost=2.576628e+05 lam=2.515e-05 tau=0.00e+00 cg_it=0 shift=0 ckpt=1 alpha=0 acc mv=681
PCG_PREP o=211 rebuild=1 drift=0 previous_depth=1
E2_CAP o=211 retry=0 touched=1 ncam=52 raw=4091.3335405144003 capped=48.820523435255232 radius=3104.2454053620145 median=1.5112883277319991 global_scale=1
ATTR_RADIUS o=211 raw_norm=4091.3335405143994 norm=48.820523435255247 radius=3104.2454053620145 next_radius=3104.2454053620145 lambda=2.5151477568003003e-05 next_lambda=2.5151477568003003e-05 rho=0.99891071489458783 accept=1
CLASSICAL_LM o=211 lambda=2.5151477568003003e-05 tau=2.5151477568003003e-05 prediction=4.3492215869994419 rho=0.99891071489458783 accept=1
  MFCG it 212 cost=2.576585e+05 lam=2.515e-05 tau=0.00e+00 cg_it=2 shift=0 ckpt=3 alpha=0 acc mv=685
PCG_PREP o=212 rebuild=1 drift=0 previous_depth=3
E2_CAP o=212 retry=0 touched=2 ncam=52 raw=4161.8687824475555 capped=26.456587164279441 radius=3104.2454053620145 median=0.5605741293939277 global_scale=1
ATTR_RADIUS o=212 raw_norm=4161.8687824475537 norm=26.456587164279441 radius=3104.2454053620145 next_radius=3104.2454053620145 lambda=2.5151477568003003e-05 next_lambda=2.5151477568003003e-05 rho=0.99983712568112348 accept=1
CLASSICAL_LM o=212 lambda=2.5151477568003003e-05 tau=2.5151477568003003e-05 prediction=3.6845660684058221 rho=0.99983712568112348 accept=1
  MFCG it 213 cost=2.576548e+05 lam=2.515e-05 tau=0.00e+00 cg_it=0 shift=0 ckpt=1 alpha=0 acc mv=687
PCG_PREP o=213 rebuild=1 drift=0 previous_depth=1
E2_CAP o=213 retry=0 touched=1 ncam=52 raw=4083.0300358844652 capped=48.353039418683672 radius=3104.2454053620145 median=1.4983681804080216 global_scale=1
ATTR_RADIUS o=213 raw_norm=4083.0300358844643 norm=48.353039418683686 radius=3104.2454053620145 next_radius=3104.2454053620145 lambda=2.5151477568003003e-05 next_lambda=2.5151477568003003e-05 rho=0.99892851734729071 accept=1
CLASSICAL_LM o=213 lambda=2.5151477568003003e-05 tau=2.5151477568003003e-05 prediction=4.2960819211462207 rho=0.99892851734729071 accept=1
  MFCG it 214 cost=2.576505e+05 lam=2.515e-05 tau=0.00e+00 cg_it=2 shift=0 ckpt=3 alpha=0 acc mv=691
PCG_PREP o=214 rebuild=1 drift=0 previous_depth=3
E2_CAP o=214 retry=0 touched=2 ncam=52 raw=4152.6613729732589 capped=26.215246502215646 radius=3104.2454053620145 median=0.5554321814186296 global_scale=1
ATTR_RADIUS o=214 raw_norm=4152.661372973258 norm=26.215246502215646 radius=3104.2454053620145 next_radius=3104.2454053620145 lambda=2.5151477568003003e-05 next_lambda=2.5151477568003003e-05 rho=0.99983875715562254 accept=1
CLASSICAL_LM o=214 lambda=2.5151477568003003e-05 tau=2.5151477568003003e-05 prediction=3.6350896331355518 rho=0.99983875715562254 accept=1
  MFCG it 215 cost=2.576468e+05 lam=2.515e-05 tau=0.00e+00 cg_it=0 shift=0 ckpt=1 alpha=0 acc mv=693
PCG_PREP o=215 rebuild=1 drift=0 previous_depth=1
E2_CAP o=215 retry=0 touched=2 ncam=52 raw=4144.9381297635455 capped=21.443228723723859 radius=3104.2454053620145 median=0.47650726405074106 global_scale=1
ATTR_RADIUS o=215 raw_norm=4144.9381297635455 norm=21.443228723723859 radius=3104.2454053620145 next_radius=3104.2454053620145 lambda=2.5151477568003003e-05 next_lambda=2.5151477568003003e-05 rho=0.99994119247315216 accept=1
CLASSICAL_LM o=215 lambda=2.5151477568003003e-05 tau=2.5151477568003003e-05 prediction=2.4443378256248662 rho=0.99994119247315216 accept=1
  MFCG it 216 cost=2.576444e+05 lam=2.515e-05 tau=0.00e+00 cg_it=0 shift=0 ckpt=1 alpha=0 acc mv=695
PCG_PREP o=216 rebuild=1 drift=0 previous_depth=1
E2_CAP o=216 retry=0 touched=1 ncam=52 raw=4073.1748190911471 capped=54.935814761411756 radius=3104.2454053620145 median=1.6456690215727332 global_scale=1
ATTR_RADIUS o=216 raw_norm=4073.1748190911476 norm=54.935814761411763 radius=3104.2454053620145 next_radius=3104.2454053620145 lambda=2.5151477568003003e-05 next_lambda=2.5151477568003003e-05 rho=0.9987309166278926 accept=1
CLASSICAL_LM o=216 lambda=2.5151477568003003e-05 tau=2.5151477568003003e-05 prediction=4.4276997081959264 rho=0.9987309166278926 accept=1
  MFCG it 217 cost=2.576400e+05 lam=2.515e-05 tau=0.00e+00 cg_it=2 shift=0 ckpt=3 alpha=0 acc mv=699
PCG_PREP o=217 rebuild=1 drift=0 previous_depth=3
E2_CAP o=217 retry=0 touched=2 ncam=52 raw=4140.8276925545997 capped=25.411290659331847 radius=3104.2454053620145 median=0.53727551000895279 global_scale=1
ATTR_RADIUS o=217 raw_norm=4140.8276925545997 norm=25.41129065933184 radius=3104.2454053620145 next_radius=3104.2454053620145 lambda=2.5151477568003003e-05 next_lambda=2.5151477568003003e-05 rho=0.99981371897686 accept=1
CLASSICAL_LM o=217 lambda=2.5151477568003003e-05 tau=2.5151477568003003e-05 prediction=3.493605415461785 rho=0.99981371897686 accept=1
  MFCG it 218 cost=2.576365e+05 lam=2.515e-05 tau=0.00e+00 cg_it=0 shift=0 ckpt=1 alpha=0 acc mv=701
PCG_PREP o=218 rebuild=1 drift=0 previous_depth=1
E2_CAP o=218 retry=0 touched=1 ncam=52 raw=4063.9753983591563 capped=47.395754790105983 radius=3104.2454053620145 median=1.4547217668756636 global_scale=1
ATTR_RADIUS o=218 raw_norm=4063.9753983591554 norm=47.395754790105954 radius=3104.2454053620145 next_radius=3104.2454053620145 lambda=2.5151477568003003e-05 next_lambda=2.5151477568003003e-05 rho=0.99883253870295807 accept=1
CLASSICAL_LM o=218 lambda=2.5151477568003003e-05 tau=2.5151477568003003e-05 prediction=4.0398890028582892 rho=0.99883253870295807 accept=1
  MFCG it 219 cost=2.576325e+05 lam=2.515e-05 tau=0.00e+00 cg_it=2 shift=0 ckpt=3 alpha=0 acc mv=705
PCG_PREP o=219 rebuild=1 drift=0 previous_depth=3
E2_CAP o=219 retry=0 touched=2 ncam=52 raw=4132.3908864155428 capped=25.470359280107857 radius=3104.2454053620145 median=0.53961345299733732 global_scale=1
ATTR_RADIUS o=219 raw_norm=4132.3908864155428 norm=25.470359280107857 radius=3104.2454053620145 next_radius=3104.2454053620145 lambda=2.5151477568003003e-05 next_lambda=2.5151477568003003e-05 rho=0.99982861048065208 accept=1
CLASSICAL_LM o=219 lambda=2.5151477568003003e-05 tau=2.5151477568003003e-05 prediction=3.4831121416576352 rho=0.99982861048065208 accept=1
  MFCG it 220 cost=2.576290e+05 lam=2.515e-05 tau=0.00e+00 cg_it=0 shift=0 ckpt=1 alpha=0 acc mv=707
PCG_PREP o=220 rebuild=1 drift=0 previous_depth=1
E2_CAP o=220 retry=0 touched=1 ncam=52 raw=4055.9564270936758 capped=46.777963715094771 radius=3104.2454053620145 median=1.4440811808665179 global_scale=1
ATTR_RADIUS o=220 raw_norm=4055.9564270936758 norm=46.777963715094749 radius=3104.2454053620145 next_radius=3104.2454053620145 lambda=2.5151477568003003e-05 next_lambda=2.5151477568003003e-05 rho=0.99892783255949991 accept=1
CLASSICAL_LM o=220 lambda=2.5151477568003003e-05 tau=2.5151477568003003e-05 prediction=4.0557038300391621 rho=0.99892783255949991 accept=1
  MFCG it 221 cost=2.576249e+05 lam=2.515e-05 tau=0.00e+00 cg_it=2 shift=0 ckpt=3 alpha=0 acc mv=711
PCG_PREP o=221 rebuild=1 drift=0 previous_depth=3
E2_CAP o=221 retry=0 touched=2 ncam=52 raw=4123.6054282362666 capped=25.344803496743463 radius=3104.2454053620145 median=0.53715788350055615 global_scale=1
ATTR_RADIUS o=221 raw_norm=4123.6054282362666 norm=25.344803496743459 radius=3104.2454053620145 next_radius=3104.2454053620145 lambda=2.5151477568003003e-05 next_lambda=2.5151477568003003e-05 rho=0.99983738526791288 accept=1
CLASSICAL_LM o=221 lambda=2.5151477568003003e-05 tau=2.5151477568003003e-05 prediction=3.4531884999076525 rho=0.99983738526791288 accept=1
  MFCG it 222 cost=2.576215e+05 lam=2.515e-05 tau=0.00e+00 cg_it=0 shift=0 ckpt=1 alpha=0 acc mv=713
PCG_PREP o=222 rebuild=1 drift=0 previous_depth=1
E2_CAP o=222 retry=0 touched=1 ncam=52 raw=4048.1091912442789 capped=46.466568879722239 radius=3104.2454053620145 median=1.4360681704950897 global_scale=1
ATTR_RADIUS o=222 raw_norm=4048.1091912442785 norm=46.466568879722224 radius=3104.2454053620145 next_radius=3104.2454053620145 lambda=2.5151477568003003e-05 next_lambda=2.5151477568003003e-05 rho=0.99896549231989196 accept=1
CLASSICAL_LM o=222 lambda=2.5151477568003003e-05 tau=2.5151477568003003e-05 prediction=4.0378887405634396 rho=0.99896549231989196 accept=1
  MFCG it 223 cost=2.576174e+05 lam=2.515e-05 tau=0.00e+00 cg_it=2 shift=0 ckpt=3 alpha=0 acc mv=717
PCG_PREP o=223 rebuild=1 drift=0 previous_depth=3
E2_CAP o=223 retry=0 touched=2 ncam=52 raw=4114.7948808511346 capped=25.179859138690766 radius=3104.2454053620145 median=0.53374333630184245 global_scale=1
ATTR_RADIUS o=223 raw_norm=4114.7948808511346 norm=25.179859138690766 radius=3104.2454053620145 next_radius=3104.2454053620145 lambda=2.5151477568003003e-05 next_lambda=2.5151477568003003e-05 rho=0.99984117250078497 accept=1
CLASSICAL_LM o=223 lambda=2.5151477568003003e-05 tau=2.5151477568003003e-05 prediction=3.4177798928920824 rho=0.99984117250078497 accept=1
  MFCG it 224 cost=2.576140e+05 lam=2.515e-05 tau=0.00e+00 cg_it=0 shift=0 ckpt=1 alpha=0 acc mv=719
PCG_PREP o=224 rebuild=1 drift=0 previous_depth=1
E2_CAP o=224 retry=0 touched=1 ncam=52 raw=4040.3368221151804 capped=46.069495319926304 radius=3104.2454053620145 median=1.423297110543845 global_scale=1
ATTR_RADIUS o=224 raw_norm=4040.3368221151795 norm=46.069495319926304 radius=3104.2454053620145 next_radius=3104.2454053620145 lambda=2.5151477568003003e-05 next_lambda=2.5151477568003003e-05 rho=0.99898963357980541 accept=1
CLASSICAL_LM o=224 lambda=2.5151477568003003e-05 tau=2.5151477568003003e-05 prediction=3.9920039928292019 rho=0.99898963357980541 accept=1
  MFCG it 225 cost=2.576100e+05 lam=2.515e-05 tau=0.00e+00 cg_it=2 shift=0 ckpt=3 alpha=0 acc mv=723
PCG_PREP o=225 rebuild=1 drift=0 previous_depth=3
E2_CAP o=225 retry=0 touched=2 ncam=52 raw=4106.0519503101123 capped=24.991492151783511 radius=3104.2454053620145 median=0.52973306752871896 global_scale=1
ATTR_RADIUS o=225 raw_norm=4106.0519503101123 norm=24.991492151783518 radius=3104.2454053620145 next_radius=3104.2454053620145 lambda=2.5151477568003003e-05 next_lambda=2.5151477568003003e-05 rho=0.99984363727464209 accept=1
CLASSICAL_LM o=225 lambda=2.5151477568003003e-05 tau=2.5151477568003003e-05 prediction=3.3796864083121503 rho=0.99984363727464209 accept=1
  MFCG it 226 cost=2.576066e+05 lam=2.515e-05 tau=0.00e+00 cg_it=0 shift=0 ckpt=1 alpha=0 acc mv=725
PCG_PREP o=226 rebuild=1 drift=0 previous_depth=1
E2_CAP o=226 retry=0 touched=2 ncam=52 raw=4098.3646745999367 capped=20.266720310876966 radius=3104.2454053620145 median=0.45000800644316918 global_scale=1
ATTR_RADIUS o=226 raw_norm=4098.3646745999376 norm=20.266720310876963 radius=3104.2454053620145 next_radius=3104.2454053620145 lambda=2.5151477568003003e-05 next_lambda=2.5151477568003003e-05 rho=0.99995137546218249 accept=1
CLASSICAL_LM o=226 lambda=2.5151477568003003e-05 tau=2.5151477568003003e-05 prediction=2.2602623370753201 rho=0.99995137546218249 accept=1
  MFCG it 227 cost=2.576044e+05 lam=2.515e-05 tau=0.00e+00 cg_it=0 shift=0 ckpt=1 alpha=0 acc mv=727
PCG_PREP o=227 rebuild=1 drift=0 previous_depth=1
E2_CAP o=227 retry=0 touched=1 ncam=52 raw=4031.1216525845866 capped=52.625224308574467 radius=3104.2454053620145 median=1.5582468462549866 global_scale=1
ATTR_RADIUS o=227 raw_norm=4031.1216525845871 norm=52.62522430857446 radius=3104.2454053620145 next_radius=3104.2454053620145 lambda=2.5151477568003003e-05 next_lambda=2.5151477568003003e-05 rho=0.99879880367576079 accept=1
CLASSICAL_LM o=227 lambda=2.5151477568003003e-05 tau=2.5151477568003003e-05 prediction=4.1020658271828214 rho=0.99879880367576079 accept=1
  MFCG it 228 cost=2.576003e+05 lam=2.515e-05 tau=0.00e+00 cg_it=2 shift=0 ckpt=3 alpha=0 acc mv=731
PCG_PREP o=228 rebuild=1 drift=0 previous_depth=3
E2_CAP o=228 retry=0 touched=2 ncam=52 raw=4094.769460762484 capped=24.141763837389945 radius=3104.2454053620145 median=0.5100142582100472 global_scale=1
ATTR_RADIUS o=228 raw_norm=4094.7694607624835 norm=24.141763837389941 radius=3104.2454053620145 next_radius=3104.2454053620145 lambda=2.5151477568003003e-05 next_lambda=2.5151477568003003e-05 rho=0.99981996720839861 accept=1
CLASSICAL_LM o=228 lambda=2.5151477568003003e-05 tau=2.5151477568003003e-05 prediction=3.2433377560785925 rho=0.99981996720839861 accept=1
  MFCG it 229 cost=2.575970e+05 lam=2.515e-05 tau=0.00e+00 cg_it=0 shift=0 ckpt=1 alpha=0 acc mv=733
PCG_PREP o=229 rebuild=1 drift=0 previous_depth=1
E2_CAP o=229 retry=0 touched=1 ncam=52 raw=4022.5159272893393 capped=45.558963448460638 radius=3104.2454053620145 median=1.3891325139643897 global_scale=1
ATTR_RADIUS o=229 raw_norm=4022.5159272893397 norm=45.558963448460631 radius=3104.2454053620145 next_radius=3104.2454053620145 lambda=2.5151477568003003e-05 next_lambda=2.5151477568003003e-05 rho=0.99890571915007986 accept=1
CLASSICAL_LM o=229 lambda=2.5151477568003003e-05 tau=2.5151477568003003e-05 prediction=3.7903374730888455 rho=0.99890571915007986 accept=1
  MFCG it 230 cost=2.575933e+05 lam=2.515e-05 tau=0.00e+00 cg_it=2 shift=0 ckpt=3 alpha=0 acc mv=737
PCG_PREP o=230 rebuild=1 drift=0 previous_depth=3
E2_CAP o=230 retry=0 touched=2 ncam=52 raw=4086.7519372296433 capped=24.241596254674356 radius=3104.2454053620145 median=0.51326252806368355 global_scale=1
ATTR_RADIUS o=230 raw_norm=4086.7519372296433 norm=24.241596254674359 radius=3104.2454053620145 next_radius=3104.2454053620145 lambda=2.5151477568003003e-05 next_lambda=2.5151477568003003e-05 rho=0.99983583670883414 accept=1
CLASSICAL_LM o=230 lambda=2.5151477568003003e-05 tau=2.5151477568003003e-05 prediction=3.2403415846872283 rho=0.99983583670883414 accept=1
  MFCG it 231 cost=2.575900e+05 lam=2.515e-05 tau=0.00e+00 cg_it=0 shift=0 ckpt=1 alpha=0 acc mv=739
PCG_PREP o=231 rebuild=1 drift=0 previous_depth=1
E2_CAP o=231 retry=0 touched=1 ncam=52 raw=4014.9715448336397 capped=44.961072320186325 radius=3104.2454053620145 median=1.3798746723246815 global_scale=1
ATTR_RADIUS o=231 raw_norm=4014.9715448336392 norm=44.961072320186325 radius=3104.2454053620145 next_radius=3104.2454053620145 lambda=2.5151477568003003e-05 next_lambda=2.5151477568003003e-05 rho=0.9989966250265111 accept=1
CLASSICAL_LM o=231 lambda=2.5151477568003003e-05 tau=2.5151477568003003e-05 prediction=3.8088481617907197 rho=0.9989966250265111 accept=1
  MFCG it 232 cost=2.575862e+05 lam=2.515e-05 tau=0.00e+00 cg_it=2 shift=0 ckpt=3 alpha=0 acc mv=743
PCG_PREP o=232 rebuild=1 drift=0 previous_depth=3
E2_CAP o=232 retry=0 touched=2 ncam=52 raw=4078.4024130883226 capped=24.151347014193 radius=3104.2454053620145 median=0.51157539438269894 global_scale=1
ATTR_RADIUS o=232 raw_norm=4078.4024130883222 norm=24.151347014192996 radius=3104.2454053620145 next_radius=3104.2454053620145 lambda=2.5151477568003003e-05 next_lambda=2.5151477568003003e-05 rho=0.99984457751711575 accept=1
CLASSICAL_LM o=232 lambda=2.5151477568003003e-05 tau=2.5151477568003003e-05 prediction=3.2175593028728602 rho=0.99984457751711575 accept=1
  MFCG it 233 cost=2.575830e+05 lam=2.515e-05 tau=0.00e+00 cg_it=0 shift=0 ckpt=1 alpha=0 acc mv=745
PCG_PREP o=233 rebuild=1 drift=0 previous_depth=1
E2_CAP o=233 retry=0 touched=2 ncam=52 raw=4070.7800500548383 capped=19.498246680207519 radius=3104.2454053620145 median=0.43269193220553309 global_scale=1
ATTR_RADIUS o=233 raw_norm=4070.7800500548383 norm=19.498246680207519 radius=3104.2454053620145 next_radius=3104.2454053620145 lambda=2.5151477568003003e-05 next_lambda=2.5151477568003003e-05 rho=0.9999563222450617 accept=1
CLASSICAL_LM o=233 lambda=2.5151477568003003e-05 tau=2.5151477568003003e-05 prediction=2.1437740883651277 rho=0.9999563222450617 accept=1
  MFCG it 234 cost=2.575809e+05 lam=2.515e-05 tau=0.00e+00 cg_it=0 shift=0 ckpt=1 alpha=0 acc mv=747
PCG_PREP o=234 rebuild=1 drift=0 previous_depth=1
E2_CAP o=234 retry=0 touched=1 ncam=52 raw=4006.129710688976 capped=51.29751674562759 radius=3104.2454053620145 median=1.5068387142108999 global_scale=1
ATTR_RADIUS o=234 raw_norm=4006.129710688976 norm=51.29751674562759 radius=3104.2454053620145 next_radius=3104.2454053620145 lambda=2.5151477568003003e-05 next_lambda=2.5151477568003003e-05 rho=0.99882449462018563 accept=1
CLASSICAL_LM o=234 lambda=2.5151477568003003e-05 tau=2.5151477568003003e-05 prediction=3.9143611475605637 rho=0.99882449462018563 accept=1
  MFCG it 235 cost=2.575769e+05 lam=2.515e-05 tau=0.00e+00 cg_it=2 shift=0 ckpt=3 alpha=0 acc mv=751
PCG_PREP o=235 rebuild=1 drift=0 previous_depth=3
E2_CAP o=235 retry=0 touched=2 ncam=52 raw=4067.5123373412212 capped=23.376193540094 radius=3104.2454053620145 median=0.4935238453377504 global_scale=1
ATTR_RADIUS o=235 raw_norm=4067.5123373412212 norm=23.376193540094 radius=3104.2454053620145 next_radius=3104.2454053620145 lambda=2.5151477568003003e-05 next_lambda=2.5151477568003003e-05 rho=0.99982263666054361 accept=1
CLASSICAL_LM o=235 lambda=2.5151477568003003e-05 tau=2.5151477568003003e-05 prediction=3.0961673575769271 rho=0.99982263666054361 accept=1
  MFCG it 236 cost=2.575739e+05 lam=2.515e-05 tau=0.00e+00 cg_it=0 shift=0 ckpt=1 alpha=0 acc mv=753
PCG_PREP o=236 rebuild=1 drift=0 previous_depth=1
E2_CAP o=236 retry=0 touched=1 ncam=52 raw=3997.8848465791425 capped=44.486678366896641 radius=3104.2454053620145 median=1.3488976581881174 global_scale=1
ATTR_RADIUS o=236 raw_norm=3997.884846579143 norm=44.486678366896633 radius=3104.2454053620145 next_radius=3104.2454053620145 lambda=2.5151477568003003e-05 next_lambda=2.5151477568003003e-05 rho=0.99893832677077288 accept=1
CLASSICAL_LM o=236 lambda=2.5151477568003003e-05 tau=2.5151477568003003e-05 prediction=3.6405255707380051 rho=0.99893832677077288 accept=1
  MFCG it 237 cost=2.575702e+05 lam=2.515e-05 tau=0.00e+00 cg_it=2 shift=0 ckpt=3 alpha=0 acc mv=757
PCG_PREP o=237 rebuild=1 drift=0 previous_depth=3
E2_CAP o=237 retry=0 touched=2 ncam=52 raw=4059.7662229240332 capped=23.510357740032234 radius=3104.2454053620145 median=0.49755534584635075 global_scale=1
ATTR_RADIUS o=237 raw_norm=4059.7662229240327 norm=23.510357740032227 radius=3104.2454053620145 next_radius=3104.2454053620145 lambda=2.5151477568003003e-05 next_lambda=2.5151477568003003e-05 rho=0.99983926648547583 accept=1
CLASSICAL_LM o=237 lambda=2.5151477568003003e-05 tau=2.5151477568003003e-05 prediction=3.0989249951867812 rho=0.99983926648547583 accept=1
  MFCG it 238 cost=2.575671e+05 lam=2.515e-05 tau=0.00e+00 cg_it=0 shift=0 ckpt=1 alpha=0 acc mv=759
PCG_PREP o=238 rebuild=1 drift=0 previous_depth=1
E2_CAP o=238 retry=0 touched=1 ncam=52 raw=3990.6330543098056 capped=43.651766975819001 radius=3104.2454053620145 median=1.3320895570666971 global_scale=1
ATTR_RADIUS o=238 raw_norm=3990.6330543098065 norm=43.651766975818994 radius=3104.2454053620145 next_radius=3104.2454053620145 lambda=2.5151477568003003e-05 next_lambda=2.5151477568003003e-05 rho=0.99902921182977977 accept=1
CLASSICAL_LM o=238 lambda=2.5151477568003003e-05 tau=2.5151477568003003e-05 prediction=3.6286703407769902 rho=0.99902921182977977 accept=1
  MFCG it 239 cost=2.575635e+05 lam=2.515e-05 tau=0.00e+00 cg_it=2 shift=0 ckpt=3 alpha=0 acc mv=763
PCG_PREP o=239 rebuild=1 drift=0 previous_depth=3
E2_CAP o=239 retry=0 touched=2 ncam=52 raw=4051.7353439256212 capped=23.448583993735369 radius=3104.2454053620145 median=0.49649150196103076 global_scale=1
ATTR_RADIUS o=239 raw_norm=4051.7353439256217 norm=23.448583993735358 radius=3104.2454053620145 next_radius=3104.2454053620145 lambda=2.5151477568003003e-05 next_lambda=2.5151477568003003e-05 rho=0.99984776700634537 accept=1
CLASSICAL_LM o=239 lambda=2.5151477568003003e-05 tau=2.5151477568003003e-05 prediction=3.0815375950199662 rho=0.99984776700634537 accept=1
  MFCG it 240 cost=2.575604e+05 lam=2.515e-05 tau=0.00e+00 cg_it=0 shift=0 ckpt=1 alpha=0 acc mv=765
PCG_PREP o=240 rebuild=1 drift=0 previous_depth=1
E2_CAP o=240 retry=0 touched=2 ncam=52 raw=4044.1891836186187 capped=18.87957600598536 radius=3104.2454053620145 median=0.41874634256949894 global_scale=1
ATTR_RADIUS o=240 raw_norm=4044.1891836186192 norm=18.879576005985363 radius=3104.2454053620145 next_radius=3104.2454053620145 lambda=2.5151477568003003e-05 next_lambda=2.5151477568003003e-05 rho=0.99996104844939915 accept=1
CLASSICAL_LM o=240 lambda=2.5151477568003003e-05 tau=2.5151477568003003e-05 prediction=2.0504735996445804 rho=0.99996104844939915 accept=1
  MFCG it 241 cost=2.575584e+05 lam=2.515e-05 tau=0.00e+00 cg_it=0 shift=0 ckpt=1 alpha=0 acc mv=767
PCG_PREP o=241 rebuild=1 drift=0 previous_depth=1
E2_CAP o=241 retry=0 touched=1 ncam=52 raw=3982.1624372373503 capped=49.990666252401155 radius=3104.2454053620145 median=1.4591583567060176 global_scale=1
ATTR_RADIUS o=241 raw_norm=3982.1624372373499 norm=49.990666252401148 radius=3104.2454053620145 next_radius=3104.2454053620145 lambda=2.5151477568003003e-05 next_lambda=2.5151477568003003e-05 rho=0.99886237921753152 accept=1
CLASSICAL_LM o=241 lambda=2.5151477568003003e-05 tau=2.5151477568003003e-05 prediction=3.7476937686411658 rho=0.99886237921753152 accept=1
  MFCG it 242 cost=2.575546e+05 lam=2.515e-05 tau=0.00e+00 cg_it=2 shift=0 ckpt=3 alpha=0 acc mv=771
PCG_PREP o=242 rebuild=1 drift=0 previous_depth=3
E2_CAP o=242 retry=0 touched=2 ncam=52 raw=4041.1850663451196 capped=22.710718200220821 radius=3104.2454053620145 median=0.47924528911128972 global_scale=1
ATTR_RADIUS o=242 raw_norm=4041.1850663451205 norm=22.710718200220818 radius=3104.2454053620145 next_radius=3104.2454053620145 lambda=2.5151477568003003e-05 next_lambda=2.5151477568003003e-05 rho=0.99982636435246641 accept=1
CLASSICAL_LM o=242 lambda=2.5151477568003003e-05 tau=2.5151477568003003e-05 prediction=2.9686520176425928 rho=0.99982636435246641 accept=1
  MFCG it 243 cost=2.575516e+05 lam=2.515e-05 tau=0.00e+00 cg_it=0 shift=0 ckpt=1 alpha=0 acc mv=773
PCG_PREP o=243 rebuild=1 drift=0 previous_depth=1
E2_CAP o=243 retry=0 touched=1 ncam=52 raw=3974.2374682533377 capped=43.478445165204654 radius=3104.2454053620145 median=1.3126662821889035 global_scale=1
ATTR_RADIUS o=243 raw_norm=3974.2374682533368 norm=43.478445165204654 radius=3104.2454053620145 next_radius=3104.2454053620145 lambda=2.5151477568003003e-05 next_lambda=2.5151477568003003e-05 rho=0.99897403796915929 accept=1
CLASSICAL_LM o=243 lambda=2.5151477568003003e-05 tau=2.5151477568003003e-05 prediction=3.5096035518423516 rho=0.99897403796915929 accept=1
  MFCG it 244 cost=2.575481e+05 lam=2.515e-05 tau=0.00e+00 cg_it=2 shift=0 ckpt=3 alpha=0 acc mv=777
PCG_PREP o=244 rebuild=1 drift=0 previous_depth=3
E2_CAP o=244 retry=0 touched=2 ncam=52 raw=4033.6827767647151 capped=22.862441631493823 radius=3104.2454053620145 median=0.48366313282953638 global_scale=1
ATTR_RADIUS o=244 raw_norm=4033.6827767647151 norm=22.862441631493823 radius=3104.2454053620145 next_radius=3104.2454053620145 lambda=2.5151477568003003e-05 next_lambda=2.5151477568003003e-05 rho=0.99984321570692192 accept=1
CLASSICAL_LM o=244 lambda=2.5151477568003003e-05 tau=2.5151477568003003e-05 prediction=2.9745704970970932 rho=0.99984321570692192 accept=1
  MFCG it 245 cost=2.575452e+05 lam=2.515e-05 tau=0.00e+00 cg_it=0 shift=0 ckpt=1 alpha=0 acc mv=779
PCG_PREP o=245 rebuild=1 drift=0 previous_depth=1
E2_CAP o=245 retry=0 touched=2 ncam=52 raw=4026.1996596686163 capped=18.309978181432996 radius=3104.2454053620145 median=0.40584205300089704 global_scale=1
ATTR_RADIUS o=245 raw_norm=4026.1996596686167 norm=18.309978181432996 radius=3104.2454053620145 next_radius=3104.2454053620145 lambda=2.5151477568003003e-05 next_lambda=2.5151477568003003e-05 rho=0.99996397953266136 accept=1
CLASSICAL_LM o=245 lambda=2.5151477568003003e-05 tau=2.5151477568003003e-05 prediction=1.9687880036659882 rho=0.99996397953266136 accept=1
  MFCG it 246 cost=2.575432e+05 lam=2.515e-05 tau=0.00e+00 cg_it=0 shift=0 ckpt=1 alpha=0 acc mv=781
PCG_PREP o=246 rebuild=1 drift=0 previous_depth=1
E2_CAP o=246 retry=0 touched=1 ncam=52 raw=3965.9039333928522 capped=49.261110289297598 radius=3104.2454053620145 median=1.4291462784203661 global_scale=1
ATTR_RADIUS o=246 raw_norm=3965.9039333928508 norm=49.261110289297619 radius=3104.2454053620145 next_radius=3104.2454053620145 lambda=2.5151477568003003e-05 next_lambda=2.5151477568003003e-05 rho=0.99886343945221179 accept=1
CLASSICAL_LM o=246 lambda=2.5151477568003003e-05 tau=2.5151477568003003e-05 prediction=3.635705636954174 rho=0.99886343945221179 accept=1
  MFCG it 247 cost=2.575396e+05 lam=2.515e-05 tau=0.00e+00 cg_it=2 shift=0 ckpt=3 alpha=0 acc mv=785
PCG_PREP o=247 rebuild=1 drift=0 previous_depth=3
E2_CAP o=247 retry=0 touched=2 ncam=52 raw=4023.4552886426031 capped=22.204443791519438 radius=3104.2454053620145 median=0.46825648148341426 global_scale=1
ATTR_RADIUS o=247 raw_norm=4023.4552886426036 norm=22.204443791519427 radius=3104.2454053620145 next_radius=3104.2454053620145 lambda=2.5151477568003003e-05 next_lambda=2.5151477568003003e-05 rho=0.99982685688187156 accept=1
CLASSICAL_LM o=247 lambda=2.5151477568003003e-05 tau=2.5151477568003003e-05 prediction=2.8752834895337536 rho=0.99982685688187156 accept=1
  MFCG it 248 cost=2.575367e+05 lam=2.515e-05 tau=0.00e+00 cg_it=0 shift=0 ckpt=1 alpha=0 acc mv=787
PCG_PREP o=248 rebuild=1 drift=0 previous_depth=1
E2_CAP o=248 retry=0 touched=1 ncam=52 raw=3958.18829351574 capped=42.770478111583692 radius=3104.2454053620145 median=1.285562109167933 global_scale=1
ATTR_RADIUS o=248 raw_norm=3958.1882935157405 norm=42.770478111583706 radius=3104.2454053620145 next_radius=3104.2454053620145 lambda=2.5151477568003003e-05 next_lambda=2.5151477568003003e-05 rho=0.99898703318560322 accept=1
CLASSICAL_LM o=248 lambda=2.5151477568003003e-05 tau=2.5151477568003003e-05 prediction=3.4097556517570378 rho=0.99898703318560322 accept=1
  MFCG it 249 cost=2.575333e+05 lam=2.515e-05 tau=0.00e+00 cg_it=2 shift=0 ckpt=3 alpha=0 acc mv=791
PCG_PREP o=249 rebuild=1 drift=0 previous_depth=3
E2_CAP o=249 retry=0 touched=2 ncam=52 raw=4016.1589221916397 capped=22.389289112076739 radius=3104.2454053620145 median=0.47345804294720684 global_scale=1
ATTR_RADIUS o=249 raw_norm=4016.1589221916392 norm=22.389289112076732 radius=3104.2454053620145 next_radius=3104.2454053620145 lambda=2.5151477568003003e-05 next_lambda=2.5151477568003003e-05 rho=0.99984471608250169 accept=1
CLASSICAL_LM o=249 lambda=2.5151477568003003e-05 tau=2.5151477568003003e-05 prediction=2.8860994904675219 rho=0.99984471608250169 accept=1
  MFCG it 250 cost=2.575304e+05 lam=2.515e-05 tau=0.00e+00 cg_it=0 shift=0 ckpt=1 alpha=0 acc mv=793
PCG_PREP o=250 rebuild=1 drift=0 previous_depth=1
E2_CAP o=250 retry=0 touched=2 ncam=52 raw=4008.7401855127705 capped=17.888773298934325 radius=3104.2454053620145 median=0.39636962939919806 global_scale=1
ATTR_RADIUS o=250 raw_norm=4008.74018551277 norm=17.888773298934328 radius=3104.2454053620145 next_radius=3104.2454053620145 lambda=2.5151477568003003e-05 next_lambda=2.5151477568003003e-05 rho=0.99996658997006271 accept=1
CLASSICAL_LM o=250 lambda=2.5151477568003003e-05 tau=2.5151477568003003e-05 prediction=1.9067624844857261 rho=0.99996658997006271 accept=1
  MFCG it 251 cost=2.575285e+05 lam=2.515e-05 tau=0.00e+00 cg_it=0 shift=0 ckpt=1 alpha=0 acc mv=795
PCG_PREP o=251 rebuild=1 drift=0 previous_depth=1
E2_CAP o=251 retry=0 touched=1 ncam=52 raw=3950.0848527458834 capped=48.314915565634408 radius=3104.2454053620145 median=1.3947063307636314 global_scale=1
ATTR_RADIUS o=251 raw_norm=3950.0848527458843 norm=48.314915565634415 radius=3104.2454053620145 next_radius=3104.2454053620145 lambda=2.5151477568003003e-05 next_lambda=2.5151477568003003e-05 rho=0.99888262637937186 accept=1
CLASSICAL_LM o=251 lambda=2.5151477568003003e-05 tau=2.5151477568003003e-05 prediction=3.5167396954769901 rho=0.99888262637937186 accept=1
  MFCG it 252 cost=2.575250e+05 lam=2.515e-05 tau=0.00e+00 cg_it=2 shift=0 ckpt=3 alpha=0 acc mv=799
PCG_PREP o=252 rebuild=1 drift=0 previous_depth=3
E2_CAP o=252 retry=0 touched=2 ncam=52 raw=4006.1884228098606 capped=21.766432894324552 radius=3104.2454053620145 median=0.45882989581208111 global_scale=1
ATTR_RADIUS o=252 raw_norm=4006.1884228098602 norm=21.766432894324549 radius=3104.2454053620145 next_radius=3104.2454053620145 lambda=2.5151477568003003e-05 next_lambda=2.5151477568003003e-05 rho=0.99982863671806232 accept=1
CLASSICAL_LM o=252 lambda=2.5151477568003003e-05 tau=2.5151477568003003e-05 prediction=2.793667339993601 rho=0.99982863671806232 accept=1
  MFCG it 253 cost=2.575222e+05 lam=2.515e-05 tau=0.00e+00 cg_it=0 shift=0 ckpt=1 alpha=0 acc mv=801
PCG_PREP o=253 rebuild=1 drift=0 previous_depth=1
E2_CAP o=253 retry=0 touched=1 ncam=52 raw=3942.5952101086204 capped=42.072194075743461 radius=3104.2454053620145 median=1.2604943523435779 global_scale=1
ATTR_RADIUS o=253 raw_norm=3942.5952101086195 norm=42.072194075743468 radius=3104.2454053620145 next_radius=3104.2454053620145 lambda=2.5151477568003003e-05 next_lambda=2.5151477568003003e-05 rho=0.99900616573615264 accept=1
CLASSICAL_LM o=253 lambda=2.5151477568003003e-05 tau=2.5151477568003003e-05 prediction=3.3210334515413664 rho=0.99900616573615264 accept=1
  MFCG it 254 cost=2.575189e+05 lam=2.515e-05 tau=0.00e+00 cg_it=2 shift=0 ckpt=3 alpha=0 acc mv=805
PCG_PREP o=254 rebuild=1 drift=0 previous_depth=3
E2_CAP o=254 retry=0 touched=2 ncam=52 raw=3999.0618928643148 capped=21.965645306247303 radius=3104.2454053620145 median=0.46435227931148226 global_scale=1
ATTR_RADIUS o=254 raw_norm=3999.0618928643148 norm=21.965645306247303 radius=3104.2454053620145 next_radius=3104.2454053620145 lambda=2.5151477568003003e-05 next_lambda=2.5151477568003003e-05 rho=0.99984685022549435 accept=1
CLASSICAL_LM o=254 lambda=2.5151477568003003e-05 tau=2.5151477568003003e-05 prediction=2.8068537407663166 rho=0.99984685022549435 accept=1
  MFCG it 255 cost=2.575161e+05 lam=2.515e-05 tau=0.00e+00 cg_it=0 shift=0 ckpt=1 alpha=0 acc mv=807
PCG_PREP o=255 rebuild=1 drift=0 previous_depth=1
E2_CAP o=255 retry=0 touched=2 ncam=52 raw=3991.7098743149395 capped=17.512609432450596 radius=3104.2454053620145 median=0.38788400293890923 global_scale=1
ATTR_RADIUS o=255 raw_norm=3991.70987431494 norm=17.512609432450596 radius=3104.2454053620145 next_radius=3104.2454053620145 lambda=2.5151477568003003e-05 next_lambda=2.5151477568003003e-05 rho=0.99996922486434314 accept=1
CLASSICAL_LM o=255 lambda=2.5151477568003003e-05 tau=2.5151477568003003e-05 prediction=1.8520254559741129 rho=0.99996922486434314 accept=1
  MFCG it 256 cost=2.575142e+05 lam=2.515e-05 tau=0.00e+00 cg_it=0 shift=0 ckpt=1 alpha=0 acc mv=809
PCG_PREP o=256 rebuild=1 drift=0 previous_depth=1
E2_CAP o=256 retry=0 touched=1 ncam=52 raw=3934.702577050346 capped=47.369949117392281 radius=3104.2454053620145 median=1.3615270108384445 global_scale=1
ATTR_RADIUS o=256 raw_norm=3934.7025770503456 norm=47.369949117392281 radius=3104.2454053620145 next_radius=3104.2454053620145 lambda=2.5151477568003003e-05 next_lambda=2.5151477568003003e-05 rho=0.99890480684097849 accept=1
CLASSICAL_LM o=256 lambda=2.5151477568003003e-05 tau=2.5151477568003003e-05 prediction=3.4038757832382771 rho=0.99890480684097849 accept=1
  MFCG it 257 cost=2.575108e+05 lam=2.515e-05 tau=0.00e+00 cg_it=2 shift=0 ckpt=3 alpha=0 acc mv=813
PCG_PREP o=257 rebuild=1 drift=0 previous_depth=3
E2_CAP o=257 retry=0 touched=2 ncam=52 raw=3989.334472335493 capped=21.365740725388498 radius=3104.2454053620145 median=0.45022103386840762 global_scale=1
ATTR_RADIUS o=257 raw_norm=3989.3344723354926 norm=21.365740725388498 radius=3104.2454053620145 next_radius=3104.2454053620145 lambda=2.5151477568003003e-05 next_lambda=2.5151477568003003e-05 rho=0.99983069095718113 accept=1
CLASSICAL_LM o=257 lambda=2.5151477568003003e-05 tau=2.5151477568003003e-05 prediction=2.7192494853269547 rho=0.99983069095718113 accept=1
  MFCG it 258 cost=2.575081e+05 lam=2.515e-05 tau=0.00e+00 cg_it=0 shift=0 ckpt=1 alpha=0 acc mv=815
PCG_PREP o=258 rebuild=1 drift=0 previous_depth=1
E2_CAP o=258 retry=0 touched=1 ncam=52 raw=3927.4221204536789 capped=41.228001860858939 radius=3104.2454053620145 median=1.2308883591111197 global_scale=1
ATTR_RADIUS o=258 raw_norm=3927.4221204536789 norm=41.228001860858939 radius=3104.2454053620145 next_radius=3104.2454053620145 lambda=2.5151477568003003e-05 next_lambda=2.5151477568003003e-05 rho=0.99902575922464021 accept=1
CLASSICAL_LM o=258 lambda=2.5151477568003003e-05 tau=2.5151477568003003e-05 prediction=3.2161454086340631 rho=0.99902575922464021 accept=1
  MFCG it 259 cost=2.575049e+05 lam=2.515e-05 tau=0.00e+00 cg_it=2 shift=0 ckpt=3 alpha=0 acc mv=819
PCG_PREP o=259 rebuild=1 drift=0 previous_depth=3
E2_CAP o=259 retry=0 touched=2 ncam=52 raw=3982.3998880179001 capped=21.575370229301157 radius=3104.2454053620145 median=0.4559696471625565 global_scale=1
ATTR_RADIUS o=259 raw_norm=3982.3998880179006 norm=21.575370229301146 radius=3104.2454053620145 next_radius=3104.2454053620145 lambda=2.5151477568003003e-05 next_lambda=2.5151477568003003e-05 rho=0.99984886014275343 accept=1
CLASSICAL_LM o=259 lambda=2.5151477568003003e-05 tau=2.5151477568003003e-05 prediction=2.7342443097174347 rho=0.99984886014275343 accept=1
  MFCG it 260 cost=2.575021e+05 lam=2.515e-05 tau=0.00e+00 cg_it=0 shift=0 ckpt=1 alpha=0 acc mv=821
PCG_PREP o=260 rebuild=1 drift=0 previous_depth=1
E2_CAP o=260 retry=0 touched=2 ncam=52 raw=3975.1151013086628 capped=17.160998021100951 radius=3104.2454053620145 median=0.37991595202046224 global_scale=1
ATTR_RADIUS o=260 raw_norm=3975.1151013086633 norm=17.160998021100951 radius=3104.2454053620145 next_radius=3104.2454053620145 lambda=2.5151477568003003e-05 next_lambda=2.5151477568003003e-05 rho=0.99997186982775799 accept=1
CLASSICAL_LM o=260 lambda=2.5151477568003003e-05 tau=2.5151477568003003e-05 prediction=1.8017858027802041 rho=0.99997186982775799 accept=1
  MFCG it 261 cost=2.575003e+05 lam=2.515e-05 tau=0.00e+00 cg_it=0 shift=0 ckpt=1 alpha=0 acc mv=823
PCG_PREP o=261 rebuild=1 drift=0 previous_depth=1
E2_CAP o=261 retry=0 touched=1 ncam=52 raw=3919.7454527504178 capped=46.45776280039621 radius=3104.2454053620145 median=1.330427809656868 global_scale=1
ATTR_RADIUS o=261 raw_norm=3919.7454527504187 norm=46.457762800396196 radius=3104.2454053620145 next_radius=3104.2454053620145 lambda=2.5151477568003003e-05 next_lambda=2.5151477568003003e-05 rho=0.99892758344101484 accept=1
CLASSICAL_LM o=261 lambda=2.5151477568003003e-05 tau=2.5151477568003003e-05 prediction=3.2995262078653083 rho=0.99892758344101484 accept=1
  MFCG it 262 cost=2.574970e+05 lam=2.515e-05 tau=0.00e+00 cg_it=2 shift=0 ckpt=3 alpha=0 acc mv=827
PCG_PREP o=262 rebuild=1 drift=0 previous_depth=3
E2_CAP o=262 retry=0 touched=2 ncam=52 raw=3972.8996370118161 capped=20.992588701636684 radius=3104.2454053620145 median=0.44220758906251789 global_scale=1
ATTR_RADIUS o=262 raw_norm=3972.8996370118148 norm=20.992588701636681 radius=3104.2454053620145 next_radius=3104.2454053620145 lambda=2.5151477568003003e-05 next_lambda=2.5151477568003003e-05 rho=0.99983285848931247 accept=1
CLASSICAL_LM o=262 lambda=2.5151477568003003e-05 tau=2.5151477568003003e-05 prediction=2.6503520179204667 rho=0.99983285848931247 accept=1
  MFCG it 263 cost=2.574944e+05 lam=2.515e-05 tau=0.00e+00 cg_it=0 shift=0 ckpt=1 alpha=0 acc mv=829
PCG_PREP o=263 rebuild=1 drift=0 previous_depth=1
E2_CAP o=263 retry=0 touched=1 ncam=52 raw=3912.6567953761923 capped=40.418945001628614 radius=3104.2454053620145 median=1.2031506518063684 global_scale=1
ATTR_RADIUS o=263 raw_norm=3912.6567953761933 norm=40.418945001628607 radius=3104.2454053620145 next_radius=3104.2454053620145 lambda=2.5151477568003003e-05 next_lambda=2.5151477568003003e-05 rho=0.99904501819799207 accept=1
CLASSICAL_LM o=263 lambda=2.5151477568003003e-05 tau=2.5151477568003003e-05 prediction=3.1188803319816536 rho=0.99904501819799207 accept=1
  MFCG it 264 cost=2.574913e+05 lam=2.515e-05 tau=0.00e+00 cg_it=2 shift=0 ckpt=3 alpha=0 acc mv=833
PCG_PREP o=264 rebuild=1 drift=0 previous_depth=3
E2_CAP o=264 retry=0 touched=2 ncam=52 raw=3966.1476547223697 capped=21.210237867451855 radius=3104.2454053620145 median=0.44812934417594785 global_scale=1
ATTR_RADIUS o=264 raw_norm=3966.1476547223701 norm=21.210237867451852 radius=3104.2454053620145 next_radius=3104.2454053620145 lambda=2.5151477568003003e-05 next_lambda=2.5151477568003003e-05 rho=0.99985089601506882 accept=1
CLASSICAL_LM o=264 lambda=2.5151477568003003e-05 tau=2.5151477568003003e-05 prediction=2.6667415776720853 rho=0.99985089601506882 accept=1
  MFCG it 265 cost=2.574886e+05 lam=2.515e-05 tau=0.00e+00 cg_it=0 shift=0 ckpt=1 alpha=0 acc mv=835
PCG_PREP o=265 rebuild=1 drift=0 previous_depth=1
E2_CAP o=265 retry=0 touched=2 ncam=52 raw=3958.9311262012388 capped=16.828314918043997 radius=3104.2454053620145 median=0.37235176379404472 global_scale=1
ATTR_RADIUS o=265 raw_norm=3958.9311262012397 norm=16.828314918043993 radius=3104.2454053620145 next_radius=3104.2454053620145 lambda=2.5151477568003003e-05 next_lambda=2.5151477568003003e-05 rho=0.99997445690921605 accept=1
CLASSICAL_LM o=265 lambda=2.5151477568003003e-05 tau=2.5151477568003003e-05 prediction=1.7549817635915856 rho=0.99997445690921605 accept=1
  MFCG it 266 cost=2.574869e+05 lam=2.515e-05 tau=0.00e+00 cg_it=0 shift=0 ckpt=1 alpha=0 acc mv=837
PCG_PREP o=266 rebuild=1 drift=0 previous_depth=1
E2_CAP o=266 retry=0 touched=1 ncam=52 raw=3905.1793206852622 capped=45.581405343976428 radius=3104.2454053620145 median=1.3012111093074481 global_scale=1
ATTR_RADIUS o=266 raw_norm=3905.1793206852622 norm=45.581405343976435 radius=3104.2454053620145 next_radius=3104.2454053620145 lambda=2.5151477568003003e-05 next_lambda=2.5151477568003003e-05 rho=0.99894987924011069 accept=1
CLASSICAL_LM o=266 lambda=2.5151477568003003e-05 tau=2.5151477568003003e-05 prediction=3.2025111507284549 rho=0.99894987924011069 accept=1
  MFCG it 267 cost=2.574837e+05 lam=2.515e-05 tau=0.00e+00 cg_it=2 shift=0 ckpt=3 alpha=0 acc mv=841
PCG_PREP o=267 rebuild=1 drift=0 previous_depth=3
E2_CAP o=267 retry=0 touched=2 ncam=52 raw=3956.8648371327104 capped=20.641597611006762 radius=3104.2454053620145 median=0.43467302850576661 global_scale=1
ATTR_RADIUS o=267 raw_norm=3956.8648371327104 norm=20.641597611006766 radius=3104.2454053620145 next_radius=3104.2454053620145 lambda=2.5151477568003003e-05 next_lambda=2.5151477568003003e-05 rho=0.99983502185694206 accept=1
CLASSICAL_LM o=267 lambda=2.5151477568003003e-05 tau=2.5151477568003003e-05 prediction=2.5859370205049457 rho=0.99983502185694206 accept=1
  MFCG it 268 cost=2.574811e+05 lam=2.515e-05 tau=0.00e+00 cg_it=0 shift=0 ckpt=1 alpha=0 acc mv=843
PCG_PREP o=268 rebuild=1 drift=0 previous_depth=1
E2_CAP o=268 retry=0 touched=1 ncam=52 raw=3898.2686110879376 capped=39.64329255531775 radius=3104.2454053620145 median=1.1770332901529832 global_scale=1
ATTR_RADIUS o=268 raw_norm=3898.2686110879376 norm=39.64329255531775 radius=3104.2454053620145 next_radius=3104.2454053620145 lambda=2.5151477568003003e-05 next_lambda=2.5151477568003003e-05 rho=0.99906350846101877 accept=1
CLASSICAL_LM o=268 lambda=2.5151477568003003e-05 tau=2.5151477568003003e-05 prediction=3.028112284890605 rho=0.99906350846101877 accept=1
  MFCG it 269 cost=2.574781e+05 lam=2.515e-05 tau=0.00e+00 cg_it=2 shift=0 ckpt=3 alpha=0 acc mv=847
PCG_PREP o=269 rebuild=1 drift=0 previous_depth=3
E2_CAP o=269 retry=0 touched=2 ncam=52 raw=3950.2865250578839 capped=20.865656127051889 radius=3104.2454053620145 median=0.44073251394655288 global_scale=1
ATTR_RADIUS o=269 raw_norm=3950.2865250578825 norm=20.865656127051885 radius=3104.2454053620145 next_radius=3104.2454053620145 lambda=2.5151477568003003e-05 next_lambda=2.5151477568003003e-05 rho=0.99985289040685543 accept=1
CLASSICAL_LM o=269 lambda=2.5151477568003003e-05 tau=2.5151477568003003e-05 prediction=2.6034399314429164 rho=0.99985289040685543 accept=1
  MFCG it 270 cost=2.574754e+05 lam=2.515e-05 tau=0.00e+00 cg_it=0 shift=0 ckpt=1 alpha=0 acc mv=849
PCG_PREP o=270 rebuild=1 drift=0 previous_depth=1
E2_CAP o=270 retry=0 touched=2 ncam=52 raw=3943.138671883773 capped=16.512066799237921 radius=3104.2454053620145 median=0.36514540430670017 global_scale=1
ATTR_RADIUS o=270 raw_norm=3943.138671883773 norm=16.512066799237925 radius=3104.2454053620145 next_radius=3104.2454053620145 lambda=2.5151477568003003e-05 next_lambda=2.5151477568003003e-05 rho=0.99997693985657787 accept=1
CLASSICAL_LM o=270 lambda=2.5151477568003003e-05 tau=2.5151477568003003e-05 prediction=1.7110441963480847 rho=0.99997693985657787 accept=1
  MFCG it 271 cost=2.574737e+05 lam=2.515e-05 tau=0.00e+00 cg_it=0 shift=0 ckpt=1 alpha=0 acc mv=851
PCG_PREP o=271 rebuild=1 drift=0 previous_depth=1
E2_CAP o=271 retry=0 touched=1 ncam=52 raw=3890.9782598941642 capped=44.738946566514429 radius=3104.2454053620145 median=1.273619809804089 global_scale=1
ATTR_RADIUS o=271 raw_norm=3890.9782598941642 norm=44.738946566514436 radius=3104.2454053620145 next_radius=3104.2454053620145 lambda=2.5151477568003003e-05 next_lambda=2.5151477568003003e-05 rho=0.99897130825808544 accept=1
CLASSICAL_LM o=271 lambda=2.5151477568003003e-05 tau=2.5151477568003003e-05 prediction=3.1117538513480274 rho=0.99897130825808544 accept=1
  MFCG it 272 cost=2.574706e+05 lam=2.515e-05 tau=0.00e+00 cg_it=2 shift=0 ckpt=3 alpha=0 acc mv=855
PCG_PREP o=272 rebuild=1 drift=0 previous_depth=3
E2_CAP o=272 retry=0 touched=2 ncam=52 raw=3941.2107471638069 capped=20.309262813001819 radius=3104.2454053620145 median=0.42754242578978813 global_scale=1
ATTR_RADIUS o=272 raw_norm=3941.2107471638074 norm=20.309262813001823 radius=3104.2454053620145 next_radius=3104.2454053620145 lambda=2.5151477568003003e-05 next_lambda=2.5151477568003003e-05 rho=0.99983712345400755 accept=1
CLASSICAL_LM o=272 lambda=2.5151477568003003e-05 tau=2.5151477568003003e-05 prediction=2.5253030969733565 rho=0.99983712345400755 accept=1
  MFCG it 273 cost=2.574681e+05 lam=2.515e-05 tau=0.00e+00 cg_it=0 shift=0 ckpt=1 alpha=0 acc mv=857
PCG_PREP o=273 rebuild=1 drift=0 previous_depth=1
E2_CAP o=273 retry=0 touched=2 ncam=52 raw=3934.155648728397 capped=15.796689487667619 radius=3104.2454053620145 median=0.34815861636058587 global_scale=1
ATTR_RADIUS o=273 raw_norm=3934.1556487283979 norm=15.796689487667619 radius=3104.2454053620145 next_radius=3104.2454053620145 lambda=2.5151477568003003e-05 next_lambda=2.5151477568003003e-05 rho=0.9999803567399923 accept=1
CLASSICAL_LM o=273 lambda=2.5151477568003003e-05 tau=2.5151477568003003e-05 prediction=1.6256508762125093 rho=0.9999803567399923 accept=1
  MFCG it 274 cost=2.574665e+05 lam=2.515e-05 tau=0.00e+00 cg_it=0 shift=0 ckpt=1 alpha=0 acc mv=859
PCG_PREP o=274 rebuild=1 drift=0 previous_depth=1
E2_CAP o=274 retry=0 touched=1 ncam=52 raw=3883.1153350441782 capped=45.194129122036344 radius=3104.2454053620145 median=1.2774067944449934 global_scale=1
ATTR_RADIUS o=274 raw_norm=3883.1153350441773 norm=45.194129122036344 radius=3104.2454053620145 next_radius=3104.2454053620145 lambda=2.5151477568003003e-05 next_lambda=2.5151477568003003e-05 rho=0.99891186362007633 accept=1
CLASSICAL_LM o=274 lambda=2.5151477568003003e-05 tau=2.5151477568003003e-05 prediction=3.0982036084596745 rho=0.99891186362007633 accept=1
  MFCG it 275 cost=2.574634e+05 lam=2.515e-05 tau=0.00e+00 cg_it=2 shift=0 ckpt=3 alpha=0 acc mv=863
PCG_PREP o=275 rebuild=1 drift=0 previous_depth=3
E2_CAP o=275 retry=0 touched=2 ncam=52 raw=3932.565114005035 capped=19.984139300246234 radius=3104.2454053620145 median=0.42026321170939374 global_scale=1
ATTR_RADIUS o=275 raw_norm=3932.5651140050345 norm=19.984139300246234 radius=3104.2454053620145 next_radius=3104.2454053620145 lambda=2.5151477568003003e-05 next_lambda=2.5151477568003003e-05 rho=0.99983241723159333 accept=1
CLASSICAL_LM o=275 lambda=2.5151477568003003e-05 tau=2.5151477568003003e-05 prediction=2.4722054360700096 rho=0.99983241723159333 accept=1
  MFCG it 276 cost=2.574609e+05 lam=2.515e-05 tau=0.00e+00 cg_it=0 shift=0 ckpt=1 alpha=0 acc mv=865
PCG_PREP o=276 rebuild=1 drift=0 previous_depth=1
E2_CAP o=276 retry=0 touched=1 ncam=52 raw=3876.3532694538258 capped=38.726645532317924 radius=3104.2454053620145 median=1.1417169816736226 global_scale=1
ATTR_RADIUS o=276 raw_norm=3876.3532694538271 norm=38.726645532317931 radius=3104.2454053620145 next_radius=3104.2454053620145 lambda=2.5151477568003003e-05 next_lambda=2.5151477568003003e-05 rho=0.99906799304099914 accept=1
CLASSICAL_LM o=276 lambda=2.5151477568003003e-05 tau=2.5151477568003003e-05 prediction=2.8995197638703218 rho=0.99906799304099914 accept=1
  MFCG it 277 cost=2.574580e+05 lam=2.515e-05 tau=0.00e+00 cg_it=2 shift=0 ckpt=3 alpha=0 acc mv=869
PCG_PREP o=277 rebuild=1 drift=0 previous_depth=3
E2_CAP o=277 retry=0 touched=2 ncam=52 raw=3926.3083736598023 capped=20.277416929050606 radius=3104.2454053620145 median=0.42802928499535592 global_scale=1
ATTR_RADIUS o=277 raw_norm=3926.3083736598028 norm=20.277416929050606 radius=3104.2454053620145 next_radius=3104.2454053620145 lambda=2.5151477568003003e-05 next_lambda=2.5151477568003003e-05 rho=0.99985364364470775 accept=1
CLASSICAL_LM o=277 lambda=2.5151477568003003e-05 tau=2.5151477568003003e-05 prediction=2.4984469149811654 rho=0.99985364364470775 accept=1
  MFCG it 278 cost=2.574555e+05 lam=2.515e-05 tau=0.00e+00 cg_it=0 shift=0 ckpt=1 alpha=0 acc mv=871
PCG_PREP o=278 rebuild=1 drift=0 previous_depth=1
E2_CAP o=278 retry=0 touched=2 ncam=52 raw=3919.2735350672256 capped=15.955899481118829 radius=3104.2454053620145 median=0.35256019812890882 global_scale=1
ATTR_RADIUS o=278 raw_norm=3919.2735350672251 norm=15.955899481118829 radius=3104.2454053620145 next_radius=3104.2454053620145 lambda=2.5151477568003003e-05 next_lambda=2.5151477568003003e-05 rho=0.99998010309316465 accept=1
CLASSICAL_LM o=278 lambda=2.5151477568003003e-05 tau=2.5151477568003003e-05 prediction=1.6342119088826759 rho=0.99998010309316465 accept=1
  MFCG it 279 cost=2.574539e+05 lam=2.515e-05 tau=0.00e+00 cg_it=0 shift=0 ckpt=1 alpha=0 acc mv=873
PCG_PREP o=279 rebuild=1 drift=0 previous_depth=1
E2_CAP o=279 retry=0 touched=1 ncam=52 raw=3869.3400769681793 capped=43.512431165678272 radius=3104.2454053620145 median=1.2308901737297291 global_scale=1
ATTR_RADIUS o=279 raw_norm=3869.3400769681789 norm=43.512431165678272 radius=3104.2454053620145 next_radius=3104.2454053620145 lambda=2.5151477568003003e-05 next_lambda=2.5151477568003003e-05 rho=0.99899028143322177 accept=1
CLASSICAL_LM o=279 lambda=2.5151477568003003e-05 tau=2.5151477568003003e-05 prediction=2.9705418984175376 rho=0.99899028143322177 accept=1
  MFCG it 280 cost=2.574509e+05 lam=2.515e-05 tau=0.00e+00 cg_it=2 shift=0 ckpt=3 alpha=0 acc mv=877
PCG_PREP o=280 rebuild=1 drift=0 previous_depth=3
E2_CAP o=280 retry=0 touched=2 ncam=52 raw=3917.5896826760691 capped=19.75958126799307 radius=3104.2454053620145 median=0.41567648036560567 global_scale=1
ATTR_RADIUS o=280 raw_norm=3917.5896826760686 norm=19.759581267993074 radius=3104.2454053620145 next_radius=3104.2454053620145 lambda=2.5151477568003003e-05 next_lambda=2.5151477568003003e-05 rho=0.99983895597297368 accept=1
CLASSICAL_LM o=280 lambda=2.5151477568003003e-05 tau=2.5151477568003003e-05 prediction=2.4276168226000925 rho=0.99983895597297368 accept=1
  MFCG it 281 cost=2.574485e+05 lam=2.515e-05 tau=0.00e+00 cg_it=0 shift=0 ckpt=1 alpha=0 acc mv=879
PCG_PREP o=281 rebuild=1 drift=0 previous_depth=1
E2_CAP o=281 retry=0 touched=2 ncam=52 raw=3910.6470482377636 capped=15.350631044702045 radius=3104.2454053620145 median=0.3382035458980136 global_scale=1
ATTR_RADIUS o=281 raw_norm=3910.647048237764 norm=15.350631044702043 radius=3104.2454053620145 next_radius=3104.2454053620145 lambda=2.5151477568003003e-05 next_lambda=2.5151477568003003e-05 rho=0.99998292668376731 accept=1
CLASSICAL_LM o=281 lambda=2.5151477568003003e-05 tau=2.5151477568003003e-05 prediction=1.5621725050606119 rho=0.99998292668376731 accept=1
  MFCG it 282 cost=2.574469e+05 lam=2.515e-05 tau=0.00e+00 cg_it=0 shift=0 ckpt=1 alpha=0 acc mv=881
PCG_PREP o=282 rebuild=1 drift=0 previous_depth=1
E2_CAP o=282 retry=0 touched=1 ncam=52 raw=3861.7918943775435 capped=43.919994788854027 radius=3104.2454053620145 median=1.2339926644103889 global_scale=1
ATTR_RADIUS o=282 raw_norm=3861.7918943775439 norm=43.919994788854027 radius=3104.2454053620145 next_radius=3104.2454053620145 lambda=2.5151477568003003e-05 next_lambda=2.5151477568003003e-05 rho=0.99893604662113633 accept=1
CLASSICAL_LM o=282 lambda=2.5151477568003003e-05 tau=2.5151477568003003e-05 prediction=2.9567902813028795 rho=0.99893604662113633 accept=1
  MFCG it 283 cost=2.574440e+05 lam=2.515e-05 tau=0.00e+00 cg_it=2 shift=0 ckpt=3 alpha=0 acc mv=885
PCG_PREP o=283 rebuild=1 drift=0 previous_depth=3
E2_CAP o=283 retry=0 touched=2 ncam=52 raw=3909.2645055463472 capped=19.467660620996913 radius=3104.2454053620145 median=0.40914280310649997 global_scale=1
ATTR_RADIUS o=283 raw_norm=3909.2645055463468 norm=19.467660620996909 radius=3104.2454053620145 next_radius=3104.2454053620145 lambda=2.5151477568003003e-05 next_lambda=2.5151477568003003e-05 rho=0.99983460779105082 accept=1
CLASSICAL_LM o=283 lambda=2.5151477568003003e-05 tau=2.5151477568003003e-05 prediction=2.3803845140714825 rho=0.99983460779105082 accept=1
  MFCG it 284 cost=2.574416e+05 lam=2.515e-05 tau=0.00e+00 cg_it=0 shift=0 ckpt=1 alpha=0 acc mv=887
PCG_PREP o=284 rebuild=1 drift=0 previous_depth=1
E2_CAP o=284 retry=0 touched=1 ncam=52 raw=3855.2990146681113 capped=37.590422720287329 radius=3104.2454053620145 median=1.102646478600509 global_scale=1
ATTR_RADIUS o=284 raw_norm=3855.2990146681113 norm=37.590422720287336 radius=3104.2454053620145 next_radius=3104.2454053620145 lambda=2.5151477568003003e-05 next_lambda=2.5151477568003003e-05 rho=0.99908928837723043 accept=1
CLASSICAL_LM o=284 lambda=2.5151477568003003e-05 tau=2.5151477568003003e-05 prediction=2.7668250789928841 rho=0.99908928837723043 accept=1
  MFCG it 285 cost=2.574388e+05 lam=2.515e-05 tau=0.00e+00 cg_it=2 shift=0 ckpt=3 alpha=0 acc mv=891
PCG_PREP o=285 rebuild=1 drift=0 previous_depth=3
E2_CAP o=285 retry=0 touched=2 ncam=52 raw=3903.2649291833777 capped=19.894306074400983 radius=3104.2454053620145 median=0.42036137643610005 global_scale=1
ATTR_RADIUS o=285 raw_norm=3903.2649291833777 norm=19.894306074400983 radius=3104.2454053620145 next_radius=3104.2454053620145 lambda=2.5151477568003003e-05 next_lambda=2.5151477568003003e-05 rho=0.99985503094548911 accept=1
CLASSICAL_LM o=285 lambda=2.5151477568003003e-05 tau=2.5151477568003003e-05 prediction=2.4206322902335811 rho=0.99985503094548911 accept=1
  MFCG it 286 cost=2.574364e+05 lam=2.515e-05 tau=0.00e+00 cg_it=0 shift=0 ckpt=1 alpha=0 acc mv=893
PCG_PREP o=286 rebuild=1 drift=0 previous_depth=1
E2_CAP o=286 retry=0 touched=2 ncam=52 raw=3896.3166110591228 capped=15.50411588897839 radius=3104.2454053620145 median=0.34232993245040433 global_scale=1
ATTR_RADIUS o=286 raw_norm=3896.3166110591228 norm=15.504115888978395 radius=3104.2454053620145 next_radius=3104.2454053620145 lambda=2.5151477568003003e-05 next_lambda=2.5151477568003003e-05 rho=0.99998350345683662 accept=1
CLASSICAL_LM o=286 lambda=2.5151477568003003e-05 tau=2.5151477568003003e-05 prediction=1.5719001195266602 rho=0.99998350345683662 accept=1
  MFCG it 287 cost=2.574348e+05 lam=2.515e-05 tau=0.00e+00 cg_it=0 shift=0 ckpt=1 alpha=0 acc mv=895
PCG_PREP o=287 rebuild=1 drift=0 previous_depth=1
E2_CAP o=287 retry=0 touched=1 ncam=52 raw=3848.5555480345843 capped=42.419879164809053 radius=3104.2454053620145 median=1.1949660913086551 global_scale=1
ATTR_RADIUS o=287 raw_norm=3848.5555480345847 norm=42.419879164809053 radius=3104.2454053620145 next_radius=3104.2454053620145 lambda=2.5151477568003003e-05 next_lambda=2.5151477568003003e-05 rho=0.99901470670892456 accept=1
CLASSICAL_LM o=287 lambda=2.5151477568003003e-05 tau=2.5151477568003003e-05 prediction=2.8550367094871354 rho=0.99901470670892456 accept=1
  MFCG it 288 cost=2.574320e+05 lam=2.515e-05 tau=0.00e+00 cg_it=2 shift=0 ckpt=3 alpha=0 acc mv=899
PCG_PREP o=288 rebuild=1 drift=0 previous_depth=3
E2_CAP o=288 retry=0 touched=2 ncam=52 raw=3894.8116645688879 capped=19.299837138663651 radius=3104.2454053620145 median=0.40589435602556523 global_scale=1
ATTR_RADIUS o=288 raw_norm=3894.8116645688874 norm=19.299837138663655 radius=3104.2454053620145 next_radius=3104.2454053620145 lambda=2.5151477568003003e-05 next_lambda=2.5151477568003003e-05 rho=0.99984124853584322 accept=1
CLASSICAL_LM o=288 lambda=2.5151477568003003e-05 tau=2.5151477568003003e-05 prediction=2.3442932871970044 rho=0.99984124853584322 accept=1
  MFCG it 289 cost=2.574296e+05 lam=2.515e-05 tau=0.00e+00 cg_it=0 shift=0 ckpt=1 alpha=0 acc mv=901
PCG_PREP o=289 rebuild=1 drift=0 previous_depth=1
E2_CAP o=289 retry=0 touched=2 ncam=52 raw=3887.9761108039979 capped=15.011874386214041 radius=3104.2454053620145 median=0.33075353861384715 global_scale=1
ATTR_RADIUS o=289 raw_norm=3887.9761108039993 norm=15.011874386214041 radius=3104.2454053620145 next_radius=3104.2454053620145 lambda=2.5151477568003003e-05 next_lambda=2.5151477568003003e-05 rho=0.99998504391347731 accept=1
CLASSICAL_LM o=289 lambda=2.5151477568003003e-05 tau=2.5151477568003003e-05 prediction=1.5123867239805708 rho=0.99998504391347731 accept=1
  MFCG it 290 cost=2.574281e+05 lam=2.515e-05 tau=0.00e+00 cg_it=0 shift=0 ckpt=1 alpha=0 acc mv=903
PCG_PREP o=290 rebuild=1 drift=0 previous_depth=1
E2_CAP o=290 retry=0 touched=1 ncam=52 raw=3841.2640688469933 capped=42.707507627275305 radius=3104.2454053620145 median=1.1937680854764356 global_scale=1
ATTR_RADIUS o=290 raw_norm=3841.2640688469919 norm=42.707507627275312 radius=3104.2454053620145 next_radius=3104.2454053620145 lambda=2.5151477568003003e-05 next_lambda=2.5151477568003003e-05 rho=0.99896103825350868 accept=1
CLASSICAL_LM o=290 lambda=2.5151477568003003e-05 tau=2.5151477568003003e-05 prediction=2.8265052315947763 rho=0.99896103825350868 accept=1
  MFCG it 291 cost=2.574253e+05 lam=2.515e-05 tau=0.00e+00 cg_it=2 shift=0 ckpt=3 alpha=0 acc mv=907
PCG_PREP o=291 rebuild=1 drift=0 previous_depth=3
E2_CAP o=291 retry=0 touched=2 ncam=52 raw=3886.7712750181636 capped=19.068452775425381 radius=3104.2454053620145 median=0.40087378737716978 global_scale=1
ATTR_RADIUS o=291 raw_norm=3886.7712750181649 norm=19.068452775425385 radius=3104.2454053620145 next_radius=3104.2454053620145 lambda=2.5151477568003003e-05 next_lambda=2.5151477568003003e-05 rho=0.99983647109825458 accept=1
CLASSICAL_LM o=291 lambda=2.5151477568003003e-05 tau=2.5151477568003003e-05 prediction=2.3048785436041066 rho=0.99983647109825458 accept=1
  MFCG it 292 cost=2.574230e+05 lam=2.515e-05 tau=0.00e+00 cg_it=0 shift=0 ckpt=1 alpha=0 acc mv=909
PCG_PREP o=292 rebuild=1 drift=0 previous_depth=1
E2_CAP o=292 retry=0 touched=1 ncam=52 raw=3835.0049840179331 capped=36.523000678896153 radius=3104.2454053620145 median=1.0667936666466176 global_scale=1
ATTR_RADIUS o=292 raw_norm=3835.0049840179327 norm=36.523000678896146 radius=3104.2454053620145 next_radius=3104.2454053620145 lambda=2.5151477568003003e-05 next_lambda=2.5151477568003003e-05 rho=0.99910929542224802 accept=1
CLASSICAL_LM o=292 lambda=2.5151477568003003e-05 tau=2.5151477568003003e-05 prediction=2.6455572991686416 rho=0.99910929542224802 accept=1
  MFCG it 293 cost=2.574204e+05 lam=2.515e-05 tau=0.00e+00 cg_it=2 shift=0 ckpt=3 alpha=0 acc mv=913
PCG_PREP o=293 rebuild=1 drift=0 previous_depth=3
E2_CAP o=293 retry=0 touched=2 ncam=52 raw=3881.001162519537 capped=19.535368179703553 radius=3104.2454053620145 median=0.41310612976035399 global_scale=1
ATTR_RADIUS o=293 raw_norm=3881.0011625195366 norm=19.53536817970355 radius=3104.2454053620145 next_radius=3104.2454053620145 lambda=2.5151477568003003e-05 next_lambda=2.5151477568003003e-05 rho=0.9998565228374835 accept=1
CLASSICAL_LM o=293 lambda=2.5151477568003003e-05 tau=2.5151477568003003e-05 prediction=2.3493735265317719 rho=0.9998565228374835 accept=1
  MFCG it 294 cost=2.574180e+05 lam=2.515e-05 tau=0.00e+00 cg_it=0 shift=0 ckpt=1 alpha=0 acc mv=915
PCG_PREP o=294 rebuild=1 drift=0 previous_depth=1
E2_CAP o=294 retry=0 touched=2 ncam=52 raw=3874.1422655260103 capped=15.170420837174525 radius=3104.2454053620145 median=0.3349306408741059 global_scale=1
ATTR_RADIUS o=294 raw_norm=3874.1422655260099 norm=15.170420837174531 radius=3104.2454053620145 next_radius=3104.2454053620145 lambda=2.5151477568003003e-05 next_lambda=2.5151477568003003e-05 rho=0.99998597101857123 accept=1
CLASSICAL_LM o=294 lambda=2.5151477568003003e-05 tau=2.5151477568003003e-05 prediction=1.5235163311830384 rho=0.99998597101857123 accept=1
  MFCG it 295 cost=2.574165e+05 lam=2.515e-05 tau=0.00e+00 cg_it=0 shift=0 ckpt=1 alpha=0 acc mv=917
PCG_PREP o=295 rebuild=1 drift=0 previous_depth=1
E2_CAP o=295 retry=0 touched=1 ncam=52 raw=3828.4948568010623 capped=41.409716496166382 radius=3104.2454053620145 median=1.1624976549829014 global_scale=1
ATTR_RADIUS o=295 raw_norm=3828.4948568010618 norm=41.409716496166382 radius=3104.2454053620145 next_radius=3104.2454053620145 lambda=2.5151477568003003e-05 next_lambda=2.5151477568003003e-05 rho=0.99903767996398007 accept=1
CLASSICAL_LM o=295 lambda=2.5151477568003003e-05 tau=2.5151477568003003e-05 prediction=2.7511014189604599 rho=0.99903767996398007 accept=1
  MFCG it 296 cost=2.574137e+05 lam=2.515e-05 tau=0.00e+00 cg_it=2 shift=0 ckpt=3 alpha=0 acc mv=921
PCG_PREP o=296 rebuild=1 drift=0 previous_depth=3
E2_CAP o=296 retry=0 touched=2 ncam=52 raw=3872.7872872023217 capped=18.94824846336434 radius=3104.2454053620145 median=0.39877255504751702 global_scale=1
ATTR_RADIUS o=296 raw_norm=3872.7872872023222 norm=18.94824846336434 radius=3104.2454053620145 next_radius=3104.2454053620145 lambda=2.5151477568003003e-05 next_lambda=2.5151477568003003e-05 rho=0.99984302850841589 accept=1
CLASSICAL_LM o=296 lambda=2.5151477568003003e-05 tau=2.5151477568003003e-05 prediction=2.2754762302688865 rho=0.99984302850841589 accept=1
  MFCG it 297 cost=2.574115e+05 lam=2.515e-05 tau=0.00e+00 cg_it=0 shift=0 ckpt=1 alpha=0 acc mv=923
PCG_PREP o=297 rebuild=1 drift=0 previous_depth=1
E2_CAP o=297 retry=0 touched=2 ncam=52 raw=3866.041825310167 capped=14.704247274773088 radius=3104.2454053620145 median=0.32396862539107396 global_scale=1
ATTR_RADIUS o=297 raw_norm=3866.0418253101661 norm=14.704247274773088 radius=3104.2454053620145 next_radius=3104.2454053620145 lambda=2.5151477568003003e-05 next_lambda=2.5151477568003003e-05 rho=0.99998732145454039 accept=1
CLASSICAL_LM o=297 lambda=2.5151477568003003e-05 tau=2.5151477568003003e-05 prediction=1.4677035246828796 rho=0.99998732145454039 accept=1
  MFCG it 298 cost=2.574100e+05 lam=2.515e-05 tau=0.00e+00 cg_it=0 shift=0 ckpt=1 alpha=0 acc mv=925
PCG_PREP o=298 rebuild=1 drift=0 previous_depth=1
E2_CAP o=298 retry=0 touched=1 ncam=52 raw=3821.4253680231718 capped=41.695962177717874 radius=3104.2454053620145 median=1.1613926159501307 global_scale=1
ATTR_RADIUS o=298 raw_norm=3821.4253680231714 norm=41.695962177717881 radius=3104.2454053620145 next_radius=3104.2454053620145 lambda=2.5151477568003003e-05 next_lambda=2.5151477568003003e-05 rho=0.99898419292509932 accept=1
CLASSICAL_LM o=298 lambda=2.5151477568003003e-05 tau=2.5151477568003003e-05 prediction=2.7234684851357063 rho=0.99898419292509932 accept=1
  MFCG it 299 cost=2.574073e+05 lam=2.515e-05 tau=0.00e+00 cg_it=2 shift=0 ckpt=3 alpha=0 acc mv=929
PCG_PREP o=299 rebuild=1 drift=0 previous_depth=3
E2_CAP o=299 retry=0 touched=2 ncam=52 raw=3864.9797040207923 capped=18.72477160628155 radius=3104.2454053620145 median=0.39390204073424229 global_scale=1
ATTR_RADIUS o=299 raw_norm=3864.9797040207927 norm=18.72477160628155 radius=3104.2454053620145 next_radius=3104.2454053620145 lambda=2.5151477568003003e-05 next_lambda=2.5151477568003003e-05 rho=0.99983821729087041 accept=1
CLASSICAL_LM o=299 lambda=2.5151477568003003e-05 tau=2.5151477568003003e-05 prediction=2.2381126573457184 rho=0.99983821729087041 accept=1
  MFCG it 300 cost=2.574050e+05 lam=2.515e-05 tau=0.00e+00 cg_it=0 shift=0 ckpt=1 alpha=0 acc mv=931
PCG_PREP o=300 rebuild=1 drift=0 previous_depth=1
E2_CAP o=300 retry=0 touched=2 ncam=52 raw=3858.2734783914625 capped=14.523303683001528 radius=3104.2454053620145 median=0.3200372828935597 global_scale=1
ATTR_RADIUS o=300 raw_norm=3858.2734783914634 norm=14.523303683001526 radius=3104.2454053620145 next_radius=3104.2454053620145 lambda=2.5151477568003003e-05 next_lambda=2.5151477568003003e-05 rho=0.99998765559633063 accept=1
CLASSICAL_LM o=300 lambda=2.5151477568003003e-05 tau=2.5151477568003003e-05 prediction=1.4419857578163469 rho=0.99998765559633063 accept=1
  MFCG it 301 cost=2.574036e+05 lam=2.515e-05 tau=0.00e+00 cg_it=0 shift=0 ckpt=1 alpha=0 acc mv=933
PCG_PREP o=301 rebuild=1 drift=0 previous_depth=1
E2_CAP o=301 retry=0 touched=1 ncam=52 raw=3814.3582354336113 capped=41.502788958251543 radius=3104.2454053620145 median=1.1513162376538104 global_scale=1
ATTR_RADIUS o=301 raw_norm=3814.3582354336122 norm=41.50278895825155 radius=3104.2454053620145 next_radius=3104.2454053620145 lambda=2.5151477568003003e-05 next_lambda=2.5151477568003003e-05 rho=0.99897251891771022 accept=1
CLASSICAL_LM o=301 lambda=2.5151477568003003e-05 tau=2.5151477568003003e-05 prediction=2.6867502201106199 rho=0.99897251891771022 accept=1
  MFCG it 302 cost=2.574009e+05 lam=2.515e-05 tau=0.00e+00 cg_it=2 shift=0 ckpt=3 alpha=0 acc mv=937
PCG_PREP o=302 rebuild=1 drift=0 previous_depth=3
E2_CAP o=302 retry=0 touched=2 ncam=52 raw=3857.3240488118417 capped=18.576327210966589 radius=3104.2454053620145 median=0.39090055746324071 global_scale=1
ATTR_RADIUS o=302 raw_norm=3857.3240488118413 norm=18.576327210966593 radius=3104.2454053620145 next_radius=3104.2454053620145 lambda=2.5151477568003003e-05 next_lambda=2.5151477568003003e-05 rho=0.99983693534148321 accept=1
CLASSICAL_LM o=302 lambda=2.5151477568003003e-05 tau=2.5151477568003003e-05 prediction=2.2098647173094896 rho=0.99983693534148321 accept=1
  MFCG it 303 cost=2.573987e+05 lam=2.515e-05 tau=0.00e+00 cg_it=0 shift=0 ckpt=1 alpha=0 acc mv=939
PCG_PREP o=303 rebuild=1 drift=0 previous_depth=1
E2_CAP o=303 retry=0 touched=1 ncam=52 raw=3808.3566672149423 capped=35.360860219950702 radius=3104.2454053620145 median=1.0262557204946592 global_scale=1
ATTR_RADIUS o=303 raw_norm=3808.3566672149423 norm=35.360860219950695 radius=3104.2454053620145 next_radius=3104.2454053620145 lambda=2.5151477568003003e-05 next_lambda=2.5151477568003003e-05 rho=0.99912609036481448 accept=1
CLASSICAL_LM o=303 lambda=2.5151477568003003e-05 tau=2.5151477568003003e-05 prediction=2.5086146513882728 rho=0.99912609036481448 accept=1
  MFCG it 304 cost=2.573962e+05 lam=2.515e-05 tau=0.00e+00 cg_it=2 shift=0 ckpt=3 alpha=0 acc mv=943
PCG_PREP o=304 rebuild=1 drift=0 previous_depth=3
E2_CAP o=304 retry=0 touched=2 ncam=52 raw=3851.8405552216627 capped=19.065032475288547 radius=3104.2454053620145 median=0.40362600561282314 global_scale=1
ATTR_RADIUS o=304 raw_norm=3851.8405552216632 norm=19.06503247528855 radius=3104.2454053620145 next_radius=3104.2454053620145 lambda=2.5151477568003003e-05 next_lambda=2.5151477568003003e-05 rho=0.99985751280966739 accept=1
CLASSICAL_LM o=304 lambda=2.5151477568003003e-05 tau=2.5151477568003003e-05 prediction=2.2568857175373065 rho=0.99985751280966739 accept=1
  MFCG it 305 cost=2.573939e+05 lam=2.515e-05 tau=0.00e+00 cg_it=0 shift=0 ckpt=1 alpha=0 acc mv=945
PCG_PREP o=305 rebuild=1 drift=0 previous_depth=1
E2_CAP o=305 retry=0 touched=2 ncam=52 raw=3845.1034674349257 capped=14.711801754346684 radius=3104.2454053620145 median=0.3247701933177618 global_scale=1
ATTR_RADIUS o=305 raw_norm=3845.1034674349257 norm=14.711801754346681 radius=3104.2454053620145 next_radius=3104.2454053620145 lambda=2.5151477568003003e-05 next_lambda=2.5151477568003003e-05 rho=0.99998891721902061 accept=1
CLASSICAL_LM o=305 lambda=2.5151477568003003e-05 tau=2.5151477568003003e-05 prediction=1.458075015400744 rho=0.99998891721902061 accept=1
  MFCG it 306 cost=2.573925e+05 lam=2.515e-05 tau=0.00e+00 cg_it=0 shift=0 ckpt=1 alpha=0 acc mv=947
PCG_PREP o=306 rebuild=1 drift=0 previous_depth=1
E2_CAP o=306 retry=0 touched=1 ncam=52 raw=3802.1287737945468 capped=40.130172558171203 radius=3104.2454053620145 median=1.1200739783641096 global_scale=1
ATTR_RADIUS o=306 raw_norm=3802.1287737945459 norm=40.130172558171196 radius=3104.2454053620145 next_radius=3104.2454053620145 lambda=2.5151477568003003e-05 next_lambda=2.5151477568003003e-05 rho=0.9990610804867408 accept=1
CLASSICAL_LM o=306 lambda=2.5151477568003003e-05 tau=2.5151477568003003e-05 prediction=2.6157812204139064 rho=0.9990610804867408 accept=1
  MFCG it 307 cost=2.573899e+05 lam=2.515e-05 tau=0.00e+00 cg_it=2 shift=0 ckpt=3 alpha=0 acc mv=951
PCG_PREP o=307 rebuild=1 drift=0 previous_depth=3
E2_CAP o=307 retry=0 touched=2 ncam=52 raw=3843.9553900176334 capped=18.496719397539518 radius=3104.2454053620145 median=0.38968004090798464 global_scale=1
ATTR_RADIUS o=307 raw_norm=3843.9553900176329 norm=18.496719397539518 radius=3104.2454053620145 next_radius=3104.2454053620145 lambda=2.5151477568003003e-05 next_lambda=2.5151477568003003e-05 rho=0.99984451184815282 accept=1
CLASSICAL_LM o=307 lambda=2.5151477568003003e-05 tau=2.5151477568003003e-05 prediction=2.1874085796824727 rho=0.99984451184815282 accept=1
  MFCG it 308 cost=2.573877e+05 lam=2.515e-05 tau=0.00e+00 cg_it=0 shift=0 ckpt=1 alpha=0 acc mv=953
PCG_PREP o=308 rebuild=1 drift=0 previous_depth=1
E2_CAP o=308 retry=0 touched=2 ncam=52 raw=3837.3316356035216 capped=14.281658140752889 radius=3104.2454053620145 median=0.31463093833478795 global_scale=1
ATTR_RADIUS o=308 raw_norm=3837.3316356035225 norm=14.281658140752885 radius=3104.2454053620145 next_radius=3104.2454053620145 lambda=2.5151477568003003e-05 next_lambda=2.5151477568003003e-05 rho=0.999990137973638 accept=1
CLASSICAL_LM o=308 lambda=2.5151477568003003e-05 tau=2.5151477568003003e-05 prediction=1.4075168633846018 rho=0.999990137973638 accept=1
  MFCG it 309 cost=2.573863e+05 lam=2.515e-05 tau=0.00e+00 cg_it=0 shift=0 ckpt=1 alpha=0 acc mv=955
PCG_PREP o=309 rebuild=1 drift=0 previous_depth=1
E2_CAP o=309 retry=0 touched=1 ncam=52 raw=3795.3534683489443 capped=40.416883380856248 radius=3104.2454053620145 median=1.1196298301492447 global_scale=1
ATTR_RADIUS o=309 raw_norm=3795.3534683489443 norm=40.416883380856241 radius=3104.2454053620145 next_radius=3104.2454053620145 lambda=2.5151477568003003e-05 next_lambda=2.5151477568003003e-05 rho=0.99900990095909059 accept=1
CLASSICAL_LM o=309 lambda=2.5151477568003003e-05 tau=2.5151477568003003e-05 prediction=2.5919154739974313 rho=0.99900990095909059 accept=1
  MFCG it 310 cost=2.573837e+05 lam=2.515e-05 tau=0.00e+00 cg_it=2 shift=0 ckpt=3 alpha=0 acc mv=959
PCG_PREP o=310 rebuild=1 drift=0 previous_depth=3
E2_CAP o=310 retry=0 touched=2 ncam=52 raw=3836.4559609917324 capped=18.285855266122642 radius=3104.2454053620145 median=0.38504843161391789 global_scale=1
ATTR_RADIUS o=310 raw_norm=3836.4559609917328 norm=18.285855266122645 radius=3104.2454053620145 next_radius=3104.2454053620145 lambda=2.5151477568003003e-05 next_lambda=2.5151477568003003e-05 rho=0.999839915175325 accept=1
CLASSICAL_LM o=310 lambda=2.5151477568003003e-05 tau=2.5151477568003003e-05 prediction=2.1531101855443433 rho=0.999839915175325 accept=1
  MFCG it 311 cost=2.573815e+05 lam=2.515e-05 tau=0.00e+00 cg_it=0 shift=0 ckpt=1 alpha=0 acc mv=961
PCG_PREP o=311 rebuild=1 drift=0 previous_depth=1
E2_CAP o=311 retry=0 touched=2 ncam=52 raw=3829.8708173772675 capped=14.084157391933555 radius=3104.2454053620145 median=0.31021712210824359 global_scale=1
ATTR_RADIUS o=311 raw_norm=3829.8708173772675 norm=14.084157391933555 radius=3104.2454053620145 next_radius=3104.2454053620145 lambda=2.5151477568003003e-05 next_lambda=2.5151477568003003e-05 rho=0.999990780357633 accept=1
CLASSICAL_LM o=311 lambda=2.5151477568003003e-05 tau=2.5151477568003003e-05 prediction=1.3814906420832769 rho=0.999990780357633 accept=1
  MFCG it 312 cost=2.573801e+05 lam=2.515e-05 tau=0.00e+00 cg_it=0 shift=0 ckpt=1 alpha=0 acc mv=963
PCG_PREP o=312 rebuild=1 drift=0 previous_depth=1
E2_CAP o=312 retry=0 touched=1 ncam=52 raw=3788.5749233434485 capped=40.236320963347822 radius=3104.2454053620145 median=1.1105538600042719 global_scale=1
ATTR_RADIUS o=312 raw_norm=3788.5749233434494 norm=40.236320963347829 radius=3104.2454053620145 next_radius=3104.2454053620145 lambda=2.5151477568003003e-05 next_lambda=2.5151477568003003e-05 rho=0.99899968811179241 accept=1
CLASSICAL_LM o=312 lambda=2.5151477568003003e-05 tau=2.5151477568003003e-05 prediction=2.5595488917432672 rho=0.99899968811179241 accept=1
  MFCG it 313 cost=2.573776e+05 lam=2.515e-05 tau=0.00e+00 cg_it=2 shift=0 ckpt=3 alpha=0 acc mv=967
PCG_PREP o=313 rebuild=1 drift=0 previous_depth=3
E2_CAP o=313 retry=0 touched=2 ncam=52 raw=3829.1012748579237 capped=18.147048966369354 radius=3104.2454053620145 median=0.38221991051540616 global_scale=1
ATTR_RADIUS o=313 raw_norm=3829.1012748579237 norm=18.147048966369358 radius=3104.2454053620145 next_radius=3104.2454053620145 lambda=2.5151477568003003e-05 next_lambda=2.5151477568003003e-05 rho=0.9998388129650122 accept=1
CLASSICAL_LM o=313 lambda=2.5151477568003003e-05 tau=2.5151477568003003e-05 prediction=2.1273087845064125 rho=0.9998388129650122 accept=1
  MFCG it 314 cost=2.573755e+05 lam=2.515e-05 tau=0.00e+00 cg_it=0 shift=0 ckpt=1 alpha=0 acc mv=969
PCG_PREP o=314 rebuild=1 drift=0 previous_depth=1
E2_CAP o=314 retry=0 touched=2 ncam=52 raw=3822.5490828768898 capped=13.9195003923775 radius=3104.2454053620145 median=0.30653011262611451 global_scale=1
ATTR_RADIUS o=314 raw_norm=3822.5490828768907 norm=13.919500392377499 radius=3104.2454053620145 next_radius=3104.2454053620145 lambda=2.5151477568003003e-05 next_lambda=2.5151477568003003e-05 rho=0.99999158912518071 accept=1
CLASSICAL_LM o=314 lambda=2.5151477568003003e-05 tau=2.5151477568003003e-05 prediction=1.3596465284258454 rho=0.99999158912518071 accept=1
  MFCG it 315 cost=2.573741e+05 lam=2.515e-05 tau=0.00e+00 cg_it=0 shift=0 ckpt=1 alpha=0 acc mv=971
PCG_PREP o=315 rebuild=1 drift=0 previous_depth=1
E2_CAP o=315 retry=0 touched=1 ncam=52 raw=3781.8701307504743 capped=39.917831978849769 radius=3104.2454053620145 median=1.0981626942826681 global_scale=1
ATTR_RADIUS o=315 raw_norm=3781.8701307504748 norm=39.917831978849762 radius=3104.2454053620145 next_radius=3104.2454053620145 lambda=2.5151477568003003e-05 next_lambda=2.5151477568003003e-05 rho=0.99899912019086179 accept=1
CLASSICAL_LM o=315 lambda=2.5151477568003003e-05 tau=2.5151477568003003e-05 prediction=2.5196630523044297 rho=0.99899912019086179 accept=1
  MFCG it 316 cost=2.573716e+05 lam=2.515e-05 tau=0.00e+00 cg_it=2 shift=0 ckpt=3 alpha=0 acc mv=975
PCG_PREP o=316 rebuild=1 drift=0 previous_depth=3
E2_CAP o=316 retry=0 touched=2 ncam=52 raw=3821.8587416002742 capped=18.030581263833863 radius=3104.2454053620145 median=0.37991901605201206 global_scale=1
ATTR_RADIUS o=316 raw_norm=3821.8587416002724 norm=18.030581263833867 radius=3104.2454053620145 next_radius=3104.2454053620145 lambda=2.5151477568003003e-05 next_lambda=2.5151477568003003e-05 rho=0.99983839537645181 accept=1
CLASSICAL_LM o=316 lambda=2.5151477568003003e-05 tau=2.5151477568003003e-05 prediction=2.1045791895087573 rho=0.99983839537645181 accept=1
  MFCG it 317 cost=2.573695e+05 lam=2.515e-05 tau=0.00e+00 cg_it=0 shift=0 ckpt=1 alpha=0 acc mv=977
PCG_PREP o=317 rebuild=1 drift=0 previous_depth=1
E2_CAP o=317 retry=0 touched=2 ncam=52 raw=3815.3369192603459 capped=13.771976050930107 radius=3104.2454053620145 median=0.30321897455232172 global_scale=1
ATTR_RADIUS o=317 raw_norm=3815.3369192603459 norm=13.771976050930109 radius=3104.2454053620145 next_radius=3104.2454053620145 lambda=2.5151477568003003e-05 next_lambda=2.5151477568003003e-05 rho=0.99999242700941626 accept=1
CLASSICAL_LM o=317 lambda=2.5151477568003003e-05 tau=2.5151477568003003e-05 prediction=1.3401052288649324 rho=0.99999242700941626 accept=1
  MFCG: converged (OCA_FTOL: 8 outers < 1.0e-05 rel)
  [menu-backtrack] confirming stop with original retry policy at outer 318
  MFCG it 318 cost=2.573681e+05 lam=2.515e-05 tau=0.00e+00 cg_it=0 shift=0 ckpt=1 alpha=0 acc mv=979
PCG_PREP o=318 rebuild=1 drift=0 previous_depth=1
E2_CAP o=318 retry=0 touched=1 ncam=52 raw=3775.2543126403002 capped=39.386606214578329 radius=3104.2454053620145 median=1.0779183502732224 global_scale=1
ATTR_RADIUS o=318 raw_norm=3775.2543126403011 norm=39.386606214578336 radius=3104.2454053620145 next_radius=3104.2454053620145 lambda=2.5151477568003003e-05 next_lambda=2.5151477568003003e-05 rho=0.99900088317369473 accept=1
CLASSICAL_LM o=318 lambda=2.5151477568003003e-05 tau=2.5151477568003003e-05 prediction=2.4534350842177806 rho=0.99900088317369473 accept=1
  MFCG it 319 cost=2.573657e+05 lam=2.515e-05 tau=0.00e+00 cg_it=2 shift=0 ckpt=3 alpha=0 acc mv=983
PCG_PREP o=319 rebuild=1 drift=0 previous_depth=3
E2_CAP o=319 retry=0 touched=2 ncam=52 raw=3814.7524229809251 capped=17.92387659632568 radius=3104.2454053620145 median=0.37782174251770007 global_scale=1
ATTR_RADIUS o=319 raw_norm=3814.7524229809251 norm=17.92387659632568 radius=3104.2454053620145 next_radius=3104.2454053620145 lambda=2.5151477568003003e-05 next_lambda=2.5151477568003003e-05 rho=0.99983792319129328 accept=1
CLASSICAL_LM o=319 lambda=2.5151477568003003e-05 tau=2.5151477568003003e-05 prediction=2.083574163495904 rho=0.99983792319129328 accept=1
  MFCG it 320 cost=2.573636e+05 lam=2.515e-05 tau=0.00e+00 cg_it=0 shift=0 ckpt=1 alpha=0 acc mv=985
PCG_PREP o=320 rebuild=1 drift=0 previous_depth=1
E2_CAP o=320 retry=0 touched=1 ncam=52 raw=3769.6706866888544 capped=33.757494464523425 radius=3104.2454053620145 median=0.97131999727693685 global_scale=1
ATTR_RADIUS o=320 raw_norm=3769.6706866888544 norm=33.757494464523425 radius=3104.2454053620145 next_radius=3104.2454053620145 lambda=2.5151477568003003e-05 next_lambda=2.5151477568003003e-05 rho=0.99915294349381556 accept=1
CLASSICAL_LM o=320 lambda=2.5151477568003003e-05 tau=2.5151477568003003e-05 prediction=2.3288988294917612 rho=0.99915294349381556 accept=1
  MFCG it 321 cost=2.573613e+05 lam=2.515e-05 tau=0.00e+00 cg_it=2 shift=0 ckpt=3 alpha=0 acc mv=989
PCG_PREP o=321 rebuild=1 drift=0 previous_depth=3
E2_CAP o=321 retry=0 touched=2 ncam=52 raw=3809.6319208983905 capped=18.421314317653771 radius=3104.2454053620145 median=0.39068085706012068 global_scale=1
ATTR_RADIUS o=321 raw_norm=3809.6319208983905 norm=18.421314317653767 radius=3104.2454053620145 next_radius=3104.2454053620145 lambda=2.5151477568003003e-05 next_lambda=2.5151477568003003e-05 rho=0.99985912293502188 accept=1
CLASSICAL_LM o=321 lambda=2.5151477568003003e-05 tau=2.5151477568003003e-05 prediction=2.1315736335307416 rho=0.99985912293502188 accept=1
  MFCG it 322 cost=2.573591e+05 lam=2.515e-05 tau=0.00e+00 cg_it=0 shift=0 ckpt=1 alpha=0 acc mv=991
PCG_PREP o=322 rebuild=1 drift=0 previous_depth=1
E2_CAP o=322 retry=0 touched=2 ncam=52 raw=3803.0790934834013 capped=13.947511828524835 radius=3104.2454053620145 median=0.30743130163714572 global_scale=1
ATTR_RADIUS o=322 raw_norm=3803.0790934834013 norm=13.947511828524835 radius=3104.2454053620145 next_radius=3104.2454053620145 lambda=2.5151477568003003e-05 next_lambda=2.5151477568003003e-05 rho=0.99999415598072694 accept=1
CLASSICAL_LM o=322 lambda=2.5151477568003003e-05 tau=2.5151477568003003e-05 prediction=1.3571663106733962 rho=0.99999415598072694 accept=1
  MFCG it 323 cost=2.573578e+05 lam=2.515e-05 tau=0.00e+00 cg_it=0 shift=0 ckpt=1 alpha=0 acc mv=993
PCG_PREP o=323 rebuild=1 drift=0 previous_depth=1
E2_CAP o=323 retry=0 touched=1 ncam=52 raw=3763.8376852595693 capped=38.284339203443523 radius=3104.2454053620145 median=1.059549808384856 global_scale=1
ATTR_RADIUS o=323 raw_norm=3763.8376852595698 norm=38.284339203443544 radius=3104.2454053620145 next_radius=3104.2454053620145 lambda=2.5151477568003003e-05 next_lambda=2.5151477568003003e-05 rho=0.99909606841748422 accept=1
CLASSICAL_LM o=323 lambda=2.5151477568003003e-05 tau=2.5151477568003003e-05 prediction=2.4275206368425875 rho=0.99909606841748422 accept=1
  MFCG it 324 cost=2.573554e+05 lam=2.515e-05 tau=0.00e+00 cg_it=2 shift=0 ckpt=3 alpha=0 acc mv=997
PCG_PREP o=324 rebuild=1 drift=0 previous_depth=3
E2_CAP o=324 retry=0 touched=2 ncam=52 raw=3802.2203236121586 capped=17.872114481925237 radius=3104.2454053620145 median=0.37710146159664187 global_scale=1
ATTR_RADIUS o=324 raw_norm=3802.2203236121591 norm=17.872114481925234 radius=3104.2454053620145 next_radius=3104.2454053620145 lambda=2.5151477568003003e-05 next_lambda=2.5151477568003003e-05 rho=0.99984669027384876 accept=1
CLASSICAL_LM o=324 lambda=2.5151477568003003e-05 tau=2.5151477568003003e-05 prediction=2.0672657518227093 rho=0.99984669027384876 accept=1
  MFCG it 325 cost=2.573533e+05 lam=2.515e-05 tau=0.00e+00 cg_it=0 shift=0 ckpt=1 alpha=0 acc mv=999
PCG_PREP o=325 rebuild=1 drift=0 previous_depth=1
E2_CAP o=325 retry=0 touched=2 ncam=52 raw=3795.7795289697578 capped=13.540792040665291 radius=3104.2454053620145 median=0.29776677494009296 global_scale=1
ATTR_RADIUS o=325 raw_norm=3795.7795289697578 norm=13.540792040665291 radius=3104.2454053620145 next_radius=3104.2454053620145 lambda=2.5151477568003003e-05 next_lambda=2.5151477568003003e-05 rho=0.9999954443024337 accept=1
CLASSICAL_LM o=325 lambda=2.5151477568003003e-05 tau=2.5151477568003003e-05 prediction=1.3111812100272222 rho=0.9999954443024337 accept=1
  MFCG: converged (OCA_FTOL: 8 outers < 1.0e-05 rel)
  MFCG: accepts=326 rejects=1 total_matvecs=1001 negcurv=1 cand_evals=327 mean_cg_per_outer=3.1
NUMERIC_REPAIR summary rebuilds=1 floor=2.5151477568003003e-05
  [retry-cache] builds=328 reuses=0
  [menu-backtrack] trials=11 rescues=11 evals=28 total_scored=355
POINT_SAFE summary calls=11 evals=11 wins=6 frozen=2549 seconds=0.02651458
  [scoring] menu_evals=327 alpha_evals=0 backtrack_evals=28 total_scored=355
RESULT algo=mfree_shifted_cg iters=326 final_cost=257351.9867858855 solve_seconds=3.328165
DIAGNOSTICS median_reproj_err_px 3.252455 -> 0.371982 | cheirality_violations(obs) 0 -> 6 | cheirality_violations(pts, of 64053) 0 -> 3
