[R10] --zero_k2: all k2 set to 0 at load
Loaded /workspace/bal/venice-52.txt: ncam=52 npt=64053 nobs=347173 n=192471
[R10] --dof9: refining f,k1 per camera (52 cameras)
  [menu-backtrack] active=1 max_evals=8 warmup_accepts=3 confirm_stop=original armijo=1e-4
MIXED_STORAGE fragments=fp32 arithmetic=fp64 state=fp64 acceptance=fp64
  [compact-fragments] active=2 saved_bytes=36105992 storage=fp32 camera_reads=contiguous
  MFCG score_init=11152062.772762468 precision=fp64
PHASE_SWEEP o=0 mode=2 valid=1 depth=1 qualified=1 raw=0.7441693113688399 clipped=0.73680129838499009 selected=2 center=0.10000000000000001 tau=0.10000000000000001 worst_res=0.28213836064841419 eta=0.5
ATTR_RADIUS o=0 raw_norm=1777.2895637079125 norm=1777.2895637079123 radius=1777.2895637079125 next_radius=3554.579127415825 lambda=0.10000000000000001 next_lambda=0.025000000000000001 rho=1.0055291604872156 accept=1
CLASSICAL_LM o=0 lambda=0.10000000000000001 tau=0.10000000000000001 prediction=7552807.1435411274 rho=1.0055291604872156 accept=1
  MFCG it   1 cost=3.557495e+06 lam=2.500e-02 tau=0.00e+00 cg_it=0 shift=0 ckpt=1 alpha=0 acc mv=6
PHASE_SWEEP o=1 mode=2 valid=1 depth=11 qualified=1 raw=0.94768699728777261 clipped=0.93435711619693584 selected=2 center=0.025000000000000001 tau=0.025000000000000001 worst_res=0.11502479926248177 eta=0.13251436238379324
ATTR_RADIUS o=1 raw_norm=3533.8612941138917 norm=3533.8612941138895 radius=3554.579127415825 next_radius=7109.1582548316501 lambda=0.025000000000000001 next_lambda=0.0062500000000000003 rho=0.99027132558386433 accept=1
CLASSICAL_LM o=1 lambda=0.025000000000000001 tau=0.025000000000000001 prediction=1937932.215397289 rho=0.99027132558386433 accept=1
  MFCG it   2 cost=1.638416e+06 lam=6.250e-03 tau=0.00e+00 cg_it=10 shift=0 ckpt=11 alpha=0 acc mv=22
PHASE_SWEEP o=2 mode=2 valid=1 depth=128 qualified=0 raw=0.99887452703269475 clipped=0.99286048994529275 selected=2 center=0.0062500000000000003 tau=0.0062500000000000003 worst_res=0.13799882248702594 eta=0.040033444495769156
ATTR_RADIUS o=2 raw_norm=5593.3677637849223 norm=5593.3677637849232 radius=7109.1582548316501 next_radius=7109.1582548316501 lambda=0.0062500000000000003 next_lambda=0.00062500000000000012 rho=0.9958398026137254 accept=1
CLASSICAL_LM o=2 lambda=0.0062500000000000003 tau=0.0062500000000000003 prediction=419450.49020830425 rho=0.9958398026137254 accept=1
  MFCG it   3 cost=1.220711e+06 lam=6.250e-04 tau=0.00e+00 cg_it=127 shift=0 ckpt=128 alpha=0 acc mv=155
PHASE_SWEEP o=3 mode=2 valid=1 depth=128 qualified=0 raw=0.9944396459660878 clipped=0.9518760049033882 selected=2 center=0.00062500000000000012 tau=0.00062500000000000012 worst_res=0.5366655211708532 eta=0.22532703263142431
ATTR_RADIUS o=3 raw_norm=21807.288083093714 norm=7109.158254831651 radius=7109.1582548316501 next_radius=14218.3165096633 lambda=0.00062500000000000012 next_lambda=0.00015625000000000003 rho=1.0060298801678986 accept=1
CLASSICAL_LM o=3 lambda=0.00062500000000000012 tau=0.00062500000000000012 prediction=225121.84410765467 rho=1.0060298801678986 accept=1
  MFCG it   4 cost=9.942314e+05 lam=1.563e-04 tau=0.00e+00 cg_it=127 shift=0 ckpt=128 alpha=0 acc mv=288
PHASE_SWEEP o=4 mode=2 valid=1 depth=121 qualified=1 raw=0.98013326404910794 clipped=0.9181591582293972 selected=3 center=0.00015625000000000003 tau=0.00015625000000000003 worst_res=0.42773609804657836 eta=0.5
ATTR_RADIUS o=4 raw_norm=10558.034944006864 norm=10558.034944006866 radius=14218.3165096633 next_radius=14218.3165096633 lambda=0.00015625000000000003 next_lambda=1.5625000000000004e-05 rho=1.0064850560104346 accept=1
CLASSICAL_LM o=4 lambda=0.00015625000000000003 tau=0.00015625000000000003 prediction=228943.55127418475 rho=1.0064850560104346 accept=1
  MFCG it   5 cost=7.638032e+05 lam=1.563e-05 tau=0.00e+00 cg_it=120 shift=0 ckpt=121 alpha=0 acc mv=414
PHASE_SWEEP o=5 mode=2 valid=1 depth=128 qualified=0 raw=0.8680742911824596 clipped=0.50158229820348754 selected=3 center=1.5625000000000004e-05 tau=1.5625000000000004e-05 worst_res=1.0087075919435771 eta=0.28602211127116073
ATTR_RADIUS o=5 raw_norm=34685.753568493485 norm=14218.316509663306 radius=14218.3165096633 next_radius=28436.6330193266 lambda=1.5625000000000004e-05 next_lambda=3.9062500000000009e-06 rho=1.0120390294530677 accept=1
CLASSICAL_LM o=5 lambda=1.5625000000000004e-05 tau=1.5625000000000004e-05 prediction=192549.82377366078 rho=1.0120390294530677 accept=1
  MFCG it   6 cost=5.689352e+05 lam=3.906e-06 tau=0.00e+00 cg_it=127 shift=0 ckpt=128 alpha=0 acc mv=547
PHASE_SWEEP o=6 mode=2 valid=1 depth=110 qualified=1 raw=0.61207452647009752 clipped=0.43022993446819019 selected=4 center=3.9062500000000009e-06 tau=3.9062500000000009e-06 worst_res=0.48020732073743949 eta=0.5
ATTR_RADIUS o=6 raw_norm=16644.718494374843 norm=16644.718494374843 radius=28436.6330193266 next_radius=28436.6330193266 lambda=3.9062500000000009e-06 next_lambda=3.9062500000000012e-07 rho=0.74372337080653395 accept=1
CLASSICAL_LM o=6 lambda=3.9062500000000009e-06 tau=3.9062500000000009e-06 prediction=156230.41382847918 rho=0.74372337080653395 accept=1
  MFCG it   7 cost=4.527430e+05 lam=3.906e-07 tau=0.00e+00 cg_it=109 shift=0 ckpt=110 alpha=0 acc mv=662
PHASE_SWEEP o=7 mode=2 valid=1 depth=1 qualified=1 raw=2.0426849182209143e-05 clipped=2.0426849182209143e-05 selected=-1 center=3.9062500000000012e-07 tau=3.9062500000000012e-07 worst_res=0.49532983438104533 eta=0.5
POINT_SAFE o=7 frozen=13 slope=-88044.619616472555 candidate=426170.19917800627 original=430958.13085490157 current=452743.03754080046 won=1 mode=1 camera_scale=1 keep_scale=0
ATTR_RADIUS o=7 raw_norm=24.278184863093106 norm=24.278189773343541 radius=28436.6330193266 next_radius=28436.6330193266 lambda=3.9062500000000012e-07 next_lambda=3.9062500000000016e-08 rho=0.60349786546639628 accept=1
CLASSICAL_LM o=7 lambda=3.9062500000000012e-07 tau=3.9062500000000012e-07 prediction=44031.370918367917 rho=0.60349786546639628 accept=1
PHASE_HANDOVER outer=8 reason=opening_cap flat_streak=0 accepted=8
  MFCG it   8 cost=4.261702e+05 lam=3.906e-08 tau=0.00e+00 cg_it=0 shift=0 ckpt=1 alpha=0 acc mv=668
PCG_PREP o=8 rebuild=1 drift=0 previous_depth=0
POINT_SAFE o=8 frozen=463 slope=-140427.75382701721 candidate=368891.1593520813 original=389985.03385282506 current=426170.19917800627 won=1 mode=1 camera_scale=1 keep_scale=0
ATTR_RADIUS o=8 raw_norm=70995.973263003325 norm=28436.633019326604 radius=28436.6330193266 next_radius=28436.6330193266 lambda=3.9062500000000016e-08 next_lambda=3.9062500000000016e-08 rho=0.58988972425171049 accept=1
CLASSICAL_LM o=8 lambda=3.9062500000000016e-08 tau=3.9062500000000016e-08 prediction=97101.267357360441 rho=0.58988972425171049 accept=1
  MFCG it   9 cost=3.688912e+05 lam=3.906e-08 tau=0.00e+00 cg_it=11 shift=0 ckpt=12 alpha=0 acc mv=681
PCG_PREP o=9 rebuild=1 drift=0 previous_depth=12
POINT_SAFE o=9 frozen=414 slope=-113188.28846971653 candidate=329108.88260167494 original=358705.96008476213 current=368891.1593520813 won=1 mode=1 camera_scale=1 keep_scale=0
ATTR_RADIUS o=9 raw_norm=13773.670199302949 norm=13773.670199302949 radius=28436.6330193266 next_radius=28436.6330193266 lambda=3.9062500000000016e-08 next_lambda=3.9062500000000015e-09 rho=0.73034651622723845 accept=1
CLASSICAL_LM o=9 lambda=3.9062500000000016e-08 tau=3.9062500000000016e-08 prediction=54470.413518106783 rho=0.73034651622723845 accept=1
  MFCG it  10 cost=3.291089e+05 lam=3.906e-09 tau=0.00e+00 cg_it=0 shift=0 ckpt=1 alpha=0 acc mv=683
PCG_PREP o=10 rebuild=1 drift=0 previous_depth=1
POINT_SAFE o=10 frozen=88 slope=-50593.77447072322 candidate=355624.05298935558 original=321242.64285787044 current=329108.88260167494 won=0 mode=1 camera_scale=1 keep_scale=0
ATTR_RADIUS o=10 raw_norm=53037.668048939377 norm=3554.5791274158255 radius=28436.6330193266 next_radius=28436.6330193266 lambda=3.9062500000000015e-09 next_lambda=3.9062500000000019e-10 rho=0.83193313593179419 accept=1
CLASSICAL_LM o=10 lambda=3.9062500000000015e-09 tau=3.9062500000000015e-09 prediction=9455.3749623087642 rho=0.83193313593179419 accept=1
  MFCG it  11 cost=3.212426e+05 lam=3.906e-10 tau=0.00e+00 cg_it=1 shift=0 ckpt=2 alpha=0 acc mv=686
PCG_PREP o=11 rebuild=1 drift=0 previous_depth=2
POINT_SAFE o=11 frozen=94 slope=-51416.154374421807 candidate=347359.73780719709 original=320334.42004900944 current=321242.64285787044 won=0 mode=1 camera_scale=1 keep_scale=0
ATTR_RADIUS o=11 raw_norm=55865.509202612899 norm=28436.633019326597 radius=28436.6330193266 next_radius=7109.1582548316501 lambda=3.9062500000000019e-10 next_lambda=6.250000000000003e-09 rho=0.034230923823345132 accept=0
CLASSICAL_LM o=11 lambda=3.9062500000000019e-10 tau=3.9062500000000019e-10 prediction=26532.23189499784 rho=0.034230923823345132 accept=0
  MFCG it  12  retry 1/8  lam=6.250e-09 tau_eff=3.906e-10  (assembly reused)
PCG_PREP o=11 rebuild=1 drift=0 previous_depth=2
POINT_SAFE o=11 frozen=26 slope=-34996.41768687759 candidate=314324.84379209159 original=313940.31874441885 current=321242.64285787044 won=0 mode=1 camera_scale=1 keep_scale=0
ATTR_RADIUS o=11 raw_norm=55816.840768993454 norm=3554.5791274158246 radius=7109.1582548316501 next_radius=7109.1582548316501 lambda=6.250000000000003e-09 next_lambda=6.2500000000000032e-10 rho=0.39602326438023355 accept=1
CLASSICAL_LM o=11 lambda=6.250000000000003e-09 tau=6.250000000000003e-09 prediction=18439.12913772765 rho=0.39602326438023355 accept=1
  MFCG it  12 cost=3.139403e+05 lam=6.250e-10 tau=0.00e+00 cg_it=1 shift=0 ckpt=2 alpha=0 acc mv=692
PCG_PREP o=12 rebuild=1 drift=0 previous_depth=2
ATTR_RADIUS o=12 raw_norm=54591.809948148708 norm=7109.1582548316474 radius=7109.1582548316501 next_radius=7109.1582548316501 lambda=6.2500000000000032e-10 next_lambda=6.2500000000000032e-10 rho=0.31399778070787737 accept=1
CLASSICAL_LM o=12 lambda=6.2500000000000032e-10 tau=6.2500000000000032e-10 prediction=19041.726638827575 rho=0.31399778070787737 accept=1
  MFCG it  13 cost=3.079613e+05 lam=6.250e-10 tau=0.00e+00 cg_it=1 shift=0 ckpt=2 alpha=0 acc mv=695
PCG_PREP o=13 rebuild=1 drift=0 previous_depth=2
ATTR_RADIUS o=13 raw_norm=13848.244258335662 norm=7109.1582548316492 radius=7109.1582548316501 next_radius=7109.1582548316501 lambda=6.2500000000000032e-10 next_lambda=6.2500000000000032e-10 rho=0.48278846014100735 accept=1
CLASSICAL_LM o=13 lambda=6.2500000000000032e-10 tau=6.2500000000000032e-10 prediction=16856.063700076367 rho=0.48278846014100735 accept=1
  MFCG it  14 cost=2.998233e+05 lam=6.250e-10 tau=0.00e+00 cg_it=0 shift=0 ckpt=1 alpha=0 acc mv=697
PCG_PREP o=14 rebuild=1 drift=0 previous_depth=1
ATTR_RADIUS o=14 raw_norm=15439.644898558639 norm=7109.1582548316501 radius=7109.1582548316501 next_radius=1777.2895637079125 lambda=6.2500000000000032e-10 next_lambda=1.0000000000000005e-08 rho=0.22206571275850262 accept=1
CLASSICAL_LM o=14 lambda=6.2500000000000032e-10 tau=6.2500000000000032e-10 prediction=12083.720666821246 rho=0.22206571275850262 accept=1
  MFCG it  15 cost=2.971400e+05 lam=1.000e-08 tau=0.00e+00 cg_it=0 shift=0 ckpt=1 alpha=0 acc mv=699
PCG_PREP o=15 rebuild=1 drift=0 previous_depth=1
POINT_SAFE o=15 frozen=2 slope=-5243.6557956423985 candidate=294479.17467752361 original=296547.16188601812 current=297139.96575853002 won=1 mode=1 camera_scale=1 keep_scale=0
ATTR_RADIUS o=15 raw_norm=74808.147316864241 norm=1777.2895637079125 radius=1777.2895637079125 next_radius=3554.579127415825 lambda=1.0000000000000005e-08 next_lambda=2.5000000000000013e-09 rho=0.88616030128801881 accept=1
CLASSICAL_LM o=15 lambda=1.0000000000000005e-08 tau=1.0000000000000005e-08 prediction=3002.6069517433716 rho=0.88616030128801881 accept=1
  MFCG it  16 cost=2.944792e+05 lam=2.500e-09 tau=0.00e+00 cg_it=1 shift=0 ckpt=2 alpha=0 acc mv=702
PCG_PREP o=16 rebuild=1 drift=0 previous_depth=2
POINT_SAFE o=16 frozen=1168 slope=-3281.707694635365 candidate=292359.70570864069 original=294467.21928375383 current=294479.17467752361 won=1 mode=1 camera_scale=1 keep_scale=0
ATTR_RADIUS o=16 raw_norm=15815.077520921213 norm=3554.5791274158246 radius=3554.579127415825 next_radius=7109.1582548316501 lambda=2.5000000000000013e-09 next_lambda=6.2500000000000032e-10 rho=0.7671474453721191 accept=1
CLASSICAL_LM o=16 lambda=2.5000000000000013e-09 tau=2.5000000000000013e-09 prediction=2762.7921876932487 rho=0.7671474453721191 accept=1
  MFCG it  17 cost=2.923597e+05 lam=6.250e-10 tau=0.00e+00 cg_it=0 shift=0 ckpt=1 alpha=0 acc mv=704
PCG_PREP o=17 rebuild=1 drift=0 previous_depth=1
POINT_SAFE o=17 frozen=434 slope=-2818.6570051830263 candidate=291832.49987853219 original=290930.68839355314 current=292359.70570864069 won=0 mode=1 camera_scale=1 keep_scale=0
ATTR_RADIUS o=17 raw_norm=75215.529601465096 norm=444.32239092697819 radius=7109.1582548316501 next_radius=7109.1582548316501 lambda=6.2500000000000032e-10 next_lambda=6.250000000000003e-11 rho=1.7146074734161096 accept=1
CLASSICAL_LM o=17 lambda=6.2500000000000032e-10 tau=6.2500000000000032e-10 prediction=833.43700365450798 rho=1.7146074734161096 accept=1
  MFCG it  18 cost=2.909307e+05 lam=6.250e-11 tau=0.00e+00 cg_it=1 shift=0 ckpt=2 alpha=0 acc mv=707
PCG_PREP o=18 rebuild=1 drift=0 previous_depth=2
POINT_SAFE o=18 frozen=429 slope=-2783.3795940777122 candidate=290444.33719256677 original=290324.92228975048 current=290930.68839355314 won=0 mode=1 camera_scale=1 keep_scale=0
ATTR_RADIUS o=18 raw_norm=75498.259614587078 norm=3554.5791274158255 radius=7109.1582548316501 next_radius=1777.2895637079125 lambda=6.250000000000003e-11 next_lambda=1.0000000000000005e-09 rho=0.13672452222153997 accept=1
CLASSICAL_LM o=18 lambda=6.250000000000003e-11 tau=6.250000000000003e-11 prediction=4430.5593024571726 rho=0.13672452222153997 accept=1
  MFCG it  19 cost=2.903249e+05 lam=1.000e-09 tau=0.00e+00 cg_it=1 shift=0 ckpt=2 alpha=0 acc mv=710
PCG_PREP o=19 rebuild=1 drift=0 previous_depth=2
ATTR_RADIUS o=19 raw_norm=16292.661907536998 norm=0 radius=1777.2895637079125 next_radius=444.32239092697813 lambda=1.0000000000000005e-09 next_lambda=1.6000000000000008e-08 rho=0.024286726173160546 accept=0
CLASSICAL_LM o=19 lambda=1.0000000000000005e-09 tau=1.0000000000000005e-09 prediction=5500.6427936752434 rho=0.024286726173160546 accept=0
  MFCG it  20  retry 1/8  lam=1.600e-08 tau_eff=1.000e-09  (assembly reused)
PCG_PREP o=19 rebuild=1 drift=0 previous_depth=1
POINT_SAFE o=19 frozen=1 slope=-501.25699700511188 candidate=289955.8551230079 original=287436.83896647295 current=290324.92228975048 won=0 mode=1 camera_scale=1 keep_scale=0
ATTR_RADIUS o=19 raw_norm=16228.328307729613 norm=222.16119546348915 radius=444.32239092697813 next_radius=444.32239092697813 lambda=1.6000000000000008e-08 next_lambda=1.6000000000000009e-09 rho=0.84341284350130119 accept=1
CLASSICAL_LM o=19 lambda=1.6000000000000008e-08 tau=1.6000000000000008e-08 prediction=3424.2818870152496 rho=0.84341284350130119 accept=1
  MFCG it  20 cost=2.874368e+05 lam=1.600e-09 tau=0.00e+00 cg_it=0 shift=0 ckpt=1 alpha=0 acc mv=714
PCG_PREP o=20 rebuild=1 drift=0 previous_depth=1
ATTR_RADIUS o=20 raw_norm=71676.202173274316 norm=444.32239092697841 radius=444.32239092697813 next_radius=444.32239092697813 lambda=1.6000000000000009e-09 next_lambda=1.6000000000000009e-09 rho=0.58195135669114162 accept=1
CLASSICAL_LM o=20 lambda=1.6000000000000009e-09 tau=1.6000000000000009e-09 prediction=2281.3366458282312 rho=0.58195135669114162 accept=1
  MFCG it  21 cost=2.861092e+05 lam=1.600e-09 tau=0.00e+00 cg_it=1 shift=0 ckpt=2 alpha=0 acc mv=717
PCG_PREP o=21 rebuild=1 drift=0 previous_depth=2
ATTR_RADIUS o=21 raw_norm=70504.367491790064 norm=444.3223909269783 radius=444.32239092697813 next_radius=444.32239092697813 lambda=1.6000000000000009e-09 next_lambda=1.6000000000000009e-09 rho=0.680597860711875 accept=1
CLASSICAL_LM o=21 lambda=1.6000000000000009e-09 tau=1.6000000000000009e-09 prediction=1007.9447864013291 rho=0.680597860711875 accept=1
  MFCG it  22 cost=2.854232e+05 lam=1.600e-09 tau=0.00e+00 cg_it=1 shift=0 ckpt=2 alpha=0 acc mv=720
PCG_PREP o=22 rebuild=1 drift=0 previous_depth=2
ATTR_RADIUS o=22 raw_norm=72872.760429252856 norm=444.32239092697802 radius=444.32239092697813 next_radius=888.64478185395626 lambda=1.6000000000000009e-09 next_lambda=4.0000000000000022e-10 rho=0.96900694841894641 accept=1
CLASSICAL_LM o=22 lambda=1.6000000000000009e-09 tau=1.6000000000000009e-09 prediction=336.00567344059743 rho=0.96900694841894641 accept=1
  MFCG it  23 cost=2.850976e+05 lam=4.000e-10 tau=0.00e+00 cg_it=1 shift=0 ckpt=2 alpha=0 acc mv=723
PCG_PREP o=23 rebuild=1 drift=0 previous_depth=2
ATTR_RADIUS o=23 raw_norm=73210.025644707348 norm=888.64478185395603 radius=888.64478185395626 next_radius=1777.2895637079125 lambda=4.0000000000000022e-10 next_lambda=1.0000000000000006e-10 rho=0.88837004154742327 accept=1
CLASSICAL_LM o=23 lambda=4.0000000000000022e-10 tau=4.0000000000000022e-10 prediction=332.78389407123279 rho=0.88837004154742327 accept=1
  MFCG it  24 cost=2.848020e+05 lam=1.000e-10 tau=0.00e+00 cg_it=1 shift=0 ckpt=2 alpha=0 acc mv=726
PCG_PREP o=24 rebuild=1 drift=0 previous_depth=2
ATTR_RADIUS o=24 raw_norm=73210.874986610812 norm=1777.2895637079123 radius=1777.2895637079125 next_radius=3554.579127415825 lambda=1.0000000000000006e-10 next_lambda=2.5000000000000014e-11 rho=0.77734584329661371 accept=1
CLASSICAL_LM o=24 lambda=1.0000000000000006e-10 tau=1.0000000000000006e-10 prediction=648.22506711365008 rho=0.77734584329661371 accept=1
  MFCG it  25 cost=2.842981e+05 lam=2.500e-11 tau=0.00e+00 cg_it=1 shift=0 ckpt=2 alpha=0 acc mv=729
PCG_PREP o=25 rebuild=1 drift=0 previous_depth=2
ATTR_RADIUS o=25 raw_norm=16300.01243424373 norm=3554.5791274158269 radius=3554.579127415825 next_radius=3554.579127415825 lambda=2.5000000000000014e-11 next_lambda=2.5000000000000014e-11 rho=0.72978997328189132 accept=1
CLASSICAL_LM o=25 lambda=2.5000000000000014e-11 tau=2.5000000000000014e-11 prediction=2141.8764028566156 rho=0.72978997328189132 accept=1
  MFCG it  26 cost=2.827350e+05 lam=2.500e-11 tau=0.00e+00 cg_it=0 shift=0 ckpt=1 alpha=0 acc mv=731
PCG_PREP o=26 rebuild=1 drift=0 previous_depth=1
ATTR_RADIUS o=26 raw_norm=77997.060004980871 norm=3554.5791274158228 radius=3554.579127415825 next_radius=888.64478185395626 lambda=2.5000000000000014e-11 next_lambda=4.0000000000000022e-10 rho=0.23600753859414048 accept=1
CLASSICAL_LM o=26 lambda=2.5000000000000014e-11 tau=2.5000000000000014e-11 prediction=1104.7662945444247 rho=0.23600753859414048 accept=1
  MFCG it  27 cost=2.824742e+05 lam=4.000e-10 tau=0.00e+00 cg_it=1 shift=0 ckpt=2 alpha=0 acc mv=734
PCG_PREP o=27 rebuild=1 drift=0 previous_depth=2
ATTR_RADIUS o=27 raw_norm=79653.128200000618 norm=888.64478185395637 radius=888.64478185395626 next_radius=1777.2895637079125 lambda=4.0000000000000022e-10 next_lambda=1.0000000000000006e-10 rho=0.87437291615788049 accept=1
CLASSICAL_LM o=27 lambda=4.0000000000000022e-10 tau=4.0000000000000022e-10 prediction=658.74306010272028 rho=0.87437291615788049 accept=1
  MFCG it  28 cost=2.818982e+05 lam=1.000e-10 tau=0.00e+00 cg_it=1 shift=0 ckpt=2 alpha=0 acc mv=737
PCG_PREP o=28 rebuild=1 drift=0 previous_depth=2
ATTR_RADIUS o=28 raw_norm=16385.265111396049 norm=1777.2895637079125 radius=1777.2895637079125 next_radius=3554.579127415825 lambda=1.0000000000000006e-10 next_lambda=2.5000000000000014e-11 rho=0.83696745154896812 accept=1
CLASSICAL_LM o=28 lambda=1.0000000000000006e-10 tau=1.0000000000000006e-10 prediction=990.97096752743721 rho=0.83696745154896812 accept=1
  MFCG it  29 cost=2.810688e+05 lam=2.500e-11 tau=0.00e+00 cg_it=0 shift=0 ckpt=1 alpha=0 acc mv=739
PCG_PREP o=29 rebuild=1 drift=0 previous_depth=1
ATTR_RADIUS o=29 raw_norm=81716.365386918682 norm=3554.579127415825 radius=3554.579127415825 next_radius=3554.579127415825 lambda=2.5000000000000014e-11 next_lambda=2.5000000000000014e-11 rho=0.49727452851720993 accept=1
CLASSICAL_LM o=29 lambda=2.5000000000000014e-11 tau=2.5000000000000014e-11 prediction=963.22372295761488 rho=0.49727452851720993 accept=1
  MFCG it  30 cost=2.805898e+05 lam=2.500e-11 tau=0.00e+00 cg_it=1 shift=0 ckpt=2 alpha=0 acc mv=742
PCG_PREP o=30 rebuild=1 drift=0 previous_depth=2
ATTR_RADIUS o=30 raw_norm=16228.266640037073 norm=3554.579127415826 radius=3554.579127415825 next_radius=3554.579127415825 lambda=2.5000000000000014e-11 next_lambda=2.5000000000000014e-11 rho=0.66419404696941442 accept=1
CLASSICAL_LM o=30 lambda=2.5000000000000014e-11 tau=2.5000000000000014e-11 prediction=1660.7210606437986 rho=0.66419404696941442 accept=1
  MFCG it  31 cost=2.794868e+05 lam=2.500e-11 tau=0.00e+00 cg_it=0 shift=0 ckpt=1 alpha=0 acc mv=744
PCG_PREP o=31 rebuild=1 drift=0 previous_depth=1
POINT_SAFE o=31 frozen=28 slope=-951.34782123784828 candidate=279051.48160149582 original=279152.10720074765 current=279486.80651223863 won=1 mode=1 camera_scale=1 keep_scale=0
ATTR_RADIUS o=31 raw_norm=88415.428929366943 norm=3554.5791274158232 radius=3554.579127415825 next_radius=3554.579127415825 lambda=2.5000000000000014e-11 next_lambda=2.5000000000000014e-11 rho=0.49480231915197465 accept=1
CLASSICAL_LM o=31 lambda=2.5000000000000014e-11 tau=2.5000000000000014e-11 prediction=879.79561512343309 rho=0.49480231915197465 accept=1
  MFCG it  32 cost=2.790515e+05 lam=2.500e-11 tau=0.00e+00 cg_it=1 shift=0 ckpt=2 alpha=0 acc mv=747
PCG_PREP o=32 rebuild=1 drift=0 previous_depth=2
POINT_SAFE o=32 frozen=962 slope=-1635.121678260258 candidate=278109.99819102837 original=278447.14214643039 current=279051.48160149582 won=1 mode=1 camera_scale=1 keep_scale=0
ATTR_RADIUS o=32 raw_norm=16295.961146237851 norm=3554.579127415825 radius=3554.579127415825 next_radius=3554.579127415825 lambda=2.5000000000000014e-11 next_lambda=2.5000000000000014e-11 rho=0.65756495837461393 accept=1
CLASSICAL_LM o=32 lambda=2.5000000000000014e-11 tau=2.5000000000000014e-11 prediction=1431.7724788660196 rho=0.65756495837461393 accept=1
  MFCG it  33 cost=2.781100e+05 lam=2.500e-11 tau=0.00e+00 cg_it=0 shift=0 ckpt=1 alpha=0 acc mv=749
PCG_PREP o=33 rebuild=1 drift=0 previous_depth=1
POINT_SAFE o=33 frozen=34 slope=-775.35953441046115 candidate=277798.66565215657 original=277842.35559359688 current=278109.99819102837 won=1 mode=1 camera_scale=1 keep_scale=0
ATTR_RADIUS o=33 raw_norm=96542.89991453971 norm=3554.5791274158241 radius=3554.579127415825 next_radius=3554.579127415825 lambda=2.5000000000000014e-11 next_lambda=2.5000000000000014e-11 rho=0.42228742803203451 accept=1
CLASSICAL_LM o=33 lambda=2.5000000000000014e-11 tau=2.5000000000000014e-11 prediction=737.25268195333433 rho=0.42228742803203451 accept=1
  MFCG it  34 cost=2.777987e+05 lam=2.500e-11 tau=0.00e+00 cg_it=1 shift=0 ckpt=2 alpha=0 acc mv=752
PCG_PREP o=34 rebuild=1 drift=0 previous_depth=2
ATTR_RADIUS o=34 raw_norm=16586.599495629434 norm=3554.5791274158232 radius=3554.579127415825 next_radius=3554.579127415825 lambda=2.5000000000000014e-11 next_lambda=2.5000000000000014e-11 rho=0.58223606555520446 accept=1
CLASSICAL_LM o=34 lambda=2.5000000000000014e-11 tau=2.5000000000000014e-11 prediction=1294.7261133413576 rho=0.58223606555520446 accept=1
  MFCG it  35 cost=2.770448e+05 lam=2.500e-11 tau=0.00e+00 cg_it=0 shift=0 ckpt=1 alpha=0 acc mv=754
PCG_PREP o=35 rebuild=1 drift=0 previous_depth=1
ATTR_RADIUS o=35 raw_norm=107638.7468354467 norm=3554.579127415825 radius=3554.579127415825 next_radius=3554.579127415825 lambda=2.5000000000000014e-11 next_lambda=2.5000000000000014e-11 rho=0.34504995411824618 accept=1
CLASSICAL_LM o=35 lambda=2.5000000000000014e-11 tau=2.5000000000000014e-11 prediction=681.74105531305088 rho=0.34504995411824618 accept=1
  MFCG it  36 cost=2.768096e+05 lam=2.500e-11 tau=0.00e+00 cg_it=1 shift=0 ckpt=2 alpha=0 acc mv=757
PCG_PREP o=36 rebuild=1 drift=0 previous_depth=2
ATTR_RADIUS o=36 raw_norm=17210.688269572362 norm=3554.5791274158255 radius=3554.579127415825 next_radius=3554.579127415825 lambda=2.5000000000000014e-11 next_lambda=2.5000000000000014e-11 rho=0.58382683189955753 accept=1
CLASSICAL_LM o=36 lambda=2.5000000000000014e-11 tau=2.5000000000000014e-11 prediction=1196.0440427476626 rho=0.58382683189955753 accept=1
  MFCG it  37 cost=2.761113e+05 lam=2.500e-11 tau=0.00e+00 cg_it=0 shift=0 ckpt=1 alpha=0 acc mv=759
PCG_PREP o=37 rebuild=1 drift=0 previous_depth=1
ATTR_RADIUS o=37 raw_norm=18431.330416966743 norm=3554.5791274158264 radius=3554.579127415825 next_radius=3554.579127415825 lambda=2.5000000000000014e-11 next_lambda=2.5000000000000014e-11 rho=0.55694691898716331 accept=1
CLASSICAL_LM o=37 lambda=2.5000000000000014e-11 tau=2.5000000000000014e-11 prediction=1000.6883891628001 rho=0.55694691898716331 accept=1
  MFCG it  38 cost=2.755540e+05 lam=2.500e-11 tau=0.00e+00 cg_it=0 shift=0 ckpt=1 alpha=0 acc mv=761
PCG_PREP o=38 rebuild=1 drift=0 previous_depth=1
POINT_SAFE o=38 frozen=37 slope=-515.12533995375952 candidate=275457.57570639439 original=275403.54589791811 current=275553.98177459667 won=0 mode=1 camera_scale=1 keep_scale=0
ATTR_RADIUS o=38 raw_norm=130215.28106651428 norm=1777.2895637079125 radius=3554.579127415825 next_radius=3554.579127415825 lambda=2.5000000000000014e-11 next_lambda=2.5000000000000015e-12 rho=0.58911066584907523 accept=1
CLASSICAL_LM o=38 lambda=2.5000000000000014e-11 tau=2.5000000000000014e-11 prediction=255.36097952281736 rho=0.58911066584907523 accept=1
  MFCG it  39 cost=2.754035e+05 lam=2.500e-12 tau=0.00e+00 cg_it=1 shift=0 ckpt=2 alpha=0 acc mv=764
PCG_PREP o=39 rebuild=1 drift=0 previous_depth=2
ATTR_RADIUS o=39 raw_norm=19797.904172793595 norm=3554.5791274158246 radius=3554.579127415825 next_radius=3554.579127415825 lambda=2.5000000000000015e-12 next_lambda=2.5000000000000015e-12 rho=0.50272089677844423 accept=1
CLASSICAL_LM o=39 lambda=2.5000000000000015e-12 tau=2.5000000000000015e-12 prediction=858.87829795466234 rho=0.50272089677844423 accept=1
  MFCG it  40 cost=2.749718e+05 lam=2.500e-12 tau=0.00e+00 cg_it=0 shift=0 ckpt=1 alpha=0 acc mv=766
PCG_PREP o=40 rebuild=1 drift=0 previous_depth=1
POINT_SAFE o=40 frozen=42 slope=-467.06942264800978 candidate=274923.50926775025 original=274951.95532017504 current=274971.7698297468 won=1 mode=1 camera_scale=1 keep_scale=0
ATTR_RADIUS o=40 raw_norm=145208.59286931716 norm=3554.5791274158241 radius=3554.579127415825 next_radius=888.64478185395626 lambda=2.5000000000000015e-12 next_lambda=4.0000000000000023e-11 rho=0.1099576871432292 accept=1
CLASSICAL_LM o=40 lambda=2.5000000000000015e-12 tau=2.5000000000000015e-12 prediction=438.90121055096012 rho=0.1099576871432292 accept=1
  MFCG it  41 cost=2.749235e+05 lam=4.000e-11 tau=0.00e+00 cg_it=1 shift=0 ckpt=2 alpha=0 acc mv=769
PCG_PREP o=41 rebuild=1 drift=0 previous_depth=2
ATTR_RADIUS o=41 raw_norm=20949.199962590221 norm=888.64478185395581 radius=888.64478185395626 next_radius=1777.2895637079125 lambda=4.0000000000000023e-11 next_lambda=1.0000000000000006e-11 rho=0.8485613012016554 accept=1
CLASSICAL_LM o=41 lambda=4.0000000000000023e-11 tau=4.0000000000000023e-11 prediction=232.95818774680134 rho=0.8485613012016554 accept=1
  MFCG it  42 cost=2.747258e+05 lam=1.000e-11 tau=0.00e+00 cg_it=0 shift=0 ckpt=1 alpha=0 acc mv=771
PCG_PREP o=42 rebuild=1 drift=0 previous_depth=1
ATTR_RADIUS o=42 raw_norm=21672.33806454056 norm=1777.2895637079127 radius=1777.2895637079125 next_radius=1777.2895637079125 lambda=1.0000000000000006e-11 next_lambda=1.0000000000000006e-11 rho=0.69375928323097769 accept=1
CLASSICAL_LM o=42 lambda=1.0000000000000006e-11 tau=1.0000000000000006e-11 prediction=402.5086450895601 rho=0.69375928323097769 accept=1
  MFCG it  43 cost=2.744466e+05 lam=1.000e-11 tau=0.00e+00 cg_it=0 shift=0 ckpt=1 alpha=0 acc mv=773
PCG_PREP o=43 rebuild=1 drift=0 previous_depth=1
ATTR_RADIUS o=43 raw_norm=22840.886215905295 norm=1777.2895637079123 radius=1777.2895637079125 next_radius=1777.2895637079125 lambda=1.0000000000000006e-11 next_lambda=1.0000000000000006e-11 rho=0.68279992563789638 accept=1
CLASSICAL_LM o=43 lambda=1.0000000000000006e-11 tau=1.0000000000000006e-11 prediction=361.00750311930614 rho=0.68279992563789638 accept=1
  MFCG it  44 cost=2.742001e+05 lam=1.000e-11 tau=0.00e+00 cg_it=0 shift=0 ckpt=1 alpha=0 acc mv=775
PCG_PREP o=44 rebuild=1 drift=0 previous_depth=1
ATTR_RADIUS o=44 raw_norm=173588.83672910917 norm=1777.2895637079127 radius=1777.2895637079125 next_radius=1777.2895637079125 lambda=1.0000000000000006e-11 next_lambda=1.0000000000000006e-11 rho=0.42173096836752755 accept=1
CLASSICAL_LM o=44 lambda=1.0000000000000006e-11 tau=1.0000000000000006e-11 prediction=170.96500427556572 rho=0.42173096836752755 accept=1
  MFCG it  45 cost=2.741280e+05 lam=1.000e-11 tau=0.00e+00 cg_it=1 shift=0 ckpt=2 alpha=0 acc mv=778
PCG_PREP o=45 rebuild=1 drift=0 previous_depth=2
ATTR_RADIUS o=45 raw_norm=24432.873389620392 norm=1777.2895637079125 radius=1777.2895637079125 next_radius=1777.2895637079125 lambda=1.0000000000000006e-11 next_lambda=1.0000000000000006e-11 rho=0.65783038993755638 accept=1
CLASSICAL_LM o=45 lambda=1.0000000000000006e-11 tau=1.0000000000000006e-11 prediction=327.23426718215342 rho=0.65783038993755638 accept=1
  MFCG it  46 cost=2.739127e+05 lam=1.000e-11 tau=0.00e+00 cg_it=0 shift=0 ckpt=1 alpha=0 acc mv=780
PCG_PREP o=46 rebuild=1 drift=0 previous_depth=1
ATTR_RADIUS o=46 raw_norm=188844.75215895299 norm=1777.2895637079127 radius=1777.2895637079125 next_radius=1777.2895637079125 lambda=1.0000000000000006e-11 next_lambda=1.0000000000000006e-11 rho=0.37479947604065578 accept=1
CLASSICAL_LM o=46 lambda=1.0000000000000006e-11 tau=1.0000000000000006e-11 prediction=155.49651278271881 rho=0.37479947604065578 accept=1
  MFCG it  47 cost=2.738544e+05 lam=1.000e-11 tau=0.00e+00 cg_it=1 shift=0 ckpt=2 alpha=0 acc mv=783
PCG_PREP o=47 rebuild=1 drift=0 previous_depth=2
ATTR_RADIUS o=47 raw_norm=26143.290237033627 norm=1777.2895637079127 radius=1777.2895637079125 next_radius=1777.2895637079125 lambda=1.0000000000000006e-11 next_lambda=1.0000000000000006e-11 rho=0.63387459782094768 accept=1
CLASSICAL_LM o=47 lambda=1.0000000000000006e-11 tau=1.0000000000000006e-11 prediction=298.36146467802456 rho=0.63387459782094768 accept=1
  MFCG it  48 cost=2.736653e+05 lam=1.000e-11 tau=0.00e+00 cg_it=0 shift=0 ckpt=1 alpha=0 acc mv=785
PCG_PREP o=48 rebuild=1 drift=0 previous_depth=1
ATTR_RADIUS o=48 raw_norm=205314.38388847653 norm=1777.2895637079123 radius=1777.2895637079125 next_radius=1777.2895637079125 lambda=1.0000000000000006e-11 next_lambda=1.0000000000000006e-11 rho=0.31263075347207303 accept=1
CLASSICAL_LM o=48 lambda=1.0000000000000006e-11 tau=1.0000000000000006e-11 prediction=140.53234315598857 rho=0.31263075347207303 accept=1
  MFCG it  49 cost=2.736214e+05 lam=1.000e-11 tau=0.00e+00 cg_it=1 shift=0 ckpt=2 alpha=0 acc mv=788
PCG_PREP o=49 rebuild=1 drift=0 previous_depth=2
ATTR_RADIUS o=49 raw_norm=27971.110621341682 norm=1777.2895637079125 radius=1777.2895637079125 next_radius=1777.2895637079125 lambda=1.0000000000000006e-11 next_lambda=1.0000000000000006e-11 rho=0.6050610961908881 accept=1
CLASSICAL_LM o=49 lambda=1.0000000000000006e-11 tau=1.0000000000000006e-11 prediction=274.27287268313256 rho=0.6050610961908881 accept=1
  MFCG it  50 cost=2.734554e+05 lam=1.000e-11 tau=0.00e+00 cg_it=0 shift=0 ckpt=1 alpha=0 acc mv=790
PCG_PREP o=50 rebuild=1 drift=0 previous_depth=1
ATTR_RADIUS o=50 raw_norm=29384.276691215357 norm=1777.2895637079127 radius=1777.2895637079125 next_radius=1777.2895637079125 lambda=1.0000000000000006e-11 next_lambda=1.0000000000000006e-11 rho=0.58928710027871389 accept=1
CLASSICAL_LM o=50 lambda=1.0000000000000006e-11 tau=1.0000000000000006e-11 prediction=253.04645327305451 rho=0.58928710027871389 accept=1
  MFCG it  51 cost=2.733063e+05 lam=1.000e-11 tau=0.00e+00 cg_it=0 shift=0 ckpt=1 alpha=0 acc mv=792
PCG_PREP o=51 rebuild=1 drift=0 previous_depth=1
ATTR_RADIUS o=51 raw_norm=232166.08158604198 norm=1777.2895637079112 radius=1777.2895637079125 next_radius=444.32239092697813 lambda=1.0000000000000006e-11 next_lambda=1.6000000000000009e-10 rho=0.22798367682631512 accept=1
CLASSICAL_LM o=51 lambda=1.0000000000000006e-11 tau=1.0000000000000006e-11 prediction=121.76180228263748 rho=0.22798367682631512 accept=1
  MFCG it  52 cost=2.732786e+05 lam=1.600e-10 tau=0.00e+00 cg_it=1 shift=0 ckpt=2 alpha=0 acc mv=795
PCG_PREP o=52 rebuild=1 drift=0 previous_depth=2
ATTR_RADIUS o=52 raw_norm=31311.63735099425 norm=444.32239092697824 radius=444.32239092697813 next_radius=888.64478185395626 lambda=1.6000000000000009e-10 next_lambda=4.0000000000000023e-11 rho=0.88077463305778303 accept=1
CLASSICAL_LM o=52 lambda=1.6000000000000009e-10 tau=1.6000000000000009e-10 prediction=60.770062360716651 rho=0.88077463305778303 accept=1
  MFCG it  53 cost=2.732250e+05 lam=4.000e-11 tau=0.00e+00 cg_it=0 shift=0 ckpt=1 alpha=0 acc mv=797
PCG_PREP o=53 rebuild=1 drift=0 previous_depth=1
ATTR_RADIUS o=53 raw_norm=31900.18929087049 norm=888.64478185395603 radius=888.64478185395626 next_radius=1777.2895637079125 lambda=4.0000000000000023e-11 next_lambda=1.0000000000000006e-11 rho=0.76326353361148946 accept=1
CLASSICAL_LM o=53 lambda=4.0000000000000023e-11 tau=4.0000000000000023e-11 prediction=115.87296339024289 rho=0.76326353361148946 accept=1
  MFCG it  54 cost=2.731366e+05 lam=1.000e-11 tau=0.00e+00 cg_it=0 shift=0 ckpt=1 alpha=0 acc mv=799
PCG_PREP o=54 rebuild=1 drift=0 previous_depth=1
ATTR_RADIUS o=54 raw_norm=249443.19436696355 norm=1777.2895637079118 radius=1777.2895637079125 next_radius=444.32239092697813 lambda=1.0000000000000006e-11 next_lambda=1.6000000000000009e-10 rho=0.15742199530386916 accept=1
CLASSICAL_LM o=54 lambda=1.0000000000000006e-11 tau=1.0000000000000006e-11 prediction=111.51102952066641 rho=0.15742199530386916 accept=1
  MFCG it  55 cost=2.731190e+05 lam=1.600e-10 tau=0.00e+00 cg_it=1 shift=0 ckpt=2 alpha=0 acc mv=802
PCG_PREP o=55 rebuild=1 drift=0 previous_depth=2
ATTR_RADIUS o=55 raw_norm=33381.218265767187 norm=444.32239092697813 radius=444.32239092697813 next_radius=888.64478185395626 lambda=1.6000000000000009e-10 next_lambda=4.0000000000000023e-11 rho=0.87250345110964589 accept=1
CLASSICAL_LM o=55 lambda=1.6000000000000009e-10 tau=1.6000000000000009e-10 prediction=56.396427478040998 rho=0.87250345110964589 accept=1
  MFCG it  56 cost=2.730698e+05 lam=4.000e-11 tau=0.00e+00 cg_it=0 shift=0 ckpt=1 alpha=0 acc mv=804
PCG_PREP o=56 rebuild=1 drift=0 previous_depth=1
ATTR_RADIUS o=56 raw_norm=33995.792800885531 norm=888.64478185395603 radius=888.64478185395626 next_radius=888.64478185395626 lambda=4.0000000000000023e-11 next_lambda=4.0000000000000023e-11 rho=0.74655091092107884 accept=1
CLASSICAL_LM o=56 lambda=4.0000000000000023e-11 tau=4.0000000000000023e-11 prediction=107.65018900492979 rho=0.74655091092107884 accept=1
  MFCG it  57 cost=2.729895e+05 lam=4.000e-11 tau=0.00e+00 cg_it=0 shift=0 ckpt=1 alpha=0 acc mv=806
PCG_PREP o=57 rebuild=1 drift=0 previous_depth=1
ATTR_RADIUS o=57 raw_norm=267429.32738127233 norm=888.64478185395615 radius=888.64478185395626 next_radius=888.64478185395626 lambda=4.0000000000000023e-11 next_lambda=4.0000000000000023e-11 rho=0.52890798334738032 accept=1
CLASSICAL_LM o=57 lambda=4.0000000000000023e-11 tau=4.0000000000000023e-11 prediction=51.652864509927959 rho=0.52890798334738032 accept=1
  MFCG it  58 cost=2.729621e+05 lam=4.000e-11 tau=0.00e+00 cg_it=1 shift=0 ckpt=2 alpha=0 acc mv=809
PCG_PREP o=58 rebuild=1 drift=0 previous_depth=2
ATTR_RADIUS o=58 raw_norm=35503.895612249704 norm=888.64478185395615 radius=888.64478185395626 next_radius=888.64478185395626 lambda=4.0000000000000023e-11 next_lambda=4.0000000000000023e-11 rho=0.73609327692227711 accept=1
CLASSICAL_LM o=58 lambda=4.0000000000000023e-11 tau=4.0000000000000023e-11 prediction=101.49100482564674 rho=0.73609327692227711 accept=1
  MFCG it  59 cost=2.728874e+05 lam=4.000e-11 tau=0.00e+00 cg_it=0 shift=0 ckpt=1 alpha=0 acc mv=811
PCG_PREP o=59 rebuild=1 drift=0 previous_depth=1
ATTR_RADIUS o=59 raw_norm=278486.51097183989 norm=888.64478185395615 radius=888.64478185395626 next_radius=888.64478185395626 lambda=4.0000000000000023e-11 next_lambda=4.0000000000000023e-11 rho=0.511714016466017 accept=1
CLASSICAL_LM o=59 lambda=4.0000000000000023e-11 tau=4.0000000000000023e-11 prediction=49.250395406380449 rho=0.511714016466017 accept=1
  MFCG it  60 cost=2.728622e+05 lam=4.000e-11 tau=0.00e+00 cg_it=1 shift=0 ckpt=2 alpha=0 acc mv=814
PCG_PREP o=60 rebuild=1 drift=0 previous_depth=2
ATTR_RADIUS o=60 raw_norm=284022.98850929074 norm=888.64478185395603 radius=888.64478185395626 next_radius=888.64478185395626 lambda=4.0000000000000023e-11 next_lambda=4.0000000000000023e-11 rho=0.49633630190773992 accept=1
CLASSICAL_LM o=60 lambda=4.0000000000000023e-11 tau=4.0000000000000023e-11 prediction=48.211936816571018 rho=0.49633630190773992 accept=1
  MFCG it  61 cost=2.728383e+05 lam=4.000e-11 tau=0.00e+00 cg_it=1 shift=0 ckpt=2 alpha=0 acc mv=817
PCG_PREP o=61 rebuild=1 drift=0 previous_depth=2
ATTR_RADIUS o=61 raw_norm=37613.51825763144 norm=888.64478185395615 radius=888.64478185395626 next_radius=888.64478185395626 lambda=4.0000000000000023e-11 next_lambda=4.0000000000000023e-11 rho=0.71966604181510285 accept=1
CLASSICAL_LM o=61 lambda=4.0000000000000023e-11 tau=4.0000000000000023e-11 prediction=94.884896418310262 rho=0.71966604181510285 accept=1
  MFCG it  62 cost=2.727700e+05 lam=4.000e-11 tau=0.00e+00 cg_it=0 shift=0 ckpt=1 alpha=0 acc mv=819
PCG_PREP o=62 rebuild=1 drift=0 previous_depth=1
ATTR_RADIUS o=62 raw_norm=295284.39485750324 norm=888.64478185395581 radius=888.64478185395626 next_radius=888.64478185395626 lambda=4.0000000000000023e-11 next_lambda=4.0000000000000023e-11 rho=0.47797578480133635 accept=1
CLASSICAL_LM o=62 lambda=4.0000000000000023e-11 tau=4.0000000000000023e-11 prediction=46.073429595689262 rho=0.47797578480133635 accept=1
  MFCG it  63 cost=2.727480e+05 lam=4.000e-11 tau=0.00e+00 cg_it=1 shift=0 ckpt=2 alpha=0 acc mv=822
PCG_PREP o=63 rebuild=1 drift=0 previous_depth=2
ATTR_RADIUS o=63 raw_norm=39224.818408054263 norm=888.64478185395626 radius=888.64478185395626 next_radius=888.64478185395626 lambda=4.0000000000000023e-11 next_lambda=4.0000000000000023e-11 rho=0.70801554582715431 accept=1
CLASSICAL_LM o=63 lambda=4.0000000000000023e-11 tau=4.0000000000000023e-11 prediction=89.905811097565078 rho=0.70801554582715431 accept=1
  MFCG it  64 cost=2.726843e+05 lam=4.000e-11 tau=0.00e+00 cg_it=0 shift=0 ckpt=1 alpha=0 acc mv=824
PCG_PREP o=64 rebuild=1 drift=0 previous_depth=1
ATTR_RADIUS o=64 raw_norm=306585.48193297221 norm=888.64478185395683 radius=888.64478185395626 next_radius=888.64478185395626 lambda=4.0000000000000023e-11 next_lambda=4.0000000000000023e-11 rho=0.45874024590992357 accept=1
CLASSICAL_LM o=64 lambda=4.0000000000000023e-11 tau=4.0000000000000023e-11 prediction=44.085522518142618 rho=0.45874024590992357 accept=1
  MFCG it  65 cost=2.726641e+05 lam=4.000e-11 tau=0.00e+00 cg_it=1 shift=0 ckpt=2 alpha=0 acc mv=827
PCG_PREP o=65 rebuild=1 drift=0 previous_depth=2
ATTR_RADIUS o=65 raw_norm=40872.872063781651 norm=888.64478185395637 radius=888.64478185395626 next_radius=888.64478185395626 lambda=4.0000000000000023e-11 next_lambda=4.0000000000000023e-11 rho=0.69596987953867728 accept=1
CLASSICAL_LM o=65 lambda=4.0000000000000023e-11 tau=4.0000000000000023e-11 prediction=85.374025570106753 rho=0.69596987953867728 accept=1
  MFCG it  66 cost=2.726047e+05 lam=4.000e-11 tau=0.00e+00 cg_it=0 shift=0 ckpt=1 alpha=0 acc mv=829
PCG_PREP o=66 rebuild=1 drift=0 previous_depth=1
ATTR_RADIUS o=66 raw_norm=317854.58899710706 norm=888.64478185395637 radius=888.64478185395626 next_radius=888.64478185395626 lambda=4.0000000000000023e-11 next_lambda=4.0000000000000023e-11 rho=0.4388765771390008 accept=1
CLASSICAL_LM o=66 lambda=4.0000000000000023e-11 tau=4.0000000000000023e-11 prediction=42.25328829496388 rho=0.4388765771390008 accept=1
  MFCG it  67 cost=2.725862e+05 lam=4.000e-11 tau=0.00e+00 cg_it=1 shift=0 ckpt=2 alpha=0 acc mv=832
PCG_PREP o=67 rebuild=1 drift=0 previous_depth=2
ATTR_RADIUS o=67 raw_norm=42553.682367273228 norm=888.64478185395592 radius=888.64478185395626 next_radius=888.64478185395626 lambda=4.0000000000000023e-11 next_lambda=4.0000000000000023e-11 rho=0.68354412923510677 accept=1
CLASSICAL_LM o=67 lambda=4.0000000000000023e-11 tau=4.0000000000000023e-11 prediction=81.243950164525259 rho=0.68354412923510677 accept=1
  MFCG it  68 cost=2.725306e+05 lam=4.000e-11 tau=0.00e+00 cg_it=0 shift=0 ckpt=1 alpha=0 acc mv=834
PCG_PREP o=68 rebuild=1 drift=0 previous_depth=1
ATTR_RADIUS o=68 raw_norm=329038.26637183886 norm=888.64478185395615 radius=888.64478185395626 next_radius=888.64478185395626 lambda=4.0000000000000023e-11 next_lambda=4.0000000000000023e-11 rho=0.41843797835118479 accept=1
CLASSICAL_LM o=68 lambda=4.0000000000000023e-11 tau=4.0000000000000023e-11 prediction=40.565243044740889 rho=0.41843797835118479 accept=1
  MFCG it  69 cost=2.725137e+05 lam=4.000e-11 tau=0.00e+00 cg_it=1 shift=0 ckpt=2 alpha=0 acc mv=837
PCG_PREP o=69 rebuild=1 drift=0 previous_depth=2
ATTR_RADIUS o=69 raw_norm=334569.37186588766 norm=888.64478185395592 radius=888.64478185395626 next_radius=888.64478185395626 lambda=4.0000000000000023e-11 next_lambda=4.0000000000000023e-11 rho=0.40152601734696092 accept=1
CLASSICAL_LM o=69 lambda=4.0000000000000023e-11 tau=4.0000000000000023e-11 prediction=39.831071487952798 rho=0.40152601734696092 accept=1
  MFCG it  70 cost=2.724977e+05 lam=4.000e-11 tau=0.00e+00 cg_it=1 shift=0 ckpt=2 alpha=0 acc mv=840
PCG_PREP o=70 rebuild=1 drift=0 previous_depth=2
ATTR_RADIUS o=70 raw_norm=44893.493653020763 norm=888.64478185395615 radius=888.64478185395626 next_radius=888.64478185395626 lambda=4.0000000000000023e-11 next_lambda=4.0000000000000023e-11 rho=0.66455184637018583 accept=1
CLASSICAL_LM o=70 lambda=4.0000000000000023e-11 tau=4.0000000000000023e-11 prediction=76.79128266756716 rho=0.66455184637018583 accept=1
  MFCG it  71 cost=2.724466e+05 lam=4.000e-11 tau=0.00e+00 cg_it=0 shift=0 ckpt=1 alpha=0 acc mv=842
PCG_PREP o=71 rebuild=1 drift=0 previous_depth=1
ATTR_RADIUS o=71 raw_norm=345446.61411692254 norm=888.64478185395637 radius=888.64478185395626 next_radius=888.64478185395626 lambda=4.0000000000000023e-11 next_lambda=4.0000000000000023e-11 rho=0.38054556993453537 accept=1
CLASSICAL_LM o=71 lambda=4.0000000000000023e-11 tau=4.0000000000000023e-11 prediction=38.353484227018789 rho=0.38054556993453537 accept=1
  MFCG it  72 cost=2.724320e+05 lam=4.000e-11 tau=0.00e+00 cg_it=1 shift=0 ckpt=2 alpha=0 acc mv=845
PCG_PREP o=72 rebuild=1 drift=0 previous_depth=2
ATTR_RADIUS o=72 raw_norm=46632.215988921176 norm=888.64478185395626 radius=888.64478185395626 next_radius=888.64478185395626 lambda=4.0000000000000023e-11 next_lambda=4.0000000000000023e-11 rho=0.65131044002108629 accept=1
CLASSICAL_LM o=72 lambda=4.0000000000000023e-11 tau=4.0000000000000023e-11 prediction=73.436480477236401 rho=0.65131044002108629 accept=1
  MFCG it  73 cost=2.723842e+05 lam=4.000e-11 tau=0.00e+00 cg_it=0 shift=0 ckpt=1 alpha=0 acc mv=847
PCG_PREP o=73 rebuild=1 drift=0 previous_depth=1
ATTR_RADIUS o=73 raw_norm=47732.282978243456 norm=888.64478185395603 radius=888.64478185395626 next_radius=888.64478185395626 lambda=4.0000000000000023e-11 next_lambda=4.0000000000000023e-11 rho=0.64433628714748259 accept=1
CLASSICAL_LM o=73 lambda=4.0000000000000023e-11 tau=4.0000000000000023e-11 prediction=70.94605222450997 rho=0.64433628714748259 accept=1
  MFCG it  74 cost=2.723385e+05 lam=4.000e-11 tau=0.00e+00 cg_it=0 shift=0 ckpt=1 alpha=0 acc mv=849
PCG_PREP o=74 rebuild=1 drift=0 previous_depth=1
ATTR_RADIUS o=74 raw_norm=361083.66069535789 norm=888.64478185395603 radius=888.64478185395626 next_radius=888.64478185395626 lambda=4.0000000000000023e-11 next_lambda=4.0000000000000023e-11 rho=0.35487388348582821 accept=1
CLASSICAL_LM o=74 lambda=4.0000000000000023e-11 tau=4.0000000000000023e-11 prediction=36.311768300871925 rho=0.35487388348582821 accept=1
  MFCG it  75 cost=2.723256e+05 lam=4.000e-11 tau=0.00e+00 cg_it=1 shift=0 ckpt=2 alpha=0 acc mv=852
PCG_PREP o=75 rebuild=1 drift=0 previous_depth=2
ATTR_RADIUS o=75 raw_norm=49493.213849555243 norm=888.64478185395672 radius=888.64478185395626 next_radius=888.64478185395626 lambda=4.0000000000000023e-11 next_lambda=4.0000000000000023e-11 rho=0.63064388088085621 accept=1
CLASSICAL_LM o=75 lambda=4.0000000000000023e-11 tau=4.0000000000000023e-11 prediction=68.069891959068272 rho=0.63064388088085621 accept=1
  MFCG it  76 cost=2.722827e+05 lam=4.000e-11 tau=0.00e+00 cg_it=0 shift=0 ckpt=1 alpha=0 acc mv=854
PCG_PREP o=76 rebuild=1 drift=0 previous_depth=1
ATTR_RADIUS o=76 raw_norm=370950.45942799968 norm=888.64478185395649 radius=888.64478185395626 next_radius=888.64478185395626 lambda=4.0000000000000023e-11 next_lambda=4.0000000000000023e-11 rho=0.33357629721374471 accept=1
CLASSICAL_LM o=76 lambda=4.0000000000000023e-11 tau=4.0000000000000023e-11 prediction=35.141848677475238 rho=0.33357629721374471 accept=1
  MFCG it  77 cost=2.722710e+05 lam=4.000e-11 tau=0.00e+00 cg_it=1 shift=0 ckpt=2 alpha=0 acc mv=857
PCG_PREP o=77 rebuild=1 drift=0 previous_depth=2
ATTR_RADIUS o=77 raw_norm=51257.707477899326 norm=888.64478185395637 radius=888.64478185395626 next_radius=888.64478185395626 lambda=4.0000000000000023e-11 next_lambda=4.0000000000000023e-11 rho=0.61679657314239056 accept=1
CLASSICAL_LM o=77 lambda=4.0000000000000023e-11 tau=4.0000000000000023e-11 prediction=65.452423791786345 rho=0.61679657314239056 accept=1
  MFCG it  78 cost=2.722306e+05 lam=4.000e-11 tau=0.00e+00 cg_it=0 shift=0 ckpt=1 alpha=0 acc mv=859
PCG_PREP o=78 rebuild=1 drift=0 previous_depth=1
ATTR_RADIUS o=78 raw_norm=380199.72683187318 norm=888.64478185395581 radius=888.64478185395626 next_radius=888.64478185395626 lambda=4.0000000000000023e-11 next_lambda=4.0000000000000023e-11 rho=0.31255129746170485 accept=1
CLASSICAL_LM o=78 lambda=4.0000000000000023e-11 tau=4.0000000000000023e-11 prediction=34.090829058300713 rho=0.31255129746170485 accept=1
  MFCG it  79 cost=2.722199e+05 lam=4.000e-11 tau=0.00e+00 cg_it=1 shift=0 ckpt=2 alpha=0 acc mv=862
PCG_PREP o=79 rebuild=1 drift=0 previous_depth=2
ATTR_RADIUS o=79 raw_norm=53018.146259182977 norm=888.64478185395637 radius=888.64478185395626 next_radius=888.64478185395626 lambda=4.0000000000000023e-11 next_lambda=4.0000000000000023e-11 rho=0.60281211927537992 accept=1
CLASSICAL_LM o=79 lambda=4.0000000000000023e-11 tau=4.0000000000000023e-11 prediction=63.066518392905444 rho=0.60281211927537992 accept=1
  MFCG it  80 cost=2.721819e+05 lam=4.000e-11 tau=0.00e+00 cg_it=0 shift=0 ckpt=1 alpha=0 acc mv=864
PCG_PREP o=80 rebuild=1 drift=0 previous_depth=1
ATTR_RADIUS o=80 raw_norm=54106.06459968222 norm=888.64478185395637 radius=888.64478185395626 next_radius=888.64478185395626 lambda=4.0000000000000023e-11 next_lambda=4.0000000000000023e-11 rho=0.59559105563327774 accept=1
CLASSICAL_LM o=80 lambda=4.0000000000000023e-11 tau=4.0000000000000023e-11 prediction=61.271846916792107 rho=0.59559105563327774 accept=1
  MFCG it  81 cost=2.721454e+05 lam=4.000e-11 tau=0.00e+00 cg_it=0 shift=0 ckpt=1 alpha=0 acc mv=866
PCG_PREP o=81 rebuild=1 drift=0 previous_depth=1
ATTR_RADIUS o=81 raw_norm=392602.78730422491 norm=888.64478185395649 radius=888.64478185395626 next_radius=888.64478185395626 lambda=4.0000000000000023e-11 next_lambda=4.0000000000000023e-11 rho=0.28828146137674626 accept=1
CLASSICAL_LM o=81 lambda=4.0000000000000023e-11 tau=4.0000000000000023e-11 prediction=32.691894213771064 rho=0.28828146137674626 accept=1
  MFCG it  82 cost=2.721360e+05 lam=4.000e-11 tau=0.00e+00 cg_it=1 shift=0 ckpt=2 alpha=0 acc mv=869
PCG_PREP o=82 rebuild=1 drift=0 previous_depth=2
ATTR_RADIUS o=82 raw_norm=55843.427648298901 norm=888.64478185395637 radius=888.64478185395626 next_radius=888.64478185395626 lambda=4.0000000000000023e-11 next_lambda=4.0000000000000023e-11 rho=0.58145280296995061 accept=1
CLASSICAL_LM o=82 lambda=4.0000000000000023e-11 tau=4.0000000000000023e-11 prediction=59.230071430848945 rho=0.58145280296995061 accept=1
  MFCG it  83 cost=2.721016e+05 lam=4.000e-11 tau=0.00e+00 cg_it=0 shift=0 ckpt=1 alpha=0 acc mv=871
PCG_PREP o=83 rebuild=1 drift=0 previous_depth=1
ATTR_RADIUS o=83 raw_norm=56908.247251407854 norm=888.6447818539566 radius=888.64478185395626 next_radius=888.64478185395626 lambda=4.0000000000000023e-11 next_lambda=4.0000000000000023e-11 rho=0.5742652929742601 accept=1
CLASSICAL_LM o=83 lambda=4.0000000000000023e-11 tau=4.0000000000000023e-11 prediction=57.683676006764465 rho=0.5742652929742601 accept=1
  MFCG it  84 cost=2.720684e+05 lam=4.000e-11 tau=0.00e+00 cg_it=0 shift=0 ckpt=1 alpha=0 acc mv=873
PCG_PREP o=84 rebuild=1 drift=0 previous_depth=1
ATTR_RADIUS o=84 raw_norm=402991.53016142698 norm=888.64478185395581 radius=888.64478185395626 next_radius=888.64478185395626 lambda=4.0000000000000023e-11 next_lambda=4.0000000000000023e-11 rho=0.26581923249364586 accept=1
CLASSICAL_LM o=84 lambda=4.0000000000000023e-11 tau=4.0000000000000023e-11 prediction=31.545473820519895 rho=0.26581923249364586 accept=1
  MFCG it  85 cost=2.720600e+05 lam=4.000e-11 tau=0.00e+00 cg_it=1 shift=0 ckpt=2 alpha=0 acc mv=876
PCG_PREP o=85 rebuild=1 drift=0 previous_depth=2
ATTR_RADIUS o=85 raw_norm=58597.842323003169 norm=888.64478185395637 radius=888.64478185395626 next_radius=888.64478185395626 lambda=4.0000000000000023e-11 next_lambda=4.0000000000000023e-11 rho=0.56019150681157137 accept=1
CLASSICAL_LM o=85 lambda=4.0000000000000023e-11 tau=4.0000000000000023e-11 prediction=55.950212970186584 rho=0.56019150681157137 accept=1
  MFCG it  86 cost=2.720287e+05 lam=4.000e-11 tau=0.00e+00 cg_it=0 shift=0 ckpt=1 alpha=0 acc mv=878
PCG_PREP o=86 rebuild=1 drift=0 previous_depth=1
ATTR_RADIUS o=86 raw_norm=59624.612022683315 norm=888.64478185395672 radius=888.64478185395626 next_radius=888.64478185395626 lambda=4.0000000000000023e-11 next_lambda=4.0000000000000023e-11 rho=0.5531322212115718 accept=1
CLASSICAL_LM o=86 lambda=4.0000000000000023e-11 tau=4.0000000000000023e-11 prediction=54.618501853639742 rho=0.5531322212115718 accept=1
  MFCG it  87 cost=2.719985e+05 lam=4.000e-11 tau=0.00e+00 cg_it=0 shift=0 ckpt=1 alpha=0 acc mv=880
PCG_PREP o=87 rebuild=1 drift=0 previous_depth=1
ATTR_RADIUS o=87 raw_norm=410845.44101183052 norm=888.64478185395706 radius=888.64478185395626 next_radius=222.16119546348907 lambda=4.0000000000000023e-11 next_lambda=6.4000000000000037e-10 rho=0.24625432029039557 accept=1
CLASSICAL_LM o=87 lambda=4.0000000000000023e-11 tau=4.0000000000000023e-11 prediction=30.654260137674708 rho=0.24625432029039557 accept=1
  MFCG it  88 cost=2.719909e+05 lam=6.400e-10 tau=0.00e+00 cg_it=1 shift=0 ckpt=2 alpha=0 acc mv=883
PCG_PREP o=88 rebuild=1 drift=0 previous_depth=2
ATTR_RADIUS o=88 raw_norm=59059.094228253838 norm=222.16119546348915 radius=222.16119546348907 next_radius=444.32239092697813 lambda=6.4000000000000037e-10 next_lambda=1.6000000000000009e-10 rho=0.88419862413895434 accept=1
CLASSICAL_LM o=88 lambda=6.4000000000000037e-10 tau=6.4000000000000037e-10 prediction=13.871856125716926 rho=0.88419862413895434 accept=1
  MFCG it  89 cost=2.719787e+05 lam=1.600e-10 tau=0.00e+00 cg_it=0 shift=0 ckpt=1 alpha=0 acc mv=885
PCG_PREP o=89 rebuild=1 drift=0 previous_depth=1
ATTR_RADIUS o=89 raw_norm=61127.901341916688 norm=444.32239092697813 radius=444.32239092697813 next_radius=888.64478185395626 lambda=1.6000000000000009e-10 next_lambda=4.0000000000000023e-11 rho=0.76391102623904561 accept=1
CLASSICAL_LM o=89 lambda=1.6000000000000009e-10 tau=1.6000000000000009e-10 prediction=26.609462850981082 rho=0.76391102623904561 accept=1
  MFCG it  90 cost=2.719583e+05 lam=4.000e-11 tau=0.00e+00 cg_it=0 shift=0 ckpt=1 alpha=0 acc mv=887
PCG_PREP o=90 rebuild=1 drift=0 previous_depth=1
ATTR_RADIUS o=90 raw_norm=414610.49152176111 norm=888.64478185395592 radius=888.64478185395626 next_radius=222.16119546348907 lambda=4.0000000000000023e-11 next_lambda=6.4000000000000037e-10 rho=0.23364823994802017 accept=1
CLASSICAL_LM o=90 lambda=4.0000000000000023e-11 tau=4.0000000000000023e-11 prediction=30.168155357323958 rho=0.23364823994802017 accept=1
  MFCG it  91 cost=2.719513e+05 lam=6.400e-10 tau=0.00e+00 cg_it=1 shift=0 ckpt=2 alpha=0 acc mv=890
PCG_PREP o=91 rebuild=1 drift=0 previous_depth=2
ATTR_RADIUS o=91 raw_norm=60372.3784227098 norm=222.16119546348907 radius=222.16119546348907 next_radius=444.32239092697813 lambda=6.4000000000000037e-10 next_lambda=1.6000000000000009e-10 rho=0.88137356267532452 accept=1
CLASSICAL_LM o=91 lambda=6.4000000000000037e-10 tau=6.4000000000000037e-10 prediction=13.527235091163901 rho=0.88137356267532452 accept=1
  MFCG it  92 cost=2.719394e+05 lam=1.600e-10 tau=0.00e+00 cg_it=0 shift=0 ckpt=1 alpha=0 acc mv=892
PCG_PREP o=92 rebuild=1 drift=0 previous_depth=1
ATTR_RADIUS o=92 raw_norm=62600.946467886075 norm=444.32239092697819 radius=444.32239092697813 next_radius=888.64478185395626 lambda=1.6000000000000009e-10 next_lambda=4.0000000000000023e-11 rho=0.75770622720608216 accept=1
CLASSICAL_LM o=92 lambda=1.6000000000000009e-10 tau=1.6000000000000009e-10 prediction=25.903361796232023 rho=0.75770622720608216 accept=1
  MFCG it  93 cost=2.719197e+05 lam=4.000e-11 tau=0.00e+00 cg_it=0 shift=0 ckpt=1 alpha=0 acc mv=894
PCG_PREP o=93 rebuild=1 drift=0 previous_depth=1
ATTR_RADIUS o=93 raw_norm=63690.177331879022 norm=888.64478185395637 radius=888.64478185395626 next_radius=888.64478185395626 lambda=4.0000000000000023e-11 next_lambda=4.0000000000000023e-11 rho=0.52071591016944008 accept=1
CLASSICAL_LM o=93 lambda=4.0000000000000023e-11 tau=4.0000000000000023e-11 prediction=50.470870544735163 rho=0.52071591016944008 accept=1
  MFCG it  94 cost=2.718935e+05 lam=4.000e-11 tau=0.00e+00 cg_it=0 shift=0 ckpt=1 alpha=0 acc mv=896
PCG_PREP o=94 rebuild=1 drift=0 previous_depth=1
ATTR_RADIUS o=94 raw_norm=418184.14744893316 norm=888.64478185395637 radius=888.64478185395626 next_radius=222.16119546348907 lambda=4.0000000000000023e-11 next_lambda=6.4000000000000037e-10 rho=0.22465628320465356 accept=1
CLASSICAL_LM o=94 lambda=4.0000000000000023e-11 tau=4.0000000000000023e-11 prediction=29.686014872723984 rho=0.22465628320465356 accept=1
  MFCG it  95 cost=2.718868e+05 lam=6.400e-10 tau=0.00e+00 cg_it=1 shift=0 ckpt=2 alpha=0 acc mv=899
PCG_PREP o=95 rebuild=1 drift=0 previous_depth=2
ATTR_RADIUS o=95 raw_norm=62380.728468313086 norm=222.16119546348904 radius=222.16119546348907 next_radius=444.32239092697813 lambda=6.4000000000000037e-10 next_lambda=1.6000000000000009e-10 rho=0.87722752483061339 accept=1
CLASSICAL_LM o=95 lambda=6.4000000000000037e-10 tau=6.4000000000000037e-10 prediction=12.982729312050456 rho=0.87722752483061339 accept=1
  MFCG it  96 cost=2.718754e+05 lam=1.600e-10 tau=0.00e+00 cg_it=0 shift=0 ckpt=1 alpha=0 acc mv=901
PCG_PREP o=96 rebuild=1 drift=0 previous_depth=1
ATTR_RADIUS o=96 raw_norm=64881.524467687421 norm=444.32239092697813 radius=444.32239092697813 next_radius=444.32239092697813 lambda=1.6000000000000009e-10 next_lambda=1.6000000000000009e-10 rho=0.74844850318427047 accept=1
CLASSICAL_LM o=96 lambda=1.6000000000000009e-10 tau=1.6000000000000009e-10 prediction=24.78790105999823 rho=0.74844850318427047 accept=1
  MFCG it  97 cost=2.718569e+05 lam=1.600e-10 tau=0.00e+00 cg_it=0 shift=0 ckpt=1 alpha=0 acc mv=903
PCG_PREP o=97 rebuild=1 drift=0 previous_depth=1
ATTR_RADIUS o=97 raw_norm=65422.33687633412 norm=444.32239092697813 radius=444.32239092697813 next_radius=444.32239092697813 lambda=1.6000000000000009e-10 next_lambda=1.6000000000000009e-10 rho=0.74672463355272767 accept=1
CLASSICAL_LM o=97 lambda=1.6000000000000009e-10 tau=1.6000000000000009e-10 prediction=24.454462353973621 rho=0.74672463355272767 accept=1
  MFCG it  98 cost=2.718386e+05 lam=1.600e-10 tau=0.00e+00 cg_it=0 shift=0 ckpt=1 alpha=0 acc mv=905
PCG_PREP o=98 rebuild=1 drift=0 previous_depth=1
ATTR_RADIUS o=98 raw_norm=412573.1587513159 norm=444.32239092697807 radius=444.32239092697813 next_radius=444.32239092697813 lambda=1.6000000000000009e-10 next_lambda=1.6000000000000009e-10 rho=0.60721042476381137 accept=1
CLASSICAL_LM o=98 lambda=1.6000000000000009e-10 tau=1.6000000000000009e-10 prediction=14.902459744346517 rho=0.60721042476381137 accept=1
  MFCG it  99 cost=2.718295e+05 lam=1.600e-10 tau=0.00e+00 cg_it=1 shift=0 ckpt=2 alpha=0 acc mv=908
PCG_PREP o=99 rebuild=1 drift=0 previous_depth=2
ATTR_RADIUS o=99 raw_norm=66310.744364078113 norm=444.32239092697802 radius=444.32239092697813 next_radius=444.32239092697813 lambda=1.6000000000000009e-10 next_lambda=1.6000000000000009e-10 rho=0.74323129655097664 accept=1
CLASSICAL_LM o=99 lambda=1.6000000000000009e-10 tau=1.6000000000000009e-10 prediction=24.016635798956763 rho=0.74323129655097664 accept=1
  MFCG it 100 cost=2.718117e+05 lam=1.600e-10 tau=0.00e+00 cg_it=0 shift=0 ckpt=1 alpha=0 acc mv=910
PCG_PREP o=100 rebuild=1 drift=0 previous_depth=1
ATTR_RADIUS o=100 raw_norm=412415.12579539127 norm=444.32239092697836 radius=444.32239092697813 next_radius=444.32239092697813 lambda=1.6000000000000009e-10 next_lambda=1.6000000000000009e-10 rho=0.60722940882733334 accept=1
CLASSICAL_LM o=100 lambda=1.6000000000000009e-10 tau=1.6000000000000009e-10 prediction=14.85501250006871 rho=0.60722940882733334 accept=1
  MFCG it 101 cost=2.718027e+05 lam=1.600e-10 tau=0.00e+00 cg_it=1 shift=0 ckpt=2 alpha=0 acc mv=913
PCG_PREP o=101 rebuild=1 drift=0 previous_depth=2
ATTR_RADIUS o=101 raw_norm=412317.4070171183 norm=444.3223909269779 radius=444.32239092697813 next_radius=444.32239092697813 lambda=1.6000000000000009e-10 next_lambda=1.6000000000000009e-10 rho=0.60586339126427291 accept=1
CLASSICAL_LM o=101 lambda=1.6000000000000009e-10 tau=1.6000000000000009e-10 prediction=14.839663349397469 rho=0.60586339126427291 accept=1
  MFCG it 102 cost=2.717937e+05 lam=1.600e-10 tau=0.00e+00 cg_it=1 shift=0 ckpt=2 alpha=0 acc mv=916
PCG_PREP o=102 rebuild=1 drift=0 previous_depth=2
ATTR_RADIUS o=102 raw_norm=67508.741803496421 norm=444.32239092697807 radius=444.32239092697813 next_radius=444.32239092697813 lambda=1.6000000000000009e-10 next_lambda=1.6000000000000009e-10 rho=0.73810540995454677 accept=1
CLASSICAL_LM o=102 lambda=1.6000000000000009e-10 tau=1.6000000000000009e-10 prediction=23.500878066498338 rho=0.73810540995454677 accept=1
  MFCG it 103 cost=2.717763e+05 lam=1.600e-10 tau=0.00e+00 cg_it=0 shift=0 ckpt=1 alpha=0 acc mv=918
PCG_PREP o=103 rebuild=1 drift=0 previous_depth=1
ATTR_RADIUS o=103 raw_norm=411537.64705905394 norm=444.32239092697813 radius=444.32239092697813 next_radius=444.32239092697813 lambda=1.6000000000000009e-10 next_lambda=1.6000000000000009e-10 rho=0.60638768560988132 accept=1
CLASSICAL_LM o=103 lambda=1.6000000000000009e-10 tau=1.6000000000000009e-10 prediction=14.815128865251127 rho=0.60638768560988132 accept=1
  MFCG it 104 cost=2.717674e+05 lam=1.600e-10 tau=0.00e+00 cg_it=1 shift=0 ckpt=2 alpha=0 acc mv=921
PCG_PREP o=104 rebuild=1 drift=0 previous_depth=2
ATTR_RADIUS o=104 raw_norm=68331.941615255622 norm=444.32239092697813 radius=444.32239092697813 next_radius=444.32239092697813 lambda=1.6000000000000009e-10 next_lambda=1.6000000000000009e-10 rho=0.73480324990457591 accept=1
CLASSICAL_LM o=104 lambda=1.6000000000000009e-10 tau=1.6000000000000009e-10 prediction=23.117918706921522 rho=0.73480324990457591 accept=1
  MFCG it 105 cost=2.717504e+05 lam=1.600e-10 tau=0.00e+00 cg_it=0 shift=0 ckpt=1 alpha=0 acc mv=923
PCG_PREP o=105 rebuild=1 drift=0 previous_depth=1
ATTR_RADIUS o=105 raw_norm=410400.52987077518 norm=444.32239092697813 radius=444.32239092697813 next_radius=444.32239092697813 lambda=1.6000000000000009e-10 next_lambda=1.6000000000000009e-10 rho=0.607241975943559 accept=1
CLASSICAL_LM o=105 lambda=1.6000000000000009e-10 tau=1.6000000000000009e-10 prediction=14.804262466479301 rho=0.607241975943559 accept=1
  MFCG it 106 cost=2.717414e+05 lam=1.600e-10 tau=0.00e+00 cg_it=1 shift=0 ckpt=2 alpha=0 acc mv=926
PCG_PREP o=106 rebuild=1 drift=0 previous_depth=2
ATTR_RADIUS o=106 raw_norm=409825.78267862898 norm=444.32239092697796 radius=444.32239092697813 next_radius=444.32239092697813 lambda=1.6000000000000009e-10 next_lambda=1.6000000000000009e-10 rho=0.60633524976742481 accept=1
CLASSICAL_LM o=106 lambda=1.6000000000000009e-10 tau=1.6000000000000009e-10 prediction=14.806412120371144 rho=0.60633524976742481 accept=1
  MFCG it 107 cost=2.717324e+05 lam=1.600e-10 tau=0.00e+00 cg_it=1 shift=0 ckpt=2 alpha=0 acc mv=929
PCG_PREP o=107 rebuild=1 drift=0 previous_depth=2
ATTR_RADIUS o=107 raw_norm=69429.471523420973 norm=444.32239092697813 radius=444.32239092697813 next_radius=444.32239092697813 lambda=1.6000000000000009e-10 next_lambda=1.6000000000000009e-10 rho=0.72997467466122234 accept=1
CLASSICAL_LM o=107 lambda=1.6000000000000009e-10 tau=1.6000000000000009e-10 prediction=22.670917969597301 rho=0.72997467466122234 accept=1
  MFCG it 108 cost=2.717158e+05 lam=1.600e-10 tau=0.00e+00 cg_it=0 shift=0 ckpt=1 alpha=0 acc mv=931
PCG_PREP o=108 rebuild=1 drift=0 previous_depth=1
ATTR_RADIUS o=108 raw_norm=408014.5981815714 norm=444.3223909269783 radius=444.32239092697813 next_radius=444.32239092697813 lambda=1.6000000000000009e-10 next_lambda=1.6000000000000009e-10 rho=0.60776218758190537 accept=1
CLASSICAL_LM o=108 lambda=1.6000000000000009e-10 tau=1.6000000000000009e-10 prediction=14.820617006301283 rho=0.60776218758190537 accept=1
  MFCG it 109 cost=2.717068e+05 lam=1.600e-10 tau=0.00e+00 cg_it=1 shift=0 ckpt=2 alpha=0 acc mv=934
PCG_PREP o=109 rebuild=1 drift=0 previous_depth=2
ATTR_RADIUS o=109 raw_norm=70176.869175410407 norm=444.32239092697813 radius=444.32239092697813 next_radius=444.32239092697813 lambda=1.6000000000000009e-10 next_lambda=1.6000000000000009e-10 rho=0.72690483150529728 accept=1
CLASSICAL_LM o=109 lambda=1.6000000000000009e-10 tau=1.6000000000000009e-10 prediction=22.337343161732104 rho=0.72690483150529728 accept=1
  MFCG it 110 cost=2.716906e+05 lam=1.600e-10 tau=0.00e+00 cg_it=0 shift=0 ckpt=1 alpha=0 acc mv=936
PCG_PREP o=110 rebuild=1 drift=0 previous_depth=1
ATTR_RADIUS o=110 raw_norm=405873.52857735654 norm=444.32239092697796 radius=444.32239092697813 next_radius=444.32239092697813 lambda=1.6000000000000009e-10 next_lambda=1.6000000000000009e-10 rho=0.60950745735394996 accept=1
CLASSICAL_LM o=110 lambda=1.6000000000000009e-10 tau=1.6000000000000009e-10 prediction=14.847872732981951 rho=0.60950745735394996 accept=1
  MFCG it 111 cost=2.716816e+05 lam=1.600e-10 tau=0.00e+00 cg_it=1 shift=0 ckpt=2 alpha=0 acc mv=939
PCG_PREP o=111 rebuild=1 drift=0 previous_depth=2
ATTR_RADIUS o=111 raw_norm=70891.750681691934 norm=444.32239092697807 radius=444.32239092697813 next_radius=444.32239092697813 lambda=1.6000000000000009e-10 next_lambda=1.6000000000000009e-10 rho=0.72393900250791332 accept=1
CLASSICAL_LM o=111 lambda=1.6000000000000009e-10 tau=1.6000000000000009e-10 prediction=22.022961404065942 rho=0.72393900250791332 accept=1
  MFCG it 112 cost=2.716656e+05 lam=1.600e-10 tau=0.00e+00 cg_it=0 shift=0 ckpt=1 alpha=0 acc mv=941
PCG_PREP o=112 rebuild=1 drift=0 previous_depth=1
ATTR_RADIUS o=112 raw_norm=403352.54574879323 norm=444.3223909269783 radius=444.32239092697813 next_radius=444.32239092697813 lambda=1.6000000000000009e-10 next_lambda=1.6000000000000009e-10 rho=0.61159146383318286 accept=1
CLASSICAL_LM o=112 lambda=1.6000000000000009e-10 tau=1.6000000000000009e-10 prediction=14.890045842420124 rho=0.61159146383318286 accept=1
  MFCG it 113 cost=2.716565e+05 lam=1.600e-10 tau=0.00e+00 cg_it=1 shift=0 ckpt=2 alpha=0 acc mv=944
PCG_PREP o=113 rebuild=1 drift=0 previous_depth=2
ATTR_RADIUS o=113 raw_norm=402025.99591471272 norm=444.32239092697802 radius=444.32239092697813 next_radius=444.32239092697813 lambda=1.6000000000000009e-10 next_lambda=1.6000000000000009e-10 rho=0.61143983534208013 accept=1
CLASSICAL_LM o=113 lambda=1.6000000000000009e-10 tau=1.6000000000000009e-10 prediction=14.920940537186445 rho=0.61143983534208013 accept=1
  MFCG it 114 cost=2.716474e+05 lam=1.600e-10 tau=0.00e+00 cg_it=1 shift=0 ckpt=2 alpha=0 acc mv=947
PCG_PREP o=114 rebuild=1 drift=0 previous_depth=2
ATTR_RADIUS o=114 raw_norm=71824.337718206487 norm=444.3223909269779 radius=444.32239092697813 next_radius=444.32239092697813 lambda=1.6000000000000009e-10 next_lambda=1.6000000000000009e-10 rho=0.71962109730867752 accept=1
CLASSICAL_LM o=114 lambda=1.6000000000000009e-10 tau=1.6000000000000009e-10 prediction=21.663689263001139 rho=0.71962109730867752 accept=1
  MFCG it 115 cost=2.716318e+05 lam=1.600e-10 tau=0.00e+00 cg_it=0 shift=0 ckpt=1 alpha=0 acc mv=949
PCG_PREP o=115 rebuild=1 drift=0 previous_depth=1
ATTR_RADIUS o=115 raw_norm=398822.54549478437 norm=444.32239092697813 radius=444.32239092697813 next_radius=444.32239092697813 lambda=1.6000000000000009e-10 next_lambda=1.6000000000000009e-10 rho=0.6141200507032526 accept=1
CLASSICAL_LM o=115 lambda=1.6000000000000009e-10 tau=1.6000000000000009e-10 prediction=14.990088488209542 rho=0.6141200507032526 accept=1
  MFCG it 116 cost=2.716226e+05 lam=1.600e-10 tau=0.00e+00 cg_it=1 shift=0 ckpt=2 alpha=0 acc mv=952
PCG_PREP o=116 rebuild=1 drift=0 previous_depth=2
ATTR_RADIUS o=116 raw_norm=72450.100615774223 norm=444.32239092697813 radius=444.32239092697813 next_radius=444.32239092697813 lambda=1.6000000000000009e-10 next_lambda=1.6000000000000009e-10 rho=0.71694040175286278 accept=1
CLASSICAL_LM o=116 lambda=1.6000000000000009e-10 tau=1.6000000000000009e-10 prediction=21.392898679046311 rho=0.71694040175286278 accept=1
  MFCG it 117 cost=2.716072e+05 lam=1.600e-10 tau=0.00e+00 cg_it=0 shift=0 ckpt=1 alpha=0 acc mv=954
PCG_PREP o=117 rebuild=1 drift=0 previous_depth=1
ATTR_RADIUS o=117 raw_norm=395342.60166005552 norm=444.32239092697819 radius=444.32239092697813 next_radius=444.32239092697813 lambda=1.6000000000000009e-10 next_lambda=1.6000000000000009e-10 rho=0.61709671224940121 accept=1
CLASSICAL_LM o=117 lambda=1.6000000000000009e-10 tau=1.6000000000000009e-10 prediction=15.072101843412748 rho=0.61709671224940121 accept=1
  MFCG it 118 cost=2.715979e+05 lam=1.600e-10 tau=0.00e+00 cg_it=1 shift=0 ckpt=2 alpha=0 acc mv=957
PCG_PREP o=118 rebuild=1 drift=0 previous_depth=2
ATTR_RADIUS o=118 raw_norm=73038.261068789507 norm=444.32239092697802 radius=444.32239092697813 next_radius=444.32239092697813 lambda=1.6000000000000009e-10 next_lambda=1.6000000000000009e-10 rho=0.71438315435325683 accept=1
CLASSICAL_LM o=118 lambda=1.6000000000000009e-10 tau=1.6000000000000009e-10 prediction=21.138998465069687 rho=0.71438315435325683 accept=1
  MFCG it 119 cost=2.715828e+05 lam=1.600e-10 tau=0.00e+00 cg_it=0 shift=0 ckpt=1 alpha=0 acc mv=959
PCG_PREP o=119 rebuild=1 drift=0 previous_depth=1
ATTR_RADIUS o=119 raw_norm=391421.14827240322 norm=444.32239092697796 radius=444.32239092697813 next_radius=444.32239092697813 lambda=1.6000000000000009e-10 next_lambda=1.6000000000000009e-10 rho=0.62048673792773179 accept=1
CLASSICAL_LM o=119 lambda=1.6000000000000009e-10 tau=1.6000000000000009e-10 prediction=15.173303050381039 rho=0.62048673792773179 accept=1
  MFCG it 120 cost=2.715734e+05 lam=1.600e-10 tau=0.00e+00 cg_it=1 shift=0 ckpt=2 alpha=0 acc mv=962
PCG_PREP o=120 rebuild=1 drift=0 previous_depth=2
ATTR_RADIUS o=120 raw_norm=73587.876380455826 norm=444.32239092697813 radius=444.32239092697813 next_radius=444.32239092697813 lambda=1.6000000000000009e-10 next_lambda=1.6000000000000009e-10 rho=0.71195346977979856 accept=1
CLASSICAL_LM o=120 lambda=1.6000000000000009e-10 tau=1.6000000000000009e-10 prediction=20.901313896247814 rho=0.71195346977979856 accept=1
  MFCG it 121 cost=2.715586e+05 lam=1.600e-10 tau=0.00e+00 cg_it=0 shift=0 ckpt=1 alpha=0 acc mv=964
PCG_PREP o=121 rebuild=1 drift=0 previous_depth=1
ATTR_RADIUS o=121 raw_norm=387129.4187871521 norm=444.32239092697807 radius=444.32239092697813 next_radius=444.32239092697813 lambda=1.6000000000000009e-10 next_lambda=1.6000000000000009e-10 rho=0.62422399149382346 accept=1
CLASSICAL_LM o=121 lambda=1.6000000000000009e-10 tau=1.6000000000000009e-10 prediction=15.291730032375296 rho=0.62422399149382346 accept=1
  MFCG it 122 cost=2.715490e+05 lam=1.600e-10 tau=0.00e+00 cg_it=1 shift=0 ckpt=2 alpha=0 acc mv=967
PCG_PREP o=122 rebuild=1 drift=0 previous_depth=2
ATTR_RADIUS o=122 raw_norm=384977.68653771043 norm=444.32239092697841 radius=444.32239092697813 next_radius=444.32239092697813 lambda=1.6000000000000009e-10 next_lambda=1.6000000000000009e-10 rho=0.62495489363866974 accept=1
CLASSICAL_LM o=122 lambda=1.6000000000000009e-10 tau=1.6000000000000009e-10 prediction=15.359120462642268 rho=0.62495489363866974 accept=1
  MFCG it 123 cost=2.715394e+05 lam=1.600e-10 tau=0.00e+00 cg_it=1 shift=0 ckpt=2 alpha=0 acc mv=970
PCG_PREP o=123 rebuild=1 drift=0 previous_depth=2
ATTR_RADIUS o=123 raw_norm=74275.188572194544 norm=444.32239092697796 radius=444.32239092697813 next_radius=444.32239092697813 lambda=1.6000000000000009e-10 next_lambda=1.6000000000000009e-10 rho=0.70842848152352966 accept=1
CLASSICAL_LM o=123 lambda=1.6000000000000009e-10 tau=1.6000000000000009e-10 prediction=20.640700885506753 rho=0.70842848152352966 accept=1
  MFCG it 124 cost=2.715248e+05 lam=1.600e-10 tau=0.00e+00 cg_it=0 shift=0 ckpt=1 alpha=0 acc mv=972
PCG_PREP o=124 rebuild=1 drift=0 previous_depth=1
ATTR_RADIUS o=124 raw_norm=380141.99784081156 norm=444.32239092697796 radius=444.32239092697813 next_radius=444.32239092697813 lambda=1.6000000000000009e-10 next_lambda=1.6000000000000009e-10 rho=0.6291725360210515 accept=1
CLASSICAL_LM o=124 lambda=1.6000000000000009e-10 tau=1.6000000000000009e-10 prediction=15.503969173566155 rho=0.6291725360210515 accept=1
  MFCG it 125 cost=2.715150e+05 lam=1.600e-10 tau=0.00e+00 cg_it=1 shift=0 ckpt=2 alpha=0 acc mv=975
PCG_PREP o=125 rebuild=1 drift=0 previous_depth=2
ATTR_RADIUS o=125 raw_norm=74723.261348504675 norm=444.32239092697796 radius=444.32239092697813 next_radius=444.32239092697813 lambda=1.6000000000000009e-10 next_lambda=1.6000000000000009e-10 rho=0.70633712069201926 accept=1
CLASSICAL_LM o=125 lambda=1.6000000000000009e-10 tau=1.6000000000000009e-10 prediction=20.440209642749934 rho=0.70633712069201926 accept=1
  MFCG it 126 cost=2.715006e+05 lam=1.600e-10 tau=0.00e+00 cg_it=0 shift=0 ckpt=1 alpha=0 acc mv=977
PCG_PREP o=126 rebuild=1 drift=0 previous_depth=1
ATTR_RADIUS o=126 raw_norm=374889.74237014435 norm=444.3223909269783 radius=444.32239092697813 next_radius=444.32239092697813 lambda=1.6000000000000009e-10 next_lambda=1.6000000000000009e-10 rho=0.63385225082282626 accept=1
CLASSICAL_LM o=126 lambda=1.6000000000000009e-10 tau=1.6000000000000009e-10 prediction=15.67136989904575 rho=0.63385225082282626 accept=1
  MFCG it 127 cost=2.714907e+05 lam=1.600e-10 tau=0.00e+00 cg_it=1 shift=0 ckpt=2 alpha=0 acc mv=980
PCG_PREP o=127 rebuild=1 drift=0 previous_depth=2
ATTR_RADIUS o=127 raw_norm=75130.198097934379 norm=444.32239092697819 radius=444.32239092697813 next_radius=444.32239092697813 lambda=1.6000000000000009e-10 next_lambda=1.6000000000000009e-10 rho=0.70438570786436161 accept=1
CLASSICAL_LM o=127 lambda=1.6000000000000009e-10 tau=1.6000000000000009e-10 prediction=20.253924928270433 rho=0.70438570786436161 accept=1
  MFCG it 128 cost=2.714764e+05 lam=1.600e-10 tau=0.00e+00 cg_it=0 shift=0 ckpt=1 alpha=0 acc mv=982
PCG_PREP o=128 rebuild=1 drift=0 previous_depth=1
ATTR_RADIUS o=128 raw_norm=369461.5071836444 norm=444.32239092697819 radius=444.32239092697813 next_radius=444.32239092697813 lambda=1.6000000000000009e-10 next_lambda=1.6000000000000009e-10 rho=0.63870503596624273 accept=1
CLASSICAL_LM o=128 lambda=1.6000000000000009e-10 tau=1.6000000000000009e-10 prediction=15.851565310387006 rho=0.63870503596624273 accept=1
  MFCG it 129 cost=2.714663e+05 lam=1.600e-10 tau=0.00e+00 cg_it=1 shift=0 ckpt=2 alpha=0 acc mv=985
PCG_PREP o=129 rebuild=1 drift=0 previous_depth=2
ATTR_RADIUS o=129 raw_norm=75495.214949762958 norm=444.32239092697807 radius=444.32239092697813 next_radius=444.32239092697813 lambda=1.6000000000000009e-10 next_lambda=1.6000000000000009e-10 rho=0.70257731988417693 accept=1
CLASSICAL_LM o=129 lambda=1.6000000000000009e-10 tau=1.6000000000000009e-10 prediction=20.081363046062446 rho=0.70257731988417693 accept=1
  MFCG it 130 cost=2.714522e+05 lam=1.600e-10 tau=0.00e+00 cg_it=0 shift=0 ckpt=1 alpha=0 acc mv=987
PCG_PREP o=130 rebuild=1 drift=0 previous_depth=1
ATTR_RADIUS o=130 raw_norm=363702.31043778762 norm=444.32239092697819 radius=444.32239092697813 next_radius=444.32239092697813 lambda=1.6000000000000009e-10 next_lambda=1.6000000000000009e-10 rho=0.64389140514070564 accept=1
CLASSICAL_LM o=130 lambda=1.6000000000000009e-10 tau=1.6000000000000009e-10 prediction=16.052593432178718 rho=0.64389140514070564 accept=1
  MFCG it 131 cost=2.714418e+05 lam=1.600e-10 tau=0.00e+00 cg_it=1 shift=0 ckpt=2 alpha=0 acc mv=990
PCG_PREP o=131 rebuild=1 drift=0 previous_depth=2
ATTR_RADIUS o=131 raw_norm=75818.050645212177 norm=444.32239092697813 radius=444.32239092697813 next_radius=444.32239092697813 lambda=1.6000000000000009e-10 next_lambda=1.6000000000000009e-10 rho=0.70091345340180311 accept=1
CLASSICAL_LM o=131 lambda=1.6000000000000009e-10 tau=1.6000000000000009e-10 prediction=19.92196121473102 rho=0.70091345340180311 accept=1
  MFCG it 132 cost=2.714279e+05 lam=1.600e-10 tau=0.00e+00 cg_it=0 shift=0 ckpt=1 alpha=0 acc mv=992
PCG_PREP o=132 rebuild=1 drift=0 previous_depth=1
ATTR_RADIUS o=132 raw_norm=357655.06287170068 norm=444.32239092697813 radius=444.32239092697813 next_radius=444.32239092697813 lambda=1.6000000000000009e-10 next_lambda=1.6000000000000009e-10 rho=0.64935995720997053 accept=1
CLASSICAL_LM o=132 lambda=1.6000000000000009e-10 tau=1.6000000000000009e-10 prediction=16.273451435830367 rho=0.64935995720997053 accept=1
  MFCG it 133 cost=2.714173e+05 lam=1.600e-10 tau=0.00e+00 cg_it=1 shift=0 ckpt=2 alpha=0 acc mv=995
PCG_PREP o=133 rebuild=1 drift=0 previous_depth=2
ATTR_RADIUS o=133 raw_norm=76098.457945550646 norm=444.3223909269779 radius=444.32239092697813 next_radius=444.32239092697813 lambda=1.6000000000000009e-10 next_lambda=1.6000000000000009e-10 rho=0.69939547788175638 accept=1
CLASSICAL_LM o=133 lambda=1.6000000000000009e-10 tau=1.6000000000000009e-10 prediction=19.775206018603427 rho=0.69939547788175638 accept=1
  MFCG it 134 cost=2.714035e+05 lam=1.600e-10 tau=0.00e+00 cg_it=0 shift=0 ckpt=1 alpha=0 acc mv=997
PCG_PREP o=134 rebuild=1 drift=0 previous_depth=1
ATTR_RADIUS o=134 raw_norm=351274.26233974379 norm=444.32239092697819 radius=444.32239092697813 next_radius=444.32239092697813 lambda=1.6000000000000009e-10 next_lambda=1.6000000000000009e-10 rho=0.65516826783861148 accept=1
CLASSICAL_LM o=134 lambda=1.6000000000000009e-10 tau=1.6000000000000009e-10 prediction=16.518326021553985 rho=0.65516826783861148 accept=1
  MFCG it 135 cost=2.713926e+05 lam=1.600e-10 tau=0.00e+00 cg_it=1 shift=0 ckpt=2 alpha=0 acc mv=1000
PCG_PREP o=135 rebuild=1 drift=0 previous_depth=2
ATTR_RADIUS o=135 raw_norm=76336.896675680357 norm=444.32239092697824 radius=444.32239092697813 next_radius=444.32239092697813 lambda=1.6000000000000009e-10 next_lambda=1.6000000000000009e-10 rho=0.69802346660682391 accept=1
CLASSICAL_LM o=135 lambda=1.6000000000000009e-10 tau=1.6000000000000009e-10 prediction=19.640538312065949 rho=0.69802346660682391 accept=1
  MFCG it 136 cost=2.713789e+05 lam=1.600e-10 tau=0.00e+00 cg_it=0 shift=0 ckpt=1 alpha=0 acc mv=1002
PCG_PREP o=136 rebuild=1 drift=0 previous_depth=1
ATTR_RADIUS o=136 raw_norm=344661.4600342788 norm=444.32239092697819 radius=444.32239092697813 next_radius=444.32239092697813 lambda=1.6000000000000009e-10 next_lambda=1.6000000000000009e-10 rho=0.66121000230588078 accept=1
CLASSICAL_LM o=136 lambda=1.6000000000000009e-10 tau=1.6000000000000009e-10 prediction=16.783738420471298 rho=0.66121000230588078 accept=1
  MFCG it 137 cost=2.713678e+05 lam=1.600e-10 tau=0.00e+00 cg_it=1 shift=0 ckpt=2 alpha=0 acc mv=1005
PCG_PREP o=137 rebuild=1 drift=0 previous_depth=2
ATTR_RADIUS o=137 raw_norm=341436.80235975678 norm=444.32239092697813 radius=444.32239092697813 next_radius=444.32239092697813 lambda=1.6000000000000009e-10 next_lambda=1.6000000000000009e-10 rho=0.66320215717164044 accept=1
CLASSICAL_LM o=137 lambda=1.6000000000000009e-10 tau=1.6000000000000009e-10 prediction=16.922775656404099 rho=0.66320215717164044 accept=1
  MFCG it 138 cost=2.713566e+05 lam=1.600e-10 tau=0.00e+00 cg_it=1 shift=0 ckpt=2 alpha=0 acc mv=1008
PCG_PREP o=138 rebuild=1 drift=0 previous_depth=2
ATTR_RADIUS o=138 raw_norm=76578.184376884499 norm=444.32239092697813 radius=444.32239092697813 next_radius=444.32239092697813 lambda=1.6000000000000009e-10 next_lambda=1.6000000000000009e-10 rho=0.69599581118557907 accept=1
CLASSICAL_LM o=138 lambda=1.6000000000000009e-10 tau=1.6000000000000009e-10 prediction=19.511727265687661 rho=0.69599581118557907 accept=1
  MFCG it 139 cost=2.713430e+05 lam=1.600e-10 tau=0.00e+00 cg_it=0 shift=0 ckpt=1 alpha=0 acc mv=1010
PCG_PREP o=139 rebuild=1 drift=0 previous_depth=1
ATTR_RADIUS o=139 raw_norm=334502.32992470072 norm=444.32239092697807 radius=444.32239092697813 next_radius=444.32239092697813 lambda=1.6000000000000009e-10 next_lambda=1.6000000000000009e-10 rho=0.66951506315856435 accept=1
CLASSICAL_LM o=139 lambda=1.6000000000000009e-10 tau=1.6000000000000009e-10 prediction=17.219660821229358 rho=0.66951506315856435 accept=1
  MFCG it 140 cost=2.713315e+05 lam=1.600e-10 tau=0.00e+00 cg_it=1 shift=0 ckpt=2 alpha=0 acc mv=1013
PCG_PREP o=140 rebuild=1 drift=0 previous_depth=2
ATTR_RADIUS o=140 raw_norm=76710.807189734594 norm=444.32239092697836 radius=444.32239092697813 next_radius=444.32239092697813 lambda=1.6000000000000009e-10 next_lambda=1.6000000000000009e-10 rho=0.69499214916145791 accept=1
CLASSICAL_LM o=140 lambda=1.6000000000000009e-10 tau=1.6000000000000009e-10 prediction=19.404937494471355 rho=0.69499214916145791 accept=1
  MFCG it 141 cost=2.713180e+05 lam=1.600e-10 tau=0.00e+00 cg_it=0 shift=0 ckpt=1 alpha=0 acc mv=1015
PCG_PREP o=141 rebuild=1 drift=0 previous_depth=1
ATTR_RADIUS o=141 raw_norm=327328.44724144536 norm=444.32239092697796 radius=444.32239092697813 next_radius=444.32239092697813 lambda=1.6000000000000009e-10 next_lambda=1.6000000000000009e-10 rho=0.67616384808362551 accept=1
CLASSICAL_LM o=141 lambda=1.6000000000000009e-10 tau=1.6000000000000009e-10 prediction=17.543647078286025 rho=0.67616384808362551 accept=1
  MFCG it 142 cost=2.713062e+05 lam=1.600e-10 tau=0.00e+00 cg_it=1 shift=0 ckpt=2 alpha=0 acc mv=1018
PCG_PREP o=142 rebuild=1 drift=0 previous_depth=2
ATTR_RADIUS o=142 raw_norm=76802.61727647786 norm=444.3223909269783 radius=444.32239092697813 next_radius=444.32239092697813 lambda=1.6000000000000009e-10 next_lambda=1.6000000000000009e-10 rho=0.69413211381631523 accept=1
CLASSICAL_LM o=142 lambda=1.6000000000000009e-10 tau=1.6000000000000009e-10 prediction=19.308502581524952 rho=0.69413211381631523 accept=1
  MFCG it 143 cost=2.712927e+05 lam=1.600e-10 tau=0.00e+00 cg_it=0 shift=0 ckpt=1 alpha=0 acc mv=1020
PCG_PREP o=143 rebuild=1 drift=0 previous_depth=1
ATTR_RADIUS o=143 raw_norm=320011.51677233679 norm=444.32239092697813 radius=444.32239092697813 next_radius=444.32239092697813 lambda=1.6000000000000009e-10 next_lambda=1.6000000000000009e-10 rho=0.68297939737477109 accept=1
CLASSICAL_LM o=143 lambda=1.6000000000000009e-10 tau=1.6000000000000009e-10 prediction=17.890893804611906 rho=0.68297939737477109 accept=1
  MFCG it 144 cost=2.712805e+05 lam=1.600e-10 tau=0.00e+00 cg_it=1 shift=0 ckpt=2 alpha=0 acc mv=1023
PCG_PREP o=144 rebuild=1 drift=0 previous_depth=2
ATTR_RADIUS o=144 raw_norm=76854.373679001801 norm=444.32239092697824 radius=444.32239092697813 next_radius=444.32239092697813 lambda=1.6000000000000009e-10 next_lambda=1.6000000000000009e-10 rho=0.69341329752009928 accept=1
CLASSICAL_LM o=144 lambda=1.6000000000000009e-10 tau=1.6000000000000009e-10 prediction=19.221917109592969 rho=0.69341329752009928 accept=1
  MFCG it 145 cost=2.712672e+05 lam=1.600e-10 tau=0.00e+00 cg_it=0 shift=0 ckpt=1 alpha=0 acc mv=1025
PCG_PREP o=145 rebuild=1 drift=0 previous_depth=1
ATTR_RADIUS o=145 raw_norm=312554.98755633883 norm=444.32239092697807 radius=444.32239092697813 next_radius=444.32239092697813 lambda=1.6000000000000009e-10 next_lambda=1.6000000000000009e-10 rho=0.68994734568809979 accept=1
CLASSICAL_LM o=145 lambda=1.6000000000000009e-10 tau=1.6000000000000009e-10 prediction=18.262547944346164 rho=0.68994734568809979 accept=1
  MFCG it 146 cost=2.712546e+05 lam=1.600e-10 tau=0.00e+00 cg_it=1 shift=0 ckpt=2 alpha=0 acc mv=1028
PCG_PREP o=146 rebuild=1 drift=0 previous_depth=2
ATTR_RADIUS o=146 raw_norm=76866.808533042931 norm=444.32239092697819 radius=444.32239092697813 next_radius=444.32239092697813 lambda=1.6000000000000009e-10 next_lambda=1.6000000000000009e-10 rho=0.69283365190289747 accept=1
CLASSICAL_LM o=146 lambda=1.6000000000000009e-10 tau=1.6000000000000009e-10 prediction=19.144728174294752 rho=0.69283365190289747 accept=1
  MFCG it 147 cost=2.712413e+05 lam=1.600e-10 tau=0.00e+00 cg_it=0 shift=0 ckpt=1 alpha=0 acc mv=1030
PCG_PREP o=147 rebuild=1 drift=0 previous_depth=1
ATTR_RADIUS o=147 raw_norm=305035.92573988071 norm=444.32239092697802 radius=444.32239092697813 next_radius=444.32239092697813 lambda=1.6000000000000009e-10 next_lambda=1.6000000000000009e-10 rho=0.697002574472115 accept=1
CLASSICAL_LM o=147 lambda=1.6000000000000009e-10 tau=1.6000000000000009e-10 prediction=18.656736927378375 rho=0.697002574472115 accept=1
  MFCG it 148 cost=2.712283e+05 lam=1.600e-10 tau=0.00e+00 cg_it=1 shift=0 ckpt=2 alpha=0 acc mv=1033
PCG_PREP o=148 rebuild=1 drift=0 previous_depth=2
ATTR_RADIUS o=148 raw_norm=76840.865898444885 norm=444.32239092697807 radius=444.32239092697813 next_radius=444.32239092697813 lambda=1.6000000000000009e-10 next_lambda=1.6000000000000009e-10 rho=0.6923900387744486 accept=1
CLASSICAL_LM o=148 lambda=1.6000000000000009e-10 tau=1.6000000000000009e-10 prediction=19.076452553872688 rho=0.6923900387744486 accept=1
  MFCG it 149 cost=2.712151e+05 lam=1.600e-10 tau=0.00e+00 cg_it=0 shift=0 ckpt=1 alpha=0 acc mv=1035
PCG_PREP o=149 rebuild=1 drift=0 previous_depth=1
ATTR_RADIUS o=149 raw_norm=297356.61682980723 norm=444.32239092697824 radius=444.32239092697813 next_radius=444.32239092697813 lambda=1.6000000000000009e-10 next_lambda=1.6000000000000009e-10 rho=0.70423202676454477 accept=1
CLASSICAL_LM o=149 lambda=1.6000000000000009e-10 tau=1.6000000000000009e-10 prediction=19.080982447108699 rho=0.70423202676454477 accept=1
  MFCG it 150 cost=2.712017e+05 lam=1.600e-10 tau=0.00e+00 cg_it=1 shift=0 ckpt=2 alpha=0 acc mv=1038
PCG_PREP o=150 rebuild=1 drift=0 previous_depth=2
ATTR_RADIUS o=150 raw_norm=76777.828116293967 norm=444.32239092697813 radius=444.32239092697813 next_radius=444.32239092697813 lambda=1.6000000000000009e-10 next_lambda=1.6000000000000009e-10 rho=0.6920784597334102 accept=1
CLASSICAL_LM o=150 lambda=1.6000000000000009e-10 tau=1.6000000000000009e-10 prediction=19.016570341571924 rho=0.6920784597334102 accept=1
  MFCG it 151 cost=2.711885e+05 lam=1.600e-10 tau=0.00e+00 cg_it=0 shift=0 ckpt=1 alpha=0 acc mv=1040
PCG_PREP o=151 rebuild=1 drift=0 previous_depth=1
ATTR_RADIUS o=151 raw_norm=289588.32919638261 norm=444.32239092697807 radius=444.32239092697813 next_radius=444.32239092697813 lambda=1.6000000000000009e-10 next_lambda=1.6000000000000009e-10 rho=0.71157439114045784 accept=1
CLASSICAL_LM o=151 lambda=1.6000000000000009e-10 tau=1.6000000000000009e-10 prediction=19.534076109765774 rho=0.71157439114045784 accept=1
  MFCG it 152 cost=2.711746e+05 lam=1.600e-10 tau=0.00e+00 cg_it=1 shift=0 ckpt=2 alpha=0 acc mv=1043
PCG_PREP o=152 rebuild=1 drift=0 previous_depth=2
ATTR_RADIUS o=152 raw_norm=76678.82757087145 norm=444.32239092697802 radius=444.32239092697813 next_radius=444.32239092697813 lambda=1.6000000000000009e-10 next_lambda=1.6000000000000009e-10 rho=0.69189438507723777 accept=1
CLASSICAL_LM o=152 lambda=1.6000000000000009e-10 tau=1.6000000000000009e-10 prediction=18.964564753770301 rho=0.69189438507723777 accept=1
  MFCG it 153 cost=2.711615e+05 lam=1.600e-10 tau=0.00e+00 cg_it=0 shift=0 ckpt=1 alpha=0 acc mv=1045
PCG_PREP o=153 rebuild=1 drift=0 previous_depth=1
ATTR_RADIUS o=153 raw_norm=281764.42917620571 norm=444.32239092697796 radius=444.32239092697813 next_radius=444.32239092697813 lambda=1.6000000000000009e-10 next_lambda=1.6000000000000009e-10 rho=0.71899426032865321 accept=1
CLASSICAL_LM o=153 lambda=1.6000000000000009e-10 tau=1.6000000000000009e-10 prediction=20.016133006761397 rho=0.71899426032865321 accept=1
  MFCG it 154 cost=2.711471e+05 lam=1.600e-10 tau=0.00e+00 cg_it=1 shift=0 ckpt=2 alpha=0 acc mv=1048
PCG_PREP o=154 rebuild=1 drift=0 previous_depth=2
ATTR_RADIUS o=154 raw_norm=76545.483960050595 norm=444.32239092697807 radius=444.32239092697813 next_radius=444.32239092697813 lambda=1.6000000000000009e-10 next_lambda=1.6000000000000009e-10 rho=0.69183281570071242 accept=1
CLASSICAL_LM o=154 lambda=1.6000000000000009e-10 tau=1.6000000000000009e-10 prediction=18.919916811238146 rho=0.69183281570071242 accept=1
  MFCG it 155 cost=2.711340e+05 lam=1.600e-10 tau=0.00e+00 cg_it=0 shift=0 ckpt=1 alpha=0 acc mv=1050
PCG_PREP o=155 rebuild=1 drift=0 previous_depth=1
ATTR_RADIUS o=155 raw_norm=273873.15571223851 norm=444.32239092697819 radius=444.32239092697813 next_radius=444.32239092697813 lambda=1.6000000000000009e-10 next_lambda=1.6000000000000009e-10 rho=0.72650197909287362 accept=1
CLASSICAL_LM o=155 lambda=1.6000000000000009e-10 tau=1.6000000000000009e-10 prediction=20.530641212091084 rho=0.72650197909287362 accept=1
  MFCG it 156 cost=2.711191e+05 lam=1.600e-10 tau=0.00e+00 cg_it=1 shift=0 ckpt=2 alpha=0 acc mv=1053
PCG_PREP o=156 rebuild=1 drift=0 previous_depth=2
ATTR_RADIUS o=156 raw_norm=76379.265801817251 norm=444.32239092697802 radius=444.32239092697813 next_radius=444.32239092697813 lambda=1.6000000000000009e-10 next_lambda=1.6000000000000009e-10 rho=0.69188919757078549 accept=1
CLASSICAL_LM o=156 lambda=1.6000000000000009e-10 tau=1.6000000000000009e-10 prediction=18.882156195490758 rho=0.69188919757078549 accept=1
  MFCG it 157 cost=2.711060e+05 lam=1.600e-10 tau=0.00e+00 cg_it=0 shift=0 ckpt=1 alpha=0 acc mv=1055
PCG_PREP o=157 rebuild=1 drift=0 previous_depth=1
ATTR_RADIUS o=157 raw_norm=265971.13539735839 norm=444.32239092697807 radius=444.32239092697813 next_radius=444.32239092697813 lambda=1.6000000000000009e-10 next_lambda=1.6000000000000009e-10 rho=0.73404509156241271 accept=1
CLASSICAL_LM o=157 lambda=1.6000000000000009e-10 tau=1.6000000000000009e-10 prediction=21.076548438424812 rho=0.73404509156241271 accept=1
  MFCG it 158 cost=2.710906e+05 lam=1.600e-10 tau=0.00e+00 cg_it=1 shift=0 ckpt=2 alpha=0 acc mv=1058
PCG_PREP o=158 rebuild=1 drift=0 previous_depth=2
ATTR_RADIUS o=158 raw_norm=262133.54018559816 norm=444.32239092697807 radius=444.32239092697813 next_radius=444.32239092697813 lambda=1.6000000000000009e-10 next_lambda=1.6000000000000009e-10 rho=0.7370440138942983 accept=1
CLASSICAL_LM o=158 lambda=1.6000000000000009e-10 tau=1.6000000000000009e-10 prediction=21.358649049546251 rho=0.7370440138942983 accept=1
  MFCG it 159 cost=2.710748e+05 lam=1.600e-10 tau=0.00e+00 cg_it=1 shift=0 ckpt=2 alpha=0 acc mv=1061
PCG_PREP o=159 rebuild=1 drift=0 previous_depth=2
ATTR_RADIUS o=159 raw_norm=76080.897817481396 norm=444.32239092697819 radius=444.32239092697813 next_radius=444.32239092697813 lambda=1.6000000000000009e-10 next_lambda=1.6000000000000009e-10 rho=0.69170911145771552 accept=1
CLASSICAL_LM o=159 lambda=1.6000000000000009e-10 tau=1.6000000000000009e-10 prediction=18.86928750242685 rho=0.69170911145771552 accept=1
  MFCG it 160 cost=2.710618e+05 lam=1.600e-10 tau=0.00e+00 cg_it=0 shift=0 ckpt=1 alpha=0 acc mv=1063
PCG_PREP o=160 rebuild=1 drift=0 previous_depth=1
ATTR_RADIUS o=160 raw_norm=254151.10660184949 norm=444.32239092697796 radius=444.32239092697813 next_radius=444.32239092697813 lambda=1.6000000000000009e-10 next_lambda=1.6000000000000009e-10 rho=0.7445720236793163 accept=1
CLASSICAL_LM o=160 lambda=1.6000000000000009e-10 tau=1.6000000000000009e-10 prediction=21.957751636905826 rho=0.7445720236793163 accept=1
  MFCG it 161 cost=2.710454e+05 lam=1.600e-10 tau=0.00e+00 cg_it=1 shift=0 ckpt=2 alpha=0 acc mv=1066
PCG_PREP o=161 rebuild=1 drift=0 previous_depth=2
ATTR_RADIUS o=161 raw_norm=75836.996520076413 norm=444.32239092697796 radius=444.32239092697813 next_radius=444.32239092697813 lambda=1.6000000000000009e-10 next_lambda=1.6000000000000009e-10 rho=0.69204220467419009 accept=1
CLASSICAL_LM o=161 lambda=1.6000000000000009e-10 tau=1.6000000000000009e-10 prediction=18.846792201185966 rho=0.69204220467419009 accept=1
  MFCG it 162 cost=2.710324e+05 lam=1.600e-10 tau=0.00e+00 cg_it=0 shift=0 ckpt=1 alpha=0 acc mv=1068
PCG_PREP o=162 rebuild=1 drift=0 previous_depth=1
ATTR_RADIUS o=162 raw_norm=246237.47483320115 norm=444.32239092697807 radius=444.32239092697813 next_radius=888.64478185395626 lambda=1.6000000000000009e-10 next_lambda=4.0000000000000023e-11 rho=0.75220926005755939 accept=1
CLASSICAL_LM o=162 lambda=1.6000000000000009e-10 tau=1.6000000000000009e-10 prediction=22.593711493344713 rho=0.75220926005755939 accept=1
  MFCG it 163 cost=2.710154e+05 lam=4.000e-11 tau=0.00e+00 cg_it=1 shift=0 ckpt=2 alpha=0 acc mv=1071
PCG_PREP o=163 rebuild=1 drift=0 previous_depth=2
ATTR_RADIUS o=163 raw_norm=77251.144622675798 norm=888.64478185395592 radius=888.64478185395626 next_radius=888.64478185395626 lambda=4.0000000000000023e-11 next_lambda=4.0000000000000023e-11 rho=0.38718054421450504 accept=1
CLASSICAL_LM o=163 lambda=4.0000000000000023e-11 tau=4.0000000000000023e-11 prediction=36.73659198395309 rho=0.38718054421450504 accept=1
  MFCG it 164 cost=2.710012e+05 lam=4.000e-11 tau=0.00e+00 cg_it=0 shift=0 ckpt=1 alpha=0 acc mv=1073
PCG_PREP o=164 rebuild=1 drift=0 previous_depth=1
ATTR_RADIUS o=164 raw_norm=76593.373123706799 norm=888.64478185395626 radius=888.64478185395626 next_radius=888.64478185395626 lambda=4.0000000000000023e-11 next_lambda=4.0000000000000023e-11 rho=0.39208130883279257 accept=1
CLASSICAL_LM o=164 lambda=4.0000000000000023e-11 tau=4.0000000000000023e-11 prediction=37.00941650328447 rho=0.39208130883279257 accept=1
  MFCG it 165 cost=2.709867e+05 lam=4.000e-11 tau=0.00e+00 cg_it=0 shift=0 ckpt=1 alpha=0 acc mv=1075
PCG_PREP o=165 rebuild=1 drift=0 previous_depth=1
ATTR_RADIUS o=165 raw_norm=75907.008747018888 norm=888.64478185395637 radius=888.64478185395626 next_radius=888.64478185395626 lambda=4.0000000000000023e-11 next_lambda=4.0000000000000023e-11 rho=0.39660996853464009 accept=1
CLASSICAL_LM o=165 lambda=4.0000000000000023e-11 tau=4.0000000000000023e-11 prediction=37.259079434751932 rho=0.39660996853464009 accept=1
  MFCG it 166 cost=2.709719e+05 lam=4.000e-11 tau=0.00e+00 cg_it=0 shift=0 ckpt=1 alpha=0 acc mv=1077
PCG_PREP o=166 rebuild=1 drift=0 previous_depth=1
ATTR_RADIUS o=166 raw_norm=75196.63432538441 norm=888.64478185395626 radius=888.64478185395626 next_radius=888.64478185395626 lambda=4.0000000000000023e-11 next_lambda=4.0000000000000023e-11 rho=0.40135190954433719 accept=1
CLASSICAL_LM o=166 lambda=4.0000000000000023e-11 tau=4.0000000000000023e-11 prediction=37.521920277323353 rho=0.40135190954433719 accept=1
  MFCG it 167 cost=2.709568e+05 lam=4.000e-11 tau=0.00e+00 cg_it=0 shift=0 ckpt=1 alpha=0 acc mv=1079
PCG_PREP o=167 rebuild=1 drift=0 previous_depth=1
ATTR_RADIUS o=167 raw_norm=74464.177090552272 norm=888.6447818539566 radius=888.64478185395626 next_radius=888.64478185395626 lambda=4.0000000000000023e-11 next_lambda=4.0000000000000023e-11 rho=0.40629250451961385 accept=1
CLASSICAL_LM o=167 lambda=4.0000000000000023e-11 tau=4.0000000000000023e-11 prediction=37.797245055414784 rho=0.40629250451961385 accept=1
  MFCG it 168 cost=2.709415e+05 lam=4.000e-11 tau=0.00e+00 cg_it=0 shift=0 ckpt=1 alpha=0 acc mv=1081
PCG_PREP o=168 rebuild=1 drift=0 previous_depth=1
ATTR_RADIUS o=168 raw_norm=73711.71071572612 norm=888.64478185395615 radius=888.64478185395626 next_radius=888.64478185395626 lambda=4.0000000000000023e-11 next_lambda=4.0000000000000023e-11 rho=0.41141685078464907 accept=1
CLASSICAL_LM o=168 lambda=4.0000000000000023e-11 tau=4.0000000000000023e-11 prediction=38.084429917611828 rho=0.41141685078464907 accept=1
  MFCG it 169 cost=2.709258e+05 lam=4.000e-11 tau=0.00e+00 cg_it=0 shift=0 ckpt=1 alpha=0 acc mv=1083
PCG_PREP o=169 rebuild=1 drift=0 previous_depth=1
ATTR_RADIUS o=169 raw_norm=201961.27010777852 norm=888.64478185395615 radius=888.64478185395626 next_radius=888.64478185395626 lambda=4.0000000000000023e-11 next_lambda=4.0000000000000023e-11 rho=0.59774651513165045 accept=1
CLASSICAL_LM o=169 lambda=4.0000000000000023e-11 tau=4.0000000000000023e-11 prediction=54.350004299786775 rho=0.59774651513165045 accept=1
  MFCG it 170 cost=2.708933e+05 lam=4.000e-11 tau=0.00e+00 cg_it=1 shift=0 ckpt=2 alpha=0 acc mv=1086
PCG_PREP o=170 rebuild=1 drift=0 previous_depth=2
ATTR_RADIUS o=170 raw_norm=72403.777419012869 norm=888.64478185395649 radius=888.64478185395626 next_radius=888.64478185395626 lambda=4.0000000000000023e-11 next_lambda=4.0000000000000023e-11 rho=0.41656079599441975 accept=1
CLASSICAL_LM o=170 lambda=4.0000000000000023e-11 tau=4.0000000000000023e-11 prediction=38.780248400439667 rho=0.41656079599441975 accept=1
  MFCG it 171 cost=2.708772e+05 lam=4.000e-11 tau=0.00e+00 cg_it=0 shift=0 ckpt=1 alpha=0 acc mv=1088
PCG_PREP o=171 rebuild=1 drift=0 previous_depth=1
ATTR_RADIUS o=171 raw_norm=71593.889862307507 norm=888.64478185395626 radius=888.64478185395626 next_radius=888.64478185395626 lambda=4.0000000000000023e-11 next_lambda=4.0000000000000023e-11 rho=0.42212807144232284 accept=1
CLASSICAL_LM o=171 lambda=4.0000000000000023e-11 tau=4.0000000000000023e-11 prediction=39.114142358261368 rho=0.42212807144232284 accept=1
  MFCG it 172 cost=2.708606e+05 lam=4.000e-11 tau=0.00e+00 cg_it=0 shift=0 ckpt=1 alpha=0 acc mv=1090
PCG_PREP o=172 rebuild=1 drift=0 previous_depth=1
ATTR_RADIUS o=172 raw_norm=70769.557605810944 norm=888.64478185395637 radius=888.64478185395626 next_radius=888.64478185395626 lambda=4.0000000000000023e-11 next_lambda=4.0000000000000023e-11 rho=0.42805863215779816 accept=1
CLASSICAL_LM o=172 lambda=4.0000000000000023e-11 tau=4.0000000000000023e-11 prediction=39.449650659749551 rho=0.42805863215779816 accept=1
  MFCG it 173 cost=2.708438e+05 lam=4.000e-11 tau=0.00e+00 cg_it=0 shift=0 ckpt=1 alpha=0 acc mv=1092
PCG_PREP o=173 rebuild=1 drift=0 previous_depth=1
ATTR_RADIUS o=173 raw_norm=69935.327036616829 norm=888.64478185395626 radius=888.64478185395626 next_radius=888.64478185395626 lambda=4.0000000000000023e-11 next_lambda=4.0000000000000023e-11 rho=0.43400532402527575 accept=1
CLASSICAL_LM o=173 lambda=4.0000000000000023e-11 tau=4.0000000000000023e-11 prediction=39.790298632853407 rho=0.43400532402527575 accept=1
  MFCG it 174 cost=2.708265e+05 lam=4.000e-11 tau=0.00e+00 cg_it=0 shift=0 ckpt=1 alpha=0 acc mv=1094
PCG_PREP o=174 rebuild=1 drift=0 previous_depth=1
ATTR_RADIUS o=174 raw_norm=69092.710587711394 norm=888.64478185395637 radius=888.64478185395626 next_radius=888.64478185395626 lambda=4.0000000000000023e-11 next_lambda=4.0000000000000023e-11 rho=0.44003339588811846 accept=1
CLASSICAL_LM o=174 lambda=4.0000000000000023e-11 tau=4.0000000000000023e-11 prediction=40.13924000098099 rho=0.44003339588811846 accept=1
  MFCG it 175 cost=2.708088e+05 lam=4.000e-11 tau=0.00e+00 cg_it=0 shift=0 ckpt=1 alpha=0 acc mv=1096
PCG_PREP o=175 rebuild=1 drift=0 previous_depth=1
ATTR_RADIUS o=175 raw_norm=68243.614080253945 norm=888.64478185395615 radius=888.64478185395626 next_radius=888.64478185395626 lambda=4.0000000000000023e-11 next_lambda=4.0000000000000023e-11 rho=0.44615587582287747 accept=1
CLASSICAL_LM o=175 lambda=4.0000000000000023e-11 tau=4.0000000000000023e-11 prediction=40.496231311546339 rho=0.44615587582287747 accept=1
  MFCG it 176 cost=2.707908e+05 lam=4.000e-11 tau=0.00e+00 cg_it=0 shift=0 ckpt=1 alpha=0 acc mv=1098
PCG_PREP o=176 rebuild=1 drift=0 previous_depth=1
ATTR_RADIUS o=176 raw_norm=67389.86970853465 norm=888.64478185395615 radius=888.64478185395626 next_radius=888.64478185395626 lambda=4.0000000000000023e-11 next_lambda=4.0000000000000023e-11 rho=0.45235294188795949 accept=1
CLASSICAL_LM o=176 lambda=4.0000000000000023e-11 tau=4.0000000000000023e-11 prediction=40.859618319194404 rho=0.45235294188795949 accept=1
  MFCG it 177 cost=2.707723e+05 lam=4.000e-11 tau=0.00e+00 cg_it=0 shift=0 ckpt=1 alpha=0 acc mv=1100
PCG_PREP o=177 rebuild=1 drift=0 previous_depth=1
ATTR_RADIUS o=177 raw_norm=66532.88594069441 norm=888.64478185395592 radius=888.64478185395626 next_radius=888.64478185395626 lambda=4.0000000000000023e-11 next_lambda=4.0000000000000023e-11 rho=0.45861225571912845 accept=1
CLASSICAL_LM o=177 lambda=4.0000000000000023e-11 tau=4.0000000000000023e-11 prediction=41.228542452937013 rho=0.45861225571912845 accept=1
  MFCG it 178 cost=2.707534e+05 lam=4.000e-11 tau=0.00e+00 cg_it=0 shift=0 ckpt=1 alpha=0 acc mv=1102
PCG_PREP o=178 rebuild=1 drift=0 previous_depth=1
ATTR_RADIUS o=178 raw_norm=140121.64771620429 norm=888.64478185395581 radius=888.64478185395626 next_radius=888.64478185395626 lambda=4.0000000000000023e-11 next_lambda=4.0000000000000023e-11 rho=0.71614754162093441 accept=1
CLASSICAL_LM o=178 lambda=4.0000000000000023e-11 tau=4.0000000000000023e-11 prediction=76.778538801292086 rho=0.71614754162093441 accept=1
  MFCG it 179 cost=2.706984e+05 lam=4.000e-11 tau=0.00e+00 cg_it=1 shift=0 ckpt=2 alpha=0 acc mv=1105
PCG_PREP o=179 rebuild=1 drift=0 previous_depth=2
ATTR_RADIUS o=179 raw_norm=65332.747087918004 norm=888.64478185395626 radius=888.64478185395626 next_radius=888.64478185395626 lambda=4.0000000000000023e-11 next_lambda=4.0000000000000023e-11 rho=0.46299118593068267 accept=1
CLASSICAL_LM o=179 lambda=4.0000000000000023e-11 tau=4.0000000000000023e-11 prediction=41.80816859809525 rho=0.46299118593068267 accept=1
  MFCG it 180 cost=2.706790e+05 lam=4.000e-11 tau=0.00e+00 cg_it=0 shift=0 ckpt=1 alpha=0 acc mv=1107
PCG_PREP o=180 rebuild=1 drift=0 previous_depth=1
ATTR_RADIUS o=180 raw_norm=64455.189948740306 norm=888.64478185395626 radius=888.64478185395626 next_radius=888.64478185395626 lambda=4.0000000000000023e-11 next_lambda=4.0000000000000023e-11 rho=0.46938236197561817 accept=1
CLASSICAL_LM o=180 lambda=4.0000000000000023e-11 tau=4.0000000000000023e-11 prediction=42.207366363286134 rho=0.46938236197561817 accept=1
  MFCG it 181 cost=2.706592e+05 lam=4.000e-11 tau=0.00e+00 cg_it=0 shift=0 ckpt=1 alpha=0 acc mv=1109
PCG_PREP o=181 rebuild=1 drift=0 previous_depth=1
ATTR_RADIUS o=181 raw_norm=63576.08941614363 norm=888.64478185395626 radius=888.64478185395626 next_radius=888.64478185395626 lambda=4.0000000000000023e-11 next_lambda=4.0000000000000023e-11 rho=0.47597106126084016 accept=1
CLASSICAL_LM o=181 lambda=4.0000000000000023e-11 tau=4.0000000000000023e-11 prediction=42.602482894343545 rho=0.47597106126084016 accept=1
  MFCG it 182 cost=2.706389e+05 lam=4.000e-11 tau=0.00e+00 cg_it=0 shift=0 ckpt=1 alpha=0 acc mv=1111
PCG_PREP o=182 rebuild=1 drift=0 previous_depth=1
ATTR_RADIUS o=182 raw_norm=62701.866265250217 norm=888.64478185395615 radius=888.64478185395626 next_radius=888.64478185395626 lambda=4.0000000000000023e-11 next_lambda=4.0000000000000023e-11 rho=0.48256443251737685 accept=1
CLASSICAL_LM o=182 lambda=4.0000000000000023e-11 tau=4.0000000000000023e-11 prediction=42.999463670534467 rho=0.48256443251737685 accept=1
  MFCG it 183 cost=2.706182e+05 lam=4.000e-11 tau=0.00e+00 cg_it=0 shift=0 ckpt=1 alpha=0 acc mv=1113
PCG_PREP o=183 rebuild=1 drift=0 previous_depth=1
ATTR_RADIUS o=183 raw_norm=61832.804908586171 norm=888.64478185395603 radius=888.64478185395626 next_radius=888.64478185395626 lambda=4.0000000000000023e-11 next_lambda=4.0000000000000023e-11 rho=0.48915846924517403 accept=1
CLASSICAL_LM o=183 lambda=4.0000000000000023e-11 tau=4.0000000000000023e-11 prediction=43.396902224489104 rho=0.48915846924517403 accept=1
  MFCG it 184 cost=2.705970e+05 lam=4.000e-11 tau=0.00e+00 cg_it=0 shift=0 ckpt=1 alpha=0 acc mv=1115
PCG_PREP o=184 rebuild=1 drift=0 previous_depth=1
ATTR_RADIUS o=184 raw_norm=106904.15785264873 norm=888.64478185395626 radius=888.64478185395626 next_radius=1777.2895637079125 lambda=4.0000000000000023e-11 next_lambda=1.0000000000000006e-11 rho=0.7812341267661701 accept=1
CLASSICAL_LM o=184 lambda=4.0000000000000023e-11 tau=4.0000000000000023e-11 prediction=99.063178543730501 rho=0.7812341267661701 accept=1
  MFCG it 185 cost=2.705196e+05 lam=1.000e-11 tau=0.00e+00 cg_it=1 shift=0 ckpt=2 alpha=0 acc mv=1118
PCG_PREP o=185 rebuild=1 drift=0 previous_depth=2
ATTR_RADIUS o=185 raw_norm=61285.410116964194 norm=0 radius=1777.2895637079125 next_radius=444.32239092697813 lambda=1.0000000000000006e-11 next_lambda=1.6000000000000009e-10 rho=0.012475760656030684 accept=0
CLASSICAL_LM o=185 lambda=1.0000000000000006e-11 tau=1.0000000000000006e-11 prediction=86.129139949659859 rho=0.012475760656030684 accept=0
  MFCG it 186  retry 1/8  lam=1.600e-10 tau_eff=1.000e-11  (assembly reused)
PCG_PREP o=185 rebuild=1 drift=0 previous_depth=1
ATTR_RADIUS o=185 raw_norm=59197.755845216176 norm=444.3223909269779 radius=444.32239092697813 next_radius=444.32239092697813 lambda=1.6000000000000009e-10 next_lambda=1.6000000000000009e-10 rho=0.74655071568521858 accept=1
CLASSICAL_LM o=185 lambda=1.6000000000000009e-10 tau=1.6000000000000009e-10 prediction=22.592367824581427 rho=0.74655071568521858 accept=1
  MFCG it 186 cost=2.705027e+05 lam=1.600e-10 tau=0.00e+00 cg_it=0 shift=0 ckpt=1 alpha=0 acc mv=1122
PCG_PREP o=186 rebuild=1 drift=0 previous_depth=1
ATTR_RADIUS o=186 raw_norm=58902.863271082439 norm=444.32239092697796 radius=444.32239092697813 next_radius=444.32239092697813 lambda=1.6000000000000009e-10 next_lambda=1.6000000000000009e-10 rho=0.74696335707584527 accept=1
CLASSICAL_LM o=186 lambda=1.6000000000000009e-10 tau=1.6000000000000009e-10 prediction=22.522534316019147 rho=0.74696335707584527 accept=1
  MFCG it 187 cost=2.704859e+05 lam=1.600e-10 tau=0.00e+00 cg_it=0 shift=0 ckpt=1 alpha=0 acc mv=1124
PCG_PREP o=187 rebuild=1 drift=0 previous_depth=1
ATTR_RADIUS o=187 raw_norm=93085.308456688697 norm=444.32239092697813 radius=444.32239092697813 next_radius=888.64478185395626 lambda=1.6000000000000009e-10 next_lambda=4.0000000000000023e-11 rho=0.90204108233561064 accept=1
CLASSICAL_LM o=187 lambda=1.6000000000000009e-10 tau=1.6000000000000009e-10 prediction=56.44909991659096 rho=0.90204108233561064 accept=1
  MFCG it 188 cost=2.704350e+05 lam=4.000e-11 tau=0.00e+00 cg_it=1 shift=0 ckpt=2 alpha=0 acc mv=1127
PCG_PREP o=188 rebuild=1 drift=0 previous_depth=2
ATTR_RADIUS o=188 raw_norm=60399.135205656465 norm=888.64478185395615 radius=888.64478185395626 next_radius=888.64478185395626 lambda=4.0000000000000023e-11 next_lambda=4.0000000000000023e-11 rho=0.49321160158387067 accept=1
CLASSICAL_LM o=188 lambda=4.0000000000000023e-11 tau=4.0000000000000023e-11 prediction=43.264362394313537 rho=0.49321160158387067 accept=1
  MFCG it 189 cost=2.704136e+05 lam=4.000e-11 tau=0.00e+00 cg_it=0 shift=0 ckpt=1 alpha=0 acc mv=1129
PCG_PREP o=189 rebuild=1 drift=0 previous_depth=1
ATTR_RADIUS o=189 raw_norm=89623.874559949603 norm=888.64478185395626 radius=888.64478185395626 next_radius=1777.2895637079125 lambda=4.0000000000000023e-11 next_lambda=1.0000000000000006e-11 rho=0.81524037243402891 accept=1
CLASSICAL_LM o=189 lambda=4.0000000000000023e-11 tau=4.0000000000000023e-11 prediction=116.33972750897698 rho=0.81524037243402891 accept=1
  MFCG it 190 cost=2.703188e+05 lam=1.000e-11 tau=0.00e+00 cg_it=1 shift=0 ckpt=2 alpha=0 acc mv=1132
PCG_PREP o=190 rebuild=1 drift=0 previous_depth=2
ATTR_RADIUS o=190 raw_norm=59958.54349680226 norm=0 radius=1777.2895637079125 next_radius=444.32239092697813 lambda=1.0000000000000006e-11 next_lambda=1.6000000000000009e-10 rho=0.018379373677795671 accept=0
CLASSICAL_LM o=190 lambda=1.0000000000000006e-11 tau=1.0000000000000006e-11 prediction=85.561232189625002 rho=0.018379373677795671 accept=0
  MFCG it 191  retry 1/8  lam=1.600e-10 tau_eff=1.000e-11  (assembly reused)
PCG_PREP o=190 rebuild=1 drift=0 previous_depth=1
ATTR_RADIUS o=190 raw_norm=57876.145337042923 norm=444.32239092697802 radius=444.32239092697813 next_radius=444.32239092697813 lambda=1.6000000000000009e-10 next_lambda=1.6000000000000009e-10 rho=0.74847828468931787 accept=1
CLASSICAL_LM o=190 lambda=1.6000000000000009e-10 tau=1.6000000000000009e-10 prediction=22.478338861687874 rho=0.74847828468931787 accept=1
  MFCG it 191 cost=2.703019e+05 lam=1.600e-10 tau=0.00e+00 cg_it=0 shift=0 ckpt=1 alpha=0 acc mv=1136
PCG_PREP o=191 rebuild=1 drift=0 previous_depth=1
ATTR_RADIUS o=191 raw_norm=57568.166343634803 norm=444.32239092697819 radius=444.32239092697813 next_radius=444.32239092697813 lambda=1.6000000000000009e-10 next_lambda=1.6000000000000009e-10 rho=0.7487454550165884 accept=1
CLASSICAL_LM o=191 lambda=1.6000000000000009e-10 tau=1.6000000000000009e-10 prediction=22.400319178442565 rho=0.7487454550165884 accept=1
  MFCG it 192 cost=2.702852e+05 lam=1.600e-10 tau=0.00e+00 cg_it=0 shift=0 ckpt=1 alpha=0 acc mv=1138
PCG_PREP o=192 rebuild=1 drift=0 previous_depth=1
ATTR_RADIUS o=192 raw_norm=77178.22881548712 norm=444.32239092697813 radius=444.32239092697813 next_radius=888.64478185395626 lambda=1.6000000000000009e-10 next_lambda=4.0000000000000023e-11 rho=0.91821860521497256 accept=1
CLASSICAL_LM o=192 lambda=1.6000000000000009e-10 tau=1.6000000000000009e-10 prediction=66.970520567324897 rho=0.91821860521497256 accept=1
  MFCG it 193 cost=2.702237e+05 lam=4.000e-11 tau=0.00e+00 cg_it=1 shift=0 ckpt=2 alpha=0 acc mv=1141
PCG_PREP o=193 rebuild=1 drift=0 previous_depth=2
ATTR_RADIUS o=193 raw_norm=59127.734212165444 norm=888.64478185395626 radius=888.64478185395626 next_radius=888.64478185395626 lambda=4.0000000000000023e-11 next_lambda=4.0000000000000023e-11 rho=0.49571957345864504 accept=1
CLASSICAL_LM o=193 lambda=4.0000000000000023e-11 tau=4.0000000000000023e-11 prediction=42.874289941706756 rho=0.49571957345864504 accept=1
  MFCG it 194 cost=2.702024e+05 lam=4.000e-11 tau=0.00e+00 cg_it=0 shift=0 ckpt=1 alpha=0 acc mv=1143
PCG_PREP o=194 rebuild=1 drift=0 previous_depth=1
ATTR_RADIUS o=194 raw_norm=73786.805597330429 norm=888.6447818539566 radius=888.64478185395626 next_radius=1777.2895637079125 lambda=4.0000000000000023e-11 next_lambda=1.0000000000000006e-11 rho=0.84691743583457757 accept=1
CLASSICAL_LM o=194 lambda=4.0000000000000023e-11 tau=4.0000000000000023e-11 prediction=138.79135002231274 rho=0.84691743583457757 accept=1
  MFCG it 195 cost=2.700849e+05 lam=1.000e-11 tau=0.00e+00 cg_it=1 shift=0 ckpt=2 alpha=0 acc mv=1146
PCG_PREP o=195 rebuild=1 drift=0 previous_depth=2
ATTR_RADIUS o=195 raw_norm=58835.393098632368 norm=0 radius=1777.2895637079125 next_radius=444.32239092697813 lambda=1.0000000000000006e-11 next_lambda=1.6000000000000009e-10 rho=0.019299652056710512 accept=0
CLASSICAL_LM o=195 lambda=1.0000000000000006e-11 tau=1.0000000000000006e-11 prediction=84.266303679443752 rho=0.019299652056710512 accept=0
  MFCG it 196  retry 1/8  lam=1.600e-10 tau_eff=1.000e-11  (assembly reused)
PCG_PREP o=195 rebuild=1 drift=0 previous_depth=1
ATTR_RADIUS o=195 raw_norm=56758.287228814821 norm=444.32239092697807 radius=444.32239092697813 next_radius=444.32239092697813 lambda=1.6000000000000009e-10 next_lambda=1.6000000000000009e-10 rho=0.7492519381479259 accept=1
CLASSICAL_LM o=195 lambda=1.6000000000000009e-10 tau=1.6000000000000009e-10 prediction=22.177595448620984 rho=0.7492519381479259 accept=1
  MFCG it 196 cost=2.700683e+05 lam=1.600e-10 tau=0.00e+00 cg_it=0 shift=0 ckpt=1 alpha=0 acc mv=1150
PCG_PREP o=196 rebuild=1 drift=0 previous_depth=1
ATTR_RADIUS o=196 raw_norm=56438.959793057285 norm=444.32239092697813 radius=444.32239092697813 next_radius=444.32239092697813 lambda=1.6000000000000009e-10 next_lambda=1.6000000000000009e-10 rho=0.74924377846171619 accept=1
CLASSICAL_LM o=196 lambda=1.6000000000000009e-10 tau=1.6000000000000009e-10 prediction=22.083417309771729 rho=0.74924377846171619 accept=1
  MFCG it 197 cost=2.700517e+05 lam=1.600e-10 tau=0.00e+00 cg_it=0 shift=0 ckpt=1 alpha=0 acc mv=1152
PCG_PREP o=197 rebuild=1 drift=0 previous_depth=1
ATTR_RADIUS o=197 raw_norm=62631.82080351175 norm=444.32239092697819 radius=444.32239092697813 next_radius=888.64478185395626 lambda=1.6000000000000009e-10 next_lambda=4.0000000000000023e-11 rho=0.93327836970852585 accept=1
CLASSICAL_LM o=197 lambda=1.6000000000000009e-10 tau=1.6000000000000009e-10 prediction=80.943208606393185 rho=0.93327836970852585 accept=1
  MFCG it 198 cost=2.699762e+05 lam=4.000e-11 tau=0.00e+00 cg_it=1 shift=0 ckpt=2 alpha=0 acc mv=1155
PCG_PREP o=198 rebuild=1 drift=0 previous_depth=2
ATTR_RADIUS o=198 raw_norm=58092.103039834983 norm=888.64478185395615 radius=888.64478185395626 next_radius=888.64478185395626 lambda=4.0000000000000023e-11 next_lambda=4.0000000000000023e-11 rho=0.49530550527331035 accept=1
CLASSICAL_LM o=198 lambda=4.0000000000000023e-11 tau=4.0000000000000023e-11 prediction=42.071151423002817 rho=0.49530550527331035 accept=1
  MFCG it 199 cost=2.699553e+05 lam=4.000e-11 tau=0.00e+00 cg_it=0 shift=0 ckpt=1 alpha=0 acc mv=1157
PCG_PREP o=199 rebuild=1 drift=0 previous_depth=1
ATTR_RADIUS o=199 raw_norm=59163.428025315799 norm=888.64478185395615 radius=888.64478185395626 next_radius=1777.2895637079125 lambda=4.0000000000000023e-11 next_lambda=1.0000000000000006e-11 rho=0.87671556043591858 accept=1
CLASSICAL_LM o=199 lambda=4.0000000000000023e-11 tau=4.0000000000000023e-11 prediction=169.42539492992131 rho=0.87671556043591858 accept=1
  MFCG it 200 cost=2.698068e+05 lam=1.000e-11 tau=0.00e+00 cg_it=1 shift=0 ckpt=2 alpha=0 acc mv=1160
PCG_PREP o=200 rebuild=1 drift=0 previous_depth=2
ATTR_RADIUS o=200 raw_norm=58014.342717289328 norm=0 radius=1777.2895637079125 next_radius=444.32239092697813 lambda=1.0000000000000006e-11 next_lambda=1.6000000000000009e-10 rho=0.012631227806028546 accept=0
CLASSICAL_LM o=200 lambda=1.0000000000000006e-11 tau=1.0000000000000006e-11 prediction=81.967809467800123 rho=0.012631227806028546 accept=0
  MFCG it 201  retry 1/8  lam=1.600e-10 tau_eff=1.000e-11  (assembly reused)
PCG_PREP o=200 rebuild=1 drift=0 previous_depth=1
ATTR_RADIUS o=200 raw_norm=55937.770454098973 norm=444.32239092697813 radius=444.32239092697813 next_radius=444.32239092697813 lambda=1.6000000000000009e-10 next_lambda=1.6000000000000009e-10 rho=0.74834047237879753 accept=1
CLASSICAL_LM o=200 lambda=1.6000000000000009e-10 tau=1.6000000000000009e-10 prediction=21.623596325902763 rho=0.74834047237879753 accept=1
  MFCG it 201 cost=2.697906e+05 lam=1.600e-10 tau=0.00e+00 cg_it=0 shift=0 ckpt=1 alpha=0 acc mv=1164
PCG_PREP o=201 rebuild=1 drift=0 previous_depth=1
ATTR_RADIUS o=201 raw_norm=55607.554352124956 norm=444.32239092697796 radius=444.32239092697813 next_radius=444.32239092697813 lambda=1.6000000000000009e-10 next_lambda=1.6000000000000009e-10 rho=0.7478014315169601 accept=1
CLASSICAL_LM o=201 lambda=1.6000000000000009e-10 tau=1.6000000000000009e-10 prediction=21.497820160665167 rho=0.7478014315169601 accept=1
  MFCG it 202 cost=2.697745e+05 lam=1.600e-10 tau=0.00e+00 cg_it=0 shift=0 ckpt=1 alpha=0 acc mv=1166
PCG_PREP o=202 rebuild=1 drift=0 previous_depth=1
ATTR_RADIUS o=202 raw_norm=48880.696618752416 norm=444.32239092697841 radius=444.32239092697813 next_radius=888.64478185395626 lambda=1.6000000000000009e-10 next_lambda=4.0000000000000023e-11 rho=0.94785489945300616 accept=1
CLASSICAL_LM o=202 lambda=1.6000000000000009e-10 tau=1.6000000000000009e-10 prediction=101.30243221233071 rho=0.94785489945300616 accept=1
  MFCG it 203 cost=2.696785e+05 lam=4.000e-11 tau=0.00e+00 cg_it=1 shift=0 ckpt=2 alpha=0 acc mv=1169
PCG_PREP o=203 rebuild=1 drift=0 previous_depth=2
ATTR_RADIUS o=203 raw_norm=48403.12428393431 norm=888.64478185395592 radius=888.64478185395626 next_radius=1777.2895637079125 lambda=4.0000000000000023e-11 next_lambda=1.0000000000000006e-11 rho=0.89968815612768238 accept=1
CLASSICAL_LM o=203 lambda=4.0000000000000023e-11 tau=4.0000000000000023e-11 prediction=202.41275788198402 rho=0.89968815612768238 accept=1
  MFCG it 204 cost=2.694964e+05 lam=1.000e-11 tau=0.00e+00 cg_it=1 shift=0 ckpt=2 alpha=0 acc mv=1172
PCG_PREP o=204 rebuild=1 drift=0 previous_depth=2
POINT_SAFE o=204 frozen=1339 slope=-79.071149061803155 candidate=269497.7939404326 original=269477.96532817231 current=269496.41605630243 won=0 mode=1 camera_scale=1 keep_scale=0
ATTR_RADIUS o=204 raw_norm=58561.327630589745 norm=888.64478185395581 radius=1777.2895637079125 next_radius=1777.2895637079125 lambda=1.0000000000000006e-11 next_lambda=1.0000000000000006e-12 rho=0.47125381177558828 accept=1
CLASSICAL_LM o=204 lambda=1.0000000000000006e-11 tau=1.0000000000000006e-11 prediction=39.152422047475447 rho=0.47125381177558828 accept=1
  MFCG it 205 cost=2.694780e+05 lam=1.000e-12 tau=0.00e+00 cg_it=0 shift=0 ckpt=1 alpha=0 acc mv=1174
PCG_PREP o=205 rebuild=1 drift=0 previous_depth=1
POINT_SAFE o=205 frozen=1036 slope=-79.899546245793914 candidate=269478.2928673047 original=269459.04162386677 current=269477.96532817231 won=0 mode=1 camera_scale=1 keep_scale=0
ATTR_RADIUS o=205 raw_norm=57634.568701256328 norm=888.64478185395626 radius=1777.2895637079125 next_radius=1777.2895637079125 lambda=1.0000000000000006e-12 next_lambda=1.0000000000000007e-13 rho=0.47807532690016036 accept=1
CLASSICAL_LM o=205 lambda=1.0000000000000006e-12 tau=1.0000000000000006e-12 prediction=39.583101743084207 rho=0.47807532690016036 accept=1
  MFCG it 206 cost=2.694590e+05 lam=1.000e-13 tau=0.00e+00 cg_it=0 shift=0 ckpt=1 alpha=0 acc mv=1176
PCG_PREP o=206 rebuild=1 drift=0 previous_depth=1
ATTR_RADIUS o=206 raw_norm=56608.094827549823 norm=0 radius=1777.2895637079125 next_radius=444.32239092697813 lambda=1.0000000000000007e-13 next_lambda=1.6000000000000011e-12 rho=0.011587347387666841 accept=0
CLASSICAL_LM o=206 lambda=1.0000000000000007e-13 tau=1.0000000000000007e-13 prediction=79.530167791028575 rho=0.011587347387666841 accept=0
  MFCG it 207  retry 1/8  lam=1.600e-12 tau_eff=1.000e-13  (assembly reused)
PCG_PREP o=206 rebuild=1 drift=0 previous_depth=1
ATTR_RADIUS o=206 raw_norm=56584.319550071712 norm=444.32239092697819 radius=444.32239092697813 next_radius=444.32239092697813 lambda=1.6000000000000011e-12 next_lambda=1.6000000000000011e-12 rho=0.73936053373132138 accept=1
CLASSICAL_LM o=206 lambda=1.6000000000000011e-12 tau=1.6000000000000011e-12 prediction=20.246797762305199 rho=0.73936053373132138 accept=1
  MFCG it 207 cost=2.694441e+05 lam=1.600e-12 tau=0.00e+00 cg_it=0 shift=0 ckpt=1 alpha=0 acc mv=1180
PCG_PREP o=207 rebuild=1 drift=0 previous_depth=1
ATTR_RADIUS o=207 raw_norm=36928.744319579062 norm=444.32239092697796 radius=444.32239092697813 next_radius=888.64478185395626 lambda=1.6000000000000011e-12 next_lambda=4.0000000000000026e-13 rho=0.9588243343091839 accept=1
CLASSICAL_LM o=207 lambda=1.6000000000000011e-12 tau=1.6000000000000011e-12 prediction=130.23791302445355 rho=0.9588243343091839 accept=1
  MFCG it 208 cost=2.693192e+05 lam=4.000e-13 tau=0.00e+00 cg_it=1 shift=0 ckpt=2 alpha=0 acc mv=1183
PCG_PREP o=208 rebuild=1 drift=0 previous_depth=2
ATTR_RADIUS o=208 raw_norm=56973.107499400227 norm=888.64478185395637 radius=888.64478185395626 next_radius=888.64478185395626 lambda=4.0000000000000026e-13 next_lambda=4.0000000000000026e-13 rho=0.47680641555106484 accept=1
CLASSICAL_LM o=208 lambda=4.0000000000000026e-13 tau=4.0000000000000026e-13 prediction=39.101990790015748 rho=0.47680641555106484 accept=1
  MFCG it 209 cost=2.693006e+05 lam=4.000e-13 tau=0.00e+00 cg_it=0 shift=0 ckpt=1 alpha=0 acc mv=1185
PCG_PREP o=209 rebuild=1 drift=0 previous_depth=1
ATTR_RADIUS o=209 raw_norm=31617.329367501792 norm=888.64478185395626 radius=888.64478185395626 next_radius=1777.2895637079125 lambda=4.0000000000000026e-13 next_lambda=1.0000000000000007e-13 rho=0.87530255824093839 accept=1
CLASSICAL_LM o=209 lambda=4.0000000000000026e-13 tau=4.0000000000000026e-13 prediction=298.44513141613697 rho=0.87530255824093839 accept=1
  MFCG it 210 cost=2.690393e+05 lam=1.000e-13 tau=0.00e+00 cg_it=1 shift=0 ckpt=2 alpha=0 acc mv=1188
PCG_PREP o=210 rebuild=1 drift=0 previous_depth=2
POINT_SAFE o=210 frozen=1270 slope=-95.028881379226334 candidate=269041.83889037912 original=269035.26804226503 current=269039.32279331679 won=0 mode=1 camera_scale=1 keep_scale=0
ATTR_RADIUS o=210 raw_norm=57493.110320939595 norm=1777.2895637079123 radius=1777.2895637079125 next_radius=444.32239092697813 lambda=1.0000000000000007e-13 next_lambda=1.6000000000000011e-12 rho=0.08019039296113506 accept=0
CLASSICAL_LM o=210 lambda=1.0000000000000007e-13 tau=1.0000000000000007e-13 prediction=50.564050156602157 rho=0.08019039296113506 accept=0
  MFCG it 211  retry 1/8  lam=1.600e-12 tau_eff=1.000e-13  (assembly reused)
PCG_PREP o=210 rebuild=1 drift=0 previous_depth=1
ATTR_RADIUS o=210 raw_norm=57468.691476180502 norm=444.32239092697813 radius=444.32239092697813 next_radius=444.32239092697813 lambda=1.6000000000000011e-12 next_lambda=1.6000000000000011e-12 rho=0.31510172071845183 accept=1
CLASSICAL_LM o=210 lambda=1.6000000000000011e-12 tau=1.6000000000000011e-12 prediction=36.903320055795227 rho=0.31510172071845183 accept=1
  MFCG it 211 cost=2.690277e+05 lam=1.600e-12 tau=0.00e+00 cg_it=0 shift=0 ckpt=1 alpha=0 acc mv=1192
PCG_PREP o=211 rebuild=1 drift=0 previous_depth=1
ATTR_RADIUS o=211 raw_norm=57088.857925474411 norm=444.3223909269783 radius=444.32239092697813 next_radius=444.32239092697813 lambda=1.6000000000000011e-12 next_lambda=1.6000000000000011e-12 rho=0.28161752847740917 accept=1
CLASSICAL_LM o=211 lambda=1.6000000000000011e-12 tau=1.6000000000000011e-12 prediction=38.729130389592171 rho=0.28161752847740917 accept=1
  MFCG it 212 cost=2.690168e+05 lam=1.600e-12 tau=0.00e+00 cg_it=0 shift=0 ckpt=1 alpha=0 acc mv=1194
PCG_PREP o=212 rebuild=1 drift=0 previous_depth=1
ATTR_RADIUS o=212 raw_norm=23767.159454386394 norm=444.32239092697813 radius=444.32239092697813 next_radius=888.64478185395626 lambda=1.6000000000000011e-12 next_lambda=4.0000000000000026e-13 rho=0.83536608292124903 accept=1
CLASSICAL_LM o=212 lambda=1.6000000000000011e-12 tau=1.6000000000000011e-12 prediction=216.73077684897808 rho=0.83536608292124903 accept=1
  MFCG it 213 cost=2.688357e+05 lam=4.000e-13 tau=0.00e+00 cg_it=1 shift=0 ckpt=2 alpha=0 acc mv=1197
PCG_PREP o=213 rebuild=1 drift=0 previous_depth=2
ATTR_RADIUS o=213 raw_norm=20387.25693034086 norm=888.64478185395615 radius=888.64478185395626 next_radius=1777.2895637079125 lambda=4.0000000000000026e-13 next_lambda=1.0000000000000007e-13 rho=0.87456191754620771 accept=1
CLASSICAL_LM o=213 lambda=4.0000000000000026e-13 tau=4.0000000000000026e-13 prediction=471.8175550453069 rho=0.87456191754620771 accept=1
  MFCG it 214 cost=2.684231e+05 lam=1.000e-13 tau=0.00e+00 cg_it=1 shift=0 ckpt=2 alpha=0 acc mv=1200
PCG_PREP o=214 rebuild=1 drift=0 previous_depth=2
POINT_SAFE o=214 frozen=1164 slope=-129.64597480241957 candidate=268431.8248213128 original=268410.07612493407 current=268423.1044859094 won=0 mode=1 camera_scale=1 keep_scale=0
ATTR_RADIUS o=214 raw_norm=61000.75227128603 norm=888.64478185395626 radius=1777.2895637079125 next_radius=444.32239092697813 lambda=1.0000000000000007e-13 next_lambda=1.6000000000000011e-12 rho=0.20177504926393044 accept=1
CLASSICAL_LM o=214 lambda=1.0000000000000007e-13 tau=1.0000000000000007e-13 prediction=64.568741392215045 rho=0.20177504926393044 accept=1
  MFCG it 215 cost=2.684101e+05 lam=1.600e-12 tau=0.00e+00 cg_it=0 shift=0 ckpt=1 alpha=0 acc mv=1202
PCG_PREP o=215 rebuild=1 drift=0 previous_depth=1
ATTR_RADIUS o=215 raw_norm=12586.559715041629 norm=444.32239092697796 radius=444.32239092697813 next_radius=888.64478185395626 lambda=1.6000000000000011e-12 next_lambda=4.0000000000000026e-13 rho=0.88335849891749341 accept=1
CLASSICAL_LM o=215 lambda=1.6000000000000011e-12 tau=1.6000000000000011e-12 prediction=388.25022650251202 rho=0.88335849891749341 accept=1
  MFCG it 216 cost=2.680671e+05 lam=4.000e-13 tau=0.00e+00 cg_it=1 shift=0 ckpt=2 alpha=0 acc mv=1205
PCG_PREP o=216 rebuild=1 drift=0 previous_depth=2
ATTR_RADIUS o=216 raw_norm=10864.544070371336 norm=888.64478185395626 radius=888.64478185395626 next_radius=1777.2895637079125 lambda=4.0000000000000026e-13 next_lambda=1.0000000000000007e-13 rho=0.91858343352642058 accept=1
CLASSICAL_LM o=216 lambda=4.0000000000000026e-13 tau=4.0000000000000026e-13 prediction=797.29967660278146 rho=0.91858343352642058 accept=1
  MFCG it 217 cost=2.673347e+05 lam=1.000e-13 tau=0.00e+00 cg_it=1 shift=0 ckpt=2 alpha=0 acc mv=1208
PCG_PREP o=217 rebuild=1 drift=0 previous_depth=2
ATTR_RADIUS o=217 raw_norm=156020.04358688171 norm=1777.2895637079121 radius=1777.2895637079125 next_radius=1777.2895637079125 lambda=1.0000000000000007e-13 next_lambda=1.0000000000000007e-13 rho=0.28111064267173885 accept=1
CLASSICAL_LM o=217 lambda=1.0000000000000007e-13 tau=1.0000000000000007e-13 prediction=185.17503460275057 rho=0.28111064267173885 accept=1
  MFCG it 218 cost=2.672827e+05 lam=1.000e-13 tau=0.00e+00 cg_it=2 shift=0 ckpt=3 alpha=0 acc mv=1212
PCG_PREP o=218 rebuild=1 drift=0 previous_depth=3
POINT_SAFE o=218 frozen=75 slope=-179.35753496322718 candidate=267300.528859757 original=267275.07788738876 current=267282.67104017921 won=0 mode=1 camera_scale=1 keep_scale=0
ATTR_RADIUS o=218 raw_norm=65540.070372677801 norm=1777.2895637079123 radius=1777.2895637079125 next_radius=444.32239092697813 lambda=1.0000000000000007e-13 next_lambda=1.6000000000000011e-12 rho=0.097197081324087678 accept=0
CLASSICAL_LM o=218 lambda=1.0000000000000007e-13 tau=1.0000000000000007e-13 prediction=78.121201655517282 rho=0.097197081324087678 accept=0
  MFCG it 219  retry 1/8  lam=1.600e-12 tau_eff=1.000e-13  (assembly reused)
PCG_PREP o=218 rebuild=1 drift=0 previous_depth=1
ATTR_RADIUS o=218 raw_norm=65512.913519975882 norm=444.32239092697813 radius=444.32239092697813 next_radius=111.08059773174453 lambda=1.6000000000000011e-12 next_lambda=2.5600000000000017e-11 rho=0.1178819522312886 accept=1
CLASSICAL_LM o=218 lambda=1.6000000000000011e-12 tau=1.6000000000000011e-12 prediction=84.066625011335901 rho=0.1178819522312886 accept=1
  MFCG it 219 cost=2.672728e+05 lam=2.560e-11 tau=0.00e+00 cg_it=0 shift=0 ckpt=1 alpha=0 acc mv=1216
PCG_PREP o=219 rebuild=1 drift=0 previous_depth=1
POINT_SAFE o=219 frozen=5 slope=-62.452630141497892 candidate=267245.51153859531 original=267238.0144571545 current=267272.76110230538 won=0 mode=1 camera_scale=1 keep_scale=0
ATTR_RADIUS o=219 raw_norm=64488.92470060457 norm=27.77014943293614 radius=111.08059773174453 next_radius=111.08059773174453 lambda=2.5600000000000017e-11 next_lambda=2.560000000000002e-12 rho=1.1109159365665908 accept=1
CLASSICAL_LM o=219 lambda=2.5600000000000017e-11 tau=2.5600000000000017e-11 prediction=31.277474745991281 rho=1.1109159365665908 accept=1
  MFCG it 220 cost=2.672380e+05 lam=2.560e-12 tau=0.00e+00 cg_it=0 shift=0 ckpt=1 alpha=0 acc mv=1218
PCG_PREP o=220 rebuild=1 drift=0 previous_depth=1
POINT_SAFE o=220 frozen=13 slope=-29.202152812385847 candidate=267227.95795752277 original=267234.86987522547 current=267238.0144571545 won=1 mode=1 camera_scale=1 keep_scale=0
ATTR_RADIUS o=220 raw_norm=64841.764867656479 norm=111.08059773174452 radius=111.08059773174453 next_radius=111.08059773174453 lambda=2.560000000000002e-12 next_lambda=2.560000000000002e-12 rho=0.62392338996630026 accept=1
CLASSICAL_LM o=220 lambda=2.560000000000002e-12 tau=2.560000000000002e-12 prediction=16.118164174401862 rho=0.62392338996630026 accept=1
  MFCG it 221 cost=2.672280e+05 lam=2.560e-12 tau=0.00e+00 cg_it=0 shift=0 ckpt=1 alpha=0 acc mv=1220
PCG_PREP o=221 rebuild=1 drift=0 previous_depth=1
ATTR_RADIUS o=221 raw_norm=64719.7027913122 norm=111.08059773174449 radius=111.08059773174453 next_radius=27.770149432936133 lambda=2.560000000000002e-12 next_lambda=4.0960000000000032e-11 rho=0.10522087661476487 accept=1
CLASSICAL_LM o=221 lambda=2.560000000000002e-12 tau=2.560000000000002e-12 prediction=31.504698846735174 rho=0.10522087661476487 accept=1
  MFCG it 222 cost=2.672246e+05 lam=4.096e-11 tau=0.00e+00 cg_it=0 shift=0 ckpt=1 alpha=0 acc mv=1222
PCG_PREP o=222 rebuild=1 drift=0 previous_depth=1
POINT_SAFE o=222 frozen=5 slope=-43.950653438364327 candidate=267205.02108658652 original=267203.12759103219 current=267224.64300549263 won=0 mode=1 camera_scale=1 keep_scale=0
ATTR_RADIUS o=222 raw_norm=63963.649040739991 norm=13.885074716468061 radius=27.770149432936133 next_radius=27.770149432936133 lambda=4.0960000000000032e-11 next_lambda=4.0960000000000035e-12 rho=1.0093026628548216 accept=1
CLASSICAL_LM o=222 lambda=4.0960000000000032e-11 tau=4.0960000000000032e-11 prediction=21.31710858622845 rho=1.0093026628548216 accept=1
  MFCG it 223 cost=2.672031e+05 lam=4.096e-12 tau=0.00e+00 cg_it=0 shift=0 ckpt=1 alpha=0 acc mv=1224
PCG_PREP o=223 rebuild=1 drift=0 previous_depth=1
POINT_SAFE o=223 frozen=10 slope=-7.6788677087341135 candidate=267200.03848728858 original=267201.77948893531 current=267203.12759103219 won=1 mode=1 camera_scale=1 keep_scale=0
ATTR_RADIUS o=223 raw_norm=64554.822165521327 norm=27.770149432936144 radius=27.770149432936133 next_radius=27.770149432936133 lambda=4.0960000000000035e-12 next_lambda=4.0960000000000035e-12 rho=0.73202401523215888 accept=1
CLASSICAL_LM o=223 lambda=4.0960000000000035e-12 tau=4.0960000000000035e-12 prediction=4.2199486346481088 rho=0.73202401523215888 accept=1
  MFCG it 224 cost=2.672000e+05 lam=4.096e-12 tau=0.00e+00 cg_it=0 shift=0 ckpt=1 alpha=0 acc mv=1226
PCG_PREP o=224 rebuild=1 drift=0 previous_depth=1
POINT_SAFE o=224 frozen=7 slope=-6.5493950799171534 candidate=267197.46630693687 original=267199.00489178946 current=267200.03848728858 won=1 mode=1 camera_scale=1 keep_scale=0
ATTR_RADIUS o=224 raw_norm=64525.934912479948 norm=27.77014943293613 radius=27.770149432936133 next_radius=27.770149432936133 lambda=4.0960000000000035e-12 next_lambda=4.0960000000000035e-12 rho=0.70354327087350743 accept=1
CLASSICAL_LM o=224 lambda=4.0960000000000035e-12 tau=4.0960000000000035e-12 prediction=3.656037173825156 rho=0.70354327087350743 accept=1
  MFCG it 225 cost=2.671975e+05 lam=4.096e-12 tau=0.00e+00 cg_it=0 shift=0 ckpt=1 alpha=0 acc mv=1228
PCG_PREP o=225 rebuild=1 drift=0 previous_depth=1
POINT_SAFE o=225 frozen=4 slope=-3.6545337059703833 candidate=267195.78717803548 original=267195.84166710224 current=267197.46630693687 won=1 mode=1 camera_scale=1 keep_scale=0
ATTR_RADIUS o=225 raw_norm=64496.654946523326 norm=27.770149432936119 radius=27.770149432936133 next_radius=55.540298865872266 lambda=4.0960000000000035e-12 next_lambda=1.0240000000000009e-12 rho=0.76024630690292361 accept=1
CLASSICAL_LM o=225 lambda=4.0960000000000035e-12 tau=4.0960000000000035e-12 prediction=2.2086643317388668 rho=0.76024630690292361 accept=1
  MFCG it 226 cost=2.671958e+05 lam=1.024e-12 tau=0.00e+00 cg_it=0 shift=0 ckpt=1 alpha=0 acc mv=1230
PCG_PREP o=226 rebuild=1 drift=0 previous_depth=1
ATTR_RADIUS o=226 raw_norm=64519.006559693662 norm=55.540298865872273 radius=55.540298865872266 next_radius=55.540298865872266 lambda=1.0240000000000009e-12 next_lambda=1.0240000000000009e-12 rho=0.38945746012942906 accept=1
CLASSICAL_LM o=226 lambda=1.0240000000000009e-12 tau=1.0240000000000009e-12 prediction=3.1989492325027715 rho=0.38945746012942906 accept=1
  MFCG it 227 cost=2.671945e+05 lam=1.024e-12 tau=0.00e+00 cg_it=0 shift=0 ckpt=1 alpha=0 acc mv=1232
PCG_PREP o=227 rebuild=1 drift=0 previous_depth=1
ATTR_RADIUS o=227 raw_norm=64459.897841248181 norm=0 radius=55.540298865872266 next_radius=13.885074716468067 lambda=1.0240000000000009e-12 next_lambda=1.6384000000000014e-11 rho=0.019158701181349682 accept=0
CLASSICAL_LM o=227 lambda=1.0240000000000009e-12 tau=1.0240000000000009e-12 prediction=3.4070460680903452 rho=0.019158701181349682 accept=0
  MFCG it 228  retry 1/8  lam=1.638e-11 tau_eff=1.024e-12  (assembly reused)
PCG_PREP o=227 rebuild=1 drift=0 previous_depth=1
POINT_SAFE o=227 frozen=5 slope=-2.9502494848765299 candidate=267192.90192243038 original=267192.79923120007 current=267194.5413233923 won=0 mode=1 camera_scale=1 keep_scale=0
ATTR_RADIUS o=227 raw_norm=64205.545892649192 norm=6.9425373582340324 radius=13.885074716468067 next_radius=13.885074716468067 lambda=1.6384000000000014e-11 next_lambda=1.6384000000000016e-12 rho=1.086535904636998 accept=1
CLASSICAL_LM o=227 lambda=1.6384000000000014e-11 tau=1.6384000000000014e-11 prediction=1.6033452597346327 rho=1.086535904636998 accept=1
  MFCG it 228 cost=2.671928e+05 lam=1.638e-12 tau=0.00e+00 cg_it=0 shift=0 ckpt=1 alpha=0 acc mv=1236
PCG_PREP o=228 rebuild=1 drift=0 previous_depth=1
ATTR_RADIUS o=228 raw_norm=64442.216204584591 norm=13.88507471646807 radius=13.885074716468067 next_radius=13.885074716468067 lambda=1.6384000000000016e-12 next_lambda=1.6384000000000016e-12 rho=0.4818691419266129 accept=1
CLASSICAL_LM o=228 lambda=1.6384000000000016e-12 tau=1.6384000000000016e-12 prediction=0.71198764269232773 rho=0.4818691419266129 accept=1
  MFCG it 229 cost=2.671925e+05 lam=1.638e-12 tau=0.00e+00 cg_it=0 shift=0 ckpt=1 alpha=0 acc mv=1238
PCG_PREP o=229 rebuild=1 drift=0 previous_depth=1
ATTR_RADIUS o=229 raw_norm=64427.914280682053 norm=13.885074716468065 radius=13.885074716468067 next_radius=13.885074716468067 lambda=1.6384000000000016e-12 next_lambda=1.6384000000000016e-12 rho=0.44454815935512804 accept=1
CLASSICAL_LM o=229 lambda=1.6384000000000016e-12 tau=1.6384000000000016e-12 prediction=0.74576730222440202 rho=0.44454815935512804 accept=1
  MFCG it 230 cost=2.671921e+05 lam=1.638e-12 tau=0.00e+00 cg_it=0 shift=0 ckpt=1 alpha=0 acc mv=1240
PCG_PREP o=230 rebuild=1 drift=0 previous_depth=1
ATTR_RADIUS o=230 raw_norm=64413.837506258846 norm=13.885074716468068 radius=13.885074716468067 next_radius=27.770149432936133 lambda=1.6384000000000016e-12 next_lambda=4.096000000000004e-13 rho=0.87032722803071949 accept=1
CLASSICAL_LM o=230 lambda=1.6384000000000016e-12 tau=1.6384000000000016e-12 prediction=0.7910792699234549 rho=0.87032722803071949 accept=1
  MFCG it 231 cost=2.671914e+05 lam=4.096e-13 tau=0.00e+00 cg_it=0 shift=0 ckpt=1 alpha=0 acc mv=1242
PCG_PREP o=231 rebuild=1 drift=0 previous_depth=1
ATTR_RADIUS o=231 raw_norm=64420.332516920447 norm=27.77014943293613 radius=27.770149432936133 next_radius=55.540298865872266 lambda=4.096000000000004e-13 next_lambda=1.024000000000001e-13 rho=0.8354704420222886 accept=1
CLASSICAL_LM o=231 lambda=4.096000000000004e-13 tau=4.096000000000004e-13 prediction=0.86026075649296507 rho=0.8354704420222886 accept=1
  MFCG: converged (OCA_FTOL: 8 outers < 1.0e-05 rel)
  [menu-backtrack] confirming stop with original retry policy at outer 232
  MFCG it 232 cost=2.671907e+05 lam=1.024e-13 tau=0.00e+00 cg_it=0 shift=0 ckpt=1 alpha=0 acc mv=1244
PCG_PREP o=232 rebuild=1 drift=0 previous_depth=1
ATTR_RADIUS o=232 raw_norm=64399.338618742921 norm=55.540298865872295 radius=55.540298865872266 next_radius=111.08059773174453 lambda=1.024000000000001e-13 next_lambda=2.5600000000000025e-14 rho=0.87767140380112274 accept=1
CLASSICAL_LM o=232 lambda=1.024000000000001e-13 tau=1.024000000000001e-13 prediction=1.6476394499528779 rho=0.87767140380112274 accept=1
  MFCG it 233 cost=2.671893e+05 lam=2.560e-14 tau=0.00e+00 cg_it=0 shift=0 ckpt=1 alpha=0 acc mv=1246
PCG_PREP o=233 rebuild=1 drift=0 previous_depth=1
ATTR_RADIUS o=233 raw_norm=64343.419652724435 norm=111.08059773174452 radius=111.08059773174453 next_radius=222.16119546348907 lambda=2.5600000000000025e-14 next_lambda=6.4000000000000062e-15 rho=0.87188170021040734 accept=1
CLASSICAL_LM o=233 lambda=2.5600000000000025e-14 tau=2.5600000000000025e-14 prediction=3.1770525516527726 rho=0.87188170021040734 accept=1
  MFCG it 234 cost=2.671865e+05 lam=6.400e-15 tau=0.00e+00 cg_it=0 shift=0 ckpt=1 alpha=0 acc mv=1248
PCG_PREP o=234 rebuild=1 drift=0 previous_depth=1
ATTR_RADIUS o=234 raw_norm=64235.714009816329 norm=222.16119546348915 radius=222.16119546348907 next_radius=444.32239092697813 lambda=6.4000000000000062e-15 next_lambda=1.6000000000000015e-15 rho=0.80128589241139347 accept=1
CLASSICAL_LM o=234 lambda=6.4000000000000062e-15 tau=6.4000000000000062e-15 prediction=6.2132703099833027 rho=0.80128589241139347 accept=1
  MFCG it 235 cost=2.671815e+05 lam=1.600e-15 tau=0.00e+00 cg_it=0 shift=0 ckpt=1 alpha=0 acc mv=1250
PCG_PREP o=235 rebuild=1 drift=0 previous_depth=1
ATTR_RADIUS o=235 raw_norm=64083.46797714827 norm=444.32239092697813 radius=444.32239092697813 next_radius=444.32239092697813 lambda=1.6000000000000015e-15 next_lambda=1.6000000000000015e-15 rho=0.63607165275170874 accept=1
CLASSICAL_LM o=235 lambda=1.6000000000000015e-15 tau=1.6000000000000015e-15 prediction=12.288241318390861 rho=0.63607165275170874 accept=1
  MFCG it 236 cost=2.671737e+05 lam=1.600e-15 tau=0.00e+00 cg_it=0 shift=0 ckpt=1 alpha=0 acc mv=1252
PCG_PREP o=236 rebuild=1 drift=0 previous_depth=1
ATTR_RADIUS o=236 raw_norm=63419.261364598191 norm=444.32239092697796 radius=444.32239092697813 next_radius=444.32239092697813 lambda=1.6000000000000015e-15 next_lambda=1.6000000000000015e-15 rho=0.63904477627544265 accept=1
CLASSICAL_LM o=236 lambda=1.6000000000000015e-15 tau=1.6000000000000015e-15 prediction=12.359511699464282 rho=0.63904477627544265 accept=1
  MFCG it 237 cost=2.671658e+05 lam=1.600e-15 tau=0.00e+00 cg_it=0 shift=0 ckpt=1 alpha=0 acc mv=1254
PCG_PREP o=237 rebuild=1 drift=0 previous_depth=1
ATTR_RADIUS o=237 raw_norm=62800.539137560241 norm=444.32239092697802 radius=444.32239092697813 next_radius=444.32239092697813 lambda=1.6000000000000015e-15 next_lambda=1.6000000000000015e-15 rho=0.64201534212131317 accept=1
CLASSICAL_LM o=237 lambda=1.6000000000000015e-15 tau=1.6000000000000015e-15 prediction=12.426411037512567 rho=0.64201534212131317 accept=1
  MFCG it 238 cost=2.671578e+05 lam=1.600e-15 tau=0.00e+00 cg_it=0 shift=0 ckpt=1 alpha=0 acc mv=1256
PCG_PREP o=238 rebuild=1 drift=0 previous_depth=1
ATTR_RADIUS o=238 raw_norm=62255.344784548171 norm=444.32239092697813 radius=444.32239092697813 next_radius=444.32239092697813 lambda=1.6000000000000015e-15 next_lambda=1.6000000000000015e-15 rho=0.64525642090867974 accept=1
CLASSICAL_LM o=238 lambda=1.6000000000000015e-15 tau=1.6000000000000015e-15 prediction=12.491346305504029 rho=0.64525642090867974 accept=1
  MFCG it 239 cost=2.671498e+05 lam=1.600e-15 tau=0.00e+00 cg_it=0 shift=0 ckpt=1 alpha=0 acc mv=1258
PCG_PREP o=239 rebuild=1 drift=0 previous_depth=1
ATTR_RADIUS o=239 raw_norm=61745.595420525933 norm=444.32239092697819 radius=444.32239092697813 next_radius=444.32239092697813 lambda=1.6000000000000015e-15 next_lambda=1.6000000000000015e-15 rho=0.64828563800757177 accept=1
CLASSICAL_LM o=239 lambda=1.6000000000000015e-15 tau=1.6000000000000015e-15 prediction=12.55657882440498 rho=0.64828563800757177 accept=1
  MFCG it 240 cost=2.671416e+05 lam=1.600e-15 tau=0.00e+00 cg_it=0 shift=0 ckpt=1 alpha=0 acc mv=1260
PCG_PREP o=240 rebuild=1 drift=0 previous_depth=1
NUMERIC_REPAIR o=240 lambda=1.6000000000000015e-15 rayleigh=-3.8005408581143574e-08 next_lambda=1.520216407245743e-07 cg=3 rebuild=1
PCG_PREP o=240 rebuild=1 drift=0 previous_depth=3
ATTR_RADIUS o=240 raw_norm=12173.110059128765 norm=444.32239092697807 radius=444.32239092697813 next_radius=888.64478185395626 lambda=1.520216407245743e-07 next_lambda=1.520216407245743e-07 rho=0.99851424807393407 accept=1
CLASSICAL_LM o=240 lambda=1.520216407245743e-07 tau=1.520216407245743e-07 prediction=353.27143931455942 rho=0.99851424807393407 accept=1
  [menu-backtrack] rearmed after meaningful confirmation progress at outer 241
  MFCG it 241 cost=2.667889e+05 lam=1.520e-07 tau=0.00e+00 cg_it=2 shift=0 ckpt=3 alpha=0 acc mv=1268
PCG_PREP o=241 rebuild=1 drift=0 previous_depth=3
ATTR_RADIUS o=241 raw_norm=12069.017023057295 norm=888.64478185395626 radius=888.64478185395626 next_radius=1777.2895637079125 lambda=1.520216407245743e-07 next_lambda=1.520216407245743e-07 rho=0.99866511470327424 accept=1
CLASSICAL_LM o=241 lambda=1.520216407245743e-07 tau=1.520216407245743e-07 prediction=666.66713055353136 rho=0.99866511470327424 accept=1
  MFCG it 242 cost=2.661231e+05 lam=1.520e-07 tau=0.00e+00 cg_it=2 shift=0 ckpt=3 alpha=0 acc mv=1272
PCG_PREP o=242 rebuild=1 drift=0 previous_depth=3
ATTR_RADIUS o=242 raw_norm=11817.245163110254 norm=1777.2895637079125 radius=1777.2895637079125 next_radius=3554.579127415825 lambda=1.520216407245743e-07 next_lambda=1.520216407245743e-07 rho=0.99621150692195515 accept=1
CLASSICAL_LM o=242 lambda=1.520216407245743e-07 tau=1.520216407245743e-07 prediction=1183.8569846328346 rho=0.99621150692195515 accept=1
  MFCG it 243 cost=2.649437e+05 lam=1.520e-07 tau=0.00e+00 cg_it=2 shift=0 ckpt=3 alpha=0 acc mv=1276
PCG_PREP o=243 rebuild=1 drift=0 previous_depth=3
ATTR_RADIUS o=243 raw_norm=11257.227820155498 norm=3554.579127415825 radius=3554.579127415825 next_radius=7109.1582548316501 lambda=1.520216407245743e-07 next_lambda=1.520216407245743e-07 rho=0.98447699068210259 accept=1
CLASSICAL_LM o=243 lambda=1.520216407245743e-07 tau=1.520216407245743e-07 prediction=1826.4519928486511 rho=0.98447699068210259 accept=1
  MFCG it 244 cost=2.631456e+05 lam=1.520e-07 tau=0.00e+00 cg_it=2 shift=0 ckpt=3 alpha=0 acc mv=1280
PCG_PREP o=244 rebuild=1 drift=0 previous_depth=3
ATTR_RADIUS o=244 raw_norm=2015.5331558558203 norm=2015.5331558558203 radius=7109.1582548316501 next_radius=7109.1582548316501 lambda=1.520216407245743e-07 next_lambda=1.520216407245743e-07 rho=1.0683317590873791 accept=1
CLASSICAL_LM o=244 lambda=1.520216407245743e-07 tau=1.520216407245743e-07 prediction=318.56087685485761 rho=1.0683317590873791 accept=1
  MFCG it 245 cost=2.628053e+05 lam=1.520e-07 tau=0.00e+00 cg_it=0 shift=0 ckpt=1 alpha=0 acc mv=1282
PCG_PREP o=245 rebuild=1 drift=0 previous_depth=1
ATTR_RADIUS o=245 raw_norm=7113.2684347502927 norm=7109.1582548316501 radius=7109.1582548316501 next_radius=14218.3165096633 lambda=1.520216407245743e-07 next_lambda=1.520216407245743e-07 rho=0.93035865369257376 accept=1
CLASSICAL_LM o=245 lambda=1.520216407245743e-07 tau=1.520216407245743e-07 prediction=2040.4343832404149 rho=0.93035865369257376 accept=1
  MFCG it 246 cost=2.609070e+05 lam=1.520e-07 tau=0.00e+00 cg_it=13 shift=0 ckpt=14 alpha=0 acc mv=1297
PCG_PREP o=246 rebuild=1 drift=0 previous_depth=14
ATTR_RADIUS o=246 raw_norm=1588.5142567503044 norm=1588.5142567503044 radius=14218.3165096633 next_radius=14218.3165096633 lambda=1.520216407245743e-07 next_lambda=1.520216407245743e-07 rho=0.9584053372378204 accept=1
CLASSICAL_LM o=246 lambda=1.520216407245743e-07 tau=1.520216407245743e-07 prediction=150.27564642680778 rho=0.9584053372378204 accept=1
  MFCG it 247 cost=2.607629e+05 lam=1.520e-07 tau=0.00e+00 cg_it=0 shift=0 ckpt=1 alpha=0 acc mv=1299
PCG_PREP o=247 rebuild=1 drift=0 previous_depth=1
ATTR_RADIUS o=247 raw_norm=658.31616906088811 norm=658.31616906088811 radius=14218.3165096633 next_radius=14218.3165096633 lambda=1.520216407245743e-07 next_lambda=1.520216407245743e-07 rho=0.88135433469790359 accept=1
CLASSICAL_LM o=247 lambda=1.520216407245743e-07 tau=1.520216407245743e-07 prediction=16.192371389411093 rho=0.88135433469790359 accept=1
  MFCG it 248 cost=2.607487e+05 lam=1.520e-07 tau=0.00e+00 cg_it=1 shift=0 ckpt=2 alpha=0 acc mv=1302
PCG_PREP o=248 rebuild=1 drift=0 previous_depth=2
ATTR_RADIUS o=248 raw_norm=1429.0347826266418 norm=1429.0347826266418 radius=14218.3165096633 next_radius=14218.3165096633 lambda=1.520216407245743e-07 next_lambda=1.520216407245743e-07 rho=0.48069806163004924 accept=1
CLASSICAL_LM o=248 lambda=1.520216407245743e-07 tau=1.520216407245743e-07 prediction=9.5685985475238393 rho=0.48069806163004924 accept=1
  MFCG it 249 cost=2.607441e+05 lam=1.520e-07 tau=0.00e+00 cg_it=20 shift=0 ckpt=21 alpha=0 acc mv=1324
PCG_PREP o=249 rebuild=1 drift=0 previous_depth=21
ATTR_RADIUS o=249 raw_norm=1548.0102806018313 norm=1548.0102806018313 radius=14218.3165096633 next_radius=14218.3165096633 lambda=1.520216407245743e-07 next_lambda=1.520216407245743e-07 rho=0.50776748775170411 accept=1
CLASSICAL_LM o=249 lambda=1.520216407245743e-07 tau=1.520216407245743e-07 prediction=5.8010949658727418 rho=0.50776748775170411 accept=1
  MFCG it 250 cost=2.607411e+05 lam=1.520e-07 tau=0.00e+00 cg_it=0 shift=0 ckpt=1 alpha=0 acc mv=1326
PCG_PREP o=250 rebuild=1 drift=0 previous_depth=1
ATTR_RADIUS o=250 raw_norm=1205.4085803311691 norm=1205.4085803311691 radius=14218.3165096633 next_radius=14218.3165096633 lambda=1.520216407245743e-07 next_lambda=1.520216407245743e-07 rho=0.69186422530762071 accept=1
CLASSICAL_LM o=250 lambda=1.520216407245743e-07 tau=1.520216407245743e-07 prediction=3.0627166701140776 rho=0.69186422530762071 accept=1
  MFCG it 251 cost=2.607390e+05 lam=1.520e-07 tau=0.00e+00 cg_it=0 shift=0 ckpt=1 alpha=0 acc mv=1328
PCG_PREP o=251 rebuild=1 drift=0 previous_depth=1
ATTR_RADIUS o=251 raw_norm=1187.4683671472364 norm=1187.4683671472364 radius=14218.3165096633 next_radius=14218.3165096633 lambda=1.520216407245743e-07 next_lambda=1.520216407245743e-07 rho=0.32697584703368432 accept=1
CLASSICAL_LM o=251 lambda=1.520216407245743e-07 tau=1.520216407245743e-07 prediction=1.2123792205034449 rho=0.32697584703368432 accept=1
  MFCG it 252 cost=2.607386e+05 lam=1.520e-07 tau=0.00e+00 cg_it=0 shift=0 ckpt=1 alpha=0 acc mv=1330
PCG_PREP o=252 rebuild=1 drift=0 previous_depth=1
ATTR_RADIUS o=252 raw_norm=1134.8593830628706 norm=1134.8593830628706 radius=14218.3165096633 next_radius=14218.3165096633 lambda=1.520216407245743e-07 next_lambda=1.520216407245743e-07 rho=0.33913436282771658 accept=1
CLASSICAL_LM o=252 lambda=1.520216407245743e-07 tau=1.520216407245743e-07 prediction=1.0440203662054519 rho=0.33913436282771658 accept=1
  MFCG it 253 cost=2.607383e+05 lam=1.520e-07 tau=0.00e+00 cg_it=0 shift=0 ckpt=1 alpha=0 acc mv=1332
PCG_PREP o=253 rebuild=1 drift=0 previous_depth=1
ATTR_RADIUS o=253 raw_norm=1095.8737792804932 norm=1095.8737792804932 radius=14218.3165096633 next_radius=14218.3165096633 lambda=1.520216407245743e-07 next_lambda=1.520216407245743e-07 rho=0.32894880174669588 accept=1
CLASSICAL_LM o=253 lambda=1.520216407245743e-07 tau=1.520216407245743e-07 prediction=0.8993434871204502 rho=0.32894880174669588 accept=1
  MFCG it 254 cost=2.607380e+05 lam=1.520e-07 tau=0.00e+00 cg_it=0 shift=0 ckpt=1 alpha=0 acc mv=1334
PCG_PREP o=254 rebuild=1 drift=0 previous_depth=1
ATTR_RADIUS o=254 raw_norm=1057.3580216699254 norm=1057.3580216699254 radius=14218.3165096633 next_radius=14218.3165096633 lambda=1.520216407245743e-07 next_lambda=1.520216407245743e-07 rho=0.33335495544210481 accept=1
CLASSICAL_LM o=254 lambda=1.520216407245743e-07 tau=1.520216407245743e-07 prediction=0.79071845401241581 rho=0.33335495544210481 accept=1
  MFCG it 255 cost=2.607377e+05 lam=1.520e-07 tau=0.00e+00 cg_it=0 shift=0 ckpt=1 alpha=0 acc mv=1336
PCG_PREP o=255 rebuild=1 drift=0 previous_depth=1
ATTR_RADIUS o=255 raw_norm=1022.4525351222288 norm=1022.4525351222288 radius=14218.3165096633 next_radius=14218.3165096633 lambda=1.520216407245743e-07 next_lambda=1.520216407245743e-07 rho=0.33565763329770204 accept=1
CLASSICAL_LM o=255 lambda=1.520216407245743e-07 tau=1.520216407245743e-07 prediction=0.69798914767778819 rho=0.33565763329770204 accept=1
  MFCG it 256 cost=2.607375e+05 lam=1.520e-07 tau=0.00e+00 cg_it=0 shift=0 ckpt=1 alpha=0 acc mv=1338
PCG_PREP o=256 rebuild=1 drift=0 previous_depth=1
ATTR_RADIUS o=256 raw_norm=989.6618749684709 norm=989.6618749684709 radius=14218.3165096633 next_radius=14218.3165096633 lambda=1.520216407245743e-07 next_lambda=1.520216407245743e-07 rho=0.34007585860102357 accept=1
CLASSICAL_LM o=256 lambda=1.520216407245743e-07 tau=1.520216407245743e-07 prediction=0.62023082579532551 rho=0.34007585860102357 accept=1
  MFCG it 257 cost=2.607373e+05 lam=1.520e-07 tau=0.00e+00 cg_it=0 shift=0 ckpt=1 alpha=0 acc mv=1340
PCG_PREP o=257 rebuild=1 drift=0 previous_depth=1
ATTR_RADIUS o=257 raw_norm=958.98603353480064 norm=958.98603353480064 radius=14218.3165096633 next_radius=14218.3165096633 lambda=1.520216407245743e-07 next_lambda=1.520216407245743e-07 rho=0.3450095331783411 accept=1
CLASSICAL_LM o=257 lambda=1.520216407245743e-07 tau=1.520216407245743e-07 prediction=0.55379808184235801 rho=0.3450095331783411 accept=1
  MFCG: converged (OCA_FTOL: 8 outers < 1.0e-05 rel)
  [menu-backtrack] confirming stop with original retry policy at outer 258
  MFCG it 258 cost=2.607371e+05 lam=1.520e-07 tau=0.00e+00 cg_it=0 shift=0 ckpt=1 alpha=0 acc mv=1342
PCG_PREP o=258 rebuild=1 drift=0 previous_depth=1
ATTR_RADIUS o=258 raw_norm=930.12489545252276 norm=930.12489545252276 radius=14218.3165096633 next_radius=14218.3165096633 lambda=1.520216407245743e-07 next_lambda=1.520216407245743e-07 rho=0.35059741875720263 accept=1
CLASSICAL_LM o=258 lambda=1.520216407245743e-07 tau=1.520216407245743e-07 prediction=0.49670555425046853 rho=0.35059741875720263 accept=1
  MFCG it 259 cost=2.607369e+05 lam=1.520e-07 tau=0.00e+00 cg_it=0 shift=0 ckpt=1 alpha=0 acc mv=1344
PCG_PREP o=259 rebuild=1 drift=0 previous_depth=1
ATTR_RADIUS o=259 raw_norm=902.95427001682026 norm=902.95427001682026 radius=14218.3165096633 next_radius=14218.3165096633 lambda=1.520216407245743e-07 next_lambda=1.520216407245743e-07 rho=0.35657503051225953 accept=1
CLASSICAL_LM o=259 lambda=1.520216407245743e-07 tau=1.520216407245743e-07 prediction=0.44731013099786987 rho=0.35657503051225953 accept=1
  MFCG it 260 cost=2.607367e+05 lam=1.520e-07 tau=0.00e+00 cg_it=0 shift=0 ckpt=1 alpha=0 acc mv=1346
PCG_PREP o=260 rebuild=1 drift=0 previous_depth=1
ATTR_RADIUS o=260 raw_norm=877.2690930802396 norm=877.2690930802396 radius=14218.3165096633 next_radius=14218.3165096633 lambda=1.520216407245743e-07 next_lambda=1.520216407245743e-07 rho=0.36296751537218674 accept=1
CLASSICAL_LM o=260 lambda=1.520216407245743e-07 tau=1.520216407245743e-07 prediction=0.40434961085031962 rho=0.36296751537218674 accept=1
  MFCG it 261 cost=2.607366e+05 lam=1.520e-07 tau=0.00e+00 cg_it=0 shift=0 ckpt=1 alpha=0 acc mv=1348
PCG_PREP o=261 rebuild=1 drift=0 previous_depth=1
ATTR_RADIUS o=261 raw_norm=852.93667747052496 norm=852.93667747052496 radius=14218.3165096633 next_radius=14218.3165096633 lambda=1.520216407245743e-07 next_lambda=1.520216407245743e-07 rho=0.36965122178191462 accept=1
CLASSICAL_LM o=261 lambda=1.520216407245743e-07 tau=1.520216407245743e-07 prediction=0.36676456056875512 rho=0.36965122178191462 accept=1
  MFCG it 262 cost=2.607364e+05 lam=1.520e-07 tau=0.00e+00 cg_it=0 shift=0 ckpt=1 alpha=0 acc mv=1350
PCG_PREP o=262 rebuild=1 drift=0 previous_depth=1
ATTR_RADIUS o=262 raw_norm=829.84182756445261 norm=829.84182756445261 radius=14218.3165096633 next_radius=14218.3165096633 lambda=1.520216407245743e-07 next_lambda=1.520216407245743e-07 rho=0.37655794554442529 accept=1
CLASSICAL_LM o=262 lambda=1.520216407245743e-07 tau=1.520216407245743e-07 prediction=0.3337255280012873 rho=0.37655794554442529 accept=1
  MFCG it 263 cost=2.607363e+05 lam=1.520e-07 tau=0.00e+00 cg_it=0 shift=0 ckpt=1 alpha=0 acc mv=1352
PCG_PREP o=263 rebuild=1 drift=0 previous_depth=1
ATTR_RADIUS o=263 raw_norm=807.87746489697417 norm=807.87746489697417 radius=14218.3165096633 next_radius=14218.3165096633 lambda=1.520216407245743e-07 next_lambda=1.520216407245743e-07 rho=0.38366626385018388 accept=1
CLASSICAL_LM o=263 lambda=1.520216407245743e-07 tau=1.520216407245743e-07 prediction=0.30456084532842637 rho=0.38366626385018388 accept=1
  MFCG it 264 cost=2.607362e+05 lam=1.520e-07 tau=0.00e+00 cg_it=0 shift=0 ckpt=1 alpha=0 acc mv=1354
PCG_PREP o=264 rebuild=1 drift=0 previous_depth=1
ATTR_RADIUS o=264 raw_norm=786.96382796535374 norm=78[R9] wrote /tmp/prism-ba-coarse/research/eta2_phase_hybrid/evidence/small/venice-52-shared_menu-0/curve.csv
6.96382796535374 radius=14218.3165096633 next_radius=14218.3165096633 lambda=1.520216407245743e-07 next_lambda=1.520216407245743e-07 rho=0.39090201099541966 accept=1
CLASSICAL_LM o=264 lambda=1.520216407245743e-07 tau=1.520216407245743e-07 prediction=0.27871010126151985 rho=0.39090201099541966 accept=1
  MFCG it 265 cost=2.607361e+05 lam=1.520e-07 tau=0.00e+00 cg_it=0 shift=0 ckpt=1 alpha=0 acc mv=1356
PCG_PREP o=265 rebuild=1 drift=0 previous_depth=1
ATTR_RADIUS o=265 raw_norm=767.01777265595479 norm=767.01777265595479 radius=14218.3165096633 next_radius=14218.3165096633 lambda=1.520216407245743e-07 next_lambda=1.520216407245743e-07 rho=0.39826815358774126 accept=1
CLASSICAL_LM o=265 lambda=1.520216407245743e-07 tau=1.520216407245743e-07 prediction=0.25572119803190774 rho=0.39826815358774126 accept=1
  MFCG: converged (OCA_FTOL: 8 outers < 1.0e-05 rel)
  MFCG: accepts=266 rejects=10 total_matvecs=1358 negcurv=1 cand_evals=308 mean_cg_per_outer=5.1
PHASE_SUMMARY mode=2 sweeps=8 failures=0 products=668 seconds=0.637105716 open=0
NUMERIC_REPAIR summary rebuilds=1 floor=1.520216407245743e-07
  [retry-cache] builds=277 reuses=0
  [menu-backtrack] trials=28 rescues=28 evals=69 total_scored=377
POINT_SAFE summary calls=28 evals=28 wins=13 frozen=9168 seconds=0.067353845
  [scoring] menu_evals=308 alpha_evals=0 backtrack_evals=69 total_scored=377
RESULT algo=mfree_shifted_cg iters=266 final_cost=260735.9938402191 solve_seconds=3.326888
DIAGNOSTICS median_reproj_err_px 3.252455 -> 0.375199 | cheirality_violations(obs) 0 -> 24 | cheirality_violations(pts, of 64053) 0 -> 12
