  [menu-backtrack] active=1 max_evals=8 warmup_accepts=3 confirm_stop=original armijo=1e-4
MIXED_STORAGE fragments=fp32 arithmetic=fp64 state=fp64 acceptance=fp64
  [compact-fragments] active=2 saved_bytes=36105992 storage=fp32 camera_reads=contiguous
  MFCG score_init=11152062.772762472 precision=fp64
O1_INIT k=5 l2=11152062.77276247
O1_SWEEP sweep=0 old_l2=11152062.77276247 candidate_l2=1658846.2281471896 accepted=1 active=0 products=46 pcg=45 schur_residual=5.019629585654156e-09 point_residual=2.0966697435707981e-14 rotation_reverts=0 reason=accepted
O1_QP sweep=0 surrogate_before=4568866.913525397 surrogate_after=1697705.0843690275 feasibility_residual=0
O1_SWEEP sweep=1 old_l2=1658846.2281471896 candidate_l2=1525672.3041209078 accepted=1 active=0 products=45 pcg=44 schur_residual=3.5545403929424265e-09 point_residual=7.9843542768873313e-14 rotation_reverts=0 reason=accepted
O1_QP sweep=1 surrogate_before=1566751.7645829092 surrogate_after=1523091.7971267719 feasibility_residual=0
O1_SWEEP sweep=2 old_l2=1525672.3041209078 candidate_l2=1485843.4810237142 accepted=1 active=0 products=45 pcg=44 schur_residual=4.7375030348348863e-09 point_residual=1.6466180759933689e-13 rotation_reverts=0 reason=accepted
O1_QP sweep=2 surrogate_before=1498595.226539715 surrogate_after=1481369.785339833 feasibility_residual=0
O1_SWEEP sweep=3 old_l2=1485843.4810237142 candidate_l2=1467194.3752863426 accepted=1 active=0 products=44 pcg=43 schur_residual=9.4924728762271784e-09 point_residual=2.6481188938733842e-13 rotation_reverts=0 reason=accepted
O1_QP sweep=3 surrogate_before=1472372.1571291895 surrogate_after=1462007.2793869574 feasibility_residual=0
O1_SWEEP sweep=4 old_l2=1467194.3752863426 candidate_l2=1455645.559905339 accepted=1 active=0 products=44 pcg=43 schur_residual=8.4062060176260431e-09 point_residual=3.6844215986696176e-13 rotation_reverts=0 reason=accepted
O1_QP sweep=4 surrogate_before=1457827.7795106973 surrogate_after=1449945.9778618463 feasibility_residual=0
O1_FINAL k=5 accepted=5 l2=1455645.559905339 seconds=0.215156804 complete=1 reason=schedule_complete
PCG_PREP o=0 rebuild=1 drift=0 previous_depth=0
ATTR_RADIUS o=0 raw_norm=622.42950642626738 norm=622.42950642626738 radius=622.42950642626738 next_radius=1244.8590128525348 lambda=0.10000000000000001 next_lambda=0.025000000000000001 rho=0.99919639500592528 accept=1
CLASSICAL_LM o=0 lambda=0.10000000000000001 tau=0.10000000000000001 prediction=47737.736621608812 rho=0.99919639500592528 accept=1
  MFCG it   1 cost=1.407946e+06 lam=2.500e-02 tau=0.00e+00 cg_it=0 shift=0 ckpt=1 alpha=0 acc mv=2
PCG_PREP o=1 rebuild=1 drift=0 previous_depth=1
ATTR_RADIUS o=1 raw_norm=1840.974089707719 norm=1244.8590128525348 radius=1244.8590128525348 next_radius=2489.7180257050695 lambda=0.025000000000000001 next_lambda=0.0062500000000000003 rho=0.9981506361087995 accept=1
CLASSICAL_LM o=1 lambda=0.025000000000000001 tau=0.025000000000000001 prediction=70165.31030543863 rho=0.9981506361087995 accept=1
  MFCG it   2 cost=1.337911e+06 lam=6.250e-03 tau=0.00e+00 cg_it=2 shift=0 ckpt=3 alpha=0 acc mv=6
PCG_PREP o=2 rebuild=1 drift=0 previous_depth=3
ATTR_RADIUS o=2 raw_norm=4889.3746366135838 norm=2489.7180257050695 radius=2489.7180257050695 next_radius=4979.436051410139 lambda=0.0062500000000000003 next_lambda=0.0015625000000000001 rho=0.99900974655104824 accept=1
CLASSICAL_LM o=2 lambda=0.0062500000000000003 tau=0.0062500000000000003 prediction=110692.8445421209 rho=0.99900974655104824 accept=1
  MFCG it   3 cost=1.227327e+06 lam=1.563e-03 tau=0.00e+00 cg_it=3 shift=0 ckpt=4 alpha=0 acc mv=11
PCG_PREP o=3 rebuild=1 drift=0 previous_depth=4
ATTR_RADIUS o=3 raw_norm=12186.51408180406 norm=4979.4360514101409 radius=4979.436051410139 next_radius=9958.8721028202781 lambda=0.0015625000000000001 next_lambda=0.00039062500000000002 rho=1.0034397186947455 accept=1
CLASSICAL_LM o=3 lambda=0.0015625000000000001 tau=0.0015625000000000001 prediction=157075.40764596403 rho=1.0034397186947455 accept=1
  MFCG it   4 cost=1.069712e+06 lam=3.906e-04 tau=0.00e+00 cg_it=5 shift=0 ckpt=6 alpha=0 acc mv=18
PCG_PREP o=4 rebuild=1 drift=0 previous_depth=6
ATTR_RADIUS o=4 raw_norm=27395.175324375919 norm=9958.8721028202781 radius=9958.8721028202781 next_radius=19917.744205640556 lambda=0.00039062500000000002 next_lambda=9.7656250000000005e-05 rho=1.0107744250742998 accept=1
CLASSICAL_LM o=4 lambda=0.00039062500000000002 tau=0.00039062500000000002 prediction=216207.90351227063 rho=1.0107744250742998 accept=1
  MFCG it   5 cost=8.511743e+05 lam=9.766e-05 tau=0.00e+00 cg_it=10 shift=0 ckpt=11 alpha=0 acc mv=30
PCG_PREP o=5 rebuild=1 drift=0 previous_depth=11
ATTR_RADIUS o=5 raw_norm=45153.62569671181 norm=19917.74420564056 radius=19917.744205640556 next_radius=39835.488411281112 lambda=9.7656250000000005e-05 next_lambda=2.4414062500000001e-05 rho=1.0093042019428089 accept=1
CLASSICAL_LM o=5 lambda=9.7656250000000005e-05 tau=9.7656250000000005e-05 prediction=280793.87289672141 rho=1.0093042019428089 accept=1
  MFCG it   6 cost=5.677678e+05 lam=2.441e-05 tau=0.00e+00 cg_it=13 shift=0 ckpt=14 alpha=0 acc mv=45
PCG_PREP o=6 rebuild=1 drift=0 previous_depth=14
ATTR_RADIUS o=6 raw_norm=49498.278691726133 norm=39835.488411281112 radius=39835.488411281112 next_radius=9958.8721028202781 lambda=2.4414062500000001e-05 next_lambda=0.00039062500000000002 rho=0.17223200174969278 accept=1
CLASSICAL_LM o=6 lambda=2.4414062500000001e-05 tau=2.4414062500000001e-05 prediction=246735.43795997719 rho=0.17223200174969278 accept=1
  MFCG it   7 cost=5.252721e+05 lam=3.906e-04 tau=0.00e+00 cg_it=8 shift=0 ckpt=9 alpha=0 acc mv=55
PCG_PREP o=7 rebuild=1 drift=0 previous_depth=9
ATTR_RADIUS o=7 raw_norm=2762.629796798597 norm=2762.629796798597 radius=9958.8721028202781 next_radius=9958.8721028202781 lambda=0.00039062500000000002 next_lambda=3.9062500000000008e-05 rho=0.93323084040184878 accept=1
CLASSICAL_LM o=7 lambda=0.00039062500000000002 tau=0.00039062500000000002 prediction=224143.15110825517 rho=0.93323084040184878 accept=1
  MFCG it   8 cost=3.160948e+05 lam=3.906e-05 tau=0.00e+00 cg_it=0 shift=0 ckpt=1 alpha=0 acc mv=57
PCG_PREP o=8 rebuild=1 drift=0 previous_depth=1
ATTR_RADIUS o=8 raw_norm=13823.68870383737 norm=9958.8721028202763 radius=9958.8721028202781 next_radius=9958.8721028202781 lambda=3.9062500000000008e-05 next_lambda=3.9062500000000008e-05 rho=0.35126862683701399 accept=1
CLASSICAL_LM o=8 lambda=3.9062500000000008e-05 tau=3.9062500000000008e-05 prediction=38620.308688992067 rho=0.35126862683701399 accept=1
  MFCG it   9 cost=3.025287e+05 lam=3.906e-05 tau=0.00e+00 cg_it=8 shift=0 ckpt=9 alpha=0 acc mv=67
PCG_PREP o=9 rebuild=1 drift=0 previous_depth=9
POINT_SAFE o=9 frozen=24 slope=-61662.779889042606 candidate=281389.88015440624 original=286250.41320756124 current=302528.70539366873 won=1 mode=1 camera_scale=1 keep_scale=0
ATTR_RADIUS o=9 raw_norm=8451.9591115980002 norm=8451.9591115980002 radius=9958.8721028202781 next_radius=9958.8721028202781 lambda=3.9062500000000008e-05 next_lambda=3.9062500000000008e-05 rho=0.61722780147730649 accept=1
CLASSICAL_LM o=9 lambda=3.9062500000000008e-05 tau=3.9062500000000008e-05 prediction=34248.012141818101 rho=0.61722780147730649 accept=1
  MFCG it  10 cost=2.813899e+05 lam=3.906e-05 tau=0.00e+00 cg_it=4 shift=0 ckpt=5 alpha=0 acc mv=73
PCG_PREP o=10 rebuild=1 drift=0 previous_depth=5
POINT_SAFE o=10 frozen=450 slope=-27180.311046087216 candidate=272107.29363445612 original=273432.04533461377 current=281389.88015440624 won=1 mode=1 camera_scale=1 keep_scale=0
ATTR_RADIUS o=10 raw_norm=5187.0759368544495 norm=5187.0759368544495 radius=9958.8721028202781 next_radius=9958.8721028202781 lambda=3.9062500000000008e-05 next_lambda=3.9062500000000009e-06 rho=0.58141302551249807 accept=1
CLASSICAL_LM o=10 lambda=3.9062500000000008e-05 tau=3.9062500000000008e-05 prediction=15965.563399216602 rho=0.58141302551249807 accept=1
  MFCG it  11 cost=2.721073e+05 lam=3.906e-06 tau=0.00e+00 cg_it=0 shift=0 ckpt=1 alpha=0 acc mv=75
PCG_PREP o=11 rebuild=1 drift=0 previous_depth=1
POINT_SAFE o=11 frozen=70 slope=-15595.093608096728 candidate=270052.93322219129 original=271142.72612669476 current=272107.29363445612 won=1 mode=1 camera_scale=1 keep_scale=0
ATTR_RADIUS o=11 raw_norm=29449.457754948369 norm=9958.8721028202763 radius=9958.8721028202781 next_radius=2489.7180257050695 lambda=3.9062500000000009e-06 next_lambda=6.2500000000000015e-05 rho=0.19614117205992496 accept=1
CLASSICAL_LM o=11 lambda=3.9062500000000009e-06 tau=3.9062500000000009e-06 prediction=10473.886694412011 rho=0.19614117205992496 accept=1
  MFCG it  12 cost=2.700529e+05 lam=6.250e-05 tau=0.00e+00 cg_it=3 shift=0 ckpt=4 alpha=0 acc mv=80
PCG_PREP o=12 rebuild=1 drift=0 previous_depth=4
POINT_SAFE o=12 frozen=105 slope=-9646.3675936700438 candidate=264949.28324264858 original=264438.92011530336 current=270052.93322219129 won=0 mode=1 camera_scale=1 keep_scale=0
ATTR_RADIUS o=12 raw_norm=2654.0286860160704 norm=1244.8590128525345 radius=2489.7180257050695 next_radius=2489.7180257050695 lambda=6.2500000000000015e-05 next_lambda=6.250000000000002e-06 rho=1.1318828296878081 accept=1
CLASSICAL_LM o=12 lambda=6.2500000000000015e-05 tau=6.2500000000000015e-05 prediction=4959.8889210435009 rho=1.1318828296878081 accept=1
  MFCG it  13 cost=2.644389e+05 lam=6.250e-06 tau=0.00e+00 cg_it=0 shift=0 ckpt=1 alpha=0 acc mv=82
PCG_PREP o=13 rebuild=1 drift=0 previous_depth=1
POINT_SAFE o=13 frozen=16 slope=-3703.5682305781611 candidate=262612.21719376236 original=263645.6374304606 current=264438.92011530336 won=1 mode=1 camera_scale=1 keep_scale=0
ATTR_RADIUS o=13 raw_norm=18855.614373466771 norm=2489.7180257050704 radius=2489.7180257050695 next_radius=2489.7180257050695 lambda=6.250000000000002e-06 next_lambda=6.250000000000002e-06 rho=0.74745694240741001 accept=1
CLASSICAL_LM o=13 lambda=6.250000000000002e-06 tau=6.250000000000002e-06 prediction=2443.8905011137549 rho=0.74745694240741001 accept=1
  MFCG it  14 cost=2.626122e+05 lam=6.250e-06 tau=0.00e+00 cg_it=1 shift=0 ckpt=2 alpha=0 acc mv=85
PCG_PREP o=14 rebuild=1 drift=0 previous_depth=2
POINT_SAFE o=14 frozen=45 slope=-1856.6083800062715 candidate=261619.56961796019 original=262099.47362349674 current=262612.21719376236 won=1 mode=1 camera_scale=1 keep_scale=0
ATTR_RADIUS o=14 raw_norm=18185.760514453195 norm=2489.7180257050686 radius=2489.7180257050695 next_radius=2489.7180257050695 lambda=6.250000000000002e-06 next_lambda=6.250000000000002e-06 rho=0.69481848407316082 accept=1
CLASSICAL_LM o=14 lambda=6.250000000000002e-06 tau=6.250000000000002e-06 prediction=1428.6430176455251 rho=0.69481848407316082 accept=1
  MFCG it  15 cost=2.616196e+05 lam=6.250e-06 tau=0.00e+00 cg_it=1 shift=0 ckpt=2 alpha=0 acc mv=88
PCG_PREP o=15 rebuild=1 drift=0 previous_depth=2
POINT_SAFE o=15 frozen=990 slope=-1466.0595345173738 candidate=260615.81116706296 original=261104.2518611463 current=261619.56961796019 won=1 mode=1 camera_scale=1 keep_scale=0
ATTR_RADIUS o=15 raw_norm=10956.549629970366 norm=2489.7180257050695 radius=2489.7180257050695 next_radius=4979.436051410139 lambda=6.250000000000002e-06 next_lambda=1.5625000000000005e-06 rho=0.85474860193748858 accept=1
CLASSICAL_LM o=15 lambda=6.250000000000002e-06 tau=6.250000000000002e-06 prediction=1174.33178436558 rho=0.85474860193748858 accept=1
  MFCG it  16 cost=2.606158e+05 lam=1.563e-06 tau=0.00e+00 cg_it=0 shift=0 ckpt=1 alpha=0 acc mv=90
PCG_PREP o=16 rebuild=1 drift=0 previous_depth=1
POINT_SAFE o=16 frozen=624 slope=-1370.4937752374954 candidate=260080.1276905071 original=259947.16682983298 current=260615.81116706296 won=0 mode=1 camera_scale=1 keep_scale=0
ATTR_RADIUS o=16 raw_norm=33477.536298205057 norm=622.42950642626704 radius=4979.436051410139 next_radius=4979.436051410139 lambda=1.5625000000000005e-06 next_lambda=1.5625000000000007e-07 rho=1.455632695348144 accept=1
CLASSICAL_LM o=16 lambda=1.5625000000000005e-06 tau=1.5625000000000005e-06 prediction=459.34962808049858 rho=1.455632695348144 accept=1
  MFCG it  17 cost=2.599472e+05 lam=1.563e-07 tau=0.00e+00 cg_it=1 shift=0 ckpt=2 alpha=0 acc mv=93
PCG_PREP o=17 rebuild=1 drift=0 previous_depth=2
POINT_SAFE o=17 frozen=575 slope=-1845.6125675141245 candidate=259396.87002150388 original=259190.42670558757 current=259947.16682983298 won=0 mode=1 camera_scale=1 keep_scale=0
ATTR_RADIUS o=17 raw_norm=48579.022593866161 norm=1244.859012852535 radius=4979.436051410139 next_radius=4979.436051410139 lambda=1.5625000000000007e-07 next_lambda=1.5625000000000006e-08 rho=0.99544659558320614 accept=1
CLASSICAL_LM o=17 lambda=1.5625000000000007e-07 tau=1.5625000000000007e-07 prediction=760.20162970375407 rho=0.99544659558320614 accept=1
  MFCG it  18 cost=2.591904e+05 lam=1.563e-08 tau=0.00e+00 cg_it=1 shift=0 ckpt=2 alpha=0 acc mv=96
PCG_PREP o=18 rebuild=1 drift=0 previous_depth=2
ATTR_RADIUS o=18 raw_norm=51560.641186889385 norm=4979.43605141014 radius=4979.436051410139 next_radius=1244.8590128525348 lambda=1.5625000000000006e-08 next_lambda=2.5000000000000009e-07 rho=0.22493806133939231 accept=1
CLASSICAL_LM o=18 lambda=1.5625000000000006e-08 tau=1.5625000000000006e-08 prediction=1845.3107354406832 rho=0.22493806133939231 accept=1
  MFCG it  19 cost=2.587753e+05 lam=2.500e-07 tau=0.00e+00 cg_it=1 shift=0 ckpt=2 alpha=0 acc mv=99
PCG_PREP o=19 rebuild=1 drift=0 previous_depth=2
ATTR_RADIUS o=19 raw_norm=17445.058356154554 norm=1244.8590128525348 radius=1244.8590128525348 next_radius=1244.8590128525348 lambda=2.5000000000000009e-07 next_lambda=2.5000000000000009e-07 rho=0.29070909845967269 accept=1
CLASSICAL_LM o=19 lambda=2.5000000000000009e-07 tau=2.5000000000000009e-07 prediction=960.5883043530232 rho=0.29070909845967269 accept=1
  MFCG it  20 cost=2.584961e+05 lam=2.500e-07 tau=0.00e+00 cg_it=0 shift=0 ckpt=1 alpha=0 acc mv=101
PCG_PREP o=20 rebuild=1 drift=0 previous_depth=1
ATTR_RADIUS o=20 raw_norm=17094.377239098565 norm=1244.859012852535 radius=1244.8590128525348 next_radius=2489.7180257050695 lambda=2.5000000000000009e-07 next_lambda=6.2500000000000024e-08 rho=0.8070054868044898 accept=1
CLASSICAL_LM o=20 lambda=2.5000000000000009e-07 tau=2.5000000000000009e-07 prediction=925.29651528944646 rho=0.8070054868044898 accept=1
  MFCG it  21 cost=2.577494e+05 lam=6.250e-08 tau=0.00e+00 cg_it=0 shift=0 ckpt=1 alpha=0 acc mv=103
PCG_PREP o=21 rebuild=1 drift=0 previous_depth=1
ATTR_RADIUS o=21 raw_norm=18394.28959274396 norm=2489.7180257050709 radius=2489.7180257050695 next_radius=2489.7180257050695 lambda=6.2500000000000024e-08 next_lambda=6.2500000000000024e-08 rho=0.72317613186744611 accept=1
CLASSICAL_LM o=21 lambda=6.2500000000000024e-08 tau=6.2500000000000024e-08 prediction=849.82937062156657 rho=0.72317613186744611 accept=1
  MFCG it  22 cost=2.571348e+05 lam=6.250e-08 tau=0.00e+00 cg_it=0 shift=0 ckpt=1 alpha=0 acc mv=105
PCG_PREP o=22 rebuild=1 drift=0 previous_depth=1
ATTR_RADIUS o=22 raw_norm=61551.660486922257 norm=2489.7180257050718 radius=2489.7180257050695 next_radius=2489.7180257050695 lambda=6.2500000000000024e-08 next_lambda=6.2500000000000024e-08 rho=0.5148720254106588 accept=1
CLASSICAL_LM o=22 lambda=6.2500000000000024e-08 tau=6.2500000000000024e-08 prediction=436.23518943952917 rho=0.5148720254106588 accept=1
  MFCG it  23 cost=2.569102e+05 lam=6.250e-08 tau=0.00e+00 cg_it=1 shift=0 ckpt=2 alpha=0 acc mv=108
PCG_PREP o=23 rebuild=1 drift=0 previous_depth=2
ATTR_RADIUS o=23 raw_norm=19315.259505662329 norm=2489.7180257050686 radius=2489.7180257050695 next_radius=2489.7180257050695 lambda=6.2500000000000024e-08 next_lambda=6.2500000000000024e-08 rho=0.66428241254252085 accept=1
CLASSICAL_LM o=23 lambda=6.2500000000000024e-08 tau=6.2500000000000024e-08 prediction=673.5441267263692 rho=0.66428241254252085 accept=1
  MFCG it  24 cost=2.564628e+05 lam=6.250e-08 tau=0.00e+00 cg_it=0 shift=0 ckpt=1 alpha=0 acc mv=110
PCG_PREP o=24 rebuild=1 drift=0 previous_depth=1
ATTR_RADIUS o=24 raw_norm=64099.649293236522 norm=2489.7180257050686 radius=2489.7180257050695 next_radius=2489.7180257050695 lambda=6.2500000000000024e-08 next_lambda=6.2500000000000024e-08 rho=0.43192169165198574 accept=1
CLASSICAL_LM o=24 lambda=6.2500000000000024e-08 tau=6.2500000000000024e-08 prediction=340.56077806254712 rho=0.43192169165198574 accept=1
  MFCG it  25 cost=2.563157e+05 lam=6.250e-08 tau=0.00e+00 cg_it=1 shift=0 ckpt=2 alpha=0 acc mv=113
PCG_PREP o=25 rebuild=1 drift=0 previous_depth=2
ATTR_RADIUS o=25 raw_norm=19721.743984987937 norm=2489.7180257050682 radius=2489.7180257050695 next_radius=2489.7180257050695 lambda=6.2500000000000024e-08 next_lambda=6.2500000000000024e-08 rho=0.64932629749860549 accept=1
CLASSICAL_LM o=25 lambda=6.2500000000000024e-08 tau=6.2500000000000024e-08 prediction=558.57577119333371 rho=0.64932629749860549 accept=1
  MFCG it  26 cost=2.559530e+05 lam=6.250e-08 tau=0.00e+00 cg_it=0 shift=0 ckpt=1 alpha=0 acc mv=115
PCG_PREP o=26 rebuild=1 drift=0 previous_depth=1
ATTR_RADIUS o=26 raw_norm=20397.806611777014 norm=2489.7180257050686 radius=2489.7180257050695 next_radius=2489.7180257050695 lambda=6.2500000000000024e-08 next_lambda=6.2500000000000024e-08 rho=0.62329773510911757 accept=1
CLASSICAL_LM o=26 lambda=6.2500000000000024e-08 tau=6.2500000000000024e-08 prediction=485.49233929098909 rho=0.62329773510911757 accept=1
  MFCG it  27 cost=2.556504e+05 lam=6.250e-08 tau=0.00e+00 cg_it=0 shift=0 ckpt=1 alpha=0 acc mv=117
PCG_PREP o=27 rebuild=1 drift=0 previous_depth=1
ATTR_RADIUS o=27 raw_norm=21007.86057318858 norm=2489.7180257050695 radius=2489.7180257050695 next_radius=2489.7180257050695 lambda=6.2500000000000024e-08 next_lambda=6.2500000000000024e-08 rho=0.59693365414723587 accept=1
CLASSICAL_LM o=27 lambda=6.2500000000000024e-08 tau=6.2500000000000024e-08 prediction=431.65614995700474 rho=0.59693365414723587 accept=1
  MFCG it  28 cost=2.553927e+05 lam=6.250e-08 tau=0.00e+00 cg_it=0 shift=0 ckpt=1 alpha=0 acc mv=119
PCG_PREP o=28 rebuild=1 drift=0 previous_depth=1
ATTR_RADIUS o=28 raw_norm=21541.036734106568 norm=2489.7180257050695 radius=2489.7180257050695 next_radius=2489.7180257050695 lambda=6.2500000000000024e-08 next_lambda=6.2500000000000024e-08 rho=0.57165570741645155 accept=1
CLASSICAL_LM o=28 lambda=6.2500000000000024e-08 tau=6.2500000000000024e-08 prediction=389.98755732033089 rho=0.57165570741645155 accept=1
  MFCG it  29 cost=2.551698e+05 lam=6.250e-08 tau=0.00e+00 cg_it=0 shift=0 ckpt=1 alpha=0 acc mv=121
PCG_PREP o=29 rebuild=1 drift=0 previous_depth=1
ATTR_RADIUS o=29 raw_norm=21994.29232520967 norm=2489.7180257050691 radius=2489.7180257050695 next_radius=2489.7180257050695 lambda=6.2500000000000024e-08 next_lambda=6.2500000000000024e-08 rho=0.54666696191820907 accept=1
CLASSICAL_LM o=29 lambda=6.2500000000000024e-08 tau=6.2500000000000024e-08 prediction=356.42238079385169 rho=0.54666696191820907 accept=1
  MFCG it  30 cost=2.549749e+05 lam=6.250e-08 tau=0.00e+00 cg_it=0 shift=0 ckpt=1 alpha=0 acc mv=123
PCG_PREP o=30 rebuild=1 drift=0 previous_depth=1
ATTR_RADIUS o=30 raw_norm=22369.233063605792 norm=2489.7180257050686 radius=2489.7180257050695 next_radius=2489.7180257050695 lambda=6.2500000000000024e-08 next_lambda=6.2500000000000024e-08 rho=0.52171168706338278 accept=1
CLASSICAL_LM o=30 lambda=6.2500000000000024e-08 tau=6.2500000000000024e-08 prediction=328.8998662445162 rho=0.52171168706338278 accept=1
  MFCG it  31 cost=2.548033e+05 lam=6.250e-08 tau=0.00e+00 cg_it=0 shift=0 ckpt=1 alpha=0 acc mv=125
PCG_PREP o=31 rebuild=1 drift=0 previous_depth=1
ATTR_RADIUS o=31 raw_norm=22672.588082644874 norm=2489.71802570507 radius=2489.7180257050695 next_radius=2489.7180257050695 lambda=6.2500000000000024e-08 next_lambda=6.2500000000000024e-08 rho=0.49672097792498465 accept=1
CLASSICAL_LM o=31 lambda=6.2500000000000024e-08 tau=6.2500000000000024e-08 prediction=306.05613751266219 rho=0.49672097792498465 accept=1
  MFCG it  32 cost=2.546513e+05 lam=6.250e-08 tau=0.00e+00 cg_it=0 shift=0 ckpt=1 alpha=0 acc mv=127
PCG_PREP o=32 rebuild=1 drift=0 previous_depth=1
ATTR_RADIUS o=32 raw_norm=22914.05735500923 norm=2489.7180257050695 radius=2489.7180257050695 next_radius=2489.7180257050695 lambda=6.2500000000000024e-08 next_lambda=6.2500000000000024e-08 rho=0.47166695929977454 accept=1
CLASSICAL_LM o=32 lambda=6.2500000000000024e-08 tau=6.2500000000000024e-08 prediction=286.89379484110458 rho=0.47166695929977454 accept=1
  MFCG it  33 cost=2.545160e+05 lam=6.250e-08 tau=0.00e+00 cg_it=0 shift=0 ckpt=1 alpha=0 acc mv=129
PCG_PREP o=33 rebuild=1 drift=0 previous_depth=1
ATTR_RADIUS o=33 raw_norm=23105.131673688928 norm=2489.7180257050695 radius=2489.7180257050695 next_radius=2489.7180257050695 lambda=6.2500000000000024e-08 next_lambda=6.2500000000000024e-08 rho=0.44655038755456322 accept=1
CLASSICAL_LM o=33 lambda=6.2500000000000024e-08 tau=6.2500000000000024e-08 prediction=270.6728038608116 rho=0.44655038755456322 accept=1
  MFCG it  34 cost=2.543951e+05 lam=6.250e-08 tau=0.00e+00 cg_it=0 shift=0 ckpt=1 alpha=0 acc mv=131
PCG_PREP o=34 rebuild=1 drift=0 previous_depth=1
ATTR_RADIUS o=34 raw_norm=23257.53856481066 norm=2489.7180257050682 radius=2489.7180257050695 next_radius=2489.7180257050695 lambda=6.2500000000000024e-08 next_lambda=6.2500000000000024e-08 rho=0.42139947534080285 accept=1
CLASSICAL_LM o=34 lambda=6.2500000000000024e-08 tau=6.2500000000000024e-08 prediction=256.83924683502011 rho=0.42139947534080285 accept=1
  MFCG it  35 cost=2.542869e+05 lam=6.250e-08 tau=0.00e+00 cg_it=0 shift=0 ckpt=1 alpha=0 acc mv=133
PCG_PREP o=35 rebuild=1 drift=0 previous_depth=1
ATTR_RADIUS o=35 raw_norm=23382.384578362256 norm=2489.71802570507 radius=2489.7180257050695 next_radius=2489.7180257050695 lambda=6.2500000000000024e-08 next_lambda=6.2500000000000024e-08 rho=0.39626538960417257 accept=1
CLASSICAL_LM o=35 lambda=6.2500000000000024e-08 tau=6.2500000000000024e-08 prediction=244.97315561569803 rho=0.39626538960417257 accept=1
  MFCG it  36 cost=2.541898e+05 lam=6.250e-08 tau=0.00e+00 cg_it=0 shift=0 ckpt=1 alpha=0 acc mv=135
PCG_PREP o=36 rebuild=1 drift=0 previous_depth=1
ATTR_RADIUS o=36 raw_norm=23489.54860475758 norm=2489.7180257050695 radius=2489.7180257050695 next_radius=2489.7180257050695 lambda=6.2500000000000024e-08 next_lambda=6.2500000000000024e-08 rho=0.37121774388369438 accept=1
CLASSICAL_LM o=36 lambda=6.2500000000000024e-08 tau=6.2500000000000024e-08 prediction=234.75219242165474 rho=0.37121774388369438 accept=1
  MFCG it  37 cost=2.541027e+05 lam=6.250e-08 tau=0.00e+00 cg_it=0 shift=0 ckpt=1 alpha=0 acc mv=137
PCG_PREP o=37 rebuild=1 drift=0 previous_depth=1
ATTR_RADIUS o=37 raw_norm=23587.495798950527 norm=2489.7180257050691 radius=2489.7180257050695 next_radius=2489.7180257050695 lambda=6.2500000000000024e-08 next_lambda=6.2500000000000024e-08 rho=0.34634054245049345 accept=1
CLASSICAL_LM o=37 lambda=6.2500000000000024e-08 tau=6.2500000000000024e-08 prediction=225.92568079211966 rho=0.34634054245049345 accept=1
  MFCG it  38 cost=2.540244e+05 lam=6.250e-08 tau=0.00e+00 cg_it=0 shift=0 ckpt=1 alpha=0 acc mv=139
PCG_PREP o=38 rebuild=1 drift=0 previous_depth=1
ATTR_RADIUS o=38 raw_norm=23683.048186068118 norm=2489.7180257050691 radius=2489.7180257050695 next_radius=2489.7180257050695 lambda=6.2500000000000024e-08 next_lambda=6.2500000000000024e-08 rho=0.32172798687866527 accept=1
CLASSICAL_LM o=38 lambda=6.2500000000000024e-08 tau=6.2500000000000024e-08 prediction=218.29595299401757 rho=0.32172798687866527 accept=1
  MFCG it  39 cost=2.539542e+05 lam=6.250e-08 tau=0.00e+00 cg_it=0 shift=0 ckpt=1 alpha=0 acc mv=141
PCG_PREP o=39 rebuild=1 drift=0 previous_depth=1
ATTR_RADIUS o=39 raw_norm=23781.29756095312 norm=2489.71802570507 radius=2489.7180257050695 next_radius=2489.7180257050695 lambda=6.2500000000000024e-08 next_lambda=6.2500000000000024e-08 rho=0.29748445445494731 accept=1
CLASSICAL_LM o=39 lambda=6.2500000000000024e-08 tau=6.2500000000000024e-08 prediction=211.70624362662926 rho=0.29748445445494731 accept=1
  MFCG it  40 cost=2.538912e+05 lam=6.250e-08 tau=0.00e+00 cg_it=0 shift=0 ckpt=1 alpha=0 acc mv=143
PCG_PREP o=40 rebuild=1 drift=0 previous_depth=1
ATTR_RADIUS o=40 raw_norm=23885.698215540811 norm=2489.7180257050695 radius=2489.7180257050695 next_radius=2489.7180257050695 lambda=6.2500000000000024e-08 next_lambda=6.2500000000000024e-08 rho=0.27372121093972646 accept=1
CLASSICAL_LM o=40 lambda=6.2500000000000024e-08 tau=6.2500000000000024e-08 prediction=206.030225653103 rho=0.27372121093972646 accept=1
  MFCG it  41 cost=2.538348e+05 lam=6.250e-08 tau=0.00e+00 cg_it=0 shift=0 ckpt=1 alpha=0 acc mv=145
PCG_PREP o=41 rebuild=1 drift=0 previous_depth=1
ATTR_RADIUS o=41 raw_norm=23998.369955212878 norm=2489.7180257050691 radius=2489.7180257050695 next_radius=2489.7180257050695 lambda=6.2500000000000024e-08 next_lambda=6.2500000000000024e-08 rho=0.25055839404875102 accept=1
CLASSICAL_LM o=41 lambda=6.2500000000000024e-08 tau=6.2500000000000024e-08 prediction=201.16620509081932 rho=0.25055839404875102 accept=1
  MFCG it  42 cost=2.537844e+05 lam=6.250e-08 tau=0.00e+00 cg_it=0 shift=0 ckpt=1 alpha=0 acc mv=147
PCG_PREP o=42 rebuild=1 drift=0 previous_depth=1
ATTR_RADIUS o=42 raw_norm=24119.81022940316 norm=2489.7180257050695 radius=2489.7180257050695 next_radius=622.42950642626738 lambda=6.2500000000000024e-08 next_lambda=1.0000000000000004e-06 rho=0.2281253405346261 accept=1
CLASSICAL_LM o=42 lambda=6.2500000000000024e-08 tau=6.2500000000000024e-08 prediction=197.03182951145121 rho=0.2281253405346261 accept=1
  MFCG it  43 cost=2.537395e+05 lam=1.000e-06 tau=0.00e+00 cg_it=0 shift=0 ckpt=1 alpha=0 acc mv=149
PCG_PREP o=43 rebuild=1 drift=0 previous_depth=1
ATTR_RADIUS o=43 raw_norm=7943.3491073144187 norm=622.42950642626761 radius=622.42950642626738 next_radius=1244.8590128525348 lambda=1.0000000000000004e-06 next_lambda=2.5000000000000009e-07 rho=0.90357369090611706 accept=1
CLASSICAL_LM o=43 lambda=1.0000000000000004e-06 tau=1.0000000000000004e-06 prediction=131.71181467198105 rho=0.90357369090611706 accept=1
  MFCG it  44 cost=2.536204e+05 lam=2.500e-07 tau=0.00e+00 cg_it=0 shift=0 ckpt=1 alpha=0 acc mv=151
PCG_PREP o=44 rebuild=1 drift=0 previous_depth=1
ATTR_RADIUS o=44 raw_norm=17577.748416540035 norm=1244.8590128525352 radius=1244.8590128525348 next_radius=1244.8590128525348 lambda=2.5000000000000009e-07 next_lambda=2.5000000000000009e-07 rho=0.66000502156657703 accept=1
CLASSICAL_LM o=44 lambda=2.5000000000000009e-07 tau=2.5000000000000009e-07 prediction=113.34896322039599 rho=0.66000502156657703 accept=1
  MFCG it  45 cost=2.535456e+05 lam=2.500e-07 tau=0.00e+00 cg_it=0 shift=0 ckpt=1 alpha=0 acc mv=153
PCG_PREP o=45 rebuild=1 drift=0 previous_depth=1
ATTR_RADIUS o=45 raw_norm=17695.166516786947 norm=1244.859012852535 radius=1244.8590128525348 next_radius=1244.8590128525348 lambda=2.5000000000000009e-07 next_lambda=2.5000000000000009e-07 rho=0.65365288886675921 accept=1
CLASSICAL_LM o=45 lambda=2.5000000000000009e-07 tau=2.5000000000000009e-07 prediction=105.76438400885012 rho=0.65365288886675921 accept=1
  MFCG it  46 cost=2.534765e+05 lam=2.500e-07 tau=0.00e+00 cg_it=0 shift=0 ckpt=1 alpha=0 acc mv=155
PCG_PREP o=46 rebuild=1 drift=0 previous_depth=1
ATTR_RADIUS o=46 raw_norm=17804.780979998723 norm=1244.859012852535 radius=1244.8590128525348 next_radius=1244.8590128525348 lambda=2.5000000000000009e-07 next_lambda=2.5000000000000009e-07 rho=0.6471529162218751 accept=1
CLASSICAL_LM o=46 lambda=2.5000000000000009e-07 tau=2.5000000000000009e-07 prediction=98.848819089039253 rho=0.6471529162218751 accept=1
  MFCG it  47 cost=2.534125e+05 lam=2.500e-07 tau=0.00e+00 cg_it=0 shift=0 ckpt=1 alpha=0 acc mv=157
PCG_PREP o=47 rebuild=1 drift=0 previous_depth=1
ATTR_RADIUS o=47 raw_norm=17903.770622147818 norm=1244.8590128525345 radius=1244.8590128525348 next_radius=1244.8590128525348 lambda=2.5000000000000009e-07 next_lambda=2.5000000000000009e-07 rho=0.64106267295880237 accept=1
CLASSICAL_LM o=47 lambda=2.5000000000000009e-07 tau=2.5000000000000009e-07 prediction=92.689280512068166 rho=0.64106267295880237 accept=1
  MFCG it  48 cost=2.533531e+05 lam=2.500e-07 tau=0.00e+00 cg_it=0 shift=0 ckpt=1 alpha=0 acc mv=159
PCG_PREP o=48 rebuild=1 drift=0 previous_depth=1
ATTR_RADIUS o=48 raw_norm=17991.155787028441 norm=1244.8590128525348 radius=1244.8590128525348 next_radius=1244.8590128525348 lambda=2.5000000000000009e-07 next_lambda=2.5000000000000009e-07 rho=0.63538840234143401 accept=1
CLASSICAL_LM o=48 lambda=2.5000000000000009e-07 tau=2.5000000000000009e-07 prediction=87.189868283329091 rho=0.63538840234143401 accept=1
  MFCG it  49 cost=2.532977e+05 lam=2.500e-07 tau=0.00e+00 cg_it=0 shift=0 ckpt=1 alpha=0 acc mv=161
PCG_PREP o=49 rebuild=1 drift=0 previous_depth=1
ATTR_RADIUS o=49 raw_norm=18066.033880681509 norm=1244.8590128525352 radius=1244.8590128525348 next_radius=1244.8590128525348 lambda=2.5000000000000009e-07 next_lambda=2.5000000000000009e-07 rho=0.63013342013890594 accept=1
CLASSICAL_LM o=49 lambda=2.5000000000000009e-07 tau=2.5000000000000009e-07 prediction=82.268128655725334 rho=0.63013342013890594 accept=1
  MFCG it  50 cost=2.532459e+05 lam=2.500e-07 tau=0.00e+00 cg_it=0 shift=0 ckpt=1 alpha=0 acc mv=163
PCG_PREP o=50 rebuild=1 drift=0 previous_depth=1
ATTR_RADIUS o=50 raw_norm=18127.641064375519 norm=1244.8590128525352 radius=1244.8590128525348 next_radius=1244.8590128525348 lambda=2.5000000000000009e-07 next_lambda=2.5000000000000009e-07 rho=0.62529809117866919 accept=1
CLASSICAL_LM o=50 lambda=2.5000000000000009e-07 tau=2.5000000000000009e-07 prediction=77.852936711095509 rho=0.62529809117866919 accept=1
  MFCG it  51 cost=2.531972e+05 lam=2.500e-07 tau=0.00e+00 cg_it=0 shift=0 ckpt=1 alpha=0 acc mv=165
PCG_PREP o=51 rebuild=1 drift=0 previous_depth=1
ATTR_RADIUS o=51 raw_norm=18175.379149506236 norm=1244.8590128525345 radius=1244.8590128525348 next_radius=1244.8590128525348 lambda=2.5000000000000009e-07 next_lambda=2.5000000000000009e-07 rho=0.62088027606472596 accept=1
CLASSICAL_LM o=51 lambda=2.5000000000000009e-07 tau=2.5000000000000009e-07 prediction=73.882857486424754 rho=0.62088027606472596 accept=1
  MFCG it  52 cost=2.531513e+05 lam=2.500e-07 tau=0.00e+00 cg_it=0 shift=0 ckpt=1 alpha=0 acc mv=167
PCG_PREP o=52 rebuild=1 drift=0 previous_depth=1
ATTR_RADIUS o=52 raw_norm=18208.745836732087 norm=1244.859012852535 radius=1244.8590128525348 next_radius=1244.8590128525348 lambda=2.5000000000000009e-07 next_lambda=2.5000000000000009e-07 rho=0.61687563289045155 accept=1
CLASSICAL_LM o=52 lambda=2.5000000000000009e-07 tau=2.5000000000000009e-07 prediction=70.304660478541962 rho=0.61687563289045155 accept=1
  MFCG it  53 cost=2.531080e+05 lam=2.500e-07 tau=0.00e+00 cg_it=0 shift=0 ckpt=1 alpha=0 acc mv=169
PCG_PREP o=53 rebuild=1 drift=0 previous_depth=1
ATTR_RADIUS o=53 raw_norm=18227.43353940556 norm=1244.8590128525345 radius=1244.8590128525348 next_radius=1244.8590128525348 lambda=2.5000000000000009e-07 next_lambda=2.5000000000000009e-07 rho=0.6132781992431332 accept=1
CLASSICAL_LM o=53 lambda=2.5000000000000009e-07 tau=2.5000000000000009e-07 prediction=67.072153979394272 rho=0.6132781992431332 accept=1
  MFCG it  54 cost=2.530668e+05 lam=2.500e-07 tau=0.00e+00 cg_it=0 shift=0 ckpt=1 alpha=0 acc mv=171
PCG_PREP o=54 rebuild=1 drift=0 previous_depth=1
ATTR_RADIUS o=54 raw_norm=18231.317322546085 norm=1244.8590128525341 radius=1244.8590128525348 next_radius=1244.8590128525348 lambda=2.5000000000000009e-07 next_lambda=2.5000000000000009e-07 rho=0.61008134467928288 accept=1
CLASSICAL_LM o=54 lambda=2.5000000000000009e-07 tau=2.5000000000000009e-07 prediction=64.145272976125455 rho=0.61008134467928288 accept=1
  MFCG it  55 cost=2.530277e+05 lam=2.500e-07 tau=0.00e+00 cg_it=0 shift=0 ckpt=1 alpha=0 acc mv=173
PCG_PREP o=55 rebuild=1 drift=0 previous_depth=1
ATTR_RADIUS o=55 raw_norm=18220.357595882557 norm=1244.859012852535 radius=1244.8590128525348 next_radius=1244.8590128525348 lambda=2.5000000000000009e-07 next_lambda=2.5000000000000009e-07 rho=0.6072783543473389 accept=1
CLASSICAL_LM o=55 lambda=2.5000000000000009e-07 tau=2.5000000000000009e-07 prediction=61.489120279005633 rho=0.6072783543473389 accept=1
  MFCG it  56 cost=2.529903e+05 lam=2.500e-07 tau=0.00e+00 cg_it=0 shift=0 ckpt=1 alpha=0 acc mv=175
PCG_PREP o=56 rebuild=1 drift=0 previous_depth=1
ATTR_RADIUS o=56 raw_norm=18194.717029624717 norm=1244.8590128525352 radius=1244.8590128525348 next_radius=1244.8590128525348 lambda=2.5000000000000009e-07 next_lambda=2.5000000000000009e-07 rho=0.604864442291833 accept=1
CLASSICAL_LM o=56 lambda=2.5000000000000009e-07 tau=2.5000000000000009e-07 prediction=59.073405810980709 rho=0.604864442291833 accept=1
  MFCG it  57 cost=2.529546e+05 lam=2.500e-07 tau=0.00e+00 cg_it=0 shift=0 ckpt=1 alpha=0 acc mv=177
PCG_PREP o=57 rebuild=1 drift=0 previous_depth=1
ATTR_RADIUS o=57 raw_norm=18154.633965690075 norm=1244.8590128525348 radius=1244.8590128525348 next_radius=1244.8590128525348 lambda=2.5000000000000009e-07 next_lambda=2.5000000000000009e-07 rho=0.60284082938483607 accept=1
CLASSICAL_LM o=57 lambda=2.5000000000000009e-07 tau=2.5000000000000009e-07 prediction=56.872000967506217 rho=0.60284082938483607 accept=1
  MFCG it  58 cost=2.529203e+05 lam=2.500e-07 tau=0.00e+00 cg_it=0 shift=0 ckpt=1 alpha=0 acc mv=179
PCG_PREP o=58 rebuild=1 drift=0 previous_depth=1
ATTR_RADIUS o=58 raw_norm=18100.499012345299 norm=1244.859012852535 radius=1244.8590128525348 next_radius=1244.8590128525348 lambda=2.5000000000000009e-07 next_lambda=2.5000000000000009e-07 rho=0.60122607715008192 accept=1
CLASSICAL_LM o=58 lambda=2.5000000000000009e-07 tau=2.5000000000000009e-07 prediction=54.862844465706672 rho=0.60122607715008192 accept=1
  MFCG it  59 cost=2.528873e+05 lam=2.500e-07 tau=0.00e+00 cg_it=0 shift=0 ckpt=1 alpha=0 acc mv=181
PCG_PREP o=59 rebuild=1 drift=0 previous_depth=1
ATTR_RADIUS o=59 raw_norm=18032.8525589073 norm=1244.8590128525341 radius=1244.8590128525348 next_radius=1244.8590128525348 lambda=2.5000000000000009e-07 next_lambda=2.5000000000000009e-07 rho=0.60009693348723603 accept=1
CLASSICAL_LM o=59 lambda=2.5000000000000009e-07 tau=2.5000000000000009e-07 prediction=53.028955971005622 rho=0.60009693348723603 accept=1
  MFCG it  60 cost=2.528555e+05 lam=2.500e-07 tau=0.00e+00 cg_it=0 shift=0 ckpt=1 alpha=0 acc mv=183
PCG_PREP o=60 rebuild=1 drift=0 previous_depth=1
ATTR_RADIUS o=60 raw_norm=17952.247866165639 norm=1244.8590128525348 radius=1244.8590128525348 next_radius=1244.8590128525348 lambda=2.5000000000000009e-07 next_lambda=2.5000000000000009e-07 rho=0.59978572940650121 accept=1
CLASSICAL_LM o=60 lambda=2.5000000000000009e-07 tau=2.5000000000000009e-07 prediction=51.362904308569966 rho=0.59978572940650121 accept=1
  MFCG it  61 cost=2.528247e+05 lam=2.500e-07 tau=0.00e+00 cg_it=0 shift=0 ckpt=1 alpha=0 acc mv=185
PCG_PREP o=61 rebuild=1 drift=0 previous_depth=1
ATTR_RADIUS o=61 raw_norm=17859.299120613425 norm=1244.8590128525343 radius=1244.8590128525348 next_radius=1244.8590128525348 lambda=2.5000000000000009e-07 next_lambda=2.5000000000000009e-07 rho=0.60260460802623061 accept=1
CLASSICAL_LM o=61 lambda=2.5000000000000009e-07 tau=2.5000000000000009e-07 prediction=49.891487274739355 rho=0.60260460802623061 accept=1
  MFCG it  62 cost=2.527946e+05 lam=2.500e-07 tau=0.00e+00 cg_it=0 shift=0 ckpt=1 alpha=0 acc mv=187
PCG_PREP o=62 rebuild=1 drift=0 previous_depth=1
ATTR_RADIUS o=62 raw_norm=17754.459542764391 norm=1244.859012852535 radius=1244.8590128525348 next_radius=311.21475321313369 lambda=2.5000000000000009e-07 next_lambda=4.0000000000000015e-06 rho=0.20188665975201317 accept=1
CLASSICAL_LM o=62 lambda=2.5000000000000009e-07 tau=2.5000000000000009e-07 prediction=48.885575597729805 rho=0.20188665975201317 accept=1
  MFCG it  63 cost=2.527848e+05 lam=4.000e-06 tau=0.00e+00 cg_it=0 shift=0 ckpt=1 alpha=0 acc mv=189
PCG_PREP o=63 rebuild=1 drift=0 previous_depth=1
ATTR_RADIUS o=63 raw_norm=1794.9407860272229 norm=311.21475321313369 radius=311.21475321313369 next_radius=622.42950642626738 lambda=4.0000000000000015e-06 next_lambda=1.0000000000000004e-06 rho=0.95336778223710583 accept=1
CLASSICAL_LM o=63 lambda=4.0000000000000015e-06 tau=4.0000000000000015e-06 prediction=121.19442937474666 rho=0.95336778223710583 accept=1
  MFCG it  64 cost=2.526692e+05 lam=1.000e-06 tau=0.00e+00 cg_it=0 shift=0 ckpt=1 alpha=0 acc mv=191
PCG_PREP o=64 rebuild=1 drift=0 previous_depth=1
ATTR_RADIUS o=64 raw_norm=6726.062218055481 norm=622.42950642626738 radius=622.42950642626738 next_radius=1244.8590128525348 lambda=1.0000000000000004e-06 next_lambda=2.5000000000000009e-07 rho=0.97997493854734574 accept=1
CLASSICAL_LM o=64 lambda=1.0000000000000004e-06 tau=1.0000000000000004e-06 prediction=129.52920183180896 rho=0.97997493854734574 accept=1
  MFCG it  65 cost=2.525423e+05 lam=2.500e-07 tau=0.00e+00 cg_it=1 shift=0 ckpt=2 alpha=0 acc mv=194
PCG_PREP o=65 rebuild=1 drift=0 previous_depth=2
ATTR_RADIUS o=65 raw_norm=27484.377247347449 norm=1244.8590128525345 radius=1244.8590128525348 next_radius=2489.7180257050695 lambda=2.5000000000000009e-07 next_lambda=6.2500000000000024e-08 rho=0.78727712160327301 accept=1
CLASSICAL_LM o=65 lambda=2.5000000000000009e-07 tau=2.5000000000000009e-07 prediction=63.02322437282394 rho=0.78727712160327301 accept=1
  MFCG it  66 cost=2.524927e+05 lam=6.250e-08 tau=0.00e+00 cg_it=1 shift=0 ckpt=2 alpha=0 acc mv=197
PCG_PREP o=66 rebuild=1 drift=0 previous_depth=2
ATTR_RADIUS o=66 raw_norm=76908.415913447185 norm=0 radius=2489.7180257050695 next_radius=622.42950642626738 lambda=6.2500000000000024e-08 next_lambda=1.0000000000000004e-06 rho=0.042095024816547137 accept=0
CLASSICAL_LM o=66 lambda=6.2500000000000024e-08 tau=6.2500000000000024e-08 prediction=63.534889869182479 rho=0.042095024816547137 accept=0
  MFCG it  67  retry 1/8  lam=1.000e-06 tau_eff=6.250e-08  (assembly reused)
PCG_PREP o=66 rebuild=1 drift=0 previous_depth=3
ATTR_RADIUS o=66 raw_norm=6174.8130087081636 norm=622.42950642626738 radius=622.42950642626738 next_radius=1244.8590128525348 lambda=1.0000000000000004e-06 next_lambda=2.5000000000000009e-07 rho=0.98591903377361079 accept=1
CLASSICAL_LM o=66 lambda=1.0000000000000004e-06 tau=1.0000000000000004e-06 prediction=117.66937823926925 rho=0.98591903377361079 accept=1
  MFCG it  67 cost=2.523767e+05 lam=2.500e-07 tau=0.00e+00 cg_it=1 shift=0 ckpt=2 alpha=0 acc mv=204
PCG_PREP o=67 rebuild=1 drift=0 previous_depth=2
ATTR_RADIUS o=67 raw_norm=26738.655336731477 norm=1244.8590128525341 radius=1244.8590128525348 next_radius=2489.7180257050695 lambda=2.5000000000000009e-07 next_lambda=6.2500000000000024e-08 rho=0.76746062607722865 accept=1
CLASSICAL_LM o=67 lambda=2.5000000000000009e-07 tau=2.5000000000000009e-07 prediction=55.594953376275704 rho=0.76746062607722865 accept=1
  MFCG it  68 cost=2.523340e+05 lam=6.250e-08 tau=0.00e+00 cg_it=1 shift=0 ckpt=2 alpha=0 acc mv=207
PCG_PREP o=68 rebuild=1 drift=0 previous_depth=2
POINT_SAFE o=68 frozen=382 slope=-54.45754697523013 candidate=252339.54454401549 original=252320.97181032124 current=252334.00327751023 won=0 mode=1 camera_scale=1 keep_scale=0
ATTR_RADIUS o=68 raw_norm=78875.57233933924 norm=1244.8590128525345 radius=2489.7180257050695 next_radius=2489.7180257050695 lambda=6.2500000000000024e-08 next_lambda=6.250000000000003e-09 rho=0.48257838897955863 accept=1
CLASSICAL_LM o=68 lambda=6.2500000000000024e-08 tau=6.2500000000000024e-08 prediction=27.003834996733964 rho=0.48257838897955863 accept=1
  MFCG it  69 cost=2.523210e+05 lam=6.250e-09 tau=0.00e+00 cg_it=2 shift=0 ckpt=3 alpha=0 acc mv=211
PCG_PREP o=69 rebuild=1 drift=0 previous_depth=3
POINT_SAFE o=69 frozen=122 slope=-28.404475986324773 candidate=252356.47707395643 original=252317.82431435664 current=252320.97181032124 won=0 mode=1 camera_scale=1 keep_scale=0
ATTR_RADIUS o=69 raw_norm=238644.45874103124 norm=622.42950642626761 radius=2489.7180257050695 next_radius=2489.7180257050695 lambda=6.250000000000003e-09 next_lambda=6.2500000000000032e-10 rho=0.43594444272315447 accept=1
CLASSICAL_LM o=69 lambda=6.250000000000003e-09 tau=6.250000000000003e-09 prediction=7.2199474431631856 rho=0.43594444272315447 accept=1
  MFCG it  70 cost=2.523178e+05 lam=6.250e-10 tau=0.00e+00 cg_it=2 shift=0 ckpt=3 alpha=0 acc mv=215
PCG_PREP o=70 rebuild=1 drift=0 previous_depth=3
POINT_SAFE o=70 frozen=110 slope=-29.407352997590124 candidate=252356.00185618742 original=252315.04130430933 current=252317.82431435664 won=0 mode=1 camera_scale=1 keep_scale=0
ATTR_RADIUS o=70 raw_norm=324580.63054666697 norm=622.42950642626715 radius=2489.7180257050695 next_radius=2489.7180257050695 lambda=6.2500000000000032e-10 next_lambda=6.250000000000003e-11 rho=0.36953008085960154 accept=1
CLASSICAL_LM o=70 lambda=6.2500000000000032e-10 tau=6.2500000000000032e-10 prediction=7.5312138076381441 rho=0.36953008085960154 accept=1
  MFCG it  71 cost=2.523150e+05 lam=6.250e-11 tau=0.00e+00 cg_it=3 shift=0 ckpt=4 alpha=0 acc mv=220
PCG_PREP o=71 rebuild=1 drift=0 previous_depth=4
POINT_SAFE o=71 frozen=127 slope=-27.245331012062127 candidate=252356.21171055792 original=252312.77945785914 current=252315.04130430933 won=0 mode=1 camera_scale=1 keep_scale=0
ATTR_RADIUS o=71 raw_norm=310723.16118737438 norm=622.42950642626727 radius=2489.7180257050695 next_radius=2489.7180257050695 lambda=6.250000000000003e-11 next_lambda=6.2500000000000035e-12 rho=0.3306948406093087 accept=1
CLASSICAL_LM o=71 lambda=6.250000000000003e-11 tau=6.250000000000003e-11 prediction=6.8396786778381289 rho=0.3306948406093087 accept=1
  MFCG it  72 cost=2.523128e+05 lam=6.250e-12 tau=0.00e+00 cg_it=2 shift=0 ckpt=3 alpha=0 acc mv=224
PCG_PREP o=72 rebuild=1 drift=0 previous_depth=3
POINT_SAFE o=72 frozen=131 slope=-24.571696633655353 candidate=252355.53051983527 original=252310.73665952391 current=252312.77945785914 won=0 mode=1 camera_scale=1 keep_scale=0
ATTR_RADIUS o=72 raw_norm=314963.17335991951 norm=622.42950642626738 radius=2489.7180257050695 next_radius=2489.7180257050695 lambda=6.2500000000000035e-12 next_lambda=6.2500000000000037e-13 rho=0.3337158316460398 accept=1
CLASSICAL_LM o=72 lambda=6.2500000000000035e-12 tau=6.2500000000000035e-12 prediction=6.1213707637165333 rho=0.3337158316460398 accept=1
  MFCG it  73 cost=2.523107e+05 lam=6.250e-13 tau=0.00e+00 cg_it=2 shift=0 ckpt=3 alpha=0 acc mv=228
PCG_PREP o=73 rebuild=1 drift=0 previous_depth=3
POINT_SAFE o=73 frozen=139 slope=-23.900331539956237 candidate=252354.98969489144 original=252308.87507566679 current=252310.73665952391 won=0 mode=1 camera_scale=1 keep_scale=0
ATTR_RADIUS o=73 raw_norm=318503.40744241624 norm=622.42950642626738 radius=2489.7180257050695 next_radius=2489.7180257050695 lambda=6.2500000000000037e-13 next_lambda=6.2500000000000037e-14 rho=0.31258521748030127 accept=1
CLASSICAL_LM o=73 lambda=6.2500000000000037e-13 tau=6.2500000000000037e-13 prediction=5.9554443173404801 rho=0.31258521748030127 accept=1
  MFCG it  74 cost=2.523089e+05 lam=6.250e-14 tau=0.00e+00 cg_it=2 shift=0 ckpt=3 alpha=0 acc mv=232
PCG_PREP o=74 rebuild=1 drift=0 previous_depth=3
POINT_SAFE o=74 frozen=142 slope=-23.497930695268064 candidate=252354.60724037781 original=252307.1850444162 current=252308.87507566679 won=0 mode=1 camera_scale=1 keep_scale=0
ATTR_RADIUS o=74 raw_norm=322001.48481373512 norm=622.42950642626738 radius=2489.7180257050695 next_radius=2489.7180257050695 lambda=6.2500000000000037e-14 next_lambda=6.2500000000000041e-15 rho=0.28859795828219631 accept=1
CLASSICAL_LM o=74 lambda=6.2500000000000037e-14 tau=6.2500000000000037e-14 prediction=5.8560055679152931 rho=0.28859795828219631 accept=1
  MFCG it  75 cost=2.523072e+05 lam=6.250e-15 tau=0.00e+00 cg_it=2 shift=0 ckpt=3 alpha=0 acc mv=236
PCG_PREP o=75 rebuild=1 drift=0 previous_depth=3
POINT_SAFE o=75 frozen=149 slope=-23.14070598907896 candidate=252354.36912065651 original=252305.65939784879 current=252307.1850444162 won=0 mode=1 camera_scale=1 keep_scale=0
ATTR_RADIUS o=75 raw_norm=325785.35848164238 norm=622.42950642626761 radius=2489.7180257050695 next_radius=2489.7180257050695 lambda=6.2500000000000041e-15 next_lambda=6.2500000000000049e-16 rho=0.26445769330043717 accept=1
CLASSICAL_LM o=75 lambda=6.2500000000000041e-15 tau=6.2500000000000041e-15 prediction=5.76896269631174 rho=0.26445769330043717 accept=1
  MFCG it  76 cost=2.523057e+05 lam=6.250e-16 tau=0.00e+00 cg_it=2 shift=0 ckpt=3 alpha=0 acc mv=240
PCG_PREP o=76 rebuild=1 drift=0 previous_depth=3
NUMERIC_REPAIR o=76 lambda=6.2500000000000049e-16 rayleigh=-5.5213131967261272e-08 next_lambda=2.208525303690451e-07 cg=5 rebuild=1
PCG_PREP o=76 rebuild=1 drift=0 previous_depth=5
POINT_SAFE o=76 frozen=1307 slope=-56.372645051455969 candidate=252318.64861340236 original=252295.28614999115 current=252305.65939784879 won=0 mode=1 camera_scale=1 keep_scale=0
ATTR_RADIUS o=76 raw_norm=19323.754456604238 norm=1244.8590128525348 radius=2489.7180257050695 next_radius=2489.7180257050695 lambda=2.208525303690451e-07 next_lambda=2.208525303690451e-07 rho=0.37951097912968212 accept=1
CLASSICAL_LM o=76 lambda=2.208525303690451e-07 tau=2.208525303690451e-07 prediction=27.333195686276841 rho=0.37951097912968212 accept=1
  MFCG it  77 cost=2.522953e+05 lam=2.209e-07 tau=0.00e+00 cg_it=0 shift=0 ckpt=1 alpha=0 acc mv=248
PCG_PREP o=77 rebuild=1 drift=0 previous_depth=1
POINT_SAFE o=77 frozen=718 slope=-57.573392964746972 candidate=252307.80582562721 original=252284.49011263123 current=252295.28614999115 won=0 mode=1 camera_scale=1 keep_scale=0
ATTR_RADIUS o=77 raw_norm=18817.631250402239 norm=1244.8590128525348 radius=2489.7180257050695 next_radius=2489.7180257050695 lambda=2.208525303690451e-07 next_lambda=2.208525303690451e-07 rho=0.38704554920968598 accept=1
CLASSICAL_LM o=77 lambda=2.208525303690451e-07 tau=2.208525303690451e-07 prediction=27.893454354311665 rho=0.38704554920968598 accept=1
  MFCG it  78 cost=2.522845e+05 lam=2.209e-07 tau=0.00e+00 cg_it=0 shift=0 ckpt=1 alpha=0 acc mv=250
PCG_PREP o=78 rebuild=1 drift=0 previous_depth=1
POINT_SAFE o=78 frozen=443 slope=-58.619436883708474 candidate=252296.26794280228 original=252273.28493291614 current=252284.49011263123 won=0 mode=1 camera_scale=1 keep_scale=0
ATTR_RADIUS o=78 raw_norm=18330.988889966207 norm=1244.8590128525348 radius=2489.7180257050695 next_radius=2489.7180257050695 lambda=2.208525303690451e-07 next_lambda=2.208525303690451e-07 rho=0.39506077785597243 accept=1
CLASSICAL_LM o=78 lambda=2.208525303690451e-07 tau=2.208525303690451e-07 prediction=28.36317939711445 rho=0.39506077785597243 accept=1
  MFCG it  79 cost=2.522733e+05 lam=2.209e-07 tau=0.00e+00 cg_it=0 shift=0 ckpt=1 alpha=0 acc mv=252
PCG_PREP o=79 rebuild=1 drift=0 previous_depth=1
POINT_SAFE o=79 frozen=396 slope=-59.496022555138758 candidate=252284.2543482075 original=252261.70155780829 current=252273.28493291614 won=0 mode=1 camera_scale=1 keep_scale=0
ATTR_RADIUS o=79 raw_norm=17862.686132359351 norm=1244.8590128525343 radius=2489.7180257050695 next_radius=2489.7180257050695 lambda=2.208525303690451e-07 next_lambda=2.208525303690451e-07 rho=0.4029469608693878 accept=1
CLASSICAL_LM o=79 lambda=2.208525303690451e-07 tau=2.208525303690451e-07 prediction=28.746649640573629 rho=0.4029469608693878 accept=1
  MFCG it  80 cost=2.522617e+05 lam=2.209e-07 tau=0.00e+00 cg_it=0 shift=0 ckpt=1 alpha=0 acc mv=254
PCG_PREP o=80 rebuild=1 drift=0 previous_depth=1
POINT_SAFE o=80 frozen=381 slope=-60.215754787883746 candidate=252271.85447754108 original=252249.76779486326 current=252261.70155780829 won=0 mode=1 camera_scale=1 keep_scale=0
ATTR_RADIUS o=80 raw_norm=17411.89866956717 norm=1244.8590128525352 radius=2489.7180257050695 next_radius=2489.7180257050695 lambda=2.208525303690451e-07 next_lambda=2.208525303690451e-07 rho=0.41068109330227431 accept=1
CLASSICAL_LM o=80 lambda=2.208525303690451e-07 tau=2.208525303690451e-07 prediction=29.058466872852655 rho=0.41068109330227431 accept=1
  MFCG it  81 cost=2.522498e+05 lam=2.209e-07 tau=0.00e+00 cg_it=0 shift=0 ckpt=1 alpha=0 acc mv=256
PCG_PREP o=81 rebuild=1 drift=0 previous_depth=1
POINT_SAFE o=81 frozen=387 slope=-60.803167734958862 candidate=252259.09640800083 original=252237.50799694113 current=252249.76779486326 won=0 mode=1 camera_scale=1 keep_scale=0
ATTR_RADIUS o=81 raw_norm=16977.984399513996 norm=1244.8590128525348 radius=2489.7180257050695 next_radius=2489.7180257050695 lambda=2.208525303690451e-07 next_lambda=2.208525303690451e-07 rho=0.4183013588949876 accept=1
CLASSICAL_LM o=81 lambda=2.208525303690451e-07 tau=2.208525303690451e-07 prediction=29.308529990239876 rho=0.4183013588949876 accept=1
  MFCG it  82 cost=2.522375e+05 lam=2.209e-07 tau=0.00e+00 cg_it=0 shift=0 ckpt=1 alpha=0 acc mv=258
PCG_PREP o=82 rebuild=1 drift=0 previous_depth=1
POINT_SAFE o=82 frozen=407 slope=-61.271788328507284 candidate=252246.0061683504 original=252224.94521981181 current=252237.50799694113 won=0 mode=1 camera_scale=1 keep_scale=0
ATTR_RADIUS o=82 raw_norm=16560.391447256665 norm=1244.8590128525352 radius=2489.7180257050695 next_radius=2489.7180257050695 lambda=2.208525303690451e-07 next_lambda=2.208525303690451e-07 rho=0.42582628229479697 accept=1
CLASSICAL_LM o=82 lambda=2.208525303690451e-07 tau=2.208525303690451e-07 prediction=29.502117768825087 rho=0.42582628229479697 accept=1
  MFCG it  83 cost=2.522249e+05 lam=2.209e-07 tau=0.00e+00 cg_it=0 shift=0 ckpt=1 alpha=0 acc mv=260
PCG_PREP o=83 rebuild=1 drift=0 previous_depth=1
POINT_SAFE o=83 frozen=429 slope=-61.628604203405061 candidate=252232.61018448224 original=252212.10266501823 current=252224.94521981181 won=0 mode=1 camera_scale=1 keep_scale=0
ATTR_RADIUS o=83 raw_norm=16158.681542081931 norm=1244.8590128525348 radius=2489.7180257050695 next_radius=2489.7180257050695 lambda=2.208525303690451e-07 next_lambda=2.208525303690451e-07 rho=0.43325697564098969 accept=1
CLASSICAL_LM o=83 lambda=2.208525303690451e-07 tau=2.208525303690451e-07 prediction=29.641888107113719 rho=0.43325697564098969 accept=1
  MFCG it  84 cost=2.522121e+05 lam=2.209e-07 tau=0.00e+00 cg_it=0 shift=0 ckpt=1 alpha=0 acc mv=262
PCG_PREP o=84 rebuild=1 drift=0 previous_depth=1
POINT_SAFE o=84 frozen=441 slope=-61.876644891511667 candidate=252218.93694770188 original=252199.00437131149 current=252212.10266501823 won=0 mode=1 camera_scale=1 keep_scale=0
ATTR_RADIUS o=84 raw_norm=15772.433531788754 norm=1244.859012852535 radius=2489.7180257050695 next_radius=2489.7180257050695 lambda=2.208525303690451e-07 next_lambda=2.208525303690451e-07 rho=0.44058594705239512 accept=1
CLASSICAL_LM o=84 lambda=2.208525303690451e-07 tau=2.208525303690451e-07 prediction=29.729258943404158 rho=0.44058594705239512 accept=1
  MFCG it  85 cost=2.521990e+05 lam=2.209e-07 tau=0.00e+00 cg_it=0 shift=0 ckpt=1 alpha=0 acc mv=264
PCG_PREP o=85 rebuild=1 drift=0 previous_depth=1
POINT_SAFE o=85 frozen=467 slope=-62.018874482422035 candidate=252205.014788192 original=252185.67538959099 current=252199.00437131149 won=0 mode=1 camera_scale=1 keep_scale=0
ATTR_RADIUS o=85 raw_norm=15401.248881634276 norm=1244.8590128525354 radius=2489.7180257050695 next_radius=2489.7180257050695 lambda=2.208525303690451e-07 next_lambda=2.208525303690451e-07 rho=0.44780359176697049 accept=1
CLASSICAL_LM o=85 lambda=2.208525303690451e-07 tau=2.208525303690451e-07 prediction=29.765240756329963 rho=0.44780359176697049 accept=1
  MFCG it  86 cost=2.521857e+05 lam=2.209e-07 tau=0.00e+00 cg_it=0 shift=0 ckpt=1 alpha=0 acc mv=266
PCG_PREP o=86 rebuild=1 drift=0 previous_depth=1
POINT_SAFE o=86 frozen=480 slope=-62.057722792718984 candidate=252190.8723421405 original=252172.14156161973 current=252185.67538959099 won=0 mode=1 camera_scale=1 keep_scale=0
ATTR_RADIUS o=86 raw_norm=15044.792906833014 norm=1244.8590128525348 radius=2489.7180257050695 next_radius=2489.7180257050695 lambda=2.208525303690451e-07 next_lambda=2.208525303690451e-07 rho=0.45490342104832432 accept=1
CLASSICAL_LM o=86 lambda=2.208525303690451e-07 tau=2.208525303690451e-07 prediction=29.750991848051857 rho=0.45490342104832432 accept=1
  MFCG it  87 cost=2.521721e+05 lam=2.209e-07 tau=0.00e+00 cg_it=0 shift=0 ckpt=1 alpha=0 acc mv=268
PCG_PREP o=87 rebuild=1 drift=0 previous_depth=1
POINT_SAFE o=87 frozen=495 slope=-61.99521581350178 candidate=252176.54108610534 original=252158.42927349632 current=252172.14156161973 won=0 mode=1 camera_scale=1 keep_scale=0
ATTR_RADIUS o=87 raw_norm=14702.702096925465 norm=1244.859012852535 radius=2489.7180257050695 next_radius=2489.7180257050695 lambda=2.208525303690451e-07 next_lambda=2.208525303690451e-07 rho=0.46188134850542323 accept=1
CLASSICAL_LM o=87 lambda=2.208525303690451e-07 tau=2.208525303690451e-07 prediction=29.687901812404444 rho=0.46188134850542323 accept=1
  MFCG it  88 cost=2.521584e+05 lam=2.209e-07 tau=0.00e+00 cg_it=0 shift=0 ckpt=1 alpha=0 acc mv=270
PCG_PREP o=88 rebuild=1 drift=0 previous_depth=1
POINT_SAFE o=88 frozen=514 slope=-61.834298399117863 candidate=252162.05165498628 original=252144.56514949471 current=252158.42927349632 won=0 mode=1 camera_scale=1 keep_scale=0
ATTR_RADIUS o=88 raw_norm=14374.611126561169 norm=1244.8590128525345 radius=2489.7180257050695 next_radius=2489.7180257050695 lambda=2.208525303690451e-07 next_lambda=2.208525303690451e-07 rho=0.4687360012433186 accept=1
CLASSICAL_LM o=88 lambda=2.208525303690451e-07 tau=2.208525303690451e-07 prediction=29.577681178404266 rho=0.4687360012433186 accept=1
  MFCG it  89 cost=2.521446e+05 lam=2.209e-07 tau=0.00e+00 cg_it=0 shift=0 ckpt=1 alpha=0 acc mv=272
PCG_PREP o=89 rebuild=1 drift=0 previous_depth=1
POINT_SAFE o=89 frozen=534 slope=-61.579436832045545 candidate=252147.43278374051 original=252130.57558208954 current=252144.56514949471 won=0 mode=1 camera_scale=1 keep_scale=0
ATTR_RADIUS o=89 raw_norm=14060.200091337705 norm=1244.8590128525348 radius=2489.7180257050695 next_radius=2489.7180257050695 lambda=2.208525303690451e-07 next_lambda=2.208525303690451e-07 rho=0.47547109209731631 accept=1
CLASSICAL_LM o=89 lambda=2.208525303690451e-07 tau=2.208525303690451e-07 prediction=29.422540376655704 rho=0.47547109209731631 accept=1
  MFCG it  90 cost=2.521306e+05 lam=2.209e-07 tau=0.00e+00 cg_it=0 shift=0 ckpt=1 alpha=0 acc mv=274
PCG_PREP o=90 rebuild=1 drift=0 previous_depth=1
POINT_SAFE o=90 frozen=550 slope=-61.235094580246368 candidate=252132.71393729813 original=252116.48649205919 current=252130.57558208954 won=0 mode=1 camera_scale=1 keep_scale=0
ATTR_RADIUS o=90 raw_norm=13759.095773727327 norm=1244.8590128525348 radius=2489.7180257050695 next_radius=2489.7180257050695 lambda=2.208525303690451e-07 next_lambda=2.208525303690451e-07 rho=0.48209132521961523 accept=1
CLASSICAL_LM o=90 lambda=2.208525303690451e-07 tau=2.208525303690451e-07 prediction=29.224939950809286 rho=0.48209132521961523 accept=1
  MFCG it  91 cost=2.521165e+05 lam=2.209e-07 tau=0.00e+00 cg_it=0 shift=0 ckpt=1 alpha=0 acc mv=276
PCG_PREP o=91 rebuild=1 drift=0 previous_depth=1
POINT_SAFE o=91 frozen=556 slope=-60.806277862354953 candidate=252117.92374691565 original=252102.32296457051 current=252116.48649205919 won=0 mode=1 camera_scale=1 keep_scale=0
ATTR_RADIUS o=91 raw_norm=13470.923733064332 norm=1244.8590128525345 radius=2489.7180257050695 next_radius=2489.7180257050695 lambda=2.208525303690451e-07 next_lambda=2.208525303690451e-07 rho=0.48860450631666813 accept=1
CLASSICAL_LM o=91 lambda=2.208525303690451e-07 tau=2.208525303690451e-07 prediction=28.987713591613719 rho=0.48860450631666813 accept=1
  MFCG it  92 cost=2.521023e+05 lam=2.209e-07 tau=0.00e+00 cg_it=0 shift=0 ckpt=1 alpha=0 acc mv=278
PCG_PREP o=92 rebuild=1 drift=0 previous_depth=1
POINT_SAFE o=92 frozen=561 slope=-60.299118589694721 candidate=252103.08835656475 original=252088.1089166083 current=252102.32296457051 won=0 mode=1 camera_scale=1 keep_scale=0
ATTR_RADIUS o=92 raw_norm=13195.341798312937 norm=1244.8590128525345 radius=2489.7180257050695 next_radius=2489.7180257050695 lambda=2.208525303690451e-07 next_lambda=2.208525303690451e-07 rho=0.49502112017871497 accept=1
CLASSICAL_LM o=92 lambda=2.208525303690451e-07 tau=2.208525303690451e-07 prediction=28.714023266494095 rho=0.49502112017871497 accept=1
  MFCG it  93 cost=2.520881e+05 lam=2.209e-07 tau=0.00e+00 cg_it=0 shift=0 ckpt=1 alpha=0 acc mv=280
PCG_PREP o=93 rebuild=1 drift=0 previous_depth=1
POINT_SAFE o=93 frozen=567 slope=-59.720404843717667 candidate=252088.23232927249 original=252073.86693821274 current=252088.1089166083 won=0 mode=1 camera_scale=1 keep_scale=0
ATTR_RADIUS o=93 raw_norm=12931.933022159181 norm=1244.8590128525352 radius=2489.7180257050695 next_radius=2489.7180257050695 lambda=2.208525303690451e-07 next_lambda=2.208525303690451e-07 rho=0.50135167910187695 accept=1
CLASSICAL_LM o=93 lambda=2.208525303690451e-07 tau=2.208525303690451e-07 prediction=28.407162056520406 rho=0.50135167910187695 accept=1
  MFCG it  94 cost=2.520739e+05 lam=2.209e-07 tau=0.00e+00 cg_it=0 shift=0 ckpt=1 alpha=0 acc mv=282
PCG_PREP o=94 rebuild=1 drift=0 previous_depth=1
ATTR_RADIUS o=94 raw_norm=12680.323983595639 norm=0 radius=2489.7180257050695 next_radius=622.42950642626738 lambda=2.208525303690451e-07 next_lambda=3.5336404859047215e-06 rho=0.0065980012340825286 accept=0
CLASSICAL_LM o=94 lambda=2.208525303690451e-07 tau=2.208525303690451e-07 prediction=53.292868878937455 rho=0.0065980012340825286 accept=0
  MFCG it  95  retry 1/8  lam=3.534e-06 tau_eff=2.209e-07  (assembly reused)
PCG_PREP o=94 rebuild=1 drift=0 previous_depth=1
ATTR_RADIUS o=94 raw_norm=1083.3612284965479 norm=622.42950642626749 radius=622.42950642626738 next_radius=1244.8590128525348 lambda=3.5336404859047215e-06 next_lambda=8.8341012147618039e-07 rho=0.98925467486673579 accept=1
CLASSICAL_LM o=94 lambda=3.5336404859047215e-06 tau=3.5336404859047215e-06 prediction=115.29825985239121 rho=0.98925467486673579 accept=1
  MFCG it  95 cost=2.519598e+05 lam=8.834e-07 tau=0.00e+00 cg_it=0 shift=0 ckpt=1 alpha=0 acc mv=286
PCG_PREP o=95 rebuild=1 drift=0 previous_depth=1
ATTR_RADIUS o=95 raw_norm=6507.3258144825395 norm=1244.8590128525348 radius=1244.8590128525348 next_radius=2489.7180257050695 lambda=8.8341012147618039e-07 next_lambda=2.208525303690451e-07 rho=0.98593643899149452 accept=1
CLASSICAL_LM o=95 lambda=8.8341012147618039e-07 tau=8.8341012147618039e-07 prediction=170.31337423403738 rho=0.98593643899149452 accept=1
  MFCG it  96 cost=2.517919e+05 lam=2.209e-07 tau=0.00e+00 cg_it=8 shift=0 ckpt=9 alpha=0 acc mv=296
PCG_PREP o=96 rebuild=1 drift=0 previous_depth=9
ATTR_RADIUS o=96 raw_norm=14162.632775887116 norm=2489.71802570507 radius=2489.7180257050695 next_radius=4979.436051410139 lambda=2.208525303690451e-07 next_lambda=2.208525303690451e-07 rho=0.79430258148688304 accept=1
CLASSICAL_LM o=96 lambda=2.208525303690451e-07 tau=2.208525303690451e-07 prediction=107.26801842441984 rho=0.79430258148688304 accept=1
  MFCG it  97 cost=2.517067e+05 lam=2.209e-07 tau=0.00e+00 cg_it=4 shift=0 ckpt=5 alpha=0 acc mv=302
PCG_PREP o=97 rebuild=1 drift=0 previous_depth=5
POINT_SAFE o=97 frozen=267 slope=-50.935715150921645 candidate=251874.76936602281 original=251703.4324322929 current=251706.68616999933 won=0 mode=1 camera_scale=1 keep_scale=0
ATTR_RADIUS o=97 raw_norm=13880.07627851319 norm=1244.8590128525343 radius=4979.436051410139 next_radius=4979.436051410139 lambda=2.208525303690451e-07 next_lambda=2.208525303690451e-07 rho=0.26612353665076455 accept=1
CLASSICAL_LM o=97 lambda=2.208525303690451e-07 tau=2.208525303690451e-07 prediction=12.226418404693723 rho=0.26612353665076455 accept=1
  MFCG it  98 cost=2.517034e+05 lam=2.209e-07 tau=0.00e+00 cg_it=0 shift=0 ckpt=1 alpha=0 acc mv=304
PCG_PREP o=98 rebuild=1 drift=0 previous_depth=1
POINT_SAFE o=98 frozen=279 slope=-54.31091900508968 candidate=251872.73627831924 original=251699.89040200485 current=251703.4324322929 won=0 mode=1 camera_scale=1 keep_scale=0
ATTR_RADIUS o=98 raw_norm=13206.467678208011 norm=1244.8590128525348 radius=4979.436051410139 next_radius=4979.436051410139 lambda=2.208525303690451e-07 next_lambda=2.208525303690451e-07 rho=0.27236757977867609 accept=1
CLASSICAL_LM o=98 lambda=2.208525303690451e-07 tau=2.208525303690451e-07 prediction=13.00459581470847 rho=0.27236757977867609 accept=1
  MFCG it  99 cost=2.516999e+05 lam=2.209e-07 tau=0.00e+00 cg_it=0 shift=0 ckpt=1 alpha=0 acc mv=306
PCG_PREP o=99 rebuild=1 drift=0 previous_depth=1
POINT_SAFE o=99 frozen=287 slope=-57.621951032220778 candidate=251869.59414681749 original=251695.99301605966 current=251699.89040200485 won=0 mode=1 camera_scale=1 keep_scale=0
ATTR_RADIUS o=99 raw_norm=12603.954004369398 norm=1244.8590128525343 radius=4979.436051410139 next_radius=4979.436051410139 lambda=2.208525303690451e-07 next_lambda=2.208525303690451e-07 rho=0.2831801105097792 accept=1
CLASSICAL_LM o=99 lambda=2.208525303690451e-07 tau=2.208525303690451e-07 prediction=13.762922608435844 rho=0.2831801105097792 accept=1
  MFCG it 100 cost=2.516960e+05 lam=2.209e-07 tau=0.00e+00 cg_it=0 shift=0 ckpt=1 alpha=0 acc mv=308
PCG_PREP o=100 rebuild=1 drift=0 previous_depth=1
POINT_SAFE o=100 frozen=311 slope=-60.759824924971042 candidate=251865.41587826159 original=251691.70342462618 current=251695.99301605966 won=0 mode=1 camera_scale=1 keep_scale=0
ATTR_RADIUS o=100 raw_norm=12062.285745081859 norm=1244.8590128525339 radius=4979.436051410139 next_radius=4979.436051410139 lambda=2.208525303690451e-07 next_lambda=2.208525303690451e-07 rho=0.29631639205164056 accept=1
CLASSICAL_LM o=100 lambda=2.208525303690451e-07 tau=2.208525303690451e-07 prediction=14.476389253324916 rho=0.29631639205164056 accept=1
  MFCG it 101 cost=2.516917e+05 lam=2.209e-07 tau=0.00e+00 cg_it=0 shift=0 ckpt=1 alpha=0 acc mv=310
PCG_PREP o=101 rebuild=1 drift=0 previous_depth=1
POINT_SAFE o=101 frozen=331 slope=-63.646810278496538 candidate=251860.28459308503 original=251687.00794418505 current=251691.70342462618 won=0 mode=1 camera_scale=1 keep_scale=0
ATTR_RADIUS o=101 raw_norm=11572.37813154692 norm=1244.8590128525343 radius=4979.436051410139 next_radius=4979.436051410139 lambda=2.208525303690451e-07 next_lambda=2.208525303690451e-07 rho=0.31040008478283526 accept=1
CLASSICAL_LM o=101 lambda=2.208525303690451e-07 tau=2.208525303690451e-07 prediction=15.127188010939847 rho=0.31040008478283526 accept=1
  MFCG it 102 cost=2.516870e+05 lam=2.209e-07 tau=0.00e+00 cg_it=0 shift=0 ckpt=1 alpha=0 acc mv=312
PCG_PREP o=102 rebuild=1 drift=0 previous_depth=1
POINT_SAFE o=102 frozen=370 slope=-66.229078448490455 candidate=251854.28994817164 original=251681.91064872016 current=251687.00794418505 won=0 mode=1 camera_scale=1 keep_scale=0
ATTR_RADIUS o=102 raw_norm=11126.599075043763 norm=1244.8590128525348 radius=4979.436051410139 next_radius=4979.436051410139 lambda=2.208525303690451e-07 next_lambda=2.208525303690451e-07 rho=0.32460526504300957 accept=1
CLASSICAL_LM o=102 lambda=2.208525303690451e-07 tau=2.208525303690451e-07 prediction=15.703058495413591 rho=0.32460526504300957 accept=1
  MFCG it 103 cost=2.516819e+05 lam=2.209e-07 tau=0.00e+00 cg_it=0 shift=0 ckpt=1 alpha=0 acc mv=314
PCG_PREP o=103 rebuild=1 drift=0 previous_depth=1
POINT_SAFE o=103 frozen=416 slope=-68.470590392770262 candidate=251847.52495578001 original=251676.42915315731 current=251681.91064872016 won=0 mode=1 camera_scale=1 keep_scale=0
ATTR_RADIUS o=103 raw_norm=10718.663462326402 norm=1244.8590128525348 radius=4979.436051410139 next_radius=4979.436051410139 lambda=2.208525303690451e-07 next_lambda=2.208525303690451e-07 rho=0.33844616849132214 accept=1
CLASSICAL_LM o=103 lambda=2.208525303690451e-07 tau=2.208525303690451e-07 prediction=16.196063283233983 rho=0.33844616849132214 accept=1
  MFCG it 104 cost=2.516764e+05 lam=2.209e-07 tau=0.00e+00 cg_it=0 shift=0 ckpt=1 alpha=0 acc mv=316
PCG_PREP o=104 rebuild=1 drift=0 previous_depth=1
POINT_SAFE o=104 frozen=452 slope=-70.350672064925746 candidate=251840.08646409822 original=251670.59093989723 current=251676.42915315731 won=0 mode=1 camera_scale=1 keep_scale=0
ATTR_RADIUS o=104 raw_norm=10343.478423085318 norm=1244.859012852535 radius=4979.436051410139 next_radius=4979.436051410139 lambda=2.208525303690451e-07 next_lambda=2.208525303690451e-07 rho=0.35165702316639141 accept=1
CLASSICAL_LM o=104 lambda=2.208525303690451e-07 tau=2.208525303690451e-07 prediction=16.602009558954258 rho=0.35165702316639141 accept=1
  MFCG it 105 cost=2.516706e+05 lam=2.209e-07 tau=0.00e+00 cg_it=0 shift=0 ckpt=1 alpha=0 acc mv=318
PCG_PREP o=105 rebuild=1 drift=0 previous_depth=1
POINT_SAFE o=105 frozen=483 slope=-71.867804027966429 candidate=251832.05256733202 original=251664.43042126202 current=251670.59093989723 won=0 mode=1 camera_scale=1 keep_scale=0
ATTR_RADIUS o=105 raw_norm=9996.8910640296363 norm=1244.859012852535 radius=4979.436051410139 next_radius=4979.436051410139 lambda=2.208525303690451e-07 next_lambda=2.208525303690451e-07 rho=0.36410416952554397 accept=1
CLASSICAL_LM o=105 lambda=2.208525303690451e-07 tau=2.208525303690451e-07 prediction=16.919659676618142 rho=0.36410416952554397 accept=1
  MFCG it 106 cost=2.516644e+05 lam=2.209e-07 tau=0.00e+00 cg_it=0 shift=0 ckpt=1 alpha=0 acc mv=320
PCG_PREP o=106 rebuild=1 drift=0 previous_depth=1
POINT_SAFE o=106 frozen=517 slope=-73.024639082770463 candidate=251823.51749758024 original=251657.98627744967 current=251664.43042126202 won=0 mode=1 camera_scale=1 keep_scale=0
ATTR_RADIUS o=106 raw_norm=9675.5473354694532 norm=1244.8590128525341 radius=4979.436051410139 next_radius=4979.436051410139 lambda=2.208525303690451e-07 next_lambda=2.208525303690451e-07 rho=0.37574287154022229 accept=1
CLASSICAL_LM o=106 lambda=2.208525303690451e-07 tau=2.208525303690451e-07 prediction=17.150408698191121 rho=0.37574287154022229 accept=1
  MFCG it 107 cost=2.516580e+05 lam=2.209e-07 tau=0.00e+00 cg_it=0 shift=0 ckpt=1 alpha=0 acc mv=322
PCG_PREP o=107 rebuild=1 drift=0 previous_depth=1
POINT_SAFE o=107 frozen=541 slope=-73.82854567759442 candidate=251814.58745483772 original=251651.29935338034 current=251657.98627744967 won=0 mode=1 camera_scale=1 keep_scale=0
ATTR_RADIUS o=107 raw_norm=9376.6470772992961 norm=1244.8590128525352 radius=4979.436051410139 next_radius=4979.436051410139 lambda=2.208525303690451e-07 next_lambda=2.208525303690451e-07 rho=0.38657958109053708 accept=1
CLASSICAL_LM o=107 lambda=2.208525303690451e-07 tau=2.208525303690451e-07 prediction=17.297664947719973 rho=0.38657958109053708 accept=1
  MFCG it 108 cost=2.516513e+05 lam=2.209e-07 tau=0.00e+00 cg_it=0 shift=0 ckpt=1 alpha=0 acc mv=324
PCG_PREP o=108 rebuild=1 drift=0 previous_depth=1
POINT_SAFE o=108 frozen=565 slope=-74.299339853163687 candidate=251805.34293923582 original=251644.41088362271 current=251651.29935338034 won=0 mode=1 camera_scale=1 keep_scale=0
ATTR_RADIUS o=108 raw_norm=9097.9205105970577 norm=1244.8590128525348 radius=4979.436051410139 next_radius=4979.436051410139 lambda=2.208525303690451e-07 next_lambda=2.208525303690451e-07 rho=0.39665338420571655 accept=1
CLASSICAL_LM o=108 lambda=2.208525303690451e-07 tau=2.208525303690451e-07 prediction=17.366471664984097 rho=0.39665338420571655 accept=1
  MFCG it 109 cost=2.516444e+05 lam=2.209e-07 tau=0.00e+00 cg_it=0 shift=0 ckpt=1 alpha=0 acc mv=326
PCG_PREP o=109 rebuild=1 drift=0 previous_depth=1
POINT_SAFE o=109 frozen=591 slope=-74.460470847244252 candidate=251795.86082172778 original=251637.36101144736 current=251644.41088362271 won=0 mode=1 camera_scale=1 keep_scale=0
ATTR_RADIUS o=109 raw_norm=8837.362025055545 norm=1244.8590128525359 radius=4979.436051410139 next_radius=4979.436051410139 lambda=2.208525303690451e-07 next_lambda=2.208525303690451e-07 rho=0.40602473682720264 accept=1
CLASSICAL_LM o=109 lambda=2.208525303690451e-07 tau=2.208525303690451e-07 prediction=17.363159275574187 rho=0.40602473682720264 accept=1
  MFCG it 110 cost=2.516374e+05 lam=2.209e-07 tau=0.00e+00 cg_it=0 shift=0 ckpt=1 alpha=0 acc mv=328
PCG_PREP o=110 rebuild=1 drift=0 previous_depth=1
POINT_SAFE o=110 frozen=604 slope=-74.341639707395615 candidate=251786.20685089749 original=251630.18781255733 current=251637.36101144736 won=0 mode=1 camera_scale=1 keep_scale=0
ATTR_RADIUS o=110 raw_norm=8593.3725849528983 norm=1244.8590128525345 radius=4979.436051410139 next_radius=4979.436051410139 lambda=2.208525303690451e-07 next_lambda=2.208525303690451e-07 rho=0.41476061435877487 accept=1
CLASSICAL_LM o=110 lambda=2.208525303690451e-07 tau=2.208525303690451e-07 prediction=17.294792807456282 rho=0.41476061435877487 accept=1
  MFCG it 111 cost=2.516302e+05 lam=2.209e-07 tau=0.00e+00 cg_it=0 shift=0 ckpt=1 alpha=0 acc mv=330
PCG_PREP o=111 rebuild=1 drift=0 previous_depth=1
POINT_SAFE o=111 frozen=617 slope=-73.971535589779904 candidate=251776.45461554223 original=251622.92631818037 current=251630.18781255733 won=0 mode=1 camera_scale=1 keep_scale=0
ATTR_RADIUS o=111 raw_norm=8364.4150843971311 norm=1244.8590128525348 radius=4979.436051410139 next_radius=4979.436051410139 lambda=2.208525303690451e-07 next_lambda=2.208525303690451e-07 rho=0.4229389816060003 accept=1
CLASSICAL_LM o=111 lambda=2.208525303690451e-07 tau=2.208525303690451e-07 prediction=17.169130046573038 rho=0.4229389816060003 accept=1
  MFCG it 112 cost=2.516229e+05 lam=2.209e-07 tau=0.00e+00 cg_it=0 shift=0 ckpt=1 alpha=0 acc mv=332
PCG_PREP o=112 rebuild=1 drift=0 previous_depth=1
POINT_SAFE o=112 frozen=630 slope=-73.375307545631244 candidate=251766.65657720107 original=251615.60820709346 current=251622.92631818037 won=0 mode=1 camera_scale=1 keep_scale=0
ATTR_RADIUS o=112 raw_norm=8149.3021581255007 norm=1244.8590128525343 radius=4979.436051410139 next_radius=4979.436051410139 lambda=2.208525303690451e-07 next_lambda=2.208525303690451e-07 rho=0.43063128339867929 accept=1
CLASSICAL_LM o=112 lambda=2.208525303690451e-07 tau=2.208525303690451e-07 prediction=16.993914211591115 rho=0.43063128339867929 accept=1
  MFCG it 113 cost=2.516156e+05 lam=2.209e-07 tau=0.00e+00 cg_it=0 shift=0 ckpt=1 alpha=0 acc mv=334
PCG_PREP o=113 rebuild=1 drift=0 previous_depth=1
POINT_SAFE o=113 frozen=642 slope=-72.596642534067328 candidate=251756.86271633374 original=251608.26139156299 current=251615.60820709346 won=0 mode=1 camera_scale=1 keep_scale=0
ATTR_RADIUS o=113 raw_norm=7946.8161982324873 norm=1244.8590128525348 radius=4979.436051410139 next_radius=4979.436051410139 lambda=2.208525303690451e-07 next_lambda=2.208525303690451e-07 rho=0.4379110334944793 accept=1
CLASSICAL_LM o=113 lambda=2.208525303690451e-07 tau=2.208525303690451e-07 prediction=16.776959173295843 rho=0.4379110334944793 accept=1
  MFCG it 114 cost=2.516083e+05 lam=2.209e-07 tau=0.00e+00 cg_it=0 shift=0 ckpt=1 alpha=0 acc mv=336
PCG_PREP o=114 rebuild=1 drift=0 previous_depth=1
POINT_SAFE o=114 frozen=644 slope=-71.660308527339197 candidate=251747.11447053723 original=251600.90991660528 current=251608.26139156299 won=0 mode=1 camera_scale=1 keep_scale=0
ATTR_RADIUS o=114 raw_norm=7755.9005047829496 norm=1244.8590128525345 radius=4979.436051410139 next_radius=4979.436051410139 lambda=2.208525303690451e-07 next_lambda=2.208525303690451e-07 rho=0.4448481311623923 accept=1
CLASSICAL_LM o=114 lambda=2.208525303690451e-07 tau=2.208525303690451e-07 prediction=16.525808343862842 rho=0.4448481311623923 accept=1
  MFCG it 115 cost=2.516009e+05 lam=2.209e-07 tau=0.00e+00 cg_it=0 shift=0 ckpt=1 alpha=0 acc mv=338
PCG_PREP o=115 rebuild=1 drift=0 previous_depth=1
POINT_SAFE o=115 frozen=653 slope=-70.59591417570843 candidate=251737.44403430665 original=251593.57416723637 current=251600.90991660528 won=0 mode=1 camera_scale=1 keep_scale=0
ATTR_RADIUS o=115 raw_norm=7575.6186332320831 norm=1244.8590128525352 radius=4979.436051410139 next_radius=4979.436051410139 lambda=2.208525303690451e-07 next_lambda=2.208525303690451e-07 rho=0.45150240267643782 accept=1
CLASSICAL_LM o=115 lambda=2.208525303690451e-07 tau=2.208525303690451e-07 prediction=16.247420446548457 rho=0.45150240267643782 accept=1
  MFCG it 116 cost=2.515936e+05 lam=2.209e-07 tau=0.00e+00 cg_it=0 shift=0 ckpt=1 alpha=0 acc mv=340
PCG_PREP o=116 rebuild=1 drift=0 previous_depth=1
POINT_SAFE o=116 frozen=651 slope=-69.431332760093795 candidate=251727.87598739658 original=251586.2709476969 current=251593.57416723637 won=0 mode=1 camera_scale=1 keep_scale=0
ATTR_RADIUS o=116 raw_norm=7405.0313546969901 norm=1244.859012852535 radius=4979.436051410139 next_radius=4979.436051410139 lambda=2.208525303690451e-07 next_lambda=2.208525303690451e-07 rho=0.4579310101912421 accept=1
CLASSICAL_LM o=116 lambda=2.208525303690451e-07 tau=2.208525303690451e-07 prediction=15.948296527052412 rho=0.4579310101912421 accept=1
  MFCG it 117 cost=2.515863e+05 lam=2.209e-07 tau=0.00e+00 cg_it=0 shift=0 ckpt=1 alpha=0 acc mv=342
PCG_PREP o=117 rebuild=1 drift=0 previous_depth=1
POINT_SAFE o=117 frozen=651 slope=-68.192469253430573 candidate=251718.4294501328 original=251579.01378507353 current=251586.2709476969 won=0 mode=1 camera_scale=1 keep_scale=0
ATTR_RADIUS o=117 raw_norm=7243.2731684561159 norm=1244.8590128525352 radius=4979.436051410139 next_radius=4979.436051410139 lambda=2.208525303690451e-07 next_lambda=2.208525303690451e-07 rho=0.46418352384615236 accept=1
CLASSICAL_LM o=117 lambda=2.208525303690451e-07 tau=2.208525303690451e-07 prediction=15.634252942107141 rho=0.46418352384615236 accept=1
  MFCG it 118 cost=2.515790e+05 lam=2.209e-07 tau=0.00e+00 cg_it=0 shift=0 ckpt=1 alpha=0 acc mv=344
PCG_PREP o=118 rebuild=1 drift=0 previous_depth=1
POINT_SAFE o=118 frozen=651 slope=-66.901287338171429 candidate=251709.11904007304 original=251571.81332457913 current=251579.01378507353 won=0 mode=1 camera_scale=1 keep_scale=0
ATTR_RADIUS o=118 raw_norm=7089.5321616003903 norm=1244.8590128525345 radius=4979.436051410139 next_radius=4979.436051410139 lambda=2.208525303690451e-07 next_lambda=2.208525303690451e-07 rho=0.47030029045131599 accept=1
CLASSICAL_LM o=118 lambda=2.208525303690451e-07 tau=2.208525303690451e-07 prediction=15.310346688280401 rho=0.47030029045131599 accept=1
  MFCG it 119 cost=2.515718e+05 lam=2.209e-07 tau=0.00e+00 cg_it=0 shift=0 ckpt=1 alpha=0 acc mv=346
PCG_PREP o=119 rebuild=1 drift=0 previous_depth=1
POINT_SAFE o=119 frozen=655 slope=-65.577764767281792 candidate=251699.95438590818 original=251564.67764279258 current=251571.81332457913 won=0 mode=1 camera_scale=1 keep_scale=0
ATTR_RADIUS o=119 raw_norm=6943.0331200249902 norm=1244.8590128525348 radius=4979.436051410139 next_radius=4979.436051410139 lambda=2.208525303690451e-07 next_lambda=2.208525303690451e-07 rho=0.47631632037182403 accept=1
CLASSICAL_LM o=119 lambda=2.208525303690451e-07 tau=2.208525303690451e-07 prediction=14.980972688433253 rho=0.47631632037182403 accept=1
  MFCG it 120 cost=2.515647e+05 lam=2.209e-07 tau=0.00e+00 cg_it=0 shift=0 ckpt=1 alpha=0 acc mv=348
PCG_PREP o=120 rebuild=1 drift=0 previous_depth=1
POINT_SAFE o=120 frozen=654 slope=-64.238101430786571 candidate=251690.94269333946 original=251557.61275918197 current=251564.67764279258 won=0 mode=1 camera_scale=1 keep_scale=0
ATTR_RADIUS o=120 raw_norm=6803.0641821203599 norm=1244.8590128525348 radius=4979.436051410139 next_radius=4979.436051410139 lambda=2.208525303690451e-07 next_lambda=2.208525303690451e-07 rho=0.48225471005053966 accept=1
CLASSICAL_LM o=120 lambda=2.208525303690451e-07 tau=2.208525303690451e-07 prediction=14.649693332951841 rho=0.48225471005053966 accept=1
  MFCG it 121 cost=2.515576e+05 lam=2.209e-07 tau=0.00e+00 cg_it=0 shift=0 ckpt=1 alpha=0 acc mv=350
PCG_PREP o=121 rebuild=1 drift=0 previous_depth=1
POINT_SAFE o=121 frozen=648 slope=-62.896111372111825 candidate=251682.08679582048 original=251550.6227616799 current=251557.61275918197 won=0 mode=1 camera_scale=1 keep_scale=0
ATTR_RADIUS o=121 raw_norm=6668.8590981451243 norm=1244.8590128525352 radius=4979.436051410139 next_radius=4979.436051410139 lambda=2.208525303690451e-07 next_lambda=2.208525303690451e-07 rho=0.48814065135584894 accept=1
CLASSICAL_LM o=121 lambda=2.208525303690451e-07 tau=2.208525303690451e-07 prediction=14.31963816709766 rho=0.48814065135584894 accept=1
  MFCG it 122 cost=2.515506e+05 lam=2.209e-07 tau=0.00e+00 cg_it=0 shift=0 ckpt=1 alpha=0 acc mv=352
PCG_PREP o=122 rebuild=1 drift=0 previous_depth=1
POINT_SAFE o=122 frozen=640 slope=-61.563016754124 candidate=251673.38935096521 original=251543.71044737517 current=251550.6227616799 won=0 mode=1 camera_scale=1 keep_scale=0
ATTR_RADIUS o=122 raw_norm=6539.809347476782 norm=1244.859012852535 radius=4979.436051410139 next_radius=4979.436051410139 lambda=2.208525303690451e-07 next_lambda=2.208525303690451e-07 rho=0.49398278159673203 accept=1
CLASSICAL_LM o=122 lambda=2.208525303690451e-07 tau=2.208525303690451e-07 prediction=13.993026806297992 rho=0.49398278159673203 accept=1
  MFCG it 123 cost=2.515437e+05 lam=2.209e-07 tau=0.00e+00 cg_it=0 shift=0 ckpt=1 alpha=0 acc mv=354
PCG_PREP o=123 rebuild=1 drift=0 previous_depth=1
ATTR_RADIUS o=123 raw_norm=4203.5991818106822 norm=4203.5991818106822 radius=4979.436051410139 next_radius=9958.8721028202781 lambda=2.208525303690451e-07 next_lambda=2.208525303690451e-07 rho=0.89077231848153016 accept=1
CLASSICAL_LM o=123 lambda=2.208525303690451e-07 tau=2.208525303690451e-07 prediction=123.26691782319375 rho=0.89077231848153016 accept=1
  MFCG it 124 cost=2.514339e+05 lam=2.209e-07 tau=0.00e+00 cg_it=1 shift=0 ckpt=2 alpha=0 acc mv=357
PCG_PREP o=124 rebuild=1 drift=0 previous_depth=2
POINT_SAFE o=124 frozen=322 slope=-91.49249961954618 candidate=251649.49846886282 original=251424.14706006867 current=251433.90768919373 won=0 mode=1 camera_scale=1 keep_scale=0
ATTR_RADIUS o=124 raw_norm=6027.3184185297987 norm=3013.6592092648993 radius=9958.8721028202781 next_radius=9958.8721028202781 lambda=2.208525303690451e-07 next_lambda=2.208525303690451e-07 rho=0.27627886665525836 accept=1
CLASSICAL_LM o=124 lambda=2.208525303690451e-07 tau=2.208525303690451e-07 prediction=35.32890243550623 rho=0.27627886665525836 accept=1
  MFCG it 125 cost=2.514241e+05 lam=2.209e-07 tau=0.00e+00 cg_it=0 shift=0 ckpt=1 alpha=0 acc mv=359
PCG_PREP o=125 rebuild=1 drift=0 previous_depth=1
POINT_SAFE o=125 frozen=238 slope=-83.032808879749055 candidate=251557.82936561207 original=251414.73794862672 current=251424.14706006867 won=0 mode=1 camera_scale=1 keep_scale=0
ATTR_RADIUS o=125 raw_norm=5105.0266940818419 norm=1276.2566735204605 radius=9958.8721028202781 next_radius=9958.8721028202781 lambda=2.208525303690451e-07 next_lambda=2.208525303690451e-07 rho=0.51324688228233528 accept=1
CLASSICAL_LM o=125 lambda=2.208525303690451e-07 tau=2.208525303690451e-07 prediction=18.332525275392022 rho=0.51324688228233528 accept=1
  MFCG it 126 cost=2.514147e+05 lam=2.209e-07 tau=0.00e+00 cg_it=0 shift=0 ckpt=1 alpha=0 acc mv=361
PCG_PREP o=126 rebuild=1 drift=0 previous_depth=1
POINT_SAFE o=126 frozen=236 slope=-68.632936346062138 candidate=251535.36529034469 original=251407.40389454801 current=251414.73794862672 won=0 mode=1 camera_scale=1 keep_scale=0
ATTR_RADIUS o=126 raw_norm=4928.0566397696794 norm=1232.0141599424198 radius=9958.8721028202781 next_radius=9958.8721028202781 lambda=2.208525303690451e-07 next_lambda=2.208525303690451e-07 rho=0.48325087603097788 accept=1
CLASSICAL_LM o=126 lambda=2.208525303690451e-07 tau=2.208525303690451e-07 prediction=15.176494120277418 rho=0.48325087603097788 accept=1
  MFCG it 127 cost=2.514074e+05 lam=2.209e-07 tau=0.00e+00 cg_it=0 shift=0 ckpt=1 alpha=0 acc mv=363
PCG_PREP o=127 rebuild=1 drift=0 previous_depth=1
POINT_SAFE o=127 frozen=234 slope=-58.155669092410612 candidate=251516.13833555221 original=251401.43844002197 current=251407.40389454801 won=0 mode=1 camera_scale=1 keep_scale=0
ATTR_RADIUS o=127 raw_norm=4769.1498600901095 norm=1192.2874650225274 radius=9958.8721028202781 next_radius=9958.8721028202781 lambda=2.208525303690451e-07 next_lambda=2.208525303690451e-07 rho=0.46344156637540124 accept=1
CLASSICAL_LM o=127 lambda=2.208525303690451e-07 tau=2.208525303690451e-07 prediction=12.87207483933298 rho=0.46344156637540124 accept=1
  MFCG it 128 cost=2.514014e+05 lam=2.209e-07 tau=0.00e+00 cg_it=0 shift=0 ckpt=1 alpha=0 acc mv=365
PCG_PREP o=128 rebuild=1 drift=0 previous_depth=1
POINT_SAFE o=128 frozen=228 slope=-50.186982199811396 candidate=251499.6695666122 original=251396.42134448027 current=251401.43844002197 won=0 mode=1 camera_scale=1 keep_scale=0
ATTR_RADIUS o=128 raw_norm=4626.6543656584645 norm=1156.6635914146161 radius=9958.8721028202781 next_radius=9958.8721028202781 lambda=2.208525303690451e-07 next_lambda=2.208525303690451e-07 rho=0.45122852508532818 accept=1
CLASSICAL_LM o=128 lambda=2.208525303690451e-07 tau=2.208525303690451e-07 prediction=11.11874640626761 rho=0.45122852508532818 accept=1
  MFCG it 129 cost=2.513964e+05 lam=2.209e-07 tau=0.00e+00 cg_it=0 shift=0 ckpt=1 alpha=0 acc mv=367
PCG_PREP o=129 rebuild=1 drift=0 previous_depth=1
POINT_SAFE o=129 frozen=213 slope=-43.905440356274234 candidate=251485.49983760659 original=251392.09291870779 current=251396.42134448027 won=0 mode=1 camera_scale=1 keep_scale=0
ATTR_RADIUS o=129 raw_norm=4498.731229951024 norm=1124.682807487756 radius=9958.8721028202781 next_radius=9958.8721028202781 lambda=2.208525303690451e-07 next_lambda=2.208525303690451e-07 rho=0.44441338648122447 accept=1
CLASSICAL_LM o=129 lambda=2.208525303690451e-07 tau=2.208525303690451e-07 prediction=9.7396385981073141 rho=0.44441338648122447 accept=1
  MFCG it 130 cost=2.513921e+05 lam=2.209e-07 tau=0.00e+00 cg_it=0 shift=0 ckpt=1 alpha=0 acc mv=369
PCG_PREP o=130 rebuild=1 drift=0 previous_depth=1
POINT_SAFE o=130 frozen=210 slope=-38.846605661044244 candidate=251473.24489874215 original=251388.28562597409 current=251392.09291870779 won=0 mode=1 camera_scale=1 keep_scale=0
ATTR_RADIUS o=130 raw_norm=4383.6713381465015 norm=1095.9178345366254 radius=9958.8721028202781 next_radius=9958.8721028202781 lambda=2.208525303690451e-07 next_lambda=2.208525303690451e-07 rho=0.44133474909737419 accept=1
CLASSICAL_LM o=130 lambda=2.208525303690451e-07 tau=2.208525303690451e-07 prediction=8.6267685503519616 rho=0.44133474909737419 accept=1
  MFCG it 131 cost=2.513883e+05 lam=2.209e-07 tau=0.00e+00 cg_it=0 shift=0 ckpt=1 alpha=0 acc mv=371
PCG_PREP o=131 rebuild=1 drift=0 previous_depth=1
POINT_SAFE o=131 frozen=210 slope=-34.685892042110488 candidate=251462.57214386467 original=251384.88595938348 current=251388.28562597409 won=0 mode=1 camera_scale=1 keep_scale=0
ATTR_RADIUS o=131 raw_norm=4279.8037401093534 norm=1069.9509350273383 radius=9958.8721028202781 next_radius=9958.8721028202781 lambda=2.208525303690451e-07 next_lambda=2.208525303690451e-07 rho=0.44086335803748183 accept=1
CLASSICAL_LM o=131 lambda=2.208525303690451e-07 tau=2.208525303690451e-07 prediction=7.7113838758336319 rho=0.44086335803748183 accept=1
  MFCG it 132 cost=2.513849e+05 lam=2.209e-07 tau=0.00e+00 cg_it=0 shift=0 ckpt=1 alpha=0 acc mv=373
PCG_PREP o=132 rebuild=1 drift=0 previous_depth=1
POINT_SAFE o=132 frozen=211 slope=-31.215484710525423 candidate=251453.21292324396 original=251381.81357418364 current=251384.88595938348 won=0 mode=1 camera_scale=1 keep_scale=0
ATTR_RADIUS o=132 raw_norm=4185.7017174790708 norm=1046.4254293697677 radius=9958.8721028202781 next_radius=9958.8721028202781 lambda=2.208525303690451e-07 next_lambda=2.208525303690451e-07 rho=0.44222978007528835 accept=1
CLASSICAL_LM o=132 lambda=2.208525303690451e-07 tau=2.208525303690451e-07 prediction=6.9474859863815519 rho=0.44222978007528835 accept=1
  MFCG it 133 cost=2.513818e+05 lam=2.209e-07 tau=0.00e+00 cg_it=0 shift=0 ckpt=1 alpha=0 acc mv=375
PCG_PREP o=133 rebuild=1 drift=0 previous_depth=1
POINT_SAFE o=133 frozen=214 slope=-28.288363485499566 candidate=251444.9421640262 original=251379.00914776363 current=251381.81357418364 won=0 mode=1 camera_scale=1 keep_scale=0
ATTR_RADIUS o=133 raw_norm=4100.0458147170175 norm=1025.0114536792544 radius=9958.8721028202781 next_radius=9958.8721028202781 lambda=2.208525303690451e-07 next_lambda=2.208525303690451e-07 rho=0.44494361297158597 accept=1
CLASSICAL_LM o=133 lambda=2.208525303690451e-07 tau=2.208525303690451e-07 prediction=6.3028804959909426 rho=0.44494361297158597 accept=1
  MFCG it 134 cost=2.513790e+05 lam=2.209e-07 tau=0.00e+00 cg_it=0 shift=0 ckpt=1 alpha=0 acc mv=377
PCG_PREP o=134 rebuild=1 drift=0 previous_depth=1
POINT_SAFE o=134 frozen=206 slope=-25.797195580353325 candidate=251437.57508853378 original=251376.42738267605 current=251379.00914776363 won=0 mode=1 camera_scale=1 keep_scale=0
ATTR_RADIUS o=134 raw_norm=4021.6610833794698 norm=1005.4152708448673 radius=9958.8721028202781 next_radius=9958.8721028202781 lambda=2.208525303690451e-07 next_lambda=2.208525303690451e-07 rho=0.4486890200088583 accept=1
CLASSICAL_LM o=134 lambda=2.208525303690451e-07 tau=2.208525303690451e-07 prediction=5.7540188693103396 rho=0.4486890200088583 accept=1
  MFCG it 135 cost=2.513764e+05 lam=2.209e-07 tau=0.00e+00 cg_it=0 shift=0 ckpt=1 alpha=0 acc mv=379
PCG_PREP o=135 rebuild=1 drift=0 previous_depth=1
POINT_SAFE o=135 frozen=208 slope=-23.660575862151514 candidate=251430.96120288974 original=251374.03282684417 current=251376.42738267605 won=0 mode=1 camera_scale=1 keep_scale=0
ATTR_RADIUS o=135 raw_norm=3949.5199756329507 norm=987.37999390823768 radius=9958.8721028202781 next_radius=9958.8721028202781 lambda=2.208525303690451e-07 next_lambda=2.208525303690451e-07 rho=0.45325385574308369 accept=1
CLASSICAL_LM o=135 lambda=2.208525303690451e-07 tau=2.208525303690451e-07 prediction=5.2830346648795086 rho=0.45325385574308369 accept=1
  MFCG it 136 cost=2.513740e+05 lam=2.209e-07 tau=0.00e+00 cg_it=0 shift=0 ckpt=1 alpha=0 acc mv=381
PCG_PREP o=136 rebuild=1 drift=0 previous_depth=1
POINT_SAFE o=136 frozen=205 slope=-21.815179137914392 candidate=251424.97916272745 original=251371.79724363182 current=251374.03282684417 won=0 mode=1 camera_scale=1 keep_scale=0
ATTR_RADIUS o=136 raw_norm=3882.7458138295124 norm=970.68645345737809 radius=9958.8721028202781 next_radius=9958.8721028202781 lambda=2.208525303690451e-07 next_lambda=2.208525303690451e-07 rho=0.45848506055467009 accept=1
CLASSICAL_LM o=136 lambda=2.208525303690451e-07 tau=2.208525303690451e-07 prediction=4.8760219354551291 rho=0.45848506055467009 accept=1
  MFCG it 137 cost=2.513718e+05 lam=2.209e-07 tau=0.00e+00 cg_it=0 shift=0 ckpt=1 alpha=0 acc mv=383
PCG_PREP o=137 rebuild=1 drift=0 previous_depth=1
POINT_SAFE o=137 frozen=202 slope=-20.210687815032234 candidate=251419.52743390755 original=251369.69779517813 current=251371.79724363182 won=0 mode=1 camera_scale=1 keep_scale=0
ATTR_RADIUS o=137 raw_norm=3820.5398558638312 norm=955.13496396595781 radius=9958.8721028202781 next_radius=9958.8721028202781 lambda=2.208525303690451e-07 next_lambda=2.208525303690451e-07 rho=0.46427987535467613 accept=1
CLASSICAL_LM o=137 lambda=2.208525303690451e-07 tau=2.208525303690451e-07 prediction=4.5219458458959885 rho=0.46427987535467613 accept=1
  MFCG it 138 cost=2.513697e+05 lam=2.209e-07 tau=0.00e+00 cg_it=0 shift=0 ckpt=1 alpha=0 acc mv=385
PCG_PREP o=138 rebuild=1 drift=0 previous_depth=1
POINT_SAFE o=138 frozen=193 slope=-18.806526980198552 candidate=251414.52732680447 original=251367.71594463801 current=251369.69779517813 won=0 mode=1 camera_scale=1 keep_scale=0
ATTR_RADIUS o=138 raw_norm=3762.2851997168191 norm=940.57129992920477 radius=9958.8721028202781 next_radius=9958.8721028202781 lambda=2.208525303690451e-07 next_lambda=2.208525303690451e-07 rho=0.47053544428478938 accept=1
CLASSICAL_LM o=138 lambda=2.208525303690451e-07 tau=2.208525303690451e-07 prediction=4.2119048930146397 rho=0.47053544428478938 accept=1
  MFCG it 139 cost=2.513677e+05 lam=2.209e-07 tau=0.00e+00 cg_it=0 shift=0 ckpt=1 alpha=0 acc mv=387
PCG_PREP o=139 rebuild=1 drift=0 previous_depth=1
POINT_SAFE o=139 frozen=198 slope=-17.570017483232558 candidate=251409.91133520787 original=251365.83646186543 current=251367.71594463801 won=0 mode=1 camera_scale=1 keep_scale=0
ATTR_RADIUS o=139 raw_norm=3707.3968214707847 norm=926.84920536769619 radius=9958.8721028202781 next_radius=9958.8721028202781 lambda=2.208525303690451e-07 next_lambda=2.208525303690451e-07 rho=0.47718346898830383 accept=1
CLASSICAL_LM o=139 lambda=2.208525303690451e-07 tau=2.208525303690451e-07 prediction=3.9387005098152659 rho=0.47718346898830383 accept=1
  MFCG it 140 cost=2.513658e+05 lam=2.209e-07 tau=0.00e+00 cg_it=0 shift=0 ckpt=1 alpha=0 acc mv=389
PCG_PREP o=140 rebuild=1 drift=0 previous_depth=1
POINT_SAFE o=140 frozen=208 slope=-16.474240915861888 candidate=251405.62630805359 original=251364.04681727922 current=251365.83646186543 won=0 mode=1 camera_scale=1 keep_scale=0
ATTR_RADIUS o=140 raw_norm=3655.4156059627016 norm=913.85390149067541 radius=9958.8721028202781 next_radius=9958.8721028202781 lambda=2.208525303690451e-07 next_lambda=2.208525303690451e-07 rho=0.4841537102989768 accept=1
CLASSICAL_LM o=140 lambda=2.208525303690451e-07 tau=2.208525303690451e-07 prediction=3.6964388543222135 rho=0.4841537102989768 accept=1
  MFCG it 141 cost=2.513640e+05 lam=2.209e-07 tau=0.00e+00 cg_it=0 shift=0 ckpt=1 alpha=0 acc mv=391
PCG_PREP o=141 rebuild=1 drift=0 previous_depth=1
POINT_SAFE o=141 frozen=214 slope=-15.495559653123825 candidate=251401.62941700037 original=251362.33668452178 current=251364.04681727922 won=0 mode=1 camera_scale=1 keep_scale=0
ATTR_RADIUS o=141 raw_norm=3605.9704271080932 norm=901.4926067770233 radius=9958.8721028202781 next_radius=9958.8721028202781 lambda=2.208525303690451e-07 next_lambda=2.208525303690451e-07 rho=0.49137762148329661 accept=1
CLASSICAL_LM o=141 lambda=2.208525303690451e-07 tau=2.208525303690451e-07 prediction=3.4802821346896726 rho=0.49137762148329661 accept=1
  MFCG it 142 cost=2.513623e+05 lam=2.209e-07 tau=0.00e+00 cg_it=0 shift=0 ckpt=1 alpha=0 acc mv=393
PCG_PREP o=142 rebuild=1 drift=0 previous_depth=1
POINT_SAFE o=142 frozen=219 slope=-14.619198603107774 candidate=251397.88468421841 original=251360.69749553455 current=251362.33668452178 won=0 mode=1 camera_scale=1 keep_scale=0
ATTR_RADIUS o=142 raw_norm=3558.7384990309947 norm=889.68462475774868 radius=9958.8721028202781 next_radius=9958.8721028202781 lambda=2.208525303690451e-07 next_lambda=2.208525303690451e-07 rho=0.49879931631037544 accept=1
CLASSICAL_LM o=142 lambda=2.208525303690451e-07 tau=2.208525303690451e-07 prediction=3.2862695148765377 rho=0.49879931631037544 accept=1
  MFCG: converged (OCA_FTOL: 8 outers < 1.0e-05 rel)
  [menu-backtrack] confirming stop with original retry policy at outer 143
  MFCG it 143 cost=2.513607e+05 lam=2.209e-07 tau=0.00e+00 cg_it=0 shift=0 ckpt=1 alpha=0 acc mv=395
PCG_PREP o=143 rebuild=1 drift=0 previous_depth=1
ATTR_RADIUS o=143 raw_norm=3513.4621132806883 norm=3513.4621132806883 radius=9958.8721028202781 next_radius=2489.7180257050695 lambda=2.208525303690451e-07 next_lambda=3.5336404859047215e-06 rho=-1 accept=0
CLASSICAL_LM o=143 lambda=2.208525303690451e-07 tau=2.208525303690451e-07 prediction=8.301914764734871 rho=-1 accept=0
  MFCG it 144  retry 1/8  lam=3.534e-06 tau_eff=2.209e-07  (assembly reused)
PCG_PREP o=143 rebuild=1 drift=0 previous_depth=1
ATTR_RADIUS o=143 raw_norm=303.74857361089647 norm=303.74857361089647 radius=2489.7180257050695 next_radius=2489.7180257050695 lambda=3.5336404859047215e-06 next_lambda=3.5336404859047218e-07 rho=1.0212480645569588 accept=1
CLASSICAL_LM o=143 lambda=3.5336404859047215e-06 tau=3.5336404859047215e-06 prediction=6.6246619073809265 rho=1.0212480645569588 accept=1
  MFCG it 144 cost=2.513539e+05 lam=3.534e-07 tau=0.00e+00 cg_it=0 shift=0 ckpt=1 alpha=0 acc mv=399
PCG_PREP o=144 rebuild=1 drift=0 previous_depth=1
ATTR_RADIUS o=144 raw_norm=2175.4239021485082 norm=2175.4239021485082 radius=2489.7180257050695 next_radius=4979.436051410139 lambda=3.5336404859047218e-07 next_lambda=2.208525303690451e-07 rho=0.89493888960846324 accept=1
CLASSICAL_LM o=144 lambda=3.5336404859047218e-07 tau=3.5336404859047218e-07 prediction=30.428518369813634 rho=0.89493888960846324 accept=1
  [menu-backtrack] rearmed after meaningful confirmation progress at outer 145
  MFCG it 145 cost=2.513267e+05 lam=2.209e-07 tau=0.00e+00 cg_it=5 shift=0 ckpt=6 alpha=0 acc mv=406
PCG_PREP o=145 rebuild=1 drift=0 previous_depth=6
POINT_SAFE o=145 frozen=107 slope=-10.338110458753116 candidate=251340.25825545241 original=251325.82467201666 current=251326.70040794098 won=0 mode=1 camera_scale=1 keep_scale=0
ATTR_RADIUS o=145 raw_norm=2798.8005926768815 norm=1399.4002963384407 radius=4979.436051410139 next_radius=1244.8590128525348 lambda=2.208525303690451e-07 next_lambda=3.5336404859047215e-06 rho=0.21365350222513618 accept=1
CLASSICAL_LM o=145 lambda=2.208525303690451e-07 tau=2.208525303690451e-07 prediction=4.0988606093358904 rho=0.21365350222513618 accept=1
  MFCG it 146 cost=2.513258e+05 lam=3.534e-06 tau=0.00e+00 cg_it=0 shift=0 ckpt=1 alpha=0 acc mv=408
PCG_PREP o=146 rebuild=1 drift=0 previous_depth=1
ATTR_RADIUS o=146 raw_norm=189.26256269318583 norm=189.26256269318583 radius=1244.8590128525348 next_radius=1244.8590128525348 lambda=3.5336404859047215e-06 next_lambda=3.5336404859047218e-07 rho=1.0065040926252735 accept=1
CLASSICAL_LM o=146 lambda=3.5336404859047215e-06 tau=3.5336404859047215e-06 prediction=4.8445205970946486 rho=1.0065040926252735 accept=1
  MFCG it 147 cost=2.513209e+05 lam=3.534e-07 tau=0.00e+00 cg_it=0 shift=0 ckpt=1 alpha=0 acc mv=410
PCG_PREP o=147 rebuild=1 drift=0 previous_depth=1
ATTR_RADIUS o=147 raw_norm=1717.4281839800799 norm=1244.8590128525348 radius=1244.8590128525348 next_radius=2489.7180257050695 lambda=3.5336404859047218e-07 next_lambda=2.208525303690451e-07 rho=0.97717450998434841 accept=1
CLASSICAL_LM o=147 lambda=3.5336404859047218e-07 tau=3.5336404859047218e-07 prediction=11.493725360675219 rho=0.97717450998434841 accept=1
  MFCG it 148 cost=2.513097e+05 lam=2.209e-07 tau=0.00e+00 cg_it=27 shift=0 ckpt=28 alpha=0 acc mv=439
PCG_PREP o=148 rebuild=1 drift=0 previous_depth=28
POINT_SAFE o=148 frozen=38 slope=-2.0989184361661057 candidate=251317.57255723837 original=251309.47091768496 current=251309.71726676167 won=0 mode=1 camera_scale=1 keep_scale=0
ATTR_RADIUS o=148 raw_norm=2297.7793564955618 norm=574.44483912389046 radius=2489.7180257050695 next_radius=2489.7180257050695 lambda=2.208525303690451e-07 next_lambda=2.208525303690451e-07 rho=0.49620557991302011 accept=1
CLASSICAL_LM o=148 lambda=2.208525303690451e-07 tau=2.208525303690451e-07 prediction=0.4964657526715488 rho=0.49620557991302011 accept=1
  MFCG it 149 cost=2.513095e+05 lam=2.209e-07 tau=0.00e+00 cg_it=0 shift=0 ckpt=1 alpha=0 acc mv=441
PCG_PREP o=149 rebuild=1 drift=0 previous_depth=1
POINT_SAFE o=149 frozen=37 slope=-2.1551840279880423 candidate=251316.90445902364 original=251309.22456662584 current=251309.47091768496 won=0 mode=1 camera_scale=1 keep_scale=0
ATTR_RADIUS o=149 raw_norm=2265.0387017441958 norm=566.25967543604895 radius=2489.7180257050695 next_radius=2489.7180257050695 lambda=2.208525303690451e-07 next_lambda=2.208525303690451e-07 rho=0.48526876786652728 accept=1
CLASSICAL_LM o=149 lambda=2.208525303690451e-07 tau=2.208525303690451e-07 prediction=0.50765900348754789 rho=0.48526876786652728 accept=1
  MFCG it 150 cost=2.513092e+05 lam=2.209e-07 tau=0.00e+00 cg_it=0 shift=0 ckpt=1 alpha=0 acc mv=443
PCG_PREP o=150 rebuild=1 drift=0 previous_depth=1
POINT_SAFE o=150 frozen=44 slope=-2.1937474087702435 candidate=251316.22771409262 original=251308.97487559673 current=251309.22456662584 won=0 mode=1 camera_scale=1 keep_scale=0
ATTR_RADIUS o=150 raw_norm=2231.7349850299743 norm=557.93374625749357 radius=2489.7180257050695 next_radius=2489.7180257050695 lambda=2.208525303690451e-07 next_lambda=2.208525303690451e-07 rho=0.48481050941523396 accept=1
CLASSICAL_LM o=150 lambda=2.208525303690451e-07 tau=2.208525303690451e-07 prediction=0.51502808676638057 rho=0.48481050941523396 accept=1
  MFCG it 151 cost=2.513090e+05 lam=2.209e-07 tau=0.00e+00 cg_it=0 shift=0 ckpt=1 alpha=0 acc mv=445
PCG_PREP o=151 rebuild=1 drift=0 previous_depth=1
POINT_SAFE o=151 frozen=46 slope=-2.2086141857035728 candidate=251315.55480421649 original=251308.72180133685 current=251308.97487559673 won=0 mode=1 camera_scale=1 keep_scale=0
ATTR_RADIUS o=151 raw_norm=2198.2071896486163 norm=549.55179741215409 radius=2489.7180257050695 next_radius=2489.7180257050695 lambda=2.208525303690451e-07 next_lambda=2.208525303690451e-07 rho=0.4892878929957023 accept=1
CLASSICAL_LM o=151 lambda=2.208525303690451e-07 tau=2.208525303690451e-07 prediction=0.51722976083897909 rho=0.4892878929957023 accept=1
  MFCG it 152 cost=2.513087e+05 lam=2.209e-07 tau=0.00e+00 cg_it=0 shift=0 ckpt=1 alpha=0 acc mv=447
PCG_PREP o=152 rebuild=1 drift=0 previous_depth=1
POINT_SAFE o=152 frozen=53 slope=-2.2003834518222694 candidate=251314.89492116874 original=251308.46671110831 current=251308.72180133685 won=0 mode=1 camera_scale=1 keep_scale=0
ATTR_RADIUS o=152 raw_norm=2164.7617737580595 norm=541.19044343951487 radius=2489.7180257050695 next_radius=2489.7180257050695 lambda=2.208525303690451e-07 next_lambda=2.208525303690451e-07 rho=0.49591197228375472 accept=1
CLASSICAL_LM o=152 lambda=2.208525303690451e-07 tau=2.208525303690451e-07 prediction=0.51438610640738913 rho=0.49591197228375472 accept=1
  MFCG it 153 cost=2.513085e+05 lam=2.209e-07 tau=0.00e+00 cg_it=0 shift=0 ckpt=1 alpha=0 acc mv=449
PCG_PREP o=153 rebuild=1 drift=0 previous_depth=1
POINT_SAFE o=153 frozen=55 slope=-2.1723628754601196 candidate=251314.25417552379 original=251308.21139778689 current=251308.46671110831 won=0 mode=1 camera_scale=1 keep_scale=0
ATTR_RADIUS o=153 raw_norm=2131.629205662688 norm=532.90730141567201 radius=2489.7180257050695 next_radius=2489.7180257050695 lambda=2.208525303690451e-07 next_lambda=2.208525303690451e-07 rho=0.50333356628104065 accept=1
CLASSICAL_LM o=153 lambda=2.208525303690451e-07 tau=2.208525303690451e-07 prediction=0.50724477469405671 rho=0.50333356628104065 accept=1
  MFCG it 154 cost=2.513082e+05 lam=2.209e-07 tau=0.00e+00 cg_it=0 shift=0 ckpt=1 alpha=0 acc mv=451
PCG_PREP o=154 rebuild=1 drift=0 previous_depth=1
POINT_SAFE o=154 frozen=47 slope=-2.128828459760431 candidate=251313.63623892088 original=251307.95760072119 current=251308.21139778689 won=0 mode=1 camera_scale=1 keep_scale=0
ATTR_RADIUS o=154 raw_norm=2098.9684411730423 norm=524.74211029326057 radius=2489.7180257050695 next_radius=2489.7180257050695 lambda=2.208525303690451e-07 next_lambda=2.208525303690451e-07 rho=0.51092600546324363 accept=1
CLASSICAL_LM o=154 lambda=2.208525303690451e-07 tau=2.208525303690451e-07 prediction=0.49673937710287752 rho=0.51092600546324363 accept=1
  MFCG it 155 cost=2.513080e+05 lam=2.209e-07 tau=0.00e+00 cg_it=0 shift=0 ckpt=1 alpha=0 acc mv=453
PCG_PREP o=155 rebuild=1 drift=0 previous_depth=1
POINT_SAFE o=155 frozen=37 slope=-2.0739080403379515 candidate=251313.04312647137 original=251307.70680327696 current=251307.95760072119 won=0 mode=1 camera_scale=1 keep_scale=0
ATTR_RADIUS o=155 raw_norm=2066.8851490546726 norm=516.72128726366816 radius=2489.7180257050695 next_radius=2489.7180257050695 lambda=2.208525303690451e-07 next_lambda=2.208525303690451e-07 rho=0.51841695834329815 accept=1
CLASSICAL_LM o=155 lambda=2.208525303690451e-07 tau=2.208525303690451e-07 prediction=0.48377554050004573 rho=0.51841695834329815 accept=1
  MFCG: converged (OCA_FTOL: 8 outers < 1.0e-05 rel)
  [menu-backtrack] confirming stop with original retry policy at outer 156
  MFCG it 156 cost=2.513077e+05 lam=2.209e-07 tau=0.00e+00 cg_it=0 shift=0 ckpt=1 alpha=0 acc mv=455
PCG_PREP o=156 rebuild=1 drift=0 previous_depth=1
ATTR_RADIUS o=156 raw_norm=2035.4511244346616 norm=2035.4511244346616 radius=2489.7180257050695 next_radius=622.42950642626738 lambda=2.208525303690451e-07 next_lambda=3.5336404859047215e-06 rho=-1 accept=0
CLASSICAL_LM o=156 lambda=2.208525303690451e-07 tau=2.208525303690451e-07 prediction=1.4730987398804367 rho=-1 accept=0
  MFCG it 157  retry 1/8  lam=3.534e-06 tau_eff=2.209e-07  (assembly reused)
PCG_PREP o=156 rebuild=1 drift=0 previous_depth=1
ATTR_RADIUS o=156 raw_norm=149.22316873923302 norm=149.22316873923302 radius=622.42950642626738 next_radius=622.42950642626738 lambda=3.5336404859047215e-06 next_lambda=3.5336404859047218e-07 rho=1.007439304473124 accept=1
CLASSICAL_LM o=156 lambda=3.5336404859047215e-06 tau=3.5336404859047215e-06 prediction=0.71880850057266277 rho=1.007439304473124 accept=1
  MFCG it 157 cost=2.513070e+05 lam=3.534e-07 tau=0.00e+00 cg_it=0 shift=0 ckpt=1 alpha=0 acc mv=459
PCG_PREP o=157 rebuild=1 drift=0 previous_depth=1
ATTR_RADIUS o=157 raw_norm=1193.877893690491 norm=622.42950642626749 radius=622.42950642626738 next_radius=1244.8590128525348 lambda=3.5336404859047218e-07 next_lambda=2.208525303690451e-07 rho=0.98933824334587539 accept=1
CLASSICAL_LM o=157 lambda=3.5336404859047218e-07 tau=3.5336404859047218e-07 prediction=1.1360411875248606 rho=0.98933824334587539 accept=1
  MFCG it 158 cost=2.513059e+05 lam=2.209e-07 tau=0.00e+00 cg_it=28 shift=0 ckpt=29 alpha=0 acc mv=489
PCG_PREP o=158 rebuild=1 drift=0 previous_depth=29
ATTR_RADIUS o=158 raw_norm=1845.8103909256922 norm=1244.859012852535 radius=1244.8590128525348 next_radius=311.21475321313369 lambda=2.208525303690451e-07 next_lambda=3.5336404859047215e-06 rho=-1 accept=0
CLASSICAL_LM o=158 lambda=2.208525303690451e-07 tau=2.208525303690451e-07 prediction=0.56547166353372957 rho=-1 accept=0
  MFCG it 159  retry 1/8  lam=3.534e-06 tau_eff=2.209e-07  (assembly reused)
PCG_PREP o=158 rebuild=1 drift=0 previous_depth=1
ATTR_RADIUS o=158 raw_norm=161.14660550817305 norm=161.14660550817305 radius=311.21475321313369 next_radius=311.21475321313369 lambda=3.5336404859047215e-06 next_lambda=3.5336404859047218e-07 rho=1.0291377949991607 accept=1
CLASSICAL_LM o=158 lambda=3.5336404859047215e-06 tau=3.5336404859047215e-06 prediction=0.16664030893849502 rho=1.0291377949991607 accept=1
  MFCG it 159 cost=2.513057e+05 lam=3.534e-07 tau=0.00e+00 cg_it=0 shift=0 ckpt=1 alpha=0 acc mv=493
PCG_PREP o=159 rebuild=1 drift=0 previous_depth=1
ATTR_RADIUS o=159 raw_norm=1121.3611500805976 norm=311.2147532131338 radius=311.21475321313369 next_radius=622.42950642626738 lambda=3.5336404859047218e-07 next_lambda=2.208525303690451e-07 rho=1.0097754445214497 accept=1
CLASSICAL_LM o=159 lambda=3.5336404859047218e-07 tau=3.5336404859047218e-07 prediction=0.29516347879504107 rho=1.0097754445214497 accept=1
  MFCG it 160 cost=2.513054e+05 lam=2.209e-07 tau=0.00e+00 cg_it=25 shift=0 ckpt=26 alpha=0 acc mv=520
PCG_PREP o=160 rebuild=1 drift=0 previous_depth=26
ATTR_RADIUS o=160 raw_norm=1774.4715887531206 norm=622.42950642626715 radius=622.42950642626738 next_radius=622.42950642626738 lambda=2.208525303690451e-07 next_lambda=2.208525303690451e-07 rho=0.70321053975980319 accept=1
CLASSICAL_LM o=160 lambda=2.208525303690451e-07 tau=2.208525303690451e-07 prediction=0.25472976423368704 rho=0.70321053975980319 accept=1
  MFCG it 161 cost=2.513052e+05 lam=2.209e-07 tau=0.00e+00 cg_it=0 shift=0 ckpt=1 alpha=0 acc mv=522
PCG_PREP o=161 rebuild=1 drift=0 previous_depth=1
ATTR_RADIUS o=161 raw_norm=1770.4696306312251 norm=622.42950642626727 radius=622.42950642626738 next_radius=622.42950642626738 lambda=2.208525303690451e-07 next_lambda=2.208525303690451e-07 rho=0.5187210856252078 accept=1
CLASSICAL_LM o=161 lambda=2.208525303690451e-07 tau=2.208525303690451e-07 prediction=0.29032198622983019 rho=0.5187210856252078 accept=1
  MFCG it 162 cost=2.513051e+05 lam=2.209e-07 tau=0.00e+00 cg_it=0 shift=0 ckpt=1 alpha=0 acc mv=524
PCG_PREP o=162 rebuild=1 drift=0 previous_depth=1
ATTR_RADIUS o=162 raw_norm=1770.4674883797438 norm=622.42950642626738 radius=622.42950642626738 next_radius=622.42950642626738 lambda=2.208525303690451e-07 next_lambda=2.208525303690451e-07 rho=0.44980554944336393 accept=1
CLASSICAL_LM o=162 lambda=2.208525303690451e-07 tau=2.208525303690451e-07 prediction=0.33492975436281514 rho=0.44980554944336393 accept=1
  MFCG it 163 cost=2.513049e+05 lam=2.209e-07 tau=0.00e+00 cg_it=0 shift=0 ckpt=1 alpha=0 acc mv=526
PCG_PREP o=163 rebuild=1 drift=0 previous_depth=1
ATTR_RADIUS o=163 raw_norm=1761.6579758577366 norm=622.42950642626761 radius=622.42950642626738 next_radius=622.42950642626738 lambda=2.208525303690451e-07 next_lambda=2.208525303690451e-07 rho=0.43351969681382652 accept=1
CLASSICAL_LM o=163 lambda=2.208525303690451e-07 tau=2.208525303690451e-07 prediction=0.37838115289447577 rho=0.43351969681382652 accept=1
  MFCG: converged (OCA_FTOL: 8 outers < 1.0e-05 rel)
  MFCG: accepts=164 rejects=5 total_matvecs=528 negcurv=1 cand_evals=169 mean_cg_per_outer=3.2
NUMERIC_REPAIR summary rebuilds=1 floor=2.208525303690451e-07
  [retry-cache] builds=170 reuses=0
  [menu-backtrack] trials=89 rescues=89 evals=245 total_scored=414
POINT_SAFE summary calls=89 evals=89 wins=6 frozen=32217 seconds=0.214202658
  [scoring] menu_evals=169 alpha_evals=0 backtrack_evals=245 total_scored=414
RESULT algo=mfree_shifted_cg iters=164 final_cost=251304.7447599394 solve_seconds=2.170327
DIAGNOSTICS median_reproj_err_px 3.252455 -> 0.362420 | cheirality_violations(obs) 0 -> 22 | cheirality_violations(pts, of 64053) 0 -> 11
