scene,arm,rep,representative,iteration,elapsed_s,cost,cost_over_target,cost_kind,event
dubrovnik-88,rayleigh,1,False,0,0.0,30562787.84723573,84.71073984021218,native,initial
dubrovnik-88,rayleigh,1,False,0,0.018472972000000004,30562787.84723573,84.71073984021218,native,setup_complete
dubrovnik-88,rayleigh,1,False,1,0.031572972000000005,2170136.3176783468,6.014956945142472,native,outer_complete
dubrovnik-88,rayleigh,1,False,2,0.046572972000000004,869310.8919025603,2.40946503873602,native,outer_complete
dubrovnik-88,rayleigh,1,False,3,0.070172972,567309.595504175,1.5724094213465787,native,outer_complete
dubrovnik-88,rayleigh,1,False,4,0.08017297200000001,400771.3914729765,1.1108162399372785,native,outer_complete
dubrovnik-88,rayleigh,1,False,5,0.101872972,372262.642319589,1.0317986697871488,native,outer_complete
dubrovnik-88,rayleigh,1,False,6,0.111372972,361580.3438373034,1.002190591749522,native,outer_complete
dubrovnik-88,rayleigh,1,False,7,0.143172972,360331.5483755182,0.9987293110572735,native,outer_complete
dubrovnik-88,rayleigh,1,False,7,0.143172972,360331.54837551824,0.9987293110572737,independent_fp64,audited_endpoint
dubrovnik-88,caspar32,1,False,0,0.0,30562758.0,84.71065711276489,native,initial
dubrovnik-88,caspar32,1,False,1,0.007793934,5429747.0,15.049605023409988,native,accepted
dubrovnik-88,caspar32,1,False,2,0.016852099,2120386.75,5.877066295054259,native,accepted
dubrovnik-88,caspar32,1,False,3,0.027355525,1277858.5,3.5418345828649387,native,accepted
dubrovnik-88,caspar32,1,False,4,0.037851351,914153.0,2.5337537054609194,native,accepted
dubrovnik-88,caspar32,1,False,5,0.048374697,730949.8125,2.0259702652923957,native,accepted
dubrovnik-88,caspar32,1,False,6,0.058880774,592170.875,1.6413173164637485,native,accepted
dubrovnik-88,caspar32,1,False,7,0.06938604,477589.34375,1.3237322083012486,native,accepted
dubrovnik-88,caspar32,1,False,8,0.079911035,407437.59375,1.1292929224190515,native,accepted
dubrovnik-88,caspar32,1,False,9,0.090415572,381836.40625,1.058334227657535,native,accepted
dubrovnik-88,caspar32,1,False,10,0.100922668,374567.375,1.038186686857692,native,accepted
dubrovnik-88,caspar32,1,False,11,0.111430794,371298.15625,1.0291254081420123,native,accepted
dubrovnik-88,caspar32,1,False,12,0.1219416,368925.96875,1.0225504268553205,native,accepted
dubrovnik-88,caspar32,1,False,13,0.132422506,365988.1875,1.0144077919484493,native,accepted
dubrovnik-88,caspar32,1,False,14,0.142940742,364015.65625,1.0089405360691546,native,accepted
dubrovnik-88,caspar32,1,False,15,0.153465228,363083.09375,1.0063557568364123,native,accepted
dubrovnik-88,caspar32,1,False,16,0.163973254,362757.8125,1.0054541762776827,native,accepted
dubrovnik-88,caspar32,1,False,17,0.17450097,362584.0625,1.0049725941942418,native,accepted
dubrovnik-88,caspar32,1,False,18,0.184988496,362416.4375,1.0045079887453967,native,accepted
dubrovnik-88,caspar32,1,False,19,0.195209792,362416.4375,1.0045079887453967,native,rejected
dubrovnik-88,caspar32,1,False,20,0.205463048,362416.4375,1.0045079887453967,native,rejected
dubrovnik-88,caspar32,1,False,21,0.215977434,362252.5625,1.004053777154468,native,accepted
dubrovnik-88,caspar32,1,False,22,0.22618105,362252.5625,1.004053777154468,native,rejected
dubrovnik-88,caspar32,1,False,23,0.236406235,362252.5625,1.004053777154468,native,rejected
dubrovnik-88,caspar32,1,False,24,0.246824411,362252.5625,1.004053777154468,native,rejected
dubrovnik-88,caspar32,1,False,25,0.257275427,362252.5625,1.004053777154468,native,rejected
dubrovnik-88,caspar32,1,False,26,0.267717143,362252.5625,1.004053777154468,native,rejected
dubrovnik-88,caspar32,1,False,27,0.278239679,362252.5625,1.004053777154468,native,rejected
dubrovnik-88,caspar32,1,False,28,0.288780046,362181.1875,1.0038559473921336,native,accepted
dubrovnik-88,caspar32,1,False,29,0.299564462,362100.6875,1.0036328259088703,native,accepted
dubrovnik-88,caspar32,1,False,30,0.310082538,362021.8125,1.0034142084307038,native,accepted
dubrovnik-88,caspar32,1,False,31,0.320591194,362021.8125,1.0034142084307038,native,rejected
dubrovnik-88,caspar32,1,False,32,0.33113608,361873.4375,1.003002958119161,native,accepted
dubrovnik-88,caspar32,1,False,33,0.341664566,361780.40625,1.0027451038273618,native,accepted
dubrovnik-88,caspar32,1,False,34,0.352190402,361780.40625,1.0027451038273618,native,rejected
dubrovnik-88,caspar32,1,False,35,0.362747168,361780.40625,1.0027451038273618,native,rejected
dubrovnik-88,caspar32,1,False,36,0.373281804,361665.125,1.0024255793119277,native,accepted
dubrovnik-88,caspar32,1,False,37,0.38380828,361601.375,1.0022488837273558,native,accepted
dubrovnik-88,caspar32,1,False,38,0.394344436,361527.8125,1.002044990881237,native,accepted
dubrovnik-88,caspar32,1,False,39,0.404932172,361441.9375,1.001806971534961,native,accepted
dubrovnik-88,caspar32,1,False,40,0.415480018,361334.59375,1.0015094473521156,native,accepted
dubrovnik-88,caspar32,1,False,41,0.426049944,361030.1875,1.000665725935785,native,accepted
dubrovnik-88,caspar32,1,False,42,0.43655821,360780.34375,0.9999732351521319,native,accepted
dubrovnik-88,caspar32,1,False,43,0.447118416,360709.8125,0.9997777440078286,native,accepted
dubrovnik-88,caspar32,1,False,44,0.457644683,360627.40625,0.9995493389801247,native,accepted
dubrovnik-88,caspar32,1,False,45,0.468166438,360528.40625,0.9992749411311423,native,accepted
dubrovnik-88,caspar32,1,False,46,0.478705605,360435.5,0.9990174333012737,native,accepted
dubrovnik-88,caspar32,1,False,47,0.489204961,360435.5,0.9990174333012737,native,rejected
dubrovnik-88,caspar32,1,False,48,0.499849297,360435.5,0.9990174333012737,native,rejected
dubrovnik-88,caspar32,1,False,49,0.510334893,360435.5,0.9990174333012737,native,rejected
dubrovnik-88,caspar32,1,False,50,0.520770599,360435.5,0.9990174333012737,native,rejected
dubrovnik-88,caspar32,1,False,51,0.531210085,360435.5,0.9990174333012737,native,rejected
dubrovnik-88,caspar32,1,False,52,0.541748271,360363.375,0.9988175247673561,native,accepted
dubrovnik-88,caspar32,1,False,52,0.541751111,360363.003388714,0.9988164947740477,independent_fp64,audited_endpoint
dubrovnik-88,caspar64,1,True,0,0.0,30562787.847235862,84.71073984021255,native,initial
dubrovnik-88,caspar64,1,True,1,0.014494418,5429594.447310742,15.049182193816161,native,accepted
dubrovnik-88,caspar64,1,True,2,0.0348812,2120312.8369190446,5.876861430504504,native,accepted
dubrovnik-88,caspar64,1,True,3,0.058583573,1277765.0813017339,3.541575654684545,native,accepted
dubrovnik-88,caspar64,1,True,4,0.082326687,914115.2719407143,2.5336491347708763,native,accepted
dubrovnik-88,caspar64,1,True,5,0.106112761,730940.6329260833,2.0259448223091905,native,accepted
dubrovnik-88,caspar64,1,True,6,0.129981684,592161.9684918699,1.6412926303357398,native,accepted
dubrovnik-88,caspar64,1,True,7,0.153675368,477583.54744128266,1.3237161426987831,native,accepted
dubrovnik-88,caspar64,1,True,8,0.177417151,407431.9639467381,1.1292773183189986,native,accepted
dubrovnik-88,caspar64,1,True,9,0.201122885,381832.8213131913,1.0583242913045143,native,accepted
dubrovnik-88,caspar64,1,True,10,0.224825699,374567.2508245525,1.03818634268117,native,accepted
dubrovnik-88,caspar64,1,True,11,0.248540012,371299.63193722925,1.0291294982975827,native,accepted
dubrovnik-88,caspar64,1,True,12,0.272249116,368926.3268906435,1.0225514195121106,native,accepted
dubrovnik-88,caspar64,1,True,13,0.29598522,365905.8360531409,1.0141795388183614,native,accepted
dubrovnik-88,caspar64,1,True,14,0.319702073,363984.14837808546,1.0088532058441104,native,accepted
dubrovnik-88,caspar64,1,True,15,0.343377287,363027.778375349,1.0062024394644944,native,accepted
dubrovnik-88,caspar64,1,True,16,0.36710055,362721.526061476,1.005353601321337,native,accepted
dubrovnik-88,caspar64,1,True,17,0.390827264,362546.0931520331,1.00486735472546,native,accepted
dubrovnik-88,caspar64,1,True,18,0.414529348,362374.0765499399,1.0043905770931005,native,accepted
dubrovnik-88,caspar64,1,True,19,0.438247571,362228.94897942356,1.0039883276670631,native,accepted
dubrovnik-88,caspar64,1,True,20,0.461894145,362228.94897942356,1.0039883276670631,native,rejected
dubrovnik-88,caspar64,1,True,21,0.485615228,362071.78104879084,1.003552706029744,native,accepted
dubrovnik-88,caspar64,1,True,22,0.509325362,361932.62775784585,1.0031670154871772,native,accepted
dubrovnik-88,caspar64,1,True,23,0.533039466,361734.16701476695,1.00261694274972,native,accepted
dubrovnik-88,caspar64,1,True,24,0.556757529,361464.01059654047,1.0018681514360828,native,accepted
dubrovnik-88,caspar64,1,True,25,0.580470603,361390.8503387674,1.001665373482912,native,accepted
dubrovnik-88,caspar64,1,True,26,0.604167546,361321.4173806622,1.0014729264692501,native,accepted
dubrovnik-88,caspar64,1,True,27,0.62813078,361254.1839913896,1.0012865759905007,native,accepted
dubrovnik-88,caspar64,1,True,28,0.651849694,361186.04577986937,1.0010977176200497,native,accepted
dubrovnik-88,caspar64,1,True,29,0.675542168,361117.2015277158,1.0009069023199917,native,accepted
dubrovnik-88,caspar64,1,True,30,0.699263221,361046.1949203303,1.0007100936297888,native,accepted
dubrovnik-88,caspar64,1,True,31,0.722983755,360959.8057761166,1.0004706492323379,native,accepted
dubrovnik-88,caspar64,1,True,32,0.746657118,360959.8057761166,1.0004706492323379,native,rejected
dubrovnik-88,caspar64,1,True,33,0.770324042,360959.8057761166,1.0004706492323379,native,rejected
dubrovnik-88,caspar64,1,True,34,0.794069916,360892.7771042605,1.0002848661679191,native,accepted
dubrovnik-88,caspar64,1,True,35,0.817759449,360245.32793409756,0.9984903342525855,native,accepted
dubrovnik-88,caspar64,1,True,35,0.817768839,360245.32793409715,0.9984903342525844,independent_fp64,audited_endpoint
dubrovnik-88,caspar32,2,True,0,0.0,30562760.0,84.71066265615578,native,initial
dubrovnik-88,caspar32,2,True,1,0.008216204,5429747.0,15.049605023409988,native,accepted
dubrovnik-88,caspar32,2,True,2,0.01725415,2120387.0,5.877066987978121,native,accepted
dubrovnik-88,caspar32,2,True,3,0.027796346,1277858.625,3.5418349293268694,native,accepted
dubrovnik-88,caspar32,2,True,4,0.038304492,914152.6875,2.5337528393060933,native,accepted
dubrovnik-88,caspar32,2,True,5,0.048856958,730949.625,2.0259697455995,native,accepted
dubrovnik-88,caspar32,2,True,6,0.059396444,592171.125,1.6413180093876094,native,accepted
dubrovnik-88,caspar32,2,True,7,0.06994643,477589.34375,1.3237322083012486,native,accepted
dubrovnik-88,caspar32,2,True,8,0.080470996,407437.03125,1.1292913633403643,native,accepted
dubrovnik-88,caspar32,2,True,9,0.091003162,381836.21875,1.058333707964639,native,accepted
dubrovnik-88,caspar32,2,True,10,0.101522168,374567.5,1.0381870333196226,native,accepted
dubrovnik-88,caspar32,2,True,11,0.112048254,371298.40625,1.0291261010658734,native,accepted
dubrovnik-88,caspar32,2,True,12,0.12261219,368922.78125,1.022541592076092,native,accepted
dubrovnik-88,caspar32,2,True,13,0.133178546,366032.46875,1.0145305260873407,native,accepted
dubrovnik-88,caspar32,2,True,14,0.143726792,364021.125,1.0089556937786153,native,accepted
dubrovnik-88,caspar32,2,True,15,0.154271468,363075.46875,1.0063346226586498,native,accepted
dubrovnik-88,caspar32,2,True,16,0.164793284,362760.90625,1.0054627512104635,native,accepted
dubrovnik-88,caspar32,2,True,17,0.17532453,362580.125,1.0049616806434298,native,accepted
dubrovnik-88,caspar32,2,True,18,0.185632436,362580.125,1.0049616806434298,native,rejected
dubrovnik-88,caspar32,2,True,19,0.196159282,362411.15625,1.0044933507288318,native,accepted
dubrovnik-88,caspar32,2,True,20,0.206467208,362411.15625,1.0044933507288318,native,rejected
dubrovnik-88,caspar32,2,True,21,0.216770724,362411.15625,1.0044933507288318,native,rejected
dubrovnik-88,caspar32,2,True,22,0.22725378,362411.15625,1.0044933507288318,native,rejected
dubrovnik-88,caspar32,2,True,23,0.237733576,362411.15625,1.0044933507288318,native,rejected
dubrovnik-88,caspar32,2,True,24,0.248231772,362411.15625,1.0044933507288318,native,rejected
dubrovnik-88,caspar32,2,True,25,0.258734538,362411.15625,1.0044933507288318,native,rejected
dubrovnik-88,caspar32,2,True,26,0.269279844,362310.59375,1.004214622105718,native,accepted
dubrovnik-88,caspar32,2,True,27,0.27980941,362209.53125,1.003934507634882,native,accepted
dubrovnik-88,caspar32,2,True,28,0.290339836,362119.5,1.0036849684294156,native,accepted
dubrovnik-88,caspar32,2,True,29,0.300848412,361949.5625,1.0032139534348556,native,accepted
dubrovnik-88,caspar32,2,True,30,0.311379918,361817.65625,1.0028483494826608,native,accepted
dubrovnik-88,caspar32,2,True,31,0.321909975,361672.71875,1.0024466268742076,native,accepted
dubrovnik-88,caspar32,2,True,32,0.332449261,361554.90625,1.0021200865046802,native,accepted
dubrovnik-88,caspar32,2,True,33,0.342914147,361554.90625,1.0021200865046802,native,rejected
dubrovnik-88,caspar32,2,True,34,0.353397693,361554.90625,1.0021200865046802,native,rejected
dubrovnik-88,caspar32,2,True,35,0.363855139,361554.90625,1.0021200865046802,native,rejected
dubrovnik-88,caspar32,2,True,36,0.374336075,361554.90625,1.0021200865046802,native,rejected
dubrovnik-88,caspar32,2,True,37,0.384850851,361478.65625,1.001908744727055,native,accepted
dubrovnik-88,caspar32,2,True,38,0.395408877,361407.78125,1.0017123008124427,native,accepted
dubrovnik-88,caspar32,2,True,39,0.405946023,361348.96875,1.0015492904741268,native,accepted
dubrovnik-88,caspar32,2,True,40,0.416467199,361254.1875,1.0012865857153002,native,accepted
dubrovnik-88,caspar32,2,True,41,0.427010065,361172.8125,1.001061038998523,native,accepted
dubrovnik-88,caspar32,2,True,42,0.437563631,360947.6875,1.000437061061633,native,accepted
dubrovnik-88,caspar32,2,True,43,0.448098607,360732.28125,0.9998400205398419,native,accepted
dubrovnik-88,caspar32,2,True,44,0.458610073,360658.03125,0.9996342221531053,native,accepted
dubrovnik-88,caspar32,2,True,45,0.469175219,360508.0,0.9992183812209828,native,accepted
dubrovnik-88,caspar32,2,True,46,0.479697195,360354.6875,0.9987934456631841,native,accepted
dubrovnik-88,caspar32,2,True,46,0.479699565,360354.376799531,0.9987925844961095,independent_fp64,audited_endpoint
dubrovnik-88,caspar64,2,False,0,0.0,30562787.847235862,84.71073984021255,native,initial
dubrovnik-88,caspar64,2,False,1,0.014143508,5429594.447310741,15.04918219381616,native,accepted
dubrovnik-88,caspar64,2,False,2,0.03452931,2120312.836919045,5.876861430504505,native,accepted
dubrovnik-88,caspar64,2,False,3,0.058226503,1277765.0813017339,3.541575654684545,native,accepted
dubrovnik-88,caspar64,2,False,4,0.081943407,914115.2719407151,2.5336491347708785,native,accepted
dubrovnik-88,caspar64,2,False,5,0.10564797,730940.6329260842,2.025944822309193,native,accepted
dubrovnik-88,caspar64,2,False,6,0.129331884,592161.96849187,1.64129263033574,native,accepted
dubrovnik-88,caspar64,2,False,7,0.153007478,477583.54744128237,1.3237161426987825,native,accepted
dubrovnik-88,caspar64,2,False,8,0.176703351,407431.96394673816,1.1292773183189986,native,accepted
dubrovnik-88,caspar64,2,False,9,0.200397655,381832.8213131916,1.058324291304515,native,accepted
dubrovnik-88,caspar64,2,False,10,0.224106718,374567.250824553,1.0381863426811713,native,accepted
dubrovnik-88,caspar64,2,False,11,0.247818982,371299.63193723036,1.0291294982975858,native,accepted
dubrovnik-88,caspar64,2,False,12,0.271527376,368926.3268906397,1.0225514195121002,native,accepted
dubrovnik-88,caspar64,2,False,13,0.295249279,365905.83605308953,1.0141795388182189,native,accepted
dubrovnik-88,caspar64,2,False,14,0.318934483,363984.14837808424,1.008853205844107,native,accepted
dubrovnik-88,caspar64,2,False,15,0.342665216,363027.77837462886,1.0062024394624984,native,accepted
dubrovnik-88,caspar64,2,False,16,0.36636477,362721.52606144757,1.0053536013212583,native,accepted
dubrovnik-88,caspar64,2,False,17,0.390077494,362546.0931519737,1.0048673547252953,native,accepted
dubrovnik-88,caspar64,2,False,18,0.413773087,362374.0765496673,1.004390577092345,native,accepted
dubrovnik-88,caspar64,2,False,19,0.437478551,362228.94898139936,1.0039883276725394,native,accepted
dubrovnik-88,caspar64,2,False,20,0.461141684,362228.94898139936,1.0039883276725394,native,rejected
dubrovnik-88,caspar64,2,False,21,0.484858538,362071.7810499932,1.0035527060330764,native,accepted
dubrovnik-88,caspar64,2,False,22,0.508540042,361932.62775468925,1.0031670154784282,native,accepted
dubrovnik-88,caspar64,2,False,23,0.532230535,361734.1668028319,1.0026169421623008,native,accepted
dubrovnik-88,caspar64,2,False,24,0.555949929,361464.009771915,1.0018681491504722,native,accepted
dubrovnik-88,caspar64,2,False,25,0.579644842,361390.84959091013,1.0016653714100794,native,accepted
dubrovnik-88,caspar64,2,False,26,0.603338466,361321.4166981213,1.0014729245774545,native,accepted
dubrovnik-88,caspar64,2,False,27,0.62708735,361254.18334107334,1.0012865741880221,native,accepted
dubrovnik-88,caspar64,2,False,28,0.650796453,361186.0452389089,1.001097716120672,native,accepted
dubrovnik-88,caspar64,2,False,29,0.674483797,361117.2011817504,1.0009069013610812,native,accepted
dubrovnik-88,caspar64,2,False,30,0.69818415,361046.19423949067,1.0007100917427088,native,accepted
dubrovnik-88,caspar64,2,False,31,0.721891454,360959.799892297,1.0004706329241817,native,accepted
dubrovnik-88,caspar64,2,False,32,0.745529878,360959.799892297,1.0004706329241817,native,rejected
dubrovnik-88,caspar64,2,False,33,0.769213041,360959.799892297,1.0004706329241817,native,rejected
dubrovnik-88,caspar64,2,False,34,0.792921005,360892.7183179506,1.0002847032301718,native,accepted
dubrovnik-88,caspar64,2,False,35,0.816590868,360245.24331562076,0.9984900997159388,native,accepted
dubrovnik-88,caspar64,2,False,35,0.816595998,360245.2433156204,0.9984900997159378,independent_fp64,audited_endpoint
dubrovnik-88,rayleigh,2,False,0,0.0,30562787.847235736,84.7107398402122,native,initial
dubrovnik-88,rayleigh,2,False,0,0.014907725999999996,30562787.847235736,84.7107398402122,native,setup_complete
dubrovnik-88,rayleigh,2,False,1,0.026807725999999997,2170136.3176783486,6.014956945142477,native,outer_complete
dubrovnik-88,rayleigh,2,False,2,0.040207726,869310.8919025601,2.4094650387360197,native,outer_complete
dubrovnik-88,rayleigh,2,False,3,0.061407725999999996,567309.5955041767,1.5724094213465831,native,outer_complete
dubrovnik-88,rayleigh,2,False,4,0.07050772599999999,400771.3914729761,1.1108162399372774,native,outer_complete
dubrovnik-88,rayleigh,2,False,5,0.090007726,372262.6423196575,1.0317986697873387,native,outer_complete
dubrovnik-88,rayleigh,2,False,6,0.099107726,361580.3438367538,1.0021905917479987,native,outer_complete
dubrovnik-88,rayleigh,2,False,7,0.131007726,360331.549258336,0.9987293135041757,native,outer_complete
dubrovnik-88,rayleigh,2,False,7,0.131007726,360331.54925833544,0.998729313504174,independent_fp64,audited_endpoint
dubrovnik-88,caspar64,3,False,0,0.0,30562787.847235862,84.71073984021255,native,initial
dubrovnik-88,caspar64,3,False,1,0.014544458,5429594.447310741,15.04918219381616,native,accepted
dubrovnik-88,caspar64,3,False,2,0.03488561,2120312.836919044,5.876861430504502,native,accepted
dubrovnik-88,caspar64,3,False,3,0.058558023,1277765.0813017334,3.5415756546845443,native,accepted
dubrovnik-88,caspar64,3,False,4,0.082265647,914115.2719407144,2.5336491347708767,native,accepted
dubrovnik-88,caspar64,3,False,5,0.106067601,730940.632926084,2.0259448223091923,native,accepted
dubrovnik-88,caspar64,3,False,6,0.129770074,592161.96849187,1.64129263033574,native,accepted
dubrovnik-88,caspar64,3,False,7,0.153473178,477583.547441283,1.3237161426987842,native,accepted
dubrovnik-88,caspar64,3,False,8,0.177175331,407431.963946738,1.1292773183189981,native,accepted
dubrovnik-88,caspar64,3,False,9,0.203906257,381832.8213131914,1.0583242913045146,native,accepted
dubrovnik-88,caspar64,3,False,10,0.22761544,374567.2508245529,1.038186342681171,native,accepted
dubrovnik-88,caspar64,3,False,11,0.251292094,371299.6319372298,1.0291294982975843,native,accepted
dubrovnik-88,caspar64,3,False,12,0.274998798,368926.326890642,1.0225514195121064,native,accepted
dubrovnik-88,caspar64,3,False,13,0.301181522,365905.83605314064,1.0141795388183605,native,accepted
dubrovnik-88,caspar64,3,False,14,0.324954666,363984.14837808564,1.008853205844111,native,accepted
dubrovnik-88,caspar64,3,False,15,0.34865082,363027.7783752596,1.0062024394642466,native,accepted
dubrovnik-88,caspar64,3,False,16,0.372351623,362721.52606147935,1.0053536013213464,native,accepted
dubrovnik-88,caspar64,3,False,17,0.396029067,362546.0931520182,1.0048673547254188,native,accepted
dubrovnik-88,caspar64,3,False,18,0.419716021,362374.0765498653,1.0043905770928938,native,accepted
dubrovnik-88,caspar64,3,False,19,0.443377124,362228.9489800827,1.0039883276688901,native,accepted
dubrovnik-88,caspar64,3,False,20,0.467047478,362228.9489800827,1.0039883276688901,native,rejected
dubrovnik-88,caspar64,3,False,21,0.490748691,362071.7810483524,1.0035527060285288,native,accepted
dubrovnik-88,caspar64,3,False,22,0.514419765,361932.6277530886,1.0031670154739916,native,accepted
dubrovnik-88,caspar64,3,False,23,0.538100509,361734.1668814525,1.002616942380213,native,accepted
dubrovnik-88,caspar64,3,False,24,0.561788582,361464.01007215935,1.001868149982658,native,accepted
dubrovnik-88,caspar64,3,False,25,0.585442506,361390.8498667117,1.0016653721745175,native,accepted
dubrovnik-88,caspar64,3,False,26,0.609070759,361321.4169462942,1.0014729252653143,native,accepted
dubrovnik-88,caspar64,3,False,27,0.632772553,361254.18359330087,1.00128657488712,native,accepted
dubrovnik-88,caspar64,3,False,28,0.656476577,361186.04553022736,1.001097716928118,native,accepted
dubrovnik-88,caspar64,3,False,29,0.68012459,361117.2015171721,1.000906902290768,native,accepted
dubrovnik-88,caspar64,3,False,30,0.703794594,361046.19492958626,1.0007100936554434,native,accepted
dubrovnik-88,caspar64,3,False,31,0.727496647,360959.8038077403,1.000470643776598,native,accepted
dubrovnik-88,caspar64,3,False,32,0.751161601,360959.8038077403,1.000470643776598,native,rejected
dubrovnik-88,caspar64,3,False,33,0.774772554,360959.8038077403,1.000470643776598,native,rejected
dubrovnik-88,caspar64,3,False,34,0.798489568,360892.7691476147,1.0002848441145202,native,accepted
dubrovnik-88,caspar64,3,False,35,0.822165472,360245.3124440302,0.9984902913188364,native,accepted
dubrovnik-88,caspar64,3,False,35,0.822171172,360245.31244402996,0.9984902913188357,independent_fp64,audited_endpoint
dubrovnik-88,rayleigh,3,True,0,0.0,30562787.847235736,84.7107398402122,native,initial
dubrovnik-88,rayleigh,3,True,0,0.015083936000000006,30562787.847235736,84.7107398402122,native,setup_complete
dubrovnik-88,rayleigh,3,True,1,0.027183936000000006,2170136.3176783505,6.014956945142482,native,outer_complete
dubrovnik-88,rayleigh,3,True,2,0.040683936000000004,869310.8919025598,2.409465038736019,native,outer_complete
dubrovnik-88,rayleigh,3,True,3,0.064183936,567309.5955041755,1.57240942134658,native,outer_complete
dubrovnik-88,rayleigh,3,True,4,0.07338393600000001,400771.391472976,1.1108162399372772,native,outer_complete
dubrovnik-88,rayleigh,3,True,5,0.09278393600000001,372262.6423195286,1.0317986697869816,native,outer_complete
dubrovnik-88,rayleigh,3,True,6,0.10188393600000001,361580.3438367647,1.002190591748029,native,outer_complete
dubrovnik-88,rayleigh,3,True,7,0.133883936,360331.5487480598,0.9987293120898454,native,outer_complete
dubrovnik-88,rayleigh,3,True,7,0.133883936,360331.5487480602,0.9987293120898465,independent_fp64,audited_endpoint
dubrovnik-88,caspar32,3,False,0,0.0,30562758.0,84.71065711276489,native,initial
dubrovnik-88,caspar32,3,False,1,0.008224614,5429748.0,15.049607795105432,native,accepted
dubrovnik-88,caspar32,3,False,2,0.01729317,2120387.0,5.877066987978121,native,accepted
dubrovnik-88,caspar32,3,False,3,0.027869186,1277858.75,3.5418352757887996,native,accepted
dubrovnik-88,caspar32,3,False,4,0.038427372,914152.625,2.5337526660751277,native,accepted
dubrovnik-88,caspar32,3,False,5,0.048973408,730949.6875,2.025969918830465,native,accepted
dubrovnik-88,caspar32,3,False,6,0.059517924,592170.9375,1.6413174896947136,native,accepted
dubrovnik-88,caspar32,3,False,7,0.07008179,477589.25,1.3237319484548007,native,accepted
dubrovnik-88,caspar32,3,False,8,0.080668036,407437.40625,1.1292924027261557,native,accepted
dubrovnik-88,caspar32,3,False,9,0.091463802,381836.28125,1.0583338811956045,native,accepted
dubrovnik-88,caspar32,3,False,10,0.102030878,374567.53125,1.0381871199351052,native,accepted
dubrovnik-88,caspar32,3,False,11,0.112599224,371298.0625,1.0291251482955643,native,accepted
dubrovnik-88,caspar32,3,False,12,0.12317375,368927.09375,1.0225535450126955,native,accepted
dubrovnik-88,caspar32,3,False,13,0.133712876,366034.34375,1.0145357230162986,native,accepted
dubrovnik-88,caspar32,3,False,14,0.144247342,364022.875,1.0089605442456429,native,accepted
dubrovnik-88,caspar32,3,False,15,0.154776939,363105.21875,1.0064170805981167,native,accepted
dubrovnik-88,caspar32,3,False,16,0.165335145,362768.34375,1.0054833656953301,native,accepted
dubrovnik-88,caspar32,3,False,17,0.175873771,362573.09375,1.0049421921598374,native,accepted
dubrovnik-88,caspar32,3,False,18,0.186436727,362397.65625,1.0044559328403342,native,accepted
dubrovnik-88,caspar32,3,False,19,0.196765653,362397.65625,1.0044559328403342,native,rejected
dubrovnik-88,caspar32,3,False,20,0.207068169,362397.65625,1.0044559328403342,native,rejected
dubrovnik-88,caspar32,3,False,21,0.217632124,362397.65625,1.0044559328403342,native,rejected
dubrovnik-88,caspar32,3,False,22,0.228133831,362397.65625,1.0044559328403342,native,rejected
dubrovnik-88,caspar32,3,False,23,0.238676517,362397.65625,1.0044559328403342,native,rejected
dubrovnik-88,caspar32,3,False,24,0.249232443,361718.0,1.0025721327085433,native,accepted
dubrovnik-88,caspar32,3,False,25,0.259751639,361386.90625,1.0016544416700437,native,accepted
dubrovnik-88,caspar32,3,False,26,0.270315305,361285.25,1.0013726815050377,native,accepted
dubrovnik-88,caspar32,3,False,27,0.280872621,361215.5,1.0011793557478001,native,accepted
dubrovnik-88,caspar32,3,False,28,0.291425817,361133.0,1.0009506908736483,native,accepted
dubrovnik-88,caspar32,3,False,29,0.301965923,361058.0,1.0007428137153285,native,accepted
dubrovnik-88,caspar32,3,False,30,0.312529159,360971.96875,1.000504361291639,native,accepted
dubrovnik-88,caspar32,3,False,31,0.323072735,360971.96875,1.000504361291639,native,rejected
dubrovnik-88,caspar32,3,False,32,0.333566481,360971.96875,1.000504361291639,native,rejected
dubrovnik-88,caspar32,3,False,33,0.344085167,360971.96875,1.000504361291639,native,rejected
dubrovnik-88,caspar32,3,False,34,0.354569623,360971.96875,1.000504361291639,native,rejected
dubrovnik-88,caspar32,3,False,35,0.365050229,360971.96875,1.000504361291639,native,rejected
dubrovnik-88,caspar32,3,False,36,0.375558065,360870.34375,1.0002226877421156,native,accepted
dubrovnik-88,caspar32,3,False,37,0.386127001,360818.25,1.000078299732566,native,accepted
dubrovnik-88,caspar32,3,False,38,0.396682518,360701.625,0.9997550507513786,native,accepted
dubrovnik-88,caspar32,3,False,39,0.407251964,360615.125,0.9995152990954498,native,accepted
dubrovnik-88,caspar32,3,False,40,0.417776339,360556.90625,0.9993539344513039,native,accepted
dubrovnik-88,caspar32,3,False,41,0.428335705,360496.21875,0.9991857271840301,native,accepted
dubrovnik-88,caspar32,3,False,42,0.438892162,360426.15625,0.9989915352719664,native,accepted
dubrovnik-88,caspar32,3,False,42,0.438895012,360426.12700829457,0.9989914542228646,independent_fp64,audited_endpoint
dubrovnik-356,rayleigh,1,False,0,0.0,105607568.23597296,145.86534132975828,native,initial
dubrovnik-356,rayleigh,1,False,0,0.015685009999999888,105607568.23597296,145.86534132975828,native,setup_complete
dubrovnik-356,rayleigh,1,False,1,0.048785009999999886,5015010.232860168,6.926740115385061,native,outer_complete
dubrovnik-356,rayleigh,1,False,2,0.0972850099999999,3338610.746942306,4.611294477321908,native,outer_complete
dubrovnik-356,rayleigh,1,False,3,0.1866850099999999,1304816.9582133421,1.8022152593966754,native,outer_complete
dubrovnik-356,rayleigh,1,False,4,0.21708500999999988,965497.561578072,1.333546768712199,native,outer_complete
dubrovnik-356,rayleigh,1,False,5,0.24708500999999988,822127.6098776135,1.1355239632396752,native,outer_complete
dubrovnik-356,rayleigh,1,False,6,0.5415850099999999,752020.84751027,1.0386923914778183,native,outer_complete
dubrovnik-356,rayleigh,1,False,7,0.5797850099999999,739182.8818566857,1.0209605728845188,native,outer_complete
dubrovnik-356,rayleigh,1,False,8,0.8754850099999999,736823.181451701,1.0177013509295165,native,outer_complete
dubrovnik-356,rayleigh,1,False,9,1.01938501,734264.4337766471,1.0141672045682966,native,outer_complete
dubrovnik-356,rayleigh,1,False,10,1.0581850099999999,732423.3094967043,1.0116242407825544,native,outer_complete
dubrovnik-356,rayleigh,1,False,11,1.35368501,730422.2256484628,1.0088603405864909,native,outer_complete
dubrovnik-356,rayleigh,1,False,12,1.39248501,729245.7288265914,1.0072353613036407,native,outer_complete
dubrovnik-356,rayleigh,1,False,13,1.43258501,728383.8836841555,1.006044979421218,native,outer_complete
dubrovnik-356,rayleigh,1,False,14,1.73048501,726968.495579031,1.0040900431177255,native,outer_complete
dubrovnik-356,rayleigh,1,False,15,1.77688501,726180.2126936358,1.0030012655418075,native,outer_complete
dubrovnik-356,rayleigh,1,False,16,1.81738501,725984.4161706041,1.0027308310725713,native,outer_complete
dubrovnik-356,rayleigh,1,False,17,1.8848850099999999,725199.4306321825,1.0016466077975412,native,outer_complete
dubrovnik-356,rayleigh,1,False,18,1.9214850099999998,724742.3771040828,1.0010153247370954,native,outer_complete
dubrovnik-356,rayleigh,1,False,19,1.96228501,724670.8984099486,1.0009165982509935,native,outer_complete
dubrovnik-356,rayleigh,1,False,20,2.00248501,724664.2865443437,1.0009074659316968,native,outer_complete
dubrovnik-356,rayleigh,1,False,21,2.04348501,724654.0396632953,1.0008933129232842,native,outer_complete
dubrovnik-356,rayleigh,1,False,22,2.08448501,724647.2064058378,1.0008838748172082,native,outer_complete
dubrovnik-356,rayleigh,1,False,23,2.12548501,724517.4584096873,1.0007046666784216,native,outer_complete
dubrovnik-356,rayleigh,1,False,24,2.1662850099999997,724441.0724884367,1.0005991623224164,native,outer_complete
dubrovnik-356,rayleigh,1,False,25,2.20568501,724382.6115710872,1.0005184160103284,native,outer_complete
dubrovnik-356,rayleigh,1,False,26,2.2453850099999997,724339.247395823,1.0004585213424364,native,outer_complete
dubrovnik-356,rayleigh,1,False,27,2.28638501,724307.3608988065,1.0004144796620074,native,outer_complete
dubrovnik-356,rayleigh,1,False,28,2.3274850099999997,724283.9649504395,1.0003821651408866,native,outer_complete
dubrovnik-356,rayleigh,1,False,29,2.36838501,724267.0380708851,1.0003587857079057,native,outer_complete
dubrovnik-356,rayleigh,1,False,30,2.40908501,724254.7558826822,1.0003418215300117,native,outer_complete
dubrovnik-356,rayleigh,1,False,31,2.44998501,724245.846860564,1.0003295163744828,native,outer_complete
dubrovnik-356,rayleigh,1,False,32,2.4907850099999997,724238.4385830424,1.000319284049779,native,outer_complete
dubrovnik-356,rayleigh,1,False,33,2.53168501,724231.8347940975,1.0003101628859778,native,outer_complete
dubrovnik-356,rayleigh,1,False,34,2.57268501,724222.9398899522,1.0002978772302156,native,outer_complete
dubrovnik-356,rayleigh,1,False,35,2.6136850099999998,724214.7580164437,1.0002865764135036,native,outer_complete
dubrovnik-356,rayleigh,1,False,36,2.6544850099999997,724207.1462141335,1.000276062980038,native,outer_complete
dubrovnik-356,rayleigh,1,False,37,2.69538501,724200.2134024538,1.000266487369512,native,outer_complete
dubrovnik-356,rayleigh,1,False,38,2.73638501,724188.1004071411,1.0002497568811073,native,outer_complete
dubrovnik-356,rayleigh,1,False,39,2.7771850099999997,724183.7557179575,1.0002437559894921,native,outer_complete
dubrovnik-356,rayleigh,1,False,40,2.81818501,724175.3234675892,1.000232109351863,native,outer_complete
dubrovnik-356,rayleigh,1,False,41,2.85898501,724163.4817523295,1.000215753555899,native,outer_complete
dubrovnik-356,rayleigh,1,False,42,2.89978501,724152.5941534247,1.0002007155869634,native,outer_complete
dubrovnik-356,rayleigh,1,False,43,2.9406850099999997,724142.4401275805,1.0001866908303065,native,outer_complete
dubrovnik-356,rayleigh,1,False,44,2.98168501,724133.0209964057,1.0001736811113366,native,outer_complete
dubrovnik-356,rayleigh,1,False,45,3.02248501,724124.2275289217,1.0001615355600522,native,outer_complete
dubrovnik-356,rayleigh,1,False,46,3.0633850099999997,724115.8848331826,1.0001500126154192,native,outer_complete
dubrovnik-356,rayleigh,1,False,47,3.10468501,724108.0189741793,1.000139148278445,native,outer_complete
dubrovnik-356,rayleigh,1,False,48,3.14558501,724100.5722633564,1.0001288628696043,native,outer_complete
dubrovnik-356,rayleigh,1,False,49,3.18638501,724093.427442671,1.0001189944319022,native,outer_complete
dubrovnik-356,rayleigh,1,False,50,3.2272850099999997,724086.5885931138,1.0001095486020093,native,outer_complete
dubrovnik-356,rayleigh,1,False,51,3.26838501,724080.0285834009,1.000100487906153,native,outer_complete
dubrovnik-356,rayleigh,1,False,52,3.3091850099999998,724073.6823081626,1.0000917224206933,native,outer_complete
dubrovnik-356,rayleigh,1,False,53,3.3493850099999998,724067.5496033715,1.0000832519190752,native,outer_complete
dubrovnik-356,rayleigh,1,False,54,3.38928501,724061.6008711758,1.0000750355206987,native,outer_complete
dubrovnik-356,rayleigh,1,False,55,3.42938501,724055.791104636,1.0000670110619072,native,outer_complete
dubrovnik-356,rayleigh,1,False,56,3.46878501,724050.1418547696,1.0000592083090005,native,outer_complete
dubrovnik-356,rayleigh,1,False,57,3.61268501,724050.1418547696,1.0000592083090005,native,outer_complete
dubrovnik-356,rayleigh,1,False,58,3.69808501,724043.489478937,1.000050020036913,native,outer_complete
dubrovnik-356,rayleigh,1,False,59,3.72528501,724027.3455060582,1.0000277219558784,native,outer_complete
dubrovnik-356,rayleigh,1,False,60,3.76698501,724023.8726074775,1.0000229251828312,native,outer_complete
dubrovnik-356,rayleigh,1,False,61,3.79418501,724015.6844673194,1.000011615710613,native,outer_complete
dubrovnik-356,rayleigh,1,False,62,3.83578501,724013.8984166031,1.0000091488145209,native,outer_complete
dubrovnik-356,rayleigh,1,False,63,3.86688501,724009.7286523604,1.0000033895295124,native,outer_complete
dubrovnik-356,rayleigh,1,False,64,3.9086850099999997,724008.8185256626,1.0000021324610688,native,outer_complete
dubrovnik-356,rayleigh,1,False,65,3.93588501,724006.6851233101,0.999999185802344,native,outer_complete
dubrovnik-356,rayleigh,1,False,65,3.93588501,724006.6851233088,0.9999991858023424,independent_fp64,audited_endpoint
dubrovnik-356,caspar32,1,False,0,0.0,105607584.0,145.86536310305752,native,initial
dubrovnik-356,caspar32,1,False,1,0.014696048,12983478.0,17.932800477762648,native,accepted
dubrovnik-356,caspar32,1,False,2,0.046047056,3660193.0,5.055464397067065,native,accepted
dubrovnik-356,caspar32,1,False,3,0.077058554,2474048.5,3.417159725830626,native,accepted
dubrovnik-356,caspar32,1,False,4,0.108113642,1585693.75,2.1901627312485337,native,accepted
dubrovnik-356,caspar32,1,False,5,0.13916812,1375898.25,1.9003928527435248,native,accepted
dubrovnik-356,caspar32,1,False,6,0.170218377,1242551.0,1.7162134188115432,native,accepted
dubrovnik-356,caspar32,1,False,7,0.201158375,1242551.0,1.7162134188115432,native,rejected
dubrovnik-356,caspar32,1,False,8,0.232164023,1242551.0,1.7162134188115432,native,rejected
dubrovnik-356,caspar32,1,False,9,0.263124611,1242551.0,1.7162134188115432,native,rejected
dubrovnik-356,caspar32,1,False,10,0.280805931,1242551.0,1.7162134188115432,native,rejected
dubrovnik-356,caspar32,1,False,11,0.287897505,1242276.5,1.7158342789746561,native,accepted
dubrovnik-356,caspar32,1,False,12,0.294965909,1242007.5,1.7154627357465229,native,accepted
dubrovnik-356,caspar32,1,False,13,0.303367774,1241437.0,1.7146747602385302,native,accepted
dubrovnik-356,caspar32,1,False,14,0.31444049,1241384.75,1.7146025924553703,native,accepted
dubrovnik-356,caspar32,1,False,15,0.324163776,1241384.75,1.7146025924553703,native,rejected
dubrovnik-356,caspar32,1,False,16,0.33123523,1240133.5,1.7128743639639137,native,accepted
dubrovnik-356,caspar32,1,False,17,0.338299144,1239893.75,1.712543220882334,native,accepted
dubrovnik-356,caspar32,1,False,18,0.345395318,1239539.875,1.7120544481691158,native,accepted
dubrovnik-356,caspar32,1,False,19,0.352456662,1239226.5,1.7116216141203564,native,accepted
dubrovnik-356,caspar32,1,False,20,0.359533576,1239005.75,1.7113167138690164,native,accepted
dubrovnik-356,caspar32,1,False,21,0.36660934,1238783.25,1.7110093965148911,native,accepted
dubrovnik-356,caspar32,1,False,22,0.373684294,1238579.75,1.710728321991006,native,accepted
dubrovnik-356,caspar32,1,False,23,0.380758508,1238375.5,1.7104462115659271,native,accepted
dubrovnik-356,caspar32,1,False,24,0.387833452,1238176.75,1.7101716977496018,native,accepted
dubrovnik-356,caspar32,1,False,25,0.394903006,1237975.875,1.7098942488798945,native,accepted
dubrovnik-356,caspar32,1,False,26,0.40196013,1237777.625,1.709620425664365,native,accepted
dubrovnik-356,caspar32,1,False,27,0.409036614,1237575.75,1.709341595593066,native,accepted
dubrovnik-356,caspar32,1,False,28,0.416098588,1237377.5,1.7090677723775365,native,accepted
dubrovnik-356,caspar32,1,False,29,0.423158823,1237175.625,1.7087889423062375,native,accepted
dubrovnik-356,caspar32,1,False,30,0.430224376,1236986.875,1.708528240505828,native,accepted
dubrovnik-356,caspar32,1,False,31,0.43728978,1236785.875,1.7082506189859217,native,accepted
dubrovnik-356,caspar32,1,False,32,0.444356524,1236599.125,1.7079926795886953,native,accepted
dubrovnik-356,caspar32,1,False,33,0.451424139,1236398.625,1.7077157486695846,native,accepted
dubrovnik-356,caspar32,1,False,34,0.458501623,1236214.5,1.7074614349265362,native,accepted
dubrovnik-356,caspar32,1,False,35,0.465553747,1236011.25,1.7071807057030488,native,accepted
dubrovnik-356,caspar32,1,False,36,0.472629571,1235826.875,1.7069260466596023,native,accepted
dubrovnik-356,caspar32,1,False,37,0.479707875,1235630.625,1.7066549858472562,native,accepted
dubrovnik-356,caspar32,1,False,38,0.486774739,1235449.75,1.7064051610093802,native,accepted
dubrovnik-356,caspar32,1,False,39,0.493852273,1235259.875,1.7061429053571802,native,accepted
dubrovnik-356,caspar32,1,False,40,0.500920247,1235081.25,1.7058961882228854,native,accepted
dubrovnik-356,caspar32,1,False,41,0.507973401,1234896.625,1.705641183879041,native,accepted
dubrovnik-356,caspar32,1,False,42,0.515037015,1234721.0,1.705398610349521,native,accepted
dubrovnik-356,caspar32,1,False,43,0.522114969,1234538.5,1.7051465410590587,native,accepted
dubrovnik-356,caspar32,1,False,44,0.529186183,1234365.5,1.7049075931837163,native,accepted
dubrovnik-356,caspar32,1,False,45,0.536276847,1234186.375,1.7046601854486256,native,accepted
dubrovnik-356,caspar32,1,False,46,0.543340191,1234012.5,1.704420029021891,native,accepted
dubrovnik-356,caspar32,1,False,47,0.550416716,1233836.375,1.7041767648915749,native,accepted
dubrovnik-356,caspar32,1,False,48,0.55759935,1233667.25,1.7039431691724,native,accepted
dubrovnik-356,caspar32,1,False,49,0.564668664,1233490.5,1.7036990417910893,native,accepted
dubrovnik-356,caspar32,1,False,50,0.571774528,1233322.5,1.7034669999237049,native,accepted
dubrovnik-356,caspar32,1,False,51,0.578844742,1233148.25,1.7032263255463733,native,accepted
dubrovnik-356,caspar32,1,False,52,0.585898966,1232981.875,1.702996528131575,native,accepted
dubrovnik-356,caspar32,1,False,53,0.59293909,1232809.625,1.7027586161574266,native,accepted
dubrovnik-356,caspar32,1,False,54,0.600007394,1232643.625,1.7025293366932253,native,accepted
dubrovnik-356,caspar32,1,False,55,0.607073988,1232473.75,1.7022947050728567,native,accepted
dubrovnik-356,caspar32,1,False,56,0.614128972,1232308.875,1.702066979460446,native,accepted
dubrovnik-356,caspar32,1,False,57,0.621217616,1232139.25,1.7018326931404753,native,accepted
dubrovnik-356,caspar32,1,False,58,0.62828309,1231976.75,1.7016082478818446,native,accepted
dubrovnik-356,caspar32,1,False,59,0.635346504,1231809.875,1.7013777598662507,native,accepted
dubrovnik-356,caspar32,1,False,60,0.642417108,1231647.875,1.7011540052084158,native,accepted
dubrovnik-356,caspar32,1,False,61,0.649487662,1231482.0,1.7009248983944134,native,accepted
dubrovnik-356,caspar32,1,False,62,0.656565346,1231321.375,1.700703042888767,native,accepted
dubrovnik-356,caspar32,1,False,63,0.66363703,1231155.5,1.7004739360747647,native,accepted
dubrovnik-356,caspar32,1,False,64,0.670707795,1230999.125,1.7002579506758824,native,accepted
dubrovnik-356,caspar32,1,False,65,0.677772549,1230833.125,1.700028671211681,native,accepted
dubrovnik-356,caspar32,1,False,66,0.684872093,1230676.75,1.6998126858127987,native,accepted
dubrovnik-356,caspar32,1,False,67,0.691943027,1230512.5,1.6995858234513828,native,accepted
dubrovnik-356,caspar32,1,False,68,0.699009191,1230358.75,1.6993734637066782,native,accepted
dubrovnik-356,caspar32,1,False,69,0.706058835,1230196.625,1.6991495363986444,native,accepted
dubrovnik-356,caspar32,1,False,70,0.713117029,1230044.25,1.6989390758061282,native,accepted
dubrovnik-356,caspar32,1,False,71,0.720173133,1229882.375,1.6987154937984923,native,accepted
dubrovnik-356,caspar32,1,False,72,0.727238597,1229729.0,1.6985036520043848,native,accepted
dubrovnik-356,caspar32,1,False,73,0.734322651,1229571.0,1.698285422152916,native,accepted
dubrovnik-356,caspar32,1,False,74,0.741389455,1229419.0,1.698075479510997,native,accepted
dubrovnik-356,caspar32,1,False,75,0.748467279,1229263.0,1.6978600120627114,native,accepted
dubrovnik-356,caspar32,1,False,76,0.755528353,1229111.5,1.697650760021588,native,accepted
dubrovnik-356,caspar32,1,False,77,0.762608867,1228955.75,1.6974356378737003,native,accepted
dubrovnik-356,caspar32,1,False,78,0.769689142,1228806.375,1.697229320885959,native,accepted
dubrovnik-356,caspar32,1,False,79,0.776747685,1228652.625,1.6970169611412544,native,accepted
dubrovnik-356,caspar32,1,False,80,0.78381737,1228503.125,1.6968104715033143,native,accepted
dubrovnik-356,caspar32,1,False,81,0.790892074,1228351.0,1.6966003562111962,native,accepted
dubrovnik-356,caspar32,1,False,82,0.797982887,1228203.0,1.6963959383756433,native,accepted
dubrovnik-356,caspar32,1,False,83,0.805044422,1228051.75,1.6961870316349177,native,accepted
dubrovnik-356,caspar32,1,False,84,0.812120226,1227906.375,1.6959862394535425,native,accepted
dubrovnik-356,caspar32,1,False,85,0.81918719,1227755.625,1.6957780233136128,native,accepted
dubrovnik-356,caspar32,1,False,86,0.826248274,1227609.5,1.6955761952310442,native,accepted
dubrovnik-356,caspar32,1,False,87,0.833321248,1227460.5,1.6953703961938997,native,accepted
dubrovnik-356,caspar32,1,False,88,0.840370962,1227316.5,1.695171503164713,native,accepted
dubrovnik-356,caspar32,1,False,89,0.847421076,1227167.875,1.6949662220781654,native,accepted
dubrovnik-356,caspar32,1,False,90,0.85449457,1227023.5,1.694766811098382,native,accepted
dubrovnik-356,caspar32,1,False,91,0.861582084,1226877.5,1.6945651556660122,native,accepted
dubrovnik-356,caspar32,1,False,92,0.868650528,1226734.375,1.6943674711882182,native,accepted
dubrovnik-356,caspar32,1,False,93,0.875718762,1226589.25,1.694167024307241,native,accepted
dubrovnik-356,caspar32,1,False,94,0.882787386,1226448.75,1.6939729654836249,native,accepted
dubrovnik-356,caspar32,1,False,95,0.88984657,1226303.0,1.693771655351653,native,accepted
dubrovnik-356,caspar32,1,False,96,0.897100344,1226162.5,1.693577596528037,native,accepted
dubrovnik-356,caspar32,1,False,97,0.904171208,1226018.75,1.6933790487992482,native,accepted
dubrovnik-356,caspar32,1,False,98,0.911247673,1225878.125,1.6931848173254331,native,accepted
dubrovnik-356,caspar32,1,False,99,0.918318697,1225736.0,1.6929885140492307,native,accepted
dubrovnik-356,caspar32,1,False,100,0.925391651,1225597.5,1.6927972176287978,native,accepted
dubrovnik-356,caspar32,1,False,101,0.932466405,1225454.375,1.6925995331510038,native,accepted
dubrovnik-356,caspar32,1,False,102,0.939525579,1225317.875,1.692410999133754,native,accepted
dubrovnik-356,caspar32,1,False,103,0.946585753,1225176.875,1.692216249709342,native,accepted
dubrovnik-356,caspar32,1,False,104,0.953645597,1225040.0,1.6920271977414953,native,accepted
dubrovnik-356,caspar32,1,False,105,0.960695171,1224899.75,1.6918334842182772,native,accepted
dubrovnik-356,caspar32,1,False,106,0.967759015,1224764.125,1.69164615875242,native,accepted
dubrovnik-356,caspar32,1,False,107,0.974809829,1224625.625,1.6914548623319872,native,accepted
dubrovnik-356,caspar32,1,False,108,0.981885043,1224490.375,1.6912680548167267,native,accepted
dubrovnik-356,caspar32,1,False,109,0.988933687,1224352.875,1.6910781395978853,native,accepted
dubrovnik-356,caspar32,1,False,110,0.996001001,1224219.375,1.6908937491854101,native,accepted
dubrovnik-356,caspar32,1,False,111,1.003062855,1224082.125,1.6907041792669668,native,accepted
dubrovnik-356,caspar32,1,False,112,1.010129729,1223948.125,1.690519098253696,native,accepted
dubrovnik-356,caspar32,1,False,113,1.017191993,1223811.875,1.690330909536844,native,accepted
dubrovnik-356,caspar32,1,False,114,1.024275668,1223679.75,1.6901484182765572,native,accepted
dubrovnik-356,caspar32,1,False,115,1.031337912,1223544.125,1.6899610928107,native,accepted
dubrovnik-356,caspar32,1,False,116,1.038395996,1223411.625,1.6897780835998166,native,accepted
dubrovnik-356,caspar32,1,False,117,1.04546942,1223277.875,1.6895933478869436,native,accepted
dubrovnik-356,caspar32,1,False,118,1.052518404,1223146.875,1.6894124104784474,native,accepted
dubrovnik-356,caspar32,1,False,119,1.059579838,1223013.625,1.6892283653663702,native,accepted
dubrovnik-356,caspar32,1,False,120,1.066663042,1222882.375,1.6890470826574762,native,accepted
dubrovnik-356,caspar32,1,False,121,1.073729356,1222752.25,1.6888673538003727,native,accepted
dubrovnik-356,caspar32,1,False,122,1.08080944,1222621.75,1.6886871069926723,native,accepted
dubrovnik-356,caspar32,1,False,123,1.087892074,1222490.75,1.688506169584176,native,accepted
dubrovnik-356,caspar32,1,False,124,1.094940038,1222362.0,1.688328339879261,native,accepted
dubrovnik-356,caspar32,1,False,125,1.102000462,1222230.75,1.688147057170367,native,accepted
dubrovnik-356,caspar32,1,False,126,1.111465387,1222102.875,1.6879704360168444,native,accepted
dubrovnik-356,caspar32,1,False,127,1.118536242,1221972.75,1.6877907071597409,native,accepted
dubrovnik-356,caspar32,1,False,128,1.125589346,1221845.625,1.687615121907412,native,accepted
dubrovnik-356,caspar32,1,False,129,1.13266391,1221716.875,1.687437292202497,native,accepted
dubrovnik-356,caspar32,1,False,130,1.139750654,1221589.625,1.6872615342999693,native,accepted
dubrovnik-356,caspar32,1,False,131,1.146831408,1221461.375,1.6870843951958499,native,accepted
dubrovnik-356,caspar32,1,False,132,1.153880782,1221334.875,1.6869096731945157,native,accepted
dubrovnik-356,caspar32,1,False,133,1.160924966,1221208.0,1.6867344332425849,native,accepted
dubrovnik-356,caspar32,1,False,134,1.16798945,1221083.25,1.686562128344036,native,accepted
dubrovnik-356,caspar32,1,False,135,1.175062134,1220956.0,1.6863863704415083,native,accepted
dubrovnik-356,caspar32,1,False,136,1.182121168,1220830.625,1.6862132022919647,native,accepted
dubrovnik-356,caspar32,1,False,137,1.189168262,1220705.25,1.686040034142421,native,accepted
dubrovnik-356,caspar32,1,False,138,1.196259436,1220581.5,1.685869110445464,native,accepted
dubrovnik-356,caspar32,1,False,139,1.20331673,1220456.375,1.6856962875963182,native,accepted
dubrovnik-356,caspar32,1,False,140,1.210393614,1220333.25,1.6855262271503557,native,accepted
dubrovnik-356,caspar32,1,False,141,1.217471648,1220209.375,1.6853551308031995,native,accepted
dubrovnik-356,caspar32,1,False,142,1.224537132,1220085.625,1.6851842071062424,native,accepted
dubrovnik-356,caspar32,1,False,143,1.231826637,1219962.125,1.6850136287096829,native,accepted
dubrovnik-356,caspar32,1,False,144,1.238903261,1219840.5,1.6848456400661078,native,accepted
dubrovnik-356,caspar32,1,False,145,1.245965555,1219716.5,1.6846743710687526,native,accepted
dubrovnik-356,caspar32,1,False,146,1.253060079,1219595.125,1.6845067277255754,native,accepted
dubrovnik-356,caspar32,1,False,147,1.260126483,1219473.625,1.6843389117321992,native,accepted
dubrovnik-356,caspar32,1,False,148,1.267200327,1219352.125,1.684171095738823,native,accepted
dubrovnik-356,caspar32,1,False,149,1.274270821,1219230.125,1.684002589144651,native,accepted
dubrovnik-356,caspar32,1,False,150,1.281336365,1219110.875,1.6838378808548558,native,accepted
dubrovnik-356,caspar32,1,False,151,1.288402199,1218990.375,1.683671446063071,native,accepted
dubrovnik-356,caspar32,1,False,152,1.295471323,1218869.25,1.6835041480202917,native,accepted
dubrovnik-356,caspar32,1,False,153,1.302542057,1218749.5,1.6833387491297007,native,accepted
dubrovnik-356,caspar32,1,False,154,1.309614011,1218630.25,1.6831740408399056,native,accepted
dubrovnik-356,caspar32,1,False,155,1.316674195,1218510.625,1.6830088145995137,native,accepted
dubrovnik-356,caspar32,1,False,156,1.32373586,1218392.875,1.6828461781121058,native,accepted
dubrovnik-356,caspar32,1,False,157,1.330808324,1218272.75,1.682680261270918,native,accepted
dubrovnik-356,caspar32,1,False,158,1.337870098,1218155.25,1.6825179700839081,native,accepted
dubrovnik-356,caspar32,1,False,159,1.344937362,1218036.0,1.682353261794113,native,accepted
dubrovnik-356,caspar32,1,False,160,1.352006926,1217919.75,1.6821926971090926,native,accepted
dubrovnik-356,caspar32,1,False,161,1.35907645,1217802.375,1.6820305785722816,native,accepted
dubrovnik-356,caspar32,1,False,162,1.366129714,1217685.0,1.6818684600354705,native,accepted
dubrovnik-356,caspar32,1,False,163,1.373208658,1217568.375,1.6817073773998532,native,accepted
dubrovnik-356,caspar32,1,False,164,1.380258342,1217450.875,1.6815450862128434,native,accepted
dubrovnik-356,caspar32,1,False,165,1.387328886,1217334.75,1.681384694178022,native,accepted
dubrovnik-356,caspar32,1,False,166,1.39439347,1217218.75,1.6812244747933993,native,accepted
dubrovnik-356,caspar32,1,False,167,1.401461414,1217101.875,1.6810630468573842,native,accepted
dubrovnik-356,caspar32,1,False,168,1.408541118,1216987.125,1.6809045539747511,native,accepted
dubrovnik-356,caspar32,1,False,169,1.415607132,1216871.0,1.6807441619399295,native,accepted
dubrovnik-356,caspar32,1,False,170,1.422693846,1216757.375,1.680587222909087,native,accepted
dubrovnik-356,caspar32,1,False,171,1.42978172,1216642.875,1.6804290753268518,native,accepted
dubrovnik-356,caspar32,1,False,172,1.436839965,1216528.5,1.6802711003948156,native,accepted
dubrovnik-356,caspar32,1,False,173,1.443898269,1216414.375,1.6801134707631773,native,accepted
dubrovnik-356,caspar32,1,False,174,1.450956762,1216300.75,1.6799565317323346,native,accepted
dubrovnik-356,caspar32,1,False,175,1.458038357,1216186.625,1.6797989021006963,native,accepted
dubrovnik-356,caspar32,1,False,176,1.465088721,1216073.375,1.6796424810204504,native,accepted
dubrovnik-356,caspar32,1,False,177,1.472171835,1215959.625,1.679485369339409,native,accepted
dubrovnik-356,caspar32,1,False,178,1.479237839,1215848.625,1.6793320559627443,native,accepted
dubrovnik-356,caspar32,1,False,179,1.486315243,1215734.375,1.6791742536809071,native,accepted
dubrovnik-356,caspar32,1,False,180,1.493397177,1215623.125,1.6790205950038444,native,accepted
dubrovnik-356,caspar32,1,False,181,1.500456001,1215511.375,1.6788662457259862,native,accepted
dubrovnik-356,caspar32,1,False,182,1.507530065,1215399.875,1.6787122417485256,native,accepted
dubrovnik-356,caspar32,1,False,183,1.514607869,1215288.25,1.6785580651208662,native,accepted
dubrovnik-356,caspar32,1,False,184,1.521690073,1215176.875,1.6784042337936047,native,accepted
dubrovnik-356,caspar32,1,False,185,1.528749977,1215066.25,1.6782514383675369,native,accepted
dubrovnik-356,caspar32,1,False,186,1.535815131,1214955.375,1.6780982976410712,native,accepted
dubrovnik-356,caspar32,1,False,187,1.542883005,1214844.75,1.6779455022150032,native,accepted
dubrovnik-356,caspar32,1,False,188,1.549947899,1214734.125,1.6777927067889353,native,accepted
dubrovnik-356,caspar32,1,False,189,1.557017523,1214623.875,1.6776404293134644,native,accepted
dubrovnik-356,caspar32,1,False,190,1.564217747,1214515.375,1.6774905689407786,native,accepted
dubrovnik-356,caspar32,1,False,191,1.571297902,1214406.875,1.677340708568093,native,accepted
dubrovnik-356,caspar32,1,False,192,1.578367406,1214296.5,1.677188258442423,native,accepted
dubrovnik-356,caspar32,1,False,193,1.58544419,1214187.875,1.6770382254195382,native,accepted
dubrovnik-356,caspar32,1,False,194,1.592515744,1214079.375,1.6768883650468525,native,accepted
dubrovnik-356,caspar32,1,False,195,1.599579228,1213970.375,1.676737814073371,native,accepted
dubrovnik-356,caspar32,1,False,196,1.606639722,1213862.0,1.6765881263508842,native,accepted
dubrovnik-356,caspar32,1,False,197,1.613728766,1213754.375,1.676439474529591,native,accepted
dubrovnik-356,caspar32,1,False,198,1.62081404,1213647.0,1.6762911680086958,native,accepted
dubrovnik-356,caspar32,1,False,199,1.627880074,1213539.25,1.6761423435372038,native,accepted
dubrovnik-356,caspar32,1,False,200,1.634950588,1213431.75,1.6759938643661096,native,accepted
dubrovnik-356,caspar32,1,False,201,1.642022222,1213324.75,1.6758460757958111,native,accepted
dubrovnik-356,caspar32,1,False,202,1.649070426,1213217.875,1.6756984598757116,native,accepted
dubrovnik-356,caspar32,1,False,203,1.65612898,1213111.25,1.6755511892560102,native,accepted
dubrovnik-356,caspar32,1,False,204,1.663193504,1213005.375,1.6754049545375023,native,accepted
dubrovnik-356,caspar32,1,False,205,1.670280498,1212898.75,1.6752576839178008,native,accepted
dubrovnik-356,caspar32,1,False,206,1.677348383,1212793.625,1.6751124851004866,native,accepted
dubrovnik-356,caspar32,1,False,207,1.684446116,1212685.875,1.6749636606289946,native,accepted
dubrovnik-356,caspar32,1,False,208,1.691521881,1212581.75,1.674819843013272,native,accepted
dubrovnik-356,caspar32,1,False,209,1.698572135,1212476.25,1.6746741262453608,native,accepted
dubrovnik-356,caspar32,1,False,210,1.705650809,1212371.25,1.6745291000782456,native,accepted
dubrovnik-356,caspar32,1,False,211,1.712727953,1212266.375,1.6743842465613292,native,accepted
dubrovnik-356,caspar32,1,False,212,1.719784177,1212162.0,1.6742400836452087,native,accepted
dubrovnik-356,caspar32,1,False,213,1.726846401,1212057.375,1.6740955754286904,native,accepted
dubrovnik-356,caspar32,1,False,214,1.733904825,1211952.875,1.673951239862371,native,accepted
dubrovnik-356,caspar32,1,False,215,1.740979759,1211848.25,1.6738067316458525,native,accepted
dubrovnik-356,caspar32,1,False,216,1.748033573,1211745.75,1.6736651584827162,native,accepted
dubrovnik-356,caspar32,1,False,217,1.755105247,1211642.0,1.6735218588175904,native,accepted
dubrovnik-356,caspar32,1,False,218,1.762172691,1211538.0,1.6733782138520668,native,accepted
dubrovnik-356,caspar32,1,False,219,1.769258805,1211435.875,1.6732371586395274,native,accepted
dubrovnik-356,caspar32,1,False,220,1.776327129,1211332.875,1.6730948948755953,native,accepted
dubrovnik-356,caspar32,1,False,221,1.783379873,1211230.0,1.6729528037618622,native,accepted
dubrovnik-356,caspar32,1,False,222,1.790435308,1211127.0,1.67281053999793,native,accepted
dubrovnik-356,caspar32,1,False,223,1.797493241,1211024.25,1.6726686215343958,native,accepted
dubrovnik-356,caspar32,1,False,224,1.804538305,1210922.375,1.6725279116222542,native,accepted
dubrovnik-356,caspar32,1,False,225,1.81159258,1210819.5,1.6723858205085211,native,accepted
dubrovnik-356,caspar32,1,False,226,1.818652064,1210718.125,1.6722458011971753,native,accepted
dubrovnik-356,caspar32,1,False,227,1.825718768,1210617.25,1.6721064724866253,native,accepted
dubrovnik-356,caspar32,1,False,228,1.832791292,1210516.0,1.6719666258254784,native,accepted
dubrovnik-356,caspar32,1,False,229,1.840105346,1210414.75,1.6718267791643315,native,accepted
dubrovnik-356,caspar32,1,False,230,1.84726299,1210314.125,1.6716877957541796,native,accepted
dubrovnik-356,caspar32,1,False,231,1.854348974,1210213.75,1.6715491576444252,native,accepted
dubrovnik-356,caspar32,1,False,232,1.861438648,1210111.75,1.6714082750820847,native,accepted
dubrovnik-356,caspar32,1,False,233,1.868507962,1210012.0,1.6712705002233252,native,accepted
dubrovnik-356,caspar32,1,False,234,1.875580206,1209911.5,1.671131689463372,native,accepted
dubrovnik-356,caspar32,1,False,235,1.88266709,1209812.5,1.6709949505058064,native,accepted
dubrovnik-356,caspar32,1,False,236,1.889750064,1209711.625,1.6708556217952564,native,accepted
dubrovnik-356,caspar32,1,False,237,1.896831118,1209612.375,1.6707185375372926,native,accepted
dubrovnik-356,caspar32,1,False,238,1.904107393,1209511.875,1.6705797267773395,native,accepted
dubrovnik-356,caspar32,1,False,239,1.913175888,1209413.75,1.6704441963711663,native,accepted
dubrovnik-356,caspar32,1,False,240,1.920264102,1209315.25,1.6703081480143962,native,accepted
dubrovnik-356,caspar32,1,False,241,1.927324186,1209216.25,1.6701714090568305,native,accepted
dubrovnik-356,caspar32,1,False,242,1.93441303,1209116.75,1.6700339794984689,native,accepted
dubrovnik-356,caspar32,1,False,243,1.941471094,1209019.0,1.6698989670428925,native,accepted
dubrovnik-356,caspar32,1,False,244,1.948543148,1208919.625,1.66976171013473,native,accepted
dubrovnik-356,caspar32,1,False,245,1.955610852,1208822.375,1.6696273882799493,native,accepted
dubrovnik-356,caspar32,1,False,246,1.962690906,1208724.875,1.669492721124771,native,accepted
dubrovnik-356,caspar32,1,False,247,1.96975744,1208627.375,1.6693580539695925,native,accepted
dubrovnik-356,caspar32,1,False,248,1.976847434,1208528.25,1.6692211423618277,native,accepted
dubrovnik-356,caspar32,1,False,249,1.983918839,1208432.0,1.6690882017086388,native,accepted
dubrovnik-356,caspar32,1,False,250,1.991009192,1208335.25,1.668954570454654,native,accepted
dubrovnik-356,caspar32,1,False,251,1.998062257,1208238.625,1.6688211118508682,native,accepted
dubrovnik-356,caspar32,1,False,252,2.005135811,1208141.625,1.6686871352964856,native,accepted
dubrovnik-356,caspar32,1,False,253,2.014196046,1208044.25,1.6685526407915061,native,accepted
dubrovnik-356,caspar32,1,False,254,2.0212858,1207949.0,1.6684210813399087,native,accepted
dubrovnik-356,caspar32,1,False,255,2.028418584,1207852.0,1.6682871047855259,native,accepted
dubrovnik-356,caspar32,1,False,256,2.035499798,1207755.5,1.6681538188319391,native,accepted
dubrovnik-356,caspar32,1,False,257,2.042568592,1207659.375,1.668021050828949,native,accepted
dubrovnik-356,caspar32,1,False,258,2.049666606,1207564.125,1.6678894913773517,native,accepted
dubrovnik-356,caspar32,1,False,259,2.05674242,1207468.375,1.6677572413249586,native,accepted
dubrovnik-356,caspar32,1,False,260,2.063799724,1207371.875,1.6676239553713716,native,accepted
dubrovnik-356,caspar32,1,False,261,2.070867218,1207277.625,1.6674937771213658,native,accepted
dubrovnik-356,caspar32,1,False,262,2.077952873,1207182.375,1.6673622176697684,native,accepted
dubrovnik-356,caspar32,1,False,263,2.085031217,1207086.875,1.667230312917773,native,accepted
dubrovnik-356,caspar32,1,False,264,2.092102241,1206993.375,1.667101170568961,native,accepted
dubrovnik-356,caspar32,1,False,265,2.099162865,1206899.0,1.6669708196687563,native,accepted
dubrovnik-356,caspar32,1,False,266,2.106224339,1206802.5,1.6668375337151693,native,accepted
dubrovnik-356,caspar32,1,False,267,2.114556893,1206709.875,1.66670959991775,native,accepted
dubrovnik-356,caspar32,1,False,268,2.121616187,1206614.5,1.6665778678159535,native,accepted
dubrovnik-356,caspar32,1,False,269,2.128670211,1206521.875,1.666449934018534,native,accepted
dubrovnik-356,caspar32,1,False,270,2.135761726,1206426.0,1.6663175113159419,native,accepted
dubrovnik-356,caspar32,1,False,271,2.14281848,1206333.625,1.6661899228189203,native,accepted
dubrovnik-356,caspar32,1,False,272,2.149888964,1206239.875,1.6660604351697101,native,accepted
dubrovnik-356,caspar32,1,False,273,2.156963978,1206146.875,1.665931983421694,native,accepted
dubrovnik-356,caspar32,1,False,274,2.164017822,1206052.625,1.665801805171688,native,accepted
dubrovnik-356,caspar32,1,False,275,2.171080056,1205960.25,1.6656742166746663,native,accepted
dubrovnik-356,caspar32,1,False,276,2.17814531,1205866.75,1.6655450743258542,native,accepted
dubrovnik-356,caspar32,1,False,277,2.185222554,1205775.0,1.6654183490798273,native,accepted
dubrovnik-356,caspar32,1,False,278,2.192276078,1205682.5,1.6652905879326068,native,accepted
dubrovnik-356,caspar32,1,False,279,2.199368182,1205589.875,1.6651626541351872,native,accepted
dubrovnik-356,caspar32,1,False,280,2.206429896,1205497.25,1.6650347203377678,native,accepted
dubrovnik-356,caspar32,1,False,281,2.21352438,1205404.125,1.6649060959395525,native,accepted
dubrovnik-356,caspar32,1,False,282,2.220604534,1205312.875,1.6647800612943213,native,accepted
dubrovnik-356,caspar32,1,False,283,2.227652768,1205220.75,1.6646528180976976,native,accepted
dubrovnik-356,caspar32,1,False,284,2.234736963,1205129.125,1.6645262655018696,native,accepted
dubrovnik-356,caspar32,1,False,285,2.241939716,1205038.625,1.6644012667578323,native,accepted
dubrovnik-356,caspar32,1,False,286,2.249032221,1204946.625,1.6642741962114074,native,accepted
dubrovnik-356,caspar32,1,False,287,2.256109665,1204855.625,1.6641485068665742,native,accepted
dubrovnik-356,caspar32,1,False,288,2.263181859,1204764.625,1.664022817521741,native,accepted
dubrovnik-356,caspar32,1,False,289,2.270234453,1204672.25,1.6638952290247193,native,accepted
dubrovnik-356,caspar32,1,False,290,2.277304067,1204581.75,1.663770230280682,native,accepted
dubrovnik-356,caspar32,1,False,291,2.284373321,1204491.625,1.6636457494872414,native,accepted
dubrovnik-356,caspar32,1,False,292,2.291426845,1204400.75,1.663520232792607,native,accepted
dubrovnik-356,caspar32,1,False,293,2.298492229,1204310.125,1.6633950613983708,native,accepted
dubrovnik-356,caspar32,1,False,294,2.305549313,1204219.25,1.6632695447037364,native,accepted
dubrovnik-356,caspar32,1,False,295,2.312613637,1204129.75,1.6631459271612907,native,accepted
dubrovnik-356,caspar32,1,False,296,2.319676641,1204040.625,1.6630228275694416,native,accepted
dubrovnik-356,caspar32,1,False,297,2.326750945,1203950.0,1.6628976561752054,native,accepted
dubrovnik-356,caspar32,1,False,298,2.333824499,1203861.125,1.662774901883754,native,accepted
dubrovnik-356,caspar32,1,False,299,2.340880173,1203771.0,1.6626504210903135,native,accepted
dubrovnik-356,caspar32,1,False,300,2.347950657,1203681.375,1.6625266308976687,native,accepted
dubrovnik-356,caspar32,1,False,301,2.354998712,1203592.0,1.6624031860054218,native,accepted
dubrovnik-356,caspar32,1,False,302,2.362056756,1203502.5,1.662279568462976,native,accepted
dubrovnik-356,caspar32,1,False,303,2.3691257,1203414.25,1.6621576774225195,native,accepted
dubrovnik-356,caspar32,1,False,304,2.376193464,1203324.25,1.662033369279278,native,accepted
dubrovnik-356,caspar32,1,False,305,2.383268258,1203236.375,1.6619119961894184,native,accepted
dubrovnik-356,caspar32,1,False,306,2.390340072,1203147.625,1.6617894145481662,native,accepted
dubrovnik-356,caspar32,1,False,307,2.397397056,1203060.125,1.6616685594089036,native,accepted
dubrovnik-356,caspar32,1,False,308,2.40447876,1202970.375,1.6615445965660598,native,accepted
dubrovnik-356,caspar32,1,False,309,2.411543734,1202883.75,1.6614249499781897,native,accepted
dubrovnik-356,caspar32,1,False,310,2.418618078,1202794.5,1.6613016777361418,native,accepted
dubrovnik-356,caspar32,1,False,311,2.425694162,1202708.25,1.6611825490988685,native,accepted
dubrovnik-356,caspar32,1,False,312,2.432770726,1202619.25,1.6610596221572185,native,accepted
dubrovnik-356,caspar32,1,False,313,2.43982269,1202532.0,1.6609391123183537,native,accepted
dubrovnik-356,caspar32,1,False,314,2.446894394,1202444.125,1.6608177392284942,native,accepted
dubrovnik-356,caspar32,1,False,315,2.453979308,1202357.375,1.660697919990425,native,accepted
dubrovnik-356,caspar32,1,False,316,2.461027642,1202270.25,1.6605775828017593,native,accepted
dubrovnik-356,caspar32,1,False,317,2.468089026,1202182.875,1.6604569003126954,native,accepted
dubrovnik-356,caspar32,1,False,318,2.4751605,1202096.0,1.6603369084244275,native,accepted
dubrovnik-356,caspar32,1,False,319,2.482227785,1202009.125,1.6602169165361595,native,accepted
dubrovnik-356,caspar32,1,False,320,2.489288269,1201923.25,1.6600983058494831,native,accepted
dubrovnik-356,caspar32,1,False,321,2.496340023,1201836.125,1.6599779686608174,native,accepted
dubrovnik-356,caspar32,1,False,322,2.503398847,1201748.0,1.6598562502705598,native,accepted
dubrovnik-356,caspar32,1,False,323,2.510475991,1201662.125,1.6597376395838834,native,accepted
dubrovnik-356,caspar32,1,False,324,2.517554755,1201576.625,1.6596195468478039,native,accepted
dubrovnik-356,caspar32,1,False,325,2.524608769,1201490.125,1.6595000729101328,native,accepted
dubrovnik-356,caspar32,1,False,326,2.531657913,1201403.875,1.6593809442728595,native,accepted
dubrovnik-356,caspar32,1,False,327,2.538871707,1201319.375,1.6592642327383715,native,accepted
dubrovnik-356,caspar32,1,False,328,2.545939811,1201232.875,1.6591447588007004,native,accepted
dubrovnik-356,caspar32,1,False,329,2.553017855,1201147.875,1.6590273566654168,native,accepted
dubrovnik-356,caspar32,1,False,330,2.560096039,1201061.625,1.6589082280281435,native,accepted
dubrovnik-356,caspar32,1,False,331,2.567162843,1200976.25,1.6587903079422628,native,accepted
dubrovnik-356,caspar32,1,False,332,2.574328757,1200890.625,1.6586720425559844,native,accepted
dubrovnik-356,caspar32,1,False,333,2.581390891,1200805.75,1.6585548130708996,native,accepted
dubrovnik-356,caspar32,1,False,334,2.588460775,1200720.625,1.658437238285417,native,accepted
dubrovnik-356,caspar32,1,False,335,2.59553021,1200636.25,1.6583206994011277,native,accepted
dubrovnik-356,caspar32,1,False,336,2.602590364,1200552.125,1.6582045058172366,native,accepted
dubrovnik-356,caspar32,1,False,337,2.609677528,1200467.75,1.6580879669329476,native,accepted
dubrovnik-356,caspar32,1,False,338,2.616758682,1200381.0,1.6579681476948787,native,accepted
dubrovnik-356,caspar32,1,False,339,2.623834266,1200298.5,1.6578541985635737,native,accepted
dubrovnik-356,caspar32,1,False,340,2.63092317,1200213.25,1.657736451127892,native,accepted
dubrovnik-356,caspar32,1,False,341,2.637983554,1200129.125,1.6576202575440009,native,accepted
dubrovnik-356,caspar32,1,False,342,2.645081798,1200045.375,1.6575045819107066,native,accepted
dubrovnik-356,caspar32,1,False,343,2.652157622,1199961.5,1.6573887336272133,native,accepted
dubrovnik-356,caspar32,1,False,344,2.659243586,1199876.875,1.6572718494425265,native,accepted
dubrovnik-356,caspar32,1,False,345,2.66631713,1199793.75,1.6571570370602269,native,accepted
dubrovnik-356,caspar32,1,False,346,2.673393424,1199710.875,1.657042569978325,native,accepted
dubrovnik-356,caspar32,1,False,347,2.680472678,1199627.75,1.6569277575960257,native,accepted
dubrovnik-356,caspar32,1,False,348,2.687540372,1199543.0,1.6568107007611397,native,accepted
dubrovnik-356,caspar32,1,False,349,2.694593407,1199460.375,1.656696578979636,native,accepted
dubrovnik-356,caspar32,1,False,350,2.701665451,1199377.0,1.6565814212969385,native,accepted
dubrovnik-356,caspar32,1,False,351,2.708734965,1199295.125,1.6564683354166285,native,accepted
dubrovnik-356,caspar32,1,False,352,2.715804069,1199212.375,1.6563540409849258,native,accepted
dubrovnik-356,caspar32,1,False,353,2.722871153,1199128.75,1.6562385380018303,native,accepted
dubrovnik-356,caspar32,1,False,354,2.729934577,1199046.625,1.6561251068211225,native,accepted
dubrovnik-356,caspar32,1,False,355,2.737009071,1198963.125,1.656009776488226,native,accepted
dubrovnik-356,caspar32,1,False,356,2.744088695,1198881.25,1.6558966906079158,native,accepted
dubrovnik-356,caspar32,1,False,357,2.751152959,1198798.625,1.655782568826412,native,accepted
dubrovnik-356,caspar32,1,False,358,2.758220153,1198717.0,1.6556698282464999,native,accepted
dubrovnik-356,caspar32,1,False,359,2.765268147,1198634.75,1.655556224415593,native,accepted
dubrovnik-356,caspar32,1,False,360,2.772333301,1198552.125,1.655442102634089,native,accepted
dubrovnik-356,caspar32,1,False,361,2.779412925,1198470.75,1.6553297073545747,native,accepted
dubrovnik-356,caspar32,1,False,362,2.786473999,1198388.25,1.65521575822327,native,accepted
dubrovnik-356,caspar32,1,False,363,2.793535733,1198308.375,1.6551054347461431,native,accepted
dubrovnik-356,caspar32,1,False,364,2.800592137,1198224.625,1.6549897591128488,native,accepted
dubrovnik-356,caspar32,1,False,365,2.807664241,1198144.5,1.6548790903353239,native,accepted
dubrovnik-356,caspar32,1,False,366,2.814740376,1198062.0,1.654765141204019,native,accepted
dubrovnik-356,caspar32,1,False,367,2.821802509,1197981.75,1.6546542997762952,native,accepted
dubrovnik-356,caspar32,1,False,368,2.828864174,1197900.125,1.654541559196383,native,accepted
dubrovnik-356,caspar32,1,False,369,2.835925298,1197819.125,1.6544296818674655,native,accepted
dubrovnik-356,caspar32,1,False,370,2.842990182,1197737.5,1.6543169412875534,native,accepted
dubrovnik-356,caspar32,1,False,371,2.850059296,1197656.75,1.6542054092590337,native,accepted
dubrovnik-356,caspar32,1,False,372,2.85715374,1197576.5,1.65409456783131,native,accepted
dubrovnik-356,caspar32,1,False,373,2.864202854,1197497.25,1.6539851076051777,native,accepted
dubrovnik-356,caspar32,1,False,374,2.871262208,1197415.125,1.6538716764244699,native,accepted
dubrovnik-356,caspar32,1,False,375,2.878337992,1197335.375,1.6537615255975417,native,accepted
dubrovnik-356,caspar32,1,False,376,2.885410636,1197253.625,1.6536486123674305,native,accepted
dubrovnik-356,caspar32,1,False,377,2.89248341,1197175.75,1.653541051293487,native,accepted
dubrovnik-356,caspar32,1,False,378,2.899549564,1197094.125,1.6534283107135745,native,accepted
dubrovnik-356,caspar32,1,False,379,2.906610138,1197014.5,1.6533183325368457,native,accepted
dubrovnik-356,caspar32,1,False,380,2.913866772,1196934.625,1.6532080090597185,native,accepted
dubrovnik-356,caspar32,1,False,381,2.920939056,1196854.625,1.6530975129323928,native,accepted
dubrovnik-356,caspar32,1,False,382,2.92801635,1196775.375,1.6529880527062606,native,accepted
dubrovnik-356,caspar32,1,False,383,2.935067805,1196695.5,1.6528777292291335,native,accepted
dubrovnik-356,caspar32,1,False,384,2.942154699,1196615.75,1.6527675784022056,native,accepted
dubrovnik-356,caspar32,1,False,385,2.949223263,1196536.75,1.6526584634764712,native,accepted
dubrovnik-356,caspar32,1,False,386,2.956294897,1196458.125,1.6525498665013336,native,accepted
dubrovnik-356,caspar32,1,False,387,2.963367131,1196378.875,1.6524404062752016,native,accepted
dubrovnik-356,caspar32,1,False,388,2.970415045,1196299.625,1.6523309460490694,native,accepted
dubrovnik-356,caspar32,1,False,389,2.977488619,1196221.625,1.6522232123249265,native,accepted
dubrovnik-356,caspar32,1,False,390,2.984561053,1196141.0,1.652111852946606,native,accepted
dubrovnik-356,caspar32,1,False,391,2.991612947,1196062.875,1.6520039465722642,native,accepted
dubrovnik-356,caspar32,1,False,392,2.998679681,1195984.125,1.6518951769469277,native,accepted
dubrovnik-356,caspar32,1,False,393,3.005760545,1195906.125,1.651787443222785,native,accepted
dubrovnik-356,caspar32,1,False,394,3.012837249,1195827.25,1.6516785009472497,native,accepted
dubrovnik-356,caspar32,1,False,395,3.019893303,1195748.375,1.6515695586717143,native,accepted
dubrovnik-356,caspar32,1,False,396,3.026954437,1195670.5,1.6514619975977705,native,accepted
dubrovnik-356,caspar32,1,False,397,3.034023091,1195591.5,1.651352882672036,native,accepted
dubrovnik-356,caspar32,1,False,398,3.041114075,1195514.5,1.651246530149485,native,accepted
dubrovnik-356,caspar32,1,False,399,3.048184539,1195436.125,1.6511382784747453,native,accepted
dubrovnik-356,caspar32,1,False,400,3.055238834,1195357.5,1.651029681499608,native,accepted
dubrovnik-356,caspar32,1,False,401,3.062311218,1195279.75,1.650922293075863,native,accepted
dubrovnik-356,caspar32,1,False,402,3.069369182,1195202.0,1.650814904652118,native,accepted
dubrovnik-356,caspar32,1,False,403,3.076436316,1195125.25,1.6507088974299648,native,accepted
dubrovnik-356,caspar32,1,False,404,3.08351036,1195046.375,1.6505999551544295,native,accepted
dubrovnik-356,caspar32,1,False,405,3.090573304,1194970.0,1.650494465882873,native,accepted
dubrovnik-356,caspar32,1,False,406,3.097650608,1194892.75,1.650387768059924,native,accepted
dubrovnik-356,caspar32,1,False,407,3.104707602,1194815.375,1.650280897586776,native,accepted
dubrovnik-356,caspar32,1,False,408,3.111778366,1194737.375,1.6501731638626331,native,accepted
dubrovnik-356,caspar32,1,False,409,3.11885084,1194660.875,1.650067501940878,native,accepted
dubrovnik-356,caspar32,1,False,410,3.125912544,1194583.625,1.6499608041179288,native,accepted
dubrovnik-356,caspar32,1,False,411,3.132986888,1194507.5,1.6498556601467702,native,accepted
dubrovnik-356,caspar32,1,False,412,3.140043232,1194430.75,1.649749652924617,native,accepted
dubrovnik-356,caspar32,1,False,413,3.147114926,1194354.625,1.6496445089534584,native,accepted
dubrovnik-356,caspar32,1,False,414,3.15419887,1194276.875,1.6495371205297136,native,accepted
dubrovnik-356,caspar32,1,False,415,3.161256055,1194201.375,1.6494328398095497,native,accepted
dubrovnik-356,caspar32,1,False,416,3.168312748,1194124.25,1.6493263146367996,native,accepted
dubrovnik-356,caspar32,1,False,417,3.175375143,1194047.25,1.6492199621142485,native,accepted
dubrovnik-356,caspar32,1,False,418,3.182459036,1193972.125,1.6491161993446815,native,accepted
dubrovnik-356,caspar32,1,False,419,3.189539811,1193895.375,1.6490101921225282,native,accepted
dubrovnik-356,caspar32,1,False,420,3.196602455,1193819.875,1.6489059114023643,native,accepted
dubrovnik-356,caspar32,1,False,421,3.203654349,1193743.375,1.6488002494806089,native,accepted
dubrovnik-356,caspar32,1,False,422,3.210723003,1193667.5,1.6486954508098484,native,accepted
dubrovnik-356,caspar32,1,False,423,3.217804867,1193592.5,1.6485918606904801,native,accepted
dubrovnik-356,caspar32,1,False,424,3.224873691,1193516.125,1.6484863714189237,native,accepted
dubrovnik-356,caspar32,1,False,425,3.231945215,1193441.125,1.6483827812995557,native,accepted
dubrovnik-356,caspar32,1,False,426,3.239006559,1193365.375,1.648278155278994,native,accepted
dubrovnik-356,caspar32,1,False,427,3.246207023,1193289.75,1.6481737019086313,native,accepted
dubrovnik-356,caspar32,1,False,428,3.253287517,1193214.125,1.6480692485382684,native,accepted
dubrovnik-356,caspar32,1,False,429,3.260345461,1193140.125,1.647967039620492,native,accepted
dubrovnik-356,caspar32,1,False,430,3.267407935,1193063.125,1.6478606870979409,native,accepted
dubrovnik-356,caspar32,1,False,431,3.274485939,1192989.125,1.6477584781801644,native,accepted
dubrovnik-356,caspar32,1,False,432,3.281554804,1192912.375,1.6476524709580112,native,accepted
dubrovnik-356,caspar32,1,False,433,3.288604177,1192839.125,1.6475512979414284,native,accepted
dubrovnik-356,caspar32,1,False,434,3.295680442,1192763.875,1.6474473625216624,native,accepted
dubrovnik-356,caspar32,1,False,435,3.302755126,1192689.5,1.647344635653289,native,accepted
dubrovnik-356,caspar32,1,False,436,3.30985948,1192614.0,1.6472403549331254,native,accepted
dubrovnik-356,caspar32,1,False,437,3.316922134,1192540.5,1.6471388366161446,native,accepted
dubrovnik-356,caspar32,1,False,438,3.323978118,1192464.875,1.6470343832457819,native,accepted
dubrovnik-356,caspar32,1,False,439,3.331040482,1192390.25,1.6469313110770107,native,accepted
dubrovnik-356,caspar32,1,False,440,3.338081426,1192316.25,1.6468291021592343,native,accepted
dubrovnik-356,caspar32,1,False,441,3.34512955,1192241.75,1.646726202640662,native,accepted
dubrovnik-356,caspar32,1,False,442,3.352195954,1192166.875,1.646622785171493,native,accepted
dubrovnik-356,caspar32,1,False,443,3.359235708,1192095.0,1.6465235113070986,native,accepted
dubrovnik-356,caspar32,1,False,444,3.366303862,1192020.25,1.6464202664881284,native,accepted
dubrovnik-356,caspar32,1,False,445,3.373374466,1191945.625,1.6463171943193573,native,accepted
dubrovnik-356,caspar32,1,False,446,3.38044567,1191872.125,1.6462156760023765,native,accepted
dubrovnik-356,caspar32,1,False,447,3.387508464,1191798.125,1.6461134670846,native,accepted
dubrovnik-356,caspar32,1,False,448,3.394572458,1191724.0,1.6460110855166248,native,accepted
dubrovnik-356,caspar32,1,False,449,3.401639262,1191650.875,1.6459100851502408,native,accepted
dubrovnik-356,caspar32,1,False,450,3.408712206,1191577.25,1.6458083941830612,native,accepted
dubrovnik-356,caspar32,1,False,451,3.415785941,1191503.0,1.645705839964887,native,accepted
dubrovnik-356,caspar32,1,False,452,3.422861335,1191429.75,1.6456046669483042,native,accepted
dubrovnik-356,caspar32,1,False,453,3.429948539,1191357.25,1.645504529832915,native,accepted
dubrovnik-356,caspar32,1,False,454,3.437016093,1191284.125,1.6454035294665312,native,accepted
dubrovnik-356,caspar32,1,False,455,3.444100057,1191210.25,1.6453014931989536,native,accepted
dubrovnik-356,caspar32,1,False,456,3.451159401,1191136.0,1.6451989389807793,native,accepted
dubrovnik-356,caspar32,1,False,457,3.458321205,1191063.0,1.6450981112645944,native,accepted
dubrovnik-356,caspar32,1,False,458,3.465410549,1190990.375,1.6449978014990063,native,accepted
dubrovnik-356,caspar32,1,False,459,3.472489183,1190917.875,1.6448976643836173,native,accepted
dubrovnik-356,caspar32,1,False,460,3.479542087,1190845.125,1.6447971819678304,native,accepted
dubrovnik-356,caspar32,1,False,461,3.486608831,1190773.5,1.644698253403834,native,accepted
dubrovnik-356,caspar32,1,False,462,3.493696835,1190699.875,1.6445965624366543,native,accepted
dubrovnik-356,caspar32,1,False,463,3.500769579,1190627.625,1.644496770621663,native,accepted
dubrovnik-356,caspar32,1,False,464,3.507854133,1190555.75,1.6443974967572688,native,accepted
dubrovnik-356,caspar32,1,False,465,3.514951047,1190483.375,1.6442975322920785,native,accepted
dubrovnik-356,caspar32,1,False,466,3.522028592,1190410.5,1.6441968772260926,native,accepted
dubrovnik-356,caspar32,1,False,467,3.529120666,1190338.25,1.6440970854111014,native,accepted
dubrovnik-356,caspar32,1,False,468,3.53620333,1190265.25,1.6439962576949165,native,accepted
dubrovnik-356,caspar32,1,False,469,3.543269074,1190193.375,1.6438969838305222,native,accepted
dubrovnik-356,caspar32,1,False,470,3.550336578,1190121.0,1.643797019365332,native,accepted
dubrovnik-356,caspar32,1,False,471,3.557397982,1190048.875,1.6436974002005398,native,accepted
dubrovnik-356,caspar32,1,False,472,3.564465266,1189977.625,1.6435989895871401,native,accepted
dubrovnik-356,caspar32,1,False,473,3.57151842,1189905.75,1.6434997157227458,native,accepted
dubrovnik-356,caspar32,1,False,474,3.578693354,1189833.5,1.6433999239077546,native,accepted
dubrovnik-356,caspar32,1,False,475,3.585760598,1189762.625,1.6433020312449518,native,accepted
dubrovnik-356,caspar32,1,False,476,3.592822472,1189690.0,1.6432017214793637,native,accepted
dubrovnik-356,caspar32,1,False,477,3.599891576,1189618.875,1.643103483516163,native,accepted
dubrovnik-356,caspar32,1,False,478,3.60696072,1189545.875,1.6430026557999782,native,accepted
dubrovnik-356,caspar32,1,False,479,3.614034614,1189476.375,1.6429066622893638,native,accepted
dubrovnik-356,caspar32,1,False,480,3.621092888,1189404.875,1.6428079063755663,native,accepted
dubrovnik-356,caspar32,1,False,481,3.628166863,1189333.875,1.6427098410625645,native,accepted
dubrovnik-356,caspar32,1,False,482,3.635243896,1189262.25,1.642610912498568,native,accepted
dubrovnik-356,caspar32,1,False,483,3.642313921,1189191.375,1.6425130198357651,native,accepted
dubrovnik-356,caspar32,1,False,484,3.649360325,1189119.875,1.6424142639219677,native,accepted
dubrovnik-356,caspar32,1,False,485,3.656423859,1189049.0,1.6423163712591649,native,accepted
dubrovnik-356,caspar32,1,False,486,3.663489903,1188977.875,1.6422181332959642,native,accepted
dubrovnik-356,caspar32,1,False,487,3.670557017,1188907.625,1.642121103884156,native,accepted
dubrovnik-356,caspar32,1,False,488,3.677619311,1188836.0,1.6420221753201598,native,accepted
dubrovnik-356,caspar32,1,False,489,3.684695325,1188765.75,1.6419251459083517,native,accepted
dubrovnik-356,caspar32,1,False,490,3.691761679,1188694.625,1.641826907945151,native,accepted
dubrovnik-356,caspar32,1,False,491,3.698821163,1188624.625,1.6417302238337408,native,accepted
dubrovnik-356,caspar32,1,False,492,3.705894597,1188552.0,1.6416299140681527,native,accepted
dubrovnik-356,caspar32,1,False,493,3.712952351,1188483.125,1.6415347838085332,native,accepted
dubrovnik-356,caspar32,1,False,494,3.720014515,1188413.0,1.641437927046924,native,accepted
dubrovnik-356,caspar32,1,False,495,3.727068599,1188342.75,1.641340897635116,native,accepted
dubrovnik-356,caspar32,1,False,496,3.734143313,1188272.875,1.6412443861739048,native,accepted
dubrovnik-356,caspar32,1,False,497,3.741207717,1188203.0,1.6411478747126935,native,accepted
dubrovnik-356,caspar32,1,False,498,3.748286221,1188131.625,1.641049291449095,native,accepted
dubrovnik-356,caspar32,1,False,499,3.755352136,1188062.25,1.6409534705886795,native,accepted
dubrovnik-356,caspar32,1,False,500,3.76240967,1187992.375,1.6408569591274684,native,accepted
dubrovnik-356,caspar32,1,False,501,3.769480514,1187922.625,1.640760620316456,native,accepted
dubrovnik-356,caspar32,1,False,502,3.776547688,1187852.0,1.6406630729540512,native,accepted
dubrovnik-356,caspar32,1,False,503,3.783611632,1187783.125,1.6405679426944315,native,accepted
dubrovnik-356,caspar32,1,False,504,3.790675266,1187712.75,1.6404707406324246,native,accepted
dubrovnik-356,caspar32,1,False,505,3.79773366,1187643.125,1.6403745744716112,native,accepted
dubrovnik-356,caspar32,1,False,506,3.804795254,1187573.625,1.6402785809609968,native,accepted
dubrovnik-356,caspar32,1,False,507,3.811872288,1187504.25,1.6401827601005814,native,accepted
dubrovnik-356,caspar32,1,False,508,3.818953852,1187435.0,1.6400871118903648,native,accepted
dubrovnik-356,caspar32,1,False,509,3.826020616,1187365.25,1.6399907730793526,native,accepted
dubrovnik-356,caspar32,1,False,510,3.83309333,1187295.25,1.6398940889679425,native,accepted
dubrovnik-356,caspar32,1,False,511,3.840156194,1187226.625,1.6397993040087206,native,accepted
dubrovnik-356,caspar32,1,False,512,3.847211818,1187157.875,1.6397043463993,native,accepted
dubrovnik-356,caspar32,1,False,513,3.854286702,1187089.0,1.6396092161396805,native,accepted
dubrovnik-356,caspar32,1,False,514,3.861423846,1187019.375,1.639513049978867,native,accepted
dubrovnik-356,caspar32,1,False,515,3.86849653,1186950.5,1.6394179197192476,native,accepted
dubrovnik-356,caspar32,1,False,516,3.875565194,1186881.25,1.639322271509031,native,accepted
dubrovnik-356,caspar32,1,False,517,3.882621978,1186813.375,1.6392285224510028,native,accepted
dubrovnik-356,caspar32,1,False,518,3.889689233,1186744.125,1.6391328742407865,native,accepted
dubrovnik-356,caspar32,1,False,519,3.896747267,1186675.375,1.6390379166313658,native,accepted
dubrovnik-356,caspar32,1,False,520,3.903817031,1186606.625,1.638942959021945,native,accepted
dubrovnik-356,caspar32,1,False,521,3.910869275,1186538.125,1.6388483467129222,native,accepted
dubrovnik-356,caspar32,1,False,522,3.921509881,1186468.5,1.6387521805521088,native,accepted
dubrovnik-356,caspar32,1,False,523,3.928571925,1186401.125,1.6386591220948765,native,accepted
dubrovnik-356,caspar32,1,False,524,3.935635539,1186333.25,1.6385653730368486,native,accepted
dubrovnik-356,caspar32,1,False,525,3.942691403,1186264.375,1.6384702427772289,native,accepted
dubrovnik-356,caspar32,1,False,526,3.949739447,1186196.0,1.638375803118405,native,accepted
dubrovnik-356,caspar32,1,False,527,3.956808951,1186128.5,1.638282572010974,native,accepted
dubrovnik-356,caspar32,1,False,528,3.963880875,1186059.5,1.6381872691011552,native,accepted
dubrovnik-356,caspar32,1,False,529,3.970946639,1185992.5,1.6380947285945198,native,accepted
dubrovnik-356,caspar32,1,False,530,3.978008833,1185924.125,1.638000288935696,native,accepted
dubrovnik-356,caspar32,1,False,531,3.985075297,1185856.125,1.637906367227469,native,accepted
dubrovnik-356,caspar32,1,False,532,3.992131332,1185787.625,1.637811754918446,native,accepted
dubrovnik-356,caspar32,1,False,533,3.999180696,1185719.875,1.637718178510617,native,accepted
dubrovnik-356,caspar32,1,False,534,4.00626036,1185651.0,1.6376230482509975,native,accepted
dubrovnik-356,caspar32,1,False,535,4.013342634,1185584.625,1.6375313709953567,native,accepted
dubrovnik-356,caspar32,1,False,536,4.020416498,1185516.25,1.637436931336533,native,accepted
dubrovnik-356,caspar32,1,False,537,4.027492462,1185450.375,1.6373459446816878,native,accepted
dubrovnik-356,caspar32,1,False,538,4.034565956,1185381.5,1.6372508144220683,native,accepted
dubrovnik-356,caspar32,1,False,539,4.04162692,1185314.75,1.6371586192158307,native,accepted
dubrovnik-356,caspar32,1,False,540,4.048689554,1185246.625,1.6370645248574047,native,accepted
dubrovnik-356,caspar32,1,False,541,4.055754568,1185180.5,1.6369731929021618,native,accepted
dubrovnik-356,caspar32,1,False,542,4.062819612,1185112.625,1.6368794438441339,native,accepted
dubrovnik-356,caspar32,1,False,543,4.069885036,1185045.625,1.6367869033374984,native,accepted
dubrovnik-356,caspar32,1,False,544,4.07694423,1184978.5,1.636694190180664,native,accepted
dubrovnik-356,caspar32,1,False,545,4.084022194,1184911.5,1.6366016496740285,native,accepted
dubrovnik-356,caspar32,1,False,546,4.091097798,1184844.125,1.6365085912167963,native,accepted
dubrovnik-356,caspar32,1,False,547,4.098176042,1184778.375,1.6364177772121504,native,accepted
dubrovnik-356,caspar32,1,False,548,4.105240116,1184710.0,1.6363233375533264,native,accepted
dubrovnik-356,caspar32,1,False,549,4.11231441,1184644.5,1.6362328688490784,native,accepted
dubrovnik-356,caspar32,1,False,550,4.119374665,1184576.625,1.6361391197910504,native,accepted
dubrovnik-356,caspar32,1,False,551,4.126437669,1184510.625,1.6360479604860065,native,accepted
dubrovnik-356,caspar32,1,False,552,4.133512562,1184443.625,1.635955419979371,native,accepted
dubrovnik-356,caspar32,1,False,553,4.140577367,1184377.25,1.6358637427237304,native,accepted
dubrovnik-356,caspar32,1,False,554,4.147653811,1184309.875,1.635770684266498,native,accepted
dubrovnik-356,caspar32,1,False,555,4.154735565,1184245.125,1.6356812514634436,native,accepted
dubrovnik-356,caspar32,1,False,556,4.161791899,1184177.625,1.6355880203560125,native,accepted
dubrovnik-356,caspar32,1,False,557,4.168849303,1184112.125,1.6354975516517642,native,accepted
dubrovnik-356,caspar32,1,False,558,4.175933107,1184044.875,1.635404665844731,native,accepted
dubrovnik-356,caspar32,1,False,559,4.183001611,1183980.125,1.6353152330416767,native,accepted
dubrovnik-356,caspar32,1,False,560,4.190134065,1183912.875,1.6352223472346432,native,accepted
dubrovnik-356,caspar32,1,False,561,4.197207709,1183847.375,1.6351318785303952,native,accepted
dubrovnik-356,caspar32,1,False,562,4.204282463,1183780.375,1.6350393380237598,native,accepted
dubrovnik-356,caspar32,1,False,563,4.211372597,1183714.5,1.634948351368915,native,accepted
dubrovnik-356,caspar32,1,False,564,4.218441251,1183648.875,1.634857710014468,native,accepted
dubrovnik-356,caspar32,1,False,565,4.225497815,1183583.75,1.6347677592608165,native,accepted
dubrovnik-356,caspar32,1,False,566,4.23254591,1183517.0,1.634675564054579,native,accepted
dubrovnik-356,caspar32,1,False,567,4.239613914,1183451.125,1.634584577399734,native,accepted
dubrovnik-356,caspar32,1,False,568,4.246672487,1183385.75,1.6344942813456849,native,accepted
dubrovnik-356,caspar32,1,False,569,4.253916312,1183320.625,1.6344043305920337,native,accepted
dubrovnik-356,caspar32,1,False,570,4.260989736,1183254.625,1.6343131712869898,native,accepted
dubrovnik-356,caspar32,1,False,571,4.26806355,1183189.125,1.6342227025827418,native,accepted
dubrovnik-356,caspar32,1,False,572,4.275130714,1183123.0,1.634131370627499,native,accepted
dubrovnik-356,caspar32,1,False,573,4.282202418,1183058.375,1.6340421104746434,native,accepted
dubrovnik-356,caspar32,1,False,574,4.289264272,1182992.75,1.6339514691201964,native,accepted
dubrovnik-356,caspar32,1,False,575,4.296320096,1182927.75,1.6338616910167443,native,accepted
dubrovnik-356,caspar32,1,False,576,4.30339407,1182861.875,1.6337707043618992,native,accepted
dubrovnik-356,caspar32,1,False,577,4.310449624,1182797.625,1.6336819621596406,native,accepted
dubrovnik-356,caspar32,1,False,578,4.317529898,1182731.625,1.6335908028545967,native,accepted
dubrovnik-356,caspar32,1,False,579,4.324606762,1182667.25,1.6335018880021392,native,accepted
dubrovnik-356,caspar32,1,False,580,4.331660236,1182600.875,1.6334102107464985,native,accepted
dubrovnik-356,caspar32,1,False,581,4.33873313,1182536.75,1.633321641194439,native,accepted
dubrovnik-356,caspar32,1,False,582,4.345796135,1182472.0,1.6332322083913844,native,accepted
dubrovnik-356,caspar32,1,False,583,4.352876828,1182407.125,1.633142602938131,native,accepted
dubrovnik-356,caspar32,1,False,584,4.359930113,1182342.0,1.63305265218448,native,accepted
dubrovnik-356,caspar32,1,False,585,4.366997217,1182278.0,1.6329642552826191,native,accepted
dubrovnik-356,caspar32,1,False,586,4.374070181,1182212.875,1.632874304528968,native,accepted
dubrovnik-356,caspar32,1,False,587,4.381113675,1182147.875,1.6327845264255156,native,accepted
dubrovnik-356,caspar32,1,False,588,4.388196589,1182083.0,1.6326949209722623,native,accepted
dubrovnik-356,caspar32,1,False,589,4.395264003,1182018.25,1.6326054881692078,native,accepted
dubrovnik-356,caspar32,1,False,590,4.402334347,1181954.375,1.632517263917546,native,accepted
dubrovnik-356,caspar32,1,False,591,4.409403941,1181889.75,1.6324280037646905,native,accepted
dubrovnik-356,caspar32,1,False,592,4.416447585,1181825.875,1.6323397795130288,native,accepted
dubrovnik-356,caspar32,1,False,593,4.423542059,1181761.125,1.6322503467099745,native,accepted
dubrovnik-356,caspar32,1,False,594,4.430613123,1181696.375,1.63216091390692,native,accepted
dubrovnik-356,caspar32,1,False,595,4.437670007,1181632.625,1.6320728623054572,native,accepted
dubrovnik-356,caspar32,1,False,596,4.444726531,1181568.5,1.6319842927533976,native,accepted
dubrovnik-356,caspar32,1,False,597,4.451804665,1181504.25,1.631895550551139,native,accepted
dubrovnik-356,caspar32,1,False,598,4.45887652,1181439.875,1.6318066356986813,native,accepted
dubrovnik-356,caspar32,1,False,599,4.465965324,1181376.75,1.6317194473482133,native,accepted
dubrovnik-356,caspar32,1,False,600,4.470701116,1181376.75,1.6317194473482133,native,rejected
dubrovnik-356,caspar32,1,False,600,4.470703546,1181375.9260466695,1.6317183093025618,independent_fp64,audited_endpoint
dubrovnik-356,caspar64,1,False,0,0.0,105607568.23597302,145.86534132975837,native,initial
dubrovnik-356,caspar64,1,False,1,0.03372463,12982371.0367961,17.93127153842361,native,accepted
dubrovnik-356,caspar64,1,False,2,0.107678302,3658971.2618551613,5.0537769303969275,native,accepted
dubrovnik-356,caspar64,1,False,3,0.181276154,2474449.1601178516,3.417713118223083,native,accepted
dubrovnik-356,caspar64,1,False,4,0.254964217,1586151.2786225616,2.190794670510206,native,accepted
dubrovnik-356,caspar64,1,False,5,0.328587859,1376079.61028087,1.9006433478521105,native,accepted
dubrovnik-356,caspar64,1,False,6,0.402224621,1242789.5065441444,1.7165428444299162,native,accepted
dubrovnik-356,caspar64,1,False,7,0.475856863,1242789.5065441444,1.7165428444299162,native,rejected
dubrovnik-356,caspar64,1,False,8,0.549374536,1242789.5065441444,1.7165428444299162,native,rejected
dubrovnik-356,caspar64,1,False,9,0.622894288,1242789.5065441444,1.7165428444299162,native,rejected
dubrovnik-356,caspar64,1,False,10,0.667402483,1242789.5065441444,1.7165428444299162,native,rejected
dubrovnik-356,caspar64,1,False,11,0.688891996,1242507.5714503739,1.71615343522968,native,accepted
dubrovnik-356,caspar64,1,False,12,0.710314348,1242241.6507419294,1.715786145123944,native,accepted
dubrovnik-356,caspar64,1,False,13,0.734756382,1241678.2053868845,1.7150079135027911,native,accepted
dubrovnik-356,caspar64,1,False,14,0.7649206,1241595.6581049436,1.7148938990655942,native,accepted
dubrovnik-356,caspar64,1,False,15,0.792072685,1241595.6581049436,1.7148938990655942,native,rejected
dubrovnik-356,caspar64,1,False,16,0.813620857,1240443.9473862355,1.713303154387882,native,accepted
dubrovnik-356,caspar64,1,False,17,0.83507925,1240139.118256055,1.712882123908119,native,accepted
dubrovnik-356,caspar64,1,False,18,0.856553692,1239718.5444716227,1.7123012267276867,native,accepted
dubrovnik-356,caspar64,1,False,19,0.877999414,1239392.0190650937,1.7118502293164997,native,accepted
dubrovnik-356,caspar64,1,False,20,0.899438097,1239166.3959971743,1.7115385983759934,native,accepted
dubrovnik-356,caspar64,1,False,21,0.920908709,1238937.112633644,1.711221911829364,native,accepted
dubrovnik-356,caspar64,1,False,22,0.942374721,1238729.475071483,1.710935122498037,native,accepted
dubrovnik-356,caspar64,1,False,23,0.963868284,1238518.7659335167,1.7106440907013185,native,accepted
dubrovnik-356,caspar64,1,False,24,0.985409396,1238318.3954723473,1.710367338701447,native,accepted
dubrovnik-356,caspar64,1,False,25,1.006850928,1238115.4770855212,1.7100870675026034,native,accepted
dubrovnik-356,caspar64,1,False,26,1.028692901,1237918.2267472837,1.7098146250214912,native,accepted
dubrovnik-356,caspar64,1,False,27,1.050172733,1237717.4354371005,1.709537291744292,native,accepted
dubrovnik-356,caspar64,1,False,28,1.071628885,1237521.1396161618,1.7092661676439922,native,accepted
dubrovnik-356,caspar64,1,False,29,1.093053338,1237321.2753786852,1.7089901148410909,native,accepted
dubrovnik-356,caspar64,1,False,30,1.11450449,1237128.310088693,1.708723590875435,native,accepted
dubrovnik-356,caspar64,1,False,31,1.135967232,1236930.2757340723,1.7084500655096468,native,accepted
dubrovnik-356,caspar64,1,False,32,1.157484005,1236741.2493634084,1.7081889819856364,native,accepted
dubrovnik-356,caspar64,1,False,33,1.178965827,1236544.1808960242,1.7079167907048363,native,accepted
dubrovnik-356,caspar64,1,False,34,1.20044429,1236358.1734559136,1.7076598769325109,native,accepted
dubrovnik-356,caspar64,1,False,35,1.221905382,1236161.406438501,1.7073881020148916,native,accepted
dubrovnik-356,caspar64,1,False,36,1.243406814,1235977.4648643143,1.7071340416198681,native,accepted
dubrovnik-356,caspar64,1,False,37,1.264849416,1235781.0796527653,1.7068627940531151,native,accepted
dubrovnik-356,caspar64,1,False,38,1.286342389,1235598.532099106,1.7066106590814631,native,accepted
dubrovnik-356,caspar64,1,False,39,1.307753271,1235404.0134411866,1.7063419896015541,native,accepted
dubrovnik-356,caspar64,1,False,40,1.329204933,1235223.1810848631,1.7060922236631921,native,accepted
dubrovnik-356,caspar64,1,False,41,1.350639906,1235032.1888415853,1.7058284248727984,native,accepted
dubrovnik-356,caspar64,1,False,42,1.372079638,1234853.5977469771,1.7055817545686847,native,accepted
dubrovnik-356,caspar64,1,False,43,1.39354029,1234666.4518525186,1.7053232683614021,native,accepted
dubrovnik-356,caspar64,1,False,44,1.415008253,1234490.155966305,1.7050797682027758,native,accepted
dubrovnik-356,caspar64,1,False,45,1.436450405,1234306.347988688,1.7048258923315474,native,accepted
dubrovnik-356,caspar64,1,False,46,1.457915497,1234132.1615395935,1.7045853057308276,native,accepted
dubrovnik-356,caspar64,1,False,47,1.47936182,1233951.10109441,1.704335224755769,native,accepted
dubrovnik-356,caspar64,1,False,48,1.501012572,1233778.830059682,1.7040972837284207,native,accepted
dubrovnik-356,caspar64,1,False,49,1.522463874,1233600.0686259076,1.7038503781515795,native,accepted
dubrovnik-356,caspar64,1,False,50,1.543920427,1233429.563408028,1.7036148760732728,native,accepted
dubrovnik-356,caspar64,1,False,51,1.565367099,1233252.7896958592,1.7033707159406766,native,accepted
dubrovnik-356,caspar64,1,False,52,1.586909921,1233083.9377768023,1.703137497401335,native,accepted
dubrovnik-356,caspar64,1,False,53,1.608327634,1232908.9378409947,1.702895787211472,native,accepted
dubrovnik-356,caspar64,1,False,54,1.629788606,1232741.6506070492,1.7026647298176967,native,accepted
dubrovnik-356,caspar64,1,False,55,1.651242928,1232568.2783326549,1.7024252677563685,native,accepted
dubrovnik-356,caspar64,1,False,56,1.672731901,1232402.4824080337,1.7021962701614053,native,accepted
dubrovnik-356,caspar64,1,False,57,1.694268923,1232230.6425770582,1.7019589247133662,native,accepted
dubrovnik-356,caspar64,1,False,58,1.715785015,1232066.2757845067,1.7017319010378922,native,accepted
dubrovnik-356,caspar64,1,False,59,1.737261818,1231895.914758556,1.701496598117707,native,accepted
dubrovnik-356,caspar64,1,False,60,1.75877605,1231732.9255457236,1.7012714771575335,native,accepted
dubrovnik-356,caspar64,1,False,61,1.780228412,1231564.024285406,1.7010381904679641,native,accepted
dubrovnik-356,caspar64,1,False,62,1.801686415,1231402.372829755,1.7008149172201388,native,accepted
dubrovnik-356,caspar64,1,False,63,1.823142617,1231234.9378282954,1.7005836557296374,native,accepted
dubrovnik-356,caspar64,1,False,64,1.844605349,1231074.596221104,1.7003621916465892,native,accepted
dubrovnik-356,caspar64,1,False,65,1.866049221,1230908.6464831769,1.700132981604443,native,accepted
dubrovnik-356,caspar64,1,False,66,1.887755674,1230749.5959584757,1.6999133007665852,native,accepted
dubrovnik-356,caspar64,1,False,67,1.909245166,1230585.1482634847,1.699686165348533,native,accepted
dubrovnik-356,caspar64,1,False,68,1.930664339,1230427.37388065,1.699468247119852,native,accepted
dubrovnik-356,caspar64,1,False,69,1.952138531,1230264.4312713174,1.6992431905285066,native,accepted
dubrovnik-356,caspar64,1,False,70,1.973678963,1230107.9166089336,1.6990270122277176,native,accepted
dubrovnik-356,caspar64,1,False,71,1.995140476,1229946.463727506,1.6988040132509257,native,accepted
dubrovnik-356,caspar64,1,False,72,2.016611658,1229791.1878940873,1.6985895460226748,native,accepted
dubrovnik-356,caspar64,1,False,73,2.03807587,1229631.1929483088,1.6983685607489216,native,accepted
dubrovnik-356,caspar64,1,False,74,2.059609113,1229477.1303261884,1.698155769210047,native,accepted
dubrovnik-356,caspar64,1,False,75,2.081082345,1229318.5507286233,1.6979367388174988,native,accepted
dubrovnik-356,caspar64,1,False,76,2.102566527,1229165.6724245362,1.6977255830605766,native,accepted
dubrovnik-356,caspar64,1,False,77,2.12410953,1229008.4609832384,1.6975084423676425,native,accepted
dubrovnik-356,caspar64,1,False,78,2.145567542,1228856.7367541818,1.6972988806209894,native,accepted
dubrovnik-356,caspar64,1,False,79,2.167105594,1228700.8465914703,1.6970835648801414,native,accepted
dubrovnik-356,caspar64,1,False,80,2.188588197,1228550.246497521,1.6968755557906876,native,accepted
dubrovnik-356,caspar64,1,False,81,2.210048429,1228395.6341715532,1.6966620049999839,native,accepted
dubrovnik-356,caspar64,1,False,82,2.231504961,1228246.1297068603,1.6964555091954028,native,accepted
dubrovnik-356,caspar64,1,False,83,2.252972614,1228092.756725335,1.6962436701892156,native,accepted
dubrovnik-356,caspar64,1,False,84,2.274473346,1227944.3214475883,1.6960386511473462,native,accepted
dubrovnik-356,caspar64,1,False,85,2.295898698,1227792.1545866625,1.6958284780368507,native,accepted
dubrovnik-356,caspar64,1,False,86,2.317361941,1227644.7643472406,1.6956249024035785,native,accepted
dubrovnik-356,caspar64,1,False,87,2.338833233,1227493.775178356,1.695416355923205,native,accepted
dubrovnik-356,caspar64,1,False,88,2.360385795,1227347.4080546363,1.6952141934189693,native,accepted
dubrovnik-356,caspar64,1,False,89,2.381873788,1227197.5720123032,1.6950072396388236,native,accepted
dubrovnik-356,caspar64,1,False,90,2.40347715,1227052.2080300455,1.6948064626751718,native,accepted
dubrovnik-356,caspar64,1,False,91,2.424976722,1226903.503291274,1.694601071453306,native,accepted
dubrovnik-356,caspar64,1,False,92,2.446453035,1226759.1240213274,1.6944016545758653,native,accepted
dubrovnik-356,caspar64,1,False,93,2.468166457,1226611.5304151906,1.6941977980521632,native,accepted
dubrovnik-356,caspar64,1,False,94,2.48963774,1226468.1185300448,1.6939997173281494,native,accepted
dubrovnik-356,caspar64,1,False,95,2.511088632,1226321.6166386087,1.6937973686825292,native,accepted
dubrovnik-356,caspar64,1,False,96,2.532735104,1226179.1555077252,1.6936006011418154,native,accepted
dubrovnik-356,caspar64,1,False,97,2.554206877,1226033.7260498847,1.6933997337431845,native,accepted
dubrovnik-356,caspar64,1,False,98,2.575663239,1225892.1994314427,1.6932042569525423,native,accepted
dubrovnik-356,caspar64,1,False,99,2.597131161,1225747.8229476921,1.6930048439234002,native,accepted
dubrovnik-356,caspar64,1,False,100,2.618606314,1225607.2148027546,1.6928106357298243,native,accepted
dubrovnik-356,caspar64,1,False,101,2.640047096,1225463.8715980311,1.6926126498673189,native,accepted
dubrovnik-356,caspar64,1,False,102,2.661562918,1225324.1660217126,1.692419688302956,native,accepted
dubrovnik-356,caspar64,1,False,103,2.683084701,1225181.836287485,1.6922231022475125,native,accepted
dubrovnik-356,caspar64,1,False,104,2.704553733,1225043.0175296818,1.6920313655582946,native,accepted
dubrovnik-356,caspar64,1,False,105,2.726002905,1224901.681558209,1.6918361520895497,native,accepted
dubrovnik-356,caspar64,1,False,106,2.747540808,1224763.7340974058,1.6916456188371347,native,accepted
dubrovnik-356,caspar64,1,False,107,2.76897459,1224623.3725135946,1.691451751194179,native,accepted
dubrovnik-356,caspar64,1,False,108,2.790477962,1224486.2811492481,1.6912624003835526,native,accepted
dubrovnik-356,caspar64,1,False,109,2.812024135,1224346.8751083922,1.6910698525380474,native,accepted
dubrovnik-356,caspar64,1,False,110,2.833478257,1224210.6250457508,1.690881663734675,native,accepted
dubrovnik-356,caspar64,1,False,111,2.854994919,1224072.1563699383,1.6906904105792597,native,accepted
dubrovnik-356,caspar64,1,False,112,2.876449552,1223936.733281412,1.6905033639938514,native,accepted
dubrovnik-356,caspar64,1,False,113,2.897946334,1223799.184527546,1.6903133814360927,native,accepted
dubrovnik-356,caspar64,1,False,114,2.919404546,1223664.5745841572,1.6901274579680423,native,accepted
dubrovnik-356,caspar64,1,False,115,2.940871599,1223527.9290506677,1.6899387229397052,native,accepted
dubrovnik-356,caspar64,1,False,116,2.962464571,1223394.118924383,1.6897539041803122,native,accepted
dubrovnik-356,caspar64,1,False,117,2.983929793,1223258.3606114422,1.689566394582409,native,accepted
dubrovnik-356,caspar64,1,False,118,3.005422546,1223125.3374537218,1.6893826627852493,native,accepted
dubrovnik-356,caspar64,1,False,119,3.026873588,1222990.450994797,1.6891963573935007,native,accepted
dubrovnik-356,caspar64,1,False,120,3.04835789,1222858.2023992047,1.6890136954227852,native,accepted
dubrovnik-356,caspar64,1,False,121,3.069813383,1222724.172980729,1.6888285737766688,native,accepted
dubrovnik-356,caspar64,1,False,122,3.091281255,1222592.6869377627,1.6886469650448541,native,accepted
dubrovnik-356,caspar64,1,False,123,3.112717377,1222459.5002206434,1.6884630073391924,native,accepted
dubrovnik-356,caspar64,1,False,124,3.13416759,1222328.7650721075,1.68828243574396,native,accepted
dubrovnik-356,caspar64,1,False,125,3.155597262,1222196.4071243182,1.688099622735816,native,accepted
dubrovnik-356,caspar64,1,False,126,3.177120584,1222066.4115226548,1.687920072603901,native,accepted
dubrovnik-356,caspar64,1,False,127,3.198557046,1221934.8687678047,1.687738385541542,native,accepted
dubrovnik-356,caspar64,1,False,128,3.220056629,1221805.6016435444,1.6875598415837754,native,accepted
dubrovnik-356,caspar64,1,False,129,3.241516311,1221674.8608262732,1.6873792621588768,native,accepted
dubrovnik-356,caspar64,1,False,130,3.264720424,1221546.3113647585,1.687201709438037,native,accepted
dubrovnik-356,caspar64,1,False,131,3.286187167,1221416.3595310866,1.6870222197585414,native,accepted
dubrovnik-356,caspar64,1,False,132,3.307627569,1221288.5171577467,1.6868456436690136,native,accepted
dubrovnik-356,caspar64,1,False,133,3.329086801,1221159.3416466909,1.6866672262475508,native,accepted
dubrovnik-356,caspar64,1,False,134,3.350551564,1221032.1960192008,1.6864916125045,native,accepted
dubrovnik-356,caspar64,1,False,135,3.372011516,1220903.7844615167,1.6863142502566502,native,accepted
dubrovnik-356,caspar64,1,False,136,3.393458509,1220777.325466504,1.68613958489147,native,accepted
dubrovnik-356,caspar64,1,False,137,3.414918631,1220649.6657866065,1.6859632611384157,native,accepted
dubrovnik-356,caspar64,1,False,138,3.436367803,1220523.8835387083,1.685789530497427,native,accepted
dubrovnik-356,caspar64,1,False,139,3.457821045,1220396.9639566883,1.685614228968739,native,accepted
dubrovnik-356,caspar64,1,False,140,3.479245468,1220271.8487980464,1.6854414197124927,native,accepted
dubrovnik-356,caspar64,1,False,141,3.50071772,1220145.657829718,1.6852671245461954,native,accepted
dubrovnik-356,caspar64,1,False,142,3.522261192,1220021.2003285498,1.6850952236474988,native,accepted
dubrovnik-356,caspar64,1,False,143,3.543967745,1219895.7267825052,1.6849219193860014,native,accepted
dubrovnik-356,caspar64,1,False,144,3.565611907,1219771.9177300448,1.684750914125692,native,accepted
dubrovnik-356,caspar64,1,False,145,3.58704762,1219647.1507015293,1.6845785857073305,native,accepted
dubrovnik-356,caspar64,1,False,146,3.608490132,1219523.9811071074,1.6844084636674812,native,accepted
dubrovnik-356,caspar64,1,False,147,3.629951944,1219399.9099691482,1.684237096414264,native,accepted
dubrovnik-356,caspar64,1,False,148,3.651782437,1219277.3710535988,1.6840678454690772,native,accepted
dubrovnik-356,caspar64,1,False,149,3.673282259,1219153.9854462473,1.683897425071826,native,accepted
dubrovnik-356,caspar64,1,False,150,3.694756071,1219032.0686340882,1.6837290333768322,native,accepted
dubrovnik-356,caspar64,1,False,151,3.716231214,1218909.3584525932,1.683559545878849,native,accepted
dubrovnik-356,caspar64,1,False,152,3.737734596,1218788.0553635594,1.6833920018592128,native,accepted
dubrovnik-356,caspar64,1,False,153,3.759199418,1218666.0107463892,1.6832234336397343,native,accepted
dubrovnik-356,caspar64,1,False,154,3.780653091,1218545.3131868127,1.6830567259783482,native,accepted
dubrovnik-356,caspar64,1,False,155,3.802187603,1218423.9245041846,1.6828890637367033,native,accepted
dubrovnik-356,caspar64,1,False,156,3.823648436,1218303.8244587362,1.6827231813627819,native,accepted
dubrovnik-356,caspar64,1,False,157,3.845135818,1218183.0823021245,1.6825564121038996,native,accepted
dubrovnik-356,caspar64,1,False,158,3.8666072,1218063.5719261863,1.6823913441824443,native,accepted
dubrovnik-356,caspar64,1,False,159,3.888137352,1217943.4670989953,1.6822254552039724,native,accepted
dubrovnik-356,caspar64,1,False,160,3.909632485,1217824.5387118692,1.6820611911263905,native,accepted
dubrovnik-356,caspar64,1,False,161,3.931109607,1217705.0622213483,1.6818961700075274,native,accepted
dubrovnik-356,caspar64,1,False,162,3.952589459,1217586.708300321,1.6817326993834354,native,accepted
dubrovnik-356,caspar64,1,False,163,3.974052462,1217467.851350575,1.6815685339752766,native,accepted
dubrovnik-356,caspar64,1,False,164,3.995555434,1217350.0645257565,1.681405846625371,native,accepted
dubrovnik-356,caspar64,1,False,165,4.017036846,1217231.8185116912,1.6812425250425467,native,accepted
dubrovnik-356,caspar64,1,False,166,4.038492219,1217114.5915615433,1.681080610992427,native,accepted
dubrovnik-356,caspar64,1,False,167,4.059931641,1216996.9480634627,1.68091812160564,native,accepted
dubrovnik-356,caspar64,1,False,168,4.081391273,1216880.2739108035,1.6807569710802914,native,accepted
dubrovnik-356,caspar64,1,False,169,4.102863596,1216763.2246894394,1.6805953025094509,native,accepted
dubrovnik-356,caspar64,1,False,170,4.124328628,1216647.0963977766,1.6804349059281796,native,accepted
dubrovnik-356,caspar64,1,False,171,4.14578464,1216530.6333896276,1.6802740470359645,native,accepted
dubrovnik-356,caspar64,1,False,172,4.169651434,1216415.0441596974,1.6801143950076163,native,accepted
dubrovnik-356,caspar64,1,False,173,4.191196216,1216299.1594724245,1.6799543348931159,native,accepted
dubrovnik-356,caspar64,1,False,174,4.212686169,1216184.1026387948,1.6797954182113852,native,accepted
dubrovnik-356,caspar64,1,False,175,4.234131551,1216068.7885466926,1.6796361462038427,native,accepted
dubrovnik-356,caspar64,1,False,176,4.255607064,1215954.2575744155,1.6794779558426491,native,accepted
dubrovnik-356,caspar64,1,False,177,4.277080176,1215839.506513839,1.6793194614951459,native,accepted
dubrovnik-356,caspar64,1,False,178,4.298573828,1215725.4949950597,1.6791619886039504,native,accepted
dubrovnik-356,caspar64,1,False,179,4.32001386,1215611.2995598742,1.6790042616871217,native,accepted
dubrovnik-356,caspar64,1,False,180,4.341486443,1215497.8012104325,1.6788474975862318,native,accepted
dubrovnik-356,caspar64,1,False,181,4.362978215,1215384.1541474639,1.6786905280819817,native,accepted
dubrovnik-356,caspar64,1,False,182,4.384557607,1215271.1628035256,1.6785344642579,native,accepted
dubrovnik-356,caspar64,1,False,183,4.4060829,1215158.0570080844,1.6783782423532205,native,accepted
dubrovnik-356,caspar64,1,False,184,4.427592092,1215045.5666227792,1.6782228704540003,native,accepted
dubrovnik-356,caspar64,1,False,185,4.449037655,1214932.9951342659,1.6780673865348998,native,accepted
dubrovnik-356,caspar64,1,False,186,4.470526847,1214820.9997744043,1.6779126983656103,native,accepted
dubrovnik-356,caspar64,1,False,187,4.492109569,1214708.9557720758,1.677757943011268,native,accepted
dubrovnik-356,caspar64,1,False,188,4.513536741,1214597.449614974,1.6776039305296084,native,accepted
dubrovnik-356,caspar64,1,False,189,4.535015624,1214485.926413862,1.6774498945067353,native,accepted
dubrovnik-356,caspar64,1,False,190,4.556691066,1214374.9037442834,1.6772965498188124,native,accepted
dubrovnik-356,caspar64,1,False,191,4.578143749,1214263.894791301,1.6771432240762745,native,accepted
dubrovnik-356,caspar64,1,False,192,4.599591501,1214153.349998536,1.6769905394325673,native,accepted
dubrovnik-356,caspar64,1,False,193,4.621079083,1214042.8488687694,1.6768379150962627,native,accepted
dubrovnik-356,caspar64,1,False,194,4.642555526,1213932.776443865,1.6766858828877964,native,accepted
dubrovnik-356,caspar64,1,False,195,4.664677708,1213822.7768370465,1.6765339512557862,native,accepted
dubrovnik-356,caspar64,1,False,196,4.686177061,1213713.1713701575,1.676382564010474,native,accepted
dubrovnik-356,caspar64,1,False,197,4.707636843,1213603.6671073157,1.676231316548353,native,accepted
dubrovnik-356,caspar64,1,False,198,4.729078765,1213494.5232852045,1.6760805669275425,native,accepted
dubrovnik-356,caspar64,1,False,199,4.750559257,1213385.5083054611,1.6759299952640154,native,accepted
dubrovnik-356,caspar64,1,False,200,4.77212547,1213276.8209090943,1.6757798760591696,native,accepted
dubrovnik-356,caspar64,1,False,201,4.793561732,1213168.2892666068,1.6756299719818297,native,accepted
dubrovnik-356,caspar64,1,False,202,4.815029755,1213060.05316889,1.6754804761113977,native,accepted
dubrovnik-356,caspar64,1,False,203,4.836457527,1212951.9990298916,1.6753312315626367,native,accepted
dubrovnik-356,caspar64,1,False,204,4.857913619,1212844.209193442,1.6751823520689773,native,accepted
dubrovnik-356,caspar64,1,False,205,4.879352882,1212736.6268334268,1.6750337591420987,native,accepted
dubrovnik-356,caspar64,1,False,206,4.900815574,1212629.2783084721,1.6748854891885785,native,accepted
dubrovnik-356,caspar64,1,False,207,4.922256616,1212522.1621094348,1.6747375401239848,native,accepted
dubrovnik-356,caspar64,1,False,208,4.943693659,1212415.2500317383,1.6745898729921118,native,accepted
dubrovnik-356,caspar64,1,False,209,4.965179991,1212308.5944795208,1.6744425601736388,native,accepted
dubrovnik-356,caspar64,1,False,210,4.986648373,1212202.1140683924,1.674295489260317,native,accepted
dubrovnik-356,caspar64,1,False,211,5.008088195,1212095.9137501025,1.6741488052116693,native,accepted
dubrovnik-356,caspar64,1,False,212,5.029560688,1211989.8603064378,1.6740023240264876,native,accepted
dubrovnik-356,caspar64,1,False,213,5.05100103,1211884.1099079298,1.6738562614077588,native,accepted
dubrovnik-356,caspar64,1,False,214,5.072428562,1211778.4788123262,1.6737103635703916,native,accepted
dubrovnik-356,caspar64,1,False,215,5.093881865,1211673.1731157782,1.6735649151747176,native,accepted
dubrovnik-356,caspar64,1,False,216,5.115351387,1211567.9598266876,1.6734195944123709,native,accepted
dubrovnik-356,caspar64,1,False,217,5.136813139,1211463.0937082085,1.6732747531626255,native,accepted
dubrovnik-356,caspar64,1,False,218,5.158362882,1211358.2937601365,1.6731300033075516,native,accepted
dubrovnik-356,caspar64,1,False,219,5.179818284,1211253.8621874882,1.6729857622531992,native,accepted
dubrovnik-356,caspar64,1,False,220,5.201286576,1211149.4711892405,1.6728415772402734,native,accepted
dubrovnik-356,caspar64,1,False,221,5.222725519,1211045.4692196078,1.67269792955429,native,accepted
dubrovnik-356,caspar64,1,False,222,5.244202891,1210941.482852607,1.6725543034186865,native,accepted
dubrovnik-356,caspar64,1,False,223,5.265673543,1210837.9056304349,1.6724112423945716,native,accepted
dubrovnik-356,caspar64,1,False,224,5.287117236,1210734.3196470544,1.6722681692694619,native,accepted
dubrovnik-356,caspar64,1,False,225,5.308628918,1210631.1624019458,1.6721256883183355,native,accepted
dubrovnik-356,caspar64,1,False,226,5.33009062,1210527.9726239413,1.6719831624327215,native,accepted
dubrovnik-356,caspar64,1,False,227,5.351544893,1210425.2306686486,1.6718412550805497,native,accepted
dubrovnik-356,caspar64,1,False,228,5.373025795,1210322.4329855712,1.6716992707570733,native,accepted
dubrovnik-356,caspar64,1,False,229,5.394546387,1210220.1017140374,1.6715579306419628,native,accepted
dubrovnik-356,caspar64,1,False,230,5.41600524,1210117.6920817764,1.6714164822948916,native,accepted
dubrovnik-356,caspar64,1,False,231,5.437479082,1210015.7669672181,1.6712757031644423,native,accepted
dubrovnik-356,caspar64,1,False,232,5.458958284,1209913.7414065136,1.6711347852976162,native,accepted
dubrovnik-356,caspar64,1,False,233,5.480442516,1209812.2179995978,1.6709945610064019,native,accepted
dubrovnik-356,caspar64,1,False,234,5.501923979,1209710.5725946547,1.6708541682113185,native,accepted
dubrovnik-356,caspar64,1,False,235,5.523419441,1209609.446521726,1.6707144927184396,native,accepted
dubrovnik-356,caspar64,1,False,236,5.544904204,1209508.1774188306,1.6705746196723432,native,accepted
dubrovnik-356,caspar64,1,False,237,5.566377296,1209407.4443801574,1.670435487039004,native,accepted
dubrovnik-356,caspar64,1,False,238,5.588186529,1209306.547786361,1.670296128503068,native,accepted
dubrovnik-356,caspar64,1,False,239,5.609628541,1209206.20355449,1.6701575328903024,native,accepted
dubrovnik-356,caspar64,1,False,240,5.631065703,1209105.6757363158,1.6700186837078428,native,accepted
dubrovnik-356,caspar64,1,False,241,5.652509855,1209005.7161544247,1.6698806193742417,native,accepted
dubrovnik-356,caspar64,1,False,242,5.673949268,1208905.5534366134,1.6697422744689845,native,accepted
dubrovnik-356,caspar64,1,False,243,5.69541109,1208805.9744169365,1.6696047357685193,native,accepted
dubrovnik-356,caspar64,1,False,244,5.716918422,1208706.1731812311,1.669466890142922,native,accepted
dubrovnik-356,caspar64,1,False,245,5.738377255,1208606.9707035339,1.6693298715228384,native,accepted
dubrovnik-356,caspar64,1,False,246,5.759868487,1208507.5273874828,1.6691925202564375,native,accepted
dubrovnik-356,caspar64,1,False,247,5.781333609,1208408.6974975574,1.6690560162551773,native,accepted
dubrovnik-356,caspar64,1,False,248,5.802771952,1208309.6085933766,1.6689191545030155,native,accepted
dubrovnik-356,caspar64,1,False,249,5.824219204,1208211.1474016013,1.6687831597482272,native,accepted
dubrovnik-356,caspar64,1,False,250,5.845674426,1208112.4094550319,1.6686467827392768,native,accepted
dubrovnik-356,caspar64,1,False,251,5.867117469,1208014.313134952,1.668511291945855,native,accepted
dubrovnik-356,caspar64,1,False,252,5.888561681,1207915.9227441705,1.668375394981512,native,accepted
dubrovnik-356,caspar64,1,False,253,5.910018713,1207818.1875311378,1.6682404029497184,native,accepted
dubrovnik-356,caspar64,1,False,254,5.931450775,1207720.1413456947,1.6681049814023368,native,accepted
dubrovnik-356,caspar64,1,False,255,5.952915558,1207622.7635355135,1.6679704830159305,native,accepted
dubrovnik-356,caspar64,1,False,256,5.97439672,1207525.0582552797,1.6678355323273664,native,accepted
dubrovnik-356,caspar64,1,False,257,5.995831312,1207428.0342029354,1.6677015225518474,native,accepted
dubrovnik-356,caspar64,1,False,258,6.017463065,1207330.6665770959,1.6675670382320702,native,accepted
dubrovnik-356,caspar64,1,False,259,6.038904957,1207233.9926954696,1.6674335121129045,native,accepted
dubrovnik-356,caspar64,1,False,260,6.06035444,1207136.9595215395,1.6672994897386366,native,accepted
dubrovnik-356,caspar64,1,False,261,6.081803002,1207040.6322801874,1.6671664423995693,native,accepted
dubrovnik-356,caspar64,1,False,262,6.103325844,1206943.930403038,1.6670328776129422,native,accepted
dubrovnik-356,caspar64,1,False,263,6.124771297,1206847.9463269997,1.6669003042543524,native,accepted
dubrovnik-356,caspar64,1,False,264,6.146258959,1206751.5726379238,1.666767192761615,native,accepted
dubrovnik-356,caspar64,1,False,265,6.167731311,1206655.9283065554,1.6666350886589039,native,accepted
dubrovnik-356,caspar64,1,False,266,6.189170954,1206559.8797423693,1.6665024262291819,native,accepted
dubrovnik-356,caspar64,1,False,267,6.210652896,1206464.571788204,1.666370786731199,native,accepted
dubrovnik-356,caspar64,1,False,268,6.232122338,1206368.8453303266,1.666238569195223,native,accepted
dubrovnik-356,caspar64,1,False,269,6.253566,1206273.8704379853,1.6661073897227616,native,accepted
dubrovnik-356,caspar64,1,False,270,6.275050923,1206178.4631115934,1.6659756129717014,native,accepted
dubrovnik-356,caspar64,1,False,271,6.296516345,1206083.8180166972,1.665844889015996,native,accepted
dubrovnik-356,caspar64,1,False,272,6.317973197,1205988.7268898694,1.665713549000277,native,accepted
dubrovnik-356,caspar64,1,False,273,6.3394344,1205894.4083780053,1.6655832761215754,native,accepted
dubrovnik-356,caspar64,1,False,274,6.360964092,1205799.6305608903,1.6654523688497305,native,accepted
dubrovnik-356,caspar64,1,False,275,6.382387444,1205705.6354665884,1.6653225426758804,native,accepted
dubrovnik-356,caspar64,1,False,276,6.403900207,1205611.1681106093,1.6651920642134503,native,accepted
dubrovnik-356,caspar64,1,False,277,6.425380749,1205517.4933163454,1.6650626804385227,native,accepted
dubrovnik-356,caspar64,1,False,278,6.446841271,1205423.3336134069,1.664932626906962,native,accepted
dubrovnik-356,caspar64,1,False,279,6.468354654,1205329.9760486411,1.664803681289922,native,accepted
dubrovnik-356,caspar64,1,False,280,6.489850236,1205236.12123037,1.664674048865549,native,accepted
dubrovnik-356,caspar64,1,False,281,6.511325259,1205143.0778705988,1.6645455372289477,native,accepted
dubrovnik-356,caspar64,1,False,282,6.532806141,1205049.525207583,1.6644163221418944,native,accepted
dubrovnik-356,caspar64,1,False,283,6.554294813,1204956.7930734325,1.6642882403706156,native,accepted
dubrovnik-356,caspar64,1,False,284,6.575737955,1204863.5398744978,1.6641594389038277,native,accepted
dubrovnik-356,caspar64,1,False,285,6.598058728,1204771.1160308146,1.6640317829438331,native,accepted
dubrovnik-356,caspar64,1,False,286,6.619517061,1204678.1596423099,1.6639033914320833,native,accepted
dubrovnik-356,caspar64,1,False,287,6.640969443,1204586.0411972946,1.6637761572892151,native,accepted
dubrovnik-356,caspar64,1,False,288,6.665733537,1204493.3790023874,1.6636481721181304,native,accepted
dubrovnik-356,caspar64,1,False,289,6.68731056,1204401.5631067418,1.6635213558569328,native,accepted
dubrovnik-356,caspar64,1,False,290,6.708767782,1204309.1925247475,1.6633937734620678,native,accepted
dubrovnik-356,caspar64,1,False,291,6.730219814,1204217.6763708396,1.6632673712046355,native,accepted
dubrovnik-356,caspar64,1,False,292,6.751675016,1204125.5948565553,1.6631401880705516,native,accepted
dubrovnik-356,caspar64,1,False,293,6.773140629,1204034.3756776154,1.6630141959954177,native,accepted
dubrovnik-356,caspar64,1,False,294,6.794639041,1203942.5807206586,1.6628874086547707,native,accepted
dubrovnik-356,caspar64,1,False,295,6.816153963,1203851.6557899802,1.6627618229958039,native,accepted
dubrovnik-356,caspar64,1,False,296,6.837638326,1203760.144914169,1.6626354280284872,native,accepted
dubrovnik-356,caspar64,1,False,297,6.859089518,1203669.511544345,1.6625102450738365,native,accepted
dubrovnik-356,caspar64,1,False,298,6.88056151,1203578.2823070674,1.6623842391061106,native,accepted
dubrovnik-356,caspar64,1,False,299,6.901992793,1203487.9378492346,1.6622594551971621,native,accepted
dubrovnik-356,caspar64,1,False,300,6.923441945,1203396.9878408427,1.6621338349008175,native,accepted
dubrovnik-356,caspar64,1,False,301,6.944913157,1203306.929683941,1.6620094464311708,native,accepted
dubrovnik-356,caspar64,1,False,302,6.96639383,1203216.2565271677,1.6618842085227226,native,accepted
dubrovnik-356,caspar64,1,False,303,6.987848452,1203126.4820972297,1.6617602119372095,native,accepted
dubrovnik-356,caspar64,1,False,304,7.009319794,1203036.0834465944,1.6616353531770758,native,accepted
dubrovnik-356,caspar64,1,False,305,7.030783627,1202946.590206044,1.6615117449707926,native,accepted
dubrovnik-356,caspar64,1,False,306,7.052233329,1202856.4637473002,1.6613872621625327,native,accepted
dubrovnik-356,caspar64,1,False,307,7.073741481,1202767.2491942681,1.6612640388798934,native,accepted
dubrovnik-356,caspar64,1,False,308,7.095166074,1202677.3926438426,1.6611399288694322,native,accepted
dubrovnik-356,caspar64,1,False,309,7.116625776,1202588.4543114912,1.6610170871032366,native,accepted
dubrovnik-356,caspar64,1,False,310,7.138064218,1202498.8654159452,1.660893346778121,native,accepted
dubrovnik-356,caspar64,1,False,311,7.159525211,1202410.2008718252,1.6607708831686663,native,accepted
dubrovnik-356,caspar64,1,False,312,7.180979503,1202320.8774073233,1.6606475094573314,native,accepted
dubrovnik-356,caspar64,1,False,313,7.202442965,1202232.4842527336,1.660525420691528,native,accepted
dubrovnik-356,caspar64,1,False,314,7.223897797,1202143.424024533,1.6604024105625914,native,accepted
dubrovnik-356,caspar64,1,False,315,7.24532888,1202055.2998938921,1.660280693373094,native,accepted
dubrovnik-356,caspar64,1,False,316,7.266852032,1201966.5007358193,1.6601580438346335,native,accepted
dubrovnik-356,caspar64,1,False,317,7.288308334,1201878.6432960755,1.6600366949990277,native,accepted
dubrovnik-356,caspar64,1,False,318,7.309784387,1201790.1030700465,1.6599144030979183,native,accepted
dubrovnik-356,caspar64,1,False,319,7.331225359,1201702.5100200619,1.6597934194378687,native,accepted
dubrovnik-356,caspar64,1,False,320,7.352697911,1201614.2266155935,1.6596714822591074,native,accepted
dubrovnik-356,caspar64,1,False,321,7.374162914,1201526.8956855685,1.6595508606395633,native,accepted
dubrovnik-356,caspar64,1,False,322,7.395675356,1201438.8670193078,1.65942927530562,native,accepted
dubrovnik-356,caspar64,1,False,323,7.417103859,1201351.795970227,1.6593090126340495,native,accepted
dubrovnik-356,caspar64,1,False,324,7.438567691,1201264.0199854723,1.6591877763042044,native,accepted
dubrovnik-356,caspar64,1,False,325,7.460041873,1201177.2066085357,1.6590678695298096,native,accepted
dubrovnik-356,caspar64,1,False,326,7.481484595,1201089.6812748,1.658946979399551,native,accepted
dubrovnik-356,caspar64,1,False,327,7.502950008,1201003.1233908876,1.6588274255125277,native,accepted
dubrovnik-356,caspar64,1,False,328,7.52447193,1200915.8467034455,1.6587068788129256,native,accepted
dubrovnik-356,caspar64,1,False,329,7.545911342,1200829.5421625813,1.6585876748437238,native,accepted
dubrovnik-356,caspar64,1,False,330,7.567403375,1200742.5121420345,1.6584674688408299,native,accepted
dubrovnik-356,caspar64,1,False,331,7.588883007,1200656.458822876,1.658348611859448,native,accepted
dubrovnik-356,caspar64,1,False,332,7.61091509,1200569.6735147254,1.6582287438537051,native,accepted
dubrovnik-356,caspar64,1,False,333,7.632366702,1200483.869324051,1.6581102309689821,native,accepted
dubrovnik-356,caspar64,1,False,334,7.653848154,1200397.3267982905,1.6579906982946626,native,accepted
dubrovnik-356,caspar64,1,False,335,7.675313727,1200311.7696704967,1.6578725266535834,native,accepted
dubrovnik-356,caspar64,1,False,336,7.696773749,1200225.4680211889,1.657753326678204,native,accepted
dubrovnik-356,caspar64,1,False,337,7.718226031,1200140.155917826,1.6576354934652588,native,accepted
dubrovnik-356,caspar64,1,False,338,7.739676804,1200054.0932627118,1.65751662358904,native,accepted
dubrovnik-356,caspar64,1,False,339,7.761118486,1199969.0241719922,1.6573991260255443,native,accepted
dubrovnik-356,caspar64,1,False,340,7.782613818,1199883.1986521026,1.657280583680875,native,accepted
dubrovnik-356,caspar64,1,False,341,7.804081701,1199798.3705884386,1.6571634190243323,native,accepted
dubrovnik-356,caspar64,1,False,342,7.825568823,1199712.780367694,1.6570452016752169,native,accepted
dubrovnik-356,caspar64,1,False,343,7.846991145,1199628.1913712516,1.6569283672187007,native,accepted
dubrovnik-356,caspar64,1,False,344,7.868460647,1199542.8346361117,1.6568104723602741,native,accepted
dubrovnik-356,caspar64,1,False,345,7.88990985,1199458.482772363,1.656693965431812,native,accepted
dubrovnik-356,caspar64,1,False,346,7.911355202,1199373.3577314345,1.656576390589799,native,accepted
dubrovnik-356,caspar64,1,False,347,7.932815024,1199289.241090712,1.656460208551755,native,accepted
dubrovnik-356,caspar64,1,False,348,7.954262037,1199204.3459744034,1.656342951281993,native,accepted
dubrovnik-356,caspar64,1,False,349,7.975701489,1199120.462671499,1.6562270915305148,native,accepted
dubrovnik-356,caspar64,1,False,350,7.997163011,1199035.7957316597,1.6561101494184551,native,accepted
dubrovnik-356,caspar64,1,False,350,8.018594814,1199035.79573166,1.6561101494184556,independent_fp64,audited_endpoint
dubrovnik-356,caspar32,2,False,0,0.0,105607584.0,145.86536310305752,native,initial
dubrovnik-356,caspar32,2,False,1,0.014243868,12983479.0,17.93280185896424,native,accepted
dubrovnik-356,caspar32,2,False,2,0.045634446,3660194.0,5.0554657782686565,native,accepted
dubrovnik-356,caspar32,2,False,3,0.076668644,2474047.5,3.4171583446290343,native,accepted
dubrovnik-356,caspar32,2,False,4,0.107714622,1585693.625,2.1901625585983346,native,accepted
dubrovnik-356,caspar32,2,False,5,0.13880686,1375898.25,1.9003928527435248,native,accepted
dubrovnik-356,caspar32,2,False,6,0.169914108,1242551.625,1.716214282062538,native,accepted
dubrovnik-356,caspar32,2,False,7,0.200913455,1242551.625,1.716214282062538,native,rejected
dubrovnik-356,caspar32,2,False,8,0.231903323,1242551.625,1.716214282062538,native,rejected
dubrovnik-356,caspar32,2,False,9,0.262856041,1242551.625,1.716214282062538,native,rejected
dubrovnik-356,caspar32,2,False,10,0.280542171,1242551.625,1.716214282062538,native,rejected
dubrovnik-356,caspar32,2,False,11,0.287620285,1242275.5,1.7158328977730646,native,accepted
dubrovnik-356,caspar32,2,False,12,0.294696179,1242005.5,1.7154599733433398,native,accepted
dubrovnik-356,caspar32,2,False,13,0.303094124,1241456.75,1.7147020389699636,native,accepted
dubrovnik-356,caspar32,2,False,14,0.3141567,1241317.375,1.714509533998138,native,accepted
dubrovnik-356,caspar32,2,False,15,0.323801646,1241317.375,1.714509533998138,native,rejected
dubrovnik-356,caspar32,2,False,16,0.332187721,1240453.5,1.7133163484732172,native,accepted
dubrovnik-356,caspar32,2,False,17,0.339253975,1239921.5,1.7125815492265,native,accepted
dubrovnik-356,caspar32,2,False,18,0.346327849,1239642.75,1.7121965392828489,native,accepted
dubrovnik-356,caspar32,2,False,19,0.353398543,1239226.625,1.7116217867705552,native,accepted
dubrovnik-356,caspar32,2,False,20,0.360451277,1239004.25,1.711314642066629,native,accepted
dubrovnik-356,caspar32,2,False,21,0.367519011,1238783.25,1.7110093965148911,native,accepted
dubrovnik-356,caspar32,2,False,22,0.374596175,1238579.875,1.710728494641205,native,accepted
dubrovnik-356,caspar32,2,False,23,0.381674669,1238373.625,1.7104436218129428,native,accepted
dubrovnik-356,caspar32,2,False,24,0.388721853,1238174.625,1.7101687626962196,native,accepted
dubrovnik-356,caspar32,2,False,25,0.395797527,1237972.0,1.7098888967237271,native,accepted
dubrovnik-356,caspar32,2,False,26,0.402864931,1237769.5,1.7096092034014334,native,accepted
dubrovnik-356,caspar32,2,False,27,0.409928565,1237564.375,1.709325884424962,native,accepted
dubrovnik-356,caspar32,2,False,28,0.41700215,1237367.375,1.7090537877114218,native,accepted
dubrovnik-356,caspar32,2,False,29,0.424069603,1237164.75,1.708773921738929,native,accepted
dubrovnik-356,caspar32,2,False,30,0.431135398,1236975.875,1.7085130472883208,native,accepted
dubrovnik-356,caspar32,2,False,31,0.438212542,1236773.125,1.708233008665629,native,accepted
dubrovnik-356,caspar32,2,False,32,0.445254106,1236586.625,1.7079754145688006,native,accepted
dubrovnik-356,caspar32,2,False,33,0.45232063,1236377.375,1.7076863981357637,native,accepted
dubrovnik-356,caspar32,2,False,34,0.459384194,1236190.625,1.7074284587385373,native,accepted
dubrovnik-356,caspar32,2,False,35,0.466441418,1235985.0,1.70714444916127,native,accepted
dubrovnik-356,caspar32,2,False,36,0.473526582,1235801.625,1.7068911713194153,native,accepted
dubrovnik-356,caspar32,2,False,37,0.480598736,1235604.125,1.7066183840050795,native,accepted
dubrovnik-356,caspar32,2,False,38,0.4876678,1235424.0,1.7063695950683972,native,accepted
dubrovnik-356,caspar32,2,False,39,0.494746634,1235235.5,1.7061092385683856,native,accepted
dubrovnik-356,caspar32,2,False,40,0.501790878,1235057.125,1.7058628667344886,native,accepted
dubrovnik-356,caspar32,2,False,41,0.508853222,1234873.0,1.70560855299144,native,accepted
dubrovnik-356,caspar32,2,False,42,0.515908696,1234695.375,1.7053632170587367,native,accepted
dubrovnik-356,caspar32,2,False,43,0.52297061,1234513.875,1.705112528969866,native,accepted
dubrovnik-356,caspar32,2,False,44,0.530016804,1234339.875,1.7048721998929324,native,accepted
dubrovnik-356,caspar32,2,False,45,0.537076078,1234161.625,1.7046260007092342,native,accepted
dubrovnik-356,caspar32,2,False,46,0.544156312,1233988.375,1.7043867075334942,native,accepted
dubrovnik-356,caspar32,2,False,47,0.551243116,1233811.0,1.7041417169011888,native,accepted
dubrovnik-356,caspar32,2,False,48,0.558460231,1233640.25,1.7039058767294275,native,accepted
dubrovnik-356,caspar32,2,False,49,0.565546195,1233465.625,1.7036646844014989,native,accepted
dubrovnik-356,caspar32,2,False,50,0.572611479,1233296.625,1.7034312613325229,native,accepted
dubrovnik-356,caspar32,2,False,51,0.579678973,1233122.5,1.7031907596053901,native,accepted
dubrovnik-356,caspar32,2,False,52,0.586746297,1232956.375,1.70296130749099,native,accepted
dubrovnik-356,caspar32,2,False,53,0.593817721,1232783.75,1.7027228775662446,native,accepted
dubrovnik-356,caspar32,2,False,54,0.600890465,1232618.25,1.7024942887028391,native,accepted
dubrovnik-356,caspar32,2,False,55,0.607989659,1232445.625,1.7022558587780938,native,accepted
dubrovnik-356,caspar32,2,False,56,0.615055933,1232282.75,1.702030895568866,native,accepted
dubrovnik-356,caspar32,2,False,57,0.622130717,1232112.875,1.7017962639484976,native,accepted
dubrovnik-356,caspar32,2,False,58,0.629178781,1231950.0,1.70157130073927,native,accepted
dubrovnik-356,caspar32,2,False,59,0.636246205,1231780.5,1.7013371870694982,native,accepted
dubrovnik-356,caspar32,2,False,60,0.643316219,1231619.375,1.701114640963056,native,accepted
dubrovnik-356,caspar32,2,False,61,0.650388373,1231452.5,1.700884152947462,native,accepted
dubrovnik-356,caspar32,2,False,62,0.657449837,1231292.875,1.700663678643407,native,accepted
dubrovnik-356,caspar32,2,False,63,0.664526792,1231127.5,1.7004352624302006,native,accepted
dubrovnik-356,caspar32,2,False,64,0.671586445,1230967.0,1.700213579574753,native,accepted
dubrovnik-356,caspar32,2,False,65,0.67864387,1230802.625,1.6999865445631381,native,accepted
dubrovnik-356,caspar32,2,False,66,0.685752614,1230646.0,1.6997702138638577,native,accepted
dubrovnik-356,caspar32,2,False,67,0.692802868,1230482.25,1.6995440421032377,native,accepted
dubrovnik-356,caspar32,2,False,68,0.699871782,1230326.75,1.699329265255748,native,accepted
dubrovnik-356,caspar32,2,False,69,0.706948586,1230163.625,1.6991039567461224,native,accepted
dubrovnik-356,caspar32,2,False,70,0.71402456,1230008.25,1.6988893525488318,native,accepted
dubrovnik-356,caspar32,2,False,71,0.721085974,1229848.5,1.6986687055945777,native,accepted
dubrovnik-356,caspar32,2,False,72,0.728151228,1229694.375,1.6984558278992765,native,accepted
dubrovnik-356,caspar32,2,False,73,0.735222242,1229535.75,1.698236734796813,native,accepted
dubrovnik-356,caspar32,2,False,74,0.742292756,1229383.25,1.698026101554098,native,accepted
dubrovnik-356,caspar32,2,False,75,0.74936428,1229225.5,1.6978082170030273,native,accepted
dubrovnik-356,caspar32,2,False,76,0.756439614,1229074.625,1.6975998282128986,native,accepted
dubrovnik-356,caspar32,2,False,77,0.763510618,1228919.0,1.69738487871521,native,accepted
dubrovnik-356,caspar32,2,False,78,0.770598082,1228768.0,1.6971763172748824,native,accepted
dubrovnik-356,caspar32,2,False,79,0.777655217,1228614.25,1.6969639575301778,native,accepted
dubrovnik-356,caspar32,2,False,80,0.784975321,1228465.375,1.6967583311432324,native,accepted
dubrovnik-356,caspar32,2,False,81,0.792034785,1228311.0,1.6965451081475331,native,accepted
dubrovnik-356,caspar32,2,False,82,0.799103809,1228162.25,1.6963396544107865,native,accepted
dubrovnik-356,caspar32,2,False,83,0.806178333,1228010.75,1.696130402369663,native,accepted
dubrovnik-356,caspar32,2,False,84,0.813248747,1227863.25,1.695926675134906,native,accepted
dubrovnik-356,caspar32,2,False,85,0.820321861,1227712.875,1.6957189769455732,native,accepted
dubrovnik-356,caspar32,2,False,86,0.827382995,1227566.375,1.6955166309124075,native,accepted
dubrovnik-356,caspar32,2,False,87,0.834472159,1227418.25,1.6953120404266557,native,accepted
dubrovnik-356,caspar32,2,False,88,0.841536903,1227271.75,1.6951096943934902,native,accepted
dubrovnik-356,caspar32,2,False,89,0.848611447,1227123.875,1.6949054492081361,native,accepted
dubrovnik-356,caspar32,2,False,90,0.855687381,1226979.625,1.6947062108785516,native,accepted
dubrovnik-356,caspar32,2,False,91,0.862762075,1226833.625,1.694504555446182,native,accepted
dubrovnik-356,caspar32,2,False,92,0.869813899,1226690.25,1.6943065256679901,native,accepted
dubrovnik-356,caspar32,2,False,93,0.876891754,1226544.125,1.6941046975854213,native,accepted
dubrovnik-356,caspar32,2,False,94,0.883965607,1226401.375,1.6939075310582241,native,accepted
dubrovnik-356,caspar32,2,False,95,0.891038472,1226256.375,1.693707256827446,native,accepted
dubrovnik-356,caspar32,2,False,96,0.899773076,1226115.5,1.693512680053233,native,accepted
dubrovnik-356,caspar32,2,False,97,0.906850591,1225971.375,1.6933136143738474,native,accepted
dubrovnik-356,caspar32,2,False,98,0.913914965,1225831.125,1.6931199008506292,native,accepted
dubrovnik-356,caspar32,2,False,99,0.920990739,1225687.75,1.6929218710724374,native,accepted
dubrovnik-356,caspar32,2,False,100,0.928051143,1225548.125,1.692729020800214,native,accepted
dubrovnik-356,caspar32,2,False,101,0.935115677,1225406.875,1.692533926075404,native,accepted
dubrovnik-356,caspar32,2,False,102,0.942183571,1225268.625,1.692342974955369,native,accepted
dubrovnik-356,caspar32,2,False,103,0.949258555,1225127.375,1.6921478802305592,native,accepted
dubrovnik-356,caspar32,2,False,104,0.956326479,1224990.125,1.6919583103121156,native,accepted
dubrovnik-356,caspar32,2,False,105,0.963395743,1224851.25,1.6917664959410859,native,accepted
dubrovnik-356,caspar32,2,False,106,0.970460687,1224715.25,1.691578652524632,native,accepted
dubrovnik-356,caspar32,2,False,107,0.977533541,1224575.125,1.6913851116516125,native,accepted
dubrovnik-356,caspar32,2,False,108,0.984614435,1224439.5,1.6911977861857554,native,accepted
dubrovnik-356,caspar32,2,False,109,0.991687189,1224300.5,1.6910057991645266,native,accepted
dubrovnik-356,caspar32,2,False,110,0.998765283,1224167.25,1.6908217540524495,native,accepted
dubrovnik-356,caspar32,2,False,111,1.005835297,1224029.625,1.690631666183409,native,accepted
dubrovnik-356,caspar32,2,False,112,1.012898732,1223895.75,1.6904467578203373,native,accepted
dubrovnik-356,caspar32,2,False,113,1.019955256,1223760.25,1.690259605004679,native,accepted
dubrovnik-356,caspar32,2,False,114,1.027045,1223626.125,1.690074351341209,native,accepted
dubrovnik-356,caspar32,2,False,115,1.034117944,1223491.5,1.6898884070769435,native,accepted
dubrovnik-356,caspar32,2,False,116,1.041172538,1223358.625,1.6897048799154633,native,accepted
dubrovnik-356,caspar32,2,False,117,1.048228932,1223225.25,1.689520662153187,native,accepted
dubrovnik-356,caspar32,2,False,118,1.055295156,1223092.5,1.6893373076419056,native,accepted
dubrovnik-356,caspar32,2,False,119,1.06236173,1222960.125,1.689154471081221,native,accepted
dubrovnik-356,caspar32,2,False,120,1.069434884,1222829.5,1.6889740516233216,native,accepted
dubrovnik-356,caspar32,2,False,121,1.076496918,1222696.75,1.6887906971120403,native,accepted
dubrovnik-356,caspar32,2,False,122,1.083568872,1222566.125,1.688610277654141,native,accepted
dubrovnik-356,caspar32,2,False,123,1.090646216,1222434.625,1.688428649644849,native,accepted
dubrovnik-356,caspar32,2,False,124,1.0977067,1222306.0,1.6882509925901328,native,accepted
dubrovnik-356,caspar32,2,False,125,1.104763264,1222174.5,1.688069364580841,native,accepted
dubrovnik-356,caspar32,2,False,126,1.113469139,1222045.5,1.687891189575528,native,accepted
dubrovnik-356,caspar32,2,False,127,1.120545893,1221917.5,1.6877143957718064,native,accepted
dubrovnik-356,caspar32,2,False,128,1.127589607,1221787.625,1.6875350122151007,native,accepted
dubrovnik-356,caspar32,2,False,129,1.134661711,1221658.875,1.6873571825101856,native,accepted
dubrovnik-356,caspar32,2,False,130,1.141753366,1221533.125,1.6871834964100454,native,accepted
dubrovnik-356,caspar32,2,False,131,1.1488149,1221404.5,1.687005839355329,native,accepted
dubrovnik-356,caspar32,2,False,132,1.155891024,1221278.0,1.686831117353995,native,accepted
dubrovnik-356,caspar32,2,False,133,1.162954148,1221150.5,1.6866550141510694,native,accepted
dubrovnik-356,caspar32,2,False,134,1.170041262,1221024.625,1.68648115540073,native,accepted
dubrovnik-356,caspar32,2,False,135,1.177114586,1220897.625,1.6863057427986001,native,accepted
dubrovnik-356,caspar32,2,False,136,1.18416913,1220773.0,1.6861336105502502,native,accepted
dubrovnik-356,caspar32,2,False,137,1.191236474,1220647.375,1.6859600971003088,native,accepted
dubrovnik-356,caspar32,2,False,138,1.198311488,1220522.375,1.685787446901362,native,accepted
dubrovnik-356,caspar32,2,False,139,1.205379952,1220396.375,1.6856134155008238,native,accepted
dubrovnik-356,caspar32,2,False,140,1.212445506,1220272.75,1.6854426644540654,native,accepted
dubrovnik-356,caspar32,2,False,141,1.2195067,1220149.25,1.6852720860575061,native,accepted
dubrovnik-356,caspar32,2,False,142,1.226594114,1220025.125,1.685100644409952,native,accepted
dubrovnik-356,caspar32,2,False,143,1.233819438,1219902.0,1.6849305839639896,native,accepted
dubrovnik-356,caspar32,2,False,144,1.240900683,1219779.875,1.6847619047196187,native,accepted
dubrovnik-356,caspar32,2,False,145,1.247951587,1219656.75,1.684591844273656,native,accepted
dubrovnik-356,caspar32,2,False,146,1.255007861,1219535.125,1.684423855630081,native,accepted
dubrovnik-356,caspar32,2,False,147,1.262110925,1219412.625,1.6842546584351132,native,accepted
dubrovnik-356,caspar32,2,False,148,1.269158069,1219291.125,1.684086842441737,native,accepted
dubrovnik-356,caspar32,2,False,149,1.276209463,1219170.375,1.6839200623495545,native,accepted
dubrovnik-356,caspar32,2,False,150,1.283284077,1219048.625,1.6837519010557804,native,accepted
dubrovnik-356,caspar32,2,False,151,1.290366041,1218928.5,1.6835859842145926,native,accepted
dubrovnik-356,caspar32,2,False,152,1.297425425,1218807.75,1.68341920412241,native,accepted
dubrovnik-356,caspar32,2,False,153,1.304505009,1218688.125,1.683253977882018,native,accepted
dubrovnik-356,caspar32,2,False,154,1.311590363,1218568.5,1.683088751641626,native,accepted
dubrovnik-356,caspar32,2,False,155,1.318647277,1218448.5,1.6829230074506372,native,accepted
dubrovnik-356,caspar32,2,False,156,1.325710091,1218329.75,1.6827589897616377,native,accepted
dubrovnik-356,caspar32,2,False,157,1.332777595,1218210.25,1.6825939361714446,native,accepted
dubrovnik-356,caspar32,2,False,158,1.339831119,1218092.5,1.682431299684037,native,accepted
dubrovnik-356,caspar32,2,False,159,1.346903073,1217973.0,1.6822662460938438,native,accepted
dubrovnik-356,caspar32,2,False,160,1.353959647,1217855.75,1.6821043002072318,native,accepted
dubrovnik-356,caspar32,2,False,161,1.361011951,1217738.5,1.6819423543206198,native,accepted
dubrovnik-356,caspar32,2,False,162,1.368086916,1217621.0,1.68178006313361,native,accepted
dubrovnik-356,caspar32,2,False,163,1.375146829,1217503.5,1.6816177719466,native,accepted
dubrovnik-356,caspar32,2,False,164,1.382228904,1217387.875,1.6814580705125741,native,accepted
dubrovnik-356,caspar32,2,False,165,1.389301938,1217270.75,1.6812962972761611,native,accepted
dubrovnik-356,caspar32,2,False,166,1.396381562,1217155.25,1.6811367684923344,native,accepted
dubrovnik-356,caspar32,2,False,167,1.403471746,1217038.875,1.680976031157115,native,accepted
dubrovnik-356,caspar32,2,False,168,1.41054851,1216924.375,1.6808178835748797,native,accepted
dubrovnik-356,caspar32,2,False,169,1.417615404,1216807.75,1.6806568009392626,native,accepted
dubrovnik-356,caspar32,2,False,170,1.424673078,1216693.125,1.6804984807068284,native,accepted
dubrovnik-356,caspar32,2,False,171,1.431739712,1216577.75,1.6803391245732004,native,accepted
dubrovnik-356,caspar32,2,False,172,1.438810396,1216463.625,1.680181494941562,native,accepted
dubrovnik-356,caspar32,2,False,173,1.44587914,1216349.375,1.680023692659725,native,accepted
dubrovnik-356,caspar32,2,False,174,1.452953684,1216236.375,1.6798676168798772,native,accepted
dubrovnik-356,caspar32,2,False,175,1.460023218,1216121.75,1.679709296647443,native,accepted
dubrovnik-356,caspar32,2,False,176,1.467094022,1216009.625,1.6795544294189877,native,accepted
dubrovnik-356,caspar32,2,False,177,1.474136866,1215894.625,1.6793955912359568,native,accepted
dubrovnik-356,caspar32,2,False,178,1.48120254,1215782.75,1.6792410693078994,native,accepted
dubrovnik-356,caspar32,2,False,179,1.488269014,1215670.5,1.6790860294292453,native,accepted
dubrovnik-356,caspar32,2,False,180,1.495332478,1215557.5,1.6789299536493973,native,accepted
dubrovnik-356,caspar32,2,False,181,1.502382593,1215445.25,1.6787749137707433,native,accepted
dubrovnik-356,caspar32,2,False,182,1.509461327,1215332.5,1.6786191832912933,native,accepted
dubrovnik-356,caspar32,2,False,183,1.516541901,1215221.875,1.6784663878652255,native,accepted
dubrovnik-356,caspar32,2,False,184,1.523611165,1215110.75,1.6783129018383618,native,accepted
dubrovnik-356,caspar32,2,False,185,1.530652369,1214999.75,1.678159588461697,native,accepted
dubrovnik-356,caspar32,2,False,186,1.537711233,1214889.0,1.6780066203854305,native,accepted
dubrovnik-356,caspar32,2,False,187,1.544781727,1214777.375,1.6778524437577709,native,accepted
dubrovnik-356,caspar32,2,False,188,1.551837411,1214667.125,1.6777001662823,native,accepted
dubrovnik-356,caspar32,2,False,189,1.558898445,1214558.375,1.6775499606092164,native,accepted
dubrovnik-356,caspar32,2,False,190,1.566127299,1214448.5,1.6773982010843422,native,accepted
dubrovnik-356,caspar32,2,False,191,1.573203013,1214338.125,1.6772457509586722,native,accepted
dubrovnik-356,caspar32,2,False,192,1.580277327,1214228.25,1.6770939914337981,native,accepted
dubrovnik-356,caspar32,2,False,193,1.587349261,1214120.0,1.6769444763615102,native,accepted
dubrovnik-356,caspar32,2,False,194,1.594412475,1214011.875,1.6767951339394214,native,accepted
dubrovnik-356,caspar32,2,False,195,1.60148353,1213902.875,1.6766445829659398,native,accepted
dubrovnik-356,caspar32,2,False,196,1.608558654,1213793.75,1.6764938593422594,native,accepted
dubrovnik-356,caspar32,2,False,197,1.615625828,1213686.625,1.6763458981217618,native,accepted
dubrovnik-356,caspar32,2,False,198,1.622694802,1213579.5,1.6761979369012645,native,accepted
dubrovnik-356,caspar32,2,False,199,1.629750206,1213471.0,1.6760480765285788,native,accepted
dubrovnik-356,caspar32,2,False,200,1.63681904,1213363.75,1.6758999426578824,native,accepted
dubrovnik-356,caspar32,2,False,201,1.643884524,1213256.375,1.6757516361369873,native,accepted
dubrovnik-356,caspar32,2,False,202,1.650940628,1213149.5,1.6756040202168878,native,accepted
dubrovnik-356,caspar32,2,False,203,1.657999232,1213043.125,1.6754570948975842,native,accepted
dubrovnik-356,caspar32,2,False,204,1.665052486,1212936.5,1.6753098242778828,native,accepted
dubrovnik-356,caspar32,2,False,205,1.67210566,1212830.0,1.6751627263083801,native,accepted
dubrovnik-356,caspar32,2,False,206,1.679173364,1212725.75,1.6750187360424584,native,accepted
dubrovnik-356,caspar32,2,False,207,1.686457778,1212618.5,1.6748706021717623,native,accepted
dubrovnik-356,caspar32,2,False,208,1.693522512,1212513.125,1.67472505805405,native,accepted
dubrovnik-356,caspar32,2,False,209,1.700566006,1212407.625,1.6745793412861392,native,accepted
dubrovnik-356,caspar32,2,False,210,1.70764916,1212302.0,1.674433451868029,native,accepted
dubrovnik-356,caspar32,2,False,211,1.714707564,1212198.25,1.6742901522029034,native,accepted
dubrovnik-356,caspar32,2,False,212,1.721760128,1212093.5,1.674145471336186,native,accepted
dubrovnik-356,caspar32,2,False,213,1.728807252,1211989.625,1.6740019990208612,native,accepted
dubrovnik-356,caspar32,2,False,214,1.735867096,1211885.0,1.6738574908043429,native,accepted
dubrovnik-356,caspar32,2,False,215,1.742958931,1211780.625,1.6737133278882224,native,accepted
dubrovnik-356,caspar32,2,False,216,1.750036415,1211676.375,1.6735693376223009,native,accepted
dubrovnik-356,caspar32,2,False,217,1.757105739,1211572.0,1.6734251747061804,native,accepted
dubrovnik-356,caspar32,2,False,218,1.764162413,1211470.0,1.6732842921438398,native,accepted
dubrovnik-356,caspar32,2,False,219,1.771224667,1211366.25,1.673140992478714,native,accepted
dubrovnik-356,caspar32,2,False,220,1.778283001,1211263.125,1.672998556064583,native,accepted
dubrovnik-356,caspar32,2,False,221,1.785353635,1211159.25,1.6728550837492582,native,accepted
dubrovnik-356,caspar32,2,False,222,1.792428569,1211057.0,1.6727138558865198,native,accepted
dubrovnik-356,caspar32,2,False,223,1.799477303,1210955.5,1.672573663924975,native,accepted
dubrovnik-356,caspar32,2,False,224,1.806538777,1210853.125,1.6724322634120377,native,accepted
dubrovnik-356,caspar32,2,False,225,1.813590321,1210750.875,1.6722910355492993,native,accepted
dubrovnik-356,caspar32,2,False,226,1.820660845,1210649.125,1.6721504982873567,native,accepted
dubrovnik-356,caspar32,2,False,227,1.827746289,1210547.75,1.6720104789760108,native,accepted
dubrovnik-356,caspar32,2,False,228,1.834800743,1210445.25,1.6718689058128746,native,accepted
dubrovnik-356,caspar32,2,False,229,1.841857248,1210344.75,1.6717300950529215,native,accepted
dubrovnik-356,caspar32,2,False,230,1.848944541,1210243.0,1.6715895577909787,native,accepted
dubrovnik-356,caspar32,2,False,231,1.856027156,1210143.625,1.6714523008828162,native,accepted
dubrovnik-356,caspar32,2,False,232,1.8631033,1210041.625,1.6713114183204756,native,accepted
dubrovnik-356,caspar32,2,False,233,1.870169634,1209943.25,1.6711755426139046,native,accepted
dubrovnik-356,caspar32,2,False,234,1.877237878,1209841.125,1.6710344874013652,native,accepted
dubrovnik-356,caspar32,2,False,235,1.884350832,1209741.75,1.6708972304932024,native,accepted
dubrovnik-356,caspar32,2,False,236,1.891425756,1209642.375,1.6707599735850398,native,accepted
dubrovnik-356,caspar32,2,False,237,1.89848899,1209542.125,1.6706215081254845,native,accepted
dubrovnik-356,caspar32,2,False,238,1.905790134,1209441.75,1.6704828700157304,native,accepted
dubrovnik-356,caspar32,2,False,239,1.912842448,1209344.0,1.670347857560154,native,accepted
dubrovnik-356,caspar32,2,False,240,1.919889292,1209243.375,1.6702088741500019,native,accepted
dubrovnik-356,caspar32,2,False,241,1.926955966,1209145.75,1.6700740343446245,native,accepted
dubrovnik-356,caspar32,2,False,242,1.93401318,1209046.125,1.669936432136064,native,accepted
dubrovnik-356,caspar32,2,False,243,1.941092905,1208947.25,1.6697998658286972,native,accepted
dubrovnik-356,caspar32,2,False,244,1.948164109,1208850.25,1.6696658892743144,native,accepted
dubrovnik-356,caspar32,2,False,245,1.955234613,1208752.375,1.6695307041685392,native,accepted
dubrovnik-356,caspar32,2,False,246,1.962308867,1208654.625,1.6693956917129629,native,accepted
dubrovnik-356,caspar32,2,False,247,1.969375491,1208557.25,1.6692611972079834,native,accepted
dubrovnik-356,caspar32,2,False,248,1.976421815,1208458.125,1.6691242856002186,native,accepted
dubrovnik-356,caspar32,2,False,249,1.983496519,1208361.625,1.6689909996466317,native,accepted
dubrovnik-356,caspar32,2,False,250,1.990547873,1208263.875,1.6688559871910553,native,accepted
dubrovnik-356,caspar32,2,False,251,1.997620257,1208167.0,1.6687221832868717,native,accepted
dubrovnik-356,caspar32,2,False,252,2.004677481,1208070.25,1.668588552032887,native,accepted
dubrovnik-356,caspar32,2,False,253,2.011736965,1207973.75,1.6684552660793002,native,accepted
dubrovnik-356,caspar32,2,False,254,2.018815549,1207876.0,1.6683202536237238,native,accepted
dubrovnik-356,caspar32,2,False,255,2.025888203,1207781.625,1.668189902723519,native,accepted
dubrovnik-356,caspar32,2,False,256,2.032930807,1207685.25,1.668056789420131,native,accepted
dubrovnik-356,caspar32,2,False,257,2.039980421,1207589.625,1.6679247120179368,native,accepted
dubrovnik-356,caspar32,2,False,258,2.047080905,1207493.625,1.6677921166651457,native,accepted
dubrovnik-356,caspar32,2,False,259,2.054124669,1207397.0,1.66765865806136,native,accepted
dubrovnik-356,caspar32,2,False,260,2.061191133,1207301.875,1.6675272712599616,native,accepted
dubrovnik-356,caspar32,2,False,261,2.068255898,1207206.375,1.6673953665079662,native,accepted
dubrovnik-356,caspar32,2,False,262,2.075334791,1207111.125,1.6672638070563688,native,accepted
dubrovnik-356,caspar32,2,False,263,2.082399546,1207016.5,1.667133110855766,native,accepted
dubrovnik-356,caspar32,2,False,264,2.089467839,1206920.875,1.6670010334535719,native,accepted
dubrovnik-356,caspar32,2,False,265,2.096527304,1206828.0,1.6668727543557544,native,accepted
dubrovnik-356,caspar32,2,False,266,2.103595948,1206732.75,1.666741194904157,native,accepted
dubrovnik-356,caspar32,2,False,267,2.110670592,1206637.625,1.6666098081027587,native,accepted
dubrovnik-356,caspar32,2,False,268,2.117736496,1206543.5,1.6664798025029517,native,accepted
dubrovnik-356,caspar32,2,False,269,2.12478733,1206450.25,1.6663510054545374,native,accepted
dubrovnik-356,caspar32,2,False,270,2.131857074,1206355.25,1.666219791303338,native,accepted
dubrovnik-356,caspar32,2,False,271,2.138907158,1206262.125,1.6660911669051226,native,accepted
dubrovnik-356,caspar32,2,False,272,2.145977882,1206168.125,1.6659613339555148,native,accepted
dubrovnik-356,caspar32,2,False,273,2.153036636,1206074.375,1.6658318463063047,native,accepted
dubrovnik-356,caspar32,2,False,274,2.16010897,1205981.875,1.665704085159084,native,accepted
dubrovnik-356,caspar32,2,False,275,2.167192794,1205888.375,1.665574942810272,native,accepted
dubrovnik-356,caspar32,2,False,276,2.174261048,1205795.5,1.6654466637124545,native,accepted
dubrovnik-356,caspar32,2,False,277,2.181310342,1205703.25,1.665319247865632,native,accepted
dubrovnik-356,caspar32,2,False,278,2.188395336,1205610.375,1.6651909687678146,native,accepted
dubrovnik-356,caspar32,2,False,279,2.19546826,1205516.875,1.6650618264190022,native,accepted
dubrovnik-356,caspar32,2,False,280,2.202538915,1205425.75,1.6649359644239703,native,accepted
dubrovnik-356,caspar32,2,False,281,2.209616319,1205334.125,1.6648094118281422,native,accepted
dubrovnik-356,caspar32,2,False,282,2.216690343,1205241.625,1.6646816506809217,native,accepted
dubrovnik-356,caspar32,2,False,283,2.223742637,1205150.0,1.6645550980850938,native,accepted
dubrovnik-356,caspar32,2,False,284,2.230796601,1205058.25,1.6644283728390667,native,accepted
dubrovnik-356,caspar32,2,False,285,2.238277965,1204966.875,1.6643021655436367,native,accepted
dubrovnik-356,caspar32,2,False,286,2.245350829,1204875.375,1.6641757855980077,native,accepted
dubrovnik-356,caspar32,2,False,287,2.252406853,1204783.375,1.664048715051583,native,accepted
dubrovnik-356,caspar32,2,False,288,2.259457927,1204691.5,1.6639218171553571,native,accepted
dubrovnik-356,caspar32,2,False,289,2.266507401,1204602.0,1.6637981996129114,native,accepted
dubrovnik-356,caspar32,2,False,290,2.273595235,1204510.625,1.6636719923174812,native,accepted
dubrovnik-356,caspar32,2,False,291,2.280659539,1204419.125,1.6635456123718524,native,accepted
dubrovnik-356,caspar32,2,False,292,2.287725533,1204328.75,1.6634207862780137,native,accepted
dubrovnik-356,caspar32,2,False,293,2.294788817,1204238.5,1.6632961328343743,native,accepted
dubrovnik-356,caspar32,2,False,294,2.301845012,1204147.75,1.663170788789939,native,accepted
dubrovnik-356,caspar32,2,False,295,2.308907426,1204058.625,1.6630476891980899,native,accepted
dubrovnik-356,caspar32,2,False,296,2.31596589,1203968.125,1.6629226904540526,native,accepted
dubrovnik-356,caspar32,2,False,297,2.323031534,1203877.875,1.662798037010413,native,accepted
dubrovnik-356,caspar32,2,False,298,2.330087758,1203789.375,1.6626758006695588,native,accepted
dubrovnik-356,caspar32,2,False,299,2.337158462,1203699.5,1.662551665176516,native,accepted
dubrovnik-356,caspar32,2,False,300,2.344216886,1203610.125,1.662428220284269,native,accepted
dubrovnik-356,caspar32,2,False,301,2.35128285,1203521.0,1.6623051206924202,native,accepted
dubrovnik-356,caspar32,2,False,302,2.358352954,1203430.875,1.6621806398989796,native,accepted
dubrovnik-356,caspar32,2,False,303,2.365433088,1203343.375,1.6620597847597167,native,accepted
dubrovnik-356,caspar32,2,False,304,2.372501132,1203253.25,1.6619353039662763,native,accepted
dubrovnik-356,caspar32,2,False,305,2.379565926,1203165.25,1.6618137582262178,native,accepted
dubrovnik-356,caspar32,2,False,306,2.38664753,1203076.125,1.6616906586343687,native,accepted
dubrovnik-356,caspar32,2,False,307,2.393707624,1202988.5,1.661569630844907,native,accepted
dubrovnik-356,caspar32,2,False,308,2.400772108,1202899.125,1.6614461859526601,native,accepted
dubrovnik-356,caspar32,2,False,309,2.407845313,1202811.75,1.6613255034635965,native,accepted
dubrovnik-356,caspar32,2,False,310,2.414921406,1202722.5,1.6612022312215484,native,accepted
dubrovnik-356,caspar32,2,False,311,2.42199565,1202635.625,1.6610822393332805,native,accepted
dubrovnik-356,caspar32,2,False,312,2.429062485,1202548.0,1.6609612115438188,native,accepted
dubrovnik-356,caspar32,2,False,313,2.436118978,1202460.625,1.6608405290547552,native,accepted
dubrovnik-356,caspar32,2,False,314,2.443190763,1202372.625,1.6607189833146967,native,accepted
dubrovnik-356,caspar32,2,False,315,2.450286087,1202285.875,1.6605991640766276,native,accepted
dubrovnik-356,caspar32,2,False,316,2.457339091,1202197.875,1.660477618336569,native,accepted
dubrovnik-356,caspar32,2,False,317,2.464413275,1202111.5,1.660358317049097,native,accepted
dubrovnik-356,caspar32,2,False,318,2.471482779,1202024.0,1.6602374619098341,native,accepted
dubrovnik-356,caspar32,2,False,319,2.478551773,1201937.625,1.660118160622362,native,accepted
dubrovnik-356,caspar32,2,False,320,2.485627877,1201850.375,1.6599976507834973,native,accepted
dubrovnik-356,caspar32,2,False,321,2.492676621,1201764.25,1.659878694796423,native,accepted
dubrovnik-356,caspar32,2,False,322,2.499732125,1201678.0,1.6597595661591498,native,accepted
dubrovnik-356,caspar32,2,False,323,2.506799259,1201592.25,1.6596411281226722,native,accepted
dubrovnik-356,caspar32,2,False,324,2.513851583,1201506.0,1.6595219994853991,native,accepted
dubrovnik-356,caspar32,2,False,325,2.520906147,1201420.125,1.6594033887987227,native,accepted
dubrovnik-356,caspar32,2,False,326,2.527982551,1201332.875,1.659282878959858,native,accepted
dubrovnik-356,caspar32,2,False,327,2.535044575,1201247.125,1.6591644409233803,native,accepted
dubrovnik-356,caspar32,2,False,328,2.54210371,1201160.375,1.6590446216853114,native,accepted
dubrovnik-356,caspar32,2,False,329,2.549164834,1201076.375,1.658928600751619,native,accepted
dubrovnik-356,caspar32,2,False,330,2.556234248,1200989.875,1.658809126813948,native,accepted
dubrovnik-356,caspar32,2,False,331,2.563304032,1200905.25,1.6586922426292612,native,accepted
dubrovnik-356,caspar32,2,False,332,2.570505006,1200820.0,1.6585744951935795,native,accepted
dubrovnik-356,caspar32,2,False,333,2.57756761,1200735.75,1.6584581289594893,native,accepted
dubrovnik-356,caspar32,2,False,334,2.584631044,1200649.875,1.658339518272813,native,accepted
dubrovnik-356,caspar32,2,False,335,2.591696438,1200565.375,1.658222806738325,native,accepted
dubrovnik-356,caspar32,2,False,336,2.598756912,1200480.5,1.6581055772532403,native,accepted
dubrovnik-356,caspar32,2,False,337,2.605790576,1200394.75,1.6579871392167627,native,accepted
dubrovnik-356,caspar32,2,False,338,2.61285386,1200310.125,1.6578702550320759,native,accepted
dubrovnik-356,caspar32,2,False,339,2.619925214,1200227.375,1.6577559606003731,native,accepted
dubrovnik-356,caspar32,2,False,340,2.626986258,1200142.875,1.6576392490658851,native,accepted
dubrovnik-356,caspar32,2,False,341,2.634049462,1200058.25,1.657522364881198,native,accepted
dubrovnik-356,caspar32,2,False,342,2.641119786,1199973.75,1.65740565334671,native,accepted
dubrovnik-356,caspar32,2,False,343,2.64817333,1199890.125,1.6572901503636148,native,accepted
dubrovnik-356,caspar32,2,False,344,2.655237975,1199806.125,1.6571741294299227,native,accepted
dubrovnik-356,caspar32,2,False,345,2.662360179,1199723.375,1.65705983499822,native,accepted
dubrovnik-356,caspar32,2,False,346,2.669438363,1199640.0,1.6569446773155225,native,accepted
dubrovnik-356,caspar32,2,False,347,2.676520397,1199555.75,1.6568283110814324,native,accepted
dubrovnik-356,caspar32,2,False,348,2.683584051,1199472.375,1.656713153398735,native,accepted
dubrovnik-356,caspar32,2,False,349,2.690646355,1199389.0,1.6565979957160375,native,accepted
dubrovnik-356,caspar32,2,False,350,2.697709949,1199307.125,1.6564849098357273,native,accepted
dubrovnik-356,caspar32,2,False,351,2.704783733,1199223.0,1.6563687162518361,native,accepted
dubrovnik-356,caspar32,2,False,352,2.711839077,1199140.75,1.6562551124209293,native,accepted
dubrovnik-356,caspar32,2,False,353,2.718909321,1199058.625,1.6561416812402212,native,accepted
dubrovnik-356,caspar32,2,False,354,2.725967795,1198974.75,1.656025832956728,native,accepted
dubrovnik-356,caspar32,2,False,355,2.733061069,1198892.75,1.6559125744262189,native,accepted
dubrovnik-356,caspar32,2,False,356,2.740123813,1198809.25,1.6557972440933226,native,accepted
dubrovnik-356,caspar32,2,False,357,2.747186967,1198727.375,1.6556841582130124,native,accepted
dubrovnik-356,caspar32,2,False,358,2.754262791,1198644.25,1.6555693458307128,native,accepted
dubrovnik-356,caspar32,2,False,359,2.761317845,1198564.125,1.655458677053188,native,accepted
dubrovnik-356,caspar32,2,False,360,2.768370369,1198481.5,1.6553445552716843,native,accepted
dubrovnik-356,caspar32,2,False,361,2.775431343,1198400.0,1.655231987341971,native,accepted
dubrovnik-356,caspar32,2,False,362,2.782507117,1198318.375,1.6551192467620588,native,accepted
dubrovnik-356,caspar32,2,False,363,2.789574141,1198236.625,1.6550063335319476,native,accepted
dubrovnik-356,caspar32,2,False,364,2.796636816,1198154.625,1.6548930750014386,native,accepted
dubrovnik-356,caspar32,2,False,365,2.80371328,1198074.25,1.6547820609235158,native,accepted
dubrovnik-356,caspar32,2,False,366,2.810759474,1197991.375,1.6546675938416142,native,accepted
dubrovnik-356,caspar32,2,False,367,2.817805168,1197910.375,1.6545557165126967,native,accepted
dubrovnik-356,caspar32,2,False,368,2.824868892,1197828.75,1.6544429759327846,native,accepted
dubrovnik-356,caspar32,2,False,369,2.831935216,1197749.375,1.6543333430564533,native,accepted
dubrovnik-356,caspar32,2,False,370,2.83901721,1197667.375,1.6542200845259443,native,accepted
dubrovnik-356,caspar32,2,False,371,2.846070434,1197588.125,1.654110624299812,native,accepted
dubrovnik-356,caspar32,2,False,372,2.853139388,1197506.0,1.653997193119104,native,accepted
dubrovnik-356,caspar32,2,False,373,2.860210862,1197425.25,1.6538856610905845,native,accepted
dubrovnik-356,caspar32,2,False,374,2.867284466,1197344.5,1.653774129062065,native,accepted
dubrovnik-356,caspar32,2,False,375,2.8743612,1197263.75,1.6536625970335452,native,accepted
dubrovnik-356,caspar32,2,False,376,2.881427584,1197183.75,1.6535521009062195,native,accepted
dubrovnik-356,caspar32,2,False,377,2.888480888,1197104.0,1.6534419500792914,native,accepted
dubrovnik-356,caspar32,2,False,378,2.895554162,1197023.25,1.6533304180507717,native,accepted
dubrovnik-356,caspar32,2,False,379,2.902626086,1196944.25,1.6532213031250376,native,accepted
dubrovnik-356,caspar32,2,False,380,2.909860391,1196863.75,1.6531101163969157,native,accepted
dubrovnik-356,caspar32,2,False,381,2.916925325,1196784.125,1.6530001382201869,native,accepted
dubrovnik-356,caspar32,2,False,382,2.923990179,1196703.5,1.6528887788418662,native,accepted
dubrovnik-356,caspar32,2,False,383,2.931059393,1196625.625,1.6527812177679224,native,accepted
dubrovnik-356,caspar32,2,False,384,2.938122997,1196546.25,1.6526715848915912,native,accepted
dubrovnik-356,caspar32,2,False,385,2.945185381,1196466.5,1.6525614340646633,native,accepted
dubrovnik-356,caspar32,2,False,386,2.952258095,1196388.25,1.6524533550401226,native,accepted
dubrovnik-356,caspar32,2,False,387,2.959335189,1196309.0,1.6523438948139904,native,accepted
dubrovnik-356,caspar32,2,False,388,2.966411313,1196228.375,1.6522325354356697,native,accepted
dubrovnik-356,caspar32,2,False,389,2.973473817,1196149.875,1.6521241111107312,native,accepted
dubrovnik-356,caspar32,2,False,390,2.980562461,1196071.25,1.6520155141355937,native,accepted
dubrovnik-356,caspar32,2,False,391,2.987627945,1195991.875,1.6519058812592624,native,accepted
dubrovnik-356,caspar32,2,False,392,2.994688969,1195913.625,1.6517978022347217,native,accepted
dubrovnik-356,caspar32,2,False,393,3.001756823,1195835.0,1.6516892052595844,native,accepted
dubrovnik-356,caspar32,2,False,394,3.008817238,1195755.625,1.6515795723832531,native,accepted
dubrovnik-356,caspar32,2,False,395,3.015879491,1195678.125,1.6514725292599062,native,accepted
dubrovnik-356,caspar32,2,False,396,3.022955255,1195599.375,1.6513637596345698,native,accepted
dubrovnik-356,caspar32,2,False,397,3.03002689,1195521.25,1.6512558532602282,native,accepted
dubrovnik-356,caspar32,2,False,398,3.037080154,1195442.25,1.6511467383344938,native,accepted
dubrovnik-356,caspar32,2,False,399,3.044146008,1195365.375,1.6510405584621415,native,accepted
dubrovnik-356,caspar32,2,False,400,3.051210062,1195287.25,1.6509326520877998,native,accepted
dubrovnik-356,caspar32,2,False,401,3.058269426,1195208.875,1.6508244004130603,native,accepted
dubrovnik-356,caspar32,2,False,402,3.06534417,1195132.375,1.650718738491305,native,accepted
dubrovnik-356,caspar32,2,False,403,3.072422764,1195053.375,1.6506096235655705,native,accepted
dubrovnik-356,caspar32,2,False,404,3.079488228,1194976.75,1.6505037889936163,native,accepted
dubrovnik-356,caspar32,2,False,405,3.086559822,1194899.625,1.6503972638208662,native,accepted
dubrovnik-356,caspar32,2,False,406,3.093604336,1194821.625,1.6502895300967233,native,accepted
dubrovnik-356,caspar32,2,False,407,3.10068315,1194745.125,1.6501838681749679,native,accepted
dubrovnik-356,caspar32,2,False,408,3.107744044,1194667.75,1.65007699770182,native,accepted
dubrovnik-356,caspar32,2,False,409,3.114825258,1194590.0,1.6499696092780751,native,accepted
dubrovnik-356,caspar32,2,False,410,3.121889522,1194512.625,1.649862738804927,native,accepted
dubrovnik-356,caspar32,2,False,411,3.128956366,1194437.0,1.6497582854345643,native,accepted
dubrovnik-356,caspar32,2,False,412,3.13602083,1194359.75,1.6496515876116151,native,accepted
dubrovnik-356,caspar32,2,False,413,3.143082504,1194283.875,1.6495467889408546,native,accepted
dubrovnik-356,caspar32,2,False,414,3.150152948,1194207.125,1.6494407817187013,native,accepted
dubrovnik-356,caspar32,2,False,415,3.157236373,1194130.375,1.6493347744965479,native,accepted
dubrovnik-356,caspar32,2,False,416,3.164316917,1194054.0,1.6492292852249915,native,accepted
dubrovnik-356,caspar32,2,False,417,3.171397251,1193978.75,1.6491253498052256,native,accepted
dubrovnik-356,caspar32,2,False,418,3.178466725,1193901.625,1.6490188246324755,native,accepted
dubrovnik-356,caspar32,2,False,419,3.185539649,1193825.75,1.6489140259617148,native,accepted
dubrovnik-356,caspar32,2,False,420,3.192615973,1193749.0,1.6488080187395615,native,accepted
dubrovnik-356,caspar32,2,False,421,3.199661017,1193673.25,1.6487033927189998,native,accepted
dubrovnik-356,caspar32,2,False,422,3.206726161,1193597.375,1.648598594048239,native,accepted
dubrovnik-356,caspar32,2,False,423,3.213778355,1193522.5,1.64849517657907,native,accepted
dubrovnik-356,caspar32,2,False,424,3.220840649,1193445.625,1.6483889967067178,native,accepted
dubrovnik-356,caspar32,2,False,425,3.227893903,1193370.75,1.6482855792375488,native,accepted
dubrovnik-356,caspar32,2,False,426,3.234973937,1193294.25,1.6481799173157934,native,accepted
dubrovnik-356,caspar32,2,False,427,3.242242561,1193220.25,1.648077708398017,native,accepted
dubrovnik-356,caspar32,2,False,428,3.249332096,1193143.625,1.6479718738260625,native,accepted
dubrovnik-356,caspar32,2,False,429,3.25640421,1193069.625,1.647869664908286,native,accepted
dubrovnik-356,caspar32,2,False,430,3.263468684,1192993.625,1.6477646935873265,native,accepted
dubrovnik-356,caspar32,2,False,431,3.270520738,1192918.875,1.6476614487683563,native,accepted
dubrovnik-356,caspar32,2,False,432,3.277599412,1192844.125,1.6475582039493861,native,accepted
dubrovnik-356,caspar32,2,False,433,3.284677426,1192769.125,1.6474546138300181,native,accepted
dubrovnik-356,caspar32,2,False,434,3.29172656,1192693.875,1.6473506784102523,native,accepted
dubrovnik-356,caspar32,2,False,435,3.298802304,1192618.875,1.6472470882908843,native,accepted
dubrovnik-356,caspar32,2,False,436,3.305861398,1192544.375,1.647144188772312,native,accepted
dubrovnik-356,caspar32,2,False,437,3.312929342,1192470.875,1.6470426704553314,native,accepted
dubrovnik-356,caspar32,2,False,438,3.320003136,1192395.5,1.6469385623853665,native,accepted
dubrovnik-356,caspar32,2,False,439,3.32707468,1192320.625,1.6468351449161973,native,accepted
dubrovnik-356,caspar32,2,False,440,3.334147354,1192245.75,1.6467317274470283,native,accepted
dubrovnik-356,caspar32,2,False,441,3.341217998,1192173.125,1.6466314176814403,native,accepted
dubrovnik-356,caspar32,2,False,442,3.348287562,1192098.5,1.6465283455126691,native,accepted
dubrovnik-356,caspar32,2,False,443,3.355352226,1192024.75,1.6464264818952905,native,accepted
dubrovnik-356,caspar32,2,False,444,3.36241815,1191950.25,1.6463235823767182,native,accepted
dubrovnik-356,caspar32,2,False,445,3.369468734,1191876.0,1.6462210281585439,native,accepted
dubrovnik-356,caspar32,2,False,446,3.376538929,1191802.0,1.6461188192407674,native,accepted
dubrovnik-356,caspar32,2,False,447,3.383604213,1191728.25,1.6460169556233888,native,accepted
dubrovnik-356,caspar32,2,False,448,3.390665367,1191654.5,1.6459150920060104,native,accepted
dubrovnik-356,caspar32,2,False,449,3.397736701,1191581.625,1.6458144369400243,native,accepted
dubrovnik-356,caspar32,2,False,450,3.404815835,1191507.5,1.645712055372049,native,accepted
dubrovnik-356,caspar32,2,False,451,3.411883179,1191434.125,1.6456107097052672,native,accepted
dubrovnik-356,caspar32,2,False,452,3.418960293,1191361.5,1.6455103999396792,native,accepted
dubrovnik-356,caspar32,2,False,453,3.426013527,1191288.5,1.6454095722234943,native,accepted
dubrovnik-356,caspar32,2,False,454,3.433065691,1191213.5,1.6453059821041263,native,accepted
dubrovnik-356,caspar32,2,False,455,3.440143015,1191141.125,1.6452060176389363,native,accepted
dubrovnik-356,caspar32,2,False,456,3.447200739,1191067.5,1.6451043266717564,native,accepted
dubrovnik-356,caspar32,2,False,457,3.454263283,1190995.5,1.6450048801571633,native,accepted
dubrovnik-356,caspar32,2,False,458,3.461337067,1190921.375,1.6449024985891878,native,accepted
dubrovnik-356,caspar32,2,False,459,3.468404321,1190850.25,1.6448042606259872,native,accepted
dubrovnik-356,caspar32,2,False,460,3.475457775,1190776.375,1.6447022243584097,native,accepted
dubrovnik-356,caspar32,2,False,461,3.482517969,1190704.5,1.6446029504940152,native,accepted
dubrovnik-356,caspar32,2,False,462,3.489603933,1190630.5,1.6445007415762387,native,accepted
dubrovnik-356,caspar32,2,False,463,3.496661327,1190558.0,1.6444006044608497,native,accepted
dubrovnik-356,caspar32,2,False,464,3.503735162,1190486.25,1.6443015032466544,native,accepted
dubrovnik-356,caspar32,2,False,465,3.510807756,1190414.25,1.644202056732061,native,accepted
dubrovnik-356,caspar32,2,False,466,3.51786309,1190341.375,1.644101401666075,native,accepted
dubrovnik-356,caspar32,2,False,467,3.524926484,1190268.0,1.6440000559992933,native,accepted
dubrovnik-356,caspar32,2,False,468,3.532003508,1190196.125,1.643900782134899,native,accepted
dubrovnik-356,caspar32,2,False,469,3.539068382,1190124.75,1.6438021988713003,native,accepted
dubrovnik-356,caspar32,2,False,470,3.546124606,1190052.625,1.6437025797065081,native,accepted
dubrovnik-356,caspar32,2,False,471,3.5531906,1189980.75,1.6436033058421138,native,accepted
dubrovnik-356,caspar32,2,False,472,3.560258054,1189908.5,1.6435035140271226,native,accepted
dubrovnik-356,caspar32,2,False,473,3.567310208,1189837.625,1.6434056213643198,native,accepted
dubrovnik-356,caspar32,2,False,474,3.574546112,1189764.5,1.6433046209979358,native,accepted
dubrovnik-356,caspar32,2,False,475,3.581602276,1189693.25,1.6432062103845364,native,accepted
dubrovnik-356,caspar32,2,False,476,3.58866601,1189620.875,1.6431062459193462,native,accepted
dubrovnik-356,caspar32,2,False,477,3.595725024,1189551.25,1.6430100797585327,native,accepted
dubrovnik-356,caspar32,2,False,478,3.602793579,1189478.625,1.642909769992945,native,accepted
dubrovnik-356,caspar32,2,False,479,3.609857523,1189407.875,1.642812049980341,native,accepted
dubrovnik-356,caspar32,2,False,480,3.616935917,1189335.5,1.642712085515151,native,accepted
dubrovnik-356,caspar32,2,False,481,3.623993521,1189265.0,1.642614710802945,native,accepted
dubrovnik-356,caspar32,2,False,482,3.631066085,1189193.125,1.6425154369385504,native,accepted
dubrovnik-356,caspar32,2,False,483,3.638142609,1189121.875,1.642417026325151,native,accepted
dubrovnik-356,caspar32,2,False,484,3.645202963,1189051.0,1.6423191336623482,native,accepted
dubrovnik-356,caspar32,2,False,485,3.652279147,1188980.875,1.642222276900739,native,accepted
dubrovnik-356,caspar32,2,False,486,3.659357361,1188909.375,1.6421235209869414,native,accepted
dubrovnik-356,caspar32,2,False,487,3.666409855,1188839.5,1.6420270095257303,native,accepted
dubrovnik-356,caspar32,2,False,488,3.673484999,1188767.75,1.6419279083115348,native,accepted
dubrovnik-356,caspar32,2,False,489,3.680539393,1188696.75,1.6418298429985332,native,accepted
dubrovnik-356,caspar32,2,False,490,3.687619937,1188625.75,1.6417317776855314,native,accepted
dubrovnik-356,caspar32,2,False,491,3.694675021,1188555.75,1.6416350935741213,native,accepted
dubrovnik-356,caspar32,2,False,492,3.701749305,1188485.125,1.6415375462117163,native,accepted
dubrovnik-356,caspar32,2,False,493,3.708839169,1188415.0,1.6414406894501072,native,accepted
dubrovnik-356,caspar32,2,False,494,3.715912673,1188344.5,1.6413433147379013,native,accepted
dubrovnik-356,caspar32,2,False,495,3.723005797,1188274.375,1.6412464579762922,native,accepted
dubrovnik-356,caspar32,2,False,496,3.730092761,1188204.125,1.641149428564484,native,accepted
dubrovnik-356,caspar32,2,False,497,3.737159516,1188134.75,1.6410536077040687,native,accepted
dubrovnik-356,caspar32,2,False,498,3.744218109,1188064.25,1.6409562329918628,native,accepted
dubrovnik-356,caspar32,2,False,499,3.751289434,1187994.625,1.6408600668310493,native,accepted
dubrovnik-356,caspar32,2,False,500,3.758349828,1187924.5,1.6407632100694403,native,accepted
dubrovnik-356,caspar32,2,False,501,3.765398232,1187854.25,1.6406661806576321,native,accepted
dubrovnik-356,caspar32,2,False,502,3.772461356,1187783.875,1.6405689785956252,native,accepted
dubrovnik-356,caspar32,2,False,503,3.77953304,1187714.625,1.6404733303854087,native,accepted
dubrovnik-356,caspar32,2,False,504,3.786596464,1187644.875,1.6403769915743964,native,accepted
dubrovnik-356,caspar32,2,False,505,3.793692018,1187575.75,1.6402815160143789,native,accepted
dubrovnik-356,caspar32,2,False,506,3.800751932,1187506.25,1.6401855225037645,native,accepted
dubrovnik-356,caspar32,2,False,507,3.807816446,1187436.5,1.6400891836927523,native,accepted
dubrovnik-356,caspar32,2,False,508,3.81487592,1187366.875,1.639993017531939,native,accepted
dubrovnik-356,caspar32,2,False,509,3.821946934,1187298.0,1.6398978872723193,native,accepted
dubrovnik-356,caspar32,2,False,510,3.829010408,1187227.375,1.6398003399099144,native,accepted
dubrovnik-356,caspar32,2,False,511,3.836076462,1187159.75,1.6397069361522842,native,accepted
dubrovnik-356,caspar32,2,False,512,3.843134336,1187089.75,1.6396102520408742,native,accepted
dubrovnik-356,caspar32,2,False,513,3.850200621,1187021.5,1.6395159850322492,native,accepted
dubrovnik-356,caspar32,2,False,514,3.857302985,1186952.25,1.6394203368220326,native,accepted
dubrovnik-356,caspar32,2,False,515,3.864383789,1186882.875,1.6393245159616172,native,accepted
dubrovnik-356,caspar32,2,False,516,3.871440973,1186812.5,1.6392273138996103,native,accepted
dubrovnik-356,caspar32,2,False,517,3.878503387,1186746.0,1.6391354639937705,native,accepted
dubrovnik-356,caspar32,2,False,518,3.885557641,1186676.875,1.639039988433753,native,accepted
dubrovnik-356,caspar32,2,False,519,3.892635895,1186608.625,1.6389457214251282,native,accepted
dubrovnik-356,caspar32,2,False,520,3.899698509,1186539.625,1.6388504185153097,native,accepted
dubrovnik-356,caspar32,2,False,521,3.906772913,1186471.125,1.6387558062062868,native,accepted
dubrovnik-356,caspar32,2,False,522,3.914026977,1186401.625,1.6386598126956724,native,accepted
dubrovnik-356,caspar32,2,False,523,3.921094181,1186334.875,1.6385676174894348,native,accepted
dubrovnik-356,caspar32,2,False,524,3.928172455,1186265.625,1.6384719692792185,native,accepted
dubrovnik-356,caspar32,2,False,525,3.935236669,1186197.0,1.6383771843199966,native,accepted
dubrovnik-356,caspar32,2,False,526,3.942323993,1186128.875,1.6382830899615706,native,accepted
dubrovnik-356,caspar32,2,False,527,3.949385427,1186061.125,1.6381895135537416,native,accepted
dubrovnik-356,caspar32,2,False,528,3.956449471,1185993.25,1.6380957644957135,native,accepted
dubrovnik-356,caspar32,2,False,529,3.963497726,1185924.75,1.6380011521866906,native,accepted
dubrovnik-356,caspar32,2,False,530,3.9705678,1185857.25,1.6379079210792595,native,accepted
dubrovnik-356,caspar32,2,False,531,3.977623444,1185789.375,1.6378141720212314,native,accepted
dubrovnik-356,caspar32,2,False,532,3.984688358,1185720.5,1.6377190417616116,native,accepted
dubrovnik-356,caspar32,2,False,533,3.991769952,1185654.0,1.637627191855772,native,accepted
dubrovnik-356,caspar32,2,False,534,3.998862356,1185585.625,1.6375327521969483,native,accepted
dubrovnik-356,caspar32,2,False,535,4.00590515,1185518.5,1.6374400390401138,native,accepted
dubrovnik-356,caspar32,2,False,536,4.012985224,1185451.0,1.6373468079326827,native,accepted
dubrovnik-356,caspar32,2,False,537,4.020066888,1185383.5,1.6372535768252514,native,accepted
dubrovnik-356,caspar32,2,False,538,4.027147062,1185315.5,1.6371596551170244,native,accepted
dubrovnik-356,caspar32,2,False,539,4.034230616,1185248.0,1.6370664240095931,native,accepted
dubrovnik-356,caspar32,2,False,540,4.04128507,1185180.875,1.6369737108527587,native,accepted
dubrovnik-356,caspar32,2,False,541,4.048366024,1185114.0,1.6368813429963223,native,accepted
dubrovnik-356,caspar32,2,False,542,4.055424288,1185047.25,1.6367891477900847,native,accepted
dubrovnik-356,caspar32,2,False,543,4.062493802,1184980.25,1.6366966072834492,native,accepted
dubrovnik-356,caspar32,2,False,544,4.069574107,1184912.625,1.6366032035258191,native,accepted
dubrovnik-356,caspar32,2,False,545,4.07663335,1184845.0,1.636509799768189,native,accepted
dubrovnik-356,caspar32,2,False,546,4.083719215,1184777.25,1.6364162233603599,native,accepted
dubrovnik-356,caspar32,2,False,547,4.090772388,1184711.125,1.636324891405117,native,accepted
dubrovnik-356,caspar32,2,False,548,4.097845253,1184644.75,1.6362332141494762,native,accepted
dubrovnik-356,caspar32,2,False,549,4.104909737,1184577.5,1.636140328342443,native,accepted
dubrovnik-356,caspar32,2,False,550,4.111967071,1184510.875,1.6360483057864044,native,accepted
dubrovnik-356,caspar32,2,False,551,4.119027195,1184444.75,1.6359569738311615,native,accepted
dubrovnik-356,caspar32,2,False,552,4.126084929,1184376.875,1.6358632247731335,native,accepted
dubrovnik-356,caspar32,2,False,553,4.133154253,1184310.875,1.6357720654680896,native,accepted
dubrovnik-356,caspar32,2,False,554,4.140220617,1184243.75,1.6356793523112552,native,accepted
dubrovnik-356,caspar32,2,False,555,4.147284081,1184178.125,1.6355887109568081,native,accepted
dubrovnik-356,caspar32,2,False,556,4.154348835,1184111.875,1.6354972063513664,native,accepted
dubrovnik-356,caspar32,2,False,557,4.161425619,1184046.0,1.6354062196965216,native,accepted
dubrovnik-356,caspar32,2,False,558,4.168493003,1183978.625,1.6353131612392893,native,accepted
dubrovnik-356,caspar32,2,False,559,4.175563107,1183914.125,1.6352240737366328,native,accepted
dubrovnik-356,caspar32,2,False,560,4.182636591,1183847.25,1.6351317058801962,native,accepted
dubrovnik-356,caspar32,2,False,561,4.189713425,1183780.0,1.635038820073163,native,accepted
dubrovnik-356,caspar32,2,False,562,4.196773809,1183715.125,1.6349492146199096,native,accepted
dubrovnik-356,caspar32,2,False,563,4.203844173,1183649.5,1.6348585732654626,native,accepted
dubrovnik-356,caspar32,2,False,564,4.210931398,1183583.875,1.6347679319110155,native,accepted
dubrovnik-356,caspar32,2,False,565,4.217991372,1183518.5,1.6346776358569663,native,accepted
dubrovnik-356,caspar32,2,False,566,4.225053116,1183451.5,1.634585095350331,native,accepted
dubrovnik-356,caspar32,2,False,567,4.23213077,1183385.5,1.634493936045287,native,accepted
dubrovnik-356,caspar32,2,False,568,4.239199624,1183320.5,1.6344041579418347,native,accepted
dubrovnik-356,caspar32,2,False,569,4.246424048,1183254.875,1.6343135165873877,native,accepted
dubrovnik-356,caspar32,2,False,570,4.253498342,1183188.875,1.6342223572823438,native,accepted
dubrovnik-356,caspar32,2,False,571,4.260580586,1183124.625,1.6341336150800854,native,accepted
dubrovnik-356,caspar32,2,False,572,4.26763552,1183057.75,1.6340412472236487,native,accepted
dubrovnik-356,caspar32,2,False,573,4.274685604,1182993.25,1.6339521597209923,native,accepted
dubrovnik-356,caspar32,2,False,574,4.281740218,1182926.75,1.6338603098151525,native,accepted
dubrovnik-356,caspar32,2,False,575,4.288813662,1182862.875,1.6337720855634907,native,accepted
dubrovnik-356,caspar32,2,False,576,4.295884946,1182797.125,1.633681271558845,native,accepted
dubrovnik-356,caspar32,2,False,577,4.30294907,1182731.75,1.6335909755047957,native,accepted
dubrovnik-356,caspar32,2,False,578,4.310009425,1182666.25,1.6335005068005477,native,accepted
dubrovnik-356,caspar32,2,False,579,4.317085098,1182602.25,1.633412109898687,native,accepted
dubrovnik-356,caspar32,2,False,580,4.324160982,1182536.25,1.633320950593643,native,accepted
dubrovnik-356,caspar32,2,False,581,4.331223637,1182471.125,1.6332309998399919,native,accepted
dubrovnik-356,caspar32,2,False,582,4.338294651,1182405.5,1.6331403584855448,native,accepted
dubrovnik-356,caspar32,2,False,583,4.345372845,1182341.875,1.633052479534281,native,accepted
dubrovnik-356,caspar32,2,False,584,4.352442209,1182277.75,1.6329639099822213,native,accepted
dubrovnik-356,caspar32,2,False,585,4.359480363,1182213.25,1.6328748224795648,native,accepted
dubrovnik-356,caspar32,2,False,586,4.366543427,1182147.125,1.632783490524322,native,accepted
dubrovnik-356,caspar32,2,False,587,4.373631571,1182083.875,1.6326961295236548,native,accepted
dubrovnik-356,caspar32,2,False,588,4.380709635,1182017.375,1.6326042796178153,native,accepted
dubrovnik-356,caspar32,2,False,589,4.387769259,1181953.875,1.6325165733167504,native,accepted
dubrovnik-356,caspar32,2,False,590,4.394854913,1181889.625,1.6324278311144917,native,accepted
dubrovnik-356,caspar32,2,False,591,4.401928567,1181825.25,1.632338916262034,native,accepted
dubrovnik-356,caspar32,2,False,592,4.408995971,1181760.875,1.6322500014095767,native,accepted
dubrovnik-356,caspar32,2,False,593,4.416060615,1181696.75,1.6321614318575168,native,accepted
dubrovnik-356,caspar32,2,False,594,4.423112849,1181631.5,1.6320713084536667,native,accepted
dubrovnik-356,caspar32,2,False,595,4.430191123,1181567.0,1.6319822209510102,native,accepted
dubrovnik-356,caspar32,2,False,596,4.437266618,1181504.25,1.631895550551139,native,accepted
dubrovnik-356,caspar32,2,False,597,4.444329942,1181439.5,1.6318061177480845,native,accepted
dubrovnik-356,caspar32,2,False,598,4.451407976,1181374.875,1.631716857595229,native,accepted
dubrovnik-356,caspar32,2,False,599,4.45849183,1181312.125,1.6316301871953578,native,accepted
dubrovnik-356,caspar32,2,False,600,4.463238672,1181312.125,1.6316301871953578,native,rejected
dubrovnik-356,caspar32,2,False,600,4.463241092,1181311.1598215187,1.6316288540893034,independent_fp64,audited_endpoint
dubrovnik-356,caspar64,2,False,0,0.0,105607568.23597299,145.86534132975834,native,initial
dubrovnik-356,caspar64,2,False,1,0.033326769,12982371.036796112,17.931271538423626,native,accepted
dubrovnik-356,caspar64,2,False,2,0.107407762,3658971.2618551594,5.053776930396925,native,accepted
dubrovnik-356,caspar64,2,False,3,0.181117864,2474449.160117855,3.4177131182230873,native,accepted
dubrovnik-356,caspar64,2,False,4,0.255030426,1586151.2786225616,2.190794670510206,native,accepted
dubrovnik-356,caspar64,2,False,5,0.328694149,1376079.6102808693,1.9006433478521096,native,accepted
dubrovnik-356,caspar64,2,False,6,0.402320091,1242789.5065441448,1.716542844429917,native,accepted
dubrovnik-356,caspar64,2,False,7,0.475823093,1242789.5065441448,1.716542844429917,native,rejected
dubrovnik-356,caspar64,2,False,8,0.549648696,1242789.5065441448,1.716542844429917,native,rejected
dubrovnik-356,caspar64,2,False,9,0.623615138,1242789.5065441448,1.716542844429917,native,rejected
dubrovnik-356,caspar64,2,False,10,0.668193744,1242789.5065441448,1.716542844429917,native,rejected
dubrovnik-356,caspar64,2,False,11,0.689656706,1242507.5714503743,1.7161534352296806,native,accepted
dubrovnik-356,caspar64,2,False,12,0.711175988,1242241.65074193,1.7157861451239447,native,accepted
dubrovnik-356,caspar64,2,False,13,0.735516712,1241678.205386885,1.7150079135027918,native,accepted
dubrovnik-356,caspar64,2,False,14,0.76566958,1241595.6581049345,1.7148938990655818,native,accepted
dubrovnik-356,caspar64,2,False,15,0.792810855,1241595.6581049345,1.7148938990655818,native,rejected
dubrovnik-356,caspar64,2,False,16,0.814280267,1240443.947386269,1.7133031543879282,native,accepted
dubrovnik-356,caspar64,2,False,17,0.83573854,1240139.1182560655,1.7128821239081333,native,accepted
dubrovnik-356,caspar64,2,False,18,0.857212862,1239718.5444716464,1.7123012267277193,native,accepted
dubrovnik-356,caspar64,2,False,19,0.878701125,1239392.0190651095,1.7118502293165214,native,accepted
dubrovnik-356,caspar64,2,False,20,0.900162067,1239166.3959971883,1.7115385983760127,native,accepted
dubrovnik-356,caspar64,2,False,21,0.921627719,1238937.1126336579,1.7112219118293832,native,accepted
dubrovnik-356,caspar64,2,False,22,0.943103832,1238729.475071495,1.7109351224980534,native,accepted
dubrovnik-356,caspar64,2,False,23,0.964586694,1238518.7659335295,1.7106440907013363,native,accepted
dubrovnik-356,caspar64,2,False,24,0.986058116,1238318.3954723612,1.7103673387014664,native,accepted
dubrovnik-356,caspar64,2,False,25,1.008049079,1238115.4770855347,1.710087067502622,native,accepted
dubrovnik-356,caspar64,2,False,26,1.029608791,1237918.2267472968,1.7098146250215092,native,accepted
dubrovnik-356,caspar64,2,False,27,1.051076963,1237717.4354371126,1.7095372917443086,native,accepted
dubrovnik-356,caspar64,2,False,28,1.072540316,1237521.1396161749,1.7092661676440102,native,accepted
dubrovnik-356,caspar64,2,False,29,1.093974178,1237321.275378695,1.7089901148411044,native,accepted
dubrovnik-356,caspar64,2,False,30,1.115410431,1237128.3100887046,1.708723590875451,native,accepted
dubrovnik-356,caspar64,2,False,31,1.136888453,1236930.275734084,1.7084500655096628,native,accepted
dubrovnik-356,caspar64,2,False,32,1.158338985,1236741.2493634198,1.7081889819856522,native,accepted
dubrovnik-356,caspar64,2,False,33,1.179794467,1236544.180896034,1.7079167907048498,native,accepted
dubrovnik-356,caspar64,2,False,34,1.20126824,1236358.1734559236,1.7076598769325246,native,accepted
dubrovnik-356,caspar64,2,False,35,1.222716472,1236161.4064385097,1.7073881020149035,native,accepted
dubrovnik-356,caspar64,2,False,36,1.244162544,1235977.4648643243,1.7071340416198821,native,accepted
dubrovnik-356,caspar64,2,False,37,1.265659527,1235781.0796527716,1.7068627940531238,native,accepted
dubrovnik-356,caspar64,2,False,38,1.287143869,1235598.5320991143,1.7066106590814745,native,accepted
dubrovnik-356,caspar64,2,False,39,1.308611961,1235404.0134411945,1.706341989601565,native,accepted
dubrovnik-356,caspar64,2,False,40,1.330054664,1235223.1810848694,1.7060922236632008,native,accepted
dubrovnik-356,caspar64,2,False,41,1.351516776,1235032.188841593,1.705828424872809,native,accepted
dubrovnik-356,caspar64,2,False,42,1.372993818,1234853.5977469834,1.7055817545686933,native,accepted
dubrovnik-356,caspar64,2,False,43,1.394463951,1234666.4518525277,1.7053232683614146,native,accepted
dubrovnik-356,caspar64,2,False,44,1.415927223,1234490.1559663115,1.705079768202785,native,accepted
dubrovnik-356,caspar64,2,False,45,1.437376265,1234306.3479886923,1.7048258923315533,native,accepted
dubrovnik-356,caspar64,2,False,46,1.458830657,1234132.1615396002,1.7045853057308369,native,accepted
dubrovnik-356,caspar64,2,False,47,1.48029586,1233951.1010944156,1.7043352247557768,native,accepted
dubrovnik-356,caspar64,2,False,48,1.501972882,1233778.830059689,1.7040972837284303,native,accepted
dubrovnik-356,caspar64,2,False,49,1.523403605,1233600.0686259132,1.7038503781515872,native,accepted
dubrovnik-356,caspar64,2,False,50,1.544876467,1233429.5634080346,1.7036148760732817,native,accepted
dubrovnik-356,caspar64,2,False,51,1.566354799,1233252.7896958652,1.703370715940685,native,accepted
dubrovnik-356,caspar64,2,False,52,1.587836132,1233083.9377768086,1.7031374974013436,native,accepted
dubrovnik-356,caspar64,2,False,53,1.609313804,1232908.9378410005,1.7028957872114803,native,accepted
dubrovnik-356,caspar64,2,False,54,1.630814676,1232741.6506070555,1.7026647298177053,native,accepted
dubrovnik-356,caspar64,2,False,55,1.652343069,1232568.2783326602,1.7024252677563758,native,accepted
dubrovnik-356,caspar64,2,False,56,1.673818381,1232402.4824080372,1.70219627016141,native,accepted
dubrovnik-356,caspar64,2,False,57,1.695318923,1232230.6425770645,1.7019589247133748,native,accepted
dubrovnik-356,caspar64,2,False,58,1.716876006,1232066.2757845127,1.7017319010379004,native,accepted
dubrovnik-356,caspar64,2,False,59,1.738331288,1231895.9147585633,1.701496598117717,native,accepted
dubrovnik-356,caspar64,2,False,60,1.75980313,1231732.9255457295,1.7012714771575415,native,accepted
dubrovnik-356,caspar64,2,False,61,1.781292213,1231564.0242854108,1.7010381904679706,native,accepted
dubrovnik-356,caspar64,2,False,62,1.802725325,1231402.3728297586,1.7008149172201434,native,accepted
dubrovnik-356,caspar64,2,False,63,1.824151397,1231234.9378282998,1.7005836557296434,native,accepted
dubrovnik-356,caspar64,2,False,64,1.84557201,1231074.5962211099,1.7003621916465972,native,accepted
dubrovnik-356,caspar64,2,False,65,1.867066012,1230908.6464831808,1.7001329816044484,native,accepted
dubrovnik-356,caspar64,2,False,66,1.888619414,1230749.595958477,1.6999133007665868,native,accepted
dubrovnik-356,caspar64,2,False,67,1.910165677,1230585.1482634894,1.6996861653485393,native,accepted
dubrovnik-356,caspar64,2,False,68,1.931632459,1230427.3738806543,1.699468247119858,native,accepted
dubrovnik-356,caspar64,2,False,69,1.953104721,1230264.431271321,1.6992431905285115,native,accepted
dubrovnik-356,caspar64,2,False,70,1.974564044,1230107.9166089376,1.699027012227723,native,accepted
dubrovnik-356,caspar64,2,False,71,1.996012736,1229946.4637275103,1.6988040132509314,native,accepted
dubrovnik-356,caspar64,2,False,72,2.017466198,1229791.1878940896,1.6985895460226779,native,accepted
dubrovnik-356,caspar64,2,False,73,2.038960831,1229631.1929483127,1.6983685607489272,native,accepted
dubrovnik-356,caspar64,2,False,74,2.060424803,1229477.1303261914,1.698155769210051,native,accepted
dubrovnik-356,caspar64,2,False,75,2.081884775,1229318.5507286284,1.697936738817506,native,accepted
dubrovnik-356,caspar64,2,False,76,2.103328398,1229165.6724245413,1.6977255830605837,native,accepted
dubrovnik-356,caspar64,2,False,77,2.12478664,1229008.4609832407,1.6975084423676459,native,accepted
dubrovnik-356,caspar64,2,False,78,2.146245502,1228856.7367541841,1.6972988806209925,native,accepted
dubrovnik-356,caspar64,2,False,79,2.167711984,1228700.8465914715,1.6970835648801432,native,accepted
dubrovnik-356,caspar64,2,False,80,2.189241947,1228550.2464975251,1.6968755557906934,native,accepted
dubrovnik-356,caspar64,2,False,81,2.210689329,1228395.6341715583,1.696662004999991,native,accepted
dubrovnik-356,caspar64,2,False,82,2.232159142,1228246.1297068603,1.6964555091954028,native,accepted
dubrovnik-356,caspar64,2,False,83,2.253610164,1228092.7567253371,1.6962436701892185,native,accepted
dubrovnik-356,caspar64,2,False,84,2.275054746,1227944.3214475906,1.6960386511473493,native,accepted
dubrovnik-356,caspar64,2,False,85,2.296570549,1227792.1545866656,1.6958284780368549,native,accepted
dubrovnik-356,caspar64,2,False,86,2.318067321,1227644.7643472413,1.6956249024035797,native,accepted
dubrovnik-356,caspar64,2,False,87,2.339609633,1227493.7751783596,1.6954163559232098,native,accepted
dubrovnik-356,caspar64,2,False,88,2.361096606,1227347.4080546375,1.6952141934189708,native,accepted
dubrovnik-356,caspar64,2,False,89,2.382540648,1227197.5720123036,1.6950072396388243,native,accepted
dubrovnik-356,caspar64,2,False,90,2.40402225,1227052.208030045,1.694806462675171,native,accepted
dubrovnik-356,caspar64,2,False,91,2.425593963,1226903.5032912765,1.6946010714533095,native,accepted
dubrovnik-356,caspar64,2,False,92,2.447071905,1226759.124021329,1.6944016545758678,native,accepted
dubrovnik-356,caspar64,2,False,93,2.468570787,1226611.5304151934,1.6941977980521672,native,accepted
dubrovnik-356,caspar64,2,False,94,2.49003509,1226468.1185300464,1.6939997173281516,native,accepted
dubrovnik-356,caspar64,2,False,95,2.511547272,1226321.6166386092,1.6937973686825298,native,accepted
dubrovnik-356,caspar64,2,False,96,2.533212874,1226179.155507728,1.6936006011418194,native,accepted
dubrovnik-356,caspar64,2,False,97,2.554706797,1226033.7260498847,1.6933997337431845,native,accepted
dubrovnik-356,caspar64,2,False,98,2.576177709,1225892.1994314445,1.693204256952545,native,accepted
dubrovnik-356,caspar64,2,False,99,2.597694122,1225747.8229476924,1.6930048439234004,native,accepted
dubrovnik-356,caspar64,2,False,100,2.619158524,1225607.2148027562,1.6928106357298265,native,accepted
dubrovnik-356,caspar64,2,False,101,2.640610716,1225463.8715980311,1.6926126498673189,native,accepted
dubrovnik-356,caspar64,2,False,102,2.662105448,1225324.1660217135,1.6924196883029574,native,accepted
dubrovnik-356,caspar64,2,False,103,2.683568861,1225181.8362874864,1.6922231022475145,native,accepted
dubrovnik-356,caspar64,2,False,104,2.705065763,1225043.0175296846,1.6920313655582984,native,accepted
dubrovnik-356,caspar64,2,False,105,2.726526035,1224901.681558209,1.6918361520895497,native,accepted
dubrovnik-356,caspar64,2,False,106,2.747974598,1224763.7340974042,1.6916456188371325,native,accepted
dubrovnik-356,caspar64,2,False,107,2.76941052,1224623.3725135974,1.6914517511941827,native,accepted
dubrovnik-356,caspar64,2,False,108,2.790889022,1224486.2811492453,1.6912624003835488,native,accepted
dubrovnik-356,caspar64,2,False,109,2.812460865,1224346.875108393,1.6910698525380483,native,accepted
dubrovnik-356,caspar64,2,False,110,2.833940217,1224210.6250457542,1.6908816637346797,native,accepted
dubrovnik-356,caspar64,2,False,111,2.855411549,1224072.1563699383,1.6906904105792597,native,accepted
dubrovnik-356,caspar64,2,False,112,2.876983382,1223936.7332814108,1.6905033639938496,native,accepted
dubrovnik-356,caspar64,2,False,113,2.898425694,1223799.1845275452,1.6903133814360916,native,accepted
dubrovnik-356,caspar64,2,False,114,2.919886387,1223664.5745841574,1.6901274579680428,native,accepted
dubrovnik-356,caspar64,2,False,115,2.941370399,1223527.9290506686,1.6899387229397065,native,accepted
dubrovnik-356,caspar64,2,False,116,2.962851751,1223394.1189243842,1.6897539041803138,native,accepted
dubrovnik-356,caspar64,2,False,117,2.984368644,1223258.3606114427,1.6895663945824095,native,accepted
dubrovnik-356,caspar64,2,False,118,3.005922186,1223125.3374537225,1.6893826627852504,native,accepted
dubrovnik-356,caspar64,2,False,119,3.027383808,1222990.4509947961,1.6891963573934994,native,accepted
dubrovnik-356,caspar64,2,False,120,3.048865081,1222858.2023992047,1.6890136954227852,native,accepted
dubrovnik-356,caspar64,2,False,121,3.070350943,1222724.172980729,1.6888285737766688,native,accepted
dubrovnik-356,caspar64,2,False,122,3.091813815,1222592.6869377627,1.6886469650448541,native,accepted
dubrovnik-356,caspar64,2,False,123,3.113290518,1222459.5002206422,1.6884630073391909,native,accepted
dubrovnik-356,caspar64,2,False,124,3.1347351,1222328.7650721068,1.6882824357439592,native,accepted
dubrovnik-356,caspar64,2,False,125,3.156177892,1222196.4071243189,1.688099622735817,native,accepted
dubrovnik-356,caspar64,2,False,126,3.177651295,1222066.4115226541,1.6879200726038999,native,accepted
dubrovnik-356,caspar64,2,False,127,3.199136637,1221934.868767804,1.687738385541541,native,accepted
dubrovnik-356,caspar64,2,False,128,3.220610099,1221805.6016435435,1.6875598415837743,native,accepted
dubrovnik-356,caspar64,2,False,129,3.242102261,1221674.8608262732,1.6873792621588768,native,accepted
dubrovnik-356,caspar64,2,False,130,3.263665864,1221546.3113647578,1.6872017094380358,native,accepted
dubrovnik-356,caspar64,2,False,131,3.285133846,1221416.3595310831,1.6870222197585365,native,accepted
dubrovnik-356,caspar64,2,False,132,3.306592738,1221288.5171577462,1.686845643669013,native,accepted
dubrovnik-356,caspar64,2,False,133,3.328031991,1221159.3416466918,1.6866672262475522,native,accepted
dubrovnik-356,caspar64,2,False,134,3.349501083,1221032.1960192004,1.6864916125044995,native,accepted
dubrovnik-356,caspar64,2,False,135,3.370977695,1220903.784461515,1.686314250256648,native,accepted
dubrovnik-356,caspar64,2,False,136,3.392458818,1220777.3254665006,1.6861395848914653,native,accepted
dubrovnik-356,caspar64,2,False,137,3.41398109,1220649.6657866032,1.6859632611384112,native,accepted
dubrovnik-356,caspar64,2,False,138,3.435445032,1220523.883538708,1.6857895304974266,native,accepted
dubrovnik-356,caspar64,2,False,139,3.456918265,1220396.9639566867,1.6856142289687368,native,accepted
dubrovnik-356,caspar64,2,False,140,3.478448237,1220271.8487980445,1.6854414197124903,native,accepted
dubrovnik-356,caspar64,2,False,141,3.499890939,1220145.6578297152,1.6852671245461917,native,accepted
dubrovnik-356,caspar64,2,False,142,3.521347392,1220021.2003285491,1.6850952236474976,native,accepted
dubrovnik-356,caspar64,2,False,143,3.542986544,1219895.7267825028,1.6849219193859981,native,accepted
dubrovnik-356,caspar64,2,False,144,3.564445917,1219771.917730042,1.684750914125688,native,accepted
dubrovnik-356,caspar64,2,False,145,3.585915029,1219647.1507015238,1.6845785857073228,native,accepted
dubrovnik-356,caspar64,2,False,146,3.607376571,1219523.981107105,1.684408463667478,native,accepted
dubrovnik-356,caspar64,2,False,147,3.628822723,1219399.9099691464,1.6842370964142612,native,accepted
dubrovnik-356,caspar64,2,False,148,3.650307186,1219277.3710535949,1.6840678454690718,native,accepted
dubrovnik-356,caspar64,2,False,149,3.671939788,1219153.9854462438,1.683897425071821,native,accepted
dubrovnik-356,caspar64,2,False,150,3.693420921,1219032.068634085,1.6837290333768278,native,accepted
dubrovnik-356,caspar64,2,False,151,3.714895503,1218909.3584525876,1.6835595458788413,native,accepted
dubrovnik-356,caspar64,2,False,152,3.736348995,1218788.0553635566,1.683392001859209,native,accepted
dubrovnik-356,caspar64,2,False,153,3.757812037,1218666.0107463857,1.6832234336397294,native,accepted
dubrovnik-356,caspar64,2,False,154,3.77927497,1218545.3131868106,1.6830567259783453,native,accepted
dubrovnik-356,caspar64,2,False,155,3.800743202,1218423.924504182,1.6828890637366998,native,accepted
dubrovnik-356,caspar64,2,False,156,3.822208685,1218303.8244587334,1.6827231813627779,native,accepted
dubrovnik-356,caspar64,2,False,157,3.843675797,1218183.08230212,1.6825564121038934,native,accepted
dubrovnik-356,caspar64,2,False,158,3.865133619,1218063.5719261828,1.6823913441824394,native,accepted
dubrovnik-356,caspar64,2,False,159,3.886600742,1217943.4670989912,1.6822254552039666,native,accepted
dubrovnik-356,caspar64,2,False,160,3.908060374,1217824.5387118661,1.6820611911263863,native,accepted
dubrovnik-356,caspar64,2,False,161,3.929528506,1217705.0622213448,1.6818961700075226,native,accepted
dubrovnik-356,caspar64,2,False,162,3.951026388,1217586.7083003158,1.6817326993834283,native,accepted
dubrovnik-356,caspar64,2,False,163,3.972501521,1217467.8513505706,1.6815685339752706,native,accepted
dubrovnik-356,caspar64,2,False,164,3.993991443,1217350.0645257514,1.6814058466253639,native,accepted
dubrovnik-356,caspar64,2,False,165,4.015504176,1217231.8185116868,1.6812425250425405,native,accepted
dubrovnik-356,caspar64,2,False,166,4.036961418,1217114.5915615393,1.6810806109924217,native,accepted
dubrovnik-356,caspar64,2,False,167,4.05849677,1216996.9480634579,1.6809181216056333,native,accepted
dubrovnik-356,caspar64,2,False,168,4.079941913,1216880.2739107998,1.6807569710802863,native,accepted
dubrovnik-356,caspar64,2,False,169,4.101400235,1216763.224689434,1.6805953025094436,native,accepted
dubrovnik-356,caspar64,2,False,170,4.122897057,1216647.0963977748,1.680434905928177,native,accepted
dubrovnik-356,caspar64,2,False,171,4.144399659,1216530.6333896243,1.68027404703596,native,accepted
dubrovnik-356,caspar64,2,False,172,4.165863252,1216415.0441596922,1.6801143950076092,native,accepted
dubrovnik-356,caspar64,2,False,173,4.187315994,1216299.1594724213,1.6799543348931114,native,accepted
dubrovnik-356,caspar64,2,False,174,4.208792596,1216184.1026387932,1.6797954182113828,native,accepted
dubrovnik-356,caspar64,2,False,175,4.230267459,1216068.7885466875,1.6796361462038356,native,accepted
dubrovnik-356,caspar64,2,False,176,4.251777421,1215954.2575744104,1.679477955842642,native,accepted
dubrovnik-356,caspar64,2,False,177,4.273227484,1215839.5065138363,1.6793194614951423,native,accepted
dubrovnik-356,caspar64,2,False,178,4.294674366,1215725.4949950536,1.679161988603942,native,accepted
dubrovnik-356,caspar64,2,False,179,4.316190498,1215611.299559869,1.6790042616871146,native,accepted
dubrovnik-356,caspar64,2,False,180,4.33763673,1215497.8012104274,1.6788474975862249,native,accepted
dubrovnik-356,caspar64,2,False,181,4.359075903,1215384.154147461,1.678690528081978,native,accepted
dubrovnik-356,caspar64,2,False,182,4.380573795,1215271.1628035216,1.6785344642578948,native,accepted
dubrovnik-356,caspar64,2,False,183,4.402036607,1215158.057008081,1.678378242353216,native,accepted
dubrovnik-356,caspar64,2,False,184,4.42354362,1215045.5666227741,1.6782228704539934,native,accepted
dubrovnik-356,caspar64,2,False,185,4.445032652,1214932.995134261,1.6780673865348932,native,accepted
dubrovnik-356,caspar64,2,False,186,4.466525074,1214820.999774399,1.677912698365603,native,accepted
dubrovnik-356,caspar64,2,False,187,4.487977947,1214708.9557720737,1.677757943011265,native,accepted
dubrovnik-356,caspar64,2,False,188,4.509424459,1214597.4496149684,1.6776039305296009,native,accepted
dubrovnik-356,caspar64,2,False,189,4.530853951,1214485.926413857,1.6774498945067282,native,accepted
dubrovnik-356,caspar64,2,False,190,4.552431204,1214374.903744279,1.6772965498188064,native,accepted
dubrovnik-356,caspar64,2,False,191,4.573892836,1214263.8947912932,1.6771432240762636,native,accepted
dubrovnik-356,caspar64,2,False,192,4.595404168,1214153.3499985319,1.6769905394325615,native,accepted
dubrovnik-356,caspar64,2,False,193,4.616929421,1214042.848868763,1.676837915096254,native,accepted
dubrovnik-356,caspar64,2,False,194,4.638434433,1213932.77644386,1.6766858828877895,native,accepted
dubrovnik-356,caspar64,2,False,195,4.659866925,1213822.7768370404,1.6765339512557778,native,accepted
dubrovnik-356,caspar64,2,False,196,4.681324978,1213713.1713701526,1.6763825640104673,native,accepted
dubrovnik-356,caspar64,2,False,197,4.70275829,1213603.6671073125,1.6762313165483482,native,accepted
dubrovnik-356,caspar64,2,False,198,4.724240562,1213494.5232851966,1.6760805669275314,native,accepted
dubrovnik-356,caspar64,2,False,199,4.745667425,1213385.5083054584,1.6759299952640117,native,accepted
dubrovnik-356,caspar64,2,False,200,4.767184577,1213276.8209090908,1.6757798760591647,native,accepted
dubrovnik-356,caspar64,2,False,201,4.788634179,1213168.289266603,1.6756299719818246,native,accepted
dubrovnik-356,caspar64,2,False,202,4.810146572,1213060.0531688838,1.6754804761113888,native,accepted
dubrovnik-356,caspar64,2,False,203,4.831600274,1212951.999029885,1.6753312315626276,native,accepted
dubrovnik-356,caspar64,2,False,204,4.853128246,1212844.2091934388,1.6751823520689726,native,accepted
dubrovnik-356,caspar64,2,False,205,4.874596069,1212736.626833419,1.6750337591420883,native,accepted
dubrovnik-356,caspar64,2,False,206,4.896041461,1212629.278308466,1.67488548918857,native,accepted
dubrovnik-356,caspar64,2,False,207,4.917544283,1212522.1621094292,1.674737540123977,native,accepted
dubrovnik-356,caspar64,2,False,208,4.938971076,1212415.2500317348,1.674589872992107,native,accepted
dubrovnik-356,caspar64,2,False,209,4.960417968,1212308.594479517,1.6744425601736337,native,accepted
dubrovnik-356,caspar64,2,False,210,4.98185287,1212202.1140683854,1.6742954892603072,native,accepted
dubrovnik-356,caspar64,2,False,211,5.003293963,1212095.913750098,1.674148805211663,native,accepted
dubrovnik-356,caspar64,2,False,212,5.024741025,1211989.8603064313,1.6740023240264787,native,accepted
dubrovnik-356,caspar64,2,False,213,5.046192217,1211884.1099079247,1.6738562614077517,native,accepted
dubrovnik-356,caspar64,2,False,214,5.067642789,1211778.4788123227,1.6737103635703867,native,accepted
dubrovnik-356,caspar64,2,False,215,5.089117042,1211673.1731157713,1.673564915174708,native,accepted
dubrovnik-356,caspar64,2,False,216,5.110573894,1211567.9598266822,1.6734195944123635,native,accepted
dubrovnik-356,caspar64,2,False,217,5.132027957,1211463.0937082032,1.6732747531626182,native,accepted
dubrovnik-356,caspar64,2,False,218,5.153475239,1211358.2937601302,1.673130003307543,native,accepted
dubrovnik-356,caspar64,2,False,219,5.174951711,1211253.862187482,1.6729857622531905,native,accepted
dubrovnik-356,caspar64,2,False,220,5.196405863,1211149.4711892342,1.6728415772402647,native,accepted
dubrovnik-356,caspar64,2,False,221,5.217863516,1211045.4692196015,1.6726979295542812,native,accepted
dubrovnik-356,caspar64,2,False,222,5.239342848,1210941.4828526017,1.6725543034186792,native,accepted
dubrovnik-356,caspar64,2,False,223,5.26079329,1210837.9056304276,1.6724112423945616,native,accepted
dubrovnik-356,caspar64,2,False,224,5.282221763,1210734.3196470493,1.6722681692694548,native,accepted
dubrovnik-356,caspar64,2,False,225,5.303662525,1210631.1624019418,1.67212568831833,native,accepted
dubrovnik-356,caspar64,2,False,226,5.325095867,1210527.972623934,1.6719831624327115,native,accepted
dubrovnik-356,caspar64,2,False,227,5.34656524,1210425.2306686426,1.6718412550805415,native,accepted
dubrovnik-356,caspar64,2,False,228,5.368048262,1210322.432985567,1.6716992707570675,native,accepted
dubrovnik-356,caspar64,2,False,229,5.389599594,1210220.1017140318,1.6715579306419552,native,accepted
dubrovnik-356,caspar64,2,False,230,5.411084887,1210117.692081772,1.6714164822948856,native,accepted
dubrovnik-356,caspar64,2,False,231,5.432556859,1210015.7669672093,1.67127570316443,native,accepted
dubrovnik-356,caspar64,2,False,232,5.454097981,1209913.7414065078,1.671134785297608,native,accepted
dubrovnik-356,caspar64,2,False,233,5.475584514,1209812.2179995917,1.6709945610063937,native,accepted
dubrovnik-356,caspar64,2,False,234,5.497050066,1209710.572594651,1.6708541682113134,native,accepted
dubrovnik-356,caspar64,2,False,235,5.518542088,1209609.4465217185,1.6707144927184294,native,accepted
dubrovnik-356,caspar64,2,False,236,5.540015891,1209508.177418824,1.6705746196723343,native,accepted
dubrovnik-356,caspar64,2,False,237,5.561460243,1209407.4443801513,1.6704354870389955,native,accepted
dubrovnik-356,caspar64,2,False,238,5.583135605,1209306.547786357,1.6702961285030624,native,accepted
dubrovnik-356,caspar64,2,False,239,5.604596318,1209206.2035544824,1.670157532890292,native,accepted
dubrovnik-356,caspar64,2,False,240,5.62617739,1209105.675736309,1.6700186837078335,native,accepted
dubrovnik-356,caspar64,2,False,241,5.647661753,1209005.7161544173,1.6698806193742315,native,accepted
dubrovnik-356,caspar64,2,False,242,5.669132915,1208905.553436605,1.669742274468973,native,accepted
dubrovnik-356,caspar64,2,False,243,5.690604737,1208805.9744169312,1.669604735768512,native,accepted
dubrovnik-356,caspar64,2,False,244,5.71213605,1208706.1731812228,1.6694668901429104,native,accepted
dubrovnik-356,caspar64,2,False,245,5.733607522,1208606.970703525,1.6693298715228262,native,accepted
dubrovnik-356,caspar64,2,False,246,5.755152394,1208507.5273874742,1.6691925202564255,native,accepted
dubrovnik-356,caspar64,2,False,247,5.776599427,1208408.697497553,1.6690560162551713,native,accepted
dubrovnik-356,caspar64,2,False,248,5.798122789,1208309.6085933668,1.668919154503002,native,accepted
dubrovnik-356,caspar64,2,False,249,5.819658821,1208211.1474015934,1.6687831597482163,native,accepted
dubrovnik-356,caspar64,2,False,250,5.841168804,1208112.4094550223,1.6686467827392637,native,accepted
dubrovnik-356,caspar64,2,False,251,5.862642666,1208014.3131349438,1.6685112919458438,native,accepted
dubrovnik-356,caspar64,2,False,252,5.884106068,1207915.9227441642,1.6683753949815034,native,accepted
dubrovnik-356,caspar64,2,False,253,5.905635981,1207818.1875311323,1.6682404029497109,native,accepted
dubrovnik-356,caspar64,2,False,254,5.927103153,1207720.1413456856,1.668104981402324,native,accepted
dubrovnik-356,caspar64,2,False,255,5.948527965,1207622.763535504,1.6679704830159174,native,accepted
dubrovnik-356,caspar64,2,False,256,5.969943127,1207525.0582552718,1.6678355323273555,native,accepted
dubrovnik-356,caspar64,2,False,257,5.99135992,1207428.0342029275,1.6677015225518366,native,accepted
dubrovnik-356,caspar64,2,False,258,6.012923672,1207330.6665770898,1.6675670382320618,native,accepted
dubrovnik-356,caspar64,2,False,259,6.034345344,1207233.992695462,1.6674335121128938,native,accepted
dubrovnik-356,caspar64,2,False,260,6.055762117,1207136.959521529,1.6672994897386222,native,accepted
dubrovnik-356,caspar64,2,False,261,6.077185779,1207040.6322801777,1.6671664423995558,native,accepted
dubrovnik-356,caspar64,2,False,262,6.098640741,1206943.9304030305,1.667032877612932,native,accepted
dubrovnik-356,caspar64,2,False,263,6.120114944,1206847.9463269922,1.6669003042543422,native,accepted
dubrovnik-356,caspar64,2,False,264,6.141586676,1206751.572637916,1.6667671927616043,native,accepted
dubrovnik-356,caspar64,2,False,265,6.163044228,1206655.928306549,1.6666350886588952,native,accepted
dubrovnik-356,caspar64,2,False,266,6.184488031,1206559.8797423618,1.6665024262291714,native,accepted
dubrovnik-356,caspar64,2,False,267,6.205916883,1206464.5717881953,1.666370786731187,native,accepted
dubrovnik-356,caspar64,2,False,268,6.227370625,1206368.845330318,1.666238569195211,native,accepted
dubrovnik-356,caspar64,2,False,269,6.248853418,1206273.8704379771,1.6661073897227505,native,accepted
dubrovnik-356,caspar64,2,False,270,6.27032786,1206178.4631115855,1.6659756129716905,native,accepted
dubrovnik-356,caspar64,2,False,271,6.291751362,1206083.818016693,1.6658448890159903,native,accepted
dubrovnik-356,caspar64,2,False,272,6.313208395,1205988.7268898634,1.6657135490002688,native,accepted
dubrovnik-356,caspar64,2,False,273,6.334630367,1205894.4083779969,1.6655832761215639,native,accepted
dubrovnik-356,caspar64,2,False,274,6.356081249,1205799.630560883,1.6654523688497205,native,accepted
dubrovnik-356,caspar64,2,False,275,6.377577152,1205705.6354665805,1.6653225426758695,native,accepted
dubrovnik-356,caspar64,2,False,276,6.399011404,1205611.1681106,1.6651920642134375,native,accepted
dubrovnik-356,caspar64,2,False,277,6.420504956,1205517.493316337,1.6650626804385111,native,accepted
dubrovnik-356,caspar64,2,False,278,6.441948278,1205423.3336133994,1.6649326269069515,native,accepted
dubrovnik-356,caspar64,2,False,279,6.463403831,1205329.9760486323,1.6648036812899099,native,accepted
dubrovnik-356,caspar64,2,False,280,6.484848253,1205236.1212303643,1.6646740488655412,native,accepted
dubrovnik-356,caspar64,2,False,281,6.506310895,1205143.0778705908,1.6645455372289368,native,accepted
dubrovnik-356,caspar64,2,False,282,6.527737868,1205049.525207576,1.6644163221418848,native,accepted
dubrovnik-356,caspar64,2,False,283,6.54917108,1204956.7930734246,1.6642882403706047,native,accepted
dubrovnik-356,caspar64,2,False,284,6.570631992,1204863.5398744904,1.6641594389038175,native,accepted
dubrovnik-356,caspar64,2,False,285,6.592371695,1204771.1160308074,1.6640317829438231,native,accepted
dubrovnik-356,caspar64,2,False,286,6.613827557,1204678.1596423036,1.6639033914320747,native,accepted
dubrovnik-356,caspar64,2,False,287,6.635368189,1204586.0411972867,1.663776157289204,native,accepted
dubrovnik-356,caspar64,2,False,288,6.656855012,1204493.3790023795,1.6636481721181196,native,accepted
dubrovnik-356,caspar64,2,False,289,6.678315274,1204401.5631067322,1.6635213558569197,native,accepted
dubrovnik-356,caspar64,2,False,290,6.699746466,1204309.1925247407,1.6633937734620585,native,accepted
dubrovnik-356,caspar64,2,False,291,6.721184069,1204217.6763708312,1.663267371204624,native,accepted
dubrovnik-356,caspar64,2,False,292,6.742613361,1204125.5948565486,1.6631401880705423,native,accepted
dubrovnik-356,caspar64,2,False,293,6.764079234,1204034.3756776087,1.6630141959954083,native,accepted
dubrovnik-356,caspar64,2,False,294,6.785552196,1203942.5807206505,1.6628874086547594,native,accepted
dubrovnik-356,caspar64,2,False,295,6.807006048,1203851.6557899718,1.6627618229957923,native,accepted
dubrovnik-356,caspar64,2,False,296,6.82848733,1203760.1449141623,1.6626354280284779,native,accepted
dubrovnik-356,caspar64,2,False,297,6.849980753,1203669.511544339,1.662510245073828,native,accepted
dubrovnik-356,caspar64,2,False,298,6.871427395,1203578.2823070588,1.6623842391060988,native,accepted
dubrovnik-356,caspar64,2,False,299,6.892857957,1203487.937849226,1.6622594551971501,native,accepted
dubrovnik-356,caspar64,2,False,300,6.91430384,1203396.9878408345,1.6621338349008064,native,accepted
dubrovnik-356,caspar64,2,False,301,6.935758102,1203306.9296839342,1.6620094464311614,native,accepted
dubrovnik-356,caspar64,2,False,302,6.957179464,1203216.2565271573,1.6618842085227081,native,accepted
dubrovnik-356,caspar64,2,False,303,6.978627897,1203126.4820972204,1.6617602119371966,native,accepted
dubrovnik-356,caspar64,2,False,304,7.000149389,1203036.083446584,1.6616353531770613,native,accepted
dubrovnik-356,caspar64,2,False,305,7.021593241,1202946.590206037,1.661511744970783,native,accepted
dubrovnik-356,caspar64,2,False,306,7.043057494,1202856.4637472942,1.6613872621625243,native,accepted
dubrovnik-356,caspar64,2,False,307,7.064504796,1202767.2491942593,1.6612640388798812,native,accepted
dubrovnik-356,caspar64,2,False,308,7.086014508,1202677.3926438342,1.6611399288694206,native,accepted
dubrovnik-356,caspar64,2,False,309,7.107482131,1202588.45431148,1.661017087103221,native,accepted
dubrovnik-356,caspar64,2,False,310,7.128936563,1202498.8654159342,1.660893346778106,native,accepted
dubrovnik-356,caspar64,2,False,311,7.150380645,1202410.2008718168,1.6607708831686547,native,accepted
dubrovnik-356,caspar64,2,False,312,7.171852648,1202320.8774073177,1.6606475094573239,native,accepted
dubrovnik-356,caspar64,2,False,313,7.19334757,1202232.484252727,1.6605254206915188,native,accepted
dubrovnik-356,caspar64,2,False,314,7.214850982,1202143.4240245242,1.6604024105625792,native,accepted
dubrovnik-356,caspar64,2,False,315,7.236298854,1202055.2998938845,1.6602806933730836,native,accepted
dubrovnik-356,caspar64,2,False,316,7.257784847,1201966.5007358117,1.660158043834623,native,accepted
dubrovnik-356,caspar64,2,False,317,7.279254659,1201878.6432960671,1.6600366949990162,native,accepted
dubrovnik-356,caspar64,2,False,318,7.300712182,1201790.1030700377,1.659914403097906,native,accepted
dubrovnik-356,caspar64,2,False,319,7.322157844,1201702.510020052,1.6597934194378552,native,accepted
dubrovnik-356,caspar64,2,False,320,7.343598656,1201614.226615584,1.6596714822590943,native,accepted
dubrovnik-356,caspar64,2,False,321,7.365048588,1201526.895685561,1.6595508606395528,native,accepted
dubrovnik-356,caspar64,2,False,322,7.386497621,1201438.8670192983,1.6594292753056066,native,accepted
dubrovnik-356,caspar64,2,False,323,7.407950883,1201351.7959702178,1.6593090126340369,native,accepted
dubrovnik-356,caspar64,2,False,324,7.429410985,1201264.019985464,1.6591877763041927,native,accepted
dubrovnik-356,caspar64,2,False,325,7.450867098,1201177.2066085287,1.6590678695298,native,accepted
dubrovnik-356,caspar64,2,False,326,7.47232407,1201089.6812747929,1.658946979399541,native,accepted
dubrovnik-356,caspar64,2,False,327,7.493776352,1201003.1233908802,1.6588274255125175,native,accepted
dubrovnik-356,caspar64,2,False,328,7.515266515,1200915.8467034383,1.6587068788129156,native,accepted
dubrovnik-356,caspar64,2,False,329,7.536703287,1200829.5421625753,1.6585876748437154,native,accepted
dubrovnik-356,caspar64,2,False,330,7.558132529,1200742.512142027,1.6584674688408196,native,accepted
dubrovnik-356,caspar64,2,False,331,7.579591562,1200656.4588228695,1.6583486118594388,native,accepted
dubrovnik-356,caspar64,2,False,332,7.601256914,1200569.6735147187,1.6582287438536958,native,accepted
dubrovnik-356,caspar64,2,False,333,7.622696646,1200483.8693240432,1.658110230968971,native,accepted
dubrovnik-356,caspar64,2,False,334,7.644151399,1200397.326798284,1.6579906982946537,native,accepted
dubrovnik-356,caspar64,2,False,335,7.665648381,1200311.7696704888,1.6578725266535725,native,accepted
dubrovnik-356,caspar64,2,False,336,7.687101643,1200225.4680211826,1.6577533266781954,native,accepted
dubrovnik-356,caspar64,2,False,337,7.708532646,1200140.1559178184,1.6576354934652482,native,accepted
dubrovnik-356,caspar64,2,False,338,7.729942738,1200054.0932627062,1.6575166235890322,native,accepted
dubrovnik-356,caspar64,2,False,339,7.75138356,1199969.024171985,1.6573991260255343,native,accepted
dubrovnik-356,caspar64,2,False,340,7.772813762,1199883.1986520945,1.657280583680864,native,accepted
dubrovnik-356,caspar64,2,False,341,7.794274255,1199798.3705884316,1.6571634190243225,native,accepted
dubrovnik-356,caspar64,2,False,342,7.815739197,1199712.7803676887,1.6570452016752095,native,accepted
dubrovnik-356,caspar64,2,False,343,7.83721675,1199628.1913712476,1.6569283672186954,native,accepted
dubrovnik-356,caspar64,2,False,344,7.858701522,1199542.8346361057,1.6568104723602657,native,accepted
dubrovnik-356,caspar64,2,False,345,7.880212614,1199458.4827723557,1.656693965431802,native,accepted
dubrovnik-356,caspar64,2,False,346,7.901668307,1199373.3577314243,1.6565763905897848,native,accepted
dubrovnik-356,caspar64,2,False,347,7.923124889,1199289.2410907059,1.6564602085517466,native,accepted
dubrovnik-356,caspar64,2,False,348,7.944603141,1199204.345974396,1.6563429512819827,native,accepted
dubrovnik-356,caspar64,2,False,349,7.966049404,1199120.4626714918,1.6562270915305048,native,accepted
dubrovnik-356,caspar64,2,False,350,7.987505916,1199035.7957316514,1.6561101494184436,native,accepted
dubrovnik-356,caspar64,2,False,350,8.008872738,1199035.795731652,1.6561101494184447,independent_fp64,audited_endpoint
dubrovnik-356,rayleigh,2,False,0,0.0,105607568.23597296,145.86534132975828,native,initial
dubrovnik-356,rayleigh,2,False,0,0.03452999999999973,105607568.23597296,145.86534132975828,native,setup_complete
dubrovnik-356,rayleigh,2,False,1,0.06452999999999973,5015010.232860158,6.926740115385047,native,outer_complete
dubrovnik-356,rayleigh,2,False,2,0.10772999999999973,3338610.746942321,4.6112944773219295,native,outer_complete
dubrovnik-356,rayleigh,2,False,3,0.18812999999999971,1304816.958213351,1.8022152593966876,native,outer_complete
dubrovnik-356,rayleigh,2,False,4,0.21812999999999974,965497.5615737061,1.3335467687061686,native,outer_complete
dubrovnik-356,rayleigh,2,False,5,0.24742999999999973,822127.6098832107,1.1355239632474061,native,outer_complete
dubrovnik-356,rayleigh,2,False,6,0.5424299999999997,752021.2728535401,1.03869297896262,native,outer_complete
dubrovnik-356,rayleigh,2,False,7,0.5805299999999998,739183.1219172474,1.0209609044565486,native,outer_complete
dubrovnik-356,rayleigh,2,False,8,0.8757299999999997,736823.1932770326,1.0177013672626833,native,outer_complete
dubrovnik-356,rayleigh,2,False,9,1.0147299999999997,734264.9176648001,1.0141678729153836,native,outer_complete
dubrovnik-356,rayleigh,2,False,10,1.0533299999999997,732423.734943677,1.0116248284105904,native,outer_complete
dubrovnik-356,rayleigh,2,False,11,1.3504299999999998,730422.4382184695,1.0088606341885225,native,outer_complete
dubrovnik-356,rayleigh,2,False,12,1.3897299999999997,729245.9246248615,1.0072356317405229,native,outer_complete
dubrovnik-356,rayleigh,2,False,13,1.4298299999999997,728384.0495680564,1.006045208540326,native,outer_complete
dubrovnik-356,rayleigh,2,False,14,1.7275299999999998,726972.1224759894,1.004095052593577,native,outer_complete
dubrovnik-356,rayleigh,2,False,15,1.7678299999999998,726174.2868992026,1.0029930808251049,native,outer_complete
dubrovnik-356,rayleigh,2,False,16,1.8082299999999998,725978.8018048145,1.002723076501607,native,outer_complete
dubrovnik-356,rayleigh,2,False,17,1.8760299999999996,725194.7780005443,1.0016401815753173,native,outer_complete
dubrovnik-356,rayleigh,2,False,18,1.9124299999999996,724732.297641022,1.0010014029666736,native,outer_complete
dubrovnik-356,rayleigh,2,False,19,1.9532299999999998,724667.4718279331,1.00091186545046,native,outer_complete
dubrovnik-356,rayleigh,2,False,20,2.02173,724537.6991933252,1.000732623280997,native,outer_complete
dubrovnik-356,rayleigh,2,False,21,2.0627299999999997,724475.026778998,1.0006460600425804,native,outer_complete
dubrovnik-356,rayleigh,2,False,22,2.1037299999999997,724433.4126227899,1.000588582503794,native,outer_complete
dubrovnik-356,rayleigh,2,False,23,2.1445299999999996,724405.0887694733,1.0005494615525135,native,outer_complete
dubrovnik-356,rayleigh,2,False,24,2.1856299999999997,724384.710606262,1.0005213152010526,native,outer_complete
dubrovnik-356,rayleigh,2,False,25,2.2266299999999997,724369.700973016,1.0005005838717245,native,outer_complete
dubrovnik-356,rayleigh,2,False,26,2.26733,724358.6578938843,1.000485331153252,native,outer_complete
dubrovnik-356,rayleigh,2,False,27,2.30813,724347.3276270152,1.0004696817706193,native,outer_complete
dubrovnik-356,rayleigh,2,False,28,2.3490299999999995,724331.752441801,1.0004481693000125,native,outer_complete
dubrovnik-356,rayleigh,2,False,29,2.38983,724307.1138667787,1.0004141384609775,native,outer_complete
dubrovnik-356,rayleigh,2,False,30,2.43063,724285.1284597921,1.0003837721818563,native,outer_complete
dubrovnik-356,rayleigh,2,False,31,2.4715299999999996,724265.2467458218,1.0003563115268772,native,outer_complete
dubrovnik-356,rayleigh,2,False,32,2.5124299999999997,724246.9863979145,1.0003310903052849,native,outer_complete
dubrovnik-356,rayleigh,2,False,33,2.55333,724230.5424116289,1.0003083778452555,native,outer_complete
dubrovnik-356,rayleigh,2,False,34,2.59433,724215.5214248707,1.000287630834438,native,outer_complete
dubrovnik-356,rayleigh,2,False,35,2.63563,724201.3269038675,1.0002680253394367,native,outer_complete
dubrovnik-356,rayleigh,2,False,36,2.6765299999999996,724188.6605700206,1.000250530578968,native,outer_complete
dubrovnik-356,rayleigh,2,False,37,2.71663,724176.868896181,1.0002342439002934,native,outer_complete
dubrovnik-356,rayleigh,2,False,38,2.7565299999999997,724166.1146289074,1.000219390089219,native,outer_complete
dubrovnik-356,rayleigh,2,False,39,2.7960299999999996,724155.9344847837,1.0002053292579527,native,outer_complete
dubrovnik-356,rayleigh,2,False,40,2.8347299999999995,724146.049082096,1.0001916755240272,native,outer_complete
dubrovnik-356,rayleigh,2,False,41,2.8712299999999997,724091.7750693774,1.0001167121712793,native,outer_complete
dubrovnik-356,rayleigh,2,False,42,2.9128299999999996,724084.427521208,1.0001065637260533,native,outer_complete
dubrovnik-356,rayleigh,2,False,43,2.95443,724077.5410052455,1.0000970520592456,native,outer_complete
dubrovnik-356,rayleigh,2,False,44,2.9961299999999995,724071.0764091678,1.0000881231488543,native,outer_complete
dubrovnik-356,rayleigh,2,False,45,3.0376299999999996,724064.9534278754,1.000079666077348,native,outer_complete
dubrovnik-356,rayleigh,2,False,46,3.0793299999999997,724059.1455749533,1.0000716442616484,native,outer_complete
dubrovnik-356,rayleigh,2,False,47,3.1208299999999998,724053.632321628,1.0000640293473808,native,outer_complete
dubrovnik-356,rayleigh,2,False,48,3.1624299999999996,724048.3527274085,1.000056737163442,native,outer_complete
dubrovnik-356,rayleigh,2,False,49,3.20403,724043.2440114345,1.0000496809968078,native,outer_complete
dubrovnik-356,rayleigh,2,False,50,3.2457299999999996,724038.3548058505,1.0000429280182737,native,outer_complete
dubrovnik-356,rayleigh,2,False,51,3.38943,724038.3548058505,1.0000429280182737,native,outer_complete
dubrovnik-356,rayleigh,2,False,52,3.4617299999999998,724036.7982513178,1.0000407781026757,native,outer_complete
dubrovnik-356,rayleigh,2,False,53,3.48893,724033.810087147,1.0000366508455671,native,outer_complete
dubrovnik-356,rayleigh,2,False,54,3.5160299999999998,724033.3928092711,1.0000360745007006,native,outer_complete
dubrovnik-356,rayleigh,2,False,55,3.54303,724032.7910488674,1.0000352433482733,native,outer_complete
dubrovnik-356,rayleigh,2,False,56,3.58443,724032.6081274471,1.0000349906969166,native,outer_complete
dubrovnik-356,rayleigh,2,False,57,3.6115299999999997,724032.1611484792,1.0000343733288546,native,outer_complete
dubrovnik-356,rayleigh,2,False,58,3.63873,724031.770508303,1.0000338337760215,native,outer_complete
dubrovnik-356,rayleigh,2,False,58,3.63873,724031.7705083035,1.0000338337760224,independent_fp64,audited_endpoint
dubrovnik-356,caspar64,3,True,0,0.0,105607568.23597299,145.86534132975834,native,initial
dubrovnik-356,caspar64,3,True,1,0.033208269,12982371.036796112,17.931271538423626,native,accepted
dubrovnik-356,caspar64,3,True,2,0.107130732,3658971.2618551613,5.0537769303969275,native,accepted
dubrovnik-356,caspar64,3,True,3,0.180736844,2474449.1601178623,3.4177131182230975,native,accepted
dubrovnik-356,caspar64,3,True,4,0.254370626,1586151.2786225632,2.190794670510208,native,accepted
dubrovnik-356,caspar64,3,True,5,0.328006939,1376079.610280866,1.9006433478521052,native,accepted
dubrovnik-356,caspar64,3,True,6,0.401619641,1242789.5065441453,1.7165428444299173,native,accepted
dubrovnik-356,caspar64,3,True,7,0.475135303,1242789.5065441453,1.7165428444299173,native,rejected
dubrovnik-356,caspar64,3,True,8,0.548639895,1242789.5065441453,1.7165428444299173,native,rejected
dubrovnik-356,caspar64,3,True,9,0.622205388,1242789.5065441453,1.7165428444299173,native,rejected
dubrovnik-356,caspar64,3,True,10,0.666752213,1242789.5065441453,1.7165428444299173,native,rejected
dubrovnik-356,caspar64,3,True,11,0.688188815,1242507.5714503732,1.7161534352296788,native,accepted
dubrovnik-356,caspar64,3,True,12,0.709650868,1242241.6507419283,1.7157861451239425,native,accepted
dubrovnik-356,caspar64,3,True,13,0.734003912,1241678.2053869055,1.71500791350282,native,accepted
dubrovnik-356,caspar64,3,True,14,0.764123149,1241595.6581048584,1.7148938990654765,native,accepted
dubrovnik-356,caspar64,3,True,15,0.791287695,1241595.6581048584,1.7148938990654765,native,rejected
dubrovnik-356,caspar64,3,True,16,0.812810467,1240443.9473866194,1.7133031543884123,native,accepted
dubrovnik-356,caspar64,3,True,17,0.834258699,1240139.11825611,1.7128821239081946,native,accepted
dubrovnik-356,caspar64,3,True,18,0.855744222,1239718.544471756,1.712301226727871,native,accepted
dubrovnik-356,caspar64,3,True,19,0.877166684,1239392.0190650958,1.7118502293165025,native,accepted
dubrovnik-356,caspar64,3,True,20,0.898638126,1239166.395997165,1.7115385983759808,native,accepted
dubrovnik-356,caspar64,3,True,21,0.920110499,1238937.1126336146,1.7112219118293235,native,accepted
dubrovnik-356,caspar64,3,True,22,0.941550861,1238729.4750714467,1.7109351224979867,native,accepted
dubrovnik-356,caspar64,3,True,23,0.962990523,1238518.765933476,1.7106440907012623,native,accepted
dubrovnik-356,caspar64,3,True,24,0.984441316,1238318.3954723044,1.7103673387013878,native,accepted
dubrovnik-356,caspar64,3,True,25,1.005890548,1238115.4770854735,1.7100870675025375,native,accepted
dubrovnik-356,caspar64,3,True,26,1.02733792,1237918.2267472374,1.7098146250214272,native,accepted
dubrovnik-356,caspar64,3,True,27,1.051595464,1237717.4354370576,1.7095372917442329,native,accepted
dubrovnik-356,caspar64,3,True,28,1.073040916,1237521.13961612,1.7092661676439342,native,accepted
dubrovnik-356,caspar64,3,True,29,1.094564069,1237321.2753786447,1.708990114841035,native,accepted
dubrovnik-356,caspar64,3,True,30,1.116003261,1237128.3100886545,1.708723590875382,native,accepted
dubrovnik-356,caspar64,3,True,31,1.137496773,1236930.2757340348,1.7084500655095949,native,accepted
dubrovnik-356,caspar64,3,True,32,1.158928106,1236741.249363367,1.7081889819855791,native,accepted
dubrovnik-356,caspar64,3,True,33,1.180443808,1236544.1808959846,1.7079167907047816,native,accepted
dubrovnik-356,caspar64,3,True,34,1.20190738,1236358.173455874,1.7076598769324562,native,accepted
dubrovnik-356,caspar64,3,True,35,1.223391123,1236161.4064384652,1.707388102014842,native,accepted
dubrovnik-356,caspar64,3,True,36,1.244829155,1235977.4648642798,1.7071340416198206,native,accepted
dubrovnik-356,caspar64,3,True,37,1.266325527,1235781.0796527339,1.7068627940530718,native,accepted
dubrovnik-356,caspar64,3,True,38,1.2877806,1235598.5320990796,1.7066106590814265,native,accepted
dubrovnik-356,caspar64,3,True,39,1.309243352,1235404.0134411608,1.7063419896015184,native,accepted
dubrovnik-356,caspar64,3,True,40,1.330723344,1235223.1810848352,1.7060922236631535,native,accepted
dubrovnik-356,caspar64,3,True,41,1.352247197,1235032.1888415532,1.705828424872754,native,accepted
dubrovnik-356,caspar64,3,True,42,1.373701459,1234853.5977469445,1.7055817545686396,native,accepted
dubrovnik-356,caspar64,3,True,43,1.395121391,1234666.4518524846,1.705323268361355,native,accepted
dubrovnik-356,caspar64,3,True,44,1.416568044,1234490.155966266,1.7050797682027221,native,accepted
dubrovnik-356,caspar64,3,True,45,1.438035786,1234306.347988644,1.7048258923314865,native,accepted
dubrovnik-356,caspar64,3,True,46,1.459478798,1234132.1615395476,1.704585305730764,native,accepted
dubrovnik-356,caspar64,3,True,47,1.480935861,1233951.1010943635,1.7043352247557049,native,accepted
dubrovnik-356,caspar64,3,True,48,1.502521143,1233778.8300596331,1.7040972837283532,native,accepted
dubrovnik-356,caspar64,3,True,49,1.523963675,1233600.068625857,1.7038503781515095,native,accepted
dubrovnik-356,caspar64,3,True,50,1.545410778,1233429.5634079757,1.7036148760732004,native,accepted
dubrovnik-356,caspar64,3,True,51,1.56687004,1233252.7896958059,1.7033707159406029,native,accepted
dubrovnik-356,caspar64,3,True,52,1.588296802,1233083.9377767474,1.703137497401259,native,accepted
dubrovnik-356,caspar64,3,True,53,1.609721015,1232908.93784094,1.7028957872113966,native,accepted
dubrovnik-356,caspar64,3,True,54,1.631170037,1232741.6506069961,1.7026647298176234,native,accepted
dubrovnik-356,caspar64,3,True,55,1.652713369,1232568.2783325983,1.7024252677562903,native,accepted
dubrovnik-356,caspar64,3,True,56,1.674190232,1232402.4824079727,1.702196270161321,native,accepted
dubrovnik-356,caspar64,3,True,57,1.695653054,1232230.6425769997,1.7019589247132854,native,accepted
dubrovnik-356,caspar64,3,True,58,1.717097326,1232066.275784447,1.7017319010378098,native,accepted
dubrovnik-356,caspar64,3,True,59,1.738541689,1231895.9147584983,1.7014965981176273,native,accepted
dubrovnik-356,caspar64,3,True,60,1.759967471,1231732.9255456622,1.7012714771574486,native,accepted
dubrovnik-356,caspar64,3,True,61,1.781423713,1231564.0242853446,1.7010381904678793,native,accepted
dubrovnik-356,caspar64,3,True,62,1.802934585,1231402.372829691,1.7008149172200502,native,accepted
dubrovnik-356,caspar64,3,True,63,1.824400968,1231234.9378282302,1.7005836557295473,native,accepted
dubrovnik-356,caspar64,3,True,64,1.84583847,1231074.5962210414,1.7003621916465026,native,accepted
dubrovnik-356,caspar64,3,True,65,1.867256152,1230908.6464831112,1.7001329816043522,native,accepted
dubrovnik-356,caspar64,3,True,66,1.888733485,1230749.5959584087,1.6999133007664924,native,accepted
dubrovnik-356,caspar64,3,True,67,1.910207227,1230585.1482634186,1.6996861653484416,native,accepted
dubrovnik-356,caspar64,3,True,68,1.931749159,1230427.373880584,1.6994682471197609,native,accepted
dubrovnik-356,caspar64,3,True,69,1.953208702,1230264.4312712501,1.6992431905284138,native,accepted
dubrovnik-356,caspar64,3,True,70,1.974656154,1230107.916608866,1.6990270122276243,native,accepted
dubrovnik-356,caspar64,3,True,71,1.996088296,1229946.463727438,1.6988040132508315,native,accepted
dubrovnik-356,caspar64,3,True,72,2.017531378,1229791.187894017,1.6985895460225775,native,accepted
dubrovnik-356,caspar64,3,True,73,2.039003111,1229631.1929482413,1.6983685607488284,native,accepted
dubrovnik-356,caspar64,3,True,74,2.060450783,1229477.1303261162,1.6981557692099474,native,accepted
dubrovnik-356,caspar64,3,True,75,2.081973346,1229318.5507285516,1.6979367388173998,native,accepted
dubrovnik-356,caspar64,3,True,76,2.103446168,1229165.672424464,1.697725583060477,native,accepted
dubrovnik-356,caspar64,3,True,77,2.12488032,1229008.460983165,1.6975084423675413,native,accepted
dubrovnik-356,caspar64,3,True,78,2.146331223,1228856.7367541092,1.697298880620889,native,accepted
dubrovnik-356,caspar64,3,True,79,2.167890245,1228700.8465913977,1.697083564880041,native,accepted
dubrovnik-356,caspar64,3,True,80,2.189343447,1228550.2464974502,1.6968755557905897,native,accepted
dubrovnik-356,caspar64,3,True,81,2.21076643,1228395.6341714803,1.6966620049998833,native,accepted
dubrovnik-356,caspar64,3,True,82,2.232205702,1228246.129706786,1.6964555091953002,native,accepted
dubrovnik-356,caspar64,3,True,83,2.253638904,1228092.7567252591,1.6962436701891108,native,accepted
dubrovnik-356,caspar64,3,True,84,2.275086517,1227944.3214475086,1.696038651147236,native,accepted
dubrovnik-356,caspar64,3,True,85,2.296528729,1227792.1545865876,1.6958284780367472,native,accepted
dubrovnik-356,caspar64,3,True,86,2.318051191,1227644.7643471644,1.6956249024034735,native,accepted
dubrovnik-356,caspar64,3,True,87,2.339514114,1227493.7751782774,1.6954163559230964,native,accepted
dubrovnik-356,caspar64,3,True,88,2.360959276,1227347.4080545558,1.695214193418858,native,accepted
dubrovnik-356,caspar64,3,True,89,2.382368768,1227197.5720122247,1.6950072396387152,native,accepted
dubrovnik-356,caspar64,3,True,90,2.40394631,1227052.2080299647,1.69480646267506,native,accepted
dubrovnik-356,caspar64,3,True,91,2.425407713,1226903.503291195,1.694601071453197,native,accepted
dubrovnik-356,caspar64,3,True,92,2.446852375,1226759.124021247,1.6944016545757545,native,accepted
dubrovnik-356,caspar64,3,True,93,2.468384957,1226611.5304151082,1.6941977980520495,native,accepted
dubrovnik-356,caspar64,3,True,94,2.48986147,1226468.1185299605,1.6939997173280328,native,accepted
dubrovnik-356,caspar64,3,True,95,2.511363622,1226321.616638525,1.6937973686824135,native,accepted
dubrovnik-356,caspar64,3,True,96,2.533002945,1226179.1555076435,1.6936006011417026,native,accepted
dubrovnik-356,caspar64,3,True,97,2.554500277,1226033.7260498023,1.6933997337430706,native,accepted
dubrovnik-356,caspar64,3,True,98,2.575949429,1225892.1994313595,1.6932042569524275,native,accepted
dubrovnik-356,caspar64,3,True,99,2.597386082,1225747.82294761,1.6930048439232868,native,accepted
dubrovnik-356,caspar64,3,True,100,2.618913284,1225607.21480267,1.6928106357297075,native,accepted
dubrovnik-356,caspar64,3,True,101,2.640328816,1225463.8715979457,1.692612649867201,native,accepted
dubrovnik-356,caspar64,3,True,102,2.661759079,1225324.1660216309,1.6924196883028433,native,accepted
dubrovnik-356,caspar64,3,True,103,2.683230121,1225181.8362873958,1.6922231022473895,native,accepted
dubrovnik-356,caspar64,3,True,104,2.704667423,1225043.017529596,1.6920313655581762,native,accepted
dubrovnik-356,caspar64,3,True,105,2.726116956,1224901.6815581229,1.6918361520894307,native,accepted
dubrovnik-356,caspar64,3,True,106,2.747604578,1224763.734097317,1.6916456188370124,native,accepted
dubrovnik-356,caspar64,3,True,107,2.76905142,1224623.3725135087,1.6914517511940603,native,accepted
dubrovnik-356,caspar64,3,True,108,2.790515782,1224486.28114916,1.6912624003834307,native,accepted
dubrovnik-356,caspar64,3,True,109,2.811981725,1224346.8751083042,1.6910698525379257,native,accepted
dubrovnik-356,caspar64,3,True,110,2.833471947,1224210.6250456625,1.6908816637345532,native,accepted
dubrovnik-356,caspar64,3,True,111,2.85568847,1224072.1563698489,1.6906904105791363,native,accepted
dubrovnik-356,caspar64,3,True,112,2.877160732,1223936.7332813193,1.6905033639937233,native,accepted
dubrovnik-356,caspar64,3,True,113,2.898665204,1223799.1845274575,1.6903133814359703,native,accepted
dubrovnik-356,caspar64,3,True,114,2.920103497,1223664.5745840657,1.690127457967916,native,accepted
dubrovnik-356,caspar64,3,True,115,2.941561309,1223527.9290505776,1.6899387229395808,native,accepted
dubrovnik-356,caspar64,3,True,116,2.963013132,1223394.1189242927,1.6897539041801874,native,accepted
dubrovnik-356,caspar64,3,True,117,2.984439834,1223258.3606113514,1.6895663945822836,native,accepted
dubrovnik-356,caspar64,3,True,118,3.005934356,1223125.3374536298,1.6893826627851223,native,accepted
dubrovnik-356,caspar64,3,True,119,3.027466688,1222990.4509947025,1.6891963573933702,native,accepted
dubrovnik-356,caspar64,3,True,120,3.048937941,1222858.2023991127,1.6890136954226582,native,accepted
dubrovnik-356,caspar64,3,True,121,3.070366773,1222724.1729806368,1.6888285737765416,native,accepted
dubrovnik-356,caspar64,3,True,122,3.091812665,1222592.686937669,1.6886469650447247,native,accepted
dubrovnik-356,caspar64,3,True,123,3.113288698,1222459.5002205495,1.6884630073390627,native,accepted
dubrovnik-356,caspar64,3,True,124,3.13473469,1222328.7650720142,1.688282435743831,native,accepted
dubrovnik-356,caspar64,3,True,125,3.156172442,1222196.4071242255,1.688099622735688,native,accepted
dubrovnik-356,caspar64,3,True,126,3.177622165,1222066.411522562,1.6879200726037726,native,accepted
dubrovnik-356,caspar64,3,True,127,3.199059777,1221934.868767709,1.6877383855414099,native,accepted
dubrovnik-356,caspar64,3,True,128,3.220517639,1221805.6016434517,1.6875598415836475,native,accepted
dubrovnik-356,caspar64,3,True,129,3.241952462,1221674.8608261808,1.6873792621587491,native,accepted
dubrovnik-356,caspar64,3,True,130,3.263391244,1221546.3113646624,1.687201709437904,native,accepted
dubrovnik-356,caspar64,3,True,131,3.284942586,1221416.3595309919,1.6870222197584104,native,accepted
dubrovnik-356,caspar64,3,True,132,3.306381578,1221288.5171576487,1.6868456436688781,native,accepted
dubrovnik-356,caspar64,3,True,133,3.327844691,1221159.3416465966,1.6866672262474207,native,accepted
dubrovnik-356,caspar64,3,True,134,3.349357783,1221032.1960191047,1.6864916125043672,native,accepted
dubrovnik-356,caspar64,3,True,135,3.370839676,1220903.7844614212,1.6863142502565183,native,accepted
dubrovnik-356,caspar64,3,True,136,3.392285298,1220777.3254664068,1.6861395848913356,native,accepted
dubrovnik-356,caspar64,3,True,137,3.41371982,1220649.6657865085,1.6859632611382802,native,accepted
dubrovnik-356,caspar64,3,True,138,3.435175272,1220523.8835386133,1.6857895304972959,native,accepted
dubrovnik-356,caspar64,3,True,139,3.456640415,1220396.9639565912,1.685614228968605,native,accepted
dubrovnik-356,caspar64,3,True,140,3.478103557,1220271.8487979488,1.6854414197123582,native,accepted
dubrovnik-356,caspar64,3,True,141,3.4995766,1220145.6578296195,1.6852671245460593,native,accepted
dubrovnik-356,caspar64,3,True,142,3.520987522,1220021.2003284516,1.685095223647363,native,accepted
dubrovnik-356,caspar64,3,True,143,3.542588174,1219895.7267824057,1.684921919385864,native,accepted
dubrovnik-356,caspar64,3,True,144,3.564043257,1219771.9177299459,1.6847509141255552,native,accepted
dubrovnik-356,caspar64,3,True,145,3.585491939,1219647.1507014248,1.684578585707186,native,accepted
dubrovnik-356,caspar64,3,True,146,3.606938531,1219523.9811070096,1.6844084636673462,native,accepted
dubrovnik-356,caspar64,3,True,147,3.628380023,1219399.909969048,1.6842370964141256,native,accepted
dubrovnik-356,caspar64,3,True,148,3.649837396,1219277.371053498,1.684067845468938,native,accepted
dubrovnik-356,caspar64,3,True,149,3.671287288,1219153.9854461465,1.6838974250716867,native,accepted
dubrovnik-356,caspar64,3,True,150,3.69275853,1219032.0686339855,1.6837290333766903,native,accepted
dubrovnik-356,caspar64,3,True,151,3.714239973,1218909.3584524908,1.6835595458787076,native,accepted
dubrovnik-356,caspar64,3,True,152,3.735694065,1218788.055363459,1.6833920018590742,native,accepted
dubrovnik-356,caspar64,3,True,153,3.757148247,1218666.0107462853,1.6832234336395908,native,accepted
dubrovnik-356,caspar64,3,True,154,3.77863661,1218545.3131867084,1.683056725978204,native,accepted
dubrovnik-356,caspar64,3,True,155,3.800138772,1218423.9245040836,1.6828890637365637,native,accepted
dubrovnik-356,caspar64,3,True,156,3.821631874,1218303.8244586333,1.6827231813626398,native,accepted
dubrovnik-356,caspar64,3,True,157,3.843104087,1218183.0823020218,1.6825564121037577,native,accepted
dubrovnik-356,caspar64,3,True,158,3.864617799,1218063.5719260834,1.6823913441823022,native,accepted
dubrovnik-356,caspar64,3,True,159,3.886095571,1217943.4670988908,1.682225455203828,native,accepted
dubrovnik-356,caspar64,3,True,160,3.907514914,1217824.5387117658,1.6820611911262475,native,accepted
dubrovnik-356,caspar64,3,True,161,3.928960636,1217705.062221245,1.6818961700073845,native,accepted
dubrovnik-356,caspar64,3,True,162,3.950455558,1217586.7083002154,1.6817326993832897,native,accepted
dubrovnik-356,caspar64,3,True,163,3.971884091,1217467.851350469,1.6815685339751303,native,accepted
dubrovnik-356,caspar64,3,True,164,3.993300913,1217350.0645256483,1.6814058466252215,native,accepted
dubrovnik-356,caspar64,3,True,165,4.014712635,1217231.818511586,1.6812425250424012,native,accepted
dubrovnik-356,caspar64,3,True,166,4.036125428,1217114.591561439,1.681080610992283,native,accepted
dubrovnik-356,caspar64,3,True,167,4.05768626,1216996.9480633563,1.680918121605493,native,accepted
dubrovnik-356,caspar64,3,True,168,4.079127682,1216880.2739106966,1.6807569710801438,native,accepted
dubrovnik-356,caspar64,3,True,169,4.100590485,1216763.2246893337,1.680595302509305,native,accepted
dubrovnik-356,caspar64,3,True,170,4.122018057,1216647.0963976728,1.6804349059280361,native,accepted
dubrovnik-356,caspar64,3,True,171,4.143470789,1216530.6333895205,1.6802740470358166,native,accepted
dubrovnik-356,caspar64,3,True,172,4.164991131,1216415.0441595903,1.6801143950074684,native,accepted
dubrovnik-356,caspar64,3,True,173,4.186469414,1216299.1594723188,1.67995433489297,native,accepted
dubrovnik-356,caspar64,3,True,174,4.207905326,1216184.1026386898,1.67979541821124,native,accepted
dubrovnik-356,caspar64,3,True,175,4.229367168,1216068.7885465843,1.679636146203693,native,accepted
dubrovnik-356,caspar64,3,True,176,4.250781641,1215954.2575743077,1.6794779558425001,native,accepted
dubrovnik-356,caspar64,3,True,177,4.272229863,1215839.5065137304,1.679319461494996,native,accepted
dubrovnik-356,caspar64,3,True,178,4.293711145,1215725.4949949486,1.679161988603797,native,accepted
dubrovnik-356,caspar64,3,True,179,4.315143118,1215611.2995597646,1.6790042616869703,native,accepted
dubrovnik-356,caspar64,3,True,180,4.33664146,1215497.801210322,1.6788474975860792,native,accepted
dubrovnik-356,caspar64,3,True,181,4.359678043,1215384.1541473567,1.6786905280818338,native,accepted
dubrovnik-356,caspar64,3,True,182,4.381148426,1215271.1628034185,1.6785344642577522,native,accepted
dubrovnik-356,caspar64,3,True,183,4.402584358,1215158.0570079759,1.6783782423530706,native,accepted
dubrovnik-356,caspar64,3,True,184,4.4241169,1215045.5666226707,1.6782228704538507,native,accepted
dubrovnik-356,caspar64,3,True,185,4.445573812,1214932.9951341567,1.678067386534749,native,accepted
dubrovnik-356,caspar64,3,True,186,4.467043485,1214820.9997742951,1.6779126983654595,native,accepted
dubrovnik-356,caspar64,3,True,187,4.488512397,1214708.9557719654,1.6777579430111154,native,accepted
dubrovnik-356,caspar64,3,True,188,4.50993208,1214597.4496148643,1.677603930529457,native,accepted
dubrovnik-356,caspar64,3,True,189,4.531432142,1214485.926413753,1.6774498945065848,native,accepted
dubrovnik-356,caspar64,3,True,190,4.553061924,1214374.9037441725,1.6772965498186594,native,accepted
dubrovnik-356,caspar64,3,True,191,4.574521997,1214263.8947911889,1.6771432240761195,native,accepted
dubrovnik-356,caspar64,3,True,192,4.595971209,1214153.3499984285,1.6769905394324185,native,accepted
dubrovnik-356,caspar64,3,True,193,4.617471671,1214042.8488686578,1.6768379150961086,native,accepted
dubrovnik-356,caspar64,3,True,194,4.638958674,1213932.7764437539,1.676685882887643,native,accepted
dubrovnik-356,caspar64,3,True,195,4.660499536,1213822.7768369364,1.676533951255634,native,accepted
dubrovnik-356,caspar64,3,True,196,4.681938998,1213713.1713700455,1.6763825640103194,native,accepted
dubrovnik-356,caspar64,3,True,197,4.703410831,1213603.6671072063,1.6762313165482017,native,accepted
dubrovnik-356,caspar64,3,True,198,4.724864703,1213494.5232850935,1.676080566927389,native,accepted
dubrovnik-356,caspar64,3,True,199,4.746310845,1213385.5083053517,1.6759299952638642,native,accepted
dubrovnik-356,caspar64,3,True,200,4.767806938,1213276.820908985,1.6757798760590188,native,accepted
dubrovnik-356,caspar64,3,True,201,4.78925783,1213168.289266496,1.6756299719816765,native,accepted
dubrovnik-356,caspar64,3,True,202,4.810706782,1213060.0531687771,1.6754804761112416,native,accepted
dubrovnik-356,caspar64,3,True,203,4.832146014,1212951.99902978,1.6753312315624826,native,accepted
dubrovnik-356,caspar64,3,True,204,4.853717887,1212844.2091933314,1.6751823520688245,native,accepted
dubrovnik-356,caspar64,3,True,205,4.875219759,1212736.6268333122,1.6750337591419406,native,accepted
dubrovnik-356,caspar64,3,True,206,4.896653532,1212629.2783083585,1.6748854891884215,native,accepted
dubrovnik-356,caspar64,3,True,207,4.918087174,1212522.1621093217,1.6747375401238285,native,accepted
dubrovnik-356,caspar64,3,True,208,4.939566866,1212415.2500316256,1.6745898729919562,native,accepted
dubrovnik-356,caspar64,3,True,209,4.961027688,1212308.5944794093,1.674442560173485,native,accepted
dubrovnik-356,caspar64,3,True,210,4.982489171,1212202.1140682786,1.6742954892601596,native,accepted
dubrovnik-356,caspar64,3,True,211,5.003920003,1212095.913749988,1.674148805211511,native,accepted
dubrovnik-356,caspar64,3,True,212,5.025333456,1211989.860306322,1.674002324026328,native,accepted
dubrovnik-356,caspar64,3,True,213,5.046778138,1211884.1099078176,1.6738562614076038,native,accepted
dubrovnik-356,caspar64,3,True,214,5.06827067,1211778.4788122158,1.673710363570239,native,accepted
dubrovnik-356,caspar64,3,True,215,5.089766392,1211673.1731156635,1.673564915174559,native,accepted
dubrovnik-356,caspar64,3,True,216,5.111199375,1211567.9598265751,1.6734195944122157,native,accepted
dubrovnik-356,caspar64,3,True,217,5.132689797,1211463.093708095,1.6732747531624685,native,accepted
dubrovnik-356,caspar64,3,True,218,5.154125719,1211358.2937600203,1.673130003307391,native,accepted
dubrovnik-356,caspar64,3,True,219,5.175606042,1211253.8621873744,1.672985762253042,native,accepted
dubrovnik-356,caspar64,3,True,220,5.197081604,1211149.4711891266,1.6728415772401162,native,accepted
dubrovnik-356,caspar64,3,True,221,5.218542926,1211045.469219497,1.6726979295541369,native,accepted
dubrovnik-356,caspar64,3,True,222,5.240008499,1210941.4828524948,1.6725543034185315,native,accepted
dubrovnik-356,caspar64,3,True,223,5.261497871,1210837.905630319,1.6724112423944115,native,accepted
dubrovnik-356,caspar64,3,True,224,5.282939343,1210734.3196469422,1.6722681692693069,native,accepted
dubrovnik-356,caspar64,3,True,225,5.304407076,1210631.1624018322,1.6721256883181785,native,accepted
dubrovnik-356,caspar64,3,True,226,5.325857508,1210527.9726238258,1.6719831624325618,native,accepted
dubrovnik-356,caspar64,3,True,227,5.34731828,1210425.2306685331,1.6718412550803903,native,accepted
dubrovnik-356,caspar64,3,True,228,5.368760343,1210322.4329854585,1.6716992707569176,native,accepted
dubrovnik-356,caspar64,3,True,229,5.390214275,1210220.1017139233,1.6715579306418054,native,accepted
dubrovnik-356,caspar64,3,True,230,5.411676577,1210117.692081662,1.6714164822947335,native,accepted
dubrovnik-356,caspar64,3,True,231,5.43320667,1210015.7669671013,1.6712757031642809,native,accepted
dubrovnik-356,caspar64,3,True,232,5.454657842,1209913.7414063967,1.6711347852974547,native,accepted
dubrovnik-356,caspar64,3,True,233,5.476230554,1209812.2179994832,1.6709945610062438,native,accepted
dubrovnik-356,caspar64,3,True,234,5.497696077,1209710.5725945402,1.6708541682111602,native,accepted
dubrovnik-356,caspar64,3,True,235,5.519143679,1209609.4465216084,1.6707144927182773,native,accepted
dubrovnik-356,caspar64,3,True,236,5.540613041,1209508.1774187144,1.6705746196721827,native,accepted
dubrovnik-356,caspar64,3,True,237,5.562095793,1209407.4443800407,1.6704354870388427,native,accepted
dubrovnik-356,caspar64,3,True,238,5.583742026,1209306.547786246,1.6702961285029092,native,accepted
dubrovnik-356,caspar64,3,True,239,5.605187368,1209206.203554372,1.6701575328901395,native,accepted
dubrovnik-356,caspar64,3,True,240,5.626632771,1209105.6757362005,1.6700186837076836,native,accepted
dubrovnik-356,caspar64,3,True,241,5.648103823,1209005.716154308,1.6698806193740807,native,accepted
dubrovnik-356,caspar64,3,True,242,5.669584555,1208905.5534364956,1.6697422744688217,native,accepted
dubrovnik-356,caspar64,3,True,243,5.691035628,1208805.974416821,1.6696047357683599,native,accepted
dubrovnik-356,caspar64,3,True,244,5.71251228,1208706.1731811122,1.6694668901427576,native,accepted
dubrovnik-356,caspar64,3,True,245,5.733979812,1208606.9707034156,1.6693298715226752,native,accepted
dubrovnik-356,caspar64,3,True,246,5.755433375,1208507.5273873648,1.6691925202562743,native,accepted
dubrovnik-356,caspar64,3,True,247,5.776852047,1208408.69749744,1.6690560162550152,native,accepted
dubrovnik-356,caspar64,3,True,248,5.798401929,1208309.6085932585,1.6689191545028526,native,accepted
dubrovnik-356,caspar64,3,True,249,5.819851301,1208211.147401484,1.6687831597480651,native,accepted
dubrovnik-356,caspar64,3,True,250,5.841326534,1208112.4094549129,1.6686467827391125,native,accepted
dubrovnik-356,caspar64,3,True,251,5.862863536,1208014.3131348349,1.6685112919456933,native,accepted
dubrovnik-356,caspar64,3,True,252,5.884584519,1207915.9227440557,1.6683753949813536,native,accepted
dubrovnik-356,caspar64,3,True,253,5.905996821,1207818.1875310182,1.6682404029495532,native,accepted
dubrovnik-356,caspar64,3,True,254,5.927459553,1207720.141345576,1.6681049814021727,native,accepted
dubrovnik-356,caspar64,3,True,255,5.948906706,1207622.7635353962,1.6679704830157684,native,accepted
dubrovnik-356,caspar64,3,True,256,5.970388568,1207525.0582551633,1.6678355323272056,native,accepted
dubrovnik-356,caspar64,3,True,257,5.99184128,1207428.0342028192,1.6677015225516871,native,accepted
dubrovnik-356,caspar64,3,True,258,6.013326103,1207330.6665769806,1.667567038231911,native,accepted
dubrovnik-356,caspar64,3,True,259,6.034802295,1207233.9926953511,1.6674335121127408,native,accepted
dubrovnik-356,caspar64,3,True,260,6.056229417,1207136.959521422,1.6672994897384743,native,accepted
dubrovnik-356,caspar64,3,True,261,6.07769375,1207040.6322800678,1.6671664423994041,native,accepted
dubrovnik-356,caspar64,3,True,262,6.099154052,1206943.9304029203,1.6670328776127799,native,accepted
dubrovnik-356,caspar64,3,True,263,6.120620474,1206847.9463268816,1.6669003042541894,native,accepted
dubrovnik-356,caspar64,3,True,264,6.142070647,1206751.572637808,1.6667671927614551,native,accepted
dubrovnik-356,caspar64,3,True,265,6.163523169,1206655.9283064394,1.6666350886587438,native,accepted
dubrovnik-356,caspar64,3,True,266,6.184981291,1206559.8797422533,1.6665024262290216,native,accepted
dubrovnik-356,caspar64,3,True,267,6.206421814,1206464.571788088,1.6663707867310387,native,accepted
dubrovnik-356,caspar64,3,True,268,6.227868526,1206368.845330208,1.6662385691950594,native,accepted
dubrovnik-356,caspar64,3,True,269,6.249324638,1206273.8704378675,1.6661073897225989,native,accepted
dubrovnik-356,caspar64,3,True,270,6.270807691,1206178.463111475,1.665975612971538,native,accepted
dubrovnik-356,caspar64,3,True,271,6.292257923,1206083.8180165836,1.6658448890158393,native,accepted
dubrovnik-356,caspar64,3,True,272,6.313672525,1205988.7268897528,1.665713549000116,native,accepted
dubrovnik-356,caspar64,3,True,273,6.335151647,1205894.4083778886,1.6655832761214142,native,accepted
dubrovnik-356,caspar64,3,True,274,6.35663826,1205799.6305607741,1.66545236884957,native,accepted
dubrovnik-356,caspar64,3,True,275,6.378115312,1205705.6354664692,1.6653225426757159,native,accepted
dubrovnik-356,caspar64,3,True,276,6.399635825,1205611.1681104912,1.6651920642132874,native,accepted
dubrovnik-356,caspar64,3,True,277,6.421070617,1205517.4933162285,1.6650626804383613,native,accepted
dubrovnik-356,caspar64,3,True,278,6.442524689,1205423.3336132907,1.6649326269068014,native,accepted
dubrovnik-356,caspar64,3,True,279,6.464015111,1205329.976048524,1.6648036812897602,native,accepted
dubrovnik-356,caspar64,3,True,280,6.485431764,1205236.1212302535,1.6646740488653882,native,accepted
dubrovnik-356,caspar64,3,True,281,6.506869606,1205143.0778704828,1.6645455372287876,native,accepted
dubrovnik-356,caspar64,3,True,282,6.528321468,1205049.5252074685,1.6644163221417363,native,accepted
dubrovnik-356,caspar64,3,True,283,6.549745251,1204956.7930733156,1.6642882403704542,native,accepted
dubrovnik-356,caspar64,3,True,284,6.571187443,1204863.5398743805,1.6641594389036656,native,accepted
dubrovnik-356,caspar64,3,True,285,6.592759745,1204771.1160306977,1.6640317829436717,native,accepted
dubrovnik-356,caspar64,3,True,286,6.614210558,1204678.159642193,1.663903391431922,native,accepted
dubrovnik-356,caspar64,3,True,287,6.63565901,1204586.0411971759,1.663776157289051,native,accepted
dubrovnik-356,caspar64,3,True,288,6.657071372,1204493.3790022696,1.6636481721179677,native,accepted
dubrovnik-356,caspar64,3,True,289,6.678571754,1204401.5631066256,1.6635213558567725,native,accepted
dubrovnik-356,caspar64,3,True,290,6.700064767,1204309.1925246299,1.6633937734619055,native,accepted
dubrovnik-356,caspar64,3,True,291,6.721625279,1204217.6763707232,1.6632673712044748,native,accepted
dubrovnik-356,caspar64,3,True,292,6.743079542,1204125.594856438,1.6631401880703895,native,accepted
dubrovnik-356,caspar64,3,True,293,6.764539944,1204034.3756774988,1.6630141959952567,native,accepted
dubrovnik-356,caspar64,3,True,294,6.785999196,1203942.5807205422,1.66288740865461,native,accepted
dubrovnik-356,caspar64,3,True,295,6.807452719,1203851.6557898629,1.6627618229956418,native,accepted
dubrovnik-356,caspar64,3,True,296,6.828921511,1203760.1449140501,1.6626354280283229,native,accepted
dubrovnik-356,caspar64,3,True,297,6.850393163,1203669.511544229,1.6625102450736762,native,accepted
dubrovnik-356,caspar64,3,True,298,6.871835956,1203578.282306952,1.6623842391059511,native,accepted
dubrovnik-356,caspar64,3,True,299,6.893290728,1203487.9378491163,1.6622594551969987,native,accepted
dubrovnik-356,caspar64,3,True,300,6.91474813,1203396.9878407265,1.6621338349006571,native,accepted
dubrovnik-356,caspar64,3,True,301,6.936203753,1203306.9296838252,1.662009446431011,native,accepted
dubrovnik-356,caspar64,3,True,302,6.957673075,1203216.2565270471,1.6618842085225558,native,accepted
dubrovnik-356,caspar64,3,True,303,6.979141007,1203126.4820971116,1.6617602119370465,native,accepted
dubrovnik-356,caspar64,3,True,304,7.00061579,1203036.0834464764,1.6616353531769128,native,accepted
dubrovnik-356,caspar64,3,True,305,7.022054422,1202946.5902059292,1.661511744970634,native,accepted
dubrovnik-356,caspar64,3,True,306,7.043529754,1202856.4637471826,1.6613872621623702,native,accepted
dubrovnik-356,caspar64,3,True,307,7.064986796,1202767.2491941499,1.66126403887973,native,accepted
dubrovnik-356,caspar64,3,True,308,7.086412009,1202677.3926437239,1.6611399288692683,native,accepted
dubrovnik-356,caspar64,3,True,309,7.107894901,1202588.4543113715,1.6610170871030712,native,accepted
dubrovnik-356,caspar64,3,True,310,7.129367793,1202498.865415828,1.6608933467779592,native,accepted
dubrovnik-356,caspar64,3,True,311,7.150822926,1202410.200871708,1.6607708831685046,native,accepted
dubrovnik-356,caspar64,3,True,312,7.172257758,1202320.8774072079,1.660647509457172,native,accepted
dubrovnik-356,caspar64,3,True,313,7.19371512,1202232.4842526172,1.660525420691367,native,accepted
dubrovnik-356,caspar64,3,True,314,7.215149443,1202143.4240244152,1.6604024105624287,native,accepted
dubrovnik-356,caspar64,3,True,315,7.236604005,1202055.2998937764,1.6602806933729344,native,accepted
dubrovnik-356,caspar64,3,True,316,7.258075807,1201966.5007357022,1.6601580438344719,native,accepted
dubrovnik-356,caspar64,3,True,317,7.27968294,1201878.643295958,1.6600366949988654,native,accepted
dubrovnik-356,caspar64,3,True,318,7.301129292,1201790.1030699294,1.6599144030977566,native,accepted
dubrovnik-356,caspar64,3,True,319,7.322603024,1201702.5100199424,1.6597934194377038,native,accepted
dubrovnik-356,caspar64,3,True,320,7.344041767,1201614.2266154757,1.6596714822589447,native,accepted
dubrovnik-356,caspar64,3,True,321,7.365515629,1201526.895685453,1.6595508606394036,native,accepted
dubrovnik-356,caspar64,3,True,322,7.387042841,1201438.8670191902,1.6594292753054574,native,accepted
dubrovnik-356,caspar64,3,True,323,7.408479393,1201351.7959701123,1.659309012633891,native,accepted
dubrovnik-356,caspar64,3,True,324,7.429984756,1201264.0199853547,1.659187776304042,native,accepted
dubrovnik-356,caspar64,3,True,325,7.451422078,1201177.20660842,1.65906786952965,native,accepted
dubrovnik-356,caspar64,3,True,326,7.472849621,1201089.6812746841,1.6589469793993907,native,accepted
dubrovnik-356,caspar64,3,True,327,7.494301083,1201003.1233907721,1.6588274255123683,native,accepted
dubrovnik-356,caspar64,3,True,328,7.515742435,1200915.8467033294,1.658706878812765,native,accepted
dubrovnik-356,caspar64,3,True,329,7.537156787,1200829.542162466,1.6585876748435646,native,accepted
dubrovnik-356,caspar64,3,True,330,7.55862566,1200742.5121419176,1.6584674688406684,native,accepted
dubrovnik-356,caspar64,3,True,331,7.580090242,1200656.4588227603,1.658348611859288,native,accepted
dubrovnik-356,caspar64,3,True,332,7.601694075,1200569.6735146116,1.658228743853548,native,accepted
dubrovnik-356,caspar64,3,True,333,7.623150937,1200483.869323935,1.6581102309688216,native,accepted
dubrovnik-356,caspar64,3,True,334,7.644618989,1200397.3267981748,1.657990698294503,native,accepted
dubrovnik-356,caspar64,3,True,335,7.666095101,1200311.7696703798,1.657872526653422,native,accepted
dubrovnik-356,caspar64,3,True,336,7.687540774,1200225.4680210745,1.6577533266780462,native,accepted
dubrovnik-356,caspar64,3,True,337,7.708959426,1200140.1559177102,1.6576354934650988,native,accepted
dubrovnik-356,caspar64,3,True,338,7.730388078,1200054.0932625984,1.6575166235888832,native,accepted
dubrovnik-356,caspar64,3,True,339,7.751852591,1199969.0241718765,1.6573991260253844,native,accepted
dubrovnik-356,caspar64,3,True,340,7.773301523,1199883.1986519871,1.6572805836807156,native,accepted
dubrovnik-356,caspar64,3,True,341,7.794762075,1199798.370588325,1.6571634190241753,native,accepted
dubrovnik-356,caspar64,3,True,342,7.816222078,1199712.7803675798,1.657045201675059,native,accepted
dubrovnik-356,caspar64,3,True,343,7.8376887,1199628.191371137,1.6569283672185426,native,accepted
dubrovnik-356,caspar64,3,True,344,7.859154772,1199542.8346359974,1.6568104723601162,native,accepted
dubrovnik-356,caspar64,3,True,345,7.880599045,1199458.482772249,1.6566939654316548,native,accepted
dubrovnik-356,caspar64,3,True,346,7.902063897,1199373.3577313174,1.6565763905896371,native,accepted
dubrovnik-356,caspar64,3,True,347,7.923557679,1199289.241090598,1.6564602085515978,native,accepted
dubrovnik-356,caspar64,3,True,348,7.944983802,1199204.3459742882,1.6563429512818337,native,accepted
dubrovnik-356,caspar64,3,True,349,7.966410674,1199120.462671384,1.656227091530356,native,accepted
dubrovnik-356,caspar64,3,True,350,7.987874226,1199035.795731545,1.6561101494182966,native,accepted
dubrovnik-356,caspar64,3,True,350,8.009237698,1199035.7957315445,1.656110149418296,independent_fp64,audited_endpoint
dubrovnik-356,rayleigh,3,True,0,0.0,105607568.23597296,145.86534132975828,native,initial
dubrovnik-356,rayleigh,3,True,0,0.03380300000000025,105607568.23597296,145.86534132975828,native,setup_complete
dubrovnik-356,rayleigh,3,True,1,0.06430300000000025,5015010.23286016,6.92674011538505,native,outer_complete
dubrovnik-356,rayleigh,3,True,2,0.10770300000000024,3338610.746942274,4.611294477321864,native,outer_complete
dubrovnik-356,rayleigh,3,True,3,0.18820300000000026,1304816.9582132758,1.8022152593965837,native,outer_complete
dubrovnik-356,rayleigh,3,True,4,0.21710300000000024,965497.5615872889,1.3335467687249292,native,outer_complete
dubrovnik-356,rayleigh,3,True,5,0.24620300000000025,822127.6098650486,1.1355239632223204,native,outer_complete
dubrovnik-356,rayleigh,3,True,6,0.5414030000000003,752021.4170887022,1.0386931781804554,native,outer_complete
dubrovnik-356,rayleigh,3,True,7,0.5793030000000002,739183.2001057287,1.0209610124506034,native,outer_complete
dubrovnik-356,rayleigh,3,True,8,0.8748030000000002,736823.2529454121,1.0177014496767443,native,outer_complete
dubrovnik-356,rayleigh,3,True,9,1.0139030000000002,734264.7828263628,1.0141676866763194,native,outer_complete
dubrovnik-356,rayleigh,3,True,10,1.0526030000000002,732423.6154575441,1.0116246633761534,native,outer_complete
dubrovnik-356,rayleigh,3,True,11,1.3487030000000002,730422.3322562256,1.0088604878333025,native,outer_complete
dubrovnik-356,rayleigh,3,True,12,1.3875030000000002,729245.8154832958,1.0072354809940187,native,outer_complete
dubrovnik-356,rayleigh,3,True,13,1.4280030000000004,728383.966374026,1.0060450936325989,native,outer_complete
dubrovnik-356,rayleigh,3,True,14,1.7262030000000002,726970.731769821,1.0040931317480037,native,outer_complete
dubrovnik-356,rayleigh,3,True,15,1.7665030000000002,726175.0059190858,1.002994073936512,native,outer_complete
dubrovnik-356,rayleigh,3,True,16,1.8067030000000002,725979.4624503618,1.0027239889862885,native,outer_complete
dubrovnik-356,rayleigh,3,True,17,1.8742030000000003,725195.3672301978,1.0016409954202525,native,outer_complete
dubrovnik-356,rayleigh,3,True,18,1.9110030000000002,724733.7685870975,1.0010034346397343,native,outer_complete
dubrovnik-356,rayleigh,3,True,19,1.9518030000000002,724667.4519417285,1.0009118379836026,native,outer_complete
dubrovnik-356,rayleigh,3,True,20,2.020103,724537.2739326161,1.0007320359102287,native,outer_complete
dubrovnik-356,rayleigh,3,True,21,2.0610030000000004,724477.6257624717,1.0006496497626909,native,outer_complete
dubrovnik-356,rayleigh,3,True,22,2.101903,724469.8874487564,1.0006389615914713,native,outer_complete
dubrovnik-356,rayleigh,3,True,23,2.1427030000000005,724429.1314315291,1.0005826693156106,native,outer_complete
dubrovnik-356,rayleigh,3,True,24,2.183403,724381.1536730853,1.0005164023592878,native,outer_complete
dubrovnik-356,rayleigh,3,True,25,2.227803,724342.624378794,1.0004631856366906,native,outer_complete
dubrovnik-356,rayleigh,3,True,26,2.269003,724311.4752261878,1.0004201623775348,native,outer_complete
dubrovnik-356,rayleigh,3,True,27,2.3091030000000003,724285.9780250614,1.0003849456027583,native,outer_complete
dubrovnik-356,rayleigh,3,True,28,2.347703,724265.5968834566,1.0003567951375356,native,outer_complete
dubrovnik-356,rayleigh,3,True,29,2.3882030000000003,724249.397124105,1.0003344200041362,native,outer_complete
dubrovnik-356,rayleigh,3,True,30,2.428503,724236.5058553517,1.0003166145632165,native,outer_complete
dubrovnik-356,rayleigh,3,True,31,2.4693030000000005,724226.3159364037,1.0003025402309476,native,outer_complete
dubrovnik-356,rayleigh,3,True,32,2.510003,724217.8363165758,1.0002908281665452,native,outer_complete
dubrovnik-356,rayleigh,3,True,33,2.550803,724210.3228630202,1.0002804505725362,native,outer_complete
dubrovnik-356,rayleigh,3,True,34,2.5921030000000003,724200.5640154886,1.0002669716367936,native,outer_complete
dubrovnik-356,rayleigh,3,True,35,2.633103,724190.9343451109,1.0002536711207417,native,outer_complete
dubrovnik-356,rayleigh,3,True,36,2.6740030000000004,724182.3974880633,1.0002418800002004,native,outer_complete
dubrovnik-356,rayleigh,3,True,37,2.714703,724174.3472148225,1.0002307609499876,native,outer_complete
dubrovnik-356,rayleigh,3,True,38,2.755503,724166.3977578201,1.0002197811473237,native,outer_complete
dubrovnik-356,rayleigh,3,True,39,2.7963030000000004,724158.8078362934,1.0002092979356312,native,outer_complete
dubrovnik-356,rayleigh,3,True,40,2.837003,724151.9909765766,1.0001998824781408,native,outer_complete
dubrovnik-356,rayleigh,3,True,41,2.8779030000000003,724145.462546686,1.0001908654003853,native,outer_complete
dubrovnik-356,rayleigh,3,True,42,2.918603,724139.1388414461,1.0001821310886434,native,outer_complete
dubrovnik-356,rayleigh,3,True,43,2.9594030000000004,724132.801281868,1.0001733776412676,native,outer_complete
dubrovnik-356,rayleigh,3,True,44,3.000103,724126.9001030352,1.0001652269236714,native,outer_complete
dubrovnik-356,rayleigh,3,True,45,3.040903,724120.9266564889,1.0001569763897946,native,outer_complete
dubrovnik-356,rayleigh,3,True,46,3.0850030000000004,724115.2854702203,1.000149184774342,native,outer_complete
dubrovnik-356,rayleigh,3,True,47,3.127803,724109.9041795508,1.0001417521271045,native,outer_complete
dubrovnik-356,rayleigh,3,True,48,3.2719030000000004,724109.9041795508,1.0001417521271045,native,outer_complete
dubrovnik-356,rayleigh,3,True,49,3.3284030000000002,724095.2424847325,1.0001215013708864,native,outer_complete
dubrovnik-356,rayleigh,3,True,50,3.3705030000000002,724092.3880767665,1.0001175588580606,native,outer_complete
dubrovnik-356,rayleigh,3,True,51,3.397603,724085.4563366259,1.000107984727546,native,outer_complete
dubrovnik-356,rayleigh,3,True,52,3.424703,724074.3471225838,1.00009264066343,native,outer_complete
dubrovnik-356,rayleigh,3,True,53,3.466203,724071.4995743999,1.0000887076253464,native,outer_complete
dubrovnik-356,rayleigh,3,True,54,3.4935030000000005,724064.1846178201,1.000078604195676,native,outer_complete
dubrovnik-356,rayleigh,3,True,55,3.5206030000000004,724056.8412750771,1.0000684615589919,native,outer_complete
dubrovnik-356,rayleigh,3,True,56,3.562403,724051.5485519852,1.0000611512414337,native,outer_complete
dubrovnik-356,rayleigh,3,True,57,3.589503,724050.7578969008,1.0000600591873725,native,outer_complete
dubrovnik-356,rayleigh,3,True,58,3.616903,724049.4332710375,1.0000582296120222,native,outer_complete
dubrovnik-356,rayleigh,3,True,59,3.658703,724049.0463802628,1.0000576952378684,native,outer_complete
dubrovnik-356,rayleigh,3,True,60,3.685703,724048.1455453014,1.0000564510031857,native,outer_complete
dubrovnik-356,rayleigh,3,True,61,3.7152030000000003,724047.8664207447,1.0000560654759039,native,outer_complete
dubrovnik-356,rayleigh,3,True,62,3.742303,724046.4849350723,1.0000541573656943,native,outer_complete
dubrovnik-356,rayleigh,3,True,63,3.769603,724046.3369173132,1.0000539529233299,native,outer_complete
dubrovnik-356,rayleigh,3,True,63,3.769603,724046.3369173125,1.000053952923329,independent_fp64,audited_endpoint
dubrovnik-356,caspar32,3,True,0,0.0,105607584.0,145.86536310305752,native,initial
dubrovnik-356,caspar32,3,True,1,0.014334388,12983479.0,17.93280185896424,native,accepted
dubrovnik-356,caspar32,3,True,2,0.045700137,3660194.0,5.0554657782686565,native,accepted
dubrovnik-356,caspar32,3,True,3,0.076763784,2474044.25,3.417153855723862,native,accepted
dubrovnik-356,caspar32,3,True,4,0.107853712,1585692.625,2.190161177396743,native,accepted
dubrovnik-356,caspar32,3,True,5,0.13890253,1375899.875,1.900395097196111,native,accepted
dubrovnik-356,caspar32,3,True,6,0.169932058,1242551.5,1.716214109412339,native,accepted
dubrovnik-356,caspar32,3,True,7,0.200902396,1242551.5,1.716214109412339,native,rejected
dubrovnik-356,caspar32,3,True,8,0.231878413,1242551.5,1.716214109412339,native,rejected
dubrovnik-356,caspar32,3,True,9,0.262826961,1242551.5,1.716214109412339,native,rejected
dubrovnik-356,caspar32,3,True,10,0.280499841,1242551.5,1.716214109412339,native,rejected
dubrovnik-356,caspar32,3,True,11,0.287566355,1242276.0,1.7158335883738605,native,accepted
dubrovnik-356,caspar32,3,True,12,0.294634569,1242005.625,1.7154601459935388,native,accepted
dubrovnik-356,caspar32,3,True,13,0.303041054,1241438.5,1.7146768320409174,native,accepted
dubrovnik-356,caspar32,3,True,14,0.314117101,1241377.0,1.7145918881430355,native,accepted
dubrovnik-356,caspar32,3,True,15,0.323761316,1241377.0,1.7145918881430355,native,rejected
dubrovnik-356,caspar32,3,True,16,0.33083996,1240174.5,1.7129309932291683,native,accepted
dubrovnik-356,caspar32,3,True,17,0.337909724,1239922.75,1.7125832757284896,native,accepted
dubrovnik-356,caspar32,3,True,18,0.344977889,1239590.875,1.712124889450286,native,accepted
dubrovnik-356,caspar32,3,True,19,0.352055273,1239272.875,1.7116856673441656,native,accepted
dubrovnik-356,caspar32,3,True,20,0.359103106,1239050.75,1.7113788679406372,native,accepted
dubrovnik-356,caspar32,3,True,21,0.36615831,1238827.0,1.7110698240845226,native,accepted
dubrovnik-356,caspar32,3,True,22,0.373213865,1238625.0,1.7107908213630247,native,accepted
dubrovnik-356,caspar32,3,True,23,0.380267389,1238418.875,1.7105061211849615,native,accepted
dubrovnik-356,caspar32,3,True,24,0.387320053,1238221.0,1.7102328159200288,native,accepted
dubrovnik-356,caspar32,3,True,25,0.394371127,1238018.25,1.7099527772973373,native,accepted
dubrovnik-356,caspar32,3,True,26,0.401454091,1237819.25,1.709677918180614,native,accepted
dubrovnik-356,caspar32,3,True,27,0.408526695,1237616.0,1.709397188957127,native,accepted
dubrovnik-356,caspar32,3,True,28,0.415596559,1237418.0,1.7091237110419952,native,accepted
dubrovnik-356,caspar32,3,True,29,0.422672683,1237216.25,1.7088450536208952,native,accepted
dubrovnik-356,caspar32,3,True,30,0.429742257,1237026.125,1.7085824526682973,native,accepted
dubrovnik-356,caspar32,3,True,31,0.436805631,1236826.5,1.7083067303005794,native,accepted
dubrovnik-356,caspar32,3,True,32,0.443856405,1236639.875,1.7080489635535518,native,accepted
dubrovnik-356,caspar32,3,True,33,0.450922049,1236435.875,1.707767198428871,native,accepted
dubrovnik-356,caspar32,3,True,34,0.458018233,1236251.375,1.7075123667352254,native,accepted
dubrovnik-356,caspar32,3,True,35,0.465058997,1236048.875,1.7072326734129317,native,accepted
dubrovnik-356,caspar32,3,True,36,0.472140451,1235862.875,1.706975769916899,native,accepted
dubrovnik-356,caspar32,3,True,37,0.479192825,1235666.875,1.7067050544049507,native,accepted
dubrovnik-356,caspar32,3,True,38,0.48625601,1235485.0,1.7064538483654832,native,accepted
dubrovnik-356,caspar32,3,True,39,0.493329294,1235295.625,1.7061922833140788,native,accepted
dubrovnik-356,caspar32,3,True,40,0.500379608,1235117.25,1.7059459114801818,native,accepted
dubrovnik-356,caspar32,3,True,41,0.507443932,1234932.5,1.7056907344861387,native,accepted
dubrovnik-356,caspar32,3,True,42,0.514550966,1234754.875,1.7054453985534355,native,accepted
dubrovnik-356,caspar32,3,True,43,0.5216153,1234572.875,1.705194019863769,native,accepted
dubrovnik-356,caspar32,3,True,44,0.528671434,1234398.75,1.7049535181366362,native,accepted
dubrovnik-356,caspar32,3,True,45,0.535724728,1234219.625,1.7047061104015455,native,accepted
dubrovnik-356,caspar32,3,True,46,0.542789802,1234047.25,1.704468025777198,native,accepted
dubrovnik-356,caspar32,3,True,47,0.549855726,1233871.0,1.7042245889966832,native,accepted
dubrovnik-356,caspar32,3,True,48,0.5570959,1233701.0,1.7039897847261156,native,accepted
dubrovnik-356,caspar32,3,True,49,0.564159984,1233524.5,1.703746002645203,native,accepted
dubrovnik-356,caspar32,3,True,50,0.571217298,1233355.5,1.703512579576227,native,accepted
dubrovnik-356,caspar32,3,True,51,0.578287262,1233182.5,1.7032736317008845,native,accepted
dubrovnik-356,caspar32,3,True,52,0.585348426,1233015.5,1.7030429710350918,native,accepted
dubrovnik-356,caspar32,3,True,53,0.59241656,1232842.375,1.7028038505095506,native,accepted
dubrovnik-356,caspar32,3,True,54,0.599485684,1232676.0,1.7025740530947526,native,accepted
dubrovnik-356,caspar32,3,True,55,0.606563499,1232506.0,1.702339248824185,native,accepted
dubrovnik-356,caspar32,3,True,56,0.613621753,1232341.5,1.7021120411623711,native,accepted
dubrovnik-356,caspar32,3,True,57,0.620696717,1232172.625,1.7018787907435942,native,accepted
dubrovnik-356,caspar32,3,True,58,0.627766861,1232009.875,1.7016540001845655,native,accepted
dubrovnik-356,caspar32,3,True,59,0.634835845,1231841.125,1.7014209224159873,native,accepted
dubrovnik-356,caspar32,3,True,60,0.641904759,1231680.25,1.701198721609943,native,accepted
dubrovnik-356,caspar32,3,True,61,0.648973653,1231513.25,1.7009680609441502,native,accepted
dubrovnik-356,caspar32,3,True,62,0.656043577,1231353.25,1.7007470686894983,native,accepted
dubrovnik-356,caspar32,3,True,63,0.663109171,1231186.625,1.7005169259743025,native,accepted
dubrovnik-356,caspar32,3,True,64,0.670171975,1231028.25,1.7002981781722368,native,accepted
dubrovnik-356,caspar32,3,True,65,0.677251779,1230864.125,1.70007148846102,native,accepted
dubrovnik-356,caspar32,3,True,66,0.684349143,1230705.75,1.6998527406589543,native,accepted
dubrovnik-356,caspar32,3,True,67,0.691410647,1230544.125,1.6996295039517162,native,accepted
dubrovnik-356,caspar32,3,True,68,0.698487751,1230388.0,1.699413863853232,native,accepted
dubrovnik-356,caspar32,3,True,69,0.705538576,1230227.375,1.6991920083475853,native,accepted
dubrovnik-356,caspar32,3,True,70,0.71259164,1230072.75,1.6989784400514882,native,accepted
dubrovnik-356,caspar32,3,True,71,0.719650973,1229911.75,1.6987560665952448,native,accepted
dubrovnik-356,caspar32,3,True,72,0.726707868,1229758.25,1.6985440521509383,native,accepted
dubrovnik-356,caspar32,3,True,73,0.733761292,1229600.5,1.6983261675998675,native,accepted
dubrovnik-356,caspar32,3,True,74,0.740832986,1229447.25,1.6981144984559589,native,accepted
dubrovnik-356,caspar32,3,True,75,0.7478922,1229292.0,1.697900066908867,native,accepted
dubrovnik-356,caspar32,3,True,76,0.754959794,1229140.0,1.6976901242669478,native,accepted
dubrovnik-356,caspar32,3,True,77,0.762028878,1228984.875,1.6974758653700548,native,accepted
dubrovnik-356,caspar32,3,True,78,0.769100452,1228834.375,1.6972679945305231,native,accepted
dubrovnik-356,caspar32,3,True,79,0.776153866,1228680.375,1.6970552894854207,native,accepted
dubrovnik-356,caspar32,3,True,80,0.78322,1228531.5,1.696849663098475,native,accepted
dubrovnik-356,caspar32,3,True,81,0.790294544,1228377.25,1.6966366127529748,native,accepted
dubrovnik-356,caspar32,3,True,82,0.797348198,1228230.25,1.6964335761190135,native,accepted
dubrovnik-356,caspar32,3,True,83,0.804427072,1228079.125,1.696224842028487,native,accepted
dubrovnik-356,caspar32,3,True,84,0.811504596,1227931.875,1.6960214600941277,native,accepted
dubrovnik-356,caspar32,3,True,85,0.81856398,1227782.0,1.6958144525055907,native,accepted
dubrovnik-356,caspar32,3,True,86,0.825638874,1227635.25,1.6956117611720272,native,accepted
dubrovnik-356,caspar32,3,True,87,0.832702528,1227487.125,1.6954071706862754,native,accepted
dubrovnik-356,caspar32,3,True,88,0.839762662,1227341.375,1.6952058605543034,native,accepted
dubrovnik-356,caspar32,3,True,89,0.846808846,1227192.875,1.6950007521179549,native,accepted
dubrovnik-356,caspar32,3,True,90,0.853871721,1227049.5,1.6948027223397628,native,accepted
dubrovnik-356,caspar32,3,True,91,0.860936845,1226903.0,1.6946003763065973,native,accepted
dubrovnik-356,caspar32,3,True,92,0.867979029,1226759.875,1.6944026918288033,native,accepted
dubrovnik-356,caspar32,3,True,93,0.875060633,1226614.375,1.6942017269972294,native,accepted
dubrovnik-356,caspar32,3,True,94,0.882134447,1226473.125,1.6940066322724197,native,accepted
dubrovnik-356,caspar32,3,True,95,0.889191871,1226326.875,1.693804631539652,native,accepted
dubrovnik-356,caspar32,3,True,96,0.896412955,1226187.375,1.6936119539176273,native,accepted
dubrovnik-356,caspar32,3,True,97,0.903484309,1226043.0,1.693412542937844,native,accepted
dubrovnik-356,caspar32,3,True,98,0.910553073,1225904.0,1.6932205559166151,native,accepted
dubrovnik-356,caspar32,3,True,99,0.917636407,1225759.875,1.6930214902372296,native,accepted
dubrovnik-356,caspar32,3,True,100,0.924717311,1225622.5,1.6928317476685872,native,accepted
dubrovnik-356,caspar32,3,True,101,0.931785475,1225479.75,1.69263458114139,native,accepted
dubrovnik-356,caspar32,3,True,102,0.938865779,1225341.75,1.6924439753217528,native,accepted
dubrovnik-356,caspar32,3,True,103,0.945937234,1225201.125,1.6922497438479378,native,accepted
dubrovnik-356,caspar32,3,True,104,0.952993467,1225064.625,1.692061209830688,native,accepted
dubrovnik-356,caspar32,3,True,105,0.960057122,1224924.25,1.6918673236572708,native,accepted
dubrovnik-356,caspar32,3,True,106,0.967122775,1224787.625,1.691678616989822,native,accepted
dubrovnik-356,caspar32,3,True,107,0.97420559,1224648.75,1.6914868026187921,native,accepted
dubrovnik-356,caspar32,3,True,108,0.981273344,1224514.25,1.6913010310047256,native,accepted
dubrovnik-356,caspar32,3,True,109,0.988333548,1224375.75,1.6911097345842925,native,accepted
dubrovnik-356,caspar32,3,True,110,0.995401932,1224241.375,1.6909241356204248,native,accepted
dubrovnik-356,caspar32,3,True,111,1.002478806,1224104.5,1.6907350836525783,native,accepted
dubrovnik-356,caspar32,3,True,112,1.00953921,1223970.5,1.6905500026393074,native,accepted
dubrovnik-356,caspar32,3,True,113,1.016599714,1223834.75,1.690362504523251,native,accepted
dubrovnik-356,caspar32,3,True,114,1.023709688,1223700.875,1.6901775961601793,native,accepted
dubrovnik-356,caspar32,3,True,115,1.030764582,1223566.625,1.6899921698465106,native,accepted
dubrovnik-356,caspar32,3,True,116,1.037834426,1223434.625,1.6898098512364228,native,accepted
dubrovnik-356,caspar32,3,True,117,1.04499323,1223299.125,1.6896226984207645,native,accepted
dubrovnik-356,caspar32,3,True,118,1.052055374,1223167.25,1.6894405524608758,native,accepted
dubrovnik-356,caspar32,3,True,119,1.059140798,1223035.375,1.689258406500987,native,accepted
dubrovnik-356,caspar32,3,True,120,1.066198952,1222905.0,1.6890783323434855,native,accepted
dubrovnik-356,caspar32,3,True,121,1.073297207,1222772.25,1.688894977832204,native,accepted
dubrovnik-356,caspar32,3,True,122,1.08035832,1222643.0,1.6887164575264932,native,accepted
dubrovnik-356,caspar32,3,True,123,1.087427925,1222512.75,1.6885365560191907,native,accepted
dubrovnik-356,caspar32,3,True,124,1.094497569,1222383.125,1.688357517762883,native,accepted
dubrovnik-356,caspar32,3,True,125,1.101551783,1222252.0,1.6881764077041879,native,accepted
dubrovnik-356,caspar32,3,True,126,1.108621717,1222123.375,1.6879987506494716,native,accepted
dubrovnik-356,caspar32,3,True,127,1.115691191,1221994.375,1.6878205756441587,native,accepted
dubrovnik-356,caspar32,3,True,128,1.122746375,1221865.25,1.6876422279886467,native,accepted
dubrovnik-356,caspar32,3,True,129,1.129826659,1221736.875,1.6874649162343285,native,accepted
dubrovnik-356,caspar32,3,True,130,1.136891723,1221611.5,1.6872917480847849,native,accepted
dubrovnik-356,caspar32,3,True,131,1.143959997,1221481.75,1.6871125371782782,native,accepted
dubrovnik-356,caspar32,3,True,132,1.151032771,1221356.5,1.6869395416789337,native,accepted
dubrovnik-356,caspar32,3,True,133,1.158102005,1221228.5,1.686762747875212,native,accepted
dubrovnik-356,caspar32,3,True,134,1.165184779,1221103.125,1.6865895797256685,native,accepted
dubrovnik-356,caspar32,3,True,135,1.172264133,1220976.0,1.6864139944733398,native,accepted
dubrovnik-356,caspar32,3,True,136,1.179337037,1220850.125,1.6862401357230004,native,accepted
dubrovnik-356,caspar32,3,True,137,1.186548132,1220725.375,1.6860678308244517,native,accepted
dubrovnik-356,caspar32,3,True,138,1.193611156,1220601.0,1.6858960438764996,native,accepted
dubrovnik-356,caspar32,3,True,139,1.20067617,1220475.25,1.6857223577763591,native,accepted
dubrovnik-356,caspar32,3,True,140,1.207727404,1220352.75,1.6855531605813914,native,accepted
dubrovnik-356,caspar32,3,True,141,1.214804048,1220228.75,1.6853818915840362,native,accepted
dubrovnik-356,caspar32,3,True,142,1.221873962,1220105.75,1.6852120037882727,native,accepted
dubrovnik-356,caspar32,3,True,143,1.229060466,1219981.75,1.6850407347909175,native,accepted
dubrovnik-356,caspar32,3,True,144,1.23612769,1219858.5,1.684870501694756,native,accepted
dubrovnik-356,caspar32,3,True,145,1.243173764,1219735.75,1.6847009591993904,native,accepted
dubrovnik-356,caspar32,3,True,146,1.250224848,1219614.25,1.6845331432060142,native,accepted
dubrovnik-356,caspar32,3,True,147,1.257298992,1219491.5,1.6843636007106486,native,accepted
dubrovnik-356,caspar32,3,True,148,1.264399346,1219370.875,1.684196993268665,native,accepted
dubrovnik-356,caspar32,3,True,149,1.27147178,1219250.125,1.6840302131764824,native,accepted
dubrovnik-356,caspar32,3,True,150,1.278548044,1219129.0,1.683862915133703,native,accepted
dubrovnik-356,caspar32,3,True,151,1.285601998,1219008.375,1.6836963076917195,native,accepted
dubrovnik-356,caspar32,3,True,152,1.292670793,1218887.5,1.683529354949338,native,accepted
dubrovnik-356,caspar32,3,True,153,1.299746006,1218768.5,1.6833649919599407,native,accepted
dubrovnik-356,caspar32,3,True,154,1.306838311,1218648.5,1.683199247768952,native,accepted
dubrovnik-356,caspar32,3,True,155,1.313893955,1218529.125,1.6830343668289578,native,accepted
dubrovnik-356,caspar32,3,True,156,1.320946399,1218409.875,1.6828696585391627,native,accepted
dubrovnik-356,caspar32,3,True,157,1.328004263,1218291.5,1.6827061588007601,native,accepted
dubrovnik-356,caspar32,3,True,158,1.335081027,1218174.0,1.68254386761375,native,accepted
dubrovnik-356,caspar32,3,True,159,1.342173241,1218054.125,1.6823782960729603,native,accepted
dubrovnik-356,caspar32,3,True,160,1.349234745,1217937.125,1.6822166954867461,native,accepted
dubrovnik-356,caspar32,3,True,161,1.356305889,1217818.75,1.6820531957483436,native,accepted
dubrovnik-356,caspar32,3,True,162,1.363368603,1217701.0,1.6818905592609357,native,accepted
dubrovnik-356,caspar32,3,True,163,1.370428067,1217584.625,1.6817298219257164,native,accepted
dubrovnik-356,caspar32,3,True,164,1.377478331,1217468.875,1.6815699478414916,native,accepted
dubrovnik-356,caspar32,3,True,165,1.384551695,1217352.625,1.6814093831564711,native,accepted
dubrovnik-356,caspar32,3,True,166,1.391624729,1217236.5,1.6812489911216497,native,accepted
dubrovnik-356,caspar32,3,True,167,1.398700143,1217120.5,1.6810887717370273,native,accepted
dubrovnik-356,caspar32,3,True,168,1.405762847,1217004.5,1.6809285523524047,native,accepted
dubrovnik-356,caspar32,3,True,169,1.412829421,1216888.625,1.680768505617981,native,accepted
dubrovnik-356,caspar32,3,True,170,1.419887046,1216774.625,1.6806110486365415,native,accepted
dubrovnik-356,caspar32,3,True,171,1.42695233,1216660.125,1.6804529010543063,native,accepted
dubrovnik-356,caspar32,3,True,172,1.434023203,1216545.875,1.6802950987724692,native,accepted
dubrovnik-356,caspar32,3,True,173,1.441108088,1216431.625,1.6801372964906318,native,accepted
dubrovnik-356,caspar32,3,True,174,1.448176312,1216316.875,1.6799788036079988,native,accepted
dubrovnik-356,caspar32,3,True,175,1.455244086,1216204.5,1.6798235910791457,native,accepted
dubrovnik-356,caspar32,3,True,176,1.46229526,1216090.75,1.6796664793981042,native,accepted
dubrovnik-356,caspar32,3,True,177,1.469350644,1215976.75,1.6795090224166647,native,accepted
dubrovnik-356,caspar32,3,True,178,1.476433798,1215865.5,1.6793553637396021,native,accepted
dubrovnik-356,caspar32,3,True,179,1.483500542,1215751.625,1.6791980794083616,native,accepted
dubrovnik-356,caspar32,3,True,180,1.490564686,1215639.125,1.6790426942293097,native,accepted
dubrovnik-356,caspar32,3,True,181,1.49762807,1215527.5,1.6788885176016501,native,accepted
dubrovnik-356,caspar32,3,True,182,1.504677754,1215415.625,1.678733995673593,native,accepted
dubrovnik-356,caspar32,3,True,183,1.511759258,1215304.0,1.6785798190459336,native,accepted
dubrovnik-356,caspar32,3,True,184,1.518823842,1215192.625,1.678425987718672,native,accepted
dubrovnik-356,caspar32,3,True,185,1.525888126,1215081.625,1.6782726743420073,native,accepted
dubrovnik-356,caspar32,3,True,186,1.53293942,1214972.5,1.6781219507183267,native,accepted
dubrovnik-356,caspar32,3,True,187,1.540004944,1214860.875,1.6779677740906673,native,accepted
dubrovnik-356,caspar32,3,True,188,1.547085848,1214749.875,1.6778144607140026,native,accepted
dubrovnik-356,caspar32,3,True,189,1.554163823,1214640.625,1.6776635644401232,native,accepted
dubrovnik-356,caspar32,3,True,190,1.561345997,1214530.5,1.6775114596148513,native,accepted
dubrovnik-356,caspar32,3,True,191,1.568408921,1214421.5,1.6773609086413697,native,accepted
dubrovnik-356,caspar32,3,True,192,1.575495335,1214312.0,1.6772096670670924,native,accepted
dubrovnik-356,caspar32,3,True,193,1.582557119,1214202.375,1.6770582528426161,native,accepted
dubrovnik-356,caspar32,3,True,194,1.589639663,1214094.375,1.676909083070726,native,accepted
dubrovnik-356,caspar32,3,True,195,1.596810997,1213985.875,1.6767592226980403,native,accepted
dubrovnik-356,caspar32,3,True,196,1.603891251,1213877.5,1.6766095349755537,native,accepted
dubrovnik-356,caspar32,3,True,197,1.610976845,1213770.25,1.6764614011048573,native,accepted
dubrovnik-356,caspar32,3,True,198,1.618053939,1213661.0,1.6763105048309779,native,accepted
dubrovnik-356,caspar32,3,True,199,1.625127913,1213554.125,1.6761628889108784,native,accepted
dubrovnik-356,caspar32,3,True,200,1.632189277,1213446.25,1.6760138917891874,native,accepted
dubrovnik-356,caspar32,3,True,201,1.639271111,1213338.75,1.6758654126180932,native,accepted
dubrovnik-356,caspar32,3,True,202,1.646326356,1213233.625,1.675720213800779,native,accepted
dubrovnik-356,caspar32,3,True,203,1.65340082,1213125.625,1.6755710440288891,native,accepted
dubrovnik-356,caspar32,3,True,204,1.663479925,1213019.5,1.6754244640099833,native,accepted
dubrovnik-356,caspar32,3,True,205,1.670560179,1212912.375,1.675276502789486,native,accepted
dubrovnik-356,caspar32,3,True,206,1.677628573,1212806.875,1.675130786021575,native,accepted
dubrovnik-356,caspar32,3,True,207,1.684725958,1212701.0,1.674984551303067,native,accepted
dubrovnik-356,caspar32,3,True,208,1.691802591,1212595.75,1.674839179835554,native,accepted
dubrovnik-356,caspar32,3,True,209,1.698874396,1212490.375,1.674693635717842,native,accepted
dubrovnik-356,caspar32,3,True,210,1.70595025,1212385.25,1.6745484369005277,native,accepted
dubrovnik-356,caspar32,3,True,211,1.713017714,1212280.5,1.6744037560338103,native,accepted
dubrovnik-356,caspar32,3,True,212,1.720080178,1212176.75,1.6742604563686845,native,accepted
dubrovnik-356,caspar32,3,True,213,1.727157092,1212071.5,1.6741150849011714,native,accepted
dubrovnik-356,caspar32,3,True,214,1.734242356,1211967.375,1.6739712672854488,native,accepted
dubrovnik-356,caspar32,3,True,215,1.74132702,1211863.0,1.6738271043693282,native,accepted
dubrovnik-356,caspar32,3,True,216,1.748388634,1211759.625,1.6736843226547993,native,accepted
dubrovnik-356,caspar32,3,True,217,1.755459258,1211655.875,1.6735410229896734,native,accepted
dubrovnik-356,caspar32,3,True,218,1.763691423,1211551.125,1.6733963421229563,native,accepted
dubrovnik-356,caspar32,3,True,219,1.770770817,1211448.25,1.673254251009223,native,accepted
dubrovnik-356,caspar32,3,True,220,1.777859151,1211345.625,1.6731125051958877,native,accepted
dubrovnik-356,caspar32,3,True,221,1.784937965,1211243.375,1.6729712773331493,native,accepted
dubrovnik-356,caspar32,3,True,222,1.791998519,1211140.375,1.6728290135692172,native,accepted
dubrovnik-356,caspar32,3,True,223,1.799077993,1211037.625,1.6726870951056831,native,accepted
dubrovnik-356,caspar32,3,True,224,1.806168827,1210935.75,1.6725463851935416,native,accepted
dubrovnik-356,caspar32,3,True,225,1.813232711,1210834.0,1.6724058479315989,native,accepted
dubrovnik-356,caspar32,3,True,226,1.820299505,1210732.5,1.6722656559700542,native,accepted
dubrovnik-356,caspar32,3,True,227,1.827378569,1210630.375,1.6721246007575146,native,accepted
dubrovnik-356,caspar32,3,True,228,1.834447564,1210529.625,1.6719854446971636,native,accepted
dubrovnik-356,caspar32,3,True,229,1.841527997,1210427.25,1.6718440441842262,native,accepted
dubrovnik-356,caspar32,3,True,230,1.848599301,1210327.0,1.671705578724671,native,accepted
dubrovnik-356,caspar32,3,True,231,1.855669636,1210227.5,1.6715681491663095,native,accepted
dubrovnik-356,caspar32,3,True,232,1.86369563,1210125.375,1.6714270939537699,native,accepted
dubrovnik-356,caspar32,3,True,233,1.870756554,1210025.375,1.6712889737946126,native,accepted
dubrovnik-356,caspar32,3,True,234,1.877838169,1209925.625,1.6711511989358532,native,accepted
dubrovnik-356,caspar32,3,True,235,1.884948773,1209824.875,1.671012042875502,native,accepted
dubrovnik-356,caspar32,3,True,236,1.892035767,1209724.75,1.6708737500661457,native,accepted
dubrovnik-356,caspar32,3,True,237,1.899101741,1209625.5,1.670736665808182,native,accepted
dubrovnik-356,caspar32,3,True,238,1.906414265,1209526.5,1.6705999268506162,native,accepted
dubrovnik-356,caspar32,3,True,239,1.913495209,1209427.875,1.6704637058436473,native,accepted
dubrovnik-356,caspar32,3,True,240,1.920552863,1209327.75,1.6703254130342908,native,accepted
dubrovnik-356,caspar32,3,True,241,1.927624747,1209230.0,1.6701904005787147,native,accepted
dubrovnik-356,caspar32,3,True,242,1.934704361,1209130.375,1.670052798370154,native,accepted
dubrovnik-356,caspar32,3,True,243,1.941773155,1209031.625,1.6699164047129862,native,accepted
dubrovnik-356,caspar32,3,True,244,1.948863079,1208933.5,1.669780874306813,native,accepted
dubrovnik-356,caspar32,3,True,245,1.955924903,1208836.0,1.6696462071516345,native,accepted
dubrovnik-356,caspar32,3,True,246,1.964695478,1208738.125,1.6695110220458593,native,accepted
dubrovnik-356,caspar32,3,True,247,1.971762542,1208639.125,1.6693742830882934,native,accepted
dubrovnik-356,caspar32,3,True,248,1.978837687,1208541.625,1.669239615933115,native,accepted
dubrovnik-356,caspar32,3,True,249,1.9859378,1208444.375,1.6691052940783344,native,accepted
dubrovnik-356,caspar32,3,True,250,1.993010735,1208347.0,1.668970799573355,native,accepted
dubrovnik-356,caspar32,3,True,251,2.000071989,1208250.625,1.668837686269967,native,accepted
dubrovnik-356,caspar32,3,True,252,2.007141163,1208154.25,1.6687045729665793,native,accepted
dubrovnik-356,caspar32,3,True,253,2.014208167,1208056.625,1.6685697331612017,native,accepted
dubrovnik-356,caspar32,3,True,254,2.021277611,1207961.25,1.6684380010594053,native,accepted
dubrovnik-356,caspar32,3,True,255,2.028352485,1207863.75,1.668303333904227,native,accepted
dubrovnik-356,caspar32,3,True,256,2.035437659,1207767.125,1.6681698753004413,native,accepted
dubrovnik-356,caspar32,3,True,257,2.042504773,1207671.625,1.6680379705484458,native,accepted
dubrovnik-356,caspar32,3,True,258,2.049639337,1207576.125,1.6679060657964506,native,accepted
dubrovnik-356,caspar32,3,True,259,2.056698621,1207480.125,1.6677734704436595,native,accepted
dubrovnik-356,caspar32,3,True,260,2.065699026,1207383.5,1.6676400118398738,native,accepted
dubrovnik-356,caspar32,3,True,261,2.07277799,1207289.75,1.6675105241906636,native,accepted
dubrovnik-356,caspar32,3,True,262,2.079851454,1207195.5,1.6673803459406578,native,accepted
dubrovnik-356,caspar32,3,True,263,2.086956049,1207099.5,1.6672477505878667,native,accepted
dubrovnik-356,caspar32,3,True,264,2.094029503,1207004.625,1.6671167090868662,native,accepted
dubrovnik-356,caspar32,3,True,265,2.101109197,1206909.875,1.6669858402360647,native,accepted
dubrovnik-356,caspar32,3,True,266,2.108174791,1206814.625,1.666854280784467,native,accepted
dubrovnik-356,caspar32,3,True,267,2.115238735,1206721.375,1.666725483736053,native,accepted
dubrovnik-356,caspar32,3,True,268,2.122307679,1206627.875,1.6665963413872409,native,accepted
dubrovnik-356,caspar32,3,True,269,2.129378393,1206533.375,1.666465817836837,native,accepted
dubrovnik-356,caspar32,3,True,270,2.136450757,1206439.0,1.6663354669366324,native,accepted
dubrovnik-356,caspar32,3,True,271,2.143530711,1206345.25,1.6662059792874222,native,accepted
dubrovnik-356,caspar32,3,True,272,2.150608785,1206251.25,1.6660761463378144,native,accepted
dubrovnik-356,caspar32,3,True,273,2.157683959,1206158.875,1.6659485578407927,native,accepted
dubrovnik-356,caspar32,3,True,274,2.165703954,1206064.0,1.6658175163397921,native,accepted
dubrovnik-356,caspar32,3,True,275,2.172788308,1205970.75,1.6656887192913779,native,accepted
dubrovnik-356,caspar32,3,True,276,2.179864282,1205878.125,1.6655607854939585,native,accepted
dubrovnik-356,caspar32,3,True,277,2.186967406,1205786.0,1.6654335422973345,native,accepted
dubrovnik-356,caspar32,3,True,278,2.19404301,1205692.75,1.6653047452489205,native,accepted
dubrovnik-356,caspar32,3,True,279,2.201120334,1205600.75,1.6651776747024956,native,accepted
dubrovnik-356,caspar32,3,True,280,2.208185858,1205507.5,1.6650488776540813,native,accepted
dubrovnik-356,caspar32,3,True,281,2.215281172,1205417.0,1.664923878910044,native,accepted
dubrovnik-356,caspar32,3,True,282,2.222370916,1205323.875,1.6647952545118285,native,accepted
dubrovnik-356,caspar32,3,True,283,2.22944578,1205232.375,1.6646688745661997,native,accepted
dubrovnik-356,caspar32,3,True,284,2.236509644,1205139.375,1.6645404228181833,native,accepted
dubrovnik-356,caspar32,3,True,285,2.243758559,1205049.75,1.6644166326255385,native,accepted
dubrovnik-356,caspar32,3,True,286,2.250837233,1204957.75,1.6642895620791136,native,accepted
dubrovnik-356,caspar32,3,True,287,2.257905687,1204866.25,1.6641631821334848,native,accepted
dubrovnik-356,caspar32,3,True,288,2.264980681,1204774.75,1.6640368021878558,native,accepted
dubrovnik-356,caspar32,3,True,289,2.272072475,1204684.625,1.6639123213944151,native,accepted
dubrovnik-356,caspar32,3,True,290,2.279148639,1204593.25,1.6637861140989851,native,accepted
dubrovnik-356,caspar32,3,True,291,2.286239103,1204503.5,1.6636621512561414,native,accepted
dubrovnik-356,caspar32,3,True,292,2.293307057,1204410.375,1.663533526857926,native,accepted
dubrovnik-356,caspar32,3,True,293,2.300376891,1204321.75,1.6634111178668727,native,accepted
dubrovnik-356,caspar32,3,True,294,2.307462355,1204231.125,1.6632859464726364,native,accepted
dubrovnik-356,caspar32,3,True,295,2.314545929,1204140.875,1.663161293028997,native,accepted
dubrovnik-356,caspar32,3,True,296,2.321630893,1204050.25,1.6630361216347604,native,accepted
dubrovnik-356,caspar32,3,True,297,2.328779577,1203961.375,1.6629133673433094,native,accepted
dubrovnik-356,caspar32,3,True,298,2.335882892,1203871.0,1.662788541249471,native,accepted
dubrovnik-356,caspar32,3,True,299,2.342951745,1203781.5,1.662664923707025,native,accepted
dubrovnik-356,caspar32,3,True,300,2.3500233,1203692.0,1.6625413061645793,native,accepted
dubrovnik-356,caspar32,3,True,301,2.357083624,1203603.125,1.662418551873128,native,accepted
dubrovnik-356,caspar32,3,True,302,2.364704808,1203513.0,1.6622940710796876,native,accepted
dubrovnik-356,caspar32,3,True,303,2.371777062,1203425.125,1.662172697989828,native,accepted
dubrovnik-356,caspar32,3,True,304,2.378841106,1203335.625,1.6620490804473822,native,accepted
dubrovnik-356,caspar32,3,True,305,2.3859175,1203247.625,1.6619275347073237,native,accepted
dubrovnik-356,caspar32,3,True,306,2.392990844,1203157.25,1.6618027086134852,native,accepted
dubrovnik-356,caspar32,3,True,307,2.400050158,1203069.875,1.6616820261244214,native,accepted
dubrovnik-356,caspar32,3,True,308,2.407109852,1202981.25,1.6615596171333682,native,accepted
dubrovnik-356,caspar32,3,True,309,2.414165606,1202893.75,1.6614387619941056,native,accepted
dubrovnik-356,caspar32,3,True,310,2.42122,1202804.75,1.6613158350524555,native,accepted
dubrovnik-356,caspar32,3,True,311,2.428284705,1202716.625,1.661194116662198,native,accepted
dubrovnik-356,caspar32,3,True,312,2.435348569,1202630.125,1.6610746427245269,native,accepted
dubrovnik-356,caspar32,3,True,313,2.442412273,1202542.625,1.6609537875852642,native,accepted
dubrovnik-356,caspar32,3,True,314,2.449485147,1202454.625,1.6608322418452057,native,accepted
dubrovnik-356,caspar32,3,True,315,2.456544521,1202368.25,1.6607129405577334,native,accepted
dubrovnik-356,caspar32,3,True,316,2.463838325,1202281.0,1.6605924307188686,native,accepted
dubrovnik-356,caspar32,3,True,317,2.470915369,1202193.375,1.660471402929407,native,accepted
dubrovnik-356,caspar32,3,True,318,2.477983133,1202105.75,1.6603503751399453,native,accepted
dubrovnik-356,caspar32,3,True,319,2.485048577,1202019.0,1.6602305559018764,native,accepted
dubrovnik-356,caspar32,3,True,320,2.492100331,1201932.75,1.6601114272646031,native,accepted
dubrovnik-356,caspar32,3,True,321,2.499169275,1201846.125,1.659991780676733,native,accepted
dubrovnik-356,caspar32,3,True,322,2.506230889,1201758.5,1.6598707528872714,native,accepted
dubrovnik-356,caspar32,3,True,323,2.513307413,1201672.625,1.659752142200595,native,accepted
dubrovnik-356,caspar32,3,True,324,2.520391157,1201587.0,1.6596338768143164,native,accepted
dubrovnik-356,caspar32,3,True,325,2.527461962,1201500.625,1.6595145755268443,native,accepted
dubrovnik-356,caspar32,3,True,326,2.534531226,1201414.375,1.659395446889571,native,accepted
dubrovnik-356,caspar32,3,True,327,2.54159097,1201328.875,1.6592773541534915,native,accepted
dubrovnik-356,caspar32,3,True,328,2.548663694,1201242.375,1.6591578802158204,native,accepted
dubrovnik-356,caspar32,3,True,329,2.555716748,1201158.125,1.6590415139817303,native,accepted
dubrovnik-356,caspar32,3,True,330,2.562786332,1201072.375,1.658923075945253,native,accepted
dubrovnik-356,caspar32,3,True,331,2.569865376,1200987.0,1.6588051558593722,native,accepted
dubrovnik-356,caspar32,3,True,332,2.5771208,1200901.625,1.6586872357734916,native,accepted
dubrovnik-356,caspar32,3,True,333,2.584179704,1200816.875,1.6585701789386058,native,accepted
dubrovnik-356,caspar32,3,True,334,2.591269768,1200731.0,1.6584515682519294,native,accepted
dubrovnik-356,caspar32,3,True,335,2.598331202,1200646.5,1.6583348567174414,native,accepted
dubrovnik-356,caspar32,3,True,336,2.605405216,1200561.5,1.6582174545821575,native,accepted
dubrovnik-356,caspar32,3,True,337,2.61246319,1200476.75,1.6581003977472717,native,accepted
dubrovnik-356,caspar32,3,True,338,2.619565494,1200391.5,1.6579826503115902,native,accepted
dubrovnik-356,caspar32,3,True,339,2.626637668,1200307.25,1.6578662840775,native,accepted
dubrovnik-356,caspar32,3,True,340,2.633710372,1200222.125,1.6577487092920173,native,accepted
dubrovnik-356,caspar32,3,True,341,2.640770007,1200140.125,1.6576354507615083,native,accepted
dubrovnik-356,caspar32,3,True,342,2.647832931,1200054.375,1.6575170127250307,native,accepted
dubrovnik-356,caspar32,3,True,343,2.654883135,1199971.875,1.657403063593726,native,accepted
dubrovnik-356,caspar32,3,True,344,2.661939639,1199887.875,1.6572870426600337,native,accepted
dubrovnik-356,caspar32,3,True,345,2.669028623,1199803.25,1.6571701584753469,native,accepted
dubrovnik-356,caspar32,3,True,346,2.676097987,1199720.625,1.6570560366938432,native,accepted
dubrovnik-356,caspar32,3,True,347,2.683155671,1199637.25,1.6569408790111455,native,accepted
dubrovnik-356,caspar32,3,True,348,2.690217055,1199553.25,1.6568248580774534,native,accepted
dubrovnik-356,caspar32,3,True,349,2.697292679,1199471.125,1.6567114268967453,native,accepted
dubrovnik-356,caspar32,3,True,350,2.704369853,1199385.875,1.6565936794610638,native,accepted
dubrovnik-356,caspar32,3,True,351,2.711437467,1199303.625,1.6564800756301568,native,accepted
dubrovnik-356,caspar32,3,True,352,2.718502281,1199220.75,1.6563656085482552,native,accepted
dubrovnik-356,caspar32,3,True,353,2.725569405,1199138.5,1.6562520047173481,native,accepted
dubrovnik-356,caspar32,3,True,354,2.732642999,1199055.5,1.6561373649852476,native,accepted
dubrovnik-356,caspar32,3,True,355,2.739714893,1198972.75,1.6560230705535448,native,accepted
dubrovnik-356,caspar32,3,True,356,2.746770087,1198890.625,1.6559096393728368,native,accepted
dubrovnik-356,caspar32,3,True,357,2.753827351,1198808.75,1.6557965534925267,native,accepted
dubrovnik-356,caspar32,3,True,358,2.760905336,1198725.875,1.655682086410625,native,accepted
dubrovnik-356,caspar32,3,True,359,2.76797276,1198644.0,1.655569000530315,native,accepted
dubrovnik-356,caspar32,3,True,360,2.775045624,1198562.125,1.655455914650005,native,accepted
dubrovnik-356,caspar32,3,True,361,2.782091498,1198480.75,1.6553435193704906,native,accepted
dubrovnik-356,caspar32,3,True,362,2.789161232,1198398.125,1.6552293975889867,native,accepted
dubrovnik-356,caspar32,3,True,363,2.796251186,1198317.125,1.6551175202600694,native,accepted
dubrovnik-356,caspar32,3,True,364,2.8033127,1198234.5,1.6550033984785655,native,accepted
dubrovnik-356,caspar32,3,True,365,2.810370224,1198153.875,1.6548920391002448,native,accepted
dubrovnik-356,caspar32,3,True,366,2.817437468,1198072.5,1.6547796438207305,native,accepted
dubrovnik-356,caspar32,3,True,367,2.824511602,1197990.375,1.6546662126400227,native,accepted
dubrovnik-356,caspar32,3,True,368,2.831591686,1197909.75,1.654554853261702,native,accepted
dubrovnik-356,caspar32,3,True,369,2.83864116,1197828.25,1.6544422853319887,native,accepted
dubrovnik-356,caspar32,3,True,370,2.845703834,1197747.5,1.654330753303469,native,accepted
dubrovnik-356,caspar32,3,True,371,2.852779718,1197666.625,1.6542190486247506,native,accepted
dubrovnik-356,caspar32,3,True,372,2.859842132,1197585.5,1.6541069986456343,native,accepted
dubrovnik-356,caspar32,3,True,373,2.866913096,1197505.875,1.6539970204689052,native,accepted
dubrovnik-356,caspar32,3,True,374,2.87400666,1197424.625,1.6538847978395899,native,accepted
dubrovnik-356,caspar32,3,True,375,2.881069194,1197344.625,1.653774301712264,native,accepted
dubrovnik-356,caspar32,3,True,376,2.888128878,1197263.75,1.6536625970335452,native,accepted
dubrovnik-356,caspar32,3,True,377,2.895207533,1197184.875,1.6535536547580099,native,accepted
dubrovnik-356,caspar32,3,True,378,2.902275007,1197104.375,1.6534424680298883,native,accepted
dubrovnik-356,caspar32,3,True,379,2.909345941,1197023.75,1.6533311086515676,native,accepted
dubrovnik-356,caspar32,3,True,380,2.916638975,1196943.875,1.6532207851744407,native,accepted
dubrovnik-356,caspar32,3,True,381,2.923711439,1196865.0,1.6531118428989053,native,accepted
dubrovnik-356,caspar32,3,True,382,2.930763913,1196784.875,1.6530011741213804,native,accepted
dubrovnik-356,caspar32,3,True,383,2.937829387,1196704.5,1.6528901600434578,native,accepted
dubrovnik-356,caspar32,3,True,384,2.944899751,1196625.375,1.6527808724675244,native,accepted
dubrovnik-356,caspar32,3,True,385,2.951965605,1196546.125,1.6526714122413921,native,accepted
dubrovnik-356,caspar32,3,True,386,2.959040109,1196464.75,1.652559016961878,native,accepted
dubrovnik-356,caspar32,3,True,387,2.966112083,1196388.0,1.6524530097397245,native,accepted
dubrovnik-356,caspar32,3,True,388,2.973175537,1196307.75,1.6523421683120008,native,accepted
dubrovnik-356,caspar32,3,True,389,2.980250771,1196228.375,1.6522325354356697,native,accepted
dubrovnik-356,caspar32,3,True,390,2.987320795,1196149.25,1.6521232478597363,native,accepted
dubrovnik-356,caspar32,3,True,391,2.994391199,1196071.75,1.6520162047363893,native,accepted
dubrovnik-356,caspar32,3,True,392,3.001450464,1195992.75,1.6519070898106551,native,accepted
dubrovnik-356,caspar32,3,True,393,3.008515508,1195914.125,1.6517984928355176,native,accepted
dubrovnik-356,caspar32,3,True,394,3.015580942,1195835.375,1.6516897232101813,native,accepted
dubrovnik-356,caspar32,3,True,395,3.022648046,1195758.25,1.6515831980374311,native,accepted
dubrovnik-356,caspar32,3,True,396,3.02971893,1195679.0,1.651473737811299,native,accepted
dubrovnik-356,caspar32,3,True,397,3.036778484,1195601.625,1.6513668673381507,native,accepted
dubrovnik-356,caspar32,3,True,398,3.043871648,1195522.75,1.6512579250626154,native,accepted
dubrovnik-356,caspar32,3,True,399,3.050953212,1195445.125,1.6511507092890696,native,accepted
dubrovnik-356,caspar32,3,True,400,3.058018326,1195367.0,1.651042802914728,native,accepted
dubrovnik-356,caspar32,3,True,401,3.06508643,1195288.375,1.6509342059395904,native,accepted
dubrovnik-356,caspar32,3,True,402,3.072178834,1195211.0,1.6508273354664422,native,accepted
dubrovnik-356,caspar32,3,True,403,3.079240338,1195133.75,1.6507206376434933,native,accepted
dubrovnik-356,caspar32,3,True,404,3.086544183,1195054.875,1.650611695367958,native,accepted
dubrovnik-356,caspar32,3,True,405,3.093615187,1194978.625,1.6505063787466003,native,accepted
dubrovnik-356,caspar32,3,True,406,3.100670971,1194900.625,1.6503986450224577,native,accepted
dubrovnik-356,caspar32,3,True,407,3.107741095,1194823.125,1.6502916018991107,native,accepted
dubrovnik-356,caspar32,3,True,408,3.114812139,1194746.375,1.6501855946769575,native,accepted
dubrovnik-356,caspar32,3,True,409,3.121909123,1194669.375,1.6500792421544062,native,accepted
dubrovnik-356,caspar32,3,True,410,3.128977627,1194591.875,1.6499721990310592,native,accepted
dubrovnik-356,caspar32,3,True,411,3.136050231,1194516.0,1.6498674003602987,native,accepted
dubrovnik-356,caspar32,3,True,412,3.143111425,1194439.0,1.6497610478377474,native,accepted
dubrovnik-356,caspar32,3,True,413,3.150161329,1194362.125,1.649654867965395,native,accepted
dubrovnik-356,caspar32,3,True,414,3.157217833,1194285.5,1.6495490333934408,native,accepted
dubrovnik-356,caspar32,3,True,415,3.164294277,1194210.125,1.649444925323476,native,accepted
dubrovnik-356,caspar32,3,True,416,3.171364781,1194131.875,1.6493368462989353,native,accepted
dubrovnik-356,caspar32,3,True,417,3.178415585,1194056.75,1.6492330835293683,native,accepted
dubrovnik-356,caspar32,3,True,418,3.185474079,1193979.125,1.6491258677558225,native,accepted
dubrovnik-356,caspar32,3,True,419,3.192546763,1193903.375,1.6490212417352608,native,accepted
dubrovnik-356,caspar32,3,True,420,3.199603717,1193828.0,1.648917133665296,native,accepted
dubrovnik-356,caspar32,3,True,421,3.206685231,1193751.75,1.6488118170439383,native,accepted
dubrovnik-356,caspar32,3,True,422,3.213752415,1193675.875,1.6487070183731778,native,accepted
dubrovnik-356,caspar32,3,True,423,3.2208221,1193600.125,1.648602392352616,native,accepted
dubrovnik-356,caspar32,3,True,424,3.227874473,1193524.125,1.6484974210316563,native,accepted
dubrovnik-356,caspar32,3,True,425,3.234950178,1193448.375,1.6483927950110946,native,accepted
dubrovnik-356,caspar32,3,True,426,3.242023502,1193372.875,1.648288514290931,native,accepted
dubrovnik-356,caspar32,3,True,427,3.249248106,1193298.0,1.6481850968217617,native,accepted
dubrovnik-356,caspar32,3,True,428,3.25629909,1193221.375,1.6480792622498075,native,accepted
dubrovnik-356,caspar32,3,True,429,3.263352494,1193146.625,1.6479760174308373,native,accepted
dubrovnik-356,caspar32,3,True,430,3.270418978,1193071.125,1.6478717367106734,native,accepted
dubrovnik-356,caspar32,3,True,431,3.277518772,1192997.125,1.647769527792897,native,accepted
dubrovnik-356,caspar32,3,True,432,3.284575476,1192920.75,1.6476640385213406,native,accepted
dubrovnik-356,caspar32,3,True,433,3.2916504,1192847.0,1.647562174903962,native,accepted
dubrovnik-356,caspar32,3,True,434,3.298721054,1192770.875,1.6474570309328034,native,accepted
dubrovnik-356,caspar32,3,True,435,3.305783418,1192697.125,1.647355167315425,native,accepted
dubrovnik-356,caspar32,3,True,436,3.312857442,1192622.625,1.6472522677968526,native,accepted
dubrovnik-356,caspar32,3,True,437,3.319911636,1192548.25,1.6471495409284793,native,accepted
dubrovnik-356,caspar32,3,True,438,3.327006261,1192473.375,1.6470461234593103,native,accepted
dubrovnik-356,caspar32,3,True,439,3.334076385,1192398.125,1.6469421880395443,native,accepted
dubrovnik-356,caspar32,3,True,440,3.341119259,1192324.125,1.6468399791217678,native,accepted
dubrovnik-356,caspar32,3,True,441,3.348169533,1192249.25,1.6467365616525989,native,accepted
dubrovnik-356,caspar32,3,True,442,3.355238967,1192176.0,1.646635388636016,native,accepted
dubrovnik-356,caspar32,3,True,443,3.362299571,1192102.5,1.6465338703190353,native,accepted
dubrovnik-356,caspar32,3,True,444,3.369379505,1192026.25,1.646428553697678,native,accepted
dubrovnik-356,caspar32,3,True,445,3.376443249,1191953.25,1.646327725981493,native,accepted
dubrovnik-356,caspar32,3,True,446,3.383498223,1191878.75,1.6462248264629207,native,accepted
dubrovnik-356,caspar32,3,True,447,3.390573227,1191806.875,1.6461255525985263,native,accepted
dubrovnik-356,caspar32,3,True,448,3.397634691,1191731.0,1.6460207539277658,native,accepted
dubrovnik-356,caspar32,3,True,449,3.404707045,1191658.25,1.6459202715119787,native,accepted
dubrovnik-356,caspar32,3,True,450,3.411768829,1191584.5,1.6458184078946,native,accepted
dubrovnik-356,caspar32,3,True,451,3.418860013,1191511.0,1.6457168895776195,native,accepted
dubrovnik-356,caspar32,3,True,452,3.425939507,1191436.75,1.6456143353594452,native,accepted
dubrovnik-356,caspar32,3,True,453,3.433013571,1191366.125,1.6455167879970403,native,accepted
dubrovnik-356,caspar32,3,True,454,3.440083846,1191291.125,1.6454131978776723,native,accepted
dubrovnik-356,caspar32,3,True,455,3.447161659,1191218.75,1.645313233412482,native,accepted
dubrovnik-356,caspar32,3,True,456,3.454246994,1191144.125,1.645210161243711,native,accepted
dubrovnik-356,caspar32,3,True,457,3.461559308,1191071.25,1.645109506177725,native,accepted
dubrovnik-356,caspar32,3,True,458,3.468625642,1190998.625,1.645009196412137,native,accepted
dubrovnik-356,caspar32,3,True,459,3.475706916,1190925.625,1.644908368695952,native,accepted
dubrovnik-356,caspar32,3,True,460,3.4827806,1190853.375,1.6448085768809608,native,accepted
dubrovnik-356,caspar32,3,True,461,3.489830334,1190781.625,1.6447094756667653,native,accepted
dubrovnik-356,caspar32,3,True,462,3.496892278,1190707.125,1.6446065761481932,native,accepted
dubrovnik-356,caspar32,3,True,463,3.503960722,1190635.375,1.6445074749339976,native,accepted
dubrovnik-356,caspar32,3,True,464,3.511018666,1190562.5,1.6444068198680117,native,accepted
dubrovnik-356,caspar32,3,True,465,3.51809572,1190491.125,1.6443082366044133,native,accepted
dubrovnik-356,caspar32,3,True,466,3.525142674,1190418.125,1.6442074088882284,native,accepted
dubrovnik-356,caspar32,3,True,467,3.532221478,1190346.125,1.644107962373635,native,accepted
dubrovnik-356,caspar32,3,True,468,3.539286972,1190273.0,1.6440069620072513,native,accepted
dubrovnik-356,caspar32,3,True,469,3.546353216,1190201.125,1.643907688142857,native,accepted
dubrovnik-356,caspar32,3,True,470,3.55340878,1190129.75,1.6438091048792582,native,accepted
dubrovnik-356,caspar32,3,True,471,3.560474544,1190057.625,1.643709485714466,native,accepted
dubrovnik-356,caspar32,3,True,472,3.567543859,1189984.25,1.6436081400476843,native,accepted
dubrovnik-356,caspar32,3,True,473,3.574610673,1189913.375,1.6435102473848815,native,accepted
dubrovnik-356,caspar32,3,True,474,3.581822877,1189840.75,1.6434099376192934,native,accepted
dubrovnik-356,caspar32,3,True,475,3.588884051,1189770.0,1.6433122176066897,native,accepted
dubrovnik-356,caspar32,3,True,476,3.595958685,1189697.75,1.6432124257916985,native,accepted
dubrovnik-356,caspar32,3,True,477,3.603015219,1189626.5,1.6431140151782988,native,accepted
dubrovnik-356,caspar32,3,True,478,3.610073763,1189555.0,1.6430152592645013,native,accepted
dubrovnik-356,caspar32,3,True,479,3.617140977,1189483.875,1.6429170213013005,native,accepted
dubrovnik-356,caspar32,3,True,480,3.624205761,1189412.5,1.642818438037702,native,accepted
dubrovnik-356,caspar32,3,True,481,3.631280515,1189341.5,1.6427203727247002,native,accepted
dubrovnik-356,caspar32,3,True,482,3.638361139,1189270.0,1.6426216168109027,native,accepted
dubrovnik-356,caspar32,3,True,483,3.645426823,1189199.0,1.642523551497901,native,accepted
dubrovnik-356,caspar32,3,True,484,3.652502877,1189126.625,1.6424235870327109,native,accepted
dubrovnik-356,caspar32,3,True,485,3.659569221,1189056.0,1.6423260396703059,native,accepted
dubrovnik-356,caspar32,3,True,486,3.666658536,1188985.625,1.642228837608299,native,accepted
dubrovnik-356,caspar32,3,True,487,3.673739189,1188914.75,1.6421309449454962,native,accepted
dubrovnik-356,caspar32,3,True,488,3.680817794,1188843.25,1.6420321890316987,native,accepted
dubrovnik-356,caspar32,3,True,489,3.687884668,1188773.0,1.6419351596198906,native,accepted
dubrovnik-356,caspar32,3,True,490,3.694952862,1188701.125,1.6418358857554962,native,accepted
dubrovnik-356,caspar32,3,True,491,3.702021506,1188631.875,1.6417402375452796,native,accepted
dubrovnik-356,caspar32,3,True,492,3.70910758,1188560.0,1.6416409636808853,native,accepted
dubrovnik-356,caspar32,3,True,493,3.716174384,1188489.75,1.6415439342690774,native,accepted
dubrovnik-356,caspar32,3,True,494,3.723235778,1188419.625,1.6414470775074683,native,accepted
dubrovnik-356,caspar32,3,True,495,3.730340012,1188350.25,1.6413512566470527,native,accepted
dubrovnik-356,caspar32,3,True,496,3.737410776,1188278.625,1.6412523280830562,native,accepted
dubrovnik-356,caspar32,3,True,497,3.74447741,1188210.0,1.6411575431238346,native,accepted
dubrovnik-356,caspar32,3,True,498,3.751551284,1188138.375,1.641058614559838,native,accepted
dubrovnik-356,caspar32,3,True,499,3.758627648,1188069.125,1.6409629663496217,native,accepted
dubrovnik-356,caspar32,3,True,500,3.765698562,1187999.0,1.6408661095880126,native,accepted
dubrovnik-356,caspar32,3,True,501,3.772763206,1187928.75,1.6407690801762045,native,accepted
dubrovnik-356,caspar32,3,True,502,3.779823801,1187859.25,1.64067308666559,native,accepted
dubrovnik-356,caspar32,3,True,503,3.786900954,1187789.125,1.640576229903981,native,accepted
dubrovnik-356,caspar32,3,True,504,3.793953309,1187719.375,1.6404798910929688,native,accepted
dubrovnik-356,caspar32,3,True,505,3.801008593,1187650.5,1.640384760833349,native,accepted
dubrovnik-356,caspar32,3,True,506,3.808076147,1187581.0,1.6402887673227347,native,accepted
dubrovnik-356,caspar32,3,True,507,3.815150711,1187511.125,1.6401922558615234,native,accepted
dubrovnik-356,caspar32,3,True,508,3.822205345,1187440.75,1.6400950537995165,native,accepted
dubrovnik-356,caspar32,3,True,509,3.829265489,1187372.25,1.6400004414904936,native,accepted
dubrovnik-356,caspar32,3,True,510,3.836333373,1187302.75,1.6399044479798792,native,accepted
dubrovnik-356,caspar32,3,True,511,3.843407857,1187234.0,1.6398094903704585,native,accepted
dubrovnik-356,caspar32,3,True,512,3.850474131,1187163.125,1.6397115977076557,native,accepted
dubrovnik-356,caspar32,3,True,513,3.857540085,1187095.625,1.6396183666002246,native,accepted
dubrovnik-356,caspar32,3,True,514,3.864633819,1187026.125,1.6395223730896102,native,accepted
dubrovnik-356,caspar32,3,True,515,3.871689463,1186957.625,1.6394277607805874,native,accepted
dubrovnik-356,caspar32,3,True,516,3.878763857,1186888.625,1.6393324578707689,native,accepted
dubrovnik-356,caspar32,3,True,517,3.885820821,1186821.0,1.6392390541131387,native,accepted
dubrovnik-356,caspar32,3,True,518,3.892889195,1186751.0,1.6391423700017285,native,accepted
dubrovnik-356,caspar32,3,True,519,3.899952489,1186683.25,1.6390487935938993,native,accepted
dubrovnik-356,caspar32,3,True,520,3.907018374,1186614.0,1.638953145383683,native,accepted
dubrovnik-356,caspar32,3,True,521,3.914093118,1186545.375,1.638858360424461,native,accepted
dubrovnik-356,caspar32,3,True,522,3.921338232,1186476.625,1.6387634028150404,native,accepted
dubrovnik-356,caspar32,3,True,523,3.928408376,1186408.875,1.6386698264072113,native,accepted
dubrovnik-356,caspar32,3,True,524,3.93547802,1186340.25,1.6385750414479896,native,accepted
dubrovnik-356,caspar32,3,True,525,3.942544414,1186272.25,1.6384811197397626,native,accepted
dubrovnik-356,caspar32,3,True,526,3.949618698,1186202.25,1.6383844356283523,native,accepted
dubrovnik-356,caspar32,3,True,527,3.956675432,1186135.0,1.638291549821319,native,accepted
dubrovnik-356,caspar32,3,True,528,3.963719196,1186066.25,1.6381965922118984,native,accepted
dubrovnik-356,caspar32,3,True,529,3.97077199,1185999.0,1.6381037064048651,native,accepted
dubrovnik-356,caspar32,3,True,530,3.977825284,1185931.0,1.638009784696638,native,accepted
dubrovnik-356,caspar32,3,True,531,3.984905158,1185864.0,1.6379172441900025,native,accepted
dubrovnik-356,caspar32,3,True,532,3.991973742,1185794.875,1.637821768629985,native,accepted
dubrovnik-356,caspar32,3,True,533,3.999046506,1185727.5,1.6377287101727527,native,accepted
dubrovnik-356,caspar32,3,True,534,4.00610584,1185660.125,1.6376356517155204,native,accepted
dubrovnik-356,caspar32,3,True,535,4.013171134,1185592.0,1.6375415573570946,native,accepted
dubrovnik-356,caspar32,3,True,536,4.020241059,1185523.875,1.6374474629986686,native,accepted
dubrovnik-356,caspar32,3,True,537,4.027329023,1185456.875,1.6373549224920332,native,accepted
dubrovnik-356,caspar32,3,True,538,4.034417177,1185388.75,1.6372608281336072,native,accepted
dubrovnik-356,caspar32,3,True,539,4.041474781,1185321.875,1.6371684602771706,native,accepted
dubrovnik-356,caspar32,3,True,540,4.048540395,1185254.375,1.6370752291697395,native,accepted
dubrovnik-356,caspar32,3,True,541,4.055595069,1185186.625,1.6369816527619103,native,accepted
dubrovnik-356,caspar32,3,True,542,4.062641163,1185118.625,1.6368877310536833,native,accepted
dubrovnik-356,caspar32,3,True,543,4.069726197,1185053.25,1.6367974349996341,native,accepted
dubrovnik-356,caspar32,3,True,544,4.076774451,1184985.25,1.6367035132914072,native,accepted
dubrovnik-356,caspar32,3,True,545,4.083843055,1184919.0,1.6366120086859655,native,accepted
dubrovnik-356,caspar32,3,True,546,4.090928099,1184851.25,1.6365184322781363,native,accepted
dubrovnik-356,caspar32,3,True,547,4.097993373,1184784.75,1.6364265823722965,native,accepted
dubrovnik-356,caspar32,3,True,548,4.105073467,1184716.875,1.6363328333142686,native,accepted
dubrovnik-356,caspar32,3,True,549,4.112141741,1184650.625,1.6362413287088269,native,accepted
dubrovnik-356,caspar32,3,True,550,4.119215625,1184583.75,1.6361489608523903,native,accepted
dubrovnik-356,caspar32,3,True,551,4.126276799,1184517.25,1.6360571109465507,native,accepted
dubrovnik-356,caspar32,3,True,552,4.133429784,1184451.125,1.6359657789913078,native,accepted
dubrovnik-356,caspar32,3,True,553,4.140502717,1184384.25,1.6358734111348714,native,accepted
dubrovnik-356,caspar32,3,True,554,4.147559802,1184317.75,1.6357815612290316,native,accepted
dubrovnik-356,caspar32,3,True,555,4.154631386,1184250.625,1.6356888480721974,native,accepted
dubrovnik-356,caspar32,3,True,556,4.16172556,1184184.25,1.6355971708165566,native,accepted
dubrovnik-356,caspar32,3,True,557,4.168798004,1184118.375,1.6355061841617116,native,accepted
dubrovnik-356,caspar32,3,True,558,4.175868138,1184051.625,1.6354139889554742,native,accepted
dubrovnik-356,caspar32,3,True,559,4.182927302,1183985.75,1.635323002300629,native,accepted
dubrovnik-356,caspar32,3,True,560,4.189998736,1183920.5,1.635232878896779,native,accepted
dubrovnik-356,caspar32,3,True,561,4.19704191,1183853.75,1.6351406836905416,native,accepted
dubrovnik-356,caspar32,3,True,562,4.204111574,1183786.75,1.6350481431839061,native,accepted
dubrovnik-356,caspar32,3,True,563,4.211189328,1183721.125,1.634957501829459,native,accepted
dubrovnik-356,caspar32,3,True,564,4.218273552,1183656.0,1.6348675510758077,native,accepted
dubrovnik-356,caspar32,3,True,565,4.225327876,1183590.125,1.6347765644209629,native,accepted
dubrovnik-356,caspar32,3,True,566,4.23239265,1183522.875,1.6346836786139296,native,accepted
dubrovnik-356,caspar32,3,True,567,4.239461574,1183457.75,1.6345937278602782,native,accepted
dubrovnik-356,caspar32,3,True,568,4.246549658,1183392.375,1.634503431806229,native,accepted
dubrovnik-356,caspar32,3,True,569,4.253817353,1183326.25,1.6344120998509863,native,accepted
dubrovnik-356,caspar32,3,True,570,4.260870247,1183260.25,1.6343209405459425,native,accepted
dubrovnik-356,caspar32,3,True,571,4.267940171,1183195.25,1.6342311624424901,native,accepted
dubrovnik-356,caspar32,3,True,572,4.274986155,1183129.75,1.6341406937382421,native,accepted
dubrovnik-356,caspar32,3,True,573,4.282047599,1183064.875,1.6340510882849888,native,accepted
dubrovnik-356,caspar32,3,True,574,4.289113013,1182998.25,1.6339590657289502,native,accepted
dubrovnik-356,caspar32,3,True,575,4.296195227,1182933.375,1.6338694602756967,native,accepted
dubrovnik-356,caspar32,3,True,576,4.303266451,1182868.375,1.6337796821722446,native,accepted
dubrovnik-356,caspar32,3,True,577,4.310321765,1182802.875,1.6336892134679963,native,accepted
dubrovnik-356,caspar32,3,True,578,4.317385749,1182737.0,1.6335982268131515,native,accepted
dubrovnik-356,caspar32,3,True,579,4.324451963,1182672.875,1.6335096572610919,native,accepted
dubrovnik-356,caspar32,3,True,580,4.331506757,1182608.0,1.6334200518078386,native,accepted
dubrovnik-356,caspar32,3,True,581,4.338583161,1182543.875,1.6333314822557787,native,accepted
dubrovnik-356,caspar32,3,True,582,4.345634075,1182477.5,1.633239805000138,native,accepted
dubrovnik-356,caspar32,3,True,583,4.352688879,1182413.125,1.6331508901476806,native,accepted
dubrovnik-356,caspar32,3,True,584,4.359745763,1182348.125,1.6330611120442282,native,accepted
dubrovnik-356,caspar32,3,True,585,4.366786957,1182284.125,1.6329727151423676,native,accepted
dubrovnik-356,caspar32,3,True,586,4.373851142,1182218.875,1.6328825917385172,native,accepted
dubrovnik-356,caspar32,3,True,587,4.380920095,1182153.875,1.6327928136350651,native,accepted
dubrovnik-356,caspar32,3,True,588,4.38798752,1182089.375,1.6327037261324084,native,accepted
dubrovnik-356,caspar32,3,True,589,4.395071264,1182026.125,1.6326163651317416,native,accepted
dubrovnik-356,caspar32,3,True,590,4.402145978,1181961.125,1.6325265870282892,native,accepted
dubrovnik-356,caspar32,3,True,591,4.409218912,1181895.875,1.632436463624439,native,accepted
dubrovnik-356,caspar32,3,True,592,4.416310266,1181832.375,1.6323487573233741,native,accepted
dubrovnik-356,caspar32,3,True,593,4.42336194,1181768.375,1.6322603604215133,native,accepted
dubrovnik-356,caspar32,3,True,594,4.430447094,1181703.375,1.632170582318061,native,accepted
dubrovnik-356,caspar32,3,True,595,4.437504578,1181639.125,1.6320818401158024,native,accepted
dubrovnik-356,caspar32,3,True,596,4.444574232,1181573.875,1.6319917167119522,native,accepted
dubrovnik-356,caspar32,3,True,597,4.451667536,1181511.25,1.63190521896228,native,accepted
dubrovnik-356,caspar32,3,True,598,4.45873899,1181445.125,1.6318138870070371,native,accepted
dubrovnik-356,caspar32,3,True,599,4.465815804,1181381.5,1.6317260080557732,native,accepted
dubrovnik-356,caspar32,3,True,600,4.470546277,1181381.5,1.6317260080557732,native,rejected
dubrovnik-356,caspar32,3,True,600,4.470575747,1181381.989337381,1.6317266839293427,independent_fp64,audited_endpoint
final-871,rayleigh,1,False,0,0.0,104619247.72967167,53.56267497822608,native,initial
final-871,rayleigh,1,False,0,0.016406350000000014,104619247.72967167,53.56267497822608,native,setup_complete
final-871,rayleigh,1,False,1,0.07620635,9406765.875157768,4.8160501447043345,native,outer_complete
final-871,rayleigh,1,False,2,0.16740635,4030895.4951321734,2.0637267994398516,native,outer_complete
final-871,rayleigh,1,False,3,0.27730635000000003,2573557.535684614,1.3176029154580124,native,outer_complete
final-871,rayleigh,1,False,4,0.34090635,2093102.179615669,1.0716207024606035,native,outer_complete
final-871,rayleigh,1,False,5,0.42300635000000003,2013704.6967623783,1.0309709973590255,native,outer_complete
final-871,rayleigh,1,False,6,0.52240635,1993436.0016701687,1.0205938865403545,native,outer_complete
final-871,rayleigh,1,False,7,0.61260635,1985958.2556783038,1.0167654506949073,native,outer_complete
final-871,rayleigh,1,False,8,0.69530635,1979492.1584879204,1.0134549560230184,native,outer_complete
final-871,rayleigh,1,False,9,0.78630635,1975405.1744951818,1.0113625131886947,native,outer_complete
final-871,rayleigh,1,False,10,0.84550635,1968844.1028234705,1.0080033937428277,native,outer_complete
final-871,rayleigh,1,False,11,0.98900635,1962387.036884558,1.0046975228662505,native,outer_complete
final-871,rayleigh,1,False,12,1.14230635,1960324.2871051885,1.003641441902265,native,outer_complete
final-871,rayleigh,1,False,13,1.29900635,1958835.5159651872,1.002879224944876,native,outer_complete
final-871,rayleigh,1,False,14,1.46060635,1958030.3819199537,1.0024670146287573,native,outer_complete
final-871,rayleigh,1,False,15,1.53350635,1952083.8662079035,0.999422533854431,native,outer_complete
final-871,rayleigh,1,False,15,1.53350635,1952083.8662079063,0.9994225338544325,independent_fp64,audited_endpoint
final-871,caspar32,1,True,0,0.0,104617552.0,53.56180680320833,native,initial
final-871,caspar32,1,True,1,0.038755062,19874590.0,10.175337976489606,native,accepted
final-871,caspar32,1,True,2,0.114566206,8927194.0,4.570520253836188,native,accepted
final-871,caspar32,1,True,3,0.187903818,5733236.5,2.935286669392745,native,accepted
final-871,caspar32,1,True,4,0.26128995,4156319.75,2.127941164804345,native,accepted
final-871,caspar32,1,True,5,0.334616942,3295551.75,1.6872475293961677,native,accepted
final-871,caspar32,1,True,6,0.407927974,2736847.75,1.4012037906917894,native,accepted
final-871,caspar32,1,True,7,0.481240016,2415682.0,1.2367742325110789,native,accepted
final-871,caspar32,1,True,8,0.554616028,2273958.0,1.164214768422511,native,accepted
final-871,caspar32,1,True,9,0.627926791,2220659.75,1.136927276841279,native,accepted
final-871,caspar32,1,True,10,0.701235413,2167072.0,1.1094915678455397,native,accepted
final-871,caspar32,1,True,11,0.774534335,2125211.25,1.0880598160861656,native,accepted
final-871,caspar32,1,True,12,0.847886757,2115441.5,1.083057926326638,native,accepted
final-871,caspar32,1,True,13,0.921026259,2115441.5,1.083057926326638,native,rejected
final-871,caspar32,1,True,14,0.994201771,2115441.5,1.083057926326638,native,rejected
final-871,caspar32,1,True,15,1.067595083,2115441.5,1.083057926326638,native,rejected
final-871,caspar32,1,True,16,1.141047015,2097188.25,1.0737126775482049,native,accepted
final-871,caspar32,1,True,17,1.173321414,2087282.125,1.0686409668909107,native,accepted
final-871,caspar32,1,True,18,1.249328377,2087282.125,1.0686409668909107,native,rejected
final-871,caspar32,1,True,19,1.322498829,2087282.125,1.0686409668909107,native,rejected
final-871,caspar32,1,True,20,1.395810322,2084686.25,1.067311937941397,native,accepted
final-871,caspar32,1,True,21,1.421765636,2078918.625,1.0643590451422673,native,accepted
final-871,caspar32,1,True,22,1.495074228,2068041.625,1.0587902685702586,native,accepted
final-871,caspar32,1,True,23,1.568284521,2068041.625,1.0587902685702586,native,rejected
final-871,caspar32,1,True,24,1.641739213,2060413.0,1.0548845861048142,native,accepted
final-871,caspar32,1,True,25,1.715013255,2057754.0,1.053523238591256,native,accepted
final-871,caspar32,1,True,26,1.728316082,2056718.25,1.0529929581523063,native,accepted
final-871,caspar32,1,True,27,1.801448184,2056718.25,1.0529929581523063,native,rejected
final-871,caspar32,1,True,28,1.874606376,2056718.25,1.0529929581523063,native,rejected
final-871,caspar32,1,True,29,1.947779268,2056718.25,1.0529929581523063,native,rejected
final-871,caspar32,1,True,30,2.02103173,2056718.25,1.0529929581523063,native,rejected
final-871,caspar32,1,True,31,2.094274462,2056718.25,1.0529929581523063,native,rejected
final-871,caspar32,1,True,32,2.123337989,2055514.625,1.052376729532146,native,accepted
final-871,caspar32,1,True,33,2.196675661,2053333.5,1.0512600431479755,native,accepted
final-871,caspar32,1,True,34,2.232115042,2051693.375,1.0504203364572366,native,accepted
final-871,caspar32,1,True,35,2.305314504,2051693.375,1.0504203364572366,native,rejected
final-871,caspar32,1,True,36,2.378680286,2046118.375,1.047566063276309,native,accepted
final-871,caspar32,1,True,37,2.401473019,2044878.0,1.046931019492131,native,accepted
final-871,caspar32,1,True,38,2.474517821,2044878.0,1.046931019492131,native,rejected
final-871,caspar32,1,True,39,2.547748373,2044878.0,1.046931019492131,native,rejected
final-871,caspar32,1,True,40,2.620989565,2044878.0,1.046931019492131,native,rejected
final-871,caspar32,1,True,41,2.665874561,2043674.0,1.0463145988805012,native,accepted
final-871,caspar32,1,True,42,2.739197483,2041413.0,1.0451570183133125,native,accepted
final-871,caspar32,1,True,43,2.793556554,2039740.0,1.0443004803704081,native,accepted
final-871,caspar32,1,True,44,2.866793266,2039740.0,1.0443004803704081,native,rejected
final-871,caspar32,1,True,45,2.940185628,2035560.375,1.0421606074477472,native,accepted
final-871,caspar32,1,True,46,2.962947801,2034414.875,1.0415741375053702,native,accepted
final-871,caspar32,1,True,47,3.035986183,2034414.875,1.0415741375053702,native,rejected
final-871,caspar32,1,True,48,3.109309345,2034414.875,1.0415741375053702,native,rejected
final-871,caspar32,1,True,49,3.182641627,2031565.125,1.040115130330958,native,accepted
final-871,caspar32,1,True,50,3.208548472,2030693.625,1.0396689421556793,native,accepted
final-871,caspar32,1,True,51,3.281704894,2030693.625,1.0396689421556793,native,rejected
final-871,caspar32,1,True,52,3.354883206,2030693.625,1.0396689421556793,native,rejected
final-871,caspar32,1,True,53,3.428213108,2028219.625,1.0384023104337754,native,accepted
final-871,caspar32,1,True,54,3.454176803,2027356.625,1.0379604740651402,native,accepted
final-871,caspar32,1,True,55,3.527424195,2027356.625,1.0379604740651402,native,rejected
final-871,caspar32,1,True,56,3.601102557,2027356.625,1.0379604740651402,native,rejected
final-871,caspar32,1,True,57,3.67460871,2024000.25,1.0362420864153403,native,accepted
final-871,caspar32,1,True,58,3.703715676,2022930.0,1.03569414276119,native,accepted
final-871,caspar32,1,True,59,3.777020489,2020213.625,1.034303420552788,native,accepted
final-871,caspar32,1,True,60,3.809263417,2018473.25,1.0334123881425177,native,accepted
final-871,caspar32,1,True,61,3.882407929,2018473.25,1.0334123881425177,native,rejected
final-871,caspar32,1,True,62,3.955506391,2018473.25,1.0334123881425177,native,rejected
final-871,caspar32,1,True,63,4.028578983,2018473.25,1.0334123881425177,native,rejected
final-871,caspar32,1,True,64,4.101899285,2016027.375,1.0321601557808313,native,accepted
final-871,caspar32,1,True,65,4.12784326,2015233.5,1.0317537098397536,native,accepted
final-871,caspar32,1,True,66,4.200878182,2015233.5,1.0317537098397536,native,rejected
final-871,caspar32,1,True,67,4.273973854,2015233.5,1.0317537098397536,native,rejected
final-871,caspar32,1,True,68,4.347344936,2012869.125,1.0305432036241202,native,accepted
final-871,caspar32,1,True,69,4.373299871,2012102.5,1.0301507090631645,native,accepted
final-871,caspar32,1,True,70,4.446468203,2012102.5,1.0301507090631645,native,rejected
final-871,caspar32,1,True,71,4.519645675,2012102.5,1.0301507090631645,native,rejected
final-871,caspar32,1,True,72,4.593008667,2010331.75,1.0292441253438591,native,accepted
final-871,caspar32,1,True,73,4.61582677,2009187.375,1.0286582313758907,native,accepted
final-871,caspar32,1,True,74,4.689174142,2006536.375,1.02730097968035,native,accepted
final-871,caspar32,1,True,75,4.715134207,2004516.0,1.0262665936394681,native,accepted
final-871,caspar32,1,True,76,4.788354699,2004516.0,1.0262665936394681,native,rejected
final-871,caspar32,1,True,77,4.861702581,1998381.75,1.0231259971802567,native,accepted
final-871,caspar32,1,True,78,4.897131432,1994160.75,1.0209649411987867,native,accepted
final-871,caspar32,1,True,79,4.970505914,1992013.25,1.019865470049721,native,accepted
final-871,caspar32,1,True,80,5.0154106,1989386.125,1.0185204418110763,native,accepted
final-871,caspar32,1,True,81,5.088628502,1989386.125,1.0185204418110763,native,rejected
final-871,caspar32,1,True,82,5.161946994,1988855.25,1.018248645887323,native,accepted
final-871,caspar32,1,True,83,5.181567675,1987097.0,1.01734846188367,native,accepted
final-871,caspar32,1,True,84,5.254845607,1986019.125,1.0167966144029716,native,accepted
final-871,caspar32,1,True,85,5.287097945,1984214.375,1.015872623457092,native,accepted
final-871,caspar32,1,True,86,5.31288593,1984214.375,1.015872623457092,native,rejected
final-871,caspar32,1,True,87,5.338921145,1983922.375,1.0157231260994544,native,accepted
final-871,caspar32,1,True,88,5.412127597,1983922.375,1.0157231260994544,native,rejected
final-871,caspar32,1,True,89,5.485298709,1983922.375,1.0157231260994544,native,rejected
final-871,caspar32,1,True,90,5.558483921,1983922.375,1.0157231260994544,native,rejected
final-871,caspar32,1,True,91,5.631936923,1983922.375,1.0157231260994544,native,rejected
final-871,caspar32,1,True,92,5.705303776,1979706.625,1.0135647579985583,native,accepted
final-871,caspar32,1,True,93,5.725114347,1978439.5,1.0129160188228843,native,accepted
final-871,caspar32,1,True,94,5.798448359,1968191.5,1.0076692759424997,native,accepted
final-871,caspar32,1,True,95,5.821230872,1965062.75,1.0060674271147279,native,accepted
final-871,caspar32,1,True,96,5.859945224,1963545.125,1.0052904376373817,native,accepted
final-871,caspar32,1,True,97,5.933234416,1962232.125,1.0046182115052638,native,accepted
final-871,caspar32,1,True,98,5.956009029,1960103.875,1.0035285959183025,native,accepted
final-871,caspar32,1,True,99,5.988281458,1959538.375,1.0032390727821923,native,accepted
final-871,caspar32,1,True,100,6.06164996,1958200.625,1.0025541752130827,native,accepted
final-871,caspar32,1,True,101,6.081116991,1958200.625,1.0025541752130827,native,rejected
final-871,caspar32,1,True,102,6.100832723,1955516.125,1.0011797722795939,native,accepted
final-871,caspar32,1,True,103,6.132979661,1955516.125,1.0011797722795939,native,rejected
final-871,caspar32,1,True,104,6.16525543,1954295.375,1.00055477604899,native,accepted
final-871,caspar32,1,True,105,6.191073884,1954295.375,1.00055477604899,native,rejected
final-871,caspar32,1,True,106,6.217036319,1953987.25,1.0003970230581607,native,accepted
final-871,caspar32,1,True,107,6.236652671,1953983.5,1.000395103143465,native,accepted
final-871,caspar32,1,True,108,6.262573445,1953400.25,1.0000964924111284,native,accepted
final-871,caspar32,1,True,109,6.28838425,1953400.25,1.0000964924111284,native,rejected
final-871,caspar32,1,True,110,6.314160935,1953400.25,1.0000964924111284,native,rejected
final-871,caspar32,1,True,111,6.346307973,1953400.25,1.0000964924111284,native,rejected
final-871,caspar32,1,True,112,6.378582032,1953254.0,1.0000216157379966,native,accepted
final-871,caspar32,1,True,113,6.404530977,1953114.0,0.9999499389226908,native,accepted
final-871,caspar32,1,True,114,6.424014198,1953114.0,0.9999499389226908,native,rejected
final-871,caspar32,1,True,115,6.4436378,1953047.125,0.999915700443951,native,accepted
final-871,caspar32,1,True,116,6.469563784,1952917.875,0.9998495273841062,native,accepted
final-871,caspar32,1,True,117,6.495372689,1952917.875,0.9998495273841062,native,rejected
final-871,caspar32,1,True,118,6.521339524,1952796.0,0.9997871301564961,native,accepted
final-871,caspar32,1,True,119,6.547136329,1952796.0,0.9997871301564961,native,rejected
final-871,caspar32,1,True,120,6.573071874,1952773.0,0.9997753546796959,native,accepted
final-871,caspar32,1,True,121,6.599000659,1952660.875,0.9997179492302948,native,accepted
final-871,caspar32,1,True,122,6.624826933,1952660.875,0.9997179492302948,native,rejected
final-871,caspar32,1,True,123,6.650794388,1952542.125,0.9996571519315979,native,accepted
final-871,caspar32,1,True,124,6.676622973,1952542.125,0.9996571519315979,native,rejected
final-871,caspar32,1,True,125,6.702438478,1952542.125,0.9996571519315979,native,rejected
final-871,caspar32,1,True,126,6.728395143,1952422.75,0.9995960346471183,native,accepted
final-871,caspar32,1,True,127,6.754178838,1952422.75,0.9995960346471183,native,rejected
final-871,caspar32,1,True,128,6.780133873,1952306.0,0.9995362613029258,native,accepted
final-871,caspar32,1,True,129,6.812413871,1952292.125,0.9995291576185518,native,accepted
final-871,caspar32,1,True,130,6.838406396,1952215.75,0.9994900553559162,native,accepted
final-871,caspar32,1,True,131,6.864209841,1952215.75,0.9994900553559162,native,rejected
final-871,caspar32,1,True,132,6.890144766,1952122.25,0.999442185482837,native,accepted
final-871,caspar32,1,True,133,6.922386924,1952095.625,0.9994285540884976,native,accepted
final-871,caspar32,1,True,134,6.954657103,1951800.875,0.9992776487934163,native,accepted
final-871,caspar32,1,True,135,6.986772101,1951800.875,0.9992776487934163,native,rejected
final-871,caspar32,1,True,136,7.01903992,1951764.75,0.9992591536151811,native,accepted
final-871,caspar32,1,True,137,7.038674751,1951145.625,0.9989421756989225,native,accepted
final-871,caspar32,1,True,137,7.038679231,1954908.2599473181,1.000868559200223,independent_fp64,audited_endpoint
final-871,caspar64,1,False,0,0.0,104619247.72967032,53.56267497822538,native,initial
final-871,caspar64,1,False,1,0.086123949,19874140.321362704,10.175107751256517,native,accepted
final-871,caspar64,1,False,2,0.253412115,8927086.530886164,4.570465232094591,native,accepted
final-871,caspar64,1,False,3,0.420489531,5733206.306667662,2.9352712110934203,native,accepted
final-871,caspar64,1,False,4,0.587595857,4156302.6549777263,2.1279324125418153,native,accepted
final-871,caspar64,1,False,5,0.754537413,3295538.3131758007,1.687240650047836,native,accepted
final-871,caspar64,1,False,6,0.921711449,2736830.7670596945,1.4011950958126778,native,accepted
final-871,caspar64,1,False,7,1.091758967,2415670.0080982964,1.2367680929301963,native,accepted
final-871,caspar64,1,False,8,1.258684452,2273940.7700595222,1.1642059470849297,native,accepted
final-871,caspar64,1,False,9,1.425763848,2220644.1282116952,1.1369192788410285,native,accepted
final-871,caspar64,1,False,10,1.592985264,2167446.7286328557,1.109683420381304,native,accepted
final-871,caspar64,1,False,11,1.75996484,2125285.7980859177,1.0880979830103494,native,accepted
final-871,caspar64,1,False,12,1.927104546,2115523.430950099,1.0830998731093386,native,accepted
final-871,caspar64,1,False,13,2.093970492,2115523.430950099,1.0830998731093386,native,rejected
final-871,caspar64,1,False,14,2.261991269,2115523.430950099,1.0830998731093386,native,rejected
final-871,caspar64,1,False,15,2.429264095,2096531.9995470583,1.0733766922445631,native,accepted
final-871,caspar64,1,False,16,2.59617171,2082997.8279852713,1.0664475042777686,native,accepted
final-871,caspar64,1,False,17,2.763175156,2082107.2993490763,1.065991573873618,native,accepted
final-871,caspar64,1,False,18,2.930258992,2075278.1770354856,1.0624952185966754,native,accepted
final-871,caspar64,1,False,19,3.097292678,2071601.0715893037,1.0606126242543472,native,accepted
final-871,caspar64,1,False,20,3.264313634,2066517.208265651,1.0580098018794228,native,accepted
final-871,caspar64,1,False,21,3.345479341,2065139.0415152996,1.0573042118535263,native,accepted
final-871,caspar64,1,False,22,3.512591077,2051513.2534213548,1.0503281183063429,native,accepted
final-871,caspar64,1,False,23,3.593755283,2032692.1984600935,1.0406921663040665,native,accepted
final-871,caspar64,1,False,24,3.661533112,2031246.391419395,1.039951945988181,native,accepted
final-871,caspar64,1,False,25,3.828665768,2028954.942148704,1.0387787760870528,native,accepted
final-871,caspar64,1,False,26,3.995681054,2026699.251700356,1.0376239138895291,native,accepted
final-871,caspar64,1,False,27,4.16273683,2024166.3069949413,1.0363271038193163,native,accepted
final-871,caspar64,1,False,28,4.329950466,2021298.58750391,1.0348588966742627,native,accepted
final-871,caspar64,1,False,29,4.497099572,2017772.5308995943,1.0330536359029387,native,accepted
final-871,caspar64,1,False,30,4.664270868,2014074.5104952238,1.0311603335777877,native,accepted
final-871,caspar64,1,False,31,4.831335184,2011108.755917997,1.0296419346986863,native,accepted
final-871,caspar64,1,False,32,4.99857003,2008446.554079439,1.0282789479166212,native,accepted
final-871,caspar64,1,False,33,5.165762116,1987354.5712850485,1.0174803325224306,native,accepted
final-871,caspar64,1,False,34,5.332765582,1987354.5712850485,1.0174803325224306,native,rejected
final-871,caspar64,1,False,35,5.500236368,1968400.2642912774,1.007776158510702,native,accepted
final-871,caspar64,1,False,36,5.667010584,1968400.2642912774,1.007776158510702,native,rejected
final-871,caspar64,1,False,37,5.833814449,1968400.2642912774,1.007776158510702,native,rejected
final-871,caspar64,1,False,38,6.001039425,1965852.5592313434,1.006471791474741,native,accepted
final-871,caspar64,1,False,39,6.167826871,1965852.5592313434,1.006471791474741,native,rejected
final-871,caspar64,1,False,40,6.334959237,1965729.5538280297,1.0064088155063486,native,accepted
final-871,caspar64,1,False,41,6.502024893,1965729.5538280297,1.0064088155063486,native,rejected
final-871,caspar64,1,False,42,6.669196279,1965268.4378742042,1.0061727346273706,native,accepted
final-871,caspar64,1,False,43,6.836154725,1965268.4378742042,1.0061727346273706,native,rejected
final-871,caspar64,1,False,44,7.00312469,1965268.4378742042,1.0061727346273706,native,rejected
final-871,caspar64,1,False,45,7.170086366,1963543.9810495675,1.0052898519607827,native,accepted
final-871,caspar64,1,False,46,7.337246173,1961388.0225025304,1.0041860502280473,native,accepted
final-871,caspar64,1,False,47,7.503949078,1961388.0225025304,1.0041860502280473,native,rejected
final-871,caspar64,1,False,48,7.671099124,1960273.3749960389,1.0036153760605198,native,accepted
final-871,caspar64,1,False,49,7.83809467,1959543.3363532487,1.0032416128821957,native,accepted
final-871,caspar64,1,False,49,8.004954216,1959543.336353251,1.0032416128821968,independent_fp64,audited_endpoint
final-871,caspar32,2,False,0,0.0,104617536.0,53.56179861157229,native,initial
final-871,caspar32,2,False,1,0.03571876,19874586.0,10.175335928580598,native,accepted
final-871,caspar32,2,False,2,0.109231692,8927192.0,4.5705192298816835,native,accepted
final-871,caspar32,2,False,3,0.182585104,5733236.5,2.935286669392745,native,accepted
final-871,caspar32,2,False,4,0.255916046,4156317.5,2.1279400128555275,native,accepted
final-871,caspar32,2,False,5,0.329211698,3295551.75,1.6872475293961677,native,accepted
final-871,caspar32,2,False,6,0.402534051,2736848.0,1.4012039186861025,native,accepted
final-871,caspar32,2,False,7,0.475844863,2415682.25,1.236774360505392,native,accepted
final-871,caspar32,2,False,8,0.549174215,2273956.5,1.1642140004566326,native,accepted
final-871,caspar32,2,False,9,0.622466767,2220662.75,1.1369288127730355,native,accepted
final-871,caspar32,2,False,10,0.695762899,2167103.25,1.1095075671346704,native,accepted
final-871,caspar32,2,False,11,0.769045081,2125208.5,1.0880584081487221,native,accepted
final-871,caspar32,2,False,12,0.842357943,2115412.25,1.0830429509920116,native,accepted
final-871,caspar32,2,False,13,0.915466475,2115412.25,1.0830429509920116,native,rejected
final-871,caspar32,2,False,14,0.988614537,2115412.25,1.0830429509920116,native,rejected
final-871,caspar32,2,False,15,1.061959699,2090024.875,1.0700451924993393,native,accepted
final-871,caspar32,2,False,16,1.084732272,2066148.875,1.0578212236261868,native,accepted
final-871,caspar32,2,False,17,1.157918144,2066148.875,1.0578212236261868,native,rejected
final-871,caspar32,2,False,18,1.231175636,2066148.875,1.0578212236261868,native,rejected
final-871,caspar32,2,False,19,1.304377449,2066148.875,1.0578212236261868,native,rejected
final-871,caspar32,2,False,20,1.37768778,2043960.25,1.0464611523689389,native,accepted
final-871,caspar32,2,False,21,1.409910259,2039581.0,1.044219075987311,native,accepted
final-871,caspar32,2,False,22,1.483200611,2032472.375,1.040579621693002,native,accepted
final-871,caspar32,2,False,23,1.512297708,2030304.5,1.0394697190074231,native,accepted
final-871,caspar32,2,False,24,1.58547561,2030304.5,1.0394697190074231,native,rejected
final-871,caspar32,2,False,25,1.658735242,2026355.75,1.0374480488328603,native,accepted
final-871,caspar32,2,False,26,1.684676217,2022881.75,1.035669439858772,native,accepted
final-871,caspar32,2,False,27,1.732742304,2019401.375,1.0338875670297012,native,accepted
final-871,caspar32,2,False,28,1.765012723,2016462.625,1.0323829938798446,native,accepted
final-871,caspar32,2,False,29,1.838150175,2016462.625,1.0323829938798446,native,rejected
final-871,caspar32,2,False,30,1.911426227,2014805.25,1.0315344555815056,native,accepted
final-871,caspar32,2,False,31,1.937393712,2013190.125,1.0307075483220713,native,accepted
final-871,caspar32,2,False,32,2.010786864,2013190.125,1.0307075483220713,native,rejected
final-871,caspar32,2,False,33,2.084082176,2010068.125,1.029109155340752,native,accepted
final-871,caspar32,2,False,34,2.110027161,2006743.0,1.0274067669800826,native,accepted
final-871,caspar32,2,False,35,2.142300789,2004972.375,1.0265002472579339,native,accepted
final-871,caspar32,2,False,36,2.215612981,2004972.375,1.0265002472579339,native,rejected
final-871,caspar32,2,False,37,2.288738714,2004972.375,1.0265002472579339,native,rejected
final-871,caspar32,2,False,38,2.362134616,2003392.0,1.025691131208013,native,accepted
final-871,caspar32,2,False,39,2.38807864,1998613.625,1.023244711905607,native,accepted
final-871,caspar32,2,False,40,2.461370233,1996784.75,1.0223083695085184,native,accepted
final-871,caspar32,2,False,41,2.487331117,1994187.75,1.0209787645845958,native,accepted
final-871,caspar32,2,False,42,2.503811587,1991517.25,1.0196115293326375,native,accepted
final-871,caspar32,2,False,43,2.523424298,1988889.125,1.0182659891167407,native,accepted
final-871,caspar32,2,False,44,2.5966993,1982089.5,1.014784735793357,native,accepted
final-871,caspar32,2,False,45,2.625747087,1979794.25,1.013609620005281,native,accepted
final-871,caspar32,2,False,46,2.645360878,1977468.5,1.0124188889110133,native,accepted
final-871,caspar32,2,False,47,2.671283103,1976728.625,1.0120400897415536,native,accepted
final-871,caspar32,2,False,48,2.744912836,1973789.0,1.0105350686116013,native,accepted
final-871,caspar32,2,False,49,2.816577126,1973789.0,1.0105350686116013,native,rejected
final-871,caspar32,2,False,50,2.888241378,1973789.0,1.0105350686116013,native,rejected
final-871,caspar32,2,False,51,2.917319574,1971452.75,1.0093389617561856,native,accepted
final-871,caspar32,2,False,52,2.949563573,1969500.75,1.008339582159922,native,accepted
final-871,caspar32,2,False,53,3.021209114,1969500.75,1.008339582159922,native,rejected
final-871,caspar32,2,False,54,3.040823165,1969048.875,1.008108232439091,native,accepted
final-871,caspar32,2,False,55,3.112514686,1969048.875,1.008108232439091,native,rejected
final-871,caspar32,2,False,56,3.185738229,1967156.875,1.0071395714779583,native,accepted
final-871,caspar32,2,False,57,3.25739693,1967156.875,1.0071395714779583,native,rejected
final-871,caspar32,2,False,58,3.330703552,1965095.625,1.0060842583668934,native,accepted
final-871,caspar32,2,False,59,3.402314953,1965095.625,1.0060842583668934,native,rejected
final-871,caspar32,2,False,60,3.444089947,1964480.5,1.0057693283596436,native,accepted
final-871,caspar32,2,False,61,3.515762248,1964480.5,1.0057693283596436,native,rejected
final-871,caspar32,2,False,62,3.587432889,1964480.5,1.0057693283596436,native,rejected
final-871,caspar32,2,False,63,3.660735741,1964480.5,1.0057693283596436,native,rejected
final-871,caspar32,2,False,64,3.733942313,1964480.5,1.0057693283596436,native,rejected
final-871,caspar32,2,False,65,3.807120265,1964480.5,1.0057693283596436,native,rejected
final-871,caspar32,2,False,66,3.880345437,1964480.5,1.0057693283596436,native,rejected
final-871,caspar32,2,False,67,3.918912949,1963977.5,1.005511803801795,native,accepted
final-871,caspar32,2,False,68,3.992198092,1963343.375,1.0051871462267536,native,accepted
final-871,caspar32,2,False,69,4.046591423,1962701.0,1.0048582648393816,native,accepted
final-871,caspar32,2,False,70,4.119690995,1962701.0,1.0048582648393816,native,rejected
final-871,caspar32,2,False,71,4.192841887,1962701.0,1.0048582648393816,native,rejected
final-871,caspar32,2,False,72,4.266162809,1961758.25,1.004375598284885,native,accepted
final-871,caspar32,2,False,73,4.292133864,1961492.75,1.00423966832443,native,accepted
final-871,caspar32,2,False,74,4.365386246,1961492.75,1.00423966832443,native,rejected
final-871,caspar32,2,False,75,4.438763538,1960384.0,1.0036720135460706,native,accepted
final-871,caspar32,2,False,76,4.464729373,1959749.0,1.0033469079909336,native,accepted
final-871,caspar32,2,False,77,4.538040255,1958966.875,1.002946477782569,native,accepted
final-871,caspar32,2,False,78,4.554495484,1958184.75,1.0025460475742043,native,accepted
final-871,caspar32,2,False,79,4.627705736,1958184.75,1.0025460475742043,native,rejected
final-871,caspar32,2,False,80,4.700910918,1958184.75,1.0025460475742043,native,rejected
final-871,caspar32,2,False,81,4.77427071,1957048.25,1.0019641854270969,native,accepted
final-871,caspar32,2,False,82,4.847573972,1956267.875,1.0015646511789236,native,accepted
final-871,caspar32,2,False,83,4.920893835,1954680.75,1.0007520792825506,native,accepted
final-871,caspar32,2,False,84,4.94684612,1953470.5,1.0001324588130944,native,accepted
final-871,caspar32,2,False,85,5.020149482,1948528.75,0.9976023952271127,native,accepted
final-871,caspar32,2,False,85,5.020157012,1948539.4798209784,0.9976078886513736,independent_fp64,audited_endpoint
final-871,caspar64,2,True,0,0.0,104619247.72967032,53.56267497822538,native,initial
final-871,caspar64,2,True,1,0.084486608,19874140.321362708,10.175107751256519,native,accepted
final-871,caspar64,2,True,2,0.251722414,8927086.530886162,4.57046523209459,native,accepted
final-871,caspar64,2,True,3,0.420063561,5733206.306667666,2.935271211093422,native,accepted
final-871,caspar64,2,True,4,0.587406807,4156302.654977725,2.1279324125418144,native,accepted
final-871,caspar64,2,True,5,0.754995843,3295538.3131758,1.6872406500478356,native,accepted
final-871,caspar64,2,True,6,0.921938799,2736830.767059695,1.401195095812678,native,accepted
final-871,caspar64,2,True,7,1.091651476,2415670.008098293,1.2367680929301945,native,accepted
final-871,caspar64,2,True,8,1.258813712,2273940.770059522,1.1642059470849295,native,accepted
final-871,caspar64,2,True,9,1.425961908,2220644.128211696,1.136919278841029,native,accepted
final-871,caspar64,2,True,10,1.593068034,2167446.7286328957,1.1096834203813244,native,accepted
final-871,caspar64,2,True,11,1.76018386,2125285.798085934,1.0880979830103577,native,accepted
final-871,caspar64,2,True,12,1.927444306,2115523.430950115,1.0830998731093469,native,accepted
final-871,caspar64,2,True,13,2.094186372,2115523.430950115,1.0830998731093469,native,rejected
final-871,caspar64,2,True,14,2.261081928,2115523.430950115,1.0830998731093469,native,rejected
final-871,caspar64,2,True,15,2.428252214,2096531.9995527025,1.0733766922474528,native,accepted
final-871,caspar64,2,True,16,2.595225959,2082997.8279697432,1.0664475042698185,native,accepted
final-871,caspar64,2,True,17,2.762281745,2082107.2993250724,1.0659915738613286,native,accepted
final-871,caspar64,2,True,18,2.929412051,2075278.1770157241,1.062495218586558,native,accepted
final-871,caspar64,2,True,19,3.096494057,2071601.0715620324,1.0606126242403848,native,accepted
final-871,caspar64,2,True,20,3.263566573,2066517.208193635,1.0580098018425523,native,accepted
final-871,caspar64,2,True,21,3.34478388,2065139.0414441586,1.0573042118171037,native,accepted
final-871,caspar64,2,True,22,3.512282406,2051513.2665627063,1.0503281250344159,native,accepted
final-871,caspar64,2,True,23,3.593375903,2032692.2075847813,1.040692170975699,native,accepted
final-871,caspar64,2,True,24,3.661332091,2031246.3998248975,1.039951950291607,native,accepted
final-871,caspar64,2,True,25,3.828416167,2028954.9502993685,1.0387787802600077,native,accepted
final-871,caspar64,2,True,26,3.995719734,2026699.2603821051,1.0376239183343874,native,accepted
final-871,caspar64,2,True,27,4.162712749,2024166.3161977793,1.03632710853096,native,accepted
final-871,caspar64,2,True,28,4.329898945,2021298.597942058,1.034858902018357,native,accepted
final-871,caspar64,2,True,29,4.497035151,2017772.5027559062,1.0330536214940107,native,accepted
final-871,caspar64,2,True,30,4.664171237,2014074.4563800525,1.031160305872051,native,accepted
final-871,caspar64,2,True,31,4.831361463,2011108.6634490076,1.029641887356667,native,accepted
final-871,caspar64,2,True,32,4.998738099,2008446.27972228,1.0282788074519968,native,accepted
final-871,caspar64,2,True,33,5.165867495,1987355.489526922,1.017480802641382,native,accepted
final-871,caspar64,2,True,34,5.332719041,1987355.489526922,1.017480802641382,native,rejected
final-871,caspar64,2,True,35,5.499900607,1968402.869135232,1.007777492131552,native,accepted
final-871,caspar64,2,True,36,5.666923833,1968402.869135232,1.007777492131552,native,rejected
final-871,caspar64,2,True,37,5.833678849,1968402.869135232,1.007777492131552,native,rejected
final-871,caspar64,2,True,38,6.000808934,1965856.2728460487,1.0064736927609934,native,accepted
final-871,caspar64,2,True,39,6.167698521,1965856.2728460487,1.0064736927609934,native,rejected
final-871,caspar64,2,True,40,6.334918837,1965728.0150972405,1.0064080277111873,native,accepted
final-871,caspar64,2,True,41,6.501675122,1965728.0150972405,1.0064080277111873,native,rejected
final-871,caspar64,2,True,42,6.668697148,1965317.6999552131,1.0061979556922425,native,accepted
final-871,caspar64,2,True,43,6.835467364,1965317.6999552131,1.0061979556922425,native,rejected
final-871,caspar64,2,True,44,7.00258385,1965317.6999552131,1.0061979556922425,native,rejected
final-871,caspar64,2,True,45,7.169540896,1963550.2996236,1.0052930869269536,native,accepted
final-871,caspar64,2,True,46,7.336692162,1961574.763151708,1.0042816571924844,native,accepted
final-871,caspar64,2,True,47,7.503462177,1961574.763151708,1.0042816571924844,native,rejected
final-871,caspar64,2,True,48,7.670710313,1960526.54618689,1.003744993951144,native,accepted
final-871,caspar64,2,True,49,7.837802739,1959780.606548416,1.0033630898247425,native,accepted
final-871,caspar64,2,True,49,8.004717755,1959780.6065484157,1.0033630898247425,independent_fp64,audited_endpoint
final-871,rayleigh,2,False,0,0.0,104619247.72967172,53.5626749782261,native,initial
final-871,rayleigh,2,False,0,0.020811085000000062,104619247.72967172,53.5626749782261,native,setup_complete
final-871,rayleigh,2,False,1,0.08431108500000006,9406765.875157751,4.816050144704326,native,outer_complete
final-871,rayleigh,2,False,2,0.17561108500000006,4030895.495132166,2.0637267994398476,native,outer_complete
final-871,rayleigh,2,False,3,0.2853110850000001,2573557.5356847006,1.3176029154580566,native,outer_complete
final-871,rayleigh,2,False,4,0.34891108500000007,2093102.1796163798,1.0716207024609674,native,outer_complete
final-871,rayleigh,2,False,5,0.4299110850000001,2013704.696761842,1.0309709973587509,native,outer_complete
final-871,rayleigh,2,False,6,0.529311085,1993436.0019436874,1.0205938866803899,native,outer_complete
final-871,rayleigh,2,False,7,0.6195110850000001,1985969.8386690496,1.0167713809226815,native,outer_complete
final-871,rayleigh,2,False,8,0.7020110850000001,1979495.602126033,1.0134567190873967,native,outer_complete
final-871,rayleigh,2,False,9,0.7940110850000001,1975405.1390088138,1.0113624950204816,native,outer_complete
final-871,rayleigh,2,False,10,0.852911085,1968810.457686866,1.0079861681982396,native,outer_complete
final-871,rayleigh,2,False,11,1.004811085,1962466.5191392312,1.0047382159725955,native,outer_complete
final-871,rayleigh,2,False,12,1.1534110850000001,1960286.3813628217,1.003622035024446,native,outer_complete
final-871,rayleigh,2,False,13,1.300911085,1958650.6226472706,1.0027845637720216,native,outer_complete
final-871,rayleigh,2,False,14,1.450911085,1957535.6941567413,1.0022137457470586,native,outer_complete
final-871,rayleigh,2,False,15,1.519311085,1954539.8728655702,1.0006799533943695,native,outer_complete
final-871,rayleigh,2,False,16,1.5783110850000002,1953369.087687933,1.0000805380162248,native,outer_complete
final-871,rayleigh,2,False,17,2.079911085,1949948.663180618,0.9983293584756658,native,outer_complete
final-871,rayleigh,2,False,17,2.079911085,1949948.6631806288,0.9983293584756713,independent_fp64,audited_endpoint
final-871,caspar64,3,False,0,0.0,104619247.72967032,53.56267497822538,native,initial
final-871,caspar64,3,False,1,0.084359638,19874140.321362708,10.175107751256519,native,accepted
final-871,caspar64,3,False,2,0.251757144,8927086.530886162,4.57046523209459,native,accepted
final-871,caspar64,3,False,3,0.41876754,5733206.306667664,2.935271211093421,native,accepted
final-871,caspar64,3,False,4,0.586031976,4156302.654977727,2.1279324125418158,native,accepted
final-871,caspar64,3,False,5,0.753075612,3295538.3131758026,1.687240650047837,native,accepted
final-871,caspar64,3,False,6,0.920254168,2736830.767059696,1.4011950958126786,native,accepted
final-871,caspar64,3,False,7,1.087435624,2415670.0080982954,1.2367680929301959,native,accepted
final-871,caspar64,3,False,8,1.25443959,2273940.7700595227,1.1642059470849302,native,accepted
final-871,caspar64,3,False,9,1.421567446,2220644.128211697,1.1369192788410294,native,accepted
final-871,caspar64,3,False,10,1.588690862,2167446.728632953,1.1096834203813537,native,accepted
final-871,caspar64,3,False,11,1.755788178,2125285.798085936,1.0880979830103588,native,accepted
final-871,caspar64,3,False,12,1.922914954,2115523.430950121,1.08309987310935,native,accepted
final-871,caspar64,3,False,13,2.08966333,2115523.430950121,1.08309987310935,native,rejected
final-871,caspar64,3,False,14,2.256649835,2115523.430950121,1.08309987310935,native,rejected
final-871,caspar64,3,False,15,2.423987382,2096531.9995507638,1.0733766922464603,native,accepted
final-871,caspar64,3,False,16,2.591162007,2082997.8279749593,1.066447504272489,native,accepted
final-871,caspar64,3,False,17,2.758419943,2082107.299332789,1.0659915738652792,native,accepted
final-871,caspar64,3,False,18,2.92556369,2075278.1770224215,1.0624952185899867,native,accepted
final-871,caspar64,3,False,19,3.092526755,2071601.0715713596,1.0606126242451601,native,accepted
final-871,caspar64,3,False,20,3.259668911,2066517.208219963,1.0580098018560316,native,accepted
final-871,caspar64,3,False,21,3.340728418,2065139.041470691,1.0573042118306877,native,accepted
final-871,caspar64,3,False,22,3.507921954,2051513.2655064785,1.050328124493651,native,accepted
final-871,caspar64,3,False,23,3.58913311,2032692.2066088743,1.0406921704760568,native,accepted
final-871,caspar64,3,False,24,3.656882289,2031246.3988343053,1.0399519497844463,native,accepted
final-871,caspar64,3,False,25,3.824628915,2028954.9493459156,1.0387787797718615,native,accepted
final-871,caspar64,3,False,26,3.992153362,2026699.2594344874,1.0376239178492286,native,accepted
final-871,caspar64,3,False,27,4.159190727,2024166.3152484102,1.0363271080449046,native,accepted
final-871,caspar64,3,False,28,4.326292443,2021298.5969612026,1.0348589015161813,native,accepted
final-871,caspar64,3,False,29,4.493332059,2017772.5032357983,1.0330536217397046,native,accepted
final-871,caspar64,3,False,30,4.660372395,2014074.4579546351,1.0311603066782016,native,accepted
final-871,caspar64,3,False,31,4.827445471,2011108.66581075,1.0296418885658254,native,accepted
final-871,caspar64,3,False,32,4.994504917,2008446.2867296236,1.0282788110395973,native,accepted
final-871,caspar64,3,False,33,5.161540703,1987355.3126932331,1.0174807121065557,native,accepted
final-871,caspar64,3,False,34,5.328497039,1987355.3126932331,1.0174807121065557,native,rejected
final-871,caspar64,3,False,35,5.495572805,1968402.9951830662,1.007777556665176,native,accepted
final-871,caspar64,3,False,36,5.66223058,1968402.9951830662,1.007777556665176,native,rejected
final-871,caspar64,3,False,37,5.829074306,1968402.9951830662,1.007777556665176,native,rejected
final-871,caspar64,3,False,38,5.996240202,1965856.3071782622,1.0064737103383057,native,accepted
final-871,caspar64,3,False,39,6.163358498,1965856.3071782622,1.0064737103383057,native,rejected
final-871,caspar64,3,False,40,6.330568794,1965727.4977465852,1.0064077628394204,native,accepted
final-871,caspar64,3,False,41,6.49767509,1965727.4977465852,1.0064077628394204,native,rejected
final-871,caspar64,3,False,42,6.664593136,1965322.772551216,1.0062005527460054,native,accepted
final-871,caspar64,3,False,43,6.831632712,1965322.772551216,1.0062005527460054,native,rejected
final-871,caspar64,3,False,44,6.998512428,1965322.772551216,1.0062005527460054,native,rejected
final-871,caspar64,3,False,45,7.165646493,1963550.598006691,1.0052932396923087,native,accepted
final-871,caspar64,3,False,46,7.33283977,1961582.6937004912,1.0042857174530588,native,accepted
final-871,caspar64,3,False,47,7.499795376,1961582.6937004912,1.0042857174530588,native,rejected
final-871,caspar64,3,False,48,7.667038831,1960536.9775172516,1.0037503345549992,native,accepted
final-871,caspar64,3,False,49,7.834122617,1959788.4731362096,1.0033671173387453,native,accepted
final-871,caspar64,3,False,49,8.001109863,1959788.473136211,1.003367117338746,independent_fp64,audited_endpoint
final-871,rayleigh,3,True,0,0.0,104619247.72967172,53.5626749782261,native,initial
final-871,rayleigh,3,True,0,0.01730428099999992,104619247.72967172,53.5626749782261,native,setup_complete
final-871,rayleigh,3,True,1,0.07850428099999993,9406765.875157751,4.816050144704326,native,outer_complete
final-871,rayleigh,3,True,2,0.17080428099999992,4030895.495132166,2.0637267994398476,native,outer_complete
final-871,rayleigh,3,True,3,0.2811042809999999,2573557.535684613,1.3176029154580118,native,outer_complete
final-871,rayleigh,3,True,4,0.34470428099999995,2093102.179615883,1.071620702460713,native,outer_complete
final-871,rayleigh,3,True,5,0.42550428099999993,2013704.696762313,1.030970997358992,native,outer_complete
final-871,rayleigh,3,True,6,0.525104281,1993436.001626578,1.020593886518037,native,outer_complete
final-871,rayleigh,3,True,7,0.6152042809999999,1985958.2496840917,1.016765447626007,native,outer_complete
final-871,rayleigh,3,True,8,0.6978042809999999,1979492.180518448,1.0134549673021471,native,outer_complete
final-871,rayleigh,3,True,9,0.788004281,1975405.35690756,1.0113626065796828,native,outer_complete
final-871,rayleigh,3,True,10,0.8470042809999999,1968847.8361693525,1.0080053051309938,native,outer_complete
final-871,rayleigh,3,True,11,0.989604281,1962388.6290011583,1.0046983379937326,native,outer_complete
final-871,rayleigh,3,True,12,1.145504281,1960325.6264729525,1.0036421276280927,native,outer_complete
final-871,rayleigh,3,True,13,1.303604281,1959041.847356548,1.0029848619236643,native,outer_complete
final-871,rayleigh,3,True,14,1.4652042809999999,1957836.8551311758,1.0023679333152147,native,outer_complete
final-871,rayleigh,3,True,15,1.759004281,1955213.846049782,1.0010250123332682,native,outer_complete
final-871,rayleigh,3,True,16,1.914104281,1954026.5737464346,1.0004171559218058,native,outer_complete
final-871,rayleigh,3,True,17,1.987104281,1948997.7243321324,0.9978424994170227,native,outer_complete
final-871,rayleigh,3,True,17,1.987104281,1948997.7243321273,0.9978424994170202,independent_fp64,audited_endpoint
final-871,caspar32,3,False,0,0.0,104617552.0,53.56180680320833,native,initial
final-871,caspar32,3,False,1,0.038779912,19874588.0,10.175336952535101,native,accepted
final-871,caspar32,3,False,2,0.115587096,8927196.0,4.570521277790692,native,accepted
final-871,caspar32,3,False,3,0.188889579,5733236.0,2.9352864134041186,native,accepted
final-871,caspar32,3,False,4,0.262266551,4156319.0,2.127940780821406,native,accepted
final-871,caspar32,3,False,5,0.335725173,3295551.5,1.6872474014018546,native,accepted
final-871,caspar32,3,False,6,0.409054415,2736847.75,1.4012037906917894,native,accepted
final-871,caspar32,3,False,7,0.482355847,2415684.0,1.2367752564655834,native,accepted
final-871,caspar32,3,False,8,0.555703069,2273960.75,1.1642161763599546,native,accepted
final-871,caspar32,3,False,9,0.628998191,2220660.25,1.136927532829905,native,accepted
final-871,caspar32,3,False,10,0.702383584,2167131.75,1.1095221584863577,native,accepted
final-871,caspar32,3,False,11,0.775670595,2125210.5,1.0880594321032264,native,accepted
final-871,caspar32,3,False,12,0.849008848,2115429.0,1.0830515266109857,native,accepted
final-871,caspar32,3,False,13,0.92218003,2115429.0,1.0830515266109857,native,rejected
final-871,caspar32,3,False,14,0.995382652,2115429.0,1.0830515266109857,native,rejected
final-871,caspar32,3,False,15,1.068572474,2115429.0,1.0830515266109857,native,rejected
final-871,caspar32,3,False,16,1.141876336,2093463.0,1.0718054342895054,native,accepted
final-871,caspar32,3,False,17,1.174765425,2081667.0,1.0657661506227394,native,accepted
final-871,caspar32,3,False,18,1.247943967,2081667.0,1.0657661506227394,native,rejected
final-871,caspar32,3,False,19,1.321099019,2081667.0,1.0657661506227394,native,rejected
final-871,caspar32,3,False,20,1.394419091,2076063.5,1.0628972860901247,native,accepted
final-871,caspar32,3,False,21,1.41089345,2073639.25,1.0616561252365169,native,accepted
final-871,caspar32,3,False,22,1.484181962,2062506.75,1.055956538476575,native,accepted
final-871,caspar32,3,False,23,1.513302859,2055305.125,1.0522694702978133,native,accepted
final-871,caspar32,3,False,24,1.555067253,2051393.75,1.050266935273051,native,accepted
final-871,caspar32,3,False,25,1.628273015,2051393.75,1.050266935273051,native,rejected
final-871,caspar32,3,False,26,1.701430047,2051393.75,1.050266935273051,native,rejected
final-871,caspar32,3,False,27,1.774763099,2040799.625,1.0448429842662539,native,accepted
final-871,caspar32,3,False,28,1.797527452,2029235.375,1.0389223513276815,native,accepted
final-871,caspar32,3,False,29,1.836105554,2020478.75,1.0344391585217731,native,accepted
final-871,caspar32,3,False,30,1.909436416,2018067.75,1.0332047813667569,native,accepted
final-871,caspar32,3,False,31,1.935414881,2015680.0,1.0319823076828538,native,accepted
final-871,caspar32,3,False,32,2.008655463,2011206.375,1.0296919134480509,native,accepted
final-871,caspar32,3,False,33,2.082052156,2005809.875,1.0269290282066381,native,accepted
final-871,caspar32,3,False,34,2.155255538,2005809.875,1.0269290282066381,native,rejected
final-871,caspar32,3,False,35,2.22845116,2005809.875,1.0269290282066381,native,rejected
final-871,caspar32,3,False,36,2.301671502,2005809.875,1.0269290282066381,native,rejected
final-871,caspar32,3,False,37,2.374842214,2005809.875,1.0269290282066381,native,rejected
final-871,caspar32,3,False,38,2.448134226,2003309.0,1.0256486370960818,native,accepted
final-871,caspar32,3,False,39,2.521414498,2000591.625,1.0242574029104274,native,accepted
final-871,caspar32,3,False,40,2.594356539,2000591.625,1.0242574029104274,native,rejected
final-871,caspar32,3,False,41,2.667295132,2000591.625,1.0242574029104274,native,rejected
final-871,caspar32,3,False,42,2.740310603,2000591.625,1.0242574029104274,native,rejected
final-871,caspar32,3,False,43,2.813482176,2000591.625,1.0242574029104274,native,rejected
final-871,caspar32,3,False,44,2.886797387,1999384.0,1.0236391263812583,native,accepted
final-871,caspar32,3,False,45,2.96008158,1998041.75,1.022951924914514,native,accepted
final-871,caspar32,3,False,46,3.033371112,1996664.875,1.0222469962354128,native,accepted
final-871,caspar32,3,False,47,3.106580144,1996664.875,1.0222469962354128,native,rejected
final-871,caspar32,3,False,48,3.180137696,1993817.5,1.0207892050069745,native,accepted
final-871,caspar32,3,False,49,3.253462808,1992181.125,1.0199514182309315,native,accepted
final-871,caspar32,3,False,50,3.32641483,1992181.125,1.0199514182309315,native,rejected
final-871,caspar32,3,False,51,3.399348832,1992181.125,1.0199514182309315,native,rejected
final-871,caspar32,3,False,52,3.472624234,1989766.125,1.0187149931669064,native,accepted
final-871,caspar32,3,False,53,3.545955376,1988523.75,1.0180789254282239,native,accepted
final-871,caspar32,3,False,54,3.619252998,1988523.75,1.0180789254282239,native,rejected
final-871,caspar32,3,False,55,3.69251496,1985323.375,1.0164404062297645,native,accepted
final-871,caspar32,3,False,56,3.765857622,1983496.625,1.0155051517843368,native,accepted
final-871,caspar32,3,False,57,3.839144204,1980495.375,1.0139685800562188,native,accepted
final-871,caspar32,3,False,58,3.912456076,1977445.75,1.0124072414285261,native,accepted
final-871,caspar32,3,False,59,3.985773858,1976541.875,1.011944477989708,native,accepted
final-871,caspar32,3,False,60,4.059111571,1974446.375,1.0108716296577558,native,accepted
final-871,caspar32,3,False,61,4.132263533,1974446.375,1.0108716296577558,native,rejected
final-871,caspar32,3,False,62,4.205479564,1974446.375,1.0108716296577558,native,rejected
final-871,caspar32,3,False,63,4.278747857,1974446.375,1.0108716296577558,native,rejected
final-871,caspar32,3,False,64,4.351981229,1974446.375,1.0108716296577558,native,rejected
final-871,caspar32,3,False,65,4.425288151,1972315.75,1.0097807981248206,native,accepted
final-871,caspar32,3,False,66,4.498639803,1970859.875,1.009035423242797,native,accepted
final-871,caspar32,3,False,67,4.571985915,1969575.5,1.0083778524595226,native,accepted
final-871,caspar32,3,False,68,4.645290247,1968423.625,1.007788118662163,native,accepted
final-871,caspar32,3,False,69,4.718551499,1967005.625,1.0070621349185656,native,accepted
final-871,caspar32,3,False,70,4.791882301,1965066.625,1.0060694110265802,native,accepted
final-871,caspar32,3,False,71,4.865233393,1963379.0,1.0052053854163627,native,accepted
final-871,caspar32,3,False,72,4.938400635,1963379.0,1.0052053854163627,native,rejected
final-871,caspar32,3,False,73,5.011552437,1963379.0,1.0052053854163627,native,rejected
final-871,caspar32,3,False,74,5.084854529,1963379.0,1.0052053854163627,native,rejected
final-871,caspar32,3,False,75,5.158043391,1963379.0,1.0052053854163627,native,rejected
final-871,caspar32,3,False,76,5.231392024,1961943.625,1.0044705060680086,native,accepted
final-871,caspar32,3,False,77,5.304938686,1961190.875,1.004085115191427,native,accepted
final-871,caspar32,3,False,78,5.378231158,1961190.875,1.004085115191427,native,rejected
final-871,caspar32,3,False,79,5.45145737,1961190.875,1.004085115191427,native,rejected
final-871,caspar32,3,False,80,5.524761402,1960247.375,1.003602064653991,native,accepted
final-871,caspar32,3,False,81,5.598067834,1959647.25,1.0032948143055238,native,accepted
final-871,caspar32,3,False,82,5.671377306,1958795.75,1.0028588656752888,native,accepted
final-871,caspar32,3,False,83,5.744748568,1957995.625,1.002449219876385,native,accepted
final-871,caspar32,3,False,84,5.81800066,1957995.625,1.002449219876385,native,rejected
final-871,caspar32,3,False,85,5.891100022,1957995.625,1.002449219876385,native,rejected
final-871,caspar32,3,False,86,5.964006444,1957995.625,1.002449219876385,native,rejected
final-871,caspar32,3,False,87,6.037284646,1957262.875,1.0020740685448468,native,accepted
final-871,caspar32,3,False,88,6.110570298,1956806.625,1.0018404789235378,native,accepted
final-871,caspar32,3,False,89,6.18401407,1955997.875,1.0014264173208338,native,accepted
final-871,caspar32,3,False,90,6.257748653,1955332.875,1.0010859524481313,native,accepted
final-871,caspar32,3,False,91,6.331348205,1954829.75,1.000828363893126,native,accepted
final-871,caspar32,3,False,92,6.404675397,1954226.875,1.0005197056072153,native,accepted
final-871,caspar32,3,False,93,6.477765589,1954226.875,1.0005197056072153,native,rejected
final-871,caspar32,3,False,94,6.550673581,1954226.875,1.0005197056072153,native,rejected
final-871,caspar32,3,False,95,6.623486943,1954226.875,1.0005197056072153,native,rejected
final-871,caspar32,3,False,96,6.699033736,1954226.875,1.0005197056072153,native,rejected
final-871,caspar32,3,False,97,6.772601948,1953822.375,1.0003126108087068,native,accepted
final-871,caspar32,3,False,98,6.84614868,1953462.875,1.0001285549865466,native,accepted
final-871,caspar32,3,False,99,6.919469913,1953080.125,0.999932595693273,native,accepted
final-871,caspar32,3,False,100,6.992782325,1952199.125,0.9994815437340987,native,accepted
final-871,caspar32,3,False,101,7.066102287,1951607.625,0.9991787091894316,native,accepted
final-871,caspar32,3,False,102,7.139401019,1951239.0,0.9989899815748452,native,accepted
final-871,caspar32,3,False,102,7.139409989,1951240.627035437,0.9989908145799774,independent_fp64,audited_endpoint
final-1936,rayleigh,1,False,0,0.0,183424245.80393216,35.785297307102596,native,initial
final-1936,rayleigh,1,False,0,0.02593442299999993,183424245.80393216,35.785297307102596,native,setup_complete
final-1936,rayleigh,1,False,1,0.13303442299999993,17230451.767246794,3.3615885213218606,native,outer_complete
final-1936,rayleigh,1,False,2,0.2953344229999999,7282886.270699103,1.4208604173810702,native,outer_complete
final-1936,rayleigh,1,False,3,0.44063442299999994,5487685.382321419,1.0706242900086826,native,outer_complete
final-1936,rayleigh,1,False,4,0.563834423,5095070.523926677,0.9940267858278006,native,outer_complete
final-1936,rayleigh,1,False,4,0.563834423,5095070.523926703,0.9940267858278057,independent_fp64,audited_endpoint
final-1936,caspar32,1,False,0,0.0,183422368.0,35.78493095546951,native,initial
final-1936,caspar32,1,False,1,0.058431723,33547430.0,6.544962205936883,native,accepted
final-1936,caspar32,1,False,2,0.196627673,15303379.0,2.9856247461617227,native,accepted
final-1936,caspar32,1,False,3,0.334614642,9926530.0,1.9366241672193263,native,accepted
final-1936,caspar32,1,False,4,0.472603581,7345866.5,1.4331475946848342,native,accepted
final-1936,caspar32,1,False,5,0.61046202,6175774.0,1.2048674793391816,native,accepted
final-1936,caspar32,1,False,6,0.748381809,5549937.5,1.0827694158035899,native,accepted
final-1936,caspar32,1,False,7,0.886349849,5237902.5,1.0218927023882995,native,accepted
final-1936,caspar32,1,False,8,1.024272908,5128759.5,1.0005993630760908,native,accepted
final-1936,caspar32,1,False,9,1.162250547,5103596.5,0.995690167826619,native,accepted
final-1936,caspar32,1,False,9,1.162265337,5103595.7978273835,0.9956900308357008,independent_fp64,audited_endpoint
final-1936,caspar64,1,False,0,0.0,183424245.80392927,35.78529730710203,native,initial
final-1936,caspar64,1,False,1,0.13990744,33546653.144718,6.5448106447454535,native,accepted
final-1936,caspar64,1,False,2,0.442521984,15303283.627270153,2.985606139344082,native,accepted
final-1936,caspar64,1,False,3,0.745004597,9926546.606097447,1.9366274069989509,native,accepted
final-1936,caspar64,1,False,4,1.047386831,7345879.549886716,1.433150140662733,native,accepted
final-1936,caspar64,1,False,5,1.349938715,6175762.784176726,1.2048652911793305,native,accepted
final-1936,caspar64,1,False,6,1.652314948,5549935.444433376,1.0827690147712048,native,accepted
final-1936,caspar64,1,False,7,1.954555032,5237907.121612159,1.0218936040453537,native,accepted
final-1936,caspar64,1,False,8,2.258247056,5128764.580592244,1.0006003542782251,native,accepted
final-1936,caspar64,1,False,9,2.56079234,5103601.812953976,0.995691204361548,native,accepted
final-1936,caspar64,1,False,9,2.56081662,5103601.8129539825,0.9956912043615492,independent_fp64,audited_endpoint
final-1936,caspar32,2,True,0,0.0,183422384.0,35.78493407700208,native,initial
final-1936,caspar32,2,True,1,0.059372524,33547426.0,6.5449614255537405,native,accepted
final-1936,caspar32,2,True,2,0.197903384,15303375.0,2.985623965778581,native,accepted
final-1936,caspar32,2,True,3,0.335945753,9926528.0,1.9366237770277552,native,accepted
final-1936,caspar32,2,True,4,0.473934092,7345868.5,1.433147984876405,native,accepted
final-1936,caspar32,2,True,5,0.611870421,6175777.0,1.204868064626538,native,accepted
final-1936,caspar32,2,True,6,0.749835031,5549938.0,1.0827695133514825,native,accepted
final-1936,caspar32,2,True,7,0.891460232,5237902.5,1.0218927023882995,native,accepted
final-1936,caspar32,2,True,8,1.029432091,5128759.5,1.0005993630760908,native,accepted
final-1936,caspar32,2,True,9,1.16747728,5103594.5,0.9956897776350481,native,accepted
final-1936,caspar32,2,True,9,1.16748746,5103596.144625224,0.995690098494498,independent_fp64,audited_endpoint
final-1936,caspar64,2,True,0,0.0,183424245.80392927,35.78529730710203,native,initial
final-1936,caspar64,2,True,1,0.13983928,33546653.144717995,6.544810644745453,native,accepted
final-1936,caspar64,2,True,2,0.442470524,15303283.627270157,2.9856061393440827,native,accepted
final-1936,caspar64,2,True,3,0.744907748,9926546.606097447,1.9366274069989509,native,accepted
final-1936,caspar64,2,True,4,1.047279291,7345879.549886714,1.4331501406627327,native,accepted
final-1936,caspar64,2,True,5,1.349727745,6175762.784176725,1.2048652911793303,native,accepted
final-1936,caspar64,2,True,6,1.651969768,5549935.444433377,1.082769014771205,native,accepted
final-1936,caspar64,2,True,7,1.954396102,5237907.121612158,1.0218936040453535,native,accepted
final-1936,caspar64,2,True,8,2.256858496,5128764.580592239,1.0006003542782242,native,accepted
final-1936,caspar64,2,True,9,2.56114357,5103601.812953979,0.9956912043615486,native,accepted
final-1936,caspar64,2,True,9,2.56115564,5103601.812953983,0.9956912043615495,independent_fp64,audited_endpoint
final-1936,rayleigh,2,True,0,0.0,183424245.8039322,35.785297307102596,native,initial
final-1936,rayleigh,2,True,0,0.019652216999999972,183424245.8039322,35.785297307102596,native,setup_complete
final-1936,rayleigh,2,True,1,0.12525221699999997,17230451.767246768,3.3615885213218557,native,outer_complete
final-1936,rayleigh,2,True,2,0.286652217,7282886.270699112,1.420860417381072,native,outer_complete
final-1936,rayleigh,2,True,3,0.43205221699999996,5487685.382321415,1.0706242900086818,native,outer_complete
final-1936,rayleigh,2,True,4,0.553452217,5095070.5239266865,0.9940267858278024,native,outer_complete
final-1936,rayleigh,2,True,4,0.553452217,5095070.523926706,0.9940267858278062,independent_fp64,audited_endpoint
final-1936,caspar64,3,False,0,0.0,183424245.80392927,35.78529730710203,native,initial
final-1936,caspar64,3,False,1,0.14011947,33546653.144717995,6.544810644745453,native,accepted
final-1936,caspar64,3,False,2,0.443578014,15303283.627270155,2.9856061393440823,native,accepted
final-1936,caspar64,3,False,3,0.745980228,9926546.606097447,1.9366274069989509,native,accepted
final-1936,caspar64,3,False,4,1.048221032,7345879.549886714,1.4331501406627327,native,accepted
final-1936,caspar64,3,False,5,1.352145576,6175762.784176721,1.2048652911793296,native,accepted
final-1936,caspar64,3,False,6,1.65494308,5549935.444433374,1.0827690147712046,native,accepted
final-1936,caspar64,3,False,7,1.957377134,5237907.121612151,1.0218936040453521,native,accepted
final-1936,caspar64,3,False,8,2.259804327,5128764.5805922365,1.0006003542782238,native,accepted
final-1936,caspar64,3,False,9,2.562177541,5103601.812953977,0.9956912043615482,native,accepted
final-1936,caspar64,3,False,9,2.562189491,5103601.812953983,0.9956912043615495,independent_fp64,audited_endpoint
final-1936,rayleigh,3,False,0,0.0,183424245.80393216,35.785297307102596,native,initial
final-1936,rayleigh,3,False,0,0.01831749599999999,183424245.80393216,35.785297307102596,native,setup_complete
final-1936,rayleigh,3,False,1,0.12371749599999998,17230451.76724678,3.361588521321858,native,outer_complete
final-1936,rayleigh,3,False,2,0.285217496,7282886.270699104,1.4208604173810704,native,outer_complete
final-1936,rayleigh,3,False,3,0.430417496,5487685.382321411,1.0706242900086809,native,outer_complete
final-1936,rayleigh,3,False,4,0.551217496,5095070.52392668,0.9940267858278011,native,outer_complete
final-1936,rayleigh,3,False,4,0.551217496,5095070.523926706,0.9940267858278062,independent_fp64,audited_endpoint
final-1936,caspar32,3,False,0,0.0,183422384.0,35.78493407700208,native,initial
final-1936,caspar32,3,False,1,0.058973554,33547430.0,6.544962205936883,native,accepted
final-1936,caspar32,3,False,2,0.197193443,15303379.0,2.9856247461617227,native,accepted
final-1936,caspar32,3,False,3,0.335233852,9926528.0,1.9366237770277552,native,accepted
final-1936,caspar32,3,False,4,0.473287361,7345869.0,1.4331480824242977,native,accepted
final-1936,caspar32,3,False,5,0.611309761,6175779.0,1.204868454818109,native,accepted
final-1936,caspar32,3,False,6,0.754121413,5549936.5,1.0827692207078043,native,accepted
final-1936,caspar32,3,False,7,0.892750572,5237901.0,1.0218924097446214,native,accepted
final-1936,caspar32,3,False,8,1.030950832,5128759.5,1.0005993630760908,native,accepted
final-1936,caspar32,3,False,9,1.168980671,5103598.5,0.9956905580181898,native,accepted
final-1936,caspar32,3,False,9,1.168990351,5103595.6442086315,0.9956900008653298,independent_fp64,audited_endpoint
final-3068,rayleigh,1,False,0,0.0,90993342.02434023,50.01184077297893,native,initial
final-3068,rayleigh,1,False,0,0.023064526999999835,90993342.02434023,50.01184077297893,native,setup_complete
final-3068,rayleigh,1,False,1,0.06176452699999983,7960085.908832248,4.375029426936121,native,outer_complete
final-3068,rayleigh,1,False,2,0.11416452699999984,3712537.2174421097,2.040487974744428,native,outer_complete
final-3068,rayleigh,1,False,3,0.18986452699999984,2645475.6006922456,1.4540086292822443,native,outer_complete
final-3068,rayleigh,1,False,4,0.24326452699999984,2095554.2628256024,1.1517603792982696,native,outer_complete
final-3068,rayleigh,1,False,5,0.31636452699999984,2030598.7332120026,1.116059463911615,native,outer_complete
final-3068,rayleigh,1,False,6,0.42466452699999985,1937926.3186155735,1.0651247697929582,native,outer_complete
final-3068,rayleigh,1,False,7,0.4839645269999998,1909344.4321009207,1.0494155681573065,native,outer_complete
final-3068,rayleigh,1,False,8,0.5354645269999998,1890443.0155528283,1.0390269549493856,native,outer_complete
final-3068,rayleigh,1,False,9,0.5881645269999999,1889144.880355419,1.0383134727390357,native,outer_complete
final-3068,rayleigh,1,False,10,0.6369645269999998,1875678.8423691194,1.0309122570826907,native,outer_complete
final-3068,rayleigh,1,False,11,0.6857645269999998,1868821.848744049,1.027143510208149,native,outer_complete
final-3068,rayleigh,1,False,12,0.7363645269999999,1867330.7935208115,1.0263239951233163,native,outer_complete
final-3068,rayleigh,1,False,13,0.7865645269999998,1862639.3043829973,1.023745454732023,native,outer_complete
final-3068,rayleigh,1,False,14,0.8712645269999998,1858958.1578188157,1.0217222197157667,native,outer_complete
final-3068,rayleigh,1,False,15,0.9367645269999998,1857174.504629364,1.020741886679079,native,outer_complete
final-3068,rayleigh,1,False,16,0.9933645269999999,1855936.252996494,1.0200613177262055,native,outer_complete
final-3068,rayleigh,1,False,17,1.058464527,1854955.534730232,1.0195222944890732,native,outer_complete
final-3068,rayleigh,1,False,18,1.1240645269999998,1854790.8578503672,1.019431784637346,native,outer_complete
final-3068,rayleigh,1,False,19,1.2517645269999997,1853615.8080126757,1.0187859527107943,native,outer_complete
final-3068,rayleigh,1,False,20,1.5070645269999998,1853585.5771369876,1.018769337190277,native,outer_complete
final-3068,rayleigh,1,False,21,1.5569645269999999,1853282.043710011,1.018602508880848,native,outer_complete
final-3068,rayleigh,1,False,22,1.6041645269999998,1848872.5139238723,1.0161789392367184,native,outer_complete
final-3068,rayleigh,1,False,23,1.6536645269999999,1845437.1337618942,1.0142907825668652,native,outer_complete
final-3068,rayleigh,1,False,24,1.7054645269999997,1845393.108394671,1.0142665853057629,native,outer_complete
final-3068,rayleigh,1,False,25,1.7938645269999998,1845370.4533660242,1.0142541336289677,native,outer_complete
final-3068,rayleigh,1,False,26,1.8474645269999999,1845360.692329598,1.0142487687595314,native,outer_complete
final-3068,rayleigh,1,False,27,1.937864527,1845124.0759903665,1.0141187194787966,native,outer_complete
final-3068,rayleigh,1,False,28,1.9925645269999999,1844938.1343184973,1.014016522053362,native,outer_complete
final-3068,rayleigh,1,False,29,2.0421645269999997,1844833.4186252702,1.0139589681218368,native,outer_complete
final-3068,rayleigh,1,False,30,2.0947645269999997,1844832.318730098,1.0139583635964837,native,outer_complete
final-3068,rayleigh,1,False,31,2.183864527,1844831.9673942348,1.0139581704949572,native,outer_complete
final-3068,rayleigh,1,False,32,2.237564527,1844748.108730978,1.0139120800226114,native,outer_complete
final-3068,rayleigh,1,False,33,2.305664527,1844560.513790177,1.0138089739260505,native,outer_complete
final-3068,rayleigh,1,False,34,2.3649645269999997,1844239.8222587446,1.0136327151641407,native,outer_complete
final-3068,rayleigh,1,False,35,2.414064527,1836201.6895741744,1.0092147895995949,native,outer_complete
final-3068,rayleigh,1,False,36,2.450864527,1793310.1182080454,0.9856406863746369,native,outer_complete
final-3068,rayleigh,1,False,36,2.450864527,1793310.1182095758,0.985640686375478,independent_fp64,audited_endpoint
final-3068,caspar32,1,False,0,0.0,90345192.0,49.65560398583427,native,initial
final-3068,caspar32,1,False,1,0.03470997,17024494.0,9.357017384203596,native,accepted
final-3068,caspar32,1,False,2,0.08619995,7390957.5,4.062224569694109,native,accepted
final-3068,caspar32,1,False,3,0.135229888,5017386.5,2.757660386485991,native,accepted
final-3068,caspar32,1,False,4,0.185510587,3829589.25,2.1048222159559757,native,accepted
final-3068,caspar32,1,False,5,0.229918122,3119844.0,1.7147314066428807,native,accepted
final-3068,caspar32,1,False,6,0.276794719,2637375.75,1.4495567822119704,native,accepted
final-3068,caspar32,1,False,7,0.321067935,2637375.75,1.4495567822119704,native,rejected
final-3068,caspar32,1,False,8,0.36533347,2637375.75,1.4495567822119704,native,rejected
final-3068,caspar32,1,False,9,0.409639435,2637375.75,1.4495567822119704,native,rejected
final-3068,caspar32,1,False,10,0.444397535,2637375.75,1.4495567822119704,native,rejected
final-3068,caspar32,1,False,11,0.463948727,2637375.75,1.4495567822119704,native,rejected
final-3068,caspar32,1,False,12,0.474044663,2637089.25,1.4493993158296758,native,accepted
final-3068,caspar32,1,False,13,0.484046048,2637089.25,1.4493993158296758,native,rejected
final-3068,caspar32,1,False,14,0.494152534,2637035.0,1.4493694988969028,native,accepted
final-3068,caspar32,1,False,15,0.50423029,2636855.25,1.4492707045436135,native,accepted
final-3068,caspar32,1,False,16,0.516243497,2636804.75,1.4492429486891427,native,accepted
final-3068,caspar32,1,False,17,0.526332502,2636593.25,1.4491267038728939,native,accepted
final-3068,caspar32,1,False,18,0.536431878,2636204.25,1.448912901350337,native,accepted
final-3068,caspar32,1,False,19,0.548369515,2636204.25,1.448912901350337,native,rejected
final-3068,caspar32,1,False,20,0.558352491,2636204.25,1.448912901350337,native,rejected
final-3068,caspar32,1,False,21,0.568454577,2636095.75,1.448853267484791,native,accepted
final-3068,caspar32,1,False,22,0.578546412,2635916.5,1.4487547479419416,native,accepted
final-3068,caspar32,1,False,23,0.588563608,2635916.5,1.4487547479419416,native,rejected
final-3068,caspar32,1,False,24,0.598659054,2635875.25,1.4487320760806166,native,accepted
final-3068,caspar32,1,False,25,0.60874532,2635783.25,1.4486815109596005,native,accepted
final-3068,caspar32,1,False,26,0.618856055,2635695.25,1.448633144322107,native,accepted
final-3068,caspar32,1,False,27,0.628955821,2635546.75,1.4485515256213364,native,accepted
final-3068,caspar32,1,False,28,0.640963768,2635269.5,1.4483991432321877,native,accepted
final-3068,caspar32,1,False,29,0.652980705,2635070.5,1.4482897686769465,native,accepted
final-3068,caspar32,1,False,30,0.663090381,2634911.5,1.4482023789569296,native,accepted
final-3068,caspar32,1,False,31,0.675083228,2634628.25,1.448046698842497,native,accepted
final-3068,caspar32,1,False,32,0.687076615,2634355.25,1.4478966523420909,native,accepted
final-3068,caspar32,1,False,33,0.699096962,2634089.0,1.4477503157826286,native,accepted
final-3068,caspar32,1,False,34,0.711029019,2634089.0,1.4477503157826286,native,rejected
final-3068,caspar32,1,False,35,0.726419597,2634089.0,1.4477503157826286,native,rejected
final-3068,caspar32,1,False,35,0.736462173,2646101.5994392256,1.4543526912648197,independent_fp64,audited_endpoint
final-3068,caspar64,1,False,0,0.0,90993342.0209937,50.0118407711396,native,initial
final-3068,caspar64,1,False,1,0.067874949,17172531.645294987,9.438381965173917,native,accepted
final-3068,caspar64,1,False,2,0.167511136,7407482.566600199,4.071307091351034,native,accepted
final-3068,caspar64,1,False,3,0.266802433,5020894.43832486,2.759588422637223,native,accepted
final-3068,caspar64,1,False,4,0.36614783,3831005.0375370616,2.105600362348851,native,accepted
final-3068,caspar64,1,False,5,0.465503237,3117955.7323922594,1.713693575337489,native,accepted
final-3068,caspar64,1,False,6,0.564699214,2635786.882669043,1.4486835075503588,native,accepted
final-3068,caspar64,1,False,7,0.664047591,2321715.365891602,1.2760632439249198,native,accepted
final-3068,caspar64,1,False,8,0.763444218,2144049.0103465016,1.17841410513562,native,accepted
final-3068,caspar64,1,False,9,0.862809715,2144049.0103465016,1.17841410513562,native,rejected
final-3068,caspar64,1,False,10,0.962004452,2144049.0103465016,1.17841410513562,native,rejected
final-3068,caspar64,1,False,11,1.061268559,2144049.0103465016,1.17841410513562,native,rejected
final-3068,caspar64,1,False,12,1.160452746,2144049.0103465016,1.17841410513562,native,rejected
final-3068,caspar64,1,False,13,1.200745829,2144049.0103465016,1.17841410513562,native,rejected
final-3068,caspar64,1,False,14,1.241231103,2143116.487323971,1.1779015710107885,native,accepted
final-3068,caspar64,1,False,15,1.281687396,2142509.535646667,1.1775679776954213,native,accepted
final-3068,caspar64,1,False,16,1.322096999,2141695.63870398,1.1771206429410568,native,accepted
final-3068,caspar64,1,False,17,1.374273819,2141050.401319347,1.176766007001513,native,accepted
final-3068,caspar64,1,False,18,1.422613207,2139296.821140133,1.1758022027191948,native,accepted
final-3068,caspar64,1,False,19,1.502250002,2136379.8277674364,1.1741989622529625,native,accepted
final-3068,caspar64,1,False,20,1.577873996,2136379.8277674364,1.1741989622529625,native,rejected
final-3068,caspar64,1,False,21,1.63783792,2136379.8277674364,1.1741989622529625,native,rejected
final-3068,caspar64,1,False,22,1.697988685,2135524.477710796,1.173728844001603,native,accepted
final-3068,caspar64,1,False,23,1.761950082,2134125.329141796,1.1729598427330061,native,accepted
final-3068,caspar64,1,False,24,1.837734655,2130932.318085456,1.171204897184426,native,accepted
final-3068,caspar64,1,False,25,1.937012812,2124468.0345722814,1.1676519919874084,native,accepted
final-3068,caspar64,1,False,26,2.036388769,2112677.5748181357,1.1611717091145493,native,accepted
final-3068,caspar64,1,False,27,2.135693146,2098819.57686167,1.153555064074238,native,accepted
final-3068,caspar64,1,False,28,2.234948403,2076333.1755549263,1.141196068386297,native,accepted
final-3068,caspar64,1,False,29,2.33420281,2051720.0558289236,1.1276681838479552,native,accepted
final-3068,caspar64,1,False,30,2.433594607,2027147.446182798,1.114162564495389,native,accepted
final-3068,caspar64,1,False,31,2.532920194,2006551.9965978058,1.1028428753579462,native,accepted
final-3068,caspar64,1,False,32,2.632247341,2001644.377345206,1.1001455453426383,native,accepted
final-3068,caspar64,1,False,33,2.660969548,1977477.3918051089,1.0868628654684238,native,accepted
final-3068,caspar64,1,False,34,2.760085415,1977477.3918051089,1.0868628654684238,native,rejected
final-3068,caspar64,1,False,35,2.859221392,1977477.3918051089,1.0868628654684238,native,rejected
final-3068,caspar64,1,False,36,2.958457298,1977477.3918051089,1.0868628654684238,native,rejected
final-3068,caspar64,1,False,37,3.053735623,1977477.3918051089,1.0868628654684238,native,rejected
final-3068,caspar64,1,False,38,3.11766149,1977477.3918051089,1.0868628654684238,native,rejected
final-3068,caspar64,1,False,39,3.150075188,1977477.3918051089,1.0868628654684238,native,rejected
final-3068,caspar64,1,False,40,3.174878183,1977460.494577155,1.086853578399116,native,accepted
final-3068,caspar64,1,False,40,3.203450329,1977460.4945771666,1.0868535783991224,independent_fp64,audited_endpoint
final-3068,caspar32,2,False,0,0.0,90345192.0,49.65560398583427,native,initial
final-3068,caspar32,2,False,1,0.033954619,17024496.0,9.357018483445357,native,accepted
final-3068,caspar32,2,False,2,0.079668765,7390956.0,4.062223745262789,native,accepted
final-3068,caspar32,2,False,3,0.124485591,5017386.0,2.7576601116755506,native,accepted
final-3068,caspar32,2,False,4,0.169021247,3829589.0,2.1048220785507556,native,accepted
final-3068,caspar32,2,False,5,0.213504902,3119842.75,1.71473071961678,native,accepted
final-3068,caspar32,2,False,6,0.257950918,2637375.0,1.4495563699963099,native,accepted
final-3068,caspar32,2,False,7,0.302333713,2637375.0,1.4495563699963099,native,rejected
final-3068,caspar32,2,False,8,0.347067879,2637375.0,1.4495563699963099,native,rejected
final-3068,caspar32,2,False,9,0.391371395,2637375.0,1.4495563699963099,native,rejected
final-3068,caspar32,2,False,10,0.426224864,2637375.0,1.4495563699963099,native,rejected
final-3068,caspar32,2,False,11,0.445800496,2637375.0,1.4495563699963099,native,rejected
final-3068,caspar32,2,False,12,0.455930601,2637088.75,1.4493990410192357,native,accepted
final-3068,caspar32,2,False,13,0.465957017,2637088.75,1.4493990410192357,native,rejected
final-3068,caspar32,2,False,14,0.476058013,2637035.75,1.4493699111125633,native,accepted
final-3068,caspar32,2,False,15,0.486158379,2636854.25,1.4492701549227327,native,accepted
final-3068,caspar32,2,False,16,0.498147126,2636807.0,1.449244185336124,native,accepted
final-3068,caspar32,2,False,17,0.508236032,2636602.75,1.4491319252712596,native,accepted
final-3068,caspar32,2,False,18,0.518351167,2636216.5,1.4489196342061244,native,accepted
final-3068,caspar32,2,False,19,0.530275114,2636216.5,1.4489196342061244,native,rejected
final-3068,caspar32,2,False,20,0.54029958,2636216.5,1.4489196342061244,native,rejected
final-3068,caspar32,2,False,21,0.550396516,2636108.0,1.4488600003405783,native,accepted
final-3068,caspar32,2,False,22,0.560487581,2635934.0,1.4487643663073524,native,accepted
final-3068,caspar32,2,False,23,0.570486217,2635934.0,1.4487643663073524,native,rejected
final-3068,caspar32,2,False,24,0.580570503,2635895.75,1.448743343308669,native,accepted
final-3068,caspar32,2,False,25,0.590653389,2635807.75,1.4486949766711754,native,accepted
final-3068,caspar32,2,False,26,0.600746785,2635719.5,1.4486464726284616,native,accepted
final-3068,caspar32,2,False,27,0.61084946,2635578.0,1.4485687012738555,native,accepted
final-3068,caspar32,2,False,28,0.622868017,2635337.75,1.4484366548572891,native,accepted
final-3068,caspar32,2,False,29,0.635888775,2635128.5,1.4483216466880218,native,accepted
final-3068,caspar32,2,False,30,0.64591399,2635128.5,1.4483216466880218,native,rejected
final-3068,caspar32,2,False,31,0.655937336,2635128.5,1.4483216466880218,native,rejected
final-3068,caspar32,2,False,31,0.665958122,2649467.5617945734,1.4562026944586628,independent_fp64,audited_endpoint
final-3068,caspar64,2,True,0,0.0,90993342.02099372,50.011840771139624,native,initial
final-3068,caspar64,2,True,1,0.074916363,17172531.64529499,9.43838196517392,native,accepted
final-3068,caspar64,2,True,2,0.17461862,7407482.566600201,4.071307091351035,native,accepted
final-3068,caspar64,2,True,3,0.274069667,5020894.43832486,2.759588422637223,native,accepted
final-3068,caspar64,2,True,4,0.373484094,3831005.0375370607,2.1056003623488504,native,accepted
final-3068,caspar64,2,True,5,0.472766551,3117955.73239226,1.7136935753374891,native,accepted
final-3068,caspar64,2,True,6,0.572057308,2635786.882669042,1.4486835075503584,native,accepted
final-3068,caspar64,2,True,7,0.674337827,2321715.365891604,1.2760632439249209,native,accepted
final-3068,caspar64,2,True,8,0.773677994,2144049.0103465016,1.17841410513562,native,accepted
final-3068,caspar64,2,True,9,0.872911751,2144049.0103465016,1.17841410513562,native,rejected
final-3068,caspar64,2,True,10,0.972129098,2144049.0103465016,1.17841410513562,native,rejected
final-3068,caspar64,2,True,11,1.071367625,2144049.0103465016,1.17841410513562,native,rejected
final-3068,caspar64,2,True,12,1.170633762,2144049.0103465016,1.17841410513562,native,rejected
final-3068,caspar64,2,True,13,1.211009805,2144049.0103465016,1.17841410513562,native,rejected
final-3068,caspar64,2,True,14,1.251515078,2143116.487323969,1.1779015710107874,native,accepted
final-3068,caspar64,2,True,15,1.291967022,2142509.5356466654,1.1775679776954207,native,accepted
final-3068,caspar64,2,True,16,1.332501685,2141695.638703975,1.1771206429410541,native,accepted
final-3068,caspar64,2,True,17,1.384774165,2141050.4013193357,1.1767660070015067,native,accepted
final-3068,caspar64,2,True,18,1.433208963,2139296.82114012,1.1758022027191875,native,accepted
final-3068,caspar64,2,True,19,1.512928728,2136379.8277674075,1.1741989622529467,native,accepted
final-3068,caspar64,2,True,20,1.588586082,2136379.8277674075,1.1741989622529467,native,rejected
final-3068,caspar64,2,True,21,1.648459286,2136379.8277674075,1.1741989622529467,native,rejected
final-3068,caspar64,2,True,22,1.708573121,2135524.477710762,1.173728844001584,native,accepted
final-3068,caspar64,2,True,23,1.772607668,2134125.3291417575,1.172959842732985,native,accepted
final-3068,caspar64,2,True,24,1.851406743,2130932.3180853943,1.1712048971843922,native,accepted
final-3068,caspar64,2,True,25,1.95083361,2124468.0345721818,1.1676519919873536,native,accepted
final-3068,caspar64,2,True,26,2.050253857,2112677.5748180007,1.161171709114475,native,accepted
final-3068,caspar64,2,True,27,2.149527044,2098819.576861497,1.153555064074143,native,accepted
final-3068,caspar64,2,True,28,2.248849101,2076333.1755546748,1.1411960683861588,native,accepted
final-3068,caspar64,2,True,29,2.348290608,2051720.05582861,1.127668183847783,native,accepted
final-3068,caspar64,2,True,30,2.447665205,2027147.4461824584,1.1141625644952025,native,accepted
final-3068,caspar64,2,True,31,2.546900072,2006551.9965974821,1.1028428753577684,native,accepted
final-3068,caspar64,2,True,32,2.646607359,2001644.3773448814,1.10014554534246,native,accepted
final-3068,caspar64,2,True,33,2.675290556,1977477.3918048097,1.0868628654682595,native,accepted
final-3068,caspar64,2,True,34,2.774841003,1977477.3918048097,1.0868628654682595,native,rejected
final-3068,caspar64,2,True,35,2.87406988,1977477.3918048097,1.0868628654682595,native,rejected
final-3068,caspar64,2,True,36,2.973279377,1977477.3918048097,1.0868628654682595,native,rejected
final-3068,caspar64,2,True,37,3.068606482,1977477.3918048097,1.0868628654682595,native,rejected
final-3068,caspar64,2,True,38,3.132515528,1977477.3918048097,1.0868628654682595,native,rejected
final-3068,caspar64,2,True,39,3.165028847,1977477.3918048097,1.0868628654682595,native,rejected
final-3068,caspar64,2,True,40,3.189881451,1977460.4945768581,1.0868535783989528,native,accepted
final-3068,caspar64,2,True,40,3.218448908,1977460.4945768693,1.086853578398959,independent_fp64,audited_endpoint
final-3068,rayleigh,2,False,0,0.0,90993342.02434023,50.01184077297893,native,initial
final-3068,rayleigh,2,False,0,0.01806704700000017,90993342.02434023,50.01184077297893,native,setup_complete
final-3068,rayleigh,2,False,1,0.05766704700000017,7960085.908832247,4.375029426936121,native,outer_complete
final-3068,rayleigh,2,False,2,0.11156704700000017,3712537.217442106,2.040487974744426,native,outer_complete
final-3068,rayleigh,2,False,3,0.18576704700000016,2645475.6006922447,1.4540086292822438,native,outer_complete
final-3068,rayleigh,2,False,4,0.23546704700000018,2095554.2628264828,1.1517603792987534,native,outer_complete
final-3068,rayleigh,2,False,5,0.30856704700000015,2030598.7333556486,1.1160594639905659,native,outer_complete
final-3068,rayleigh,2,False,6,0.41376704700000017,1937926.3229100767,1.0651247721533068,native,outer_complete
final-3068,rayleigh,2,False,7,0.4730670470000002,1909344.52664299,1.049415620119602,native,outer_complete
final-3068,rayleigh,2,False,8,0.5222670470000002,1890441.3012917002,1.0390260127556747,native,outer_complete
final-3068,rayleigh,2,False,9,0.5748670470000001,1889174.3934259098,1.0383296937388284,native,outer_complete
final-3068,rayleigh,2,False,10,0.6235670470000002,1875711.1097045757,1.0309299918840191,native,outer_complete
final-3068,rayleigh,2,False,11,0.6731670470000002,1868735.049215378,1.0270958033747644,native,outer_complete
final-3068,rayleigh,2,False,12,0.7233670470000002,1867502.201207727,1.026418204367142,native,outer_complete
final-3068,rayleigh,2,False,13,0.7730670470000002,1862810.962758838,1.0238398017597166,native,outer_complete
final-3068,rayleigh,2,False,14,0.8227670470000001,1861938.6549659425,1.0233603631824233,native,outer_complete
final-3068,rayleigh,2,False,15,0.8730670470000002,1858399.7603270758,1.0214153127946266,native,outer_complete
final-3068,rayleigh,2,False,16,0.9373670470000002,1856472.6746785287,1.0203561462834632,native,outer_complete
final-3068,rayleigh,2,False,17,0.9994670470000002,1855282.3763045475,1.019701933442968,native,outer_complete
final-3068,rayleigh,2,False,18,1.0618670470000002,1854108.9297795126,1.0190569827305307,native,outer_complete
final-3068,rayleigh,2,False,19,1.1731670470000002,1853648.9299655443,1.0188041572276973,native,outer_complete
final-3068,rayleigh,2,False,20,1.2374670470000002,1853232.644011693,1.0185753577751566,native,outer_complete
final-3068,rayleigh,2,False,21,1.300867047,1852876.0372364798,1.0183793592453327,native,outer_complete
final-3068,rayleigh,2,False,22,1.3558670470000003,1852381.0592698613,1.0181073090194377,native,outer_complete
final-3068,rayleigh,2,False,23,1.428067047,1851961.7488195628,1.0178768472404962,native,outer_complete
final-3068,rayleigh,2,False,24,1.5214670470000002,1851084.6284727992,1.0173947635831078,native,outer_complete
final-3068,rayleigh,2,False,25,1.5760670470000002,1850292.8558250263,1.0169595888031966,native,outer_complete
final-3068,rayleigh,2,False,26,1.676067047,1849968.0956528704,1.0167810938313895,native,outer_complete
final-3068,rayleigh,2,False,27,1.7308670470000003,1849431.226789259,1.0164860194938,native,outer_complete
final-3068,rayleigh,2,False,28,1.7953670470000003,1849237.348968264,1.016379460195094,native,outer_complete
final-3068,rayleigh,2,False,29,1.859667047,1848811.7033001347,1.0161455164481494,native,outer_complete
final-3068,rayleigh,2,False,30,1.9657670470000002,1848777.801599036,1.0161268833653374,native,outer_complete
final-3068,rayleigh,2,False,31,2.0153670470000002,1843052.920582658,1.0129803692197337,native,outer_complete
final-3068,rayleigh,2,False,32,2.049967047,1798768.1773968402,0.9886405496723986,native,outer_complete
final-3068,rayleigh,2,False,32,2.049967047,1798768.1773969685,0.9886405496724691,independent_fp64,audited_endpoint
final-3068,caspar64,3,False,0,0.0,90993342.0209937,50.0118407711396,native,initial
final-3068,caspar64,3,False,1,0.073888172,17172531.645294987,9.438381965173917,native,accepted
final-3068,caspar64,3,False,2,0.17377292,7407482.566600199,4.071307091351034,native,accepted
final-3068,caspar64,3,False,3,0.273504677,5020894.438324861,2.7595884226372234,native,accepted
final-3068,caspar64,3,False,4,0.373768035,3831005.037537063,2.1056003623488513,native,accepted
final-3068,caspar64,3,False,5,0.473658962,3117955.7323922594,1.713693575337489,native,accepted
final-3068,caspar64,3,False,6,0.573081189,2635786.8826690437,1.4486835075503592,native,accepted
final-3068,caspar64,3,False,7,0.672435576,2321715.3658916033,1.2760632439249204,native,accepted
final-3068,caspar64,3,False,8,0.776613476,2144049.0103465025,1.1784141051356205,native,accepted
final-3068,caspar64,3,False,9,0.876101593,2144049.0103465025,1.1784141051356205,native,rejected
final-3068,caspar64,3,False,10,0.97538946,2144049.0103465025,1.1784141051356205,native,rejected
final-3068,caspar64,3,False,11,1.074636357,2144049.0103465025,1.1784141051356205,native,rejected
final-3068,caspar64,3,False,12,1.174089444,2144049.0103465025,1.1784141051356205,native,rejected
final-3068,caspar64,3,False,13,1.214453527,2144049.0103465025,1.1784141051356205,native,rejected
final-3068,caspar64,3,False,14,1.255089941,2143116.48732397,1.1779015710107879,native,accepted
final-3068,caspar64,3,False,15,1.295576914,2142509.535646666,1.1775679776954209,native,accepted
final-3068,caspar64,3,False,16,1.336182307,2141695.638703976,1.1771206429410546,native,accepted
final-3068,caspar64,3,False,17,1.388465317,2141050.401319335,1.1767660070015065,native,accepted
final-3068,caspar64,3,False,18,1.436825155,2139296.821140117,1.175802202719186,native,accepted
final-3068,caspar64,3,False,19,1.517443221,2136379.827767402,1.1741989622529436,native,accepted
final-3068,caspar64,3,False,20,1.593155244,2136379.827767402,1.1741989622529436,native,rejected
final-3068,caspar64,3,False,21,1.653657739,2136379.827767402,1.1741989622529436,native,rejected
final-3068,caspar64,3,False,22,1.713703824,2135524.4777107593,1.1737288440015825,native,accepted
final-3068,caspar64,3,False,23,1.779255991,2134125.329141762,1.1729598427329875,native,accepted
final-3068,caspar64,3,False,24,1.855036165,2130932.318085417,1.1712048971844047,native,accepted
final-3068,caspar64,3,False,25,1.954410522,2124468.0345722367,1.1676519919873838,native,accepted
final-3068,caspar64,3,False,26,2.053978379,2112677.574818089,1.1611717091145237,native,accepted
final-3068,caspar64,3,False,27,2.153722186,2098819.5768616158,1.1535550640742083,native,accepted
final-3068,caspar64,3,False,28,2.253181994,2076333.1755548606,1.1411960683862608,native,accepted
final-3068,caspar64,3,False,29,2.352798741,2051720.0558288447,1.127668183847912,native,accepted
final-3068,caspar64,3,False,30,2.452110258,2027147.4461827166,1.1141625644953443,native,accepted
final-3068,caspar64,3,False,31,2.551762355,2006551.996597728,1.1028428753579034,native,accepted
final-3068,caspar64,3,False,32,2.652336723,2001644.3773451236,1.100145545342593,native,accepted
final-3068,caspar64,3,False,33,2.681408879,1977477.3918050358,1.0868628654683836,native,accepted
final-3068,caspar64,3,False,34,2.781385897,1977477.3918050358,1.0868628654683836,native,rejected
final-3068,caspar64,3,False,35,2.881110104,1977477.3918050358,1.0868628654683836,native,rejected
final-3068,caspar64,3,False,36,2.980483941,1977477.3918050358,1.0868628654683836,native,rejected
final-3068,caspar64,3,False,37,3.075973286,1977477.3918050358,1.0868628654683836,native,rejected
final-3068,caspar64,3,False,38,3.139935452,1977477.3918050358,1.0868628654683836,native,rejected
final-3068,caspar64,3,False,39,3.172398921,1977477.3918050358,1.0868628654683836,native,rejected
final-3068,caspar64,3,False,40,3.197229205,1977460.4945770826,1.0868535783990763,native,accepted
final-3068,caspar64,3,False,40,3.226145012,1977460.4945770942,1.0868535783990827,independent_fp64,audited_endpoint
final-3068,rayleigh,3,True,0,0.0,90993342.02434024,50.011840772978935,native,initial
final-3068,rayleigh,3,True,0,0.016267486999999914,90993342.02434024,50.011840772978935,native,setup_complete
final-3068,rayleigh,3,True,1,0.05566748699999991,7960085.908832256,4.375029426936125,native,outer_complete
final-3068,rayleigh,3,True,2,0.11126748699999991,3712537.217442109,2.0404879747444276,native,outer_complete
final-3068,rayleigh,3,True,3,0.18856748699999992,2645475.6006922205,1.4540086292822305,native,outer_complete
final-3068,rayleigh,3,True,4,0.2381674869999999,2095554.2628269768,1.151760379299025,native,outer_complete
final-3068,rayleigh,3,True,5,0.3110674869999999,2030598.7333744506,1.1160594640008998,native,outer_complete
final-3068,rayleigh,3,True,6,0.4154674869999999,1937926.3069416126,1.0651247633767056,native,outer_complete
final-3068,rayleigh,3,True,7,0.4751674869999999,1909343.50845102,1.049415060500035,native,outer_complete
final-3068,rayleigh,3,True,8,0.523867487,1890441.6463732254,1.0390262024196864,native,outer_complete
final-3068,rayleigh,3,True,9,0.576367487,1889186.6477812259,1.0383364289883885,native,outer_complete
final-3068,rayleigh,3,True,10,0.6301674869999999,1875718.733071736,1.030934181845791,native,outer_complete
final-3068,rayleigh,3,True,11,0.6807674869999999,1868755.5412063596,1.027107066200893,native,outer_complete
final-3068,rayleigh,3,True,12,0.7304674869999999,1867525.0909044882,1.0264307850224328,native,outer_complete
final-3068,rayleigh,3,True,13,0.7801674869999999,1862832.5580779111,1.0238516709980026,native,outer_complete
final-3068,rayleigh,3,True,14,0.8320674869999999,1861853.615918789,1.0233136239464407,native,outer_complete
final-3068,rayleigh,3,True,15,0.881767487,1858314.6331879543,1.021368525141459,native,outer_complete
final-3068,rayleigh,3,True,16,0.9458674869999999,1856552.4963019167,1.0204000179144013,native,outer_complete
final-3068,rayleigh,3,True,17,1.0069674869999998,1854411.9438329702,1.019223525581429,native,outer_complete
final-3068,rayleigh,3,True,18,1.0691674869999999,1852951.6265721375,1.0184209047225614,native,outer_complete
final-3068,rayleigh,3,True,19,1.1376674869999999,1852229.294913505,1.0180238961602521,native,outer_complete
final-3068,rayleigh,3,True,20,1.193467487,1851939.1080591707,1.0178644034058317,native,outer_complete
final-3068,rayleigh,3,True,21,1.306667487,1851260.0528744732,1.0174911804972362,native,outer_complete
final-3068,rayleigh,3,True,22,1.362367487,1850875.8655759515,1.0172800231359038,native,outer_complete
final-3068,rayleigh,3,True,23,1.459267487,1850737.2650707155,1.0172038454041632,native,outer_complete
final-3068,rayleigh,3,True,24,1.513567487,1850377.3323133823,1.0170060188451178,native,outer_complete
final-3068,rayleigh,3,True,25,1.568867487,1849962.9136232804,1.016778245679723,native,outer_complete
final-3068,rayleigh,3,True,26,1.625267487,1849894.5928389186,1.0167406951500582,native,outer_complete
final-3068,rayleigh,3,True,27,1.6823674869999998,1849740.9465354688,1.0166562479334538,native,outer_complete
final-3068,rayleigh,3,True,28,1.7387674869999998,1849711.5953948044,1.0166401159336749,native,outer_complete
final-3068,rayleigh,3,True,29,1.7950674869999999,1849644.7469554537,1.0166033746355716,native,outer_complete
final-3068,rayleigh,3,True,30,1.860667487,1849467.179596113,1.0165057799071635,native,outer_complete
final-3068,rayleigh,3,True,31,1.957367487,1849439.748102599,1.016490702985542,native,outer_complete
final-3068,rayleigh,3,True,32,2.0138674869999997,1849408.1101484322,1.016473314105312,native,outer_complete
final-3068,rayleigh,3,True,33,2.0645674869999997,1830444.0731583848,1.0060502833949394,native,outer_complete
final-3068,rayleigh,3,True,34,2.101167487,1806550.4219625618,0.9929178337837256,native,outer_complete
final-3068,rayleigh,3,True,34,2.101167487,1806550.4219624056,0.9929178337836396,independent_fp64,audited_endpoint
final-3068,caspar32,3,True,0,0.0,90345184.0,49.655599588867226,native,initial
final-3068,caspar32,3,True,1,0.03386045,17024498.0,9.35701958268712,native,accepted
final-3068,caspar32,3,True,2,0.081922958,7390955.5,4.0622234704523486,native,accepted
final-3068,caspar32,3,True,3,0.126333413,5017385.0,2.75765956205467,native,accepted
final-3068,caspar32,3,True,4,0.170764419,3829588.0,2.104821528929875,native,accepted
final-3068,caspar32,3,True,5,0.215172844,3119842.5,1.71473058221156,native,accepted
final-3068,caspar32,3,True,6,0.2605161,2637376.0,1.4495569196171905,native,accepted
final-3068,caspar32,3,True,7,0.305111966,2637376.0,1.4495569196171905,native,rejected
final-3068,caspar32,3,True,8,0.349924671,2637376.0,1.4495569196171905,native,rejected
final-3068,caspar32,3,True,9,0.394220907,2637376.0,1.4495569196171905,native,rejected
final-3068,caspar32,3,True,10,0.429120157,2637376.0,1.4495569196171905,native,rejected
final-3068,caspar32,3,True,11,0.450178309,2637376.0,1.4495569196171905,native,rejected
final-3068,caspar32,3,True,12,0.460273385,2637088.0,1.4493986288035752,native,accepted
final-3068,caspar32,3,True,13,0.470298281,2637088.0,1.4493986288035752,native,rejected
final-3068,caspar32,3,True,14,0.480389776,2637033.75,1.4493688118708021,native,accepted
final-3068,caspar32,3,True,15,0.490501912,2636852.25,1.4492690556809715,native,accepted
final-3068,caspar32,3,True,16,0.502517339,2636801.75,1.4492412998265007,native,accepted
final-3068,caspar32,3,True,17,0.512635395,2636591.5,1.4491257420363528,native,accepted
final-3068,caspar32,3,True,18,0.522759101,2636202.5,1.448911939513796,native,accepted
final-3068,caspar32,3,True,19,0.535207688,2636202.5,1.448911939513796,native,rejected
final-3068,caspar32,3,True,20,0.545229713,2636202.5,1.448911939513796,native,rejected
final-3068,caspar32,3,True,21,0.555359179,2636092.75,1.448851618622149,native,accepted
final-3068,caspar32,3,True,22,0.565459125,2635912.75,1.4487526868636393,native,accepted
final-3068,caspar32,3,True,23,0.575465881,2635912.75,1.4487526868636393,native,rejected
final-3068,caspar32,3,True,24,0.588321318,2635872.5,1.448730564623195,native,accepted
final-3068,caspar32,3,True,25,0.598430464,2635782.75,1.4486812361491601,native,accepted
final-3068,caspar32,3,True,26,0.60853996,2635693.75,1.448632319890786,native,accepted
final-3068,caspar32,3,True,27,0.618642066,2635546.0,1.448551113405676,native,accepted
final-3068,caspar32,3,True,28,0.630681813,2635267.25,1.4483979065852062,native,accepted
final-3068,caspar32,3,True,29,0.64300541,2635066.0,1.4482872953829837,native,accepted
final-3068,caspar32,3,True,30,0.653102715,2634906.5,1.4481996308525265,native,accepted
final-3068,caspar32,3,True,31,0.665099122,2634623.75,1.4480442255485344,native,accepted
final-3068,caspar32,3,True,32,0.677095469,2634349.75,1.4478936294272473,native,accepted
final-3068,caspar32,3,True,33,0.693012208,2634082.0,1.4477464684364643,native,accepted
final-3068,caspar32,3,True,34,0.704941505,2634082.0,1.4477464684364643,native,rejected
final-3068,caspar32,3,True,35,0.714947921,2634082.0,1.4477464684364643,native,rejected
final-3068,caspar32,3,True,35,0.724935027,2646082.2895632307,1.4543420781537708,independent_fp64,audited_endpoint
ladybug-49,rayleigh,1,True,0,0.0,850912.4606413029,62.09081754271066,native,initial
ladybug-49,rayleigh,1,True,0,0.016819219000000003,850912.4606413029,62.09081754271066,native,setup_complete
ladybug-49,rayleigh,1,True,1,0.021519219000000003,39707.8244620618,2.8974675982929052,native,outer_complete
ladybug-49,rayleigh,1,True,2,0.024119219000000004,25253.9832060703,1.8427752982874563,native,outer_complete
ladybug-49,rayleigh,1,True,3,0.029519219000000003,18872.10742777,1.3770918080820778,native,outer_complete
ladybug-49,rayleigh,1,True,4,0.031119219000000004,15538.1027956489,1.1338105272514194,native,outer_complete
ladybug-49,rayleigh,1,True,5,0.033919219,14231.7690579794,1.0384877608009278,native,outer_complete
ladybug-49,rayleigh,1,True,6,0.041319219000000004,13937.178342074,1.0169915679055115,native,outer_complete
ladybug-49,rayleigh,1,True,7,0.04771921900000001,13923.1833144179,1.0159703550911579,native,outer_complete
ladybug-49,rayleigh,1,True,8,0.050919219,13655.0171401325,0.9964023527773446,native,outer_complete
ladybug-49,rayleigh,1,True,8,0.050919219,13655.017140132482,0.9964023527773432,independent_fp64,audited_endpoint
ladybug-49,caspar32,1,False,0,0.0,850885.5,62.08885023310197,native,initial
ladybug-49,caspar32,1,False,1,0.004888833,78227.7265625,5.708252871408804,native,accepted
ladybug-49,caspar32,1,False,2,0.006859894,33626.4140625,2.4537089733023265,native,accepted
ladybug-49,caspar32,1,False,3,0.009032845,28035.93359375,2.045773352639734,native,accepted
ladybug-49,caspar32,1,False,4,0.011316867,24996.052734375,1.8239541920074187,native,accepted
ladybug-49,caspar32,1,False,5,0.013508468,22402.23828125,1.6346843582724058,native,accepted
ladybug-49,caspar32,1,False,6,0.015639099,19684.9765625,1.4364066159679358,native,accepted
ladybug-49,caspar32,1,False,7,0.017808011,17240.57421875,1.258039337373416,native,accepted
ladybug-49,caspar32,1,False,8,0.019919582,15645.146484375,1.1416214719175508,native,accepted
ladybug-49,caspar32,1,False,9,0.022027273,14716.0498046875,1.0738255762333613,native,accepted
ladybug-49,caspar32,1,False,10,0.024151744,14272.2578125,1.0414422126226526,native,accepted
ladybug-49,caspar32,1,False,11,0.026359406,14089.6201171875,1.0281151968124447,native,accepted
ladybug-49,caspar32,1,False,12,0.028629237,13965.9619140625,1.0190918961992332,native,accepted
ladybug-49,caspar32,1,False,13,0.030770628,13899.869140625,1.0142691270822943,native,accepted
ladybug-49,caspar32,1,False,14,0.032863569,13863.728515625,1.0116319569190282,native,accepted
ladybug-49,caspar32,1,False,15,0.03504262,13789.9775390625,1.0062503711024475,native,accepted
ladybug-49,caspar32,1,False,16,0.039638263,13740.6669921875,1.0026521958369927,native,accepted
ladybug-49,caspar32,1,False,17,0.041800304,13730.4921875,1.001909743504225,native,accepted
ladybug-49,caspar32,1,False,18,0.043961926,13724.6953125,1.0014867473388243,native,accepted
ladybug-49,caspar32,1,False,19,0.046056997,13720.1787109375,1.0011571723278778,native,accepted
ladybug-49,caspar32,1,False,20,0.048231828,13716.8974609375,1.0009177405361416,native,accepted
ladybug-49,caspar32,1,False,21,0.050330149,13713.0400390625,1.0006362656619279,native,accepted
ladybug-49,caspar32,1,False,22,0.05249043,13710.2763671875,1.0004346013849597,native,accepted
ladybug-49,caspar32,1,False,23,0.054683922,13707.068359375,1.0002005140528605,native,accepted
ladybug-49,caspar32,1,False,24,0.056885723,13704.8994140625,1.0000422467881442,native,accepted
ladybug-49,caspar32,1,False,25,0.059070874,13701.9296875,0.9998255467647307,native,accepted
ladybug-49,caspar32,1,False,26,0.061165666,13699.8662109375,0.9996749755218918,native,accepted
ladybug-49,caspar32,1,False,27,0.063274197,13697.2353515625,0.9994830025317318,native,accepted
ladybug-49,caspar32,1,False,28,0.065401948,13695.3916015625,0.9993484646678039,native,accepted
ladybug-49,caspar32,1,False,29,0.067509359,13692.931640625,0.9991689620834635,native,accepted
ladybug-49,caspar32,1,False,30,0.06968534,13691.177734375,0.9990409800900236,native,accepted
ladybug-49,caspar32,1,False,31,0.072080392,13688.833984375,0.9988699573816406,native,accepted
ladybug-49,caspar32,1,False,31,0.072082892,13688.843455636075,0.9988706484966149,independent_fp64,audited_endpoint
ladybug-49,caspar64,1,False,0,0.0,850912.4606412717,62.090817542708386,native,initial
ladybug-49,caspar64,1,False,1,0.006616774,78225.33563614667,5.708078406256594,native,accepted
ladybug-49,caspar64,1,False,2,0.010634697,33626.22713582067,2.453695333320687,native,accepted
ladybug-49,caspar64,1,False,3,0.015181109,28035.987668940077,2.0457772984895315,native,accepted
ladybug-49,caspar64,1,False,4,0.019847022,24996.096619041113,1.8239573942578529,native,accepted
ladybug-49,caspar64,1,False,5,0.024681845,22402.28910117095,1.6346880665862278,native,accepted
ladybug-49,caspar64,1,False,6,0.029387597,19685.015973050453,1.4364094917435422,native,accepted
ladybug-49,caspar64,1,False,7,0.03396494,17240.643724314563,1.2580444091728398,native,accepted
ladybug-49,caspar64,1,False,8,0.038515543,15645.15304598415,1.1416219507161294,native,accepted
ladybug-49,caspar64,1,False,9,0.043080345,14716.042645970125,1.0738250538639815,native,accepted
ladybug-49,caspar64,1,False,10,0.047597228,14272.300747605068,1.0414453455839128,native,accepted
ladybug-49,caspar64,1,False,11,0.05217125,14089.621585833384,1.0281153039790778,native,accepted
ladybug-49,caspar64,1,False,12,0.056701913,13965.449079672164,1.0190544748333081,native,accepted
ladybug-49,caspar64,1,False,13,0.061301156,13898.774772257368,1.014189271362955,native,accepted
ladybug-49,caspar64,1,False,14,0.065806718,13862.643551765776,1.011552787443742,native,accepted
ladybug-49,caspar64,1,False,15,0.072063422,13799.733104336956,1.0069622316656668,native,accepted
ladybug-49,caspar64,1,False,16,0.077082105,13740.210213088976,1.0026188648082728,native,accepted
ladybug-49,caspar64,1,False,17,0.081626277,13730.116695721033,1.0018823439859255,native,accepted
ladybug-49,caspar64,1,False,18,0.0861721,13724.344331270662,1.0014611363477062,native,accepted
ladybug-49,caspar64,1,False,19,0.090725343,13719.359497225794,1.0010973945581838,native,accepted
ladybug-49,caspar64,1,False,20,0.095310845,13715.70111402228,1.0008304434739095,native,accepted
ladybug-49,caspar64,1,False,21,0.099963868,13711.453298751492,1.0005204817150526,native,accepted
ladybug-49,caspar64,1,False,22,0.104544581,13708.09834251881,1.0002756716024468,native,accepted
ladybug-49,caspar64,1,False,23,0.109112273,13704.64989408802,1.0000240393932296,native,accepted
ladybug-49,caspar64,1,False,24,0.113855696,13702.253908382516,0.999849205061666,native,accepted
ladybug-49,caspar64,1,False,24,0.113858596,13702.253908382527,0.9998492050616667,independent_fp64,audited_endpoint
ladybug-49,caspar32,2,True,0,0.0,850885.5,62.08885023310197,native,initial
ladybug-49,caspar32,2,True,1,0.004838973,78227.71875,5.7082523013331095,native,accepted
ladybug-49,caspar32,2,True,2,0.006945674,33626.4140625,2.4537089733023265,native,accepted
ladybug-49,caspar32,2,True,3,0.009347135,28035.931640625,2.04577321012081,native,accepted
ladybug-49,caspar32,2,True,4,0.011826967,24996.044921875,1.823953621931724,native,accepted
ladybug-49,caspar32,2,True,5,0.014290078,22402.24609375,1.6346849283481002,native,accepted
ladybug-49,caspar32,2,True,6,0.01676233,19684.96875,1.4364060458922412,native,accepted
ladybug-49,caspar32,2,True,7,0.019241471,17240.5703125,1.2580390523355687,native,accepted
ladybug-49,caspar32,2,True,8,0.021681822,15645.1240234375,1.141619832949929,native,accepted
ladybug-49,caspar32,2,True,9,0.024104284,14716.0400390625,1.073824863638743,native,accepted
ladybug-49,caspar32,2,True,10,0.026522315,14272.263671875,1.0414426401794237,native,accepted
ladybug-49,caspar32,2,True,11,0.028927167,14089.6279296875,1.0281157668881393,native,accepted
ladybug-49,caspar32,2,True,12,0.031343088,13966.6279296875,1.0191404951521987,native,accepted
ladybug-49,caspar32,2,True,13,0.033730549,13901.2734375,1.0143715981884003,native,accepted
ladybug-49,caspar32,2,True,14,0.036131921,13864.8369140625,1.011712836408201,native,accepted
ladybug-49,caspar32,2,True,15,0.038539192,13785.6826171875,1.0059369719893358,native,accepted
ladybug-49,caspar32,2,True,16,0.040941493,13741.205078125,1.002691459800459,native,accepted
ladybug-49,caspar32,2,True,17,0.043403485,13730.822265625,1.0019338292023223,native,accepted
ladybug-49,caspar32,2,True,18,0.045878416,13724.9658203125,1.0015064862097502,native,accepted
ladybug-49,caspar32,2,True,19,0.048330788,13720.57421875,1.0011860324099175,native,accepted
ladybug-49,caspar32,2,True,20,0.050744289,13717.296875,1.0009468856560286,native,accepted
ladybug-49,caspar32,2,True,21,0.053187521,13713.3232421875,1.0006569309058575,native,accepted
ladybug-49,caspar32,2,True,22,0.055616702,13710.474609375,1.0004490670557105,native,accepted
ladybug-49,caspar32,2,True,23,0.058020803,13707.224609375,1.0002119155667526,native,accepted
ladybug-49,caspar32,2,True,24,0.060438715,13705.0087890625,1.000050227847869,native,accepted
ladybug-49,caspar32,2,True,25,0.062800296,13701.90234375,0.9998235514997995,native,accepted
ladybug-49,caspar32,2,True,26,0.065158327,13699.630859375,0.9996578019915917,native,accepted
ladybug-49,caspar32,2,True,27,0.067585039,13697.1767578125,0.9994787269640223,native,accepted
ladybug-49,caspar32,2,True,28,0.07007222,13695.46484375,0.9993538091274409,native,accepted
ladybug-49,caspar32,2,True,29,0.072500232,13692.7265625,0.99915399759648,native,accepted
ladybug-49,caspar32,2,True,30,0.074915653,13690.8642578125,0.9990181058027774,native,accepted
ladybug-49,caspar32,2,True,31,0.077370344,13688.7421875,0.9988632589922289,native,accepted
ladybug-49,caspar32,2,True,31,0.077373174,13688.755283441504,0.9988642145990064,independent_fp64,audited_endpoint
ladybug-49,caspar64,2,True,0,0.0,850912.4606412717,62.090817542708386,native,initial
ladybug-49,caspar64,2,True,1,0.005517303,78225.3356361467,5.708078406256597,native,accepted
ladybug-49,caspar64,2,True,2,0.009320885,33626.22713582067,2.453695333320687,native,accepted
ladybug-49,caspar64,2,True,3,0.013851748,28035.987668940088,2.0457772984895324,native,accepted
ladybug-49,caspar64,2,True,4,0.01837408,24996.096619041116,1.823957394257853,native,accepted
ladybug-49,caspar64,2,True,5,0.022888843,22402.28910117096,1.6346880665862287,native,accepted
ladybug-49,caspar64,2,True,6,0.027423945,19685.015973050482,1.4364094917435442,native,accepted
ladybug-49,caspar64,2,True,7,0.031950888,17240.643724314566,1.25804440917284,native,accepted
ladybug-49,caspar64,2,True,8,0.036470671,15645.15304598418,1.1416219507161316,native,accepted
ladybug-49,caspar64,2,True,9,0.040990753,14716.04264597012,1.073825053863981,native,accepted
ladybug-49,caspar64,2,True,10,0.045495926,14272.300747604997,1.0414453455839077,native,accepted
ladybug-49,caspar64,2,True,11,0.049997089,14089.621585833376,1.0281153039790774,native,accepted
ladybug-49,caspar64,2,True,12,0.054498901,13965.449079672517,1.019054474833334,native,accepted
ladybug-49,caspar64,2,True,13,0.058998504,13898.774772258537,1.0141892713630405,native,accepted
ladybug-49,caspar64,2,True,14,0.063499726,13862.643551766872,1.011552787443822,native,accepted
ladybug-49,caspar64,2,True,15,0.068012799,13799.73310433088,1.0069622316652234,native,accepted
ladybug-49,caspar64,2,True,16,0.072528302,13740.21021308922,1.0026188648082905,native,accepted
ladybug-49,caspar64,2,True,17,0.077270064,13730.116695721119,1.0018823439859317,native,accepted
ladybug-49,caspar64,2,True,18,0.081970347,13724.344331270368,1.0014611363476849,native,accepted
ladybug-49,caspar64,2,True,19,0.086555059,13719.35949722591,1.0010973945581922,native,accepted
ladybug-49,caspar64,2,True,20,0.091132972,13715.70111402267,1.000830443473938,native,accepted
ladybug-49,caspar64,2,True,21,0.095742795,13711.45329875163,1.0005204817150628,native,accepted
ladybug-49,caspar64,2,True,22,0.100312898,13708.098342518835,1.0002756716024488,native,accepted
ladybug-49,caspar64,2,True,23,0.104848,13704.649894088308,1.0000240393932507,native,accepted
ladybug-49,caspar64,2,True,24,0.109443333,13702.25390838315,0.9998492050617124,native,accepted
ladybug-49,caspar64,2,True,24,0.109446153,13702.253908383158,0.9998492050617128,independent_fp64,audited_endpoint
ladybug-49,rayleigh,2,False,0,0.0,850912.4606413026,62.090817542710646,native,initial
ladybug-49,rayleigh,2,False,0,0.01910522,850912.4606413026,62.090817542710646,native,setup_complete
ladybug-49,rayleigh,2,False,1,0.023905219999999998,39707.8244620618,2.8974675982929052,native,outer_complete
ladybug-49,rayleigh,2,False,2,0.02660522,25253.9832060702,1.8427752982874488,native,outer_complete
ladybug-49,rayleigh,2,False,3,0.03150522,18872.10742777,1.3770918080820778,native,outer_complete
ladybug-49,rayleigh,2,False,4,0.03290522,15538.1027956489,1.1338105272514194,native,outer_complete
ladybug-49,rayleigh,2,False,5,0.03490522,14231.7690579794,1.0384877608009278,native,outer_complete
ladybug-49,rayleigh,2,False,6,0.04230522,13937.1783420746,1.0169915679055552,native,outer_complete
ladybug-49,rayleigh,2,False,7,0.04910522,13923.1833144376,1.0159703550925954,native,outer_complete
ladybug-49,rayleigh,2,False,8,0.05140522,13655.0171401254,0.9964023527768264,native,outer_complete
ladybug-49,rayleigh,2,False,8,0.05140522,13655.017140125407,0.996402352776827,independent_fp64,audited_endpoint
ladybug-49,caspar64,3,False,0,0.0,850912.4606412719,62.0908175427084,native,initial
ladybug-49,caspar64,3,False,1,0.005572483,78225.33563614674,5.7080784062565995,native,accepted
ladybug-49,caspar64,3,False,2,0.008985185,33626.22713582068,2.4536953333206872,native,accepted
ladybug-49,caspar64,3,False,3,0.013003467,28035.987668940077,2.0457772984895315,native,accepted
ladybug-49,caspar64,3,False,4,0.01708745,24996.096619041113,1.8239573942578529,native,accepted
ladybug-49,caspar64,3,False,5,0.021118362,22402.28910117096,1.6346880665862287,native,accepted
ladybug-49,caspar64,3,False,6,0.025181434,19685.01597305047,1.4364094917435435,native,accepted
ladybug-49,caspar64,3,False,7,0.029223446,17240.643724314537,1.258044409172838,native,accepted
ladybug-49,caspar64,3,False,8,0.033263729,15645.15304598414,1.1416219507161285,native,accepted
ladybug-49,caspar64,3,False,9,0.037302361,14716.042645970138,1.0738250538639824,native,accepted
ladybug-49,caspar64,3,False,10,0.041324464,14272.30074760505,1.0414453455839114,native,accepted
ladybug-49,caspar64,3,False,11,0.045345936,14089.621585833389,1.0281153039790782,native,accepted
ladybug-49,caspar64,3,False,12,0.049369248,13965.449079672459,1.0190544748333297,native,accepted
ladybug-49,caspar64,3,False,13,0.05338102,13898.774772257808,1.0141892713629872,native,accepted
ladybug-49,caspar64,3,False,14,0.057402473,13862.643551766134,1.011552787443768,native,accepted
ladybug-49,caspar64,3,False,15,0.061440935,13799.7331043363,1.0069622316656188,native,accepted
ladybug-49,caspar64,3,False,16,0.065469247,13740.210213089063,1.0026188648082792,native,accepted
ladybug-49,caspar64,3,False,17,0.06949456,13730.116695721004,1.0018823439859235,native,accepted
ladybug-49,caspar64,3,False,18,0.076546744,13724.34433127058,1.0014611363477002,native,accepted
ladybug-49,caspar64,3,False,19,0.080569776,13719.359497225827,1.0010973945581862,native,accepted
ladybug-49,caspar64,3,False,20,0.084588188,13715.701114022377,1.0008304434739166,native,accepted
ladybug-49,caspar64,3,False,21,0.088646171,13711.453298751607,1.000520481715061,native,accepted
ladybug-49,caspar64,3,False,22,0.092699363,13708.0983425189,1.0002756716024535,native,accepted
ladybug-49,caspar64,3,False,23,0.096746855,13704.649894088072,1.0000240393932334,native,accepted
ladybug-49,caspar64,3,False,24,0.100826338,13702.253908382672,0.9998492050616774,native,accepted
ladybug-49,caspar64,3,False,24,0.100832338,13702.253908382678,0.9998492050616778,independent_fp64,audited_endpoint
ladybug-49,rayleigh,3,False,0,0.0,850912.4606413029,62.09081754271066,native,initial
ladybug-49,rayleigh,3,False,0,0.015849717,850912.4606413029,62.09081754271066,native,setup_complete
ladybug-49,rayleigh,3,False,1,0.020849717,39707.8244620618,2.8974675982929052,native,outer_complete
ladybug-49,rayleigh,3,False,2,0.023549716999999998,25253.9832060702,1.8427752982874488,native,outer_complete
ladybug-49,rayleigh,3,False,3,0.028349717,18872.10742777,1.3770918080820778,native,outer_complete
ladybug-49,rayleigh,3,False,4,0.029749717,15538.1027956489,1.1338105272514194,native,outer_complete
ladybug-49,rayleigh,3,False,5,0.031749717,14231.7690579794,1.0384877608009278,native,outer_complete
ladybug-49,rayleigh,3,False,6,0.039049717,13937.1783420741,1.0169915679055188,native,outer_complete
ladybug-49,rayleigh,3,False,7,0.045349717,13923.1833143923,1.0159703550892898,native,outer_complete
ladybug-49,rayleigh,3,False,8,0.047849717,13655.0171401513,0.9964023527787164,native,outer_complete
ladybug-49,rayleigh,3,False,8,0.047849717,13655.017140151263,0.9964023527787137,independent_fp64,audited_endpoint
ladybug-49,caspar32,3,False,0,0.0,850885.4375,62.08884567249642,native,initial
ladybug-49,caspar32,3,False,1,0.005296283,78227.6484375,5.708247170651857,native,accepted
ladybug-49,caspar32,3,False,2,0.007212634,33626.421875,2.453709543378021,native,accepted
ladybug-49,caspar32,3,False,3,0.009332035,28035.931640625,2.04577321012081,native,accepted
ladybug-49,caspar32,3,False,4,0.011496056,24996.046875,1.8239537644506478,native,accepted
ladybug-49,caspar32,3,False,5,0.013653057,22402.24609375,1.6346849283481002,native,accepted
ladybug-49,caspar32,3,False,6,0.015842969,19684.97265625,1.4364063309300885,native,accepted
ladybug-49,caspar32,3,False,7,0.018021,17240.576171875,1.2580394798923398,native,accepted
ladybug-49,caspar32,3,False,8,0.020106531,15645.1484375,1.1416216144364746,native,accepted
ladybug-49,caspar32,3,False,9,0.022277413,14716.033203125,1.0738243648225103,native,accepted
ladybug-49,caspar32,3,False,10,0.024506714,14272.248046875,1.0414415000280344,native,accepted
ladybug-49,caspar32,3,False,11,0.027041335,14089.609375,1.0281144129583646,native,accepted
ladybug-49,caspar32,3,False,12,0.029743357,13966.1123046875,1.0191028701563545,native,accepted
ladybug-49,caspar32,3,False,13,0.032026138,13900.0361328125,1.0142813124502665,native,accepted
ladybug-49,caspar32,3,False,14,0.034295059,13863.7392578125,1.0116327407731083,native,accepted
ladybug-49,caspar32,3,False,15,0.036443681,13863.7392578125,1.0116327407731083,native,rejected
ladybug-49,caspar32,3,False,16,0.038761852,13863.7392578125,1.0116327407731083,native,rejected
ladybug-49,caspar32,3,False,17,0.041053393,13863.7392578125,1.0116327407731083,native,rejected
ladybug-49,caspar32,3,False,18,0.043976275,13863.7392578125,1.0116327407731083,native,rejected
ladybug-49,caspar32,3,False,19,0.046736427,13863.7392578125,1.0116327407731083,native,rejected
ladybug-49,caspar32,3,False,20,0.049107078,13837.2880859375,1.0097026069900823,native,accepted
ladybug-49,caspar32,3,False,21,0.051526779,13825.2998046875,1.0088278258367032,native,accepted
ladybug-49,caspar32,3,False,22,0.053837811,13798.771484375,1.006892062556193,native,accepted
ladybug-49,caspar32,3,False,23,0.055983042,13787.7021484375,1.0060843365563925,native,accepted
ladybug-49,caspar32,3,False,24,0.058077853,13777.3974609375,1.0053324067152019,native,accepted
ladybug-49,caspar32,3,False,25,0.060661684,13768.083984375,1.0046528052277648,native,accepted
ladybug-49,caspar32,3,False,26,0.062909416,13758.9296875,1.0039848190326055,native,accepted
ladybug-49,caspar32,3,False,27,0.065038337,13751.3505859375,1.003431774349372,native,accepted
ladybug-49,caspar32,3,False,28,0.067182428,13751.3505859375,1.003431774349372,native,rejected
ladybug-49,caspar32,3,False,29,0.06937186,13751.3505859375,1.003431774349372,native,rejected
ladybug-49,caspar32,3,False,30,0.071651171,13751.3505859375,1.003431774349372,native,rejected
ladybug-49,caspar32,3,False,31,0.074482152,13751.3505859375,1.003431774349372,native,rejected
ladybug-49,caspar32,3,False,32,0.076686084,13743.0146484375,1.002823503583223,native,accepted
ladybug-49,caspar32,3,False,33,0.078983465,13738.9609375,1.0025277055571822,native,accepted
ladybug-49,caspar32,3,False,34,0.081530707,13734.84765625,1.0022275607039701,native,accepted
ladybug-49,caspar32,3,False,35,0.084377298,13731.203125,1.0019616203924344,native,accepted
ladybug-49,caspar32,3,False,36,0.086601549,13727.728515625,1.0017080792272566,native,accepted
ladybug-49,caspar32,3,False,37,0.088787561,13724.478515625,1.001470927738299,native,accepted
ladybug-49,caspar32,3,False,38,0.091122252,13716.01171875,1.0008531082042653,native,accepted
ladybug-49,caspar32,3,False,39,0.093464223,13711.0732421875,1.00049274910581,native,accepted
ladybug-49,caspar32,3,False,40,0.095550164,13711.0732421875,1.00049274910581,native,rejected
ladybug-49,caspar32,3,False,41,0.097960726,13711.0732421875,1.00049274910581,native,rejected
ladybug-49,caspar32,3,False,42,0.101442808,13711.0732421875,1.00049274910581,native,rejected
ladybug-49,caspar32,3,False,43,0.10463623,13711.0732421875,1.00049274910581,native,rejected
ladybug-49,caspar32,3,False,44,0.106774911,13711.0732421875,1.00049274910581,native,rejected
ladybug-49,caspar32,3,False,45,0.108990832,13709.0517578125,1.0003452420198296,native,accepted
ladybug-49,caspar32,3,False,46,0.111132344,13707.99609375,1.0002682105415954,native,accepted
ladybug-49,caspar32,3,False,47,0.113597885,13706.517578125,1.0001603237163905,native,accepted
ladybug-49,caspar32,3,False,48,0.116103846,13705.23828125,1.000066973821398,native,accepted
ladybug-49,caspar32,3,False,49,0.118419068,13705.23828125,1.000066973821398,native,rejected
ladybug-49,caspar32,3,False,50,0.120585999,13705.23828125,1.000066973821398,native,rejected
ladybug-49,caspar32,3,False,51,0.12269634,13705.23828125,1.000066973821398,native,rejected
ladybug-49,caspar32,3,False,52,0.125035772,13703.8369140625,0.9999647164936774,native,accepted
ladybug-49,caspar32,3,False,53,0.127324483,13703.046875,0.9999070675890599,native,accepted
ladybug-49,caspar32,3,False,54,0.129637904,13701.595703125,0.999801176028786,native,accepted
ladybug-49,caspar32,3,False,55,0.131879176,13700.501953125,0.9997213654315407,native,accepted
ladybug-49,caspar32,3,False,56,0.134125037,13699.3720703125,0.9996389182342077,native,accepted
ladybug-49,caspar32,3,False,57,0.136305048,13698.1787109375,0.999551839171856,native,accepted
ladybug-49,caspar32,3,False,58,0.138533489,13696.7587890625,0.9994482279143606,native,accepted
ladybug-49,caspar32,3,False,59,0.140733001,13695.3583984375,0.9993460418461018,native,accepted
ladybug-49,caspar32,3,False,60,0.143428182,13695.3583984375,0.9993460418461018,native,rejected
ladybug-49,caspar32,3,False,61,0.145802623,13695.3583984375,0.9993460418461018,native,rejected
ladybug-49,caspar32,3,False,62,0.147992875,13695.3583984375,0.9993460418461018,native,rejected
ladybug-49,caspar32,3,False,63,0.150411856,13695.3583984375,0.9993460418461018,native,rejected
ladybug-49,caspar32,3,False,64,0.152758597,13693.4755859375,0.9992086536037008,native,accepted
ladybug-49,caspar32,3,False,65,0.154922029,13692.4189453125,0.9991315508660048,native,accepted
ladybug-49,caspar32,3,False,66,0.15711924,13692.4189453125,0.9991315508660048,native,rejected
ladybug-49,caspar32,3,False,67,0.159309781,13692.4189453125,0.9991315508660048,native,rejected
ladybug-49,caspar32,3,False,68,0.161490942,13692.4189453125,0.9991315508660048,native,rejected
ladybug-49,caspar32,3,False,69,0.163707784,13691.7626953125,0.9990836645076575,native,accepted
ladybug-49,caspar32,3,False,70,0.165952505,13690.9521484375,0.9990245191543418,native,accepted
ladybug-49,caspar32,3,False,71,0.168216786,13690.3544921875,0.9989809083637041,native,accepted
ladybug-49,caspar32,3,False,71,0.168220226,13690.350552996077,0.9989806209221314,independent_fp64,audited_endpoint
trafalgar-126,rayleigh,1,False,0,0.0,15080988.133703955,142.8400034387676,native,initial
trafalgar-126,rayleigh,1,False,0,0.036040648999999994,15080988.133703955,142.8400034387676,native,setup_complete
trafalgar-126,rayleigh,1,False,1,0.042940649,683116.8953101777,6.470160894637669,native,outer_complete
trafalgar-126,rayleigh,1,False,2,0.04934064899999999,170283.7599962985,1.6128474240410164,native,outer_complete
trafalgar-126,rayleigh,1,False,3,0.06304064899999999,121802.1893028335,1.1536528631027498,native,outer_complete
trafalgar-126,rayleigh,1,False,4,0.08104064899999999,109860.5651902659,1.0405474343217587,native,outer_complete
trafalgar-126,rayleigh,1,False,5,0.12934064899999997,107149.0399105484,1.0148651463413338,native,outer_complete
trafalgar-126,rayleigh,1,False,6,0.151540649,105706.1362015071,1.0011986432624902,native,outer_complete
trafalgar-126,rayleigh,1,False,7,0.156340649,105234.2505143985,0.9967291646996991,native,outer_complete
trafalgar-126,rayleigh,1,False,7,0.156340649,105234.25051439856,0.9967291646996996,independent_fp64,audited_endpoint
trafalgar-126,caspar32,1,True,0,0.0,15080566.0,142.83600518751314,native,initial
trafalgar-126,caspar32,1,True,1,0.005632783,1866519.5,17.67879196209177,native,accepted
trafalgar-126,caspar32,1,True,2,0.010618856,535725.4375,5.074138554868083,native,accepted
trafalgar-126,caspar32,1,True,3,0.015254049,273931.84375,2.594553165637154,native,accepted
trafalgar-126,caspar32,1,True,4,0.019888701,172930.09375,1.6379122486485012,native,accepted
trafalgar-126,caspar32,1,True,5,0.024534674,139329.984375,1.319667867304425,native,accepted
trafalgar-126,caspar32,1,True,6,0.029176577,128275.6171875,1.2149661174537614,native,accepted
trafalgar-126,caspar32,1,True,7,0.033806669,123642.53125,1.171083713636627,native,accepted
trafalgar-126,caspar32,1,True,8,0.038451382,121359.5234375,1.149460140904053,native,accepted
trafalgar-126,caspar32,1,True,9,0.043105415,119439.328125,1.1312729569736033,native,accepted
trafalgar-126,caspar32,1,True,10,0.047780457,118353.828125,1.1209916131811324,native,accepted
trafalgar-126,caspar32,1,True,11,0.05237928,118353.828125,1.1209916131811324,native,rejected
trafalgar-126,caspar32,1,True,12,0.057536453,118353.828125,1.1209916131811324,native,rejected
trafalgar-126,caspar32,1,True,13,0.062137886,118353.828125,1.1209916131811324,native,rejected
trafalgar-126,caspar32,1,True,14,0.066783578,116539.875,1.1038107051189014,native,accepted
trafalgar-126,caspar32,1,True,15,0.071434551,116028.71875,1.0989692743147375,native,accepted
trafalgar-126,caspar32,1,True,16,0.076066354,116028.71875,1.0989692743147375,native,rejected
trafalgar-126,caspar32,1,True,17,0.080689886,116028.71875,1.0989692743147375,native,rejected
trafalgar-126,caspar32,1,True,18,0.085316909,116028.71875,1.0989692743147375,native,rejected
trafalgar-126,caspar32,1,True,19,0.090019852,115534.734375,1.094290487407797,native,accepted
trafalgar-126,caspar32,1,True,20,0.094700444,115232.5859375,1.0914286799805328,native,accepted
trafalgar-126,caspar32,1,True,21,0.099402377,114533.90625,1.0848111156617823,native,accepted
trafalgar-126,caspar32,1,True,22,0.10406068,114132.8359375,1.081012366912113,native,accepted
trafalgar-126,caspar32,1,True,23,0.108712372,114132.8359375,1.081012366912113,native,rejected
trafalgar-126,caspar32,1,True,24,0.113366205,114132.8359375,1.081012366912113,native,rejected
trafalgar-126,caspar32,1,True,25,0.118041608,114132.8359375,1.081012366912113,native,rejected
trafalgar-126,caspar32,1,True,26,0.12272588,113510.0859375,1.0751139727649355,native,accepted
trafalgar-126,caspar32,1,True,27,0.127424503,113303.265625,1.0731550683558349,native,accepted
trafalgar-126,caspar32,1,True,28,0.132107796,113061.3984375,1.0708642164840656,native,accepted
trafalgar-126,caspar32,1,True,29,0.136820079,112818.6875,1.068565373010431,native,accepted
trafalgar-126,caspar32,1,True,30,0.141492651,112818.6875,1.068565373010431,native,rejected
trafalgar-126,caspar32,1,True,31,0.146181764,112818.6875,1.068565373010431,native,rejected
trafalgar-126,caspar32,1,True,32,0.150863456,112818.6875,1.068565373010431,native,rejected
trafalgar-126,caspar32,1,True,33,0.155525339,112382.3828125,1.0644329008865674,native,accepted
trafalgar-126,caspar32,1,True,34,0.160175512,112228.6640625,1.0629769494207921,native,accepted
trafalgar-126,caspar32,1,True,35,0.164831635,112053.5390625,1.0613182480558392,native,accepted
trafalgar-126,caspar32,1,True,36,0.169448537,111861.484375,1.0594991966793832,native,accepted
trafalgar-126,caspar32,1,True,37,0.17409428,111605.2734375,1.057072487575902,native,accepted
trafalgar-126,caspar32,1,True,38,0.178760873,111415.6484375,1.0552764490529658,native,accepted
trafalgar-126,caspar32,1,True,39,0.183395595,111415.6484375,1.0552764490529658,native,rejected
trafalgar-126,caspar32,1,True,40,0.188025268,111415.6484375,1.0552764490529658,native,rejected
trafalgar-126,caspar32,1,True,41,0.1926595,111415.6484375,1.0552764490529658,native,rejected
trafalgar-126,caspar32,1,True,42,0.197294123,111415.6484375,1.0552764490529658,native,rejected
trafalgar-126,caspar32,1,True,43,0.201996926,111188.0390625,1.0531206404534592,native,accepted
trafalgar-126,caspar32,1,True,44,0.206700109,111072.6171875,1.0520274189167973,native,accepted
trafalgar-126,caspar32,1,True,45,0.211401571,110842.96875,1.0498522972794493,native,accepted
trafalgar-126,caspar32,1,True,46,0.216089114,110690.75,1.0484105531058794,native,accepted
trafalgar-126,caspar32,1,True,47,0.220777947,110523.5234375,1.0468266620139444,native,accepted
trafalgar-126,caspar32,1,True,48,0.225614369,110388.5390625,1.0455481537081066,native,accepted
trafalgar-126,caspar32,1,True,49,0.230251232,110388.5390625,1.0455481537081066,native,rejected
trafalgar-126,caspar32,1,True,50,0.234889475,110388.5390625,1.0455481537081066,native,rejected
trafalgar-126,caspar32,1,True,51,0.239552438,110388.5390625,1.0455481537081066,native,rejected
trafalgar-126,caspar32,1,True,52,0.24421617,110388.5390625,1.0455481537081066,native,rejected
trafalgar-126,caspar32,1,True,53,0.248926443,110324.546875,1.0449420499036666,native,accepted
trafalgar-126,caspar32,1,True,54,0.253615086,110249.5390625,1.0442316112970946,native,accepted
trafalgar-126,caspar32,1,True,55,0.258607548,110172.3515625,1.0435005277190372,native,accepted
trafalgar-126,caspar32,1,True,56,0.263254141,109977.8515625,1.0416583154964343,native,accepted
trafalgar-126,caspar32,1,True,57,0.267907014,109870.0078125,1.0406368703839337,native,accepted
trafalgar-126,caspar32,1,True,58,0.272583666,109769.796875,1.0396877196697898,native,accepted
trafalgar-126,caspar32,1,True,59,0.277224299,109670.0625,1.0387430827307735,native,accepted
trafalgar-126,caspar32,1,True,60,0.281844022,109670.0625,1.0387430827307735,native,rejected
trafalgar-126,caspar32,1,True,61,0.286480054,109670.0625,1.0387430827307735,native,rejected
trafalgar-126,caspar32,1,True,62,0.291137887,109670.0625,1.0387430827307735,native,rejected
trafalgar-126,caspar32,1,True,63,0.29580404,109468.1875,1.0368310179881617,native,accepted
trafalgar-126,caspar32,1,True,64,0.300473022,109405.0703125,1.0362332017708413,native,accepted
trafalgar-126,caspar32,1,True,65,0.305150495,109305.171875,1.03528701090924,native,accepted
trafalgar-126,caspar32,1,True,66,0.309865148,109217.1171875,1.0344529984590087,native,accepted
trafalgar-126,caspar32,1,True,67,0.314556001,109076.1484375,1.0331178089769775,native,accepted
trafalgar-126,caspar32,1,True,68,0.319231423,108985.4765625,1.0322590077617009,native,accepted
trafalgar-126,caspar32,1,True,69,0.323887506,108985.4765625,1.0322590077617009,native,rejected
trafalgar-126,caspar32,1,True,70,0.328532938,108985.4765625,1.0322590077617009,native,rejected
trafalgar-126,caspar32,1,True,71,0.333178641,108985.4765625,1.0322590077617009,native,rejected
trafalgar-126,caspar32,1,True,72,0.337828774,108985.4765625,1.0322590077617009,native,rejected
trafalgar-126,caspar32,1,True,73,0.342526097,108886.0703125,1.0313174786678543,native,accepted
trafalgar-126,caspar32,1,True,74,0.347222389,108834.828125,1.0308321368471582,native,accepted
trafalgar-126,caspar32,1,True,75,0.351912392,108720.1640625,1.0297460929529123,native,accepted
trafalgar-126,caspar32,1,True,76,0.356561945,108642.703125,1.02901241950388,native,accepted
trafalgar-126,caspar32,1,True,77,0.361202647,108560.0234375,1.028229316517384,native,accepted
trafalgar-126,caspar32,1,True,78,0.36583539,108495.765625,1.0276206968382824,native,accepted
trafalgar-126,caspar32,1,True,79,0.370453383,108495.765625,1.0276206968382824,native,rejected
trafalgar-126,caspar32,1,True,80,0.375065485,108495.765625,1.0276206968382824,native,rejected
trafalgar-126,caspar32,1,True,81,0.379685438,108495.765625,1.0276206968382824,native,rejected
trafalgar-126,caspar32,1,True,82,0.384635471,108495.765625,1.0276206968382824,native,rejected
trafalgar-126,caspar32,1,True,83,0.389337904,108439.78125,1.02709043925525,native,accepted
trafalgar-126,caspar32,1,True,84,0.393991916,108405.8515625,1.0267690732654218,native,accepted
trafalgar-126,caspar32,1,True,85,0.398639969,108350.9609375,1.026249175166289,native,accepted
trafalgar-126,caspar32,1,True,86,0.403308592,108307.390625,1.0258364977255172,native,accepted
trafalgar-126,caspar32,1,True,87,0.407977474,108251.03125,1.0253026883194336,native,accepted
trafalgar-126,caspar32,1,True,88,0.412702317,108203.96875,1.0248569345264964,native,accepted
trafalgar-126,caspar32,1,True,89,0.41736604,108203.96875,1.0248569345264964,native,rejected
trafalgar-126,caspar32,1,True,90,0.422035872,108203.96875,1.0248569345264964,native,rejected
trafalgar-126,caspar32,1,True,91,0.426688595,108203.96875,1.0248569345264964,native,rejected
trafalgar-126,caspar32,1,True,92,0.431385908,108133.1875,1.0241865279255653,native,accepted
trafalgar-126,caspar32,1,True,93,0.43610873,108104.453125,1.02391436948426,native,accepted
trafalgar-126,caspar32,1,True,94,0.440753563,108035.015625,1.0232566902492628,native,accepted
trafalgar-126,caspar32,1,True,95,0.445448406,107988.375,1.0228149322572584,native,accepted
trafalgar-126,caspar32,1,True,96,0.450201008,107955.5703125,1.022504221736584,native,accepted
trafalgar-126,caspar32,1,True,97,0.454814161,107919.53125,1.0221628767420923,native,accepted
trafalgar-126,caspar32,1,True,98,0.459413154,107919.53125,1.0221628767420923,native,rejected
trafalgar-126,caspar32,1,True,99,0.464027146,107919.53125,1.0221628767420923,native,rejected
trafalgar-126,caspar32,1,True,100,0.468654749,107919.53125,1.0221628767420923,native,rejected
trafalgar-126,caspar32,1,True,101,0.473291572,107919.53125,1.0221628767420923,native,rejected
trafalgar-126,caspar32,1,True,102,0.477956944,107881.1484375,1.0217993328535298,native,accepted
trafalgar-126,caspar32,1,True,103,0.482630597,107858.4609375,1.0215844475589266,native,accepted
trafalgar-126,caspar32,1,True,104,0.48729278,107813.546875,1.021159042752221,native,accepted
trafalgar-126,caspar32,1,True,105,0.491959143,107780.8984375,1.020849812157818,native,accepted
trafalgar-126,caspar32,1,True,106,0.496667365,107721.9140625,1.0202911399903754,native,accepted
trafalgar-126,caspar32,1,True,107,0.501327468,107681.7578125,1.019910798938633,native,accepted
trafalgar-126,caspar32,1,True,108,0.505969651,107681.7578125,1.019910798938633,native,rejected
trafalgar-126,caspar32,1,True,109,0.510619573,107681.7578125,1.019910798938633,native,rejected
trafalgar-126,caspar32,1,True,110,0.515260436,107681.7578125,1.019910798938633,native,rejected
trafalgar-126,caspar32,1,True,111,0.519945658,107628.5078125,1.0194064400653495,native,accepted
trafalgar-126,caspar32,1,True,112,0.524632741,107606.9375,1.0192021362435868,native,accepted
trafalgar-126,caspar32,1,True,113,0.529321284,107564.609375,1.0188012242166722,native,accepted
trafalgar-126,caspar32,1,True,114,0.534004016,107528.890625,1.0184629130710368,native,accepted
trafalgar-126,caspar32,1,True,115,0.538677519,107505.09375,1.018237520299907,native,accepted
trafalgar-126,caspar32,1,True,116,0.543377702,107479.6015625,1.0179960703287327,native,accepted
trafalgar-126,caspar32,1,True,117,0.548028075,107479.6015625,1.0179960703287327,native,rejected
trafalgar-126,caspar32,1,True,118,0.552649467,107479.6015625,1.0179960703287327,native,rejected
trafalgar-126,caspar32,1,True,119,0.55727563,107479.6015625,1.0179960703287327,native,rejected
trafalgar-126,caspar32,1,True,120,0.561903453,107479.6015625,1.0179960703287327,native,rejected
trafalgar-126,caspar32,1,True,121,0.566600765,107449.3984375,1.0177100005804767,native,accepted
trafalgar-126,caspar32,1,True,122,0.571269458,107431.7890625,1.017543212889693,native,accepted
trafalgar-126,caspar32,1,True,123,0.575942351,107431.7890625,1.017543212889693,native,rejected
trafalgar-126,caspar32,1,True,124,0.580585623,107404.25,1.0172823758843639,native,accepted
trafalgar-126,caspar32,1,True,125,0.585229556,107378.90625,1.0170423318431474,native,accepted
trafalgar-126,caspar32,1,True,126,0.589873499,107378.90625,1.0170423318431474,native,rejected
trafalgar-126,caspar32,1,True,127,0.594542941,107378.90625,1.0170423318431474,native,rejected
trafalgar-126,caspar32,1,True,128,0.599570934,107378.90625,1.0170423318431474,native,rejected
trafalgar-126,caspar32,1,True,129,0.604229407,107360.8515625,1.0168713263624904,native,accepted
trafalgar-126,caspar32,1,True,130,0.60918142,107342.796875,1.0167003208818335,native,accepted
trafalgar-126,caspar32,1,True,131,0.613863292,107327.9140625,1.0165593579044854,native,accepted
trafalgar-126,caspar32,1,True,132,0.618564955,107306.4296875,1.0163558680421718,native,accepted
trafalgar-126,caspar32,1,True,133,0.623272408,107286.1953125,1.0161642175900292,native,accepted
trafalgar-126,caspar32,1,True,134,0.627974541,107256.296875,1.0158810336980024,native,accepted
trafalgar-126,caspar32,1,True,135,0.632666413,107233.2734375,1.015662966561916,native,accepted
trafalgar-126,caspar32,1,True,136,0.637299536,107233.2734375,1.015662966561916,native,rejected
trafalgar-126,caspar32,1,True,137,0.641947949,107233.2734375,1.015662966561916,native,rejected
trafalgar-126,caspar32,1,True,138,0.646616811,107233.2734375,1.015662966561916,native,rejected
trafalgar-126,caspar32,1,True,139,0.651228764,107233.2734375,1.015662966561916,native,rejected
trafalgar-126,caspar32,1,True,140,0.655915326,107215.421875,1.0154938849854116,native,accepted
trafalgar-126,caspar32,1,True,141,0.660632689,107204.3203125,1.0153887362238307,native,accepted
trafalgar-126,caspar32,1,True,142,0.665320612,107183.671875,1.015193163967069,native,accepted
trafalgar-126,caspar32,1,True,143,0.670153835,107168.4296875,1.0150487971592967,native,accepted
trafalgar-126,caspar32,1,True,144,0.674854287,107139.4609375,1.0147744188285845,native,accepted
trafalgar-126,caspar32,1,True,145,0.67953645,107119.890625,1.0145890580630952,native,accepted
trafalgar-126,caspar32,1,True,146,0.684215693,107119.890625,1.0145890580630952,native,rejected
trafalgar-126,caspar32,1,True,147,0.688870945,107119.890625,1.0145890580630952,native,rejected
trafalgar-126,caspar32,1,True,148,0.693534358,107119.890625,1.0145890580630952,native,rejected
trafalgar-126,caspar32,1,True,149,0.698226351,107101.0390625,1.0144105049584542,native,accepted
trafalgar-126,caspar32,1,True,150,0.702912153,107089.1015625,1.0142974385913215,native,accepted
trafalgar-126,caspar32,1,True,151,0.707593936,107059.015625,1.014012478787769,native,accepted
trafalgar-126,caspar32,1,True,152,0.712264339,107039.84375,1.0138308918342718,native,accepted
trafalgar-126,caspar32,1,True,153,0.716943982,107023.515625,1.0136762395389134,native,accepted
trafalgar-126,caspar32,1,True,154,0.721596974,107007.8046875,1.013527432952327,native,accepted
trafalgar-126,caspar32,1,True,155,0.726241127,107007.8046875,1.013527432952327,native,rejected
trafalgar-126,caspar32,1,True,156,0.730898209,107007.8046875,1.013527432952327,native,rejected
trafalgar-126,caspar32,1,True,157,0.735546552,107007.8046875,1.013527432952327,native,rejected
trafalgar-126,caspar32,1,True,158,0.740224675,107007.8046875,1.013527432952327,native,rejected
trafalgar-126,caspar32,1,True,159,0.744914158,106992.9765625,1.013386987949174,native,accepted
trafalgar-126,caspar32,1,True,160,0.74958041,106983.4140625,1.013296416461366,native,accepted
trafalgar-126,caspar32,1,True,161,0.754230473,106965.453125,1.0131262989364718,native,accepted
trafalgar-126,caspar32,1,True,162,0.758925926,106951.5078125,1.012994215516752,native,accepted
trafalgar-126,caspar32,1,True,163,0.763575548,106951.5078125,1.012994215516752,native,rejected
trafalgar-126,caspar32,1,True,164,0.768194311,106951.5078125,1.012994215516752,native,rejected
trafalgar-126,caspar32,1,True,165,0.772869054,106934.8125,1.0128360853946559,native,accepted
trafalgar-126,caspar32,1,True,166,0.778026047,106922.3203125,1.0127177652892598,native,accepted
trafalgar-126,caspar32,1,True,167,0.782695619,106901.4296875,1.0125198991467774,native,accepted
trafalgar-126,caspar32,1,True,168,0.787371902,106884.4375,1.0123589571647658,native,accepted
trafalgar-126,caspar32,1,True,169,0.792068395,106869.5703125,1.012218142180045,native,accepted
trafalgar-126,caspar32,1,True,170,0.796743507,106854.375,1.012074219350154,native,accepted
trafalgar-126,caspar32,1,True,171,0.80134166,106854.375,1.012074219350154,native,rejected
trafalgar-126,caspar32,1,True,172,0.805993623,106854.375,1.012074219350154,native,rejected
trafalgar-126,caspar32,1,True,173,0.810620035,106854.375,1.012074219350154,native,rejected
trafalgar-126,caspar32,1,True,174,0.815307808,106854.375,1.012074219350154,native,rejected
trafalgar-126,caspar32,1,True,175,0.819999401,106842.90625,1.0119655927618354,native,accepted
trafalgar-126,caspar32,1,True,176,0.824709513,106835.171875,1.0118923364114025,native,accepted
trafalgar-126,caspar32,1,True,177,0.829425696,106820.921875,1.0117573671354534,native,accepted
trafalgar-126,caspar32,1,True,178,0.834109869,106809.296875,1.0116472606208633,native,accepted
trafalgar-126,caspar32,1,True,179,0.838807362,106809.296875,1.0116472606208633,native,rejected
trafalgar-126,caspar32,1,True,180,0.843493614,106809.296875,1.0116472606208633,native,rejected
trafalgar-126,caspar32,1,True,181,0.848174417,106796.3203125,1.0115243527440259,native,accepted
trafalgar-126,caspar32,1,True,182,0.85286036,106785.171875,1.0114187600045637,native,accepted
trafalgar-126,caspar32,1,True,183,0.857531232,106765.359375,1.0112311053533538,native,accepted
trafalgar-126,caspar32,1,True,184,0.862195115,106750.53125,1.0110906603502006,native,accepted
trafalgar-126,caspar32,1,True,185,0.866830908,106750.53125,1.0110906603502006,native,rejected
trafalgar-126,caspar32,1,True,186,0.87148319,106750.53125,1.0110906603502006,native,rejected
trafalgar-126,caspar32,1,True,187,0.876101213,106750.53125,1.0110906603502006,native,rejected
trafalgar-126,caspar32,1,True,188,0.880819076,106736.71875,1.0109598348678113,native,accepted
trafalgar-126,caspar32,1,True,189,0.885508928,106728.265625,1.0108797708565302,native,accepted
trafalgar-126,caspar32,1,True,190,0.890307621,106714.8203125,1.0107524232008787,native,accepted
trafalgar-126,caspar32,1,True,191,0.895018794,106700.75,1.0106191558401416,native,accepted
trafalgar-126,caspar32,1,True,192,0.899661166,106700.75,1.0106191558401416,native,rejected
trafalgar-126,caspar32,1,True,193,0.904297339,106700.75,1.0106191558401416,native,rejected
trafalgar-126,caspar32,1,True,194,0.908941272,106700.75,1.0106191558401416,native,rejected
trafalgar-126,caspar32,1,True,195,0.913640094,106689.9921875,1.0105172629163577,native,accepted
trafalgar-126,caspar32,1,True,196,0.918315517,106682.8125,1.0104492603041884,native,accepted
trafalgar-126,caspar32,1,True,197,0.92297268,106668.234375,1.0103111831830693,native,accepted
trafalgar-126,caspar32,1,True,198,0.927625862,106656.2734375,1.0101978948269958,native,accepted
trafalgar-126,caspar32,1,True,199,0.932315425,106647.3359375,1.0101132430442734,native,accepted
trafalgar-126,caspar32,1,True,200,0.936975588,106636.9296875,1.0100146799546001,native,accepted
trafalgar-126,caspar32,1,True,201,0.941630881,106636.9296875,1.0100146799546001,native,rejected
trafalgar-126,caspar32,1,True,202,0.946299003,106636.9296875,1.0100146799546001,native,rejected
trafalgar-126,caspar32,1,True,203,0.950932206,106636.9296875,1.0100146799546001,native,rejected
trafalgar-126,caspar32,1,True,204,0.955544379,106636.9296875,1.0100146799546001,native,rejected
trafalgar-126,caspar32,1,True,205,0.960189051,106628.484375,1.0099346899396324,native,accepted
trafalgar-126,caspar32,1,True,206,0.964807814,106622.4296875,1.0098773427966168,native,accepted
trafalgar-126,caspar32,1,True,207,0.969478486,106612.34375,1.0097818135557999,native,accepted
trafalgar-126,caspar32,1,True,208,0.974118839,106603.1484375,1.0096947198947297,native,accepted
trafalgar-126,caspar32,1,True,209,0.978762322,106603.1484375,1.0096947198947297,native,rejected
trafalgar-126,caspar32,1,True,210,0.983389565,106603.1484375,1.0096947198947297,native,rejected
trafalgar-126,caspar32,1,True,211,0.988026887,106595.6328125,1.0096235354410767,native,accepted
trafalgar-126,caspar32,1,True,212,0.99267154,106587.453125,1.0095460613007703,native,accepted
trafalgar-126,caspar32,1,True,213,0.997330202,106587.453125,1.0095460613007703,native,rejected
trafalgar-126,caspar32,1,True,214,1.001993935,106587.453125,1.0095460613007703,native,rejected
trafalgar-126,caspar32,1,True,215,1.006652118,106579.015625,1.0094661452821163,native,accepted
trafalgar-126,caspar32,1,True,216,1.011347931,106571.3671875,1.0093937028911326,native,accepted
trafalgar-126,caspar32,1,True,217,1.016013123,106571.3671875,1.0093937028911326,native,rejected
trafalgar-126,caspar32,1,True,218,1.020680306,106571.3671875,1.0093937028911326,native,rejected
trafalgar-126,caspar32,1,True,219,1.025360499,106563.2109375,1.0093164507397672,native,accepted
trafalgar-126,caspar32,1,True,220,1.030062451,106556.640625,1.009254219840056,native,accepted
trafalgar-126,caspar32,1,True,221,1.034747194,106556.640625,1.009254219840056,native,rejected
trafalgar-126,caspar32,1,True,222,1.039438517,106548.015625,1.0091725279098762,native,accepted
trafalgar-126,caspar32,1,True,223,1.044098399,106540.265625,1.0090991235668163,native,accepted
trafalgar-126,caspar32,1,True,224,1.048732662,106540.265625,1.0090991235668163,native,rejected
trafalgar-126,caspar32,1,True,225,1.053379555,106540.265625,1.0090991235668163,native,rejected
trafalgar-126,caspar32,1,True,226,1.058579718,106530.7734375,1.0090092180458303,native,accepted
trafalgar-126,caspar32,1,True,227,1.0632152,106524.0859375,1.0089458772014157,native,accepted
trafalgar-126,caspar32,1,True,228,1.067832993,106524.0859375,1.0089458772014157,native,rejected
trafalgar-126,caspar32,1,True,229,1.072456996,106524.0859375,1.0089458772014157,native,rejected
trafalgar-126,caspar32,1,True,230,1.077082058,106516.75,1.0088763946629749,native,accepted
trafalgar-126,caspar32,1,True,231,1.081689071,106510.3359375,1.008815643689535,native,accepted
trafalgar-126,caspar32,1,True,232,1.086301674,106510.3359375,1.008815643689535,native,rejected
trafalgar-126,caspar32,1,True,233,1.090983216,106510.3359375,1.008815643689535,native,rejected
trafalgar-126,caspar32,1,True,234,1.095682939,106503.5625,1.008751488885671,native,accepted
trafalgar-126,caspar32,1,True,235,1.100338142,106497.515625,1.0086942157389691,native,accepted
trafalgar-126,caspar32,1,True,236,1.104998004,106488.0859375,1.0086049021884917,native,accepted
trafalgar-126,caspar32,1,True,237,1.109659217,106479.140625,1.0085201764094558,native,accepted
trafalgar-126,caspar32,1,True,238,1.11439933,106479.140625,1.0085201764094558,native,rejected
trafalgar-126,caspar32,1,True,239,1.119040602,106479.140625,1.0085201764094558,native,rejected
trafalgar-126,caspar32,1,True,240,1.123713565,106472.0234375,1.0084527657677949,native,accepted
trafalgar-126,caspar32,1,True,241,1.128413608,106464.34375,1.0083800273915569,native,accepted
trafalgar-126,caspar32,1,True,242,1.13307516,106464.34375,1.0083800273915569,native,rejected
trafalgar-126,caspar32,1,True,243,1.137750943,106464.34375,1.0083800273915569,native,rejected
trafalgar-126,caspar32,1,True,244,1.142450506,106454.578125,1.008287531999596,native,accepted
trafalgar-126,caspar32,1,True,245,1.147147579,106447.859375,1.0082238951699272,native,accepted
trafalgar-126,caspar32,1,True,246,1.151812171,106447.859375,1.0082238951699272,native,rejected
trafalgar-126,caspar32,1,True,247,1.156406364,106447.859375,1.0082238951699272,native,rejected
trafalgar-126,caspar32,1,True,248,1.161047156,106439.921875,1.0081487149153416,native,accepted
trafalgar-126,caspar32,1,True,249,1.165688849,106433.5625,1.0080884819160967,native,accepted
trafalgar-126,caspar32,1,True,250,1.170319122,106433.5625,1.0080884819160967,native,rejected
trafalgar-126,caspar32,1,True,251,1.174958744,106433.5625,1.0080884819160967,native,rejected
trafalgar-126,caspar32,1,True,252,1.179584697,106425.1328125,1.0080086398937562,native,accepted
trafalgar-126,caspar32,1,True,253,1.1846628,106418.8828125,1.0079494428429014,native,accepted
trafalgar-126,caspar32,1,True,254,1.189325123,106418.8828125,1.0079494428429014,native,rejected
trafalgar-126,caspar32,1,True,255,1.194002355,106418.8828125,1.0079494428429014,native,rejected
trafalgar-126,caspar32,1,True,256,1.20157025,106412.25,1.0078866199726817,native,accepted
trafalgar-126,caspar32,1,True,257,1.206227053,106406.046875,1.0078278668997083,native,accepted
trafalgar-126,caspar32,1,True,258,1.211126465,106406.046875,1.0078278668997083,native,rejected
trafalgar-126,caspar32,1,True,259,1.215808268,106406.046875,1.0078278668997083,native,rejected
trafalgar-126,caspar32,1,True,260,1.220628571,106396.921875,1.0077414392054602,native,accepted
trafalgar-126,caspar32,1,True,261,1.225442673,106390.8671875,1.0076840920624446,native,accepted
trafalgar-126,caspar32,1,True,262,1.230036726,106390.8671875,1.0076840920624446,native,rejected
trafalgar-126,caspar32,1,True,263,1.234657989,106390.8671875,1.0076840920624446,native,rejected
trafalgar-126,caspar32,1,True,264,1.239364421,106384.625,1.0076249690079033,native,accepted
trafalgar-126,caspar32,1,True,265,1.244016534,106378.3515625,1.0075655499681078,native,accepted
trafalgar-126,caspar32,1,True,266,1.248697707,106378.3515625,1.0075655499681078,native,rejected
trafalgar-126,caspar32,1,True,267,1.25336004,106378.3515625,1.0075655499681078,native,rejected
trafalgar-126,caspar32,1,True,268,1.258004242,106367.453125,1.0074623251106796,native,accepted
trafalgar-126,caspar32,1,True,269,1.262678605,106361.734375,1.0074081598091473,native,accepted
trafalgar-126,caspar32,1,True,270,1.267390948,106361.734375,1.0074081598091473,native,rejected
trafalgar-126,caspar32,1,True,271,1.27205114,106361.734375,1.0074081598091473,native,rejected
trafalgar-126,caspar32,1,True,272,1.276717793,106355.3515625,1.0073477048209618,native,accepted
trafalgar-126,caspar32,1,True,273,1.281654086,106349.5859375,1.0072930955415482,native,accepted
trafalgar-126,caspar32,1,True,274,1.286311078,106349.5859375,1.0072930955415482,native,rejected
trafalgar-126,caspar32,1,True,275,1.290950541,106349.5859375,1.0072930955415482,native,rejected
trafalgar-126,caspar32,1,True,276,1.298581975,106340.2109375,1.007204299965266,native,accepted
trafalgar-126,caspar32,1,True,277,1.303266768,106334.3046875,1.007148358752208,native,accepted
trafalgar-126,caspar32,1,True,278,1.307913881,106334.3046875,1.007148358752208,native,rejected
trafalgar-126,caspar32,1,True,279,1.312582523,106334.3046875,1.007148358752208,native,rejected
trafalgar-126,caspar32,1,True,280,1.317469536,106326.953125,1.0070787282211402,native,accepted
trafalgar-126,caspar32,1,True,281,1.322209579,106321.0234375,1.0070225650191416,native,accepted
trafalgar-126,caspar32,1,True,282,1.326840402,106321.0234375,1.0070225650191416,native,rejected
trafalgar-126,caspar32,1,True,283,1.331447074,106321.0234375,1.0070225650191416,native,rejected
trafalgar-126,caspar32,1,True,284,1.336121617,106321.0234375,1.0070225650191416,native,rejected
trafalgar-126,caspar32,1,True,285,1.34101503,106315.421875,1.0069695096623128,native,accepted
trafalgar-126,caspar32,1,True,286,1.345713302,106311.5703125,1.0069330294797236,native,accepted
trafalgar-126,caspar32,1,True,287,1.350433965,106305.2578125,1.0068732404583602,native,accepted
trafalgar-126,caspar32,1,True,288,1.355137708,106299.0078125,1.0068140434075052,native,accepted
trafalgar-126,caspar32,1,True,289,1.359743961,106299.0078125,1.0068140434075052,native,rejected
trafalgar-126,caspar32,1,True,290,1.364501173,106299.0078125,1.0068140434075052,native,rejected
trafalgar-126,caspar32,1,True,291,1.369243396,106293.2578125,1.006759582120719,native,accepted
trafalgar-126,caspar32,1,True,292,1.373874599,106287.8984375,1.0067088206496109,native,accepted
trafalgar-126,caspar32,1,True,293,1.379698932,106287.8984375,1.0067088206496109,native,rejected
trafalgar-126,caspar32,1,True,294,1.386580256,106287.8984375,1.0067088206496109,native,rejected
trafalgar-126,caspar32,1,True,295,1.391263479,106282.4609375,1.0066573192153672,native,accepted
trafalgar-126,caspar32,1,True,296,1.395915061,106277.734375,1.006612551445658,native,accepted
trafalgar-126,caspar32,1,True,297,1.403440146,106277.734375,1.006612551445658,native,rejected
trafalgar-126,caspar32,1,True,298,1.408098308,106271.59375,1.0065543903431933,native,accepted
trafalgar-126,caspar32,1,True,299,1.412772061,106266.0234375,1.0065016309716188,native,accepted
trafalgar-126,caspar32,1,True,300,1.417514864,106266.0234375,1.0065016309716188,native,rejected
trafalgar-126,caspar32,1,True,301,1.422213846,106266.0234375,1.0065016309716188,native,rejected
trafalgar-126,caspar32,1,True,302,1.426915099,106257.7109375,1.0064228988939818,native,accepted
trafalgar-126,caspar32,1,True,303,1.431572312,106252.796875,1.0063763552127474,native,accepted
trafalgar-126,caspar32,1,True,304,1.436279485,106252.796875,1.0063763552127474,native,rejected
trafalgar-126,caspar32,1,True,305,1.440959417,106252.796875,1.0063763552127474,native,rejected
trafalgar-126,caspar32,1,True,306,1.44563284,106246.90625,1.0063205619923166,native,accepted
trafalgar-126,caspar32,1,True,307,1.450269183,106241.7421875,1.0062716504290479,native,accepted
trafalgar-126,caspar32,1,True,308,1.454937735,106241.7421875,1.0062716504290479,native,rejected
trafalgar-126,caspar32,1,True,309,1.459646958,106241.7421875,1.0062716504290479,native,rejected
trafalgar-126,caspar32,1,True,310,1.464328891,106235.3515625,1.0062111214445486,native,accepted
trafalgar-126,caspar32,1,True,311,1.469126063,106230.1171875,1.0061615439144578,native,accepted
trafalgar-126,caspar32,1,True,312,1.473771556,106230.1171875,1.0061615439144578,native,rejected
trafalgar-126,caspar32,1,True,313,1.478415019,106230.1171875,1.0061615439144578,native,rejected
trafalgar-126,caspar32,1,True,314,1.483156612,106220.1796875,1.0060674206035984,native,accepted
trafalgar-126,caspar32,1,True,315,1.487936174,106215.234375,1.0060205809371097,native,accepted
trafalgar-126,caspar32,1,True,316,1.492616327,106215.234375,1.0060205809371097,native,rejected
trafalgar-126,caspar32,1,True,317,1.49727337,106215.234375,1.0060205809371097,native,rejected
trafalgar-126,caspar32,1,True,318,1.504459514,106209.6640625,1.0059678215655352,native,accepted
trafalgar-126,caspar32,1,True,319,1.509168446,106204.9296875,1.0059229797995126,native,accepted
trafalgar-126,caspar32,1,True,320,1.513832549,106204.9296875,1.0059229797995126,native,rejected
trafalgar-126,caspar32,1,True,321,1.518457342,106204.9296875,1.0059229797995126,native,rejected
trafalgar-126,caspar32,1,True,322,1.523129944,106204.9296875,1.0059229797995126,native,rejected
trafalgar-126,caspar32,1,True,323,1.527799977,106200.2578125,1.0058787300039986,native,accepted
trafalgar-126,caspar32,1,True,324,1.53247923,106196.7421875,1.0058454316628929,native,accepted
trafalgar-126,caspar32,1,True,325,1.537210112,106191.6328125,1.005797038073819,native,accepted
trafalgar-126,caspar32,1,True,326,1.541950145,106185.9140625,1.0057428727722868,native,accepted
trafalgar-126,caspar32,1,True,327,1.546607768,106185.9140625,1.0057428727722868,native,rejected
trafalgar-126,caspar32,1,True,328,1.551270091,106185.9140625,1.0057428727722868,native,rejected
trafalgar-126,caspar32,1,True,329,1.555990333,106181.078125,1.0056970690541878,native,accepted
trafalgar-126,caspar32,1,True,330,1.560646326,106176.1484375,1.005650377380326,native,accepted
trafalgar-126,caspar32,1,True,331,1.565285679,106176.1484375,1.005650377380326,native,rejected
trafalgar-126,caspar32,1,True,332,1.570262231,106176.1484375,1.005650377380326,native,rejected
trafalgar-126,caspar32,1,True,333,1.574915634,106170.40625,1.0055959900898532,native,accepted
trafalgar-126,caspar32,1,True,334,1.581735318,106166.3125,1.0055572160215434,native,accepted
trafalgar-126,caspar32,1,True,335,1.587062501,106166.3125,1.0055572160215434,native,rejected
trafalgar-126,caspar32,1,True,336,1.591734084,106166.3125,1.0055572160215434,native,rejected
trafalgar-126,caspar32,1,True,337,1.599388458,106161.7890625,1.0055143721559872,native,accepted
trafalgar-126,caspar32,1,True,338,1.604010021,106157.5859375,1.005474562139287,native,accepted
trafalgar-126,caspar32,1,True,339,1.608661704,106157.5859375,1.005474562139287,native,rejected
trafalgar-126,caspar32,1,True,340,1.613290086,106157.5859375,1.005474562139287,native,rejected
trafalgar-126,caspar32,1,True,341,1.618017459,106153.25,1.0054334941852565,native,accepted
trafalgar-126,caspar32,1,True,342,1.622706562,106149.1796875,1.0053949421058874,native,accepted
trafalgar-126,caspar32,1,True,343,1.627362924,106149.1796875,1.0053949421058874,native,rejected
trafalgar-126,caspar32,1,True,344,1.632147307,106143.3359375,1.0053395928633382,native,accepted
trafalgar-126,caspar32,1,True,345,1.63687403,106138.453125,1.0052933451673578,native,accepted
trafalgar-126,caspar32,1,True,346,1.641543903,106138.453125,1.0052933451673578,native,rejected
trafalgar-126,caspar32,1,True,347,1.646185795,106138.453125,1.0052933451673578,native,rejected
trafalgar-126,caspar32,1,True,348,1.650854618,106132.109375,1.00523326016074,native,accepted
trafalgar-126,caspar32,1,True,349,1.65554884,106127.7578125,1.0051920442140825,native,accepted
trafalgar-126,caspar32,1,True,350,1.660169163,106127.7578125,1.0051920442140825,native,rejected
trafalgar-126,caspar32,1,True,351,1.664880016,106127.7578125,1.0051920442140825,native,rejected
trafalgar-126,caspar32,1,True,352,1.670053689,106122.0859375,1.0051383228904316,native,accepted
trafalgar-126,caspar32,1,True,353,1.675563802,106117.515625,1.005095035046994,native,accepted
trafalgar-126,caspar32,1,True,354,1.681202385,106117.515625,1.005095035046994,native,rejected
trafalgar-126,caspar32,1,True,355,1.686640998,106117.515625,1.005095035046994,native,rejected
trafalgar-126,caspar32,1,True,356,1.691319351,106111.6796875,1.0050397598007583,native,accepted
trafalgar-126,caspar32,1,True,357,1.695995094,106107.1640625,1.0049969899315156,native,accepted
trafalgar-126,caspar32,1,True,358,1.702604937,106107.1640625,1.0049969899315156,native,rejected
trafalgar-126,caspar32,1,True,359,1.70726148,106107.1640625,1.0049969899315156,native,rejected
trafalgar-126,caspar32,1,True,360,1.711887933,106107.1640625,1.0049969899315156,native,rejected
trafalgar-126,caspar32,1,True,361,1.716658635,106102.9296875,1.0049568839295615,native,accepted
trafalgar-126,caspar32,1,True,362,1.721319548,106100.0546875,1.0049296532861682,native,accepted
trafalgar-126,caspar32,1,True,363,1.725969371,106095.4140625,1.0048856994759086,native,accepted
trafalgar-126,caspar32,1,True,364,1.732466624,106090.5078125,1.0048392297909874,native,accepted
trafalgar-126,caspar32,1,True,365,1.737446918,106090.5078125,1.0048392297909874,native,rejected
trafalgar-126,caspar32,1,True,366,1.74227079,106090.5078125,1.0048392297909874,native,rejected
trafalgar-126,caspar32,1,True,367,1.746947773,106086.7734375,1.0048038595531017,native,accepted
trafalgar-126,caspar32,1,True,368,1.751617636,106082.59375,1.0047642715253424,native,accepted
trafalgar-126,caspar32,1,True,369,1.756270228,106082.59375,1.0047642715253424,native,rejected
trafalgar-126,caspar32,1,True,370,1.760903471,106082.59375,1.0047642715253424,native,rejected
trafalgar-126,caspar32,1,True,371,1.765568003,106078.5703125,1.0047261634238547,native,accepted
trafalgar-126,caspar32,1,True,372,1.770213776,106075.0859375,1.0046931610680032,native,accepted
trafalgar-126,caspar32,1,True,373,1.774863039,106075.0859375,1.0046931610680032,native,rejected
trafalgar-126,caspar32,1,True,374,1.779696052,106070.7890625,1.0046524630955405,native,accepted
trafalgar-126,caspar32,1,True,375,1.784712554,106066.546875,1.0046122830972726,native,accepted
trafalgar-126,caspar32,1,True,376,1.789426467,106066.546875,1.0046122830972726,native,rejected
trafalgar-126,caspar32,1,True,377,1.79406917,106066.546875,1.0046122830972726,native,rejected
trafalgar-126,caspar32,1,True,378,1.798732073,106061.3828125,1.0045633715340039,native,accepted
trafalgar-126,caspar32,1,True,379,1.803368545,106057.640625,1.0045279272998044,native,accepted
trafalgar-126,caspar32,1,True,380,1.809316609,106057.640625,1.0045279272998044,native,rejected
trafalgar-126,caspar32,1,True,381,1.814000761,106054.21875,1.0044955169144616,native,accepted
trafalgar-126,caspar32,1,True,382,1.818693764,106049.6875,1.0044525990525917,native,accepted
trafalgar-126,caspar32,1,True,383,1.823350407,106049.6875,1.0044525990525917,native,rejected
trafalgar-126,caspar32,1,True,384,1.827965489,106049.6875,1.0044525990525917,native,rejected
trafalgar-126,caspar32,1,True,385,1.832669852,106049.6875,1.0044525990525917,native,rejected
trafalgar-126,caspar32,1,True,386,1.838331585,106045.734375,1.004415156917926,native,accepted
trafalgar-126,caspar32,1,True,387,1.843529528,106042.7109375,1.004386520344575,native,accepted
trafalgar-126,caspar32,1,True,388,1.848402861,106038.8984375,1.0043504101435534,native,accepted
trafalgar-126,caspar32,1,True,389,1.853110044,106034.0625,1.0043046064254546,native,accepted
trafalgar-126,caspar32,1,True,390,1.857768547,106034.0625,1.0043046064254546,native,rejected
trafalgar-126,caspar32,1,True,391,1.862492459,106034.0625,1.0043046064254546,native,rejected
trafalgar-126,caspar32,1,True,392,1.867253232,106030.6328125,1.004272122043798,native,accepted
trafalgar-126,caspar32,1,True,393,1.871928825,106026.5,1.0042329779939203,native,accepted
trafalgar-126,caspar32,1,True,394,1.876546547,106026.5,1.0042329779939203,native,rejected
trafalgar-126,caspar32,1,True,395,1.88136849,106026.5,1.0042329779939203,native,rejected
trafalgar-126,caspar32,1,True,396,1.886773883,106020.125,1.0041725970020483,native,accepted
trafalgar-126,caspar32,1,True,397,1.891585316,106016.4140625,1.0041374487531032,native,accepted
trafalgar-126,caspar32,1,True,398,1.896290709,106016.4140625,1.0041374487531032,native,rejected
trafalgar-126,caspar32,1,True,399,1.900966951,106013.0390625,1.0041054823456417,native,accepted
trafalgar-126,caspar32,1,True,400,1.905643724,106008.5546875,1.0040630084616533,native,accepted
trafalgar-126,caspar32,1,True,401,1.910251767,106008.5546875,1.0040630084616533,native,rejected
trafalgar-126,caspar32,1,True,402,1.914892169,106008.5546875,1.0040630084616533,native,rejected
trafalgar-126,caspar32,1,True,403,1.919581802,106008.5546875,1.0040630084616533,native,rejected
trafalgar-126,caspar32,1,True,404,1.924246415,106003.0078125,1.0040104710790196,native,accepted
trafalgar-126,caspar32,1,True,405,1.928919067,105999.796875,1.003980058594143,native,accepted
trafalgar-126,caspar32,1,True,406,1.93435512,105999.796875,1.003980058594143,native,rejected
trafalgar-126,caspar32,1,True,407,1.939651374,105996.59375,1.0039497201055798,native,accepted
trafalgar-126,caspar32,1,True,408,1.944326326,105992.234375,1.0039084301626084,native,accepted
trafalgar-126,caspar32,1,True,409,1.948946739,105992.234375,1.0039084301626084,native,rejected
trafalgar-126,caspar32,1,True,410,1.953641971,105992.234375,1.0039084301626084,native,rejected
trafalgar-126,caspar32,1,True,411,1.958306104,105992.234375,1.0039084301626084,native,rejected
trafalgar-126,caspar32,1,True,412,1.963069927,105988.5546875,1.0038735778989176,native,accepted
trafalgar-126,caspar32,1,True,413,1.96788073,105985.921875,1.003848641141245,native,accepted
trafalgar-126,caspar32,1,True,414,1.972575733,105982.171875,1.003813122910732,native,accepted
trafalgar-126,caspar32,1,True,415,1.977299325,105978.21875,1.0037756807760665,native,accepted
trafalgar-126,caspar32,1,True,416,1.982712798,105978.21875,1.0037756807760665,native,rejected
trafalgar-126,caspar32,1,True,417,1.987802281,105978.21875,1.0037756807760665,native,rejected
trafalgar-126,caspar32,1,True,418,1.992650934,105974.984375,1.003745046302249,native,accepted
trafalgar-126,caspar32,1,True,419,1.997356167,105971.359375,1.0037107120127533,native,accepted
trafalgar-126,caspar32,1,True,420,2.002015189,105971.359375,1.0037107120127533,native,rejected
trafalgar-126,caspar32,1,True,421,2.006666322,105967.2578125,1.0036718639481297,native,accepted
trafalgar-126,caspar32,1,True,422,2.011479195,105963.4765625,1.0036360497323626,native,accepted
trafalgar-126,caspar32,1,True,423,2.016136927,105963.4765625,1.0036360497323626,native,rejected
trafalgar-126,caspar32,1,True,424,2.02082938,105963.4765625,1.0036360497323626,native,rejected
trafalgar-126,caspar32,1,True,425,2.025508713,105958.046875,1.0035846222944325,native,accepted
trafalgar-126,caspar32,1,True,426,2.030178326,105954.65625,1.0035525078943437,native,accepted
trafalgar-126,caspar32,1,True,427,2.035089458,105954.65625,1.0035525078943437,native,rejected
trafalgar-126,caspar32,1,True,428,2.039817571,105954.65625,1.0035525078943437,native,rejected
trafalgar-126,caspar32,1,True,429,2.044476024,105951.328125,1.0035209854647635,native,accepted
trafalgar-126,caspar32,1,True,430,2.049129076,105947.6328125,1.0034859852084455,native,accepted
trafalgar-126,caspar32,1,True,431,2.053843099,105947.6328125,1.0034859852084455,native,rejected
trafalgar-126,caspar32,1,True,432,2.058490372,105947.6328125,1.0034859852084455,native,rejected
trafalgar-126,caspar32,1,True,433,2.063233794,105942.4140625,1.0034365556709817,native,accepted
trafalgar-126,caspar32,1,True,434,2.067868357,105938.8828125,1.0034031093372489,native,accepted
trafalgar-126,caspar32,1,True,435,2.07249583,105938.8828125,1.0034031093372489,native,rejected
trafalgar-126,caspar32,1,True,436,2.077186802,105938.8828125,1.0034031093372489,native,rejected
trafalgar-126,caspar32,1,True,437,2.081828105,105934.828125,1.0033647052505066,native,accepted
trafalgar-126,caspar32,1,True,438,2.086530478,105931.34375,1.0033317028946551,native,accepted
trafalgar-126,caspar32,1,True,439,2.091212341,105931.34375,1.0033317028946551,native,rejected
trafalgar-126,caspar32,1,True,440,2.096055433,105931.34375,1.0033317028946551,native,rejected
trafalgar-126,caspar32,1,True,441,2.100716136,105931.34375,1.0033317028946551,native,rejected
trafalgar-126,caspar32,1,True,442,2.105444289,105928.0,1.0033000324724477,native,accepted
trafalgar-126,caspar32,1,True,443,2.111358012,105925.4453125,1.0032758356779108,native,accepted
trafalgar-126,caspar32,1,True,444,2.116151295,105922.015625,1.0032433512962542,native,accepted
trafalgar-126,caspar32,1,True,445,2.120849078,105918.1484375,1.0032067231210378,native,accepted
trafalgar-126,caspar32,1,True,446,2.12550309,105918.1484375,1.0032067231210378,native,rejected
trafalgar-126,caspar32,1,True,447,2.130152883,105918.1484375,1.0032067231210378,native,rejected
trafalgar-126,caspar32,1,True,448,2.135323456,105911.921875,1.0031477480591235,native,accepted
trafalgar-126,caspar32,1,True,449,2.140226509,105908.5625,1.003115929644289,native,accepted
trafalgar-126,caspar32,1,True,450,2.144985841,105908.5625,1.003115929644289,native,rejected
trafalgar-126,caspar32,1,True,451,2.149657464,105905.484375,1.0030867750967432,native,accepted
trafalgar-126,caspar32,1,True,452,2.154396247,105901.6796875,1.0030507388920353,native,accepted
trafalgar-126,caspar32,1,True,453,2.1590251,105901.6796875,1.0030507388920353,native,rejected
trafalgar-126,caspar32,1,True,454,2.163636462,105901.6796875,1.0030507388920353,native,rejected
trafalgar-126,caspar32,1,True,455,2.168686565,105901.6796875,1.0030507388920353,native,rejected
trafalgar-126,caspar32,1,True,456,2.173353698,105896.765625,1.0030041952108006,native,accepted
trafalgar-126,caspar32,1,True,457,2.17800952,105893.9296875,1.0029773345489752,native,accepted
trafalgar-126,caspar32,1,True,458,2.182842383,105891.1015625,1.0029505478834635,native,accepted
trafalgar-126,caspar32,1,True,459,2.187567496,105887.2109375,1.0029136977193063,native,accepted
trafalgar-126,caspar32,1,True,460,2.192634849,105887.2109375,1.0029136977193063,native,rejected
trafalgar-126,caspar32,1,True,461,2.197619112,105887.2109375,1.0029136977193063,native,rejected
trafalgar-126,caspar32,1,True,462,2.202270174,105887.2109375,1.0029136977193063,native,rejected
trafalgar-126,caspar32,1,True,463,2.206954597,105881.9140625,1.0028635282187068,native,accepted
trafalgar-126,caspar32,1,True,464,2.21171935,105878.765625,1.0028337077043386,native,accepted
trafalgar-126,caspar32,1,True,465,2.216543403,105878.765625,1.0028337077043386,native,rejected
trafalgar-126,caspar32,1,True,466,2.221200565,105875.90625,1.0028066250535725,native,accepted
trafalgar-126,caspar32,1,True,467,2.225862478,105872.125,1.0027708108378053,native,accepted
trafalgar-126,caspar32,1,True,468,2.230494041,105872.125,1.0027708108378053,native,rejected
trafalgar-126,caspar32,1,True,469,2.235239733,105872.125,1.0027708108378053,native,rejected
trafalgar-126,caspar32,1,True,470,2.240038586,105872.125,1.0027708108378053,native,rejected
trafalgar-126,caspar32,1,True,471,2.244731629,105868.21875,1.002733812681021,native,accepted
trafalgar-126,caspar32,1,True,472,2.249497032,105865.6484375,1.002709467893857,native,accepted
trafalgar-126,caspar32,1,True,473,2.254204464,105862.8203125,1.0026826812283451,native,accepted
trafalgar-126,caspar32,1,True,474,2.259021047,105858.984375,1.002646349038383,native,accepted
trafalgar-126,caspar32,1,True,475,2.26367744,105858.984375,1.002646349038383,native,rejected
trafalgar-126,caspar32,1,True,476,2.268331192,105858.984375,1.002646349038383,native,rejected
trafalgar-126,caspar32,1,True,477,2.272980685,105858.984375,1.002646349038383,native,rejected
trafalgar-126,caspar32,1,True,478,2.277628268,105856.203125,1.0026200063507527,native,accepted
trafalgar-126,caspar32,1,True,479,2.2822895,105853.8125,1.0025973634788006,native,accepted
trafalgar-126,caspar32,1,True,480,2.287099413,105850.921875,1.0025699848427803,native,accepted
trafalgar-126,caspar32,1,True,481,2.292001256,105847.6796875,1.0025392763726493,native,accepted
trafalgar-126,caspar32,1,True,482,2.296659668,105847.6796875,1.0025392763726493,native,rejected
trafalgar-126,caspar32,1,True,483,2.301321191,105847.6796875,1.0025392763726493,native,rejected
trafalgar-126,caspar32,1,True,484,2.306074404,105845.0390625,1.0025142656186632,native,accepted
trafalgar-126,caspar32,1,True,485,2.310787497,105842.3359375,1.0024886628941685,native,accepted
trafalgar-126,caspar32,1,True,486,2.315474939,105839.078125,1.0024578064314102,native,accepted
trafalgar-126,caspar32,1,True,487,2.320154262,105835.421875,1.0024231761566602,native,accepted
trafalgar-126,caspar32,1,True,488,2.324820755,105835.421875,1.0024231761566602,native,rejected
trafalgar-126,caspar32,1,True,489,2.329481917,105835.421875,1.0024231761566602,native,rejected
trafalgar-126,caspar32,1,True,490,2.33468305,105835.421875,1.0024231761566602,native,rejected
trafalgar-126,caspar32,1,True,491,2.339551123,105832.34375,1.0023940216091143,native,accepted
trafalgar-126,caspar32,1,True,492,2.344268676,105830.1171875,1.0023729326597473,native,accepted
trafalgar-126,caspar32,1,True,493,2.348994299,105827.171875,1.0023450360495318,native,accepted
trafalgar-126,caspar32,1,True,494,2.353757971,105823.71875,1.0023123296789345,native,accepted
trafalgar-126,caspar32,1,True,495,2.358408634,105823.71875,1.0023123296789345,native,rejected
trafalgar-126,caspar32,1,True,496,2.363367767,105823.71875,1.0023123296789345,native,rejected
trafalgar-126,caspar32,1,True,497,2.36806815,105820.515625,1.0022819911903713,native,accepted
trafalgar-126,caspar32,1,True,498,2.372722142,105817.421875,1.0022526886501983,native,accepted
trafalgar-126,caspar32,1,True,499,2.377516485,105817.421875,1.0022526886501983,native,rejected
trafalgar-126,caspar32,1,True,500,2.382770288,105817.421875,1.0022526886501983,native,rejected
trafalgar-126,caspar32,1,True,501,2.388289851,105814.609375,1.0022260499773137,native,accepted
trafalgar-126,caspar32,1,True,502,2.393059514,105811.5703125,1.0021972654113354,native,accepted
trafalgar-126,caspar32,1,True,503,2.397707367,105811.5703125,1.0021972654113354,native,rejected
trafalgar-126,caspar32,1,True,504,2.402382389,105811.5703125,1.0021972654113354,native,rejected
trafalgar-126,caspar32,1,True,505,2.407097552,105808.3515625,1.0021667789301452,native,accepted
trafalgar-126,caspar32,1,True,506,2.411788355,105805.4609375,1.0021394002941248,native,accepted
trafalgar-126,caspar32,1,True,507,2.416451677,105805.4609375,1.0021394002941248,native,rejected
trafalgar-126,caspar32,1,True,508,2.42109274,105805.4609375,1.0021394002941248,native,rejected
trafalgar-126,caspar32,1,True,509,2.425764693,105802.4375,1.0021107637207738,native,accepted
trafalgar-126,caspar32,1,True,510,2.430540716,105799.625,1.0020841250478891,native,accepted
trafalgar-126,caspar32,1,True,511,2.437021819,105799.625,1.0020841250478891,native,rejected
trafalgar-126,caspar32,1,True,512,2.441742182,105796.5703125,1.0020551924892838,native,accepted
trafalgar-126,caspar32,1,True,513,2.446445454,105793.5390625,1.0020264819196192,native,accepted
trafalgar-126,caspar32,1,True,514,2.451266917,105793.5390625,1.0020264819196192,native,rejected
trafalgar-126,caspar32,1,True,515,2.45597487,105793.5390625,1.0020264819196192,native,rejected
trafalgar-126,caspar32,1,True,516,2.460672293,105790.5,1.001997697353641,native,accepted
trafalgar-126,caspar32,1,True,517,2.465381035,105787.46875,1.0019689867839763,native,accepted
trafalgar-126,caspar32,1,True,518,2.470071388,105787.46875,1.0019689867839763,native,rejected
trafalgar-126,caspar32,1,True,519,2.474708871,105787.46875,1.0019689867839763,native,rejected
trafalgar-126,caspar32,1,True,520,2.479452473,105787.46875,1.0019689867839763,native,rejected
trafalgar-126,caspar32,1,True,521,2.484253156,105784.796875,1.0019436800447359,native,accepted
trafalgar-126,caspar32,1,True,522,2.489502329,105782.5234375,1.0019221471174875,native,accepted
trafalgar-126,caspar32,1,True,523,2.494199262,105780.0078125,1.0018983203045184,native,accepted
trafalgar-126,caspar32,1,True,524,2.498914605,105776.8828125,1.001868721779091,native,accepted
trafalgar-126,caspar32,1,True,525,2.503770948,105776.8828125,1.001868721779091,native,rejected
trafalgar-126,caspar32,1,True,526,2.50841439,105776.8828125,1.001868721779091,native,rejected
trafalgar-126,caspar32,1,True,527,2.513067133,105774.1484375,1.001842823069342,native,accepted
trafalgar-126,caspar32,1,True,528,2.517744915,105771.453125,1.0018172943411607,native,accepted
trafalgar-126,caspar32,1,True,529,2.522437218,105771.453125,1.0018172943411607,native,rejected
trafalgar-126,caspar32,1,True,530,2.527098581,105771.453125,1.0018172943411607,native,rejected
trafalgar-126,caspar32,1,True,531,2.533176184,105768.875,1.0017928755576833,native,accepted
trafalgar-126,caspar32,1,True,532,2.538893468,105766.140625,1.0017669768479343,native,accepted
trafalgar-126,caspar32,1,True,533,2.54358343,105766.140625,1.0017669768479343,native,rejected
trafalgar-126,caspar32,1,True,534,2.548255493,105766.140625,1.0017669768479343,native,rejected
trafalgar-126,caspar32,1,True,535,2.553083676,105763.2109375,1.001739228230346,native,accepted
trafalgar-126,caspar32,1,True,536,2.557892419,105760.5078125,1.0017136255058512,native,accepted
trafalgar-126,caspar32,1,True,537,2.562621821,105760.5078125,1.0017136255058512,native,rejected
trafalgar-126,caspar32,1,True,538,2.567452304,105760.5078125,1.0017136255058512,native,rejected
trafalgar-126,caspar32,1,True,539,2.572199977,105757.453125,1.001684692947246,native,accepted
trafalgar-126,caspar32,1,True,540,2.57702975,105754.7265625,1.0016588682338106,native,accepted
trafalgar-126,caspar32,1,True,541,2.581908682,105754.7265625,1.0016588682338106,native,rejected
trafalgar-126,caspar32,1,True,542,2.586898835,105754.7265625,1.0016588682338106,native,rejected
trafalgar-126,caspar32,1,True,543,2.591843858,105751.8671875,1.0016317855830443,native,accepted
trafalgar-126,caspar32,1,True,544,2.596561541,105749.1015625,1.0016055908880412,native,accepted
trafalgar-126,caspar32,1,True,545,2.601221203,105749.1015625,1.0016055908880412,native,rejected
trafalgar-126,caspar32,1,True,546,2.606002736,105749.1015625,1.0016055908880412,native,rejected
trafalgar-126,caspar32,1,True,547,2.610677199,105746.015625,1.0015763623441816,native,accepted
trafalgar-126,caspar32,1,True,548,2.615380122,105743.3359375,1.0015509816086277,native,accepted
trafalgar-126,caspar32,1,True,549,2.620030994,105743.3359375,1.0015509816086277,native,rejected
trafalgar-126,caspar32,1,True,550,2.624690937,105743.3359375,1.0015509816086277,native,rejected
trafalgar-126,caspar32,1,True,551,2.62940353,105740.0078125,1.0015194591790473,native,accepted
trafalgar-126,caspar32,1,True,552,2.634109932,105737.1875,1.001492746509849,native,accepted
trafalgar-126,caspar32,1,True,553,2.638779135,105737.1875,1.001492746509849,native,rejected
trafalgar-126,caspar32,1,True,554,2.643479108,105737.1875,1.001492746509849,native,rejected
trafalgar-126,caspar32,1,True,555,2.648237801,105734.3203125,1.0014655898627693,native,accepted
trafalgar-126,caspar32,1,True,556,2.652919583,105731.4921875,1.0014388031972576,native,accepted
trafalgar-126,caspar32,1,True,557,2.658140296,105731.4921875,1.0014388031972576,native,rejected
trafalgar-126,caspar32,1,True,558,2.663224819,105731.4921875,1.0014388031972576,native,rejected
trafalgar-126,caspar32,1,True,559,2.668192852,105728.7890625,1.001413200472763,native,accepted
trafalgar-126,caspar32,1,True,560,2.673217175,105725.9296875,1.0013861178219967,native,accepted
trafalgar-126,caspar32,1,True,561,2.678077718,105725.9296875,1.0013861178219967,native,rejected
trafalgar-126,caspar32,1,True,562,2.684207901,105725.9296875,1.0013861178219967,native,rejected
trafalgar-126,caspar32,1,True,563,2.689151184,105725.9296875,1.0013861178219967,native,rejected
trafalgar-126,caspar32,1,True,564,2.693866757,105723.6328125,1.0013643629058075,native,accepted
trafalgar-126,caspar32,1,True,565,2.69852917,105721.6171875,1.001345271856907,native,accepted
trafalgar-126,caspar32,1,True,566,2.703200502,105718.2890625,1.0013137494273268,native,accepted
trafalgar-126,caspar32,1,True,567,2.707880005,105715.265625,1.0012851128539757,native,accepted
trafalgar-126,caspar32,1,True,568,2.712560807,105715.265625,1.0012851128539757,native,rejected
trafalgar-126,caspar32,1,True,569,2.71741535,105715.265625,1.0012851128539757,native,rejected
trafalgar-126,caspar32,1,True,570,2.722124683,105712.7265625,1.0012610640520658,native,accepted
trafalgar-126,caspar32,1,True,571,2.726792106,105710.15625,1.0012367192649019,native,accepted
trafalgar-126,caspar32,1,True,572,2.731511538,105710.15625,1.0012367192649019,native,rejected
trafalgar-126,caspar32,1,True,573,2.736224081,105710.15625,1.0012367192649019,native,rejected
trafalgar-126,caspar32,1,True,574,2.740970224,105707.96875,1.0012160002971027,native,accepted
trafalgar-126,caspar32,1,True,575,2.745687776,105705.609375,1.001193653410405,native,accepted
trafalgar-126,caspar32,1,True,576,2.750347029,105705.609375,1.001193653410405,native,rejected
trafalgar-126,caspar32,1,True,577,2.755133212,105703.296875,1.0011717505015887,native,accepted
trafalgar-126,caspar32,1,True,578,2.759827465,105700.5859375,1.0011460737807805,native,accepted
trafalgar-126,caspar32,1,True,579,2.764481687,105700.5859375,1.0011460737807805,native,rejected
trafalgar-126,caspar32,1,True,580,2.76911907,105700.5859375,1.0011460737807805,native,rejected
trafalgar-126,caspar32,1,True,581,2.773811853,105697.4765625,1.00111662324798,native,accepted
trafalgar-126,caspar32,1,True,582,2.778486345,105694.8671875,1.0010919084792482,native,accepted
trafalgar-126,caspar32,1,True,583,2.783194988,105694.8671875,1.0010919084792482,native,rejected
trafalgar-126,caspar32,1,True,584,2.787922951,105694.8671875,1.0010919084792482,native,rejected
trafalgar-126,caspar32,1,True,585,2.792611243,105692.6875,1.0010712635077625,native,accepted
trafalgar-126,caspar32,1,True,586,2.797284656,105690.3046875,1.0010486946321242,native,accepted
trafalgar-126,caspar32,1,True,587,2.801992929,105690.3046875,1.0010486946321242,native,rejected
trafalgar-126,caspar32,1,True,588,2.806633752,105687.7578125,1.0010245718339008,native,accepted
trafalgar-126,caspar32,1,True,589,2.811364484,105684.96875,1.0009981551499567,native,accepted
trafalgar-126,caspar32,1,True,590,2.816007777,105684.96875,1.0009981551499567,native,rejected
trafalgar-126,caspar32,1,True,591,2.8206538,105684.96875,1.0009981551499567,native,rejected
trafalgar-126,caspar32,1,True,592,2.825360772,105684.96875,1.0009981551499567,native,rejected
trafalgar-126,caspar32,1,True,593,2.830096415,105682.625,1.0009759562558862,native,accepted
trafalgar-126,caspar32,1,True,594,2.834934498,105680.6640625,1.0009573831811804,native,accepted
trafalgar-126,caspar32,1,True,595,2.839713371,105678.234375,1.0009343703276607,native,accepted
trafalgar-126,caspar32,1,True,596,2.844381893,105675.453125,1.0009080276400304,native,accepted
trafalgar-126,caspar32,1,True,597,2.849048096,105675.453125,1.0009080276400304,native,rejected
trafalgar-126,caspar32,1,True,598,2.853722188,105675.453125,1.0009080276400304,native,rejected
trafalgar-126,caspar32,1,True,599,2.858391271,105673.359375,1.0008881966279939,native,accepted
trafalgar-126,caspar32,1,True,600,2.862568104,105672.2890625,1.000878059133035,native,accepted
trafalgar-126,caspar32,1,True,600,2.862571413,105672.35455621486,1.0008786794585982,independent_fp64,audited_endpoint
trafalgar-126,caspar64,1,False,0,0.0,15080988.133703478,142.84000343876312,native,initial
trafalgar-126,caspar64,1,False,1,0.009230785,1866458.0585022364,17.678210017216934,native,accepted
trafalgar-126,caspar64,1,False,2,0.020952592,535703.077767682,5.073926774034303,native,accepted
trafalgar-126,caspar64,1,False,3,0.032280238,273931.8671789891,2.594553387545484,native,accepted
trafalgar-126,caspar64,1,False,4,0.043586115,172930.78896365865,1.63791883338423,native,accepted
trafalgar-126,caspar64,1,False,5,0.054916181,139328.63874973325,1.3196551221768495,native,accepted
trafalgar-126,caspar64,1,False,6,0.066223008,128274.51411160234,1.2149556696393597,native,accepted
trafalgar-126,caspar64,1,False,7,0.077549994,123641.74006587222,1.1710762199138995,native,accepted
trafalgar-126,caspar64,1,False,8,0.088857711,121359.12682427194,1.149456384370704,native,accepted
trafalgar-126,caspar64,1,False,9,0.100177917,119435.48686911623,1.1312365744104196,native,accepted
trafalgar-126,caspar64,1,False,10,0.111502074,118348.4165054571,1.1209403568743663,native,accepted
trafalgar-126,caspar64,1,False,11,0.12281408,116274.0882843381,1.1012932987631285,native,accepted
trafalgar-126,caspar64,1,False,12,0.134142467,114868.08826080286,1.0879763299799061,native,accepted
trafalgar-126,caspar64,1,False,13,0.145453523,114542.6486474451,1.0848939195251666,native,accepted
trafalgar-126,caspar64,1,False,14,0.15677954,114146.02350229594,1.0811372733031333,native,accepted
trafalgar-126,caspar64,1,False,15,0.168076656,113195.20918074856,1.0721316087037474,native,accepted
trafalgar-126,caspar64,1,False,16,0.179378103,112181.39929951803,1.0625292798883303,native,accepted
trafalgar-126,caspar64,1,False,17,0.190693209,111933.16475497384,1.0601781194151603,native,accepted
trafalgar-126,caspar64,1,False,18,0.202013626,111691.52582888845,1.057889429527802,native,accepted
trafalgar-126,caspar64,1,False,19,0.213335662,111448.78486431536,1.0555903016518997,native,accepted
trafalgar-126,caspar64,1,False,20,0.224638329,111245.01637920014,1.0536603027117426,native,accepted
trafalgar-126,caspar64,1,False,21,0.235928805,110977.22917492999,1.0511239486718293,native,accepted
trafalgar-126,caspar64,1,False,22,0.247238952,110680.50024355484,1.048313472249314,native,accepted
trafalgar-126,caspar64,1,False,23,0.258549228,110391.16620217712,1.0455730367354776,native,accepted
trafalgar-126,caspar64,1,False,24,0.269871065,110194.13267466926,1.0437068281357986,native,accepted
trafalgar-126,caspar64,1,False,25,0.281189071,109885.19838553917,1.040780748323888,native,accepted
trafalgar-126,caspar64,1,False,26,0.292502188,109577.62904087332,1.0378675966218756,native,accepted
trafalgar-126,caspar64,1,False,27,0.303809794,109186.01475831302,1.0341584109258422,native,accepted
trafalgar-126,caspar64,1,False,28,0.315136671,108756.75992126962,1.0300927116589382,native,accepted
trafalgar-126,caspar64,1,False,29,0.326466437,108403.4917885598,1.0267467226001508,native,accepted
trafalgar-126,caspar64,1,False,30,0.337769784,107879.98085961632,1.0217882741067525,native,accepted
trafalgar-126,caspar64,1,False,31,0.34908096,107626.00399253708,1.0193827250641214,native,accepted
trafalgar-126,caspar64,1,False,32,0.360380537,107582.54768080688,1.018971127384848,native,accepted
trafalgar-126,caspar64,1,False,33,0.371675063,107527.65688060105,1.0184512276262485,native,accepted
trafalgar-126,caspar64,1,False,34,0.38300385,107500.23379424718,1.0181914890922505,native,accepted
trafalgar-126,caspar64,1,False,35,0.394314476,107460.38453175535,1.0178140556813293,native,accepted
trafalgar-126,caspar64,1,False,36,0.405628963,107431.20407392777,1.0175376721539715,native,accepted
trafalgar-126,caspar64,1,False,37,0.416952189,107386.64145561324,1.017115596060757,native,accepted
trafalgar-126,caspar64,1,False,38,0.428288346,107305.90978756346,1.0163509437952947,native,accepted
trafalgar-126,caspar64,1,False,39,0.439607622,107212.6450770241,1.0154675844652528,native,accepted
trafalgar-126,caspar64,1,False,40,0.450913599,107195.44959785485,1.0153047170004759,native,accepted
trafalgar-126,caspar64,1,False,41,0.462225085,107164.84952372064,1.0150148875373262,native,accepted
trafalgar-126,caspar64,1,False,42,0.473542742,107141.84017883676,1.0147969538798498,native,accepted
trafalgar-126,caspar64,1,False,43,0.484833598,107107.59319247818,1.0144725825849548,native,accepted
trafalgar-126,caspar64,1,False,44,0.496149325,107069.82463671199,1.0141148566463298,native,accepted
trafalgar-126,caspar64,1,False,45,0.507494131,107022.4235751587,1.0136658961581146,native,accepted
trafalgar-126,caspar64,1,False,46,0.518793258,106994.54357640217,1.013401829965439,native,accepted
trafalgar-126,caspar64,1,False,47,0.530099574,106959.42691974872,1.0130692215638764,native,accepted
trafalgar-126,caspar64,1,False,48,0.542692881,106945.84120657848,1.0129405440993262,native,accepted
trafalgar-126,caspar64,1,False,49,0.554006828,106900.26032633368,1.0125088235095885,native,accepted
trafalgar-126,caspar64,1,False,50,0.565335274,106873.11374134949,1.0122517038660934,native,accepted
trafalgar-126,caspar64,1,False,51,0.576640181,106847.48771770282,1.0120089862620902,native,accepted
trafalgar-126,caspar64,1,False,52,0.587939767,106822.71569690412,1.0117743573700906,native,accepted
trafalgar-126,caspar64,1,False,53,0.599238694,106764.49778828463,1.0112229448105368,native,accepted
trafalgar-126,caspar64,1,False,54,0.61055387,106745.66228363023,1.0110445437982323,native,accepted
trafalgar-126,caspar64,1,False,55,0.621870487,106725.78951601245,1.0108563183205848,native,accepted
trafalgar-126,caspar64,1,False,56,0.635824735,106707.6656249985,1.0106846573768984,native,accepted
trafalgar-126,caspar64,1,False,57,0.647317181,106700.00735059183,1.0106121218153763,native,accepted
trafalgar-126,caspar64,1,False,58,0.658815608,106675.37119953218,1.010378779817433,native,accepted
trafalgar-126,caspar64,1,False,59,0.670139154,106643.48569523921,1.0100767753663669,native,accepted
trafalgar-126,caspar64,1,False,60,0.681480161,106589.06692725208,1.0095613464742081,native,accepted
trafalgar-126,caspar64,1,False,61,0.692833638,106576.30502987832,1.0094404718041539,native,accepted
trafalgar-126,caspar64,1,False,62,0.704150364,106562.2844335947,1.0093076753319592,native,accepted
trafalgar-126,caspar64,1,False,63,0.715450671,106525.48940727892,1.0089591702049159,native,accepted
trafalgar-126,caspar64,1,False,64,0.729669109,106491.82190325663,1.0086402874932736,native,accepted
trafalgar-126,caspar64,1,False,65,0.741030565,106479.37559055477,1.008522401892319,native,accepted
trafalgar-126,caspar64,1,False,66,0.752650312,106459.93346214714,1.0083382552260671,native,accepted
trafalgar-126,caspar64,1,False,67,0.763971479,106445.7203465603,1.0082036353018753,native,accepted
trafalgar-126,caspar64,1,False,68,0.775308115,106438.72173332673,1.008137347739715,native,accepted
trafalgar-126,caspar64,1,False,69,0.786657661,106421.83098503201,1.0079773665419904,native,accepted
trafalgar-126,caspar64,1,False,70,0.798302848,106412.39274703861,1.0078879720052742,native,accepted
trafalgar-126,caspar64,1,False,71,0.809639305,106399.53687727088,1.0077662072730464,native,accepted
trafalgar-126,caspar64,1,False,72,0.821383041,106377.46985772876,1.0075571988765586,native,accepted
trafalgar-126,caspar64,1,False,73,0.832752188,106352.37979581465,1.0073195576491856,native,accepted
trafalgar-126,caspar64,1,False,74,0.844084145,106343.09825671522,1.0072316472904528,native,accepted
trafalgar-126,caspar64,1,False,75,0.855450601,106330.02916655975,1.0071078630353232,native,accepted
trafalgar-126,caspar64,1,False,76,0.866776827,106322.15702487923,1.0070333018238995,native,accepted
trafalgar-126,caspar64,1,False,77,0.878181834,106311.60960884449,1.0069334016761562,native,accepted
trafalgar-126,caspar64,1,False,78,0.889597291,106290.4693621691,1.0067331712349517,native,accepted
trafalgar-126,caspar64,1,False,79,0.900918937,106244.22844934327,1.0062951991280518,native,accepted
trafalgar-126,caspar64,1,False,80,0.912277464,106236.42854065308,1.0062213220734284,native,accepted
trafalgar-126,caspar64,1,False,81,0.92364561,106223.57338487639,1.0060995641037866,native,accepted
trafalgar-126,caspar64,1,False,82,0.936536467,106209.13630425444,1.005962822888463,native,accepted
trafalgar-126,caspar64,1,False,83,0.947890274,106204.47416794466,1.0059186653332275,native,accepted
trafalgar-126,caspar64,1,False,84,0.959236891,106193.67744813746,1.0058164038977886,native,accepted
trafalgar-126,caspar64,1,False,85,0.970576397,106182.973522487,1.0057150213648163,native,accepted
trafalgar-126,caspar64,1,False,86,0.981940833,106169.90809756583,1.0055912718250566,native,accepted
trafalgar-126,caspar64,1,False,87,0.99348827,106161.46493050411,1.0055113021306679,native,accepted
trafalgar-126,caspar64,1,False,88,1.004848887,106148.85175630274,1.0053918360963257,native,accepted
trafalgar-126,caspar64,1,False,89,1.016270973,106134.71498205961,1.0052579392413186,native,accepted
trafalgar-126,caspar64,1,False,90,1.030615181,106113.30186881573,1.0050551243367332,native,accepted
trafalgar-126,caspar64,1,False,91,1.041961758,106107.9381384016,1.0050043216131976,native,accepted
trafalgar-126,caspar64,1,False,92,1.053319365,106098.8247034479,1.004918003457611,native,accepted
trafalgar-126,caspar64,1,False,93,1.064679111,106095.11264748486,1.0048828446151117,native,accepted
trafalgar-126,caspar64,1,False,94,1.076002598,106083.49233272341,1.0047727824768906,native,accepted
trafalgar-126,caspar64,1,False,95,1.087323014,106077.34007720121,1.0047145112156073,native,accepted
trafalgar-126,caspar64,1,False,96,1.098876641,106067.60358264098,1.0046222917334267,native,accepted
trafalgar-126,caspar64,1,False,97,1.110542617,106060.93646303544,1.0045591439224915,native,accepted
trafalgar-126,caspar64,1,False,98,1.122483614,106051.6259125091,1.0044709587812124,native,accepted
trafalgar-126,caspar64,1,False,99,1.136333742,106048.64594276572,1.0044427339139412,native,accepted
trafalgar-126,caspar64,1,False,100,1.147706809,106040.12340445531,1.0043620124525374,native,accepted
trafalgar-126,caspar64,1,False,101,1.159071085,106035.29367475236,1.004316267531763,native,accepted
trafalgar-126,caspar64,1,False,102,1.170460342,106027.29164220931,1.00424047605538,native,accepted
trafalgar-126,caspar64,1,False,103,1.181830938,106010.8839552397,1.0040850701865878,native,accepted
trafalgar-126,caspar64,1,False,104,1.193204905,105975.12419467967,1.0037463706082792,native,accepted
trafalgar-126,caspar64,1,False,105,1.204568491,105969.08499744633,1.00368917018176,native,accepted
trafalgar-126,caspar64,1,False,106,1.215949428,105961.88760148078,1.0036209998433607,native,accepted
trafalgar-126,caspar64,1,False,107,1.227259185,105945.51449461597,1.0034659215010042,native,accepted
trafalgar-126,caspar64,1,False,108,1.238550281,105939.14683402862,1.0034056100245858,native,accepted
trafalgar-126,caspar64,1,False,109,1.249871747,105933.3393877339,1.0033506046336025,native,accepted
trafalgar-126,caspar64,1,False,110,1.261197434,105926.2500488098,1.0032834577605119,native,accepted
trafalgar-126,caspar64,1,False,111,1.27253921,105922.8123017753,1.0032508970427474,native,accepted
trafalgar-126,caspar64,1,False,112,1.283840417,105914.51836501564,1.0031723407873636,native,accepted
trafalgar-126,caspar64,1,False,113,1.295155123,105910.76612098626,1.0031368013024633,native,accepted
trafalgar-126,caspar64,1,False,114,1.30647236,105905.45465285199,1.0030864935825818,native,accepted
trafalgar-126,caspar64,1,False,115,1.317765496,105884.10856675102,1.0028843135274665,native,accepted
trafalgar-126,caspar64,1,False,116,1.329061283,105860.61280519135,1.0026617727607592,native,accepted
trafalgar-126,caspar64,1,False,117,1.340369379,105852.35912896247,1.0025835978341255,native,accepted
trafalgar-126,caspar64,1,False,118,1.351675976,105836.1638118317,1.0024302034322374,native,accepted
trafalgar-126,caspar64,1,False,119,1.364088933,105832.45235052021,1.0023950502219972,native,accepted
trafalgar-126,caspar64,1,False,120,1.375428779,105826.7463714795,1.0023410058809652,native,accepted
trafalgar-126,caspar64,1,False,121,1.386758166,105814.92297640193,1.0022290202618156,native,accepted
trafalgar-126,caspar64,1,False,122,1.398056932,105799.44623000399,1.0020824318228418,native,accepted
trafalgar-126,caspar64,1,False,123,1.409365049,105793.50494402928,1.0020261587655637,native,accepted
trafalgar-126,caspar64,1,False,124,1.420664535,105783.0970594632,1.0019275801940517,native,accepted
trafalgar-126,caspar64,1,False,125,1.431971522,105778.54279158516,1.0018844443177026,native,accepted
trafalgar-126,caspar64,1,False,126,1.443293968,105772.5674684318,1.001827848876329,native,accepted
trafalgar-126,caspar64,1,False,127,1.454591135,105767.37307469374,1.0017786500298855,native,accepted
trafalgar-126,caspar64,1,False,128,1.465974281,105757.86303676279,1.001688575438041,native,accepted
trafalgar-126,caspar64,1,False,129,1.477288098,105748.08723031786,1.0015959836122381,native,accepted
trafalgar-126,caspar64,1,False,130,1.488727304,105732.46328521526,1.0014480009765911,native,accepted
trafalgar-126,caspar64,1,False,131,1.500034121,105728.14910581609,1.001407139105025,native,accepted
trafalgar-126,caspar64,1,False,132,1.513076478,105723.31872586484,1.0013613880254053,native,accepted
trafalgar-126,caspar64,1,False,133,1.524634985,105715.9110055523,1.0012912255940358,native,accepted
trafalgar-126,caspar64,1,False,134,1.535956611,105710.42466614899,1.0012392615760093,native,accepted
trafalgar-126,caspar64,1,False,135,1.547270038,105704.07458650963,1.0011791166180344,native,accepted
trafalgar-126,caspar64,1,False,136,1.558562135,105699.90631013941,1.001139636671112,native,accepted
trafalgar-126,caspar64,1,False,137,1.570561291,105692.69471393552,1.0010713318347557,native,accepted
trafalgar-126,caspar64,1,False,138,1.581921448,105685.10606943523,1.0009994557748514,native,accepted
trafalgar-126,caspar64,1,False,139,1.593548585,105676.37603528833,1.0009167690107938,native,accepted
trafalgar-126,caspar64,1,False,140,1.604862971,105673.72769010428,1.0008916851348673,native,accepted
trafalgar-126,caspar64,1,False,141,1.616164608,105667.28142496635,1.0008306291532363,native,accepted
trafalgar-126,caspar64,1,False,142,1.627503244,105664.5792839848,1.0008050357489,native,accepted
trafalgar-126,caspar64,1,False,143,1.639614961,105660.6035307475,1.000767379290248,native,accepted
trafalgar-126,caspar64,1,False,144,1.650928058,105644.08568746745,1.0006109300728623,native,accepted
trafalgar-126,caspar64,1,False,145,1.662917884,105621.9150303211,1.0004009400698897,native,accepted
trafalgar-126,caspar64,1,False,146,1.674224821,105618.34287762221,1.0003671063250934,native,accepted
trafalgar-126,caspar64,1,False,147,1.685710068,105613.06361654439,1.0003171036552534,native,accepted
trafalgar-126,caspar64,1,False,148,1.697508404,105608.01676423025,1.0002693022515579,native,accepted
trafalgar-126,caspar64,1,False,149,1.708853371,105595.79496119858,1.0001535431002613,native,accepted
trafalgar-126,caspar64,1,False,150,1.720184657,105545.78460255804,0.999679868581267,native,accepted
trafalgar-126,caspar64,1,False,150,1.720187377,105545.784602558,0.9996798685812666,independent_fp64,audited_endpoint
trafalgar-126,caspar32,2,False,0,0.0,15080566.0,142.83600518751314,native,initial
trafalgar-126,caspar32,2,False,1,0.005609023,1866520.5,17.678801433619906,native,accepted
trafalgar-126,caspar32,2,False,2,0.010595516,535724.75,5.074132043192488,native,accepted
trafalgar-126,caspar32,2,False,3,0.015258398,273931.96875,2.5945543495781713,native,accepted
trafalgar-126,caspar32,2,False,4,0.019925831,172930.109375,1.6379123966411284,native,accepted
trafalgar-126,caspar32,2,False,5,0.024630054,139329.953125,1.3196675713191708,native,accepted
trafalgar-126,caspar32,2,False,6,0.029292236,128275.71875,1.2149670794058376,native,accepted
trafalgar-126,caspar32,2,False,7,0.033970879,123642.4375,1.1710828256808643,native,accepted
trafalgar-126,caspar32,2,False,8,0.038633012,121360.1015625,1.1494656166312571,native,accepted
trafalgar-126,caspar32,2,False,9,0.043260665,119442.28125,1.1313009275801322,native,accepted
trafalgar-126,caspar32,2,False,10,0.047943037,118357.3125,1.121024615536984,native,accepted
trafalgar-126,caspar32,2,False,11,0.05261489,118357.3125,1.121024615536984,native,rejected
trafalgar-126,caspar32,2,False,12,0.057259053,118357.3125,1.121024615536984,native,rejected
trafalgar-126,caspar32,2,False,13,0.061927795,118357.3125,1.121024615536984,native,rejected
trafalgar-126,caspar32,2,False,14,0.066657648,116542.8359375,1.1038387497217441,native,accepted
trafalgar-126,caspar32,2,False,15,0.071382221,116033.1640625,1.099011378217158,native,accepted
trafalgar-126,caspar32,2,False,16,0.076069573,116033.1640625,1.099011378217158,native,rejected
trafalgar-126,caspar32,2,False,17,0.080765636,116033.1640625,1.099011378217158,native,rejected
trafalgar-126,caspar32,2,False,18,0.085801859,116033.1640625,1.099011378217158,native,rejected
trafalgar-126,caspar32,2,False,19,0.090512462,115548.734375,1.094423088801712,native,accepted
trafalgar-126,caspar32,2,False,20,0.095214634,115245.65625,1.091552475813133,native,accepted
trafalgar-126,caspar32,2,False,21,0.099972937,114522.0625,1.0846989372504126,native,accepted
trafalgar-126,caspar32,2,False,22,0.10469595,114115.6171875,1.080849279037008,native,accepted
trafalgar-126,caspar32,2,False,23,0.109399472,114115.6171875,1.080849279037008,native,rejected
trafalgar-126,caspar32,2,False,24,0.114117175,114115.6171875,1.080849279037008,native,rejected
trafalgar-126,caspar32,2,False,25,0.118818068,114115.6171875,1.080849279037008,native,rejected
trafalgar-126,caspar32,2,False,26,0.12354948,113507.4140625,1.075088666025695,native,accepted
trafalgar-126,caspar32,2,False,27,0.128233093,113299.1484375,1.0731160722985842,native,accepted
trafalgar-126,caspar32,2,False,28,0.132952816,113055.4296875,1.0708076833004991,native,accepted
trafalgar-126,caspar32,2,False,29,0.137619139,112811.984375,1.068501884173389,native,accepted
trafalgar-126,caspar32,2,False,30,0.142304541,112811.984375,1.068501884173389,native,rejected
trafalgar-126,caspar32,2,False,31,0.146956404,112811.984375,1.068501884173389,native,rejected
trafalgar-126,caspar32,2,False,32,0.151609107,112811.984375,1.068501884173389,native,rejected
trafalgar-126,caspar32,2,False,33,0.156327619,112357.8828125,1.0642008484472163,native,accepted
trafalgar-126,caspar32,2,False,34,0.161173882,112203.3515625,1.06273720136483,native,accepted
trafalgar-126,caspar32,2,False,35,0.165884105,112029.484375,1.0610904134063617,native,accepted
trafalgar-126,caspar32,2,False,36,0.170612087,111838.0390625,1.0592771337423639,native,accepted
trafalgar-126,caspar32,2,False,37,0.178266702,111581.296875,1.0568453928895603,native,accepted
trafalgar-126,caspar32,2,False,38,0.182995995,111392.109375,1.0550534981601838,native,accepted
trafalgar-126,caspar32,2,False,39,0.187638577,111392.109375,1.0550534981601838,native,rejected
trafalgar-126,caspar32,2,False,40,0.19229308,111392.109375,1.0550534981601838,native,rejected
trafalgar-126,caspar32,2,False,41,0.196942393,111392.109375,1.0550534981601838,native,rejected
trafalgar-126,caspar32,2,False,42,0.201623825,111392.109375,1.0550534981601838,native,rejected
trafalgar-126,caspar32,2,False,43,0.206545008,111165.8984375,1.052910934900806,native,accepted
trafalgar-126,caspar32,2,False,44,0.211262391,111051.3203125,1.0518257049660094,native,accepted
trafalgar-126,caspar32,2,False,45,0.215989174,110821.328125,1.0496473274908644,native,accepted
trafalgar-126,caspar32,2,False,46,0.220705436,110669.8671875,1.0482127609597107,native,accepted
trafalgar-126,caspar32,2,False,47,0.225422149,110504.890625,1.0466501808060833,native,accepted
trafalgar-126,caspar32,2,False,48,0.230786132,110371.25,1.0453843998661794,native,accepted
trafalgar-126,caspar32,2,False,49,0.235545995,110371.25,1.0453843998661794,native,rejected
trafalgar-126,caspar32,2,False,50,0.240831888,110371.25,1.0453843998661794,native,rejected
trafalgar-126,caspar32,2,False,51,0.245477601,110371.25,1.0453843998661794,native,rejected
trafalgar-126,caspar32,2,False,52,0.250131233,110371.25,1.0453843998661794,native,rejected
trafalgar-126,caspar32,2,False,53,0.255066856,110304.96875,1.0447566151418637,native,accepted
trafalgar-126,caspar32,2,False,54,0.260953529,110230.46875,1.0440509862956737,native,accepted
trafalgar-126,caspar32,2,False,55,0.265813322,110153.046875,1.0433176828282094,native,accepted
trafalgar-126,caspar32,2,False,56,0.270508445,109954.046875,1.0414328487289908,native,accepted
trafalgar-126,caspar32,2,False,57,0.275171558,109845.0703125,1.040400674151023,native,accepted
trafalgar-126,caspar32,2,False,58,0.27989222,109748.125,1.0394824538959506,native,accepted
trafalgar-126,caspar32,2,False,59,0.284614083,109650.1015625,1.038554022149606,native,accepted
trafalgar-126,caspar32,2,False,60,0.289316246,109650.1015625,1.038554022149606,native,rejected
trafalgar-126,caspar32,2,False,61,0.294014948,109650.1015625,1.038554022149606,native,rejected
trafalgar-126,caspar32,2,False,62,0.298691391,109650.1015625,1.038554022149606,native,rejected
trafalgar-126,caspar32,2,False,63,0.303935504,109444.390625,1.036605625217032,native,accepted
trafalgar-126,caspar32,2,False,64,0.310828028,109380.546875,1.0360009273425497,native,accepted
trafalgar-126,caspar32,2,False,65,0.315803551,109287.09375,1.0351157834396425,native,accepted
trafalgar-126,caspar32,2,False,66,0.320559014,109201.375,1.0343038958871682,native,accepted
trafalgar-126,caspar32,2,False,67,0.325237346,109201.375,1.0343038958871682,native,rejected
trafalgar-126,caspar32,2,False,68,0.329905639,109201.375,1.0343038958871682,native,rejected
trafalgar-126,caspar32,2,False,69,0.334570782,109201.375,1.0343038958871682,native,rejected
trafalgar-126,caspar32,2,False,70,0.339326664,109043.21875,1.0328059145152861,native,accepted
trafalgar-126,caspar32,2,False,71,0.344045157,108992.1875,1.0323225705950563,native,accepted
trafalgar-126,caspar32,2,False,72,0.34872676,108916.3515625,1.0316042883792462,native,accepted
trafalgar-126,caspar32,2,False,73,0.353414812,108845.5625,1.0309338077820014,native,accepted
trafalgar-126,caspar32,2,False,74,0.358464515,108758.28125,1.0301071209668133,native,accepted
trafalgar-126,caspar32,2,False,75,0.363679158,108690.9921875,1.0294697907180472,native,accepted
trafalgar-126,caspar32,2,False,76,0.368331881,108690.9921875,1.0294697907180472,native,rejected
trafalgar-126,caspar32,2,False,77,0.372995614,108690.9921875,1.0294697907180472,native,rejected
trafalgar-126,caspar32,2,False,78,0.377655157,108690.9921875,1.0294697907180472,native,rejected
trafalgar-126,caspar32,2,False,79,0.382331569,108690.9921875,1.0294697907180472,native,rejected
trafalgar-126,caspar32,2,False,80,0.387051672,108612.890625,1.0287300495713023,native,accepted
trafalgar-126,caspar32,2,False,81,0.391785534,108570.5234375,1.02832876756282,native,accepted
trafalgar-126,caspar32,2,False,82,0.396510277,108477.8828125,1.027451319276524,native,accepted
trafalgar-126,caspar32,2,False,83,0.40122967,108416.0078125,1.026865268473061,native,accepted
trafalgar-126,caspar32,2,False,84,0.405950453,108355.90625,1.026296014832778,native,accepted
trafalgar-126,caspar32,2,False,85,0.410663735,108302.890625,1.0257938758489016,native,accepted
trafalgar-126,caspar32,2,False,86,0.415335938,108302.890625,1.0257938758489016,native,rejected
trafalgar-126,caspar32,2,False,87,0.419981681,108302.890625,1.0257938758489016,native,rejected
trafalgar-126,caspar32,2,False,88,0.424635843,108302.890625,1.0257938758489016,native,rejected
trafalgar-126,caspar32,2,False,89,0.429302286,108302.890625,1.0257938758489016,native,rejected
trafalgar-126,caspar32,2,False,90,0.434232239,108270.7734375,1.0254896770038213,native,accepted
trafalgar-126,caspar32,2,False,91,0.439894932,108241.34375,1.0252109328906085,native,accepted
trafalgar-126,caspar32,2,False,92,0.445837156,108211.0078125,1.0249236052050217,native,accepted
trafalgar-126,caspar32,2,False,93,0.450605778,108133.109375,1.0241857879624297,native,accepted
trafalgar-126,caspar32,2,False,94,0.456107231,108087.84375,1.0237570533216134,native,accepted
trafalgar-126,caspar32,2,False,95,0.462894805,108045.5390625,1.0233563632836395,native,accepted
trafalgar-126,caspar32,2,False,96,0.467785198,108004.203125,1.0229648487885483,native,accepted
trafalgar-126,caspar32,2,False,97,0.472469381,108004.203125,1.0229648487885483,native,rejected
trafalgar-126,caspar32,2,False,98,0.477154924,108004.203125,1.0229648487885483,native,rejected
trafalgar-126,caspar32,2,False,99,0.481784866,108004.203125,1.0229648487885483,native,rejected
trafalgar-126,caspar32,2,False,100,0.486460649,107926.328125,1.0222272535348969,native,accepted
trafalgar-126,caspar32,2,False,101,0.491155491,107899.15625,1.0219698943563054,native,accepted
trafalgar-126,caspar32,2,False,102,0.495840884,107899.15625,1.0219698943563054,native,rejected
trafalgar-126,caspar32,2,False,103,0.500540967,107899.15625,1.0219698943563054,native,rejected
trafalgar-126,caspar32,2,False,104,0.50525912,107863.984375,1.0216367629526197,native,accepted
trafalgar-126,caspar32,2,False,105,0.509971982,107834.0078125,1.021352839097457,native,accepted
trafalgar-126,caspar32,2,False,106,0.514692035,107773.7265625,1.020781883541962,native,accepted
trafalgar-126,caspar32,2,False,107,0.519414238,107733.0546875,1.020396658733524,native,accepted
trafalgar-126,caspar32,2,False,108,0.52411106,107697.609375,1.0200609374588634,native,accepted
trafalgar-126,caspar32,2,False,109,0.528829883,107665.8984375,1.0197605864220887,native,accepted
trafalgar-126,caspar32,2,False,110,0.533435936,107665.8984375,1.0197605864220887,native,rejected
trafalgar-126,caspar32,2,False,111,0.538058969,107665.8984375,1.0197605864220887,native,rejected
trafalgar-126,caspar32,2,False,112,0.542688391,107665.8984375,1.0197605864220887,native,rejected
trafalgar-126,caspar32,2,False,113,0.547330144,107665.8984375,1.0197605864220887,native,rejected
trafalgar-126,caspar32,2,False,114,0.552009346,107627.546875,1.0193973385187807,native,accepted
trafalgar-126,caspar32,2,False,115,0.556689749,107606.234375,1.0191954765753655,native,accepted
trafalgar-126,caspar32,2,False,116,0.561360982,107606.234375,1.0191954765753655,native,rejected
trafalgar-126,caspar32,2,False,117,0.566032415,107606.234375,1.0191954765753655,native,rejected
trafalgar-126,caspar32,2,False,118,0.570737017,107578.5546875,1.0189333076363922,native,accepted
trafalgar-126,caspar32,2,False,119,0.57543702,107558.0546875,1.0187391413095883,native,accepted
trafalgar-126,caspar32,2,False,120,0.580154743,107519.1640625,1.0183707876606438,native,accepted
trafalgar-126,caspar32,2,False,121,0.584864755,107491.5625,1.0181093586848062,native,accepted
trafalgar-126,caspar32,2,False,122,0.589586418,107452.0234375,1.0177348633418357,native,accepted
trafalgar-126,caspar32,2,False,123,0.594307381,107421.859375,1.0174491635751475,native,accepted
trafalgar-126,caspar32,2,False,124,0.598965984,107421.859375,1.0174491635751475,native,rejected
trafalgar-126,caspar32,2,False,125,0.603599306,107421.859375,1.0174491635751475,native,rejected
trafalgar-126,caspar32,2,False,126,0.608265659,107421.859375,1.0174491635751475,native,rejected
trafalgar-126,caspar32,2,False,127,0.612954461,107421.859375,1.0174491635751475,native,rejected
trafalgar-126,caspar32,2,False,128,0.617675594,107398.890625,1.0172316144132558,native,accepted
trafalgar-126,caspar32,2,False,129,0.622389017,107384.625,1.0170964971446796,native,accepted
trafalgar-126,caspar32,2,False,130,0.6271111,107357.8828125,1.0168432077633345,native,accepted
trafalgar-126,caspar32,2,False,131,0.631814872,107337.7890625,1.016652889244836,native,accepted
trafalgar-126,caspar32,2,False,132,0.636503075,107305.6484375,1.016348468410815,native,accepted
trafalgar-126,caspar32,2,False,133,0.641222178,107280.0859375,1.0161063524728187,native,accepted
trafalgar-126,caspar32,2,False,134,0.645903851,107251.2578125,1.0158333060757507,native,accepted
trafalgar-126,caspar32,2,False,135,0.650587393,107228.203125,1.01561494295441,native,accepted
trafalgar-126,caspar32,2,False,136,0.655230056,107228.203125,1.01561494295441,native,rejected
trafalgar-126,caspar32,2,False,137,0.659873838,107228.203125,1.01561494295441,native,rejected
trafalgar-126,caspar32,2,False,138,0.664526551,107228.203125,1.01561494295441,native,rejected
trafalgar-126,caspar32,2,False,139,0.669186154,107228.203125,1.01561494295441,native,rejected
trafalgar-126,caspar32,2,False,140,0.673904967,107204.7109375,1.0153924360395092,native,accepted
trafalgar-126,caspar32,2,False,141,0.678593749,107190.8125,1.0152607965976708,native,accepted
trafalgar-126,caspar32,2,False,142,0.683305802,107190.8125,1.0152607965976708,native,rejected
trafalgar-126,caspar32,2,False,143,0.688161245,107169.703125,1.0150608585584084,native,accepted
trafalgar-126,caspar32,2,False,144,0.692881487,107150.6484375,1.0148803815496146,native,accepted
trafalgar-126,caspar32,2,False,145,0.69757185,107150.6484375,1.0148803815496146,native,rejected
trafalgar-126,caspar32,2,False,146,0.702271353,107150.6484375,1.0148803815496146,native,rejected
trafalgar-126,caspar32,2,False,147,0.706997406,107132.265625,1.0147062682237877,native,accepted
trafalgar-126,caspar32,2,False,148,0.711722918,107115.734375,1.0145496920242767,native,accepted
trafalgar-126,caspar32,2,False,149,0.716409311,107115.734375,1.0145496920242767,native,rejected
trafalgar-126,caspar32,2,False,150,0.721110414,107115.734375,1.0145496920242767,native,rejected
trafalgar-126,caspar32,2,False,151,0.725833656,107095.8828125,1.014361667391499,native,accepted
trafalgar-126,caspar32,2,False,152,0.730550009,107082.1640625,1.0142317298648726,native,accepted
trafalgar-126,caspar32,2,False,153,0.735253692,107082.1640625,1.0142317298648726,native,rejected
trafalgar-126,caspar32,2,False,154,0.739950594,107082.1640625,1.0142317298648726,native,rejected
trafalgar-126,caspar32,2,False,155,0.744663697,107067.3671875,1.0140915808469737,native,accepted
trafalgar-126,caspar32,2,False,156,0.74933559,107054.90625,1.013973556726832,native,accepted
trafalgar-126,caspar32,2,False,157,0.754029142,107027.890625,1.0137176774745118,native,accepted
trafalgar-126,caspar32,2,False,158,0.758724985,107010.09375,1.0135491138722026,native,accepted
trafalgar-126,caspar32,2,False,159,0.763423828,107010.09375,1.0135491138722026,native,rejected
trafalgar-126,caspar32,2,False,160,0.768102431,107010.09375,1.0135491138722026,native,rejected
trafalgar-126,caspar32,2,False,161,0.772748153,107010.09375,1.0135491138722026,native,rejected
trafalgar-126,caspar32,2,False,162,0.777444466,106996.4140625,1.013419546327144,native,accepted
trafalgar-126,caspar32,2,False,163,0.782165258,106987.0078125,1.0133304547656075,native,accepted
trafalgar-126,caspar32,2,False,164,0.786904321,106966.875,1.0131397662655413,native,accepted
trafalgar-126,caspar32,2,False,165,0.791628014,106952.9921875,1.01300827481633,native,accepted
trafalgar-126,caspar32,2,False,166,0.796338247,106940.4296875,1.0128892887441117,native,accepted
trafalgar-126,caspar32,2,False,167,0.80105876,106925.84375,1.0127511376266791,native,accepted
trafalgar-126,caspar32,2,False,168,0.805719352,106925.84375,1.0127511376266791,native,rejected
trafalgar-126,caspar32,2,False,169,0.810380015,106925.84375,1.0127511376266791,native,rejected
trafalgar-126,caspar32,2,False,170,0.815059477,106925.84375,1.0127511376266791,native,rejected
trafalgar-126,caspar32,2,False,171,0.81977752,106901.4296875,1.0125198991467774,native,accepted
trafalgar-126,caspar32,2,False,172,0.824507203,106889.4140625,1.012406092816509,native,accepted
trafalgar-126,caspar32,2,False,173,0.829175986,106889.4140625,1.012406092816509,native,rejected
trafalgar-126,caspar32,2,False,174,0.833829078,106889.4140625,1.012406092816509,native,rejected
trafalgar-126,caspar32,2,False,175,0.838511691,106889.4140625,1.012406092816509,native,rejected
trafalgar-126,caspar32,2,False,176,0.843226984,106877.953125,1.0122975402245038,native,accepted
trafalgar-126,caspar32,2,False,177,0.847910406,106869.7734375,1.0122200660841976,native,accepted
trafalgar-126,caspar32,2,False,178,0.852615719,106853.6796875,1.0120676336782464,native,accepted
trafalgar-126,caspar32,2,False,179,0.857273962,106840.1015625,1.0119390280852643,native,accepted
trafalgar-126,caspar32,2,False,180,0.861951224,106840.1015625,1.0119390280852643,native,rejected
trafalgar-126,caspar32,2,False,181,0.866624397,106840.1015625,1.0119390280852643,native,rejected
trafalgar-126,caspar32,2,False,182,0.87131424,106840.1015625,1.0119390280852643,native,rejected
trafalgar-126,caspar32,2,False,183,0.876022052,106830.2265625,1.0118454967449135,native,accepted
trafalgar-126,caspar32,2,False,184,0.880677045,106823.5703125,1.011782451885753,native,accepted
trafalgar-126,caspar32,2,False,185,0.885376238,106808.5078125,1.011639786993193,native,accepted
trafalgar-126,caspar32,2,False,186,0.890090581,106798.5234375,1.0115452197044523,native,accepted
trafalgar-126,caspar32,2,False,187,0.894799913,106787.1171875,1.0114371850866422,native,accepted
trafalgar-126,caspar32,2,False,188,0.899527776,106774.765625,1.0113201969148902,native,accepted
trafalgar-126,caspar32,2,False,189,0.904213179,106774.765625,1.0113201969148902,native,rejected
trafalgar-126,caspar32,2,False,190,0.909024931,106774.765625,1.0113201969148902,native,rejected
trafalgar-126,caspar32,2,False,191,0.913711594,106774.765625,1.0113201969148902,native,rejected
trafalgar-126,caspar32,2,False,192,0.918436687,106761.578125,1.0111952911375865,native,accepted
trafalgar-126,caspar32,2,False,193,0.92317416,106752.375,1.0111081234802028,native,accepted
trafalgar-126,caspar32,2,False,194,0.927821452,106752.375,1.0111081234802028,native,rejected
trafalgar-126,caspar32,2,False,195,0.932511315,106752.375,1.0111081234802028,native,rejected
trafalgar-126,caspar32,2,False,196,0.937189108,106740.4609375,1.0109952791020107,native,accepted
trafalgar-126,caspar32,2,False,197,0.94187518,106730.9375,1.0109050775957706,native,accepted
trafalgar-126,caspar32,2,False,198,0.946532593,106730.9375,1.0109050775957706,native,rejected
trafalgar-126,caspar32,2,False,199,0.951170296,106730.9375,1.0109050775957706,native,rejected
trafalgar-126,caspar32,2,False,200,0.955891708,106719.9609375,1.0108011127752068,native,accepted
trafalgar-126,caspar32,2,False,201,0.960563141,106710.75,1.0107138711215093,native,accepted
trafalgar-126,caspar32,2,False,202,0.965245904,106710.75,1.0107138711215093,native,rejected
trafalgar-126,caspar32,2,False,203,0.969936666,106710.75,1.0107138711215093,native,rejected
trafalgar-126,caspar32,2,False,204,0.974610089,106699.21875,1.0106046525626822,native,accepted
trafalgar-126,caspar32,2,False,205,0.979300732,106691.25,1.0105291763228423,native,accepted
trafalgar-126,caspar32,2,False,206,0.983991574,106691.25,1.0105291763228423,native,rejected
trafalgar-126,caspar32,2,False,207,0.988703707,106691.25,1.0105291763228423,native,rejected
trafalgar-126,caspar32,2,False,208,0.99341017,106683.46875,1.0104554759945281,native,accepted
trafalgar-126,caspar32,2,False,209,0.998113363,106675.71875,1.010382071651468,native,accepted
trafalgar-126,caspar32,2,False,210,1.002841045,106661.6875,1.0102491742722988,native,accepted
trafalgar-126,caspar32,2,False,211,1.007522798,106650.4921875,1.010143137554955,native,accepted
trafalgar-126,caspar32,2,False,212,1.012207481,106650.4921875,1.010143137554955,native,rejected
trafalgar-126,caspar32,2,False,213,1.016884893,106650.4921875,1.010143137554955,native,rejected
trafalgar-126,caspar32,2,False,214,1.021582896,106641.5,1.0100579677980377,native,accepted
trafalgar-126,caspar32,2,False,215,1.026300599,106631.6015625,1.0099642144687464,native,accepted
trafalgar-126,caspar32,2,False,216,1.030967521,106631.6015625,1.0099642144687464,native,rejected
trafalgar-126,caspar32,2,False,217,1.035600334,106631.6015625,1.0099642144687464,native,rejected
trafalgar-126,caspar32,2,False,218,1.040281987,106631.6015625,1.0099642144687464,native,rejected
trafalgar-126,caspar32,2,False,219,1.04496388,106623.5703125,1.0098881462583977,native,accepted
trafalgar-126,caspar32,2,False,220,1.049653852,106618.203125,1.0098373107909762,native,accepted
trafalgar-126,caspar32,2,False,221,1.054343705,106606.859375,1.0097298681436746,native,accepted
trafalgar-126,caspar32,2,False,222,1.059044798,106598.9375,1.0096548358817161,native,accepted
trafalgar-126,caspar32,2,False,223,1.06374504,106588.2109375,1.0095532389431865,native,accepted
trafalgar-126,caspar32,2,False,224,1.068459343,106577.7421875,1.0094540838830046,native,accepted
trafalgar-126,caspar32,2,False,225,1.073094666,106577.7421875,1.0094540838830046,native,rejected
trafalgar-126,caspar32,2,False,226,1.077773878,106577.7421875,1.0094540838830046,native,rejected
trafalgar-126,caspar32,2,False,227,1.082402911,106577.7421875,1.0094540838830046,native,rejected
trafalgar-126,caspar32,2,False,228,1.087087844,106566.484375,1.0093474551951522,native,accepted
trafalgar-126,caspar32,2,False,229,1.091769556,106559.4609375,1.0092809325092542,native,accepted
trafalgar-126,caspar32,2,False,230,1.096440629,106559.4609375,1.0092809325092542,native,rejected
trafalgar-126,caspar32,2,False,231,1.101137882,106559.4609375,1.0092809325092542,native,rejected
trafalgar-126,caspar32,2,False,232,1.105857544,106552.46875,1.0092147058086103,native,accepted
trafalgar-126,caspar32,2,False,233,1.110569097,106545.390625,1.0091476651485172,native,accepted
trafalgar-126,caspar32,2,False,234,1.11530175,106533.359375,1.0090337108256215,native,accepted
trafalgar-126,caspar32,2,False,235,1.120026452,106522.359375,1.0089295240161171,native,accepted
trafalgar-126,caspar32,2,False,236,1.124726975,106522.359375,1.0089295240161171,native,rejected
trafalgar-126,caspar32,2,False,237,1.129401808,106522.359375,1.0089295240161171,native,rejected
trafalgar-126,caspar32,2,False,238,1.134194221,106522.359375,1.0089295240161171,native,rejected
trafalgar-126,caspar32,2,False,239,1.138916373,106515.1875,1.008861595400261,native,accepted
trafalgar-126,caspar32,2,False,240,1.143596786,106509.7109375,1.0088097239844496,native,accepted
trafalgar-126,caspar32,2,False,241,1.148289639,106497.8203125,1.0086971015951982,native,accepted
trafalgar-126,caspar32,2,False,242,1.152976691,106488.84375,1.008612079830908,native,accepted
trafalgar-126,caspar32,2,False,243,1.158808385,106481.3984375,1.0085415613440771,native,accepted
trafalgar-126,caspar32,2,False,244,1.163956998,106472.4453125,1.0084567615687274,native,accepted
trafalgar-126,caspar32,2,False,245,1.16860908,106472.4453125,1.0084567615687274,native,rejected
trafalgar-126,caspar32,2,False,246,1.173279503,106472.4453125,1.0084567615687274,native,rejected
trafalgar-126,caspar32,2,False,247,1.177921716,106472.4453125,1.0084567615687274,native,rejected
trafalgar-126,caspar32,2,False,248,1.182603008,106472.4453125,1.0084567615687274,native,rejected
trafalgar-126,caspar32,2,False,249,1.187335281,106465.734375,1.008393198735372,native,accepted
trafalgar-126,caspar32,2,False,250,1.192051994,106461.3125,1.0083513168218923,native,accepted
trafalgar-126,caspar32,2,False,251,1.196767497,106452.7421875,1.0082701428659075,native,accepted
trafalgar-126,caspar32,2,False,252,1.201477779,106446.28125,1.0082089479145864,native,accepted
trafalgar-126,caspar32,2,False,253,1.206209672,106434.015625,1.0080927737022838,native,accepted
trafalgar-126,caspar32,2,False,254,1.210969165,106424.3828125,1.0080015362476538,native,accepted
trafalgar-126,caspar32,2,False,255,1.215655307,106424.3828125,1.0080015362476538,native,rejected
trafalgar-126,caspar32,2,False,256,1.22035758,106424.3828125,1.0080015362476538,native,rejected
trafalgar-126,caspar32,2,False,257,1.225068923,106424.3828125,1.0080015362476538,native,rejected
trafalgar-126,caspar32,2,False,258,1.229960516,106418.484375,1.0079456690309094,native,accepted
trafalgar-126,caspar32,2,False,259,1.235130289,106412.796875,1.0078917997146315,native,accepted
trafalgar-126,caspar32,2,False,260,1.240251472,106412.796875,1.0078917997146315,native,rejected
trafalgar-126,caspar32,2,False,261,1.245222444,106412.796875,1.0078917997146315,native,rejected
trafalgar-126,caspar32,2,False,262,1.250534187,106406.1796875,1.007829124837039,native,accepted
trafalgar-126,caspar32,2,False,263,1.256435151,106400.6171875,1.007776439461778,native,accepted
trafalgar-126,caspar32,2,False,264,1.262029384,106390.34375,1.0076791343094353,native,accepted
trafalgar-126,caspar32,2,False,265,1.267125817,106381.984375,1.007599958253917,native,accepted
trafalgar-126,caspar32,2,False,266,1.27181723,106381.984375,1.007599958253917,native,rejected
trafalgar-126,caspar32,2,False,267,1.276501202,106381.984375,1.007599958253917,native,rejected
trafalgar-126,caspar32,2,False,268,1.281172685,106381.984375,1.007599958253917,native,rejected
trafalgar-126,caspar32,2,False,269,1.285864758,106376.5078125,1.0075480868381055,native,accepted
trafalgar-126,caspar32,2,False,270,1.29057649,106371.9296875,1.0075047249983544,native,accepted
trafalgar-126,caspar32,2,False,271,1.295305903,106362.7734375,1.007418001318852,native,accepted
trafalgar-126,caspar32,2,False,272,1.300000206,106356.34375,1.007357102352785,native,accepted
trafalgar-126,caspar32,2,False,273,1.304717519,106348.234375,1.0072802941793009,native,accepted
trafalgar-126,caspar32,2,False,274,1.309553941,106340.15625,1.007203781991071,native,accepted
trafalgar-126,caspar32,2,False,275,1.314463554,106340.15625,1.007203781991071,native,rejected
trafalgar-126,caspar32,2,False,276,1.319130497,106340.15625,1.007203781991071,native,rejected
trafalgar-126,caspar32,2,False,277,1.32379309,106340.15625,1.007203781991071,native,rejected
trafalgar-126,caspar32,2,False,278,1.328502732,106327.4375,1.0070833159925814,native,accepted
trafalgar-126,caspar32,2,False,279,1.333219305,106321.5078125,1.0070271527905827,native,accepted
trafalgar-126,caspar32,2,False,280,1.338008838,106321.5078125,1.0070271527905827,native,rejected
trafalgar-126,caspar32,2,False,281,1.34274638,106316.015625,1.0069751333821442,native,accepted
trafalgar-126,caspar32,2,False,282,1.347480043,106309.2265625,1.0069108305856531,native,accepted
trafalgar-126,caspar32,2,False,283,1.352140846,106309.2265625,1.0069108305856531,native,rejected
trafalgar-126,caspar32,2,False,284,1.357299529,106309.2265625,1.0069108305856531,native,rejected
trafalgar-126,caspar32,2,False,285,1.362507072,106309.2265625,1.0069108305856531,native,rejected
trafalgar-126,caspar32,2,False,286,1.367357945,106299.59375,1.006819593131023,native,accepted
trafalgar-126,caspar32,2,False,287,1.372065247,106294.6953125,1.0067731974424154,native,accepted
trafalgar-126,caspar32,2,False,288,1.37678321,106290.25,1.006731093539995,native,accepted
trafalgar-126,caspar32,2,False,289,1.381494143,106283.1640625,1.0066639788835883,native,accepted
trafalgar-126,caspar32,2,False,290,1.386156085,106283.1640625,1.0066639788835883,native,rejected
trafalgar-126,caspar32,2,False,291,1.390818868,106283.1640625,1.0066639788835883,native,rejected
trafalgar-126,caspar32,2,False,292,1.395494811,106283.1640625,1.0066639788835883,native,rejected
trafalgar-126,caspar32,2,False,293,1.400210833,106274.640625,1.006583248905485,native,accepted
trafalgar-126,caspar32,2,False,294,1.404947626,106269.6328125,1.0065358172684875,native,accepted
trafalgar-126,caspar32,2,False,295,1.409769319,106269.6328125,1.0065358172684875,native,rejected
trafalgar-126,caspar32,2,False,296,1.414492302,106264.96875,1.006491641469287,native,accepted
trafalgar-126,caspar32,2,False,297,1.419216814,106258.765625,1.0064328883963136,native,accepted
trafalgar-126,caspar32,2,False,298,1.423878317,106258.765625,1.0064328883963136,native,rejected
trafalgar-126,caspar32,2,False,299,1.4285532,106258.765625,1.0064328883963136,native,rejected
trafalgar-126,caspar32,2,False,300,1.434136823,106258.765625,1.0064328883963136,native,rejected
trafalgar-126,caspar32,2,False,301,1.439991666,106250.6953125,1.0063564502043973,native,accepted
trafalgar-126,caspar32,2,False,302,1.445165909,106246.0859375,1.006312792379392,native,accepted
trafalgar-126,caspar32,2,False,303,1.449836932,106246.0859375,1.006312792379392,native,rejected
trafalgar-126,caspar32,2,False,304,1.455049445,106241.5234375,1.006269578532268,native,accepted
trafalgar-126,caspar32,2,False,305,1.460614768,106235.40625,1.0062116394187437,native,accepted
trafalgar-126,caspar32,2,False,306,1.465357651,106235.40625,1.0062116394187437,native,rejected
trafalgar-126,caspar32,2,False,307,1.470029664,106235.40625,1.0062116394187437,native,rejected
trafalgar-126,caspar32,2,False,308,1.474723056,106235.40625,1.0062116394187437,native,rejected
trafalgar-126,caspar32,2,False,309,1.479423449,106230.1328125,1.0061616919070848,native,accepted
trafalgar-126,caspar32,2,False,310,1.484164272,106226.578125,1.0061280235844112,native,accepted
trafalgar-126,caspar32,2,False,311,1.488837214,106220.9140625,1.0060743762570739,native,accepted
trafalgar-126,caspar32,2,False,312,1.493532007,106214.8515625,1.0060169551177447,native,accepted
trafalgar-126,caspar32,2,False,313,1.49818885,106214.8515625,1.0060169551177447,native,rejected
trafalgar-126,caspar32,2,False,314,1.502873702,106214.8515625,1.0060169551177447,native,rejected
trafalgar-126,caspar32,2,False,315,1.507584165,106209.1953125,1.005963381786721,native,accepted
trafalgar-126,caspar32,2,False,316,1.512262868,106204.203125,1.0059160981423507,native,accepted
trafalgar-126,caspar32,2,False,317,1.516913171,106204.203125,1.0059160981423507,native,rejected
trafalgar-126,caspar32,2,False,318,1.521598943,106204.203125,1.0059160981423507,native,rejected
trafalgar-126,caspar32,2,False,319,1.526291736,106198.03125,1.0058576410546316,native,accepted
trafalgar-126,caspar32,2,False,320,1.530962039,106193.5390625,1.0058150931743297,native,accepted
trafalgar-126,caspar32,2,False,321,1.535640271,106193.5390625,1.0058150931743297,native,rejected
trafalgar-126,caspar32,2,False,322,1.540307444,106193.5390625,1.0058150931743297,native,rejected
trafalgar-126,caspar32,2,False,323,1.545010856,106189.25,1.0057744691981805,native,accepted
trafalgar-126,caspar32,2,False,324,1.549707869,106184.78125,1.0057321433068194,native,accepted
trafalgar-126,caspar32,2,False,325,1.554361372,106184.78125,1.0057321433068194,native,rejected
trafalgar-126,caspar32,2,False,326,1.558997324,106184.78125,1.0057321433068194,native,rejected
trafalgar-126,caspar32,2,False,327,1.563702307,106180.3203125,1.0056898914117718,native,accepted
trafalgar-126,caspar32,2,False,328,1.5683998,106176.1796875,1.0056506733655803,native,accepted
trafalgar-126,caspar32,2,False,329,1.573108903,106176.1796875,1.0056506733655803,native,rejected
trafalgar-126,caspar32,2,False,330,1.577817475,106170.3671875,1.0055956201082854,native,accepted
trafalgar-126,caspar32,2,False,331,1.582515578,106165.625,1.0055507043459493,native,accepted
trafalgar-126,caspar32,2,False,332,1.587627321,106165.625,1.0055507043459493,native,rejected
trafalgar-126,caspar32,2,False,333,1.592334174,106165.625,1.0055507043459493,native,rejected
trafalgar-126,caspar32,2,False,334,1.597025546,106160.4765625,1.0055019407753076,native,accepted
trafalgar-126,caspar32,2,False,335,1.601724809,106156.34375,1.0054627967254297,native,accepted
trafalgar-126,caspar32,2,False,336,1.606400592,106156.34375,1.0054627967254297,native,rejected
trafalgar-126,caspar32,2,False,337,1.611107265,106156.34375,1.0054627967254297,native,rejected
trafalgar-126,caspar32,2,False,338,1.615827037,106150.6875,1.005409223394406,native,accepted
trafalgar-126,caspar32,2,False,339,1.62052502,106146.375,1.0053683774293163,native,accepted
trafalgar-126,caspar32,2,False,340,1.625204393,106146.375,1.0053683774293163,native,rejected
trafalgar-126,caspar32,2,False,341,1.629870475,106146.375,1.0053683774293163,native,rejected
trafalgar-126,caspar32,2,False,342,1.634548448,106142.0390625,1.0053273094752857,native,accepted
trafalgar-126,caspar32,2,False,343,1.639213141,106137.640625,1.0052856495507467,native,accepted
trafalgar-126,caspar32,2,False,344,1.643840933,106137.640625,1.0052856495507467,native,rejected
trafalgar-126,caspar32,2,False,345,1.648496696,106137.640625,1.0052856495507467,native,rejected
trafalgar-126,caspar32,2,False,346,1.653196429,106132.1875,1.0052340001238758,native,accepted
trafalgar-126,caspar32,2,False,347,1.657896601,106128.015625,1.0051944860924302,native,accepted
trafalgar-126,caspar32,2,False,348,1.662582064,106128.015625,1.0051944860924302,native,rejected
trafalgar-126,caspar32,2,False,349,1.667271947,106128.015625,1.0051944860924302,native,rejected
trafalgar-126,caspar32,2,False,350,1.672007549,106123.3984375,1.0051507542711111,native,accepted
trafalgar-126,caspar32,2,False,351,1.676723612,106119.125,1.0051102782875891,native,accepted
trafalgar-126,caspar32,2,False,352,1.681380225,106119.125,1.0051102782875891,native,rejected
trafalgar-126,caspar32,2,False,353,1.686063118,106119.125,1.0051102782875891,native,rejected
trafalgar-126,caspar32,2,False,354,1.6907871,106113.2421875,1.005054559063472,native,accepted
trafalgar-126,caspar32,2,False,355,1.695493143,106108.9140625,1.005013565105755,native,accepted
trafalgar-126,caspar32,2,False,356,1.700185196,106108.9140625,1.005013565105755,native,rejected
trafalgar-126,caspar32,2,False,357,1.704857118,106108.9140625,1.005013565105755,native,rejected
trafalgar-126,caspar32,2,False,358,1.709586501,106103.484375,1.0049621376678248,native,accepted
trafalgar-126,caspar32,2,False,359,1.714325434,106099.203125,1.0049215876879893,native,accepted
trafalgar-126,caspar32,2,False,360,1.719018496,106099.203125,1.0049215876879893,native,rejected
trafalgar-126,caspar32,2,False,361,1.723654529,106099.203125,1.0049215876879893,native,rejected
trafalgar-126,caspar32,2,False,362,1.728361382,106094.3828125,1.0048759319625176,native,accepted
trafalgar-126,caspar32,2,False,363,1.733063595,106090.1796875,1.0048361219458175,native,accepted
trafalgar-126,caspar32,2,False,364,1.737703657,106090.1796875,1.0048361219458175,native,rejected
trafalgar-126,caspar32,2,False,365,1.74318747,106090.1796875,1.0048361219458175,native,rejected
trafalgar-126,caspar32,2,False,366,1.747894683,106084.1015625,1.0047785528138613,native,accepted
trafalgar-126,caspar32,2,False,367,1.752571616,106079.8671875,1.0047384468119072,native,accepted
trafalgar-126,caspar32,2,False,368,1.757217058,106079.8671875,1.0047384468119072,native,rejected
trafalgar-126,caspar32,2,False,369,1.761864491,106079.8671875,1.0047384468119072,native,rejected
trafalgar-126,caspar32,2,False,370,1.766582744,106073.2421875,1.004675697938001,native,accepted
trafalgar-126,caspar32,2,False,371,1.771297086,106069.0390625,1.004635887921301,native,accepted
trafalgar-126,caspar32,2,False,372,1.775947559,106069.0390625,1.004635887921301,native,rejected
trafalgar-126,caspar32,2,False,373,1.780645852,106069.0390625,1.004635887921301,native,rejected
trafalgar-126,caspar32,2,False,374,1.785343315,106063.859375,1.0045868283654051,native,accepted
trafalgar-126,caspar32,2,False,375,1.790055697,106059.5703125,1.004546204389256,native,accepted
trafalgar-126,caspar32,2,False,376,1.79473035,106059.5703125,1.004546204389256,native,rejected
trafalgar-126,caspar32,2,False,377,1.799384413,106059.5703125,1.004546204389256,native,rejected
trafalgar-126,caspar32,2,False,378,1.804105495,106059.5703125,1.004546204389256,native,rejected
trafalgar-126,caspar32,2,False,379,1.808822548,106055.65625,1.0045091322361581,native,accepted
trafalgar-126,caspar32,2,False,380,1.813691581,106052.609375,1.0044802736738663,native,accepted
trafalgar-126,caspar32,2,False,381,1.818418194,106048.5234375,1.00444157360187,native,accepted
trafalgar-126,caspar32,2,False,382,1.823135716,106043.984375,1.0043985817436867,native,accepted
trafalgar-126,caspar32,2,False,383,1.827826439,106043.984375,1.0043985817436867,native,rejected
trafalgar-126,caspar32,2,False,384,1.832517252,106043.984375,1.0043985817436867,native,rejected
trafalgar-126,caspar32,2,False,385,1.837222704,106040.46875,1.004365283402581,native,accepted
trafalgar-126,caspar32,2,False,386,1.841891377,106036.2421875,1.0043252513969403,native,accepted
trafalgar-126,caspar32,2,False,387,1.84656724,106036.2421875,1.0043252513969403,native,rejected
trafalgar-126,caspar32,2,False,388,1.851223992,106036.2421875,1.0043252513969403,native,rejected
trafalgar-126,caspar32,2,False,389,1.855883965,106031.9921875,1.0042849974023589,native,accepted
trafalgar-126,caspar32,2,False,390,1.860559468,106028.1953125,1.0042490351939646,native,accepted
trafalgar-126,caspar32,2,False,391,1.86524193,106028.1953125,1.0042490351939646,native,rejected
trafalgar-126,caspar32,2,False,392,1.869927783,106028.1953125,1.0042490351939646,native,rejected
trafalgar-126,caspar32,2,False,393,1.874620826,106023.3828125,1.0042034534648063,native,accepted
trafalgar-126,caspar32,2,False,394,1.879342468,106019.9453125,1.0041708950868362,native,accepted
trafalgar-126,caspar32,2,False,395,1.884051631,106019.9453125,1.0041708950868362,native,rejected
trafalgar-126,caspar32,2,False,396,1.888781554,106015.890625,1.0041324910000942,native,accepted
trafalgar-126,caspar32,2,False,397,1.893488017,106011.6640625,1.0040924589944535,native,accepted
trafalgar-126,caspar32,2,False,398,1.898146229,106011.6640625,1.0040924589944535,native,rejected
trafalgar-126,caspar32,2,False,399,1.902837302,106011.6640625,1.0040924589944535,native,rejected
trafalgar-126,caspar32,2,False,400,1.907517925,106011.6640625,1.0040924589944535,native,rejected
trafalgar-126,caspar32,2,False,401,1.912229977,106007.8046875,1.0040559048155506,native,accepted
trafalgar-126,caspar32,2,False,402,1.91694663,106005.0234375,1.0040295621279203,native,accepted
trafalgar-126,caspar32,2,False,403,1.921657863,106001.3515625,1.003994783860543,native,accepted
trafalgar-126,caspar32,2,False,404,1.926353846,105996.9296875,1.0039529019470632,native,accepted
trafalgar-126,caspar32,2,False,405,1.930995398,105996.9296875,1.0039529019470632,native,rejected
trafalgar-126,caspar32,2,False,406,1.935677031,105996.9296875,1.0039529019470632,native,rejected
trafalgar-126,caspar32,2,False,407,1.940374334,105993.1953125,1.0039175317091775,native,accepted
trafalgar-126,caspar32,2,False,408,1.945090906,105989.53125,1.0038828274381137,native,accepted
trafalgar-126,caspar32,2,False,409,1.949772939,105989.53125,1.0038828274381137,native,rejected
trafalgar-126,caspar32,2,False,410,1.954475362,105989.53125,1.0038828274381137,native,rejected
trafalgar-126,caspar32,2,False,411,1.959141064,105985.4765625,1.0038444233513717,native,accepted
trafalgar-126,caspar32,2,False,412,1.963811697,105982.109375,1.0038125309402237,native,accepted
trafalgar-126,caspar32,2,False,413,1.96849781,105982.109375,1.0038125309402237,native,rejected
trafalgar-126,caspar32,2,False,414,1.973181793,105982.109375,1.0038125309402237,native,rejected
trafalgar-126,caspar32,2,False,415,1.977905695,105978.3984375,1.0037773826912786,native,accepted
trafalgar-126,caspar32,2,False,416,1.982594728,105975.0546875,1.0037457122690712,native,accepted
trafalgar-126,caspar32,2,False,417,1.987277841,105975.0546875,1.0037457122690712,native,rejected
trafalgar-126,caspar32,2,False,418,1.992003063,105971.65625,1.0037135238726689,native,accepted
trafalgar-126,caspar32,2,False,419,1.996726446,105967.5859375,1.0036749717932996,native,accepted
trafalgar-126,caspar32,2,False,420,2.001606599,105967.5859375,1.0036749717932996,native,rejected
trafalgar-126,caspar32,2,False,421,2.006349312,105967.5859375,1.0036749717932996,native,rejected
trafalgar-126,caspar32,2,False,422,2.011074334,105959.8984375,1.0036021594207483,native,accepted
trafalgar-126,caspar32,2,False,423,2.015961967,105956.265625,1.0035677511349388,native,accepted
trafalgar-126,caspar32,2,False,424,2.02074554,105953.203125,1.00353874458002,native,accepted
trafalgar-126,caspar32,2,False,425,2.025423292,105948.6796875,1.0034959007144637,native,accepted
trafalgar-126,caspar32,2,False,426,2.030143015,105948.6796875,1.0034959007144637,native,rejected
trafalgar-126,caspar32,2,False,427,2.034927438,105948.6796875,1.0034959007144637,native,rejected
trafalgar-126,caspar32,2,False,428,2.039608451,105948.6796875,1.0034959007144637,native,rejected
trafalgar-126,caspar32,2,False,429,2.044810063,105948.6796875,1.0034959007144637,native,rejected
trafalgar-126,caspar32,2,False,430,2.049584766,105945.3203125,1.0034640822996292,native,accepted
trafalgar-126,caspar32,2,False,431,2.054507909,105942.9921875,1.0034420313981858,native,accepted
trafalgar-126,caspar32,2,False,432,2.061321663,105938.3671875,1.0033982255805531,native,accepted
trafalgar-126,caspar32,2,False,433,2.066608286,105935.0078125,1.0033664071657187,native,accepted
trafalgar-126,caspar32,2,False,434,2.071320899,105935.0078125,1.0033664071657187,native,rejected
trafalgar-126,caspar32,2,False,435,2.078970843,105930.5859375,1.003324525252239,native,accepted
trafalgar-126,caspar32,2,False,436,2.083714006,105926.3359375,1.0032842712576577,native,accepted
trafalgar-126,caspar32,2,False,437,2.088353188,105926.3359375,1.0032842712576577,native,rejected
trafalgar-126,caspar32,2,False,438,2.093044131,105926.3359375,1.0032842712576577,native,rejected
trafalgar-126,caspar32,2,False,439,2.097759424,105921.5859375,1.0032392814990079,native,accepted
trafalgar-126,caspar32,2,False,440,2.102472617,105918.140625,1.0032066491247242,native,accepted
trafalgar-126,caspar32,2,False,441,2.107156139,105918.140625,1.0032066491247242,native,rejected
trafalgar-126,caspar32,2,False,442,2.111847632,105918.140625,1.0032066491247242,native,rejected
trafalgar-126,caspar32,2,False,443,2.116570265,105914.765625,1.0031746827172625,native,accepted
trafalgar-126,caspar32,2,False,444,2.121258618,105911.4921875,1.0031436782618774,native,accepted
trafalgar-126,caspar32,2,False,445,2.12591314,105911.4921875,1.0031436782618774,native,rejected
trafalgar-126,caspar32,2,False,446,2.130694743,105911.4921875,1.0031436782618774,native,rejected
trafalgar-126,caspar32,2,False,447,2.135387966,105907.2265625,1.003103276274669,native,accepted
trafalgar-126,caspar32,2,False,448,2.140082628,105903.875,1.003071531856148,native,accepted
trafalgar-126,caspar32,2,False,449,2.144903231,105903.875,1.003071531856148,native,rejected
trafalgar-126,caspar32,2,False,450,2.149618414,105903.875,1.003071531856148,native,rejected
trafalgar-126,caspar32,2,False,451,2.154311797,105900.46875,1.003039269463432,native,accepted
trafalgar-126,caspar32,2,False,452,2.159491139,105897.1796875,1.0030081170154197,native,accepted
trafalgar-126,caspar32,2,False,453,2.164802483,105897.1796875,1.0030081170154197,native,rejected
trafalgar-126,caspar32,2,False,454,2.169501375,105897.1796875,1.0030081170154197,native,rejected
trafalgar-126,caspar32,2,False,455,2.174197548,105893.1171875,1.0029696389323641,native,accepted
trafalgar-126,caspar32,2,False,456,2.178929451,105889.84375,1.0029386344769788,native,accepted
trafalgar-126,caspar32,2,False,457,2.183680563,105889.84375,1.0029386344769788,native,rejected
trafalgar-126,caspar32,2,False,458,2.188372256,105889.84375,1.0029386344769788,native,rejected
trafalgar-126,caspar32,2,False,459,2.193085399,105886.234375,1.0029044481801102,native,accepted
trafalgar-126,caspar32,2,False,460,2.197808381,105882.8125,1.002872037794767,native,accepted
trafalgar-126,caspar32,2,False,461,2.202462694,105882.8125,1.002872037794767,native,rejected
trafalgar-126,caspar32,2,False,462,2.207139167,105882.8125,1.002872037794767,native,rejected
trafalgar-126,caspar32,2,False,463,2.211867749,105878.78125,1.0028338556969658,native,accepted
trafalgar-126,caspar32,2,False,464,2.216603322,105875.25,1.0028004093632328,native,accepted
trafalgar-126,caspar32,2,False,465,2.221326615,105875.25,1.0028004093632328,native,rejected
trafalgar-126,caspar32,2,False,466,2.226039867,105875.25,1.0028004093632328,native,rejected
trafalgar-126,caspar32,2,False,467,2.23074485,105870.4765625,1.0027551976156424,native,accepted
trafalgar-126,caspar32,2,False,468,2.235500223,105867.171875,1.002723897175003,native,accepted
trafalgar-126,caspar32,2,False,469,2.240261596,105867.171875,1.002723897175003,native,rejected
trafalgar-126,caspar32,2,False,470,2.244998308,105867.171875,1.002723897175003,native,rejected
trafalgar-126,caspar32,2,False,471,2.250317661,105867.171875,1.002723897175003,native,rejected
trafalgar-126,caspar32,2,False,472,2.254980564,105864.4375,1.002697998465254,native,accepted
trafalgar-126,caspar32,2,False,473,2.259762297,105862.078125,1.0026756515785562,native,accepted
trafalgar-126,caspar32,2,False,474,2.26478532,105859.0,1.0026464970310103,native,accepted
trafalgar-126,caspar32,2,False,475,2.269511072,105855.6015625,1.0026143086346078,native,accepted
trafalgar-126,caspar32,2,False,476,2.274183285,105855.6015625,1.0026143086346078,native,rejected
trafalgar-126,caspar32,2,False,477,2.278836078,105855.6015625,1.0026143086346078,native,rejected
trafalgar-126,caspar32,2,False,478,2.283561141,105852.9453125,1.0025891498879946,native,accepted
trafalgar-126,caspar32,2,False,479,2.288264703,105850.0078125,1.0025613272740928,native,accepted
trafalgar-126,caspar32,2,False,480,2.292993696,105850.0078125,1.0025613272740928,native,rejected
trafalgar-126,caspar32,2,False,481,2.297704379,105846.875,1.0025316547523517,native,accepted
trafalgar-126,caspar32,2,False,482,2.302401371,105843.515625,1.0024998363375173,native,accepted
trafalgar-126,caspar32,2,False,483,2.307089794,105843.515625,1.0024998363375173,native,rejected
trafalgar-126,caspar32,2,False,484,2.312369487,105843.515625,1.0024998363375173,native,rejected
trafalgar-126,caspar32,2,False,485,2.31716115,105840.09375,1.0024674259521742,native,accepted
trafalgar-126,caspar32,2,False,486,2.321879673,105837.140625,1.0024394553456453,native,accepted
trafalgar-126,caspar32,2,False,487,2.326587695,105837.140625,1.0024394553456453,native,rejected
trafalgar-126,caspar32,2,False,488,2.331288248,105833.703125,1.0024068969676752,native,accepted
trafalgar-126,caspar32,2,False,489,2.336721341,105830.4375,1.0023759665086034,native,accepted
trafalgar-126,caspar32,2,False,490,2.343016275,105830.4375,1.0023759665086034,native,rejected
trafalgar-126,caspar32,2,False,491,2.347715697,105830.4375,1.0023759665086034,native,rejected
trafalgar-126,caspar32,2,False,492,2.35235921,105830.4375,1.0023759665086034,native,rejected
trafalgar-126,caspar32,2,False,493,2.357903613,105827.5390625,1.0023485138762696,native,accepted
trafalgar-126,caspar32,2,False,494,2.363086006,105825.1796875,1.0023261669895718,native,accepted
trafalgar-126,caspar32,2,False,495,2.367755809,105822.21875,1.0022981223867293,native,accepted
trafalgar-126,caspar32,2,False,496,2.372445402,105818.75,1.002265268023505,native,accepted
trafalgar-126,caspar32,2,False,497,2.377124034,105818.75,1.002265268023505,native,rejected
trafalgar-126,caspar32,2,False,498,2.381796767,105818.75,1.002265268023505,native,rejected
trafalgar-126,caspar32,2,False,499,2.38648414,105816.4453125,1.0022434391110022,native,accepted
trafalgar-126,caspar32,2,False,500,2.391191472,105813.28125,1.002213470604007,native,accepted
trafalgar-126,caspar32,2,False,501,2.395896255,105813.28125,1.002213470604007,native,rejected
trafalgar-126,caspar32,2,False,502,2.400586588,105810.578125,1.0021878678795122,native,accepted
trafalgar-126,caspar32,2,False,503,2.405313381,105807.1875,1.0021557534794234,native,accepted
trafalgar-126,caspar32,2,False,504,2.410916084,105807.1875,1.0021557534794234,native,rejected
trafalgar-126,caspar32,2,False,505,2.415752876,105807.1875,1.0021557534794234,native,rejected
trafalgar-126,caspar32,2,False,506,2.420451969,105803.96875,1.0021252669982332,native,accepted
trafalgar-126,caspar32,2,False,507,2.425187112,105800.8828125,1.0020960384543736,native,accepted
trafalgar-126,caspar32,2,False,508,2.430404405,105800.8828125,1.0020960384543736,native,rejected
trafalgar-126,caspar32,2,False,509,2.435186218,105800.8828125,1.0020960384543736,native,rejected
trafalgar-126,caspar32,2,False,510,2.43992201,105797.609375,1.0020650339989883,native,accepted
trafalgar-126,caspar32,2,False,511,2.444647823,105794.6953125,1.0020374333740274,native,accepted
trafalgar-126,caspar32,2,False,512,2.449346606,105794.6953125,1.0020374333740274,native,rejected
trafalgar-126,caspar32,2,False,513,2.454046489,105794.6953125,1.0020374333740274,native,rejected
trafalgar-126,caspar32,2,False,514,2.458964391,105791.5234375,1.0020073908707186,native,accepted
trafalgar-126,caspar32,2,False,515,2.463784194,105788.5390625,1.0019791242789353,native,accepted
trafalgar-126,caspar32,2,False,516,2.468545007,105788.5390625,1.0019791242789353,native,rejected
trafalgar-126,caspar32,2,False,517,2.47323596,105788.5390625,1.0019791242789353,native,rejected
trafalgar-126,caspar32,2,False,518,2.477904652,105785.0625,1.0019461959193974,native,accepted
trafalgar-126,caspar32,2,False,519,2.482634715,105782.015625,1.0019173373571055,native,accepted
trafalgar-126,caspar32,2,False,520,2.487291248,105782.015625,1.0019173373571055,native,rejected
trafalgar-126,caspar32,2,False,521,2.49195172,105782.015625,1.0019173373571055,native,rejected
trafalgar-126,caspar32,2,False,522,2.496871213,105782.015625,1.0019173373571055,native,rejected
trafalgar-126,caspar32,2,False,523,2.501562216,105779.4453125,1.0018929925699416,native,accepted
trafalgar-126,caspar32,2,False,524,2.506263178,105777.2734375,1.0018724215947694,native,accepted
trafalgar-126,caspar32,2,False,525,2.512719722,105774.5625,1.0018467448739612,native,accepted
trafalgar-126,caspar32,2,False,526,2.517426015,105771.5390625,1.0018181083006101,native,accepted
trafalgar-126,caspar32,2,False,527,2.522136828,105771.5390625,1.0018181083006101,native,rejected
trafalgar-126,caspar32,2,False,528,2.52683122,105771.5390625,1.0018181083006101,native,rejected
trafalgar-126,caspar32,2,False,529,2.531535433,105769.2421875,1.001796353384421,native,accepted
trafalgar-126,caspar32,2,False,530,2.536616656,105766.2578125,1.0017680867926377,native,accepted
trafalgar-126,caspar32,2,False,531,2.542040189,105766.2578125,1.0017680867926377,native,rejected
trafalgar-126,caspar32,2,False,532,2.546737402,105766.2578125,1.0017680867926377,native,rejected
trafalgar-126,caspar32,2,False,533,2.551870895,105763.6953125,1.0017438160017873,native,accepted
trafalgar-126,caspar32,2,False,534,2.558001458,105760.953125,1.0017178432957248,native,accepted
trafalgar-126,caspar32,2,False,535,2.563184321,105760.953125,1.0017178432957248,native,rejected
trafalgar-126,caspar32,2,False,536,2.567909904,105760.953125,1.0017178432957248,native,rejected
trafalgar-126,caspar32,2,False,537,2.572630126,105758.1640625,1.0016914266117807,native,accepted
trafalgar-126,caspar32,2,False,538,2.577310739,105755.71875,1.0016682657656337,native,accepted
trafalgar-126,caspar32,2,False,539,2.582123372,105753.3046875,1.001645400904741,native,accepted
trafalgar-126,caspar32,2,False,540,2.586853525,105750.3828125,1.0016177262834665,native,accepted
trafalgar-126,caspar32,2,False,541,2.591519147,105750.3828125,1.0016177262834665,native,rejected
trafalgar-126,caspar32,2,False,542,2.59617179,105750.3828125,1.0016177262834665,native,rejected
trafalgar-126,caspar32,2,False,543,2.600866123,105750.3828125,1.0016177262834665,native,rejected
trafalgar-126,caspar32,2,False,544,2.605608376,105747.9609375,1.00159478742626,native,accepted
trafalgar-126,caspar32,2,False,545,2.610343638,105745.8671875,1.0015749564142238,native,accepted
trafalgar-126,caspar32,2,False,546,2.615073581,105743.1875,1.0015495756786699,native,accepted
trafalgar-126,caspar32,2,False,547,2.619867014,105740.34375,1.001522641020531,native,accepted
trafalgar-126,caspar32,2,False,548,2.624524746,105740.34375,1.001522641020531,native,rejected
trafalgar-126,caspar32,2,False,549,2.629331569,105737.8203125,1.001498740211248,native,accepted
trafalgar-126,caspar32,2,False,550,2.634169642,105734.5078125,1.0014673657742952,native,accepted
trafalgar-126,caspar32,2,False,551,2.638874884,105734.5078125,1.0014673657742952,native,rejected
trafalgar-126,caspar32,2,False,552,2.643530567,105734.5078125,1.0014673657742952,native,rejected
trafalgar-126,caspar32,2,False,553,2.64825201,105731.6484375,1.001440283123529,native,accepted
trafalgar-126,caspar32,2,False,554,2.652952063,105729.015625,1.0014153463658564,native,accepted
trafalgar-126,caspar32,2,False,555,2.657662665,105729.015625,1.0014153463658564,native,rejected
trafalgar-126,caspar32,2,False,556,2.662695778,105729.015625,1.0014153463658564,native,rejected
trafalgar-126,caspar32,2,False,557,2.667408601,105726.1484375,1.0013881897187766,native,accepted
trafalgar-126,caspar32,2,False,558,2.672119534,105723.515625,1.001363252961104,native,accepted
trafalgar-126,caspar32,2,False,559,2.676920026,105723.515625,1.001363252961104,native,rejected
trafalgar-126,caspar32,2,False,560,2.681609339,105721.1796875,1.001341128063347,native,accepted
trafalgar-126,caspar32,2,False,561,2.686497842,105718.1328125,1.0013122695010555,native,accepted
trafalgar-126,caspar32,2,False,562,2.692216845,105718.1328125,1.0013122695010555,native,rejected
trafalgar-126,caspar32,2,False,563,2.697327218,105718.1328125,1.0013122695010555,native,rejected
trafalgar-126,caspar32,2,False,564,2.702142491,105718.1328125,1.0013122695010555,native,rejected
trafalgar-126,caspar32,2,False,565,2.707112764,105715.5234375,1.0012875547323234,native,accepted
trafalgar-126,caspar32,2,False,566,2.711785076,105713.4921875,1.0012683156907956,native,accepted
trafalgar-126,caspar32,2,False,567,2.716863199,105711.125,1.0012458948077845,native,accepted
trafalgar-126,caspar32,2,False,568,2.722158972,105708.28125,1.0012189601496455,native,accepted
trafalgar-126,caspar32,2,False,569,2.727863106,105708.28125,1.0012189601496455,native,rejected
trafalgar-126,caspar32,2,False,570,2.732963959,105708.28125,1.0012189601496455,native,rejected
trafalgar-126,caspar32,2,False,571,2.737860061,105705.9765625,1.0011971312371426,native,accepted
trafalgar-126,caspar32,2,False,572,2.742806914,105703.4609375,1.0011733044241735,native,accepted
trafalgar-126,caspar32,2,False,573,2.747597387,105701.109375,1.0011510315337895,native,accepted
trafalgar-126,caspar32,2,False,574,2.75235479,105698.1015625,1.0011225429530655,native,accepted
trafalgar-126,caspar32,2,False,575,2.757741433,105698.1015625,1.0011225429530655,native,rejected
trafalgar-126,caspar32,2,False,576,2.763558826,105698.1015625,1.0011225429530655,native,rejected
trafalgar-126,caspar32,2,False,577,2.768924319,105698.1015625,1.0011225429530655,native,rejected
trafalgar-126,caspar32,2,False,578,2.773641312,105695.671875,1.0010995300995458,native,accepted
trafalgar-126,caspar32,2,False,579,2.778375275,105693.5703125,1.0010796250911957,native,accepted
trafalgar-126,caspar32,2,False,580,2.783127737,105691.1328125,1.0010565382413623,native,accepted
trafalgar-126,caspar32,2,False,581,2.78784419,105688.078125,1.0010276056827572,native,accepted
trafalgar-126,caspar32,2,False,582,2.792493113,105688.078125,1.0010276056827572,native,rejected
trafalgar-126,caspar32,2,False,583,2.797243466,105688.078125,1.0010276056827572,native,rejected
trafalgar-126,caspar32,2,False,584,2.801922908,105685.546875,1.0010036308771608,native,accepted
trafalgar-126,caspar32,2,False,585,2.806659931,105682.8203125,1.0009778061637256,native,accepted
trafalgar-126,caspar32,2,False,586,2.811344463,105682.8203125,1.0009778061637256,native,rejected
trafalgar-126,caspar32,2,False,587,2.816245366,105682.8203125,1.0009778061637256,native,rejected
trafalgar-126,caspar32,2,False,588,2.820919129,105680.1640625,1.0009526474171122,native,accepted
trafalgar-126,caspar32,2,False,589,2.825601502,105677.4140625,1.000926600714736,native,accepted
trafalgar-126,caspar32,2,False,590,2.830348054,105677.4140625,1.000926600714736,native,rejected
trafalgar-126,caspar32,2,False,591,2.835281527,105677.4140625,1.000926600714736,native,rejected
trafalgar-126,caspar32,2,False,592,2.83994468,105674.5234375,1.0008992220787156,native,accepted
trafalgar-126,caspar32,2,False,593,2.844787293,105671.9375,1.0008747292989244,native,accepted
trafalgar-126,caspar32,2,False,594,2.849586045,105671.9375,1.0008747292989244,native,rejected
trafalgar-126,caspar32,2,False,595,2.854253798,105671.9375,1.0008747292989244,native,rejected
trafalgar-126,caspar32,2,False,596,2.858897141,105671.9375,1.0008747292989244,native,rejected
trafalgar-126,caspar32,2,False,597,2.863812134,105669.6875,1.0008534183606166,native,accepted
trafalgar-126,caspar32,2,False,598,2.868543896,105667.7890625,1.0008354372564194,native,accepted
trafalgar-126,caspar32,2,False,599,2.873238789,105665.578125,1.0008144962996797,native,accepted
trafalgar-126,caspar32,2,False,600,2.877434601,105665.578125,1.0008144962996797,native,rejected
trafalgar-126,caspar32,2,False,600,2.877437492,105665.59255339796,1.000814632958657,independent_fp64,audited_endpoint
trafalgar-126,caspar64,2,False,0,0.0,15080988.13370348,142.84000343876312,native,initial
trafalgar-126,caspar64,2,False,1,0.008936605,1866458.0585022348,17.67821001721692,native,accepted
trafalgar-126,caspar64,2,False,2,0.020635262,535703.0777676816,5.073926774034298,native,accepted
trafalgar-126,caspar64,2,False,3,0.031903778,273931.86717898893,2.5945533875454823,native,accepted
trafalgar-126,caspar64,2,False,4,0.043167935,172930.78896365882,1.6379188333842318,native,accepted
trafalgar-126,caspar64,2,False,5,0.054444091,139328.6387497333,1.31965512217685,native,accepted
trafalgar-126,caspar64,2,False,6,0.065745108,128274.51411160227,1.2149556696393589,native,accepted
trafalgar-126,caspar64,2,False,7,0.077038384,123641.74006587209,1.1710762199138982,native,accepted
trafalgar-126,caspar64,2,False,8,0.088332281,121359.12682427226,1.149456384370707,native,accepted
trafalgar-126,caspar64,2,False,9,0.099620397,119435.48686911997,1.1312365744104549,native,accepted
trafalgar-126,caspar64,2,False,10,0.110922304,118348.41650546202,1.120940356874413,native,accepted
trafalgar-126,caspar64,2,False,11,0.12221705,116274.08828433158,1.1012932987630666,native,accepted
trafalgar-126,caspar64,2,False,12,0.133535197,114868.08826078009,1.0879763299796905,native,accepted
trafalgar-126,caspar64,2,False,13,0.144880933,114542.64864742402,1.084893919524967,native,accepted
trafalgar-126,caspar64,2,False,14,0.15618674,114146.02350227152,1.0811372733029019,native,accepted
trafalgar-126,caspar64,2,False,15,0.167443846,113195.20918073393,1.0721316087036088,native,accepted
trafalgar-126,caspar64,2,False,16,0.178749563,112181.39929965771,1.0625292798896535,native,accepted
trafalgar-126,caspar64,2,False,17,0.190071729,111933.16475511027,1.0601781194164523,native,accepted
trafalgar-126,caspar64,2,False,18,0.201381496,111691.5258290195,1.0578894295290433,native,accepted
trafalgar-126,caspar64,2,False,19,0.212689692,111448.78486442349,1.055590301652924,native,accepted
trafalgar-126,caspar64,2,False,20,0.223997559,111245.01637926794,1.0536603027123848,native,accepted
trafalgar-126,caspar64,2,False,21,0.235292945,110977.22917493172,1.0511239486718458,native,accepted
trafalgar-126,caspar64,2,False,22,0.246578302,110680.50024404396,1.0483134722539467,native,accepted
trafalgar-126,caspar64,2,False,23,0.257876238,110391.16620292432,1.0455730367425549,native,accepted
trafalgar-126,caspar64,2,False,24,0.269174785,110194.13267527903,1.0437068281415742,native,accepted
trafalgar-126,caspar64,2,False,25,0.280538481,109885.19838626927,1.0407807483308031,native,accepted
trafalgar-126,caspar64,2,False,26,0.291859428,109577.6290421146,1.0378675966336324,native,accepted
trafalgar-126,caspar64,2,False,27,0.303152104,109186.01476011258,1.0341584109428867,native,accepted
trafalgar-126,caspar64,2,False,28,0.314461651,108756.75842058621,1.0300926974451732,native,accepted
trafalgar-126,caspar64,2,False,29,0.325792197,108403.48923186338,1.0267466983843287,native,accepted
trafalgar-126,caspar64,2,False,30,0.337088374,107879.9824425549,1.0217882890996,native,accepted
trafalgar-126,caspar64,2,False,31,0.3483674,107626.00605322093,1.0193827445819463,native,accepted
trafalgar-126,caspar64,2,False,32,0.359647537,107582.54952574609,1.0189711448592418,native,accepted
trafalgar-126,caspar64,2,False,33,0.370917393,107527.65888349379,1.0184512465967035,native,accepted
trafalgar-126,caspar64,2,False,34,0.38227674,107500.23571778015,1.0181915073110472,native,accepted
trafalgar-126,caspar64,2,False,35,0.393558916,107460.38640276178,1.0178140734026195,native,accepted
trafalgar-126,caspar64,2,False,36,0.404889293,107431.20607892716,1.0175376911443796,native,accepted
trafalgar-126,caspar64,2,False,37,0.416164639,107386.64320956917,1.0171156126734,native,accepted
trafalgar-126,caspar64,2,False,38,0.427441576,107305.91174996707,1.0163509623822555,native,accepted
trafalgar-126,caspar64,2,False,39,0.438726992,107212.64716533697,1.0154676042447668,native,accepted
trafalgar-126,caspar64,2,False,40,0.450028679,107195.45168448615,1.0153047367640629,native,accepted
trafalgar-126,caspar64,2,False,41,0.461332525,107164.85154100129,1.0150149066440566,native,accepted
trafalgar-126,caspar64,2,False,42,0.472640592,107141.84223126255,1.0147969733194584,native,accepted
trafalgar-126,caspar64,2,False,43,0.483946538,107107.59486262238,1.0144725984037726,native,accepted
trafalgar-126,caspar64,2,False,44,0.495273675,107069.82528998682,1.0141148628338408,native,accepted
trafalgar-126,caspar64,2,False,45,0.506567841,107022.42999261398,1.013665956941223,native,accepted
trafalgar-126,caspar64,2,False,46,0.517869248,106994.61242671225,1.0134024820830883,native,accepted
trafalgar-126,caspar64,2,False,47,0.529176664,106959.54142318285,1.0130703060863744,native,accepted
trafalgar-126,caspar64,2,False,48,0.54062023,106946.00683536885,1.0129421128570746,native,accepted
trafalgar-126,caspar64,2,False,49,0.551906797,106900.43001237846,1.0125104306957362,native,accepted
trafalgar-126,caspar64,2,False,50,0.563175594,106872.53638087823,1.012246235380145,native,accepted
trafalgar-126,caspar64,2,False,51,0.57447227,106846.4214099221,1.0119988866979428,native,accepted
trafalgar-126,caspar64,2,False,52,0.585761576,106823.57033723012,1.0117824521199852,native,accepted
trafalgar-126,caspar64,2,False,53,0.597042093,106770.1185920637,1.0112761824116816,native,accepted
trafalgar-126,caspar64,2,False,54,0.608349429,106749.20753272975,1.0110781227248302,native,accepted
trafalgar-126,caspar64,2,False,55,0.619651266,106731.79168607651,1.0109131680432284,native,accepted
trafalgar-126,caspar64,2,False,56,0.630969753,106715.7521544458,1.0107612491680873,native,accepted
trafalgar-126,caspar64,2,False,57,0.642310419,106708.31133022803,1.010690773192148,native,accepted
trafalgar-126,caspar64,2,False,58,0.653623466,106684.58592276234,1.0104660573277802,native,accepted
trafalgar-126,caspar64,2,False,59,0.664922242,106661.9375110511,1.010251542259004,native,accepted
trafalgar-126,caspar64,2,False,60,0.676233139,106624.3083195918,1.009895136313333,native,accepted
trafalgar-126,caspar64,2,False,61,0.687536535,106595.48711629355,1.0096221554753577,native,accepted
trafalgar-126,caspar64,2,False,62,0.698842741,106561.26092113693,1.009297981104917,native,accepted
trafalgar-126,caspar64,2,False,63,0.710150568,106547.3706586561,1.0091664190930028,native,accepted
trafalgar-126,caspar64,2,False,64,0.721449754,106529.60714532482,1.0089981714766774,native,accepted
trafalgar-126,caspar64,2,False,65,0.732775371,106514.3125309408,1.008853308106198,native,accepted
trafalgar-126,caspar64,2,False,66,0.744100157,106489.94185775855,1.0086224805894402,native,accepted
trafalgar-126,caspar64,2,False,67,0.755397204,106481.0767246496,1.0085385142317624,native,accepted
trafalgar-126,caspar64,2,False,68,0.76667148,106466.0500260388,1.0083961884330677,native,accepted
trafalgar-126,caspar64,2,False,69,0.777956537,106432.00522921082,1.0080737321820004,native,accepted
trafalgar-126,caspar64,2,False,70,0.789242103,106389.64989908188,1.0076725624809417,native,accepted
trafalgar-126,caspar64,2,False,71,0.8005545,106302.38485519582,1.006846029162418,native,accepted
trafalgar-126,caspar64,2,False,72,0.811860896,106189.00308637696,1.0057721305488527,native,accepted
trafalgar-126,caspar64,2,False,73,0.823138003,106177.13705041235,1.0056597410553418,native,accepted
trafalgar-126,caspar64,2,False,74,0.834440509,106167.48395928794,1.00556831153115,native,accepted
trafalgar-126,caspar64,2,False,75,0.845726916,106156.43536408941,1.0054636644508554,native,accepted
trafalgar-126,caspar64,2,False,76,0.857031062,106151.17859742383,1.005413874837474,native,accepted
trafalgar-126,caspar64,2,False,77,0.868353009,106143.16567676113,1.0053379802339593,native,accepted
trafalgar-126,caspar64,2,False,78,0.879659325,106114.6323717184,1.005067726232412,native,accepted
trafalgar-126,caspar64,2,False,79,0.890932452,106078.62274794068,1.0047266600676066,native,accepted
trafalgar-126,caspar64,2,False,80,0.902193568,106074.0364024764,1.0046832203674965,native,accepted
trafalgar-126,caspar64,2,False,81,0.913525725,106066.53474687984,1.0046121682254414,native,accepted
trafalgar-126,caspar64,2,False,82,0.924826291,106059.57966116245,1.0045462929353755,native,accepted
trafalgar-126,caspar64,2,False,83,0.936121778,106051.53649910737,1.0044701118996622,native,accepted
trafalgar-126,caspar64,2,False,84,0.947450194,106045.45972131686,1.0044125555278383,native,accepted
trafalgar-126,caspar64,2,False,85,0.958750801,106035.3481753624,1.0043167837358242,native,accepted
trafalgar-126,caspar64,2,False,86,0.970035927,106028.90704278937,1.0042557763674262,native,accepted
trafalgar-126,caspar64,2,False,87,0.981303374,106021.57492735627,1.0041863300297995,native,accepted
trafalgar-126,caspar64,2,False,88,0.99260295,106013.77439677966,1.0041124470849612,native,accepted
trafalgar-126,caspar64,2,False,89,1.003916136,106001.04509590128,1.0039918811535302,native,accepted
trafalgar-126,caspar64,2,False,90,1.015208443,105956.17767301758,1.0035669180952627,native,accepted
trafalgar-126,caspar64,2,False,91,1.0264877,105885.98450361259,1.0029020815162337,native,accepted
trafalgar-126,caspar64,2,False,92,1.037806076,105880.24368168678,1.0028477071598352,native,accepted
trafalgar-126,caspar64,2,False,93,1.049111193,105875.38194276342,1.0028016590628288,native,accepted
trafalgar-126,caspar64,2,False,94,1.060382919,105862.9241343682,1.002683664580091,native,accepted
trafalgar-126,caspar64,2,False,95,1.071701395,105858.34734500528,1.002640315390864,native,accepted
trafalgar-126,caspar64,2,False,96,1.083444532,105852.69534866908,1.0025867823485368,native,accepted
trafalgar-126,caspar64,2,False,97,1.094774469,105842.40465361085,1.0024893137407458,native,accepted
trafalgar-126,caspar64,2,False,98,1.106066665,105828.59227077689,1.0023584893680981,native,accepted
trafalgar-126,caspar64,2,False,99,1.117349592,105804.2354485385,1.0021277930409447,native,accepted
trafalgar-126,caspar64,2,False,100,1.128684218,105800.27157114343,1.0020902490646666,native,accepted
trafalgar-126,caspar64,2,False,101,1.140002365,105793.95318813718,1.0020304043222439,native,accepted
trafalgar-126,caspar64,2,False,102,1.151304311,105787.21431632811,1.0019665769082942,native,accepted
trafalgar-126,caspar64,2,False,103,1.162616338,105767.25791180533,1.0017775592613476,native,accepted
trafalgar-126,caspar64,2,False,104,1.173903264,105763.12401524994,1.0017384049438087,native,accepted
trafalgar-126,caspar64,2,False,105,1.185201131,105755.26312576006,1.0016639503078253,native,accepted
trafalgar-126,caspar64,2,False,106,1.196487677,105745.01845212566,1.0015669175932451,native,accepted
trafalgar-126,caspar64,2,False,107,1.207776704,105741.44691357235,1.0015330896653458,native,accepted
trafalgar-126,caspar64,2,False,108,1.21909425,105733.59305098656,1.0014587015848821,native,accepted
trafalgar-126,caspar64,2,False,109,1.230392817,105728.39094345376,1.0014094296770146,native,accepted
trafalgar-126,caspar64,2,False,110,1.241694073,105719.10901811603,1.0013215156600148,native,accepted
trafalgar-126,caspar64,2,False,111,1.252971599,105714.67724169878,1.001279539964983,native,accepted
trafalgar-126,caspar64,2,False,112,1.264263686,105709.98354770623,1.0012350835102672,native,accepted
trafalgar-126,caspar64,2,False,113,1.275570272,105705.29812895304,1.0011907054347138,native,accepted
trafalgar-126,caspar64,2,False,114,1.286870449,105696.97200959608,1.0011118443609541,native,accepted
trafalgar-126,caspar64,2,False,115,1.298159225,105690.51624091556,1.0010506983662522,native,accepted
trafalgar-126,caspar64,2,False,116,1.309471042,105686.11850455952,1.0010090450826177,native,accepted
trafalgar-126,caspar64,2,False,117,1.320783689,105682.34264742465,1.0009732819455244,native,accepted
trafalgar-126,caspar64,2,False,118,1.332083365,105658.46077641875,1.0007470841323332,native,accepted
trafalgar-126,caspar64,2,False,119,1.343386131,105648.8853822338,1.0006563905168895,native,accepted
trafalgar-126,caspar64,2,False,120,1.354692938,105646.52876241536,1.0006340697259715,native,accepted
trafalgar-126,caspar64,2,False,121,1.365961094,105641.46177173674,1.0005860775811901,native,accepted
trafalgar-126,caspar64,2,False,122,1.377233101,105637.57438334248,1.0005492580726354,native,accepted
trafalgar-126,caspar64,2,False,123,1.388509127,105632.82619502906,1.000504285473426,native,accepted
trafalgar-126,caspar64,2,False,124,1.399784264,105627.24399479828,1.0004514135068752,native,accepted
trafalgar-126,caspar64,2,False,125,1.41108534,105617.94105501293,1.0003633004509436,native,accepted
trafalgar-126,caspar64,2,False,126,1.422369997,105616.24480419753,1.0003472343636184,native,accepted
trafalgar-126,caspar64,2,False,127,1.433656923,105611.00588188748,1.0002976137635524,native,accepted
trafalgar-126,caspar64,2,False,128,1.44495448,105608.4460290536,1.0002733680454103,native,accepted
trafalgar-126,caspar64,2,False,129,1.456259686,105604.2349804989,1.0002334829805393,native,accepted
trafalgar-126,caspar64,2,False,130,1.467835773,105589.21182554119,1.000091190745654,native,accepted
trafalgar-126,caspar64,2,False,131,1.479125579,105559.60884872686,0.9998108053178247,native,accepted
trafalgar-126,caspar64,2,False,131,1.479131599,105559.60884872703,0.9998108053178264,independent_fp64,audited_endpoint
trafalgar-126,rayleigh,2,False,0,0.0,15080988.13370395,142.84000343876758,native,initial
trafalgar-126,rayleigh,2,False,0,0.01800612800000001,15080988.13370395,142.84000343876758,native,setup_complete
trafalgar-126,rayleigh,2,False,1,0.025206128000000008,683116.8953101792,6.470160894637683,native,outer_complete
trafalgar-126,rayleigh,2,False,2,0.03290612800000001,170283.7599962985,1.6128474240410164,native,outer_complete
trafalgar-126,rayleigh,2,False,3,0.04660612800000001,121802.1893028338,1.1536528631027525,native,outer_complete
trafalgar-126,rayleigh,2,False,4,0.06480612800000002,109860.5651903062,1.0405474343221401,native,outer_complete
trafalgar-126,rayleigh,2,False,5,0.110306128,107149.0399090097,1.01486514632676,native,outer_complete
trafalgar-126,rayleigh,2,False,6,0.131406128,105706.1726503522,1.001198988488752,native,outer_complete
trafalgar-126,rayleigh,2,False,7,0.136506128,105234.2623812998,0.9967292770973886,native,outer_complete
trafalgar-126,rayleigh,2,False,7,0.136506128,105234.26238129988,0.9967292770973893,independent_fp64,audited_endpoint
trafalgar-126,caspar64,3,True,0,0.0,15080988.13370348,142.84000343876312,native,initial
trafalgar-126,caspar64,3,True,1,0.011491746,1866458.0585022354,17.678210017216927,native,accepted
trafalgar-126,caspar64,3,True,2,0.023236743,535703.0777676817,5.073926774034299,native,accepted
trafalgar-126,caspar64,3,True,3,0.03453547,273931.86717898905,2.594553387545483,native,accepted
trafalgar-126,caspar64,3,True,4,0.045822936,172930.78896365885,1.637918833384232,native,accepted
trafalgar-126,caspar64,3,True,5,0.057380823,139328.63874973333,1.3196551221768502,native,accepted
trafalgar-126,caspar64,3,True,6,0.068646189,128274.51411160233,1.2149556696393595,native,accepted
trafalgar-126,caspar64,3,True,7,0.079957476,123641.74006587212,1.1710762199138984,native,accepted
trafalgar-126,caspar64,3,True,8,0.091260242,121359.12682427197,1.1494563843707044,native,accepted
trafalgar-126,caspar64,3,True,9,0.102567929,119435.4868691174,1.1312365744104307,native,accepted
trafalgar-126,caspar64,3,True,10,0.113860645,118348.4165054584,1.1209403568743788,native,accepted
trafalgar-126,caspar64,3,True,11,0.125162882,116274.0882843432,1.1012932987631767,native,accepted
trafalgar-126,caspar64,3,True,12,0.136458238,114868.08826080091,1.0879763299798877,native,accepted
trafalgar-126,caspar64,3,True,13,0.147767975,114542.64864743895,1.0848939195251084,native,accepted
trafalgar-126,caspar64,3,True,14,0.159048241,114146.02350228245,1.0811372733030056,native,accepted
trafalgar-126,caspar64,3,True,15,0.170325437,113195.20918076082,1.0721316087038635,native,accepted
trafalgar-126,caspar64,3,True,16,0.181628134,112181.39929959163,1.0625292798890276,native,accepted
trafalgar-126,caspar64,3,True,17,0.19291815,111933.1647550459,1.0601781194158428,native,accepted
trafalgar-126,caspar64,3,True,18,0.204215547,111691.52582895674,1.0578894295284489,native,accepted
trafalgar-126,caspar64,3,True,19,0.215518223,111448.7848643757,1.0555903016524713,native,accepted
trafalgar-126,caspar64,3,True,20,0.22680971,111245.01637925098,1.0536603027122242,native,accepted
trafalgar-126,caspar64,3,True,21,0.238121136,110977.2291749665,1.051123948672175,native,accepted
trafalgar-126,caspar64,3,True,22,0.249420413,110680.50024365203,1.0483134722502345,native,accepted
trafalgar-126,caspar64,3,True,23,0.260701819,110391.1662023177,1.0455730367368092,native,accepted
trafalgar-126,caspar64,3,True,24,0.272024246,110194.13267479192,1.0437068281369606,native,accepted
trafalgar-126,caspar64,3,True,25,0.283339232,109885.19838567219,1.0407807483251479,native,accepted
trafalgar-126,caspar64,3,True,26,0.294653849,109577.62904111556,1.03786759662417,native,accepted
trafalgar-126,caspar64,3,True,27,0.305950215,109186.01475868886,1.034158410929402,native,accepted
trafalgar-126,caspar64,3,True,28,0.317238272,108756.75946769,1.030092707362846,native,accepted
trafalgar-126,caspar64,3,True,29,0.328549198,108403.49101583051,1.0267467152812235,native,accepted
trafalgar-126,caspar64,3,True,30,0.339840775,107879.98133749014,1.021788278632948,native,accepted
trafalgar-126,caspar64,3,True,31,0.351142901,107626.00461457924,1.0193827309558112,native,accepted
trafalgar-126,caspar64,3,True,32,0.362473978,107582.54823740468,1.01897113265668,native,accepted
trafalgar-126,caspar64,3,True,33,0.373762364,107527.65748513056,1.0184512333520668,native,accepted
trafalgar-126,caspar64,3,True,34,0.385076551,107500.23437467094,1.0181914945897506,native,accepted
trafalgar-126,caspar64,3,True,35,0.396352697,107460.38509639277,1.0178140610293087,native,accepted
trafalgar-126,caspar64,3,True,36,0.407641994,107431.20467934523,1.0175376778882,native,accepted
trafalgar-126,caspar64,3,True,37,0.41892235,107386.64198482862,1.0171156010732354,native,accepted
trafalgar-126,caspar64,3,True,38,0.430224317,107305.91038238526,1.016350949429166,native,accepted
trafalgar-126,caspar64,3,True,39,0.441522283,107212.64571187286,1.0154675904782406,native,accepted
trafalgar-126,caspar64,3,True,40,0.45281554,107195.45023164511,1.0153047230034382,native,accepted
trafalgar-126,caspar64,3,True,41,0.464125546,107164.85013638748,1.0150148933402174,native,accepted
trafalgar-126,caspar64,3,True,42,0.475426343,107141.8408023345,1.0147969597853261,native,accepted
trafalgar-126,caspar64,3,True,43,0.486748219,107107.5937001041,1.0144725873929479,native,accepted
trafalgar-126,caspar64,3,True,44,0.498056486,107069.82483631058,1.0141148585368336,native,accepted
trafalgar-126,caspar64,3,True,45,0.509348342,107022.42552807785,1.0136659146552434,native,accepted
trafalgar-126,caspar64,3,True,46,0.520638729,106994.56453244638,1.0134020284512013,native,accepted
trafalgar-126,caspar64,3,True,47,0.533026756,106959.46174637509,1.013069551425248,native,accepted
trafalgar-126,caspar64,3,True,48,0.544523512,106945.89205502997,1.0129410257118652,native,accepted
trafalgar-126,caspar64,3,True,49,0.556400169,106900.3125836106,1.0125093184658573,native,accepted
trafalgar-126,caspar64,3,True,50,0.567821406,106872.95624038696,1.0122502120912953,native,accepted
trafalgar-126,caspar64,3,True,51,0.579446582,106847.18185913711,1.0120060893140794,native,accepted
trafalgar-126,caspar64,3,True,52,0.590784939,106823.7401978745,1.0117840609598578,native,accepted
trafalgar-126,caspar64,3,True,53,0.602118655,106767.17783809923,1.0112483289777638,native,accepted
trafalgar-126,caspar64,3,True,54,0.613515672,106748.02026018754,1.0110668774395406,native,accepted
trafalgar-126,caspar64,3,True,55,0.626302129,106729.13423018999,1.010887997875027,native,accepted
trafalgar-126,caspar64,3,True,56,0.637626566,106711.60248726227,1.0107219454786003,native,accepted
trafalgar-126,caspar64,3,True,57,0.648998802,106704.06991377566,1.0106506004968796,native,accepted
trafalgar-126,caspar64,3,True,58,0.660345579,106679.7335586709,1.0104200980247582,native,accepted
trafalgar-126,caspar64,3,True,59,0.671647455,106657.68823608376,1.0102112951315898,native,accepted
trafalgar-126,caspar64,3,True,60,0.682992542,106621.58048771869,1.0098692995769945,native,accepted
trafalgar-126,caspar64,3,True,61,0.694341878,106590.71811259538,1.0095769857226462,native,accepted
trafalgar-126,caspar64,3,True,62,0.705703455,106547.10258883728,1.0091638800621712,native,accepted
trafalgar-126,caspar64,3,True,63,0.717029491,106532.69675177037,1.0090274347710582,native,accepted
trafalgar-126,caspar64,3,True,64,0.728355128,106515.76715038907,1.0088670855752306,native,accepted
trafalgar-126,caspar64,3,True,65,0.739710254,106507.59253089243,1.0087896594366608,native,accepted
trafalgar-126,caspar64,3,True,66,0.751766711,106492.61692102502,1.0086478175264364,native,accepted
trafalgar-126,caspar64,3,True,67,0.763292198,106480.27499522355,1.0085309206289457,native,accepted
trafalgar-126,caspar64,3,True,68,0.775928995,106460.70425185216,1.008345555782446,native,accepted
trafalgar-126,caspar64,3,True,69,0.787262142,106446.86316118443,1.008214459502743,native,accepted
trafalgar-126,caspar64,3,True,70,0.798566878,106417.24965048542,1.0079339743029283,native,accepted
trafalgar-126,caspar64,3,True,71,0.809964395,106409.27214529099,1.007858415138018,native,accepted
trafalgar-126,caspar64,3,True,72,0.821278321,106396.17285744479,1.007734344864611,native,accepted
trafalgar-126,caspar64,3,True,73,0.833778738,106385.1703394852,1.0076301342061813,native,accepted
trafalgar-126,caspar64,3,True,74,0.845560655,106356.40428853108,1.0073576757451854,native,accepted
trafalgar-126,caspar64,3,True,75,0.858871613,106348.11619054402,1.0072791747919008,native,accepted
trafalgar-126,caspar64,3,True,76,0.870470729,106332.09038881591,1.0071273859599186,native,accepted
trafalgar-126,caspar64,3,True,77,0.882537276,106309.57854821702,1.0069141644282755,native,accepted
trafalgar-126,caspar64,3,True,78,0.893880123,106260.98864425514,1.0064539437857374,native,accepted
trafalgar-126,caspar64,3,True,79,0.905221449,106193.4304772987,1.0058140647065403,native,accepted
trafalgar-126,caspar64,3,True,80,0.916587006,106186.41420637882,1.0057476098991074,native,accepted
trafalgar-126,caspar64,3,True,81,0.928344813,106175.4886396725,1.0056441280866384,native,accepted
trafalgar-126,caspar64,3,True,82,0.939657429,106168.17070350562,1.0055748160483307,native,accepted
trafalgar-126,caspar64,3,True,83,0.950967296,106158.5714258867,1.0054838962202701,native,accepted
trafalgar-126,caspar64,3,True,84,0.962441082,106148.64578455505,1.0053898852291219,native,accepted
trafalgar-126,caspar64,3,True,85,0.973862749,106137.34610076867,1.0052828599562027,native,accepted
trafalgar-126,caspar64,3,True,86,0.985205055,106126.59775084013,1.0051810566574304,native,accepted
trafalgar-126,caspar64,3,True,87,0.996520122,106111.6118908262,1.0050391176626547,native,accepted
trafalgar-126,caspar64,3,True,88,1.007960498,106100.6883666015,1.004935655195608,native,accepted
trafalgar-126,caspar64,3,True,89,1.019281975,106081.36309884832,1.0047526153783328,native,accepted
trafalgar-126,caspar64,3,True,90,1.030913242,106074.89026514969,1.0046913077518316,native,accepted
trafalgar-126,caspar64,3,True,91,1.042236458,106065.9208449505,1.0046063536360443,native,accepted
trafalgar-126,caspar64,3,True,92,1.054275815,106052.63231458135,1.0044804909467566,native,accepted
trafalgar-126,caspar64,3,True,93,1.065772042,106030.5562700152,1.0042713970694994,native,accepted
trafalgar-126,caspar64,3,True,94,1.079107419,106026.62842400584,1.004234194365505,native,accepted
trafalgar-126,caspar64,3,True,95,1.090477926,106018.41268102254,1.0041563787246741,native,accepted
trafalgar-126,caspar64,3,True,96,1.105150724,106012.40926016547,1.0040995171551095,native,accepted
trafalgar-126,caspar64,3,True,97,1.116562411,106004.79663922872,1.0040274140017125,native,accepted
trafalgar-126,caspar64,3,True,98,1.127894577,105995.53490244845,1.0039396912012026,native,accepted
trafalgar-126,caspar64,3,True,99,1.139199354,105983.97055399504,1.0038301591494427,native,accepted
trafalgar-126,caspar64,3,True,100,1.15055734,105978.76111630109,1.0037808178137477,native,accepted
trafalgar-126,caspar64,3,True,101,1.162164887,105972.7976727642,1.0037243348904958,native,accepted
trafalgar-126,caspar64,3,True,102,1.173571713,105965.9417618424,1.003659398937297,native,accepted
trafalgar-126,caspar64,3,True,103,1.18489095,105936.56061972768,1.0033811146230667,native,accepted
trafalgar-126,caspar64,3,True,104,1.198863288,105930.966091964,1.003328125895941,native,accepted
trafalgar-126,caspar64,3,True,105,1.210261745,105920.36161795555,1.0032276853219944,native,accepted
trafalgar-126,caspar64,3,True,106,1.221621471,105904.14791134358,1.0030741167436175,native,accepted
trafalgar-126,caspar64,3,True,107,1.232945767,105899.3657222598,1.003028822105155,native,accepted
trafalgar-126,caspar64,3,True,108,1.244260454,105893.73814651331,1.0029755203631305,native,accepted
trafalgar-126,caspar64,3,True,109,1.25555302,105883.24450387133,1.0028761295315898,native,accepted
trafalgar-126,caspar64,3,True,110,1.267318427,105875.07949712584,1.0027987944404628,native,accepted
trafalgar-126,caspar64,3,True,111,1.280086825,105861.1087518076,1.0026664701330892,native,accepted
trafalgar-126,caspar64,3,True,112,1.294157353,105847.48878299925,1.002537468215299,native,accepted
trafalgar-126,caspar64,3,True,113,1.305524149,105831.95587551426,1.0023903478450091,native,accepted
trafalgar-126,caspar64,3,True,114,1.316906846,105827.76761061723,1.0023506785761924,native,accepted
trafalgar-126,caspar64,3,True,115,1.328263632,105821.530536503,1.0022916039532286,native,accepted
trafalgar-126,caspar64,3,True,116,1.339591229,105815.6782359923,1.0022361737242764,native,accepted
trafalgar-126,caspar64,3,True,117,1.350915515,105806.09779894022,1.002145432345175,native,accepted
trafalgar-126,caspar64,3,True,118,1.362301132,105797.47763812097,1.002063786249432,native,accepted
trafalgar-126,caspar64,3,True,119,1.373774618,105785.72791974909,1.0019524984612735,native,accepted
trafalgar-126,caspar64,3,True,120,1.385757795,105776.89217679479,1.0018688104732725,native,accepted
trafalgar-126,caspar64,3,True,121,1.398852613,105754.51206850362,1.0016568366478886,native,accepted
trafalgar-126,caspar64,3,True,122,1.410158459,105750.12865187539,1.0016153189939592,native,accepted
trafalgar-126,caspar64,3,True,123,1.421477666,105743.7763888696,1.0015551533561677,native,accepted
trafalgar-126,caspar64,3,True,124,1.432827382,105733.95517361708,1.001462131439566,native,accepted
trafalgar-126,caspar64,3,True,125,1.444144819,105729.23038602786,1.0014173804809745,native,accepted
trafalgar-126,caspar64,3,True,126,1.455436635,105724.32747795136,1.001370942449176,native,accepted
trafalgar-126,caspar64,3,True,127,1.466770492,105719.29426072474,1.0013232701905954,native,accepted
trafalgar-126,caspar64,3,True,128,1.478073428,105706.7009951822,1.0012039927216754,native,accepted
trafalgar-126,caspar64,3,True,129,1.492035676,105695.94571501043,1.0011021237829094,native,accepted
trafalgar-126,caspar64,3,True,130,1.503418023,105693.7234826601,1.001081075846677,native,accepted
trafalgar-126,caspar64,3,True,131,1.514761729,105688.46798549469,1.001031298257402,native,accepted
trafalgar-126,caspar64,3,True,132,1.526534716,105684.90130835283,1.000997516374498,native,accepted
trafalgar-126,caspar64,3,True,133,1.537879522,105680.20922916733,1.0009530752144726,native,accepted
trafalgar-126,caspar64,3,True,134,1.549247229,105676.04334282997,1.0009136179048137,native,accepted
trafalgar-126,caspar64,3,True,135,1.560623035,105667.9495167712,1.0008369570035638,native,accepted
trafalgar-126,caspar64,3,True,136,1.571981932,105666.38198700144,1.0008221101012444,native,accepted
trafalgar-126,caspar64,3,True,137,1.583341439,105661.01810087416,1.0007713059028673,native,accepted
trafalgar-126,caspar64,3,True,138,1.594727925,105658.24173563173,1.0007450094813557,native,accepted
trafalgar-126,caspar64,3,True,139,1.606023112,105653.7108433195,1.0007020950073358,native,accepted
trafalgar-126,caspar64,3,True,140,1.617357118,105635.88648002184,1.000533271048842,native,accepted
trafalgar-126,caspar64,3,True,141,1.628985685,105603.84228757911,1.0002297635785002,native,accepted
trafalgar-126,caspar64,3,True,142,1.640359321,105599.73802523567,1.0001908899422336,native,accepted
trafalgar-126,caspar64,3,True,143,1.652143188,105595.22423515767,1.0001481374525063,native,accepted
trafalgar-126,caspar64,3,True,144,1.663454525,105585.31045754216,1.0000542388288793,native,accepted
trafalgar-126,caspar64,3,True,145,1.676000472,105578.06734020269,0.9999856354392005,native,accepted
trafalgar-126,caspar64,3,True,145,1.676003822,105578.06734020262,0.9999856354391998,independent_fp64,audited_endpoint
trafalgar-126,rayleigh,3,True,0,0.0,15080988.13370395,142.84000343876758,native,initial
trafalgar-126,rayleigh,3,True,0,0.017513491000000006,15080988.13370395,142.84000343876758,native,setup_complete
trafalgar-126,rayleigh,3,True,1,0.025213491000000005,683116.8953101785,6.470160894637677,native,outer_complete
trafalgar-126,rayleigh,3,True,2,0.03171349100000001,170283.7599962984,1.6128474240410156,native,outer_complete
trafalgar-126,rayleigh,3,True,3,0.04571349100000001,121802.1893028337,1.1536528631027518,native,outer_complete
trafalgar-126,rayleigh,3,True,4,0.064313491,109860.5651903264,1.0405474343223315,native,outer_complete
trafalgar-126,rayleigh,3,True,5,0.11221349100000001,107149.0399095775,1.0148651463321379,native,outer_complete
trafalgar-126,rayleigh,3,True,6,0.135613491,105706.1715518007,1.0011989780837907,native,outer_complete
trafalgar-126,rayleigh,3,True,7,0.140613491,105234.2624957356,0.9967292781812704,native,outer_complete
trafalgar-126,rayleigh,3,True,7,0.140613491,105234.26249573562,0.9967292781812707,independent_fp64,audited_endpoint
trafalgar-126,caspar32,3,False,0,0.0,15080566.0,142.83600518751314,native,initial
trafalgar-126,caspar32,3,False,1,0.006308334,1866519.75,17.678794329973805,native,accepted
trafalgar-126,caspar32,3,False,2,0.011288957,535725.125,5.07413559501554,native,accepted
trafalgar-126,caspar32,3,False,3,0.01593664,273931.9375,2.5945540535929172,native,accepted
trafalgar-126,caspar32,3,False,4,0.020596722,172930.109375,1.6379123966411284,native,accepted
trafalgar-126,caspar32,3,False,5,0.025236355,139329.890625,1.3196669793486622,native,accepted
trafalgar-126,caspar32,3,False,6,0.029926378,128275.7109375,1.214967005409524,native,accepted
trafalgar-126,caspar32,3,False,7,0.03461769,123642.53125,1.171083713636627,native,accepted
trafalgar-126,caspar32,3,False,8,0.039311133,121359.8984375,1.1494636927271042,native,accepted
trafalgar-126,caspar32,3,False,9,0.044003076,119443.171875,1.131309363159879,native,accepted
trafalgar-126,caspar32,3,False,10,0.048720548,118358.6796875,1.1210375648918585,native,accepted
trafalgar-126,caspar32,3,False,11,0.053392861,118358.6796875,1.1210375648918585,native,rejected
trafalgar-126,caspar32,3,False,12,0.058078694,118358.6796875,1.1210375648918585,native,rejected
trafalgar-126,caspar32,3,False,13,0.062764147,118358.6796875,1.1210375648918585,native,rejected
trafalgar-126,caspar32,3,False,14,0.067498669,116539.4296875,1.103806487329028,native,accepted
trafalgar-126,caspar32,3,False,15,0.072232332,116028.6328125,1.0989684603552883,native,accepted
trafalgar-126,caspar32,3,False,16,0.077489395,116028.6328125,1.0989684603552883,native,rejected
trafalgar-126,caspar32,3,False,17,0.082407468,116028.6328125,1.0989684603552883,native,rejected
trafalgar-126,caspar32,3,False,18,0.08710763,116028.6328125,1.0989684603552883,native,rejected
trafalgar-126,caspar32,3,False,19,0.091815243,115540.640625,1.0943464286208548,native,accepted
trafalgar-126,caspar32,3,False,20,0.096483806,115238.296875,1.0914827712857513,native,accepted
trafalgar-126,caspar32,3,False,21,0.101584149,114548.921875,1.0849533365764612,native,accepted
trafalgar-126,caspar32,3,False,22,0.107128282,114148.3203125,1.0811590276056058,native,accepted
trafalgar-126,caspar32,3,False,23,0.111916705,114148.3203125,1.0811590276056058,native,rejected
trafalgar-126,caspar32,3,False,24,0.116563907,114148.3203125,1.0811590276056058,native,rejected
trafalgar-126,caspar32,3,False,25,0.12182304,114148.3203125,1.0811590276056058,native,rejected
trafalgar-126,caspar32,3,False,26,0.126727563,113518.0,1.0751889310305804,native,accepted
trafalgar-126,caspar32,3,False,27,0.131740736,113311.671875,1.0732346883892345,native,accepted
trafalgar-126,caspar32,3,False,28,0.136474609,113069.4296875,1.070940284694414,native,accepted
trafalgar-126,caspar32,3,False,29,0.141179712,112826.3046875,1.0686375194161604,native,accepted
trafalgar-126,caspar32,3,False,30,0.145877274,112826.3046875,1.0686375194161604,native,rejected
trafalgar-126,caspar32,3,False,31,0.150561387,112826.3046875,1.0686375194161604,native,rejected
trafalgar-126,caspar32,3,False,32,0.15527063,112826.3046875,1.0686375194161604,native,rejected
trafalgar-126,caspar32,3,False,33,0.159992392,112381.2734375,1.0644223934100405,native,accepted
trafalgar-126,caspar32,3,False,34,0.164730555,112225.6875,1.0629487568253226,native,accepted
trafalgar-126,caspar32,3,False,35,0.169461188,112049.1484375,1.0612766621276137,native,accepted
trafalgar-126,caspar32,3,False,36,0.174198331,111853.8203125,1.0594266062957725,native,accepted
trafalgar-126,caspar32,3,False,37,0.178965103,111610.4140625,1.0571211771502302,native,accepted
trafalgar-126,caspar32,3,False,38,0.183674306,111423.859375,1.0553542191785266,native,accepted
trafalgar-126,caspar32,3,False,39,0.188329348,111423.859375,1.0553542191785266,native,rejected
trafalgar-126,caspar32,3,False,40,0.192988011,111423.859375,1.0553542191785266,native,rejected
trafalgar-126,caspar32,3,False,41,0.197605204,111423.859375,1.0553542191785266,native,rejected
trafalgar-126,caspar32,3,False,42,0.202250367,111423.859375,1.0553542191785266,native,rejected
trafalgar-126,caspar32,3,False,43,0.207483379,111196.890625,1.0532044782767325,native,accepted
trafalgar-126,caspar32,3,False,44,0.212457433,111082.3984375,1.052120062301385,native,accepted
trafalgar-126,caspar32,3,False,45,0.217385275,110849.1171875,1.0499105323782278,native,accepted
trafalgar-126,caspar32,3,False,46,0.222669958,110696.5703125,1.048465680359488,native,accepted
trafalgar-126,caspar32,3,False,47,0.227375201,110531.9296875,1.046906282047344,native,accepted
trafalgar-126,caspar32,3,False,48,0.232249394,110397.0546875,1.0456288096898962,native,accepted
trafalgar-126,caspar32,3,False,49,0.236911476,110397.0546875,1.0456288096898962,native,rejected
trafalgar-126,caspar32,3,False,50,0.241567099,110397.0546875,1.0456288096898962,native,rejected
trafalgar-126,caspar32,3,False,51,0.246248822,110397.0546875,1.0456288096898962,native,rejected
trafalgar-126,caspar32,3,False,52,0.250931404,110397.0546875,1.0456288096898962,native,rejected
trafalgar-126,caspar32,3,False,53,0.255631217,110332.34375,1.0450158982246078,native,accepted
trafalgar-126,caspar32,3,False,54,0.26031983,110256.921875,1.044301537813417,native,accepted
trafalgar-126,caspar32,3,False,55,0.265031343,110179.3984375,1.043567272393876,native,accepted
trafalgar-126,caspar32,3,False,56,0.269716035,109981.9765625,1.0416973855499985,native,accepted
trafalgar-126,caspar32,3,False,57,0.274633378,109873.1328125,1.0406664689093612,native,accepted
trafalgar-126,caspar32,3,False,58,0.279554521,109775.265625,1.0397395170892878,native,accepted
trafalgar-126,caspar32,3,False,59,0.284286594,109675.875,1.0387981359880685,native,accepted
trafalgar-126,caspar32,3,False,60,0.288980056,109675.875,1.0387981359880685,native,rejected
trafalgar-126,caspar32,3,False,61,0.293646169,109675.875,1.0387981359880685,native,rejected
trafalgar-126,caspar32,3,False,62,0.298283922,109675.875,1.0387981359880685,native,rejected
trafalgar-126,caspar32,3,False,63,0.303239574,109473.6484375,1.0368827414113462,native,accepted
trafalgar-126,caspar32,3,False,64,0.308466977,109408.5859375,1.036266500111947,native,accepted
trafalgar-126,caspar32,3,False,65,0.31313011,109316.90625,1.03539815337222,native,accepted
trafalgar-126,caspar32,3,False,66,0.317822993,109230.234375,1.0345772382694904,native,accepted
trafalgar-126,caspar32,3,False,67,0.322822476,109230.234375,1.0345772382694904,native,rejected
trafalgar-126,caspar32,3,False,68,0.327459888,109230.234375,1.0345772382694904,native,rejected
trafalgar-126,caspar32,3,False,69,0.332133951,109230.234375,1.0345772382694904,native,rejected
trafalgar-126,caspar32,3,False,70,0.336863904,109073.8359375,1.0330959060681613,native,accepted
trafalgar-126,caspar32,3,False,71,0.341582747,109021.6015625,1.0326011667156418,native,accepted
trafalgar-126,caspar32,3,False,72,0.346295079,108951.078125,1.0319332019930585,native,accepted
trafalgar-126,caspar32,3,False,73,0.351012052,108881.15625,1.0312709349866198,native,accepted
trafalgar-126,caspar32,3,False,74,0.355740285,108791.46875,1.0304214573068526,native,accepted
trafalgar-126,caspar32,3,False,75,0.360460787,108722.96875,1.0297726576294834,native,accepted
trafalgar-126,caspar32,3,False,76,0.36511055,108722.96875,1.0297726576294834,native,rejected
trafalgar-126,caspar32,3,False,77,0.369772613,108722.96875,1.0297726576294834,native,rejected
trafalgar-126,caspar32,3,False,78,0.374427805,108722.96875,1.0297726576294834,native,rejected
trafalgar-126,caspar32,3,False,79,0.379106228,108722.96875,1.0297726576294834,native,rejected
trafalgar-126,caspar32,3,False,80,0.383829521,108645.234375,1.0290363943094762,native,accepted
trafalgar-126,caspar32,3,False,81,0.388557154,108602.4609375,1.0286312644926883,native,accepted
trafalgar-126,caspar32,3,False,82,0.393282026,108507.2265625,1.0277292494302874,native,accepted
trafalgar-126,caspar32,3,False,83,0.397992609,108443.6953125,1.027127511408348,native,accepted
trafalgar-126,caspar32,3,False,84,0.402720152,108374.875,1.0264756778821225,native,accepted
trafalgar-126,caspar32,3,False,85,0.407433474,108318.5703125,1.0259423864502337,native,accepted
trafalgar-126,caspar32,3,False,86,0.412063987,108318.5703125,1.0259423864502337,native,rejected
trafalgar-126,caspar32,3,False,87,0.41670519,108318.5703125,1.0259423864502337,native,rejected
trafalgar-126,caspar32,3,False,88,0.421330512,108318.5703125,1.0259423864502337,native,rejected
trafalgar-126,caspar32,3,False,89,0.426001055,108318.5703125,1.0259423864502337,native,rejected
trafalgar-126,caspar32,3,False,90,0.430786708,108288.1015625,1.0256538008273164,native,accepted
trafalgar-126,caspar32,3,False,91,0.435508221,108258.3984375,1.0253724668431288,native,accepted
trafalgar-126,caspar32,3,False,92,0.440220613,108228.2890625,1.0250872850506354,native,accepted
trafalgar-126,caspar32,3,False,93,0.444926676,108151.4453125,1.024359457310375,native,accepted
trafalgar-126,caspar32,3,False,94,0.449648389,108106.765625,1.0239362723930765,native,accepted
trafalgar-126,caspar32,3,False,95,0.454375041,108063.203125,1.023523668948618,native,accepted
trafalgar-126,caspar32,3,False,96,0.459192254,108021.53125,1.0231289726120434,native,accepted
trafalgar-126,caspar32,3,False,97,0.463887887,108021.53125,1.0231289726120434,native,rejected
trafalgar-126,caspar32,3,False,98,0.46856594,108021.53125,1.0231289726120434,native,rejected
trafalgar-126,caspar32,3,False,99,0.473235772,108021.53125,1.0231289726120434,native,rejected
trafalgar-126,caspar32,3,False,100,0.477949725,107943.3359375,1.0223883435095356,native,accepted
trafalgar-126,caspar32,3,False,101,0.482675468,107916.4765625,1.022133944183487,native,accepted
trafalgar-126,caspar32,3,False,102,0.48738118,107916.4765625,1.022133944183487,native,rejected
trafalgar-126,caspar32,3,False,103,0.492090643,107916.4765625,1.022133944183487,native,rejected
trafalgar-126,caspar32,3,False,104,0.496814266,107881.9921875,1.0218073244553951,native,accepted
trafalgar-126,caspar32,3,False,105,0.501523758,107852.1484375,1.0215246585375632,native,accepted
trafalgar-126,caspar32,3,False,106,0.506230171,107796.3359375,1.0209960288734294,native,accepted
trafalgar-126,caspar32,3,False,107,0.510924084,107756.6171875,1.0206198316152468,native,accepted
trafalgar-126,caspar32,3,False,108,0.515648567,107718.1484375,1.0202554737672354,native,accepted
trafalgar-126,caspar32,3,False,109,0.520322419,107684.8359375,1.0199399534861788,native,accepted
trafalgar-126,caspar32,3,False,110,0.524971432,107684.8359375,1.0199399534861788,native,rejected
trafalgar-126,caspar32,3,False,111,0.529638884,107684.8359375,1.0199399534861788,native,rejected
trafalgar-126,caspar32,3,False,112,0.534293947,107684.8359375,1.0199399534861788,native,rejected
trafalgar-126,caspar32,3,False,113,0.53895158,107684.8359375,1.0199399534861788,native,rejected
trafalgar-126,caspar32,3,False,114,0.543668212,107645.8671875,1.019570859874099,native,accepted
trafalgar-126,caspar32,3,False,115,0.548398945,107624.265625,1.0193662600670819,native,accepted
trafalgar-126,caspar32,3,False,116,0.553126578,107582.4375,1.0189700838042357,native,accepted
trafalgar-126,caspar32,3,False,117,0.557836111,107546.3671875,1.0186284428244896,native,accepted
trafalgar-126,caspar32,3,False,118,0.562529623,107546.3671875,1.0186284428244896,native,rejected
trafalgar-126,caspar32,3,False,119,0.567220586,107546.3671875,1.0186284428244896,native,rejected
trafalgar-126,caspar32,3,False,120,0.571915619,107546.3671875,1.0186284428244896,native,rejected
trafalgar-126,caspar32,3,False,121,0.576627411,107522.7578125,1.0184048259648855,native,accepted
trafalgar-126,caspar32,3,False,122,0.581335454,107505.890625,1.0182450679238908,native,accepted
trafalgar-126,caspar32,3,False,123,0.586054217,107473.59375,1.0179391671635984,native,accepted
trafalgar-126,caspar32,3,False,124,0.590764359,107448.8359375,1.0177046728458996,native,accepted
trafalgar-126,caspar32,3,False,125,0.595481112,107415.4921875,1.017388856579589,native,accepted
trafalgar-126,caspar32,3,False,126,0.600165965,107388.5390625,1.0171335692977774,native,accepted
trafalgar-126,caspar32,3,False,127,0.604795838,107388.5390625,1.0171335692977774,native,rejected
trafalgar-126,caspar32,3,False,128,0.60942756,107388.5390625,1.0171335692977774,native,rejected
trafalgar-126,caspar32,3,False,129,0.614069313,107388.5390625,1.0171335692977774,native,rejected
trafalgar-126,caspar32,3,False,130,0.618714176,107388.5390625,1.0171335692977774,native,rejected
trafalgar-126,caspar32,3,False,131,0.623385658,107367.2421875,1.0169318553469895,native,accepted
trafalgar-126,caspar32,3,False,132,0.628089931,107354.03125,1.016806727580745,native,accepted
trafalgar-126,caspar32,3,False,133,0.632797394,107329.6640625,1.0165759330787247,native,accepted
trafalgar-126,caspar32,3,False,134,0.637500526,107311.34375,1.0164024117234065,native,accepted
trafalgar-126,caspar32,3,False,135,0.642201659,107269.6796875,1.0160077893831454,native,accepted
trafalgar-126,caspar32,3,False,136,0.646933352,107245.5546875,1.0157792887668455,native,accepted
trafalgar-126,caspar32,3,False,137,0.651646875,107245.5546875,1.0157792887668455,native,rejected
trafalgar-126,caspar32,3,False,138,0.656340397,107245.5546875,1.0157792887668455,native,rejected
trafalgar-126,caspar32,3,False,139,0.66102352,107245.5546875,1.0157792887668455,native,rejected
trafalgar-126,caspar32,3,False,140,0.665740073,107219.484375,1.0155323630684674,native,accepted
trafalgar-126,caspar32,3,False,141,0.670434015,107206.03125,1.0154049414165023,native,accepted
trafalgar-126,caspar32,3,False,142,0.675141208,107178.15625,1.0151409225696897,native,accepted
trafalgar-126,caspar32,3,False,143,0.679967411,107158.1640625,1.0149515660032675,native,accepted
trafalgar-126,caspar32,3,False,144,0.684677504,107142.765625,1.014805719269224,native,accepted
trafalgar-126,caspar32,3,False,145,0.689386906,107125.046875,1.0146378956300506,native,accepted
trafalgar-126,caspar32,3,False,146,0.694057229,107125.046875,1.0146378956300506,native,rejected
trafalgar-126,caspar32,3,False,147,0.698719472,107125.046875,1.0146378956300506,native,rejected
trafalgar-126,caspar32,3,False,148,0.703369074,107125.046875,1.0146378956300506,native,rejected
trafalgar-126,caspar32,3,False,149,0.708069467,107125.046875,1.0146378956300506,native,rejected
trafalgar-126,caspar32,3,False,150,0.71274853,107108.875,1.0144847232609635,native,accepted
trafalgar-126,caspar32,3,False,151,0.717442412,107097.7734375,1.0143795744993827,native,accepted
trafalgar-126,caspar32,3,False,152,0.722153975,107078.078125,1.0141930297928763,native,accepted
trafalgar-126,caspar32,3,False,153,0.726867138,107061.5078125,1.0140360836117974,native,accepted
trafalgar-126,caspar32,3,False,154,0.73158394,107037.4609375,1.0138083229586332,native,accepted
trafalgar-126,caspar32,3,False,155,0.736309223,107015.5,1.013600319321192,native,accepted
trafalgar-126,caspar32,3,False,156,0.741022056,106995.5078125,1.01341096275477,native,accepted
trafalgar-126,caspar32,3,False,157,0.745741279,106977.7421875,1.0132426951377151,native,accepted
trafalgar-126,caspar32,3,False,158,0.750409291,106977.7421875,1.0132426951377151,native,rejected
trafalgar-126,caspar32,3,False,159,0.755069784,106977.7421875,1.0132426951377151,native,rejected
trafalgar-126,caspar32,3,False,160,0.759711037,106977.7421875,1.0132426951377151,native,rejected
trafalgar-126,caspar32,3,False,161,0.764389649,106977.7421875,1.0132426951377151,native,rejected
trafalgar-126,caspar32,3,False,162,0.769114902,106957.8671875,1.0130544485159967,native,accepted
trafalgar-126,caspar32,3,False,163,0.773825395,106946.9609375,1.012951149662255,native,accepted
trafalgar-126,caspar32,3,False,164,0.778514667,106946.9609375,1.012951149662255,native,rejected
trafalgar-126,caspar32,3,False,165,0.78321679,106946.9609375,1.012951149662255,native,rejected
trafalgar-126,caspar32,3,False,166,0.787897313,106934.0703125,1.012829055744867,native,accepted
trafalgar-126,caspar32,3,False,167,0.792636975,106923.015625,1.0127243509611674,native,accepted
trafalgar-126,caspar32,3,False,168,0.797306958,106923.015625,1.0127243509611674,native,rejected
trafalgar-126,caspar32,3,False,169,0.802012571,106906.859375,1.0125713265847076,native,accepted
trafalgar-126,caspar32,3,False,170,0.806707584,106892.546875,1.0124357653382499,native,accepted
trafalgar-126,caspar32,3,False,171,0.811391556,106892.546875,1.0124357653382499,native,rejected
trafalgar-126,caspar32,3,False,172,0.816042579,106892.546875,1.0124357653382499,native,rejected
trafalgar-126,caspar32,3,False,173,0.820762871,106876.3203125,1.0122820749949681,native,accepted
trafalgar-126,caspar32,3,False,174,0.825483644,106865.0234375,1.012175076325548,native,accepted
trafalgar-126,caspar32,3,False,175,0.830168067,106865.0234375,1.012175076325548,native,rejected
trafalgar-126,caspar32,3,False,176,0.83486321,106865.0234375,1.012175076325548,native,rejected
trafalgar-126,caspar32,3,False,177,0.839572693,106853.0234375,1.0120614179879066,native,accepted
trafalgar-126,caspar32,3,False,178,0.844265405,106843.3671875,1.0119699585443358,native,accepted
trafalgar-126,caspar32,3,False,179,0.848932128,106843.3671875,1.0119699585443358,native,rejected
trafalgar-126,caspar32,3,False,180,0.85361997,106829.421875,1.011837875124616,native,accepted
trafalgar-126,caspar32,3,False,181,0.858335993,106817.171875,1.0117218489049404,native,accepted
trafalgar-126,caspar32,3,False,182,0.863005726,106817.171875,1.0117218489049404,native,rejected
trafalgar-126,caspar32,3,False,183,0.867689978,106817.171875,1.0117218489049404,native,rejected
trafalgar-126,caspar32,3,False,184,0.872407731,106802.6953125,1.0115847337358979,native,accepted
trafalgar-126,caspar32,3,False,185,0.877114054,106793.1875,1.011494680222285,native,accepted
trafalgar-126,caspar32,3,False,186,0.881800517,106793.1875,1.011494680222285,native,rejected
trafalgar-126,caspar32,3,False,187,0.886496979,106793.1875,1.011494680222285,native,rejected
trafalgar-126,caspar32,3,False,188,0.891182832,106783.0,1.0113981890293915,native,accepted
trafalgar-126,caspar32,3,False,189,0.895896065,106773.9765625,1.0113127232872199,native,accepted
trafalgar-126,caspar32,3,False,190,0.900748708,106773.9765625,1.0113127232872199,native,rejected
trafalgar-126,caspar32,3,False,191,0.90545283,106761.8828125,1.0111981769938156,native,accepted
trafalgar-126,caspar32,3,False,192,0.910181853,106750.03125,1.0110859245861321,native,accepted
trafalgar-126,caspar32,3,False,193,0.914862356,106750.03125,1.0110859245861321,native,rejected
trafalgar-126,caspar32,3,False,194,0.919547778,106750.03125,1.0110859245861321,native,rejected
trafalgar-126,caspar32,3,False,195,0.924264261,106735.3046875,1.0109464415350555,native,accepted
trafalgar-126,caspar32,3,False,196,0.928984384,106726.140625,1.0108596438592394,native,accepted
trafalgar-126,caspar32,3,False,197,0.933682376,106726.140625,1.0108596438592394,native,rejected
trafalgar-126,caspar32,3,False,198,0.938372649,106726.140625,1.0108596438592394,native,rejected
trafalgar-126,caspar32,3,False,199,0.943041642,106717.390625,1.0107767679880428,native,accepted
trafalgar-126,caspar32,3,False,200,0.947704004,106708.7265625,1.0106947060762952,native,accepted
trafalgar-126,caspar32,3,False,201,0.952380077,106708.7265625,1.0106947060762952,native,rejected
trafalgar-126,caspar32,3,False,202,0.9570832,106708.7265625,1.0106947060762952,native,rejected
trafalgar-126,caspar32,3,False,203,0.961798163,106699.078125,1.010603320629038,native,accepted
trafalgar-126,caspar32,3,False,204,0.966520545,106691.171875,1.0105284363597067,native,accepted
trafalgar-126,caspar32,3,False,205,0.971229968,106677.53125,1.010399238796216,native,accepted
trafalgar-126,caspar32,3,False,206,0.975981251,106665.515625,1.0102854324659474,native,accepted
trafalgar-126,caspar32,3,False,207,0.980685494,106665.515625,1.0102854324659474,native,rejected
trafalgar-126,caspar32,3,False,208,0.985379166,106665.515625,1.0102854324659474,native,rejected
trafalgar-126,caspar32,3,False,209,0.990072809,106665.515625,1.0102854324659474,native,rejected
trafalgar-126,caspar32,3,False,210,0.994786902,106657.375,1.010208328307209,native,accepted
trafalgar-126,caspar32,3,False,211,0.999465364,106651.0859375,1.0101487612747864,native,accepted
trafalgar-126,caspar32,3,False,212,1.004166647,106637.9453125,1.010024299475364,native,accepted
trafalgar-126,caspar32,3,False,213,1.00886097,106629.015625,1.0099397216889552,native,accepted
trafalgar-126,caspar32,3,False,214,1.013553842,106619.6875,1.0098513700905543,native,accepted
trafalgar-126,caspar32,3,False,215,1.018272115,106609.1875,1.009751919045118,native,accepted
trafalgar-126,caspar32,3,False,216,1.022920278,106609.1875,1.009751919045118,native,rejected
trafalgar-126,caspar32,3,False,217,1.02759209,106609.1875,1.009751919045118,native,rejected
trafalgar-126,caspar32,3,False,218,1.032276813,106609.1875,1.009751919045118,native,rejected
trafalgar-126,caspar32,3,False,219,1.036997616,106595.5859375,1.0096230914631952,native,accepted
trafalgar-126,caspar32,3,False,220,1.041684948,106587.1875,1.009543545426109,native,accepted
trafalgar-126,caspar32,3,False,221,1.046357971,106587.1875,1.009543545426109,native,rejected
trafalgar-126,caspar32,3,False,222,1.051023064,106587.1875,1.009543545426109,native,rejected
trafalgar-126,caspar32,3,False,223,1.055737246,106587.1875,1.009543545426109,native,rejected
trafalgar-126,caspar32,3,False,224,1.060442959,106579.3125,1.0094689571420319,native,accepted
trafalgar-126,caspar32,3,False,225,1.065167662,106573.546875,1.0094143478626183,native,accepted
trafalgar-126,caspar32,3,False,226,1.069897515,106564.0625,1.009324516337946,native,accepted
trafalgar-126,caspar32,3,False,227,1.074602777,106554.515625,1.0092340928427652,native,accepted
trafalgar-126,caspar32,3,False,228,1.07927799,106554.515625,1.0092340928427652,native,rejected
trafalgar-126,caspar32,3,False,229,1.083949643,106554.515625,1.0092340928427652,native,rejected
trafalgar-126,caspar32,3,False,230,1.088657485,106554.515625,1.0092340928427652,native,rejected
trafalgar-126,caspar32,3,False,231,1.093383858,106547.9765625,1.0091721579283084,native,accepted
trafalgar-126,caspar32,3,False,232,1.098119721,106542.7734375,1.0091228763834716,native,accepted
trafalgar-126,caspar32,3,False,233,1.102843513,106531.8359375,1.0090192815444756,native,accepted
trafalgar-126,caspar32,3,False,234,1.107555506,106524.6171875,1.0089509089507385,native,accepted
trafalgar-126,caspar32,3,False,235,1.112259899,106512.96875,1.0088405804472076,native,accepted
trafalgar-126,caspar32,3,False,236,1.116986672,106502.921875,1.0087454211879585,native,accepted
trafalgar-126,caspar32,3,False,237,1.121639534,106502.921875,1.0087454211879585,native,rejected
trafalgar-126,caspar32,3,False,238,1.127189718,106502.921875,1.0087454211879585,native,rejected
trafalgar-126,caspar32,3,False,239,1.13186301,106502.921875,1.0087454211879585,native,rejected
trafalgar-126,caspar32,3,False,240,1.136571553,106491.4765625,1.0086370165885805,native,accepted
trafalgar-126,caspar32,3,False,241,1.141279806,106485.015625,1.0085758216372593,native,accepted
trafalgar-126,caspar32,3,False,242,1.145966188,106485.015625,1.0085758216372593,native,rejected
trafalgar-126,caspar32,3,False,243,1.150651021,106485.015625,1.0085758216372593,native,rejected
trafalgar-126,caspar32,3,False,244,1.155369114,106478.3515625,1.0085127027817853,native,accepted
trafalgar-126,caspar32,3,False,245,1.160081146,106471.5546875,1.0084483259889807,native,accepted
trafalgar-126,caspar32,3,False,246,1.164742869,106471.5546875,1.0084483259889807,native,rejected
trafalgar-126,caspar32,3,False,247,1.169445792,106471.5546875,1.0084483259889807,native,rejected
trafalgar-126,caspar32,3,False,248,1.174154914,106464.4609375,1.0083811373362603,native,accepted
trafalgar-126,caspar32,3,False,249,1.178872677,106457.921875,1.0083192024218035,native,accepted
trafalgar-126,caspar32,3,False,250,1.18355864,106457.921875,1.0083192024218035,native,rejected
trafalgar-126,caspar32,3,False,251,1.188251302,106457.921875,1.0083192024218035,native,rejected
trafalgar-126,caspar32,3,False,252,1.192966245,106449.3515625,1.0082380284658188,native,accepted
trafalgar-126,caspar32,3,False,253,1.197681188,106443.3671875,1.0081813472896253,native,accepted
trafalgar-126,caspar32,3,False,254,1.202381621,106443.3671875,1.0081813472896253,native,rejected
trafalgar-126,caspar32,3,False,255,1.207087183,106443.3671875,1.0081813472896253,native,rejected
trafalgar-126,caspar32,3,False,256,1.211787686,106437.59375,1.0081266640138982,native,accepted
trafalgar-126,caspar32,3,False,257,1.216480649,106431.453125,1.0080685029114331,native,accepted
trafalgar-126,caspar32,3,False,258,1.221172681,106431.453125,1.0080685029114331,native,rejected
trafalgar-126,caspar32,3,False,259,1.225808714,106431.453125,1.0080685029114331,native,rejected
trafalgar-126,caspar32,3,False,260,1.230464007,106425.140625,1.0080087138900697,native,accepted
trafalgar-126,caspar32,3,False,261,1.23514604,106419.2578125,1.0079529946659527,native,accepted
trafalgar-126,caspar32,3,False,262,1.239850822,106419.2578125,1.0079529946659527,native,rejected
trafalgar-126,caspar32,3,False,263,1.244569875,106411.3046875,1.0078776664187399,native,accepted
trafalgar-126,caspar32,3,False,264,1.249254018,106404.3125,1.007811439718096,native,accepted
trafalgar-126,caspar32,3,False,265,1.25393601,106404.3125,1.007811439718096,native,rejected
trafalgar-126,caspar32,3,False,266,1.258598933,106404.3125,1.007811439718096,native,rejected
trafalgar-126,caspar32,3,False,267,1.263316986,106395.3515625,1.007726565946433,native,accepted
trafalgar-126,caspar32,3,False,268,1.268026279,106389.34375,1.0076696627812987,native,accepted
trafalgar-126,caspar32,3,False,269,1.272725071,106389.34375,1.0076696627812987,native,rejected
trafalgar-126,caspar32,3,False,270,1.277449744,106389.34375,1.0076696627812987,native,rejected
trafalgar-126,caspar32,3,False,271,1.282144987,106383.3984375,1.007613351586673,native,accepted
trafalgar-126,caspar32,3,False,272,1.286840469,106377.3125,1.007555708458403,native,accepted
trafalgar-126,caspar32,3,False,273,1.291522362,106377.3125,1.007555708458403,native,rejected
trafalgar-126,caspar32,3,False,274,1.296179444,106377.3125,1.007555708458403,native,rejected
trafalgar-126,caspar32,3,False,275,1.300892347,106367.40625,1.0074618811327982,native,accepted
trafalgar-126,caspar32,3,False,276,1.30556964,106361.6015625,1.0074069018718166,native,accepted
trafalgar-126,caspar32,3,False,277,1.310247993,106361.6015625,1.0074069018718166,native,rejected
trafalgar-126,caspar32,3,False,278,1.314905725,106361.6015625,1.0074069018718166,native,rejected
trafalgar-126,caspar32,3,False,279,1.319605548,106355.7578125,1.0073515526292673,native,accepted
trafalgar-126,caspar32,3,False,280,1.324316711,106349.9375,1.0072964253756589,native,accepted
trafalgar-126,caspar32,3,False,281,1.328989053,106349.9375,1.0072964253756589,native,rejected
trafalgar-126,caspar32,3,False,282,1.333672156,106349.9375,1.0072964253756589,native,rejected
trafalgar-126,caspar32,3,False,283,1.338385049,106340.765625,1.0072095537035293,native,accepted
trafalgar-126,caspar32,3,False,284,1.343053002,106335.171875,1.0071565723430143,native,accepted
trafalgar-126,caspar32,3,False,285,1.347876414,106335.171875,1.0071565723430143,native,rejected
trafalgar-126,caspar32,3,False,286,1.352570377,106335.171875,1.0071565723430143,native,rejected
trafalgar-126,caspar32,3,False,287,1.35726317,106329.484375,1.0071027030267363,native,accepted
trafalgar-126,caspar32,3,False,288,1.361997882,106323.875,1.007049573673594,native,accepted
trafalgar-126,caspar32,3,False,289,1.366695415,106323.875,1.007049573673594,native,rejected
trafalgar-126,caspar32,3,False,290,1.371384108,106323.875,1.007049573673594,native,rejected
trafalgar-126,caspar32,3,False,291,1.37610726,106316.6171875,1.0069808310982888,native,accepted
trafalgar-126,caspar32,3,False,292,1.380831943,106311.0625,1.0069282197193417,native,accepted
trafalgar-126,caspar32,3,False,293,1.385508206,106311.0625,1.0069282197193417,native,rejected
trafalgar-126,caspar32,3,False,294,1.390196289,106311.0625,1.0069282197193417,native,rejected
trafalgar-126,caspar32,3,False,295,1.394909811,106304.1796875,1.0068630289670877,native,accepted
trafalgar-126,caspar32,3,False,296,1.399605864,106298.75,1.0068116015291575,native,accepted
trafalgar-126,caspar32,3,False,297,1.404242967,106298.75,1.0068116015291575,native,rejected
trafalgar-126,caspar32,3,False,298,1.408909789,106298.75,1.0068116015291575,native,rejected
trafalgar-126,caspar32,3,False,299,1.413616252,106290.1796875,1.0067304275731728,native,accepted
trafalgar-126,caspar32,3,False,300,1.418311015,106284.8046875,1.0066795181094377,native,accepted
trafalgar-126,caspar32,3,False,301,1.422994457,106284.8046875,1.0066795181094377,native,rejected
trafalgar-126,caspar32,3,False,302,1.42764809,106284.8046875,1.0066795181094377,native,rejected
trafalgar-126,caspar32,3,False,303,1.432367283,106279.0703125,1.0066252048152784,native,accepted
trafalgar-126,caspar32,3,False,304,1.437099276,106273.703125,1.0065743693478568,native,accepted
trafalgar-126,caspar32,3,False,305,1.441775368,106273.703125,1.0065743693478568,native,rejected
trafalgar-126,caspar32,3,False,306,1.446459071,106273.703125,1.0065743693478568,native,rejected
trafalgar-126,caspar32,3,False,307,1.451196904,106262.6484375,1.0064696645641573,native,accepted
trafalgar-126,caspar32,3,False,308,1.455928216,106257.3125,1.0064191250819898,native,accepted
trafalgar-126,caspar32,3,False,309,1.460628819,106257.3125,1.0064191250819898,native,rejected
trafalgar-126,caspar32,3,False,310,1.465323042,106257.3125,1.0064191250819898,native,rejected
trafalgar-126,caspar32,3,False,311,1.470049084,106250.6640625,1.006356154219143,native,accepted
trafalgar-126,caspar32,3,False,312,1.474767627,106245.578125,1.00630798261901,native,accepted
trafalgar-126,caspar32,3,False,313,1.47944905,106245.578125,1.00630798261901,native,rejected
trafalgar-126,caspar32,3,False,314,1.484130623,106245.578125,1.00630798261901,native,rejected
trafalgar-126,caspar32,3,False,315,1.488835845,106245.578125,1.00630798261901,native,rejected
trafalgar-126,caspar32,3,False,316,1.493552828,106240.890625,1.0062635848308688,native,accepted
trafalgar-126,caspar32,3,False,317,1.49826204,106237.109375,1.0062277706151015,native,accepted
trafalgar-126,caspar32,3,False,318,1.502970373,106231.84375,1.0061778970997564,native,accepted
trafalgar-126,caspar32,3,False,319,1.507668596,106225.8984375,1.0061215859051307,native,accepted
trafalgar-126,caspar32,3,False,320,1.512340329,106225.8984375,1.0061215859051307,native,rejected
trafalgar-126,caspar32,3,False,321,1.517010881,106225.8984375,1.0061215859051307,native,rejected
trafalgar-126,caspar32,3,False,322,1.521735914,106220.1953125,1.0060675685962257,native,accepted
trafalgar-126,caspar32,3,False,323,1.526434657,106215.640625,1.0060244287454152,native,accepted
trafalgar-126,caspar32,3,False,324,1.531122329,106215.640625,1.0060244287454152,native,rejected
trafalgar-126,caspar32,3,False,325,1.535809792,106215.640625,1.0060244287454152,native,rejected
trafalgar-126,caspar32,3,False,326,1.540508835,106210.4765625,1.0059755171821463,native,accepted
trafalgar-126,caspar32,3,False,327,1.545233447,106206.046875,1.005933561272353,native,accepted
trafalgar-126,caspar32,3,False,328,1.54992932,106206.046875,1.005933561272353,native,rejected
trafalgar-126,caspar32,3,False,329,1.554644643,106206.046875,1.005933561272353,native,rejected
trafalgar-126,caspar32,3,False,330,1.559355466,106201.390625,1.005889459469466,native,accepted
trafalgar-126,caspar32,3,False,331,1.564083158,106196.921875,1.005847133578105,native,accepted
trafalgar-126,caspar32,3,False,332,1.568889651,106196.921875,1.005847133578105,native,rejected
trafalgar-126,caspar32,3,False,333,1.573591724,106196.921875,1.005847133578105,native,rejected
trafalgar-126,caspar32,3,False,334,1.578321726,106192.171875,1.0058021438194553,native,accepted
trafalgar-126,caspar32,3,False,335,1.583027269,106187.9375,1.005762037817501,native,accepted
trafalgar-126,caspar32,3,False,336,1.587715212,106187.9375,1.005762037817501,native,rejected
trafalgar-126,caspar32,3,False,337,1.592435545,106182.609375,1.0057115723316472,native,accepted
trafalgar-126,caspar32,3,False,338,1.597134557,106177.3984375,1.0056622167904972,native,accepted
trafalgar-126,caspar32,3,False,339,1.60177676,106177.3984375,1.0056622167904972,native,rejected
trafalgar-126,caspar32,3,False,340,1.606440083,106177.3984375,1.0056622167904972,native,rejected
trafalgar-126,caspar32,3,False,341,1.611123435,106169.3046875,1.00558555660964,native,accepted
trafalgar-126,caspar32,3,False,342,1.615842658,106164.46875,1.005539752891541,native,accepted
trafalgar-126,caspar32,3,False,343,1.620511671,106164.46875,1.005539752891541,native,rejected
trafalgar-126,caspar32,3,False,344,1.625171713,106164.46875,1.005539752891541,native,rejected
trafalgar-126,caspar32,3,False,345,1.629887706,106158.640625,1.0054845516416189,native,accepted
trafalgar-126,caspar32,3,False,346,1.634608419,106153.84375,1.0054391179050879,native,accepted
trafalgar-126,caspar32,3,False,347,1.639291692,106153.84375,1.0054391179050879,native,rejected
trafalgar-126,caspar32,3,False,348,1.643964274,106153.84375,1.0054391179050879,native,rejected
trafalgar-126,caspar32,3,False,349,1.648654827,106153.84375,1.0054391179050879,native,rejected
trafalgar-126,caspar32,3,False,350,1.65336789,106149.765625,1.005400491829405,native,accepted
trafalgar-126,caspar32,3,False,351,1.658091862,106146.25,1.0053671934882993,native,accepted
trafalgar-126,caspar32,3,False,352,1.662813305,106141.6796875,1.0053239056448615,native,accepted
trafalgar-126,caspar32,3,False,353,1.667540798,106136.484375,1.0052746980963385,native,accepted
trafalgar-126,caspar32,3,False,354,1.67223584,106136.484375,1.0052746980963385,native,rejected
trafalgar-126,caspar32,3,False,355,1.676928903,106136.484375,1.0052746980963385,native,rejected
trafalgar-126,caspar32,3,False,356,1.681651536,106132.03125,1.0052325201976045,native,accepted
trafalgar-126,caspar32,3,False,357,1.686364799,106127.703125,1.0051915262398874,native,accepted
trafalgar-126,caspar32,3,False,358,1.691063771,106127.703125,1.0051915262398874,native,rejected
trafalgar-126,caspar32,3,False,359,1.695780784,106122.984375,1.005146832466492,native,accepted
trafalgar-126,caspar32,3,False,360,1.700501127,106118.0,1.0050996228184352,native,accepted
trafalgar-126,caspar32,3,False,361,1.705148499,106118.0,1.0050996228184352,native,rejected
trafalgar-126,caspar32,3,False,362,1.709826722,106118.0,1.0050996228184352,native,rejected
trafalgar-126,caspar32,3,False,363,1.714528785,106111.3203125,1.0050363559703341,native,accepted
trafalgar-126,caspar32,3,False,364,1.719232017,106106.9609375,1.0049950660273628,native,accepted
trafalgar-126,caspar32,3,False,365,1.7239072,106106.9609375,1.0049950660273628,native,rejected
trafalgar-126,caspar32,3,False,366,1.728573293,106106.9609375,1.0049950660273628,native,rejected
trafalgar-126,caspar32,3,False,367,1.733300695,106100.359375,1.0049325391423973,native,accepted
trafalgar-126,caspar32,3,False,368,1.738031238,106096.2109375,1.0048932470998926,native,accepted
trafalgar-126,caspar32,3,False,369,1.742736201,106096.2109375,1.0048932470998926,native,rejected
trafalgar-126,caspar32,3,False,370,1.748303294,106096.2109375,1.0048932470998926,native,rejected
trafalgar-126,caspar32,3,False,371,1.753017387,106092.0,1.004853363086879,native,accepted
trafalgar-126,caspar32,3,False,372,1.757720529,106087.609375,1.0048117771586536,native,accepted
trafalgar-126,caspar32,3,False,373,1.762392512,106087.609375,1.0048117771586536,native,rejected
trafalgar-126,caspar32,3,False,374,1.767068865,106087.609375,1.0048117771586536,native,rejected
trafalgar-126,caspar32,3,False,375,1.771771668,106087.609375,1.0048117771586536,native,rejected
trafalgar-126,caspar32,3,False,376,1.77648828,106083.7578125,1.0047752969760642,native,accepted
trafalgar-126,caspar32,3,False,377,1.781209043,106080.640625,1.0047457724469504,native,accepted
trafalgar-126,caspar32,3,False,378,1.785915136,106076.2578125,1.0047042605150385,native,accepted
trafalgar-126,caspar32,3,False,379,1.790637968,106071.734375,1.0046614166494823,native,accepted
trafalgar-126,caspar32,3,False,380,1.795448491,106071.734375,1.0046614166494823,native,rejected
trafalgar-126,caspar32,3,False,381,1.800132854,106071.734375,1.0046614166494823,native,rejected
trafalgar-126,caspar32,3,False,382,1.804860867,106068.4765625,1.004630560186724,native,accepted
trafalgar-126,caspar32,3,False,383,1.809555029,106064.3203125,1.0045911941479055,native,accepted
trafalgar-126,caspar32,3,False,384,1.814274482,106059.6484375,1.0045469443523916,native,accepted
trafalgar-126,caspar32,3,False,385,1.818983545,106053.828125,1.004491817098783,native,accepted
trafalgar-126,caspar32,3,False,386,1.823631157,106053.828125,1.004491817098783,native,rejected
trafalgar-126,caspar32,3,False,387,1.82833158,106053.828125,1.004491817098783,native,rejected
trafalgar-126,caspar32,3,False,388,1.833034753,106053.828125,1.004491817098783,native,rejected
trafalgar-126,caspar32,3,False,389,1.837748085,106050.1953125,1.0044574088129736,native,accepted
trafalgar-126,caspar32,3,False,390,1.842444448,106047.1328125,1.0044284022580547,native,accepted
trafalgar-126,caspar32,3,False,391,1.847185861,106042.46875,1.0043842264588543,native,accepted
trafalgar-126,caspar32,3,False,392,1.851913343,106037.40625,1.004336276847662,native,accepted
trafalgar-126,caspar32,3,False,393,1.856595806,106037.40625,1.004336276847662,native,rejected
trafalgar-126,caspar32,3,False,394,1.861295649,106037.40625,1.004336276847662,native,rejected
trafalgar-126,caspar32,3,False,395,1.866004512,106033.1328125,1.0042958008641398,native,accepted
trafalgar-126,caspar32,3,False,396,1.870708954,106028.8359375,1.0042551028916773,native,accepted
trafalgar-126,caspar32,3,False,397,1.875408307,106028.8359375,1.0042551028916773,native,rejected
trafalgar-126,caspar32,3,False,398,1.88010593,106028.8359375,1.0042551028916773,native,rejected
trafalgar-126,caspar32,3,False,399,1.884806093,106024.375,1.0042128509966295,native,accepted
trafalgar-126,caspar32,3,False,400,1.889533885,106020.7421875,1.0041784427108202,native,accepted
trafalgar-126,caspar32,3,False,401,1.894223308,106020.7421875,1.0041784427108202,native,rejected
trafalgar-126,caspar32,3,False,402,1.898923851,106020.7421875,1.0041784427108202,native,rejected
trafalgar-126,caspar32,3,False,403,1.903647453,106016.9453125,1.004142480502426,native,accepted
trafalgar-126,caspar32,3,False,404,1.908319986,106013.3671875,1.0041085901908116,native,accepted
trafalgar-126,caspar32,3,False,405,1.912973419,106013.3671875,1.0041085901908116,native,rejected
trafalgar-126,caspar32,3,False,406,1.917714551,106009.6171875,1.0040730719602986,native,accepted
trafalgar-126,caspar32,3,False,407,1.922414014,106005.4296875,1.0040334099362258,native,accepted
trafalgar-126,caspar32,3,False,408,1.927081337,106005.4296875,1.0040334099362258,native,rejected
trafalgar-126,caspar32,3,False,409,1.931775869,106005.4296875,1.0040334099362258,native,rejected
trafalgar-126,caspar32,3,False,410,1.936503052,105998.9140625,1.0039716970107095,native,accepted
trafalgar-126,caspar32,3,False,411,1.941234085,105994.765625,1.0039324049682048,native,accepted
trafalgar-126,caspar32,3,False,412,1.945914798,105994.765625,1.0039324049682048,native,rejected
trafalgar-126,caspar32,3,False,413,1.95060312,105994.765625,1.0039324049682048,native,rejected
trafalgar-126,caspar32,3,False,414,1.955327053,105989.5390625,1.0038829014344273,native,accepted
trafalgar-126,caspar32,3,False,415,1.960039336,105985.40625,1.0038437573845496,native,accepted
trafalgar-126,caspar32,3,False,416,1.964719168,105985.40625,1.0038437573845496,native,rejected
trafalgar-126,caspar32,3,False,417,1.969386031,105985.40625,1.0038437573845496,native,rejected
trafalgar-126,caspar32,3,False,418,1.974088254,105985.40625,1.0038437573845496,native,rejected
trafalgar-126,caspar32,3,False,419,1.978811527,105982.0,1.0038114949918338,native,accepted
trafalgar-126,caspar32,3,False,420,1.983531849,105979.25,1.0037854482894575,native,accepted
trafalgar-126,caspar32,3,False,421,1.988240362,105975.6171875,1.0037510400036482,native,accepted
trafalgar-126,caspar32,3,False,422,1.992965885,105971.671875,1.003713671865296,native,accepted
trafalgar-126,caspar32,3,False,423,1.997646177,105971.671875,1.003713671865296,native,rejected
trafalgar-126,caspar32,3,False,424,2.00233012,105971.671875,1.003713671865296,native,rejected
trafalgar-126,caspar32,3,False,425,2.007040163,105967.765625,1.0036766737085117,native,accepted
trafalgar-126,caspar32,3,False,426,2.011755035,105964.1640625,1.0036425614079567,native,accepted
trafalgar-126,caspar32,3,False,427,2.016609578,105964.1640625,1.0036425614079567,native,rejected
trafalgar-126,caspar32,3,False,428,2.021300541,105964.1640625,1.0036425614079567,native,rejected
trafalgar-126,caspar32,3,False,429,2.026001823,105959.9609375,1.0036027513912567,native,accepted
trafalgar-126,caspar32,3,False,430,2.030712186,105956.546875,1.0035704150022273,native,accepted
trafalgar-126,caspar32,3,False,431,2.035420329,105956.546875,1.0035704150022273,native,rejected
trafalgar-126,caspar32,3,False,432,2.040109012,105956.546875,1.0035704150022273,native,rejected
trafalgar-126,caspar32,3,False,433,2.044832034,105952.9921875,1.0035367466795535,native,accepted
trafalgar-126,caspar32,3,False,434,2.049546387,105949.453125,1.003503226349507,native,accepted
trafalgar-126,caspar32,3,False,435,2.05422971,105949.453125,1.003503226349507,native,rejected
trafalgar-126,caspar32,3,False,436,2.058912842,105949.453125,1.003503226349507,native,rejected
trafalgar-126,caspar32,3,False,437,2.063631495,105945.1015625,1.0034620104028493,native,accepted
trafalgar-126,caspar32,3,False,438,2.068351118,105941.7109375,1.0034298960027606,native,accepted
trafalgar-126,caspar32,3,False,439,2.073048881,105941.7109375,1.0034298960027606,native,rejected
trafalgar-126,caspar32,3,False,440,2.077751983,105941.7109375,1.0034298960027606,native,rejected
trafalgar-126,caspar32,3,False,441,2.082467976,105938.03125,1.0033950437390697,native,accepted
trafalgar-126,caspar32,3,False,442,2.087197429,105934.640625,1.003362929338981,native,accepted
trafalgar-126,caspar32,3,False,443,2.091867981,105934.640625,1.003362929338981,native,rejected
trafalgar-126,caspar32,3,False,444,2.096536924,105934.640625,1.003362929338981,native,rejected
trafalgar-126,caspar32,3,False,445,2.101238397,105929.9609375,1.0033186055471535,native,accepted
trafalgar-126,caspar32,3,False,446,2.10598358,105926.453125,1.0032853812023612,native,accepted
trafalgar-126,caspar32,3,False,447,2.110644552,105926.453125,1.0032853812023612,native,rejected
trafalgar-126,caspar32,3,False,448,2.115320115,105926.453125,1.0032853812023612,native,rejected
trafalgar-126,caspar32,3,False,449,2.120019668,105922.2109375,1.0032452012040933,native,accepted
trafalgar-126,caspar32,3,False,450,2.12472677,105918.828125,1.0032131608003183,native,accepted
trafalgar-126,caspar32,3,False,451,2.129385443,105918.828125,1.0032131608003183,native,rejected
trafalgar-126,caspar32,3,False,452,2.134065256,105918.828125,1.0032131608003183,native,rejected
trafalgar-126,caspar32,3,False,453,2.138771918,105913.7265625,1.003164841207558,native,accepted
trafalgar-126,caspar32,3,False,454,2.143491351,105910.1953125,1.003131394873825,native,accepted
trafalgar-126,caspar32,3,False,455,2.148177884,105910.1953125,1.003131394873825,native,rejected
trafalgar-126,caspar32,3,False,456,2.152875756,105910.1953125,1.003131394873825,native,rejected
trafalgar-126,caspar32,3,False,457,2.157607019,105906.2109375,1.003093656753905,native,accepted
trafalgar-126,caspar32,3,False,458,2.162337082,105902.6875,1.0030602844164855,native,accepted
trafalgar-126,caspar32,3,False,459,2.167002164,105902.6875,1.0030602844164855,native,rejected
trafalgar-126,caspar32,3,False,460,2.171689657,105902.6875,1.0030602844164855,native,rejected
trafalgar-126,caspar32,3,False,461,2.17639788,105902.6875,1.0030602844164855,native,rejected
trafalgar-126,caspar32,3,False,462,2.181118113,105899.390625,1.0030290579721597,native,accepted
trafalgar-126,caspar32,3,False,463,2.185825275,105896.9296875,1.0030057491333855,native,accepted
trafalgar-126,caspar32,3,False,464,2.190526348,105893.6640625,1.002974818674314,native,accepted
trafalgar-126,caspar32,3,False,465,2.195244551,105890.0234375,1.002940336392191,native,accepted
trafalgar-126,caspar32,3,False,466,2.199884243,105890.0234375,1.002940336392191,native,rejected
trafalgar-126,caspar32,3,False,467,2.204589326,105890.0234375,1.002940336392191,native,rejected
trafalgar-126,caspar32,3,False,468,2.209291859,105887.1953125,1.0029135497266792,native,accepted
trafalgar-126,caspar32,3,False,469,2.213979751,105883.78125,1.0028812133376497,native,accepted
trafalgar-126,caspar32,3,False,470,2.218678544,105883.78125,1.0028812133376497,native,rejected
trafalgar-126,caspar32,3,False,471,2.223326357,105883.78125,1.0028812133376497,native,rejected
trafalgar-126,caspar32,3,False,472,2.228028059,105880.890625,1.0028538347016294,native,accepted
trafalgar-126,caspar32,3,False,473,2.232753572,105877.7578125,1.0028241621798883,native,accepted
trafalgar-126,caspar32,3,False,474,2.237570715,105877.7578125,1.0028241621798883,native,rejected
trafalgar-126,caspar32,3,False,475,2.242272828,105873.90625,1.002787681997299,native,accepted
trafalgar-126,caspar32,3,False,476,2.2469922,105870.6484375,1.002756825534541,native,accepted
trafalgar-126,caspar32,3,False,477,2.251692153,105870.6484375,1.002756825534541,native,rejected
trafalgar-126,caspar32,3,False,478,2.256384936,105870.6484375,1.002756825534541,native,rejected
trafalgar-126,caspar32,3,False,479,2.261110909,105867.21875,1.0027243411528843,native,accepted
trafalgar-126,caspar32,3,False,480,2.265816071,105864.0703125,1.0026945206385163,native,accepted
trafalgar-126,caspar32,3,False,481,2.270512534,105864.0703125,1.0026945206385163,native,rejected
trafalgar-126,caspar32,3,False,482,2.275199507,105864.0703125,1.0026945206385163,native,rejected
trafalgar-126,caspar32,3,False,483,2.279911329,105860.2578125,1.0026584104374947,native,accepted
trafalgar-126,caspar32,3,False,484,2.284613512,105857.125,1.0026287379157537,native,accepted
trafalgar-126,caspar32,3,False,485,2.289294785,105857.125,1.0026287379157537,native,rejected
trafalgar-126,caspar32,3,False,486,2.293993267,105857.125,1.0026287379157537,native,rejected
trafalgar-126,caspar32,3,False,487,2.29870824,105853.953125,1.0025986954124448,native,accepted
trafalgar-126,caspar32,3,False,488,2.303417143,105850.9140625,1.0025699108464667,native,accepted
trafalgar-126,caspar32,3,False,489,2.308107605,105850.9140625,1.0025699108464667,native,rejected
trafalgar-126,caspar32,3,False,490,2.312811608,105850.9140625,1.0025699108464667,native,rejected
trafalgar-126,caspar32,3,False,491,2.317548221,105847.8203125,1.0025406083062935,native,accepted
trafalgar-126,caspar32,3,False,492,2.322229294,105844.7265625,1.0025113057661204,native,accepted
trafalgar-126,caspar32,3,False,493,2.326910576,105844.7265625,1.0025113057661204,native,rejected
trafalgar-126,caspar32,3,False,494,2.331613169,105844.7265625,1.0025113057661204,native,rejected
trafalgar-126,caspar32,3,False,495,2.336334252,105841.328125,1.002479117369718,native,accepted
trafalgar-126,caspar32,3,False,496,2.341044604,105838.5078125,1.0024524047005199,native,accepted
trafalgar-126,caspar32,3,False,497,2.345742087,105838.5078125,1.0024524047005199,native,rejected
trafalgar-126,caspar32,3,False,498,2.35046328,105835.4375,1.0024233241492875,native,accepted
trafalgar-126,caspar32,3,False,499,2.355186833,105831.9375,1.0023901738008087,native,accepted
trafalgar-126,caspar32,3,False,500,2.359871245,105831.9375,1.0023901738008087,native,rejected
trafalgar-126,caspar32,3,False,501,2.364561568,105831.9375,1.0023901738008087,native,rejected
trafalgar-126,caspar32,3,False,502,2.369270541,105831.9375,1.0023901738008087,native,rejected
trafalgar-126,caspar32,3,False,503,2.373998683,105828.9140625,1.0023615372274577,native,accepted
trafalgar-126,caspar32,3,False,504,2.378725396,105826.5078125,1.0023387463628786,native,accepted
trafalgar-126,caspar32,3,False,505,2.383440789,105823.90625,1.00231410559046,native,accepted
trafalgar-126,caspar32,3,False,506,2.388154242,105820.3828125,1.0022807332530408,native,accepted
trafalgar-126,caspar32,3,False,507,2.392821154,105820.3828125,1.0022807332530408,native,rejected
trafalgar-126,caspar32,3,False,508,2.397506037,105820.3828125,1.0022807332530408,native,rejected
trafalgar-126,caspar32,3,False,509,2.40220769,105816.75,1.0022463249672313,native,accepted
trafalgar-126,caspar32,3,False,510,2.406926422,105813.6015625,1.0022165044528633,native,accepted
trafalgar-126,caspar32,3,False,511,2.411573445,105813.6015625,1.0022165044528633,native,rejected
trafalgar-126,caspar32,3,False,512,2.416267758,105813.6015625,1.0022165044528633,native,rejected
trafalgar-126,caspar32,3,False,513,2.42095877,105809.5546875,1.0021781743624347,native,accepted
trafalgar-126,caspar32,3,False,514,2.425704003,105806.5546875,1.0021497597780245,native,accepted
trafalgar-126,caspar32,3,False,515,2.430365946,105806.5546875,1.0021497597780245,native,rejected
trafalgar-126,caspar32,3,False,516,2.435060968,105806.5546875,1.0021497597780245,native,rejected
trafalgar-126,caspar32,3,False,517,2.439763531,105803.4609375,1.0021204572378513,native,accepted
trafalgar-126,caspar32,3,False,518,2.444476794,105800.5078125,1.0020924866313223,native,accepted
trafalgar-126,caspar32,3,False,519,2.449157946,105800.5078125,1.0020924866313223,native,rejected
trafalgar-126,caspar32,3,False,520,2.453861139,105800.5078125,1.0020924866313223,native,rejected
trafalgar-126,caspar32,3,False,521,2.458588672,105796.796875,1.0020573383823772,native,accepted
trafalgar-126,caspar32,3,False,522,2.463404305,105793.734375,1.0020283318274583,native,accepted
trafalgar-126,caspar32,3,False,523,2.468088957,105793.734375,1.0020283318274583,native,rejected
trafalgar-126,caspar32,3,False,524,2.47279063,105793.734375,1.0020283318274583,native,rejected
trafalgar-126,caspar32,3,False,525,2.477516903,105790.1171875,1.001994071534276,native,accepted
trafalgar-126,caspar32,3,False,526,2.482224065,105787.0546875,1.0019650649793572,native,accepted
trafalgar-126,caspar32,3,False,527,2.486905618,105787.0546875,1.0019650649793572,native,rejected
trafalgar-126,caspar32,3,False,528,2.491589371,105787.0546875,1.0019650649793572,native,rejected
trafalgar-126,caspar32,3,False,529,2.496287244,105787.0546875,1.0019650649793572,native,rejected
trafalgar-126,caspar32,3,False,530,2.500989186,105784.578125,1.001941608147956,native,accepted
trafalgar-126,caspar32,3,False,531,2.505711379,105782.4375,1.0019213331580383,native,accepted
trafalgar-126,caspar32,3,False,532,2.510409372,105779.6171875,1.00189462048884,native,accepted
trafalgar-126,caspar32,3,False,533,2.515063414,105776.375,1.001863912018709,native,accepted
trafalgar-126,caspar32,3,False,534,2.519725087,105776.375,1.001863912018709,native,rejected
trafalgar-126,caspar32,3,False,535,2.5243986,105776.375,1.001863912018709,native,rejected
trafalgar-126,caspar32,3,False,536,2.529117792,105773.9921875,1.0018413431430706,native,accepted
trafalgar-126,caspar32,3,False,537,2.533821865,105771.28125,1.0018156664222624,native,accepted
trafalgar-126,caspar32,3,False,538,2.538523428,105771.28125,1.0018156664222624,native,rejected
trafalgar-126,caspar32,3,False,539,2.54323164,105768.390625,1.0017882877862418,native,accepted
trafalgar-126,caspar32,3,False,540,2.547946743,105765.21875,1.001758245282933,native,accepted
trafalgar-126,caspar32,3,False,541,2.552618146,105765.21875,1.001758245282933,native,rejected
trafalgar-126,caspar32,3,False,542,2.557305719,105765.21875,1.001758245282933,native,rejected
trafalgar-126,caspar32,3,False,543,2.562014941,105765.21875,1.001758245282933,native,rejected
trafalgar-126,caspar32,3,False,544,2.566745324,105762.875,1.0017360463888625,native,accepted
trafalgar-126,caspar32,3,False,545,2.571465927,105760.8671875,1.0017170293362754,native,accepted
trafalgar-126,caspar32,3,False,546,2.576187679,105757.9375,1.0016892807186872,native,accepted
trafalgar-126,caspar32,3,False,547,2.580921872,105755.046875,1.001661902082667,native,accepted
trafalgar-126,caspar32,3,False,548,2.585625145,105755.046875,1.001661902082667,native,rejected
trafalgar-126,caspar32,3,False,549,2.590346198,105752.3515625,1.0016363733544857,native,accepted
trafalgar-126,caspar32,3,False,550,2.59506787,105748.90625,1.0016037409802019,native,accepted
trafalgar-126,caspar32,3,False,551,2.599708213,105748.90625,1.0016037409802019,native,rejected
trafalgar-126,caspar32,3,False,552,2.604368056,105748.90625,1.0016037409802019,native,rejected
trafalgar-126,caspar32,3,False,553,2.609070398,105748.90625,1.0016037409802019,native,rejected
trafalgar-126,caspar32,3,False,554,2.613770191,105746.4296875,1.0015802841488006,native,accepted
trafalgar-126,caspar32,3,False,555,2.618495734,105744.2578125,1.0015597131736287,native,accepted
trafalgar-126,caspar32,3,False,556,2.623207066,105741.609375,1.0015346284233289,native,accepted
trafalgar-126,caspar32,3,False,557,2.627924679,105738.4140625,1.0015043639310794,native,accepted
trafalgar-126,caspar32,3,False,558,2.632620222,105738.4140625,1.0015043639310794,native,rejected
trafalgar-126,caspar32,3,False,559,2.637323314,105738.4140625,1.0015043639310794,native,rejected
trafalgar-126,caspar32,3,False,560,2.642042557,105736.0078125,1.0014815730665003,native,accepted
trafalgar-126,caspar32,3,False,561,2.64675679,105733.078125,1.001453824448912,native,accepted
trafalgar-126,caspar32,3,False,562,2.651483473,105730.015625,1.001424817893993,native,accepted
trafalgar-126,caspar32,3,False,563,2.656196075,105726.2265625,1.0013889296819125,native,accepted
trafalgar-126,caspar32,3,False,564,2.660890788,105726.2265625,1.0013889296819125,native,rejected
trafalgar-126,caspar32,3,False,565,2.665586331,105726.2265625,1.0013889296819125,native,rejected
trafalgar-126,caspar32,3,False,566,2.670301084,105726.2265625,1.0013889296819125,native,rejected
trafalgar-126,caspar32,3,False,567,2.675020926,105723.890625,1.0013668047841553,native,accepted
trafalgar-126,caspar32,3,False,568,2.679738439,105721.7109375,1.0013461598126698,native,accepted
trafalgar-126,caspar32,3,False,569,2.684581022,105718.484375,1.001315599335166,native,accepted
trafalgar-126,caspar32,3,False,570,2.689291144,105715.34375,1.0012858528171114,native,accepted
trafalgar-126,caspar32,3,False,571,2.693987757,105715.34375,1.0012858528171114,native,rejected
trafalgar-126,caspar32,3,False,572,2.69867382,105715.34375,1.0012858528171114,native,rejected
trafalgar-126,caspar32,3,False,573,2.703342972,105715.34375,1.0012858528171114,native,rejected
trafalgar-126,caspar32,3,False,574,2.708015015,105713.09375,1.0012645418788035,native,accepted
trafalgar-126,caspar32,3,False,575,2.712647368,105711.0546875,1.0012452288409623,native,accepted
trafalgar-126,caspar32,3,False,576,2.71727932,105707.5625,1.0012121524887971,native,accepted
trafalgar-126,caspar32,3,False,577,2.721924913,105704.765625,1.0011856618085395,native,accepted
trafalgar-126,caspar32,3,False,578,2.726593676,105704.765625,1.0011856618085395,native,rejected
trafalgar-126,caspar32,3,False,579,2.731324028,105700.53125,1.0011455558065854,native,accepted
trafalgar-126,caspar32,3,False,580,2.736049621,105696.6015625,1.0011083356608603,native,accepted
trafalgar-126,caspar32,3,False,581,2.740731104,105696.6015625,1.0011083356608603,native,rejected
trafalgar-126,caspar32,3,False,582,2.745421707,105696.6015625,1.0011083356608603,native,rejected
trafalgar-126,caspar32,3,False,583,2.750132119,105696.6015625,1.0011083356608603,native,rejected
trafalgar-126,caspar32,3,False,584,2.754860812,105694.515625,1.0010885786451376,native,accepted
trafalgar-126,caspar32,3,False,585,2.759572855,105692.25,1.0010671197142027,native,accepted
trafalgar-126,caspar32,3,False,586,2.764294447,105688.609375,1.0010326374320797,native,accepted
trafalgar-126,caspar32,3,False,587,2.76901408,105685.4609375,1.0010028169177116,native,accepted
trafalgar-126,caspar32,3,False,588,2.773713673,105685.4609375,1.0010028169177116,native,rejected
trafalgar-126,caspar32,3,False,589,2.778398656,105685.4609375,1.0010028169177116,native,rejected
trafalgar-126,caspar32,3,False,590,2.783091478,105685.4609375,1.0010028169177116,native,rejected
trafalgar-126,caspar32,3,False,591,2.787810291,105683.078125,1.0009802480420733,native,accepted
trafalgar-126,caspar32,3,False,592,2.792537114,105680.984375,1.0009604170300368,native,accepted
trafalgar-126,caspar32,3,False,593,2.797262726,105677.0546875,1.0009231968843117,native,accepted
trafalgar-126,caspar32,3,False,594,2.801953589,105674.0625,1.000894856296215,native,accepted
trafalgar-126,caspar32,3,False,595,2.806638012,105674.0625,1.000894856296215,native,rejected
trafalgar-126,caspar32,3,False,596,2.811294094,105674.0625,1.000894856296215,native,rejected
trafalgar-126,caspar32,3,False,597,2.815963517,105674.0625,1.000894856296215,native,rejected
trafalgar-126,caspar32,3,False,598,2.82064315,105671.9453125,1.000874803295238,native,accepted
trafalgar-126,caspar32,3,False,599,2.825345853,105669.890625,1.0008553422647695,native,accepted
trafalgar-126,caspar32,3,False,600,2.829473885,105669.890625,1.0008553422647695,native,rejected
trafalgar-126,caspar32,3,False,600,2.829475675,105669.93953283256,1.0008558054966816,independent_fp64,audited_endpoint
venice-951,rayleigh,1,True,0,0.0,189616013.4017486,93.89888012609438,native,initial
venice-951,rayleigh,1,True,0,0.023300443000000115,189616013.4017486,93.89888012609438,native,setup_complete
venice-951,rayleigh,1,True,1,0.10620044300000012,10936592.075282369,5.415859820283843,native,outer_complete
venice-951,rayleigh,1,True,2,0.2313004430000001,3110887.318737301,1.5405283034244366,native,outer_complete
venice-951,rayleigh,1,True,3,0.4401004430000001,2376011.8021458676,1.1766139546198415,native,outer_complete
venice-951,rayleigh,1,True,4,0.5979004430000001,2204277.486486891,1.0915701883772042,native,outer_complete
venice-951,rayleigh,1,True,5,0.7098004430000001,2164015.8840367193,1.0716324240801394,native,outer_complete
venice-951,rayleigh,1,True,6,0.8194004430000001,2119046.9409678737,1.0493635591311006,native,outer_complete
venice-951,rayleigh,1,True,7,0.9301004430000002,2097929.547003955,1.0389061108975897,native,outer_complete
venice-951,rayleigh,1,True,8,1.040000443,2077631.3505265045,1.0288543337105345,native,outer_complete
venice-951,rayleigh,1,True,9,1.120600443,2068908.6090646447,1.0245347847431026,native,outer_complete
venice-951,rayleigh,1,True,10,1.2364004430000002,2062540.4613518105,1.021381243394009,native,outer_complete
venice-951,rayleigh,1,True,11,1.352000443,2046773.5907259074,1.0135734033898605,native,outer_complete
venice-951,rayleigh,1,True,12,1.467700443,2013038.4438279888,0.9968675753441443,native,outer_complete
venice-951,rayleigh,1,True,12,1.467700443,2013038.443827992,0.9968675753441459,independent_fp64,audited_endpoint
venice-951,caspar32,1,False,0,0.0,189614560.0,93.89816039365134,native,initial
venice-951,caspar32,1,False,1,0.082599507,23488480.0,11.631622922011218,native,accepted
venice-951,caspar32,1,False,2,0.181161064,7980990.5,3.9522298607723347,native,accepted
venice-951,caspar32,1,False,3,0.27951489,4422585.0,2.190088122370753,native,accepted
venice-951,caspar32,1,False,4,0.377856287,3140741.25,1.5553121323987829,native,accepted
venice-951,caspar32,1,False,5,0.476236553,2751157.0,1.3623878949702841,native,accepted
venice-951,caspar32,1,False,6,0.57590801,2577996.75,1.2766379982940754,native,accepted
venice-951,caspar32,1,False,7,0.674224777,2480842.75,1.2285268096022113,native,accepted
venice-951,caspar32,1,False,8,0.772592813,2426572.0,1.20165163931896,native,accepted
venice-951,caspar32,1,False,9,0.87093889,2359093.75,1.1682360432719956,native,accepted
venice-951,caspar32,1,False,10,0.969276606,2314568.0,1.146186649938764,native,accepted
venice-951,caspar32,1,False,11,1.067580483,2300505.5,1.1392228235293589,native,accepted
venice-951,caspar32,1,False,12,1.165729279,2300505.5,1.1392228235293589,native,rejected
venice-951,caspar32,1,False,13,1.263898415,2300505.5,1.1392228235293589,native,rejected
venice-951,caspar32,1,False,14,1.362166312,2300505.5,1.1392228235293589,native,rejected
venice-951,caspar32,1,False,15,1.460432518,2259138.75,1.1187377841607362,native,accepted
venice-951,caspar32,1,False,16,1.558855125,2242607.25,1.1105512955358772,native,accepted
venice-951,caspar32,1,False,17,1.658804122,2242607.25,1.1105512955358772,native,rejected
venice-951,caspar32,1,False,18,1.75947964,2223451.25,1.1010651402506462,native,accepted
venice-951,caspar32,1,False,19,1.858914637,2204736.75,1.0917976181643305,native,accepted
venice-951,caspar32,1,False,20,1.958922484,2193995.0,1.0864782451984123,native,accepted
venice-951,caspar32,1,False,21,2.057309231,2184415.25,1.0817343009462879,native,accepted
venice-951,caspar32,1,False,22,2.155429727,2184415.25,1.0817343009462879,native,rejected
venice-951,caspar32,1,False,23,2.254219174,2175356.75,1.0772484825264055,native,accepted
venice-951,caspar32,1,False,24,2.35260914,2168140.5,1.073674956316495,native,accepted
venice-951,caspar32,1,False,25,2.450952377,2165554.25,1.0723942312639563,native,accepted
venice-951,caspar32,1,False,26,2.481120454,2165554.25,1.0723942312639563,native,rejected
venice-951,caspar32,1,False,27,2.511421092,2164171.5,1.0717094859507044,native,accepted
venice-951,caspar32,1,False,28,2.609724948,2141332.0,1.0603992414509635,native,accepted
venice-951,caspar32,1,False,29,2.64851993,2124395.0,1.0520119470227969,native,accepted
venice-951,caspar32,1,False,30,2.70011762,2113910.5,1.046819965654661,native,accepted
venice-951,caspar32,1,False,31,2.726154005,2112560.25,1.046151314518,native,accepted
venice-951,caspar32,1,False,32,2.824467561,2110010.25,1.0448885406624278,native,accepted
venice-951,caspar32,1,False,33,2.922759218,2108566.0,1.044173340215012,native,accepted
venice-951,caspar32,1,False,34,3.019133243,2108566.0,1.044173340215012,native,rejected
venice-951,caspar32,1,False,35,3.115514778,2108566.0,1.044173340215012,native,rejected
venice-951,caspar32,1,False,36,3.213884005,2107338.25,1.0435653517439616,native,accepted
venice-951,caspar32,1,False,37,3.31022483,2107338.25,1.0435653517439616,native,rejected
venice-951,caspar32,1,False,38,3.408545667,2106329.75,1.0430659370642186,native,accepted
venice-951,caspar32,1,False,39,3.504796372,2106329.75,1.0430659370642186,native,rejected
venice-951,caspar32,1,False,40,3.603082968,2104976.0,1.04239555270854,native,accepted
venice-951,caspar32,1,False,41,3.699381914,2104976.0,1.04239555270854,native,rejected
venice-951,caspar32,1,False,42,3.795746739,2104976.0,1.04239555270854,native,rejected
venice-951,caspar32,1,False,43,3.893259065,2104976.0,1.04239555270854,native,rejected
venice-951,caspar32,1,False,44,3.990820471,2104976.0,1.04239555270854,native,rejected
venice-951,caspar32,1,False,45,4.088377267,2104976.0,1.04239555270854,native,rejected
venice-951,caspar32,1,False,46,4.186283303,2104976.0,1.04239555270854,native,rejected
venice-951,caspar32,1,False,47,4.28465209,2103898.25,1.0418618450525232,native,accepted
venice-951,caspar32,1,False,48,4.383222666,2103081.0,1.041457138411948,native,accepted
venice-951,caspar32,1,False,49,4.481829213,2102081.25,1.0409620567797488,native,accepted
venice-951,caspar32,1,False,50,4.579752719,2102081.25,1.0409620567797488,native,rejected
venice-951,caspar32,1,False,51,4.678000085,2102081.25,1.0409620567797488,native,rejected
venice-951,caspar32,1,False,52,4.776328592,2100515.0,1.040186441269439,native,accepted
venice-951,caspar32,1,False,53,4.874666898,2099624.0,1.039745213228139,native,accepted
venice-951,caspar32,1,False,54,4.972748925,2099624.0,1.039745213228139,native,rejected
venice-951,caspar32,1,False,55,5.071021521,2098273.25,1.0390763144887611,native,accepted
venice-951,caspar32,1,False,56,5.169345327,2097097.5,1.0384940767002557,native,accepted
venice-951,caspar32,1,False,57,5.267309484,2097097.5,1.0384940767002557,native,rejected
venice-951,caspar32,1,False,58,5.36523164,2097097.5,1.0384940767002557,native,rejected
venice-951,caspar32,1,False,59,5.463611876,2095314.25,1.037611001610864,native,accepted
venice-951,caspar32,1,False,60,5.561992653,2094349.75,1.0371333759701975,native,accepted
venice-951,caspar32,1,False,61,5.660127729,2094349.75,1.0371333759701975,native,rejected
venice-951,caspar32,1,False,62,5.758291106,2094349.75,1.0371333759701975,native,rejected
venice-951,caspar32,1,False,63,5.856673112,2093119.875,1.0365243351876008,native,accepted
venice-951,caspar32,1,False,64,5.955042669,2092181.875,1.0360598324909236,native,accepted
venice-951,caspar32,1,False,65,6.053171705,2092181.875,1.0360598324909236,native,rejected
venice-951,caspar32,1,False,66,6.151109101,2092181.875,1.0360598324909236,native,rejected
venice-951,caspar32,1,False,67,6.249349478,2092181.875,1.0360598324909236,native,rejected
venice-951,caspar32,1,False,68,6.349396525,2091718.5,1.0358303666731488,native,accepted
venice-951,caspar32,1,False,69,6.447756641,2090979.75,1.035464533659108,native,accepted
venice-951,caspar32,1,False,70,6.546137298,2090258.625,1.0351074286408337,native,accepted
venice-951,caspar32,1,False,71,6.644480914,2090258.625,1.0351074286408337,native,rejected
venice-951,caspar32,1,False,72,6.742931191,2088763.5,1.0343670346169858,native,accepted
venice-951,caspar32,1,False,73,6.841279037,2087928.75,1.0339536618813234,native,accepted
venice-951,caspar32,1,False,74,6.939250834,2087928.75,1.0339536618813234,native,rejected
venice-951,caspar32,1,False,75,7.03721124,2087928.75,1.0339536618813234,native,rejected
venice-951,caspar32,1,False,76,7.135624266,2086571.0,1.0332812967039107,native,accepted
venice-951,caspar32,1,False,77,7.233995853,2085827.0,1.0329128638613436,native,accepted
venice-951,caspar32,1,False,78,7.332082899,2085827.0,1.0329128638613436,native,rejected
venice-951,caspar32,1,False,79,7.432220257,2085827.0,1.0329128638613436,native,rejected
venice-951,caspar32,1,False,80,7.533382125,2084863.125,1.0324355477240732,native,accepted
venice-951,caspar32,1,False,81,7.631803941,2084106.5,1.0320608629129076,native,accepted
venice-951,caspar32,1,False,82,7.730518228,2084106.5,1.0320608629129076,native,rejected
venice-951,caspar32,1,False,83,7.828775234,2084106.5,1.0320608629129076,native,rejected
venice-951,caspar32,1,False,84,7.927316261,2082757.625,1.0313928926837175,native,accepted
venice-951,caspar32,1,False,85,8.026844048,2081997.625,1.0310165365542137,native,accepted
venice-951,caspar32,1,False,86,8.125930915,2081997.625,1.0310165365542137,native,rejected
venice-951,caspar32,1,False,87,8.224001071,2081997.625,1.0310165365542137,native,rejected
venice-951,caspar32,1,False,88,8.322330448,2080803.25,1.0304250755645081,native,accepted
venice-951,caspar32,1,False,89,8.420646324,2080112.25,1.0300828886099198,native,accepted
venice-951,caspar32,1,False,90,8.518781861,2080112.25,1.0300828886099198,native,rejected
venice-951,caspar32,1,False,91,8.616928097,2080112.25,1.0300828886099198,native,rejected
venice-951,caspar32,1,False,92,8.715331343,2079041.5,1.0295526473919379,native,accepted
venice-951,caspar32,1,False,93,8.81363594,2078422.875,1.0292463009306032,native,accepted
venice-951,caspar32,1,False,94,8.911767616,2078422.875,1.0292463009306032,native,rejected
venice-951,caspar32,1,False,95,9.010044363,2078422.875,1.0292463009306032,native,rejected
venice-951,caspar32,1,False,96,9.108609509,2077603.375,1.0288404800778028,native,accepted
venice-951,caspar32,1,False,97,9.206961965,2077043.5,1.0285632269356897,native,accepted
venice-951,caspar32,1,False,98,9.305416242,2075809.875,1.027952329132717,native,accepted
venice-951,caspar32,1,False,99,9.403729438,2074888.75,1.0274961830277312,native,accepted
venice-951,caspar32,1,False,100,9.501746075,2074888.75,1.0274961830277312,native,rejected
venice-951,caspar32,1,False,101,9.599711571,2074888.75,1.0274961830277312,native,rejected
venice-951,caspar32,1,False,102,9.698059417,2073630.0,1.0268728431882403,native,accepted
venice-951,caspar32,1,False,103,9.796381644,2072902.375,1.026512519334648,native,accepted
venice-951,caspar32,1,False,104,9.894573,2072902.375,1.026512519334648,native,rejected
venice-951,caspar32,1,False,105,9.992913497,2071497.5,1.0258168176011786,native,accepted
venice-951,caspar32,1,False,106,10.091245133,2070435.875,1.025291095132778,native,accepted
venice-951,caspar32,1,False,107,10.18950664,2070435.875,1.025291095132778,native,rejected
venice-951,caspar32,1,False,108,10.287554756,2070435.875,1.025291095132778,native,rejected
venice-951,caspar32,1,False,109,10.385841952,2070435.875,1.025291095132778,native,rejected
venice-951,caspar32,1,False,110,10.484218039,2070035.0,1.0250925796546004,native,accepted
venice-951,caspar32,1,False,111,10.582508645,2069445.25,1.0248005322501599,native,accepted
venice-951,caspar32,1,False,112,10.680860892,2068878.25,1.0245197507693327,native,accepted
venice-951,caspar32,1,False,113,10.779069128,2068878.25,1.0245197507693327,native,rejected
venice-951,caspar32,1,False,114,10.877385984,2068878.25,1.0245197507693327,native,rejected
venice-951,caspar32,1,False,115,10.975717531,2067993.5,1.0240816177619925,native,accepted
venice-951,caspar32,1,False,116,11.074079688,2066851.75,1.023516216958228,native,accepted
venice-951,caspar32,1,False,117,11.172404764,2064856.0,1.0225279107142053,native,accepted
venice-951,caspar32,1,False,118,11.27071308,2063988.375,1.0220982580999147,native,accepted
venice-951,caspar32,1,False,119,11.369057277,2062291.625,1.0212580182805258,native,accepted
venice-951,caspar32,1,False,120,11.467372503,2060567.5,1.020404222212393,native,accepted
venice-951,caspar32,1,False,121,11.56577213,2058847.125,1.0195522831646362,native,accepted
venice-951,caspar32,1,False,122,11.664130866,2056499.875,1.018389912210718,native,accepted
venice-951,caspar32,1,False,123,11.762501583,2055057.0,1.0176753926707733,native,accepted
venice-951,caspar32,1,False,124,11.860829539,2053042.0,1.0166775537221546,native,accepted
venice-951,caspar32,1,False,125,11.959254876,2052092.875,1.0162075418650292,native,accepted
venice-951,caspar32,1,False,125,12.057428412,2052091.725886873,1.016206972817965,independent_fp64,audited_endpoint
venice-951,caspar64,1,False,0,0.0,189616013.40174645,93.89888012609332,native,initial
venice-951,caspar64,1,False,1,0.186341377,23486078.297919266,11.630433586091051,native,accepted
venice-951,caspar64,1,False,2,0.414262098,7976651.922965697,3.9500813738510394,native,accepted
venice-951,caspar64,1,False,3,0.640536638,4416920.915750141,2.1872832370740944,native,accepted
venice-951,caspar64,1,False,4,0.867338328,3135523.5539383036,1.5527283009583783,native,accepted
venice-951,caspar64,1,False,5,1.093513178,2747791.978792491,1.3607215181842887,native,accepted
venice-951,caspar64,1,False,6,1.319752758,2576164.499653996,1.2757306579670962,native,accepted
venice-951,caspar64,1,False,7,1.546102198,2479444.8428258467,1.2278345583739612,native,accepted
venice-951,caspar64,1,False,8,1.772368838,2425281.435851233,1.2010125449401359,native,accepted
venice-951,caspar64,1,False,9,1.998600237,2362108.0674544545,1.1697287496539093,native,accepted
venice-951,caspar64,1,False,10,2.225153547,2314918.149117745,1.1463600456844267,native,accepted
venice-951,caspar64,1,False,11,2.452385548,2299432.5687041716,1.1386915021218307,native,accepted
venice-951,caspar64,1,False,12,2.678678058,2299432.5687041716,1.1386915021218307,native,rejected
venice-951,caspar64,1,False,13,2.905417338,2299432.5687041716,1.1386915021218307,native,rejected
venice-951,caspar64,1,False,14,3.131307858,2299432.5687041716,1.1386915021218307,native,rejected
venice-951,caspar64,1,False,15,3.357915088,2257612.057801296,1.1179817578885678,native,accepted
venice-951,caspar64,1,False,16,3.584344538,2240990.4093310544,1.1097506272514184,native,accepted
venice-951,caspar64,1,False,17,3.810690778,2233927.981577069,1.106253274653536,native,accepted
venice-951,caspar64,1,False,18,4.037063998,2227461.2700439715,1.103050923965096,native,accepted
venice-951,caspar64,1,False,19,4.263341928,2222544.9109642757,1.10061631623551,native,accepted
venice-951,caspar64,1,False,20,4.363771315,2220843.9650008706,1.0997739985522437,native,accepted
venice-951,caspar64,1,False,21,4.590821346,2215520.241563668,1.0971376617793827,native,accepted
venice-951,caspar64,1,False,22,4.816832585,2215520.241563668,1.0971376617793827,native,rejected
venice-951,caspar64,1,False,23,5.043123295,2214998.306318971,1.0968791966102434,native,accepted
venice-951,caspar64,1,False,24,5.269988766,2195960.981776989,1.0874518100566526,native,accepted
venice-951,caspar64,1,False,25,5.496237236,2190749.916918093,1.0848712624239056,native,accepted
venice-951,caspar64,1,False,26,5.722505745,2186907.2542659524,1.0829683549992366,native,accepted
venice-951,caspar64,1,False,27,5.948885745,2181937.234010911,1.0805071739640482,native,accepted
venice-951,caspar64,1,False,28,6.175126745,2181332.646028208,1.08020777870995,native,accepted
venice-951,caspar64,1,False,29,6.401321475,2177625.4172088625,1.0783719388551685,native,accepted
venice-951,caspar64,1,False,30,6.627856445,2174370.410020904,1.076760041609422,native,accepted
venice-951,caspar64,1,False,31,6.854085975,2163129.7667704597,1.0711936139951184,native,accepted
venice-951,caspar64,1,False,32,6.954506573,2151910.950614414,1.0656379952765598,native,accepted
venice-951,caspar64,1,False,33,7.126956252,2149562.8401484224,1.064475198215207,native,accepted
venice-951,caspar64,1,False,34,7.353230052,2147379.5142357703,1.0633940033600344,native,accepted
venice-951,caspar64,1,False,35,7.471331899,2147379.5142357703,1.0633940033600344,native,rejected
venice-951,caspar64,1,False,36,7.598721732,2146218.9117597803,1.0628192667077236,native,accepted
venice-951,caspar64,1,False,37,7.735163561,2144655.2026887736,1.0620449094792577,native,accepted
venice-951,caspar64,1,False,38,7.835584388,2143237.6555303745,1.0613429324240942,native,accepted
venice-951,caspar64,1,False,39,7.936086706,2141051.873805077,1.0602605214371557,native,accepted
venice-951,caspar64,1,False,40,8.018663924,2137215.974306617,1.0583609631629372,native,accepted
venice-951,caspar64,1,False,41,8.092114196,2122589.586019594,1.0511178962098788,native,accepted
venice-951,caspar64,1,False,42,8.183549268,2104018.14469164,1.041921217555278,native,accepted
venice-951,caspar64,1,False,43,8.257059381,2084536.7323445443,1.0322739163076182,native,accepted
venice-951,caspar64,1,False,44,8.348608843,2076116.7986545877,1.0281043193941561,native,accepted
venice-951,caspar64,1,False,45,8.439781786,2076116.7986545877,1.0281043193941561,native,rejected
venice-951,caspar64,1,False,46,8.530922338,2076116.7986545877,1.0281043193941561,native,rejected
venice-951,caspar64,1,False,47,8.64022917,2076116.7986545877,1.0281043193941561,native,rejected
venice-951,caspar64,1,False,48,8.867142781,2067469.789191767,1.0238222733241427,native,accepted
venice-951,caspar64,1,False,49,8.958655233,2058038.7783175341,1.0191519854952809,native,accepted
venice-951,caspar64,1,False,50,9.095016771,2055184.2817458408,1.0177384232829065,native,accepted
venice-951,caspar64,1,False,51,9.21342628,2053333.8718156822,1.0168220902311829,native,accepted
venice-951,caspar64,1,False,52,9.304527232,2053333.8718156822,1.0168220902311829,native,rejected
venice-951,caspar64,1,False,53,9.413726745,2053333.8718156822,1.0168220902311829,native,rejected
venice-951,caspar64,1,False,54,9.567817073,2053333.8718156822,1.0168220902311829,native,rejected
venice-951,caspar64,1,False,55,9.793816113,2053333.8718156822,1.0168220902311829,native,rejected
venice-951,caspar64,1,False,56,10.020150063,2051603.044324736,1.0159649750531152,native,accepted
venice-951,caspar64,1,False,57,10.138541361,2051470.0123893465,1.0158990969158737,native,accepted
venice-951,caspar64,1,False,58,10.220970748,2050393.2248430678,1.0153658658721691,native,accepted
venice-951,caspar64,1,False,59,10.447296508,2047153.3488774414,1.013761461689938,native,accepted
venice-951,caspar64,1,False,60,10.529767135,2045224.9258936413,1.0128064961501626,native,accepted
venice-951,caspar64,1,False,61,10.639166688,2044304.8158893317,1.0123508526765579,native,accepted
venice-951,caspar64,1,False,62,10.811503347,2042651.6883859925,1.0115322149545405,native,accepted
venice-951,caspar64,1,False,63,11.037736737,2040622.8573736644,1.0105275268134652,native,accepted
venice-951,caspar64,1,False,64,11.12949259,2038752.7854487717,1.0096014570351146,native,accepted
venice-951,caspar64,1,False,65,11.257023013,2037085.3364727623,1.0087757272420146,native,accepted
venice-951,caspar64,1,False,66,11.483440743,2026370.1203136954,1.0034694939782995,native,accepted
venice-951,caspar64,1,False,67,11.56617286,2018506.504765548,0.9995753888314483,native,accepted
venice-951,caspar64,1,False,67,11.56617857,2018506.5049052825,0.9995753889006455,independent_fp64,audited_endpoint
venice-951,caspar32,2,True,0,0.0,189614544.0,93.8981524703644,native,initial
venice-951,caspar32,2,True,1,0.081533417,23488484.0,11.631624902832952,native,accepted
venice-951,caspar32,2,True,2,0.181048904,7980990.5,3.9522298607723347,native,accepted
venice-951,caspar32,2,True,3,0.27939284,4422586.0,2.1900886175761864,native,accepted
venice-951,caspar32,2,True,4,0.377784167,3140741.5,1.5553122562001414,native,accepted
venice-951,caspar32,2,True,5,0.476187123,2751156.5,1.3623876473675671,native,accepted
venice-951,caspar32,2,True,6,0.57534566,2577997.25,1.2766382458967922,native,accepted
venice-951,caspar32,2,True,7,0.674105887,2480842.25,1.2285265619994945,native,accepted
venice-951,caspar32,2,True,8,0.772481683,2426574.5,1.201652877332544,native,accepted
venice-951,caspar32,2,True,9,0.87082728,2359078.25,1.1682283675877754,native,accepted
venice-951,caspar32,2,True,10,0.969237926,2314574.25,1.1461897449727239,native,accepted
venice-951,caspar32,2,True,11,1.067637353,2300549.5,1.1392446125684355,native,accepted
venice-951,caspar32,2,True,12,1.16716168,2300549.5,1.1392446125684355,native,rejected
venice-951,caspar32,2,True,13,1.265329986,2300549.5,1.1392446125684355,native,rejected
venice-951,caspar32,2,True,14,1.363671993,2281298.75,1.1297115365683748,native,accepted
venice-951,caspar32,2,True,15,1.462150159,2243512.0,1.1109993326518885,native,accepted
venice-951,caspar32,2,True,16,1.560556726,2236255.0,1.1074056268205603,native,accepted
venice-951,caspar32,2,True,17,1.658921422,2228648.5,1.1036388466902038,native,accepted
venice-951,caspar32,2,True,18,1.757135819,2228648.5,1.1036388466902038,native,rejected
venice-951,caspar32,2,True,19,1.856546366,2226973.25,1.1028092537876362,native,accepted
venice-951,caspar32,2,True,20,1.88250497,2226973.25,1.1028092537876362,native,rejected
venice-951,caspar32,2,True,21,1.908628305,2218423.0,1.0985751235293597,native,accepted
venice-951,caspar32,2,True,22,1.939055593,2216437.5,1.097591893141031,native,accepted
venice-951,caspar32,2,True,23,2.03742231,2216437.5,1.097591893141031,native,rejected
venice-951,caspar32,2,True,24,2.135404546,2216437.5,1.097591893141031,native,rejected
venice-951,caspar32,2,True,25,2.233617232,2216437.5,1.097591893141031,native,rejected
venice-951,caspar32,2,True,26,2.332184079,2216437.5,1.097591893141031,native,rejected
venice-951,caspar32,2,True,27,2.430994685,2216437.5,1.097591893141031,native,rejected
venice-951,caspar32,2,True,28,2.529502282,2215094.5,1.0969268322437629,native,accepted
venice-951,caspar32,2,True,29,2.628239739,2212048.0,1.0954181888904293,native,accepted
venice-951,caspar32,2,True,30,2.726599505,2208451.5,1.093637182548639,native,accepted
venice-951,caspar32,2,True,31,2.824962602,2205084.75,1.0919699496552087,native,accepted
venice-951,caspar32,2,True,32,2.923550698,2200777.75,1.0898370998528757,native,accepted
venice-951,caspar32,2,True,33,3.021772605,2200777.75,1.0898370998528757,native,rejected
venice-951,caspar32,2,True,34,3.120418171,2200777.75,1.0898370998528757,native,rejected
venice-951,caspar32,2,True,35,3.218625588,2200777.75,1.0898370998528757,native,rejected
venice-951,caspar32,2,True,36,3.253201207,2199867.25,1.0893862153056215,native,accepted
venice-951,caspar32,2,True,37,3.352661805,2197072.75,1.0880023637215444,native,accepted
venice-951,caspar32,2,True,38,3.451222091,2194680.5,1.086817708523116,native,accepted
venice-951,caspar32,2,True,39,3.549634688,2189485.75,1.0842452400971423,native,accepted
venice-951,caspar32,2,True,40,3.647853224,2189485.75,1.0842452400971423,native,rejected
venice-951,caspar32,2,True,41,3.746168251,2186153.25,1.0825949679898113,native,accepted
venice-951,caspar32,2,True,42,3.845079897,2182593.25,1.0808320366463458,native,accepted
venice-951,caspar32,2,True,43,3.943713344,2179076.5,1.0790905229378818,native,accepted
venice-951,caspar32,2,True,44,4.0420156,2179076.5,1.0790905229378818,native,rejected
venice-951,caspar32,2,True,45,4.140633537,2179076.5,1.0790905229378818,native,rejected
venice-951,caspar32,2,True,46,4.239097574,2179076.5,1.0790905229378818,native,rejected
venice-951,caspar32,2,True,47,4.33741377,2175675.5,1.077406329258352,native,accepted
venice-951,caspar32,2,True,48,4.435956467,2172845.75,1.0760050216827421,native,accepted
venice-951,caspar32,2,True,49,4.534274033,2170103.25,1.0746469207812102,native,accepted
venice-951,caspar32,2,True,50,4.6331262,2170103.25,1.0746469207812102,native,rejected
venice-951,caspar32,2,True,51,4.731279366,2170103.25,1.0746469207812102,native,rejected
venice-951,caspar32,2,True,52,4.829490902,2170103.25,1.0746469207812102,native,rejected
venice-951,caspar32,2,True,53,4.928780429,2169179.75,1.0741895985633196,native,accepted
venice-951,caspar32,2,True,54,5.027336716,2167228.25,1.073223205159732,native,accepted
venice-951,caspar32,2,True,55,5.126131373,2165462.75,1.0723489199667857,native,accepted
venice-951,caspar32,2,True,56,5.2249785,2160480.5,1.069881682695443,native,accepted
venice-951,caspar32,2,True,57,5.324049976,2157643.0,1.068476537277723,native,accepted
venice-951,caspar32,2,True,58,5.422632393,2157643.0,1.068476537277723,native,rejected
venice-951,caspar32,2,True,59,5.520846749,2157643.0,1.068476537277723,native,rejected
venice-951,caspar32,2,True,60,5.619201686,2153696.75,1.066522332835546,native,accepted
venice-951,caspar32,2,True,61,5.717576962,2151583.0,1.0654755923503634,native,accepted
venice-951,caspar32,2,True,62,5.816167779,2148462.75,1.0639304275963049,native,accepted
venice-951,caspar32,2,True,63,5.914526635,2145363.5,1.0623956621563513,native,accepted
venice-951,caspar32,2,True,64,6.012851282,2145363.5,1.0623956621563513,native,rejected
venice-951,caspar32,2,True,65,6.112005819,2145363.5,1.0623956621563513,native,rejected
venice-951,caspar32,2,True,66,6.210638985,2145315.25,1.062371768494182,native,accepted
venice-951,caspar32,2,True,67,6.309016902,2140351.0,1.0599134449206433,native,accepted
venice-951,caspar32,2,True,68,6.409334729,2140351.0,1.0599134449206433,native,rejected
venice-951,caspar32,2,True,69,6.507572666,2140351.0,1.0599134449206433,native,rejected
venice-951,caspar32,2,True,70,6.606161032,2139033.25,1.0592608879605727,native,accepted
venice-951,caspar32,2,True,71,6.704581019,2137422.25,1.0584631120071113,native,accepted
venice-951,caspar32,2,True,72,6.803073006,2135246.0,1.0573854211823313,native,accepted
venice-951,caspar32,2,True,73,6.901907972,2111881.0,1.045814946227256,native,accepted
venice-951,caspar32,2,True,74,6.94965474,2101577.25,1.0407124732412356,native,accepted
venice-951,caspar32,2,True,75,7.048874057,2100283.75,1.0400719250129289,native,accepted
venice-951,caspar32,2,True,76,7.147384073,2098486.0,1.0391816694447504,native,accepted
venice-951,caspar32,2,True,77,7.24601345,2097897.25,1.0388901172457434,native,accepted
venice-951,caspar32,2,True,78,7.28078081,2097897.25,1.0388901172457434,native,rejected
venice-951,caspar32,2,True,79,7.315353489,2097840.25,1.0388618905360305,native,accepted
venice-951,caspar32,2,True,80,7.341397295,2097104.125,1.038497357436253,native,accepted
venice-951,caspar32,2,True,81,7.376175804,2096761.375,1.0383276257739011,native,accepted
venice-951,caspar32,2,True,82,7.410728884,2096619.125,1.0382571828009775,native,accepted
venice-951,caspar32,2,True,83,7.445122894,2096619.125,1.0382571828009775,native,rejected
venice-951,caspar32,2,True,84,7.482880166,2096347.5,1.0381226726250874,native,accepted
venice-951,caspar32,2,True,85,7.517927216,2095835.375,1.0378690655424265,native,accepted
venice-951,caspar32,2,True,86,7.552496866,2095780.5,1.0378418911442602,native,accepted
venice-951,caspar32,2,True,87,7.587069586,2095600.5,1.0377527541662197,native,accepted
venice-951,caspar32,2,True,88,7.634378933,2094554.625,1.0372348311833977,native,accepted
venice-951,caspar32,2,True,89,7.651714393,2094554.625,1.0372348311833977,native,rejected
venice-951,caspar32,2,True,90,7.669036063,2094554.625,1.0372348311833977,native,rejected
venice-951,caspar32,2,True,91,7.686532853,2094298.0,1.0371077490890108,native,accepted
venice-951,caspar32,2,True,92,7.785071659,2094298.0,1.0371077490890108,native,rejected
venice-951,caspar32,2,True,93,7.883358386,2094298.0,1.0371077490890108,native,rejected
venice-951,caspar32,2,True,94,7.981713242,2094298.0,1.0371077490890108,native,rejected
venice-951,caspar32,2,True,95,8.080038728,2094298.0,1.0371077490890108,native,rejected
venice-951,caspar32,2,True,96,8.185658529,2093497.75,1.0367114609408064,native,accepted
venice-951,caspar32,2,True,97,8.228740834,2092982.125,1.036456120639128,native,accepted
venice-951,caspar32,2,True,98,8.32706756,2092982.125,1.036456120639128,native,rejected
venice-951,caspar32,2,True,99,8.426146757,2092982.125,1.036456120639128,native,rejected
venice-951,caspar32,2,True,100,8.524388174,2092982.125,1.036456120639128,native,rejected
venice-951,caspar32,2,True,101,8.576012373,2092493.75,1.0362142746855143,native,accepted
venice-951,caspar32,2,True,102,8.67471681,2091856.875,1.0358988907250173,native,accepted
venice-951,caspar32,2,True,103,8.713592092,2091436.125,1.035690533038848,native,accepted
venice-951,caspar32,2,True,104,8.811898249,2091436.125,1.035690533038848,native,rejected
venice-951,caspar32,2,True,105,8.910184475,2091436.125,1.035690533038848,native,rejected
venice-951,caspar32,2,True,106,9.008820892,2089709.75,1.0348356227584898,native,accepted
venice-951,caspar32,2,True,107,9.052508927,2089233.75,1.0345999049721164,native,accepted
venice-951,caspar32,2,True,108,9.151120334,2089233.75,1.0345999049721164,native,rejected
venice-951,caspar32,2,True,109,9.24955712,2089233.75,1.0345999049721164,native,rejected
venice-951,caspar32,2,True,110,9.328557455,2086675.125,1.0333328599696798,native,accepted
venice-951,caspar32,2,True,111,9.363107335,2086301.125,1.0331476531375292,native,accepted
venice-951,caspar32,2,True,112,9.461509542,2082531.5,1.0312809143550543,native,accepted
venice-951,caspar32,2,True,113,9.513087991,2080584.0,1.0303165017732006,native,accepted
venice-951,caspar32,2,True,114,9.560445429,2080119.125,1.0300862931472756,native,accepted
venice-951,caspar32,2,True,115,9.590728156,2080013.0,1.0300337394706391,native,accepted
venice-951,caspar32,2,True,116,9.626188936,2079785.5,1.029921080234505,native,accepted
venice-951,caspar32,2,True,117,9.660813566,2079495.25,1.0297773468574147,native,accepted
venice-951,caspar32,2,True,118,9.712348536,2079311.0,1.0296861052562818,native,accepted
venice-951,caspar32,2,True,119,9.738332821,2079311.0,1.0296861052562818,native,rejected
venice-951,caspar32,2,True,120,9.764346866,2079040.125,1.0295519664844668,native,accepted
venice-951,caspar32,2,True,121,9.80739743,2078613.125,1.0293405137643377,native,accepted
venice-951,caspar32,2,True,122,9.850464235,2078318.875,1.0291947995655133,native,accepted
venice-951,caspar32,2,True,123,9.885189105,2078141.5,1.029106962501736,native,accepted
venice-951,caspar32,2,True,124,9.919552205,2078141.5,1.029106962501736,native,rejected
venice-951,caspar32,2,True,125,9.954112815,2077963.625,1.0290188778352418,native,accepted
venice-951,caspar32,2,True,126,9.988496504,2077963.625,1.0290188778352418,native,rejected
venice-951,caspar32,2,True,127,10.023037554,2077875.75,1.028975361657768,native,accepted
venice-951,caspar32,2,True,128,10.048978139,2077875.75,1.028975361657768,native,rejected
venice-951,caspar32,2,True,129,10.074995694,2077582.0,1.0288298950616606,native,accepted
venice-951,caspar32,2,True,130,10.109570584,2077078.0,1.0285803115231473,native,accepted
venice-951,caspar32,2,True,131,10.144532154,2076803.125,1.0284441919295981,native,accepted
venice-951,caspar32,2,True,132,10.179209944,2076566.0,1.028326766341166,native,accepted
venice-951,caspar32,2,True,133,10.213840354,2076293.875,1.0281920085625589,native,accepted
venice-951,caspar32,2,True,134,10.248390913,2075997.875,1.028045427754226,native,accepted
venice-951,caspar32,2,True,135,10.274433699,2075831.375,1.0279629760495386,native,accepted
venice-951,caspar32,2,True,136,10.300483963,2075596.375,1.0278466027726525,native,accepted
venice-951,caspar32,2,True,137,10.326590378,2075194.0,1.0276473444863248,native,accepted
venice-951,caspar32,2,True,138,10.352626943,2074831.625,1.0274678944173392,native,accepted
venice-951,caspar32,2,True,139,10.379145279,2074831.625,1.0274678944173392,native,rejected
venice-951,caspar32,2,True,140,10.405207083,2074546.875,1.0273268846701336,native,accepted
venice-951,caspar32,2,True,141,10.431226969,2074149.25,1.0271299786096153,native,accepted
venice-951,caspar32,2,True,142,10.457293513,2073822.625,1.0269682321348794,native,accepted
venice-951,caspar32,2,True,143,10.483474759,2073406.75,1.0267622885751988,native,accepted
venice-951,caspar32,2,True,144,10.509528714,2073033.75,1.0265775769484817,native,accepted
venice-951,caspar32,2,True,145,10.535598118,2072650.375,1.0263877275653914,native,accepted
venice-951,caspar32,2,True,146,10.561690423,2072365.0,1.02624640831479,native,accepted
venice-951,caspar32,2,True,147,10.587761638,2071885.0,1.0260087097066823,native,accepted
venice-951,caspar32,2,True,148,10.613784873,2071722.0,1.0259279912210124,native,accepted
venice-951,caspar32,2,True,149,10.639835138,2071308.625,1.0257232856749154,native,accepted
venice-951,caspar32,2,True,150,10.674397888,2070866.5,1.0255043429726038,native,accepted
venice-951,caspar32,2,True,151,10.700449133,2070684.625,1.0254142774843755,native,accepted
venice-951,caspar32,2,True,152,10.734985223,2070341.75,1.0252444839213444,native,accepted
venice-951,caspar32,2,True,153,10.769563773,2070027.875,1.0250890513158863,native,accepted
venice-951,caspar32,2,True,154,10.804078483,2069804.125,1.0249782491001278,native,accepted
venice-951,caspar32,2,True,155,10.838632312,2069389.5,1.024772924547239,native,accepted
venice-951,caspar32,2,True,156,10.873178852,2069109.25,1.0246341432244845,native,accepted
venice-951,caspar32,2,True,157,10.907701582,2068852.375,1.0245069373287394,native,accepted
venice-951,caspar32,2,True,158,10.942263682,2068621.875,1.0243927924763043,native,accepted
venice-951,caspar32,2,True,159,10.976912522,2068294.75,1.0242307983988517,native,accepted
venice-951,caspar32,2,True,160,11.011455162,2068094.75,1.0241317573121402,native,accepted
venice-951,caspar32,2,True,161,11.046021011,2067834.75,1.0240030038994152,native,accepted
venice-951,caspar32,2,True,162,11.080708821,2067629.75,1.0239014867855358,native,accepted
venice-951,caspar32,2,True,163,11.115414841,2067281.125,1.0237288457912619,native,accepted
venice-951,caspar32,2,True,164,11.150966182,2067039.75,1.0236093155797368,native,accepted
venice-951,caspar32,2,True,165,11.186535522,2066848.875,1.0235147932426065,native,accepted
venice-951,caspar32,2,True,166,11.222526663,2066556.75,1.0233701313553285,native,accepted
venice-951,caspar32,2,True,167,11.257387313,2066295.625,1.0232408208364907,native,accepted
venice-951,caspar32,2,True,168,11.303130039,2066295.625,1.0232408208364907,native,rejected
venice-951,caspar32,2,True,169,11.346854624,2066035.875,1.0231121912251242,native,accepted
venice-951,caspar32,2,True,170,11.390509769,2065796.625,1.0229937133251454,native,accepted
venice-951,caspar32,2,True,171,11.433627604,2065290.75,1.0227432012764444,native,accepted
venice-951,caspar32,2,True,172,11.477313999,2064957.375,1.0225781121650321,native,accepted
venice-951,caspar32,2,True,173,11.520539934,2064957.375,1.0225781121650321,native,rejected
venice-951,caspar32,2,True,174,11.564098239,2064743.75,1.0224723239042883,native,accepted
venice-951,caspar32,2,True,175,11.607132524,2064299.0,1.0222520812877136,native,accepted
venice-951,caspar32,2,True,176,11.650190998,2063967.5,1.0220879206864892,native,accepted
venice-951,caspar32,2,True,177,11.693261783,2063674.0,1.0219425778917401,native,accepted
venice-951,caspar32,2,True,178,11.736600798,2063354.75,1.0217844835570769,native,accepted
venice-951,caspar32,2,True,179,11.779802413,2063047.375,1.0216322697869369,native,accepted
venice-951,caspar32,2,True,180,11.822935768,2062738.75,1.0214794370100053,native,accepted
venice-951,caspar32,2,True,181,11.866097312,2062371.75,1.0212976966158895,native,accepted
venice-951,caspar32,2,True,182,11.909177537,2062163.5,1.0211945700843512,native,accepted
venice-951,caspar32,2,True,183,11.952218882,2061659.75,1.0209451103471965,native,accepted
venice-951,caspar32,2,True,184,11.995263186,2061337.625,1.0207855922969118,native,accepted
venice-951,caspar32,2,True,184,12.039033272,2068075.772164569,1.0241223593849176,independent_fp64,audited_endpoint
venice-951,caspar64,2,False,0,0.0,189616013.40174645,93.89888012609332,native,initial
venice-951,caspar64,2,False,1,0.187648418,23486078.29791927,11.630433586091053,native,accepted
venice-951,caspar64,2,False,2,0.416533609,7976651.922965695,3.9500813738510385,native,accepted
venice-951,caspar64,2,False,3,0.642933689,4416920.915750146,2.1872832370740967,native,accepted
venice-951,caspar64,2,False,4,0.869094889,3135523.5539383017,1.5527283009583774,native,accepted
venice-951,caspar64,2,False,5,1.095314959,2747791.97879249,1.3607215181842882,native,accepted
venice-951,caspar64,2,False,6,1.321634519,2576164.499653998,1.275730657967097,native,accepted
venice-951,caspar64,2,False,7,1.55020289,2479444.8428258407,1.2278345583739583,native,accepted
venice-951,caspar64,2,False,8,1.782833814,2425281.4358512284,1.2010125449401337,native,accepted
venice-951,caspar64,2,False,9,2.009735144,2362108.0674542272,1.1697287496537967,native,accepted
venice-951,caspar64,2,False,10,2.236801504,2314918.1491177627,1.1463600456844356,native,accepted
venice-951,caspar64,2,False,11,2.463242534,2299432.5687041124,1.1386915021218014,native,accepted
venice-951,caspar64,2,False,12,2.689417434,2299432.5687041124,1.1386915021218014,native,rejected
venice-951,caspar64,2,False,13,2.915474884,2299432.5687041124,1.1386915021218014,native,rejected
venice-951,caspar64,2,False,14,3.141485843,2299432.5687041124,1.1386915021218014,native,rejected
venice-951,caspar64,2,False,15,3.367729433,2257612.057801392,1.1179817578886153,native,accepted
venice-951,caspar64,2,False,16,3.594037013,2240990.409330792,1.1097506272512883,native,accepted
venice-951,caspar64,2,False,17,3.821175784,2233927.981577015,1.1062532746535094,native,accepted
venice-951,caspar64,2,False,18,4.047465503,2227461.2700437424,1.1030509239649826,native,accepted
venice-951,caspar64,2,False,19,4.273686033,2222544.9109875015,1.1006163162470115,native,accepted
venice-951,caspar64,2,False,20,4.374129481,2220843.9650092064,1.0997739985563717,native,accepted
venice-951,caspar64,2,False,21,4.600550971,2215520.241571551,1.0971376617832864,native,accepted
venice-951,caspar64,2,False,22,4.826518051,2215520.241571551,1.0971376617832864,native,rejected
venice-951,caspar64,2,False,23,5.052956841,2214998.3107642108,1.0968791988115503,native,accepted
venice-951,caspar64,2,False,24,5.279890091,2195960.982968665,1.0874518106467772,native,accepted
venice-951,caspar64,2,False,25,5.506719931,2190749.9173219344,1.08487126262389,native,accepted
venice-951,caspar64,2,False,26,5.732966511,2186907.2546057883,1.082968355167525,native,accepted
venice-951,caspar64,2,False,27,5.959942761,2181937.235713589,1.0805071748072237,native,accepted
venice-951,caspar64,2,False,28,6.186833662,2181332.51995439,1.0802077162775103,native,accepted
venice-951,caspar64,2,False,29,6.413469352,2177625.337763963,1.0783718995136224,native,accepted
venice-951,caspar64,2,False,30,6.639794502,2174370.3428922617,1.0767600083669537,native,accepted
venice-951,caspar64,2,False,31,6.866576172,2163053.513261579,1.0711558528431928,native,accepted
venice-951,caspar64,2,False,32,6.96699827,2151877.1739055314,1.0656212688667934,native,accepted
venice-951,caspar64,2,False,33,7.139412609,2149536.0070807636,1.0644619103343034,native,accepted
venice-951,caspar64,2,False,34,7.365679028,2147348.5943621835,1.0633786916706294,native,accepted
venice-951,caspar64,2,False,35,7.483793846,2147348.5943621835,1.0633786916706294,native,rejected
venice-951,caspar64,2,False,36,7.611230029,2146191.727550599,1.06280580493963,native,accepted
venice-951,caspar64,2,False,37,7.747524338,2144636.8322963333,1.0620358123611047,native,accepted
venice-951,caspar64,2,False,38,7.847952115,2143263.077645066,1.061355521593422,native,accepted
venice-951,caspar64,2,False,39,7.939374358,2141117.6924845926,1.0602931152048813,native,accepted
venice-951,caspar64,2,False,40,8.03062628,2141117.6924845926,1.0602931152048813,native,rejected
venice-951,caspar64,2,False,41,8.122128743,2137734.098565796,1.0586175411113405,native,accepted
venice-951,caspar64,2,False,42,8.213562545,2129861.5362379737,1.0547190054705813,native,accepted
venice-951,caspar64,2,False,43,8.305083928,2119844.4341237703,1.0497584820751256,native,accepted
venice-951,caspar64,2,False,44,8.37849226,2092677.2913467656,1.036305165357715,native,accepted
venice-951,caspar64,2,False,45,8.469864682,2079643.0926885363,1.0298505593600897,native,accepted
venice-951,caspar64,2,False,46,8.561382225,2074918.2784455079,1.0275108056743911,native,accepted
venice-951,caspar64,2,False,47,8.652776227,2072893.5492279984,1.0265081487643974,native,accepted
venice-951,caspar64,2,False,48,8.74446381,2069885.2349830815,1.0250184152044657,native,accepted
venice-951,caspar64,2,False,49,8.871567543,2069885.2349830815,1.0250184152044657,native,rejected
venice-951,caspar64,2,False,50,8.998694236,2069885.2349830815,1.0250184152044657,native,rejected
venice-951,caspar64,2,False,51,9.134748364,2069885.2349830815,1.0250184152044657,native,rejected
venice-951,caspar64,2,False,52,9.288816712,2069885.2349830815,1.0250184152044657,native,rejected
venice-951,caspar64,2,False,53,9.442934921,2069885.2349830815,1.0250184152044657,native,rejected
venice-951,caspar64,2,False,54,9.59703232,2069885.2349830815,1.0250184152044657,native,rejected
venice-951,caspar64,2,False,55,9.751496598,2069885.2349830815,1.0250184152044657,native,rejected
venice-951,caspar64,2,False,56,9.905483437,2069885.2349830815,1.0250184152044657,native,rejected
venice-951,caspar64,2,False,57,10.024031085,2068685.8384097705,1.0244244675043717,native,accepted
venice-951,caspar64,2,False,58,10.249997224,2068685.8384097705,1.0244244675043717,native,rejected
venice-951,caspar64,2,False,59,10.476034014,2068685.8384097705,1.0244244675043717,native,rejected
venice-951,caspar64,2,False,60,10.621376917,2068086.2936458092,1.0241275696795968,native,accepted
venice-951,caspar64,2,False,61,10.847598227,2066502.286201578,1.0233431605864178,native,accepted
venice-951,caspar64,2,False,62,10.966220835,2065544.8194008667,1.0228690178242543,native,accepted
venice-951,caspar64,2,False,63,11.192509445,2062637.7612028592,1.0214294268089326,native,accepted
venice-951,caspar64,2,False,64,11.40970872,2060772.2667744458,1.0205056238317107,native,accepted
venice-951,caspar64,2,False,65,11.63587123,2057793.3129891008,1.0190304297308905,native,accepted
venice-951,caspar64,2,False,66,11.709735172,2056528.591412222,1.0184041327340825,native,accepted
venice-951,caspar64,2,False,67,11.936544163,2054814.080318585,1.0175550975246186,native,accepted
venice-951,caspar64,2,False,67,12.027648425,2054814.086854418,1.0175551007611987,independent_fp64,audited_endpoint
venice-951,rayleigh,2,False,0,0.0,189616013.40174857,93.89888012609437,native,initial
venice-951,rayleigh,2,False,0,0.02829607200000006,189616013.40174857,93.89888012609437,native,setup_complete
venice-951,rayleigh,2,False,1,0.11769607200000005,10936592.075282348,5.415859820283833,native,outer_complete
venice-951,rayleigh,2,False,2,0.24039607200000007,3110887.3187372987,1.5405283034244355,native,outer_complete
venice-951,rayleigh,2,False,3,0.45339607200000004,2376011.802145765,1.176613954619791,native,outer_complete
venice-951,rayleigh,2,False,4,0.6135960720000001,2204277.486484376,1.0915701883759588,native,outer_complete
venice-951,rayleigh,2,False,5,0.7255960720000001,2164015.8840331044,1.0716324240783492,native,outer_complete
venice-951,rayleigh,2,False,6,0.8354960720000001,2119046.940948587,1.0493635591215495,native,outer_complete
venice-951,rayleigh,2,False,7,0.944896072,2097929.547094418,1.0389061109423874,native,outer_complete
venice-951,rayleigh,2,False,8,1.0555960720000002,2077631.3444387126,1.0288543306958269,native,outer_complete
venice-951,rayleigh,2,False,9,1.135696072,2068908.6171182536,1.0245347887312934,native,outer_complete
venice-951,rayleigh,2,False,10,1.251796072,2062540.4164551268,1.0213812211609272,native,outer_complete
venice-951,rayleigh,2,False,11,1.367696072,2046773.4894785765,1.0135733532516322,native,outer_complete
venice-951,rayleigh,2,False,12,1.484496072,2013038.3659113054,0.9968675367593793,native,outer_complete
venice-951,rayleigh,2,False,12,1.484496072,2013038.3659113038,0.9968675367593786,independent_fp64,audited_endpoint
venice-951,caspar64,3,True,0,0.0,189616013.40174645,93.89888012609332,native,initial
venice-951,caspar64,3,True,1,0.187107198,23486078.29791926,11.630433586091048,native,accepted
venice-951,caspar64,3,True,2,0.414674098,7976651.922965694,3.950081373851038,native,accepted
venice-951,caspar64,3,True,3,0.641109448,4416920.915750142,2.187283237074095,native,accepted
venice-951,caspar64,3,True,4,0.867878309,3135523.553938303,1.552728300958378,native,accepted
venice-951,caspar64,3,True,5,1.094240548,2747791.9787924867,1.3607215181842867,native,accepted
venice-951,caspar64,3,True,6,1.320534619,2576164.499653995,1.2757306579670957,native,accepted
venice-951,caspar64,3,True,7,1.546883168,2479444.842825847,1.2278345583739614,native,accepted
venice-951,caspar64,3,True,8,1.773804359,2425281.435851237,1.2010125449401376,native,accepted
venice-951,caspar64,3,True,9,2.000123359,2362108.0674552103,1.1697287496542834,native,accepted
venice-951,caspar64,3,True,10,2.226609509,2314918.1491178544,1.146360045684481,native,accepted
venice-951,caspar64,3,True,11,2.452921409,2299432.568704623,1.138691502122054,native,accepted
venice-951,caspar64,3,True,12,2.679388729,2299432.568704623,1.138691502122054,native,rejected
venice-951,caspar64,3,True,13,2.905548519,2299432.568704623,1.138691502122054,native,rejected
venice-951,caspar64,3,True,14,3.131846028,2299432.568704623,1.138691502122054,native,rejected
venice-951,caspar64,3,True,15,3.359618099,2257612.057803775,1.1179817578897957,native,accepted
venice-951,caspar64,3,True,16,3.585929459,2240990.4093349692,1.109750627253357,native,accepted
venice-951,caspar64,3,True,17,3.812457289,2233927.9815793685,1.1062532746546747,native,accepted
venice-951,caspar64,3,True,18,4.041913051,2227461.2700474677,1.1030509239668274,native,accepted
venice-951,caspar64,3,True,19,4.268240471,2222544.910975593,1.1006163162411144,native,accepted
venice-951,caspar64,3,True,20,4.368706379,2220843.964951805,1.099773998527946,native,accepted
venice-951,caspar64,3,True,21,4.595055548,2215520.2415216784,1.097137661758589,native,accepted
venice-951,caspar64,3,True,22,4.821163088,2215520.2415216784,1.097137661758589,native,rejected
venice-951,caspar64,3,True,23,5.047508858,2214998.209714124,1.0968791487709981,native,accepted
venice-951,caspar64,3,True,24,5.273857528,2195960.9560479405,1.087451797315488,native,accepted
venice-951,caspar64,3,True,25,5.500201928,2190749.908306081,1.0848712581591906,native,accepted
venice-951,caspar64,3,True,26,5.726872658,2186907.2470544726,1.0829683514280726,native,accepted
venice-951,caspar64,3,True,27,5.953449538,2181937.1971980263,1.0805071557341077,native,accepted
venice-951,caspar64,3,True,28,6.179765008,2181335.390341733,1.0802091377089191,native,accepted
venice-951,caspar64,3,True,29,6.406349218,2177627.146229858,1.0783727950757602,native,accepted
venice-951,caspar64,3,True,30,6.633175488,2174371.869455204,1.0767607643292172,native,accepted
venice-951,caspar64,3,True,31,6.859325509,2174371.869455204,1.0767607643292172,native,rejected
venice-951,caspar64,3,True,32,7.086120199,2161464.9738138593,1.0703691994772613,native,accepted
venice-951,caspar64,3,True,33,7.195572731,2149536.8720368417,1.064462338665253,native,accepted
venice-951,caspar64,3,True,34,7.34988539,2147347.518860246,1.0633781590762261,native,accepted
venice-951,caspar64,3,True,35,7.57583068,2147347.518860246,1.0633781590762261,native,rejected
venice-951,caspar64,3,True,36,7.80217011,2146067.251617492,1.0627441637812085,native,accepted
venice-951,caspar64,3,True,37,7.911740133,2146067.251617492,1.0627441637812085,native,rejected
venice-951,caspar64,3,True,38,8.021163745,2144775.1519751027,1.0621043090175992,native,accepted
venice-951,caspar64,3,True,39,8.094857988,2144090.0657157726,1.0617650505795233,native,accepted
venice-951,caspar64,3,True,40,8.321126068,2136666.7479920555,1.0580889833077134,native,accepted
venice-951,caspar64,3,True,41,8.430539,2135483.1212998363,1.0575028449384225,native,accepted
venice-951,caspar64,3,True,42,8.522036603,2133893.8555714726,1.0567158319143697,native,accepted
venice-951,caspar64,3,True,43,8.613642356,2132954.087475068,1.056250453646746,native,accepted
venice-951,caspar64,3,True,44,8.839886706,2130896.8681752356,1.0552317074714492,native,accepted
venice-951,caspar64,3,True,45,9.067004436,2126006.595002298,1.0528100176246291,native,accepted
venice-951,caspar64,3,True,46,9.296568108,2116266.5532987174,1.0479866960499375,native,accepted
venice-951,caspar64,3,True,47,9.523274688,2096903.913976691,1.0383982118496522,native,accepted
venice-951,caspar64,3,True,48,9.750107558,2073061.8322186475,1.0265914834157424,native,accepted
venice-951,caspar64,3,True,49,9.976579188,2062094.680310759,1.0211604902003033,native,accepted
venice-951,caspar64,3,True,50,10.203251878,2056841.4544972086,1.0185590642337277,native,accepted
venice-951,caspar64,3,True,51,10.429584118,2053518.7203855077,1.0169136282473459,native,accepted
venice-951,caspar64,3,True,52,10.655860858,2050913.707276575,1.0156236116013133,native,accepted
venice-951,caspar64,3,True,53,10.882182568,2048215.0509295422,1.0142872223149577,native,accepted
venice-951,caspar64,3,True,54,11.109709109,2040615.3812925182,1.01052382461746,native,accepted
venice-951,caspar64,3,True,55,11.336280268,2033930.869105819,1.007213617861924,native,accepted
venice-951,caspar64,3,True,56,11.562821829,2031159.795654583,1.0058413672320843,native,accepted
venice-951,caspar64,3,True,57,11.789089439,2028940.662562867,1.004742440467279,native,accepted
venice-951,caspar64,3,True,57,12.015258418,2028940.6625628679,1.0047424404672793,independent_fp64,audited_endpoint
venice-951,rayleigh,3,False,0,0.0,189616013.40174857,93.89888012609437,native,initial
venice-951,rayleigh,3,False,0,0.02686284200000011,189616013.40174857,93.89888012609437,native,setup_complete
venice-951,rayleigh,3,False,1,0.10976284200000011,10936592.075282363,5.41585982028384,native,outer_complete
venice-951,rayleigh,3,False,2,0.2333628420000001,3110887.3187372983,1.5405283034244353,native,outer_complete
venice-951,rayleigh,3,False,3,0.4392628420000001,2376011.8021457638,1.1766139546197902,native,outer_complete
venice-951,rayleigh,3,False,4,0.5977628420000001,2204277.486484711,1.0915701883761246,native,outer_complete
venice-951,rayleigh,3,False,5,0.7096628420000001,2164015.8840358383,1.0716324240797033,native,outer_complete
venice-951,rayleigh,3,False,6,0.8205628420000001,2119046.9409533953,1.0493635591239308,native,outer_complete
venice-951,rayleigh,3,False,7,0.9300628420000001,2097929.547042675,1.0389061109167639,native,outer_complete
venice-951,rayleigh,3,False,8,1.039562842,2077631.3486299298,1.0288543327713404,native,outer_complete
venice-951,rayleigh,3,False,9,1.119762842,2068908.6115762107,1.0245347859868437,native,outer_complete
venice-951,rayleigh,3,False,10,1.235262842,2062540.3906876391,1.0213812084007274,native,outer_complete
venice-951,rayleigh,3,False,11,1.3506628420000002,2046773.3883283744,1.0135733031615024,native,outer_complete
venice-951,rayleigh,3,False,12,1.466362842,2013038.272722663,0.9968674906118572,native,outer_complete
venice-951,rayleigh,3,False,12,1.466362842,2013038.272722657,0.9968674906118543,independent_fp64,audited_endpoint
venice-951,caspar32,3,False,0,0.0,189614544.0,93.8981524703644,native,initial
venice-951,caspar32,3,False,1,0.103197979,23488478.0,11.631621931600352,native,accepted
venice-951,caspar32,3,False,2,0.202085616,7980992.0,3.9522306035804853,native,accepted
venice-951,caspar32,3,False,3,0.300488283,4422588.0,2.1900896079870535,native,accepted
venice-951,caspar32,3,False,4,0.398844109,3140742.0,1.5553125038028581,native,accepted
venice-951,caspar32,3,False,5,0.497236246,2751156.25,1.3623875235662088,native,accepted
venice-951,caspar32,3,False,6,0.595562892,2577997.25,1.2766382458967922,native,accepted
venice-951,caspar32,3,False,7,0.693941878,2480842.5,1.2285266858008528,native,accepted
venice-951,caspar32,3,False,8,0.792369395,2426572.75,1.201652010723035,native,accepted
venice-951,caspar32,3,False,9,0.890841072,2359236.75,1.1683068576489943,native,accepted
venice-951,caspar32,3,False,10,0.997889393,2314572.25,1.1461887545618568,native,accepted
venice-951,caspar32,3,False,11,1.09625876,2300493.5,1.1392168810641563,native,accepted
venice-951,caspar32,3,False,12,1.195565347,2300493.5,1.1392168810641563,native,rejected
venice-951,caspar32,3,False,13,1.294309313,2300493.5,1.1392168810641563,native,rejected
venice-951,caspar32,3,False,14,1.39272803,2286009.75,1.132044449365865,native,accepted
venice-951,caspar32,3,False,15,1.491120316,2237765.75,1.1081537584293077,native,accepted
venice-951,caspar32,3,False,16,1.589522663,2228965.5,1.1037958268126415,native,accepted
venice-951,caspar32,3,False,17,1.68892766,2223145.25,1.1009136073879775,native,accepted
venice-951,caspar32,3,False,18,1.787094176,2223145.25,1.1009136073879775,native,rejected
venice-951,caspar32,3,False,19,1.886320923,2218189.75,1.0984596168619822,native,accepted
venice-951,caspar32,3,False,20,1.920872103,2214970.75,1.09686555057136,native,accepted
venice-951,caspar32,3,False,21,1.946901868,2211649.0,1.0952206019224398,native,accepted
venice-951,caspar32,3,False,22,2.045276264,2205957.0,1.0924018925946295,native,accepted
venice-951,caspar32,3,False,23,2.143334211,2205957.0,1.0924018925946295,native,rejected
venice-951,caspar32,3,False,24,2.241891607,2205957.0,1.0924018925946295,native,rejected
venice-951,caspar32,3,False,25,2.339786183,2205957.0,1.0924018925946295,native,rejected
venice-951,caspar32,3,False,26,2.43782192,2205957.0,1.0924018925946295,native,rejected
venice-951,caspar32,3,False,27,2.536124836,2157245.25,1.0682795693165255,native,accepted
venice-951,caspar32,3,False,28,2.634430113,2148372.5,1.0638857353059263,native,accepted
venice-951,caspar32,3,False,29,2.732765729,2146234.25,1.0628268622876216,native,accepted
venice-951,caspar32,3,False,30,2.831056165,2146234.25,1.0628268622876216,native,rejected
venice-951,caspar32,3,False,31,2.929430492,2146234.25,1.0628268622876216,native,rejected
venice-951,caspar32,3,False,32,3.027941018,2146234.25,1.0628268622876216,native,rejected
venice-951,caspar32,3,False,33,3.126529155,2136947.75,1.0582281370288882,native,accepted
venice-951,caspar32,3,False,34,3.161162725,2134563.5,1.057047443473928,native,accepted
venice-951,caspar32,3,False,35,3.259469751,2132754.75,1.0561517406459806,native,accepted
venice-951,caspar32,3,False,36,3.357898118,2131387.25,1.0554745472155906,native,accepted
venice-951,caspar32,3,False,37,3.456397375,2129048.5,1.0543163855078574,native,accepted
venice-951,caspar32,3,False,38,3.554518171,2129048.5,1.0543163855078574,native,rejected
venice-951,caspar32,3,False,39,3.652835507,2129048.5,1.0543163855078574,native,rejected
venice-951,caspar32,3,False,40,3.750903004,2129048.5,1.0543163855078574,native,rejected
venice-951,caspar32,3,False,41,3.84896946,2129048.5,1.0543163855078574,native,rejected
venice-951,caspar32,3,False,42,3.917544279,2126022.75,1.0528180176672703,native,accepted
venice-951,caspar32,3,False,43,4.015934066,2124200.0,1.051915381963253,native,accepted
venice-951,caspar32,3,False,44,4.054662868,2123252.25,1.0514460510135988,native,accepted
venice-951,caspar32,3,False,45,4.152815954,2123252.25,1.0514460510135988,native,rejected
venice-951,caspar32,3,False,46,4.250987621,2123252.25,1.0514460510135988,native,rejected
venice-951,caspar32,3,False,47,4.349187987,2123252.25,1.0514460510135988,native,rejected
venice-951,caspar32,3,False,48,4.447970314,2121535.5,1.0505959070855386,native,accepted
venice-951,caspar32,3,False,49,4.54627026,2118935.5,1.0493083729582886,native,accepted
venice-951,caspar32,3,False,50,4.623385494,2115048.25,1.0473833856366914,native,accepted
venice-951,caspar32,3,False,51,4.721528031,2115048.25,1.0473833856366914,native,rejected
venice-951,caspar32,3,False,52,4.820186527,2113543.75,1.0466383490619038,native,accepted
venice-951,caspar32,3,False,53,4.919119294,2107755.75,1.043772100012472,native,accepted
venice-951,caspar32,3,False,54,5.017297461,2107755.75,1.043772100012472,native,rejected
venice-951,caspar32,3,False,55,5.115400427,2107755.75,1.043772100012472,native,rejected
venice-951,caspar32,3,False,56,5.213721923,2106774.25,1.043286055879435,native,accepted
venice-951,caspar32,3,False,57,5.31208483,2104435.25,1.0421277703703435,native,accepted
venice-951,caspar32,3,False,58,5.410444486,2103334.0,1.0415824253866381,native,accepted
venice-951,caspar32,3,False,59,5.508846843,2101675.0,1.040760879572366,native,accepted
venice-951,caspar32,3,False,60,5.607233839,2100057.0,1.0399596371808697,native,accepted
venice-951,caspar32,3,False,61,5.705374376,2100057.0,1.0399596371808697,native,rejected
venice-951,caspar32,3,False,62,5.803328212,2100057.0,1.0399596371808697,native,rejected
venice-951,caspar32,3,False,63,5.901418438,2100057.0,1.0399596371808697,native,rejected
venice-951,caspar32,3,False,64,5.999550895,2100057.0,1.0399596371808697,native,rejected
venice-951,caspar32,3,False,65,6.042634029,2099759.75,1.0398124373657447,native,accepted
venice-951,caspar32,3,False,66,6.140983366,2098953.75,1.0394133017862972,native,accepted
venice-951,caspar32,3,False,67,6.239328482,2098228.5,1.0390541540456093,native,accepted
venice-951,caspar32,3,False,68,6.337476618,2098228.5,1.0390541540456093,native,rejected
venice-951,caspar32,3,False,69,6.435797575,2097044.125,1.0384676451102395,native,accepted
venice-951,caspar32,3,False,70,6.534108391,2096109.0,1.038004566129184,native,accepted
venice-951,caspar32,3,False,71,6.632143798,2096109.0,1.038004566129184,native,rejected
venice-951,caspar32,3,False,72,6.730081644,2096109.0,1.038004566129184,native,rejected
venice-951,caspar32,3,False,73,6.82834499,2096109.0,1.038004566129184,native,rejected
venice-951,caspar32,3,False,74,6.875670138,2095674.125,1.0377892136662654,native,accepted
venice-951,caspar32,3,False,75,6.973947784,2094938.375,1.0374248662685255,native,accepted
venice-951,caspar32,3,False,76,7.0722926,2094195.875,1.0370571762341088,native,accepted
venice-951,caspar32,3,False,77,7.170440937,2094195.875,1.0370571762341088,native,rejected
venice-951,caspar32,3,False,78,7.268582493,2094195.875,1.0370571762341088,native,rejected
venice-951,caspar32,3,False,79,7.36697992,2093193.875,1.036560980389684,native,accepted
venice-951,caspar32,3,False,80,7.465347206,2092425.625,1.0361805388153533,native,accepted
venice-951,caspar32,3,False,81,7.563609122,2092425.625,1.0361805388153533,native,rejected
venice-951,caspar32,3,False,82,7.661827209,2092425.625,1.0361805388153533,native,rejected
venice-951,caspar32,3,False,83,7.760172145,2091415.375,1.0356802575261017,native,accepted
venice-951,caspar32,3,False,84,7.858536762,2090720.75,1.0353362754518165,native,accepted
venice-951,caspar32,3,False,85,7.956799958,2090720.75,1.0353362754518165,native,rejected
venice-951,caspar32,3,False,86,8.055129205,2089169.5,1.0345680880230101,native,accepted
venice-951,caspar32,3,False,87,8.153431371,2088197.25,1.0340866245402338,native,accepted
venice-951,caspar32,3,False,88,8.251450187,2088197.25,1.0340866245402338,native,rejected
venice-951,caspar32,3,False,89,8.349807254,2086473.0,1.0332327665714218,native,accepted
venice-951,caspar32,3,False,90,8.4481706,2085384.375,1.0326936735563153,native,accepted
venice-951,caspar32,3,False,91,8.546549947,2084382.5,1.0321975396125695,native,accepted
venice-951,caspar32,3,False,92,8.645085103,2083188.75,1.03160638812626,native,accepted
venice-951,caspar32,3,False,93,8.74322008,2083188.75,1.03160638812626,native,rejected
venice-951,caspar32,3,False,94,8.841673256,2083188.75,1.03160638812626,native,rejected
venice-951,caspar32,3,False,95,8.939739563,2083188.75,1.03160638812626,native,rejected
venice-951,caspar32,3,False,96,9.038237219,2083188.75,1.03160638812626,native,rejected
venice-951,caspar32,3,False,97,9.119585686,2082710.75,1.0313696799290195,native,accepted
venice-951,caspar32,3,False,98,9.218762983,2081992.125,1.0310138129243291,native,accepted
venice-951,caspar32,3,False,99,9.3174378,2081241.5,1.0306420993457648,native,accepted
venice-951,caspar32,3,False,100,9.415799186,2081241.5,1.0306420993457648,native,rejected
venice-951,caspar32,3,False,101,9.513936062,2081241.5,1.0306420993457648,native,rejected
venice-951,caspar32,3,False,102,9.612229439,2080523.625,1.0302866037451497,native,accepted
venice-951,caspar32,3,False,103,9.651005001,2080117.75,1.0300856122398043,native,accepted
venice-951,caspar32,3,False,104,9.685531431,2079849.0,1.0299525257795357,native,accepted
venice-951,caspar32,3,False,105,9.711553046,2079603.5,1.0298309528455973,native,accepted
venice-951,caspar32,3,False,106,9.809665172,2079603.5,1.0298309528455973,native,rejected
venice-951,caspar32,3,False,107,9.907718538,2079603.5,1.0298309528455973,native,rejected
venice-951,caspar32,3,False,108,10.005754735,2079603.5,1.0298309528455973,native,rejected
venice-951,caspar32,3,False,109,10.104114501,2078407.5,1.0292386871470622,native,accepted
venice-951,caspar32,3,False,110,10.147181876,2078049.375,1.0290613417011696,native,accepted
venice-951,caspar32,3,False,111,10.245247972,2078049.375,1.0290613417011696,native,rejected
venice-951,caspar32,3,False,112,10.343395878,2078049.375,1.0290613417011696,native,rejected
venice-951,caspar32,3,False,113,10.441705925,2075021.5,1.027561921549036,native,accepted
venice-951,caspar32,3,False,114,10.540066031,2074315.125,1.0272121208109066,native,accepted
venice-951,caspar32,3,False,115,10.638255708,2074315.125,1.0272121208109066,native,rejected
venice-951,caspar32,3,False,116,10.736512124,2074315.125,1.0272121208109066,native,rejected
venice-951,caspar32,3,False,117,10.83488386,2072662.0,1.0263934843285567,native,accepted
venice-951,caspar32,3,False,118,10.86942322,2072310.25,1.0262192958173026,native,accepted
venice-951,caspar32,3,False,119,10.967741097,2068602.5,1.0243831978710292,native,accepted
venice-951,caspar32,3,False,120,11.006539869,2067025.75,1.023602382703667,native,accepted
venice-951,caspar32,3,False,121,11.104851026,2067025.75,1.023602382703667,native,rejected
venice-951,caspar32,3,False,122,11.203136542,2064375.0,1.022289716900664,native,accepted
venice-951,caspar32,3,False,123,11.246148737,2062565.625,1.0213937045693204,native,accepted
venice-951,caspar32,3,False,124,11.344479213,2060985.625,1.0206112799842995,native,accepted
venice-951,caspar32,3,False,125,11.374779281,2059292.125,1.0197726495825694,native,accepted
venice-951,caspar32,3,False,126,11.400830445,2059146.25,1.0197004114899493,native,accepted
venice-951,caspar32,3,False,127,11.44388328,2058869.5,1.019563363386212,native,accepted
venice-951,caspar32,3,False,128,11.47845267,2058348.5,1.0193053613553285,native,accepted
venice-951,caspar32,3,False,129,11.504298955,2058348.5,1.0193053613553285,native,rejected
venice-951,caspar32,3,False,130,11.538916325,2058133.25,1.0191987683857553,native,accepted
venice-951,caspar32,3,False,131,11.573441915,2057921.125,1.0190937229331618,native,accepted
venice-951,caspar32,3,False,132,11.671804111,2057218.375,1.0187457173147292,native,accepted
venice-951,caspar32,3,False,133,11.697649046,2057218.375,1.0187457173147292,native,rejected
venice-951,caspar32,3,False,134,11.723481911,2057218.375,1.0187457173147292,native,rejected
venice-951,caspar32,3,False,135,11.740808331,2057218.375,1.0187457173147292,native,rejected
venice-951,caspar32,3,False,136,11.758314911,2057153.125,1.0187134051601896,native,accepted
venice-951,caspar32,3,False,137,11.79284989,2056936.125,1.0186059455811074,native,accepted
venice-951,caspar32,3,False,138,11.82737937,2056903.25,1.0185896657024793,native,accepted
venice-951,caspar32,3,False,139,11.8619134,2056618.125,1.0184484702532361,native,accepted
venice-951,caspar32,3,False,140,11.887769005,2056618.125,1.0184484702532361,native,rejected
venice-951,caspar32,3,False,141,11.91360999,2056618.125,1.0184484702532361,native,rejected
venice-951,caspar32,3,False,142,11.9481282,2056507.375,1.0183936262514697,native,accepted
venice-951,caspar32,3,False,143,11.98285835,2056260.125,1.0182711867080225,native,accepted
venice-951,caspar32,3,False,143,12.034238169,2056728.0639127102,1.0185029126001697,independent_fp64,audited_endpoint
venice-1672,rayleigh,1,True,0,0.0,258283489.37140533,100.43708345568533,native,initial
venice-1672,rayleigh,1,True,0,0.022782279000000072,258283489.37140533,100.43708345568533,native,setup_complete
venice-1672,rayleigh,1,True,1,0.12958227900000008,14596798.465375721,5.67616563188289,native,outer_complete
venice-1672,rayleigh,1,True,2,0.28898227900000006,4658092.00234217,1.8113630736603181,native,outer_complete
venice-1672,rayleigh,1,True,3,0.5801822790000001,3462824.386903744,1.3465668393526757,native,outer_complete
venice-1672,rayleigh,1,True,4,0.7637822790000001,2862304.397646569,1.1130463908539356,native,outer_complete
venice-1672,rayleigh,1,True,5,0.9127822790000001,2773126.097417716,1.0783681835696837,native,outer_complete
venice-1672,rayleigh,1,True,6,1.0702822790000002,2725847.931209975,1.0599834190746895,native,outer_complete
venice-1672,rayleigh,1,True,7,1.217182279,2554630.3231274458,0.993403099775458,native,outer_complete
venice-1672,rayleigh,1,True,7,1.217182279,2554630.3231274453,0.9934030997754578,independent_fp64,audited_endpoint
venice-1672,caspar32,1,True,0,0.0,258281280.0,100.43622431125932,native,initial
venice-1672,caspar32,1,True,1,0.105798201,29265980.0,11.380478414729975,native,accepted
venice-1672,caspar32,1,True,2,0.242134599,10136879.0,3.9418646719580064,native,accepted
venice-1672,caspar32,1,True,3,0.377920037,6156804.5,2.39415801951489,native,accepted
venice-1672,caspar32,1,True,4,0.513777505,4663661.0,1.8135286549132479,native,accepted
venice-1672,caspar32,1,True,5,0.652393435,4140921.5,1.6102542183053932,native,accepted
venice-1672,caspar32,1,True,6,0.788292543,3805276.25,1.4797339513390506,native,accepted
venice-1672,caspar32,1,True,7,0.924243491,3547696.25,1.3795704293908313,native,accepted
venice-1672,caspar32,1,True,8,1.060416319,3377753.75,1.3134859533884815,native,accepted
venice-1672,caspar32,1,True,9,1.196377517,3294108.25,1.2809592514895771,native,accepted
venice-1672,caspar32,1,True,10,1.333464796,3230165.75,1.2560943318445192,native,accepted
venice-1672,caspar32,1,True,11,1.469773054,3177702.75,1.2356933734938342,native,accepted
venice-1672,caspar32,1,True,12,1.606374223,3177702.75,1.2356933734938342,native,rejected
venice-1672,caspar32,1,True,13,1.742467801,3104150.75,1.2070916677467443,native,accepted
venice-1672,caspar32,1,True,14,1.879636299,3104150.75,1.2070916677467443,native,rejected
venice-1672,caspar32,1,True,15,2.015484427,3104150.75,1.2070916677467443,native,rejected
venice-1672,caspar32,1,True,16,2.152154476,3051786.75,1.186729206906242,native,accepted
venice-1672,caspar32,1,True,17,2.287906814,3051786.75,1.186729206906242,native,rejected
venice-1672,caspar32,1,True,18,2.424377932,3021290.5,1.1748703210990623,native,accepted
venice-1672,caspar32,1,True,19,2.56021088,3021290.5,1.1748703210990623,native,rejected
venice-1672,caspar32,1,True,20,2.695826978,3021290.5,1.1748703210990623,native,rejected
venice-1672,caspar32,1,True,21,2.831689136,2982430.75,1.1597591734089183,native,accepted
venice-1672,caspar32,1,True,22,2.967514044,2953819.5,1.1486332957501675,native,accepted
venice-1672,caspar32,1,True,23,3.103715842,2928641.5,1.1388424845240932,native,accepted
venice-1672,caspar32,1,True,24,3.23958109,2912823.75,1.1326915351130502,native,accepted
venice-1672,caspar32,1,True,25,3.375338508,2912823.75,1.1326915351130502,native,rejected
venice-1672,caspar32,1,True,26,3.511194836,2901513.0,1.1282931945746706,native,accepted
venice-1672,caspar32,1,True,27,3.546501756,2892574.25,1.12481723882572,native,accepted
venice-1672,caspar32,1,True,28,3.683080185,2873905.75,1.1175577361100966,native,accepted
venice-1672,caspar32,1,True,29,3.818994923,2868164.75,1.115325269383236,native,accepted
venice-1672,caspar32,1,True,30,3.854055023,2868164.75,1.115325269383236,native,rejected
venice-1672,caspar32,1,True,31,3.889404913,2865884.75,1.1144386600578151,native,accepted
venice-1672,caspar32,1,True,32,3.924479623,2865884.75,1.1144386600578151,native,rejected
venice-1672,caspar32,1,True,33,3.959532423,2865884.75,1.1144386600578151,native,rejected
venice-1672,caspar32,1,True,34,3.994881594,2862238.5,1.113020765648685,native,accepted
venice-1672,caspar32,1,True,35,4.030193874,2854911.25,1.1101714638154871,native,accepted
venice-1672,caspar32,1,True,36,4.065515404,2842077.25,1.1051807865863412,native,accepted
venice-1672,caspar32,1,True,37,4.100796205,2838653.75,1.1038495115751223,native,accepted
venice-1672,caspar32,1,True,38,4.136109095,2835472.75,1.1026125360206644,native,accepted
venice-1672,caspar32,1,True,39,4.171416785,2831425.0,1.1010385128202378,native,accepted
venice-1672,caspar32,1,True,40,4.206479785,2831425.0,1.1010385128202378,native,rejected
venice-1672,caspar32,1,True,41,4.241554905,2831425.0,1.1010385128202378,native,rejected
venice-1672,caspar32,1,True,42,4.276936086,2831041.5,1.100889383576247,native,accepted
venice-1672,caspar32,1,True,43,4.306318753,2820537.5,1.096804758859483,native,accepted
venice-1672,caspar32,1,True,44,4.341604253,2818083.75,1.0958505844593724,native,accepted
venice-1672,caspar32,1,True,45,4.377327483,2815747.5,1.0949421015486203,native,accepted
venice-1672,caspar32,1,True,46,4.436302517,2808765.0,1.0922268604895184,native,accepted
venice-1672,caspar32,1,True,47,4.495594091,2801383.0,1.0893562683665985,native,accepted
venice-1672,caspar32,1,True,48,4.531091071,2798623.25,1.088283101662287,native,accepted
venice-1672,caspar32,1,True,49,4.590041505,2790820.5,1.0852488951210901,native,accepted
venice-1672,caspar32,1,True,50,4.625355486,2788318.5,1.0842759580455623,native,accepted
venice-1672,caspar32,1,True,51,4.660413586,2788318.5,1.0842759580455623,native,rejected
venice-1672,caspar32,1,True,52,4.695723086,2785736.0,1.0832717174390274,native,accepted
venice-1672,caspar32,1,True,53,4.73698005,2782524.75,1.082022978756458,native,accepted
venice-1672,caspar32,1,True,54,4.7722807,2780491.25,1.0812322243427546,native,accepted
venice-1672,caspar32,1,True,55,4.80762254,2778013.5,1.0802687172129029,native,accepted
venice-1672,caspar32,1,True,56,4.842931721,2774085.75,1.0787413576611826,native,accepted
venice-1672,caspar32,1,True,57,4.878247451,2770766.25,1.0774505244788426,native,accepted
venice-1672,caspar32,1,True,58,4.913553611,2768654.25,1.0766292442616106,native,accepted
venice-1672,caspar32,1,True,59,4.948867322,2765879.25,1.0755501473852758,native,accepted
venice-1672,caspar32,1,True,60,4.984399942,2761309.25,1.0737730400970416,native,accepted
venice-1672,caspar32,1,True,61,5.031539739,2758346.75,1.0726210312696032,native,accepted
venice-1672,caspar32,1,True,62,5.066858169,2756842.5,1.0720360829898818,native,accepted
venice-1672,caspar32,1,True,63,5.102180519,2754028.75,1.0709419176436523,native,accepted
venice-1672,caspar32,1,True,64,5.149336497,2748559.0,1.0688149302060552,native,accepted
venice-1672,caspar32,1,True,65,5.184933047,2746493.0,1.0680115377208272,native,accepted
venice-1672,caspar32,1,True,66,5.220267707,2743578.0,1.0668779999210016,native,accepted
venice-1672,caspar32,1,True,67,5.255571807,2740605.75,1.0657221996721058,native,accepted
venice-1672,caspar32,1,True,68,5.303376345,2737190.5,1.0643941327867357,native,accepted
venice-1672,caspar32,1,True,69,5.338721575,2735260.75,1.0636437229859763,native,accepted
venice-1672,caspar32,1,True,70,5.385867232,2732310.25,1.0624963805234084,native,accepted
venice-1672,caspar32,1,True,71,5.432990879,2730052.25,1.0616183262002503,native,accepted
venice-1672,caspar32,1,True,72,5.480319227,2727743.25,1.060720439826392,native,accepted
venice-1672,caspar32,1,True,73,5.527448054,2725908.75,1.0600070692967933,native,accepted
venice-1672,caspar32,1,True,74,5.574606791,2724102.5,1.0593046841678277,native,accepted
venice-1672,caspar32,1,True,75,5.621907798,2722718.25,1.0587663995368128,native,accepted
venice-1672,caspar32,1,True,76,5.663117881,2721574.5,1.0583216366350803,native,accepted
venice-1672,caspar32,1,True,77,5.710266359,2720767.0,1.0580076291656604,native,accepted
venice-1672,caspar32,1,True,78,5.745565079,2720269.25,1.0578140722394638,native,accepted
venice-1672,caspar32,1,True,79,5.792748196,2719900.75,1.0576707759515613,native,accepted
venice-1672,caspar32,1,True,80,5.839873933,2719680.5,1.057585128712998,native,accepted
venice-1672,caspar32,1,True,81,5.875175273,2719570.5,1.057542353701684,native,accepted
venice-1672,caspar32,1,True,82,5.910460523,2719510.75,1.0575191190932656,native,accepted
venice-1672,caspar32,1,True,83,5.93985625,2719480.0,1.0575071615332845,native,accepted
venice-1672,caspar32,1,True,84,5.969247787,2719464.0,1.057500939713457,native,accepted
venice-1672,caspar32,1,True,85,5.998670204,2719456.0,1.0574978288035433,native,accepted
venice-1672,caspar32,1,True,86,6.022139087,2719452.5,1.057496467780456,native,accepted
venice-1672,caspar32,1,True,87,6.045624401,2719450.0,1.057495495621108,native,accepted
venice-1672,caspar32,1,True,88,6.069086785,2719449.25,1.0574952039733034,native,accepted
venice-1672,caspar32,1,True,88,6.092308828,2788222.0836857227,1.0842384652370707,independent_fp64,audited_endpoint
venice-1672,caspar64,1,False,0,0.0,258283489.37140572,100.43708345568547,native,initial
venice-1672,caspar64,1,False,1,0.21083669,29265551.224889826,11.38031167963735,native,accepted
venice-1672,caspar64,1,False,2,0.514067835,10136551.641101923,3.9417373739528334,native,accepted
venice-1672,caspar64,1,False,3,0.816973938,6156725.511147812,2.3941273036144715,native,accepted
venice-1672,caspar64,1,False,4,1.119898702,4663632.873049178,1.8135177173619785,native,accepted
venice-1672,caspar64,1,False,5,1.426870569,4140888.5133267627,1.6102413909842939,native,accepted
venice-1672,caspar64,1,False,6,1.729806393,3805255.7289274693,1.4797259714380535,native,accepted
venice-1672,caspar64,1,False,7,2.036560369,3547693.610359098,1.3795694029302,native,accepted
venice-1672,caspar64,1,False,8,2.339506403,3377754.848520598,1.3134863805633088,native,accepted
venice-1672,caspar64,1,False,9,2.642474886,3294121.757973636,1.2809645042507145,native,accepted
venice-1672,caspar64,1,False,10,2.945954421,3230158.57208189,1.256091540612443,native,accepted
venice-1672,caspar64,1,False,11,3.248964925,3177278.7131236913,1.2355284809285458,native,accepted
venice-1672,caspar64,1,False,12,3.551966359,3170511.4399410943,1.2328969337744398,native,accepted
venice-1672,caspar64,1,False,13,3.854553792,3170511.4399410943,1.2328969337744398,native,rejected
venice-1672,caspar64,1,False,14,4.157537006,3098105.2370254365,1.204740786965954,native,accepted
venice-1672,caspar64,1,False,15,4.46052643,3035031.259875564,1.1802136043639946,native,accepted
venice-1672,caspar64,1,False,16,4.763126834,3035031.259875564,1.1802136043639946,native,rejected
venice-1672,caspar64,1,False,17,5.065842988,3035031.259875564,1.1802136043639946,native,rejected
venice-1672,caspar64,1,False,18,5.369326992,2994673.1560574938,1.1645198012054816,native,accepted
venice-1672,caspar64,1,False,19,5.671904396,2994673.1560574938,1.1645198012054816,native,rejected
venice-1672,caspar64,1,False,20,5.97490372,2954904.9037381685,1.1490553699063548,native,accepted
venice-1672,caspar64,1,False,21,6.278631084,2923883.397257839,1.1369922309001848,native,accepted
venice-1672,caspar64,1,False,22,6.583204909,2901280.701329067,1.1282028620448756,native,accepted
venice-1672,caspar64,1,False,23,6.886151883,2901280.701329067,1.1282028620448756,native,rejected
venice-1672,caspar64,1,False,24,7.189401467,2901280.701329067,1.1282028620448756,native,rejected
venice-1672,caspar64,1,False,25,7.492552561,2901280.701329067,1.1282028620448756,native,rejected
venice-1672,caspar64,1,False,26,7.795822685,2880254.9335431783,1.1200267033636893,native,accepted
venice-1672,caspar64,1,False,27,8.098794109,2856765.7801477606,1.1108926233432412,native,accepted
venice-1672,caspar64,1,False,28,8.402017983,2831012.2731431127,1.1008780183113922,native,accepted
venice-1672,caspar64,1,False,29,8.704586367,2831012.2731431127,1.1008780183113922,native,rejected
venice-1672,caspar64,1,False,30,9.008094871,2831012.2731431127,1.1008780183113922,native,rejected
venice-1672,caspar64,1,False,31,9.311162995,2831012.2731431127,1.1008780183113922,native,rejected
venice-1672,caspar64,1,False,32,9.614439589,2807229.760948907,1.0916298616915143,native,accepted
venice-1672,caspar64,1,False,33,9.919216984,2772089.3893396202,1.077965045389956,native,accepted
venice-1672,caspar64,1,False,34,10.222163938,2759567.888292545,1.0730958876721466,native,accepted
venice-1672,caspar64,1,False,35,10.525120722,2741972.1965561947,1.0662535611893917,native,accepted
venice-1672,caspar64,1,False,36,10.828040536,2731289.108083939,1.062099295459655,native,accepted
venice-1672,caspar64,1,False,37,11.13094202,2718475.133487671,1.0571164053838837,native,accepted
venice-1672,caspar64,1,False,38,11.434154144,2705835.2137071546,1.0522011989145945,native,accepted
venice-1672,caspar64,1,False,39,11.737125508,2693402.6927613756,1.0473666423316912,native,accepted
venice-1672,caspar64,1,False,39,12.039658451,2693402.692761378,1.047366642331692,independent_fp64,audited_endpoint
venice-1672,caspar32,2,False,0,0.0,258281296.0,100.43623053307914,native,initial
venice-1672,caspar32,2,False,1,0.109120223,29265990.0,11.380482303367367,native,accepted
venice-1672,caspar32,2,False,2,0.245897902,10136880.0,3.941865060821746,native,accepted
venice-1672,caspar32,2,False,3,0.38269673,6156806.5,2.3941587972423686,native,accepted
venice-1672,caspar32,2,False,4,0.518746088,4663661.5,1.8135288493451174,native,accepted
venice-1672,caspar32,2,False,5,0.654701046,4140920.75,1.6102539266575888,native,accepted
venice-1672,caspar32,2,False,6,0.790553964,3805276.0,1.4797338541231158,native,accepted
venice-1672,caspar32,2,False,7,0.926382662,3547701.75,1.379572568141397,native,accepted
venice-1672,caspar32,2,False,8,1.06222248,3377757.75,1.3134875088434383,native,accepted
venice-1672,caspar32,2,False,9,1.20103746,3294104.5,1.2809577932505551,native,accepted
venice-1672,caspar32,2,False,10,1.336986148,3230146.0,1.2560866517856697,native,accepted
venice-1672,caspar32,2,False,11,1.472995676,3177543.0,1.2356312525114939,native,accepted
venice-1672,caspar32,2,False,12,1.608727674,3177543.0,1.2356312525114939,native,rejected
venice-1672,caspar32,2,False,13,1.744707493,3103892.25,1.2069911464701562,native,accepted
venice-1672,caspar32,2,False,14,1.880385551,3103892.25,1.2069911464701562,native,rejected
venice-1672,caspar32,2,False,15,2.015988908,3103892.25,1.2069911464701562,native,rejected
venice-1672,caspar32,2,False,16,2.151892817,3052060.0,1.186835463922984,native,accepted
venice-1672,caspar32,2,False,17,2.287540455,3052060.0,1.186835463922984,native,rejected
venice-1672,caspar32,2,False,18,2.423456322,3026832.5,1.177025403941818,native,accepted
venice-1672,caspar32,2,False,19,2.559075451,3026832.5,1.177025403941818,native,rejected
venice-1672,caspar32,2,False,20,2.694700398,3026832.5,1.177025403941818,native,rejected
venice-1672,caspar32,2,False,21,2.830546476,2985670.0,1.1610188002761856,native,accepted
venice-1672,caspar32,2,False,22,2.966545135,2956179.75,1.149551111390661,native,accepted
venice-1672,caspar32,2,False,23,3.102740503,2929324.25,1.1391079812420455,native,accepted
venice-1672,caspar32,2,False,24,3.246142405,2906825.75,1.13035913040521,native,accepted
venice-1672,caspar32,2,False,25,3.383047924,2906825.75,1.13035913040521,native,rejected
venice-1672,caspar32,2,False,26,3.518702642,2906825.75,1.13035913040521,native,rejected
venice-1672,caspar32,2,False,27,3.65435552,2906825.75,1.13035913040521,native,rejected
venice-1672,caspar32,2,False,28,3.790366368,2891225.75,1.1242928560733823,native,accepted
venice-1672,caspar32,2,False,29,3.927372007,2867583.75,1.1150993395507494,native,accepted
venice-1672,caspar32,2,False,30,4.063316375,2849547.0,1.1080855015023778,native,accepted
venice-1672,caspar32,2,False,31,4.199033313,2849547.0,1.1080855015023778,native,rejected
venice-1672,caspar32,2,False,32,4.334864141,2849547.0,1.1080855015023778,native,rejected
venice-1672,caspar32,2,False,33,4.470837739,2840318.5,1.1044968724849884,native,accepted
venice-1672,caspar32,2,False,34,4.607864778,2832474.5,1.101446625314549,native,accepted
venice-1672,caspar32,2,False,35,4.743795796,2811076.75,1.0931258162386597,native,accepted
venice-1672,caspar32,2,False,36,4.881420675,2793127.5,1.08614600376747,native,accepted
venice-1672,caspar32,2,False,37,5.017552403,2793127.5,1.08614600376747,native,rejected
venice-1672,caspar32,2,False,38,5.154198431,2792703.0,1.0859809311101711,native,accepted
venice-1672,caspar32,2,False,39,5.177571805,2792703.0,1.0859809311101711,native,rejected
venice-1672,caspar32,2,False,40,5.212705595,2792703.0,1.0859809311101711,native,rejected
venice-1672,caspar32,2,False,41,5.235925638,2792703.0,1.0859809311101711,native,rejected
venice-1672,caspar32,2,False,42,5.259271142,2792703.0,1.0859809311101711,native,rejected
venice-1672,caspar32,2,False,43,5.294376122,2792703.0,1.0859809311101711,native,rejected
venice-1672,caspar32,2,False,44,5.365371233,2792703.0,1.0859809311101711,native,rejected
venice-1672,caspar32,2,False,45,5.39454756,2792703.0,1.0859809311101711,native,rejected
venice-1672,caspar32,2,False,46,5.418031073,2792701.25,1.0859802505986276,native,accepted
venice-1672,caspar32,2,False,47,5.441497387,2792700.0,1.0859797645189535,native,accepted
venice-1672,caspar32,2,False,47,5.46495381,2868261.621262531,1.1153629391046067,independent_fp64,audited_endpoint
venice-1672,caspar64,2,True,0,0.0,258283489.37140572,100.43708345568547,native,initial
venice-1672,caspar64,2,True,1,0.210334121,29265551.22488983,11.38031167963735,native,accepted
venice-1672,caspar64,2,True,2,0.513505385,10136551.64110192,3.941737373952832,native,accepted
venice-1672,caspar64,2,True,3,0.816396099,6156725.511147813,2.394127303614472,native,accepted
venice-1672,caspar64,2,True,4,1.119390393,4663632.873049179,1.8135177173619788,native,accepted
venice-1672,caspar64,2,True,5,1.422392288,4140888.5133267622,1.6102413909842936,native,accepted
venice-1672,caspar64,2,True,6,1.725798122,3805255.7289274684,1.479725971438053,native,accepted
venice-1672,caspar64,2,True,7,2.028904366,3547693.610359084,1.3795694029301944,native,accepted
venice-1672,caspar64,2,True,8,2.33192334,3377754.8485205923,1.3134863805633066,native,accepted
venice-1672,caspar64,2,True,9,2.634949274,3294121.757973621,1.2809645042507087,native,accepted
venice-1672,caspar64,2,True,10,2.94013719,3230158.572081884,1.2560915406124409,native,accepted
venice-1672,caspar64,2,True,11,3.243074344,3177278.713122995,1.2355284809282752,native,accepted
venice-1672,caspar64,2,True,12,3.546207778,3170511.439890952,1.2328969337549411,native,accepted
venice-1672,caspar64,2,True,13,3.848938492,3170511.439890952,1.2328969337549411,native,rejected
venice-1672,caspar64,2,True,14,4.152154856,3098105.2374190083,1.204740787119,native,accepted
venice-1672,caspar64,2,True,15,4.45528449,3035031.2599105034,1.1802136043775813,native,accepted
venice-1672,caspar64,2,True,16,4.757920134,3035031.2599105034,1.1802136043775813,native,rejected
venice-1672,caspar64,2,True,17,5.060635248,3035031.2599105034,1.1802136043775813,native,rejected
venice-1672,caspar64,2,True,18,5.363858662,2994673.1560340957,1.1645198011963829,native,accepted
venice-1672,caspar64,2,True,19,5.666504426,2994673.1560340957,1.1645198011963829,native,rejected
venice-1672,caspar64,2,True,20,5.9700841,2954904.903613888,1.1490553698580268,native,accepted
venice-1672,caspar64,2,True,21,6.273459445,2923883.397467509,1.1369922309817178,native,accepted
venice-1672,caspar64,2,True,22,6.576839989,2901280.7003661925,1.1282028616704487,native,accepted
venice-1672,caspar64,2,True,23,6.879540623,2901280.7003661925,1.1282028616704487,native,rejected
venice-1672,caspar64,2,True,24,7.182178537,2901280.7003661925,1.1282028616704487,native,rejected
venice-1672,caspar64,2,True,25,7.485183981,2901280.7003661925,1.1282028616704487,native,rejected
venice-1672,caspar64,2,True,26,7.788449965,2880254.943606689,1.1200267072770236,native,accepted
venice-1672,caspar64,2,True,27,8.091484749,2856765.193664964,1.1108923952813479,native,accepted
venice-1672,caspar64,2,True,28,8.394893153,2831010.8000862193,1.1008774454929806,native,accepted
venice-1672,caspar64,2,True,29,8.698361218,2831010.8000862193,1.1008774454929806,native,rejected
venice-1672,caspar64,2,True,30,9.001213902,2831010.8000862193,1.1008774454929806,native,rejected
venice-1672,caspar64,2,True,31,9.304443366,2831010.8000862193,1.1008774454929806,native,rejected
venice-1672,caspar64,2,True,32,9.60765936,2807228.029531995,1.0916291884062597,native,accepted
venice-1672,caspar64,2,True,33,9.910834504,2772086.4633440836,1.0779639075763907,native,accepted
venice-1672,caspar64,2,True,34,10.214848629,2759562.7528485064,1.0730938906841752,native,accepted
venice-1672,caspar64,2,True,35,10.518283664,2741946.4935564944,1.066243566224819,native,accepted
venice-1672,caspar64,2,True,36,10.821597938,2731276.3773913374,1.0620943449549272,native,accepted
venice-1672,caspar64,2,True,37,11.124676982,2718472.870189659,1.0571155252693556,native,accepted
venice-1672,caspar64,2,True,38,11.430685428,2705835.767712596,1.052201414347222,native,accepted
venice-1672,caspar64,2,True,39,11.733748162,2693393.4012415432,1.0473630291965461,native,accepted
venice-1672,caspar64,2,True,39,12.036560456,2693393.4012416536,1.047363029196589,independent_fp64,audited_endpoint
venice-1672,rayleigh,2,False,0,0.0,258283489.37140533,100.43708345568533,native,initial
venice-1672,rayleigh,2,False,0,0.024026609000000088,258283489.37140533,100.43708345568533,native,setup_complete
venice-1672,rayleigh,2,False,1,0.1301266090000001,14596798.465375753,5.676165631882903,native,outer_complete
venice-1672,rayleigh,2,False,2,0.2906266090000001,4658092.002342186,1.8113630736603243,native,outer_complete
venice-1672,rayleigh,2,False,3,0.5820266090000001,3462824.3869037726,1.3465668393526868,native,outer_complete
venice-1672,rayleigh,2,False,4,0.7657266090000001,2862304.397645352,1.1130463908534625,native,outer_complete
venice-1672,rayleigh,2,False,5,0.9149266090000001,2773126.0974170356,1.0783681835694192,native,outer_complete
venice-1672,rayleigh,2,False,6,1.0720266090000001,2725847.9304615445,1.059983418783652,native,outer_complete
venice-1672,rayleigh,2,False,7,1.217926609,2554630.308004515,0.9934030938946986,native,outer_complete
venice-1672,rayleigh,2,False,7,1.217926609,2554630.308004509,0.9934030938946964,independent_fp64,audited_endpoint
venice-1672,caspar64,3,False,0,0.0,258283489.37140572,100.43708345568547,native,initial
venice-1672,caspar64,3,False,1,0.210631741,29265551.224889822,11.380311679637348,native,accepted
venice-1672,caspar64,3,False,2,0.513774925,10136551.641101923,3.9417373739528334,native,accepted
venice-1672,caspar64,3,False,3,0.816662239,6156725.511147814,2.3941273036144723,native,accepted
venice-1672,caspar64,3,False,4,1.119576913,4663632.873049177,1.813517717361978,native,accepted
venice-1672,caspar64,3,False,5,1.422468017,4140888.5133267604,1.610241390984293,native,accepted
venice-1672,caspar64,3,False,6,1.725317911,3805255.7289274703,1.479725971438054,native,accepted
venice-1672,caspar64,3,False,7,2.028520235,3547693.610359092,1.3795694029301975,native,accepted
venice-1672,caspar64,3,False,8,2.331439349,3377754.848520599,1.3134863805633092,native,accepted
venice-1672,caspar64,3,False,9,2.640403727,3294121.757973649,1.2809645042507196,native,accepted
venice-1672,caspar64,3,False,10,2.943286891,3230158.572081902,1.2560915406124478,native,accepted
venice-1672,caspar64,3,False,11,3.246275615,3177278.713123308,1.2355284809283968,native,accepted
venice-1672,caspar64,3,False,12,3.549479269,3170511.4398855474,1.2328969337528395,native,accepted
venice-1672,caspar64,3,False,13,3.852025453,3170511.4398855474,1.2328969337528395,native,rejected
venice-1672,caspar64,3,False,14,4.154927807,3098105.237463686,1.2047407871363736,native,accepted
venice-1672,caspar64,3,False,15,4.457862191,3035031.2599142925,1.1802136043790548,native,accepted
venice-1672,caspar64,3,False,16,4.761240395,3035031.2599142925,1.1802136043790548,native,rejected
venice-1672,caspar64,3,False,17,5.063775549,3035031.2599142925,1.1802136043790548,native,rejected
venice-1672,caspar64,3,False,18,5.366720033,2994673.1560310908,1.1645198011952145,native,accepted
venice-1672,caspar64,3,False,19,5.669247497,2994673.1560310908,1.1645198011952145,native,rejected
venice-1672,caspar64,3,False,20,5.972144801,2954904.9035993773,1.149055369852384,native,accepted
venice-1672,caspar64,3,False,21,6.275147355,2923883.3974908376,1.1369922309907894,native,accepted
venice-1672,caspar64,3,False,22,6.578071289,2901280.7002481427,1.1282028616245434,native,accepted
venice-1672,caspar64,3,False,23,6.880650393,2901280.7002481427,1.1282028616245434,native,rejected
venice-1672,caspar64,3,False,24,7.183206877,2901280.7002481427,1.1282028616245434,native,rejected
venice-1672,caspar64,3,False,25,7.485738721,2901280.7002481427,1.1282028616245434,native,rejected
venice-1672,caspar64,3,False,26,7.788688085,2880254.9448229517,1.1200267077499841,native,accepted
venice-1672,caspar64,3,False,27,8.091651819,2856765.122687157,1.1108923676806524,native,accepted
venice-1672,caspar64,3,False,28,8.394535813,2831010.6218315754,1.1008773761762132,native,accepted
venice-1672,caspar64,3,False,29,8.697080066,2831010.6218315754,1.1008773761762132,native,rejected
venice-1672,caspar64,3,False,30,8.99962782,2831010.6218315754,1.1008773761762132,native,rejected
venice-1672,caspar64,3,False,31,9.302172174,2831010.6218315754,1.1008773761762132,native,rejected
venice-1672,caspar64,3,False,32,9.605124388,2807227.8201048523,1.091629106967638,native,accepted
venice-1672,caspar64,3,False,33,9.908384202,2772086.109630805,1.0779637700301226,native,accepted
venice-1672,caspar64,3,False,34,10.211329087,2759562.131934054,1.0730936492330596,native,accepted
venice-1672,caspar64,3,False,35,10.514430171,2741943.2893315116,1.066242320217911,native,accepted
venice-1672,caspar64,3,False,36,10.817297955,2731274.916565534,1.062093776892743,native,accepted
venice-1672,caspar64,3,False,37,11.120189059,2718472.7567933295,1.057115481173635,native,accepted
venice-1672,caspar64,3,False,38,11.423083363,2705835.640955173,1.0522013650558564,native,accepted
venice-1672,caspar64,3,False,39,11.725975537,2693394.0301155574,1.0473632737428469,native,accepted
venice-1672,caspar64,3,False,39,12.028582291,2693394.0301155914,1.04736327374286,independent_fp64,audited_endpoint
venice-1672,rayleigh,3,False,0,0.0,258283489.37140533,100.43708345568533,native,initial
venice-1672,rayleigh,3,False,0,0.023554399000000004,258283489.37140533,100.43708345568533,native,setup_complete
venice-1672,rayleigh,3,False,1,0.129654399,14596798.465375738,5.676165631882897,native,outer_complete
venice-1672,rayleigh,3,False,2,0.289254399,4658092.002342241,1.8113630736603457,native,outer_complete
venice-1672,rayleigh,3,False,3,0.581154399,3462824.3869037684,1.3465668393526853,native,outer_complete
venice-1672,rayleigh,3,False,4,0.763754399,2862304.397646233,1.113046390853805,native,outer_complete
venice-1672,rayleigh,3,False,5,0.912854399,2773126.097416931,1.0783681835693784,native,outer_complete
venice-1672,rayleigh,3,False,6,1.070354399,2725847.9304686193,1.0599834187864032,native,outer_complete
venice-1672,rayleigh,3,False,7,1.216354399,2554630.308133951,0.9934030939450316,native,outer_complete
venice-1672,rayleigh,3,False,7,1.216354399,2554630.308133967,0.9934030939450379,independent_fp64,audited_endpoint
venice-1672,caspar32,3,False,0,0.0,258281296.0,100.43623053307914,native,initial
venice-1672,caspar32,3,False,1,0.1038774,29265982.0,11.380479192457454,native,accepted
venice-1672,caspar32,3,False,2,0.241190319,10136878.0,3.9418642830942674,native,accepted
venice-1672,caspar32,3,False,3,0.377205547,6156806.5,2.3941587972423686,native,accepted
venice-1672,caspar32,3,False,4,0.513184645,4663660.5,1.8135284604813782,native,accepted
venice-1672,caspar32,3,False,5,0.656622288,4140920.25,1.6102537322257193,native,accepted
venice-1672,caspar32,3,False,6,0.792592596,3805275.5,1.479733659691246,native,accepted
venice-1672,caspar32,3,False,7,0.928612544,3547700.25,1.3795719848457881,native,accepted
venice-1672,caspar32,3,False,8,1.065175752,3377754.5,1.3134862450362859,native,accepted
venice-1672,caspar32,3,False,9,1.201624831,3294107.5,1.2809589598417728,native,accepted
venice-1672,caspar32,3,False,10,1.337523609,3230148.25,1.256087526729083,native,accepted
venice-1672,caspar32,3,False,11,1.473711477,3178357.0,1.2359477875952187,native,accepted
venice-1672,caspar32,3,False,12,1.609477715,3178357.0,1.2359477875952187,native,rejected
venice-1672,caspar32,3,False,13,1.745318073,3104164.25,1.207096917407224,native,accepted
venice-1672,caspar32,3,False,14,1.880925181,3104164.25,1.207096917407224,native,rejected
venice-1672,caspar32,3,False,15,2.016627059,3104164.25,1.207096917407224,native,rejected
venice-1672,caspar32,3,False,16,2.153115887,3051958.5,1.1867959942534532,native,accepted
venice-1672,caspar32,3,False,17,2.290307486,3051958.5,1.1867959942534532,native,rejected
venice-1672,caspar32,3,False,18,2.426236444,3021132.25,1.1748087834123309,native,accepted
venice-1672,caspar32,3,False,19,2.561932212,3021132.25,1.1748087834123309,native,rejected
venice-1672,caspar32,3,False,20,2.69777235,3021132.25,1.1748087834123309,native,rejected
venice-1672,caspar32,3,False,21,2.833678968,2982389.5,1.1597431327796754,native,accepted
venice-1672,caspar32,3,False,22,2.970893177,2953774.5,1.1486157968819026,native,accepted
venice-1672,caspar32,3,False,23,3.112339279,2929037.75,1.1389965717807589,native,accepted
venice-1672,caspar32,3,False,24,3.248061286,2929037.75,1.1389965717807589,native,rejected
venice-1672,caspar32,3,False,25,3.383791235,2929037.75,1.1389965717807589,native,rejected
venice-1672,caspar32,3,False,26,3.519430652,2929037.75,1.1389965717807589,native,rejected
venice-1672,caspar32,3,False,27,3.655904781,2929037.75,1.1389965717807589,native,rejected
venice-1672,caspar32,3,False,28,3.791653719,2929037.75,1.1389965717807589,native,rejected
venice-1672,caspar32,3,False,29,3.927492597,2917486.25,1.1345046122971623,native,accepted
venice-1672,caspar32,3,False,30,4.063891915,2903442.75,1.1290436043754297,native,accepted
venice-1672,caspar32,3,False,31,4.199756293,2888886.0,1.123383012139543,native,accepted
venice-1672,caspar32,3,False,32,4.335714201,2859646.25,1.1120127336206926,native,accepted
venice-1672,caspar32,3,False,33,4.47162562,2837617.5,1.103446551525356,native,accepted
venice-1672,caspar32,3,False,34,4.607390927,2837617.5,1.103446551525356,native,rejected
venice-1672,caspar32,3,False,35,4.743217225,2772749.0,1.0782215440577805,native,accepted
venice-1672,caspar32,3,False,36,4.879119794,2742730.25,1.066548340686078,native,accepted
venice-1672,caspar32,3,False,37,5.015061412,2726728.0,1.060325645915149,native,accepted
venice-1672,caspar32,3,False,38,5.15061265,2726728.0,1.060325645915149,native,rejected
venice-1672,caspar32,3,False,39,5.286210717,2726728.0,1.060325645915149,native,rejected
venice-1672,caspar32,3,False,40,5.421761795,2726728.0,1.060325645915149,native,rejected
venice-1672,caspar32,3,False,41,5.557603813,2709087.75,1.0534659923393783,native,accepted
venice-1672,caspar32,3,False,42,5.693543291,2693404.25,1.0473672478853255,native,accepted
venice-1672,caspar32,3,False,43,5.82941128,2683041.0,1.0433373557398566,native,accepted
venice-1672,caspar32,3,False,44,5.965314448,2671726.5,1.0389375569624548,native,accepted
venice-1672,caspar32,3,False,45,6.100905685,2671726.5,1.0389375569624548,native,rejected
venice-1672,caspar32,3,False,46,6.237077064,2671726.5,1.0389375569624548,native,rejected
venice-1672,caspar32,3,False,47,6.373226482,2626477.0,1.0213416671946316,native,accepted
venice-1672,caspar32,3,False,48,6.50938576,2610706.25,1.0152089943793319,native,accepted
venice-1672,caspar32,3,False,49,6.645387878,2601260.0,1.0115356902827275,native,accepted
venice-1672,caspar32,3,False,50,6.781577427,2576621.5,1.001954671043962,native,accepted
venice-1672,caspar32,3,False,51,6.917590385,2576621.5,1.001954671043962,native,rejected
venice-1672,caspar32,3,False,52,7.054693593,2549447.75,0.9913877850103398,native,accepted
venice-1672,caspar32,3,False,52,7.054716544,2549732.6008818466,0.9914985531893746,independent_fp64,audited_endpoint
venice-1778,rayleigh,1,True,0,0.0,256394871.25147122,122.12846963180505,native,initial
venice-1778,rayleigh,1,True,0,0.03667634799999986,256394871.25147122,122.12846963180505,native,setup_complete
venice-1778,rayleigh,1,True,1,0.14407634799999985,12554474.672059283,5.980068053803006,native,outer_complete
venice-1778,rayleigh,1,True,2,0.3050763479999999,2861624.7853912166,1.3630766247172599,native,outer_complete
venice-1778,rayleigh,1,True,3,0.6512763479999999,2343859.4910397413,1.1164496827704096,native,outer_complete
venice-1778,rayleigh,1,True,4,1.2682763479999999,2200157.7365761106,1.0480002817726979,native,outer_complete
venice-1778,rayleigh,1,True,5,1.418976348,2170854.3587720925,1.034042215182757,native,outer_complete
venice-1778,rayleigh,1,True,6,1.5697763479999998,2148719.800171499,1.0234988694649927,native,outer_complete
venice-1778,rayleigh,1,True,7,1.7205763479999998,2121511.246823435,1.0105386297960983,native,outer_complete
venice-1778,rayleigh,1,True,8,1.8680763479999998,2107688.085333835,1.003954248642302,native,outer_complete
venice-1778,rayleigh,1,True,9,2.015676348,2099293.9839053215,0.9999558895628297,native,outer_complete
venice-1778,rayleigh,1,True,9,2.015676348,2099293.983905325,0.9999558895628314,independent_fp64,audited_endpoint
venice-1778,caspar32,1,True,0,0.0,256392496.0,122.12733822919252,native,initial
venice-1778,caspar32,1,True,1,0.10444727,27272434.0,12.990667915067725,native,accepted
venice-1778,caspar32,1,True,2,0.240923969,7988027.5,3.804934042518121,native,accepted
venice-1778,caspar32,1,True,3,0.377190207,4115277.75,1.960228655371101,native,accepted
venice-1778,caspar32,1,True,4,0.513496575,2821305.75,1.3438714742190259,native,accepted
venice-1778,caspar32,1,True,5,0.654597986,2556074.5,1.217533975723354,native,accepted
venice-1778,caspar32,1,True,6,0.790926594,2490809.25,1.186446204490912,native,accepted
venice-1778,caspar32,1,True,7,0.927190953,2452783.5,1.1683334137340846,native,accepted
venice-1778,caspar32,1,True,8,1.063483771,2417259.25,1.1514121615025512,native,accepted
venice-1778,caspar32,1,True,9,1.19972246,2396028.75,1.1412994456675494,native,accepted
venice-1778,caspar32,1,True,10,1.336023008,2377450.75,1.1324501941293064,native,accepted
venice-1778,caspar32,1,True,11,1.471958256,2377450.75,1.1324501941293064,native,rejected
venice-1778,caspar32,1,True,12,1.607895814,2377450.75,1.1324501941293064,native,rejected
venice-1778,caspar32,1,True,13,1.743984612,2377450.75,1.1324501941293064,native,rejected
venice-1778,caspar32,1,True,14,1.881166191,2377450.75,1.1324501941293064,native,rejected
venice-1778,caspar32,1,True,15,2.017476219,2363210.0,1.1256669032022297,native,accepted
venice-1778,caspar32,1,True,16,2.153782038,2353817.25,1.1211928582358268,native,accepted
venice-1778,caspar32,1,True,17,2.289757396,2353817.25,1.1211928582358268,native,rejected
venice-1778,caspar32,1,True,18,2.426152564,2353817.25,1.1211928582358268,native,rejected
venice-1778,caspar32,1,True,19,2.562384472,2343325.0,1.116195088860645,native,accepted
venice-1778,caspar32,1,True,20,2.698700071,2336672.5,1.113026306114485,native,accepted
venice-1778,caspar32,1,True,21,2.834724299,2336672.5,1.113026306114485,native,rejected
venice-1778,caspar32,1,True,22,2.971056787,2323558.5,1.1067797195781237,native,accepted
venice-1778,caspar32,1,True,23,3.107276896,2314839.25,1.102626482605639,native,accepted
venice-1778,caspar32,1,True,24,3.243226974,2314839.25,1.102626482605639,native,rejected
venice-1778,caspar32,1,True,25,3.379262702,2314839.25,1.102626482605639,native,rejected
venice-1778,caspar32,1,True,26,3.5155589,2301789.5,1.0964105002468711,native,accepted
venice-1778,caspar32,1,True,27,3.651776338,2296231.25,1.0937629411790255,native,accepted
venice-1778,caspar32,1,True,28,3.787932316,2296231.25,1.0937629411790255,native,rejected
venice-1778,caspar32,1,True,29,3.924165915,2283689.5,1.0877889342633318,native,accepted
venice-1778,caspar32,1,True,30,4.060398363,2277260.75,1.084726730267935,native,accepted
venice-1778,caspar32,1,True,31,4.196721701,2271456.75,1.0819621131978543,native,accepted
venice-1778,caspar32,1,True,32,4.33302515,2265244.75,1.0790031536459346,native,accepted
venice-1778,caspar32,1,True,33,4.469050928,2265244.75,1.0790031536459346,native,rejected
venice-1778,caspar32,1,True,34,4.604872736,2265244.75,1.0790031536459346,native,rejected
venice-1778,caspar32,1,True,35,4.740393164,2265244.75,1.0790031536459346,native,rejected
venice-1778,caspar32,1,True,36,4.876132532,2265244.75,1.0790031536459346,native,rejected
venice-1778,caspar32,1,True,37,5.01236005,2262672.75,1.0777780338829697,native,accepted
venice-1778,caspar32,1,True,38,5.148591898,2259860.25,1.0764383568482345,native,accepted
venice-1778,caspar32,1,True,39,5.284934957,2256457.5,1.0748175262598099,native,accepted
venice-1778,caspar32,1,True,40,5.420717395,2256457.5,1.0748175262598099,native,rejected
venice-1778,caspar32,1,True,41,5.556859693,2256457.5,1.0748175262598099,native,rejected
venice-1778,caspar32,1,True,42,5.627836504,2252068.5,1.0727269155912045,native,accepted
venice-1778,caspar32,1,True,43,5.764133892,2245882.0,1.0697801024443998,native,accepted
venice-1778,caspar32,1,True,44,5.90038055,2238473.5,1.066251214511303,native,accepted
venice-1778,caspar32,1,True,45,6.036696719,2234480.5,1.0643492303691884,native,accepted
venice-1778,caspar32,1,True,46,6.172900237,2230918.0,1.0626523061251907,native,accepted
venice-1778,caspar32,1,True,47,6.309168045,2227360.75,1.0609578826116577,native,accepted
venice-1778,caspar32,1,True,48,6.445829683,2222892.25,1.0588294037388706,native,accepted
venice-1778,caspar32,1,True,49,6.582094912,2218475.75,1.0567256940059258,native,accepted
venice-1778,caspar32,1,True,50,6.71818867,2218475.75,1.0567256940059258,native,rejected
venice-1778,caspar32,1,True,51,6.854300988,2218475.75,1.0567256940059258,native,rejected
venice-1778,caspar32,1,True,52,6.990244106,2218475.75,1.0567256940059258,native,rejected
venice-1778,caspar32,1,True,53,7.126250745,2218475.75,1.0567256940059258,native,rejected
venice-1778,caspar32,1,True,54,7.262550013,2214439.5,1.0548031086080771,native,accepted
venice-1778,caspar32,1,True,55,7.398791591,2212197.25,1.0537350585347847,native,accepted
venice-1778,caspar32,1,True,56,7.535042789,2209949.0,1.0526641504838183,native,accepted
venice-1778,caspar32,1,True,57,7.671012838,2209949.0,1.0526641504838183,native,rejected
venice-1778,caspar32,1,True,58,7.806941676,2209949.0,1.0526641504838183,native,rejected
venice-1778,caspar32,1,True,59,7.943126494,2209949.0,1.0526641504838183,native,rejected
venice-1778,caspar32,1,True,60,8.079282682,2209047.5,1.0522347393382845,native,accepted
venice-1778,caspar32,1,True,61,8.21556891,2207513.5,1.0515040497129393,native,accepted
venice-1778,caspar32,1,True,62,8.351872519,2206062.75,1.050813014527822,native,accepted
venice-1778,caspar32,1,True,63,8.487853917,2206062.75,1.050813014527822,native,rejected
venice-1778,caspar32,1,True,64,8.624099305,2203722.25,1.0496981650701165,native,accepted
venice-1778,caspar32,1,True,65,8.760390904,2201982.75,1.0488695897094331,native,accepted
venice-1778,caspar32,1,True,66,8.896429742,2201982.75,1.0488695897094331,native,rejected
venice-1778,caspar32,1,True,67,9.03232641,2201982.75,1.0488695897094331,native,rejected
venice-1778,caspar32,1,True,68,9.168555808,2199897.0,1.0478760852204736,native,accepted
venice-1778,caspar32,1,True,69,9.304805636,2198463.25,1.0471931476387664,native,accepted
venice-1778,caspar32,1,True,70,9.440853334,2198463.25,1.0471931476387664,native,rejected
venice-1778,caspar32,1,True,71,9.576759133,2198463.25,1.0471931476387664,native,rejected
venice-1778,caspar32,1,True,72,9.712987951,2196258.0,1.046142721761131,native,accepted
venice-1778,caspar32,1,True,73,9.849202899,2194933.5,1.0455118231895733,native,accepted
venice-1778,caspar32,1,True,74,9.985247927,2194933.5,1.0455118231895733,native,rejected
venice-1778,caspar32,1,True,75,10.121361265,2194933.5,1.0455118231895733,native,rejected
venice-1778,caspar32,1,True,76,10.257634754,2193295.5,1.0447315952845435,native,accepted
venice-1778,caspar32,1,True,77,10.393944282,2192069.0,1.0441473770149958,native,accepted
venice-1778,caspar32,1,True,78,10.53003634,2192069.0,1.0441473770149958,native,rejected
venice-1778,caspar32,1,True,79,10.666297458,2189604.25,1.0429733436029556,native,accepted
venice-1778,caspar32,1,True,80,10.802549527,2187707.75,1.0420699844931334,native,accepted
venice-1778,caspar32,1,True,81,10.939927196,2187707.75,1.0420699844931334,native,rejected
venice-1778,caspar32,1,True,82,11.076281294,2185904.0,1.0412108049548565,native,accepted
venice-1778,caspar32,1,True,83,11.213251803,2183970.0,1.0402895834845711,native,accepted
venice-1778,caspar32,1,True,84,11.349296531,2183970.0,1.0402895834845711,native,rejected
venice-1778,caspar32,1,True,85,11.485595059,2182180.5,1.0394371916432705,native,accepted
venice-1778,caspar32,1,True,86,11.621807427,2179871.5,1.0383373465683536,native,accepted
venice-1778,caspar32,1,True,87,11.757994196,2179871.5,1.0383373465683536,native,rejected
venice-1778,caspar32,1,True,88,11.893882934,2179871.5,1.0383373465683536,native,rejected
venice-1778,caspar32,1,True,88,12.029538262,2179870.1186514404,1.0383366885911298,independent_fp64,audited_endpoint
venice-1778,caspar64,1,False,0,0.0,256394871.25146902,122.128469631804,native,initial
venice-1778,caspar64,1,False,1,0.21013466,27271830.674039554,12.990380533046864,native,accepted
venice-1778,caspar64,1,False,2,0.517013877,7987695.193401456,3.804775755044855,native,accepted
venice-1778,caspar64,1,False,3,0.820416081,4115196.145982305,1.9601897849609862,native,accepted
venice-1778,caspar64,1,False,4,1.123975395,2821288.0548631484,1.3438630455013487,native,accepted
venice-1778,caspar64,1,False,5,1.4272367,2556069.924867699,1.2175317964523587,native,accepted
venice-1778,caspar64,1,False,6,1.730704094,2490793.945089525,1.1864389143088385,native,accepted
venice-1778,caspar64,1,False,7,2.034897039,2452734.7418896947,1.168310188802304,native,accepted
venice-1778,caspar64,1,False,8,2.338190043,2417507.793703639,1.1515305502285578,native,accepted
venice-1778,caspar64,1,False,9,2.641440887,2395516.580238085,1.1410554840433988,native,accepted
venice-1778,caspar64,1,False,10,2.944701471,2376896.776383938,1.1321863200915152,native,accepted
venice-1778,caspar64,1,False,11,3.247959046,2364374.9246579055,1.126221791312947,native,accepted
venice-1778,caspar64,1,False,12,3.55130864,2336220.145096805,1.1128108360788014,native,accepted
venice-1778,caspar64,1,False,13,3.855072854,2324803.9854772747,1.107372981192702,native,accepted
venice-1778,caspar64,1,False,14,4.162926711,2310561.887402175,1.1005890481375356,native,accepted
venice-1778,caspar64,1,False,15,4.466400186,2310561.887402175,1.1005890481375356,native,rejected
venice-1778,caspar64,1,False,16,4.76939552,2310561.887402175,1.1005890481375356,native,rejected
venice-1778,caspar64,1,False,17,5.072669464,2310561.887402175,1.1005890481375356,native,rejected
venice-1778,caspar64,1,False,18,5.375751558,2310561.887402175,1.1005890481375356,native,rejected
venice-1778,caspar64,1,False,19,5.679946713,2298014.38025593,1.0946122989226026,native,accepted
venice-1778,caspar64,1,False,20,5.983707957,2285410.331302499,1.0886086171705713,native,accepted
venice-1778,caspar64,1,False,21,6.287150942,2277666.0272391294,1.084919775818144,native,accepted
venice-1778,caspar64,1,False,22,6.590498846,2268172.0428588204,1.080397509918612,native,accepted
venice-1778,caspar64,1,False,23,6.89422589,2261051.1635499652,1.0770056242378323,native,accepted
venice-1778,caspar64,1,False,24,7.197789165,2253715.7449681154,1.0735115471483128,native,accepted
venice-1778,caspar64,1,False,25,7.501103659,2252294.4951791833,1.072834563787298,native,accepted
venice-1778,caspar64,1,False,26,7.804334223,2244096.7356514884,1.0689297281693306,native,accepted
venice-1778,caspar64,1,False,27,8.107618298,2239995.0649794196,1.0669759809681156,native,accepted
venice-1778,caspar64,1,False,28,8.410865132,2237438.3356512007,1.0657581350783205,native,accepted
venice-1778,caspar64,1,False,29,8.715579587,2233323.2507754755,1.0637979982946781,native,accepted
venice-1778,caspar64,1,False,30,9.018858241,2230456.002134191,1.0624322428608632,native,accepted
venice-1778,caspar64,1,False,31,9.321858965,2230456.002134191,1.0624322428608632,native,rejected
venice-1778,caspar64,1,False,32,9.6251865,2230456.002134191,1.0624322428608632,native,rejected
venice-1778,caspar64,1,False,33,9.928174954,2230456.002134191,1.0624322428608632,native,rejected
venice-1778,caspar64,1,False,34,10.231656718,2230456.002134191,1.0624322428608632,native,rejected
venice-1778,caspar64,1,False,35,10.535058952,2230456.002134191,1.0624322428608632,native,rejected
venice-1778,caspar64,1,False,36,10.838392847,2221830.4351564446,1.058323629886052,native,accepted
venice-1778,caspar64,1,False,37,11.141697131,2215313.216565322,1.055219285680941,native,accepted
venice-1778,caspar64,1,False,38,11.444950635,2209864.241927051,1.052623777703787,native,accepted
venice-1778,caspar64,1,False,39,11.748278009,2204792.7113180347,1.0502080574947719,native,accepted
venice-1778,caspar64,1,False,39,12.051667773,2204792.7113180337,1.0502080574947714,independent_fp64,audited_endpoint
venice-1778,caspar32,2,False,0,0.0,256392496.0,122.12733822919252,native,initial
venice-1778,caspar32,2,False,1,0.094445204,27272430.0,12.990666009749274,native,accepted
venice-1778,caspar32,2,False,2,0.230682962,7988028.5,3.8049345188477335,native,accepted
venice-1778,caspar32,2,False,3,0.367084321,4115278.25,1.9602288935359071,native,accepted
venice-1778,caspar32,2,False,4,0.504032789,2821305.0,1.3438711169718165,native,accepted
venice-1778,caspar32,2,False,5,0.640834968,2556073.0,1.2175332612289356,native,accepted
venice-1778,caspar32,2,False,6,0.777131526,2490808.25,1.1864457281612997,native,accepted
venice-1778,caspar32,2,False,7,0.913606794,2452782.75,1.1683330564868752,native,accepted
venice-1778,caspar32,2,False,8,1.051221983,2417253.25,1.1514093035248771,native,accepted
venice-1778,caspar32,2,False,9,1.190934114,2396026.25,1.1412982548435184,native,accepted
venice-1778,caspar32,2,False,10,1.335084647,2377468.25,1.1324585298975225,native,accepted
venice-1778,caspar32,2,False,11,1.474858687,2377468.25,1.1324585298975225,native,rejected
venice-1778,caspar32,2,False,12,1.610824135,2377468.25,1.1324585298975225,native,rejected
venice-1778,caspar32,2,False,13,1.746776483,2377468.25,1.1324585298975225,native,rejected
venice-1778,caspar32,2,False,14,1.882881291,2377468.25,1.1324585298975225,native,rejected
venice-1778,caspar32,2,False,15,2.01932693,2360641.5,1.124443450592908,native,accepted
venice-1778,caspar32,2,False,16,2.157299209,2351867.0,1.1202638964093408,native,accepted
venice-1778,caspar32,2,False,17,2.293702537,2351867.0,1.1202638964093408,native,rejected
venice-1778,caspar32,2,False,18,2.431079026,2351867.0,1.1202638964093408,native,rejected
venice-1778,caspar32,2,False,19,2.567530295,2341128.25,1.1151487117847145,native,accepted
venice-1778,caspar32,2,False,20,2.704967764,2334458.75,1.1119718314351446,native,accepted
venice-1778,caspar32,2,False,21,2.841429292,2319051.5,1.1046329020152612,native,accepted
venice-1778,caspar32,2,False,22,2.97802959,2309331.0,1.1000027400184107,native,accepted
venice-1778,caspar32,2,False,23,3.114910499,2301087.25,1.0960759977765984,native,accepted
venice-1778,caspar32,2,False,24,3.251939558,2294027.0,1.0927129916310026,native,accepted
venice-1778,caspar32,2,False,25,3.388424956,2294027.0,1.0927129916310026,native,rejected
venice-1778,caspar32,2,False,26,3.525400505,2294027.0,1.0927129916310026,native,rejected
venice-1778,caspar32,2,False,27,3.661721473,2294027.0,1.0927129916310026,native,rejected
venice-1778,caspar32,2,False,28,3.797631091,2294027.0,1.0927129916310026,native,rejected
venice-1778,caspar32,2,False,29,3.93492631,2289844.25,1.0907206239449445,native,accepted
venice-1778,caspar32,2,False,30,4.071447669,2285848.0,1.0888170917315898,native,accepted
venice-1778,caspar32,2,False,31,4.209756798,2281485.0,1.0867388656329056,native,accepted
venice-1778,caspar32,2,False,32,4.346723407,2281485.0,1.0867388656329056,native,rejected
venice-1778,caspar32,2,False,33,4.484452726,2281485.0,1.0867388656329056,native,rejected
venice-1778,caspar32,2,False,34,4.621403895,2274633.0,1.0834750551290817,native,accepted
venice-1778,caspar32,2,False,35,4.758805304,2267451.25,1.0800541749355854,native,accepted
venice-1778,caspar32,2,False,36,4.895117372,2258050.75,1.0755764384146869,native,accepted
venice-1778,caspar32,2,False,37,5.03148851,2252668.0,1.0730124751938086,native,accepted
venice-1778,caspar32,2,False,38,5.168131849,2244621.75,1.0691798080504353,native,accepted
venice-1778,caspar32,2,False,39,5.305121198,2237850.25,1.0659543420804056,native,accepted
venice-1778,caspar32,2,False,40,5.441800606,2233344.0,1.0638078817647523,native,accepted
venice-1778,caspar32,2,False,41,5.578197034,2228366.75,1.061437070201682,native,accepted
venice-1778,caspar32,2,False,42,5.714277473,2228366.75,1.061437070201682,native,rejected
venice-1778,caspar32,2,False,43,5.850657701,2226825.0,1.0607026890218412,native,accepted
venice-1778,caspar32,2,False,44,5.987004609,2221759.0,1.0582896032056748,native,accepted
venice-1778,caspar32,2,False,45,6.123116828,2221759.0,1.0582896032056748,native,rejected
venice-1778,caspar32,2,False,46,6.259078946,2221759.0,1.0582896032056748,native,rejected
venice-1778,caspar32,2,False,47,6.395344354,2221759.0,1.0582896032056748,native,rejected
venice-1778,caspar32,2,False,48,6.532497663,2221759.0,1.0582896032056748,native,rejected
venice-1778,caspar32,2,False,49,6.669209391,2218987.0,1.0569692175202399,native,accepted
venice-1778,caspar32,2,False,50,6.80640878,2217107.5,1.0560739560138275,native,accepted
venice-1778,caspar32,2,False,51,6.942870239,2217107.5,1.0560739560138275,native,rejected
venice-1778,caspar32,2,False,52,7.079458757,2214923.25,1.0550335330580516,native,accepted
venice-1778,caspar32,2,False,53,7.216539566,2212616.75,1.0539348788071656,native,accepted
venice-1778,caspar32,2,False,54,7.352654144,2212616.75,1.0539348788071656,native,rejected
venice-1778,caspar32,2,False,55,7.489110912,2212616.75,1.0539348788071656,native,rejected
venice-1778,caspar32,2,False,56,7.627542122,2212616.75,1.0539348788071656,native,rejected
venice-1778,caspar32,2,False,57,7.764228211,2210384.75,1.0528717111124,native,accepted
venice-1778,caspar32,2,False,58,7.901722369,2207982.75,1.0517275673835347,native,accepted
venice-1778,caspar32,2,False,59,8.038403658,2206153.0,1.0508560032753367,native,accepted
venice-1778,caspar32,2,False,60,8.175047136,2206153.0,1.0508560032753367,native,rejected
venice-1778,caspar32,2,False,61,8.311747575,2206153.0,1.0508560032753367,native,rejected
venice-1778,caspar32,2,False,62,8.448901714,2203814.25,1.0497419873944527,native,accepted
venice-1778,caspar32,2,False,63,8.585284722,2202032.0,1.0488930489428414,native,accepted
venice-1778,caspar32,2,False,64,8.72139203,2202032.0,1.0488930489428414,native,rejected
venice-1778,caspar32,2,False,65,8.857612699,2202032.0,1.0488930489428414,native,rejected
venice-1778,caspar32,2,False,66,8.994029097,2199699.25,1.0477818910396313,native,accepted
venice-1778,caspar32,2,False,67,9.130436915,2198363.25,1.0471455146775315,native,accepted
venice-1778,caspar32,2,False,68,9.269184815,2196042.25,1.0460399536472664,native,accepted
venice-1778,caspar32,2,False,69,9.406347884,2193830.0,1.0449861934623446,native,accepted
venice-1778,caspar32,2,False,70,9.542722682,2193830.0,1.0449861934623446,native,rejected
venice-1778,caspar32,2,False,71,9.6789609,2193830.0,1.0449861934623446,native,rejected
venice-1778,caspar32,2,False,72,9.815594219,2193830.0,1.0449861934623446,native,rejected
venice-1778,caspar32,2,False,73,9.952263828,2192437.75,1.04432302355955,native,accepted
venice-1778,caspar32,2,False,74,10.088662556,2191377.25,1.0438178760056527,native,accepted
venice-1778,caspar32,2,False,75,10.225852995,2188866.25,1.0426218123490412,native,accepted
venice-1778,caspar32,2,False,76,10.362193123,2187180.0,1.0418186015402155,native,accepted
venice-1778,caspar32,2,False,77,10.498560571,2180684.25,1.0387244834607914,native,accepted
venice-1778,caspar32,2,False,78,10.528049968,2176566.25,1.0367629581171331,native,accepted
venice-1778,caspar32,2,False,79,10.664456387,2175108.0,1.0360683504599233,native,accepted
venice-1778,caspar32,2,False,80,10.800736925,2173557.0,1.035329563231168,native,accepted
venice-1778,caspar32,2,False,81,10.936958703,2173557.0,1.035329563231168,native,rejected
venice-1778,caspar32,2,False,82,11.073302932,2171655.0,1.034423584308478,native,accepted
venice-1778,caspar32,2,False,83,11.20965517,2169696.25,1.0334905736802869,native,accepted
venice-1778,caspar32,2,False,84,11.346164638,2168508.5,1.0329248131832178,native,accepted
venice-1778,caspar32,2,False,85,11.482061236,2168508.5,1.0329248131832178,native,rejected
venice-1778,caspar32,2,False,86,11.618153745,2168508.5,1.0329248131832178,native,rejected
venice-1778,caspar32,2,False,87,11.757359905,2168508.5,1.0329248131832178,native,rejected
venice-1778,caspar32,2,False,88,11.893349693,2168508.5,1.0329248131832178,native,rejected
venice-1778,caspar32,2,False,88,12.029440971,2168495.895023465,1.0329188090596313,independent_fp64,audited_endpoint
venice-1778,caspar64,2,False,0,0.0,256394871.25146902,122.128469631804,native,initial
venice-1778,caspar64,2,False,1,0.210833201,27271830.67403957,12.99038053304687,native,accepted
venice-1778,caspar64,2,False,2,0.514426476,7987695.193401457,3.8047757550448553,native,accepted
venice-1778,caspar64,2,False,3,0.81836295,4115196.145982305,1.9601897849609862,native,accepted
venice-1778,caspar64,2,False,4,1.132105251,2821288.0548631498,1.3438630455013494,native,accepted
venice-1778,caspar64,2,False,5,1.435579275,2556069.9248676966,1.2175317964523575,native,accepted
venice-1778,caspar64,2,False,6,1.738923339,2490793.945089525,1.1864389143088385,native,accepted
venice-1778,caspar64,2,False,7,2.043087934,2452734.741889699,1.168310188802306,native,accepted
venice-1778,caspar64,2,False,8,2.346541878,2417507.7937036445,1.1515305502285604,native,accepted
venice-1778,caspar64,2,False,9,2.649933463,2395516.58023772,1.141055484043225,native,accepted
venice-1778,caspar64,2,False,10,2.953449937,2376896.7763830447,1.1321863200910898,native,accepted
venice-1778,caspar64,2,False,11,3.257942212,2364374.9246540577,1.1262217913111143,native,accepted
venice-1778,caspar64,2,False,12,3.561707207,2336220.145094254,1.1128108360775864,native,accepted
venice-1778,caspar64,2,False,13,3.866072571,2324803.985468169,1.1073729811883648,native,accepted
venice-1778,caspar64,2,False,14,4.169650966,2310561.8873921833,1.100589048132776,native,accepted
venice-1778,caspar64,2,False,15,4.47318067,2310561.8873921833,1.100589048132776,native,rejected
venice-1778,caspar64,2,False,16,4.776391225,2310561.8873921833,1.100589048132776,native,rejected
venice-1778,caspar64,2,False,17,5.079201779,2310561.8873921833,1.100589048132776,native,rejected
venice-1778,caspar64,2,False,18,5.382311813,2310561.8873921833,1.100589048132776,native,rejected
venice-1778,caspar64,2,False,19,5.686008417,2298014.3802692215,1.0946122989289337,native,accepted
venice-1778,caspar64,2,False,20,5.989747342,2285410.331329576,1.088608617183469,native,accepted
venice-1778,caspar64,2,False,21,6.294861067,2277666.027278139,1.0849197758367253,native,accepted
venice-1778,caspar64,2,False,22,6.599208592,2268172.042901935,1.080397509939149,native,accepted
venice-1778,caspar64,2,False,23,6.902532256,2261051.1641296977,1.0770056245139759,native,accepted
venice-1778,caspar64,2,False,24,7.20594512,2253715.745245549,1.0735115472804626,native,accepted
venice-1778,caspar64,2,False,25,7.509598335,2252294.508161661,1.0728345699712367,native,accepted
venice-1778,caspar64,2,False,26,7.813109369,2244096.73779314,1.0689297291894626,native,accepted
venice-1778,caspar64,2,False,27,8.117028524,2239995.06255008,1.0669759798109493,native,accepted
venice-1778,caspar64,2,False,28,8.421490488,2237438.2900983314,1.06575811338014,native,accepted
venice-1778,caspar64,2,False,29,8.725027003,2233323.174815658,1.0637979621127676,native,accepted
venice-1778,caspar64,2,False,30,9.028350007,2230455.924287615,1.0624322057802338,native,accepted
venice-1778,caspar64,2,False,31,9.331491061,2230455.924287615,1.0624322057802338,native,rejected
venice-1778,caspar64,2,False,32,9.634752236,2230455.924287615,1.0624322057802338,native,rejected
venice-1778,caspar64,2,False,33,9.9381203,2230455.924287615,1.0624322057802338,native,rejected
venice-1778,caspar64,2,False,34,10.241326114,2230455.924287615,1.0624322057802338,native,rejected
venice-1778,caspar64,2,False,35,10.544306848,2230455.924287615,1.0624322057802338,native,rejected
venice-1778,caspar64,2,False,36,10.847694322,2221830.32101639,1.0583235755177642,native,accepted
venice-1778,caspar64,2,False,37,11.151227147,2215313.117897729,1.0552192386826444,native,accepted
venice-1778,caspar64,2,False,38,11.454747281,2209868.1487272223,1.052625638628398,native,accepted
venice-1778,caspar64,2,False,39,11.758429326,2204797.429179751,1.0502103047520142,native,accepted
venice-1778,caspar64,2,False,39,12.06143588,2204797.429179741,1.0502103047520095,independent_fp64,audited_endpoint
venice-1778,rayleigh,2,False,0,0.0,256394871.2514712,122.12846963180503,native,initial
venice-1778,rayleigh,2,False,0,0.01970766600000018,256394871.2514712,122.12846963180503,native,setup_complete
venice-1778,rayleigh,2,False,1,0.13230766600000018,12554474.672059316,5.980068053803022,native,outer_complete
venice-1778,rayleigh,2,False,2,0.2973076660000002,2861624.785391222,1.3630766247172625,native,outer_complete
venice-1778,rayleigh,2,False,3,0.6440076660000001,2343859.4910397492,1.1164496827704133,native,outer_complete
venice-1778,rayleigh,2,False,4,1.2636076660000002,2200157.7365729776,1.0480002817712055,native,outer_complete
venice-1778,rayleigh,2,False,5,1.4143076660000002,2170854.358773034,1.0340422151832056,native,outer_complete
venice-1778,rayleigh,2,False,6,1.564907666,2148719.797267323,1.0234988680816475,native,outer_complete
venice-1778,rayleigh,2,False,7,1.7156076660000001,2121511.667592858,1.0105388302210343,native,outer_complete
venice-1778,rayleigh,2,False,8,1.8645076660000002,2107688.580164014,1.0039544843445694,native,outer_complete
venice-1778,rayleigh,2,False,9,2.012007666,2099294.424001725,0.9999560991937789,native,outer_complete
venice-1778,rayleigh,2,False,9,2.012007666,2099294.4240017226,0.9999560991937778,independent_fp64,audited_endpoint
venice-1778,caspar64,3,True,0,0.0,256394871.25146902,122.128469631804,native,initial
venice-1778,caspar64,3,True,1,0.217361025,27271830.674039558,12.990380533046865,native,accepted
venice-1778,caspar64,3,True,2,0.52219799,7987695.193401455,3.8047757550448544,native,accepted
venice-1778,caspar64,3,True,3,0.826927685,4115196.1459823037,1.9601897849609855,native,accepted
venice-1778,caspar64,3,True,4,1.131710991,2821288.0548631498,1.3438630455013494,native,accepted
venice-1778,caspar64,3,True,5,1.437392026,2556069.9248676985,1.2175317964523584,native,accepted
venice-1778,caspar64,3,True,6,1.74100259,2490793.9450895274,1.1864389143088396,native,accepted
venice-1778,caspar64,3,True,7,2.044358795,2452734.7418896975,1.1683101888023053,native,accepted
venice-1778,caspar64,3,True,8,2.34908092,2417507.793703644,1.1515305502285602,native,accepted
venice-1778,caspar64,3,True,9,2.652584384,2395516.5802381146,1.141055484043413,native,accepted
venice-1778,caspar64,3,True,10,2.959450241,2376896.776383982,1.1321863200915363,native,accepted
venice-1778,caspar64,3,True,11,3.263343725,2364374.924659028,1.1262217913134818,native,accepted
venice-1778,caspar64,3,True,12,3.566711259,2336220.1450980767,1.1128108360794071,native,accepted
venice-1778,caspar64,3,True,13,3.870058964,2324803.9854815067,1.1073729811947177,native,accepted
venice-1778,caspar64,3,True,14,4.173293398,2310561.887407994,1.1005890481403071,native,accepted
venice-1778,caspar64,3,True,15,4.476116292,2310561.887407994,1.1005890481403071,native,rejected
venice-1778,caspar64,3,True,16,4.778925966,2310561.887407994,1.1005890481403071,native,rejected
venice-1778,caspar64,3,True,17,5.08172534,2310561.887407994,1.1005890481403071,native,rejected
venice-1778,caspar64,3,True,18,5.384684604,2310561.887407994,1.1005890481403071,native,rejected
venice-1778,caspar64,3,True,19,5.687938158,2298014.380255703,1.0946122989224945,native,accepted
venice-1778,caspar64,3,True,20,5.991283312,2285410.33129699,1.0886086171679472,native,accepted
venice-1778,caspar64,3,True,21,6.294520977,2277666.0272494243,1.0849197758230478,native,accepted
venice-1778,caspar64,3,True,22,6.597710771,2268172.042882073,1.080397509929688,native,accepted
venice-1778,caspar64,3,True,23,6.901136575,2261051.163451803,1.0770056241910746,native,accepted
venice-1778,caspar64,3,True,24,7.20458863,2253715.74495698,1.0735115471430088,native,accepted
venice-1778,caspar64,3,True,25,7.507851964,2252294.492233912,1.072834562384378,native,accepted
venice-1778,caspar64,3,True,26,7.811597618,2244096.7352299825,1.0689297279685548,native,accepted
venice-1778,caspar64,3,True,27,8.115077973,2239995.0656119552,1.066975981269411,native,accepted
venice-1778,caspar64,3,True,28,8.418830617,2237438.346142847,1.0657581400758025,native,accepted
venice-1778,caspar64,3,True,29,8.722370121,2233323.2682398404,1.0637980066134722,native,accepted
venice-1778,caspar64,3,True,30,9.025641756,2230456.0200327435,1.0624322513864737,native,accepted
venice-1778,caspar64,3,True,31,9.3286584,2230456.0200327435,1.0624322513864737,native,rejected
venice-1778,caspar64,3,True,32,9.631580814,2230456.0200327435,1.0624322513864737,native,rejected
venice-1778,caspar64,3,True,33,9.934379558,2230456.0200327435,1.0624322513864737,native,rejected
venice-1778,caspar64,3,True,34,10.237284822,2230456.0200327435,1.0624322513864737,native,rejected
venice-1778,caspar64,3,True,35,10.540355736,2230456.0200327435,1.0624322513864737,native,rejected
venice-1778,caspar64,3,True,36,10.84386964,2221830.4615117027,1.0583236424398421,native,accepted
venice-1778,caspar64,3,True,37,11.147146635,2215313.2393798595,1.0552192965481808,native,accepted
venice-1778,caspar64,3,True,38,11.450785349,2209863.3476141887,1.052623351716088,native,accepted
venice-1778,caspar64,3,True,39,11.754038434,2204791.6321512815,1.0502075434556906,native,accepted
venice-1778,caspar64,3,True,39,12.056994597,2204791.632151277,1.0502075434556883,independent_fp64,audited_endpoint
venice-1778,rayleigh,3,False,0,0.0,256394871.25147116,122.12846963180502,native,initial
venice-1778,rayleigh,3,False,0,0.258118705,256394871.25147116,122.12846963180502,native,setup_complete
venice-1778,rayleigh,3,False,1,0.371918705,12554474.672059294,5.980068053803011,native,outer_complete
venice-1778,rayleigh,3,False,2,0.536418705,2861624.785391218,1.3630766247172605,native,outer_complete
venice-1778,rayleigh,3,False,3,0.884318705,2343859.4910397166,1.1164496827703978,native,outer_complete
venice-1778,rayleigh,3,False,4,1.505518705,2200157.7365758517,1.0480002817725746,native,outer_complete
venice-1778,rayleigh,3,False,5,1.656518705,2170854.3587744874,1.034042215183898,native,outer_complete
venice-1778,rayleigh,3,False,6,1.807218705,2148719.8003309346,1.0234988695409364,native,outer_complete
venice-1778,rayleigh,3,False,7,1.958318705,2121511.2467328,1.010538629752926,native,outer_complete
venice-1778,rayleigh,3,False,8,2.105818705,2107688.083432563,1.00395424773667,native,outer_complete
venice-1778,rayleigh,3,False,9,2.253618705,2099293.9836108624,0.9999558894225701,native,outer_complete
venice-1778,rayleigh,3,False,9,2.253618705,2099293.983610866,0.9999558894225719,independent_fp64,audited_endpoint
venice-1778,caspar32,3,False,0,0.0,256392496.0,122.12733822919252,native,initial
venice-1778,caspar32,3,False,1,0.095153225,27272428.0,12.99066505709005,native,accepted
venice-1778,caspar32,3,False,2,0.231714743,7988030.0,3.804935233342152,native,accepted
venice-1778,caspar32,3,False,3,0.368483542,4115277.75,1.960228655371101,native,accepted
venice-1778,caspar32,3,False,4,0.50539611,2821304.75,1.3438709978894134,native,accepted
venice-1778,caspar32,3,False,5,0.642413679,2556078.25,1.2175357619594005,native,accepted
venice-1778,caspar32,3,False,6,0.779684998,2490808.75,1.1864459663261058,native,accepted
venice-1778,caspar32,3,False,7,0.916352817,2452779.25,1.168331389333232,native,accepted
venice-1778,caspar32,3,False,8,1.052765855,2417349.75,1.1514552693324691,native,accepted
venice-1778,caspar32,3,False,9,1.189595194,2395290.0,1.1409475571664256,native,accepted
venice-1778,caspar32,3,False,10,1.325921692,2375979.0,1.13174915602233,native,accepted
venice-1778,caspar32,3,False,11,1.46195928,2375979.0,1.13174915602233,native,rejected
venice-1778,caspar32,3,False,12,1.597819648,2375979.0,1.13174915602233,native,rejected
venice-1778,caspar32,3,False,13,1.734427737,2375979.0,1.13174915602233,native,rejected
venice-1778,caspar32,3,False,14,1.870816895,2375979.0,1.13174915602233,native,rejected
venice-1778,caspar32,3,False,15,2.007124103,2359394.75,1.1238495866487104,native,accepted
venice-1778,caspar32,3,False,16,2.143773182,2350810.75,1.1197607732562957,native,accepted
venice-1778,caspar32,3,False,17,2.28029449,2350810.75,1.1197607732562957,native,rejected
venice-1778,caspar32,3,False,18,2.416668979,2350810.75,1.1197607732562957,native,rejected
venice-1778,caspar32,3,False,19,2.560566581,2339605.75,1.1144234999499114,native,accepted
venice-1778,caspar32,3,False,20,2.69717839,2332370.5,1.110977136122154,native,accepted
venice-1778,caspar32,3,False,21,2.833766978,2322916.5,1.106473915966995,native,accepted
venice-1778,caspar32,3,False,22,2.970389667,2314191.0,1.1023177019344328,native,accepted
venice-1778,caspar32,3,False,23,3.106706315,2314191.0,1.1023177019344328,native,rejected
venice-1778,caspar32,3,False,24,3.243200163,2314191.0,1.1023177019344328,native,rejected
venice-1778,caspar32,3,False,25,3.378720681,2314191.0,1.1023177019344328,native,rejected
venice-1778,caspar32,3,False,26,3.51498227,2302693.75,1.096841221298839,native,accepted
venice-1778,caspar32,3,False,27,3.651386868,2297475.25,1.094355495216789,native,accepted
venice-1778,caspar32,3,False,28,3.787636656,2297475.25,1.094355495216789,native,rejected
venice-1778,caspar32,3,False,29,3.923798925,2297475.25,1.094355495216789,native,rejected
venice-1778,caspar32,3,False,30,4.060188483,2291473.0,1.0914964458010599,native,accepted
venice-1778,caspar32,3,False,31,4.196554871,2286487.25,1.0891215854362846,native,accepted
venice-1778,caspar32,3,False,32,4.332603579,2286487.25,1.0891215854362846,native,rejected
venice-1778,caspar32,3,False,33,4.468630807,2286487.25,1.0891215854362846,native,rejected
venice-1778,caspar32,3,False,34,4.604949506,2277407.5,1.0847966316385476,native,accepted
venice-1778,caspar32,3,False,35,4.741328694,2272653.25,1.0825320415790314,native,accepted
venice-1778,caspar32,3,False,36,4.879774474,2267995.0,1.0803131791623009,native,accepted
venice-1778,caspar32,3,False,37,5.016153862,2262993.5,1.077930816606131,native,accepted
venice-1778,caspar32,3,False,38,5.1526716,2257906.25,1.0755076087857023,native,accepted
venice-1778,caspar32,3,False,39,5.289163979,2253267.0,1.0732977966316064,native,accepted
venice-1778,caspar32,3,False,40,5.425890748,2253267.0,1.0732977966316064,native,rejected
venice-1778,caspar32,3,False,41,5.562111646,2253267.0,1.0732977966316064,native,rejected
venice-1778,caspar32,3,False,42,5.698590774,2253267.0,1.0732977966316064,native,rejected
venice-1778,caspar32,3,False,43,5.834478492,2253267.0,1.0732977966316064,native,rejected
venice-1778,caspar32,3,False,44,5.970866591,2247777.25,1.0706828661422065,native,accepted
venice-1778,caspar32,3,False,45,6.107190179,2243743.0,1.0687612334035825,native,accepted
venice-1778,caspar32,3,False,46,6.243460277,2243743.0,1.0687612334035825,native,rejected
venice-1778,caspar32,3,False,47,6.380292006,2239735.25,1.0668522233996858,native,accepted
venice-1778,caspar32,3,False,48,6.517892205,2235905.75,1.0650281191491906,native,accepted
venice-1778,caspar32,3,False,49,6.654049023,2235905.75,1.0650281191491906,native,rejected
venice-1778,caspar32,3,False,50,6.789969251,2235905.75,1.0650281191491906,native,rejected
venice-1778,caspar32,3,False,51,6.92680171,2232547.0,1.0634282470637093,native,accepted
venice-1778,caspar32,3,False,52,7.063347608,2229659.0,1.0620526071432417,native,accepted
venice-1778,caspar32,3,False,53,7.199461127,2229659.0,1.0620526071432417,native,rejected
venice-1778,caspar32,3,False,54,7.335473335,2229659.0,1.0620526071432417,native,rejected
venice-1778,caspar32,3,False,55,7.471674753,2229659.0,1.0620526071432417,native,rejected
venice-1778,caspar32,3,False,56,7.607942231,2228461.25,1.0614820833500491,native,accepted
venice-1778,caspar32,3,False,57,7.744336349,2226504.75,1.060550144463486,native,accepted
venice-1778,caspar32,3,False,58,7.881445458,2224609.0,1.059647142600873,native,accepted
venice-1778,caspar32,3,False,59,8.017735087,2224609.0,1.059647142600873,native,rejected
venice-1778,caspar32,3,False,60,8.154574935,2220301.0,1.057595114630868,native,accepted
venice-1778,caspar32,3,False,61,8.291130974,2218075.5,1.0565350430785825,native,accepted
venice-1778,caspar32,3,False,62,8.427562872,2218075.5,1.0565350430785825,native,rejected
venice-1778,caspar32,3,False,63,8.564161731,2218075.5,1.0565350430785825,native,rejected
venice-1778,caspar32,3,False,64,8.700572129,2214746.0,1.0549491036342624,native,accepted
venice-1778,caspar32,3,False,65,8.837029637,2213041.0,1.0541369616452052,native,accepted
venice-1778,caspar32,3,False,66,8.973309316,2213041.0,1.0541369616452052,native,rejected
venice-1778,caspar32,3,False,67,9.110962765,2209601.75,1.0524987450259298,native,accepted
venice-1778,caspar32,3,False,68,9.247636503,2207354.0,1.0514280751397693,native,accepted
venice-1778,caspar32,3,False,69,9.384236262,2207354.0,1.0514280751397693,native,rejected
venice-1778,caspar32,3,False,70,9.52055234,2207354.0,1.0514280751397693,native,rejected
venice-1778,caspar32,3,False,71,9.657620459,2205369.5,1.0504827990240604,native,accepted
venice-1778,caspar32,3,False,72,9.794616047,2203563.75,1.049622666826559,native,accepted
venice-1778,caspar32,3,False,73,9.930713456,2203563.75,1.049622666826559,native,rejected
venice-1778,caspar32,3,False,74,10.067214854,2203563.75,1.049622666826559,native,rejected
venice-1778,caspar32,3,False,75,10.203988433,2200962.5,1.0483836144224328,native,accepted
venice-1778,caspar32,3,False,76,10.340932571,2199351.75,1.0476163664993396,native,accepted
venice-1778,caspar32,3,False,77,10.47706195,2199351.75,1.0476163664993396,native,rejected
venice-1778,caspar32,3,False,78,10.613819298,2199351.75,1.0476163664993396,native,rejected
venice-1778,caspar32,3,False,79,10.750571047,2197525.75,1.046746588627188,native,accepted
venice-1778,caspar32,3,False,80,10.887358335,2196118.25,1.046076154697805,native,accepted
venice-1778,caspar32,3,False,81,11.024098804,2194320.5,1.0452198331372025,native,accepted
venice-1778,caspar32,3,False,82,11.160495252,2192332.0,1.044272651703044,native,accepted
venice-1778,caspar32,3,False,83,11.297231521,2189452.75,1.0429011796666845,native,accepted
venice-1778,caspar32,3,False,84,11.43573379,2186937.5,1.0417030916092205,native,accepted
venice-1778,caspar32,3,False,85,11.572888339,2180672.5,1.0387188865878463,native,accepted
venice-1778,caspar32,3,False,86,11.709945298,2175881.25,1.0364366723326732,native,accepted
venice-1778,caspar32,3,False,87,11.846716346,2173550.25,1.0353263480062846,native,accepted
venice-1778,caspar32,3,False,88,11.983077995,2171948.25,1.0345632679672996,native,accepted
venice-1778,caspar32,3,False,88,12.119827083,2171949.6578544625,1.03456393857007,independent_fp64,audited_endpoint
