[R10] --zero_k2: all k2 set to 0 at load
Loaded /workspace/bal/venice-52.txt: ncam=52 npt=64053 nobs=347173 n=192471
[R10] --dof9: refining f,k1 per camera (52 cameras)
  [menu-backtrack] active=1 max_evals=8 warmup_accepts=3 confirm_stop=original armijo=1e-4
MIXED_STORAGE fragments=fp32 arithmetic=fp64 state=fp64 acceptance=fp64
  [compact-fragments] active=2 saved_bytes=36105992 storage=fp32 camera_reads=contiguous
  MFCG score_init=11152062.772762466 precision=fp64
PCG_PREP o=0 rebuild=1 drift=0 previous_depth=0
FOLLOW_POINT o=0 mode=3 changed=64053 candidate=2274410.7744043767 rho=0.99996949785110401 selected=1
ATTR_RADIUS o=0 raw_norm=3225.3525896296719 norm=3225.3525896296719 radius=3225.3525896296719 next_radius=6450.7051792593438 lambda=0.10000000000000001 next_lambda=0.025000000000000001 rho=0.99996949785110401 accept=1
CLASSICAL_LM o=0 lambda=0.10000000000000001 tau=0.10000000000000001 prediction=8877922.7940810416 rho=0.99996949785110401 accept=1
  MFCG it   1 cost=2.274411e+06 lam=2.500e-02 tau=0.00e+00 cg_it=0 shift=0 ckpt=1 alpha=0 acc mv=2
PCG_PREP o=1 rebuild=1 drift=0 previous_depth=1
FOLLOW_POINT o=1 mode=3 changed=64053 candidate=1506220.3729797446 rho=-1 selected=0
ATTR_RADIUS o=1 raw_norm=2725.1773805803964 norm=2725.1773805803964 radius=6450.7051792593438 next_radius=6450.7051792593438 lambda=0.025000000000000001 next_lambda=0.0025000000000000005 rho=0.99702539816830604 accept=1
CLASSICAL_LM o=1 lambda=0.025000000000000001 tau=0.025000000000000001 prediction=770512.72654142976 rho=0.99702539816830604 accept=1
  MFCG it   2 cost=1.506190e+06 lam=2.500e-03 tau=0.00e+00 cg_it=4 shift=0 ckpt=5 alpha=0 acc mv=8
PCG_PREP o=2 rebuild=1 drift=0 previous_depth=5
FOLLOW_POINT o=2 mode=3 changed=64053 candidate=1126668.7967024362 rho=1.0001579744424993 selected=1
ATTR_RADIUS o=2 raw_norm=9578.8389047011842 norm=6450.7051792593429 radius=6450.7051792593438 next_radius=12901.410358518688 lambda=0.0025000000000000005 next_lambda=0.00062500000000000012 rho=1.0001579744424993 accept=1
CLASSICAL_LM o=2 lambda=0.0025000000000000005 tau=0.0025000000000000005 prediction=379461.27454492811 rho=1.0001579744424993 accept=1
  MFCG it   3 cost=1.126669e+06 lam=6.250e-04 tau=0.00e+00 cg_it=6 shift=0 ckpt=7 alpha=0 acc mv=16
PCG_PREP o=3 rebuild=1 drift=0 previous_depth=7
FOLLOW_POINT o=3 mode=3 changed=64053 candidate=820361.11921713105 rho=1.0210606384184915 selected=1
ATTR_RADIUS o=3 raw_norm=20489.713251414207 norm=12901.410358518686 radius=12901.410358518688 next_radius=25802.820717037375 lambda=0.00062500000000000012 next_lambda=0.00015625000000000003 rho=1.0210606384184915 accept=1
CLASSICAL_LM o=3 lambda=0.00062500000000000012 tau=0.00062500000000000012 prediction=299989.70282484044 rho=1.0210606384184915 accept=1
  MFCG it   4 cost=8.203611e+05 lam=1.563e-04 tau=0.00e+00 cg_it=4 shift=0 ckpt=5 alpha=0 acc mv=22
PCG_PREP o=4 rebuild=1 drift=0 previous_depth=5
FOLLOW_POINT o=4 mode=3 changed=64053 candidate=493169.53627741779 rho=1.0736864607790744 selected=1
ATTR_RADIUS o=4 raw_norm=36945.931108067736 norm=25802.820717037368 radius=25802.820717037375 next_radius=51605.641434074751 lambda=0.00015625000000000003 next_lambda=3.9062500000000008e-05 rho=1.0736864607790744 accept=1
CLASSICAL_LM o=4 lambda=0.00015625000000000003 tau=0.00015625000000000003 prediction=304736.6199461068 rho=1.0736864607790744 accept=1
  MFCG it   5 cost=4.931695e+05 lam=3.906e-05 tau=0.00e+00 cg_it=7 shift=0 ckpt=8 alpha=0 acc mv=31
PCG_PREP o=5 rebuild=1 drift=0 previous_depth=8
FOLLOW_POINT o=5 mode=3 changed=64053 candidate=45341195.932681359 rho=-1 selected=0
ATTR_RADIUS o=5 raw_norm=36217.34563946924 norm=36217.34563946924 radius=51605.641434074751 next_radius=12901.410358518688 lambda=3.9062500000000008e-05 next_lambda=0.00062500000000000012 rho=0.067595519283065536 accept=0
CLASSICAL_LM o=5 lambda=3.9062500000000008e-05 tau=3.9062500000000008e-05 prediction=176355.56892868815 rho=0.067595519283065536 accept=0
  MFCG it   6  retry 1/8  lam=6.250e-04 tau_eff=3.906e-05  (assembly reused)
PCG_PREP o=5 rebuild=1 drift=0 previous_depth=6
FOLLOW_POINT o=5 mode=3 changed=64053 candidate=422478.04898032866 rho=1.006301088221397 selected=1
ATTR_RADIUS o=5 raw_norm=8396.2034707765997 norm=8396.2034707765979 radius=12901.410358518688 next_radius=12901.410358518688 lambda=0.00062500000000000012 next_lambda=6.2500000000000015e-05 rho=1.006301088221397 accept=1
CLASSICAL_LM o=5 lambda=0.00062500000000000012 tau=0.00062500000000000012 prediction=70248.843139019096 rho=1.006301088221397 accept=1
  MFCG it   6 cost=4.224780e+05 lam=6.250e-05 tau=0.00e+00 cg_it=1 shift=0 ckpt=2 alpha=0 acc mv=41
PCG_PREP o=6 rebuild=1 drift=0 previous_depth=2
FOLLOW_POINT o=6 mode=3 changed=64053 candidate=362566.69450625608 rho=1.6352976521784943 selected=1
ATTR_RADIUS o=6 raw_norm=26831.735345184763 norm=12901.410358518688 radius=12901.410358518688 next_radius=25802.820717037375 lambda=6.2500000000000015e-05 next_lambda=1.5625000000000004e-05 rho=1.6352976521784943 accept=1
CLASSICAL_LM o=6 lambda=6.2500000000000015e-05 tau=6.2500000000000015e-05 prediction=36636.360600322805 rho=1.6352976521784943 accept=1
  MFCG it   7 cost=3.625667e+05 lam=1.563e-05 tau=0.00e+00 cg_it=5 shift=0 ckpt=6 alpha=0 acc mv=48
PCG_PREP o=7 rebuild=1 drift=0 previous_depth=6
FOLLOW_POINT o=7 mode=3 changed=64053 candidate=4158085.7286996483 rho=-1 selected=0
ATTR_RADIUS o=7 raw_norm=30303.02368335312 norm=25802.820717037379 radius=25802.820717037375 next_radius=25802.820717037375 lambda=1.5625000000000004e-05 next_lambda=1.5625000000000004e-05 rho=0.54945023219468536 accept=1
CLASSICAL_LM o=7 lambda=1.5625000000000004e-05 tau=1.5625000000000004e-05 prediction=80258.74043400606 rho=0.54945023219468536 accept=1
  MFCG it   8 cost=3.184685e+05 lam=1.563e-05 tau=0.00e+00 cg_it=5 shift=0 ckpt=6 alpha=0 acc mv=55
PCG_PREP o=8 rebuild=1 drift=0 previous_depth=6
POINT_SAFE o=8 frozen=176 slope=-77801.853434889301 candidate=284010.09544379328 original=299185.59342748387 current=318468.51093913848 won=1 mode=1 camera_scale=1 keep_scale=0
FOLLOW_POINT o=8 mode=3 changed=64053 candidate=456232.91097293806 rho=-1 selected=0
ATTR_RADIUS o=8 raw_norm=7912.3063699296827 norm=7912.3063699296827 radius=25802.820717037375 next_radius=25802.820717037375 lambda=1.5625000000000004e-05 next_lambda=1.5625000000000005e-06 rho=0.86870729988041018 accept=1
CLASSICAL_LM o=8 lambda=1.5625000000000004e-05 tau=1.5625000000000004e-05 prediction=39666.312807649803 rho=0.86870729988041018 accept=1
  MFCG it   9 cost=2.840101e+05 lam=1.563e-06 tau=0.00e+00 cg_it=0 shift=0 ckpt=1 alpha=0 acc mv=57
PCG_PREP o=9 rebuild=1 drift=0 previous_depth=1
POINT_SAFE o=9 frozen=161 slope=-22075.709078559928 candidate=309788.0018641589 original=280837.57859447628 current=284010.09544379328 won=0 mode=1 camera_scale=1 keep_scale=0
FOLLOW_POINT o=9 mode=3 changed=64053 candidate=377274.79654284409 rho=-1 selected=0
ATTR_RADIUS o=9 raw_norm=36450.687443254516 norm=6450.7051792593411 radius=25802.820717037375 next_radius=25802.820717037375 lambda=1.5625000000000005e-06 next_lambda=1.5625000000000007e-07 rho=0.37236930186699024 accept=1
CLASSICAL_LM o=9 lambda=1.5625000000000005e-06 tau=1.5625000000000005e-06 prediction=8519.8130818265581 rho=0.37236930186699024 accept=1
  MFCG it  10 cost=2.808376e+05 lam=1.563e-07 tau=0.00e+00 cg_it=1 shift=0 ckpt=2 alpha=0 acc mv=60
PCG_PREP o=10 rebuild=1 drift=0 previous_depth=2
POINT_SAFE o=10 frozen=403 slope=-33211.112019882086 candidate=279076.00074330182 original=275955.79232356237 current=280837.57859447628 won=0 mode=1 camera_scale=1 keep_scale=0
FOLLOW_POINT o=10 mode=3 changed=64053 candidate=418237.86333195126 rho=-1 selected=0
ATTR_RADIUS o=10 raw_norm=14133.028647992991 norm=7066.5143239964955 radius=25802.820717037375 next_radius=25802.820717037375 lambda=1.5625000000000007e-07 next_lambda=1.5625000000000006e-08 rho=0.3527034816656226 accept=1
CLASSICAL_LM o=10 lambda=1.5625000000000007e-07 tau=1.5625000000000007e-07 prediction=13841.049279865161 rho=0.3527034816656226 accept=1
  MFCG it  11 cost=2.759558e+05 lam=1.563e-08 tau=0.00e+00 cg_it=0 shift=0 ckpt=1 alpha=0 acc mv=62
PCG_PREP o=11 rebuild=1 drift=0 previous_depth=1
POINT_SAFE o=11 frozen=149 slope=-25568.324359228423 candidate=276847.49199379719 original=273019.13359505567 current=275955.79232356237 won=0 mode=1 camera_scale=1 keep_scale=0
FOLLOW_POINT o=11 mode=3 changed=64053 candidate=460992.74507606076 rho=-1 selected=0
ATTR_RADIUS o=11 raw_norm=15067.114742546155 norm=7533.5573712730775 radius=25802.820717037375 next_radius=25802.820717037375 lambda=1.5625000000000006e-08 next_lambda=1.5625000000000008e-09 rho=0.29461318906586909 accept=1
CLASSICAL_LM o=11 lambda=1.5625000000000006e-08 tau=1.5625000000000006e-08 prediction=9967.8454240897354 rho=0.29461318906586909 accept=1
  MFCG it  12 cost=2.730191e+05 lam=1.563e-09 tau=0.00e+00 cg_it=0 shift=0 ckpt=1 alpha=0 acc mv=64
PCG_PREP o=12 rebuild=1 drift=0 previous_depth=1
POINT_SAFE o=12 frozen=38 slope=-21295.657122775356 candidate=275934.99698095373 original=271444.95619243139 current=273019.13359505567 won=0 mode=1 camera_scale=1 keep_scale=0
FOLLOW_POINT o=12 mode=3 changed=64053 candidate=465716.47252747533 rho=-1 selected=0
ATTR_RADIUS o=12 raw_norm=15172.688019276624 norm=7586.3440096383119 radius=25802.820717037375 next_radius=6450.7051792593438 lambda=1.5625000000000008e-09 next_lambda=2.5000000000000012e-08 rho=0.19559999899520852 accept=1
CLASSICAL_LM o=12 lambda=1.5625000000000008e-09 tau=1.5625000000000008e-09 prediction=8047.9417725500089 rho=0.19559999899520852 accept=1
  MFCG it  13 cost=2.714450e+05 lam=2.500e-08 tau=0.00e+00 cg_it=0 shift=0 ckpt=1 alpha=0 acc mv=66
PCG_PREP o=13 rebuild=1 drift=0 previous_depth=1
FOLLOW_POINT o=13 mode=3 changed=64053 candidate=364478.53149502311 rho=-1 selected=0
ATTR_RADIUS o=13 raw_norm=14933.67382352759 norm=6450.705179259342 radius=6450.7051792593438 next_radius=6450.7051792593438 lambda=2.5000000000000012e-08 next_lambda=2.5000000000000012e-08 rho=0.63598430191535393 accept=1
CLASSICAL_LM o=13 lambda=2.5000000000000012e-08 tau=2.5000000000000012e-08 prediction=7956.2103060495638 rho=0.63598430191535393 accept=1
  MFCG it  14 cost=2.663849e+05 lam=2.500e-08 tau=0.00e+00 cg_it=0 shift=0 ckpt=1 alpha=0 acc mv=68
PCG_PREP o=14 rebuild=1 drift=0 previous_depth=1
FOLLOW_POINT o=14 mode=3 changed=64053 candidate=364254.25406306703 rho=-1 selected=0
ATTR_RADIUS o=14 raw_norm=15173.000328096499 norm=6450.7051792593447 radius=6450.7051792593438 next_radius=1612.676294814836 lambda=2.5000000000000012e-08 next_lambda=4.0000000000000019e-07 rho=0.14435292291499044 accept=1
CLASSICAL_LM o=14 lambda=2.5000000000000012e-08 tau=2.5000000000000012e-08 prediction=3369.0311098847251 rho=0.14435292291499044 accept=1
  MFCG it  15 cost=2.658986e+05 lam=4.000e-07 tau=0.00e+00 cg_it=0 shift=0 ckpt=1 alpha=0 acc mv=70
PCG_PREP o=15 rebuild=1 drift=0 previous_depth=1
POINT_SAFE o=15 frozen=7 slope=-1814.2384653727397 candidate=264829.55621498206 original=264415.71723103483 current=265898.60184694332 won=0 mode=1 camera_scale=1 keep_scale=0
FOLLOW_POINT o=15 mode=3 changed=64053 candidate=264541.9998818473 rho=-1 selected=0
ATTR_RADIUS o=15 raw_norm=14025.753130081086 norm=806.33814740741775 radius=1612.676294814836 next_radius=1612.676294814836 lambda=4.0000000000000019e-07 next_lambda=4.0000000000000021e-08 rho=1.012177402624246 accept=1
CLASSICAL_LM o=15 lambda=4.0000000000000019e-07 tau=4.0000000000000019e-07 prediction=1465.0441830294344 rho=1.012177402624246 accept=1
  MFCG it  16 cost=2.644157e+05 lam=4.000e-08 tau=0.00e+00 cg_it=0 shift=0 ckpt=1 alpha=0 acc mv=72
PCG_PREP o=16 rebuild=1 drift=0 previous_depth=1
FOLLOW_POINT o=16 mode=3 changed=64053 candidate=264065.01756043971 rho=-1 selected=0
ATTR_RADIUS o=16 raw_norm=15567.548670643864 norm=1612.6762948148364 radius=1612.676294814836 next_radius=3225.3525896296719 lambda=4.0000000000000021e-08 next_lambda=1.0000000000000005e-08 rho=0.85084749816145466 accept=1
CLASSICAL_LM o=16 lambda=4.0000000000000021e-08 tau=4.0000000000000021e-08 prediction=868.18862234645394 rho=0.85084749816145466 accept=1
  MFCG it  17 cost=2.636770e+05 lam=1.000e-08 tau=0.00e+00 cg_it=0 shift=0 ckpt=1 alpha=0 acc mv=74
PCG_PREP o=17 rebuild=1 drift=0 previous_depth=1
FOLLOW_POINT o=17 mode=3 changed=64053 candidate=269497.44357944885 rho=-1 selected=0
ATTR_RADIUS o=17 raw_norm=16240.061278979265 norm=3225.3525896296724 radius=3225.3525896296719 next_radius=3225.3525896296719 lambda=1.0000000000000005e-08 next_lambda=1.0000000000000005e-08 rho=0.57999331415433053 accept=1
CLASSICAL_LM o=17 lambda=1.0000000000000005e-08 tau=1.0000000000000005e-08 prediction=903.21248322170186 rho=0.57999331415433053 accept=1
  MFCG it  18 cost=2.631532e+05 lam=1.000e-08 tau=0.00e+00 cg_it=0 shift=0 ckpt=1 alpha=0 acc mv=76
PCG_PREP o=18 rebuild=1 drift=0 previous_depth=1
FOLLOW_POINT o=18 mode=3 changed=64053 candidate=269042.92632142565 rho=-1 selected=0
ATTR_RADIUS o=18 raw_norm=17067.259880967078 norm=3225.352589629671 radius=3225.3525896296719 next_radius=3225.3525896296719 lambda=1.0000000000000005e-08 next_lambda=1.0000000000000005e-08 rho=0.56439242115720534 accept=1
CLASSICAL_LM o=18 lambda=1.0000000000000005e-08 tau=1.0000000000000005e-08 prediction=777.84252557852028 rho=0.56439242115720534 accept=1
  MFCG it  19 cost=2.627142e+05 lam=1.000e-08 tau=0.00e+00 cg_it=0 shift=0 ckpt=1 alpha=0 acc mv=78
PCG_PREP o=19 rebuild=1 drift=0 previous_depth=1
FOLLOW_POINT o=19 mode=3 changed=64053 candidate=268663.24468206055 rho=-1 selected=0
ATTR_RADIUS o=19 raw_norm=17669.873642378665 norm=3225.3525896296724 radius=3225.3525896296719 next_radius=3225.3525896296719 lambda=1.0000000000000005e-08 next_lambda=1.0000000000000005e-08 rho=0.54647386760607741 accept=1
CLASSICAL_LM o=19 lambda=1.0000000000000005e-08 tau=1.0000000000000005e-08 prediction=682.93408427956967 rho=0.54647386760607741 accept=1
  MFCG it  20 cost=2.623409e+05 lam=1.000e-08 tau=0.00e+00 cg_it=0 shift=0 ckpt=1 alpha=0 acc mv=80
PCG_PREP o=20 rebuild=1 drift=0 previous_depth=1
FOLLOW_POINT o=20 mode=3 changed=64053 candidate=268332.75505955011 rho=-1 selected=0
ATTR_RADIUS o=20 raw_norm=18123.409285325826 norm=3225.3525896296719 radius=3225.3525896296719 next_radius=3225.3525896296719 lambda=1.0000000000000005e-08 next_lambda=1.0000000000000005e-08 rho=0.52713111873512741 accept=1
CLASSICAL_LM o=20 lambda=1.0000000000000005e-08 tau=1.0000000000000005e-08 prediction=611.87496177321646 rho=0.52713111873512741 accept=1
  MFCG it  21 cost=2.620184e+05 lam=1.000e-08 tau=0.00e+00 cg_it=0 shift=0 ckpt=1 alpha=0 acc mv=82
PCG_PREP o=21 rebuild=1 drift=0 previous_depth=1
FOLLOW_POINT o=21 mode=3 changed=64053 candidate=268040.43842271017 rho=-1 selected=0
ATTR_RADIUS o=21 raw_norm=18453.760514716359 norm=3225.3525896296724 radius=3225.3525896296719 next_radius=3225.3525896296719 lambda=1.0000000000000005e-08 next_lambda=1.0000000000000005e-08 rho=0.50894573643888219 accept=1
CLASSICAL_LM o=21 lambda=1.0000000000000005e-08 tau=1.0000000000000005e-08 prediction=558.44371325103202 rho=0.50894573643888219 accept=1
  MFCG it  22 cost=2.617342e+05 lam=1.000e-08 tau=0.00e+00 cg_it=0 shift=0 ckpt=1 alpha=0 acc mv=84
PCG_PREP o=22 rebuild=1 drift=0 previous_depth=1
FOLLOW_POINT o=22 mode=3 changed=64053 candidate=267778.69954522408 rho=-1 selected=0
ATTR_RADIUS o=22 raw_norm=18683.322314692879 norm=3225.3525896296719 radius=3225.3525896296719 next_radius=3225.3525896296719 lambda=1.0000000000000005e-08 next_lambda=1.0000000000000005e-08 rho=0.49118405645711538 accept=1
CLASSICAL_LM o=22 lambda=1.0000000000000005e-08 tau=1.0000000000000005e-08 prediction=516.48389496407935 rho=0.49118405645711538 accept=1
  MFCG it  23 cost=2.614805e+05 lam=1.000e-08 tau=0.00e+00 cg_it=0 shift=0 ckpt=1 alpha=0 acc mv=86
PCG_PREP o=23 rebuild=1 drift=0 previous_depth=1
FOLLOW_POINT o=23 mode=3 changed=64053 candidate=267542.32603139838 rho=-1 selected=0
ATTR_RADIUS o=23 raw_norm=18828.397231913772 norm=3225.3525896296705 radius=3225.3525896296719 next_radius=3225.3525896296719 lambda=1.0000000000000005e-08 next_lambda=1.0000000000000005e-08 rho=0.47339661870195454 accept=1
CLASSICAL_LM o=23 lambda=1.0000000000000005e-08 tau=1.0000000000000005e-08 prediction=482.5203142736255 rho=0.47339661870195454 accept=1
  MFCG it  24 cost=2.612521e+05 lam=1.000e-08 tau=0.00e+00 cg_it=0 shift=0 ckpt=1 alpha=0 acc mv=88
PCG_PREP o=24 rebuild=1 drift=0 previous_depth=1
FOLLOW_POINT o=24 mode=3 changed=64053 candidate=267327.99913671555 rho=-1 selected=0
ATTR_RADIUS o=24 raw_norm=18894.331864082331 norm=3225.352589629671 radius=3225.3525896296719 next_radius=3225.3525896296719 lambda=1.0000000000000005e-08 next_lambda=1.0000000000000005e-08 rho=0.45493429545762731 accept=1
CLASSICAL_LM o=24 lambda=1.0000000000000005e-08 tau=1.0000000000000005e-08 prediction=454.04898126896762 rho=0.45493429545762731 accept=1
  MFCG it  25 cost=2.610455e+05 lam=1.000e-08 tau=0.00e+00 cg_it=0 shift=0 ckpt=1 alpha=0 acc mv=90
PCG_PREP o=25 rebuild=1 drift=0 previous_depth=1
FOLLOW_POINT o=25 mode=3 changed=64053 candidate=267133.92729343858 rho=-1 selected=0
ATTR_RADIUS o=25 raw_norm=18881.952057688093 norm=3225.3525896296728 radius=3225.3525896296719 next_radius=3225.3525896296719 lambda=1.0000000000000005e-08 next_lambda=1.0000000000000005e-08 rho=0.43482801995854486 accept=1
CLASSICAL_LM o=25 lambda=1.0000000000000005e-08 tau=1.0000000000000005e-08 prediction=429.12299709153001 rho=0.43482801995854486 accept=1
  MFCG it  26 cost=2.608589e+05 lam=1.000e-08 tau=0.00e+00 cg_it=0 shift=0 ckpt=1 alpha=0 acc mv=92
PCG_PREP o=26 rebuild=1 drift=0 previous_depth=1
FOLLOW_POINT o=26 mode=3 changed=64053 candidate=266959.17605978705 rho=-1 selected=0
ATTR_RADIUS o=26 raw_norm=18805.923038617206 norm=3225.3525896296733 radius=3225.3525896296719 next_radius=3225.3525896296719 lambda=1.0000000000000005e-08 next_lambda=1.0000000000000005e-08 rho=0.41233115257825831 accept=1
CLASSICAL_LM o=26 lambda=1.0000000000000005e-08 tau=1.0000000000000005e-08 prediction=406.58177123166877 rho=0.41233115257825831 accept=1
  MFCG it  27 cost=2.606913e+05 lam=1.000e-08 tau=0.00e+00 cg_it=0 shift=0 ckpt=1 alpha=0 acc mv=94
PCG_PREP o=27 rebuild=1 drift=0 previous_depth=1
FOLLOW_POINT o=27 mode=3 changed=64053 candidate=266802.77657483803 rho=-1 selected=0
ATTR_RADIUS o=27 raw_norm=18705.8002406142 norm=3225.3525896296719 radius=3225.3525896296719 next_radius=3225.3525896296719 lambda=1.0000000000000005e-08 next_lambda=1.0000000000000005e-08 rho=0.38762631450843493 accept=1
CLASSICAL_LM o=27 lambda=1.0000000000000005e-08 tau=1.0000000000000005e-08 prediction=386.24979444602729 rho=0.38762631450843493 accept=1
  MFCG it  28 cost=2.605416e+05 lam=1.000e-08 tau=0.00e+00 cg_it=0 shift=0 ckpt=1 alpha=0 acc mv=96
PCG_PREP o=28 rebuild=1 drift=0 previous_depth=1
FOLLOW_POINT o=28 mode=3 changed=64053 candidate=266663.35216035921 rho=-1 selected=0
ATTR_RADIUS o=28 raw_norm=18630.826025020739 norm=3225.352589629671 radius=3225.3525896296719 next_radius=3225.3525896296719 lambda=1.0000000000000005e-08 next_lambda=1.0000000000000005e-08 rho=0.36156490530484853 accept=1
CLASSICAL_LM o=28 lambda=1.0000000000000005e-08 tau=1.0000000000000005e-08 prediction=368.39811892746445 rho=0.36156490530484853 accept=1
  MFCG it  29 cost=2.604084e+05 lam=1.000e-08 tau=0.00e+00 cg_it=0 shift=0 ckpt=1 alpha=0 acc mv=98
PCG_PREP o=29 rebuild=1 drift=0 previous_depth=1
FOLLOW_POINT o=29 mode=3 changed=64053 candidate=266539.3966682239 rho=-1 selected=0
ATTR_RADIUS o=29 raw_norm=18616.407986264316 norm=3225.352589629671 radius=3225.3525896296719 next_radius=3225.3525896296719 lambda=1.0000000000000005e-08 next_lambda=1.0000000000000005e-08 rho=0.33478195165286834 accept=1
CLASSICAL_LM o=29 lambda=1.0000000000000005e-08 tau=1.0000000000000005e-08 prediction=353.07748439996112 rho=0.33478195165286834 accept=1
  MFCG it  30 cost=2.602902e+05 lam=1.000e-08 tau=0.00e+00 cg_it=0 shift=0 ckpt=1 alpha=0 acc mv=100
PCG_PREP o=30 rebuild=1 drift=0 previous_depth=1
FOLLOW_POINT o=30 mode=3 changed=64053 candidate=266429.58694380859 rho=-1 selected=0
ATTR_RADIUS o=30 raw_norm=18679.983467119968 norm=3225.3525896296728 radius=3225.3525896296719 next_radius=3225.3525896296719 lambda=1.0000000000000005e-08 next_lambda=1.0000000000000005e-08 rho=0.30741401188958284 accept=1
CLASSICAL_LM o=30 lambda=1.0000000000000005e-08 tau=1.0000000000000005e-08 prediction=340.05280352237457 rho=0.30741401188958284 accept=1
  MFCG it  31 cost=2.601856e+05 lam=1.000e-08 tau=0.00e+00 cg_it=0 shift=0 ckpt=1 alpha=0 acc mv=102
PCG_PREP o=31 rebuild=1 drift=0 previous_depth=1
FOLLOW_POINT o=31 mode=3 changed=64053 candidate=266332.88014619285 rho=-1 selected=0
ATTR_RADIUS o=31 raw_norm=18828.129589888671 norm=3225.3525896296742 radius=3225.3525896296719 next_radius=3225.3525896296719 lambda=1.0000000000000005e-08 next_lambda=1.0000000000000005e-08 rho=0.27932667539584477 accept=1
CLASSICAL_LM o=31 lambda=1.0000000000000005e-08 tau=1.0000000000000005e-08 prediction=329.00677847816502 rho=0.27932667539584477 accept=1
  MFCG it  32 cost=2.600937e+05 lam=1.000e-08 tau=0.00e+00 cg_it=0 shift=0 ckpt=1 alpha=0 acc mv=104
PCG_PREP o=32 rebuild=1 drift=0 previous_depth=1
FOLLOW_POINT o=32 mode=3 changed=64053 candidate=266248.45014572918 rho=-1 selected=0
ATTR_RADIUS o=32 raw_norm=19058.572419626344 norm=3225.3525896296724 radius=3225.3525896296719 next_radius=3225.3525896296719 lambda=1.0000000000000005e-08 next_lambda=1.0000000000000005e-08 rho=0.25033049699548382 accept=1
CLASSICAL_LM o=32 lambda=1.0000000000000005e-08 tau=1.0000000000000005e-08 prediction=319.65586539214075 rho=0.25033049699548382 accept=1
  MFCG it  33 cost=2.600137e+05 lam=1.000e-08 tau=0.00e+00 cg_it=0 shift=0 ckpt=1 alpha=0 acc mv=106
PCG_PREP o=33 rebuild=1 drift=0 previous_depth=1
FOLLOW_POINT o=33 mode=3 changed=64053 candidate=266175.76960246096 rho=-1 selected=0
ATTR_RADIUS o=33 raw_norm=19379.29433706035 norm=3225.3525896296719 radius=3225.3525896296719 next_radius=806.33814740741798 lambda=1.0000000000000005e-08 next_lambda=1.6000000000000008e-07 rho=0.22027823549533787 accept=1
CLASSICAL_LM o=33 lambda=1.0000000000000005e-08 tau=1.0000000000000005e-08 prediction=311.77747269311868 rho=0.22027823549533787 accept=1
  MFCG it  34 cost=2.599450e+05 lam=1.600e-07 tau=0.00e+00 cg_it=0 shift=0 ckpt=1 alpha=0 acc mv=108
PCG_PREP o=34 rebuild=1 drift=0 previous_depth=1
FOLLOW_POINT o=34 mode=3 changed=64053 candidate=259861.71840353403 rho=-1 selected=0
ATTR_RADIUS o=34 raw_norm=12580.842523429472 norm=806.33814740741843 radius=806.33814740741798 next_radius=1612.676294814836 lambda=1.6000000000000008e-07 next_lambda=4.0000000000000021e-08 rho=0.84890052117746451 accept=1
CLASSICAL_LM o=34 lambda=1.6000000000000008e-07 tau=1.6000000000000008e-07 prediction=126.95729332388257 rho=0.84890052117746451 accept=1
  MFCG it  35 cost=2.598372e+05 lam=4.000e-08 tau=0.00e+00 cg_it=0 shift=0 ckpt=1 alpha=0 acc mv=110
PCG_PREP o=35 rebuild=1 drift=0 previous_depth=1
FOLLOW_POINT o=35 mode=3 changed=64053 candidate=260139.53980643468 rho=-1 selected=0
ATTR_RADIUS o=35 raw_norm=18496.877814626103 norm=1612.6762948148357 radius=1612.676294814836 next_radius=1612.676294814836 lambda=4.0000000000000021e-08 next_lambda=4.0000000000000021e-08 rho=0.58690533705404335 accept=1
CLASSICAL_LM o=35 lambda=4.0000000000000021e-08 tau=4.0000000000000021e-08 prediction=153.27139873535336 rho=0.58690533705404335 accept=1
  MFCG it  36 cost=2.597473e+05 lam=4.000e-08 tau=0.00e+00 cg_it=0 shift=0 ckpt=1 alpha=0 acc mv=112
PCG_PREP o=36 rebuild=1 drift=0 previous_depth=1
FOLLOW_POINT o=36 mode=3 changed=64053 candidate=260057.81547192438 rho=-1 selected=0
ATTR_RADIUS o=36 raw_norm=19081.704284984997 norm=1612.6762948148362 radius=1612.676294814836 next_radius=1612.676294814836 lambda=4.0000000000000021e-08 next_lambda=4.0000000000000021e-08 rho=0.57489781731292233 accept=1
CLASSICAL_LM o=36 lambda=4.0000000000000021e-08 tau=4.0000000000000021e-08 prediction=141.15603142677298 rho=0.57489781731292233 accept=1
  MFCG it  37 cost=2.596661e+05 lam=4.000e-08 tau=0.00e+00 cg_it=0 shift=0 ckpt=1 alpha=0 acc mv=114
PCG_PREP o=37 rebuild=1 drift=0 previous_depth=1
FOLLOW_POINT o=37 mode=3 changed=64053 candidate=259984.27524265271 rho=-1 selected=0
ATTR_RADIUS o=37 raw_norm=19683.838520977359 norm=1612.6762948148366 radius=1612.676294814836 next_radius=1612.676294814836 lambda=4.0000000000000021e-08 next_lambda=4.0000000000000021e-08 rho=0.56183045776246443 accept=1
CLASSICAL_LM o=37 lambda=4.0000000000000021e-08 tau=4.0000000000000021e-08 prediction=130.46300644792206 rho=0.56183045776246443 accept=1
  MFCG it  38 cost=2.595928e+05 lam=4.000e-08 tau=0.00e+00 cg_it=0 shift=0 ckpt=1 alpha=0 acc mv=116
PCG_PREP o=38 rebuild=1 drift=0 previous_depth=1
FOLLOW_POINT o=38 mode=3 changed=64053 candidate=259917.40926405386 rho=-1 selected=0
ATTR_RADIUS o=38 raw_norm=20285.327705476931 norm=1612.6762948148362 radius=1612.676294814836 next_radius=1612.676294814836 lambda=4.0000000000000021e-08 next_lambda=4.0000000000000021e-08 rho=0.54910726639134166 accept=1
CLASSICAL_LM o=38 lambda=4.0000000000000021e-08 tau=4.0000000000000021e-08 prediction=121.37953259975137 rho=0.54910726639134166 accept=1
  MFCG it  39 cost=2.595262e+05 lam=4.000e-08 tau=0.00e+00 cg_it=0 shift=0 ckpt=1 alpha=0 acc mv=118
PCG_PREP o=39 rebuild=1 drift=0 previous_depth=1
FOLLOW_POINT o=39 mode=3 changed=64053 candidate=259856.22677650032 rho=-1 selected=0
ATTR_RADIUS o=39 raw_norm=20879.908578834962 norm=1612.6762948148355 radius=1612.676294814836 next_radius=1612.676294814836 lambda=4.0000000000000021e-08 next_lambda=4.0000000000000021e-08 rho=0.53672213688109494 accept=1
CLASSICAL_LM o=39 lambda=4.0000000000000021e-08 tau=4.0000000000000021e-08 prediction=113.63535408337276 rho=0.53672213688109494 accept=1
  MFCG it  40 cost=2.594652e+05 lam=4.000e-08 tau=0.00e+00 cg_it=0 shift=0 ckpt=1 alpha=0 acc mv=120
PCG_PREP o=40 rebuild=1 drift=0 previous_depth=1
FOLLOW_POINT o=40 mode=3 changed=64053 candidate=259799.91524584571 rho=-1 selected=0
ATTR_RADIUS o=40 raw_norm=21460.182741681929 norm=1612.676294814836 radius=1612.676294814836 next_radius=1612.676294814836 lambda=4.0000000000000021e-08 next_lambda=4.0000000000000021e-08 rho=0.52465329306729969 accept=1
CLASSICAL_LM o=40 lambda=4.0000000000000021e-08 tau=4.0000000000000021e-08 prediction=107.00564840599981 rho=0.52465329306729969 accept=1
  MFCG it  41 cost=2.594091e+05 lam=4.000e-08 tau=0.00e+00 cg_it=0 shift=0 ckpt=1 alpha=0 acc mv=122
PCG_PREP o=41 rebuild=1 drift=0 previous_depth=1
FOLLOW_POINT o=41 mode=3 changed=64053 candidate=259747.80266127488 rho=-1 selected=0
ATTR_RADIUS o=41 raw_norm=22019.69356729745 norm=1612.676294814835 radius=1612.676294814836 next_radius=1612.676294814836 lambda=4.0000000000000021e-08 next_lambda=4.0000000000000021e-08 rho=0.51288960853235732 accept=1
CLASSICAL_LM o=41 lambda=4.0000000000000021e-08 tau=4.0000000000000021e-08 prediction=101.3099150497376 rho=0.51288960853235732 accept=1
  MFCG it  42 cost=2.593571e+05 lam=4.000e-08 tau=0.00e+00 cg_it=0 shift=0 ckpt=1 alpha=0 acc mv=124
PCG_PREP o=42 rebuild=1 drift=0 previous_depth=1
FOLLOW_POINT o=42 mode=3 changed=64053 candidate=259699.32908826604 rho=-1 selected=0
ATTR_RADIUS o=42 raw_norm=22552.41019287808 norm=1612.6762948148362 radius=1612.676294814836 next_radius=1612.676294814836 lambda=4.0000000000000021e-08 next_lambda=4.0000000000000021e-08 rho=0.50142996607011103 accept=1
CLASSICAL_LM o=42 lambda=4.0000000000000021e-08 tau=4.0000000000000021e-08 prediction=96.401683571189906 rho=0.50142996607011103 accept=1
  MFCG it  43 cost=2.593088e+05 lam=4.000e-08 tau=0.00e+00 cg_it=0 shift=0 ckpt=1 alpha=0 acc mv=126
PCG_PREP o=43 rebuild=1 drift=0 previous_depth=1
FOLLOW_POINT o=43 mode=3 changed=64053 candidate=259654.02412781341 rho=-1 selected=0
ATTR_RADIUS o=43 raw_norm=23053.225045010033 norm=1612.6762948148355 radius=1612.676294814836 next_radius=1612.676294814836 lambda=4.0000000000000021e-08 next_lambda=4.0000000000000021e-08 rho=0.49028230946804258 accept=1
CLASSICAL_LM o=43 lambda=4.0000000000000021e-08 tau=4.0000000000000021e-08 prediction=92.161393302717912 rho=0.49028230946804258 accept=1
  MFCG it  44 cost=2.592636e+05 lam=4.000e-08 tau=0.00e+00 cg_it=0 shift=0 ckpt=1 alpha=0 acc mv=128
PCG_PREP o=44 rebuild=1 drift=0 previous_depth=1
FOLLOW_POINT o=44 mode=3 changed=64053 candidate=259611.48885472227 rho=-1 selected=0
ATTR_RADIUS o=44 raw_norm=23517.766271154844 norm=1612.6762948148366 radius=1612.676294814836 next_radius=1612.676294814836 lambda=4.0000000000000021e-08 next_lambda=4.0000000000000021e-08 rho=0.47946740335413729 accept=1
CLASSICAL_LM o=44 lambda=4.0000000000000021e-08 tau=4.0000000000000021e-08 prediction=88.491699838450174 rho=0.47946740335413729 accept=1
  MFCG it  45 cost=2.592211e+05 lam=4.000e-08 tau=0.00e+00 cg_it=0 shift=0 ckpt=1 alpha=0 acc mv=130
PCG_PREP o=45 rebuild=1 drift=0 previous_depth=1
FOLLOW_POINT o=45 mode=3 changed=64053 candidate=259571.38160835157 rho=-1 selected=0
ATTR_RADIUS o=45 raw_norm=23942.535265806349 norm=1612.6762948148346 radius=1612.676294814836 next_radius=1612.676294814836 lambda=4.0000000000000021e-08 next_lambda=4.0000000000000021e-08 rho=0.46901549676875737 accept=1
CLASSICAL_LM o=45 lambda=4.0000000000000021e-08 tau=4.0000000000000021e-08 prediction=85.312553798398469 rho=0.46901549676875737 accept=1
  MFCG it  46 cost=2.591811e+05 lam=4.000e-08 tau=0.00e+00 cg_it=0 shift=0 ckpt=1 alpha=0 acc mv=132
PCG_PREP o=46 rebuild=1 drift=0 previous_depth=1
FOLLOW_POINT o=46 mode=3 changed=64053 candidate=259533.40696652263 rho=-1 selected=0
ATTR_RADIUS o=46 raw_norm=24324.899666252983 norm=1612.6762948148344 radius=1612.676294814836 next_radius=1612.676294814836 lambda=4.0000000000000021e-08 next_lambda=4.0000000000000021e-08 rho=0.45896576895048485 accept=1
CLASSICAL_LM o=46 lambda=4.0000000000000021e-08 tau=4.0000000000000021e-08 prediction=82.55792783239805 rho=0.45896576895048485 accept=1
  MFCG it  47 cost=2.591432e+05 lam=4.000e-08 tau=0.00e+00 cg_it=0 shift=0 ckpt=1 alpha=0 acc mv=134
PCG_PREP o=47 rebuild=1 drift=0 previous_depth=1
FOLLOW_POINT o=47 mode=3 changed=64053 candidate=259497.3064523575 rho=-1 selected=0
ATTR_RADIUS o=47 raw_norm=24662.86980697947 norm=1612.6762948148353 radius=1612.676294814836 next_radius=1612.676294814836 lambda=4.0000000000000021e-08 next_lambda=4.0000000000000021e-08 rho=0.4493643876461702 accept=1
CLASSICAL_LM o=47 lambda=4.0000000000000021e-08 tau=4.0000000000000021e-08 prediction=80.173048403918273 rho=0.4493643876461702 accept=1
  MFCG it  48 cost=2.591072e+05 lam=4.000e-08 tau=0.00e+00 cg_it=0 shift=0 ckpt=1 alpha=0 acc mv=136
PCG_PREP o=48 rebuild=1 drift=0 previous_depth=1
FOLLOW_POINT o=48 mode=3 changed=64053 candidate=259462.85198739491 rho=-1 selected=0
ATTR_RADIUS o=48 raw_norm=24955.297972388598 norm=1612.6762948148362 radius=1612.676294814836 next_radius=1612.676294814836 lambda=4.0000000000000021e-08 next_lambda=4.0000000000000021e-08 rho=0.44026114280319667 accept=1
CLASSICAL_LM o=48 lambda=4.0000000000000021e-08 tau=4.0000000000000021e-08 prediction=78.11200344816443 rho=0.44026114280319667 accept=1
  MFCG it  49 cost=2.590728e+05 lam=4.000e-08 tau=0.00e+00 cg_it=0 shift=0 ckpt=1 alpha=0 acc mv=138
PCG_PREP o=49 rebuild=1 drift=0 previous_depth=1
FOLLOW_POINT o=49 mode=3 changed=64053 candidate=259429.84010266012 rho=-1 selected=0
ATTR_RADIUS o=49 raw_norm=25201.548736599172 norm=1612.6762948148362 radius=1612.676294814836 next_radius=1612.676294814836 lambda=4.0000000000000021e-08 next_lambda=4.0000000000000021e-08 rho=0.43171072563216933 accept=1
CLASSICAL_LM o=49 lambda=4.0000000000000021e-08 tau=4.0000000000000021e-08 prediction=76.336561287911863 rho=0.43171072563216933 accept=1
  MFCG it  50 cost=2.590399e+05 lam=4.000e-08 tau=0.00e+00 cg_it=0 shift=0 ckpt=1 alpha=0 acc mv=140
PCG_PREP o=50 rebuild=1 drift=0 previous_depth=1
FOLLOW_POINT o=50 mode=3 changed=64053 candidate=259398.08728334322 rho=-1 selected=0
ATTR_RADIUS o=50 raw_norm=25401.557033947978 norm=1612.6762948148353 radius=1612.676294814836 next_radius=1612.676294814836 lambda=4.0000000000000021e-08 next_lambda=4.0000000000000021e-08 rho=0.42376593391913331 accept=1
CLASSICAL_LM o=50 lambda=4.0000000000000021e-08 tau=4.0000000000000021e-08 prediction=74.813987126470053 rho=0.42376593391913331 accept=1
  MFCG it  51 cost=2.590082e+05 lam=4.000e-08 tau=0.00e+00 cg_it=0 shift=0 ckpt=1 alpha=0 acc mv=142
PCG_PREP o=51 rebuild=1 drift=0 previous_depth=1
FOLLOW_POINT o=51 mode=3 changed=64053 candidate=259367.42703526825 rho=-1 selected=0
ATTR_RADIUS o=51 raw_norm=25555.81805696588 norm=1612.676294814836 radius=1612.676294814836 next_radius=1612.676294814836 lambda=4.0000000000000021e-08 next_lambda=4.0000000000000021e-08 rho=0.41647718348615737 accept=1
CLASSICAL_LM o=51 lambda=4.0000000000000021e-08 tau=4.0000000000000021e-08 prediction=73.516263194824404 rho=0.41647718348615737 accept=1
  MFCG it  52 cost=2.589775e+05 lam=4.000e-08 tau=0.00e+00 cg_it=0 shift=0 ckpt=1 alpha=0 acc mv=144
PCG_PREP o=52 rebuild=1 drift=0 previous_depth=1
FOLLOW_POINT o=52 mode=3 changed=64053 candidate=259337.70680164261 rho=-1 selected=0
ATTR_RADIUS o=52 raw_norm=25665.132134521882 norm=1612.6762948148362 radius=1612.676294814836 next_radius=1612.676294814836 lambda=4.0000000000000021e-08 next_lambda=4.0000000000000021e-08 rho=0.40989253098015171 accept=1
CLASSICAL_LM o=52 lambda=4.0000000000000021e-08 tau=4.0000000000000021e-08 prediction=72.419404990271715 rho=0.40989253098015171 accept=1
  MFCG it  53 cost=2.589479e+05 lam=4.000e-08 tau=0.00e+00 cg_it=0 shift=0 ckpt=1 alpha=0 acc mv=146
PCG_PREP o=53 rebuild=1 drift=0 previous_depth=1
FOLLOW_POINT o=53 mode=3 changed=64053 candidate=259308.7857749082 rho=-1 selected=0
ATTR_RADIUS o=53 raw_norm=25730.731592699969 norm=1612.6762948148353 radius=1612.676294814836 next_radius=1612.676294814836 lambda=4.0000000000000021e-08 next_lambda=4.0000000000000021e-08 rho=0.4040536270068128 accept=1
CLASSICAL_LM o=53 lambda=4.0000000000000021e-08 tau=4.0000000000000021e-08 prediction=71.502372237970491 rho=0.4040536270068128 accept=1
  MFCG it  54 cost=2.589190e+05 lam=4.000e-08 tau=0.00e+00 cg_it=0 shift=0 ckpt=1 alpha=0 acc mv=148
PCG_PREP o=54 rebuild=1 drift=0 previous_depth=1
FOLLOW_POINT o=54 mode=3 changed=64053 candidate=259280.53369000601 rho=-1 selected=0
ATTR_RADIUS o=54 raw_norm=25754.134125716962 norm=1612.6762948148371 radius=1612.676294814836 next_radius=1612.676294814836 lambda=4.0000000000000021e-08 next_lambda=4.0000000000000021e-08 rho=0.39899297306505171 accept=1
CLASSICAL_LM o=54 lambda=4.0000000000000021e-08 tau=4.0000000000000021e-08 prediction=70.746335979133619 rho=0.39899297306505171 accept=1
  MFCG it  55 cost=2.588907e+05 lam=4.000e-08 tau=0.00e+00 cg_it=0 shift=0 ckpt=1 alpha=0 acc mv=150
PCG_PREP o=55 rebuild=1 drift=0 previous_depth=1
FOLLOW_POINT o=55 mode=3 changed=64053 candidate=259252.82922198749 rho=-1 selected=0
ATTR_RADIUS o=55 raw_norm=25737.121020537441 norm=1612.6762948148353 radius=1612.676294814836 next_radius=1612.676294814836 lambda=4.0000000000000021e-08 next_lambda=4.0000000000000021e-08 rho=0.39473670285820267 accept=1
CLASSICAL_LM o=55 lambda=4.0000000000000021e-08 tau=4.0000000000000021e-08 prediction=70.134704413864398 rho=0.39473670285820267 accept=1
  MFCG it  56 cost=2.588631e+05 lam=4.000e-08 tau=0.00e+00 cg_it=0 shift=0 ckpt=1 alpha=0 acc mv=152
PCG_PREP o=56 rebuild=1 drift=0 previous_depth=1
FOLLOW_POINT o=56 mode=3 changed=64053 candidate=259225.55918588242 rho=-1 selected=0
ATTR_RADIUS o=56 raw_norm=25681.688516296108 norm=1612.676294814836 radius=1612.676294814836 next_radius=1612.676294814836 lambda=4.0000000000000021e-08 next_lambda=4.0000000000000021e-08 rho=0.39130100746623753 accept=1
CLASSICAL_LM o=56 lambda=4.0000000000000021e-08 tau=4.0000000000000021e-08 prediction=69.652311286731177 rho=0.39130100746623753 accept=1
  MFCG it  57 cost=2.588358e+05 lam=4.000e-08 tau=0.00e+00 cg_it=0 shift=0 ckpt=1 alpha=0 acc mv=154
PCG_PREP o=57 rebuild=1 drift=0 previous_depth=1
FOLLOW_POINT o=57 mode=3 changed=64053 candidate=259198.61785538899 rho=-1 selected=0
ATTR_RADIUS o=57 raw_norm=25590.002371001079 norm=1612.6762948148353 radius=1612.676294814836 next_radius=1612.676294814836 lambda=4.0000000000000021e-08 next_lambda=4.0000000000000021e-08 rho=0.38869389092783535 accept=1
CLASSICAL_LM o=57 lambda=4.0000000000000021e-08 tau=4.0000000000000021e-08 prediction=69.285402571438595 rho=0.38869389092783535 accept=1
  MFCG it  58 cost=2.588089e+05 lam=4.000e-08 tau=0.00e+00 cg_it=0 shift=0 ckpt=1 alpha=0 acc mv=156
PCG_PREP o=58 rebuild=1 drift=0 previous_depth=1
FOLLOW_POINT o=58 mode=3 changed=64053 candidate=259171.90645958608 rho=-1 selected=0
ATTR_RADIUS o=58 raw_norm=25464.450110079495 norm=1612.6762948148353 radius=1612.676294814836 next_radius=1612.676294814836 lambda=4.0000000000000021e-08 next_lambda=4.0000000000000021e-08 rho=0.38691175366601255 accept=1
CLASSICAL_LM o=58 lambda=4.0000000000000021e-08 tau=4.0000000000000021e-08 prediction=69.020926005590709 rho=0.38691175366601255 accept=1
  MFCG it  59 cost=2.587822e+05 lam=4.000e-08 tau=0.00e+00 cg_it=0 shift=0 ckpt=1 alpha=0 acc mv=158
PCG_PREP o=59 rebuild=1 drift=0 previous_depth=1
FOLLOW_POINT o=59 mode=3 changed=64053 candidate=259145.3330073687 rho=-1 selected=0
ATTR_RADIUS o=59 raw_norm=25307.462164670484 norm=1612.6762948148355 radius=1612.676294814836 next_radius=1612.676294814836 lambda=4.0000000000000021e-08 next_lambda=4.0000000000000021e-08 rho=0.38594296917705023 accept=1
CLASSICAL_LM o=59 lambda=4.0000000000000021e-08 tau=4.0000000000000021e-08 prediction=68.846759349252565 rho=0.38594296917705023 accept=1
  MFCG it  60 cost=2.587556e+05 lam=4.000e-08 tau=0.00e+00 cg_it=0 shift=0 ckpt=1 alpha=0 acc mv=160
PCG_PREP o=60 rebuild=1 drift=0 previous_depth=1
FOLLOW_POINT o=60 mode=3 changed=64053 candidate=259118.81194475974 rho=-1 selected=0
ATTR_RADIUS o=60 raw_norm=25121.612228630496 norm=1612.676294814836 radius=1612.676294814836 next_radius=1612.676294814836 lambda=4.0000000000000021e-08 next_lambda=4.0000000000000021e-08 rho=0.3857684332637088 accept=1
CLASSICAL_LM o=60 lambda=4.0000000000000021e-08 tau=4.0000000000000021e-08 prediction=68.751532376859231 rho=0.3857684332637088 accept=1
  MFCG it  61 cost=2.587291e+05 lam=4.000e-08 tau=0.00e+00 cg_it=0 shift=0 ckpt=1 alpha=0 acc mv=162
PCG_PREP o=61 rebuild=1 drift=0 previous_depth=1
FOLLOW_POINT o=61 mode=3 changed=64053 candidate=259092.26409214124 rho=-1 selected=0
ATTR_RADIUS o=61 raw_norm=24909.457920536399 norm=1612.6762948148355 radius=1612.676294814836 next_radius=1612.676294814836 lambda=4.0000000000000021e-08 next_lambda=4.0000000000000021e-08 rho=0.38636084522876069 accept=1
CLASSICAL_LM o=61 lambda=4.0000000000000021e-08 tau=4.0000000000000021e-08 prediction=68.724313609106076 rho=0.38636084522876069 accept=1
  MFCG it  62 cost=2.587025e+05 lam=4.000e-08 tau=0.00e+00 cg_it=0 shift=0 ckpt=1 alpha=0 acc mv=164
PCG_PREP o=62 rebuild=1 drift=0 previous_depth=1
FOLLOW_POINT o=62 mode=3 changed=64053 candidate=259065.61646744621 rho=-1 selected=0
ATTR_RADIUS o=62 raw_norm=24673.669635210837 norm=1612.6762948148362 radius=1612.676294814836 next_radius=1612.676294814836 lambda=4.0000000000000021e-08 next_lambda=4.0000000000000021e-08 rho=0.38768630235596874 accept=1
CLASSICAL_LM o=62 lambda=4.0000000000000021e-08 tau=4.0000000000000021e-08 prediction=68.754594789280546 rho=0.38768630235596874 accept=1
  MFCG it  63 cost=2.586759e+05 lam=4.000e-08 tau=0.00e+00 cg_it=0 shift=0 ckpt=1 alpha=0 acc mv=166
PCG_PREP o=63 rebuild=1 drift=0 previous_depth=1
FOLLOW_POINT o=63 mode=3 changed=64053 candidate=259038.80269849638 rho=-1 selected=0
ATTR_RADIUS o=63 raw_norm=24416.928137413004 norm=1612.6762948148362 radius=1612.676294814836 next_radius=1612.676294814836 lambda=4.0000000000000021e-08 next_lambda=4.0000000000000021e-08 rho=0.38970516083280926 accept=1
CLASSICAL_LM o=63 lambda=4.0000000000000021e-08 tau=4.0000000000000021e-08 prediction=68.832222449593047 rho=0.38970516083280926 accept=1
  MFCG it  64 cost=2.586490e+05 lam=4.000e-08 tau=0.00e+00 cg_it=0 shift=0 ckpt=1 alpha=0 acc mv=168
PCG_PREP o=64 rebuild=1 drift=0 previous_depth=1
FOLLOW_POINT o=64 mode=3 changed=64053 candidate=259011.76246222557 rho=-1 selected=0
ATTR_RADIUS o=64 raw_norm=24141.784000019714 norm=1612.6762948148355 radius=1612.676294814836 next_radius=1612.676294814836 lambda=4.0000000000000021e-08 next_lambda=4.0000000000000021e-08 rho=0.39237598780133326 accept=1
CLASSICAL_LM o=64 lambda=4.0000000000000021e-08 tau=4.0000000000000021e-08 prediction=68.947686751277743 rho=0.39237598780133326 accept=1
  MFCG it  65 cost=2.586220e+05 lam=4.000e-08 tau=0.00e+00 cg_it=0 shift=0 ckpt=1 alpha=0 acc mv=170
PCG_PREP o=65 rebuild=1 drift=0 previous_depth=1
FOLLOW_POINT o=65 mode=3 changed=64053 candidate=258984.44203271298 rho=-1 selected=0
ATTR_RADIUS o=65 raw_norm=23850.837934651921 norm=1612.6762948148355 radius=1612.676294814836 next_radius=1612.676294814836 lambda=4.0000000000000021e-08 next_lambda=4.0000000000000021e-08 rho=0.39564969872299449 accept=1
CLASSICAL_LM o=65 lambda=4.0000000000000021e-08 tau=4.0000000000000021e-08 prediction=69.091249127164701 rho=0.39564969872299449 accept=1
  MFCG it  66 cost=2.585947e+05 lam=4.000e-08 tau=0.00e+00 cg_it=0 shift=0 ckpt=1 alpha=0 acc mv=172
PCG_PREP o=66 rebuild=1 drift=0 previous_depth=1
FOLLOW_POINT o=66 mode=3 changed=64053 candidate=258956.79375652203 rho=-1 selected=0
ATTR_RADIUS o=66 raw_norm=23546.568603612177 norm=1612.6762948148362 radius=1612.676294814836 next_radius=1612.676294814836 lambda=4.0000000000000021e-08 next_lambda=4.0000000000000021e-08 rho=0.39948265942510414 accept=1
CLASSICAL_LM o=66 lambda=4.0000000000000021e-08 tau=4.0000000000000021e-08 prediction=69.254433393110745 rho=0.39948265942510414 accept=1
  MFCG it  67 cost=2.585670e+05 lam=4.000e-08 tau=0.00e+00 cg_it=0 shift=0 ckpt=1 alpha=0 acc mv=174
PCG_PREP o=67 rebuild=1 drift=0 previous_depth=1
FOLLOW_POINT o=67 mode=3 changed=64053 candidate=258928.77645695201 rho=-1 selected=0
ATTR_RADIUS o=67 raw_norm=23231.391076380081 norm=1612.6762948148364 radius=1612.676294814836 next_radius=1612.676294814836 lambda=4.0000000000000021e-08 next_lambda=4.0000000000000021e-08 rho=0.40382435280191192 accept=1
CLASSICAL_LM o=67 lambda=4.0000000000000021e-08 tau=4.0000000000000021e-08 prediction=69.428359013467642 rho=0.40382435280191192 accept=1
  MFCG it  68 cost=2.585390e+05 lam=4.000e-08 tau=0.00e+00 cg_it=0 shift=0 ckpt=1 alpha=0 acc mv=176
PCG_PREP o=68 rebuild=1 drift=0 previous_depth=1
FOLLOW_POINT o=68 mode=3 changed=64053 candidate=258900.35504201284 rho=-1 selected=0
ATTR_RADIUS o=68 raw_norm=22907.601735849261 norm=1612.6762948148364 radius=1612.676294814836 next_radius=1612.676294814836 lambda=4.0000000000000021e-08 next_lambda=4.0000000000000021e-08 rho=0.40862889124602431 accept=1
CLASSICAL_LM o=68 lambda=4.0000000000000021e-08 tau=4.0000000000000021e-08 prediction=69.605115040519195 rho=0.40862889124602431 accept=1
  MFCG it  69 cost=2.585105e+05 lam=4.000e-08 tau=0.00e+00 cg_it=0 shift=0 ckpt=1 alpha=0 acc mv=178
PCG_PREP o=69 rebuild=1 drift=0 previous_depth=1
FOLLOW_POINT o=69 mode=3 changed=64053 candidate=258871.50055753073 rho=-1 selected=0
ATTR_RADIUS o=69 raw_norm=22577.40067560233 norm=1612.6762948148355 radius=1612.676294814836 next_radius=1612.676294814836 lambda=4.0000000000000021e-08 next_lambda=4.0000000000000021e-08 rho=0.41384870764851545 accept=1
CLASSICAL_LM o=69 lambda=4.0000000000000021e-08 tau=4.0000000000000021e-08 prediction=69.776884168532675 rho=0.41384870764851545 accept=1
  MFCG it  70 cost=2.584816e+05 lam=4.000e-08 tau=0.00e+00 cg_it=0 shift=0 ckpt=1 alpha=0 acc mv=180
PCG_PREP o=70 rebuild=1 drift=0 previous_depth=1
FOLLOW_POINT o=70 mode=3 changed=64053 candidate=258842.18989844609 rho=-1 selected=0
ATTR_RADIUS o=70 raw_norm=22242.814249966887 norm=1612.6762948148353 radius=1612.676294814836 next_radius=1612.676294814836 lambda=4.0000000000000021e-08 next_lambda=4.0000000000000021e-08 rho=0.4194417945488576 accept=1
CLASSICAL_LM o=70 lambda=4.0000000000000021e-08 tau=4.0000000000000021e-08 prediction=69.936818457378621 rho=0.4194417945488576 accept=1
  MFCG it  71 cost=2.584523e+05 lam=4.000e-08 tau=0.00e+00 cg_it=0 shift=0 ckpt=1 alpha=0 acc mv=182
PCG_PREP o=71 rebuild=1 drift=0 previous_depth=1
FOLLOW_POINT o=71 mode=3 changed=64053 candidate=258812.40578332075 rho=-1 selected=0
ATTR_RADIUS o=71 raw_norm=21905.792390614057 norm=1612.6762948148355 radius=1612.676294814836 next_radius=1612.676294814836 lambda=4.0000000000000021e-08 next_lambda=4.0000000000000021e-08 rho=0.42536467146944179 accept=1
CLASSICAL_LM o=71 lambda=4.0000000000000021e-08 tau=4.0000000000000021e-08 prediction=70.078114362457256 rho=0.42536467146944179 accept=1
  MFCG it  72 cost=2.584225e+05 lam=4.000e-08 tau=0.00e+00 cg_it=0 shift=0 ckpt=1 alpha=0 acc mv=184
PCG_PREP o=72 rebuild=1 drift=0 previous_depth=1
FOLLOW_POINT o=72 mode=3 changed=64053 candidate=258782.13622372135 rho=-1 selected=0
ATTR_RADIUS o=72 raw_norm=21568.124719318304 norm=1612.6762948148355 radius=1612.676294814836 next_radius=1612.676294814836 lambda=4.0000000000000021e-08 next_lambda=4.0000000000000021e-08 rho=0.43158050733797709 accept=1
CLASSICAL_LM o=72 lambda=4.0000000000000021e-08 tau=4.0000000000000021e-08 prediction=70.195056559732834 rho=0.43158050733797709 accept=1
  MFCG it  73 cost=2.583922e+05 lam=4.000e-08 tau=0.00e+00 cg_it=0 shift=0 ckpt=1 alpha=0 acc mv=186
PCG_PREP o=73 rebuild=1 drift=0 previous_depth=1
FOLLOW_POINT o=73 mode=3 changed=64053 candidate=258751.37402071443 rho=-1 selected=0
ATTR_RADIUS o=73 raw_norm=21231.321955903986 norm=1612.6762948148357 radius=1612.676294814836 next_radius=1612.676294814836 lambda=4.0000000000000021e-08 next_lambda=4.0000000000000021e-08 rho=0.43805838242611211 accept=1
CLASSICAL_LM o=73 lambda=4.0000000000000021e-08 tau=4.0000000000000021e-08 prediction=70.282904492963169 rho=0.43805838242611211 accept=1
  MFCG it  74 cost=2.583614e+05 lam=4.000e-08 tau=0.00e+00 cg_it=0 shift=0 ckpt=1 alpha=0 acc mv=188
PCG_PREP o=74 rebuild=1 drift=0 previous_depth=1
FOLLOW_POINT o=74 mode=3 changed=64053 candidate=258720.11689099 rho=-1 selected=0
ATTR_RADIUS o=74 raw_norm=20897.079922413453 norm=1612.6762948148364 radius=1612.676294814836 next_radius=1612.676294814836 lambda=4.0000000000000021e-08 next_lambda=4.0000000000000021e-08 rho=0.44476207929990175 accept=1
CLASSICAL_LM o=74 lambda=4.0000000000000021e-08 tau=4.0000000000000021e-08 prediction=70.336438030598572 rho=0.44476207929990175 accept=1
  MFCG it  75 cost=2.583301e+05 lam=4.000e-08 tau=0.00e+00 cg_it=0 shift=0 ckpt=1 alpha=0 acc mv=190
PCG_PREP o=75 rebuild=1 drift=0 previous_depth=1
FOLLOW_POINT o=75 mode=3 changed=64053 candidate=258688.36674861726 rho=-1 selected=0
ATTR_RADIUS o=75 raw_norm=20566.623942564416 norm=1612.6762948148357 radius=1612.676294814836 next_radius=1612.676294814836 lambda=4.0000000000000021e-08 next_lambda=4.0000000000000021e-08 rho=0.45166873415436715 accept=1
CLASSICAL_LM o=75 lambda=4.0000000000000021e-08 tau=4.0000000000000021e-08 prediction=70.352480887865255 rho=0.45166873415436715 accept=1
  MFCG it  76 cost=2.582983e+05 lam=4.000e-08 tau=0.00e+00 cg_it=0 shift=0 ckpt=1 alpha=0 acc mv=192
PCG_PREP o=76 rebuild=1 drift=0 previous_depth=1
FOLLOW_POINT o=76 mode=3 changed=64053 candidate=258656.12911978236 rho=-1 selected=0
ATTR_RADIUS o=76 raw_norm=20241.211897480331 norm=1612.676294814836 radius=1612.676294814836 next_radius=1612.676294814836 lambda=4.0000000000000021e-08 next_lambda=4.0000000000000021e-08 rho=0.45875437474917424 accept=1
CLASSICAL_LM o=76 lambda=4.0000000000000021e-08 tau=4.0000000000000021e-08 prediction=70.327949497128046 rho=0.45875437474917424 accept=1
  MFCG it  77 cost=2.582661e+05 lam=4.000e-08 tau=0.00e+00 cg_it=0 shift=0 ckpt=1 alpha=0 acc mv=194
PCG_PREP o=77 rebuild=1 drift=0 previous_depth=1
FOLLOW_POINT o=77 mode=3 changed=64053 candidate=258623.4126875629 rho=-1 selected=0
ATTR_RADIUS o=77 raw_norm=19921.926660060028 norm=1612.6762948148348 radius=1612.676294814836 next_radius=1612.676294814836 lambda=4.0000000000000021e-08 next_lambda=4.0000000000000021e-08 rho=0.46600056725979172 accept=1
CLASSICAL_LM o=77 lambda=4.0000000000000021e-08 tau=4.0000000000000021e-08 prediction=70.260792735706573 rho=0.46600056725979172 accept=1
  MFCG it  78 cost=2.582333e+05 lam=4.000e-08 tau=0.00e+00 cg_it=0 shift=0 ckpt=1 alpha=0 acc mv=196
PCG_PREP o=78 rebuild=1 drift=0 previous_depth=1
FOLLOW_POINT o=78 mode=3 changed=64053 candidate=258590.22890480477 rho=-1 selected=0
ATTR_RADIUS o=78 raw_norm=19609.728228376182 norm=1612.6762948148362 radius=1612.676294814836 next_radius=1612.676294814836 lambda=4.0000000000000021e-08 next_lambda=4.0000000000000021e-08 rho=0.47339202484131226 accept=1
CLASSICAL_LM o=78 lambda=4.0000000000000021e-08 tau=4.0000000000000021e-08 prediction=70.149683588692724 rho=0.47339202484131226 accept=1
  MFCG it  79 cost=2.582001e+05 lam=4.000e-08 tau=0.00e+00 cg_it=0 shift=0 ckpt=1 alpha=0 acc mv=198
PCG_PREP o=79 rebuild=1 drift=0 previous_depth=1
FOLLOW_POINT o=79 mode=3 changed=64053 candidate=258556.59145277008 rho=-1 selected=0
ATTR_RADIUS o=79 raw_norm=19305.533697766859 norm=1612.6762948148362 radius=1612.676294814836 next_radius=1612.676294814836 lambda=4.0000000000000021e-08 next_lambda=4.0000000000000021e-08 rho=0.48091489371136392 accept=1
CLASSICAL_LM o=79 lambda=4.0000000000000021e-08 tau=4.0000000000000021e-08 prediction=69.993813079115768 rho=0.48091489371136392 accept=1
  MFCG it  80 cost=2.581665e+05 lam=4.000e-08 tau=0.00e+00 cg_it=0 shift=0 ckpt=1 alpha=0 acc mv=200
PCG_PREP o=80 rebuild=1 drift=0 previous_depth=1
FOLLOW_POINT o=80 mode=3 changed=64053 candidate=258522.51543807017 rho=-1 selected=0
ATTR_RADIUS o=80 raw_norm=19010.012601750415 norm=1612.6762948148366 radius=1612.676294814836 next_radius=1612.676294814836 lambda=4.0000000000000021e-08 next_lambda=4.0000000000000021e-08 rho=0.48856284499513564 accept=1
CLASSICAL_LM o=80 lambda=4.0000000000000021e-08 tau=4.0000000000000021e-08 prediction=69.793757474345938 rho=0.48856284499513564 accept=1
  MFCG it  81 cost=2.581324e+05 lam=4.000e-08 tau=0.00e+00 cg_it=0 shift=0 ckpt=1 alpha=0 acc mv=202
PCG_PREP o=81 rebuild=1 drift=0 previous_depth=1
FOLLOW_POINT o=81 mode=3 changed=64053 candidate=258488.01721143632 rho=-1 selected=0
ATTR_RADIUS o=81 raw_norm=18723.851649372948 norm=1612.6762948148362 radius=1612.676294814836 next_radius=1612.676294814836 lambda=4.0000000000000021e-08 next_lambda=4.0000000000000021e-08 rho=0.49632772380387646 accept=1
CLASSICAL_LM o=81 lambda=4.0000000000000021e-08 tau=4.0000000000000021e-08 prediction=69.55013719086466 rho=0.49632772380387646 accept=1
  MFCG it  82 cost=2.580979e+05 lam=4.000e-08 tau=0.00e+00 cg_it=0 shift=0 ckpt=1 alpha=0 acc mv=204
PCG_PREP o=82 rebuild=1 drift=0 previous_depth=1
FOLLOW_POINT o=82 mode=3 changed=64053 candidate=258453.11377608252 rho=-1 selected=0
ATTR_RADIUS o=82 raw_norm=18447.603767974237 norm=1612.6762948148362 radius=1612.676294814836 next_radius=1612.676294814836 lambda=4.0000000000000021e-08 next_lambda=4.0000000000000021e-08 rho=0.50420503281216811 accept=1
CLASSICAL_LM o=82 lambda=4.0000000000000021e-08 tau=4.0000000000000021e-08 prediction=69.264455969664894 rho=0.50420503281216811 accept=1
  MFCG it  83 cost=2.580629e+05 lam=4.000e-08 tau=0.00e+00 cg_it=0 shift=0 ckpt=1 alpha=0 acc mv=206
PCG_PREP o=83 rebuild=1 drift=0 previous_depth=1
FOLLOW_POINT o=83 mode=3 changed=64053 candidate=258417.82220774377 rho=-1 selected=0
ATTR_RADIUS o=83 raw_norm=18181.666767726703 norm=1612.6762948148362 radius=1612.676294814836 next_radius=1612.676294814836 lambda=4.0000000000000021e-08 next_lambda=4.0000000000000021e-08 rho=0.51219395384099609 accept=1
CLASSICAL_LM o=83 lambda=4.0000000000000021e-08 tau=4.0000000000000021e-08 prediction=68.939068330394946 rho=0.51219395384099609 accept=1
  MFCG it  84 cost=2.580276e+05 lam=4.000e-08 tau=0.00e+00 cg_it=0 shift=0 ckpt=1 alpha=0 acc mv=208
PCG_PREP o=84 rebuild=1 drift=0 previous_depth=1
FOLLOW_POINT o=84 mode=3 changed=64053 candidate=258382.15911074026 rho=-1 selected=0
ATTR_RADIUS o=84 raw_norm=17926.429704450144 norm=1612.6762948148362 radius=1612.676294814836 next_radius=1612.676294814836 lambda=4.0000000000000021e-08 next_lambda=4.0000000000000021e-08 rho=0.52029430575592361 accept=1
CLASSICAL_LM o=84 lambda=4.0000000000000021e-08 tau=4.0000000000000021e-08 prediction=68.576737511111759 rho=0.52029430575592361 accept=1
  MFCG it  85 cost=2.579919e+05 lam=4.000e-08 tau=0.00e+00 cg_it=0 shift=0 ckpt=1 alpha=0 acc mv=210
PCG_PREP o=85 rebuild=1 drift=0 previous_depth=1
FOLLOW_POINT o=85 mode=3 changed=64053 candidate=258346.14038119579 rho=-1 selected=0
ATTR_RADIUS o=85 raw_norm=17682.082116867659 norm=1612.6762948148355 radius=1612.676294814836 next_radius=1612.676294814836 lambda=4.0000000000000021e-08 next_lambda=4.0000000000000021e-08 rho=0.52850745876328786 accept=1
CLASSICAL_LM o=85 lambda=4.0000000000000021e-08 tau=4.0000000000000021e-08 prediction=68.180724867046976 rho=0.52850745876328786 accept=1
  MFCG it  86 cost=2.579559e+05 lam=4.000e-08 tau=0.00e+00 cg_it=0 shift=0 ckpt=1 alpha=0 acc mv=212
PCG_PREP o=86 rebuild=1 drift=0 previous_depth=1
FOLLOW_POINT o=86 mode=3 changed=64053 candidate=258309.78106201542 rho=-1 selected=0
ATTR_RADIUS o=86 raw_norm=17448.924544798043 norm=1612.6762948148355 radius=1612.676294814836 next_radius=1612.676294814836 lambda=4.0000000000000021e-08 next_lambda=4.0000000000000021e-08 rho=0.53683311521457544 accept=1
CLASSICAL_LM o=86 lambda=4.0000000000000021e-08 tau=4.0000000000000021e-08 prediction=67.754356772002438 rho=0.53683311521457544 accept=1
  MFCG it  87 cost=2.579195e+05 lam=4.000e-08 tau=0.00e+00 cg_it=0 shift=0 ckpt=1 alpha=0 acc mv=214
PCG_PREP o=87 rebuild=1 drift=0 previous_depth=1
FOLLOW_POINT o=87 mode=3 changed=64053 candidate=258273.0944481199 rho=-1 selected=0
ATTR_RADIUS o=87 raw_norm=17226.940700883366 norm=1612.676294814836 radius=1612.676294814836 next_radius=1612.676294814836 lambda=4.0000000000000021e-08 next_lambda=4.0000000000000021e-08 rho=0.54527635128044072 accept=1
CLASSICAL_LM o=87 lambda=4.0000000000000021e-08 tau=4.0000000000000021e-08 prediction=67.302016603352982 rho=0.54527635128044072 accept=1
  MFCG it  88 cost=2.578828e+05 lam=4.000e-08 tau=0.00e+00 cg_it=0 shift=0 ckpt=1 alpha=0 acc mv=216
PCG_PREP o=88 rebuild=1 drift=0 previous_depth=1
FOLLOW_POINT o=88 mode=3 changed=64053 candidate=258236.09228627358 rho=-1 selected=0
ATTR_RADIUS o=88 raw_norm=17016.190092906563 norm=1612.6762948148366 radius=1612.676294814836 next_radius=1612.676294814836 lambda=4.0000000000000021e-08 next_lambda=4.0000000000000021e-08 rho=0.55383851712904719 accept=1
CLASSICAL_LM o=88 lambda=4.0000000000000021e-08 tau=4.0000000000000021e-08 prediction=66.827718846165723 rho=0.55383851712904719 accept=1
  MFCG it  89 cost=2.578458e+05 lam=4.000e-08 tau=0.00e+00 cg_it=0 shift=0 ckpt=1 alpha=0 acc mv=218
PCG_PREP o=89 rebuild=1 drift=0 previous_depth=1
FOLLOW_POINT o=89 mode=3 changed=64053 candidate=258198.78451359016 rho=-1 selected=0
ATTR_RADIUS o=89 raw_norm=16816.535685719868 norm=1612.6762948148369 radius=1612.676294814836 next_radius=1612.676294814836 lambda=4.0000000000000021e-08 next_lambda=4.0000000000000021e-08 rho=0.56252149807756113 accept=1
CLASSICAL_LM o=89 lambda=4.0000000000000021e-08 tau=4.0000000000000021e-08 prediction=66.33577955758048 rho=0.56252149807756113 accept=1
  MFCG it  90 cost=2.578085e+05 lam=4.000e-08 tau=0.00e+00 cg_it=0 shift=0 ckpt=1 alpha=0 acc mv=220
PCG_PREP o=90 rebuild=1 drift=0 previous_depth=1
FOLLOW_POINT o=90 mode=3 changed=64053 candidate=258161.17915050959 rho=-1 selected=0
ATTR_RADIUS o=90 raw_norm=16627.861711985246 norm=1612.676294814836 radius=1612.676294814836 next_radius=1612.676294814836 lambda=4.0000000000000021e-08 next_lambda=4.0000000000000021e-08 rho=0.57132630696753572 accept=1
CLASSICAL_LM o=90 lambda=4.0000000000000021e-08 tau=4.0000000000000021e-08 prediction=65.830537810840823 rho=0.57132630696753572 accept=1
  MFCG it  91 cost=2.577709e+05 lam=4.000e-08 tau=0.00e+00 cg_it=0 shift=0 ckpt=1 alpha=0 acc mv=222
PCG_PREP o=91 rebuild=1 drift=0 previous_depth=1
FOLLOW_POINT o=91 mode=3 changed=64053 candidate=258123.28217405963 rho=-1 selected=0
ATTR_RADIUS o=91 raw_norm=16449.779392708315 norm=1612.6762948148364 radius=1612.676294814836 next_radius=1612.676294814836 lambda=4.0000000000000021e-08 next_lambda=4.0000000000000021e-08 rho=0.58025370226177753 accept=1
CLASSICAL_LM o=91 lambda=4.0000000000000021e-08 tau=4.0000000000000021e-08 prediction=65.316431127627652 rho=0.58025370226177753 accept=1
  MFCG it  92 cost=2.577330e+05 lam=4.000e-08 tau=0.00e+00 cg_it=0 shift=0 ckpt=1 alpha=0 acc mv=224
PCG_PREP o=92 rebuild=1 drift=0 previous_depth=1
FOLLOW_POINT o=92 mode=3 changed=64053 candidate=258085.09747918736 rho=-1 selected=0
ATTR_RADIUS o=92 raw_norm=16281.815618820294 norm=1612.676294814836 radius=1612.676294814836 next_radius=1612.676294814836 lambda=4.0000000000000021e-08 next_lambda=4.0000000000000021e-08 rho=0.58930239398411255 accept=1
CLASSICAL_LM o=92 lambda=4.0000000000000021e-08 tau=4.0000000000000021e-08 prediction=64.797634762540142 rho=0.58930239398411255 accept=1
  MFCG it  93 cost=2.576948e+05 lam=4.000e-08 tau=0.00e+00 cg_it=0 shift=0 ckpt=1 alpha=0 acc mv=226
PCG_PREP o=93 rebuild=1 drift=0 previous_depth=1
FOLLOW_POINT o=93 mode=3 changed=64053 candidate=257429.14678318729 rho=-1 selected=0
ATTR_RADIUS o=93 raw_norm=8974.4035521459064 norm=1612.6762948148364 radius=1612.676294814836 next_radius=3225.3525896296719 lambda=4.0000000000000021e-08 next_lambda=1.0000000000000005e-08 rho=0.99487436901227111 accept=1
CLASSICAL_LM o=93 lambda=4.0000000000000021e-08 tau=4.0000000000000021e-08 prediction=518.89570898863076 rho=0.99487436901227111 accept=1
  MFCG it  94 cost=2.571786e+05 lam=1.000e-08 tau=0.00e+00 cg_it=1 shift=0 ckpt=2 alpha=0 acc mv=229
PCG_PREP o=94 rebuild=1 drift=0 previous_depth=2
FOLLOW_POINT o=94 mode=3 changed=64053 candidate=259975.11436153349 rho=-1 selected=0
ATTR_RADIUS o=94 raw_norm=9302.9520819046884 norm=3225.3525896296719 radius=3225.3525896296719 next_radius=6450.7051792593438 lambda=1.0000000000000005e-08 next_lambda=2.5000000000000013e-09 rho=0.92236798769143358 accept=1
CLASSICAL_LM o=94 lambda=1.0000000000000005e-08 tau=1.0000000000000005e-08 prediction=732.49448444646998 rho=0.92236798769143358 accept=1
  MFCG it  95 cost=2.565029e+05 lam=2.500e-09 tau=0.00e+00 cg_it=1 shift=0 ckpt=2 alpha=0 acc mv=232
PCG_PREP o=95 rebuild=1 drift=0 previous_depth=2
POINT_SAFE o=95 frozen=1098 slope=-77.533672164531325 candidate=256928.63968693482 original=256466.36814339741 current=256502.94827817651 won=0 mode=1 camera_scale=1 keep_scale=0
FOLLOW_POINT o=95 mode=3 changed=64053 candidate=256872.9093524788 rho=-1 selected=0
ATTR_RADIUS o=95 raw_norm=154197.65323625164 norm=1612.6762948148366 radius=6450.7051792593438 next_radius=6450.7051792593438 lambda=2.5000000000000013e-09 next_lambda=2.5000000000000012e-10 rho=0.61103154104896829 accept=1
CLASSICAL_LM o=95 lambda=2.5000000000000013e-09 tau=2.5000000000000013e-09 prediction=59.866197277313539 rho=0.61103154104896829 accept=1
  MFCG it  96 cost=2.564664e+05 lam=2.500e-10 tau=0.00e+00 cg_it=0 shift=0 ckpt=1 alpha=0 acc mv=234
PCG_PREP o=96 rebuild=1 drift=0 previous_depth=1
POINT_SAFE o=96 frozen=441 slope=-55.189900259687683 candidate=256943.63668917783 original=256460.91574592786 current=256466.36814339741 won=0 mode=1 camera_scale=1 keep_scale=0
FOLLOW_POINT o=96 mode=3 changed=64053 candidate=256493.28349634071 rho=-1 selected=0
ATTR_RADIUS o=96 raw_norm=194078.16595421228 norm=806.33814740741821 radius=6450.7051792593438 next_radius=6450.7051792593438 lambda=2.5000000000000012e-10 next_lambda=2.5000000000000014e-11 rho=0.52489235172459159 accept=1
CLASSICAL_LM o=96 lambda=2.5000000000000012e-10 tau=2.5000000000000012e-10 prediction=10.387648918169841 rho=0.52489235172459159 accept=1
  MFCG it  97 cost=2.564609e+05 lam=2.500e-11 tau=0.00e+00 cg_it=0 shift=0 ckpt=1 alpha=0 acc mv=236
PCG_PREP o=97 rebuild=1 drift=0 previous_depth=1
POINT_SAFE o=97 frozen=393 slope=-47.478976734308148 candidate=256951.6297106072 original=256458.30607840422 current=256460.91574592786 won=0 mode=1 camera_scale=1 keep_scale=0
FOLLOW_POINT o=97 mode=3 changed=64053 candidate=256490.87058032342 rho=-1 selected=0
ATTR_RADIUS o=97 raw_norm=197645.96783805982 norm=806.33814740741775 radius=6450.7051792593438 next_radius=6450.7051792593438 lambda=2.5000000000000014e-11 next_lambda=2.5000000000000015e-12 rho=0.34442544140704695 accept=1
CLASSICAL_LM o=97 lambda=2.5000000000000014e-11 tau=2.5000000000000014e-11 prediction=7.5768721177699412 rho=0.34442544140704695 accept=1
  MFCG it  98 cost=2.564583e+05 lam=2.500e-12 tau=0.00e+00 cg_it=0 shift=0 ckpt=1 alpha=0 acc mv=238
PCG_PREP o=98 rebuild=1 drift=0 previous_depth=1
POINT_SAFE o=98 frozen=348 slope=-50.964005211066699 candidate=256959.24689958806 original=256457.33494497687 current=256458.30607840422 won=0 mode=1 camera_scale=1 keep_scale=0
FOLLOW_POINT o=98 mode=3 changed=64053 candidate=256490.07267640479 rho=-1 selected=0
ATTR_RADIUS o=98 raw_norm=193917.437019795 norm=806.33814740741752 radius=6450.7051792593438 next_radius=1612.676294814836 lambda=2.5000000000000015e-12 next_lambda=4.0000000000000023e-11 rho=0.16007597692442252 accept=1
CLASSICAL_LM o=98 lambda=2.5000000000000015e-12 tau=2.5000000000000015e-12 prediction=6.0667031118835535 rho=0.16007597692442252 accept=1
  MFCG it  99 cost=2.564573e+05 lam=4.000e-11 tau=0.00e+00 cg_it=0 shift=0 ckpt=1 alpha=0 acc mv=240
PCG_PREP o=99 rebuild=1 drift=0 previous_depth=1
POINT_SAFE o=99 frozen=22 slope=-34.798800062932273 candidate=256460.2543815581 original=256451.05337372934 current=256457.33494497687 won=0 mode=1 camera_scale=1 keep_scale=0
FOLLOW_POINT o=99 mode=3 changed=64053 candidate=256477.48364322897 rho=-1 selected=0
ATTR_RADIUS o=99 raw_norm=188179.63959515016 norm=806.33814740741809 radius=1612.676294814836 next_radius=1612.676294814836 lambda=4.0000000000000023e-11 next_lambda=4.0000000000000023e-12 rho=0.46807408979757847 accept=1
CLASSICAL_LM o=99 lambda=4.0000000000000023e-11 tau=4.0000000000000023e-11 prediction=13.420036238801666 rho=0.46807408979757847 accept=1
  MFCG it 100 cost=2.564511e+05 lam=4.000e-12 tau=0.00e+00 cg_it=0 shift=0 ckpt=1 alpha=0 acc mv=242
PCG_PREP o=100 rebuild=1 drift=0 previous_depth=1
POINT_SAFE o=100 frozen=30 slope=-24.108707484885052 candidate=256455.74813692094 original=256447.51647657814 current=256451.05337372934 won=0 mode=1 camera_scale=1 keep_scale=0
FOLLOW_POINT o=100 mode=3 changed=64053 candidate=256472.21486262837 rho=-1 selected=0
ATTR_RADIUS o=100 raw_norm=189136.45240128067 norm=806.33814740741809 radius=1612.676294814836 next_radius=1612.676294814836 lambda=4.0000000000000023e-12 next_lambda=4.0000000000000026e-13 rho=0.37475331769280545 accept=1
CLASSICAL_LM o=100 lambda=4.0000000000000023e-12 tau=4.0000000000000023e-12 prediction=9.4379341935709498 rho=0.37475331769280545 accept=1
  MFCG it 101 cost=2.564475e+05 lam=4.000e-13 tau=0.00e+00 cg_it=0 shift=0 ckpt=1 alpha=0 acc mv=244
PCG_PREP o=101 rebuild=1 drift=0 previous_depth=1
FOLLOW_POINT o=101 mode=3 changed=64053 candidate=256830.24218170272 rho=-1 selected=0
ATTR_RADIUS o=101 raw_norm=190393.78221737238 norm=1612.676294814836 radius=1612.676294814836 next_radius=1612.676294814836 lambda=4.0000000000000026e-13 next_lambda=4.0000000000000026e-13 rho=0.27165545544356323 accept=1
CLASSICAL_LM o=101 lambda=4.0000000000000026e-13 tau=4.0000000000000026e-13 prediction=15.955804335124384 rho=0.27165545544356323 accept=1
  MFCG it 102 cost=2.564432e+05 lam=4.000e-13 tau=0.00e+00 cg_it=0 shift=0 ckpt=1 alpha=0 acc mv=246
PCG_PREP o=102 rebuild=1 drift=0 previous_depth=1
FOLLOW_POINT o=102 mode=3 changed=64053 candidate=256804.49553976534 rho=-1 selected=0
ATTR_RADIUS o=102 raw_norm=194249.17021291173 norm=1612.6762948148364 radius=1612.676294814836 next_radius=3225.3525896296719 lambda=4.0000000000000026e-13 next_lambda=1.0000000000000007e-13 rho=1.0348213526508971 accept=1
CLASSICAL_LM o=102 lambda=4.0000000000000026e-13 tau=4.0000000000000026e-13 prediction=30.024312122196857 rho=1.0348213526508971 accept=1
  MFCG it 103 cost=2.564121e+05 lam=1.000e-13 tau=0.00e+00 cg_it=0 shift=0 ckpt=1 alpha=0 acc mv=248
PCG_PREP o=103 rebuild=1 drift=0 previous_depth=1
POINT_SAFE o=103 frozen=86 slope=-58.219210675659696 candidate=256497.11644918303 original=256405.6244390895 current=256412.11219600181 won=0 mode=1 camera_scale=1 keep_scale=0
FOLLOW_POINT o=103 mode=3 changed=64053 candidate=256444.60740337736 rho=-1 selected=0
ATTR_RADIUS o=103 raw_norm=201568.25752100442 norm=806.33814740741843 radius=3225.3525896296719 next_radius=3225.3525896296719 lambda=1.0000000000000007e-13 next_lambda=1.0000000000000008e-14 rho=0.49032118596700597 accept=1
CLASSICAL_LM o=103 lambda=1.0000000000000007e-13 tau=1.0000000000000007e-13 prediction=13.23164712842339 rho=0.49032118596700597 accept=1
  MFCG it 104 cost=2.564056e+05 lam=1.000e-14 tau=0.00e+00 cg_it=0 shift=0 ckpt=1 alpha=0 acc mv=250
PCG_PREP o=104 rebuild=1 drift=0 previous_depth=1
POINT_SAFE o=104 frozen=93 slope=-16.709561953475625 candidate=256513.33934682611 original=256400.76535654123 current=256405.6244390895 won=0 mode=1 camera_scale=1 keep_scale=0
FOLLOW_POINT o=104 mode=3 changed=64053 candidate=256429.48587454352 rho=-1 selected=0
ATTR_RADIUS o=104 raw_norm=197847.13634802049 norm=806.33814740741786 radius=3225.3525896296719 next_radius=3225.3525896296719 lambda=1.0000000000000008e-14 next_lambda=1.0000000000000009e-15 rho=0.43257500265792515 accept=1
CLASSICAL_LM o=104 lambda=1.0000000000000008e-14 tau=1.0000000000000008e-14 prediction=11.232924968876224 rho=0.43257500265792515 accept=1
  MFCG it 105 cost=2.564008e+05 lam=1.000e-15 tau=0.00e+00 cg_it=0 shift=0 ckpt=1 alpha=0 acc mv=252
PCG_PREP o=105 rebuild=1 drift=0 previous_depth=1
POINT_SAFE o=105 frozen=97 slope=-17.740108747837329 candidate=256510.16298657763 original=256397.3984311872 current=256400.76535654123 won=0 mode=1 camera_scale=1 keep_scale=0
FOLLOW_POINT o=105 mode=3 changed=64053 candidate=256426.23125664273 rho=-1 selected=0
ATTR_RADIUS o=105 raw_norm=193369.93441318936 norm=806.33814740741855 radius=3225.3525896296719 next_radius=3225.3525896296719 lambda=1.0000000000000009e-15 next_lambda=1.000000000000001e-16 rho=0.33569115282221068 accept=1
CLASSICAL_LM o=105 lambda=1.0000000000000009e-15 tau=1.0000000000000009e-15 prediction=10.029830472808291 rho=0.33569115282221068 accept=1
  MFCG it 106 cost=2.563974e+05 lam=1.000e-16 tau=0.00e+00 cg_it=0 shift=0 ckpt=1 alpha=0 acc mv=254
PCG_PREP o=106 rebuild=1 drift=0 previous_depth=1
POINT_SAFE o=106 frozen=96 slope=-16.988005098885598 candidate=256508.43902038372 original=256395.36086053983 current=256397.3984311872 won=0 mode=1 camera_scale=1 keep_scale=0
FOLLOW_POINT o=106 mode=3 changed=64051 candidate=256424.26035515315 rho=-1 selected=0
ATTR_RADIUS o=106 raw_norm=189359.25053675743 norm=806.33814740741798 radius=3225.3525896296719 next_radius=806.33814740741798 lambda=1.000000000000001e-16 next_lambda=1.6000000000000015e-15 rho=0.22656196793965111 accept=1
CLASSICAL_LM o=106 lambda=1.000000000000001e-16 tau=1.000000000000001e-16 prediction=8.9934363913815005 rho=0.22656196793965111 accept=1
  MFCG it 107 cost=2.563954e+05 lam=1.600e-15 tau=0.00e+00 cg_it=0 shift=0 ckpt=1 alpha=0 acc mv=256
PCG_PREP o=107 rebuild=1 drift=0 previous_depth=1
POINT_SAFE o=107 frozen=10 slope=-7.0089887550330818 candidate=256398.15561480357 original=256390.68181215791 current=256395.36086053983 won=0 mode=1 camera_scale=1 keep_scale=0
FOLLOW_POINT o=107 mode=3 changed=64053 candidate=256391.2838926829 rho=-1 selected=0
ATTR_RADIUS o=107 raw_norm=182204.44539378319 norm=201.58453685185449 radius=806.33814740741798 next_radius=806.33814740741798 lambda=1.6000000000000015e-15 next_lambda=1.6000000000000016e-16 rho=0.98981921461960931 accept=1
CLASSICAL_LM o=107 lambda=1.6000000000000015e-15 tau=1.6000000000000015e-15 prediction=4.7271747333361391 rho=0.98981921461960931 accept=1
  MFCG it 108 cost=2.563907e+05 lam=1.600e-16 tau=0.00e+00 cg_it=0 shift=0 ckpt=1 alpha=0 acc mv=258
PCG_PREP o=108 rebuild=1 drift=0 previous_depth=1
POINT_SAFE o=108 frozen=12 slope=-14.853907036605584 candidate=256392.60297466899 original=256386.73840878843 current=256390.68181215791 won=0 mode=1 camera_scale=1 keep_scale=0
FOLLOW_POINT o=108 mode=3 changed=64053 candidate=256387.5479562215 rho=-1 selected=0
ATTR_RADIUS o=108 raw_norm=181298.54271753246 norm=201.58453685185452 radius=806.33814740741798 next_radius=806.33814740741798 lambda=1.6000000000000016e-16 next_lambda=9.9999999999999998e-17 rho=1.0389988084929238 accept=1
CLASSICAL_LM o=108 lambda=1.6000000000000016e-16 tau=1.6000000000000016e-16 prediction=3.795387768735853 rho=1.0389988084929238 accept=1
  MFCG it 109 cost=2.563867e+05 lam=1.000e-16 tau=0.00e+00 cg_it=0 shift=0 ckpt=1 alpha=0 acc mv=260
PCG_PREP o=109 rebuild=1 drift=0 previous_depth=1
FOLLOW_POINT o=109 mode=3 changed=64049 candidate=256409.17451186082 rho=-1 selected=0
ATTR_RADIUS o=109 raw_norm=179567.15806479886 norm=806.33814740741832 radius=806.33814740741798 next_radius=201.58453685185449 lambda=9.9999999999999998e-17 next_lambda=1.6e-15 rho=0.056778939665645976 accept=0
CLASSICAL_LM o=109 lambda=9.9999999999999998e-17 tau=9.9999999999999998e-17 prediction=9.1510259485193366 rho=0.056778939665645976 accept=0
  MFCG it 110  retry 1/8  lam=1.600e-15 tau_eff=1.000e-16  (assembly reused)
PCG_PREP o=109 rebuild=1 drift=0 previous_depth=1
FOLLOW_POINT o=109 mode=3 changed=64053 candidate=256381.00456547752 rho=-1 selected=0
ATTR_RADIUS o=109 raw_norm=178292.84471460598 norm=201.58453685185458 radius=201.58453685185449 next_radius=201.58453685185449 lambda=1.6e-15 next_lambda=1.6e-15 rho=0.7026668638700011 accept=1
CLASSICAL_LM o=109 lambda=1.6e-15 tau=1.6e-15 prediction=5.7524405947766999 rho=0.7026668638700011 accept=1
  MFCG it 110 cost=2.563827e+05 lam=1.600e-15 tau=0.00e+00 cg_it=0 shift=0 ckpt=1 alpha=0 acc mv=264
PCG_PREP o=110 rebuild=1 drift=0 previous_depth=1
FOLLOW_POINT o=110 mode=3 changed=64053 candidate=256379.65953587255 rho=-1 selected=0
ATTR_RADIUS o=110 raw_norm=184686.28964700593 norm=201.58453685185452 radius=201.58453685185449 next_radius=201.58453685185449 lambda=1.6e-15 next_lambda=1.6e-15 rho=0.62984133188435487 accept=1
CLASSICAL_LM o=110 lambda=1.6e-15 tau=1.6e-15 prediction=3.3971154649276927 rho=0.62984133188435487 accept=1
  MFCG it 111 cost=2.563806e+05 lam=1.600e-15 tau=0.00e+00 cg_it=0 shift=0 ckpt=1 alpha=0 acc mv=266
PCG_PREP o=111 rebuild=1 drift=0 previous_depth=1
FOLLOW_POINT o=111 mode=3 changed=64053 candidate=256378.63230903028 rho=-1 selected=0
ATTR_RADIUS o=111 raw_norm=182196.9415607657 norm=201.58453685185449 radius=201.58453685185449 next_radius=201.58453685185449 lambda=1.6e-15 next_lambda=1.6e-15 rho=0.44385468248019627 accept=1
CLASSICAL_LM o=111 lambda=1.6e-15 tau=1.6e-15 prediction=2.4167617738277789 rho=0.44385468248019627 accept=1
  MFCG it 112 cost=2.563795e+05 lam=1.600e-15 tau=0.00e+00 cg_it=0 shift=0 ckpt=1 alpha=0 acc mv=268
PCG_PREP o=112 rebuild=1 drift=0 previous_depth=1
FOLLOW_POINT o=112 mode=3 changed=64053 candidate=256377.75189387077 rho=-1 selected=0
ATTR_RADIUS o=112 raw_norm=182855.48181483548 norm=201.58453685185441 radius=201.58453685185449 next_radius=201.58453685185449 lambda=1.6e-15 next_lambda=1.6e-15 rho=0.3918896310824832 accept=1
CLASSICAL_LM o=112 lambda=1.6e-15 tau=1.6e-15 prediction=2.2908106121943401 rho=0.3918896310824832 accept=1
  MFCG it 113 cost=2.563786e+05 lam=1.600e-15 tau=0.00e+00 cg_it=0 shift=0 ckpt=1 alpha=0 acc mv=270
PCG_PREP o=113 rebuild=1 drift=0 previous_depth=1
FOLLOW_POINT o=113 mode=3 changed=64053 candidate=256376.89710566989 rho=-1 selected=0
ATTR_RADIUS o=113 raw_norm=182378.28898702259 norm=201.58453685185449 radius=201.58453685185449 next_radius=201.58453685185449 lambda=1.6e-15 next_lambda=1.6e-15 rho=0.37634493840024208 accept=1
CLASSICAL_LM o=113 lambda=1.6e-15 tau=1.6e-15 prediction=2.2632342408426518 rho=0.37634493840024208 accept=1
  MFCG it 114 cost=2.563777e+05 lam=1.600e-15 tau=0.00e+00 cg_it=0 shift=0 ckpt=1 alpha=0 acc mv=272
PCG_PREP o=114 rebuild=1 drift=0 previous_depth=1
FOLLOW_POINT o=114 mode=3 changed=64053 candidate=256376.0478986915 rho=-1 selected=0
ATTR_RADIUS o=114 raw_norm=181833.0584920042 norm=201.58453685185449 radius=201.58453685185449 next_radius=201.58453685185449 lambda=1.6e-15 next_lambda=1.6e-15 rho=0.3767960190859172 accept=1
CLASSICAL_LM o=114 lambda=1.6e-15 tau=1.6e-15 prediction=2.2635875469289415 rho=0.3767960190859172 accept=1
  MFCG it 115 cost=2.563769e+05 lam=1.600e-15 tau=0.00e+00 cg_it=0 shift=0 ckpt=1 alpha=0 acc mv=274
PCG_PREP o=115 rebuild=1 drift=0 previous_depth=1
FOLLOW_POINT o=115 mode=3 changed=64053 candidate=256375.18149426975 rho=-1 selected=0
ATTR_RADIUS o=115 raw_norm=181525.69584632697 norm=201.58453685185447 radius=201.58453685185449 next_radius=201.58453685185449 lambda=1.6e-15 next_lambda=1.6e-15 rho=0.38326439098290455 accept=1
CLASSICAL_LM o=115 lambda=1.6e-15 tau=1.6e-15 prediction=2.2779131391702556 rho=0.38326439098290455 accept=1
  MFCG it 116 cost=2.563760e+05 lam=1.600e-15 tau=0.00e+00 cg_it=0 shift=0 ckpt=1 alpha=0 acc mv=276
PCG_PREP o=116 rebuild=1 drift=0 previous_depth=1
POINT_SAFE o=116 frozen=122 slope=-1.3596764537210746 candidate=256375.14474793663 original=256374.79064919267 current=256376.00856919217 won=0 mode=1 camera_scale=1 keep_scale=0
FOLLOW_POINT o=116 mode=3 changed=64053 candidate=256375.2548891792 rho=-1 selected=0
ATTR_RADIUS o=116 raw_norm=180770.9571499351 norm=50.396134212963631 radius=201.58453685185449 next_radius=201.58453685185449 lambda=1.6e-15 next_lambda=1.6000000000000001e-16 rho=1.5520653981719665 accept=1
CLASSICAL_LM o=116 lambda=1.6e-15 tau=1.6e-15 prediction=0.78470920164524727 rho=1.5520653981719665 accept=1
  MFCG it 117 cost=2.563748e+05 lam=1.600e-16 tau=0.00e+00 cg_it=0 shift=0 ckpt=1 alpha=0 acc mv=278
PCG_PREP o=117 rebuild=1 drift=0 previous_depth=1
FOLLOW_POINT o=117 mode=3 changed=64053 candidate=256374.02372850323 rho=-1 selected=0
ATTR_RADIUS o=117 raw_norm=181207.66648529682 norm=201.58453685185449 radius=201.58453685185449 next_radius=201.58453685185449 lambda=1.6000000000000001e-16 next_lambda=1.6000000000000001e-16 rho=0.64812035020465364 accept=1
CLASSICAL_LM o=117 lambda=1.6000000000000001e-16 tau=1.6000000000000001e-16 prediction=1.345030081751253 rho=0.64812035020465364 accept=1
  MFCG: converged (OCA_FTOL: 8 outers < 1.0e-05 rel)
  [menu-backtrack] confirming stop with original retry policy at outer 118
  MFCG it 118 cost=2.563739e+05 lam=1.600e-16 tau=0.00e+00 cg_it=0 shift=0 ckpt=1 alpha=0 acc mv=280
PCG_PREP o=118 rebuild=1 drift=0 previous_depth=1
FOLLOW_POINT o=118 mode=3 changed=64053 candidate=256373.12629220117 rho=-1 selected=0
ATTR_RADIUS o=118 raw_norm=182406.39922127893 norm=201.58453685185458 radius=201.58453685185449 next_radius=201.58453685185449 lambda=1.6000000000000001e-16 next_lambda=1.6000000000000001e-16 rho=0.63828898343983531 accept=1
CLASSICAL_LM o=118 lambda=1.6000000000000001e-16 tau=1.6000000000000001e-16 prediction=1.3708841612862777 rho=0.63828898343983531 accept=1
  MFCG it 119 cost=2.563730e+05 lam=1.600e-16 tau=0.00e+00 cg_it=0 shift=0 ckpt=1 alpha=0 acc mv=282
PCG_PREP o=119 rebuild=1 drift=0 previous_depth=1
NUMERIC_REPAIR o=119 lambda=1.6000000000000001e-16 rayleigh=-2.573664663374932e-08 next_lambda=1.0294658717499728e-07 cg=1 rebuild=1
PCG_PREP o=119 rebuild=1 drift=0 previous_depth=1
FOLLOW_POINT o=119 mode=3 changed=64053 candidate=256340.94292316539 rho=-1 selected=0
ATTR_RADIUS o=119 raw_norm=7243.8370766887047 norm=201.58453685185458 radius=201.58453685185449 next_radius=403.16907370370899 lambda=1.0294658717499728e-07 next_lambda=1.0294658717499728e-07 rho=0.97948030720759172 accept=1
CLASSICAL_LM o=119 lambda=1.0294658717499728e-07 tau=1.0294658717499728e-07 prediction=32.874544669750094 rho=0.97948030720759172 accept=1
  [menu-backtrack] rearmed after meaningful confirmation progress at outer 120
  MFCG it 120 cost=2.563408e+05 lam=1.029e-07 tau=0.00e+00 cg_it=0 shift=0 ckpt=1 alpha=0 acc mv=286
PCG_PREP o=120 rebuild=1 drift=0 previous_depth=1
FOLLOW_POINT o=120 mode=3 changed=64053 candidate=255975.61669406574 rho=-1 selected=0
ATTR_RADIUS o=120 raw_norm=2203.4889933641739 norm=403.16907370370888 radius=403.16907370370899 next_radius=806.33814740741798 lambda=1.0294658717499728e-07 next_lambda=1.0294658717499728e-07 rho=0.98256097546627108 accept=1
CLASSICAL_LM o=120 lambda=1.0294658717499728e-07 tau=1.0294658717499728e-07 prediction=372.43963579402873 rho=0.98256097546627108 accept=1
  MFCG it 121 cost=2.559749e+05 lam=1.029e-07 tau=0.00e+00 cg_it=1 shift=0 ckpt=2 alpha=0 acc mv=289
PCG_PREP o=121 rebuild=1 drift=0 previous_depth=2
POINT_SAFE o=121 frozen=20 slope=-761.19434851258484 candidate=255386.08947590832 original=255637.65584575408 current=255974.89926660681 won=1 mode=1 camera_scale=1 keep_scale=0
FOLLOW_POINT o=121 mode=3 changed=64053 candidate=255381.14978985005 rho=1.7625908443388834 selected=1
ATTR_RADIUS o=121 raw_norm=2011.6660045048425 norm=806.33814740741809 radius=806.33814740741798 next_radius=1612.676294814836 lambda=1.0294658717499728e-07 next_lambda=1.0294658717499728e-07 rho=1.7625908443388834 accept=1
CLASSICAL_LM o=121 lambda=1.0294658717499728e-07 tau=1.0294658717499728e-07 prediction=336.86177292011291 rho=1.7625908443388834 accept=1
  MFCG it 122 cost=2.553811e+05 lam=1.029e-07 tau=0.00e+00 cg_it=1 shift=0 ckpt=2 alpha=0 acc mv=292
PCG_PREP o=122 rebuild=1 drift=0 previous_depth=2
FOLLOW_POINT o=122 mode=3 changed=64053 candidate=255655.59403073703 rho=-1 selected=0
ATTR_RADIUS o=122 raw_norm=7255.45983770368 norm=1612.676294814836 radius=1612.676294814836 next_radius=3225.3525896296719 lambda=1.0294658717499728e-07 next_lambda=1.0294658717499728e-07 rho=0.83821510465284199 accept=1
CLASSICAL_LM o=122 lambda=1.0294658717499728e-07 tau=1.0294658717499728e-07 prediction=128.5663310742452 rho=0.83821510465284199 accept=1
  MFCG it 123 cost=2.552734e+05 lam=1.029e-07 tau=0.00e+00 cg_it=0 shift=0 ckpt=1 alpha=0 acc mv=294
PCG_PREP o=123 rebuild=1 drift=0 previous_depth=1
FOLLOW_POINT o=123 mode=3 changed=64053 candidate=258810.27604307979 rho=-1 selected=0
ATTR_RADIUS o=123 raw_norm=3419.7058092839648 norm=3225.3525896296719 radius=3225.3525896296719 next_radius=3225.3525896296719 lambda=1.0294658717499728e-07 next_lambda=1.0294658717499728e-07 rho=0.38330626118327282 accept=1
CLASSICAL_LM o=123 lambda=1.0294658717499728e-07 tau=1.0294658717499728e-07 prediction=381.75205582828966 rho=0.38330626118327282 accept=1
  MFCG it 124 cost=2.551271e+05 lam=1.029e-07 tau=0.00e+00 cg_it=1 shift=0 ckpt=2 alpha=0 acc mv=297
PCG_PREP o=124 rebuild=1 drift=0 previous_depth=2
FOLLOW_POINT o=124 mode=3 changed=64053 candidate=261189.21659249393 rho=-1 selected=0
ATTR_RADIUS o=124 raw_norm=5912.2049090319424 norm=3225.3525896296724 radius=3225.3525896296719 next_radius=3225.3525896296719 lambda=1.0294658717499728e-07 next_lambda=1.0294658717499728e-07 rho=0.72814414573896835 accept=1
CLASSICAL_LM o=124 lambda=1.0294658717499728e-07 tau=1.0294658717499728e-07 prediction=303.43357239643319 rho=0.72814414573896835 accept=1
  MFCG it 125 cost=2.549061e+05 lam=1.029e-07 tau=0.00e+00 cg_it=0 shift=0 ckpt=1 alpha=0 acc mv=299
PCG_PREP o=125 rebuild=1 drift=0 previous_depth=1
FOLLOW_POINT o=125 mode=3 changed=64053 candidate=261195.57862695961 rho=-1 selected=0
ATTR_RADIUS o=125 raw_norm=5261.0196800326803 norm=3225.3525896296728 radius=3225.3525896296719 next_radius=3225.3525896296719 lambda=1.0294658717499728e-07 next_lambda=1.0294658717499728e-07 rho=0.4172562991646484 accept=1
CLASSICAL_LM o=125 lambda=1.0294658717499728e-07 tau=1.0294658717499728e-07 prediction=117.14760159708518 rho=0.4172562991646484 accept=1
  MFCG it 126 cost=2.548572e+05 lam=1.029e-07 tau=0.00e+00 cg_it=0 shift=0 ckpt=1 alpha=0 acc mv=301
PCG_PREP o=126 rebuild=1 drift=0 previous_depth=1
FOLLOW_POINT o=126 mode=3 changed=64053 candidate=261138.58743997483 rho=-1 selected=0
ATTR_RADIUS o=126 raw_norm=4765.286192198083 norm=3225.3525896296719 radius=3225.3525896296719 next_radius=3225.3525896296719 lambda=1.0294658717499728e-07 next_lambda=1.0294658717499728e-07 rho=0.40483655533151908 accept=1
CLASSICAL_LM o=126 lambda=1.0294658717499728e-07 tau=1.0294658717499728e-07 prediction=99.485560043080824 rho=0.40483655533151908 accept=1
  MFCG it 127 cost=2.548170e+05 lam=1.029e-07 tau=0.00e+00 cg_it=0 shift=0 ckpt=1 alpha=0 acc mv=303
PCG_PREP o=127 rebuild=1 drift=0 previous_depth=1
FOLLOW_POINT o=127 mode=3 changed=64053 candidate=261103.61290293286 rho=-1 selected=0
ATTR_RADIUS o=127 raw_norm=4420.6401664333907 norm=3225.3525896296728 radius=3225.3525896296719 next_radius=3225.3525896296719 lambda=1.0294658717499728e-07 next_lambda=1.0294658717499728e-07 rho=0.42419911435657381 accept=1
CLASSICAL_LM o=127 lambda=1.0294658717499728e-07 tau=1.0294658717499728e-07 prediction=90.107280038008611 rho=0.42419911435657381 accept=1
  MFCG it 128 cost=2.547787e+05 lam=1.029e-07 tau=0.00e+00 cg_it=0 shift=0 ckpt=1 alpha=0 acc mv=305
PCG_PREP o=128 rebuild=1 drift=0 previous_depth=1
FOLLOW_POINT o=128 mode=3 changed=64053 candidate=261065.56300951765 rho=-1 selected=0
ATTR_RADIUS o=128 raw_norm=4139.6224548767341 norm=3225.3525896296715 radius=3225.3525896296719 next_radius=3225.3525896296719 lambda=1.0294658717499728e-07 next_lambda=1.0294658717499728e-07 rho=0.4580439800677143 accept=1
CLASSICAL_LM o=128 lambda=1.0294658717499728e-07 tau=1.0294658717499728e-07 prediction=82.158992709000785 rho=0.4580439800677143 accept=1
  MFCG it 129 cost=2.547411e+05 lam=1.029e-07 tau=0.00e+00 cg_it=0 shift=0 ckpt=1 alpha=0 acc mv=307
PCG_PREP o=129 rebuild=1 drift=0 previous_depth=1
FOLLOW_POINT o=129 mode=3 changed=64053 candidate=261027.05218578357 rho=-1 selected=0
ATTR_RADIUS o=129 raw_norm=3897.6601199583065 norm=3225.352589629671 radius=3225.3525896296719 next_radius=3225.3525896296719 lambda=1.0294658717499728e-07 next_lambda=1.0294658717499728e-07 rho=0.49478897316195813 accept=1
CLASSICAL_LM o=129 lambda=1.0294658717499728e-07 tau=1.0294658717499728e-07 prediction=74.487617425291461 rho=0.49478897316195813 accept=1
  MFCG it 130 cost=2.547042e+05 lam=1.029e-07 tau=0.00e+00 cg_it=0 shift=0 ckpt=1 alpha=0 acc mv=309
PCG_PREP o=130 rebuild=1 drift=0 previous_depth=1
FOLLOW_POINT o=130 mode=3 changed=64053 candidate=260989.04213326369 rho=-1 selected=0
ATTR_RADIUS o=130 raw_norm=3679.1833175596598 norm=3225.3525896296733 radius=3225.3525896296719 next_radius=3225.3525896296719 lambda=1.0294658717499728e-07 next_lambda=1.0294658717499728e-07 rho=0.53422065849341616 accept=1
CLASSICAL_LM o=130 lambda=1.0294658717499728e-07 tau=1.0294658717499728e-07 prediction=67.378597895485299 rho=0.53422065849341616 accept=1
  MFCG it 131 cost=2.546682e+05 lam=1.029e-07 tau=0.00e+00 cg_it=0 shift=0 ckpt=1 alpha=0 acc mv=311
PCG_PREP o=131 rebuild=1 drift=0 previous_depth=1
FOLLOW_POINT o=131 mode=3 changed=64053 candidate=260951.91419704689 rho=-1 selected=0
ATTR_RADIUS o=131 raw_norm=3475.4668775581995 norm=3225.3525896296728 radius=3225.3525896296719 next_radius=3225.3525896296719 lambda=1.0294658717499728e-07 next_lambda=1.0294658717499728e-07 rho=0.5768770734663341 accept=1
CLASSICAL_LM o=131 lambda=1.0294658717499728e-07 tau=1.0294658717499728e-07 prediction=60.889933704892528 rho=0.5768770734663341 accept=1
  MFCG it 132 cost=2.546331e+05 lam=1.029e-07 tau=0.00e+00 cg_it=0 shift=0 ckpt=1 alpha=0 acc mv=313
PCG_PREP o=132 rebuild=1 drift=0 previous_depth=1
FOLLOW_POINT o=132 mode=3 changed=64053 candidate=260915.92697043219 rho=-1 selected=0
ATTR_RADIUS o=132 raw_norm=3282.0605163359296 norm=3225.3525896296719 radius=3225.3525896296719 next_radius=3225.3525896296719 lambda=1.0294658717499728e-07 next_lambda=1.0294658717499728e-07 rho=0.62290498123883808 accept=1
CLASSICAL_LM o=132 lambda=1.0294658717499728e-07 tau=1.0294658717499728e-07 prediction=54.923572555052495 rho=0.62290498123883808 accept=1
  MFCG it 133 cost=2.545989e+05 lam=1.029e-07 tau=0.00e+00 cg_it=0 shift=0 ckpt=1 alpha=0 acc mv=315
PCG_PREP o=133 rebuild=1 drift=0 previous_depth=1
FOLLOW_POINT o=133 mode=3 changed=64053 candidate=259928.56382383488 rho=-1 selected=0
ATTR_RADIUS o=133 raw_norm=3096.0227552963147 norm=3096.0227552963147 radius=3225.3525896296719 next_radius=3225.3525896296719 lambda=1.0294658717499728e-07 next_lambda=1.0294658717499728e-07 rho=0.69934228654342456 accept=1
CLASSICAL_LM o=133 lambda=1.0294658717499728e-07 tau=1.0294658717499728e-07 prediction=49.389087304155616 rho=0.69934228654342456 accept=1
  MFCG it 134 cost=2.545644e+05 lam=1.029e-07 tau=0.00e+00 cg_it=0 shift=0 ckpt=1 alpha=0 acc mv=317
PCG_PREP o=134 rebuild=1 drift=0 previous_depth=1
FOLLOW_POINT o=134 mode=3 changed=64053 candidate=259504.66835403035 rho=-1 selected=0
ATTR_RADIUS o=134 raw_norm=3038.0294722082062 norm=3038.0294722082062 radius=3225.3525896296719 next_radius=3225.3525896296719 lambda=1.0294658717499728e-07 next_lambda=1.0294658717499728e-07 rho=0.72610670791185794 accept=1
CLASSICAL_LM o=134 lambda=1.0294658717499728e-07 tau=1.0294658717499728e-07 prediction=42.503645249956129 rho=0.72610670791185794 accept=1
  MFCG it 135 cost=2.545335e+05 lam=1.029e-07 tau=0.00e+00 cg_it=0 shift=0 ckpt=1 alpha=0 acc mv=319
PCG_PREP o=135 rebuild=1 drift=0 previous_depth=1
FOLLOW_POINT o=135 mode=3 changed=64053 candidate=258544.45218437811 rho=-1 selected=0
ATTR_RADIUS o=135 raw_norm=2884.3200975259774 norm=2884.3200975259774 radius=3225.3525896296719 next_radius=6450.7051792593438 lambda=1.0294658717499728e-07 next_lambda=1.0294658717499728e-07 rho=0.79252234586356118 accept=1
CLASSICAL_LM o=135 lambda=1.0294658717499728e-07 tau=1.0294658717499728e-07 prediction=37.677622065894447 rho=0.79252234586356118 accept=1
  MFCG it 136 cost=2.545036e+05 lam=1.029e-07 tau=0.00e+00 cg_it=0 shift=0 ckpt=1 alpha=0 acc mv=321
PCG_PREP o=136 rebuild=1 drift=0 previous_depth=1
POINT_SAFE o=136 frozen=47 slope=-355.3659098767564 candidate=254618.96316433905 original=254392.94133536931 current=254503.64910910971 won=0 mode=1 camera_scale=1 keep_scale=0
FOLLOW_POINT o=136 mode=3 changed=64053 candidate=257504.83015232583 rho=-1 selected=0
ATTR_RADIUS o=136 raw_norm=5921.9814352121512 norm=2960.9907176060756 radius=6450.7051792593438 next_radius=6450.7051792593438 lambda=1.0294658717499728e-07 next_lambda=1.0294658717499728e-07 rho=0.82822098045065617 accept=1
CLASSICAL_LM o=136 lambda=1.0294658717499728e-07 tau=1.0294658717499728e-07 prediction=133.66936645358155 rho=0.82822098045065617 accept=1
  MFCG it 137 cost=2.543929e+05 lam=1.029e-07 tau=0.00e+00 cg_it=1 shift=0 ckpt=2 alpha=0 acc mv=324
PCG_PREP o=137 rebuild=1 drift=0 previous_depth=2
FOLLOW_POINT o=137 mode=3 changed=64053 candidate=255104.15359014808 rho=-1 selected=0
ATTR_RADIUS o=137 raw_norm=1882.7371440111699 norm=1882.7371440111699 radius=6450.7051792593438 next_radius=6450.7051792593438 lambda=1.0294658717499728e-07 next_lambda=1.0294658717499728e-07 rho=0.89828873649290886 accept=1
CLASSICAL_LM o=137 lambda=1.0294658717499728e-07 tau=1.0294658717499728e-07 prediction=37.564852928385541 rho=0.89828873649290886 accept=1
  MFCG it 138 cost=2.543592e+05 lam=1.029e-07 tau=0.00e+00 cg_it=0 shift=0 ckpt=1 alpha=0 acc mv=326
PCG_PREP o=138 rebuild=1 drift=0 previous_depth=1
FOLLOW_POINT o=138 mode=3 changed=64053 candidate=269124.69957282214 rho=-1 selected=0
ATTR_RADIUS o=138 raw_norm=4311.5803092561691 norm=4311.5803092561691 radius=6450.7051792593438 next_radius=1612.676294814836 lambda=1.0294658717499728e-07 next_lambda=1.6471453947999565e-06 rho=0.15642442597868869 accept=1
CLASSICAL_LM o=138 lambda=1.0294658717499728e-07 tau=1.0294658717499728e-07 prediction=79.404812209592322 rho=0.15642442597868869 accept=1
  MFCG it 139 cost=2.543468e+05 lam=1.647e-06 tau=0.00e+00 cg_it=2 shift=0 ckpt=3 alpha=0 acc mv=330
PCG_PREP o=139 rebuild=1 drift=0 previous_depth=3
FOLLOW_POINT o=139 mode=3 changed=64053 candidate=254276.2817956823 rho=-1 selected=0
ATTR_RADIUS o=139 raw_norm=105.35511280186681 norm=105.35511280186681 radius=1612.676294814836 next_radius=1612.676294814836 lambda=1.6471453947999565e-06 next_lambda=1.6471453947999568e-07 rho=0.99955292339681945 accept=1
CLASSICAL_LM o=139 lambda=1.6471453947999565e-06 tau=1.6471453947999565e-06 prediction=70.534255302140394 rho=0.99955292339681945 accept=1
  MFCG it 140 cost=2.542763e+05 lam=1.647e-07 tau=0.00e+00 cg_it=0 shift=0 ckpt=1 alpha=0 acc mv=332
PCG_PREP o=140 rebuild=1 drift=0 previous_depth=1
FOLLOW_POINT o=140 mode=3 changed=64053 candidate=254293.67051418239 rho=-1 selected=0
ATTR_RADIUS o=140 raw_norm=995.97512290175507 norm=995.97512290175507 radius=1612.676294814836 next_radius=1612.676294814836 lambda=1.6471453947999568e-07 next_lambda=1.0294658717499728e-07 rho=0.98003475334333079 accept=1
CLASSICAL_LM o=140 lambda=1.6471453947999568e-07 tau=1.6471453947999568e-07 prediction=5.3644839398060737 rho=0.98003475334333079 accept=1
  MFCG it 141 cost=2.542710e+05 lam=1.029e-07 tau=0.00e+00 cg_it=30 shift=0 ckpt=31 alpha=0 acc mv=364
PCG_PREP o=141 rebuild=1 drift=0 previous_depth=31
POINT_SAFE o=141 frozen=376 slope=-0.57832909694588219 candidate=254271.85695178859 original=254270.94374553105 current=254271.01629714426 won=0 mode=1 camera_scale=1 keep_scale=0
FOLLOW_POINT o=141 mode=3 changed=64053 candidate=254283.08098584105 rho=-1 selected=0
ATTR_RADIUS o=141 raw_norm=1335.1905986824936 norm=667.5952993412468 radius=1612.676294814836 next_radius=1612.676294814836 lambda=1.0294658717499728e-07 next_lambda=1.0294658717499728e-07 rho=0.29381818905774482 accept=1
CLASSICAL_LM o=141 lambda=1.0294658717499728e-07 tau=1.0294658717499728e-07 prediction=0.24692689530411521 rho=0.29381818905774482 accept=1
  MFCG it 142 cost=2.542709e+05 lam=1.029e-07 tau=0.00e+00 cg_it=0 shift=0 ckpt=1 alpha=0 acc mv=366
PCG_PREP o=142 rebuild=1 drift=0 previous_depth=1
POINT_SAFE o=142 frozen=162 slope=-0.65809389745434788 candidate=254271.77867258436 original=254270.88656827388 current=254270.94374553105 won=0 mode=1 camera_scale=1 keep_scale=0
FOLLOW_POINT o=142 mode=3 changed=64053 candidate=254283.31493789289 rho=-1 selected=0
ATTR_RADIUS o=142 raw_norm=1338.1048102642028 norm=669.05240513210128 radius=1612.676294814836 next_radius=403.16907370370899 lambda=1.0294658717499728e-07 next_lambda=1.6471453947999565e-06 rho=0.20737802216922699 accept=1
CLASSICAL_LM o=142 lambda=1.0294658717499728e-07 tau=1.0294658717499728e-07 prediction=0.27571512435621115 rho=0.20737802216922699 accept=1
  MFCG it 143 cost=2.542709e+05 lam=1.647e-06 tau=0.00e+00 cg_it=0 shift=0 ckpt=1 alpha=0 acc mv=368
PCG_PREP o=143 rebuild=1 drift=0 previous_depth=1
FOLLOW_POINT o=143 mode=3 changed=64053 candidate=254270.58710362556 rho=-1 selected=0
ATTR_RADIUS o=143 raw_norm=90.488026962875935 norm=90.488026962875935 radius=403.16907370370899 next_radius=403.16907370370899 lambda=1.6471453947999565e-06 next_lambda=1.6471453947999568e-07 rho=1.0044139078843171 accept=1
CLASSICAL_LM o=143 lambda=1.6471453947999565e-06 tau=1.6471453947999565e-06 prediction=0.30215603147193215 rho=1.0044139078843171 accept=1
  MFCG it 144 cost=2.542706e+05 lam=1.647e-07 tau=0.00e+00 cg_it=0 shift=0 ckpt=1 alpha=0 acc mv=370
PCG_PREP o=144 rebuild=1 drift=0 previous_depth=1
FOLLOW_POINT o=144 mode=3 changed=64053 candidate=254272.00415974637 rho=-1 selected=0
ATTR_RADIUS o=144 raw_norm=738.11510433446995 norm=403.16907370370927 radius=403.16907370370899 next_radius=806.33814740741798 lambda=1.6471453947999568e-07 next_lambda=1.0294658717499728e-07 rho=0.96335511553505027 accept=1
CLASSICAL_LM o=144 lambda=1.6471453947999568e-07 tau=1.6471453947999568e-07 prediction=0.10825277838341762 rho=0.96335511553505027 accept=1
  MFCG it 145 cost=2.542705e+05 lam=1.029e-07 tau=0.00e+00 cg_it=33 shift=0 ckpt=34 alpha=0 acc mv=405
PCG_PREP o=145 rebuild=1 drift=0 previous_depth=34
POINT_SAFE o=145 frozen=182 slope=-0.15250784584135541 candidate=254270.52923796346 original=254270.42983138547 current=254270.4787926857 won=0 mode=1 camera_scale=1 keep_scale=0
FOLLOW_POINT o=145 mode=3 changed=64053 candidate=254272.0439658254 rho=-1 selected=0
ATTR_RADIUS o=145 raw_norm=1187.8841188329072 norm=403.16907370370893 radius=806.33814740741798 next_radius=806.33814740741798 lambda=1.0294658717499728e-07 next_lambda=1.0294658717499728e-07 rho=0.66414753029825047 accept=1
CLASSICAL_LM o=145 lambda=1.0294658717499728e-07 tau=1.0294658717499728e-07 prediction=0.073720518400888363 rho=0.66414753029825047 accept=1
  MFCG it 146 cost=2.542704e+05 lam=1.029e-07 tau=0.00e+00 cg_it=0 shift=0 ckpt=1 alpha=0 acc mv=407
PCG_PREP o=146 rebuild=1 drift=0 previous_depth=1
POINT_SAFE o=146 frozen=79 slope=-0.16964414831411267 candidate=254270.4924637065 original=254270.38444824578 current=254270.42983138547 won=0 mode=1 camera_scale=1 keep_scale=0
FOLLOW_POINT o=146 mode=3 changed=64053 candidate=254272.02323118676 rho=-1 selected=0
ATTR_RADIUS o=146 raw_norm=1197.4214930669186 norm=403.16907370370922 radius=806.33814740741798 next_radius=806.33814740741798 lambda=1.0294658717499728e-07 next_lambda=1.0294658717499728e-07 rho=0.564856116323735 accept=1
CLASSICAL_LM o=146 lambda=1.0294658717499728e-07 tau=1.0294658717499728e-07 prediction=0.080344601707464922 rho=0.564856116323735 accept=1
  MFCG it 147 cost=2.542704e+05 lam=1.029e-07 tau=0.00e+00 cg_it=0 shift=0 ckpt=1 alpha=0 acc mv=409
PCG_PREP o=147 rebuild=1 drift=0 previous_depth=1
POINT_SAFE o=147 frozen=49 slope=-0.18717323871460759 candidate=254270.45175946032 original=254270.33913140686 current=254270.38444824578 won=0 mode=1 camera_scale=1 keep_scale=0
FOLLOW_POINT o=147 mode=3 changed=64053 candidate=254271.99055772147 rho=-1 selected=0
ATTR_RADIUS o=147 raw_norm=1201.128117055179 norm=403.16907370370916 radius=806.33814740741798 next_radius=806.33814740741798 lambda=1.0294658717499728e-07 next_lambda=1.0294658717499728e-07 rho=0.51962150098179205 accept=1
CLASSICAL_LM o=147 lambda=1.0294658717499728e-07 tau=1.0294658717499728e-07 prediction=0.087211246716421997 rho=0.51962150098179205 accept=1
  MFCG it 148 cost=2.542703e+05 lam=1.029e-07 tau=0.00e+00 cg_it=0 shift=0 ckpt=1 alpha=0 acc mv=411
PCG_PREP o=148 rebuild=1 drift=0 previous_depth=1
POINT_SAFE o=148 frozen=47 slope=-0.20123977357612138 candidate=254270.4080935143 original=254270.29296975615 current=254270.33913140686 won=0 mode=1 camera_scale=1 keep_scale=0
FOLLOW_POINT o=148 mode=3 changed=64053 candidate=254271.95094824769 rho=-1 selected=0
ATTR_RADIUS o=148 raw_norm=1198.9517120067721 norm=403.1690737037091 radius=806.33814740741798 next_radius=806.33814740741798 lambda=1.0294658717499728e-07 next_lambda=1.0294658717499728e-07 rho=0.49798052003957421 accept=1
CLASSICAL_LM o=148 lambda=1.0294658717499728e-07 tau=1.0294658717499728e-07 prediction=0.09269770372833247 rho=0.49798052003957421 accept=1
  MFCG: converged (OCA_FTOL: 8 outers < 1.0e-05 rel)
  [menu-backtrack] confirming stop with original retry policy at outer 149
  MFCG it 149 cost=2.542703e+05 lam=1.029e-07 tau=0.00e+00 cg_it=0 shift=0 ckpt=1 alpha=0 acc mv=413
PCG_PREP o=149 rebuild=1 drift=0 previous_depth=1
ATTR_RADIUS o=149 raw_norm=1192.6891323148402 norm=806.33814740741798 radius=806.33814740741798 next_radius=201.58453685185449 lambda=1.0294658717499728e-07 next_lambda=1.6471453947999565e-06 rho=-1 accept=0
CLASSICAL_LM o=149 lambda=1.0294658717499728e-07 tau=1.0294658717499728e-07 prediction=0.17498816940598841 rho=-1 accept=0
  MFCG it 150  retry 1/8  lam=1.647e-06 tau_eff=1.029e-07  (assembly reused)
PCG_PREP o=149 rebuild=1 drift=0 previous_depth=1
FOLLOW_POINT o=149 mode=3 changed=64053 candidate=254270.20484528493 rho=-1 selected=0
ATTR_RADIUS o=149 raw_norm=85.004571293970116 norm=85.004571293970102 radius=201.58453685185449 next_radius=201.58453685185449 lambda=1.6471453947999565e-06 next_lambda=1.6471453947999568e-07 rho=1.0027413097617992 accept=1
CLASSICAL_LM o=149 lambda=1.6471453947999565e-06 tau=1.6471453947999565e-06 prediction=0.090998635890489496 rho=1.0027413097617992 accept=1
  MFCG it 150 cost=2.542702e+05 lam=1.647e-07 tau=0.00e+00 cg_it=0 shift=0 ckpt=1 alpha=0 acc mv=417
PCG_PREP o=150 rebuild=1 drift=0 previous_depth=1
FOLLOW_POINT o=150 mode=3 changed=64053 candidate=254270.25739351366 rho=-1 selected=0
ATTR_RADIUS o=150 raw_norm=689.5189275989801 norm=201.58453685185449 radius=201.58453685185449 next_radius=403.16907370370899 lambda=1.6471453947999568e-07 next_lambda=1.0294658717499728e-07 rho=1.0021045215960487 accept=1
CLASSICAL_LM o=150 lambda=1.6471453947999568e-07 tau=1.6471453947999568e-07 prediction=0.041059039171115697 rho=1.0021045215960487 accept=1
  MFCG it 151 cost=2.542702e+05 lam=1.029e-07 tau=0.00e+00 cg_it=33 shift=0 ckpt=34 alpha=0 acc mv=452
PCG_PREP o=151 rebuild=1 drift=0 previous_depth=34
FOLLOW_POINT o=151 mode=3 changed=64053 candidate=254271.6860255046 rho=-1 selected=0
ATTR_RADIUS o=151 raw_norm=1100.5287309351745 norm=403.16907370370893 radius=403.16907370370899 next_radius=403.16907370370899 lambda=1.0294658717499728e-07 next_lambda=1.0294658717499728e-07 rho=0.74622942059732156 accept=1
CLASSICAL_LM o=151 lambda=1.0294658717499728e-07 tau=1.0294658717499728e-07 prediction=0.056901921567805422 rho=0.74622942059732156 accept=1
  MFCG it 152 cost=2.542701e+05 lam=1.029e-07 tau=0.00e+00 cg_it=0 shift=0 ckpt=1 alpha=0 acc mv=454
PCG_PREP o=152 rebuild=1 drift=0 previous_depth=1
FOLLOW_POINT o=152 mode=3 changed=64053 candidate=254271.65117812913 rho=-1 selected=0
ATTR_RADIUS o=152 raw_norm=1109.9151394291732 norm=403.16907370370893 radius=403.16907370370899 next_radius=403.16907370370899 lambda=1.0294658717499728e-07 next_lambda=1.0294658717499728e-07 rho=0.57786719333989311 accept=1
CLASSICAL_LM o=152 lambda=1.0294658717499728e-07 tau=1.0294658717499728e-07 prediction=0.060864579876857082 rho=0.57786719333989311 accept=1
  MFCG it 153 cost=2.542701e+05 lam=1.029e-07 tau=0.00e+00 cg_it=0 shift=0 ckpt=1 alpha=0 acc mv=456
PCG_PREP o=153 rebuild=1 drift=0 previous_depth=1
FOLLOW_POINT o=153[R9] wrote /tmp/prism-ba-coarse/research/champion_point_followup/evidence/screen/venice-52-virtual_loose-1/curve.csv
 mode=3 changed=64053 candidate=254271.61729949759 rho=-1 selected=0
ATTR_RADIUS o=153 raw_norm=1118.6922432692361 norm=403.16907370370888 radius=403.16907370370899 next_radius=403.16907370370899 lambda=1.0294658717499728e-07 next_lambda=1.0294658717499728e-07 rho=0.50770860779615157 accept=1
CLASSICAL_LM o=153 lambda=1.0294658717499728e-07 tau=1.0294658717499728e-07 prediction=0.067687649750286821 rho=0.50770860779615157 accept=1
  MFCG it 154 cost=2.542700e+05 lam=1.029e-07 tau=0.00e+00 cg_it=0 shift=0 ckpt=1 alpha=0 acc mv=458
PCG_PREP o=154 rebuild=1 drift=0 previous_depth=1
FOLLOW_POINT o=154 mode=3 changed=64053 candidate=254271.58139811573 rho=-1 selected=0
ATTR_RADIUS o=154 raw_norm=1120.5059031122412 norm=403.16907370370888 radius=403.16907370370899 next_radius=403.16907370370899 lambda=1.0294658717499728e-07 next_lambda=1.0294658717499728e-07 rho=0.48549261900633262 accept=1
CLASSICAL_LM o=154 lambda=1.0294658717499728e-07 tau=1.0294658717499728e-07 prediction=0.07467202316016526 rho=0.48549261900633262 accept=1
  MFCG it 155 cost=2.542700e+05 lam=1.029e-07 tau=0.00e+00 cg_it=0 shift=0 ckpt=1 alpha=0 acc mv=460
PCG_PREP o=155 rebuild=1 drift=0 previous_depth=1
FOLLOW_POINT o=155 mode=3 changed=64053 candidate=254271.54309036513 rho=-1 selected=0
ATTR_RADIUS o=155 raw_norm=1116.903086878619 norm=403.16907370370905 radius=403.16907370370899 next_radius=403.16907370370899 lambda=1.0294658717499728e-07 next_lambda=1.0294658717499728e-07 rho=0.48021218597683724 accept=1
CLASSICAL_LM o=155 lambda=1.0294658717499728e-07 tau=1.0294658717499728e-07 prediction=0.080291554877604671 rho=0.48021218597683724 accept=1
  MFCG it 156 cost=2.542700e+05 lam=1.029e-07 tau=0.00e+00 cg_it=0 shift=0 ckpt=1 alpha=0 acc mv=462
PCG_PREP o=156 rebuild=1 drift=0 previous_depth=1
FOLLOW_POINT o=156 mode=3 changed=64053 candidate=254271.50278053046 rho=-1 selected=0
ATTR_RADIUS o=156 raw_norm=1109.8615916029507 norm=403.16907370370899 radius=403.16907370370899 next_radius=403.16907370370899 lambda=1.0294658717499728e-07 next_lambda=1.0294658717499728e-07 rho=0.48030495013723506 accept=1
CLASSICAL_LM o=156 lambda=1.0294658717499728e-07 tau=1.0294658717499728e-07 prediction=0.084286252001969972 rho=0.48030495013723506 accept=1
  MFCG: converged (OCA_FTOL: 8 outers < 1.0e-05 rel)
  MFCG: accepts=157 rejects=3 total_matvecs=464 negcurv=1 cand_evals=160 mean_cg_per_outer=3.0
NUMERIC_REPAIR summary rebuilds=1 floor=1.0294658717499728e-07
  [retry-cache] builds=161 reuses=0
  [menu-backtrack] trials=27 rescues=27 evals=70 total_scored=230
FOLLOW_POINT summary calls=159 wins=7 changed=10184421 seconds=1.23006417
POINT_SAFE summary calls=27 evals=27 wins=2 frozen=4744 seconds=0.06501193
  [scoring] menu_evals=160 alpha_evals=0 backtrack_evals=70 total_scored=230
RESULT algo=mfree_shifted_cg iters=157 final_cost=254269.9332842784 solve_seconds=2.888318
DIAGNOSTICS median_reproj_err_px 3.252455 -> 0.370405 | cheirality_violations(obs) 0 -> 29 | cheirality_violations(pts, of 64053) 0 -> 14
