  [menu-backtrack] active=1 max_evals=8 warmup_accepts=3 confirm_stop=original armijo=1e-4
MIXED_STORAGE fragments=fp32 arithmetic=fp64 state=fp64 acceptance=fp64
  [compact-fragments] active=2 saved_bytes=36105992 storage=fp32 camera_reads=contiguous
  MFCG score_init=11152062.772762474 precision=fp64
PCG_PREP o=0 rebuild=1 drift=0 previous_depth=0
ATTR_RADIUS o=0 raw_norm=3225.3525896296701 norm=3225.3525896296701 radius=3225.3525896296701 next_radius=6450.7051792593402 lambda=0.10000000000000001 next_lambda=0.025000000000000001 rho=0.99997438839510666 accept=1
CLASSICAL_LM o=0 lambda=0.10000000000000001 tau=0.10000000000000001 prediction=8877594.9877400436 rho=0.99997438839510666 accept=1
  MFCG it   1 cost=2.274695e+06 lam=2.500e-02 tau=0.00e+00 cg_it=0 shift=0 ckpt=1 alpha=0 acc mv=2
PCG_PREP o=1 rebuild=1 drift=0 previous_depth=1
ATTR_RADIUS o=1 raw_norm=2725.1440498078473 norm=2725.1440498078473 radius=6450.7051792593402 next_radius=6450.7051792593402 lambda=0.025000000000000001 next_lambda=0.0025000000000000005 rho=0.99701845569054925 accept=1
CLASSICAL_LM o=1 lambda=0.025000000000000001 tau=0.025000000000000001 prediction=770789.73816058389 rho=0.99701845569054925 accept=1
  MFCG it   2 cost=1.506204e+06 lam=2.500e-03 tau=0.00e+00 cg_it=4 shift=0 ckpt=5 alpha=0 acc mv=8
PCG_PREP o=2 rebuild=1 drift=0 previous_depth=5
ATTR_RADIUS o=2 raw_norm=9578.8535291650805 norm=6450.7051792593402 radius=6450.7051792593402 next_radius=12901.41035851868 lambda=0.0025000000000000005 next_lambda=0.00062500000000000012 rho=0.99788045990932417 accept=1
CLASSICAL_LM o=2 lambda=0.0025000000000000005 tau=0.0025000000000000005 prediction=379875.54087330459 rho=0.99788045990932417 accept=1
  MFCG it   3 cost=1.127133e+06 lam=6.250e-04 tau=0.00e+00 cg_it=6 shift=0 ckpt=7 alpha=0 acc mv=16
PCG_PREP o=3 rebuild=1 drift=0 previous_depth=7
ATTR_RADIUS o=3 raw_norm=20859.307736759882 norm=12901.410358518679 radius=12901.41035851868 next_radius=25802.820717037361 lambda=0.00062500000000000012 next_lambda=0.00015625000000000003 rho=1.009396921630618 accept=1
CLASSICAL_LM o=3 lambda=0.00062500000000000012 tau=0.00062500000000000012 prediction=304236.92171973095 rho=1.009396921630618 accept=1
  MFCG it   4 cost=8.200374e+05 lam=1.563e-04 tau=0.00e+00 cg_it=5 shift=0 ckpt=6 alpha=0 acc mv=23
PCG_PREP o=4 rebuild=1 drift=0 previous_depth=6
ATTR_RADIUS o=4 raw_norm=36747.144697771146 norm=25802.820717037361 radius=25802.820717037361 next_radius=51605.641434074721 lambda=0.00015625000000000003 next_lambda=3.9062500000000008e-05 rho=0.98437153824867829 accept=1
CLASSICAL_LM o=4 lambda=0.00015625000000000003 tau=0.00015625000000000003 prediction=327617.41562942293 rho=0.98437153824867829 accept=1
  MFCG it   5 cost=4.975401e+05 lam=3.906e-05 tau=0.00e+00 cg_it=8 shift=0 ckpt=9 alpha=0 acc mv=33
PCG_PREP o=5 rebuild=1 drift=0 previous_depth=9
POINT_SAFE o=5 frozen=1464 slope=-317535.16442388576 candidate=381890.57166236913 original=373473.48944298259 current=497540.10902925063 won=0 mode=1 camera_scale=1 keep_scale=0
ATTR_RADIUS o=5 raw_norm=37463.33990798163 norm=18731.669953990811 radius=51605.641434074721 next_radius=51605.641434074721 lambda=3.9062500000000008e-05 next_lambda=3.9062500000000009e-06 rho=0.968390289871219 accept=1
CLASSICAL_LM o=5 lambda=3.9062500000000008e-05 tau=3.9062500000000008e-05 prediction=128116.33995500614 rho=0.968390289871219 accept=1
  MFCG it   6 cost=3.734735e+05 lam=3.906e-06 tau=0.00e+00 cg_it=6 shift=0 ckpt=7 alpha=0 acc mv=41
PCG_PREP o=6 rebuild=1 drift=0 previous_depth=7
POINT_SAFE o=6 frozen=670 slope=-179589.07891640501 candidate=403764.26313332329 original=368581.3663791368 current=373473.48944298259 won=0 mode=1 camera_scale=1 keep_scale=0
ATTR_RADIUS o=6 raw_norm=50229.773496174967 norm=50229.773496174967 radius=51605.641434074721 next_radius=12901.41035851868 lambda=3.9062500000000009e-06 next_lambda=6.2500000000000015e-05 rho=0.067438165529194793 accept=0
CLASSICAL_LM o=6 lambda=3.9062500000000009e-06 tau=3.9062500000000009e-06 prediction=72542.350840310653 rho=0.067438165529194793 accept=0
  MFCG it   7  retry 1/8  lam=6.250e-05 tau_eff=3.906e-06  (assembly reused)
PCG_PREP o=6 rebuild=1 drift=0 previous_depth=6
ATTR_RADIUS o=6 raw_norm=19848.981242670863 norm=12901.410358518682 radius=12901.41035851868 next_radius=25802.820717037361 lambda=6.2500000000000015e-05 next_lambda=1.5625000000000004e-05 rho=0.88264653990563247 accept=1
CLASSICAL_LM o=6 lambda=6.2500000000000015e-05 tau=6.2500000000000015e-05 prediction=68725.645274490671 rho=0.88264653990563247 accept=1
  MFCG it   7 cost=3.128130e+05 lam=1.563e-05 tau=0.00e+00 cg_it=5 shift=0 ckpt=6 alpha=0 acc mv=55
PCG_PREP o=7 rebuild=1 drift=0 previous_depth=6
POINT_SAFE o=7 frozen=179 slope=-71080.718598543899 candidate=285659.11451342463 original=290316.6593715538 current=312813.03643867152 won=1 mode=1 camera_scale=1 keep_scale=0
ATTR_RADIUS o=7 raw_norm=22599.900743995524 norm=22599.90074399552 radius=25802.820717037361 next_radius=25802.820717037361 lambda=1.5625000000000004e-05 next_lambda=1.5625000000000004e-05 rho=0.6910453579619138 accept=1
CLASSICAL_LM o=7 lambda=1.5625000000000004e-05 tau=1.5625000000000004e-05 prediction=39293.979204681164 rho=0.6910453579619138 accept=1
  MFCG it   8 cost=2.856591e+05 lam=1.563e-05 tau=0.00e+00 cg_it=5 shift=0 ckpt=6 alpha=0 acc mv=62
PCG_PREP o=8 rebuild=1 drift=0 previous_depth=6
POINT_SAFE o=8 frozen=172 slope=-35253.074413897921 candidate=271070.73057230725 original=280479.49412833096 current=285659.11451342463 won=1 mode=1 camera_scale=1 keep_scale=0
ATTR_RADIUS o=8 raw_norm=7069.9008298849712 norm=7069.9008298849722 radius=25802.820717037361 next_radius=25802.820717037361 lambda=1.5625000000000004e-05 next_lambda=1.5625000000000005e-06 rho=0.81451504355829263 accept=1
CLASSICAL_LM o=8 lambda=1.5625000000000004e-05 tau=1.5625000000000004e-05 prediction=17910.515043880012 rho=0.81451504355829263 accept=1
  MFCG it   9 cost=2.710707e+05 lam=1.563e-06 tau=0.00e+00 cg_it=0 shift=0 ckpt=1 alpha=0 acc mv=64
PCG_PREP o=9 rebuild=1 drift=0 previous_depth=1
POINT_SAFE o=9 frozen=444 slope=-15079.121563673621 candidate=301858.80521472089 original=265559.82618966501 current=271070.73057230725 won=0 mode=1 camera_scale=1 keep_scale=0
ATTR_RADIUS o=9 raw_norm=35180.443787709977 norm=3225.352589629671 radius=25802.820717037361 next_radius=25802.820717037361 lambda=1.5625000000000005e-06 next_lambda=1.5625000000000007e-07 rho=1.501649501358852 accept=1
CLASSICAL_LM o=9 lambda=1.5625000000000005e-06 tau=1.5625000000000005e-06 prediction=3669.9005844275848 rho=1.501649501358852 accept=1
  MFCG it  10 cost=2.655598e+05 lam=1.563e-07 tau=0.00e+00 cg_it=1 shift=0 ckpt=2 alpha=0 acc mv=67
PCG_PREP o=10 rebuild=1 drift=0 previous_depth=2
POINT_SAFE o=10 frozen=296 slope=-17400.073472617274 candidate=291982.27793948207 original=262360.05303307954 current=265559.82618966501 won=0 mode=1 camera_scale=1 keep_scale=0
ATTR_RADIUS o=10 raw_norm=43906.159490723352 norm=6450.7051792593411 radius=25802.820717037361 next_radius=25802.820717037361 lambda=1.5625000000000007e-07 next_lambda=1.5625000000000006e-08 rho=0.62242723663404254 accept=1
CLASSICAL_LM o=10 lambda=1.5625000000000007e-07 tau=1.5625000000000007e-07 prediction=5140.7987444270157 rho=0.62242723663404254 accept=1
  MFCG it  11 cost=2.623601e+05 lam=1.563e-08 tau=0.00e+00 cg_it=1 shift=0 ckpt=2 alpha=0 acc mv=70
PCG_PREP o=11 rebuild=1 drift=0 previous_depth=2
POINT_SAFE o=11 frozen=497 slope=-19031.932994752249 candidate=262959.4471107907 original=258725.37510874457 current=262360.05303307954 won=0 mode=1 camera_scale=1 keep_scale=0
ATTR_RADIUS o=11 raw_norm=15182.026524530798 norm=7591.0132622653991 radius=25802.820717037361 next_radius=25802.820717037361 lambda=1.5625000000000006e-08 next_lambda=1.5625000000000008e-09 rho=0.50186624939945834 accept=1
CLASSICAL_LM o=11 lambda=1.5625000000000006e-08 tau=1.5625000000000006e-08 prediction=7242.3238834735166 rho=0.50186624939945834 accept=1
  MFCG it  12 cost=2.587254e+05 lam=1.563e-09 tau=0.00e+00 cg_it=0 shift=0 ckpt=1 alpha=0 acc mv=72
PCG_PREP o=12 rebuild=1 drift=0 previous_depth=1
POINT_SAFE o=12 frozen=126 slope=-14016.044699998507 candidate=262001.49476900377 original=257432.89315361291 current=258725.37510874457 won=0 mode=1 camera_scale=1 keep_scale=0
ATTR_RADIUS o=12 raw_norm=15537.83536933588 norm=7768.9176846679402 radius=25802.820717037361 next_radius=6450.7051792593402 lambda=1.5625000000000008e-09 next_lambda=2.5000000000000012e-08 rho=0.23585133606891637 accept=1
CLASSICAL_LM o=12 lambda=1.5625000000000008e-09 tau=1.5625000000000008e-09 prediction=5480.0705252481366 rho=0.23585133606891637 accept=1
  MFCG it  13 cost=2.574329e+05 lam=2.500e-08 tau=0.00e+00 cg_it=0 shift=0 ckpt=1 alpha=0 acc mv=74
PCG_PREP o=13 rebuild=1 drift=0 previous_depth=1
ATTR_RADIUS o=13 raw_norm=15524.094816636569 norm=6450.7051792593402 radius=6450.7051792593402 next_radius=6450.7051792593402 lambda=2.5000000000000012e-08 next_lambda=2.5000000000000012e-08 rho=0.47319960599043837 accept=1
CLASSICAL_LM o=13 lambda=2.5000000000000012e-08 tau=2.5000000000000012e-08 prediction=4870.9946810383744 rho=0.47319960599043837 accept=1
  MFCG it  14 cost=2.551279e+05 lam=2.500e-08 tau=0.00e+00 cg_it=0 shift=0 ckpt=1 alpha=0 acc mv=76
PCG_PREP o=14 rebuild=1 drift=0 previous_depth=1
ATTR_RADIUS o=14 raw_norm=16033.316148580941 norm=6450.7051792593375 radius=6450.7051792593402 next_radius=6450.7051792593402 lambda=2.5000000000000012e-08 next_lambda=2.5000000000000012e-08 rho=0.38337914884441743 accept=1
CLASSICAL_LM o=14 lambda=2.5000000000000012e-08 tau=2.5000000000000012e-08 prediction=3168.1684718840788 rho=0.38337914884441743 accept=1
  MFCG it  15 cost=2.539133e+05 lam=2.500e-08 tau=0.00e+00 cg_it=0 shift=0 ckpt=1 alpha=0 acc mv=78
PCG_PREP o=15 rebuild=1 drift=0 previous_depth=1
ATTR_RADIUS o=15 raw_norm=16481.007740294837 norm=6450.7051792593384 radius=6450.7051792593402 next_radius=6450.7051792593402 lambda=2.5000000000000012e-08 next_lambda=2.5000000000000012e-08 rho=0.28640025216479786 accept=1
CLASSICAL_LM o=15 lambda=2.5000000000000012e-08 tau=2.5000000000000012e-08 prediction=2476.6096064002659 rho=0.28640025216479786 accept=1
  MFCG it  16 cost=2.532040e+05 lam=2.500e-08 tau=0.00e+00 cg_it=0 shift=0 ckpt=1 alpha=0 acc mv=80
PCG_PREP o=16 rebuild=1 drift=0 previous_depth=1
ATTR_RADIUS o=16 raw_norm=16889.028877551915 norm=6450.7051792593411 radius=6450.7051792593402 next_radius=1612.676294814835 lambda=2.5000000000000012e-08 next_lambda=4.0000000000000019e-07 rho=0.18893717684728506 accept=1
CLASSICAL_LM o=16 lambda=2.5000000000000012e-08 tau=2.5000000000000012e-08 prediction=2159.8163555575911 rho=0.18893717684728506 accept=1
  MFCG it  17 cost=2.527960e+05 lam=4.000e-07 tau=0.00e+00 cg_it=0 shift=0 ckpt=1 alpha=0 acc mv=82
PCG_PREP o=17 rebuild=1 drift=0 previous_depth=1
ATTR_RADIUS o=17 raw_norm=14617.468681524519 norm=1612.6762948148346 radius=1612.676294814835 next_radius=3225.3525896296701 lambda=4.0000000000000019e-07 next_lambda=1.0000000000000005e-07 rho=0.79754819512426289 accept=1
CLASSICAL_LM o=17 lambda=4.0000000000000019e-07 tau=4.0000000000000019e-07 prediction=764.24118309362507 rho=0.79754819512426289 accept=1
  MFCG it  18 cost=2.521864e+05 lam=1.000e-07 tau=0.00e+00 cg_it=0 shift=0 ckpt=1 alpha=0 acc mv=84
PCG_PREP o=18 rebuild=1 drift=0 previous_depth=1
ATTR_RADIUS o=18 raw_norm=16964.772418871868 norm=3225.352589629671 radius=3225.3525896296701 next_radius=3225.3525896296701 lambda=1.0000000000000005e-07 next_lambda=1.0000000000000005e-07 rho=0.49400705071699458 accept=1
CLASSICAL_LM o=18 lambda=1.0000000000000005e-07 tau=1.0000000000000005e-07 prediction=941.95249885016653 rho=0.49400705071699458 accept=1
  MFCG it  19 cost=2.517211e+05 lam=1.000e-07 tau=0.00e+00 cg_it=0 shift=0 ckpt=1 alpha=0 acc mv=86
PCG_PREP o=19 rebuild=1 drift=0 previous_depth=1
ATTR_RADIUS o=19 raw_norm=17469.397134286071 norm=3225.3525896296692 radius=3225.3525896296701 next_radius=3225.3525896296701 lambda=1.0000000000000005e-07 next_lambda=1.0000000000000005e-07 rho=0.46605424875229168 accept=1
CLASSICAL_LM o=19 lambda=1.0000000000000005e-07 tau=1.0000000000000005e-07 prediction=812.56578029080902 rho=0.46605424875229168 accept=1
  MFCG it  20 cost=2.513424e+05 lam=1.000e-07 tau=0.00e+00 cg_it=0 shift=0 ckpt=1 alpha=0 acc mv=88
PCG_PREP o=20 rebuild=1 drift=0 previous_depth=1
ATTR_RADIUS o=20 raw_norm=17896.382154129435 norm=3225.3525896296719 radius=3225.3525896296701 next_radius=3225.3525896296701 lambda=1.0000000000000005e-07 next_lambda=1.0000000000000005e-07 rho=0.43515892438422032 accept=1
CLASSICAL_LM o=20 lambda=1.0000000000000005e-07 tau=1.0000000000000005e-07 prediction=711.49242224072907 rho=0.43515892438422032 accept=1
  MFCG it  21 cost=2.510328e+05 lam=1.000e-07 tau=0.00e+00 cg_it=0 shift=0 ckpt=1 alpha=0 acc mv=90
PCG_PREP o=21 rebuild=1 drift=0 previous_depth=1
ATTR_RADIUS o=21 raw_norm=18274.938069525833 norm=3225.3525896296705 radius=3225.3525896296701 next_radius=3225.3525896296701 lambda=1.0000000000000005e-07 next_lambda=1.0000000000000005e-07 rho=0.40550823244140072 accept=1
CLASSICAL_LM o=21 lambda=1.0000000000000005e-07 tau=1.0000000000000005e-07 prediction=634.79840820595871 rho=0.40550823244140072 accept=1
  MFCG it  22 cost=2.507754e+05 lam=1.000e-07 tau=0.00e+00 cg_it=0 shift=0 ckpt=1 alpha=0 acc mv=92
PCG_PREP o=22 rebuild=1 drift=0 previous_depth=1
ATTR_RADIUS o=22 raw_norm=18608.389747863421 norm=3225.3525896296692 radius=3225.3525896296701 next_radius=3225.3525896296701 lambda=1.0000000000000005e-07 next_lambda=1.0000000000000005e-07 rho=0.37708935116849795 accept=1
CLASSICAL_LM o=22 lambda=1.0000000000000005e-07 tau=1.0000000000000005e-07 prediction=575.78241065836153 rho=0.37708935116849795 accept=1
  MFCG it  23 cost=2.505583e+05 lam=1.000e-07 tau=0.00e+00 cg_it=0 shift=0 ckpt=1 alpha=0 acc mv=94
PCG_PREP o=23 rebuild=1 drift=0 previous_depth=1
ATTR_RADIUS o=23 raw_norm=18900.246455988858 norm=3225.3525896296701 radius=3225.3525896296701 next_radius=3225.3525896296701 lambda=1.0000000000000005e-07 next_lambda=1.0000000000000005e-07 rho=0.34998308513860904 accept=1
CLASSICAL_LM o=23 lambda=1.0000000000000005e-07 tau=1.0000000000000005e-07 prediction=529.84695092564516 rho=0.34998308513860904 accept=1
  MFCG it  24 cost=2.503728e+05 lam=1.000e-07 tau=0.00e+00 cg_it=0 shift=0 ckpt=1 alpha=0 acc mv=96
PCG_PREP o=24 rebuild=1 drift=0 previous_depth=1
ATTR_RADIUS o=24 raw_norm=19155.705741882211 norm=3225.3525896296687 radius=3225.3525896296701 next_radius=3225.3525896296701 lambda=1.0000000000000005e-07 next_lambda=1.0000000000000005e-07 rho=0.32429660882396116 accept=1
CLASSICAL_LM o=24 lambda=1.0000000000000005e-07 tau=1.0000000000000005e-07 prediction=493.80008599773902 rho=0.32429660882396116 accept=1
  MFCG it  25 cost=2.502127e+05 lam=1.000e-07 tau=0.00e+00 cg_it=0 shift=0 ckpt=1 alpha=0 acc mv=98
PCG_PREP o=25 rebuild=1 drift=0 previous_depth=1
ATTR_RADIUS o=25 raw_norm=19378.792354543595 norm=3225.3525896296701 radius=3225.3525896296701 next_radius=3225.3525896296701 lambda=1.0000000000000005e-07 next_lambda=1.0000000000000005e-07 rho=0.30016793092191529 accept=1
CLASSICAL_LM o=25 lambda=1.0000000000000005e-07 tau=1.0000000000000005e-07 prediction=465.37644912396496 rho=0.30016793092191529 accept=1
  MFCG it  26 cost=2.500730e+05 lam=1.000e-07 tau=0.00e+00 cg_it=0 shift=0 ckpt=1 alpha=0 acc mv=100
PCG_PREP o=26 rebuild=1 drift=0 previous_depth=1
ATTR_RADIUS o=26 raw_norm=19565.409658488152 norm=3225.3525896296687 radius=3225.3525896296701 next_radius=3225.3525896296701 lambda=1.0000000000000005e-07 next_lambda=1.0000000000000005e-07 rho=0.27774124543675904 accept=1
CLASSICAL_LM o=26 lambda=1.0000000000000005e-07 tau=1.0000000000000005e-07 prediction=442.93563923409471 rho=0.27774124543675904 accept=1
  MFCG it  27 cost=2.499500e+05 lam=1.000e-07 tau=0.00e+00 cg_it=0 shift=0 ckpt=1 alpha=0 acc mv=102
PCG_PREP o=27 rebuild=1 drift=0 previous_depth=1
ATTR_RADIUS o=27 raw_norm=19693.806761256237 norm=3225.3525896296705 radius=3225.3525896296701 next_radius=3225.3525896296701 lambda=1.0000000000000005e-07 next_lambda=1.0000000000000005e-07 rho=0.25688237490004306 accept=1
CLASSICAL_LM o=27 lambda=1.0000000000000005e-07 tau=1.0000000000000005e-07 prediction=425.08247438667905 rho=0.25688237490004306 accept=1
  MFCG it  28 cost=2.498408e+05 lam=1.000e-07 tau=0.00e+00 cg_it=0 shift=0 ckpt=1 alpha=0 acc mv=104
PCG_PREP o=28 rebuild=1 drift=0 previous_depth=1
ATTR_RADIUS o=28 raw_norm=19802.548651487625 norm=3225.3525896296701 radius=3225.3525896296701 next_radius=806.33814740741752 lambda=1.0000000000000005e-07 next_lambda=1.6000000000000008e-06 rho=0.23753460572009355 accept=1
CLASSICAL_LM o=28 lambda=1.0000000000000005e-07 tau=1.0000000000000005e-07 prediction=410.84626883958049 rho=0.23753460572009355 accept=1
  MFCG it  29 cost=2.497432e+05 lam=1.600e-06 tau=0.00e+00 cg_it=0 shift=0 ckpt=1 alpha=0 acc mv=106
PCG_PREP o=29 rebuild=1 drift=0 previous_depth=1
ATTR_RADIUS o=29 raw_norm=4420.1552489533078 norm=806.33814740741764 radius=806.33814740741752 next_radius=1612.676294814835 lambda=1.6000000000000008e-06 next_lambda=4.0000000000000019e-07 rho=0.92638557485793815 accept=1
CLASSICAL_LM o=29 lambda=1.6000000000000008e-06 tau=1.6000000000000008e-06 prediction=415.01722280497842 rho=0.92638557485793815 accept=1
  MFCG it  30 cost=2.493587e+05 lam=4.000e-07 tau=0.00e+00 cg_it=0 shift=0 ckpt=1 alpha=0 acc mv=108
PCG_PREP o=30 rebuild=1 drift=0 previous_depth=1
ATTR_RADIUS o=30 raw_norm=12507.90072583282 norm=1612.6762948148353 radius=1612.676294814835 next_radius=1612.676294814835 lambda=4.0000000000000019e-07 next_lambda=4.0000000000000019e-07 rho=0.69548318835278777 accept=1
CLASSICAL_LM o=30 lambda=4.0000000000000019e-07 tau=4.0000000000000019e-07 prediction=231.73811633272686 rho=0.69548318835278777 accept=1
  MFCG it  31 cost=2.491975e+05 lam=4.000e-07 tau=0.00e+00 cg_it=0 shift=0 ckpt=1 alpha=0 acc mv=110
PCG_PREP o=31 rebuild=1 drift=0 previous_depth=1
ATTR_RADIUS o=31 raw_norm=12683.186486588898 norm=1612.6762948148366 radius=1612.676294814835 next_radius=1612.676294814835 lambda=4.0000000000000019e-07 next_lambda=4.0000000000000019e-07 rho=0.68824132278369121 accept=1
CLASSICAL_LM o=31 lambda=4.0000000000000019e-07 tau=4.0000000000000019e-07 prediction=203.34612029059616 rho=0.68824132278369121 accept=1
  MFCG it  32 cost=2.490576e+05 lam=4.000e-07 tau=0.00e+00 cg_it=0 shift=0 ckpt=1 alpha=0 acc mv=112
PCG_PREP o=32 rebuild=1 drift=0 previous_depth=1
ATTR_RADIUS o=32 raw_norm=12867.368839373727 norm=1612.6762948148344 radius=1612.676294814835 next_radius=1612.676294814835 lambda=4.0000000000000019e-07 next_lambda=4.0000000000000019e-07 rho=0.68142902966720498 accept=1
CLASSICAL_LM o=32 lambda=4.0000000000000019e-07 tau=4.0000000000000019e-07 prediction=179.68120409840296 rho=0.68142902966720498 accept=1
  MFCG it  33 cost=2.489352e+05 lam=4.000e-07 tau=0.00e+00 cg_it=0 shift=0 ckpt=1 alpha=0 acc mv=114
PCG_PREP o=33 rebuild=1 drift=0 previous_depth=1
ATTR_RADIUS o=33 raw_norm=13049.888478543384 norm=1612.6762948148344 radius=1612.676294814835 next_radius=1612.676294814835 lambda=4.0000000000000019e-07 next_lambda=4.0000000000000019e-07 rho=0.67575028321898567 accept=1
CLASSICAL_LM o=33 lambda=4.0000000000000019e-07 tau=4.0000000000000019e-07 prediction=160.29338458052402 rho=0.67575028321898567 accept=1
  MFCG it  34 cost=2.488268e+05 lam=4.000e-07 tau=0.00e+00 cg_it=0 shift=0 ckpt=1 alpha=0 acc mv=116
PCG_PREP o=34 rebuild=1 drift=0 previous_depth=1
ATTR_RADIUS o=34 raw_norm=13225.206882266108 norm=1612.6762948148346 radius=1612.676294814835 next_radius=1612.676294814835 lambda=4.0000000000000019e-07 next_lambda=4.0000000000000019e-07 rho=0.67111987002820672 accept=1
CLASSICAL_LM o=34 lambda=4.0000000000000019e-07 tau=4.0000000000000019e-07 prediction=144.29163075114957 rho=0.67111987002820672 accept=1
  MFCG it  35 cost=2.487300e+05 lam=4.000e-07 tau=0.00e+00 cg_it=0 shift=0 ckpt=1 alpha=0 acc mv=118
PCG_PREP o=35 rebuild=1 drift=0 previous_depth=1
ATTR_RADIUS o=35 raw_norm=13387.289425421282 norm=1612.6762948148353 radius=1612.676294814835 next_radius=1612.676294814835 lambda=4.0000000000000019e-07 next_lambda=4.0000000000000019e-07 rho=0.66740457317598523 accept=1
CLASSICAL_LM o=35 lambda=4.0000000000000019e-07 tau=4.0000000000000019e-07 prediction=130.98912998026216 rho=0.66740457317598523 accept=1
  MFCG it  36 cost=2.486426e+05 lam=4.000e-07 tau=0.00e+00 cg_it=0 shift=0 ckpt=1 alpha=0 acc mv=120
PCG_PREP o=36 rebuild=1 drift=0 previous_depth=1
ATTR_RADIUS o=36 raw_norm=13532.59877345108 norm=1612.6762948148344 radius=1612.676294814835 next_radius=1612.676294814835 lambda=4.0000000000000019e-07 next_lambda=4.0000000000000019e-07 rho=0.66450054144071857 accept=1
CLASSICAL_LM o=36 lambda=4.0000000000000019e-07 tau=4.0000000000000019e-07 prediction=119.84606629762646 rho=0.66450054144071857 accept=1
  MFCG it  37 cost=2.485629e+05 lam=4.000e-07 tau=0.00e+00 cg_it=0 shift=0 ckpt=1 alpha=0 acc mv=122
PCG_PREP o=37 rebuild=1 drift=0 previous_depth=1
ATTR_RADIUS o=37 raw_norm=19532.784004124005 norm=1612.676294814835 radius=1612.676294814835 next_radius=3225.3525896296701 lambda=4.0000000000000019e-07 next_lambda=1.0000000000000005e-07 rho=0.790618721908114 accept=1
CLASSICAL_LM o=37 lambda=4.0000000000000019e-07 tau=4.0000000000000019e-07 prediction=181.0721960793116 rho=0.790618721908114 accept=1
  MFCG it  38 cost=2.484198e+05 lam=1.000e-07 tau=0.00e+00 cg_it=1 shift=0 ckpt=2 alpha=0 acc mv=125
PCG_PREP o=38 rebuild=1 drift=0 previous_depth=2
POINT_SAFE o=38 frozen=574 slope=-109.06692821738858 candidate=248475.24025162423 original=248405.39880957152 current=248419.7835366427 won=0 mode=1 camera_scale=1 keep_scale=0
ATTR_RADIUS o=38 raw_norm=71761.092673146122 norm=1612.6762948148344 radius=3225.3525896296701 next_radius=3225.3525896296701 lambda=1.0000000000000005e-07 next_lambda=1.0000000000000005e-08 rho=0.26694301429073758 accept=1
CLASSICAL_LM o=38 lambda=1.0000000000000005e-07 tau=1.0000000000000005e-07 prediction=53.886883346263389 rho=0.26694301429073758 accept=1
  MFCG it  39 cost=2.484054e+05 lam=1.000e-08 tau=0.00e+00 cg_it=1 shift=0 ckpt=2 alpha=0 acc mv=128
PCG_PREP o=39 rebuild=1 drift=0 previous_depth=2
POINT_SAFE o=39 frozen=113 slope=-56.705037853909126 candidate=248521.35413910041 original=248402.03822400948 current=248405.39880957152 won=0 mode=1 camera_scale=1 keep_scale=0
ATTR_RADIUS o=39 raw_norm=179867.36047789757 norm=806.3381474074173 radius=3225.3525896296701 next_radius=806.33814740741752 lambda=1.0000000000000005e-08 next_lambda=1.6000000000000008e-07 rho=0.23864306170896737 accept=1
CLASSICAL_LM o=39 lambda=1.0000000000000005e-08 tau=1.0000000000000005e-08 prediction=14.082058526969181 rho=0.23864306170896737 accept=1
  MFCG it  40 cost=2.484020e+05 lam=1.600e-07 tau=0.00e+00 cg_it=1 shift=0 ckpt=2 alpha=0 acc mv=131
PCG_PREP o=40 rebuild=1 drift=0 previous_depth=2
ATTR_RADIUS o=40 raw_norm=22512.4724525784 norm=806.33814740741695 radius=806.33814740741752 next_radius=806.33814740741752 lambda=1.6000000000000008e-07 next_lambda=1.6000000000000008e-07 rho=0.68707523788879676 accept=1
CLASSICAL_LM o=40 lambda=1.6000000000000008e-07 tau=1.6000000000000008e-07 prediction=35.549125361615822 rho=0.68707523788879676 accept=1
  MFCG it  41 cost=2.483776e+05 lam=1.600e-07 tau=0.00e+00 cg_it=0 shift=0 ckpt=1 alpha=0 acc mv=133
PCG_PREP o=41 rebuild=1 drift=0 previous_depth=1
ATTR_RADIUS o=41 raw_norm=22528.143263183232 norm=806.33814740741707 radius=806.33814740741752 next_radius=806.33814740741752 lambda=1.6000000000000008e-07 next_lambda=1.6000000000000008e-07 rho=0.6782049160723701 accept=1
CLASSICAL_LM o=41 lambda=1.6000000000000008e-07 tau=1.6000000000000008e-07 prediction=33.757070578337455 rho=0.6782049160723701 accept=1
  MFCG it  42 cost=2.483547e+05 lam=1.600e-07 tau=0.00e+00 cg_it=0 shift=0 ckpt=1 alpha=0 acc mv=135
PCG_PREP o=42 rebuild=1 drift=0 previous_depth=1
ATTR_RADIUS o=42 raw_norm=22529.985886730516 norm=806.33814740741786 radius=806.33814740741752 next_radius=806.33814740741752 lambda=1.6000000000000008e-07 next_lambda=1.6000000000000008e-07 rho=0.6773741865591677 accept=1
CLASSICAL_LM o=42 lambda=1.6000000000000008e-07 tau=1.6000000000000008e-07 prediction=32.850838989522053 rho=0.6773741865591677 accept=1
  MFCG it  43 cost=2.483325e+05 lam=1.600e-07 tau=0.00e+00 cg_it=0 shift=0 ckpt=1 alpha=0 acc mv=137
PCG_PREP o=43 rebuild=1 drift=0 previous_depth=1
ATTR_RADIUS o=43 raw_norm=22528.943138831542 norm=806.33814740741752 radius=806.33814740741752 next_radius=806.33814740741752 lambda=1.6000000000000008e-07 next_lambda=1.6000000000000008e-07 rho=0.67670499449354871 accept=1
CLASSICAL_LM o=43 lambda=1.6000000000000008e-07 tau=1.6000000000000008e-07 prediction=31.993502086493532 rho=0.67670499449354871 accept=1
  MFCG it  44 cost=2.483108e+05 lam=1.600e-07 tau=0.00e+00 cg_it=0 shift=0 ckpt=1 alpha=0 acc mv=139
PCG_PREP o=44 rebuild=1 drift=0 previous_depth=1
ATTR_RADIUS o=44 raw_norm=22525.338716643222 norm=806.33814740741752 radius=806.33814740741752 next_radius=806.33814740741752 lambda=1.6000000000000008e-07 next_lambda=1.6000000000000008e-07 rho=0.67620407415792205 accept=1
CLASSICAL_LM o=44 lambda=1.6000000000000008e-07 tau=1.6000000000000008e-07 prediction=31.180278458858702 rho=0.67620407415792205 accept=1
  MFCG it  45 cost=2.482897e+05 lam=1.600e-07 tau=0.00e+00 cg_it=0 shift=0 ckpt=1 alpha=0 acc mv=141
PCG_PREP o=45 rebuild=1 drift=0 previous_depth=1
ATTR_RADIUS o=45 raw_norm=22518.815259485968 norm=806.33814740741775 radius=806.33814740741752 next_radius=806.33814740741752 lambda=1.6000000000000008e-07 next_lambda=1.6000000000000008e-07 rho=0.67586031507985489 accept=1
CLASSICAL_LM o=45 lambda=1.6000000000000008e-07 tau=1.6000000000000008e-07 prediction=30.409307419953485 rho=0.67586031507985489 accept=1
  MFCG it  46 cost=2.482692e+05 lam=1.600e-07 tau=0.00e+00 cg_it=0 shift=0 ckpt=1 alpha=0 acc mv=143
PCG_PREP o=46 rebuild=1 drift=0 previous_depth=1
ATTR_RADIUS o=46 raw_norm=22509.578567821362 norm=806.33814740741764 radius=806.33814740741752 next_radius=806.33814740741752 lambda=1.6000000000000008e-07 next_lambda=1.6000000000000008e-07 rho=0.6756749700868665 accept=1
CLASSICAL_LM o=46 lambda=1.6000000000000008e-07 tau=1.6000000000000008e-07 prediction=29.677691657797265 rho=0.6756749700868665 accept=1
  MFCG it  47 cost=2.482491e+05 lam=1.600e-07 tau=0.00e+00 cg_it=0 shift=0 ckpt=1 alpha=0 acc mv=145
PCG_PREP o=47 rebuild=1 drift=0 previous_depth=1
ATTR_RADIUS o=47 raw_norm=22497.889512388083 norm=806.33814740741764 radius=806.33814740741752 next_radius=806.33814740741752 lambda=1.6000000000000008e-07 next_lambda=1.6000000000000008e-07 rho=0.67564894072377391 accept=1
CLASSICAL_LM o=47 lambda=1.6000000000000008e-07 tau=1.6000000000000008e-07 prediction=28.982966027550113 rho=0.67564894072377391 accept=1
  MFCG it  48 cost=2.482295e+05 lam=1.600e-07 tau=0.00e+00 cg_it=0 shift=0 ckpt=1 alpha=0 acc mv=147
PCG_PREP o=48 rebuild=1 drift=0 previous_depth=1
ATTR_RADIUS o=48 raw_norm=22484.14203456941 norm=806.33814740741775 radius=806.33814740741752 next_radius=806.33814740741752 lambda=1.6000000000000008e-07 next_lambda=1.6000000000000008e-07 rho=0.67578192857732666 accept=1
CLASSICAL_LM o=48 lambda=1.6000000000000008e-07 tau=1.6000000000000008e-07 prediction=28.322885187073155 rho=0.67578192857732666 accept=1
  MFCG it  49 cost=2.482104e+05 lam=1.600e-07 tau=0.00e+00 cg_it=0 shift=0 ckpt=1 alpha=0 acc mv=149
PCG_PREP o=49 rebuild=1 drift=0 previous_depth=1
ATTR_RADIUS o=49 raw_norm=36706.926972001427 norm=806.33814740741786 radius=806.33814740741752 next_radius=1612.676294814835 lambda=1.6000000000000008e-07 next_lambda=4.0000000000000021e-08 rho=0.79844821539546218 accept=1
CLASSICAL_LM o=49 lambda=1.6000000000000008e-07 tau=1.6000000000000008e-07 prediction=44.239448504546587 rho=0.79844821539546218 accept=1
  MFCG it  50 cost=2.481751e+05 lam=4.000e-08 tau=0.00e+00 cg_it=1 shift=0 ckpt=2 alpha=0 acc mv=152
PCG_PREP o=50 rebuild=1 drift=0 previous_depth=2
POINT_SAFE o=50 frozen=550 slope=-30.67854622729179 candidate=248179.72912405842 original=248168.64816450322 current=248175.08215421162 won=0 mode=1 camera_scale=1 keep_scale=0
ATTR_RADIUS o=50 raw_norm=120026.47517992348 norm=806.33814740741752 radius=1612.676294814835 next_radius=1612.676294814835 lambda=4.0000000000000021e-08 next_lambda=4.0000000000000019e-09 rho=0.42076679538153827 accept=1
CLASSICAL_LM o=50 lambda=4.0000000000000021e-08 tau=4.0000000000000021e-08 prediction=15.291106092544743 rho=0.42076679538153827 accept=1
  MFCG it  51 cost=2.481686e+05 lam=4.000e-09 tau=0.00e+00 cg_it=1 shift=0 ckpt=2 alpha=0 acc mv=155
PCG_PREP o=51 rebuild=1 drift=0 previous_depth=2
NUMERIC_REPAIR o=51 lambda=4.0000000000000019e-09 rayleigh=-1.6351753391698221e-08 next_lambda=8.1407013566792894e-08 cg=2 rebuild=1
PCG_PREP o=51 rebuild=1 drift=0 previous_depth=2
ATTR_RADIUS o=51 raw_norm=32718.703412732411 norm=0 radius=1612.676294814835 next_radius=403.16907370370876 lambda=8.1407013566792894e-08 next_lambda=1.3025122170686863e-06 rho=0.098030536684251615 accept=0
CLASSICAL_LM o=51 lambda=8.1407013566792894e-08 tau=8.1407013566792894e-08 prediction=39.236549497642791 rho=0.098030536684251615 accept=0
  MFCG it  52  retry 1/8  lam=1.303e-06 tau_eff=8.141e-08  (assembly reused)
PCG_PREP o=51 rebuild=1 drift=0 previous_depth=1
ATTR_RADIUS o=51 raw_norm=3905.7329411021296 norm=403.16907370370876 radius=403.16907370370876 next_radius=806.33814740741752 lambda=1.3025122170686863e-06 next_lambda=3.2562805426717158e-07 rho=0.95841208825837387 accept=1
CLASSICAL_LM o=51 lambda=1.3025122170686863e-06 tau=1.3025122170686863e-06 prediction=69.81427217525551 rho=0.95841208825837387 accept=1
  MFCG it  52 cost=2.481017e+05 lam=3.256e-07 tau=0.00e+00 cg_it=0 shift=0 ckpt=1 alpha=0 acc mv=162
PCG_PREP o=52 rebuild=1 drift=0 previous_depth=1
ATTR_RADIUS o=52 raw_norm=14848.588961866453 norm=806.3381474074173 radius=806.33814740741752 next_radius=1612.676294814835 lambda=3.2562805426717158e-07 next_lambda=8.1407013566792894e-08 rho=0.92177083479077171 accept=1
CLASSICAL_LM o=52 lambda=3.2562805426717158e-07 tau=3.2562805426717158e-07 prediction=95.844120617167675 rho=0.92177083479077171 accept=1
  MFCG it  53 cost=2.480134e+05 lam=8.141e-08 tau=0.00e+00 cg_it=1 shift=0 ckpt=2 alpha=0 acc mv=165
PCG_PREP o=53 rebuild=1 drift=0 previous_depth=2
ATTR_RADIUS o=53 raw_norm=71312.407482317751 norm=1612.6762948148357 radius=1612.676294814835 next_radius=1612.676294814835 lambda=8.1407013566792894e-08 next_lambda=8.1407013566792894e-08 rho=0.28736576884172227 accept=1
CLASSICAL_LM o=53 lambda=8.1407013566792894e-08 tau=8.1407013566792894e-08 prediction=43.207798336509242 rho=0.28736576884172227 accept=1
  MFCG it  54 cost=2.480010e+05 lam=8.141e-08 tau=0.00e+00 cg_it=1 shift=0 ckpt=2 alpha=0 acc mv=168
PCG_PREP o=54 rebuild=1 drift=0 previous_depth=2
POINT_SAFE o=54 frozen=54 slope=-33.734458344668255 candidate=248001.41271108383 original=247992.9845147219 current=248000.97456485749 won=0 mode=1 camera_scale=1 keep_scale=0
ATTR_RADIUS o=54 raw_norm=34515.970308917385 norm=806.33814740741741 radius=1612.676294814835 next_radius=1612.676294814835 lambda=8.1407013566792894e-08 next_lambda=8.1407013566792894e-08 rho=0.4814969554126789 accept=1
CLASSICAL_LM o=54 lambda=8.1407013566792894e-08 tau=8.1407013566792894e-08 prediction=16.594186205683766 rho=0.4814969554126789 accept=1
  MFCG it  55 cost=2.479930e+05 lam=8.141e-08 tau=0.00e+00 cg_it=0 shift=0 ckpt=1 alpha=0 acc mv=170
PCG_PREP o=55 rebuild=1 drift=0 previous_depth=1
POINT_SAFE o=55 frozen=86 slope=-33.423567137622598 candidate=247993.47719578916 original=247985.05926768319 current=247992.9845147219 won=0 mode=1 camera_scale=1 keep_scale=0
ATTR_RADIUS o=55 raw_norm=34237.106426127553 norm=806.33814740741752 radius=1612.676294814835 next_radius=1612.676294814835 lambda=8.1407013566792894e-08 next_lambda=8.1407013566792894e-08 rho=0.48081255647318488 accept=1
CLASSICAL_LM o=55 lambda=8.1407013566792894e-08 tau=8.1407013566792894e-08 prediction=16.483028431801326 rho=0.48081255647318488 accept=1
  MFCG it  56 cost=2.479851e+05 lam=8.141e-08 tau=0.00e+00 cg_it=0 shift=0 ckpt=1 alpha=0 acc mv=172
PCG_PREP o=56 rebuild=1 drift=0 previous_depth=1
POINT_SAFE o=56 frozen=139 slope=-33.67156061639254 candidate=247985.15218784235 original=247976.9589587987 current=247985.05926768319 won=0 mode=1 camera_scale=1 keep_scale=0
ATTR_RADIUS o=56 raw_norm=33957.183180946507 norm=806.33814740741752 radius=1612.676294814835 next_radius=1612.676294814835 lambda=8.1407013566792894e-08 next_lambda=8.1407013566792894e-08 rho=0.48726699179493188 accept=1
CLASSICAL_LM o=56 lambda=8.1407013566792894e-08 tau=8.1407013566792894e-08 prediction=16.62396390662397 rho=0.48726699179493188 accept=1
  MFCG it  57 cost=2.479770e+05 lam=8.141e-08 tau=0.00e+00 cg_it=0 shift=0 ckpt=1 alpha=0 acc mv=174
PCG_PREP o=57 rebuild=1 drift=0 previous_depth=1
ATTR_RADIUS o=57 raw_norm=33723.874312918619 norm=0 radius=1612.676294814835 next_radius=403.16907370370876 lambda=8.1407013566792894e-08 next_lambda=1.3025122170686863e-06 rho=0.086032955210267742 accept=0
CLASSICAL_LM o=57 lambda=8.1407013566792894e-08 tau=8.1407013566792894e-08 prediction=35.982012327568413 rho=0.086032955210267742 accept=0
  MFCG it  58  retry 1/8  lam=1.303e-06 tau_eff=8.141e-08  (assembly reused)
PCG_PREP o=57 rebuild=1 drift=0 previous_depth=1
ATTR_RADIUS o=57 raw_norm=3619.5499659173583 norm=403.16907370370882 radius=403.16907370370876 next_radius=806.33814740741752 lambda=1.3025122170686863e-06 next_lambda=3.2562805426717158e-07 rho=0.95835639457567867 accept=1
CLASSICAL_LM o=57 lambda=1.3025122170686863e-06 tau=1.3025122170686863e-06 prediction=63.229067967229511 rho=0.95835639457567867 accept=1
  MFCG it  58 cost=2.479164e+05 lam=3.256e-07 tau=0.00e+00 cg_it=0 shift=0 ckpt=1 alpha=0 acc mv=178
PCG_PREP o=58 rebuild=1 drift=0 previous_depth=1
ATTR_RADIUS o=58 raw_norm=11609.488044316915 norm=806.33814740741752 radius=806.33814740741752 next_radius=1612.676294814835 lambda=3.2562805426717158e-07 next_lambda=8.1407013566792894e-08 rho=0.94461608888909654 accept=1
CLASSICAL_LM o=58 lambda=3.2562805426717158e-07 tau=3.2562805426717158e-07 prediction=111.92940560646201 rho=0.94461608888909654 accept=1
  MFCG it  59 cost=2.478106e+05 lam=8.141e-08 tau=0.00e+00 cg_it=1 shift=0 ckpt=2 alpha=0 acc mv=181
PCG_PREP o=59 rebuild=1 drift=0 previous_depth=2
ATTR_RADIUS o=59 raw_norm=60722.529195119132 norm=1612.676294814835 radius=1612.676294814835 next_radius=1612.676294814835 lambda=8.1407013566792894e-08 next_lambda=8.1407013566792894e-08 rho=0.56873661305462808 accept=1
CLASSICAL_LM o=59 lambda=8.1407013566792894e-08 tau=8.1407013566792894e-08 prediction=69.667315989565253 rho=0.56873661305462808 accept=1
  MFCG it  60 cost=2.477710e+05 lam=8.141e-08 tau=0.00e+00 cg_it=1 shift=0 ckpt=2 alpha=0 acc mv=184
PCG_PREP o=60 rebuild=1 drift=0 previous_depth=2
ATTR_RADIUS o=60 raw_norm=36662.665727862433 norm=0 radius=1612.676294814835 next_radius=403.16907370370876 lambda=8.1407013566792894e-08 next_lambda=1.3025122170686863e-06 rho=0.0072290453900542518 accept=0
CLASSICAL_LM o=60 lambda=8.1407013566792894e-08 tau=8.1407013566792894e-08 prediction=30.285822501405605 rho=0.0072290453900542518 accept=0
  MFCG it  61  retry 1/8  lam=1.303e-06 tau_eff=8.141e-08  (assembly reused)
PCG_PREP o=60 rebuild=1 drift=0 previous_depth=1
ATTR_RADIUS o=60 raw_norm=3784.5955906800596 norm=403.16907370370888 radius=403.16907370370876 next_radius=806.33814740741752 lambda=1.3025122170686863e-06 next_lambda=3.2562805426717158e-07 rho=0.95888078704833413 accept=1
CLASSICAL_LM o=60 lambda=1.3025122170686863e-06 tau=1.3025122170686863e-06 prediction=57.602270656869152 rho=0.95888078704833413 accept=1
  MFCG it  61 cost=2.477158e+05 lam=3.256e-07 tau=0.00e+00 cg_it=0 shift=0 ckpt=1 alpha=0 acc mv=188
PCG_PREP o=61 rebuild=1 drift=0 previous_depth=1
ATTR_RADIUS o=61 raw_norm=9624.4033162936539 norm=806.3381474074173 radius=806.33814740741752 next_radius=1612.676294814835 lambda=3.2562805426717158e-07 next_lambda=8.1407013566792894e-08 rho=0.95575289494554827 accept=1
CLASSICAL_LM o=61 lambda=3.2562805426717158e-07 tau=3.2562805426717158e-07 prediction=120.26483053441464 rho=0.95575289494554827 accept=1
  MFCG it  62 cost=2.476008e+05 lam=8.141e-08 tau=0.00e+00 cg_it=1 shift=0 ckpt=2 alpha=0 acc mv=191
PCG_PREP o=62 rebuild=1 drift=0 previous_depth=2
ATTR_RADIUS o=62 raw_norm=58433.532193945561 norm=1612.6762948148355 radius=1612.676294814835 next_radius=1612.676294814835 lambda=8.1407013566792894e-08 next_lambda=8.1407013566792894e-08 rho=0.40062197052215004 accept=1
CLASSICAL_LM o=62 lambda=8.1407013566792894e-08 tau=8.1407013566792894e-08 prediction=42.104457263714018 rho=0.40062197052215004 accept=1
  MFCG it  63 cost=2.475840e+05 lam=8.141e-08 tau=0.00e+00 cg_it=1 shift=0 ckpt=2 alpha=0 acc mv=194
PCG_PREP o=63 rebuild=1 drift=0 previous_depth=2
POINT_SAFE o=63 frozen=32 slope=-22.700373449181015 candidate=247589.51101302714 original=247579.8771664199 current=247583.96516529369 won=0 mode=1 camera_scale=1 keep_scale=0
ATTR_RADIUS o=63 raw_norm=37602.197853932215 norm=806.33814740741798 radius=1612.676294814835 next_radius=1612.676294814835 lambda=8.1407013566792894e-08 next_lambda=8.1407013566792894e-08 rho=0.36671556097748548 accept=1
CLASSICAL_LM o=63 lambda=8.1407013566792894e-08 tau=8.1407013566792894e-08 prediction=11.147601325916964 rho=0.36671556097748548 accept=1
  MFCG it  64 cost=2.475799e+05 lam=8.141e-08 tau=0.00e+00 cg_it=0 shift=0 ckpt=1 alpha=0 acc mv=196
PCG_PREP o=64 rebuild=1 drift=0 previous_depth=1
POINT_SAFE o=64 frozen=69 slope=-22.536814404957891 candidate=247585.57726307304 original=247575.84669193643 current=247579.8771664199 won=0 mode=1 camera_scale=1 keep_scale=0
ATTR_RADIUS o=64 raw_norm=37052.490086885518 norm=806.33814740741752 radius=1612.676294814835 next_radius=1612.676294814835 lambda=8.1407013566792894e-08 next_lambda=8.1407013566792894e-08 rho=0.36273917358492463 accept=1
CLASSICAL_LM o=64 lambda=8.1407013566792894e-08 tau=8.1407013566792894e-08 prediction=11.111219236784322 rho=0.36273917358492463 accept=1
  MFCG it  65 cost=2.475758e+05 lam=8.141e-08 tau=0.00e+00 cg_it=0 shift=0 ckpt=1 alpha=0 acc mv=198
PCG_PREP o=65 rebuild=1 drift=0 previous_depth=1
POINT_SAFE o=65 frozen=107 slope=-22.602852522105625 candidate=247581.54681886089 original=247571.79136080685 current=247575.84669193643 won=0 mode=1 camera_scale=1 keep_scale=0
ATTR_RADIUS o=65 raw_norm=36524.598780727778 norm=806.33814740741786 radius=1612.676294814835 next_radius=1612.676294814835 lambda=8.1407013566792894e-08 next_lambda=8.1407013566792894e-08 rho=0.36336355622146238 accept=1
CLASSICAL_LM o=65 lambda=8.1407013566792894e-08 tau=8.1407013566792894e-08 prediction=11.160533466127511 rho=0.36336355622146238 accept=1
  MFCG it  66 cost=2.475718e+05 lam=8.141e-08 tau=0.00e+00 cg_it=0 shift=0 ckpt=1 alpha=0 acc mv=200
PCG_PREP o=66 rebuild=1 drift=0 previous_depth=1
POINT_SAFE o=66 frozen=125 slope=-22.762782496963307 candidate=247577.43875108779 original=247567.68126495389 current=247571.79136080685 won=0 mode=1 camera_scale=1 keep_scale=0
ATTR_RADIUS o=66 raw_norm=35989.358569817217 norm=806.33814740741764 radius=1612.676294814835 next_radius=1612.676294814835 lambda=8.1407013566792894e-08 next_lambda=8.1407013566792894e-08 rho=0.36547974569236824 accept=1
CLASSICAL_LM o=66 lambda=8.1407013566792894e-08 tau=8.1407013566792894e-08 prediction=11.245755480021664 rho=0.36547974569236824 accept=1
  MFCG it  67 cost=2.475677e+05 lam=8.141e-08 tau=0.00e+00 cg_it=0 shift=0 ckpt=1 alpha=0 acc mv=202
PCG_PREP o=67 rebuild=1 drift=0 previous_depth=1
POINT_SAFE o=67 frozen=140 slope=-22.963328287663668 candidate=247573.24034522934 original=247563.50062575951 current=247567.68126495389 won=0 mode=1 camera_scale=1 keep_scale=0
ATTR_RADIUS o=67 raw_norm=35463.003716008781 norm=806.33814740741752 radius=1612.676294814835 next_radius=1612.676294814835 lambda=8.1407013566792894e-08 next_lambda=8.1407013566792894e-08 rho=0.36844483787487131 accept=1
CLASSICAL_LM o=67 lambda=8.1407013566792894e-08 tau=8.1407013566792894e-08 prediction=11.346716698477996 rho=0.36844483787487131 accept=1
  MFCG it  68 cost=2.475635e+05 lam=8.141e-08 tau=0.00e+00 cg_it=0 shift=0 ckpt=1 alpha=0 acc mv=204
PCG_PREP o=68 rebuild=1 drift=0 previous_depth=1
POINT_SAFE o=68 frozen=161 slope=-23.174298185499005 candidate=247568.90900804021 original=247559.23274237223 current=247563.50062575951 won=0 mode=1 camera_scale=1 keep_scale=0
ATTR_RADIUS o=68 raw_norm=34969.916578110948 norm=806.3381474074173 radius=1612.676294814835 next_radius=1612.676294814835 lambda=8.1407013566792894e-08 next_lambda=8.1407013566792894e-08 rho=0.37270992991628976 accept=1
CLASSICAL_LM o=68 lambda=8.1407013566792894e-08 tau=8.1407013566792894e-08 prediction=11.450951650889463 rho=0.37270992991628976 accept=1
  MFCG it  69 cost=2.475592e+05 lam=8.141e-08 tau=0.00e+00 cg_it=0 shift=0 ckpt=1 alpha=0 acc mv=206
PCG_PREP o=69 rebuild=1 drift=0 previous_depth=1
POINT_SAFE o=69 frozen=171 slope=-23.413752663536723 candidate=247564.49241982686 original=247554.87165539933 current=247559.23274237223 won=0 mode=1 camera_scale=1 keep_scale=0
ATTR_RADIUS o=69 raw_norm=34453.10678704099 norm=806.33814740741718 radius=1612.676294814835 next_radius=1612.676294814835 lambda=8.1407013566792894e-08 next_lambda=8.1407013566792894e-08 rho=0.37698599367307634 accept=1
CLASSICAL_LM o=69 lambda=8.1407013566792894e-08 tau=8.1407013566792894e-08 prediction=11.568299740822152 rho=0.37698599367307634 accept=1
  MFCG it  70 cost=2.475549e+05 lam=8.141e-08 tau=0.00e+00 cg_it=0 shift=0 ckpt=1 alpha=0 acc mv=208
PCG_PREP o=70 rebuild=1 drift=0 previous_depth=1
POINT_SAFE o=70 frozen=189 slope=-23.681344048286043 candidate=247559.96039769819 original=247550.40507818872 current=247554.87165539933 won=0 mode=1 camera_scale=1 keep_scale=0
ATTR_RADIUS o=70 raw_norm=33940.05566391188 norm=806.33814740741752 radius=1612.676294814835 next_radius=1612.676294814835 lambda=8.1407013566792894e-08 next_lambda=8.1407013566792894e-08 rho=0.38178933985880442 accept=1
CLASSICAL_LM o=70 lambda=8.1407013566792894e-08 tau=8.1407013566792894e-08 prediction=11.699062137934387 rho=0.38178933985880442 accept=1
  MFCG it  71 cost=2.475504e+05 lam=8.141e-08 tau=0.00e+00 cg_it=0 shift=0 ckpt=1 alpha=0 acc mv=210
PCG_PREP o=71 rebuild=1 drift=0 previous_depth=1
POINT_SAFE o=71 frozen=213 slope=-24.015391323174679 candidate=247555.3348471761 original=247545.81963605358 current=247550.40507818872 won=0 mode=1 camera_scale=1 keep_scale=0
ATTR_RADIUS o=71 raw_norm=33390.4371478229 norm=806.33814740741764 radius=1612.676294814835 next_radius=1612.676294814835 lambda=8.1407013566792894e-08 next_lambda=8.1407013566792894e-08 rho=0.38655449608830822 accept=1
CLASSICAL_LM o=71 lambda=8.1407013566792894e-08 tau=8.1407013566792894e-08 prediction=11.862343295813222 rho=0.38655449608830822 accept=1
  MFCG it  72 cost=2.475458e+05 lam=8.141e-08 tau=0.00e+00 cg_it=0 shift=0 ckpt=1 alpha=0 acc mv=212
PCG_PREP o=72 rebuild=1 drift=0 previous_depth=1
POINT_SAFE o=72 frozen=224 slope=-24.484144823945499 candidate=247550.45878791786 original=247541.04888981138 current=247545.81963605358 won=0 mode=1 camera_scale=1 keep_scale=0
ATTR_RADIUS o=72 raw_norm=32842.652834905603 norm=806.33814740741821 radius=1612.676294814835 next_radius=1612.676294814835 lambda=8.1407013566792894e-08 next_lambda=8.1407013566792894e-08 rho=0.39451713787310599 accept=1
CLASSICAL_LM o=72 lambda=8.1407013566792894e-08 tau=8.1407013566792894e-08 prediction=12.092621040283543 rho=0.39451713787310599 accept=1
  MFCG it  73 cost=2.475410e+05 lam=8.141e-08 tau=0.00e+00 cg_it=0 shift=0 ckpt=1 alpha=0 acc mv=214
PCG_PREP o=73 rebuild=1 drift=0 previous_depth=1
POINT_SAFE o=73 frozen=244 slope=-25.627026223061616 candidate=247544.76252711006 original=247535.76572233057 current=247541.04888981138 won=0 mode=1 camera_scale=1 keep_scale=0
ATTR_RADIUS o=73 raw_norm=32278.38257874631 norm=806.33814740741752 radius=1612.676294814835 next_radius=1612.676294814835 lambda=8.1407013566792894e-08 next_lambda=8.1407013566792894e-08 rho=0.41732308721639733 accept=1
CLASSICAL_LM o=73 lambda=8.1407013566792894e-08 tau=8.1407013566792894e-08 prediction=12.659657811051627 rho=0.41732308721639733 accept=1
  MFCG it  74 cost=2.475358e+05 lam=8.141e-08 tau=0.00e+00 cg_it=0 shift=0 ckpt=1 alpha=0 acc mv=216
PCG_PREP o=74 rebuild=1 drift=0 previous_depth=1
ATTR_RADIUS o=74 raw_norm=31890.074472687982 norm=1612.6762948148364 radius=1612.676294814835 next_radius=403.16907370370876 lambda=8.1407013566792894e-08 next_lambda=1.3025122170686863e-06 rho=0.15423376433036756 accept=1
CLASSICAL_LM o=74 lambda=8.1407013566792894e-08 tau=8.1407013566792894e-08 prediction=34.403717493707049 rho=0.15423376433036756 accept=1
  MFCG it  75 cost=2.475305e+05 lam=1.303e-06 tau=0.00e+00 cg_it=0 shift=0 ckpt=1 alpha=0 acc mv=218
PCG_PREP o=75 rebuild=1 drift=0 previous_depth=1
ATTR_RADIUS o=75 raw_norm=2686.9715796450964 norm=403.1690737037087 radius=403.16907370370876 next_radius=806.33814740741752 lambda=1.3025122170686863e-06 next_lambda=3.2562805426717158e-07 rho=0.93018381977845965 accept=1
CLASSICAL_LM o=75 lambda=1.3025122170686863e-06 tau=1.3025122170686863e-06 prediction=117.41956911122453 rho=0.93018381977845965 accept=1
  MFCG it  76 cost=2.474212e+05 lam=3.256e-07 tau=0.00e+00 cg_it=0 shift=0 ckpt=1 alpha=0 acc mv=220
PCG_PREP o=76 rebuild=1 drift=0 previous_depth=1
ATTR_RADIUS o=76 raw_norm=6605.3253292881463 norm=806.33814740741752 radius=806.33814740741752 next_radius=1612.676294814835 lambda=3.2562805426717158e-07 next_lambda=8.1407013566792894e-08 rho=0.97485633370099767 accept=1
CLASSICAL_LM o=76 lambda=3.2562805426717158e-07 tau=3.2562805426717158e-07 prediction=275.65366572400723 rho=0.97485633370099767 accept=1
  MFCG it  77 cost=2.471525e+05 lam=8.141e-08 tau=0.00e+00 cg_it=1 shift=0 ckpt=2 alpha=0 acc mv=223
PCG_PREP o=77 rebuild=1 drift=0 previous_depth=2
ATTR_RADIUS o=77 raw_norm=36054.434056559308 norm=0 radius=1612.676294814835 next_radius=403.16907370370876 lambda=8.1407013566792894e-08 next_lambda=1.3025122170686863e-06 rho=0.016144019615149139 accept=0
CLASSICAL_LM o=77 lambda=8.1407013566792894e-08 tau=8.1407013566792894e-08 prediction=22.207427782657486 rho=0.016144019615149139 accept=0
  MFCG it  78  retry 1/8  lam=1.303e-06 tau_eff=8.141e-08  (assembly reused)
PCG_PREP o=77 rebuild=1 drift=0 previous_depth=1
ATTR_RADIUS o=77 raw_norm=6131.4950038356246 norm=403.16907370370865 radius=403.16907370370876 next_radius=806.33814740741752 lambda=1.3025122170686863e-06 next_lambda=3.2562805426717158e-07 rho=1.0043640117841985 accept=1
CLASSICAL_LM o=77 lambda=1.3025122170686863e-06 tau=1.3025122170686863e-06 prediction=89.120093783847636 rho=1.0043640117841985 accept=1
  MFCG it  78 cost=2.470630e+05 lam=3.256e-07 tau=0.00e+00 cg_it=1 shift=0 ckpt=2 alpha=0 acc mv=228
PCG_PREP o=78 rebuild=1 drift=0 previous_depth=2
ATTR_RADIUS o=78 raw_norm=18266.775676109482 norm=806.33814740741752 radius=806.33814740741752 next_radius=1612.676294814835 lambda=3.2562805426717158e-07 next_lambda=8.1407013566792894e-08 rho=0.93472008059292211 accept=1
CLASSICAL_LM o=78 lambda=3.2562805426717158e-07 tau=3.2562805426717158e-07 prediction=67.897948130916078 rho=0.93472008059292211 accept=1
  MFCG it  79 cost=2.469995e+05 lam=8.141e-08 tau=0.00e+00 cg_it=2 shift=0 ckpt=3 alpha=0 acc mv=232
PCG_PREP o=79 rebuild=1 drift=0 previous_depth=3
POINT_SAFE o=79 frozen=661 slope=-14.22374771346044 candidate=247005.8642524677 original=246997.54091232139 current=246999.54041175064 won=0 mode=1 camera_scale=1 keep_scale=0
ATTR_RADIUS o=79 raw_norm=36659.264595778361 norm=806.33814740741798 radius=1612.676294814835 next_radius=1612.676294814835 lambda=8.1407013566792894e-08 next_lambda=8.1407013566792894e-08 rho=0.28562125341285949 accept=1
CLASSICAL_LM o=79 lambda=8.1407013566792894e-08 tau=8.1407013566792894e-08 prediction=7.0005274655100749 rho=0.28562125341285949 accept=1
  MFCG it  80 cost=2.469975e+05 lam=8.141e-08 tau=0.00e+00 cg_it=0 shift=0 ckpt=1 alpha=0 acc mv=234
PCG_PREP o=80 rebuild=1 drift=0 previous_depth=1
POINT_SAFE o=80 frozen=199 slope=-14.354602082022387 candidate=247004.02883535979 original=246995.57112050426 current=246997.54091232139 won=0 mode=1 camera_scale=1 keep_scale=0
ATTR_RADIUS o=80 raw_norm=35978.934013494028 norm=806.33814740741741 radius=1612.676294814835 next_radius=1612.676294814835 lambda=8.1407013566792894e-08 next_lambda=8.1407013566792894e-08 rho=0.27781408946917469 accept=1
CLASSICAL_LM o=80 lambda=8.1407013566792894e-08 tau=8.1407013566792894e-08 prediction=7.0903236797432161 rho=0.27781408946917469 accept=1
  MFCG it  81 cost=2.469956e+05 lam=8.141e-08 tau=0.00e+00 cg_it=0 shift=0 ckpt=1 alpha=0 acc mv=236
PCG_PREP o=81 rebuild=1 drift=0 previous_depth=1
POINT_SAFE o=81 frozen=154 slope=-14.658543680929483 candidate=247002.1307179436 original=246993.5602690682 current=246995.57112050426 won=0 mode=1 camera_scale=1 keep_scale=0
ATTR_RADIUS o=81 raw_norm=35255.472303534843 norm=806.3381474074173 radius=1612.676294814835 next_radius=1612.676294814835 lambda=8.1407013566792894e-08 next_lambda=8.1407013566792894e-08 rho=0.27763324154956626 accept=1
CLASSICAL_LM o=81 lambda=8.1407013566792894e-08 tau=8.1407013566792894e-08 prediction=7.2428338366059259 rho=0.27763324154956626 accept=1
  MFCG it  82 cost=2.469936e+05 lam=8.141e-08 tau=0.00e+00 cg_it=0 shift=0 ckpt=1 alpha=0 acc mv=238
PCG_PREP o=82 rebuild=1 drift=0 previous_depth=1
POINT_SAFE o=82 frozen=141 slope=-14.989899412573308 candidate=247000.15494877839 original=246991.48847177476 current=246993.5602690682 won=0 mode=1 camera_scale=1 keep_scale=0
ATTR_RADIUS o=82 raw_norm=34529.068058970421 norm=806.33814740741695 radius=1612.676294814835 next_radius=1612.676294814835 lambda=8.1407013566792894e-08 next_lambda=8.1407013566792894e-08 rho=0.27976797647159957 accept=1
CLASSICAL_LM o=82 lambda=8.1407013566792894e-08 tau=8.1407013566792894e-08 prediction=7.4054125835469407 rho=0.27976797647159957 accept=1
  MFCG it  83 cost=2.469915e+05 lam=8.141e-08 tau=0.00e+00 cg_it=0 shift=0 ckpt=1 alpha=0 acc mv=240
PCG_PREP o=83 rebuild=1 drift=0 previous_depth=1
POINT_SAFE o=83 frozen=137 slope=-15.32970400125418 candidate=246998.08919484206 original=246989.34425462395 current=246991.48847177476 won=0 mode=1 camera_scale=1 keep_scale=0
ATTR_RADIUS o=83 raw_norm=33814.193161593299 norm=806.33814740741752 radius=1612.676294814835 next_radius=1612.676294814835 lambda=8.1407013566792894e-08 next_lambda=8.1407013566792894e-08 rho=0.2831945052404507 accept=1
CLASSICAL_LM o=83 lambda=8.1407013566792894e-08 tau=8.1407013566792894e-08 prediction=7.5715351503346717 rho=0.2831945052404507 accept=1
  MFCG it  84 cost=2.469893e+05 lam=8.141e-08 tau=0.00e+00 cg_it=0 shift=0 ckpt=1 alpha=0 acc mv=242
PCG_PREP o=84 rebuild=1 drift=0 previous_depth=1
POINT_SAFE o=84 frozen=138 slope=-15.675219714147996 candidate=246995.92405209001 original=246987.11827544225 current=246989.34425462395 won=0 mode=1 camera_scale=1 keep_scale=0
ATTR_RADIUS o=84 raw_norm=33115.179875986032 norm=806.33814740741786 radius=1612.676294814835 next_radius=1612.676294814835 lambda=8.1407013566792894e-08 next_lambda=8.1407013566792894e-08 rho=0.28758342421821947 accept=1
CLASSICAL_LM o=84 lambda=8.1407013566792894e-08 tau=8.1407013566792894e-08 prediction=7.7402902749219669 rho=0.28758342421821947 accept=1
  MFCG it  85 cost=2.469871e+05 lam=8.141e-08 tau=0.00e+00 cg_it=0 shift=0 ckpt=1 alpha=0 acc mv=244
PCG_PREP o=85 rebuild=1 drift=0 previous_depth=1
POINT_SAFE o=85 frozen=144 slope=-16.025523411487544 candidate=246993.65149102674 original=246984.80221710962 current=246987.11827544225 won=0 mode=1 camera_scale=1 keep_scale=0
ATTR_RADIUS o=85 raw_norm=32433.054654559135 norm=806.3381474074173 radius=1612.676294814835 next_radius=1612.676294814835 lambda=8.1407013566792894e-08 next_lambda=8.1407013566792894e-08 rho=0.29275386149403998 accept=1
CLASSICAL_LM o=85 lambda=8.1407013566792894e-08 tau=8.1407013566792894e-08 prediction=7.9112819240183825 rho=0.29275386149403998 accept=1
  MFCG it  86 cost=2.469848e+05 lam=8.141e-08 tau=0.00e+00 cg_it=0 shift=0 ckpt=1 alpha=0 acc mv=246
PCG_PREP o=86 rebuild=1 drift=0 previous_depth=1
POINT_SAFE o=86 frozen=148 slope=-16.379722492491688 candidate=246991.26437676698 original=246982.38851313709 current=246984.80221710962 won=0 mode=1 camera_scale=1 keep_scale=0
ATTR_RADIUS o=86 raw_norm=31767.948199968323 norm=806.33814740741764 radius=1612.676294814835 next_radius=1612.676294814835 lambda=8.1407013566792894e-08 next_lambda=8.1407013566792894e-08 rho=0.29857542936437675 accept=1
CLASSICAL_LM o=86 lambda=8.1407013566792894e-08 tau=8.1407013566792894e-08 prediction=8.0840676597882464 rho=0.29857542936437675 accept=1
  MFCG: converged (OCA_FTOL: 8 outers < 1.0e-05 rel)
  [menu-backtrack] confirming stop with original retry policy at outer 87
  MFCG it  87 cost=2.469824e+05 lam=8.141e-08 tau=0.00e+00 cg_it=0 shift=0 ckpt=1 alpha=0 acc mv=248
PCG_PREP o=87 rebuild=1 drift=0 previous_depth=1
ATTR_RADIUS o=87 raw_norm=31119.498282681521 norm=1612.6762948148353 radius=1612.676294814835 next_radius=403.16907370370876 lambda=8.1407013566792894e-08 next_lambda=1.3025122170686863e-06 rho=-1 accept=0
CLASSICAL_LM o=87 lambda=8.1407013566792894e-08 tau=8.1407013566792894e-08 prediction=16.296160095244105 rho=-1 accept=0
  MFCG it  88  retry 1/8  lam=1.303e-06 tau_eff=8.141e-08  (assembly reused)
PCG_PREP o=87 rebuild=1 drift=0 previous_depth=1
ATTR_RADIUS o=87 raw_norm=5977.0599101047846 norm=403.16907370370865 radius=403.16907370370876 next_radius=806.33814740741752 lambda=1.3025122170686863e-06 next_lambda=3.2562805426717158e-07 rho=1.0019781158963978 accept=1
CLASSICAL_LM o=87 lambda=1.3025122170686863e-06 tau=1.3025122170686863e-06 prediction=76.51665073124029 rho=1.0019781158963978 accept=1
  [menu-backtrack] rearmed after meaningful confirmation progress at outer 88
  MFCG it  88 cost=2.469057e+05 lam=3.256e-07 tau=0.00e+00 cg_it=1 shift=0 ckpt=2 alpha=0 acc mv=253
PCG_PREP o=88 rebuild=1 drift=0 previous_depth=2
ATTR_RADIUS o=88 raw_norm=9899.9037767607897 norm=806.33814740741764 radius=806.33814740741752 next_radius=1612.676294814835 lambda=3.2562805426717158e-07 next_lambda=8.1407013566792894e-08 rho=0.75093566959456648 accept=1
CLASSICAL_LM o=88 lambda=3.2562805426717158e-07 tau=3.2562805426717158e-07 prediction=20.730252514703803 rho=0.75093566959456648 accept=1
  MFCG it  89 cost=2.468902e+05 lam=8.141e-08 tau=0.00e+00 cg_it=0 shift=0 ckpt=1 alpha=0 acc mv=255
PCG_PREP o=89 rebuild=1 drift=0 previous_depth=1
POINT_SAFE o=89 frozen=628 slope=-13.938900327850851 candidate=246896.29342268815 original=246888.18902793757 current=246890.15341754971 won=0 mode=1 camera_scale=1 keep_scale=0
ATTR_RADIUS o=89 raw_norm=32523.269223708678 norm=806.33814740741775 radius=1612.676294814835 next_radius=1612.676294814835 lambda=8.1407013566792894e-08 next_lambda=8.1407013566792894e-08 rho=0.28484746017236739 accept=1
CLASSICAL_LM o=89 lambda=8.1407013566792894e-08 tau=8.1407013566792894e-08 prediction=6.8962862121109882 rho=0.28484746017236739 accept=1
  MFCG it  90 cost=2.468882e+05 lam=8.141e-08 tau=0.00e+00 cg_it=0 shift=0 ckpt=1 alpha=0 acc mv=257
PCG_PREP o=90 rebuild=1 drift=0 previous_depth=1
POINT_SAFE o=90 frozen=232 slope=-14.345827700669382 candidate=246894.29666720366 original=246886.13702884992 current=246888.18902793757 won=0 mode=1 camera_scale=1 keep_scale=0
ATTR_RADIUS o=90 raw_norm=31798.139497946755 norm=806.33814740741752 radius=1612.676294814835 next_radius=1612.676294814835 lambda=8.1407013566792894e-08 next_lambda=8.1407013566792894e-08 rho=0.28943988089336309 accept=1
CLASSICAL_LM o=90 lambda=8.1407013566792894e-08 tau=8.1407013566792894e-08 prediction=7.0895520040832682 rho=0.28943988089336309 accept=1
  MFCG it  91 cost=2.468861e+05 lam=8.141e-08 tau=0.00e+00 cg_it=0 shift=0 ckpt=1 alpha=0 acc mv=259
PCG_PREP o=91 rebuild=1 drift=0 previous_depth=1
POINT_SAFE o=91 frozen=177 slope=-14.749443239319721 candidate=246892.18588219138 original=246883.98567084165 current=246886.13702884992 won=0 mode=1 camera_scale=1 keep_scale=0
ATTR_RADIUS o=91 raw_norm=31102.381433196009 norm=806.33814740741752 radius=1612.676294814835 next_radius=1612.676294814835 lambda=8.1407013566792894e-08 next_lambda=8.1407013566792894e-08 rho=0.29542785704124996 accept=1
CLASSICAL_LM o=91 lambda=8.1407013566792894e-08 tau=8.1407013566792894e-08 prediction=7.2821772117715353 rho=0.29542785704124996 accept=1
  MFCG it  92 cost=2.468840e+05 lam=8.141e-08 tau=0.00e+00 cg_it=0 shift=0 ckpt=1 alpha=0 acc mv=261
PCG_PREP o=92 rebuild=1 drift=0 previous_depth=1
POINT_SAFE o=92 frozen=161 slope=-15.141299472288546 candidate=246889.95685044033 original=246881.72946445196 current=246883.98567084165 won=0 mode=1 camera_scale=1 keep_scale=0
ATTR_RADIUS o=92 raw_norm=30428.556854128066 norm=806.33814740741798 radius=1612.676294814835 next_radius=1612.676294814835 lambda=8.1407013566792894e-08 next_lambda=8.1407013566792894e-08 rho=0.30200026560751103 accept=1
CLASSICAL_LM o=92 lambda=8.1407013566792894e-08 tau=8.1407013566792894e-08 prediction=7.4708755144720671 rho=0.30200026560751103 accept=1
  MFCG it  93 cost=2.468817e+05 lam=8.141e-08 tau=0.00e+00 cg_it=0 shift=0 ckpt=1 alpha=0 acc mv=263
PCG_PREP o=93 rebuild=1 drift=0 previous_depth=1
POINT_SAFE o=93 frozen=159 slope=-15.526085792345752 candidate=246887.60273069653 original=246879.36311567688 current=246881.72946445196 won=0 mode=1 camera_scale=1 keep_scale=0
ATTR_RADIUS o=93 raw_norm=29774.615986669261 norm=806.33814740741775 radius=1612.676294814835 next_radius=1612.676294814835 lambda=8.1407013566792894e-08 next_lambda=8.1407013566792894e-08 rho=0.30903715383181318 accept=1
CLASSICAL_LM o=93 lambda=8.1407013566792894e-08 tau=8.1407013566792894e-08 prediction=7.6571659612242566 rho=0.30903715383181318 accept=1
  MFCG it  94 cost=2.468794e+05 lam=8.141e-08 tau=0.00e+00 cg_it=0 shift=0 ckpt=1 alpha=0 acc mv=265
PCG_PREP o=94 rebuild=1 drift=0 previous_depth=1
POINT_SAFE o=94 frozen=161 slope=-15.907199838635405 candidate=246885.11735072394 original=246876.88112024189 current=246879.36311567688 won=0 mode=1 camera_scale=1 keep_scale=0
ATTR_RADIUS o=94 raw_norm=29139.456716418194 norm=806.33814740741752 radius=1612.676294814835 next_radius=1612.676294814835 lambda=8.1407013566792894e-08 next_lambda=8.1407013566792894e-08 rho=0.31649433431368851 accept=1
CLASSICAL_LM o=94 lambda=8.1407013566792894e-08 tau=8.1407013566792894e-08 prediction=7.8421480762908393 rho=0.31649433431368851 accept=1
  MFCG it  95 cost=2.468769e+05 lam=8.141e-08 tau=0.00e+00 cg_it=0 shift=0 ckpt=1 alpha=0 acc mv=267
PCG_PREP o=95 rebuild=1 drift=0 previous_depth=1
POINT_SAFE o=95 frozen=171 slope=-16.28612013156329 candidate=246882.49518830742 original=246874.27802829782 current=246876.88112024189 won=0 mode=1 camera_scale=1 keep_scale=0
ATTR_RADIUS o=95 raw_norm=28522.688986463858 norm=806.33814740741718 radius=1612.676294814835 next_radius=1612.676294814835 lambda=8.1407013566792894e-08 next_lambda=8.1407013566792894e-08 rho=0.32432333954180997 accept=1
CLASSICAL_LM o=95 lambda=8.1407013566792894e-08 tau=8.1407013566792894e-08 prediction=8.0262245318046155 rho=0.32432333954180997 accept=1
  MFCG it  96 cost=2.468743e+05 lam=8.141e-08 tau=0.00e+00 cg_it=0 shift=0 ckpt=1 alpha=0 acc mv=269
PCG_PREP o=96 rebuild=1 drift=0 previous_depth=1
POINT_SAFE o=96 frozen=176 slope=-16.663036937480776 candidate=246879.73137155405 original=246871.54869546465 current=246874.27802829782 won=0 mode=1 camera_scale=1 keep_scale=0
ATTR_RADIUS o=96 raw_norm=27923.738350219333 norm=806.33814740741741 radius=1612.676294814835 next_radius=1612.676294814835 lambda=8.1407013566792894e-08 next_lambda=8.1407013566792894e-08 rho=0.33246731988303757 accept=1
CLASSICAL_LM o=96 lambda=8.1407013566792894e-08 tau=8.1407013566792894e-08 prediction=8.2093266614375917 rho=0.33246731988303757 accept=1
  MFCG it  97 cost=2.468715e+05 lam=8.141e-08 tau=0.00e+00 cg_it=0 shift=0 ckpt=1 alpha=0 acc mv=271
PCG_PREP o=97 rebuild=1 drift=0 previous_depth=1
POINT_SAFE o=97 frozen=184 slope=-17.037480692645914 candidate=246876.82166168472 original=246868.68842576799 current=246871.54869546465 won=0 mode=1 camera_scale=1 keep_scale=0
ATTR_RADIUS o=97 raw_norm=27342.236533162471 norm=806.33814740741752 radius=1612.676294814835 next_radius=1612.676294814835 lambda=8.1407013566792894e-08 next_lambda=8.1407013566792894e-08 rho=0.34086803065540489 accept=1
CLASSICAL_LM o=97 lambda=8.1407013566792894e-08 tau=8.1407013566792894e-08 prediction=8.3911351004547399 rho=0.34086803065540489 accept=1
  MFCG it  98 cost=2.468687e+05 lam=8.141e-08 tau=0.00e+00 cg_it=0 shift=0 ckpt=1 alpha=0 acc mv=273
PCG_PREP o=98 rebuild=1 drift=0 previous_depth=1
POINT_SAFE o=98 frozen=199 slope=-17.408464127421684 candidate=246873.76242998432 original=246865.69304535651 current=246868.68842576799 won=0 mode=1 camera_scale=1 keep_scale=0
ATTR_RADIUS o=98 raw_norm=26777.914972595401 norm=806.33814740741764 radius=1612.676294814835 next_radius=1612.676294814835 lambda=8.1407013566792894e-08 next_lambda=8.1407013566792894e-08 rho=0.34947014995446979 accept=1
CLASSICAL_LM o=98 lambda=8.1407013566792894e-08 tau=8.1407013566792894e-08 prediction=8.571205328603245 rho=0.34947014995446979 accept=1
  MFCG it  99 cost=2.468657e+05 lam=8.141e-08 tau=0.00e+00 cg_it=0 shift=0 ckpt=1 alpha=0 acc mv=275
PCG_PREP o=99 rebuild=1 drift=0 previous_depth=1
POINT_SAFE o=99 frozen=208 slope=-17.775339971296347 candidate=246870.55065437287 original=246862.55893784421 current=246865.69304535651 won=0 mode=1 camera_scale=1 keep_scale=0
ATTR_RADIUS o=99 raw_norm=26230.189812595745 norm=806.33814740741741 radius=1612.676294814835 next_radius=1612.676294814835 lambda=8.1407013566792894e-08 next_lambda=8.1407013566792894e-08 rho=0.35822322996259054 accept=1
CLASSICAL_LM o=99 lambda=8.1407013566792894e-08 tau=8.1407013566792894e-08 prediction=8.7490348200835193 rho=0.35822322996259054 accept=1
  MFCG it 100 cost=2.468626e+05 lam=8.141e-08 tau=0.00e+00 cg_it=0 shift=0 ckpt=1 alpha=0 acc mv=277
PCG_PREP o=100 rebuild=1 drift=0 previous_depth=1
POINT_SAFE o=100 frozen=218 slope=-18.136874695338875 candidate=246867.18393372255 original=246859.28306349518 current=246862.55893784421 won=0 mode=1 camera_scale=1 keep_scale=0
ATTR_RADIUS o=100 raw_norm=25698.645514251664 norm=806.33814740741752 radius=1612.676294814835 next_radius=1612.676294814835 lambda=8.1407013566792894e-08 next_lambda=8.1407013566792894e-08 rho=0.36708202955281005 accept=1
CLASSICAL_LM o=100 lambda=8.1407013566792894e-08 tau=8.1407013566792894e-08 prediction=8.9240934867268571 rho=0.36708202955281005 accept=1
  MFCG it 101 cost=2.468593e+05 lam=8.141e-08 tau=0.00e+00 cg_it=0 shift=0 ckpt=1 alpha=0 acc mv=279
PCG_PREP o=101 rebuild=1 drift=0 previous_depth=1
POINT_SAFE o=101 frozen=229 slope=-18.492010926790584 candidate=246863.66045152227 original=246855.86295413741 current=246859.28306349518 won=0 mode=1 camera_scale=1 keep_scale=0
ATTR_RADIUS o=101 raw_norm=25182.814499428852 norm=806.33814740741673 radius=1612.676294814835 next_radius=1612.676294814835 lambda=8.1407013566792894e-08 next_lambda=8.1407013566792894e-08 rho=0.37600737638017528 accept=1
CLASSICAL_LM o=101 lambda=8.1407013566792894e-08 tau=8.1407013566792894e-08 prediction=9.0958570831710013 rho=0.37600737638017528 accept=1
  MFCG it 102 cost=2.468559e+05 lam=8.141e-08 tau=0.00e+00 cg_it=0 shift=0 ckpt=1 alpha=0 acc mv=281
PCG_PREP o=102 rebuild=1 drift=0 previous_depth=1
POINT_SAFE o=102 frozen=248 slope=-18.839656782635711 candidate=246859.97897212169 original=246852.2967166586 current=246855.86295413741 won=0 mode=1 camera_scale=1 keep_scale=0
ATTR_RADIUS o=102 raw_norm=24682.297571581243 norm=806.33814740741809 radius=1612.676294814835 next_radius=1612.676294814835 lambda=8.1407013566792894e-08 next_lambda=8.1407013566792894e-08 rho=0.38496481180881281 accept=1
CLASSICAL_LM o=102 lambda=8.1407013566792894e-08 tau=8.1407013566792894e-08 prediction=9.2638011823770388 rho=0.38496481180881281 accept=1
  MFCG it 103 cost=2.468523e+05 lam=8.141e-08 tau=0.00e+00 cg_it=0 shift=0 ckpt=1 alpha=0 acc mv=283
PCG_PREP o=103 rebuild=1 drift=0 previous_depth=1
POINT_SAFE o=103 frozen=262 slope=-19.17881781797211 candidate=246856.13883632599 original=246848.58302444319 current=246852.2967166586 won=0 mode=1 camera_scale=1 keep_scale=0
ATTR_RADIUS o=103 raw_norm=24196.687474673541 norm=806.33814740741718 radius=1612.676294814835 next_radius=1612.676294814835 lambda=8.1407013566792894e-08 next_lambda=8.1407013566792894e-08 rho=0.39392471123978479 accept=1
CLASSICAL_LM o=103 lambda=8.1407013566792894e-08 tau=8.1407013566792894e-08 prediction=9.4274162281641232 rho=0.39392471123978479 accept=1
  MFCG it 104 cost=2.468486e+05 lam=8.141e-08 tau=0.00e+00 cg_it=0 shift=0 ckpt=1 alpha=0 acc mv=285
PCG_PREP o=104 rebuild=1 drift=0 previous_depth=1
POINT_SAFE o=104 frozen=278 slope=-19.508452870656868 candidate=246852.13996684982 original=246844.7211189424 current=246848.58302444319 won=0 mode=1 camera_scale=1 keep_scale=0
ATTR_RADIUS o=104 raw_norm=23725.805298668467 norm=806.33814740741775 radius=1612.676294814835 next_radius=1612.676294814835 lambda=8.1407013566792894e-08 next_lambda=8.1407013566792894e-08 rho=0.40286102329909967 accept=1
CLASSICAL_LM o=104 lambda=8.1407013566792894e-08 tau=8.1407013566792894e-08 prediction=9.58619791302152 rho=0.40286102329909967 accept=1
  MFCG it 105 cost=2.468447e+05 lam=8.141e-08 tau=0.00e+00 cg_it=0 shift=0 ckpt=1 alpha=0 acc mv=287
PCG_PREP o=105 rebuild=1 drift=0 previous_depth=1
POINT_SAFE o=105 frozen=312 slope=-19.827598342670559 candidate=246847.98284712725 original=246840.71079892034 current=246844.7211189424 won=0 mode=1 camera_scale=1 keep_scale=0
ATTR_RADIUS o=105 raw_norm=23269.208372247489 norm=806.33814740741741 radius=1612.676294814835 next_radius=1612.676294814835 lambda=8.1407013566792894e-08 next_lambda=8.1407013566792894e-08 rho=0.41175151882187383 accept=1
CLASSICAL_LM o=105 lambda=8.1407013566792894e-08 tau=8.1407013566792894e-08 prediction=9.739660544632553 rho=0.41175151882187383 accept=1
  MFCG it 106 cost=2.468407e+05 lam=8.141e-08 tau=0.00e+00 cg_it=0 shift=0 ckpt=1 alpha=0 acc mv=289
PCG_PREP o=106 rebuild=1 drift=0 previous_depth=1
POINT_SAFE o=106 frozen=345 slope=-20.13526338854674 candidate=246843.66850350142 original=246836.55241071916 current=246840.71079892034 won=0 mode=1 camera_scale=1 keep_scale=0
ATTR_RADIUS o=106 raw_norm=22826.905395609421 norm=806.33814740741752 radius=1612.676294814835 next_radius=1612.676294814835 lambda=8.1407013566792894e-08 next_lambda=8.1407013566792894e-08 rho=0.42057716551625457 accept=1
CLASSICAL_LM o=106 lambda=8.1407013566792894e-08 tau=8.1407013566792894e-08 prediction=9.8873370742133346 rho=0.42057716551625457 accept=1
  MFCG it 107 cost=2.468366e+05 lam=8.141e-08 tau=0.00e+00 cg_it=0 shift=0 ckpt=1 alpha=0 acc mv=291
PCG_PREP o=107 rebuild=1 drift=0 previous_depth=1
POINT_SAFE o=107 frozen=380 slope=-20.430560314560264 candidate=246839.19848202786 original=246832.24683219276 current=246836.55241071916 won=0 mode=1 camera_scale=1 keep_scale=0
ATTR_RADIUS o=107 raw_norm=22399.244053494331 norm=806.33814740741775 radius=1612.676294814835 next_radius=1612.676294814835 lambda=8.1407013566792894e-08 next_lambda=8.1407013566792894e-08 rho=0.42932206189113237 accept=1
CLASSICAL_LM o=107 lambda=8.1407013566792894e-08 tau=8.1407013566792894e-08 prediction=10.028784701710263 rho=0.42932206189113237 accept=1
  MFCG it 108 cost=2.468322e+05 lam=8.141e-08 tau=0.00e+00 cg_it=0 shift=0 ckpt=1 alpha=0 acc mv=293
PCG_PREP o=108 rebuild=1 drift=0 previous_depth=1
POINT_SAFE o=108 frozen=395 slope=-20.712767371957064 candidate=246834.57460942314 original=246827.79544615475 current=246832.24683219276 won=0 mode=1 camera_scale=1 keep_scale=0
ATTR_RADIUS o=108 raw_norm=21985.579740224232 norm=806.33814740741752 radius=1612.676294814835 next_radius=1612.676294814835 lambda=8.1407013566792894e-08 next_lambda=8.1407013566792894e-08 rho=0.43797355079569894 accept=1
CLASSICAL_LM o=108 lambda=8.1407013566792894e-08 tau=8.1407013566792894e-08 prediction=10.163595563985723 rho=0.43797355079569894 accept=1
  MFCG it 109 cost=2.468278e+05 lam=8.141e-08 tau=0.00e+00 cg_it=0 shift=0 ckpt=1 alpha=0 acc mv=295
PCG_PREP o=109 rebuild=1 drift=0 previous_depth=1
POINT_SAFE o=109 frozen=429 slope=-20.981207260611068 candidate=246829.79924275706 original=246823.2000995439 current=246827.79544615475 won=0 mode=1 camera_scale=1 keep_scale=0
ATTR_RADIUS o=109 raw_norm=21586.21997611344 norm=806.33814740741741 radius=1612.676294814835 next_radius=1612.676294814835 lambda=8.1407013566792894e-08 next_lambda=8.1407013566792894e-08 rho=0.44652244651221529 accept=1
CLASSICAL_LM o=109 lambda=8.1407013566792894e-08 tau=8.1407013566792894e-08 prediction=10.291412328186093 rho=0.44652244651221529 accept=1
  MFCG it 110 cost=2.468232e+05 lam=8.141e-08 tau=0.00e+00 cg_it=0 shift=0 ckpt=1 alpha=0 acc mv=297
PCG_PREP o=110 rebuild=1 drift=0 previous_depth=1
POINT_SAFE o=110 frozen=462 slope=-21.23510822435999 candidate=246824.87555971142 original=246818.46302774735 current=246823.2000995439 won=0 mode=1 camera_scale=1 keep_scale=0
ATTR_RADIUS o=110 raw_norm=21201.263822252866 norm=806.33814740741775 radius=1612.676294814835 next_radius=1612.676294814835 lambda=8.1407013566792894e-08 next_lambda=8.1407013566792894e-08 rho=0.45496433431510458 accept=1
CLASSICAL_LM o=110 lambda=8.1407013566792894e-08 tau=8.1407013566792894e-08 prediction=10.411962958996149 rho=0.45496433431510458 accept=1
  MFCG it 111 cost=2.468185e+05 lam=8.141e-08 tau=0.00e+00 cg_it=0 shift=0 ckpt=1 alpha=0 acc mv=299
PCG_PREP o=111 rebuild=1 drift=0 previous_depth=1
POINT_SAFE o=111 frozen=486 slope=-21.473865509571159 candidate=246819.80682962554 original=246813.58685905894 current=246818.46302774735 won=0 mode=1 camera_scale=1 keep_scale=0
ATTR_RADIUS o=111 raw_norm=20829.967887592866 norm=806.33814740741775 radius=1612.676294814835 next_radius=1612.676294814835 lambda=8.1407013566792894e-08 next_lambda=8.1407013566792894e-08 rho=0.46329494257851483 accept=1
CLASSICAL_LM o=111 lambda=8.1407013566792894e-08 tau=8.1407013566792894e-08 prediction=10.524977158764463 rho=0.46329494257851483 accept=1
  MFCG it 112 cost=2.468136e+05 lam=8.141e-08 tau=0.00e+00 cg_it=0 shift=0 ckpt=1 alpha=0 acc mv=301
PCG_PREP o=112 rebuild=1 drift=0 previous_depth=1
POINT_SAFE o=112 frozen=506 slope=-21.69713473500347 candidate=246814.59649264891 original=246808.57454227898 current=246813.58685905894 won=0 mode=1 camera_scale=1 keep_scale=0
ATTR_RADIUS o=112 raw_norm=20472.073855379331 norm=806.33814740741741 radius=1612.676294814835 next_radius=1612.676294814835 lambda=8.1407013566792894e-08 next_lambda=8.1407013566792894e-08 rho=0.4715137287869417 accept=1
CLASSICAL_LM o=112 lambda=8.1407013566792894e-08 tau=8.1407013566792894e-08 prediction=10.630266891393056 rho=0.4715137287869417 accept=1
  MFCG it 113 cost=2.468086e+05 lam=8.141e-08 tau=0.00e+00 cg_it=0 shift=0 ckpt=1 alpha=0 acc mv=303
PCG_PREP o=113 rebuild=1 drift=0 previous_depth=1
POINT_SAFE o=113 frozen=527 slope=-21.904487573027023 candidate=246809.24840069789 original=246803.42931251967 current=246808.57454227898 won=0 mode=1 camera_scale=1 keep_scale=0
ATTR_RADIUS o=113 raw_norm=20127.220560032962 norm=806.33814740741707 radius=1612.676294814835 next_radius=1612.676294814835 lambda=8.1407013566792894e-08 next_lambda=8.1407013566792894e-08 rho=0.47962155507759413 accept=1
CLASSICAL_LM o=113 lambda=8.1407013566792894e-08 tau=8.1407013566792894e-08 prediction=10.727686662192534 rho=0.47962155507759413 accept=1
  MFCG it 114 cost=2.468034e+05 lam=8.141e-08 tau=0.00e+00 cg_it=0 shift=0 ckpt=1 alpha=0 acc mv=305
PCG_PREP o=114 rebuild=1 drift=0 previous_depth=1
POINT_SAFE o=114 frozen=541 slope=-22.095921619248458 candidate=246803.76624667688 original=246798.15457599264 current=246803.42931251967 won=0 mode=1 camera_scale=1 keep_scale=0
ATTR_RADIUS o=114 raw_norm=19796.03508462528 norm=806.3381474074173 radius=1612.676294814835 next_radius=1612.676294814835 lambda=8.1407013566792894e-08 next_lambda=8.1407013566792894e-08 rho=0.48762436319864944 accept=1
CLASSICAL_LM o=114 lambda=8.1407013566792894e-08 tau=8.1407013566792894e-08 prediction=10.817212848908762 rho=0.48762436319864944 accept=1
  MFCG it 115 cost=2.467982e+05 lam=8.141e-08 tau=0.00e+00 cg_it=0 shift=0 ckpt=1 alpha=0 acc mv=307
PCG_PREP o=115 rebuild=1 drift=0 previous_depth=1
POINT_SAFE o=115 frozen=546 slope=-22.270927668872627 candidate=246798.15458102195 original=246792.75410868789 current=246798.15457599264 won=0 mode=1 camera_scale=1 keep_scale=0
ATTR_RADIUS o=115 raw_norm=19476.411518605368 norm=806.33814740741752 radius=1612.676294814835 next_radius=1612.676294814835 lambda=8.1407013566792894e-08 next_lambda=8.1407013566792894e-08 rho=0.4955180942065367 accept=1
CLASSICAL_LM o=115 lambda=8.1407013566792894e-08 tau=8.1407013566792894e-08 prediction=10.898627856149936 rho=0.4955180942065367 accept=1
  MFCG it 116 cost=2.467928e+05 lam=8.141e-08 tau=0.00e+00 cg_it=0 shift=0 ckpt=1 alpha=0 acc mv=309
PCG_PREP o=116 rebuild=1 drift=0 previous_depth=1
ATTR_RADIUS o=116 raw_norm=19169.853746596229 norm=0 radius=1612.676294814835 next_radius=403.16907370370876 lambda=8.1407013566792894e-08 next_lambda=1.3025122170686863e-06 rho=0.015112650558723548 accept=0
CLASSICAL_LM o=116 lambda=8.1407013566792894e-08 tau=8.1407013566792894e-08 prediction=21.46664191422219 rho=0.015112650558723548 accept=0
  MFCG it 117  retry 1/8  lam=1.303e-06 tau_eff=8.141e-08  (assembly reused)
PCG_PREP o=116 rebuild=1 drift=0 previous_depth=1
ATTR_RADIUS o=116 raw_norm=4765.7744337176264 norm=403.16907370370876 radius=403.16907370370876 next_radius=806.33814740741752 lambda=1.3025122170686863e-06 next_lambda=3.2562805426717158e-07 rho=1.0031565819199129 accept=1
CLASSICAL_LM o=116 lambda=1.3025122170686863e-06 tau=1.3025122170686863e-06 prediction=72.250316029682878 rho=1.0031565819199129 accept=1
  MFCG it 117 cost=2.467203e+05 lam=3.256e-07 tau=0.00e+00 cg_it=1 shift=0 ckpt=2 alpha=0 acc mv=314
PCG_PREP o=117 rebuild=1 drift=0 previous_depth=2
ATTR_RADIUS o=117 raw_norm=4928.7813924530938 norm=806.33814740741764 radius=806.33814740741752 next_radius=1612.676294814835 lambda=3.2562805426717158e-07 next_lambda=8.1407013566792894e-08 rho=1.0124333048610323 accept=1
CLASSICAL_LM o=117 lambda=3.2562805426717158e-07 tau=3.2562805426717158e-07 prediction=116.93858299814202 rho=1.0124333048610323 accept=1
  MFCG it 118 cost=2.466019e+05 lam=8.141e-08 tau=0.00e+00 cg_it=1 shift=0 ckpt=2 alpha=0 acc mv=317
PCG_PREP o=118 rebuild=1 drift=0 previous_depth=2
ATTR_RADIUS o=118 raw_norm=4115.7320572503722 norm=1612.6762948148348 radius=1612.676294814835 next_radius=3225.3525896296701 lambda=8.1407013566792894e-08 next_lambda=8.1407013566792894e-08 rho=1.0241762411954061 accept=1
CLASSICAL_LM o=118 lambda=8.1407013566792894e-08 tau=8.1407013566792894e-08 prediction=181.35238304378473 rho=1.0241762411954061 accept=1
  MFCG it 119 cost=2.464161e+05 lam=8.141e-08 tau=0.00e+00 cg_it=1 shift=0 ckpt=2 alpha=0 acc mv=320
PCG_PREP o=119 rebuild=1 drift=0 previous_depth=2
ATTR_RADIUS o=119 raw_norm=16838.794273224321 norm=3225.3525896296701 radius=3225.3525896296701 next_radius=3225.3525896296701 lambda=8.1407013566792894e-08 next_lambda=8.1407013566792894e-08 rho=0.44942802539611587 accept=1
CLASSICAL_LM o=119 lambda=8.1407013566792894e-08 tau=8.1407013566792894e-08 prediction=109.13028083067661 rho=0.44942802539611587 accept=1
  MFCG it 120 cost=2.463671e+05 lam=8.141e-08 tau=0.00e+00 cg_it=3 shift=0 ckpt=4 alpha=0 acc mv=325
PCG_PREP o=120 rebuild=1 drift=0 previous_depth=4
POINT_SAFE o=120 frozen=9 slope=-71.160933553680806 candidate=246408.77130390183 original=246359.29027857658 current=246367.10020394408 won=0 mode=1 camera_scale=1 keep_scale=0
ATTR_RADIUS o=120 raw_norm=16625.537345578148 norm=1612.6762948148355 radius=3225.3525896296701 next_radius=3225.3525896296701 lambda=8.1407013566792894e-08 next_lambda=8.1407013566792894e-08 rho=0.26186689033009186 accept=1
CLASSICAL_LM o=120 lambda=8.1407013566792894e-08 tau=8.1407013566792894e-08 prediction=29.824027610585134 rho=0.26186689033009186 accept=1
  MFCG it 121 cost=2.463593e+05 lam=8.141e-08 tau=0.00e+00 cg_it=0 shift=0 ckpt=1 alpha=0 acc mv=327
PCG_PREP o=121 rebuild=1 drift=0 previous_depth=1
POINT_SAFE o=121 frozen=28 slope=-52.958450100947999 candidate=246413.30736445839 original=246359.23789050631 current=246359.29027857658 won=0 mode=1 camera_scale=1 keep_scale=0
ATTR_RADIUS o=121 raw_norm=15721.681114119792 norm=3225.3525896296687 radius=3225.3525896296701 next_radius=806.33814740741752 lambda=8.1407013566792894e-08 next_lambda=1.3025122170686863e-06 rho=0.0022281275970595146 accept=0
CLASSICAL_LM o=121 lambda=8.1407013566792894e-08 tau=8.1407013566792894e-08 prediction=23.512149993906224 rho=0.0022281275970595146 accept=0
  MFCG it 122  retry 1/8  lam=1.303e-06 tau_eff=8.141e-08  (assembly reused)
PCG_PREP o=121 rebuild=1 drift=0 previous_depth=1
ATTR_RADIUS o=121 raw_norm=1112.0088374643785 norm=806.33814740741718 radius=806.33814740741752 next_radius=1612.676294814835 lambda=1.3025122170686863e-06 next_lambda=3.2562805426717158e-07 rho=0.97597559035710379 accept=1
CLASSICAL_LM o=121 lambda=1.3025122170686863e-06 tau=1.3025122170686863e-06 prediction=83.469470188474503 rho=0.97597559035710379 accept=1
  MFCG it 122 cost=2.462778e+05 lam=3.256e-07 tau=0.00e+00 cg_it=0 shift=0 ckpt=1 alpha=0 acc mv=331
PCG_PREP o=122 rebuild=1 drift=0 previous_depth=1
ATTR_RADIUS o=122 raw_norm=4709.4751236768616 norm=1612.6762948148353 radius=1612.676294814835 next_radius=3225.3525896296701 lambda=3.2562805426717158e-07 next_lambda=8.1407013566792894e-08 rho=0.95773816881755824 accept=1
CLASSICAL_LM o=122 lambda=3.2562805426717158e-07 tau=3.2562805426717158e-07 prediction=115.07077737227492 rho=0.95773816881755824 accept=1
  MFCG it 123 cost=2.461676e+05 lam=8.141e-08 tau=0.00e+00 cg_it=7 shift=0 ckpt=8 alpha=0 acc mv=340
PCG_PREP o=123 rebuild=1 drift=0 previous_depth=8
POINT_SAFE o=123 frozen=387 slope=-12.081192487819825 candidate=246207.03899782136 original=246166.81356202898 current=246167.61843752765 won=0 mode=1 camera_scale=1 keep_scale=0
ATTR_RADIUS o=123 raw_norm=16738.205842533178 norm=806.33814740741764 radius=3225.3525896296701 next_radius=3225.3525896296701 lambda=8.1407013566792894e-08 next_lambda=8.1407013566792894e-08 rho=0.27497265168979174 accept=1
CLASSICAL_LM o=123 lambda=8.1407013566792894e-08 tau=8.1407013566792894e-08 prediction=2.9271110916683996 rho=0.27497265168979174 accept=1
  MFCG it 124 cost=2.461668e+05 lam=8.141e-08 tau=0.00e+00 cg_it=0 shift=0 ckpt=1 alpha=0 acc mv=342
PCG_PREP o=124 rebuild=1 drift=0 previous_depth=1
POINT_SAFE o=124 frozen=292 slope=-10.590727816285675 candidate=246207.98158479691 original=246166.27440707028 current=246166.81356202898 won=0 mode=1 camera_scale=1 keep_scale=0
ATTR_RADIUS o=124 raw_norm=16257.078078124143 norm=806.33814740741752 radius=3225.3525896296701 next_radius=806.33814740741752 lambda=8.1407013566792894e-08 next_lambda=1.3025122170686863e-06 rho=0.20895587684289643 accept=1
CLASSICAL_LM o=124 lambda=8.1407013566792894e-08 tau=8.1407013566792894e-08 prediction=2.5802335251517103 rho=0.20895587684289643 accept=1
  MFCG it 125 cost=2.461663e+05 lam=1.303e-06 tau=0.00e+00 cg_it=0 shift=0 ckpt=1 alpha=0 acc mv=344
PCG_PREP o=125 rebuild=1 drift=0 previous_depth=1
ATTR_RADIUS o=125 raw_norm=1729.082341891472 norm=806.33814740741741 radius=806.33814740741752 next_radius=1612.676294814835 lambda=1.3025122170686863e-06 next_lambda=3.2562805426717158e-07 rho=1.0378624851691154 accept=1
CLASSICAL_LM o=125 lambda=1.3025122170686863e-06 tau=1.3025122170686863e-06 prediction=34.99802339822925 rho=1.0378624851691154 accept=1
  MFCG it 126 cost=2.461300e+05 lam=3.256e-07 tau=0.00e+00 cg_it=1 shift=0 ckpt=2 alpha=0 acc mv=347
PCG_PREP o=126 rebuild=1 drift=0 previous_depth=2
ATTR_RADIUS o=126 raw_norm=4937.0005243079104 norm=1612.676294814835 radius=1612.676294814835 next_radius=3225.3525896296701 lambda=3.2562805426717158e-07 next_lambda=8.1407013566792894e-08 rho=0.92249708925597607 accept=1
CLASSICAL_LM o=126 lambda=3.2562805426717158e-07 tau=3.2562805426717158e-07 prediction=28.768982503219771 rho=0.92249708925597607 accept=1
  MFCG it 127 cost=2.461034e+05 lam=8.141e-08 tau=0.00e+00 cg_it=2 shift=0 ckpt=3 alpha=0 acc mv=351
PCG_PREP o=127 rebuild=1 drift=0 previous_depth=3
POINT_SAFE o=127 frozen=53 slope=-7.2105070130710791 candidate=246143.90183225161 original=246103.34040699218 current=246103.41196891011 won=0 mode=1 camera_scale=1 keep_scale=0
ATTR_RADIUS o=127 raw_norm=13261.745950638757 norm=3225.3525896296701 radius=3225.3525896296701 next_radius=806.33814740741752 lambda=8.1407013566792894e-08 next_lambda=1.3025122170686863e-06 rho=0.040724125133515428 accept=0
CLASSICAL_LM o=127 lambda=8.1407013566792894e-08 tau=8.1407013566792894e-08 prediction=1.7572364707636281 rho=0.040724125133515428 accept=0
  MFCG it 128  retry 1/8  lam=1.303e-06 tau_eff=8.141e-08  (assembly reused)
PCG_PREP o=127 rebuild=1 drift=0 previous_depth=1
ATTR_RADIUS o=127 raw_norm=1087.9231313050873 norm=806.3381474074173 radius=806.33814740741752 next_radius=1612.676294814835 lambda=1.3025122170686863e-06 next_lambda=3.2562805426717158e-07 rho=0.97158466594283888 accept=1
CLASSICAL_LM o=127 lambda=1.3025122170686863e-06 tau=1.3025122170686863e-06 prediction=8.5660365318948877 rho=0.97158466594283888 accept=1
  MFCG it 128 cost=2.460951e+05 lam=3.256e-07 tau=0.00e+00 cg_it=0 shift=0 ckpt=1 alpha=0 acc mv=355
PCG_PREP o=128 rebuild=1 drift=0 previous_depth=1
ATTR_RADIUS o=128 raw_norm=3724.601340642404 norm=1612.676294814835 radius=1612.676294814835 next_radius=3225.3525896296701 lambda=3.2562805426717158e-07 next_lambda=8.1407013566792894e-08 rho=0.96289177111866697 accept=1
CLASSICAL_LM o=128 lambda=3.2562805426717158e-07 tau=3.2562805426717158e-07 prediction=51.944274737370904 rho=0.96289177111866697 accept=1
  MFCG it 129 cost=2.460451e+05 lam=8.141e-08 tau=0.00e+00 cg_it=28 shift=0 ckpt=29 alpha=0 acc mv=385
PCG_PREP o=129 rebuild=1 drift=0 previous_depth=29
POINT_SAFE o=129 frozen=9 slope=-5.1918445743480941 candidate=246082.26940908656 original=246045.04550341799 current=246045.07262446647 won=0 mode=1 camera_scale=1 keep_scale=0
ATTR_RADIUS o=129 raw_norm=11643.312843134823 norm=3225.3525896296701 radius=3225.3525896296701 next_radius=806.33814740741752 lambda=8.1407013566792894e-08 next_lambda=1.3025122170686863e-06 rho=0.021464866849257028 accept=0
CLASSICAL_LM o=129 lambda=8.1407013566792894e-08 tau=8.1407013566792894e-08 prediction=1.2635088150949354 rho=0.021464866849257028 accept=0
  MFCG it 130  retry 1/8  lam=1.303e-06 tau_eff=8.141e-08  (assembly reused)
PCG_PREP o=129 rebuild=1 drift=0 previous_depth=1
ATTR_RADIUS o=129 raw_norm=989.28939712364001 norm=806.3381474074173 radius=806.33814740741752 next_radius=1612.676294814835 lambda=1.3025122170686863e-06 next_lambda=3.2562805426717158e-07 rho=0.95823048859426307 accept=1
CLASSICAL_LM o=129 lambda=1.3025122170686863e-06 tau=1.3025122170686863e-06 prediction=4.307300177936642 rho=0.95823048859426307 accept=1
  MFCG it 130 cost=2.460409e+05 lam=3.256e-07 tau=0.00e+00 cg_it=0 shift=0 ckpt=1 alpha=0 acc mv=389
PCG_PREP o=130 rebuild=1 drift=0 previous_depth=1
ATTR_RADIUS o=130 raw_norm=3126.1582151435623 norm=1612.6762948148348 radius=1612.676294814835 next_radius=3225.3525896296701 lambda=3.2562805426717158e-07 next_lambda=8.1407013566792894e-08 rho=0.90095267829823189 accept=1
CLASSICAL_LM o=130 lambda=3.2562805426717158e-07 tau=3.2562805426717158e-07 prediction=24.895775807206192 rho=0.90095267829823189 accept=1
  MFCG it 131 cost=2.460185e+05 lam=8.141e-08 tau=0.00e+00 cg_it=31 shift=0 ckpt=32 alpha=0 acc mv=422
PCG_PREP o=131 rebuild=1 drift=0 previous_depth=32
POINT_SAFE o=131 frozen=2 slope=-5.223091484293378 candidate=246056.95072316175 original=246018.20702050059 current=246018.51532222063 won=0 mode=1 camera_scale=1 keep_scale=0
ATTR_RADIUS o=131 raw_norm=10525.714969943008 norm=403.16907370370865 radius=3225.3525896296701 next_radius=3225.3525896296701 lambda=8.1407013566792894e-08 next_lambda=8.1407013566792894e-08 rho=0.48020124419037308 accept=1
CLASSICAL_LM o=131 lambda=8.1407013566792894e-08 tau=8.1407013566792894e-08 prediction=0.6420260750478044 rho=0.48020124419037308 accept=1
  MFCG it 132 cost=2.460182e+05 lam=8.141e-08 tau=0.00e+00 cg_it=0 shift=0 ckpt=1 alpha=0 acc mv=424
PCG_PREP o=132 rebuild=1 drift=0 previous_depth=1
POINT_SAFE o=132 frozen=2 slope=-5.1338930836765924 candidate=246056.96120553708 original=246017.91335632373 current=246018.20702050059 won=0 mode=1 camera_scale=1 keep_scale=0
ATTR_RADIUS o=132 raw_norm=10423.937874789148 norm=403.1690737037087 radius=3225.3525896296701 next_radius=3225.3525896296701 lambda=8.1407013566792894e-08 next_lambda=8.1407013566792894e-08 rho=0.46491519043066165 accept=1
CLASSICAL_LM o=132 lambda=8.1407013566792894e-08 tau=8.1407013566792894e-08 prediction=0.63165106863690379 rho=0.46491519043066165 accept=1
  MFCG it 133 cost=2.460179e+05 lam=8.141e-08 tau=0.00e+00 cg_it=0 shift=0 ckpt=1 alpha=0 acc mv=426
PCG_PREP o=133 rebuild=1 drift=0 previous_depth=1
POINT_SAFE o=133 frozen=3 slope=-5.0720150875908363 candidate=246056.95777426707 original=246017.63118108237 current=246017.91335632373 won=0 mode=1 camera_scale=1 keep_scale=0
ATTR_RADIUS o=133 raw_norm=10322.920822311842 norm=403.16907370370865 radius=3225.3525896296701 next_radius=3225.3525896296701 lambda=8.1407013566792894e-08 next_lambda=8.1407013566792894e-08 rho=0.4518391261489868 accept=1
CLASSICAL_LM o=133 lambda=8.1407013566792894e-08 tau=8.1407013566792894e-08 prediction=0.62450377806658242 rho=0.4518391261489868 accept=1
  MFCG it 134 cost=2.460176e+05 lam=8.141e-08 tau=0.00e+00 cg_it=0 shift=0 ckpt=1 alpha=0 acc mv=428
PCG_PREP o=134 rebuild=1 drift=0 previous_depth=1
POINT_SAFE o=134 frozen=3 slope=-5.0316552963329322 candidate=246056.9402903367 original=246017.35797858241 current=246017.63118108237 won=0 mode=1 camera_scale=1 keep_scale=0
ATTR_RADIUS o=134 raw_norm=10223.928344790545 norm=403.16907370370893 radius=3225.3525896296701 next_radius=3225.3525896296701 lambda=8.1407013566792894e-08 next_lambda=8.1407013566792894e-08 rho=0.4407285265174587 accept=1
CLASSICAL_LM o=134 lambda=8.1407013566792894e-08 tau=8.1407013566792894e-08 prediction=0.61988839732161394 rho=0.4407285265174587 accept=1
  MFCG it 135 cost=2.460174e+05 lam=8.141e-08 tau=0.00e+00 cg_it=0 shift=0 ckpt=1 alpha=0 acc mv=430
PCG_PREP o=135 rebuild=1 drift=0 previous_depth=1
POINT_SAFE o=135 frozen=3 slope=-5.0083550564072699 candidate=246056.89639602491 original=246017.09164192431 current=246017.35797858241 won=0 mode=1 camera_scale=1 keep_scale=0
ATTR_RADIUS o=135 raw_norm=10123.118583859932 norm=403.16907370370865 radius=3225.3525896296701 next_radius=3225.3525896296701 lambda=8.1407013566792894e-08 next_lambda=8.1407013566792894e-08 rho=0.43146622517510175 accept=1
CLASSICAL_LM o=135 lambda=8.1407013566792894e-08 tau=8.1407013566792894e-08 prediction=0.61728275020442058 rho=0.43146622517510175 accept=1
  MFCG it 136 cost=2.460171e+05 lam=8.141e-08 tau=0.00e+00 cg_it=0 shift=0 ckpt=1 alpha=0 acc mv=432
PCG_PREP o=136 rebuild=1 drift=0 previous_depth=1
POINT_SAFE o=136 frozen=3 slope=-4.9981650478915931 candidate=246056.84371365717 original=246016.8305844753 current=246017.09164192431 won=0 mode=1 camera_scale=1 keep_scale=0
ATTR_RADIUS o=136 raw_norm=10022.958960351067 norm=403.16907370370893 radius=3225.3525896296701 next_radius=3225.3525896296701 lambda=8.1407013566792894e-08 next_lambda=8.1407013566792894e-08 rho=0.42364563924068199 accept=1
CLASSICAL_LM o=136 lambda=8.1407013566792894e-08 tau=8.1407013566792894e-08 prediction=0.61621653766547035 rho=0.42364563924068199 accept=1
  MFCG it 137 cost=2.460168e+05 lam=8.141e-08 tau=0.00e+00 cg_it=0 shift=0 ckpt=1 alpha=0 acc mv=434
PCG_PREP o=137 rebuild=1 drift=0 previous_depth=1
POINT_SAFE o=137 frozen=3 slope=-4.9984020355332808 candidate=246056.77536163107 original=246016.57347058924 current=246016.8305844753 won=0 mode=1 camera_scale=1 keep_scale=0
ATTR_RADIUS o=137 raw_norm=9921.9831383868477 norm=403.16907370370899 radius=3225.3525896296701 next_radius=3225.3525896296701 lambda=8.1407013566792894e-08 next_lambda=8.1407013566792894e-08 rho=0.41713999485821956 accept=1
CLASSICAL_LM o=137 lambda=8.1407013566792894e-08 tau=8.1407013566792894e-08 prediction=0.61637313428354135 rho=0.41713999485821956 accept=1
  MFCG it 138 cost=2.460166e+05 lam=8.141e-08 tau=0.00e+00 cg_it=0 shift=0 ckpt=1 alpha=0 acc mv=436
PCG_PREP o=138 rebuild=1 drift=0 previous_depth=1
POINT_SAFE o=138 frozen=5 slope=-5.0067309569800011 candidate=246056.68764572919 original=246016.31918024967 current=246016.57347058924 won=0 mode=1 camera_scale=1 keep_scale=0
ATTR_RADIUS o=138 raw_norm=9823.2205505785787 norm=403.16907370370888 radius=3225.3525896296701 next_radius=3225.3525896296701 lambda=8.1407013566792894e-08 next_lambda=8.1407013566792894e-08 rho=0.41181194110411978 accept=1
CLASSICAL_LM o=138 lambda=8.1407013566792894e-08 tau=8.1407013566792894e-08 prediction=0.61749141825340037 rho=0.41181194110411978 accept=1
  MFCG: converged (OCA_FTOL: 8 outers < 1.0e-05 rel)
  [menu-backtrack] confirming stop with original retry policy at outer 139
  MFCG it 139 cost=2.460163e+05 lam=8.141e-08 tau=0.00e+00 cg_it=0 shift=0 ckpt=1 alpha=0 acc mv=438
PCG_PREP o=139 rebuild=1 drift=0 previous_depth=1
ATTR_RADIUS o=139 raw_norm=9723.3869684236379 norm=3225.3525896296701 radius=3225.3525896296701 next_radius=806.33814740741752 lambda=8.1407013566792894e-08 next_lambda=1.3025122170686863e-06 rho=-1 accept=0
CLASSICAL_LM o=139 lambda=8.1407013566792894e-08 tau=8.1407013566792894e-08 prediction=4.4867230266942242 rho=-1 accept=0
  MFCG it 140  retry 1/8  lam=1.303e-06 tau_eff=8.141e-08  (assembly reused)
PCG_PREP o=139 rebuild=1 drift=0 previous_depth=1
ATTR_RADIUS o=139 raw_norm=721.4166589075395 norm=721.4166589075395 radius=806.33814740741752 next_radius=1612.676294814835 lambda=1.3025122170686863e-06 next_lambda=3.2562805426717158e-07 rho=0.97899694803308024 accept=1
CLASSICAL_LM o=139 lambda=1.3025122170686863e-06 tau=1.3025122170686863e-06 prediction=4.3446416684174363 rho=0.97899694803308024 accept=1
  MFCG it 140 cost=2.460121e+05 lam=3.256e-07 tau=0.00e+00 cg_it=0 shift=0 ckpt=1 alpha=0 acc mv=442
PCG_PREP o=140 rebuild=1 drift=0 previous_depth=1
ATTR_RADIUS o=140 raw_norm=2571.8212445653098 norm=1612.676294814835 radius=1612.676294814835 next_radius=3225.3525896296701 lambda=3.2562805426717158e-07 next_lambda=8.1407013566792894e-08 rho=0.86651863227991366 accept=1
CLASSICAL_LM o=140 lambda=3.2562805426717158e-07 tau=3.2562805426717158e-07 prediction=28.698785198681762 rho=0.86651863227991366 accept=1
  [menu-backtrack] rearmed after meaningful confirmation progress at outer 141
  MFCG it 141 cost=2.459872e+05 lam=8.141e-08 tau=0.00e+00 cg_it=57 shift=0 ckpt=58 alpha=0 acc mv=501
PCG_PREP o=141 rebuild=1 drift=0 previous_depth=58
POINT_SAFE o=141 frozen=0 slope=-6.3125199252220234 candidate=inf original=245986.8206931114 current=245987.19775721754 won=0 mode=1 camera_scale=1 keep_scale=0
ATTR_RADIUS o=141 raw_norm=8981.5798661422905 norm=403.16907370370882 radius=3225.3525896296701 next_radius=3225.3525896296701 lambda=8.1407013566792894e-08 next_lambda=8.1407013566792894e-08 rho=0.49050518946023069 accept=1
CLASSICAL_LM o=141 lambda=8.1407013566792894e-08 tau=8.1407013566792894e-08 prediction=0.76872602827474723 rho=0.49050518946023069 accept=1
  MFCG it 142 cost=2.459868e+05 lam=8.141e-08 tau=0.00e+00 cg_it=0 shift=0 ckpt=1 alpha=0 acc mv=503
PCG_PREP o=142 rebuild=1 drift=0 previous_depth=1
POINT_SAFE o=142 frozen=1 slope=-6.045840677476531 candidate=246026.37534321123 original=245986.47396742378 current=245986.8206931114 won=0 mode=1 camera_scale=1 keep_scale=0
ATTR_RADIUS o=142 raw_norm=8889.0623197885725 norm=403.16907370370865 radius=3225.3525896296701 next_radius=3225.3525896296701 lambda=8.1407013566792894e-08 next_lambda=8.1407013566792894e-08 rho=0.47010260585476543 accept=1
CLASSICAL_LM o=142 lambda=8.1407013566792894e-08 tau=8.1407013566792894e-08 prediction=0.737553213488364 rho=0.47010260585476543 accept=1
  MFCG it 143 cost=2.459865e+05 lam=8.141e-08 tau=0.00e+00 cg_it=0 shift=0 ckpt=1 alpha=0 acc mv=505
PCG_PREP o=143 rebuild=1 drift=0 previous_depth=1
POINT_SAFE o=143 frozen=1 slope=-5.8405747739663116 candidate=246026.23615945017 original=245986.15069183594 current=245986.47396742378 won=0 mode=1 camera_scale=1 keep_scale=0
ATTR_RADIUS o=143 raw_norm=8797.0122690157659 norm=403.16907370370859 radius=3225.3525896296701 next_radius=3225.3525896296701 lambda=8.1407013566792894e-08 next_lambda=8.1407013566792894e-08 rho=0.45304055404236249 accept=1
CLASSICAL_LM o=143 lambda=8.1407013566792894e-08 tau=8.1407013566792894e-08 prediction=0.71356876323130891 rho=0.45304055404236249 accept=1
  MFCG it 144 cost=2.459862e+05 lam=8.141e-08 tau=0.00e+00 cg_it=0 shift=0 ckpt=1 alpha=0 acc mv=507
PCG_PREP o=144 rebuild=1 drift=0 previous_depth=1
POINT_SAFE o=144 frozen=1 slope=-5.6831094516924479 candidate=246026.08337099547 original=245985.84551541295 current=245986.15069183594 won=0 mode=1 camera_scale=1 keep_scale=0
ATTR_RADIUS o=144 raw_norm=8705.3644351977837 norm=403.16907370370888 radius=3225.3525896296701 next_radius=3225.3525896296701 lambda=8.1407013566792894e-08 next_lambda=8.1407013566792894e-08 rho=0.4389917225347999 accept=1
CLASSICAL_LM o=144 lambda=8.1407013566792894e-08 tau=8.1407013566792894e-08 prediction=0.69517580246691213 rho=0.4389917225347999 accept=1
  MFCG it 145 cost=2.459858e+05 lam=8.141e-08 tau=0.00e+00 cg_it=0 shift=0 ckpt=1 alpha=0 acc mv=509
PCG_PREP o=145 rebuild=1 drift=0 previous_depth=1
POINT_SAFE o=145 frozen=2 slope=-5.562864925339551 candidate=246025.91568776185 original=245985.55425531245 current=245985.84551541295 won=0 mode=1 camera_scale=1 keep_scale=0
ATTR_RADIUS o=145 raw_norm=8614.1547246884948 norm=403.16907370370888 radius=3225.3525896296701 next_radius=3225.3525896296701 lambda=8.1407013566792894e-08 next_lambda=8.1407013566792894e-08 rho=0.4276107520613886 accept=1
CLASSICAL_LM o=145 lambda=8.1407013566792894e-08 tau=8.1407013566792894e-08 prediction=0.68113371586095994 rho=0.4276107520613886 accept=1
  MFCG it 146 cost=2.459856e+05 lam=8.141e-08 tau=0.00e+00 cg_it=0 shift=0 ckpt=1 alpha=0 acc mv=511
PCG_PREP o=146 rebuild=1 drift=0 previous_depth=1
POINT_SAFE o=146 frozen=3 slope=-5.4715688828041511 candidate=246025.73541214937 original=245985.27365615946 current=245985.55425531245 won=0 mode=1 camera_scale=1 keep_scale=0
ATTR_RADIUS o=146 raw_norm=8523.4407841955999 norm=403.16907370370859 radius=3225.3525896296701 next_radius=3225.3525896296701 lambda=8.1407013566792894e-08 next_lambda=8.1407013566792894e-08 rho=0.41850992077940535 accept=1
CLASSICAL_LM o=146 lambda=8.1407013566792894e-08 tau=8.1407013566792894e-08 prediction=0.67047192684675982 rho=0.41850992077940535 accept=1
  MFCG it 147 cost=2.459853e+05 lam=8.141e-08 tau=0.00e+00 cg_it=0 shift=0 ckpt=1 alpha=0 acc mv=513
PCG_PREP o=147 rebuild=1 drift=0 previous_depth=1
POINT_SAFE o=147 frozen=2 slope=-5.4027642881881803 candidate=246025.53964459483 original=245985.00115530824 current=245985.27365615946 won=0 mode=1 camera_scale=1 keep_scale=0
ATTR_RADIUS o=147 raw_norm=8433.0603677978634 norm=403.16907370370888 radius=3225.3525896296701 next_radius=3225.3525896296701 lambda=8.1407013566792894e-08 next_lambda=8.1407013566792894e-08 rho=0.41136375458638924 accept=1
CLASSICAL_LM o=147 lambda=8.1407013566792894e-08 tau=8.1407013566792894e-08 prediction=0.66243281811416144 rho=0.41136375458638924 accept=1
  MFCG it 148 cost=2.459850e+05 lam=8.141e-08 tau=0.00e+00 cg_it=0 shift=0 ckpt=1 alpha=0 acc mv=515
PCG_PREP o=148 rebuild=1 drift=0 previous_depth=1
POINT_SAFE o=148 frozen=3 slope=-5.3513421387886115 candidate=246025.33258611715 original=245984.73477089603 current=245985.00115530824 won=0 mode=1 camera_scale=1 keep_scale=0
ATTR_RADIUS o=148 raw_norm=8343.1883920116852 norm=403.16907370370905 radius=3225.3525896296701 next_radius=3225.3525896296701 lambda=8.1407013566792894e-08 next_lambda=8.1407013566792894e-08 rho=0.40581535502707683 accept=1
CLASSICAL_LM o=148 lambda=8.1407013566792894e-08 tau=8.1407013566792894e-08 prediction=0.65641777452363548 rho=0.40581535502707683 accept=1
  MFCG: converged (OCA_FTOL: 8 outers < 1.0e-05 rel)
  [menu-backtrack] confirming stop with original retry policy at outer 149
  MFCG it 149 cost=2.459847e+05 lam=8.141e-08 tau=0.00e+00 cg_it=0 shift=0 ckpt=1 alpha=0 acc mv=517
PCG_PREP o=149 rebuild=1 drift=0 previous_depth=1
ATTR_RADIUS o=149 raw_norm=8253.8393325873112 norm=3225.3525896296692 radius=3225.3525896296701 next_radius=806.33814740741752 lambda=8.1407013566792894e-08 next_lambda=1.3025122170686863e-06 rho=-1 accept=0
CLASSICAL_LM o=149 lambda=8.1407013566792894e-08 tau=8.1407013566792894e-08 prediction=4.5322068881631958 rho=-1 accept=0
  MFCG it 150  retry 1/8  lam=1.303e-06 tau_eff=8.141e-08  (assembly reused)
PCG_PREP o=149 rebuild=1 drift=0 previous_depth=1
ATTR_RADIUS o=149 raw_norm=587.87981863391099 norm=587.87981863391099 radius=806.33814740741752 next_radius=806.33814740741752 lambda=1.3025122170686863e-06 next_lambda=1.3025122170686864e-07 rho=0.98312719214486355 accept=1
CLASSICAL_LM o=149 lambda=1.3025122170686863e-06 tau=1.3025122170686863e-06 prediction=4.2870847687187315 rho=0.98312719214486355 accept=1
  MFCG it 150 cost=2.459805e+05 lam=1.303e-07 tau=0.00e+00 cg_it=0 shift=0 ckpt=1 alpha=0 acc mv=521
PCG_PREP o=150 rebuild=1 drift=0 previous_depth=1
ATTR_RADIUS o=150 raw_norm=4726.308399562361 norm=806.33814740741741 radius=806.33814740741752 next_radius=1612.676294814835 lambda=1.3025122170686864e-07 next_lambda=8.1407013566792894e-08 rho=0.83345726610829274 accept=1
CLASSICAL_LM o=150 lambda=1.3025122170686864e-07 tau=1.3025122170686864e-07 prediction=2.1208022164326814 rho=0.83345726610829274 accept=1
  MFCG it 151 cost=2.459788e+05 lam=8.141e-08 tau=0.00e+00 cg_it=59 shift=0 ckpt=60 alpha=0 acc mv=582
PCG_PREP o=151 rebuild=1 drift=0 previous_depth=60
ATTR_RADIUS o=151 raw_norm=7428.2747239377804 norm=1612.676294814836 radius=1612.676294814835 next_radius=403.16907370370876 lambda=8.1407013566792894e-08 next_lambda=1.3025122170686863e-06 rho=-1 accept=0
CLASSICAL_LM o=151 lambda=8.1407013566792894e-08 tau=8.1407013566792894e-08 prediction=1.2087662808494919 rho=-1 accept=0
  MFCG it 152  retry 1/8  lam=1.303e-06 tau_eff=8.141e-08  (assembly reused)
PCG_PREP o=151 rebuild=1 drift=0 previous_depth=1
ATTR_RADIUS o=151 raw_norm=579.07224449474961 norm=403.16907370370876 radius=403.16907370370876 next_radius=806.33814740741752 lambda=1.3025122170686863e-06 next_lambda=3.2562805426717158e-07 rho=0.9302691332621128 accept=1
CLASSICAL_LM o=151 lambda=1.3025122170686863e-06 tau=1.3025122170686863e-06 prediction=0.68927956014968128 rho=0.9302691332621128 accept=1
  MFCG it 152 cost=2.459781e+05 lam=3.256e-07 tau=0.00e+00 cg_it=0 shift=0 ckpt=1 alpha=0 acc mv=586
PCG_PREP o=152 rebuild=1 drift=0 previous_depth=1
ATTR_RADIUS o=152 raw_norm=1983.846352672231 norm=806.33814740741775 radius=806.33814740741752 next_radius=806.33814740741752 lambda=3.2562805426717158e-07 next_lambda=3.2562805426717158e-07 rho=0.47810245678994318 accept=1
CLASSICAL_LM o=152 lambda=3.2562805426717158e-07 tau=3.2562805426717158e-07 prediction=0.58323911510831694 rho=0.47810245678994318 accept=1
  MFCG it 153 cost=2.459778e+05 lam=3.256e-07 tau=0.00e+00 cg_it=0 shift=0 ckpt=1 alpha=0 acc mv=588
PCG_PREP o=153 rebuild=1 drift=0 previous_depth=1
ATTR_RADIUS o=153 raw_norm=1973.9958002957103 norm=806.33814740741752 radius=806.33814740741752 next_radius=806.33814740741752 lambda=3.2562805426717158e-07 next_lambda=3.2562805426717158e-07 rho=0.41017069508023613 accept=1
CLASSICAL_LM o=153 lambda=3.2562805426717158e-07 tau=3.2562805426717158e-07 prediction=0.73170425500393299 rho=0.41017069508023613 accept=1
  MFCG it 154 cost=2.459775e+05 lam=3.256e-07 tau=0.00e+00 cg_it=0 shift=0 ckpt=1 alpha=0 acc mv=590
PCG_PREP o=154 rebuild=1 drift=0 previous_depth=1
ATTR_RADIUS o=154 raw_norm=1951.6160692531166 norm=806.33814740741741 radius=806.33814740741752 next_radius=806.33814740741752 lambda=3.2562805426717158e-07 next_lambda=3.2562805426717158e-07 rho=0.40298146406115676 accept=1
CLASSICAL_LM o=154 lambda=3.2562805426717158e-07 tau=3.2562805426717158e-07 prediction=0.85365126300873473 rho=0.40298146406115676 accept=1
  MFCG it 155 cost=2.459772e+05 lam=3.256e-07 tau=0.00e+00 cg_it=0 shift=0 ckpt=1 alpha=0 acc mv=592
PCG_PREP o=155 rebuild=1 drift=0 previous_depth=1
ATTR_RADIUS o=155 raw_norm=1919.6862215978963 norm=806.33814740741752 radius=806.33814740741752 next_radius=806.33814740741752 lambda=3.2562805426717158e-07 next_lambda=3.2562805426717158e-07 rho=0.41371346995790331 accept=1
CLASSICAL_LM o=155 lambda=3.2562805426717158e-07 tau=3.2562805426717158e-07 prediction=0.94493544543141117 rho=0.41371346995790331 accept=1
  MFCG it 156 cost=2.459768e+05 lam=3.256e-07 tau=0.00e+00 cg_it=0 shift=0 ckpt=1 alpha=0 acc mv=594
PCG_PREP o=156 rebuild=1 drift=0 previous_depth=1
ATTR_RADIUS o=156 raw_norm=1882.7695812557922 norm=806.33814740741752 radius=806.33814740741752 next_radius=806.33814740741752 lambda=3.2562805426717158e-07 next_lambda=3.2562805426717158e-07 rho=0.42538599307149755 accept=1
CLASSICAL_LM o=156 lambda=3.2562805426717158e-07 tau=3.2562805426717158e-07 prediction=1.0020786747320252 rho=0.42538599307149755 accept=1
  MFCG it 157 cost=2.459764e+05 lam=3.256e-07 tau=0.00e+00 cg_it=0 shift=0 ckpt=1 alpha=0 acc mv=596
PCG_PREP o=157 rebuild=1 drift=0 previous_depth=1
ATTR_RADIUS o=157 raw_norm=1843.4595447638624 norm=806.33814740741752 radius=806.33814740741752 next_radius=806.33814740741752 lambda=3.2562805426717158e-07 next_lambda=3.2562805426717158e-07 rho=0.43471537763221357 accept=1
CLASSICAL_LM o=157 lambda=3.2562805426717158e-07 tau=3.2562805426717158e-07 prediction=1.0311779277209638 rho=0.43471537763221357 accept=1
  MFCG: converged (OCA_FTOL: 8 outers < 1.0e-05 rel)
  MFCG: accepts=158 rejects=13 total_matvecs=598 negcurv=1 cand_evals=171 mean_cg_per_outer=3.8
NUMERIC_REPAIR summary rebuilds=1 floor=8.1407013566792894e-08
  [retry-cache] builds=172 reuses=0
  [menu-backtrack] trials=82 rescues=82 evals=205 total_scored=376
POINT_SAFE summary calls=82 evals=81 wins=2 frozen=18196 seconds=0.199216052
  [scoring] menu_evals=171 alpha_evals=0 backtrack_evals=205 total_scored=376
RESULT algo=mfree_shifted_cg iters=158 final_cost=245975.9227587797 solve_seconds=2.045917
DIAGNOSTICS median_reproj_err_px 3.252455 -> 0.359612 | cheirality_violations(obs) 0 -> 15 | cheirality_violations(pts, of 64053) 0 -> 8
