scene,seed,rep,arm,seconds,cost,target
ladybug-49,60,0,fine,0.0,120473.38607710932,2543.9985518089643
ladybug-49,60,0,fine,0.06684168986976147,6222.901881883251,2543.9985518089643
ladybug-49,60,0,fine,0.12401085626333952,4874.215245034943,2543.9985518089643
ladybug-49,60,0,fine,0.17637892020866275,4273.23703657779,2543.9985518089643
ladybug-49,60,0,fine,0.22826225403696299,3825.6603294478023,2543.9985518089643
ladybug-49,60,0,fine,0.27957144705578685,3484.673284569078,2543.9985518089643
ladybug-49,60,0,fine,0.3320331322029233,3200.9373927651386,2543.9985518089643
ladybug-49,60,0,fine,0.3881838070228696,2942.590824488799,2543.9985518089643
ladybug-49,60,0,fine,0.44052874110639095,2721.7749923070587,2543.9985518089643
ladybug-49,60,0,fine,0.49692071694880724,2576.569094848826,2543.9985518089643
ladybug-49,60,0,fine,0.5484739299863577,2502.422686165491,2543.9985518089643
ladybug-49,60,1,fine,0.0,120473.38607710932,2543.9985518089643
ladybug-49,60,1,fine,0.06492251949384809,6222.901881883251,2543.9985518089643
ladybug-49,60,1,fine,0.12308809580281377,4874.215245034943,2543.9985518089643
ladybug-49,60,1,fine,0.17608912056311965,4273.23703657779,2543.9985518089643
ladybug-49,60,1,fine,0.2279734038747847,3825.6603294478023,2543.9985518089643
ladybug-49,60,1,fine,0.279670147690922,3484.673284569078,2543.9985518089643
ladybug-49,60,1,fine,0.3328339518047869,3200.9373927651386,2543.9985518089643
ladybug-49,60,1,fine,0.38802614668384194,2942.590824488799,2543.9985518089643
ladybug-49,60,1,fine,0.4411653117276728,2721.7749923070587,2543.9985518089643
ladybug-49,60,1,fine,0.49779793759807944,2576.569094848826,2543.9985518089643
ladybug-49,60,1,fine,0.5509936916641891,2502.422686165491,2543.9985518089643
ladybug-49,60,2,fine,0.0,120473.38607710932,2543.9985518089643
ladybug-49,60,2,fine,0.06504382053390145,6222.901881883251,2543.9985518089643
ladybug-49,60,2,fine,0.12274663662537932,4874.215245034943,2543.9985518089643
ladybug-49,60,2,fine,0.17604408133774996,4273.23703657779,2543.9985518089643
ladybug-49,60,2,fine,0.22777768457308412,3825.6603294478023,2543.9985518089643
ladybug-49,60,2,fine,0.2792199687100947,3484.673284569078,2543.9985518089643
ladybug-49,60,2,fine,0.331975482404232,3200.9373927651386,2543.9985518089643
ladybug-49,60,2,fine,0.38918968848884106,2942.590824488799,2543.9985518089643
ladybug-49,60,2,fine,0.44190904265269637,2721.7749923070587,2543.9985518089643
ladybug-49,60,2,fine,0.4953218176960945,2576.569094848826,2543.9985518089643
ladybug-49,60,2,fine,0.5509245623834431,2502.422686165491,2543.9985518089643
ladybug-49,60,0,nonlinear8,0.0,120473.38607710932,2543.9985518089643
ladybug-49,60,0,nonlinear8,0.05497932527214289,107579.17244206711,2543.9985518089643
ladybug-49,60,0,nonlinear8,0.06367541896179318,107500.97899606507,2543.9985518089643
ladybug-49,60,0,nonlinear8,0.07057949202135205,107500.91219188254,2543.9985518089643
ladybug-49,60,0,nonlinear8,0.07747968612238765,107500.91213906292,2543.9985518089643
ladybug-49,60,0,nonlinear8,0.08431264897808433,107500.91213903917,2543.9985518089643
ladybug-49,60,0,nonlinear8,0.09831959521397948,107500.91213903905,2543.9985518089643
ladybug-49,60,0,nonlinear8,0.1051522484049201,107500.91213903899,2543.9985518089643
ladybug-49,60,0,nonlinear8,0.16239725379273295,6785.486013656855,2543.9985518089643
ladybug-49,60,0,nonlinear8,0.21932361088693142,5165.237285518987,2543.9985518089643
ladybug-49,60,0,nonlinear8,0.2731828447431326,4409.508661787012,2543.9985518089643
ladybug-49,60,0,nonlinear8,0.33649500412866473,3901.970788712967,2543.9985518089643
ladybug-49,60,0,nonlinear8,0.38893135776743293,3514.2685470991146,2543.9985518089643
ladybug-49,60,0,nonlinear8,0.44501394405961037,3189.54234166426,2543.9985518089643
ladybug-49,60,0,nonlinear8,0.49643296701833606,2910.3364202666094,2543.9985518089643
ladybug-49,60,0,nonlinear8,0.5529155428521335,2691.5095749063885,2543.9985518089643
ladybug-49,60,0,nonlinear8,0.6051404466852546,2556.171813420614,2543.9985518089643
ladybug-49,60,0,nonlinear8,0.6612635217607021,2488.228160083304,2543.9985518089643
ladybug-49,60,1,nonlinear8,0.0,120473.38607710932,2543.9985518089643
ladybug-49,60,1,nonlinear8,0.055763584561645985,107579.17244206711,2543.9985518089643
ladybug-49,60,1,nonlinear8,0.06438300851732492,107500.97899606507,2543.9985518089643
ladybug-49,60,1,nonlinear8,0.07117632171139121,107500.91219188254,2543.9985518089643
ladybug-49,60,1,nonlinear8,0.07801219448447227,107500.91213906292,2543.9985518089643
ladybug-49,60,1,nonlinear8,0.084834607783705,107500.91213903917,2543.9985518089643
ladybug-49,60,1,nonlinear8,0.0984289338812232,107500.91213903905,2543.9985518089643
ladybug-49,60,1,nonlinear8,0.10522556770592928,107500.91213903899,2543.9985518089643
ladybug-49,60,1,nonlinear8,0.16381568415090442,6785.486013656855,2543.9985518089643
ladybug-49,60,1,nonlinear8,0.2215170613490045,5165.237285518987,2543.9985518089643
ladybug-49,60,1,nonlinear8,0.27392347529530525,4409.508661787012,2543.9985518089643
ladybug-49,60,1,nonlinear8,0.32571679819375277,3901.970788712967,2543.9985518089643
ladybug-49,60,1,nonlinear8,0.37744571221992373,3514.2685470991146,2543.9985518089643
ladybug-49,60,1,nonlinear8,0.4297411763109267,3189.54234166426,2543.9985518089643
ladybug-49,60,1,nonlinear8,0.48529452132061124,2910.3364202666094,2543.9985518089643
ladybug-49,60,1,nonlinear8,0.5376572152599692,2691.5095749063885,2543.9985518089643
ladybug-49,60,1,nonlinear8,0.5917001003399491,2556.171813420614,2543.9985518089643
ladybug-49,60,1,nonlinear8,0.6432240945287049,2488.228160083304,2543.9985518089643
ladybug-49,60,2,nonlinear8,0.0,120473.38607710932,2543.9985518089643
ladybug-49,60,2,nonlinear8,0.05650152591988444,107579.17244206711,2543.9985518089643
ladybug-49,60,2,nonlinear8,0.06518557853996754,107500.97899606507,2543.9985518089643
ladybug-49,60,2,nonlinear8,0.07204556278884411,107500.91219188254,2543.9985518089643
ladybug-49,60,2,nonlinear8,0.07886854559183121,107500.91213906292,2543.9985518089643
ladybug-49,60,2,nonlinear8,0.08564346889033914,107500.91213903917,2543.9985518089643
ladybug-49,60,2,nonlinear8,0.09923896472901106,107500.91213903905,2543.9985518089643
ladybug-49,60,2,nonlinear8,0.10610579792410135,107500.91213903899,2543.9985518089643
ladybug-49,60,2,nonlinear8,0.16461396496742964,6785.486013656855,2543.9985518089643
ladybug-49,60,2,nonlinear8,0.2219326812773943,5165.237285518987,2543.9985518089643
ladybug-49,60,2,nonlinear8,0.2741780448704958,4409.508661787012,2543.9985518089643
ladybug-49,60,2,nonlinear8,0.32555984798818827,3901.970788712967,2543.9985518089643
ladybug-49,60,2,nonlinear8,0.37651223223656416,3514.2685470991146,2543.9985518089643
ladybug-49,60,2,nonlinear8,0.42809367505833507,3189.54234166426,2543.9985518089643
ladybug-49,60,2,nonlinear8,0.48360407119616866,2910.3364202666094,2543.9985518089643
ladybug-49,60,2,nonlinear8,0.5357664152979851,2691.5095749063885,2543.9985518089643
ladybug-49,60,2,nonlinear8,0.5895051988773048,2556.171813420614,2543.9985518089643
ladybug-49,60,2,nonlinear8,0.6408992921933532,2488.228160083304,2543.9985518089643
ladybug-49,60,0,bridge8,0.0,120473.38607710932,2543.9985518089643
ladybug-49,60,0,bridge8,0.04861240182071924,107579.17244206675,2543.9985518089643
ladybug-49,60,0,bridge8,0.05123046366497874,107500.97899606438,2543.9985518089643
ladybug-49,60,0,bridge8,0.053424674086272717,107500.91219188165,2543.9985518089643
ladybug-49,60,0,bridge8,0.05560149485245347,107500.91213906188,2543.9985518089643
ladybug-49,60,0,bridge8,0.05799200665205717,107500.91213903733,2543.9985518089643
ladybug-49,60,0,bridge8,0.06017312780022621,107500.9121390373,2543.9985518089643
ladybug-49,60,0,bridge8,0.06520531000569463,107500.91213903889,2543.9985518089643
ladybug-49,60,0,bridge8,0.128992629237473,6785.485993449065,2543.9985518089643
ladybug-49,60,0,bridge8,0.18645676551386714,5165.237278606379,2543.9985518089643
ladybug-49,60,0,bridge8,0.2401983505114913,4409.50865867616,2543.9985518089643
ladybug-49,60,0,bridge8,0.3029676484875381,3901.9707863921717,2543.9985518089643
ladybug-49,60,0,bridge8,0.3543354324065149,3514.2685459072063,2543.9985518089643
ladybug-49,60,0,bridge8,0.4110524985007942,3189.542341903912,2543.9985518089643
ladybug-49,60,0,bridge8,0.4643188025802374,2910.3364213623317,2543.9985518089643
ladybug-49,60,0,bridge8,0.5158053762279451,2691.5095759477394,2543.9985518089643
ladybug-49,60,0,bridge8,0.5669755996204913,2556.171814041392,2543.9985518089643
ladybug-49,60,0,bridge8,0.6190919536165893,2488.2281604489585,2543.9985518089643
ladybug-49,60,1,bridge8,0.0,120473.38607710932,2543.9985518089643
ladybug-49,60,1,bridge8,0.04963669320568442,107579.17244206675,2543.9985518089643
ladybug-49,60,1,bridge8,0.05224625440314412,107500.97899606438,2543.9985518089643
ladybug-49,60,1,bridge8,0.05445608543232083,107500.91219188165,2543.9985518089643
ladybug-49,60,1,bridge8,0.056664666160941124,107500.91213906188,2543.9985518089643
ladybug-49,60,1,bridge8,0.059061887208372355,107500.91213903733,2543.9985518089643
ladybug-49,60,1,bridge8,0.06124488823115826,107500.9121390373,2543.9985518089643
ladybug-49,60,1,bridge8,0.0662607904523611,107500.91213903889,2543.9985518089643
ladybug-49,60,1,bridge8,0.13025936018675566,6785.485993449065,2543.9985518089643
ladybug-49,60,1,bridge8,0.1878937459550798,5165.237278606379,2543.9985518089643
ladybug-49,60,1,bridge8,0.24153090082108974,4409.50865867616,2543.9985518089643
ladybug-49,60,1,bridge8,0.30612116027623415,3901.9707863921717,2543.9985518089643
ladybug-49,60,1,bridge8,0.3579755141399801,3514.2685459072063,2543.9985518089643
ladybug-49,60,1,bridge8,0.41502554016187787,3189.542341903912,2543.9985518089643
ladybug-49,60,1,bridge8,0.46806012419983745,2910.3364213623317,2543.9985518089643
ladybug-49,60,1,bridge8,0.5194163569249213,2691.5095759477394,2543.9985518089643
ladybug-49,60,1,bridge8,0.5702301408164203,2556.171814041392,2543.9985518089643
ladybug-49,60,1,bridge8,0.6220053439028561,2488.2281604489585,2543.9985518089643
ladybug-49,60,2,bridge8,0.0,120473.38607710932,2543.9985518089643
ladybug-49,60,2,bridge8,0.04926047334447503,107579.17244206675,2543.9985518089643
ladybug-49,60,2,bridge8,0.05184111464768648,107500.97899606438,2543.9985518089643
ladybug-49,60,2,bridge8,0.05405170563608408,107500.91219188165,2543.9985518089643
ladybug-49,60,2,bridge8,0.056244836654514074,107500.91213906188,2543.9985518089643
ladybug-49,60,2,bridge8,0.05861580744385719,107500.91213903733,2543.9985518089643
ladybug-49,60,2,bridge8,0.06078482838347554,107500.9121390373,2543.9985518089643
ladybug-49,60,2,bridge8,0.06580680049955845,107500.91213903889,2543.9985518089643
ladybug-49,60,2,bridge8,0.1296414895914495,6785.485993449065,2543.9985518089643
ladybug-49,60,2,bridge8,0.18749421648681164,5165.237278606379,2543.9985518089643
ladybug-49,60,2,bridge8,0.24084414029493928,4409.50865867616,2543.9985518089643
ladybug-49,60,2,bridge8,0.30508274026215076,3901.9707863921717,2543.9985518089643
ladybug-49,60,2,bridge8,0.3573423936031759,3514.2685459072063,2543.9985518089643
ladybug-49,60,2,bridge8,0.4138971194624901,3189.542341903912,2543.9985518089643
ladybug-49,60,2,bridge8,0.46668929420411587,2910.3364213623317,2543.9985518089643
ladybug-49,60,2,bridge8,0.5169903761707246,2691.5095759477394,2543.9985518089643
ladybug-49,60,2,bridge8,0.56810283055529,2556.171814041392,2543.9985518089643
ladybug-49,60,2,bridge8,0.6198241645470262,2488.2281604489585,2543.9985518089643
ladybug-49,60,0,selective,0.0,120473.38607710932,2543.9985518089643
ladybug-49,60,0,selective,0.11079644970595837,6222.901881883251,2543.9985518089643
ladybug-49,60,0,selective,0.16827882546931505,4874.215245034943,2543.9985518089643
ladybug-49,60,0,selective,0.22098572039976716,4273.23703657779,2543.9985518089643
ladybug-49,60,0,selective,0.27261672355234623,3825.6603294478023,2543.9985518089643
ladybug-49,60,0,selective,0.32375641679391265,3484.673284569078,2543.9985518089643
ladybug-49,60,0,selective,0.3765975716523826,3200.9373927651386,2543.9985518089643
ladybug-49,60,0,selective,0.43209062656387687,2942.590824488799,2543.9985518089643
ladybug-49,60,0,selective,0.4834978897124529,2721.7749923070587,2543.9985518089643
ladybug-49,60,0,selective,0.5350794135592878,2576.569094848826,2543.9985518089643
ladybug-49,60,0,selective,0.5872595678083599,2502.422686165491,2543.9985518089643
ladybug-49,60,1,selective,0.0,120473.38607710932,2543.9985518089643
ladybug-49,60,1,selective,0.11066882917657495,6222.901881883251,2543.9985518089643
ladybug-49,60,1,selective,0.16831877641379833,4874.215245034943,2543.9985518089643
ladybug-49,60,1,selective,0.22094667050987482,4273.23703657779,2543.9985518089643
ladybug-49,60,1,selective,0.27227294351905584,3825.6603294478023,2543.9985518089643
ladybug-49,60,1,selective,0.32342417631298304,3484.673284569078,2543.9985518089643
ladybug-49,60,1,selective,0.37605784134939313,3200.9373927651386,2543.9985518089643
ladybug-49,60,1,selective,0.4319429462775588,2942.590824488799,2543.9985518089643
ladybug-49,60,1,selective,0.48275960935279727,2721.7749923070587,2543.9985518089643
ladybug-49,60,1,selective,0.5354953142814338,2576.569094848826,2543.9985518089643
ladybug-49,60,1,selective,0.5877536074258387,2502.422686165491,2543.9985518089643
ladybug-49,60,2,selective,0.0,120473.38607710932,2543.9985518089643
ladybug-49,60,2,selective,0.11091740103438497,6222.901881883251,2543.9985518089643
ladybug-49,60,2,selective,0.16840750724077225,4874.215245034943,2543.9985518089643
ladybug-49,60,2,selective,0.22113069100305438,4273.23703657779,2543.9985518089643
ladybug-49,60,2,selective,0.2728963643312454,3825.6603294478023,2543.9985518089643
ladybug-49,60,2,selective,0.3240864179097116,3484.673284569078,2543.9985518089643
ladybug-49,60,2,selective,0.37667923234403133,3200.9373927651386,2543.9985518089643
ladybug-49,60,2,selective,0.4318879870697856,2942.590824488799,2543.9985518089643
ladybug-49,60,2,selective,0.48382109124213457,2721.7749923070587,2543.9985518089643
ladybug-49,60,2,selective,0.5366833051666617,2576.569094848826,2543.9985518089643
ladybug-49,60,2,selective,0.588834569323808,2502.422686165491,2543.9985518089643
ladybug-49,61,0,fine,0.0,143017.18929727958,3713.923391706322
ladybug-49,61,0,fine,0.06534051895141602,8446.449853624801,3713.923391706322
ladybug-49,61,0,fine,0.12219820497557521,6687.31278726522,3713.923391706322
ladybug-49,61,0,fine,0.17360958876088262,5931.994559657944,3713.923391706322
ladybug-49,61,0,fine,0.22557322308421135,5352.484713467021,3713.923391706322
ladybug-49,61,0,fine,0.2773235561326146,4883.5129491390635,3713.923391706322
ladybug-49,61,0,fine,0.32893538009375334,4497.921739385523,3713.923391706322
ladybug-49,61,0,fine,0.3803238030523062,4180.663995460321,3713.923391706322
ladybug-49,61,0,fine,0.43174680694937706,3929.3834806177033,3713.923391706322
ladybug-49,61,0,fine,0.4864761517383158,3762.5147364572085,3713.923391706322
ladybug-49,61,0,fine,0.5372415650635958,3669.8842700000855,3713.923391706322
ladybug-49,61,1,fine,0.0,143017.18929727958,3713.923391706322
ladybug-49,61,1,fine,0.05256195366382599,8446.449853624801,3713.923391706322
ladybug-49,61,1,fine,0.10759071866050363,6687.31278726522,3713.923391706322
ladybug-49,61,1,fine,0.15877970261499286,5931.994559657944,3713.923391706322
ladybug-49,61,1,fine,0.21481760777533054,5352.484713467021,3713.923391706322
ladybug-49,61,1,fine,0.26636597141623497,4883.5129491390635,3713.923391706322
ladybug-49,61,1,fine,0.3221234166994691,4497.921739385523,3713.923391706322
ladybug-49,61,1,fine,0.3749749814160168,4180.663995460321,3713.923391706322
ladybug-49,61,1,fine,0.4307628064416349,3929.3834806177033,3713.923391706322
ladybug-49,61,1,fine,0.4828886603936553,3762.5147364572085,3713.923391706322
ladybug-49,61,1,fine,0.538655795622617,3669.8842700000855,3713.923391706322
ladybug-49,61,2,fine,0.0,143017.18929727958,3713.923391706322
ladybug-49,61,2,fine,0.052664694376289845,8446.449853624801,3713.923391706322
ladybug-49,61,2,fine,0.10852819075807929,6687.31278726522,3713.923391706322
ladybug-49,61,2,fine,0.1602161037735641,5931.994559657944,3713.923391706322
ladybug-49,61,2,fine,0.2150513483211398,5352.484713467021,3713.923391706322
ladybug-49,61,2,fine,0.26720018265768886,4883.5129491390635,3713.923391706322
ladybug-49,61,2,fine,0.32320196833461523,4497.921739385523,3713.923391706322
ladybug-49,61,2,fine,0.37544596241787076,4180.663995460321,3713.923391706322
ladybug-49,61,2,fine,0.4312568176537752,3929.3834806177033,3713.923391706322
ladybug-49,61,2,fine,0.4823487005196512,3762.5147364572085,3713.923391706322
ladybug-49,61,2,fine,0.5377765065059066,3669.8842700000855,3713.923391706322
ladybug-49,61,0,nonlinear8,0.0,143017.18929727958,3713.923391706322
ladybug-49,61,0,nonlinear8,0.05577713530510664,127962.37088846401,3713.923391706322
ladybug-49,61,0,nonlinear8,0.06419987929984927,127904.99595604764,3713.923391706322
ladybug-49,61,0,nonlinear8,0.07084009191021323,127904.96710454194,3713.923391706322
ladybug-49,61,0,nonlinear8,0.07749578496441245,127904.96708804289,3713.923391706322
ladybug-49,61,0,nonlinear8,0.0845832983031869,127904.96708803484,3713.923391706322
ladybug-49,61,0,nonlinear8,0.16253692377358675,8395.988375031926,3713.923391706322
ladybug-49,61,0,nonlinear8,0.21928683994337916,6626.922859631875,3713.923391706322
ladybug-49,61,0,nonlinear8,0.27130731381475925,5873.29652544887,3713.923391706322
ladybug-49,61,0,nonlinear8,0.32208254700526595,5308.224559089912,3713.923391706322
ladybug-49,61,0,nonlinear8,0.37364080967381597,4836.999180808544,3713.923391706322
ladybug-49,61,0,nonlinear8,0.4261309737339616,4445.681786764277,3713.923391706322
ladybug-49,61,0,nonlinear8,0.48032896872609854,4132.648858499782,3713.923391706322
ladybug-49,61,0,nonlinear8,0.5306628020480275,3896.0697146365965,3713.923391706322
ladybug-49,61,0,nonlinear8,0.5815258449874818,3745.3654616831936,3713.923391706322
ladybug-49,61,0,nonlinear8,0.6322467476129532,3662.794031968433,3713.923391706322
ladybug-49,61,1,nonlinear8,0.0,143017.18929727958,3713.923391706322
ladybug-49,61,1,nonlinear8,0.041760689578950405,127962.37088846401,3713.923391706322
ladybug-49,61,1,nonlinear8,0.048442262690514326,127904.99595604764,3713.923391706322
ladybug-49,61,1,nonlinear8,0.0551185654476285,127904.96710454194,3713.923391706322
ladybug-49,61,1,nonlinear8,0.0618275785818696,127904.96708804289,3713.923391706322
ladybug-49,61,1,nonlinear8,0.06850237166509032,127904.96708803484,3713.923391706322
ladybug-49,61,1,nonlinear8,0.13981247413903475,8395.988375031926,3713.923391706322
ladybug-49,61,1,nonlinear8,0.1950857494957745,6626.922859631875,3713.923391706322
ladybug-49,61,1,nonlinear8,0.24616174213588238,5873.29652544887,3713.923391706322
ladybug-49,61,1,nonlinear8,0.3024001684971154,5308.224559089912,3713.923391706322
ladybug-49,61,1,nonlinear8,0.354135662317276,4836.999180808544,3713.923391706322
ladybug-49,61,1,nonlinear8,0.40925267757847905,4445.681786764277,3713.923391706322
ladybug-49,61,1,nonlinear8,0.46146294148638844,4132.648858499782,3713.923391706322
ladybug-49,61,1,nonlinear8,0.5172728262841702,3896.0697146365965,3713.923391706322
ladybug-49,61,1,nonlinear8,0.5690089403651655,3745.3654616831936,3713.923391706322
ladybug-49,61,1,nonlinear8,0.623962935525924,3662.794031968433,3713.923391706322
ladybug-49,61,2,nonlinear8,0.0,143017.18929727958,3713.923391706322
ladybug-49,61,2,nonlinear8,0.04209465906023979,127962.37088846401,3713.923391706322
ladybug-49,61,2,nonlinear8,0.04879509238526225,127904.99595604764,3713.923391706322
ladybug-49,61,2,nonlinear8,0.05545406509190798,127904.96710454194,3713.923391706322
ladybug-49,61,2,nonlinear8,0.062080818228423595,127904.96708804289,3713.923391706322
ladybug-49,61,2,nonlinear8,0.06873022112995386,127904.96708803484,3713.923391706322
ladybug-49,61,2,nonlinear8,0.13969503343105316,8395.988375031926,3713.923391706322
ladybug-49,61,2,nonlinear8,0.19452434917911887,6626.922859631875,3713.923391706322
ladybug-49,61,2,nonlinear8,0.2461892324499786,5873.29652544887,3713.923391706322
ladybug-49,61,2,nonlinear8,0.3018455682322383,5308.224559089912,3713.923391706322
ladybug-49,61,2,nonlinear8,0.35648897336795926,4836.999180808544,3713.923391706322
ladybug-49,61,2,nonlinear8,0.417129420209676,4445.681786764277,3713.923391706322
ladybug-49,61,2,nonlinear8,0.4755926872603595,4132.648858499782,3713.923391706322
ladybug-49,61,2,nonlinear8,0.5345724243670702,3896.0697146365965,3713.923391706322
ladybug-49,61,2,nonlinear8,0.5890357694588602,3745.3654616831936,3713.923391706322
ladybug-49,61,2,nonlinear8,0.6456422451883554,3662.794031968433,3713.923391706322
ladybug-49,61,0,bridge8,0.0,143017.18929727958,3713.923391706322
ladybug-49,61,0,bridge8,0.04872415214776993,127962.37088846424,3713.923391706322
ladybug-49,61,0,bridge8,0.051182933151721954,127904.99595604798,3713.923391706322
ladybug-49,61,0,bridge8,0.05323971435427666,127904.96710454213,3713.923391706322
ladybug-49,61,0,bridge8,0.055301135405898094,127904.96708804244,3713.923391706322
ladybug-49,61,0,bridge8,0.05749336630105972,127904.96708803349,3713.923391706322
ladybug-49,61,0,bridge8,0.0643149702809751,127904.96708803602,3713.923391706322
ladybug-49,61,0,bridge8,0.1274343985132873,8395.988375031924,3713.923391706322
ladybug-49,61,0,bridge8,0.1839524544775486,6626.922859631875,3713.923391706322
ladybug-49,61,0,bridge8,0.23569170851260424,5873.296525448865,3713.923391706322
ladybug-49,61,0,bridge8,0.2870103516615927,5308.224559089917,3713.923391706322
ladybug-49,61,0,bridge8,0.3391396254301071,4836.999180808542,3713.923391706322
ladybug-49,61,0,bridge8,0.3907636892981827,4445.681786764282,3713.923391706322
ladybug-49,61,0,bridge8,0.4418160025961697,4132.648858499783,3713.923391706322
ladybug-49,61,0,bridge8,0.49305207561701536,3896.0697146365987,3713.923391706322
ladybug-49,61,0,bridge8,0.5443178494460881,3745.365461683215,3713.923391706322
ladybug-49,61,0,bridge8,0.5949297924526036,3662.794031968418,3713.923391706322
ladybug-49,61,1,bridge8,0.0,143017.18929727958,3713.923391706322
ladybug-49,61,1,bridge8,0.03769104788079858,127962.37088846424,3713.923391706322
ladybug-49,61,1,bridge8,0.039791788905858994,127904.99595604798,3713.923391706322
ladybug-49,61,1,bridge8,0.0418660300783813,127904.96710454213,3713.923391706322
ladybug-49,61,1,bridge8,0.04393898090347648,127904.96708804244,3713.923391706322
ladybug-49,61,1,bridge8,0.04602552205324173,127904.96708803349,3713.923391706322
ladybug-49,61,1,bridge8,0.052833384834229946,127904.96708803602,3713.923391706322
ladybug-49,61,1,bridge8,0.10403963830322027,8395.988375031924,3713.923391706322
ladybug-49,61,1,bridge8,0.16024109395220876,6626.922859631875,3713.923391706322
ladybug-49,61,1,bridge8,0.2117682471871376,5873.296525448865,3713.923391706322
ladybug-49,61,1,bridge8,0.2675766730681062,5308.224559089917,3713.923391706322
ladybug-49,61,1,bridge8,0.31917993631213903,4836.999180808542,3713.923391706322
ladybug-49,61,1,bridge8,0.3745799823664129,4445.681786764282,3713.923391706322
ladybug-49,61,1,bridge8,0.4258834053762257,4132.648858499783,3713.923391706322
ladybug-49,61,1,bridge8,0.48146283021196723,3896.0697146365987,3713.923391706322
ladybug-49,61,1,bridge8,0.5316475043073297,3745.365461683215,3713.923391706322
ladybug-49,61,1,bridge8,0.5819682562723756,3662.794031968418,3713.923391706322
ladybug-49,61,2,bridge8,0.0,143017.18929727958,3713.923391706322
ladybug-49,61,2,bridge8,0.0377303478308022,127962.37088846424,3713.923391706322
ladybug-49,61,2,bridge8,0.03985879896208644,127904.99595604798,3713.923391706322
ladybug-49,61,2,bridge8,0.0419496800750494,127904.96710454213,3713.923391706322
ladybug-49,61,2,bridge8,0.04407696984708309,127904.96708804244,3713.923391706322
ladybug-49,61,2,bridge8,0.046155450865626335,127904.96708803349,3713.923391706322
ladybug-49,61,2,bridge8,0.052989235147833824,127904.96708803602,3713.923391706322
ladybug-49,61,2,bridge8,0.10427475767210126,8395.988375031924,3713.923391706322
ladybug-49,61,2,bridge8,0.15936190262436867,6626.922859631875,3713.923391706322
ladybug-49,61,2,bridge8,0.21077035646885633,5873.296525448865,3713.923391706322
ladybug-49,61,2,bridge8,0.2665566415525973,5308.224559089917,3713.923391706322
ladybug-49,61,2,bridge8,0.31882142554968596,4836.999180808542,3713.923391706322
ladybug-49,61,2,bridge8,0.37535271141678095,4445.681786764282,3713.923391706322
ladybug-49,61,2,bridge8,0.42740472545847297,4132.648858499783,3713.923391706322
ladybug-49,61,2,bridge8,0.48272349080070853,3896.0697146365987,3713.923391706322
ladybug-49,61,2,bridge8,0.5341393034905195,3745.365461683215,3713.923391706322
ladybug-49,61,2,bridge8,0.5912427096627653,3662.794031968418,3713.923391706322
ladybug-49,61,0,selective,0.0,143017.18929727958,3713.923391706322
ladybug-49,61,0,selective,0.04960543196648359,127962.37088846424,3713.923391706322
ladybug-49,61,0,selective,0.05205028364434838,127904.99595604798,3713.923391706322
ladybug-49,61,0,selective,0.054118113592267036,127904.96710454213,3713.923391706322
ladybug-49,61,0,selective,0.05619232589378953,127904.96708804244,3713.923391706322
ladybug-49,61,0,selective,0.05839462671428919,127904.96708803349,3713.923391706322
ladybug-49,61,0,selective,0.06532516982406378,127904.96708803602,3713.923391706322
ladybug-49,61,0,selective,0.12878571869805455,8395.988375031924,3713.923391706322
ladybug-49,61,0,selective,0.18551255390048027,6626.922859631875,3713.923391706322
ladybug-49,61,0,selective,0.23731768783181906,5873.296525448865,3713.923391706322
ladybug-49,61,0,selective,0.2884584120474756,5308.224559089917,3713.923391706322
ladybug-49,61,0,selective,0.3398486450314522,4836.999180808542,3713.923391706322
ladybug-49,61,0,selective,0.3912458186969161,4445.681786764282,3713.923391706322
ladybug-49,61,0,selective,0.4424157617613673,4132.648858499783,3713.923391706322
ladybug-49,61,0,selective,0.4933887147344649,3896.0697146365987,3713.923391706322
ladybug-49,61,0,selective,0.5446181977167726,3745.365461683215,3713.923391706322
ladybug-49,61,0,selective,0.5952934417873621,3662.794031968418,3713.923391706322
ladybug-49,61,1,selective,0.0,143017.18929727958,3713.923391706322
ladybug-49,61,1,selective,0.038273677695542574,127962.37088846424,3713.923391706322
ladybug-49,61,1,selective,0.040391058661043644,127904.99595604798,3713.923391706322
ladybug-49,61,1,selective,0.042473758570849895,127904.96710454213,3713.923391706322
ladybug-49,61,1,selective,0.04454222088679671,127904.96708804244,3713.923391706322
ladybug-49,61,1,selective,0.04661658080294728,127904.96708803349,3713.923391706322
ladybug-49,61,1,selective,0.05344691360369325,127904.96708803602,3713.923391706322
ladybug-49,61,1,selective,0.10483021894469857,8395.988375031924,3713.923391706322
ladybug-49,61,1,selective,0.15973379369825125,6626.922859631875,3713.923391706322
ladybug-49,61,1,selective,0.21059877704828978,5873.296525448865,3713.923391706322
ladybug-49,61,1,selective,0.26577966194599867,5308.224559089917,3713.923391706322
ladybug-49,61,1,selective,0.3174375956878066,4836.999180808542,3713.923391706322
ladybug-49,61,1,selective,0.3727569808252156,4445.681786764282,3713.923391706322
ladybug-49,61,1,selective,0.42336833383888006,4132.648858499783,3713.923391706322
ladybug-49,61,1,selective,0.47337113693356514,3896.0697146365987,3713.923391706322
ladybug-49,61,1,selective,0.5249795010313392,3745.365461683215,3713.923391706322
ladybug-49,61,1,selective,0.5808412260375917,3662.794031968418,3713.923391706322
ladybug-49,61,2,selective,0.0,143017.18929727958,3713.923391706322
ladybug-49,61,2,selective,0.03842322761192918,127962.37088846424,3713.923391706322
ladybug-49,61,2,selective,0.04052828857675195,127904.99595604798,3713.923391706322
ladybug-49,61,2,selective,0.042606889735907316,127904.96710454213,3713.923391706322
ladybug-49,61,2,selective,0.04468696052208543,127904.96708804244,3713.923391706322
ladybug-49,61,2,selective,0.04677447164431214,127904.96708803349,3713.923391706322
ladybug-49,61,2,selective,0.05362056475132704,127904.96708803602,3713.923391706322
ladybug-49,61,2,selective,0.10509435785934329,8395.988375031924,3713.923391706322
ladybug-49,61,2,selective,0.15986457280814648,6626.922859631875,3713.923391706322
ladybug-49,61,2,selective,0.21114016696810722,5873.296525448865,3713.923391706322
ladybug-49,61,2,selective,0.26735456194728613,5308.224559089917,3713.923391706322
ladybug-49,61,2,selective,0.31939382618293166,4836.999180808542,3713.923391706322
ladybug-49,61,2,selective,0.3752474822103977,4445.681786764282,3713.923391706322
ladybug-49,61,2,selective,0.42707810504361987,4132.648858499783,3713.923391706322
ladybug-49,61,2,selective,0.4823973709717393,3896.0697146365987,3713.923391706322
ladybug-49,61,2,selective,0.5365640451200306,3745.365461683215,3713.923391706322
ladybug-49,61,2,selective,0.5932085909880698,3662.794031968418,3713.923391706322
ladybug-49,62,0,fine,0.0,141159.07864934742,3539.011985087205
ladybug-49,62,0,fine,0.05303692352026701,9313.07009627041,3539.011985087205
ladybug-49,62,0,fine,0.10901835979893804,7394.494993529233,3539.011985087205
ladybug-49,62,0,fine,0.16107842372730374,6469.547071956828,3539.011985087205
ladybug-49,62,0,fine,0.21713379863649607,5775.810538067756,3539.011985087205
ladybug-49,62,0,fine,0.2687987727113068,5210.049136023761,3539.011985087205
ladybug-49,62,0,fine,0.3250408787280321,4714.806186824092,3539.011985087205
ladybug-49,62,0,fine,0.37752153258770704,4278.789409715506,3539.011985087205
ladybug-49,62,0,fine,0.43318052776157856,3915.3160000463936,3539.011985087205
ladybug-49,62,0,fine,0.48499113181605935,3665.470311682856,3539.011985087205
ladybug-49,62,0,fine,0.5401924666948617,3534.7679330895407,3539.011985087205
ladybug-49,62,1,fine,0.0,141159.07864934742,3539.011985087205
ladybug-49,62,1,fine,0.05285962298512459,9313.07009627041,3539.011985087205
ladybug-49,62,1,fine,0.10902322921901941,7394.494993529233,3539.011985087205
ladybug-49,62,1,fine,0.16143740294501185,6469.547071956828,3539.011985087205
ladybug-49,62,1,fine,0.21782591892406344,5775.810538067756,3539.011985087205
ladybug-49,62,1,fine,0.2694945018738508,5210.049136023761,3539.011985087205
ladybug-49,62,1,fine,0.3251970880664885,4714.806186824092,3539.011985087205
ladybug-49,62,1,fine,0.3774128220975399,4278.789409715506,3539.011985087205
ladybug-49,62,1,fine,0.4328015670180321,3915.3160000463936,3539.011985087205
ladybug-49,62,1,fine,0.48440614016726613,3665.470311682856,3539.011985087205
ladybug-49,62,1,fine,0.5401701261289418,3534.7679330895407,3539.011985087205
ladybug-49,62,2,fine,0.0,141159.07864934742,3539.011985087205
ladybug-49,62,2,fine,0.05266093509271741,9313.07009627041,3539.011985087205
ladybug-49,62,2,fine,0.10923278098925948,7394.494993529233,3539.011985087205
ladybug-49,62,2,fine,0.1614601039327681,6469.547071956828,3539.011985087205
ladybug-49,62,2,fine,0.21721479017287493,5775.810538067756,3539.011985087205
ladybug-49,62,2,fine,0.26894973311573267,5210.049136023761,3539.011985087205
ladybug-49,62,2,fine,0.32485492900013924,4714.806186824092,3539.011985087205
ladybug-49,62,2,fine,0.37774483300745487,4278.789409715506,3539.011985087205
ladybug-49,62,2,fine,0.43344533909112215,3915.3160000463936,3539.011985087205
ladybug-49,62,2,fine,0.4849539319984615,3665.470311682856,3539.011985087205
ladybug-49,62,2,fine,0.5401650168932974,3534.7679330895407,3539.011985087205
ladybug-49,62,0,nonlinear8,0.0,141159.07864934742,3539.011985087205
ladybug-49,62,0,nonlinear8,0.0432368409819901,132154.04766954258,3539.011985087205
ladybug-49,62,0,nonlinear8,0.05022499384358525,132100.61801713123,3539.011985087205
ladybug-49,62,0,nonlinear8,0.05709792813286185,132100.52529995155,3539.011985087205
ladybug-49,62,0,nonlinear8,0.06398021103814244,132100.5251549004,3539.011985087205
ladybug-49,62,0,nonlinear8,0.07097817398607731,132100.52515467696,3539.011985087205
ladybug-49,62,0,nonlinear8,0.07786175701767206,132100.52515467635,3539.011985087205
ladybug-49,62,0,nonlinear8,0.08478752989321947,132100.5251546758,3539.011985087205
ladybug-49,62,0,nonlinear8,0.09174667298793793,132100.52515467515,3539.011985087205
ladybug-49,62,0,nonlinear8,0.14337506564334035,9238.89254802938,3539.011985087205
ladybug-49,62,0,nonlinear8,0.19813134102150798,7369.359659828193,3539.011985087205
ladybug-49,62,0,nonlinear8,0.24991546478122473,6464.2708824372985,3539.011985087205
ladybug-49,62,0,nonlinear8,0.3021284588612616,5778.645595925339,3539.011985087205
ladybug-49,62,0,nonlinear8,0.3533810516819358,5198.359705336061,3539.011985087205
ladybug-49,62,0,nonlinear8,0.40538580575957894,4686.824533827076,3539.011985087205
ladybug-49,62,0,nonlinear8,0.4588784696534276,4245.949316648858,3539.011985087205
ladybug-49,62,0,nonlinear8,0.510403024032712,3889.6280805133247,3539.011985087205
ladybug-49,62,0,nonlinear8,0.5622959667816758,3651.3325801898695,3539.011985087205
ladybug-49,62,0,nonlinear8,0.614013890735805,3528.742191083875,3539.011985087205
ladybug-49,62,1,nonlinear8,0.0,141159.07864934742,3539.011985087205
ladybug-49,62,1,nonlinear8,0.046677731443196535,132154.04766954258,3539.011985087205
ladybug-49,62,1,nonlinear8,0.0536467544734478,132100.61801713123,3539.011985087205
ladybug-49,62,1,nonlinear8,0.06054612761363387,132100.52529995155,3539.011985087205
ladybug-49,62,1,nonlinear8,0.06747334124520421,132100.5251549004,3539.011985087205
ladybug-49,62,1,nonlinear8,0.07447698432952166,132100.52515467696,3539.011985087205
ladybug-49,62,1,nonlinear8,0.08139699744060636,132100.52515467635,3539.011985087205
ladybug-49,62,1,nonlinear8,0.08824427053332329,132100.5251546758,3539.011985087205
ladybug-49,62,1,nonlinear8,0.09514478361234069,132100.52515467515,3539.011985087205
ladybug-49,62,1,nonlinear8,0.14656518725678325,9238.89254802938,3539.011985087205
ladybug-49,62,1,nonlinear8,0.20432707341387868,7369.359659828193,3539.011985087205
ladybug-49,62,1,nonlinear8,0.256956506986171,6464.2708824372985,3539.011985087205
ladybug-49,62,1,nonlinear8,0.3086048010736704,5778.645595925339,3539.011985087205
ladybug-49,62,1,nonlinear8,0.36160064535215497,5198.359705336061,3539.011985087205
ladybug-49,62,1,nonlinear8,0.4184358613565564,4686.824533827076,3539.011985087205
ladybug-49,62,1,nonlinear8,0.4703260650858283,4245.949316648858,3539.011985087205
ladybug-49,62,1,nonlinear8,0.5263864803127944,3889.6280805133247,3539.011985087205
ladybug-49,62,1,nonlinear8,0.5786073743365705,3651.3325801898695,3539.011985087205
ladybug-49,62,1,nonlinear8,0.6296417373232543,3528.742191083875,3539.011985087205
ladybug-49,62,2,nonlinear8,0.0,141159.07864934742,3539.011985087205
ladybug-49,62,2,nonlinear8,0.043515759985893965,132154.04766954258,3539.011985087205
ladybug-49,62,2,nonlinear8,0.05048601282760501,132100.61801713123,3539.011985087205
ladybug-49,62,2,nonlinear8,0.057427696883678436,132100.52529995155,3539.011985087205
ladybug-49,62,2,nonlinear8,0.0644040098413825,132100.5251549004,3539.011985087205
ladybug-49,62,2,nonlinear8,0.07132385298609734,132100.52515467696,3539.011985087205
ladybug-49,62,2,nonlinear8,0.07817070605233312,132100.52515467635,3539.011985087205
ladybug-49,62,2,nonlinear8,0.08506057877093554,132100.5251546758,3539.011985087205
ladybug-49,62,2,nonlinear8,0.0920057320035994,132100.52515467515,3539.011985087205
ladybug-49,62,2,nonlinear8,0.14337469637393951,9238.89254802938,3539.011985087205
ladybug-49,62,2,nonlinear8,0.20062195230275393,7369.359659828193,3539.011985087205
ladybug-49,62,2,nonlinear8,0.25309006636962295,6464.2708824372985,3539.011985087205
ladybug-49,62,2,nonlinear8,0.30477467039600015,5778.645595925339,3539.011985087205
ladybug-49,62,2,nonlinear8,0.35725979320704937,5198.359705336061,3539.011985087205
ladybug-49,62,2,nonlinear8,0.41389516927301884,4686.824533827076,3539.011985087205
ladybug-49,62,2,nonlinear8,0.46568289306014776,4245.949316648858,3539.011985087205
ladybug-49,62,2,nonlinear8,0.5216082883998752,3889.6280805133247,3539.011985087205
ladybug-49,62,2,nonlinear8,0.5738174431025982,3651.3325801898695,3539.011985087205
ladybug-49,62,2,nonlinear8,0.6247552162967622,3528.742191083875,3539.011985087205
ladybug-49,62,0,bridge8,0.0,141159.07864934742,3539.011985087205
ladybug-49,62,0,bridge8,0.03893973724916577,132154.04766954185,3539.011985087205
ladybug-49,62,0,bridge8,0.041138578206300735,132100.61801713065,3539.011985087205
ladybug-49,62,0,bridge8,0.04632687149569392,132100.52529995053,3539.011985087205
ladybug-49,62,0,bridge8,0.048487162217497826,132100.52515489992,3539.011985087205
ladybug-49,62,0,bridge8,0.05067600356414914,132100.52515467667,3539.011985087205
ladybug-49,62,0,bridge8,0.05283478461205959,132100.52515467617,3539.011985087205
ladybug-49,62,0,bridge8,0.05499105527997017,132100.52515467608,3539.011985087205
ladybug-49,62,0,bridge8,0.05713135655969381,132100.52515467597,3539.011985087205
ladybug-49,62,0,bridge8,0.057759846560657024,132100.52515467422,3539.011985087205
ladybug-49,62,0,bridge8,0.1098457002080977,9238.892548075459,3539.011985087205
ladybug-49,62,0,bridge8,0.16627304628491402,7369.359659830658,3539.011985087205
ladybug-49,62,0,bridge8,0.2191709103062749,6464.270882432258,3539.011985087205
ladybug-49,62,0,bridge8,0.2705960632301867,5778.6455959217565,3539.011985087205
ladybug-49,62,0,bridge8,0.32462351862341166,5198.359705331371,3539.011985087205
ladybug-49,62,0,bridge8,0.375958651304245,4686.824533819819,3539.011985087205
ladybug-49,62,0,bridge8,0.42750969529151917,4245.949316640493,3539.011985087205
ladybug-49,62,0,bridge8,0.47854089830070734,3889.6280805066986,3539.011985087205
ladybug-49,62,0,bridge8,0.5298220925033092,3651.3325801862866,3539.011985087205
ladybug-49,62,0,bridge8,0.5810808753594756,3528.742191082431,3539.011985087205
ladybug-49,62,1,bridge8,0.0,141159.07864934742,3539.011985087205
ladybug-49,62,1,bridge8,0.03884647833183408,132154.04766954185,3539.011985087205
ladybug-49,62,1,bridge8,0.041033749002963305,132100.61801713065,3539.011985087205
ladybug-49,62,1,bridge8,0.04319433029741049,132100.52529995053,3539.011985087205
ladybug-49,62,1,bridge8,0.045359811279922724,132100.52515489992,3539.011985087205
ladybug-49,62,1,bridge8,0.047516482416540384,132100.52515467667,3539.011985087205
ladybug-49,62,1,bridge8,0.04966749344021082,132100.52515467617,3539.011985087205
ladybug-49,62,1,bridge8,0.051820384338498116,132100.52515467608,3539.011985087205
ladybug-49,62,1,bridge8,0.05397776514291763,132100.52515467597,3539.011985087205
ladybug-49,62,1,bridge8,0.05460142530500889,132100.52515467422,3539.011985087205
ladybug-49,62,1,bridge8,0.1064606886357069,9238.892548075459,3539.011985087205
ladybug-49,62,1,bridge8,0.1625139438547194,7369.359659830658,3539.011985087205
ladybug-49,62,1,bridge8,0.21439535776153207,6464.270882432258,3539.011985087205
ladybug-49,62,1,bridge8,0.2707636337727308,5778.6455959217565,3539.011985087205
ladybug-49,62,1,bridge8,0.3225699267350137,5198.359705331371,3539.011985087205
ladybug-49,62,1,bridge8,0.37875445280224085,4686.824533819819,3539.011985087205
ladybug-49,62,1,bridge8,0.4303345065563917,4245.949316640493,3539.011985087205
ladybug-49,62,1,bridge8,0.4856395018287003,3889.6280805066986,3539.011985087205
ladybug-49,62,1,bridge8,0.5377257158979774,3651.3325801862866,3539.011985087205
ladybug-49,62,1,bridge8,0.5937271406874061,3528.742191082431,3539.011985087205
ladybug-49,62,2,bridge8,0.0,141159.07864934742,3539.011985087205
ladybug-49,62,2,bridge8,0.038706236984580755,132154.04766954185,3539.011985087205
ladybug-49,62,2,bridge8,0.04088796768337488,132100.61801713065,3539.011985087205
ladybug-49,62,2,bridge8,0.043050878681242466,132100.52529995053,3539.011985087205
ladybug-49,62,2,bridge8,0.04520019982010126,132100.52515489992,3539.011985087205
ladybug-49,62,2,bridge8,0.04733507055789232,132100.52515467667,3539.011985087205
ladybug-49,62,2,bridge8,0.04947708174586296,132100.52515467617,3539.011985087205
ladybug-49,62,2,bridge8,0.05162345292046666,132100.52515467608,3539.011985087205
ladybug-49,62,2,bridge8,0.05376839358359575,132100.52515467597,3539.011985087205
ladybug-49,62,2,bridge8,0.05440313462167978,132100.52515467422,3539.011985087205
ladybug-49,62,2,bridge8,0.10627693776041269,9238.892548075459,3539.011985087205
ladybug-49,62,2,bridge8,0.16305474378168583,7369.359659830658,3539.011985087205
ladybug-49,62,2,bridge8,0.21556153800338507,6464.270882432258,3539.011985087205
ladybug-49,62,2,bridge8,0.2669856110587716,5778.6455959217565,3539.011985087205
ladybug-49,62,2,bridge8,0.32131962617859244,5198.359705331371,3539.011985087205
ladybug-49,62,2,bridge8,0.3729012100957334,4686.824533819819,3539.011985087205
ladybug-49,62,2,bridge8,0.42421409394592047,4245.949316640493,3539.011985087205
ladybug-49,62,2,bridge8,0.47490183683112264,3889.6280805066986,3539.011985087205
ladybug-49,62,2,bridge8,0.5261333701200783,3651.3325801862866,3539.011985087205
ladybug-49,62,2,bridge8,0.5770352631807327,3528.742191082431,3539.011985087205
ladybug-49,62,0,selective,0.0,141159.07864934742,3539.011985087205
ladybug-49,62,0,selective,0.08801247924566269,9313.07009627041,3539.011985087205
ladybug-49,62,0,selective,0.14318217430263758,7394.494993529233,3539.011985087205
ladybug-49,62,0,selective,0.19540995825082064,6469.547071956828,3539.011985087205
ladybug-49,62,0,selective,0.2518836143426597,5775.810538067756,3539.011985087205
ladybug-49,62,0,selective,0.3042462281882763,5210.049136023761,3539.011985087205
ladybug-49,62,0,selective,0.36069986410439014,4714.806186824092,3539.011985087205
ladybug-49,62,0,selective,0.41308465832844377,4278.789409715506,3539.011985087205
ladybug-49,62,0,selective,0.4684945032931864,3915.3160000463936,3539.011985087205
ladybug-49,62,0,selective,0.5314785321243107,3665.470311682856,3539.011985087205
ladybug-49,62,0,selective,0.5878660073503852,3534.7679330895407,3539.011985087205
ladybug-49,62,1,selective,0.0,141159.07864934742,3539.011985087205
ladybug-49,62,1,selective,0.08820978086441755,9313.07009627041,3539.011985087205
ladybug-49,62,1,selective,0.14464200707152486,7394.494993529233,3539.011985087205
ladybug-49,62,1,selective,0.1964513398706913,6469.547071956828,3539.011985087205
ladybug-49,62,1,selective,0.25226049590855837,5775.810538067756,3539.011985087205
ladybug-49,62,1,selective,0.30461900029331446,5210.049136023761,3539.011985087205
ladybug-49,62,1,selective,0.36062863608822227,4714.806186824092,3539.011985087205
ladybug-49,62,1,selective,0.41276274994015694,4278.789409715506,3539.011985087205
ladybug-49,62,1,selective,0.4677287652157247,3915.3160000463936,3539.011985087205
ladybug-49,62,1,selective,0.5193594382144511,3665.470311682856,3539.011985087205
ladybug-49,62,1,selective,0.5748618328943849,3534.7679330895407,3539.011985087205
ladybug-49,62,2,selective,0.0,141159.07864934742,3539.011985087205
ladybug-49,62,2,selective,0.08800692111253738,9313.07009627041,3539.011985087205
ladybug-49,62,2,selective,0.14402456628158689,7394.494993529233,3539.011985087205
ladybug-49,62,2,selective,0.19586318032816052,6469.547071956828,3539.011985087205
ladybug-49,62,2,selective,0.2521088463254273,5775.810538067756,3539.011985087205
ladybug-49,62,2,selective,0.30420361924916506,5210.049136023761,3539.011985087205
ladybug-49,62,2,selective,0.36073910538107157,4714.806186824092,3539.011985087205
ladybug-49,62,2,selective,0.4128537392243743,4278.789409715506,3539.011985087205
ladybug-49,62,2,selective,0.46830771397799253,3915.3160000463936,3539.011985087205
ladybug-49,62,2,selective,0.5203978680074215,3665.470311682856,3539.011985087205
ladybug-49,62,2,selective,0.576874254271388,3534.7679330895407,3539.011985087205
dubrovnik-88,60,0,fine,0.0,1066042.6097764836,77378.09030912493
dubrovnik-88,60,0,fine,0.12310742633417249,157897.43381869566,77378.09030912493
dubrovnik-88,60,0,fine,0.2540569962002337,113551.15125462165,77378.09030912493
dubrovnik-88,60,0,fine,0.3726485501974821,98908.35573526169,77378.09030912493
dubrovnik-88,60,0,fine,0.4907025243155658,90490.08505243732,77378.09030912493
dubrovnik-88,60,0,fine,0.609226908069104,85628.6283190025,77378.09030912493
dubrovnik-88,60,0,fine,0.7267233319580555,82221.17703837727,77378.09030912493
dubrovnik-88,60,0,fine,0.8447709963656962,79591.8913241746,77378.09030912493
dubrovnik-88,60,0,fine,0.962645570281893,77867.04629354422,77378.09030912493
dubrovnik-88,60,0,fine,1.078630972187966,77047.47883757674,77378.09030912493
dubrovnik-88,60,1,fine,0.0,1066042.6097764836,77378.09030912493
dubrovnik-88,60,1,fine,0.12555487733334303,157897.43381869566,77378.09030912493
dubrovnik-88,60,1,fine,0.258681517560035,113551.15125462165,77378.09030912493
dubrovnik-88,60,1,fine,0.3774564927443862,98908.35573526169,77378.09030912493
dubrovnik-88,60,1,fine,0.4953208467923105,90490.08505243732,77378.09030912493
dubrovnik-88,60,1,fine,0.615116220433265,85628.6283190025,77378.09030912493
dubrovnik-88,60,1,fine,0.7329400745220482,82221.17703837727,77378.09030912493
dubrovnik-88,60,1,fine,0.8512579086236656,79591.8913241746,77378.09030912493
dubrovnik-88,60,1,fine,0.9688239423558116,77867.04629354422,77378.09030912493
dubrovnik-88,60,1,fine,1.0871987165883183,77047.47883757674,77378.09030912493
dubrovnik-88,60,2,fine,0.0,1066042.6097764836,77378.09030912493
dubrovnik-88,60,2,fine,0.12273654621094465,157897.43381869566,77378.09030912493
dubrovnik-88,60,2,fine,0.25566583685576916,113551.15125462165,77378.09030912493
dubrovnik-88,60,2,fine,0.3738143010996282,98908.35573526169,77378.09030912493
dubrovnik-88,60,2,fine,0.49282568506896496,90490.08505243732,77378.09030912493
dubrovnik-88,60,2,fine,0.6128149102441967,85628.6283190025,77378.09030912493
dubrovnik-88,60,2,fine,0.7316641439683735,82221.17703837727,77378.09030912493
dubrovnik-88,60,2,fine,0.8501930590718985,79591.8913241746,77378.09030912493
dubrovnik-88,60,2,fine,0.9690023730508983,77867.04629354422,77378.09030912493
dubrovnik-88,60,2,fine,1.0875571672804654,77047.47883757674,77378.09030912493
dubrovnik-88,60,0,nonlinear8,0.0,1066042.6097764836,77378.09030912493
dubrovnik-88,60,0,nonlinear8,0.10031472565606236,795940.7098878804,77378.09030912493
dubrovnik-88,60,0,nonlinear8,0.11463133245706558,795625.6869846957,77378.09030912493
dubrovnik-88,60,0,nonlinear8,0.12864304846152663,795254.9167411898,77378.09030912493
dubrovnik-88,60,0,nonlinear8,0.14259207574650645,794936.0005212931,77378.09030912493
dubrovnik-88,60,0,nonlinear8,0.15660462155938148,794734.7223153887,77378.09030912493
dubrovnik-88,60,0,nonlinear8,0.17085807770490646,794662.0538157618,77378.09030912493
dubrovnik-88,60,0,nonlinear8,0.18497971445322037,794653.8294178871,77378.09030912493
dubrovnik-88,60,0,nonlinear8,0.1990934507921338,794653.3218242659,77378.09030912493
dubrovnik-88,60,0,nonlinear8,0.319145564455539,130301.41729553853,77378.09030912493
dubrovnik-88,60,0,nonlinear8,0.4506012345664203,102600.04865308314,77378.09030912493
dubrovnik-88,60,0,nonlinear8,0.5835731355473399,93785.64508053803,77378.09030912493
dubrovnik-88,60,0,nonlinear8,0.7197114075534046,88977.38195177753,77378.09030912493
dubrovnik-88,60,0,nonlinear8,0.848287966568023,85447.0312067878,77378.09030912493
dubrovnik-88,60,0,nonlinear8,0.973669093567878,82298.07925331724,77378.09030912493
dubrovnik-88,60,0,nonlinear8,1.099283381830901,79675.02551309617,77378.09030912493
dubrovnik-88,60,0,nonlinear8,1.2265535197220743,77919.59543897393,77378.09030912493
dubrovnik-88,60,0,nonlinear8,1.3537678378634155,77072.34272242889,77378.09030912493
dubrovnik-88,60,1,nonlinear8,0.0,1066042.6097764836,77378.09030912493
dubrovnik-88,60,1,nonlinear8,0.10353265702724457,795940.7098878804,77378.09030912493
dubrovnik-88,60,1,nonlinear8,0.11818640306591988,795625.6869846957,77378.09030912493
dubrovnik-88,60,1,nonlinear8,0.13226171024143696,795254.9167411898,77378.09030912493
dubrovnik-88,60,1,nonlinear8,0.14624414639547467,794936.0005212931,77378.09030912493
dubrovnik-88,60,1,nonlinear8,0.16040959302335978,794734.7223153887,77378.09030912493
dubrovnik-88,60,1,nonlinear8,0.17483312916010618,794662.0538157618,77378.09030912493
dubrovnik-88,60,1,nonlinear8,0.18919171625748277,794653.8294178871,77378.09030912493
dubrovnik-88,60,1,nonlinear8,0.20331639237701893,794653.3218242659,77378.09030912493
dubrovnik-88,60,1,nonlinear8,0.32756508933380246,130301.41729553853,77378.09030912493
dubrovnik-88,60,1,nonlinear8,0.4740592762827873,102600.04865308314,77378.09030912493
dubrovnik-88,60,1,nonlinear8,0.6028858651407063,93785.64508053803,77378.09030912493
dubrovnik-88,60,1,nonlinear8,0.7231703503057361,88977.38195177753,77378.09030912493
dubrovnik-88,60,1,nonlinear8,0.8596894219517708,85447.0312067878,77378.09030912493
dubrovnik-88,60,1,nonlinear8,0.9771856861189008,82298.07925331724,77378.09030912493
dubrovnik-88,60,1,nonlinear8,1.1034624339081347,79675.02551309617,77378.09030912493
dubrovnik-88,60,1,nonlinear8,1.238580035045743,77919.59543897393,77378.09030912493
dubrovnik-88,60,1,nonlinear8,1.3615934210829437,77072.34272242889,77378.09030912493
dubrovnik-88,60,2,nonlinear8,0.0,1066042.6097764836,77378.09030912493
dubrovnik-88,60,2,nonlinear8,0.10069552576169372,795940.7098878804,77378.09030912493
dubrovnik-88,60,2,nonlinear8,0.1151642119511962,795625.6869846957,77378.09030912493
dubrovnik-88,60,2,nonlinear8,0.12916940869763494,795254.9167411898,77378.09030912493
dubrovnik-88,60,2,nonlinear8,0.14313758490607142,794936.0005212931,77378.09030912493
dubrovnik-88,60,2,nonlinear8,0.15725326165556908,794734.7223153887,77378.09030912493
dubrovnik-88,60,2,nonlinear8,0.17150453757494688,794662.0538157618,77378.09030912493
dubrovnik-88,60,2,nonlinear8,0.18565501365810633,794653.8294178871,77378.09030912493
dubrovnik-88,60,2,nonlinear8,0.1997134806588292,794653.3218242659,77378.09030912493
dubrovnik-88,60,2,nonlinear8,0.32031636545434594,130301.41729553853,77378.09030912493
dubrovnik-88,60,2,nonlinear8,0.4513714858330786,102600.04865308314,77378.09030912493
dubrovnik-88,60,2,nonlinear8,0.5740795317105949,93785.64508053803,77378.09030912493
dubrovnik-88,60,2,nonlinear8,0.6932581658475101,88977.38195177753,77378.09030912493
dubrovnik-88,60,2,nonlinear8,0.8134143808856606,85447.0312067878,77378.09030912493
dubrovnik-88,60,2,nonlinear8,0.9300719345919788,82298.07925331724,77378.09030912493
dubrovnik-88,60,2,nonlinear8,1.0492379385977983,79675.02551309617,77378.09030912493
dubrovnik-88,60,2,nonlinear8,1.1671342425979674,77919.59543897393,77378.09030912493
dubrovnik-88,60,2,nonlinear8,1.2839908255264163,77072.34272242889,77378.09030912493
dubrovnik-88,60,0,bridge8,0.0,1066042.6097764836,77378.09030912493
dubrovnik-88,60,0,bridge8,0.09241742268204689,795940.7098878927,77378.09030912493
dubrovnik-88,60,0,bridge8,0.09537611389532685,795625.6869846581,77378.09030912493
dubrovnik-88,60,0,bridge8,0.09828119585290551,795254.9167411231,77378.09030912493
dubrovnik-88,60,0,bridge8,0.10115278698503971,794936.0005211938,77378.09030912493
dubrovnik-88,60,0,bridge8,0.10401961766183376,794734.7223152728,77378.09030912493
dubrovnik-88,60,0,bridge8,0.10688237985596061,794662.0538156412,77378.09030912493
dubrovnik-88,60,0,bridge8,0.10974413063377142,794653.8294177472,77378.09030912493
dubrovnik-88,60,0,bridge8,0.11274859169498086,794653.3218240902,77378.09030912493
dubrovnik-88,60,0,bridge8,0.114175443071872,794653.3218240801,77378.09030912493
dubrovnik-88,60,0,bridge8,0.24063771963119507,130301.41729551894,77378.09030912493
dubrovnik-88,60,0,bridge8,0.37227837974205613,102600.0486530634,77378.09030912493
dubrovnik-88,60,0,bridge8,0.4959564255550504,93785.64508051911,77378.09030912493
dubrovnik-88,60,0,bridge8,0.6149875307455659,88977.38195175931,77378.09030912493
dubrovnik-88,60,0,bridge8,0.804297536611557,85447.03120677127,77378.09030912493
dubrovnik-88,60,0,bridge8,0.9235366117209196,82298.07925330367,77378.09030912493
dubrovnik-88,60,0,bridge8,1.0552241117693484,79675.0255130866,77378.09030912493
dubrovnik-88,60,0,bridge8,1.174272045493126,77919.59543896897,77378.09030912493
dubrovnik-88,60,0,bridge8,1.312938479706645,77072.34272242751,77378.09030912493
dubrovnik-88,60,1,bridge8,0.0,1066042.6097764836,77378.09030912493
dubrovnik-88,60,1,bridge8,0.0925641325302422,795940.7098878927,77378.09030912493
dubrovnik-88,60,1,bridge8,0.09551189420744777,795625.6869846581,77378.09030912493
dubrovnik-88,60,1,bridge8,0.09841947536915541,795254.9167411231,77378.09030912493
dubrovnik-88,60,1,bridge8,0.1014081365428865,794936.0005211938,77378.09030912493
dubrovnik-88,60,1,bridge8,0.10431471839547157,794734.7223152728,77378.09030912493
dubrovnik-88,60,1,bridge8,0.10718524921685457,794662.0538156412,77378.09030912493
dubrovnik-88,60,1,bridge8,0.1100528403185308,794653.8294177472,77378.09030912493
dubrovnik-88,60,1,bridge8,0.11294557247310877,794653.3218240902,77378.09030912493
dubrovnik-88,60,1,bridge8,0.11424194229766726,794653.3218240801,77378.09030912493
dubrovnik-88,60,1,bridge8,0.241765100043267,130301.41729551894,77378.09030912493
dubrovnik-88,60,1,bridge8,0.3863546862266958,102600.0486530634,77378.09030912493
dubrovnik-88,60,1,bridge8,0.517281936481595,93785.64508051911,77378.09030912493
dubrovnik-88,60,1,bridge8,0.6365902912802994,88977.38195175931,77378.09030912493
dubrovnik-88,60,1,bridge8,0.7924386323429644,85447.03120677127,77378.09030912493
dubrovnik-88,60,1,bridge8,0.9115603663958609,82298.07925330367,77378.09030912493
dubrovnik-88,60,1,bridge8,1.0382199343293905,79675.0255130866,77378.09030912493
dubrovnik-88,60,1,bridge8,1.157237509265542,77919.59543896897,77378.09030912493
dubrovnik-88,60,1,bridge8,1.3002294641919434,77072.34272242751,77378.09030912493
dubrovnik-88,60,2,bridge8,0.0,1066042.6097764836,77378.09030912493
dubrovnik-88,60,2,bridge8,0.08914842084050179,795940.7098878927,77378.09030912493
dubrovnik-88,60,2,bridge8,0.09204534161835909,795625.6869846581,77378.09030912493
dubrovnik-88,60,2,bridge8,0.09493715269491076,795254.9167411231,77378.09030912493
dubrovnik-88,60,2,bridge8,0.09783028485253453,794936.0005211938,77378.09030912493
dubrovnik-88,60,2,bridge8,0.10067994566634297,794734.7223152728,77378.09030912493
dubrovnik-88,60,2,bridge8,0.10352615686133504,794662.0538156412,77378.09030912493
dubrovnik-88,60,2,bridge8,0.10639947792515159,794653.8294177472,77378.09030912493
dubrovnik-88,60,2,bridge8,0.10927476966753602,794653.3218240902,77378.09030912493
dubrovnik-88,60,2,bridge8,0.11055078962817788,794653.3218240801,77378.09030912493
dubrovnik-88,60,2,bridge8,0.2316025858744979,130301.41729551894,77378.09030912493
dubrovnik-88,60,2,bridge8,0.36178353475406766,102600.0486530634,77378.09030912493
dubrovnik-88,60,2,bridge8,0.480276788584888,93785.64508051911,77378.09030912493
dubrovnik-88,60,2,bridge8,0.5991441435180604,88977.38195175931,77378.09030912493
dubrovnik-88,60,2,bridge8,0.7214715885929763,85447.03120677127,77378.09030912493
dubrovnik-88,60,2,bridge8,0.8396856435574591,82298.07925330367,77378.09030912493
dubrovnik-88,60,2,bridge8,0.9586591375991702,79675.0255130866,77378.09030912493
dubrovnik-88,60,2,bridge8,1.0770240616984665,77919.59543896897,77378.09030912493
dubrovnik-88,60,2,bridge8,1.1966727767139673,77072.34272242751,77378.09030912493
dubrovnik-88,60,0,selective,0.0,1066042.6097764836,77378.09030912493
dubrovnik-88,60,0,selective,0.21431572688743472,157897.43381869566,77378.09030912493
dubrovnik-88,60,0,selective,0.355366381816566,113551.15125462165,77378.09030912493
dubrovnik-88,60,0,selective,0.4850672408938408,98908.35573526169,77378.09030912493
dubrovnik-88,60,0,selective,0.6053458559326828,90490.08505243732,77378.09030912493
dubrovnik-88,60,0,selective,0.7416373575106263,85628.6283190025,77378.09030912493
dubrovnik-88,60,0,selective,0.8603163924999535,82221.17703837727,77378.09030912493
dubrovnik-88,60,0,selective,0.9897592016495764,79591.8913241746,77378.09030912493
dubrovnik-88,60,0,selective,1.1095485258847475,77867.04629354422,77378.09030912493
dubrovnik-88,60,0,selective,1.2519162707030773,77047.47883757674,77378.09030912493
dubrovnik-88,60,1,selective,0.0,1066042.6097764836,77378.09030912493
dubrovnik-88,60,1,selective,0.21396774798631668,157897.43381869566,77378.09030912493
dubrovnik-88,60,1,selective,0.3569246628321707,113551.15125462165,77378.09030912493
dubrovnik-88,60,1,selective,0.49056879384443164,98908.35573526169,77378.09030912493
dubrovnik-88,60,1,selective,0.6102937590330839,90490.08505243732,77378.09030912493
dubrovnik-88,60,1,selective,0.7531235138885677,85628.6283190025,77378.09030912493
dubrovnik-88,60,1,selective,0.8708891281858087,82221.17703837727,77378.09030912493
dubrovnik-88,60,1,selective,0.9979230258613825,79591.8913241746,77378.09030912493
dubrovnik-88,60,1,selective,1.1167803802527487,77867.04629354422,77378.09030912493
dubrovnik-88,60,1,selective,1.2497780811972916,77047.47883757674,77378.09030912493
dubrovnik-88,60,2,selective,0.0,1066042.6097764836,77378.09030912493
dubrovnik-88,60,2,selective,0.20760831516236067,157897.43381869566,77378.09030912493
dubrovnik-88,60,2,selective,0.33945212606340647,113551.15125462165,77378.09030912493
dubrovnik-88,60,2,selective,0.45961662009358406,98908.35573526169,77378.09030912493
dubrovnik-88,60,2,selective,0.5776381539180875,90490.08505243732,77378.09030912493
dubrovnik-88,60,2,selective,0.6961764893494546,85628.6283190025,77378.09030912493
dubrovnik-88,60,2,selective,0.8126448621042073,82221.17703837727,77378.09030912493
dubrovnik-88,60,2,selective,0.9296960053034127,79591.8913241746,77378.09030912493
dubrovnik-88,60,2,selective,1.0468907193280756,77867.04629354422,77378.09030912493
dubrovnik-88,60,2,selective,1.1640275623649359,77047.47883757674,77378.09030912493
dubrovnik-88,61,0,fine,0.0,1103715.2687631594,78261.67583222037
dubrovnik-88,61,0,fine,0.12267589522525668,161224.6083693415,78261.67583222037
dubrovnik-88,61,0,fine,0.25069234427064657,115396.31603615756,78261.67583222037
dubrovnik-88,61,0,fine,0.36875897785648704,100166.36159631025,78261.67583222037
dubrovnik-88,61,0,fine,0.489927533082664,91349.28135039228,78261.67583222037
dubrovnik-88,61,0,fine,0.6104821981862187,86192.93564343275,78261.67583222037
dubrovnik-88,61,0,fine,0.7291684029623866,82671.47883594933,78261.67583222037
dubrovnik-88,61,0,fine,0.8465271559543908,80195.76551796327,78261.67583222037
dubrovnik-88,61,0,fine,0.9618859090842307,78755.77992463775,78261.67583222037
dubrovnik-88,61,0,fine,1.079385912977159,78039.96684190196,78261.67583222037
dubrovnik-88,61,1,fine,0.0,1103715.2687631594,78261.67583222037
dubrovnik-88,61,1,fine,0.12203482631593943,161224.6083693415,78261.67583222037
dubrovnik-88,61,1,fine,0.24919563438743353,115396.31603615756,78261.67583222037
dubrovnik-88,61,1,fine,0.3676380682736635,100166.36159631025,78261.67583222037
dubrovnik-88,61,1,fine,0.4882172243669629,91349.28135039228,78261.67583222037
dubrovnik-88,61,1,fine,0.608544688206166,86192.93564343275,78261.67583222037
dubrovnik-88,61,1,fine,0.7261872724629939,82671.47883594933,78261.67583222037
dubrovnik-88,61,1,fine,0.8426137752830982,80195.76551796327,78261.67583222037
dubrovnik-88,61,1,fine,0.9590716995298862,78755.77992463775,78261.67583222037
dubrovnik-88,61,1,fine,1.0753233223222196,78039.96684190196,78261.67583222037
dubrovnik-88,61,2,fine,0.0,1103715.2687631594,78261.67583222037
dubrovnik-88,61,2,fine,0.12171064643189311,161224.6083693415,78261.67583222037
dubrovnik-88,61,2,fine,0.2486573443748057,115396.31603615756,78261.67583222037
dubrovnik-88,61,2,fine,0.36676555732265115,100166.36159631025,78261.67583222037
dubrovnik-88,61,2,fine,0.48839385341852903,91349.28135039228,78261.67583222037
dubrovnik-88,61,2,fine,0.6086385482922196,86192.93564343275,78261.67583222037
dubrovnik-88,61,2,fine,0.7268153023906052,82671.47883594933,78261.67583222037
dubrovnik-88,61,2,fine,0.8433754052966833,80195.76551796327,78261.67583222037
dubrovnik-88,61,2,fine,0.9581205784343183,78755.77992463775,78261.67583222037
dubrovnik-88,61,2,fine,1.0745360814034939,78039.96684190196,78261.67583222037
dubrovnik-88,61,0,nonlinear8,0.0,1103715.2687631594,78261.67583222037
dubrovnik-88,61,0,nonlinear8,0.10010914597660303,799142.7056126231,78261.67583222037
dubrovnik-88,61,0,nonlinear8,0.11413465207442641,799062.6068307424,78261.67583222037
dubrovnik-88,61,0,nonlinear8,0.12805274920538068,799012.856861421,78261.67583222037
dubrovnik-88,61,0,nonlinear8,0.1424212954007089,798980.6587627388,78261.67583222037
dubrovnik-88,61,0,nonlinear8,0.1561853620223701,798969.0164334452,78261.67583222037
dubrovnik-88,61,0,nonlinear8,0.17003944842144847,798966.8891397722,78261.67583222037
dubrovnik-88,61,0,nonlinear8,0.18382715433835983,798966.6609656381,78261.67583222037
dubrovnik-88,61,0,nonlinear8,0.1976318210363388,798966.6421440688,78261.67583222037
dubrovnik-88,61,0,nonlinear8,0.318003804422915,133273.10523075028,78261.67583222037
dubrovnik-88,61,0,nonlinear8,0.4473825143650174,105076.75805918757,78261.67583222037
dubrovnik-88,61,0,nonlinear8,0.5651622670702636,95795.58151700787,78261.67583222037
dubrovnik-88,61,0,nonlinear8,0.6821426711976528,90477.11871682284,78261.67583222037
dubrovnik-88,61,0,nonlinear8,0.7993510151281953,86419.48198357158,78261.67583222037
dubrovnik-88,61,0,nonlinear8,0.9157229880802333,82953.94230561877,78261.67583222037
dubrovnik-88,61,0,nonlinear8,1.0330904009751976,80368.414509104,78261.67583222037
dubrovnik-88,61,0,nonlinear8,1.1565269883722067,78844.19196013868,78261.67583222037
dubrovnik-88,61,0,nonlinear8,1.2846382060088217,78076.83508715259,78261.67583222037
dubrovnik-88,61,1,nonlinear8,0.0,1103715.2687631594,78261.67583222037
dubrovnik-88,61,1,nonlinear8,0.10004795622080564,799142.7056126231,78261.67583222037
dubrovnik-88,61,1,nonlinear8,0.11413237312808633,799062.6068307424,78261.67583222037
dubrovnik-88,61,1,nonlinear8,0.12793479906395078,799012.856861421,78261.67583222037
dubrovnik-88,61,1,nonlinear8,0.14177402528002858,798980.6587627388,78261.67583222037
dubrovnik-88,61,1,nonlinear8,0.15551635203883052,798969.0164334452,78261.67583222037
dubrovnik-88,61,1,nonlinear8,0.16943587828427553,798966.8891397722,78261.67583222037
dubrovnik-88,61,1,nonlinear8,0.18321863422170281,798966.6609656381,78261.67583222037
dubrovnik-88,61,1,nonlinear8,0.19687956012785435,798966.6421440688,78261.67583222037
dubrovnik-88,61,1,nonlinear8,0.31728739524260163,133273.10523075028,78261.67583222037
dubrovnik-88,61,1,nonlinear8,0.44870501523837447,105076.75805918757,78261.67583222037
dubrovnik-88,61,1,nonlinear8,0.5663979994133115,95795.58151700787,78261.67583222037
dubrovnik-88,61,1,nonlinear8,0.6851389831863344,90477.11871682284,78261.67583222037
dubrovnik-88,61,1,nonlinear8,0.8027163171209395,86419.48198357158,78261.67583222037
dubrovnik-88,61,1,nonlinear8,0.9189568301662803,82953.94230561877,78261.67583222037
dubrovnik-88,61,1,nonlinear8,1.0362242739647627,80368.414509104,78261.67583222037
dubrovnik-88,61,1,nonlinear8,1.1521896473132074,78844.19196013868,78261.67583222037
dubrovnik-88,61,1,nonlinear8,1.2691908003762364,78076.83508715259,78261.67583222037
dubrovnik-88,61,2,nonlinear8,0.0,1103715.2687631594,78261.67583222037
dubrovnik-88,61,2,nonlinear8,0.09908913495019078,799142.7056126231,78261.67583222037
dubrovnik-88,61,2,nonlinear8,0.11318678176030517,799062.6068307424,78261.67583222037
dubrovnik-88,61,2,nonlinear8,0.1269554477185011,799012.856861421,78261.67583222037
dubrovnik-88,61,2,nonlinear8,0.14080188376829028,798980.6587627388,78261.67583222037
dubrovnik-88,61,2,nonlinear8,0.15446012979373336,798969.0164334452,78261.67583222037
dubrovnik-88,61,2,nonlinear8,0.16832027677446604,798966.8891397722,78261.67583222037
dubrovnik-88,61,2,nonlinear8,0.18211897276341915,798966.6609656381,78261.67583222037
dubrovnik-88,61,2,nonlinear8,0.19586958875879645,798966.6421440688,78261.67583222037
dubrovnik-88,61,2,nonlinear8,0.3158062342554331,133273.10523075028,78261.67583222037
dubrovnik-88,61,2,nonlinear8,0.4463709043338895,105076.75805918757,78261.67583222037
dubrovnik-88,61,2,nonlinear8,0.5633540372364223,95795.58151700787,78261.67583222037
dubrovnik-88,61,2,nonlinear8,0.6807192014530301,90477.11871682284,78261.67583222037
dubrovnik-88,61,2,nonlinear8,0.796063844114542,86419.48198357158,78261.67583222037
dubrovnik-88,61,2,nonlinear8,0.9114365363493562,82953.94230561877,78261.67583222037
dubrovnik-88,61,2,nonlinear8,1.0289582102559507,80368.414509104,78261.67583222037
dubrovnik-88,61,2,nonlinear8,1.1470094844698906,78844.19196013868,78261.67583222037
dubrovnik-88,61,2,nonlinear8,1.2639597873203456,78076.83508715259,78261.67583222037
dubrovnik-88,61,0,bridge8,0.0,1103715.2687631594,78261.67583222037
dubrovnik-88,61,0,bridge8,0.0891413209028542,799142.7056126232,78261.67583222037
dubrovnik-88,61,0,bridge8,0.09225333202630281,799062.6068307536,78261.67583222037
dubrovnik-88,61,0,bridge8,0.09534676419571042,799012.8568614307,78261.67583222037
dubrovnik-88,61,0,bridge8,0.09841262502595782,798980.6587627379,78261.67583222037
dubrovnik-88,61,0,bridge8,0.10148123605176806,798969.016433433,78261.67583222037
dubrovnik-88,61,0,bridge8,0.10456157801672816,798966.8891397923,78261.67583222037
dubrovnik-88,61,0,bridge8,0.10762913897633553,798966.6609656976,78261.67583222037
dubrovnik-88,61,0,bridge8,0.11067709093913436,798966.6421441673,78261.67583222037
dubrovnik-88,61,0,bridge8,0.11203474085777998,798966.6421441532,78261.67583222037
dubrovnik-88,61,0,bridge8,0.23192848591133952,133273.10523076364,78261.67583222037
dubrovnik-88,61,0,bridge8,0.3614151352085173,105076.75805920715,78261.67583222037
dubrovnik-88,61,0,bridge8,0.478793369140476,95795.5815170278,78261.67583222037
dubrovnik-88,61,0,bridge8,0.5965444529429078,90477.1187168415,78261.67583222037
dubrovnik-88,61,0,bridge8,0.7129561859183013,86419.48198358832,78261.67583222037
dubrovnik-88,61,0,bridge8,0.8302492192015052,82953.94230563253,78261.67583222037
dubrovnik-88,61,0,bridge8,0.9475939231924713,80368.4145091137,78261.67583222037
dubrovnik-88,61,0,bridge8,1.0654301471076906,78844.19196014431,78261.67583222037
dubrovnik-88,61,0,bridge8,1.1818713401444256,78076.83508715504,78261.67583222037
dubrovnik-88,61,1,bridge8,0.0,1103715.2687631594,78261.67583222037
dubrovnik-88,61,1,bridge8,0.08772605983540416,799142.7056126232,78261.67583222037
dubrovnik-88,61,1,bridge8,0.09086081106215715,799062.6068307536,78261.67583222037
dubrovnik-88,61,1,bridge8,0.09391716308891773,799012.8568614307,78261.67583222037
dubrovnik-88,61,1,bridge8,0.0969988340511918,798980.6587627379,78261.67583222037
dubrovnik-88,61,1,bridge8,0.10006600571796298,798969.016433433,78261.67583222037
dubrovnik-88,61,1,bridge8,0.10313264699652791,798966.8891397923,78261.67583222037
dubrovnik-88,61,1,bridge8,0.10619757790118456,798966.6609656976,78261.67583222037
dubrovnik-88,61,1,bridge8,0.10926224989816546,798966.6421441673,78261.67583222037
dubrovnik-88,61,1,bridge8,0.11054365010932088,798966.6421441532,78261.67583222037
dubrovnik-88,61,1,bridge8,0.24350983137264848,133273.10523076364,78261.67583222037
dubrovnik-88,61,1,bridge8,0.37164115021005273,105076.75805920715,78261.67583222037
dubrovnik-88,61,1,bridge8,0.48781869327649474,95795.5815170278,78261.67583222037
dubrovnik-88,61,1,bridge8,0.6061445269733667,90477.1187168415,78261.67583222037
dubrovnik-88,61,1,bridge8,0.7239692211151123,86419.48198358832,78261.67583222037
dubrovnik-88,61,1,bridge8,0.8398783942684531,82953.94230563253,78261.67583222037
dubrovnik-88,61,1,bridge8,0.957404297310859,80368.4145091137,78261.67583222037
dubrovnik-88,61,1,bridge8,1.0755674610845745,78844.19196014431,78261.67583222037
dubrovnik-88,61,1,bridge8,1.1969545371830463,78076.83508715504,78261.67583222037
dubrovnik-88,61,2,bridge8,0.0,1103715.2687631594,78261.67583222037
dubrovnik-88,61,2,bridge8,0.08896792074665427,799142.7056126232,78261.67583222037
dubrovnik-88,61,2,bridge8,0.09211444249376655,799062.6068307536,78261.67583222037
dubrovnik-88,61,2,bridge8,0.09519935352727771,799012.8568614307,78261.67583222037
dubrovnik-88,61,2,bridge8,0.09828399447724223,798980.6587627379,78261.67583222037
dubrovnik-88,61,2,bridge8,0.10138024669140577,798969.016433433,78261.67583222037
dubrovnik-88,61,2,bridge8,0.10443041753023863,798966.8891397923,78261.67583222037
dubrovnik-88,61,2,bridge8,0.10749607952311635,798966.6609656976,78261.67583222037
dubrovnik-88,61,2,bridge8,0.11058041034266353,798966.6421441673,78261.67583222037
dubrovnik-88,61,2,bridge8,0.11187617061659694,798966.6421441532,78261.67583222037
dubrovnik-88,61,2,bridge8,0.2341980068013072,133273.10523076364,78261.67583222037
dubrovnik-88,61,2,bridge8,0.36161777563393116,105076.75805920715,78261.67583222037
dubrovnik-88,61,2,bridge8,0.4781030989252031,95795.5815170278,78261.67583222037
dubrovnik-88,61,2,bridge8,0.5954211028292775,90477.1187168415,78261.67583222037
dubrovnik-88,61,2,bridge8,0.7138251969590783,86419.48198358832,78261.67583222037
dubrovnik-88,61,2,bridge8,0.8300910098478198,82953.94230563253,78261.67583222037
dubrovnik-88,61,2,bridge8,0.9474672828800976,80368.4145091137,78261.67583222037
dubrovnik-88,61,2,bridge8,1.0655806865543127,78844.19196014431,78261.67583222037
dubrovnik-88,61,2,bridge8,1.1865732627920806,78076.83508715504,78261.67583222037
dubrovnik-88,61,0,selective,0.0,1103715.2687631594,78261.67583222037
dubrovnik-88,61,0,selective,0.20400737412273884,161224.6083693415,78261.67583222037
dubrovnik-88,61,0,selective,0.33072533225640655,115396.31603615756,78261.67583222037
dubrovnik-88,61,0,selective,0.44901764625683427,100166.36159631025,78261.67583222037
dubrovnik-88,61,0,selective,0.5681681302376091,91349.28135039228,78261.67583222037
dubrovnik-88,61,0,selective,0.6893434161320329,86192.93564343275,78261.67583222037
dubrovnik-88,61,0,selective,0.8061886890791357,82671.47883594933,78261.67583222037
dubrovnik-88,61,0,selective,0.9255555444397032,80195.76551796327,78261.67583222037
dubrovnik-88,61,0,selective,1.045643118210137,78755.77992463775,78261.67583222037
dubrovnik-88,61,0,selective,1.1694698254577816,78039.96684190196,78261.67583222037
dubrovnik-88,61,1,selective,0.0,1103715.2687631594,78261.67583222037
dubrovnik-88,61,1,selective,0.20611763512715697,161224.6083693415,78261.67583222037
dubrovnik-88,61,1,selective,0.3333212831057608,115396.31603615756,78261.67583222037
dubrovnik-88,61,1,selective,0.44991241581737995,100166.36159631025,78261.67583222037
dubrovnik-88,61,1,selective,0.5696304608136415,91349.28135039228,78261.67583222037
dubrovnik-88,61,1,selective,0.6905801361426711,86192.93564343275,78261.67583222037
dubrovnik-88,61,1,selective,0.8077246798202395,82671.47883594933,78261.67583222037
dubrovnik-88,61,1,selective,0.9248053929768503,80195.76551796327,78261.67583222037
dubrovnik-88,61,1,selective,1.0420968169346452,78755.77992463775,78261.67583222037
dubrovnik-88,61,1,selective,1.1650461331009865,78039.96684190196,78261.67583222037
dubrovnik-88,61,2,selective,0.0,1103715.2687631594,78261.67583222037
dubrovnik-88,61,2,selective,0.2062395648099482,161224.6083693415,78261.67583222037
dubrovnik-88,61,2,selective,0.33380992291495204,115396.31603615756,78261.67583222037
dubrovnik-88,61,2,selective,0.4502692259848118,100166.36159631025,78261.67583222037
dubrovnik-88,61,2,selective,0.5706294309347868,91349.28135039228,78261.67583222037
dubrovnik-88,61,2,selective,0.6911485260352492,86192.93564343275,78261.67583222037
dubrovnik-88,61,2,selective,0.8084862898103893,82671.47883594933,78261.67583222037
dubrovnik-88,61,2,selective,0.9253079327754676,80195.76551796327,78261.67583222037
dubrovnik-88,61,2,selective,1.0418286067433655,78755.77992463775,78261.67583222037
dubrovnik-88,61,2,selective,1.1644337228499353,78039.96684190196,78261.67583222037
dubrovnik-88,62,0,fine,0.0,1107868.4541007627,76506.97324070979
dubrovnik-88,62,0,fine,0.12533576739951968,162978.30389989875,76506.97324070979
dubrovnik-88,62,0,fine,0.2546485662460327,114902.35910487435,76506.97324070979
dubrovnik-88,62,0,fine,0.3750401814468205,98455.27452153774,76506.97324070979
dubrovnik-88,62,0,fine,0.49422780657187104,88941.48002761712,76506.97324070979
dubrovnik-88,62,0,fine,0.6167016713880002,83688.97287147107,76506.97324070979
dubrovnik-88,62,0,fine,0.7348225563764572,80415.80559451458,76506.97324070979
dubrovnik-88,62,0,fine,0.8524041892960668,78269.78559294507,76506.97324070979
dubrovnik-88,62,0,fine,0.9713357542641461,77106.95522157195,76506.97324070979
dubrovnik-88,62,0,fine,1.0911871185526252,76574.40267549858,76506.97324070979
dubrovnik-88,62,0,fine,1.2092511323280632,76149.1068292509,76506.97324070979
dubrovnik-88,62,1,fine,0.0,1107868.4541007627,76506.97324070979
dubrovnik-88,62,1,fine,0.13889178400859237,162978.30389989875,76506.97324070979
dubrovnik-88,62,1,fine,0.2711046738550067,114902.35910487435,76506.97324070979
dubrovnik-88,62,1,fine,0.39085265900939703,98455.27452153774,76506.97324070979
dubrovnik-88,62,1,fine,0.5096732131205499,88941.48002761712,76506.97324070979
dubrovnik-88,62,1,fine,0.6314022489823401,83688.97287147107,76506.97324070979
dubrovnik-88,62,1,fine,0.7494201730005443,80415.80559451458,76506.97324070979
dubrovnik-88,62,1,fine,0.8659028760157526,78269.78559294507,76506.97324070979
dubrovnik-88,62,1,fine,0.9852777998894453,77106.95522157195,76506.97324070979
dubrovnik-88,62,1,fine,1.106901146005839,76574.40267549858,76506.97324070979
dubrovnik-88,62,1,fine,1.225554839707911,76149.1068292509,76506.97324070979
dubrovnik-88,62,2,fine,0.0,1107868.4541007627,76506.97324070979
dubrovnik-88,62,2,fine,0.1249321666546166,162978.30389989875,76506.97324070979
dubrovnik-88,62,2,fine,0.2529993955977261,114902.35910487435,76506.97324070979
dubrovnik-88,62,2,fine,0.3706405395641923,98455.27452153774,76506.97324070979
dubrovnik-88,62,2,fine,0.49187771463766694,88941.48002761712,76506.97324070979
dubrovnik-88,62,2,fine,0.6133156507275999,83688.97287147107,76506.97324070979
dubrovnik-88,62,2,fine,0.7323116147890687,80415.80559451458,76506.97324070979
dubrovnik-88,62,2,fine,0.8498903177678585,78269.78559294507,76506.97324070979
dubrovnik-88,62,2,fine,0.9686476229690015,77106.95522157195,76506.97324070979
dubrovnik-88,62,2,fine,1.0869027469307184,76574.40267549858,76506.97324070979
dubrovnik-88,62,2,fine,1.2079287017695606,76149.1068292509,76506.97324070979
dubrovnik-88,62,0,nonlinear8,0.0,1107868.4541007627,76506.97324070979
dubrovnik-88,62,0,nonlinear8,0.10091492626816034,782823.2372092487,76506.97324070979
dubrovnik-88,62,0,nonlinear8,0.11536849197000265,782690.9038954846,76506.97324070979
dubrovnik-88,62,0,nonlinear8,0.12958958884701133,782593.0137304876,76506.97324070979
dubrovnik-88,62,0,nonlinear8,0.14368900517001748,782492.5241176923,76506.97324070979
dubrovnik-88,62,0,nonlinear8,0.15783872222527862,782421.2524198534,76506.97324070979
dubrovnik-88,62,0,nonlinear8,0.17193388799205422,782392.8646522533,76506.97324070979
dubrovnik-88,62,0,nonlinear8,0.18602081388235092,782387.8780059236,76506.97324070979
dubrovnik-88,62,0,nonlinear8,0.20008264109492302,782387.558796805,76506.97324070979
dubrovnik-88,62,0,nonlinear8,0.32255393685773015,132493.06978504395,76506.97324070979
dubrovnik-88,62,0,nonlinear8,0.4524197061546147,103210.9185145376,76506.97324070979
dubrovnik-88,62,0,nonlinear8,0.5712002208456397,93108.70408130901,76506.97324070979
dubrovnik-88,62,0,nonlinear8,0.6902126451022923,87438.35495203032,76506.97324070979
dubrovnik-88,62,0,nonlinear8,0.8134455210529268,83498.21080652796,76506.97324070979
dubrovnik-88,62,0,nonlinear8,0.9307972048409283,80404.596149504,76506.97324070979
dubrovnik-88,62,0,nonlinear8,1.0478702881373465,78229.22832559691,76506.97324070979
dubrovnik-88,62,0,nonlinear8,1.1664183619432151,77054.41232035415,76506.97324070979
dubrovnik-88,62,0,nonlinear8,1.287038748152554,76527.16707280511,76506.97324070979
dubrovnik-88,62,0,nonlinear8,1.4066711822524667,76105.78774324624,76506.97324070979
dubrovnik-88,62,1,nonlinear8,0.0,1107868.4541007627,76506.97324070979
dubrovnik-88,62,1,nonlinear8,0.10134257655590773,782823.2372092487,76506.97324070979
dubrovnik-88,62,1,nonlinear8,0.11601824266836047,782690.9038954846,76506.97324070979
dubrovnik-88,62,1,nonlinear8,0.13041680958122015,782593.0137304876,76506.97324070979
dubrovnik-88,62,1,nonlinear8,0.14472473552450538,782492.5241176923,76506.97324070979
dubrovnik-88,62,1,nonlinear8,0.159131302498281,782421.2524198534,76506.97324070979
dubrovnik-88,62,1,nonlinear8,0.17347457958385348,782392.8646522533,76506.97324070979
dubrovnik-88,62,1,nonlinear8,0.18785753566771746,782387.8780059236,76506.97324070979
dubrovnik-88,62,1,nonlinear8,0.20223234267905354,782387.558796805,76506.97324070979
dubrovnik-88,62,1,nonlinear8,0.32947337068617344,132493.06978504395,76506.97324070979
dubrovnik-88,62,1,nonlinear8,0.45877088978886604,103210.9185145376,76506.97324070979
dubrovnik-88,62,1,nonlinear8,0.5767346736975014,93108.70408130901,76506.97324070979
dubrovnik-88,62,1,nonlinear8,0.6979828486219049,87438.35495203032,76506.97324070979
dubrovnik-88,62,1,nonlinear8,0.8174910238012671,83498.21080652796,76506.97324070979
dubrovnik-88,62,1,nonlinear8,0.9365546978078783,80404.596149504,76506.97324070979
dubrovnik-88,62,1,nonlinear8,1.0543635515496135,78229.22832559691,76506.97324070979
dubrovnik-88,62,1,nonlinear8,1.1738895466551185,77054.41232035415,76506.97324070979
dubrovnik-88,62,1,nonlinear8,1.2929452606476843,76527.16707280511,76506.97324070979
dubrovnik-88,62,1,nonlinear8,1.4111682549118996,76105.78774324624,76506.97324070979
dubrovnik-88,62,2,nonlinear8,0.0,1107868.4541007627,76506.97324070979
dubrovnik-88,62,2,nonlinear8,0.10079160612076521,782823.2372092487,76506.97324070979
dubrovnik-88,62,2,nonlinear8,0.1152238929644227,782690.9038954846,76506.97324070979
dubrovnik-88,62,2,nonlinear8,0.12939438875764608,782593.0137304876,76506.97324070979
dubrovnik-88,62,2,nonlinear8,0.14351972611621022,782492.5241176923,76506.97324070979
dubrovnik-88,62,2,nonlinear8,0.15773988189175725,782421.2524198534,76506.97324070979
dubrovnik-88,62,2,nonlinear8,0.1718051489442587,782392.8646522533,76506.97324070979
dubrovnik-88,62,2,nonlinear8,0.18600625498220325,782387.8780059236,76506.97324070979
dubrovnik-88,62,2,nonlinear8,0.20006242208182812,782387.558796805,76506.97324070979
dubrovnik-88,62,2,nonlinear8,0.32313632778823376,132493.06978504395,76506.97324070979
dubrovnik-88,62,2,nonlinear8,0.45124112581834197,103210.9185145376,76506.97324070979
dubrovnik-88,62,2,nonlinear8,0.5695700198411942,93108.70408130901,76506.97324070979
dubrovnik-88,62,2,nonlinear8,0.6888060248456895,87438.35495203032,76506.97324070979
dubrovnik-88,62,2,nonlinear8,0.8102428410202265,83498.21080652796,76506.97324070979
dubrovnik-88,62,2,nonlinear8,0.9279057737439871,80404.596149504,76506.97324070979
dubrovnik-88,62,2,nonlinear8,1.044891167897731,78229.22832559691,76506.97324070979
dubrovnik-88,62,2,nonlinear8,1.1634235717356205,77054.41232035415,76506.97324070979
dubrovnik-88,62,2,nonlinear8,1.2832902069203556,76527.16707280511,76506.97324070979
dubrovnik-88,62,2,nonlinear8,1.4024166311137378,76105.78774324624,76506.97324070979
dubrovnik-88,62,0,bridge8,0.0,1107868.4541007627,76506.97324070979
dubrovnik-88,62,0,bridge8,0.09012710070237517,782823.2372092442,76506.97324070979
dubrovnik-88,62,0,bridge8,0.09318750211969018,782690.903895478,76506.97324070979
dubrovnik-88,62,0,bridge8,0.09621198382228613,782593.013730489,76506.97324070979
dubrovnik-88,62,0,bridge8,0.09923307504504919,782492.5241176863,76506.97324070979
dubrovnik-88,62,0,bridge8,0.10226763691753149,782421.252419837,76506.97324070979
dubrovnik-88,62,0,bridge8,0.10527082812041044,782392.8646522344,76506.97324070979
dubrovnik-88,62,0,bridge8,0.10827300883829594,782387.8780059074,76506.97324070979
dubrovnik-88,62,0,bridge8,0.11126562114804983,782387.5587967953,76506.97324070979
dubrovnik-88,62,0,bridge8,0.1126442807726562,782387.5587968517,76506.97324070979
dubrovnik-88,62,0,bridge8,0.2359546683728695,132493.06978507512,76506.97324070979
dubrovnik-88,62,0,bridge8,0.3651823871769011,103210.91851456063,76506.97324070979
dubrovnik-88,62,0,bridge8,0.485067212022841,93108.70408133046,76506.97324070979
dubrovnik-88,62,0,bridge8,0.6053729471750557,87438.35495205158,76506.97324070979
dubrovnik-88,62,0,bridge8,0.7253311611711979,83498.21080654839,76506.97324070979
dubrovnik-88,62,0,bridge8,0.842541185207665,80404.59614952216,76506.97324070979
dubrovnik-88,62,0,bridge8,0.9605741491541266,78229.2283256111,76506.97324070979
dubrovnik-88,62,0,bridge8,1.0790453529916704,77054.41232036288,76506.97324070979
dubrovnik-88,62,0,bridge8,1.1967949774116278,76527.1670728088,76506.97324070979
dubrovnik-88,62,0,bridge8,1.3142543910071254,76105.78774324713,76506.97324070979
dubrovnik-88,62,1,bridge8,0.0,1107868.4541007627,76506.97324070979
dubrovnik-88,62,1,bridge8,0.09010234102606773,782823.2372092442,76506.97324070979
dubrovnik-88,62,1,bridge8,0.09315653285011649,782690.903895478,76506.97324070979
dubrovnik-88,62,1,bridge8,0.09621982416138053,782593.013730489,76506.97324070979
dubrovnik-88,62,1,bridge8,0.09922617487609386,782492.5241176863,76506.97324070979
dubrovnik-88,62,1,bridge8,0.10227897670120001,782421.252419837,76506.97324070979
dubrovnik-88,62,1,bridge8,0.10528357792645693,782392.8646522344,76506.97324070979
dubrovnik-88,62,1,bridge8,0.1083118487149477,782387.8780059074,76506.97324070979
dubrovnik-88,62,1,bridge8,0.1113226511515677,782387.5587967953,76506.97324070979
dubrovnik-88,62,1,bridge8,0.11268554208800197,782387.5587968517,76506.97324070979
dubrovnik-88,62,1,bridge8,0.2383638177998364,132493.06978507512,76506.97324070979
dubrovnik-88,62,1,bridge8,0.36953558772802353,103210.91851456063,76506.97324070979
dubrovnik-88,62,1,bridge8,0.4885319918394089,93108.70408133046,76506.97324070979
dubrovnik-88,62,1,bridge8,0.6089250170625746,87438.35495205158,76506.97324070979
dubrovnik-88,62,1,bridge8,0.7303311829455197,83498.21080654839,76506.97324070979
dubrovnik-88,62,1,bridge8,0.8492417270317674,80404.59614952216,76506.97324070979
dubrovnik-88,62,1,bridge8,0.9699500519782305,78229.2283256111,76506.97324070979
dubrovnik-88,62,1,bridge8,1.088379206135869,77054.41232036288,76506.97324070979
dubrovnik-88,62,1,bridge8,1.2069048397243023,76527.1670728088,76506.97324070979
dubrovnik-88,62,1,bridge8,1.3257106449455023,76105.78774324713,76506.97324070979
dubrovnik-88,62,2,bridge8,0.0,1107868.4541007627,76506.97324070979
dubrovnik-88,62,2,bridge8,0.09009586088359356,782823.2372092442,76506.97324070979
dubrovnik-88,62,2,bridge8,0.0931360418908298,782690.903895478,76506.97324070979
dubrovnik-88,62,2,bridge8,0.09615003317594528,782593.013730489,76506.97324070979
dubrovnik-88,62,2,bridge8,0.0991464052349329,782492.5241176863,76506.97324070979
dubrovnik-88,62,2,bridge8,0.10219147615134716,782421.252419837,76506.97324070979
dubrovnik-88,62,2,bridge8,0.10521649802103639,782392.8646522344,76506.97324070979
dubrovnik-88,62,2,bridge8,0.10822536889463663,782387.8780059074,76506.97324070979
dubrovnik-88,62,2,bridge8,0.11127217998728156,782387.5587967953,76506.97324070979
dubrovnik-88,62,2,bridge8,0.11264124093577266,782387.5587968517,76506.97324070979
dubrovnik-88,62,2,bridge8,0.2384536089375615,132493.06978507512,76506.97324070979
dubrovnik-88,62,2,bridge8,0.3679062179289758,103210.91851456063,76506.97324070979
dubrovnik-88,62,2,bridge8,0.4879098730161786,93108.70408133046,76506.97324070979
dubrovnik-88,62,2,bridge8,0.6086046076379716,87438.35495205158,76506.97324070979
dubrovnik-88,62,2,bridge8,0.7284855227917433,83498.21080654839,76506.97324070979
dubrovnik-88,62,2,bridge8,0.8455252759158611,80404.59614952216,76506.97324070979
dubrovnik-88,62,2,bridge8,0.963519109878689,78229.2283256111,76506.97324070979
dubrovnik-88,62,2,bridge8,1.0825357637368143,77054.41232036288,76506.97324070979
dubrovnik-88,62,2,bridge8,1.200561888050288,76527.1670728088,76506.97324070979
dubrovnik-88,62,2,bridge8,1.3181608119048178,76105.78774324713,76506.97324070979
dubrovnik-88,62,0,selective,0.0,1107868.4541007627,76506.97324070979
dubrovnik-88,62,0,selective,0.2102087764069438,162978.30389989875,76506.97324070979
dubrovnik-88,62,0,selective,0.339200675021857,114902.35910487435,76506.97324070979
dubrovnik-88,62,0,selective,0.45756935933604836,98455.27452153774,76506.97324070979
dubrovnik-88,62,0,selective,0.5770146241411567,88941.48002761712,76506.97324070979
dubrovnik-88,62,0,selective,0.6984152491204441,83688.97287147107,76506.97324070979
dubrovnik-88,62,0,selective,0.8163693430833519,80415.80559451458,76506.97324070979
dubrovnik-88,62,0,selective,0.9345257473178208,78269.78559294507,76506.97324070979
dubrovnik-88,62,0,selective,1.0519961514510214,77106.95522157195,76506.97324070979
dubrovnik-88,62,0,selective,1.173489146400243,76574.40267549858,76506.97324070979
dubrovnik-88,62,0,selective,1.2918076603673398,76149.1068292509,76506.97324070979
dubrovnik-88,62,1,selective,0.0,1107868.4541007627,76506.97324070979
dubrovnik-88,62,1,selective,0.21010490553453565,162978.30389989875,76506.97324070979
dubrovnik-88,62,1,selective,0.3390333144925535,114902.35910487435,76506.97324070979
dubrovnik-88,62,1,selective,0.4577793884091079,98455.27452153774,76506.97324070979
dubrovnik-88,62,1,selective,0.5851516267284751,88941.48002761712,76506.97324070979
dubrovnik-88,62,1,selective,0.7068485226482153,83688.97287147107,76506.97324070979
dubrovnik-88,62,1,selective,0.8252279665321112,80415.80559451458,76506.97324070979
dubrovnik-88,62,1,selective,0.9439788204617798,78269.78559294507,76506.97324070979
dubrovnik-88,62,1,selective,1.0625961744226515,77106.95522157195,76506.97324070979
dubrovnik-88,62,1,selective,1.1826144796796143,76574.40267549858,76506.97324070979
dubrovnik-88,62,1,selective,1.3143222304061055,76149.1068292509,76506.97324070979
dubrovnik-88,62,2,selective,0.0,1107868.4541007627,76506.97324070979
dubrovnik-88,62,2,selective,0.20982689503580332,162978.30389989875,76506.97324070979
dubrovnik-88,62,2,selective,0.3378369342535734,114902.35910487435,76506.97324070979
dubrovnik-88,62,2,selective,0.4557021679356694,98455.27452153774,76506.97324070979
dubrovnik-88,62,2,selective,0.576800593174994,88941.48002761712,76506.97324070979
dubrovnik-88,62,2,selective,0.6962745278142393,83688.97287147107,76506.97324070979
dubrovnik-88,62,2,selective,0.8143798122182488,80415.80559451458,76506.97324070979
dubrovnik-88,62,2,selective,0.9329001759178936,78269.78559294507,76506.97324070979
dubrovnik-88,62,2,selective,1.0537553010508418,77106.95522157195,76506.97324070979
dubrovnik-88,62,2,selective,1.1739406562410295,76574.40267549858,76506.97324070979
dubrovnik-88,62,2,selective,1.293186501134187,76149.1068292509,76506.97324070979
venice-52,60,0,fine,0.0,480373.765840527,33854.445024428045
venice-52,60,0,fine,0.06732535036280751,114110.73961609644,33854.445024428045
venice-52,60,0,fine,0.13666239101439714,98026.97292054926,33854.445024428045
venice-52,60,0,fine,0.2004261612892151,90322.58280223941,33854.445024428045
venice-52,60,0,fine,0.26397911040112376,82634.89106065228,33854.445024428045
venice-52,60,0,fine,0.32664207834750414,73568.86692756297,33854.445024428045
venice-52,60,0,fine,0.38938638707622886,62786.04126958949,33854.445024428045
venice-52,60,0,fine,0.4515058253891766,51316.88844855586,33854.445024428045
venice-52,60,0,fine,0.5143594844266772,41879.37749945067,33854.445024428045
venice-52,60,0,fine,0.5760996621102095,36456.50486680363,33854.445024428045
venice-52,60,0,fine,0.6387210013344884,34336.77159506665,33854.445024428045
venice-52,60,0,fine,0.7015698901377618,33688.93809559497,33854.445024428045
venice-52,60,1,fine,0.0,480373.765840527,33854.445024428045
venice-52,60,1,fine,0.06733653042465448,114110.73961609644,33854.445024428045
venice-52,60,1,fine,0.13691807258874178,98026.97292054926,33854.445024428045
venice-52,60,1,fine,0.20085166161879897,90322.58280223941,33854.445024428045
venice-52,60,1,fine,0.2713518333621323,82634.89106065228,33854.445024428045
venice-52,60,1,fine,0.33706306340172887,73568.86692756297,33854.445024428045
venice-52,60,1,fine,0.4090328966267407,62786.04126958949,33854.445024428045
venice-52,60,1,fine,0.4736140463501215,51316.88844855586,33854.445024428045
venice-52,60,1,fine,0.5482768607325852,41879.37749945067,33854.445024428045
venice-52,60,1,fine,0.6131747392937541,36456.50486680363,33854.445024428045
venice-52,60,1,fine,0.6888483944348991,34336.77159506665,33854.445024428045
venice-52,60,1,fine,0.7532069543376565,33688.93809559497,33854.445024428045
venice-52,60,2,fine,0.0,480373.765840527,33854.445024428045
venice-52,60,2,fine,0.06764833116903901,114110.73961609644,33854.445024428045
venice-52,60,2,fine,0.1375831221230328,98026.97292054926,33854.445024428045
venice-52,60,2,fine,0.20140047231689095,90322.58280223941,33854.445024428045
venice-52,60,2,fine,0.2643084800802171,82634.89106065228,33854.445024428045
venice-52,60,2,fine,0.3274350790306926,73568.86692756297,33854.445024428045
venice-52,60,2,fine,0.3919155690819025,62786.04126958949,33854.445024428045
venice-52,60,2,fine,0.455663928296417,51316.88844855586,33854.445024428045
venice-52,60,2,fine,0.5176828363910317,41879.37749945067,33854.445024428045
venice-52,60,2,fine,0.5798474340699613,36456.50486680363,33854.445024428045
venice-52,60,2,fine,0.6422705929726362,34336.77159506665,33854.445024428045
venice-52,60,2,fine,0.7060664920136333,33688.93809559497,33854.445024428045
venice-52,60,0,nonlinear8,0.0,480373.765840527,33854.445024428045
venice-52,60,0,nonlinear8,0.05697075556963682,449860.3581921707,33854.445024428045
venice-52,60,0,nonlinear8,0.06878008088096976,449410.02739213686,33854.445024428045
venice-52,60,0,nonlinear8,0.08024260587990284,449381.6880999751,33854.445024428045
venice-52,60,0,nonlinear8,0.09180925181135535,449380.8991467167,33854.445024428045
venice-52,60,0,nonlinear8,0.10330849653109908,449380.8917043404,33854.445024428045
venice-52,60,0,nonlinear8,0.11483732191845775,449380.8916804279,33854.445024428045
venice-52,60,0,nonlinear8,0.1262054368853569,449380.8916803944,33854.445024428045
venice-52,60,0,nonlinear8,0.13772198278456926,449380.8916803911,33854.445024428045
venice-52,60,0,nonlinear8,0.20363740203902125,109280.64006720485,33854.445024428045
venice-52,60,0,nonlinear8,0.273878064006567,93543.82167163344,33854.445024428045
venice-52,60,0,nonlinear8,0.33896447299048305,85665.74342815467,33854.445024428045
venice-52,60,0,nonlinear8,0.41325745778158307,78088.9084201599,33854.445024428045
venice-52,60,0,nonlinear8,0.47755921678617597,69641.32217443062,33854.445024428045
venice-52,60,0,nonlinear8,0.5518897110596299,59995.411186703604,33854.445024428045
venice-52,60,0,nonlinear8,0.6164759998209774,49832.47886143961,33854.445024428045
venice-52,60,0,nonlinear8,0.6912315739318728,41357.04318519304,33854.445024428045
venice-52,60,0,nonlinear8,0.7553633539937437,36355.24243567906,33854.445024428045
venice-52,60,0,nonlinear8,0.8305583279579878,34348.340798199955,33854.445024428045
venice-52,60,0,nonlinear8,0.8951233578845859,33715.82281770474,33854.445024428045
venice-52,60,1,nonlinear8,0.0,480373.765840527,33854.445024428045
venice-52,60,1,nonlinear8,0.05690400721505284,449860.3581921707,33854.445024428045
venice-52,60,1,nonlinear8,0.06861674226820469,449410.02739213686,33854.445024428045
venice-52,60,1,nonlinear8,0.07997276727110147,449381.6880999751,33854.445024428045
venice-52,60,1,nonlinear8,0.0915233320556581,449380.8991467167,33854.445024428045
venice-52,60,1,nonlinear8,0.10304782819002867,449380.8917043404,33854.445024428045
venice-52,60,1,nonlinear8,0.11451204307377338,449380.8916804279,33854.445024428045
venice-52,60,1,nonlinear8,0.12592997821047902,449380.8916803944,33854.445024428045
venice-52,60,1,nonlinear8,0.13741314318031073,449380.8916803911,33854.445024428045
venice-52,60,1,nonlinear8,0.20368027407675982,109280.64006720485,33854.445024428045
venice-52,60,1,nonlinear8,0.27414141641929746,93543.82167163344,33854.445024428045
venice-52,60,1,nonlinear8,0.33909944631159306,85665.74342815467,33854.445024428045
venice-52,60,1,nonlinear8,0.4135213401168585,78088.9084201599,33854.445024428045
venice-52,60,1,nonlinear8,0.4778061294928193,69641.32217443062,33854.445024428045
venice-52,60,1,nonlinear8,0.5512591232545674,59995.411186703604,33854.445024428045
venice-52,60,1,nonlinear8,0.6154520222917199,49832.47886143961,33854.445024428045
venice-52,60,1,nonlinear8,0.6900819763541222,41357.04318519304,33854.445024428045
venice-52,60,1,nonlinear8,0.7546975454315543,36355.24243567906,33854.445024428045
venice-52,60,1,nonlinear8,0.8301248103380203,34348.340798199955,33854.445024428045
venice-52,60,1,nonlinear8,0.8943279492668808,33715.82281770474,33854.445024428045
venice-52,60,2,nonlinear8,0.0,480373.765840527,33854.445024428045
venice-52,60,2,nonlinear8,0.05714952573180199,449860.3581921707,33854.445024428045
venice-52,60,2,nonlinear8,0.06886572204530239,449410.02739213686,33854.445024428045
venice-52,60,2,nonlinear8,0.08035953715443611,449381.6880999751,33854.445024428045
venice-52,60,2,nonlinear8,0.09201875189319253,449380.8991467167,33854.445024428045
venice-52,60,2,nonlinear8,0.10360422683879733,449380.8917043404,33854.445024428045
venice-52,60,2,nonlinear8,0.11534099280834198,449380.8916804279,33854.445024428045
venice-52,60,2,nonlinear8,0.12680096784606576,449380.8916803944,33854.445024428045
venice-52,60,2,nonlinear8,0.13858471298590302,449380.8916803911,33854.445024428045
venice-52,60,2,nonlinear8,0.2046901141293347,109280.64006720485,33854.445024428045
venice-52,60,2,nonlinear8,0.2740063052624464,93543.82167163344,33854.445024428045
venice-52,60,2,nonlinear8,0.3378218440338969,85665.74342815467,33854.445024428045
venice-52,60,2,nonlinear8,0.40792963607236743,78088.9084201599,33854.445024428045
venice-52,60,2,nonlinear8,0.47168150497600436,69641.32217443062,33854.445024428045
venice-52,60,2,nonlinear8,0.536048665177077,59995.411186703604,33854.445024428045
venice-52,60,2,nonlinear8,0.5987725942395627,49832.47886143961,33854.445024428045
venice-52,60,2,nonlinear8,0.6628702231682837,41357.04318519304,33854.445024428045
venice-52,60,2,nonlinear8,0.7265438120812178,36355.24243567906,33854.445024428045
venice-52,60,2,nonlinear8,0.7902687713503838,34348.340798199955,33854.445024428045
venice-52,60,2,nonlinear8,0.8533040401525795,33715.82281770474,33854.445024428045
venice-52,60,0,bridge8,0.0,480373.765840527,33854.445024428045
venice-52,60,0,bridge8,0.05103954253718257,449860.35819217155,33854.445024428045
venice-52,60,0,bridge8,0.05653522536158562,449410.0273921385,33854.445024428045
venice-52,60,0,bridge8,0.06201679864898324,449381.6880999778,33854.445024428045
venice-52,60,0,bridge8,0.06744832079857588,449380.8991467218,33854.445024428045
venice-52,60,0,bridge8,0.07293406361714005,449380.89170434827,33854.445024428045
venice-52,60,0,bridge8,0.07838390534743667,449380.8916804367,33854.445024428045
venice-52,60,0,bridge8,0.08385922852903605,449380.8916804065,33854.445024428045
venice-52,60,0,bridge8,0.08931003045290709,449380.89168040495,33854.445024428045
venice-52,60,0,bridge8,0.09042186057195067,449380.89168040064,33854.445024428045
venice-52,60,0,bridge8,0.15595200983807445,109280.64006720443,33854.445024428045
venice-52,60,0,bridge8,0.22636681282892823,93543.8216716333,33854.445024428045
venice-52,60,0,bridge8,0.2909829718992114,85665.74342815467,33854.445024428045
venice-52,60,0,bridge8,0.3653120156377554,78088.90842015996,33854.445024428045
venice-52,60,0,bridge8,0.42915177484974265,69641.32217443062,33854.445024428045
venice-52,60,0,bridge8,0.5037833484821022,59995.41118670342,33854.445024428045
venice-52,60,0,bridge8,0.5672450275160372,49832.47886143936,33854.445024428045
venice-52,60,0,bridge8,0.6416378314606845,41357.043185192735,33854.445024428045
venice-52,60,0,bridge8,0.7055841805413365,36355.24243567891,33854.445024428045
venice-52,60,0,bridge8,0.7686784095130861,34348.340798199875,33854.445024428045
venice-52,60,0,bridge8,0.831728738732636,33715.8228177047,33854.445024428045
venice-52,60,1,bridge8,0.0,480373.765840527,33854.445024428045
venice-52,60,1,bridge8,0.05109874252229929,449860.35819217155,33854.445024428045
venice-52,60,1,bridge8,0.05664928583428264,449410.0273921385,33854.445024428045
venice-52,60,1,bridge8,0.062139817513525486,449381.6880999778,33854.445024428045
venice-52,60,1,bridge8,0.06763335084542632,449380.8991467218,33854.445024428045
venice-52,60,1,bridge8,0.07312241289764643,449380.89170434827,33854.445024428045
venice-52,60,1,bridge8,0.07856446551159024,449380.8916804367,33854.445024428045
venice-52,60,1,bridge8,0.08402039762586355,449380.8916804065,33854.445024428045
venice-52,60,1,bridge8,0.08948280056938529,449380.89168040495,33854.445024428045
venice-52,60,1,bridge8,0.09056784072890878,449380.89168040064,33854.445024428045
venice-52,60,1,bridge8,0.15575526095926762,109280.64006720443,33854.445024428045
venice-52,60,1,bridge8,0.22630053292959929,93543.8216716333,33854.445024428045
venice-52,60,1,bridge8,0.2911913231946528,85665.74342815467,33854.445024428045
venice-52,60,1,bridge8,0.36586245708167553,78088.90842015996,33854.445024428045
venice-52,60,1,bridge8,0.4295540158636868,69641.32217443062,33854.445024428045
venice-52,60,1,bridge8,0.5035626501776278,59995.41118670342,33854.445024428045
venice-52,60,1,bridge8,0.5674917488358915,49832.47886143936,33854.445024428045
venice-52,60,1,bridge8,0.6423364831134677,41357.043185192735,33854.445024428045
venice-52,60,1,bridge8,0.7064616130664945,36355.24243567891,33854.445024428045
venice-52,60,1,bridge8,0.7693974510766566,34348.340798199875,33854.445024428045
venice-52,60,1,bridge8,0.8326881700195372,33715.8228177047,33854.445024428045
venice-52,60,2,bridge8,0.0,480373.765840527,33854.445024428045
venice-52,60,2,bridge8,0.05110773351043463,449860.35819217155,33854.445024428045
venice-52,60,2,bridge8,0.05664272652938962,449410.0273921385,33854.445024428045
venice-52,60,2,bridge8,0.06213929830119014,449381.6880999778,33854.445024428045
venice-52,60,2,bridge8,0.0675926711410284,449380.8991467218,33854.445024428045
venice-52,60,2,bridge8,0.07308143330737948,449380.89170434827,33854.445024428045
venice-52,60,2,bridge8,0.07855983637273312,449380.8916804367,33854.445024428045
venice-52,60,2,bridge8,0.0840092683210969,449380.8916804065,33854.445024428045
venice-52,60,2,bridge8,0.08946151146665215,449380.89168040495,33854.445024428045
venice-52,60,2,bridge8,0.0905503323301673,449380.89168040064,33854.445024428045
venice-52,60,2,bridge8,0.15623319009318948,109280.64006720443,33854.445024428045
venice-52,60,2,bridge8,0.22679025307297707,93543.8216716333,33854.445024428045
venice-52,60,2,bridge8,0.29060885217040777,85665.74342815467,33854.445024428045
venice-52,60,2,bridge8,0.36506250593811274,78088.90842015996,33854.445024428045
venice-52,60,2,bridge8,0.43000417575240135,69641.32217443062,33854.445024428045
venice-52,60,2,bridge8,0.5048929997719824,59995.41118670342,33854.445024428045
venice-52,60,2,bridge8,0.5697893691249192,49832.47886143936,33854.445024428045
venice-52,60,2,bridge8,0.6406309818848968,41357.043185192735,33854.445024428045
venice-52,60,2,bridge8,0.7049877308309078,36355.24243567891,33854.445024428045
venice-52,60,2,bridge8,0.7770114340819418,34348.340798199875,33854.445024428045
venice-52,60,2,bridge8,0.8410630337893963,33715.8228177047,33854.445024428045
venice-52,60,0,selective,0.0,480373.765840527,33854.445024428045
venice-52,60,0,selective,0.11143793072551489,114110.73961609644,33854.445024428045
venice-52,60,0,selective,0.18233752297237515,98026.97292054926,33854.445024428045
venice-52,60,0,selective,0.24721578182652593,90322.58280223941,33854.445024428045
venice-52,60,0,selective,0.32187810679897666,82634.89106065228,33854.445024428045
venice-52,60,0,selective,0.38654067600145936,73568.86692756297,33854.445024428045
venice-52,60,0,selective,0.4608409898355603,62786.04126958949,33854.445024428045
venice-52,60,0,selective,0.525260650087148,51316.88844855586,33854.445024428045
venice-52,60,0,selective,0.5882752677425742,41879.37749945067,33854.445024428045
venice-52,60,0,selective,0.6526712980121374,36456.50486680363,33854.445024428045
venice-52,60,0,selective,0.7174137067049742,34336.77159506665,33854.445024428045
venice-52,60,0,selective,0.7803449360653758,33688.93809559497,33854.445024428045
venice-52,60,1,selective,0.0,480373.765840527,33854.445024428045
venice-52,60,1,selective,0.11192273208871484,114110.73961609644,33854.445024428045
venice-52,60,1,selective,0.1825028141029179,98026.97292054926,33854.445024428045
venice-52,60,1,selective,0.2476072241552174,90322.58280223941,33854.445024428045
venice-52,60,1,selective,0.3218362280167639,82634.89106065228,33854.445024428045
venice-52,60,1,selective,0.3858419870957732,73568.86692756297,33854.445024428045
venice-52,60,1,selective,0.46127144107595086,62786.04126958949,33854.445024428045
venice-52,60,1,selective,0.5261140810325742,51316.88844855586,33854.445024428045
venice-52,60,1,selective,0.600897234864533,41879.37749945067,33854.445024428045
venice-52,60,1,selective,0.6650316650047898,36456.50486680363,33854.445024428045
venice-52,60,1,selective,0.7364583970047534,34336.77159506665,33854.445024428045
venice-52,60,1,selective,0.8001739461906254,33688.93809559497,33854.445024428045
venice-52,60,2,selective,0.0,480373.765840527,33854.445024428045
venice-52,60,2,selective,0.11127620097249746,114110.73961609644,33854.445024428045
venice-52,60,2,selective,0.18159301299601793,98026.97292054926,33854.445024428045
venice-52,60,2,selective,0.24689160333946347,90322.58280223941,33854.445024428045
venice-52,60,2,selective,0.3220102973282337,82634.89106065228,33854.445024428045
venice-52,60,2,selective,0.3863217062316835,73568.86692756297,33854.445024428045
venice-52,60,2,selective,0.4606523001566529,62786.04126958949,33854.445024428045
venice-52,60,2,selective,0.5261039300821722,51316.88844855586,33854.445024428045
venice-52,60,2,selective,0.5892454492859542,41879.37749945067,33854.445024428045
venice-52,60,2,selective,0.6540452791377902,36456.50486680363,33854.445024428045
venice-52,60,2,selective,0.7188780079595745,34336.77159506665,33854.445024428045
venice-52,60,2,selective,0.7821363271214068,33688.93809559497,33854.445024428045
venice-52,61,0,fine,0.0,426696.9535162182,30066.36126838933
venice-52,61,0,fine,0.06455165892839432,103156.11116886792,30066.36126838933
venice-52,61,0,fine,0.13410234078764915,88792.80856879886,30066.36126838933
venice-52,61,0,fine,0.19983918080106378,81895.85555212351,30066.36126838933
venice-52,61,0,fine,0.2734775748103857,75154.5453354054,30066.36126838933
venice-52,61,0,fine,0.3365841042250395,67568.09083773186,30066.36126838933
venice-52,61,0,fine,0.4058709451928735,58720.02647375007,30066.36126838933
venice-52,61,0,fine,0.4687847839668393,48793.06462353478,30066.36126838933
venice-52,61,0,fine,0.5384796760044992,39594.89349782244,30066.36126838933
venice-52,61,0,fine,0.6006882637739182,33535.79952509258,30066.36126838933
venice-52,61,0,fine,0.6633981629274786,30839.622707383252,30066.36126838933
venice-52,61,0,fine,0.7279423121362925,29963.302113748785,30066.36126838933
venice-52,61,1,fine,0.0,426696.9535162182,30066.36126838933
venice-52,61,1,fine,0.06445564888417721,103156.11116886792,30066.36126838933
venice-52,61,1,fine,0.13432945124804974,88792.80856879886,30066.36126838933
venice-52,61,1,fine,0.1977474302984774,81895.85555212351,30066.36126838933
venice-52,61,1,fine,0.2720460440032184,75154.5453354054,30066.36126838933
venice-52,61,1,fine,0.3353193928487599,67568.09083773186,30066.36126838933
venice-52,61,1,fine,0.40487453527748585,58720.02647375007,30066.36126838933
venice-52,61,1,fine,0.4674177332781255,48793.06462353478,30066.36126838933
venice-52,61,1,fine,0.5371815948747098,39594.89349782244,30066.36126838933
venice-52,61,1,fine,0.5989817632362247,33535.79952509258,30066.36126838933
venice-52,61,1,fine,0.6617761920206249,30839.622707383252,30066.36126838933
venice-52,61,1,fine,0.7263261019252241,29963.302113748785,30066.36126838933
venice-52,61,2,fine,0.0,426696.9535162182,30066.36126838933
venice-52,61,2,fine,0.06440673023462296,103156.11116886792,30066.36126838933
venice-52,61,2,fine,0.13452526228502393,88792.80856879886,30066.36126838933
venice-52,61,2,fine,0.19787729158997536,81895.85555212351,30066.36126838933
venice-52,61,2,fine,0.2715309844352305,75154.5453354054,30066.36126838933
venice-52,61,2,fine,0.3346407334320247,67568.09083773186,30066.36126838933
venice-52,61,2,fine,0.4042248954065144,58720.02647375007,30066.36126838933
venice-52,61,2,fine,0.46708819456398487,48793.06462353478,30066.36126838933
venice-52,61,2,fine,0.5366363362409174,39594.89349782244,30066.36126838933
venice-52,61,2,fine,0.5986525844782591,33535.79952509258,30066.36126838933
venice-52,61,2,fine,0.6611201222985983,30839.622707383252,30066.36126838933
venice-52,61,2,fine,0.72562625259161,29963.302113748785,30066.36126838933
venice-52,61,0,nonlinear8,0.0,426696.9535162182,30066.36126838933
venice-52,61,0,nonlinear8,0.05539569491520524,396817.42818806553,30066.36126838933
venice-52,61,0,nonlinear8,0.06659182021394372,396750.5193817943,30066.36126838933
venice-52,61,0,nonlinear8,0.07757698511704803,396748.37174582295,30066.36126838933
venice-52,61,0,nonlinear8,0.08868440985679626,396748.34266831144,30066.36126838933
venice-52,61,0,nonlinear8,0.09965035505592823,396748.3425255306,30066.36126838933
venice-52,61,0,nonlinear8,0.11066138092428446,396748.34252523945,30066.36126838933
venice-52,61,0,nonlinear8,0.1217591562308371,396748.3425252373,30066.36126838933
venice-52,61,0,nonlinear8,0.13275016099214554,396748.3425252358,30066.36126838933
venice-52,61,0,nonlinear8,0.19623357011005282,102028.12782950386,30066.36126838933
venice-52,61,0,nonlinear8,0.2660916419699788,87885.03603175898,30066.36126838933
venice-52,61,0,nonlinear8,0.32963361078873277,80813.80151113188,30066.36126838933
venice-52,61,0,nonlinear8,0.40280488412827253,74084.52475169988,30066.36126838933
venice-52,61,0,nonlinear8,0.4657259527593851,66603.1033530438,30066.36126838933
venice-52,61,0,nonlinear8,0.5396162969991565,57949.572234888954,30066.36126838933
venice-52,61,0,nonlinear8,0.6024988749995828,48285.38225100871,30066.36126838933
venice-52,61,0,nonlinear8,0.6764659290201962,39330.74934274643,30066.36126838933
venice-52,61,0,nonlinear8,0.7397494078613818,33407.51621642776,30066.36126838933
venice-52,61,0,nonlinear8,0.8136446219868958,30773.318523015758,30066.36126838933
venice-52,61,0,nonlinear8,0.8774349009618163,29938.19767680376,30066.36126838933
venice-52,61,1,nonlinear8,0.0,426696.9535162182,30066.36126838933
venice-52,61,1,nonlinear8,0.05518563510850072,396817.42818806553,30066.36126838933
venice-52,61,1,nonlinear8,0.06639612000435591,396750.5193817943,30066.36126838933
venice-52,61,1,nonlinear8,0.07739115506410599,396748.37174582295,30066.36126838933
venice-52,61,1,nonlinear8,0.08847170975059271,396748.34266831144,30066.36126838933
venice-52,61,1,nonlinear8,0.09945093467831612,396748.3425255306,30066.36126838933
venice-52,61,1,nonlinear8,0.11047664983198047,396748.34252523945,30066.36126838933
venice-52,61,1,nonlinear8,0.121606454718858,396748.3425252373,30066.36126838933
venice-52,61,1,nonlinear8,0.13255645986646414,396748.3425252358,30066.36126838933
venice-52,61,1,nonlinear8,0.19611904956400394,102028.12782950386,30066.36126838933
venice-52,61,1,nonlinear8,0.2660468812100589,87885.03603175898,30066.36126838933
venice-52,61,1,nonlinear8,0.32975883036851883,80813.80151113188,30066.36126838933
venice-52,61,1,nonlinear8,0.4042938444763422,74084.52475169988,30066.36126838933
venice-52,61,1,nonlinear8,0.46759437350556254,66603.1033530438,30066.36126838933
venice-52,61,1,nonlinear8,0.5406142976135015,57949.572234888954,30066.36126838933
venice-52,61,1,nonlinear8,0.603776226285845,48285.38225100871,30066.36126838933
venice-52,61,1,nonlinear8,0.677601189352572,39330.74934274643,30066.36126838933
venice-52,61,1,nonlinear8,0.7413074593059719,33407.51621642776,30066.36126838933
venice-52,61,1,nonlinear8,0.8036857075057924,30773.318523015758,30066.36126838933
venice-52,61,1,nonlinear8,0.8671014863066375,29938.19767680376,30066.36126838933
venice-52,61,2,nonlinear8,0.0,426696.9535162182,30066.36126838933
venice-52,61,2,nonlinear8,0.055361815728247166,396817.42818806553,30066.36126838933
venice-52,61,2,nonlinear8,0.06661581061780453,396750.5193817943,30066.36126838933
venice-52,61,2,nonlinear8,0.07766987569630146,396748.37174582295,30066.36126838933
venice-52,61,2,nonlinear8,0.08874732069671154,396748.34266831144,30066.36126838933
venice-52,61,2,nonlinear8,0.09972732560709119,396748.3425255306,30066.36126838933
venice-52,61,2,nonlinear8,0.11074831057339907,396748.34252523945,30066.36126838933
venice-52,61,2,nonlinear8,0.12180450558662415,396748.3425252373,30066.36126838933
venice-52,61,2,nonlinear8,0.13281806092709303,396748.3425252358,30066.36126838933
venice-52,61,2,nonlinear8,0.19657158013433218,102028.12782950386,30066.36126838933
venice-52,61,2,nonlinear8,0.2665322618559003,87885.03603175898,30066.36126838933
venice-52,61,2,nonlinear8,0.3301037810742855,80813.80151113188,30066.36126838933
venice-52,61,2,nonlinear8,0.40427359472960234,74084.52475169988,30066.36126838933
venice-52,61,2,nonlinear8,0.46683856286108494,66603.1033530438,30066.36126838933
venice-52,61,2,nonlinear8,0.5395863470621407,57949.572234888954,30066.36126838933
venice-52,61,2,nonlinear8,0.6026086159981787,48285.38225100871,30066.36126838933
venice-52,61,2,nonlinear8,0.6762188291177154,39330.74934274643,30066.36126838933
venice-52,61,2,nonlinear8,0.7397291879169643,33407.51621642776,30066.36126838933
venice-52,61,2,nonlinear8,0.8021911070682108,30773.318523015758,30066.36126838933
venice-52,61,2,nonlinear8,0.8636564048938453,29938.19767680376,30066.36126838933
venice-52,61,0,bridge8,0.0,426696.9535162182,30066.36126838933
venice-52,61,0,bridge8,0.04917956283316016,396817.4281880625,30066.36126838933
venice-52,61,0,bridge8,0.053714605048298836,396750.5193817904,30066.36126838933
venice-52,61,0,bridge8,0.05822014715522528,396748.3717458176,30066.36126838933
venice-52,61,0,bridge8,0.0627159089781344,396748.3426683058,30066.36126838933
venice-52,61,0,bridge8,0.06722950097173452,396748.3425255236,30066.36126838933
venice-52,61,0,bridge8,0.07172344299033284,396748.34252523293,30066.36126838933
venice-52,61,0,bridge8,0.0762262549251318,396748.34252523095,30066.36126838933
venice-52,61,0,bridge8,0.08068430703133345,396748.34252523,30066.36126838933
venice-52,61,0,bridge8,0.0817191181704402,396748.3425252337,30066.36126838933
venice-52,61,0,bridge8,0.14617850724607706,102028.12782950386,30066.36126838933
venice-52,61,0,bridge8,0.21655576908960938,87885.03603175914,30066.36126838933
venice-52,61,0,bridge8,0.27987605798989534,80813.80151113204,30066.36126838933
venice-52,61,0,bridge8,0.3494808003306389,74084.5247517001,30066.36126838933
venice-52,61,0,bridge8,0.41252528922632337,66603.10335304395,30066.36126838933
venice-52,61,0,bridge8,0.4814544999971986,57949.57223488921,30066.36126838933
venice-52,61,0,bridge8,0.5449719890020788,48285.3822510096,30066.36126838933
venice-52,61,0,bridge8,0.6148310010321438,39330.749342747,30066.36126838933
venice-52,61,0,bridge8,0.6783276102505624,33407.516216428,30066.36126838933
venice-52,61,0,bridge8,0.7572689661756158,30773.318523016118,30066.36126838933
venice-52,61,0,bridge8,0.8212403561919928,29938.197676803982,30066.36126838933
venice-52,61,1,bridge8,0.0,426696.9535162182,30066.36126838933
venice-52,61,1,bridge8,0.0601807776838541,396817.4281880625,30066.36126838933
venice-52,61,1,bridge8,0.06470167962834239,396750.5193817904,30066.36126838933
venice-52,61,1,bridge8,0.0692290817387402,396748.3717458176,30066.36126838933
venice-52,61,1,bridge8,0.07373327389359474,396748.3426683058,30066.36126838933
venice-52,61,1,bridge8,0.07824318576604128,396748.3425255236,30066.36126838933
venice-52,61,1,bridge8,0.08275408763438463,396748.34252523293,30066.36126838933
venice-52,61,1,bridge8,0.0872726496309042,396748.34252523095,30066.36126838933
venice-52,61,1,bridge8,0.09177762176841497,396748.34252523,30066.36126838933
venice-52,61,1,bridge8,0.0928053418174386,396748.3425252337,30066.36126838933
venice-52,61,1,bridge8,0.15778537187725306,102028.12782950386,30066.36126838933
venice-52,61,1,bridge8,0.22831967379897833,87885.03603175914,30066.36126838933
venice-52,61,1,bridge8,0.2914425930939615,80813.80151113204,30066.36126838933
venice-52,61,1,bridge8,0.36105813505128026,74084.5247517001,30066.36126838933
venice-52,61,1,bridge8,0.42443922394886613,66603.10335304395,30066.36126838933
venice-52,61,1,bridge8,0.49331267597153783,57949.57223488921,30066.36126838933
venice-52,61,1,bridge8,0.5568099450320005,48285.3822510096,30066.36126838933
venice-52,61,1,bridge8,0.6267273761332035,39330.749342747,30066.36126838933
venice-52,61,1,bridge8,0.6900480147451162,33407.516216428,30066.36126838933
venice-52,61,1,bridge8,0.7637496287934482,30773.318523016118,30066.36126838933
venice-52,61,1,bridge8,0.8266031378880143,29938.197676803982,30066.36126838933
venice-52,61,2,bridge8,0.0,426696.9535162182,30066.36126838933
venice-52,61,2,bridge8,0.04898081300780177,396817.4281880625,30066.36126838933
venice-52,61,2,bridge8,0.05352289509028196,396750.5193817904,30066.36126838933
venice-52,61,2,bridge8,0.05803796695545316,396748.3717458176,30066.36126838933
venice-52,61,2,bridge8,0.06255212891846895,396748.3426683058,30066.36126838933
venice-52,61,2,bridge8,0.06707909097895026,396748.3425255236,30066.36126838933
venice-52,61,2,bridge8,0.07156005268916488,396748.34252523293,30066.36126838933
venice-52,61,2,bridge8,0.07606854476034641,396748.34252523095,30066.36126838933
venice-52,61,2,bridge8,0.08053831709548831,396748.34252523,30066.36126838933
venice-52,61,2,bridge8,0.08156086690723896,396748.3425252337,30066.36126838933
venice-52,61,2,bridge8,0.14608043665066361,102028.12782950386,30066.36126838933
venice-52,61,2,bridge8,0.21658360864967108,87885.03603175914,30066.36126838933
venice-52,61,2,bridge8,0.2792771775275469,80813.80151113204,30066.36126838933
venice-52,61,2,bridge8,0.3481292184442282,74084.5247517001,30066.36126838933
venice-52,61,2,bridge8,0.4114077277481556,66603.10335304395,30066.36126838933
venice-52,61,2,bridge8,0.4801706285215914,57949.57223488921,30066.36126838933
venice-52,61,2,bridge8,0.543520197737962,48285.3822510096,30066.36126838933
venice-52,61,2,bridge8,0.6133370897732675,39330.749342747,30066.36126838933
venice-52,61,2,bridge8,0.6768099986948073,33407.516216428,30066.36126838933
venice-52,61,2,bridge8,0.7510419324971735,30773.318523016118,30066.36126838933
venice-52,61,2,bridge8,0.8136487216688693,29938.197676803982,30066.36126838933
venice-52,61,0,selective,0.0,426696.9535162182,30066.36126838933
venice-52,61,0,selective,0.10760770924389362,103156.11116886792,30066.36126838933
venice-52,61,0,selective,0.1779881613329053,88792.80856879886,30066.36126838933
venice-52,61,0,selective,0.24193178117275238,81895.85555212351,30066.36126838933
venice-52,61,0,selective,0.3165412852540612,75154.5453354054,30066.36126838933
venice-52,61,0,selective,0.3793858541175723,67568.09083773186,30066.36126838933
venice-52,61,0,selective,0.4521311172284186,58720.02647375007,30066.36126838933
venice-52,61,0,selective,0.5165092260576785,48793.06462353478,30066.36126838933
venice-52,61,0,selective,0.5909290304407477,39594.89349782244,30066.36126838933
venice-52,61,0,selective,0.6543488190509379,33535.79952509258,30066.36126838933
venice-52,61,0,selective,0.7232339601032436,30839.622707383252,30066.36126838933
venice-52,61,0,selective,0.786548329051584,29963.302113748785,30066.36126838933
venice-52,61,1,selective,0.0,426696.9535162182,30066.36126838933
venice-52,61,1,selective,0.1076174289919436,103156.11116886792,30066.36126838933
venice-52,61,1,selective,0.17756176134571433,88792.80856879886,30066.36126838933
venice-52,61,1,selective,0.24114148039370775,81895.85555212351,30066.36126838933
venice-52,61,1,selective,0.3150727739557624,75154.5453354054,30066.36126838933
venice-52,61,1,selective,0.37774337315931916,67568.09083773186,30066.36126838933
venice-52,61,1,selective,0.44996741600334644,58720.02647375007,30066.36126838933
venice-52,61,1,selective,0.5139375450089574,48793.06462353478,30066.36126838933
venice-52,61,1,selective,0.5874474192969501,39594.89349782244,30066.36126838933
venice-52,61,1,selective,0.6501953573897481,33535.79952509258,30066.36126838933
venice-52,61,1,selective,0.7187115391716361,30839.622707383252,30066.36126838933
venice-52,61,1,selective,0.781620176974684,29963.302113748785,30066.36126838933
venice-52,61,2,selective,0.0,426696.9535162182,30066.36126838933
venice-52,61,2,selective,0.10771040851250291,103156.11116886792,30066.36126838933
venice-52,61,2,selective,0.17859933152794838,88792.80856879886,30066.36126838933
venice-52,61,2,selective,0.2421855004504323,81895.85555212351,30066.36126838933
venice-52,61,2,selective,0.31631482439115644,75154.5453354054,30066.36126838933
venice-52,61,2,selective,0.37911618361249566,67568.09083773186,30066.36126838933
venice-52,61,2,selective,0.4522794564254582,58720.02647375007,30066.36126838933
venice-52,61,2,selective,0.5163866854272783,48793.06462353478,30066.36126838933
venice-52,61,2,selective,0.5899423393420875,39594.89349782244,30066.36126838933
venice-52,61,2,selective,0.6533833583816886,33535.79952509258,30066.36126838933
venice-52,61,2,selective,0.7222525295801461,30839.622707383252,30066.36126838933
venice-52,61,2,selective,0.7849884387105703,29963.302113748785,30066.36126838933
venice-52,62,0,fine,0.0,433805.0441079809,34856.93208568635
venice-52,62,0,fine,0.06638631038367748,106198.11437958234,34856.93208568635
venice-52,62,0,fine,0.13632590230554342,91411.98852867998,34856.93208568635
venice-52,62,0,fine,0.1998163410462439,84783.79368688085,34856.93208568635
venice-52,62,0,fine,0.2742222254164517,78584.45843437142,34856.93208568635
venice-52,62,0,fine,0.33811188442632556,71497.8876839695,34856.93208568635
venice-52,62,0,fine,0.4124209680594504,63056.94078268254,34856.93208568635
venice-52,62,0,fine,0.4763380973599851,53561.12819215169,34856.93208568635
venice-52,62,0,fine,0.5507802511565387,44712.86920048044,34856.93208568635
venice-52,62,0,fine,0.6155954310670495,38689.54062494983,34856.93208568635
venice-52,62,0,fine,0.6899193553254008,35896.91610718291,34856.93208568635
venice-52,62,0,fine,0.7534812544472516,34954.10432407159,34856.93208568635
venice-52,62,0,fine,0.827523548156023,34638.90044954241,34856.93208568635
venice-52,62,1,fine,0.0,433805.0441079809,34856.93208568635
venice-52,62,1,fine,0.06713730096817017,106198.11437958234,34856.93208568635
venice-52,62,1,fine,0.13805173290893435,91411.98852867998,34856.93208568635
venice-52,62,1,fine,0.2020974326878786,84783.79368688085,34856.93208568635
venice-52,62,1,fine,0.27712624706327915,78584.45843437142,34856.93208568635
venice-52,62,1,fine,0.3407180360518396,71497.8876839695,34856.93208568635
venice-52,62,1,fine,0.4146326300688088,63056.94078268254,34856.93208568635
venice-52,62,1,fine,0.4782826090231538,53561.12819215169,34856.93208568635
venice-52,62,1,fine,0.5411696578375995,44712.86920048044,34856.93208568635
venice-52,62,1,fine,0.6039604167453945,38689.54062494983,34856.93208568635
venice-52,62,1,fine,0.6668250346556306,35896.91610718291,34856.93208568635
venice-52,62,1,fine,0.7293435437604785,34954.10432407159,34856.93208568635
venice-52,62,1,fine,0.7914316216483712,34638.90044954241,34856.93208568635
venice-52,62,2,fine,0.0,433805.0441079809,34856.93208568635
venice-52,62,2,fine,0.06675739120692015,106198.11437958234,34856.93208568635
venice-52,62,2,fine,0.13580466248095036,91411.98852867998,34856.93208568635
venice-52,62,2,fine,0.19930113153532147,84783.79368688085,34856.93208568635
venice-52,62,2,fine,0.2735149352811277,78584.45843437142,34856.93208568635
venice-52,62,2,fine,0.33688651444390416,71497.8876839695,34856.93208568635
venice-52,62,2,fine,0.4105228981934488,63056.94078268254,34856.93208568635
venice-52,62,2,fine,0.4740149173885584,53561.12819215169,34856.93208568635
venice-52,62,2,fine,0.54791539022699,44712.86920048044,34856.93208568635
venice-52,62,2,fine,0.6119794803671539,38689.54062494983,34856.93208568635
venice-52,62,2,fine,0.6741739884018898,35896.91610718291,34856.93208568635
venice-52,62,2,fine,0.7372665675356984,34954.10432407159,34856.93208568635
venice-52,62,2,fine,0.8003740864805877,34638.90044954241,34856.93208568635
venice-52,62,0,nonlinear8,0.0,433805.0441079809,34856.93208568635
venice-52,62,0,nonlinear8,0.05628549586981535,414003.0075470541,34856.93208568635
venice-52,62,0,nonlinear8,0.06781924096867442,413591.7063396559,34856.93208568635
venice-52,62,0,nonlinear8,0.07927037589251995,413559.0435025497,34856.93208568635
venice-52,62,0,nonlinear8,0.09051847085356712,413557.9983665945,34856.93208568635
venice-52,62,0,nonlinear8,0.10184557596221566,413557.9869516693,34856.93208568635
venice-52,62,0,nonlinear8,0.1130228410474956,413557.9869078912,34856.93208568635
venice-52,62,0,nonlinear8,0.12423032708466053,413557.98690782307,34856.93208568635
venice-52,62,0,nonlinear8,0.20061510195955634,102467.33877905757,34856.93208568635
venice-52,62,0,nonlinear8,0.27046209294348955,88095.01570501504,34856.93208568635
venice-52,62,0,nonlinear8,0.3343478827737272,81447.27332602617,34856.93208568635
venice-52,62,0,nonlinear8,0.40861494606360793,75360.22953915378,34856.93208568635
venice-52,62,0,nonlinear8,0.4729590560309589,68638.93483221401,34856.93208568635
venice-52,62,0,nonlinear8,0.5477539799176157,60854.704861196995,34856.93208568635
venice-52,62,0,nonlinear8,0.6120408098213375,52164.06342639296,34856.93208568635
venice-52,62,0,nonlinear8,0.6869409838691354,44011.607314719964,34856.93208568635
venice-52,62,0,nonlinear8,0.7507801628671587,38400.25550239283,34856.93208568635
venice-52,62,0,nonlinear8,0.8246510769240558,35780.86343833358,34856.93208568635
venice-52,62,0,nonlinear8,0.887418975122273,34893.65071246385,34856.93208568635
venice-52,62,0,nonlinear8,0.9620119188912213,34592.48487370405,34856.93208568635
venice-52,62,1,nonlinear8,0.0,433805.0441079809,34856.93208568635
venice-52,62,1,nonlinear8,0.05634315591305494,414003.0075470541,34856.93208568635
venice-52,62,1,nonlinear8,0.06783579103648663,413591.7063396559,34856.93208568635
venice-52,62,1,nonlinear8,0.07918729586526752,413559.0435025497,34856.93208568635
venice-52,62,1,nonlinear8,0.0904874918051064,413557.9983665945,34856.93208568635
venice-52,62,1,nonlinear8,0.1018350669182837,413557.9869516693,34856.93208568635
venice-52,62,1,nonlinear8,0.11314321216195822,413557.9869078912,34856.93208568635
venice-52,62,1,nonlinear8,0.12453216686844826,413557.98690782307,34856.93208568635
venice-52,62,1,nonlinear8,0.20139668183401227,102467.33877905757,34856.93208568635
venice-52,62,1,nonlinear8,0.27133305417373776,88095.01570501504,34856.93208568635
venice-52,62,1,nonlinear8,0.3349627829156816,81447.27332602617,34856.93208568635
venice-52,62,1,nonlinear8,0.4080075668171048,75360.22953915378,34856.93208568635
venice-52,62,1,nonlinear8,0.4708965551108122,68638.93483221401,34856.93208568635
venice-52,62,1,nonlinear8,0.5336317638866603,60854.704861196995,34856.93208568635
venice-52,62,1,nonlinear8,0.5961746731773019,52164.06342639296,34856.93208568635
venice-52,62,1,nonlinear8,0.6589949307963252,44011.607314719964,34856.93208568635
venice-52,62,1,nonlinear8,0.7216561702080071,38400.25550239283,34856.93208568635
venice-52,62,1,nonlinear8,0.7844275990501046,35780.86343833358,34856.93208568635
venice-52,62,1,nonlinear8,0.847133357077837,34893.65071246385,34856.93208568635
venice-52,62,1,nonlinear8,0.9098612358793616,34592.48487370405,34856.93208568635
venice-52,62,2,nonlinear8,0.0,433805.0441079809,34856.93208568635
venice-52,62,2,nonlinear8,0.05669618584215641,414003.0075470541,34856.93208568635
venice-52,62,2,nonlinear8,0.06825725082308054,413591.7063396559,34856.93208568635
venice-52,62,2,nonlinear8,0.07978206686675549,413559.0435025497,34856.93208568635
venice-52,62,2,nonlinear8,0.0911343120969832,413557.9983665945,34856.93208568635
venice-52,62,2,nonlinear8,0.10270035685971379,413557.9869516693,34856.93208568635
venice-52,62,2,nonlinear8,0.11408303212374449,413557.9869078912,34856.93208568635
venice-52,62,2,nonlinear8,0.12561502680182457,413557.98690782307,34856.93208568635
venice-52,62,2,nonlinear8,0.2016631318256259,102467.33877905757,34856.93208568635
venice-52,62,2,nonlinear8,0.2724093245342374,88095.01570501504,34856.93208568635
venice-52,62,2,nonlinear8,0.33675692370161414,81447.27332602617,34856.93208568635
venice-52,62,2,nonlinear8,0.41063444782048464,75360.22953915378,34856.93208568635
venice-52,62,2,nonlinear8,0.4737752457149327,68638.93483221401,34856.93208568635
venice-52,62,2,nonlinear8,0.5478138797916472,60854.704861196995,34856.93208568635
venice-52,62,2,nonlinear8,0.6119704595766962,52164.06342639296,34856.93208568635
venice-52,62,2,nonlinear8,0.6752290376462042,44011.607314719964,34856.93208568635
venice-52,62,2,nonlinear8,0.7383135668933392,38400.25550239283,34856.93208568635
venice-52,62,2,nonlinear8,0.8011283255182207,35780.86343833358,34856.93208568635
venice-52,62,2,nonlinear8,0.8633958636783063,34893.65071246385,34856.93208568635
venice-52,62,2,nonlinear8,0.9257135526277125,34592.48487370405,34856.93208568635
venice-52,62,0,bridge8,0.0,433805.0441079809,34856.93208568635
venice-52,62,0,bridge8,0.050687733106315136,414003.00754705386,34856.93208568635
venice-52,62,0,bridge8,0.055937545374035835,413591.706339655,34856.93208568635
venice-52,62,0,bridge8,0.061212228145450354,413559.04350254894,34856.93208568635
venice-52,62,0,bridge8,0.06652068020775914,413557.99836659187,34856.93208568635
venice-52,62,0,bridge8,0.07178956223651767,413557.98695166595,34856.93208568635
venice-52,62,0,bridge8,0.0770739153958857,413557.98690788867,34856.93208568635
venice-52,62,0,bridge8,0.08231035713106394,413557.98690782033,34856.93208568635
venice-52,62,0,bridge8,0.08756752032786608,413557.98690782016,34856.93208568635
venice-52,62,0,bridge8,0.0886398502625525,413557.98690782767,34856.93208568635
venice-52,62,0,bridge8,0.15397430025041103,102467.33877418216,34856.93208568635
venice-52,62,0,bridge8,0.22420670231804252,88095.01570544361,34856.93208568635
venice-52,62,0,bridge8,0.28865610202774405,81447.27332972606,34856.93208568635
venice-52,62,0,bridge8,0.36346987588331103,75360.22954485266,34856.93208568635
venice-52,62,0,bridge8,0.4273951551876962,68638.9348381184,34856.93208568635
venice-52,62,0,bridge8,0.5001978683285415,60854.704864783154,34856.93208568635
venice-52,62,0,bridge8,0.5644724280573428,52164.06342618791,34856.93208568635
venice-52,62,0,bridge8,0.6347379800863564,44011.6073115245,34856.93208568635
venice-52,62,0,bridge8,0.6989712188951671,38400.25549849002,34856.93208568635
venice-52,62,0,bridge8,0.7682583909481764,35780.86343562434,34856.93208568635
venice-52,62,0,bridge8,0.8325031399726868,34893.650710982256,34856.93208568635
venice-52,62,0,bridge8,0.8968124003149569,34592.48487256276,34856.93208568635
venice-52,62,1,bridge8,0.0,433805.0441079809,34856.93208568635
venice-52,62,1,bridge8,0.050857953261584044,414003.00754705386,34856.93208568635
venice-52,62,1,bridge8,0.056114225182682276,413591.706339655,34856.93208568635
venice-52,62,1,bridge8,0.061407058499753475,413559.04350254894,34856.93208568635
venice-52,62,1,bridge8,0.0667013805359602,413557.99836659187,34856.93208568635
venice-52,62,1,bridge8,0.07197530334815383,413557.98695166595,34856.93208568635
venice-52,62,1,bridge8,0.07723828544840217,413557.98690788867,34856.93208568635
venice-52,62,1,bridge8,0.08249602746218443,413557.98690782033,34856.93208568635
venice-52,62,1,bridge8,0.0878212102688849,413557.98690782016,34856.93208568635
venice-52,62,1,bridge8,0.08886658027768135,413557.98690782767,34856.93208568635
venice-52,62,1,bridge8,0.15451017022132874,102467.33877418216,34856.93208568635
venice-52,62,1,bridge8,0.22449510218575597,88095.01570544361,34856.93208568635
venice-52,62,1,bridge8,0.2889626519754529,81447.27332972606,34856.93208568635
venice-52,62,1,bridge8,0.3632341558113694,75360.22954485266,34856.93208568635
venice-52,62,1,bridge8,0.4270202750340104,68638.9348381184,34856.93208568635
venice-52,62,1,bridge8,0.5006552380509675,60854.704864783154,34856.93208568635
venice-52,62,1,bridge8,0.5646778778173029,52164.06342618791,34856.93208568635
venice-52,62,1,bridge8,0.6345420498400927,44011.6073115245,34856.93208568635
venice-52,62,1,bridge8,0.6985411392524838,38400.25549849002,34856.93208568635
venice-52,62,1,bridge8,0.7681198911741376,35780.86343562434,34856.93208568635
venice-52,62,1,bridge8,0.8319219900295138,34893.650710982256,34856.93208568635
venice-52,62,1,bridge8,0.8961246991530061,34592.48487256276,34856.93208568635
venice-52,62,2,bridge8,0.0,433805.0441079809,34856.93208568635
venice-52,62,2,bridge8,0.05084480298683047,414003.00754705386,34856.93208568635
venice-52,62,2,bridge8,0.056112045887857676,413591.706339655,34856.93208568635
venice-52,62,2,bridge8,0.06142406817525625,413559.04350254894,34856.93208568635
venice-52,62,2,bridge8,0.06674290029332042,413557.99836659187,34856.93208568635
venice-52,62,2,bridge8,0.07205952284857631,413557.98695166595,34856.93208568635
venice-52,62,2,bridge8,0.07732928497716784,413557.98690788867,34856.93208568635
venice-52,62,2,bridge8,0.08262098813429475,413557.98690782033,34856.93208568635
venice-52,62,2,bridge8,0.08791495999321342,413557.98690782016,34856.93208568635
venice-52,62,2,bridge8,0.08895720122382045,413557.98690782767,34856.93208568635
venice-52,62,2,bridge8,0.15292060980573297,102467.33877418216,34856.93208568635
venice-52,62,2,bridge8,0.22091930080205202,88095.01570544361,34856.93208568635
venice-52,62,2,bridge8,0.28551899967715144,81447.27332972606,34856.93208568635
venice-52,62,2,bridge8,0.3601458636112511,75360.22954485266,34856.93208568635
venice-52,62,2,bridge8,0.42367043253034353,68638.9348381184,34856.93208568635
venice-52,62,2,bridge8,0.49741517659276724,60854.704864783154,34856.93208568635
venice-52,62,2,bridge8,0.5608477354981005,52164.06342618791,34856.93208568635
venice-52,62,2,bridge8,0.6302061076276004,44011.6073115245,34856.93208568635
venice-52,62,2,bridge8,0.6945800865069032,38400.25549849002,34856.93208568635
venice-52,62,2,bridge8,0.7583348765037954,35780.86343562434,34856.93208568635
venice-52,62,2,bridge8,0.8209897647611797,34893.650710982256,34856.93208568635
venice-52,62,2,bridge8,0.8837921037338674,34592.48487256276,34856.93208568635
venice-52,62,0,selective,0.0,433805.0441079809,34856.93208568635
venice-52,62,0,selective,0.10962465032935143,106198.11437958234,34856.93208568635
venice-52,62,0,selective,0.18001285241916776,91411.98852867998,34856.93208568635
venice-52,62,0,selective,0.2460309020243585,84783.79368688085,34856.93208568635
venice-52,62,0,selective,0.32010479643940926,78584.45843437142,34856.93208568635
venice-52,62,0,selective,0.38363011507317424,71497.8876839695,34856.93208568635
venice-52,62,0,selective,0.44658644404262304,63056.94078268254,34856.93208568635
venice-52,62,0,selective,0.5117833041585982,53561.12819215169,34856.93208568635
venice-52,62,0,selective,0.5742774722166359,44712.86920048044,34856.93208568635
venice-52,62,0,selective,0.6371525414288044,38689.54062494983,34856.93208568635
venice-52,62,0,selective,0.699606089387089,35896.91610718291,34856.93208568635
venice-52,62,0,selective,0.7615377381443977,34954.10432407159,34856.93208568635
venice-52,62,0,selective,0.8238870264030993,34638.90044954241,34856.93208568635
venice-52,62,1,selective,0.0,433805.0441079809,34856.93208568635
venice-52,62,1,selective,0.10967181157320738,106198.11437958234,34856.93208568635
venice-52,62,1,selective,0.17970511270686984,91411.98852867998,34856.93208568635
venice-52,62,1,selective,0.24513269262388349,84783.79368688085,34856.93208568635
venice-52,62,1,selective,0.31948123639449477,78584.45843437142,34856.93208568635
venice-52,62,1,selective,0.3828784255310893,71497.8876839695,34856.93208568635
venice-52,62,1,selective,0.4455047743394971,63056.94078268254,34856.93208568635
venice-52,62,1,selective,0.5109767243266106,53561.12819215169,34856.93208568635
venice-52,62,1,selective,0.5735549624077976,44712.86920048044,34856.93208568635
venice-52,62,1,selective,0.6361023113131523,38689.54062494983,34856.93208568635
venice-52,62,1,selective,0.6986944004893303,35896.91610718291,34856.93208568635
venice-52,62,1,selective,0.7614471083506942,34954.10432407159,34856.93208568635
venice-52,62,1,selective,0.8247368675656617,34638.90044954241,34856.93208568635
venice-52,62,2,selective,0.0,433805.0441079809,34856.93208568635
venice-52,62,2,selective,0.10947683965787292,106198.11437958234,34856.93208568635
venice-52,62,2,selective,0.17958515184000134,91411.98852867998,34856.93208568635
venice-52,62,2,selective,0.2428792705759406,84783.79368688085,34856.93208568635
venice-52,62,2,selective,0.3157461849041283,78584.45843437142,34856.93208568635
venice-52,62,2,selective,0.3791766227222979,71497.8876839695,34856.93208568635
venice-52,62,2,selective,0.44858753494918346,63056.94078268254,34856.93208568635
venice-52,62,2,selective,0.5124294236302376,53561.12819215169,34856.93208568635
venice-52,62,2,selective,0.5819122060202062,44712.86920048044,34856.93208568635
venice-52,62,2,selective,0.6448058648966253,38689.54062494983,34856.93208568635
venice-52,62,2,selective,0.7147474465891719,35896.91610718291,34856.93208568635
venice-52,62,2,selective,0.7780340556055307,34954.10432407159,34856.93208568635
venice-52,62,2,selective,0.8484347276389599,34638.90044954241,34856.93208568635
