[R10] --zero_k2: all k2 set to 0 at load
Loaded /workspace/bal/final-3068.txt: ncam=3068 npt=310854 nobs=1653812 n=950970
[R10] --dof9: refining f,k1 per camera (3068 cameras)
  [menu-backtrack] active=1 max_evals=8 warmup_accepts=3 confirm_stop=original armijo=1e-4
MIXED_STORAGE fragments=fp32 arithmetic=fp64 state=fp64 acceptance=fp64
  [compact-fragments] active=2 saved_bytes=171996448 storage=fp32 camera_reads=contiguous
  MFCG score_init=90993342.024340242 precision=fp64
PHASE_SWEEP o=0 mode=3 valid=1 depth=1 qualified=1 raw=0.76152214871405732 clipped=0.75398232545946309 selected=0 center=0.10000000000000001 tau=0.10000000000000001 worst_res=0.34104864249907779 eta=0.5
ATTR_RADIUS o=0 raw_norm=5646.876481266514 norm=5473.8139129417332 radius=5473.8139129417305 next_radius=10947.627825883461 lambda=0.10000000000000001 next_lambda=0.00025000000000000001 rho=0.99676555933440425 accept=1
CLASSICAL_LM o=0 lambda=0.10000000000000001 tau=0.10000000000000001 prediction=73112093.535369709 rho=0.99676555933440425 accept=1
  MFCG it   1 cost=1.811773e+07 lam=2.500e-04 tau=0.00e+00 cg_it=0 shift=0 ckpt=1 alpha=0 acc mv=6
PHASE_SWEEP o=1 mode=3 valid=1 depth=7 qualified=1 raw=0.10431525868626941 clipped=0.10431525868626941 selected=3 center=0.00025000000000000001 tau=0.00025000000000000001 worst_res=0.15623169482346352 eta=0.15946534686215577
ATTR_RADIUS o=1 raw_norm=7382.3586979275815 norm=7382.3586979275806 radius=10947.627825883461 next_radius=10947.627825883461 lambda=0.00025000000000000001 next_lambda=0.00025000000000000001 rho=0.99622811776091591 accept=1
CLASSICAL_LM o=1 lambda=0.00025000000000000001 tau=0.00025000000000000001 prediction=14884519.591280334 rho=0.99622811776091591 accept=1
  MFCG it   2 cost=3.289348e+06 lam=2.500e-04 tau=0.00e+00 cg_it=6 shift=0 ckpt=7 alpha=0 acc mv=18
PHASE_SWEEP o=2 mode=3 valid=1 depth=116 qualified=1 raw=0.92196433262764876 clipped=0.86794176902342024 selected=3 center=0.00025000000000000001 tau=0.00025000000000000001 worst_res=0.047677306411837123 eta=0.048010074626117637
ATTR_RADIUS o=2 raw_norm=9421.0229669859982 norm=9421.0229669859964 radius=10947.627825883461 next_radius=21895.255651766922 lambda=0.00025000000000000001 next_lambda=0.00062500000000000001 rho=0.88149572628739381 accept=1
CLASSICAL_LM o=2 lambda=0.00025000000000000001 tau=0.00025000000000000001 prediction=1239769.1727388019 rho=0.88149572628739381 accept=1
  MFCG it   3 cost=2.196497e+06 lam=6.250e-04 tau=0.00e+00 cg_it=115 shift=0 ckpt=116 alpha=0 acc mv=139
PHASE_SWEEP o=3 mode=3 valid=1 depth=128 qualified=0 raw=0.9884538082858495 clipped=0.9884538082858495 selected=2 center=0.00062500000000000001 tau=0.00062500000000000001 worst_res=0.1474151965550709 eta=0.078354610675327521
ATTR_RADIUS o=3 raw_norm=9283.3653490996294 norm=9283.3653490996294 radius=21895.255651766922 next_radius=21895.255651766922 lambda=0.00062500000000000001 next_lambda=6.2500000000000001e-05 rho=0.7809028813971195 accept=1
CLASSICAL_LM o=3 lambda=0.00062500000000000001 tau=0.00062500000000000001 prediction=276583.09891271754 rho=0.7809028813971195 accept=1
  MFCG it   4 cost=1.980513e+06 lam=6.250e-05 tau=0.00e+00 cg_it=127 shift=0 ckpt=128 alpha=0 acc mv=272
PHASE_SWEEP o=4 mode=3 valid=1 depth=1 qualified=1 raw=0.0016807553448562047 clipped=0.0016807553448562047 selected=-1 center=6.2500000000000001e-05 tau=6.2500000000000001e-05 worst_res=0.33011689784367521 eta=0.5
POINT_SAFE o=4 frozen=5 slope=-42927.650069837109 candidate=1956341.2454171244 original=1972483.5894202157 current=1980512.5150126859 won=1 mode=1 camera_scale=1 keep_scale=0
ATTR_RADIUS o=4 raw_norm=43.851428272991861 norm=43.852159239413581 radius=21895.255651766922 next_radius=21895.255651766922 lambda=6.2500000000000001e-05 next_lambda=6.2500000000000003e-06 rho=1.0002753137280469 accept=1
CLASSICAL_LM o=4 lambda=6.2500000000000001e-05 tau=6.2500000000000001e-05 prediction=24164.616744838702 rho=1.0002753137280469 accept=1
  MFCG it   5 cost=1.956341e+06 lam=6.250e-06 tau=0.00e+00 cg_it=0 shift=0 ckpt=1 alpha=0 acc mv=278
PHASE_SWEEP o=5 mode=3 valid=1 depth=128 qualified=0 raw=0.64331080537985763 clipped=0.64331080537985763 selected=-1 center=6.2500000000000003e-06 tau=6.2500000000000003e-06 worst_res=0.44767651208814041 eta=0.24645861071781042
POINT_SAFE o=5 frozen=204 slope=-94816.371166473386 candidate=2058408.8768086876 original=1955084.859030002 current=1956341.2454171244 won=0 mode=1 camera_scale=1 keep_scale=0
ATTR_RADIUS o=5 raw_norm=20716.702378268528 norm=7839.1375171694335 radius=21895.255651766922 next_radius=5473.8139129417305 lambda=6.2500000000000003e-06 next_lambda=0.0001 rho=0.027688310887518254 accept=0
CLASSICAL_LM o=5 lambda=6.2500000000000003e-06 tau=6.2500000000000003e-06 prediction=45376.057507672012 rho=0.027688310887518254 accept=0
  MFCG it   6  retry 1/8  lam=1.000e-04 tau_eff=6.250e-06  (assembly reused)
PHASE_SWEEP o=5 mode=3 valid=1 depth=101 qualified=1 raw=0.95105281302714717 clipped=0.86526672371595281 selected=-1 center=0.0001 tau=0.0001 worst_res=0.48592321046269665 eta=0.5
POINT_SAFE o=5 frozen=80 slope=-83232.926570159107 candidate=1927488.7212912319 original=1956063.9139039535 current=1956341.2454171244 won=1 mode=1 camera_scale=1 keep_scale=0
ATTR_RADIUS o=5 raw_norm=12926.094592307285 norm=5473.8139129417305 radius=5473.8139129417305 next_radius=5473.8139129417305 lambda=0.0001 next_lambda=0.0001 rho=0.40766170010512792 accept=1
CLASSICAL_LM o=5 lambda=0.0001 tau=0.0001 prediction=70775.655693070847 rho=0.40766170010512792 accept=1
  MFCG it   6 cost=1.927489e+06 lam=1.000e-04 tau=0.00e+00 cg_it=100 shift=0 ckpt=101 alpha=0 acc mv=517
PHASE_SWEEP o=6 mode=3 valid=1 depth=106 qualified=1 raw=0.96134897118601315 clipped=0.90450658891882907 selected=-1 center=0.0001 tau=0.0001 worst_res=0.49670972536608266 eta=0.5
POINT_SAFE o=6 frozen=43 slope=-18840.140923344421 candidate=1912589.96316714 original=1914099.7892068231 current=1927488.7212912319 won=1 mode=1 camera_scale=1 keep_scale=0
ATTR_RADIUS o=6 raw_norm=10995.106052205923 norm=752.03969369949948 radius=5473.8139129417305 next_radius=5473.8139129417305 lambda=0.0001 next_lambda=1.0000000000000001e-05 rho=1.0082675760777953 accept=1
CLASSICAL_LM o=6 lambda=0.0001 tau=0.0001 prediction=14776.591529451647 rho=1.0082675760777953 accept=1
  MFCG it   7 cost=1.912590e+06 lam=1.000e-05 tau=0.00e+00 cg_it=105 shift=0 ckpt=106 alpha=0 acc mv=628
PHASE_SWEEP o=7 mode=3 valid=1 depth=128 qualified=0 raw=0.78280368236796227 clipped=0.33892437013379445 selected=-1 center=1.0000000000000001e-05 tau=1.0000000000000001e-05 worst_res=1.2802931467617167 eta=0.27913950877074967
POINT_SAFE o=7 frozen=212 slope=-39703.373326827859 candidate=1889663.8319452123 original=1890668.8130180014 current=1912589.96316714 won=1 mode=1 camera_scale=1 keep_scale=0
ATTR_RADIUS o=7 raw_norm=18305.925162750198 norm=4387.6615420002881 radius=5473.8139129417305 next_radius=10947.627825883461 lambda=1.0000000000000001e-05 next_lambda=2.5000000000000002e-06 rho=0.77840365899275055 accept=1
CLASSICAL_LM o=7 lambda=1.0000000000000001e-05 tau=1.0000000000000001e-05 prediction=29452.753667157696 rho=0.77840365899275055 accept=1
PHASE_HANDOVER outer=8 reason=opening_cap flat_streak=0 accepted=8
  MFCG it   8 cost=1.889664e+06 lam=2.500e-06 tau=0.00e+00 cg_it=127 shift=0 ckpt=128 alpha=0 acc mv=761
PCG_PREP o=8 rebuild=1 drift=0 previous_depth=0
POINT_SAFE o=8 frozen=1092 slope=-28032.193120034171 candidate=1871859.2447534765 original=1872508.3582996572 current=1889663.8319452123 won=1 mode=1 camera_scale=1 keep_scale=0
ATTR_RADIUS o=8 raw_norm=52209.0852168657 norm=10947.627825883461 radius=10947.627825883461 next_radius=21895.255651766922 lambda=2.5000000000000002e-06 next_lambda=6.2500000000000005e-07 rho=0.85000692931103516 accept=1
CLASSICAL_LM o=8 lambda=2.5000000000000002e-06 tau=2.5000000000000002e-06 prediction=20946.402408939412 rho=0.85000692931103516 accept=1
  MFCG it   9 cost=1.871859e+06 lam=6.250e-07 tau=0.00e+00 cg_it=4 shift=0 ckpt=5 alpha=0 acc mv=767
PCG_PREP o=9 rebuild=1 drift=0 previous_depth=5
POINT_SAFE o=9 frozen=1792 slope=-25989.070732066302 candidate=1995988.471167892 original=1857352.7962670769 current=1871859.2447534765 won=0 mode=1 camera_scale=1 keep_scale=0
ATTR_RADIUS o=9 raw_norm=50139.199717155912 norm=2736.9069564708652 radius=21895.255651766922 next_radius=21895.255651766922 lambda=6.2500000000000005e-07 next_lambda=6.250000000000001e-08 rho=0.76863580150278044 accept=1
CLASSICAL_LM o=9 lambda=6.2500000000000005e-07 tau=6.2500000000000005e-07 prediction=18872.980490939477 rho=0.76863580150278044 accept=1
  MFCG it  10 cost=1.857353e+06 lam=6.250e-08 tau=0.00e+00 cg_it=1 shift=0 ckpt=2 alpha=0 acc mv=770
PCG_PREP o=10 rebuild=1 drift=0 previous_depth=2
POINT_SAFE o=10 frozen=908 slope=-15222.670880081248 candidate=2194524.4507370139 original=1857178.0936084148 current=1857352.7962670769 won=0 mode=1 camera_scale=1 keep_scale=0
ATTR_RADIUS o=10 raw_norm=98558.682355566751 norm=85.528342389714567 radius=21895.255651766922 next_radius=21895.255651766922 lambda=6.250000000000001e-08 next_lambda=6.2500000000000014e-09 rho=0.35536536001204611 accept=1
CLASSICAL_LM o=10 lambda=6.250000000000001e-08 tau=6.250000000000001e-08 prediction=491.61420419870075 rho=0.35536536001204611 accept=1
  MFCG it  11 cost=1.857178e+06 lam=6.250e-09 tau=0.00e+00 cg_it=1 shift=0 ckpt=2 alpha=0 acc mv=773
PCG_PREP o=11 rebuild=1 drift=0 previous_depth=2
NUMERIC_REPAIR o=11 lambda=6.2500000000000014e-09 rayleigh=-5.5129895811808554e-08 next_lambda=2.4551958324723421e-07 cg=1 rebuild=1
PCG_PREP o=11 rebuild=1 drift=0 previous_depth=1
POINT_SAFE o=11 frozen=1473 slope=-20279.455077024937 candidate=2251141.193108663 original=inf current=1857178.0936084148 won=0 mode=1 camera_scale=1 keep_scale=0
ATTR_RADIUS o=11 raw_norm=62800.330917939347 norm=21895.255651766918 radius=21895.255651766922 next_radius=5473.8139129417305 lambda=2.4551958324723421e-07 next_lambda=3.9283133319557474e-06 rho=-1 accept=0
CLASSICAL_LM o=11 lambda=2.4551958324723421e-07 tau=2.4551958324723421e-07 prediction=15048.858875411583 rho=-1 accept=0
  MFCG it  12  retry 1/8  lam=3.928e-06 tau_eff=2.455e-07  (assembly reused)
PCG_PREP o=11 rebuild=1 drift=0 previous_depth=2
POINT_SAFE o=11 frozen=243 slope=-15493.135122503465 candidate=1846524.2655737351 original=inf current=1857178.0936084148 won=1 mode=1 camera_scale=1 keep_scale=0
ATTR_RADIUS o=11 raw_norm=30808.570464869837 norm=5473.8139129417323 radius=5473.8139129417305 next_radius=10947.627825883461 lambda=3.9283133319557474e-06 next_lambda=9.8207833298893685e-07 rho=0.99094306797169285 accept=1
CLASSICAL_LM o=11 lambda=3.9283133319557474e-06 tau=3.9283133319557474e-06 prediction=10751.200930731949 rho=0.99094306797169285 accept=1
  MFCG it  12 cost=1.846524e+06 lam=9.821e-07 tau=0.00e+00 cg_it=1 shift=0 ckpt=2 alpha=0 acc mv=781
PCG_PREP o=12 rebuild=1 drift=0 previous_depth=2
POINT_SAFE o=12 frozen=1153 slope=-10639.85948062082 candidate=1843656.8509245499 original=inf current=1846524.2655737351 won=1 mode=1 camera_scale=1 keep_scale=0
ATTR_RADIUS o=12 raw_norm=42189.202387020618 norm=10947.627825883463 radius=10947.627825883461 next_radius=10947.627825883461 lambda=9.8207833298893685e-07 next_lambda=9.8207833298893685e-07 rho=0.31990990227818644 accept=1
CLASSICAL_LM o=12 lambda=9.8207833298893685e-07 tau=9.8207833298893685e-07 prediction=8963.1944143192541 rho=0.31990990227818644 accept=1
  MFCG it  13 cost=1.843657e+06 lam=9.821e-07 tau=0.00e+00 cg_it=1 shift=0 ckpt=2 alpha=0 acc mv=784
PCG_PREP o=13 rebuild=1 drift=0 previous_depth=2
POINT_SAFE o=13 frozen=612 slope=-15068.693218825512 candidate=1991866.8262723894 original=inf current=1843656.8509245499 won=0 mode=1 camera_scale=1 keep_scale=0
ATTR_RADIUS o=13 raw_norm=28680.103773808158 norm=10947.627825883459 radius=10947.627825883461 next_radius=2736.9069564708652 lambda=9.8207833298893685e-07 next_lambda=1.571325332782299e-05 rho=-1 accept=0
CLASSICAL_LM o=13 lambda=9.8207833298893685e-07 tau=9.8207833298893685e-07 prediction=10241.702645134759 rho=-1 accept=0
  MFCG it  14  retry 1/8  lam=1.571e-05 tau_eff=9.821e-07  (assembly reused)
PCG_PREP o=13 rebuild=1 drift=0 previous_depth=1
POINT_SAFE o=13 frozen=228 slope=-13286.068195780768 candidate=1834784.0620661287 original=inf current=1843656.8509245499 won=1 mode=1 camera_scale=1 keep_scale=0
ATTR_RADIUS o=13 raw_norm=8334.3664287708743 norm=2736.9069564708666 radius=2736.9069564708652 next_radius=5473.8139129417305 lambda=1.571325332782299e-05 next_lambda=3.9283133319557474e-06 rho=0.97528524396544358 accept=1
CLASSICAL_LM o=13 lambda=1.571325332782299e-05 tau=1.571325332782299e-05 prediction=9097.6346800295978 rho=0.97528524396544358 accept=1
  MFCG it  14 cost=1.834784e+06 lam=3.928e-06 tau=0.00e+00 cg_it=0 shift=0 ckpt=1 alpha=0 acc mv=788
PCG_PREP o=14 rebuild=1 drift=0 previous_depth=1
POINT_SAFE o=14 frozen=646 slope=-6719.9039689054953 candidate=1828751.3339036664 original=1834691.430629184 current=1834784.0620661287 won=1 mode=1 camera_scale=1 keep_scale=0
ATTR_RADIUS o=14 raw_norm=23886.008081000764 norm=5473.8139129417314 radius=5473.8139129417305 next_radius=10947.627825883461 lambda=3.9283133319557474e-06 next_lambda=9.8207833298893685e-07 rho=1.0444195205151687 accept=1
CLASSICAL_LM o=14 lambda=3.9283133319557474e-06 tau=3.9283133319557474e-06 prediction=5776.1541640725591 rho=1.0444195205151687 accept=1
  MFCG it  15 cost=1.828751e+06 lam=9.821e-07 tau=0.00e+00 cg_it=1 shift=0 ckpt=2 alpha=0 acc mv=791
PCG_PREP o=15 rebuild=1 drift=0 previous_depth=2
POINT_SAFE o=15 frozen=1056 slope=-7608.7762863219396 candidate=1823185.2001623425 original=1825465.3765838535 current=1828751.3339036664 won=1 mode=1 camera_scale=1 keep_scale=0
ATTR_RADIUS o=15 raw_norm=33955.814906659856 norm=10947.627825883457 radius=10947.627825883461 next_radius=21895.255651766922 lambda=9.8207833298893685e-07 next_lambda=2.4551958324723421e-07 rho=0.91891796986235086 accept=1
CLASSICAL_LM o=15 lambda=9.8207833298893685e-07 tau=9.8207833298893685e-07 prediction=6057.2694450165272 rho=0.91891796986235086 accept=1
  MFCG it  16 cost=1.823185e+06 lam=2.455e-07 tau=0.00e+00 cg_it=1 shift=0 ckpt=2 alpha=0 acc mv=794
PCG_PREP o=16 rebuild=1 drift=0 previous_depth=2
POINT_SAFE o=16 frozen=874 slope=-5925.7447447096438 candidate=5656831.1845068075 original=1818001.7634147704 current=1823185.2001623425 won=0 mode=1 camera_scale=1 keep_scale=0
ATTR_RADIUS o=16 raw_norm=45368.047897422839 norm=2736.9069564708648 radius=21895.255651766922 next_radius=21895.255651766922 lambda=2.4551958324723421e-07 next_lambda=2.4551958324723421e-07 rho=0.39978154173144359 accept=1
CLASSICAL_LM o=16 lambda=2.4551958324723421e-07 tau=2.4551958324723421e-07 prediction=12965.673015124261 rho=0.39978154173144359 accept=1
  MFCG it  17 cost=1.818002e+06 lam=2.455e-07 tau=0.00e+00 cg_it=0 shift=0 ckpt=1 alpha=0 acc mv=796
PCG_PREP o=17 rebuild=1 drift=0 previous_depth=1
POINT_SAFE o=17 frozen=772 slope=-10279.033004885703 candidate=7151424.9865805833 original=inf current=1818001.7634147704 won=0 mode=1 camera_scale=1 keep_scale=0
ATTR_RADIUS o=17 raw_norm=38459.528130403902 norm=21895.255651766925 radius=21895.255651766922 next_radius=5473.8139129417305 lambda=2.4551958324723421e-07 next_lambda=3.9283133319557474e-06 rho=-1 accept=0
CLASSICAL_LM o=17 lambda=2.4551958324723421e-07 tau=2.4551958324723421e-07 prediction=7102.1076316456656 rho=-1 accept=0
  MFCG it  18  retry 1/8  lam=3.928e-06 tau_eff=2.455e-07  (assembly reused)
PCG_PREP o=17 rebuild=1 drift=0 previous_depth=1
POINT_SAFE o=17 frozen=347 slope=-10080.619993155384 candidate=1903405.4305392553 original=inf current=1818001.7634147704 won=0 mode=1 camera_scale=1 keep_scale=0
ATTR_RADIUS o=17 raw_norm=9305.4526975515691 norm=5473.8139129417323 radius=5473.8139129417305 next_radius=1368.4534782354326 lambda=3.9283133319557474e-06 next_lambda=6.2853013311291959e-05 rho=-1 accept=0
CLASSICAL_LM o=17 lambda=3.9283133319557474e-06 tau=3.9283133319557474e-06 prediction=6920.6886029111702 rho=-1 accept=0
  MFCG it  18  retry 2/8  lam=6.285e-05 tau_eff=3.928e-06  (assembly reused)
PCG_PREP o=17 rebuild=1 drift=0 previous_depth=1
POINT_SAFE o=17 frozen=108 slope=-9871.4036902963999 candidate=1819078.6126101876 original=inf current=1818001.7634147704 won=0 mode=1 camera_scale=1 keep_scale=0
ATTR_RADIUS o=17 raw_norm=2556.9457127383907 norm=1368.4534782354326 radius=1368.4534782354326 next_radius=342.11336955885815 lambda=6.2853013311291959e-05 next_lambda=0.0010056482129806713 rho=-1 accept=0
CLASSICAL_LM o=17 lambda=6.2853013311291959e-05 tau=6.2853013311291959e-05 prediction=7219.4066066528103 rho=-1 accept=0
  MFCG it  18  retry 3/8  lam=1.006e-03 tau_eff=6.285e-05  (assembly reused)
PCG_PREP o=17 rebuild=1 drift=0 previous_depth=1
POINT_SAFE o=17 frozen=31 slope=-21572.461396448627 candidate=2038569.0411283656 original=inf current=1818001.7634147704 won=0 mode=1 camera_scale=1 keep_scale=0
ATTR_RADIUS o=17 raw_norm=881.79274902942097 norm=342.11336955885793 radius=342.11336955885815 next_radius=85.528342389714538 lambda=0.0010056482129806713 next_lambda=0.016090371407690741 rho=-1 accept=0
CLASSICAL_LM o=17 lambda=0.0010056482129806713 tau=0.0010056482129806713 prediction=17636.163799511003 rho=-1 accept=0
  MFCG it  18  retry 4/8  lam=1.609e-02 tau_eff=1.006e-03  (assembly reused)
PCG_PREP o=17 rebuild=1 drift=0 previous_depth=1
POINT_SAFE o=17 frozen=4 slope=-29650.505047014256 candidate=2149689.3854102809 original=inf current=1818001.7634147704 won=0 mode=1 camera_scale=1 keep_scale=0
ATTR_RADIUS o=17 raw_norm=299.14853324924616 norm=85.528342389714538 radius=85.528342389714538 next_radius=21.382085597428635 lambda=0.016090371407690741 next_lambda=0.25744594252305186 rho=-1 accept=0
CLASSICAL_LM o=17 lambda=0.016090371407690741 tau=0.016090371407690741 prediction=24473.833137905149 rho=-1 accept=0
  MFCG it  18  retry 5/8  lam=2.574e-01 tau_eff=1.609e-02  (assembly reused)
PCG_PREP o=17 rebuild=1 drift=0 previous_depth=1
POINT_SAFE o=17 frozen=1 slope=-10701.030319207792 candidate=1938051.5289617423 original=1817992.4959820313 current=1818001.7634147704 won=0 mode=1 camera_scale=1 keep_scale=0
ATTR_RADIUS o=17 raw_norm=205.54632285593337 norm=21.382085597428649 radius=21.382085597428635 next_radius=5.3455213993571586 lambda=0.25744594252305186 next_lambda=4.1191350803688298 rho=0.049975116929643737 accept=0
CLASSICAL_LM o=17 lambda=0.25744594252305186 tau=0.25744594252305186 prediction=185.44094158046246 rho=0.049975116929643737 accept=0
  MFCG it  18  retry 6/8  lam=4.119e+00 tau_eff=2.574e-01  (assembly reused)
PCG_PREP o=17 rebuild=1 drift=0 previous_depth=1
POINT_SAFE o=17 frozen=1 slope=-3175.1448097419852 candidate=1830751.9481538958 original=1817907.0852675366 current=1818001.7634147704 won=0 mode=1 camera_scale=1 keep_scale=0
ATTR_RADIUS o=17 raw_norm=68.436652464393433 norm=0.33409508745982247 radius=5.3455213993571586 next_radius=5.3455213993571586 lambda=4.1191350803688298 next_lambda=0.41191350803688298 rho=0.46354795388123871 accept=1
CLASSICAL_LM o=17 lambda=4.1191350803688298 tau=4.1191350803688298 prediction=204.24671588140887 rho=0.46354795388123871 accept=1
  MFCG it  18 cost=1.817907e+06 lam=4.119e-01 tau=0.00e+00 cg_it=0 shift=0 ckpt=1 alpha=0 acc mv=810
PCG_PREP o=18 rebuild=1 drift=0 previous_depth=1
POINT_SAFE o=18 frozen=1 slope=-4311.671358316491 candidate=1831949.4930641211 original=1817794.6879806486 current=1817907.0852675366 won=0 mode=1 camera_scale=1 keep_scale=0
ATTR_RADIUS o=18 raw_norm=181.6407450704454 norm=0.33409508745982242 radius=5.3455213993571586 next_radius=5.3455213993571586 lambda=0.41191350803688298 next_lambda=0.041191350803688298 rho=0.27681205858467023 accept=1
CLASSICAL_LM o=18 lambda=0.41191350803688298 tau=0.41191350803688298 prediction=406.04187354648599 rho=0.27681205858467023 accept=1
  MFCG it  19 cost=1.817795e+06 lam=4.119e-02 tau=0.00e+00 cg_it=0 shift=0 ckpt=1 alpha=0 acc mv=812
PCG_PREP o=19 rebuild=1 drift=0 previous_depth=1
POINT_SAFE o=19 frozen=1 slope=-4476.5527550505285 candidate=1818066.5842304938 original=1817667.419349341 current=1817794.6879806486 won=0 mode=1 camera_scale=1 keep_scale=0
ATTR_RADIUS o=19 raw_norm=239.83141413865593 norm=0.041761885932477795 radius=5.3455213993571586 next_radius=5.3455213993571586 lambda=0.041191350803688298 next_lambda=0.00411913508036883 rho=0.4063406018113947 accept=1
CLASSICAL_LM o=19 lambda=0.041191350803688298 tau=0.041191350803688298 prediction=313.20677958417139 rho=0.4063406018113947 accept=1
  MFCG it  20 cost=1.817667e+06 lam=4.119e-03 tau=0.00e+00 cg_it=0 shift=0 ckpt=1 alpha=0 acc mv=814
PCG_PREP o=20 rebuild=1 drift=0 previous_depth=1
POINT_SAFE o=20 frozen=1 slope=-4219.8593468946947 candidate=1866952.7737052578 original=inf current=1817667.419349341 won=0 mode=1 camera_scale=1 keep_scale=0
ATTR_RADIUS o=20 raw_norm=449.67354772934169 norm=5.3455213993571586 radius=5.3455213993571586 next_radius=1.3363803498392897 lambda=0.00411913508036883 next_lambda=0.06590616128590128 rho=-1 accept=0
CLASSICAL_LM o=20 lambda=0.00411913508036883 tau=0.00411913508036883 prediction=2848.2878341018868 rho=-1 accept=0
  MFCG it  21  retry 1/8  lam=6.591e-02 tau_eff=4.119e-03  (assembly reused)
PCG_PREP o=20 rebuild=1 drift=0 previous_depth=1
POINT_SAFE o=20 frozen=4 slope=-2914.6692290734604 candidate=1819826.1844045939 original=1817649.3147944259 current=1817667.419349341 won=0 mode=1 camera_scale=1 keep_scale=0
ATTR_RADIUS o=20 raw_norm=238.4879567878192 norm=0.020880942966238891 radius=1.3363803498392897 next_radius=0.33409508745982242 lambda=0.06590616128590128 next_lambda=1.0544985805744205 rho=0.1959887895410356 accept=1
CLASSICAL_LM o=20 lambda=0.06590616128590128 tau=0.06590616128590128 prediction=92.375461665431203 rho=0.1959887895410356 accept=1
  MFCG it  21 cost=1.817649e+06 lam=1.054e+00 tau=0.00e+00 cg_it=0 shift=0 ckpt=1 alpha=0 acc mv=818
PCG_PREP o=21 rebuild=1 drift=0 previous_depth=1
POINT_SAFE o=21 frozen=43 slope=-1504.6888349359022 candidate=1816612.0680526574 original=1817435.6455845078 current=1817649.3147944259 won=1 mode=1 camera_scale=1 keep_scale=0
ATTR_RADIUS o=21 raw_norm=137.02613505600632 norm=0.33409508745982242 radius=0.33409508745982242 next_radius=0.66819017491964483 lambda=1.0544985805744205 next_lambda=0.26362464514360512 rho=0.95082259000491209 accept=1
CLASSICAL_LM o=21 lambda=1.0544985805744205 tau=1.0544985805744205 prediction=1090.8940875742969 rho=0.95082259000491209 accept=1
  MFCG it  22 cost=1.816612e+06 lam=2.636e-01 tau=0.00e+00 cg_it=0 shift=0 ckpt=1 alpha=0 acc mv=820
PCG_PREP o=22 rebuild=1 drift=0 previous_depth=1
POINT_SAFE o=22 frozen=12 slope=-641.58949754729611 candidate=1818766.5425436338 original=1816598.0018996857 current=1816612.0680526574 won=0 mode=1 camera_scale=1 keep_scale=0
ATTR_RADIUS o=22 raw_norm=200.89491326888833 norm=0.020880942966238894 radius=0.66819017491964483 next_radius=0.66819017491964483 lambda=0.26362464514360512 next_lambda=0.026362464514360515 rho=0.50378614740922378 accept=1
CLASSICAL_LM o=22 lambda=0.26362464514360512 tau=0.26362464514360512 prediction=27.920880802380758 rho=0.50378614740922378 accept=1
  MFCG it  23 cost=1.816598e+06 lam=2.636e-02 tau=0.00e+00 cg_it=0 shift=0 ckpt=1 alpha=0 acc mv=822
PCG_PREP o=23 rebuild=1 drift=0 previous_depth=1
POINT_SAFE o=23 frozen=4 slope=-886.30685799388323 candidate=1817433.2270071697 original=1816593.091200005 current=1816598.0018996857 won=0 mode=1 camera_scale=1 keep_scale=0
ATTR_RADIUS o=23 raw_norm=282.51340099369833 norm=0.0026101178707798631 radius=0.66819017491964483 next_radius=0.66819017491964483 lambda=0.026362464514360515 next_lambda=0.0026362464514360518 rho=0.29664881446935398 accept=1
CLASSICAL_LM o=23 lambda=0.026362464514360515 tau=0.026362464514360515 prediction=16.55391641953695 rho=0.29664881446935398 accept=1
  MFCG it  24 cost=1.816593e+06 lam=2.636e-03 tau=0.00e+00 cg_it=0 shift=0 ckpt=1 alpha=0 acc mv=824
PCG_PREP o=24 rebuild=1 drift=0 previous_depth=1
POINT_SAFE o=24 frozen=8 slope=-1467.9669960395267 candidate=1817440.2956934555 original=inf current=1816593.091200005 won=0 mode=1 camera_scale=1 keep_scale=0
ATTR_RADIUS o=24 raw_norm=462.36504603906837 norm=0.66819017491964461 radius=0.66819017491964483 next_radius=0.16704754372991121 lambda=0.0026362464514360518 next_lambda=0.042179943222976829 rho=-1 accept=0
CLASSICAL_LM o=24 lambda=0.0026362464514360518 tau=0.0026362464514360518 prediction=1042.5562276335954 rho=-1 accept=0
  MFCG it  25  retry 1/8  lam=4.218e-02 tau_eff=2.636e-03  (assembly reused)
PCG_PREP o=24 rebuild=1 drift=0 previous_depth=1
POINT_SAFE o=24 frozen=32 slope=-652.07349113590419 candidate=1816391.841861773 original=1816588.8462058168 current=1816593.091200005 won=1 mode=1 camera_scale=1 keep_scale=0
ATTR_RADIUS o=24 raw_norm=245.34842319365208 norm=0.16704754372991121 radius=0.16704754372991121 next_radius=0.16704754372991121 lambda=0.042179943222976829 next_lambda=0.042179943222976829 rho=0.46470394952756189 accept=1
CLASSICAL_LM o=24 lambda=0.042179943222976829 tau=0.042179943222976829 prediction=433.06999743940111 rho=0.46470394952756189 accept=1
  MFCG it  25 cost=1.816392e+06 lam=4.218e-02 tau=0.00e+00 cg_it=0 shift=0 ckpt=1 alpha=0 acc mv=828
PCG_PREP o=25 rebuild=1 drift=0 previous_depth=1
POINT_SAFE o=25 frozen=79 slope=-153.4991491594069 candidate=1816250.7386151997 original=1816356.6072670238 current=1816391.841861773 won=1 mode=1 camera_scale=1 keep_scale=0
ATTR_RADIUS o=25 raw_norm=222.75694089969977 norm=0.16704754372991112 radius=0.16704754372991121 next_radius=0.33409508745982242 lambda=0.042179943222976829 next_lambda=0.010544985805744207 rho=0.99115074782106671 accept=1
CLASSICAL_LM o=25 lambda=0.042179943222976829 tau=0.042179943222976829 prediction=142.36305313148213 rho=0.99115074782106671 accept=1
  MFCG it  26 cost=1.816251e+06 lam=1.054e-02 tau=0.00e+00 cg_it=0 shift=0 ckpt=1 alpha=0 acc mv=830
PCG_PREP o=26 rebuild=1 drift=0 previous_depth=1
POINT_SAFE o=26 frozen=41 slope=-260.9222259555213 candidate=1815997.2759257325 original=1816175.1325093282 current=1816250.7386151997 won=1 mode=1 camera_scale=1 keep_scale=0
ATTR_RADIUS o=26 raw_norm=268.24746975377519 norm=0.33409508745982236 radius=0.33409508745982242 next_radius=0.66819017491964483 lambda=0.010544985805744207 next_lambda=0.0026362464514360518 rho=1.0445144942525815 accept=1
CLASSICAL_LM o=26 lambda=0.010544985805744207 tau=0.010544985805744207 prediction=242.6607681003118 rho=1.0445144942525815 accept=1
  MFCG it  27 cost=1.815997e+06 lam=2.636e-03 tau=0.00e+00 cg_it=0 shift=0 ckpt=1 alpha=0 acc mv=832
PCG_PREP o=27 rebuild=1 drift=0 previous_depth=1
POINT_SAFE o=27 frozen=69 slope=-546.33053684793151 candidate=1815459.2586106611 original=1815878.7588914842 current=1815997.2759257325 won=1 mode=1 camera_scale=1 keep_scale=0
ATTR_RADIUS o=27 raw_norm=430.25665341273475 norm=0.66819017491964516 radius=0.66819017491964483 next_radius=1.3363803498392897 lambda=0.0026362464514360518 next_lambda=0.00065906161285901295 rho=1.1304238262267827 accept=1
CLASSICAL_LM o=27 lambda=0.0026362464514360518 tau=0.0026362464514360518 prediction=475.94300702874011 rho=1.1304238262267827 accept=1
  MFCG it  28 cost=1.815459e+06 lam=6.591e-04 tau=0.00e+00 cg_it=0 shift=0 ckpt=1 alpha=0 acc mv=834
PCG_PREP o=28 rebuild=1 drift=0 previous_depth=1
POINT_SAFE o=28 frozen=132 slope=-737.99114581684205 candidate=1814852.4336901898 original=1815369.2060266968 current=1815459.2586106611 won=1 mode=1 camera_scale=1 keep_scale=0
ATTR_RADIUS o=28 raw_norm=901.20541027415743 norm=1.3363803498392897 radius=1.3363803498392897 next_radius=2.6727606996785793 lambda=0.00065906161285901295 next_lambda=0.00016476540321475324 rho=1.1388020877890621 accept=1
CLASSICAL_LM o=28 lambda=0.00065906161285901295 tau=0.00065906161285901295 prediction=532.86249382403037 rho=1.1388020877890621 accept=1
  MFCG it  29 cost=1.814852e+06 lam=1.648e-04 tau=0.00e+00 cg_it=0 shift=0 ckpt=1 alpha=0 acc mv=836
PCG_PREP o=29 rebuild=1 drift=0 previous_depth=1
POINT_SAFE o=29 frozen=228 slope=-173.06842243879396 candidate=1814706.2883260765 original=1814775.2493934813 current=1814852.4336901898 won=1 mode=1 camera_scale=1 keep_scale=0
ATTR_RADIUS o=29 raw_norm=1861.4060294605003 norm=2.6727606996785798 radius=2.6727606996785793 next_radius=5.3455213993571586 lambda=0.00016476540321475324 next_lambda=4.119135080368831e-05 rho=1.1214338437874745 accept=1
CLASSICAL_LM o=29 lambda=0.00016476540321475324 tau=0.00016476540321475324 prediction=130.32009415713799 rho=1.1214338437874745 accept=1
  MFCG it  30 cost=1.814706e+06 lam=4.119e-05 tau=0.00e+00 cg_it=0 shift=0 ckpt=1 alpha=0 acc mv=838
PCG_PREP o=30 rebuild=1 drift=0 previous_depth=1
POINT_SAFE o=30 frozen=250 slope=-114.34932077496282 candidate=1814600.2154102162 original=1814630.8352380227 current=1814706.2883260765 won=1 mode=1 camera_scale=1 keep_scale=0
ATTR_RADIUS o=30 raw_norm=3312.7929264238742 norm=5.3455213993571595 radius=5.3455213993571586 next_radius=10.691042798714317 lambda=4.119135080368831e-05 next_lambda=1.0297837700922077e-05 rho=1.1719532171345599 accept=1
CLASSICAL_LM o=30 lambda=4.119135080368831e-05 tau=4.119135080368831e-05 prediction=90.509513783808302 rho=1.1719532171345599 accept=1
  MFCG it  31 cost=1.814600e+06 lam=1.030e-05 tau=0.00e+00 cg_it=0 shift=0 ckpt=1 alpha=0 acc mv=840
PCG_PREP o=31 rebuild=1 drift=0 previous_depth=1
POINT_SAFE o=31 frozen=227 slope=-53.222846720943423 candidate=1814556.7900763585 original=1814521.7737269995 current=1814600.2154102162 won=0 mode=1 camera_scale=1 keep_scale=0
ATTR_RADIUS o=31 raw_norm=5812.5810423481653 norm=0.041761885932477823 radius=10.691042798714317 next_radius=2.6727606996785793 lambda=1.0297837700922077e-05 next_lambda=0.00016476540321475324 rho=0.23640969631136713 accept=1
CLASSICAL_LM o=31 lambda=1.0297837700922077e-05 tau=1.0297837700922077e-05 prediction=331.80400144588867 rho=0.23640969631136713 accept=1
  MFCG it  32 cost=1.814522e+06 lam=1.648e-04 tau=0.00e+00 cg_it=0 shift=0 ckpt=1 alpha=0 acc mv=842
PCG_PREP o=32 rebuild=1 drift=0 previous_depth=1
POINT_SAFE o=32 frozen=272 slope=-25.965400097590912 candidate=1814496.5774048718 original=inf current=1814521.7737269995 won=1 mode=1 camera_scale=1 keep_scale=0
ATTR_RADIUS o=32 raw_norm=1894.925900439411 norm=2.6727606996785798 radius=2.6727606996785793 next_radius=5.3455213993571586 lambda=0.00016476540321475324 next_lambda=4.119135080368831e-05 rho=1.0042514935668587 accept=1
CLASSICAL_LM o=32 lambda=0.00016476540321475324 tau=0.00016476540321475324 prediction=25.089653626722306 rho=1.0042514935668587 accept=1
  MFCG it  33 cost=1.814497e+06 lam=4.119e-05 tau=0.00e+00 cg_it=0 shift=0 ckpt=1 alpha=0 acc mv=844
PCG_PREP o=33 rebuild=1 drift=0 previous_depth=1
POINT_SAFE o=33 frozen=308 slope=-30.289787607990604 candidate=1814468.3346834523 original=inf current=1814496.5774048718 won=1 mode=1 camera_scale=1 keep_scale=0
ATTR_RADIUS o=33 raw_norm=3334.749368696891 norm=5.345521399357156 radius=5.3455213993571586 next_radius=10.691042798714317 lambda=4.119135080368831e-05 next_lambda=1.0297837700922077e-05 rho=1.0013042886933616 accept=1
CLASSICAL_LM o=33 lambda=4.119135080368831e-05 tau=4.119135080368831e-05 prediction=28.205932740389606 rho=1.0013042886933616 accept=1
  MFCG it  34 cost=1.814468e+06 lam=1.030e-05 tau=0.00e+00 cg_it=0 shift=0 ckpt=1 alpha=0 acc mv=846
PCG_PREP o=34 rebuild=1 drift=0 previous_depth=1
POINT_SAFE o=34 frozen=223 slope=-34.199838439080104 candidate=1814436.0837946518 original=inf current=1814468.3346834523 won=1 mode=1 camera_scale=1 keep_scale=0
ATTR_RADIUS o=34 raw_norm=5826.9970054877112 norm=10.691042798714317 radius=10.691042798714317 next_radius=21.382085597428635 lambda=1.0297837700922077e-05 next_lambda=2.5744594252305193e-06 rho=0.99055824109696733 accept=1
CLASSICAL_LM o=34 lambda=1.0297837700922077e-05 tau=1.0297837700922077e-05 prediction=32.55829638524429 rho=0.99055824109696733 accept=1
  MFCG it  35 cost=1.814436e+06 lam=2.574e-06 tau=0.00e+00 cg_it=0 shift=0 ckpt=1 alpha=0 acc mv=848
PCG_PREP o=35 rebuild=1 drift=0 previous_depth=1
POINT_SAFE o=35 frozen=262 slope=-36.010561105910618 candidate=1814403.7848070699 original=inf current=1814436.0837946518 won=1 mode=1 camera_scale=1 keep_scale=0
ATTR_RADIUS o=35 raw_norm=12791.82050104995 norm=21.382085597428638 radius=21.382085597428635 next_radius=42.764171194857269 lambda=2.5744594252305193e-06 next_lambda=6.4361485630762984e-07 rho=0.97340234780206647 accept=1
CLASSICAL_LM o=35 lambda=2.5744594252305193e-06 tau=2.5744594252305193e-06 prediction=33.181538605070237 rho=0.97340234780206647 accept=1
  MFCG it  36 cost=1.814404e+06 lam=6.436e-07 tau=0.00e+00 cg_it=0 shift=0 ckpt=1 alpha=0 acc mv=850
PCG_PREP o=36 rebuild=1 drift=0 previous_depth=1
POINT_SAFE o=36 frozen=277 slope=-34.118976229508775 candidate=1814374.9582353025 original=inf current=1814403.7848070699 won=1 mode=1 camera_scale=1 keep_scale=0
ATTR_RADIUS o=36 raw_norm=27105.325621936016 norm=42.764171194857276 radius=42.764171194857269 next_radius=85.528342389714538 lambda=6.4361485630762984e-07 next_lambda=2.4551958324723421e-07 rho=0.91994352425654768 accept=1
CLASSICAL_LM o=36 lambda=6.4361485630762984e-07 tau=6.4361485630762984e-07 prediction=31.335153742994642 rho=0.91994352425654768 accept=1
  MFCG it  37 cost=1.814375e+06 lam=2.455e-07 tau=0.00e+00 cg_it=0 shift=0 ckpt=1 alpha=0 acc mv=852
PCG_PREP o=37 rebuild=1 drift=0 previous_depth=1
POINT_SAFE o=37 frozen=340 slope=-37.431919466398142 candidate=1814343.9772307952 original=inf current=1814374.9582353025 won=1 mode=1 camera_scale=1 keep_scale=0
ATTR_RADIUS o=37 raw_norm=38830.639879486676 norm=85.528342389714538 radius=85.528342389714538 next_radius=171.05668477942908 lambda=2.4551958324723421e-07 next_lambda=2.4551958324723421e-07 rho=0.85562718680281902 accept=1
CLASSICAL_LM o=37 lambda=2.4551958324723421e-07 tau=2.4551958324723421e-07 prediction=36.208532156447852 rho=0.85562718680281902 accept=1
  MFCG it  38 cost=1.814344e+06 lam=2.455e-07 tau=0.00e+00 cg_it=0 shift=0 ckpt=1 alpha=0 acc mv=854
PCG_PREP o=38 rebuild=1 drift=0 previous_depth=1
POINT_SAFE o=38 frozen=467 slope=-62.397328671468642 candidate=1814296.4099966865 original=inf current=1814343.9772307952 won=1 mode=1 camera_scale=1 keep_scale=0
ATTR_RADIUS o=38 raw_norm=38698.600896343087 norm=171.0566847794291 radius=171.05668477942908 next_radius=342.11336955885815 lambda=2.4551958324723421e-07 next_lambda=2.4551958324723421e-07 rho=0.76630759147346561 accept=1
CLASSICAL_LM o=38 lambda=2.4551958324723421e-07 tau=2.4551958324723421e-07 prediction=62.073290983881961 rho=0.76630759147346561 accept=1
  MFCG it  39 cost=1.814296e+06 lam=2.455e-07 tau=0.00e+00 cg_it=0 shift=0 ckpt=1 alpha=0 acc mv=856
PCG_PREP o=39 rebuild=1 drift=0 previous_depth=1
POINT_SAFE o=39 frozen=519 slope=-121.59835734314946 candidate=1814232.8796738342 original=inf current=1814296.4099966865 won=1 mode=1 camera_scale=1 keep_scale=0
ATTR_RADIUS o=39 raw_norm=38612.309246900462 norm=342.11336955885804 radius=342.11336955885815 next_radius=342.11336955885815 lambda=2.4551958324723421e-07 next_lambda=2.4551958324723421e-07 rho=0.52573252840121099 accept=1
CLASSICAL_LM o=39 lambda=2.4551958324723421e-07 tau=2.4551958324723421e-07 prediction=120.8415295235997 rho=0.52573252840121099 accept=1
  MFCG it  40 cost=1.814233e+06 lam=2.455e-07 tau=0.00e+00 cg_it=0 shift=0 ckpt=1 alpha=0 acc mv=858
PCG_PREP o=40 rebuild=1 drift=0 previous_depth=1
POINT_SAFE o=40 frozen=277 slope=-120.886115332023 candidate=1814169.9298794074 original=inf current=1814232.8796738342 won=1 mode=1 camera_scale=1 keep_scale=0
ATTR_RADIUS o=40 raw_norm=38396.90036297551 norm=342.11336955885832 radius=342.11336955885815 next_radius=342.11336955885815 lambda=2.4551958324723421e-07 next_lambda=2.4551958324723421e-07 rho=0.52606803920222323 accept=1
CLASSICAL_LM o=40 lambda=2.4551958324723421e-07 tau=2.4551958324723421e-07 prediction=119.66093686713215 rho=0.52606803920222323 accept=1
  MFCG it  41 cost=1.814170e+06 lam=2.455e-07 tau=0.00e+00 cg_it=0 shift=0 ckpt=1 alpha=0 acc mv=860
PCG_PREP o=41 rebuild=1 drift=0 previous_depth=1
POINT_SAFE o=41 frozen=185 slope=-119.32469391750033 candidate=1814108.407225718 original=1814101.887554466 current=1814169.9298794074 won=0 mode=1 camera_scale=1 keep_scale=0
ATTR_RADIUS o=41 raw_norm=38225.813056030696 norm=1.3363803498392897 radius=342.11336955885815 next_radius=85.528342389714538 lambda=2.4551958324723421e-07 next_lambda=3.9283133319557474e-06 rho=0.20470070418993228 accept=1
CLASSICAL_LM o=41 lambda=2.4551958324723421e-07 tau=2.4551958324723421e-07 prediction=332.39907605906029 rho=0.20470070418993228 accept=1
  MFCG it  42 cost=1.814102e+06 lam=3.928e-06 tau=0.00e+00 cg_it=0 shift=0 ckpt=1 alpha=0 acc mv=862
PCG_PREP o=42 rebuild=1 drift=0 previous_depth=1
POINT_SAFE o=42 frozen=121 slope=-112.62052034507104 candidate=1813992.9231577697 original=inf current=1814101.887554466 won=1 mode=1 camera_scale=1 keep_scale=0
ATTR_RADIUS o=42 raw_norm=9855.0980973587593 norm=85.528342389714538 radius=85.528342389714538 next_radius=171.05668477942908 lambda=3.9283133319557474e-06 next_lambda=9.8207833298893685e-07 rho=0.97295158629446177 accept=1
CLASSICAL_LM o=42 lambda=3.9283133319557474e-06 tau=3.9283133319557474e-06 prediction=111.99364719811152 rho=0.97295158629446177 accept=1
  MFCG it  43 cost=1.813993e+06 lam=9.821e-07 tau=0.00e+00 cg_it=0 shift=0 ckpt=1 alpha=0 acc mv=864
PCG_PREP o=43 rebuild=1 drift=0 previous_depth=1
POINT_SAFE o=43 frozen=203 slope=-101.41785102643557 candidate=1813905.9143318005 original=inf current=1813992.9231577697 won=1 mode=1 camera_scale=1 keep_scale=0
ATTR_RADIUS o=43 raw_norm=21995.366959879546 norm=171.05668477942913 radius=171.05668477942908 next_radius=342.11336955885815 lambda=9.8207833298893685e-07 next_lambda=2.4551958324723421e-07 rho=0.86233492166288661 accept=1
CLASSICAL_LM o=43 lambda=9.8207833298893685e-07 tau=9.8207833298893685e-07 prediction=100.89910982776858 rho=0.86233492166288661 accept=1
  MFCG it  44 cost=1.813906e+06 lam=2.455e-07 tau=0.00e+00 cg_it=0 shift=0 ckpt=1 alpha=0 acc mv=866
PCG_PREP o=44 rebuild=1 drift=0 previous_depth=1
POINT_SAFE o=44 frozen=428 slope=-118.28369576333129 candidate=1813845.8337806228 original=inf current=1813905.9143318005 won=1 mode=1 camera_scale=1 keep_scale=0
ATTR_RADIUS o=44 raw_norm=38310.885189531371 norm=342.11336955885827 radius=342.11336955885815 next_radius=342.11336955885815 lambda=2.4551958324723421e-07 next_lambda=2.4551958324723421e-07 rho=0.51042293506148617 accept=1
CLASSICAL_LM o=44 lambda=2.4551958324723421e-07 tau=2.4551958324723421e-07 prediction=117.70738940343961 rho=0.51042293506148617 accept=1
  MFCG it  45 cost=1.813846e+06 lam=2.455e-07 tau=0.00e+00 cg_it=0 shift=0 ckpt=1 alpha=0 acc mv=868
PCG_PREP o=45 rebuild=1 drift=0 previous_depth=1
POINT_SAFE o=45 frozen=229 slope=-118.18255924806684 candidate=1813785.035061805 original=1813802.0096526837 current=1813845.8337806228 won=1 mode=1 camera_scale=1 keep_scale=0
ATTR_RADIUS o=45 raw_norm=38000.721652177068 norm=342.1133695588581 radius=342.11336955885815 next_radius=342.11336955885815 lambda=2.4551958324723421e-07 next_lambda=2.4551958324723421e-07 rho=0.51717995357859781 accept=1
CLASSICAL_LM o=45 lambda=2.4551958324723421e-07 tau=2.4551958324723421e-07 prediction=117.55815049881875 rho=0.51717995357859781 accept=1
  MFCG it  46 cost=1.813785e+06 lam=2.455e-07 tau=0.00e+00 cg_it=0 shift=0 ckpt=1 alpha=0 acc mv=870
PCG_PREP o=46 rebuild=1 drift=0 previous_depth=1
POINT_SAFE o=46 frozen=186 slope=-118.06494476969505 candidate=1813724.0296742429 original=1813683.6732480591 current=1813785.035061805 won=0 mode=1 camera_scale=1 keep_scale=0
ATTR_RADIUS o=46 raw_norm=37782.617162619812 norm=1.336380349839289 radius=342.11336955885815 next_radius=342.11336955885815 lambda=2.4551958324723421e-07 next_lambda=2.4551958324723421e-07 rho=0.30608611433523097 accept=1
CLASSICAL_LM o=46 lambda=2.4551958324723421e-07 tau=2.4551958324723421e-07 prediction=331.15456402218166 rho=0.30608611433523097 accept=1
  MFCG it  47 cost=1.813684e+06 lam=2.455e-07 tau=0.00e+00 cg_it=0 shift=0 ckpt=1 alpha=0 acc mv=872
PCG_PREP o=47 rebuild=1 drift=0 previous_depth=1
POINT_SAFE o=47 frozen=183 slope=-119.81214826959987 candidate=1813624.6925766098 original=inf current=1813683.6732480591 won=1 mode=1 camera_scale=1 keep_scale=0
ATTR_RADIUS o=47 raw_norm=37816.404846266661 norm=342.11336955885815 radius=342.11336955885815 next_radius=342.11336955885815 lambda=2.4551958324723421e-07 next_lambda=2.4551958324723421e-07 rho=0.49491913772095369 accept=1
CLASSICAL_LM o=47 lambda=2.4551958324723421e-07 tau=2.4551958324723421e-07 prediction=119.17233938645178 rho=0.49491913772095369 accept=1
  MFCG it  48 cost=1.813625e+06 lam=2.455e-07 tau=0.00e+00 cg_it=0 shift=0 ckpt=1 alpha=0 acc mv=874
PCG_PREP o=48 rebuild=1 drift=0 previous_depth=1
POINT_SAFE o=48 frozen=183 slope=-118.09854170959188 candidate=1813565.5764358451 original=inf current=1813624.6925766098 won=1 mode=1 camera_scale=1 keep_scale=0
ATTR_RADIUS o=48 raw_norm=37511.630134642648 norm=342.11336955885827 radius=342.11336955885815 next_radius=342.11336955885815 lambda=2.4551958324723421e-07 next_lambda=2.4551958324723421e-07 rho=0.50335685745772363 accept=1
CLASSICAL_LM o=48 lambda=2.4551958324723421e-07 tau=2.4551958324723421e-07 prediction=117.44379735531349 rho=0.50335685745772363 accept=1
  MFCG it  49 cost=1.813566e+06 lam=2.455e-07 tau=0.00e+00 cg_it=0 shift=0 ckpt=1 alpha=0 acc mv=876
PCG_PREP o=49 rebuild=1 drift=0 previous_depth=1
POINT_SAFE o=49 frozen=175 slope=-117.66021488066016 candidate=1813505.3706367274 original=inf current=1813565.5764358451 won=1 mode=1 camera_scale=1 keep_scale=0
ATTR_RADIUS o=49 raw_norm=37304.598343578858 norm=342.1133695588581 radius=342.11336955885815 next_radius=342.11336955885815 lambda=2.4551958324723421e-07 next_lambda=2.4551958324723421e-07 rho=0.51457585826748731 accept=1
CLASSICAL_LM o=49 lambda=2.4551958324723421e-07 tau=2.4551958324723421e-07 prediction=117.0008233973311 rho=0.51457585826748731 accept=1
  MFCG it  50 cost=1.813505e+06 lam=2.455e-07 tau=0.00e+00 cg_it=0 shift=0 ckpt=1 alpha=0 acc mv=878
PCG_PREP o=50 rebuild=1 drift=0 previous_depth=1
POINT_SAFE o=50 frozen=178 slope=-117.77353092238718 candidate=1813445.0995728138 original=1813472.6924775026 current=1813505.3706367274 won=1 mode=1 camera_scale=1 keep_scale=0
ATTR_RADIUS o=50 raw_norm=37038.658200570295 norm=342.11336955885827 radius=342.11336955885815 next_radius=342.11336955885815 lambda=2.4551958324723421e-07 next_lambda=2.4551958324723421e-07 rho=0.51468270117578141 accept=1
CLASSICAL_LM o=50 lambda=2.4551958324723421e-07 tau=2.4551958324723421e-07 prediction=117.10334109909518 rho=0.51468270117578141 accept=1
  MFCG it  51 cost=1.813445e+06 lam=2.455e-07 tau=0.00e+00 cg_it=0 shift=0 ckpt=1 alpha=0 acc mv=880
PCG_PREP o=51 rebuild=1 drift=0 previous_depth=1
POINT_SAFE o=51 frozen=167 slope=-117.94524167547546 candidate=1813384.4294272799 original=1813348.6118353067 current=1813445.0995728138 won=0 mode=1 camera_scale=1 keep_scale=0
ATTR_RADIUS o=51 raw_norm=36769.595988404602 norm=1.3363803498392899 radius=342.11336955885815 next_radius=342.11336955885815 lambda=2.4551958324723421e-07 next_lambda=2.4551958324723421e-07 rho=0.29138895617654509 accept=1
CLASSICAL_LM o=51 lambda=2.4551958324723421e-07 tau=2.4551958324723421e-07 prediction=331.13038590465402 rho=0.29138895617654509 accept=1
  MFCG it  52 cost=1.813349e+06 lam=2.455e-07 tau=0.00e+00 cg_it=0 shift=0 ckpt=1 alpha=0 acc mv=882
PCG_PREP o=52 rebuild=1 drift=0 previous_depth=1
POINT_SAFE o=52 frozen=173 slope=-123.18024831903519 candidate=1813284.9507007836 original=inf current=1813348.6118353067 won=1 mode=1 camera_scale=1 keep_scale=0
ATTR_RADIUS o=52 raw_norm=36716.985674306314 norm=342.11336955885827 radius=342.11336955885815 next_radius=342.11336955885815 lambda=2.4551958324723421e-07 next_lambda=2.4551958324723421e-07 rho=0.51966589039284239 accept=1
CLASSICAL_LM o=52 lambda=2.4551958324723421e-07 tau=2.4551958324723421e-07 prediction=122.50396976215234 rho=0.51966589039284239 accept=1
  MFCG it  53 cost=1.813285e+06 lam=2.455e-07 tau=0.00e+00 cg_it=0 shift=0 ckpt=1 alpha=0 acc mv=884
PCG_PREP o=53 rebuild=1 drift=0 previous_depth=1
POINT_SAFE o=53 frozen=181 slope=-121.07709169250373 candidate=1813222.5530812722 original=inf current=1813284.9507007836 won=1 mode=1 camera_scale=1 keep_scale=0
ATTR_RADIUS o=53 raw_norm=36480.147036112139 norm=342.11336955885815 radius=342.11336955885815 next_radius=342.11336955885815 lambda=2.4551958324723421e-07 next_lambda=2.4551958324723421e-07 rho=0.51830140980647532 accept=1
CLASSICAL_LM o=53 lambda=2.4551958324723421e-07 tau=2.4551958324723421e-07 prediction=120.3886741013586 rho=0.51830140980647532 accept=1
  MFCG it  54 cost=1.813223e+06 lam=2.455e-07 tau=0.00e+00 cg_it=0 shift=0 ckpt=1 alpha=0 acc mv=886
PCG_PREP o=54 rebuild=1 drift=0 previous_depth=1
POINT_SAFE o=54 frozen=177 slope=-120.80723969484443 candidate=1813160.0562180714 original=inf current=1813222.5530812722 won=1 mode=1 camera_scale=1 keep_scale=0
ATTR_RADIUS o=54 raw_norm=36108.888979505689 norm=342.11336955885821 radius=342.11336955885815 next_radius=342.11336955885815 lambda=2.4551958324723421e-07 next_lambda=2.4551958324723421e-07 rho=0.52031709705475859 accept=1
CLASSICAL_LM o=54 lambda=2.4551958324723421e-07 tau=2.4551958324723421e-07 prediction=120.11303021668283 rho=0.52031709705475859 accept=1
  MFCG it  55 cost=1.813160e+06 lam=2.455e-07 tau=0.00e+00 cg_it=0 shift=0 ckpt=1 alpha=0 acc mv=888
PCG_PREP o=55 rebuild=1 drift=0 previous_depth=1
POINT_SAFE o=55 frozen=169 slope=-120.51957739627352 candidate=1813096.645031963 original=1772843.681773402 current=1813160.0562180714 won=0 mode=1 camera_scale=1 keep_scale=0
ATTR_RADIUS o=55 raw_norm=35881.299981055905 norm=85.528342389714538 radius=342.11336955885815 next_radius=342.11336955885815 lambda=2.4551958324723421e-07 next_lambda=2.4551958324723421e-07 rho=2.1793112746326155 accept=1
CLASSICAL_LM o=55 lambda=2.4551958324723421e-07 tau=2.4551958324723421e-07 prediction=18499.594304841015 rho=2.1793112746326155 accept=1
  MFCG it  56 cost=1.772844e+06 lam=2.455e-07 tau=0.00e+00 cg_it=0 shift=0 ckpt=1 alpha=0 acc mv=890
PCG_PREP o=56 rebuild=1 drift=0 previous_depth=1
POINT_SAFE o=56 frozen=203 slope=-117.10934539186378 candidate=1772780.2680657799 original=1770994.7737534419 current=1772843.681773402 won=0 mode=1 camera_scale=1 keep_scale=0
ATTR_RADIUS o=56 raw_norm=36267.505783146706 norm=171.05668477942896 radius=342.11336955885815 next_radius=342.11336955885815 lambda=2.4551958324723421e-07 next_lambda=2.4551958324723421e-07 rho=1.1879441661826464 accept=1
CLASSICAL_LM o=56 lambda=2.4551958324723421e-07 tau=2.4551958324723421e-07 prediction=1556.3930297342695 rho=1.1879441661826464 accept=1
  MFCG it  57 cost=1.770995e+06 lam=2.455e-07 tau=0.00e+00 cg_it=0 shift=0 ckpt=1 alpha=0 acc mv=892
PCG_PREP o=57 rebuild=1 drift=0 previous_depth=1
ATTR_RADIUS o=57 raw_norm=36122.487650077674 norm=342.11336955885804 radius=342.11336955885815 next_radius=342.11336955885815 lambda=2.4551958324723421e-07 next_lambda=2.4551958324723421e-07 rho=0.58959254695548546 accept=1
CLASSICAL_LM o=57 lambda=2.4551958324723421e-07 tau=2.4551958324723421e-07 prediction=310.37416313491269 rho=0.58959254695548546 accept=1
  MFCG it  58 cost=1.770812e+06 lam=2.455e-07 tau=0.00e+00 cg_it=0 shift=0 ckpt=1 alpha=0 acc mv=894
PCG_PREP o=58 rebuild=1 drift=0 previous_depth=1
ATTR_RADIUS o=58 raw_norm=35923.485471612192 norm=342.11336955885821 radius=342.11336955885815 next_radius=342.11336955885815 lambda=2.4551958324723421e-07 next_lambda=2.4551958324723421e-07 rho=0.70945762126677803 accept=1
CLASSICAL_LM o=58 lambda=2.4551958324723421e-07 tau=2.4551958324723421e-07 prediction=189.83181063646344 rho=0.70945762126677803 accept=1
  MFCG it  59 cost=1.770677e+06 lam=2.455e-07 tau=0.00e+00 cg_it=0 shift=0 ckpt=1 alpha=0 acc mv=896
PCG_PREP o=59 rebuild=1 drift=0 previous_depth=1
ATTR_RADIUS o=59 raw_norm=35583.066412782231 norm=342.1133695588581 radius=342.11336955885815 next_radius=342.11336955885815 lambda=2.4551958324723421e-07 next_lambda=2.4551958324723421e-07 rho=0.55823665439682157 accept=1
CLASSICAL_LM o=59 lambda=2.4551958324723421e-07 tau=2.4551958324723421e-07 prediction=119.19186508392107 rho=0.55823665439682157 accept=1
  MFCG it  60 cost=1.770611e+06 lam=2.455e-07 tau=0.00e+00 cg_it=0 shift=0 ckpt=1 alpha=0 acc mv=898
PCG_PREP o=60 rebuild=1 drift=0 previous_depth=1
ATTR_RADIUS o=60 raw_norm=35243.161681628953 norm=342.11336955885838 radius=342.11336955885815 next_radius=342.11336955885815 lambda=2.4551958324723421e-07 next_lambda=2.4551958324723421e-07 rho=0.55315868480976726 accept=1
CLASSICAL_LM o=60 lambda=2.4551958324723421e-07 tau=2.4551958324723421e-07 prediction=117.51206910249576 rho=0.55315868480976726 accept=1
  MFCG it  61 cost=1.770546e+06 lam=2.455e-07 tau=0.00e+00 cg_it=0 shift=0 ckpt=1 alpha=0 acc mv=900
PCG_PREP o=61 rebuild=1 drift=0 previous_depth=1
ATTR_RADIUS o=61 raw_norm=34933.47313484046 norm=342.11336955885827 radius=342.11336955885815 next_radius=342.11336955885815 lambda=2.4551958324723421e-07 next_lambda=2.4551958324723421e-07 rho=0.55648350505078681 accept=1
CLASSICAL_LM o=61 lambda=2.4551958324723421e-07 tau=2.4551958324723421e-07 prediction=117.86528920203068 rho=0.55648350505078681 accept=1
  MFCG it  62 cost=1.770480e+06 lam=2.455e-07 tau=0.00e+00 cg_it=0 shift=0 ckpt=1 alpha=0 acc mv=902
PCG_PREP o=62 rebuild=1 drift=0 previous_depth=1
ATTR_RADIUS o=62 raw_norm=34647.472879344525 norm=342.11336955885815 radius=342.11336955885815 next_radius=342.11336955885815 lambda=2.4551958324723421e-07 next_lambda=2.4551958324723421e-07 rho=0.56050372277461435 accept=1
CLASSICAL_LM o=62 lambda=2.4551958324723421e-07 tau=2.4551958324723421e-07 prediction=118.18854697515977 rho=0.56050372277461435 accept=1
  MFCG it  63 cost=1.770414e+06 lam=2.455e-07 tau=0.00e+00 cg_it=0 shift=0 ckpt=1 alpha=0 acc mv=904
PCG_PREP o=63 rebuild=1 drift=0 previous_depth=1
ATTR_RADIUS o=63 raw_norm=34366.253087937126 norm=342.11336955885821 radius=342.11336955885815 next_radius=342.11336955885815 lambda=2.4551958324723421e-07 next_lambda=2.4551958324723421e-07 rho=0.56480739210975839 accept=1
CLASSICAL_LM o=63 lambda=2.4551958324723421e-07 tau=2.4551958324723421e-07 prediction=118.50380939685473 rho=0.56480739210975839 accept=1
  MFCG it  64 cost=1.770347e+06 lam=2.455e-07 tau=0.00e+00 cg_it=0 shift=0 ckpt=1 alpha=0 acc mv=906
PCG_PREP o=64 rebuild=1 drift=0 previous_depth=1
ATTR_RADIUS o=64 raw_norm=34134.598029955981 norm=342.11336955885815 radius=342.11336955885815 next_radius=342.11336955885815 lambda=2.4551958324723421e-07 next_lambda=2.4551958324723421e-07 rho=0.56996211269306096 accept=1
CLASSICAL_LM o=64 lambda=2.4551958324723421e-07 tau=2.4551958324723421e-07 prediction=118.65394265336644 rho=0.56996211269306096 accept=1
  MFCG it  65 cost=1.770279e+06 lam=2.455e-07 tau=0.00e+00 cg_it=0 shift=0 ckpt=1 alpha=0 acc mv=908
PCG_PREP o=65 rebuild=1 drift=0 previous_depth=1
ATTR_RADIUS o=65 raw_norm=33943.08025738172 norm=342.11336955885827 radius=342.11336955885815 next_radius=342.11336955885815 lambda=2.4551958324723421e-07 next_lambda=2.4551958324723421e-07 rho=0.57577791103167453 accept=1
CLASSICAL_LM o=65 lambda=2.4551958324723421e-07 tau=2.4551958324723421e-07 prediction=118.67040686836866 rho=0.57577791103167453 accept=1
  MFCG it  66 cost=1.770211e+06 lam=2.455e-07 tau=0.00e+00 cg_it=0 shift=0 ckpt=1 alpha=0 acc mv=910
PCG_PREP o=66 rebuild=1 drift=0 previous_depth=1
ATTR_RADIUS o=66 raw_norm=33757.882679796523 norm=342.11336955885815 radius=342.11336955885815 next_radius=342.11336955885815 lambda=2.4551958324723421e-07 next_lambda=2.4551958324723421e-07 rho=0.58180596795245121 accept=1
CLASSICAL_LM o=66 lambda=2.4551958324723421e-07 tau=2.4551958324723421e-07 prediction=118.67292977494488 rho=0.58180596795245121 accept=1
  MFCG it  67 cost=1.770142e+06 lam=2.455e-07 tau=0.00e+00 cg_it=0 shift=0 ckpt=1 alpha=0 acc mv=912
PCG_PREP o=67 rebuild=1 drift=0 previous_depth=1
ATTR_RADIUS o=67 raw_norm=33455.725707532976 norm=342.11336955885832 radius=342.11336955885815 next_radius=342.11336955885815 lambda=2.4551958324723421e-07 next_lambda=2.4551958324723421e-07 rho=0.58644275646160227 accept=1
CLASSICAL_LM o=67 lambda=2.4551958324723421e-07 tau=2.4551958324723421e-07 prediction=119.10611597200783 rho=0.58644275646160227 accept=1
  MFCG it  68 cost=1.770072e+06 lam=2.455e-07 tau=0.00e+00 cg_it=0 shift=0 ckpt=1 alpha=0 acc mv=914
PCG_PREP o=68 rebuild=1 drift=0 previous_depth=1
ATTR_RADIUS o=68 raw_norm=33007.270526497799 norm=342.11336955885815 radius=342.11336955885815 next_radius=342.11336955885815 lambda=2.4551958324723421e-07 next_lambda=2.4551958324723421e-07 rho=0.58925106892847112 accept=1
CLASSICAL_LM o=68 lambda=2.4551958324723421e-07 tau=2.4551958324723421e-07 prediction=120.05720975041467 rho=0.58925106892847112 accept=1
  MFCG it  69 cost=1.770001e+06 lam=2.455e-07 tau=0.00e+00 cg_it=0 shift=0 ckpt=1 alpha=0 acc mv=916
PCG_PREP o=69 rebuild=1 drift=0 previous_depth=1
ATTR_RADIUS o=69 raw_norm=32630.915476991067 norm=342.11336955885821 radius=342.11336955885815 next_radius=342.11336955885815 lambda=2.4551958324723421e-07 next_lambda=2.4551958324723421e-07 rho=0.59304189693236731 accept=1
CLASSICAL_LM o=69 lambda=2.4551958324723421e-07 tau=2.4551958324723421e-07 prediction=120.72107491033528 rho=0.59304189693236731 accept=1
  MFCG it  70 cost=1.769930e+06 lam=2.455e-07 tau=0.00e+00 cg_it=0 shift=0 ckpt=1 alpha=0 acc mv=918
PCG_PREP o=70 rebuild=1 drift=0 previous_depth=1
ATTR_RADIUS o=70 raw_norm=32333.73340357358 norm=342.11336955885821 radius=342.11336955885815 next_radius=342.11336955885815 lambda=2.4551958324723421e-07 next_lambda=2.4551958324723421e-07 rho=0.59793207525475522 accept=1
CLASSICAL_LM o=70 lambda=2.4551958324723421e-07 tau=2.4551958324723421e-07 prediction=121.07764010980782 rho=0.59793207525475522 accept=1
  MFCG it  71 cost=1.769857e+06 lam=2.455e-07 tau=0.00e+00 cg_it=0 shift=0 ckpt=1 alpha=0 acc mv=920
PCG_PREP o=71 rebuild=1 drift=0 previous_depth=1
ATTR_RADIUS o=71 raw_norm=32060.284192119423 norm=342.1133695588581 radius=342.11336955885815 next_radius=342.11336955885815 lambda=2.4551958324723421e-07 next_lambda=2.4551958324723421e-07 rho=0.60317993058933084 accept=1
CLASSICAL_LM o=71 lambda=2.4551958324723421e-07 tau=2.4551958324723421e-07 prediction=121.3357716076127 rho=0.60317993058933084 accept=1
  MFCG it  72 cost=1.769784e+06 lam=2.455e-07 tau=0.00e+00 cg_it=0 shift=0 ckpt=1 alpha=0 acc mv=922
PCG_PREP o=72 rebuild=1 drift=0 previous_depth=1
ATTR_RADIUS o=72 raw_norm=31792.084975952126 norm=342.11336955885821 radius=342.11336955885815 next_radius=342.11336955885815 lambda=2.4551958324723421e-07 next_lambda=2.4551958324723421e-07 rho=0.60853424091746244 accept=1
CLASSICAL_LM o=72 lambda=2.4551958324723421e-07 tau=2.4551958324723421e-07 prediction=121.5642441558893 rho=0.60853424091746244 accept=1
  MFCG it  73 cost=1.769710e+06 lam=2.455e-07 tau=0.00e+00 cg_it=0 shift=0 ckpt=1 alpha=0 acc mv=924
PCG_PREP o=73 rebuild=1 drift=0 previous_depth=1
ATTR_RADIUS o=73 raw_norm=31532.535354994332 norm=342.11336955885832 radius=342.11336955885815 next_radius=342.11336955885815 lambda=2.4551958324723421e-07 next_lambda=2.4551958324723421e-07 rho=0.61401509980311131 accept=1
CLASSICAL_LM o=73 lambda=2.4551958324723421e-07 tau=2.4551958324723421e-07 prediction=121.75384122090672 rho=0.61401509980311131 accept=1
  MFCG it  74 cost=1.769635e+06 lam=2.455e-07 tau=0.00e+00 cg_it=0 shift=0 ckpt=1 alpha=0 acc mv=926
PCG_PREP o=74 rebuild=1 drift=0 previous_depth=1
ATTR_RADIUS o=74 raw_norm=31276.205966873997 norm=342.11336955885815 radius=342.11336955885815 next_radius=342.11336955885815 lambda=2.4551958324723421e-07 next_lambda=2.4551958324723421e-07 rho=0.61954316062508341 accept=1
CLASSICAL_LM o=74 lambda=2.4551958324723421e-07 tau=2.4551958324723421e-07 prediction=121.92320001638139 rho=0.61954316062508341 accept=1
  MFCG it  75 cost=1.769560e+06 lam=2.455e-07 tau=0.00e+00 cg_it=0 shift=0 ckpt=1 alpha=0 acc mv=928
PCG_PREP o=75 rebuild=1 drift=0 previous_depth=1
ATTR_RADIUS o=75 raw_norm=31027.396794678862 norm=342.11336955885815 radius=342.11336955885815 next_radius=342.11336955885815 lambda=2.4551958324723421e-07 next_lambda=2.4551958324723421e-07 rho=0.62515901535364127 accept=1
CLASSICAL_LM o=75 lambda=2.4551958324723421e-07 tau=2.4551958324723421e-07 prediction=122.05695764168385 rho=0.62515901535364127 accept=1
  MFCG it  76 cost=1.769483e+06 lam=2.455e-07 tau=0.00e+00 cg_it=0 shift=0 ckpt=1 alpha=0 acc mv=930
PCG_PREP o=76 rebuild=1 drift=0 previous_depth=1
ATTR_RADIUS o=76 raw_norm=30781.569012391603 norm=342.11336955885815 radius=342.11336955885815 next_radius=342.11336955885815 lambda=2.4551958324723421e-07 next_lambda=2.4551958324723421e-07 rho=0.63080243990133333 accept=1
CLASSICAL_LM o=76 lambda=2.4551958324723421e-07 tau=2.4551958324723421e-07 prediction=122.16928967578224 rho=0.63080243990133333 accept=1
  MFCG it  77 cost=1.769406e+06 lam=2.455e-07 tau=0.00e+00 cg_it=0 shift=0 ckpt=1 alpha=0 acc mv=932
PCG_PREP o=77 rebuild=1 drift=0 previous_depth=1
ATTR_RADIUS o=77 raw_norm=30542.047635400886 norm=342.11336955885821 radius=342.11336955885815 next_radius=342.11336955885815 lambda=2.4551958324723421e-07 next_lambda=2.4551958324723421e-07 rho=0.63649878905656954 accept=1
CLASSICAL_LM o=77 lambda=2.4551958324723421e-07 tau=2.4551958324723421e-07 prediction=122.24986566300835 rho=0.63649878905656954 accept=1
  MFCG it  78 cost=1.769329e+06 lam=2.455e-07 tau=0.00e+00 cg_it=0 shift=0 ckpt=1 alpha=0 acc mv=934
PCG_PREP o=78 rebuild=1 drift=0 previous_depth=1
ATTR_RADIUS o=78 raw_norm=30305.057075694134 norm=342.11336955885815 radius=342.11336955885815 next_radius=342.11336955885815 lambda=2.4551958324723421e-07 next_lambda=2.4551958324723421e-07 rho=0.64220014910273759 accept=1
CLASSICAL_LM o=78 lambda=2.4551958324723421e-07 tau=2.4551958324723421e-07 prediction=122.31039675629728 rho=0.64220014910273759 accept=1
  MFCG it  79 cost=1.769250e+06 lam=2.455e-07 tau=0.00e+00 cg_it=0 shift=0 ckpt=1 alpha=0 acc mv=936
PCG_PREP o=79 rebuild=1 drift=0 previous_depth=1
ATTR_RADIUS o=79 raw_norm=30077.840694628718 norm=342.11336955885815 radius=342.11336955885815 next_radius=342.11336955885815 lambda=2.4551958324723421e-07 next_lambda=2.4551958324723421e-07 rho=0.64797958131789701 accept=1
CLASSICAL_LM o=79 lambda=2.4551958324723421e-07 tau=2.4551958324723421e-07 prediction=122.32530289431662 rho=0.64797958131789701 accept=1
  MFCG it  80 cost=1.769171e+06 lam=2.455e-07 tau=0.00e+00 cg_it=0 shift=0 ckpt=1 alpha=0 acc mv=938
PCG_PREP o=80 rebuild=1 drift=0 previous_depth=1
ATTR_RADIUS o=80 raw_norm=29853.878267218759 norm=342.11336955885821 radius=342.11336955885815 next_radius=342.11336955885815 lambda=2.4551958324723421e-07 next_lambda=2.4551958324723421e-07 rho=0.65374409676748735 accept=1
CLASSICAL_LM o=80 lambda=2.4551958324723421e-07 tau=2.4551958324723421e-07 prediction=122.32135812224003 rho=0.65374409676748735 accept=1
  MFCG it  81 cost=1.769091e+06 lam=2.455e-07 tau=0.00e+00 cg_it=0 shift=0 ckpt=1 alpha=0 acc mv=940
PCG_PREP o=81 rebuild=1 drift=0 previous_depth=1
ATTR_RADIUS o=81 raw_norm=29630.938440693091 norm=342.11336955885821 radius=342.11336955885815 next_radius=342.11336955885815 lambda=2.4551958324723421e-07 next_lambda=2.4551958324723421e-07 rho=0.65949133112154279 accept=1
CLASSICAL_LM o=81 lambda=2.4551958324723421e-07 tau=2.4551958324723421e-07 prediction=122.29783413972655 rho=0.65949133112154279 accept=1
  MFCG it  82 cost=1.769010e+06 lam=2.455e-07 tau=0.00e+00 cg_it=0 shift=0 ckpt=1 alpha=0 acc mv=942
PCG_PREP o=82 rebuild=1 drift=0 previous_depth=1
ATTR_RADIUS o=82 raw_norm=29418.439281327068 norm=342.1133695588581 radius=342.11336955885815 next_radius=342.11336955885815 lambda=2.4551958324723421e-07 next_lambda=2.4551958324723421e-07 rho=0.66528648092293075 accept=1
CLASSICAL_LM o=82 lambda=2.4551958324723421e-07 tau=2.4551958324723421e-07 prediction=122.2318348277246 rho=0.66528648092293075 accept=1
  MFCG it  83 cost=1.768929e+06 lam=2.455e-07 tau=0.00e+00 cg_it=0 shift=0 ckpt=1 alpha=0 acc mv=944
PCG_PREP o=83 rebuild=1 drift=0 previous_depth=1
ATTR_RADIUS o=83 raw_norm=29209.822921113398 norm=342.11336955885827 radius=342.11336955885815 next_radius=342.11336955885815 lambda=2.4551958324723421e-07 next_lambda=2.4551958324723421e-07 rho=0.67109401837150118 accept=1
CLASSICAL_LM o=83 lambda=2.4551958324723421e-07 tau=2.4551958324723421e-07 prediction=122.1326998580917 rho=0.67109401837150118 accept=1
  MFCG it  84 cost=1.768847e+06 lam=2.455e-07 tau=0.00e+00 cg_it=0 shift=0 ckpt=1 alpha=0 acc mv=946
PCG_PREP o=84 rebuild=1 drift=0 previous_depth=1
ATTR_RADIUS o=84 raw_norm=29005.91561083823 norm=342.11336955885798 radius=342.11336955885815 next_radius=342.11336955885815 lambda=2.4551958324723421e-07 next_lambda=2.4551958324723421e-07 rho=0.67687634245355199 accept=1
CLASSICAL_LM o=84 lambda=2.4551958324723421e-07 tau=2.4551958324723421e-07 prediction=122.01141426840483 rho=0.67687634245355199 accept=1
  MFCG it  85 cost=1.768764e+06 lam=2.455e-07 tau=0.00e+00 cg_it=0 shift=0 ckpt=1 alpha=0 acc mv=948
PCG_PREP o=85 rebuild=1 drift=0 previous_depth=1
ATTR_RADIUS o=85 raw_norm=28808.49130433585 norm=342.11336955885815 radius=342.11336955885815 next_radius=342.11336955885815 lambda=2.4551958324723421e-07 next_lambda=2.4551958324723421e-07 rho=0.68266589905625752 accept=1
CLASSICAL_LM o=85 lambda=2.4551958324723421e-07 tau=2.4551958324723421e-07 prediction=121.85570709905342 rho=0.68266589905625752 accept=1
  MFCG it  86 cost=1.768681e+06 lam=2.455e-07 tau=0.00e+00 cg_it=0 shift=0 ckpt=1 alpha=0 acc mv=950
PCG_PREP o=86 rebuild=1 drift=0 previous_depth=1
ATTR_RADIUS o=86 raw_norm=28612.559419723289 norm=342.11336955885815 radius=342.11336955885815 next_radius=342.11336955885815 lambda=2.4551958324723421e-07 next_lambda=2.4551958324723421e-07 rho=0.68840814908219972 accept=1
CLASSICAL_LM o=86 lambda=2.4551958324723421e-07 tau=2.4551958324723421e-07 prediction=121.68364471174601 rho=0.68840814908219972 accept=1
  MFCG it  87 cost=1.768597e+06 lam=2.455e-07 tau=0.00e+00 cg_it=0 shift=0 ckpt=1 alpha=0 acc mv=952
PCG_PREP o=87 rebuild=1 drift=0 previous_depth=1
ATTR_RADIUS o=87 raw_norm=28423.503281915695 norm=342.11336955885827 radius=342.11336955885815 next_radius=342.11336955885815 lambda=2.4551958324723421e-07 next_lambda=2.4551958324723421e-07 rho=0.69415265493386569 accept=1
CLASSICAL_LM o=87 lambda=2.4551958324723421e-07 tau=2.4551958324723421e-07 prediction=121.47705179983859 rho=0.69415265493386569 accept=1
  MFCG it  88 cost=1.768513e+06 lam=2.455e-07 tau=0.00e+00 cg_it=0 shift=0 ckpt=1 alpha=0 acc mv=954
PCG_PREP o=88 rebuild=1 drift=0 previous_depth=1
ATTR_RADIUS o=88 raw_norm=28237.835707563881 norm=342.11336955885815 radius=342.11336955885815 next_radius=342.11336955885815 lambda=2.4551958324723421e-07 next_lambda=2.4551958324723421e-07 rho=0.69985698380240235 accept=1
CLASSICAL_LM o=88 lambda=2.4551958324723421e-07 tau=2.4551958324723421e-07 prediction=121.25047238261004 rho=0.69985698380240235 accept=1
  MFCG it  89 cost=1.768428e+06 lam=2.455e-07 tau=0.00e+00 cg_it=0 shift=0 ckpt=1 alpha=0 acc mv=956
PCG_PREP o=89 rebuild=1 drift=0 previous_depth=1
ATTR_RADIUS o=89 raw_norm=28057.11024482645 norm=342.11336955885815 radius=342.11336955885815 next_radius=342.11336955885815 lambda=2.4551958324723421e-07 next_lambda=2.4551958324723421e-07 rho=0.70554818609163117 accept=1
CLASSICAL_LM o=89 lambda=2.4551958324723421e-07 tau=2.4551958324723421e-07 prediction=120.99344081839536 rho=0.70554818609163117 accept=1
  MFCG it  90 cost=1.768343e+06 lam=2.455e-07 tau=0.00e+00 cg_it=0 shift=0 ckpt=1 alpha=0 acc mv=958
PCG_PREP o=90 rebuild=1 drift=0 previous_depth=1
ATTR_RADIUS o=90 raw_norm=27883.380599388969 norm=342.11336955885815 radius=342.11336955885815 next_radius=342.11336955885815 lambda=2.4551958324723421e-07 next_lambda=2.4551958324723421e-07 rho=0.71123347262264702 accept=1
CLASSICAL_LM o=90 lambda=2.4551958324723421e-07 tau=2.4551958324723421e-07 prediction=120.70238392873097 rho=0.71123347262264702 accept=1
  MFCG it  91 cost=1.768257e+06 lam=2.455e-07 tau=0.00e+00 cg_it=0 shift=0 ckpt=1 alpha=0 acc mv=960
PCG_PREP o=91 rebuild=1 drift=0 previous_depth=1
ATTR_RADIUS o=91 raw_norm=27711.858847603839 norm=342.11336955885821 radius=342.11336955885815 next_radius=342.11336955885815 lambda=2.4551958324723421e-07 next_lambda=2.4551958324723421e-07 rho=0.71686349294819129 accept=1
CLASSICAL_LM o=91 lambda=2.4551958324723421e-07 tau=2.4551958324723421e-07 prediction=120.39566664443922 rho=0.71686349294819129 accept=1
  MFCG it  92 cost=1.768171e+06 lam=2.455e-07 tau=0.00e+00 cg_it=0 shift=0 ckpt=1 alpha=0 acc mv=962
PCG_PREP o=92 rebuild=1 drift=0 previous_depth=1
ATTR_RADIUS o=92 raw_norm=27547.000281701119 norm=342.11336955885827 radius=342.11336955885815 next_radius=342.11336955885815 lambda=2.4551958324723421e-07 next_lambda=2.4551958324723421e-07 rho=0.72248184184615571 accept=1
CLASSICAL_LM o=92 lambda=2.4551958324723421e-07 tau=2.4551958324723421e-07 prediction=120.05628951215317 rho=0.72248184184615571 accept=1
  MFCG it  93 cost=1.768084e+06 lam=2.455e-07 tau=0.00e+00 cg_it=0 shift=0 ckpt=1 alpha=0 acc mv=964
PCG_PREP o=93 rebuild=1 drift=0 previous_depth=1
ATTR_RADIUS o=93 raw_norm=27386.097687712361 norm=342.11336955885821 radius=342.11336955885815 next_radius=342.11336955885815 lambda=2.4551958324723421e-07 next_lambda=2.4551958324723421e-07 rho=0.72806098365925387 accept=1
CLASSICAL_LM o=93 lambda=2.4551958324723421e-07 tau=2.4551958324723421e-07 prediction=119.69483048299796 rho=0.72806098365925387 accept=1
  MFCG it  94 cost=1.767997e+06 lam=2.455e-07 tau=0.00e+00 cg_it=0 shift=0 ckpt=1 alpha=0 acc mv=966
PCG_PREP o=94 rebuild=1 drift=0 previous_depth=1
ATTR_RADIUS o=94 raw_norm=27229.999601553638 norm=342.1133695588581 radius=342.11336955885815 next_radius=342.11336955885815 lambda=2.4551958324723421e-07 next_lambda=2.4551958324723421e-07 rho=0.73360191697435539 accept=1
CLASSICAL_LM o=94 lambda=2.4551958324723421e-07 tau=2.4551958324723421e-07 prediction=119.3109355480351 rho=0.73360191697435539 accept=1
  MFCG it  95 cost=1.767909e+06 lam=2.455e-07 tau=0.00e+00 cg_it=0 shift=0 ckpt=1 alpha=0 acc mv=968
PCG_PREP o=95 rebuild=1 drift=0 previous_depth=1
ATTR_RADIUS o=95 raw_norm=27079.922158734189 norm=342.11336955885821 radius=342.11336955885815 next_radius=342.11336955885815 lambda=2.4551958324723421e-07 next_lambda=2.4551958324723421e-07 rho=0.73913091444042101 accept=1
CLASSICAL_LM o=95 lambda=2.4551958324723421e-07 tau=2.4551958324723421e-07 prediction=118.89364601079518 rho=0.73913091444042101 accept=1
  MFCG it  96 cost=1.767821e+06 lam=2.455e-07 tau=0.00e+00 cg_it=0 shift=0 ckpt=1 alpha=0 acc mv=970
PCG_PREP o=96 rebuild=1 drift=0 previous_depth=1
ATTR_RADIUS o=96 raw_norm=26933.082705680721 norm=342.11336955885804 radius=342.11336955885815 next_radius=342.11336955885815 lambda=2.4551958324723421e-07 next_lambda=2.4551958324723421e-07 rho=0.74460299693815946 accept=1
CLASSICAL_LM o=96 lambda=2.4551958324723421e-07 tau=2.4551958324723421e-07 prediction=118.46162288277407 rho=0.74460299693815946 accept=1
  MFCG it  97 cost=1.767733e+06 lam=2.455e-07 tau=0.00e+00 cg_it=0 shift=0 ckpt=1 alpha=0 acc mv=972
PCG_PREP o=97 rebuild=1 drift=0 previous_depth=1
ATTR_RADIUS o=97 raw_norm=26792.02861557046 norm=342.11336955885827 radius=342.11336955885815 next_radius=684.22673911771631 lambda=2.4551958324723421e-07 next_lambda=2.4551958324723421e-07 rho=0.75004655027329359 accept=1
CLASSICAL_LM o=97 lambda=2.4551958324723421e-07 tau=2.4551958324723421e-07 prediction=118.00322553724831 rho=0.75004655027329359 accept=1
  MFCG it  98 cost=1.767645e+06 lam=2.455e-07 tau=0.00e+00 cg_it=0 shift=0 ckpt=1 alpha=0 acc mv=974
PCG_PREP o=98 rebuild=1 drift=0 previous_depth=1
ATTR_RADIUS o=98 raw_norm=26653.185005116884 norm=684.22673911771597 radius=684.22673911771631 next_radius=684.22673911771631 lambda=2.4551958324723421e-07 next_lambda=2.4551958324723421e-07 rho=0.50441047910930337 accept=1
CLASSICAL_LM o=98 lambda=2.4551958324723421e-07 tau=2.4551958324723421e-07 prediction=233.46126433701903 rho=0.50441047910930337 accept=1
  MFCG it  99 cost=1.767527e+06 lam=2.455e-07 tau=0.00e+00 cg_it=0 shift=0 ckpt=1 alpha=0 acc mv=976
PCG_PREP o=99 rebuild=1 drift=0 previous_depth=1
ATTR_RADIUS o=99 raw_norm=26292.212720770087 norm=684.22673911771631 radius=684.22673911771631 next_radius=684.22673911771631 lambda=2.4551958324723421e-07 next_lambda=2.4551958324723421e-07 rho=0.52094711459853327 accept=1
CLASSICAL_LM o=99 lambda=2.4551958324723421e-07 tau=2.4551958324723421e-07 prediction=235.65485017567093 rho=0.52094711459853327 accept=1
  MFCG it 100 cost=1.767404e+06 lam=2.455e-07 tau=0.00e+00 cg_it=0 shift=0 ckpt=1 alpha=0 acc mv=978
PCG_PREP o=100 rebuild=1 drift=0 previous_depth=1
ATTR_RADIUS o=100 raw_norm=25884.919697825168 norm=684.22673911771631 radius=684.22673911771631 next_radius=684.22673911771631 lambda=2.4551958324723421e-07 next_lambda=2.4551958324723421e-07 rho=0.54008663563993353 accept=1
CLASSICAL_LM o=100 lambda=2.4551958324723421e-07 tau=2.4551958324723421e-07 prediction=237.19505617593899 rho=0.54008663563993353 accept=1
  MFCG it 101 cost=1.767276e+06 lam=2.455e-07 tau=0.00e+00 cg_it=0 shift=0 ckpt=1 alpha=0 acc mv=980
PCG_PREP o=101 rebuild=1 drift=0 previous_depth=1
ATTR_RADIUS o=101 raw_norm=25501.867354398106 norm=684.22673911771631 radius=684.22673911771631 next_radius=684.22673911771631 lambda=2.4551958324723421e-07 next_lambda=2.4551958324723421e-07 rho=0.55910553010071884 accept=1
CLASSICAL_LM o=101 lambda=2.4551958324723421e-07 tau=2.4551958324723421e-07 prediction=238.32720504367393 rho=0.55910553010071884 accept=1
  MFCG it 102 cost=1.767143e+06 lam=2.455e-07 tau=0.00e+00 cg_it=0 shift=0 ckpt=1 alpha=0 acc mv=982
PCG_PREP o=102 rebuild=1 drift=0 previous_depth=1
ATTR_RADIUS o=102 raw_norm=25139.469383753803 norm=684.22673911771619 radius=684.22673911771631 next_radius=684.22673911771631 lambda=2.4551958324723421e-07 next_lambda=2.4551958324723421e-07 rho=0.57783433310284604 accept=1
CLASSICAL_LM o=102 lambda=2.4551958324723421e-07 tau=2.4551958324723421e-07 prediction=239.12320460522452 rho=0.57783433310284604 accept=1
  MFCG it 103 cost=1.767005e+06 lam=2.455e-07 tau=0.00e+00 cg_it=0 shift=0 ckpt=1 alpha=0 acc mv=984
PCG_PREP o=103 rebuild=1 drift=0 previous_depth=1
ATTR_RADIUS o=103 raw_norm=24797.343194568246 norm=684.22673911771653 radius=684.22673911771631 next_radius=684.22673911771631 lambda=2.4551958324723421e-07 next_lambda=2.4551958324723421e-07 rho=0.59626935974942974 accept=1
CLASSICAL_LM o=103 lambda=2.4551958324723421e-07 tau=2.4551958324723421e-07 prediction=239.58690285653734 rho=0.59626935974942974 accept=1
  MFCG it 104 cost=1.766862e+06 lam=2.455e-07 tau=0.00e+00 cg_it=0 shift=0 ckpt=1 alpha=0 acc mv=986
PCG_PREP o=104 rebuild=1 drift=0 previous_depth=1
ATTR_RADIUS o=104 raw_norm=24476.584613999607 norm=684.22673911771642 radius=684.22673911771631 next_radius=684.22673911771631 lambda=2.4551958324723421e-07 next_lambda=2.4551958324723421e-07 rho=0.61444160324783992 accept=1
CLASSICAL_LM o=104 lambda=2.4551958324723421e-07 tau=2.4551958324723421e-07 prediction=239.70747003062957 rho=0.61444160324783992 accept=1
  MFCG it 105 cost=1.766714e+06 lam=2.455e-07 tau=0.00e+00 cg_it=0 shift=0 ckpt=1 alpha=0 acc mv=988
PCG_PREP o=105 rebuild=1 drift=0 previous_depth=1
ATTR_RADIUS o=105 raw_norm=24174.885730228791 norm=684.22673911771642 radius=684.22673911771631 next_radius=684.22673911771631 lambda=2.4551958324723421e-07 next_lambda=2.4551958324723421e-07 rho=0.63230627598741218 accept=1
CLASSICAL_LM o=105 lambda=2.4551958324723421e-07 tau=2.4551958324723421e-07 prediction=239.51498611698298 rho=0.63230627598741218 accept=1
  MFCG it 106 cost=1.766563e+06 lam=2.455e-07 tau=0.00e+00 cg_it=0 shift=0 ckpt=1 alpha=0 acc mv=990
PCG_PREP o=106 rebuild=1 drift=0 previous_depth=1
ATTR_RADIUS o=106 raw_norm=48738.474635448343 norm=684.22673911771619 radius=684.22673911771631 next_radius=1368.4534782354326 lambda=2.4551958324723421e-07 next_lambda=2.4551958324723421e-07 rho=0.95074264967502531 accept=1
CLASSICAL_LM o=106 lambda=2.4551958324723421e-07 tau=2.4551958324723421e-07 prediction=461.52413432953114 rho=0.95074264967502531 accept=1
  MFCG it 107 cost=1.766124e+06 lam=2.455e-07 tau=0.00e+00 cg_it=3 shift=0 ckpt=4 alpha=0 acc mv=995
PCG_PREP o=107 rebuild=1 drift=0 previous_depth=4
ATTR_RADIUS o=107 raw_norm=23741.81700868269 norm=1368.4534782354315 radius=1368.4534782354326 next_radius=1368.4534782354326 lambda=2.4551958324723421e-07 next_lambda=2.4551958324723421e-07 rho=0.29000630105702496 accept=1
CLASSICAL_LM o=107 lambda=2.4551958324723421e-07 tau=2.4551958324723421e-07 prediction=464.87209674523564 rho=0.29000630105702496 accept=1
  MFCG it 108 cost=1.765989e+06 lam=2.455e-07 tau=0.00e+00 cg_it=0 shift=0 ckpt=1 alpha=0 acc mv=997
PCG_PREP o=108 rebuild=1 drift=0 previous_depth=1
ATTR_RADIUS o=108 raw_norm=22981.171028910325 norm=1368.4534782354326 radius=1368.4534782354326 next_radius=1368.4534782354326 lambda=2.4551958324723421e-07 next_lambda=2.4551958324723421e-07 rho=0.33435835521372437 accept=1
CLASSICAL_LM o=108 lambda=2.4551958324723421e-07 tau=2.4551958324723421e-07 prediction=491.32398880434096 rho=0.33435835521372437 accept=1
  MFCG it 109 cost=1.765825e+06 lam=2.455e-07 tau=0.00e+00 cg_it=0 shift=0 ckpt=1 alpha=0 acc mv=999
PCG_PREP o=109 rebuild=1 drift=0 previous_depth=1
ATTR_RADIUS o=109 raw_norm=22097.457607579461 norm=1368.4534782354331 radius=1368.4534782354326 next_radius=1368.4534782354326 lambda=2.4551958324723421e-07 next_lambda=2.4551958324723421e-07 rho=0.39161771922057964 accept=1
CLASSICAL_LM o=109 lambda=2.4551958324723421e-07 tau=2.4551958324723421e-07 prediction=508.64295146292454 rho=0.39161771922057964 accept=1
  MFCG it 110 cost=1.765626e+06 lam=2.455e-07 tau=0.00e+00 cg_it=0 shift=0 ckpt=1 alpha=0 acc mv=1001
PCG_PREP o=110 rebuild=1 drift=0 previous_depth=1
ATTR_RADIUS o=110 raw_norm=21329.82869296581 norm=1368.4534782354328 radius=1368.4534782354326 next_radius=1368.4534782354326 lambda=2.4551958324723421e-07 next_lambda=2.4551958324723421e-07 rho=0.44880200913939383 accept=1
CLASSICAL_LM o=110 lambda=2.4551958324723421e-07 tau=2.4551958324723421e-07 prediction=520.67033820022505 rho=0.44880200913939383 accept=1
  MFCG it 111 cost=1.765392e+06 lam=2.455e-07 tau=0.00e+00 cg_it=0 shift=0 ckpt=1 alpha=0 acc mv=1003
PCG_PREP o=111 rebuild=1 drift=0 previous_depth=1
ATTR_RADIUS o=111 raw_norm=20667.796558425474 norm=1368.4534782354322 radius=1368.4534782354326 next_radius=1368.4534782354326 lambda=2.4551958324723421e-07 next_lambda=2.4551958324723421e-07 rho=0.50521966766891546 accept=1
CLASSICAL_LM o=111 lambda=2.4551958324723421e-07 tau=2.4551958324723421e-07 prediction=527.96863567584523 rho=0.50521966766891546 accept=1
  MFCG it 112 cost=1.765125e+06 lam=2.455e-07 tau=0.00e+00 cg_it=0 shift=0 ckpt=1 alpha=0 acc mv=1005
PCG_PREP o=112 rebuild=1 drift=0 previous_depth=1
ATTR_RADIUS o=112 raw_norm=20104.807122557628 norm=1368.4534782354333 radius=1368.4534782354326 next_radius=1368.4534782354326 lambda=2.4551958324723421e-07 next_lambda=2.4551958324723421e-07 rho=0.56038812961842444 accept=1
CLASSICAL_LM o=112 lambda=2.4551958324723421e-07 tau=2.4551958324723421e-07 prediction=530.46922271291635 rho=0.56038812961842444 accept=1
  MFCG it 113 cost=1.764828e+06 lam=2.455e-07 tau=0.00e+00 cg_it=0 shift=0 ckpt=1 alpha=0 acc mv=1007
PCG_PREP o=113 rebuild=1 drift=0 previous_depth=1
ATTR_RADIUS o=113 raw_norm=63511.796608299977 norm=1368.4534782354326 radius=1368.4534782354326 next_radius=2736.9069564708652 lambda=2.4551958324723421e-07 next_lambda=2.4551958324723421e-07 rho=1.0006695635549705 accept=1
CLASSICAL_LM o=113 lambda=2.4551958324723421e-07 tau=2.4551958324723421e-07 prediction=894.91634142985913 rho=1.0006695635549705 accept=1
  MFCG it 114 cost=1.763933e+06 lam=2.455e-07 tau=0.00e+00 cg_it=5 shift=0 ckpt=6 alpha=0 acc mv=1014
PCG_PREP o=114 rebuild=1 drift=0 previous_depth=6
ATTR_RADIUS o=114 raw_norm=56706.800022706229 norm=2736.9069564708652 radius=2736.9069564708652 next_radius=5473.8139129417305 lambda=2.4551958324723421e-07 next_lambda=2.4551958324723421e-07 rho=0.99104229861549675 accept=1
CLASSICAL_LM o=114 lambda=2.4551958324723421e-07 tau=2.4551958324723421e-07 prediction=1894.0133679945784 rho=0.99104229861549675 accept=1
  MFCG it 115 cost=1.762056e+06 lam=2.455e-07 tau=0.00e+00 cg_it=5 shift=0 ckpt=6 alpha=0 acc mv=1021
PCG_PREP o=115 rebuild=1 drift=0 previous_depth=6
ATTR_RADIUS o=115 raw_norm=59217.813147583132 norm=5473.8139129417295 radius=5473.8139129417305 next_radius=10947.627825883461 lambda=2.4551958324723421e-07 next_lambda=2.4551958324723421e-07 rho=0.91818673320929645 accept=1
CLASSICAL_LM o=115 lambda=2.4551958324723421e-07 tau=2.4551958324723421e-07 prediction=3412.3711589903173 rho=0.91818673320929645 accept=1
  MFCG it 116 cost=1.758922e+06 lam=2.455e-07 tau=0.00e+00 cg_it=5 shift=0 ckpt=6 alpha=0 acc mv=1028
PCG_PREP o=116 rebuild=1 drift=0 previous_depth=6
ATTR_RADIUS o=116 raw_norm=65646.543745521674 norm=10947.627825883466 radius=10947.627825883461 next_radius=10947.627825883461 lambda=2.4551958324723421e-07 next_lambda=2.4551958324723421e-07 rho=0.4602233845806572 accept=1
CLASSICAL_LM o=116 lambda=2.4551958324723421e-07 tau=2.4551958324723421e-07 prediction=5827.713521500802 rho=0.4602233845806572 accept=1
  MFCG it 117 cost=1.756240e+06 lam=2.455e-07 tau=0.00e+00 cg_it=5 shift=0 ckpt=6 alpha=0 acc mv=1035
PCG_PREP o=117 rebuild=1 drift=0 previous_depth=6
POINT_SAFE o=117 frozen=845 slope=-9311.8494984568824 candidate=1782489.889445653 original=1755899.4633655495 current=1756240.3925943377 won=0 mode=1 camera_scale=1 keep_scale=0
ATTR_RADIUS o=117 raw_norm=19997.945060127156 norm=10947.627825883459 radius=10947.627825883461 next_radius=2736.9069564708652 lambda=2.4551958324723421e-07 next_lambda=3.9283133319557474e-06 rho=0.091914370378302468 accept=0
CLASSICAL_LM o=117 lambda=2.4551958324723421e-07 tau=2.4551958324723421e-07 prediction=3709.2048543121214 rho=0.091914370378302468 accept=0
  MFCG it 118  retry 1/8  lam=3.928e-06 tau_eff=2.455e-07  (assembly reused)
PCG_PREP o=117 rebuild=1 drift=0 previous_depth=1
ATTR_RADIUS o=117 raw_norm=7427.9029256882013 norm=2736.9069564708652 radius=2736.9069564708652 next_radius=5473.8139129417305 lambda=3.9283133319557474e-06 next_lambda=9.8207833298893685e-07 rho=0.78549525266921083 accept=1
CLASSICAL_LM o=117 lambda=3.9283133319557474e-06 tau=3.9283133319557474e-06 prediction=4744.3569748252758 rho=0.78549525266921083 accept=1
  MFCG it 118 cost=1.752514e+06 lam=9.821e-07 tau=0.00e+00 cg_it=0 shift=0 ckpt=1 alpha=0 acc mv=1039
PCG_PREP o=118 rebuild=1 drift=0 previous_depth=1
ATTR_RADIUS o=118 raw_norm=41051.878665364522 norm=5473.8139129417305 radius=5473.8139129417305 next_radius=10947.627825883461 lambda=9.8207833298893685e-07 next_lambda=2.4551958324723421e-07 rho=0.77767253768906996 accept=1
CLASSICAL_LM o=118 lambda=9.8207833298893685e-07 tau=9.8207833298893685e-07 prediction=4016.1118469818675 rho=0.77767253768906996 accept=1
  MFCG it 119 cost=1.749391e+06 lam=2.455e-07 tau=0.00e+00 cg_it=4 shift=0 ckpt=5 alpha=0 acc mv=1045
PCG_PREP o=119 rebuild=1 drift=0 previous_depth=5
POINT_SAFE o=119 frozen=736 slope=-8371.8993796761497 candidate=1747664.5988246799 original=1746806.2090579176 current=1749390.5028219589 won=0 mode=1 camera_scale=1 keep_scale=0
ATTR_RADIUS o=119 raw_norm=54122.263467994628 norm=5473.8139129417286 radius=10947.627825883461 next_radius=10947.627825883461 lambda=2.4551958324723421e-07 next_lambda=2.4551958324723421e-07 rho=0.69276924615245794 accept=1
CLASSICAL_LM o=119 lambda=2.4551958324723421e-07 tau=2.4551958324723421e-07 prediction=3730.3817662144675 rho=0.69276924615245794 accept=1
  MFCG it 120 cost=1.746806e+06 lam=2.455e-07 tau=0.00e+00 cg_it=5 shift=0 ckpt=6 alpha=0 acc mv=1052
PCG_PREP o=120 rebuild=1 drift=0 previous_depth=6
ATTR_RADIUS o=120 raw_norm=52881.568695214373 norm=10947.627825883461 radius=10947.627825883461 next_radius=10947.627825883461 lambda=2.4551958324723421e-07 next_lambda=2.4551958324723421e-07 rho=0.33832268430194856 accept=1
CLASSICAL_LM o=120 lambda=2.4551958324723421e-07 tau=2.4551958324723421e-07 prediction=7227.7572247997459 rho=0.33832268430194856 accept=1
  MFCG it 121 cost=1.744361e+06 lam=2.455e-07 tau=0.00e+00 cg_it=5 shift=0 ckpt=6 alpha=0 acc mv=1059
PCG_PREP o=121 rebuild=1 drift=0 previous_depth=6
ATTR_RADIUS o=121 raw_norm=23757.393973637903 norm=10947.627825883461 radius=10947.627825883461 next_radius=10947.627825883461 lambda=2.4551958324723421e-07 next_lambda=2.4551958324723421e-07 rho=0.30510447369227034 accept=1
CLASSICAL_LM o=121 lambda=2.4551958324723421e-07 tau=2.4551958324723421e-07 prediction=7772.8007790805686 rho=0.30510447369227034 accept=1
  MFCG it 122 cost=1.741989e+06 lam=2.455e-07 tau=0.00e+00 cg_it=0 shift=0 ckpt=1 alpha=0 acc mv=1061
PCG_PREP o=122 rebuild=1 drift=0 previous_depth=1
POINT_SAFE o=122 frozen=333 slope=-10783.800260499658 candidate=1737696.2991316798 original=1737908.6265939733 current=1741989.3785413243 won=1 mode=1 camera_scale=1 keep_scale=0
ATTR_RADIUS o=122 raw_norm=16431.398219235558 norm=10947.627825883463 radius=10947.627825883461 next_radius=10947.627825883461 lambda=2.4551958324723421e-07 next_lambda=2.4551958324723421e-07 rho=0.64212813112333655 accept=1
CLASSICAL_LM o=122 lambda=2.4551958324723421e-07 tau=2.4551958324723421e-07 prediction=6685.7052378848066 rho=0.64212813112333655 accept=1
  MFCG it 123 cost=1.737696e+06 lam=2.455e-07 tau=0.00e+00 cg_it=0 shift=0 ckpt=1 alpha=0 acc mv=1063
PCG_PREP o=123 rebuild=1 drift=0 previous_depth=1
POINT_SAFE o=123 frozen=404 slope=-8014.0543822457203 candidate=15570211152.650864 original=1736289.3577157515 current=1737696.2991316798 won=0 mode=1 camera_scale=1 keep_scale=0
ATTR_RADIUS o=123 raw_norm=15740.301605907083 norm=2736.9069564708648 radius=10947.627825883461 next_radius=10947.627825883461 lambda=2.4551958324723421e-07 next_lambda=2.4551958324723421e-07 rho=0.77990125405962774 accept=1
CLASSICAL_LM o=123 lambda=2.4551958324723421e-07 tau=2.4551958324723421e-07 prediction=1803.9994276259181 rho=0.77990125405962774 accept=1
  MFCG it 124 cost=1.736289e+06 lam=2.455e-07 tau=0.00e+00 cg_it=0 shift=0 ckpt=1 alpha=0 acc mv=1065
PCG_PREP o=124 rebuild=1 drift=0 previous_depth=1
POINT_SAFE o=124 frozen=583 slope=-7905.6949589455126 candidate=1731983.6574946861 original=1733801.310329644 current=1736289.3577157515 won=1 mode=1 camera_scale=1 keep_scale=0
ATTR_RADIUS o=124 raw_norm=30888.680014245077 norm=10947.627825883455 radius=10947.627825883461 next_radius=21895.255651766922 lambda=2.4551958324723421e-07 next_lambda=2.4551958324723421e-07 rho=0.76296779162713935 accept=1
CLASSICAL_LM o=124 lambda=2.4551958324723421e-07 tau=2.4551958324723421e-07 prediction=5643.357777767922 rho=0.76296779162713935 accept=1
  MFCG it 125 cost=1.731984e+06 lam=2.455e-07 tau=0.00e+00 cg_it=2 shift=0 ckpt=3 alpha=0 acc mv=1069
PCG_PREP o=125 rebuild=1 drift=0 previous_depth=3
ATTR_RADIUS o=125 raw_norm=16062.590201414141 norm=16062.590201414141 radius=21895.255651766922 next_radius=21895.255651766922 lambda=2.4551958324723421e-07 next_lambda=2.4551958324723421e-07 rho=0.37793142404846669 accept=1
CLASSICAL_LM o=125 lambda=2.4551958324723421e-07 tau=2.4551958324723421e-07 prediction=4451.3009260810722 rho=0.37793142404846669 accept=1
  MFCG it 126 cost=1.730301e+06 lam=2.455e-07 tau=0.00e+00 cg_it=0 shift=0 ckpt=1 alpha=0 acc mv=1071
PCG_PREP o=126 rebuild=1 drift=0 previous_depth=1
POINT_SAFE o=126 frozen=1200 slope=-16544.242047580301 candidate=1895539.4008002696 original=1729243.6623452913 current=1730301.370996824 won=0 mode=1 camera_scale=1 keep_scale=0
ATTR_RADIUS o=126 raw_norm=56298.838079734589 norm=10947.627825883466 radius=21895.255651766922 next_radius=5473.8139129417305 lambda=2.4551958324723421e-07 next_lambda=3.9283133319557474e-06 rho=0.14905827253599896 accept=1
CLASSICAL_LM o=126 lambda=2.4551958324723421e-07 tau=2.4551958324723421e-07 prediction=7095.940624678884 rho=0.14905827253599896 accept=1
  MFCG it 127 cost=1.729244e+06 lam=3.928e-06 tau=0.00e+00 cg_it=6 shift=0 ckpt=7 alpha=0 acc mv=1079
PCG_PREP o=127 rebuild=1 drift=0 previous_depth=7
ATTR_RADIUS o=127 raw_norm=5145.7106707068824 norm=5145.7106707068824 radius=5473.8139129417305 next_radius=5473.8139129417305 lambda=3.9283133319557474e-06 next_lambda=3.9283133319557474e-06 rho=0.45526742644762985 accept=1
CLASSICAL_LM o=127 lambda=3.9283133319557474e-06 tau=3.9283133319557474e-06 prediction=8031.6471671722211 rho=0.45526742644762985 accept=1
  MFCG it 128 cost=1.725587e+06 lam=3.928e-06 tau=0.00e+00 cg_it=0 shift=0 ckpt=1 alpha=0 acc mv=1081
PCG_PREP o=128 rebuild=1 drift=0 previous_depth=1
POINT_SAFE o=128 frozen=112 slope=-10788.620618870948 candidate=1738439.2604561937 original=1723681.7793133908 current=1725587.1150093575 won=0 mode=1 camera_scale=1 keep_scale=0
ATTR_RADIUS o=128 raw_norm=4202.6934137427143 norm=1050.6733534356786 radius=5473.8139129417305 next_radius=5473.8139129417305 lambda=3.9283133319557474e-06 next_lambda=3.9283133319557474e-07 rho=0.806352018156692 accept=1
CLASSICAL_LM o=128 lambda=3.9283133319557474e-06 tau=3.9283133319557474e-06 prediction=2362.9080762049557 rho=0.806352018156692 accept=1
  MFCG it 129 cost=1.723682e+06 lam=3.928e-07 tau=0.00e+00 cg_it=0 shift=0 ckpt=1 alpha=0 acc mv=1083
PCG_PREP o=129 rebuild=1 drift=0 previous_depth=1
POINT_SAFE o=129 frozen=256 slope=-3260.5632582954386 candidate=1722704.0381359749 original=1723026.9102051749 current=1723681.7793133908 won=1 mode=1 camera_scale=1 keep_scale=0
ATTR_RADIUS o=129 raw_norm=40510.673089148338 norm=5473.8139129417314 radius=5473.8139129417305 next_radius=5473.8139129417305 lambda=3.9283133319557474e-07 next_lambda=3.9283133319557474e-07 rho=0.43246676930200856 accept=1
CLASSICAL_LM o=129 lambda=3.9283133319557474e-07 tau=3.9283133319557474e-07 prediction=2260.8469524583188 rho=0.43246676930200856 accept=1
  MFCG it 130 cost=1.722704e+06 lam=3.928e-07 tau=0.00e+00 cg_it=4 shift=0 ckpt=5 alpha=0 acc mv=1089
PCG_PREP o=130 rebuild=1 drift=0 previous_depth=5
POINT_SAFE o=130 frozen=170 slope=-2741.7900158136854 candidate=1721806.6367472168 original=1722365.2224733345 current=1722704.0381359749 won=1 mode=1 camera_scale=1 keep_scale=0
ATTR_RADIUS o=130 raw_norm=51226.439339906363 norm=5473.8139129417305 radius=5473.8139129417305 next_radius=5473.8139129417305 lambda=3.9283133319557474e-07 next_lambda=3.9283133319557474e-07 rho=0.59258980941352613 accept=1
CLASSICAL_LM o=130 lambda=3.9283133319557474e-07 tau=3.9283133319557474e-07 prediction=1514.3719559508365 rho=0.59258980941352613 accept=1
  MFCG it 131 cost=1.721807e+06 lam=3.928e-07 tau=0.00e+00 cg_it=8 shift=0 ckpt=9 alpha=0 acc mv=1099
PCG_PREP o=131 rebuild=1 drift=0 previous_depth=9
POINT_SAFE o=131 frozen=139 slope=-1543.2285221564789 candidate=1722045.2527467031 original=1718601.3722966048 current=1721806.6367472168 won=0 mode=1 camera_scale=1 keep_scale=0
ATTR_RADIUS o=131 raw_norm=33071.738058009243 norm=2736.9069564708652 radius=5473.8139129417305 next_radius=5473.8139129417305 lambda=3.9283133319557474e-07 next_lambda=2.4551958324723421e-07 rho=0.68451982911851295 accept=1
CLASSICAL_LM o=131 lambda=3.9283133319557474e-07 tau=3.9283133319557474e-07 prediction=4682.5005124242725 rho=0.68451982911851295 accept=1
  MFCG it 132 cost=1.718601e+06 lam=2.455e-07 tau=0.00e+00 cg_it=4 shift=0 ckpt=5 alpha=0 acc mv=1105
PCG_PREP o=132 rebuild=1 drift=0 previous_depth=5
POINT_SAFE o=132 frozen=151 slope=-2116.7171924373356 candidate=1717462.5530840852 original=1716267.2856745564 current=1718601.3722966048 won=0 mode=1 camera_scale=1 keep_scale=0
ATTR_RADIUS o=132 raw_norm=36121.043730183497 norm=1368.4534782354328 radius=5473.8139129417305 next_radius=5473.8139129417305 lambda=2.4551958324723421e-07 next_lambda=2.4551958324723421e-07 rho=1.4937707274930379 accept=1
CLASSICAL_LM o=132 lambda=2.4551958324723421e-07 tau=2.4551958324723421e-07 prediction=1562.5467677798506 rho=1.4937707274930379 accept=1
  MFCG it 133 cost=1.716267e+06 lam=2.455e-07 tau=0.00e+00 cg_it=4 shift=0 ckpt=5 alpha=0 acc mv=1111
PCG_PREP o=133 rebuild=1 drift=0 previous_depth=5
ATTR_RADIUS o=133 raw_norm=38340.590120473069 norm=5473.8139129417323 radius=5473.8139129417305 next_radius=5473.8139129417305 lambda=2.4551958324723421e-07 next_lambda=2.4551958324723421e-07 rho=0.44834033026327313 accept=1
CLASSICAL_LM o=133 lambda=2.4551958324723421e-07 tau=2.4551958324723421e-07 prediction=2181.2051385811437 rho=0.44834033026327313 accept=1
  MFCG it 134 cost=1.715289e+06 lam=2.455e-07 tau=0.00e+00 cg_it=4 shift=0 ckpt=5 alpha=0 acc mv=1117
PCG_PREP o=134 rebuild=1 drift=0 previous_depth=5
ATTR_RADIUS o=134 raw_norm=25472.331790759523 norm=5473.8139129417295 radius=5473.8139129417305 next_radius=10947.627825883461 lambda=2.4551958324723421e-07 next_lambda=2.4551958324723421e-07 rho=0.94180305658394969 accept=1
CLASSICAL_LM o=134 lambda=2.4551958324723421e-07 tau=2.4551958324723421e-07 prediction=1392.4071523834123 rho=0.94180305658394969 accept=1
  MFCG it 135 cost=1.713978e+06 lam=2.455e-07 tau=0.00e+00 cg_it=0 shift=0 ckpt=1 alpha=0 acc mv=1119
PCG_PREP o=135 rebuild=1 drift=0 previous_depth=1
POINT_SAFE o=135 frozen=369 slope=-4463.7357409013466 candidate=1715296.5815259733 original=1712517.630442718 current=1713977.9901302289 won=0 mode=1 camera_scale=1 keep_scale=0
ATTR_RADIUS o=135 raw_norm=50599.06027592082 norm=5473.8139129417314 radius=10947.627825883461 next_radius=10947.627825883461 lambda=2.4551958324723421e-07 next_lambda=2.4551958324723421e-07 rho=0.6855506441281336 accept=1
CLASSICAL_LM o=135 lambda=2.4551958324723421e-07 tau=2.4551958324723421e-07 prediction=2130.1995702565887 rho=0.6855506441281336 accept=1
  MFCG it 136 cost=1.712518e+06 lam=2.455e-07 tau=0.00e+00 cg_it=11 shift=0 ckpt=12 alpha=0 acc mv=1132
PCG_PREP o=136 rebuild=1 drift=0 previous_depth=12
ATTR_RADIUS o=136 raw_norm=22909.145030285232 norm=10947.627825883461 radius=10947.627825883461 next_radius=10947.627825883461 lambda=2.4551958324723421e-07 next_lambda=2.4551958324723421e-07 rho=0.44020331187841194 accept=1
CLASSICAL_LM o=136 lambda=2.4551958324723421e-07 tau=2.4551958324723421e-07 prediction=1292.529274233259 rho=0.44020331187841194 accept=1
  MFCG it 137 cost=1.711949e+06 lam=2.455e-07 tau=0.00e+00 cg_it=0 shift=0 ckpt=1 alpha=0 acc mv=1134
PCG_PREP o=137 rebuild=1 drift=0 previous_depth=1
POINT_SAFE o=137 frozen=361 slope=-5724.9696843063675 candidate=1713184.133060788 original=1710043.1112542145 current=1711948.6547755008 won=0 mode=1 camera_scale=1 keep_scale=0
ATTR_RADIUS o=137 raw_norm=60350.76360908163 norm=5473.8139129417305 radius=10947.627825883461 next_radius=10947.627825883461 lambda=2.4551958324723421e-07 next_lambda=2.4551958324723421e-07 rho=0.68976073809641592 accept=1
CLASSICAL_LM o=137 lambda=2.4551958324723421e-07 tau=2.4551958324723421e-07 prediction=2762.6152316890225 rho=0.68976073809641592 accept=1
  MFCG it 138 cost=1.710043e+06 lam=2.455e-07 tau=0.00e+00 cg_it=21 shift=0 ckpt=22 alpha=0 acc mv=1157
PCG_PREP o=138 rebuild=1 drift=0 previous_depth=22
POINT_SAFE o=138 frozen=277 slope=-4954.9013641440933 candidate=1713932.6862990612 original=1708926.8953784322 current=1710043.1112542145 won=0 mode=1 camera_scale=1 keep_scale=0
ATTR_RADIUS o=138 raw_norm=50438.695401914301 norm=5473.8139129417323 radius=10947.627825883461 next_radius=10947.627825883461 lambda=2.4551958324723421e-07 next_lambda=2.4551958324723421e-07 rho=0.48700955700337012 accept=1
CLASSICAL_LM o=138 lambda=2.4551958324723421e-07 tau=2.4551958324723421e-07 prediction=2291.9794072430927 rho=0.48700955700337012 accept=1
  MFCG it 139 cost=1.708927e+06 lam=2.455e-07 tau=0.00e+00 cg_it=11 shift=0 ckpt=12 alpha=0 acc mv=1170
PCG_PREP o=139 rebuild=1 drift=0 previous_depth=12
POINT_SAFE o=139 frozen=364 slope=-4842.8560697405701 candidate=1711569.2045726064 original=1708049.8022499413 current=1708926.8953784322 won=0 mode=1 camera_scale=1 keep_scale=0
ATTR_RADIUS o=139 raw_norm=31967.940230909371 norm=5473.8139129417295 radius=10947.627825883461 next_radius=10947.627825883461 lambda=2.4551958324723421e-07 next_lambda=2.4551958324723421e-07 rho=0.47161642604919995 accept=1
CLASSICAL_LM o=139 lambda=2.4551958324723421e-07 tau=2.4551958324723421e-07 prediction=1859.7594995545387 rho=0.47161642604919995 accept=1
  MFCG it 140 cost=1.708050e+06 lam=2.455e-07 tau=0.00e+00 cg_it=4 shift=0 ckpt=5 alpha=0 acc mv=1176
PCG_PREP o=140 rebuild=1 drift=0 previous_depth=5
ATTR_RADIUS o=140 raw_norm=15928.228075392593 norm=10947.627825883463 radius=10947.627825883461 next_radius=21895.255651766922 lambda=2.4551958324723421e-07 next_lambda=2.4551958324723421e-07 rho=0.86933804258057812 accept=1
CLASSICAL_LM o=140 lambda=2.4551958324723421e-07 tau=2.4551958324723421e-07 prediction=1818.9393841770952 rho=0.86933804258057812 accept=1
  MFCG it 141 cost=1.706469e+06 lam=2.455e-07 tau=0.00e+00 cg_it=0 shift=0 ckpt=1 alpha=0 acc mv=1178
PCG_PREP o=141 rebuild=1 drift=0 previous_depth=1
POINT_SAFE o=141 frozen=250 slope=-14775.396054612249 candidate=1735722.1793290754 original=1703194.4219728825 current=1706468.529046128 won=0 mode=1 camera_scale=1 keep_scale=0
ATTR_RADIUS o=141 raw_norm=81138.804530675203 norm=5473.8139129417277 radius=21895.255651766922 next_radius=21895.255651766922 lambda=2.4551958324723421e-07 next_lambda=2.4551958324723421e-07 rho=0.91017750894330895 accept=1
CLASSICAL_LM o=141 lambda=2.4551958324723421e-07 tau=2.4551958324723421e-07 prediction=3597.2181701641016 rho=0.91017750894330895 accept=1
  MFCG it 142 cost=1.703194e+06 lam=2.455e-07 tau=0.00e+00 cg_it=115 shift=0 ckpt=116 alpha=0 acc mv=1295
PCG_PREP o=142 rebuild=1 drift=0 previous_depth=116
POINT_SAFE o=142 frozen=205 slope=-10690.843365252111 candidate=1737836.4993929872 original=1701999.3469120504 current=1703194.4219728825 won=0 mode=1 camera_scale=1 keep_scale=0
ATTR_RADIUS o=142 raw_norm=72005.424170388462 norm=10947.627825883461 radius=21895.255651766922 next_radius=5473.8139129417305 lambda=2.4551958324723421e-07 next_lambda=3.9283133319557474e-06 rho=0.23567760413105329 accept=1
CLASSICAL_LM o=142 lambda=2.4551958324723421e-07 tau=2.4551958324723421e-07 prediction=5070.804522297909 rho=0.23567760413105329 accept=1
  MFCG it 143 cost=1.701999e+06 lam=3.928e-06 tau=0.00e+00 cg_it=49 shift=0 ckpt=50 alpha=0 acc mv=1346
PCG_PREP o=143 rebuild=1 drift=0 previous_depth=50
ATTR_RADIUS o=143 raw_norm=3131.4823756159567 norm=3131.4823756159567 radius=5473.8139129417305 next_radius=5473.8139129417305 lambda=3.9283133319557474e-06 next_lambda=3.9283133319557474e-07 rho=1.0015658538636503 accept=1
CLASSICAL_LM o=143 lambda=3.9283133319557474e-06 tau=3.9283133319557474e-06 prediction=4456.3431017691082 rho=1.0015658538636503 accept=1
  MFCG it 144 cost=1.697536e+06 lam=3.928e-07 tau=0.00e+00 cg_it=0 shift=0 ckpt=1 alpha=0 acc mv=1348
PCG_PREP o=144 rebuild=1 drift=0 previous_depth=1
ATTR_RADIUS o=144 raw_norm=62025.742017663462 norm=5473.8139129417295 radius=5473.8139129417305 next_radius=10947.627825883461 lambda=3.9283133319557474e-07 next_lambda=2.4551958324723421e-07 rho=0.85682676128860913 accept=1
CLASSICAL_LM o=144 lambda=3.9283133319557474e-07 tau=3.9283133319557474e-07 prediction=3626.8839531961212 rho=0.85682676128860913 accept=1
  MFCG it 145 cost=1.694428e+06 lam=2.455e-07 tau=0.00e+00 cg_it=103 shift=0 ckpt=104 alpha=0 acc mv=1453
PCG_PREP o=145 rebuild=1 drift=0 previous_depth=104
POINT_SAFE o=145 frozen=144 slope=-7691.8200100414379 candidate=1693713.0303927239 original=1691655.7217288734 current=1694428.414597031 won=0 mode=1 camera_scale=1 keep_scale=0
ATTR_RADIUS o=145 raw_norm=49253.220481359662 norm=5473.8139129417305 radius=10947.627825883461 next_radius=10947.627825883461 lambda=2.4551958324723421e-07 next_lambda=2.4551958324723421e-07 rho=0.78302085447536351 accept=1
CLASSICAL_LM o=145 lambda=2.4551958324723421e-07 tau=2.4551958324723421e-07 prediction=3541.0204623672139 rho=0.78302085447536351 accept=1
  MFCG it 146 cost=1.691656e+06 lam=2.455e-07 tau=0.00e+00 cg_it=71 shift=0 ckpt=72 alpha=0 acc mv=1526
PCG_PREP o=146 rebuild=1 drift=0 previous_depth=72
POINT_SAFE o=146 frozen=80 slope=-6041.3431873755235 candidate=1691028.7241645716 original=1689717.0232794192 current=1691655.7217288734 won=0 mode=1 camera_scale=1 keep_scale=0
ATTR_RADIUS o=146 raw_norm=51180.011185302508 norm=5473.8139129417286 radius=10947.627825883461 next_radius=10947.627825883461 lambda=2.4551958324723421e-07 next_lambda=2.4551958324723421e-07 rho=0.68339486677114225 accept=1
CLASSICAL_LM o=146 lambda=2.4551958324723421e-07 tau=2.4551958324723421e-07 prediction=2836.8642255305508 rho=0.68339486677114225 accept=1
  MFCG it 147 cost=1.689717e+06 lam=2.455e-07 tau=0.00e+00 cg_it=49 shift=0 ckpt=50 alpha=0 acc mv=1577
PCG_PREP o=147 rebuild=1 drift=0 previous_depth=50
POINT_SAFE o=147 frozen=296 slope=-3400.6674587888251 candidate=1693000.3165954784 original=1689112.2845747692 current=1689717.0232794192 won=0 mode=1 camera_scale=1 keep_scale=0
ATTR_RADIUS o=147 raw_norm=34935.067738609025 norm=5473.8139129417332 radius=10947.627825883461 next_radius=10947.627825883461 lambda=2.4551958324723421e-07 next_lambda=2.4551958324723421e-07 rho=0.45771009164821036 accept=1
CLASSICAL_LM o=147 lambda=2.4551958324723421e-07 tau=2.4551958324723421e-07 prediction=1321.2265049090465 rho=0.45771009164821036 accept=1
  MFCG it 148 cost=1.689112e+06 lam=2.455e-07 tau=0.00e+00 cg_it=4 shift=0 ckpt=5 alpha=0 acc mv=1583
PCG_PREP o=148 rebuild=1 drift=0 previous_depth=5
ATTR_RADIUS o=148 raw_norm=8896.7839423949717 norm=8896.7839423949717 radius=10947.627825883461 next_radius=21895.255651766922 lambda=2.4551958324723421e-07 next_lambda=2.4551958324723421e-07 rho=0.86443873232677348 accept=1
CLASSICAL_LM o=148 lambda=2.4551958324723421e-07 tau=2.4551958324723421e-07 prediction=1376.4784291375236 rho=0.86443873232677348 accept=1
  MFCG it 149 cost=1.687922e+06 lam=2.455e-07 tau=0.00e+00 cg_it=0 shift=0 ckpt=1 alpha=0 acc mv=1585
PCG_PREP o=149 rebuild=1 drift=0 previous_depth=1
POINT_SAFE o=149 frozen=509 slope=-2378.4479412238875 candidate=1747054.2549359964 original=1687818.7599376496 current=1687922.4033064104 won=0 mode=1 camera_scale=1 keep_scale=0
ATTR_RADIUS o=149 raw_norm=32587.78662743944 norm=5473.8139129417286 radius=21895.255651766922 next_radius=5473.8139129417305 lambda=2.4551958324723421e-07 next_lambda=3.9283133319557474e-06 rho=0.20076462806374545 accept=1
CLASSICAL_LM o=149 lambda=2.4551958324723421e-07 tau=2.4551958324723421e-07 prediction=516.24317371242398 rho=0.20076462806374545 accept=1
  MFCG it 150 cost=1.687819e+06 lam=3.928e-06 tau=0.00e+00 cg_it=3 shift=0 ckpt=4 alpha=0 acc mv=1590
PCG_PREP o=150 rebuild=1 drift=0 previous_depth=4
ATTR_RADIUS o=150 raw_norm=3014.3013798018742 norm=3014.3013798018737 radius=5473.8139129417305 next_radius=5473.8139129417305 lambda=3.9283133319557474e-06 next_lambda=3.9283133319557474e-07 rho=0.50717588663344049 accept=1
CLASSICAL_LM o=150 lambda=3.9283133319557474e-06 tau=3.9283133319557474e-06 prediction=775.33749034879952 rho=0.50717588663344049 accept=1
  MFCG it 151 cost=1.687426e+06 lam=3.928e-07 tau=0.00e+00 cg_it=0 shift=0 ckpt=1 alpha=0 acc mv=1592
PCG_PREP o=151 rebuild=1 drift=0 previous_depth=1
ATTR_RADIUS o=151 raw_norm=3175.952266430847 norm=3175.952266430847 radius=5473.8139129417305 next_radius=1368.4534782354326 lambda=3.9283133319557474e-07 next_lambda=6.2853013311291959e-06 rho=0.10307490761768309 accept=1
CLASSICAL_LM o=151 lambda=3.9283133319557474e-07 tau=3.9283133319557474e-07 prediction=593.70055444804689 rho=0.10307490761768309 accept=1
  MFCG it 152 cost=1.687364e+06 lam=6.285e-06 tau=0.00e+00 cg_it=0 shift=0 ckpt=1 alpha=0 acc mv=1594
PCG_PREP o=152 rebuild=1 drift=0 previous_depth=1
ATTR_RADIUS o=152 raw_norm=1664.2761942322702 norm=1368.4534782354335 radius=1368.4534782354326 next_radius=2736.9069564708652 lambda=6.2853013311291959e-06 next_lambda=1.571325332782299e-06 rho=0.97896994971917461 accept=1
CLASSICAL_LM o=152 lambda=6.2853013311291959e-06 tau=6.2853013311291959e-06 prediction=651.50327185099388 rho=0.97896994971917461 accept=1
  MFCG it 153 cost=1.686727e+06 lam=1.571e-06 tau=0.00e+00 cg_it=0 shift=0 ckpt=1 alpha=0 acc mv=1596
PCG_PREP o=153 rebuild=1 drift=0 previous_depth=1
POINT_SAFE o=153 frozen=9 slope=-1702.8148696446256 candidate=1685090.5963376311 original=1685876.3163917693 current=1686726.5297034536 won=1 mode=1 camera_scale=1 keep_scale=0
ATTR_RADIUS o=153 raw_norm=44311.216499779097 norm=2736.9069564708648 radius=2736.9069564708652 next_radius=5473.8139129417305 lambda=1.571325332782299e-06 next_lambda=3.9283133319557474e-07 rho=0.98972483423936308 accept=1
CLASSICAL_LM o=153 lambda=1.571325332782299e-06 tau=1.571325332782299e-06 prediction=1652.9173657441938 rho=0.98972483423936308 accept=1
  MFCG it 154 cost=1.685091e+06 lam=3.928e-07 tau=0.00e+00 cg_it=128 shift=0 ckpt=128 alpha=0 acc mv=1724
PCG_PREP o=154 rebuild=1 drift=0 previous_depth=128
POINT_SAFE o=154 frozen=17 slope=-2780.7063807051704 candidate=1683033.0081477603 original=1683752.8025614403 current=1685090.5963376311 won=1 mode=1 camera_scale=1 keep_scale=0
ATTR_RADIUS o=154 raw_norm=53459.445713115048 norm=5473.8139129417295 radius=5473.8139129417305 next_radius=10947.627825883461 lambda=3.9283133319557474e-07 next_lambda=2.4551958324723421e-07 rho=0.78388682578363722 accept=1
CLASSICAL_LM o=154 lambda=3.9283133319557474e-07 tau=3.9283133319557474e-07 prediction=2624.8536423786491 rho=0.78388682578363722 accept=1
  MFCG it 155 cost=1.683033e+06 lam=2.455e-07 tau=0.00e+00 cg_it=103 shift=0 ckpt=104 alpha=0 acc mv=1829
PCG_PREP o=155 rebuild=1 drift=0 previous_depth=104
POINT_SAFE o=155 frozen=63 slope=-4956.3545518078481 candidate=1682435.1428365845 original=1681360.4580312457 current=1683033.0081477603 won=0 mode=1 camera_scale=1 keep_scale=0
ATTR_RADIUS o=155 raw_norm=38503.641029581944 norm=5473.8139129417286 radius=10947.627825883461 next_radius=10947.627825883461 lambda=2.4551958324723421e-07 next_lambda=2.4551958324723421e-07 rho=0.7542759427816137 accept=1
CLASSICAL_LM o=155 lambda=2.4551958324723421e-07 tau=2.4551958324723421e-07 prediction=2217.4247137546708 rho=0.7542759427816137 accept=1
  MFCG it 156 cost=1.681360e+06 lam=2.455e-07 tau=0.00e+00 cg_it=56 shift=0 ckpt=57 alpha=0 acc mv=1887
PCG_PREP o=156 rebuild=1 drift=0 previous_depth=57
POINT_SAFE o=156 frozen=395 slope=-1701.6461794740785 candidate=1682527.8520597613 original=1680994.8991441557 current=1681360.4580312457 won=0 mode=1 camera_scale=1 keep_scale=0
ATTR_RADIUS o=156 raw_norm=22920.098036332423 norm=5473.8139129417332 radius=10947.627825883461 next_radius=10947.627825883461 lambda=2.4551958324723421e-07 next_lambda=2.4551958324723421e-07 rho=0.4179407178261616 accept=1
CLASSICAL_LM o=156 lambda=2.4551958324723421e-07 tau=2.4551958324723421e-07 prediction=874.66684029125634 rho=0.4179407178261616 accept=1
  MFCG it 157 cost=1.680995e+06 lam=2.455e-07 tau=0.00e+00 cg_it=2 shift=0 ckpt=3 alpha=0 acc mv=1891
PCG_PREP o=157 rebuild=1 drift=0 previous_depth=3
ATTR_RADIUS o=157 raw_norm=6477.9043938926525 norm=6477.9043938926525 radius=10947.627825883461 next_radius=2736.9069564708652 lambda=2.4551958324723421e-07 next_lambda=3.9283133319557474e-06 rho=0.22498239463940678 accept=1
CLASSICAL_LM o=157 lambda=2.4551958324723421e-07 tau=2.4551958324723421e-07 prediction=983.29002573931245 rho=0.22498239463940678 accept=1
  MFCG it 158 cost=1.680774e+06 lam=3.928e-06 tau=0.00e+00 cg_it=0 shift=0 ckpt=1 alpha=0 acc mv=1893
PCG_PREP o=158 rebuild=1 drift=0 previous_depth=1
POINT_SAFE o=158 frozen=141 slope=-1953.3933109305133 candidate=1752267.5888128628 original=1680597.2326978913 current=1680773.6761995398 won=0 mode=1 camera_scale=1 keep_scale=0
ATTR_RADIUS o=158 raw_norm=2507.0262635495828 norm=313.37828294369785 radius=2736.9069564708652 next_radius=2736.9069564708652 lambda=3.9283133319557474e-06 next_lambda=3.9283133319557474e-07 rho=0.76992769705870212 accept=1
CLASSICAL_LM o=158 lambda=3.9283133319557474e-06 tau=3.9283133319557474e-06 prediction=229.16892368276552 rho=0.76992769705870212 accept=1
  MFCG it 159 cost=1.680597e+06 lam=3.928e-07 tau=0.00e+00 cg_it=0 shift=0 ckpt=1 alpha=0 acc mv=1895
PCG_PREP o=159 rebuild=1 drift=0 previous_depth=1
ATTR_RADIUS o=159 raw_norm=15885.602056132724 norm=2736.9069564708648 radius=2736.9069564708652 next_radius=2736.9069564708652 lambda=3.9283133319557474e-07 next_lambda=3.9283133319557474e-07 rho=0.70913473821505035 accept=1
CLASSICAL_LM o=159 lambda=3.9283133319557474e-07 tau=3.9283133319557474e-07 prediction=776.63556908789576 rho=0.70913473821505035 accept=1
  MFCG it 160 cost=1.680046e+06 lam=3.928e-07 tau=0.00e+00 cg_it=2 shift=0 ckpt=3 alpha=0 acc mv=1899
PCG_PREP o=160 rebuild=1 drift=0 previous_depth=3
ATTR_RADIUS o=160 raw_norm=14756.496703483468 norm=2736.9069564708643 radius=2736.9069564708652 next_radius=2736.9069564708652 lambda=3.9283133319557474e-07 next_lambda=3.9283133319557474e-07 rho=0.74170179924937352 accept=1
CLASSICAL_LM o=160 lambda=3.9283133319557474e-07 tau=3.9283133319557474e-07 prediction=379.91317264632323 rho=0.74170179924937352 accept=1
  MFCG it 161 cost=1.679765e+06 lam=3.928e-07 tau=0.00e+00 cg_it=2 shift=0 ckpt=3 alpha=0 acc mv=1903
PCG_PREP o=161 rebuild=1 drift=0 previous_depth=3
ATTR_RADIUS o=161 raw_norm=13767.244766010212 norm=2736.9069564708657 radius=2736.9069564708652 next_radius=5473.8139129417305 lambda=3.9283133319557474e-07 next_lambda=2.4551958324723421e-07 rho=0.8878471176011199 accept=1
CLASSICAL_LM o=161 lambda=3.9283133319557474e-07 tau=3.9283133319557474e-07 prediction=257.06163598514956 rho=0.8878471176011199 accept=1
  MFCG it 162 cost=1.679536e+06 lam=2.455e-07 tau=0.00e+00 cg_it=2 shift=0 ckpt=3 alpha=0 acc mv=1907
PCG_PREP o=162 rebuild=1 drift=0 previous_depth=3
ATTR_RADIUS o=162 raw_norm=13519.101833852988 norm=5473.813912941735 radius=5473.8139129417305 next_radius=5473.8139129417305 lambda=2.4551958324723421e-07 next_lambda=2.4551958324723421e-07 rho=0.72948116688578102 accept=1
CLASSICAL_LM o=162 lambda=2.4551958324723421e-07 tau=2.4551958324723421e-07 prediction=289.8948091460046 rho=0.72948116688578102 accept=1
  MFCG it 163 cost=1.679325e+06 lam=2.455e-07 tau=0.00e+00 cg_it=2 shift=0 ckpt=3 alpha=0 acc mv=1911
PCG_PREP o=163 rebuild=1 drift=0 previous_depth=3
ATTR_RADIUS o=163 raw_norm=3579.6352554435398 norm=3579.6352554435398 radius=5473.8139129417305 next_radius=5473.8139129417305 lambda=2.4551958324723421e-07 next_lambda=2.4551958324723421e-07 rho=1.0000756200402858 accept=1
CLASSICAL_LM o=163 lambda=2.4551958324723421e-07 tau=2.4551958324723421e-07 prediction=191.68925352855325 rho=1.0000756200402858 accept=1
  MFCG it 164 cost=1.679133e+06 lam=2.455e-07 tau=0.00e+00 cg_it=0 shift=0 ckpt=1 alpha=0 acc mv=1913
PCG_PREP o=164 rebuild=1 drift=0 previous_depth=1
POINT_SAFE o=164 frozen=29 slope=-2286.9637474903479 candidate=1679518.0864312849 original=1678049.1776508435 current=1679133.3031679245 won=0 mode=1 camera_scale=1 keep_scale=0
ATTR_RADIUS o=164 raw_norm=48712.895255892741 norm=2736.9069564708652 radius=5473.8139129417305 next_radius=5473.8139129417305 lambda=2.4551958324723421e-07 next_lambda=2.4551958324723421e-07 rho=0.97503495817269925 accept=1
CLASSICAL_LM o=164 lambda=2.4551958324723421e-07 tau=2.4551958324723421e-07 prediction=1111.8837411868285 rho=0.97503495817269925 accept=1
  MFCG it 165 cost=1.678049e+06 lam=2.455e-07 tau=0.00e+00 cg_it=114 shift=0 ckpt=115 alpha=0 acc mv=2029
PCG_PREP o=165 rebuild=1 drift=0 previous_depth=115
ATTR_RADIUS o=165 raw_norm=44184.260687486101 norm=5473.8139129417305 radius=5473.8139129417305 next_radius=5473.8139129417305 lambda=2.4551958324723421e-07 next_lambda=2.4551958324723421e-07 rho=0.39954701803040205 accept=1
CLASSICAL_LM o=165 lambda=2.4551958324723421e-07 tau=2.4551958324723421e-07 prediction=2256.6706861308098 rho=0.39954701803040205 accept=1
  MFCG it 166 cost=1.677148e+06 lam=2.455e-07 tau=0.00e+00 cg_it=119 shift=0 ckpt=120 alpha=0 acc mv=2150
PCG_PREP o=166 rebuild=1 drift=0 previous_depth=120
POINT_SAFE o=166 frozen=6 slope=-4263.050446198682 candidate=1677976.9910699932 original=1676537.2950390992 current=1677147.5316075233 won=0 mode=1 camera_scale=1 keep_scale=0
ATTR_RADIUS o=166 raw_norm=27425.189654348491 norm=684.22673911771642 radius=5473.8139129417305 next_radius=5473.8139129417305 lambda=2.4551958324723421e-07 next_lambda=2.4551958324723421e-07 rho=1.1966188814400975 accept=1
CLASSICAL_LM o=166 lambda=2.4551958324723421e-07 tau=2.4551958324723421e-07 prediction=509.96735710015668 rho=1.1966188814400975 accept=1
  MFCG it 167 cost=1.676537e+06 lam=2.455e-07 tau=0.00e+00 cg_it=59 shift=0 ckpt=60 alpha=0 acc mv=2211
PCG_PREP o=167 rebuild=1 drift=0 previous_depth=60
ATTR_RADIUS o=167 raw_norm=21402.203462966274 norm=0 radius=5473.8139129417305 next_radius=1368.4534782354326 lambda=2.4551958324723421e-07 next_lambda=3.9283133319557474e-06 rho=0.072658251753838679 accept=0
CLASSICAL_LM o=167 lambda=2.4551958324723421e-07 tau=2.4551958324723421e-07 prediction=1499.403984547673 rho=0.072658251753838679 accept=0
  MFCG it 168  retry 1/8  lam=3.928e-06 tau_eff=2.455e-07  (assembly reused)
PCG_PREP o=167 rebuild=1 drift=0 previous_depth=18
POINT_SAFE o=167 frozen=5 slope=-1231.217126120574 candidate=1689331.6156430829 original=1675877.1256148051 current=1676537.2950390992 won=0 mode=1 camera_scale=1 keep_scale=0
ATTR_RADIUS o=167 raw_norm=10605.264061033213 norm=342.1133695588581 radius=1368.4534782354326 next_radius=1368.4534782354326 lambda=3.9283133319557474e-06 next_lambda=3.9283133319557474e-07 rho=1.1130737238210395 accept=1
CLASSICAL_LM o=167 lambda=3.9283133319557474e-06 tau=3.9283133319557474e-06 prediction=593.10485025893104 rho=1.1130737238210395 accept=1
  MFCG it 168 cost=1.675877e+06 lam=3.928e-07 tau=0.00e+00 cg_it=50 shift=0 ckpt=51 alpha=0 acc mv=2282
PCG_PREP o=168 rebuild=1 drift=0 previous_depth=51
POINT_SAFE o=168 frozen=17 slope=-639.88839316857116 candidate=1675497.2078564598 original=1675400.4805260014 current=1675877.1256148051 won=0 mode=1 camera_scale=1 keep_scale=0
ATTR_RADIUS o=168 raw_norm=18342.406599439109 norm=684.22673911771653 radius=1368.4534782354326 next_radius=1368.4534782354326 lambda=3.9283133319557474e-07 next_lambda=2.4551958324723421e-07 rho=1.0880531238505156 accept=1
CLASSICAL_LM o=168 lambda=3.9283133319557474e-07 tau=3.9283133319557474e-07 prediction=438.07152275517609 rho=1.0880531238505156 accept=1
  MFCG it 169 cost=1.675400e+06 lam=2.455e-07 tau=0.00e+00 cg_it=17 shift=0 ckpt=18 alpha=0 acc mv=2301
PCG_PREP o=169 rebuild=1 drift=0 previous_depth=18
ATTR_RADIUS o=169 raw_norm=28048.504924118664 norm=1368.4534782354326 radius=1368.4534782354326 next_radius=2736.9069564708652 lambda=2.4551958324723421e-07 next_lambda=2.4551958324723421e-07 rho=0.9640226314407111 accept=1
CLASSICAL_LM o=169 lambda=2.4551958324723421e-07 tau=2.4551958324723421e-07 prediction=414.44027274056373 rho=0.9640226314407111 accept=1
  MFCG it 170 cost=1.675001e+06 lam=2.455e-07 tau=0.00e+00 cg_it=59 shift=0 ckpt=60 alpha=0 acc mv=2362
PCG_PREP o=170 rebuild=1 drift=0 previous_depth=60
ATTR_RADIUS o=170 raw_norm=21421.910664018244 norm=2736.9069564708657 radius=2736.9069564708652 next_radius=5473.8139129417305 lambda=2.4551958324723421e-07 next_lambda=2.4551958324723421e-07 rho=0.91218670331063811 accept=1
CLASSICAL_LM o=170 lambda=2.4551958324723421e-07 tau=2.4551958324723421e-07 prediction=268.20349347942079 rho=0.91218670331063811 accept=1
  MFCG it 171 cost=1.674756e+06 lam=2.455e-07 tau=0.00e+00 cg_it=17 shift=0 ckpt=18 alpha=0 acc mv=2381
PCG_PREP o=171 rebuild=1 drift=0 previous_depth=18
ATTR_RADIUS o=171 raw_norm=18075.282578346625 norm=5473.8139129417314 radius=5473.8139129417305 next_radius=10947.627825883461 lambda=2.4551958324723421e-07 next_lambda=2.4551958324723421e-07 rho=0.77836512728357865 accept=1
CLASSICAL_LM o=171 lambda=2.4551958324723421e-07 tau=2.4551958324723421e-07 prediction=391.57689024801721 rho=0.77836512728357865 accept=1
  MFCG it 172 cost=1.674452e+06 lam=2.455e-07 tau=0.00e+00 cg_it=11 shift=0 ckpt=12 alpha=0 acc mv=2394
PCG_PREP o=172 rebuild=1 drift=0 previous_depth=12
POINT_SAFE o=172 frozen=607 slope=-350.63467033660999 candidate=1674276.5422082189 original=1674319.697762613 current=1674451.5092671465 won=1 mode=1 camera_scale=1 keep_scale=0
ATTR_RADIUS o=172 raw_norm=2739.3640979879538 norm=2739.3640979879538 radius=10947.627825883461 next_radius=10947.627825883461 lambda=2.4551958324723421e-07 next_lambda=2.4551958324723421e-07 rho=0.99028062525938643 accept=1
CLASSICAL_LM o=172 lambda=2.4551958324723421e-07 tau=2.4551958324723421e-07 prediction=176.6843200448254 rho=0.99028062525938643 accept=1
  MFCG it 173 cost=1.674277e+06 lam=2.455e-07 tau=0.00e+00 cg_it=0 shift=0 ckpt=1 alpha=0 acc mv=2396
PCG_PREP o=173 rebuild=1 drift=0 previous_depth=1
POINT_SAFE o=173 frozen=27 slope=-3715.1978964256659 candidate=1682445.4945029395 original=1673435.5496477215 current=1674276.5422082189 won=0 mode=1 camera_scale=1 keep_scale=0
ATTR_RADIUS o=173 raw_norm=42162.620651229132 norm=2736.9069564708648 radius=10947.627825883461 next_radius=10947.627825883461 lambda=2.4551958324723421e-07 next_lambda=2.4551958324723421e-07 rho=0.93433345565532 accept=1
CLASSICAL_LM o=173 lambda=2.4551958324723421e-07 tau=2.4551958324723421e-07 prediction=900.09894797958646 rho=0.93433345565532 accept=1
  MFCG it 174 cost=1.673436e+06 lam=2.455e-07 tau=0.00e+00 cg_it=113 shift=0 ckpt=114 alpha=0 acc mv=2511
PCG_PREP o=174 rebuild=1 drift=0 previous_depth=114
POINT_SAFE o=174 frozen=15 slope=-3819.6421307223463 candidate=1703391.0299758543 original=1673325.7564065417 current=1673435.5496477215 won=0 mode=1 camera_scale=1 keep_scale=0
ATTR_RADIUS o=174 raw_norm=40340.120064766801 norm=10947.627825883466 radius=10947.627825883461 next_radius=2736.9069564708652 lambda=2.4551958324723421e-07 next_lambda=3.9283133319557474e-06 rho=0.061815495504313846 accept=0
CLASSICAL_LM o=174 lambda=2.4551958324723421e-07 tau=2.4551958324723421e-07 prediction=1776.1443192203972 rho=0.061815495504313846 accept=0
  MFCG it 175  retry 1/8  lam=3.928e-06 tau_eff=2.455e-07  (assembly reused)
PCG_PREP o=174 rebuild=1 drift=0 previous_depth=126
ATTR_RADIUS o=174 raw_norm=19291.113192441779 norm=2736.9069564708652 radius=2736.9069564708652 next_radius=5473.8139129417305 lambda=3.9283133319557474e-06 next_lambda=9.8207833298893685e-07 rho=0.93904326660785664 accept=1
CLASSICAL_LM o=174 lambda=3.92831333[R9] wrote /tmp/prism-ba-coarse/research/eta2_phase_hybrid/evidence/large/final-3068-menu_feedback-7/curve.csv
19557474e-06 tau=3.9283133319557474e-06 prediction=1281.8471270883331 rho=0.93904326660785664 accept=1
TARGET reached outer=175 seconds=14.673924946 cost=1672231.8397342085 threshold=1672694.8052276426
  MFCG: accepts=175 rejects=14 total_matvecs=2747 negcurv=1 cand_evals=225 mean_cg_per_outer=15.7
PHASE_SUMMARY mode=3 sweeps=9 failures=0 products=761 seconds=2.29581116 open=0
NUMERIC_REPAIR summary rebuilds=1 floor=2.4551958324723421e-07
  [retry-cache] builds=190 reuses=0
  [menu-backtrack] trials=97 rescues=88 evals=564 total_scored=789
POINT_SAFE summary calls=97 evals=97 wins=45 frozen=28218 seconds=1.15643297
  [scoring] menu_evals=225 alpha_evals=0 backtrack_evals=564 total_scored=789
RESULT algo=mfree_shifted_cg iters=175 final_cost=1672231.8397342085 solve_seconds=14.682065
DIAGNOSTICS median_reproj_err_px 2.704502 -> 0.532137 | cheirality_violations(obs) 751 -> 797 | cheirality_violations(pts, of 310854) 725 -> 753
