[R10] --zero_k2: all k2 set to 0 at load
Loaded /workspace/bal/venice-52.txt: ncam=52 npt=64053 nobs=347173 n=192471
[R10] --dof9: refining f,k1 per camera (52 cameras)
  [menu-backtrack] active=1 max_evals=8 warmup_accepts=3 confirm_stop=original armijo=1e-4
MIXED_STORAGE fragments=fp32 arithmetic=fp64 state=fp64 acceptance=fp64
  [compact-fragments] active=2 saved_bytes=36105992 storage=fp32 camera_reads=contiguous
  MFCG score_init=11152062.77276247 precision=fp64
PHASE_SWEEP o=0 mode=2 valid=1 depth=1 qualified=1 raw=0.74416931136883979 clipped=0.73680129838499009 selected=0 center=0.10000000000000001 tau=0.10000000000000001 worst_res=0.28213836064841413 eta=0.5
ATTR_RADIUS o=0 raw_norm=1828.4761224883575 norm=1777.2895637079137 radius=1777.289563707913 next_radius=3554.579127415826 lambda=0.10000000000000001 next_lambda=0.025000000000000001 rho=1.0055291604872152 accept=1
CLASSICAL_LM o=0 lambda=0.10000000000000001 tau=0.10000000000000001 prediction=7552807.143541133 rho=1.0055291604872152 accept=1
  MFCG it   1 cost=3.557495e+06 lam=2.500e-02 tau=0.00e+00 cg_it=0 shift=0 ckpt=1 alpha=0 acc mv=6
PHASE_SWEEP o=1 mode=2 valid=1 depth=11 qualified=1 raw=0.94768699728777261 clipped=0.93435711619693596 selected=2 center=0.025000000000000001 tau=0.025000000000000001 worst_res=0.11502479926248116 eta=0.13251436238379316
ATTR_RADIUS o=1 raw_norm=3533.8612941138813 norm=3533.8612941138813 radius=3554.579127415826 next_radius=7109.1582548316519 lambda=0.025000000000000001 next_lambda=0.0062500000000000003 rho=0.99027132558386277 accept=1
CLASSICAL_LM o=1 lambda=0.025000000000000001 tau=0.025000000000000001 prediction=1937932.21539729 rho=0.99027132558386277 accept=1
  MFCG it   2 cost=1.638416e+06 lam=6.250e-03 tau=0.00e+00 cg_it=10 shift=0 ckpt=11 alpha=0 acc mv=22
PHASE_SWEEP o=2 mode=2 valid=1 depth=128 qualified=0 raw=0.99887395769958354 clipped=0.99285899230575103 selected=2 center=0.0062500000000000003 tau=0.0062500000000000003 worst_res=0.12856687833903965 eta=0.040033444495769614
ATTR_RADIUS o=2 raw_norm=5593.3677630373195 norm=5593.3677630373195 radius=7109.1582548316519 next_radius=7109.1582548316519 lambda=0.0062500000000000003 next_lambda=0.00062500000000000012 rho=0.99583979307156234 accept=1
CLASSICAL_LM o=2 lambda=0.0062500000000000003 tau=0.0062500000000000003 prediction=419450.49042273231 rho=0.99583979307156234 accept=1
  MFCG it   3 cost=1.220711e+06 lam=6.250e-04 tau=0.00e+00 cg_it=127 shift=0 ckpt=128 alpha=0 acc mv=155
PHASE_SWEEP o=3 mode=2 valid=1 depth=128 qualified=0 raw=0.99443286903494432 clipped=0.9518548277689971 selected=2 center=0.00062500000000000012 tau=0.00062500000000000012 worst_res=0.44550727554178238 eta=0.22532742532955713
ATTR_RADIUS o=3 raw_norm=21806.500288223946 norm=7109.158254831651 radius=7109.1582548316519 next_radius=14218.316509663304 lambda=0.00062500000000000012 next_lambda=0.00015625000000000003 rho=1.0060303055727946 accept=1
CLASSICAL_LM o=3 lambda=0.00062500000000000012 tau=0.00062500000000000012 prediction=225124.32477219481 rho=1.0060303055727946 accept=1
  MFCG it   4 cost=9.942289e+05 lam=1.563e-04 tau=0.00e+00 cg_it=127 shift=0 ckpt=128 alpha=0 acc mv=288
PHASE_SWEEP o=4 mode=2 valid=1 depth=121 qualified=1 raw=0.98013386622887677 clipped=0.91816055944079844 selected=3 center=0.00015625000000000003 tau=0.00015625000000000003 worst_res=0.43051195613650417 eta=0.5
ATTR_RADIUS o=4 raw_norm=10557.932107923629 norm=10557.932107923629 radius=14218.316509663304 next_radius=14218.316509663304 lambda=0.00015625000000000003 next_lambda=1.5625000000000004e-05 rho=1.0064854843635378 accept=1
CLASSICAL_LM o=4 lambda=0.00015625000000000003 tau=0.00015625000000000003 prediction=228940.46332150488 rho=1.0064854843635378 accept=1
  MFCG it   5 cost=7.638036e+05 lam=1.563e-05 tau=0.00e+00 cg_it=120 shift=0 ckpt=121 alpha=0 acc mv=414
PHASE_SWEEP o=5 mode=2 valid=1 depth=128 qualified=0 raw=0.86801954912937263 clipped=0.50146652717246298 selected=3 center=1.5625000000000004e-05 tau=1.5625000000000004e-05 worst_res=1.0422145825839624 eta=0.28541009400707479
ATTR_RADIUS o=5 raw_norm=34682.703599437336 norm=14218.316509663302 radius=14218.316509663304 next_radius=28436.633019326608 lambda=1.5625000000000004e-05 next_lambda=3.9062500000000009e-06 rho=1.0120427438704691 accept=1
CLASSICAL_LM o=5 lambda=1.5625000000000004e-05 tau=1.5625000000000004e-05 prediction=192552.89979651311 rho=1.0120427438704691 accept=1
  MFCG it   6 cost=5.689318e+05 lam=3.906e-06 tau=0.00e+00 cg_it=127 shift=0 ckpt=128 alpha=0 acc mv=547
PHASE_SWEEP o=6 mode=2 valid=1 depth=110 qualified=1 raw=0.61201507761536267 clipped=0.43022606042438261 selected=4 center=3.9062500000000009e-06 tau=3.9062500000000009e-06 worst_res=0.49512418111369783 eta=0.5
ATTR_RADIUS o=6 raw_norm=16644.04515489193 norm=16644.045154891934 radius=28436.633019326608 next_radius=28436.633019326608 lambda=3.9062500000000009e-06 next_lambda=3.9062500000000012e-07 rho=0.745464074784428 accept=1
CLASSICAL_LM o=6 lambda=3.9062500000000009e-06 tau=3.9062500000000009e-06 prediction=156217.67742099491 rho=0.745464074784428 accept=1
  MFCG it   7 cost=4.524772e+05 lam=3.906e-07 tau=0.00e+00 cg_it=109 shift=0 ckpt=110 alpha=0 acc mv=662
PHASE_SWEEP o=7 mode=2 valid=1 depth=1 qualified=1 raw=2.0436776129813432e-05 clipped=2.0436776129813432e-05 selected=-1 center=3.9062500000000012e-07 tau=3.9062500000000012e-07 worst_res=0.49638179935535554 eta=0.5
POINT_SAFE o=7 frozen=13 slope=-87513.510025552823 candidate=426052.14794119686 original=430808.13788472844 current=452477.175203336 won=1 mode=1 camera_scale=1 keep_scale=0
ATTR_RADIUS o=7 raw_norm=24.266997704522602 norm=24.267002614913007 radius=28436.633019326608 next_radius=28436.633019326608 lambda=3.9062500000000012e-07 next_lambda=3.9062500000000016e-08 rho=0.60378083831223173 accept=1
CLASSICAL_LM o=7 lambda=3.9062500000000012e-07 tau=3.9062500000000012e-07 prediction=43765.925622955961 rho=0.60378083831223173 accept=1
PHASE_HANDOVER outer=8 reason=opening_cap flat_streak=0 accepted=8
  MFCG it   8 cost=4.260521e+05 lam=3.906e-08 tau=0.00e+00 cg_it=0 shift=0 ckpt=1 alpha=0 acc mv=668
PCG_PREP o=8 rebuild=1 drift=0 previous_depth=0
POINT_SAFE o=8 frozen=464 slope=-140172.29718643986 candidate=368846.33376453357 original=389949.46168727137 current=426052.14794119686 won=1 mode=1 camera_scale=1 keep_scale=0
ATTR_RADIUS o=8 raw_norm=70998.10791113411 norm=28436.6330193266 radius=28436.633019326608 next_radius=28436.633019326608 lambda=3.9062500000000016e-08 next_lambda=3.9062500000000016e-08 rho=0.58992055839787927 accept=1
CLASSICAL_LM o=8 lambda=3.9062500000000016e-08 tau=3.9062500000000016e-08 prediction=96972.064055581053 rho=0.58992055839787927 accept=1
  MFCG it   9 cost=3.688463e+05 lam=3.906e-08 tau=0.00e+00 cg_it=11 shift=0 ckpt=12 alpha=0 acc mv=681
PCG_PREP o=9 rebuild=1 drift=0 previous_depth=12
POINT_SAFE o=9 frozen=417 slope=-113081.26162270292 candidate=329088.3732861692 original=358453.9727317174 current=368846.33376453357 won=1 mode=1 camera_scale=1 keep_scale=0
ATTR_RADIUS o=9 raw_norm=13773.223357553874 norm=13773.223357553874 radius=28436.633019326608 next_radius=28436.633019326608 lambda=3.9062500000000016e-08 next_lambda=3.9062500000000015e-09 rho=0.73063191600855137 accept=1
CLASSICAL_LM o=9 lambda=3.9062500000000016e-08 tau=3.9062500000000016e-08 prediction=54415.855107401359 rho=0.73063191600855137 accept=1
  MFCG it  10 cost=3.290884e+05 lam=3.906e-09 tau=0.00e+00 cg_it=0 shift=0 ckpt=1 alpha=0 acc mv=683
PCG_PREP o=10 rebuild=1 drift=0 previous_depth=1
POINT_SAFE o=10 frozen=86 slope=-50535.171487617728 candidate=355616.58311963524 original=321228.98423580779 current=329088.3732861692 won=0 mode=1 camera_scale=1 keep_scale=0
ATTR_RADIUS o=10 raw_norm=53037.425532113972 norm=3554.5791274158264 radius=28436.633019326608 next_radius=28436.633019326608 lambda=3.9062500000000015e-09 next_lambda=3.9062500000000019e-10 rho=0.83177645234526698 accept=1
CLASSICAL_LM o=10 lambda=3.9062500000000015e-09 tau=3.9062500000000015e-09 prediction=9448.9198728831161 rho=0.83177645234526698 accept=1
  MFCG it  11 cost=3.212290e+05 lam=3.906e-10 tau=0.00e+00 cg_it=1 shift=0 ckpt=2 alpha=0 acc mv=686
PCG_PREP o=11 rebuild=1 drift=0 previous_depth=2
POINT_SAFE o=11 frozen=94 slope=-51376.473366140977 candidate=347351.05661643983 original=320316.60856641456 current=321228.98423580779 won=0 mode=1 camera_scale=1 keep_scale=0
ATTR_RADIUS o=11 raw_norm=55866.032716584836 norm=28436.633019326597 radius=28436.633019326608 next_radius=7109.1582548316519 lambda=3.9062500000000019e-10 next_lambda=6.250000000000003e-09 rho=0.03440732882767715 accept=0
CLASSICAL_LM o=11 lambda=3.9062500000000019e-10 tau=3.9062500000000019e-10 prediction=26516.899174669747 rho=0.03440732882767715 accept=0
  MFCG it  12  retry 1/8  lam=6.250e-09 tau_eff=3.906e-10  (assembly reused)
PCG_PREP o=11 rebuild=1 drift=0 previous_depth=2
POINT_SAFE o=11 frozen=26 slope=-34953.285295271235 candidate=314318.24854655814 original=313953.55783499347 current=321228.98423580779 won=0 mode=1 camera_scale=1 keep_scale=0
ATTR_RADIUS o=11 raw_norm=55817.437860819715 norm=3554.579127415826 radius=7109.1582548316519 next_radius=7109.1582548316519 lambda=6.250000000000003e-09 next_lambda=6.2500000000000032e-10 rho=0.39492256633231704 accept=1
CLASSICAL_LM o=11 lambda=6.250000000000003e-09 tau=6.250000000000003e-09 prediction=18422.412445006346 rho=0.39492256633231704 accept=1
  MFCG it  12 cost=3.139536e+05 lam=6.250e-10 tau=0.00e+00 cg_it=1 shift=0 ckpt=2 alpha=0 acc mv=692
PCG_PREP o=12 rebuild=1 drift=0 previous_depth=2
ATTR_RADIUS o=12 raw_norm=54569.877759209718 norm=7109.1582548316528 radius=7109.1582548316519 next_radius=7109.1582548316519 lambda=6.2500000000000032e-10 next_lambda=6.2500000000000032e-10 rho=0.31443682582001359 accept=1
CLASSICAL_LM o=12 lambda=6.2500000000000032e-10 tau=6.2500000000000032e-10 prediction=19051.748917940538 rho=0.31443682582001359 accept=1
  MFCG it  13 cost=3.079630e+05 lam=6.250e-10 tau=0.00e+00 cg_it=1 shift=0 ckpt=2 alpha=0 acc mv=695
PCG_PREP o=13 rebuild=1 drift=0 previous_depth=2
ATTR_RADIUS o=13 raw_norm=13850.086868017843 norm=7109.1582548316528 radius=7109.1582548316519 next_radius=7109.1582548316519 lambda=6.2500000000000032e-10 next_lambda=6.2500000000000032e-10 rho=0.46461481091394979 accept=1
CLASSICAL_LM o=13 lambda=6.2500000000000032e-10 tau=6.2500000000000032e-10 prediction=16850.174863926892 rho=0.46461481091394979 accept=1
  MFCG it  14 cost=3.001341e+05 lam=6.250e-10 tau=0.00e+00 cg_it=0 shift=0 ckpt=1 alpha=0 acc mv=697
PCG_PREP o=14 rebuild=1 drift=0 previous_depth=1
ATTR_RADIUS o=14 raw_norm=15439.714084758354 norm=7109.1582548316537 radius=7109.1582548316519 next_radius=1777.289563707913 lambda=6.2500000000000032e-10 next_lambda=1.0000000000000005e-08 rho=0.24287831294984774 accept=1
CLASSICAL_LM o=14 lambda=6.2500000000000032e-10 tau=6.2500000000000032e-10 prediction=12391.734661152992 rho=0.24287831294984774 accept=1
  MFCG it  15 cost=2.971245e+05 lam=1.000e-08 tau=0.00e+00 cg_it=0 shift=0 ckpt=1 alpha=0 acc mv=699
PCG_PREP o=15 rebuild=1 drift=0 previous_depth=1
POINT_SAFE o=15 frozen=2 slope=-5285.5284391008654 candidate=294440.42800803919 original=296501.00154753966 current=297124.46196162299 won=1 mode=1 camera_scale=1 keep_scale=0
ATTR_RADIUS o=15 raw_norm=74808.021605688831 norm=1777.2895637079137 radius=1777.289563707913 next_radius=3554.579127415826 lambda=1.0000000000000005e-08 next_lambda=2.5000000000000013e-09 rho=0.88787112028914106 accept=1
CLASSICAL_LM o=15 lambda=1.0000000000000005e-08 tau=1.0000000000000005e-08 prediction=3022.9995009970885 rho=0.88787112028914106 accept=1
  MFCG it  16 cost=2.944404e+05 lam=2.500e-09 tau=0.00e+00 cg_it=1 shift=0 ckpt=2 alpha=0 acc mv=702
PCG_PREP o=16 rebuild=1 drift=0 previous_depth=2
POINT_SAFE o=16 frozen=1169 slope=-3277.8690125798771 candidate=292323.02796866186 original=294424.2390116023 current=294440.42800803919 won=1 mode=1 camera_scale=1 keep_scale=0
ATTR_RADIUS o=16 raw_norm=15816.226747347804 norm=3554.5791274158264 radius=3554.579127415826 next_radius=7109.1582548316519 lambda=2.5000000000000013e-09 next_lambda=6.2500000000000032e-10 rho=0.76696355170698527 accept=1
CLASSICAL_LM o=16 lambda=2.5000000000000013e-09 tau=2.5000000000000013e-09 prediction=2760.7570590085534 rho=0.76696355170698527 accept=1
  MFCG it  17 cost=2.923230e+05 lam=6.250e-10 tau=0.00e+00 cg_it=0 shift=0 ckpt=1 alpha=0 acc mv=704
PCG_PREP o=17 rebuild=1 drift=0 previous_depth=1
POINT_SAFE o=17 frozen=434 slope=-2816.9711464181041 candidate=291796.91093763441 original=290909.4778686816 current=292323.02796866186 won=0 mode=1 camera_scale=1 keep_scale=0
ATTR_RADIUS o=17 raw_norm=75225.100687626662 norm=444.32239092697819 radius=7109.1582548316519 next_radius=7109.1582548316519 lambda=6.2500000000000032e-10 next_lambda=6.250000000000003e-11 rho=1.7071341552353703 accept=1
CLASSICAL_LM o=17 lambda=6.2500000000000032e-10 tau=6.2500000000000032e-10 prediction=828.02519980356681 rho=1.7071341552353703 accept=1
  MFCG it  18 cost=2.909095e+05 lam=6.250e-11 tau=0.00e+00 cg_it=1 shift=0 ckpt=2 alpha=0 acc mv=707
PCG_PREP o=18 rebuild=1 drift=0 previous_depth=2
POINT_SAFE o=18 frozen=429 slope=-2782.4747974465567 candidate=290423.87804179644 original=290308.87322426651 current=290909.4778686816 won=0 mode=1 camera_scale=1 keep_scale=0
ATTR_RADIUS o=18 raw_norm=75508.636355274823 norm=3554.5791274158255 radius=7109.1582548316519 next_radius=1777.289563707913 lambda=6.250000000000003e-11 next_lambda=1.0000000000000005e-09 rho=0.1362493875422538 accept=1
CLASSICAL_LM o=18 lambda=6.250000000000003e-11 tau=6.250000000000003e-11 prediction=4408.1272969306019 rho=0.1362493875422538 accept=1
  MFCG it  19 cost=2.903089e+05 lam=1.000e-09 tau=0.00e+00 cg_it=1 shift=0 ckpt=2 alpha=0 acc mv=710
PCG_PREP o=19 rebuild=1 drift=0 previous_depth=2
ATTR_RADIUS o=19 raw_norm=16293.496867379425 norm=0 radius=1777.289563707913 next_radius=444.32239092697824 lambda=1.0000000000000005e-09 next_lambda=1.6000000000000008e-08 rho=0.062103886618350326 accept=0
CLASSICAL_LM o=19 lambda=1.0000000000000005e-09 tau=1.0000000000000005e-09 prediction=5471.9569584922947 rho=0.062103886618350326 accept=0
  MFCG it  20  retry 1/8  lam=1.600e-08 tau_eff=1.000e-09  (assembly reused)
PCG_PREP o=19 rebuild=1 drift=0 previous_depth=1
POINT_SAFE o=19 frozen=1 slope=-501.21566357255301 candidate=289939.71194981126 original=287439.74262821377 current=290308.87322426651 won=0 mode=1 camera_scale=1 keep_scale=0
ATTR_RADIUS o=19 raw_norm=16229.258128187115 norm=222.16119546348904 radius=444.32239092697824 next_radius=444.32239092697824 lambda=1.6000000000000008e-08 next_lambda=1.6000000000000009e-09 rho=0.84318134308724735 accept=1
CLASSICAL_LM o=19 lambda=1.6000000000000008e-08 tau=1.6000000000000008e-08 prediction=3402.7444031762197 rho=0.84318134308724735 accept=1
  MFCG it  20 cost=2.874397e+05 lam=1.600e-09 tau=0.00e+00 cg_it=0 shift=0 ckpt=1 alpha=0 acc mv=714
PCG_PREP o=20 rebuild=1 drift=0 previous_depth=1
ATTR_RADIUS o=20 raw_norm=71718.743131563737 norm=444.3223909269783 radius=444.32239092697824 next_radius=444.32239092697824 lambda=1.6000000000000009e-09 next_lambda=1.6000000000000009e-09 rho=0.57958878094307464 accept=1
CLASSICAL_LM o=20 lambda=1.6000000000000009e-09 tau=1.6000000000000009e-09 prediction=2277.699805899982 rho=0.57958878094307464 accept=1
  MFCG it  21 cost=2.861196e+05 lam=1.600e-09 tau=0.00e+00 cg_it=1 shift=0 ckpt=2 alpha=0 acc mv=717
PCG_PREP o=21 rebuild=1 drift=0 previous_depth=2
ATTR_RADIUS o=21 raw_norm=70530.034258418877 norm=444.32239092697819 radius=444.32239092697824 next_radius=444.32239092697824 lambda=1.6000000000000009e-09 next_lambda=1.6000000000000009e-09 rho=0.67892001798011914 accept=1
CLASSICAL_LM o=21 lambda=1.6000000000000009e-09 tau=1.6000000000000009e-09 prediction=1012.3972024153285 rho=0.67892001798011914 accept=1
  MFCG it  22 cost=2.854323e+05 lam=1.600e-09 tau=0.00e+00 cg_it=1 shift=0 ckpt=2 alpha=0 acc mv=720
PCG_PREP o=22 rebuild=1 drift=0 previous_depth=2
ATTR_RADIUS o=22 raw_norm=72882.185356682006 norm=444.32239092697813 radius=444.32239092697824 next_radius=888.64478185395649 lambda=1.6000000000000009e-09 next_lambda=4.0000000000000022e-10 rho=0.97018460343217572 accept=1
CLASSICAL_LM o=22 lambda=1.6000000000000009e-09 tau=1.6000000000000009e-09 prediction=339.35981765846429 rho=0.97018460343217572 accept=1
  MFCG it  23 cost=2.851030e+05 lam=4.000e-10 tau=0.00e+00 cg_it=1 shift=0 ckpt=2 alpha=0 acc mv=723
PCG_PREP o=23 rebuild=1 drift=0 previous_depth=2
ATTR_RADIUS o=23 raw_norm=73205.34663283563 norm=888.64478185395649 radius=888.64478185395649 next_radius=1777.289563707913 lambda=4.0000000000000022e-10 next_lambda=1.0000000000000006e-10 rho=0.8884041338982579 accept=1
CLASSICAL_LM o=23 lambda=4.0000000000000022e-10 tau=4.0000000000000022e-10 prediction=332.86022061378816 rho=0.8884041338982579 accept=1
  MFCG it  24 cost=2.848073e+05 lam=1.000e-10 tau=0.00e+00 cg_it=1 shift=0 ckpt=2 alpha=0 acc mv=726
PCG_PREP o=24 rebuild=1 drift=0 previous_depth=2
ATTR_RADIUS o=24 raw_norm=73202.615459276974 norm=1777.2895637079121 radius=1777.289563707913 next_radius=3554.579127415826 lambda=1.0000000000000006e-10 next_lambda=2.5000000000000014e-11 rho=0.77732549785527549 accept=1
CLASSICAL_LM o=24 lambda=1.0000000000000006e-10 tau=1.0000000000000006e-10 prediction=648.40304470165165 rho=0.77732549785527549 accept=1
  MFCG it  25 cost=2.843033e+05 lam=2.500e-11 tau=0.00e+00 cg_it=1 shift=0 ckpt=2 alpha=0 acc mv=729
PCG_PREP o=25 rebuild=1 drift=0 previous_depth=2
ATTR_RADIUS o=25 raw_norm=16301.054760587891 norm=3554.5791274158273 radius=3554.579127415826 next_radius=3554.579127415826 lambda=2.5000000000000014e-11 next_lambda=2.5000000000000014e-11 rho=0.72988318291690746 accept=1
CLASSICAL_LM o=25 lambda=2.5000000000000014e-11 tau=2.5000000000000014e-11 prediction=2142.1169148042659 rho=0.72988318291690746 accept=1
  MFCG it  26 cost=2.827398e+05 lam=2.500e-11 tau=0.00e+00 cg_it=0 shift=0 ckpt=1 alpha=0 acc mv=731
PCG_PREP o=26 rebuild=1 drift=0 previous_depth=1
ATTR_RADIUS o=26 raw_norm=77992.634114785877 norm=3554.5791274158255 radius=3554.579127415826 next_radius=3554.579127415826 lambda=2.5000000000000014e-11 next_lambda=2.5000000000000014e-11 rho=0.57416503024325782 accept=1
CLASSICAL_LM o=26 lambda=2.5000000000000014e-11 tau=2.5000000000000014e-11 prediction=1104.8752611833449 rho=0.57416503024325782 accept=1
  MFCG it  27 cost=2.821054e+05 lam=2.500e-11 tau=0.00e+00 cg_it=1 shift=0 ckpt=2 alpha=0 acc mv=734
PCG_PREP o=27 rebuild=1 drift=0 previous_depth=2
ATTR_RADIUS o=27 raw_norm=79680.450746877541 norm=3554.5791274158264 radius=3554.579127415826 next_radius=3554.579127415826 lambda=2.5000000000000014e-11 next_lambda=2.5000000000000014e-11 rho=0.49868686849846472 accept=1
CLASSICAL_LM o=27 lambda=2.5000000000000014e-11 tau=2.5000000000000014e-11 prediction=1058.3893666749632 rho=0.49868686849846472 accept=1
  MFCG it  28 cost=2.815776e+05 lam=2.500e-11 tau=0.00e+00 cg_it=1 shift=0 ckpt=2 alpha=0 acc mv=737
PCG_PREP o=28 rebuild=1 drift=0 previous_depth=2
ATTR_RADIUS o=28 raw_norm=15641.985907620785 norm=3554.5791274158255 radius=3554.579127415826 next_radius=3554.579127415826 lambda=2.5000000000000014e-11 next_lambda=2.5000000000000014e-11 rho=0.69230007822060435 accept=1
CLASSICAL_LM o=28 lambda=2.5000000000000014e-11 tau=2.5000000000000014e-11 prediction=1917.2502748346387 rho=0.69230007822060435 accept=1
  MFCG it  29 cost=2.802503e+05 lam=2.500e-11 tau=0.00e+00 cg_it=0 shift=0 ckpt=1 alpha=0 acc mv=739
PCG_PREP o=29 rebuild=1 drift=0 previous_depth=1
POINT_SAFE o=29 frozen=28 slope=-948.49157152494433 candidate=279814.3384556286 original=279916.82767104136 current=280250.30711797258 won=1 mode=1 camera_scale=1 keep_scale=0
ATTR_RADIUS o=29 raw_norm=85539.281049257101 norm=3554.579127415826 radius=3554.579127415826 next_radius=3554.579127415826 lambda=2.5000000000000014e-11 next_lambda=2.5000000000000014e-11 rho=0.48016324742720007 accept=1
CLASSICAL_LM o=29 lambda=2.5000000000000014e-11 tau=2.5000000000000014e-11 prediction=907.95925069229054 rho=0.48016324742720007 accept=1
  MFCG it  30 cost=2.798143e+05 lam=2.500e-11 tau=0.00e+00 cg_it=1 shift=0 ckpt=2 alpha=0 acc mv=742
PCG_PREP o=30 rebuild=1 drift=0 previous_depth=2
ATTR_RADIUS o=30 raw_norm=15833.189356773628 norm=3554.5791274158246 radius=3554.579127415826 next_radius=3554.579127415826 lambda=2.5000000000000014e-11 next_lambda=2.5000000000000014e-11 rho=0.65783053684538839 accept=1
CLASSICAL_LM o=30 lambda=2.5000000000000014e-11 tau=2.5000000000000014e-11 prediction=1626.5985236794311 rho=0.65783053684538839 accept=1
  MFCG it  31 cost=2.787443e+05 lam=2.500e-11 tau=0.00e+00 cg_it=0 shift=0 ckpt=1 alpha=0 acc mv=744
PCG_PREP o=31 rebuild=1 drift=0 previous_depth=1
POINT_SAFE o=31 frozen=31 slope=-826.85909950740074 candidate=278408.76613869471 original=278459.37708692468 current=278744.31227556465 won=1 mode=1 camera_scale=1 keep_scale=0
ATTR_RADIUS o=31 raw_norm=92676.905862152315 norm=3554.579127415826 radius=3554.579127415826 next_radius=3554.579127415826 lambda=2.5000000000000014e-11 next_lambda=2.5000000000000014e-11 rho=0.42611637403126151 accept=1
CLASSICAL_LM o=31 lambda=2.5000000000000014e-11 tau=2.5000000000000014e-11 prediction=787.45187305408638 rho=0.42611637403126151 accept=1
  MFCG it  32 cost=2.784088e+05 lam=2.500e-11 tau=0.00e+00 cg_it=1 shift=0 ckpt=2 alpha=0 acc mv=747
PCG_PREP o=32 rebuild=1 drift=0 previous_depth=2
ATTR_RADIUS o=32 raw_norm=16133.890103910519 norm=3554.5791274158255 radius=3554.579127415826 next_radius=3554.579127415826 lambda=2.5000000000000014e-11 next_lambda=2.5000000000000014e-11 rho=0.48908015164404672 accept=1
CLASSICAL_LM o=32 lambda=2.5000000000000014e-11 tau=2.5000000000000014e-11 prediction=1430.4388919579585 rho=0.48908015164404672 accept=1
  MFCG it  33 cost=2.777092e+05 lam=2.500e-11 tau=0.00e+00 cg_it=0 shift=0 ckpt=1 alpha=0 acc mv=749
PCG_PREP o=33 rebuild=1 drift=0 previous_depth=1
ATTR_RADIUS o=33 raw_norm=17230.355513476421 norm=3554.5791274158246 radius=3554.579127415826 next_radius=3554.579127415826 lambda=2.5000000000000014e-11 next_lambda=2.5000000000000014e-11 rho=0.3109950801593111 accept=1
CLASSICAL_LM o=33 lambda=2.5000000000000014e-11 tau=2.5000000000000014e-11 prediction=1387.2215726854502 rho=0.3109950801593111 accept=1
  MFCG it  34 cost=2.772777e+05 lam=2.500e-11 tau=0.00e+00 cg_it=0 shift=0 ckpt=1 alpha=0 acc mv=751
PCG_PREP o=34 rebuild=1 drift=0 previous_depth=1
ATTR_RADIUS o=34 raw_norm=108633.50232902152 norm=3554.5791274158255 radius=3554.579127415826 next_radius=888.64478185395649 lambda=2.5000000000000014e-11 next_lambda=4.0000000000000022e-10 rho=0.2022242471132176 accept=1
CLASSICAL_LM o=34 lambda=2.5000000000000014e-11 tau=2.5000000000000014e-11 prediction=1122.250070745833 rho=0.2022242471132176 accept=1
  MFCG it  35 cost=2.770508e+05 lam=4.000e-10 tau=0.00e+00 cg_it=1 shift=0 ckpt=2 alpha=0 acc mv=754
PCG_PREP o=35 rebuild=1 drift=0 previous_depth=2
ATTR_RADIUS o=35 raw_norm=17642.573442990441 norm=888.6447818539566 radius=888.64478185395649 next_radius=1777.289563707913 lambda=4.0000000000000022e-10 next_lambda=1.0000000000000006e-10 rho=0.84551128772808015 accept=1
CLASSICAL_LM o=35 lambda=4.0000000000000022e-10 tau=4.0000000000000022e-10 prediction=799.01357150414117 rho=0.84551128772808015 accept=1
  MFCG it  36 cost=2.763752e+05 lam=1.000e-10 tau=0.00e+00 cg_it=0 shift=0 ckpt=1 alpha=0 acc mv=756
PCG_PREP o=36 rebuild=1 drift=0 previous_depth=1
ATTR_RADIUS o=36 raw_norm=18315.607313612178 norm=1777.289563707913 radius=1777.289563707913 next_radius=1777.289563707913 lambda=1.0000000000000006e-10 next_lambda=1.0000000000000006e-10 rho=0.52702247485746123 accept=1
CLASSICAL_LM o=36 lambda=1.0000000000000006e-10 tau=1.0000000000000006e-10 prediction=612.1168459028496 rho=0.52702247485746123 accept=1
  MFCG it  37 cost=2.760526e+05 lam=1.000e-10 tau=0.00e+00 cg_it=0 shift=0 ckpt=1 alpha=0 acc mv=758
PCG_PREP o=37 rebuild=1 drift=0 previous_depth=1
POINT_SAFE o=37 frozen=21 slope=-270.6772750981396 candidate=275887.05705976149 original=275790.38548778801 current=276052.62727988866 won=0 mode=1 camera_scale=1 keep_scale=0
ATTR_RADIUS o=37 raw_norm=122052.62465010333 norm=888.64478185395637 radius=1777.289563707913 next_radius=1777.289563707913 lambda=1.0000000000000006e-10 next_lambda=1.0000000000000006e-11 rho=1.0315994040623033 accept=1
CLASSICAL_LM o=37 lambda=1.0000000000000006e-10 tau=1.0000000000000006e-10 prediction=254.20894105597822 rho=1.0315994040623033 accept=1
  MFCG it  38 cost=2.757904e+05 lam=1.000e-11 tau=0.00e+00 cg_it=1 shift=0 ckpt=2 alpha=0 acc mv=761
PCG_PREP o=38 rebuild=1 drift=0 previous_depth=2
ATTR_RADIUS o=38 raw_norm=124504.03844022455 norm=1777.2895637079132 radius=1777.289563707913 next_radius=1777.289563707913 lambda=1.0000000000000006e-11 next_lambda=1.0000000000000006e-11 rho=0.59498916069676067 accept=1
CLASSICAL_LM o=38 lambda=1.0000000000000006e-11 tau=1.0000000000000006e-11 prediction=261.11181286879736 rho=0.59498916069676067 accept=1
  MFCG it  39 cost=2.756350e+05 lam=1.000e-11 tau=0.00e+00 cg_it=1 shift=0 ckpt=2 alpha=0 acc mv=764
PCG_PREP o=39 rebuild=1 drift=0 previous_depth=2
ATTR_RADIUS o=39 raw_norm=129281.21061139418 norm=1777.289563707913 radius=1777.289563707913 next_radius=1777.289563707913 lambda=1.0000000000000006e-11 next_lambda=1.0000000000000006e-11 rho=0.56361133644941874 accept=1
CLASSICAL_LM o=39 lambda=1.0000000000000006e-11 tau=1.0000000000000006e-11 prediction=248.3834519233823 rho=0.56361133644941874 accept=1
  MFCG it  40 cost=2.754950e+05 lam=1.000e-11 tau=0.00e+00 cg_it=1 shift=0 ckpt=2 alpha=0 acc mv=767
PCG_PREP o=40 rebuild=1 drift=0 previous_depth=2
POINT_SAFE o=40 frozen=970 slope=-489.93976669113687 candidate=275153.42232536286 original=275290.89756747312 current=275495.03506011073 won=1 mode=1 camera_scale=1 keep_scale=0
ATTR_RADIUS o=40 raw_norm=19629.285820593585 norm=1777.2895637079127 radius=1777.289563707913 next_radius=1777.289563707913 lambda=1.0000000000000006e-11 next_lambda=1.0000000000000006e-11 rho=0.73911468688219895 accept=1
CLASSICAL_LM o=40 lambda=1.0000000000000006e-11 tau=1.0000000000000006e-11 prediction=462.19178269734834 rho=0.73911468688219895 accept=1
  MFCG it  41 cost=2.751534e+05 lam=1.000e-11 tau=0.00e+00 cg_it=0 shift=0 ckpt=1 alpha=0 acc mv=769
PCG_PREP o=41 rebuild=1 drift=0 previous_depth=1
ATTR_RADIUS o=41 raw_norm=139862.226771352 norm=1777.2895637079127 radius=1777.289563707913 next_radius=1777.289563707913 lambda=1.0000000000000006e-11 next_lambda=1.0000000000000006e-11 rho=0.52795328524011098 accept=1
CLASSICAL_LM o=41 lambda=1.0000000000000006e-11 tau=1.0000000000000006e-11 prediction=221.11462693081938 rho=0.52795328524011098 accept=1
  MFCG it  42 cost=2.750367e+05 lam=1.000e-11 tau=0.00e+00 cg_it=1 shift=0 ckpt=2 alpha=0 acc mv=772
PCG_PREP o=42 rebuild=1 drift=0 previous_depth=2
ATTR_RADIUS o=42 raw_norm=20900.299219072858 norm=1777.2895637079127 radius=1777.289563707913 next_radius=1777.289563707913 lambda=1.0000000000000006e-11 next_lambda=1.0000000000000006e-11 rho=0.71246482109404963 accept=1
CLASSICAL_LM o=42 lambda=1.0000000000000006e-11 tau=1.0000000000000006e-11 prediction=413.07162034203162 rho=0.71246482109404963 accept=1
  MFCG it  43 cost=2.747424e+05 lam=1.000e-11 tau=0.00e+00 cg_it=0 shift=0 ckpt=1 alpha=0 acc mv=774
PCG_PREP o=43 rebuild=1 drift=0 previous_depth=1
ATTR_RADIUS o=43 raw_norm=151459.76290325847 norm=1777.2895637079118 radius=1777.289563707913 next_radius=1777.289563707913 lambda=1.0000000000000006e-11 next_lambda=1.0000000000000006e-11 rho=0.5079137865190293 accept=1
CLASSICAL_LM o=43 lambda=1.0000000000000006e-11 tau=1.0000000000000006e-11 prediction=203.77617865492519 rho=0.5079137865190293 accept=1
  MFCG it  44 cost=2.746389e+05 lam=1.000e-11 tau=0.00e+00 cg_it=1 shift=0 ckpt=2 alpha=0 acc mv=777
PCG_PREP o=44 rebuild=1 drift=0 previous_depth=2
ATTR_RADIUS o=44 raw_norm=157721.47895135853 norm=1777.2895637079137 radius=1777.289563707913 next_radius=1777.289563707913 lambda=1.0000000000000006e-11 next_lambda=1.0000000000000006e-11 rho=0.47371822421469961 accept=1
CLASSICAL_LM o=44 lambda=1.0000000000000006e-11 tau=1.0000000000000006e-11 prediction=194.74791766103138 rho=0.47371822421469961 accept=1
  MFCG it  45 cost=2.745466e+05 lam=1.000e-11 tau=0.00e+00 cg_it=1 shift=0 ckpt=2 alpha=0 acc mv=780
PCG_PREP o=45 rebuild=1 drift=0 previous_depth=2
ATTR_RADIUS o=45 raw_norm=22525.50032318923 norm=1777.2895637079132 radius=1777.289563707913 next_radius=1777.289563707913 lambda=1.0000000000000006e-11 next_lambda=1.0000000000000006e-11 rho=0.68128210424551572 accept=1
CLASSICAL_LM o=45 lambda=1.0000000000000006e-11 tau=1.0000000000000006e-11 prediction=370.50520870925556 rho=0.68128210424551572 accept=1
  MFCG it  46 cost=2.742942e+05 lam=1.000e-11 tau=0.00e+00 cg_it=0 shift=0 ckpt=1 alpha=0 acc mv=782
PCG_PREP o=46 rebuild=1 drift=0 previous_depth=1
ATTR_RADIUS o=46 raw_norm=171296.06460409187 norm=1777.289563707913 radius=1777.289563707913 next_radius=1777.289563707913 lambda=1.0000000000000006e-11 next_lambda=1.0000000000000006e-11 rho=0.43054718905799494 accept=1
CLASSICAL_LM o=46 lambda=1.0000000000000006e-11 tau=1.0000000000000006e-11 prediction=177.17123802225623 rho=0.43054718905799494 accept=1
  MFCG it  47 cost=2.742179e+05 lam=1.000e-11 tau=0.00e+00 cg_it=1 shift=0 ckpt=2 alpha=0 acc mv=785
PCG_PREP o=47 rebuild=1 drift=0 previous_depth=2
ATTR_RADIUS o=47 raw_norm=24075.31523398585 norm=1777.2895637079134 radius=1777.289563707913 next_radius=1777.289563707913 lambda=1.0000000000000006e-11 next_lambda=1.0000000000000006e-11 rho=0.64466448260266807 accept=1
CLASSICAL_LM o=47 lambda=1.0000000000000006e-11 tau=1.0000000000000006e-11 prediction=336.12329844730914 rho=0.64466448260266807 accept=1
  MFCG it  48 cost=2.740012e+05 lam=1.000e-11 tau=0.00e+00 cg_it=0 shift=0 ckpt=1 alpha=0 acc mv=787
PCG_PREP o=48 rebuild=1 drift=0 previous_depth=1
POINT_SAFE o=48 frozen=35 slope=-171.82520227929209 candidate=273940.99394974124 original=273945.52274614305 current=274001.24286632717 won=1 mode=1 camera_scale=1 keep_scale=0
ATTR_RADIUS o=48 raw_norm=186044.90220468715 norm=1777.2895637079134 radius=1777.289563707913 next_radius=1777.289563707913 lambda=1.0000000000000006e-11 next_lambda=1.0000000000000006e-11 rho=0.36786867755490005 accept=1
CLASSICAL_LM o=48 lambda=1.0000000000000006e-11 tau=1.0000000000000006e-11 prediction=163.7783270551439 rho=0.36786867755490005 accept=1
  MFCG it  49 cost=2.739410e+05 lam=1.000e-11 tau=0.00e+00 cg_it=1 shift=0 ckpt=2 alpha=0 acc mv=790
PCG_PREP o=49 rebuild=1 drift=0 previous_depth=2
ATTR_RADIUS o=49 raw_norm=25738.514583301163 norm=1777.2895637079132 radius=1777.289563707913 next_radius=1777.289563707913 lambda=1.0000000000000006e-11 next_lambda=1.0000000000000006e-11 rho=0.59187848734667736 accept=1
CLASSICAL_LM o=49 lambda=1.0000000000000006e-11 tau=1.0000000000000006e-11 prediction=312.78748908704614 rho=0.59187848734667736 accept=1
  MFCG it  50 cost=2.737559e+05 lam=1.000e-11 tau=0.00e+00 cg_it=0 shift=0 ckpt=1 alpha=0 acc mv=792
PCG_PREP o=50 rebuild=1 drift=0 previous_depth=1
POINT_SAFE o=50 frozen=41 slope=-143.66493229623825 candidate=273710.09941797168 original=273711.54999524809 current=273755.86176383944 won=1 mode=1 camera_scale=1 keep_scale=0
ATTR_RADIUS o=50 raw_norm=202055.0400625171 norm=1777.2895637079125 radius=1777.289563707913 next_radius=1777.289563707913 lambda=1.0000000000000006e-11 next_lambda=1.0000000000000006e-11 rho=0.32187978842077514 accept=1
CLASSICAL_LM o=50 lambda=1.0000000000000006e-11 tau=1.0000000000000006e-11 prediction=142.17216337899677 rho=0.32187978842077514 accept=1
  MFCG it  51 cost=2.737101e+05 lam=1.000e-11 tau=0.00e+00 cg_it=1 shift=0 ckpt=2 alpha=0 acc mv=795
PCG_PREP o=51 rebuild=1 drift=0 previous_depth=2
ATTR_RADIUS o=51 raw_norm=27518.147410984177 norm=1777.289563707913 radius=1777.289563707913 next_radius=1777.289563707913 lambda=1.0000000000000006e-11 next_lambda=1.0000000000000006e-11 rho=0.60332453365144856 accept=1
CLASSICAL_LM o=51 lambda=1.0000000000000006e-11 tau=1.0000000000000006e-11 prediction=299.22642694633197 rho=0.60332453365144856 accept=1
  MFCG it  52 cost=2.735296e+05 lam=1.000e-11 tau=0.00e+00 cg_it=0 shift=0 ckpt=1 alpha=0 acc mv=797
PCG_PREP o=52 rebuild=1 drift=0 previous_depth=1
ATTR_RADIUS o=52 raw_norm=219267.49404689326 norm=1777.2895637079134 radius=1777.289563707913 next_radius=1777.289563707913 lambda=1.0000000000000006e-11 next_lambda=1.0000000000000006e-11 rho=0.29166986181504323 accept=1
CLASSICAL_LM o=52 lambda=1.0000000000000006e-11 tau=1.0000000000000006e-11 prediction=141.1942549133656 rho=0.29166986181504323 accept=1
  MFCG it  53 cost=2.734884e+05 lam=1.000e-11 tau=0.00e+00 cg_it=1 shift=0 ckpt=2 alpha=0 acc mv=800
PCG_PREP o=53 rebuild=1 drift=0 previous_depth=2
ATTR_RADIUS o=53 raw_norm=29418.674562112723 norm=1777.289563707913 radius=1777.289563707913 next_radius=1777.289563707913 lambda=1.0000000000000006e-11 next_lambda=1.0000000000000006e-11 rho=0.568535483858021 accept=1
CLASSICAL_LM o=53 lambda=1.0000000000000006e-11 tau=1.0000000000000006e-11 prediction=262.28738263880001 rho=0.568535483858021 accept=1
  MFCG it  54 cost=2.733393e+05 lam=1.000e-11 tau=0.00e+00 cg_it=0 shift=0 ckpt=1 alpha=0 acc mv=802
PCG_PREP o=54 rebuild=1 drift=0 previous_depth=1
ATTR_RADIUS o=54 raw_norm=30862.434052194934 norm=1777.2895637079134 radius=1777.289563707913 next_radius=1777.289563707913 lambda=1.0000000000000006e-11 next_lambda=1.0000000000000006e-11 rho=0.50233733031978201 accept=1
CLASSICAL_LM o=54 lambda=1.0000000000000006e-11 tau=1.0000000000000006e-11 prediction=245.10767989430602 rho=0.50233733031978201 accept=1
  MFCG it  55 cost=2.732161e+05 lam=1.000e-11 tau=0.00e+00 cg_it=0 shift=0 ckpt=1 alpha=0 acc mv=804
PCG_PREP o=55 rebuild=1 drift=0 previous_depth=1
ATTR_RADIUS o=55 raw_norm=247061.13551559648 norm=0 radius=1777.289563707913 next_radius=444.32239092697824 lambda=1.0000000000000006e-11 next_lambda=1.6000000000000009e-10 rho=0.069074494701313841 accept=0
CLASSICAL_LM o=55 lambda=1.0000000000000006e-11 tau=1.0000000000000006e-11 prediction=131.71471711060437 rho=0.069074494701313841 accept=0
  MFCG it  56  retry 1/8  lam=1.600e-10 tau_eff=1.000e-11  (assembly reused)
PCG_PREP o=55 rebuild=1 drift=0 previous_depth=2
ATTR_RADIUS o=55 raw_norm=246231.64148604451 norm=444.32239092697813 radius=444.32239092697824 next_radius=888.64478185395649 lambda=1.6000000000000009e-10 next_lambda=4.0000000000000023e-11 rho=0.81113134720037061 accept=1
CLASSICAL_LM o=55 lambda=1.6000000000000009e-10 tau=1.6000000000000009e-10 prediction=47.066403800372242 rho=0.81113134720037061 accept=1
  MFCG it  56 cost=2.731780e+05 lam=4.000e-11 tau=0.00e+00 cg_it=1 shift=0 ckpt=2 alpha=0 acc mv=810
PCG_PREP o=56 rebuild=1 drift=0 previous_depth=2
ATTR_RADIUS o=56 raw_norm=249214.9380599237 norm=888.64478185395615 radius=888.64478185395649 next_radius=888.64478185395649 lambda=4.0000000000000023e-11 next_lambda=4.0000000000000023e-11 rho=0.57374922874086565 accept=1
CLASSICAL_LM o=56 lambda=4.0000000000000023e-11 tau=4.0000000000000023e-11 prediction=58.677438951898381 rho=0.57374922874086565 accept=1
  MFCG it  57 cost=2.731443e+05 lam=4.000e-11 tau=0.00e+00 cg_it=1 shift=0 ckpt=2 alpha=0 acc mv=813
PCG_PREP o=57 rebuild=1 drift=0 previous_depth=2
ATTR_RADIUS o=57 raw_norm=33101.721932818917 norm=888.64478185395637 radius=888.64478185395649 next_radius=1777.289563707913 lambda=4.0000000000000023e-11 next_lambda=1.0000000000000006e-11 rho=0.75561695553184427 accept=1
CLASSICAL_LM o=57 lambda=4.0000000000000023e-11 tau=4.0000000000000023e-11 prediction=111.19291844705846 rho=0.75561695553184427 accept=1
  MFCG it  58 cost=2.730603e+05 lam=1.000e-11 tau=0.00e+00 cg_it=0 shift=0 ckpt=1 alpha=0 acc mv=815
PCG_PREP o=58 rebuild=1 drift=0 previous_depth=1
ATTR_RADIUS o=58 raw_norm=260255.41610811322 norm=1777.2895637079132 radius=1777.289563707913 next_radius=444.32239092697824 lambda=1.0000000000000006e-11 next_lambda=1.6000000000000009e-10 rho=0.12008762179085665 accept=1
CLASSICAL_LM o=58 lambda=1.0000000000000006e-11 tau=1.0000000000000006e-11 prediction=106.41269546655724 rho=0.12008762179085665 accept=1
  MFCG it  59 cost=2.730475e+05 lam=1.600e-10 tau=0.00e+00 cg_it=1 shift=0 ckpt=2 alpha=0 acc mv=818
PCG_PREP o=59 rebuild=1 drift=0 previous_depth=2
ATTR_RADIUS o=59 raw_norm=34613.956077558796 norm=444.32239092697824 radius=444.32239092697824 next_radius=888.64478185395649 lambda=1.6000000000000009e-10 next_lambda=4.0000000000000023e-11 rho=0.86792267599651585 accept=1
CLASSICAL_LM o=59 lambda=1.6000000000000009e-10 tau=1.6000000000000009e-10 prediction=54.041532042307217 rho=0.86792267599651585 accept=1
  MFCG it  60 cost=2.730006e+05 lam=4.000e-11 tau=0.00e+00 cg_it=0 shift=0 ckpt=1 alpha=0 acc mv=820
PCG_PREP o=60 rebuild=1 drift=0 previous_depth=1
ATTR_RADIUS o=60 raw_norm=35244.0653816263 norm=888.6447818539566 radius=888.64478185395649 next_radius=888.64478185395649 lambda=4.0000000000000023e-11 next_lambda=4.0000000000000023e-11 rho=0.73723726169883275 accept=1
CLASSICAL_LM o=60 lambda=4.0000000000000023e-11 tau=4.0000000000000023e-11 prediction=103.21397036628149 rho=0.73723726169883275 accept=1
  MFCG it  61 cost=2.729245e+05 lam=4.000e-11 tau=0.00e+00 cg_it=0 shift=0 ckpt=1 alpha=0 acc mv=822
PCG_PREP o=61 rebuild=1 drift=0 previous_depth=1
ATTR_RADIUS o=61 raw_norm=278500.7150040784 norm=888.64478185395626 radius=888.64478185395649 next_radius=888.64478185395649 lambda=4.0000000000000023e-11 next_lambda=4.0000000000000023e-11 rho=0.50799334256213291 accept=1
CLASSICAL_LM o=61 lambda=4.0000000000000023e-11 tau=4.0000000000000023e-11 prediction=49.400859035554198 rho=0.50799334256213291 accept=1
  MFCG it  62 cost=2.728994e+05 lam=4.000e-11 tau=0.00e+00 cg_it=1 shift=0 ckpt=2 alpha=0 acc mv=825
PCG_PREP o=62 rebuild=1 drift=0 previous_depth=2
ATTR_RADIUS o=62 raw_norm=36781.530545046895 norm=888.6447818539566 radius=888.64478185395649 next_radius=888.64478185395649 lambda=4.0000000000000023e-11 next_lambda=4.0000000000000023e-11 rho=0.72644485092859368 accept=1
CLASSICAL_LM o=62 lambda=4.0000000000000023e-11 tau=4.0000000000000023e-11 prediction=97.505495411878599 rho=0.72644485092859368 accept=1
  MFCG it  63 cost=2.728286e+05 lam=4.000e-11 tau=0.00e+00 cg_it=0 shift=0 ckpt=1 alpha=0 acc mv=827
PCG_PREP o=63 rebuild=1 drift=0 previous_depth=1
ATTR_RADIUS o=63 raw_norm=289683.95937572286 norm=888.64478185395649 radius=888.64478185395649 next_radius=888.64478185395649 lambda=4.0000000000000023e-11 next_lambda=4.0000000000000023e-11 rho=0.48999831265989591 accept=1
CLASSICAL_LM o=63 lambda=4.0000000000000023e-11 tau=4.0000000000000023e-11 prediction=47.166825816118418 rho=0.48999831265989591 accept=1
  MFCG it  64 cost=2.728055e+05 lam=4.000e-11 tau=0.00e+00 cg_it=1 shift=0 ckpt=2 alpha=0 acc mv=830
PCG_PREP o=64 rebuild=1 drift=0 previous_depth=2
ATTR_RADIUS o=64 raw_norm=38366.74197547519 norm=888.64478185395683 radius=888.64478185395649 next_radius=888.64478185395649 lambda=4.0000000000000023e-11 next_lambda=4.0000000000000023e-11 rho=0.71507501214837876 accept=1
CLASSICAL_LM o=64 lambda=4.0000000000000023e-11 tau=4.0000000000000023e-11 prediction=92.298447810635338 rho=0.71507501214837876 accept=1
  MFCG it  65 cost=2.727395e+05 lam=4.000e-11 tau=0.00e+00 cg_it=0 shift=0 ckpt=1 alpha=0 acc mv=832
PCG_PREP o=65 rebuild=1 drift=0 previous_depth=1
ATTR_RADIUS o=65 raw_norm=300967.7504000286 norm=888.64478185395717 radius=888.64478185395649 next_radius=888.64478185395649 lambda=4.0000000000000023e-11 next_lambda=4.0000000000000023e-11 rho=0.47123000434970019 accept=1
CLASSICAL_LM o=65 lambda=4.0000000000000023e-11 tau=4.0000000000000023e-11 prediction=45.098137957450298 rho=0.47123000434970019 accept=1
  MFCG it  66 cost=2.727182e+05 lam=4.000e-11 tau=0.00e+00 cg_it=1 shift=0 ckpt=2 alpha=0 acc mv=835
PCG_PREP o=66 rebuild=1 drift=0 previous_depth=2
ATTR_RADIUS o=66 raw_norm=39991.437588561079 norm=888.64478185395683 radius=888.64478185395649 next_radius=888.64478185395649 lambda=4.0000000000000023e-11 next_lambda=4.0000000000000023e-11 rho=0.70329637462385053 accept=1
CLASSICAL_LM o=66 lambda=4.0000000000000023e-11 tau=4.0000000000000023e-11 prediction=87.559174418645881 rho=0.70329637462385053 accept=1
  MFCG it  67 cost=2.726566e+05 lam=4.000e-11 tau=0.00e+00 cg_it=0 shift=0 ckpt=1 alpha=0 acc mv=837
PCG_PREP o=67 rebuild=1 drift=0 previous_depth=1
ATTR_RADIUS o=67 raw_norm=312292.57535759237 norm=888.64478185395626 radius=888.64478185395649 next_radius=888.64478185395649 lambda=4.0000000000000023e-11 next_lambda=4.0000000000000023e-11 rho=0.45173223438089999 accept=1
CLASSICAL_LM o=67 lambda=4.0000000000000023e-11 tau=4.0000000000000023e-11 prediction=43.184383831519398 rho=0.45173223438089999 accept=1
  MFCG it  68 cost=2.726371e+05 lam=4.000e-11 tau=0.00e+00 cg_it=1 shift=0 ckpt=2 alpha=0 acc mv=840
PCG_PREP o=68 rebuild=1 drift=0 previous_depth=2
ATTR_RADIUS o=68 raw_norm=317938.16386901389 norm=888.64478185395672 radius=888.64478185395649 next_radius=888.64478185395649 lambda=4.0000000000000023e-11 next_lambda=4.0000000000000023e-11 rho=0.43519111818460388 accept=1
CLASSICAL_LM o=68 lambda=4.0000000000000023e-11 tau=4.0000000000000023e-11 prediction=42.350284581207667 rho=0.43519111818460388 accept=1
  MFCG it  69 cost=2.726187e+05 lam=4.000e-11 tau=0.00e+00 cg_it=1 shift=0 ckpt=2 alpha=0 acc mv=843
PCG_PREP o=69 rebuild=1 drift=0 previous_depth=2
ATTR_RADIUS o=69 raw_norm=42252.894680573503 norm=888.6447818539566 radius=888.64478185395649 next_radius=888.64478185395649 lambda=4.0000000000000023e-11 next_lambda=4.0000000000000023e-11 rho=0.68521875770998963 accept=1
CLASSICAL_LM o=69 lambda=4.0000000000000023e-11 tau=4.0000000000000023e-11 prediction=82.463931599305013 rho=0.68521875770998963 accept=1
  MFCG it  70 cost=2.725622e+05 lam=4.000e-11 tau=0.00e+00 cg_it=0 shift=0 ckpt=1 alpha=0 acc mv=845
PCG_PREP o=70 rebuild=1 drift=0 previous_depth=1
ATTR_RADIUS o=70 raw_norm=329218.67884851125 norm=888.6447818539566 radius=888.64478185395649 next_radius=888.64478185395649 lambda=4.0000000000000023e-11 next_lambda=4.0000000000000023e-11 rho=0.41478547378938696 accept=1
CLASSICAL_LM o=70 lambda=4.0000000000000023e-11 tau=4.0000000000000023e-11 prediction=40.656662282747888 rho=0.41478547378938696 accept=1
  MFCG it  71 cost=2.725453e+05 lam=4.000e-11 tau=0.00e+00 cg_it=1 shift=0 ckpt=2 alpha=0 acc mv=848
PCG_PREP o=71 rebuild=1 drift=0 previous_depth=2
ATTR_RADIUS o=71 raw_norm=43954.915048442315 norm=888.64478185395637 radius=888.64478185395649 next_radius=888.64478185395649 lambda=4.0000000000000023e-11 next_lambda=4.0000000000000023e-11 rho=0.67250230488889962 accept=1
CLASSICAL_LM o=71 lambda=4.0000000000000023e-11 tau=4.0000000000000023e-11 prediction=78.612802177117715 rho=0.67250230488889962 accept=1
  MFCG it  72 cost=2.724925e+05 lam=4.000e-11 tau=0.00e+00 cg_it=0 shift=0 ckpt=1 alpha=0 acc mv=850
PCG_PREP o=72 rebuild=1 drift=0 previous_depth=1
ATTR_RADIUS o=72 raw_norm=340314.26515941974 norm=888.64478185395603 radius=888.64478185395649 next_radius=888.64478185395649 lambda=4.0000000000000023e-11 next_lambda=4.0000000000000023e-11 rho=0.39377924023953381 accept=1
CLASSICAL_LM o=72 lambda=4.0000000000000023e-11 tau=4.0000000000000023e-11 prediction=39.09258924872271 rho=0.39377924023953381 accept=1
  MFCG it  73 cost=2.724771e+05 lam=4.000e-11 tau=0.00e+00 cg_it=1 shift=0 ckpt=2 alpha=0 acc mv=853
PCG_PREP o=73 rebuild=1 drift=0 previous_depth=2
ATTR_RADIUS o=73 raw_norm=45682.214255404891 norm=888.64478185395637 radius=888.64478185395649 next_radius=888.64478185395649 lambda=4.0000000000000023e-11 next_lambda=4.0000000000000023e-11 rho=0.65944997887312795 accept=1
CLASSICAL_LM o=73 lambda=4.0000000000000023e-11 tau=4.0000000000000023e-11 prediction=75.096339844046355 rho=0.65944997887312795 accept=1
  MFCG it  74 cost=2.724275e+05 lam=4.000e-11 tau=0.00e+00 cg_it=0 shift=0 ckpt=1 alpha=0 acc mv=855
PCG_PREP o=74 rebuild=1 drift=0 previous_depth=1
ATTR_RADIUS o=74 raw_norm=351181.87381351017 norm=888.6447818539566 radius=888.64478185395649 next_radius=888.64478185395649 lambda=4.0000000000000023e-11 next_lambda=4.0000000000000023e-11 rho=0.37238993410644039 accept=1
CLASSICAL_LM o=74 lambda=4.0000000000000023e-11 tau=4.0000000000000023e-11 prediction=37.657389843608314 rho=0.37238993410644039 accept=1
  MFCG it  75 cost=2.724135e+05 lam=4.000e-11 tau=0.00e+00 cg_it=1 shift=0 ckpt=2 alpha=0 acc mv=858
PCG_PREP o=75 rebuild=1 drift=0 previous_depth=2
ATTR_RADIUS o=75 raw_norm=47429.353344297604 norm=888.64478185395672 radius=888.64478185395649 next_radius=888.64478185395649 lambda=4.0000000000000023e-11 next_lambda=4.0000000000000023e-11 rho=0.64609659090414784 accept=1
CLASSICAL_LM o=75 lambda=4.0000000000000023e-11 tau=4.0000000000000023e-11 prediction=71.884560143407271 rho=0.64609659090414784 accept=1
  MFCG it  76 cost=2.723671e+05 lam=4.000e-11 tau=0.00e+00 cg_it=0 shift=0 ckpt=1 alpha=0 acc mv=860
PCG_PREP o=76 rebuild=1 drift=0 previous_depth=1
ATTR_RADIUS o=76 raw_norm=361683.93158271105 norm=888.64478185395637 radius=888.64478185395649 next_radius=888.64478185395649 lambda=4.0000000000000023e-11 next_lambda=4.0000000000000023e-11 rho=0.35084603112304641 accept=1
CLASSICAL_LM o=76 lambda=4.0000000000000023e-11 tau=4.0000000000000023e-11 prediction=36.350164345627753 rho=0.35084603112304641 accept=1
  MFCG it  77 cost=2.723543e+05 lam=4.000e-11 tau=0.00e+00 cg_it=1 shift=0 ckpt=2 alpha=0 acc mv=863
PCG_PREP o=77 rebuild=1 drift=0 previous_depth=2
ATTR_RADIUS o=77 raw_norm=49190.16089216376 norm=888.64478185395683 radius=888.64478185395649 next_radius=888.64478185395649 lambda=4.0000000000000023e-11 next_lambda=4.0000000000000023e-11 rho=0.63248221692155626 accept=1
CLASSICAL_LM o=77 lambda=4.0000000000000023e-11 tau=4.0000000000000023e-11 prediction=68.950787948200798 rho=0.63248221692155626 accept=1
  MFCG it  78 cost=2.723107e+05 lam=4.000e-11 tau=0.00e+00 cg_it=0 shift=0 ckpt=1 alpha=0 acc mv=865
PCG_PREP o=78 rebuild=1 drift=0 previous_depth=1
ATTR_RADIUS o=78 raw_norm=50297.389054562525 norm=888.64478185395649 radius=888.64478185395649 next_radius=888.64478185395649 lambda=4.0000000000000023e-11 next_lambda=4.0000000000000023e-11 rho=0.62532971080421929 accept=1
CLASSICAL_LM o=78 lambda=4.0000000000000023e-11 tau=4.0000000000000023e-11 prediction=66.758230014762177 rho=0.62532971080421929 accept=1
  MFCG it  79 cost=2.722690e+05 lam=4.000e-11 tau=0.00e+00 cg_it=0 shift=0 ckpt=1 alpha=0 acc mv=867
PCG_PREP o=79 rebuild=1 drift=0 previous_depth=1
ATTR_RADIUS o=79 raw_norm=376522.61934781773 norm=888.64478185395672 radius=888.64478185395649 next_radius=888.64478185395649 lambda=4.0000000000000023e-11 next_lambda=4.0000000000000023e-11 rho=0.32487839500930527 accept=1
CLASSICAL_LM o=79 lambda=4.0000000000000023e-11 tau=4.0000000000000023e-11 prediction=34.566106718101743 rho=0.32487839500930527 accept=1
  MFCG it  80 cost=2.722577e+05 lam=4.000e-11 tau=0.00e+00 cg_it=1 shift=0 ckpt=2 alpha=0 acc mv=870
PCG_PREP o=80 rebuild=1 drift=0 previous_depth=2
ATTR_RADIUS o=80 raw_norm=52066.340453638106 norm=888.64478185395637 radius=888.64478185395649 next_radius=888.64478185395649 lambda=4.0000000000000023e-11 next_lambda=4.0000000000000023e-11 rho=0.61134996545569553 accept=1
CLASSICAL_LM o=80 lambda=4.0000000000000023e-11 tau=4.0000000000000023e-11 prediction=64.2402630392573 rho=0.61134996545569553 accept=1
  MFCG it  81 cost=2.722185e+05 lam=4.000e-11 tau=0.00e+00 cg_it=0 shift=0 ckpt=1 alpha=0 acc mv=872
PCG_PREP o=81 rebuild=1 drift=0 previous_depth=1
ATTR_RADIUS o=81 raw_norm=385662.57902588893 norm=888.64478185395672 radius=888.64478185395649 next_radius=888.64478185395649 lambda=4.0000000000000023e-11 next_lambda=4.0000000000000023e-11 rho=0.30375351583608229 accept=1
CLASSICAL_LM o=81 lambda=4.0000000000000023e-11 tau=4.0000000000000023e-11 prediction=33.556427399202775 rho=0.30375351583608229 accept=1
  MFCG it  82 cost=2.722083e+05 lam=4.000e-11 tau=0.00e+00 cg_it=1 shift=0 ckpt=2 alpha=0 acc mv=875
PCG_PREP o=82 rebuild=1 drift=0 previous_depth=2
ATTR_RADIUS o=82 raw_norm=53829.29224666526 norm=888.64478185395626 radius=888.64478185395649 next_radius=888.64478185395649 lambda=4.0000000000000023e-11 next_lambda=4.0000000000000023e-11 rho=0.59728801879430549 accept=1
CLASSICAL_LM o=82 lambda=4.0000000000000023e-11 tau=4.0000000000000023e-11 prediction=61.950688909124651 rho=0.59728801879430549 accept=1
  MFCG it  83 cost=2.721713e+05 lam=4.000e-11 tau=0.00e+00 cg_it=0 shift=0 ckpt=1 alpha=0 acc mv=877
PCG_PREP o=83 rebuild=1 drift=0 previous_depth=1
ATTR_RADIUS o=83 raw_norm=54920.267072340481 norm=888.64478185395649 radius=888.64478185395649 next_radius=888.64478185395649 lambda=4.0000000000000023e-11 next_lambda=4.0000000000000023e-11 rho=0.59001613272530529 accept=1
CLASSICAL_LM o=83 lambda=4.0000000000000023e-11 tau=4.0000000000000023e-11 prediction=60.22013245017127 rho=0.59001613272530529 accept=1
  MFCG it  84 cost=2.721357e+05 lam=4.000e-11 tau=0.00e+00 cg_it=0 shift=0 ckpt=1 alpha=0 acc mv=879
PCG_PREP o=84 rebuild=1 drift=0 previous_depth=1
ATTR_RADIUS o=84 raw_norm=397899.0980412772 norm=888.64478185395672 radius=888.64478185395649 next_radius=888.64478185395649 lambda=4.0000000000000023e-11 next_lambda=4.0000000000000023e-11 rho=0.27930764985271739 accept=1
CLASSICAL_LM o=84 lambda=4.0000000000000023e-11 tau=4.0000000000000023e-11 prediction=32.210737640272527 rho=0.27930764985271739 accept=1
  MFCG it  85 cost=2.721267e+05 lam=4.000e-11 tau=0.00e+00 cg_it=1 shift=0 ckpt=2 alpha=0 acc mv=882
PCG_PREP o=85 rebuild=1 drift=0 previous_depth=2
ATTR_RADIUS o=85 raw_norm=56656.665861119713 norm=888.64478185395683 radius=888.64478185395649 next_radius=888.64478185395649 lambda=4.0000000000000023e-11 next_lambda=4.0000000000000023e-11 rho=0.57582352810255588 accept=1
CLASSICAL_LM o=85 lambda=4.0000000000000023e-11 tau=4.0000000000000023e-11 prediction=58.260806593818678 rho=0.57582352810255588 accept=1
  MFCG it  86 cost=2.720932e+05 lam=4.000e-11 tau=0.00e+00 cg_it=0 shift=0 ckpt=1 alpha=0 acc mv=884
PCG_PREP o=86 rebuild=1 drift=0 previous_depth=1
ATTR_RADIUS o=86 raw_norm=57722.233834969717 norm=888.64478185395626 radius=888.64478185395649 next_radius=888.64478185395649 lambda=4.0000000000000023e-11 next_lambda=4.0000000000000023e-11 rho=0.56859618836608661 accept=1
CLASSICAL_LM o=86 lambda=4.0000000000000023e-11 tau=4.0000000000000023e-11 prediction=56.768513969942433 rho=0.56859618836608661 accept=1
  MFCG it  87 cost=2.720609e+05 lam=4.000e-11 tau=0.00e+00 cg_it=0 shift=0 ckpt=1 alpha=0 acc mv=886
PCG_PREP o=87 rebuild=1 drift=0 previous_depth=1
ATTR_RADIUS o=87 raw_norm=407988.65393319022 norm=888.64478185395672 radius=888.64478185395649 next_radius=888.64478185395649 lambda=4.0000000000000023e-11 next_lambda=4.0000000000000023e-11 rho=0.25691685283458954 accept=1
CLASSICAL_LM o=87 lambda=4.0000000000000023e-11 tau=4.0000000000000023e-11 prediction=31.118019799352755 rho=0.25691685283458954 accept=1
  MFCG it  88 cost=2.720529e+05 lam=4.000e-11 tau=0.00e+00 cg_it=1 shift=0 ckpt=2 alpha=0 acc mv=889
PCG_PREP o=88 rebuild=1 drift=0 previous_depth=2
ATTR_RADIUS o=88 raw_norm=59407.359968111901 norm=888.64478185395672 radius=888.64478185395649 next_radius=888.64478185395649 lambda=4.0000000000000023e-11 next_lambda=4.0000000000000023e-11 rho=0.55449468654519984 accept=1
CLASSICAL_LM o=88 lambda=4.0000000000000023e-11 tau=4.0000000000000023e-11 prediction=55.105800420897516 rho=0.55449468654519984 accept=1
  MFCG it  89 cost=2.720224e+05 lam=4.000e-11 tau=0.00e+00 cg_it=0 shift=0 ckpt=1 alpha=0 acc mv=891
PCG_PREP o=89 rebuild=1 drift=0 previous_depth=1
ATTR_RADIUS o=89 raw_norm=60432.588910656414 norm=888.6447818539566 radius=888.64478185395649 next_radius=888.64478185395649 lambda=4.0000000000000023e-11 next_lambda=4.0000000000000023e-11 rho=0.54740919773135954 accept=1
CLASSICAL_LM o=89 lambda=4.0000000000000023e-11 tau=4.0000000000000023e-11 prediction=53.820138733465413 rho=0.54740919773135954 accept=1
  MFCG it  90 cost=2.719929e+05 lam=4.000e-11 tau=0.00e+00 cg_it=0 shift=0 ckpt=1 alpha=0 acc mv=893
PCG_PREP o=90 rebuild=1 drift=0 previous_depth=1
ATTR_RADIUS o=90 raw_norm=415545.93731793226 norm=888.64478185395637 radius=888.64478185395649 next_radius=222.16119546348912 lambda=4.0000000000000023e-11 next_lambda=6.4000000000000037e-10 rho=0.23744324643441017 accept=1
CLASSICAL_LM o=90 lambda=4.0000000000000023e-11 tau=4.0000000000000023e-11 prediction=30.271025447540627 rho=0.23744324643441017 accept=1
  MFCG it  91 cost=2.719857e+05 lam=6.400e-10 tau=0.00e+00 cg_it=1 shift=0 ckpt=2 alpha=0 acc mv=896
PCG_PREP o=91 rebuild=1 drift=0 previous_depth=2
ATTR_RADIUS o=91 raw_norm=59803.709750012487 norm=222.16119546348907 radius=222.16119546348912 next_radius=444.32239092697824 lambda=6.4000000000000037e-10 next_lambda=1.6000000000000009e-10 rho=0.88282890066648534 accept=1
CLASSICAL_LM o=91 lambda=6.4000000000000037e-10 tau=6.4000000000000037e-10 prediction=13.684694576092074 rho=0.88282890066648534 accept=1
  MFCG it  92 cost=2.719736e+05 lam=1.600e-10 tau=0.00e+00 cg_it=0 shift=0 ckpt=1 alpha=0 acc mv=898
PCG_PREP o=92 rebuild=1 drift=0 previous_depth=1
ATTR_RADIUS o=92 raw_norm=61916.027687221635 norm=444.32239092697813 radius=444.32239092697824 next_radius=888.64478185395649 lambda=1.6000000000000009e-10 next_lambda=4.0000000000000023e-11 rho=0.76102900544892649 accept=1
CLASSICAL_LM o=92 lambda=1.6000000000000009e-10 tau=1.6000000000000009e-10 prediction=26.244498264740987 rho=0.76102900544892649 accept=1
  MFCG it  93 cost=2.719537e+05 lam=4.000e-11 tau=0.00e+00 cg_it=0 shift=0 ckpt=1 alpha=0 acc mv=900
PCG_PREP o=93 rebuild=1 drift=0 previous_depth=1
ATTR_RADIUS o=93 raw_norm=62988.009363334953 norm=888.64478185395637 radius=888.64478185395649 next_radius=888.64478185395649 lambda=4.0000000000000023e-11 next_lambda=4.0000000000000023e-11 rho=0.52738340383549354 accept=1
CLASSICAL_LM o=93 lambda=4.0000000000000023e-11 tau=4.0000000000000023e-11 prediction=51.133644946268241 rho=0.52738340383549354 accept=1
  MFCG it  94 cost=2.719267e+05 lam=4.000e-11 tau=0.00e+00 cg_it=0 shift=0 ckpt=1 alpha=0 acc mv=902
PCG_PREP o=94 rebuild=1 drift=0 previous_depth=1
ATTR_RADIUS o=94 raw_norm=420392.16306663986 norm=888.64478185395637 radius=888.64478185395649 next_radius=222.16119546348912 lambda=4.0000000000000023e-11 next_lambda=6.4000000000000037e-10 rho=0.22520536464383475 accept=1
CLASSICAL_LM o=94 lambda=4.0000000000000023e-11 tau=4.0000000000000023e-11 prediction=29.652875584048608 rho=0.22520536464383475 accept=1
  MFCG it  95 cost=2.719200e+05 lam=6.400e-10 tau=0.00e+00 cg_it=1 shift=0 ckpt=2 alpha=0 acc mv=905
PCG_PREP o=95 rebuild=1 drift=0 previous_depth=2
ATTR_RADIUS o=95 raw_norm=61909.03765399666 norm=222.16119546348909 radius=222.16119546348912 next_radius=444.32239092697824 lambda=6.4000000000000037e-10 next_lambda=1.6000000000000009e-10 rho=0.8785289552426041 accept=1
CLASSICAL_LM o=95 lambda=6.4000000000000037e-10 tau=6.4000000000000037e-10 prediction=13.105406963176266 rho=0.8785289552426041 accept=1
  MFCG it  96 cost=2.719085e+05 lam=1.600e-10 tau=0.00e+00 cg_it=0 shift=0 ckpt=1 alpha=0 acc mv=907
PCG_PREP o=96 rebuild=1 drift=0 previous_depth=1
ATTR_RADIUS o=96 raw_norm=64284.81867115834 norm=444.32239092697819 radius=444.32239092697824 next_radius=888.64478185395649 lambda=1.6000000000000009e-10 next_lambda=4.0000000000000023e-11 rho=0.75151428028503686 accept=1
CLASSICAL_LM o=96 lambda=1.6000000000000009e-10 tau=1.6000000000000009e-10 prediction=25.063099503643972 rho=0.75151428028503686 accept=1
  MFCG it  97 cost=2.718897e+05 lam=4.000e-11 tau=0.00e+00 cg_it=0 shift=0 ckpt=1 alpha=0 acc mv=909
PCG_PREP o=97 rebuild=1 drift=0 previous_depth=1
ATTR_RADIUS o=97 raw_norm=65404.459639272187 norm=888.64478185395637 radius=888.64478185395649 next_radius=888.64478185395649 lambda=4.0000000000000023e-11 next_lambda=4.0000000000000023e-11 rho=0.50834513592928954 accept=1
CLASSICAL_LM o=97 lambda=4.0000000000000023e-11 tau=4.0000000000000023e-11 prediction=48.849280845343984 rho=0.50834513592928954 accept=1
  MFCG it  98 cost=2.718648e+05 lam=4.000e-11 tau=0.00e+00 cg_it=0 shift=0 ckpt=1 alpha=0 acc mv=911
PCG_PREP o=98 rebuild=1 drift=0 previous_depth=1
ATTR_RADIUS o=98 raw_norm=422517.99495180155 norm=888.6447818539566 radius=888.64478185395649 next_radius=222.16119546348912 lambda=4.0000000000000023e-11 next_lambda=6.4000000000000037e-10 rho=0.21693027406418347 accept=1
CLASSICAL_LM o=98 lambda=4.0000000000000023e-11 tau=4.0000000000000023e-11 prediction=29.244285222297389 rho=0.21693027406418347 accept=1
  MFCG it  99 cost=2.718585e+05 lam=6.400e-10 tau=0.00e+00 cg_it=1 shift=0 ckpt=2 alpha=0 acc mv=914
PCG_PREP o=99 rebuild=1 drift=0 previous_depth=2
ATTR_RADIUS o=99 raw_norm=63822.970655969206 norm=222.16119546348909 radius=222.16119546348912 next_radius=444.32239092697824 lambda=6.4000000000000037e-10 next_lambda=1.6000000000000009e-10 rho=0.87451007723853136 accept=1
CLASSICAL_LM o=99 lambda=6.4000000000000037e-10 tau=6.4000000000000037e-10 prediction=12.616761669887236 rho=0.87451007723853136 accept=1
  MFCG it 100 cost=2.718475e+05 lam=1.600e-10 tau=0.00e+00 cg_it=0 shift=0 ckpt=1 alpha=0 acc mv=916
PCG_PREP o=100 rebuild=1 drift=0 previous_depth=1
ATTR_RADIUS o=100 raw_norm=66481.14267826968 norm=444.32239092697836 radius=444.32239092697824 next_radius=444.32239092697824 lambda=1.6000000000000009e-10 next_lambda=1.6000000000000009e-10 rho=0.74247130744979783 accept=1
CLASSICAL_LM o=100 lambda=1.6000000000000009e-10 tau=1.6000000000000009e-10 prediction=24.055357487161881 rho=0.74247130744979783 accept=1
  MFCG it 101 cost=2.718296e+05 lam=1.600e-10 tau=0.00e+00 cg_it=0 shift=0 ckpt=1 alpha=0 acc mv=918
PCG_PREP o=101 rebuild=1 drift=0 previous_depth=1
ATTR_RADIUS o=101 raw_norm=67006.529729519869 norm=444.32239092697841 radius=444.32239092697824 next_radius=444.32239092697824 lambda=1.6000000000000009e-10 next_lambda=1.6000000000000009e-10 rho=0.74079648111200047 accept=1
CLASSICAL_LM o=101 lambda=1.6000000000000009e-10 tau=1.6000000000000009e-10 prediction=23.746738927968625 rho=0.74079648111200047 accept=1
  MFCG it 102 cost=2.718120e+05 lam=1.600e-10 tau=0.00e+00 cg_it=0 shift=0 ckpt=1 alpha=0 acc mv=920
PCG_PREP o=102 rebuild=1 drift=0 previous_depth=1
ATTR_RADIUS o=102 raw_norm=415328.30395345285 norm=444.32239092697819 radius=444.32239092697824 next_radius=444.32239092697824 lambda=1.6000000000000009e-10 next_lambda=1.6000000000000009e-10 rho=0.60452964787879027 accept=1
CLASSICAL_LM o=102 lambda=1.6000000000000009e-10 tau=1.6000000000000009e-10 prediction=14.736101224537139 rho=0.60452964787879027 accept=1
  MFCG it 103 cost=2.718031e+05 lam=1.600e-10 tau=0.00e+00 cg_it=1 shift=0 ckpt=2 alpha=0 acc mv=923
PCG_PREP o=103 rebuild=1 drift=0 previous_depth=2
ATTR_RADIUS o=103 raw_norm=415199.23449936905 norm=444.32239092697807 radius=444.32239092697824 next_radius=444.32239092697824 lambda=1.6000000000000009e-10 next_lambda=1.6000000000000009e-10 rho=0.60318400080764289 accept=1
CLASSICAL_LM o=103 lambda=1.6000000000000009e-10 tau=1.6000000000000009e-10 prediction=14.722119832310137 rho=0.60318400080764289 accept=1
  MFCG it 104 cost=2.717942e+05 lam=1.600e-10 tau=0.00e+00 cg_it=1 shift=0 ckpt=2 alpha=0 acc mv=926
PCG_PREP o=104 rebuild=1 drift=0 previous_depth=2
ATTR_RADIUS o=104 raw_norm=68192.465739105217 norm=444.3223909269783 radius=444.32239092697824 next_radius=444.32239092697824 lambda=1.6000000000000009e-10 next_lambda=1.6000000000000009e-10 rho=0.73570492033970469 accept=1
CLASSICAL_LM o=104 lambda=1.6000000000000009e-10 tau=1.6000000000000009e-10 prediction=23.246902266525083 rho=0.73570492033970469 accept=1
  MFCG it 105 cost=2.717771e+05 lam=1.600e-10 tau=0.00e+00 cg_it=0 shift=0 ckpt=1 alpha=0 acc mv=928
PCG_PREP o=105 rebuild=1 drift=0 previous_depth=1
ATTR_RADIUS o=105 raw_norm=414246.4252973625 norm=444.32239092697836 radius=444.32239092697824 next_radius=444.32239092697824 lambda=1.6000000000000009e-10 next_lambda=1.6000000000000009e-10 rho=0.60383894162595431 accept=1
CLASSICAL_LM o=105 lambda=1.6000000000000009e-10 tau=1.6000000000000009e-10 prediction=14.704079443457159 rho=0.60383894162595431 accept=1
  MFCG it 106 cost=2.717682e+05 lam=1.600e-10 tau=0.00e+00 cg_it=1 shift=0 ckpt=2 alpha=0 acc mv=931
PCG_PREP o=106 rebuild=1 drift=0 previous_depth=2
ATTR_RADIUS o=106 raw_norm=69006.731100562451 norm=444.32239092697836 radius=444.32239092697824 next_radius=444.32239092697824 lambda=1.6000000000000009e-10 next_lambda=1.6000000000000009e-10 rho=0.73242729824538177 accept=1
CLASSICAL_LM o=106 lambda=1.6000000000000009e-10 tau=1.6000000000000009e-10 prediction=22.875725906756298 rho=0.73242729824538177 accept=1
  MFCG it 107 cost=2.717515e+05 lam=1.600e-10 tau=0.00e+00 cg_it=0 shift=0 ckpt=1 alpha=0 acc mv=933
PCG_PREP o=107 rebuild=1 drift=0 previous_depth=1
ATTR_RADIUS o=107 raw_norm=412978.03741816321 norm=444.32239092697813 radius=444.32239092697824 next_radius=444.32239092697824 lambda=1.6000000000000009e-10 next_lambda=1.6000000000000009e-10 rho=0.60478781522517944 accept=1
CLASSICAL_LM o=107 lambda=1.6000000000000009e-10 tau=1.6000000000000009e-10 prediction=14.698109003770091 rho=0.60478781522517944 accept=1
  MFCG it 108 cost=2.717426e+05 lam=1.600e-10 tau=0.00e+00 cg_it=1 shift=0 ckpt=2 alpha=0 acc mv=936
PCG_PREP o=108 rebuild=1 drift=0 previous_depth=2
ATTR_RADIUS o=108 raw_norm=69791.728148102193 norm=444.32239092697824 radius=444.32239092697824 next_radius=444.32239092697824 lambda=1.6000000000000009e-10 next_lambda=1.6000000000000009e-10 rho=0.72924064426630475 accept=1
CLASSICAL_LM o=108 lambda=1.6000000000000009e-10 tau=1.6000000000000009e-10 prediction=22.525076625236487 rho=0.72924064426630475 accept=1
  MFCG it 109 cost=2.717262e+05 lam=1.600e-10 tau=0.00e+00 cg_it=0 shift=0 ckpt=1 alpha=0 acc mv=938
PCG_PREP o=109 rebuild=1 drift=0 previous_depth=1
ATTR_RADIUS o=109 raw_norm=411279.86446201656 norm=444.3223909269783 radius=444.32239092697824 next_radius=444.32239092697824 lambda=1.6000000000000009e-10 next_lambda=1.6000000000000009e-10 rho=0.60611520460120549 accept=1
CLASSICAL_LM o=109 lambda=1.6000000000000009e-10 tau=1.6000000000000009e-10 prediction=14.708150735238178 rho=0.60611520460120549 accept=1
  MFCG it 110 cost=2.717172e+05 lam=1.600e-10 tau=0.00e+00 cg_it=1 shift=0 ckpt=2 alpha=0 acc mv=941
PCG_PREP o=110 rebuild=1 drift=0 previous_depth=2
ATTR_RADIUS o=110 raw_norm=410364.75623584661 norm=444.32239092697807 radius=444.32239092697824 next_radius=444.32239092697824 lambda=1.6000000000000009e-10 next_lambda=1.6000000000000009e-10 rho=0.60553140672410288 accept=1
CLASSICAL_LM o=110 lambda=1.6000000000000009e-10 tau=1.6000000000000009e-10 prediction=14.722731782176103 rho=0.60553140672410288 accept=1
  MFCG it 111 cost=2.717083e+05 lam=1.600e-10 tau=0.00e+00 cg_it=1 shift=0 ckpt=2 alpha=0 acc mv=944
PCG_PREP o=111 rebuild=1 drift=0 previous_depth=2
ATTR_RADIUS o=111 raw_norm=70828.875868934978 norm=444.32239092697819 radius=444.32239092697824 next_radius=444.32239092697824 lambda=1.6000000000000009e-10 next_lambda=1.6000000000000009e-10 rho=0.72459478719152948 accept=1
CLASSICAL_LM o=111 lambda=1.6000000000000009e-10 tau=1.6000000000000009e-10 prediction=22.119357172690972 rho=0.72459478719152948 accept=1
  MFCG it 112 cost=2.716923e+05 lam=1.600e-10 tau=0.00e+00 cg_it=0 shift=0 ckpt=1 alpha=0 acc mv=946
PCG_PREP o=112 rebuild=1 drift=0 previous_depth=1
ATTR_RADIUS o=112 raw_norm=408067.55982476682 norm=444.3223909269783 radius=444.32239092697824 next_radius=444.32239092697824 lambda=1.6000000000000009e-10 next_lambda=1.6000000000000009e-10 rho=0.60736510982613001 accept=1
CLASSICAL_LM o=112 lambda=1.6000000000000009e-10 tau=1.6000000000000009e-10 prediction=14.755156858501774 rho=0.60736510982613001 accept=1
  MFCG it 113 cost=2.716833e+05 lam=1.600e-10 tau=0.00e+00 cg_it=1 shift=0 ckpt=2 alpha=0 acc mv=949
PCG_PREP o=113 rebuild=1 drift=0 previous_depth=2
ATTR_RADIUS o=113 raw_norm=71532.025782807163 norm=444.32239092697847 radius=444.32239092697824 next_radius=444.32239092697824 lambda=1.6000000000000009e-10 next_lambda=1.6000000000000009e-10 rho=0.72166348482618536 accept=1
CLASSICAL_LM o=113 lambda=1.6000000000000009e-10 tau=1.6000000000000009e-10 prediction=21.815201660335994 rho=0.72166348482618536 accept=1
  MFCG it 114 cost=2.716676e+05 lam=1.600e-10 tau=0.00e+00 cg_it=0 shift=0 ckpt=1 alpha=0 acc mv=951
PCG_PREP o=114 rebuild=1 drift=0 previous_depth=1
ATTR_RADIUS o=114 raw_norm=405342.21397232782 norm=444.3223909269783 radius=444.32239092697824 next_radius=444.32239092697824 lambda=1.6000000000000009e-10 next_lambda=1.6000000000000009e-10 rho=0.6096178475821552 accept=1
CLASSICAL_LM o=114 lambda=1.6000000000000009e-10 tau=1.6000000000000009e-10 prediction=14.804407336079638 rho=0.6096178475821552 accept=1
  MFCG it 115 cost=2.716586e+05 lam=1.600e-10 tau=0.00e+00 cg_it=1 shift=0 ckpt=2 alpha=0 acc mv=954
PCG_PREP o=115 rebuild=1 drift=0 previous_depth=2
ATTR_RADIUS o=115 raw_norm=72200.229384941456 norm=444.32239092697802 radius=444.32239092697824 next_radius=444.32239092697824 lambda=1.6000000000000009e-10 next_lambda=1.6000000000000009e-10 rho=0.7188445138984354 accept=1
CLASSICAL_LM o=115 lambda=1.6000000000000009e-10 tau=1.6000000000000009e-10 prediction=21.529074006805921 rho=0.7188445138984354 accept=1
  MFCG it 116 cost=2.716431e+05 lam=1.600e-10 tau=0.00e+00 cg_it=0 shift=0 ckpt=1 alpha=0 acc mv=956
PCG_PREP o=116 rebuild=1 drift=0 previous_depth=1
ATTR_RADIUS o=116 raw_norm=402225.41008041496 norm=444.32239092697819 radius=444.32239092697824 next_radius=444.32239092697824 lambda=1.6000000000000009e-10 next_lambda=1.6000000000000009e-10 rho=0.61223433202919375 accept=1
CLASSICAL_LM o=116 lambda=1.6000000000000009e-10 tau=1.6000000000000009e-10 prediction=14.869718906440543 rho=0.61223433202919375 accept=1
  MFCG it 117 cost=2.716340e+05 lam=1.600e-10 tau=0.00e+00 cg_it=1 shift=0 ckpt=2 alpha=0 acc mv=959
PCG_PREP o=117 rebuild=1 drift=0 previous_depth=2
ATTR_RADIUS o=117 raw_norm=400684.21953091439 norm=444.32239092697813 radius=444.32239092697824 next_radius=444.32239092697824 lambda=1.6000000000000009e-10 next_lambda=1.6000000000000009e-10 rho=0.61229785908343692 accept=1
CLASSICAL_LM o=117 lambda=1.6000000000000009e-10 tau=1.6000000000000009e-10 prediction=14.908954511407876 rho=0.61229785908343692 accept=1
  MFCG it 118 cost=2.716249e+05 lam=1.600e-10 tau=0.00e+00 cg_it=1 shift=0 ckpt=2 alpha=0 acc mv=962
PCG_PREP o=118 rebuild=1 drift=0 previous_depth=2
ATTR_RADIUS o=118 raw_norm=73061.418693876665 norm=444.3223909269783 radius=444.32239092697824 next_radius=444.32239092697824 lambda=1.6000000000000009e-10 next_lambda=1.6000000000000009e-10 rho=0.71475336265446077 accept=1
CLASSICAL_LM o=118 lambda=1.6000000000000009e-10 tau=1.6000000000000009e-10 prediction=21.206236162517211 rho=0.71475336265446077 accept=1
  MFCG it 119 cost=2.716097e+05 lam=1.600e-10 tau=0.00e+00 cg_it=0 shift=0 ckpt=1 alpha=0 acc mv=964
PCG_PREP o=119 rebuild=1 drift=0 previous_depth=1
ATTR_RADIUS o=119 raw_norm=396965.74940882833 norm=444.32239092697824 radius=444.32239092697824 next_radius=444.32239092697824 lambda=1.6000000000000009e-10 next_lambda=1.6000000000000009e-10 rho=0.61543429168069641 accept=1
CLASSICAL_LM o=119 lambda=1.6000000000000009e-10 tau=1.6000000000000009e-10 prediction=14.998758047554928 rho=0.61543429168069641 accept=1
  MFCG it 120 cost=2.716005e+05 lam=1.600e-10 tau=0.00e+00 cg_it=1 shift=0 ckpt=2 alpha=0 acc mv=967
PCG_PREP o=120 rebuild=1 drift=0 previous_depth=2
ATTR_RADIUS o=120 raw_norm=73635.536906849709 norm=444.32239092697841 radius=444.32239092697824 next_radius=444.32239092697824 lambda=1.6000000000000009e-10 next_lambda=1.6000000000000009e-10 rho=0.71223998896025831 accept=1
CLASSICAL_LM o=120 lambda=1.6000000000000009e-10 tau=1.6000000000000009e-10 prediction=20.961279770153759 rho=0.71223998896025831 accept=1
  MFCG it 121 cost=2.715855e+05 lam=1.600e-10 tau=0.00e+00 cg_it=0 shift=0 ckpt=1 alpha=0 acc mv=969
PCG_PREP o=121 rebuild=1 drift=0 previous_depth=1
ATTR_RADIUS o=121 raw_norm=392866.37533925963 norm=444.32239092697819 radius=444.32239092697824 next_radius=444.32239092697824 lambda=1.6000000000000009e-10 next_lambda=1.6000000000000009e-10 rho=0.61897277761522418 accept=1
CLASSICAL_LM o=121 lambda=1.6000000000000009e-10 tau=1.6000000000000009e-10 prediction=15.105992531866006 rho=0.61897277761522418 accept=1
  MFCG it 122 cost=2.715762e+05 lam=1.600e-10 tau=0.00e+00 cg_it=1 shift=0 ckpt=2 alpha=0 acc mv=972
PCG_PREP o=122 rebuild=1 drift=0 previous_depth=2
ATTR_RADIUS o=122 raw_norm=74170.423418450257 norm=444.32239092697813 radius=444.32239092697824 next_radius=444.32239092697824 lambda=1.6000000000000009e-10 next_lambda=1.6000000000000009e-10 rho=0.70985678077395342 accept=1
CLASSICAL_LM o=122 lambda=1.6000000000000009e-10 tau=1.6000000000000009e-10 prediction=20.732206834779941 rho=0.70985678077395342 accept=1
  MFCG it 123 cost=2.715615e+05 lam=1.600e-10 tau=0.00e+00 cg_it=0 shift=0 ckpt=1 alpha=0 acc mv=974
PCG_PREP o=123 rebuild=1 drift=0 previous_depth=1
ATTR_RADIUS o=123 raw_norm=388416.62401751726 norm=444.32239092697841 radius=444.32239092697824 next_radius=444.32239092697824 lambda=1.6000000000000009e-10 next_lambda=1.6000000000000009e-10 rho=0.62284801569031911 accept=1
CLASSICAL_LM o=123 lambda=1.6000000000000009e-10 tau=1.6000000000000009e-10 prediction=15.230040915368349 rho=0.62284801569031911 accept=1
  MFCG it 124 cost=2.715520e+05 lam=1.600e-10 tau=0.00e+00 cg_it=1 shift=0 ckpt=2 alpha=0 acc mv=977
PCG_PREP o=124 rebuild=1 drift=0 previous_depth=2
ATTR_RADIUS o=124 raw_norm=74665.333055837968 norm=444.32239092697819 radius=444.32239092697824 next_radius=444.32239092697824 lambda=1.6000000000000009e-10 next_lambda=1.6000000000000009e-10 rho=0.70760777950050913 accept=1
CLASSICAL_LM o=124 lambda=1.6000000000000009e-10 tau=1.6000000000000009e-10 prediction=20.518430193628589 rho=0.70760777950050913 accept=1
  MFCG it 125 cost=2.715375e+05 lam=1.600e-10 tau=0.00e+00 cg_it=0 shift=0 ckpt=1 alpha=0 acc mv=979
PCG_PREP o=125 rebuild=1 drift=0 previous_depth=1
ATTR_RADIUS o=125 raw_norm=383633.74993355724 norm=444.32239092697819 radius=444.32239092697824 next_radius=444.32239092697824 lambda=1.6000000000000009e-10 next_lambda=1.6000000000000009e-10 rho=0.62704214011908577 accept=1
CLASSICAL_LM o=125 lambda=1.6000000000000009e-10 tau=1.6000000000000009e-10 prediction=15.370920170049471 rho=0.62704214011908577 accept=1
  MFCG it 126 cost=2.715278e+05 lam=1.600e-10 tau=0.00e+00 cg_it=1 shift=0 ckpt=2 alpha=0 acc mv=982
PCG_PREP o=126 rebuild=1 drift=0 previous_depth=2
ATTR_RADIUS o=126 raw_norm=75119.188526652331 norm=444.32239092697824 radius=444.32239092697824 next_radius=444.32239092697824 lambda=1.6000000000000009e-10 next_lambda=1.6000000000000009e-10 rho=0.70549660220051313 accept=1
CLASSICAL_LM o=126 lambda=1.6000000000000009e-10 tau=1.6000000000000009e-10 prediction=20.319386205831396 rho=0.70549660220051313 accept=1
  MFCG it 127 cost=2.715135e+05 lam=1.600e-10 tau=0.00e+00 cg_it=0 shift=0 ckpt=1 alpha=0 acc mv=984
PCG_PREP o=127 rebuild=1 drift=0 previous_depth=1
ATTR_RADIUS o=127 raw_norm=378498.09828492039 norm=444.32239092697813 radius=444.32239092697824 next_radius=444.32239092697824 lambda=1.6000000000000009e-10 next_lambda=1.6000000000000009e-10 rho=0.63157697987949402 accept=1
CLASSICAL_LM o=127 lambda=1.6000000000000009e-10 tau=1.6000000000000009e-10 prediction=15.53041007288337 rho=0.63157697987949402 accept=1
  MFCG it 128 cost=2.715037e+05 lam=1.600e-10 tau=0.00e+00 cg_it=1 shift=0 ckpt=2 alpha=0 acc mv=987
PCG_PREP o=128 rebuild=1 drift=0 previous_depth=2
ATTR_RADIUS o=128 raw_norm=375922.87913243775 norm=444.3223909269783 radius=444.32239092697824 next_radius=444.32239092697824 lambda=1.6000000000000009e-10 next_lambda=1.6000000000000009e-10 rho=0.63276825890621013 accept=1
CLASSICAL_LM o=128 lambda=1.6000000000000009e-10 tau=1.6000000000000009e-10 prediction=15.618899177181977 rho=0.63276825890621013 accept=1
  MFCG it 129 cost=2.714938e+05 lam=1.600e-10 tau=0.00e+00 cg_it=1 shift=0 ckpt=2 alpha=0 acc mv=990
PCG_PREP o=129 rebuild=1 drift=0 previous_depth=2
ATTR_RADIUS o=129 raw_norm=75664.916078329523 norm=444.32239092697824 radius=444.32239092697824 next_radius=444.32239092697824 lambda=1.6000000000000009e-10 next_lambda=1.6000000000000009e-10 rho=0.70243958364652836 accept=1
CLASSICAL_LM o=129 lambda=1.6000000000000009e-10 tau=1.6000000000000009e-10 prediction=20.108698133030668 rho=0.70243958364652836 accept=1
  MFCG it 130 cost=2.714797e+05 lam=1.600e-10 tau=0.00e+00 cg_it=0 shift=0 ckpt=1 alpha=0 acc mv=992
PCG_PREP o=130 rebuild=1 drift=0 previous_depth=1
ATTR_RADIUS o=130 raw_norm=370307.47785630479 norm=444.3223909269783 radius=444.32239092697824 next_radius=444.32239092697824 lambda=1.6000000000000009e-10 next_lambda=1.6000000000000009e-10 rho=0.63772004987845377 accept=1
CLASSICAL_LM o=130 lambda=1.6000000000000009e-10 tau=1.6000000000000009e-10 prediction=15.805186027059253 rho=0.63772004987845377 accept=1
  MFCG it 131 cost=2.714696e+05 lam=1.600e-10 tau=0.00e+00 cg_it=1 shift=0 ckpt=2 alpha=0 acc mv=995
PCG_PREP o=131 rebuild=1 drift=0 previous_depth=2
ATTR_RADIUS o=131 raw_norm=76013.039125681782 norm=444.3223909269783 radius=444.32239092697824 next_radius=444.32239092697824 lambda=1.6000000000000009e-10 next_lambda=1.6000000000000009e-10 rho=0.70068720012108299 accept=1
CLASSICAL_LM o=131 lambda=1.6000000000000009e-10 tau=1.6000000000000009e-10 prediction=19.943510429639407 rho=0.70068720012108299 accept=1
  MFCG it 132 cost=2.714556e+05 lam=1.600e-10 tau=0.00e+00 cg_it=0 shift=0 ckpt=1 alpha=0 acc mv=997
PCG_PREP o=132 rebuild=1 drift=0 previous_depth=1
ATTR_RADIUS o=132 raw_norm=364346.0343909841 norm=444.32239092697819 radius=444.32239092697824 next_radius=444.32239092697824 lambda=1.6000000000000009e-10 next_lambda=1.6000000000000009e-10 rho=0.643088896629609 accept=1
CLASSICAL_LM o=132 lambda=1.6000000000000009e-10 tau=1.6000000000000009e-10 prediction=16.01428242000015 rho=0.643088896629609 accept=1
  MFCG it 133 cost=2.714453e+05 lam=1.600e-10 tau=0.00e+00 cg_it=1 shift=0 ckpt=2 alpha=0 acc mv=1000
PCG_PREP o=133 rebuild=1 drift=0 previous_depth=2
ATTR_RADIUS o=133 raw_norm=76318.535064702053 norm=444.32239092697836 radius=444.32239092697824 next_radius=444.32239092697824 lambda=1.6000000000000009e-10 next_lambda=1.6000000000000009e-10 rho=0.69908094666527065 accept=1
CLASSICAL_LM o=133 lambda=1.6000000000000009e-10 tau=1.6000000000000009e-10 prediction=19.791212550824188 rho=0.69908094666527065 accept=1
  MFCG it 134 cost=2.714315e+05 lam=1.600e-10 tau=0.00e+00 cg_it=0 shift=0 ckpt=1 alpha=0 acc mv=1002
PCG_PREP o=134 rebuild=1 drift=0 previous_depth=1
ATTR_RADIUS o=134 raw_norm=358146.10681510268 norm=444.32239092697819 radius=444.32239092697824 next_radius=444.32239092697824 lambda=1.6000000000000009e-10 next_lambda=1.6000000000000009e-10 rho=0.64870056847224278 accept=1
CLASSICAL_LM o=134 lambda=1.6000000000000009e-10 tau=1.6000000000000009e-10 prediction=16.241662823489698 rho=0.64870056847224278 accept=1
  MFCG it 135 cost=2.714210e+05 lam=1.600e-10 tau=0.00e+00 cg_it=1 shift=0 ckpt=2 alpha=0 acc mv=1005
PCG_PREP o=135 rebuild=1 drift=0 previous_depth=2
ATTR_RADIUS o=135 raw_norm=76581.481118385302 norm=444.32239092697807 radius=444.32239092697824 next_radius=444.32239092697824 lambda=1.6000000000000009e-10 next_lambda=1.6000000000000009e-10 rho=0.69762204584824739 accept=1
CLASSICAL_LM o=135 lambda=1.6000000000000009e-10 tau=1.6000000000000009e-10 prediction=19.651311108130546 rho=0.69762204584824739 accept=1
  MFCG it 136 cost=2.714073e+05 lam=1.600e-10 tau=0.00e+00 cg_it=0 shift=0 ckpt=1 alpha=0 acc mv=1007
PCG_PREP o=136 rebuild=1 drift=0 previous_depth=1
ATTR_RADIUS o=136 raw_norm=351658.36112271744 norm=444.32239092697836 radius=444.32239092697824 next_radius=444.32239092697824 lambda=1.6000000000000009e-10 next_lambda=1.6000000000000009e-10 rho=0.65460459942058846 accept=1
CLASSICAL_LM o=136 lambda=1.6000000000000009e-10 tau=1.6000000000000009e-10 prediction=16.491062837082669 rho=0.65460459942058846 accept=1
  MFCG it 137 cost=2.713965e+05 lam=1.600e-10 tau=0.00e+00 cg_it=1 shift=0 ckpt=2 alpha=0 acc mv=1010
PCG_PREP o=137 rebuild=1 drift=0 previous_depth=2
ATTR_RADIUS o=137 raw_norm=76801.83965486892 norm=444.32239092697824 radius=444.32239092697824 next_radius=444.32239092697824 lambda=1.6000000000000009e-10 next_lambda=1.6000000000000009e-10 rho=0.69631037091699677 accept=1
CLASSICAL_LM o=137 lambda=1.6000000000000009e-10 tau=1.6000000000000009e-10 prediction=19.523260760556088 rho=0.69631037091699677 accept=1
  MFCG it 138 cost=2.713829e+05 lam=1.600e-10 tau=0.00e+00 cg_it=0 shift=0 ckpt=1 alpha=0 acc mv=1012
PCG_PREP o=138 rebuild=1 drift=0 previous_depth=1
ATTR_RADIUS o=138 raw_norm=344986.12751026807 norm=444.32239092697836 radius=444.32239092697824 next_radius=444.32239092697824 lambda=1.6000000000000009e-10 next_lambda=1.6000000000000009e-10 rho=0.66069852335359447 accept=1
CLASSICAL_LM o=138 lambda=1.6000000000000009e-10 tau=1.6000000000000009e-10 prediction=16.759023718666388 rho=0.66069852335359447 accept=1
  MFCG it 139 cost=2.713718e+05 lam=1.600e-10 tau=0.00e+00 cg_it=1 shift=0 ckpt=2 alpha=0 acc mv=1015
PCG_PREP o=139 rebuild=1 drift=0 previous_depth=2
ATTR_RADIUS o=139 raw_norm=76979.934327069481 norm=444.32239092697807 radius=444.32239092697824 next_radius=444.32239092697824 lambda=1.6000000000000009e-10 next_lambda=1.6000000000000009e-10 rho=0.69514656460659185 accept=1
CLASSICAL_LM o=139 lambda=1.6000000000000009e-10 tau=1.6000000000000009e-10 prediction=19.406625546078708 rho=0.69514656460659185 accept=1
  MFCG it 140 cost=2.713583e+05 lam=1.600e-10 tau=0.00e+00 cg_it=0 shift=0 ckpt=1 alpha=0 acc mv=1017
PCG_PREP o=140 rebuild=1 drift=0 previous_depth=1
ATTR_RADIUS o=140 raw_norm=338012.87206560996 norm=444.32239092697847 radius=444.32239092697824 next_radius=444.32239092697824 lambda=1.6000000000000009e-10 next_lambda=1.6000000000000009e-10 rho=0.6671020211170855 accept=1
CLASSICAL_LM o=140 lambda=1.6000000000000009e-10 tau=1.6000000000000009e-10 prediction=17.053179930400898 rho=0.6671020211170855 accept=1
  MFCG it 141 cost=2.713469e+05 lam=1.600e-10 tau=0.00e+00 cg_it=1 shift=0 ckpt=2 alpha=0 acc mv=1020
PCG_PREP o=141 rebuild=1 drift=0 previous_depth=2
ATTR_RADIUS o=141 raw_norm=77116.256144578088 norm=444.32239092697813 radius=444.32239092697824 next_radius=444.32239092697824 lambda=1.6000000000000009e-10 next_lambda=1.6000000000000009e-10 rho=0.69412917010573116 accept=1
CLASSICAL_LM o=141 lambda=1.6000000000000009e-10 tau=1.6000000000000009e-10 prediction=19.300859320219093 rho=0.69412917010573116 accept=1
  MFCG it 142 cost=2.713335e+05 lam=1.600e-10 tau=0.00e+00 cg_it=0 shift=0 ckpt=1 alpha=0 acc mv=1022
PCG_PREP o=142 rebuild=1 drift=0 previous_depth=1
ATTR_RADIUS o=142 raw_norm=330841.42635318654 norm=444.3223909269783 radius=444.32239092697824 next_radius=444.32239092697824 lambda=1.6000000000000009e-10 next_lambda=1.6000000000000009e-10 rho=0.67372272765071273 accept=1
CLASSICAL_LM o=142 lambda=1.6000000000000009e-10 tau=1.6000000000000009e-10 prediction=17.370849821611973 rho=0.67372272765071273 accept=1
  MFCG it 143 cost=2.713218e+05 lam=1.600e-10 tau=0.00e+00 cg_it=1 shift=0 ckpt=2 alpha=0 acc mv=1025
PCG_PREP o=143 rebuild=1 drift=0 previous_depth=2
ATTR_RADIUS o=143 raw_norm=77211.277296980887 norm=444.32239092697813 radius=444.32239092697824 next_radius=444.32239092697824 lambda=1.6000000000000009e-10 next_lambda=1.6000000000000009e-10 rho=0.69325628589185151 accept=1
CLASSICAL_LM o=143 lambda=1.6000000000000009e-10 tau=1.6000000000000009e-10 prediction=19.205440632357064 rho=0.69325628589185151 accept=1
  MFCG it 144 cost=2.713085e+05 lam=1.600e-10 tau=0.00e+00 cg_it=0 shift=0 ckpt=1 alpha=0 acc mv=1027
PCG_PREP o=144 rebuild=1 drift=0 previous_depth=1
ATTR_RADIUS o=144 raw_norm=323594.42360787117 norm=444.32239092697796 radius=444.32239092697824 next_radius=444.32239092697824 lambda=1.6000000000000009e-10 next_lambda=1.6000000000000009e-10 rho=0.6804294865965278 accept=1
CLASSICAL_LM o=144 lambda=1.6000000000000009e-10 tau=1.6000000000000009e-10 prediction=17.706632398078721 rho=0.6804294865965278 accept=1
  MFCG it 145 cost=2.712965e+05 lam=1.600e-10 tau=0.00e+00 cg_it=1 shift=0 ckpt=2 alpha=0 acc mv=1030
PCG_PREP o=145 rebuild=1 drift=0 previous_depth=2
ATTR_RADIUS o=145 raw_norm=77265.549264907764 norm=444.32239092697836 radius=444.32239092697824 next_radius=444.32239092697824 lambda=1.6000000000000009e-10 next_lambda=1.6000000000000009e-10 rho=0.69252733548094081 accept=1
CLASSICAL_LM o=145 lambda=1.6000000000000009e-10 tau=1.6000000000000009e-10 prediction=19.119986132262031 rho=0.69252733548094081 accept=1
  MFCG it 146 cost=2.712832e+05 lam=1.600e-10 tau=0.00e+00 cg_it=0 shift=0 ckpt=1 alpha=0 acc mv=1032
PCG_PREP o=146 rebuild=1 drift=0 previous_depth=1
ATTR_RADIUS o=146 raw_norm=316109.56625599822 norm=444.32239092697807 radius=444.32239092697824 next_radius=444.32239092697824 lambda=1.6000000000000009e-10 next_lambda=1.6000000000000009e-10 rho=0.68739328788973797 accept=1
CLASSICAL_LM o=146 lambda=1.6000000000000009e-10 tau=1.6000000000000009e-10 prediction=18.071967553671335 rho=0.68739328788973797 accept=1
  MFCG it 147 cost=2.712708e+05 lam=1.600e-10 tau=0.00e+00 cg_it=1 shift=0 ckpt=2 alpha=0 acc mv=1035
PCG_PREP o=147 rebuild=1 drift=0 previous_depth=2
ATTR_RADIUS o=147 raw_norm=312445.31722573622 norm=444.3223909269783 radius=444.32239092697824 next_radius=444.32239092697824 lambda=1.6000000000000009e-10 next_lambda=1.6000000000000009e-10 rho=0.68996424964555603 accept=1
CLASSICAL_LM o=147 lambda=1.6000000000000009e-10 tau=1.6000000000000009e-10 prediction=18.262808338423298 rho=0.68996424964555603 accept=1
  MFCG it 148 cost=2.712582e+05 lam=1.600e-10 tau=0.00e+00 cg_it=1 shift=0 ckpt=2 alpha=0 acc mv=1038
PCG_PREP o=148 rebuild=1 drift=0 previous_depth=2
ATTR_RADIUS o=148 raw_norm=77251.436432253569 norm=444.32239092697819 radius=444.32239092697824 next_radius=444.32239092697824 lambda=1.6000000000000009e-10 next_lambda=1.6000000000000009e-10 rho=0.6913761809115343 accept=1
CLASSICAL_LM o=148 lambda=1.6000000000000009e-10 tau=1.6000000000000009e-10 prediction=19.053032690851282 rho=0.6913761809115343 accept=1
  MFCG it 149 cost=2.712450e+05 lam=1.600e-10 tau=0.00e+00 cg_it=0 shift=0 ckpt=1 alpha=0 acc mv=1040
PCG_PREP o=149 rebuild=1 drift=0 previous_depth=1
ATTR_RADIUS o=149 raw_norm=304715.75106745231 norm=444.32239092697819 radius=444.32239092697824 next_radius=444.32239092697824 lambda=1.6000000000000009e-10 next_lambda=1.6000000000000009e-10 rho=0.69710891734054081 accept=1
CLASSICAL_LM o=149 lambda=1.6000000000000009e-10 tau=1.6000000000000009e-10 prediction=18.667966737139338 rho=0.69710891734054081 accept=1
  MFCG it 150 cost=2.712320e+05 lam=1.600e-10 tau=0.00e+00 cg_it=1 shift=0 ckpt=2 alpha=0 acc mv=1043
PCG_PREP o=150 rebuild=1 drift=0 previous_depth=2
ATTR_RADIUS o=150 raw_norm=77206.964092242139 norm=444.32239092697836 radius=444.32239092697824 next_radius=444.32239092697824 lambda=1.6000000000000009e-10 next_lambda=1.6000000000000009e-10 rho=0.6909973150972778 accept=1
CLASSICAL_LM o=150 lambda=1.6000000000000009e-10 tau=1.6000000000000009e-10 prediction=18.990212193132098 rho=0.6909973150972778 accept=1
  MFCG it 151 cost=2.712189e+05 lam=1.600e-10 tau=0.00e+00 cg_it=0 shift=0 ckpt=1 alpha=0 acc mv=1045
PCG_PREP o=151 rebuild=1 drift=0 previous_depth=1
ATTR_RADIUS o=151 raw_norm=296880.90546693356 norm=444.32239092697819 radius=444.32239092697824 next_radius=444.32239092697824 lambda=1.6000000000000009e-10 next_lambda=1.6000000000000009e-10 rho=0.70449007738696534 accept=1
CLASSICAL_LM o=151 lambda=1.6000000000000009e-10 tau=1.6000000000000009e-10 prediction=19.103386452097766 rho=0.70449007738696534 accept=1
  MFCG it 152 cost=2.712054e+05 lam=1.600e-10 tau=0.00e+00 cg_it=1 shift=0 ckpt=2 alpha=0 acc mv=1048
PCG_PREP o=152 rebuild=1 drift=0 previous_depth=2
ATTR_RADIUS o=152 raw_norm=77125.603756058059 norm=444.32239092697819 radius=444.32239092697824 next_radius=444.32239092697824 lambda=1.6000000000000009e-10 next_lambda=1.6000000000000009e-10 rho=0.69074979791952629 accept=1
CLASSICAL_LM o=152 lambda=1.6000000000000009e-10 tau=1.6000000000000009e-10 prediction=18.935549425146249 rho=0.69074979791952629 accept=1
  MFCG it 153 cost=2.711923e+05 lam=1.600e-10 tau=0.00e+00 cg_it=0 shift=0 ckpt=1 alpha=0 acc mv=1050
PCG_PREP o=153 rebuild=1 drift=0 previous_depth=1
ATTR_RADIUS o=153 raw_norm=289060.12958546262 norm=444.32239092697819 radius=444.32239092697824 next_radius=444.32239092697824 lambda=1.6000000000000009e-10 next_lambda=1.6000000000000009e-10 rho=0.71188194482762557 accept=1
CLASSICAL_LM o=153 lambda=1.6000000000000009e-10 tau=1.6000000000000009e-10 prediction=19.561525823161773 rho=0.71188194482762557 accept=1
  MFCG it 154 cost=2.711784e+05 lam=1.600e-10 tau=0.00e+00 cg_it=1 shift=0 ckpt=2 alpha=0 acc mv=1053
PCG_PREP o=154 rebuild=1 drift=0 previous_depth=2
ATTR_RADIUS o=154 raw_norm=77008.665625357724 norm=444.32239092697796 radius=444.32239092697824 next_radius=444.32239092697824 lambda=1.6000000000000009e-10 next_lambda=1.6000000000000009e-10 rho=0.69062953564591034 accept=1
CLASSICAL_LM o=154 lambda=1.6000000000000009e-10 tau=1.6000000000000009e-10 prediction=18.888597546761879 rho=0.69062953564591034 accept=1
  MFCG it 155 cost=2.711654e+05 lam=1.600e-10 tau=0.00e+00 cg_it=0 shift=0 ckpt=1 alpha=0 acc mv=1055
PCG_PREP o=155 rebuild=1 drift=0 previous_depth=1
ATTR_RADIUS o=155 raw_norm=281159.25504859112 norm=444.32239092697836 radius=444.32239092697824 next_radius=444.32239092697824 lambda=1.6000000000000009e-10 next_lambda=1.6000000000000009e-10 rho=0.71937891423115052 accept=1
CLASSICAL_LM o=155 lambda=1.6000000000000009e-10 tau=1.6000000000000009e-10 prediction=20.051102740015594 rho=0.71937891423115052 accept=1
  MFCG it 156 cost=2.711510e+05 lam=1.600e-10 tau=0.00e+00 cg_it=1 shift=0 ckpt=2 alpha=0 acc mv=1058
PCG_PREP o=156 rebuild=1 drift=0 previous_depth=2
ATTR_RADIUS o=156 raw_norm=76857.31810672651 norm=444.32239092697819 radius=444.32239092697824 next_radius=444.32239092697824 lambda=1.6000000000000009e-10 next_lambda=1.6000000000000009e-10 rho=0.69063176560710771 accept=1
CLASSICAL_LM o=156 lambda=1.6000000000000009e-10 tau=1.6000000000000009e-10 prediction=18.84886375516728 rho=0.69063176560710771 accept=1
  MFCG it 157 cost=2.711379e+05 lam=1.600e-10 tau=0.00e+00 cg_it=0 shift=0 ckpt=1 alpha=0 acc mv=1060
PCG_PREP o=157 rebuild=1 drift=0 previous_depth=1
ATTR_RADIUS o=157 raw_norm=273230.70084127726 norm=444.32239092697807 radius=444.32239092697824 next_radius=444.32239092697824 lambda=1.6000000000000009e-10 next_lambda=1.6000000000000009e-10 rho=0.72692490732311443 accept=1
CLASSICAL_LM o=157 lambda=1.6000000000000009e-10 tau=1.6000000000000009e-10 prediction=20.570836870386284 rho=0.72692490732311443 accept=1
  MFCG it 158 cost=2.711230e+05 lam=1.600e-10 tau=0.00e+00 cg_it=1 shift=0 ckpt=2 alpha=0 acc mv=1063
PCG_PREP o=158 rebuild=1 drift=0 previous_depth=2
ATTR_RADIUS o=158 raw_norm=76673.138262976776 norm=444.32239092697841 radius=444.32239092697824 next_radius=444.32239092697824 lambda=1.6000000000000009e-10 next_lambda=1.6000000000000009e-10 rho=0.69075100275573409 accept=1
CLASSICAL_LM o=158 lambda=1.6000000000000009e-10 tau=1.6000000000000009e-10 prediction=18.81583685018494 rho=0.69075100275573409 accept=1
  MFCG it 159 cost=2.711100e+05 lam=1.600e-10 tau=0.00e+00 cg_it=0 shift=0 ckpt=1 alpha=0 acc mv=1065
PCG_PREP o=159 rebuild=1 drift=0 previous_depth=1
ATTR_RADIUS o=159 raw_norm=265301.85525439848 norm=444.32239092697813 radius=444.32239092697824 next_radius=444.32239092697824 lambda=1.6000000000000009e-10 next_lambda=1.6000000000000009e-10 rho=0.73449580220825295 accept=1
CLASSICAL_LM o=159 lambda=1.6000000000000009e-10 tau=1.6000000000000009e-10 prediction=21.121613976536768 rho=0.73449580220825295 accept=1
  MFCG it 160 cost=2.710945e+05 lam=1.600e-10 tau=0.00e+00 cg_it=1 shift=0 ckpt=2 alpha=0 acc mv=1068
PCG_PREP o=160 rebuild=1 drift=0 previous_depth=2
ATTR_RADIUS o=160 raw_norm=76457.93508307857 norm=444.32239092697836 radius=444.32239092697824 next_radius=444.32239092697824 lambda=1.6000000000000009e-10 next_lambda=1.6000000000000009e-10 rho=0.69098187073601769 accept=1
CLASSICAL_LM o=160 lambda=1.6000000000000009e-10 tau=1.6000000000000009e-10 prediction=18.789033384926267 rho=0.69098187073601769 accept=1
  MFCG it 161 cost=2.710815e+05 lam=1.600e-10 tau=0.00e+00 cg_it=0 shift=0 ckpt=1 alpha=0 acc mv=1070
PCG_PREP o=161 rebuild=1 drift=0 previous_depth=1
ATTR_RADIUS o=161 raw_norm=257321.6772419982 norm=444.32239092697836 radius=444.32239092697824 next_radius=444.32239092697824 lambda=1.6000000000000009e-10 next_lambda=1.6000000000000009e-10 rho=0.74214283080019261 accept=1
CLASSICAL_LM o=161 lambda=1.6000000000000009e-10 tau=1.6000000000000009e-10 prediction=21.710580092917962 rho=0.74214283080019261 accept=1
  MFCG it 162 cost=2.710654e+05 lam=1.600e-10 tau=0.00e+00 cg_it=1 shift=0 ckpt=2 alpha=0 acc mv=1073
PCG_PREP o=162 rebuild=1 drift=0 previous_depth=2
ATTR_RADIUS o=162 raw_norm=76213.293634282309 norm=444.32239092697853 radius=444.32239092697824 next_radius=444.32239092697824 lambda=1.6000000000000009e-10 next_lambda=1.6000000000000009e-10 rho=0.69131733484280511 accept=1
CLASSICAL_LM o=162 lambda=1.6000000000000009e-10 tau=1.6000000000000009e-10 prediction=18.767868497863155 rho=0.69131733484280511 accept=1
  MFCG it 163 cost=2.710524e+05 lam=1.600e-10 tau=0.00e+00 cg_it=0 shift=0 ckpt=1 alpha=0 acc mv=1075
PCG_PREP o=163 rebuild=1 drift=0 previous_depth=1
ATTR_RADIUS o=163 raw_norm=249281.42269126442 norm=444.3223909269783 radius=444.32239092697824 next_radius=444.32239092697824 lambda=1.6000000000000009e-10 next_lambda=1.6000000000000009e-10 rho=0.74986957473373528 accept=1
CLASSICAL_LM o=163 lambda=1.6000000000000009e-10 tau=1.6000000000000009e-10 prediction=22.342014276105168 rho=0.74986957473373528 accept=1
  MFCG it 164 cost=2.710356e+05 lam=1.600e-10 tau=0.00e+00 cg_it=1 shift=0 ckpt=2 alpha=0 acc mv=1078
PCG_PREP o=164 rebuild=1 drift=0 previous_depth=2
ATTR_RADIUS o=164 raw_norm=75941.319409707023 norm=444.3223909269783 radius=444.32239092697824 next_radius=444.32239092697824 lambda=1.6000000000000009e-10 next_lambda=1.6000000000000009e-10 rho=0.69175057824486363 accept=1
CLASSICAL_LM o=164 lambda=1.6000000000000009e-10 tau=1.6000000000000009e-10 prediction=18.751781926458193 rho=0.69175057824486363 accept=1
  MFCG it 165 cost=2.710227e+05 lam=1.600e-10 tau=0.00e+00 cg_it=0 shift=0 ckpt=1 alpha=0 acc mv=1080
PCG_PREP o=165 rebuild=1 drift=0 previous_depth=1
ATTR_RADIUS o=165 raw_norm=241430.91157044264 norm=444.32239092697853 radius=444.32239092697824 next_radius=888.64478185395649 lambda=1.6000000000000009e-10 next_lambda=4.0000000000000023e-11 rho=0.75743449684740127 accept=1
CLASSICAL_LM o=165 lambda=1.6000000000000009e-10 tau=1.6000000000000009e-10 prediction=22.99719731606768 rho=0.75743449684740127 accept=1
  MFCG it 166 cost=2.710053e+05 lam=4.000e-11 tau=0.00e+00 cg_it=1 shift=0 ckpt=2 alpha=0 acc mv=1083
PCG_PREP o=166 rebuild=1 drift=0 previous_depth=2
ATTR_RADIUS o=166 raw_norm=245997.70179914174 norm=888.64478185395672 radius=888.64478185395649 next_radius=888.64478185395649 lambda=4.0000000000000023e-11 next_lambda=4.0000000000000023e-11 rho=0.51459341195450214 accept=1
CLASSICAL_LM o=166 lambda=4.0000000000000023e-11 tau=4.0000000000000023e-11 prediction=45.062624812524639 rho=0.51459341195450214 accept=1
  MFCG it 167 cost=2.709821e+05 lam=4.000e-11 tau=0.00e+00 cg_it=1 shift=0 ckpt=2 alpha=0 acc mv=1086
PCG_PREP o=167 rebuild=1 drift=0 previous_depth=2
ATTR_RADIUS o=167 raw_norm=76772.066852074146 norm=888.6447818539566 radius=888.64478185395649 next_radius=888.64478185395649 lambda=4.0000000000000023e-11 next_lambda=4.0000000000000023e-11 rho=0.38749634223842516 accept=1
CLASSICAL_LM o=167 lambda=4.0000000000000023e-11 tau=4.0000000000000023e-11 prediction=37.021960981437083 rho=0.38749634223842516 accept=1
  MFCG it 168 cost=2.709677e+05 lam=4.000e-11 tau=0.00e+00 cg_it=0 shift=0 ckpt=1 alpha=0 acc mv=1088
PCG_PREP o=168 rebuild=1 drift=0 previous_depth=1
ATTR_RADIUS o=168 raw_norm=76048.89259822543 norm=888.6447818539566 radius=888.64478185395649 next_radius=888.64478185395649 lambda=4.0000000000000023e-11 next_lambda=4.0000000000000023e-11 rho=0.39233336814302949 accept=1
CLASSICAL_LM o=168 lambda=4.0000000000000023e-11 tau=4.0000000000000023e-11 prediction=37.297945665039968 rho=0.39233336814302949 accept=1
  MFCG it 169 cost=2.709531e+05 lam=4.000e-11 tau=0.00e+00 cg_it=0 shift=0 ckpt=1 alpha=0 acc mv=1090
PCG_PREP o=169 rebuild=1 drift=0 previous_depth=1
ATTR_RADIUS o=169 raw_norm=75301.302242917081 norm=888.64478185395592 radius=888.64478185395649 next_radius=888.64478185395649 lambda=4.0000000000000023e-11 next_lambda=4.0000000000000023e-11 rho=0.39737609291792336 accept=1
CLASSICAL_LM o=169 lambda=4.0000000000000023e-11 tau=4.0000000000000023e-11 prediction=37.579003918286261 rho=0.39737609291792336 accept=1
  MFCG it 170 cost=2.709382e+05 lam=4.000e-11 tau=0.00e+00 cg_it=0 shift=0 ckpt=1 alpha=0 acc mv=1092
PCG_PREP o=170 rebuild=1 drift=0 previous_depth=1
ATTR_RADIUS o=170 raw_norm=74533.254815343695 norm=888.64478185395581 radius=888.64478185395649 next_radius=888.64478185395649 lambda=4.0000000000000023e-11 next_lambda=4.0000000000000023e-11 rho=0.40260811443876832 accept=1
CLASSICAL_LM o=170 lambda=4.0000000000000023e-11 tau=4.0000000000000023e-11 prediction=37.872380038988865 rho=0.40260811443876832 accept=1
  MFCG it 171 cost=2.709229e+05 lam=4.000e-11 tau=0.00e+00 cg_it=0 shift=0 ckpt=1 alpha=0 acc mv=1094
PCG_PREP o=171 rebuild=1 drift=0 previous_depth=1
ATTR_RADIUS o=171 raw_norm=73746.80155087242 norm=888.64478185395672 radius=888.64478185395649 next_radius=888.64478185395649 lambda=4.0000000000000023e-11 next_lambda=4.0000000000000023e-11 rho=0.40801300260335294 accept=1
CLASSICAL_LM o=171 lambda=4.0000000000000023e-11 tau=4.0000000000000023e-11 prediction=38.177040885803862 rho=0.40801300260335294 accept=1
  MFCG it 172 cost=2.709073e+05 lam=4.000e-11 tau=0.00e+00 cg_it=0 shift=0 ckpt=1 alpha=0 acc mv=1096
PCG_PREP o=172 rebuild=1 drift=0 previous_depth=1
ATTR_RADIUS o=172 raw_norm=72943.85514997055 norm=888.6447818539566 radius=888.64478185395649 next_radius=888.64478185395649 lambda=4.0000000000000023e-11 next_lambda=4.0000000000000023e-11 rho=0.4135773335852907 accept=1
CLASSICAL_LM o=172 lambda=4.0000000000000023e-11 tau=4.0000000000000023e-11 prediction=38.49255700973778 rho=0.4135773335852907 accept=1
  MFCG it 173 cost=2.708914e+05 lam=4.000e-11 tau=0.00e+00 cg_it=0 shift=0 ckpt=1 alpha=0 acc mv=1098
PCG_PREP o=173 rebuild=1 drift=0 previous_depth=1
ATTR_RADIUS o=173 raw_norm=72126.493778893055 norm=888.64478185395649 radius=888.64478185395649 next_radius=888.64478185395649 lambda=4.0000000000000023e-11 next_lambda=4.0000000000000023e-11 rho=0.41928515259942867 accept=1
CLASSICAL_LM o=173 lambda=4.0000000000000023e-11 tau=4.0000000000000023e-11 prediction=38.81815301834839 rho=0.41928515259942867 accept=1
  MFCG it 174 cost=2.708751e+05 lam=4.000e-11 tau=0.00e+00 cg_it=0 shift=0 ckpt=1 alpha=0 acc mv=1100
PCG_PREP o=174 rebuild=1 drift=0 previous_depth=1
ATTR_RADIUS o=174 raw_norm=71296.865399372997 norm=888.64478185395672 radius=888.64478185395649 next_radius=888.64478185395649 lambda=4.0000000000000023e-11 next_lambda=4.0000000000000023e-11 rho=0.42512106491369966 accept=1
CLASSICAL_LM o=174 lambda=4.0000000000000023e-11 tau=4.0000000000000023e-11 prediction=39.153065551112249 rho=0.42512106491369966 accept=1
  MFCG it 175 cost=2.708585e+05 lam=4.000e-11 tau=0.00e+00 cg_it=0 shift=0 ckpt=1 alpha=0 acc mv=1102
PCG_PREP o=175 rebuild=1 drift=0 previous_depth=1
ATTR_RADIUS o=175 raw_norm=70456.710827167786 norm=888.6447818539566 radius=888.64478185395649 next_radius=888.64478185395649 lambda=4.0000000000000023e-11 next_lambda=4.0000000000000023e-11 rho=0.4310733903615252 accept=1
CLASSICAL_LM o=175 lambda=4.0000000000000023e-11 tau=4.0000000000000023e-11 prediction=39.496748304090737 rho=0.4310733903615252 accept=1
  MFCG it 176 cost=2.708415e+05 lam=4.000e-11 tau=0.00e+00 cg_it=0 shift=0 ckpt=1 alpha=0 acc mv=1104
PCG_PREP o=176 rebuild=1 drift=0 previous_depth=1
ATTR_RADIUS o=176 raw_norm=69607.89080459527 norm=888.64478185395637 radius=888.64478185395649 next_radius=888.64478185395649 lambda=4.0000000000000023e-11 next_lambda=4.0000000000000023e-11 rho=0.43712817483594829 accept=1
CLASSICAL_LM o=176 lambda=4.0000000000000023e-11 tau=4.0000000000000023e-11 prediction=39.848448556379395 rho=0.43712817483594829 accept=1
  MFCG it 177 cost=2.708240e+05 lam=4.000e-11 tau=0.00e+00 cg_it=0 shift=0 ckpt=1 alpha=0 acc mv=1106
PCG_PREP o=177 rebuild=1 drift=0 previous_depth=1
ATTR_RADIUS o=177 raw_norm=68752.321463259213 norm=888.64478185395626 radius=888.64478185395649 next_radius=888.64478185395649 lambda=4.0000000000000023e-11 next_lambda=4.0000000000000023e-11 rho=0.44327149960826018 accept=1
CLASSICAL_LM o=177 lambda=4.0000000000000023e-11 tau=4.0000000000000023e-11 prediction=40.207363702234872 rho=0.44327149960826018 accept=1
  MFCG it 178 cost=2.708062e+05 lam=4.000e-11 tau=0.00e+00 cg_it=0 shift=0 ckpt=1 alpha=0 acc mv=1108
PCG_PREP o=178 rebuild=1 drift=0 previous_depth=1
ATTR_RADIUS o=178 raw_norm=67891.770184932495 norm=888.64478185395672 radius=888.64478185395649 next_radius=888.64478185395649 lambda=4.0000000000000023e-11 next_lambda=4.0000000000000023e-11 rho=0.44948845066499143 accept=1
CLASSICAL_LM o=178 lambda=4.0000000000000023e-11 tau=4.0000000000000023e-11 prediction=40.572554865721933 rho=0.44948845066499143 accept=1
  MFCG it 179 cost=2.707880e+05 lam=4.000e-11 tau=0.00e+00 cg_it=0 shift=0 ckpt=1 alpha=0 acc mv=1110
PCG_PREP o=179 rebuild=1 drift=0 previous_depth=1
ATTR_RADIUS o=179 raw_norm=67027.733608485709 norm=888.6447818539566 radius=888.64478185395649 next_radius=888.64478185395649 lambda=4.0000000000000023e-11 next_lambda=4.0000000000000023e-11 rho=0.45577226595313891 accept=1
CLASSICAL_LM o=179 lambda=4.0000000000000023e-11 tau=4.0000000000000023e-11 prediction=40.943661595493964 rho=0.45577226595313891 accept=1
  MFCG it 180 cost=2.707693e+05 lam=4.000e-11 tau=0.00e+00 cg_it=0 shift=0 ckpt=1 alpha=0 acc mv=1112
PCG_PREP o=180 rebuild=1 drift=0 previous_depth=1
ATTR_RADIUS o=180 raw_norm=142130.6478677683 norm=888.64478185395672 radius=888.64478185395649 next_radius=888.64478185395649 lambda=4.0000000000000023e-11 next_lambda=4.0000000000000023e-11 rho=0.71276985426678208 accept=1
CLASSICAL_LM o=180 lambda=4.0000000000000023e-11 tau=4.0000000000000023e-11 prediction=75.756685025573987 rho=0.71276985426678208 accept=1
  MFCG it 181 cost=2.707153e+05 lam=4.000e-11 tau=0.00e+00 cg_it=1 shift=0 ckpt=2 alpha=0 acc mv=1115
PCG_PREP o=181 rebuild=1 drift=0 previous_depth=2
ATTR_RADIUS o=181 raw_norm=65796.640472806786 norm=888.64478185395626 radius=888.64478185395649 next_radius=888.64478185395649 lambda=4.0000000000000023e-11 next_lambda=4.0000000000000023e-11 rho=0.46035552253202955 accept=1
CLASSICAL_LM o=181 lambda=4.0000000000000023e-11 tau=4.0000000000000023e-11 prediction=41.543528160721948 rho=0.46035552253202955 accept=1
  MFCG it 182 cost=2.706962e+05 lam=4.000e-11 tau=0.00e+00 cg_it=0 shift=0 ckpt=1 alpha=0 acc mv=1117
PCG_PREP o=182 rebuild=1 drift=0 previous_depth=1
ATTR_RADIUS o=182 raw_norm=64912.178232287079 norm=888.64478185395626 radius=888.64478185395649 next_radius=888.64478185395649 lambda=4.0000000000000023e-11 next_lambda=4.0000000000000023e-11 rho=0.46677216372851338 accept=1
CLASSICAL_LM o=182 lambda=4.0000000000000023e-11 tau=4.0000000000000023e-11 prediction=41.945055285414327 rho=0.46677216372851338 accept=1
  MFCG it 183 cost=2.706766e+05 lam=4.000e-11 tau=0.00e+00 cg_it=0 shift=0 ckpt=1 alpha=0 acc mv=1119
PCG_PREP o=183 rebuild=1 drift=0 previous_depth=1
ATTR_RADIUS o=183 raw_norm=64025.931444876151 norm=888.64478185395626 radius=888.64478185395649 next_radius=888.64478185395649 lambda=4.0000000000000023e-11 next_lambda=4.0000000000000023e-11 rho=0.47338776523361159 accept=1
CLASSICAL_LM o=183 lambda=4.0000000000000023e-11 tau=4.0000000000000023e-11 prediction=42.342648284008831 rho=0.47338776523361159 accept=1
  MFCG it 184 cost=2.706566e+05 lam=4.000e-11 tau=0.00e+00 cg_it=0 shift=0 ckpt=1 alpha=0 acc mv=1121
PCG_PREP o=184 rebuild=1 drift=0 previous_depth=1
ATTR_RADIUS o=184 raw_norm=63144.032024320026 norm=888.64478185395637 radius=888.64478185395649 next_radius=888.64478185395649 lambda=4.0000000000000023e-11 next_lambda=4.0000000000000023e-11 rho=0.48001210399313904 accept=1
CLASSICAL_LM o=184 lambda=4.0000000000000023e-11 tau=4.0000000000000023e-11 prediction=42.742572011540368 rho=0.48001210399313904 accept=1
  MFCG it 185 cost=2.706361e+05 lam=4.000e-11 tau=0.00e+00 cg_it=0 shift=0 ckpt=1 alpha=0 acc mv=1123
PCG_PREP o=185 rebuild=1 drift=0 previous_depth=1
ATTR_RADIUS o=185 raw_norm=62267.300592698899 norm=888.64478185395672 radius=888.64478185395649 next_radius=888.64478185395649 lambda=4.0000000000000023e-11 next_lambda=4.0000000000000023e-11 rho=0.4866378270320571 accept=1
CLASSICAL_LM o=185 lambda=4.0000000000000023e-11 tau=4.0000000000000023e-11 prediction=43.143156008703208 rho=0.4866378270320571 accept=1
  MFCG it 186 cost=2.706151e+05 lam=4.000e-11 tau=0.00e+00 cg_it=0 shift=0 ckpt=1 alpha=0 acc mv=1125
PCG_PREP o=186 rebuild=1 drift=0 previous_depth=1
ATTR_RADIUS o=186 raw_norm=108593.72397344714 norm=888.64478185395672 radius=888.64478185395649 next_radius=1777.289563707913 lambda=4.0000000000000023e-11 next_lambda=1.0000000000000006e-11 rho=0.77819205993720608 accept=1
CLASSICAL_LM o=186 lambda=4.0000000000000023e-11 tau=4.0000000000000023e-11 prediction=97.618796493747823 rho=0.77819205993720608 accept=1
  MFCG it 187 cost=2.705391e+05 lam=1.000e-11 tau=0.00e+00 cg_it=1 shift=0 ckpt=2 alpha=0 acc mv=1128
PCG_PREP o=187 rebuild=1 drift=0 previous_depth=2
ATTR_RADIUS o=187 raw_norm=61686.390560072017 norm=0 radius=1777.289563707913 next_radius=444.32239092697824 lambda=1.0000000000000006e-11 next_lambda=1.6000000000000009e-10 rho=0.0080534063145862086 accept=0
CLASSICAL_LM o=187 lambda=1.0000000000000006e-11 tau=1.0000000000000006e-11 prediction=85.698640798298385 rho=0.0080534063145862086 accept=0
  MFCG it 188  retry 1/8  lam=1.600e-10 tau_eff=1.000e-11  (assembly reused)
PCG_PREP o=187 rebuild=1 drift=0 previous_depth=1
ATTR_RADIUS o=187 raw_norm=59587.702986556695 norm=444.32239092697836 radius=444.32239092697824 next_radius=444.32239092697824 lambda=1.6000000000000009e-10 next_lambda=1.6000000000000009e-10 rho=0.74543265327923192 accept=1
CLASSICAL_LM o=187 lambda=1.6000000000000009e-10 tau=1.6000000000000009e-10 prediction=22.476717346590416 rho=0.74543265327923192 accept=1
  MFCG it 188 cost=2.705223e+05 lam=1.600e-10 tau=0.00e+00 cg_it=0 shift=0 ckpt=1 alpha=0 acc mv=1132
PCG_PREP o=188 rebuild=1 drift=0 previous_depth=1
ATTR_RADIUS o=188 raw_norm=59290.194905848286 norm=444.32239092697836 radius=444.32239092697824 next_radius=444.32239092697824 lambda=1.6000000000000009e-10 next_lambda=1.6000000000000009e-10 rho=0.745849453572899 accept=1
CLASSICAL_LM o=188 lambda=1.6000000000000009e-10 tau=1.6000000000000009e-10 prediction=22.408969137062606 rho=0.745849453572899 accept=1
  MFCG it 189 cost=2.705056e+05 lam=1.600e-10 tau=0.00e+00 cg_it=0 shift=0 ckpt=1 alpha=0 acc mv=1134
PCG_PREP o=189 rebuild=1 drift=0 previous_depth=1
ATTR_RADIUS o=189 raw_norm=94552.220144775289 norm=444.32239092697841 radius=444.32239092697824 next_radius=888.64478185395649 lambda=1.6000000000000009e-10 next_lambda=4.0000000000000023e-11 rho=0.90066740243535026 accept=1
CLASSICAL_LM o=189 lambda=1.6000000000000009e-10 tau=1.6000000000000009e-10 prediction=55.631216090382608 rho=0.90066740243535026 accept=1
  MFCG it 190 cost=2.704555e+05 lam=4.000e-11 tau=0.00e+00 cg_it=1 shift=0 ckpt=2 alpha=0 acc mv=1137
PCG_PREP o=190 rebuild=1 drift=0 previous_depth=2
ATTR_RADIUS o=190 raw_norm=60778.069568304192 norm=888.6447818539566 radius=888.64478185395649 next_radius=888.64478185395649 lambda=4.0000000000000023e-11 next_lambda=4.0000000000000023e-11 rho=0.49112556898073767 accept=1
CLASSICAL_LM o=190 lambda=4.0000000000000023e-11 tau=4.0000000000000023e-11 prediction=43.068411723723258 rho=0.49112556898073767 accept=1
  MFCG it 191 cost=2.704344e+05 lam=4.000e-11 tau=0.00e+00 cg_it=0 shift=0 ckpt=1 alpha=0 acc mv=1139
PCG_PREP o=191 rebuild=1 drift=0 previous_depth=1
ATTR_RADIUS o=191 raw_norm=91106.550850868793 norm=888.64478185395637 radius=888.64478185395649 next_radius=1777.289563707913 lambda=4.0000000000000023e-11 next_lambda=1.0000000000000006e-11 rho=0.81248083365607182 accept=1
CLASSICAL_LM o=191 lambda=4.0000000000000023e-11 tau=4.0000000000000023e-11 prediction=114.57996257404739 rho=0.81248083365607182 accept=1
  MFCG it 192 cost=2.703413e+05 lam=1.000e-11 tau=0.00e+00 cg_it=1 shift=0 ckpt=2 alpha=0 acc mv=1142
PCG_PREP o=192 rebuild=1 drift=0 previous_depth=2
ATTR_RADIUS o=192 raw_norm=60302.853380696899 norm=0 radius=1777.289563707913 next_radius=444.32239092697824 lambda=1.0000000000000006e-11 next_lambda=1.6000000000000009e-10 rho=0.0148858707988397 accept=0
CLASSICAL_LM o=192 lambda=1.0000000000000006e-11 tau=1.0000000000000006e-11 prediction=85.2543880321725 rho=0.0148858707988397 accept=0
  MFCG it 193  retry 1/8  lam=1.600e-10 tau_eff=1.000e-11  (assembly reused)
PCG_PREP o=192 rebuild=1 drift=0 previous_depth=1
ATTR_RADIUS o=192 raw_norm=58210.725301844097 norm=444.3223909269783 radius=444.32239092697824 next_radius=444.32239092697824 lambda=1.6000000000000009e-10 next_lambda=1.6000000000000009e-10 rho=0.74759214499459747 accept=1
CLASSICAL_LM o=192 lambda=1.6000000000000009e-10 tau=1.6000000000000009e-10 prediction=22.395074832575652 rho=0.74759214499459747 accept=1
  MFCG it 193 cost=2.703245e+05 lam=1.600e-10 tau=0.00e+00 cg_it=0 shift=0 ckpt=1 alpha=0 acc mv=1146
PCG_PREP o=193 rebuild=1 drift=0 previous_depth=1
ATTR_RADIUS o=193 raw_norm=57900.262670112883 norm=444.32239092697836 radius=444.32239092697824 next_radius=444.32239092697824 lambda=1.6000000000000009e-10 next_lambda=1.6000000000000009e-10 rho=0.74786590163258493 accept=1
CLASSICAL_LM o=193 lambda=1.6000000000000009e-10 tau=1.6000000000000009e-10 prediction=22.319169773014874 rho=0.74786590163258493 accept=1
  MFCG it 194 cost=2.703078e+05 lam=1.600e-10 tau=0.00e+00 cg_it=0 shift=0 ckpt=1 alpha=0 acc mv=1148
PCG_PREP o=194 rebuild=1 drift=0 previous_depth=1
ATTR_RADIUS o=194 raw_norm=78546.477221378649 norm=444.32239092697819 radius=444.32239092697824 next_radius=888.64478185395649 lambda=1.6000000000000009e-10 next_lambda=4.0000000000000023e-11 rho=0.91688920228933346 accept=1
CLASSICAL_LM o=194 lambda=1.6000000000000009e-10 tau=1.6000000000000009e-10 prediction=65.8868911581269 rho=0.91688920228933346 accept=1
  MFCG it 195 cost=2.702474e+05 lam=4.000e-11 tau=0.00e+00 cg_it=1 shift=0 ckpt=2 alpha=0 acc mv=1151
PCG_PREP o=195 rebuild=1 drift=0 previous_depth=2
ATTR_RADIUS o=195 raw_norm=59448.390753870633 norm=888.64478185395637 radius=888.64478185395649 next_radius=888.64478185395649 lambda=4.0000000000000023e-11 next_lambda=4.0000000000000023e-11 rho=0.49413340772444031 accept=1
CLASSICAL_LM o=195 lambda=4.0000000000000023e-11 tau=4.0000000000000023e-11 prediction=42.744529774340158 rho=0.49413340772444031 accept=1
  MFCG it 196 cost=2.702263e+05 lam=4.000e-11 tau=0.00e+00 cg_it=0 shift=0 ckpt=1 alpha=0 acc mv=1153
PCG_PREP o=196 rebuild=1 drift=0 previous_depth=1
ATTR_RADIUS o=196 raw_norm=75125.976581955794 norm=888.6447818539566 radius=888.64478185395649 next_radius=1777.289563707913 lambda=4.0000000000000023e-11 next_lambda=1.0000000000000006e-11 rho=0.84434065713925788 accept=1
CLASSICAL_LM o=196 lambda=4.0000000000000023e-11 tau=4.0000000000000023e-11 prediction=136.51085055518641 rho=0.84434065713925788 accept=1
  MFCG it 197 cost=2.701111e+05 lam=1.000e-11 tau=0.00e+00 cg_it=1 shift=0 ckpt=2 alpha=0 acc mv=1156
PCG_PREP o=197 rebuild=1 drift=0 previous_depth=2
ATTR_RADIUS o=197 raw_norm=59118.100072676134 norm=0 radius=1777.289563707913 next_radius=444.32239092697824 lambda=1.0000000000000006e-11 next_lambda=1.6000000000000009e-10 rho=0.016910623449557204 accept=0
CLASSICAL_LM o=197 lambda=1.0000000000000006e-11 tau=1.0000000000000006e-11 prediction=84.104400353233871 rho=0.016910623449557204 accept=0
  MFCG it 198  retry 1/8  lam=1.600e-10 tau_eff=1.000e-11  (assembly reused)
PCG_PREP o=197 rebuild=1 drift=0 previous_depth=1
ATTR_RADIUS o=197 raw_norm=57032.875582502522 norm=444.32239092697836 radius=444.32239092697824 next_radius=444.32239092697824 lambda=1.6000000000000009e-10 next_lambda=1.6000000000000009e-10 rho=0.74863703818972338 accept=1
CLASSICAL_LM o=197 lambda=1.6000000000000009e-10 tau=1.6000000000000009e-10 prediction=22.132200633015533 rho=0.74863703818972338 accept=1
  MFCG it 198 cost=2.700945e+05 lam=1.600e-10 tau=0.00e+00 cg_it=0 shift=0 ckpt=1 alpha=0 acc mv=1160
PCG_PREP o=198 rebuild=1 drift=0 previous_depth=1
ATTR_RADIUS o=198 raw_norm=56711.833769899815 norm=444.32239092697847 radius=444.32239092697824 next_radius=444.32239092697824 lambda=1.6000000000000009e-10 next_lambda=1.6000000000000009e-10 rho=0.74864009033511947 accept=1
CLASSICAL_LM o=198 lambda=1.6000000000000009e-10 tau=1.6000000000000009e-10 prediction=22.040217835790024 rho=0.74864009033511947 accept=1
  MFCG it 199 cost=2.700780e+05 lam=1.600e-10 tau=0.00e+00 cg_it=0 shift=0 ckpt=1 alpha=0 acc mv=1162
PCG_PREP o=199 rebuild=1 drift=0 previous_depth=1
ATTR_RADIUS o=199 raw_norm=63725.001711557656 norm=444.32239092697841 radius=444.32239092697824 next_radius=888.64478185395649 lambda=1.6000000000000009e-10 next_lambda=4.0000000000000023e-11 rho=0.93218554978834245 accept=1
CLASSICAL_LM o=199 lambda=1.6000000000000009e-10 tau=1.6000000000000009e-10 prediction=79.677447491116595 rho=0.93218554978834245 accept=1
  MFCG it 200 cost=2.700037e+05 lam=4.000e-11 tau=0.00e+00 cg_it=1 shift=0 ckpt=2 alpha=0 acc mv=1165
PCG_PREP o=200 rebuild=1 drift=0 previous_depth=2
ATTR_RADIUS o=200 raw_norm=58351.831275081997 norm=888.64478185395637 radius=888.64478185395649 next_radius=888.64478185395649 lambda=4.0000000000000023e-11 next_lambda=4.0000000000000023e-11 rho=0.49429072421601983 accept=1
CLASSICAL_LM o=200 lambda=4.0000000000000023e-11 tau=4.0000000000000023e-11 prediction=42.015781189455318 rho=0.49429072421601983 accept=1
  MFCG it 201 cost=2.699829e+05 lam=4.000e-11 tau=0.00e+00 cg_it=0 shift=0 ckpt=1 alpha=0 acc mv=1167
PCG_PREP o=201 rebuild=1 drift=0 previous_depth=1
ATTR_RADIUS o=201 raw_norm=60283.154492058871 norm=888.64478185395649 radius=888.64478185395649 next_radius=1777.289563707913 lambda=4.0000000000000023e-11 next_lambda=1.0000000000000006e-11 rho=0.87449274669712351 accept=1
CLASSICAL_LM o=201 lambda=4.0000000000000023e-11 tau=4.0000000000000023e-11 prediction=166.56932303659437 rho=0.87449274669712351 accept=1
  MFCG it 202 cost=2.698373e+05 lam=1.000e-11 tau=0.00e+00 cg_it=1 shift=0 ckpt=2 alpha=0 acc mv=1170
PCG_PREP o=202 rebuild=1 drift=0 previous_depth=2
ATTR_RADIUS o=202 raw_norm=58233.808649401966 norm=0 radius=1777.289563707913 next_radius=444.32239092697824 lambda=1.0000000000000006e-11 next_lambda=1.6000000000000009e-10 rho=0.011491871467242534 accept=0
CLASSICAL_LM o=202 lambda=1.0000000000000006e-11 tau=1.0000000000000006e-11 prediction=81.963878926745949 rho=0.011491871467242534 accept=0
  MFCG it 203  retry 1/8  lam=1.600e-10 tau_eff=1.000e-11  (assembly reused)
PCG_PREP o=202 rebuild=1 drift=0 previous_depth=1
ATTR_RADIUS o=202 raw_norm=56150.932338253144 norm=444.32239092697819 radius=444.32239092697824 next_radius=444.32239092697824 lambda=1.6000000000000009e-10 next_lambda=1.6000000000000009e-10 rho=0.74802735867105519 accept=1
CLASSICAL_LM o=202 lambda=1.6000000000000009e-10 tau=1.6000000000000009e-10 prediction=21.619363134784731 rho=0.74802735867105519 accept=1
  MFCG it 203 cost=2.698211e+05 lam=1.600e-10 tau=0.00e+00 cg_it=0 shift=0 ckpt=1 alpha=0 acc mv=1174
PCG_PREP o=203 rebuild=1 drift=0 previous_depth=1
ATTR_RADIUS o=203 raw_norm=55819.58969522894 norm=444.32239092697819 radius=444.32239092697824 next_radius=444.32239092697824 lambda=1.6000000000000009e-10 next_lambda=1.6000000000000009e-10 rho=0.74750964187767854 accept=1
CLASSICAL_LM o=203 lambda=1.6000000000000009e-10 tau=1.6000000000000009e-10 prediction=21.496209154040951 rho=0.74750964187767854 accept=1
  MFCG it 204 cost=2.698050e+05 lam=1.600e-10 tau=0.00e+00 cg_it=0 shift=0 ckpt=1 alpha=0 acc mv=1176
PCG_PREP o=204 rebuild=1 drift=0 previous_depth=1
ATTR_RADIUS o=204 raw_norm=49948.179560966331 norm=444.32239092697841 radius=444.32239092697824 next_radius=888.64478185395649 lambda=1.6000000000000009e-10 next_lambda=4.0000000000000023e-11 rho=0.94673892171670915 accept=1
CLASSICAL_LM o=204 lambda=1.6000000000000009e-10 tau=1.6000000000000009e-10 prediction=99.330536191411539 rho=0.94673892171670915 accept=1
  MFCG it 205 cost=2.697110e+05 lam=4.000e-11 tau=0.00e+00 cg_it=1 shift=0 ckpt=2 alpha=0 acc mv=1179
PCG_PREP o=205 rebuild=1 drift=0 previous_depth=2
ATTR_RADIUS o=205 raw_norm=57604.823835788746 norm=888.6447818539566 radius=888.64478185395649 next_radius=888.64478185395649 lambda=4.0000000000000023e-11 next_lambda=4.0000000000000023e-11 rho=0.49001560152986473 accept=1
CLASSICAL_LM o=205 lambda=4.0000000000000023e-11 tau=4.0000000000000023e-11 prediction=40.717056538434797 rho=0.49001560152986473 accept=1
  MFCG it 206 cost=2.696910e+05 lam=4.000e-11 tau=0.00e+00 cg_it=0 shift=0 ckpt=1 alpha=0 acc mv=1181
PCG_PREP o=206 rebuild=1 drift=0 previous_depth=1
ATTR_RADIUS o=206 raw_norm=46476.874840685945 norm=888.64478185395672 radius=888.64478185395649 next_radius=1777.289563707913 lambda=4.0000000000000023e-11 next_lambda=1.0000000000000006e-11 rho=0.9032672225451438 accept=1
CLASSICAL_LM o=206 lambda=4.0000000000000023e-11 tau=4.0000000000000023e-11 prediction=210.4721321597782 rho=0.9032672225451438 accept=1
  MFCG it 207 cost=2.695009e+05 lam=1.000e-11 tau=0.00e+00 cg_it=1 shift=0 ckpt=2 alpha=0 acc mv=1184
PCG_PREP o=207 rebuild=1 drift=0 previous_depth=2
POINT_SAFE o=207 frozen=1328 slope=-79.946814224368268 candidate=269501.19677466515 original=269481.9882658053 current=269500.9354203702 won=0 mode=1 camera_scale=1 keep_scale=0
ATTR_RADIUS o=207 raw_norm=57809.679000032302 norm=888.6447818539566 radius=1777.289563707913 next_radius=1777.289563707913 lambda=1.0000000000000006e-11 next_lambda=1.0000000000000006e-12 rho=0.47875082352697917 accept=1
CLASSICAL_LM o=207 lambda=1.0000000000000006e-11 tau=1.0000000000000006e-11 prediction=39.576233885750504 rho=0.47875082352697917 accept=1
  MFCG it 208 cost=2.694820e+05 lam=1.000e-12 tau=0.00e+00 cg_it=0 shift=0 ckpt=1 alpha=0 acc mv=1186
PCG_PREP o=208 rebuild=1 drift=0 previous_depth=1
POINT_SAFE o=208 frozen=1039 slope=-80.732767817125804 candidate=269481.20744059701 original=269462.59200999385 current=269481.9882658053 won=0 mode=1 camera_scale=1 keep_scale=0
ATTR_RADIUS o=208 raw_norm=56901.457133016505 norm=888.64478185395637 radius=1777.289563707913 next_radius=1777.289563707913 lambda=1.0000000000000006e-12 next_lambda=1.0000000000000007e-13 rho=0.48503472197584652 accept=1
CLASSICAL_LM o=208 lambda=1.0000000000000006e-12 tau=1.0000000000000006e-12 prediction=39.989417113130791 rho=0.48503472197584652 accept=1
  MFCG it 209 cost=2.694626e+05 lam=1.000e-13 tau=0.00e+00 cg_it=0 shift=0 ckpt=1 alpha=0 acc mv=1188
PCG_PREP o=209 rebuild=1 drift=0 previous_depth=1
ATTR_RADIUS o=209 raw_norm=55894.705766423904 norm=0 radius=1777.289563707913 next_radius=444.32239092697824 lambda=1.0000000000000007e-13 next_lambda=1.6000000000000011e-12 rho=0.025200898328842876 accept=0
CLASSICAL_LM o=209 lambda=1.0000000000000007e-13 tau=1.0000000000000007e-13 prediction=80.322940919415359 rho=0.025200898328842876 accept=0
  MFCG it 210  retry 1/8  lam=1.600e-12 tau_eff=1.000e-13  (assembly reused)
PCG_PREP o=209 rebuild=1 drift=0 previous_depth=1
ATTR_RADIUS o=209 raw_norm=55870.040078391154 norm=444.32239092697807 radius=444.32239092697824 next_radius=444.32239092697824 lambda=1.6000000000000011e-12 next_lambda=1.6000000000000011e-12 rho=0.74250992796993143 accept=1
CLASSICAL_LM o=209 lambda=1.6000000000000011e-12 tau=1.6000000000000011e-12 prediction=20.460740452234891 rho=0.74250992796993143 accept=1
  MFCG it 210 cost=2.694474e+05 lam=1.600e-12 tau=0.00e+00 cg_it=0 shift=0 ckpt=1 alpha=0 acc mv=1192
PCG_PREP o=210 rebuild=1 drift=0 previous_depth=1
POINT_SAFE o=210 frozen=32 slope=-137.20204598612366 candidate=269316.19257113198 original=269380.50774296134 current=269447.39970707445 won=1 mode=1 camera_scale=1 keep_scale=0
ATTR_RADIUS o=210 raw_norm=35234.435357132803 norm=444.3223909269783 radius=444.32239092697824 next_radius=888.64478185395649 lambda=1.6000000000000011e-12 next_lambda=4.0000000000000026e-13 rho=0.962842446930671 accept=1
CLASSICAL_LM o=210 lambda=1.6000000000000011e-12 tau=1.6000000000000011e-12 prediction=136.27061868816949 rho=0.962842446930671 accept=1
  MFCG it 211 cost=2.693162e+05 lam=4.000e-13 tau=0.00e+00 cg_it=1 shift=0 ckpt=2 alpha=0 acc mv=1195
PCG_PREP o=211 rebuild=1 drift=0 previous_depth=2
ATTR_RADIUS o=211 raw_norm=32462.661347838515 norm=888.64478185395637 radius=888.64478185395649 next_radius=888.64478185395649 lambda=4.0000000000000026e-13 next_lambda=4.0000000000000026e-13 rho=0.61419635472539336 accept=1
CLASSICAL_LM o=211 lambda=4.0000000000000026e-13 tau=4.0000000000000026e-13 prediction=291.35248103136291 rho=0.61419635472539336 accept=1
  MFCG it 212 cost=2.691372e+05 lam=4.000e-13 tau=0.00e+00 cg_it=1 shift=0 ckpt=2 alpha=0 acc mv=1198
PCG_PREP o=212 rebuild=1 drift=0 previous_depth=2
ATTR_RADIUS o=212 raw_norm=57812.940038841538 norm=888.64478185395672 radius=888.64478185395649 next_radius=222.16119546348912 lambda=4.0000000000000026e-13 next_lambda=6.4000000000000042e-12 rho=0.13683921674106364 accept=1
CLASSICAL_LM o=212 lambda=4.0000000000000026e-13 tau=4.0000000000000026e-13 prediction=130.50960016047517 rho=0.13683921674106364 accept=1
  MFCG it 213 cost=2.691194e+05 lam=6.400e-12 tau=0.00e+00 cg_it=0 shift=0 ckpt=1 alpha=0 acc mv=1200
PCG_PREP o=213 rebuild=1 drift=0 previous_depth=1
POINT_SAFE o=213 frozen=8 slope=-14.798802792651419 candidate=269109.53098794754 original=269045.2774353727 current=269119.38610787917 won=0 mode=1 camera_scale=1 keep_scale=0
ATTR_RADIUS o=213 raw_norm=56647.589821873604 norm=13.885074716468072 radius=222.16119546348912 next_radius=222.16119546348912 lambda=6.4000000000000042e-12 next_lambda=6.400000000000005e-13 rho=6.2589489938217602 accept=1
CLASSICAL_LM o=213 lambda=6.4000000000000042e-12 tau=6.4000000000000042e-12 prediction=11.840434005712464 rho=6.2589489938217602 accept=1
  MFCG it 214 cost=2.690453e+05 lam=6.400e-13 tau=0.00e+00 cg_it=0 shift=0 ckpt=1 alpha=0 acc mv=1202
PCG_PREP o=214 rebuild=1 drift=0 previous_depth=1
ATTR_RADIUS o=214 raw_norm=56720.434389089794 norm=222.16119546348909 radius=222.16119546348912 next_radius=222.16119546348912 lambda=6.400000000000005e-13 next_lambda=6.400000000000005e-13 rho=0.25164558851583813 accept=1
CLASSICAL_LM o=214 lambda=6.400000000000005e-13 tau=6.400000000000005e-13 prediction=28.749132161255094 rho=0.25164558851583813 accept=1
  MFCG it 215 cost=2.690380e+05 lam=6.400e-13 tau=0.00e+00 cg_it=0 shift=0 ckpt=1 alpha=0 acc mv=1204
PCG_PREP o=215 rebuild=1 drift=0 previous_depth=1
ATTR_RADIUS o=215 raw_norm=23808.209778369983 norm=222.16119546348909 radius=222.16119546348912 next_radius=444.32239092697824 lambda=6.400000000000005e-13 next_lambda=1.6000000000000013e-13 rho=0.79957086929248244 accept=1
CLASSICAL_LM o=215 lambda=6.400000000000005e-13 tau=6.400000000000005e-13 prediction=117.62181766056759 rho=0.79957086929248244 accept=1
  MFCG it 216 cost=2.689440e+05 lam=1.600e-13 tau=0.00e+00 cg_it=1 shift=0 ckpt=2 alpha=0 acc mv=1207
PCG_PREP o=216 rebuild=1 drift=0 previous_depth=2
ATTR_RADIUS o=216 raw_norm=22232.847975219145 norm=444.32239092697819 radius=444.32239092697824 next_radius=888.64478185395649 lambda=1.6000000000000013e-13 next_lambda=4.0000000000000032e-14 rho=0.87190657106153902 accept=1
CLASSICAL_LM o=216 lambda=1.6000000000000013e-13 tau=1.6000000000000013e-13 prediction=228.46813409853186 rho=0.87190657106153902 accept=1
  MFCG it 217 cost=2.687448e+05 lam=4.000e-14 tau=0.00e+00 cg_it=1 shift=0 ckpt=2 alpha=0 acc mv=1210
PCG_PREP o=217 rebuild=1 drift=0 previous_depth=2
ATTR_RADIUS o=217 raw_norm=18756.511163525098 norm=888.64478185395626 radius=888.64478185395649 next_radius=1777.289563707913 lambda=4.0000000000000032e-14 next_lambda=1.0000000000000008e-14 rho=0.90306727456076086 accept=1
CLASSICAL_LM o=217 lambda=4.0000000000000032e-14 tau=4.0000000000000032e-14 prediction=499.49180394678291 rho=0.90306727456076086 accept=1
  MFCG it 218 cost=2.682937e+05 lam=1.000e-14 tau=0.00e+00 cg_it=1 shift=0 ckpt=2 alpha=0 acc mv=1213
PCG_PREP o=218 rebuild=1 drift=0 previous_depth=2
POINT_SAFE o=218 frozen=1159 slope=-79.306635870673574 candidate=268304.40123773366 original=268281.79405226425 current=268293.7182946417 won=0 mode=1 camera_scale=1 keep_scale=0
ATTR_RADIUS o=218 raw_norm=62069.443839521686 norm=888.64478185395637 radius=1777.289563707913 next_radius=444.32239092697824 lambda=1.0000000000000008e-14 next_lambda=1.6000000000000013e-13 rho=0.21152369417009204 accept=1
CLASSICAL_LM o=218 lambda=1.0000000000000008e-14 tau=1.0000000000000008e-14 prediction=56.373081154053594 rho=0.21152369417009204 accept=1
  MFCG it 219 cost=2.682818e+05 lam=1.600e-13 tau=0.00e+00 cg_it=0 shift=0 ckpt=1 alpha=0 acc mv=1215
PCG_PREP o=219 rebuild=1 drift=0 previous_depth=1
ATTR_RADIUS o=219 raw_norm=60726.338686091665 norm=444.3223909269783 radius=444.32239092697824 next_radius=111.08059773174456 lambda=1.6000000000000013e-13 next_lambda=2.560000000000002e-12 rho=0.22568999783762977 accept=1
CLASSICAL_LM o=219 lambda=1.6000000000000013e-13 tau=1.6000000000000013e-13 prediction=50.223799169119978 rho=0.22568999783762977 accept=1
  MFCG it 220 cost=2.682705e+05 lam=2.560e-12 tau=0.00e+00 cg_it=0 shift=0 ckpt=1 alpha=0 acc mv=1217
PCG_PREP o=220 rebuild=1 drift=0 previous_depth=1
ATTR_RADIUS o=220 raw_norm=11276.885809012601 norm=111.08059773174453 radius=111.08059773174456 next_radius=27.77014943293614 lambda=2.560000000000002e-12 next_lambda=4.0960000000000032e-11 rho=0.22369905521041078 accept=1
CLASSICAL_LM o=220 lambda=2.560000000000002e-12 tau=2.560000000000002e-12 prediction=129.51334513231603 rho=0.22369905521041078 accept=1
  MFCG it 221 cost=2.682415e+05 lam=4.096e-11 tau=0.00e+00 cg_it=1 shift=0 ckpt=2 alpha=0 acc mv=1220
PCG_PREP o=221 rebuild=1 drift=0 previous_depth=2
POINT_SAFE o=221 frozen=2 slope=-184.26399415285218 candidate=268168.41207687021 original=268168.81431776378 current=268241.48703019513 won=1 mode=1 camera_scale=1 keep_scale=0
ATTR_RADIUS o=221 raw_norm=10880.131083101578 norm=27.770149432936144 radius=27.77014943293614 next_radius=27.77014943293614 lambda=4.0960000000000032e-11 next_lambda=4.0960000000000032e-11 rho=0.70018351672069556 accept=1
CLASSICAL_LM o=221 lambda=4.0960000000000032e-11 tau=4.0960000000000032e-11 prediction=104.36542931939356 rho=0.70018351672069556 accept=1
  MFCG it 222 cost=2.681684e+05 lam=4.096e-11 tau=0.00e+00 cg_it=1 shift=0 ckpt=2 alpha=0 acc mv=1223
PCG_PREP o=222 rebuild=1 drift=0 previous_depth=2
POINT_SAFE o=222 frozen=6 slope=-73.927949562416899 candidate=268130.6426820826 original=268130.68649023189 current=268168.41207687021 won=1 mode=1 camera_scale=1 keep_scale=0
ATTR_RADIUS o=222 raw_norm=10822.282562433027 norm=27.770149432936137 radius=27.77014943293614 next_radius=55.54029886587228 lambda=4.0960000000000032e-11 next_lambda=1.0240000000000008e-11 rho=0.7653652072603262 accept=1
CLASSICAL_LM o=222 lambda=4.0960000000000032e-11 tau=4.0960000000000032e-11 prediction=49.348199303190796 rho=0.7653652072603262 accept=1
  MFCG it 223 cost=2.681306e+05 lam=1.024e-11 tau=0.00e+00 cg_it=1 shift=0 ckpt=2 alpha=0 acc mv=1226
PCG_PREP o=223 rebuild=1 drift=0 previous_depth=2
POINT_SAFE o=223 frozen=8 slope=-49.585689975551347 candidate=268081.19089278701 original=268120.63150006009 current=268130.6426820826 won=1 mode=1 camera_scale=1 keep_scale=0
ATTR_RADIUS o=223 raw_norm=10788.126121690715 norm=55.540298865872288 radius=55.54029886587228 next_radius=111.08059773174456 lambda=1.0240000000000008e-11 next_lambda=2.560000000000002e-12 rho=1.0002848107282978 accept=1
CLASSICAL_LM o=223 lambda=1.0240000000000008e-11 tau=1.0240000000000008e-11 prediction=49.437708905713073 rho=1.0002848107282978 accept=1
  MFCG it 224 cost=2.680812e+05 lam=2.560e-12 tau=0.00e+00 cg_it=1 shift=0 ckpt=2 alpha=0 acc mv=1229
PCG_PREP o=224 rebuild=1 drift=0 previous_depth=2
ATTR_RADIUS o=224 raw_norm=10747.620255962773 norm=111.08059773174453 radius=111.08059773174456 next_radius=111.08059773174456 lambda=2.560000000000002e-12 next_lambda=2.560000000000002e-12 rho=0.69313229124480824 accept=1
CLASSICAL_LM o=224 lambda=2.560000000000002e-12 tau=2.560000000000002e-12 prediction=136.96690307045191 rho=0.69313229124480824 accept=1
  MFCG it 225 cost=2.679863e+05 lam=2.560e-12 tau=0.00e+00 cg_it=1 shift=0 ckpt=2 alpha=0 acc mv=1232
PCG_PREP o=225 rebuild=1 drift=0 previous_depth=2
ATTR_RADIUS o=225 raw_norm=10856.83549371864 norm=111.08059773174458 radius=111.08059773174456 next_radius=111.08059773174456 lambda=2.560000000000002e-12 next_lambda=2.560000000000002e-12 rho=0.7117450941076845 accept=1
CLASSICAL_LM o=225 lambda=2.560000000000002e-12 tau=2.560000000000002e-12 prediction=138.45942602972008 rho=0.7117450941076845 accept=1
  MFCG it 226 cost=2.678877e+05 lam=2.560e-12 tau=0.00e+00 cg_it=1 shift=0 ckpt=2 alpha=0 acc mv=1235
PCG_PREP o=226 rebuild=1 drift=0 previous_depth=2
ATTR_RADIUS o=226 raw_norm=11186.329454287381 norm=111.08059773174452 radius=111.08059773174456 next_radius=111.08059773174456 lambda=2.560000000000002e-12 next_lambda=2.560000000000002e-12 rho=0.36019158477264973 accept=1
CLASSICAL_LM o=226 lambda=2.560000000000002e-12 tau=2.560000000000002e-12 prediction=132.63801245567936 rho=0.36019158477264973 accept=1
  MFCG it 227 cost=2.678399e+05 lam=2.560e-12 tau=0.00e+00 cg_it=1 shift=0 ckpt=2 alpha=0 acc mv=1238
PCG_PREP o=227 rebuild=1 drift=0 previous_depth=2
ATTR_RADIUS o=227 raw_norm=11645.53515047476 norm=111.08059773174459 radius=111.08059773174456 next_radius=111.08059773174456 lambda=2.560000000000002e-12 next_lambda=2.560000000000002e-12 rho=0.4675855105367599 accept=1
CLASSICAL_LM o=227 lambda=2.560000000000002e-12 tau=2.560000000000002e-12 prediction=173.11073586748904 rho=0.4675855105367599 accept=1
  MFCG it 228 cost=2.677590e+05 lam=2.560e-12 tau=0.00e+00 cg_it=1 shift=0 ckpt=2 alpha=0 acc mv=1241
PCG_PREP o=228 rebuild=1 drift=0 previous_depth=2
ATTR_RADIUS o=228 raw_norm=12248.326605521102 norm=111.08059773174456 radius=111.08059773174456 next_radius=111.08059773174456 lambda=2.560000000000002e-12 next_lambda=2.560000000000002e-12 rho=0.52122460077237942 accept=1
CLASSICAL_LM o=228 lambda=2.560000000000002e-12 tau=2.560000000000002e-12 prediction=175.27344526610267 rho=0.52122460077237942 accept=1
  MFCG it 229 cost=2.676676e+05 lam=2.560e-12 tau=0.00e+00 cg_it=1 shift=0 ckpt=2 alpha=0 acc mv=1244
PCG_PREP o=229 rebuild=1 drift=0 previous_depth=2
ATTR_RADIUS o=229 raw_norm=12944.462973999076 norm=111.08059773174456 radius=111.08059773174456 next_radius=111.08059773174456 lambda=2.560000000000002e-12 next_lambda=2.560000000000002e-12 rho=0.4430797265212294 accept=1
CLASSICAL_LM o=229 lambda=2.560000000000002e-12 tau=2.560000000000002e-12 prediction=161.83127936053194 rho=0.4430797265212294 accept=1
  MFCG it 230 cost=2.675959e+05 lam=2.560e-12 tau=0.00e+00 cg_it=1 shift=0 ckpt=2 alpha=0 acc mv=1247
PCG_PREP o=230 rebuild=1 drift=0 previous_depth=2
ATTR_RADIUS o=230 raw_norm=160866.31201336739 norm=111.08059773174458 radius=111.08059773174456 next_radius=27.77014943293614 lambda=2.560000000000002e-12 next_lambda=4.0960000000000032e-11 rho=0.12599286436432733 accept=1
CLASSICAL_LM o=230 lambda=2.560000000000002e-12 tau=2.560000000000002e-12 prediction=97.331667195005437 rho=0.12599286436432733 accept=1
  MFCG it 231 cost=2.675837e+05 lam=4.096e-11 tau=0.00e+00 cg_it=2 shift=0 ckpt=3 alpha=0 acc mv=1251
PCG_PREP o=231 rebuild=1 drift=0 previous_depth=3
ATTR_RADIUS o=231 raw_norm=13808.241764890592 norm=27.770149432936133 radius=27.77014943293614 next_radius=27.77014943293614 lambda=4.0960000000000032e-11 next_lambda=4.0960000000000032e-11 rho=0.26771434388593918 accept=1
CLASSICAL_LM o=231 lambda=4.0960000000000032e-11 tau=4.0960000000000032e-11 prediction=102.88857684017889 rho=0.26771434388593918 accept=1
  MFCG it 232 cost=2.675561e+05 lam=4.096e-11 tau=0.00e+00 cg_it=1 shift=0 ckpt=2 alpha=0 acc mv=1254
PCG_PREP o=232 rebuild=1 drift=0 previous_depth=2
POINT_SAFE o=232 frozen=1 slope=-7.7643906022000744 candidate=267552.83854076726 original=267502.6289111597 current=267556.11889058811 won=0 mode=1 camera_scale=1 keep_scale=0
ATTR_RADIUS o=232 raw_norm=159423.16036180718 norm=3.471268679117018 radius=27.77014943293614 next_radius=27.77014943293614 lambda=4.0960000000000032e-11 next_lambda=4.0960000000000035e-12 rho=2.9908383479207212 accept=1
CLASSICAL_LM o=232 lambda=4.0960000000000032e-11 tau=4.0960000000000032e-11 prediction=17.884610669647486 rho=2.9908383479207212 accept=1
  MFCG it 233 cost=2.675026e+05 lam=4.096e-12 tau=0.00e+00 cg_it=2 shift=0 ckpt=3 alpha=0 acc mv=1258
PCG_PREP o=233 rebuild=1 drift=0 previous_depth=3
ATTR_RADIUS o=233 raw_norm=160752.97936955956 norm=27.770149432936144 radius=27.77014943293614 next_radius=6.9425373582340351 lambda=4.0960000000000035e-12 next_lambda=6.5536000000000057e-11 rho=0.20362747182959764 accept=1
CLASSICAL_LM o=233 lambda=4.0960000000000035e-12 tau=4.0960000000000035e-12 prediction=23.846887756697264 rho=0.20362747182959764 accept=1
  MFCG it 234 cost=2.674978e+05 lam=6.554e-11 tau=0.00e+00 cg_it=2 shift=0 ckpt=3 alpha=0 acc mv=1262
PCG_PREP o=234 rebuild=1 drift=0 previous_depth=3
ATTR_RADIUS o=234 raw_norm=158496.44410945673 norm=6.9425373582340368 radius=6.9425373582340351 next_radius=6.9425373582340351 lambda=6.5536000000000057e-11 next_lambda=6.5536000000000057e-11 rho=0.379657062496849 accept=1
CLASSICAL_LM o=234 lambda=6.5536000000000057e-11 tau=6.5536000000000057e-11 prediction=19.423920790987765 rho=0.379657062496849 accept=1
  MFCG it 235 cost=2.674904e+05 lam=6.554e-11 tau=0.00e+00 cg_it=2 shift=0 ckpt=3 alpha=0 acc mv=1266
PCG_PREP o=235 rebuild=1 drift=0 previous_depth=3
ATTR_RADIUS o=235 raw_norm=158424.94239554112 norm=6.9425373582340368 radius=6.9425373582340351 next_radius=13.88507471646807 lambda=6.5536000000000057e-11 next_lambda=1.6384000000000014e-11 rho=0.94432800974727438 accept=1
CLASSICAL_LM o=235 lambda=6.5536000000000057e-11 tau=6.5536000000000057e-11 prediction=12.495663441281827 rho=0.94432800974727438 accept=1
  MFCG it 236 cost=2.674786e+05 lam=1.638e-11 tau=0.00e+00 cg_it=2 shift=0 ckpt=3 alpha=0 acc mv=1270
PCG_PREP o=236 rebuild=1 drift=0 previous_depth=3
ATTR_RADIUS o=236 raw_norm=14111.822973167142 norm=13.885074716468067 radius=13.88507471646807 next_radius=27.77014943293614 lambda=1.6384000000000014e-11 next_lambda=4.0960000000000035e-12 rho=0.99913935681043697 accept=1
CLASSICAL_LM o=236 lambda=1.6384000000000014e-11 tau=1.6384000000000014e-11 prediction=9.5269498909715153 rho=0.99913935681043697 accept=1
  MFCG it 237 cost=2.674691e+05 lam=4.096e-12 tau=0.00e+00 cg_it=1 shift=0 ckpt=2 alpha=0 acc mv=1273
PCG_PREP o=237 rebuild=1 drift=0 previous_depth=2
ATTR_RADIUS o=237 raw_norm=160636.8484586803 norm=27.77014943293614 radius=27.77014943293614 next_radius=55.54029886587228 lambda=4.0960000000000035e-12 next_lambda=1.0240000000000009e-12 rho=0.9906684282656586 accept=1
CLASSICAL_LM o=237 lambda=4.0960000000000035e-12 tau=4.0960000000000035e-12 prediction=1.783691551250794 rho=0.9906684282656586 accept=1
  MFCG it 238 cost=2.674673e+05 lam=1.024e-12 tau=0.00e+00 cg_it=2 shift=0 ckpt=3 alpha=0 acc mv=1277
PCG_PREP o=238 rebuild=1 drift=0 previous_depth=3
ATTR_RADIUS o=238 raw_norm=160705.55268761824 norm=55.540298865872259 radius=55.54029886587228 next_radius=111.08059773174456 lambda=1.0240000000000009e-12 next_lambda=2.5600000000000022e-13 rho=0.98127999868683624 accept=1
CLASSICAL_LM o=238 lambda=1.0240000000000009e-12 tau=1.0240000000000009e-12 prediction=3.5489256715425896 rho=0.98127999868683624 accept=1
  MFCG it 239 cost=2.674638e+05 lam=2.560e-13 tau=0.00e+00 cg_it=2 shift=0 ckpt=3 alpha=0 acc mv=1281
PCG_PREP o=239 rebuild=1 drift=0 previous_depth=3
ATTR_RADIUS o=239 raw_norm=160482.94997213702 norm=111.08059773174453 radius=111.08059773174456 next_radius=222.16119546348912 lambda=2.5600000000000022e-13 next_lambda=6.4000000000000055e-14 rho=0.96272340469138129 accept=1
CLASSICAL_LM o=239 lambda=2.5600000000000022e-13 tau=2.5600000000000022e-13 prediction=7.10295632200366 rho=0.96272340469138129 accept=1
  MFCG it 240 cost=2.674570e+05 lam=6.400e-14 tau=0.00e+00 cg_it=2 shift=0 ckpt=3 alpha=0 acc mv=1285
PCG_PREP o=240 rebuild=1 drift=0 previous_depth=3
ATTR_RADIUS o=240 raw_norm=160019.03466442219 norm=222.16119546348907 radius=222.16119546348912 next_radius=444.32239092697824 lambda=6.4000000000000055e-14 next_lambda=1.6000000000000014e-14 rho=0.92600595030619015 accept=1
CLASSICAL_LM o=240 lambda=6.4000000000000055e-14 tau=6.4000000000000055e-14 prediction=14.227453561706819 rho=0.92600595030619015 accept=1
  MFCG it 241 cost=2.674438e+05 lam=1.600e-14 tau=0.00e+00 cg_it=2 shift=0 ckpt=3 alpha=0 acc mv=1289
PCG_PREP o=241 rebuild=1 drift=0 previous_depth=3
ATTR_RADIUS o=241 raw_norm=158345.31991180795 norm=444.32239092697841 radius=444.32239092697824 next_radius=888.64478185395649 lambda=1.6000000000000014e-14 next_lambda=4.0000000000000035e-15 rho=0.85482924684476647 accept=1
CLASSICAL_LM o=241 lambda=1.6000000000000014e-14 tau=1.6000000000000014e-14 prediction=28.673504735605562 rho=0.85482924684476647 accept=1
  MFCG it 242 cost=2.674193e+05 lam=4.000e-15 tau=0.00e+00 cg_it=2 shift=0 ckpt=3 alpha=0 acc mv=1293
PCG_PREP o=242 rebuild=1 drift=0 previous_depth=3
ATTR_RADIUS o=242 raw_norm=155059.01006408542 norm=888.64478185395615 radius=888.64478185395649 next_radius=888.64478185395649 lambda=4.0000000000000035e-15 next_lambda=4.0000000000000035e-15 rho=0.72004178093218107 accept=1
CLASSICAL_LM o=242 lambda=4.0000000000000035e-15 tau=4.0000000000000035e-15 prediction=58.588417152062256 rho=0.72004178093218107 accept=1
  MFCG it 243 cost=2.673771e+05 lam=4.000e-15 tau=0.00e+00 cg_it=2 shift=0 ckpt=3 alpha=0 acc mv=1297
PCG_PREP o=243 rebuild=1 drift=0 previous_depth=3
ATTR_RADIUS o=243 raw_norm=151799.31266335919 norm=888.64478185395683 radius=888.64478185395649 next_radius=888.64478185395649 lambda=4.0000000000000035e-15 next_lambda=4.0000000000000035e-15 rho=0.71997132247128126 accept=1
CLASSICAL_LM o=243 lambda=4.0000000000000035e-15 tau=4.0000000000000035e-15 prediction=59.722925511395005 rho=0.71997132247128126 accept=1
  MFCG it 244 cost=2.673341e+05 lam=4.000e-15 tau=0.00e+00 cg_it=2 shift=0 ckpt=3 alpha=0 acc mv=1301
PCG_PREP o=244 rebuild=1 drift=0 previous_depth=3
ATTR_RADIUS o=244 raw_norm=63028.788363249078 norm=888.6447818539566 radius=888.64478185395649 next_radius=888.64478185395649 lambda=4.0000000000000035e-15 next_lambda=4.0000000000000035e-15 rho=0.32154563626502347 accept=1
CLASSICAL_LM o=244 lambda=4.0000000000000035e-15 tau=4.0000000000000035e-15 prediction=25.452058267756716 rho=0.32154563626502347 accept=1
  MFCG it 245 cost=2.673259e+05 lam=4.000e-15 tau=0.00e+00 cg_it=0 shift=0 ckpt=1 alpha=0 acc mv=1303
PCG_PREP o=245 rebuild=1 drift=0 previous_depth=1
ATTR_RADIUS o=245 raw_norm=61535.875523551374 norm=888.64478185395615 radius=888.64478185395649 next_radius=888.64478185395649 lambda=4.0000000000000035e-15 next_lambda=4.0000000000000035e-15 rho=0.33508028587226757 accept=1
CLASSICAL_LM o=245 lambda=4.0000000000000035e-15 tau=4.0000000000000035e-15 prediction=26.052773954369112 rho=0.33508028587226757 accept=1
  MFCG it 246 cost=2.673172e+05 lam=4.000e-15 tau=0.00e+00 cg_it=0 shift=0 ckpt=1 alpha=0 acc mv=1305
PCG_PREP o=246 rebuild=1 drift=0 previous_depth=1
ATTR_RADIUS o=246 raw_norm=60101.314002727013 norm=888.6447818539566 radius=888.64478185395649 next_radius=888.64478185395649 lambda=4.0000000000000035e-15 next_lambda=4.0000000000000035e-15 rho=0.34859234277070233 accept=1
CLASSICAL_LM o=246 lambda=4.0000000000000035e-15 tau=4.0000000000000035e-15 prediction=26.64778362320482 rho=0.34859234277070233 accept=1
  MFCG it 247 cost=2.673079e+05 lam=4.000e-15 tau=0.00e+00 cg_it=0 shift=0 ckpt=1 alpha=0 acc mv=1307
PCG_PREP o=247 rebuild=1 drift=0 previous_depth=1
NUMERIC_REPAIR o=247 lambda=4.0000000000000035e-15 rayleigh=-6.9102068474277833e-06 next_lambda=2.7640827405711131e-05 cg=1 rebuild=1
PCG_PREP o=247 rebuild=1 drift=0 previous_depth=1
ATTR_RADIUS o=247 raw_norm=621.55046582597834 norm=621.55046582597834 radius=888.64478185395649 next_radius=888.64478185395649 lambda=2.7640827405711131e-05 next_lambda=2.7640827405711131e-05 rho=1.0014385995024822 accept=1
CLASSICAL_LM o=247 lambda=2.7640827405711131e-05 tau=2.7640827405711131e-05 prediction=890.31425257113881 rho=1.0014385995024822 accept=1
  MFCG it 248 cost=2.664163e+05 lam=2.764e-05 tau=0.00e+00 cg_it=0 shift=0 ckpt=1 alpha=0 acc mv=1311
PCG_PREP o=248 rebuild=1 drift=0 previous_depth=1
ATTR_RADIUS o=248 raw_norm=5953.9180900572792 norm=888.64478185395649 radius=888.64478185395649 next_radius=1777.289563707913 lambda=2.7640827405711131e-05 next_lambda=2.7640827405711131e-05 rho=1.0024926657411937 accept=1
CLASSICAL_LM o=248 lambda=2.7640827405711131e-05 tau=2.7640827405711131e-05 prediction=1188.5248952075838 rho=1.0024926657411937 accept=1
  MFCG it 249 cost=2.652248e+05 lam=2.764e-05 tau=0.00e+00 cg_it=3 shift=0 ckpt=4 alpha=0 acc mv=1316
PCG_PREP o=249 rebuild=1 drift=0 previous_depth=4
ATTR_RADIUS o=249 raw_norm=5299.963297569393 norm=1777.2895637079132 radius=1777.289563707913 next_radius=3554.579127415826 lambda=2.7640827405711131e-05 next_lambda=2.7640827405711131e-05 rho=1.0021935425692181 accept=1
CLASSICAL_LM o=249 lambda=2.7640827405711131e-05 tau=2.7640827405711131e-05 prediction=1856.4354235826811 rho=1.0021935425692181 accept=1
  MFCG it 250 cost=2.633643e+05 lam=2.764e-05 tau=0.00e+00 cg_it=3 shift=0 ckpt=4 alpha=0 acc mv=1321
PCG_PREP o=250 rebuild=1 drift=0 previous_depth=4
ATTR_RADIUS o=250 raw_norm=4270.5238968961394 norm=3554.5791274158255 radius=3554.579127415826 next_radius=7109.1582548316519 lambda=2.7640827405711131e-05 next_lambda=2.7640827405711131e-05 rho=1.0009072926647424 accept=1
CLASSICAL_LM o=250 lambda=2.7640827405711131e-05 tau=2.7640827405711131e-05 prediction=1994.09425689253 rho=1.0009072926647424 accept=1
  MFCG it 251 cost=2.613684e+05 lam=2.764e-05 tau=0.00e+00 cg_it=4 shift=0 ckpt=5 alpha=0 acc mv=1327
PCG_PREP o=251 rebuild=1 drift=0 previous_depth=5
ATTR_RADIUS o=251 raw_norm=2308.5003167768668 norm=2308.5003167768668 radius=7109.1582548316519 next_radius=7109.1582548316519 lambda=2.7640827405711131e-05 next_lambda=2.7640827405711131e-05 rho=1.0153900974446415 accept=1
CLASSICAL_LM o=251 lambda=2.7640827405711131e-05 tau=2.7640827405711131e-05 prediction=411.95524733606715 rho=1.0153900974446415 accept=1
  MFCG it 252 cost=2.609501e+05 lam=2.764e-05 tau=0.00e+00 cg_it=9 shift=0 ckpt=10 alpha=0 acc mv=1338
PCG_PREP o=252 rebuild=1 drift=0 previous_depth=10
ATTR_RADIUS o=252 raw_norm=1340.7595320372614 norm=1340.7595320372614 radius=7109.1582548316519 next_radius=7109.1582548316519 lambda=2.7640827405711131e-05 next_lambda=2.7640827405711131e-05 rho=1.0173972500899953 accept=1
CLASSICAL_LM o=252 lambda=2.7640827405711131e-05 tau=2.7640827405711131e-05 prediction=88.466263006510928 rho=1.0173972500899953 accept=1
  MFCG it 253 cost=2.608601e+05 lam=2.764e-05 tau=0.00e+00 cg_it=13 shift=0 ckpt=14 alpha=0 acc mv=1353
PCG_PREP o=253 rebuild=1 drift=0 previous_depth=14
ATTR_RADIUS o=253 raw_norm=904.70204911776 norm=904.70204911776 radius=7109.1582548316519 next_radius=7109.1582548316519 lambda=2.7640827405711131e-05 next_lambda=2.7640827405711131e-05 rho=1.0344213694242377 accept=1
CLASSICAL_LM o=253 lambda=2.7640827405711131e-05 tau=2.7640827405711131e-05 prediction=34.071768006899489 rho=1.0344213694242377 accept=1
  MFCG it 254 cost=2.608249e+05 lam=2.764e-05 tau=0.00e+00 cg_it=9 shift=0 ckpt=10 alpha=0 acc mv=1364
PCG_PREP o=254 rebuild=1 drift=0 previous_depth=10
ATTR_RADIUS o=254 raw_norm=683.75411297400626 norm=683.75411297400626 radius=7109.1582548316519 next_radius=7109.1582548316519 lambda=2.7640827405711131e-05 next_lambda=2.7640827405711131e-05 rho=1.0527333721069756 accept=1
CLASSICAL_LM o=254 lambda=2.7640827405711131e-05 tau=2.7640827405711131e-05 prediction=19.188411912504769 rho=1.0527333721069756 accept=1
  MFCG it 255 cost=2.608047e+05 lam=2.764e-05 tau=0.00e+00 cg_it=3 shift=0 ckpt=4 alpha=0 acc mv=1369
PCG_PREP o=255 rebuild=1 drift=0 previous_depth=4
ATTR_RADIUS o=255 raw_norm=625.87927649703238 norm=625.87927649703238 radius=7109.1582548316519 next_radius=7109.1582548316519 lambda=2.7640827405711131e-05 next_lambda=2.7640827405711131e-05 rho=1.0390601590748525 accept=1
CLASSICAL_LM o=255 lambda=2.7640827405711131e-05 tau=2.7640827405711131e-05 prediction=15.412961656315007 rho=1.0390601590748525 accept=1
  MFCG it 256 cost=2.607887e+05 lam=2.764e-05 tau=0.00e+00 cg_it=8 shift=0 ckpt=9 alpha=0 acc mv=1379
PCG_PREP o=256 rebuild=1 drift=0 previous_depth=9
ATTR_RADIUS o=256 raw_norm=508.24310221989975 norm=508.24310221989975 radius=7109.1582548316519 next_radius=7109.1582548316519 lambda=2.7640827405711131e-05 next_lambda=2.7640827405711131e-05 rho=1.0507147295031898 accept=1
CLASSICAL_LM o=256 lambda=2.7640827405711131e-05 tau=2.7640827405711131e-05 prediction=10.00260216510771 rho=1.0507147295031898 accept=1
  MFCG it 257 cost=2.607782e+05 lam=2.764e-05 tau=0.00e+00 cg_it=3 shift=0 ckpt=4 alpha=0 acc mv=1384
PCG_PREP o=257 rebuild=1 drift=0 previous_depth=4
ATTR_RADIUS o=257 raw_norm=469.98489425564065 norm=469.98489425564065 radius=7109.1582548316519 next_radius=7109.1582548316519 lambda=2.7640827405711131e-05 next_lambda=2.7640827405711131e-05 rho=1.040201094810135 accept=1
CLASSICAL_LM o=257 lambda=2.7640827405711131e-05 tau=2.7640827405711131e-05 prediction=8.1685149959108418 rho=1.040201094810135 accept=1
  MFCG it 258 cost=2.607697e+05 lam=2.764e-05 tau=0.00e+00 cg_it=9 shift=0 ckpt=10 alpha=0 acc mv=1395
PCG_PREP o=258 rebuild=1 drift=0 previous_depth=10
ATTR_RADIUS o=258 raw_norm=393.81234725263261 norm=393.81234725263261 radius=7109.1582548316519 next_radius=7109.1582548316519 lambda=2.7640827405711131e-05 next_lambda=2.7640827405711131e-05 rho=1.0464743364310587 accept=1
CLASSICAL_LM o=258 lambda=2.7640827405711131e-05 tau=2.7640827405711131e-05 prediction=5.5790904409439204 rho=1.0464743364310587 accept=1
  MFCG it 259 cost=2.607638e+05 lam=2.764e-05 tau=0.00e+00 cg_it=3 shift=0 ckpt=4 alpha=0 acc mv=1400
PCG_PREP o=259 rebuild=1 drift=0 previous_depth=4
ATTR_RADIUS o=259 raw_norm=351.92324852746458 norm=351.92324852746458 radius=7109.1582548316519 next_radius=7109.1582548316519 lambda=2.7640827405711131e-05 next_lambda=2.7640827405711131e-05 rho=1.0459830524285396 accept=1
CLASSICAL_LM o=259 lambda=2.7640827405711131e-05 tau=2.7640827405711131e-05 prediction=4.2936182741307896 rho=1.0459830524285396 accept=1
  MFCG it 260 cost=2.607593e+05 lam=2.764e-05 tau=0.00e+00 cg_it=3 shift=0 ckpt=4 alpha=0 acc mv=1405
PCG_PREP o=260 rebuild=1 drift=0 previous_depth=4
ATTR_RADIUS o=260 raw_norm=324.48463797189834 norm=324.48463797189834 radius=7109.1582548316519 next_radius=7109.1582548316519 lambda=2.7640827405711131e-05 next_lambda=2.7640827405711131e-05 rho=1.0370898406299476 accept=1
CLASSICAL_LM o=260 lambda=2.7640827405711131e-05 tau=2.7640827405711131e-05 prediction=3.6065944635883684 rho=1.0370898406299476 accept=1
  MFCG it 261 cost=2.607556e+05 lam=2.764e-05 tau=0.00e+00 cg_it=10 shift=0 ckpt=11 alpha=0 acc mv=1417
PCG_PREP o=261 rebuild=1 drift=0 previous_depth=11
ATTR_RADIUS o=261 raw_norm=281.17499874233062 norm=281.17499874233062 radius=7109.1582548316519 next_radius=7109.1582548316519 lambda=2.7640827405711131e-05 next_lambda=2.7640827405711131e-05 rho=1.0429092484160611 accept=1
CLASSICAL_LM o=261 lambda=2.7640827405711131e-05 tau=2.7640827405711131e-05 prediction=2.6543087247153694 rho=1.0429092484160611 accept=1
  MFCG it 262 cost=2.607528e+05 lam=2.764e-05 tau=0.00e+00 cg_it=3 shift=0 ckpt=4 alpha=0 acc mv=1422
PCG_PREP o=262 rebuild=1 drift=0 previous_depth=4
ATTR_RADIUS o=262 raw_norm=257.65165897659261 norm=257.65165897659267 radius=7109.1582548316519 next_radius=7109.1582548316519 lambda=2.7640827405711131e-05 next_lambda=2.7640827405711131e-05 rho=1.0378605062692385 accept=1
CLASSICAL_LM o=262 lambda=2.7640827405711131e-05 tau=2.7640827405711131e-05 prediction=2.205671887656524 rho=1.0378605062692385 accept=1
  MFCG it 263 cost=2.607505e+05 lam=2.764e-05 tau=0.00e+00 cg_it=10 shift=0 ckpt=11 alpha=0 acc mv=1434
PCG_PREP o=263 rebuild=1 drift=0 previous_depth=11
ATTR_RADIUS o=263 raw_norm=227.72044122263122 norm=227.72044122263122 radius=7109.1582548316519 next_radius=7109.1582548316519 lambda=2.7640827405711131e-05 next_lambda=2.7640827405711131e-05 rho=1.0425282348342446 accept=1
CLASSICAL_LM o=263 lambda=2.7640827405711131e-05 tau=2.7640827405711131e-05 prediction=1.713312808589279 rho=1.0425282348342446 accept=1
  MFCG it 264 cost=2.607487e+05 lam=2.764e-05 tau=0.00e+00 cg_it=3 shift=0 ckpt=4 alpha=0 acc mv=1439
PCG_PREP o=264 rebuild=1 drift=0 previous_depth=4
ATTR_RADIUS o=264 raw_norm=208.16179372687213 norm=208.16179372687213 radius=7109.1582548316519 next_radius=7109.1582548316519 lambda=2.7640827405711131e-05 next_lambda=2.7640827405711131e-05 rho=1.0383634458146029 accept=1
CLASSICAL_LM o=264 lambda=2.7640827405711131e-05 tau=2.7640827405711131e-05 prediction=1.4242628797196135 rho=1.0383634458146029 accept=1
  MFCG it 265 cost=2.607473e+05 lam=2.764e-05 tau=0.00e+00 cg_it=10 shift=0 ckpt=11 alpha=0 acc mv=1451
PCG_PREP o=265 rebuild=1 drift=0 previous_depth=11
ATTR_RADIUS o=265 raw_norm=186.35444532675527 norm=186.35444532675527 radius=7109.1582548316519 next_radius=7109.1582548316519 lambda=2.7640827405711131e-05 next_lambda=2.7640827405711131e-05 rho=1.0419324892911481 accept=1
CLASSICAL_LM o=265 lambda=2.7640827405711131e-05 tau=2.7640827405711131e-05 prediction=1.1445561606797634 rho=1.0419324892911481 accept=1
  MFCG it 266 cost=2.607461e+05 lam=2.764e-05 tau=0.00e+00 cg_it=3 shift=0 ckpt=4 alpha=0 acc mv=1456
PCG_PREP o=266 rebuild=1 drift=0 previous_depth=4
ATTR_RADIUS o=266 raw_norm=170.36508695732513 norm=170.36508695732513 radius=7109.1582548316519 next_radius=7109.1582548316519 lambda=2.7640827405711131e-05 next_lambda=2.7640827405711131e-05 rho=1.0383162436377356 accept=1
CLASSICAL_LM o=266 lambda=2.7640827405711131e-05 tau=2.7640827405711131e-05 prediction=0.95489979199534958 rho=1.0383162436377356 accept=1
  MFCG it 267 cost=2.607451e+05 lam=2.764e-05 tau=0.00e+00 cg_it=10 shift=0 ckpt=11 alpha=0 acc mv=1468
PCG_PREP o=267 rebuild=1 drift=0 previous_depth=11
ATTR_RADIUS o=267 raw_norm=153.7974228216971 norm=153.7974228216971 radius=7109.1582548316519 next_radius=7109.1582548316519 lambda=2.7640827405711131e-05 next_lambda=2.7640827405711131e-05 rho=1.0409549090216486 accept=1
CLASSICAL_LM o=267 lambda=2.7640827405711131e-05 tau=2.7640827405711131e-05 prediction=0.78306141672069973 rho=1.0409549090216486 accept=1
  MFCG it 268 cost=2.607443e+05 lam=2.764e-05 tau=0.00e+00 cg_it=4 shift=0 ckpt=5 alpha=0 acc mv=1474
PCG_PREP o=268 rebuild=1 drift=0 previous_depth=5
ATTR_RADIUS o=268 raw_norm=140.05600956212592 norm=140.05600956212592 radius=7109.1582548316519 next_radius=7109.1582548316519 lambda=2.7640827405711131e-05 next_lambda=2.7640827405711131e-05 rho=1.0401381764093378 accept=1
CLASSICAL_LM o=268 lambda=2.7640827405711131e-05 tau=2.7640827405711131e-05 prediction=0.65157155959298507 rho=1.0401381764093378 accept=1
  MFCG it 269 cost=2.607436e+05 lam=2.764e-05 tau=0.00e+00 cg_it=4 shift=0 ckpt=5 alpha=0 acc mv=1480
PCG_PREP o=269 rebuild=1 drift=0 previous_depth=5
ATTR_RADIUS o=269 raw_norm=127.68597055970909 norm=127.68597055970908 radius=7109.1582548316519 next_radius=7109.1582548316519 lambda=2.7640827405711131e-05 next_lambda=2.7640827405711131e-05 rho=1.0391740941905425 accept=1
CLASSICAL_LM o=269 lambda=2.7640827405711131e-05 tau=2.7640827405711131e-05 prediction=0.54453127100310061 rho=1.0391740941905425 accept=1
  MFCG: converged (OCA_FTOL: 8 outers < 1.0e-05 rel)
  [menu-backtrack] confirming stop with original retry policy at outer 270
  MFCG it 270 cost=2.607430e+05 lam=2.764e-05 tau=0.00e+00 cg_it=4 shift=0 ckpt=5 alpha=0 acc mv=1486
PCG_PREP o=270 rebuild=1 drift=0 previous_depth=5
ATTR_RADIUS o=270 raw_norm=116.60371842248603 norm=116.60371842248603 radius=7109.1582548316519 next_radius=7109.1582548316519 lambda=2.7640827405711131e-05 next_lambda=2.7640827405711131e-05 rho=1.0374795424638861 accept=1
CLASSICAL_LM o=270 lambda=2.7640827405711131e-05 tau=2.7640827405711131e-05 prediction=0.45723311241991932 rho=1.0374795424638861 accept=1
  MFCG it 271 cost=2.607425e+05 lam=2.764e-05 tau=0.00e+00 cg_it=5 shift=0 ckpt=6 alpha=0 acc mv=1493
PCG_PREP o=271 rebuild=1 drift=0 previous_depth=6
ATTR_RADIUS o=271 raw_norm=106.42145711955602 norm=106.42145711955602 radius=7109.1582548316519 next_radius=7109.1582548316519 lambda=2.7640827405711131e-05 next_lambda=2.7640827405711131e-05 rho=1.0373731210088986 accept=1
CLASSICAL_LM o=271 lambda=2.7640827405711131e-05 tau=2.7640827405711131e-05 prediction=0.38407728205092112 rho=1.0373731210088986 accept=1
  MFCG it 272 cost=2.607421e+05 lam=2.764e-05 tau=0.00e+00 cg_it=5 shift=0 ckpt=6 alpha=0 acc mv=1500
PCG_PREP o=272 rebuild=1 drift=0 previous_depth=6
ATTR_RADIUS o=272 raw_norm=97.290053000981018 norm=97.290053000981018 radius=7109.1582548316519 next_radius=7109.1582548316519 lambda=2.7640827405711131e-05 next_lambda=2.7640827405711131e-05 rho=1.0358089940925781 accept=1
CLASSICAL_LM o=272 lambda=2.7640827405711131e-05 tau=2.7640827405711131e-05 prediction=0.32421541222556244 rho=1.0358089940925781 accept=1
  MFCG it 273 cost=2.607418e+05 lam=2.764e-05 tau=0.00e+00 cg_it=7 shift=0 ckpt=8 alpha=0 acc mv=1509
PCG_PREP o=273 rebuild=1 drift=0 previous_depth=8
ATTR_RADIUS o=273 raw_norm=88.645076395984589 norm=88.645076395984589 radius=7109.1582548316519 next_radius=7109.1582548316519 lambda=2.7640827405711131e-05 next_lambda=2.7640827405711131e-05 rho=1.0371775477604237 accept=1
CLASSICAL_LM o=273 lambda=2.7640827405711131e-05 tau=2.7640827405711131e-05 prediction=0.27300417416262363 rho=1.0371775477604237 accept=1
  MFCG it 274 cost=2.607415e+05 lam=2.764e-05 tau=0.00e+00 cg_it=5 shift=0 ckpt=6 alpha=0 acc mv=1516
PCG_PREP o=274 rebuild=1 drift=0 previous_depth=6
ATTR_RADIUS o=274 raw_norm=81.26676009479948 norm=81.26676009479948 radius=7109.1582548316519 next_radius=7109.1582548316519 lambda=2.7640827405711131e-05 next_lambda=2.7640827405711131e-05 rho=1.0351740872782724 accept=1
CLASSICAL_LM o=274 lambda=2.7640827405711131e-05 tau=2.7640827405711131e-05 prediction=0.23203743279880604 rho=1.0351740872782724 accept=1
  MFCG it 275 cost=2.607413e+05 lam=2.764e-05 tau=0.00e+00 cg_it=7 shift=0 ckpt=8 alpha=0 acc mv=1525
PCG_PREP o=275 rebuild=1 drift=0 previous_depth=8
ATTR_RADIUS o=2[R9] wrote /tmp/prism-ba-coarse/research/eta2_phase_hybrid/evidence/small/venice-52-shared_menu-1/curve.csv
75 raw_norm=74.191262709473449 norm=74.191262709473449 radius=7109.1582548316519 next_radius=7109.1582548316519 lambda=2.7640827405711131e-05 next_lambda=2.7640827405711131e-05 rho=1.0359462780679172 accept=1
CLASSICAL_LM o=275 lambda=2.7640827405711131e-05 tau=2.7640827405711131e-05 prediction=0.19674156634740134 rho=1.0359462780679172 accept=1
  MFCG it 276 cost=2.607411e+05 lam=2.764e-05 tau=0.00e+00 cg_it=5 shift=0 ckpt=6 alpha=0 acc mv=1532
PCG_PREP o=276 rebuild=1 drift=0 previous_depth=6
ATTR_RADIUS o=276 raw_norm=68.113201197322439 norm=68.113201197322439 radius=7109.1582548316519 next_radius=7109.1582548316519 lambda=2.7640827405711131e-05 next_lambda=2.7640827405711131e-05 rho=1.0337935246650445 accept=1
CLASSICAL_LM o=276 lambda=2.7640827405711131e-05 tau=2.7640827405711131e-05 prediction=0.16825152137371327 rho=1.0337935246650445 accept=1
  MFCG it 277 cost=2.607409e+05 lam=2.764e-05 tau=0.00e+00 cg_it=7 shift=0 ckpt=8 alpha=0 acc mv=1541
PCG_PREP o=277 rebuild=1 drift=0 previous_depth=8
ATTR_RADIUS o=277 raw_norm=62.403976817970424 norm=62.403976817970424 radius=7109.1582548316519 next_radius=7109.1582548316519 lambda=2.7640827405711131e-05 next_lambda=2.7640827405711131e-05 rho=1.0337291819976868 accept=1
CLASSICAL_LM o=277 lambda=2.7640827405711131e-05 tau=2.7640827405711131e-05 prediction=0.14392780009734782 rho=1.0337291819976868 accept=1
  MFCG: converged (OCA_FTOL: 8 outers < 1.0e-05 rel)
  MFCG: accepts=278 rejects=8 total_matvecs=1550 negcurv=1 cand_evals=318 mean_cg_per_outer=5.6
PHASE_SUMMARY mode=2 sweeps=8 failures=0 products=668 seconds=0.653046486 open=0
NUMERIC_REPAIR summary rebuilds=1 floor=2.7640827405711131e-05
  [retry-cache] builds=287 reuses=0
  [menu-backtrack] trials=26 rescues=26 evals=65 total_scored=383
POINT_SAFE summary calls=26 evals=26 wins=14 frozen=7844 seconds=0.063246742
  [scoring] menu_evals=318 alpha_evals=0 backtrack_evals=65 total_scored=383
RESULT algo=mfree_shifted_cg iters=278 final_cost=260740.7642046383 solve_seconds=3.645858
DIAGNOSTICS median_reproj_err_px 3.252455 -> 0.375201 | cheirality_violations(obs) 0 -> 18 | cheirality_violations(pts, of 64053) 0 -> 9
