  [menu-backtrack] active=1 max_evals=8 warmup_accepts=3 confirm_stop=original armijo=1e-4
MIXED_STORAGE fragments=fp32 arithmetic=fp64 state=fp64 acceptance=fp64
  [compact-fragments] active=2 saved_bytes=36105992 storage=fp32 camera_reads=contiguous
  MFCG score_init=11152062.772762472 precision=fp64
PCG_PREP o=0 rebuild=1 drift=0 previous_depth=0
ATTR_RADIUS o=0 raw_norm=3225.3525896296692 norm=3225.3525896296692 radius=3225.3525896296692 next_radius=6450.7051792593384 lambda=0.10000000000000001 next_lambda=0.025000000000000001 rho=0.99997438839510677 accept=1
CLASSICAL_LM o=0 lambda=0.10000000000000001 tau=0.10000000000000001 prediction=8877594.9877400398 rho=0.99997438839510677 accept=1
  MFCG it   1 cost=2.274695e+06 lam=2.500e-02 tau=0.00e+00 cg_it=0 shift=0 ckpt=1 alpha=0 acc mv=2
PCG_PREP o=1 rebuild=1 drift=0 previous_depth=1
ATTR_RADIUS o=1 raw_norm=2725.1440498078464 norm=2725.1440498078464 radius=6450.7051792593384 next_radius=6450.7051792593384 lambda=0.025000000000000001 next_lambda=0.0025000000000000005 rho=0.99701845569054859 accept=1
CLASSICAL_LM o=1 lambda=0.025000000000000001 tau=0.025000000000000001 prediction=770789.73816058424 rho=0.99701845569054859 accept=1
  MFCG it   2 cost=1.506204e+06 lam=2.500e-03 tau=0.00e+00 cg_it=4 shift=0 ckpt=5 alpha=0 acc mv=8
PCG_PREP o=2 rebuild=1 drift=0 previous_depth=5
ATTR_RADIUS o=2 raw_norm=9578.853529165006 norm=6450.7051792593384 radius=6450.7051792593384 next_radius=12901.410358518677 lambda=0.0025000000000000005 next_lambda=0.00062500000000000012 rho=0.99788045990932905 accept=1
CLASSICAL_LM o=2 lambda=0.0025000000000000005 tau=0.0025000000000000005 prediction=379875.54087330413 rho=0.99788045990932905 accept=1
  MFCG it   3 cost=1.127133e+06 lam=6.250e-04 tau=0.00e+00 cg_it=6 shift=0 ckpt=7 alpha=0 acc mv=16
PCG_PREP o=3 rebuild=1 drift=0 previous_depth=7
ATTR_RADIUS o=3 raw_norm=20859.307736756669 norm=12901.410358518677 radius=12901.410358518677 next_radius=25802.820717037353 lambda=0.00062500000000000012 next_lambda=0.00015625000000000003 rho=1.0093969216306149 accept=1
CLASSICAL_LM o=3 lambda=0.00062500000000000012 tau=0.00062500000000000012 prediction=304236.9217197423 rho=1.0093969216306149 accept=1
  MFCG it   4 cost=8.200374e+05 lam=1.563e-04 tau=0.00e+00 cg_it=5 shift=0 ckpt=6 alpha=0 acc mv=23
PCG_PREP o=4 rebuild=1 drift=0 previous_depth=6
ATTR_RADIUS o=4 raw_norm=36747.144696965312 norm=25802.820717037353 radius=25802.820717037353 next_radius=51605.641434074707 lambda=0.00015625000000000003 next_lambda=3.9062500000000008e-05 rho=0.98437153824697987 accept=1
CLASSICAL_LM o=4 lambda=0.00015625000000000003 tau=0.00015625000000000003 prediction=327617.4156319013 rho=0.98437153824697987 accept=1
  MFCG it   5 cost=4.975401e+05 lam=3.906e-05 tau=0.00e+00 cg_it=8 shift=0 ckpt=9 alpha=0 acc mv=33
PCG_PREP o=5 rebuild=1 drift=0 previous_depth=9
POINT_SAFE o=5 frozen=1464 slope=-317535.16428343911 candidate=381890.57162422611 original=373473.48947050743 current=497540.10902735626 won=0 mode=1 camera_scale=1 keep_scale=0
ATTR_RADIUS o=5 raw_norm=37463.339888019145 norm=18731.669944009573 radius=51605.641434074707 next_radius=51605.641434074707 lambda=3.9062500000000008e-05 next_lambda=3.9062500000000009e-06 rho=0.9683902899097131 accept=1
CLASSICAL_LM o=5 lambda=3.9062500000000008e-05 tau=3.9062500000000008e-05 prediction=128116.33991953396 rho=0.9683902899097131 accept=1
  MFCG it   6 cost=3.734735e+05 lam=3.906e-06 tau=0.00e+00 cg_it=6 shift=0 ckpt=7 alpha=0 acc mv=41
PCG_PREP o=6 rebuild=1 drift=0 previous_depth=7
POINT_SAFE o=6 frozen=670 slope=-179589.07529391476 candidate=403764.25087376469 original=368581.37069650006 current=373473.48947050743 won=0 mode=1 camera_scale=1 keep_scale=0
ATTR_RADIUS o=6 raw_norm=50229.766269694264 norm=50229.766269694264 radius=51605.641434074707 next_radius=12901.410358518677 lambda=3.9062500000000009e-06 next_lambda=6.2500000000000015e-05 rho=0.067438107113949194 accept=0
CLASSICAL_LM o=6 lambda=3.9062500000000009e-06 tau=3.9062500000000009e-06 prediction=72542.350065389939 rho=0.067438107113949194 accept=0
  MFCG it   7  retry 1/8  lam=6.250e-05 tau_eff=3.906e-06  (assembly reused)
PCG_PREP o=6 rebuild=1 drift=0 previous_depth=6
ATTR_RADIUS o=6 raw_norm=19848.981206362725 norm=12901.410358518677 radius=12901.410358518677 next_radius=25802.820717037353 lambda=6.2500000000000015e-05 next_lambda=1.5625000000000004e-05 rho=0.88264651997536436 accept=1
CLASSICAL_LM o=6 lambda=6.2500000000000015e-05 tau=6.2500000000000015e-05 prediction=68725.645576858893 rho=0.88264651997536436 accept=1
  MFCG it   7 cost=3.128130e+05 lam=1.563e-05 tau=0.00e+00 cg_it=5 shift=0 ckpt=6 alpha=0 acc mv=55
PCG_PREP o=7 rebuild=1 drift=0 previous_depth=6
POINT_SAFE o=7 frozen=179 slope=-71080.761679732153 candidate=285659.24129407038 original=290316.6978557026 current=312813.03756903263 won=1 mode=1 camera_scale=1 keep_scale=0
ATTR_RADIUS o=7 raw_norm=22599.927662527291 norm=22599.927662527291 radius=25802.820717037353 next_radius=25802.820717037353 lambda=1.5625000000000004e-05 next_lambda=1.5625000000000004e-05 rho=0.69104335164636232 accept=1
CLASSICAL_LM o=7 lambda=1.5625000000000004e-05 tau=1.5625000000000004e-05 prediction=39293.911460504234 rho=0.69104335164636232 accept=1
  MFCG it   8 cost=2.856592e+05 lam=1.563e-05 tau=0.00e+00 cg_it=5 shift=0 ckpt=6 alpha=0 acc mv=62
PCG_PREP o=8 rebuild=1 drift=0 previous_depth=6
POINT_SAFE o=8 frozen=172 slope=-35253.194879962772 candidate=271070.80618794268 original=280479.53848191263 current=285659.24129407038 won=1 mode=1 camera_scale=1 keep_scale=0
ATTR_RADIUS o=8 raw_norm=7069.8937774438809 norm=7069.8937774438809 radius=25802.820717037353 next_radius=25802.820717037353 lambda=1.5625000000000004e-05 next_lambda=1.5625000000000005e-06 rho=0.81451525010013415 accept=1
CLASSICAL_LM o=8 lambda=1.5625000000000004e-05 tau=1.5625000000000004e-05 prediction=17910.57331871225 rho=0.81451525010013415 accept=1
  MFCG it   9 cost=2.710708e+05 lam=1.563e-06 tau=0.00e+00 cg_it=0 shift=0 ckpt=1 alpha=0 acc mv=64
PCG_PREP o=9 rebuild=1 drift=0 previous_depth=1
POINT_SAFE o=9 frozen=444 slope=-15079.184410682596 candidate=301858.9920148126 original=265559.89588703093 current=271070.80618794268 won=0 mode=1 camera_scale=1 keep_scale=0
ATTR_RADIUS o=9 raw_norm=35180.170166324206 norm=3225.3525896296696 radius=25802.820717037353 next_radius=25802.820717037353 lambda=1.5625000000000005e-06 next_lambda=1.5625000000000007e-07 rho=1.5016309611148224 accept=1
CLASSICAL_LM o=9 lambda=1.5625000000000005e-06 tau=1.5625000000000005e-06 prediction=3669.9498369562193 rho=1.5016309611148224 accept=1
  MFCG it  10 cost=2.655599e+05 lam=1.563e-07 tau=0.00e+00 cg_it=1 shift=0 ckpt=2 alpha=0 acc mv=67
PCG_PREP o=10 rebuild=1 drift=0 previous_depth=2
POINT_SAFE o=10 frozen=296 slope=-17400.293924351532 candidate=291982.49827824463 original=262360.01010622189 current=265559.89588703093 won=0 mode=1 camera_scale=1 keep_scale=0
ATTR_RADIUS o=10 raw_norm=43905.519012778204 norm=6450.7051792593384 radius=25802.820717037353 next_radius=25802.820717037353 lambda=1.5625000000000007e-07 next_lambda=1.5625000000000006e-08 rho=0.62243618517956223 accept=1
CLASSICAL_LM o=10 lambda=1.5625000000000007e-07 tau=1.5625000000000007e-07 prediction=5140.9057779729292 rho=0.62243618517956223 accept=1
  MFCG it  11 cost=2.623600e+05 lam=1.563e-08 tau=0.00e+00 cg_it=1 shift=0 ckpt=2 alpha=0 acc mv=70
PCG_PREP o=11 rebuild=1 drift=0 previous_depth=2
POINT_SAFE o=11 frozen=497 slope=-19031.778941853216 candidate=262959.22151845833 original=258725.28693572243 current=262360.01010622189 won=0 mode=1 camera_scale=1 keep_scale=0
ATTR_RADIUS o=11 raw_norm=15181.851945594983 norm=7590.9259727974904 radius=25802.820717037353 next_radius=25802.820717037353 lambda=1.5625000000000006e-08 next_lambda=1.5625000000000008e-09 rho=0.50187490309540639 accept=1
CLASSICAL_LM o=11 lambda=1.5625000000000006e-08 tau=1.5625000000000006e-08 prediction=7242.2891602700893 rho=0.50187490309540639 accept=1
  MFCG it  12 cost=2.587253e+05 lam=1.563e-09 tau=0.00e+00 cg_it=0 shift=0 ckpt=1 alpha=0 acc mv=72
PCG_PREP o=12 rebuild=1 drift=0 previous_depth=1
POINT_SAFE o=12 frozen=126 slope=-14016.244337290704 candidate=262001.52466445378 original=257433.17429539512 current=258725.28693572243 won=0 mode=1 camera_scale=1 keep_scale=0
ATTR_RADIUS o=12 raw_norm=15537.951677249492 norm=7768.9758386247449 radius=25802.820717037353 next_radius=6450.7051792593384 lambda=1.5625000000000008e-09 next_lambda=2.5000000000000012e-08 rho=0.23578214843267076 accept=1
CLASSICAL_LM o=12 lambda=1.5625000000000008e-09 tau=1.5625000000000008e-09 prediction=5480.1122515697161 rho=0.23578214843267076 accept=1
  MFCG it  13 cost=2.574332e+05 lam=2.500e-08 tau=0.00e+00 cg_it=0 shift=0 ckpt=1 alpha=0 acc mv=74
PCG_PREP o=13 rebuild=1 drift=0 previous_depth=1
ATTR_RADIUS o=13 raw_norm=15524.03610122491 norm=6450.7051792593384 radius=6450.7051792593384 next_radius=6450.7051792593384 lambda=2.5000000000000012e-08 next_lambda=2.5000000000000012e-08 rho=0.47301725087472801 accept=1
CLASSICAL_LM o=13 lambda=2.5000000000000012e-08 tau=2.5000000000000012e-08 prediction=4871.3867041698104 rho=0.47301725087472801 accept=1
  MFCG it  14 cost=2.551289e+05 lam=2.500e-08 tau=0.00e+00 cg_it=0 shift=0 ckpt=1 alpha=0 acc mv=76
PCG_PREP o=14 rebuild=1 drift=0 previous_depth=1
ATTR_RADIUS o=14 raw_norm=16033.35169968628 norm=6450.7051792593356 radius=6450.7051792593384 next_radius=6450.7051792593384 lambda=2.5000000000000012e-08 next_lambda=2.5000000000000012e-08 rho=0.38328193262027754 accept=1
CLASSICAL_LM o=14 lambda=2.5000000000000012e-08 tau=2.5000000000000012e-08 prediction=3169.3024500415668 rho=0.38328193262027754 accept=1
  MFCG it  15 cost=2.539142e+05 lam=2.500e-08 tau=0.00e+00 cg_it=0 shift=0 ckpt=1 alpha=0 acc mv=78
PCG_PREP o=15 rebuild=1 drift=0 previous_depth=1
ATTR_RADIUS o=15 raw_norm=16481.000995780701 norm=6450.7051792593402 radius=6450.7051792593384 next_radius=6450.7051792593384 lambda=2.5000000000000012e-08 next_lambda=2.5000000000000012e-08 rho=0.28650692391515514 accept=1
CLASSICAL_LM o=15 lambda=2.5000000000000012e-08 tau=2.5000000000000012e-08 prediction=2477.5418342326502 rho=0.28650692391515514 accept=1
  MFCG it  16 cost=2.532044e+05 lam=2.500e-08 tau=0.00e+00 cg_it=0 shift=0 ckpt=1 alpha=0 acc mv=80
PCG_PREP o=16 rebuild=1 drift=0 previous_depth=1
ATTR_RADIUS o=16 raw_norm=16889.023995022726 norm=6450.7051792593384 radius=6450.7051792593384 next_radius=1612.6762948148346 lambda=2.5000000000000012e-08 next_lambda=4.0000000000000019e-07 rho=0.18902621612305728 accept=1
CLASSICAL_LM o=16 lambda=2.5000000000000012e-08 tau=2.5000000000000012e-08 prediction=2160.1978083689228 rho=0.18902621612305728 accept=1
  MFCG it  17 cost=2.527960e+05 lam=4.000e-07 tau=0.00e+00 cg_it=0 shift=0 ckpt=1 alpha=0 acc mv=82
PCG_PREP o=17 rebuild=1 drift=0 previous_depth=1
ATTR_RADIUS o=17 raw_norm=14617.482088958866 norm=1612.6762948148346 radius=1612.6762948148346 next_radius=3225.3525896296692 lambda=4.0000000000000019e-07 next_lambda=1.0000000000000005e-07 rho=0.79757804524220666 accept=1
CLASSICAL_LM o=17 lambda=4.0000000000000019e-07 tau=4.0000000000000019e-07 prediction=764.3561670565656 rho=0.79757804524220666 accept=1
  MFCG it  18 cost=2.521864e+05 lam=1.000e-07 tau=0.00e+00 cg_it=0 shift=0 ckpt=1 alpha=0 acc mv=84
PCG_PREP o=18 rebuild=1 drift=0 previous_depth=1
ATTR_RADIUS o=18 raw_norm=16964.750601385214 norm=3225.3525896296687 radius=3225.3525896296692 next_radius=3225.3525896296692 lambda=1.0000000000000005e-07 next_lambda=1.0000000000000005e-07 rho=0.49400683463206579 accept=1
CLASSICAL_LM o=18 lambda=1.0000000000000005e-07 tau=1.0000000000000005e-07 prediction=941.95196371476936 rho=0.49400683463206579 accept=1
  MFCG it  19 cost=2.517211e+05 lam=1.000e-07 tau=0.00e+00 cg_it=0 shift=0 ckpt=1 alpha=0 acc mv=86
PCG_PREP o=19 rebuild=1 drift=0 previous_depth=1
ATTR_RADIUS o=19 raw_norm=17469.391080870402 norm=3225.3525896296687 radius=3225.3525896296692 next_radius=3225.3525896296692 lambda=1.0000000000000005e-07 next_lambda=1.0000000000000005e-07 rho=0.4660541718167695 accept=1
CLASSICAL_LM o=19 lambda=1.0000000000000005e-07 tau=1.0000000000000005e-07 prediction=812.56549287336782 rho=0.4660541718167695 accept=1
  MFCG it  20 cost=2.513424e+05 lam=1.000e-07 tau=0.00e+00 cg_it=0 shift=0 ckpt=1 alpha=0 acc mv=88
PCG_PREP o=20 rebuild=1 drift=0 previous_depth=1
ATTR_RADIUS o=20 raw_norm=17896.38683795718 norm=3225.3525896296696 radius=3225.3525896296692 next_radius=3225.3525896296692 lambda=1.0000000000000005e-07 next_lambda=1.0000000000000005e-07 rho=0.43515918236343681 accept=1
CLASSICAL_LM o=20 lambda=1.0000000000000005e-07 tau=1.0000000000000005e-07 prediction=711.49251235169527 rho=0.43515918236343681 accept=1
  MFCG it  21 cost=2.510327e+05 lam=1.000e-07 tau=0.00e+00 cg_it=0 shift=0 ckpt=1 alpha=0 acc mv=90
PCG_PREP o=21 rebuild=1 drift=0 previous_depth=1
ATTR_RADIUS o=21 raw_norm=18274.955424377207 norm=3225.3525896296692 radius=3225.3525896296692 next_radius=3225.3525896296692 lambda=1.0000000000000005e-07 next_lambda=1.0000000000000005e-07 rho=0.40550903589689408 accept=1
CLASSICAL_LM o=21 lambda=1.0000000000000005e-07 tau=1.0000000000000005e-07 prediction=634.79903701143962 rho=0.40550903589689408 accept=1
  MFCG it  22 cost=2.507753e+05 lam=1.000e-07 tau=0.00e+00 cg_it=0 shift=0 ckpt=1 alpha=0 acc mv=92
PCG_PREP o=22 rebuild=1 drift=0 previous_depth=1
ATTR_RADIUS o=22 raw_norm=18608.407291678806 norm=3225.3525896296687 radius=3225.3525896296692 next_radius=3225.3525896296692 lambda=1.0000000000000005e-07 next_lambda=1.0000000000000005e-07 rho=0.37709087695839549 accept=1
CLASSICAL_LM o=22 lambda=1.0000000000000005e-07 tau=1.0000000000000005e-07 prediction=575.78356284483823 rho=0.37709087695839549 accept=1
  MFCG it  23 cost=2.505582e+05 lam=1.000e-07 tau=0.00e+00 cg_it=0 shift=0 ckpt=1 alpha=0 acc mv=94
PCG_PREP o=23 rebuild=1 drift=0 previous_depth=1
ATTR_RADIUS o=23 raw_norm=18900.260385788777 norm=3225.3525896296683 radius=3225.3525896296692 next_radius=3225.3525896296692 lambda=1.0000000000000005e-07 next_lambda=1.0000000000000005e-07 rho=0.34998501638211699 accept=1
CLASSICAL_LM o=23 lambda=1.0000000000000005e-07 tau=1.0000000000000005e-07 prediction=529.848130591266 rho=0.34998501638211699 accept=1
  MFCG it  24 cost=2.503728e+05 lam=1.000e-07 tau=0.00e+00 cg_it=0 shift=0 ckpt=1 alpha=0 acc mv=96
PCG_PREP o=24 rebuild=1 drift=0 previous_depth=1
ATTR_RADIUS o=24 raw_norm=19155.776921457425 norm=3225.3525896296705 radius=3225.3525896296692 next_radius=3225.3525896296692 lambda=1.0000000000000005e-07 next_lambda=1.0000000000000005e-07 rho=0.32429864957497273 accept=1
CLASSICAL_LM o=24 lambda=1.0000000000000005e-07 tau=1.0000000000000005e-07 prediction=493.80111411116559 rho=0.32429864957497273 accept=1
  MFCG it  25 cost=2.502126e+05 lam=1.000e-07 tau=0.00e+00 cg_it=0 shift=0 ckpt=1 alpha=0 acc mv=98
PCG_PREP o=25 rebuild=1 drift=0 previous_depth=1
ATTR_RADIUS o=25 raw_norm=19378.826247286794 norm=3225.3525896296687 radius=3225.3525896296692 next_radius=3225.3525896296692 lambda=1.0000000000000005e-07 next_lambda=1.0000000000000005e-07 rho=0.30017148147124084 accept=1
CLASSICAL_LM o=25 lambda=1.0000000000000005e-07 tau=1.0000000000000005e-07 prediction=465.37846415969892 rho=0.30017148147124084 accept=1
  MFCG it  26 cost=2.500729e+05 lam=1.000e-07 tau=0.00e+00 cg_it=0 shift=0 ckpt=1 alpha=0 acc mv=100
PCG_PREP o=26 rebuild=1 drift=0 previous_depth=1
ATTR_RADIUS o=26 raw_norm=19565.379267558197 norm=3225.352589629671 radius=3225.3525896296692 next_radius=3225.3525896296692 lambda=1.0000000000000005e-07 next_lambda=1.0000000000000005e-07 rho=0.27774518687939681 accept=1
CLASSICAL_LM o=26 lambda=1.0000000000000005e-07 tau=1.0000000000000005e-07 prediction=442.93768872056097 rho=0.27774518687939681 accept=1
  MFCG it  27 cost=2.499499e+05 lam=1.000e-07 tau=0.00e+00 cg_it=0 shift=0 ckpt=1 alpha=0 acc mv=102
PCG_PREP o=27 rebuild=1 drift=0 previous_depth=1
ATTR_RADIUS o=27 raw_norm=19693.747359348072 norm=3225.3525896296674 radius=3225.3525896296692 next_radius=3225.3525896296692 lambda=1.0000000000000005e-07 next_lambda=1.0000000000000005e-07 rho=0.25688548054482668 accept=1
CLASSICAL_LM o=27 lambda=1.0000000000000005e-07 tau=1.0000000000000005e-07 prediction=425.08283425336907 rho=0.25688548054482668 accept=1
  MFCG it  28 cost=2.498407e+05 lam=1.000e-07 tau=0.00e+00 cg_it=0 shift=0 ckpt=1 alpha=0 acc mv=104
PCG_PREP o=28 rebuild=1 drift=0 previous_depth=1
ATTR_RADIUS o=28 raw_norm=19802.495548413204 norm=3225.3525896296687 radius=3225.3525896296692 next_radius=806.3381474074173 lambda=1.0000000000000005e-07 next_lambda=1.6000000000000008e-06 rho=0.23753653185968188 accept=1
CLASSICAL_LM o=28 lambda=1.0000000000000005e-07 tau=1.0000000000000005e-07 prediction=410.84598912556839 rho=0.23753653185968188 accept=1
  MFCG it  29 cost=2.497431e+05 lam=1.600e-06 tau=0.00e+00 cg_it=0 shift=0 ckpt=1 alpha=0 acc mv=106
PCG_PREP o=29 rebuild=1 drift=0 previous_depth=1
ATTR_RADIUS o=29 raw_norm=4420.1416432742744 norm=806.33814740741718 radius=806.3381474074173 next_radius=1612.6762948148346 lambda=1.6000000000000008e-06 next_lambda=4.0000000000000019e-07 rho=0.92638547250909353 accept=1
CLASSICAL_LM o=29 lambda=1.6000000000000008e-06 tau=1.6000000000000008e-06 prediction=415.01482281262776 rho=0.92638547250909353 accept=1
  MFCG it  30 cost=2.493587e+05 lam=4.000e-07 tau=0.00e+00 cg_it=0 shift=0 ckpt=1 alpha=0 acc mv=108
PCG_PREP o=30 rebuild=1 drift=0 previous_depth=1
ATTR_RADIUS o=30 raw_norm=12507.74989449731 norm=1612.676294814835 radius=1612.6762948148346 next_radius=1612.6762948148346 lambda=4.0000000000000019e-07 next_lambda=4.0000000000000019e-07 rho=0.69548080227009956 accept=1
CLASSICAL_LM o=30 lambda=4.0000000000000019e-07 tau=4.0000000000000019e-07 prediction=231.73539917564591 rho=0.69548080227009956 accept=1
  MFCG it  31 cost=2.491975e+05 lam=4.000e-07 tau=0.00e+00 cg_it=0 shift=0 ckpt=1 alpha=0 acc mv=110
PCG_PREP o=31 rebuild=1 drift=0 previous_depth=1
ATTR_RADIUS o=31 raw_norm=12683.046481694511 norm=1612.6762948148344 radius=1612.6762948148346 next_radius=1612.6762948148346 lambda=4.0000000000000019e-07 next_lambda=4.0000000000000019e-07 rho=0.68823794512862568 accept=1
CLASSICAL_LM o=31 lambda=4.0000000000000019e-07 tau=4.0000000000000019e-07 prediction=203.34265050172868 rho=0.68823794512862568 accept=1
  MFCG it  32 cost=2.490575e+05 lam=4.000e-07 tau=0.00e+00 cg_it=0 shift=0 ckpt=1 alpha=0 acc mv=112
PCG_PREP o=32 rebuild=1 drift=0 previous_depth=1
ATTR_RADIUS o=32 raw_norm=12867.182162201911 norm=1612.6762948148339 radius=1612.6762948148346 next_radius=1612.6762948148346 lambda=4.0000000000000019e-07 next_lambda=4.0000000000000019e-07 rho=0.68142388068741322 accept=1
CLASSICAL_LM o=32 lambda=4.0000000000000019e-07 tau=4.0000000000000019e-07 prediction=179.6771974382909 rho=0.68142388068741322 accept=1
  MFCG it  33 cost=2.489351e+05 lam=4.000e-07 tau=0.00e+00 cg_it=0 shift=0 ckpt=1 alpha=0 acc mv=114
PCG_PREP o=33 rebuild=1 drift=0 previous_depth=1
ATTR_RADIUS o=33 raw_norm=13049.65992662924 norm=1612.6762948148344 radius=1612.6762948148346 next_radius=1612.6762948148346 lambda=4.0000000000000019e-07 next_lambda=4.0000000000000019e-07 rho=0.67574312574407125 accept=1
CLASSICAL_LM o=33 lambda=4.0000000000000019e-07 tau=4.0000000000000019e-07 prediction=160.2889263934635 rho=0.67574312574407125 accept=1
  MFCG it  34 cost=2.488268e+05 lam=4.000e-07 tau=0.00e+00 cg_it=0 shift=0 ckpt=1 alpha=0 acc mv=116
PCG_PREP o=34 rebuild=1 drift=0 previous_depth=1
ATTR_RADIUS o=34 raw_norm=13224.839271344365 norm=1612.676294814835 radius=1612.6762948148346 next_radius=1612.6762948148346 lambda=4.0000000000000019e-07 next_lambda=4.0000000000000019e-07 rho=0.67110871406181904 accept=1
CLASSICAL_LM o=34 lambda=4.0000000000000019e-07 tau=4.0000000000000019e-07 prediction=144.28762071310447 rho=0.67110871406181904 accept=1
  MFCG it  35 cost=2.487300e+05 lam=4.000e-07 tau=0.00e+00 cg_it=0 shift=0 ckpt=1 alpha=0 acc mv=118
PCG_PREP o=35 rebuild=1 drift=0 previous_depth=1
ATTR_RADIUS o=35 raw_norm=13387.216145370208 norm=1612.676294814835 radius=1612.6762948148346 next_radius=1612.6762948148346 lambda=4.0000000000000019e-07 next_lambda=4.0000000000000019e-07 rho=0.66739888660751079 accept=1
CLASSICAL_LM o=35 lambda=4.0000000000000019e-07 tau=4.0000000000000019e-07 prediction=130.98368458823543 rho=0.66739888660751079 accept=1
  MFCG it  36 cost=2.486425e+05 lam=4.000e-07 tau=0.00e+00 cg_it=0 shift=0 ckpt=1 alpha=0 acc mv=120
PCG_PREP o=36 rebuild=1 drift=0 previous_depth=1
ATTR_RADIUS o=36 raw_norm=13532.005423049726 norm=1612.6762948148339 radius=1612.6762948148346 next_radius=1612.6762948148346 lambda=4.0000000000000019e-07 next_lambda=4.0000000000000019e-07 rho=0.66448194793100801 accept=1
CLASSICAL_LM o=36 lambda=4.0000000000000019e-07 tau=4.0000000000000019e-07 prediction=119.84266789223292 rho=0.66448194793100801 accept=1
  MFCG it  37 cost=2.485629e+05 lam=4.000e-07 tau=0.00e+00 cg_it=0 shift=0 ckpt=1 alpha=0 acc mv=122
PCG_PREP o=37 rebuild=1 drift=0 previous_depth=1
ATTR_RADIUS o=37 raw_norm=19534.305394590629 norm=1612.676294814835 radius=1612.6762948148346 next_radius=3225.3525896296692 lambda=4.0000000000000019e-07 next_lambda=1.0000000000000005e-07 rho=0.79061536645431207 accept=1
CLASSICAL_LM o=37 lambda=4.0000000000000019e-07 tau=4.0000000000000019e-07 prediction=181.05581037911386 rho=0.79061536645431207 accept=1
  MFCG it  38 cost=2.484198e+05 lam=1.000e-07 tau=0.00e+00 cg_it=1 shift=0 ckpt=2 alpha=0 acc mv=125
PCG_PREP o=38 rebuild=1 drift=0 previous_depth=2
POINT_SAFE o=38 frozen=574 slope=-109.07061940460059 candidate=248475.27783176236 original=248405.38970361286 current=248419.76185523541 won=0 mode=1 camera_scale=1 keep_scale=0
ATTR_RADIUS o=38 raw_norm=71742.813002569354 norm=1612.6762948148344 radius=3225.3525896296692 next_radius=3225.3525896296692 lambda=1.0000000000000005e-07 next_lambda=1.0000000000000005e-08 rho=0.26670125558588009 accept=1
CLASSICAL_LM o=38 lambda=1.0000000000000005e-07 tau=1.0000000000000005e-07 prediction=53.888578780690224 rho=0.26670125558588009 accept=1
  MFCG it  39 cost=2.484054e+05 lam=1.000e-08 tau=0.00e+00 cg_it=1 shift=0 ckpt=2 alpha=0 acc mv=128
PCG_PREP o=39 rebuild=1 drift=0 previous_depth=2
POINT_SAFE o=39 frozen=114 slope=-56.729722166160187 candidate=248521.57891866664 original=248402.0382367709 current=248405.38970361286 won=0 mode=1 camera_scale=1 keep_scale=0
ATTR_RADIUS o=39 raw_norm=179599.53892259407 norm=806.33814740741695 radius=3225.3525896296692 next_radius=806.3381474074173 lambda=1.0000000000000005e-08 next_lambda=1.6000000000000008e-07 rho=0.23789165934375797 accept=1
CLASSICAL_LM o=39 lambda=1.0000000000000005e-08 tau=1.0000000000000005e-08 prediction=14.088206586190896 rho=0.23789165934375797 accept=1
  MFCG it  40 cost=2.484020e+05 lam=1.600e-07 tau=0.00e+00 cg_it=1 shift=0 ckpt=2 alpha=0 acc mv=131
PCG_PREP o=40 rebuild=1 drift=0 previous_depth=2
ATTR_RADIUS o=40 raw_norm=22510.936192263976 norm=806.33814740741752 radius=806.3381474074173 next_radius=806.3381474074173 lambda=1.6000000000000008e-07 next_lambda=1.6000000000000008e-07 rho=0.68707354417670308 accept=1
CLASSICAL_LM o=40 lambda=1.6000000000000008e-07 tau=1.6000000000000008e-07 prediction=35.550140305577081 rho=0.68707354417670308 accept=1
  MFCG it  41 cost=2.483776e+05 lam=1.600e-07 tau=0.00e+00 cg_it=0 shift=0 ckpt=1 alpha=0 acc mv=133
PCG_PREP o=41 rebuild=1 drift=0 previous_depth=1
ATTR_RADIUS o=41 raw_norm=22526.60254799129 norm=806.33814740741718 radius=806.3381474074173 next_radius=806.3381474074173 lambda=1.6000000000000008e-07 next_lambda=1.6000000000000008e-07 rho=0.67819686842048044 accept=1
CLASSICAL_LM o=41 lambda=1.6000000000000008e-07 tau=1.6000000000000008e-07 prediction=33.757074794961035 rho=0.67819686842048044 accept=1
  MFCG it  42 cost=2.483547e+05 lam=1.600e-07 tau=0.00e+00 cg_it=0 shift=0 ckpt=1 alpha=0 acc mv=135
PCG_PREP o=42 rebuild=1 drift=0 previous_depth=1
ATTR_RADIUS o=42 raw_norm=22528.53372506451 norm=806.33814740741718 radius=806.3381474074173 next_radius=806.3381474074173 lambda=1.6000000000000008e-07 next_lambda=1.6000000000000008e-07 rho=0.67736739764814757 accept=1
CLASSICAL_LM o=42 lambda=1.6000000000000008e-07 tau=1.6000000000000008e-07 prediction=32.850458391048754 rho=0.67736739764814757 accept=1
  MFCG it  43 cost=2.483325e+05 lam=1.600e-07 tau=0.00e+00 cg_it=0 shift=0 ckpt=1 alpha=0 acc mv=137
PCG_PREP o=43 rebuild=1 drift=0 previous_depth=1
ATTR_RADIUS o=43 raw_norm=22527.944513644587 norm=806.3381474074173 radius=806.3381474074173 next_radius=806.3381474074173 lambda=1.6000000000000008e-07 next_lambda=1.6000000000000008e-07 rho=0.67670371596615198 accept=1
CLASSICAL_LM o=43 lambda=1.6000000000000008e-07 tau=1.6000000000000008e-07 prediction=31.99243575519483 rho=0.67670371596615198 accept=1
  MFCG it  44 cost=2.483108e+05 lam=1.600e-07 tau=0.00e+00 cg_it=0 shift=0 ckpt=1 alpha=0 acc mv=139
PCG_PREP o=44 rebuild=1 drift=0 previous_depth=1
ATTR_RADIUS o=44 raw_norm=22524.181760042338 norm=806.33814740741718 radius=806.3381474074173 next_radius=806.3381474074173 lambda=1.6000000000000008e-07 next_lambda=1.6000000000000008e-07 rho=0.67620048825460133 accept=1
CLASSICAL_LM o=44 lambda=1.6000000000000008e-07 tau=1.6000000000000008e-07 prediction=31.179142384423457 rho=0.67620048825460133 accept=1
  MFCG it  45 cost=2.482897e+05 lam=1.600e-07 tau=0.00e+00 cg_it=0 shift=0 ckpt=1 alpha=0 acc mv=141
PCG_PREP o=45 rebuild=1 drift=0 previous_depth=1
ATTR_RADIUS o=45 raw_norm=22517.750438539628 norm=806.33814740741718 radius=806.3381474074173 next_radius=806.3381474074173 lambda=1.6000000000000008e-07 next_lambda=1.6000000000000008e-07 rho=0.67585778765377835 accept=1
CLASSICAL_LM o=45 lambda=1.6000000000000008e-07 tau=1.6000000000000008e-07 prediction=30.40782983147702 rho=0.67585778765377835 accept=1
  MFCG it  46 cost=2.482692e+05 lam=1.600e-07 tau=0.00e+00 cg_it=0 shift=0 ckpt=1 alpha=0 acc mv=143
PCG_PREP o=46 rebuild=1 drift=0 previous_depth=1
ATTR_RADIUS o=46 raw_norm=22508.624596768223 norm=806.33814740741752 radius=806.3381474074173 next_radius=806.3381474074173 lambda=1.6000000000000008e-07 next_lambda=1.6000000000000008e-07 rho=0.67567346416502838 accept=1
CLASSICAL_LM o=46 lambda=1.6000000000000008e-07 tau=1.6000000000000008e-07 prediction=29.675922303667186 rho=0.67567346416502838 accept=1
  MFCG it  47 cost=2.482491e+05 lam=1.600e-07 tau=0.00e+00 cg_it=0 shift=0 ckpt=1 alpha=0 acc mv=145
PCG_PREP o=47 rebuild=1 drift=0 previous_depth=1
ATTR_RADIUS o=47 raw_norm=22497.400977208512 norm=806.3381474074173 radius=806.3381474074173 next_radius=806.3381474074173 lambda=1.6000000000000008e-07 next_lambda=1.6000000000000008e-07 rho=0.67565304391164682 accept=1
CLASSICAL_LM o=47 lambda=1.6000000000000008e-07 tau=1.6000000000000008e-07 prediction=28.980570099030913 rho=0.67565304391164682 accept=1
  MFCG it  48 cost=2.482296e+05 lam=1.600e-07 tau=0.00e+00 cg_it=0 shift=0 ckpt=1 alpha=0 acc mv=147
PCG_PREP o=48 rebuild=1 drift=0 previous_depth=1
ATTR_RADIUS o=48 raw_norm=22483.160836335072 norm=806.3381474074173 radius=806.3381474074173 next_radius=806.3381474074173 lambda=1.6000000000000008e-07 next_lambda=1.6000000000000008e-07 rho=0.67578040700934905 accept=1
CLASSICAL_LM o=48 lambda=1.6000000000000008e-07 tau=1.6000000000000008e-07 prediction=28.320576642365495 rho=0.67578040700934905 accept=1
  MFCG it  49 cost=2.482104e+05 lam=1.600e-07 tau=0.00e+00 cg_it=0 shift=0 ckpt=1 alpha=0 acc mv=149
PCG_PREP o=49 rebuild=1 drift=0 previous_depth=1
ATTR_RADIUS o=49 raw_norm=36711.206840639694 norm=806.33814740741718 radius=806.3381474074173 next_radius=1612.6762948148346 lambda=1.6000000000000008e-07 next_lambda=4.0000000000000021e-08 rho=0.798475150927343 accept=1
CLASSICAL_LM o=49 lambda=1.6000000000000008e-07 tau=1.6000000000000008e-07 prediction=44.211791507427471 rho=0.798475150927343 accept=1
  MFCG it  50 cost=2.481751e+05 lam=4.000e-08 tau=0.00e+00 cg_it=1 shift=0 ckpt=2 alpha=0 acc mv=152
PCG_PREP o=50 rebuild=1 drift=0 previous_depth=2
POINT_SAFE o=50 frozen=550 slope=-30.671060464619909 candidate=248179.75677131742 original=248168.67801894702 current=248175.11023255729 won=0 mode=1 camera_scale=1 keep_scale=0
ATTR_RADIUS o=50 raw_norm=120019.30559251056 norm=806.33814740741707 radius=1612.6762948148346 next_radius=1612.6762948148346 lambda=4.0000000000000021e-08 next_lambda=4.0000000000000019e-09 rho=0.4207531098613681 accept=1
CLASSICAL_LM o=50 lambda=4.0000000000000021e-08 tau=4.0000000000000021e-08 prediction=15.287382218969958 rho=0.4207531098613681 accept=1
  MFCG it  51 cost=2.481687e+05 lam=4.000e-09 tau=0.00e+00 cg_it=1 shift=0 ckpt=2 alpha=0 acc mv=155
PCG_PREP o=51 rebuild=1 drift=0 previous_depth=2
NUMERIC_REPAIR o=51 lambda=4.0000000000000019e-09 rayleigh=-1.0772373335104945e-08 next_lambda=5.9089493340419784e-08 cg=2 rebuild=1
PCG_PREP o=51 rebuild=1 drift=0 previous_depth=2
POINT_SAFE o=51 frozen=1124 slope=-35.450592111789128 candidate=248169.30669140632 original=248160.28971531702 current=248168.67801894702 won=0 mode=1 camera_scale=1 keep_scale=0
ATTR_RADIUS o=51 raw_norm=38295.175167342415 norm=806.33814740741695 radius=1612.6762948148346 next_radius=1612.6762948148346 lambda=5.9089493340419784e-08 next_lambda=5.9089493340419784e-08 rho=0.47858051003333796 accept=1
CLASSICAL_LM o=51 lambda=5.9089493340419784e-08 tau=5.9089493340419784e-08 prediction=17.527466025332831 rho=0.47858051003333796 accept=1
  MFCG it  52 cost=2.481603e+05 lam=5.909e-08 tau=0.00e+00 cg_it=0 shift=0 ckpt=1 alpha=0 acc mv=160
PCG_PREP o=52 rebuild=1 drift=0 previous_depth=1
POINT_SAFE o=52 frozen=735 slope=-35.310136169301884 candidate=248161.03205420054 original=248151.95646281636 current=248160.28971531702 won=0 mode=1 camera_scale=1 keep_scale=0
ATTR_RADIUS o=52 raw_norm=38132.482101920592 norm=806.33814740741752 radius=1612.6762948148346 next_radius=1612.6762948148346 lambda=5.9089493340419784e-08 next_lambda=5.9089493340419784e-08 rho=0.47726847049028442 accept=1
CLASSICAL_LM o=52 lambda=5.9089493340419784e-08 tau=5.9089493340419784e-08 prediction=17.460303824585033 rho=0.47726847049028442 accept=1
  MFCG it  53 cost=2.481520e+05 lam=5.909e-08 tau=0.00e+00 cg_it=0 shift=0 ckpt=1 alpha=0 acc mv=162
PCG_PREP o=53 rebuild=1 drift=0 previous_depth=1
POINT_SAFE o=53 frozen=517 slope=-35.196926868805583 candidate=248152.76087073112 original=248143.66469540814 current=248151.95646281636 won=0 mode=1 camera_scale=1 keep_scale=0
ATTR_RADIUS o=53 raw_norm=37953.815759875928 norm=806.3381474074173 radius=1612.6762948148346 next_radius=1612.6762948148346 lambda=5.9089493340419784e-08 next_lambda=5.9089493340419784e-08 rho=0.47642758076146263 accept=1
CLASSICAL_LM o=53 lambda=5.9089493340419784e-08 tau=5.9089493340419784e-08 prediction=17.404045741799383 rho=0.47642758076146263 accept=1
  MFCG it  54 cost=2.481437e+05 lam=5.909e-08 tau=0.00e+00 cg_it=0 shift=0 ckpt=1 alpha=0 acc mv=164
PCG_PREP o=54 rebuild=1 drift=0 previous_depth=1
POINT_SAFE o=54 frozen=432 slope=-35.170056073984561 candidate=248144.42541817835 original=248135.36842428381 current=248143.66469540814 won=0 mode=1 camera_scale=1 keep_scale=0
ATTR_RADIUS o=54 raw_norm=37771.704645579957 norm=806.33814740741752 radius=1612.6762948148346 next_radius=1612.6762948148346 lambda=5.9089493340419784e-08 next_lambda=5.9089493340419784e-08 rho=0.47706738629694823 accept=1
CLASSICAL_LM o=54 lambda=5.9089493340419784e-08 tau=5.9089493340419784e-08 prediction=17.390145213504162 rho=0.47706738629694823 accept=1
  MFCG it  55 cost=2.481354e+05 lam=5.909e-08 tau=0.00e+00 cg_it=0 shift=0 ckpt=1 alpha=0 acc mv=166
PCG_PREP o=55 rebuild=1 drift=0 previous_depth=1
POINT_SAFE o=55 frozen=403 slope=-35.650178068090675 candidate=248135.57533169142 original=248126.81351902467 current=248135.36842428381 won=0 mode=1 camera_scale=1 keep_scale=0
ATTR_RADIUS o=55 raw_norm=37589.540910216638 norm=806.33814740741752 radius=1612.6762948148346 next_radius=1612.6762948148346 lambda=5.9089493340419784e-08 next_lambda=5.9089493340419784e-08 rho=0.485257660192424 accept=1
CLASSICAL_LM o=55 lambda=5.9089493340419784e-08 tau=5.9089493340419784e-08 prediction=17.629614039983171 rho=0.485257660192424 accept=1
  MFCG it  56 cost=2.481268e+05 lam=5.909e-08 tau=0.00e+00 cg_it=0 shift=0 ckpt=1 alpha=0 acc mv=168
PCG_PREP o=56 rebuild=1 drift=0 previous_depth=1
ATTR_RADIUS o=56 raw_norm=37534.579598636272 norm=1612.6762948148348 radius=1612.6762948148346 next_radius=403.16907370370865 lambda=5.9089493340419784e-08 next_lambda=9.4543189344671655e-07 rho=0.12591529669024173 accept=1
CLASSICAL_LM o=56 lambda=5.9089493340419784e-08 tau=5.9089493340419784e-08 prediction=40.306261892164528 rho=0.12591529669024173 accept=1
  MFCG it  57 cost=2.481217e+05 lam=9.454e-07 tau=0.00e+00 cg_it=0 shift=0 ckpt=1 alpha=0 acc mv=170
PCG_PREP o=57 rebuild=1 drift=0 previous_depth=1
ATTR_RADIUS o=57 raw_norm=4376.4323802226936 norm=403.16907370370848 radius=403.16907370370865 next_radius=806.3381474074173 lambda=9.4543189344671655e-07 next_lambda=2.3635797336167914e-07 rho=0.95082603818713163 accept=1
CLASSICAL_LM o=57 lambda=9.4543189344671655e-07 tau=9.4543189344671655e-07 prediction=78.320053572937709 rho=0.95082603818713163 accept=1
  MFCG it  58 cost=2.480473e+05 lam=2.364e-07 tau=0.00e+00 cg_it=0 shift=0 ckpt=1 alpha=0 acc mv=172
PCG_PREP o=58 rebuild=1 drift=0 previous_depth=1
ATTR_RADIUS o=58 raw_norm=16513.486100243335 norm=806.33814740741718 radius=806.3381474074173 next_radius=1612.6762948148346 lambda=2.3635797336167914e-07 next_lambda=5.9089493340419784e-08 rho=0.9135809669589362 accept=1
CLASSICAL_LM o=58 lambda=2.3635797336167914e-07 tau=2.3635797336167914e-07 prediction=94.471015399150573 rho=0.9135809669589362 accept=1
  MFCG it  59 cost=2.479610e+05 lam=5.909e-08 tau=0.00e+00 cg_it=1 shift=0 ckpt=2 alpha=0 acc mv=175
PCG_PREP o=59 rebuild=1 drift=0 previous_depth=2
ATTR_RADIUS o=59 raw_norm=78268.125205112417 norm=1612.6762948148346 radius=1612.6762948148346 next_radius=403.16907370370865 lambda=5.9089493340419784e-08 next_lambda=9.4543189344671655e-07 rho=0.22598159778699564 accept=1
CLASSICAL_LM o=59 lambda=5.9089493340419784e-08 tau=5.9089493340419784e-08 prediction=41.55036529911203 rho=0.22598159778699564 accept=1
  MFCG it  60 cost=2.479516e+05 lam=9.454e-07 tau=0.00e+00 cg_it=1 shift=0 ckpt=2 alpha=0 acc mv=178
PCG_PREP o=60 rebuild=1 drift=0 previous_depth=2
ATTR_RADIUS o=60 raw_norm=4351.4891170772325 norm=403.16907370370859 radius=403.16907370370865 next_radius=806.3381474074173 lambda=9.4543189344671655e-07 next_lambda=2.3635797336167914e-07 rho=0.95357940748413683 accept=1
CLASSICAL_LM o=60 lambda=9.4543189344671655e-07 tau=9.4543189344671655e-07 prediction=59.838145758541032 rho=0.95357940748413683 accept=1
  MFCG it  61 cost=2.478945e+05 lam=2.364e-07 tau=0.00e+00 cg_it=0 shift=0 ckpt=1 alpha=0 acc mv=180
PCG_PREP o=61 rebuild=1 drift=0 previous_depth=1
ATTR_RADIUS o=61 raw_norm=14374.911771649016 norm=806.33814740741718 radius=806.3381474074173 next_radius=1612.6762948148346 lambda=2.3635797336167914e-07 next_lambda=5.9089493340419784e-08 rho=0.92259449550076356 accept=1
CLASSICAL_LM o=61 lambda=2.3635797336167914e-07 tau=2.3635797336167914e-07 prediction=95.742841533051632 rho=0.92259449550076356 accept=1
  MFCG it  62 cost=2.478062e+05 lam=5.909e-08 tau=0.00e+00 cg_it=1 shift=0 ckpt=2 alpha=0 acc mv=183
PCG_PREP o=62 rebuild=1 drift=0 previous_depth=2
ATTR_RADIUS o=62 raw_norm=75901.149089736078 norm=1612.676294814835 radius=1612.6762948148346 next_radius=403.16907370370865 lambda=5.9089493340419784e-08 next_lambda=9.4543189344671655e-07 rho=0.21093153363035164 accept=1
CLASSICAL_LM o=62 lambda=5.9089493340419784e-08 tau=5.9089493340419784e-08 prediction=38.785398770707417 rho=0.21093153363035164 accept=1
  MFCG it  63 cost=2.477980e+05 lam=9.454e-07 tau=0.00e+00 cg_it=1 shift=0 ckpt=2 alpha=0 acc mv=186
PCG_PREP o=63 rebuild=1 drift=0 previous_depth=2
ATTR_RADIUS o=63 raw_norm=4261.0415054656432 norm=403.16907370370865 radius=403.16907370370865 next_radius=806.3381474074173 lambda=9.4543189344671655e-07 next_lambda=2.3635797336167914e-07 rho=0.95077464991338489 accept=1
CLASSICAL_LM o=63 lambda=9.4543189344671655e-07 tau=9.4543189344671655e-07 prediction=52.320029192545313 rho=0.95077464991338489 accept=1
  MFCG it  64 cost=2.477483e+05 lam=2.364e-07 tau=0.00e+00 cg_it=0 shift=0 ckpt=1 alpha=0 acc mv=188
PCG_PREP o=64 rebuild=1 drift=0 previous_depth=1
ATTR_RADIUS o=64 raw_norm=15566.58047105168 norm=806.33814740741752 radius=806.3381474074173 next_radius=806.3381474074173 lambda=2.3635797336167914e-07 next_lambda=2.3635797336167914e-07 rho=0.72195322261386063 accept=1
CLASSICAL_LM o=64 lambda=2.3635797336167914e-07 tau=2.3635797336167914e-07 prediction=27.130869494000443 rho=0.72195322261386063 accept=1
  MFCG it  65 cost=2.477287e+05 lam=2.364e-07 tau=0.00e+00 cg_it=0 shift=0 ckpt=1 alpha=0 acc mv=190
PCG_PREP o=65 rebuild=1 drift=0 previous_depth=1
ATTR_RADIUS o=65 raw_norm=11796.30079627554 norm=806.33814740741707 radius=806.3381474074173 next_radius=1612.6762948148346 lambda=2.3635797336167914e-07 next_lambda=5.9089493340419784e-08 rho=0.94050561105512431 accept=1
CLASSICAL_LM o=65 lambda=2.3635797336167914e-07 tau=2.3635797336167914e-07 prediction=103.74706427194006 rho=0.94050561105512431 accept=1
  MFCG it  66 cost=2.476311e+05 lam=5.909e-08 tau=0.00e+00 cg_it=1 shift=0 ckpt=2 alpha=0 acc mv=193
PCG_PREP o=66 rebuild=1 drift=0 previous_depth=2
POINT_SAFE o=66 frozen=1024 slope=-19.57950187194146 candidate=247638.79339722628 original=247628.22205585262 current=247631.0932803285 won=0 mode=1 camera_scale=1 keep_scale=0
ATTR_RADIUS o=66 raw_norm=43949.416027315456 norm=806.33814740741741 radius=1612.6762948148346 next_radius=1612.6762948148346 lambda=5.9089493340419784e-08 next_lambda=5.9089493340419784e-08 rho=0.29636501217762395 accept=1
CLASSICAL_LM o=66 lambda=5.9089493340419784e-08 tau=5.9089493340419784e-08 prediction=9.688135771432238 rho=0.29636501217762395 accept=1
  MFCG it  67 cost=2.476282e+05 lam=5.909e-08 tau=0.00e+00 cg_it=0 shift=0 ckpt=1 alpha=0 acc mv=195
PCG_PREP o=67 rebuild=1 drift=0 previous_depth=1
POINT_SAFE o=67 frozen=319 slope=-19.777976828939451 candidate=247636.00930250355 original=247625.33252284254 current=247628.22205585262 won=0 mode=1 camera_scale=1 keep_scale=0
ATTR_RADIUS o=67 raw_norm=43291.761847215865 norm=806.33814740741695 radius=1612.6762948148346 next_radius=1612.6762948148346 lambda=5.9089493340419784e-08 next_lambda=5.9089493340419784e-08 rho=0.29497852514429801 accept=1
CLASSICAL_LM o=67 lambda=5.9089493340419784e-08 tau=5.9089493340419784e-08 prediction=9.7957402447011628 rho=0.29497852514429801 accept=1
  MFCG it  68 cost=2.476253e+05 lam=5.909e-08 tau=0.00e+00 cg_it=0 shift=0 ckpt=1 alpha=0 acc mv=197
PCG_PREP o=68 rebuild=1 drift=0 previous_depth=1
POINT_SAFE o=68 frozen=173 slope=-20.046443433049305 candidate=247633.1056784807 original=247622.3861101878 current=247625.33252284254 won=0 mode=1 camera_scale=1 keep_scale=0
ATTR_RADIUS o=68 raw_norm=42651.192265825484 norm=806.33814740741707 radius=1612.6762948148346 next_radius=1612.6762948148346 lambda=5.9089493340419784e-08 next_lambda=5.9089493340419784e-08 rho=0.29685930018016216 accept=1
CLASSICAL_LM o=68 lambda=5.9089493340419784e-08 tau=5.9089493340419784e-08 prediction=9.9252833007116354 rho=0.29685930018016216 accept=1
  MFCG it  69 cost=2.476224e+05 lam=5.909e-08 tau=0.00e+00 cg_it=0 shift=0 ckpt=1 alpha=0 acc mv=199
PCG_PREP o=69 rebuild=1 drift=0 previous_depth=1
POINT_SAFE o=69 frozen=156 slope=-20.314061890479746 candidate=247630.11675685921 original=247619.37226950563 current=247622.3861101878 won=0 mode=1 camera_scale=1 keep_scale=0
ATTR_RADIUS o=69 raw_norm=42037.613961603543 norm=806.33814740741752 radius=1612.6762948148346 next_radius=1612.6762948148346 lambda=5.9089493340419784e-08 next_lambda=5.9089493340419784e-08 rho=0.29975892522059039 accept=1
CLASSICAL_LM o=69 lambda=5.9089493340419784e-08 tau=5.9089493340419784e-08 prediction=10.054214999424744 rho=0.29975892522059039 accept=1
  MFCG it  70 cost=2.476194e+05 lam=5.909e-08 tau=0.00e+00 cg_it=0 shift=0 ckpt=1 alpha=0 acc mv=201
PCG_PREP o=70 rebuild=1 drift=0 previous_depth=1
POINT_SAFE o=70 frozen=156 slope=-20.586466404614193 candidate=247627.06534802818 original=247616.28896001657 current=247619.37226950563 won=0 mode=1 camera_scale=1 keep_scale=0
ATTR_RADIUS o=70 raw_norm=41378.191719289003 norm=806.3381474074173 radius=1612.6762948148346 next_radius=1612.6762948148346 lambda=5.9089493340419784e-08 next_lambda=5.9089493340419784e-08 rho=0.30269225619986673 accept=1
CLASSICAL_LM o=70 lambda=5.9089493340419784e-08 tau=5.9089493340419784e-08 prediction=10.18628467004325 rho=0.30269225619986673 accept=1
  MFCG it  71 cost=2.476163e+05 lam=5.909e-08 tau=0.00e+00 cg_it=0 shift=0 ckpt=1 alpha=0 acc mv=203
PCG_PREP o=71 rebuild=1 drift=0 previous_depth=1
POINT_SAFE o=71 frozen=159 slope=-20.851864907337401 candidate=247623.90250271352 original=247613.12637931082 current=247616.28896001657 won=0 mode=1 camera_scale=1 keep_scale=0
ATTR_RADIUS o=71 raw_norm=40767.847785636775 norm=806.33814740741718 radius=1612.6762948148346 next_radius=1612.6762948148346 lambda=5.9089493340419784e-08 next_lambda=5.9089493340419784e-08 rho=0.30658589412892856 accept=1
CLASSICAL_LM o=71 lambda=5.9089493340419784e-08 tau=5.9089493340419784e-08 prediction=10.315480151910135 rho=0.30658589412892856 accept=1
  MFCG it  72 cost=2.476131e+05 lam=5.909e-08 tau=0.00e+00 cg_it=0 shift=0 ckpt=1 alpha=0 acc mv=205
PCG_PREP o=72 rebuild=1 drift=0 previous_depth=1
POINT_SAFE o=72 frozen=162 slope=-21.122492405466819 candidate=247620.63925310309 original=247609.877260601 current=247613.12637931082 won=0 mode=1 camera_scale=1 keep_scale=0
ATTR_RADIUS o=72 raw_norm=40163.004564595882 norm=806.33814740741764 radius=1612.6762948148346 next_radius=1612.6762948148346 lambda=5.9089493340419784e-08 next_lambda=5.9089493340419784e-08 rho=0.31099190172518493 accept=1
CLASSICAL_LM o=72 lambda=5.9089493340419784e-08 tau=5.9089493340419784e-08 prediction=10.447599091154085 rho=0.31099190172518493 accept=1
  MFCG it  73 cost=2.476099e+05 lam=5.909e-08 tau=0.00e+00 cg_it=0 shift=0 ckpt=1 alpha=0 acc mv=207
PCG_PREP o=73 rebuild=1 drift=0 previous_depth=1
POINT_SAFE o=73 frozen=163 slope=-21.408616536066127 candidate=247617.25751779333 original=247606.5293128865 current=247609.877260601 won=0 mode=1 camera_scale=1 keep_scale=0
ATTR_RADIUS o=73 raw_norm=39576.0514845531 norm=806.3381474074173 radius=1612.6762948148346 next_radius=1612.6762948148346 lambda=5.9089493340419784e-08 next_lambda=5.9089493340419784e-08 rho=0.31621468601761971 accept=1
CLASSICAL_LM o=73 lambda=5.9089493340419784e-08 tau=5.9089493340419784e-08 prediction=10.587578194627275 rho=0.31621468601761971 accept=1
  MFCG it  74 cost=2.476065e+05 lam=5.909e-08 tau=0.00e+00 cg_it=0 shift=0 ckpt=1 alpha=0 acc mv=209
PCG_PREP o=74 rebuild=1 drift=0 previous_depth=1
POINT_SAFE o=74 frozen=166 slope=-21.738888281026181 candidate=247613.75752192034 original=247603.06636554634 current=247606.5293128865 won=0 mode=1 camera_scale=1 keep_scale=0
ATTR_RADIUS o=74 raw_norm=38973.901543035769 norm=806.33814740741707 radius=1612.6762948148346 next_radius=1612.6762948148346 lambda=5.9089493340419784e-08 next_lambda=5.9089493340419784e-08 rho=0.32214876652518154 accept=1
CLASSICAL_LM o=74 lambda=5.9089493340419784e-08 tau=5.9089493340419784e-08 prediction=10.749528478755142 rho=0.32214876652518154 accept=1
  MFCG it  75 cost=2.476031e+05 lam=5.909e-08 tau=0.00e+00 cg_it=0 shift=0 ckpt=1 alpha=0 acc mv=211
PCG_PREP o=75 rebuild=1 drift=0 previous_depth=1
POINT_SAFE o=75 frozen=179 slope=-22.209129246165137 candidate=247610.16079712179 original=247599.45800555171 current=247603.06636554634 won=0 mode=1 camera_scale=1 keep_scale=0
ATTR_RADIUS o=75 raw_norm=38273.784409069609 norm=806.33814740741707 radius=1612.6762948148346 next_radius=1612.6762948148346 lambda=5.9089493340419784e-08 next_lambda=5.9089493340419784e-08 rho=0.32860436550165578 accept=1
CLASSICAL_LM o=75 lambda=5.9089493340419784e-08 tau=5.9089493340419784e-08 prediction=10.980864448103375 rho=0.32860436550165578 accept=1
  MFCG it  76 cost=2.475995e+05 lam=5.909e-08 tau=0.00e+00 cg_it=0 shift=0 ckpt=1 alpha=0 acc mv=213
PCG_PREP o=76 rebuild=1 drift=0 previous_depth=1
POINT_SAFE o=76 frozen=192 slope=-23.173954673453586 candidate=247605.90038137481 original=247595.45115161053 current=247599.45800555171 won=0 mode=1 camera_scale=1 keep_scale=0
ATTR_RADIUS o=76 raw_norm=37602.183524229091 norm=806.33814740741695 radius=1612.6762948148346 next_radius=1612.6762948148346 lambda=5.9089493340419784e-08 next_lambda=5.9089493340419784e-08 rho=0.349657626442817 accept=1
CLASSICAL_LM o=76 lambda=5.9089493340419784e-08 tau=5.9089493340419784e-08 prediction=11.459363783798404 rho=0.349657626442817 accept=1
  MFCG it  77 cost=2.475955e+05 lam=5.909e-08 tau=0.00e+00 cg_it=0 shift=0 ckpt=1 alpha=0 acc mv=215
PCG_PREP o=77 rebuild=1 drift=0 previous_depth=1
ATTR_RADIUS o=77 raw_norm=37082.791139885259 norm=0 radius=1612.6762948148346 next_radius=403.16907370370865 lambda=5.9089493340419784e-08 next_lambda=9.4543189344671655e-07 rho=0.017850803737224311 accept=0
CLASSICAL_LM o=77 lambda=5.9089493340419784e-08 tau=5.9089493340419784e-08 prediction=30.00509826573229 rho=0.017850803737224311 accept=0
  MFCG it  78  retry 1/8  lam=9.454e-07 tau_eff=5.909e-08  (assembly reused)
PCG_PREP o=77 rebuild=1 drift=0 previous_depth=1
ATTR_RADIUS o=77 raw_norm=3412.0184955747795 norm=403.16907370370865 radius=403.16907370370865 next_radius=806.3381474074173 lambda=9.4543189344671655e-07 next_lambda=2.3635797336167914e-07 rho=0.95776612766195224 accept=1
CLASSICAL_LM o=77 lambda=9.4543189344671655e-07 tau=9.4543189344671655e-07 prediction=52.288744237586783 rho=0.95776612766195224 accept=1
  MFCG it  78 cost=2.475454e+05 lam=2.364e-07 tau=0.00e+00 cg_it=0 shift=0 ckpt=1 alpha=0 acc mv=219
PCG_PREP o=78 rebuild=1 drift=0 previous_depth=1
ATTR_RADIUS o=78 raw_norm=7123.9449370042475 norm=806.33814740741764 radius=806.3381474074173 next_radius=1612.6762948148346 lambda=2.3635797336167914e-07 next_lambda=5.9089493340419784e-08 rho=0.98126212615701114 accept=1
CLASSICAL_LM o=78 lambda=2.3635797336167914e-07 tau=2.3635797336167914e-07 prediction=156.77403983432364 rho=0.98126212615701114 accept=1
  MFCG it  79 cost=2.473915e+05 lam=5.909e-08 tau=0.00e+00 cg_it=1 shift=0 ckpt=2 alpha=0 acc mv=222
PCG_PREP o=79 rebuild=1 drift=0 previous_depth=2
ATTR_RADIUS o=79 raw_norm=48452.786949051231 norm=1612.6762948148339 radius=1612.6762948148346 next_radius=3225.3525896296692 lambda=5.9089493340419784e-08 next_lambda=5.9089493340419784e-08 rho=0.77120190123022392 accept=1
CLASSICAL_LM o=79 lambda=5.9089493340419784e-08 tau=5.9089493340419784e-08 prediction=147.87666002388545 rho=0.77120190123022392 accept=1
  MFCG it  80 cost=2.472775e+05 lam=5.909e-08 tau=0.00e+00 cg_it=1 shift=0 ckpt=2 alpha=0 acc mv=225
PCG_PREP o=80 rebuild=1 drift=0 previous_depth=2
POINT_SAFE o=80 frozen=301 slope=-59.215916467280096 candidate=247341.87105133571 original=247270.27611405641 current=247277.49157450974 won=0 mode=1 camera_scale=1 keep_scale=0
ATTR_RADIUS o=80 raw_norm=42070.529910984973 norm=806.33814740741718 radius=3225.3525896296692 next_radius=3225.3525896296692 lambda=5.9089493340419784e-08 next_lambda=5.9089493340419784e-08 rho=0.51556788248877006 accept=1
CLASSICAL_LM o=80 lambda=5.9089493340419784e-08 tau=5.9089493340419784e-08 prediction=13.9951705651198 rho=0.51556788248877006 accept=1
  MFCG it  81 cost=2.472703e+05 lam=5.909e-08 tau=0.00e+00 cg_it=0 shift=0 ckpt=1 alpha=0 acc mv=227
PCG_PREP o=81 rebuild=1 drift=0 previous_depth=1
POINT_SAFE o=81 frozen=302 slope=-50.486740387785346 candidate=247339.47371438265 original=247264.91188444913 current=247270.27611405641 won=0 mode=1 camera_scale=1 keep_scale=0
ATTR_RADIUS o=81 raw_norm=41218.831385432219 norm=806.33814740741718 radius=3225.3525896296692 next_radius=3225.3525896296692 lambda=5.9089493340419784e-08 next_lambda=5.9089493340419784e-08 rho=0.443199111246531 accept=1
CLASSICAL_LM o=81 lambda=5.9089493340419784e-08 tau=5.9089493340419784e-08 prediction=12.103430424740951 rho=0.443199111246531 accept=1
  MFCG it  82 cost=2.472649e+05 lam=5.909e-08 tau=0.00e+00 cg_it=0 shift=0 ckpt=1 alpha=0 acc mv=229
PCG_PREP o=82 rebuild=1 drift=0 previous_depth=1
POINT_SAFE o=82 frozen=311 slope=-45.594489018474093 candidate=247337.09282959311 original=247260.61838062515 current=247264.91188444913 won=0 mode=1 camera_scale=1 keep_scale=0
ATTR_RADIUS o=82 raw_norm=40377.830026717907 norm=806.33814740741741 radius=3225.3525896296692 next_radius=3225.3525896296692 lambda=5.9089493340419784e-08 next_lambda=5.9089493340419784e-08 rho=0.38851429016506861 accept=1
CLASSICAL_LM o=82 lambda=5.9089493340419784e-08 tau=5.9089493340419784e-08 prediction=11.051083403282201 rho=0.38851429016506861 accept=1
  MFCG it  83 cost=2.472606e+05 lam=5.909e-08 tau=0.00e+00 cg_it=0 shift=0 ckpt=1 alpha=0 acc mv=231
PCG_PREP o=83 rebuild=1 drift=0 previous_depth=1
POINT_SAFE o=83 frozen=316 slope=-43.000333105396024 candidate=247334.63671740185 original=247256.92000542441 current=247260.61838062515 won=0 mode=1 camera_scale=1 keep_scale=0
ATTR_RADIUS o=83 raw_norm=39554.347439813311 norm=806.3381474074173 radius=3225.3525896296692 next_radius=3225.3525896296692 lambda=5.9089493340419784e-08 next_lambda=5.9089493340419784e-08 rho=0.35217619151422136 accept=1
CLASSICAL_LM o=83 lambda=5.9089493340419784e-08 tau=5.9089493340419784e-08 prediction=10.501491270135991 rho=0.35217619151422136 accept=1
  MFCG it  84 cost=2.472569e+05 lam=5.909e-08 tau=0.00e+00 cg_it=0 shift=0 ckpt=1 alpha=0 acc mv=233
PCG_PREP o=84 rebuild=1 drift=0 previous_depth=1
POINT_SAFE o=84 frozen=317 slope=-41.772203645410762 candidate=247332.05585749715 original=247253.52881197463 current=247256.92000542441 won=0 mode=1 camera_scale=1 keep_scale=0
ATTR_RADIUS o=84 raw_norm=38745.821191256182 norm=806.33814740741695 radius=3225.3525896296692 next_radius=3225.3525896296692 lambda=5.9089493340419784e-08 next_lambda=5.9089493340419784e-08 rho=0.33082600775480703 accept=1
CLASSICAL_LM o=84 lambda=5.9089493340419784e-08 tau=5.9089493340419784e-08 prediction=10.250685769244773 rho=0.33082600775480703 accept=1
  MFCG it  85 cost=2.472535e+05 lam=5.909e-08 tau=0.00e+00 cg_it=0 shift=0 ckpt=1 alpha=0 acc mv=235
PCG_PREP o=85 rebuild=1 drift=0 previous_depth=1
POINT_SAFE o=85 frozen=321 slope=-41.350228491473899 candidate=247329.32515661413 original=247250.27115569045 current=247253.52881197463 won=0 mode=1 camera_scale=1 keep_scale=0
ATTR_RADIUS o=85 raw_norm=37953.843336928032 norm=806.33814740741764 radius=3225.3525896296692 next_radius=3225.3525896296692 lambda=5.9089493340419784e-08 next_lambda=5.9089493340419784e-08 rho=0.32012547372022487 accept=1
CLASSICAL_LM o=85 lambda=5.9089493340419784e-08 tau=5.9089493340419784e-08 prediction=10.176185750898515 rho=0.32012547372022487 accept=1
  MFCG it  86 cost=2.472503e+05 lam=5.909e-08 tau=0.00e+00 cg_it=0 shift=0 ckpt=1 alpha=0 acc mv=237
PCG_PREP o=86 rebuild=1 drift=0 previous_depth=1
POINT_SAFE o=86 frozen=327 slope=-41.401340273723704 candidate=247326.42988247369 original=247247.04226200277 current=247250.27115569045 won=0 mode=1 camera_scale=1 keep_scale=0
ATTR_RADIUS o=86 raw_norm=37182.834839991279 norm=806.3381474074173 radius=3225.3525896296692 next_radius=3225.3525896296692 lambda=5.9089493340419784e-08 next_lambda=5.9089493340419784e-08 rho=0.31639876404536482 accept=1
CLASSICAL_LM o=86 lambda=5.9089493340419784e-08 tau=5.9089493340419784e-08 prediction=10.205140015097202 rho=0.31639876404536482 accept=1
  MFCG it  87 cost=2.472470e+05 lam=5.909e-08 tau=0.00e+00 cg_it=0 shift=0 ckpt=1 alpha=0 acc mv=239
PCG_PREP o=87 rebuild=1 drift=0 previous_depth=1
POINT_SAFE o=87 frozen=335 slope=-41.727405516673784 candidate=247323.36175777018 original=247243.7788754502 current=247247.04226200277 won=0 mode=1 camera_scale=1 keep_scale=0
ATTR_RADIUS o=87 raw_norm=36427.007059925134 norm=806.33814740741752 radius=3225.3525896296692 next_radius=3225.3525896296692 lambda=5.9089493340419784e-08 next_lambda=5.9089493340419784e-08 rho=0.31701402445940324 accept=1
CLASSICAL_LM o=87 lambda=5.9089493340419784e-08 tau=5.9089493340419784e-08 prediction=10.294139378017416 rho=0.31701402445940324 accept=1
  MFCG it  88 cost=2.472438e+05 lam=5.909e-08 tau=0.00e+00 cg_it=0 shift=0 ckpt=1 alpha=0 acc mv=241
PCG_PREP o=88 rebuild=1 drift=0 previous_depth=1
POINT_SAFE o=88 frozen=358 slope=-42.212796794679413 candidate=247320.11428112185 original=247240.44216435825 current=247243.7788754502 won=0 mode=1 camera_scale=1 keep_scale=0
ATTR_RADIUS o=88 raw_norm=35691.05009197069 norm=806.33814740741752 radius=3225.3525896296692 next_radius=3225.3525896296692 lambda=5.9089493340419784e-08 next_lambda=5.9089493340419784e-08 rho=0.32028733076767829 accept=1
CLASSICAL_LM o=88 lambda=5.9089493340419784e-08 tau=5.9089493340419784e-08 prediction=10.41786786867987 rho=0.32028733076767829 accept=1
  MFCG it  89 cost=2.472404e+05 lam=5.909e-08 tau=0.00e+00 cg_it=0 shift=0 ckpt=1 alpha=0 acc mv=243
PCG_PREP o=89 rebuild=1 drift=0 previous_depth=1
POINT_SAFE o=89 frozen=365 slope=-42.788378294571913 candidate=247316.6835187797 original=247237.00804899115 current=247240.44216435825 won=0 mode=1 camera_scale=1 keep_scale=0
ATTR_RADIUS o=89 raw_norm=34971.525269636026 norm=806.33814740741718 radius=3225.3525896296692 next_radius=3225.3525896296692 lambda=5.9089493340419784e-08 next_lambda=5.9089493340419784e-08 rho=0.32516470111584705 accept=1
CLASSICAL_LM o=89 lambda=5.9089493340419784e-08 tau=5.9089493340419784e-08 prediction=10.561156716313031 rho=0.32516470111584705 accept=1
  MFCG it  90 cost=2.472370e+05 lam=5.909e-08 tau=0.00e+00 cg_it=0 shift=0 ckpt=1 alpha=0 acc mv=245
PCG_PREP o=90 rebuild=1 drift=0 previous_depth=1
POINT_SAFE o=90 frozen=386 slope=-43.413553790282343 candidate=247313.06640358709 original=247233.46121413354 current=247237.00804899115 won=0 mode=1 camera_scale=1 keep_scale=0
ATTR_RADIUS o=90 raw_norm=34267.864514588437 norm=806.33814740741775 radius=3225.3525896296692 next_radius=3225.3525896296692 lambda=5.9089493340419784e-08 next_lambda=5.9089493340419784e-08 rho=0.33101430574503848 accept=1
CLASSICAL_LM o=90 lambda=5.9089493340419784e-08 tau=5.9089493340419784e-08 prediction=10.715050062949381 rho=0.33101430574503848 accept=1
  MFCG it  91 cost=2.472335e+05 lam=5.909e-08 tau=0.00e+00 cg_it=0 shift=0 ckpt=1 alpha=0 acc mv=247
PCG_PREP o=91 rebuild=1 drift=0 previous_depth=1
POINT_SAFE o=91 frozen=403 slope=-44.064560179559003 candidate=247309.25986445849 original=247229.79146098744 current=247233.46121413354 won=0 mode=1 camera_scale=1 keep_scale=0
ATTR_RADIUS o=91 raw_norm=33582.002390899012 norm=806.33814740741809 radius=3225.3525896296692 next_radius=3225.3525896296692 lambda=5.9089493340419784e-08 next_lambda=5.9089493340419784e-08 rho=0.33746898240944467 accept=1
CLASSICAL_LM o=91 lambda=5.9089493340419784e-08 tau=5.9089493340419784e-08 prediction=10.874342050326446 rho=0.33746898240944467 accept=1
  MFCG it  92 cost=2.472298e+05 lam=5.909e-08 tau=0.00e+00 cg_it=0 shift=0 ckpt=1 alpha=0 acc mv=249
PCG_PREP o=92 rebuild=1 drift=0 previous_depth=1
POINT_SAFE o=92 frozen=411 slope=-44.726510369375198 candidate=247305.26207069471 original=247225.99185894043 current=247229.79146098744 won=0 mode=1 camera_scale=1 keep_scale=0
ATTR_RADIUS o=92 raw_norm=32912.759418697009 norm=806.3381474074173 radius=3225.3525896296692 next_radius=3225.3525896296692 lambda=5.9089493340419784e-08 next_lambda=5.9089493340419784e-08 rho=0.34430037329399682 accept=1
CLASSICAL_LM o=92 lambda=5.9089493340419784e-08 tau=5.9089493340419784e-08 prediction=11.035718639119546 rho=0.34430037329399682 accept=1
  MFCG it  93 cost=2.472260e+05 lam=5.909e-08 tau=0.00e+00 cg_it=0 shift=0 ckpt=1 alpha=0 acc mv=251
PCG_PREP o=93 rebuild=1 drift=0 previous_depth=1
POINT_SAFE o=93 frozen=434 slope=-45.390560656832832 candidate=247301.07087291681 original=247222.05742319286 current=247225.99185894043 won=0 mode=1 camera_scale=1 keep_scale=0
ATTR_RADIUS o=93 raw_norm=32261.192991543903 norm=806.3381474074173 radius=3225.3525896296692 next_radius=3225.3525896296692 lambda=5.9089493340419784e-08 next_lambda=5.9089493340419784e-08 rho=0.35137683034442385 accept=1
CLASSICAL_LM o=93 lambda=5.9089493340419784e-08 tau=5.9089493340419784e-08 prediction=11.197197446704887 rho=0.35137683034442385 accept=1
  MFCG it  94 cost=2.472221e+05 lam=5.909e-08 tau=0.00e+00 cg_it=0 shift=0 ckpt=1 alpha=0 acc mv=253
PCG_PREP o=94 rebuild=1 drift=0 previous_depth=1
POINT_SAFE o=94 frozen=457 slope=-46.049493040153457 candidate=247296.68663857723 original=247217.98484031175 current=247222.05742319286 won=0 mode=1 camera_scale=1 keep_scale=0
ATTR_RADIUS o=94 raw_norm=31624.036737679096 norm=806.33814740741741 radius=3225.3525896296692 next_radius=3225.3525896296692 lambda=5.9089493340419784e-08 next_lambda=5.9089493340419784e-08 rho=0.35859345184306501 accept=1
CLASSICAL_LM o=94 lambda=5.9089493340419784e-08 tau=5.9089493340419784e-08 prediction=11.357103316248539 rho=0.35859345184306501 accept=1
  MFCG it  95 cost=2.472180e+05 lam=5.909e-08 tau=0.00e+00 cg_it=0 shift=0 ckpt=1 alpha=0 acc mv=255
PCG_PREP o=95 rebuild=1 drift=0 previous_depth=1
POINT_SAFE o=95 frozen=475 slope=-46.700015503340104 candidate=247292.10798749546 original=247213.77152355874 current=247217.98484031175 won=0 mode=1 camera_scale=1 keep_scale=0
ATTR_RADIUS o=95 raw_norm=31003.612019282238 norm=806.3381474074173 radius=3225.3525896296692 next_radius=3225.3525896296692 lambda=5.9089493340419784e-08 next_lambda=5.9089493340419784e-08 rho=0.36590736972573412 accept=1
CLASSICAL_LM o=95 lambda=5.9089493340419784e-08 tau=5.9089493340419784e-08 prediction=11.514708643802356 rho=0.36590736972573412 accept=1
  MFCG it  96 cost=2.472138e+05 lam=5.909e-08 tau=0.00e+00 cg_it=0 shift=0 ckpt=1 alpha=0 acc mv=257
PCG_PREP o=96 rebuild=1 drift=0 previous_depth=1
POINT_SAFE o=96 frozen=502 slope=-47.338148873829006 candidate=247287.33597830898 original=247209.4158624541 current=247213.77152355874 won=0 mode=1 camera_scale=1 keep_scale=0
ATTR_RADIUS o=96 raw_norm=30398.119232924706 norm=806.33814740741775 radius=3225.3525896296692 next_radius=3225.3525896296692 lambda=5.9089493340419784e-08 next_lambda=5.9089493340419784e-08 rho=0.37326616305563137 accept=1
CLASSICAL_LM o=96 lambda=5.9089493340419784e-08 tau=5.9089493340419784e-08 prediction=11.669048887208671 rho=0.37326616305563137 accept=1
  MFCG it  97 cost=2.472094e+05 lam=5.909e-08 tau=0.00e+00 cg_it=0 shift=0 ckpt=1 alpha=0 acc mv=259
PCG_PREP o=97 rebuild=1 drift=0 previous_depth=1
POINT_SAFE o=97 frozen=532 slope=-47.9619071781513 candidate=247282.37087163742 original=247204.91673461374 current=247209.4158624541 won=0 mode=1 camera_scale=1 keep_scale=0
ATTR_RADIUS o=97 raw_norm=29808.449915973106 norm=806.33814740741718 radius=3225.3525896296692 next_radius=3225.3525896296692 lambda=5.9089493340419784e-08 next_lambda=5.9089493340419784e-08 rho=0.38064780997557995 accept=1
CLASSICAL_LM o=97 lambda=5.9089493340419784e-08 tau=5.9089493340419784e-08 prediction=11.819660385409708 rho=0.38064780997557995 accept=1
  MFCG it  98 cost=2.472049e+05 lam=5.909e-08 tau=0.00e+00 cg_it=0 shift=0 ckpt=1 alpha=0 acc mv=261
PCG_PREP o=98 rebuild=1 drift=0 previous_depth=1
POINT_SAFE o=98 frozen=563 slope=-48.568547842486836 candidate=247277.21403632176 original=247200.27368477956 current=247204.91673461374 won=0 mode=1 camera_scale=1 keep_scale=0
ATTR_RADIUS o=98 raw_norm=29233.714145504902 norm=806.3381474074173 radius=3225.3525896296692 next_radius=3225.3525896296692 lambda=5.9089493340419784e-08 next_lambda=5.9089493340419784e-08 rho=0.38802414583649586 accept=1
CLASSICAL_LM o=98 lambda=5.9089493340419784e-08 tau=5.9089493340419784e-08 prediction=11.96587862894533 rho=0.38802414583649586 accept=1
  MFCG it  99 cost=2.472003e+05 lam=5.909e-08 tau=0.00e+00 cg_it=0 shift=0 ckpt=1 alpha=0 acc mv=263
PCG_PREP o=99 rebuild=1 drift=0 previous_depth=1
POINT_SAFE o=99 frozen=597 slope=-49.156799600183689 candidate=247271.86646274492 original=247195.4866035473 current=247200.27368477956 won=0 mode=1 camera_scale=1 keep_scale=0
ATTR_RADIUS o=99 raw_norm=28674.595538818267 norm=806.33814740741752 radius=3225.3525896296692 next_radius=3225.3525896296692 lambda=5.9089493340419784e-08 next_lambda=5.9089493340419784e-08 rho=0.39538553640523244 accept=1
CLASSICAL_LM o=99 lambda=5.9089493340419784e-08 tau=5.9089493340419784e-08 prediction=12.107375691555482 rho=0.39538553640523244 accept=1
  MFCG it 100 cost=2.471955e+05 lam=5.909e-08 tau=0.00e+00 cg_it=0 shift=0 ckpt=1 alpha=0 acc mv=265
PCG_PREP o=100 rebuild=1 drift=0 previous_depth=1
POINT_SAFE o=100 frozen=636 slope=-49.723403003435116 candidate=247266.33136181172 original=247190.55619181754 current=247195.4866035473 won=0 mode=1 camera_scale=1 keep_scale=0
ATTR_RADIUS o=100 raw_norm=28129.427667078475 norm=806.33814740741764 radius=3225.3525896296692 next_radius=3225.3525896296692 lambda=5.9089493340419784e-08 next_lambda=5.9089493340419784e-08 rho=0.40270109472808685 accept=1
CLASSICAL_LM o=100 lambda=5.9089493340419784e-08 tau=5.9089493340419784e-08 prediction=12.243353182556 rho=0.40270109472808685 accept=1
  MFCG it 101 cost=2.471906e+05 lam=5.909e-08 tau=0.00e+00 cg_it=0 shift=0 ckpt=1 alpha=0 acc mv=267
PCG_PREP o=101 rebuild=1 drift=0 previous_depth=1
POINT_SAFE o=101 frozen=661 slope=-50.268634885457374 candidate=247260.60758832889 original=247185.48342701205 current=247190.55619181754 won=0 mode=1 camera_scale=1 keep_scale=0
ATTR_RADIUS o=101 raw_norm=27598.786383331946 norm=806.3381474074173 radius=3225.3525896296692 next_radius=3225.3525896296692 lambda=5.9089493340419784e-08 next_lambda=5.9089493340419784e-08 rho=0.40996604357878397 accept=1
CLASSICAL_LM o=101 lambda=5.9089493340419784e-08 tau=5.9089493340419784e-08 prediction=12.373621876598529 rho=0.40996604357878397 accept=1
  MFCG it 102 cost=2.471855e+05 lam=5.909e-08 tau=0.00e+00 cg_it=0 shift=0 ckpt=1 alpha=0 acc mv=269
PCG_PREP o=102 rebuild=1 drift=0 previous_depth=1
POINT_SAFE o=102 frozen=680 slope=-50.789904710429134 candidate=247254.70081836623 original=247180.26965892321 current=247185.48342701205 won=0 mode=1 camera_scale=1 keep_scale=0
ATTR_RADIUS o=102 raw_norm=27082.967950580925 norm=806.33814740741741 radius=3225.3525896296692 next_radius=3225.3525896296692 lambda=5.9089493340419784e-08 next_lambda=5.9089493340419784e-08 rho=0.41717524648343679 accept=1
CLASSICAL_LM o=102 lambda=5.9089493340419784e-08 tau=5.9089493340419784e-08 prediction=12.497788717787413 rho=0.41717524648343679 accept=1
  MFCG it 103 cost=2.471803e+05 lam=5.909e-08 tau=0.00e+00 cg_it=0 shift=0 ckpt=1 alpha=0 acc mv=271
PCG_PREP o=103 rebuild=1 drift=0 previous_depth=1
POINT_SAFE o=103 frozen=709 slope=-51.284463985853279 candidate=247248.61694293228 original=247174.91693364893 current=247180.26965892321 won=0 mode=1 camera_scale=1 keep_scale=0
ATTR_RADIUS o=103 raw_norm=26580.581520552027 norm=806.33814740741752 radius=3225.3525896296692 next_radius=3225.3525896296692 lambda=5.9089493340419784e-08 next_lambda=5.9089493340419784e-08 rho=0.42430632293891574 accept=1
CLASSICAL_LM o=103 lambda=5.9089493340419784e-08 tau=5.9089493340419784e-08 prediction=12.615238060096914 rho=0.42430632293891574 accept=1
  MFCG it 104 cost=2.471749e+05 lam=5.909e-08 tau=0.00e+00 cg_it=0 shift=0 ckpt=1 alpha=0 acc mv=273
PCG_PREP o=104 rebuild=1 drift=0 previous_depth=1
POINT_SAFE o=104 frozen=725 slope=-51.751723142352716 candidate=247242.36000653123 original=247169.42761447467 current=247174.91693364893 won=0 mode=1 camera_scale=1 keep_scale=0
ATTR_RADIUS o=104 raw_norm=26091.826175980776 norm=806.33814740741775 radius=3225.3525896296692 next_radius=3225.3525896296692 lambda=5.9089493340419784e-08 next_lambda=5.9089493340419784e-08 rho=0.43135424336382827 accept=1
CLASSICAL_LM o=104 lambda=5.9089493340419784e-08 tau=5.9089493340419784e-08 prediction=12.725779933105786 rho=0.43135424336382827 accept=1
  MFCG it 105 cost=2.471694e+05 lam=5.909e-08 tau=0.00e+00 cg_it=0 shift=0 ckpt=1 alpha=0 acc mv=275
PCG_PREP o=105 rebuild=1 drift=0 previous_depth=1
POINT_SAFE o=105 frozen=741 slope=-52.189805628945322 candidate=247235.93695959228 original=247163.80459006754 current=247169.42761447467 won=0 mode=1 camera_scale=1 keep_scale=0
ATTR_RADIUS o=105 raw_norm=25616.262970613709 norm=806.33814740741695 radius=3225.3525896296692 next_radius=3225.3525896296692 lambda=5.9089493340419784e-08 next_lambda=5.9089493340419784e-08 rho=0.43830543807516914 accept=1
CLASSICAL_LM o=105 lambda=5.9089493340419784e-08 tau=5.9089493340419784e-08 prediction=12.829008993882436 rho=0.43830543807516914 accept=1
  MFCG it 106 cost=2.471638e+05 lam=5.909e-08 tau=0.00e+00 cg_it=0 shift=0 ckpt=1 alpha=0 acc mv=277
PCG_PREP o=106 rebuild=1 drift=0 previous_depth=1
POINT_SAFE o=106 frozen=757 slope=-52.599443061850813 candidate=247229.34916237919 original=247158.05062645368 current=247163.80459006754 won=0 mode=1 camera_scale=1 keep_scale=0
ATTR_RADIUS o=106 raw_norm=25154.712807174492 norm=806.33814740741707 radius=3225.3525896296692 next_radius=3225.3525896296692 lambda=5.9089493340419784e-08 next_lambda=5.9089493340419784e-08 rho=0.44517861101270184 accept=1
CLASSICAL_LM o=106 lambda=5.9089493340419784e-08 tau=5.9089493340419784e-08 prediction=12.925067538092895 rho=0.44517861101270184 accept=1
  MFCG it 107 cost=2.471581e+05 lam=5.909e-08 tau=0.00e+00 cg_it=0 shift=0 ckpt=1 alpha=0 acc mv=279
PCG_PREP o=107 rebuild=1 drift=0 previous_depth=1
POINT_SAFE o=107 frozen=777 slope=-52.977183082325389 candidate=247222.60544223024 original=247152.16953597753 current=247158.05062645368 won=0 mode=1 camera_scale=1 keep_scale=0
ATTR_RADIUS o=107 raw_norm=24705.784424358571 norm=806.33814740741718 radius=3225.3525896296692 next_radius=3225.3525896296692 lambda=5.9089493340419784e-08 next_lambda=5.9089493340419784e-08 rho=0.45193721982302038 accept=1
CLASSICAL_LM o=107 lambda=5.9089493340419784e-08 tau=5.9089493340419784e-08 prediction=13.013069555217376 rho=0.45193721982302038 accept=1
  MFCG it 108 cost=2.471522e+05 lam=5.909e-08 tau=0.00e+00 cg_it=0 shift=0 ckpt=1 alpha=0 acc mv=281
PCG_PREP o=108 rebuild=1 drift=0 previous_depth=1
POINT_SAFE o=108 frozen=785 slope=-53.324686257719812 candidate=247215.70282801642 original=247146.16452188225 current=247152.16953597753 won=0 mode=1 camera_scale=1 keep_scale=0
ATTR_RADIUS o=108 raw_norm=24270.817027802485 norm=806.33814740741775 radius=3225.3525896296692 next_radius=3225.3525896296692 lambda=5.9089493340419784e-08 next_lambda=5.9089493340419784e-08 rho=0.45862864359927535 accept=1
CLASSICAL_LM o=108 lambda=5.9089493340419784e-08 tau=5.9089493340419784e-08 prediction=13.093412675130772 rho=0.45862864359927535 accept=1
  MFCG it 109 cost=2.471462e+05 lam=5.909e-08 tau=0.00e+00 cg_it=0 shift=0 ckpt=1 alpha=0 acc mv=283
PCG_PREP o=109 rebuild=1 drift=0 previous_depth=1
POINT_SAFE o=109 frozen=809 slope=-53.637504949012396 candidate=247208.65923736143 original=247140.04036895459 current=247146.16452188225 won=0 mode=1 camera_scale=1 keep_scale=0
ATTR_RADIUS o=109 raw_norm=23847.518487104724 norm=806.33814740741718 radius=3225.3525896296692 next_radius=3225.3525896296692 lambda=5.9089493340419784e-08 next_lambda=5.9089493340419784e-08 rho=0.46518311510940497 accept=1
CLASSICAL_LM o=109 lambda=5.9089493340419784e-08 tau=5.9089493340419784e-08 prediction=13.165037011756395 rho=0.46518311510940497 accept=1
  MFCG it 110 cost=2.471400e+05 lam=5.909e-08 tau=0.00e+00 cg_it=0 shift=0 ckpt=1 alpha=0 acc mv=285
PCG_PREP o=110 rebuild=1 drift=0 previous_depth=1
POINT_SAFE o=110 frozen=833 slope=-53.918954898442372 candidate=247201.46882129973 original=247133.80065944447 current=247140.04036895459 won=0 mode=1 camera_scale=1 keep_scale=0
ATTR_RADIUS o=110 raw_norm=23438.258835289264 norm=806.33814740741707 radius=3225.3525896296692 next_radius=3225.3525896296692 lambda=5.9089493340419784e-08 next_lambda=5.9089493340419784e-08 rho=0.47167635272797642 accept=1
CLASSICAL_LM o=110 lambda=5.9089493340419784e-08 tau=5.9089493340419784e-08 prediction=13.228794435063071 rho=0.47167635272797642 accept=1
  MFCG it 111 cost=2.471338e+05 lam=5.909e-08 tau=0.00e+00 cg_it=0 shift=0 ckpt=1 alpha=0 acc mv=287
PCG_PREP o=111 rebuild=1 drift=0 previous_depth=1
POINT_SAFE o=111 frozen=850 slope=-54.163823430398274 candidate=247194.1434618466 original=247127.45052961103 current=247133.80065944447 won=0 mode=1 camera_scale=1 keep_scale=0
ATTR_RADIUS o=111 raw_norm=23040.982599594521 norm=806.3381474074173 radius=3225.3525896296692 next_radius=3225.3525896296692 lambda=5.9089493340419784e-08 next_lambda=5.9089493340419784e-08 rho=0.47805215407780222 accept=1
CLASSICAL_LM o=111 lambda=5.9089493340419784e-08 tau=5.9089493340419784e-08 prediction=13.283341115144269 rho=0.47805215407780222 accept=1
  MFCG it 112 cost=2.471275e+05 lam=5.909e-08 tau=0.00e+00 cg_it=0 shift=0 ckpt=1 alpha=0 acc mv=289
PCG_PREP o=112 rebuild=1 drift=0 previous_depth=1
POINT_SAFE o=112 frozen=868 slope=-54.373656433778265 candidate=247186.69236710513 original=247120.99485385237 current=247127.45052961103 won=0 mode=1 camera_scale=1 keep_scale=0
ATTR_RADIUS o=112 raw_norm=22655.865540978382 norm=806.33814740741718 radius=3225.3525896296692 next_radius=3225.3525896296692 lambda=5.9089493340419784e-08 next_lambda=5.9089493340419784e-08 rho=0.48432547719287838 accept=1
CLASSICAL_LM o=112 lambda=5.9089493340419784e-08 tau=5.9089493340419784e-08 prediction=13.329209514376497 rho=0.48432547719287838 accept=1
  MFCG it 113 cost=2.471210e+05 lam=5.909e-08 tau=0.00e+00 cg_it=0 shift=0 ckpt=1 alpha=0 acc mv=291
PCG_PREP o=113 rebuild=1 drift=0 previous_depth=1
POINT_SAFE o=113 frozen=893 slope=-54.548360183380275 candidate=247179.12682589679 original=247114.43883752165 current=247120.99485385237 won=0 mode=1 camera_scale=1 keep_scale=0
ATTR_RADIUS o=113 raw_norm=22282.308152696802 norm=806.3381474074173 radius=3225.3525896296692 next_radius=3225.3525896296692 lambda=5.9089493340419784e-08 next_lambda=5.9089493340419784e-08 rho=0.49048409914421265 accept=1
CLASSICAL_LM o=113 lambda=5.9089493340419784e-08 tau=5.9089493340419784e-08 prediction=13.366419710980363 rho=0.49048409914421265 accept=1
  MFCG it 114 cost=2.471144e+05 lam=5.909e-08 tau=0.00e+00 cg_it=0 shift=0 ckpt=1 alpha=0 acc mv=293
PCG_PREP o=114 rebuild=1 drift=0 previous_depth=1
POINT_SAFE o=114 frozen=920 slope=-54.689103651540762 candidate=247171.44749865856 original=247114.17328155282 current=247114.43883752165 won=0 mode=1 camera_scale=1 keep_scale=0
ATTR_RADIUS o=114 raw_norm=21921.360401581431 norm=3225.3525896296692 radius=3225.3525896296692 next_radius=806.3381474074173 lambda=5.9089493340419784e-08 next_lambda=9.4543189344671655e-07 rho=0.010107046310507331 accept=0
CLASSICAL_LM o=114 lambda=5.9089493340419784e-08 tau=5.9089493340419784e-08 prediction=26.274339769492627 rho=0.010107046310507331 accept=0
  MFCG it 115  retry 1/8  lam=9.454e-07 tau_eff=5.909e-08  (assembly reused)
PCG_PREP o=114 rebuild=1 drift=0 previous_depth=1
ATTR_RADIUS o=114 raw_norm=1723.4385984427113 norm=806.33814740741752 radius=806.3381474074173 next_radius=1612.6762948148346 lambda=9.4543189344671655e-07 next_lambda=2.3635797336167914e-07 rho=0.9703905307913393 accept=1
CLASSICAL_LM o=114 lambda=9.4543189344671655e-07 tau=9.4543189344671655e-07 prediction=127.85610963068211 rho=0.9703905307913393 accept=1
  MFCG it 115 cost=2.469904e+05 lam=2.364e-07 tau=0.00e+00 cg_it=0 shift=0 ckpt=1 alpha=0 acc mv=297
PCG_PREP o=115 rebuild=1 drift=0 previous_depth=1
ATTR_RADIUS o=115 raw_norm=14389.071797978237 norm=1612.676294814835 radius=1612.6762948148346 next_radius=3225.3525896296692 lambda=2.3635797336167914e-07 next_lambda=5.9089493340419784e-08 rho=0.9285606621065382 accept=1
CLASSICAL_LM o=115 lambda=2.3635797336167914e-07 tau=2.3635797336167914e-07 prediction=130.34715850974447 rho=0.9285606621065382 accept=1
  MFCG it 116 cost=2.468693e+05 lam=5.909e-08 tau=0.00e+00 cg_it=2 shift=0 ckpt=3 alpha=0 acc mv=301
PCG_PREP o=116 rebuild=1 drift=0 previous_depth=3
ATTR_RADIUS o=116 raw_norm=31043.563275015822 norm=3225.3525896296701 radius=3225.3525896296692 next_radius=3225.3525896296692 lambda=5.9089493340419784e-08 next_lambda=5.9089493340419784e-08 rho=0.31836681625368035 accept=1
CLASSICAL_LM o=116 lambda=5.9089493340419784e-08 tau=5.9089493340419784e-08 prediction=101.98469820786265 rho=0.31836681625368035 accept=1
  MFCG it 117 cost=2.468369e+05 lam=5.909e-08 tau=0.00e+00 cg_it=2 shift=0 ckpt=3 alpha=0 acc mv=305
PCG_PREP o=117 rebuild=1 drift=0 previous_depth=3
POINT_SAFE o=117 frozen=29 slope=-56.858300817941412 candidate=246896.7751658131 original=246830.39055454277 current=246836.86469194767 won=0 mode=1 camera_scale=1 keep_scale=0
ATTR_RADIUS o=117 raw_norm=19199.812453042014 norm=806.33814740741752 radius=3225.3525896296692 next_radius=3225.3525896296692 lambda=5.9089493340419784e-08 next_lambda=5.9089493340419784e-08 rho=0.47503660650440366 accept=1
CLASSICAL_LM o=117 lambda=5.9089493340419784e-08 tau=5.9089493340419784e-08 prediction=13.628712642894925 rho=0.47503660650440366 accept=1
  MFCG it 118 cost=2.468304e+05 lam=5.909e-08 tau=0.00e+00 cg_it=0 shift=0 ckpt=1 alpha=0 acc mv=307
PCG_PREP o=118 rebuild=1 drift=0 previous_depth=1
POINT_SAFE o=118 frozen=45 slope=-53.211222524466592 candidate=246891.03899152178 original=246824.53376247603 current=246830.39055454277 won=0 mode=1 camera_scale=1 keep_scale=0
ATTR_RADIUS o=118 raw_norm=18847.256704635249 norm=806.33814740741718 radius=3225.3525896296692 next_radius=3225.3525896296692 lambda=5.9089493340419784e-08 next_lambda=5.9089493340419784e-08 rho=0.45648234331253462 accept=1
CLASSICAL_LM o=118 lambda=5.9089493340419784e-08 tau=5.9089493340419784e-08 prediction=12.8302707706947 rho=0.45648234331253462 accept=1
  MFCG it 119 cost=2.468245e+05 lam=5.909e-08 tau=0.00e+00 cg_it=0 shift=0 ckpt=1 alpha=0 acc mv=309
PCG_PREP o=119 rebuild=1 drift=0 previous_depth=1
POINT_SAFE o=119 frozen=70 slope=-50.956787741981323 candidate=246885.22125960738 original=246819.01666971712 current=246824.53376247603 won=0 mode=1 camera_scale=1 keep_scale=0
ATTR_RADIUS o=119 raw_norm=18502.749318517603 norm=806.33814740741718 radius=3225.3525896296692 next_radius=3225.3525896296692 lambda=5.9089493340419784e-08 next_lambda=5.9089493340419784e-08 rho=0.44725515579064296 accept=1
CLASSICAL_LM o=119 lambda=5.9089493340419784e-08 tau=5.9089493340419784e-08 prediction=12.33544809372435 rho=0.44725515579064296 accept=1
  MFCG it 120 cost=2.468190e+05 lam=5.909e-08 tau=0.00e+00 cg_it=0 shift=0 ckpt=1 alpha=0 acc mv=311
PCG_PREP o=120 rebuild=1 drift=0 previous_depth=1
POINT_SAFE o=120 frozen=102 slope=-49.525716248471682 candidate=246879.29220113799 original=246813.67710325966 current=246819.01666971712 won=0 mode=1 camera_scale=1 keep_scale=0
ATTR_RADIUS o=120 raw_norm=18170.254492859283 norm=806.33814740741718 radius=3225.3525896296692 next_radius=3225.3525896296692 lambda=5.9089493340419784e-08 next_lambda=5.9089493340419784e-08 rho=0.44423612684605063 accept=1
CLASSICAL_LM o=120 lambda=5.9089493340419784e-08 tau=5.9089493340419784e-08 prediction=12.019658318590734 rho=0.44423612684605063 accept=1
  MFCG it 121 cost=2.468137e+05 lam=5.909e-08 tau=0.00e+00 cg_it=0 shift=0 ckpt=1 alpha=0 acc mv=313
PCG_PREP o=121 rebuild=1 drift=0 previous_depth=1
POINT_SAFE o=121 frozen=158 slope=-48.580901373380996 candidate=246873.25779822029 original=246808.42141676351 current=246813.67710325966 won=0 mode=1 camera_scale=1 keep_scale=0
ATTR_RADIUS o=121 raw_norm=17849.665016535033 norm=806.33814740741661 radius=3225.3525896296692 next_radius=3225.3525896296692 lambda=5.9089493340419784e-08 next_lambda=5.9089493340419784e-08 rho=0.44505596904065281 accept=1
CLASSICAL_LM o=121 lambda=5.9089493340419784e-08 tau=5.9089493340419784e-08 prediction=11.809046191382595 rho=0.44505596904065281 accept=1
  MFCG it 122 cost=2.468084e+05 lam=5.909e-08 tau=0.00e+00 cg_it=0 shift=0 ckpt=1 alpha=0 acc mv=315
PCG_PREP o=122 rebuild=1 drift=0 previous_depth=1
POINT_SAFE o=122 frozen=255 slope=-47.927197634009389 candidate=246867.15730251808 original=246803.19679913967 current=246808.42141676351 won=0 mode=1 camera_scale=1 keep_scale=0
ATTR_RADIUS o=122 raw_norm=17537.265108639596 norm=806.33814740741707 radius=3225.3525896296692 next_radius=3225.3525896296692 lambda=5.9089493340419784e-08 next_lambda=5.9089493340419784e-08 rho=0.44804681184736433 accept=1
CLASSICAL_LM o=122 lambda=5.9089493340419784e-08 tau=5.9089493340419784e-08 prediction=11.660874457065267 rho=0.44804681184736433 accept=1
  MFCG it 123 cost=2.468032e+05 lam=5.909e-08 tau=0.00e+00 cg_it=0 shift=0 ckpt=1 alpha=0 acc mv=317
PCG_PREP o=123 rebuild=1 drift=0 previous_depth=1
POINT_SAFE o=123 frozen=369 slope=-47.451402742886835 candidate=246861.01781058891 original=246797.97365509011 current=246803.19679913967 won=0 mode=1 camera_scale=1 keep_scale=0
ATTR_RADIUS o=123 raw_norm=17231.643239873931 norm=806.33814740741695 radius=3225.3525896296692 next_radius=3225.3525896296692 lambda=5.9089493340419784e-08 next_lambda=5.9089493340419784e-08 rho=0.45220207729925332 accept=1
CLASSICAL_LM o=123 lambda=5.9089493340419784e-08 tau=5.9089493340419784e-08 prediction=11.550464519639938 rho=0.45220207729925332 accept=1
  MFCG it 124 cost=2.467980e+05 lam=5.909e-08 tau=0.00e+00 cg_it=0 shift=0 ckpt=1 alpha=0 acc mv=319
PCG_PREP o=124 rebuild=1 drift=0 previous_depth=1
POINT_SAFE o=124 frozen=485 slope=-47.074227121331191 candidate=246854.77416284275 original=246792.73360914056 current=246797.97365509011 won=0 mode=1 camera_scale=1 keep_scale=0
ATTR_RADIUS o=124 raw_norm=16939.146422067308 norm=806.3381474074173 radius=3225.3525896296692 next_radius=3225.3525896296692 lambda=5.9089493340419784e-08 next_lambda=5.9089493340419784e-08 rho=0.45723284594283592 accept=1
CLASSICAL_LM o=124 lambda=5.9089493340419784e-08 tau=5.9089493340419784e-08 prediction=11.460344540098699 rho=0.45723284594283592 accept=1
  MFCG it 125 cost=2.467927e+05 lam=5.909e-08 tau=0.00e+00 cg_it=0 shift=0 ckpt=1 alpha=0 acc mv=321
PCG_PREP o=125 rebuild=1 drift=0 previous_depth=1
POINT_SAFE o=125 frozen=573 slope=-46.755305136686808 candidate=246848.44237696932 original=246787.4681907169 current=246792.73360914056 won=0 mode=1 camera_scale=1 keep_scale=0
ATTR_RADIUS o=125 raw_norm=16657.260576424753 norm=806.33814740741718 radius=3225.3525896296692 next_radius=3225.3525896296692 lambda=5.9089493340419784e-08 next_lambda=5.9089493340419784e-08 rho=0.46267179774549516 accept=1
CLASSICAL_LM o=125 lambda=5.9089493340419784e-08 tau=5.9089493340419784e-08 prediction=11.38046115911359 rho=0.46267179774549516 accept=1
  MFCG it 126 cost=2.467875e+05 lam=5.909e-08 tau=0.00e+00 cg_it=0 shift=0 ckpt=1 alpha=0 acc mv=323
PCG_PREP o=126 rebuild=1 drift=0 previous_depth=1
POINT_SAFE o=126 frozen=650 slope=-46.460629483702597 candidate=246842.04123506777 original=246782.17400096232 current=246787.4681907169 won=0 mode=1 camera_scale=1 keep_scale=0
ATTR_RADIUS o=126 raw_norm=16386.097967487476 norm=806.33814740741752 radius=3225.3525896296692 next_radius=3225.3525896296692 lambda=5.9089493340419784e-08 next_lambda=5.9089493340419784e-08 rho=0.46832194771912633 accept=1
CLASSICAL_LM o=126 lambda=5.9089493340419784e-08 tau=5.9089493340419784e-08 prediction=11.304594585769102 rho=0.46832194771912633 accept=1
  MFCG it 127 cost=2.467822e+05 lam=5.909e-08 tau=0.00e+00 cg_it=0 shift=0 ckpt=1 alpha=0 acc mv=325
PCG_PREP o=127 rebuild=1 drift=0 previous_depth=1
POINT_SAFE o=127 frozen=705 slope=-46.177592838555285 candidate=246835.59973250446 original=246776.85130221068 current=246782.17400096232 won=0 mode=1 camera_scale=1 keep_scale=0
ATTR_RADIUS o=127 raw_norm=16123.126704794593 norm=806.33814740741775 radius=3225.3525896296692 next_radius=3225.3525896296692 lambda=5.9089493340419784e-08 next_lambda=5.9089493340419784e-08 rho=0.47397859196955389 accept=1
CLASSICAL_LM o=127 lambda=5.9089493340419784e-08 tau=5.9089493340419784e-08 prediction=11.229829451835272 rho=0.47397859196955389 accept=1
  MFCG it 128 cost=2.467769e+05 lam=5.909e-08 tau=0.00e+00 cg_it=0 shift=0 ckpt=1 alpha=0 acc mv=327
PCG_PREP o=128 rebuild=1 drift=0 previous_depth=1
POINT_SAFE o=128 frozen=767 slope=-45.896815753295186 candidate=246829.13829411878 original=246771.50205451628 current=246776.85130221068 won=0 mode=1 camera_scale=1 keep_scale=0
ATTR_RADIUS o=128 raw_norm=15867.659439591351 norm=806.3381474074173 radius=3225.3525896296692 next_radius=3225.3525896296692 lambda=5.9089493340419784e-08 next_lambda=5.9089493340419784e-08 rho=0.47955935513758491 accept=1
CLASSICAL_LM o=128 lambda=5.9089493340419784e-08 tau=5.9089493340419784e-08 prediction=11.154505979471844 rho=0.47955935513758491 accept=1
  MFCG it 129 cost=2.467715e+05 lam=5.909e-08 tau=0.00e+00 cg_it=0 shift=0 ckpt=1 alpha=0 acc mv=329
PCG_PREP o=129 rebuild=1 drift=0 previous_depth=1
POINT_SAFE o=129 frozen=829 slope=-45.597571883413607 candidate=246822.60474846532 original=246766.12762519985 current=246771.50205451628 won=0 mode=1 camera_scale=1 keep_scale=0
ATTR_RADIUS o=129 raw_norm=15625.877435439619 norm=806.33814740741718 radius=3225.3525896296692 next_radius=3225.3525896296692 lambda=5.9089493340419784e-08 next_lambda=5.9089493340419784e-08 rho=0.48528825352444316 accept=1
CLASSICAL_LM o=129 lambda=5.9089493340419784e-08 tau=5.9089493340419784e-08 prediction=11.074715444691559 rho=0.48528825352444316 accept=1
  MFCG it 130 cost=2.467661e+05 lam=5.909e-08 tau=0.00e+00 cg_it=0 shift=0 ckpt=1 alpha=0 acc mv=331
PCG_PREP o=130 rebuild=1 drift=0 previous_depth=1
POINT_SAFE o=130 frozen=880 slope=-45.28926327180011 candidate=246816.09904297354 original=246760.73230410987 current=246766.12762519985 won=0 mode=1 camera_scale=1 keep_scale=0
ATTR_RADIUS o=130 raw_norm=15389.486463161009 norm=806.33814740741741 radius=3225.3525896296692 next_radius=3225.3525896296692 lambda=5.9089493340419784e-08 next_lambda=5.9089493340419784e-08 rho=0.49080378197662222 accept=1
CLASSICAL_LM o=130 lambda=5.9089493340419784e-08 tau=5.9089493340419784e-08 prediction=10.992827048417253 rho=0.49080378197662222 accept=1
  MFCG it 131 cost=2.467607e+05 lam=5.909e-08 tau=0.00e+00 cg_it=0 shift=0 ckpt=1 alpha=0 acc mv=333
PCG_PREP o=131 rebuild=1 drift=0 previous_depth=1
POINT_SAFE o=131 frozen=904 slope=-44.962467891469338 candidate=246809.59289400629 original=246760.6467404319 current=246760.73230410987 won=0 mode=1 camera_scale=1 keep_scale=0
ATTR_RADIUS o=131 raw_norm=15162.294717736295 norm=3225.3525896296696 radius=3225.3525896296692 next_radius=806.3381474074173 lambda=5.9089493340419784e-08 next_lambda=9.4543189344671655e-07 rho=0.0040355962770961384 accept=0
CLASSICAL_LM o=131 lambda=5.9089493340419784e-08 tau=5.9089493340419784e-08 prediction=21.202239297298213 rho=0.0040355962770961384 accept=0
  MFCG it 132  retry 1/8  lam=9.454e-07 tau_eff=5.909e-08  (assembly reused)
PCG_PREP o=131 rebuild=1 drift=0 previous_depth=1
ATTR_RADIUS o=131 raw_norm=1155.6009897802182 norm=806.3381474074173 radius=806.3381474074173 next_radius=1612.6762948148346 lambda=9.4543189344671655e-07 next_lambda=2.3635797336167914e-07 rho=0.9903956640143462 accept=1
CLASSICAL_LM o=131 lambda=9.4543189344671655e-07 tau=9.4543189344671655e-07 prediction=91.978971898020006 rho=0.9903956640143462 accept=1
  MFCG it 132 cost=2.466696e+05 lam=2.364e-07 tau=0.00e+00 cg_it=0 shift=0 ckpt=1 alpha=0 acc mv=337
PCG_PREP o=132 rebuild=1 drift=0 previous_depth=1
ATTR_RADIUS o=132 raw_norm=6508.6550958905236 norm=1612.6762948148346 radius=1612.6762948148346 next_radius=3225.3525896296692 lambda=2.3635797336167914e-07 next_lambda=5.9089493340419784e-08 rho=0.98588628522277089 accept=1
CLASSICAL_LM o=132 lambda=2.3635797336167914e-07 tau=2.3635797336167914e-07 prediction=217.78125643947595 rho=0.98588628522277089 accept=1
  MFCG it 133 cost=2.464549e+05 lam=5.909e-08 tau=0.00e+00 cg_it=14 shift=0 ckpt=15 alpha=0 acc mv=353
PCG_PREP o=133 rebuild=1 drift=0 previous_depth=15
ATTR_RADIUS o=133 raw_norm=14849.476982759919 norm=3225.3525896296692 radius=3225.3525896296692 next_radius=3225.3525896296692 lambda=5.9089493340419784e-08 next_lambda=5.9089493340419784e-08 rho=0.67719236396366456 accept=1
CLASSICAL_LM o=133 lambda=5.9089493340419784e-08 tau=5.9089493340419784e-08 prediction=99.992266096404663 rho=0.67719236396366456 accept=1
  MFCG it 134 cost=2.463872e+05 lam=5.909e-08 tau=0.00e+00 cg_it=4 shift=0 ckpt=5 alpha=0 acc mv=359
PCG_PREP o=134 rebuild=1 drift=0 previous_depth=5
POINT_SAFE o=134 frozen=19 slope=-33.015482283398427 candidate=246433.86107099024 original=246383.83069783144 current=246387.2151762034 won=0 mode=1 camera_scale=1 keep_scale=0
ATTR_RADIUS o=134 raw_norm=13768.657590291225 norm=806.33814740741695 radius=3225.3525896296692 next_radius=3225.3525896296692 lambda=5.9089493340419784e-08 next_lambda=5.9089493340419784e-08 rho=0.43429724645917206 accept=1
CLASSICAL_LM o=134 lambda=5.9089493340419784e-08 tau=5.9089493340419784e-08 prediction=7.7929998395393874 rho=0.43429724645917206 accept=1
  MFCG it 135 cost=2.463838e+05 lam=5.909e-08 tau=0.00e+00 cg_it=0 shift=0 ckpt=1 alpha=0 acc mv=361
PCG_PREP o=135 rebuild=1 drift=0 previous_depth=1
POINT_SAFE o=135 frozen=34 slope=-30.229745171585897 candidate=246431.40567114679 original=246380.94385588681 current=246383.83069783144 won=0 mode=1 camera_scale=1 keep_scale=0
ATTR_RADIUS o=135 raw_norm=13479.545527361865 norm=806.33814740741718 radius=3225.3525896296692 next_radius=3225.3525896296692 lambda=5.9089493340419784e-08 next_lambda=5.9089493340419784e-08 rho=0.40163258693904175 accept=1
CLASSICAL_LM o=135 lambda=5.9089493340419784e-08 tau=5.9089493340419784e-08 prediction=7.1877682202632833 rho=0.40163258693904175 accept=1
  MFCG it 136 cost=2.463809e+05 lam=5.909e-08 tau=0.00e+00 cg_it=0 shift=0 ckpt=1 alpha=0 acc mv=363
PCG_PREP o=136 rebuild=1 drift=0 previous_depth=1
POINT_SAFE o=136 frozen=53 slope=-28.56964701493396 candidate=246428.8942827243 original=246378.33070905216 current=246380.94385588681 won=0 mode=1 camera_scale=1 keep_scale=0
ATTR_RADIUS o=136 raw_norm=13196.163352397456 norm=806.33814740741752 radius=3225.3525896296692 next_radius=3225.3525896296692 lambda=5.9089493340419784e-08 next_lambda=5.9089493340419784e-08 rho=0.38272230379849864 accept=1
CLASSICAL_LM o=136 lambda=5.9089493340419784e-08 tau=5.9089493340419784e-08 prediction=6.8277882128169258 rho=0.38272230379849864 accept=1
  MFCG it 137 cost=2.463783e+05 lam=5.909e-08 tau=0.00e+00 cg_it=0 shift=0 ckpt=1 alpha=0 acc mv=365
PCG_PREP o=137 rebuild=1 drift=0 previous_depth=1
POINT_SAFE o=137 frozen=65 slope=-27.559235710710606 candidate=246426.10024946046 original=246375.85417502545 current=246378.33070905216 won=0 mode=1 camera_scale=1 keep_scale=0
ATTR_RADIUS o=137 raw_norm=12939.154609482954 norm=806.33814740741707 radius=3225.3525896296692 next_radius=3225.3525896296692 lambda=5.9089493340419784e-08 next_lambda=5.9089493340419784e-08 rho=0.37473410748788089 accept=1
CLASSICAL_LM o=137 lambda=5.9089493340419784e-08 tau=5.9089493340419784e-08 prediction=6.6087766691590053 rho=0.37473410748788089 accept=1
  MFCG it 138 cost=2.463759e+05 lam=5.909e-08 tau=0.00e+00 cg_it=0 shift=0 ckpt=1 alpha=0 acc mv=367
PCG_PREP o=138 rebuild=1 drift=0 previous_depth=1
POINT_SAFE o=138 frozen=90 slope=-26.959684097779057 candidate=246423.48018842281 original=246373.44701160825 current=246375.85417502545 won=0 mode=1 camera_scale=1 keep_scale=0
ATTR_RADIUS o=138 raw_norm=12665.439033596349 norm=806.33814740741741 radius=3225.3525896296692 next_radius=3225.3525896296692 lambda=5.9089493340419784e-08 next_lambda=5.9089493340419784e-08 rho=0.37154872565700486 accept=1
CLASSICAL_LM o=138 lambda=5.9089493340419784e-08 tau=5.9089493340419784e-08 prediction=6.4787287668476594 rho=0.37154872565700486 accept=1
  MFCG it 139 cost=2.463734e+05 lam=5.909e-08 tau=0.00e+00 cg_it=0 shift=0 ckpt=1 alpha=0 acc mv=369
PCG_PREP o=139 rebuild=1 drift=0 previous_depth=1
POINT_SAFE o=139 frozen=125 slope=-26.597201691441228 candidate=246420.71970241345 original=246371.06132994409 current=246373.44701160825 won=0 mode=1 camera_scale=1 keep_scale=0
ATTR_RADIUS o=139 raw_norm=12406.892419410036 norm=806.3381474074173 radius=3225.3525896296692 next_radius=3225.3525896296692 lambda=5.9089493340419784e-08 next_lambda=5.9089493340419784e-08 rho=0.37278344163176158 accept=1
CLASSICAL_LM o=139 lambda=5.9089493340419784e-08 tau=5.9089493340419784e-08 prediction=6.3996449351962035 rho=0.37278344163176158 accept=1
  MFCG it 140 cost=2.463711e+05 lam=5.909e-08 tau=0.00e+00 cg_it=0 shift=0 ckpt=1 alpha=0 acc mv=371
PCG_PREP o=140 rebuild=1 drift=0 previous_depth=1
POINT_SAFE o=140 frozen=164 slope=-26.364017685501238 candidate=246417.78782442867 original=246368.66873482004 current=246371.06132994409 won=0 mode=1 camera_scale=1 keep_scale=0
ATTR_RADIUS o=140 raw_norm=12164.416636206573 norm=806.33814740741707 radius=3225.3525896296692 next_radius=3225.3525896296692 lambda=5.9089493340419784e-08 next_lambda=5.9089493340419784e-08 rho=0.37691795579113635 accept=1
CLASSICAL_LM o=140 lambda=5.9089493340419784e-08 tau=5.9089493340419784e-08 prediction=6.3477875948643492 rho=0.37691795579113635 accept=1
  MFCG it 141 cost=2.463687e+05 lam=5.909e-08 tau=0.00e+00 cg_it=0 shift=0 ckpt=1 alpha=0 acc mv=373
PCG_PREP o=141 rebuild=1 drift=0 previous_depth=1
POINT_SAFE o=141 frozen=214 slope=-26.214352051679871 candidate=246414.8826922533 original=246366.25826363853 current=246368.66873482004 won=0 mode=1 camera_scale=1 keep_scale=0
ATTR_RADIUS o=141 raw_norm=11922.192787474873 norm=806.33814740741775 radius=3225.3525896296692 next_radius=3225.3525896296692 lambda=5.9089493340419784e-08 next_lambda=5.9089493340419784e-08 rho=0.38181111739454809 accept=1
CLASSICAL_LM o=141 lambda=5.9089493340419784e-08 tau=5.9089493340419784e-08 prediction=6.3132556169409586 rho=0.38181111739454809 accept=1
  MFCG it 142 cost=2.463663e+05 lam=5.909e-08 tau=0.00e+00 cg_it=0 shift=0 ckpt=1 alpha=0 acc mv=375
PCG_PREP o=142 rebuild=1 drift=0 previous_depth=1
POINT_SAFE o=142 frozen=254 slope=-26.089469260587251 candidate=246411.7303582303 original=246363.81734020865 current=246366.25826363853 won=0 mode=1 camera_scale=1 keep_scale=0
ATTR_RADIUS o=142 raw_norm=11703.101256830225 norm=806.33814740741752 radius=3225.3525896296692 next_radius=3225.3525896296692 lambda=5.9089493340419784e-08 next_lambda=5.9089493340419784e-08 rho=0.3884881217170979 accept=1
CLASSICAL_LM o=142 lambda=5.9089493340419784e-08 tau=5.9089493340419784e-08 prediction=6.2831352966245149 rho=0.3884881217170979 accept=1
  MFCG it 143 cost=2.463638e+05 lam=5.909e-08 tau=0.00e+00 cg_it=0 shift=0 ckpt=1 alpha=0 acc mv=377
PCG_PREP o=143 rebuild=1 drift=0 previous_depth=1
POINT_SAFE o=143 frozen=306 slope=-26.003095822196514 candidate=246408.76768624445 original=246361.34983874811 current=246363.81734020865 won=0 mode=1 camera_scale=1 keep_scale=0
ATTR_RADIUS o=143 raw_norm=11472.100289392483 norm=806.33814740741752 radius=3225.3525896296692 next_radius=3225.3525896296692 lambda=5.9089493340419784e-08 next_lambda=5.9089493340419784e-08 rho=0.39412728998047708 accept=1
CLASSICAL_LM o=143 lambda=5.9089493340419784e-08 tau=5.9089493340419784e-08 prediction=6.2606714208186141 rho=0.39412728998047708 accept=1
  MFCG it 144 cost=2.463613e+05 lam=5.909e-08 tau=0.00e+00 cg_it=0 shift=0 ckpt=1 alpha=0 acc mv=379
PCG_PREP o=144 rebuild=1 drift=0 previous_depth=1
POINT_SAFE o=144 frozen=375 slope=-25.913501652818667 candidate=246405.60487592354 original=246358.8508408464 current=246361.34983874811 won=0 mode=1 camera_scale=1 keep_scale=0
ATTR_RADIUS o=144 raw_norm=11260.257298899072 norm=806.33814740741695 radius=3225.3525896296692 next_radius=3225.3525896296692 lambda=5.9089493340419784e-08 next_lambda=5.9089493340419784e-08 rho=0.40074261832710251 accept=1
CLASSICAL_LM o=144 lambda=5.9089493340419784e-08 tau=5.9089493340419784e-08 prediction=6.2359174877478631 rho=0.40074261832710251 accept=1
  MFCG it 145 cost=2.463589e+05 lam=5.909e-08 tau=0.00e+00 cg_it=0 shift=0 ckpt=1 alpha=0 acc mv=381
PCG_PREP o=145 rebuild=1 drift=0 previous_depth=1
POINT_SAFE o=145 frozen=513 slope=-25.805486273668372 candidate=246402.32371077521 original=246356.3204411614 current=246358.8508408464 won=0 mode=1 camera_scale=1 keep_scale=0
ATTR_RADIUS o=145 raw_norm=11061.256957258878 norm=806.33814740741673 radius=3225.3525896296692 next_radius=3225.3525896296692 lambda=5.9089493340419784e-08 next_lambda=5.9089493340419784e-08 rho=0.40771428321150227 accept=1
CLASSICAL_LM o=145 lambda=5.9089493340419784e-08 tau=5.9089493340419784e-08 prediction=6.2063062031244218 rho=0.40771428321150227 accept=1
  MFCG it 146 cost=2.463563e+05 lam=5.909e-08 tau=0.00e+00 cg_it=0 shift=0 ckpt=1 alpha=0 acc mv=383
PCG_PREP o=146 rebuild=1 drift=0 previous_depth=1
POINT_SAFE o=146 frozen=617 slope=-25.663908203785514 candidate=246398.84686448844 original=246353.75838723581 current=246356.3204411614 won=0 mode=1 camera_scale=1 keep_scale=0
ATTR_RADIUS o=146 raw_norm=10883.753729248197 norm=806.3381474074173 radius=3225.3525896296692 next_radius=3225.3525896296692 lambda=5.9089493340419784e-08 next_lambda=5.9089493340419784e-08 rho=0.4153640507429609 accept=1
CLASSICAL_LM o=146 lambda=5.9089493340419784e-08 tau=5.9089493340419784e-08 prediction=6.168212971266648 rho=0.4153640507429609 accept=1
  MFCG it 147 cost=2.463538e+05 lam=5.909e-08 tau=0.00e+00 cg_it=0 shift=0 ckpt=1 alpha=0 acc mv=385
PCG_PREP o=147 rebuild=1 drift=0 previous_depth=1
POINT_SAFE o=147 frozen=690 slope=-25.540679441261375 candidate=246395.66203659188 original=246351.17535916556 current=246353.75838723581 won=0 mode=1 camera_scale=1 keep_scale=0
ATTR_RADIUS o=147 raw_norm=10685.915565374988 norm=806.33814740741764 radius=3225.3525896296692 next_radius=3225.3525896296692 lambda=5.9089493340419784e-08 next_lambda=5.9089493340419784e-08 rho=0.42113881729858332 accept=1
CLASSICAL_LM o=147 lambda=5.9089493340419784e-08 tau=5.9089493340419784e-08 prediction=6.1334362071377324 rho=0.42113881729858332 accept=1
  MFCG it 148 cost=2.463512e+05 lam=5.909e-08 tau=0.00e+00 cg_it=0 shift=0 ckpt=1 alpha=0 acc mv=387
PCG_PREP o=148 rebuild=1 drift=0 previous_depth=1
POINT_SAFE o=148 frozen=737 slope=-25.417873161215681 candidate=246392.54432500681 original=246348.57475765963 current=246351.17535916556 won=0 mode=1 camera_scale=1 keep_scale=0
ATTR_RADIUS o=148 raw_norm=10491.139979709045 norm=806.3381474074173 radius=3225.3525896296692 next_radius=3225.3525896296692 lambda=5.9089493340419784e-08 next_lambda=5.9089493340419784e-08 rho=0.42643614029923427 accept=1
CLASSICAL_LM o=148 lambda=5.9089493340419784e-08 tau=5.9089493340419784e-08 prediction=6.0984547512784637 rho=0.42643614029923427 accept=1
  MFCG it 149 cost=2.463486e+05 lam=5.909e-08 tau=0.00e+00 cg_it=0 shift=0 ckpt=1 alpha=0 acc mv=389
PCG_PREP o=149 rebuild=1 drift=0 previous_depth=1
POINT_SAFE o=149 frozen=770 slope=-25.247033355876539 candidate=246389.13905665732 original=246345.95360929909 current=246348.57475765963 won=0 mode=1 camera_scale=1 keep_scale=0
ATTR_RADIUS o=149 raw_norm=10322.302990527693 norm=806.33814740741741 radius=3225.3525896296692 next_radius=3225.3525896296692 lambda=5.9089493340419784e-08 next_lambda=5.9089493340419784e-08 rho=0.43306022104690278 accept=1
CLASSICAL_LM o=149 lambda=5.9089493340419784e-08 tau=5.9089493340419784e-08 prediction=6.0526186270523326 rho=0.43306022104690278 accept=1
  MFCG it 150 cost=2.463460e+05 lam=5.909e-08 tau=0.00e+00 cg_it=0 shift=0 ckpt=1 alpha=0 acc mv=391
PCG_PREP o=150 rebuild=1 drift=0 previous_depth=1
POINT_SAFE o=150 frozen=794 slope=-25.054569579460001 candidate=246385.71343268696 original=246343.3154162571 current=246345.95360929909 won=0 mode=1 camera_scale=1 keep_scale=0
ATTR_RADIUS o=150 raw_norm=10161.60352806851 norm=806.33814740741741 radius=3225.3525896296692 next_radius=3225.3525896296692 lambda=5.9089493340419784e-08 next_lambda=5.9089493340419784e-08 rho=0.43957310946414174 accept=1
CLASSICAL_LM o=150 lambda=5.9089493340419784e-08 tau=5.9089493340419784e-08 prediction=6.0017161768709757 rho=0.43957310946414174 accept=1
  MFCG it 151 cost=2.463433e+05 lam=5.909e-08 tau=0.00e+00 cg_it=0 shift=0 ckpt=1 alpha=0 acc mv=393
PCG_PREP o=151 rebuild=1 drift=0 previous_depth=1
POINT_SAFE o=151 frozen=811 slope=-24.817235955404225 candidate=246382.09745667459 original=246340.66055648751 current=246343.3154162571 won=0 mode=1 camera_scale=1 keep_scale=0
ATTR_RADIUS o=151 raw_norm=10023.949637001664 norm=806.3381474074173 radius=3225.3525896296692 next_radius=3225.3525896296692 lambda=5.9089493340419784e-08 next_lambda=5.9089493340419784e-08 rho=0.44688626274805077 accept=1
CLASSICAL_LM o=151 lambda=5.9089493340419784e-08 tau=5.9089493340419784e-08 prediction=5.9407952109984672 rho=0.44688626274805077 accept=1
  MFCG it 152 cost=2.463407e+05 lam=5.909e-08 tau=0.00e+00 cg_it=0 shift=0 ckpt=1 alpha=0 acc mv=395
PCG_PREP o=152 rebuild=1 drift=0 previous_depth=1
POINT_SAFE o=152 frozen=828 slope=-24.590386317380577 candidate=246378.76248797486 original=246337.99895741991 current=246340.66055648751 won=0 mode=1 camera_scale=1 keep_scale=0
ATTR_RADIUS o=152 raw_norm=9869.3556370883234 norm=806.3381474074173 radius=3225.3525896296692 next_radius=3225.3525896296692 lambda=5.9089493340419784e-08 next_lambda=5.9089493340419784e-08 rho=0.45250742216223433 accept=1
CLASSICAL_LM o=152 lambda=5.9089493340419784e-08 tau=5.9089493340419784e-08 prediction=5.881890411597527 rho=0.45250742216223433 accept=1
  MFCG it 153 cost=2.463380e+05 lam=5.909e-08 tau=0.00e+00 cg_it=0 shift=0 ckpt=1 alpha=0 acc mv=397
PCG_PREP o=153 rebuild=1 drift=0 previous_depth=1
POINT_SAFE o=153 frozen=842 slope=-24.343345319333473 candidate=246375.35295651277 original=246335.33095868284 current=246337.99895741991 won=0 mode=1 camera_scale=1 keep_scale=0
ATTR_RADIUS o=153 raw_norm=9728.9607626728593 norm=806.33814740741752 radius=3225.3525896296692 next_radius=3225.3525896296692 lambda=5.9089493340419784e-08 next_lambda=5.9089493340419784e-08 rho=0.45852459570070875 accept=1
CLASSICAL_LM o=153 lambda=5.9089493340419784e-08 tau=5.9089493340419784e-08 prediction=5.8186600284687398 rho=0.45852459570070875 accept=1
  MFCG it 154 cost=2.463353e+05 lam=5.909e-08 tau=0.00e+00 cg_it=0 shift=0 ckpt=1 alpha=0 acc mv=399
PCG_PREP o=154 rebuild=1 drift=0 previous_depth=1
POINT_SAFE o=154 frozen=860 slope=-24.121965750623332 candidate=246372.2175306266 original=246332.66279313108 current=246335.33095868284 won=0 mode=1 camera_scale=1 keep_scale=0
ATTR_RADIUS o=154 raw_norm=9574.2703610225653 norm=806.33814740741741 radius=3225.3525896296692 next_radius=3225.3525896296692 lambda=5.9089493340419784e-08 next_lambda=5.9089493340419784e-08 rho=0.46313937862625687 accept=1
CLASSICAL_LM o=154 lambda=5.9089493340419784e-08 tau=5.9089493340419784e-08 prediction=5.7610423015090166 rho=0.46313937862625687 accept=1
  MFCG it 155 cost=2.463327e+05 lam=5.909e-08 tau=0.00e+00 cg_it=0 shift=0 ckpt=1 alpha=0 acc mv=401
PCG_PREP o=155 rebuild=1 drift=0 previous_depth=1
POINT_SAFE o=155 frozen=869 slope=-23.883147357079014 candidate=246368.98975209057 original=246329.99345641118 current=246332.66279313108 won=0 mode=1 camera_scale=1 keep_scale=0
ATTR_RADIUS o=155 raw_norm=9435.304674602985 norm=806.3381474074173 radius=3225.3525896296692 next_radius=3225.3525896296692 lambda=5.9089493340419784e-08 next_lambda=5.9089493340419784e-08 rho=0.46831644594055288 accept=1
CLASSICAL_LM o=155 lambda=5.9089493340419784e-08 tau=5.9089493340419784e-08 prediction=5.6998568874579627 rho=0.46831644594055288 accept=1
  MFCG it 156 cost=2.463300e+05 lam=5.909e-08 tau=0.00e+00 cg_it=0 shift=0 ckpt=1 alpha=0 acc mv=403
PCG_PREP o=156 rebuild=1 drift=0 previous_depth=1
POINT_SAFE o=156 frozen=871 slope=-23.624400349189777 candidate=246365.66901622651 original=246327.32258622209 current=246329.99345641118 won=0 mode=1 camera_scale=1 keep_scale=0
ATTR_RADIUS o=156 raw_norm=9309.4543754776987 norm=806.33814740741764 radius=3225.3525896296692 next_radius=3225.3525896296692 lambda=5.9089493340419784e-08 next_lambda=5.9089493340419784e-08 rho=0.47402435514952446 accept=1
CLASSICAL_LM o=156 lambda=5.9089493340419784e-08 tau=5.9089493340419784e-08 prediction=5.6344577236898274 rho=0.47402435514952446 accept=1
  MFCG it 157 cost=2.463273e+05 lam=5.909e-08 tau=0.00e+00 cg_it=0 shift=0 ckpt=1 alpha=0 acc mv=405
PCG_PREP o=157 rebuild=1 drift=0 previous_depth=1
POINT_SAFE o=157 frozen=867 slope=-23.316714726179296 candidate=246362.05789289888 original=246324.6475105836 current=246327.32258622209 won=0 mode=1 camera_scale=1 keep_scale=0
ATTR_RADIUS o=157 raw_norm=9209.0812169019464 norm=806.33814740741707 radius=3225.3525896296692 next_radius=3225.3525896296692 lambda=5.9089493340419784e-08 next_lambda=5.9089493340419784e-08 rho=0.48125420572131711 accept=1
CLASSICAL_LM o=157 lambda=5.9089493340419784e-08 tau=5.9089493340419784e-08 prediction=5.558550152256494 rho=0.48125420572131711 accept=1
  MFCG it 158 cost=2.463246e+05 lam=5.909e-08 tau=0.00e+00 cg_it=0 shift=0 ckpt=1 alpha=0 acc mv=407
PCG_PREP o=158 rebuild=1 drift=0 previous_depth=1
POINT_SAFE o=158 frozen=876 slope=-23.048739232205282 candidate=246358.84453439486 original=246321.97644196602 current=246324.6475105836 won=0 mode=1 camera_scale=1 keep_scale=0
ATTR_RADIUS o=158 raw_norm=9089.923939054579 norm=806.3381474074173 radius=3225.3525896296692 next_radius=3225.3525896296692 lambda=5.9089493340419784e-08 next_lambda=5.9089493340419784e-08 rho=0.48643268377223414 accept=1
CLASSICAL_LM o=158 lambda=5.9089493340419784e-08 tau=5.9089493340419784e-08 prediction=5.4911372255364075 rho=0.48643268377223414 accept=1
  MFCG it 159 cost=2.463220e+05 lam=5.909e-08 tau=0.00e+00 cg_it=0 shift=0 ckpt=1 alpha=0 acc mv=409
PCG_PREP o=159 rebuild=1 drift=0 previous_depth=1
POINT_SAFE o=159 frozen=875 slope=-22.752487580935743 candidate=246355.43618166307 original=246319.30674717668 current=246321.97644196602 won=0 mode=1 camera_scale=1 keep_scale=0
ATTR_RADIUS o=159 raw_norm=8990.8091010508888 norm=806.33814740741764 radius=3225.3525896296692 next_radius=3225.3525896296692 lambda=5.9089493340419784e-08 next_lambda=5.9089493340419784e-08 rho=0.49275306035866784 accept=1
CLASSICAL_LM o=159 lambda=5.9089493340419784e-08 tau=5.9089493340419784e-08 prediction=5.4179162020684979 rho=0.49275306035866784 accept=1
  MFCG it 160 cost=2.463193e+05 lam=5.909e-08 tau=0.00e+00 cg_it=0 shift=0 ckpt=1 alpha=0 acc mv=411
PCG_PREP o=160 rebuild=1 drift=0 previous_depth=1
POINT_SAFE o=160 frozen=866 slope=-22.457503312604157 candidate=246352.08495337435 original=246316.64028721565 current=246319.30674717668 won=0 mode=1 camera_scale=1 keep_scale=0
ATTR_RADIUS o=160 raw_norm=8895.1363089790902 norm=806.33814740741718 radius=3225.3525896296692 next_radius=3225.3525896296692 lambda=5.9089493340419784e-08 next_lambda=5.9089493340419784e-08 rho=0.49886250445973673 accept=1
CLASSICAL_LM o=160 lambda=5.9089493340419784e-08 tau=5.9089493340419784e-08 prediction=5.3450799312435144 rho=0.49886250445973673 accept=1
  MFCG it 161 cost=2.463166e+05 lam=5.909e-08 tau=0.00e+00 cg_it=0 shift=0 ckpt=1 alpha=0 acc mv=413
PCG_PREP o=161 rebuild=1 drift=0 previous_depth=1
POINT_SAFE o=161 frozen=854 slope=-22.147938529955734 candidate=246348.663806778 original=246313.97685719529 current=246316.64028721565 won=0 mode=1 camera_scale=1 keep_scale=0
ATTR_RADIUS o=161 raw_norm=8812.146958842719 norm=806.33814740741741 radius=3225.3525896296692 next_radius=3225.3525896296692 lambda=5.9089493340419784e-08 next_lambda=5.9089493340419784e-08 rho=0.50544070583976275 accept=1
CLASSICAL_LM o=161 lambda=5.9089493340419784e-08 tau=5.9089493340419784e-08 prediction=5.2695202218299757 rho=0.50544070583976275 accept=1
  MFCG it 162 cost=2.463140e+05 lam=5.909e-08 tau=0.00e+00 cg_it=0 shift=0 ckpt=1 alpha=0 acc mv=415
PCG_PREP o=162 rebuild=1 drift=0 previous_depth=1
ATTR_RADIUS o=162 raw_norm=8743.564403924709 norm=3225.3525896296687 radius=3225.3525896296692 next_radius=3225.3525896296692 lambda=5.9089493340419784e-08 next_lambda=5.9089493340419784e-08 rho=0.6190942078528342 accept=1
CLASSICAL_LM o=162 lambda=5.9089493340419784e-08 tau=5.9089493340419784e-08 prediction=65.592826846523963 rho=0.6190942078528342 accept=1
  MFCG it 163 cost=2.462734e+05 lam=5.909e-08 tau=0.00e+00 cg_it=1 shift=0 ckpt=2 alpha=0 acc mv=418
PCG_PREP o=163 rebuild=1 drift=0 previous_depth=2
POINT_SAFE o=163 frozen=82 slope=-40.886358413457295 candidate=246305.39744124713 original=246270.71981713522 current=246273.36871801791 won=0 mode=1 camera_scale=1 keep_scale=0
ATTR_RADIUS o=163 raw_norm=7394.3087175500214 norm=1612.6762948148353 radius=3225.3525896296692 next_radius=806.3381474074173 lambda=5.9089493340419784e-08 next_lambda=9.4543189344671655e-07 rho=0.14901703371858691 accept=1
CLASSICAL_LM o=163 lambda=5.9089493340419784e-08 tau=5.9089493340419784e-08 prediction=17.77582613604136 rho=0.14901703371858691 accept=1
  MFCG it 164 cost=2.462707e+05 lam=9.454e-07 tau=0.00e+00 cg_it=0 shift=0 ckpt=1 alpha=0 acc mv=420
PCG_PREP o=164 rebuild=1 drift=0 previous_depth=1
ATTR_RADIUS o=164 raw_norm=535.89669798668899 norm=535.89669798668899 radius=806.3381474074173 next_radius=806.3381474074173 lambda=9.4543189344671655e-07 next_lambda=9.4543189344671655e-08 rho=1.0122668140372759 accept=1
CLASSICAL_LM o=164 lambda=9.4543189344671655e-07 tau=9.4543189344671655e-07 prediction=41.47160526897698 rho=1.0122668140372759 accept=1
  MFCG it 165 cost=2.462287e+05 lam=9.454e-08 tau=0.00e+00 cg_it=0 shift=0 ckpt=1 alpha=0 acc mv=422
PCG_PREP o=165 rebuild=1 drift=0 previous_depth=1
ATTR_RADIUS o=165 raw_norm=4624.5954313423872 norm=806.3381474074173 radius=806.3381474074173 next_radius=1612.6762948148346 lambda=9.4543189344671655e-08 next_lambda=5.9089493340419784e-08 rho=1.0044132426905499 accept=1
CLASSICAL_LM o=165 lambda=9.4543189344671655e-08 tau=9.4543189344671655e-08 prediction=39.59341359623965 rho=1.0044132426905499 accept=1
  MFCG it 166 cost=2.461890e+05 lam=5.909e-08 tau=0.00e+00 cg_it=38 shift=0 ckpt=39 alpha=0 acc mv=462
PCG_PREP o=166 rebuild=1 drift=0 previous_depth=39
ATTR_RADIUS o=166 raw_norm=6288.1230236980555 norm=1612.6762948148353 radius=1612.6762948148346 next_radius=3225.3525896296692 lambda=5.9089493340419784e-08 next_lambda=5.9089493340419784e-08 rho=0.99017392643629487 accept=1
CLASSICAL_LM o=166 lambda=5.9089493340419784e-08 tau=5.9089493340419784e-08 prediction=33.209134656253433 rho=0.99017392643629487 accept=1
  MFCG it 167 cost=2.461561e+05 lam=5.909e-08 tau=0.00e+00 cg_it=5 shift=0 ckpt=6 alpha=0 acc mv=469
PCG_PREP o=167 rebuild=1 drift=0 previous_depth=6
POINT_SAFE o=167 frozen=175 slope=-33.951748219406824 candidate=246160.7016730677 original=246144.79393474464 current=246156.08851920106 won=0 mode=1 camera_scale=1 keep_scale=0
ATTR_RADIUS o=167 raw_norm=7050.3550792439164 norm=1612.6762948148341 radius=3225.3525896296692 next_radius=3225.3525896296692 lambda=5.9089493340419784e-08 next_lambda=5.9089493340419784e-08 rho=0.75806180942281465 accept=1
CLASSICAL_LM o=167 lambda=5.9089493340419784e-08 tau=5.9089493340419784e-08 prediction=14.899292268823588 rho=0.75806180942281465 accept=1
  MFCG it 168 cost=2.461448e+05 lam=5.909e-08 tau=0.00e+00 cg_it=2 shift=0 ckpt=3 alpha=0 acc mv=473
PCG_PREP o=168 rebuild=1 drift=0 previous_depth=3
POINT_SAFE o=168 frozen=61 slope=-15.52978599024954 candidate=246172.90539941975 original=246142.84096741746 current=246144.79393474464 won=0 mode=1 camera_scale=1 keep_scale=0
ATTR_RADIUS o=168 raw_norm=7788.7088400967923 norm=806.33814740741695 radius=3225.3525896296692 next_radius=3225.3525896296692 lambda=5.9089493340419784e-08 next_lambda=5.9089493340419784e-08 rho=0.54526626529249056 accept=1
CLASSICAL_LM o=168 lambda=5.9089493340419784e-08 tau=5.9089493340419784e-08 prediction=3.5816764239537591 rho=0.54526626529249056 accept=1
  MFCG it 169 cost=2.461428e+05 lam=5.909e-08 tau=0.00e+00 cg_it=0 shift=0 ckpt=1 alpha=0 acc mv=475
PCG_PREP o=169 rebuild=1 drift=0 previous_depth=1
POINT_SAFE o=169 frozen=77 slope=-14.957779994140946 candidate=246171.97986673735 original=246141.03608914764 current=246142.84096741746 won=0 mode=1 camera_scale=1 keep_scale=0
ATTR_RADIUS o=169 raw_norm=7672.6636633839626 norm=806.33814740741741 radius=3225.3525896296692 next_radius=3225.3525896296692 lambda=5.9089493340419784e-08 next_lambda=5.9089493340419784e-08 rho=0.52012151469571888 accept=1
CLASSICAL_LM o=169 lambda=5.9089493340419784e-08 tau=5.9089493340419784e-08 prediction=3.4701088473005588 rho=0.52012151469571888 accept=1
  MFCG it 170 cost=2.461410e+05 lam=5.909e-08 tau=0.00e+00 cg_it=0 shift=0 ckpt=1 alpha=0 acc mv=477
PCG_PREP o=170 rebuild=1 drift=0 previous_depth=1
POINT_SAFE o=170 frozen=100 slope=-14.920158109913713 candidate=246170.47142854286 original=246139.25493553135 current=246141.03608914764 won=0 mode=1 camera_scale=1 keep_scale=0
ATTR_RADIUS o=170 raw_norm=7577.5003323968376 norm=806.33814740741741 radius=3225.3525896296692 next_radius=3225.3525896296692 lambda=5.9089493340419784e-08 next_lambda=5.9089493340419784e-08 rho=0.51266734243126044 accept=1
CLASSICAL_LM o=170 lambda=5.9089493340419784e-08 tau=5.9089493340419784e-08 prediction=3.4742872597361214 rho=0.51266734243126044 accept=1
  MFCG it 171 cost=2.461393e+05 lam=5.909e-08 tau=0.00e+00 cg_it=0 shift=0 ckpt=1 alpha=0 acc mv=479
PCG_PREP o=171 rebuild=1 drift=0 previous_depth=1
POINT_SAFE o=171 frozen=115 slope=-15.11776937567001 candidate=246168.52910897575 original=246137.43622595133 current=246139.25493553135 won=0 mode=1 camera_scale=1 keep_scale=0
ATTR_RADIUS o=171 raw_norm=7487.8992160110101 norm=806.33814740741775 radius=3225.3525896296692 next_radius=3225.3525896296692 lambda=5.9089493340419784e-08 next_lambda=5.9089493340419784e-08 rho=0.51542019659697391 accept=1
CLASSICAL_LM o=171 lambda=5.9089493340419784e-08 tau=5.9089493340419784e-08 prediction=3.5285958758153244 rho=0.51542019659697391 accept=1
  MFCG it 172 cost=2.461374e+05 lam=5.909e-08 tau=0.00e+00 cg_it=0 shift=0 ckpt=1 alpha=0 acc mv=481
PCG_PREP o=172 rebuild=1 drift=0 previous_depth=1
POINT_SAFE o=172 frozen=130 slope=-15.329916388896056 candidate=246165.22528804053 original=246135.53574753684 current=246137.43622595133 won=0 mode=1 camera_scale=1 keep_scale=0
ATTR_RADIUS o=172 raw_norm=7461.0917492355256 norm=806.3381474074173 radius=3225.3525896296692 next_radius=3225.3525896296692 lambda=5.9089493340419784e-08 next_lambda=5.9089493340419784e-08 rho=0.5301963242920158 accept=1
CLASSICAL_LM o=172 lambda=5.9089493340419784e-08 tau=5.9089493340419784e-08 prediction=3.5844805545010847 rho=0.5301963242920158 accept=1
  MFCG it 173 cost=2.461355e+05 lam=5.909e-08 tau=0.00e+00 cg_it=0 shift=0 ckpt=1 alpha=0 acc mv=483
PCG_PREP o=173 rebuild=1 drift=0 previous_depth=1
POINT_SAFE o=173 frozen=153 slope=-15.710278591745498 candidate=246163.49489437361 original=246133.56157315563 current=246135.53574753684 won=0 mode=1 camera_scale=1 keep_scale=0
ATTR_RADIUS o=173 raw_norm=7336.7934692717718 norm=806.33814740741661 radius=3225.3525896296692 next_radius=3225.3525896296692 lambda=5.9089493340419784e-08 next_lambda=5.9089493340419784e-08 rho=0.53703824774247633 accept=1
CLASSICAL_LM o=173 lambda=5.9089493340419784e-08 tau=5.9089493340419784e-08 prediction=3.676040560431955 rho=0.53703824774247633 accept=1
  MFCG it 174 cost=2.461336e+05 lam=5.909e-08 tau=0.00e+00 cg_it=0 shift=0 ckpt=1 alpha=0 acc mv=485
PCG_PREP o=174 rebuild=1 drift=0 previous_depth=1
POINT_SAFE o=174 frozen=171 slope=-16.004489674926845 candidate=246160.11039321829 original=246133.40238092901 current=246133.56157315563 won=0 mode=1 camera_scale=1 keep_scale=0
ATTR_RADIUS o=174 raw_norm=7300.9791836735458 norm=3225.3525896296678 radius=3225.3525896296692 next_radius=806.3381474074173 lambda=5.9089493340419784e-08 next_lambda=9.4543189344671655e-07 rho=0.022781214755352608 accept=0
CLASSICAL_LM o=174 lambda=5.9089493340419784e-08 tau=5.9089493340419784e-08 prediction=6.9878726105250584 rho=0.022781214755352608 accept=0
  MFCG it 175  retry 1/8  lam=9.454e-07 tau_eff=5.909e-08  (assembly reused)
PCG_PREP o=174 rebuild=1 drift=0 previous_depth=1
ATTR_RADIUS o=174 raw_norm=774.53748792911597 norm=774.53748792911597 radius=806.3381474074173 next_radius=1612.6762948148346 lambda=9.4543189344671655e-07 next_lambda=2.3635797336167914e-07 rho=1.2288224252729862 accept=1
CLASSICAL_LM o=174 lambda=9.4543189344671655e-07 tau=9.4543189344671655e-07 prediction=29.243763585659789 rho=1.2288224252729862 accept=1
  MFCG it 175 cost=2.460976e+05 lam=2.364e-07 tau=0.00e+00 cg_it=1 shift=0 ckpt=2 alpha=0 acc mv=490
PCG_PREP o=175 rebuild=1 drift=0 previous_depth=2
ATTR_RADIUS o=175 raw_norm=2079.5213309586024 norm=1612.6762948148344 radius=1612.6762948148346 next_radius=3225.3525896296692 lambda=2.3635797336167914e-07 next_lambda=5.9089493340419784e-08 rho=0.90930374143170412 accept=1
CLASSICAL_LM o=175 lambda=2.3635797336167914e-07 tau=2.3635797336167914e-07 prediction=43.499890135565991 rho=0.90930374143170412 accept=1
  MFCG it 176 cost=2.460581e+05 lam=5.909e-08 tau=0.00e+00 cg_it=34 shift=0 ckpt=35 alpha=0 acc mv=526
PCG_PREP o=176 rebuild=1 drift=0 previous_depth=35
POINT_SAFE o=176 frozen=282 slope=-15.331036420349403 candidate=246085.35290801161 original=246057.21877547621 current=246058.07156781005 won=0 mode=1 camera_scale=1 keep_scale=0
ATTR_RADIUS o=176 raw_norm=6923.0252892043745 norm=1612.6762948148348 radius=3225.3525896296692 next_radius=806.3381474074173 lambda=5.9089493340419784e-08 next_lambda=9.4543189344671655e-07 rho=0.13789971236666376 accept=1
CLASSICAL_LM o=176 lambda=5.9089493340419784e-08 tau=5.9089493340419784e-08 prediction=6.1841487498764467 rho=0.13789971236666376 accept=1
  MFCG it 177 cost=2.460572e+05 lam=9.454e-07 tau=0.00e+00 cg_it=0 shift=0 ckpt=1 alpha=0 acc mv=528
PCG_PREP o=177 rebuild=1 drift=0 previous_depth=1
ATTR_RADIUS o=177 raw_norm=368.30255890147788 norm=368.30255890147788 radius=806.3381474074173 next_radius=806.3381474074173 lambda=9.4543189344671655e-07 next_lambda=9.4543189344671655e-08 rho=0.98783585474557345 accept=1
CLASSICAL_LM o=177 lambda=9.4543189344671655e-07 tau=9.4543189344671655e-07 prediction=8.0000358944417478 rho=0.98783585474557345 accept=1
  MFCG it 178 cost=2.460493e+05 lam=9.454e-08 tau=0.00e+00 cg_it=0 shift=0 ckpt=1 alpha=0 acc mv=530
PCG_PREP o=178 rebuild=1 drift=0 previous_depth=1
ATTR_RADIUS o=178 raw_norm=2546.8049990914619 norm=806.33814740741741 radius=806.3381474074173 next_radius=806.3381474074173 lambda=9.4543189344671655e-08 next_lambda=9.4543189344671655e-08 rho=0.47992979734336 accept=1
CLASSICAL_LM o=178 lambda=9.4543189344671655e-08 tau=9.4543189344671655e-08 prediction=5.8301999878345327 rho=0.47992979734336 accept=1
  MFCG it 179 cost=2.460465e+05 lam=9.454e-08 tau=0.00e+00 cg_it=34 shift=0 ckpt=35 alpha=0 acc mv=566
PCG_PREP o=179 rebuild=1 drift=0 previous_depth=35
ATTR_RADIUS o=179 raw_norm=3716.3904600847895 norm=806.33814740741741 radius=806.3381474074173 next_radius=806.3381474074173 lambda=9.4543189344671655e-08 next_lambda=9.4543189344671655e-08 rho=0.64794187783498569 accept=1
CLASSICAL_LM o=179 lambda=9.4543189344671655e-08 tau=9.4543189344671655e-08 prediction=2.1878316506631719 rho=0.64794187783498569 accept=1
  MFCG it 180 cost=2.460451e+05 lam=9.454e-08 tau=0.00e+00 cg_it=0 shift=0 ckpt=1 alpha=0 acc mv=568
PCG_PREP o=180 rebuild=1 drift=0 previous_depth=1
ATTR_RADIUS o=180 raw_norm=3372.9690633436971 norm=806.3381474074173 radius=806.3381474074173 next_radius=806.3381474074173 lambda=9.4543189344671655e-08 next_lambda=9.4543189344671655e-08 rho=0.56817077404489835 accept=1
CLASSICAL_LM o=180 lambda=9.4543189344671655e-08 tau=9.4543189344671655e-08 prediction=1.0007911210391263 rho=0.56817077404489835 accept=1
  MFCG it 181 cost=2.460445e+05 lam=9.454e-08 tau=0.00e+00 cg_it=0 shift=0 ckpt=1 alpha=0 acc mv=570
PCG_PREP o=181 rebuild=1 drift=0 previous_depth=1
ATTR_RADIUS o=181 raw_norm=3027.1707337337043 norm=806.33814740741775 radius=806.3381474074173 next_radius=806.3381474074173 lambda=9.4543189344671655e-08 next_lambda=9.4543189344671655e-08 rho=0.36401668019955846 accept=1
CLASSICAL_LM o=181 lambda=9.4543189344671655e-08 tau=9.4543189344671655e-08 prediction=0.82558082475956329 rho=0.36401668019955846 accept=1
  MFCG it 182 cost=2.460442e+05 lam=9.454e-08 tau=0.00e+00 cg_it=0 shift=0 ckpt=1 alpha=0 acc mv=572
PCG_PREP o=182 rebuild=1 drift=0 previous_depth=1
ATTR_RADIUS o=182 raw_norm=2843.4423548850309 norm=806.33814740741718 radius=806.3381474074173 next_radius=201.58453685185432 lambda=9.4543189344671655e-08 next_lambda=1.5126910295147465e-06 rho=0.23925200655665282 accept=1
CLASSICAL_LM o=182 lambda=9.4543189344671655e-08 tau=9.4543189344671655e-08 prediction=0.82770065720943198 rho=0.23925200655665282 accept=1
  MFCG it 183 cost=2.460440e+05 lam=1.513e-06 tau=0.00e+00 cg_it=0 shift=0 ckpt=1 alpha=0 acc mv=574
PCG_PREP o=183 rebuild=1 drift=0 previous_depth=1
ATTR_RADIUS o=183 raw_norm=189.40993874113582 norm=189.40993874113582 radius=201.58453685185432 next_radius=403.16907370370865 lambda=1.5126910295147465e-06 next_lambda=3.7817275737868662e-07 rho=1.0129393924422569 accept=1
CLASSICAL_LM o=183 lambda=1.5126910295147465e-06 tau=1.5126910295147465e-06 prediction=1.4074164901800328 rho=1.0129393924422569 accept=1
  MFCG it 184 cost=2.460426e+05 lam=3.782e-07 tau=0.00e+00 cg_it=0 shift=0 ckpt=1 alpha=0 acc mv=576
PCG_PREP o=184 rebuild=1 drift=0 previous_depth=1
ATTR_RADIUS o=184 raw_norm=711.75236813280799 norm=403.1690737037087 radius=403.16907370370865 next_radius=806.3381474074173 lambda=3.7817275737868662e-07 next_lambda=9.4543189344671655e-08 rho=1.0481125123171602 accept=1
CLASSICAL_LM o=184 lambda=3.7817275737868662e-07 tau=3.7817275737868662e-07 prediction=1.3570350801634428 rho=1.0481125123171602 accept=1
  MFCG it 185 cost=2.460412e+05 lam=9.454e-08 tau=0.00e+00 cg_it=74 shift=0 ckpt=75 alpha=0 acc mv=652
PCG_PREP o=185 rebuild=1 drift=0 previous_depth=75
ATTR_RADIUS o=185 raw_norm=2148.3752713367799 norm=806.3381474074173 radius=806.3381474074173 next_radius=806.3381474074173 lambda=9.4543189344671655e-08 next_lambda=9.4543189344671655e-08 rho=0.60714284337158142 accept=1
CLASSICAL_LM o=185 lambda=9.4543189344671655e-08 tau=9.4543189344671655e-08 prediction=0.37391017959782558 rho=0.60714284337158142 accept=1
  MFCG it 186 cost=2.460410e+05 lam=9.454e-08 tau=0.00e+00 cg_it=3 shift=0 ckpt=4 alpha=0 acc mv=657
PCG_PREP o=186 rebuild=1 drift=0 previous_depth=4
POINT_SAFE o=186 frozen=11 slope=-0.35176467328844396 candidate=246041.01038580207 original=246040.8731516666 current=246040.9582342924 won=0 mode=1 camera_scale=1 keep_scale=0
ATTR_RADIUS o=186 raw_norm=2327.8890152855483 norm=403.16907370370859 radius=806.3381474074173 next_radius=806.3381474074173 lambda=9.4543189344671655e-08 next_lambda=5.9089493340419784e-08 rho=0.52137408398447782 accept=1
CLASSICAL_LM o=186 lambda=9.4543189344671655e-08 tau=9.4543189344671655e-08 prediction=0.16318921175636047 rho=0.52137408398447782 accept=1
  MFCG: converged (OCA_FTOL: 8 outers < 1.0e-05 rel)
  [menu-backtrack] confirming stop with original retry policy at outer 187
  MFCG it 187 cost=2.460409e+05 lam=5.909e-08 tau=0.00e+00 cg_it=0 shift=0 ckpt=1 alpha=0 acc mv=659
PCG_PREP o=187 rebuild=1 drift=0 previous_depth=1
ATTR_RADIUS o=187 raw_norm=3507.2349038973202 norm=806.33814740741764 radius=806.3381474074173 next_radius=201.58453685185432 lambda=5.9089493340419784e-08 next_lambda=9.4543189344671655e-07 rho=-1 accept=0
CLASSICAL_LM o=187 lambda=5.9089493340419784e-08 tau=5.9089493340419784e-08 prediction=0.26491063954482263 rho=-1 accept=0
  MFCG it 188  retry 1/8  lam=9.454e-07 tau_eff=5.909e-08  (assembly reused)
PCG_PREP o=187 rebuild=1 drift=0 previous_depth=1
ATTR_RADIUS o=187 raw_norm=272.88019364129087 norm=201.58453685185438 radius=201.58453685185432 next_radius=403.16907370370865 lambda=9.4543189344671655e-07 next_lambda=2.3635797336167914e-07 rho=0.98982895038602403 accept=1
CLASSICAL_LM o=187 lambda=9.4543189344671655e-07 tau=9.4543189344671655e-07 prediction=0.26011553183768021 rho=0.98982895038602403 accept=1
  MFCG it 188 cost=2.460406e+05 lam=2.364e-07 tau=0.00e+00 cg_it=0 shift=0 ckpt=1 alpha=0 acc mv=663
PCG_PREP o=188 rebuild=1 drift=0 previous_depth=1
ATTR_RADIUS o=188 raw_norm=869.49205937095508 norm=403.16907370370848 radius=403.16907370370865 next_radius=806.3381474074173 lambda=2.3635797336167914e-07 next_lambda=5.9089493340419784e-08 rho=0.97510644404293767 accept=1
CLASSICAL_LM o=188 lambda=2.3635797336167914e-07 tau=2.3635797336167914e-07 prediction=0.28480070556261783 rho=0.97510644404293767 accept=1
  MFCG it 189 cost=2.460403e+05 lam=5.909e-08 tau=0.00e+00 cg_it=11 shift=0 ckpt=12 alpha=0 acc mv=676
PCG_PREP o=189 rebuild=1 drift=0 previous_depth=12
ATTR_RADIUS o=189 raw_norm=3271.0110314425838 norm=806.33814740741707 radius=806.3381474074173 next_radius=201.58453685185432 lambda=5.9089493340419784e-08 next_lambda=9.4543189344671655e-07 rho=-1 accept=0
CLASSICAL_LM o=189 lambda=5.9089493340419784e-08 tau=5.9089493340419784e-08 prediction=0.1847285734785423 rho=-1 accept=0
  MFCG it 190  retry 1/8  lam=9.454e-07 tau_eff=5.909e-08  (assembly reused)
PCG_PREP o=189 rebuild=1 drift=0 previous_depth=1
ATTR_RADIUS o=189 raw_norm=272.08627468069852 norm=201.5845368518543 radius=201.58453685185432 next_radius=403.16907370370865 lambda=9.4543189344671655e-07 next_lambda=2.3635797336167914e-07 rho=0.99042761229743104 accept=1
CLASSICAL_LM o=189 lambda=9.4543189344671655e-07 tau=9.4543189344671655e-07 prediction=0.084131853484581423 rho=0.99042761229743104 accept=1
  MFCG it 190 cost=2.460403e+05 lam=2.364e-07 tau=0.00e+00 cg_it=0 shift=0 ckpt=1 alpha=0 acc mv=680
PCG_PREP o=190 rebuild=1 drift=0 previous_depth=1
ATTR_RADIUS o=190 raw_norm=841.24913273081745 norm=403.16907370370859 radius=403.16907370370865 next_radius=806.3381474074173 lambda=2.3635797336167914e-07 next_lambda=5.9089493340419784e-08 rho=0.95565719271325589 accept=1
CLASSICAL_LM o=190 lambda=2.3635797336167914e-07 tau=2.3635797336167914e-07 prediction=0.17713270194092473 rho=0.95565719271325589 accept=1
  MFCG it 191 cost=2.460401e+05 lam=5.909e-08 tau=0.00e+00 cg_it=10 shift=0 ckpt=11 alpha=0 acc mv=692
PCG_PREP o=191 rebuild=1 drift=0 previous_depth=11
ATTR_RADIUS o=191 raw_norm=3165.7249703272428 norm=806.33814740741718 radius=806.3381474074173 next_radius=201.58453685185432 lambda=5.9089493340419784e-08 next_lambda=9.4543189344671655e-07 rho=-1 accept=0
CLASSICAL_LM o=191 lambda=5.9089493340419784e-08 tau=5.9089493340419784e-08 prediction=0.1745551345089606 rho=-1 accept=0
  MFCG it 192  retry 1/8  lam=9.454e-07 tau_eff=5.909e-08  (assembly reused)
PCG_PREP o=191 rebuild=1 drift=0 previous_depth=1
ATTR_RADIUS o=191 raw_norm=246.84322467965424 norm=201.58453685185427 radius=201.58453685185432 next_radius=403.16907370370865 lambda=9.4543189344671655e-07 next_lambda=2.3635797336167914e-07 rho=0.98109782689307234 accept=1
CLASSICAL_LM o=191 lambda=9.4543189344671655e-07 tau=9.4543189344671655e-07 prediction=0.065580504491761088 rho=0.98109782689307234 accept=1
  MFCG it 192 cost=2.460400e+05 lam=2.364e-07 tau=0.00e+00 cg_it=0 shift=0 ckpt=1 alpha=0 acc mv=696
PCG_PREP o=192 rebuild=1 drift=0 previous_depth=1
ATTR_RADIUS o=192 raw_norm=850.35401014107174 norm=403.16907370370842 radius=403.16907370370865 next_radius=806.3381474074173 lambda=2.3635797336167914e-07 next_lambda=5.9089493340419784e-08 rho=0.8073275785668238 accept=1
CLASSICAL_LM o=192 lambda=2.3635797336167914e-07 tau=2.3635797336167914e-07 prediction=0.085854472790117181 rho=0.8073275785668238 accept=1
  MFCG it 193 cost=2.460400e+05 lam=5.909e-08 tau=0.00e+00 cg_it=0 shift=0 ckpt=1 alpha=0 acc mv=698
PCG_PREP o=193 rebuild=1 drift=0 previous_depth=1
ATTR_RADIUS o=193 raw_norm=3104.6540130933172 norm=806.33814740741752 radius=806.3381474074173 next_radius=201.58453685185432 lambda=5.9089493340419784e-08 next_lambda=9.4543189344671655e-07 rho=-1 accept=0
CLASSICAL_LM o=193 lambda=5.9089493340419784e-08 tau=5.9089493340419784e-08 prediction=0.16986033026462621 rho=-1 accept=0
  MFCG it 194  retry 1/8  lam=9.454e-07 tau_eff=5.909e-08  (assembly reused)
PCG_PREP o=193 rebuild=1 drift=0 previous_depth=1
ATTR_RADIUS o=193 raw_norm=239.55915838736468 norm=201.58453685185435 radius=201.58453685185432 next_radius=403.16907370370865 lambda=9.4543189344671655e-07 next_lambda=2.3635797336167914e-07 rho=0.97322710902386711 accept=1
CLASSICAL_LM o=193 lambda=9.4543189344671655e-07 tau=9.4543189344671655e-07 prediction=0.062871216361208293 rho=0.97322710902386711 accept=1
  MFCG it 194 cost=2.460399e+05 lam=2.364e-07 tau=0.00e+00 cg_it=0 shift=0 ckpt=1 alpha=0 acc mv=702
PCG_PREP o=194 rebuild=1 drift=0 previous_depth=1
ATTR_RADIUS o=194 raw_norm=799.44052129617751 norm=403.16907370370876 radius=403.16907370370865 next_radius=806.3381474074173 lambda=2.3635797336167914e-07 next_lambda=5.9089493340419784e-08 rho=0.89945122483852713 accept=1
CLASSICAL_LM o=194 lambda=2.3635797336167914e-07 tau=2.3635797336167914e-07 prediction=0.10918555230754881 rho=0.89945122483852713 accept=1
  MFCG: converged (OCA_FTOL: 8 outers < 1.0e-05 rel)
  MFCG: accepts=195 rejects=9 total_matvecs=707 negcurv=1 cand_evals=204 mean_cg_per_outer=3.6
NUMERIC_REPAIR summary rebuilds=1 floor=5.9089493340419784e-08
  [retry-cache] builds=205 reuses=0
  [menu-backtrack] trials=116 rescues=116 evals=320 total_scored=524
POINT_SAFE summary calls=116 evals=116 wins=2 frozen=54220 seconds=0.279220625
  [scoring] menu_evals=204 alpha_evals=0 backtrack_evals=320 total_scored=524
RESULT algo=mfree_shifted_cg iters=195 final_cost=246039.7923175031 solve_seconds=2.418691
DIAGNOSTICS median_reproj_err_px 3.252455 -> 0.359649 | cheirality_violations(obs) 0 -> 15 | cheirality_violations(pts, of 64053) 0 -> 8
